partition,method,scene,frame,filename,iou
VF,FLMM+X2,1,0,1_000.png,0.6563089848946093
VF,FLMM+X2,1,1,1_001.png,0.658188127829596
VF,FLMM+X2,1,2,1_002.png,0.6846904555559742
VF,FLMM+X2,1,3,1_003.png,0.7159612837099566
VF,FLMM+X2,1,4,1_004.png,0.6755932857418484
VF,FLMM+X2,1,5,1_005.png,0.6669440485973143
VF,FLMM+X2,1,6,1_006.png,0.7547906150682371
VF,FLMM+X2,1,7,1_007.png,0.8423816771038647
VF,FLMM+X2,1,8,1_008.png,0.9681025699082985
VF,FLMM+X2,1,9,1_009.png,0.9662916467573085
VF,FLMM+X2,1,10,1_010.png,0.9167132867132867
VF,FLMM+X2,1,11,1_011.png,0.8250253954433319
VF,FLMM+X2,1,12,1_012.png,0.9340184898399737
VF,FLMM+X2,1,13,1_013.png,0.8658194057567317
VF,FLMM+X2,1,14,1_014.png,0.902590814609522
VF,FLMM+X2,1,15,1_015.png,0.9328436926202289
VF,FLMM+X2,1,16,1_016.png,0.8914242499315452
VF,FLMM+X2,1,17,1_017.png,0.655390625
VF,FLMM+X2,1,18,1_018.png,0.7398899062568127
VF,FLMM+X2,1,19,1_019.png,0.8707030603804797
VF,FLMM+X2,1,20,1_020.png,0.9708107201978082
VF,FLMM+X2,1,21,1_021.png,0.9711213392529836
VF,FLMM+X2,1,22,1_022.png,0.9717041180441701
VF,FLMM+X2,1,23,1_023.png,0.8981640998868877
VF,FLMM+X2,1,24,1_024.png,0.649609184171959
VF,FLMM+X2,1,25,1_025.png,0.6531709141422236
VF,FLMM+X2,1,26,1_026.png,0.6159173323881452
VF,FLMM+X2,1,27,1_027.png,0.6052418071905823
VF,FLMM+X2,1,28,1_028.png,0.6396275119351615
VF,FLMM+X2,1,29,1_029.png,0.7554314227678177
VF,FLMM+X2,1,30,1_030.png,0.6141067884275057
VF,FLMM+X2,1,31,1_031.png,0.9648656873322821
VF,FLMM+X2,1,32,1_032.png,0.9678084055829866
VF,FLMM+X2,1,33,1_033.png,0.8623714634288038
VF,FLMM+X2,1,34,1_034.png,0.813615333773959
VF,FLMM+X2,1,35,1_035.png,0.7674457000293513
VF,FLMM+X2,1,36,1_036.png,0.7080202593643903
VF,FLMM+X2,1,37,1_037.png,0.6134488553357147
VF,FLMM+X2,1,38,1_038.png,0.5872749465974977
VF,FLMM+X2,1,39,1_039.png,0.6147017666608361
VF,FLMM+X2,1,40,1_040.png,0.7557387172121245
VF,FLMM+X2,1,41,1_041.png,0.6094858073953376
VF,FLMM+X2,1,42,1_042.png,0.6037228506002359
VF,FLMM+X2,1,43,1_043.png,0.5893545028630921
VF,FLMM+X2,1,44,1_044.png,0.6073094867807154
VF,FLMM+X2,1,45,1_045.png,0.49145331944520587
VF,FLMM+X2,1,46,1_046.png,0.4733725377308056
VF,FLMM+X2,1,47,1_047.png,0.45720401579788356
VF,FLMM+X2,1,48,1_048.png,0.4225517869128288
VF,FLMM+X2,1,49,1_049.png,0.7312165945533214
VF,FLMM+X2,1,50,1_050.png,0.6389553886684376
VF,FLMM+X2,1,51,1_051.png,0.632446503419369
VF,FLMM+X2,1,52,1_052.png,0.9186137716943404
VF,FLMM+X2,1,53,1_053.png,0.8419993437602538
VF,FLMM+X2,1,54,1_054.png,0.4938924716349967
VF,FLMM+X2,1,55,1_055.png,0.42004776192517296
VF,FLMM+X2,1,56,1_056.png,0.5005080563216723
VF,FLMM+X2,1,57,1_057.png,0.40160403233913006
VF,FLMM+X2,1,58,1_058.png,0.4585970708889425
VF,FLMM+X2,1,59,1_059.png,0.9669604881957714
VF,FLMM+X2,1,60,1_060.png,0.9711554764326891
VF,FLMM+X2,1,61,1_061.png,0.9270204800704691
VF,FLMM+X2,1,62,1_062.png,0.9593557059212175
VF,FLMM+X2,1,63,1_063.png,0.9225693803199974
VF,FLMM+X2,1,64,1_064.png,0.8713771547641599
VF,FLMM+X2,1,65,1_065.png,0.6070410635868203
VF,FLMM+X2,1,66,1_066.png,0.6123594995963023
VF,FLMM+X2,1,67,1_067.png,0.6457559816731716
VF,FLMM+X2,1,68,1_068.png,0.611578183827847
VF,FLMM+X2,1,69,1_069.png,0.6415701668302257
VF,FLMM+X2,1,70,1_070.png,0.6401416619797525
VF,FLMM+X2,1,71,1_071.png,0.585996687691603
VF,FLMM+X2,1,72,1_072.png,0.5525982947979509
VF,FLMM+X2,1,73,1_073.png,0.5676285253588422
VF,FLMM+X2,1,74,1_074.png,0.5842506259172926
VF,FLMM+X2,1,75,1_075.png,0.7165657413513999
VF,FLMM+X2,1,76,1_076.png,0.8786036067448639
VF,FLMM+X2,1,77,1_077.png,0.7353225298759375
VF,FLMM+X2,1,78,1_078.png,0.6993579853680386
VF,FLMM+X2,1,79,1_079.png,0.7127890213168697
VF,FLMM+X2,1,80,1_080.png,0.7497940974605354
VF,FLMM+X2,1,81,1_081.png,0.5502999519064454
VF,FLMM+X2,1,82,1_082.png,0.6148291055087729
VF,FLMM+X2,1,83,1_083.png,0.630055703560184
VF,FLMM+X2,1,84,1_084.png,0.5921391943563447
VF,FLMM+X2,1,85,1_085.png,0.5083060109289618
VF,FLMM+X2,1,86,1_086.png,0.5130529797413029
VF,FLMM+X2,1,87,1_087.png,0.46405903610798993
VF,FLMM+X2,1,88,1_088.png,0.38782666027331575
VF,FLMM+X2,1,89,1_089.png,0.30366608263656325
VF,FLMM+X2,1,90,1_090.png,0.2804075140435299
VF,FLMM+X2,1,91,1_091.png,0.1920234436423415
VF,FLMM+X2,1,92,1_092.png,0.18507191602451956
VF,FLMM+X2,1,93,1_093.png,0.15883555188444473
VF,FLMM+X2,1,94,1_094.png,0.15198154231784433
VF,FLMM+X2,1,95,1_095.png,0.1596917203727269
VF,FLMM+X2,1,96,1_096.png,0.18798610183081652
VF,FLMM+X2,1,97,1_097.png,0.1866705710102489
VF,FLMM+X2,1,98,1_098.png,0.16717675886463965
VF,FLMM+X2,1,99,1_099.png,0.17669111152194902
VF,FLMM+X2,1,100,1_100.png,0.2020874008725625
VF,FLMM+X2,1,101,1_101.png,0.19723535992379518
VF,FLMM+X2,1,102,1_102.png,0.1923196334321839
VF,FLMM+X2,1,103,1_103.png,0.1980944905923649
VF,FLMM+X2,1,104,1_104.png,0.2159430642643596
VF,FLMM+X2,1,105,1_105.png,0.2328372333103923
VF,FLMM+X2,1,106,1_106.png,0.2763964380710073
VF,FLMM+X2,1,107,1_107.png,0.2954052181944124
VF,FLMM+X2,1,108,1_108.png,0.3338126949711277
VF,FLMM+X2,1,109,1_109.png,0.38311223103337533
VF,FLMM+X2,1,110,1_110.png,0.420437100510788
VF,FLMM+X2,1,111,1_111.png,0.45257018330983206
VF,FLMM+X2,1,112,1_112.png,0.49966076779555607
VF,FLMM+X2,1,113,1_113.png,0.5153393510054844
VF,FLMM+X2,1,114,1_114.png,0.5445306944773644
VF,FLMM+X2,1,115,1_115.png,0.5812076801780911
VF,FLMM+X2,1,116,1_116.png,0.5957153427053206
VF,FLMM+X2,1,117,1_117.png,0.5784232619419677
VF,FLMM+X2,1,118,1_118.png,0.4461573710395391
VF,FLMM+X2,1,119,1_119.png,0.34553794599939575
VF,FLMM+X2,1,120,1_120.png,0.3113533408833522
VF,FLMM+X2,1,121,1_121.png,0.28895184135977336
VF,FLMM+X2,1,122,1_122.png,0.23046292794696682
VF,FLMM+X2,1,123,1_123.png,0.1718924111431316
VF,FLMM+X2,1,124,1_124.png,0.15864210828665806
VF,FLMM+X2,1,125,1_125.png,0.15398689131046683
VF,FLMM+X2,1,126,1_126.png,0.16064505485440897
VF,FLMM+X2,1,127,1_127.png,0.14667982570481547
VF,FLMM+X2,1,128,1_128.png,0.15937390298800255
VF,FLMM+X2,1,129,1_129.png,0.16479627746930475
VF,FLMM+X2,1,130,1_130.png,0.17096269292493016
VF,FLMM+X2,1,131,1_131.png,0.17750940407840032
VF,FLMM+X2,1,132,1_132.png,0.18481640198302662
VF,FLMM+X2,1,133,1_133.png,0.188880678282514
VF,FLMM+X2,1,134,1_134.png,0.1929415979935507
VF,FLMM+X2,1,135,1_135.png,0.2148828883892515
VF,FLMM+X2,1,136,1_136.png,0.2208802009391722
VF,FLMM+X2,1,137,1_137.png,0.21580914925340883
VF,FLMM+X2,1,138,1_138.png,0.230136919672171
VF,FLMM+X2,1,139,1_139.png,0.2209627462789297
VF,FLMM+X2,1,140,1_140.png,0.22819336299592138
VF,FLMM+X2,1,141,1_141.png,0.25423990529376944
VF,FLMM+X2,1,142,1_142.png,0.3180163337597166
VF,FLMM+X2,1,143,1_143.png,0.31743769641160563
VF,FLMM+X2,1,144,1_144.png,0.3287808724952504
VF,FLMM+X2,1,145,1_145.png,0.39426073582385557
VF,FLMM+X2,1,146,1_146.png,0.36569082351370297
VF,FLMM+X2,1,147,1_147.png,0.43204928982306917
VF,FLMM+X2,1,148,1_148.png,0.3895897842720782
VF,FLMM+X2,1,149,1_149.png,0.3641545644639225
VF,FLMM+X2,1,150,1_150.png,0.30521581569921696
VF,FLMM+X2,1,151,1_151.png,0.17725893722828637
VF,FLMM+X2,1,152,1_152.png,0.17284803315289846
VF,FLMM+X2,1,153,1_153.png,0.16499384351330174
VF,FLMM+X2,1,154,1_154.png,0.17399450956468693
VF,FLMM+X2,1,155,1_155.png,0.17849715164119723
VF,FLMM+X2,1,156,1_156.png,0.1925716816118676
VF,FLMM+X2,1,157,1_157.png,0.21688395606066366
VF,FLMM+X2,1,158,1_158.png,0.22310129947468044
VF,FLMM+X2,1,159,1_159.png,0.24067138021511406
VF,FLMM+X2,1,160,1_160.png,0.3321740007056807
VF,FLMM+X2,1,161,1_161.png,0.4254417401601795
VF,FLMM+X2,1,162,1_162.png,0.3509471303364433
VF,FLMM+X2,1,163,1_163.png,0.2293100471151237
VF,FLMM+X2,1,164,1_164.png,0.18719477778595794
VF,FLMM+X2,1,165,1_165.png,0.16032136004160466
VF,FLMM+X2,1,166,1_166.png,0.17974746665241936
VF,FLMM+X2,1,167,1_167.png,0.17774395673785276
VF,FLMM+X2,1,168,1_168.png,0.22195983226660781
VF,FLMM+X2,1,169,1_169.png,0.23763723590737154
VF,FLMM+X2,1,170,1_170.png,0.30317203843864277
VF,FLMM+X2,1,171,1_171.png,0.446000315556958
VF,FLMM+X2,10,0,10_000.png,0.9449610644893022
VF,FLMM+X2,10,1,10_001.png,0.9450077103342763
VF,FLMM+X2,10,2,10_002.png,0.9380022819724179
VF,FLMM+X2,10,3,10_003.png,0.9469523138787287
VF,FLMM+X2,10,4,10_004.png,0.9413068238090522
VF,FLMM+X2,10,5,10_005.png,0.9468434910273366
VF,FLMM+X2,10,6,10_006.png,0.9364744684610401
VF,FLMM+X2,10,7,10_007.png,0.9232733929784156
VF,FLMM+X2,10,8,10_008.png,0.9491722463394894
VF,FLMM+X2,10,9,10_009.png,0.943427876483498
VF,FLMM+X2,10,10,10_010.png,0.9341648680554727
VF,FLMM+X2,10,11,10_011.png,0.9489981553336302
VF,FLMM+X2,10,12,10_012.png,0.9377503696308747
VF,FLMM+X2,10,13,10_013.png,0.9343611865580231
VF,FLMM+X2,10,14,10_014.png,0.9306952711099483
VF,FLMM+X2,10,15,10_015.png,0.9486374916483726
VF,FLMM+X2,10,16,10_016.png,0.9265539551239534
VF,FLMM+X2,10,17,10_017.png,0.9484646480871683
VF,FLMM+X2,10,18,10_018.png,0.9300810675084296
VF,FLMM+X2,10,19,10_019.png,0.9385661216547472
VF,FLMM+X2,10,20,10_020.png,0.9322781495490253
VF,FLMM+X2,10,21,10_021.png,0.933733845140482
VF,FLMM+X2,10,22,10_022.png,0.9471756037658616
VF,FLMM+X2,10,23,10_023.png,0.9255085700729494
VF,FLMM+X2,10,24,10_024.png,0.9177918602522642
VF,FLMM+X2,10,25,10_025.png,0.9149678377041068
VF,FLMM+X2,10,26,10_026.png,0.9359383702959889
VF,FLMM+X2,10,27,10_027.png,0.9424531081213787
VF,FLMM+X2,10,28,10_028.png,0.9468359471298807
VF,FLMM+X2,10,29,10_029.png,0.9385675145249985
VF,FLMM+X2,10,30,10_030.png,0.9620999288762446
VF,FLMM+X2,10,31,10_031.png,0.9598254589226602
VF,FLMM+X2,10,32,10_032.png,0.953782879643611
VF,FLMM+X2,10,33,10_033.png,0.9606083546694113
VF,FLMM+X2,10,34,10_034.png,0.9378550164936841
VF,FLMM+X2,10,35,10_035.png,0.9553767819223832
VF,FLMM+X2,10,36,10_036.png,0.9578201542241659
VF,FLMM+X2,10,37,10_037.png,0.9595579087063507
VF,FLMM+X2,10,38,10_038.png,0.9687720824047399
VF,FLMM+X2,10,39,10_039.png,0.9559307788322221
VF,FLMM+X2,10,40,10_040.png,0.9257420453169408
VF,FLMM+X2,10,41,10_041.png,0.9221348857173517
VF,FLMM+X2,10,42,10_042.png,0.9332208975976517
VF,FLMM+X2,10,43,10_043.png,0.9498375671979798
VF,FLMM+X2,10,44,10_044.png,0.948204132085467
VF,FLMM+X2,10,45,10_045.png,0.9327511595236246
VF,FLMM+X2,10,46,10_046.png,0.9413725238845698
VF,FLMM+X2,10,47,10_047.png,0.9604981070109018
VF,FLMM+X2,10,48,10_048.png,0.9251452113024616
VF,FLMM+X2,10,49,10_049.png,0.9289017341040462
VF,FLMM+X2,10,50,10_050.png,0.9340705344807995
VF,FLMM+X2,10,51,10_051.png,0.964458001316868
VF,FLMM+X2,10,52,10_052.png,0.9798567403524019
VF,FLMM+X2,10,53,10_053.png,0.9409246485728341
VF,FLMM+X2,10,54,10_054.png,0.9285113922900434
VF,FLMM+X2,10,55,10_055.png,0.956247016556541
VF,FLMM+X2,10,56,10_056.png,0.9490385942027167
VF,FLMM+X2,10,57,10_057.png,0.9602359351178426
VF,FLMM+X2,10,58,10_058.png,0.9437337584895238
VF,FLMM+X2,10,59,10_059.png,0.924586493648908
VF,FLMM+X2,10,60,10_060.png,0.9456666776943351
VF,FLMM+X2,10,61,10_061.png,0.9513633197333068
VF,FLMM+X2,10,62,10_062.png,0.9461937524274538
VF,FLMM+X2,10,63,10_063.png,0.9451967783734343
VF,FLMM+X2,10,64,10_064.png,0.9485267510984751
VF,FLMM+X2,10,65,10_065.png,0.9267453068343507
VF,FLMM+X2,10,66,10_066.png,0.9064095118745606
VF,FLMM+X2,10,67,10_067.png,0.9320040342364935
VF,FLMM+X2,10,68,10_068.png,0.9375457372850348
VF,FLMM+X2,10,69,10_069.png,0.9346036847844803
VF,FLMM+X2,10,70,10_070.png,0.9580086972277586
VF,FLMM+X2,10,71,10_071.png,0.9408575813983867
VF,FLMM+X2,10,72,10_072.png,0.9350836518578858
VF,FLMM+X2,10,73,10_073.png,0.9300679615554751
VF,FLMM+X2,10,74,10_074.png,0.9501954918785589
VF,FLMM+X2,10,75,10_075.png,0.9590131931392044
VF,FLMM+X2,10,76,10_076.png,0.9721966755228558
VF,FLMM+X2,10,77,10_077.png,0.9438928045852374
VF,FLMM+X2,10,78,10_078.png,0.9571182228533752
VF,FLMM+X2,10,79,10_079.png,0.9441640053569589
VF,FLMM+X2,10,80,10_080.png,0.9486507669913783
VF,FLMM+X2,10,81,10_081.png,0.9435427357989736
VF,FLMM+X2,10,82,10_082.png,0.9533416083233383
VF,FLMM+X2,10,83,10_083.png,0.9551301407089801
VF,FLMM+X2,10,84,10_084.png,0.9448715115544892
VF,FLMM+X2,10,85,10_085.png,0.9617467180865568
VF,FLMM+X2,10,86,10_086.png,0.9634087626384208
VF,FLMM+X2,10,87,10_087.png,0.9478613910751807
VF,FLMM+X2,10,88,10_088.png,0.9507096774193549
VF,FLMM+X2,10,89,10_089.png,0.9452544483271077
VF,FLMM+X2,10,90,10_090.png,0.9564694771185713
VF,FLMM+X2,10,91,10_091.png,0.9483881276714736
VF,FLMM+X2,10,92,10_092.png,0.9530552010210593
VF,FLMM+X2,10,93,10_093.png,0.952207223641007
VF,FLMM+X2,10,94,10_094.png,0.9459543353797337
VF,FLMM+X2,10,95,10_095.png,0.9538199011696115
VF,FLMM+X2,10,96,10_096.png,0.950903725562523
VF,FLMM+X2,10,97,10_097.png,0.9618540607613177
VF,FLMM+X2,10,98,10_098.png,0.9516536060565812
VF,FLMM+X2,10,99,10_099.png,0.9538103794524891
VF,FLMM+X2,10,100,10_100.png,0.9369743187170573
VF,FLMM+X2,10,101,10_101.png,0.9536405478844341
VF,FLMM+X2,10,102,10_102.png,0.9455635770843037
VF,FLMM+X2,10,103,10_103.png,0.9692519504359798
VF,FLMM+X2,10,104,10_104.png,0.9381231207469536
VF,FLMM+X2,10,105,10_105.png,0.9368990097115246
VF,FLMM+X2,10,106,10_106.png,0.9390944036743049
VF,FLMM+X2,10,107,10_107.png,0.9417681312863949
VF,FLMM+X2,10,108,10_108.png,0.948026197200024
VF,FLMM+X2,10,109,10_109.png,0.8932790758729325
VF,FLMM+X2,10,110,10_110.png,0.9104837321397831
VF,FLMM+X2,10,111,10_111.png,0.9248004910988337
VF,FLMM+X2,10,112,10_112.png,0.9515405757268913
VF,FLMM+X2,10,113,10_113.png,0.9458098904352976
VF,FLMM+X2,10,114,10_114.png,0.9580984199902555
VF,FLMM+X2,10,115,10_115.png,0.9637681159420289
VF,FLMM+X2,10,116,10_116.png,0.9520721736678883
VF,FLMM+X2,10,117,10_117.png,0.9556223868554243
VF,FLMM+X2,10,118,10_118.png,0.9386038050481316
VF,FLMM+X2,10,119,10_119.png,0.9440773111632204
VF,FLMM+X2,10,120,10_120.png,0.9476144732628883
VF,FLMM+X2,10,121,10_121.png,0.9560213463640456
VF,FLMM+X2,10,122,10_122.png,0.9414532148457919
VF,FLMM+X2,10,123,10_123.png,0.9346408584484264
VF,FLMM+X2,10,124,10_124.png,0.9506160522771487
VF,FLMM+X2,10,125,10_125.png,0.9496389760046677
VF,FLMM+X2,10,126,10_126.png,0.9550445869260815
VF,FLMM+X2,10,127,10_127.png,0.9685414323209599
VF,FLMM+X2,10,128,10_128.png,0.9629582605935566
VF,FLMM+X2,10,129,10_129.png,0.975911644292107
VF,FLMM+X2,10,130,10_130.png,0.9540020197413428
VF,FLMM+X2,10,131,10_131.png,0.9473090658480046
VF,FLMM+X2,10,132,10_132.png,0.9602659245516388
VF,FLMM+X2,10,133,10_133.png,0.9570137928817156
VF,FLMM+X2,10,134,10_134.png,0.9649772890270141
VF,FLMM+X2,10,135,10_135.png,0.9632243567427288
VF,FLMM+X2,10,136,10_136.png,0.9727794687327062
VF,FLMM+X2,10,137,10_137.png,0.9575138214106216
VF,FLMM+X2,10,138,10_138.png,0.9704511650966783
VF,FLMM+X2,10,139,10_139.png,0.9650974829281167
VF,FLMM+X2,10,140,10_140.png,0.950417179592395
VF,FLMM+X2,10,141,10_141.png,0.9571719464565878
VF,FLMM+X2,10,142,10_142.png,0.9644565153214855
VF,FLMM+X2,10,143,10_143.png,0.9626475204929946
VF,FLMM+X2,10,144,10_144.png,0.9539365241106482
VF,FLMM+X2,10,145,10_145.png,0.958756023332488
VF,FLMM+X2,10,146,10_146.png,0.9722751582959366
VF,FLMM+X2,10,147,10_147.png,0.9644400899083626
VF,FLMM+X2,10,148,10_148.png,0.9676923506889131
VF,FLMM+X2,10,149,10_149.png,0.9578242349512387
VF,FLMM+X2,10,150,10_150.png,0.9682073580483949
VF,FLMM+X2,10,151,10_151.png,0.9718017610598282
VF,FLMM+X2,10,152,10_152.png,0.94493700419972
VF,FLMM+X2,10,153,10_153.png,0.9456753035423707
VF,FLMM+X2,10,154,10_154.png,0.9547817373332498
VF,FLMM+X2,10,155,10_155.png,0.9540383497966298
VF,FLMM+X2,10,156,10_156.png,0.9568401920625017
VF,FLMM+X2,10,157,10_157.png,0.9347786259541985
VF,FLMM+X2,10,158,10_158.png,0.9557719146673755
VF,FLMM+X2,10,159,10_159.png,0.9531255930466467
VF,FLMM+X2,10,160,10_160.png,0.9446095076400679
VF,FLMM+X2,10,161,10_161.png,0.9469417300036193
VF,FLMM+X2,10,162,10_162.png,0.9408333972834011
VF,FLMM+X2,10,163,10_163.png,0.959081251373727
VF,FLMM+X2,10,164,10_164.png,0.9475951184493898
VF,FLMM+X2,10,165,10_165.png,0.9707103663057987
VF,FLMM+X2,10,166,10_166.png,0.9305086336336337
VF,FLMM+X2,10,167,10_167.png,0.9637419213495454
VF,FLMM+X2,10,168,10_168.png,0.9558598945760874
VF,FLMM+X2,10,169,10_169.png,0.9575405023377188
VF,FLMM+X2,10,170,10_170.png,0.9234724440894568
VF,FLMM+X2,10,171,10_171.png,0.9116258576194373
VF,FLMM+X2,10,172,10_172.png,0.9121381812445777
VF,FLMM+X2,10,173,10_173.png,0.9365868057263738
VF,FLMM+X2,10,174,10_174.png,0.9531552255973231
VF,FLMM+X2,10,175,10_175.png,0.9036916555769136
VF,FLMM+X2,10,176,10_176.png,0.9011029801675682
VF,FLMM+X2,10,177,10_177.png,0.9276523702031603
VF,FLMM+X2,10,178,10_178.png,0.9191929917706397
VF,FLMM+X2,10,179,10_179.png,0.9532327838185432
VF,FLMM+X2,10,180,10_180.png,0.9632978150898719
VF,FLMM+X2,10,181,10_181.png,0.961679713926742
VF,FLMM+X2,10,182,10_182.png,0.9499027793663503
VF,FLMM+X2,10,183,10_183.png,0.9426571162640119
VF,FLMM+X2,10,184,10_184.png,0.9494669993195736
VF,FLMM+X2,10,185,10_185.png,0.9572663924103769
VF,FLMM+X2,10,186,10_186.png,0.959602342137411
VF,FLMM+X2,10,187,10_187.png,0.9577154308617234
VF,FLMM+X2,10,188,10_188.png,0.9581750619322874
VF,FLMM+X2,10,189,10_189.png,0.9713472633712771
VF,FLMM+X2,10,190,10_190.png,0.9740971357409713
VF,FLMM+X2,10,191,10_191.png,0.9710461861441567
VF,FLMM+X2,10,192,10_192.png,0.9631647891013885
VF,FLMM+X2,10,193,10_193.png,0.9631390503022833
VF,FLMM+X2,10,194,10_194.png,0.960228882216305
VF,FLMM+X2,10,195,10_195.png,0.9626787965144955
VF,FLMM+X2,10,196,10_196.png,0.9608863521907001
VF,FLMM+X2,10,197,10_197.png,0.9467512843759444
VF,FLMM+X2,10,198,10_198.png,0.9422003720435822
VF,FLMM+X2,10,199,10_199.png,0.950753150937596
VF,FLMM+X2,10,200,10_200.png,0.9457785087719298
VF,FLMM+X2,10,201,10_201.png,0.9588213273437082
VF,FLMM+X2,10,202,10_202.png,0.9604397916776264
VF,FLMM+X2,10,203,10_203.png,0.9699927491773105
VF,FLMM+X2,10,204,10_204.png,0.961400218784185
VF,FLMM+X2,10,205,10_205.png,0.9635280982508374
VF,FLMM+X2,10,206,10_206.png,0.938782125492012
VF,FLMM+X2,11,0,11_000.png,0.7042545688385504
VF,FLMM+X2,11,1,11_001.png,0.5395416429370986
VF,FLMM+X2,11,2,11_002.png,0.4418684004814314
VF,FLMM+X2,11,3,11_003.png,0.36699566313542425
VF,FLMM+X2,11,4,11_004.png,0.39706333609720107
VF,FLMM+X2,11,5,11_005.png,0.42901208066103474
VF,FLMM+X2,11,6,11_006.png,0.37718978685328985
VF,FLMM+X2,11,7,11_007.png,0.3833980155368623
VF,FLMM+X2,11,8,11_008.png,0.7118246816431866
VF,FLMM+X2,11,9,11_009.png,0.5303001283933803
VF,FLMM+X2,11,10,11_010.png,0.591628817541112
VF,FLMM+X2,11,11,11_011.png,0.5973086211943794
VF,FLMM+X2,11,12,11_012.png,0.540166575909874
VF,FLMM+X2,11,13,11_013.png,0.4541541333886526
VF,FLMM+X2,11,14,11_014.png,0.5635707212772856
VF,FLMM+X2,11,15,11_015.png,0.5368502844920501
VF,FLMM+X2,11,16,11_016.png,0.4185092133473811
VF,FLMM+X2,11,17,11_017.png,0.3329343693172425
VF,FLMM+X2,11,18,11_018.png,0.5769213590209332
VF,FLMM+X2,11,19,11_019.png,0.37115109635927196
VF,FLMM+X2,11,20,11_020.png,0.2310966162897946
VF,FLMM+X2,11,21,11_021.png,0.24394165540302484
VF,FLMM+X2,11,22,11_022.png,0.2652947154471545
VF,FLMM+X2,11,23,11_023.png,0.4333791065167537
VF,FLMM+X2,11,24,11_024.png,0.44582702240863725
VF,FLMM+X2,11,25,11_025.png,0.5079395314204574
VF,FLMM+X2,11,26,11_026.png,0.5269989051674425
VF,FLMM+X2,11,27,11_027.png,0.34406543822538227
VF,FLMM+X2,11,28,11_028.png,0.6451766539660547
VF,FLMM+X2,11,29,11_029.png,0.5012473328308616
VF,FLMM+X2,11,30,11_030.png,0.5245577843128648
VF,FLMM+X2,11,31,11_031.png,0.495926818328796
VF,FLMM+X2,11,32,11_032.png,0.5713646922816852
VF,FLMM+X2,11,33,11_033.png,0.3058441495684781
VF,FLMM+X2,11,34,11_034.png,0.3185767832803271
VF,FLMM+X2,11,35,11_035.png,0.32912547385451846
VF,FLMM+X2,11,36,11_036.png,0.2937438319144815
VF,FLMM+X2,11,37,11_037.png,0.2682014574063326
VF,FLMM+X2,11,38,11_038.png,0.5116056985831499
VF,FLMM+X2,11,39,11_039.png,0.38999944005823395
VF,FLMM+X2,11,40,11_040.png,0.6034165846349516
VF,FLMM+X2,11,41,11_041.png,0.6449447250256024
VF,FLMM+X2,11,42,11_042.png,0.6020573668826381
VF,FLMM+X2,11,43,11_043.png,0.4739758473733802
VF,FLMM+X2,11,44,11_044.png,0.620364876192629
VF,FLMM+X2,11,45,11_045.png,0.363908653710943
VF,FLMM+X2,11,46,11_046.png,0.12102792006965328
VF,FLMM+X2,11,47,11_047.png,0.33235933415875635
VF,FLMM+X2,11,48,11_048.png,0.3388274016019992
VF,FLMM+X2,11,49,11_049.png,0.2255686203295955
VF,FLMM+X2,11,50,11_050.png,0.2762603843769374
VF,FLMM+X2,11,51,11_051.png,0.3130322792787856
VF,FLMM+X2,11,52,11_052.png,0.3546030379435459
VF,FLMM+X2,11,53,11_053.png,0.4218888358018793
VF,FLMM+X2,11,54,11_054.png,0.3240303249551732
VF,FLMM+X2,11,55,11_055.png,0.2596064405009812
VF,FLMM+X2,11,56,11_056.png,0.32957849843529313
VF,FLMM+X2,11,57,11_057.png,0.2535350034993307
VF,FLMM+X2,11,58,11_058.png,0.3339596998987644
VF,FLMM+X2,11,59,11_059.png,0.365529888681552
VF,FLMM+X2,11,60,11_060.png,0.3373169058202321
VF,FLMM+X2,11,61,11_061.png,0.3410102920225645
VF,FLMM+X2,11,62,11_062.png,0.36344258120839545
VF,FLMM+X2,11,63,11_063.png,0.4833614136018081
VF,FLMM+X2,11,64,11_064.png,0.441566421213314
VF,FLMM+X2,11,65,11_065.png,0.5506338465175379
VF,FLMM+X2,11,66,11_066.png,0.4433357539244955
VF,FLMM+X2,11,67,11_067.png,0.4131478940145677
VF,FLMM+X2,11,68,11_068.png,0.4280257355111265
VF,FLMM+X2,11,69,11_069.png,0.30815464468472953
VF,FLMM+X2,11,70,11_070.png,0.35015423060403733
VF,FLMM+X2,11,71,11_071.png,0.436627951960523
VF,FLMM+X2,11,72,11_072.png,0.2863046136226456
VF,FLMM+X2,11,73,11_073.png,0.3897664892813376
VF,FLMM+X2,11,74,11_074.png,0.3417140600315956
VF,FLMM+X2,11,75,11_075.png,0.3876828472933942
VF,FLMM+X2,11,76,11_076.png,0.43062481384333057
VF,FLMM+X2,11,77,11_077.png,0.47970832021823523
VF,FLMM+X2,11,78,11_078.png,0.44201376235289075
VF,FLMM+X2,11,79,11_079.png,0.6137672244094489
VF,FLMM+X2,11,80,11_080.png,0.5696415213763738
VF,FLMM+X2,11,81,11_081.png,0.5372044767935665
VF,FLMM+X2,11,82,11_082.png,0.6900499256555009
VF,FLMM+X2,11,83,11_083.png,0.6513774912075029
VF,FLMM+X2,11,84,11_084.png,0.5444035670488505
VF,FLMM+X2,11,85,11_085.png,0.5304196702852877
VF,FLMM+X2,11,86,11_086.png,0.5416150426353764
VF,FLMM+X2,11,87,11_087.png,0.6523933877275624
VF,FLMM+X2,11,88,11_088.png,0.3834026295089336
VF,FLMM+X2,11,89,11_089.png,0.62079731342892
VF,FLMM+X2,11,90,11_090.png,0.5332838570311568
VF,FLMM+X2,11,91,11_091.png,0.42692418564427786
VF,FLMM+X2,11,92,11_092.png,0.6113586931723121
VF,FLMM+X2,11,93,11_093.png,0.3123773608045131
VF,FLMM+X2,11,94,11_094.png,0.2776088245148321
VF,FLMM+X2,11,95,11_095.png,0.25529122622825645
VF,FLMM+X2,11,96,11_096.png,0.2513514806487107
VF,FLMM+X2,11,97,11_097.png,0.19364591339994874
VF,FLMM+X2,11,98,11_098.png,0.13868817958611013
VF,FLMM+X2,11,99,11_099.png,0.16693852635371115
VF,FLMM+X2,11,100,11_100.png,0.17130506340409077
VF,FLMM+X2,11,101,11_101.png,0.08571587392762511
VF,FLMM+X2,11,102,11_102.png,0.014909989159602637
VF,FLMM+X2,11,103,11_103.png,0.03242456326098465
VF,FLMM+X2,11,104,11_104.png,0.0326992780171361
VF,FLMM+X2,11,105,11_105.png,0.05290328924725896
VF,FLMM+X2,11,106,11_106.png,0.01733851344105978
VF,FLMM+X2,11,107,11_107.png,0.08068397148614913
VF,FLMM+X2,11,108,11_108.png,0.12372037222665098
VF,FLMM+X2,11,109,11_109.png,0.1280413265507315
VF,FLMM+X2,11,110,11_110.png,0.13989255900640574
VF,FLMM+X2,11,111,11_111.png,0.1342340775409525
VF,FLMM+X2,11,112,11_112.png,0.12450242515470815
VF,FLMM+X2,11,113,11_113.png,0.13701295376580822
VF,FLMM+X2,11,114,11_114.png,0.10797679329219541
VF,FLMM+X2,11,115,11_115.png,0.09147851718420567
VF,FLMM+X2,11,116,11_116.png,0.04137922082979096
VF,FLMM+X2,11,117,11_117.png,0.032535998111574475
VF,FLMM+X2,11,118,11_118.png,0.10519964165932463
VF,FLMM+X2,11,119,11_119.png,0.11172258114734958
VF,FLMM+X2,11,120,11_120.png,0.12589911234578294
VF,FLMM+X2,11,121,11_121.png,0.14489199415427118
VF,FLMM+X2,11,122,11_122.png,0.10703846369453275
VF,FLMM+X2,11,123,11_123.png,0.1171699640362808
VF,FLMM+X2,11,124,11_124.png,0.05699840927346322
VF,FLMM+X2,11,125,11_125.png,0.06928557471177983
VF,FLMM+X2,11,126,11_126.png,0.05986135120203874
VF,FLMM+X2,11,127,11_127.png,0.16737411568872243
VF,FLMM+X2,11,128,11_128.png,0.11396665618118905
VF,FLMM+X2,11,129,11_129.png,0.14750275503778337
VF,FLMM+X2,11,130,11_130.png,0.11368913374555804
VF,FLMM+X2,11,131,11_131.png,0.106610315098334
VF,FLMM+X2,11,132,11_132.png,0.11032500363586589
VF,FLMM+X2,11,133,11_133.png,0.1282540469899171
VF,FLMM+X2,11,134,11_134.png,0.13933719236372
VF,FLMM+X2,11,135,11_135.png,0.16100437125139777
VF,FLMM+X2,11,136,11_136.png,0.16162464115080474
VF,FLMM+X2,11,137,11_137.png,0.1830781209447184
VF,FLMM+X2,11,138,11_138.png,0.1704403658610455
VF,FLMM+X2,11,139,11_139.png,0.16159164131018436
VF,FLMM+X2,11,140,11_140.png,0.1477406890630031
VF,FLMM+X2,11,141,11_141.png,0.14173105439787714
VF,FLMM+X2,11,142,11_142.png,0.1591776077137307
VF,FLMM+X2,11,143,11_143.png,0.154335002546257
VF,FLMM+X2,11,144,11_144.png,0.1120663888742374
VF,FLMM+X2,11,145,11_145.png,0.12623268847335237
VF,FLMM+X2,11,146,11_146.png,0.10739971364490312
VF,FLMM+X2,11,147,11_147.png,0.06380149707339036
VF,FLMM+X2,11,148,11_148.png,0.10458074822602816
VF,FLMM+X2,11,149,11_149.png,0.10607334327316563
VF,FLMM+X2,11,150,11_150.png,0.10816253084727173
VF,FLMM+X2,11,151,11_151.png,0.08073280036771345
VF,FLMM+X2,11,152,11_152.png,0.09622878110771665
VF,FLMM+X2,11,153,11_153.png,0.1605731397332776
VF,FLMM+X2,11,154,11_154.png,0.1569379627141007
VF,FLMM+X2,11,155,11_155.png,0.16467710994535917
VF,FLMM+X2,11,156,11_156.png,0.17010765235066058
VF,FLMM+X2,11,157,11_157.png,0.16148795583807293
VF,FLMM+X2,11,158,11_158.png,0.17430836852538137
VF,FLMM+X2,11,159,11_159.png,0.2114445310470252
VF,FLMM+X2,11,160,11_160.png,0.06920645102171721
VF,FLMM+X2,11,161,11_161.png,0.05835314962465613
VF,FLMM+X2,11,162,11_162.png,0.17060469066113845
VF,FLMM+X2,11,163,11_163.png,0.16427874688050267
VF,FLMM+X2,11,164,11_164.png,0.13624153172726008
VF,FLMM+X2,11,165,11_165.png,0.15961693634008578
VF,FLMM+X2,11,166,11_166.png,0.19986143898183312
VF,FLMM+X2,11,167,11_167.png,0.1251645015440343
VF,FLMM+X2,11,168,11_168.png,0.06941919316004128
VF,FLMM+X2,11,169,11_169.png,0.20163520824619868
VF,FLMM+X2,11,170,11_170.png,0.21622956949043906
VF,FLMM+X2,11,171,11_171.png,0.2181497682313769
VF,FLMM+X2,11,172,11_172.png,0.20905433704397663
VF,FLMM+X2,11,173,11_173.png,0.2090727816550349
VF,FLMM+X2,11,174,11_174.png,0.21616511510427944
VF,FLMM+X2,11,175,11_175.png,0.2146519483653034
VF,FLMM+X2,11,176,11_176.png,0.20672510371769415
VF,FLMM+X2,11,177,11_177.png,0.2084707812740356
VF,FLMM+X2,11,178,11_178.png,0.23292444940061333
VF,FLMM+X2,11,179,11_179.png,0.1566568553631323
VF,FLMM+X2,11,180,11_180.png,0.25964892774249143
VF,FLMM+X2,11,181,11_181.png,0.2730302037793885
VF,FLMM+X2,11,182,11_182.png,0.25449939821423573
VF,FLMM+X2,11,183,11_183.png,0.2496879917521298
VF,FLMM+X2,11,184,11_184.png,0.18820925514255482
VF,FLMM+X2,11,185,11_185.png,0.19756833229056747
VF,FLMM+X2,11,186,11_186.png,0.18761012416823863
VF,FLMM+X2,11,187,11_187.png,0.2184023312608393
VF,FLMM+X2,11,188,11_188.png,0.2602705344640828
VF,FLMM+X2,11,189,11_189.png,0.37818579131137026
VF,FLMM+X2,11,190,11_190.png,0.5128198412906267
VF,FLMM+X2,11,191,11_191.png,0.36053172205438067
VF,FLMM+X2,11,192,11_192.png,0.19866857519369277
VF,FLMM+X2,11,193,11_193.png,0.08052043697066405
VF,FLMM+X2,11,194,11_194.png,0.13142881291467692
VF,FLMM+X2,11,195,11_195.png,0.20767552005943538
VF,FLMM+X2,11,196,11_196.png,0.24352343898272916
VF,FLMM+X2,11,197,11_197.png,0.019053753610239574
VF,FLMM+X2,11,198,11_198.png,0.0
VF,FLMM+X2,11,199,11_199.png,0.00576363006863404
VF,FLMM+X2,11,200,11_200.png,0.004714498728181738
VF,FLMM+X2,2,0,2_000.png,0.863227998411102
VF,FLMM+X2,2,1,2_001.png,0.8325039507750244
VF,FLMM+X2,2,2,2_002.png,0.8443040812546909
VF,FLMM+X2,2,3,2_003.png,0.8377741892073746
VF,FLMM+X2,2,4,2_004.png,0.8243005681209132
VF,FLMM+X2,2,5,2_005.png,0.7472558279959457
VF,FLMM+X2,2,6,2_006.png,0.8413972319531384
VF,FLMM+X2,2,7,2_007.png,0.9618687977518222
VF,FLMM+X2,2,8,2_008.png,0.9763440469485274
VF,FLMM+X2,2,9,2_009.png,0.9532472227699993
VF,FLMM+X2,2,10,2_010.png,0.9482586541997163
VF,FLMM+X2,2,11,2_011.png,0.9712906584219326
VF,FLMM+X2,2,12,2_012.png,0.9737296770478004
VF,FLMM+X2,2,13,2_013.png,0.9739878411589704
VF,FLMM+X2,2,14,2_014.png,0.9767101082798418
VF,FLMM+X2,2,15,2_015.png,0.9630314000553083
VF,FLMM+X2,2,16,2_016.png,0.9766908804780422
VF,FLMM+X2,2,17,2_017.png,0.9785315360712186
VF,FLMM+X2,2,18,2_018.png,0.9643663096071031
VF,FLMM+X2,2,19,2_019.png,0.9700831130299169
VF,FLMM+X2,2,20,2_020.png,0.9710692375109553
VF,FLMM+X2,2,21,2_021.png,0.9707437905871327
VF,FLMM+X2,2,22,2_022.png,0.9763594226759845
VF,FLMM+X2,2,23,2_023.png,0.9708898225232515
VF,FLMM+X2,2,24,2_024.png,0.9722504539277598
VF,FLMM+X2,2,25,2_025.png,0.9705072054252614
VF,FLMM+X2,2,26,2_026.png,0.9763597057405478
VF,FLMM+X2,2,27,2_027.png,0.970710136131102
VF,FLMM+X2,2,28,2_028.png,0.9737854421947421
VF,FLMM+X2,2,29,2_029.png,0.968243962018833
VF,FLMM+X2,2,30,2_030.png,0.9706377765867851
VF,FLMM+X2,2,31,2_031.png,0.9434474182517028
VF,FLMM+X2,2,32,2_032.png,0.9554856063641046
VF,FLMM+X2,2,33,2_033.png,0.8711037671109185
VF,FLMM+X2,2,34,2_034.png,0.8783915461250273
VF,FLMM+X2,2,35,2_035.png,0.8619588709149256
VF,FLMM+X2,2,36,2_036.png,0.8401608595180217
VF,FLMM+X2,2,37,2_037.png,0.9615315452395115
VF,FLMM+X2,2,38,2_038.png,0.9603951777864821
VF,FLMM+X2,2,39,2_039.png,0.9633123530749981
VF,FLMM+X2,2,40,2_040.png,0.9686877703769827
VF,FLMM+X2,2,41,2_041.png,0.9725286196457775
VF,FLMM+X2,2,42,2_042.png,0.970004464132413
VF,FLMM+X2,2,43,2_043.png,0.9700327501654478
VF,FLMM+X2,2,44,2_044.png,0.9691371662616203
VF,FLMM+X2,2,45,2_045.png,0.9722537316120203
VF,FLMM+X2,2,46,2_046.png,0.9645992835569291
VF,FLMM+X2,2,47,2_047.png,0.9653278468557116
VF,FLMM+X2,2,48,2_048.png,0.9663917149353559
VF,FLMM+X2,2,49,2_049.png,0.9755517503805176
VF,FLMM+X2,2,50,2_050.png,0.9690162091812589
VF,FLMM+X2,2,51,2_051.png,0.9654164637116415
VF,FLMM+X2,2,52,2_052.png,0.9634184378202557
VF,FLMM+X2,2,53,2_053.png,0.9711856467615789
VF,FLMM+X2,2,54,2_054.png,0.9696845877009633
VF,FLMM+X2,2,55,2_055.png,0.9720948739684792
VF,FLMM+X2,2,56,2_056.png,0.9768232795805959
VF,FLMM+X2,2,57,2_057.png,0.9769831794344784
VF,FLMM+X2,2,58,2_058.png,0.9766859899902783
VF,FLMM+X2,2,59,2_059.png,0.9754426153129367
VF,FLMM+X2,2,60,2_060.png,0.9709745723012349
VF,FLMM+X2,2,61,2_061.png,0.9775643763990226
VF,FLMM+X2,2,62,2_062.png,0.9728150651859006
VF,FLMM+X2,2,63,2_063.png,0.9668820129207752
VF,FLMM+X2,2,64,2_064.png,0.9755624383104727
VF,FLMM+X2,2,65,2_065.png,0.9728786627825464
VF,FLMM+X2,2,66,2_066.png,0.9764501563042723
VF,FLMM+X2,2,67,2_067.png,0.8611076612268892
VF,FLMM+X2,2,68,2_068.png,0.9531029148998587
VF,FLMM+X2,2,69,2_069.png,0.9720805757477126
VF,FLMM+X2,2,70,2_070.png,0.9699429919402398
VF,FLMM+X2,2,71,2_071.png,0.9640563401136427
VF,FLMM+X2,2,72,2_072.png,0.9653686590816017
VF,FLMM+X2,2,73,2_073.png,0.9640575653172553
VF,FLMM+X2,2,74,2_074.png,0.9697398397883442
VF,FLMM+X2,2,75,2_075.png,0.9699329598677564
VF,FLMM+X2,2,76,2_076.png,0.9737307532251352
VF,FLMM+X2,2,77,2_077.png,0.970647189997745
VF,FLMM+X2,2,78,2_078.png,0.9686137954404702
VF,FLMM+X2,2,79,2_079.png,0.9603343800212139
VF,FLMM+X2,2,80,2_080.png,0.9504762986951499
VF,FLMM+X2,2,81,2_081.png,0.9696669579570832
VF,FLMM+X2,2,82,2_082.png,0.9713865476091129
VF,FLMM+X2,2,83,2_083.png,0.9678239608801956
VF,FLMM+X2,2,84,2_084.png,0.9778987318758239
VF,FLMM+X2,2,85,2_085.png,0.9729390194214315
VF,FLMM+X2,2,86,2_086.png,0.9731778842715113
VF,FLMM+X2,2,87,2_087.png,0.9683937317723232
VF,FLMM+X2,2,88,2_088.png,0.9648416816689611
VF,FLMM+X2,2,89,2_089.png,0.9731061454438951
VF,FLMM+X2,2,90,2_090.png,0.9745851912808834
VF,FLMM+X2,2,91,2_091.png,0.9686917780477926
VF,FLMM+X2,2,92,2_092.png,0.9667710544567981
VF,FLMM+X2,2,93,2_093.png,0.9622908664800469
VF,FLMM+X2,2,94,2_094.png,0.9665750093269404
VF,FLMM+X2,2,95,2_095.png,0.9311222251469685
VF,FLMM+X2,2,96,2_096.png,0.8248476368896582
VF,FLMM+X2,2,97,2_097.png,0.7959974748873113
VF,FLMM+X2,2,98,2_098.png,0.8108968890405506
VF,FLMM+X2,2,99,2_099.png,0.967330696566155
VF,FLMM+X2,2,100,2_100.png,0.965923613841919
VF,FLMM+X2,2,101,2_101.png,0.9675915163614982
VF,FLMM+X2,2,102,2_102.png,0.9735383064516129
VF,FLMM+X2,2,103,2_103.png,0.9681852409638554
VF,FLMM+X2,2,104,2_104.png,0.961443117603156
VF,FLMM+X2,2,105,2_105.png,0.9658432671403767
VF,FLMM+X2,2,106,2_106.png,0.9661806917327422
VF,FLMM+X2,2,107,2_107.png,0.973918040139029
VF,FLMM+X2,2,108,2_108.png,0.9426979502121352
VF,FLMM+X2,2,109,2_109.png,0.9538452728626239
VF,FLMM+X2,2,110,2_110.png,0.9558522795621316
VF,FLMM+X2,2,111,2_111.png,0.9422819647066318
VF,FLMM+X2,2,112,2_112.png,0.9462964220245773
VF,FLMM+X2,2,113,2_113.png,0.9428550576558167
VF,FLMM+X2,2,114,2_114.png,0.9435387673956263
VF,FLMM+X2,2,115,2_115.png,0.934929063961322
VF,FLMM+X2,2,116,2_116.png,0.9479355033152501
VF,FLMM+X2,2,117,2_117.png,0.9509154377716036
VF,FLMM+X2,2,118,2_118.png,0.9519049782566366
VF,FLMM+X2,2,119,2_119.png,0.9485354503148098
VF,FLMM+X2,2,120,2_120.png,0.9446985730866388
VF,FLMM+X2,2,121,2_121.png,0.9397380437394857
VF,FLMM+X2,2,122,2_122.png,0.952964113812222
VF,FLMM+X2,2,123,2_123.png,0.9493372971633841
VF,FLMM+X2,2,124,2_124.png,0.9488363146758992
VF,FLMM+X2,2,125,2_125.png,0.9495171495171495
VF,FLMM+X2,2,126,2_126.png,0.9067360723802441
VF,FLMM+X2,2,127,2_127.png,0.935661978379635
VF,FLMM+X2,2,128,2_128.png,0.9307825522242666
VF,FLMM+X2,2,129,2_129.png,0.8998948369973458
VF,FLMM+X2,2,130,2_130.png,0.9503455608718767
VF,FLMM+X2,2,131,2_131.png,0.949484263422375
VF,FLMM+X2,2,132,2_132.png,0.9718151774022573
VF,FLMM+X2,2,133,2_133.png,0.9580358805636601
VF,FLMM+X2,2,134,2_134.png,0.9613918017159199
VF,FLMM+X2,2,135,2_135.png,0.9491402860356741
VF,FLMM+X2,2,136,2_136.png,0.9454728081503803
VF,FLMM+X2,2,137,2_137.png,0.8874522149763886
VF,FLMM+X2,2,138,2_138.png,0.9223114525139665
VF,FLMM+X2,2,139,2_139.png,0.9384359400998337
VF,FLMM+X2,2,140,2_140.png,0.9024007920138603
VF,FLMM+X2,2,141,2_141.png,0.9508080269934293
VF,FLMM+X2,2,142,2_142.png,0.9323315118397085
VF,FLMM+X2,2,143,2_143.png,0.9457294646505926
VF,FLMM+X2,2,144,2_144.png,0.9497690998946772
VF,FLMM+X2,2,145,2_145.png,0.9385147943624825
VF,FLMM+X2,2,146,2_146.png,0.9277935770271207
VF,FLMM+X2,2,147,2_147.png,0.9574628597957289
VF,FLMM+X2,2,148,2_148.png,0.8496261947572632
VF,FLMM+X2,2,149,2_149.png,0.6937183128977743
VF,FLMM+X2,2,150,2_150.png,0.7455614856769415
VF,FLMM+X2,2,151,2_151.png,0.722752440623634
VF,FLMM+X2,2,152,2_152.png,0.8563200567099375
VF,FLMM+X2,2,153,2_153.png,0.7860481495710078
VF,FLMM+X2,2,154,2_154.png,0.7869602245844242
VF,FLMM+X2,2,155,2_155.png,0.9531969309462915
VF,FLMM+X2,2,156,2_156.png,0.9565804882443023
VF,FLMM+X2,2,157,2_157.png,0.9481796560556165
VF,FLMM+X2,2,158,2_158.png,0.9538398131611485
VF,FLMM+X2,2,159,2_159.png,0.94720908230842
VF,FLMM+X2,2,160,2_160.png,0.9098013369739196
VF,FLMM+X2,2,161,2_161.png,0.9507993384785005
VF,FLMM+X2,2,162,2_162.png,0.9464676529808281
VF,FLMM+X2,2,163,2_163.png,0.9567420109119251
VF,FLMM+X2,2,164,2_164.png,0.9454625357064381
VF,FLMM+X2,2,165,2_165.png,0.9116708648194795
VF,FLMM+X2,2,166,2_166.png,0.9405704555129842
VF,FLMM+X2,2,167,2_167.png,0.9632909139450031
VF,FLMM+X2,2,168,2_168.png,0.9474064318790093
VF,FLMM+X2,2,169,2_169.png,0.9611921910538287
VF,FLMM+X2,2,170,2_170.png,0.8502561842322737
VF,FLMM+X2,2,171,2_171.png,0.8221289479116494
VF,FLMM+X2,2,172,2_172.png,0.79519394974384
VF,FLMM+X2,2,173,2_173.png,0.8157486423584174
VF,FLMM+X2,2,174,2_174.png,0.900939985538684
VF,FLMM+X2,2,175,2_175.png,0.9514245379876797
VF,FLMM+X2,2,176,2_176.png,0.9509295026557218
VF,FLMM+X2,2,177,2_177.png,0.9548841302434732
VF,FLMM+X2,2,178,2_178.png,0.9641941000427533
VF,FLMM+X2,2,179,2_179.png,0.9644318539502675
VF,FLMM+X2,2,180,2_180.png,0.8018661334856707
VF,FLMM+X2,2,181,2_181.png,0.7461881492162674
VF,FLMM+X2,2,182,2_182.png,0.9492629730603946
VF,FLMM+X2,2,183,2_183.png,0.9456886082098616
VF,FLMM+X2,2,184,2_184.png,0.9425973446390717
VF,FLMM+X2,2,185,2_185.png,0.948463768115942
VF,FLMM+X2,2,186,2_186.png,0.9521993389270277
VF,FLMM+X2,2,187,2_187.png,0.9507070707070707
VF,FLMM+X2,2,188,2_188.png,0.9508557996033203
VF,FLMM+X2,2,189,2_189.png,0.9469755110583967
VF,FLMM+X2,2,190,2_190.png,0.9600736696704598
VF,FLMM+X2,2,191,2_191.png,0.9455760862710475
VF,FLMM+X2,2,192,2_192.png,0.947796125341308
VF,FLMM+X2,2,193,2_193.png,0.9426283748014823
VF,FLMM+X2,2,194,2_194.png,0.9476099927873582
VF,FLMM+X2,2,195,2_195.png,0.9405044325134224
VF,FLMM+X2,2,196,2_196.png,0.9413221678362917
VF,FLMM+X2,2,197,2_197.png,0.9478948855608929
VF,FLMM+X2,2,198,2_198.png,0.9502185268095086
VF,FLMM+X2,2,199,2_199.png,0.9506782945736434
VF,FLMM+X2,2,200,2_200.png,0.9613866967305524
VF,FLMM+X2,2,201,2_201.png,0.9553417002971307
VF,FLMM+X2,2,202,2_202.png,0.9558234916242526
VF,FLMM+X2,2,203,2_203.png,0.9550599520383694
VF,FLMM+X2,2,204,2_204.png,0.9604019729866777
VF,FLMM+X2,2,205,2_205.png,0.9600620589560082
VF,FLMM+X2,2,206,2_206.png,0.9589139344262295
VF,FLMM+X2,2,207,2_207.png,0.9591135064814384
VF,FLMM+X2,2,208,2_208.png,0.9604487814076273
VF,FLMM+X2,2,209,2_209.png,0.9641413345933743
VF,FLMM+X2,2,210,2_210.png,0.9639697697580409
VF,FLMM+X2,2,211,2_211.png,0.9517575884009596
VF,FLMM+X2,2,212,2_212.png,0.9554085155350979
VF,FLMM+X2,2,213,2_213.png,0.9586303845767647
VF,FLMM+X2,2,214,2_214.png,0.9564217839991825
VF,FLMM+X2,2,215,2_215.png,0.9549983472635406
VF,FLMM+X2,2,216,2_216.png,0.9513892550218801
VF,FLMM+X2,2,217,2_217.png,0.9532777606257076
VF,FLMM+X2,2,218,2_218.png,0.9487953701956344
VF,FLMM+X2,2,219,2_219.png,0.9528788512477345
VF,FLMM+X2,2,220,2_220.png,0.9529847834568864
VF,FLMM+X2,2,221,2_221.png,0.9433359936153233
VF,FLMM+X2,2,222,2_222.png,0.9445082022547762
VF,FLMM+X2,2,223,2_223.png,0.9464285714285714
VF,FLMM+X2,2,224,2_224.png,0.9445936395759718
VF,FLMM+X2,2,225,2_225.png,0.9537294221258722
VF,FLMM+X2,2,226,2_226.png,0.948774737443738
VF,FLMM+X2,2,227,2_227.png,0.9478879706152433
VF,FLMM+X2,2,228,2_228.png,0.9554178630799456
VF,FLMM+X2,2,229,2_229.png,0.959223150727329
VF,FLMM+X2,2,230,2_230.png,0.9477462552633396
VF,FLMM+X2,2,231,2_231.png,0.944679191315088
VF,FLMM+X2,3,0,3_000.png,0.9642523013663822
VF,FLMM+X2,3,1,3_001.png,0.9659732866214145
VF,FLMM+X2,3,2,3_002.png,0.9681108157391743
VF,FLMM+X2,3,3,3_003.png,0.9678806130559878
VF,FLMM+X2,3,4,3_004.png,0.9722330486955084
VF,FLMM+X2,3,5,3_005.png,0.969082764191819
VF,FLMM+X2,3,6,3_006.png,0.9717525258497235
VF,FLMM+X2,3,7,3_007.png,0.9697508219195471
VF,FLMM+X2,3,8,3_008.png,0.9677426830116098
VF,FLMM+X2,3,9,3_009.png,0.9734607218683652
VF,FLMM+X2,3,10,3_010.png,0.9751498285199598
VF,FLMM+X2,3,11,3_011.png,0.9811943116163764
VF,FLMM+X2,3,12,3_012.png,0.9768296325799064
VF,FLMM+X2,3,13,3_013.png,0.9702914279248234
VF,FLMM+X2,3,14,3_014.png,0.9684926020932775
VF,FLMM+X2,3,15,3_015.png,0.9749435637760511
VF,FLMM+X2,3,16,3_016.png,0.9743326488706365
VF,FLMM+X2,3,17,3_017.png,0.9756650271676152
VF,FLMM+X2,3,18,3_018.png,0.9745868434700944
VF,FLMM+X2,3,19,3_019.png,0.9678789866126801
VF,FLMM+X2,3,20,3_020.png,0.9727298106695091
VF,FLMM+X2,3,21,3_021.png,0.9786999854855097
VF,FLMM+X2,3,22,3_022.png,0.9744723367053828
VF,FLMM+X2,3,23,3_023.png,0.9731676744858745
VF,FLMM+X2,3,24,3_024.png,0.9674169444063979
VF,FLMM+X2,3,25,3_025.png,0.9591398914137663
VF,FLMM+X2,3,26,3_026.png,0.9676642913697545
VF,FLMM+X2,3,27,3_027.png,0.9738421196570197
VF,FLMM+X2,3,28,3_028.png,0.9814437466595404
VF,FLMM+X2,3,29,3_029.png,0.9770193791802435
VF,FLMM+X2,3,30,3_030.png,0.9695024077046549
VF,FLMM+X2,3,31,3_031.png,0.9548997677019703
VF,FLMM+X2,3,32,3_032.png,0.9570696918317048
VF,FLMM+X2,3,33,3_033.png,0.9592795614722005
VF,FLMM+X2,3,34,3_034.png,0.9603673998384643
VF,FLMM+X2,3,35,3_035.png,0.9689657316997325
VF,FLMM+X2,3,36,3_036.png,0.9603234215526002
VF,FLMM+X2,3,37,3_037.png,0.9630364191409516
VF,FLMM+X2,3,38,3_038.png,0.9778721007422905
VF,FLMM+X2,3,39,3_039.png,0.966677216620699
VF,FLMM+X2,3,40,3_040.png,0.9597350923343335
VF,FLMM+X2,3,41,3_041.png,0.9599395952884325
VF,FLMM+X2,3,42,3_042.png,0.9708402569057751
VF,FLMM+X2,3,43,3_043.png,0.9729796699243961
VF,FLMM+X2,3,44,3_044.png,0.9672977056925482
VF,FLMM+X2,3,45,3_045.png,0.9751971439135415
VF,FLMM+X2,3,46,3_046.png,0.9729744555577904
VF,FLMM+X2,3,47,3_047.png,0.9773234430683294
VF,FLMM+X2,3,48,3_048.png,0.9882996453557101
VF,FLMM+X2,3,49,3_049.png,0.9825058955902526
VF,FLMM+X2,3,50,3_050.png,0.9864666245743327
VF,FLMM+X2,3,51,3_051.png,0.9870914976607986
VF,FLMM+X2,3,52,3_052.png,0.9819713053783504
VF,FLMM+X2,3,53,3_053.png,0.9863399534731702
VF,FLMM+X2,3,54,3_054.png,0.9819337778152868
VF,FLMM+X2,3,55,3_055.png,0.9701812143106864
VF,FLMM+X2,3,56,3_056.png,0.9733687726882544
VF,FLMM+X2,3,57,3_057.png,0.9717935925305584
VF,FLMM+X2,3,58,3_058.png,0.9822237176781905
VF,FLMM+X2,3,59,3_059.png,0.9806566989866057
VF,FLMM+X2,3,60,3_060.png,0.9737789611158012
VF,FLMM+X2,3,61,3_061.png,0.978197816522731
VF,FLMM+X2,3,62,3_062.png,0.9809523809523809
VF,FLMM+X2,3,63,3_063.png,0.976185798929058
VF,FLMM+X2,3,64,3_064.png,0.9760635517926205
VF,FLMM+X2,3,65,3_065.png,0.9749002491240152
VF,FLMM+X2,3,66,3_066.png,0.9612714156898107
VF,FLMM+X2,3,67,3_067.png,0.9730000084772343
VF,FLMM+X2,3,68,3_068.png,0.9666534601162177
VF,FLMM+X2,3,69,3_069.png,0.9665121934028756
VF,FLMM+X2,3,70,3_070.png,0.9708584486049857
VF,FLMM+X2,3,71,3_071.png,0.9699605119177886
VF,FLMM+X2,3,72,3_072.png,0.9678810779980037
VF,FLMM+X2,3,73,3_073.png,0.9662692507997916
VF,FLMM+X2,3,74,3_074.png,0.9626437289153434
VF,FLMM+X2,3,75,3_075.png,0.9593519604736991
VF,FLMM+X2,3,76,3_076.png,0.9734164974373851
VF,FLMM+X2,3,77,3_077.png,0.9736158249563038
VF,FLMM+X2,3,78,3_078.png,0.9692220185805474
VF,FLMM+X2,3,79,3_079.png,0.9730491531305813
VF,FLMM+X2,3,80,3_080.png,0.972999451036696
VF,FLMM+X2,3,81,3_081.png,0.9752983119906868
VF,FLMM+X2,3,82,3_082.png,0.9774640166920112
VF,FLMM+X2,3,83,3_083.png,0.9765555058191585
VF,FLMM+X2,3,84,3_084.png,0.9715172583084561
VF,FLMM+X2,3,85,3_085.png,0.9672212978369384
VF,FLMM+X2,3,86,3_086.png,0.9721754411657025
VF,FLMM+X2,3,87,3_087.png,0.9688559945103421
VF,FLMM+X2,3,88,3_088.png,0.9761426613688665
VF,FLMM+X2,3,89,3_089.png,0.9740873660702648
VF,FLMM+X2,3,90,3_090.png,0.9707971378026562
VF,FLMM+X2,3,91,3_091.png,0.9668142677407232
VF,FLMM+X2,3,92,3_092.png,0.9633109957844175
VF,FLMM+X2,3,93,3_093.png,0.968370980783457
VF,FLMM+X2,3,94,3_094.png,0.9673829910272912
VF,FLMM+X2,3,95,3_095.png,0.9679199019207192
VF,FLMM+X2,3,96,3_096.png,0.9696556271814637
VF,FLMM+X2,3,97,3_097.png,0.9634454143632805
VF,FLMM+X2,3,98,3_098.png,0.9585456159643264
VF,FLMM+X2,3,99,3_099.png,0.9625859133333927
VF,FLMM+X2,3,100,3_100.png,0.9615306660180793
VF,FLMM+X2,3,101,3_101.png,0.9696642944432463
VF,FLMM+X2,3,102,3_102.png,0.9663366447900746
VF,FLMM+X2,3,103,3_103.png,0.9635255009274735
VF,FLMM+X2,3,104,3_104.png,0.9809259905178984
VF,FLMM+X2,3,105,3_105.png,0.9762113033645538
VF,FLMM+X2,3,106,3_106.png,0.9757292838159622
VF,FLMM+X2,3,107,3_107.png,0.9793515738689251
VF,FLMM+X2,3,108,3_108.png,0.9792304282668806
VF,FLMM+X2,3,109,3_109.png,0.9760667567529917
VF,FLMM+X2,3,110,3_110.png,0.9661708012668931
VF,FLMM+X2,3,111,3_111.png,0.9721884875770771
VF,FLMM+X2,3,112,3_112.png,0.9724371434742285
VF,FLMM+X2,3,113,3_113.png,0.9660894809446354
VF,FLMM+X2,3,114,3_114.png,0.9598411695695335
VF,FLMM+X2,3,115,3_115.png,0.9646198017967954
VF,FLMM+X2,3,116,3_116.png,0.9607198748043818
VF,FLMM+X2,3,117,3_117.png,0.9706841374313145
VF,FLMM+X2,3,118,3_118.png,0.9591664912649969
VF,FLMM+X2,3,119,3_119.png,0.959812339559175
VF,FLMM+X2,3,120,3_120.png,0.9594738281131331
VF,FLMM+X2,3,121,3_121.png,0.9636969925758148
VF,FLMM+X2,3,122,3_122.png,0.9571556179416831
VF,FLMM+X2,3,123,3_123.png,0.9685913528591353
VF,FLMM+X2,3,124,3_124.png,0.9665097657306714
VF,FLMM+X2,3,125,3_125.png,0.9657360066386487
VF,FLMM+X2,3,126,3_126.png,0.9661200454197365
VF,FLMM+X2,3,127,3_127.png,0.9673845030764417
VF,FLMM+X2,3,128,3_128.png,0.9614293050787902
VF,FLMM+X2,3,129,3_129.png,0.9667437449660942
VF,FLMM+X2,3,130,3_130.png,0.960338418151519
VF,FLMM+X2,3,131,3_131.png,0.9633525798201904
VF,FLMM+X2,3,132,3_132.png,0.9644644919962594
VF,FLMM+X2,3,133,3_133.png,0.9705003402668876
VF,FLMM+X2,3,134,3_134.png,0.9571027620080372
VF,FLMM+X2,3,135,3_135.png,0.9631298648095044
VF,FLMM+X2,3,136,3_136.png,0.8489363888603433
VF,FLMM+X2,3,137,3_137.png,0.25275080906148867
VF,FLMM+X2,3,138,3_138.png,0.8532875368007851
VF,FLMM+X2,3,139,3_139.png,0.9608542436207702
VF,FLMM+X2,3,140,3_140.png,0.960012015169151
VF,FLMM+X2,3,141,3_141.png,0.9576972595181166
VF,FLMM+X2,3,142,3_142.png,0.9499208519211397
VF,FLMM+X2,3,143,3_143.png,0.9639733911353614
VF,FLMM+X2,3,144,3_144.png,0.9516618728028124
VF,FLMM+X2,3,145,3_145.png,0.960057309078279
VF,FLMM+X2,3,146,3_146.png,0.9468258780726713
VF,FLMM+X2,3,147,3_147.png,0.9585028887214267
VF,FLMM+X2,3,148,3_148.png,0.9552039011330496
VF,FLMM+X2,3,149,3_149.png,0.9612752161383286
VF,FLMM+X2,3,150,3_150.png,0.940581751885307
VF,FLMM+X2,3,151,3_151.png,0.9480514246564301
VF,FLMM+X2,3,152,3_152.png,0.9261580490940501
VF,FLMM+X2,3,153,3_153.png,0.9371783351033413
VF,FLMM+X2,3,154,3_154.png,0.9624301128877176
VF,FLMM+X2,3,155,3_155.png,0.9646813889508513
VF,FLMM+X2,3,156,3_156.png,0.9706047137041048
VF,FLMM+X2,3,157,3_157.png,0.9644641658587516
VF,FLMM+X2,3,158,3_158.png,0.9715604584751398
VF,FLMM+X2,3,159,3_159.png,0.9686709696901068
VF,FLMM+X2,3,160,3_160.png,0.969106239460371
VF,FLMM+X2,3,161,3_161.png,0.9631944887414684
VF,FLMM+X2,3,162,3_162.png,0.9594477422797305
VF,FLMM+X2,3,163,3_163.png,0.9561531914893617
VF,FLMM+X2,3,164,3_164.png,0.9559184803294004
VF,FLMM+X2,3,165,3_165.png,0.9554600641156811
VF,FLMM+X2,3,166,3_166.png,0.9564426478019201
VF,FLMM+X2,3,167,3_167.png,0.9641679992167869
VF,FLMM+X2,3,168,3_168.png,0.9635846848353118
VF,FLMM+X2,3,169,3_169.png,0.9661160127651586
VF,FLMM+X2,3,170,3_170.png,0.9613736570825312
VF,FLMM+X2,3,171,3_171.png,0.9734730848861284
VF,FLMM+X2,3,172,3_172.png,0.9728908544613619
VF,FLMM+X2,3,173,3_173.png,0.9747590795294763
VF,FLMM+X2,3,174,3_174.png,0.9773816190653973
VF,FLMM+X2,3,175,3_175.png,0.9725308641975309
VF,FLMM+X2,3,176,3_176.png,0.9656453405302429
VF,FLMM+X2,3,177,3_177.png,0.9683846620747896
VF,FLMM+X2,3,178,3_178.png,0.9663075310997071
VF,FLMM+X2,3,179,3_179.png,0.9625131246630154
VF,FLMM+X2,3,180,3_180.png,0.9604095770539621
VF,FLMM+X2,3,181,3_181.png,0.9601746632996633
VF,FLMM+X2,3,182,3_182.png,0.9671826927772623
VF,FLMM+X2,3,183,3_183.png,0.9611777219106555
VF,FLMM+X2,3,184,3_184.png,0.9665284659722925
VF,FLMM+X2,3,185,3_185.png,0.9672663668165917
VF,FLMM+X2,3,186,3_186.png,0.9600666327333303
VF,FLMM+X2,3,187,3_187.png,0.9521252109866503
VF,FLMM+X2,3,188,3_188.png,0.9634683571505318
VF,FLMM+X2,3,189,3_189.png,0.963887065003283
VF,FLMM+X2,3,190,3_190.png,0.9629883090960936
VF,FLMM+X2,3,191,3_191.png,0.9696463089702733
VF,FLMM+X2,3,192,3_192.png,0.9478539056251666
VF,FLMM+X2,3,193,3_193.png,0.9685208666409394
VF,FLMM+X2,3,194,3_194.png,0.9651110104213865
VF,FLMM+X2,3,195,3_195.png,0.9141733098664458
VF,FLMM+X2,3,196,3_196.png,0.512013256006628
VF,FLMM+X2,3,197,3_197.png,0.9402275077559462
VF,FLMM+X2,3,198,3_198.png,0.9484806877201362
VF,FLMM+X2,3,199,3_199.png,0.9602936076754133
VF,FLMM+X2,3,200,3_200.png,0.9337145072196918
VF,FLMM+X2,3,201,3_201.png,0.9550978000632425
VF,FLMM+X2,3,202,3_202.png,0.966100863422292
VF,FLMM+X2,3,203,3_203.png,0.9625324338349767
VF,FLMM+X2,3,204,3_204.png,0.9600267908789235
VF,FLMM+X2,3,205,3_205.png,0.9604004449388209
VF,FLMM+X2,3,206,3_206.png,0.9586851326547638
VF,FLMM+X2,3,207,3_207.png,0.9550351128383446
VF,FLMM+X2,3,208,3_208.png,0.9709590415856488
VF,FLMM+X2,3,209,3_209.png,0.974195408512632
VF,FLMM+X2,3,210,3_210.png,0.9717828549111501
VF,FLMM+X2,3,211,3_211.png,0.9663492063492064
VF,FLMM+X2,3,212,3_212.png,0.9644201282408698
VF,FLMM+X2,3,213,3_213.png,0.9673162261238665
VF,FLMM+X2,3,214,3_214.png,0.9616116622798138
VF,FLMM+X2,3,215,3_215.png,0.9666728728355986
VF,FLMM+X2,3,216,3_216.png,0.9689694936576161
VF,FLMM+X2,3,217,3_217.png,0.9731751824817518
VF,FLMM+X2,3,218,3_218.png,0.9661306752037253
VF,FLMM+X2,3,219,3_219.png,0.9686614112073317
VF,FLMM+X2,3,220,3_220.png,0.9638198084578095
VF,FLMM+X2,3,221,3_221.png,0.9673999104960583
VF,FLMM+X2,4,0,4_000.png,0.9547763759707769
VF,FLMM+X2,4,1,4_001.png,0.9613723978411719
VF,FLMM+X2,4,2,4_002.png,0.9627845565470771
VF,FLMM+X2,4,3,4_003.png,0.9781275803306337
VF,FLMM+X2,4,4,4_004.png,0.9664863226761028
VF,FLMM+X2,4,5,4_005.png,0.9689793657388174
VF,FLMM+X2,4,6,4_006.png,0.9756737142580676
VF,FLMM+X2,4,7,4_007.png,0.9700126639745765
VF,FLMM+X2,4,8,4_008.png,0.9792062661853066
VF,FLMM+X2,4,9,4_009.png,0.9810118401323613
VF,FLMM+X2,4,10,4_010.png,0.9687512322069319
VF,FLMM+X2,4,11,4_011.png,0.9712499207841315
VF,FLMM+X2,4,12,4_012.png,0.9713657673079542
VF,FLMM+X2,4,13,4_013.png,0.9729361237984866
VF,FLMM+X2,4,14,4_014.png,0.9752128757579667
VF,FLMM+X2,4,15,4_015.png,0.9691978285059176
VF,FLMM+X2,4,16,4_016.png,0.9427044980964169
VF,FLMM+X2,4,17,4_017.png,0.9798718788672928
VF,FLMM+X2,4,18,4_018.png,0.9760385448183891
VF,FLMM+X2,4,19,4_019.png,0.9795365259336616
VF,FLMM+X2,4,20,4_020.png,0.9786730797182838
VF,FLMM+X2,4,21,4_021.png,0.9783505593126621
VF,FLMM+X2,4,22,4_022.png,0.9740285886853232
VF,FLMM+X2,4,23,4_023.png,0.972399227178361
VF,FLMM+X2,4,24,4_024.png,0.9705472799822137
VF,FLMM+X2,4,25,4_025.png,0.9774569950679658
VF,FLMM+X2,4,26,4_026.png,0.9714870364956938
VF,FLMM+X2,4,27,4_027.png,0.9735735448724075
VF,FLMM+X2,4,28,4_028.png,0.9770509100501187
VF,FLMM+X2,4,29,4_029.png,0.9754250811062148
VF,FLMM+X2,4,30,4_030.png,0.9755967786434042
VF,FLMM+X2,4,31,4_031.png,0.9778381189757307
VF,FLMM+X2,4,32,4_032.png,0.9707833488145352
VF,FLMM+X2,4,33,4_033.png,0.9748441983642409
VF,FLMM+X2,4,34,4_034.png,0.9853856355845746
VF,FLMM+X2,4,35,4_035.png,0.9846638503160157
VF,FLMM+X2,4,36,4_036.png,0.9780240845080065
VF,FLMM+X2,4,37,4_037.png,0.9710594464361714
VF,FLMM+X2,4,38,4_038.png,0.9785880220182606
VF,FLMM+X2,4,39,4_039.png,0.9799148613288551
VF,FLMM+X2,4,40,4_040.png,0.9880447152543981
VF,FLMM+X2,4,41,4_041.png,0.9878923320654212
VF,FLMM+X2,4,42,4_042.png,0.9794740313150699
VF,FLMM+X2,4,43,4_043.png,0.9815518220274604
VF,FLMM+X2,4,44,4_044.png,0.9768787017568181
VF,FLMM+X2,4,45,4_045.png,0.9747834123543246
VF,FLMM+X2,4,46,4_046.png,0.97651629187003
VF,FLMM+X2,4,47,4_047.png,0.9668106661988509
VF,FLMM+X2,4,48,4_048.png,0.9759760448814291
VF,FLMM+X2,4,49,4_049.png,0.9720458920859566
VF,FLMM+X2,4,50,4_050.png,0.9753981947721164
VF,FLMM+X2,4,51,4_051.png,0.9773583083904606
VF,FLMM+X2,4,52,4_052.png,0.9752793850521478
VF,FLMM+X2,4,53,4_053.png,0.9657300456022501
VF,FLMM+X2,4,54,4_054.png,0.968847221640927
VF,FLMM+X2,4,55,4_055.png,0.9525238395250248
VF,FLMM+X2,4,56,4_056.png,0.9630443622562593
VF,FLMM+X2,4,57,4_057.png,0.9720607575620677
VF,FLMM+X2,4,58,4_058.png,0.9795157262456132
VF,FLMM+X2,4,59,4_059.png,0.9825598716626561
VF,FLMM+X2,4,60,4_060.png,0.9773335031198268
VF,FLMM+X2,4,61,4_061.png,0.9759387138541217
VF,FLMM+X2,4,62,4_062.png,0.977557937162224
VF,FLMM+X2,4,63,4_063.png,0.9776989884845144
VF,FLMM+X2,4,64,4_064.png,0.9791508117706748
VF,FLMM+X2,4,65,4_065.png,0.9768595597262163
VF,FLMM+X2,4,66,4_066.png,0.9767623084955503
VF,FLMM+X2,4,67,4_067.png,0.9720136214254911
VF,FLMM+X2,4,68,4_068.png,0.9837093667408281
VF,FLMM+X2,4,69,4_069.png,0.9797613879616185
VF,FLMM+X2,4,70,4_070.png,0.9744781069259977
VF,FLMM+X2,4,71,4_071.png,0.9730918499353169
VF,FLMM+X2,4,72,4_072.png,0.9757212111579114
VF,FLMM+X2,4,73,4_073.png,0.9803849053383212
VF,FLMM+X2,4,74,4_074.png,0.9640908464159789
VF,FLMM+X2,4,75,4_075.png,0.974857864813645
VF,FLMM+X2,4,76,4_076.png,0.9849574937654867
VF,FLMM+X2,4,77,4_077.png,0.9793007141342006
VF,FLMM+X2,4,78,4_078.png,0.980264536839899
VF,FLMM+X2,4,79,4_079.png,0.9813718765311122
VF,FLMM+X2,4,80,4_080.png,0.9804998227256612
VF,FLMM+X2,4,81,4_081.png,0.9836771644902886
VF,FLMM+X2,4,82,4_082.png,0.9781715327212077
VF,FLMM+X2,4,83,4_083.png,0.9792456268221574
VF,FLMM+X2,4,84,4_084.png,0.985186999990577
VF,FLMM+X2,4,85,4_085.png,0.9783401732786138
VF,FLMM+X2,4,86,4_086.png,0.9797278577704601
VF,FLMM+X2,4,87,4_087.png,0.9826060494430252
VF,FLMM+X2,4,88,4_088.png,0.9710034903206095
VF,FLMM+X2,4,89,4_089.png,0.9718091250360958
VF,FLMM+X2,4,90,4_090.png,0.9692349393508166
VF,FLMM+X2,4,91,4_091.png,0.9632813229935532
VF,FLMM+X2,4,92,4_092.png,0.9692593558482201
VF,FLMM+X2,4,93,4_093.png,0.9695165515598952
VF,FLMM+X2,4,94,4_094.png,0.9504253147329024
VF,FLMM+X2,4,95,4_095.png,0.9720008772571095
VF,FLMM+X2,4,96,4_096.png,0.9716765646413887
VF,FLMM+X2,4,97,4_097.png,0.9466060945750612
VF,FLMM+X2,4,98,4_098.png,0.9677437419499356
VF,FLMM+X2,4,99,4_099.png,0.951831732184431
VF,FLMM+X2,4,100,4_100.png,0.9675307463952502
VF,FLMM+X2,4,101,4_101.png,0.9715290261182193
VF,FLMM+X2,4,102,4_102.png,0.9709755140920042
VF,FLMM+X2,4,103,4_103.png,0.9289053683701435
VF,FLMM+X2,4,104,4_104.png,0.949432083398164
VF,FLMM+X2,4,105,4_105.png,0.9569157261718428
VF,FLMM+X2,4,106,4_106.png,0.9503706637994455
VF,FLMM+X2,4,107,4_107.png,0.960381861575179
VF,FLMM+X2,4,108,4_108.png,0.9626198427232575
VF,FLMM+X2,4,109,4_109.png,0.9749016942570028
VF,FLMM+X2,4,110,4_110.png,0.9744012799360032
VF,FLMM+X2,4,111,4_111.png,0.9785354219740907
VF,FLMM+X2,4,112,4_112.png,0.973622311827957
VF,FLMM+X2,4,113,4_113.png,0.9726567550096962
VF,FLMM+X2,4,114,4_114.png,0.9718176994280998
VF,FLMM+X2,4,115,4_115.png,0.9683429811866859
VF,FLMM+X2,4,116,4_116.png,0.9724892853005908
VF,FLMM+X2,4,117,4_117.png,0.9557845157491904
VF,FLMM+X2,4,118,4_118.png,0.9769925143108763
VF,FLMM+X2,4,119,4_119.png,0.9682977257064094
VF,FLMM+X2,4,120,4_120.png,0.9707353676838419
VF,FLMM+X2,4,121,4_121.png,0.9685320105410014
VF,FLMM+X2,4,122,4_122.png,0.9774605973768323
VF,FLMM+X2,4,123,4_123.png,0.9624177029992684
VF,FLMM+X2,4,124,4_124.png,0.9762462814387451
VF,FLMM+X2,4,125,4_125.png,0.98055594884138
VF,FLMM+X2,4,126,4_126.png,0.9676564570181592
VF,FLMM+X2,4,127,4_127.png,0.9741663235899547
VF,FLMM+X2,4,128,4_128.png,0.95904210819855
VF,FLMM+X2,4,129,4_129.png,0.9760773047793158
VF,FLMM+X2,4,130,4_130.png,0.9790366000343662
VF,FLMM+X2,4,131,4_131.png,0.968716577540107
VF,FLMM+X2,4,132,4_132.png,0.9763626489839083
VF,FLMM+X2,4,133,4_133.png,0.9827856440772521
VF,FLMM+X2,4,134,4_134.png,0.9795858508828533
VF,FLMM+X2,4,135,4_135.png,0.9816813575583139
VF,FLMM+X2,4,136,4_136.png,0.9796806966618288
VF,FLMM+X2,4,137,4_137.png,0.9748942259830762
VF,FLMM+X2,4,138,4_138.png,0.9787032013022247
VF,FLMM+X2,4,139,4_139.png,0.9783181632930308
VF,FLMM+X2,4,140,4_140.png,0.9757986994628216
VF,FLMM+X2,4,141,4_141.png,0.9763212941012411
VF,FLMM+X2,4,142,4_142.png,0.9718506322745878
VF,FLMM+X2,4,143,4_143.png,0.9762756067808017
VF,FLMM+X2,4,144,4_144.png,0.9699834847233691
VF,FLMM+X2,4,145,4_145.png,0.9669093707452792
VF,FLMM+X2,4,146,4_146.png,0.9673569673569674
VF,FLMM+X2,4,147,4_147.png,0.9721144171338221
VF,FLMM+X2,4,148,4_148.png,0.972936092790539
VF,FLMM+X2,4,149,4_149.png,0.9733614664380852
VF,FLMM+X2,4,150,4_150.png,0.9785529106764081
VF,FLMM+X2,4,151,4_151.png,0.9765385625492428
VF,FLMM+X2,4,152,4_152.png,0.9819477620707209
VF,FLMM+X2,4,153,4_153.png,0.9560537768106931
VF,FLMM+X2,4,154,4_154.png,0.9755696607151011
VF,FLMM+X2,4,155,4_155.png,0.9761096441594367
VF,FLMM+X2,4,156,4_156.png,0.9685290205138977
VF,FLMM+X2,4,157,4_157.png,0.9731703736328269
VF,FLMM+X2,4,158,4_158.png,0.9426913155631986
VF,FLMM+X2,4,159,4_159.png,0.9756425537116836
VF,FLMM+X2,4,160,4_160.png,0.9698806132961638
VF,FLMM+X2,4,161,4_161.png,0.9818693625522126
VF,FLMM+X2,4,162,4_162.png,0.9783696291936433
VF,FLMM+X2,4,163,4_163.png,0.9782266208846697
VF,FLMM+X2,4,164,4_164.png,0.9757406111499883
VF,FLMM+X2,4,165,4_165.png,0.9699902372766246
VF,FLMM+X2,4,166,4_166.png,0.9774332268118515
VF,FLMM+X2,4,167,4_167.png,0.9756512987264352
VF,FLMM+X2,4,168,4_168.png,0.9753113682536878
VF,FLMM+X2,4,169,4_169.png,0.967207019631172
VF,FLMM+X2,4,170,4_170.png,0.9810852587048486
VF,FLMM+X2,4,171,4_171.png,0.9761777659148538
VF,FLMM+X2,4,172,4_172.png,0.982718372182154
VF,FLMM+X2,4,173,4_173.png,0.9774175064882538
VF,FLMM+X2,4,174,4_174.png,0.9709392528941401
VF,FLMM+X2,4,175,4_175.png,0.9747261375107489
VF,FLMM+X2,4,176,4_176.png,0.9755971543261397
VF,FLMM+X2,5,0,5_000.png,0.9231782610405442
VF,FLMM+X2,5,1,5_001.png,0.9446610745862616
VF,FLMM+X2,5,2,5_002.png,0.9459225402934809
VF,FLMM+X2,5,3,5_003.png,0.9401964086751483
VF,FLMM+X2,5,4,5_004.png,0.9412003361636769
VF,FLMM+X2,5,5,5_005.png,0.9484895896016368
VF,FLMM+X2,5,6,5_006.png,0.9403485254691689
VF,FLMM+X2,5,7,5_007.png,0.9470770232861098
VF,FLMM+X2,5,8,5_008.png,0.9291072768192048
VF,FLMM+X2,5,9,5_009.png,0.9454855195911414
VF,FLMM+X2,5,10,5_010.png,0.935031246315293
VF,FLMM+X2,5,11,5_011.png,0.932665462309082
VF,FLMM+X2,5,12,5_012.png,0.932020264681555
VF,FLMM+X2,5,13,5_013.png,0.9353864145794757
VF,FLMM+X2,5,14,5_014.png,0.9287085933749399
VF,FLMM+X2,5,15,5_015.png,0.9405420103326384
VF,FLMM+X2,5,16,5_016.png,0.9302123272223475
VF,FLMM+X2,5,17,5_017.png,0.9338252172487292
VF,FLMM+X2,5,18,5_018.png,0.9284869299751956
VF,FLMM+X2,5,19,5_019.png,0.9302363621493416
VF,FLMM+X2,5,20,5_020.png,0.9570377800066867
VF,FLMM+X2,5,21,5_021.png,0.9536723163841808
VF,FLMM+X2,5,22,5_022.png,0.9544157079837384
VF,FLMM+X2,5,23,5_023.png,0.9567262464722484
VF,FLMM+X2,5,24,5_024.png,0.9557053442465094
VF,FLMM+X2,5,25,5_025.png,0.9510206441912913
VF,FLMM+X2,5,26,5_026.png,0.9516233281956943
VF,FLMM+X2,5,27,5_027.png,0.9389103554868624
VF,FLMM+X2,5,28,5_028.png,0.9489997580059691
VF,FLMM+X2,5,29,5_029.png,0.9476387323061506
VF,FLMM+X2,5,30,5_030.png,0.9492654217187362
VF,FLMM+X2,5,31,5_031.png,0.9368675804802737
VF,FLMM+X2,5,32,5_032.png,0.9448495429803841
VF,FLMM+X2,5,33,5_033.png,0.9400643809718461
VF,FLMM+X2,5,34,5_034.png,0.9456089087269631
VF,FLMM+X2,5,35,5_035.png,0.9387431901685037
VF,FLMM+X2,5,36,5_036.png,0.9407884543019678
VF,FLMM+X2,5,37,5_037.png,0.954331300401769
VF,FLMM+X2,5,38,5_038.png,0.9602868697080753
VF,FLMM+X2,5,39,5_039.png,0.9599914572506585
VF,FLMM+X2,5,40,5_040.png,0.9657335715703792
VF,FLMM+X2,5,41,5_041.png,0.9650884955752213
VF,FLMM+X2,5,42,5_042.png,0.9544851732003607
VF,FLMM+X2,5,43,5_043.png,0.9521146807645384
VF,FLMM+X2,5,44,5_044.png,0.9514540115563134
VF,FLMM+X2,5,45,5_045.png,0.9552128010557571
VF,FLMM+X2,5,46,5_046.png,0.946461015114616
VF,FLMM+X2,5,47,5_047.png,0.9216222941030107
VF,FLMM+X2,5,48,5_048.png,0.9398929147718939
VF,FLMM+X2,5,49,5_049.png,0.9408667323282067
VF,FLMM+X2,5,50,5_050.png,0.952608376193975
VF,FLMM+X2,5,51,5_051.png,0.9549792563847743
VF,FLMM+X2,5,52,5_052.png,0.9550472100641396
VF,FLMM+X2,5,53,5_053.png,0.9540250256991953
VF,FLMM+X2,5,54,5_054.png,0.9555330975240021
VF,FLMM+X2,5,55,5_055.png,0.9683361545354974
VF,FLMM+X2,5,56,5_056.png,0.9690749714161268
VF,FLMM+X2,5,57,5_057.png,0.9639881451657999
VF,FLMM+X2,5,58,5_058.png,0.9563408410074337
VF,FLMM+X2,5,59,5_059.png,0.9569924220057081
VF,FLMM+X2,5,60,5_060.png,0.9396886364565031
VF,FLMM+X2,5,61,5_061.png,0.9475344257250558
VF,FLMM+X2,5,62,5_062.png,0.9304505594194133
VF,FLMM+X2,5,63,5_063.png,0.9405430054721482
VF,FLMM+X2,5,64,5_064.png,0.9404560260586319
VF,FLMM+X2,5,65,5_065.png,0.9514577652593413
VF,FLMM+X2,5,66,5_066.png,0.9419873172828891
VF,FLMM+X2,5,67,5_067.png,0.9432348943531447
VF,FLMM+X2,5,68,5_068.png,0.9464675798617358
VF,FLMM+X2,5,69,5_069.png,0.9391548984995587
VF,FLMM+X2,5,70,5_070.png,0.9418456146603701
VF,FLMM+X2,5,71,5_071.png,0.9346147581039257
VF,FLMM+X2,5,72,5_072.png,0.9488507731859868
VF,FLMM+X2,5,73,5_073.png,0.9512380441583982
VF,FLMM+X2,5,74,5_074.png,0.9517177878805317
VF,FLMM+X2,5,75,5_075.png,0.9492138583553639
VF,FLMM+X2,5,76,5_076.png,0.9492995619551546
VF,FLMM+X2,5,77,5_077.png,0.9516567598330593
VF,FLMM+X2,5,78,5_078.png,0.9573936115930197
VF,FLMM+X2,5,79,5_079.png,0.9496181412289978
VF,FLMM+X2,5,80,5_080.png,0.9444572681631946
VF,FLMM+X2,5,81,5_081.png,0.9376284298319836
VF,FLMM+X2,5,82,5_082.png,0.952878138395591
VF,FLMM+X2,5,83,5_083.png,0.9536203398427593
VF,FLMM+X2,5,84,5_084.png,0.9516390256543146
VF,FLMM+X2,5,85,5_085.png,0.951543264942016
VF,FLMM+X2,5,86,5_086.png,0.9519058823529412
VF,FLMM+X2,5,87,5_087.png,0.9529977232481659
VF,FLMM+X2,5,88,5_088.png,0.9531774275546517
VF,FLMM+X2,5,89,5_089.png,0.9545939357001372
VF,FLMM+X2,5,90,5_090.png,0.9455792382080126
VF,FLMM+X2,5,91,5_091.png,0.947375143696513
VF,FLMM+X2,5,92,5_092.png,0.9420555477231073
VF,FLMM+X2,5,93,5_093.png,0.926921834625323
VF,FLMM+X2,5,94,5_094.png,0.9293140848230982
VF,FLMM+X2,5,95,5_095.png,0.9386477749501341
VF,FLMM+X2,5,96,5_096.png,0.9329805996472663
VF,FLMM+X2,5,97,5_097.png,0.9239270941054809
VF,FLMM+X2,5,98,5_098.png,0.9395910199487212
VF,FLMM+X2,5,99,5_099.png,0.9335298363811357
VF,FLMM+X2,5,100,5_100.png,0.9301113327755969
VF,FLMM+X2,5,101,5_101.png,0.9365257595772787
VF,FLMM+X2,5,102,5_102.png,0.9433146103686487
VF,FLMM+X2,5,103,5_103.png,0.9592783842081182
VF,FLMM+X2,5,104,5_104.png,0.958372000530293
VF,FLMM+X2,5,105,5_105.png,0.9430056801771445
VF,FLMM+X2,5,106,5_106.png,0.9463869463869464
VF,FLMM+X2,5,107,5_107.png,0.9361408072842567
VF,FLMM+X2,5,108,5_108.png,0.9461439185182602
VF,FLMM+X2,5,109,5_109.png,0.9460573052332465
VF,FLMM+X2,5,110,5_110.png,0.9358270989193682
VF,FLMM+X2,5,111,5_111.png,0.9404599271402551
VF,FLMM+X2,5,112,5_112.png,0.9390800900611129
VF,FLMM+X2,5,113,5_113.png,0.9416441528367425
VF,FLMM+X2,5,114,5_114.png,0.9433629877565402
VF,FLMM+X2,5,115,5_115.png,0.9411836337067706
VF,FLMM+X2,5,116,5_116.png,0.9480712166172107
VF,FLMM+X2,5,117,5_117.png,0.9397821909032671
VF,FLMM+X2,5,118,5_118.png,0.9442142174051642
VF,FLMM+X2,5,119,5_119.png,0.9456985201906195
VF,FLMM+X2,5,120,5_120.png,0.9467292931607286
VF,FLMM+X2,5,121,5_121.png,0.9442180830422973
VF,FLMM+X2,5,122,5_122.png,0.9443046759781383
VF,FLMM+X2,5,123,5_123.png,0.9354760558830655
VF,FLMM+X2,5,124,5_124.png,0.9395805938127206
VF,FLMM+X2,5,125,5_125.png,0.9472092730250724
VF,FLMM+X2,5,126,5_126.png,0.9566069096521429
VF,FLMM+X2,5,127,5_127.png,0.9546976121401473
VF,FLMM+X2,5,128,5_128.png,0.9451236689390952
VF,FLMM+X2,5,129,5_129.png,0.9471561319309711
VF,FLMM+X2,5,130,5_130.png,0.9347033136398665
VF,FLMM+X2,5,131,5_131.png,0.921742209631728
VF,FLMM+X2,5,132,5_132.png,0.9193410247367626
VF,FLMM+X2,5,133,5_133.png,0.9254733308858236
VF,FLMM+X2,5,134,5_134.png,0.9264208389715832
VF,FLMM+X2,5,135,5_135.png,0.938464980980085
VF,FLMM+X2,5,136,5_136.png,0.9319444444444445
VF,FLMM+X2,5,137,5_137.png,0.9352894423102398
VF,FLMM+X2,5,138,5_138.png,0.9264916810097533
VF,FLMM+X2,5,139,5_139.png,0.9380012832852102
VF,FLMM+X2,5,140,5_140.png,0.9379441624365482
VF,FLMM+X2,5,141,5_141.png,0.9529827422204104
VF,FLMM+X2,5,142,5_142.png,0.942266824085006
VF,FLMM+X2,5,143,5_143.png,0.9459433601224646
VF,FLMM+X2,5,144,5_144.png,0.9412118607649334
VF,FLMM+X2,5,145,5_145.png,0.9470258426242186
VF,FLMM+X2,5,146,5_146.png,0.9345417925478349
VF,FLMM+X2,5,147,5_147.png,0.9392223219835624
VF,FLMM+X2,5,148,5_148.png,0.9334978655282817
VF,FLMM+X2,5,149,5_149.png,0.9304330975680651
VF,FLMM+X2,5,150,5_150.png,0.9089987839481152
VF,FLMM+X2,5,151,5_151.png,0.9142954700660141
VF,FLMM+X2,5,152,5_152.png,0.9289203084832904
VF,FLMM+X2,5,153,5_153.png,0.9170048985304409
VF,FLMM+X2,5,154,5_154.png,0.9330268199233717
VF,FLMM+X2,5,155,5_155.png,0.9471926196914268
VF,FLMM+X2,5,156,5_156.png,0.9445319886542705
VF,FLMM+X2,5,157,5_157.png,0.9321810699588478
VF,FLMM+X2,5,158,5_158.png,0.9178559575174245
VF,FLMM+X2,5,159,5_159.png,0.9193164933135215
VF,FLMM+X2,5,160,5_160.png,0.9241209927611168
VF,FLMM+X2,5,161,5_161.png,0.9023085952784662
VF,FLMM+X2,5,162,5_162.png,0.8930850371142076
VF,FLMM+X2,5,163,5_163.png,0.9036817102137767
VF,FLMM+X2,5,164,5_164.png,0.9049640757674723
VF,FLMM+X2,5,165,5_165.png,0.914195455008662
VF,FLMM+X2,5,166,5_166.png,0.9127756160830091
VF,FLMM+X2,5,167,5_167.png,0.9001799513072933
VF,FLMM+X2,5,168,5_168.png,0.9035944317473509
VF,FLMM+X2,5,169,5_169.png,0.9265442404006677
VF,FLMM+X2,5,170,5_170.png,0.9212164073550212
VF,FLMM+X2,5,171,5_171.png,0.9375545851528384
VF,FLMM+X2,5,172,5_172.png,0.9455344529901114
VF,FLMM+X2,5,173,5_173.png,0.9416928938214345
VF,FLMM+X2,5,174,5_174.png,0.9191136487221316
VF,FLMM+X2,5,175,5_175.png,0.9161702127659574
VF,FLMM+X2,5,176,5_176.png,0.9147540983606557
VF,FLMM+X2,5,177,5_177.png,0.928271744392448
VF,FLMM+X2,5,178,5_178.png,0.9278630239520959
VF,FLMM+X2,5,179,5_179.png,0.9424997195108269
VF,FLMM+X2,5,180,5_180.png,0.9355997127124731
VF,FLMM+X2,5,181,5_181.png,0.946316463805253
VF,FLMM+X2,5,182,5_182.png,0.9441722086104305
VF,FLMM+X2,5,183,5_183.png,0.947886144830473
VF,FLMM+X2,5,184,5_184.png,0.940566037735849
VF,FLMM+X2,5,185,5_185.png,0.9401112220162555
VF,FLMM+X2,5,186,5_186.png,0.9282544378698225
VF,FLMM+X2,5,187,5_187.png,0.9282393610680654
VF,FLMM+X2,5,188,5_188.png,0.9192224100458827
VF,FLMM+X2,5,189,5_189.png,0.9417892156862745
VF,FLMM+X2,5,190,5_190.png,0.9255765199161425
VF,FLMM+X2,5,191,5_191.png,0.9508904479222882
VF,FLMM+X2,5,192,5_192.png,0.9376169681846538
VF,FLMM+X2,5,193,5_193.png,0.9476976167367627
VF,FLMM+X2,5,194,5_194.png,0.9586384734399175
VF,FLMM+X2,5,195,5_195.png,0.9341705913134485
VF,FLMM+X2,5,196,5_196.png,0.9324945295404814
VF,FLMM+X2,5,197,5_197.png,0.9409998233527646
VF,FLMM+X2,5,198,5_198.png,0.9605568445475638
VF,FLMM+X2,5,199,5_199.png,0.9283154121863799
VF,FLMM+X2,5,200,5_200.png,0.9182813816343723
VF,FLMM+X2,5,201,5_201.png,0.9304435483870968
VF,FLMM+X2,5,202,5_202.png,0.9234972677595629
VF,FLMM+X2,5,203,5_203.png,0.9405143373592967
VF,FLMM+X2,5,204,5_204.png,0.9443148468658289
VF,FLMM+X2,5,205,5_205.png,0.9235239256761604
VF,FLMM+X2,5,206,5_206.png,0.9214931121315361
VF,FLMM+X2,5,207,5_207.png,0.9176801801801802
VF,FLMM+X2,5,208,5_208.png,0.9192450125433043
VF,FLMM+X2,5,209,5_209.png,0.9257958801498127
VF,FLMM+X2,5,210,5_210.png,0.934849697108241
VF,FLMM+X2,5,211,5_211.png,0.9354415431045795
VF,FLMM+X2,5,212,5_212.png,0.940227304616248
VF,FLMM+X2,5,213,5_213.png,0.9279294137049559
VF,FLMM+X2,5,214,5_214.png,0.9293715738460316
VF,FLMM+X2,6,0,6_000.png,0.9416417025405651
VF,FLMM+X2,6,1,6_001.png,0.9529969678847586
VF,FLMM+X2,6,2,6_002.png,0.9423295051751028
VF,FLMM+X2,6,3,6_003.png,0.9361546470075128
VF,FLMM+X2,6,4,6_004.png,0.942447450384436
VF,FLMM+X2,6,5,6_005.png,0.9463133789188491
VF,FLMM+X2,6,6,6_006.png,0.9555160984848485
VF,FLMM+X2,6,7,6_007.png,0.9678498511794947
VF,FLMM+X2,6,8,6_008.png,0.9623600989806806
VF,FLMM+X2,6,9,6_009.png,0.9543193881389226
VF,FLMM+X2,6,10,6_010.png,0.9537571496038201
VF,FLMM+X2,6,11,6_011.png,0.948644793152639
VF,FLMM+X2,6,12,6_012.png,0.9531557919901789
VF,FLMM+X2,6,13,6_013.png,0.9455449314144612
VF,FLMM+X2,6,14,6_014.png,0.9455022680714077
VF,FLMM+X2,6,15,6_015.png,0.9297543848398371
VF,FLMM+X2,6,16,6_016.png,0.9324889418939931
VF,FLMM+X2,6,17,6_017.png,0.9479613358523006
VF,FLMM+X2,6,18,6_018.png,0.9376977757395093
VF,FLMM+X2,6,19,6_019.png,0.9413608813781984
VF,FLMM+X2,6,20,6_020.png,0.9440088045123125
VF,FLMM+X2,6,21,6_021.png,0.9663050506501903
VF,FLMM+X2,6,22,6_022.png,0.9619055784179241
VF,FLMM+X2,6,23,6_023.png,0.966439827153466
VF,FLMM+X2,6,24,6_024.png,0.9479755099279504
VF,FLMM+X2,6,25,6_025.png,0.94060365844965
VF,FLMM+X2,6,26,6_026.png,0.9381549668709521
VF,FLMM+X2,6,27,6_027.png,0.9410669283436295
VF,FLMM+X2,6,28,6_028.png,0.948608069407008
VF,FLMM+X2,6,29,6_029.png,0.9423303256178893
VF,FLMM+X2,6,30,6_030.png,0.9436660976373499
VF,FLMM+X2,6,31,6_031.png,0.9484525832459597
VF,FLMM+X2,6,32,6_032.png,0.9410373244963809
VF,FLMM+X2,6,33,6_033.png,0.945711581325761
VF,FLMM+X2,6,34,6_034.png,0.9462841599883167
VF,FLMM+X2,6,35,6_035.png,0.9539293057385223
VF,FLMM+X2,6,36,6_036.png,0.9626224899044888
VF,FLMM+X2,6,37,6_037.png,0.9664017823988117
VF,FLMM+X2,6,38,6_038.png,0.9656259472567444
VF,FLMM+X2,6,39,6_039.png,0.9688942624752693
VF,FLMM+X2,6,40,6_040.png,0.9661149235708185
VF,FLMM+X2,6,41,6_041.png,0.9559272218334499
VF,FLMM+X2,6,42,6_042.png,0.9483418284632246
VF,FLMM+X2,6,43,6_043.png,0.9533718782816517
VF,FLMM+X2,6,44,6_044.png,0.9501058251960172
VF,FLMM+X2,6,45,6_045.png,0.95336383886932
VF,FLMM+X2,6,46,6_046.png,0.9611795291412473
VF,FLMM+X2,6,47,6_047.png,0.9716574573848484
VF,FLMM+X2,6,48,6_048.png,0.9666291096454026
VF,FLMM+X2,6,49,6_049.png,0.9725403015474801
VF,FLMM+X2,6,50,6_050.png,0.9697010306766405
VF,FLMM+X2,6,51,6_051.png,0.9691975464024059
VF,FLMM+X2,6,52,6_052.png,0.9594147772474145
VF,FLMM+X2,6,53,6_053.png,0.9468792666276575
VF,FLMM+X2,6,54,6_054.png,0.9500929707333226
VF,FLMM+X2,6,55,6_055.png,0.9443305037201902
VF,FLMM+X2,6,56,6_056.png,0.9499806201550388
VF,FLMM+X2,6,57,6_057.png,0.9467766191600188
VF,FLMM+X2,6,58,6_058.png,0.9498644137573051
VF,FLMM+X2,6,59,6_059.png,0.9487985064139883
VF,FLMM+X2,6,60,6_060.png,0.9560916576780406
VF,FLMM+X2,6,61,6_061.png,0.9575495602921449
VF,FLMM+X2,6,62,6_062.png,0.9537670519990563
VF,FLMM+X2,6,63,6_063.png,0.9542328612848345
VF,FLMM+X2,6,64,6_064.png,0.9656858878283505
VF,FLMM+X2,6,65,6_065.png,0.9688887537254425
VF,FLMM+X2,6,66,6_066.png,0.9674544985351489
VF,FLMM+X2,6,67,6_067.png,0.9612031028129511
VF,FLMM+X2,6,68,6_068.png,0.9588709677419355
VF,FLMM+X2,6,69,6_069.png,0.9577747727326023
VF,FLMM+X2,6,70,6_070.png,0.9508153644021949
VF,FLMM+X2,6,71,6_071.png,0.9590369491022407
VF,FLMM+X2,6,72,6_072.png,0.956843430935996
VF,FLMM+X2,6,73,6_073.png,0.950226407997338
VF,FLMM+X2,6,74,6_074.png,0.9325442472092232
VF,FLMM+X2,6,75,6_075.png,0.9283500222368971
VF,FLMM+X2,6,76,6_076.png,0.9475721007075387
VF,FLMM+X2,6,77,6_077.png,0.9441921495863618
VF,FLMM+X2,6,78,6_078.png,0.9521809678343037
VF,FLMM+X2,6,79,6_079.png,0.9635404627314182
VF,FLMM+X2,6,80,6_080.png,0.9639089991192077
VF,FLMM+X2,6,81,6_081.png,0.9662941439427805
VF,FLMM+X2,6,82,6_082.png,0.962439893143366
VF,FLMM+X2,6,83,6_083.png,0.9505755007366993
VF,FLMM+X2,6,84,6_084.png,0.9555626372069966
VF,FLMM+X2,6,85,6_085.png,0.9492689647143286
VF,FLMM+X2,6,86,6_086.png,0.9501337897926259
VF,FLMM+X2,6,87,6_087.png,0.9399909706546276
VF,FLMM+X2,6,88,6_088.png,0.9418766916729885
VF,FLMM+X2,6,89,6_089.png,0.9494160185690375
VF,FLMM+X2,6,90,6_090.png,0.9415725416491798
VF,FLMM+X2,6,91,6_091.png,0.9472981261995687
VF,FLMM+X2,6,92,6_092.png,0.938971099980604
VF,FLMM+X2,6,93,6_093.png,0.9332019057006735
VF,FLMM+X2,6,94,6_094.png,0.9358178324466346
VF,FLMM+X2,6,95,6_095.png,0.9535954547582999
VF,FLMM+X2,6,96,6_096.png,0.9551052168617633
VF,FLMM+X2,6,97,6_097.png,0.9630065023327578
VF,FLMM+X2,6,98,6_098.png,0.9690830950983548
VF,FLMM+X2,6,99,6_099.png,0.9591488374405462
VF,FLMM+X2,6,100,6_100.png,0.9625007887928314
VF,FLMM+X2,6,101,6_101.png,0.9505985634477254
VF,FLMM+X2,6,102,6_102.png,0.953546918093772
VF,FLMM+X2,6,103,6_103.png,0.9445228020686413
VF,FLMM+X2,6,104,6_104.png,0.9368125359596575
VF,FLMM+X2,6,105,6_105.png,0.9395932634254845
VF,FLMM+X2,6,106,6_106.png,0.9406297919796781
VF,FLMM+X2,6,107,6_107.png,0.9442834919864704
VF,FLMM+X2,6,108,6_108.png,0.9435081889389983
VF,FLMM+X2,6,109,6_109.png,0.9510877267573696
VF,FLMM+X2,6,110,6_110.png,0.9561842818428185
VF,FLMM+X2,6,111,6_111.png,0.9664497987539284
VF,FLMM+X2,6,112,6_112.png,0.9615976754775896
VF,FLMM+X2,6,113,6_113.png,0.962879594008349
VF,FLMM+X2,6,114,6_114.png,0.9490328802518333
VF,FLMM+X2,6,115,6_115.png,0.9459527809389621
VF,FLMM+X2,6,116,6_116.png,0.9411658319421258
VF,FLMM+X2,6,117,6_117.png,0.9389602254932665
VF,FLMM+X2,6,118,6_118.png,0.9424885378668719
VF,FLMM+X2,6,119,6_119.png,0.9363421608852418
VF,FLMM+X2,6,120,6_120.png,0.9426604942807456
VF,FLMM+X2,6,121,6_121.png,0.9371483996120271
VF,FLMM+X2,6,122,6_122.png,0.9336342023612846
VF,FLMM+X2,6,123,6_123.png,0.9239792064690985
VF,FLMM+X2,6,124,6_124.png,0.9282520990077417
VF,FLMM+X2,6,125,6_125.png,0.9362630414163768
VF,FLMM+X2,6,126,6_126.png,0.9500967117988395
VF,FLMM+X2,6,127,6_127.png,0.9511889077106468
VF,FLMM+X2,6,128,6_128.png,0.9454010462074979
VF,FLMM+X2,6,129,6_129.png,0.9427252602326787
VF,FLMM+X2,6,130,6_130.png,0.9260925449871465
VF,FLMM+X2,6,131,6_131.png,0.9406865321635063
VF,FLMM+X2,6,132,6_132.png,0.9290913269996935
VF,FLMM+X2,6,133,6_133.png,0.9188547639046124
VF,FLMM+X2,6,134,6_134.png,0.8736698135237015
VF,FLMM+X2,6,135,6_135.png,0.9375950076006081
VF,FLMM+X2,6,136,6_136.png,0.9351486775094464
VF,FLMM+X2,6,137,6_137.png,0.9334795321637427
VF,FLMM+X2,6,138,6_138.png,0.9256600966902194
VF,FLMM+X2,6,139,6_139.png,0.9451569561499938
VF,FLMM+X2,6,140,6_140.png,0.9399919271650895
VF,FLMM+X2,6,141,6_141.png,0.9479287090558767
VF,FLMM+X2,6,142,6_142.png,0.9206045650832819
VF,FLMM+X2,6,143,6_143.png,0.8793683058400438
VF,FLMM+X2,6,144,6_144.png,0.8476488176134819
VF,FLMM+X2,6,145,6_145.png,0.8282690337999317
VF,FLMM+X2,6,146,6_146.png,0.9247655583972719
VF,FLMM+X2,6,147,6_147.png,0.9633268593625043
VF,FLMM+X2,6,148,6_148.png,0.9481681931723563
VF,FLMM+X2,6,149,6_149.png,0.927595768717264
VF,FLMM+X2,6,150,6_150.png,0.9086947047286991
VF,FLMM+X2,6,151,6_151.png,0.9091556076526981
VF,FLMM+X2,6,152,6_152.png,0.9063141373898346
VF,FLMM+X2,6,153,6_153.png,0.915022653490778
VF,FLMM+X2,6,154,6_154.png,0.9179862842892768
VF,FLMM+X2,6,155,6_155.png,0.9242769128046374
VF,FLMM+X2,6,156,6_156.png,0.9248736800701945
VF,FLMM+X2,6,157,6_157.png,0.9349957441442578
VF,FLMM+X2,6,158,6_158.png,0.9408463251670378
VF,FLMM+X2,6,159,6_159.png,0.9242889747191011
VF,FLMM+X2,6,160,6_160.png,0.9417490045715972
VF,FLMM+X2,6,161,6_161.png,0.9335389944255019
VF,FLMM+X2,6,162,6_162.png,0.9264674793883447
VF,FLMM+X2,6,163,6_163.png,0.9464499903269491
VF,FLMM+X2,6,164,6_164.png,0.9411493094908282
VF,FLMM+X2,6,165,6_165.png,0.9541083916083916
VF,FLMM+X2,6,166,6_166.png,0.9557390362750406
VF,FLMM+X2,6,167,6_167.png,0.9550252860018658
VF,FLMM+X2,6,168,6_168.png,0.9363818871291546
VF,FLMM+X2,6,169,6_169.png,0.906989247311828
VF,FLMM+X2,6,170,6_170.png,0.9105999062646462
VF,FLMM+X2,6,171,6_171.png,0.9245073755037155
VF,FLMM+X2,6,172,6_172.png,0.9283609082992833
VF,FLMM+X2,6,173,6_173.png,0.9348864085642165
VF,FLMM+X2,6,174,6_174.png,0.9415576205828434
VF,FLMM+X2,6,175,6_175.png,0.9346636180974156
VF,FLMM+X2,6,176,6_176.png,0.9353649893692416
VF,FLMM+X2,6,177,6_177.png,0.9432416617905208
VF,FLMM+X2,6,178,6_178.png,0.9419538383884734
VF,FLMM+X2,6,179,6_179.png,0.9386878128737872
VF,FLMM+X2,6,180,6_180.png,0.9483390064199233
VF,FLMM+X2,6,181,6_181.png,0.9567597922223782
VF,FLMM+X2,6,182,6_182.png,0.9563502209884209
VF,FLMM+X2,6,183,6_183.png,0.9418022141134269
VF,FLMM+X2,6,184,6_184.png,0.9355363828748169
VF,FLMM+X2,6,185,6_185.png,0.9294700146516445
VF,FLMM+X2,6,186,6_186.png,0.9386005347100581
VF,FLMM+X2,6,187,6_187.png,0.9314462111945949
VF,FLMM+X2,6,188,6_188.png,0.9471027030093315
VF,FLMM+X2,6,189,6_189.png,0.9481215330307615
VF,FLMM+X2,6,190,6_190.png,0.9475668753557199
VF,FLMM+X2,6,191,6_191.png,0.9315236616972891
VF,FLMM+X2,6,192,6_192.png,0.8961950751738074
VF,FLMM+X2,6,193,6_193.png,0.9253963857924254
VF,FLMM+X2,6,194,6_194.png,0.9385756097560976
VF,FLMM+X2,6,195,6_195.png,0.854765338954843
VF,FLMM+X2,6,196,6_196.png,0.9207329217287393
VF,FLMM+X2,6,197,6_197.png,0.9548226164079823
VF,FLMM+X2,6,198,6_198.png,0.9514712539610684
VF,FLMM+X2,6,199,6_199.png,0.9144922980194907
VF,FLMM+X2,6,200,6_200.png,0.9244702482876712
VF,FLMM+X2,6,201,6_201.png,0.9228569368676552
VF,FLMM+X2,6,202,6_202.png,0.9295112781954887
VF,FLMM+X2,6,203,6_203.png,0.93202746365105
VF,FLMM+X2,6,204,6_204.png,0.9427496865858754
VF,FLMM+X2,6,205,6_205.png,0.9483754976242456
VF,FLMM+X2,6,206,6_206.png,0.9376177177372216
VF,FLMM+X2,6,207,6_207.png,0.9350997411298919
VF,FLMM+X2,6,208,6_208.png,0.9278541770959098
VF,FLMM+X2,6,209,6_209.png,0.9299372484016102
VF,FLMM+X2,6,210,6_210.png,0.9410656918134486
VF,FLMM+X2,6,211,6_211.png,0.9436129248283944
VF,FLMM+X2,6,212,6_212.png,0.9414326877973598
VF,FLMM+X2,6,213,6_213.png,0.9449779519843214
VF,FLMM+X2,6,214,6_214.png,0.9552354209905181
VF,FLMM+X2,6,215,6_215.png,0.9455018238289573
VF,FLMM+X2,7,0,7_000.png,0.9601359850957787
VF,FLMM+X2,7,1,7_001.png,0.967728852838934
VF,FLMM+X2,7,2,7_002.png,0.9721002828992293
VF,FLMM+X2,7,3,7_003.png,0.9543257862378813
VF,FLMM+X2,7,4,7_004.png,0.9633171576888456
VF,FLMM+X2,7,5,7_005.png,0.9666701473640243
VF,FLMM+X2,7,6,7_006.png,0.9658721306877
VF,FLMM+X2,7,7,7_007.png,0.9536082943022145
VF,FLMM+X2,7,8,7_008.png,0.9724777183600714
VF,FLMM+X2,7,9,7_009.png,0.9661085936016064
VF,FLMM+X2,7,10,7_010.png,0.9636011877980744
VF,FLMM+X2,7,11,7_011.png,0.9575900141411944
VF,FLMM+X2,7,12,7_012.png,0.9563407916544798
VF,FLMM+X2,7,13,7_013.png,0.9704102016306676
VF,FLMM+X2,7,14,7_014.png,0.9557544891622765
VF,FLMM+X2,7,15,7_015.png,0.9556702320635516
VF,FLMM+X2,7,16,7_016.png,0.9597382923707786
VF,FLMM+X2,7,17,7_017.png,0.955129092887526
VF,FLMM+X2,7,18,7_018.png,0.9604822365076159
VF,FLMM+X2,7,19,7_019.png,0.9660307629384011
VF,FLMM+X2,7,20,7_020.png,0.9650329175763964
VF,FLMM+X2,7,21,7_021.png,0.9737317175094025
VF,FLMM+X2,7,22,7_022.png,0.9567736110878906
VF,FLMM+X2,7,23,7_023.png,0.973629452104705
VF,FLMM+X2,7,24,7_024.png,0.9619504847971383
VF,FLMM+X2,7,25,7_025.png,0.9698421260254563
VF,FLMM+X2,7,26,7_026.png,0.9760423200079226
VF,FLMM+X2,7,27,7_027.png,0.9732867466052569
VF,FLMM+X2,7,28,7_028.png,0.976589258683111
VF,FLMM+X2,7,29,7_029.png,0.9753700146876059
VF,FLMM+X2,7,30,7_030.png,0.97552630269248
VF,FLMM+X2,7,31,7_031.png,0.9692161649037158
VF,FLMM+X2,7,32,7_032.png,0.9522428988512647
VF,FLMM+X2,7,33,7_033.png,0.9555801104972376
VF,FLMM+X2,7,34,7_034.png,0.9650824649684252
VF,FLMM+X2,7,35,7_035.png,0.9744290779895773
VF,FLMM+X2,7,36,7_036.png,0.9691931975731057
VF,FLMM+X2,7,37,7_037.png,0.9741261342651025
VF,FLMM+X2,7,38,7_038.png,0.9755554269844944
VF,FLMM+X2,7,39,7_039.png,0.9698107853825361
VF,FLMM+X2,7,40,7_040.png,0.9728449807635853
VF,FLMM+X2,7,41,7_041.png,0.9797527531317388
VF,FLMM+X2,7,42,7_042.png,0.9775331817623203
VF,FLMM+X2,7,43,7_043.png,0.9683731616947786
VF,FLMM+X2,7,44,7_044.png,0.9562311906782931
VF,FLMM+X2,7,45,7_045.png,0.9448282324079832
VF,FLMM+X2,7,46,7_046.png,0.9631577944231612
VF,FLMM+X2,7,47,7_047.png,0.9603864159327145
VF,FLMM+X2,7,48,7_048.png,0.9606240713224369
VF,FLMM+X2,7,49,7_049.png,0.9690164760323177
VF,FLMM+X2,7,50,7_050.png,0.9623121534870149
VF,FLMM+X2,7,51,7_051.png,0.9634903567657629
VF,FLMM+X2,7,52,7_052.png,0.9753022505100953
VF,FLMM+X2,7,53,7_053.png,0.9741357896915752
VF,FLMM+X2,7,54,7_054.png,0.9722408869477575
VF,FLMM+X2,7,55,7_055.png,0.9605120577924148
VF,FLMM+X2,7,56,7_056.png,0.9778269017134777
VF,FLMM+X2,7,57,7_057.png,0.9702678166137085
VF,FLMM+X2,7,58,7_058.png,0.9698790911281521
VF,FLMM+X2,7,59,7_059.png,0.9602818791946309
VF,FLMM+X2,7,60,7_060.png,0.9690751033205074
VF,FLMM+X2,7,61,7_061.png,0.9696315764093166
VF,FLMM+X2,7,62,7_062.png,0.9603995680345573
VF,FLMM+X2,7,63,7_063.png,0.9514980929653878
VF,FLMM+X2,7,64,7_064.png,0.9651692064120324
VF,FLMM+X2,7,65,7_065.png,0.9407113405241998
VF,FLMM+X2,7,66,7_066.png,0.9615415158768875
VF,FLMM+X2,7,67,7_067.png,0.9734327919453223
VF,FLMM+X2,7,68,7_068.png,0.9572712428484176
VF,FLMM+X2,7,69,7_069.png,0.9657805357644476
VF,FLMM+X2,7,70,7_070.png,0.9624604379852113
VF,FLMM+X2,7,71,7_071.png,0.9678167861286375
VF,FLMM+X2,7,72,7_072.png,0.9787960109995693
VF,FLMM+X2,7,73,7_073.png,0.9742328967897499
VF,FLMM+X2,7,74,7_074.png,0.9834937662627907
VF,FLMM+X2,7,75,7_075.png,0.9645922746781116
VF,FLMM+X2,7,76,7_076.png,0.9767746509262398
VF,FLMM+X2,7,77,7_077.png,0.9766455149626403
VF,FLMM+X2,7,78,7_078.png,0.9625240555049124
VF,FLMM+X2,7,79,7_079.png,0.9801911028980935
VF,FLMM+X2,7,80,7_080.png,0.9713826417737033
VF,FLMM+X2,7,81,7_081.png,0.9606780321164566
VF,FLMM+X2,7,82,7_082.png,0.9539383487820651
VF,FLMM+X2,7,83,7_083.png,0.9725111073729208
VF,FLMM+X2,7,84,7_084.png,0.981639848128729
VF,FLMM+X2,7,85,7_085.png,0.9798227636174697
VF,FLMM+X2,7,86,7_086.png,0.9810882164231696
VF,FLMM+X2,7,87,7_087.png,0.9733180799186485
VF,FLMM+X2,7,88,7_088.png,0.9619720871027867
VF,FLMM+X2,7,89,7_089.png,0.9752718521933721
VF,FLMM+X2,7,90,7_090.png,0.9671728000700127
VF,FLMM+X2,7,91,7_091.png,0.9569090636104299
VF,FLMM+X2,7,92,7_092.png,0.9605046829106091
VF,FLMM+X2,7,93,7_093.png,0.9752435064935064
VF,FLMM+X2,7,94,7_094.png,0.9616671396994951
VF,FLMM+X2,7,95,7_095.png,0.9743603473356358
VF,FLMM+X2,7,96,7_096.png,0.9802179411239293
VF,FLMM+X2,7,97,7_097.png,0.9851394113638697
VF,FLMM+X2,7,98,7_098.png,0.9671419319907
VF,FLMM+X2,7,99,7_099.png,0.9631472957422325
VF,FLMM+X2,7,100,7_100.png,0.9702082251831343
VF,FLMM+X2,7,101,7_101.png,0.9589391082182614
VF,FLMM+X2,7,102,7_102.png,0.9444576593720266
VF,FLMM+X2,7,103,7_103.png,0.9517699380972414
VF,FLMM+X2,7,104,7_104.png,0.9729529455353835
VF,FLMM+X2,7,105,7_105.png,0.9644425784782328
VF,FLMM+X2,7,106,7_106.png,0.9657448038915536
VF,FLMM+X2,7,107,7_107.png,0.9561763994888973
VF,FLMM+X2,7,108,7_108.png,0.9634977809223645
VF,FLMM+X2,7,109,7_109.png,0.9724613364458711
VF,FLMM+X2,7,110,7_110.png,0.9646807285884627
VF,FLMM+X2,7,111,7_111.png,0.9628397601435638
VF,FLMM+X2,7,112,7_112.png,0.9717605728955546
VF,FLMM+X2,7,113,7_113.png,0.9640335392762577
VF,FLMM+X2,7,114,7_114.png,0.9701334275868163
VF,FLMM+X2,7,115,7_115.png,0.9745932187982911
VF,FLMM+X2,7,116,7_116.png,0.9612625538020086
VF,FLMM+X2,7,117,7_117.png,0.9738649758159574
VF,FLMM+X2,7,118,7_118.png,0.9718432195722196
VF,FLMM+X2,7,119,7_119.png,0.9642808912896691
VF,FLMM+X2,7,120,7_120.png,0.9726844583987441
VF,FLMM+X2,7,121,7_121.png,0.9749146029035013
VF,FLMM+X2,7,122,7_122.png,0.97102320146887
VF,FLMM+X2,7,123,7_123.png,0.9585701002169645
VF,FLMM+X2,7,124,7_124.png,0.9552034963124829
VF,FLMM+X2,7,125,7_125.png,0.9670406967007201
VF,FLMM+X2,7,126,7_126.png,0.9622913371990863
VF,FLMM+X2,7,127,7_127.png,0.9679847499877804
VF,FLMM+X2,7,128,7_128.png,0.9702173445233484
VF,FLMM+X2,7,129,7_129.png,0.9756935270805812
VF,FLMM+X2,7,130,7_130.png,0.9637409352338084
VF,FLMM+X2,7,131,7_131.png,0.9741084695393759
VF,FLMM+X2,7,132,7_132.png,0.9734836038640994
VF,FLMM+X2,7,133,7_133.png,0.9666422394840979
VF,FLMM+X2,7,134,7_134.png,0.9715723415946095
VF,FLMM+X2,7,135,7_135.png,0.9670816509645581
VF,FLMM+X2,7,136,7_136.png,0.9646721586653927
VF,FLMM+X2,7,137,7_137.png,0.9678456591639871
VF,FLMM+X2,7,138,7_138.png,0.9422106462640404
VF,FLMM+X2,7,139,7_139.png,0.9514579357905661
VF,FLMM+X2,7,140,7_140.png,0.9633678294839284
VF,FLMM+X2,7,141,7_141.png,0.962014169635352
VF,FLMM+X2,7,142,7_142.png,0.9697321117940392
VF,FLMM+X2,7,143,7_143.png,0.9730826323602177
VF,FLMM+X2,7,144,7_144.png,0.9685500827629401
VF,FLMM+X2,7,145,7_145.png,0.9734146240305255
VF,FLMM+X2,7,146,7_146.png,0.9713346880539583
VF,FLMM+X2,7,147,7_147.png,0.9634634634634635
VF,FLMM+X2,7,148,7_148.png,0.957095193410489
VF,FLMM+X2,7,149,7_149.png,0.9617388381603271
VF,FLMM+X2,7,150,7_150.png,0.958944658944659
VF,FLMM+X2,7,151,7_151.png,0.9438202247191011
VF,FLMM+X2,7,152,7_152.png,0.9159647011632571
VF,FLMM+X2,7,153,7_153.png,0.9649805447470817
VF,FLMM+X2,7,154,7_154.png,0.9763139967510349
VF,FLMM+X2,7,155,7_155.png,0.9749248312248255
VF,FLMM+X2,7,156,7_156.png,0.9692462311557789
VF,FLMM+X2,7,157,7_157.png,0.968578971090078
VF,FLMM+X2,7,158,7_158.png,0.9537276575729069
VF,FLMM+X2,7,159,7_159.png,0.9597814346527733
VF,FLMM+X2,7,160,7_160.png,0.960226922365419
VF,FLMM+X2,7,161,7_161.png,0.9605282393645533
VF,FLMM+X2,7,162,7_162.png,0.951772746689449
VF,FLMM+X2,7,163,7_163.png,0.9611560498820357
VF,FLMM+X2,7,164,7_164.png,0.9692715912008902
VF,FLMM+X2,7,165,7_165.png,0.95022512142376
VF,FLMM+X2,7,166,7_166.png,0.9526042952357443
VF,FLMM+X2,7,167,7_167.png,0.9529896716224353
VF,FLMM+X2,7,168,7_168.png,0.9527147766323024
VF,FLMM+X2,7,169,7_169.png,0.9621116897108997
VF,FLMM+X2,7,170,7_170.png,0.9654722519919855
VF,FLMM+X2,7,171,7_171.png,0.9489215236346948
VF,FLMM+X2,7,172,7_172.png,0.9435796755948207
VF,FLMM+X2,7,173,7_173.png,0.9639802937348949
VF,FLMM+X2,7,174,7_174.png,0.9650148242270224
VF,FLMM+X2,7,175,7_175.png,0.9747229326513214
VF,FLMM+X2,7,176,7_176.png,0.9731590132126028
VF,FLMM+X2,7,177,7_177.png,0.9722688135972268
VF,FLMM+X2,7,178,7_178.png,0.9708904109589042
VF,FLMM+X2,7,179,7_179.png,0.9784321648651378
VF,FLMM+X2,7,180,7_180.png,0.9768721344880286
VF,FLMM+X2,7,181,7_181.png,0.967143691588785
VF,FLMM+X2,7,182,7_182.png,0.9662997174068919
VF,FLMM+X2,7,183,7_183.png,0.9593935668920304
VF,FLMM+X2,7,184,7_184.png,0.9660565583125502
VF,FLMM+X2,7,185,7_185.png,0.9644147323838392
VF,FLMM+X2,7,186,7_186.png,0.9656533922051457
VF,FLMM+X2,7,187,7_187.png,0.9625964067585039
VF,FLMM+X2,7,188,7_188.png,0.9613254299873676
VF,FLMM+X2,7,189,7_189.png,0.9669313891420388
VF,FLMM+X2,7,190,7_190.png,0.976048759582877
VF,FLMM+X2,7,191,7_191.png,0.9726744490394179
VF,FLMM+X2,7,192,7_192.png,0.9730416299445279
VF,FLMM+X2,7,193,7_193.png,0.9759364490316595
VF,FLMM+X2,7,194,7_194.png,0.9557658995298194
VF,FLMM+X2,7,195,7_195.png,0.9593009780744449
VF,FLMM+X2,7,196,7_196.png,0.9759787601668845
VF,FLMM+X2,7,197,7_197.png,0.963963963963964
VF,FLMM+X2,7,198,7_198.png,0.9596237766385629
VF,FLMM+X2,7,199,7_199.png,0.9739122017327332
VF,FLMM+X2,7,200,7_200.png,0.9791587054293189
VF,FLMM+X2,7,201,7_201.png,0.9746738296239448
VF,FLMM+X2,7,202,7_202.png,0.9733237449489761
VF,FLMM+X2,7,203,7_203.png,0.9713585496205746
VF,FLMM+X2,7,204,7_204.png,0.9692192192192193
VF,FLMM+X2,7,205,7_205.png,0.9659488478706719
VF,FLMM+X2,7,206,7_206.png,0.9581420965669176
VF,FLMM+X2,7,207,7_207.png,0.9649418944361488
VF,FLMM+X2,7,208,7_208.png,0.9683383727800369
VF,FLMM+X2,7,209,7_209.png,0.9678721849002749
VF,FLMM+X2,7,210,7_210.png,0.9715940083078085
VF,FLMM+X2,7,211,7_211.png,0.9672960215778826
VF,FLMM+X2,7,212,7_212.png,0.9743673602878051
VF,FLMM+X2,7,213,7_213.png,0.9761479073547339
VF,FLMM+X2,7,214,7_214.png,0.9720859751963951
VF,FLMM+X2,7,215,7_215.png,0.9701159329468901
VF,FLMM+X2,7,216,7_216.png,0.9767048926915196
VF,FLMM+X2,7,217,7_217.png,0.9703468854904886
VF,FLMM+X2,7,218,7_218.png,0.9703979152636665
VF,FLMM+X2,7,219,7_219.png,0.9627360736391049
VF,FLMM+X2,7,220,7_220.png,0.9683564398349032
VF,FLMM+X2,7,221,7_221.png,0.9653847561198726
VF,FLMM+X2,7,222,7_222.png,0.9692208187490489
VF,FLMM+X2,7,223,7_223.png,0.9724945533769063
VF,FLMM+X2,7,224,7_224.png,0.9660586567353675
VF,FLMM+X2,8,0,8_000.png,0.9680667328115239
VF,FLMM+X2,8,1,8_001.png,0.974401760337398
VF,FLMM+X2,8,2,8_002.png,0.9732660490379245
VF,FLMM+X2,8,3,8_003.png,0.9735933296445403
VF,FLMM+X2,8,4,8_004.png,0.9740698985343855
VF,FLMM+X2,8,5,8_005.png,0.9751034742255111
VF,FLMM+X2,8,6,8_006.png,0.9739482417940798
VF,FLMM+X2,8,7,8_007.png,0.9723036295127371
VF,FLMM+X2,8,8,8_008.png,0.9723290730859908
VF,FLMM+X2,8,9,8_009.png,0.9704839626743369
VF,FLMM+X2,8,10,8_010.png,0.9732417422700916
VF,FLMM+X2,8,11,8_011.png,0.9690699494988257
VF,FLMM+X2,8,12,8_012.png,0.9784315642003063
VF,FLMM+X2,8,13,8_013.png,0.97649559370067
VF,FLMM+X2,8,14,8_014.png,0.9746702685523597
VF,FLMM+X2,8,15,8_015.png,0.9784328600845346
VF,FLMM+X2,8,16,8_016.png,0.9773980785911851
VF,FLMM+X2,8,17,8_017.png,0.9780391900931621
VF,FLMM+X2,8,18,8_018.png,0.9800387327063529
VF,FLMM+X2,8,19,8_019.png,0.9774764771199813
VF,FLMM+X2,8,20,8_020.png,0.9738565838696269
VF,FLMM+X2,8,21,8_021.png,0.9748803007229974
VF,FLMM+X2,8,22,8_022.png,0.9719950726005137
VF,FLMM+X2,8,23,8_023.png,0.9722183654149574
VF,FLMM+X2,8,24,8_024.png,0.9770786652940108
VF,FLMM+X2,8,25,8_025.png,0.9751310660034951
VF,FLMM+X2,8,26,8_026.png,0.976690627398981
VF,FLMM+X2,8,27,8_027.png,0.9783426314799725
VF,FLMM+X2,8,28,8_028.png,0.9731478532758171
VF,FLMM+X2,8,29,8_029.png,0.973941122327343
VF,FLMM+X2,8,30,8_030.png,0.9783490587538174
VF,FLMM+X2,8,31,8_031.png,0.9749942015539835
VF,FLMM+X2,8,32,8_032.png,0.9774216155275908
VF,FLMM+X2,8,33,8_033.png,0.9805552612058916
VF,FLMM+X2,8,34,8_034.png,0.9799495800514649
VF,FLMM+X2,8,35,8_035.png,0.9807333220166355
VF,FLMM+X2,8,36,8_036.png,0.9801263731942005
VF,FLMM+X2,8,37,8_037.png,0.9771220159151194
VF,FLMM+X2,8,38,8_038.png,0.9801711000277085
VF,FLMM+X2,8,39,8_039.png,0.9822585770936675
VF,FLMM+X2,8,40,8_040.png,0.9844752443084919
VF,FLMM+X2,8,41,8_041.png,0.9861419974118327
VF,FLMM+X2,8,42,8_042.png,0.9829250281775901
VF,FLMM+X2,8,43,8_043.png,0.9863710901913149
VF,FLMM+X2,8,44,8_044.png,0.9836811474927988
VF,FLMM+X2,8,45,8_045.png,0.9787964483742297
VF,FLMM+X2,8,46,8_046.png,0.9809967240960932
VF,FLMM+X2,8,47,8_047.png,0.9805347770384758
VF,FLMM+X2,8,48,8_048.png,0.9785582630163857
VF,FLMM+X2,8,49,8_049.png,0.9711381921064695
VF,FLMM+X2,8,50,8_050.png,0.9710337802313355
VF,FLMM+X2,8,51,8_051.png,0.9729952877683354
VF,FLMM+X2,8,52,8_052.png,0.9736365611646266
VF,FLMM+X2,8,53,8_053.png,0.9750824156554675
VF,FLMM+X2,8,54,8_054.png,0.9785338609926162
VF,FLMM+X2,8,55,8_055.png,0.9753449097928234
VF,FLMM+X2,8,56,8_056.png,0.9723768597193736
VF,FLMM+X2,8,57,8_057.png,0.9713830945798777
VF,FLMM+X2,8,58,8_058.png,0.9684826167009639
VF,FLMM+X2,8,59,8_059.png,0.9764168945995801
VF,FLMM+X2,8,60,8_060.png,0.9712905917653534
VF,FLMM+X2,8,61,8_061.png,0.9753665465499819
VF,FLMM+X2,8,62,8_062.png,0.977340320067979
VF,FLMM+X2,8,63,8_063.png,0.9773060625814863
VF,FLMM+X2,8,64,8_064.png,0.9771451864936477
VF,FLMM+X2,8,65,8_065.png,0.978595890410959
VF,FLMM+X2,8,66,8_066.png,0.9781791829942562
VF,FLMM+X2,8,67,8_067.png,0.9789668490505311
VF,FLMM+X2,8,68,8_068.png,0.9791697608792514
VF,FLMM+X2,8,69,8_069.png,0.981088143656404
VF,FLMM+X2,8,70,8_070.png,0.9788708882494157
VF,FLMM+X2,8,71,8_071.png,0.9767566968877075
VF,FLMM+X2,8,72,8_072.png,0.9815582734064704
VF,FLMM+X2,8,73,8_073.png,0.9748422935693437
VF,FLMM+X2,8,74,8_074.png,0.9750248280428145
VF,FLMM+X2,8,75,8_075.png,0.9734324442501093
VF,FLMM+X2,8,76,8_076.png,0.9713136860687491
VF,FLMM+X2,8,77,8_077.png,0.970920723146178
VF,FLMM+X2,8,78,8_078.png,0.9701768819415878
VF,FLMM+X2,8,79,8_079.png,0.9724277345361534
VF,FLMM+X2,8,80,8_080.png,0.9777690550956323
VF,FLMM+X2,8,81,8_081.png,0.9761077979919982
VF,FLMM+X2,8,82,8_082.png,0.9794080329471473
VF,FLMM+X2,8,83,8_083.png,0.9780173111147064
VF,FLMM+X2,8,84,8_084.png,0.9766303362411105
VF,FLMM+X2,8,85,8_085.png,0.9764517847629196
VF,FLMM+X2,8,86,8_086.png,0.9751633765618122
VF,FLMM+X2,8,87,8_087.png,0.9790750597855434
VF,FLMM+X2,8,88,8_088.png,0.9762828724286037
VF,FLMM+X2,8,89,8_089.png,0.9780462479191733
VF,FLMM+X2,8,90,8_090.png,0.9765865283972883
VF,FLMM+X2,8,91,8_091.png,0.9788339718544931
VF,FLMM+X2,8,92,8_092.png,0.9795761923013744
VF,FLMM+X2,8,93,8_093.png,0.9798275132858902
VF,FLMM+X2,8,94,8_094.png,0.9833231574356738
VF,FLMM+X2,8,95,8_095.png,0.9806303236797275
VF,FLMM+X2,8,96,8_096.png,0.9771653850657716
VF,FLMM+X2,8,97,8_097.png,0.9796236478365384
VF,FLMM+X2,8,98,8_098.png,0.9784185082872928
VF,FLMM+X2,8,99,8_099.png,0.975410195665526
VF,FLMM+X2,8,100,8_100.png,0.9750377362741344
VF,FLMM+X2,8,101,8_101.png,0.9713691769819522
VF,FLMM+X2,8,102,8_102.png,0.9717629574586661
VF,FLMM+X2,8,103,8_103.png,0.9622100832810961
VF,FLMM+X2,8,104,8_104.png,0.9731297982503124
VF,FLMM+X2,8,105,8_105.png,0.9659973000337496
VF,FLMM+X2,8,106,8_106.png,0.968403074295474
VF,FLMM+X2,8,107,8_107.png,0.9764999109845113
VF,FLMM+X2,8,108,8_108.png,0.9632235084594836
VF,FLMM+X2,8,109,8_109.png,0.9711111111111111
VF,FLMM+X2,8,110,8_110.png,0.9772099447513812
VF,FLMM+X2,8,111,8_111.png,0.9716829099838846
VF,FLMM+X2,8,112,8_112.png,0.9582247432163115
VF,FLMM+X2,8,113,8_113.png,0.9536142815335089
VF,FLMM+X2,8,114,8_114.png,0.9684299144099902
VF,FLMM+X2,8,115,8_115.png,0.9656928838951311
VF,FLMM+X2,8,116,8_116.png,0.9713485394157663
VF,FLMM+X2,8,117,8_117.png,0.9705518436030686
VF,FLMM+X2,8,118,8_118.png,0.9756177653723012
VF,FLMM+X2,8,119,8_119.png,0.971899713949184
VF,FLMM+X2,8,120,8_120.png,0.9732280761970139
VF,FLMM+X2,8,121,8_121.png,0.9748678395008233
VF,FLMM+X2,8,122,8_122.png,0.9723484848484848
VF,FLMM+X2,8,123,8_123.png,0.9794980025627497
VF,FLMM+X2,8,124,8_124.png,0.9729083665338646
VF,FLMM+X2,8,125,8_125.png,0.9693465149536779
VF,FLMM+X2,8,126,8_126.png,0.9682069764448449
VF,FLMM+X2,8,127,8_127.png,0.9715183657434688
VF,FLMM+X2,8,128,8_128.png,0.9739124588179924
VF,FLMM+X2,8,129,8_129.png,0.9730771879088342
VF,FLMM+X2,8,130,8_130.png,0.9708106350109765
VF,FLMM+X2,8,131,8_131.png,0.9702755141637563
VF,FLMM+X2,8,132,8_132.png,0.973973973973974
VF,FLMM+X2,8,133,8_133.png,0.971843778383288
VF,FLMM+X2,8,134,8_134.png,0.9657464612497068
VF,FLMM+X2,8,135,8_135.png,0.7569206432902715
VF,FLMM+X2,8,136,8_136.png,0.0
VF,FLMM+X2,8,137,8_137.png,0.0
VF,FLMM+X2,8,138,8_138.png,0.9554551895147007
VF,FLMM+X2,8,139,8_139.png,0.9652123496158863
VF,FLMM+X2,8,140,8_140.png,0.9584436748828682
VF,FLMM+X2,8,141,8_141.png,0.9522388059701492
VF,FLMM+X2,8,142,8_142.png,0.9619697069044653
VF,FLMM+X2,8,143,8_143.png,0.9501182832037851
VF,FLMM+X2,8,144,8_144.png,0.9649243994166858
VF,FLMM+X2,8,145,8_145.png,0.9580935517190498
VF,FLMM+X2,8,146,8_146.png,0.9577114427860697
VF,FLMM+X2,8,147,8_147.png,0.9583943744506299
VF,FLMM+X2,8,148,8_148.png,0.9536136041568257
VF,FLMM+X2,8,149,8_149.png,0.9747002641739484
VF,FLMM+X2,8,150,8_150.png,0.9717849717849718
VF,FLMM+X2,8,151,8_151.png,0.9579507512520868
VF,FLMM+X2,8,152,8_152.png,0.9684099313259377
VF,FLMM+X2,8,153,8_153.png,0.9696325807879592
VF,FLMM+X2,8,154,8_154.png,0.9647180257108005
VF,FLMM+X2,8,155,8_155.png,0.9706002117436273
VF,FLMM+X2,8,156,8_156.png,0.974905303030303
VF,FLMM+X2,8,157,8_157.png,0.9743675657564081
VF,FLMM+X2,8,158,8_158.png,0.9753312412831241
VF,FLMM+X2,8,159,8_159.png,0.9687274303047811
VF,FLMM+X2,8,160,8_160.png,0.970264237886097
VF,FLMM+X2,8,161,8_161.png,0.9680883015467788
VF,FLMM+X2,8,162,8_162.png,0.9611707604059421
VF,FLMM+X2,8,163,8_163.png,0.9549093973872735
VF,FLMM+X2,8,164,8_164.png,0.9542287197704604
VF,FLMM+X2,8,165,8_165.png,0.9535932499272621
VF,FLMM+X2,8,166,8_166.png,0.964982147761604
VF,FLMM+X2,8,167,8_167.png,0.9710836981031967
VF,FLMM+X2,8,168,8_168.png,0.9610731194108364
VF,FLMM+X2,8,169,8_169.png,0.96452760877052
VF,FLMM+X2,8,170,8_170.png,0.9566021318251033
VF,FLMM+X2,8,171,8_171.png,0.9586009174311927
VF,FLMM+X2,8,172,8_172.png,0.9575086764843823
VF,FLMM+X2,8,173,8_173.png,0.9703020560115069
VF,FLMM+X2,8,174,8_174.png,0.9650343412719651
VF,FLMM+X2,8,175,8_175.png,0.9684013034462329
VF,FLMM+X2,8,176,8_176.png,0.9696330662167861
VF,FLMM+X2,8,177,8_177.png,0.9698146094121375
VF,FLMM+X2,8,178,8_178.png,0.9656398104265402
VF,FLMM+X2,8,179,8_179.png,0.9687009590235397
VF,FLMM+X2,8,180,8_180.png,0.9640287769784173
VF,FLMM+X2,8,181,8_181.png,0.9667233205116736
VF,FLMM+X2,8,182,8_182.png,0.9677542818869008
VF,FLMM+X2,8,183,8_183.png,0.9555849783341358
VF,FLMM+X2,8,184,8_184.png,0.9561086578348722
VF,FLMM+X2,8,185,8_185.png,0.9720563952749904
VF,FLMM+X2,8,186,8_186.png,0.9631649097297952
VF,FLMM+X2,8,187,8_187.png,0.9600331086673761
VF,FLMM+X2,8,188,8_188.png,0.96129185466635
VF,FLMM+X2,8,189,8_189.png,0.9594155844155844
VF,FLMM+X2,8,190,8_190.png,0.9645113732097725
VF,FLMM+X2,8,191,8_191.png,0.9577064702788006
VF,FLMM+X2,8,192,8_192.png,0.9677139761646804
VF,FLMM+X2,8,193,8_193.png,0.9655781112091791
VF,FLMM+X2,8,194,8_194.png,0.9694709857841994
VF,FLMM+X2,8,195,8_195.png,0.9634518874099934
VF,FLMM+X2,8,196,8_196.png,0.9705882352941176
VF,FLMM+X2,8,197,8_197.png,0.969726456914261
VF,FLMM+X2,8,198,8_198.png,0.9605055292259084
VF,FLMM+X2,8,199,8_199.png,0.9629596652123587
VF,FLMM+X2,8,200,8_200.png,0.9636678200692042
VF,FLMM+X2,8,201,8_201.png,0.9608211879015828
VF,FLMM+X2,8,202,8_202.png,0.9583212735166425
VF,FLMM+X2,8,203,8_203.png,0.9592511841214946
VF,FLMM+X2,8,204,8_204.png,0.9670991658943466
VF,FLMM+X2,8,205,8_205.png,0.9609752415458938
VF,FLMM+X2,8,206,8_206.png,0.9598201334493762
VF,FLMM+X2,8,207,8_207.png,0.9620526446898613
VF,FLMM+X2,8,208,8_208.png,0.96209160544005
VF,FLMM+X2,8,209,8_209.png,0.9630793401413983
VF,FLMM+X2,8,210,8_210.png,0.9617224880382775
VF,FLMM+X2,8,211,8_211.png,0.9512658227848101
VF,FLMM+X2,8,212,8_212.png,0.95074566706973
VF,FLMM+X2,9,0,9_000.png,0.8292603187576625
VF,FLMM+X2,9,1,9_001.png,0.8667737442078631
VF,FLMM+X2,9,2,9_002.png,0.7579891988467942
VF,FLMM+X2,9,3,9_003.png,0.75765243417533
VF,FLMM+X2,9,4,9_004.png,0.7831254695717506
VF,FLMM+X2,9,5,9_005.png,0.8224791118232803
VF,FLMM+X2,9,6,9_006.png,0.8677809671615553
VF,FLMM+X2,9,7,9_007.png,0.8524007741867062
VF,FLMM+X2,9,8,9_008.png,0.9441512874350757
VF,FLMM+X2,9,9,9_009.png,0.9020989074180563
VF,FLMM+X2,9,10,9_010.png,0.8716330022148248
VF,FLMM+X2,9,11,9_011.png,0.987563276413937
VF,FLMM+X2,9,12,9_012.png,0.9865896486732023
VF,FLMM+X2,9,13,9_013.png,0.9854169086427401
VF,FLMM+X2,9,14,9_014.png,0.9866062282319197
VF,FLMM+X2,9,15,9_015.png,0.9881717986592433
VF,FLMM+X2,9,16,9_016.png,0.9872323177734244
VF,FLMM+X2,9,17,9_017.png,0.9842072811860654
VF,FLMM+X2,9,18,9_018.png,0.9835929824561404
VF,FLMM+X2,9,19,9_019.png,0.9863650405819081
VF,FLMM+X2,9,20,9_020.png,0.9867981232175166
VF,FLMM+X2,9,21,9_021.png,0.978526619322975
VF,FLMM+X2,9,22,9_022.png,0.979569349432992
VF,FLMM+X2,9,23,9_023.png,0.98380416065528
VF,FLMM+X2,9,24,9_024.png,0.983346178839673
VF,FLMM+X2,9,25,9_025.png,0.9816873148826396
VF,FLMM+X2,9,26,9_026.png,0.9845026410545183
VF,FLMM+X2,9,27,9_027.png,0.9855304466755774
VF,FLMM+X2,9,28,9_028.png,0.9811023385668398
VF,FLMM+X2,9,29,9_029.png,0.988904099719
VF,FLMM+X2,9,30,9_030.png,0.9876982603302124
VF,FLMM+X2,9,31,9_031.png,0.9862586383414385
VF,FLMM+X2,9,32,9_032.png,0.8908503552080504
VF,FLMM+X2,9,33,9_033.png,0.9808393490762266
VF,FLMM+X2,9,34,9_034.png,0.9788634050510071
VF,FLMM+X2,9,35,9_035.png,0.9788149290101201
VF,FLMM+X2,9,36,9_036.png,0.9828457881630908
VF,FLMM+X2,9,37,9_037.png,0.9845866796463049
VF,FLMM+X2,9,38,9_038.png,0.9882398092052962
VF,FLMM+X2,9,39,9_039.png,0.9847478674009287
VF,FLMM+X2,9,40,9_040.png,0.9885347638582097
VF,FLMM+X2,9,41,9_041.png,0.9898051882507318
VF,FLMM+X2,9,42,9_042.png,0.9880521006757419
VF,FLMM+X2,9,43,9_043.png,0.9840307816115079
VF,FLMM+X2,9,44,9_044.png,0.9835738560803822
VF,FLMM+X2,9,45,9_045.png,0.9850630670502324
VF,FLMM+X2,9,46,9_046.png,0.9858132260947274
VF,FLMM+X2,9,47,9_047.png,0.9861246658463105
VF,FLMM+X2,9,48,9_048.png,0.9858734496531427
VF,FLMM+X2,9,49,9_049.png,0.9850001035904448
VF,FLMM+X2,9,50,9_050.png,0.9871890986064562
VF,FLMM+X2,9,51,9_051.png,0.9873533983326268
VF,FLMM+X2,9,52,9_052.png,0.9876274870423006
VF,FLMM+X2,9,53,9_053.png,0.985701016816582
VF,FLMM+X2,9,54,9_054.png,0.9870830523421694
VF,FLMM+X2,9,55,9_055.png,0.990043845837068
VF,FLMM+X2,9,56,9_056.png,0.9876224417934655
VF,FLMM+X2,9,57,9_057.png,0.9840311718732404
VF,FLMM+X2,9,58,9_058.png,0.9787616990640748
VF,FLMM+X2,9,59,9_059.png,0.9817940863368746
VF,FLMM+X2,9,60,9_060.png,0.9829886437078755
VF,FLMM+X2,9,61,9_061.png,0.982370754921047
VF,FLMM+X2,9,62,9_062.png,0.980275853663491
VF,FLMM+X2,9,63,9_063.png,0.9829371712806295
VF,FLMM+X2,9,64,9_064.png,0.9846030717634057
VF,FLMM+X2,9,65,9_065.png,0.9845392189401483
VF,FLMM+X2,9,66,9_066.png,0.9864320880393861
VF,FLMM+X2,9,67,9_067.png,0.9843572581127115
VF,FLMM+X2,9,68,9_068.png,0.9870347394540943
VF,FLMM+X2,9,69,9_069.png,0.9841162313931723
VF,FLMM+X2,9,70,9_070.png,0.9850622271453704
VF,FLMM+X2,9,71,9_071.png,0.9845576163461695
VF,FLMM+X2,9,72,9_072.png,0.9844529326346361
VF,FLMM+X2,9,73,9_073.png,0.9836330935251798
VF,FLMM+X2,9,74,9_074.png,0.9828584462067513
VF,FLMM+X2,9,75,9_075.png,0.9781408610195539
VF,FLMM+X2,9,76,9_076.png,0.9780642333439592
VF,FLMM+X2,9,77,9_077.png,0.9757900809846364
VF,FLMM+X2,9,78,9_078.png,0.9651092101263624
VF,FLMM+X2,9,79,9_079.png,0.9864892810367408
VF,FLMM+X2,9,80,9_080.png,0.9788704627159921
VF,FLMM+X2,9,81,9_081.png,0.9788179099147359
VF,FLMM+X2,9,82,9_082.png,0.984134460978482
VF,FLMM+X2,9,83,9_083.png,0.9859535970911609
VF,FLMM+X2,9,84,9_084.png,0.9863027597402597
VF,FLMM+X2,9,85,9_085.png,0.9869728915662651
VF,FLMM+X2,9,86,9_086.png,0.9829661676592509
VF,FLMM+X2,9,87,9_087.png,0.9324012660845222
VF,FLMM+X2,9,88,9_088.png,0.8544291804831833
VF,FLMM+X2,9,89,9_089.png,0.8575386481745603
VF,FLMM+X2,9,90,9_090.png,0.7234480099395912
VF,FLMM+X2,9,91,9_091.png,0.6607086323343183
VF,FLMM+X2,9,92,9_092.png,0.6002168602622264
VF,FLMM+X2,9,93,9_093.png,0.843442694282482
VF,FLMM+X2,9,94,9_094.png,0.8539704554251064
VF,FLMM+X2,9,95,9_095.png,0.8019099275843167
VF,FLMM+X2,9,96,9_096.png,0.98524814723754
VF,FLMM+X2,9,97,9_097.png,0.8564505294136464
VF,FLMM+X2,9,98,9_098.png,0.8426879505664263
VF,FLMM+X2,9,99,9_099.png,0.8367871970476563
VF,FLMM+X2,9,100,9_100.png,0.985461170914905
VF,FLMM+X2,9,101,9_101.png,0.9856957789053222
VF,FLMM+X2,9,102,9_102.png,0.9847287757416145
VF,FLMM+X2,9,103,9_103.png,0.9849648052557485
VF,FLMM+X2,9,104,9_104.png,0.9843233424159855
VF,FLMM+X2,9,105,9_105.png,0.9853897708625768
VF,FLMM+X2,9,106,9_106.png,0.9804697751727758
VF,FLMM+X2,9,107,9_107.png,0.9808610373058562
VF,FLMM+X2,9,108,9_108.png,0.9795120425398811
VF,FLMM+X2,9,109,9_109.png,0.9838591042824453
VF,FLMM+X2,9,110,9_110.png,0.9828516027388959
VF,FLMM+X2,9,111,9_111.png,0.9839544612328323
VF,FLMM+X2,9,112,9_112.png,0.984864376130199
VF,FLMM+X2,9,113,9_113.png,0.9825750073834715
VF,FLMM+X2,9,114,9_114.png,0.9780653820343208
VF,FLMM+X2,9,115,9_115.png,0.9810821121608582
VF,FLMM+X2,9,116,9_116.png,0.9731341521020311
VF,FLMM+X2,9,117,9_117.png,0.9753598438643571
VF,FLMM+X2,9,118,9_118.png,0.9769779507133592
VF,FLMM+X2,9,119,9_119.png,0.9766734279918864
VF,FLMM+X2,9,120,9_120.png,0.9778465433574794
VF,FLMM+X2,9,121,9_121.png,0.9708963139750729
VF,FLMM+X2,9,122,9_122.png,0.9739660018739125
VF,FLMM+X2,9,123,9_123.png,0.9711064605414164
VF,FLMM+X2,9,124,9_124.png,0.9767199444058374
VF,FLMM+X2,9,125,9_125.png,0.9706856458318652
VF,FLMM+X2,9,126,9_126.png,0.9700728489860209
VF,FLMM+X2,9,127,9_127.png,0.9693127060613745
VF,FLMM+X2,9,128,9_128.png,0.9762206721623335
VF,FLMM+X2,9,129,9_129.png,0.9749805042890564
VF,FLMM+X2,9,130,9_130.png,0.9750544585763474
VF,FLMM+X2,9,131,9_131.png,0.978423692709407
VF,FLMM+X2,9,132,9_132.png,0.9792483135239319
VF,FLMM+X2,9,133,9_133.png,0.9811725617775316
VF,FLMM+X2,9,134,9_134.png,0.9773718237858968
VF,FLMM+X2,9,135,9_135.png,0.9756330625895844
VF,FLMM+X2,9,136,9_136.png,0.7306371191135734
VF,FLMM+X2,9,137,9_137.png,0.42933539412673877
VF,FLMM+X2,9,138,9_138.png,0.45473544534748717
VF,FLMM+X2,9,139,9_139.png,0.4404753933712755
VF,FLMM+X2,9,140,9_140.png,0.2765861635816368
VF,FLMM+X2,9,141,9_141.png,0.31729295972160904
VF,FLMM+X2,9,142,9_142.png,0.38388135543147506
VF,FLMM+X2,9,143,9_143.png,0.4069888521376945
VF,FLMM+X2,9,144,9_144.png,0.3871529761224723
VF,FLMM+X2,9,145,9_145.png,0.3344311822098955
VF,FLMM+X2,9,146,9_146.png,0.5816644993498049
VF,FLMM+X2,9,147,9_147.png,0.564173091078139
VF,FLMM+X2,9,148,9_148.png,0.8076728356865613
VF,FLMM+X2,9,149,9_149.png,0.6209854722593439
VF,FLMM+X2,9,150,9_150.png,0.5783099741461424
VF,FLMM+X2,9,151,9_151.png,0.6352213605575734
VF,FLMM+X2,9,152,9_152.png,0.6138464440671572
VF,FLMM+X2,9,153,9_153.png,0.5951636940531705
VF,FLMM+X2,9,154,9_154.png,0.9730791739821085
VF,FLMM+X2,9,155,9_155.png,0.9771420144521457
VF,FLMM+X2,9,156,9_156.png,0.9721911578319541
VF,FLMM+X2,9,157,9_157.png,0.9665746945210879
VF,FLMM+X2,9,158,9_158.png,0.9724275724275724
VF,FLMM+X2,9,159,9_159.png,0.9711623344776852
VF,FLMM+X2,9,160,9_160.png,0.9701508505402803
VF,FLMM+X2,9,161,9_161.png,0.9775648006970159
VF,FLMM+X2,9,162,9_162.png,0.9739130434782609
VF,FLMM+X2,9,163,9_163.png,0.9768140832975526
VF,FLMM+X2,9,164,9_164.png,0.9818474758324383
VF,FLMM+X2,9,165,9_165.png,0.9754625905068383
VF,FLMM+X2,9,166,9_166.png,0.9740975761988974
VF,FLMM+X2,9,167,9_167.png,0.9687042076617124
VF,FLMM+X2,9,168,9_168.png,0.9717926377695492
VF,FLMM+X2,9,169,9_169.png,0.9723333333333334
VF,FLMM+X2,9,170,9_170.png,0.9720207253886011
VF,FLMM+X2,9,171,9_171.png,0.972972972972973
VF,FLMM+X2,9,172,9_172.png,0.9753493788819876
VF,FLMM+X2,9,173,9_173.png,0.9751646284101599
VF,FLMM+X2,9,174,9_174.png,0.9748823999289962
VF,FLMM+X2,9,175,9_175.png,0.9736116219198234
VF,FLMM+X2,9,176,9_176.png,0.9733809001097695
VF,FLMM+X2,9,177,9_177.png,0.978584729981378
VF,FLMM+X2,9,178,9_178.png,0.9763041556145005
VF,FLMM+X2,9,179,9_179.png,0.9747830059387849
VF,FLMM+X2,9,180,9_180.png,0.9742108347986268
VF,FLMM+X2,9,181,9_181.png,0.9731401722787784
VF,FLMM+X2,9,182,9_182.png,0.9708579421821573
VF,FLMM+X2,9,183,9_183.png,0.9734464608374578
VF,FLMM+X2,9,184,9_184.png,0.9652987760979121
VF,FLMM+X2,9,185,9_185.png,0.9590378006872852
VF,FLMM+X2,9,186,9_186.png,0.963801537386443
VF,FLMM+X2,9,187,9_187.png,0.9742582633391745
VF,FLMM+X2,9,188,9_188.png,0.9782079376673971
VF,FLMM+X2,9,189,9_189.png,0.9734343070080539
VF,FLMM+X2,9,190,9_190.png,0.976887623695269
VF,FLMM+X2,9,191,9_191.png,0.976949053002496
VF,FLMM+X2,9,192,9_192.png,0.9799676671118296
VF,FLMM+X2,9,193,9_193.png,0.4206455951580363
VF,FLMM+X2,9,194,9_194.png,0.3352337514253136
VF,FLMM+X2,9,195,9_195.png,0.5824642250788261
VF,FLMM+X2,9,196,9_196.png,0.6375757575757576
VF,FLMM+X2,9,197,9_197.png,0.9722087125686097
VF,FLMM+X2,9,198,9_198.png,0.9727510492062527
VF,FLMM+X2,9,199,9_199.png,0.9729203432118299
VF,FLMM+X2,9,200,9_200.png,0.9743542092547853
VF,FLMM+X2,9,201,9_201.png,0.9763987227544079
VF,FLMM+X2,9,202,9_202.png,0.9747763036099969
VF,FLMM+X2,9,203,9_203.png,0.9703842702129395
VF,FLMM+X2,9,204,9_204.png,0.9756302521008403
VF,FLMM+X2,9,205,9_205.png,0.9624699574782769
VF,FLMM+X2,9,206,9_206.png,0.9757210660825119
VF,FLMM+X2,9,207,9_207.png,0.9782830863566684
VF,FLMM+X2,9,208,9_208.png,0.9768169895930282
VF,FLMM+X2,9,209,9_209.png,0.9729065768231908
VF,FLMM+X2,9,210,9_210.png,0.9779090113735783
VF,FLMM+X2,9,211,9_211.png,0.953671875
VF,FLMM+X2,9,212,9_212.png,0.9774270196877122
VF,FLMM+X2,9,213,9_213.png,0.9641690771671176
VF,FLMM+X2,9,214,9_214.png,0.9724696356275304
VF,FLMM+X2,9,215,9_215.png,0.9758797118095437
VF,FLMM+X2,9,216,9_216.png,0.9733566505503549
VF,FLMM+X2,9,217,9_217.png,0.9817718541748334
VF,FLMM+X2,9,218,9_218.png,0.9688618122038487
VF,FLMM+X2,9,219,9_219.png,0.9669573643410853
VF,FLMM+X2,9,220,9_220.png,0.960022844089092
VF,FLMM+X2,9,221,9_221.png,0.9736197475032975
VF,FLMM+X2,9,222,9_222.png,0.9801609069299689
VF,FLMM+X2,9,223,9_223.png,0.9764755838641189
VF,FLMM+X2,9,224,9_224.png,0.9701943844492441
VF,FLMM+X2,9,225,9_225.png,0.9787576911807794
VF,FLMM+X2,9,226,9_226.png,0.9657238909595849
VF,FLMM+X2,9,227,9_227.png,0.9697764070932922
