partition,method,scene,frame,filename,iou
VF,FPN-Re,1,0,1_000.png,0.9793108396849188
VF,FPN-Re,1,1,1_001.png,0.9865102697946041
VF,FPN-Re,1,2,1_002.png,0.9855845008756567
VF,FPN-Re,1,3,1_003.png,0.9846999086561711
VF,FPN-Re,1,4,1_004.png,0.9833430451528545
VF,FPN-Re,1,5,1_005.png,0.9780540876593099
VF,FPN-Re,1,6,1_006.png,0.9708165260970542
VF,FPN-Re,1,7,1_007.png,0.9803543573593901
VF,FPN-Re,1,8,1_008.png,0.9685325743200506
VF,FPN-Re,1,9,1_009.png,0.8272716907992247
VF,FPN-Re,1,10,1_010.png,0.9744662849199994
VF,FPN-Re,1,11,1_011.png,0.9763078529172949
VF,FPN-Re,1,12,1_012.png,0.914804436660829
VF,FPN-Re,1,13,1_013.png,0.8019151312721634
VF,FPN-Re,1,14,1_014.png,0.7625681148357822
VF,FPN-Re,1,15,1_015.png,0.8361995147709433
VF,FPN-Re,1,16,1_016.png,0.7913729281116639
VF,FPN-Re,1,17,1_017.png,0.7180179731647208
VF,FPN-Re,1,18,1_018.png,0.920683045826799
VF,FPN-Re,1,19,1_019.png,0.8393484564216271
VF,FPN-Re,1,20,1_020.png,0.6263627912217934
VF,FPN-Re,1,21,1_021.png,0.4430880230880231
VF,FPN-Re,1,22,1_022.png,0.44892743039707894
VF,FPN-Re,1,23,1_023.png,0.769035841097387
VF,FPN-Re,1,24,1_024.png,0.868343391471583
VF,FPN-Re,1,25,1_025.png,0.9576132610856392
VF,FPN-Re,1,26,1_026.png,0.9599727956699775
VF,FPN-Re,1,27,1_027.png,0.9792168946533786
VF,FPN-Re,1,28,1_028.png,0.9824136364619611
VF,FPN-Re,1,29,1_029.png,0.9815979433849907
VF,FPN-Re,1,30,1_030.png,0.9828207611577727
VF,FPN-Re,1,31,1_031.png,0.9813037321012202
VF,FPN-Re,1,32,1_032.png,0.9711571859887247
VF,FPN-Re,1,33,1_033.png,0.9703067188589201
VF,FPN-Re,1,34,1_034.png,0.9781979283664046
VF,FPN-Re,1,35,1_035.png,0.9711898347915227
VF,FPN-Re,1,36,1_036.png,0.9657054085455803
VF,FPN-Re,1,37,1_037.png,0.9670406635813066
VF,FPN-Re,1,38,1_038.png,0.9648262369915496
VF,FPN-Re,1,39,1_039.png,0.9779458768378436
VF,FPN-Re,1,40,1_040.png,0.9779711673699015
VF,FPN-Re,1,41,1_041.png,0.8818624230805325
VF,FPN-Re,1,42,1_042.png,0.980301914580265
VF,FPN-Re,1,43,1_043.png,0.9816196915152048
VF,FPN-Re,1,44,1_044.png,0.9815693259585638
VF,FPN-Re,1,45,1_045.png,0.966189828425995
VF,FPN-Re,1,46,1_046.png,0.9739432666983291
VF,FPN-Re,1,47,1_047.png,0.9772315879004645
VF,FPN-Re,1,48,1_048.png,0.8709870235042323
VF,FPN-Re,1,49,1_049.png,0.9652215667444094
VF,FPN-Re,1,50,1_050.png,0.9723201062254226
VF,FPN-Re,1,51,1_051.png,0.9512574192424669
VF,FPN-Re,1,52,1_052.png,0.8751102929161991
VF,FPN-Re,1,53,1_053.png,0.9668035416399333
VF,FPN-Re,1,54,1_054.png,0.9074573109113051
VF,FPN-Re,1,55,1_055.png,0.9363580142800922
VF,FPN-Re,1,56,1_056.png,0.9044721388143385
VF,FPN-Re,1,57,1_057.png,0.9379411510915523
VF,FPN-Re,1,58,1_058.png,0.9564934552909635
VF,FPN-Re,1,59,1_059.png,0.9477224918251307
VF,FPN-Re,1,60,1_060.png,0.87778048384478
VF,FPN-Re,1,61,1_061.png,0.7104889780946119
VF,FPN-Re,1,62,1_062.png,0.3437592359592309
VF,FPN-Re,1,63,1_063.png,0.9614448342521659
VF,FPN-Re,1,64,1_064.png,0.9171746041004404
VF,FPN-Re,1,65,1_065.png,0.9701774650845322
VF,FPN-Re,1,66,1_066.png,0.9554181440802559
VF,FPN-Re,1,67,1_067.png,0.9745330714912463
VF,FPN-Re,1,68,1_068.png,0.963804975566415
VF,FPN-Re,1,69,1_069.png,0.9805609756097561
VF,FPN-Re,1,70,1_070.png,0.9795075239398084
VF,FPN-Re,1,71,1_071.png,0.9760196487049717
VF,FPN-Re,1,72,1_072.png,0.983896095377097
VF,FPN-Re,1,73,1_073.png,0.9799860893757607
VF,FPN-Re,1,74,1_074.png,0.9821530422623319
VF,FPN-Re,1,75,1_075.png,0.9775679063936481
VF,FPN-Re,1,76,1_076.png,0.9661604176554343
VF,FPN-Re,1,77,1_077.png,0.9739712553400767
VF,FPN-Re,1,78,1_078.png,0.9678983899414006
VF,FPN-Re,1,79,1_079.png,0.9755763067061144
VF,FPN-Re,1,80,1_080.png,0.9758167672420279
VF,FPN-Re,1,81,1_081.png,0.9689439099876508
VF,FPN-Re,1,82,1_082.png,0.941626213592233
VF,FPN-Re,1,83,1_083.png,0.9593541202672605
VF,FPN-Re,1,84,1_084.png,0.9661008658220418
VF,FPN-Re,1,85,1_085.png,0.9632290336313325
VF,FPN-Re,1,86,1_086.png,0.9654955726935162
VF,FPN-Re,1,87,1_087.png,0.9326854551344347
VF,FPN-Re,1,88,1_088.png,0.6236575755234489
VF,FPN-Re,1,89,1_089.png,0.890770901194354
VF,FPN-Re,1,90,1_090.png,0.8241356816699282
VF,FPN-Re,1,91,1_091.png,0.7215465068452905
VF,FPN-Re,1,92,1_092.png,0.756683688795434
VF,FPN-Re,1,93,1_093.png,0.5444515441959531
VF,FPN-Re,1,94,1_094.png,0.45489821882951653
VF,FPN-Re,1,95,1_095.png,0.48017681060863654
VF,FPN-Re,1,96,1_096.png,0.9225488836499792
VF,FPN-Re,1,97,1_097.png,0.9038613560352691
VF,FPN-Re,1,98,1_098.png,0.4386692231953153
VF,FPN-Re,1,99,1_099.png,0.440873161283568
VF,FPN-Re,1,100,1_100.png,0.43645910246943964
VF,FPN-Re,1,101,1_101.png,0.5525184472248957
VF,FPN-Re,1,102,1_102.png,0.5635310135199316
VF,FPN-Re,1,103,1_103.png,0.5656552445723254
VF,FPN-Re,1,104,1_104.png,0.8844257299573384
VF,FPN-Re,1,105,1_105.png,0.8614946307254
VF,FPN-Re,1,106,1_106.png,0.3866445359969175
VF,FPN-Re,1,107,1_107.png,0.10692221147583049
VF,FPN-Re,1,108,1_108.png,0.10312791448453978
VF,FPN-Re,1,109,1_109.png,0.2693295397860587
VF,FPN-Re,1,110,1_110.png,0.38183148991541965
VF,FPN-Re,1,111,1_111.png,0.3920672326169047
VF,FPN-Re,1,112,1_112.png,0.7545545458498195
VF,FPN-Re,1,113,1_113.png,0.7633055602788641
VF,FPN-Re,1,114,1_114.png,0.7965967897552846
VF,FPN-Re,1,115,1_115.png,0.8728744939271255
VF,FPN-Re,1,116,1_116.png,0.8335623252949258
VF,FPN-Re,1,117,1_117.png,0.7433586149386491
VF,FPN-Re,1,118,1_118.png,0.8247091341518288
VF,FPN-Re,1,119,1_119.png,0.9491269841269842
VF,FPN-Re,1,120,1_120.png,0.9410963877291705
VF,FPN-Re,1,121,1_121.png,0.4567482432759874
VF,FPN-Re,1,122,1_122.png,0.9424315233061028
VF,FPN-Re,1,123,1_123.png,0.20851470432105318
VF,FPN-Re,1,124,1_124.png,0.05964789349216081
VF,FPN-Re,1,125,1_125.png,0.2553830092653008
VF,FPN-Re,1,126,1_126.png,0.056724845995893225
VF,FPN-Re,1,127,1_127.png,0.23951721054984354
VF,FPN-Re,1,128,1_128.png,0.45968681247573445
VF,FPN-Re,1,129,1_129.png,0.3079856697099272
VF,FPN-Re,1,130,1_130.png,0.14367318677514282
VF,FPN-Re,1,131,1_131.png,0.2658013175918075
VF,FPN-Re,1,132,1_132.png,0.87007829343016
VF,FPN-Re,1,133,1_133.png,0.7575414393081438
VF,FPN-Re,1,134,1_134.png,0.758197790728016
VF,FPN-Re,1,135,1_135.png,0.17009220130618516
VF,FPN-Re,1,136,1_136.png,0.300373991207926
VF,FPN-Re,1,137,1_137.png,0.08613482746353611
VF,FPN-Re,1,138,1_138.png,0.1061023336715466
VF,FPN-Re,1,139,1_139.png,0.5013688284716322
VF,FPN-Re,1,140,1_140.png,0.6346645681684044
VF,FPN-Re,1,141,1_141.png,0.7243897928994083
VF,FPN-Re,1,142,1_142.png,0.8682026749975593
VF,FPN-Re,1,143,1_143.png,0.22144322845417236
VF,FPN-Re,1,144,1_144.png,0.8242565055762082
VF,FPN-Re,1,145,1_145.png,0.8767688126698528
VF,FPN-Re,1,146,1_146.png,0.8237885462555066
VF,FPN-Re,1,147,1_147.png,0.9670690188796038
VF,FPN-Re,1,148,1_148.png,0.9288488037078793
VF,FPN-Re,1,149,1_149.png,0.9571316614420062
VF,FPN-Re,1,150,1_150.png,0.24516260438590537
VF,FPN-Re,1,151,1_151.png,0.8218529361115895
VF,FPN-Re,1,152,1_152.png,0.3088514475557665
VF,FPN-Re,1,153,1_153.png,0.6140953790842762
VF,FPN-Re,1,154,1_154.png,0.6732258358385715
VF,FPN-Re,1,155,1_155.png,0.579293018335684
VF,FPN-Re,1,156,1_156.png,0.30189736406468864
VF,FPN-Re,1,157,1_157.png,0.6131323738340849
VF,FPN-Re,1,158,1_158.png,0.3277771764620991
VF,FPN-Re,1,159,1_159.png,0.5906928519151012
VF,FPN-Re,1,160,1_160.png,0.6582886583582817
VF,FPN-Re,1,161,1_161.png,0.4533707865168539
VF,FPN-Re,1,162,1_162.png,0.945320630854215
VF,FPN-Re,1,163,1_163.png,0.843746639423594
VF,FPN-Re,1,164,1_164.png,0.0
VF,FPN-Re,1,165,1_165.png,0.6044558071585099
VF,FPN-Re,1,166,1_166.png,0.7636976122064797
VF,FPN-Re,1,167,1_167.png,0.5817088722900347
VF,FPN-Re,1,168,1_168.png,0.3907087552114354
VF,FPN-Re,1,169,1_169.png,0.7779444199382444
VF,FPN-Re,1,170,1_170.png,0.6510551035258318
VF,FPN-Re,1,171,1_171.png,0.9053927014785061
VF,FPN-Re,10,0,10_000.png,0.9439190404513741
VF,FPN-Re,10,1,10_001.png,0.8183284998681782
VF,FPN-Re,10,2,10_002.png,0.9068842929547692
VF,FPN-Re,10,3,10_003.png,0.8916970216413114
VF,FPN-Re,10,4,10_004.png,0.8194929881337648
VF,FPN-Re,10,5,10_005.png,0.7821354041255317
VF,FPN-Re,10,6,10_006.png,0.890689259950109
VF,FPN-Re,10,7,10_007.png,0.8919847709221578
VF,FPN-Re,10,8,10_008.png,0.9398958135734193
VF,FPN-Re,10,9,10_009.png,0.8308322972191104
VF,FPN-Re,10,10,10_010.png,0.6312824397949643
VF,FPN-Re,10,11,10_011.png,0.6220952063081481
VF,FPN-Re,10,12,10_012.png,0.5628965663802787
VF,FPN-Re,10,13,10_013.png,0.5707275789953372
VF,FPN-Re,10,14,10_014.png,0.8182320441988951
VF,FPN-Re,10,15,10_015.png,0.8072036486541516
VF,FPN-Re,10,16,10_016.png,0.7735665389687872
VF,FPN-Re,10,17,10_017.png,0.8165990358270038
VF,FPN-Re,10,18,10_018.png,0.6073919891989199
VF,FPN-Re,10,19,10_019.png,0.6487066895967735
VF,FPN-Re,10,20,10_020.png,0.7111253151521608
VF,FPN-Re,10,21,10_021.png,0.6702122456964006
VF,FPN-Re,10,22,10_022.png,0.7247195412384057
VF,FPN-Re,10,23,10_023.png,0.6541047540502384
VF,FPN-Re,10,24,10_024.png,0.6518434549914517
VF,FPN-Re,10,25,10_025.png,0.8793877033325934
VF,FPN-Re,10,26,10_026.png,0.9473390783542267
VF,FPN-Re,10,27,10_027.png,0.9493874786257713
VF,FPN-Re,10,28,10_028.png,0.9532238763103729
VF,FPN-Re,10,29,10_029.png,0.944558521560575
VF,FPN-Re,10,30,10_030.png,0.9487074962558599
VF,FPN-Re,10,31,10_031.png,0.8067113902978651
VF,FPN-Re,10,32,10_032.png,0.9339132874982461
VF,FPN-Re,10,33,10_033.png,0.9450838318308198
VF,FPN-Re,10,34,10_034.png,0.9323480932644146
VF,FPN-Re,10,35,10_035.png,0.9471491128384624
VF,FPN-Re,10,36,10_036.png,0.9436118755413827
VF,FPN-Re,10,37,10_037.png,0.9443927789934354
VF,FPN-Re,10,38,10_038.png,0.9289111307362705
VF,FPN-Re,10,39,10_039.png,0.9478937143495559
VF,FPN-Re,10,40,10_040.png,0.9228415440210717
VF,FPN-Re,10,41,10_041.png,0.9209440634376339
VF,FPN-Re,10,42,10_042.png,0.9126879716995978
VF,FPN-Re,10,43,10_043.png,0.9372225790337544
VF,FPN-Re,10,44,10_044.png,0.9449851196772874
VF,FPN-Re,10,45,10_045.png,0.9351968515084162
VF,FPN-Re,10,46,10_046.png,0.9420165019494061
VF,FPN-Re,10,47,10_047.png,0.9606533859345961
VF,FPN-Re,10,48,10_048.png,0.9289916551274443
VF,FPN-Re,10,49,10_049.png,0.9195152362994952
VF,FPN-Re,10,50,10_050.png,0.9300812130372716
VF,FPN-Re,10,51,10_051.png,0.9467046189330258
VF,FPN-Re,10,52,10_052.png,0.963463651409577
VF,FPN-Re,10,53,10_053.png,0.9457373320416158
VF,FPN-Re,10,54,10_054.png,0.9302140073386969
VF,FPN-Re,10,55,10_055.png,0.8397544383607102
VF,FPN-Re,10,56,10_056.png,0.9286406992303066
VF,FPN-Re,10,57,10_057.png,0.9506668649908275
VF,FPN-Re,10,58,10_058.png,0.9123868537755908
VF,FPN-Re,10,59,10_059.png,0.8298126292611152
VF,FPN-Re,10,60,10_060.png,0.89061372973312
VF,FPN-Re,10,61,10_061.png,0.8744420792419144
VF,FPN-Re,10,62,10_062.png,0.9297704320878584
VF,FPN-Re,10,63,10_063.png,0.9347178772002563
VF,FPN-Re,10,64,10_064.png,0.9398102505665595
VF,FPN-Re,10,65,10_065.png,0.6031162883313421
VF,FPN-Re,10,66,10_066.png,0.656603898907376
VF,FPN-Re,10,67,10_067.png,0.7067599260261801
VF,FPN-Re,10,68,10_068.png,0.6591612721643682
VF,FPN-Re,10,69,10_069.png,0.6149682900833755
VF,FPN-Re,10,70,10_070.png,0.6481615217959159
VF,FPN-Re,10,71,10_071.png,0.8297120582220388
VF,FPN-Re,10,72,10_072.png,0.7819277739923476
VF,FPN-Re,10,73,10_073.png,0.9337424698187918
VF,FPN-Re,10,74,10_074.png,0.9393897352744804
VF,FPN-Re,10,75,10_075.png,0.9548825263614824
VF,FPN-Re,10,76,10_076.png,0.8576637122903558
VF,FPN-Re,10,77,10_077.png,0.92903483381575
VF,FPN-Re,10,78,10_078.png,0.9495144328340686
VF,FPN-Re,10,79,10_079.png,0.9364925112310224
VF,FPN-Re,10,80,10_080.png,0.9426409332799691
VF,FPN-Re,10,81,10_081.png,0.944428686908797
VF,FPN-Re,10,82,10_082.png,0.9519678065042578
VF,FPN-Re,10,83,10_083.png,0.9524309146217194
VF,FPN-Re,10,84,10_084.png,0.9449896326310958
VF,FPN-Re,10,85,10_085.png,0.6555105069295386
VF,FPN-Re,10,86,10_086.png,0.949638712502737
VF,FPN-Re,10,87,10_087.png,0.9310067208064968
VF,FPN-Re,10,88,10_088.png,0.8648794106764439
VF,FPN-Re,10,89,10_089.png,0.8721366252088361
VF,FPN-Re,10,90,10_090.png,0.5320982335200345
VF,FPN-Re,10,91,10_091.png,0.7897435897435897
VF,FPN-Re,10,92,10_092.png,0.8887431612081241
VF,FPN-Re,10,93,10_093.png,0.6006571464678377
VF,FPN-Re,10,94,10_094.png,0.7731496504321661
VF,FPN-Re,10,95,10_095.png,0.6286809961177918
VF,FPN-Re,10,96,10_096.png,0.4163576632838928
VF,FPN-Re,10,97,10_097.png,0.5049744441873673
VF,FPN-Re,10,98,10_098.png,0.8309085280916266
VF,FPN-Re,10,99,10_099.png,0.7129355004547792
VF,FPN-Re,10,100,10_100.png,0.8483761909640406
VF,FPN-Re,10,101,10_101.png,0.5370814151478842
VF,FPN-Re,10,102,10_102.png,0.6766469594594594
VF,FPN-Re,10,103,10_103.png,0.37559712487164604
VF,FPN-Re,10,104,10_104.png,0.2663469200583362
VF,FPN-Re,10,105,10_105.png,0.42963450773789924
VF,FPN-Re,10,106,10_106.png,0.512957337930657
VF,FPN-Re,10,107,10_107.png,0.3242506811989101
VF,FPN-Re,10,108,10_108.png,0.30413156220478516
VF,FPN-Re,10,109,10_109.png,0.2733799927597442
VF,FPN-Re,10,110,10_110.png,0.08741616037753377
VF,FPN-Re,10,111,10_111.png,0.03975184179914695
VF,FPN-Re,10,112,10_112.png,0.07607520318113642
VF,FPN-Re,10,113,10_113.png,0.10092172267522831
VF,FPN-Re,10,114,10_114.png,0.11385644116068849
VF,FPN-Re,10,115,10_115.png,0.08885102851682342
VF,FPN-Re,10,116,10_116.png,0.11792666759698577
VF,FPN-Re,10,117,10_117.png,0.14672869757672938
VF,FPN-Re,10,118,10_118.png,0.09731935200907767
VF,FPN-Re,10,119,10_119.png,0.13140699295168992
VF,FPN-Re,10,120,10_120.png,0.2502103881240112
VF,FPN-Re,10,121,10_121.png,0.25428532404561904
VF,FPN-Re,10,122,10_122.png,0.3492513587248394
VF,FPN-Re,10,123,10_123.png,0.6609406210277828
VF,FPN-Re,10,124,10_124.png,0.5873558966771469
VF,FPN-Re,10,125,10_125.png,0.8792702256095505
VF,FPN-Re,10,126,10_126.png,0.933634719710669
VF,FPN-Re,10,127,10_127.png,0.9003621277643006
VF,FPN-Re,10,128,10_128.png,0.8308210918658189
VF,FPN-Re,10,129,10_129.png,0.9205817567363689
VF,FPN-Re,10,130,10_130.png,0.9501752546925673
VF,FPN-Re,10,131,10_131.png,0.8818983250073464
VF,FPN-Re,10,132,10_132.png,0.8340901719104769
VF,FPN-Re,10,133,10_133.png,0.9053727969699746
VF,FPN-Re,10,134,10_134.png,0.9468836442822671
VF,FPN-Re,10,135,10_135.png,0.9566704675028507
VF,FPN-Re,10,136,10_136.png,0.9579488255033557
VF,FPN-Re,10,137,10_137.png,0.8939897217347706
VF,FPN-Re,10,138,10_138.png,0.8945009689922481
VF,FPN-Re,10,139,10_139.png,0.8002453987730062
VF,FPN-Re,10,140,10_140.png,0.9000937328291153
VF,FPN-Re,10,141,10_141.png,0.729740690983752
VF,FPN-Re,10,142,10_142.png,0.9519208381839348
VF,FPN-Re,10,143,10_143.png,0.8372745896456663
VF,FPN-Re,10,144,10_144.png,0.7512998676498392
VF,FPN-Re,10,145,10_145.png,0.670592932721102
VF,FPN-Re,10,146,10_146.png,0.7574192314130617
VF,FPN-Re,10,147,10_147.png,0.6832289264798906
VF,FPN-Re,10,148,10_148.png,0.734035117446466
VF,FPN-Re,10,149,10_149.png,0.7441981974136805
VF,FPN-Re,10,150,10_150.png,0.7213000946670874
VF,FPN-Re,10,151,10_151.png,0.7707744845904128
VF,FPN-Re,10,152,10_152.png,0.7383926668087828
VF,FPN-Re,10,153,10_153.png,0.6068766769353076
VF,FPN-Re,10,154,10_154.png,0.6379782277105664
VF,FPN-Re,10,155,10_155.png,0.8321502813973534
VF,FPN-Re,10,156,10_156.png,0.83306960156822
VF,FPN-Re,10,157,10_157.png,0.9211453346581158
VF,FPN-Re,10,158,10_158.png,0.9307334109429569
VF,FPN-Re,10,159,10_159.png,0.8815372703596819
VF,FPN-Re,10,160,10_160.png,0.8194179536085646
VF,FPN-Re,10,161,10_161.png,0.856703426159233
VF,FPN-Re,10,162,10_162.png,0.9010343553749538
VF,FPN-Re,10,163,10_163.png,0.7589624881291548
VF,FPN-Re,10,164,10_164.png,0.7705549152791741
VF,FPN-Re,10,165,10_165.png,0.35484580891859924
VF,FPN-Re,10,166,10_166.png,0.5644157573301688
VF,FPN-Re,10,167,10_167.png,0.6120821615464027
VF,FPN-Re,10,168,10_168.png,0.4711860295901043
VF,FPN-Re,10,169,10_169.png,0.4921502663302495
VF,FPN-Re,10,170,10_170.png,0.31469270220995416
VF,FPN-Re,10,171,10_171.png,0.27028392820378444
VF,FPN-Re,10,172,10_172.png,0.2402745516563082
VF,FPN-Re,10,173,10_173.png,0.43525658679886164
VF,FPN-Re,10,174,10_174.png,0.13184752425258756
VF,FPN-Re,10,175,10_175.png,0.16224238301781788
VF,FPN-Re,10,176,10_176.png,0.20897689931448685
VF,FPN-Re,10,177,10_177.png,0.2603505327654724
VF,FPN-Re,10,178,10_178.png,0.28434504792332266
VF,FPN-Re,10,179,10_179.png,0.9357503441945847
VF,FPN-Re,10,180,10_180.png,0.8554728504628304
VF,FPN-Re,10,181,10_181.png,0.9175862228173046
VF,FPN-Re,10,182,10_182.png,0.8497678229991805
VF,FPN-Re,10,183,10_183.png,0.9224213113454373
VF,FPN-Re,10,184,10_184.png,0.9088410038130709
VF,FPN-Re,10,185,10_185.png,0.7053809101280264
VF,FPN-Re,10,186,10_186.png,0.5470798569725864
VF,FPN-Re,10,187,10_187.png,0.957011720350791
VF,FPN-Re,10,188,10_188.png,0.8720006113403638
VF,FPN-Re,10,189,10_189.png,0.8581244522348817
VF,FPN-Re,10,190,10_190.png,0.8648308068640895
VF,FPN-Re,10,191,10_191.png,0.9426254792226678
VF,FPN-Re,10,192,10_192.png,0.9536434439347061
VF,FPN-Re,10,193,10_193.png,0.85231412041997
VF,FPN-Re,10,194,10_194.png,0.7748341340654312
VF,FPN-Re,10,195,10_195.png,0.7642485915185395
VF,FPN-Re,10,196,10_196.png,0.9318403115871471
VF,FPN-Re,10,197,10_197.png,0.7215096768261849
VF,FPN-Re,10,198,10_198.png,0.9286372007366482
VF,FPN-Re,10,199,10_199.png,0.9564194626717841
VF,FPN-Re,10,200,10_200.png,0.8136716530960045
VF,FPN-Re,10,201,10_201.png,0.6822429906542056
VF,FPN-Re,10,202,10_202.png,0.8281292796494111
VF,FPN-Re,10,203,10_203.png,0.789927013917222
VF,FPN-Re,10,204,10_204.png,0.9592144230269652
VF,FPN-Re,10,205,10_205.png,0.9241674468369667
VF,FPN-Re,10,206,10_206.png,0.7406256852569256
VF,FPN-Re,11,0,11_000.png,0.9699922393722514
VF,FPN-Re,11,1,11_001.png,0.7322626930583653
VF,FPN-Re,11,2,11_002.png,0.5911560317962904
VF,FPN-Re,11,3,11_003.png,0.4806059920128054
VF,FPN-Re,11,4,11_004.png,0.491832028839596
VF,FPN-Re,11,5,11_005.png,0.44312523149100785
VF,FPN-Re,11,6,11_006.png,0.44242856071401787
VF,FPN-Re,11,7,11_007.png,0.4545603265611367
VF,FPN-Re,11,8,11_008.png,0.8620412288209878
VF,FPN-Re,11,9,11_009.png,0.6135233019560609
VF,FPN-Re,11,10,11_010.png,0.6622430785334741
VF,FPN-Re,11,11,11_011.png,0.6390257845765652
VF,FPN-Re,11,12,11_012.png,0.6062098715890851
VF,FPN-Re,11,13,11_013.png,0.5304793259989367
VF,FPN-Re,11,14,11_014.png,0.7046540630621683
VF,FPN-Re,11,15,11_015.png,0.669181361917036
VF,FPN-Re,11,16,11_016.png,0.5146473382203552
VF,FPN-Re,11,17,11_017.png,0.4172838677749725
VF,FPN-Re,11,18,11_018.png,0.7143443310890203
VF,FPN-Re,11,19,11_019.png,0.45017959398220786
VF,FPN-Re,11,20,11_020.png,0.26673019387476266
VF,FPN-Re,11,21,11_021.png,0.25804808129937706
VF,FPN-Re,11,22,11_022.png,0.2678581892762965
VF,FPN-Re,11,23,11_023.png,0.42603472496142053
VF,FPN-Re,11,24,11_024.png,0.4477812185552375
VF,FPN-Re,11,25,11_025.png,0.516908719131757
VF,FPN-Re,11,26,11_026.png,0.530037107612075
VF,FPN-Re,11,27,11_027.png,0.3186173321791372
VF,FPN-Re,11,28,11_028.png,0.5707221514292778
VF,FPN-Re,11,29,11_029.png,0.4512330021169874
VF,FPN-Re,11,30,11_030.png,0.49549781322356573
VF,FPN-Re,11,31,11_031.png,0.48704414096465654
VF,FPN-Re,11,32,11_032.png,0.5339598679197358
VF,FPN-Re,11,33,11_033.png,0.27694242108914324
VF,FPN-Re,11,34,11_034.png,0.3208613983493027
VF,FPN-Re,11,35,11_035.png,0.33397988437774984
VF,FPN-Re,11,36,11_036.png,0.29896715362426723
VF,FPN-Re,11,37,11_037.png,0.27173176055356896
VF,FPN-Re,11,38,11_038.png,0.4709322079361957
VF,FPN-Re,11,39,11_039.png,0.40194768784220597
VF,FPN-Re,11,40,11_040.png,0.6076925102938465
VF,FPN-Re,11,41,11_041.png,0.6232017115326303
VF,FPN-Re,11,42,11_042.png,0.5933653315210466
VF,FPN-Re,11,43,11_043.png,0.47154644075853525
VF,FPN-Re,11,44,11_044.png,0.5878273442939003
VF,FPN-Re,11,45,11_045.png,0.40552604947085175
VF,FPN-Re,11,46,11_046.png,0.1353937693090594
VF,FPN-Re,11,47,11_047.png,0.36946977580463414
VF,FPN-Re,11,48,11_048.png,0.438810207652438
VF,FPN-Re,11,49,11_049.png,0.281282863168541
VF,FPN-Re,11,50,11_050.png,0.34662032011745586
VF,FPN-Re,11,51,11_051.png,0.39263515566728363
VF,FPN-Re,11,52,11_052.png,0.45051487189169204
VF,FPN-Re,11,53,11_053.png,0.4986045733492521
VF,FPN-Re,11,54,11_054.png,0.3577524843922527
VF,FPN-Re,11,55,11_055.png,0.29520534392292525
VF,FPN-Re,11,56,11_056.png,0.39849905552813847
VF,FPN-Re,11,57,11_057.png,0.3036484245439469
VF,FPN-Re,11,58,11_058.png,0.39178253423267667
VF,FPN-Re,11,59,11_059.png,0.42333368575269226
VF,FPN-Re,11,60,11_060.png,0.3717830882352941
VF,FPN-Re,11,61,11_061.png,0.3793764089858183
VF,FPN-Re,11,62,11_062.png,0.3869951078775715
VF,FPN-Re,11,63,11_063.png,0.4880497452400107
VF,FPN-Re,11,64,11_064.png,0.47152907724312404
VF,FPN-Re,11,65,11_065.png,0.6299980650815511
VF,FPN-Re,11,66,11_066.png,0.4745787193066923
VF,FPN-Re,11,67,11_067.png,0.43046216738653914
VF,FPN-Re,11,68,11_068.png,0.47569972511642405
VF,FPN-Re,11,69,11_069.png,0.3349126419768976
VF,FPN-Re,11,70,11_070.png,0.4197492252139547
VF,FPN-Re,11,71,11_071.png,0.5080338116927055
VF,FPN-Re,11,72,11_072.png,0.3420797439156428
VF,FPN-Re,11,73,11_073.png,0.5128015590350111
VF,FPN-Re,11,74,11_074.png,0.44682640648491795
VF,FPN-Re,11,75,11_075.png,0.5221802222043499
VF,FPN-Re,11,76,11_076.png,0.5002026205592327
VF,FPN-Re,11,77,11_077.png,0.5061208576998051
VF,FPN-Re,11,78,11_078.png,0.4549980131573138
VF,FPN-Re,11,79,11_079.png,0.6185140557260158
VF,FPN-Re,11,80,11_080.png,0.5733797101449275
VF,FPN-Re,11,81,11_081.png,0.5324711326246655
VF,FPN-Re,11,82,11_082.png,0.5699559206571829
VF,FPN-Re,11,83,11_083.png,0.5208470495750013
VF,FPN-Re,11,84,11_084.png,0.5117994266119512
VF,FPN-Re,11,85,11_085.png,0.5246607083747103
VF,FPN-Re,11,86,11_086.png,0.5363446551263686
VF,FPN-Re,11,87,11_087.png,0.6507434874028933
VF,FPN-Re,11,88,11_088.png,0.3843007690116776
VF,FPN-Re,11,89,11_089.png,0.6149398917133156
VF,FPN-Re,11,90,11_090.png,0.5648872362553604
VF,FPN-Re,11,91,11_091.png,0.42421187809828914
VF,FPN-Re,11,92,11_092.png,0.6141840927209175
VF,FPN-Re,11,93,11_093.png,0.31514917297882206
VF,FPN-Re,11,94,11_094.png,0.2792012057272042
VF,FPN-Re,11,95,11_095.png,0.25832469317387213
VF,FPN-Re,11,96,11_096.png,0.25415679829861276
VF,FPN-Re,11,97,11_097.png,0.1969148792801385
VF,FPN-Re,11,98,11_098.png,0.13851113834039733
VF,FPN-Re,11,99,11_099.png,0.16389639375073417
VF,FPN-Re,11,100,11_100.png,0.1690458447453231
VF,FPN-Re,11,101,11_101.png,0.08582460925980537
VF,FPN-Re,11,102,11_102.png,0.015222893791041012
VF,FPN-Re,11,103,11_103.png,0.03335090830657144
VF,FPN-Re,11,104,11_104.png,0.03634803428220313
VF,FPN-Re,11,105,11_105.png,0.061098520652780465
VF,FPN-Re,11,106,11_106.png,0.02155069001846308
VF,FPN-Re,11,107,11_107.png,0.11916075491902021
VF,FPN-Re,11,108,11_108.png,0.17936219147986682
VF,FPN-Re,11,109,11_109.png,0.18325582445367528
VF,FPN-Re,11,110,11_110.png,0.2075158273799152
VF,FPN-Re,11,111,11_111.png,0.20868720885928146
VF,FPN-Re,11,112,11_112.png,0.17521684379008814
VF,FPN-Re,11,113,11_113.png,0.2161238005135829
VF,FPN-Re,11,114,11_114.png,0.14659739295820384
VF,FPN-Re,11,115,11_115.png,0.10259767264549817
VF,FPN-Re,11,116,11_116.png,0.04651644039111059
VF,FPN-Re,11,117,11_117.png,0.03846031265437509
VF,FPN-Re,11,118,11_118.png,0.13045799769850402
VF,FPN-Re,11,119,11_119.png,0.1343976777939042
VF,FPN-Re,11,120,11_120.png,0.13868568013683105
VF,FPN-Re,11,121,11_121.png,0.14655806780036895
VF,FPN-Re,11,122,11_122.png,0.11857024458198875
VF,FPN-Re,11,123,11_123.png,0.13036351007177588
VF,FPN-Re,11,124,11_124.png,0.06922567835870284
VF,FPN-Re,11,125,11_125.png,0.09121920404295641
VF,FPN-Re,11,126,11_126.png,0.060784331637267174
VF,FPN-Re,11,127,11_127.png,0.16959730128610584
VF,FPN-Re,11,128,11_128.png,0.11692412010255758
VF,FPN-Re,11,129,11_129.png,0.14923099895475586
VF,FPN-Re,11,130,11_130.png,0.11482051152743808
VF,FPN-Re,11,131,11_131.png,0.10520698503531122
VF,FPN-Re,11,132,11_132.png,0.10348923057169454
VF,FPN-Re,11,133,11_133.png,0.126940216775558
VF,FPN-Re,11,134,11_134.png,0.14002966444504372
VF,FPN-Re,11,135,11_135.png,0.1591310987862712
VF,FPN-Re,11,136,11_136.png,0.16236335242061425
VF,FPN-Re,11,137,11_137.png,0.1855925068406651
VF,FPN-Re,11,138,11_138.png,0.17214839830653647
VF,FPN-Re,11,139,11_139.png,0.16376622640439883
VF,FPN-Re,11,140,11_140.png,0.14404713318473403
VF,FPN-Re,11,141,11_141.png,0.1428266462928216
VF,FPN-Re,11,142,11_142.png,0.14734618717504333
VF,FPN-Re,11,143,11_143.png,0.15063372406080439
VF,FPN-Re,11,144,11_144.png,0.11165009799313605
VF,FPN-Re,11,145,11_145.png,0.13963087914268704
VF,FPN-Re,11,146,11_146.png,0.14067149240973373
VF,FPN-Re,11,147,11_147.png,0.09958924366066049
VF,FPN-Re,11,148,11_148.png,0.15034020145052926
VF,FPN-Re,11,149,11_149.png,0.15067536359232597
VF,FPN-Re,11,150,11_150.png,0.12562495040076185
VF,FPN-Re,11,151,11_151.png,0.09821773164045877
VF,FPN-Re,11,152,11_152.png,0.12136442977014153
VF,FPN-Re,11,153,11_153.png,0.22145386877963863
VF,FPN-Re,11,154,11_154.png,0.22921821469356682
VF,FPN-Re,11,155,11_155.png,0.19454797374950325
VF,FPN-Re,11,156,11_156.png,0.22381388668779714
VF,FPN-Re,11,157,11_157.png,0.18007344685628743
VF,FPN-Re,11,158,11_158.png,0.18901503169191475
VF,FPN-Re,11,159,11_159.png,0.20567349001769017
VF,FPN-Re,11,160,11_160.png,0.06503832890372746
VF,FPN-Re,11,161,11_161.png,0.053333621584226915
VF,FPN-Re,11,162,11_162.png,0.1736843442685437
VF,FPN-Re,11,163,11_163.png,0.16770764635139854
VF,FPN-Re,11,164,11_164.png,0.16274212651070388
VF,FPN-Re,11,165,11_165.png,0.20402567965579488
VF,FPN-Re,11,166,11_166.png,0.21869827842299586
VF,FPN-Re,11,167,11_167.png,0.12397117988903206
VF,FPN-Re,11,168,11_168.png,0.06830384758134356
VF,FPN-Re,11,169,11_169.png,0.2026797944044374
VF,FPN-Re,11,170,11_170.png,0.21748415171376384
VF,FPN-Re,11,171,11_171.png,0.2135216307751294
VF,FPN-Re,11,172,11_172.png,0.21123701868196118
VF,FPN-Re,11,173,11_173.png,0.2108960820654282
VF,FPN-Re,11,174,11_174.png,0.21851473592063028
VF,FPN-Re,11,175,11_175.png,0.21724664224664225
VF,FPN-Re,11,176,11_176.png,0.209262043270802
VF,FPN-Re,11,177,11_177.png,0.2111730296632169
VF,FPN-Re,11,178,11_178.png,0.23600213420375368
VF,FPN-Re,11,179,11_179.png,0.15696827620646128
VF,FPN-Re,11,180,11_180.png,0.26379553798362043
VF,FPN-Re,11,181,11_181.png,0.2775598245436252
VF,FPN-Re,11,182,11_182.png,0.29754405484562396
VF,FPN-Re,11,183,11_183.png,0.29098095012251995
VF,FPN-Re,11,184,11_184.png,0.280096505294789
VF,FPN-Re,11,185,11_185.png,0.35428772376375234
VF,FPN-Re,11,186,11_186.png,0.3462764527403311
VF,FPN-Re,11,187,11_187.png,0.37798631315821823
VF,FPN-Re,11,188,11_188.png,0.3623013478173406
VF,FPN-Re,11,189,11_189.png,0.4460593769365106
VF,FPN-Re,11,190,11_190.png,0.6549973096583266
VF,FPN-Re,11,191,11_191.png,0.44095243807353207
VF,FPN-Re,11,192,11_192.png,0.26488979692917286
VF,FPN-Re,11,193,11_193.png,0.1032337312077759
VF,FPN-Re,11,194,11_194.png,0.16928081153347851
VF,FPN-Re,11,195,11_195.png,0.2717457793002202
VF,FPN-Re,11,196,11_196.png,0.31412890169865704
VF,FPN-Re,11,197,11_197.png,0.024555018198135315
VF,FPN-Re,11,198,11_198.png,0.0
VF,FPN-Re,11,199,11_199.png,0.006415151978005193
VF,FPN-Re,11,200,11_200.png,0.003859420604481752
VF,FPN-Re,2,0,2_000.png,0.9300374362736799
VF,FPN-Re,2,1,2_001.png,0.9346926886105447
VF,FPN-Re,2,2,2_002.png,0.9307841666298927
VF,FPN-Re,2,3,2_003.png,0.9311866644233632
VF,FPN-Re,2,4,2_004.png,0.9281323757714978
VF,FPN-Re,2,5,2_005.png,0.8881716800967528
VF,FPN-Re,2,6,2_006.png,0.7892704701704083
VF,FPN-Re,2,7,2_007.png,0.7889911455065188
VF,FPN-Re,2,8,2_008.png,0.7883321796851428
VF,FPN-Re,2,9,2_009.png,0.7831079188837454
VF,FPN-Re,2,10,2_010.png,0.7893354347255056
VF,FPN-Re,2,11,2_011.png,0.8174714920084789
VF,FPN-Re,2,12,2_012.png,0.8134011750812788
VF,FPN-Re,2,13,2_013.png,0.8085785182559376
VF,FPN-Re,2,14,2_014.png,0.854115025413756
VF,FPN-Re,2,15,2_015.png,0.8718704827984967
VF,FPN-Re,2,16,2_016.png,0.8847583643122676
VF,FPN-Re,2,17,2_017.png,0.9378534009645767
VF,FPN-Re,2,18,2_018.png,0.9386773663910776
VF,FPN-Re,2,19,2_019.png,0.9038411452486371
VF,FPN-Re,2,20,2_020.png,0.9489042225404678
VF,FPN-Re,2,21,2_021.png,0.9543841068370057
VF,FPN-Re,2,22,2_022.png,0.9461686588137328
VF,FPN-Re,2,23,2_023.png,0.9286171643224553
VF,FPN-Re,2,24,2_024.png,0.9572624566773191
VF,FPN-Re,2,25,2_025.png,0.9561664102955509
VF,FPN-Re,2,26,2_026.png,0.9196865367215177
VF,FPN-Re,2,27,2_027.png,0.8554184504323008
VF,FPN-Re,2,28,2_028.png,0.7928635547576302
VF,FPN-Re,2,29,2_029.png,0.864231250711278
VF,FPN-Re,2,30,2_030.png,0.7576581321463157
VF,FPN-Re,2,31,2_031.png,0.8288039651919231
VF,FPN-Re,2,32,2_032.png,0.8048381311093176
VF,FPN-Re,2,33,2_033.png,0.8437283064618634
VF,FPN-Re,2,34,2_034.png,0.8244396444885096
VF,FPN-Re,2,35,2_035.png,0.8981509280680995
VF,FPN-Re,2,36,2_036.png,0.9207763957833677
VF,FPN-Re,2,37,2_037.png,0.7120908184191946
VF,FPN-Re,2,38,2_038.png,0.7837496418617977
VF,FPN-Re,2,39,2_039.png,0.733643489898668
VF,FPN-Re,2,40,2_040.png,0.8508723964805885
VF,FPN-Re,2,41,2_041.png,0.7158209208812369
VF,FPN-Re,2,42,2_042.png,0.7973400409687914
VF,FPN-Re,2,43,2_043.png,0.9073670190626821
VF,FPN-Re,2,44,2_044.png,0.8458565366230734
VF,FPN-Re,2,45,2_045.png,0.8724323429611851
VF,FPN-Re,2,46,2_046.png,0.8801136462672778
VF,FPN-Re,2,47,2_047.png,0.8929531625866705
VF,FPN-Re,2,48,2_048.png,0.9004906195498036
VF,FPN-Re,2,49,2_049.png,0.9225531383236245
VF,FPN-Re,2,50,2_050.png,0.924752272361353
VF,FPN-Re,2,51,2_051.png,0.9389776403357513
VF,FPN-Re,2,52,2_052.png,0.8863487094926007
VF,FPN-Re,2,53,2_053.png,0.8555945618178337
VF,FPN-Re,2,54,2_054.png,0.9377011458511482
VF,FPN-Re,2,55,2_055.png,0.9388260434509778
VF,FPN-Re,2,56,2_056.png,0.9436736958934517
VF,FPN-Re,2,57,2_057.png,0.9374449864983813
VF,FPN-Re,2,58,2_058.png,0.8800516051203002
VF,FPN-Re,2,59,2_059.png,0.8834797955656873
VF,FPN-Re,2,60,2_060.png,0.8980854413002892
VF,FPN-Re,2,61,2_061.png,0.8523962288856881
VF,FPN-Re,2,62,2_062.png,0.7919325202193382
VF,FPN-Re,2,63,2_063.png,0.8368473323456147
VF,FPN-Re,2,64,2_064.png,0.8328256268838582
VF,FPN-Re,2,65,2_065.png,0.817302095459837
VF,FPN-Re,2,66,2_066.png,0.8249910389676891
VF,FPN-Re,2,67,2_067.png,0.8725958715389133
VF,FPN-Re,2,68,2_068.png,0.8665609972328936
VF,FPN-Re,2,69,2_069.png,0.8074104452329582
VF,FPN-Re,2,70,2_070.png,0.7948127130424847
VF,FPN-Re,2,71,2_071.png,0.793826096325827
VF,FPN-Re,2,72,2_072.png,0.7979037752902732
VF,FPN-Re,2,73,2_073.png,0.8119889095567332
VF,FPN-Re,2,74,2_074.png,0.831799193446299
VF,FPN-Re,2,75,2_075.png,0.8501679378629907
VF,FPN-Re,2,76,2_076.png,0.8385571676587301
VF,FPN-Re,2,77,2_077.png,0.928576731754399
VF,FPN-Re,2,78,2_078.png,0.9360267816197377
VF,FPN-Re,2,79,2_079.png,0.9507748598657689
VF,FPN-Re,2,80,2_080.png,0.8718802579921481
VF,FPN-Re,2,81,2_081.png,0.8858607639106355
VF,FPN-Re,2,82,2_082.png,0.7742307692307693
VF,FPN-Re,2,83,2_083.png,0.9212662507042841
VF,FPN-Re,2,84,2_084.png,0.8790580232917654
VF,FPN-Re,2,85,2_085.png,0.9154368026751551
VF,FPN-Re,2,86,2_086.png,0.9364885566523456
VF,FPN-Re,2,87,2_087.png,0.923208487553281
VF,FPN-Re,2,88,2_088.png,0.7610294634695169
VF,FPN-Re,2,89,2_089.png,0.8888701773294488
VF,FPN-Re,2,90,2_090.png,0.7786045888011799
VF,FPN-Re,2,91,2_091.png,0.7680737419389414
VF,FPN-Re,2,92,2_092.png,0.6718558307636194
VF,FPN-Re,2,93,2_093.png,0.7040252565114443
VF,FPN-Re,2,94,2_094.png,0.7961168652782418
VF,FPN-Re,2,95,2_095.png,0.8041951980584208
VF,FPN-Re,2,96,2_096.png,0.8204303077045824
VF,FPN-Re,2,97,2_097.png,0.8217012474142794
VF,FPN-Re,2,98,2_098.png,0.860768624517439
VF,FPN-Re,2,99,2_099.png,0.8573886446186197
VF,FPN-Re,2,100,2_100.png,0.7691276310468853
VF,FPN-Re,2,101,2_101.png,0.8014744470823442
VF,FPN-Re,2,102,2_102.png,0.9164274420104082
VF,FPN-Re,2,103,2_103.png,0.9215937905869256
VF,FPN-Re,2,104,2_104.png,0.9361019386450788
VF,FPN-Re,2,105,2_105.png,0.9117717270723042
VF,FPN-Re,2,106,2_106.png,0.9464749379092345
VF,FPN-Re,2,107,2_107.png,0.8729570921016672
VF,FPN-Re,2,108,2_108.png,0.8466831241136614
VF,FPN-Re,2,109,2_109.png,0.8703853720634186
VF,FPN-Re,2,110,2_110.png,0.8711143428467552
VF,FPN-Re,2,111,2_111.png,0.8729337539432177
VF,FPN-Re,2,112,2_112.png,0.8661904107707102
VF,FPN-Re,2,113,2_113.png,0.9051323059028787
VF,FPN-Re,2,114,2_114.png,0.3932779812189551
VF,FPN-Re,2,115,2_115.png,0.7919384902143523
VF,FPN-Re,2,116,2_116.png,0.7636441159749858
VF,FPN-Re,2,117,2_117.png,0.7726531411050949
VF,FPN-Re,2,118,2_118.png,0.7380231426408564
VF,FPN-Re,2,119,2_119.png,0.8329541761455964
VF,FPN-Re,2,120,2_120.png,0.771460205809561
VF,FPN-Re,2,121,2_121.png,0.5033337869097837
VF,FPN-Re,2,122,2_122.png,0.5236989160438968
VF,FPN-Re,2,123,2_123.png,0.502310319426773
VF,FPN-Re,2,124,2_124.png,0.6605454296286145
VF,FPN-Re,2,125,2_125.png,0.6274384685505925
VF,FPN-Re,2,126,2_126.png,0.7547957512022406
VF,FPN-Re,2,127,2_127.png,0.7209260182122955
VF,FPN-Re,2,128,2_128.png,0.5466045914271954
VF,FPN-Re,2,129,2_129.png,0.41591633839804915
VF,FPN-Re,2,130,2_130.png,0.4467907752153376
VF,FPN-Re,2,131,2_131.png,0.465533917135015
VF,FPN-Re,2,132,2_132.png,0.4028200525507948
VF,FPN-Re,2,133,2_133.png,0.365542019605977
VF,FPN-Re,2,134,2_134.png,0.3743083954775078
VF,FPN-Re,2,135,2_135.png,0.26069075210179504
VF,FPN-Re,2,136,2_136.png,0.17727735256381896
VF,FPN-Re,2,137,2_137.png,0.2718435754189944
VF,FPN-Re,2,138,2_138.png,0.3762534818941504
VF,FPN-Re,2,139,2_139.png,0.27860437610881134
VF,FPN-Re,2,140,2_140.png,0.28946519752754635
VF,FPN-Re,2,141,2_141.png,0.40269341432225064
VF,FPN-Re,2,142,2_142.png,0.3837833269953944
VF,FPN-Re,2,143,2_143.png,0.454206457480673
VF,FPN-Re,2,144,2_144.png,0.2670136629798308
VF,FPN-Re,2,145,2_145.png,0.259810625986323
VF,FPN-Re,2,146,2_146.png,0.3337082540231874
VF,FPN-Re,2,147,2_147.png,0.6691259675010184
VF,FPN-Re,2,148,2_148.png,0.6604839042084003
VF,FPN-Re,2,149,2_149.png,0.7135904611266577
VF,FPN-Re,2,150,2_150.png,0.7895376619021671
VF,FPN-Re,2,151,2_151.png,0.6309005338578252
VF,FPN-Re,2,152,2_152.png,0.8209819360815193
VF,FPN-Re,2,153,2_153.png,0.7664347826086957
VF,FPN-Re,2,154,2_154.png,0.7685656154628687
VF,FPN-Re,2,155,2_155.png,0.8702032591554232
VF,FPN-Re,2,156,2_156.png,0.8575890634194921
VF,FPN-Re,2,157,2_157.png,0.8645354185832567
VF,FPN-Re,2,158,2_158.png,0.8394268546336954
VF,FPN-Re,2,159,2_159.png,0.7912572780203785
VF,FPN-Re,2,160,2_160.png,0.6527641156797167
VF,FPN-Re,2,161,2_161.png,0.8152275665314492
VF,FPN-Re,2,162,2_162.png,0.8487646405061127
VF,FPN-Re,2,163,2_163.png,0.5180260047281324
VF,FPN-Re,2,164,2_164.png,0.6753694737175228
VF,FPN-Re,2,165,2_165.png,0.8251108968177435
VF,FPN-Re,2,166,2_166.png,0.8747313967369678
VF,FPN-Re,2,167,2_167.png,0.7317868423733994
VF,FPN-Re,2,168,2_168.png,0.5573947012570741
VF,FPN-Re,2,169,2_169.png,0.6032485369640511
VF,FPN-Re,2,170,2_170.png,0.45557726300120943
VF,FPN-Re,2,171,2_171.png,0.3840670112279451
VF,FPN-Re,2,172,2_172.png,0.2617145324983805
VF,FPN-Re,2,173,2_173.png,0.21957375210319685
VF,FPN-Re,2,174,2_174.png,0.47554686110617106
VF,FPN-Re,2,175,2_175.png,0.662525682067944
VF,FPN-Re,2,176,2_176.png,0.48812330647147834
VF,FPN-Re,2,177,2_177.png,0.44142961787327556
VF,FPN-Re,2,178,2_178.png,0.43767863461904893
VF,FPN-Re,2,179,2_179.png,0.4711089191153567
VF,FPN-Re,2,180,2_180.png,0.7196069469835467
VF,FPN-Re,2,181,2_181.png,0.8285844838278011
VF,FPN-Re,2,182,2_182.png,0.7959310259273044
VF,FPN-Re,2,183,2_183.png,0.807905314872711
VF,FPN-Re,2,184,2_184.png,0.8427296473661298
VF,FPN-Re,2,185,2_185.png,0.8268530099516015
VF,FPN-Re,2,186,2_186.png,0.8367246874233881
VF,FPN-Re,2,187,2_187.png,0.8246867086552822
VF,FPN-Re,2,188,2_188.png,0.7361951468059359
VF,FPN-Re,2,189,2_189.png,0.8166325835037491
VF,FPN-Re,2,190,2_190.png,0.7811931718190884
VF,FPN-Re,2,191,2_191.png,0.7204267336052714
VF,FPN-Re,2,192,2_192.png,0.6007689283061732
VF,FPN-Re,2,193,2_193.png,0.600382932166302
VF,FPN-Re,2,194,2_194.png,0.6540136901057871
VF,FPN-Re,2,195,2_195.png,0.6412625761043222
VF,FPN-Re,2,196,2_196.png,0.8338713945488224
VF,FPN-Re,2,197,2_197.png,0.7073752342020099
VF,FPN-Re,2,198,2_198.png,0.7928446449949351
VF,FPN-Re,2,199,2_199.png,0.6577181208053692
VF,FPN-Re,2,200,2_200.png,0.5414215424109531
VF,FPN-Re,2,201,2_201.png,0.7341715466758526
VF,FPN-Re,2,202,2_202.png,0.7288038932400578
VF,FPN-Re,2,203,2_203.png,0.8435525192143467
VF,FPN-Re,2,204,2_204.png,0.869354974350349
VF,FPN-Re,2,205,2_205.png,0.8379944681037889
VF,FPN-Re,2,206,2_206.png,0.8774737240791591
VF,FPN-Re,2,207,2_207.png,0.8152165015961366
VF,FPN-Re,2,208,2_208.png,0.7476054188132036
VF,FPN-Re,2,209,2_209.png,0.8094795106749151
VF,FPN-Re,2,210,2_210.png,0.7412372641739384
VF,FPN-Re,2,211,2_211.png,0.5715590125126818
VF,FPN-Re,2,212,2_212.png,0.8689946097961097
VF,FPN-Re,2,213,2_213.png,0.8648818137964303
VF,FPN-Re,2,214,2_214.png,0.8514071841734312
VF,FPN-Re,2,215,2_215.png,0.8524346257889991
VF,FPN-Re,2,216,2_216.png,0.8440674573387379
VF,FPN-Re,2,217,2_217.png,0.756051652440359
VF,FPN-Re,2,218,2_218.png,0.8426139817629179
VF,FPN-Re,2,219,2_219.png,0.8351805262800027
VF,FPN-Re,2,220,2_220.png,0.8567368557033975
VF,FPN-Re,2,221,2_221.png,0.8086813061781772
VF,FPN-Re,2,222,2_222.png,0.838689586447434
VF,FPN-Re,2,223,2_223.png,0.7352285698755232
VF,FPN-Re,2,224,2_224.png,0.9047193175564117
VF,FPN-Re,2,225,2_225.png,0.7855981156412989
VF,FPN-Re,2,226,2_226.png,0.8355844483716234
VF,FPN-Re,2,227,2_227.png,0.8531512168064896
VF,FPN-Re,2,228,2_228.png,0.8486578321440706
VF,FPN-Re,2,229,2_229.png,0.8313565864271177
VF,FPN-Re,2,230,2_230.png,0.7263260844551835
VF,FPN-Re,2,231,2_231.png,0.8430571761960327
VF,FPN-Re,3,0,3_000.png,0.9361468711519086
VF,FPN-Re,3,1,3_001.png,0.9408260777235081
VF,FPN-Re,3,2,3_002.png,0.6909179000672053
VF,FPN-Re,3,3,3_003.png,0.7366132101114433
VF,FPN-Re,3,4,3_004.png,0.7063702180525211
VF,FPN-Re,3,5,3_005.png,0.6844036697247706
VF,FPN-Re,3,6,3_006.png,0.7156359708344585
VF,FPN-Re,3,7,3_007.png,0.7096114897670418
VF,FPN-Re,3,8,3_008.png,0.7979706727020294
VF,FPN-Re,3,9,3_009.png,0.9039285905179325
VF,FPN-Re,3,10,3_010.png,0.7308477906766295
VF,FPN-Re,3,11,3_011.png,0.8339624633740728
VF,FPN-Re,3,12,3_012.png,0.917800914882272
VF,FPN-Re,3,13,3_013.png,0.9251479985886227
VF,FPN-Re,3,14,3_014.png,0.9532970862958315
VF,FPN-Re,3,15,3_015.png,0.753409211375924
VF,FPN-Re,3,16,3_016.png,0.7140363570588767
VF,FPN-Re,3,17,3_017.png,0.9443337980481976
VF,FPN-Re,3,18,3_018.png,0.8721193402773436
VF,FPN-Re,3,19,3_019.png,0.864776085329816
VF,FPN-Re,3,20,3_020.png,0.6295667716122262
VF,FPN-Re,3,21,3_021.png,0.7113582110510426
VF,FPN-Re,3,22,3_022.png,0.7394243205226241
VF,FPN-Re,3,23,3_023.png,0.6185239768733704
VF,FPN-Re,3,24,3_024.png,0.5949231185757098
VF,FPN-Re,3,25,3_025.png,0.5749089005856038
VF,FPN-Re,3,26,3_026.png,0.6077041449491188
VF,FPN-Re,3,27,3_027.png,0.5757509422469258
VF,FPN-Re,3,28,3_028.png,0.8062096959926301
VF,FPN-Re,3,29,3_029.png,0.8912186474759234
VF,FPN-Re,3,30,3_030.png,0.8247897834048916
VF,FPN-Re,3,31,3_031.png,0.5730687912180232
VF,FPN-Re,3,32,3_032.png,0.772878496790216
VF,FPN-Re,3,33,3_033.png,0.5393813531533501
VF,FPN-Re,3,34,3_034.png,0.5769760925566051
VF,FPN-Re,3,35,3_035.png,0.4967204952809767
VF,FPN-Re,3,36,3_036.png,0.5106490574025944
VF,FPN-Re,3,37,3_037.png,0.5329527651994763
VF,FPN-Re,3,38,3_038.png,0.5516324336558592
VF,FPN-Re,3,39,3_039.png,0.5400467281865093
VF,FPN-Re,3,40,3_040.png,0.8562209268091621
VF,FPN-Re,3,41,3_041.png,0.91251907871332
VF,FPN-Re,3,42,3_042.png,0.9479467518203637
VF,FPN-Re,3,43,3_043.png,0.9505164504235738
VF,FPN-Re,3,44,3_044.png,0.9562815872705338
VF,FPN-Re,3,45,3_045.png,0.9645397283054081
VF,FPN-Re,3,46,3_046.png,0.9439137498153891
VF,FPN-Re,3,47,3_047.png,0.9568036767579033
VF,FPN-Re,3,48,3_048.png,0.9737169199411381
VF,FPN-Re,3,49,3_049.png,0.9594618303582618
VF,FPN-Re,3,50,3_050.png,0.9757051930405288
VF,FPN-Re,3,51,3_051.png,0.9753268877130834
VF,FPN-Re,3,52,3_052.png,0.9676629006179759
VF,FPN-Re,3,53,3_053.png,0.9650036566842313
VF,FPN-Re,3,54,3_054.png,0.9683576231630181
VF,FPN-Re,3,55,3_055.png,0.9540659309199696
VF,FPN-Re,3,56,3_056.png,0.959260919622207
VF,FPN-Re,3,57,3_057.png,0.9568075446561607
VF,FPN-Re,3,58,3_058.png,0.9652864372186652
VF,FPN-Re,3,59,3_059.png,0.9672873105697295
VF,FPN-Re,3,60,3_060.png,0.955728779479337
VF,FPN-Re,3,61,3_061.png,0.9632922190793229
VF,FPN-Re,3,62,3_062.png,0.961968717647388
VF,FPN-Re,3,63,3_063.png,0.9521330146318565
VF,FPN-Re,3,64,3_064.png,0.9585161797727195
VF,FPN-Re,3,65,3_065.png,0.9589540333034201
VF,FPN-Re,3,66,3_066.png,0.932921763918887
VF,FPN-Re,3,67,3_067.png,0.9424513526146175
VF,FPN-Re,3,68,3_068.png,0.9427271704360966
VF,FPN-Re,3,69,3_069.png,0.9437414515393681
VF,FPN-Re,3,70,3_070.png,0.9516737865507844
VF,FPN-Re,3,71,3_071.png,0.9546224464013326
VF,FPN-Re,3,72,3_072.png,0.954013134053968
VF,FPN-Re,3,73,3_073.png,0.837759969009515
VF,FPN-Re,3,74,3_074.png,0.9181472081218274
VF,FPN-Re,3,75,3_075.png,0.9421271056791
VF,FPN-Re,3,76,3_076.png,0.9624976094855613
VF,FPN-Re,3,77,3_077.png,0.8695048817961045
VF,FPN-Re,3,78,3_078.png,0.9612116436700303
VF,FPN-Re,3,79,3_079.png,0.9634782025711077
VF,FPN-Re,3,80,3_080.png,0.9599547191170228
VF,FPN-Re,3,81,3_081.png,0.8056644063986813
VF,FPN-Re,3,82,3_082.png,0.8179014856280827
VF,FPN-Re,3,83,3_083.png,0.8659393098370173
VF,FPN-Re,3,84,3_084.png,0.8273938412762657
VF,FPN-Re,3,85,3_085.png,0.764482675330949
VF,FPN-Re,3,86,3_086.png,0.734228911745347
VF,FPN-Re,3,87,3_087.png,0.7689271869599739
VF,FPN-Re,3,88,3_088.png,0.8792138112555191
VF,FPN-Re,3,89,3_089.png,0.9634856650327793
VF,FPN-Re,3,90,3_090.png,0.9716671717081692
VF,FPN-Re,3,91,3_091.png,0.9533040928587007
VF,FPN-Re,3,92,3_092.png,0.9613089993706734
VF,FPN-Re,3,93,3_093.png,0.7971212768989596
VF,FPN-Re,3,94,3_094.png,0.8408746393701814
VF,FPN-Re,3,95,3_095.png,0.8345517472762268
VF,FPN-Re,3,96,3_096.png,0.7574266708335193
VF,FPN-Re,3,97,3_097.png,0.6819731301383597
VF,FPN-Re,3,98,3_098.png,0.7109512017041392
VF,FPN-Re,3,99,3_099.png,0.9189383315661661
VF,FPN-Re,3,100,3_100.png,0.9526548080781062
VF,FPN-Re,3,101,3_101.png,0.9569354952913687
VF,FPN-Re,3,102,3_102.png,0.9527302137748799
VF,FPN-Re,3,103,3_103.png,0.9520752273703701
VF,FPN-Re,3,104,3_104.png,0.9682494151543546
VF,FPN-Re,3,105,3_105.png,0.9645551481434652
VF,FPN-Re,3,106,3_106.png,0.9578507712779064
VF,FPN-Re,3,107,3_107.png,0.94864527256241
VF,FPN-Re,3,108,3_108.png,0.9709980195810438
VF,FPN-Re,3,109,3_109.png,0.9662300055157198
VF,FPN-Re,3,110,3_110.png,0.9571301848632154
VF,FPN-Re,3,111,3_111.png,0.9527143862140608
VF,FPN-Re,3,112,3_112.png,0.9558599505531553
VF,FPN-Re,3,113,3_113.png,0.9501268419064068
VF,FPN-Re,3,114,3_114.png,0.8988492843109739
VF,FPN-Re,3,115,3_115.png,0.9002686174772818
VF,FPN-Re,3,116,3_116.png,0.9126927849672044
VF,FPN-Re,3,117,3_117.png,0.9018004187020238
VF,FPN-Re,3,118,3_118.png,0.9426021524192842
VF,FPN-Re,3,119,3_119.png,0.9167198734142076
VF,FPN-Re,3,120,3_120.png,0.7007120702459482
VF,FPN-Re,3,121,3_121.png,0.9178980967017378
VF,FPN-Re,3,122,3_122.png,0.9623812418028854
VF,FPN-Re,3,123,3_123.png,0.8393968405935854
VF,FPN-Re,3,124,3_124.png,0.8260072420589448
VF,FPN-Re,3,125,3_125.png,0.497307914182897
VF,FPN-Re,3,126,3_126.png,0.5440427510665623
VF,FPN-Re,3,127,3_127.png,0.604301320352311
VF,FPN-Re,3,128,3_128.png,0.5755551601999062
VF,FPN-Re,3,129,3_129.png,0.5389941271303547
VF,FPN-Re,3,130,3_130.png,0.4820966957590028
VF,FPN-Re,3,131,3_131.png,0.5074806582425643
VF,FPN-Re,3,132,3_132.png,0.49977378764315
VF,FPN-Re,3,133,3_133.png,0.4782319322867684
VF,FPN-Re,3,134,3_134.png,0.44542694216100126
VF,FPN-Re,3,135,3_135.png,0.39749040144750586
VF,FPN-Re,3,136,3_136.png,0.5620534035351636
VF,FPN-Re,3,137,3_137.png,0.0
VF,FPN-Re,3,138,3_138.png,0.2844332030351805
VF,FPN-Re,3,139,3_139.png,0.46418976475984536
VF,FPN-Re,3,140,3_140.png,0.3845602180183913
VF,FPN-Re,3,141,3_141.png,0.44032778310522186
VF,FPN-Re,3,142,3_142.png,0.44783665703614967
VF,FPN-Re,3,143,3_143.png,0.5218956711044126
VF,FPN-Re,3,144,3_144.png,0.4545297934651532
VF,FPN-Re,3,145,3_145.png,0.3146067415730337
VF,FPN-Re,3,146,3_146.png,0.48733654311842967
VF,FPN-Re,3,147,3_147.png,0.3900539113213775
VF,FPN-Re,3,148,3_148.png,0.31735264751097514
VF,FPN-Re,3,149,3_149.png,0.2614597077652348
VF,FPN-Re,3,150,3_150.png,0.3133160338705272
VF,FPN-Re,3,151,3_151.png,0.42572101977294396
VF,FPN-Re,3,152,3_152.png,0.693229119875423
VF,FPN-Re,3,153,3_153.png,0.4693452563238807
VF,FPN-Re,3,154,3_154.png,0.876010781671159
VF,FPN-Re,3,155,3_155.png,0.9533535139866516
VF,FPN-Re,3,156,3_156.png,0.9339609134512133
VF,FPN-Re,3,157,3_157.png,0.9515204936095196
VF,FPN-Re,3,158,3_158.png,0.8040658276863505
VF,FPN-Re,3,159,3_159.png,0.789577006840281
VF,FPN-Re,3,160,3_160.png,0.9685752778713371
VF,FPN-Re,3,161,3_161.png,0.8903123693483844
VF,FPN-Re,3,162,3_162.png,0.9048465841119985
VF,FPN-Re,3,163,3_163.png,0.8214307458143074
VF,FPN-Re,3,164,3_164.png,0.9067388890757999
VF,FPN-Re,3,165,3_165.png,0.9374358623520558
VF,FPN-Re,3,166,3_166.png,0.7694723094450774
VF,FPN-Re,3,167,3_167.png,0.7526613257243195
VF,FPN-Re,3,168,3_168.png,0.7931034482758621
VF,FPN-Re,3,169,3_169.png,0.9370515120451051
VF,FPN-Re,3,170,3_170.png,0.8823718416824887
VF,FPN-Re,3,171,3_171.png,0.7369868208969376
VF,FPN-Re,3,172,3_172.png,0.8275492069878952
VF,FPN-Re,3,173,3_173.png,0.6749361049582553
VF,FPN-Re,3,174,3_174.png,0.8193209151423617
VF,FPN-Re,3,175,3_175.png,0.8818327974276527
VF,FPN-Re,3,176,3_176.png,0.9127629135847564
VF,FPN-Re,3,177,3_177.png,0.9192678130200191
VF,FPN-Re,3,178,3_178.png,0.7515277953386438
VF,FPN-Re,3,179,3_179.png,0.5452848576950395
VF,FPN-Re,3,180,3_180.png,0.559127669241254
VF,FPN-Re,3,181,3_181.png,0.947036181678214
VF,FPN-Re,3,182,3_182.png,0.9542895635856229
VF,FPN-Re,3,183,3_183.png,0.9295488349033217
VF,FPN-Re,3,184,3_184.png,0.34674964882160136
VF,FPN-Re,3,185,3_185.png,0.37446663977752775
VF,FPN-Re,3,186,3_186.png,0.5883701766328687
VF,FPN-Re,3,187,3_187.png,0.9093501130665618
VF,FPN-Re,3,188,3_188.png,0.6363602927654566
VF,FPN-Re,3,189,3_189.png,0.3907364588970335
VF,FPN-Re,3,190,3_190.png,0.5074239049740163
VF,FPN-Re,3,191,3_191.png,0.7149156211167675
VF,FPN-Re,3,192,3_192.png,0.9385256714685241
VF,FPN-Re,3,193,3_193.png,0.31392667536599755
VF,FPN-Re,3,194,3_194.png,0.4628728534334155
VF,FPN-Re,3,195,3_195.png,0.08954566527584608
VF,FPN-Re,3,196,3_196.png,0.0
VF,FPN-Re,3,197,3_197.png,0.08142947922655612
VF,FPN-Re,3,198,3_198.png,0.34706383381441347
VF,FPN-Re,3,199,3_199.png,0.30458895800034663
VF,FPN-Re,3,200,3_200.png,0.6613054178654373
VF,FPN-Re,3,201,3_201.png,0.6758475263584752
VF,FPN-Re,3,202,3_202.png,0.9652517275419545
VF,FPN-Re,3,203,3_203.png,0.9268178751232677
VF,FPN-Re,3,204,3_204.png,0.9425969074348655
VF,FPN-Re,3,205,3_205.png,0.9399779908819368
VF,FPN-Re,3,206,3_206.png,0.9397590361445783
VF,FPN-Re,3,207,3_207.png,0.8940306498025832
VF,FPN-Re,3,208,3_208.png,0.9281115542853554
VF,FPN-Re,3,209,3_209.png,0.6266656877500826
VF,FPN-Re,3,210,3_210.png,0.8771393643031785
VF,FPN-Re,3,211,3_211.png,0.8629005416200187
VF,FPN-Re,3,212,3_212.png,0.8986718646755649
VF,FPN-Re,3,213,3_213.png,0.7114085865894838
VF,FPN-Re,3,214,3_214.png,0.6539083246738252
VF,FPN-Re,3,215,3_215.png,0.6255353180950415
VF,FPN-Re,3,216,3_216.png,0.3435508693384887
VF,FPN-Re,3,217,3_217.png,0.4432919482424433
VF,FPN-Re,3,218,3_218.png,0.6742227247032222
VF,FPN-Re,3,219,3_219.png,0.6938286786835377
VF,FPN-Re,3,220,3_220.png,0.7495353013452632
VF,FPN-Re,3,221,3_221.png,0.9244037549341559
VF,FPN-Re,4,0,4_000.png,0.934404985730444
VF,FPN-Re,4,1,4_001.png,0.9271297206639292
VF,FPN-Re,4,2,4_002.png,0.9365201679332519
VF,FPN-Re,4,3,4_003.png,0.959753575736688
VF,FPN-Re,4,4,4_004.png,0.9505697755960729
VF,FPN-Re,4,5,4_005.png,0.95259747331736
VF,FPN-Re,4,6,4_006.png,0.9106989524300189
VF,FPN-Re,4,7,4_007.png,0.9480598624148883
VF,FPN-Re,4,8,4_008.png,0.9080940752507172
VF,FPN-Re,4,9,4_009.png,0.8014459512308554
VF,FPN-Re,4,10,4_010.png,0.7968739866398599
VF,FPN-Re,4,11,4_011.png,0.7173811160407424
VF,FPN-Re,4,12,4_012.png,0.7845819966031327
VF,FPN-Re,4,13,4_013.png,0.6332087026949064
VF,FPN-Re,4,14,4_014.png,0.6457639422666325
VF,FPN-Re,4,15,4_015.png,0.6845058007956738
VF,FPN-Re,4,16,4_016.png,0.5645205209340758
VF,FPN-Re,4,17,4_017.png,0.8337854806455114
VF,FPN-Re,4,18,4_018.png,0.8462466421251617
VF,FPN-Re,4,19,4_019.png,0.7519339865910263
VF,FPN-Re,4,20,4_020.png,0.886633110291556
VF,FPN-Re,4,21,4_021.png,0.8032380907880289
VF,FPN-Re,4,22,4_022.png,0.6908878661167938
VF,FPN-Re,4,23,4_023.png,0.7125848095250666
VF,FPN-Re,4,24,4_024.png,0.6825029826798864
VF,FPN-Re,4,25,4_025.png,0.8037045090635934
VF,FPN-Re,4,26,4_026.png,0.9464657306201126
VF,FPN-Re,4,27,4_027.png,0.9586514369066804
VF,FPN-Re,4,28,4_028.png,0.9621796222863781
VF,FPN-Re,4,29,4_029.png,0.9634973647132495
VF,FPN-Re,4,30,4_030.png,0.9629189939603889
VF,FPN-Re,4,31,4_031.png,0.9674285599748782
VF,FPN-Re,4,32,4_032.png,0.9586964586736786
VF,FPN-Re,4,33,4_033.png,0.9628529996374683
VF,FPN-Re,4,34,4_034.png,0.9758904352114725
VF,FPN-Re,4,35,4_035.png,0.9761068074044076
VF,FPN-Re,4,36,4_036.png,0.967126810123156
VF,FPN-Re,4,37,4_037.png,0.9522270013299754
VF,FPN-Re,4,38,4_038.png,0.9690570883344332
VF,FPN-Re,4,39,4_039.png,0.9691122248471066
VF,FPN-Re,4,40,4_040.png,0.9649095400922245
VF,FPN-Re,4,41,4_041.png,0.9823823457693246
VF,FPN-Re,4,42,4_042.png,0.9767988643421169
VF,FPN-Re,4,43,4_043.png,0.9761940743686618
VF,FPN-Re,4,44,4_044.png,0.9696124149529852
VF,FPN-Re,4,45,4_045.png,0.9632558795790912
VF,FPN-Re,4,46,4_046.png,0.9652847209171208
VF,FPN-Re,4,47,4_047.png,0.8794247455489836
VF,FPN-Re,4,48,4_048.png,0.8589722791150407
VF,FPN-Re,4,49,4_049.png,0.6797423674538772
VF,FPN-Re,4,50,4_050.png,0.9635224504002785
VF,FPN-Re,4,51,4_051.png,0.9681880223174733
VF,FPN-Re,4,52,4_052.png,0.9442555767708285
VF,FPN-Re,4,53,4_053.png,0.9389451874676265
VF,FPN-Re,4,54,4_054.png,0.6855622259962874
VF,FPN-Re,4,55,4_055.png,0.8527564483082167
VF,FPN-Re,4,56,4_056.png,0.9382440757398238
VF,FPN-Re,4,57,4_057.png,0.9583929707379135
VF,FPN-Re,4,58,4_058.png,0.7794610878074838
VF,FPN-Re,4,59,4_059.png,0.9781094413739552
VF,FPN-Re,4,60,4_060.png,0.8953874490881262
VF,FPN-Re,4,61,4_061.png,0.8504947703379476
VF,FPN-Re,4,62,4_062.png,0.6939534177983461
VF,FPN-Re,4,63,4_063.png,0.5867086118757373
VF,FPN-Re,4,64,4_064.png,0.5869945438299652
VF,FPN-Re,4,65,4_065.png,0.5777751250907717
VF,FPN-Re,4,66,4_066.png,0.5966557989666151
VF,FPN-Re,4,67,4_067.png,0.8015454433950693
VF,FPN-Re,4,68,4_068.png,0.7828024191152881
VF,FPN-Re,4,69,4_069.png,0.6957937411549389
VF,FPN-Re,4,70,4_070.png,0.7290996784565916
VF,FPN-Re,4,71,4_071.png,0.7600808368996671
VF,FPN-Re,4,72,4_072.png,0.7969719614022548
VF,FPN-Re,4,73,4_073.png,0.9622796972320755
VF,FPN-Re,4,74,4_074.png,0.9601254215228066
VF,FPN-Re,4,75,4_075.png,0.9637507071330439
VF,FPN-Re,4,76,4_076.png,0.957280636571924
VF,FPN-Re,4,77,4_077.png,0.9645278492455323
VF,FPN-Re,4,78,4_078.png,0.9617819917524434
VF,FPN-Re,4,79,4_079.png,0.9669646214816743
VF,FPN-Re,4,80,4_080.png,0.9236958792008355
VF,FPN-Re,4,81,4_081.png,0.9698213271039838
VF,FPN-Re,4,82,4_082.png,0.967487701499651
VF,FPN-Re,4,83,4_083.png,0.9679343907714492
VF,FPN-Re,4,84,4_084.png,0.9735499487943394
VF,FPN-Re,4,85,4_085.png,0.9700206193025611
VF,FPN-Re,4,86,4_086.png,0.953340109027072
VF,FPN-Re,4,87,4_087.png,0.9721002140648537
VF,FPN-Re,4,88,4_088.png,0.9617963511617028
VF,FPN-Re,4,89,4_089.png,0.9408374951978487
VF,FPN-Re,4,90,4_090.png,0.9278080062184221
VF,FPN-Re,4,91,4_091.png,0.928080650484563
VF,FPN-Re,4,92,4_092.png,0.9488219143094311
VF,FPN-Re,4,93,4_093.png,0.949687000532765
VF,FPN-Re,4,94,4_094.png,0.4677738634457306
VF,FPN-Re,4,95,4_095.png,0.6981772271758857
VF,FPN-Re,4,96,4_096.png,0.5172761910964927
VF,FPN-Re,4,97,4_097.png,0.3790716177221503
VF,FPN-Re,4,98,4_098.png,0.3593389980712089
VF,FPN-Re,4,99,4_099.png,0.27356209983240265
VF,FPN-Re,4,100,4_100.png,0.3181262658006844
VF,FPN-Re,4,101,4_101.png,0.5989634265597497
VF,FPN-Re,4,102,4_102.png,0.5688436149180712
VF,FPN-Re,4,103,4_103.png,0.24045596781403666
VF,FPN-Re,4,104,4_104.png,0.08138563111123492
VF,FPN-Re,4,105,4_105.png,0.20041063474387527
VF,FPN-Re,4,106,4_106.png,0.4697160794865327
VF,FPN-Re,4,107,4_107.png,0.39209225700164746
VF,FPN-Re,4,108,4_108.png,0.4151197326898088
VF,FPN-Re,4,109,4_109.png,0.5489725186256584
VF,FPN-Re,4,110,4_110.png,0.3311501001119897
VF,FPN-Re,4,111,4_111.png,0.3203087906870417
VF,FPN-Re,4,112,4_112.png,0.3137468716481945
VF,FPN-Re,4,113,4_113.png,0.28787791755222397
VF,FPN-Re,4,114,4_114.png,0.31264508949983694
VF,FPN-Re,4,115,4_115.png,0.4833618387493624
VF,FPN-Re,4,116,4_116.png,0.5461595872408086
VF,FPN-Re,4,117,4_117.png,0.503909158600149
VF,FPN-Re,4,118,4_118.png,0.3417607310143592
VF,FPN-Re,4,119,4_119.png,0.3281734778982485
VF,FPN-Re,4,120,4_120.png,0.32773095077545517
VF,FPN-Re,4,121,4_121.png,0.3355009289695584
VF,FPN-Re,4,122,4_122.png,0.3456372558603296
VF,FPN-Re,4,123,4_123.png,0.3981867976201719
VF,FPN-Re,4,124,4_124.png,0.43062000836503417
VF,FPN-Re,4,125,4_125.png,0.7935023287775826
VF,FPN-Re,4,126,4_126.png,0.7818674565909306
VF,FPN-Re,4,127,4_127.png,0.9588842417701026
VF,FPN-Re,4,128,4_128.png,0.855800933125972
VF,FPN-Re,4,129,4_129.png,0.9606170922328862
VF,FPN-Re,4,130,4_130.png,0.9499017409836973
VF,FPN-Re,4,131,4_131.png,0.9399150523153423
VF,FPN-Re,4,132,4_132.png,0.9409275744587318
VF,FPN-Re,4,133,4_133.png,0.955516655511507
VF,FPN-Re,4,134,4_134.png,0.9548087073122022
VF,FPN-Re,4,135,4_135.png,0.9514605308913875
VF,FPN-Re,4,136,4_136.png,0.9525983387107847
VF,FPN-Re,4,137,4_137.png,0.952811580129275
VF,FPN-Re,4,138,4_138.png,0.957723146246107
VF,FPN-Re,4,139,4_139.png,0.9258014013294664
VF,FPN-Re,4,140,4_140.png,0.9423852610923362
VF,FPN-Re,4,141,4_141.png,0.9487297297297297
VF,FPN-Re,4,142,4_142.png,0.9503884969188175
VF,FPN-Re,4,143,4_143.png,0.9324103259785341
VF,FPN-Re,4,144,4_144.png,0.14520158298293345
VF,FPN-Re,4,145,4_145.png,0.7781757402101241
VF,FPN-Re,4,146,4_146.png,0.6573192781359807
VF,FPN-Re,4,147,4_147.png,0.4460988021956043
VF,FPN-Re,4,148,4_148.png,0.3653417691378812
VF,FPN-Re,4,149,4_149.png,0.3735733913248706
VF,FPN-Re,4,150,4_150.png,0.3545736592683509
VF,FPN-Re,4,151,4_151.png,0.9206264166494952
VF,FPN-Re,4,152,4_152.png,0.6094238553457595
VF,FPN-Re,4,153,4_153.png,0.6533305014999867
VF,FPN-Re,4,154,4_154.png,0.4576953382882211
VF,FPN-Re,4,155,4_155.png,0.4907010014306152
VF,FPN-Re,4,156,4_156.png,0.9504923319724157
VF,FPN-Re,4,157,4_157.png,0.9513916251746248
VF,FPN-Re,4,158,4_158.png,0.9531920541521037
VF,FPN-Re,4,159,4_159.png,0.9481358544247526
VF,FPN-Re,4,160,4_160.png,0.933094593414272
VF,FPN-Re,4,161,4_161.png,0.9540716517270578
VF,FPN-Re,4,162,4_162.png,0.912861136999068
VF,FPN-Re,4,163,4_163.png,0.9584386852085968
VF,FPN-Re,4,164,4_164.png,0.830266119422746
VF,FPN-Re,4,165,4_165.png,0.9521431543903454
VF,FPN-Re,4,166,4_166.png,0.9472177696359056
VF,FPN-Re,4,167,4_167.png,0.8993513436453061
VF,FPN-Re,4,168,4_168.png,0.8883049147442327
VF,FPN-Re,4,169,4_169.png,0.9355672880077578
VF,FPN-Re,4,170,4_170.png,0.9549272447651721
VF,FPN-Re,4,171,4_171.png,0.9388468445356594
VF,FPN-Re,4,172,4_172.png,0.8790518260436757
VF,FPN-Re,4,173,4_173.png,0.9532051072723117
VF,FPN-Re,4,174,4_174.png,0.947431163318117
VF,FPN-Re,4,175,4_175.png,0.9291461383050367
VF,FPN-Re,4,176,4_176.png,0.9330634175874073
VF,FPN-Re,5,0,5_000.png,0.8507462686567164
VF,FPN-Re,5,1,5_001.png,0.6920885850601723
VF,FPN-Re,5,2,5_002.png,0.652598385469223
VF,FPN-Re,5,3,5_003.png,0.845195047118124
VF,FPN-Re,5,4,5_004.png,0.8839734936802062
VF,FPN-Re,5,5,5_005.png,0.5137976845701272
VF,FPN-Re,5,6,5_006.png,0.2436297804933243
VF,FPN-Re,5,7,5_007.png,0.2516159334391984
VF,FPN-Re,5,8,5_008.png,0.29994727195118887
VF,FPN-Re,5,9,5_009.png,0.33220672434232096
VF,FPN-Re,5,10,5_010.png,0.7567730282962071
VF,FPN-Re,5,11,5_011.png,0.9085814559039964
VF,FPN-Re,5,12,5_012.png,0.8714278111862062
VF,FPN-Re,5,13,5_013.png,0.6983302224688493
VF,FPN-Re,5,14,5_014.png,0.6478952953661125
VF,FPN-Re,5,15,5_015.png,0.6376126174324296
VF,FPN-Re,5,16,5_016.png,0.4664992114025352
VF,FPN-Re,5,17,5_017.png,0.42733501622791203
VF,FPN-Re,5,18,5_018.png,0.3624659098116319
VF,FPN-Re,5,19,5_019.png,0.3455810916272477
VF,FPN-Re,5,20,5_020.png,0.39371392809957584
VF,FPN-Re,5,21,5_021.png,0.2561038838612368
VF,FPN-Re,5,22,5_022.png,0.5040712711945589
VF,FPN-Re,5,23,5_023.png,0.517445559089797
VF,FPN-Re,5,24,5_024.png,0.5940660179355085
VF,FPN-Re,5,25,5_025.png,0.5755238704337685
VF,FPN-Re,5,26,5_026.png,0.5962855991402471
VF,FPN-Re,5,27,5_027.png,0.3893128419412525
VF,FPN-Re,5,28,5_028.png,0.7654028436018957
VF,FPN-Re,5,29,5_029.png,0.4906672791047269
VF,FPN-Re,5,30,5_030.png,0.6034601440961865
VF,FPN-Re,5,31,5_031.png,0.6917005606243817
VF,FPN-Re,5,32,5_032.png,0.7767935845892546
VF,FPN-Re,5,33,5_033.png,0.787561181867104
VF,FPN-Re,5,34,5_034.png,0.8578257405663794
VF,FPN-Re,5,35,5_035.png,0.9308064049172661
VF,FPN-Re,5,36,5_036.png,0.9544850730615955
VF,FPN-Re,5,37,5_037.png,0.7853870411138216
VF,FPN-Re,5,38,5_038.png,0.8464382709989856
VF,FPN-Re,5,39,5_039.png,0.9391025641025641
VF,FPN-Re,5,40,5_040.png,0.9360117829964815
VF,FPN-Re,5,41,5_041.png,0.9319996370894574
VF,FPN-Re,5,42,5_042.png,0.7514819881440948
VF,FPN-Re,5,43,5_043.png,0.6019938396317027
VF,FPN-Re,5,44,5_044.png,0.9456585942114589
VF,FPN-Re,5,45,5_045.png,0.9363332762459325
VF,FPN-Re,5,46,5_046.png,0.9333978390582164
VF,FPN-Re,5,47,5_047.png,0.8671891026956058
VF,FPN-Re,5,48,5_048.png,0.9150404835640461
VF,FPN-Re,5,49,5_049.png,0.9150286333384925
VF,FPN-Re,5,50,5_050.png,0.9052492729208715
VF,FPN-Re,5,51,5_051.png,0.850040829658664
VF,FPN-Re,5,52,5_052.png,0.9443806351576408
VF,FPN-Re,5,53,5_053.png,0.9257893183830038
VF,FPN-Re,5,54,5_054.png,0.8804772139128909
VF,FPN-Re,5,55,5_055.png,0.8960505366955985
VF,FPN-Re,5,56,5_056.png,0.9400221729490023
VF,FPN-Re,5,57,5_057.png,0.4425
VF,FPN-Re,5,58,5_058.png,0.4783513006796344
VF,FPN-Re,5,59,5_059.png,0.7399166601147888
VF,FPN-Re,5,60,5_060.png,0.9227244324099146
VF,FPN-Re,5,61,5_061.png,0.9444488977955912
VF,FPN-Re,5,62,5_062.png,0.9393512981073665
VF,FPN-Re,5,63,5_063.png,0.8561987313606323
VF,FPN-Re,5,64,5_064.png,0.6383720393369962
VF,FPN-Re,5,65,5_065.png,0.6480396185203607
VF,FPN-Re,5,66,5_066.png,0.7429812247762766
VF,FPN-Re,5,67,5_067.png,0.7336266945557156
VF,FPN-Re,5,68,5_068.png,0.6519955173161738
VF,FPN-Re,5,69,5_069.png,0.5733188203680397
VF,FPN-Re,5,70,5_070.png,0.5251073865072012
VF,FPN-Re,5,71,5_071.png,0.4992065451211341
VF,FPN-Re,5,72,5_072.png,0.4034810389869711
VF,FPN-Re,5,73,5_073.png,0.33354443740764195
VF,FPN-Re,5,74,5_074.png,0.6015071252704618
VF,FPN-Re,5,75,5_075.png,0.49092186517768
VF,FPN-Re,5,76,5_076.png,0.46013152486642006
VF,FPN-Re,5,77,5_077.png,0.6782658471920945
VF,FPN-Re,5,78,5_078.png,0.41781598765992195
VF,FPN-Re,5,79,5_079.png,0.5949919145391287
VF,FPN-Re,5,80,5_080.png,0.539717406791736
VF,FPN-Re,5,81,5_081.png,0.3515378548895899
VF,FPN-Re,5,82,5_082.png,0.8203212230524779
VF,FPN-Re,5,83,5_083.png,0.9138580491673275
VF,FPN-Re,5,84,5_084.png,0.9375272166951395
VF,FPN-Re,5,85,5_085.png,0.8603613253356184
VF,FPN-Re,5,86,5_086.png,0.8219534975175736
VF,FPN-Re,5,87,5_087.png,0.8363415663922313
VF,FPN-Re,5,88,5_088.png,0.8451720891306622
VF,FPN-Re,5,89,5_089.png,0.9545383206905571
VF,FPN-Re,5,90,5_090.png,0.9345981798550054
VF,FPN-Re,5,91,5_091.png,0.7901471529110684
VF,FPN-Re,5,92,5_092.png,0.7562907735321528
VF,FPN-Re,5,93,5_093.png,0.8980848153214774
VF,FPN-Re,5,94,5_094.png,0.8986200845497327
VF,FPN-Re,5,95,5_095.png,0.9391519024106884
VF,FPN-Re,5,96,5_096.png,0.9555171669185921
VF,FPN-Re,5,97,5_097.png,0.9515159886732509
VF,FPN-Re,5,98,5_098.png,0.921608905970446
VF,FPN-Re,5,99,5_099.png,0.8605183398280448
VF,FPN-Re,5,100,5_100.png,0.8778486163863266
VF,FPN-Re,5,101,5_101.png,0.9023036943390925
VF,FPN-Re,5,102,5_102.png,0.9223638470451911
VF,FPN-Re,5,103,5_103.png,0.898564969530175
VF,FPN-Re,5,104,5_104.png,0.6183155669104043
VF,FPN-Re,5,105,5_105.png,0.8919641152891773
VF,FPN-Re,5,106,5_106.png,0.940552111671052
VF,FPN-Re,5,107,5_107.png,0.7789133942980097
VF,FPN-Re,5,108,5_108.png,0.8325678040244969
VF,FPN-Re,5,109,5_109.png,0.176225884244373
VF,FPN-Re,5,110,5_110.png,0.15832531280076997
VF,FPN-Re,5,111,5_111.png,0.1562914655148076
VF,FPN-Re,5,112,5_112.png,0.0957593543653705
VF,FPN-Re,5,113,5_113.png,0.06563756930101097
VF,FPN-Re,5,114,5_114.png,0.15272952519458136
VF,FPN-Re,5,115,5_115.png,0.1258479713172896
VF,FPN-Re,5,116,5_116.png,0.08663473343824032
VF,FPN-Re,5,117,5_117.png,0.08825251166838066
VF,FPN-Re,5,118,5_118.png,0.10373624708845418
VF,FPN-Re,5,119,5_119.png,0.306258201728585
VF,FPN-Re,5,120,5_120.png,0.48003841404856634
VF,FPN-Re,5,121,5_121.png,0.9310791940953521
VF,FPN-Re,5,122,5_122.png,0.9128712871287129
VF,FPN-Re,5,123,5_123.png,0.7316934855036507
VF,FPN-Re,5,124,5_124.png,0.8826064723500621
VF,FPN-Re,5,125,5_125.png,0.8708677004289014
VF,FPN-Re,5,126,5_126.png,0.8912882982650424
VF,FPN-Re,5,127,5_127.png,0.9288100449256999
VF,FPN-Re,5,128,5_128.png,0.44186665877548603
VF,FPN-Re,5,129,5_129.png,0.35177100412872125
VF,FPN-Re,5,130,5_130.png,0.4106102781221492
VF,FPN-Re,5,131,5_131.png,0.4125719232140129
VF,FPN-Re,5,132,5_132.png,0.3531036453248887
VF,FPN-Re,5,133,5_133.png,0.2567590838643017
VF,FPN-Re,5,134,5_134.png,0.16504836975994266
VF,FPN-Re,5,135,5_135.png,0.23045965542473226
VF,FPN-Re,5,136,5_136.png,0.2607175486682128
VF,FPN-Re,5,137,5_137.png,0.1385447301015084
VF,FPN-Re,5,138,5_138.png,0.1424258605109669
VF,FPN-Re,5,139,5_139.png,0.4559307215121362
VF,FPN-Re,5,140,5_140.png,0.3292420713133847
VF,FPN-Re,5,141,5_141.png,0.24311613713875427
VF,FPN-Re,5,142,5_142.png,0.3538259071253995
VF,FPN-Re,5,143,5_143.png,0.3716736694677871
VF,FPN-Re,5,144,5_144.png,0.22945562414816004
VF,FPN-Re,5,145,5_145.png,0.4122430539868986
VF,FPN-Re,5,146,5_146.png,0.2729001584786054
VF,FPN-Re,5,147,5_147.png,0.131285359276688
VF,FPN-Re,5,148,5_148.png,0.34687935181668567
VF,FPN-Re,5,149,5_149.png,0.6723404255319149
VF,FPN-Re,5,150,5_150.png,0.17556659422539583
VF,FPN-Re,5,151,5_151.png,0.01270612416499276
VF,FPN-Re,5,152,5_152.png,0.10170302334481439
VF,FPN-Re,5,153,5_153.png,0.2639841487578113
VF,FPN-Re,5,154,5_154.png,0.10481997677119628
VF,FPN-Re,5,155,5_155.png,0.055182785747339196
VF,FPN-Re,5,156,5_156.png,0.19191353082465973
VF,FPN-Re,5,157,5_157.png,0.2550329344095
VF,FPN-Re,5,158,5_158.png,0.2613491408418999
VF,FPN-Re,5,159,5_159.png,0.2799034175334324
VF,FPN-Re,5,160,5_160.png,0.7294102019128587
VF,FPN-Re,5,161,5_161.png,0.5505825518613242
VF,FPN-Re,5,162,5_162.png,0.343954604975993
VF,FPN-Re,5,163,5_163.png,0.8763768303744979
VF,FPN-Re,5,164,5_164.png,0.9205020920502092
VF,FPN-Re,5,165,5_165.png,0.8706645056726094
VF,FPN-Re,5,166,5_166.png,0.8880272588414992
VF,FPN-Re,5,167,5_167.png,0.8714704036812382
VF,FPN-Re,5,168,5_168.png,0.8618580617947906
VF,FPN-Re,5,169,5_169.png,0.3380437794402882
VF,FPN-Re,5,170,5_170.png,0.2500383494400982
VF,FPN-Re,5,171,5_171.png,0.7442759900990099
VF,FPN-Re,5,172,5_172.png,0.541954975148621
VF,FPN-Re,5,173,5_173.png,0.7198620473428438
VF,FPN-Re,5,174,5_174.png,0.2118563556906707
VF,FPN-Re,5,175,5_175.png,0.30842696629213484
VF,FPN-Re,5,176,5_176.png,0.43615595686299535
VF,FPN-Re,5,177,5_177.png,0.7706887798273819
VF,FPN-Re,5,178,5_178.png,0.7187795648060549
VF,FPN-Re,5,179,5_179.png,0.31459003022597515
VF,FPN-Re,5,180,5_180.png,0.07817997366660191
VF,FPN-Re,5,181,5_181.png,0.09559995748751196
VF,FPN-Re,5,182,5_182.png,0.1675665524203014
VF,FPN-Re,5,183,5_183.png,0.07591074845651154
VF,FPN-Re,5,184,5_184.png,0.6607609642753413
VF,FPN-Re,5,185,5_185.png,0.889989649563803
VF,FPN-Re,5,186,5_186.png,0.471608206485771
VF,FPN-Re,5,187,5_187.png,0.459518319241609
VF,FPN-Re,5,188,5_188.png,0.303951367781155
VF,FPN-Re,5,189,5_189.png,0.8448445979279724
VF,FPN-Re,5,190,5_190.png,0.581902076390669
VF,FPN-Re,5,191,5_191.png,0.8017947279865395
VF,FPN-Re,5,192,5_192.png,0.9152143697209452
VF,FPN-Re,5,193,5_193.png,0.34488188976377954
VF,FPN-Re,5,194,5_194.png,0.3453046022878425
VF,FPN-Re,5,195,5_195.png,0.30462648408223303
VF,FPN-Re,5,196,5_196.png,0.19461503263251692
VF,FPN-Re,5,197,5_197.png,0.1206676438602298
VF,FPN-Re,5,198,5_198.png,0.057224826455595686
VF,FPN-Re,5,199,5_199.png,0.08088126571048351
VF,FPN-Re,5,200,5_200.png,0.10193499430884027
VF,FPN-Re,5,201,5_201.png,0.12398025279226918
VF,FPN-Re,5,202,5_202.png,0.19236487337785058
VF,FPN-Re,5,203,5_203.png,0.21380198397558184
VF,FPN-Re,5,204,5_204.png,0.25962859019525886
VF,FPN-Re,5,205,5_205.png,0.2083999763047213
VF,FPN-Re,5,206,5_206.png,0.3961859356376639
VF,FPN-Re,5,207,5_207.png,0.8907716689016214
VF,FPN-Re,5,208,5_208.png,0.786711394870685
VF,FPN-Re,5,209,5_209.png,0.8162673392181589
VF,FPN-Re,5,210,5_210.png,0.4724287140796627
VF,FPN-Re,5,211,5_211.png,0.17351091379948205
VF,FPN-Re,5,212,5_212.png,0.8745398321307613
VF,FPN-Re,5,213,5_213.png,0.4444809191629052
VF,FPN-Re,5,214,5_214.png,0.260558583106267
VF,FPN-Re,6,0,6_000.png,0.9636912317677772
VF,FPN-Re,6,1,6_001.png,0.7805547379538411
VF,FPN-Re,6,2,6_002.png,0.714017279976984
VF,FPN-Re,6,3,6_003.png,0.6798550852310268
VF,FPN-Re,6,4,6_004.png,0.6010413404321955
VF,FPN-Re,6,5,6_005.png,0.8424980361351139
VF,FPN-Re,6,6,6_006.png,0.7402407158128118
VF,FPN-Re,6,7,6_007.png,0.9136373871056516
VF,FPN-Re,6,8,6_008.png,0.9361609295703492
VF,FPN-Re,6,9,6_009.png,0.7059132343817115
VF,FPN-Re,6,10,6_010.png,0.878200857333216
VF,FPN-Re,6,11,6_011.png,0.9155603236332752
VF,FPN-Re,6,12,6_012.png,0.9458820481264372
VF,FPN-Re,6,13,6_013.png,0.9473853063843439
VF,FPN-Re,6,14,6_014.png,0.8070300880906075
VF,FPN-Re,6,15,6_015.png,0.9567227212086707
VF,FPN-Re,6,16,6_016.png,0.8070228332529346
VF,FPN-Re,6,17,6_017.png,0.825272735303211
VF,FPN-Re,6,18,6_018.png,0.7216612045153784
VF,FPN-Re,6,19,6_019.png,0.6300343237808965
VF,FPN-Re,6,20,6_020.png,0.5803523874740492
VF,FPN-Re,6,21,6_021.png,0.7125665181173727
VF,FPN-Re,6,22,6_022.png,0.483584547635244
VF,FPN-Re,6,23,6_023.png,0.6750537959152856
VF,FPN-Re,6,24,6_024.png,0.7923985993580391
VF,FPN-Re,6,25,6_025.png,0.7077487943884261
VF,FPN-Re,6,26,6_026.png,0.6603462050599201
VF,FPN-Re,6,27,6_027.png,0.7047154642058165
VF,FPN-Re,6,28,6_028.png,0.7867350983705743
VF,FPN-Re,6,29,6_029.png,0.8418658402059148
VF,FPN-Re,6,30,6_030.png,0.8702060519729748
VF,FPN-Re,6,31,6_031.png,0.9699093428531166
VF,FPN-Re,6,32,6_032.png,0.9747084142505082
VF,FPN-Re,6,33,6_033.png,0.9607950458199106
VF,FPN-Re,6,34,6_034.png,0.9299901778893376
VF,FPN-Re,6,35,6_035.png,0.9598998124630276
VF,FPN-Re,6,36,6_036.png,0.9648654375927104
VF,FPN-Re,6,37,6_037.png,0.8759944679510879
VF,FPN-Re,6,38,6_038.png,0.977223074420118
VF,FPN-Re,6,39,6_039.png,0.9716019456439728
VF,FPN-Re,6,40,6_040.png,0.9637522166451263
VF,FPN-Re,6,41,6_041.png,0.9692615287247203
VF,FPN-Re,6,42,6_042.png,0.9636852094415782
VF,FPN-Re,6,43,6_043.png,0.9286241511662238
VF,FPN-Re,6,44,6_044.png,0.9591202722027713
VF,FPN-Re,6,45,6_045.png,0.9349540078843627
VF,FPN-Re,6,46,6_046.png,0.9276909120017077
VF,FPN-Re,6,47,6_047.png,0.9567662604289521
VF,FPN-Re,6,48,6_048.png,0.9211355674698342
VF,FPN-Re,6,49,6_049.png,0.9484447260057016
VF,FPN-Re,6,50,6_050.png,0.9564272317380665
VF,FPN-Re,6,51,6_051.png,0.969518868306919
VF,FPN-Re,6,52,6_052.png,0.9686842305449197
VF,FPN-Re,6,53,6_053.png,0.9346041964473145
VF,FPN-Re,6,54,6_054.png,0.9536305067038133
VF,FPN-Re,6,55,6_055.png,0.9588826941912153
VF,FPN-Re,6,56,6_056.png,0.8105709417964262
VF,FPN-Re,6,57,6_057.png,0.9560543787543472
VF,FPN-Re,6,58,6_058.png,0.9541771032856933
VF,FPN-Re,6,59,6_059.png,0.9539404356322192
VF,FPN-Re,6,60,6_060.png,0.9562982864169808
VF,FPN-Re,6,61,6_061.png,0.9673267250829864
VF,FPN-Re,6,62,6_062.png,0.9699495692221608
VF,FPN-Re,6,63,6_063.png,0.9757950238919098
VF,FPN-Re,6,64,6_064.png,0.9230270445519142
VF,FPN-Re,6,65,6_065.png,0.8760926167007625
VF,FPN-Re,6,66,6_066.png,0.8038557230840346
VF,FPN-Re,6,67,6_067.png,0.8651726395552264
VF,FPN-Re,6,68,6_068.png,0.8536658363745196
VF,FPN-Re,6,69,6_069.png,0.8848339095145047
VF,FPN-Re,6,70,6_070.png,0.8879785963692428
VF,FPN-Re,6,71,6_071.png,0.9019067391288944
VF,FPN-Re,6,72,6_072.png,0.9518603890423047
VF,FPN-Re,6,73,6_073.png,0.9548385662189807
VF,FPN-Re,6,74,6_074.png,0.9470996801092904
VF,FPN-Re,6,75,6_075.png,0.7971410014241365
VF,FPN-Re,6,76,6_076.png,0.7427432760751886
VF,FPN-Re,6,77,6_077.png,0.6817475844148086
VF,FPN-Re,6,78,6_078.png,0.7842388075822218
VF,FPN-Re,6,79,6_079.png,0.6792870825351878
VF,FPN-Re,6,80,6_080.png,0.5995678380529967
VF,FPN-Re,6,81,6_081.png,0.47920493215440035
VF,FPN-Re,6,82,6_082.png,0.7533770633604844
VF,FPN-Re,6,83,6_083.png,0.7625184491882357
VF,FPN-Re,6,84,6_084.png,0.832407239529452
VF,FPN-Re,6,85,6_085.png,0.8059939301972686
VF,FPN-Re,6,86,6_086.png,0.8359671357398829
VF,FPN-Re,6,87,6_087.png,0.8381561487806285
VF,FPN-Re,6,88,6_088.png,0.8910210828631322
VF,FPN-Re,6,89,6_089.png,0.9074982610711801
VF,FPN-Re,6,90,6_090.png,0.718870554982621
VF,FPN-Re,6,91,6_091.png,0.9719029112275557
VF,FPN-Re,6,92,6_092.png,0.960590146948003
VF,FPN-Re,6,93,6_093.png,0.9100662251655629
VF,FPN-Re,6,94,6_094.png,0.9496840942463391
VF,FPN-Re,6,95,6_095.png,0.9562148904185458
VF,FPN-Re,6,96,6_096.png,0.9574795871206285
VF,FPN-Re,6,97,6_097.png,0.9563066163203809
VF,FPN-Re,6,98,6_098.png,0.9766375925890112
VF,FPN-Re,6,99,6_099.png,0.9633782776610882
VF,FPN-Re,6,100,6_100.png,0.9623502475047969
VF,FPN-Re,6,101,6_101.png,0.9634865511253808
VF,FPN-Re,6,102,6_102.png,0.9559642342460369
VF,FPN-Re,6,103,6_103.png,0.9417586307737298
VF,FPN-Re,6,104,6_104.png,0.9498794170074447
VF,FPN-Re,6,105,6_105.png,0.8609917355371901
VF,FPN-Re,6,106,6_106.png,0.9508619716492768
VF,FPN-Re,6,107,6_107.png,0.7127553673575514
VF,FPN-Re,6,108,6_108.png,0.9130771129948152
VF,FPN-Re,6,109,6_109.png,0.927971475307394
VF,FPN-Re,6,110,6_110.png,0.9576404768776502
VF,FPN-Re,6,111,6_111.png,0.9494769073743302
VF,FPN-Re,6,112,6_112.png,0.823918690862203
VF,FPN-Re,6,113,6_113.png,0.7911373860287148
VF,FPN-Re,6,114,6_114.png,0.9497993082144905
VF,FPN-Re,6,115,6_115.png,0.9524593804359895
VF,FPN-Re,6,116,6_116.png,0.9460837214585937
VF,FPN-Re,6,117,6_117.png,0.8622714555273603
VF,FPN-Re,6,118,6_118.png,0.9577869063783709
VF,FPN-Re,6,119,6_119.png,0.90613294160852
VF,FPN-Re,6,120,6_120.png,0.9516588642377366
VF,FPN-Re,6,121,6_121.png,0.9582181155999191
VF,FPN-Re,6,122,6_122.png,0.9613563016052643
VF,FPN-Re,6,123,6_123.png,0.957880306325045
VF,FPN-Re,6,124,6_124.png,0.9405687753917585
VF,FPN-Re,6,125,6_125.png,0.8269343589075028
VF,FPN-Re,6,126,6_126.png,0.7932492883285889
VF,FPN-Re,6,127,6_127.png,0.9408182683158897
VF,FPN-Re,6,128,6_128.png,0.48962535186743666
VF,FPN-Re,6,129,6_129.png,0.6435407490810345
VF,FPN-Re,6,130,6_130.png,0.4656566781775649
VF,FPN-Re,6,131,6_131.png,0.6101217861975643
VF,FPN-Re,6,132,6_132.png,0.6616985774484573
VF,FPN-Re,6,133,6_133.png,0.8339382940108893
VF,FPN-Re,6,134,6_134.png,0.8482408660351827
VF,FPN-Re,6,135,6_135.png,0.9279396780110047
VF,FPN-Re,6,136,6_136.png,0.9256095467032966
VF,FPN-Re,6,137,6_137.png,0.8304768567098053
VF,FPN-Re,6,138,6_138.png,0.35602010691773717
VF,FPN-Re,6,139,6_139.png,0.4631204773390885
VF,FPN-Re,6,140,6_140.png,0.4692078039297369
VF,FPN-Re,6,141,6_141.png,0.47812155802543305
VF,FPN-Re,6,142,6_142.png,0.3405935966347277
VF,FPN-Re,6,143,6_143.png,0.2322039166925707
VF,FPN-Re,6,144,6_144.png,0.09025361912243295
VF,FPN-Re,6,145,6_145.png,0.0
VF,FPN-Re,6,146,6_146.png,0.0
VF,FPN-Re,6,147,6_147.png,0.3279723774476398
VF,FPN-Re,6,148,6_148.png,0.1367396442343575
VF,FPN-Re,6,149,6_149.png,0.4838747542330604
VF,FPN-Re,6,150,6_150.png,0.665620888574031
VF,FPN-Re,6,151,6_151.png,0.6399951321914266
VF,FPN-Re,6,152,6_152.png,0.4597122458279985
VF,FPN-Re,6,153,6_153.png,0.5556701030927835
VF,FPN-Re,6,154,6_154.png,0.5041816009557945
VF,FPN-Re,6,155,6_155.png,0.6472988327652102
VF,FPN-Re,6,156,6_156.png,0.8139079604047756
VF,FPN-Re,6,157,6_157.png,0.8358853422792042
VF,FPN-Re,6,158,6_158.png,0.9205703921445995
VF,FPN-Re,6,159,6_159.png,0.9554966517857143
VF,FPN-Re,6,160,6_160.png,0.8830201239182753
VF,FPN-Re,6,161,6_161.png,0.8585119593974407
VF,FPN-Re,6,162,6_162.png,0.9345914254305606
VF,FPN-Re,6,163,6_163.png,0.9447122984508378
VF,FPN-Re,6,164,6_164.png,0.9563502498027873
VF,FPN-Re,6,165,6_165.png,0.9607401737877628
VF,FPN-Re,6,166,6_166.png,0.9527996298010181
VF,FPN-Re,6,167,6_167.png,0.9537292113049689
VF,FPN-Re,6,168,6_168.png,0.9181040462427745
VF,FPN-Re,6,169,6_169.png,0.9217581850992523
VF,FPN-Re,6,170,6_170.png,0.920156110252866
VF,FPN-Re,6,171,6_171.png,0.6434947714455749
VF,FPN-Re,6,172,6_172.png,0.6827357407171112
VF,FPN-Re,6,173,6_173.png,0.39383386935787956
VF,FPN-Re,6,174,6_174.png,0.5952500685745634
VF,FPN-Re,6,175,6_175.png,0.7970896807093903
VF,FPN-Re,6,176,6_176.png,0.47984775754821485
VF,FPN-Re,6,177,6_177.png,0.8252688172043011
VF,FPN-Re,6,178,6_178.png,0.9457394146200798
VF,FPN-Re,6,179,6_179.png,0.9242088753575053
VF,FPN-Re,6,180,6_180.png,0.9415164023462959
VF,FPN-Re,6,181,6_181.png,0.7276652274991697
VF,FPN-Re,6,182,6_182.png,0.6897944891857678
VF,FPN-Re,6,183,6_183.png,0.5816482482953209
VF,FPN-Re,6,184,6_184.png,0.5704975901160817
VF,FPN-Re,6,185,6_185.png,0.7467801287948482
VF,FPN-Re,6,186,6_186.png,0.48360282741255345
VF,FPN-Re,6,187,6_187.png,0.7903645046243124
VF,FPN-Re,6,188,6_188.png,0.9482275981966585
VF,FPN-Re,6,189,6_189.png,0.8459726493489498
VF,FPN-Re,6,190,6_190.png,0.9169101670787443
VF,FPN-Re,6,191,6_191.png,0.6014656959645147
VF,FPN-Re,6,192,6_192.png,0.9004746001054666
VF,FPN-Re,6,193,6_193.png,0.9190812348540722
VF,FPN-Re,6,194,6_194.png,0.6565859627654925
VF,FPN-Re,6,195,6_195.png,0.19973338411731098
VF,FPN-Re,6,196,6_196.png,0.0
VF,FPN-Re,6,197,6_197.png,0.5506735376548233
VF,FPN-Re,6,198,6_198.png,0.1473285776677828
VF,FPN-Re,6,199,6_199.png,0.4345172031076582
VF,FPN-Re,6,200,6_200.png,0.6756691292236889
VF,FPN-Re,6,201,6_201.png,0.7508979206049149
VF,FPN-Re,6,202,6_202.png,0.9373989373989374
VF,FPN-Re,6,203,6_203.png,0.9246286672940791
VF,FPN-Re,6,204,6_204.png,0.8388700664407973
VF,FPN-Re,6,205,6_205.png,0.948300559968746
VF,FPN-Re,6,206,6_206.png,0.9304597126379305
VF,FPN-Re,6,207,6_207.png,0.8862096511731117
VF,FPN-Re,6,208,6_208.png,0.8760126204485376
VF,FPN-Re,6,209,6_209.png,0.8937214683259334
VF,FPN-Re,6,210,6_210.png,0.8640229087122527
VF,FPN-Re,6,211,6_211.png,0.6763130667640436
VF,FPN-Re,6,212,6_212.png,0.7128749578699023
VF,FPN-Re,6,213,6_213.png,0.8829892301180454
VF,FPN-Re,6,214,6_214.png,0.8156950028719127
VF,FPN-Re,6,215,6_215.png,0.5951631566766952
VF,FPN-Re,7,0,7_000.png,0.9476569781558151
VF,FPN-Re,7,1,7_001.png,0.9425233644859813
VF,FPN-Re,7,2,7_002.png,0.9514321394198264
VF,FPN-Re,7,3,7_003.png,0.9299984156019993
VF,FPN-Re,7,4,7_004.png,0.9439367008011885
VF,FPN-Re,7,5,7_005.png,0.9533582329834503
VF,FPN-Re,7,6,7_006.png,0.9440695129520138
VF,FPN-Re,7,7,7_007.png,0.9558309530110697
VF,FPN-Re,7,8,7_008.png,0.9569385523726219
VF,FPN-Re,7,9,7_009.png,0.9455772633900386
VF,FPN-Re,7,10,7_010.png,0.9419576147045616
VF,FPN-Re,7,11,7_011.png,0.9286532818430518
VF,FPN-Re,7,12,7_012.png,0.9143421521702286
VF,FPN-Re,7,13,7_013.png,0.8456870508717635
VF,FPN-Re,7,14,7_014.png,0.838256693455916
VF,FPN-Re,7,15,7_015.png,0.8216650057906218
VF,FPN-Re,7,16,7_016.png,0.8251540808243113
VF,FPN-Re,7,17,7_017.png,0.7834852355386214
VF,FPN-Re,7,18,7_018.png,0.7732905671380668
VF,FPN-Re,7,19,7_019.png,0.7465535345323985
VF,FPN-Re,7,20,7_020.png,0.7375514956116783
VF,FPN-Re,7,21,7_021.png,0.8712585135619548
VF,FPN-Re,7,22,7_022.png,0.8609090703954148
VF,FPN-Re,7,23,7_023.png,0.9417056919257001
VF,FPN-Re,7,24,7_024.png,0.9477014307750571
VF,FPN-Re,7,25,7_025.png,0.9207027250080237
VF,FPN-Re,7,26,7_026.png,0.958298500921199
VF,FPN-Re,7,27,7_027.png,0.9525812470844348
VF,FPN-Re,7,28,7_028.png,0.954985754985755
VF,FPN-Re,7,29,7_029.png,0.9523871717679634
VF,FPN-Re,7,30,7_030.png,0.9534084796322558
VF,FPN-Re,7,31,7_031.png,0.9511172667145619
VF,FPN-Re,7,32,7_032.png,0.9042506260461133
VF,FPN-Re,7,33,7_033.png,0.8801963713418928
VF,FPN-Re,7,34,7_034.png,0.9195196989968827
VF,FPN-Re,7,35,7_035.png,0.9477182010360454
VF,FPN-Re,7,36,7_036.png,0.9446303940892806
VF,FPN-Re,7,37,7_037.png,0.9499173821480642
VF,FPN-Re,7,38,7_038.png,0.9524161892076647
VF,FPN-Re,7,39,7_039.png,0.9458196422051843
VF,FPN-Re,7,40,7_040.png,0.9427568688751278
VF,FPN-Re,7,41,7_041.png,0.9462643884748416
VF,FPN-Re,7,42,7_042.png,0.9394710821859181
VF,FPN-Re,7,43,7_043.png,0.9392189198583081
VF,FPN-Re,7,44,7_044.png,0.9262947760357086
VF,FPN-Re,7,45,7_045.png,0.9243275692441094
VF,FPN-Re,7,46,7_046.png,0.9300905705484805
VF,FPN-Re,7,47,7_047.png,0.934152731756184
VF,FPN-Re,7,48,7_048.png,0.9280395787294192
VF,FPN-Re,7,49,7_049.png,0.9322924606982396
VF,FPN-Re,7,50,7_050.png,0.9301807356257046
VF,FPN-Re,7,51,7_051.png,0.9363223299874883
VF,FPN-Re,7,52,7_052.png,0.9524483974485956
VF,FPN-Re,7,53,7_053.png,0.9464348525199738
VF,FPN-Re,7,54,7_054.png,0.9435655349930309
VF,FPN-Re,7,55,7_055.png,0.9383387476777133
VF,FPN-Re,7,56,7_056.png,0.9575059614729509
VF,FPN-Re,7,57,7_057.png,0.9506820319849483
VF,FPN-Re,7,58,7_058.png,0.9281703512817036
VF,FPN-Re,7,59,7_059.png,0.9365562879126074
VF,FPN-Re,7,60,7_060.png,0.9334409086360452
VF,FPN-Re,7,61,7_061.png,0.8899324656737779
VF,FPN-Re,7,62,7_062.png,0.7400724125015606
VF,FPN-Re,7,63,7_063.png,0.7449627997573203
VF,FPN-Re,7,64,7_064.png,0.6970391438685519
VF,FPN-Re,7,65,7_065.png,0.6461221232813835
VF,FPN-Re,7,66,7_066.png,0.6754407629002318
VF,FPN-Re,7,67,7_067.png,0.6588358001390683
VF,FPN-Re,7,68,7_068.png,0.8081105525524263
VF,FPN-Re,7,69,7_069.png,0.7536639968160788
VF,FPN-Re,7,70,7_070.png,0.6731697146601537
VF,FPN-Re,7,71,7_071.png,0.6503341472818404
VF,FPN-Re,7,72,7_072.png,0.6749041573884897
VF,FPN-Re,7,73,7_073.png,0.7073630998673315
VF,FPN-Re,7,74,7_074.png,0.7532238940973708
VF,FPN-Re,7,75,7_075.png,0.5641602106435769
VF,FPN-Re,7,76,7_076.png,0.8658710758328985
VF,FPN-Re,7,77,7_077.png,0.9076189922705875
VF,FPN-Re,7,78,7_078.png,0.8936648038857262
VF,FPN-Re,7,79,7_079.png,0.9497254782343457
VF,FPN-Re,7,80,7_080.png,0.9204198530967567
VF,FPN-Re,7,81,7_081.png,0.9332759736671771
VF,FPN-Re,7,82,7_082.png,0.9244899665551839
VF,FPN-Re,7,83,7_083.png,0.9141770574725469
VF,FPN-Re,7,84,7_084.png,0.9517995308616042
VF,FPN-Re,7,85,7_085.png,0.9488946926592668
VF,FPN-Re,7,86,7_086.png,0.9541278778650916
VF,FPN-Re,7,87,7_087.png,0.9173698822548256
VF,FPN-Re,7,88,7_088.png,0.9221841579375014
VF,FPN-Re,7,89,7_089.png,0.9459334819320765
VF,FPN-Re,7,90,7_090.png,0.9330989792893143
VF,FPN-Re,7,91,7_091.png,0.9354438439811262
VF,FPN-Re,7,92,7_092.png,0.8887692031494447
VF,FPN-Re,7,93,7_093.png,0.9434140657829392
VF,FPN-Re,7,94,7_094.png,0.9312735656675795
VF,FPN-Re,7,95,7_095.png,0.9400706166035137
VF,FPN-Re,7,96,7_096.png,0.9284449545774053
VF,FPN-Re,7,97,7_097.png,0.9589451847557274
VF,FPN-Re,7,98,7_098.png,0.9282191334121388
VF,FPN-Re,7,99,7_099.png,0.7592760385991936
VF,FPN-Re,7,100,7_100.png,0.9371142295662764
VF,FPN-Re,7,101,7_101.png,0.9051071878940732
VF,FPN-Re,7,102,7_102.png,0.891691186773154
VF,FPN-Re,7,103,7_103.png,0.9224283305227656
VF,FPN-Re,7,104,7_104.png,0.9392006171923681
VF,FPN-Re,7,105,7_105.png,0.9251570186566009
VF,FPN-Re,7,106,7_106.png,0.9317727287629913
VF,FPN-Re,7,107,7_107.png,0.9217709720372836
VF,FPN-Re,7,108,7_108.png,0.5117914064366403
VF,FPN-Re,7,109,7_109.png,0.5408182022426012
VF,FPN-Re,7,110,7_110.png,0.5708860139174753
VF,FPN-Re,7,111,7_111.png,0.6197851893725268
VF,FPN-Re,7,112,7_112.png,0.5487851418394606
VF,FPN-Re,7,113,7_113.png,0.7127735799895779
VF,FPN-Re,7,114,7_114.png,0.7096565132858069
VF,FPN-Re,7,115,7_115.png,0.9380043211781824
VF,FPN-Re,7,116,7_116.png,0.8826565726083965
VF,FPN-Re,7,117,7_117.png,0.9344928222117053
VF,FPN-Re,7,118,7_118.png,0.7637265522549747
VF,FPN-Re,7,119,7_119.png,0.44069134121433434
VF,FPN-Re,7,120,7_120.png,0.48757639602305375
VF,FPN-Re,7,121,7_121.png,0.5216660687649869
VF,FPN-Re,7,122,7_122.png,0.4353392321580447
VF,FPN-Re,7,123,7_123.png,0.40839655450716833
VF,FPN-Re,7,124,7_124.png,0.4126126923701179
VF,FPN-Re,7,125,7_125.png,0.5990155558786268
VF,FPN-Re,7,126,7_126.png,0.6538360577496719
VF,FPN-Re,7,127,7_127.png,0.3943908155563501
VF,FPN-Re,7,128,7_128.png,0.33442007949622615
VF,FPN-Re,7,129,7_129.png,0.2752887009396074
VF,FPN-Re,7,130,7_130.png,0.2923284842226744
VF,FPN-Re,7,131,7_131.png,0.6760081319642811
VF,FPN-Re,7,132,7_132.png,0.7016536572635175
VF,FPN-Re,7,133,7_133.png,0.6881025598404256
VF,FPN-Re,7,134,7_134.png,0.6284383236200305
VF,FPN-Re,7,135,7_135.png,0.7934670723059679
VF,FPN-Re,7,136,7_136.png,0.9313951470989169
VF,FPN-Re,7,137,7_137.png,0.938005698005698
VF,FPN-Re,7,138,7_138.png,0.4787617347613381
VF,FPN-Re,7,139,7_139.png,0.5505411673753382
VF,FPN-Re,7,140,7_140.png,0.5490219046503455
VF,FPN-Re,7,141,7_141.png,0.663530590658576
VF,FPN-Re,7,142,7_142.png,0.7433020688417179
VF,FPN-Re,7,143,7_143.png,0.9318279262541089
VF,FPN-Re,7,144,7_144.png,0.42700729927007297
VF,FPN-Re,7,145,7_145.png,0.4771818753677888
VF,FPN-Re,7,146,7_146.png,0.39148320521536023
VF,FPN-Re,7,147,7_147.png,0.3670934164039053
VF,FPN-Re,7,148,7_148.png,0.3431540844124342
VF,FPN-Re,7,149,7_149.png,0.35441505021610675
VF,FPN-Re,7,150,7_150.png,0.31236040382381847
VF,FPN-Re,7,151,7_151.png,0.285910500664599
VF,FPN-Re,7,152,7_152.png,0.4427618713332999
VF,FPN-Re,7,153,7_153.png,0.2962002592998903
VF,FPN-Re,7,154,7_154.png,0.36936919082819714
VF,FPN-Re,7,155,7_155.png,0.37173273325255324
VF,FPN-Re,7,156,7_156.png,0.35281311154598827
VF,FPN-Re,7,157,7_157.png,0.3258235964968907
VF,FPN-Re,7,158,7_158.png,0.2872275126707704
VF,FPN-Re,7,159,7_159.png,0.272529722351927
VF,FPN-Re,7,160,7_160.png,0.30512500973596074
VF,FPN-Re,7,161,7_161.png,0.7167095674872204
VF,FPN-Re,7,162,7_162.png,0.6713293024095298
VF,FPN-Re,7,163,7_163.png,0.6772458628841608
VF,FPN-Re,7,164,7_164.png,0.9406390806498285
VF,FPN-Re,7,165,7_165.png,0.9230822106131427
VF,FPN-Re,7,166,7_166.png,0.9260661890139884
VF,FPN-Re,7,167,7_167.png,0.9010124712119237
VF,FPN-Re,7,168,7_168.png,0.8851528930791372
VF,FPN-Re,7,169,7_169.png,0.9468126881626598
VF,FPN-Re,7,170,7_170.png,0.9550633488287303
VF,FPN-Re,7,171,7_171.png,0.9405293295459669
VF,FPN-Re,7,172,7_172.png,0.9275852610405048
VF,FPN-Re,7,173,7_173.png,0.9032077743378053
VF,FPN-Re,7,174,7_174.png,0.9133930714457157
VF,FPN-Re,7,175,7_175.png,0.9210885445934013
VF,FPN-Re,7,176,7_176.png,0.9119789646105435
VF,FPN-Re,7,177,7_177.png,0.7404838364375936
VF,FPN-Re,7,178,7_178.png,0.8538981242777136
VF,FPN-Re,7,179,7_179.png,0.5996123667510707
VF,FPN-Re,7,180,7_180.png,0.9120612574907258
VF,FPN-Re,7,181,7_181.png,0.9376259431088617
VF,FPN-Re,7,182,7_182.png,0.9173754073603052
VF,FPN-Re,7,183,7_183.png,0.9277689873417722
VF,FPN-Re,7,184,7_184.png,0.9112951387506469
VF,FPN-Re,7,185,7_185.png,0.939936179666357
VF,FPN-Re,7,186,7_186.png,0.921526482277557
VF,FPN-Re,7,187,7_187.png,0.9210156349848763
VF,FPN-Re,7,188,7_188.png,0.9149192241818266
VF,FPN-Re,7,189,7_189.png,0.9072454334648712
VF,FPN-Re,7,190,7_190.png,0.7956116969907676
VF,FPN-Re,7,191,7_191.png,0.8013410126364652
VF,FPN-Re,7,192,7_192.png,0.849547562238329
VF,FPN-Re,7,193,7_193.png,0.7211252021448634
VF,FPN-Re,7,194,7_194.png,0.7687366167023555
VF,FPN-Re,7,195,7_195.png,0.8912819190095435
VF,FPN-Re,7,196,7_196.png,0.9307707707707708
VF,FPN-Re,7,197,7_197.png,0.9277692221011907
VF,FPN-Re,7,198,7_198.png,0.9325746451297112
VF,FPN-Re,7,199,7_199.png,0.7707772831776158
VF,FPN-Re,7,200,7_200.png,0.9294379521424596
VF,FPN-Re,7,201,7_201.png,0.9324689521149
VF,FPN-Re,7,202,7_202.png,0.9496975906401824
VF,FPN-Re,7,203,7_203.png,0.9381869688385269
VF,FPN-Re,7,204,7_204.png,0.8238091604994786
VF,FPN-Re,7,205,7_205.png,0.9197662818868463
VF,FPN-Re,7,206,7_206.png,0.9083206479593302
VF,FPN-Re,7,207,7_207.png,0.8545444194585978
VF,FPN-Re,7,208,7_208.png,0.9167318727177882
VF,FPN-Re,7,209,7_209.png,0.9426026388051705
VF,FPN-Re,7,210,7_210.png,0.9284939976713373
VF,FPN-Re,7,211,7_211.png,0.9164
VF,FPN-Re,7,212,7_212.png,0.7618311763569635
VF,FPN-Re,7,213,7_213.png,0.7491918438393634
VF,FPN-Re,7,214,7_214.png,0.9219959419854212
VF,FPN-Re,7,215,7_215.png,0.9408214838003998
VF,FPN-Re,7,216,7_216.png,0.9402216807933839
VF,FPN-Re,7,217,7_217.png,0.9326401716022166
VF,FPN-Re,7,218,7_218.png,0.9375999551078814
VF,FPN-Re,7,219,7_219.png,0.9192263593023957
VF,FPN-Re,7,220,7_220.png,0.9171826110112509
VF,FPN-Re,7,221,7_221.png,0.9170447854248207
VF,FPN-Re,7,222,7_222.png,0.7830066965657062
VF,FPN-Re,7,223,7_223.png,0.9399090434652949
VF,FPN-Re,7,224,7_224.png,0.8226577953605466
VF,FPN-Re,8,0,8_000.png,0.9806166741505763
VF,FPN-Re,8,1,8_001.png,0.9836411905474125
VF,FPN-Re,8,2,8_002.png,0.98131209588393
VF,FPN-Re,8,3,8_003.png,0.975845221809654
VF,FPN-Re,8,4,8_004.png,0.9754906844674703
VF,FPN-Re,8,5,8_005.png,0.8676020030849199
VF,FPN-Re,8,6,8_006.png,0.9070220092828267
VF,FPN-Re,8,7,8_007.png,0.9184253511924207
VF,FPN-Re,8,8,8_008.png,0.924476337653197
VF,FPN-Re,8,9,8_009.png,0.7960133562683396
VF,FPN-Re,8,10,8_010.png,0.8374004507888806
VF,FPN-Re,8,11,8_011.png,0.9442781523725503
VF,FPN-Re,8,12,8_012.png,0.9583755479006474
VF,FPN-Re,8,13,8_013.png,0.9327168291345902
VF,FPN-Re,8,14,8_014.png,0.8691007245347351
VF,FPN-Re,8,15,8_015.png,0.9757990654930999
VF,FPN-Re,8,16,8_016.png,0.9770855592997452
VF,FPN-Re,8,17,8_017.png,0.9709143762350366
VF,FPN-Re,8,18,8_018.png,0.9585492227979274
VF,FPN-Re,8,19,8_019.png,0.9692422219333798
VF,FPN-Re,8,20,8_020.png,0.9650285054485098
VF,FPN-Re,8,21,8_021.png,0.9718177807191706
VF,FPN-Re,8,22,8_022.png,0.9790410794842109
VF,FPN-Re,8,23,8_023.png,0.9614361199036534
VF,FPN-Re,8,24,8_024.png,0.959553265665011
VF,FPN-Re,8,25,8_025.png,0.9449982987410684
VF,FPN-Re,8,26,8_026.png,0.9063151187421427
VF,FPN-Re,8,27,8_027.png,0.9486863776644227
VF,FPN-Re,8,28,8_028.png,0.9678097918672691
VF,FPN-Re,8,29,8_029.png,0.9685679050408509
VF,FPN-Re,8,30,8_030.png,0.8880304126329398
VF,FPN-Re,8,31,8_031.png,0.8533014950166113
VF,FPN-Re,8,32,8_032.png,0.9271295305092522
VF,FPN-Re,8,33,8_033.png,0.9297284229188493
VF,FPN-Re,8,34,8_034.png,0.9685300371089365
VF,FPN-Re,8,35,8_035.png,0.9726235741444867
VF,FPN-Re,8,36,8_036.png,0.9631272670337413
VF,FPN-Re,8,37,8_037.png,0.983517068349426
VF,FPN-Re,8,38,8_038.png,0.9821857942678625
VF,FPN-Re,8,39,8_039.png,0.9855070432405915
VF,FPN-Re,8,40,8_040.png,0.9828018926146883
VF,FPN-Re,8,41,8_041.png,0.9829945344103884
VF,FPN-Re,8,42,8_042.png,0.9817905918057663
VF,FPN-Re,8,43,8_043.png,0.981828180373946
VF,FPN-Re,8,44,8_044.png,0.979640348479266
VF,FPN-Re,8,45,8_045.png,0.9507815511645548
VF,FPN-Re,8,46,8_046.png,0.911837634309854
VF,FPN-Re,8,47,8_047.png,0.9609113276525946
VF,FPN-Re,8,48,8_048.png,0.9580685718169153
VF,FPN-Re,8,49,8_049.png,0.9742122627225348
VF,FPN-Re,8,50,8_050.png,0.9692520960684103
VF,FPN-Re,8,51,8_051.png,0.9201820821724287
VF,FPN-Re,8,52,8_052.png,0.9423487800061044
VF,FPN-Re,8,53,8_053.png,0.9267693681625363
VF,FPN-Re,8,54,8_054.png,0.9471310491477175
VF,FPN-Re,8,55,8_055.png,0.9500117896722471
VF,FPN-Re,8,56,8_056.png,0.9613599171759677
VF,FPN-Re,8,57,8_057.png,0.8772556896360847
VF,FPN-Re,8,58,8_058.png,0.9202771672316805
VF,FPN-Re,8,59,8_059.png,0.8519839690750952
VF,FPN-Re,8,60,8_060.png,0.9245944374966973
VF,FPN-Re,8,61,8_061.png,0.9549440462472902
VF,FPN-Re,8,62,8_062.png,0.9648976046073905
VF,FPN-Re,8,63,8_063.png,0.8561973958708007
VF,FPN-Re,8,64,8_064.png,0.932501795859727
VF,FPN-Re,8,65,8_065.png,0.9820870831944496
VF,FPN-Re,8,66,8_066.png,0.9843907077842684
VF,FPN-Re,8,67,8_067.png,0.9760399657251871
VF,FPN-Re,8,68,8_068.png,0.9737754137553978
VF,FPN-Re,8,69,8_069.png,0.9718741624229429
VF,FPN-Re,8,70,8_070.png,0.9743789808917197
VF,FPN-Re,8,71,8_071.png,0.9267104427028172
VF,FPN-Re,8,72,8_072.png,0.9659237071623645
VF,FPN-Re,8,73,8_073.png,0.8345297621994489
VF,FPN-Re,8,74,8_074.png,0.9613529258970648
VF,FPN-Re,8,75,8_075.png,0.8517169453005822
VF,FPN-Re,8,76,8_076.png,0.974031544908599
VF,FPN-Re,8,77,8_077.png,0.9789391804626042
VF,FPN-Re,8,78,8_078.png,0.9774037928357547
VF,FPN-Re,8,79,8_079.png,0.9790601446145701
VF,FPN-Re,8,80,8_080.png,0.9649195809889096
VF,FPN-Re,8,81,8_081.png,0.9560621841607838
VF,FPN-Re,8,82,8_082.png,0.9409212141738283
VF,FPN-Re,8,83,8_083.png,0.9422704218382747
VF,FPN-Re,8,84,8_084.png,0.9649039748049649
VF,FPN-Re,8,85,8_085.png,0.906286252900232
VF,FPN-Re,8,86,8_086.png,0.8577954663436581
VF,FPN-Re,8,87,8_087.png,0.9130921737763543
VF,FPN-Re,8,88,8_088.png,0.9020191989407481
VF,FPN-Re,8,89,8_089.png,0.9615500200347269
VF,FPN-Re,8,90,8_090.png,0.9635205463709346
VF,FPN-Re,8,91,8_091.png,0.9831773554573118
VF,FPN-Re,8,92,8_092.png,0.9797686793289483
VF,FPN-Re,8,93,8_093.png,0.9819379396562984
VF,FPN-Re,8,94,8_094.png,0.9798166754803455
VF,FPN-Re,8,95,8_095.png,0.9803786811449778
VF,FPN-Re,8,96,8_096.png,0.9568272894170599
VF,FPN-Re,8,97,8_097.png,0.9396166622122103
VF,FPN-Re,8,98,8_098.png,0.9417388477791162
VF,FPN-Re,8,99,8_099.png,0.9527337251857603
VF,FPN-Re,8,100,8_100.png,0.926313683648973
VF,FPN-Re,8,101,8_101.png,0.5754570438523121
VF,FPN-Re,8,102,8_102.png,0.5798299890128954
VF,FPN-Re,8,103,8_103.png,0.8490410052910053
VF,FPN-Re,8,104,8_104.png,0.553190331010453
VF,FPN-Re,8,105,8_105.png,0.47954194544518786
VF,FPN-Re,8,106,8_106.png,0.4208152000849167
VF,FPN-Re,8,107,8_107.png,0.2717071576424447
VF,FPN-Re,8,108,8_108.png,0.1758452679757862
VF,FPN-Re,8,109,8_109.png,0.029041982207190647
VF,FPN-Re,8,110,8_110.png,0.3952844090775125
VF,FPN-Re,8,111,8_111.png,0.08253498385360603
VF,FPN-Re,8,112,8_112.png,0.014449070909203903
VF,FPN-Re,8,113,8_113.png,0.0336418974894644
VF,FPN-Re,8,114,8_114.png,0.03466401256551016
VF,FPN-Re,8,115,8_115.png,0.0045543368633383765
VF,FPN-Re,8,116,8_116.png,0.013918682348299924
VF,FPN-Re,8,117,8_117.png,0.02793629035862747
VF,FPN-Re,8,118,8_118.png,0.19201593593432464
VF,FPN-Re,8,119,8_119.png,0.1466734589913398
VF,FPN-Re,8,120,8_120.png,0.13478481479773052
VF,FPN-Re,8,121,8_121.png,0.18379559270516718
VF,FPN-Re,8,122,8_122.png,0.3647363872082973
VF,FPN-Re,8,123,8_123.png,0.6400706090026478
VF,FPN-Re,8,124,8_124.png,0.38180312984030335
VF,FPN-Re,8,125,8_125.png,0.27805710344326867
VF,FPN-Re,8,126,8_126.png,0.278994552882433
VF,FPN-Re,8,127,8_127.png,0.4996228485222519
VF,FPN-Re,8,128,8_128.png,0.46905335852498536
VF,FPN-Re,8,129,8_129.png,0.3433378919605353
VF,FPN-Re,8,130,8_130.png,0.3513929141775596
VF,FPN-Re,8,131,8_131.png,0.3147213247172859
VF,FPN-Re,8,132,8_132.png,0.3210033258016197
VF,FPN-Re,8,133,8_133.png,0.2927084756569659
VF,FPN-Re,8,134,8_134.png,0.23368967739489746
VF,FPN-Re,8,135,8_135.png,0.44846445098864113
VF,FPN-Re,8,136,8_136.png,0.021065675340768277
VF,FPN-Re,8,137,8_137.png,0.013109042097446736
VF,FPN-Re,8,138,8_138.png,0.22821505376344087
VF,FPN-Re,8,139,8_139.png,0.25539596424807776
VF,FPN-Re,8,140,8_140.png,0.20667641180155724
VF,FPN-Re,8,141,8_141.png,0.46558366508283033
VF,FPN-Re,8,142,8_142.png,0.3637289084569771
VF,FPN-Re,8,143,8_143.png,0.6303702689129344
VF,FPN-Re,8,144,8_144.png,0.6089040419013737
VF,FPN-Re,8,145,8_145.png,0.5997364209733597
VF,FPN-Re,8,146,8_146.png,0.6606477649006622
VF,FPN-Re,8,147,8_147.png,0.6958321983110869
VF,FPN-Re,8,148,8_148.png,0.7165192190359976
VF,FPN-Re,8,149,8_149.png,0.43877263770291824
VF,FPN-Re,8,150,8_150.png,0.4013570930306297
VF,FPN-Re,8,151,8_151.png,0.19028950542822679
VF,FPN-Re,8,152,8_152.png,0.0
VF,FPN-Re,8,153,8_153.png,0.05337347319566615
VF,FPN-Re,8,154,8_154.png,0.06937636795215635
VF,FPN-Re,8,155,8_155.png,0.143801809035732
VF,FPN-Re,8,156,8_156.png,0.3183429268154365
VF,FPN-Re,8,157,8_157.png,0.22799307497669463
VF,FPN-Re,8,158,8_158.png,0.1970981215955446
VF,FPN-Re,8,159,8_159.png,0.2053689603089332
VF,FPN-Re,8,160,8_160.png,0.15008988764044945
VF,FPN-Re,8,161,8_161.png,0.23846024100901442
VF,FPN-Re,8,162,8_162.png,0.49928591830905455
VF,FPN-Re,8,163,8_163.png,0.5295035330824998
VF,FPN-Re,8,164,8_164.png,0.5002733734281027
VF,FPN-Re,8,165,8_165.png,0.7922761098280728
VF,FPN-Re,8,166,8_166.png,0.8902170926078593
VF,FPN-Re,8,167,8_167.png,0.8503311258278146
VF,FPN-Re,8,168,8_168.png,0.5815253434391284
VF,FPN-Re,8,169,8_169.png,0.3673034903916186
VF,FPN-Re,8,170,8_170.png,0.4279798687647321
VF,FPN-Re,8,171,8_171.png,0.06901369097513271
VF,FPN-Re,8,172,8_172.png,0.006075995284302168
VF,FPN-Re,8,173,8_173.png,0.731470322386261
VF,FPN-Re,8,174,8_174.png,0.726349414366451
VF,FPN-Re,8,175,8_175.png,0.6468157857244622
VF,FPN-Re,8,176,8_176.png,0.8273022588199743
VF,FPN-Re,8,177,8_177.png,0.6133659158521036
VF,FPN-Re,8,178,8_178.png,0.773818795430945
VF,FPN-Re,8,179,8_179.png,0.6772191574724172
VF,FPN-Re,8,180,8_180.png,0.633442862358525
VF,FPN-Re,8,181,8_181.png,0.2870715249662618
VF,FPN-Re,8,182,8_182.png,0.3437250199840128
VF,FPN-Re,8,183,8_183.png,0.7141729953644343
VF,FPN-Re,8,184,8_184.png,0.9595158597662772
VF,FPN-Re,8,185,8_185.png,0.8916470150179968
VF,FPN-Re,8,186,8_186.png,0.8957173965642391
VF,FPN-Re,8,187,8_187.png,0.8037332757876564
VF,FPN-Re,8,188,8_188.png,0.8436765397273155
VF,FPN-Re,8,189,8_189.png,0.6170481167777978
VF,FPN-Re,8,190,8_190.png,0.41326811036605476
VF,FPN-Re,8,191,8_191.png,0.28777699789431466
VF,FPN-Re,8,192,8_192.png,0.1828991214783399
VF,FPN-Re,8,193,8_193.png,0.3228664554928155
VF,FPN-Re,8,194,8_194.png,0.11169263708814084
VF,FPN-Re,8,195,8_195.png,0.7092948717948718
VF,FPN-Re,8,196,8_196.png,0.708897253143269
VF,FPN-Re,8,197,8_197.png,0.5096508743268591
VF,FPN-Re,8,198,8_198.png,0.2705022479744188
VF,FPN-Re,8,199,8_199.png,0.2848751044164803
VF,FPN-Re,8,200,8_200.png,0.39566021989186834
VF,FPN-Re,8,201,8_201.png,0.4595400015282341
VF,FPN-Re,8,202,8_202.png,0.6885063559322034
VF,FPN-Re,8,203,8_203.png,0.47444666461727636
VF,FPN-Re,8,204,8_204.png,0.5915259201405838
VF,FPN-Re,8,205,8_205.png,0.5895634958046573
VF,FPN-Re,8,206,8_206.png,0.39276759010301804
VF,FPN-Re,8,207,8_207.png,0.6510202867511452
VF,FPN-Re,8,208,8_208.png,0.6137400530503979
VF,FPN-Re,8,209,8_209.png,0.6299684199063487
VF,FPN-Re,8,210,8_210.png,0.8641606151217428
VF,FPN-Re,8,211,8_211.png,0.9172907579623076
VF,FPN-Re,8,212,8_212.png,0.8397955171057806
VF,FPN-Re,9,0,9_000.png,0.8022342890741189
VF,FPN-Re,9,1,9_001.png,0.7932232139251242
VF,FPN-Re,9,2,9_002.png,0.8135217469988538
VF,FPN-Re,9,3,9_003.png,0.671412474315636
VF,FPN-Re,9,4,9_004.png,0.7796128793257803
VF,FPN-Re,9,5,9_005.png,0.8359556588592884
VF,FPN-Re,9,6,9_006.png,0.8585771498498165
VF,FPN-Re,9,7,9_007.png,0.8178284393549404
VF,FPN-Re,9,8,9_008.png,0.9620914843399314
VF,FPN-Re,9,9,9_009.png,0.9556316417571177
VF,FPN-Re,9,10,9_010.png,0.8346240449818433
VF,FPN-Re,9,11,9_011.png,0.8746500107688994
VF,FPN-Re,9,12,9_012.png,0.959860854557957
VF,FPN-Re,9,13,9_013.png,0.9548685417303577
VF,FPN-Re,9,14,9_014.png,0.9604024461417443
VF,FPN-Re,9,15,9_015.png,0.962904804169227
VF,FPN-Re,9,16,9_016.png,0.9396546962851683
VF,FPN-Re,9,17,9_017.png,0.9445566778900112
VF,FPN-Re,9,18,9_018.png,0.9552163136547994
VF,FPN-Re,9,19,9_019.png,0.9446141343944404
VF,FPN-Re,9,20,9_020.png,0.9378381701918347
VF,FPN-Re,9,21,9_021.png,0.95128437687353
VF,FPN-Re,9,22,9_022.png,0.9511402136096383
VF,FPN-Re,9,23,9_023.png,0.9543708711015517
VF,FPN-Re,9,24,9_024.png,0.9562449444261362
VF,FPN-Re,9,25,9_025.png,0.958556383333598
VF,FPN-Re,9,26,9_026.png,0.9122274938442135
VF,FPN-Re,9,27,9_027.png,0.9561493557234131
VF,FPN-Re,9,28,9_028.png,0.9513165906761915
VF,FPN-Re,9,29,9_029.png,0.9527121199192194
VF,FPN-Re,9,30,9_030.png,0.9519977802441731
VF,FPN-Re,9,31,9_031.png,0.9526304092453249
VF,FPN-Re,9,32,9_032.png,0.818205246453083
VF,FPN-Re,9,33,9_033.png,0.8758803414932403
VF,FPN-Re,9,34,9_034.png,0.9163212673850972
VF,FPN-Re,9,35,9_035.png,0.9298103181046572
VF,FPN-Re,9,36,9_036.png,0.9534099771074942
VF,FPN-Re,9,37,9_037.png,0.9526639892904953
VF,FPN-Re,9,38,9_038.png,0.9740697133156266
VF,FPN-Re,9,39,9_039.png,0.9567644425720154
VF,FPN-Re,9,40,9_040.png,0.9745320491186168
VF,FPN-Re,9,41,9_041.png,0.9704187380970047
VF,FPN-Re,9,42,9_042.png,0.9662940216869782
VF,FPN-Re,9,43,9_043.png,0.9815810634234596
VF,FPN-Re,9,44,9_044.png,0.9649947626123603
VF,FPN-Re,9,45,9_045.png,0.967645045164425
VF,FPN-Re,9,46,9_046.png,0.9666741623566449
VF,FPN-Re,9,47,9_047.png,0.9617188328912467
VF,FPN-Re,9,48,9_048.png,0.9576901206747678
VF,FPN-Re,9,49,9_049.png,0.9562107358337998
VF,FPN-Re,9,50,9_050.png,0.9548140960613946
VF,FPN-Re,9,51,9_051.png,0.9635312639518763
VF,FPN-Re,9,52,9_052.png,0.9377551967334818
VF,FPN-Re,9,53,9_053.png,0.7841236573225046
VF,FPN-Re,9,54,9_054.png,0.9239402441798741
VF,FPN-Re,9,55,9_055.png,0.847075649554684
VF,FPN-Re,9,56,9_056.png,0.9168890267866378
VF,FPN-Re,9,57,9_057.png,0.6133684931307274
VF,FPN-Re,9,58,9_058.png,0.9387819171201339
VF,FPN-Re,9,59,9_059.png,0.9448012497830238
VF,FPN-Re,9,60,9_060.png,0.9388529756838206
VF,FPN-Re,9,61,9_061.png,0.9401634057192002
VF,FPN-Re,9,62,9_062.png,0.9331393574378904
VF,FPN-Re,9,63,9_063.png,0.9394240922752011
VF,FPN-Re,9,64,9_064.png,0.953811552137912
VF,FPN-Re,9,65,9_065.png,0.9405291374978165
VF,FPN-Re,9,66,9_066.png,0.9439889739837167
VF,FPN-Re,9,67,9_067.png,0.9375724385720908
VF,FPN-Re,9,68,9_068.png,0.933830875896939
VF,FPN-Re,9,69,9_069.png,0.9540812682996501
VF,FPN-Re,9,70,9_070.png,0.9225400493395373
VF,FPN-Re,9,71,9_071.png,0.9260681709073452
VF,FPN-Re,9,72,9_072.png,0.931455559525844
VF,FPN-Re,9,73,9_073.png,0.936104833596176
VF,FPN-Re,9,74,9_074.png,0.93888526440146
VF,FPN-Re,9,75,9_075.png,0.9399186376924178
VF,FPN-Re,9,76,9_076.png,0.9319787284705136
VF,FPN-Re,9,77,9_077.png,0.9513815491469123
VF,FPN-Re,9,78,9_078.png,0.9431746515016419
VF,FPN-Re,9,79,9_079.png,0.8736329743164871
VF,FPN-Re,9,80,9_080.png,0.9511149619225683
VF,FPN-Re,9,81,9_081.png,0.9461924704540969
VF,FPN-Re,9,82,9_082.png,0.9632953385505274
VF,FPN-Re,9,83,9_083.png,0.9350907209091102
VF,FPN-Re,9,84,9_084.png,0.9468500390366945
VF,FPN-Re,9,85,9_085.png,0.950924131763303
VF,FPN-Re,9,86,9_086.png,0.8690525274181579
VF,FPN-Re,9,87,9_087.png,0.7403689671783255
VF,FPN-Re,9,88,9_088.png,0.7013709623486926
VF,FPN-Re,9,89,9_089.png,0.6749271137026239
VF,FPN-Re,9,90,9_090.png,0.6880969771884481
VF,FPN-Re,9,91,9_091.png,0.6651691876519804
VF,FPN-Re,9,92,9_092.png,0.5662448284254077
VF,FPN-Re,9,93,9_093.png,0.5570832689633863
VF,FPN-Re,9,94,9_094.png,0.6880610173113914
VF,FPN-Re,9,95,9_095.png,0.7729317955289762
VF,FPN-Re,9,96,9_096.png,0.9407532360231341
VF,FPN-Re,9,97,9_097.png,0.9617458185364417
VF,FPN-Re,9,98,9_098.png,0.9415836536198917
VF,FPN-Re,9,99,9_099.png,0.9453620304068611
VF,FPN-Re,9,100,9_100.png,0.9707009704018099
VF,FPN-Re,9,101,9_101.png,0.9724530819016027
VF,FPN-Re,9,102,9_102.png,0.9783887092031756
VF,FPN-Re,9,103,9_103.png,0.9857762686285606
VF,FPN-Re,9,104,9_104.png,0.9850806230711637
VF,FPN-Re,9,105,9_105.png,0.9816570037794091
VF,FPN-Re,9,106,9_106.png,0.9805948574181962
VF,FPN-Re,9,107,9_107.png,0.9785244799236426
VF,FPN-Re,9,108,9_108.png,0.9513237221494102
VF,FPN-Re,9,109,9_109.png,0.9503779165297404
VF,FPN-Re,9,110,9_110.png,0.8987925314404752
VF,FPN-Re,9,111,9_111.png,0.7446148751373565
VF,FPN-Re,9,112,9_112.png,0.8214842458311682
VF,FPN-Re,9,113,9_113.png,0.7082842763064263
VF,FPN-Re,9,114,9_114.png,0.9379990786240786
VF,FPN-Re,9,115,9_115.png,0.9386832756217116
VF,FPN-Re,9,116,9_116.png,0.832121051234404
VF,FPN-Re,9,117,9_117.png,0.9265365498848345
VF,FPN-Re,9,118,9_118.png,0.924181247196052
VF,FPN-Re,9,119,9_119.png,0.927583672924043
VF,FPN-Re,9,120,9_120.png,0.9257110513655016
VF,FPN-Re,9,121,9_121.png,0.9192612137203167
VF,FPN-Re,9,122,9_122.png,0.9256364000801763
VF,FPN-Re,9,123,9_123.png,0.9284104467718415
VF,FPN-Re,9,124,9_124.png,0.7800796812749003
VF,FPN-Re,9,125,9_125.png,0.47975564710896434
VF,FPN-Re,9,126,9_126.png,0.5122771016133597
VF,FPN-Re,9,127,9_127.png,0.9211991434689507
VF,FPN-Re,9,128,9_128.png,0.9135193649266298
VF,FPN-Re,9,129,9_129.png,0.9485180412371134
VF,FPN-Re,9,130,9_130.png,0.898049880604935
VF,FPN-Re,9,131,9_131.png,0.9296560064498791
VF,FPN-Re,9,132,9_132.png,0.7170123673191158
VF,FPN-Re,9,133,9_133.png,0.8639819587628866
VF,FPN-Re,9,134,9_134.png,0.6947128734866156
VF,FPN-Re,9,135,9_135.png,0.8839022175130553
VF,FPN-Re,9,136,9_136.png,0.6128549328808823
VF,FPN-Re,9,137,9_137.png,0.33736600306278713
VF,FPN-Re,9,138,9_138.png,0.38220463207270594
VF,FPN-Re,9,139,9_139.png,0.3689844329132691
VF,FPN-Re,9,140,9_140.png,0.24095128366774635
VF,FPN-Re,9,141,9_141.png,0.2781743765467352
VF,FPN-Re,9,142,9_142.png,0.3481394895772453
VF,FPN-Re,9,143,9_143.png,0.360822695035461
VF,FPN-Re,9,144,9_144.png,0.4144141322391706
VF,FPN-Re,9,145,9_145.png,0.3440440908854573
VF,FPN-Re,9,146,9_146.png,0.48340119584754776
VF,FPN-Re,9,147,9_147.png,0.5690478116657228
VF,FPN-Re,9,148,9_148.png,0.7193255382144829
VF,FPN-Re,9,149,9_149.png,0.8797530864197531
VF,FPN-Re,9,150,9_150.png,0.5218419415059117
VF,FPN-Re,9,151,9_151.png,0.3461903342097417
VF,FPN-Re,9,152,9_152.png,0.24775621765173397
VF,FPN-Re,9,153,9_153.png,0.44818144818144817
VF,FPN-Re,9,154,9_154.png,0.5489542578370284
VF,FPN-Re,9,155,9_155.png,0.7333830788658019
VF,FPN-Re,9,156,9_156.png,0.7554682779456193
VF,FPN-Re,9,157,9_157.png,0.8100289978074828
VF,FPN-Re,9,158,9_158.png,0.8775472224806923
VF,FPN-Re,9,159,9_159.png,0.9263300183450807
VF,FPN-Re,9,160,9_160.png,0.8346092051790946
VF,FPN-Re,9,161,9_161.png,0.9181627932591695
VF,FPN-Re,9,162,9_162.png,0.9278213772521278
VF,FPN-Re,9,163,9_163.png,0.9582041688936398
VF,FPN-Re,9,164,9_164.png,0.9544114550431669
VF,FPN-Re,9,165,9_165.png,0.9536397711580193
VF,FPN-Re,9,166,9_166.png,0.9023892773892774
VF,FPN-Re,9,167,9_167.png,0.783837169357609
VF,FPN-Re,9,168,9_168.png,0.8594897959183674
VF,FPN-Re,9,169,9_169.png,0.8853038910922929
VF,FPN-Re,9,170,9_170.png,0.5416540074132588
VF,FPN-Re,9,171,9_171.png,0.85
VF,FPN-Re,9,172,9_172.png,0.93758533255315
VF,FPN-Re,9,173,9_173.png,0.9030598429461143
VF,FPN-Re,9,174,9_174.png,0.9320252277505255
VF,FPN-Re,9,175,9_175.png,0.887419523229511
VF,FPN-Re,9,176,9_176.png,0.9195454135473978
VF,FPN-Re,9,177,9_177.png,0.9271620874054951
VF,FPN-Re,9,178,9_178.png,0.8020174646190906
VF,FPN-Re,9,179,9_179.png,0.8544557766259823
VF,FPN-Re,9,180,9_180.png,0.9348352106800167
VF,FPN-Re,9,181,9_181.png,0.8408132217688956
VF,FPN-Re,9,182,9_182.png,0.8176873489121677
VF,FPN-Re,9,183,9_183.png,0.7353821714425368
VF,FPN-Re,9,184,9_184.png,0.8703907539900936
VF,FPN-Re,9,185,9_185.png,0.9361990643433453
VF,FPN-Re,9,186,9_186.png,0.9217539089055065
VF,FPN-Re,9,187,9_187.png,0.534318013592625
VF,FPN-Re,9,188,9_188.png,0.9294516147871285
VF,FPN-Re,9,189,9_189.png,0.930052269924238
VF,FPN-Re,9,190,9_190.png,0.7681127383255043
VF,FPN-Re,9,191,9_191.png,0.8841186976232999
VF,FPN-Re,9,192,9_192.png,0.9195204299593468
VF,FPN-Re,9,193,9_193.png,0.3554286733874565
VF,FPN-Re,9,194,9_194.png,0.3047757929274517
VF,FPN-Re,9,195,9_195.png,0.5288764172765538
VF,FPN-Re,9,196,9_196.png,0.4139973863801365
VF,FPN-Re,9,197,9_197.png,0.6729876543209876
VF,FPN-Re,9,198,9_198.png,0.9193103852694541
VF,FPN-Re,9,199,9_199.png,0.919119798677357
VF,FPN-Re,9,200,9_200.png,0.6874283881021128
VF,FPN-Re,9,201,9_201.png,0.9081940257604824
VF,FPN-Re,9,202,9_202.png,0.9248091308706717
VF,FPN-Re,9,203,9_203.png,0.933190542878326
VF,FPN-Re,9,204,9_204.png,0.9224395660715811
VF,FPN-Re,9,205,9_205.png,0.936222558667676
VF,FPN-Re,9,206,9_206.png,0.9293233082706767
VF,FPN-Re,9,207,9_207.png,0.9348059899065111
VF,FPN-Re,9,208,9_208.png,0.5247715689425594
VF,FPN-Re,9,209,9_209.png,0.943561872909699
VF,FPN-Re,9,210,9_210.png,0.9116233721011212
VF,FPN-Re,9,211,9_211.png,0.9200583627706957
VF,FPN-Re,9,212,9_212.png,0.8102094240837696
VF,FPN-Re,9,213,9_213.png,0.9063268092853891
VF,FPN-Re,9,214,9_214.png,0.8363164240007419
VF,FPN-Re,9,215,9_215.png,0.9110407517107548
VF,FPN-Re,9,216,9_216.png,0.9501314990896217
VF,FPN-Re,9,217,9_217.png,0.9407058823529412
VF,FPN-Re,9,218,9_218.png,0.9020827698133622
VF,FPN-Re,9,219,9_219.png,0.713237389569678
VF,FPN-Re,9,220,9_220.png,0.5079052407858586
VF,FPN-Re,9,221,9_221.png,0.7608239409249903
VF,FPN-Re,9,222,9_222.png,0.919559924249256
VF,FPN-Re,9,223,9_223.png,0.6236768802228412
VF,FPN-Re,9,224,9_224.png,0.8173208061827549
VF,FPN-Re,9,225,9_225.png,0.9177080374893496
VF,FPN-Re,9,226,9_226.png,0.7461252872885851
VF,FPN-Re,9,227,9_227.png,0.9309383943364965
