partition,method,scene,frame,filename,iou
VF,FSAM,1,0,1_000.png,0.9840877308029612
VF,FSAM,1,1,1_001.png,0.979688715167308
VF,FSAM,1,2,1_002.png,0.9822417601549494
VF,FSAM,1,3,1_003.png,0.9531758693593785
VF,FSAM,1,4,1_004.png,0.95049679661201
VF,FSAM,1,5,1_005.png,0.7642310602875642
VF,FSAM,1,6,1_006.png,0.849319575688979
VF,FSAM,1,7,1_007.png,0.9043656811563083
VF,FSAM,1,8,1_008.png,0.9473370732045155
VF,FSAM,1,9,1_009.png,0.6849959832739407
VF,FSAM,1,10,1_010.png,0.8517902397816622
VF,FSAM,1,11,1_011.png,0.9445324440739197
VF,FSAM,1,12,1_012.png,0.9415466983938132
VF,FSAM,1,13,1_013.png,0.9359048359976911
VF,FSAM,1,14,1_014.png,0.8918773402510952
VF,FSAM,1,15,1_015.png,0.857110379898295
VF,FSAM,1,16,1_016.png,0.854631389416825
VF,FSAM,1,17,1_017.png,0.9421389308560224
VF,FSAM,1,18,1_018.png,0.8985934138672844
VF,FSAM,1,19,1_019.png,0.530534697374389
VF,FSAM,1,20,1_020.png,0.7348835733773238
VF,FSAM,1,21,1_021.png,0.5681340216040531
VF,FSAM,1,22,1_022.png,0.31262760088614744
VF,FSAM,1,23,1_023.png,0.510235827890512
VF,FSAM,1,24,1_024.png,0.960832335880674
VF,FSAM,1,25,1_025.png,0.9584046125578154
VF,FSAM,1,26,1_026.png,0.955768055812103
VF,FSAM,1,27,1_027.png,0.960610429878399
VF,FSAM,1,28,1_028.png,0.9736243007675296
VF,FSAM,1,29,1_029.png,0.9531036834924966
VF,FSAM,1,30,1_030.png,0.9539513844323749
VF,FSAM,1,31,1_031.png,0.9065196419958197
VF,FSAM,1,32,1_032.png,0.5054586808188021
VF,FSAM,1,33,1_033.png,0.7779907447608357
VF,FSAM,1,34,1_034.png,0.9689008042895443
VF,FSAM,1,35,1_035.png,0.962378752886836
VF,FSAM,1,36,1_036.png,0.9625570661084066
VF,FSAM,1,37,1_037.png,0.9671467206671907
VF,FSAM,1,38,1_038.png,0.9558044458466433
VF,FSAM,1,39,1_039.png,0.9400434812147564
VF,FSAM,1,40,1_040.png,0.7177750781875986
VF,FSAM,1,41,1_041.png,0.9626676546869211
VF,FSAM,1,42,1_042.png,0.9681740876014163
VF,FSAM,1,43,1_043.png,0.978637834057063
VF,FSAM,1,44,1_044.png,0.9450494697131469
VF,FSAM,1,45,1_045.png,0.5306437809052872
VF,FSAM,1,46,1_046.png,0.8189070959876654
VF,FSAM,1,47,1_047.png,0.9378602792749672
VF,FSAM,1,48,1_048.png,0.9461532067001953
VF,FSAM,1,49,1_049.png,0.6405436571466956
VF,FSAM,1,50,1_050.png,0.8720876430991508
VF,FSAM,1,51,1_051.png,0.8248115541745785
VF,FSAM,1,52,1_052.png,0.806430026185627
VF,FSAM,1,53,1_053.png,0.908919910091092
VF,FSAM,1,54,1_054.png,0.9196393017251345
VF,FSAM,1,55,1_055.png,0.9422997664514356
VF,FSAM,1,56,1_056.png,0.9521797368021321
VF,FSAM,1,57,1_057.png,0.9190659304542168
VF,FSAM,1,58,1_058.png,0.9065590312815338
VF,FSAM,1,59,1_059.png,0.3961539762541014
VF,FSAM,1,60,1_060.png,0.2734154224843021
VF,FSAM,1,61,1_061.png,0.2524851379007894
VF,FSAM,1,62,1_062.png,0.24832490086147957
VF,FSAM,1,63,1_063.png,0.3137067361155125
VF,FSAM,1,64,1_064.png,0.4125844925229011
VF,FSAM,1,65,1_065.png,0.9631330262319849
VF,FSAM,1,66,1_066.png,0.9738394422945925
VF,FSAM,1,67,1_067.png,0.8043297393666695
VF,FSAM,1,68,1_068.png,0.6954396749075181
VF,FSAM,1,69,1_069.png,0.5821505876200299
VF,FSAM,1,70,1_070.png,0.9087424089068826
VF,FSAM,1,71,1_071.png,0.9831009023789992
VF,FSAM,1,72,1_072.png,0.9644406179437612
VF,FSAM,1,73,1_073.png,0.6737722150243235
VF,FSAM,1,74,1_074.png,0.9382704809075514
VF,FSAM,1,75,1_075.png,0.9332826305058416
VF,FSAM,1,76,1_076.png,0.3174565894750027
VF,FSAM,1,77,1_077.png,0.7337988098857664
VF,FSAM,1,78,1_078.png,0.9577202586979605
VF,FSAM,1,79,1_079.png,0.5659987026420519
VF,FSAM,1,80,1_080.png,0.9635807124162711
VF,FSAM,1,81,1_081.png,0.9739165751590728
VF,FSAM,1,82,1_082.png,0.9453051160879392
VF,FSAM,1,83,1_083.png,0.9646150950498776
VF,FSAM,1,84,1_084.png,0.9705049321222776
VF,FSAM,1,85,1_085.png,0.9317987636327084
VF,FSAM,1,86,1_086.png,0.203708651090494
VF,FSAM,1,87,1_087.png,0.18920779562153434
VF,FSAM,1,88,1_088.png,0.12034013415575837
VF,FSAM,1,89,1_089.png,0.11943344555111723
VF,FSAM,1,90,1_090.png,0.12173616694047328
VF,FSAM,1,91,1_091.png,0.8087197732617741
VF,FSAM,1,92,1_092.png,0.9179079099503503
VF,FSAM,1,93,1_093.png,0.7242977121343759
VF,FSAM,1,94,1_094.png,0.7265706627901695
VF,FSAM,1,95,1_095.png,0.783268619837628
VF,FSAM,1,96,1_096.png,0.371013906155136
VF,FSAM,1,97,1_097.png,0.6625388411624932
VF,FSAM,1,98,1_098.png,0.7816761491917277
VF,FSAM,1,99,1_099.png,0.925397606164945
VF,FSAM,1,100,1_100.png,0.7350215087143555
VF,FSAM,1,101,1_101.png,0.9188657597115227
VF,FSAM,1,102,1_102.png,0.7239897180902617
VF,FSAM,1,103,1_103.png,0.9463740658878013
VF,FSAM,1,104,1_104.png,0.6895309954557146
VF,FSAM,1,105,1_105.png,0.651906916612799
VF,FSAM,1,106,1_106.png,0.15222186182289976
VF,FSAM,1,107,1_107.png,0.3726780751791722
VF,FSAM,1,108,1_108.png,0.09887501780035127
VF,FSAM,1,109,1_109.png,0.08417689002805896
VF,FSAM,1,110,1_110.png,0.10455704544152197
VF,FSAM,1,111,1_111.png,0.06585216801779865
VF,FSAM,1,112,1_112.png,0.2100105771218071
VF,FSAM,1,113,1_113.png,0.6073915001212289
VF,FSAM,1,114,1_114.png,0.6989450480239332
VF,FSAM,1,115,1_115.png,0.9623064490902455
VF,FSAM,1,116,1_116.png,0.9614320495794599
VF,FSAM,1,117,1_117.png,0.9624954166884919
VF,FSAM,1,118,1_118.png,0.5397608186413513
VF,FSAM,1,119,1_119.png,0.32614117185529745
VF,FSAM,1,120,1_120.png,0.8728234336859235
VF,FSAM,1,121,1_121.png,0.9530851606323304
VF,FSAM,1,122,1_122.png,0.8771945866861741
VF,FSAM,1,123,1_123.png,0.04861018116427219
VF,FSAM,1,124,1_124.png,0.1810576923076923
VF,FSAM,1,125,1_125.png,0.13563092775457633
VF,FSAM,1,126,1_126.png,0.43288716537403055
VF,FSAM,1,127,1_127.png,0.6749441964285714
VF,FSAM,1,128,1_128.png,0.7083207869115729
VF,FSAM,1,129,1_129.png,0.924364896073903
VF,FSAM,1,130,1_130.png,0.9176271186440678
VF,FSAM,1,131,1_131.png,0.9482872200263505
VF,FSAM,1,132,1_132.png,0.9403950953678474
VF,FSAM,1,133,1_133.png,0.5760954109411459
VF,FSAM,1,134,1_134.png,0.8516896637197389
VF,FSAM,1,135,1_135.png,0.3877974426285037
VF,FSAM,1,136,1_136.png,0.16243548975655528
VF,FSAM,1,137,1_137.png,0.9248394209567635
VF,FSAM,1,138,1_138.png,0.9472660249846406
VF,FSAM,1,139,1_139.png,0.467782388617812
VF,FSAM,1,140,1_140.png,0.6271870794078062
VF,FSAM,1,141,1_141.png,0.7171563403866646
VF,FSAM,1,142,1_142.png,0.4706487626691362
VF,FSAM,1,143,1_143.png,0.2793036221226528
VF,FSAM,1,144,1_144.png,0.9148681055155875
VF,FSAM,1,145,1_145.png,0.63143343258188
VF,FSAM,1,146,1_146.png,0.9414572638025759
VF,FSAM,1,147,1_147.png,0.2539549139806209
VF,FSAM,1,148,1_148.png,0.21956450992574184
VF,FSAM,1,149,1_149.png,0.3757534118234908
VF,FSAM,1,150,1_150.png,0.13171251057375374
VF,FSAM,1,151,1_151.png,0.13943820512164548
VF,FSAM,1,152,1_152.png,0.1101867009262521
VF,FSAM,1,153,1_153.png,0.9562096715725368
VF,FSAM,1,154,1_154.png,0.7585202015212882
VF,FSAM,1,155,1_155.png,0.9488604780433574
VF,FSAM,1,156,1_156.png,0.8541333988453507
VF,FSAM,1,157,1_157.png,0.4212471814586183
VF,FSAM,1,158,1_158.png,0.5863610955841252
VF,FSAM,1,159,1_159.png,0.1892064114504191
VF,FSAM,1,160,1_160.png,0.10895652248821963
VF,FSAM,1,161,1_161.png,0.09887127516883809
VF,FSAM,1,162,1_162.png,0.957222615396713
VF,FSAM,1,163,1_163.png,0.922122379118528
VF,FSAM,1,164,1_164.png,0.17306700081079088
VF,FSAM,1,165,1_165.png,0.4185361892193686
VF,FSAM,1,166,1_166.png,0.47555936303164686
VF,FSAM,1,167,1_167.png,0.5438012295081968
VF,FSAM,1,168,1_168.png,0.9246722754842497
VF,FSAM,1,169,1_169.png,0.6643808255659122
VF,FSAM,1,170,1_170.png,0.9198029922869622
VF,FSAM,1,171,1_171.png,0.9185242785553828
VF,FSAM,10,0,10_000.png,0.9177099012445391
VF,FSAM,10,1,10_001.png,0.9118326202895153
VF,FSAM,10,2,10_002.png,0.9236172188019154
VF,FSAM,10,3,10_003.png,0.9295194508009154
VF,FSAM,10,4,10_004.png,0.9297192192926674
VF,FSAM,10,5,10_005.png,0.9155813680628887
VF,FSAM,10,6,10_006.png,0.9059512550847167
VF,FSAM,10,7,10_007.png,0.893322848155562
VF,FSAM,10,8,10_008.png,0.9378794275648211
VF,FSAM,10,9,10_009.png,0.9324451324009067
VF,FSAM,10,10,10_010.png,0.9164619164619164
VF,FSAM,10,11,10_011.png,0.9175337613460262
VF,FSAM,10,12,10_012.png,0.9181204067997921
VF,FSAM,10,13,10_013.png,0.92425220288977
VF,FSAM,10,14,10_014.png,0.9300115056743894
VF,FSAM,10,15,10_015.png,0.9521788138235364
VF,FSAM,10,16,10_016.png,0.9153623618425932
VF,FSAM,10,17,10_017.png,0.6392892274093259
VF,FSAM,10,18,10_018.png,0.9203299823933663
VF,FSAM,10,19,10_019.png,0.9126450899711356
VF,FSAM,10,20,10_020.png,0.8944682656661753
VF,FSAM,10,21,10_021.png,0.9122548149463033
VF,FSAM,10,22,10_022.png,0.9106086990742107
VF,FSAM,10,23,10_023.png,0.8917057932781592
VF,FSAM,10,24,10_024.png,0.8858517789387783
VF,FSAM,10,25,10_025.png,0.8810091000047644
VF,FSAM,10,26,10_026.png,0.9166423290345389
VF,FSAM,10,27,10_027.png,0.9229894355762377
VF,FSAM,10,28,10_028.png,0.9246292446292447
VF,FSAM,10,29,10_029.png,0.9020100267941333
VF,FSAM,10,30,10_030.png,0.925326599500116
VF,FSAM,10,31,10_031.png,0.9259442613903813
VF,FSAM,10,32,10_032.png,0.9152572475760683
VF,FSAM,10,33,10_033.png,0.9320935078681232
VF,FSAM,10,34,10_034.png,0.9218258870627238
VF,FSAM,10,35,10_035.png,0.9350028137310074
VF,FSAM,10,36,10_036.png,0.9265972480476014
VF,FSAM,10,37,10_037.png,0.9235153545209615
VF,FSAM,10,38,10_038.png,0.9336487948587593
VF,FSAM,10,39,10_039.png,0.9167843132543149
VF,FSAM,10,40,10_040.png,0.892165879639798
VF,FSAM,10,41,10_041.png,0.891342676017994
VF,FSAM,10,42,10_042.png,0.8975000154740315
VF,FSAM,10,43,10_043.png,0.9164032682338001
VF,FSAM,10,44,10_044.png,0.9023300565861273
VF,FSAM,10,45,10_045.png,0.8988796889233321
VF,FSAM,10,46,10_046.png,0.8864464441713957
VF,FSAM,10,47,10_047.png,0.9300588062150467
VF,FSAM,10,48,10_048.png,0.8958734975396886
VF,FSAM,10,49,10_049.png,0.8927710755655219
VF,FSAM,10,50,10_050.png,0.9024666578482738
VF,FSAM,10,51,10_051.png,0.9241076353065608
VF,FSAM,10,52,10_052.png,0.9422889676250237
VF,FSAM,10,53,10_053.png,0.9057267213412054
VF,FSAM,10,54,10_054.png,0.8936086486013795
VF,FSAM,10,55,10_055.png,0.9242797953902044
VF,FSAM,10,56,10_056.png,0.9164879112888565
VF,FSAM,10,57,10_057.png,0.9261600570509954
VF,FSAM,10,58,10_058.png,0.9158376005852231
VF,FSAM,10,59,10_059.png,0.8856736346722119
VF,FSAM,10,60,10_060.png,0.896226710832924
VF,FSAM,10,61,10_061.png,0.926957931543478
VF,FSAM,10,62,10_062.png,0.6849131240298433
VF,FSAM,10,63,10_063.png,0.9325914588247102
VF,FSAM,10,64,10_064.png,0.9328820705595489
VF,FSAM,10,65,10_065.png,0.9136999939660895
VF,FSAM,10,66,10_066.png,0.886303171613906
VF,FSAM,10,67,10_067.png,0.9082584657912923
VF,FSAM,10,68,10_068.png,0.9117813886757199
VF,FSAM,10,69,10_069.png,0.9168337350483184
VF,FSAM,10,70,10_070.png,0.9434894091415831
VF,FSAM,10,71,10_071.png,0.9379654760612312
VF,FSAM,10,72,10_072.png,0.9235110649042032
VF,FSAM,10,73,10_073.png,0.901635135976103
VF,FSAM,10,74,10_074.png,0.9188367761598375
VF,FSAM,10,75,10_075.png,0.9231945475992835
VF,FSAM,10,76,10_076.png,0.9432594244188447
VF,FSAM,10,77,10_077.png,0.9138586649599036
VF,FSAM,10,78,10_078.png,0.9297266645847373
VF,FSAM,10,79,10_079.png,0.9185699850518175
VF,FSAM,10,80,10_080.png,0.9133948114392335
VF,FSAM,10,81,10_081.png,0.9078395599607886
VF,FSAM,10,82,10_082.png,0.9178197964946642
VF,FSAM,10,83,10_083.png,0.9150975421262089
VF,FSAM,10,84,10_084.png,0.9078606392168155
VF,FSAM,10,85,10_085.png,0.9244846993924485
VF,FSAM,10,86,10_086.png,0.8766240340161306
VF,FSAM,10,87,10_087.png,0.9092314032557182
VF,FSAM,10,88,10_088.png,0.9223834494648373
VF,FSAM,10,89,10_089.png,0.9154929577464789
VF,FSAM,10,90,10_090.png,0.9358029978586724
VF,FSAM,10,91,10_091.png,0.9154835934138996
VF,FSAM,10,92,10_092.png,0.9112250404749056
VF,FSAM,10,93,10_093.png,0.9172517052071203
VF,FSAM,10,94,10_094.png,0.9388589414275894
VF,FSAM,10,95,10_095.png,0.9279308599117668
VF,FSAM,10,96,10_096.png,0.8654196772233101
VF,FSAM,10,97,10_097.png,0.9367161242724813
VF,FSAM,10,98,10_098.png,0.9196915303815982
VF,FSAM,10,99,10_099.png,0.92957596985618
VF,FSAM,10,100,10_100.png,0.9155793464926955
VF,FSAM,10,101,10_101.png,0.6635528753301013
VF,FSAM,10,102,10_102.png,0.6137408709764675
VF,FSAM,10,103,10_103.png,0.9253165988240615
VF,FSAM,10,104,10_104.png,0.6762852532083301
VF,FSAM,10,105,10_105.png,0.6214992025518341
VF,FSAM,10,106,10_106.png,0.2743275925247343
VF,FSAM,10,107,10_107.png,0.15647760311437442
VF,FSAM,10,108,10_108.png,0.6631287494231657
VF,FSAM,10,109,10_109.png,0.48457878341834115
VF,FSAM,10,110,10_110.png,0.042403467569247774
VF,FSAM,10,111,10_111.png,0.08120860176027583
VF,FSAM,10,112,10_112.png,0.09841260168794369
VF,FSAM,10,113,10_113.png,0.31494152145336884
VF,FSAM,10,114,10_114.png,0.4385536679034043
VF,FSAM,10,115,10_115.png,0.8402832895781184
VF,FSAM,10,116,10_116.png,0.23162382578236948
VF,FSAM,10,117,10_117.png,0.2203527480093925
VF,FSAM,10,118,10_118.png,0.5390496177484635
VF,FSAM,10,119,10_119.png,0.9277489925158319
VF,FSAM,10,120,10_120.png,0.8529565672422815
VF,FSAM,10,121,10_121.png,0.7677633972659702
VF,FSAM,10,122,10_122.png,0.9066958768677676
VF,FSAM,10,123,10_123.png,0.894181459566075
VF,FSAM,10,124,10_124.png,0.8819116421228119
VF,FSAM,10,125,10_125.png,0.5565018295422934
VF,FSAM,10,126,10_126.png,0.6444028920468711
VF,FSAM,10,127,10_127.png,0.9212547786630462
VF,FSAM,10,128,10_128.png,0.9304467987102718
VF,FSAM,10,129,10_129.png,0.9441463113742906
VF,FSAM,10,130,10_130.png,0.7407087952510211
VF,FSAM,10,131,10_131.png,0.9337969401947149
VF,FSAM,10,132,10_132.png,0.9388316358910817
VF,FSAM,10,133,10_133.png,0.9285108787793162
VF,FSAM,10,134,10_134.png,0.6836871010835683
VF,FSAM,10,135,10_135.png,0.9443106004447739
VF,FSAM,10,136,10_136.png,0.9534804753820034
VF,FSAM,10,137,10_137.png,0.5317783605825568
VF,FSAM,10,138,10_138.png,0.8385698501289062
VF,FSAM,10,139,10_139.png,0.6349731741086881
VF,FSAM,10,140,10_140.png,0.6998869488757694
VF,FSAM,10,141,10_141.png,0.7590768662036915
VF,FSAM,10,142,10_142.png,0.9375359154120216
VF,FSAM,10,143,10_143.png,0.9357310487177313
VF,FSAM,10,144,10_144.png,0.9179918746372606
VF,FSAM,10,145,10_145.png,0.9350798325840954
VF,FSAM,10,146,10_146.png,0.9416315679421693
VF,FSAM,10,147,10_147.png,0.93214166574002
VF,FSAM,10,148,10_148.png,0.9377113943231323
VF,FSAM,10,149,10_149.png,0.9127821557366101
VF,FSAM,10,150,10_150.png,0.9299750974447812
VF,FSAM,10,151,10_151.png,0.8357399082777097
VF,FSAM,10,152,10_152.png,0.6394224595006146
VF,FSAM,10,153,10_153.png,0.7222732734855446
VF,FSAM,10,154,10_154.png,0.7633927455440842
VF,FSAM,10,155,10_155.png,0.7680508791619902
VF,FSAM,10,156,10_156.png,0.7898472838013346
VF,FSAM,10,157,10_157.png,0.893220586091267
VF,FSAM,10,158,10_158.png,0.9183745244109089
VF,FSAM,10,159,10_159.png,0.9275730622617535
VF,FSAM,10,160,10_160.png,0.924784173919122
VF,FSAM,10,161,10_161.png,0.919688936019795
VF,FSAM,10,162,10_162.png,0.8134234570836588
VF,FSAM,10,163,10_163.png,0.6781994939406046
VF,FSAM,10,164,10_164.png,0.9217427093132643
VF,FSAM,10,165,10_165.png,0.9581712776106259
VF,FSAM,10,166,10_166.png,0.312663907232456
VF,FSAM,10,167,10_167.png,0.9160820856454821
VF,FSAM,10,168,10_168.png,0.2154149756945993
VF,FSAM,10,169,10_169.png,0.14333795946181782
VF,FSAM,10,170,10_170.png,0.8848845011022717
VF,FSAM,10,171,10_171.png,0.23186068484670772
VF,FSAM,10,172,10_172.png,0.5530609263137388
VF,FSAM,10,173,10_173.png,0.8627748642929433
VF,FSAM,10,174,10_174.png,0.3768818684227243
VF,FSAM,10,175,10_175.png,0.47747277143678013
VF,FSAM,10,176,10_176.png,0.8781634701748824
VF,FSAM,10,177,10_177.png,0.8458007303077726
VF,FSAM,10,178,10_178.png,0.8940895646307924
VF,FSAM,10,179,10_179.png,0.9094055260954508
VF,FSAM,10,180,10_180.png,0.8998481012658228
VF,FSAM,10,181,10_181.png,0.9167714006423684
VF,FSAM,10,182,10_182.png,0.7668436978941517
VF,FSAM,10,183,10_183.png,0.8720537456838312
VF,FSAM,10,184,10_184.png,0.8114908292835867
VF,FSAM,10,185,10_185.png,0.9200161257810925
VF,FSAM,10,186,10_186.png,0.8900585254723281
VF,FSAM,10,187,10_187.png,0.9373752397354104
VF,FSAM,10,188,10_188.png,0.9455211726384365
VF,FSAM,10,189,10_189.png,0.9422215473388506
VF,FSAM,10,190,10_190.png,0.8691578318650142
VF,FSAM,10,191,10_191.png,0.36118437019658606
VF,FSAM,10,192,10_192.png,0.8515534025804649
VF,FSAM,10,193,10_193.png,0.8008836667314042
VF,FSAM,10,194,10_194.png,0.861063203814548
VF,FSAM,10,195,10_195.png,0.8305004273098471
VF,FSAM,10,196,10_196.png,0.8329218919719562
VF,FSAM,10,197,10_197.png,0.6035164663037945
VF,FSAM,10,198,10_198.png,0.8519039178534319
VF,FSAM,10,199,10_199.png,0.541058394160584
VF,FSAM,10,200,10_200.png,0.5346448359584137
VF,FSAM,10,201,10_201.png,0.3133657673595754
VF,FSAM,10,202,10_202.png,0.7072007445034705
VF,FSAM,10,203,10_203.png,0.8257518441460185
VF,FSAM,10,204,10_204.png,0.7452111142476913
VF,FSAM,10,205,10_205.png,0.9464530265680635
VF,FSAM,10,206,10_206.png,0.7652097768978908
VF,FSAM,11,0,11_000.png,0.955410052286966
VF,FSAM,11,1,11_001.png,0.7084422975004127
VF,FSAM,11,2,11_002.png,0.5743668946581354
VF,FSAM,11,3,11_003.png,0.3957508979119742
VF,FSAM,11,4,11_004.png,0.4987389555584861
VF,FSAM,11,5,11_005.png,0.4837648340178349
VF,FSAM,11,6,11_006.png,0.43880238448740233
VF,FSAM,11,7,11_007.png,0.446974449530271
VF,FSAM,11,8,11_008.png,0.6942049111486234
VF,FSAM,11,9,11_009.png,0.6086019027553742
VF,FSAM,11,10,11_010.png,0.6672857003225491
VF,FSAM,11,11,11_011.png,0.6515916109888779
VF,FSAM,11,12,11_012.png,0.599212426164953
VF,FSAM,11,13,11_013.png,0.5297392652112288
VF,FSAM,11,14,11_014.png,0.7039895628912546
VF,FSAM,11,15,11_015.png,0.6581259378072127
VF,FSAM,11,16,11_016.png,0.2793543968315416
VF,FSAM,11,17,11_017.png,0.23508947968780322
VF,FSAM,11,18,11_018.png,0.3309918371043065
VF,FSAM,11,19,11_019.png,0.2919112750371395
VF,FSAM,11,20,11_020.png,0.2747444920659949
VF,FSAM,11,21,11_021.png,0.25566725274135316
VF,FSAM,11,22,11_022.png,0.27659920503262486
VF,FSAM,11,23,11_023.png,0.43381663320388214
VF,FSAM,11,24,11_024.png,0.44551700816207324
VF,FSAM,11,25,11_025.png,0.5056264322604919
VF,FSAM,11,26,11_026.png,0.5159415517596213
VF,FSAM,11,27,11_027.png,0.34503582963662477
VF,FSAM,11,28,11_028.png,0.6373039351309937
VF,FSAM,11,29,11_029.png,0.511469892190376
VF,FSAM,11,30,11_030.png,0.5297379307333792
VF,FSAM,11,31,11_031.png,0.5041596643041304
VF,FSAM,11,32,11_032.png,0.5872855034473644
VF,FSAM,11,33,11_033.png,0.3101024918265405
VF,FSAM,11,34,11_034.png,0.32727341056211656
VF,FSAM,11,35,11_035.png,0.2817200913601638
VF,FSAM,11,36,11_036.png,0.29700110596214135
VF,FSAM,11,37,11_037.png,0.17129696354758184
VF,FSAM,11,38,11_038.png,0.3140951602490064
VF,FSAM,11,39,11_039.png,0.40266186525219594
VF,FSAM,11,40,11_040.png,0.6119192583111357
VF,FSAM,11,41,11_041.png,0.65360397968413
VF,FSAM,11,42,11_042.png,0.6088158064654987
VF,FSAM,11,43,11_043.png,0.48320694318434704
VF,FSAM,11,44,11_044.png,0.629702655727288
VF,FSAM,11,45,11_045.png,0.4082646162414716
VF,FSAM,11,46,11_046.png,0.14031005409325797
VF,FSAM,11,47,11_047.png,0.3836156486965707
VF,FSAM,11,48,11_048.png,0.4409694819298326
VF,FSAM,11,49,11_049.png,0.29646900111443486
VF,FSAM,11,50,11_050.png,0.3596422209493356
VF,FSAM,11,51,11_051.png,0.40126496683901725
VF,FSAM,11,52,11_052.png,0.4546926067628061
VF,FSAM,11,53,11_053.png,0.5196465032185664
VF,FSAM,11,54,11_054.png,0.38701200918570944
VF,FSAM,11,55,11_055.png,0.30657178438000354
VF,FSAM,11,56,11_056.png,0.4092885138720112
VF,FSAM,11,57,11_057.png,0.3010491404928826
VF,FSAM,11,58,11_058.png,0.39259919677400884
VF,FSAM,11,59,11_059.png,0.4163607066389034
VF,FSAM,11,60,11_060.png,0.3515938948387868
VF,FSAM,11,61,11_061.png,0.2722100790554205
VF,FSAM,11,62,11_062.png,0.27522536181943486
VF,FSAM,11,63,11_063.png,0.3586920661298403
VF,FSAM,11,64,11_064.png,0.4120107559008067
VF,FSAM,11,65,11_065.png,0.6455971133972466
VF,FSAM,11,66,11_066.png,0.49962584690059664
VF,FSAM,11,67,11_067.png,0.44599873614063307
VF,FSAM,11,68,11_068.png,0.47408198161601467
VF,FSAM,11,69,11_069.png,0.33313515337521893
VF,FSAM,11,70,11_070.png,0.41667768813648987
VF,FSAM,11,71,11_071.png,0.507257456118292
VF,FSAM,11,72,11_072.png,0.35128655301957673
VF,FSAM,11,73,11_073.png,0.5207932960893855
VF,FSAM,11,74,11_074.png,0.45263497884931964
VF,FSAM,11,75,11_075.png,0.5204589613584888
VF,FSAM,11,76,11_076.png,0.5002024154915323
VF,FSAM,11,77,11_077.png,0.5104501607717041
VF,FSAM,11,78,11_078.png,0.4267388088267243
VF,FSAM,11,79,11_079.png,0.61986364701096
VF,FSAM,11,80,11_080.png,0.5668233561760209
VF,FSAM,11,81,11_081.png,0.5339620823654095
VF,FSAM,11,82,11_082.png,0.6877358490566038
VF,FSAM,11,83,11_083.png,0.6473767885532591
VF,FSAM,11,84,11_084.png,0.5412786052446427
VF,FSAM,11,85,11_085.png,0.42984170902128255
VF,FSAM,11,86,11_086.png,0.3931513056767395
VF,FSAM,11,87,11_087.png,0.38516478213418665
VF,FSAM,11,88,11_088.png,0.3031090428421396
VF,FSAM,11,89,11_089.png,0.39947217499429033
VF,FSAM,11,90,11_090.png,0.43925891698021874
VF,FSAM,11,91,11_091.png,0.3286293992312387
VF,FSAM,11,92,11_092.png,0.6196125430465586
VF,FSAM,11,93,11_093.png,0.31301851629193217
VF,FSAM,11,94,11_094.png,0.27095952342296215
VF,FSAM,11,95,11_095.png,0.24353463218470497
VF,FSAM,11,96,11_096.png,0.2356680693181304
VF,FSAM,11,97,11_097.png,0.18115892319904353
VF,FSAM,11,98,11_098.png,0.1019917093318741
VF,FSAM,11,99,11_099.png,0.15143177417711198
VF,FSAM,11,100,11_100.png,0.16328572115615833
VF,FSAM,11,101,11_101.png,0.08128908995872461
VF,FSAM,11,102,11_102.png,0.01226474576563971
VF,FSAM,11,103,11_103.png,0.03549418256519857
VF,FSAM,11,104,11_104.png,0.0362671564875759
VF,FSAM,11,105,11_105.png,0.06352182637586763
VF,FSAM,11,106,11_106.png,0.024746032866928284
VF,FSAM,11,107,11_107.png,0.11483159346070514
VF,FSAM,11,108,11_108.png,0.1717676452217364
VF,FSAM,11,109,11_109.png,0.1778495919373391
VF,FSAM,11,110,11_110.png,0.2151744739282832
VF,FSAM,11,111,11_111.png,0.1964570846735936
VF,FSAM,11,112,11_112.png,0.1874236797381507
VF,FSAM,11,113,11_113.png,0.20828283618072116
VF,FSAM,11,114,11_114.png,0.14388041108688882
VF,FSAM,11,115,11_115.png,0.12234491426519437
VF,FSAM,11,116,11_116.png,0.05407538817095798
VF,FSAM,11,117,11_117.png,0.041105771178954364
VF,FSAM,11,118,11_118.png,0.13047613821361284
VF,FSAM,11,119,11_119.png,0.13223818166741907
VF,FSAM,11,120,11_120.png,0.13841755619999588
VF,FSAM,11,121,11_121.png,0.144678833368643
VF,FSAM,11,122,11_122.png,0.11668071865031421
VF,FSAM,11,123,11_123.png,0.12603461249059444
VF,FSAM,11,124,11_124.png,0.03933214904584936
VF,FSAM,11,125,11_125.png,0.043800583944382625
VF,FSAM,11,126,11_126.png,0.06013195950831526
VF,FSAM,11,127,11_127.png,0.16711332710086216
VF,FSAM,11,128,11_128.png,0.11517264999844319
VF,FSAM,11,129,11_129.png,0.1462308322603301
VF,FSAM,11,130,11_130.png,0.11291855745943578
VF,FSAM,11,131,11_131.png,0.10575693937180423
VF,FSAM,11,132,11_132.png,0.1083042192958882
VF,FSAM,11,133,11_133.png,0.1148762378352515
VF,FSAM,11,134,11_134.png,0.13692012129659278
VF,FSAM,11,135,11_135.png,0.15822335887471403
VF,FSAM,11,136,11_136.png,0.1662473615760186
VF,FSAM,11,137,11_137.png,0.172284095349746
VF,FSAM,11,138,11_138.png,0.10137116588729492
VF,FSAM,11,139,11_139.png,0.15842637478339072
VF,FSAM,11,140,11_140.png,0.1442146509093957
VF,FSAM,11,141,11_141.png,0.1393829082695555
VF,FSAM,11,142,11_142.png,0.15602275594705572
VF,FSAM,11,143,11_143.png,0.1478248498582418
VF,FSAM,11,144,11_144.png,0.12045206246614582
VF,FSAM,11,145,11_145.png,0.13936398839293673
VF,FSAM,11,146,11_146.png,0.13736304217406406
VF,FSAM,11,147,11_147.png,0.10112407301162321
VF,FSAM,11,148,11_148.png,0.1465504675038004
VF,FSAM,11,149,11_149.png,0.14428574510776931
VF,FSAM,11,150,11_150.png,0.1416106308037144
VF,FSAM,11,151,11_151.png,0.09982048980638543
VF,FSAM,11,152,11_152.png,0.11906790444471492
VF,FSAM,11,153,11_153.png,0.23096764499649405
VF,FSAM,11,154,11_154.png,0.2445708048282077
VF,FSAM,11,155,11_155.png,0.22804874977966913
VF,FSAM,11,156,11_156.png,0.22505664699584174
VF,FSAM,11,157,11_157.png,0.179403940136182
VF,FSAM,11,158,11_158.png,0.18845711764637588
VF,FSAM,11,159,11_159.png,0.21454368113038436
VF,FSAM,11,160,11_160.png,0.06606467724965603
VF,FSAM,11,161,11_161.png,0.05519385301190686
VF,FSAM,11,162,11_162.png,0.16762112877703264
VF,FSAM,11,163,11_163.png,0.16027177238425455
VF,FSAM,11,164,11_164.png,0.15620955277145981
VF,FSAM,11,165,11_165.png,0.19828222505535797
VF,FSAM,11,166,11_166.png,0.21495417136880351
VF,FSAM,11,167,11_167.png,0.13116126921818777
VF,FSAM,11,168,11_168.png,0.07009835984647472
VF,FSAM,11,169,11_169.png,0.1965593886864914
VF,FSAM,11,170,11_170.png,0.21759228154100432
VF,FSAM,11,171,11_171.png,0.22019400585180696
VF,FSAM,11,172,11_172.png,0.21205176220688113
VF,FSAM,11,173,11_173.png,0.20800918250223185
VF,FSAM,11,174,11_174.png,0.15617798262719376
VF,FSAM,11,175,11_175.png,0.21331694816191346
VF,FSAM,11,176,11_176.png,0.20458503075325504
VF,FSAM,11,177,11_177.png,0.19823886575325048
VF,FSAM,11,178,11_178.png,0.23067366096079514
VF,FSAM,11,179,11_179.png,0.10449328562799126
VF,FSAM,11,180,11_180.png,0.2565856338415053
VF,FSAM,11,181,11_181.png,0.264
VF,FSAM,11,182,11_182.png,0.2800406547884873
VF,FSAM,11,183,11_183.png,0.27629169293584316
VF,FSAM,11,184,11_184.png,0.28506734105746045
VF,FSAM,11,185,11_185.png,0.3599965969031819
VF,FSAM,11,186,11_186.png,0.34713910860249564
VF,FSAM,11,187,11_187.png,0.36947215419230234
VF,FSAM,11,188,11_188.png,0.40938153075793005
VF,FSAM,11,189,11_189.png,0.5861973103520173
VF,FSAM,11,190,11_190.png,0.8229759741570766
VF,FSAM,11,191,11_191.png,0.5348821057749071
VF,FSAM,11,192,11_192.png,0.27640354068145995
VF,FSAM,11,193,11_193.png,0.10762114087098752
VF,FSAM,11,194,11_194.png,0.17381508006759475
VF,FSAM,11,195,11_195.png,0.23236410243522404
VF,FSAM,11,196,11_196.png,0.2814865977738225
VF,FSAM,11,197,11_197.png,0.017041629263913824
VF,FSAM,11,198,11_198.png,0.0
VF,FSAM,11,199,11_199.png,0.005527475200691948
VF,FSAM,11,200,11_200.png,0.0038245219347581554
VF,FSAM,2,0,2_000.png,0.847347556901697
VF,FSAM,2,1,2_001.png,0.8576591681803363
VF,FSAM,2,2,2_002.png,0.8992485210254224
VF,FSAM,2,3,2_003.png,0.7935426684151732
VF,FSAM,2,4,2_004.png,0.7849352743136232
VF,FSAM,2,5,2_005.png,0.8345970157308221
VF,FSAM,2,6,2_006.png,0.5047972792375967
VF,FSAM,2,7,2_007.png,0.6867459190915542
VF,FSAM,2,8,2_008.png,0.7758469400044734
VF,FSAM,2,9,2_009.png,0.8246303482831459
VF,FSAM,2,10,2_010.png,0.7557400093714439
VF,FSAM,2,11,2_011.png,0.7739766660075144
VF,FSAM,2,12,2_012.png,0.8593838647452626
VF,FSAM,2,13,2_013.png,0.8929804090155377
VF,FSAM,2,14,2_014.png,0.8375629069573306
VF,FSAM,2,15,2_015.png,0.7846533613445378
VF,FSAM,2,16,2_016.png,0.8011906490489328
VF,FSAM,2,17,2_017.png,0.8828887379959259
VF,FSAM,2,18,2_018.png,0.8851329176238923
VF,FSAM,2,19,2_019.png,0.8985548163963932
VF,FSAM,2,20,2_020.png,0.9004690324576975
VF,FSAM,2,21,2_021.png,0.8989482000123924
VF,FSAM,2,22,2_022.png,0.8981171135646687
VF,FSAM,2,23,2_023.png,0.8430949860456164
VF,FSAM,2,24,2_024.png,0.9379631566777146
VF,FSAM,2,25,2_025.png,0.9303584722629549
VF,FSAM,2,26,2_026.png,0.8884569762622726
VF,FSAM,2,27,2_027.png,0.8686100761923942
VF,FSAM,2,28,2_028.png,0.8379750867011112
VF,FSAM,2,29,2_029.png,0.38522337646868643
VF,FSAM,2,30,2_030.png,0.8353816570520859
VF,FSAM,2,31,2_031.png,0.8626054533993214
VF,FSAM,2,32,2_032.png,0.6450033403398999
VF,FSAM,2,33,2_033.png,0.8751718840387296
VF,FSAM,2,34,2_034.png,0.8817391770827745
VF,FSAM,2,35,2_035.png,0.8664833566877297
VF,FSAM,2,36,2_036.png,0.8407421174618446
VF,FSAM,2,37,2_037.png,0.8709601690273104
VF,FSAM,2,38,2_038.png,0.8603860645443128
VF,FSAM,2,39,2_039.png,0.8491441548792285
VF,FSAM,2,40,2_040.png,0.8727096445532677
VF,FSAM,2,41,2_041.png,0.8516999915633173
VF,FSAM,2,42,2_042.png,0.8415041874937932
VF,FSAM,2,43,2_043.png,0.8395316692414018
VF,FSAM,2,44,2_044.png,0.8427407528108196
VF,FSAM,2,45,2_045.png,0.7971064023695603
VF,FSAM,2,46,2_046.png,0.8739618539717047
VF,FSAM,2,47,2_047.png,0.9122452154971216
VF,FSAM,2,48,2_048.png,0.9056151979829055
VF,FSAM,2,49,2_049.png,0.9239660383663179
VF,FSAM,2,50,2_050.png,0.9073290703393999
VF,FSAM,2,51,2_051.png,0.9125559617201298
VF,FSAM,2,52,2_052.png,0.9099804029381494
VF,FSAM,2,53,2_053.png,0.8775981524249422
VF,FSAM,2,54,2_054.png,0.8617679666559075
VF,FSAM,2,55,2_055.png,0.9256276098833083
VF,FSAM,2,56,2_056.png,0.9147636295801141
VF,FSAM,2,57,2_057.png,0.925244476638899
VF,FSAM,2,58,2_058.png,0.5787614414861799
VF,FSAM,2,59,2_059.png,0.9029179970838486
VF,FSAM,2,60,2_060.png,0.9112507609123787
VF,FSAM,2,61,2_061.png,0.9248457932395756
VF,FSAM,2,62,2_062.png,0.895648545909695
VF,FSAM,2,63,2_063.png,0.903503070873818
VF,FSAM,2,64,2_064.png,0.9125262080062412
VF,FSAM,2,65,2_065.png,0.9025488821608078
VF,FSAM,2,66,2_066.png,0.894507295411292
VF,FSAM,2,67,2_067.png,0.8747885543348587
VF,FSAM,2,68,2_068.png,0.8014812701048044
VF,FSAM,2,69,2_069.png,0.7999894583340654
VF,FSAM,2,70,2_070.png,0.8000930430905814
VF,FSAM,2,71,2_071.png,0.8303155056834742
VF,FSAM,2,72,2_072.png,0.9255660030466986
VF,FSAM,2,73,2_073.png,0.7928953621553242
VF,FSAM,2,74,2_074.png,0.8291101321585903
VF,FSAM,2,75,2_075.png,0.8427072097522558
VF,FSAM,2,76,2_076.png,0.851989082536633
VF,FSAM,2,77,2_077.png,0.8778026774295737
VF,FSAM,2,78,2_078.png,0.9115611832913454
VF,FSAM,2,79,2_079.png,0.9225382003395586
VF,FSAM,2,80,2_080.png,0.8974556876822976
VF,FSAM,2,81,2_081.png,0.9180630568250011
VF,FSAM,2,82,2_082.png,0.912883435582822
VF,FSAM,2,83,2_083.png,0.9247297269148249
VF,FSAM,2,84,2_084.png,0.9337256519945278
VF,FSAM,2,85,2_085.png,0.8876872223943807
VF,FSAM,2,86,2_086.png,0.9277411211199724
VF,FSAM,2,87,2_087.png,0.8975135500474414
VF,FSAM,2,88,2_088.png,0.43762315961486087
VF,FSAM,2,89,2_089.png,0.868933476762858
VF,FSAM,2,90,2_090.png,0.8578957405128027
VF,FSAM,2,91,2_091.png,0.8632713321171315
VF,FSAM,2,92,2_092.png,0.8751044609813363
VF,FSAM,2,93,2_093.png,0.9047262049792272
VF,FSAM,2,94,2_094.png,0.9179811563965927
VF,FSAM,2,95,2_095.png,0.8720745341614907
VF,FSAM,2,96,2_096.png,0.8738988842026587
VF,FSAM,2,97,2_097.png,0.8813333505801394
VF,FSAM,2,98,2_098.png,0.8686267889145737
VF,FSAM,2,99,2_099.png,0.8823396003900846
VF,FSAM,2,100,2_100.png,0.8664925663757359
VF,FSAM,2,101,2_101.png,0.863929746965645
VF,FSAM,2,102,2_102.png,0.8553416879092699
VF,FSAM,2,103,2_103.png,0.9264393768344998
VF,FSAM,2,104,2_104.png,0.9071145246456633
VF,FSAM,2,105,2_105.png,0.8512223786338805
VF,FSAM,2,106,2_106.png,0.9226075349369365
VF,FSAM,2,107,2_107.png,0.8580780984719865
VF,FSAM,2,108,2_108.png,0.64480494399382
VF,FSAM,2,109,2_109.png,0.2986734966932987
VF,FSAM,2,110,2_110.png,0.532457691336196
VF,FSAM,2,111,2_111.png,0.841818744200433
VF,FSAM,2,112,2_112.png,0.8331898549764917
VF,FSAM,2,113,2_113.png,0.8644314868804664
VF,FSAM,2,114,2_114.png,0.3367923088661682
VF,FSAM,2,115,2_115.png,0.729847636410991
VF,FSAM,2,116,2_116.png,0.897783067995834
VF,FSAM,2,117,2_117.png,0.7412058508740635
VF,FSAM,2,118,2_118.png,0.7886456908344733
VF,FSAM,2,119,2_119.png,0.7278768412891793
VF,FSAM,2,120,2_120.png,0.853218941207768
VF,FSAM,2,121,2_121.png,0.775462481812513
VF,FSAM,2,122,2_122.png,0.7934725018544029
VF,FSAM,2,123,2_123.png,0.7053843882271877
VF,FSAM,2,124,2_124.png,0.7854654056744649
VF,FSAM,2,125,2_125.png,0.7124183006535948
VF,FSAM,2,126,2_126.png,0.7671064400715564
VF,FSAM,2,127,2_127.png,0.2982406925019036
VF,FSAM,2,128,2_128.png,0.2848900723747098
VF,FSAM,2,129,2_129.png,0.2864566850442227
VF,FSAM,2,130,2_130.png,0.7568018480492813
VF,FSAM,2,131,2_131.png,0.8929203092627217
VF,FSAM,2,132,2_132.png,0.9185043144774688
VF,FSAM,2,133,2_133.png,0.8769941225860621
VF,FSAM,2,134,2_134.png,0.8732484076433121
VF,FSAM,2,135,2_135.png,0.7481971153846154
VF,FSAM,2,136,2_136.png,0.11840480347485415
VF,FSAM,2,137,2_137.png,0.09947792685565895
VF,FSAM,2,138,2_138.png,0.732794096778771
VF,FSAM,2,139,2_139.png,0.5128833282295814
VF,FSAM,2,140,2_140.png,0.1678441678905465
VF,FSAM,2,141,2_141.png,0.21403305821894952
VF,FSAM,2,142,2_142.png,0.1613292472706378
VF,FSAM,2,143,2_143.png,0.808802074890582
VF,FSAM,2,144,2_144.png,0.726915671929149
VF,FSAM,2,145,2_145.png,0.664371653105223
VF,FSAM,2,146,2_146.png,0.4897656481756155
VF,FSAM,2,147,2_147.png,0.20651587777112043
VF,FSAM,2,148,2_148.png,0.532473563875393
VF,FSAM,2,149,2_149.png,0.723196448390677
VF,FSAM,2,150,2_150.png,0.8021140717903545
VF,FSAM,2,151,2_151.png,0.813165227719154
VF,FSAM,2,152,2_152.png,0.7655071248952221
VF,FSAM,2,153,2_153.png,0.7944339485539893
VF,FSAM,2,154,2_154.png,0.808623188405797
VF,FSAM,2,155,2_155.png,0.3134595114797672
VF,FSAM,2,156,2_156.png,0.4121913313762735
VF,FSAM,2,157,2_157.png,0.27654970320835526
VF,FSAM,2,158,2_158.png,0.7369140867835385
VF,FSAM,2,159,2_159.png,0.8302657526528312
VF,FSAM,2,160,2_160.png,0.8969942253590643
VF,FSAM,2,161,2_161.png,0.8282191780821918
VF,FSAM,2,162,2_162.png,0.8149937655860349
VF,FSAM,2,163,2_163.png,0.8347345232207886
VF,FSAM,2,164,2_164.png,0.2910968910705937
VF,FSAM,2,165,2_165.png,0.24021958086442297
VF,FSAM,2,166,2_166.png,0.24588067662854846
VF,FSAM,2,167,2_167.png,0.6116001916397173
VF,FSAM,2,168,2_168.png,0.626061157947302
VF,FSAM,2,169,2_169.png,0.8907662800255731
VF,FSAM,2,170,2_170.png,0.860042550744638
VF,FSAM,2,171,2_171.png,0.809527135573095
VF,FSAM,2,172,2_172.png,0.08988429850391125
VF,FSAM,2,173,2_173.png,0.49530112508272667
VF,FSAM,2,174,2_174.png,0.16557198694443326
VF,FSAM,2,175,2_175.png,0.6278158205430933
VF,FSAM,2,176,2_176.png,0.7839564600094652
VF,FSAM,2,177,2_177.png,0.6139549325762953
VF,FSAM,2,178,2_178.png,0.4781953470848639
VF,FSAM,2,179,2_179.png,0.7987973697871604
VF,FSAM,2,180,2_180.png,0.7643161219445207
VF,FSAM,2,181,2_181.png,0.7570598268999937
VF,FSAM,2,182,2_182.png,0.48720914946759564
VF,FSAM,2,183,2_183.png,0.8230590906940436
VF,FSAM,2,184,2_184.png,0.3000984833563128
VF,FSAM,2,185,2_185.png,0.5444269780672206
VF,FSAM,2,186,2_186.png,0.47258035553959415
VF,FSAM,2,187,2_187.png,0.7781191222570533
VF,FSAM,2,188,2_188.png,0.5279171752791717
VF,FSAM,2,189,2_189.png,0.6644363018427062
VF,FSAM,2,190,2_190.png,0.914432782940036
VF,FSAM,2,191,2_191.png,0.8478040754334895
VF,FSAM,2,192,2_192.png,0.8639442097498826
VF,FSAM,2,193,2_193.png,0.8443193110301425
VF,FSAM,2,194,2_194.png,0.9028362057266929
VF,FSAM,2,195,2_195.png,0.9058389986657348
VF,FSAM,2,196,2_196.png,0.23662038873462912
VF,FSAM,2,197,2_197.png,0.26582608048798634
VF,FSAM,2,198,2_198.png,0.19797772022651516
VF,FSAM,2,199,2_199.png,0.3754988111237465
VF,FSAM,2,200,2_200.png,0.7867749041364118
VF,FSAM,2,201,2_201.png,0.7600851594905114
VF,FSAM,2,202,2_202.png,0.3671372796466459
VF,FSAM,2,203,2_203.png,0.6146560319042872
VF,FSAM,2,204,2_204.png,0.7258977876261827
VF,FSAM,2,205,2_205.png,0.9164542350055312
VF,FSAM,2,206,2_206.png,0.902951524628616
VF,FSAM,2,207,2_207.png,0.9138524219103666
VF,FSAM,2,208,2_208.png,0.8567618381356302
VF,FSAM,2,209,2_209.png,0.868109517601043
VF,FSAM,2,210,2_210.png,0.7247725500389914
VF,FSAM,2,211,2_211.png,0.7676282051282052
VF,FSAM,2,212,2_212.png,0.8918123008593222
VF,FSAM,2,213,2_213.png,0.8960266598308126
VF,FSAM,2,214,2_214.png,0.795479755962285
VF,FSAM,2,215,2_215.png,0.8711256117455138
VF,FSAM,2,216,2_216.png,0.5314687581021519
VF,FSAM,2,217,2_217.png,0.7862913469844012
VF,FSAM,2,218,2_218.png,0.8517046911048449
VF,FSAM,2,219,2_219.png,0.9069400630914827
VF,FSAM,2,220,2_220.png,0.7966734753428655
VF,FSAM,2,221,2_221.png,0.8511460048119539
VF,FSAM,2,222,2_222.png,0.28418482764799424
VF,FSAM,2,223,2_223.png,0.27156605044207416
VF,FSAM,2,224,2_224.png,0.6269399862280841
VF,FSAM,2,225,2_225.png,0.26157644824311493
VF,FSAM,2,226,2_226.png,0.9088137472283814
VF,FSAM,2,227,2_227.png,0.9021260440394837
VF,FSAM,2,228,2_228.png,0.8551466822737581
VF,FSAM,2,229,2_229.png,0.8608629247804506
VF,FSAM,2,230,2_230.png,0.8241828215650205
VF,FSAM,2,231,2_231.png,0.782766838078515
VF,FSAM,3,0,3_000.png,0.8929917669546275
VF,FSAM,3,1,3_001.png,0.9069572248891983
VF,FSAM,3,2,3_002.png,0.9058840404495764
VF,FSAM,3,3,3_003.png,0.7966344564059228
VF,FSAM,3,4,3_004.png,0.7007828503914252
VF,FSAM,3,5,3_005.png,0.785643011687529
VF,FSAM,3,6,3_006.png,0.7330106180556241
VF,FSAM,3,7,3_007.png,0.6989378452912962
VF,FSAM,3,8,3_008.png,0.791883297634437
VF,FSAM,3,9,3_009.png,0.8057662258470216
VF,FSAM,3,10,3_010.png,0.7715619200116453
VF,FSAM,3,11,3_011.png,0.808088811641618
VF,FSAM,3,12,3_012.png,0.9097446161829571
VF,FSAM,3,13,3_013.png,0.8875544930389537
VF,FSAM,3,14,3_014.png,0.8990414052697616
VF,FSAM,3,15,3_015.png,0.9116962331796806
VF,FSAM,3,16,3_016.png,0.9292774770534243
VF,FSAM,3,17,3_017.png,0.8991967014999644
VF,FSAM,3,18,3_018.png,0.9098640786830503
VF,FSAM,3,19,3_019.png,0.8375643245765938
VF,FSAM,3,20,3_020.png,0.8287763576551799
VF,FSAM,3,21,3_021.png,0.9465664008220553
VF,FSAM,3,22,3_022.png,0.9329562369752903
VF,FSAM,3,23,3_023.png,0.9570988737947984
VF,FSAM,3,24,3_024.png,0.9447448161131246
VF,FSAM,3,25,3_025.png,0.8685444414243001
VF,FSAM,3,26,3_026.png,0.9523365212658425
VF,FSAM,3,27,3_027.png,0.7883587562907189
VF,FSAM,3,28,3_028.png,0.9583546202145717
VF,FSAM,3,29,3_029.png,0.7287190963341859
VF,FSAM,3,30,3_030.png,0.8009866708320317
VF,FSAM,3,31,3_031.png,0.803861757145954
VF,FSAM,3,32,3_032.png,0.8794010785799241
VF,FSAM,3,33,3_033.png,0.4034492202737134
VF,FSAM,3,34,3_034.png,0.4206782506086971
VF,FSAM,3,35,3_035.png,0.7272756638025712
VF,FSAM,3,36,3_036.png,0.9608822489391796
VF,FSAM,3,37,3_037.png,0.9499856993040328
VF,FSAM,3,38,3_038.png,0.9643054677623262
VF,FSAM,3,39,3_039.png,0.9243419634000833
VF,FSAM,3,40,3_040.png,0.8901155390188975
VF,FSAM,3,41,3_041.png,0.8887759206292456
VF,FSAM,3,42,3_042.png,0.919448662078757
VF,FSAM,3,43,3_043.png,0.9231672354948806
VF,FSAM,3,44,3_044.png,0.9285637419052623
VF,FSAM,3,45,3_045.png,0.9412329947819605
VF,FSAM,3,46,3_046.png,0.924810594002674
VF,FSAM,3,47,3_047.png,0.9342053273383746
VF,FSAM,3,48,3_048.png,0.951296965301122
VF,FSAM,3,49,3_049.png,0.9381801070525263
VF,FSAM,3,50,3_050.png,0.9489498133883904
VF,FSAM,3,51,3_051.png,0.9441694109436678
VF,FSAM,3,52,3_052.png,0.9403573166091049
VF,FSAM,3,53,3_053.png,0.9425676603300415
VF,FSAM,3,54,3_054.png,0.9391920905167787
VF,FSAM,3,55,3_055.png,0.9372275786113626
VF,FSAM,3,56,3_056.png,0.9412765364795767
VF,FSAM,3,57,3_057.png,0.9328489927918284
VF,FSAM,3,58,3_058.png,0.938485375665978
VF,FSAM,3,59,3_059.png,0.9324033157149871
VF,FSAM,3,60,3_060.png,0.9224069026294756
VF,FSAM,3,61,3_061.png,0.927991497880649
VF,FSAM,3,62,3_062.png,0.930663274970909
VF,FSAM,3,63,3_063.png,0.922131515205885
VF,FSAM,3,64,3_064.png,0.9199667666945432
VF,FSAM,3,65,3_065.png,0.9315264598628401
VF,FSAM,3,66,3_066.png,0.9016928238803952
VF,FSAM,3,67,3_067.png,0.925007442930825
VF,FSAM,3,68,3_068.png,0.9107397975029505
VF,FSAM,3,69,3_069.png,0.9034694028806008
VF,FSAM,3,70,3_070.png,0.9141050583657587
VF,FSAM,3,71,3_071.png,0.919224322814353
VF,FSAM,3,72,3_072.png,0.9048998551520903
VF,FSAM,3,73,3_073.png,0.9150044891995142
VF,FSAM,3,74,3_074.png,0.9161490944236669
VF,FSAM,3,75,3_075.png,0.9094539639763956
VF,FSAM,3,76,3_076.png,0.9326166268496398
VF,FSAM,3,77,3_077.png,0.9395258786056513
VF,FSAM,3,78,3_078.png,0.9048931364617044
VF,FSAM,3,79,3_079.png,0.9172290559836628
VF,FSAM,3,80,3_080.png,0.8886646070402243
VF,FSAM,3,81,3_081.png,0.9121256583578583
VF,FSAM,3,82,3_082.png,0.9104857229872664
VF,FSAM,3,83,3_083.png,0.9217360504024357
VF,FSAM,3,84,3_084.png,0.9234147515341115
VF,FSAM,3,85,3_085.png,0.9119300379667514
VF,FSAM,3,86,3_086.png,0.9221910585623532
VF,FSAM,3,87,3_087.png,0.8556548520213512
VF,FSAM,3,88,3_088.png,0.7795895340117099
VF,FSAM,3,89,3_089.png,0.6923637396496471
VF,FSAM,3,90,3_090.png,0.8554351365179775
VF,FSAM,3,91,3_091.png,0.8919340497038566
VF,FSAM,3,92,3_092.png,0.9042987530936204
VF,FSAM,3,93,3_093.png,0.9449662964735115
VF,FSAM,3,94,3_094.png,0.9098404511924497
VF,FSAM,3,95,3_095.png,0.9212896323672437
VF,FSAM,3,96,3_096.png,0.66710287111334
VF,FSAM,3,97,3_097.png,0.8967334035827187
VF,FSAM,3,98,3_098.png,0.8113898756660746
VF,FSAM,3,99,3_099.png,0.9259335476956055
VF,FSAM,3,100,3_100.png,0.9166130567921567
VF,FSAM,3,101,3_101.png,0.9213149175790464
VF,FSAM,3,102,3_102.png,0.9227397818774845
VF,FSAM,3,103,3_103.png,0.9315091171392759
VF,FSAM,3,104,3_104.png,0.9446979965925908
VF,FSAM,3,105,3_105.png,0.9351670877627878
VF,FSAM,3,106,3_106.png,0.9362801170365197
VF,FSAM,3,107,3_107.png,0.9390415343483663
VF,FSAM,3,108,3_108.png,0.9393152827593646
VF,FSAM,3,109,3_109.png,0.9348485757921343
VF,FSAM,3,110,3_110.png,0.9407772121616735
VF,FSAM,3,111,3_111.png,0.9284583992670942
VF,FSAM,3,112,3_112.png,0.9229684108994454
VF,FSAM,3,113,3_113.png,0.9177011853792366
VF,FSAM,3,114,3_114.png,0.4788795686039545
VF,FSAM,3,115,3_115.png,0.8361388113282808
VF,FSAM,3,116,3_116.png,0.824729762514489
VF,FSAM,3,117,3_117.png,0.9003126570264084
VF,FSAM,3,118,3_118.png,0.9158805935810422
VF,FSAM,3,119,3_119.png,0.9235982747997535
VF,FSAM,3,120,3_120.png,0.9230097765363129
VF,FSAM,3,121,3_121.png,0.9205838985549986
VF,FSAM,3,122,3_122.png,0.8168557101868984
VF,FSAM,3,123,3_123.png,0.943632176520994
VF,FSAM,3,124,3_124.png,0.8611570644225467
VF,FSAM,3,125,3_125.png,0.8654034551145732
VF,FSAM,3,126,3_126.png,0.8892284556986587
VF,FSAM,3,127,3_127.png,0.8821524111645084
VF,FSAM,3,128,3_128.png,0.9194866111698152
VF,FSAM,3,129,3_129.png,0.9480671117090134
VF,FSAM,3,130,3_130.png,0.9103853406178988
VF,FSAM,3,131,3_131.png,0.9242734867510635
VF,FSAM,3,132,3_132.png,0.9550589125499946
VF,FSAM,3,133,3_133.png,0.49330688391532146
VF,FSAM,3,134,3_134.png,0.9410410820695526
VF,FSAM,3,135,3_135.png,0.692571606799397
VF,FSAM,3,136,3_136.png,0.0001709357879712486
VF,FSAM,3,137,3_137.png,0.004797143405387818
VF,FSAM,3,138,3_138.png,0.0
VF,FSAM,3,139,3_139.png,0.05862160021124901
VF,FSAM,3,140,3_140.png,0.9024131127636971
VF,FSAM,3,141,3_141.png,0.9367294805819851
VF,FSAM,3,142,3_142.png,0.8840995481603672
VF,FSAM,3,143,3_143.png,0.5627929568913176
VF,FSAM,3,144,3_144.png,0.4682907230011208
VF,FSAM,3,145,3_145.png,0.8987967970485893
VF,FSAM,3,146,3_146.png,0.8191850950442701
VF,FSAM,3,147,3_147.png,0.41529993884472116
VF,FSAM,3,148,3_148.png,0.9117647058823529
VF,FSAM,3,149,3_149.png,0.8940225359192393
VF,FSAM,3,150,3_150.png,0.907673287070272
VF,FSAM,3,151,3_151.png,0.8415165809033733
VF,FSAM,3,152,3_152.png,0.7146754293508587
VF,FSAM,3,153,3_153.png,0.8907823392718822
VF,FSAM,3,154,3_154.png,0.9075405450593547
VF,FSAM,3,155,3_155.png,0.9185749734136831
VF,FSAM,3,156,3_156.png,0.9104669887278583
VF,FSAM,3,157,3_157.png,0.9157116581777023
VF,FSAM,3,158,3_158.png,0.9347224853191892
VF,FSAM,3,159,3_159.png,0.9172502043863079
VF,FSAM,3,160,3_160.png,0.9048199931187639
VF,FSAM,3,161,3_161.png,0.7577189827896224
VF,FSAM,3,162,3_162.png,0.6687781296882814
VF,FSAM,3,163,3_163.png,0.8553471097990668
VF,FSAM,3,164,3_164.png,0.8487714477425952
VF,FSAM,3,165,3_165.png,0.7018006830176964
VF,FSAM,3,166,3_166.png,0.884990125082291
VF,FSAM,3,167,3_167.png,0.9174971409900343
VF,FSAM,3,168,3_168.png,0.9266353572626636
VF,FSAM,3,169,3_169.png,0.886000484202881
VF,FSAM,3,170,3_170.png,0.864951768488746
VF,FSAM,3,171,3_171.png,0.7520092438053665
VF,FSAM,3,172,3_172.png,0.7148999295987126
VF,FSAM,3,173,3_173.png,0.5681492687846696
VF,FSAM,3,174,3_174.png,0.727796280877047
VF,FSAM,3,175,3_175.png,0.5989435343923416
VF,FSAM,3,176,3_176.png,0.929347992527486
VF,FSAM,3,177,3_177.png,0.9297378544315085
VF,FSAM,3,178,3_178.png,0.9356869682857664
VF,FSAM,3,179,3_179.png,0.9155688955588905
VF,FSAM,3,180,3_180.png,0.8914169333721269
VF,FSAM,3,181,3_181.png,0.9305874547032104
VF,FSAM,3,182,3_182.png,0.9386854460093896
VF,FSAM,3,183,3_183.png,0.7139666849716273
VF,FSAM,3,184,3_184.png,0.660563279346424
VF,FSAM,3,185,3_185.png,0.6905666052562319
VF,FSAM,3,186,3_186.png,0.8973045947581584
VF,FSAM,3,187,3_187.png,0.9079427016480978
VF,FSAM,3,188,3_188.png,0.9027517030520839
VF,FSAM,3,189,3_189.png,0.8833353073552055
VF,FSAM,3,190,3_190.png,0.9358824511604609
VF,FSAM,3,191,3_191.png,0.9301962757926523
VF,FSAM,3,192,3_192.png,0.8920024235080278
VF,FSAM,3,193,3_193.png,0.8937516339869281
VF,FSAM,3,194,3_194.png,0.9204431476246923
VF,FSAM,3,195,3_195.png,0.7291188994431707
VF,FSAM,3,196,3_196.png,0.0
VF,FSAM,3,197,3_197.png,0.6661435446746181
VF,FSAM,3,198,3_198.png,0.7351458968456418
VF,FSAM,3,199,3_199.png,0.4006178929331741
VF,FSAM,3,200,3_200.png,0.2218818074857589
VF,FSAM,3,201,3_201.png,0.5459125964010283
VF,FSAM,3,202,3_202.png,0.918819015534344
VF,FSAM,3,203,3_203.png,0.9019336333514663
VF,FSAM,3,204,3_204.png,0.7895100245499181
VF,FSAM,3,205,3_205.png,0.7859405360802789
VF,FSAM,3,206,3_206.png,0.7968648495975145
VF,FSAM,3,207,3_207.png,0.9399986401958118
VF,FSAM,3,208,3_208.png,0.8559125442208433
VF,FSAM,3,209,3_209.png,0.4728552700105957
VF,FSAM,3,210,3_210.png,0.4654276416972915
VF,FSAM,3,211,3_211.png,0.8967685698275325
VF,FSAM,3,212,3_212.png,0.9311245252306023
VF,FSAM,3,213,3_213.png,0.9201315839804154
VF,FSAM,3,214,3_214.png,0.9459613893310477
VF,FSAM,3,215,3_215.png,0.9105002748763057
VF,FSAM,3,216,3_216.png,0.8837010488935653
VF,FSAM,3,217,3_217.png,0.8236762916960113
VF,FSAM,3,218,3_218.png,0.3594087648024894
VF,FSAM,3,219,3_219.png,0.6376942304223465
VF,FSAM,3,220,3_220.png,0.7134759941804074
VF,FSAM,3,221,3_221.png,0.7907700285195748
VF,FSAM,4,0,4_000.png,0.9590093407232277
VF,FSAM,4,1,4_001.png,0.9608594956253217
VF,FSAM,4,2,4_002.png,0.9678670207389575
VF,FSAM,4,3,4_003.png,0.9763020579558642
VF,FSAM,4,4,4_004.png,0.9602967465141222
VF,FSAM,4,5,4_005.png,0.9592842250913884
VF,FSAM,4,6,4_006.png,0.95490142334123
VF,FSAM,4,7,4_007.png,0.9199227944637981
VF,FSAM,4,8,4_008.png,0.9606173221843708
VF,FSAM,4,9,4_009.png,0.9671186878470877
VF,FSAM,4,10,4_010.png,0.30499930512564594
VF,FSAM,4,11,4_011.png,0.3240164222201523
VF,FSAM,4,12,4_012.png,0.42586298784696436
VF,FSAM,4,13,4_013.png,0.9200590068288802
VF,FSAM,4,14,4_014.png,0.9631093112098507
VF,FSAM,4,15,4_015.png,0.9711569808342342
VF,FSAM,4,16,4_016.png,0.9684019429861145
VF,FSAM,4,17,4_017.png,0.9547035122256361
VF,FSAM,4,18,4_018.png,0.9666034709056439
VF,FSAM,4,19,4_019.png,0.9671508436289294
VF,FSAM,4,20,4_020.png,0.95749006934626
VF,FSAM,4,21,4_021.png,0.9298258303437102
VF,FSAM,4,22,4_022.png,0.9601888878273805
VF,FSAM,4,23,4_023.png,0.9663428931305106
VF,FSAM,4,24,4_024.png,0.9655256894862103
VF,FSAM,4,25,4_025.png,0.9742903831023422
VF,FSAM,4,26,4_026.png,0.9734580210410507
VF,FSAM,4,27,4_027.png,0.9710893938485521
VF,FSAM,4,28,4_028.png,0.9533862277049252
VF,FSAM,4,29,4_029.png,0.9501268963671089
VF,FSAM,4,30,4_030.png,0.9485577383804504
VF,FSAM,4,31,4_031.png,0.954106120942008
VF,FSAM,4,32,4_032.png,0.937100111411746
VF,FSAM,4,33,4_033.png,0.9563813101725281
VF,FSAM,4,34,4_034.png,0.9637318300584307
VF,FSAM,4,35,4_035.png,0.9606091187833051
VF,FSAM,4,36,4_036.png,0.9478916422229006
VF,FSAM,4,37,4_037.png,0.9439496788308883
VF,FSAM,4,38,4_038.png,0.9506787145548834
VF,FSAM,4,39,4_039.png,0.9463250662586998
VF,FSAM,4,40,4_040.png,0.9608108653186819
VF,FSAM,4,41,4_041.png,0.9637031846374046
VF,FSAM,4,42,4_042.png,0.9573750072417588
VF,FSAM,4,43,4_043.png,0.9630385629945987
VF,FSAM,4,44,4_044.png,0.9493403298350824
VF,FSAM,4,45,4_045.png,0.9532793456754709
VF,FSAM,4,46,4_046.png,0.9532683209423578
VF,FSAM,4,47,4_047.png,0.9582474457788134
VF,FSAM,4,48,4_048.png,0.9520548737464287
VF,FSAM,4,49,4_049.png,0.9603288770406345
VF,FSAM,4,50,4_050.png,0.9745158002038736
VF,FSAM,4,51,4_051.png,0.971159476869022
VF,FSAM,4,52,4_052.png,0.9699902367586039
VF,FSAM,4,53,4_053.png,0.9260505569953459
VF,FSAM,4,54,4_054.png,0.5556228883557607
VF,FSAM,4,55,4_055.png,0.9524374951449847
VF,FSAM,4,56,4_056.png,0.9618678649740902
VF,FSAM,4,57,4_057.png,0.9729044814548256
VF,FSAM,4,58,4_058.png,0.9761138158847581
VF,FSAM,4,59,4_059.png,0.976674069897237
VF,FSAM,4,60,4_060.png,0.8518610483450451
VF,FSAM,4,61,4_061.png,0.9644052374269366
VF,FSAM,4,62,4_062.png,0.9663731720388944
VF,FSAM,4,63,4_063.png,0.9642687347714982
VF,FSAM,4,64,4_064.png,0.9714475957956149
VF,FSAM,4,65,4_065.png,0.9705402927293103
VF,FSAM,4,66,4_066.png,0.968589306734403
VF,FSAM,4,67,4_067.png,0.9687815157672913
VF,FSAM,4,68,4_068.png,0.962875387812886
VF,FSAM,4,69,4_069.png,0.969768111112794
VF,FSAM,4,70,4_070.png,0.9521358142236998
VF,FSAM,4,71,4_071.png,0.9556860234529925
VF,FSAM,4,72,4_072.png,0.9705026614644088
VF,FSAM,4,73,4_073.png,0.9643874437905756
VF,FSAM,4,74,4_074.png,0.9494608758508524
VF,FSAM,4,75,4_075.png,0.9431877013345605
VF,FSAM,4,76,4_076.png,0.9508145026073312
VF,FSAM,4,77,4_077.png,0.9520198337465364
VF,FSAM,4,78,4_078.png,0.9526354193493004
VF,FSAM,4,79,4_079.png,0.9450258574402547
VF,FSAM,4,80,4_080.png,0.9487538036691116
VF,FSAM,4,81,4_081.png,0.9451389315927718
VF,FSAM,4,82,4_082.png,0.9473885181126939
VF,FSAM,4,83,4_083.png,0.9507673820652606
VF,FSAM,4,84,4_084.png,0.9646046271355301
VF,FSAM,4,85,4_085.png,0.9607101906263437
VF,FSAM,4,86,4_086.png,0.9486327077747989
VF,FSAM,4,87,4_087.png,0.9509722620496167
VF,FSAM,4,88,4_088.png,0.9458117853049215
VF,FSAM,4,89,4_089.png,0.9155220794565057
VF,FSAM,4,90,4_090.png,0.911577851067523
VF,FSAM,4,91,4_091.png,0.9221680838189866
VF,FSAM,4,92,4_092.png,0.6842288211341742
VF,FSAM,4,93,4_093.png,0.4902714562895534
VF,FSAM,4,94,4_094.png,0.9295387365092459
VF,FSAM,4,95,4_095.png,0.8872015081692501
VF,FSAM,4,96,4_096.png,0.2526705500738753
VF,FSAM,4,97,4_097.png,0.22686409307244845
VF,FSAM,4,98,4_098.png,0.2506721978950603
VF,FSAM,4,99,4_099.png,0.281435882098827
VF,FSAM,4,100,4_100.png,0.3672394019858039
VF,FSAM,4,101,4_101.png,0.34402892217856895
VF,FSAM,4,102,4_102.png,0.10054346118807526
VF,FSAM,4,103,4_103.png,0.04705303914940692
VF,FSAM,4,104,4_104.png,0.1588553172688033
VF,FSAM,4,105,4_105.png,0.25983078439914703
VF,FSAM,4,106,4_106.png,0.6258414508592698
VF,FSAM,4,107,4_107.png,0.9114902830042786
VF,FSAM,4,108,4_108.png,0.7632759910246821
VF,FSAM,4,109,4_109.png,0.8475045753573726
VF,FSAM,4,110,4_110.png,0.8810465470033465
VF,FSAM,4,111,4_111.png,0.897988971780733
VF,FSAM,4,112,4_112.png,0.27125293798589767
VF,FSAM,4,113,4_113.png,0.7189219227563212
VF,FSAM,4,114,4_114.png,0.49288601189498243
VF,FSAM,4,115,4_115.png,0.7642293419745989
VF,FSAM,4,116,4_116.png,0.5306765121077207
VF,FSAM,4,117,4_117.png,0.1198278823972121
VF,FSAM,4,118,4_118.png,0.19686806206888363
VF,FSAM,4,119,4_119.png,0.22276221294614396
VF,FSAM,4,120,4_120.png,0.1505448614546367
VF,FSAM,4,121,4_121.png,0.23716238496357805
VF,FSAM,4,122,4_122.png,0.12918381807139484
VF,FSAM,4,123,4_123.png,0.15845026698124923
VF,FSAM,4,124,4_124.png,0.3242195803967099
VF,FSAM,4,125,4_125.png,0.9093035467086734
VF,FSAM,4,126,4_126.png,0.9448411141624167
VF,FSAM,4,127,4_127.png,0.8402050507909551
VF,FSAM,4,128,4_128.png,0.25205460643743993
VF,FSAM,4,129,4_129.png,0.9542720542874769
VF,FSAM,4,130,4_130.png,0.9463188893563315
VF,FSAM,4,131,4_131.png,0.8715141146278871
VF,FSAM,4,132,4_132.png,0.8591383845348451
VF,FSAM,4,133,4_133.png,0.8018353065446063
VF,FSAM,4,134,4_134.png,0.9587770626097133
VF,FSAM,4,135,4_135.png,0.9603338418738221
VF,FSAM,4,136,4_136.png,0.9634284100536572
VF,FSAM,4,137,4_137.png,0.9145148260076
VF,FSAM,4,138,4_138.png,0.9664420439538113
VF,FSAM,4,139,4_139.png,0.8979016046552636
VF,FSAM,4,140,4_140.png,0.9569808369182636
VF,FSAM,4,141,4_141.png,0.946347662725163
VF,FSAM,4,142,4_142.png,0.9434302506790151
VF,FSAM,4,143,4_143.png,0.8722605952076404
VF,FSAM,4,144,4_144.png,0.1807943046185781
VF,FSAM,4,145,4_145.png,0.3574113015077625
VF,FSAM,4,146,4_146.png,0.8866634799235181
VF,FSAM,4,147,4_147.png,0.5414947683109118
VF,FSAM,4,148,4_148.png,0.8288786087552471
VF,FSAM,4,149,4_149.png,0.8827978161639667
VF,FSAM,4,150,4_150.png,0.9229498135121099
VF,FSAM,4,151,4_151.png,0.9285525154457194
VF,FSAM,4,152,4_152.png,0.32718852569578705
VF,FSAM,4,153,4_153.png,0.1614549543704857
VF,FSAM,4,154,4_154.png,0.29615762235202103
VF,FSAM,4,155,4_155.png,0.19298082553373425
VF,FSAM,4,156,4_156.png,0.9168494086350074
VF,FSAM,4,157,4_157.png,0.919827424498218
VF,FSAM,4,158,4_158.png,0.9328939219676192
VF,FSAM,4,159,4_159.png,0.9547241095639987
VF,FSAM,4,160,4_160.png,0.9074552341597796
VF,FSAM,4,161,4_161.png,0.3877965195411239
VF,FSAM,4,162,4_162.png,0.9290026358302865
VF,FSAM,4,163,4_163.png,0.889132738005146
VF,FSAM,4,164,4_164.png,0.9617245584359387
VF,FSAM,4,165,4_165.png,0.9411112532514605
VF,FSAM,4,166,4_166.png,0.9477792522051363
VF,FSAM,4,167,4_167.png,0.9320616176526249
VF,FSAM,4,168,4_168.png,0.7152704675880336
VF,FSAM,4,169,4_169.png,0.9245839852083629
VF,FSAM,4,170,4_170.png,0.33684570744157527
VF,FSAM,4,171,4_171.png,0.9612320764737121
VF,FSAM,4,172,4_172.png,0.9603114186851212
VF,FSAM,4,173,4_173.png,0.9518419290020094
VF,FSAM,4,174,4_174.png,0.9110495976257063
VF,FSAM,4,175,4_175.png,0.9522796012098129
VF,FSAM,4,176,4_176.png,0.9349539043416595
VF,FSAM,5,0,5_000.png,0.956633712719116
VF,FSAM,5,1,5_001.png,0.9605635780653919
VF,FSAM,5,2,5_002.png,0.9581956008450354
VF,FSAM,5,3,5_003.png,0.9444718522172888
VF,FSAM,5,4,5_004.png,0.9528953263571363
VF,FSAM,5,5,5_005.png,0.8893754874317595
VF,FSAM,5,6,5_006.png,0.9140644941717009
VF,FSAM,5,7,5_007.png,0.9527867734787796
VF,FSAM,5,8,5_008.png,0.9458419878452189
VF,FSAM,5,9,5_009.png,0.9602021478205938
VF,FSAM,5,10,5_010.png,0.943204989804486
VF,FSAM,5,11,5_011.png,0.9264762112853007
VF,FSAM,5,12,5_012.png,0.9323791744451358
VF,FSAM,5,13,5_013.png,0.9406426293843513
VF,FSAM,5,14,5_014.png,0.9441968202716456
VF,FSAM,5,15,5_015.png,0.9561428436108743
VF,FSAM,5,16,5_016.png,0.9355411403209286
VF,FSAM,5,17,5_017.png,0.9165673025967144
VF,FSAM,5,18,5_018.png,0.8037602033989028
VF,FSAM,5,19,5_019.png,0.9428510365462706
VF,FSAM,5,20,5_020.png,0.940157881334352
VF,FSAM,5,21,5_021.png,0.3149787432298643
VF,FSAM,5,22,5_022.png,0.06718713181947837
VF,FSAM,5,23,5_023.png,0.07320772634647217
VF,FSAM,5,24,5_024.png,0.9023239184840901
VF,FSAM,5,25,5_025.png,0.924141250075197
VF,FSAM,5,26,5_026.png,0.20378340853870183
VF,FSAM,5,27,5_027.png,0.9302684481988385
VF,FSAM,5,28,5_028.png,0.9332475368678664
VF,FSAM,5,29,5_029.png,0.9407018079514972
VF,FSAM,5,30,5_030.png,0.9551926394479586
VF,FSAM,5,31,5_031.png,0.9601043755795649
VF,FSAM,5,32,5_032.png,0.9673161000042446
VF,FSAM,5,33,5_033.png,0.9534248775395487
VF,FSAM,5,34,5_034.png,0.9561856903565447
VF,FSAM,5,35,5_035.png,0.9598587456975549
VF,FSAM,5,36,5_036.png,0.9534057717023017
VF,FSAM,5,37,5_037.png,0.9480963667456722
VF,FSAM,5,38,5_038.png,0.9627323117052494
VF,FSAM,5,39,5_039.png,0.94434641964417
VF,FSAM,5,40,5_040.png,0.9284572833435771
VF,FSAM,5,41,5_041.png,0.9567764907378195
VF,FSAM,5,42,5_042.png,0.9239656098871575
VF,FSAM,5,43,5_043.png,0.9319752449716349
VF,FSAM,5,44,5_044.png,0.9284257458615947
VF,FSAM,5,45,5_045.png,0.9395522388059702
VF,FSAM,5,46,5_046.png,0.9306335830212235
VF,FSAM,5,47,5_047.png,0.9156236875262495
VF,FSAM,5,48,5_048.png,0.92222304447569
VF,FSAM,5,49,5_049.png,0.9366623176372909
VF,FSAM,5,50,5_050.png,0.9689446871599136
VF,FSAM,5,51,5_051.png,0.9632072588040348
VF,FSAM,5,52,5_052.png,0.959189530478705
VF,FSAM,5,53,5_053.png,0.9566617320503331
VF,FSAM,5,54,5_054.png,0.9465306481400053
VF,FSAM,5,55,5_055.png,0.9521617293835068
VF,FSAM,5,56,5_056.png,0.93977821695213
VF,FSAM,5,57,5_057.png,0.9417508799818326
VF,FSAM,5,58,5_058.png,0.935209681958908
VF,FSAM,5,59,5_059.png,0.9610755828591571
VF,FSAM,5,60,5_060.png,0.909217988657241
VF,FSAM,5,61,5_061.png,0.957844517440951
VF,FSAM,5,62,5_062.png,0.9556808746194299
VF,FSAM,5,63,5_063.png,0.9593546727426409
VF,FSAM,5,64,5_064.png,0.9649020881036191
VF,FSAM,5,65,5_065.png,0.956272222568773
VF,FSAM,5,66,5_066.png,0.9656630723988237
VF,FSAM,5,67,5_067.png,0.9701864311026654
VF,FSAM,5,68,5_068.png,0.9678188319427891
VF,FSAM,5,69,5_069.png,0.9695267720844495
VF,FSAM,5,70,5_070.png,0.9543571069814164
VF,FSAM,5,71,5_071.png,0.9522786764212363
VF,FSAM,5,72,5_072.png,0.8964760168198563
VF,FSAM,5,73,5_073.png,0.938898056472314
VF,FSAM,5,74,5_074.png,0.9311344269897397
VF,FSAM,5,75,5_075.png,0.9314157693141577
VF,FSAM,5,76,5_076.png,0.47987293158219146
VF,FSAM,5,77,5_077.png,0.9348724903251414
VF,FSAM,5,78,5_078.png,0.933072841038097
VF,FSAM,5,79,5_079.png,0.9522374385186614
VF,FSAM,5,80,5_080.png,0.9593096047218744
VF,FSAM,5,81,5_081.png,0.9405332899764247
VF,FSAM,5,82,5_082.png,0.920124614594039
VF,FSAM,5,83,5_083.png,0.9284981636502002
VF,FSAM,5,84,5_084.png,0.9538976246236199
VF,FSAM,5,85,5_085.png,0.9539270138293511
VF,FSAM,5,86,5_086.png,0.9172165862306707
VF,FSAM,5,87,5_087.png,0.9409226343367924
VF,FSAM,5,88,5_088.png,0.9632284200685571
VF,FSAM,5,89,5_089.png,0.9528771623633284
VF,FSAM,5,90,5_090.png,0.6794734589041096
VF,FSAM,5,91,5_091.png,0.9273646486624856
VF,FSAM,5,92,5_092.png,0.9155753895676348
VF,FSAM,5,93,5_093.png,0.5443747429041547
VF,FSAM,5,94,5_094.png,0.9128817850925779
VF,FSAM,5,95,5_095.png,0.9399941953272384
VF,FSAM,5,96,5_096.png,0.9599083619702177
VF,FSAM,5,97,5_097.png,0.9168410771592019
VF,FSAM,5,98,5_098.png,0.9065321295804567
VF,FSAM,5,99,5_099.png,0.896183304370213
VF,FSAM,5,100,5_100.png,0.9006709552465934
VF,FSAM,5,101,5_101.png,0.9308626377482979
VF,FSAM,5,102,5_102.png,0.9496030143991387
VF,FSAM,5,103,5_103.png,0.9383259911894273
VF,FSAM,5,104,5_104.png,0.9050754282792125
VF,FSAM,5,105,5_105.png,0.8739029557147181
VF,FSAM,5,106,5_106.png,0.6460596546310832
VF,FSAM,5,107,5_107.png,0.5670746600808749
VF,FSAM,5,108,5_108.png,0.7537539337629252
VF,FSAM,5,109,5_109.png,0.9433322184528644
VF,FSAM,5,110,5_110.png,0.9107015523010257
VF,FSAM,5,111,5_111.png,0.9673032578489918
VF,FSAM,5,112,5_112.png,0.9654801157391831
VF,FSAM,5,113,5_113.png,0.8445995057421137
VF,FSAM,5,114,5_114.png,0.36970730321113954
VF,FSAM,5,115,5_115.png,0.9485912011863569
VF,FSAM,5,116,5_116.png,0.9299796057104011
VF,FSAM,5,117,5_117.png,0.8795303726391016
VF,FSAM,5,118,5_118.png,0.872098385857033
VF,FSAM,5,119,5_119.png,0.49873000617834834
VF,FSAM,5,120,5_120.png,0.47842266370565995
VF,FSAM,5,121,5_121.png,0.8266804017512233
VF,FSAM,5,122,5_122.png,0.9332701911486138
VF,FSAM,5,123,5_123.png,0.923157134835967
VF,FSAM,5,124,5_124.png,0.9471123334038503
VF,FSAM,5,125,5_125.png,0.953365878725591
VF,FSAM,5,126,5_126.png,0.9437022900763359
VF,FSAM,5,127,5_127.png,0.9541932150852419
VF,FSAM,5,128,5_128.png,0.8298164437890884
VF,FSAM,5,129,5_129.png,0.9363177128116938
VF,FSAM,5,130,5_130.png,0.9416085993626101
VF,FSAM,5,131,5_131.png,0.8963142319074523
VF,FSAM,5,132,5_132.png,0.7320193186268111
VF,FSAM,5,133,5_133.png,0.4180285520054385
VF,FSAM,5,134,5_134.png,0.5185503372788596
VF,FSAM,5,135,5_135.png,0.929062695390212
VF,FSAM,5,136,5_136.png,0.9003996311097449
VF,FSAM,5,137,5_137.png,0.7013065769888086
VF,FSAM,5,138,5_138.png,0.6899987993756753
VF,FSAM,5,139,5_139.png,0.9050004244842517
VF,FSAM,5,140,5_140.png,0.7564592226465963
VF,FSAM,5,141,5_141.png,0.8649567805016296
VF,FSAM,5,142,5_142.png,0.8353233830845771
VF,FSAM,5,143,5_143.png,0.8522555252800484
VF,FSAM,5,144,5_144.png,0.8632010943912448
VF,FSAM,5,145,5_145.png,0.3754514721604207
VF,FSAM,5,146,5_146.png,0.8848998251983327
VF,FSAM,5,147,5_147.png,0.39303998444689264
VF,FSAM,5,148,5_148.png,0.852656405163853
VF,FSAM,5,149,5_149.png,0.9426981345975471
VF,FSAM,5,150,5_150.png,0.9378799602078037
VF,FSAM,5,151,5_151.png,0.8310525006220453
VF,FSAM,5,152,5_152.png,0.24234274615269685
VF,FSAM,5,153,5_153.png,0.8495373881389352
VF,FSAM,5,154,5_154.png,0.705030849549122
VF,FSAM,5,155,5_155.png,0.9074594257178527
VF,FSAM,5,156,5_156.png,0.8673229503379372
VF,FSAM,5,157,5_157.png,0.5118993756221156
VF,FSAM,5,158,5_158.png,0.9425722145804677
VF,FSAM,5,159,5_159.png,0.9265803503427266
VF,FSAM,5,160,5_160.png,0.8790106951871658
VF,FSAM,5,161,5_161.png,0.4729761810556303
VF,FSAM,5,162,5_162.png,0.5146769201913157
VF,FSAM,5,163,5_163.png,0.658143045857709
VF,FSAM,5,164,5_164.png,0.9129923574368018
VF,FSAM,5,165,5_165.png,0.9166846303082561
VF,FSAM,5,166,5_166.png,0.9023313716613852
VF,FSAM,5,167,5_167.png,0.9218126320732566
VF,FSAM,5,168,5_168.png,0.9064731889808412
VF,FSAM,5,169,5_169.png,0.8786367414796342
VF,FSAM,5,170,5_170.png,0.8680831549984714
VF,FSAM,5,171,5_171.png,0.8465788355291117
VF,FSAM,5,172,5_172.png,0.9289988678634967
VF,FSAM,5,173,5_173.png,0.4782723202528312
VF,FSAM,5,174,5_174.png,0.3714860700584869
VF,FSAM,5,175,5_175.png,0.45941644562334216
VF,FSAM,5,176,5_176.png,0.7103138266877549
VF,FSAM,5,177,5_177.png,0.9293971924029728
VF,FSAM,5,178,5_178.png,0.9519117067402444
VF,FSAM,5,179,5_179.png,0.9444156442601233
VF,FSAM,5,180,5_180.png,0.9261929492271033
VF,FSAM,5,181,5_181.png,0.940814963259853
VF,FSAM,5,182,5_182.png,0.23869301994301995
VF,FSAM,5,183,5_183.png,0.9454812329628853
VF,FSAM,5,184,5_184.png,0.9220704252453339
VF,FSAM,5,185,5_185.png,0.9065957148858703
VF,FSAM,5,186,5_186.png,0.8940852819807428
VF,FSAM,5,187,5_187.png,0.8665374971506724
VF,FSAM,5,188,5_188.png,0.8470438505148675
VF,FSAM,5,189,5_189.png,0.9304084720121029
VF,FSAM,5,190,5_190.png,0.9107740086000956
VF,FSAM,5,191,5_191.png,0.8903664921465969
VF,FSAM,5,192,5_192.png,0.9269411045445283
VF,FSAM,5,193,5_193.png,0.9296135427107696
VF,FSAM,5,194,5_194.png,0.8785979819437069
VF,FSAM,5,195,5_195.png,0.8967928087892576
VF,FSAM,5,196,5_196.png,0.8410427961702619
VF,FSAM,5,197,5_197.png,0.9236992094134951
VF,FSAM,5,198,5_198.png,0.6613226452905812
VF,FSAM,5,199,5_199.png,0.16235070288553008
VF,FSAM,5,200,5_200.png,0.3125715594229448
VF,FSAM,5,201,5_201.png,0.6832749798007003
VF,FSAM,5,202,5_202.png,0.7236037102822183
VF,FSAM,5,203,5_203.png,0.7216117216117216
VF,FSAM,5,204,5_204.png,0.4961363817414164
VF,FSAM,5,205,5_205.png,0.8170558830112661
VF,FSAM,5,206,5_206.png,0.9038965039273064
VF,FSAM,5,207,5_207.png,0.9221703617269545
VF,FSAM,5,208,5_208.png,0.9122761484557488
VF,FSAM,5,209,5_209.png,0.7556966330348033
VF,FSAM,5,210,5_210.png,0.8890108549823149
VF,FSAM,5,211,5_211.png,0.8685610302351624
VF,FSAM,5,212,5_212.png,0.9146905725853094
VF,FSAM,5,213,5_213.png,0.46346476283195415
VF,FSAM,5,214,5_214.png,0.6874612256152203
VF,FSAM,6,0,6_000.png,0.8930833211732088
VF,FSAM,6,1,6_001.png,0.8981198508540288
VF,FSAM,6,2,6_002.png,0.7749854227405247
VF,FSAM,6,3,6_003.png,0.8901427727980248
VF,FSAM,6,4,6_004.png,0.9065685988930964
VF,FSAM,6,5,6_005.png,0.8113638961929804
VF,FSAM,6,6,6_006.png,0.5641109541161597
VF,FSAM,6,7,6_007.png,0.8809755419677598
VF,FSAM,6,8,6_008.png,0.7870611183355006
VF,FSAM,6,9,6_009.png,0.9378626082569579
VF,FSAM,6,10,6_010.png,0.8815459507301961
VF,FSAM,6,11,6_011.png,0.83267387232167
VF,FSAM,6,12,6_012.png,0.6177613992476113
VF,FSAM,6,13,6_013.png,0.6349296762038295
VF,FSAM,6,14,6_014.png,0.7692284815726277
VF,FSAM,6,15,6_015.png,0.7923988194463422
VF,FSAM,6,16,6_016.png,0.7812679841897233
VF,FSAM,6,17,6_017.png,0.9204084405878128
VF,FSAM,6,18,6_018.png,0.9318272851077465
VF,FSAM,6,19,6_019.png,0.656532465487376
VF,FSAM,6,20,6_020.png,0.9575748037004005
VF,FSAM,6,21,6_021.png,0.4182311448724905
VF,FSAM,6,22,6_022.png,0.8500466659753189
VF,FSAM,6,23,6_023.png,0.9053354053354054
VF,FSAM,6,24,6_024.png,0.8913882157888025
VF,FSAM,6,25,6_025.png,0.8812134014278457
VF,FSAM,6,26,6_026.png,0.835411526503878
VF,FSAM,6,27,6_027.png,0.8535667688199775
VF,FSAM,6,28,6_028.png,0.8967802936053745
VF,FSAM,6,29,6_029.png,0.8775004687607938
VF,FSAM,6,30,6_030.png,0.8984065659477953
VF,FSAM,6,31,6_031.png,0.9187565674255692
VF,FSAM,6,32,6_032.png,0.9409298822090979
VF,FSAM,6,33,6_033.png,0.8912500184848351
VF,FSAM,6,34,6_034.png,0.932220772794746
VF,FSAM,6,35,6_035.png,0.8611277706177345
VF,FSAM,6,36,6_036.png,0.8889062544400557
VF,FSAM,6,37,6_037.png,0.8457652103993567
VF,FSAM,6,38,6_038.png,0.6288270516384215
VF,FSAM,6,39,6_039.png,0.9321339067479347
VF,FSAM,6,40,6_040.png,0.8927756870794845
VF,FSAM,6,41,6_041.png,0.7915466011620766
VF,FSAM,6,42,6_042.png,0.9426801933118254
VF,FSAM,6,43,6_043.png,0.9429685071379038
VF,FSAM,6,44,6_044.png,0.9393210816987241
VF,FSAM,6,45,6_045.png,0.9523573964757225
VF,FSAM,6,46,6_046.png,0.9550371133805969
VF,FSAM,6,47,6_047.png,0.9569483612704247
VF,FSAM,6,48,6_048.png,0.9578294849927446
VF,FSAM,6,49,6_049.png,0.9400310308745174
VF,FSAM,6,50,6_050.png,0.9545487993328264
VF,FSAM,6,51,6_051.png,0.9244791322177393
VF,FSAM,6,52,6_052.png,0.7865133623368552
VF,FSAM,6,53,6_053.png,0.9554668637595467
VF,FSAM,6,54,6_054.png,0.9336765343924173
VF,FSAM,6,55,6_055.png,0.9485504363034044
VF,FSAM,6,56,6_056.png,0.9426062366542908
VF,FSAM,6,57,6_057.png,0.9209754771566705
VF,FSAM,6,58,6_058.png,0.951688249708606
VF,FSAM,6,59,6_059.png,0.9418958985340141
VF,FSAM,6,60,6_060.png,0.8760048691711562
VF,FSAM,6,61,6_061.png,0.9060744270638742
VF,FSAM,6,62,6_062.png,0.8983332243937512
VF,FSAM,6,63,6_063.png,0.9110660022435726
VF,FSAM,6,64,6_064.png,0.8865378453651444
VF,FSAM,6,65,6_065.png,0.8473575557390586
VF,FSAM,6,66,6_066.png,0.8709352537836458
VF,FSAM,6,67,6_067.png,0.9387176967104122
VF,FSAM,6,68,6_068.png,0.9197837131227904
VF,FSAM,6,69,6_069.png,0.8553794106134317
VF,FSAM,6,70,6_070.png,0.816827903085514
VF,FSAM,6,71,6_071.png,0.8084599363284402
VF,FSAM,6,72,6_072.png,0.772920211445422
VF,FSAM,6,73,6_073.png,0.7897426340184803
VF,FSAM,6,74,6_074.png,0.811371933535774
VF,FSAM,6,75,6_075.png,0.8547752599836191
VF,FSAM,6,76,6_076.png,0.9496587107652633
VF,FSAM,6,77,6_077.png,0.9402512501024675
VF,FSAM,6,78,6_078.png,0.8008107961038254
VF,FSAM,6,79,6_079.png,0.4349426260915159
VF,FSAM,6,80,6_080.png,0.7259929246143185
VF,FSAM,6,81,6_081.png,0.6501944102887907
VF,FSAM,6,82,6_082.png,0.5919243519373947
VF,FSAM,6,83,6_083.png,0.8606875092208854
VF,FSAM,6,84,6_084.png,0.8838229327719114
VF,FSAM,6,85,6_085.png,0.8934250303677927
VF,FSAM,6,86,6_086.png,0.8905680906584541
VF,FSAM,6,87,6_087.png,0.9222044006486659
VF,FSAM,6,88,6_088.png,0.8649011062688569
VF,FSAM,6,89,6_089.png,0.8646845222548929
VF,FSAM,6,90,6_090.png,0.8724803841991342
VF,FSAM,6,91,6_091.png,0.9202395025420715
VF,FSAM,6,92,6_092.png,0.9254685702686244
VF,FSAM,6,93,6_093.png,0.92035063447113
VF,FSAM,6,94,6_094.png,0.8800295716221952
VF,FSAM,6,95,6_095.png,0.9296525433311257
VF,FSAM,6,96,6_096.png,0.889781496651256
VF,FSAM,6,97,6_097.png,0.709478940641441
VF,FSAM,6,98,6_098.png,0.7674224895881536
VF,FSAM,6,99,6_099.png,0.8886770452540023
VF,FSAM,6,100,6_100.png,0.9364757560398717
VF,FSAM,6,101,6_101.png,0.8609378991179962
VF,FSAM,6,102,6_102.png,0.7334139357301941
VF,FSAM,6,103,6_103.png,0.9407409668900456
VF,FSAM,6,104,6_104.png,0.9358537712437317
VF,FSAM,6,105,6_105.png,0.9349877275190462
VF,FSAM,6,106,6_106.png,0.9402603874665172
VF,FSAM,6,107,6_107.png,0.9511207879124411
VF,FSAM,6,108,6_108.png,0.9559314817240927
VF,FSAM,6,109,6_109.png,0.9431964977752261
VF,FSAM,6,110,6_110.png,0.9468343062415806
VF,FSAM,6,111,6_111.png,0.9656523808190801
VF,FSAM,6,112,6_112.png,0.8961294224372544
VF,FSAM,6,113,6_113.png,0.7554162839699605
VF,FSAM,6,114,6_114.png,0.9366724885909066
VF,FSAM,6,115,6_115.png,0.9425723243283834
VF,FSAM,6,116,6_116.png,0.9485070422535211
VF,FSAM,6,117,6_117.png,0.9313182539435612
VF,FSAM,6,118,6_118.png,0.9276605572694129
VF,FSAM,6,119,6_119.png,0.8859812204363071
VF,FSAM,6,120,6_120.png,0.8490882599673275
VF,FSAM,6,121,6_121.png,0.8412712233347845
VF,FSAM,6,122,6_122.png,0.8868741853867975
VF,FSAM,6,123,6_123.png,0.9271495904452478
VF,FSAM,6,124,6_124.png,0.8569676439668263
VF,FSAM,6,125,6_125.png,0.9152029073288915
VF,FSAM,6,126,6_126.png,0.8546421961752005
VF,FSAM,6,127,6_127.png,0.8811737361998838
VF,FSAM,6,128,6_128.png,0.7553037290815654
VF,FSAM,6,129,6_129.png,0.8032036613272311
VF,FSAM,6,130,6_130.png,0.4742005141388175
VF,FSAM,6,131,6_131.png,0.5220806031774526
VF,FSAM,6,132,6_132.png,0.6306939455463585
VF,FSAM,6,133,6_133.png,0.713422932970398
VF,FSAM,6,134,6_134.png,0.7613593418413326
VF,FSAM,6,135,6_135.png,0.7591785525620708
VF,FSAM,6,136,6_136.png,0.8706290882661714
VF,FSAM,6,137,6_137.png,0.6542342437529717
VF,FSAM,6,138,6_138.png,0.6796176207513417
VF,FSAM,6,139,6_139.png,0.46695862339647587
VF,FSAM,6,140,6_140.png,0.3762229194126274
VF,FSAM,6,141,6_141.png,0.5438547873077456
VF,FSAM,6,142,6_142.png,0.8067688588539091
VF,FSAM,6,143,6_143.png,0.869582194455291
VF,FSAM,6,144,6_144.png,0.3995552260934025
VF,FSAM,6,145,6_145.png,0.24451052150045746
VF,FSAM,6,146,6_146.png,0.0802485608631009
VF,FSAM,6,147,6_147.png,0.08997968520323055
VF,FSAM,6,148,6_148.png,0.15500168613384838
VF,FSAM,6,149,6_149.png,0.36382635955936776
VF,FSAM,6,150,6_150.png,0.7815828927641443
VF,FSAM,6,151,6_151.png,0.827110421885562
VF,FSAM,6,152,6_152.png,0.4213933415536375
VF,FSAM,6,153,6_153.png,0.5491114664744702
VF,FSAM,6,154,6_154.png,0.30400108987256874
VF,FSAM,6,155,6_155.png,0.2939114643338345
VF,FSAM,6,156,6_156.png,0.4133020515058926
VF,FSAM,6,157,6_157.png,0.8701065520692294
VF,FSAM,6,158,6_158.png,0.6107007155669566
VF,FSAM,6,159,6_159.png,0.8767225946125984
VF,FSAM,6,160,6_160.png,0.7850894426636336
VF,FSAM,6,161,6_161.png,0.5904677693401297
VF,FSAM,6,162,6_162.png,0.9430335292595468
VF,FSAM,6,163,6_163.png,0.7151247641761292
VF,FSAM,6,164,6_164.png,0.8456955865078033
VF,FSAM,6,165,6_165.png,0.8833821871476888
VF,FSAM,6,166,6_166.png,0.8082437275985663
VF,FSAM,6,167,6_167.png,0.9231263277506052
VF,FSAM,6,168,6_168.png,0.8807799685918688
VF,FSAM,6,169,6_169.png,0.8024283408898794
VF,FSAM,6,170,6_170.png,0.9024996057404195
VF,FSAM,6,171,6_171.png,0.8079761241021941
VF,FSAM,6,172,6_172.png,0.58758369108259
VF,FSAM,6,173,6_173.png,0.7934251327061544
VF,FSAM,6,174,6_174.png,0.872915838100774
VF,FSAM,6,175,6_175.png,0.9181209015659154
VF,FSAM,6,176,6_176.png,0.9107498461204243
VF,FSAM,6,177,6_177.png,0.8967262633684382
VF,FSAM,6,178,6_178.png,0.93237437852971
VF,FSAM,6,179,6_179.png,0.9306118600923918
VF,FSAM,6,180,6_180.png,0.9500201712313416
VF,FSAM,6,181,6_181.png,0.8996051617873652
VF,FSAM,6,182,6_182.png,0.8287202380952381
VF,FSAM,6,183,6_183.png,0.9279347143753923
VF,FSAM,6,184,6_184.png,0.8736670265146529
VF,FSAM,6,185,6_185.png,0.4897995147144542
VF,FSAM,6,186,6_186.png,0.848293873843184
VF,FSAM,6,187,6_187.png,0.7562884024577573
VF,FSAM,6,188,6_188.png,0.7782263710618437
VF,FSAM,6,189,6_189.png,0.7889767967555349
VF,FSAM,6,190,6_190.png,0.9119684166782103
VF,FSAM,6,191,6_191.png,0.6266601918174093
VF,FSAM,6,192,6_192.png,0.6718356867779204
VF,FSAM,6,193,6_193.png,0.7695150798344175
VF,FSAM,6,194,6_194.png,0.5507666902571361
VF,FSAM,6,195,6_195.png,0.8315445636957536
VF,FSAM,6,196,6_196.png,0.7382136463099264
VF,FSAM,6,197,6_197.png,0.7656851424172441
VF,FSAM,6,198,6_198.png,0.4960914881297047
VF,FSAM,6,199,6_199.png,0.545384784038588
VF,FSAM,6,200,6_200.png,0.557306472550405
VF,FSAM,6,201,6_201.png,0.32501614917531546
VF,FSAM,6,202,6_202.png,0.8810568122949404
VF,FSAM,6,203,6_203.png,0.7133333333333334
VF,FSAM,6,204,6_204.png,0.5786945650743519
VF,FSAM,6,205,6_205.png,0.46964512660084073
VF,FSAM,6,206,6_206.png,0.8451703126560783
VF,FSAM,6,207,6_207.png,0.8286033391563332
VF,FSAM,6,208,6_208.png,0.5704437821134049
VF,FSAM,6,209,6_209.png,0.4974316992519824
VF,FSAM,6,210,6_210.png,0.9116064355759512
VF,FSAM,6,211,6_211.png,0.9113222751997851
VF,FSAM,6,212,6_212.png,0.9367638372537438
VF,FSAM,6,213,6_213.png,0.9313804986823434
VF,FSAM,6,214,6_214.png,0.7452069590710951
VF,FSAM,6,215,6_215.png,0.588128922455058
VF,FSAM,7,0,7_000.png,0.9278357625637961
VF,FSAM,7,1,7_001.png,0.9303005505724206
VF,FSAM,7,2,7_002.png,0.9303538667247115
VF,FSAM,7,3,7_003.png,0.8997255235255598
VF,FSAM,7,4,7_004.png,0.9234512154771405
VF,FSAM,7,5,7_005.png,0.9181428270382169
VF,FSAM,7,6,7_006.png,0.9145982862743858
VF,FSAM,7,7,7_007.png,0.9198257500723119
VF,FSAM,7,8,7_008.png,0.9420817588457575
VF,FSAM,7,9,7_009.png,0.9186433947931772
VF,FSAM,7,10,7_010.png,0.9247349874353716
VF,FSAM,7,11,7_011.png,0.923916192583228
VF,FSAM,7,12,7_012.png,0.9173104652934901
VF,FSAM,7,13,7_013.png,0.9342338829363116
VF,FSAM,7,14,7_014.png,0.9144025773917915
VF,FSAM,7,15,7_015.png,0.9070332215063979
VF,FSAM,7,16,7_016.png,0.9182846583176216
VF,FSAM,7,17,7_017.png,0.9090652570590116
VF,FSAM,7,18,7_018.png,0.9165459306421384
VF,FSAM,7,19,7_019.png,0.923417734766925
VF,FSAM,7,20,7_020.png,0.9220217183008623
VF,FSAM,7,21,7_021.png,0.9243800015846605
VF,FSAM,7,22,7_022.png,0.9122847558108959
VF,FSAM,7,23,7_023.png,0.9236556079475089
VF,FSAM,7,24,7_024.png,0.923061731941365
VF,FSAM,7,25,7_025.png,0.9382605443978748
VF,FSAM,7,26,7_026.png,0.9461756826996122
VF,FSAM,7,27,7_027.png,0.9432278120623586
VF,FSAM,7,28,7_028.png,0.9393806415025553
VF,FSAM,7,29,7_029.png,0.9456360395397828
VF,FSAM,7,30,7_030.png,0.9406510292583188
VF,FSAM,7,31,7_031.png,0.9210936940805955
VF,FSAM,7,32,7_032.png,0.8964172556665855
VF,FSAM,7,33,7_033.png,0.9179033915724564
VF,FSAM,7,34,7_034.png,0.925044917031582
VF,FSAM,7,35,7_035.png,0.9260115759706108
VF,FSAM,7,36,7_036.png,0.9293131306972349
VF,FSAM,7,37,7_037.png,0.9343981345803443
VF,FSAM,7,38,7_038.png,0.9423585109572518
VF,FSAM,7,39,7_039.png,0.9268998309988256
VF,FSAM,7,40,7_040.png,0.9387142867830237
VF,FSAM,7,41,7_041.png,0.9332782108827467
VF,FSAM,7,42,7_042.png,0.9209372965936212
VF,FSAM,7,43,7_043.png,0.9211105639718449
VF,FSAM,7,44,7_044.png,0.9141101576001064
VF,FSAM,7,45,7_045.png,0.905837409813
VF,FSAM,7,46,7_046.png,0.9341959436994348
VF,FSAM,7,47,7_047.png,0.9161371340087432
VF,FSAM,7,48,7_048.png,0.9093460676347335
VF,FSAM,7,49,7_049.png,0.9026136925894741
VF,FSAM,7,50,7_050.png,0.9017649017649018
VF,FSAM,7,51,7_051.png,0.9193092621664051
VF,FSAM,7,52,7_052.png,0.9270365202328826
VF,FSAM,7,53,7_053.png,0.9051524609843937
VF,FSAM,7,54,7_054.png,0.9176392625415414
VF,FSAM,7,55,7_055.png,0.8997313967369678
VF,FSAM,7,56,7_056.png,0.9174798584048487
VF,FSAM,7,57,7_057.png,0.9159057172416896
VF,FSAM,7,58,7_058.png,0.8692803819003606
VF,FSAM,7,59,7_059.png,0.6995317478821792
VF,FSAM,7,60,7_060.png,0.8661971830985915
VF,FSAM,7,61,7_061.png,0.9269771478160255
VF,FSAM,7,62,7_062.png,0.9143717683823152
VF,FSAM,7,63,7_063.png,0.908822842461754
VF,FSAM,7,64,7_064.png,0.9304841444725555
VF,FSAM,7,65,7_065.png,0.9017972454723808
VF,FSAM,7,66,7_066.png,0.9216346937666431
VF,FSAM,7,67,7_067.png,0.9462470656927349
VF,FSAM,7,68,7_068.png,0.9226696441434952
VF,FSAM,7,69,7_069.png,0.8073829941550408
VF,FSAM,7,70,7_070.png,0.9234449760765551
VF,FSAM,7,71,7_071.png,0.9314303159822928
VF,FSAM,7,72,7_072.png,0.9262654069949321
VF,FSAM,7,73,7_073.png,0.9142198513439629
VF,FSAM,7,74,7_074.png,0.9270820832833313
VF,FSAM,7,75,7_075.png,0.914397716835061
VF,FSAM,7,76,7_076.png,0.9342704942290618
VF,FSAM,7,77,7_077.png,0.9185782648058224
VF,FSAM,7,78,7_078.png,0.9015304131377161
VF,FSAM,7,79,7_079.png,0.936262296490399
VF,FSAM,7,80,7_080.png,0.9170885980859087
VF,FSAM,7,81,7_081.png,0.9047389816003423
VF,FSAM,7,82,7_082.png,0.902107254697286
VF,FSAM,7,83,7_083.png,0.9215528078503481
VF,FSAM,7,84,7_084.png,0.94681601616598
VF,FSAM,7,85,7_085.png,0.9398110486614406
VF,FSAM,7,86,7_086.png,0.9524567255219968
VF,FSAM,7,87,7_087.png,0.9415728822696947
VF,FSAM,7,88,7_088.png,0.9271649632458444
VF,FSAM,7,89,7_089.png,0.9360547171859733
VF,FSAM,7,90,7_090.png,0.9195431007209818
VF,FSAM,7,91,7_091.png,0.8927172939940057
VF,FSAM,7,92,7_092.png,0.9152900567081117
VF,FSAM,7,93,7_093.png,0.9237583013749883
VF,FSAM,7,94,7_094.png,0.9076101945133921
VF,FSAM,7,95,7_095.png,0.9200633295155966
VF,FSAM,7,96,7_096.png,0.9306826492570592
VF,FSAM,7,97,7_097.png,0.9478696337705153
VF,FSAM,7,98,7_098.png,0.9049583080730279
VF,FSAM,7,99,7_099.png,0.9104108994192043
VF,FSAM,7,100,7_100.png,0.9344203597102487
VF,FSAM,7,101,7_101.png,0.9006127974918056
VF,FSAM,7,102,7_102.png,0.8933250857560592
VF,FSAM,7,103,7_103.png,0.9071643071643072
VF,FSAM,7,104,7_104.png,0.9456789382019098
VF,FSAM,7,105,7_105.png,0.926926895866948
VF,FSAM,7,106,7_106.png,0.9327062706270627
VF,FSAM,7,107,7_107.png,0.9079863391567057
VF,FSAM,7,108,7_108.png,0.908696575363242
VF,FSAM,7,109,7_109.png,0.9320418958209269
VF,FSAM,7,110,7_110.png,0.9126141885325558
VF,FSAM,7,111,7_111.png,0.9276362870974532
VF,FSAM,7,112,7_112.png,0.909639311298228
VF,FSAM,7,113,7_113.png,0.9061273395860018
VF,FSAM,7,114,7_114.png,0.9263653959437852
VF,FSAM,7,115,7_115.png,0.9260189717156841
VF,FSAM,7,116,7_116.png,0.9013476383618998
VF,FSAM,7,117,7_117.png,0.9090771156545158
VF,FSAM,7,118,7_118.png,0.9272530993174537
VF,FSAM,7,119,7_119.png,0.9314693518427999
VF,FSAM,7,120,7_120.png,0.937942425672487
VF,FSAM,7,121,7_121.png,0.9282698973813365
VF,FSAM,7,122,7_122.png,0.9245938196877986
VF,FSAM,7,123,7_123.png,0.9454670094258784
VF,FSAM,7,124,7_124.png,0.9378833310617418
VF,FSAM,7,125,7_125.png,0.5440255132850241
VF,FSAM,7,126,7_126.png,0.6565610534142422
VF,FSAM,7,127,7_127.png,0.36254958029702056
VF,FSAM,7,128,7_128.png,0.23371996685998342
VF,FSAM,7,129,7_129.png,0.6361125496288624
VF,FSAM,7,130,7_130.png,0.4273532891359182
VF,FSAM,7,131,7_131.png,0.9242949035131123
VF,FSAM,7,132,7_132.png,0.8348672915083453
VF,FSAM,7,133,7_133.png,0.84542272413705
VF,FSAM,7,134,7_134.png,0.9127287405812702
VF,FSAM,7,135,7_135.png,0.913100724160632
VF,FSAM,7,136,7_136.png,0.9086710513589322
VF,FSAM,7,137,7_137.png,0.9361333067933005
VF,FSAM,7,138,7_138.png,0.550172285784995
VF,FSAM,7,139,7_139.png,0.5968598476102517
VF,FSAM,7,140,7_140.png,0.9246919664859536
VF,FSAM,7,141,7_141.png,0.8948424494649228
VF,FSAM,7,142,7_142.png,0.925876161684022
VF,FSAM,7,143,7_143.png,0.9124813293502614
VF,FSAM,7,144,7_144.png,0.7766103905514093
VF,FSAM,7,145,7_145.png,0.8996263520157326
VF,FSAM,7,146,7_146.png,0.7263866326293804
VF,FSAM,7,147,7_147.png,0.7022237022237022
VF,FSAM,7,148,7_148.png,0.8968976316304561
VF,FSAM,7,149,7_149.png,0.2905278478227758
VF,FSAM,7,150,7_150.png,0.1581774081774082
VF,FSAM,7,151,7_151.png,0.1469131838231566
VF,FSAM,7,152,7_152.png,0.11419292220397192
VF,FSAM,7,153,7_153.png,0.12284310606863888
VF,FSAM,7,154,7_154.png,0.8777116529084277
VF,FSAM,7,155,7_155.png,0.3475550601688443
VF,FSAM,7,156,7_156.png,0.7696882031501125
VF,FSAM,7,157,7_157.png,0.41267883571780956
VF,FSAM,7,158,7_158.png,0.7844193315700889
VF,FSAM,7,159,7_159.png,0.9086018255455479
VF,FSAM,7,160,7_160.png,0.8835508550855086
VF,FSAM,7,161,7_161.png,0.8815513158482642
VF,FSAM,7,162,7_162.png,0.9077073728018279
VF,FSAM,7,163,7_163.png,0.8566419218860746
VF,FSAM,7,164,7_164.png,0.8347070944951428
VF,FSAM,7,165,7_165.png,0.9333472265638567
VF,FSAM,7,166,7_166.png,0.9225632814363097
VF,FSAM,7,167,7_167.png,0.691571784679647
VF,FSAM,7,168,7_168.png,0.535675415728062
VF,FSAM,7,169,7_169.png,0.9042880328008883
VF,FSAM,7,170,7_170.png,0.9241748438893844
VF,FSAM,7,171,7_171.png,0.9247819440697779
VF,FSAM,7,172,7_172.png,0.9242845234787441
VF,FSAM,7,173,7_173.png,0.9360264841408312
VF,FSAM,7,174,7_174.png,0.9150767232280588
VF,FSAM,7,175,7_175.png,0.9165329696775228
VF,FSAM,7,176,7_176.png,0.928656571453799
VF,FSAM,7,177,7_177.png,0.9066611200665592
VF,FSAM,7,178,7_178.png,0.8621797732750156
VF,FSAM,7,179,7_179.png,0.9579647123506773
VF,FSAM,7,180,7_180.png,0.9309962387886971
VF,FSAM,7,181,7_181.png,0.6716266486303686
VF,FSAM,7,182,7_182.png,0.8667828590914257
VF,FSAM,7,183,7_183.png,0.8468468468468469
VF,FSAM,7,184,7_184.png,0.894195092758827
VF,FSAM,7,185,7_185.png,0.8445286317936762
VF,FSAM,7,186,7_186.png,0.6599580590668143
VF,FSAM,7,187,7_187.png,0.9099987251944078
VF,FSAM,7,188,7_188.png,0.9435660539098962
VF,FSAM,7,189,7_189.png,0.9300377042312526
VF,FSAM,7,190,7_190.png,0.9535641740280599
VF,FSAM,7,191,7_191.png,0.4719410990790406
VF,FSAM,7,192,7_192.png,0.3916775517820489
VF,FSAM,7,193,7_193.png,0.7328967474350578
VF,FSAM,7,194,7_194.png,0.9268219293494614
VF,FSAM,7,195,7_195.png,0.8998061332393373
VF,FSAM,7,196,7_196.png,0.8965610719541476
VF,FSAM,7,197,7_197.png,0.772427172314528
VF,FSAM,7,198,7_198.png,0.5625848493076296
VF,FSAM,7,199,7_199.png,0.8981977593765221
VF,FSAM,7,200,7_200.png,0.8762561989976647
VF,FSAM,7,201,7_201.png,0.9340429459176768
VF,FSAM,7,202,7_202.png,0.9307154871264071
VF,FSAM,7,203,7_203.png,0.9043169398907104
VF,FSAM,7,204,7_204.png,0.832139175257732
VF,FSAM,7,205,7_205.png,0.7404185606497612
VF,FSAM,7,206,7_206.png,0.8830544926402816
VF,FSAM,7,207,7_207.png,0.9078215667311412
VF,FSAM,7,208,7_208.png,0.9231354139116635
VF,FSAM,7,209,7_209.png,0.9150241906679222
VF,FSAM,7,210,7_210.png,0.9162823696346222
VF,FSAM,7,211,7_211.png,0.9220194549401077
VF,FSAM,7,212,7_212.png,0.931770222743259
VF,FSAM,7,213,7_213.png,0.9564770932069511
VF,FSAM,7,214,7_214.png,0.9341403989645196
VF,FSAM,7,215,7_215.png,0.917422028191942
VF,FSAM,7,216,7_216.png,0.9269916035224247
VF,FSAM,7,217,7_217.png,0.9031621700029011
VF,FSAM,7,218,7_218.png,0.9252331261101243
VF,FSAM,7,219,7_219.png,0.9109172138766454
VF,FSAM,7,220,7_220.png,0.9209712133440947
VF,FSAM,7,221,7_221.png,0.9406152093420678
VF,FSAM,7,222,7_222.png,0.9179979084778768
VF,FSAM,7,223,7_223.png,0.7447335081464895
VF,FSAM,7,224,7_224.png,0.7267933159667069
VF,FSAM,8,0,8_000.png,0.957684601386004
VF,FSAM,8,1,8_001.png,0.9484261326802564
VF,FSAM,8,2,8_002.png,0.9454607625235083
VF,FSAM,8,3,8_003.png,0.9479624299348584
VF,FSAM,8,4,8_004.png,0.9395411346836902
VF,FSAM,8,5,8_005.png,0.9380271741388624
VF,FSAM,8,6,8_006.png,0.9425219070251003
VF,FSAM,8,7,8_007.png,0.7255707762557078
VF,FSAM,8,8,8_008.png,0.7715446153846154
VF,FSAM,8,9,8_009.png,0.9073752677580249
VF,FSAM,8,10,8_010.png,0.9273583392859746
VF,FSAM,8,11,8_011.png,0.8744286545333666
VF,FSAM,8,12,8_012.png,0.9418861139278882
VF,FSAM,8,13,8_013.png,0.9373821739649206
VF,FSAM,8,14,8_014.png,0.932420521548842
VF,FSAM,8,15,8_015.png,0.9486064290874067
VF,FSAM,8,16,8_016.png,0.9334510177620171
VF,FSAM,8,17,8_017.png,0.8605414273995078
VF,FSAM,8,18,8_018.png,0.9205925498400789
VF,FSAM,8,19,8_019.png,0.9559528451182312
VF,FSAM,8,20,8_020.png,0.8754890946422346
VF,FSAM,8,21,8_021.png,0.9568881685575364
VF,FSAM,8,22,8_022.png,0.9456673453446531
VF,FSAM,8,23,8_023.png,0.6389241988358868
VF,FSAM,8,24,8_024.png,0.7202650543272127
VF,FSAM,8,25,8_025.png,0.9370127039984504
VF,FSAM,8,26,8_026.png,0.7967420338933571
VF,FSAM,8,27,8_027.png,0.9299343134188301
VF,FSAM,8,28,8_028.png,0.9306707274866755
VF,FSAM,8,29,8_029.png,0.9459788491720081
VF,FSAM,8,30,8_030.png,0.9032276163891655
VF,FSAM,8,31,8_031.png,0.9350756150254373
VF,FSAM,8,32,8_032.png,0.8698640411285814
VF,FSAM,8,33,8_033.png,0.934101289459739
VF,FSAM,8,34,8_034.png,0.927081788979491
VF,FSAM,8,35,8_035.png,0.5725196512319176
VF,FSAM,8,36,8_036.png,0.936514737200247
VF,FSAM,8,37,8_037.png,0.9486654179349099
VF,FSAM,8,38,8_038.png,0.9500869888350253
VF,FSAM,8,39,8_039.png,0.9543542251911988
VF,FSAM,8,40,8_040.png,0.9419955998447004
VF,FSAM,8,41,8_041.png,0.8334305068215788
VF,FSAM,8,42,8_042.png,0.7512108636007964
VF,FSAM,8,43,8_043.png,0.7049657088288914
VF,FSAM,8,44,8_044.png,0.6763248773560547
VF,FSAM,8,45,8_045.png,0.946260581834869
VF,FSAM,8,46,8_046.png,0.8862437890133008
VF,FSAM,8,47,8_047.png,0.964951396913874
VF,FSAM,8,48,8_048.png,0.7639887588563588
VF,FSAM,8,49,8_049.png,0.943540418699438
VF,FSAM,8,50,8_050.png,0.9352400902352562
VF,FSAM,8,51,8_051.png,0.8911409083862967
VF,FSAM,8,52,8_052.png,0.9296691568836712
VF,FSAM,8,53,8_053.png,0.9267175056221573
VF,FSAM,8,54,8_054.png,0.8343338737712341
VF,FSAM,8,55,8_055.png,0.9203117591275486
VF,FSAM,8,56,8_056.png,0.9373009273061051
VF,FSAM,8,57,8_057.png,0.9348565715852105
VF,FSAM,8,58,8_058.png,0.9240983775963625
VF,FSAM,8,59,8_059.png,0.5282538371532797
VF,FSAM,8,60,8_060.png,0.6080674024920248
VF,FSAM,8,61,8_061.png,0.6667231424884985
VF,FSAM,8,62,8_062.png,0.7853448820888917
VF,FSAM,8,63,8_063.png,0.7115723071446934
VF,FSAM,8,64,8_064.png,0.841022582418225
VF,FSAM,8,65,8_065.png,0.9471541347599153
VF,FSAM,8,66,8_066.png,0.9480483961293515
VF,FSAM,8,67,8_067.png,0.9507730053630687
VF,FSAM,8,68,8_068.png,0.8935258862966851
VF,FSAM,8,69,8_069.png,0.9426315196937775
VF,FSAM,8,70,8_070.png,0.7241687018598535
VF,FSAM,8,71,8_071.png,0.6917433446489191
VF,FSAM,8,72,8_072.png,0.9101886545478345
VF,FSAM,8,73,8_073.png,0.8080346667083835
VF,FSAM,8,74,8_074.png,0.4900947538710423
VF,FSAM,8,75,8_075.png,0.8709995461587818
VF,FSAM,8,76,8_076.png,0.880003554133902
VF,FSAM,8,77,8_077.png,0.9496425284915411
VF,FSAM,8,78,8_078.png,0.954215175170849
VF,FSAM,8,79,8_079.png,0.9469949916527546
VF,FSAM,8,80,8_080.png,0.9352847912440118
VF,FSAM,8,81,8_081.png,0.9124179977181974
VF,FSAM,8,82,8_082.png,0.6929051828474254
VF,FSAM,8,83,8_083.png,0.8105252324264983
VF,FSAM,8,84,8_084.png,0.9240907837188227
VF,FSAM,8,85,8_085.png,0.6318315022591681
VF,FSAM,8,86,8_086.png,0.9284018028787904
VF,FSAM,8,87,8_087.png,0.8018388386952849
VF,FSAM,8,88,8_088.png,0.7296337817638266
VF,FSAM,8,89,8_089.png,0.7165811553087463
VF,FSAM,8,90,8_090.png,0.5917648665522085
VF,FSAM,8,91,8_091.png,0.8941297237107663
VF,FSAM,8,92,8_092.png,0.924997848722141
VF,FSAM,8,93,8_093.png,0.7271003818876159
VF,FSAM,8,94,8_094.png,0.691997301772245
VF,FSAM,8,95,8_095.png,0.528387849394215
VF,FSAM,8,96,8_096.png,0.5116775000512621
VF,FSAM,8,97,8_097.png,0.5075523096300492
VF,FSAM,8,98,8_098.png,0.5587536279502765
VF,FSAM,8,99,8_099.png,0.9454306098182436
VF,FSAM,8,100,8_100.png,0.9546690242015692
VF,FSAM,8,101,8_101.png,0.31931404483617554
VF,FSAM,8,102,8_102.png,0.5572547556881761
VF,FSAM,8,103,8_103.png,0.46001461045937003
VF,FSAM,8,104,8_104.png,0.3320023564836028
VF,FSAM,8,105,8_105.png,0.2063602734685182
VF,FSAM,8,106,8_106.png,0.5948486328125
VF,FSAM,8,107,8_107.png,0.1385692712718331
VF,FSAM,8,108,8_108.png,0.5662546353522868
VF,FSAM,8,109,8_109.png,0.6800863285465261
VF,FSAM,8,110,8_110.png,0.6329937304075235
VF,FSAM,8,111,8_111.png,0.9463051967557825
VF,FSAM,8,112,8_112.png,0.863688927435675
VF,FSAM,8,113,8_113.png,0.8822726962690131
VF,FSAM,8,114,8_114.png,0.863909398072832
VF,FSAM,8,115,8_115.png,0.9308545815269307
VF,FSAM,8,116,8_116.png,0.9168548387096774
VF,FSAM,8,117,8_117.png,0.8554684275691292
VF,FSAM,8,118,8_118.png,0.9139057575524637
VF,FSAM,8,119,8_119.png,0.9237907530590458
VF,FSAM,8,120,8_120.png,0.9180758496141849
VF,FSAM,8,121,8_121.png,0.9004814077025233
VF,FSAM,8,122,8_122.png,0.8763005780346821
VF,FSAM,8,123,8_123.png,0.8854577608488641
VF,FSAM,8,124,8_124.png,0.903650803423013
VF,FSAM,8,125,8_125.png,0.8877510382886727
VF,FSAM,8,126,8_126.png,0.8718304967002432
VF,FSAM,8,127,8_127.png,0.4593273306723599
VF,FSAM,8,128,8_128.png,0.30247944233418206
VF,FSAM,8,129,8_129.png,0.16259219263377983
VF,FSAM,8,130,8_130.png,0.32128373841815494
VF,FSAM,8,131,8_131.png,0.2030274023719519
VF,FSAM,8,132,8_132.png,0.19415839156552653
VF,FSAM,8,133,8_133.png,0.20350427755902398
VF,FSAM,8,134,8_134.png,0.6238373570520965
VF,FSAM,8,135,8_135.png,0.10073749079940539
VF,FSAM,8,136,8_136.png,0.513986013986014
VF,FSAM,8,137,8_137.png,0.07525325615050651
VF,FSAM,8,138,8_138.png,0.8721685689201053
VF,FSAM,8,139,8_139.png,0.9445605940451302
VF,FSAM,8,140,8_140.png,0.9111418685121108
VF,FSAM,8,141,8_141.png,0.8485241647745703
VF,FSAM,8,142,8_142.png,0.8057521372360301
VF,FSAM,8,143,8_143.png,0.8679474863912904
VF,FSAM,8,144,8_144.png,0.6052555587640774
VF,FSAM,8,145,8_145.png,0.950366568914956
VF,FSAM,8,146,8_146.png,0.89
VF,FSAM,8,147,8_147.png,0.956380544689645
VF,FSAM,8,148,8_148.png,0.37393219180682635
VF,FSAM,8,149,8_149.png,0.772547385961258
VF,FSAM,8,150,8_150.png,0.5735194775951362
VF,FSAM,8,151,8_151.png,0.2576145007282732
VF,FSAM,8,152,8_152.png,0.2768901013250195
VF,FSAM,8,153,8_153.png,0.9258484214357201
VF,FSAM,8,154,8_154.png,0.840716386918152
VF,FSAM,8,155,8_155.png,0.8682755936161931
VF,FSAM,8,156,8_156.png,0.87535953978907
VF,FSAM,8,157,8_157.png,0.8553800954829233
VF,FSAM,8,158,8_158.png,0.876122783722565
VF,FSAM,8,159,8_159.png,0.3823630136986301
VF,FSAM,8,160,8_160.png,0.4006850344019469
VF,FSAM,8,161,8_161.png,0.36793300298472864
VF,FSAM,8,162,8_162.png,0.10693686671862822
VF,FSAM,8,163,8_163.png,0.17462555066079294
VF,FSAM,8,164,8_164.png,0.12647597837938154
VF,FSAM,8,165,8_165.png,0.1066915305789912
VF,FSAM,8,166,8_166.png,0.21389596216806112
VF,FSAM,8,167,8_167.png,0.15852288682954227
VF,FSAM,8,168,8_168.png,0.1809867366273138
VF,FSAM,8,169,8_169.png,0.2230356971959039
VF,FSAM,8,170,8_170.png,0.08992984108882664
VF,FSAM,8,171,8_171.png,0.07992129137065129
VF,FSAM,8,172,8_172.png,0.7122023390164859
VF,FSAM,8,173,8_173.png,0.9120458891013384
VF,FSAM,8,174,8_174.png,0.3323128305037573
VF,FSAM,8,175,8_175.png,0.11078783470473247
VF,FSAM,8,176,8_176.png,0.3778867974903217
VF,FSAM,8,177,8_177.png,0.44969282272008243
VF,FSAM,8,178,8_178.png,0.2735179109173446
VF,FSAM,8,179,8_179.png,0.24332265547332377
VF,FSAM,8,180,8_180.png,0.14994051160023794
VF,FSAM,8,181,8_181.png,0.15347097801666523
VF,FSAM,8,182,8_182.png,0.178505348111861
VF,FSAM,8,183,8_183.png,0.31109531846850846
VF,FSAM,8,184,8_184.png,0.1578761810746016
VF,FSAM,8,185,8_185.png,0.44076375985134875
VF,FSAM,8,186,8_186.png,0.34431048226385014
VF,FSAM,8,187,8_187.png,0.10332292337943456
VF,FSAM,8,188,8_188.png,0.09712752443418972
VF,FSAM,8,189,8_189.png,0.10587669595051204
VF,FSAM,8,190,8_190.png,0.10496900838326108
VF,FSAM,8,191,8_191.png,0.10856553395146877
VF,FSAM,8,192,8_192.png,0.17803610282859214
VF,FSAM,8,193,8_193.png,0.1142516132416977
VF,FSAM,8,194,8_194.png,0.10988735919899875
VF,FSAM,8,195,8_195.png,0.143999738835205
VF,FSAM,8,196,8_196.png,0.06420535769780596
VF,FSAM,8,197,8_197.png,0.10867192386465373
VF,FSAM,8,198,8_198.png,0.2137674383812694
VF,FSAM,8,199,8_199.png,0.2137890250616856
VF,FSAM,8,200,8_200.png,0.44126567751455037
VF,FSAM,8,201,8_201.png,0.1349772433937912
VF,FSAM,8,202,8_202.png,0.17275443138816968
VF,FSAM,8,203,8_203.png,0.5461691322587767
VF,FSAM,8,204,8_204.png,0.3696385398322538
VF,FSAM,8,205,8_205.png,0.6810993565274294
VF,FSAM,8,206,8_206.png,0.3022797571314011
VF,FSAM,8,207,8_207.png,0.4489166701862567
VF,FSAM,8,208,8_208.png,0.4780210734277247
VF,FSAM,8,209,8_209.png,0.5676677254788719
VF,FSAM,8,210,8_210.png,0.6470856398567242
VF,FSAM,8,211,8_211.png,0.6154859572429486
VF,FSAM,8,212,8_212.png,0.5960831610383643
VF,FSAM,9,0,9_000.png,0.9419899908518539
VF,FSAM,9,1,9_001.png,0.9526323253651849
VF,FSAM,9,2,9_002.png,0.8065410771976927
VF,FSAM,9,3,9_003.png,0.7163901187569827
VF,FSAM,9,4,9_004.png,0.5541355634932518
VF,FSAM,9,5,9_005.png,0.617649600345647
VF,FSAM,9,6,9_006.png,0.6526232363154766
VF,FSAM,9,7,9_007.png,0.9329893107261334
VF,FSAM,9,8,9_008.png,0.935919102755702
VF,FSAM,9,9,9_009.png,0.5361063559122391
VF,FSAM,9,10,9_010.png,0.7511087049174663
VF,FSAM,9,11,9_011.png,0.5581748320458848
VF,FSAM,9,12,9_012.png,0.5785805728916626
VF,FSAM,9,13,9_013.png,0.547810016099107
VF,FSAM,9,14,9_014.png,0.7699600999516363
VF,FSAM,9,15,9_015.png,0.8861788617886179
VF,FSAM,9,16,9_016.png,0.9637813313168605
VF,FSAM,9,17,9_017.png,0.9437062159457356
VF,FSAM,9,18,9_018.png,0.9410239077351801
VF,FSAM,9,19,9_019.png,0.630680303991031
VF,FSAM,9,20,9_020.png,0.9516971669104696
VF,FSAM,9,21,9_021.png,0.943304535637149
VF,FSAM,9,22,9_022.png,0.9413135090218424
VF,FSAM,9,23,9_023.png,0.9400164461388951
VF,FSAM,9,24,9_024.png,0.9324800138532137
VF,FSAM,9,25,9_025.png,0.9469780092413729
VF,FSAM,9,26,9_026.png,0.9313178436394682
VF,FSAM,9,27,9_027.png,0.9454463480613166
VF,FSAM,9,28,9_028.png,0.954787194643201
VF,FSAM,9,29,9_029.png,0.923485135647371
VF,FSAM,9,30,9_030.png,0.8796713702686121
VF,FSAM,9,31,9_031.png,0.9435089457066799
VF,FSAM,9,32,9_032.png,0.9102784205419123
VF,FSAM,9,33,9_033.png,0.8321675366116523
VF,FSAM,9,34,9_034.png,0.878832311383631
VF,FSAM,9,35,9_035.png,0.9536290322580645
VF,FSAM,9,36,9_036.png,0.9676110279757526
VF,FSAM,9,37,9_037.png,0.9570960698689956
VF,FSAM,9,38,9_038.png,0.9635922330097088
VF,FSAM,9,39,9_039.png,0.9672327129466105
VF,FSAM,9,40,9_040.png,0.974927421483241
VF,FSAM,9,41,9_041.png,0.9789438927129105
VF,FSAM,9,42,9_042.png,0.9807217729127471
VF,FSAM,9,43,9_043.png,0.9728917197452229
VF,FSAM,9,44,9_044.png,0.944774707009924
VF,FSAM,9,45,9_045.png,0.8008829039378258
VF,FSAM,9,46,9_046.png,0.6865534426864083
VF,FSAM,9,47,9_047.png,0.447049590425271
VF,FSAM,9,48,9_048.png,0.9088686109620087
VF,FSAM,9,49,9_049.png,0.9513948454029326
VF,FSAM,9,50,9_050.png,0.9644106463878327
VF,FSAM,9,51,9_051.png,0.8154212563262876
VF,FSAM,9,52,9_052.png,0.6130228507942227
VF,FSAM,9,53,9_053.png,0.5874743814417679
VF,FSAM,9,54,9_054.png,0.3510173036698992
VF,FSAM,9,55,9_055.png,0.3724264705882353
VF,FSAM,9,56,9_056.png,0.4304182293442437
VF,FSAM,9,57,9_057.png,0.29810202497706906
VF,FSAM,9,58,9_058.png,0.5404351470534641
VF,FSAM,9,59,9_059.png,0.9337002209992633
VF,FSAM,9,60,9_060.png,0.9504338739721049
VF,FSAM,9,61,9_061.png,0.9308371449845761
VF,FSAM,9,62,9_062.png,0.9128693919803121
VF,FSAM,9,63,9_063.png,0.9165480427046263
VF,FSAM,9,64,9_064.png,0.8708348802673102
VF,FSAM,9,65,9_065.png,0.804069415407113
VF,FSAM,9,66,9_066.png,0.590376158073108
VF,FSAM,9,67,9_067.png,0.8112773590330121
VF,FSAM,9,68,9_068.png,0.8524360370168753
VF,FSAM,9,69,9_069.png,0.958280389665396
VF,FSAM,9,70,9_070.png,0.9314791646617265
VF,FSAM,9,71,9_071.png,0.9478554356953686
VF,FSAM,9,72,9_072.png,0.9419704357247891
VF,FSAM,9,73,9_073.png,0.9304116607487394
VF,FSAM,9,74,9_074.png,0.9381674219930197
VF,FSAM,9,75,9_075.png,0.941455316425314
VF,FSAM,9,76,9_076.png,0.9616588265396501
VF,FSAM,9,77,9_077.png,0.9418140807418391
VF,FSAM,9,78,9_078.png,0.9293492076942632
VF,FSAM,9,79,9_079.png,0.9533132193541177
VF,FSAM,9,80,9_080.png,0.9527978769251707
VF,FSAM,9,81,9_081.png,0.7144845428346869
VF,FSAM,9,82,9_082.png,0.9475845761340773
VF,FSAM,9,83,9_083.png,0.9386086274185889
VF,FSAM,9,84,9_084.png,0.8755130707627196
VF,FSAM,9,85,9_085.png,0.7725145669172478
VF,FSAM,9,86,9_086.png,0.9486551705916545
VF,FSAM,9,87,9_087.png,0.6931984354380417
VF,FSAM,9,88,9_088.png,0.9467942652073774
VF,FSAM,9,89,9_089.png,0.8977456566082859
VF,FSAM,9,90,9_090.png,0.7198763712345464
VF,FSAM,9,91,9_091.png,0.5720079950440078
VF,FSAM,9,92,9_092.png,0.66137026849667
VF,FSAM,9,93,9_093.png,0.3954112283358296
VF,FSAM,9,94,9_094.png,0.4485922230574728
VF,FSAM,9,95,9_095.png,0.8261270941477368
VF,FSAM,9,96,9_096.png,0.5479780705667747
VF,FSAM,9,97,9_097.png,0.8354274529612324
VF,FSAM,9,98,9_098.png,0.7993876219318353
VF,FSAM,9,99,9_099.png,0.8909967345669414
VF,FSAM,9,100,9_100.png,0.9644766209651706
VF,FSAM,9,101,9_101.png,0.9779248645306761
VF,FSAM,9,102,9_102.png,0.9744112738735398
VF,FSAM,9,103,9_103.png,0.9823551684967815
VF,FSAM,9,104,9_104.png,0.984793601176795
VF,FSAM,9,105,9_105.png,0.9802285759796113
VF,FSAM,9,106,9_106.png,0.9766328457855669
VF,FSAM,9,107,9_107.png,0.8970861748295103
VF,FSAM,9,108,9_108.png,0.38509907143379396
VF,FSAM,9,109,9_109.png,0.9374798191798515
VF,FSAM,9,110,9_110.png,0.39371072315061556
VF,FSAM,9,111,9_111.png,0.3744843096078519
VF,FSAM,9,112,9_112.png,0.31803403410543085
VF,FSAM,9,113,9_113.png,0.34207824656449837
VF,FSAM,9,114,9_114.png,0.9525224280554585
VF,FSAM,9,115,9_115.png,0.9422895198668046
VF,FSAM,9,116,9_116.png,0.9224519527091388
VF,FSAM,9,117,9_117.png,0.9044750430292599
VF,FSAM,9,118,9_118.png,0.9006282469493778
VF,FSAM,9,119,9_119.png,0.35270026891668516
VF,FSAM,9,120,9_120.png,0.39917517448232104
VF,FSAM,9,121,9_121.png,0.42985432633241677
VF,FSAM,9,122,9_122.png,0.9052717767840273
VF,FSAM,9,123,9_123.png,0.9149609349777232
VF,FSAM,9,124,9_124.png,0.709687292761312
VF,FSAM,9,125,9_125.png,0.4811230796397669
VF,FSAM,9,126,9_126.png,0.5137179036229336
VF,FSAM,9,127,9_127.png,0.7275953008870775
VF,FSAM,9,128,9_128.png,0.8530333557197224
VF,FSAM,9,129,9_129.png,0.8977657004830918
VF,FSAM,9,130,9_130.png,0.8802830369095429
VF,FSAM,9,131,9_131.png,0.8083070753365798
VF,FSAM,9,132,9_132.png,0.7872794462082965
VF,FSAM,9,133,9_133.png,0.892781520692974
VF,FSAM,9,134,9_134.png,0.9250890067572477
VF,FSAM,9,135,9_135.png,0.4265271849415716
VF,FSAM,9,136,9_136.png,0.3575398607680216
VF,FSAM,9,137,9_137.png,0.8141773980021664
VF,FSAM,9,138,9_138.png,0.9191800676375181
VF,FSAM,9,139,9_139.png,0.9209590210586227
VF,FSAM,9,140,9_140.png,0.6222100356457362
VF,FSAM,9,141,9_141.png,0.5825100264110339
VF,FSAM,9,142,9_142.png,0.48113350507652675
VF,FSAM,9,143,9_143.png,0.9048661628646091
VF,FSAM,9,144,9_144.png,0.7130612904964692
VF,FSAM,9,145,9_145.png,0.43703946291141316
VF,FSAM,9,146,9_146.png,0.9430166797909657
VF,FSAM,9,147,9_147.png,0.8745385183362048
VF,FSAM,9,148,9_148.png,0.492472515930257
VF,FSAM,9,149,9_149.png,0.8531103919453434
VF,FSAM,9,150,9_150.png,0.6209270080221848
VF,FSAM,9,151,9_151.png,0.9473881717202042
VF,FSAM,9,152,9_152.png,0.18828292310851644
VF,FSAM,9,153,9_153.png,0.8793165081861729
VF,FSAM,9,154,9_154.png,0.8944156947555418
VF,FSAM,9,155,9_155.png,0.8922252766617326
VF,FSAM,9,156,9_156.png,0.9221731700370265
VF,FSAM,9,157,9_157.png,0.6215386190305574
VF,FSAM,9,158,9_158.png,0.8958587088915956
VF,FSAM,9,159,9_159.png,0.7511584005491677
VF,FSAM,9,160,9_160.png,0.844606764058435
VF,FSAM,9,161,9_161.png,0.9225120561157387
VF,FSAM,9,162,9_162.png,0.943528894748407
VF,FSAM,9,163,9_163.png,0.9271105308964317
VF,FSAM,9,164,9_164.png,0.6413987990109502
VF,FSAM,9,165,9_165.png,0.4415393789275721
VF,FSAM,9,166,9_166.png,0.7408499140260378
VF,FSAM,9,167,9_167.png,0.9243473628129995
VF,FSAM,9,168,9_168.png,0.9371848278886209
VF,FSAM,9,169,9_169.png,0.9440248778320747
VF,FSAM,9,170,9_170.png,0.8996846669294443
VF,FSAM,9,171,9_171.png,0.9187094448449892
VF,FSAM,9,172,9_172.png,0.6981667394151025
VF,FSAM,9,173,9_173.png,0.8502266700881019
VF,FSAM,9,174,9_174.png,0.8964523829121739
VF,FSAM,9,175,9_175.png,0.9026594371288407
VF,FSAM,9,176,9_176.png,0.913320530726257
VF,FSAM,9,177,9_177.png,0.45059376107763205
VF,FSAM,9,178,9_178.png,0.3006915876706612
VF,FSAM,9,179,9_179.png,0.9167205244206444
VF,FSAM,9,180,9_180.png,0.6197782506439691
VF,FSAM,9,181,9_181.png,0.9064241486068112
VF,FSAM,9,182,9_182.png,0.9375048946667711
VF,FSAM,9,183,9_183.png,0.9456070224939258
VF,FSAM,9,184,9_184.png,0.9250126912756546
VF,FSAM,9,185,9_185.png,0.8663855671528305
VF,FSAM,9,186,9_186.png,0.8254239516235047
VF,FSAM,9,187,9_187.png,0.8954930684178032
VF,FSAM,9,188,9_188.png,0.9040957357154896
VF,FSAM,9,189,9_189.png,0.8700402217632351
VF,FSAM,9,190,9_190.png,0.921675296585174
VF,FSAM,9,191,9_191.png,0.344740510824105
VF,FSAM,9,192,9_192.png,0.4565492441899181
VF,FSAM,9,193,9_193.png,0.898066657048045
VF,FSAM,9,194,9_194.png,0.9134994421718111
VF,FSAM,9,195,9_195.png,0.9577693557119653
VF,FSAM,9,196,9_196.png,0.9206244647915157
VF,FSAM,9,197,9_197.png,0.9063291139240506
VF,FSAM,9,198,9_198.png,0.9006973661460435
VF,FSAM,9,199,9_199.png,0.8985333561604748
VF,FSAM,9,200,9_200.png,0.9157352683012464
VF,FSAM,9,201,9_201.png,0.9188721904508578
VF,FSAM,9,202,9_202.png,0.9003941239699033
VF,FSAM,9,203,9_203.png,0.9212730318257957
VF,FSAM,9,204,9_204.png,0.8019605057536582
VF,FSAM,9,205,9_205.png,0.3109335270613876
VF,FSAM,9,206,9_206.png,0.39663282066596983
VF,FSAM,9,207,9_207.png,0.5886984715145901
VF,FSAM,9,208,9_208.png,0.5435975033100057
VF,FSAM,9,209,9_209.png,0.9364572239971601
VF,FSAM,9,210,9_210.png,0.6766782590367795
VF,FSAM,9,211,9_211.png,0.9467323898871045
VF,FSAM,9,212,9_212.png,0.9516061393944477
VF,FSAM,9,213,9_213.png,0.9646034450123037
VF,FSAM,9,214,9_214.png,0.9266913427925149
VF,FSAM,9,215,9_215.png,0.9372951253040076
VF,FSAM,9,216,9_216.png,0.9629207664422579
VF,FSAM,9,217,9_217.png,0.8382426360459311
VF,FSAM,9,218,9_218.png,0.9661293417770102
VF,FSAM,9,219,9_219.png,0.9010187868025049
VF,FSAM,9,220,9_220.png,0.9466846309306131
VF,FSAM,9,221,9_221.png,0.5850834836232475
VF,FSAM,9,222,9_222.png,0.895932382461701
VF,FSAM,9,223,9_223.png,0.2908386096394883
VF,FSAM,9,224,9_224.png,0.3254767262821272
VF,FSAM,9,225,9_225.png,0.9307912717654838
VF,FSAM,9,226,9_226.png,0.8120961488756785
VF,FSAM,9,227,9_227.png,0.8604277684502518
