partition,method,scene,frame,filename,iou
VF,kMean++,1,0,1_000.png,0.6711360629029914
VF,kMean++,1,1,1_001.png,0.6081627784459708
VF,kMean++,1,2,1_002.png,0.5814367809848674
VF,kMean++,1,3,1_003.png,0.6372251856361928
VF,kMean++,1,4,1_004.png,0.7040468825382411
VF,kMean++,1,5,1_005.png,0.7092013888888888
VF,kMean++,1,6,1_006.png,0.7090217374629911
VF,kMean++,1,7,1_007.png,0.8703643413147069
VF,kMean++,1,8,1_008.png,0.8571846221312673
VF,kMean++,1,9,1_009.png,0.8396126154444894
VF,kMean++,1,10,1_010.png,0.8376265228195648
VF,kMean++,1,11,1_011.png,0.8163402612218631
VF,kMean++,1,12,1_012.png,0.7615980801488864
VF,kMean++,1,13,1_013.png,0.717447556839593
VF,kMean++,1,14,1_014.png,0.7364705882352941
VF,kMean++,1,15,1_015.png,0.6113216854020094
VF,kMean++,1,16,1_016.png,0.5371550963840241
VF,kMean++,1,17,1_017.png,0.4269032339247515
VF,kMean++,1,18,1_018.png,0.30970584423998965
VF,kMean++,1,19,1_019.png,0.02184065934065934
VF,kMean++,1,20,1_020.png,0.05806210007001319
VF,kMean++,1,21,1_021.png,0.07319662243667069
VF,kMean++,1,22,1_022.png,0.49718015110133723
VF,kMean++,1,23,1_023.png,0.0027004193947439883
VF,kMean++,1,24,1_024.png,0.004532543663503958
VF,kMean++,1,25,1_025.png,0.08381527522433127
VF,kMean++,1,26,1_026.png,0.6638960335724922
VF,kMean++,1,27,1_027.png,0.709454955647849
VF,kMean++,1,28,1_028.png,0.6722476940503803
VF,kMean++,1,29,1_029.png,0.6492866180897945
VF,kMean++,1,30,1_030.png,0.6535528347848238
VF,kMean++,1,31,1_031.png,0.6816520205857477
VF,kMean++,1,32,1_032.png,0.7028413046971239
VF,kMean++,1,33,1_033.png,0.7526061633240521
VF,kMean++,1,34,1_034.png,0.7671677976480585
VF,kMean++,1,35,1_035.png,0.7269848855965111
VF,kMean++,1,36,1_036.png,0.7124432830193586
VF,kMean++,1,37,1_037.png,0.7618081357884201
VF,kMean++,1,38,1_038.png,0.7644637704940449
VF,kMean++,1,39,1_039.png,0.7833709211360913
VF,kMean++,1,40,1_040.png,0.7388030545196235
VF,kMean++,1,41,1_041.png,0.5406129647401942
VF,kMean++,1,42,1_042.png,0.6284405507552184
VF,kMean++,1,43,1_043.png,0.6015385496948686
VF,kMean++,1,44,1_044.png,0.6420987225643744
VF,kMean++,1,45,1_045.png,0.7358478029766123
VF,kMean++,1,46,1_046.png,0.6149871355060035
VF,kMean++,1,47,1_047.png,0.7332328560663149
VF,kMean++,1,48,1_048.png,0.8544346354900982
VF,kMean++,1,49,1_049.png,0.08528835386338186
VF,kMean++,1,50,1_050.png,0.19607475935428292
VF,kMean++,1,51,1_051.png,0.10915535067787212
VF,kMean++,1,52,1_052.png,0.37094190466260346
VF,kMean++,1,53,1_053.png,0.47875595404875315
VF,kMean++,1,54,1_054.png,0.5502466631607943
VF,kMean++,1,55,1_055.png,0.498071178938967
VF,kMean++,1,56,1_056.png,0.5184062877299306
VF,kMean++,1,57,1_057.png,0.4622239126300633
VF,kMean++,1,58,1_058.png,0.4870272536687631
VF,kMean++,1,59,1_059.png,0.5131465188424961
VF,kMean++,1,60,1_060.png,0.40831472481282016
VF,kMean++,1,61,1_061.png,0.2825411745473865
VF,kMean++,1,62,1_062.png,0.5729607378575055
VF,kMean++,1,63,1_063.png,0.5490315167432699
VF,kMean++,1,64,1_064.png,0.5761556506140472
VF,kMean++,1,65,1_065.png,0.3831747842090256
VF,kMean++,1,66,1_066.png,0.6000374221485659
VF,kMean++,1,67,1_067.png,0.6820501671894572
VF,kMean++,1,68,1_068.png,0.6255852320863245
VF,kMean++,1,69,1_069.png,0.6884058857345549
VF,kMean++,1,70,1_070.png,0.64524675681241
VF,kMean++,1,71,1_071.png,0.7588919237600561
VF,kMean++,1,72,1_072.png,0.6790271656909821
VF,kMean++,1,73,1_073.png,0.6707630354787197
VF,kMean++,1,74,1_074.png,0.6953951864644711
VF,kMean++,1,75,1_075.png,0.6030505363754312
VF,kMean++,1,76,1_076.png,0.7206360794147054
VF,kMean++,1,77,1_077.png,0.6915259815955127
VF,kMean++,1,78,1_078.png,0.7280995146667426
VF,kMean++,1,79,1_079.png,0.7403890690134322
VF,kMean++,1,80,1_080.png,0.6968601796361529
VF,kMean++,1,81,1_081.png,0.7279966218254208
VF,kMean++,1,82,1_082.png,0.01702435932264783
VF,kMean++,1,83,1_083.png,0.004296251235647479
VF,kMean++,1,84,1_084.png,0.3932163637183708
VF,kMean++,1,85,1_085.png,0.5688223079204984
VF,kMean++,1,86,1_086.png,0.6162714814009136
VF,kMean++,1,87,1_087.png,0.13370266719972584
VF,kMean++,1,88,1_088.png,0.5803790412486065
VF,kMean++,1,89,1_089.png,0.47995681899964016
VF,kMean++,1,90,1_090.png,0.31784858311010855
VF,kMean++,1,91,1_091.png,0.0
VF,kMean++,1,92,1_092.png,0.1969279474702468
VF,kMean++,1,93,1_093.png,0.0
VF,kMean++,1,94,1_094.png,0.0
VF,kMean++,1,95,1_095.png,0.0
VF,kMean++,1,96,1_096.png,0.0069733222442582045
VF,kMean++,1,97,1_097.png,0.0
VF,kMean++,1,98,1_098.png,0.01545676728978136
VF,kMean++,1,99,1_099.png,0.002578938667548355
VF,kMean++,1,100,1_100.png,0.003389830508474576
VF,kMean++,1,101,1_101.png,0.04924966448411892
VF,kMean++,1,102,1_102.png,0.13480565371024736
VF,kMean++,1,103,1_103.png,0.26552715654952075
VF,kMean++,1,104,1_104.png,0.10192818219924549
VF,kMean++,1,105,1_105.png,0.0089249123446109
VF,kMean++,1,106,1_106.png,0.006539377548137085
VF,kMean++,1,107,1_107.png,0.008059592135791917
VF,kMean++,1,108,1_108.png,0.01276256314809891
VF,kMean++,1,109,1_109.png,0.002013693113169553
VF,kMean++,1,110,1_110.png,0.0
VF,kMean++,1,111,1_111.png,0.0
VF,kMean++,1,112,1_112.png,0.0030764182288034784
VF,kMean++,1,113,1_113.png,0.04832923535813616
VF,kMean++,1,114,1_114.png,0.003335433421042879
VF,kMean++,1,115,1_115.png,0.0
VF,kMean++,1,116,1_116.png,0.0015323322096230463
VF,kMean++,1,117,1_117.png,0.08523201334959245
VF,kMean++,1,118,1_118.png,0.6759958344181203
VF,kMean++,1,119,1_119.png,0.34133010680907877
VF,kMean++,1,120,1_120.png,0.7165584929555169
VF,kMean++,1,121,1_121.png,0.8114657210401891
VF,kMean++,1,122,1_122.png,0.7232692307692308
VF,kMean++,1,123,1_123.png,0.7356655862300212
VF,kMean++,1,124,1_124.png,0.747343432059688
VF,kMean++,1,125,1_125.png,0.7865065901083127
VF,kMean++,1,126,1_126.png,0.0
VF,kMean++,1,127,1_127.png,0.0
VF,kMean++,1,128,1_128.png,0.0
VF,kMean++,1,129,1_129.png,0.0
VF,kMean++,1,130,1_130.png,0.0
VF,kMean++,1,131,1_131.png,0.0
VF,kMean++,1,132,1_132.png,0.0
VF,kMean++,1,133,1_133.png,0.0
VF,kMean++,1,134,1_134.png,0.0
VF,kMean++,1,135,1_135.png,0.0021999003818695003
VF,kMean++,1,136,1_136.png,0.013065693430656933
VF,kMean++,1,137,1_137.png,0.10884136610277689
VF,kMean++,1,138,1_138.png,0.7533159268929503
VF,kMean++,1,139,1_139.png,0.7804202483285578
VF,kMean++,1,140,1_140.png,0.7618515886712008
VF,kMean++,1,141,1_141.png,0.7395269593104831
VF,kMean++,1,142,1_142.png,0.6121495327102804
VF,kMean++,1,143,1_143.png,0.590900401452877
VF,kMean++,1,144,1_144.png,0.5693240901213171
VF,kMean++,1,145,1_145.png,0.03192792162351295
VF,kMean++,1,146,1_146.png,0.006025765341460036
VF,kMean++,1,147,1_147.png,0.0019347037484885128
VF,kMean++,1,148,1_148.png,0.3486641115369661
VF,kMean++,1,149,1_149.png,0.42345230462349503
VF,kMean++,1,150,1_150.png,0.0
VF,kMean++,1,151,1_151.png,0.0
VF,kMean++,1,152,1_152.png,0.0
VF,kMean++,1,153,1_153.png,0.3339811215991116
VF,kMean++,1,154,1_154.png,0.6460898408950357
VF,kMean++,1,155,1_155.png,0.29931924041562163
VF,kMean++,1,156,1_156.png,0.3347359096445576
VF,kMean++,1,157,1_157.png,0.027963294781994896
VF,kMean++,1,158,1_158.png,0.004880694143167028
VF,kMean++,1,159,1_159.png,0.00963419585840316
VF,kMean++,1,160,1_160.png,0.08378708745416158
VF,kMean++,1,161,1_161.png,0.00168358757206265
VF,kMean++,1,162,1_162.png,0.4181232435396532
VF,kMean++,1,163,1_163.png,0.7172842150353395
VF,kMean++,1,164,1_164.png,0.7590456213948611
VF,kMean++,1,165,1_165.png,0.7730728616684266
VF,kMean++,1,166,1_166.png,0.8262161894382245
VF,kMean++,1,167,1_167.png,0.7678086392710067
VF,kMean++,1,168,1_168.png,0.7052669880833258
VF,kMean++,1,169,1_169.png,0.7055094204839718
VF,kMean++,1,170,1_170.png,0.5823277539898793
VF,kMean++,1,171,1_171.png,0.12507494004796163
VF,kMean++,10,0,10_000.png,0.6393388595542245
VF,kMean++,10,1,10_001.png,0.5458438402640869
VF,kMean++,10,2,10_002.png,0.42341363439606355
VF,kMean++,10,3,10_003.png,0.3250856060911252
VF,kMean++,10,4,10_004.png,0.07113683961509293
VF,kMean++,10,5,10_005.png,0.0476051880013825
VF,kMean++,10,6,10_006.png,0.017423554211023012
VF,kMean++,10,7,10_007.png,0.013991085057074904
VF,kMean++,10,8,10_008.png,0.09636363636363636
VF,kMean++,10,9,10_009.png,0.3239999270352602
VF,kMean++,10,10,10_010.png,0.7427600744970426
VF,kMean++,10,11,10_011.png,0.6816646839863387
VF,kMean++,10,12,10_012.png,0.6620244064297302
VF,kMean++,10,13,10_013.png,0.7436707486538128
VF,kMean++,10,14,10_014.png,0.6855874186855373
VF,kMean++,10,15,10_015.png,0.7159457654783544
VF,kMean++,10,16,10_016.png,0.7417838439651974
VF,kMean++,10,17,10_017.png,0.7763508080499213
VF,kMean++,10,18,10_018.png,0.7537536821266294
VF,kMean++,10,19,10_019.png,0.8392138426079877
VF,kMean++,10,20,10_020.png,0.7186826715912589
VF,kMean++,10,21,10_021.png,0.6531173542563065
VF,kMean++,10,22,10_022.png,0.6595448741335279
VF,kMean++,10,23,10_023.png,0.6773281842459727
VF,kMean++,10,24,10_024.png,0.6689506806641102
VF,kMean++,10,25,10_025.png,0.7019432434450319
VF,kMean++,10,26,10_026.png,0.6654862622118868
VF,kMean++,10,27,10_027.png,0.6658091444246835
VF,kMean++,10,28,10_028.png,0.6174899534122835
VF,kMean++,10,29,10_029.png,0.6559914346220763
VF,kMean++,10,30,10_030.png,0.46045478067638734
VF,kMean++,10,31,10_031.png,0.44929086516294425
VF,kMean++,10,32,10_032.png,0.47580015877647125
VF,kMean++,10,33,10_033.png,0.49993764462981694
VF,kMean++,10,34,10_034.png,0.5025563809141405
VF,kMean++,10,35,10_035.png,0.5420776108397087
VF,kMean++,10,36,10_036.png,0.5191539459471817
VF,kMean++,10,37,10_037.png,0.469217574605274
VF,kMean++,10,38,10_038.png,0.5415681199518051
VF,kMean++,10,39,10_039.png,0.648845604741601
VF,kMean++,10,40,10_040.png,0.6076102350047384
VF,kMean++,10,41,10_041.png,0.6302366418596873
VF,kMean++,10,42,10_042.png,0.642268943500184
VF,kMean++,10,43,10_043.png,0.6315372551958166
VF,kMean++,10,44,10_044.png,0.6498765483544989
VF,kMean++,10,45,10_045.png,0.6586811571657699
VF,kMean++,10,46,10_046.png,0.6550161120702745
VF,kMean++,10,47,10_047.png,0.6645366955427853
VF,kMean++,10,48,10_048.png,0.7128237735894329
VF,kMean++,10,49,10_049.png,0.6759799627385903
VF,kMean++,10,50,10_050.png,0.6617445320349331
VF,kMean++,10,51,10_051.png,0.5774051896207585
VF,kMean++,10,52,10_052.png,0.5166828219534269
VF,kMean++,10,53,10_053.png,0.6210458209257729
VF,kMean++,10,54,10_054.png,0.6399430148695575
VF,kMean++,10,55,10_055.png,0.504728184571373
VF,kMean++,10,56,10_056.png,0.17550159235668789
VF,kMean++,10,57,10_057.png,0.11420439184114872
VF,kMean++,10,58,10_058.png,0.04274390607306752
VF,kMean++,10,59,10_059.png,0.01518480375328985
VF,kMean++,10,60,10_060.png,0.02580592005411828
VF,kMean++,10,61,10_061.png,0.01776008112410783
VF,kMean++,10,62,10_062.png,0.028908032861706984
VF,kMean++,10,63,10_063.png,0.028849039165556395
VF,kMean++,10,64,10_064.png,0.05832716399887874
VF,kMean++,10,65,10_065.png,0.42061355624265556
VF,kMean++,10,66,10_066.png,0.3927717449245343
VF,kMean++,10,67,10_067.png,0.5554113345521023
VF,kMean++,10,68,10_068.png,0.7882893855429024
VF,kMean++,10,69,10_069.png,0.7798166945895338
VF,kMean++,10,70,10_070.png,0.6069629662502496
VF,kMean++,10,71,10_071.png,0.6175734926286672
VF,kMean++,10,72,10_072.png,0.7378741074593609
VF,kMean++,10,73,10_073.png,0.5857416987944077
VF,kMean++,10,74,10_074.png,0.4886822408709458
VF,kMean++,10,75,10_075.png,0.4950135452948706
VF,kMean++,10,76,10_076.png,0.3786395646425268
VF,kMean++,10,77,10_077.png,0.44752572798327456
VF,kMean++,10,78,10_078.png,0.43960719730131814
VF,kMean++,10,79,10_079.png,0.4318018426219604
VF,kMean++,10,80,10_080.png,0.6597691036552008
VF,kMean++,10,81,10_081.png,0.6727509991919104
VF,kMean++,10,82,10_082.png,0.6937396875736602
VF,kMean++,10,83,10_083.png,0.7074285247413235
VF,kMean++,10,84,10_084.png,0.720581834696877
VF,kMean++,10,85,10_085.png,0.5008306865379917
VF,kMean++,10,86,10_086.png,0.5562527322755677
VF,kMean++,10,87,10_087.png,0.6721427727219005
VF,kMean++,10,88,10_088.png,0.23739070508678986
VF,kMean++,10,89,10_089.png,0.13095528158146938
VF,kMean++,10,90,10_090.png,0.056730742712154225
VF,kMean++,10,91,10_091.png,0.02392939541824981
VF,kMean++,10,92,10_092.png,0.010986271057019525
VF,kMean++,10,93,10_093.png,0.01569918303060519
VF,kMean++,10,94,10_094.png,0.02206453185851496
VF,kMean++,10,95,10_095.png,0.027620471465893474
VF,kMean++,10,96,10_096.png,0.009628315106261475
VF,kMean++,10,97,10_097.png,0.0063313860513690805
VF,kMean++,10,98,10_098.png,0.007653472071479088
VF,kMean++,10,99,10_099.png,0.0016797993081879164
VF,kMean++,10,100,10_100.png,0.001985099793119118
VF,kMean++,10,101,10_101.png,0.016178182341324336
VF,kMean++,10,102,10_102.png,0.05559947299077734
VF,kMean++,10,103,10_103.png,0.1421491914449661
VF,kMean++,10,104,10_104.png,0.33029836973239
VF,kMean++,10,105,10_105.png,0.46941017407470004
VF,kMean++,10,106,10_106.png,0.48037685518885326
VF,kMean++,10,107,10_107.png,0.6598398726058301
VF,kMean++,10,108,10_108.png,0.7067591151360785
VF,kMean++,10,109,10_109.png,0.7677079244013235
VF,kMean++,10,110,10_110.png,0.28664198234121335
VF,kMean++,10,111,10_111.png,0.34558387670420865
VF,kMean++,10,112,10_112.png,0.48880904259300845
VF,kMean++,10,113,10_113.png,0.5608027632205812
VF,kMean++,10,114,10_114.png,0.7113626700680272
VF,kMean++,10,115,10_115.png,0.7157878217200251
VF,kMean++,10,116,10_116.png,0.7502842847395952
VF,kMean++,10,117,10_117.png,0.7838303104826314
VF,kMean++,10,118,10_118.png,0.5027688238697413
VF,kMean++,10,119,10_119.png,0.3081992957076235
VF,kMean++,10,120,10_120.png,0.30022098508350686
VF,kMean++,10,121,10_121.png,0.38077427104947037
VF,kMean++,10,122,10_122.png,0.4435274427194552
VF,kMean++,10,123,10_123.png,0.43996714883696286
VF,kMean++,10,124,10_124.png,0.4932467988072268
VF,kMean++,10,125,10_125.png,0.4739589938702177
VF,kMean++,10,126,10_126.png,0.4189991351521346
VF,kMean++,10,127,10_127.png,0.4501136650669361
VF,kMean++,10,128,10_128.png,0.41328068536374696
VF,kMean++,10,129,10_129.png,0.31902435868404877
VF,kMean++,10,130,10_130.png,0.15459331002942925
VF,kMean++,10,131,10_131.png,0.13245737377556688
VF,kMean++,10,132,10_132.png,0.1217757062468027
VF,kMean++,10,133,10_133.png,0.13364997223502167
VF,kMean++,10,134,10_134.png,0.18324490036552293
VF,kMean++,10,135,10_135.png,0.23222826736816932
VF,kMean++,10,136,10_136.png,0.2841777850536138
VF,kMean++,10,137,10_137.png,0.33582908773608805
VF,kMean++,10,138,10_138.png,0.3371033153534191
VF,kMean++,10,139,10_139.png,0.32886900958466453
VF,kMean++,10,140,10_140.png,0.32358866932632396
VF,kMean++,10,141,10_141.png,0.3527261414015711
VF,kMean++,10,142,10_142.png,0.4014044038291729
VF,kMean++,10,143,10_143.png,0.4455027583894663
VF,kMean++,10,144,10_144.png,0.4577505781665434
VF,kMean++,10,145,10_145.png,0.4714667931046161
VF,kMean++,10,146,10_146.png,0.5091997490206719
VF,kMean++,10,147,10_147.png,0.5374143978620344
VF,kMean++,10,148,10_148.png,0.5802243036296723
VF,kMean++,10,149,10_149.png,0.5798010037862111
VF,kMean++,10,150,10_150.png,0.5563476876703978
VF,kMean++,10,151,10_151.png,0.515773800748887
VF,kMean++,10,152,10_152.png,0.5072767297520409
VF,kMean++,10,153,10_153.png,0.48304594375650967
VF,kMean++,10,154,10_154.png,0.4721679849091571
VF,kMean++,10,155,10_155.png,0.48779903924416285
VF,kMean++,10,156,10_156.png,0.5427449641515876
VF,kMean++,10,157,10_157.png,0.5246613204609156
VF,kMean++,10,158,10_158.png,0.6289107910032853
VF,kMean++,10,159,10_159.png,0.5671512323522374
VF,kMean++,10,160,10_160.png,0.1536087776444368
VF,kMean++,10,161,10_161.png,0.10071096381033838
VF,kMean++,10,162,10_162.png,0.01558361043791918
VF,kMean++,10,163,10_163.png,0.018572684695031132
VF,kMean++,10,164,10_164.png,0.006804295883525006
VF,kMean++,10,165,10_165.png,0.0042150021482436255
VF,kMean++,10,166,10_166.png,0.002042878641376653
VF,kMean++,10,167,10_167.png,0.014450521371331645
VF,kMean++,10,168,10_168.png,0.28459672315589624
VF,kMean++,10,169,10_169.png,0.4867743710946353
VF,kMean++,10,170,10_170.png,0.7299151544675841
VF,kMean++,10,171,10_171.png,0.6708051166290444
VF,kMean++,10,172,10_172.png,0.3652360652585019
VF,kMean++,10,173,10_173.png,0.4393233979832955
VF,kMean++,10,174,10_174.png,0.284053603996511
VF,kMean++,10,175,10_175.png,0.23274958053691275
VF,kMean++,10,176,10_176.png,0.1869757149469929
VF,kMean++,10,177,10_177.png,0.21691105670032187
VF,kMean++,10,178,10_178.png,0.3134618286059143
VF,kMean++,10,179,10_179.png,0.4530634822503498
VF,kMean++,10,180,10_180.png,0.5437553101104503
VF,kMean++,10,181,10_181.png,0.5669360764144011
VF,kMean++,10,182,10_182.png,0.43778829690804716
VF,kMean++,10,183,10_183.png,0.4804809911332443
VF,kMean++,10,184,10_184.png,0.4571412852112676
VF,kMean++,10,185,10_185.png,0.3716062222025535
VF,kMean++,10,186,10_186.png,0.354622250211731
VF,kMean++,10,187,10_187.png,0.17731868452750302
VF,kMean++,10,188,10_188.png,0.15485008818342152
VF,kMean++,10,189,10_189.png,0.14263351904529464
VF,kMean++,10,190,10_190.png,0.18087597272915087
VF,kMean++,10,191,10_191.png,0.27493016640104195
VF,kMean++,10,192,10_192.png,0.34300692340020794
VF,kMean++,10,193,10_193.png,0.3212803793716657
VF,kMean++,10,194,10_194.png,0.38018870310879516
VF,kMean++,10,195,10_195.png,0.38516799292661363
VF,kMean++,10,196,10_196.png,0.2974836189785072
VF,kMean++,10,197,10_197.png,0.4251242015613911
VF,kMean++,10,198,10_198.png,0.5795540597391671
VF,kMean++,10,199,10_199.png,0.5425608011444921
VF,kMean++,10,200,10_200.png,0.4656572912637454
VF,kMean++,10,201,10_201.png,0.40029258480387675
VF,kMean++,10,202,10_202.png,0.43983477011494254
VF,kMean++,10,203,10_203.png,0.43638570465273097
VF,kMean++,10,204,10_204.png,0.34329871815674184
VF,kMean++,10,205,10_205.png,0.37110755681930374
VF,kMean++,10,206,10_206.png,0.43995494171809185
VF,kMean++,11,0,11_000.png,0.7791568957936391
VF,kMean++,11,1,11_001.png,0.6982705173642277
VF,kMean++,11,2,11_002.png,0.6164201130187524
VF,kMean++,11,3,11_003.png,0.511060186786579
VF,kMean++,11,4,11_004.png,0.5033723997462353
VF,kMean++,11,5,11_005.png,0.49417215048423146
VF,kMean++,11,6,11_006.png,0.441849189613508
VF,kMean++,11,7,11_007.png,0.4241413829699155
VF,kMean++,11,8,11_008.png,0.7373007182494757
VF,kMean++,11,9,11_009.png,0.5472108388391737
VF,kMean++,11,10,11_010.png,0.6037452624420504
VF,kMean++,11,11,11_011.png,0.5569949335865061
VF,kMean++,11,12,11_012.png,0.5330443125045253
VF,kMean++,11,13,11_013.png,0.4651283161272715
VF,kMean++,11,14,11_014.png,0.608713264725456
VF,kMean++,11,15,11_015.png,0.581963817152327
VF,kMean++,11,16,11_016.png,0.45058959084111694
VF,kMean++,11,17,11_017.png,0.3654707140329554
VF,kMean++,11,18,11_018.png,0.6585810171470008
VF,kMean++,11,19,11_019.png,0.40619699539617155
VF,kMean++,11,20,11_020.png,0.24148020033870213
VF,kMean++,11,21,11_021.png,0.21471147142056407
VF,kMean++,11,22,11_022.png,0.23142689263149555
VF,kMean++,11,23,11_023.png,0.34263701529604335
VF,kMean++,11,24,11_024.png,0.38229934564731216
VF,kMean++,11,25,11_025.png,0.5625044453702104
VF,kMean++,11,26,11_026.png,0.5593348375361555
VF,kMean++,11,27,11_027.png,0.39635906600420256
VF,kMean++,11,28,11_028.png,0.5717468042085061
VF,kMean++,11,29,11_029.png,0.5063989020399067
VF,kMean++,11,30,11_030.png,0.5345029940119761
VF,kMean++,11,31,11_031.png,0.44208205211199225
VF,kMean++,11,32,11_032.png,0.39279212109652695
VF,kMean++,11,33,11_033.png,0.23454108802338938
VF,kMean++,11,34,11_034.png,0.2796635519343627
VF,kMean++,11,35,11_035.png,0.2655998774978945
VF,kMean++,11,36,11_036.png,0.23965560967362254
VF,kMean++,11,37,11_037.png,0.23957574389890068
VF,kMean++,11,38,11_038.png,0.31022742664351766
VF,kMean++,11,39,11_039.png,0.2966031332383867
VF,kMean++,11,40,11_040.png,0.31576004036204264
VF,kMean++,11,41,11_041.png,0.36818832784461764
VF,kMean++,11,42,11_042.png,0.3947762611025549
VF,kMean++,11,43,11_043.png,0.37090601742070295
VF,kMean++,11,44,11_044.png,0.4485951681793913
VF,kMean++,11,45,11_045.png,0.3056693678108592
VF,kMean++,11,46,11_046.png,0.11744558686072908
VF,kMean++,11,47,11_047.png,0.25426398937893446
VF,kMean++,11,48,11_048.png,0.3166361127969617
VF,kMean++,11,49,11_049.png,0.21324969077768718
VF,kMean++,11,50,11_050.png,0.2689265125752423
VF,kMean++,11,51,11_051.png,0.28683890269256124
VF,kMean++,11,52,11_052.png,0.35347744360902256
VF,kMean++,11,53,11_053.png,0.4741308452737976
VF,kMean++,11,54,11_054.png,0.38073546713324685
VF,kMean++,11,55,11_055.png,0.30135315230191023
VF,kMean++,11,56,11_056.png,0.3460629220718698
VF,kMean++,11,57,11_057.png,0.29520965746704775
VF,kMean++,11,58,11_058.png,0.39088363254488173
VF,kMean++,11,59,11_059.png,0.40846416280337133
VF,kMean++,11,60,11_060.png,0.3568903909908283
VF,kMean++,11,61,11_061.png,0.34921682770209445
VF,kMean++,11,62,11_062.png,0.32920204879363796
VF,kMean++,11,63,11_063.png,0.4243667856533258
VF,kMean++,11,64,11_064.png,0.35571928503052275
VF,kMean++,11,65,11_065.png,0.44675808639654807
VF,kMean++,11,66,11_066.png,0.3639347210358315
VF,kMean++,11,67,11_067.png,0.3475842628516004
VF,kMean++,11,68,11_068.png,0.38737398777061643
VF,kMean++,11,69,11_069.png,0.28020669635810896
VF,kMean++,11,70,11_070.png,0.36289979389701527
VF,kMean++,11,71,11_071.png,0.4470727326877431
VF,kMean++,11,72,11_072.png,0.3096335590863441
VF,kMean++,11,73,11_073.png,0.44407280178388475
VF,kMean++,11,74,11_074.png,0.37615386061551764
VF,kMean++,11,75,11_075.png,0.4088867403871332
VF,kMean++,11,76,11_076.png,0.3868789629986355
VF,kMean++,11,77,11_077.png,0.36563088967283625
VF,kMean++,11,78,11_078.png,0.36408602150537633
VF,kMean++,11,79,11_079.png,0.41629775696327337
VF,kMean++,11,80,11_080.png,0.3754681819012296
VF,kMean++,11,81,11_081.png,0.3382477532102929
VF,kMean++,11,82,11_082.png,0.4062911634292499
VF,kMean++,11,83,11_083.png,0.3772123262931772
VF,kMean++,11,84,11_084.png,0.3200648487533733
VF,kMean++,11,85,11_085.png,0.29590154466507756
VF,kMean++,11,86,11_086.png,0.2969443744304632
VF,kMean++,11,87,11_087.png,0.39028434863190753
VF,kMean++,11,88,11_088.png,0.22577519379844962
VF,kMean++,11,89,11_089.png,0.3619495250804616
VF,kMean++,11,90,11_090.png,0.3799952451965679
VF,kMean++,11,91,11_091.png,0.30044701950827857
VF,kMean++,11,92,11_092.png,0.39382029615415737
VF,kMean++,11,93,11_093.png,0.2228435565709428
VF,kMean++,11,94,11_094.png,0.23594693829207627
VF,kMean++,11,95,11_095.png,0.22756841759907684
VF,kMean++,11,96,11_096.png,0.21761811672194523
VF,kMean++,11,97,11_097.png,0.16529932580618958
VF,kMean++,11,98,11_098.png,0.119885558485354
VF,kMean++,11,99,11_099.png,0.15827792069116148
VF,kMean++,11,100,11_100.png,0.18305476625214734
VF,kMean++,11,101,11_101.png,0.09294781529346727
VF,kMean++,11,102,11_102.png,0.0165299818937054
VF,kMean++,11,103,11_103.png,0.037597887137140025
VF,kMean++,11,104,11_104.png,0.04074505238649592
VF,kMean++,11,105,11_105.png,0.05273905467218471
VF,kMean++,11,106,11_106.png,0.02201531500174034
VF,kMean++,11,107,11_107.png,0.09584788513775708
VF,kMean++,11,108,11_108.png,0.16993881951757686
VF,kMean++,11,109,11_109.png,0.19236762050800088
VF,kMean++,11,110,11_110.png,0.2266263661986201
VF,kMean++,11,111,11_111.png,0.21802889245585874
VF,kMean++,11,112,11_112.png,0.18810330014656088
VF,kMean++,11,113,11_113.png,0.17479010224722213
VF,kMean++,11,114,11_114.png,0.09668855266914074
VF,kMean++,11,115,11_115.png,0.07169406275226428
VF,kMean++,11,116,11_116.png,0.017813070931760634
VF,kMean++,11,117,11_117.png,0.016311971464069576
VF,kMean++,11,118,11_118.png,0.10943539289479037
VF,kMean++,11,119,11_119.png,0.1325765273133694
VF,kMean++,11,120,11_120.png,0.13269450688118617
VF,kMean++,11,121,11_121.png,0.1318844839622295
VF,kMean++,11,122,11_122.png,0.10958529923019618
VF,kMean++,11,123,11_123.png,0.12102142708550032
VF,kMean++,11,124,11_124.png,0.07847429337565327
VF,kMean++,11,125,11_125.png,0.09168949942489503
VF,kMean++,11,126,11_126.png,0.061486636558821355
VF,kMean++,11,127,11_127.png,0.18032235647515074
VF,kMean++,11,128,11_128.png,0.1281689807136426
VF,kMean++,11,129,11_129.png,0.17760796161364847
VF,kMean++,11,130,11_130.png,0.14511828505263605
VF,kMean++,11,131,11_131.png,0.11028991505548001
VF,kMean++,11,132,11_132.png,0.12085244687634995
VF,kMean++,11,133,11_133.png,0.1491543481155946
VF,kMean++,11,134,11_134.png,0.129764801297648
VF,kMean++,11,135,11_135.png,0.14036256146849255
VF,kMean++,11,136,11_136.png,0.13218549922131856
VF,kMean++,11,137,11_137.png,0.11349032800672834
VF,kMean++,11,138,11_138.png,0.12035348215891284
VF,kMean++,11,139,11_139.png,0.10910622282588077
VF,kMean++,11,140,11_140.png,0.110556765365489
VF,kMean++,11,141,11_141.png,0.09728352665615289
VF,kMean++,11,142,11_142.png,0.13084449796778563
VF,kMean++,11,143,11_143.png,0.0757123221132481
VF,kMean++,11,144,11_144.png,0.12947169772406183
VF,kMean++,11,145,11_145.png,0.15150189240630949
VF,kMean++,11,146,11_146.png,0.14238202951781595
VF,kMean++,11,147,11_147.png,0.08631400317174921
VF,kMean++,11,148,11_148.png,0.14448357424441524
VF,kMean++,11,149,11_149.png,0.1448420003898551
VF,kMean++,11,150,11_150.png,0.13617421549432882
VF,kMean++,11,151,11_151.png,0.10296360281963507
VF,kMean++,11,152,11_152.png,0.12322243751847352
VF,kMean++,11,153,11_153.png,0.24379799368234625
VF,kMean++,11,154,11_154.png,0.2500196145095065
VF,kMean++,11,155,11_155.png,0.20196778758676462
VF,kMean++,11,156,11_156.png,0.18615360840673775
VF,kMean++,11,157,11_157.png,0.13435398230088497
VF,kMean++,11,158,11_158.png,0.14945394000395082
VF,kMean++,11,159,11_159.png,0.1651414309484193
VF,kMean++,11,160,11_160.png,0.05051719780746473
VF,kMean++,11,161,11_161.png,0.04078343010659503
VF,kMean++,11,162,11_162.png,0.13725268745443905
VF,kMean++,11,163,11_163.png,0.13853956708439225
VF,kMean++,11,164,11_164.png,0.13966143359964245
VF,kMean++,11,165,11_165.png,0.17800190976366675
VF,kMean++,11,166,11_166.png,0.15041168523286344
VF,kMean++,11,167,11_167.png,0.10589655515730785
VF,kMean++,11,168,11_168.png,0.06551487165885006
VF,kMean++,11,169,11_169.png,0.18470912484087454
VF,kMean++,11,170,11_170.png,0.1987342242479038
VF,kMean++,11,171,11_171.png,0.20073600043294143
VF,kMean++,11,172,11_172.png,0.13786867780643713
VF,kMean++,11,173,11_173.png,0.145277229576917
VF,kMean++,11,174,11_174.png,0.18871399866041527
VF,kMean++,11,175,11_175.png,0.16932591059283353
VF,kMean++,11,176,11_176.png,0.1628908293428836
VF,kMean++,11,177,11_177.png,0.15821059839157928
VF,kMean++,11,178,11_178.png,0.19464162408507113
VF,kMean++,11,179,11_179.png,0.13620226325780924
VF,kMean++,11,180,11_180.png,0.2362427443462874
VF,kMean++,11,181,11_181.png,0.22750302188617133
VF,kMean++,11,182,11_182.png,0.2923715352235724
VF,kMean++,11,183,11_183.png,0.2894312439522632
VF,kMean++,11,184,11_184.png,0.30283731839207767
VF,kMean++,11,185,11_185.png,0.21453331953642385
VF,kMean++,11,186,11_186.png,0.16296022758356585
VF,kMean++,11,187,11_187.png,0.247673985857834
VF,kMean++,11,188,11_188.png,0.35572371186781454
VF,kMean++,11,189,11_189.png,0.3621620330562721
VF,kMean++,11,190,11_190.png,0.43205833439938596
VF,kMean++,11,191,11_191.png,0.31869186475712385
VF,kMean++,11,192,11_192.png,0.17423018126228434
VF,kMean++,11,193,11_193.png,0.07612625421456717
VF,kMean++,11,194,11_194.png,0.12573383452295478
VF,kMean++,11,195,11_195.png,0.20588514926792165
VF,kMean++,11,196,11_196.png,0.24319432554726672
VF,kMean++,11,197,11_197.png,0.017440500244592382
VF,kMean++,11,198,11_198.png,0.0
VF,kMean++,11,199,11_199.png,0.004943012377956616
VF,kMean++,11,200,11_200.png,0.0034896736386980662
VF,kMean++,2,0,2_000.png,0.7912381809995498
VF,kMean++,2,1,2_001.png,0.8059991800230738
VF,kMean++,2,2,2_002.png,0.8208878105764479
VF,kMean++,2,3,2_003.png,0.7902166069552228
VF,kMean++,2,4,2_004.png,0.7680572479870021
VF,kMean++,2,5,2_005.png,0.7376943486993826
VF,kMean++,2,6,2_006.png,0.7595219195111358
VF,kMean++,2,7,2_007.png,0.7586173555716703
VF,kMean++,2,8,2_008.png,0.7636194525644433
VF,kMean++,2,9,2_009.png,0.7622553676610299
VF,kMean++,2,10,2_010.png,0.7808565091281351
VF,kMean++,2,11,2_011.png,0.8227103771860338
VF,kMean++,2,12,2_012.png,0.8147834572223976
VF,kMean++,2,13,2_013.png,0.8245271042274978
VF,kMean++,2,14,2_014.png,0.8273043876150288
VF,kMean++,2,15,2_015.png,0.74062067820988
VF,kMean++,2,16,2_016.png,0.7878173638761052
VF,kMean++,2,17,2_017.png,0.8124306875792142
VF,kMean++,2,18,2_018.png,0.8124814979277679
VF,kMean++,2,19,2_019.png,0.8602383937426321
VF,kMean++,2,20,2_020.png,0.8647249637656153
VF,kMean++,2,21,2_021.png,0.8712701621288879
VF,kMean++,2,22,2_022.png,0.8770706651722282
VF,kMean++,2,23,2_023.png,0.8951177445355037
VF,kMean++,2,24,2_024.png,0.8862571374508865
VF,kMean++,2,25,2_025.png,0.8353575955881556
VF,kMean++,2,26,2_026.png,0.7831889453712322
VF,kMean++,2,27,2_027.png,0.6448620361560419
VF,kMean++,2,28,2_028.png,0.5731838152651476
VF,kMean++,2,29,2_029.png,0.41894540918361284
VF,kMean++,2,30,2_030.png,0.44361123215208603
VF,kMean++,2,31,2_031.png,0.5911387206078653
VF,kMean++,2,32,2_032.png,0.7203121682959129
VF,kMean++,2,33,2_033.png,0.7948536125735822
VF,kMean++,2,34,2_034.png,0.7920234697113859
VF,kMean++,2,35,2_035.png,0.7925226822400667
VF,kMean++,2,36,2_036.png,0.8380452991256856
VF,kMean++,2,37,2_037.png,0.8038543580385435
VF,kMean++,2,38,2_038.png,0.6775449037238286
VF,kMean++,2,39,2_039.png,0.684817088477601
VF,kMean++,2,40,2_040.png,0.7136180413268517
VF,kMean++,2,41,2_041.png,0.7709491545054435
VF,kMean++,2,42,2_042.png,0.7696805476326298
VF,kMean++,2,43,2_043.png,0.8202476547842401
VF,kMean++,2,44,2_044.png,0.8432474147244945
VF,kMean++,2,45,2_045.png,0.8738493759183881
VF,kMean++,2,46,2_046.png,0.8769393628634755
VF,kMean++,2,47,2_047.png,0.8753427405871731
VF,kMean++,2,48,2_048.png,0.8830564576567574
VF,kMean++,2,49,2_049.png,0.8719614110195584
VF,kMean++,2,50,2_050.png,0.8612099162823409
VF,kMean++,2,51,2_051.png,0.8329826073728512
VF,kMean++,2,52,2_052.png,0.775126934605738
VF,kMean++,2,53,2_053.png,0.8606312895528582
VF,kMean++,2,54,2_054.png,0.7495080158939069
VF,kMean++,2,55,2_055.png,0.780726880172724
VF,kMean++,2,56,2_056.png,0.7816593886462883
VF,kMean++,2,57,2_057.png,0.8198872550323079
VF,kMean++,2,58,2_058.png,0.841668606391115
VF,kMean++,2,59,2_059.png,0.8634506833036245
VF,kMean++,2,60,2_060.png,0.8745808426884385
VF,kMean++,2,61,2_061.png,0.8840143225245123
VF,kMean++,2,62,2_062.png,0.8006958034355295
VF,kMean++,2,63,2_063.png,0.725282377682762
VF,kMean++,2,64,2_064.png,0.5999909099172802
VF,kMean++,2,65,2_065.png,0.7206715845827102
VF,kMean++,2,66,2_066.png,0.8695849823510536
VF,kMean++,2,67,2_067.png,0.7999136123534335
VF,kMean++,2,68,2_068.png,0.7907398468382669
VF,kMean++,2,69,2_069.png,0.7338414489217069
VF,kMean++,2,70,2_070.png,0.7430887938816877
VF,kMean++,2,71,2_071.png,0.7775430226614415
VF,kMean++,2,72,2_072.png,0.7799298686691588
VF,kMean++,2,73,2_073.png,0.8091638784390548
VF,kMean++,2,74,2_074.png,0.7976269296442137
VF,kMean++,2,75,2_075.png,0.7958122325097617
VF,kMean++,2,76,2_076.png,0.8022143203491191
VF,kMean++,2,77,2_077.png,0.8637932968553302
VF,kMean++,2,78,2_078.png,0.8542251986743575
VF,kMean++,2,79,2_079.png,0.8347798070920843
VF,kMean++,2,80,2_080.png,0.8683238255675945
VF,kMean++,2,81,2_081.png,0.88601381472591
VF,kMean++,2,82,2_082.png,0.8486738536954745
VF,kMean++,2,83,2_083.png,0.8845505225732301
VF,kMean++,2,84,2_084.png,0.8953649392612274
VF,kMean++,2,85,2_085.png,0.9091084129932496
VF,kMean++,2,86,2_086.png,0.882419544992938
VF,kMean++,2,87,2_087.png,0.8294901819491983
VF,kMean++,2,88,2_088.png,0.7810158991054778
VF,kMean++,2,89,2_089.png,0.6982217424651308
VF,kMean++,2,90,2_090.png,0.652795780628436
VF,kMean++,2,91,2_091.png,0.6935450889509918
VF,kMean++,2,92,2_092.png,0.6395184135977338
VF,kMean++,2,93,2_093.png,0.7086053745061227
VF,kMean++,2,94,2_094.png,0.6967296682613129
VF,kMean++,2,95,2_095.png,0.697655406952029
VF,kMean++,2,96,2_096.png,0.630379852569591
VF,kMean++,2,97,2_097.png,0.7326083424247348
VF,kMean++,2,98,2_098.png,0.7702904728368979
VF,kMean++,2,99,2_099.png,0.889541403885345
VF,kMean++,2,100,2_100.png,0.8237539766702014
VF,kMean++,2,101,2_101.png,0.766739459484442
VF,kMean++,2,102,2_102.png,0.8890270019319186
VF,kMean++,2,103,2_103.png,0.8728157745165193
VF,kMean++,2,104,2_104.png,0.7936864815761085
VF,kMean++,2,105,2_105.png,0.7796254479407
VF,kMean++,2,106,2_106.png,0.8064362190272254
VF,kMean++,2,107,2_107.png,0.8893179962072449
VF,kMean++,2,108,2_108.png,0.5343079787600855
VF,kMean++,2,109,2_109.png,0.6279671604497591
VF,kMean++,2,110,2_110.png,0.6854429093864283
VF,kMean++,2,111,2_111.png,0.6349982877550022
VF,kMean++,2,112,2_112.png,0.5441169933768947
VF,kMean++,2,113,2_113.png,0.514474920578102
VF,kMean++,2,114,2_114.png,0.6211833194724962
VF,kMean++,2,115,2_115.png,0.5420157136167334
VF,kMean++,2,116,2_116.png,0.43987781171896695
VF,kMean++,2,117,2_117.png,0.33890568836652024
VF,kMean++,2,118,2_118.png,0.3572943287477571
VF,kMean++,2,119,2_119.png,0.38872178070480956
VF,kMean++,2,120,2_120.png,0.4220976407381453
VF,kMean++,2,121,2_121.png,0.34965635738831613
VF,kMean++,2,122,2_122.png,0.3321276893638867
VF,kMean++,2,123,2_123.png,0.3178537597546123
VF,kMean++,2,124,2_124.png,0.3232584296551559
VF,kMean++,2,125,2_125.png,0.36536556370120865
VF,kMean++,2,126,2_126.png,0.5110266159695818
VF,kMean++,2,127,2_127.png,0.43417443773998904
VF,kMean++,2,128,2_128.png,0.36457848160223566
VF,kMean++,2,129,2_129.png,0.4196026891775767
VF,kMean++,2,130,2_130.png,0.5638124327513797
VF,kMean++,2,131,2_131.png,0.7470833528557372
VF,kMean++,2,132,2_132.png,0.5837418300653595
VF,kMean++,2,133,2_133.png,0.6241465885565785
VF,kMean++,2,134,2_134.png,0.6212135828670654
VF,kMean++,2,135,2_135.png,0.6337293538104897
VF,kMean++,2,136,2_136.png,0.3702147801905213
VF,kMean++,2,137,2_137.png,0.43095156303675713
VF,kMean++,2,138,2_138.png,0.4279780921953446
VF,kMean++,2,139,2_139.png,0.4067607430439289
VF,kMean++,2,140,2_140.png,0.43661262251534305
VF,kMean++,2,141,2_141.png,0.3721893246097147
VF,kMean++,2,142,2_142.png,0.34337536976490735
VF,kMean++,2,143,2_143.png,0.26994845787051075
VF,kMean++,2,144,2_144.png,0.21982982372988466
VF,kMean++,2,145,2_145.png,0.2195340296109262
VF,kMean++,2,146,2_146.png,0.24574864754186693
VF,kMean++,2,147,2_147.png,0.4169366450683945
VF,kMean++,2,148,2_148.png,0.2959029712163417
VF,kMean++,2,149,2_149.png,0.3082622987353056
VF,kMean++,2,150,2_150.png,0.3654534731875816
VF,kMean++,2,151,2_151.png,0.526865155468922
VF,kMean++,2,152,2_152.png,0.5274757094138086
VF,kMean++,2,153,2_153.png,0.5438461742193501
VF,kMean++,2,154,2_154.png,0.5782270181669171
VF,kMean++,2,155,2_155.png,0.6329824797390456
VF,kMean++,2,156,2_156.png,0.6866266721317584
VF,kMean++,2,157,2_157.png,0.6870330337163879
VF,kMean++,2,158,2_158.png,0.7129968770482322
VF,kMean++,2,159,2_159.png,0.6763132576486435
VF,kMean++,2,160,2_160.png,0.4408292467761605
VF,kMean++,2,161,2_161.png,0.438162287705037
VF,kMean++,2,162,2_162.png,0.4275094591586913
VF,kMean++,2,163,2_163.png,0.2858698124857821
VF,kMean++,2,164,2_164.png,0.3525771681448429
VF,kMean++,2,165,2_165.png,0.4862577150774657
VF,kMean++,2,166,2_166.png,0.34396126912769087
VF,kMean++,2,167,2_167.png,0.354847445387254
VF,kMean++,2,168,2_168.png,0.5226262573753021
VF,kMean++,2,169,2_169.png,0.7184454574033323
VF,kMean++,2,170,2_170.png,0.7016924131386092
VF,kMean++,2,171,2_171.png,0.686434854315558
VF,kMean++,2,172,2_172.png,0.40737201365187714
VF,kMean++,2,173,2_173.png,0.2558937258326057
VF,kMean++,2,174,2_174.png,0.36019460415745247
VF,kMean++,2,175,2_175.png,0.25903130853625905
VF,kMean++,2,176,2_176.png,0.22027168919805748
VF,kMean++,2,177,2_177.png,0.20846475797646488
VF,kMean++,2,178,2_178.png,0.2821951630099321
VF,kMean++,2,179,2_179.png,0.28928394430145
VF,kMean++,2,180,2_180.png,0.38420440503016645
VF,kMean++,2,181,2_181.png,0.47847847847847846
VF,kMean++,2,182,2_182.png,0.6734686467448532
VF,kMean++,2,183,2_183.png,0.6674687922995939
VF,kMean++,2,184,2_184.png,0.6395678651872863
VF,kMean++,2,185,2_185.png,0.6208858686752906
VF,kMean++,2,186,2_186.png,0.7286075149984212
VF,kMean++,2,187,2_187.png,0.7767273159709834
VF,kMean++,2,188,2_188.png,0.7555836760518824
VF,kMean++,2,189,2_189.png,0.7269176964327349
VF,kMean++,2,190,2_190.png,0.7663015719879689
VF,kMean++,2,191,2_191.png,0.736565845546201
VF,kMean++,2,192,2_192.png,0.6438024231127679
VF,kMean++,2,193,2_193.png,0.4676997245179063
VF,kMean++,2,194,2_194.png,0.43282741355030513
VF,kMean++,2,195,2_195.png,0.48414497952553387
VF,kMean++,2,196,2_196.png,0.473079955842927
VF,kMean++,2,197,2_197.png,0.4364402052655065
VF,kMean++,2,198,2_198.png,0.4567281606077048
VF,kMean++,2,199,2_199.png,0.48887615276402857
VF,kMean++,2,200,2_200.png,0.6039523720466305
VF,kMean++,2,201,2_201.png,0.6309261043927006
VF,kMean++,2,202,2_202.png,0.42335251700370785
VF,kMean++,2,203,2_203.png,0.43849913218233305
VF,kMean++,2,204,2_204.png,0.42859876267619107
VF,kMean++,2,205,2_205.png,0.544968992018041
VF,kMean++,2,206,2_206.png,0.5027709792668861
VF,kMean++,2,207,2_207.png,0.5709735040190533
VF,kMean++,2,208,2_208.png,0.5341462034627136
VF,kMean++,2,209,2_209.png,0.55109952761036
VF,kMean++,2,210,2_210.png,0.4420324005891016
VF,kMean++,2,211,2_211.png,0.3839893016070646
VF,kMean++,2,212,2_212.png,0.507833540876314
VF,kMean++,2,213,2_213.png,0.4615924805531547
VF,kMean++,2,214,2_214.png,0.3205867437973067
VF,kMean++,2,215,2_215.png,0.3661969019482593
VF,kMean++,2,216,2_216.png,0.6980626189240616
VF,kMean++,2,217,2_217.png,0.62381667918858
VF,kMean++,2,218,2_218.png,0.684872916769087
VF,kMean++,2,219,2_219.png,0.7655068078668684
VF,kMean++,2,220,2_220.png,0.7791118515539726
VF,kMean++,2,221,2_221.png,0.6459627329192547
VF,kMean++,2,222,2_222.png,0.4346176298890835
VF,kMean++,2,223,2_223.png,0.46847039532313833
VF,kMean++,2,224,2_224.png,0.5597605111478486
VF,kMean++,2,225,2_225.png,0.4434217471628398
VF,kMean++,2,226,2_226.png,0.41312516195905674
VF,kMean++,2,227,2_227.png,0.4690451623144694
VF,kMean++,2,228,2_228.png,0.38600147487896375
VF,kMean++,2,229,2_229.png,0.3563649787731496
VF,kMean++,2,230,2_230.png,0.5130989383603116
VF,kMean++,2,231,2_231.png,0.4466429139714276
VF,kMean++,3,0,3_000.png,0.0
VF,kMean++,3,1,3_001.png,0.00135377640651072
VF,kMean++,3,2,3_002.png,0.0009693222603547196
VF,kMean++,3,3,3_003.png,0.0
VF,kMean++,3,4,3_004.png,0.0
VF,kMean++,3,5,3_005.png,0.0
VF,kMean++,3,6,3_006.png,0.0
VF,kMean++,3,7,3_007.png,0.0
VF,kMean++,3,8,3_008.png,0.0003800511168752197
VF,kMean++,3,9,3_009.png,0.000542461446490053
VF,kMean++,3,10,3_010.png,0.0003751023006274438
VF,kMean++,3,11,3_011.png,0.028337994994847637
VF,kMean++,3,12,3_012.png,0.03619541154163068
VF,kMean++,3,13,3_013.png,0.030263051885272316
VF,kMean++,3,14,3_014.png,0.03189984135831583
VF,kMean++,3,15,3_015.png,0.028997136085324907
VF,kMean++,3,16,3_016.png,0.015037688442211055
VF,kMean++,3,17,3_017.png,0.008367103382250725
VF,kMean++,3,18,3_018.png,0.0016728702270921334
VF,kMean++,3,19,3_019.png,0.011073353644246543
VF,kMean++,3,20,3_020.png,0.007697288843818344
VF,kMean++,3,21,3_021.png,0.005881828714018359
VF,kMean++,3,22,3_022.png,0.004678195207326604
VF,kMean++,3,23,3_023.png,0.005978852187140186
VF,kMean++,3,24,3_024.png,0.007838758824418781
VF,kMean++,3,25,3_025.png,0.010151891884928047
VF,kMean++,3,26,3_026.png,0.008477942454258832
VF,kMean++,3,27,3_027.png,0.00574488549221451
VF,kMean++,3,28,3_028.png,0.005931517929361013
VF,kMean++,3,29,3_029.png,0.0009540667093485984
VF,kMean++,3,30,3_030.png,0.0
VF,kMean++,3,31,3_031.png,0.0023405310079724338
VF,kMean++,3,32,3_032.png,0.006110341848854788
VF,kMean++,3,33,3_033.png,0.0
VF,kMean++,3,34,3_034.png,0.0
VF,kMean++,3,35,3_035.png,0.0005978585792706125
VF,kMean++,3,36,3_036.png,0.0
VF,kMean++,3,37,3_037.png,0.0
VF,kMean++,3,38,3_038.png,5.692896688157352e-05
VF,kMean++,3,39,3_039.png,0.0
VF,kMean++,3,40,3_040.png,7.843137254901961e-05
VF,kMean++,3,41,3_041.png,0.0003793123067877937
VF,kMean++,3,42,3_042.png,0.001794477578550043
VF,kMean++,3,43,3_043.png,0.000854095387382499
VF,kMean++,3,44,3_044.png,0.0012636949264118117
VF,kMean++,3,45,3_045.png,0.0037614602334370565
VF,kMean++,3,46,3_046.png,0.0012208454810495627
VF,kMean++,3,47,3_047.png,0.004289577719174364
VF,kMean++,3,48,3_048.png,0.018180755859812447
VF,kMean++,3,49,3_049.png,0.01660632894908191
VF,kMean++,3,50,3_050.png,0.020561223694263542
VF,kMean++,3,51,3_051.png,0.020167989662174635
VF,kMean++,3,52,3_052.png,0.023726612156820634
VF,kMean++,3,53,3_053.png,0.020706632615975072
VF,kMean++,3,54,3_054.png,0.031247177310089424
VF,kMean++,3,55,3_055.png,0.009509456492430955
VF,kMean++,3,56,3_056.png,0.00682005993687711
VF,kMean++,3,57,3_057.png,0.004838631373966329
VF,kMean++,3,58,3_058.png,0.003472347070335575
VF,kMean++,3,59,3_059.png,0.0019754302443295304
VF,kMean++,3,60,3_060.png,0.0008931584066054026
VF,kMean++,3,61,3_061.png,0.0013243165361765264
VF,kMean++,3,62,3_062.png,0.0012661501492440815
VF,kMean++,3,63,3_063.png,0.0014034573523692502
VF,kMean++,3,64,3_064.png,0.00133538361929427
VF,kMean++,3,65,3_065.png,0.0021932793588042565
VF,kMean++,3,66,3_066.png,0.0009526349883778531
VF,kMean++,3,67,3_067.png,0.0010691244239631336
VF,kMean++,3,68,3_068.png,0.0006627211639233093
VF,kMean++,3,69,3_069.png,0.0
VF,kMean++,3,70,3_070.png,0.0
VF,kMean++,3,71,3_071.png,0.0
VF,kMean++,3,72,3_072.png,0.02866206997726106
VF,kMean++,3,73,3_073.png,0.02520532155035781
VF,kMean++,3,74,3_074.png,0.020757508372890893
VF,kMean++,3,75,3_075.png,0.031075766844358997
VF,kMean++,3,76,3_076.png,0.034431474614248114
VF,kMean++,3,77,3_077.png,0.034602598972499246
VF,kMean++,3,78,3_078.png,0.02235240428048542
VF,kMean++,3,79,3_079.png,0.01614165695500165
VF,kMean++,3,80,3_080.png,0.014788360017683619
VF,kMean++,3,81,3_081.png,0.01848347375243033
VF,kMean++,3,82,3_082.png,0.01675177534718374
VF,kMean++,3,83,3_083.png,0.020523691752051192
VF,kMean++,3,84,3_084.png,0.018780020672463062
VF,kMean++,3,85,3_085.png,0.0181263780081625
VF,kMean++,3,86,3_086.png,0.02193845354319017
VF,kMean++,3,87,3_087.png,0.026496899950154345
VF,kMean++,3,88,3_088.png,0.0195528190229368
VF,kMean++,3,89,3_089.png,0.005541933132310547
VF,kMean++,3,90,3_090.png,0.0029942022079262965
VF,kMean++,3,91,3_091.png,0.003479826008699565
VF,kMean++,3,92,3_092.png,0.002175010680856022
VF,kMean++,3,93,3_093.png,0.0026409031888906006
VF,kMean++,3,94,3_094.png,0.0010019422264697722
VF,kMean++,3,95,3_095.png,0.0010314758833004055
VF,kMean++,3,96,3_096.png,0.0009628145411017721
VF,kMean++,3,97,3_097.png,8.879338666856093e-05
VF,kMean++,3,98,3_098.png,7.825889608001189e-06
VF,kMean++,3,99,3_099.png,0.001331067106260111
VF,kMean++,3,100,3_100.png,0.00036512098781823615
VF,kMean++,3,101,3_101.png,0.0
VF,kMean++,3,102,3_102.png,0.0007805060035147314
VF,kMean++,3,103,3_103.png,0.004648580322388201
VF,kMean++,3,104,3_104.png,0.018667861409796895
VF,kMean++,3,105,3_105.png,0.013460841845975513
VF,kMean++,3,106,3_106.png,0.022113748033013265
VF,kMean++,3,107,3_107.png,0.022035592881423715
VF,kMean++,3,108,3_108.png,0.00751169708974987
VF,kMean++,3,109,3_109.png,0.0108391298719879
VF,kMean++,3,110,3_110.png,0.00669242069753523
VF,kMean++,3,111,3_111.png,0.0018431254492618282
VF,kMean++,3,112,3_112.png,0.0012935697822098876
VF,kMean++,3,113,3_113.png,0.001052637803890029
VF,kMean++,3,114,3_114.png,0.0
VF,kMean++,3,115,3_115.png,0.0
VF,kMean++,3,116,3_116.png,0.0
VF,kMean++,3,117,3_117.png,0.0
VF,kMean++,3,118,3_118.png,0.0005294787281920948
VF,kMean++,3,119,3_119.png,0.0
VF,kMean++,3,120,3_120.png,0.0
VF,kMean++,3,121,3_121.png,0.0
VF,kMean++,3,122,3_122.png,0.0
VF,kMean++,3,123,3_123.png,0.0003685627170890247
VF,kMean++,3,124,3_124.png,0.0
VF,kMean++,3,125,3_125.png,0.0003687645270874307
VF,kMean++,3,126,3_126.png,0.00038153817694122
VF,kMean++,3,127,3_127.png,0.001121440827174754
VF,kMean++,3,128,3_128.png,0.0011630865409079344
VF,kMean++,3,129,3_129.png,0.0004180443126971459
VF,kMean++,3,130,3_130.png,0.0037490914191713742
VF,kMean++,3,131,3_131.png,0.0021246753968143755
VF,kMean++,3,132,3_132.png,0.005862591397141163
VF,kMean++,3,133,3_133.png,0.005963302752293578
VF,kMean++,3,134,3_134.png,0.001122939406189642
VF,kMean++,3,135,3_135.png,0.0
VF,kMean++,3,136,3_136.png,0.0
VF,kMean++,3,137,3_137.png,0.0
VF,kMean++,3,138,3_138.png,0.0
VF,kMean++,3,139,3_139.png,0.0
VF,kMean++,3,140,3_140.png,0.0
VF,kMean++,3,141,3_141.png,0.0
VF,kMean++,3,142,3_142.png,0.0
VF,kMean++,3,143,3_143.png,0.0
VF,kMean++,3,144,3_144.png,0.0
VF,kMean++,3,145,3_145.png,0.0
VF,kMean++,3,146,3_146.png,5.022349455075084e-05
VF,kMean++,3,147,3_147.png,0.0
VF,kMean++,3,148,3_148.png,0.0
VF,kMean++,3,149,3_149.png,0.0
VF,kMean++,3,150,3_150.png,0.0
VF,kMean++,3,151,3_151.png,0.0
VF,kMean++,3,152,3_152.png,0.0
VF,kMean++,3,153,3_153.png,0.00011758777087182933
VF,kMean++,3,154,3_154.png,0.0
VF,kMean++,3,155,3_155.png,6.961687513053165e-05
VF,kMean++,3,156,3_156.png,0.0
VF,kMean++,3,157,3_157.png,0.0
VF,kMean++,3,158,3_158.png,0.0
VF,kMean++,3,159,3_159.png,0.0
VF,kMean++,3,160,3_160.png,0.0
VF,kMean++,3,161,3_161.png,0.0
VF,kMean++,3,162,3_162.png,0.0
VF,kMean++,3,163,3_163.png,0.0
VF,kMean++,3,164,3_164.png,0.0
VF,kMean++,3,165,3_165.png,0.0
VF,kMean++,3,166,3_166.png,0.0
VF,kMean++,3,167,3_167.png,0.0
VF,kMean++,3,168,3_168.png,0.0
VF,kMean++,3,169,3_169.png,0.0
VF,kMean++,3,170,3_170.png,0.0
VF,kMean++,3,171,3_171.png,0.0
VF,kMean++,3,172,3_172.png,0.0
VF,kMean++,3,173,3_173.png,0.0
VF,kMean++,3,174,3_174.png,0.0
VF,kMean++,3,175,3_175.png,0.0005122394175993046
VF,kMean++,3,176,3_176.png,0.0007090410613556865
VF,kMean++,3,177,3_177.png,0.0006289483982780791
VF,kMean++,3,178,3_178.png,0.0008887514973530662
VF,kMean++,3,179,3_179.png,0.0004989833214824795
VF,kMean++,3,180,3_180.png,0.0006288648988575621
VF,kMean++,3,181,3_181.png,0.0
VF,kMean++,3,182,3_182.png,0.0
VF,kMean++,3,183,3_183.png,0.0
VF,kMean++,3,184,3_184.png,0.0
VF,kMean++,3,185,3_185.png,0.0
VF,kMean++,3,186,3_186.png,0.0
VF,kMean++,3,187,3_187.png,0.0
VF,kMean++,3,188,3_188.png,0.0
VF,kMean++,3,189,3_189.png,0.0
VF,kMean++,3,190,3_190.png,0.0
VF,kMean++,3,191,3_191.png,0.0
VF,kMean++,3,192,3_192.png,0.0
VF,kMean++,3,193,3_193.png,0.0
VF,kMean++,3,194,3_194.png,0.0015962002647356536
VF,kMean++,3,195,3_195.png,0.0
VF,kMean++,3,196,3_196.png,0.0
VF,kMean++,3,197,3_197.png,0.0
VF,kMean++,3,198,3_198.png,0.0
VF,kMean++,3,199,3_199.png,0.0011806904797489165
VF,kMean++,3,200,3_200.png,0.0005853563356693387
VF,kMean++,3,201,3_201.png,0.0
VF,kMean++,3,202,3_202.png,0.0
VF,kMean++,3,203,3_203.png,0.0
VF,kMean++,3,204,3_204.png,0.0
VF,kMean++,3,205,3_205.png,0.0
VF,kMean++,3,206,3_206.png,0.0
VF,kMean++,3,207,3_207.png,0.0
VF,kMean++,3,208,3_208.png,0.0
VF,kMean++,3,209,3_209.png,0.0
VF,kMean++,3,210,3_210.png,0.0
VF,kMean++,3,211,3_211.png,0.0007964700447616165
VF,kMean++,3,212,3_212.png,0.0
VF,kMean++,3,213,3_213.png,0.0
VF,kMean++,3,214,3_214.png,0.0
VF,kMean++,3,215,3_215.png,0.0
VF,kMean++,3,216,3_216.png,0.0
VF,kMean++,3,217,3_217.png,0.0
VF,kMean++,3,218,3_218.png,0.0
VF,kMean++,3,219,3_219.png,0.0
VF,kMean++,3,220,3_220.png,0.0
VF,kMean++,3,221,3_221.png,0.0
VF,kMean++,4,0,4_000.png,0.0
VF,kMean++,4,1,4_001.png,0.0
VF,kMean++,4,2,4_002.png,0.0
VF,kMean++,4,3,4_003.png,0.0
VF,kMean++,4,4,4_004.png,0.0
VF,kMean++,4,5,4_005.png,0.0
VF,kMean++,4,6,4_006.png,0.0
VF,kMean++,4,7,4_007.png,0.0
VF,kMean++,4,8,4_008.png,0.00040996100114578846
VF,kMean++,4,9,4_009.png,5.3439357017656366e-05
VF,kMean++,4,10,4_010.png,0.0
VF,kMean++,4,11,4_011.png,0.0
VF,kMean++,4,12,4_012.png,0.0
VF,kMean++,4,13,4_013.png,0.0
VF,kMean++,4,14,4_014.png,0.0004491934935003063
VF,kMean++,4,15,4_015.png,0.0016164795079035834
VF,kMean++,4,16,4_016.png,0.0024018084204577564
VF,kMean++,4,17,4_017.png,0.0
VF,kMean++,4,18,4_018.png,0.0
VF,kMean++,4,19,4_019.png,0.0
VF,kMean++,4,20,4_020.png,0.00039218482601254993
VF,kMean++,4,21,4_021.png,0.0
VF,kMean++,4,22,4_022.png,0.0
VF,kMean++,4,23,4_023.png,0.0
VF,kMean++,4,24,4_024.png,0.0
VF,kMean++,4,25,4_025.png,0.0
VF,kMean++,4,26,4_026.png,0.0
VF,kMean++,4,27,4_027.png,0.0
VF,kMean++,4,28,4_028.png,0.02112306681672124
VF,kMean++,4,29,4_029.png,0.009802545639054723
VF,kMean++,4,30,4_030.png,0.028655088852988692
VF,kMean++,4,31,4_031.png,0.018044707783463506
VF,kMean++,4,32,4_032.png,0.0183465074464837
VF,kMean++,4,33,4_033.png,0.0
VF,kMean++,4,34,4_034.png,0.01946388604991138
VF,kMean++,4,35,4_035.png,0.0
VF,kMean++,4,36,4_036.png,0.0
VF,kMean++,4,37,4_037.png,0.010970971863208247
VF,kMean++,4,38,4_038.png,0.007917308115240818
VF,kMean++,4,39,4_039.png,0.00961794443343057
VF,kMean++,4,40,4_040.png,0.002693586641717221
VF,kMean++,4,41,4_041.png,0.0003228335562422174
VF,kMean++,4,42,4_042.png,0.02192401481169281
VF,kMean++,4,43,4_043.png,0.048667205169628434
VF,kMean++,4,44,4_044.png,0.01864385536128345
VF,kMean++,4,45,4_045.png,0.006989366669984
VF,kMean++,4,46,4_046.png,0.011074350847156992
VF,kMean++,4,47,4_047.png,0.00034667507091080995
VF,kMean++,4,48,4_048.png,0.0
VF,kMean++,4,49,4_049.png,0.0
VF,kMean++,4,50,4_050.png,0.000429561465472804
VF,kMean++,4,51,4_051.png,0.0006298791777213644
VF,kMean++,4,52,4_052.png,0.0011834554911340288
VF,kMean++,4,53,4_053.png,0.0
VF,kMean++,4,54,4_054.png,0.0
VF,kMean++,4,55,4_055.png,0.0
VF,kMean++,4,56,4_056.png,7.693168466401835e-05
VF,kMean++,4,57,4_057.png,0.0001723543605653223
VF,kMean++,4,58,4_058.png,0.0
VF,kMean++,4,59,4_059.png,2.1920450684466072e-05
VF,kMean++,4,60,4_060.png,0.0
VF,kMean++,4,61,4_061.png,0.0
VF,kMean++,4,62,4_062.png,0.0
VF,kMean++,4,63,4_063.png,0.0007812401557440053
VF,kMean++,4,64,4_064.png,0.0013547887635478877
VF,kMean++,4,65,4_065.png,0.0
VF,kMean++,4,66,4_066.png,0.000396315467111821
VF,kMean++,4,67,4_067.png,0.0
VF,kMean++,4,68,4_068.png,0.0
VF,kMean++,4,69,4_069.png,0.0
VF,kMean++,4,70,4_070.png,0.0
VF,kMean++,4,71,4_071.png,0.0
VF,kMean++,4,72,4_072.png,0.0
VF,kMean++,4,73,4_073.png,0.0
VF,kMean++,4,74,4_074.png,0.0
VF,kMean++,4,75,4_075.png,0.01516265740733721
VF,kMean++,4,76,4_076.png,0.00832757817644508
VF,kMean++,4,77,4_077.png,0.006063261820230547
VF,kMean++,4,78,4_078.png,0.0019760198271819946
VF,kMean++,4,79,4_079.png,0.006551347052390894
VF,kMean++,4,80,4_080.png,0.027082098399525786
VF,kMean++,4,81,4_081.png,0.03128684559895277
VF,kMean++,4,82,4_082.png,0.0
VF,kMean++,4,83,4_083.png,0.0
VF,kMean++,4,84,4_084.png,0.010766338013381565
VF,kMean++,4,85,4_085.png,0.01755595728423132
VF,kMean++,4,86,4_086.png,0.008823054568937682
VF,kMean++,4,87,4_087.png,0.03019477895417441
VF,kMean++,4,88,4_088.png,0.029569484973661273
VF,kMean++,4,89,4_089.png,0.0
VF,kMean++,4,90,4_090.png,0.0
VF,kMean++,4,91,4_091.png,0.0
VF,kMean++,4,92,4_092.png,0.0
VF,kMean++,4,93,4_093.png,0.0
VF,kMean++,4,94,4_094.png,0.0
VF,kMean++,4,95,4_095.png,0.0
VF,kMean++,4,96,4_096.png,0.0
VF,kMean++,4,97,4_097.png,0.0
VF,kMean++,4,98,4_098.png,0.0
VF,kMean++,4,99,4_099.png,0.0
VF,kMean++,4,100,4_100.png,2.3702860935314892e-05
VF,kMean++,4,101,4_101.png,0.0
VF,kMean++,4,102,4_102.png,0.0
VF,kMean++,4,103,4_103.png,0.0
VF,kMean++,4,104,4_104.png,0.0
VF,kMean++,4,105,4_105.png,0.0
VF,kMean++,4,106,4_106.png,0.0
VF,kMean++,4,107,4_107.png,0.0
VF,kMean++,4,108,4_108.png,0.0
VF,kMean++,4,109,4_109.png,0.0
VF,kMean++,4,110,4_110.png,0.0
VF,kMean++,4,111,4_111.png,0.0
VF,kMean++,4,112,4_112.png,0.0
VF,kMean++,4,113,4_113.png,0.0
VF,kMean++,4,114,4_114.png,0.0
VF,kMean++,4,115,4_115.png,0.0
VF,kMean++,4,116,4_116.png,0.0
VF,kMean++,4,117,4_117.png,0.0
VF,kMean++,4,118,4_118.png,0.0
VF,kMean++,4,119,4_119.png,0.0
VF,kMean++,4,120,4_120.png,0.0
VF,kMean++,4,121,4_121.png,0.0
VF,kMean++,4,122,4_122.png,0.0
VF,kMean++,4,123,4_123.png,0.0
VF,kMean++,4,124,4_124.png,0.0
VF,kMean++,4,125,4_125.png,0.0
VF,kMean++,4,126,4_126.png,0.0
VF,kMean++,4,127,4_127.png,0.0
VF,kMean++,4,128,4_128.png,0.0
VF,kMean++,4,129,4_129.png,0.0
VF,kMean++,4,130,4_130.png,0.0032784305497272344
VF,kMean++,4,131,4_131.png,0.0
VF,kMean++,4,132,4_132.png,0.0
VF,kMean++,4,133,4_133.png,0.0
VF,kMean++,4,134,4_134.png,0.0
VF,kMean++,4,135,4_135.png,0.0
VF,kMean++,4,136,4_136.png,0.0
VF,kMean++,4,137,4_137.png,0.0
VF,kMean++,4,138,4_138.png,0.0
VF,kMean++,4,139,4_139.png,0.0
VF,kMean++,4,140,4_140.png,0.0
VF,kMean++,4,141,4_141.png,0.0
VF,kMean++,4,142,4_142.png,0.0
VF,kMean++,4,143,4_143.png,0.0
VF,kMean++,4,144,4_144.png,3.702195401873311e-05
VF,kMean++,4,145,4_145.png,0.0
VF,kMean++,4,146,4_146.png,0.0
VF,kMean++,4,147,4_147.png,0.0
VF,kMean++,4,148,4_148.png,0.0
VF,kMean++,4,149,4_149.png,0.0
VF,kMean++,4,150,4_150.png,0.0
VF,kMean++,4,151,4_151.png,0.0
VF,kMean++,4,152,4_152.png,0.0
VF,kMean++,4,153,4_153.png,0.0
VF,kMean++,4,154,4_154.png,0.0
VF,kMean++,4,155,4_155.png,0.0
VF,kMean++,4,156,4_156.png,0.0
VF,kMean++,4,157,4_157.png,0.0
VF,kMean++,4,158,4_158.png,0.0
VF,kMean++,4,159,4_159.png,0.0
VF,kMean++,4,160,4_160.png,0.0
VF,kMean++,4,161,4_161.png,0.0
VF,kMean++,4,162,4_162.png,0.0
VF,kMean++,4,163,4_163.png,0.0
VF,kMean++,4,164,4_164.png,0.0
VF,kMean++,4,165,4_165.png,0.0
VF,kMean++,4,166,4_166.png,0.0
VF,kMean++,4,167,4_167.png,0.0
VF,kMean++,4,168,4_168.png,0.0
VF,kMean++,4,169,4_169.png,0.002467935534532401
VF,kMean++,4,170,4_170.png,0.0
VF,kMean++,4,171,4_171.png,0.009557277982133473
VF,kMean++,4,172,4_172.png,0.0
VF,kMean++,4,173,4_173.png,0.0
VF,kMean++,4,174,4_174.png,0.016566061229461602
VF,kMean++,4,175,4_175.png,0.0
VF,kMean++,4,176,4_176.png,0.0
VF,kMean++,5,0,5_000.png,0.6817081552759765
VF,kMean++,5,1,5_001.png,0.7722949557181363
VF,kMean++,5,2,5_002.png,0.8054233961298031
VF,kMean++,5,3,5_003.png,0.7758267752354092
VF,kMean++,5,4,5_004.png,0.759982009894558
VF,kMean++,5,5,5_005.png,0.31491048647280856
VF,kMean++,5,6,5_006.png,0.1978860616811723
VF,kMean++,5,7,5_007.png,0.20914495083560772
VF,kMean++,5,8,5_008.png,0.2272335320361414
VF,kMean++,5,9,5_009.png,0.22096628660487244
VF,kMean++,5,10,5_010.png,0.2486886564762671
VF,kMean++,5,11,5_011.png,0.29363998323554064
VF,kMean++,5,12,5_012.png,0.32212408600593645
VF,kMean++,5,13,5_013.png,0.36108671579670854
VF,kMean++,5,14,5_014.png,0.557802924135623
VF,kMean++,5,15,5_015.png,0.8116869037294016
VF,kMean++,5,16,5_016.png,0.9024305665016866
VF,kMean++,5,17,5_017.png,0.9137919662291406
VF,kMean++,5,18,5_018.png,0.6446149274696777
VF,kMean++,5,19,5_019.png,0.6559808894656128
VF,kMean++,5,20,5_020.png,0.5715925537755153
VF,kMean++,5,21,5_021.png,0.5581950154814477
VF,kMean++,5,22,5_022.png,0.5552652733118971
VF,kMean++,5,23,5_023.png,0.5633200945151073
VF,kMean++,5,24,5_024.png,0.5821837146702558
VF,kMean++,5,25,5_025.png,0.5010767905488556
VF,kMean++,5,26,5_026.png,0.5260295478119481
VF,kMean++,5,27,5_027.png,0.43699707049356623
VF,kMean++,5,28,5_028.png,0.66765725606736
VF,kMean++,5,29,5_029.png,0.638787183672269
VF,kMean++,5,30,5_030.png,0.6414693193457277
VF,kMean++,5,31,5_031.png,0.646777125796296
VF,kMean++,5,32,5_032.png,0.794118697328953
VF,kMean++,5,33,5_033.png,0.8336094674556213
VF,kMean++,5,34,5_034.png,0.8788502389803505
VF,kMean++,5,35,5_035.png,0.8021432600112803
VF,kMean++,5,36,5_036.png,0.7789551223934723
VF,kMean++,5,37,5_037.png,0.7673100931527898
VF,kMean++,5,38,5_038.png,0.7973199329983249
VF,kMean++,5,39,5_039.png,0.8614028135526055
VF,kMean++,5,40,5_040.png,0.8746506688527034
VF,kMean++,5,41,5_041.png,0.8894985649164275
VF,kMean++,5,42,5_042.png,0.8959152016546018
VF,kMean++,5,43,5_043.png,0.9187386294724075
VF,kMean++,5,44,5_044.png,0.927158273381295
VF,kMean++,5,45,5_045.png,0.9480932646824899
VF,kMean++,5,46,5_046.png,0.9529710835716555
VF,kMean++,5,47,5_047.png,0.9356039536177314
VF,kMean++,5,48,5_048.png,0.9526869382291069
VF,kMean++,5,49,5_049.png,0.9531901377694842
VF,kMean++,5,50,5_050.png,0.7587340679429239
VF,kMean++,5,51,5_051.png,0.8227704522898057
VF,kMean++,5,52,5_052.png,0.7200650092242818
VF,kMean++,5,53,5_053.png,0.5851003126925798
VF,kMean++,5,54,5_054.png,0.5849457164355584
VF,kMean++,5,55,5_055.png,0.5059200521399088
VF,kMean++,5,56,5_056.png,0.392209336901576
VF,kMean++,5,57,5_057.png,0.3681126214447798
VF,kMean++,5,58,5_058.png,0.2721806692888
VF,kMean++,5,59,5_059.png,0.2679964451466377
VF,kMean++,5,60,5_060.png,0.3300562211167692
VF,kMean++,5,61,5_061.png,0.3804632971365884
VF,kMean++,5,62,5_062.png,0.3976211206705724
VF,kMean++,5,63,5_063.png,0.554870766868549
VF,kMean++,5,64,5_064.png,0.590330627431084
VF,kMean++,5,65,5_065.png,0.8489606616003577
VF,kMean++,5,66,5_066.png,0.9478265737397487
VF,kMean++,5,67,5_067.png,0.9505153057310181
VF,kMean++,5,68,5_068.png,0.9488285903375249
VF,kMean++,5,69,5_069.png,0.9512306550168466
VF,kMean++,5,70,5_070.png,0.909485031343371
VF,kMean++,5,71,5_071.png,0.623466749176741
VF,kMean++,5,72,5_072.png,0.5361459166444503
VF,kMean++,5,73,5_073.png,0.4982894611802718
VF,kMean++,5,74,5_074.png,0.5324468430977307
VF,kMean++,5,75,5_075.png,0.5601855653173495
VF,kMean++,5,76,5_076.png,0.40411581899492155
VF,kMean++,5,77,5_077.png,0.5548552219420888
VF,kMean++,5,78,5_078.png,0.6397886307892079
VF,kMean++,5,79,5_079.png,0.6328684446619363
VF,kMean++,5,80,5_080.png,0.6455246724623485
VF,kMean++,5,81,5_081.png,0.7114897390423106
VF,kMean++,5,82,5_082.png,0.8937490807471687
VF,kMean++,5,83,5_083.png,0.8446800541646259
VF,kMean++,5,84,5_084.png,0.7803168219982066
VF,kMean++,5,85,5_085.png,0.7738739810793122
VF,kMean++,5,86,5_086.png,0.8736739313773358
VF,kMean++,5,87,5_087.png,0.8863636363636364
VF,kMean++,5,88,5_088.png,0.8999656913199039
VF,kMean++,5,89,5_089.png,0.9113371371868023
VF,kMean++,5,90,5_090.png,0.9259423285109734
VF,kMean++,5,91,5_091.png,0.9562000785648815
VF,kMean++,5,92,5_092.png,0.9511677282377919
VF,kMean++,5,93,5_093.png,0.9468890969444208
VF,kMean++,5,94,5_094.png,0.9475816059089827
VF,kMean++,5,95,5_095.png,0.9567856626680156
VF,kMean++,5,96,5_096.png,0.946989803045118
VF,kMean++,5,97,5_097.png,0.9624718025839086
VF,kMean++,5,98,5_098.png,0.9471256901591426
VF,kMean++,5,99,5_099.png,0.9506777108433735
VF,kMean++,5,100,5_100.png,0.9464153980283012
VF,kMean++,5,101,5_101.png,0.9319413772334872
VF,kMean++,5,102,5_102.png,0.9582010582010582
VF,kMean++,5,103,5_103.png,0.9660325192548219
VF,kMean++,5,104,5_104.png,0.9546232876712328
VF,kMean++,5,105,5_105.png,0.8767111111111111
VF,kMean++,5,106,5_106.png,0.82296918767507
VF,kMean++,5,107,5_107.png,0.7808364758313335
VF,kMean++,5,108,5_108.png,0.9001935681054097
VF,kMean++,5,109,5_109.png,0.5837827898994852
VF,kMean++,5,110,5_110.png,0.7548861063623342
VF,kMean++,5,111,5_111.png,0.7914201944344427
VF,kMean++,5,112,5_112.png,0.7632806790713362
VF,kMean++,5,113,5_113.png,0.7421808406006164
VF,kMean++,5,114,5_114.png,0.6760628772302182
VF,kMean++,5,115,5_115.png,0.41830175913396483
VF,kMean++,5,116,5_116.png,0.16356344048246385
VF,kMean++,5,117,5_117.png,0.19346370031301538
VF,kMean++,5,118,5_118.png,0.22898074213245656
VF,kMean++,5,119,5_119.png,0.26390616669628575
VF,kMean++,5,120,5_120.png,0.2841803364695184
VF,kMean++,5,121,5_121.png,0.26761393951307183
VF,kMean++,5,122,5_122.png,0.31131104642615626
VF,kMean++,5,123,5_123.png,0.34985513567400855
VF,kMean++,5,124,5_124.png,0.5025266059260394
VF,kMean++,5,125,5_125.png,0.8161102882533895
VF,kMean++,5,126,5_126.png,0.7734104046242775
VF,kMean++,5,127,5_127.png,0.9314387008234217
VF,kMean++,5,128,5_128.png,0.9344985773183904
VF,kMean++,5,129,5_129.png,0.9298835705045279
VF,kMean++,5,130,5_130.png,0.9440225184555738
VF,kMean++,5,131,5_131.png,0.9316305072575268
VF,kMean++,5,132,5_132.png,0.9095869837296621
VF,kMean++,5,133,5_133.png,0.8587286063569682
VF,kMean++,5,134,5_134.png,0.7388471177944862
VF,kMean++,5,135,5_135.png,0.5324756105545734
VF,kMean++,5,136,5_136.png,0.36513380349724667
VF,kMean++,5,137,5_137.png,0.4469336954062005
VF,kMean++,5,138,5_138.png,0.4186406615491055
VF,kMean++,5,139,5_139.png,0.2845361335380653
VF,kMean++,5,140,5_140.png,0.22553622387922306
VF,kMean++,5,141,5_141.png,0.1945347899813749
VF,kMean++,5,142,5_142.png,0.20948480845442535
VF,kMean++,5,143,5_143.png,0.1652949011304259
VF,kMean++,5,144,5_144.png,0.17069230147831005
VF,kMean++,5,145,5_145.png,0.5230268029024138
VF,kMean++,5,146,5_146.png,0.5120563823697768
VF,kMean++,5,147,5_147.png,0.5422382067581131
VF,kMean++,5,148,5_148.png,0.6006726457399103
VF,kMean++,5,149,5_149.png,0.8994116530650977
VF,kMean++,5,150,5_150.png,0.8868019791982228
VF,kMean++,5,151,5_151.png,0.8247881816206821
VF,kMean++,5,152,5_152.png,0.8670733257084763
VF,kMean++,5,153,5_153.png,0.8621976503109883
VF,kMean++,5,154,5_154.png,0.8864286790179244
VF,kMean++,5,155,5_155.png,0.8787178301741408
VF,kMean++,5,156,5_156.png,0.889247808029534
VF,kMean++,5,157,5_157.png,0.8935473304945954
VF,kMean++,5,158,5_158.png,0.910472972972973
VF,kMean++,5,159,5_159.png,0.9397737694894528
VF,kMean++,5,160,5_160.png,0.9500472525988929
VF,kMean++,5,161,5_161.png,0.936822125813449
VF,kMean++,5,162,5_162.png,0.9262872628726287
VF,kMean++,5,163,5_163.png,0.9419023136246787
VF,kMean++,5,164,5_164.png,0.9507805982600405
VF,kMean++,5,165,5_165.png,0.949235807860262
VF,kMean++,5,166,5_166.png,0.9320068220579875
VF,kMean++,5,167,5_167.png,0.9411896745230078
VF,kMean++,5,168,5_168.png,0.9516542274702017
VF,kMean++,5,169,5_169.png,0.9391809704014056
VF,kMean++,5,170,5_170.png,0.9330507235784242
VF,kMean++,5,171,5_171.png,0.9369002617039837
VF,kMean++,5,172,5_172.png,0.9381411252719926
VF,kMean++,5,173,5_173.png,0.9273166800966962
VF,kMean++,5,174,5_174.png,0.8888456549935149
VF,kMean++,5,175,5_175.png,0.8563569070721216
VF,kMean++,5,176,5_176.png,0.8881211799096466
VF,kMean++,5,177,5_177.png,0.8549839946400655
VF,kMean++,5,178,5_178.png,0.875192883725152
VF,kMean++,5,179,5_179.png,0.6797125625561401
VF,kMean++,5,180,5_180.png,0.7934596446157139
VF,kMean++,5,181,5_181.png,0.5520963704630788
VF,kMean++,5,182,5_182.png,0.3054645448162883
VF,kMean++,5,183,5_183.png,0.16582801351858806
VF,kMean++,5,184,5_184.png,0.2075392670157068
VF,kMean++,5,185,5_185.png,0.21108513539840248
VF,kMean++,5,186,5_186.png,0.2151534342794634
VF,kMean++,5,187,5_187.png,0.2907379518072289
VF,kMean++,5,188,5_188.png,0.3282228460375729
VF,kMean++,5,189,5_189.png,0.30168303516850725
VF,kMean++,5,190,5_190.png,0.39602845590869545
VF,kMean++,5,191,5_191.png,0.7814569536423841
VF,kMean++,5,192,5_192.png,0.904909948542024
VF,kMean++,5,193,5_193.png,0.9312424607961399
VF,kMean++,5,194,5_194.png,0.9257523690513382
VF,kMean++,5,195,5_195.png,0.924546527852313
VF,kMean++,5,196,5_196.png,0.9263382816014395
VF,kMean++,5,197,5_197.png,0.7365010799136069
VF,kMean++,5,198,5_198.png,0.19293924466338258
VF,kMean++,5,199,5_199.png,0.17628042596348883
VF,kMean++,5,200,5_200.png,0.19479989109719575
VF,kMean++,5,201,5_201.png,0.10356613877178991
VF,kMean++,5,202,5_202.png,0.2725467483038226
VF,kMean++,5,203,5_203.png,0.5577768688004908
VF,kMean++,5,204,5_204.png,0.542256424350694
VF,kMean++,5,205,5_205.png,0.5821798902078543
VF,kMean++,5,206,5_206.png,0.9507161558601571
VF,kMean++,5,207,5_207.png,0.9526485710869306
VF,kMean++,5,208,5_208.png,0.9394092400908861
VF,kMean++,5,209,5_209.png,0.9400876765708719
VF,kMean++,5,210,5_210.png,0.9370762459854883
VF,kMean++,5,211,5_211.png,0.9409299810759665
VF,kMean++,5,212,5_212.png,0.9474427804464538
VF,kMean++,5,213,5_213.png,0.8146408440526087
VF,kMean++,5,214,5_214.png,0.8030578050823792
VF,kMean++,6,0,6_000.png,0.28940214586071866
VF,kMean++,6,1,6_001.png,0.25695751213231655
VF,kMean++,6,2,6_002.png,0.02525452712879809
VF,kMean++,6,3,6_003.png,0.006585743801652892
VF,kMean++,6,4,6_004.png,0.1633534743202417
VF,kMean++,6,5,6_005.png,0.13136560027185787
VF,kMean++,6,6,6_006.png,0.1399506781750925
VF,kMean++,6,7,6_007.png,0.1852928076017562
VF,kMean++,6,8,6_008.png,0.241053535642714
VF,kMean++,6,9,6_009.png,0.10439468436515306
VF,kMean++,6,10,6_010.png,0.41978574086873305
VF,kMean++,6,11,6_011.png,0.46291272491189017
VF,kMean++,6,12,6_012.png,0.4034532594652594
VF,kMean++,6,13,6_013.png,0.5105116528860892
VF,kMean++,6,14,6_014.png,0.686393334879765
VF,kMean++,6,15,6_015.png,0.6465922317541062
VF,kMean++,6,16,6_016.png,0.6068055905313523
VF,kMean++,6,17,6_017.png,0.4630777162757668
VF,kMean++,6,18,6_018.png,0.26864798511613636
VF,kMean++,6,19,6_019.png,0.2468755419978167
VF,kMean++,6,20,6_020.png,0.23556278874422512
VF,kMean++,6,21,6_021.png,0.1959489491396279
VF,kMean++,6,22,6_022.png,0.15674263141902156
VF,kMean++,6,23,6_023.png,0.16671390291662372
VF,kMean++,6,24,6_024.png,0.3724883522145841
VF,kMean++,6,25,6_025.png,0.21046145561492896
VF,kMean++,6,26,6_026.png,0.2247551611568348
VF,kMean++,6,27,6_027.png,0.17571191098711084
VF,kMean++,6,28,6_028.png,0.17267652975034614
VF,kMean++,6,29,6_029.png,0.16283808181020995
VF,kMean++,6,30,6_030.png,0.2387718251860809
VF,kMean++,6,31,6_031.png,0.3335231958105569
VF,kMean++,6,32,6_032.png,0.28913267883420085
VF,kMean++,6,33,6_033.png,0.20128019507734513
VF,kMean++,6,34,6_034.png,0.34271441808000647
VF,kMean++,6,35,6_035.png,0.48230113286196113
VF,kMean++,6,36,6_036.png,0.4169228300186413
VF,kMean++,6,37,6_037.png,0.41241430819707114
VF,kMean++,6,38,6_038.png,0.43652801865066954
VF,kMean++,6,39,6_039.png,0.47655372879531227
VF,kMean++,6,40,6_040.png,0.5702720158613335
VF,kMean++,6,41,6_041.png,0.5674428057136222
VF,kMean++,6,42,6_042.png,0.6067877068299936
VF,kMean++,6,43,6_043.png,0.5911790284507392
VF,kMean++,6,44,6_044.png,0.6448416384873595
VF,kMean++,6,45,6_045.png,0.7027467545138371
VF,kMean++,6,46,6_046.png,0.6592680961500225
VF,kMean++,6,47,6_047.png,0.5854451765500929
VF,kMean++,6,48,6_048.png,0.5052713178294573
VF,kMean++,6,49,6_049.png,0.5107824738444942
VF,kMean++,6,50,6_050.png,0.5021230742969317
VF,kMean++,6,51,6_051.png,0.5094300896257611
VF,kMean++,6,52,6_052.png,0.5949335051309189
VF,kMean++,6,53,6_053.png,0.6678757386064471
VF,kMean++,6,54,6_054.png,0.6581740622865045
VF,kMean++,6,55,6_055.png,0.5823298242070806
VF,kMean++,6,56,6_056.png,0.5129817826601086
VF,kMean++,6,57,6_057.png,0.46387263449056537
VF,kMean++,6,58,6_058.png,0.6261390511964385
VF,kMean++,6,59,6_059.png,0.6333638863428047
VF,kMean++,6,60,6_060.png,0.3351858039781221
VF,kMean++,6,61,6_061.png,0.2810953030598324
VF,kMean++,6,62,6_062.png,0.3648701444262978
VF,kMean++,6,63,6_063.png,0.2975817786864299
VF,kMean++,6,64,6_064.png,0.2446733510888297
VF,kMean++,6,65,6_065.png,0.3416893480143511
VF,kMean++,6,66,6_066.png,0.4623027738166429
VF,kMean++,6,67,6_067.png,0.5798179253750481
VF,kMean++,6,68,6_068.png,0.6020625121973767
VF,kMean++,6,69,6_069.png,0.5305513808003006
VF,kMean++,6,70,6_070.png,0.5286262606796428
VF,kMean++,6,71,6_071.png,0.5708529577813353
VF,kMean++,6,72,6_072.png,0.6052106404125939
VF,kMean++,6,73,6_073.png,0.6201550977542027
VF,kMean++,6,74,6_074.png,0.6322485931000734
VF,kMean++,6,75,6_075.png,0.6125776342906177
VF,kMean++,6,76,6_076.png,0.41453887517332344
VF,kMean++,6,77,6_077.png,0.23584100180248554
VF,kMean++,6,78,6_078.png,0.30042871872795357
VF,kMean++,6,79,6_079.png,0.2579488035084374
VF,kMean++,6,80,6_080.png,0.2195770353410953
VF,kMean++,6,81,6_081.png,0.2409499982214212
VF,kMean++,6,82,6_082.png,0.3375044016298607
VF,kMean++,6,83,6_083.png,0.47557663713334236
VF,kMean++,6,84,6_084.png,0.4055753916417506
VF,kMean++,6,85,6_085.png,0.2413823633573368
VF,kMean++,6,86,6_086.png,0.3487904656057131
VF,kMean++,6,87,6_087.png,0.29768102224325604
VF,kMean++,6,88,6_088.png,0.17805866026554648
VF,kMean++,6,89,6_089.png,0.3125282123866723
VF,kMean++,6,90,6_090.png,0.3412106797993126
VF,kMean++,6,91,6_091.png,0.3039635093877402
VF,kMean++,6,92,6_092.png,0.31558239234014485
VF,kMean++,6,93,6_093.png,0.32653752370631267
VF,kMean++,6,94,6_094.png,0.34699774070212025
VF,kMean++,6,95,6_095.png,0.2762595015025632
VF,kMean++,6,96,6_096.png,0.28997164152884786
VF,kMean++,6,97,6_097.png,0.2744226144561913
VF,kMean++,6,98,6_098.png,0.25384801842200944
VF,kMean++,6,99,6_099.png,0.48696523496543875
VF,kMean++,6,100,6_100.png,0.5485497495095576
VF,kMean++,6,101,6_101.png,0.6028438547066962
VF,kMean++,6,102,6_102.png,0.5634973737914423
VF,kMean++,6,103,6_103.png,0.5686414613687906
VF,kMean++,6,104,6_104.png,0.5960738498575044
VF,kMean++,6,105,6_105.png,0.652391936616187
VF,kMean++,6,106,6_106.png,0.7238112321440219
VF,kMean++,6,107,6_107.png,0.7068035905798699
VF,kMean++,6,108,6_108.png,0.6568814625876316
VF,kMean++,6,109,6_109.png,0.6042285229534405
VF,kMean++,6,110,6_110.png,0.46489523709499553
VF,kMean++,6,111,6_111.png,0.3520955119294705
VF,kMean++,6,112,6_112.png,0.43137189252532016
VF,kMean++,6,113,6_113.png,0.42131441267111014
VF,kMean++,6,114,6_114.png,0.5424636335499845
VF,kMean++,6,115,6_115.png,0.5203672654690619
VF,kMean++,6,116,6_116.png,0.32265757666566774
VF,kMean++,6,117,6_117.png,0.27640282218057544
VF,kMean++,6,118,6_118.png,0.22118734547089233
VF,kMean++,6,119,6_119.png,0.0014629049111807733
VF,kMean++,6,120,6_120.png,0.015844049527577855
VF,kMean++,6,121,6_121.png,0.020923834346944687
VF,kMean++,6,122,6_122.png,0.03441336284966794
VF,kMean++,6,123,6_123.png,0.02307808716707022
VF,kMean++,6,124,6_124.png,0.006261536791052879
VF,kMean++,6,125,6_125.png,0.011826638782721569
VF,kMean++,6,126,6_126.png,0.03868318208915679
VF,kMean++,6,127,6_127.png,0.03716063115395707
VF,kMean++,6,128,6_128.png,0.04689518887284335
VF,kMean++,6,129,6_129.png,0.04849451115207679
VF,kMean++,6,130,6_130.png,0.07185461016278917
VF,kMean++,6,131,6_131.png,0.06735132553140674
VF,kMean++,6,132,6_132.png,0.06692293967852335
VF,kMean++,6,133,6_133.png,0.07226179875333927
VF,kMean++,6,134,6_134.png,0.06923261678875946
VF,kMean++,6,135,6_135.png,0.02896866391184573
VF,kMean++,6,136,6_136.png,0.07091911686431476
VF,kMean++,6,137,6_137.png,0.09960300738539334
VF,kMean++,6,138,6_138.png,0.11759979799371026
VF,kMean++,6,139,6_139.png,0.13483116679308452
VF,kMean++,6,140,6_140.png,0.1452021802509824
VF,kMean++,6,141,6_141.png,0.1189066508782317
VF,kMean++,6,142,6_142.png,0.034154524720562456
VF,kMean++,6,143,6_143.png,0.04371966535098487
VF,kMean++,6,144,6_144.png,0.006086653502148914
VF,kMean++,6,145,6_145.png,0.0
VF,kMean++,6,146,6_146.png,0.0
VF,kMean++,6,147,6_147.png,0.012220185524634783
VF,kMean++,6,148,6_148.png,0.01108601216333623
VF,kMean++,6,149,6_149.png,0.03752746863259375
VF,kMean++,6,150,6_150.png,0.03206706226840455
VF,kMean++,6,151,6_151.png,0.04433618436391749
VF,kMean++,6,152,6_152.png,0.041255453978807394
VF,kMean++,6,153,6_153.png,0.04761323829275519
VF,kMean++,6,154,6_154.png,0.03801576263328697
VF,kMean++,6,155,6_155.png,0.015991110681675445
VF,kMean++,6,156,6_156.png,0.043928410391592385
VF,kMean++,6,157,6_157.png,0.038804542737597134
VF,kMean++,6,158,6_158.png,0.02435601645933925
VF,kMean++,6,159,6_159.png,0.009398232571188105
VF,kMean++,6,160,6_160.png,0.13577232349597945
VF,kMean++,6,161,6_161.png,0.12416621694549379
VF,kMean++,6,162,6_162.png,0.03834096337579618
VF,kMean++,6,163,6_163.png,0.040607616602481814
VF,kMean++,6,164,6_164.png,0.09778444495730441
VF,kMean++,6,165,6_165.png,0.07398821597604559
VF,kMean++,6,166,6_166.png,0.023522598792157297
VF,kMean++,6,167,6_167.png,0.0022000207060772336
VF,kMean++,6,168,6_168.png,0.042042478906022696
VF,kMean++,6,169,6_169.png,0.08247867254148308
VF,kMean++,6,170,6_170.png,0.08616834519079737
VF,kMean++,6,171,6_171.png,0.13442338301258863
VF,kMean++,6,172,6_172.png,0.17510629333129046
VF,kMean++,6,173,6_173.png,0.1360278874061334
VF,kMean++,6,174,6_174.png,0.13951793430162945
VF,kMean++,6,175,6_175.png,0.1820689655172414
VF,kMean++,6,176,6_176.png,0.18552391383716685
VF,kMean++,6,177,6_177.png,0.21949604954089258
VF,kMean++,6,178,6_178.png,0.20200651403846612
VF,kMean++,6,179,6_179.png,0.16957963610289503
VF,kMean++,6,180,6_180.png,0.1817823702312051
VF,kMean++,6,181,6_181.png,0.18009451360073767
VF,kMean++,6,182,6_182.png,0.1456574828315277
VF,kMean++,6,183,6_183.png,0.16524263112710028
VF,kMean++,6,184,6_184.png,0.052229373675306744
VF,kMean++,6,185,6_185.png,0.08772827815659105
VF,kMean++,6,186,6_186.png,0.08952641636110106
VF,kMean++,6,187,6_187.png,0.10695945945945946
VF,kMean++,6,188,6_188.png,0.008178438661710037
VF,kMean++,6,189,6_189.png,0.024526198439241916
VF,kMean++,6,190,6_190.png,0.039708412569048265
VF,kMean++,6,191,6_191.png,0.06756064336328531
VF,kMean++,6,192,6_192.png,0.04651356854367636
VF,kMean++,6,193,6_193.png,0.07608180594780038
VF,kMean++,6,194,6_194.png,0.13559322033898305
VF,kMean++,6,195,6_195.png,0.030973044955687194
VF,kMean++,6,196,6_196.png,0.005975169849735543
VF,kMean++,6,197,6_197.png,0.026086262299662696
VF,kMean++,6,198,6_198.png,0.017171002093657274
VF,kMean++,6,199,6_199.png,0.04292985173710998
VF,kMean++,6,200,6_200.png,0.0387630540078954
VF,kMean++,6,201,6_201.png,0.0061826270461415615
VF,kMean++,6,202,6_202.png,0.028282598818718765
VF,kMean++,6,203,6_203.png,0.038939066607668084
VF,kMean++,6,204,6_204.png,0.05178687135523102
VF,kMean++,6,205,6_205.png,0.05674295441649328
VF,kMean++,6,206,6_206.png,0.08649355142522153
VF,kMean++,6,207,6_207.png,0.14325742332211294
VF,kMean++,6,208,6_208.png,0.20757664518648702
VF,kMean++,6,209,6_209.png,0.1538171863910896
VF,kMean++,6,210,6_210.png,0.23333400164404436
VF,kMean++,6,211,6_211.png,0.19711327926570793
VF,kMean++,6,212,6_212.png,0.23588445449812392
VF,kMean++,6,213,6_213.png,0.19527813712807243
VF,kMean++,6,214,6_214.png,0.17268567017698627
VF,kMean++,6,215,6_215.png,0.09407543973292141
VF,kMean++,7,0,7_000.png,0.7800567915529457
VF,kMean++,7,1,7_001.png,0.8140086238831182
VF,kMean++,7,2,7_002.png,0.8151951019451605
VF,kMean++,7,3,7_003.png,0.8174410728799784
VF,kMean++,7,4,7_004.png,0.8289626106031105
VF,kMean++,7,5,7_005.png,0.8433818350380168
VF,kMean++,7,6,7_006.png,0.8490173777989752
VF,kMean++,7,7,7_007.png,0.9080333529561649
VF,kMean++,7,8,7_008.png,0.9464376926464113
VF,kMean++,7,9,7_009.png,0.9212300884955752
VF,kMean++,7,10,7_010.png,0.9077794913577373
VF,kMean++,7,11,7_011.png,0.904589713414113
VF,kMean++,7,12,7_012.png,0.8904961845565947
VF,kMean++,7,13,7_013.png,0.8999300580107088
VF,kMean++,7,14,7_014.png,0.8868506216998807
VF,kMean++,7,15,7_015.png,0.8771954136566027
VF,kMean++,7,16,7_016.png,0.884432350414757
VF,kMean++,7,17,7_017.png,0.876424156207118
VF,kMean++,7,18,7_018.png,0.858054600395957
VF,kMean++,7,19,7_019.png,0.8558791581805838
VF,kMean++,7,20,7_020.png,0.830299458209598
VF,kMean++,7,21,7_021.png,0.775665891802028
VF,kMean++,7,22,7_022.png,0.6482112436115843
VF,kMean++,7,23,7_023.png,0.7607694354789183
VF,kMean++,7,24,7_024.png,0.7370293461996519
VF,kMean++,7,25,7_025.png,0.8989374025051353
VF,kMean++,7,26,7_026.png,0.8962381050725213
VF,kMean++,7,27,7_027.png,0.9176273334157498
VF,kMean++,7,28,7_028.png,0.9194221971892902
VF,kMean++,7,29,7_029.png,0.9145404825456639
VF,kMean++,7,30,7_030.png,0.9044851462760268
VF,kMean++,7,31,7_031.png,0.8573575596027194
VF,kMean++,7,32,7_032.png,0.8622056270675706
VF,kMean++,7,33,7_033.png,0.8192961366804353
VF,kMean++,7,34,7_034.png,0.8644163188186343
VF,kMean++,7,35,7_035.png,0.8118712521394358
VF,kMean++,7,36,7_036.png,0.808810557837194
VF,kMean++,7,37,7_037.png,0.8041911425364503
VF,kMean++,7,38,7_038.png,0.7928916273739973
VF,kMean++,7,39,7_039.png,0.8338540709428414
VF,kMean++,7,40,7_040.png,0.8257943253589839
VF,kMean++,7,41,7_041.png,0.8043930668795256
VF,kMean++,7,42,7_042.png,0.7649438114000353
VF,kMean++,7,43,7_043.png,0.7451117674015989
VF,kMean++,7,44,7_044.png,0.7244326221065143
VF,kMean++,7,45,7_045.png,0.7192993340778425
VF,kMean++,7,46,7_046.png,0.7607326437365148
VF,kMean++,7,47,7_047.png,0.8039245350182433
VF,kMean++,7,48,7_048.png,0.8154821331022661
VF,kMean++,7,49,7_049.png,0.8118304299465599
VF,kMean++,7,50,7_050.png,0.8241273304244348
VF,kMean++,7,51,7_051.png,0.8420875718708536
VF,kMean++,7,52,7_052.png,0.849218323352185
VF,kMean++,7,53,7_053.png,0.8551759500161422
VF,kMean++,7,54,7_054.png,0.8569694517499494
VF,kMean++,7,55,7_055.png,0.8738187827153897
VF,kMean++,7,56,7_056.png,0.8841598239403723
VF,kMean++,7,57,7_057.png,0.8883554885417475
VF,kMean++,7,58,7_058.png,0.743773260807329
VF,kMean++,7,59,7_059.png,0.7817990822137447
VF,kMean++,7,60,7_060.png,0.8928997503289999
VF,kMean++,7,61,7_061.png,0.8897330995519189
VF,kMean++,7,62,7_062.png,0.6994401392263742
VF,kMean++,7,63,7_063.png,0.7173935755559306
VF,kMean++,7,64,7_064.png,0.8316628007381948
VF,kMean++,7,65,7_065.png,0.7420068946870353
VF,kMean++,7,66,7_066.png,0.7877561296819925
VF,kMean++,7,67,7_067.png,0.8019504480759093
VF,kMean++,7,68,7_068.png,0.6913691302142645
VF,kMean++,7,69,7_069.png,0.6918697956093868
VF,kMean++,7,70,7_070.png,0.6756053939586785
VF,kMean++,7,71,7_071.png,0.633034541821296
VF,kMean++,7,72,7_072.png,0.6739681232136394
VF,kMean++,7,73,7_073.png,0.6492760258684828
VF,kMean++,7,74,7_074.png,0.6205170702984439
VF,kMean++,7,75,7_075.png,0.6075380787805784
VF,kMean++,7,76,7_076.png,0.6901450065912087
VF,kMean++,7,77,7_077.png,0.6782268483310274
VF,kMean++,7,78,7_078.png,0.6849688769520528
VF,kMean++,7,79,7_079.png,0.7392755490863241
VF,kMean++,7,80,7_080.png,0.7464233441896649
VF,kMean++,7,81,7_081.png,0.7181968882159453
VF,kMean++,7,82,7_082.png,0.7235715386879318
VF,kMean++,7,83,7_083.png,0.756144800927089
VF,kMean++,7,84,7_084.png,0.8862569247399
VF,kMean++,7,85,7_085.png,0.8213464039211763
VF,kMean++,7,86,7_086.png,0.854133598515997
VF,kMean++,7,87,7_087.png,0.9170342817613771
VF,kMean++,7,88,7_088.png,0.9121223390468463
VF,kMean++,7,89,7_089.png,0.9193641811660391
VF,kMean++,7,90,7_090.png,0.858547134571906
VF,kMean++,7,91,7_091.png,0.8215969168809817
VF,kMean++,7,92,7_092.png,0.6858027878162106
VF,kMean++,7,93,7_093.png,0.7298780677955531
VF,kMean++,7,94,7_094.png,0.7860246493208483
VF,kMean++,7,95,7_095.png,0.7965879465170527
VF,kMean++,7,96,7_096.png,0.78855806479839
VF,kMean++,7,97,7_097.png,0.7989819031687464
VF,kMean++,7,98,7_098.png,0.6972725998136098
VF,kMean++,7,99,7_099.png,0.6891906643669629
VF,kMean++,7,100,7_100.png,0.7591768365637712
VF,kMean++,7,101,7_101.png,0.7691380981064871
VF,kMean++,7,102,7_102.png,0.7999117825439709
VF,kMean++,7,103,7_103.png,0.793636512350728
VF,kMean++,7,104,7_104.png,0.7242186153050417
VF,kMean++,7,105,7_105.png,0.7154057031590274
VF,kMean++,7,106,7_106.png,0.747507282097244
VF,kMean++,7,107,7_107.png,0.6912590857051573
VF,kMean++,7,108,7_108.png,0.5793495178993754
VF,kMean++,7,109,7_109.png,0.6006935555193521
VF,kMean++,7,110,7_110.png,0.6049171256159582
VF,kMean++,7,111,7_111.png,0.5370151021616819
VF,kMean++,7,112,7_112.png,0.4818320816656923
VF,kMean++,7,113,7_113.png,0.4151853781869415
VF,kMean++,7,114,7_114.png,0.42469849496661016
VF,kMean++,7,115,7_115.png,0.4742607294902773
VF,kMean++,7,116,7_116.png,0.5381829075657716
VF,kMean++,7,117,7_117.png,0.509989532608201
VF,kMean++,7,118,7_118.png,0.49696898816833324
VF,kMean++,7,119,7_119.png,0.5787735234038854
VF,kMean++,7,120,7_120.png,0.6428222775418558
VF,kMean++,7,121,7_121.png,0.6369645042839658
VF,kMean++,7,122,7_122.png,0.6958848863551494
VF,kMean++,7,123,7_123.png,0.6726652965060905
VF,kMean++,7,124,7_124.png,0.5243637492240845
VF,kMean++,7,125,7_125.png,0.4554851180238177
VF,kMean++,7,126,7_126.png,0.44403679206283586
VF,kMean++,7,127,7_127.png,0.41833778966131907
VF,kMean++,7,128,7_128.png,0.359103924541014
VF,kMean++,7,129,7_129.png,0.2809939097378425
VF,kMean++,7,130,7_130.png,0.24970055098618543
VF,kMean++,7,131,7_131.png,0.3946113794617653
VF,kMean++,7,132,7_132.png,0.40140024994319473
VF,kMean++,7,133,7_133.png,0.442742792377984
VF,kMean++,7,134,7_134.png,0.6616183832924862
VF,kMean++,7,135,7_135.png,0.6657945696510239
VF,kMean++,7,136,7_136.png,0.7303316641873913
VF,kMean++,7,137,7_137.png,0.7384151823682356
VF,kMean++,7,138,7_138.png,0.6810372610754394
VF,kMean++,7,139,7_139.png,0.6085040708598014
VF,kMean++,7,140,7_140.png,0.6110645051581454
VF,kMean++,7,141,7_141.png,0.6550747967028392
VF,kMean++,7,142,7_142.png,0.5035684233490199
VF,kMean++,7,143,7_143.png,0.5678508317591859
VF,kMean++,7,144,7_144.png,0.6888040365471158
VF,kMean++,7,145,7_145.png,0.6938660664040518
VF,kMean++,7,146,7_146.png,0.691708747352989
VF,kMean++,7,147,7_147.png,0.8014683653638524
VF,kMean++,7,148,7_148.png,0.759817822462834
VF,kMean++,7,149,7_149.png,0.7786263140527035
VF,kMean++,7,150,7_150.png,0.768723786698622
VF,kMean++,7,151,7_151.png,0.7625259156876296
VF,kMean++,7,152,7_152.png,0.667868824960161
VF,kMean++,7,153,7_153.png,0.6291762013729977
VF,kMean++,7,154,7_154.png,0.6847327640733712
VF,kMean++,7,155,7_155.png,0.7464920050347303
VF,kMean++,7,156,7_156.png,0.6381869422263974
VF,kMean++,7,157,7_157.png,0.4770013636212459
VF,kMean++,7,158,7_158.png,0.3305933780929075
VF,kMean++,7,159,7_159.png,0.5460736881280238
VF,kMean++,7,160,7_160.png,0.5606761105152199
VF,kMean++,7,161,7_161.png,0.5630269688453029
VF,kMean++,7,162,7_162.png,0.560965283657917
VF,kMean++,7,163,7_163.png,0.7138540213854021
VF,kMean++,7,164,7_164.png,0.6957228817693933
VF,kMean++,7,165,7_165.png,0.7819254658385093
VF,kMean++,7,166,7_166.png,0.7979078278330148
VF,kMean++,7,167,7_167.png,0.7316536841712944
VF,kMean++,7,168,7_168.png,0.6767349996594701
VF,kMean++,7,169,7_169.png,0.648015409390887
VF,kMean++,7,170,7_170.png,0.6279084612683923
VF,kMean++,7,171,7_171.png,0.6018047480620154
VF,kMean++,7,172,7_172.png,0.6018972134677193
VF,kMean++,7,173,7_173.png,0.5867275801714675
VF,kMean++,7,174,7_174.png,0.5476160898407414
VF,kMean++,7,175,7_175.png,0.5763585259212992
VF,kMean++,7,176,7_176.png,0.5282777336849381
VF,kMean++,7,177,7_177.png,0.5150910300610899
VF,kMean++,7,178,7_178.png,0.4638143368823905
VF,kMean++,7,179,7_179.png,0.42390109273677834
VF,kMean++,7,180,7_180.png,0.4454678916461451
VF,kMean++,7,181,7_181.png,0.42527934481932433
VF,kMean++,7,182,7_182.png,0.41458379414583796
VF,kMean++,7,183,7_183.png,0.4775123645164685
VF,kMean++,7,184,7_184.png,0.5392313053868366
VF,kMean++,7,185,7_185.png,0.5403377110694184
VF,kMean++,7,186,7_186.png,0.678635770640492
VF,kMean++,7,187,7_187.png,0.7129961411245865
VF,kMean++,7,188,7_188.png,0.7265622021426665
VF,kMean++,7,189,7_189.png,0.6996070535511317
VF,kMean++,7,190,7_190.png,0.6627765374467222
VF,kMean++,7,191,7_191.png,0.543474968957267
VF,kMean++,7,192,7_192.png,0.49458650707290536
VF,kMean++,7,193,7_193.png,0.42093885114268065
VF,kMean++,7,194,7_194.png,0.5730561202961372
VF,kMean++,7,195,7_195.png,0.6740375917177606
VF,kMean++,7,196,7_196.png,0.550405274768857
VF,kMean++,7,197,7_197.png,0.7517629090436422
VF,kMean++,7,198,7_198.png,0.7437813527071441
VF,kMean++,7,199,7_199.png,0.7104536489151874
VF,kMean++,7,200,7_200.png,0.7038416049761269
VF,kMean++,7,201,7_201.png,0.727363531938271
VF,kMean++,7,202,7_202.png,0.6742876980682917
VF,kMean++,7,203,7_203.png,0.6491062061588464
VF,kMean++,7,204,7_204.png,0.7538569249618683
VF,kMean++,7,205,7_205.png,0.7480201225282662
VF,kMean++,7,206,7_206.png,0.645320197044335
VF,kMean++,7,207,7_207.png,0.6162843886819578
VF,kMean++,7,208,7_208.png,0.5521930546412114
VF,kMean++,7,209,7_209.png,0.5921003328263792
VF,kMean++,7,210,7_210.png,0.5535315346279429
VF,kMean++,7,211,7_211.png,0.5030561797752809
VF,kMean++,7,212,7_212.png,0.4203592170359217
VF,kMean++,7,213,7_213.png,0.4666785636388872
VF,kMean++,7,214,7_214.png,0.45913224816080633
VF,kMean++,7,215,7_215.png,0.42907282315384754
VF,kMean++,7,216,7_216.png,0.4589792779246816
VF,kMean++,7,217,7_217.png,0.44619589304180823
VF,kMean++,7,218,7_218.png,0.5055252127524451
VF,kMean++,7,219,7_219.png,0.5322267769562989
VF,kMean++,7,220,7_220.png,0.5886156970071511
VF,kMean++,7,221,7_221.png,0.6514345093268451
VF,kMean++,7,222,7_222.png,0.6847018532328003
VF,kMean++,7,223,7_223.png,0.661562945889584
VF,kMean++,7,224,7_224.png,0.5276826484018264
VF,kMean++,8,0,8_000.png,0.5795415074678708
VF,kMean++,8,1,8_001.png,0.6779231283734387
VF,kMean++,8,2,8_002.png,0.748722968763905
VF,kMean++,8,3,8_003.png,0.7476754393822671
VF,kMean++,8,4,8_004.png,0.7332451420297109
VF,kMean++,8,5,8_005.png,0.500728862973761
VF,kMean++,8,6,8_006.png,0.627120253164557
VF,kMean++,8,7,8_007.png,0.05955168014803808
VF,kMean++,8,8,8_008.png,0.5933388384255436
VF,kMean++,8,9,8_009.png,0.002096703358975449
VF,kMean++,8,10,8_010.png,0.03838932650856418
VF,kMean++,8,11,8_011.png,0.045806474012522136
VF,kMean++,8,12,8_012.png,0.6634682912383129
VF,kMean++,8,13,8_013.png,0.7252389290500553
VF,kMean++,8,14,8_014.png,0.7322069745708524
VF,kMean++,8,15,8_015.png,0.8461729109009046
VF,kMean++,8,16,8_016.png,0.9101787954830615
VF,kMean++,8,17,8_017.png,0.8687809092534112
VF,kMean++,8,18,8_018.png,0.8430566866563016
VF,kMean++,8,19,8_019.png,0.7585222713830494
VF,kMean++,8,20,8_020.png,0.7098526741784819
VF,kMean++,8,21,8_021.png,0.622384786120487
VF,kMean++,8,22,8_022.png,0.7630069947354111
VF,kMean++,8,23,8_023.png,0.7655719544008862
VF,kMean++,8,24,8_024.png,0.5144398603617899
VF,kMean++,8,25,8_025.png,0.7336295673582129
VF,kMean++,8,26,8_026.png,0.7291327377658313
VF,kMean++,8,27,8_027.png,0.7508611780916293
VF,kMean++,8,28,8_028.png,0.619388705006206
VF,kMean++,8,29,8_029.png,0.501942804899364
VF,kMean++,8,30,8_030.png,0.21786164175421738
VF,kMean++,8,31,8_031.png,0.33302903734086986
VF,kMean++,8,32,8_032.png,0.39405515398923885
VF,kMean++,8,33,8_033.png,0.5238037019830305
VF,kMean++,8,34,8_034.png,0.511228882147696
VF,kMean++,8,35,8_035.png,0.5247825156425073
VF,kMean++,8,36,8_036.png,0.5549485824989018
VF,kMean++,8,37,8_037.png,0.5664976262408287
VF,kMean++,8,38,8_038.png,0.6035072058633528
VF,kMean++,8,39,8_039.png,0.8932161451621218
VF,kMean++,8,40,8_040.png,0.9244345666100143
VF,kMean++,8,41,8_041.png,0.9160336785995518
VF,kMean++,8,42,8_042.png,0.8651007268458684
VF,kMean++,8,43,8_043.png,0.886728773203264
VF,kMean++,8,44,8_044.png,0.8478198029929068
VF,kMean++,8,45,8_045.png,0.7155562705398387
VF,kMean++,8,46,8_046.png,0.659801700550178
VF,kMean++,8,47,8_047.png,0.5440801532503686
VF,kMean++,8,48,8_048.png,0.5905799081766506
VF,kMean++,8,49,8_049.png,0.667552590663247
VF,kMean++,8,50,8_050.png,0.6949283556878856
VF,kMean++,8,51,8_051.png,0.7604709552250162
VF,kMean++,8,52,8_052.png,0.746165378849037
VF,kMean++,8,53,8_053.png,0.5471684031405798
VF,kMean++,8,54,8_054.png,0.7411891392969772
VF,kMean++,8,55,8_055.png,0.7855572221170508
VF,kMean++,8,56,8_056.png,0.18584805704304
VF,kMean++,8,57,8_057.png,0.07733619763694952
VF,kMean++,8,58,8_058.png,0.0503825187750041
VF,kMean++,8,59,8_059.png,0.27795746848338215
VF,kMean++,8,60,8_060.png,0.12240239669028484
VF,kMean++,8,61,8_061.png,0.09666061302397984
VF,kMean++,8,62,8_062.png,0.28373517030233447
VF,kMean++,8,63,8_063.png,0.6114108928699906
VF,kMean++,8,64,8_064.png,0.5637682340477549
VF,kMean++,8,65,8_065.png,0.7203206452247467
VF,kMean++,8,66,8_066.png,0.8253363582321327
VF,kMean++,8,67,8_067.png,0.7421787851130717
VF,kMean++,8,68,8_068.png,0.8201280319114714
VF,kMean++,8,69,8_069.png,0.9351280952223944
VF,kMean++,8,70,8_070.png,0.915852811849109
VF,kMean++,8,71,8_071.png,0.8627625958218738
VF,kMean++,8,72,8_072.png,0.788247197507468
VF,kMean++,8,73,8_073.png,0.748274432770459
VF,kMean++,8,74,8_074.png,0.6706896551724137
VF,kMean++,8,75,8_075.png,0.6429160586257218
VF,kMean++,8,76,8_076.png,0.6539416796982799
VF,kMean++,8,77,8_077.png,0.7002818707669289
VF,kMean++,8,78,8_078.png,0.7476001630777214
VF,kMean++,8,79,8_079.png,0.7214689057925746
VF,kMean++,8,80,8_080.png,0.42899934000101536
VF,kMean++,8,81,8_081.png,0.4850719496153386
VF,kMean++,8,82,8_082.png,0.5808016202963436
VF,kMean++,8,83,8_083.png,0.6189714610655009
VF,kMean++,8,84,8_084.png,0.5374864629751274
VF,kMean++,8,85,8_085.png,0.16744981435548228
VF,kMean++,8,86,8_086.png,0.29857242093026554
VF,kMean++,8,87,8_087.png,0.3921486187673238
VF,kMean++,8,88,8_088.png,0.379945070998656
VF,kMean++,8,89,8_089.png,0.42745724362813603
VF,kMean++,8,90,8_090.png,0.5092736233714529
VF,kMean++,8,91,8_091.png,0.5488161520724368
VF,kMean++,8,92,8_092.png,0.764892200817101
VF,kMean++,8,93,8_093.png,0.8663283140629201
VF,kMean++,8,94,8_094.png,0.8505462079357107
VF,kMean++,8,95,8_095.png,0.7052656225610073
VF,kMean++,8,96,8_096.png,0.7230001691188905
VF,kMean++,8,97,8_097.png,0.6648002200896541
VF,kMean++,8,98,8_098.png,0.5176837150717624
VF,kMean++,8,99,8_099.png,0.5725829519450801
VF,kMean++,8,100,8_100.png,0.5834139621837026
VF,kMean++,8,101,8_101.png,0.13939177907434855
VF,kMean++,8,102,8_102.png,0.1500134403440728
VF,kMean++,8,103,8_103.png,0.17020336962042087
VF,kMean++,8,104,8_104.png,0.21636937690584776
VF,kMean++,8,105,8_105.png,0.19054865839006807
VF,kMean++,8,106,8_106.png,0.02419940574447012
VF,kMean++,8,107,8_107.png,0.0
VF,kMean++,8,108,8_108.png,0.0
VF,kMean++,8,109,8_109.png,0.0
VF,kMean++,8,110,8_110.png,0.0
VF,kMean++,8,111,8_111.png,0.00010368926401360403
VF,kMean++,8,112,8_112.png,0.00186336661738197
VF,kMean++,8,113,8_113.png,0.001242098871070137
VF,kMean++,8,114,8_114.png,0.0019330157472035976
VF,kMean++,8,115,8_115.png,0.0036504350975514444
VF,kMean++,8,116,8_116.png,0.001416363722203862
VF,kMean++,8,117,8_117.png,0.0019030318757839195
VF,kMean++,8,118,8_118.png,0.0032746707308282446
VF,kMean++,8,119,8_119.png,0.0037387310425230406
VF,kMean++,8,120,8_120.png,0.006769326788050458
VF,kMean++,8,121,8_121.png,0.009655801887925444
VF,kMean++,8,122,8_122.png,0.03421363361460703
VF,kMean++,8,123,8_123.png,0.03136722897251386
VF,kMean++,8,124,8_124.png,0.0448184867933638
VF,kMean++,8,125,8_125.png,0.07751251788268956
VF,kMean++,8,126,8_126.png,0.07296637354569974
VF,kMean++,8,127,8_127.png,0.0876301248588088
VF,kMean++,8,128,8_128.png,0.11655758489531577
VF,kMean++,8,129,8_129.png,0.16548387494908853
VF,kMean++,8,130,8_130.png,0.1689283838206969
VF,kMean++,8,131,8_131.png,0.2980291934928982
VF,kMean++,8,132,8_132.png,0.2244946535813681
VF,kMean++,8,133,8_133.png,0.2505633802816901
VF,kMean++,8,134,8_134.png,0.2329526662905391
VF,kMean++,8,135,8_135.png,0.23574620801733479
VF,kMean++,8,136,8_136.png,0.05886493294806253
VF,kMean++,8,137,8_137.png,0.061124449779911966
VF,kMean++,8,138,8_138.png,0.3974309404132835
VF,kMean++,8,139,8_139.png,0.483991683991684
VF,kMean++,8,140,8_140.png,0.5122361829678903
VF,kMean++,8,141,8_141.png,0.4227937327703528
VF,kMean++,8,142,8_142.png,0.33462683083386824
VF,kMean++,8,143,8_143.png,0.17683686176836863
VF,kMean++,8,144,8_144.png,0.1632583035959374
VF,kMean++,8,145,8_145.png,0.15396991281867936
VF,kMean++,8,146,8_146.png,0.13434452871072589
VF,kMean++,8,147,8_147.png,0.13025600520373554
VF,kMean++,8,148,8_148.png,0.13936645136778114
VF,kMean++,8,149,8_149.png,0.14601159260281535
VF,kMean++,8,150,8_150.png,0.15601189370005575
VF,kMean++,8,151,8_151.png,0.02239085127985892
VF,kMean++,8,152,8_152.png,0.0
VF,kMean++,8,153,8_153.png,0.001777100787001777
VF,kMean++,8,154,8_154.png,0.00042749216878570115
VF,kMean++,8,155,8_155.png,0.002335628865566014
VF,kMean++,8,156,8_156.png,0.007482494501883263
VF,kMean++,8,157,8_157.png,0.012273859465128474
VF,kMean++,8,158,8_158.png,0.021714087329766922
VF,kMean++,8,159,8_159.png,0.043863228333605356
VF,kMean++,8,160,8_160.png,0.06925600628823349
VF,kMean++,8,161,8_161.png,0.07447252453762436
VF,kMean++,8,162,8_162.png,0.13630573248407643
VF,kMean++,8,163,8_163.png,0.13737339635381499
VF,kMean++,8,164,8_164.png,0.09674067803132336
VF,kMean++,8,165,8_165.png,0.02583008500446156
VF,kMean++,8,166,8_166.png,0.008909599254426841
VF,kMean++,8,167,8_167.png,0.005390580669566862
VF,kMean++,8,168,8_168.png,0.005752803765471556
VF,kMean++,8,169,8_169.png,0.016170039662361437
VF,kMean++,8,170,8_170.png,0.04410655214439092
VF,kMean++,8,171,8_171.png,0.05343178580772697
VF,kMean++,8,172,8_172.png,0.08408495781204539
VF,kMean++,8,173,8_173.png,0.12175520769135954
VF,kMean++,8,174,8_174.png,0.1405669929125886
VF,kMean++,8,175,8_175.png,0.1533916269210387
VF,kMean++,8,176,8_176.png,0.21718274345807326
VF,kMean++,8,177,8_177.png,0.20097479069984375
VF,kMean++,8,178,8_178.png,0.1652986463455247
VF,kMean++,8,179,8_179.png,0.1948566802963947
VF,kMean++,8,180,8_180.png,0.17803210633557404
VF,kMean++,8,181,8_181.png,0.17460537727666955
VF,kMean++,8,182,8_182.png,0.2344632768361582
VF,kMean++,8,183,8_183.png,0.10785856678207953
VF,kMean++,8,184,8_184.png,0.058205995567479296
VF,kMean++,8,185,8_185.png,0.027399792930039937
VF,kMean++,8,186,8_186.png,0.023717818771538616
VF,kMean++,8,187,8_187.png,0.009546220285049603
VF,kMean++,8,188,8_188.png,0.022409431530714525
VF,kMean++,8,189,8_189.png,0.029685914529107772
VF,kMean++,8,190,8_190.png,0.037105161568680885
VF,kMean++,8,191,8_191.png,0.03544855983855515
VF,kMean++,8,192,8_192.png,0.06947532236549578
VF,kMean++,8,193,8_193.png,0.082748823581639
VF,kMean++,8,194,8_194.png,0.08766330313423072
VF,kMean++,8,195,8_195.png,0.10578207493162013
VF,kMean++,8,196,8_196.png,0.15107217440024448
VF,kMean++,8,197,8_197.png,0.14303577631121916
VF,kMean++,8,198,8_198.png,0.1730576537690766
VF,kMean++,8,199,8_199.png,0.16827558514998914
VF,kMean++,8,200,8_200.png,0.20502546287158027
VF,kMean++,8,201,8_201.png,0.22149047455427023
VF,kMean++,8,202,8_202.png,0.24985107819387634
VF,kMean++,8,203,8_203.png,0.24564777327935222
VF,kMean++,8,204,8_204.png,0.31100818442590594
VF,kMean++,8,205,8_205.png,0.2890358206786311
VF,kMean++,8,206,8_206.png,0.20448595013758025
VF,kMean++,8,207,8_207.png,0.21965680652630212
VF,kMean++,8,208,8_208.png,0.20309433617817535
VF,kMean++,8,209,8_209.png,0.19127727636239003
VF,kMean++,8,210,8_210.png,0.13208283100489326
VF,kMean++,8,211,8_211.png,0.11197901570923424
VF,kMean++,8,212,8_212.png,0.0926981738199288
VF,kMean++,9,0,9_000.png,0.862380053082891
VF,kMean++,9,1,9_001.png,0.8747691666170251
VF,kMean++,9,2,9_002.png,0.8214487702725425
VF,kMean++,9,3,9_003.png,0.6433737720895637
VF,kMean++,9,4,9_004.png,0.5288472716896183
VF,kMean++,9,5,9_005.png,0.5166665092423799
VF,kMean++,9,6,9_006.png,0.6083444538800599
VF,kMean++,9,7,9_007.png,0.554712075204102
VF,kMean++,9,8,9_008.png,0.4286224890985775
VF,kMean++,9,9,9_009.png,0.4789773790839321
VF,kMean++,9,10,9_010.png,0.4433399463507321
VF,kMean++,9,11,9_011.png,0.4498533490822705
VF,kMean++,9,12,9_012.png,0.5029441363509839
VF,kMean++,9,13,9_013.png,0.5161815577064188
VF,kMean++,9,14,9_014.png,0.6281938547345678
VF,kMean++,9,15,9_015.png,0.703460680145222
VF,kMean++,9,16,9_016.png,0.8170208220029523
VF,kMean++,9,17,9_017.png,0.7836624252108093
VF,kMean++,9,18,9_018.png,0.821754859280152
VF,kMean++,9,19,9_019.png,0.8073458827511999
VF,kMean++,9,20,9_020.png,0.6873103154782569
VF,kMean++,9,21,9_021.png,0.7052197033305345
VF,kMean++,9,22,9_022.png,0.7051824090882474
VF,kMean++,9,23,9_023.png,0.6829085716259947
VF,kMean++,9,24,9_024.png,0.721735924454699
VF,kMean++,9,25,9_025.png,0.7575303220969771
VF,kMean++,9,26,9_026.png,0.8182143778115241
VF,kMean++,9,27,9_027.png,0.8656985685555424
VF,kMean++,9,28,9_028.png,0.8964844903988183
VF,kMean++,9,29,9_029.png,0.8800972147423948
VF,kMean++,9,30,9_030.png,0.8710197105753471
VF,kMean++,9,31,9_031.png,0.7988694130392511
VF,kMean++,9,32,9_032.png,0.8114674441205053
VF,kMean++,9,33,9_033.png,0.7657136174940069
VF,kMean++,9,34,9_034.png,0.6439647116587738
VF,kMean++,9,35,9_035.png,0.46149530925497123
VF,kMean++,9,36,9_036.png,0.4755882242452322
VF,kMean++,9,37,9_037.png,0.44304178692433177
VF,kMean++,9,38,9_038.png,0.4496503135564789
VF,kMean++,9,39,9_039.png,0.4892958293996779
VF,kMean++,9,40,9_040.png,0.530094281794565
VF,kMean++,9,41,9_041.png,0.5678699598902259
VF,kMean++,9,42,9_042.png,0.6094406419636536
VF,kMean++,9,43,9_043.png,0.6506492832811717
VF,kMean++,9,44,9_044.png,0.6158406297694594
VF,kMean++,9,45,9_045.png,0.6659525224408094
VF,kMean++,9,46,9_046.png,0.6852728912945422
VF,kMean++,9,47,9_047.png,0.6748344966000659
VF,kMean++,9,48,9_048.png,0.6445448767742391
VF,kMean++,9,49,9_049.png,0.6589617548445758
VF,kMean++,9,50,9_050.png,0.7311598703980392
VF,kMean++,9,51,9_051.png,0.7585815127302528
VF,kMean++,9,52,9_052.png,0.6885843194006981
VF,kMean++,9,53,9_053.png,0.506809962295124
VF,kMean++,9,54,9_054.png,0.42388761441842504
VF,kMean++,9,55,9_055.png,0.46404123472519837
VF,kMean++,9,56,9_056.png,0.5700087730292016
VF,kMean++,9,57,9_057.png,0.6043452206753348
VF,kMean++,9,58,9_058.png,0.7235173177289261
VF,kMean++,9,59,9_059.png,0.828722591702528
VF,kMean++,9,60,9_060.png,0.8121427048814991
VF,kMean++,9,61,9_061.png,0.7625998535197833
VF,kMean++,9,62,9_062.png,0.7584220492990246
VF,kMean++,9,63,9_063.png,0.7984688738163992
VF,kMean++,9,64,9_064.png,0.5076661564925302
VF,kMean++,9,65,9_065.png,0.5042208334240649
VF,kMean++,9,66,9_066.png,0.535167775469456
VF,kMean++,9,67,9_067.png,0.610839449671949
VF,kMean++,9,68,9_068.png,0.6755546777273026
VF,kMean++,9,69,9_069.png,0.7975003384018409
VF,kMean++,9,70,9_070.png,0.797247111123383
VF,kMean++,9,71,9_071.png,0.8248200059642994
VF,kMean++,9,72,9_072.png,0.7619917307155721
VF,kMean++,9,73,9_073.png,0.731864582150383
VF,kMean++,9,74,9_074.png,0.6927834786410514
VF,kMean++,9,75,9_075.png,0.6929820664326862
VF,kMean++,9,76,9_076.png,0.6803486002514778
VF,kMean++,9,77,9_077.png,0.5978657950394155
VF,kMean++,9,78,9_078.png,0.6242589855007541
VF,kMean++,9,79,9_079.png,0.6219064497753022
VF,kMean++,9,80,9_080.png,0.6342515818454058
VF,kMean++,9,81,9_081.png,0.7747106647537063
VF,kMean++,9,82,9_082.png,0.813578914919852
VF,kMean++,9,83,9_083.png,0.8420313409177552
VF,kMean++,9,84,9_084.png,0.7405155363768613
VF,kMean++,9,85,9_085.png,0.7820968671920047
VF,kMean++,9,86,9_086.png,0.7875971143174251
VF,kMean++,9,87,9_087.png,0.7709114039575756
VF,kMean++,9,88,9_088.png,0.8365202773691952
VF,kMean++,9,89,9_089.png,0.8646460488173039
VF,kMean++,9,90,9_090.png,0.5715957723500343
VF,kMean++,9,91,9_091.png,0.5767180959797528
VF,kMean++,9,92,9_092.png,0.586004041230785
VF,kMean++,9,93,9_093.png,0.35723187729854955
VF,kMean++,9,94,9_094.png,0.3821603867037084
VF,kMean++,9,95,9_095.png,0.4167248359625855
VF,kMean++,9,96,9_096.png,0.4339486472182573
VF,kMean++,9,97,9_097.png,0.42433744855967076
VF,kMean++,9,98,9_098.png,0.41183865898376115
VF,kMean++,9,99,9_099.png,0.418355468785804
VF,kMean++,9,100,9_100.png,0.5243075927087337
VF,kMean++,9,101,9_101.png,0.5400351913275625
VF,kMean++,9,102,9_102.png,0.5702167148861838
VF,kMean++,9,103,9_103.png,0.6184245790999683
VF,kMean++,9,104,9_104.png,0.6270836335687179
VF,kMean++,9,105,9_105.png,0.6473309416556524
VF,kMean++,9,106,9_106.png,0.6555632697416083
VF,kMean++,9,107,9_107.png,0.6605048098670124
VF,kMean++,9,108,9_108.png,0.6008246548998517
VF,kMean++,9,109,9_109.png,0.572904304018214
VF,kMean++,9,110,9_110.png,0.502962204175599
VF,kMean++,9,111,9_111.png,0.6593377932527418
VF,kMean++,9,112,9_112.png,0.6457783324533193
VF,kMean++,9,113,9_113.png,0.6807043108682453
VF,kMean++,9,114,9_114.png,0.8258343999212366
VF,kMean++,9,115,9_115.png,0.7512781274997392
VF,kMean++,9,116,9_116.png,0.4628724147356273
VF,kMean++,9,117,9_117.png,0.5247965001613655
VF,kMean++,9,118,9_118.png,0.5481583532558045
VF,kMean++,9,119,9_119.png,0.6150043198617644
VF,kMean++,9,120,9_120.png,0.6223475959858206
VF,kMean++,9,121,9_121.png,0.5732701013149386
VF,kMean++,9,122,9_122.png,0.5443124519271857
VF,kMean++,9,123,9_123.png,0.4625922825176954
VF,kMean++,9,124,9_124.png,0.45104029700672904
VF,kMean++,9,125,9_125.png,0.4445974659636421
VF,kMean++,9,126,9_126.png,0.37626628075253254
VF,kMean++,9,127,9_127.png,0.47426286856571714
VF,kMean++,9,128,9_128.png,0.47607292062286366
VF,kMean++,9,129,9_129.png,0.4727173870829935
VF,kMean++,9,130,9_130.png,0.42443071618418216
VF,kMean++,9,131,9_131.png,0.420523068293367
VF,kMean++,9,132,9_132.png,0.4411457807398431
VF,kMean++,9,133,9_133.png,0.48405260670971806
VF,kMean++,9,134,9_134.png,0.4855712731229597
VF,kMean++,9,135,9_135.png,0.5501387033802527
VF,kMean++,9,136,9_136.png,0.5448324022346369
VF,kMean++,9,137,9_137.png,0.5477682890917505
VF,kMean++,9,138,9_138.png,0.5705593977063819
VF,kMean++,9,139,9_139.png,0.5169296515450361
VF,kMean++,9,140,9_140.png,0.37416723317471107
VF,kMean++,9,141,9_141.png,0.2564619075641664
VF,kMean++,9,142,9_142.png,0.21625871002322672
VF,kMean++,9,143,9_143.png,0.2203060350977315
VF,kMean++,9,144,9_144.png,0.19340799805222472
VF,kMean++,9,145,9_145.png,0.14859240553685
VF,kMean++,9,146,9_146.png,0.17364362820692555
VF,kMean++,9,147,9_147.png,0.2105658840665967
VF,kMean++,9,148,9_148.png,0.19797098417726247
VF,kMean++,9,149,9_149.png,0.2010443864229765
VF,kMean++,9,150,9_150.png,0.18978125550061606
VF,kMean++,9,151,9_151.png,0.16885088586201463
VF,kMean++,9,152,9_152.png,0.17547748240475539
VF,kMean++,9,153,9_153.png,0.16846832350833052
VF,kMean++,9,154,9_154.png,0.1867517006802721
VF,kMean++,9,155,9_155.png,0.1940896686159844
VF,kMean++,9,156,9_156.png,0.20521334060161553
VF,kMean++,9,157,9_157.png,0.36731595438834513
VF,kMean++,9,158,9_158.png,0.41707855251544573
VF,kMean++,9,159,9_159.png,0.38245197068726483
VF,kMean++,9,160,9_160.png,0.32945707166049987
VF,kMean++,9,161,9_161.png,0.311797953781212
VF,kMean++,9,162,9_162.png,0.3378929778883146
VF,kMean++,9,163,9_163.png,0.3750108122134763
VF,kMean++,9,164,9_164.png,0.3487566245413779
VF,kMean++,9,165,9_165.png,0.37067812411333145
VF,kMean++,9,166,9_166.png,0.3522843437917748
VF,kMean++,9,167,9_167.png,0.33416609887198123
VF,kMean++,9,168,9_168.png,0.32756455537241974
VF,kMean++,9,169,9_169.png,0.408385169221727
VF,kMean++,9,170,9_170.png,0.484803435744962
VF,kMean++,9,171,9_171.png,0.4204278577223622
VF,kMean++,9,172,9_172.png,0.3620192672381097
VF,kMean++,9,173,9_173.png,0.3741867549170772
VF,kMean++,9,174,9_174.png,0.40166268078806516
VF,kMean++,9,175,9_175.png,0.4193115780062584
VF,kMean++,9,176,9_176.png,0.36820589385375563
VF,kMean++,9,177,9_177.png,0.2578207381370826
VF,kMean++,9,178,9_178.png,0.27109327060748617
VF,kMean++,9,179,9_179.png,0.30169530954665735
VF,kMean++,9,180,9_180.png,0.25451380364675164
VF,kMean++,9,181,9_181.png,0.2642264984090565
VF,kMean++,9,182,9_182.png,0.20693818011099746
VF,kMean++,9,183,9_183.png,0.18491674828599414
VF,kMean++,9,184,9_184.png,0.37926623640909357
VF,kMean++,9,185,9_185.png,0.24015565006284542
VF,kMean++,9,186,9_186.png,0.2951980144599115
VF,kMean++,9,187,9_187.png,0.3797014025033931
VF,kMean++,9,188,9_188.png,0.40293016009811394
VF,kMean++,9,189,9_189.png,0.44712542013090395
VF,kMean++,9,190,9_190.png,0.46145285697839517
VF,kMean++,9,191,9_191.png,0.5374746169466494
VF,kMean++,9,192,9_192.png,0.5451976153676308
VF,kMean++,9,193,9_193.png,0.5801230012300123
VF,kMean++,9,194,9_194.png,0.14461947474345915
VF,kMean++,9,195,9_195.png,0.191469520680602
VF,kMean++,9,196,9_196.png,0.17899795158526688
VF,kMean++,9,197,9_197.png,0.1954560294423174
VF,kMean++,9,198,9_198.png,0.17977687770908832
VF,kMean++,9,199,9_199.png,0.19639366189937235
VF,kMean++,9,200,9_200.png,0.3724418810553743
VF,kMean++,9,201,9_201.png,0.4635297482837529
VF,kMean++,9,202,9_202.png,0.5257441490570325
VF,kMean++,9,203,9_203.png,0.6506110711718188
VF,kMean++,9,204,9_204.png,0.6220820954344267
VF,kMean++,9,205,9_205.png,0.5995673833245936
VF,kMean++,9,206,9_206.png,0.3982498359221177
VF,kMean++,9,207,9_207.png,0.37748796147672553
VF,kMean++,9,208,9_208.png,0.4754225461311831
VF,kMean++,9,209,9_209.png,0.4305454083415393
VF,kMean++,9,210,9_210.png,0.37098003783493805
VF,kMean++,9,211,9_211.png,0.3308384069708987
VF,kMean++,9,212,9_212.png,0.3311483225075979
VF,kMean++,9,213,9_213.png,0.314086891104006
VF,kMean++,9,214,9_214.png,0.3295905355624823
VF,kMean++,9,215,9_215.png,0.38703711668315344
VF,kMean++,9,216,9_216.png,0.3620011472588708
VF,kMean++,9,217,9_217.png,0.38446593915343913
VF,kMean++,9,218,9_218.png,0.33572953736654804
VF,kMean++,9,219,9_219.png,0.30646708885050855
VF,kMean++,9,220,9_220.png,0.28203632970813775
VF,kMean++,9,221,9_221.png,0.2424915759144406
VF,kMean++,9,222,9_222.png,0.359027347248054
VF,kMean++,9,223,9_223.png,0.2499721286985217
VF,kMean++,9,224,9_224.png,0.2904643913356246
VF,kMean++,9,225,9_225.png,0.3037441569861619
VF,kMean++,9,226,9_226.png,0.4217289719626168
VF,kMean++,9,227,9_227.png,0.25476574791083506
