partition,method,scene,frame,filename,iou
VF,SC+S3,1,0,1_000.png,0.025851571762745537
VF,SC+S3,1,1,1_001.png,0.02094864853945295
VF,SC+S3,1,2,1_002.png,0.015772384568818448
VF,SC+S3,1,3,1_003.png,0.04583761006968829
VF,SC+S3,1,4,1_004.png,0.054917751884852636
VF,SC+S3,1,5,1_005.png,0.03808602888424467
VF,SC+S3,1,6,1_006.png,0.061039041456391836
VF,SC+S3,1,7,1_007.png,0.0868689561212552
VF,SC+S3,1,8,1_008.png,0.06681771670808362
VF,SC+S3,1,9,1_009.png,0.053150520716265824
VF,SC+S3,1,10,1_010.png,0.07088259974063621
VF,SC+S3,1,11,1_011.png,0.08627588936282485
VF,SC+S3,1,12,1_012.png,0.06045571019444305
VF,SC+S3,1,13,1_013.png,0.07391519993565597
VF,SC+S3,1,14,1_014.png,0.10703074666557004
VF,SC+S3,1,15,1_015.png,0.09778602937070746
VF,SC+S3,1,16,1_016.png,0.08044228631603581
VF,SC+S3,1,17,1_017.png,0.06947873916523338
VF,SC+S3,1,18,1_018.png,0.08769474420831645
VF,SC+S3,1,19,1_019.png,0.11668598134392158
VF,SC+S3,1,20,1_020.png,0.14278005611914527
VF,SC+S3,1,21,1_021.png,0.12322791712104689
VF,SC+S3,1,22,1_022.png,0.07456732295966974
VF,SC+S3,1,23,1_023.png,0.07991866769945778
VF,SC+S3,1,24,1_024.png,0.002863238266337301
VF,SC+S3,1,25,1_025.png,0.03057568668509824
VF,SC+S3,1,26,1_026.png,0.029054153755348974
VF,SC+S3,1,27,1_027.png,0.04890197263802552
VF,SC+S3,1,28,1_028.png,0.01848517064068907
VF,SC+S3,1,29,1_029.png,0.0317404647084612
VF,SC+S3,1,30,1_030.png,0.05153720008279068
VF,SC+S3,1,31,1_031.png,0.0268084984373656
VF,SC+S3,1,32,1_032.png,0.04260903332931614
VF,SC+S3,1,33,1_033.png,0.037550525464834277
VF,SC+S3,1,34,1_034.png,0.03574329813160033
VF,SC+S3,1,35,1_035.png,0.025755945978247877
VF,SC+S3,1,36,1_036.png,0.05306186620548699
VF,SC+S3,1,37,1_037.png,0.052130939926215515
VF,SC+S3,1,38,1_038.png,0.03964119183383244
VF,SC+S3,1,39,1_039.png,0.03071368866599086
VF,SC+S3,1,40,1_040.png,0.045326181553380814
VF,SC+S3,1,41,1_041.png,0.04125590509319035
VF,SC+S3,1,42,1_042.png,0.10578719002327519
VF,SC+S3,1,43,1_043.png,0.08588379042824125
VF,SC+S3,1,44,1_044.png,0.0586540634179408
VF,SC+S3,1,45,1_045.png,0.056868125739017915
VF,SC+S3,1,46,1_046.png,0.06852141429936583
VF,SC+S3,1,47,1_047.png,0.05930322013408067
VF,SC+S3,1,48,1_048.png,0.05498498629183167
VF,SC+S3,1,49,1_049.png,0.07732470109121287
VF,SC+S3,1,50,1_050.png,0.06256522557355734
VF,SC+S3,1,51,1_051.png,0.07608271012389775
VF,SC+S3,1,52,1_052.png,0.08694920146238215
VF,SC+S3,1,53,1_053.png,0.08015951366517718
VF,SC+S3,1,54,1_054.png,0.09871939894144427
VF,SC+S3,1,55,1_055.png,0.07676608647482434
VF,SC+S3,1,56,1_056.png,0.06399361948955916
VF,SC+S3,1,57,1_057.png,0.04777144083099422
VF,SC+S3,1,58,1_058.png,0.27794867643487414
VF,SC+S3,1,59,1_059.png,0.28401436433564947
VF,SC+S3,1,60,1_060.png,0.23091024158173842
VF,SC+S3,1,61,1_061.png,0.16823051523861557
VF,SC+S3,1,62,1_062.png,0.19566094614161267
VF,SC+S3,1,63,1_063.png,0.01916236168957689
VF,SC+S3,1,64,1_064.png,0.0013890530795602318
VF,SC+S3,1,65,1_065.png,0.0
VF,SC+S3,1,66,1_066.png,0.0
VF,SC+S3,1,67,1_067.png,0.0
VF,SC+S3,1,68,1_068.png,0.0
VF,SC+S3,1,69,1_069.png,0.0
VF,SC+S3,1,70,1_070.png,0.0
VF,SC+S3,1,71,1_071.png,0.0
VF,SC+S3,1,72,1_072.png,0.0
VF,SC+S3,1,73,1_073.png,0.0
VF,SC+S3,1,74,1_074.png,0.0
VF,SC+S3,1,75,1_075.png,0.0
VF,SC+S3,1,76,1_076.png,0.0
VF,SC+S3,1,77,1_077.png,0.0
VF,SC+S3,1,78,1_078.png,0.0
VF,SC+S3,1,79,1_079.png,0.0
VF,SC+S3,1,80,1_080.png,0.0
VF,SC+S3,1,81,1_081.png,0.0
VF,SC+S3,1,82,1_082.png,0.0
VF,SC+S3,1,83,1_083.png,0.0
VF,SC+S3,1,84,1_084.png,0.0
VF,SC+S3,1,85,1_085.png,0.0
VF,SC+S3,1,86,1_086.png,0.0
VF,SC+S3,1,87,1_087.png,0.0
VF,SC+S3,1,88,1_088.png,0.0
VF,SC+S3,1,89,1_089.png,0.0
VF,SC+S3,1,90,1_090.png,0.0
VF,SC+S3,1,91,1_091.png,0.0
VF,SC+S3,1,92,1_092.png,0.0
VF,SC+S3,1,93,1_093.png,0.0
VF,SC+S3,1,94,1_094.png,0.0
VF,SC+S3,1,95,1_095.png,0.0
VF,SC+S3,1,96,1_096.png,0.0
VF,SC+S3,1,97,1_097.png,0.0
VF,SC+S3,1,98,1_098.png,0.0
VF,SC+S3,1,99,1_099.png,0.0
VF,SC+S3,1,100,1_100.png,0.0
VF,SC+S3,1,101,1_101.png,0.0
VF,SC+S3,1,102,1_102.png,0.0
VF,SC+S3,1,103,1_103.png,0.0
VF,SC+S3,1,104,1_104.png,0.0
VF,SC+S3,1,105,1_105.png,0.0
VF,SC+S3,1,106,1_106.png,0.0
VF,SC+S3,1,107,1_107.png,0.0
VF,SC+S3,1,108,1_108.png,0.00023044129508007836
VF,SC+S3,1,109,1_109.png,0.0012984813413876813
VF,SC+S3,1,110,1_110.png,0.0029062870699881377
VF,SC+S3,1,111,1_111.png,0.0010257067760753894
VF,SC+S3,1,112,1_112.png,0.000623668208513071
VF,SC+S3,1,113,1_113.png,0.0001018278091746856
VF,SC+S3,1,114,1_114.png,0.0
VF,SC+S3,1,115,1_115.png,0.0
VF,SC+S3,1,116,1_116.png,0.0
VF,SC+S3,1,117,1_117.png,0.0
VF,SC+S3,1,118,1_118.png,0.0
VF,SC+S3,1,119,1_119.png,0.0
VF,SC+S3,1,120,1_120.png,0.0
VF,SC+S3,1,121,1_121.png,0.0
VF,SC+S3,1,122,1_122.png,0.0
VF,SC+S3,1,123,1_123.png,0.0
VF,SC+S3,1,124,1_124.png,0.0
VF,SC+S3,1,125,1_125.png,0.0
VF,SC+S3,1,126,1_126.png,0.0
VF,SC+S3,1,127,1_127.png,0.0
VF,SC+S3,1,128,1_128.png,0.0
VF,SC+S3,1,129,1_129.png,0.0
VF,SC+S3,1,130,1_130.png,0.0
VF,SC+S3,1,131,1_131.png,0.0
VF,SC+S3,1,132,1_132.png,0.0
VF,SC+S3,1,133,1_133.png,0.0
VF,SC+S3,1,134,1_134.png,0.0
VF,SC+S3,1,135,1_135.png,0.0
VF,SC+S3,1,136,1_136.png,0.0
VF,SC+S3,1,137,1_137.png,0.0
VF,SC+S3,1,138,1_138.png,0.0
VF,SC+S3,1,139,1_139.png,0.0
VF,SC+S3,1,140,1_140.png,0.0
VF,SC+S3,1,141,1_141.png,0.0
VF,SC+S3,1,142,1_142.png,0.0
VF,SC+S3,1,143,1_143.png,0.0
VF,SC+S3,1,144,1_144.png,0.0
VF,SC+S3,1,145,1_145.png,0.0
VF,SC+S3,1,146,1_146.png,0.0
VF,SC+S3,1,147,1_147.png,0.0
VF,SC+S3,1,148,1_148.png,0.0
VF,SC+S3,1,149,1_149.png,0.0
VF,SC+S3,1,150,1_150.png,0.0
VF,SC+S3,1,151,1_151.png,0.0
VF,SC+S3,1,152,1_152.png,0.0
VF,SC+S3,1,153,1_153.png,0.0
VF,SC+S3,1,154,1_154.png,0.0
VF,SC+S3,1,155,1_155.png,0.0
VF,SC+S3,1,156,1_156.png,0.0
VF,SC+S3,1,157,1_157.png,0.0
VF,SC+S3,1,158,1_158.png,0.0
VF,SC+S3,1,159,1_159.png,0.0
VF,SC+S3,1,160,1_160.png,0.0
VF,SC+S3,1,161,1_161.png,0.0
VF,SC+S3,1,162,1_162.png,0.0
VF,SC+S3,1,163,1_163.png,0.0
VF,SC+S3,1,164,1_164.png,0.0
VF,SC+S3,1,165,1_165.png,0.0
VF,SC+S3,1,166,1_166.png,0.0
VF,SC+S3,1,167,1_167.png,0.0
VF,SC+S3,1,168,1_168.png,0.0
VF,SC+S3,1,169,1_169.png,0.0
VF,SC+S3,1,170,1_170.png,0.0
VF,SC+S3,1,171,1_171.png,0.0
VF,SC+S3,10,0,10_000.png,0.8663035133257778
VF,SC+S3,10,1,10_001.png,0.9091629976802538
VF,SC+S3,10,2,10_002.png,0.901794453507341
VF,SC+S3,10,3,10_003.png,0.9104059418050011
VF,SC+S3,10,4,10_004.png,0.9000736528175222
VF,SC+S3,10,5,10_005.png,0.9088920856578132
VF,SC+S3,10,6,10_006.png,0.889735080713201
VF,SC+S3,10,7,10_007.png,0.8889666400091397
VF,SC+S3,10,8,10_008.png,0.908280057016244
VF,SC+S3,10,9,10_009.png,0.9069848739495798
VF,SC+S3,10,10,10_010.png,0.9039181259529641
VF,SC+S3,10,11,10_011.png,0.8955553953029975
VF,SC+S3,10,12,10_012.png,0.8911245732967931
VF,SC+S3,10,13,10_013.png,0.8890058331219883
VF,SC+S3,10,14,10_014.png,0.9085987790987855
VF,SC+S3,10,15,10_015.png,0.9251643192488263
VF,SC+S3,10,16,10_016.png,0.8993718348266458
VF,SC+S3,10,17,10_017.png,0.9229834759323362
VF,SC+S3,10,18,10_018.png,0.9142505934214988
VF,SC+S3,10,19,10_019.png,0.9155553362365684
VF,SC+S3,10,20,10_020.png,0.911577267286097
VF,SC+S3,10,21,10_021.png,0.9184428158407854
VF,SC+S3,10,22,10_022.png,0.9289975953557164
VF,SC+S3,10,23,10_023.png,0.9101232110977787
VF,SC+S3,10,24,10_024.png,0.9100492405853388
VF,SC+S3,10,25,10_025.png,0.9003024842846776
VF,SC+S3,10,26,10_026.png,0.9242244039706785
VF,SC+S3,10,27,10_027.png,0.9141442025332661
VF,SC+S3,10,28,10_028.png,0.9112277058504626
VF,SC+S3,10,29,10_029.png,0.9019334039342849
VF,SC+S3,10,30,10_030.png,0.9322168439762206
VF,SC+S3,10,31,10_031.png,0.9243979327748708
VF,SC+S3,10,32,10_032.png,0.9197734932393845
VF,SC+S3,10,33,10_033.png,0.9250664319134021
VF,SC+S3,10,34,10_034.png,0.9220585261127273
VF,SC+S3,10,35,10_035.png,0.9349825562955915
VF,SC+S3,10,36,10_036.png,0.9299971634593852
VF,SC+S3,10,37,10_037.png,0.9335559934537925
VF,SC+S3,10,38,10_038.png,0.9426783067040027
VF,SC+S3,10,39,10_039.png,0.9359690483343859
VF,SC+S3,10,40,10_040.png,0.9019063161915344
VF,SC+S3,10,41,10_041.png,0.8971560046800751
VF,SC+S3,10,42,10_042.png,0.9130563667211181
VF,SC+S3,10,43,10_043.png,0.920546078920202
VF,SC+S3,10,44,10_044.png,0.9182454554171975
VF,SC+S3,10,45,10_045.png,0.9049015443221837
VF,SC+S3,10,46,10_046.png,0.9165410271307852
VF,SC+S3,10,47,10_047.png,0.9470207129863084
VF,SC+S3,10,48,10_048.png,0.9164955363509313
VF,SC+S3,10,49,10_049.png,0.9164912540764898
VF,SC+S3,10,50,10_050.png,0.922065755189273
VF,SC+S3,10,51,10_051.png,0.9364997418688694
VF,SC+S3,10,52,10_052.png,0.9477626664308118
VF,SC+S3,10,53,10_053.png,0.9149710792960578
VF,SC+S3,10,54,10_054.png,0.8904722142872838
VF,SC+S3,10,55,10_055.png,0.9084586556479124
VF,SC+S3,10,56,10_056.png,0.9010918354967852
VF,SC+S3,10,57,10_057.png,0.9179254417816509
VF,SC+S3,10,58,10_058.png,0.9053872502148365
VF,SC+S3,10,59,10_059.png,0.8948589313858243
VF,SC+S3,10,60,10_060.png,0.9041703449229428
VF,SC+S3,10,61,10_061.png,0.8937868672953976
VF,SC+S3,10,62,10_062.png,0.8935737670292534
VF,SC+S3,10,63,10_063.png,0.908346611104302
VF,SC+S3,10,64,10_064.png,0.9029672599537409
VF,SC+S3,10,65,10_065.png,0.892704242817916
VF,SC+S3,10,66,10_066.png,0.8741035856573706
VF,SC+S3,10,67,10_067.png,0.900699762344864
VF,SC+S3,10,68,10_068.png,0.9025312548232752
VF,SC+S3,10,69,10_069.png,0.8973094071425418
VF,SC+S3,10,70,10_070.png,0.9253251738281678
VF,SC+S3,10,71,10_071.png,0.9173755588831894
VF,SC+S3,10,72,10_072.png,0.9078548192550897
VF,SC+S3,10,73,10_073.png,0.8929897051614258
VF,SC+S3,10,74,10_074.png,0.9082491864873025
VF,SC+S3,10,75,10_075.png,0.9139592630537082
VF,SC+S3,10,76,10_076.png,0.9360893597420543
VF,SC+S3,10,77,10_077.png,0.9194060226887273
VF,SC+S3,10,78,10_078.png,0.9108829436293685
VF,SC+S3,10,79,10_079.png,0.9046062407132244
VF,SC+S3,10,80,10_080.png,0.9289410217057663
VF,SC+S3,10,81,10_081.png,0.9195882987253574
VF,SC+S3,10,82,10_082.png,0.9367106793459671
VF,SC+S3,10,83,10_083.png,0.9273887686608223
VF,SC+S3,10,84,10_084.png,0.9200052319363551
VF,SC+S3,10,85,10_085.png,0.8936852582298079
VF,SC+S3,10,86,10_086.png,0.9091037353179782
VF,SC+S3,10,87,10_087.png,0.9014551168192376
VF,SC+S3,10,88,10_088.png,0.9022651894714558
VF,SC+S3,10,89,10_089.png,0.8933123464373465
VF,SC+S3,10,90,10_090.png,0.905096011816839
VF,SC+S3,10,91,10_091.png,0.9027471890576099
VF,SC+S3,10,92,10_092.png,0.9208722741433022
VF,SC+S3,10,93,10_093.png,0.9141118197416556
VF,SC+S3,10,94,10_094.png,0.913805894651649
VF,SC+S3,10,95,10_095.png,0.9236292655721705
VF,SC+S3,10,96,10_096.png,0.9145363408521303
VF,SC+S3,10,97,10_097.png,0.9178309532998842
VF,SC+S3,10,98,10_098.png,0.917419023576227
VF,SC+S3,10,99,10_099.png,0.894453043087523
VF,SC+S3,10,100,10_100.png,0.9062398263700489
VF,SC+S3,10,101,10_101.png,0.9239633817985999
VF,SC+S3,10,102,10_102.png,0.8876484821821381
VF,SC+S3,10,103,10_103.png,0.9233179419525066
VF,SC+S3,10,104,10_104.png,0.8957776320435857
VF,SC+S3,10,105,10_105.png,0.8922597497823198
VF,SC+S3,10,106,10_106.png,0.9153898702059139
VF,SC+S3,10,107,10_107.png,0.9100899669741487
VF,SC+S3,10,108,10_108.png,0.90852811849109
VF,SC+S3,10,109,10_109.png,0.9003522254242715
VF,SC+S3,10,110,10_110.png,0.8856329537843268
VF,SC+S3,10,111,10_111.png,0.9367283950617284
VF,SC+S3,10,112,10_112.png,0.9139947708820696
VF,SC+S3,10,113,10_113.png,0.931190889789616
VF,SC+S3,10,114,10_114.png,0.9291140957807624
VF,SC+S3,10,115,10_115.png,0.944153928667203
VF,SC+S3,10,116,10_116.png,0.9099717400080742
VF,SC+S3,10,117,10_117.png,0.9253327638977863
VF,SC+S3,10,118,10_118.png,0.9157522645261065
VF,SC+S3,10,119,10_119.png,0.9037494905583481
VF,SC+S3,10,120,10_120.png,0.9141096734442391
VF,SC+S3,10,121,10_121.png,0.9207528479445269
VF,SC+S3,10,122,10_122.png,0.9016247989796484
VF,SC+S3,10,123,10_123.png,0.8947446336047372
VF,SC+S3,10,124,10_124.png,0.9032749428789033
VF,SC+S3,10,125,10_125.png,0.8864717878993882
VF,SC+S3,10,126,10_126.png,0.8749616499062554
VF,SC+S3,10,127,10_127.png,0.8867675645653985
VF,SC+S3,10,128,10_128.png,0.8864183044881196
VF,SC+S3,10,129,10_129.png,0.8983259550265326
VF,SC+S3,10,130,10_130.png,0.8908426024683833
VF,SC+S3,10,131,10_131.png,0.8753881424301344
VF,SC+S3,10,132,10_132.png,0.8768380790480238
VF,SC+S3,10,133,10_133.png,0.8787010223982035
VF,SC+S3,10,134,10_134.png,0.89821339399656
VF,SC+S3,10,135,10_135.png,0.9012199455169964
VF,SC+S3,10,136,10_136.png,0.9169983686786297
VF,SC+S3,10,137,10_137.png,0.8840426851966745
VF,SC+S3,10,138,10_138.png,0.9010545621274645
VF,SC+S3,10,139,10_139.png,0.900129541669237
VF,SC+S3,10,140,10_140.png,0.8831412149503033
VF,SC+S3,10,141,10_141.png,0.8931523022432113
VF,SC+S3,10,142,10_142.png,0.9007620941020543
VF,SC+S3,10,143,10_143.png,0.909255798614928
VF,SC+S3,10,144,10_144.png,0.9035125081636709
VF,SC+S3,10,145,10_145.png,0.9075723830734966
VF,SC+S3,10,146,10_146.png,0.9187539954669611
VF,SC+S3,10,147,10_147.png,0.912734693877551
VF,SC+S3,10,148,10_148.png,0.9201295770160113
VF,SC+S3,10,149,10_149.png,0.9055126469729543
VF,SC+S3,10,150,10_150.png,0.9184006418828564
VF,SC+S3,10,151,10_151.png,0.9297735037327597
VF,SC+S3,10,152,10_152.png,0.9143798885604416
VF,SC+S3,10,153,10_153.png,0.9047689485829241
VF,SC+S3,10,154,10_154.png,0.8938008729503362
VF,SC+S3,10,155,10_155.png,0.9021633749757625
VF,SC+S3,10,156,10_156.png,0.9052745163527991
VF,SC+S3,10,157,10_157.png,0.8975921434064958
VF,SC+S3,10,158,10_158.png,0.898989898989899
VF,SC+S3,10,159,10_159.png,0.902613767281106
VF,SC+S3,10,160,10_160.png,0.8910332642451837
VF,SC+S3,10,161,10_161.png,0.89167069549002
VF,SC+S3,10,162,10_162.png,0.9061843290303212
VF,SC+S3,10,163,10_163.png,0.9335792036665712
VF,SC+S3,10,164,10_164.png,0.9037517073028973
VF,SC+S3,10,165,10_165.png,0.9160888637328428
VF,SC+S3,10,166,10_166.png,0.8871424080477838
VF,SC+S3,10,167,10_167.png,0.9110570704196203
VF,SC+S3,10,168,10_168.png,0.8925939572586588
VF,SC+S3,10,169,10_169.png,0.9049843437195216
VF,SC+S3,10,170,10_170.png,0.8951554240822462
VF,SC+S3,10,171,10_171.png,0.9031822091165991
VF,SC+S3,10,172,10_172.png,0.9032585762288037
VF,SC+S3,10,173,10_173.png,0.9196407012121505
VF,SC+S3,10,174,10_174.png,0.9105755825532762
VF,SC+S3,10,175,10_175.png,0.8861395708486371
VF,SC+S3,10,176,10_176.png,0.8928552624651187
VF,SC+S3,10,177,10_177.png,0.8931691172481145
VF,SC+S3,10,178,10_178.png,0.9042053636648231
VF,SC+S3,10,179,10_179.png,0.9103317111372154
VF,SC+S3,10,180,10_180.png,0.9025757575757576
VF,SC+S3,10,181,10_181.png,0.8900656924520713
VF,SC+S3,10,182,10_182.png,0.8850280679315
VF,SC+S3,10,183,10_183.png,0.8781622234826999
VF,SC+S3,10,184,10_184.png,0.8771008403361344
VF,SC+S3,10,185,10_185.png,0.877188931224262
VF,SC+S3,10,186,10_186.png,0.8775415539234634
VF,SC+S3,10,187,10_187.png,0.8838721596157398
VF,SC+S3,10,188,10_188.png,0.8876972575455799
VF,SC+S3,10,189,10_189.png,0.8994596541786744
VF,SC+S3,10,190,10_190.png,0.8915690153705677
VF,SC+S3,10,191,10_191.png,0.9000080703736583
VF,SC+S3,10,192,10_192.png,0.8887654022710799
VF,SC+S3,10,193,10_193.png,0.8758173409175483
VF,SC+S3,10,194,10_194.png,0.8916444304923351
VF,SC+S3,10,195,10_195.png,0.9037520391517129
VF,SC+S3,10,196,10_196.png,0.8973139632107023
VF,SC+S3,10,197,10_197.png,0.8929672337024774
VF,SC+S3,10,198,10_198.png,0.8837484433374845
VF,SC+S3,10,199,10_199.png,0.9077372262773723
VF,SC+S3,10,200,10_200.png,0.9023380163556302
VF,SC+S3,10,201,10_201.png,0.8994698308507952
VF,SC+S3,10,202,10_202.png,0.9014000890516004
VF,SC+S3,10,203,10_203.png,0.9134256091784643
VF,SC+S3,10,204,10_204.png,0.9145535273803651
VF,SC+S3,10,205,10_205.png,0.9082093808959677
VF,SC+S3,10,206,10_206.png,0.8833631172906768
VF,SC+S3,11,0,11_000.png,0.9637124844349011
VF,SC+S3,11,1,11_001.png,0.7357649368400774
VF,SC+S3,11,2,11_002.png,0.5883430304372641
VF,SC+S3,11,3,11_003.png,0.48325877050477783
VF,SC+S3,11,4,11_004.png,0.5053668866933659
VF,SC+S3,11,5,11_005.png,0.5312239940149458
VF,SC+S3,11,6,11_006.png,0.4486022383022807
VF,SC+S3,11,7,11_007.png,0.4493907146666242
VF,SC+S3,11,8,11_008.png,0.8760635975421446
VF,SC+S3,11,9,11_009.png,0.6064262085873088
VF,SC+S3,11,10,11_010.png,0.6659865796155241
VF,SC+S3,11,11,11_011.png,0.6620497467082431
VF,SC+S3,11,12,11_012.png,0.6061512392307378
VF,SC+S3,11,13,11_013.png,0.5367525134857167
VF,SC+S3,11,14,11_014.png,0.7102107844239984
VF,SC+S3,11,15,11_015.png,0.6687057068258113
VF,SC+S3,11,16,11_016.png,0.5208468534559785
VF,SC+S3,11,17,11_017.png,0.422379326320847
VF,SC+S3,11,18,11_018.png,0.7255109332571101
VF,SC+S3,11,19,11_019.png,0.45216800084178493
VF,SC+S3,11,20,11_020.png,0.2706868063577476
VF,SC+S3,11,21,11_021.png,0.2524577298011786
VF,SC+S3,11,22,11_022.png,0.26126844046364595
VF,SC+S3,11,23,11_023.png,0.4225445608881105
VF,SC+S3,11,24,11_024.png,0.45024170029163835
VF,SC+S3,11,25,11_025.png,0.5153913650770912
VF,SC+S3,11,26,11_026.png,0.5415367735418589
VF,SC+S3,11,27,11_027.png,0.34290096588318203
VF,SC+S3,11,28,11_028.png,0.6546173935460731
VF,SC+S3,11,29,11_029.png,0.4945655718105341
VF,SC+S3,11,30,11_030.png,0.5201476745756607
VF,SC+S3,11,31,11_031.png,0.4901354961217856
VF,SC+S3,11,32,11_032.png,0.5745122363820909
VF,SC+S3,11,33,11_033.png,0.30101930166991975
VF,SC+S3,11,34,11_034.png,0.31397594083685726
VF,SC+S3,11,35,11_035.png,0.32242173996543116
VF,SC+S3,11,36,11_036.png,0.2895126389530553
VF,SC+S3,11,37,11_037.png,0.26543477850550196
VF,SC+S3,11,38,11_038.png,0.5071435678041986
VF,SC+S3,11,39,11_039.png,0.39281760137188143
VF,SC+S3,11,40,11_040.png,0.5993580312959743
VF,SC+S3,11,41,11_041.png,0.6370292138049549
VF,SC+S3,11,42,11_042.png,0.5954336195097674
VF,SC+S3,11,43,11_043.png,0.46592886352997287
VF,SC+S3,11,44,11_044.png,0.6186073557203082
VF,SC+S3,11,45,11_045.png,0.4002442179002081
VF,SC+S3,11,46,11_046.png,0.1371946429357014
VF,SC+S3,11,47,11_047.png,0.3853132678533021
VF,SC+S3,11,48,11_048.png,0.43346797228364237
VF,SC+S3,11,49,11_049.png,0.2861802367721672
VF,SC+S3,11,50,11_050.png,0.34816212229018295
VF,SC+S3,11,51,11_051.png,0.38714561650523216
VF,SC+S3,11,52,11_052.png,0.44381802019684313
VF,SC+S3,11,53,11_053.png,0.5046107044395856
VF,SC+S3,11,54,11_054.png,0.38524996130629935
VF,SC+S3,11,55,11_055.png,0.30213481354802246
VF,SC+S3,11,56,11_056.png,0.4049453739378266
VF,SC+S3,11,57,11_057.png,0.3037361078269094
VF,SC+S3,11,58,11_058.png,0.3879648773301414
VF,SC+S3,11,59,11_059.png,0.42059813518009825
VF,SC+S3,11,60,11_060.png,0.38637241024321195
VF,SC+S3,11,61,11_061.png,0.39344742296638185
VF,SC+S3,11,62,11_062.png,0.40109665752785395
VF,SC+S3,11,63,11_063.png,0.5325291394051869
VF,SC+S3,11,64,11_064.png,0.494563400993739
VF,SC+S3,11,65,11_065.png,0.6283829160530191
VF,SC+S3,11,66,11_066.png,0.4841679766449585
VF,SC+S3,11,67,11_067.png,0.43380022294382786
VF,SC+S3,11,68,11_068.png,0.4610246904143097
VF,SC+S3,11,69,11_069.png,0.32252195173461345
VF,SC+S3,11,70,11_070.png,0.4086775711233123
VF,SC+S3,11,71,11_071.png,0.50023543381239
VF,SC+S3,11,72,11_072.png,0.34236656615514627
VF,SC+S3,11,73,11_073.png,0.5123149900795914
VF,SC+S3,11,74,11_074.png,0.44672911186672654
VF,SC+S3,11,75,11_075.png,0.5184372101759782
VF,SC+S3,11,76,11_076.png,0.4965430907754502
VF,SC+S3,11,77,11_077.png,0.5063479015390236
VF,SC+S3,11,78,11_078.png,0.4530854430379747
VF,SC+S3,11,79,11_079.png,0.6147462861064162
VF,SC+S3,11,80,11_080.png,0.56745871929118
VF,SC+S3,11,81,11_081.png,0.5333539631316033
VF,SC+S3,11,82,11_082.png,0.680412626469022
VF,SC+S3,11,83,11_083.png,0.638247927279992
VF,SC+S3,11,84,11_084.png,0.5396194575558219
VF,SC+S3,11,85,11_085.png,0.523665444684377
VF,SC+S3,11,86,11_086.png,0.5337179949513162
VF,SC+S3,11,87,11_087.png,0.6379090468538782
VF,SC+S3,11,88,11_088.png,0.37712369166714854
VF,SC+S3,11,89,11_089.png,0.6073590123852659
VF,SC+S3,11,90,11_090.png,0.5583334539716548
VF,SC+S3,11,91,11_091.png,0.41767379039633074
VF,SC+S3,11,92,11_092.png,0.6146316251096354
VF,SC+S3,11,93,11_093.png,0.3175028297224481
VF,SC+S3,11,94,11_094.png,0.2846574937120876
VF,SC+S3,11,95,11_095.png,0.2614138256165947
VF,SC+S3,11,96,11_096.png,0.26001846491665837
VF,SC+S3,11,97,11_097.png,0.19416282642089094
VF,SC+S3,11,98,11_098.png,0.13609669348001407
VF,SC+S3,11,99,11_099.png,0.16611956217833881
VF,SC+S3,11,100,11_100.png,0.17242549864730025
VF,SC+S3,11,101,11_101.png,0.08366449730269347
VF,SC+S3,11,102,11_102.png,0.013045164149340817
VF,SC+S3,11,103,11_103.png,0.03056725583592489
VF,SC+S3,11,104,11_104.png,0.03330119003265467
VF,SC+S3,11,105,11_105.png,0.059488005304662896
VF,SC+S3,11,106,11_106.png,0.01996514540899684
VF,SC+S3,11,107,11_107.png,0.12096707649145969
VF,SC+S3,11,108,11_108.png,0.20392896636960905
VF,SC+S3,11,109,11_109.png,0.21219448438112665
VF,SC+S3,11,110,11_110.png,0.23448800913589646
VF,SC+S3,11,111,11_111.png,0.22774707586650927
VF,SC+S3,11,112,11_112.png,0.20012097587203442
VF,SC+S3,11,113,11_113.png,0.24187069479021886
VF,SC+S3,11,114,11_114.png,0.15484764815124152
VF,SC+S3,11,115,11_115.png,0.12173194171747442
VF,SC+S3,11,116,11_116.png,0.05004768067570329
VF,SC+S3,11,117,11_117.png,0.03773109031753638
VF,SC+S3,11,118,11_118.png,0.13276023997086617
VF,SC+S3,11,119,11_119.png,0.13976337699011637
VF,SC+S3,11,120,11_120.png,0.14582565924898702
VF,SC+S3,11,121,11_121.png,0.15037474761356068
VF,SC+S3,11,122,11_122.png,0.11779103286980801
VF,SC+S3,11,123,11_123.png,0.13245052080847042
VF,SC+S3,11,124,11_124.png,0.06625047405116835
VF,SC+S3,11,125,11_125.png,0.0889661827978608
VF,SC+S3,11,126,11_126.png,0.059779960265397156
VF,SC+S3,11,127,11_127.png,0.17589626406306375
VF,SC+S3,11,128,11_128.png,0.1151465620573172
VF,SC+S3,11,129,11_129.png,0.1544540377918358
VF,SC+S3,11,130,11_130.png,0.11917577576355023
VF,SC+S3,11,131,11_131.png,0.11201283001837464
VF,SC+S3,11,132,11_132.png,0.11603069918933266
VF,SC+S3,11,133,11_133.png,0.13583140539284524
VF,SC+S3,11,134,11_134.png,0.1470844124312075
VF,SC+S3,11,135,11_135.png,0.17000858737655647
VF,SC+S3,11,136,11_136.png,0.1752215848345155
VF,SC+S3,11,137,11_137.png,0.19103026034188497
VF,SC+S3,11,138,11_138.png,0.1781156631387046
VF,SC+S3,11,139,11_139.png,0.1695362839336643
VF,SC+S3,11,140,11_140.png,0.15553672316384182
VF,SC+S3,11,141,11_141.png,0.14999587015775998
VF,SC+S3,11,142,11_142.png,0.16849993806515545
VF,SC+S3,11,143,11_143.png,0.16260716960463217
VF,SC+S3,11,144,11_144.png,0.12235038170183159
VF,SC+S3,11,145,11_145.png,0.1495151671171751
VF,SC+S3,11,146,11_146.png,0.14434545597891582
VF,SC+S3,11,147,11_147.png,0.09808090289165074
VF,SC+S3,11,148,11_148.png,0.15908808337006772
VF,SC+S3,11,149,11_149.png,0.15622809886464514
VF,SC+S3,11,150,11_150.png,0.15031895025346237
VF,SC+S3,11,151,11_151.png,0.10485156011617526
VF,SC+S3,11,152,11_152.png,0.12699357851722126
VF,SC+S3,11,153,11_153.png,0.2475574404122826
VF,SC+S3,11,154,11_154.png,0.25905307461642935
VF,SC+S3,11,155,11_155.png,0.24217506985947884
VF,SC+S3,11,156,11_156.png,0.2405935981899248
VF,SC+S3,11,157,11_157.png,0.1882617828706557
VF,SC+S3,11,158,11_158.png,0.19624907912644998
VF,SC+S3,11,159,11_159.png,0.22479249817011698
VF,SC+S3,11,160,11_160.png,0.06802614252751368
VF,SC+S3,11,161,11_161.png,0.05471675027529671
VF,SC+S3,11,162,11_162.png,0.17490384108751778
VF,SC+S3,11,163,11_163.png,0.16819329536907704
VF,SC+S3,11,164,11_164.png,0.16266139657444006
VF,SC+S3,11,165,11_165.png,0.20849568016262918
VF,SC+S3,11,166,11_166.png,0.2275673680324843
VF,SC+S3,11,167,11_167.png,0.12440787492127817
VF,SC+S3,11,168,11_168.png,0.0671778350515464
VF,SC+S3,11,169,11_169.png,0.2141792542061968
VF,SC+S3,11,170,11_170.png,0.22872761172947625
VF,SC+S3,11,171,11_171.png,0.2288887365462398
VF,SC+S3,11,172,11_172.png,0.22112764314131242
VF,SC+S3,11,173,11_173.png,0.21993647178688083
VF,SC+S3,11,174,11_174.png,0.22887313181943214
VF,SC+S3,11,175,11_175.png,0.2252900526215685
VF,SC+S3,11,176,11_176.png,0.21496915416121412
VF,SC+S3,11,177,11_177.png,0.2123904903524016
VF,SC+S3,11,178,11_178.png,0.2436570428696413
VF,SC+S3,11,179,11_179.png,0.15686942693247005
VF,SC+S3,11,180,11_180.png,0.27168043433842204
VF,SC+S3,11,181,11_181.png,0.28801218078210267
VF,SC+S3,11,182,11_182.png,0.3070413458603263
VF,SC+S3,11,183,11_183.png,0.3045874292523086
VF,SC+S3,11,184,11_184.png,0.313179347826087
VF,SC+S3,11,185,11_185.png,0.39430818547785895
VF,SC+S3,11,186,11_186.png,0.35868552210381294
VF,SC+S3,11,187,11_187.png,0.39706780696395844
VF,SC+S3,11,188,11_188.png,0.41294382216840375
VF,SC+S3,11,189,11_189.png,0.5476036036036036
VF,SC+S3,11,190,11_190.png,0.801404042967098
VF,SC+S3,11,191,11_191.png,0.5258713285677248
VF,SC+S3,11,192,11_192.png,0.2655425741933396
VF,SC+S3,11,193,11_193.png,0.09672009457564677
VF,SC+S3,11,194,11_194.png,0.16287567628813415
VF,SC+S3,11,195,11_195.png,0.2657041300997138
VF,SC+S3,11,196,11_196.png,0.30831099195710454
VF,SC+S3,11,197,11_197.png,0.019424535161524877
VF,SC+S3,11,198,11_198.png,0.0
VF,SC+S3,11,199,11_199.png,0.0041946308724832215
VF,SC+S3,11,200,11_200.png,0.0020517881723502063
VF,SC+S3,2,0,2_000.png,0.5304093567251462
VF,SC+S3,2,1,2_001.png,0.6341340585184067
VF,SC+S3,2,2,2_002.png,0.6880389173237423
VF,SC+S3,2,3,2_003.png,0.8064028873145301
VF,SC+S3,2,4,2_004.png,0.8115996622718712
VF,SC+S3,2,5,2_005.png,0.8018146467919637
VF,SC+S3,2,6,2_006.png,0.8791478065548106
VF,SC+S3,2,7,2_007.png,0.8663961718309346
VF,SC+S3,2,8,2_008.png,0.8865750176010672
VF,SC+S3,2,9,2_009.png,0.9123987367842922
VF,SC+S3,2,10,2_010.png,0.9130259566595227
VF,SC+S3,2,11,2_011.png,0.9307034696746876
VF,SC+S3,2,12,2_012.png,0.9230015230799391
VF,SC+S3,2,13,2_013.png,0.8843705425537535
VF,SC+S3,2,14,2_014.png,0.8809303432591103
VF,SC+S3,2,15,2_015.png,0.8985918780146258
VF,SC+S3,2,16,2_016.png,0.917030770660965
VF,SC+S3,2,17,2_017.png,0.8986029309589216
VF,SC+S3,2,18,2_018.png,0.912803767788662
VF,SC+S3,2,19,2_019.png,0.9301079443969869
VF,SC+S3,2,20,2_020.png,0.9473457714342068
VF,SC+S3,2,21,2_021.png,0.9381251393964349
VF,SC+S3,2,22,2_022.png,0.9210567196366727
VF,SC+S3,2,23,2_023.png,0.9574586703985618
VF,SC+S3,2,24,2_024.png,0.025910723447922012
VF,SC+S3,2,25,2_025.png,0.9703526312638449
VF,SC+S3,2,26,2_026.png,0.30100461838784937
VF,SC+S3,2,27,2_027.png,0.9414378387985426
VF,SC+S3,2,28,2_028.png,0.9466155518681696
VF,SC+S3,2,29,2_029.png,0.9367886711117378
VF,SC+S3,2,30,2_030.png,0.9371533833702405
VF,SC+S3,2,31,2_031.png,0.9091167154724198
VF,SC+S3,2,32,2_032.png,0.8256122327081591
VF,SC+S3,2,33,2_033.png,0.7852652441856864
VF,SC+S3,2,34,2_034.png,0.7885819556336146
VF,SC+S3,2,35,2_035.png,0.8105259170162994
VF,SC+S3,2,36,2_036.png,0.836935866983373
VF,SC+S3,2,37,2_037.png,0.8572699743100306
VF,SC+S3,2,38,2_038.png,0.8631337932696653
VF,SC+S3,2,39,2_039.png,0.8952561729363411
VF,SC+S3,2,40,2_040.png,0.9143850116434973
VF,SC+S3,2,41,2_041.png,0.913959332062089
VF,SC+S3,2,42,2_042.png,0.9186912917578925
VF,SC+S3,2,43,2_043.png,0.9364309153110382
VF,SC+S3,2,44,2_044.png,0.9375076220840084
VF,SC+S3,2,45,2_045.png,0.9575740842996503
VF,SC+S3,2,46,2_046.png,0.9552314429445188
VF,SC+S3,2,47,2_047.png,0.9553205625069207
VF,SC+S3,2,48,2_048.png,0.9411996100497699
VF,SC+S3,2,49,2_049.png,0.9414679968903861
VF,SC+S3,2,50,2_050.png,0.9530608521120336
VF,SC+S3,2,51,2_051.png,0.939868642939558
VF,SC+S3,2,52,2_052.png,0.9556238475722189
VF,SC+S3,2,53,2_053.png,0.9532349470433124
VF,SC+S3,2,54,2_054.png,0.9517565841592162
VF,SC+S3,2,55,2_055.png,0.9523269816533257
VF,SC+S3,2,56,2_056.png,0.9631833583385311
VF,SC+S3,2,57,2_057.png,0.9573062300711307
VF,SC+S3,2,58,2_058.png,0.9721598481114336
VF,SC+S3,2,59,2_059.png,0.9718004765561923
VF,SC+S3,2,60,2_060.png,0.9507529892538217
VF,SC+S3,2,61,2_061.png,0.9451002925198496
VF,SC+S3,2,62,2_062.png,0.8933733252031181
VF,SC+S3,2,63,2_063.png,0.9031275172486254
VF,SC+S3,2,64,2_064.png,0.8741989823385374
VF,SC+S3,2,65,2_065.png,0.8350011189616037
VF,SC+S3,2,66,2_066.png,0.8455744945919927
VF,SC+S3,2,67,2_067.png,0.8108655776119547
VF,SC+S3,2,68,2_068.png,0.8771089385474861
VF,SC+S3,2,69,2_069.png,0.8929252179062495
VF,SC+S3,2,70,2_070.png,0.9144926658999657
VF,SC+S3,2,71,2_071.png,0.9050657090464548
VF,SC+S3,2,72,2_072.png,0.9257519314407355
VF,SC+S3,2,73,2_073.png,0.9246438482886217
VF,SC+S3,2,74,2_074.png,0.9279155274818516
VF,SC+S3,2,75,2_075.png,0.9056114783653846
VF,SC+S3,2,76,2_076.png,0.9186727737537281
VF,SC+S3,2,77,2_077.png,0.9139805700315254
VF,SC+S3,2,78,2_078.png,0.9168360168829138
VF,SC+S3,2,79,2_079.png,0.9396650482788719
VF,SC+S3,2,80,2_080.png,0.9434705922926089
VF,SC+S3,2,81,2_081.png,0.9516847106162166
VF,SC+S3,2,82,2_082.png,0.9621939086620238
VF,SC+S3,2,83,2_083.png,0.9515605409278166
VF,SC+S3,2,84,2_084.png,0.9512497825204431
VF,SC+S3,2,85,2_085.png,0.9096768957881679
VF,SC+S3,2,86,2_086.png,0.020793973891739696
VF,SC+S3,2,87,2_087.png,0.9718466699978585
VF,SC+S3,2,88,2_088.png,0.9676782674827075
VF,SC+S3,2,89,2_089.png,0.9429788282501188
VF,SC+S3,2,90,2_090.png,0.9204845685656692
VF,SC+S3,2,91,2_091.png,0.9531621247494887
VF,SC+S3,2,92,2_092.png,0.9510387350420005
VF,SC+S3,2,93,2_093.png,0.9232630835938288
VF,SC+S3,2,94,2_094.png,0.9083340461323525
VF,SC+S3,2,95,2_095.png,0.8914164473330827
VF,SC+S3,2,96,2_096.png,0.8305744888023369
VF,SC+S3,2,97,2_097.png,0.8448579959725019
VF,SC+S3,2,98,2_098.png,0.8390698455339154
VF,SC+S3,2,99,2_099.png,0.7452837251085492
VF,SC+S3,2,100,2_100.png,0.8123285235240321
VF,SC+S3,2,101,2_101.png,0.8741743352340089
VF,SC+S3,2,102,2_102.png,0.9437983560938732
VF,SC+S3,2,103,2_103.png,0.9244758409983673
VF,SC+S3,2,104,2_104.png,0.9421199152366311
VF,SC+S3,2,105,2_105.png,0.9282171127026009
VF,SC+S3,2,106,2_106.png,0.9419102914722787
VF,SC+S3,2,107,2_107.png,0.9464457080653709
VF,SC+S3,2,108,2_108.png,0.9091834547792542
VF,SC+S3,2,109,2_109.png,0.9281685960225586
VF,SC+S3,2,110,2_110.png,0.9310043668122271
VF,SC+S3,2,111,2_111.png,0.9384067705534659
VF,SC+S3,2,112,2_112.png,0.9431526390870185
VF,SC+S3,2,113,2_113.png,0.9470507334963325
VF,SC+S3,2,114,2_114.png,0.9537404832836809
VF,SC+S3,2,115,2_115.png,0.46010483401281305
VF,SC+S3,2,116,2_116.png,0.41140275722408287
VF,SC+S3,2,117,2_117.png,0.9530097373856595
VF,SC+S3,2,118,2_118.png,0.40227576974564927
VF,SC+S3,2,119,2_119.png,0.9493267186392629
VF,SC+S3,2,120,2_120.png,0.9493156544054747
VF,SC+S3,2,121,2_121.png,0.9405494575217308
VF,SC+S3,2,122,2_122.png,0.928498985801217
VF,SC+S3,2,123,2_123.png,0.9288399222294232
VF,SC+S3,2,124,2_124.png,0.9315224681421864
VF,SC+S3,2,125,2_125.png,0.9283471708644387
VF,SC+S3,2,126,2_126.png,0.9361543163757386
VF,SC+S3,2,127,2_127.png,0.8915076923076923
VF,SC+S3,2,128,2_128.png,0.9149757897163938
VF,SC+S3,2,129,2_129.png,0.947458374682986
VF,SC+S3,2,130,2_130.png,0.9431818181818182
VF,SC+S3,2,131,2_131.png,0.9256434176590024
VF,SC+S3,2,132,2_132.png,0.9482978452122912
VF,SC+S3,2,133,2_133.png,0.945482665291919
VF,SC+S3,2,134,2_134.png,0.9321212972062334
VF,SC+S3,2,135,2_135.png,0.9417694101966011
VF,SC+S3,2,136,2_136.png,0.9229175913596686
VF,SC+S3,2,137,2_137.png,0.05744094016069073
VF,SC+S3,2,138,2_138.png,0.07122585370319509
VF,SC+S3,2,139,2_139.png,0.07950942766560988
VF,SC+S3,2,140,2_140.png,0.9378816033979294
VF,SC+S3,2,141,2_141.png,0.9335837303041407
VF,SC+S3,2,142,2_142.png,0.9454198473282442
VF,SC+S3,2,143,2_143.png,0.9529921795307719
VF,SC+S3,2,144,2_144.png,0.9384887243352407
VF,SC+S3,2,145,2_145.png,0.9404042148903092
VF,SC+S3,2,146,2_146.png,0.9268490524297618
VF,SC+S3,2,147,2_147.png,0.9200191858025062
VF,SC+S3,2,148,2_148.png,0.8725354835146628
VF,SC+S3,2,149,2_149.png,0.8486733854380913
VF,SC+S3,2,150,2_150.png,0.8623972933784437
VF,SC+S3,2,151,2_151.png,0.8829439839236373
VF,SC+S3,2,152,2_152.png,0.8703960548620743
VF,SC+S3,2,153,2_153.png,0.8122210500689767
VF,SC+S3,2,154,2_154.png,0.8320198423810857
VF,SC+S3,2,155,2_155.png,0.8575242502447272
VF,SC+S3,2,156,2_156.png,0.8698942420681551
VF,SC+S3,2,157,2_157.png,0.8770479988468746
VF,SC+S3,2,158,2_158.png,0.8820797625317183
VF,SC+S3,2,159,2_159.png,0.9006438831104507
VF,SC+S3,2,160,2_160.png,0.91870875326137
VF,SC+S3,2,161,2_161.png,0.9294381807758456
VF,SC+S3,2,162,2_162.png,0.918934965290464
VF,SC+S3,2,163,2_163.png,0.9067017082785808
VF,SC+S3,2,164,2_164.png,0.9006228373702422
VF,SC+S3,2,165,2_165.png,0.9095652173913044
VF,SC+S3,2,166,2_166.png,0.9023590204448438
VF,SC+S3,2,167,2_167.png,0.9317357572418858
VF,SC+S3,2,168,2_168.png,0.9314390222142921
VF,SC+S3,2,169,2_169.png,0.9453447259870359
VF,SC+S3,2,170,2_170.png,0.918045352922389
VF,SC+S3,2,171,2_171.png,0.9197637213881369
VF,SC+S3,2,172,2_172.png,0.8871538008249853
VF,SC+S3,2,173,2_173.png,0.8965446738908198
VF,SC+S3,2,174,2_174.png,0.9334528344163119
VF,SC+S3,2,175,2_175.png,0.9143615257048093
VF,SC+S3,2,176,2_176.png,0.9350291335129378
VF,SC+S3,2,177,2_177.png,0.9250287652152849
VF,SC+S3,2,178,2_178.png,0.9264
VF,SC+S3,2,179,2_179.png,0.8866203703703703
VF,SC+S3,2,180,2_180.png,0.8498915401301519
VF,SC+S3,2,181,2_181.png,0.843468348117274
VF,SC+S3,2,182,2_182.png,0.9111542192046557
VF,SC+S3,2,183,2_183.png,0.9141747175791034
VF,SC+S3,2,184,2_184.png,0.9475594053611144
VF,SC+S3,2,185,2_185.png,0.9404956674544023
VF,SC+S3,2,186,2_186.png,0.951501918750827
VF,SC+S3,2,187,2_187.png,0.9381739252205573
VF,SC+S3,2,188,2_188.png,0.9432181458365048
VF,SC+S3,2,189,2_189.png,0.9372682997746602
VF,SC+S3,2,190,2_190.png,0.9476315967295087
VF,SC+S3,2,191,2_191.png,0.954047134510602
VF,SC+S3,2,192,2_192.png,0.9456228046473926
VF,SC+S3,2,193,2_193.png,0.9492067909824659
VF,SC+S3,2,194,2_194.png,0.9470049234135668
VF,SC+S3,2,195,2_195.png,0.9284254926514203
VF,SC+S3,2,196,2_196.png,0.9453338297344254
VF,SC+S3,2,197,2_197.png,0.9361752516281824
VF,SC+S3,2,198,2_198.png,0.9430616924883942
VF,SC+S3,2,199,2_199.png,0.9410484768748102
VF,SC+S3,2,200,2_200.png,0.9421519662512728
VF,SC+S3,2,201,2_201.png,0.9386383649256153
VF,SC+S3,2,202,2_202.png,0.9531394512383106
VF,SC+S3,2,203,2_203.png,0.9433736143014082
VF,SC+S3,2,204,2_204.png,0.9449751623996943
VF,SC+S3,2,205,2_205.png,0.9516610099763447
VF,SC+S3,2,206,2_206.png,0.9491006909647133
VF,SC+S3,2,207,2_207.png,0.9241107857725723
VF,SC+S3,2,208,2_208.png,0.9342825318417357
VF,SC+S3,2,209,2_209.png,0.9372342143510793
VF,SC+S3,2,210,2_210.png,0.9201459504725445
VF,SC+S3,2,211,2_211.png,0.9159299235233498
VF,SC+S3,2,212,2_212.png,0.8874707084808297
VF,SC+S3,2,213,2_213.png,0.9067932949296797
VF,SC+S3,2,214,2_214.png,0.8850209293699994
VF,SC+S3,2,215,2_215.png,0.8808145240431796
VF,SC+S3,2,216,2_216.png,0.9288871698530224
VF,SC+S3,2,217,2_217.png,0.8942679261485617
VF,SC+S3,2,218,2_218.png,0.9330486202365309
VF,SC+S3,2,219,2_219.png,0.9320814447082524
VF,SC+S3,2,220,2_220.png,0.9430090162831382
VF,SC+S3,2,221,2_221.png,0.9488990177826282
VF,SC+S3,2,222,2_222.png,0.9422982196889733
VF,SC+S3,2,223,2_223.png,0.9506882361288491
VF,SC+S3,2,224,2_224.png,0.950321579064094
VF,SC+S3,2,225,2_225.png,0.946756813860131
VF,SC+S3,2,226,2_226.png,0.9534138342277877
VF,SC+S3,2,227,2_227.png,0.9668763436579345
VF,SC+S3,2,228,2_228.png,0.9536022382839823
VF,SC+S3,2,229,2_229.png,0.9538228009906528
VF,SC+S3,2,230,2_230.png,0.939331289655664
VF,SC+S3,2,231,2_231.png,0.906702960190541
VF,SC+S3,3,0,3_000.png,0.005835435923804513
VF,SC+S3,3,1,3_001.png,0.006184612953829833
VF,SC+S3,3,2,3_002.png,0.006831265480620243
VF,SC+S3,3,3,3_003.png,0.006629923438797159
VF,SC+S3,3,4,3_004.png,0.006901570744132452
VF,SC+S3,3,5,3_005.png,0.007079801815849702
VF,SC+S3,3,6,3_006.png,0.0055951580363147275
VF,SC+S3,3,7,3_007.png,0.006458837930046618
VF,SC+S3,3,8,3_008.png,0.005290500929412326
VF,SC+S3,3,9,3_009.png,0.00970793425564621
VF,SC+S3,3,10,3_010.png,0.010541582652375394
VF,SC+S3,3,11,3_011.png,0.011819034866680022
VF,SC+S3,3,12,3_012.png,0.0073978345815695215
VF,SC+S3,3,13,3_013.png,0.007679225950924781
VF,SC+S3,3,14,3_014.png,0.006999564620382464
VF,SC+S3,3,15,3_015.png,0.0071755062434565005
VF,SC+S3,3,16,3_016.png,0.008116595335173601
VF,SC+S3,3,17,3_017.png,0.006600529623335046
VF,SC+S3,3,18,3_018.png,0.00524716137171694
VF,SC+S3,3,19,3_019.png,0.004705296023218657
VF,SC+S3,3,20,3_020.png,0.0029401816147581507
VF,SC+S3,3,21,3_021.png,0.00139208850233452
VF,SC+S3,3,22,3_022.png,0.0011604626547814887
VF,SC+S3,3,23,3_023.png,0.0
VF,SC+S3,3,24,3_024.png,0.0
VF,SC+S3,3,25,3_025.png,0.0
VF,SC+S3,3,26,3_026.png,0.0
VF,SC+S3,3,27,3_027.png,0.002404321190962387
VF,SC+S3,3,28,3_028.png,0.00032103271154366043
VF,SC+S3,3,29,3_029.png,0.00017525155900866034
VF,SC+S3,3,30,3_030.png,0.0
VF,SC+S3,3,31,3_031.png,0.0
VF,SC+S3,3,32,3_032.png,0.0
VF,SC+S3,3,33,3_033.png,0.004285150078988942
VF,SC+S3,3,34,3_034.png,0.0024370272167199562
VF,SC+S3,3,35,3_035.png,0.0002134426159527011
VF,SC+S3,3,36,3_036.png,0.009085306001323989
VF,SC+S3,3,37,3_037.png,0.008359728960346417
VF,SC+S3,3,38,3_038.png,0.007791942886282509
VF,SC+S3,3,39,3_039.png,0.012908242612752722
VF,SC+S3,3,40,3_040.png,0.002514876248849066
VF,SC+S3,3,41,3_041.png,0.0015710227986828545
VF,SC+S3,3,42,3_042.png,0.002064188211072627
VF,SC+S3,3,43,3_043.png,0.0010704232015707426
VF,SC+S3,3,44,3_044.png,0.0005928449744463373
VF,SC+S3,3,45,3_045.png,0.0013914226523607804
VF,SC+S3,3,46,3_046.png,0.0004441997522491523
VF,SC+S3,3,47,3_047.png,0.0010695135171924297
VF,SC+S3,3,48,3_048.png,0.0004929859328172437
VF,SC+S3,3,49,3_049.png,0.005362868272916209
VF,SC+S3,3,50,3_050.png,0.00129680661371373
VF,SC+S3,3,51,3_051.png,0.0012640838566678981
VF,SC+S3,3,52,3_052.png,0.00018944630477302283
VF,SC+S3,3,53,3_053.png,0.0006552920903817683
VF,SC+S3,3,54,3_054.png,0.0010114170123770015
VF,SC+S3,3,55,3_055.png,0.0005377254214671938
VF,SC+S3,3,56,3_056.png,0.0005071583284906757
VF,SC+S3,3,57,3_057.png,0.0006713047723666544
VF,SC+S3,3,58,3_058.png,0.0008340186959191002
VF,SC+S3,3,59,3_059.png,0.0015116221440253754
VF,SC+S3,3,60,3_060.png,0.0014885470743755138
VF,SC+S3,3,61,3_061.png,0.0015778646232099225
VF,SC+S3,3,62,3_062.png,0.0022094950141000667
VF,SC+S3,3,63,3_063.png,0.006135048898804119
VF,SC+S3,3,64,3_064.png,0.0041767917723737604
VF,SC+S3,3,65,3_065.png,0.0008927876255482598
VF,SC+S3,3,66,3_066.png,0.010062869510629726
VF,SC+S3,3,67,3_067.png,0.006097773138482951
VF,SC+S3,3,68,3_068.png,0.006675419451643705
VF,SC+S3,3,69,3_069.png,0.006945520503869256
VF,SC+S3,3,70,3_070.png,0.005562703764257452
VF,SC+S3,3,71,3_071.png,0.007018919713753554
VF,SC+S3,3,72,3_072.png,0.009365053080900075
VF,SC+S3,3,73,3_073.png,0.010601250601250601
VF,SC+S3,3,74,3_074.png,0.010687289006311463
VF,SC+S3,3,75,3_075.png,0.010540690098355973
VF,SC+S3,3,76,3_076.png,0.008270124300067511
VF,SC+S3,3,77,3_077.png,0.007007482243913556
VF,SC+S3,3,78,3_078.png,0.005681024447031432
VF,SC+S3,3,79,3_079.png,0.0032001113082194164
VF,SC+S3,3,80,3_080.png,0.001655155679957018
VF,SC+S3,3,81,3_081.png,0.0013566881940249966
VF,SC+S3,3,82,3_082.png,0.001183549564526038
VF,SC+S3,3,83,3_083.png,0.0
VF,SC+S3,3,84,3_084.png,0.0
VF,SC+S3,3,85,3_085.png,0.0
VF,SC+S3,3,86,3_086.png,0.0
VF,SC+S3,3,87,3_087.png,0.0
VF,SC+S3,3,88,3_088.png,0.0
VF,SC+S3,3,89,3_089.png,0.0
VF,SC+S3,3,90,3_090.png,0.0
VF,SC+S3,3,91,3_091.png,0.0
VF,SC+S3,3,92,3_092.png,0.0
VF,SC+S3,3,93,3_093.png,0.0
VF,SC+S3,3,94,3_094.png,0.0
VF,SC+S3,3,95,3_095.png,0.0
VF,SC+S3,3,96,3_096.png,0.0
VF,SC+S3,3,97,3_097.png,0.0
VF,SC+S3,3,98,3_098.png,0.0
VF,SC+S3,3,99,3_099.png,0.0
VF,SC+S3,3,100,3_100.png,0.0
VF,SC+S3,3,101,3_101.png,0.0
VF,SC+S3,3,102,3_102.png,0.0008250968907792517
VF,SC+S3,3,103,3_103.png,0.0010853008377760852
VF,SC+S3,3,104,3_104.png,0.0038370661910371927
VF,SC+S3,3,105,3_105.png,0.0025847695186503863
VF,SC+S3,3,106,3_106.png,0.0005913394481260325
VF,SC+S3,3,107,3_107.png,0.0022113547387127377
VF,SC+S3,3,108,3_108.png,0.0
VF,SC+S3,3,109,3_109.png,0.0
VF,SC+S3,3,110,3_110.png,0.0
VF,SC+S3,3,111,3_111.png,0.0018147317578057617
VF,SC+S3,3,112,3_112.png,0.0014173464922307205
VF,SC+S3,3,113,3_113.png,0.002158722944952565
VF,SC+S3,3,114,3_114.png,0.0
VF,SC+S3,3,115,3_115.png,0.0
VF,SC+S3,3,116,3_116.png,0.0
VF,SC+S3,3,117,3_117.png,0.0
VF,SC+S3,3,118,3_118.png,0.0
VF,SC+S3,3,119,3_119.png,0.0
VF,SC+S3,3,120,3_120.png,0.0
VF,SC+S3,3,121,3_121.png,0.0
VF,SC+S3,3,122,3_122.png,0.0
VF,SC+S3,3,123,3_123.png,0.009266868818545073
VF,SC+S3,3,124,3_124.png,0.003321891263425977
VF,SC+S3,3,125,3_125.png,0.005794062465511533
VF,SC+S3,3,126,3_126.png,0.0201607447297919
VF,SC+S3,3,127,3_127.png,0.017397598112802917
VF,SC+S3,3,128,3_128.png,0.024272930648769574
VF,SC+S3,3,129,3_129.png,0.009699165978310107
VF,SC+S3,3,130,3_130.png,0.007236964186305437
VF,SC+S3,3,131,3_131.png,0.01480857538787599
VF,SC+S3,3,132,3_132.png,0.02021513876732827
VF,SC+S3,3,133,3_133.png,0.017185238784370477
VF,SC+S3,3,134,3_134.png,0.012697786111385242
VF,SC+S3,3,135,3_135.png,0.0
VF,SC+S3,3,136,3_136.png,0.0
VF,SC+S3,3,137,3_137.png,0.0
VF,SC+S3,3,138,3_138.png,0.0
VF,SC+S3,3,139,3_139.png,0.0
VF,SC+S3,3,140,3_140.png,0.00031241457413988365
VF,SC+S3,3,141,3_141.png,0.0012220737063204125
VF,SC+S3,3,142,3_142.png,0.0057692307692307696
VF,SC+S3,3,143,3_143.png,0.0118409380182821
VF,SC+S3,3,144,3_144.png,0.03232010703683572
VF,SC+S3,3,145,3_145.png,0.029269602577873255
VF,SC+S3,3,146,3_146.png,0.026507200390529655
VF,SC+S3,3,147,3_147.png,0.0
VF,SC+S3,3,148,3_148.png,0.006131025957972806
VF,SC+S3,3,149,3_149.png,0.016375951011319355
VF,SC+S3,3,150,3_150.png,0.006129901747674115
VF,SC+S3,3,151,3_151.png,0.013848549901081787
VF,SC+S3,3,152,3_152.png,0.003596660244059088
VF,SC+S3,3,153,3_153.png,0.01034794981244341
VF,SC+S3,3,154,3_154.png,0.0023448376932659193
VF,SC+S3,3,155,3_155.png,0.028549589145805465
VF,SC+S3,3,156,3_156.png,0.007428965305966148
VF,SC+S3,3,157,3_157.png,0.010244014732965009
VF,SC+S3,3,158,3_158.png,0.0020749371533458363
VF,SC+S3,3,159,3_159.png,0.0035543192705918716
VF,SC+S3,3,160,3_160.png,0.0061860658003870615
VF,SC+S3,3,161,3_161.png,0.005979715220192276
VF,SC+S3,3,162,3_162.png,0.0025275257946125616
VF,SC+S3,3,163,3_163.png,0.0024875621890547263
VF,SC+S3,3,164,3_164.png,0.003887828935526837
VF,SC+S3,3,165,3_165.png,0.006446098507781616
VF,SC+S3,3,166,3_166.png,0.006740862970894919
VF,SC+S3,3,167,3_167.png,0.01281662113393369
VF,SC+S3,3,168,3_168.png,0.009139191612636226
VF,SC+S3,3,169,3_169.png,0.008487156318574933
VF,SC+S3,3,170,3_170.png,0.006248389590311775
VF,SC+S3,3,171,3_171.png,0.0054722268007252346
VF,SC+S3,3,172,3_172.png,0.009900990099009901
VF,SC+S3,3,173,3_173.png,0.0068509909469048206
VF,SC+S3,3,174,3_174.png,0.023749881092050607
VF,SC+S3,3,175,3_175.png,0.0027499446850207036
VF,SC+S3,3,176,3_176.png,0.00376481372356446
VF,SC+S3,3,177,3_177.png,0.020167427701674276
VF,SC+S3,3,178,3_178.png,0.01463873592163157
VF,SC+S3,3,179,3_179.png,0.03497428361498898
VF,SC+S3,3,180,3_180.png,0.015172544318970412
VF,SC+S3,3,181,3_181.png,0.009964451147258429
VF,SC+S3,3,182,3_182.png,0.054352166101018166
VF,SC+S3,3,183,3_183.png,0.06653756393068176
VF,SC+S3,3,184,3_184.png,0.00315980315980316
VF,SC+S3,3,185,3_185.png,0.0035433677399476196
VF,SC+S3,3,186,3_186.png,0.012146136189747513
VF,SC+S3,3,187,3_187.png,0.008942436412315931
VF,SC+S3,3,188,3_188.png,0.012014329016257923
VF,SC+S3,3,189,3_189.png,0.07544983226593474
VF,SC+S3,3,190,3_190.png,0.11884838200011703
VF,SC+S3,3,191,3_191.png,0.002671796515977343
VF,SC+S3,3,192,3_192.png,0.04755562954331058
VF,SC+S3,3,193,3_193.png,0.025546826428531056
VF,SC+S3,3,194,3_194.png,0.0159683426443203
VF,SC+S3,3,195,3_195.png,0.0
VF,SC+S3,3,196,3_196.png,0.0
VF,SC+S3,3,197,3_197.png,0.0
VF,SC+S3,3,198,3_198.png,0.0027536141185305714
VF,SC+S3,3,199,3_199.png,0.0008937615444199488
VF,SC+S3,3,200,3_200.png,0.006181743251596951
VF,SC+S3,3,201,3_201.png,0.0430001871607711
VF,SC+S3,3,202,3_202.png,0.0583006929798132
VF,SC+S3,3,203,3_203.png,0.07576726342710997
VF,SC+S3,3,204,3_204.png,0.001328651418809908
VF,SC+S3,3,205,3_205.png,0.0031715616637483894
VF,SC+S3,3,206,3_206.png,0.008020833333333333
VF,SC+S3,3,207,3_207.png,0.016229490692956542
VF,SC+S3,3,208,3_208.png,0.009104362372924977
VF,SC+S3,3,209,3_209.png,0.0047377699427060375
VF,SC+S3,3,210,3_210.png,0.0026997300269973002
VF,SC+S3,3,211,3_211.png,0.006218221794695616
VF,SC+S3,3,212,3_212.png,0.014197619389072135
VF,SC+S3,3,213,3_213.png,0.02182453077258839
VF,SC+S3,3,214,3_214.png,0.025308512863417697
VF,SC+S3,3,215,3_215.png,0.025837614045848348
VF,SC+S3,3,216,3_216.png,0.02991238149956909
VF,SC+S3,3,217,3_217.png,0.004885143198090692
VF,SC+S3,3,218,3_218.png,0.010435758369178979
VF,SC+S3,3,219,3_219.png,0.0021901879579483913
VF,SC+S3,3,220,3_220.png,0.008732382925145202
VF,SC+S3,3,221,3_221.png,0.0334680564418918
VF,SC+S3,4,0,4_000.png,0.218050044797133
VF,SC+S3,4,1,4_001.png,0.3425116212798547
VF,SC+S3,4,2,4_002.png,0.24143148974805176
VF,SC+S3,4,3,4_003.png,0.19660727909168424
VF,SC+S3,4,4,4_004.png,0.19346606351516937
VF,SC+S3,4,5,4_005.png,0.15354593050928128
VF,SC+S3,4,6,4_006.png,0.17990089197224976
VF,SC+S3,4,7,4_007.png,0.19452098607489052
VF,SC+S3,4,8,4_008.png,0.18694605323094943
VF,SC+S3,4,9,4_009.png,0.18117600631412786
VF,SC+S3,4,10,4_010.png,0.7938790410903338
VF,SC+S3,4,11,4_011.png,0.8302727371509291
VF,SC+S3,4,12,4_012.png,0.8440163245708798
VF,SC+S3,4,13,4_013.png,0.23117432990412204
VF,SC+S3,4,14,4_014.png,0.6692536327608983
VF,SC+S3,4,15,4_015.png,0.17849327914973429
VF,SC+S3,4,16,4_016.png,0.20244626017203374
VF,SC+S3,4,17,4_017.png,0.18581775744215773
VF,SC+S3,4,18,4_018.png,0.20811080462468454
VF,SC+S3,4,19,4_019.png,0.23701768182855984
VF,SC+S3,4,20,4_020.png,0.23646496815286625
VF,SC+S3,4,21,4_021.png,0.2809066828781102
VF,SC+S3,4,22,4_022.png,0.25117752375705826
VF,SC+S3,4,23,4_023.png,0.17310372901427215
VF,SC+S3,4,24,4_024.png,0.43555443074586936
VF,SC+S3,4,25,4_025.png,0.39371995524791914
VF,SC+S3,4,26,4_026.png,0.139533270115873
VF,SC+S3,4,27,4_027.png,0.19771261859815145
VF,SC+S3,4,28,4_028.png,0.022915573933280035
VF,SC+S3,4,29,4_029.png,0.0745179301837384
VF,SC+S3,4,30,4_030.png,0.07781575017154851
VF,SC+S3,4,31,4_031.png,0.10030103428752916
VF,SC+S3,4,32,4_032.png,0.06655861769652253
VF,SC+S3,4,33,4_033.png,0.02673191065198677
VF,SC+S3,4,34,4_034.png,0.11214808203496382
VF,SC+S3,4,35,4_035.png,0.016614162168669865
VF,SC+S3,4,36,4_036.png,0.02515652873482808
VF,SC+S3,4,37,4_037.png,0.01640074872983332
VF,SC+S3,4,38,4_038.png,0.011567642494832588
VF,SC+S3,4,39,4_039.png,0.008526867030965392
VF,SC+S3,4,40,4_040.png,0.016129997964291275
VF,SC+S3,4,41,4_041.png,0.00016224359717232587
VF,SC+S3,4,42,4_042.png,0.11069299299526217
VF,SC+S3,4,43,4_043.png,0.08821997623813942
VF,SC+S3,4,44,4_044.png,0.09816235784834533
VF,SC+S3,4,45,4_045.png,0.1271965947489551
VF,SC+S3,4,46,4_046.png,0.12276976682688569
VF,SC+S3,4,47,4_047.png,0.06781370782186859
VF,SC+S3,4,48,4_048.png,0.1126887933666878
VF,SC+S3,4,49,4_049.png,0.20962111992296684
VF,SC+S3,4,50,4_050.png,0.1596811426922522
VF,SC+S3,4,51,4_051.png,0.17289587009365398
VF,SC+S3,4,52,4_052.png,0.15005298307006087
VF,SC+S3,4,53,4_053.png,0.10638177604431633
VF,SC+S3,4,54,4_054.png,0.07210252279722694
VF,SC+S3,4,55,4_055.png,0.21778295650615098
VF,SC+S3,4,56,4_056.png,0.1642585856962
VF,SC+S3,4,57,4_057.png,0.1787203302373581
VF,SC+S3,4,58,4_058.png,0.21525876385834194
VF,SC+S3,4,59,4_059.png,0.2548051736381946
VF,SC+S3,4,60,4_060.png,0.15339471820297482
VF,SC+S3,4,61,4_061.png,0.1503122634367903
VF,SC+S3,4,62,4_062.png,0.16412814716657573
VF,SC+S3,4,63,4_063.png,0.20196587818847514
VF,SC+S3,4,64,4_064.png,0.3534693349295456
VF,SC+S3,4,65,4_065.png,0.20065665073744285
VF,SC+S3,4,66,4_066.png,0.1829501001812804
VF,SC+S3,4,67,4_067.png,0.5559360381569695
VF,SC+S3,4,68,4_068.png,0.2625905824565659
VF,SC+S3,4,69,4_069.png,0.07585775144676368
VF,SC+S3,4,70,4_070.png,0.11874517279345308
VF,SC+S3,4,71,4_071.png,0.14883473748378323
VF,SC+S3,4,72,4_072.png,0.12553942190256479
VF,SC+S3,4,73,4_073.png,0.1492375043488345
VF,SC+S3,4,74,4_074.png,0.318164178189914
VF,SC+S3,4,75,4_075.png,6.860226692379813e-05
VF,SC+S3,4,76,4_076.png,0.011995056582741657
VF,SC+S3,4,77,4_077.png,0.0005043999891914288
VF,SC+S3,4,78,4_078.png,0.00114651829371101
VF,SC+S3,4,79,4_079.png,0.008049572615513359
VF,SC+S3,4,80,4_080.png,0.00831727919383521
VF,SC+S3,4,81,4_081.png,0.01900420562049149
VF,SC+S3,4,82,4_082.png,0.0007786458561167443
VF,SC+S3,4,83,4_083.png,0.14931232251238932
VF,SC+S3,4,84,4_084.png,0.11522716211960722
VF,SC+S3,4,85,4_085.png,0.10921263361763939
VF,SC+S3,4,86,4_086.png,0.0
VF,SC+S3,4,87,4_087.png,0.024210826442914748
VF,SC+S3,4,88,4_088.png,0.0005338824695877664
VF,SC+S3,4,89,4_089.png,0.35085311572700295
VF,SC+S3,4,90,4_090.png,0.2243958573072497
VF,SC+S3,4,91,4_091.png,0.1693923723335488
VF,SC+S3,4,92,4_092.png,0.16984425349087004
VF,SC+S3,4,93,4_093.png,0.2214631070002102
VF,SC+S3,4,94,4_094.png,0.3866042054069518
VF,SC+S3,4,95,4_095.png,0.6676519006285543
VF,SC+S3,4,96,4_096.png,0.14251441034429038
VF,SC+S3,4,97,4_097.png,0.8286423584173778
VF,SC+S3,4,98,4_098.png,0.048271683305441744
VF,SC+S3,4,99,4_099.png,0.11660906459861194
VF,SC+S3,4,100,4_100.png,0.17156621229539606
VF,SC+S3,4,101,4_101.png,0.24563594407492872
VF,SC+S3,4,102,4_102.png,0.0
VF,SC+S3,4,103,4_103.png,0.0
VF,SC+S3,4,104,4_104.png,0.0
VF,SC+S3,4,105,4_105.png,0.0
VF,SC+S3,4,106,4_106.png,0.0
VF,SC+S3,4,107,4_107.png,0.0
VF,SC+S3,4,108,4_108.png,0.0
VF,SC+S3,4,109,4_109.png,0.0
VF,SC+S3,4,110,4_110.png,0.0
VF,SC+S3,4,111,4_111.png,0.256665754174651
VF,SC+S3,4,112,4_112.png,0.3236415362731152
VF,SC+S3,4,113,4_113.png,0.6761205870686235
VF,SC+S3,4,114,4_114.png,0.5555087550394128
VF,SC+S3,4,115,4_115.png,0.49226580868704367
VF,SC+S3,4,116,4_116.png,0.5936
VF,SC+S3,4,117,4_117.png,0.541164164410534
VF,SC+S3,4,118,4_118.png,0.8003581020590869
VF,SC+S3,4,119,4_119.png,0.850281197750418
VF,SC+S3,4,120,4_120.png,0.6565900225826319
VF,SC+S3,4,121,4_121.png,0.8913147157013407
VF,SC+S3,4,122,4_122.png,0.771372438955936
VF,SC+S3,4,123,4_123.png,0.7460730507191522
VF,SC+S3,4,124,4_124.png,0.6954123379608348
VF,SC+S3,4,125,4_125.png,0.6864722753346081
VF,SC+S3,4,126,4_126.png,0.4917386934673367
VF,SC+S3,4,127,4_127.png,0.7391563937765603
VF,SC+S3,4,128,4_128.png,0.5817640869344364
VF,SC+S3,4,129,4_129.png,0.9249299275477286
VF,SC+S3,4,130,4_130.png,0.9529039193468724
VF,SC+S3,4,131,4_131.png,0.8539236187541273
VF,SC+S3,4,132,4_132.png,0.9600906897654274
VF,SC+S3,4,133,4_133.png,0.9154565989028719
VF,SC+S3,4,134,4_134.png,0.9152355396541443
VF,SC+S3,4,135,4_135.png,0.9407693008288047
VF,SC+S3,4,136,4_136.png,0.9172916143385124
VF,SC+S3,4,137,4_137.png,0.9149509881673699
VF,SC+S3,4,138,4_138.png,0.9177123552123552
VF,SC+S3,4,139,4_139.png,0.8797156765128886
VF,SC+S3,4,140,4_140.png,0.9101730663661841
VF,SC+S3,4,141,4_141.png,0.8861605872645536
VF,SC+S3,4,142,4_142.png,0.888044828960634
VF,SC+S3,4,143,4_143.png,0.557772661379722
VF,SC+S3,4,144,4_144.png,0.8710743801652893
VF,SC+S3,4,145,4_145.png,0.0
VF,SC+S3,4,146,4_146.png,0.0
VF,SC+S3,4,147,4_147.png,0.0
VF,SC+S3,4,148,4_148.png,0.8308028044760181
VF,SC+S3,4,149,4_149.png,0.845530275886779
VF,SC+S3,4,150,4_150.png,0.887309838332777
VF,SC+S3,4,151,4_151.png,0.937723373838456
VF,SC+S3,4,152,4_152.png,0.9331244298123835
VF,SC+S3,4,153,4_153.png,0.899899416616375
VF,SC+S3,4,154,4_154.png,0.921732276162656
VF,SC+S3,4,155,4_155.png,0.86479319047008
VF,SC+S3,4,156,4_156.png,0.17966468361276366
VF,SC+S3,4,157,4_157.png,0.8212685864859778
VF,SC+S3,4,158,4_158.png,0.9561924629268513
VF,SC+S3,4,159,4_159.png,0.9297698496850246
VF,SC+S3,4,160,4_160.png,0.9339962709757613
VF,SC+S3,4,161,4_161.png,0.9529631101195024
VF,SC+S3,4,162,4_162.png,0.9173742161951337
VF,SC+S3,4,163,4_163.png,0.946491588018055
VF,SC+S3,4,164,4_164.png,0.9178862431769639
VF,SC+S3,4,165,4_165.png,0.9372802639003429
VF,SC+S3,4,166,4_166.png,0.9120980707395498
VF,SC+S3,4,167,4_167.png,0.937235515127546
VF,SC+S3,4,168,4_168.png,0.8994504009370213
VF,SC+S3,4,169,4_169.png,0.9350857754174149
VF,SC+S3,4,170,4_170.png,0.9121685703682323
VF,SC+S3,4,171,4_171.png,0.9066443822907428
VF,SC+S3,4,172,4_172.png,0.935950340351991
VF,SC+S3,4,173,4_173.png,0.917367136659436
VF,SC+S3,4,174,4_174.png,0.9323724716178585
VF,SC+S3,4,175,4_175.png,0.9472662938020774
VF,SC+S3,4,176,4_176.png,0.96792071197411
VF,SC+S3,5,0,5_000.png,0.7661676710461872
VF,SC+S3,5,1,5_001.png,0.8002255711268957
VF,SC+S3,5,2,5_002.png,0.7863969093127288
VF,SC+S3,5,3,5_003.png,0.8146994791523136
VF,SC+S3,5,4,5_004.png,0.8033311782272713
VF,SC+S3,5,5,5_005.png,0.7219932796551068
VF,SC+S3,5,6,5_006.png,0.7201459334401139
VF,SC+S3,5,7,5_007.png,0.5474922706973548
VF,SC+S3,5,8,5_008.png,0.7891474116415748
VF,SC+S3,5,9,5_009.png,0.8228559084035428
VF,SC+S3,5,10,5_010.png,0.8586196028994643
VF,SC+S3,5,11,5_011.png,0.869944906810456
VF,SC+S3,5,12,5_012.png,0.8729965060174144
VF,SC+S3,5,13,5_013.png,0.8737631496719092
VF,SC+S3,5,14,5_014.png,0.8838016467894989
VF,SC+S3,5,15,5_015.png,0.8821110789887893
VF,SC+S3,5,16,5_016.png,0.8798101901562121
VF,SC+S3,5,17,5_017.png,0.888963022790322
VF,SC+S3,5,18,5_018.png,0.8977025194196704
VF,SC+S3,5,19,5_019.png,0.8948039388078073
VF,SC+S3,5,20,5_020.png,0.9029024666608559
VF,SC+S3,5,21,5_021.png,0.7603343326973744
VF,SC+S3,5,22,5_022.png,0.898940944175193
VF,SC+S3,5,23,5_023.png,0.8890166253979483
VF,SC+S3,5,24,5_024.png,0.8665714285714285
VF,SC+S3,5,25,5_025.png,0.8767738023044269
VF,SC+S3,5,26,5_026.png,0.8872577190324434
VF,SC+S3,5,27,5_027.png,0.8786257971610779
VF,SC+S3,5,28,5_028.png,0.8476487829743851
VF,SC+S3,5,29,5_029.png,0.857252899619253
VF,SC+S3,5,30,5_030.png,0.8543684798807749
VF,SC+S3,5,31,5_031.png,0.8647366662955127
VF,SC+S3,5,32,5_032.png,0.8630741473382171
VF,SC+S3,5,33,5_033.png,0.8676758343298184
VF,SC+S3,5,34,5_034.png,0.8657057436620403
VF,SC+S3,5,35,5_035.png,0.8732207506015156
VF,SC+S3,5,36,5_036.png,0.8812083852904501
VF,SC+S3,5,37,5_037.png,0.8701853197674418
VF,SC+S3,5,38,5_038.png,0.8685984935697135
VF,SC+S3,5,39,5_039.png,0.8725439311930007
VF,SC+S3,5,40,5_040.png,0.8684340320591862
VF,SC+S3,5,41,5_041.png,0.8740557615712128
VF,SC+S3,5,42,5_042.png,0.9081367729105673
VF,SC+S3,5,43,5_043.png,0.9035725576983876
VF,SC+S3,5,44,5_044.png,0.901654729562855
VF,SC+S3,5,45,5_045.png,0.9021168574133035
VF,SC+S3,5,46,5_046.png,0.9027273839129194
VF,SC+S3,5,47,5_047.png,0.9058960469176702
VF,SC+S3,5,48,5_048.png,0.8991731024260863
VF,SC+S3,5,49,5_049.png,0.8769825295869897
VF,SC+S3,5,50,5_050.png,0.8442771616134055
VF,SC+S3,5,51,5_051.png,0.8548504259393779
VF,SC+S3,5,52,5_052.png,0.8106106452263624
VF,SC+S3,5,53,5_053.png,0.8184790281234907
VF,SC+S3,5,54,5_054.png,0.8105453264029601
VF,SC+S3,5,55,5_055.png,0.7835268728804851
VF,SC+S3,5,56,5_056.png,0.8093533228910271
VF,SC+S3,5,57,5_057.png,0.8315941193427501
VF,SC+S3,5,58,5_058.png,0.8666897506925207
VF,SC+S3,5,59,5_059.png,0.8665880785198093
VF,SC+S3,5,60,5_060.png,0.8776193374489175
VF,SC+S3,5,61,5_061.png,0.8826226315575932
VF,SC+S3,5,62,5_062.png,0.8890051600331974
VF,SC+S3,5,63,5_063.png,0.8762306085918854
VF,SC+S3,5,64,5_064.png,0.8781678437889489
VF,SC+S3,5,65,5_065.png,0.8637422849225344
VF,SC+S3,5,66,5_066.png,0.8740694258250378
VF,SC+S3,5,67,5_067.png,0.890568113360748
VF,SC+S3,5,68,5_068.png,0.889365398186852
VF,SC+S3,5,69,5_069.png,0.8871322558883055
VF,SC+S3,5,70,5_070.png,0.8819021790545868
VF,SC+S3,5,71,5_071.png,0.8826338538761852
VF,SC+S3,5,72,5_072.png,0.872133931820939
VF,SC+S3,5,73,5_073.png,0.865546218487395
VF,SC+S3,5,74,5_074.png,0.8734368392436417
VF,SC+S3,5,75,5_075.png,0.8818546914932457
VF,SC+S3,5,76,5_076.png,0.8794024941756886
VF,SC+S3,5,77,5_077.png,0.8459826618394394
VF,SC+S3,5,78,5_078.png,0.8402333759590793
VF,SC+S3,5,79,5_079.png,0.8719178929145542
VF,SC+S3,5,80,5_080.png,0.8657318302630373
VF,SC+S3,5,81,5_081.png,0.8439688883159296
VF,SC+S3,5,82,5_082.png,0.8558668551600052
VF,SC+S3,5,83,5_083.png,0.852271217957232
VF,SC+S3,5,84,5_084.png,0.8611933694135266
VF,SC+S3,5,85,5_085.png,0.8702384523095381
VF,SC+S3,5,86,5_086.png,0.8734927851354023
VF,SC+S3,5,87,5_087.png,0.8816816179202718
VF,SC+S3,5,88,5_088.png,0.8958588060177556
VF,SC+S3,5,89,5_089.png,0.9084391966685994
VF,SC+S3,5,90,5_090.png,0.9021515338686432
VF,SC+S3,5,91,5_091.png,0.8927518756698821
VF,SC+S3,5,92,5_092.png,0.897086221029883
VF,SC+S3,5,93,5_093.png,0.8918636995827538
VF,SC+S3,5,94,5_094.png,0.8912308930008045
VF,SC+S3,5,95,5_095.png,0.8611192499267507
VF,SC+S3,5,96,5_096.png,0.8543287053863488
VF,SC+S3,5,97,5_097.png,0.8536653609401231
VF,SC+S3,5,98,5_098.png,0.8366600133067199
VF,SC+S3,5,99,5_099.png,0.8487855163971394
VF,SC+S3,5,100,5_100.png,0.8604039845047039
VF,SC+S3,5,101,5_101.png,0.8592075578116187
VF,SC+S3,5,102,5_102.png,0.8864879649890591
VF,SC+S3,5,103,5_103.png,0.8884518885196989
VF,SC+S3,5,104,5_104.png,0.8799339843212763
VF,SC+S3,5,105,5_105.png,0.8967429666229707
VF,SC+S3,5,106,5_106.png,0.8845857679938397
VF,SC+S3,5,107,5_107.png,0.8469117583228438
VF,SC+S3,5,108,5_108.png,0.8429587587071095
VF,SC+S3,5,109,5_109.png,0.83295
VF,SC+S3,5,110,5_110.png,0.8392941733775462
VF,SC+S3,5,111,5_111.png,0.8093338169507919
VF,SC+S3,5,112,5_112.png,0.7983876477420236
VF,SC+S3,5,113,5_113.png,0.7870461236506379
VF,SC+S3,5,114,5_114.png,0.7709398531188993
VF,SC+S3,5,115,5_115.png,0.6795965865011637
VF,SC+S3,5,116,5_116.png,0.5511088011088011
VF,SC+S3,5,117,5_117.png,0.7183673469387755
VF,SC+S3,5,118,5_118.png,0.7849444257325698
VF,SC+S3,5,119,5_119.png,0.8303830911492734
VF,SC+S3,5,120,5_120.png,0.8321888929044693
VF,SC+S3,5,121,5_121.png,0.8405039950829748
VF,SC+S3,5,122,5_122.png,0.8534862385321101
VF,SC+S3,5,123,5_123.png,0.8597020067177676
VF,SC+S3,5,124,5_124.png,0.8515739923506914
VF,SC+S3,5,125,5_125.png,0.8576075411577271
VF,SC+S3,5,126,5_126.png,0.8501642799578452
VF,SC+S3,5,127,5_127.png,0.8448125036449524
VF,SC+S3,5,128,5_128.png,0.8528886241810602
VF,SC+S3,5,129,5_129.png,0.8544945031256737
VF,SC+S3,5,130,5_130.png,0.8615934065934066
VF,SC+S3,5,131,5_131.png,0.8455079304099665
VF,SC+S3,5,132,5_132.png,0.8666155195089873
VF,SC+S3,5,133,5_133.png,0.8761759038875666
VF,SC+S3,5,134,5_134.png,0.8819913577992818
VF,SC+S3,5,135,5_135.png,0.8713042441583214
VF,SC+S3,5,136,5_136.png,0.8718330849478391
VF,SC+S3,5,137,5_137.png,0.845336732526025
VF,SC+S3,5,138,5_138.png,0.861134762752535
VF,SC+S3,5,139,5_139.png,0.84688995215311
VF,SC+S3,5,140,5_140.png,0.8872271624898949
VF,SC+S3,5,141,5_141.png,0.6804255319148936
VF,SC+S3,5,142,5_142.png,0.6341463414634146
VF,SC+S3,5,143,5_143.png,0.836072184696038
VF,SC+S3,5,144,5_144.png,0.8507026829713451
VF,SC+S3,5,145,5_145.png,0.8293529291692182
VF,SC+S3,5,146,5_146.png,0.8345905172413793
VF,SC+S3,5,147,5_147.png,0.8259430840502978
VF,SC+S3,5,148,5_148.png,0.8412516967921697
VF,SC+S3,5,149,5_149.png,0.8279200499687696
VF,SC+S3,5,150,5_150.png,0.8420465945825437
VF,SC+S3,5,151,5_151.png,0.8196741698793683
VF,SC+S3,5,152,5_152.png,0.8373635484316706
VF,SC+S3,5,153,5_153.png,0.8400791235544736
VF,SC+S3,5,154,5_154.png,0.8378909448174227
VF,SC+S3,5,155,5_155.png,0.8332779255319149
VF,SC+S3,5,156,5_156.png,0.8478655018955003
VF,SC+S3,5,157,5_157.png,0.8560619088564059
VF,SC+S3,5,158,5_158.png,0.865411681914145
VF,SC+S3,5,159,5_159.png,0.884853291038858
VF,SC+S3,5,160,5_160.png,0.8787125293548833
VF,SC+S3,5,161,5_161.png,0.8897322067879135
VF,SC+S3,5,162,5_162.png,0.8890171741954106
VF,SC+S3,5,163,5_163.png,0.8825613436556883
VF,SC+S3,5,164,5_164.png,0.8667468430547204
VF,SC+S3,5,165,5_165.png,0.8423222643191441
VF,SC+S3,5,166,5_166.png,0.8365680473372781
VF,SC+S3,5,167,5_167.png,0.8283766310097567
VF,SC+S3,5,168,5_168.png,0.8284663140951943
VF,SC+S3,5,169,5_169.png,0.841922970351898
VF,SC+S3,5,170,5_170.png,0.8585672649179322
VF,SC+S3,5,171,5_171.png,0.7333642835035593
VF,SC+S3,5,172,5_172.png,0.8055647020085611
VF,SC+S3,5,173,5_173.png,0.808403942590351
VF,SC+S3,5,174,5_174.png,0.8075536975637884
VF,SC+S3,5,175,5_175.png,0.8242977690440412
VF,SC+S3,5,176,5_176.png,0.8061797752808989
VF,SC+S3,5,177,5_177.png,0.8162077651350647
VF,SC+S3,5,178,5_178.png,0.8052838560048402
VF,SC+S3,5,179,5_179.png,0.7859905969172172
VF,SC+S3,5,180,5_180.png,0.7859290054365207
VF,SC+S3,5,181,5_181.png,0.6727861771058316
VF,SC+S3,5,182,5_182.png,0.5701140964298859
VF,SC+S3,5,183,5_183.png,0.43331875819851334
VF,SC+S3,5,184,5_184.png,0.8061002178649237
VF,SC+S3,5,185,5_185.png,0.8323569175304191
VF,SC+S3,5,186,5_186.png,0.8566142460684552
VF,SC+S3,5,187,5_187.png,0.8584953940634595
VF,SC+S3,5,188,5_188.png,0.8727082242011525
VF,SC+S3,5,189,5_189.png,0.8434861670346798
VF,SC+S3,5,190,5_190.png,0.8539001755706045
VF,SC+S3,5,191,5_191.png,0.8248133906356028
VF,SC+S3,5,192,5_192.png,0.8041730058682895
VF,SC+S3,5,193,5_193.png,0.8377302706390721
VF,SC+S3,5,194,5_194.png,0.8331184182248011
VF,SC+S3,5,195,5_195.png,0.839099764863957
VF,SC+S3,5,196,5_196.png,0.8416608022519353
VF,SC+S3,5,197,5_197.png,0.8394529786436867
VF,SC+S3,5,198,5_198.png,0.8449519230769231
VF,SC+S3,5,199,5_199.png,0.8370962139631817
VF,SC+S3,5,200,5_200.png,0.8356979405034325
VF,SC+S3,5,201,5_201.png,0.7851971037811746
VF,SC+S3,5,202,5_202.png,0.8654597089101882
VF,SC+S3,5,203,5_203.png,0.834889606422899
VF,SC+S3,5,204,5_204.png,0.8100055763562495
VF,SC+S3,5,205,5_205.png,0.818767963955566
VF,SC+S3,5,206,5_206.png,0.8634292000628634
VF,SC+S3,5,207,5_207.png,0.8366621737532165
VF,SC+S3,5,208,5_208.png,0.8280072746167836
VF,SC+S3,5,209,5_209.png,0.8356493178372916
VF,SC+S3,5,210,5_210.png,0.8081523065657799
VF,SC+S3,5,211,5_211.png,0.8368317940106353
VF,SC+S3,5,212,5_212.png,0.7620464009518144
VF,SC+S3,5,213,5_213.png,0.8522647471910112
VF,SC+S3,5,214,5_214.png,0.8401195049082373
VF,SC+S3,6,0,6_000.png,0.004754668888779962
VF,SC+S3,6,1,6_001.png,0.0030495189026135587
VF,SC+S3,6,2,6_002.png,0.0039495956366372015
VF,SC+S3,6,3,6_003.png,0.006973249173429516
VF,SC+S3,6,4,6_004.png,0.007184366817804457
VF,SC+S3,6,5,6_005.png,0.0034424581195998567
VF,SC+S3,6,6,6_006.png,0.005943978007281373
VF,SC+S3,6,7,6_007.png,0.0051081348954230095
VF,SC+S3,6,8,6_008.png,0.0024769408600882263
VF,SC+S3,6,9,6_009.png,0.0004598405885959534
VF,SC+S3,6,10,6_010.png,0.007403032633776508
VF,SC+S3,6,11,6_011.png,0.003621052631578947
VF,SC+S3,6,12,6_012.png,0.0030278722418682425
VF,SC+S3,6,13,6_013.png,0.004462539967336048
VF,SC+S3,6,14,6_014.png,0.004455742204867488
VF,SC+S3,6,15,6_015.png,0.003276285726602578
VF,SC+S3,6,16,6_016.png,0.0025493687277436065
VF,SC+S3,6,17,6_017.png,0.003300469236041546
VF,SC+S3,6,18,6_018.png,0.004083828528109946
VF,SC+S3,6,19,6_019.png,0.00405975451171937
VF,SC+S3,6,20,6_020.png,0.00395292917516759
VF,SC+S3,6,21,6_021.png,0.01573729863692689
VF,SC+S3,6,22,6_022.png,0.011643449074761636
VF,SC+S3,6,23,6_023.png,0.016916991822117696
VF,SC+S3,6,24,6_024.png,0.0022283625991621355
VF,SC+S3,6,25,6_025.png,0.013581313567671623
VF,SC+S3,6,26,6_026.png,0.005561440677966102
VF,SC+S3,6,27,6_027.png,0.005272949178249381
VF,SC+S3,6,28,6_028.png,0.0036674681174032994
VF,SC+S3,6,29,6_029.png,0.003913718257270744
VF,SC+S3,6,30,6_030.png,0.003293800596734004
VF,SC+S3,6,31,6_031.png,0.0030305051794954877
VF,SC+S3,6,32,6_032.png,0.003150810291102436
VF,SC+S3,6,33,6_033.png,0.0047137829722661674
VF,SC+S3,6,34,6_034.png,0.00404155373144406
VF,SC+S3,6,35,6_035.png,0.005201275151327422
VF,SC+S3,6,36,6_036.png,0.004466202868676458
VF,SC+S3,6,37,6_037.png,0.004348560979732325
VF,SC+S3,6,38,6_038.png,0.0028393938443196437
VF,SC+S3,6,39,6_039.png,0.0040014904336838015
VF,SC+S3,6,40,6_040.png,0.0007009844259547103
VF,SC+S3,6,41,6_041.png,0.0018154931845800208
VF,SC+S3,6,42,6_042.png,0.0016137855579868709
VF,SC+S3,6,43,6_043.png,0.0018484756406360783
VF,SC+S3,6,44,6_044.png,0.005555977421722732
VF,SC+S3,6,45,6_045.png,0.003061659050885694
VF,SC+S3,6,46,6_046.png,0.0023679848448969927
VF,SC+S3,6,47,6_047.png,0.0056182857644489805
VF,SC+S3,6,48,6_048.png,0.0038884015658344354
VF,SC+S3,6,49,6_049.png,0.0003191828917969997
VF,SC+S3,6,50,6_050.png,0.004167451201907989
VF,SC+S3,6,51,6_051.png,0.006419098867780221
VF,SC+S3,6,52,6_052.png,0.007861574128038751
VF,SC+S3,6,53,6_053.png,0.006632679334672228
VF,SC+S3,6,54,6_054.png,0.0013404466368193881
VF,SC+S3,6,55,6_055.png,0.002668094843955402
VF,SC+S3,6,56,6_056.png,0.0028455450391644908
VF,SC+S3,6,57,6_057.png,0.0027350283496207777
VF,SC+S3,6,58,6_058.png,0.0026569183515800184
VF,SC+S3,6,59,6_059.png,0.002369643178283913
VF,SC+S3,6,60,6_060.png,0.0036803147872984427
VF,SC+S3,6,61,6_061.png,0.0029642193055479916
VF,SC+S3,6,62,6_062.png,0.003819431814048234
VF,SC+S3,6,63,6_063.png,0.0033227040282555386
VF,SC+S3,6,64,6_064.png,0.0037439416217393672
VF,SC+S3,6,65,6_065.png,0.004064785460937255
VF,SC+S3,6,66,6_066.png,0.003953933536260081
VF,SC+S3,6,67,6_067.png,0.0001465040471743032
VF,SC+S3,6,68,6_068.png,0.007739723839839882
VF,SC+S3,6,69,6_069.png,0.003566415303757386
VF,SC+S3,6,70,6_070.png,0.0029424674459057436
VF,SC+S3,6,71,6_071.png,0.003527800772093239
VF,SC+S3,6,72,6_072.png,0.0029064529522824663
VF,SC+S3,6,73,6_073.png,0.003090625356830206
VF,SC+S3,6,74,6_074.png,0.0034341862730668687
VF,SC+S3,6,75,6_075.png,0.0025259673801798664
VF,SC+S3,6,76,6_076.png,0.004481925427583266
VF,SC+S3,6,77,6_077.png,0.0028120080343086696
VF,SC+S3,6,78,6_078.png,0.00923883988238439
VF,SC+S3,6,79,6_079.png,0.014849865893281581
VF,SC+S3,6,80,6_080.png,0.015710656504880332
VF,SC+S3,6,81,6_081.png,0.010753434161232136
VF,SC+S3,6,82,6_082.png,0.0036079040852575487
VF,SC+S3,6,83,6_083.png,0.004189622627031506
VF,SC+S3,6,84,6_084.png,0.004211436334444856
VF,SC+S3,6,85,6_085.png,0.0068985252486024095
VF,SC+S3,6,86,6_086.png,0.002360175149840067
VF,SC+S3,6,87,6_087.png,0.0018153352607263261
VF,SC+S3,6,88,6_088.png,0.0025740409461339694
VF,SC+S3,6,89,6_089.png,0.0029510304258054463
VF,SC+S3,6,90,6_090.png,0.003129784306505688
VF,SC+S3,6,91,6_091.png,0.0034046641810529395
VF,SC+S3,6,92,6_092.png,0.004836083501421663
VF,SC+S3,6,93,6_093.png,0.0059502851911837195
VF,SC+S3,6,94,6_094.png,0.00381332849101144
VF,SC+S3,6,95,6_095.png,0.006138082299407471
VF,SC+S3,6,96,6_096.png,0.005968510351911872
VF,SC+S3,6,97,6_097.png,0.0059467083444516445
VF,SC+S3,6,98,6_098.png,0.005582230550025374
VF,SC+S3,6,99,6_099.png,0.004022165064130228
VF,SC+S3,6,100,6_100.png,0.0014415358909674672
VF,SC+S3,6,101,6_101.png,0.00323923332550099
VF,SC+S3,6,102,6_102.png,0.003144548328512814
VF,SC+S3,6,103,6_103.png,0.004479840716774514
VF,SC+S3,6,104,6_104.png,0.004822802644413135
VF,SC+S3,6,105,6_105.png,0.007135851736616051
VF,SC+S3,6,106,6_106.png,0.006290343828217626
VF,SC+S3,6,107,6_107.png,0.006649740055616008
VF,SC+S3,6,108,6_108.png,0.006741686092337621
VF,SC+S3,6,109,6_109.png,0.006797780012664357
VF,SC+S3,6,110,6_110.png,0.009431609495091482
VF,SC+S3,6,111,6_111.png,0.0034515218073423283
VF,SC+S3,6,112,6_112.png,0.008451085119329321
VF,SC+S3,6,113,6_113.png,0.007712409968767927
VF,SC+S3,6,114,6_114.png,0.019051269765213225
VF,SC+S3,6,115,6_115.png,0.011300729202458672
VF,SC+S3,6,116,6_116.png,0.0020990081447428716
VF,SC+S3,6,117,6_117.png,0.0038357626496781294
VF,SC+S3,6,118,6_118.png,0.0034087882822902795
VF,SC+S3,6,119,6_119.png,0.00804674014075156
VF,SC+S3,6,120,6_120.png,0.007976926674634932
VF,SC+S3,6,121,6_121.png,0.009832332850341545
VF,SC+S3,6,122,6_122.png,0.0014242555028053517
VF,SC+S3,6,123,6_123.png,0.011829197922677438
VF,SC+S3,6,124,6_124.png,0.0009984729237636557
VF,SC+S3,6,125,6_125.png,0.038765448774228405
VF,SC+S3,6,126,6_126.png,0.04674267100977199
VF,SC+S3,6,127,6_127.png,0.025380710659898477
VF,SC+S3,6,128,6_128.png,0.01504149377593361
VF,SC+S3,6,129,6_129.png,0.01997702641961744
VF,SC+S3,6,130,6_130.png,0.014138260039899384
VF,SC+S3,6,131,6_131.png,0.010573368864437377
VF,SC+S3,6,132,6_132.png,0.012946851935842989
VF,SC+S3,6,133,6_133.png,0.009975756130519455
VF,SC+S3,6,134,6_134.png,0.010500190912562046
VF,SC+S3,6,135,6_135.png,0.01668088737201365
VF,SC+S3,6,136,6_136.png,0.012517018753568449
VF,SC+S3,6,137,6_137.png,0.013585467073839166
VF,SC+S3,6,138,6_138.png,0.011610622313285926
VF,SC+S3,6,139,6_139.png,0.014772384684956286
VF,SC+S3,6,140,6_140.png,0.014838494202967699
VF,SC+S3,6,141,6_141.png,0.01768292682926829
VF,SC+S3,6,142,6_142.png,0.01540212951181946
VF,SC+S3,6,143,6_143.png,0.023953113055296016
VF,SC+S3,6,144,6_144.png,0.040234199069208824
VF,SC+S3,6,145,6_145.png,0.043362495245340436
VF,SC+S3,6,146,6_146.png,0.0252387448840382
VF,SC+S3,6,147,6_147.png,0.027544627024470976
VF,SC+S3,6,148,6_148.png,0.025303976339139007
VF,SC+S3,6,149,6_149.png,0.023945141845932643
VF,SC+S3,6,150,6_150.png,0.015011990407673861
VF,SC+S3,6,151,6_151.png,0.012570797071418704
VF,SC+S3,6,152,6_152.png,0.010523511389369921
VF,SC+S3,6,153,6_153.png,0.011288439081354613
VF,SC+S3,6,154,6_154.png,0.011918910659105572
VF,SC+S3,6,155,6_155.png,0.0057971963841215775
VF,SC+S3,6,156,6_156.png,0.005430515571839833
VF,SC+S3,6,157,6_157.png,0.006136417276374794
VF,SC+S3,6,158,6_158.png,0.017896032572673044
VF,SC+S3,6,159,6_159.png,0.009164727669879861
VF,SC+S3,6,160,6_160.png,0.0060808518412193025
VF,SC+S3,6,161,6_161.png,0.007043682425577553
VF,SC+S3,6,162,6_162.png,0.01426126640045636
VF,SC+S3,6,163,6_163.png,0.00956468424279583
VF,SC+S3,6,164,6_164.png,0.013955769573747102
VF,SC+S3,6,165,6_165.png,0.006311456665904413
VF,SC+S3,6,166,6_166.png,0.003964882469555367
VF,SC+S3,6,167,6_167.png,0.01007349540011307
VF,SC+S3,6,168,6_168.png,0.01095655487804878
VF,SC+S3,6,169,6_169.png,0.007295608955359993
VF,SC+S3,6,170,6_170.png,0.010465365644434912
VF,SC+S3,6,171,6_171.png,0.014435957931779101
VF,SC+S3,6,172,6_172.png,0.015043290043290043
VF,SC+S3,6,173,6_173.png,0.010084580351333767
VF,SC+S3,6,174,6_174.png,0.010973154362416108
VF,SC+S3,6,175,6_175.png,0.02323943661971831
VF,SC+S3,6,176,6_176.png,0.015109057861254166
VF,SC+S3,6,177,6_177.png,0.01636972427762391
VF,SC+S3,6,178,6_178.png,0.0171431354405104
VF,SC+S3,6,179,6_179.png,0.017603473500401152
VF,SC+S3,6,180,6_180.png,0.01412609011627907
VF,SC+S3,6,181,6_181.png,0.008834008492361755
VF,SC+S3,6,182,6_182.png,0.015687621664949043
VF,SC+S3,6,183,6_183.png,0.014312444604930571
VF,SC+S3,6,184,6_184.png,0.006496142915144133
VF,SC+S3,6,185,6_185.png,0.0054350779933692046
VF,SC+S3,6,186,6_186.png,0.013521034539204453
VF,SC+S3,6,187,6_187.png,0.009003939223410242
VF,SC+S3,6,188,6_188.png,0.005599305326825762
VF,SC+S3,6,189,6_189.png,0.00950734658599827
VF,SC+S3,6,190,6_190.png,0.020010492393015063
VF,SC+S3,6,191,6_191.png,0.016505870045333024
VF,SC+S3,6,192,6_192.png,0.011426169367166004
VF,SC+S3,6,193,6_193.png,0.00864132874457579
VF,SC+S3,6,194,6_194.png,0.011974554072595733
VF,SC+S3,6,195,6_195.png,0.030377871079278834
VF,SC+S3,6,196,6_196.png,0.028241335044929396
VF,SC+S3,6,197,6_197.png,0.02139140489497013
VF,SC+S3,6,198,6_198.png,0.0199695701787752
VF,SC+S3,6,199,6_199.png,0.010045452809289179
VF,SC+S3,6,200,6_200.png,0.006280207217897143
VF,SC+S3,6,201,6_201.png,0.004556698346569457
VF,SC+S3,6,202,6_202.png,0.03022907151075625
VF,SC+S3,6,203,6_203.png,0.014642176399237566
VF,SC+S3,6,204,6_204.png,0.010372340425531914
VF,SC+S3,6,205,6_205.png,0.0014431966806476345
VF,SC+S3,6,206,6_206.png,0.013678706236797452
VF,SC+S3,6,207,6_207.png,0.00908676393955185
VF,SC+S3,6,208,6_208.png,0.008822876003681488
VF,SC+S3,6,209,6_209.png,0.016343921905307004
VF,SC+S3,6,210,6_210.png,0.010946971926313932
VF,SC+S3,6,211,6_211.png,0.00879713383704019
VF,SC+S3,6,212,6_212.png,0.007858336592824379
VF,SC+S3,6,213,6_213.png,0.0011392470612604216
VF,SC+S3,6,214,6_214.png,0.010199311546470613
VF,SC+S3,6,215,6_215.png,0.014728889228068837
VF,SC+S3,7,0,7_000.png,0.00014860190375550034
VF,SC+S3,7,1,7_001.png,0.0007853581916273987
VF,SC+S3,7,2,7_002.png,0.000325844480278054
VF,SC+S3,7,3,7_003.png,0.000216798810703667
VF,SC+S3,7,4,7_004.png,1.4050074465394667e-05
VF,SC+S3,7,5,7_005.png,9.450583573535666e-05
VF,SC+S3,7,6,7_006.png,6.222431172997414e-05
VF,SC+S3,7,7,7_007.png,0.0
VF,SC+S3,7,8,7_008.png,9.11244760342628e-06
VF,SC+S3,7,9,7_009.png,0.0007567052492923404
VF,SC+S3,7,10,7_010.png,7.771094636390482e-05
VF,SC+S3,7,11,7_011.png,1.4194363418286599e-05
VF,SC+S3,7,12,7_012.png,8.282839867219705e-05
VF,SC+S3,7,13,7_013.png,0.0
VF,SC+S3,7,14,7_014.png,4.892936434639543e-05
VF,SC+S3,7,15,7_015.png,9.810975210935967e-05
VF,SC+S3,7,16,7_016.png,0.00537963076170681
VF,SC+S3,7,17,7_017.png,0.0010553543714433523
VF,SC+S3,7,18,7_018.png,0.009746659323458652
VF,SC+S3,7,19,7_019.png,7.555894731274604e-05
VF,SC+S3,7,20,7_020.png,0.0005369034526355897
VF,SC+S3,7,21,7_021.png,0.001276767122818142
VF,SC+S3,7,22,7_022.png,0.002899031618655094
VF,SC+S3,7,23,7_023.png,0.000921743174118116
VF,SC+S3,7,24,7_024.png,4.852343196529604e-05
VF,SC+S3,7,25,7_025.png,7.436172849706684e-05
VF,SC+S3,7,26,7_026.png,0.003787974443799086
VF,SC+S3,7,27,7_027.png,0.0008602569408938557
VF,SC+S3,7,28,7_028.png,0.0006989166791473217
VF,SC+S3,7,29,7_029.png,0.0002315035474514183
VF,SC+S3,7,30,7_030.png,0.006887543803759159
VF,SC+S3,7,31,7_031.png,0.00030242404503791933
VF,SC+S3,7,32,7_032.png,0.0003360983981693364
VF,SC+S3,7,33,7_033.png,0.00040276265346002955
VF,SC+S3,7,34,7_034.png,0.0004356494129808757
VF,SC+S3,7,35,7_035.png,0.00010672358591248666
VF,SC+S3,7,36,7_036.png,0.0009448012964773346
VF,SC+S3,7,37,7_037.png,0.00027954863123444586
VF,SC+S3,7,38,7_038.png,0.010816205825816945
VF,SC+S3,7,39,7_039.png,0.006779661016949152
VF,SC+S3,7,40,7_040.png,0.008162714876131396
VF,SC+S3,7,41,7_041.png,0.0014681700728212356
VF,SC+S3,7,42,7_042.png,0.002367316962646395
VF,SC+S3,7,43,7_043.png,0.02389976507439311
VF,SC+S3,7,44,7_044.png,0.0021352886668546795
VF,SC+S3,7,45,7_045.png,0.003433738730235777
VF,SC+S3,7,46,7_046.png,0.0
VF,SC+S3,7,47,7_047.png,0.0007214337981428233
VF,SC+S3,7,48,7_048.png,0.0005037081493548249
VF,SC+S3,7,49,7_049.png,0.0003365967186628455
VF,SC+S3,7,50,7_050.png,0.00023670880083321498
VF,SC+S3,7,51,7_051.png,0.0005524584400582593
VF,SC+S3,7,52,7_052.png,0.00040474905558553697
VF,SC+S3,7,53,7_053.png,0.00021220159151193635
VF,SC+S3,7,54,7_054.png,0.0002586848033456568
VF,SC+S3,7,55,7_055.png,0.0009508961643502394
VF,SC+S3,7,56,7_056.png,0.0007441753964165092
VF,SC+S3,7,57,7_057.png,0.0019884864181467796
VF,SC+S3,7,58,7_058.png,0.00048179402575408063
VF,SC+S3,7,59,7_059.png,0.0005798141833593329
VF,SC+S3,7,60,7_060.png,0.0007300142020944771
VF,SC+S3,7,61,7_061.png,0.001340033500837521
VF,SC+S3,7,62,7_062.png,0.00013474516321007894
VF,SC+S3,7,63,7_063.png,0.001540749617487508
VF,SC+S3,7,64,7_064.png,0.001128887850831095
VF,SC+S3,7,65,7_065.png,0.003943114295700804
VF,SC+S3,7,66,7_066.png,0.0008962369839266973
VF,SC+S3,7,67,7_067.png,0.002649289337552107
VF,SC+S3,7,68,7_068.png,0.0029787067989958246
VF,SC+S3,7,69,7_069.png,0.001597233222451027
VF,SC+S3,7,70,7_070.png,0.0028435879302215936
VF,SC+S3,7,71,7_071.png,0.005635279470545836
VF,SC+S3,7,72,7_072.png,0.008676423422967202
VF,SC+S3,7,73,7_073.png,0.007254220857904516
VF,SC+S3,7,74,7_074.png,0.001553272388965294
VF,SC+S3,7,75,7_075.png,0.0026163936776459626
VF,SC+S3,7,76,7_076.png,0.0016035214588901116
VF,SC+S3,7,77,7_077.png,0.002144525715161031
VF,SC+S3,7,78,7_078.png,0.002769435712866775
VF,SC+S3,7,79,7_079.png,0.0013531954908773982
VF,SC+S3,7,80,7_080.png,0.00017161209129763256
VF,SC+S3,7,81,7_081.png,0.00648760539203312
VF,SC+S3,7,82,7_082.png,0.0015665232187550642
VF,SC+S3,7,83,7_083.png,0.0
VF,SC+S3,7,84,7_084.png,0.0021078292108470723
VF,SC+S3,7,85,7_085.png,0.0
VF,SC+S3,7,86,7_086.png,5.3147388337337105e-05
VF,SC+S3,7,87,7_087.png,0.0031023907354560632
VF,SC+S3,7,88,7_088.png,0.008700259006357429
VF,SC+S3,7,89,7_089.png,0.011418987225438838
VF,SC+S3,7,90,7_090.png,9.940986688115098e-05
VF,SC+S3,7,91,7_091.png,0.0010541447053186391
VF,SC+S3,7,92,7_092.png,0.0004902055018358676
VF,SC+S3,7,93,7_093.png,0.0005666180994010038
VF,SC+S3,7,94,7_094.png,0.0025738415478797085
VF,SC+S3,7,95,7_095.png,0.00040272756395588305
VF,SC+S3,7,96,7_096.png,0.0029219877180712965
VF,SC+S3,7,97,7_097.png,0.009122071446783194
VF,SC+S3,7,98,7_098.png,0.0025724951013125197
VF,SC+S3,7,99,7_099.png,0.0
VF,SC+S3,7,100,7_100.png,0.001528153285529564
VF,SC+S3,7,101,7_101.png,0.004491396761133603
VF,SC+S3,7,102,7_102.png,0.003676586116959432
VF,SC+S3,7,103,7_103.png,0.003717940638981662
VF,SC+S3,7,104,7_104.png,0.0033758202927814235
VF,SC+S3,7,105,7_105.png,0.0027017110836863346
VF,SC+S3,7,106,7_106.png,0.00449012523239906
VF,SC+S3,7,107,7_107.png,0.008778873138087357
VF,SC+S3,7,108,7_108.png,0.013747877900203057
VF,SC+S3,7,109,7_109.png,0.0
VF,SC+S3,7,110,7_110.png,0.0
VF,SC+S3,7,111,7_111.png,0.0
VF,SC+S3,7,112,7_112.png,0.0
VF,SC+S3,7,113,7_113.png,0.0
VF,SC+S3,7,114,7_114.png,0.0
VF,SC+S3,7,115,7_115.png,0.0
VF,SC+S3,7,116,7_116.png,0.0
VF,SC+S3,7,117,7_117.png,0.0
VF,SC+S3,7,118,7_118.png,0.0
VF,SC+S3,7,119,7_119.png,0.0
VF,SC+S3,7,120,7_120.png,0.0
VF,SC+S3,7,121,7_121.png,0.0
VF,SC+S3,7,122,7_122.png,0.0
VF,SC+S3,7,123,7_123.png,0.0
VF,SC+S3,7,124,7_124.png,0.0
VF,SC+S3,7,125,7_125.png,0.0
VF,SC+S3,7,126,7_126.png,0.0
VF,SC+S3,7,127,7_127.png,0.0
VF,SC+S3,7,128,7_128.png,0.0
VF,SC+S3,7,129,7_129.png,0.0
VF,SC+S3,7,130,7_130.png,0.0
VF,SC+S3,7,131,7_131.png,0.0
VF,SC+S3,7,132,7_132.png,0.0
VF,SC+S3,7,133,7_133.png,0.0
VF,SC+S3,7,134,7_134.png,0.0
VF,SC+S3,7,135,7_135.png,0.0
VF,SC+S3,7,136,7_136.png,0.0
VF,SC+S3,7,137,7_137.png,0.0035766246362754607
VF,SC+S3,7,138,7_138.png,0.003796114159505815
VF,SC+S3,7,139,7_139.png,0.004352709912945802
VF,SC+S3,7,140,7_140.png,0.005069843295752677
VF,SC+S3,7,141,7_141.png,0.009945300845350571
VF,SC+S3,7,142,7_142.png,0.0
VF,SC+S3,7,143,7_143.png,0.0
VF,SC+S3,7,144,7_144.png,0.0
VF,SC+S3,7,145,7_145.png,0.0
VF,SC+S3,7,146,7_146.png,0.0
VF,SC+S3,7,147,7_147.png,0.0
VF,SC+S3,7,148,7_148.png,0.0
VF,SC+S3,7,149,7_149.png,0.0
VF,SC+S3,7,150,7_150.png,0.0
VF,SC+S3,7,151,7_151.png,0.0
VF,SC+S3,7,152,7_152.png,0.0
VF,SC+S3,7,153,7_153.png,0.0
VF,SC+S3,7,154,7_154.png,0.0
VF,SC+S3,7,155,7_155.png,0.0
VF,SC+S3,7,156,7_156.png,0.0
VF,SC+S3,7,157,7_157.png,0.0
VF,SC+S3,7,158,7_158.png,0.0
VF,SC+S3,7,159,7_159.png,0.0
VF,SC+S3,7,160,7_160.png,0.0
VF,SC+S3,7,161,7_161.png,0.0
VF,SC+S3,7,162,7_162.png,0.0
VF,SC+S3,7,163,7_163.png,0.0
VF,SC+S3,7,164,7_164.png,0.0
VF,SC+S3,7,165,7_165.png,0.0
VF,SC+S3,7,166,7_166.png,0.00357037691401649
VF,SC+S3,7,167,7_167.png,0.0
VF,SC+S3,7,168,7_168.png,0.0
VF,SC+S3,7,169,7_169.png,0.0
VF,SC+S3,7,170,7_170.png,0.0
VF,SC+S3,7,171,7_171.png,0.0
VF,SC+S3,7,172,7_172.png,0.0
VF,SC+S3,7,173,7_173.png,0.0
VF,SC+S3,7,174,7_174.png,0.0
VF,SC+S3,7,175,7_175.png,0.0
VF,SC+S3,7,176,7_176.png,0.0
VF,SC+S3,7,177,7_177.png,0.0
VF,SC+S3,7,178,7_178.png,0.0
VF,SC+S3,7,179,7_179.png,0.0
VF,SC+S3,7,180,7_180.png,0.0
VF,SC+S3,7,181,7_181.png,0.0
VF,SC+S3,7,182,7_182.png,0.0
VF,SC+S3,7,183,7_183.png,0.0
VF,SC+S3,7,184,7_184.png,0.0
VF,SC+S3,7,185,7_185.png,0.0
VF,SC+S3,7,186,7_186.png,0.0
VF,SC+S3,7,187,7_187.png,0.0
VF,SC+S3,7,188,7_188.png,0.0
VF,SC+S3,7,189,7_189.png,0.0
VF,SC+S3,7,190,7_190.png,0.0
VF,SC+S3,7,191,7_191.png,0.0
VF,SC+S3,7,192,7_192.png,0.0
VF,SC+S3,7,193,7_193.png,0.0
VF,SC+S3,7,194,7_194.png,0.0
VF,SC+S3,7,195,7_195.png,0.0
VF,SC+S3,7,196,7_196.png,0.0
VF,SC+S3,7,197,7_197.png,0.0
VF,SC+S3,7,198,7_198.png,0.0
VF,SC+S3,7,199,7_199.png,0.0
VF,SC+S3,7,200,7_200.png,0.0
VF,SC+S3,7,201,7_201.png,0.0
VF,SC+S3,7,202,7_202.png,0.0
VF,SC+S3,7,203,7_203.png,0.019097793875535066
VF,SC+S3,7,204,7_204.png,0.010152596603494955
VF,SC+S3,7,205,7_205.png,0.0
VF,SC+S3,7,206,7_206.png,0.0
VF,SC+S3,7,207,7_207.png,0.0
VF,SC+S3,7,208,7_208.png,0.0
VF,SC+S3,7,209,7_209.png,0.0
VF,SC+S3,7,210,7_210.png,0.0
VF,SC+S3,7,211,7_211.png,0.0
VF,SC+S3,7,212,7_212.png,0.0
VF,SC+S3,7,213,7_213.png,0.0
VF,SC+S3,7,214,7_214.png,0.0
VF,SC+S3,7,215,7_215.png,0.0
VF,SC+S3,7,216,7_216.png,0.0
VF,SC+S3,7,217,7_217.png,0.0
VF,SC+S3,7,218,7_218.png,0.0
VF,SC+S3,7,219,7_219.png,0.0
VF,SC+S3,7,220,7_220.png,0.0
VF,SC+S3,7,221,7_221.png,0.0
VF,SC+S3,7,222,7_222.png,0.0
VF,SC+S3,7,223,7_223.png,0.0
VF,SC+S3,7,224,7_224.png,0.0
VF,SC+S3,8,0,8_000.png,0.9532502310143889
VF,SC+S3,8,1,8_001.png,0.9631556214906762
VF,SC+S3,8,2,8_002.png,0.970769929145203
VF,SC+S3,8,3,8_003.png,0.9807624633431085
VF,SC+S3,8,4,8_004.png,0.9760520762829956
VF,SC+S3,8,5,8_005.png,0.9750021402277202
VF,SC+S3,8,6,8_006.png,0.9764608794749873
VF,SC+S3,8,7,8_007.png,0.9809503353930542
VF,SC+S3,8,8,8_008.png,0.9828129977699904
VF,SC+S3,8,9,8_009.png,0.983107643662359
VF,SC+S3,8,10,8_010.png,0.9830710389366104
VF,SC+S3,8,11,8_011.png,0.9876849235044287
VF,SC+S3,8,12,8_012.png,0.9826617097081148
VF,SC+S3,8,13,8_013.png,0.9844402951898285
VF,SC+S3,8,14,8_014.png,0.982762542240707
VF,SC+S3,8,15,8_015.png,0.9833346484652411
VF,SC+S3,8,16,8_016.png,0.979007665458675
VF,SC+S3,8,17,8_017.png,0.9800790198877785
VF,SC+S3,8,18,8_018.png,0.9816614258466931
VF,SC+S3,8,19,8_019.png,0.9828936373403366
VF,SC+S3,8,20,8_020.png,0.9798420249001645
VF,SC+S3,8,21,8_021.png,0.9828135750291355
VF,SC+S3,8,22,8_022.png,0.9794493833470068
VF,SC+S3,8,23,8_023.png,0.9813708852068246
VF,SC+S3,8,24,8_024.png,0.984731880698501
VF,SC+S3,8,25,8_025.png,0.9820864790665752
VF,SC+S3,8,26,8_026.png,0.9780956956529475
VF,SC+S3,8,27,8_027.png,0.9818042398197997
VF,SC+S3,8,28,8_028.png,0.9833456918285629
VF,SC+S3,8,29,8_029.png,0.9798795552810377
VF,SC+S3,8,30,8_030.png,0.9851164229906397
VF,SC+S3,8,31,8_031.png,0.9888311188137878
VF,SC+S3,8,32,8_032.png,0.9815277239240016
VF,SC+S3,8,33,8_033.png,0.9853123484072657
VF,SC+S3,8,34,8_034.png,0.9835553428518252
VF,SC+S3,8,35,8_035.png,0.9822517546887585
VF,SC+S3,8,36,8_036.png,0.9847945260293706
VF,SC+S3,8,37,8_037.png,0.9841995138311949
VF,SC+S3,8,38,8_038.png,0.9826145101972584
VF,SC+S3,8,39,8_039.png,0.9816805662625272
VF,SC+S3,8,40,8_040.png,0.9827595658370792
VF,SC+S3,8,41,8_041.png,0.9808033901745838
VF,SC+S3,8,42,8_042.png,0.9815606381439638
VF,SC+S3,8,43,8_043.png,0.9816883579741671
VF,SC+S3,8,44,8_044.png,0.9826322801674915
VF,SC+S3,8,45,8_045.png,0.9838345298458758
VF,SC+S3,8,46,8_046.png,0.9765861607760542
VF,SC+S3,8,47,8_047.png,0.9814804437969293
VF,SC+S3,8,48,8_048.png,0.9761642135741615
VF,SC+S3,8,49,8_049.png,0.9781779213820649
VF,SC+S3,8,50,8_050.png,0.9773391195690718
VF,SC+S3,8,51,8_051.png,0.9770433487756452
VF,SC+S3,8,52,8_052.png,0.9803586678052946
VF,SC+S3,8,53,8_053.png,0.9807802742085995
VF,SC+S3,8,54,8_054.png,0.97809658446341
VF,SC+S3,8,55,8_055.png,0.9793807942329184
VF,SC+S3,8,56,8_056.png,0.9796088639700975
VF,SC+S3,8,57,8_057.png,0.9797132345356394
VF,SC+S3,8,58,8_058.png,0.8878569035476306
VF,SC+S3,8,59,8_059.png,0.9840627741495273
VF,SC+S3,8,60,8_060.png,0.9863103592847117
VF,SC+S3,8,61,8_061.png,0.9834337055877137
VF,SC+S3,8,62,8_062.png,0.9816716954484176
VF,SC+S3,8,63,8_063.png,0.9827485946888932
VF,SC+S3,8,64,8_064.png,0.9827978469563288
VF,SC+S3,8,65,8_065.png,0.9836351625889597
VF,SC+S3,8,66,8_066.png,0.9823364549866703
VF,SC+S3,8,67,8_067.png,0.9812302088631478
VF,SC+S3,8,68,8_068.png,0.9767463843463465
VF,SC+S3,8,69,8_069.png,0.9767228021182761
VF,SC+S3,8,70,8_070.png,0.977916194790487
VF,SC+S3,8,71,8_071.png,0.9766580214894406
VF,SC+S3,8,72,8_072.png,0.9768952811548799
VF,SC+S3,8,73,8_073.png,0.9776107899807321
VF,SC+S3,8,74,8_074.png,0.9796560363177426
VF,SC+S3,8,75,8_075.png,0.97890340735961
VF,SC+S3,8,76,8_076.png,0.9772742508547295
VF,SC+S3,8,77,8_077.png,0.9781197546085174
VF,SC+S3,8,78,8_078.png,0.979706877113867
VF,SC+S3,8,79,8_079.png,0.9778016116058198
VF,SC+S3,8,80,8_080.png,0.9776419436409612
VF,SC+S3,8,81,8_081.png,0.9792840058637451
VF,SC+S3,8,82,8_082.png,0.9769072689137942
VF,SC+S3,8,83,8_083.png,0.9795114100606611
VF,SC+S3,8,84,8_084.png,0.9793432639288947
VF,SC+S3,8,85,8_085.png,0.9848581013691178
VF,SC+S3,8,86,8_086.png,0.986975022486681
VF,SC+S3,8,87,8_087.png,0.9840761829962694
VF,SC+S3,8,88,8_088.png,0.9839447777265036
VF,SC+S3,8,89,8_089.png,0.9823096566090989
VF,SC+S3,8,90,8_090.png,0.983822707394864
VF,SC+S3,8,91,8_091.png,0.9829539970270844
VF,SC+S3,8,92,8_092.png,0.9813222650459532
VF,SC+S3,8,93,8_093.png,0.9812188148231205
VF,SC+S3,8,94,8_094.png,0.9757622866833905
VF,SC+S3,8,95,8_095.png,0.9796861211565414
VF,SC+S3,8,96,8_096.png,0.9731374648110701
VF,SC+S3,8,97,8_097.png,0.97717017208413
VF,SC+S3,8,98,8_098.png,0.9795211829597466
VF,SC+S3,8,99,8_099.png,0.9792885481810235
VF,SC+S3,8,100,8_100.png,0.9763283575202455
VF,SC+S3,8,101,8_101.png,0.9663442940038685
VF,SC+S3,8,102,8_102.png,0.9548141086749286
VF,SC+S3,8,103,8_103.png,0.9734915191398646
VF,SC+S3,8,104,8_104.png,0.9687698592827962
VF,SC+S3,8,105,8_105.png,0.9723330442324372
VF,SC+S3,8,106,8_106.png,0.9710170231340026
VF,SC+S3,8,107,8_107.png,0.9717851329354313
VF,SC+S3,8,108,8_108.png,0.9658706194528319
VF,SC+S3,8,109,8_109.png,0.9697327758589347
VF,SC+S3,8,110,8_110.png,0.9729560731592934
VF,SC+S3,8,111,8_111.png,0.967800062676277
VF,SC+S3,8,112,8_112.png,0.9662027833001988
VF,SC+S3,8,113,8_113.png,0.9710343776202455
VF,SC+S3,8,114,8_114.png,0.970535264029969
VF,SC+S3,8,115,8_115.png,0.9676281067812212
VF,SC+S3,8,116,8_116.png,0.9703327323389608
VF,SC+S3,8,117,8_117.png,0.9721448467966574
VF,SC+S3,8,118,8_118.png,0.9646439317953862
VF,SC+S3,8,119,8_119.png,0.9666695375075359
VF,SC+S3,8,120,8_120.png,0.9653964082347788
VF,SC+S3,8,121,8_121.png,0.9648086082201447
VF,SC+S3,8,122,8_122.png,0.962557781201849
VF,SC+S3,8,123,8_123.png,0.9706715675013401
VF,SC+S3,8,124,8_124.png,0.9644234020967196
VF,SC+S3,8,125,8_125.png,0.9676005336382695
VF,SC+S3,8,126,8_126.png,0.9672909522553416
VF,SC+S3,8,127,8_127.png,0.9697132136156527
VF,SC+S3,8,128,8_128.png,0.969460421802246
VF,SC+S3,8,129,8_129.png,0.969932716568545
VF,SC+S3,8,130,8_130.png,0.9719843711031674
VF,SC+S3,8,131,8_131.png,0.9730073039060019
VF,SC+S3,8,132,8_132.png,0.9742097814121717
VF,SC+S3,8,133,8_133.png,0.9707222865971418
VF,SC+S3,8,134,8_134.png,0.975354381443299
VF,SC+S3,8,135,8_135.png,0.9361022364217252
VF,SC+S3,8,136,8_136.png,0.8961114335461404
VF,SC+S3,8,137,8_137.png,0.9021428571428571
VF,SC+S3,8,138,8_138.png,0.9606162822499772
VF,SC+S3,8,139,8_139.png,0.9718036699985081
VF,SC+S3,8,140,8_140.png,0.971145048912661
VF,SC+S3,8,141,8_141.png,0.9729674796747968
VF,SC+S3,8,142,8_142.png,0.9656410951477366
VF,SC+S3,8,143,8_143.png,0.9695070422535211
VF,SC+S3,8,144,8_144.png,0.9729622895090521
VF,SC+S3,8,145,8_145.png,0.9698983879593552
VF,SC+S3,8,146,8_146.png,0.9544344374904594
VF,SC+S3,8,147,8_147.png,0.9623217145908016
VF,SC+S3,8,148,8_148.png,0.9554523903595417
VF,SC+S3,8,149,8_149.png,0.9644187008688456
VF,SC+S3,8,150,8_150.png,0.9550253807106599
VF,SC+S3,8,151,8_151.png,0.9649956784788245
VF,SC+S3,8,152,8_152.png,0.9613799088739423
VF,SC+S3,8,153,8_153.png,0.9627616200054363
VF,SC+S3,8,154,8_154.png,0.9690354841811712
VF,SC+S3,8,155,8_155.png,0.97425
VF,SC+S3,8,156,8_156.png,0.9667416452442159
VF,SC+S3,8,157,8_157.png,0.9643070617368287
VF,SC+S3,8,158,8_158.png,0.9603012848914488
VF,SC+S3,8,159,8_159.png,0.9699970440437482
VF,SC+S3,8,160,8_160.png,0.9692217067962595
VF,SC+S3,8,161,8_161.png,0.9681940700808626
VF,SC+S3,8,162,8_162.png,0.9401579586877278
VF,SC+S3,8,163,8_163.png,0.9380868544600939
VF,SC+S3,8,164,8_164.png,0.9519557823129252
VF,SC+S3,8,165,8_165.png,0.9659658145515051
VF,SC+S3,8,166,8_166.png,0.9463324837156613
VF,SC+S3,8,167,8_167.png,0.9591173683498037
VF,SC+S3,8,168,8_168.png,0.9527676275544729
VF,SC+S3,8,169,8_169.png,0.9563421828908555
VF,SC+S3,8,170,8_170.png,0.9664791901012374
VF,SC+S3,8,171,8_171.png,0.9614064164792234
VF,SC+S3,8,172,8_172.png,0.9605987445678417
VF,SC+S3,8,173,8_173.png,0.967421361908054
VF,SC+S3,8,174,8_174.png,0.9580069229367827
VF,SC+S3,8,175,8_175.png,0.9640512975865899
VF,SC+S3,8,176,8_176.png,0.9635627530364372
VF,SC+S3,8,177,8_177.png,0.9705288655631813
VF,SC+S3,8,178,8_178.png,0.9679174788823912
VF,SC+S3,8,179,8_179.png,0.9681505932732626
VF,SC+S3,8,180,8_180.png,0.9648118607488037
VF,SC+S3,8,181,8_181.png,0.9613508788073986
VF,SC+S3,8,182,8_182.png,0.9639276587379595
VF,SC+S3,8,183,8_183.png,0.9628382591345555
VF,SC+S3,8,184,8_184.png,0.9642857142857143
VF,SC+S3,8,185,8_185.png,0.9433519989581977
VF,SC+S3,8,186,8_186.png,0.9569200297103243
VF,SC+S3,8,187,8_187.png,0.9488759970993473
VF,SC+S3,8,188,8_188.png,0.9588623046875
VF,SC+S3,8,189,8_189.png,0.9574752309918736
VF,SC+S3,8,190,8_190.png,0.9665801427644387
VF,SC+S3,8,191,8_191.png,0.9683041063065025
VF,SC+S3,8,192,8_192.png,0.9661846496106785
VF,SC+S3,8,193,8_193.png,0.9671742808798647
VF,SC+S3,8,194,8_194.png,0.9630594364196069
VF,SC+S3,8,195,8_195.png,0.9616591928251121
VF,SC+S3,8,196,8_196.png,0.9629474126167734
VF,SC+S3,8,197,8_197.png,0.9609400860642171
VF,SC+S3,8,198,8_198.png,0.9680247550283652
VF,SC+S3,8,199,8_199.png,0.9663426265590609
VF,SC+S3,8,200,8_200.png,0.9616650360224139
VF,SC+S3,8,201,8_201.png,0.9676451508271164
VF,SC+S3,8,202,8_202.png,0.9669984284965951
VF,SC+S3,8,203,8_203.png,0.9672984309460929
VF,SC+S3,8,204,8_204.png,0.9647496831432193
VF,SC+S3,8,205,8_205.png,0.9628910798851021
VF,SC+S3,8,206,8_206.png,0.9611289001414849
VF,SC+S3,8,207,8_207.png,0.9637234770704997
VF,SC+S3,8,208,8_208.png,0.9590402326708677
VF,SC+S3,8,209,8_209.png,0.9602134885977681
VF,SC+S3,8,210,8_210.png,0.9602376599634369
VF,SC+S3,8,211,8_211.png,0.9658753709198813
VF,SC+S3,8,212,8_212.png,0.9410821304971723
VF,SC+S3,9,0,9_000.png,0.010904281513373573
VF,SC+S3,9,1,9_001.png,0.009843583654082385
VF,SC+S3,9,2,9_002.png,0.014058156938208253
VF,SC+S3,9,3,9_003.png,0.007578787013234314
VF,SC+S3,9,4,9_004.png,0.007445118566862524
VF,SC+S3,9,5,9_005.png,0.006198347107438017
VF,SC+S3,9,6,9_006.png,0.006102766798418972
VF,SC+S3,9,7,9_007.png,0.030368426772655995
VF,SC+S3,9,8,9_008.png,0.005581123529841478
VF,SC+S3,9,9,9_009.png,0.007936163753848823
VF,SC+S3,9,10,9_010.png,0.007352941176470588
VF,SC+S3,9,11,9_011.png,0.0065390204290965035
VF,SC+S3,9,12,9_012.png,0.004160202106188129
VF,SC+S3,9,13,9_013.png,0.007640978673295826
VF,SC+S3,9,14,9_014.png,0.005963647678066741
VF,SC+S3,9,15,9_015.png,0.007460202687968415
VF,SC+S3,9,16,9_016.png,0.0076117008567430115
VF,SC+S3,9,17,9_017.png,0.006857580963468828
VF,SC+S3,9,18,9_018.png,0.004455769723542977
VF,SC+S3,9,19,9_019.png,0.0037941226624225543
VF,SC+S3,9,20,9_020.png,0.005845867576368429
VF,SC+S3,9,21,9_021.png,0.008907465677296137
VF,SC+S3,9,22,9_022.png,0.0072067012962702985
VF,SC+S3,9,23,9_023.png,0.010907084876664828
VF,SC+S3,9,24,9_024.png,0.00571314484050804
VF,SC+S3,9,25,9_025.png,0.0
VF,SC+S3,9,26,9_026.png,0.0053242825891133706
VF,SC+S3,9,27,9_027.png,0.004566785298100847
VF,SC+S3,9,28,9_028.png,0.003303964757709251
VF,SC+S3,9,29,9_029.png,0.006457524324796021
VF,SC+S3,9,30,9_030.png,0.009920486924350692
VF,SC+S3,9,31,9_031.png,0.007183768566158625
VF,SC+S3,9,32,9_032.png,0.007554614570301222
VF,SC+S3,9,33,9_033.png,0.00985478465930247
VF,SC+S3,9,34,9_034.png,0.011911051342394698
VF,SC+S3,9,35,9_035.png,0.01381138745107941
VF,SC+S3,9,36,9_036.png,0.007840833631302039
VF,SC+S3,9,37,9_037.png,0.01006361741801031
VF,SC+S3,9,38,9_038.png,0.009488768396591789
VF,SC+S3,9,39,9_039.png,0.007253490401396161
VF,SC+S3,9,40,9_040.png,0.008329133398763892
VF,SC+S3,9,41,9_041.png,0.007605820105820105
VF,SC+S3,9,42,9_042.png,0.007010441608452025
VF,SC+S3,9,43,9_043.png,0.007300201648926666
VF,SC+S3,9,44,9_044.png,0.004319492646875234
VF,SC+S3,9,45,9_045.png,0.01190076728631188
VF,SC+S3,9,46,9_046.png,0.009325535710253574
VF,SC+S3,9,47,9_047.png,0.00999721107845451
VF,SC+S3,9,48,9_048.png,0.01114300903774588
VF,SC+S3,9,49,9_049.png,0.00841817990973024
VF,SC+S3,9,50,9_050.png,0.007429553111264809
VF,SC+S3,9,51,9_051.png,0.007275666936135812
VF,SC+S3,9,52,9_052.png,0.01182033096926714
VF,SC+S3,9,53,9_053.png,0.009456147733742605
VF,SC+S3,9,54,9_054.png,0.015978869187719024
VF,SC+S3,9,55,9_055.png,0.007635822497621429
VF,SC+S3,9,56,9_056.png,0.008705770805499289
VF,SC+S3,9,57,9_057.png,0.01156293475038201
VF,SC+S3,9,58,9_058.png,0.008919914679076983
VF,SC+S3,9,59,9_059.png,0.011561458861946473
VF,SC+S3,9,60,9_060.png,0.011098103488644345
VF,SC+S3,9,61,9_061.png,0.009069547840217846
VF,SC+S3,9,62,9_062.png,0.009022214881493105
VF,SC+S3,9,63,9_063.png,0.010576545683653866
VF,SC+S3,9,64,9_064.png,0.007866095837416825
VF,SC+S3,9,65,9_065.png,0.007433380084151473
VF,SC+S3,9,66,9_066.png,0.009632301196340605
VF,SC+S3,9,67,9_067.png,0.008591299604527479
VF,SC+S3,9,68,9_068.png,0.007956396441548679
VF,SC+S3,9,69,9_069.png,0.006856501917649613
VF,SC+S3,9,70,9_070.png,0.009580028690619486
VF,SC+S3,9,71,9_071.png,0.007445599354275454
VF,SC+S3,9,72,9_072.png,0.005609537812440069
VF,SC+S3,9,73,9_073.png,0.006534646896871994
VF,SC+S3,9,74,9_074.png,0.004579798987810963
VF,SC+S3,9,75,9_075.png,0.009241686607805924
VF,SC+S3,9,76,9_076.png,0.009990233580206722
VF,SC+S3,9,77,9_077.png,0.011550324852886488
VF,SC+S3,9,78,9_078.png,0.006827318256338851
VF,SC+S3,9,79,9_079.png,0.005515604272847867
VF,SC+S3,9,80,9_080.png,0.0026510130657072524
VF,SC+S3,9,81,9_081.png,0.005193148688046647
VF,SC+S3,9,82,9_082.png,0.0033924105686636945
VF,SC+S3,9,83,9_083.png,0.012665162039573153
VF,SC+S3,9,84,9_084.png,0.009940031216626961
VF,SC+S3,9,85,9_085.png,0.011181591329028325
VF,SC+S3,9,86,9_086.png,0.01970307412108836
VF,SC+S3,9,87,9_087.png,0.005500962242621387
VF,SC+S3,9,88,9_088.png,0.010149099498080898
VF,SC+S3,9,89,9_089.png,0.009011583600060966
VF,SC+S3,9,90,9_090.png,0.009280788177339901
VF,SC+S3,9,91,9_091.png,0.009475175041391554
VF,SC+S3,9,92,9_092.png,0.004002654610311502
VF,SC+S3,9,93,9_093.png,0.005722519555372581
VF,SC+S3,9,94,9_094.png,0.006711662456166811
VF,SC+S3,9,95,9_095.png,0.008811758582940005
VF,SC+S3,9,96,9_096.png,0.008948426464570992
VF,SC+S3,9,97,9_097.png,0.005892114635192333
VF,SC+S3,9,98,9_098.png,0.007861699102100515
VF,SC+S3,9,99,9_099.png,0.008183548318883484
VF,SC+S3,9,100,9_100.png,0.006827225920826811
VF,SC+S3,9,101,9_101.png,0.00834093812739551
VF,SC+S3,9,102,9_102.png,0.005161434061751546
VF,SC+S3,9,103,9_103.png,0.005373475609756097
VF,SC+S3,9,104,9_104.png,0.008872738005201896
VF,SC+S3,9,105,9_105.png,0.0034693672916875566
VF,SC+S3,9,106,9_106.png,0.004280745563185588
VF,SC+S3,9,107,9_107.png,0.0047053649956024625
VF,SC+S3,9,108,9_108.png,0.009250152840169055
VF,SC+S3,9,109,9_109.png,0.009058684521465145
VF,SC+S3,9,110,9_110.png,0.008544556687088908
VF,SC+S3,9,111,9_111.png,0.006515415939499709
VF,SC+S3,9,112,9_112.png,0.008655785805978361
VF,SC+S3,9,113,9_113.png,0.010128101069273388
VF,SC+S3,9,114,9_114.png,0.01343161022913897
VF,SC+S3,9,115,9_115.png,0.01429190125595496
VF,SC+S3,9,116,9_116.png,0.03170235674123699
VF,SC+S3,9,117,9_117.png,0.010561423012784881
VF,SC+S3,9,118,9_118.png,0.025199633459876948
VF,SC+S3,9,119,9_119.png,0.020742059145673602
VF,SC+S3,9,120,9_120.png,0.021290230703503277
VF,SC+S3,9,121,9_121.png,0.019464393583461977
VF,SC+S3,9,122,9_122.png,0.017670246024194643
VF,SC+S3,9,123,9_123.png,0.008546419463781102
VF,SC+S3,9,124,9_124.png,0.00968266308573044
VF,SC+S3,9,125,9_125.png,0.009254573060516231
VF,SC+S3,9,126,9_126.png,0.009768256534626785
VF,SC+S3,9,127,9_127.png,0.012439755112674221
VF,SC+S3,9,128,9_128.png,0.012697590049235553
VF,SC+S3,9,129,9_129.png,0.013371284834844774
VF,SC+S3,9,130,9_130.png,0.014522821576763486
VF,SC+S3,9,131,9_131.png,0.013178078371217403
VF,SC+S3,9,132,9_132.png,0.01691483803552769
VF,SC+S3,9,133,9_133.png,0.014530394496700828
VF,SC+S3,9,134,9_134.png,0.012606005042402018
VF,SC+S3,9,135,9_135.png,0.013604894541941717
VF,SC+S3,9,136,9_136.png,0.020293122886133032
VF,SC+S3,9,137,9_137.png,0.011780665429101814
VF,SC+S3,9,138,9_138.png,0.01733517081308479
VF,SC+S3,9,139,9_139.png,0.015368389332529757
VF,SC+S3,9,140,9_140.png,0.027530707327403644
VF,SC+S3,9,141,9_141.png,0.013716419121824527
VF,SC+S3,9,142,9_142.png,0.013904805561922225
VF,SC+S3,9,143,9_143.png,0.0119608282873589
VF,SC+S3,9,144,9_144.png,0.017771902768598077
VF,SC+S3,9,145,9_145.png,0.02646669607410675
VF,SC+S3,9,146,9_146.png,0.018732415222863914
VF,SC+S3,9,147,9_147.png,0.015090474564697849
VF,SC+S3,9,148,9_148.png,0.013750429700928154
VF,SC+S3,9,149,9_149.png,0.015673334708187256
VF,SC+S3,9,150,9_150.png,0.017814266904190225
VF,SC+S3,9,151,9_151.png,0.015284677111196026
VF,SC+S3,9,152,9_152.png,0.014292230500228067
VF,SC+S3,9,153,9_153.png,0.019872306464485234
VF,SC+S3,9,154,9_154.png,0.013832315003394434
VF,SC+S3,9,155,9_155.png,0.018616822429906543
VF,SC+S3,9,156,9_156.png,0.01976761732307228
VF,SC+S3,9,157,9_157.png,0.02220618887285554
VF,SC+S3,9,158,9_158.png,0.016875063535630782
VF,SC+S3,9,159,9_159.png,0.017616267364606402
VF,SC+S3,9,160,9_160.png,0.01802096985583224
VF,SC+S3,9,161,9_161.png,0.019532112116530567
VF,SC+S3,9,162,9_162.png,0.023909674562762894
VF,SC+S3,9,163,9_163.png,0.021994773519163763
VF,SC+S3,9,164,9_164.png,0.021007946010667248
VF,SC+S3,9,165,9_165.png,0.018656336017942705
VF,SC+S3,9,166,9_166.png,0.024166314900802024
VF,SC+S3,9,167,9_167.png,0.02880614531099968
VF,SC+S3,9,168,9_168.png,0.024707846410684475
VF,SC+S3,9,169,9_169.png,0.020547167669428993
VF,SC+S3,9,170,9_170.png,0.020122855327261175
VF,SC+S3,9,171,9_171.png,0.02042746358993758
VF,SC+S3,9,172,9_172.png,0.015472553464078052
VF,SC+S3,9,173,9_173.png,0.019104021396503964
VF,SC+S3,9,174,9_174.png,0.017443962400578453
VF,SC+S3,9,175,9_175.png,0.01741641054298221
VF,SC+S3,9,176,9_176.png,0.028036512667660208
VF,SC+S3,9,177,9_177.png,0.021845574387947268
VF,SC+S3,9,178,9_178.png,0.015412186379928316
VF,SC+S3,9,179,9_179.png,0.014091035505701307
VF,SC+S3,9,180,9_180.png,0.014750762970498474
VF,SC+S3,9,181,9_181.png,0.012061666267273743
VF,SC+S3,9,182,9_182.png,0.013720233401671661
VF,SC+S3,9,183,9_183.png,0.01791140252678714
VF,SC+S3,9,184,9_184.png,0.009909776660257358
VF,SC+S3,9,185,9_185.png,0.011728567439262776
VF,SC+S3,9,186,9_186.png,0.012913812785388128
VF,SC+S3,9,187,9_187.png,0.009900381256917968
VF,SC+S3,9,188,9_188.png,0.010351839300018486
VF,SC+S3,9,189,9_189.png,0.009788229500123122
VF,SC+S3,9,190,9_190.png,0.015798551224560194
VF,SC+S3,9,191,9_191.png,0.010213210079021918
VF,SC+S3,9,192,9_192.png,0.012987934705464868
VF,SC+S3,9,193,9_193.png,0.014488164040851872
VF,SC+S3,9,194,9_194.png,0.01651722510618216
VF,SC+S3,9,195,9_195.png,0.018445866886915824
VF,SC+S3,9,196,9_196.png,0.012853470437017995
VF,SC+S3,9,197,9_197.png,0.01412329637737448
VF,SC+S3,9,198,9_198.png,0.012841987716359575
VF,SC+S3,9,199,9_199.png,0.017068645640074213
VF,SC+S3,9,200,9_200.png,0.018912975180647187
VF,SC+S3,9,201,9_201.png,0.018060435699226985
VF,SC+S3,9,202,9_202.png,0.018702558885671804
VF,SC+S3,9,203,9_203.png,0.016056196688409432
VF,SC+S3,9,204,9_204.png,0.015329279780765608
VF,SC+S3,9,205,9_205.png,0.017111892765472002
VF,SC+S3,9,206,9_206.png,0.01617100371747212
VF,SC+S3,9,207,9_207.png,0.015940396777267607
VF,SC+S3,9,208,9_208.png,0.021548763736263736
VF,SC+S3,9,209,9_209.png,0.016109400730292833
VF,SC+S3,9,210,9_210.png,0.01073279052553664
VF,SC+S3,9,211,9_211.png,0.012203058900097624
VF,SC+S3,9,212,9_212.png,0.014313876746378676
VF,SC+S3,9,213,9_213.png,0.015180630284396618
VF,SC+S3,9,214,9_214.png,0.016094088517486844
VF,SC+S3,9,215,9_215.png,0.01752150366358713
VF,SC+S3,9,216,9_216.png,0.01684100418410042
VF,SC+S3,9,217,9_217.png,0.02175848086242706
VF,SC+S3,9,218,9_218.png,0.015427215189873418
VF,SC+S3,9,219,9_219.png,0.019158601619593128
VF,SC+S3,9,220,9_220.png,0.017040446577220644
VF,SC+S3,9,221,9_221.png,0.015562344853924001
VF,SC+S3,9,222,9_222.png,0.016985138004246284
VF,SC+S3,9,223,9_223.png,0.018788244419546667
VF,SC+S3,9,224,9_224.png,0.01701605122357688
VF,SC+S3,9,225,9_225.png,0.01896858328393598
VF,SC+S3,9,226,9_226.png,0.022029072381237823
VF,SC+S3,9,227,9_227.png,0.01807980049875312
