partition,method,scene,frame,iou
FKIT,S+X2_M3_r1,aguacate,0,0.866385
FKIT,S+X2_M3_r1,aguacate,1,0.917067
FKIT,S+X2_M3_r1,aguacate,2,0.903035
FKIT,S+X2_M3_r1,aguacate,3,0.898922
FKIT,S+X2_M3_r1,aguacate,4,0.902138
FKIT,S+X2_M3_r1,aguacate,5,0.930070
FKIT,S+X2_M3_r1,aguacate,6,0.930611
FKIT,S+X2_M3_r1,aguacate,7,0.889492
FKIT,S+X2_M3_r1,aguacate,8,0.889986
FKIT,S+X2_M3_r1,aguacate,9,0.921104
FKIT,S+X2_M3_r1,aguacate,10,0.922872
FKIT,S+X2_M3_r1,aguacate,11,0.900724
FKIT,S+X2_M3_r1,aguacate,12,0.907777
FKIT,S+X2_M3_r1,aguacate,13,0.901514
FKIT,S+X2_M3_r1,aguacate,14,0.900167
FKIT,S+X2_M3_r1,aguacate,15,0.886421
FKIT,S+X2_M3_r1,aguacate,16,0.887182
FKIT,S+X2_M3_r1,aguacate,17,0.882752
FKIT,S+X2_M3_r1,aguacate,18,0.892479
FKIT,S+X2_M3_r1,aguacate,19,0.892458
FKIT,S+X2_M3_r1,aguacate,20,0.892767
FKIT,S+X2_M3_r1,aguacate,21,0.873730
FKIT,S+X2_M3_r1,aguacate,22,0.874376
FKIT,S+X2_M3_r1,aguacate,23,0.874391
FKIT,S+X2_M3_r1,aguacate,24,0.877184
FKIT,S+X2_M3_r1,aguacate,25,0.878405
FKIT,S+X2_M3_r1,aguacate,26,0.887199
FKIT,S+X2_M3_r1,aguacate,27,0.887039
FKIT,S+X2_M3_r1,aguacate,28,0.885369
FKIT,S+X2_M3_r1,aguacate,29,0.892151
FKIT,S+X2_M3_r1,aguacate,30,0.891207
FKIT,S+X2_M3_r1,aguacate,31,0.882196
FKIT,S+X2_M3_r1,aguacate,32,0.882580
FKIT,S+X2_M3_r1,aguacate,33,0.884662
FKIT,S+X2_M3_r1,aguacate,34,0.874181
FKIT,S+X2_M3_r1,aguacate,35,0.880659
FKIT,S+X2_M3_r1,aguacate,36,0.880382
FKIT,S+X2_M3_r1,aguacate,37,0.883448
FKIT,S+X2_M3_r1,aguacate,38,0.883088
FKIT,S+X2_M3_r1,aguacate,39,0.874637
FKIT,S+X2_M3_r1,aguacate,40,0.878274
FKIT,S+X2_M3_r1,aguacate,41,0.874341
FKIT,S+X2_M3_r1,aguacate,42,0.880288
FKIT,S+X2_M3_r1,aguacate,43,0.874388
FKIT,S+X2_M3_r1,aguacate,44,0.875942
FKIT,S+X2_M3_r1,aguacate,45,0.875167
FKIT,S+X2_M3_r1,aguacate,46,0.878378
FKIT,S+X2_M3_r1,aguacate,47,0.876047
FKIT,S+X2_M3_r1,aguacate,48,0.870006
FKIT,S+X2_M3_r1,aguacate,49,0.872428
FKIT,S+X2_M3_r1,aguacate,50,0.871675
FKIT,S+X2_M3_r1,aguacate,51,0.867356
FKIT,S+X2_M3_r1,aguacate,52,0.873552
FKIT,S+X2_M3_r1,aguacate,53,0.875536
FKIT,S+X2_M3_r1,aguacate,54,0.873249
FKIT,S+X2_M3_r1,aguacate,55,0.875680
FKIT,S+X2_M3_r1,aguacate,56,0.877915
FKIT,S+X2_M3_r1,aguacate,57,0.878715
FKIT,S+X2_M3_r1,aguacate,58,0.878727
FKIT,S+X2_M3_r1,aguacate,59,0.869983
FKIT,S+X2_M3_r1,aguacate,60,0.872387
FKIT,S+X2_M3_r1,aguacate,61,0.875699
FKIT,S+X2_M3_r1,aguacate,62,0.872738
FKIT,S+X2_M3_r1,aguacate,63,0.871459
FKIT,S+X2_M3_r1,aguacate,64,0.876408
FKIT,S+X2_M3_r1,aguacate,65,0.871202
FKIT,S+X2_M3_r1,aguacate,66,0.873375
FKIT,S+X2_M3_r1,aguacate,67,0.866387
FKIT,S+X2_M3_r1,aguacate,68,0.874324
FKIT,S+X2_M3_r1,aguacate,69,0.867573
FKIT,S+X2_M3_r1,aguacate,70,0.865658
FKIT,S+X2_M3_r1,aguacate,71,0.875922
FKIT,S+X2_M3_r1,aguacate,72,0.877258
FKIT,S+X2_M3_r1,aguacate,73,0.863756
FKIT,S+X2_M3_r1,aguacate,74,0.872458
FKIT,S+X2_M3_r1,aguacate,75,0.872984
FKIT,S+X2_M3_r1,aguacate,76,0.873954
FKIT,S+X2_M3_r1,aguacate,77,0.869744
FKIT,S+X2_M3_r1,aguacate,78,0.861288
FKIT,S+X2_M3_r1,aguacate,79,0.868660
FKIT,S+X2_M3_r1,aguacate,80,0.871209
FKIT,S+X2_M3_r1,aguacate,81,0.867870
FKIT,S+X2_M3_r1,aguacate,82,0.864768
FKIT,S+X2_M3_r1,aguacate,83,0.871384
FKIT,S+X2_M3_r1,aguacate,84,0.873644
FKIT,S+X2_M3_r1,aguacate,85,0.869162
FKIT,S+X2_M3_r1,aguacate,86,0.868228
FKIT,S+X2_M3_r1,aguacate,87,0.866939
FKIT,S+X2_M3_r1,aguacate,88,0.865859
FKIT,S+X2_M3_r1,aguacate,89,0.865445
FKIT,S+X2_M3_r1,aguacate,90,0.871644
FKIT,S+X2_M3_r1,aguacate,91,0.871830
FKIT,S+X2_M3_r1,aguacate,92,0.859360
FKIT,S+X2_M3_r1,aguacate,93,0.858881
FKIT,S+X2_M3_r1,aguacate,94,0.867133
FKIT,S+X2_M3_r1,aguacate,95,0.870308
FKIT,S+X2_M3_r1,aguacate,96,0.867400
FKIT,S+X2_M3_r1,aguacate,97,0.869647
FKIT,S+X2_M3_r1,aguacate,98,0.871049
FKIT,S+X2_M3_r1,aguacate,99,0.867940
FKIT,S+X2_M3_r1,aguacate,100,0.865962
FKIT,S+X2_M3_r1,aguacate,101,0.858854
FKIT,S+X2_M3_r1,aguacate,102,0.857561
FKIT,S+X2_M3_r1,aguacate,103,0.863038
FKIT,S+X2_M3_r1,aguacate,104,0.864683
FKIT,S+X2_M3_r1,aguacate,105,0.864152
FKIT,S+X2_M3_r1,aguacate,106,0.863346
FKIT,S+X2_M3_r1,aguacate,107,0.862311
FKIT,S+X2_M3_r1,aguacate,108,0.852622
FKIT,S+X2_M3_r1,aguacate,109,0.850995
FKIT,S+X2_M3_r1,aguacate,110,0.855495
FKIT,S+X2_M3_r1,aguacate,111,0.858404
FKIT,S+X2_M3_r1,aguacate,112,0.848504
FKIT,S+X2_M3_r1,aguacate,113,0.852643
FKIT,S+X2_M3_r1,aguacate,114,0.851353
FKIT,S+X2_M3_r1,aguacate,115,0.848415
FKIT,S+X2_M3_r1,aguacate,116,0.848868
FKIT,S+X2_M3_r1,aguacate,117,0.850477
FKIT,S+X2_M3_r1,aguacate,118,0.841422
FKIT,S+X2_M3_r1,aguacate,119,0.846178
FKIT,S+X2_M3_r1,aguacate,120,0.837091
FKIT,S+X2_M3_r1,aguacate,121,0.851993
FKIT,S+X2_M3_r1,aguacate,122,0.851511
FKIT,S+X2_M3_r1,aguacate,123,0.850193
FKIT,S+X2_M3_r1,aguacate,124,0.854884
FKIT,S+X2_M3_r1,aguacate,125,0.834841
FKIT,S+X2_M3_r1,aguacate,126,0.847362
FKIT,S+X2_M3_r1,aguacate,127,0.847511
FKIT,S+X2_M3_r1,aguacate,128,0.849612
FKIT,S+X2_M3_r1,aguacate,129,0.841726
FKIT,S+X2_M3_r1,aguacate,130,0.841080
FKIT,S+X2_M3_r1,aguacate,131,0.844818
FKIT,S+X2_M3_r1,aguacate,132,0.844338
FKIT,S+X2_M3_r1,aguacate,133,0.838490
FKIT,S+X2_M3_r1,aguacate,134,0.848721
FKIT,S+X2_M3_r1,aguacate,135,0.845249
FKIT,S+X2_M3_r1,aguacate,136,0.838017
FKIT,S+X2_M3_r1,aguacate,137,0.839646
FKIT,S+X2_M3_r1,aguacate,138,0.847537
FKIT,S+X2_M3_r1,aguacate,139,0.847069
FKIT,S+X2_M3_r1,aguacate,140,0.844473
FKIT,S+X2_M3_r1,aguacate,141,0.851492
FKIT,S+X2_M3_r1,aguacate,142,0.837889
FKIT,S+X2_M3_r1,aguacate,143,0.837115
FKIT,S+X2_M3_r1,aguacate,144,0.846649
FKIT,S+X2_M3_r1,aguacate,145,0.845848
FKIT,S+X2_M3_r1,aguacate,146,0.843130
FKIT,S+X2_M3_r1,aguacate,147,0.831961
FKIT,S+X2_M3_r1,aguacate,148,0.841270
FKIT,S+X2_M3_r1,aguacate,149,0.836730
FKIT,S+X2_M3_r1,aguacate,150,0.841990
FKIT,S+X2_M3_r1,aguacate,151,0.840366
FKIT,S+X2_M3_r1,aguacate,152,0.838732
FKIT,S+X2_M3_r1,aguacate,153,0.837339
FKIT,S+X2_M3_r1,aguacate,154,0.840600
FKIT,S+X2_M3_r1,aguacate,155,0.837024
FKIT,S+X2_M3_r1,aguacate,156,0.837662
FKIT,S+X2_M3_r1,aguacate,157,0.838104
FKIT,S+X2_M3_r1,aguacate,158,0.840292
FKIT,S+X2_M3_r1,aguacate,159,0.832786
FKIT,S+X2_M3_r1,aguacate,160,0.834916
FKIT,S+X2_M3_r1,aguacate,161,0.838552
FKIT,S+X2_M3_r1,aguacate,162,0.840886
FKIT,S+X2_M3_r1,aguacate,163,0.838842
FKIT,S+X2_M3_r1,aguacate,164,0.841948
FKIT,S+X2_M3_r1,aguacate,165,0.836569
FKIT,S+X2_M3_r1,aguacate,166,0.837878
FKIT,S+X2_M3_r1,aguacate,167,0.835200
FKIT,S+X2_M3_r1,aguacate,168,0.838386
FKIT,S+X2_M3_r1,aguacate,169,0.840605
FKIT,S+X2_M3_r1,aguacate,170,0.837957
FKIT,S+X2_M3_r1,aguacate,171,0.840321
FKIT,S+X2_M3_r1,aguacate,172,0.839398
FKIT,S+X2_M3_r1,aguacate,173,0.841318
FKIT,S+X2_M3_r1,aguacate,174,0.846573
FKIT,S+X2_M3_r1,aguacate,175,0.841981
FKIT,S+X2_M3_r1,aguacate,176,0.840944
FKIT,S+X2_M3_r1,aguacate,177,0.840651
FKIT,S+X2_M3_r1,aguacate,178,0.837560
FKIT,S+X2_M3_r1,aguacate,179,0.843908
FKIT,S+X2_M3_r1,aguacate,180,0.842910
FKIT,S+X2_M3_r1,aguacate,181,0.842549
FKIT,S+X2_M3_r1,aguacate,182,0.842739
FKIT,S+X2_M3_r1,aguacate,183,0.845172
FKIT,S+X2_M3_r1,aguacate,184,0.840969
FKIT,S+X2_M3_r1,aguacate,185,0.831276
FKIT,S+X2_M3_r1,aguacate,186,0.849402
FKIT,S+X2_M3_r1,aguacate,187,0.853545
FKIT,S+X2_M3_r1,aguacate,188,0.851404
FKIT,S+X2_M3_r1,aguacate,189,0.845693
FKIT,S+X2_M3_r1,aguacate,190,0.849446
FKIT,S+X2_M3_r1,aguacate,191,0.854174
FKIT,S+X2_M3_r1,aguacate,192,0.853910
FKIT,S+X2_M3_r1,aguacate,193,0.851792
FKIT,S+X2_M3_r1,aguacate,194,0.857225
FKIT,S+X2_M3_r1,aguacate,195,0.854652
FKIT,S+X2_M3_r1,aguacate,196,0.854083
FKIT,S+X2_M3_r1,aguacate,197,0.851963
FKIT,S+X2_M3_r1,aguacate,198,0.846291
FKIT,S+X2_M3_r1,aguacate,199,0.851293
FKIT,S+X2_M3_r1,aguacate,200,0.849502
FKIT,S+X2_M3_r1,aguacate,201,0.858714
FKIT,S+X2_M3_r1,aguacate,202,0.855738
FKIT,S+X2_M3_r1,aguacate,203,0.854036
FKIT,S+X2_M3_r1,aguacate,204,0.853218
FKIT,S+X2_M3_r1,aguacate,205,0.851654
FKIT,S+X2_M3_r1,aguacate,206,0.849675
FKIT,S+X2_M3_r1,aguacate,207,0.846795
FKIT,S+X2_M3_r1,aguacate,208,0.843416
FKIT,S+X2_M3_r1,aguacate,209,0.850591
FKIT,S+X2_M3_r1,aguacate,210,0.847367
FKIT,S+X2_M3_r1,aguacate,211,0.857627
FKIT,S+X2_M3_r1,aguacate,212,0.858005
FKIT,S+X2_M3_r1,aguacate,213,0.859040
FKIT,S+X2_M3_r1,aguacate,214,0.846830
FKIT,S+X2_M3_r1,aguacate,215,0.847517
FKIT,S+X2_M3_r1,aguacate,216,0.850579
FKIT,S+X2_M3_r1,aguacate,217,0.845917
FKIT,S+X2_M3_r1,aguacate,218,0.851187
FKIT,S+X2_M3_r1,aguacate,219,0.853612
FKIT,S+X2_M3_r1,aguacate,220,0.851150
FKIT,S+X2_M3_r1,aguacate,221,0.856332
FKIT,S+X2_M3_r1,aguacate,222,0.846744
FKIT,S+X2_M3_r1,aguacate,223,0.856196
FKIT,S+X2_M3_r1,aguacate,224,0.859499
FKIT,S+X2_M3_r1,aguacate,225,0.852372
FKIT,S+X2_M3_r1,aguacate,226,0.851163
FKIT,S+X2_M3_r1,aguacate,227,0.851614
FKIT,S+X2_M3_r1,aguacate,228,0.854208
FKIT,S+X2_M3_r1,aguacate,229,0.851016
FKIT,S+X2_M3_r1,aguacate,230,0.853750
FKIT,S+X2_M3_r1,aguacate,231,0.853532
FKIT,S+X2_M3_r1,aguacate,232,0.850875
FKIT,S+X2_M3_r1,aguacate,233,0.852826
FKIT,S+X2_M3_r1,aguacate,234,0.857109
FKIT,S+X2_M3_r1,aguacate,235,0.856787
FKIT,S+X2_M3_r1,aguacate,236,0.854825
FKIT,S+X2_M3_r1,aguacate,237,0.857382
FKIT,S+X2_M3_r1,aguacate,238,0.856630
FKIT,S+X2_M3_r1,aguacate,239,0.855840
FKIT,S+X2_M3_r1,aguacate,240,0.852951
FKIT,S+X2_M3_r1,aguacate,241,0.863658
FKIT,S+X2_M3_r1,aguacate,242,0.864004
FKIT,S+X2_M3_r1,aguacate,243,0.864423
FKIT,S+X2_M3_r1,aguacate,244,0.859400
FKIT,S+X2_M3_r1,aguacate,245,0.850164
FKIT,S+X2_M3_r1,aguacate,246,0.851923
FKIT,S+X2_M3_r1,aguacate,247,0.849938
FKIT,S+X2_M3_r1,aguacate,248,0.850874
FKIT,S+X2_M3_r1,aguacate,249,0.852672
FKIT,S+X2_M3_r1,aguacate,250,0.854857
FKIT,S+X2_M3_r1,aguacate,251,0.850541
FKIT,S+X2_M3_r1,aguacate,252,0.847177
FKIT,S+X2_M3_r1,aguacate,253,0.853986
FKIT,S+X2_M3_r1,aguacate,254,0.857288
FKIT,S+X2_M3_r1,aguacate,255,0.852974
FKIT,S+X2_M3_r1,aguacate,256,0.852402
FKIT,S+X2_M3_r1,aguacate,257,0.858242
FKIT,S+X2_M3_r1,aguacate,258,0.846529
FKIT,S+X2_M3_r1,aguacate,259,0.853353
FKIT,S+X2_M3_r1,aguacate,260,0.854726
FKIT,S+X2_M3_r1,aguacate,261,0.857350
FKIT,S+X2_M3_r1,aguacate,262,0.859834
FKIT,S+X2_M3_r1,aguacate,263,0.853626
FKIT,S+X2_M3_r1,aguacate,264,0.856110
FKIT,S+X2_M3_r1,aguacate,265,0.855132
FKIT,S+X2_M3_r1,aguacate,266,0.854943
FKIT,S+X2_M3_r1,aguacate,267,0.862123
FKIT,S+X2_M3_r1,aguacate,268,0.856036
FKIT,S+X2_M3_r1,aguacate,269,0.852931
FKIT,S+X2_M3_r1,aguacate,270,0.852310
FKIT,S+X2_M3_r1,aguacate,271,0.856675
FKIT,S+X2_M3_r1,aguacate,272,0.859856
FKIT,S+X2_M3_r1,aguacate,273,0.856967
FKIT,S+X2_M3_r1,aguacate,274,0.858111
FKIT,S+X2_M3_r1,aguacate,275,0.858741
FKIT,S+X2_M3_r1,aguacate,276,0.856044
FKIT,S+X2_M3_r1,aguacate,277,0.856496
FKIT,S+X2_M3_r1,aguacate,278,0.857779
FKIT,S+X2_M3_r1,aguacate,279,0.860567
FKIT,S+X2_M3_r1,aguacate,280,0.858700
FKIT,S+X2_M3_r1,aguacate,281,0.857015
FKIT,S+X2_M3_r1,aguacate,282,0.855589
FKIT,S+X2_M3_r1,aguacate,283,0.854371
FKIT,S+X2_M3_r1,aguacate,284,0.858147
FKIT,S+X2_M3_r1,aguacate,285,0.861915
FKIT,S+X2_M3_r1,aguacate,286,0.859922
FKIT,S+X2_M3_r1,aguacate,287,0.857651
FKIT,S+X2_M3_r1,aguacate,288,0.859074
FKIT,S+X2_M3_r1,aguacate,289,0.857569
FKIT,S+X2_M3_r1,aguacate,290,0.858065
FKIT,S+X2_M3_r1,aguacate,291,0.861763
FKIT,S+X2_M3_r1,aguacate,292,0.862120
FKIT,S+X2_M3_r1,aguacate,293,0.861291
FKIT,S+X2_M3_r1,aguacate,294,0.863237
FKIT,S+X2_M3_r1,aguacate,295,0.861965
FKIT,S+X2_M3_r1,aguacate,296,0.859436
FKIT,S+X2_M3_r1,aguacate,297,0.857740
FKIT,S+X2_M3_r1,aguacate,298,0.860040
FKIT,S+X2_M3_r1,aguacate,299,0.857486
FKIT,S+X2_M3_r1,aguacate,300,0.862760
FKIT,S+X2_M3_r1,aguacate,301,0.857097
FKIT,S+X2_M3_r1,aguacate,302,0.858916
FKIT,S+X2_M3_r1,aguacate,303,0.859647
FKIT,S+X2_M3_r1,aguacate,304,0.865230
FKIT,S+X2_M3_r1,aguacate,305,0.862988
FKIT,S+X2_M3_r1,aguacate,306,0.862871
FKIT,S+X2_M3_r1,aguacate,307,0.863880
FKIT,S+X2_M3_r1,aguacate,308,0.862652
FKIT,S+X2_M3_r1,aguacate,309,0.862193
FKIT,S+X2_M3_r1,aguacate,310,0.863738
FKIT,S+X2_M3_r1,aguacate,311,0.866638
FKIT,S+X2_M3_r1,aguacate,312,0.868879
FKIT,S+X2_M3_r1,aguacate,313,0.868031
FKIT,S+X2_M3_r1,aguacate,314,0.868823
FKIT,S+X2_M3_r1,aguacate,315,0.869925
FKIT,S+X2_M3_r1,aguacate,316,0.868880
FKIT,S+X2_M3_r1,aguacate,317,0.866493
FKIT,S+X2_M3_r1,aguacate,318,0.866196
FKIT,S+X2_M3_r1,aguacate,319,0.868503
FKIT,S+X2_M3_r1,aguacate,320,0.872820
FKIT,S+X2_M3_r1,aguacate,321,0.874312
FKIT,S+X2_M3_r1,aguacate,322,0.874483
FKIT,S+X2_M3_r1,aguacate,323,0.875371
FKIT,S+X2_M3_r1,aguacate,324,0.874262
FKIT,S+X2_M3_r1,aguacate,325,0.873880
FKIT,S+X2_M3_r1,aguacate,326,0.869956
FKIT,S+X2_M3_r1,aguacate,327,0.869899
FKIT,S+X2_M3_r1,aguacate,328,0.867644
FKIT,S+X2_M3_r1,aguacate,329,0.874068
FKIT,S+X2_M3_r1,aguacate,330,0.870813
FKIT,S+X2_M3_r1,aguacate,331,0.875207
FKIT,S+X2_M3_r1,aguacate,332,0.880299
FKIT,S+X2_M3_r1,aguacate,333,0.875871
FKIT,S+X2_M3_r1,aguacate,334,0.877288
FKIT,S+X2_M3_r1,aguacate,335,0.875746
FKIT,S+X2_M3_r1,aguacate,336,0.875169
FKIT,S+X2_M3_r1,aguacate,337,0.878003
FKIT,S+X2_M3_r1,aguacate,338,0.874461
FKIT,S+X2_M3_r1,aguacate,339,0.874659
FKIT,S+X2_M3_r1,aguacate,340,0.870849
FKIT,S+X2_M3_r1,aguacate,341,0.873091
FKIT,S+X2_M3_r1,aguacate,342,0.874386
FKIT,S+X2_M3_r1,aguacate,343,0.871758
FKIT,S+X2_M3_r1,aguacate,344,0.875309
FKIT,S+X2_M3_r1,aguacate,345,0.872876
FKIT,S+X2_M3_r1,aguacate,346,0.870690
FKIT,S+X2_M3_r1,aguacate,347,0.874787
FKIT,S+X2_M3_r1,aguacate,348,0.869256
FKIT,S+X2_M3_r1,aguacate,349,0.869117
FKIT,S+X2_M3_r1,aguacate,350,0.869937
FKIT,S+X2_M3_r1,aguacate,351,0.876241
FKIT,S+X2_M3_r1,aguacate,352,0.873080
FKIT,S+X2_M3_r1,aguacate,353,0.877323
FKIT,S+X2_M3_r1,aguacate,354,0.877324
FKIT,S+X2_M3_r1,aguacate,355,0.874407
FKIT,S+X2_M3_r1,aguacate,356,0.875106
FKIT,S+X2_M3_r1,aguacate,357,0.876680
FKIT,S+X2_M3_r1,aguacate,358,0.870115
FKIT,S+X2_M3_r1,aguacate,359,0.870509
FKIT,S+X2_M3_r1,aguacate,360,0.873166
FKIT,S+X2_M3_r1,aguacate,361,0.869486
FKIT,S+X2_M3_r1,aguacate,362,0.871418
FKIT,S+X2_M3_r1,aguacate,363,0.871168
FKIT,S+X2_M3_r1,aguacate,364,0.874279
FKIT,S+X2_M3_r1,aguacate,365,0.871182
FKIT,S+X2_M3_r1,aguacate,366,0.868798
FKIT,S+X2_M3_r1,aguacate,367,0.868279
FKIT,S+X2_M3_r1,aguacate,368,0.866877
FKIT,S+X2_M3_r1,aguacate,369,0.867250
FKIT,S+X2_M3_r1,aguacate,370,0.867938
FKIT,S+X2_M3_r1,aguacate,371,0.872891
FKIT,S+X2_M3_r1,aguacate,372,0.869471
FKIT,S+X2_M3_r1,aguacate,373,0.873395
FKIT,S+X2_M3_r1,aguacate,374,0.874062
FKIT,S+X2_M3_r1,aguacate,375,0.872771
FKIT,S+X2_M3_r1,aguacate,376,0.869363
FKIT,S+X2_M3_r1,aguacate,377,0.874272
FKIT,S+X2_M3_r1,aguacate,378,0.868454
FKIT,S+X2_M3_r1,aguacate,379,0.859925
FKIT,S+X2_M3_r1,aguacate,380,0.864642
FKIT,S+X2_M3_r1,aguacate,381,0.868070
FKIT,S+X2_M3_r1,aguacate,382,0.870778
FKIT,S+X2_M3_r1,aguacate,383,0.870602
FKIT,S+X2_M3_r1,aguacate,384,0.871039
FKIT,S+X2_M3_r1,aguacate,385,0.870719
FKIT,S+X2_M3_r1,aguacate,386,0.868952
FKIT,S+X2_M3_r1,aguacate,387,0.865110
FKIT,S+X2_M3_r1,aguacate,388,0.864442
FKIT,S+X2_M3_r1,aguacate,389,0.863841
FKIT,S+X2_M3_r1,aguacate,390,0.863652
FKIT,S+X2_M3_r1,aguacate,391,0.866564
FKIT,S+X2_M3_r1,aguacate,392,0.865225
FKIT,S+X2_M3_r1,aguacate,393,0.867405
FKIT,S+X2_M3_r1,aguacate,394,0.864911
FKIT,S+X2_M3_r1,aguacate,395,0.866699
FKIT,S+X2_M3_r1,aguacate,396,0.866519
FKIT,S+X2_M3_r1,aguacate,397,0.863107
FKIT,S+X2_M3_r1,aguacate,398,0.862674
FKIT,S+X2_M3_r1,aguacate,399,0.860942
FKIT,S+X2_M3_r1,aguacate,400,0.861350
FKIT,S+X2_M3_r1,aguacate,401,0.863167
FKIT,S+X2_M3_r1,aguacate,402,0.860017
FKIT,S+X2_M3_r1,aguacate,403,0.863010
FKIT,S+X2_M3_r1,aguacate,404,0.866905
FKIT,S+X2_M3_r1,aguacate,405,0.862931
FKIT,S+X2_M3_r1,aguacate,406,0.861387
FKIT,S+X2_M3_r1,aguacate,407,0.859602
FKIT,S+X2_M3_r1,aguacate,408,0.852375
FKIT,S+X2_M3_r1,aguacate,409,0.855856
FKIT,S+X2_M3_r1,aguacate,410,0.842503
FKIT,S+X2_M3_r1,aguacate,411,0.858668
FKIT,S+X2_M3_r1,aguacate,412,0.860627
FKIT,S+X2_M3_r1,aguacate,413,0.845999
FKIT,S+X2_M3_r1,aguacate,414,0.852717
FKIT,S+X2_M3_r1,aguacate,415,0.853610
FKIT,S+X2_M3_r1,aguacate,416,0.853870
FKIT,S+X2_M3_r1,aguacate,417,0.854114
FKIT,S+X2_M3_r1,aguacate,418,0.846637
FKIT,S+X2_M3_r1,aguacate,419,0.854829
FKIT,S+X2_M3_r1,aguacate,420,0.855322
FKIT,S+X2_M3_r1,aguacate,421,0.857337
FKIT,S+X2_M3_r1,aguacate,422,0.855554
FKIT,S+X2_M3_r1,aguacate,423,0.855957
FKIT,S+X2_M3_r1,aguacate,424,0.855858
FKIT,S+X2_M3_r1,aguacate,425,0.854070
FKIT,S+X2_M3_r1,aguacate,426,0.850456
FKIT,S+X2_M3_r1,aguacate,427,0.855828
FKIT,S+X2_M3_r1,aguacate,428,0.854400
FKIT,S+X2_M3_r1,aguacate,429,0.855535
FKIT,S+X2_M3_r1,aguacate,430,0.856111
FKIT,S+X2_M3_r1,aguacate,431,0.856928
FKIT,S+X2_M3_r1,aguacate,432,0.859018
FKIT,S+X2_M3_r1,aguacate,433,0.852304
FKIT,S+X2_M3_r1,aguacate,434,0.848596
FKIT,S+X2_M3_r1,aguacate,435,0.849312
FKIT,S+X2_M3_r1,aguacate,436,0.853383
FKIT,S+X2_M3_r1,aguacate,437,0.851685
FKIT,S+X2_M3_r1,aguacate,438,0.850058
FKIT,S+X2_M3_r1,aguacate,439,0.851072
FKIT,S+X2_M3_r1,aguacate,440,0.851453
FKIT,S+X2_M3_r1,aguacate,441,0.853387
FKIT,S+X2_M3_r1,aguacate,442,0.854273
FKIT,S+X2_M3_r1,aguacate,443,0.851467
FKIT,S+X2_M3_r1,aguacate,444,0.849781
FKIT,S+X2_M3_r1,aguacate,445,0.849400
FKIT,S+X2_M3_r1,aguacate,446,0.841579
FKIT,S+X2_M3_r1,aguacate,447,0.841330
FKIT,S+X2_M3_r1,aguacate,448,0.845265
FKIT,S+X2_M3_r1,aguacate,449,0.841114
FKIT,S+X2_M3_r1,aguacate,450,0.840331
FKIT,S+X2_M3_r1,aguacate,451,0.840906
FKIT,S+X2_M3_r1,aguacate,452,0.844987
FKIT,S+X2_M3_r1,aguacate,453,0.848023
FKIT,S+X2_M3_r1,aguacate,454,0.851758
FKIT,S+X2_M3_r1,aguacate,455,0.853640
FKIT,S+X2_M3_r1,aguacate,456,0.852682
FKIT,S+X2_M3_r1,aguacate,457,0.846450
FKIT,S+X2_M3_r1,aguacate,458,0.846017
FKIT,S+X2_M3_r1,aguacate,459,0.849563
FKIT,S+X2_M3_r1,aguacate,460,0.855690
FKIT,S+X2_M3_r1,aguacate,461,0.850753
FKIT,S+X2_M3_r1,aguacate,462,0.852079
FKIT,S+X2_M3_r1,aguacate,463,0.849869
FKIT,S+X2_M3_r1,aguacate,464,0.852958
FKIT,S+X2_M3_r1,aguacate,465,0.846667
FKIT,S+X2_M3_r1,aguacate,466,0.851359
FKIT,S+X2_M3_r1,aguacate,467,0.854925
FKIT,S+X2_M3_r1,aguacate,468,0.849388
FKIT,S+X2_M3_r1,aguacate,469,0.852544
FKIT,S+X2_M3_r1,aguacate,470,0.845769
FKIT,S+X2_M3_r1,aguacate,471,0.852950
FKIT,S+X2_M3_r1,aguacate,472,0.852198
FKIT,S+X2_M3_r1,aguacate,473,0.860750
FKIT,S+X2_M3_r1,aguacate,474,0.850566
FKIT,S+X2_M3_r1,aguacate,475,0.850293
FKIT,S+X2_M3_r1,aguacate,476,0.853697
FKIT,S+X2_M3_r1,aguacate,477,0.861292
FKIT,S+X2_M3_r1,aguacate,478,0.837996
FKIT,S+X2_M3_r1,aguacate,479,0.857303
FKIT,S+X2_M3_r1,aguacate,480,0.855032
FKIT,S+X2_M3_r1,aguacate,481,0.854983
FKIT,S+X2_M3_r1,aguacate,482,0.850179
FKIT,S+X2_M3_r1,aguacate,483,0.852799
FKIT,S+X2_M3_r1,aguacate,484,0.861196
FKIT,S+X2_M3_r1,aguacate,485,0.870034
FKIT,S+X2_M3_r1,aguacate,486,0.874129
FKIT,S+X2_M3_r1,aguacate,487,0.871506
FKIT,S+X2_M3_r1,aguacate,488,0.864385
FKIT,S+X2_M3_r1,aguacate,489,0.853672
FKIT,S+X2_M3_r1,aguacate,490,0.848506
FKIT,S+X2_M3_r1,aguacate,491,0.849198
FKIT,S+X2_M3_r1,aguacate,492,0.851616
FKIT,S+X2_M3_r1,aguacate,493,0.852254
FKIT,S+X2_M3_r1,aguacate,494,0.856665
FKIT,S+X2_M3_r1,aguacate,495,0.845560
FKIT,S+X2_M3_r1,aguacate,496,0.844432
FKIT,S+X2_M3_r1,aguacate,497,0.858534
FKIT,S+X2_M3_r1,aguacate,498,0.860175
FKIT,S+X2_M3_r1,aguacate,499,0.858047
FKIT,S+X2_M3_r1,aguacate,500,0.845665
FKIT,S+X2_M3_r1,aguacate,501,0.853271
FKIT,S+X2_M3_r1,aguacate,502,0.848896
FKIT,S+X2_M3_r1,aguacate,503,0.858194
FKIT,S+X2_M3_r1,aguacate,504,0.870959
FKIT,S+X2_M3_r1,aguacate,505,0.865244
FKIT,S+X2_M3_r1,aguacate,506,0.858884
FKIT,S+X2_M3_r1,aguacate,507,0.863109
FKIT,S+X2_M3_r1,aguacate,508,0.854353
FKIT,S+X2_M3_r1,aguacate,509,0.859807
FKIT,S+X2_M3_r1,aguacate,510,0.849083
FKIT,S+X2_M3_r1,aguacate,511,0.851113
FKIT,S+X2_M3_r1,aguacate,512,0.845992
FKIT,S+X2_M3_r1,aguacate,513,0.841826
FKIT,S+X2_M3_r1,aguacate,514,0.842955
FKIT,S+X2_M3_r1,aguacate,515,0.844563
FKIT,S+X2_M3_r1,aguacate,516,0.848097
FKIT,S+X2_M3_r1,aguacate,517,0.849223
FKIT,S+X2_M3_r1,aguacate,518,0.851475
FKIT,S+X2_M3_r1,aguacate,519,0.835732
FKIT,S+X2_M3_r1,aguacate,520,0.837471
FKIT,S+X2_M3_r1,aguacate,521,0.834245
FKIT,S+X2_M3_r1,aguacate,522,0.839609
FKIT,S+X2_M3_r1,aguacate,523,0.842205
FKIT,S+X2_M3_r1,aguacate,524,0.844045
FKIT,S+X2_M3_r1,aguacate,525,0.836759
FKIT,S+X2_M3_r1,aguacate,526,0.834101
FKIT,S+X2_M3_r1,aguacate,527,0.836249
FKIT,S+X2_M3_r1,aguacate,528,0.836963
FKIT,S+X2_M3_r1,aguacate,529,0.837707
FKIT,S+X2_M3_r1,aguacate,530,0.837423
FKIT,S+X2_M3_r1,aguacate,531,0.834349
FKIT,S+X2_M3_r1,aguacate,532,0.815476
FKIT,S+X2_M3_r1,aguacate,533,0.833451
FKIT,S+X2_M3_r1,aguacate,534,0.844878
FKIT,S+X2_M3_r1,aguacate,535,0.831807
FKIT,S+X2_M3_r1,aguacate,536,0.822114
FKIT,S+X2_M3_r1,aguacate,537,0.806664
FKIT,S+X2_M3_r1,aguacate,538,0.813318
FKIT,S+X2_M3_r1,aguacate,539,0.823935
FKIT,S+X2_M3_r1,aguacate,540,0.806210
FKIT,S+X2_M3_r1,aguacate,541,0.811306
FKIT,S+X2_M3_r1,aguacate,542,0.820969
FKIT,S+X2_M3_r1,aguacate,543,0.812991
FKIT,S+X2_M3_r1,aguacate,544,0.820751
FKIT,S+X2_M3_r1,aguacate,545,0.810644
FKIT,S+X2_M3_r1,aguacate,546,0.805326
FKIT,S+X2_M3_r1,aguacate,547,0.806128
FKIT,S+X2_M3_r1,aguacate,548,0.800406
FKIT,S+X2_M3_r1,aguacate,549,0.807394
FKIT,S+X2_M3_r1,aguacate,550,0.795518
FKIT,S+X2_M3_r1,aguacate,551,0.804517
FKIT,S+X2_M3_r1,aguacate,552,0.800531
FKIT,S+X2_M3_r1,aguacate,553,0.800757
FKIT,S+X2_M3_r1,aguacate,554,0.799767
FKIT,S+X2_M3_r1,aguacate,555,0.796209
FKIT,S+X2_M3_r1,aguacate,556,0.809106
FKIT,S+X2_M3_r1,aguacate,557,0.817027
FKIT,S+X2_M3_r1,aguacate,558,0.813129
FKIT,S+X2_M3_r1,aguacate,559,0.813919
FKIT,S+X2_M3_r1,aguacate,560,0.801901
FKIT,S+X2_M3_r1,aguacate,561,0.816518
FKIT,S+X2_M3_r1,aguacate,562,0.803830
FKIT,S+X2_M3_r1,aguacate,563,0.820774
FKIT,S+X2_M3_r1,aguacate,564,0.818683
FKIT,S+X2_M3_r1,aguacate,565,0.820826
FKIT,S+X2_M3_r1,aguacate,566,0.824418
FKIT,S+X2_M3_r1,aguacate,567,0.820250
FKIT,S+X2_M3_r1,aguacate,568,0.812197
FKIT,S+X2_M3_r1,aguacate,569,0.805702
FKIT,S+X2_M3_r1,aguacate,570,0.807932
FKIT,S+X2_M3_r1,aguacate,571,0.813374
FKIT,S+X2_M3_r1,aguacate,572,0.810357
FKIT,S+X2_M3_r1,aguacate,573,0.812697
FKIT,S+X2_M3_r1,aguacate,574,0.815428
FKIT,S+X2_M3_r1,aguacate,575,0.810801
FKIT,S+X2_M3_r1,aguacate,576,0.809226
FKIT,S+X2_M3_r1,aguacate,577,0.802353
FKIT,S+X2_M3_r1,aguacate,578,0.816966
FKIT,S+X2_M3_r1,aguacate,579,0.809368
FKIT,S+X2_M3_r1,aguacate,580,0.813269
FKIT,S+X2_M3_r1,aguacate,581,0.815493
FKIT,S+X2_M3_r1,aguacate,582,0.808543
FKIT,S+X2_M3_r1,aguacate,583,0.810755
FKIT,S+X2_M3_r1,aguacate,584,0.812565
FKIT,S+X2_M3_r1,aguacate,585,0.802517
FKIT,S+X2_M3_r1,aguacate,586,0.809129
FKIT,S+X2_M3_r1,aguacate,587,0.811197
FKIT,S+X2_M3_r1,aguacate,588,0.812411
FKIT,S+X2_M3_r1,aguacate,589,0.800433
FKIT,S+X2_M3_r1,aguacate,590,0.794725
FKIT,S+X2_M3_r1,aguacate,591,0.801941
FKIT,S+X2_M3_r1,aguacate,592,0.799417
FKIT,S+X2_M3_r1,aguacate,593,0.804245
FKIT,S+X2_M3_r1,aguacate,594,0.811922
FKIT,S+X2_M3_r1,aguacate,595,0.808199
FKIT,S+X2_M3_r1,aguacate,596,0.808206
FKIT,S+X2_M3_r1,aguacate,597,0.814194
FKIT,S+X2_M3_r1,aguacate,598,0.805953
FKIT,S+X2_M3_r1,aguacate,599,0.810731
FKIT,S+X2_M3_r1,aguacate,600,0.813023
FKIT,S+X2_M3_r1,aguacate,601,0.805057
FKIT,S+X2_M3_r1,aguacate,602,0.802187
FKIT,S+X2_M3_r1,aguacate,603,0.800128
FKIT,S+X2_M3_r1,aguacate,604,0.811969
FKIT,S+X2_M3_r1,aguacate,605,0.813554
FKIT,S+X2_M3_r1,aguacate,606,0.817170
FKIT,S+X2_M3_r1,aguacate,607,0.822384
FKIT,S+X2_M3_r1,aguacate,608,0.813979
FKIT,S+X2_M3_r1,aguacate,609,0.808851
FKIT,S+X2_M3_r1,aguacate,610,0.814025
FKIT,S+X2_M3_r1,aguacate,611,0.808659
FKIT,S+X2_M3_r1,aguacate,612,0.815742
FKIT,S+X2_M3_r1,aguacate,613,0.815885
FKIT,S+X2_M3_r1,aguacate,614,0.820715
FKIT,S+X2_M3_r1,aguacate,615,0.816599
FKIT,S+X2_M3_r1,aguacate,616,0.814369
FKIT,S+X2_M3_r1,aguacate,617,0.813480
FKIT,S+X2_M3_r1,aguacate,618,0.812302
FKIT,S+X2_M3_r1,aguacate,619,0.809839
FKIT,S+X2_M3_r1,aguacate,620,0.819160
FKIT,S+X2_M3_r1,aguacate,621,0.821554
FKIT,S+X2_M3_r1,aguacate,622,0.816189
FKIT,S+X2_M3_r1,aguacate,623,0.819596
FKIT,S+X2_M3_r1,aguacate,624,0.824125
FKIT,S+X2_M3_r1,aguacate,625,0.821196
FKIT,S+X2_M3_r1,aguacate,626,0.820653
FKIT,S+X2_M3_r1,aguacate,627,0.824424
FKIT,S+X2_M3_r1,aguacate,628,0.835861
FKIT,S+X2_M3_r1,aguacate,629,0.825266
FKIT,S+X2_M3_r1,aguacate,630,0.817413
FKIT,S+X2_M3_r1,aguacate,631,0.827059
FKIT,S+X2_M3_r1,aguacate,632,0.829768
FKIT,S+X2_M3_r1,aguacate,633,0.826523
FKIT,S+X2_M3_r1,aguacate,634,0.849350
FKIT,S+X2_M3_r1,aguacate,635,0.838307
FKIT,S+X2_M3_r1,aguacate,636,0.836213
FKIT,S+X2_M3_r1,aguacate,637,0.837313
FKIT,S+X2_M3_r1,aguacate,638,0.836717
FKIT,S+X2_M3_r1,aguacate,639,0.839096
FKIT,S+X2_M3_r1,aguacate,640,0.837174
FKIT,S+X2_M3_r1,aguacate,641,0.842855
FKIT,S+X2_M3_r1,aguacate,642,0.848337
FKIT,S+X2_M3_r1,aguacate,643,0.849088
FKIT,S+X2_M3_r1,aguacate,644,0.858373
FKIT,S+X2_M3_r1,aguacate,645,0.848113
FKIT,S+X2_M3_r1,aguacate,646,0.854523
FKIT,S+X2_M3_r1,aguacate,647,0.854720
FKIT,S+X2_M3_r1,aguacate,648,0.854578
FKIT,S+X2_M3_r1,aguacate,649,0.858034
FKIT,S+X2_M3_r1,aguacate,650,0.861140
FKIT,S+X2_M3_r1,aguacate,651,0.865351
FKIT,S+X2_M3_r1,aguacate,652,0.871965
FKIT,S+X2_M3_r1,aguacate,653,0.880017
FKIT,S+X2_M3_r1,aguacate,654,0.885710
FKIT,S+X2_M3_r1,aguacate,655,0.884101
FKIT,S+X2_M3_r1,aguacate,656,0.897797
FKIT,S+X2_M3_r1,aguacate,657,0.891034
FKIT,S+X2_M3_r1,aguacate,658,0.895956
FKIT,S+X2_M3_r1,aguacate,659,0.892977
FKIT,S+X2_M3_r1,aguacate,660,0.886946
FKIT,S+X2_M3_r1,aguacate,661,0.891914
FKIT,S+X2_M3_r1,aguacate,662,0.894087
FKIT,S+X2_M3_r1,aguacate,663,0.894992
FKIT,S+X2_M3_r1,aguacate,664,0.888660
FKIT,S+X2_M3_r1,aguacate,665,0.888310
FKIT,S+X2_M3_r1,aguacate,666,0.891859
FKIT,S+X2_M3_r1,aguacate,667,0.889145
FKIT,S+X2_M3_r1,aguacate,668,0.888290
FKIT,S+X2_M3_r1,aguacate,669,0.884615
FKIT,S+X2_M3_r1,aguacate,670,0.896384
FKIT,S+X2_M3_r1,aguacate,671,0.907972
FKIT,S+X2_M3_r1,aguacate,672,0.921489
FKIT,S+X2_M3_r1,aguacate,673,0.927571
FKIT,S+X2_M3_r1,aguacate,674,0.888038
FKIT,S+X2_M3_r1,aguacate,675,0.896800
FKIT,S+X2_M3_r1,aguacate,676,0.889197
FKIT,S+X2_M3_r1,aguacate,677,0.891682
FKIT,S+X2_M3_r1,aguacate,678,0.891047
FKIT,S+X2_M3_r1,aguacate,679,0.895700
FKIT,S+X2_M3_r1,aguacate,680,0.898624
FKIT,S+X2_M3_r1,aguacate,681,0.902017
FKIT,S+X2_M3_r1,aguacate,682,0.901134
FKIT,S+X2_M3_r1,aguacate,683,0.888567
FKIT,S+X2_M3_r1,aguacate,684,0.889059
FKIT,S+X2_M3_r1,aguacate,685,0.879776
FKIT,S+X2_M3_r1,aguacate,686,0.901856
FKIT,S+X2_M3_r1,aguacate,687,0.910022
FKIT,S+X2_M3_r1,aguacate,688,0.894448
FKIT,S+X2_M3_r1,aguacate,689,0.884027
FKIT,S+X2_M3_r1,aguacate,690,0.883271
FKIT,S+X2_M3_r1,aguacate,691,0.877670
FKIT,S+X2_M3_r1,aguacate,692,0.893160
FKIT,S+X2_M3_r1,aguacate,693,0.892149
FKIT,S+X2_M3_r1,aguacate,694,0.915953
FKIT,S+X2_M3_r1,aguacate,695,0.906842
FKIT,S+X2_M3_r1,aguacate,696,0.922386
FKIT,S+X2_M3_r1,aguacate,697,0.907065
FKIT,S+X2_M3_r1,aguacate,698,0.909077
FKIT,S+X2_M3_r1,aguacate,699,0.894180
FKIT,S+X2_M3_r1,aguacate,700,0.886441
FKIT,S+X2_M3_r1,aguacate,701,0.880480
FKIT,S+X2_M3_r1,aguacate,702,0.916074
FKIT,S+X2_M3_r1,aguacate,703,0.924793
FKIT,S+X2_M3_r1,aguacate,704,0.901315
FKIT,S+X2_M3_r1,aguacate,705,0.897543
FKIT,S+X2_M3_r1,aguacate,706,0.900587
FKIT,S+X2_M3_r1,aguacate,707,0.889087
FKIT,S+X2_M3_r1,aguacate,708,0.892057
FKIT,S+X2_M3_r1,aguacate,709,0.892884
FKIT,S+X2_M3_r1,aguacate,710,0.885066
FKIT,S+X2_M3_r1,aguacate,711,0.882379
FKIT,S+X2_M3_r1,aguacate,712,0.878649
FKIT,S+X2_M3_r1,aguacate,713,0.905834
FKIT,S+X2_M3_r1,aguacate,714,0.882606
FKIT,S+X2_M3_r1,aguacate,715,0.885991
FKIT,S+X2_M3_r1,aguacate,716,0.889616
FKIT,S+X2_M3_r1,aguacate,717,0.886742
FKIT,S+X2_M3_r1,aguacate,718,0.891412
FKIT,S+X2_M3_r1,aguacate,719,0.900303
FKIT,S+X2_M3_r1,aguacate,720,0.884320
FKIT,S+X2_M3_r1,aguacate,721,0.897947
FKIT,S+X2_M3_r1,aguacate,722,0.903353
FKIT,S+X2_M3_r1,aguacate,723,0.895623
FKIT,S+X2_M3_r1,aguacate,724,0.901254
FKIT,S+X2_M3_r1,aguacate,725,0.893284
FKIT,S+X2_M3_r1,aguacate,726,0.893992
FKIT,S+X2_M3_r1,aguacate,727,0.900000
FKIT,S+X2_M3_r1,aguacate,728,0.908822
FKIT,S+X2_M3_r1,aguacate,729,0.866622
FKIT,S+X2_M3_r1,aguacate,730,0.877865
FKIT,S+X2_M3_r1,aguacate,731,0.879013
FKIT,S+X2_M3_r1,aguacate,732,0.877607
FKIT,S+X2_M3_r1,aguacate,733,0.886166
FKIT,S+X2_M3_r1,aguacate,734,0.897007
FKIT,S+X2_M3_r1,aguacate,735,0.905351
FKIT,S+X2_M3_r1,aguacate,736,0.899720
FKIT,S+X2_M3_r1,aguacate,737,0.883602
FKIT,S+X2_M3_r1,aguacate,738,0.881748
FKIT,S+X2_M3_r1,aguacate,739,0.871795
FKIT,S+X2_M3_r1,aguacate,740,0.886295
FKIT,S+X2_M3_r1,aguacate,741,0.881311
FKIT,S+X2_M3_r1,aguacate,742,0.885356
FKIT,S+X2_M3_r1,aguacate,743,0.876246
FKIT,S+X2_M3_r1,aguacate,744,0.868253
FKIT,S+X2_M3_r1,aguacate,745,0.875560
FKIT,S+X2_M3_r1,aguacate,746,0.892978
FKIT,S+X2_M3_r1,aguacate,747,0.883862
FKIT,S+X2_M3_r1,aguacate,748,0.882692
FKIT,S+X2_M3_r1,aguacate,749,0.881700
FKIT,S+X2_M3_r1,aguacate,750,0.891034
FKIT,S+X2_M3_r1,aguacate,751,0.893396
FKIT,S+X2_M3_r1,aguacate,752,0.897333
FKIT,S+X2_M3_r1,aguacate,753,0.901516
FKIT,S+X2_M3_r1,aguacate,754,0.893085
FKIT,S+X2_M3_r1,aguacate,755,0.896510
FKIT,S+X2_M3_r1,aguacate,756,0.890657
FKIT,S+X2_M3_r1,aguacate,757,0.878086
FKIT,S+X2_M3_r1,aguacate,758,0.886128
FKIT,S+X2_M3_r1,aguacate,759,0.902504
FKIT,S+X2_M3_r1,aguacate,760,0.896031
FKIT,S+X2_M3_r1,aguacate,761,0.885135
FKIT,S+X2_M3_r1,aguacate,762,0.884785
FKIT,S+X2_M3_r1,aguacate,763,0.891647
FKIT,S+X2_M3_r1,aguacate,764,0.925667
FKIT,S+X2_M3_r1,aguacate,765,0.898019
FKIT,S+X2_M3_r1,aguacate,766,0.912320
FKIT,S+X2_M3_r1,aguacate,767,0.900582
FKIT,S+X2_M3_r1,aguacate,768,0.899339
FKIT,S+X2_M3_r1,aguacate,769,0.903603
FKIT,S+X2_M3_r1,aguacate,770,0.909319
FKIT,S+X2_M3_r1,aguacate,771,0.905542
FKIT,S+X2_M3_r1,aguacate,772,0.906099
FKIT,S+X2_M3_r1,aguacate,773,0.907606
FKIT,S+X2_M3_r1,aguacate,774,0.905671
FKIT,S+X2_M3_r1,aguacate,775,0.912090
FKIT,S+X2_M3_r1,aguacate,776,0.910993
FKIT,S+X2_M3_r1,aguacate,777,0.910061
FKIT,S+X2_M3_r1,aguacate,778,0.913302
FKIT,S+X2_M3_r1,aguacate,779,0.916914
FKIT,S+X2_M3_r1,aguacate,780,0.912461
FKIT,S+X2_M3_r1,aguacate,781,0.906781
FKIT,S+X2_M3_r1,aguacate,782,0.911868
FKIT,S+X2_M3_r1,aguacate,783,0.911661
FKIT,S+X2_M3_r1,aguacate,784,0.928600
FKIT,S+X2_M3_r1,aguacate,785,0.917478
FKIT,S+X2_M3_r1,aguacate,786,0.922030
FKIT,S+X2_M3_r1,aguacate,787,0.911558
FKIT,S+X2_M3_r1,aguacate,788,0.900098
FKIT,S+X2_M3_r1,aguacate,789,0.929550
FKIT,S+X2_M3_r1,aguacate,790,0.927035
FKIT,S+X2_M3_r1,aguacate,791,0.933903
FKIT,S+X2_M3_r1,aguacate,792,0.909728
FKIT,S+X2_M3_r1,aguacate,793,0.907277
FKIT,S+X2_M3_r1,aguacate,794,0.909000
FKIT,S+X2_M3_r1,aguacate,795,0.893866
FKIT,S+X2_M3_r1,aguacate,796,0.885126
FKIT,S+X2_M3_r1,aguacate,797,0.870155
FKIT,S+X2_M3_r1,aguacate,798,0.899371
FKIT,S+X2_M3_r1,aguacate,799,0.921545
FKIT,S+X2_M3_r1,aguacate,800,0.923221
FKIT,S+X2_M3_r1,aguacate,801,0.920441
FKIT,S+X2_M3_r1,aguacate,802,0.905465
FKIT,S+X2_M3_r1,aguacate,803,0.878909
FKIT,S+X2_M3_r1,aguacate,804,0.879718
FKIT,S+X2_M3_r1,aguacate,805,0.898771
FKIT,S+X2_M3_r1,aguacate,806,0.926752
FKIT,S+X2_M3_r1,aguacate,807,0.915785
FKIT,S+X2_M3_r1,aguacate,808,0.447666
FKIT,S+X2_M3_r1,aguacate,809,0.932831
FKIT,S+X2_M3_r1,aguacate,810,0.954496
FKIT,S+X2_M3_r1,aguacate,811,0.919036
FKIT,S+X2_M3_r1,aguacate,812,0.928289
FKIT,S+X2_M3_r1,aguacate,813,0.900329
FKIT,S+X2_M3_r1,aguacate,814,0.925440
FKIT,S+X2_M3_r1,aguacate,815,0.934361
FKIT,S+X2_M3_r1,aguacate,816,0.947614
FKIT,S+X2_M3_r1,aguacate,817,0.953863
FKIT,S+X2_M3_r1,aguacate,818,0.940318
FKIT,S+X2_M3_r1,aguacate,819,0.933624
FKIT,S+X2_M3_r1,aguacate,820,0.920043
FKIT,S+X2_M3_r1,aguacate,821,0.884471
FKIT,S+X2_M3_r1,aguacate,822,0.863710
FKIT,S+X2_M3_r1,aguacate,823,0.875647
FKIT,S+X2_M3_r1,aguacate,824,0.881046
FKIT,S+X2_M3_r1,aguacate,825,0.882764
FKIT,S+X2_M3_r1,aguacate,826,0.868644
FKIT,S+X2_M3_r1,aguacate,827,0.874772
FKIT,S+X2_M3_r1,aguacate,828,0.890497
FKIT,S+X2_M3_r1,aguacate,829,0.882727
FKIT,S+X2_M3_r1,aguacate,830,0.862171
FKIT,S+X2_M3_r1,aguacate,831,0.868400
FKIT,S+X2_M3_r1,aguacate,832,0.857694
FKIT,S+X2_M3_r1,aguacate,833,0.837451
FKIT,S+X2_M3_r1,aguacate,834,0.873945
FKIT,S+X2_M3_r1,aguacate,835,0.831268
FKIT,S+X2_M3_r1,aguacate,836,0.857036
FKIT,S+X2_M3_r1,aguacate,837,0.851934
FKIT,S+X2_M3_r1,aguacate,838,0.845915
FKIT,S+X2_M3_r1,aguacate,839,0.843195
FKIT,S+X2_M3_r1,aguacate,840,0.828499
FKIT,S+X2_M3_r1,aguacate,841,0.842668
FKIT,S+X2_M3_r1,aguacate,842,0.857224
FKIT,S+X2_M3_r1,aguacate,843,0.854221
FKIT,S+X2_M3_r1,aguacate,844,0.833815
FKIT,S+X2_M3_r1,aguacate,845,0.795331
FKIT,S+X2_M3_r1,aguacate,846,0.804359
FKIT,S+X2_M3_r1,aguacate,847,0.815632
FKIT,S+X2_M3_r1,aguacate,848,0.835359
FKIT,S+X2_M3_r1,aguacate,849,0.828366
FKIT,S+X2_M3_r1,aguacate,850,0.817353
FKIT,S+X2_M3_r1,aguacate,851,0.816951
FKIT,S+X2_M3_r1,aguacate,852,0.806991
FKIT,S+X2_M3_r1,aguacate,853,0.806279
FKIT,S+X2_M3_r1,aguacate,854,0.812239
FKIT,S+X2_M3_r1,aguacate,855,0.795812
FKIT,S+X2_M3_r1,aguacate,856,0.794065
FKIT,S+X2_M3_r1,aguacate,857,0.791762
FKIT,S+X2_M3_r1,aguacate,858,0.771933
FKIT,S+X2_M3_r1,aguacate,859,0.468571
FKIT,S+X2_M3_r1,aguacate,860,0.742822
FKIT,S+X2_M3_r1,aguacate,861,0.738997
FKIT,S+X2_M3_r1,aguacate,862,0.787551
FKIT,S+X2_M3_r1,aguacate,863,0.801950
FKIT,S+X2_M3_r1,aguacate,864,0.792634
FKIT,S+X2_M3_r1,aguacate,865,0.754830
FKIT,S+X2_M3_r1,aguacate,866,0.759763
FKIT,S+X2_M3_r1,aguacate,867,0.798244
FKIT,S+X2_M3_r1,aguacate,868,0.795399
FKIT,S+X2_M3_r1,aguacate,869,0.762675
FKIT,S+X2_M3_r1,aguacate,870,0.757026
FKIT,S+X2_M3_r1,aguacate,871,0.748900
FKIT,S+X2_M3_r1,aguacate,872,0.737476
FKIT,S+X2_M3_r1,aguacate,873,0.737237
FKIT,S+X2_M3_r1,aguacate,874,0.770557
FKIT,S+X2_M3_r1,aguacate,875,0.775212
FKIT,S+X2_M3_r1,aguacate,876,0.783784
FKIT,S+X2_M3_r1,aguacate,877,0.794270
FKIT,S+X2_M3_r1,aguacate,878,0.779608
FKIT,S+X2_M3_r1,aguacate,879,0.743247
FKIT,S+X2_M3_r1,aguacate,880,0.757346
FKIT,S+X2_M3_r1,aguacate,881,0.765208
FKIT,S+X2_M3_r1,aguacate,882,0.771109
FKIT,S+X2_M3_r1,aguacate,883,0.763233
FKIT,S+X2_M3_r1,aguacate,884,0.771792
FKIT,S+X2_M3_r1,aguacate,885,0.765944
FKIT,S+X2_M3_r1,aguacate,886,0.767777
FKIT,S+X2_M3_r1,aguacate,887,0.782136
FKIT,S+X2_M3_r1,aguacate,888,0.768474
FKIT,S+X2_M3_r1,aguacate,889,0.786722
FKIT,S+X2_M3_r1,aguacate,890,0.803179
FKIT,S+X2_M3_r1,aguacate,891,0.802066
FKIT,S+X2_M3_r1,aguacate,892,0.807765
FKIT,S+X2_M3_r1,aguacate,893,0.805924
FKIT,S+X2_M3_r1,aguacate,894,0.798405
FKIT,S+X2_M3_r1,aguacate,895,0.787843
FKIT,S+X2_M3_r1,aguacate,896,0.807995
FKIT,S+X2_M3_r1,aguacate,897,0.821099
FKIT,S+X2_M3_r1,aguacate,898,0.833897
FKIT,S+X2_M3_r1,aguacate,899,0.831553
FKIT,S+X2_M3_r1,aguacate,900,0.813658
FKIT,S+X2_M3_r1,aguacate,901,0.809314
FKIT,S+X2_M3_r1,aguacate,902,0.816319
FKIT,S+X2_M3_r1,aguacate,903,0.849067
FKIT,S+X2_M3_r1,aguacate,904,0.823453
FKIT,S+X2_M3_r1,aguacate,905,0.828486
FKIT,S+X2_M3_r1,aguacate,906,0.829264
FKIT,S+X2_M3_r1,aguacate,907,0.831126
FKIT,S+X2_M3_r1,aguacate,908,0.815675
FKIT,S+X2_M3_r1,aguacate,909,0.823462
FKIT,S+X2_M3_r1,aguacate,910,0.845679
FKIT,S+X2_M3_r1,aguacate,911,0.854255
FKIT,S+X2_M3_r1,aguacate,912,0.864723
FKIT,S+X2_M3_r1,aguacate,913,0.853102
FKIT,S+X2_M3_r1,aguacate,914,0.833790
FKIT,S+X2_M3_r1,aguacate,915,0.849635
FKIT,S+X2_M3_r1,aguacate,916,0.866942
FKIT,S+X2_M3_r1,aguacate,917,0.872809
FKIT,S+X2_M3_r1,aguacate,918,0.866874
FKIT,S+X2_M3_r1,aguacate,919,0.870822
FKIT,S+X2_M3_r1,aguacate,920,0.876693
FKIT,S+X2_M3_r1,aguacate,921,0.879174
FKIT,S+X2_M3_r1,aguacate,922,0.874295
FKIT,S+X2_M3_r1,aguacate,923,0.885912
FKIT,S+X2_M3_r1,aguacate,924,0.895562
FKIT,S+X2_M3_r1,aguacate,925,0.920519
FKIT,S+X2_M3_r1,aguacate,926,0.884921
FKIT,S+X2_M3_r1,aguacate,927,0.889042
FKIT,S+X2_M3_r1,aguacate,928,0.889556
FKIT,S+X2_M3_r1,aguacate,929,0.886160
FKIT,S+X2_M3_r1,aguacate,930,0.898628
FKIT,S+X2_M3_r1,aguacate,931,0.897628
FKIT,S+X2_M3_r1,aguacate,932,0.911952
FKIT,S+X2_M3_r1,aguacate,933,0.907083
FKIT,S+X2_M3_r1,aguacate,934,0.906076
FKIT,S+X2_M3_r1,aguacate,935,0.903669
FKIT,S+X2_M3_r1,aguacate,936,0.895654
FKIT,S+X2_M3_r1,aguacate,937,0.900634
FKIT,S+X2_M3_r1,aguacate,938,0.896130
FKIT,S+X2_M3_r1,aguacate,939,0.903710
FKIT,S+X2_M3_r1,aguacate,940,0.902541
FKIT,S+X2_M3_r1,aguacate,941,0.897376
FKIT,S+X2_M3_r1,aguacate,942,0.900890
FKIT,S+X2_M3_r1,aguacate,943,0.901934
FKIT,S+X2_M3_r1,aguacate,944,0.908154
FKIT,S+X2_M3_r1,aguacate,945,0.908914
FKIT,S+X2_M3_r1,aguacate,946,0.890300
FKIT,S+X2_M3_r1,aguacate,947,0.888370
FKIT,S+X2_M3_r1,aguacate,948,0.894669
FKIT,S+X2_M3_r1,aguacate,949,0.889790
FKIT,S+X2_M3_r1,aguacate,950,0.913730
FKIT,S+X2_M3_r1,aguacate,951,0.906742
FKIT,S+X2_M3_r1,aguacate,952,0.889940
FKIT,S+X2_M3_r1,aguacate,953,0.898972
FKIT,S+X2_M3_r1,aguacate,954,0.908312
FKIT,S+X2_M3_r1,aguacate,955,0.907588
FKIT,S+X2_M3_r1,aguacate,956,0.905347
FKIT,S+X2_M3_r1,aguacate,957,0.899826
FKIT,S+X2_M3_r1,aguacate,958,0.894696
FKIT,S+X2_M3_r1,aguacate,959,0.903370
FKIT,S+X2_M3_r1,aguacate,960,0.890967
FKIT,S+X2_M3_r1,aguacate,961,0.878150
FKIT,S+X2_M3_r1,aguacate,962,0.877210
FKIT,S+X2_M3_r1,aguacate,963,0.923622
FKIT,S+X2_M3_r1,aguacate,964,0.829577
FKIT,S+X2_M3_r1,aguacate,965,0.803674
FKIT,S+X2_M3_r1,aguacate,966,0.899691
FKIT,S+X2_M3_r1,aguacate,967,0.887874
FKIT,S+X2_M3_r1,aguacate,968,0.804735
FKIT,S+X2_M3_r1,aguacate,969,0.830389
FKIT,S+X2_M3_r1,aguacate,970,0.886789
FKIT,S+X2_M3_r1,aguacate,971,0.324287
FKIT,S+X2_M3_r1,aguacate,972,0.860638
FKIT,S+X2_M3_r1,aguacate,973,0.915998
FKIT,S+X2_M3_r1,aguacate,974,0.888350
FKIT,S+X2_M3_r1,aguacate,975,0.839080
FKIT,S+X2_M3_r1,aguacate,976,0.840538
FKIT,S+X2_M3_r1,aguacate,977,0.915869
FKIT,S+X2_M3_r1,aguacate,978,0.924177
FKIT,S+X2_M3_r1,aguacate,979,0.919665
FKIT,S+X2_M3_r1,aguacate,980,0.925189
FKIT,S+X2_M3_r1,aguacate,981,0.901923
FKIT,S+X2_M3_r1,aguacate,982,0.921670
FKIT,S+X2_M3_r1,aguacate,983,0.925066
FKIT,S+X2_M3_r1,aguacate,984,0.937269
FKIT,S+X2_M3_r1,aguacate,985,0.916628
FKIT,S+X2_M3_r1,aguacate,986,0.942207
FKIT,S+X2_M3_r1,aguacate,987,0.907355
FKIT,S+X2_M3_r1,aguacate,988,0.897355
FKIT,S+X2_M3_r1,aguacate,989,0.932208
FKIT,S+X2_M3_r1,aguacate,990,0.921370
FKIT,S+X2_M3_r1,aguacate,991,0.933120
FKIT,S+X2_M3_r1,aguacate,992,0.913243
FKIT,S+X2_M3_r1,aguacate,993,0.927136
FKIT,S+X2_M3_r1,aguacate,994,0.922440
FKIT,S+X2_M3_r1,aguacate,995,0.921852
FKIT,S+X2_M3_r1,aguacate,996,0.924913
FKIT,S+X2_M3_r1,aguacate,997,0.935178
FKIT,S+X2_M3_r1,aguacate,998,0.919398
FKIT,S+X2_M3_r1,aguacate,999,0.913760
FKIT,S+X2_M3_r1,aguacate,1000,0.916172
FKIT,S+X2_M3_r1,aguacate,1001,0.918435
FKIT,S+X2_M3_r1,aguacate,1002,0.920207
FKIT,S+X2_M3_r1,aguacate,1003,0.917764
FKIT,S+X2_M3_r1,aguacate,1004,0.920748
FKIT,S+X2_M3_r1,aguacate,1005,0.920317
FKIT,S+X2_M3_r1,aguacate,1006,0.928923
FKIT,S+X2_M3_r1,aguacate,1007,0.922697
FKIT,S+X2_M3_r1,aguacate,1008,0.923004
FKIT,S+X2_M3_r1,aguacate,1009,0.914292
FKIT,S+X2_M3_r1,aguacate,1010,0.919668
FKIT,S+X2_M3_r1,aguacate,1011,0.925402
FKIT,S+X2_M3_r1,aguacate,1012,0.911869
FKIT,S+X2_M3_r1,aguacate,1013,0.914863
FKIT,S+X2_M3_r1,aguacate,1014,0.922360
FKIT,S+X2_M3_r1,aguacate,1015,0.927078
FKIT,S+X2_M3_r1,aguacate,1016,0.925416
FKIT,S+X2_M3_r1,aguacate,1017,0.929039
FKIT,S+X2_M3_r1,aguacate,1018,0.935753
FKIT,S+X2_M3_r1,aguacate,1019,0.929816
FKIT,S+X2_M3_r1,aguacate,1020,0.928111
FKIT,S+X2_M3_r1,aguacate,1021,0.938403
FKIT,S+X2_M3_r1,aguacate,1022,0.909679
FKIT,S+X2_M3_r1,aguacate,1023,0.919293
FKIT,S+X2_M3_r1,aguacate,1024,0.916923
FKIT,S+X2_M3_r1,aguacate,1025,0.913798
FKIT,S+X2_M3_r1,aguacate,1026,0.929838
FKIT,S+X2_M3_r1,aguacate,1027,0.926699
FKIT,S+X2_M3_r1,aguacate,1028,0.929620
FKIT,S+X2_M3_r1,aguacate,1029,0.923471
FKIT,S+X2_M3_r1,aguacate,1030,0.922409
FKIT,S+X2_M3_r1,aguacate,1031,0.915623
FKIT,S+X2_M3_r1,aguacate,1032,0.914117
FKIT,S+X2_M3_r1,aguacate,1033,0.920185
FKIT,S+X2_M3_r1,aguacate,1034,0.912210
FKIT,S+X2_M3_r1,aguacate,1035,0.915971
FKIT,S+X2_M3_r1,aguacate,1036,0.913702
FKIT,S+X2_M3_r1,aguacate,1037,0.928323
FKIT,S+X2_M3_r1,aguacate,1038,0.920573
FKIT,S+X2_M3_r1,aguacate,1039,0.924136
FKIT,S+X2_M3_r1,aguacate,1040,0.927396
FKIT,S+X2_M3_r1,aguacate,1041,0.926133
FKIT,S+X2_M3_r1,aguacate,1042,0.923135
FKIT,S+X2_M3_r1,aguacate,1043,0.912979
FKIT,S+X2_M3_r1,aguacate,1044,0.936939
FKIT,S+X2_M3_r1,aguacate,1045,0.941074
FKIT,S+X2_M3_r1,aguacate,1046,0.940261
FKIT,S+X2_M3_r1,aguacate,1047,0.941088
FKIT,S+X2_M3_r1,aguacate,1048,0.942546
FKIT,S+X2_M3_r1,aguacate,1049,0.944501
FKIT,S+X2_M3_r1,aguacate,1050,0.934204
FKIT,S+X2_M3_r1,aguacate,1051,0.931500
FKIT,S+X2_M3_r1,aguacate,1052,0.928148
FKIT,S+X2_M3_r1,aguacate,1053,0.947475
FKIT,S+X2_M3_r1,aguacate,1054,0.949294
FKIT,S+X2_M3_r1,aguacate,1055,0.921242
FKIT,S+X2_M3_r1,aguacate,1056,0.912320
FKIT,S+X2_M3_r1,aguacate,1057,0.928445
FKIT,S+X2_M3_r1,aguacate,1058,0.917127
FKIT,S+X2_M3_r1,aguacate,1059,0.913506
FKIT,S+X2_M3_r1,aguacate,1060,0.913625
FKIT,S+X2_M3_r1,aguacate,1061,0.927953
FKIT,S+X2_M3_r1,aguacate,1062,0.920555
FKIT,S+X2_M3_r1,aguacate,1063,0.918184
FKIT,S+X2_M3_r1,aguacate,1064,0.913370
FKIT,S+X2_M3_r1,aguacate,1065,0.906314
FKIT,S+X2_M3_r1,aguacate,1066,0.904547
FKIT,S+X2_M3_r1,aguacate,1067,0.882338
FKIT,S+X2_M3_r1,aguacate,1068,0.890010
FKIT,S+X2_M3_r1,aguacate,1069,0.891029
FKIT,S+X2_M3_r1,aguacate,1070,0.914484
FKIT,S+X2_M3_r1,aguacate,1071,0.879188
FKIT,S+X2_M3_r1,aguacate,1072,0.897918
FKIT,S+X2_M3_r1,aguacate,1073,0.903266
FKIT,S+X2_M3_r1,aguacate,1074,0.906157
FKIT,S+X2_M3_r1,aguacate,1075,0.897033
FKIT,S+X2_M3_r1,aguacate,1076,0.882014
FKIT,S+X2_M3_r1,aguacate,1077,0.885628
FKIT,S+X2_M3_r1,apple,0,0.014990
FKIT,S+X2_M3_r1,apple,1,0.016876
FKIT,S+X2_M3_r1,apple,2,0.015790
FKIT,S+X2_M3_r1,apple,3,0.015505
FKIT,S+X2_M3_r1,apple,4,0.015568
FKIT,S+X2_M3_r1,apple,5,0.017017
FKIT,S+X2_M3_r1,apple,6,0.015915
FKIT,S+X2_M3_r1,apple,7,0.016431
FKIT,S+X2_M3_r1,apple,8,0.017762
FKIT,S+X2_M3_r1,apple,9,0.016917
FKIT,S+X2_M3_r1,apple,10,0.016500
FKIT,S+X2_M3_r1,apple,11,0.016274
FKIT,S+X2_M3_r1,apple,12,0.017048
FKIT,S+X2_M3_r1,apple,13,0.019387
FKIT,S+X2_M3_r1,apple,14,0.018527
FKIT,S+X2_M3_r1,apple,15,0.019525
FKIT,S+X2_M3_r1,apple,16,0.020214
FKIT,S+X2_M3_r1,apple,17,0.020908
FKIT,S+X2_M3_r1,apple,18,0.019589
FKIT,S+X2_M3_r1,apple,19,0.020278
FKIT,S+X2_M3_r1,apple,20,0.019922
FKIT,S+X2_M3_r1,apple,21,0.020363
FKIT,S+X2_M3_r1,apple,22,0.019488
FKIT,S+X2_M3_r1,apple,23,0.019588
FKIT,S+X2_M3_r1,apple,24,0.016561
FKIT,S+X2_M3_r1,apple,25,0.016564
FKIT,S+X2_M3_r1,apple,26,0.018360
FKIT,S+X2_M3_r1,apple,27,0.016293
FKIT,S+X2_M3_r1,apple,28,0.016913
FKIT,S+X2_M3_r1,apple,29,0.015936
FKIT,S+X2_M3_r1,apple,30,0.014772
FKIT,S+X2_M3_r1,apple,31,0.014772
FKIT,S+X2_M3_r1,apple,32,0.014874
FKIT,S+X2_M3_r1,apple,33,0.015135
FKIT,S+X2_M3_r1,apple,34,0.015481
FKIT,S+X2_M3_r1,apple,35,0.015079
FKIT,S+X2_M3_r1,apple,36,0.014697
FKIT,S+X2_M3_r1,apple,37,0.015269
FKIT,S+X2_M3_r1,apple,38,0.014913
FKIT,S+X2_M3_r1,apple,39,0.015019
FKIT,S+X2_M3_r1,apple,40,0.015108
FKIT,S+X2_M3_r1,apple,41,0.015981
FKIT,S+X2_M3_r1,apple,42,0.015190
FKIT,S+X2_M3_r1,apple,43,0.015000
FKIT,S+X2_M3_r1,apple,44,0.015011
FKIT,S+X2_M3_r1,apple,45,0.014408
FKIT,S+X2_M3_r1,apple,46,0.015417
FKIT,S+X2_M3_r1,apple,47,0.015073
FKIT,S+X2_M3_r1,apple,48,0.015276
FKIT,S+X2_M3_r1,apple,49,0.015885
FKIT,S+X2_M3_r1,apple,50,0.015410
FKIT,S+X2_M3_r1,apple,51,0.015305
FKIT,S+X2_M3_r1,apple,52,0.015238
FKIT,S+X2_M3_r1,apple,53,0.015348
FKIT,S+X2_M3_r1,apple,54,0.014776
FKIT,S+X2_M3_r1,apple,55,0.015312
FKIT,S+X2_M3_r1,apple,56,0.016006
FKIT,S+X2_M3_r1,apple,57,0.015259
FKIT,S+X2_M3_r1,apple,58,0.015172
FKIT,S+X2_M3_r1,apple,59,0.016037
FKIT,S+X2_M3_r1,apple,60,0.015802
FKIT,S+X2_M3_r1,apple,61,0.015427
FKIT,S+X2_M3_r1,apple,62,0.016236
FKIT,S+X2_M3_r1,apple,63,0.016601
FKIT,S+X2_M3_r1,apple,64,0.015058
FKIT,S+X2_M3_r1,apple,65,0.015320
FKIT,S+X2_M3_r1,apple,66,0.014435
FKIT,S+X2_M3_r1,apple,67,0.015648
FKIT,S+X2_M3_r1,apple,68,0.015630
FKIT,S+X2_M3_r1,apple,69,0.016891
FKIT,S+X2_M3_r1,apple,70,0.015554
FKIT,S+X2_M3_r1,apple,71,0.016427
FKIT,S+X2_M3_r1,apple,72,0.014897
FKIT,S+X2_M3_r1,apple,73,0.014008
FKIT,S+X2_M3_r1,apple,74,0.014943
FKIT,S+X2_M3_r1,apple,75,0.014694
FKIT,S+X2_M3_r1,apple,76,0.014274
FKIT,S+X2_M3_r1,apple,77,0.014323
FKIT,S+X2_M3_r1,apple,78,0.013857
FKIT,S+X2_M3_r1,apple,79,0.014414
FKIT,S+X2_M3_r1,apple,80,0.014775
FKIT,S+X2_M3_r1,apple,81,0.015268
FKIT,S+X2_M3_r1,apple,82,0.014433
FKIT,S+X2_M3_r1,apple,83,0.014688
FKIT,S+X2_M3_r1,apple,84,0.014412
FKIT,S+X2_M3_r1,apple,85,0.014503
FKIT,S+X2_M3_r1,apple,86,0.014704
FKIT,S+X2_M3_r1,apple,87,0.013865
FKIT,S+X2_M3_r1,apple,88,0.014590
FKIT,S+X2_M3_r1,apple,89,0.014476
FKIT,S+X2_M3_r1,apple,90,0.014726
FKIT,S+X2_M3_r1,apple,91,0.013862
FKIT,S+X2_M3_r1,apple,92,0.014088
FKIT,S+X2_M3_r1,apple,93,0.014067
FKIT,S+X2_M3_r1,apple,94,0.013669
FKIT,S+X2_M3_r1,apple,95,0.014860
FKIT,S+X2_M3_r1,apple,96,0.014660
FKIT,S+X2_M3_r1,apple,97,0.014727
FKIT,S+X2_M3_r1,apple,98,0.013592
FKIT,S+X2_M3_r1,apple,99,0.014164
FKIT,S+X2_M3_r1,apple,100,0.013770
FKIT,S+X2_M3_r1,apple,101,0.014358
FKIT,S+X2_M3_r1,apple,102,0.014131
FKIT,S+X2_M3_r1,apple,103,0.013876
FKIT,S+X2_M3_r1,apple,104,0.014440
FKIT,S+X2_M3_r1,apple,105,0.013804
FKIT,S+X2_M3_r1,apple,106,0.014104
FKIT,S+X2_M3_r1,apple,107,0.014219
FKIT,S+X2_M3_r1,apple,108,0.014199
FKIT,S+X2_M3_r1,apple,109,0.014149
FKIT,S+X2_M3_r1,apple,110,0.014356
FKIT,S+X2_M3_r1,apple,111,0.014066
FKIT,S+X2_M3_r1,apple,112,0.013621
FKIT,S+X2_M3_r1,apple,113,0.014058
FKIT,S+X2_M3_r1,apple,114,0.013656
FKIT,S+X2_M3_r1,apple,115,0.013870
FKIT,S+X2_M3_r1,apple,116,0.013929
FKIT,S+X2_M3_r1,apple,117,0.014443
FKIT,S+X2_M3_r1,apple,118,0.014064
FKIT,S+X2_M3_r1,apple,119,0.014295
FKIT,S+X2_M3_r1,apple,120,0.013715
FKIT,S+X2_M3_r1,apple,121,0.013506
FKIT,S+X2_M3_r1,apple,122,0.013582
FKIT,S+X2_M3_r1,apple,123,0.013873
FKIT,S+X2_M3_r1,apple,124,0.013742
FKIT,S+X2_M3_r1,apple,125,0.014257
FKIT,S+X2_M3_r1,apple,126,0.013129
FKIT,S+X2_M3_r1,apple,127,0.013908
FKIT,S+X2_M3_r1,apple,128,0.014038
FKIT,S+X2_M3_r1,apple,129,0.013573
FKIT,S+X2_M3_r1,apple,130,0.013392
FKIT,S+X2_M3_r1,apple,131,0.013904
FKIT,S+X2_M3_r1,apple,132,0.013581
FKIT,S+X2_M3_r1,apple,133,0.014314
FKIT,S+X2_M3_r1,apple,134,0.013496
FKIT,S+X2_M3_r1,apple,135,0.013772
FKIT,S+X2_M3_r1,apple,136,0.014175
FKIT,S+X2_M3_r1,apple,137,0.013489
FKIT,S+X2_M3_r1,apple,138,0.013152
FKIT,S+X2_M3_r1,apple,139,0.014332
FKIT,S+X2_M3_r1,apple,140,0.013304
FKIT,S+X2_M3_r1,apple,141,0.013130
FKIT,S+X2_M3_r1,apple,142,0.013511
FKIT,S+X2_M3_r1,apple,143,0.013013
FKIT,S+X2_M3_r1,apple,144,0.013813
FKIT,S+X2_M3_r1,apple,145,0.013635
FKIT,S+X2_M3_r1,apple,146,0.013631
FKIT,S+X2_M3_r1,apple,147,0.014052
FKIT,S+X2_M3_r1,apple,148,0.013827
FKIT,S+X2_M3_r1,apple,149,0.014412
FKIT,S+X2_M3_r1,apple,150,0.014913
FKIT,S+X2_M3_r1,apple,151,0.014874
FKIT,S+X2_M3_r1,apple,152,0.015332
FKIT,S+X2_M3_r1,apple,153,0.015224
FKIT,S+X2_M3_r1,apple,154,0.015353
FKIT,S+X2_M3_r1,apple,155,0.014708
FKIT,S+X2_M3_r1,apple,156,0.014755
FKIT,S+X2_M3_r1,apple,157,0.014585
FKIT,S+X2_M3_r1,apple,158,0.015045
FKIT,S+X2_M3_r1,apple,159,0.014909
FKIT,S+X2_M3_r1,apple,160,0.014785
FKIT,S+X2_M3_r1,apple,161,0.013902
FKIT,S+X2_M3_r1,apple,162,0.014672
FKIT,S+X2_M3_r1,apple,163,0.015404
FKIT,S+X2_M3_r1,apple,164,0.015210
FKIT,S+X2_M3_r1,apple,165,0.015185
FKIT,S+X2_M3_r1,apple,166,0.015457
FKIT,S+X2_M3_r1,apple,167,0.014931
FKIT,S+X2_M3_r1,apple,168,0.013897
FKIT,S+X2_M3_r1,apple,169,0.014631
FKIT,S+X2_M3_r1,apple,170,0.015102
FKIT,S+X2_M3_r1,apple,171,0.014553
FKIT,S+X2_M3_r1,apple,172,0.014960
FKIT,S+X2_M3_r1,apple,173,0.013926
FKIT,S+X2_M3_r1,apple,174,0.014290
FKIT,S+X2_M3_r1,apple,175,0.014515
FKIT,S+X2_M3_r1,apple,176,0.014926
FKIT,S+X2_M3_r1,apple,177,0.014709
FKIT,S+X2_M3_r1,apple,178,0.014420
FKIT,S+X2_M3_r1,apple,179,0.014810
FKIT,S+X2_M3_r1,apple,180,0.014615
FKIT,S+X2_M3_r1,apple,181,0.014489
FKIT,S+X2_M3_r1,apple,182,0.014612
FKIT,S+X2_M3_r1,apple,183,0.015201
FKIT,S+X2_M3_r1,apple,184,0.015415
FKIT,S+X2_M3_r1,apple,185,0.014516
FKIT,S+X2_M3_r1,apple,186,0.015831
FKIT,S+X2_M3_r1,apple,187,0.014802
FKIT,S+X2_M3_r1,apple,188,0.015740
FKIT,S+X2_M3_r1,apple,189,0.015581
FKIT,S+X2_M3_r1,apple,190,0.015374
FKIT,S+X2_M3_r1,apple,191,0.016155
FKIT,S+X2_M3_r1,apple,192,0.015713
FKIT,S+X2_M3_r1,apple,193,0.016249
FKIT,S+X2_M3_r1,apple,194,0.015273
FKIT,S+X2_M3_r1,apple,195,0.016857
FKIT,S+X2_M3_r1,apple,196,0.015695
FKIT,S+X2_M3_r1,apple,197,0.015288
FKIT,S+X2_M3_r1,apple,198,0.015196
FKIT,S+X2_M3_r1,apple,199,0.014508
FKIT,S+X2_M3_r1,apple,200,0.014519
FKIT,S+X2_M3_r1,apple,201,0.014936
FKIT,S+X2_M3_r1,apple,202,0.015157
FKIT,S+X2_M3_r1,apple,203,0.015422
FKIT,S+X2_M3_r1,apple,204,0.015766
FKIT,S+X2_M3_r1,apple,205,0.015749
FKIT,S+X2_M3_r1,apple,206,0.015491
FKIT,S+X2_M3_r1,apple,207,0.014867
FKIT,S+X2_M3_r1,apple,208,0.014771
FKIT,S+X2_M3_r1,apple,209,0.015500
FKIT,S+X2_M3_r1,apple,210,0.014001
FKIT,S+X2_M3_r1,apple,211,0.015441
FKIT,S+X2_M3_r1,apple,212,0.016288
FKIT,S+X2_M3_r1,apple,213,0.015784
FKIT,S+X2_M3_r1,apple,214,0.016956
FKIT,S+X2_M3_r1,apple,215,0.016568
FKIT,S+X2_M3_r1,apple,216,0.017199
FKIT,S+X2_M3_r1,apple,217,0.016408
FKIT,S+X2_M3_r1,apple,218,0.017223
FKIT,S+X2_M3_r1,apple,219,0.018101
FKIT,S+X2_M3_r1,apple,220,0.017450
FKIT,S+X2_M3_r1,apple,221,0.016549
FKIT,S+X2_M3_r1,apple,222,0.017494
FKIT,S+X2_M3_r1,apple,223,0.018366
FKIT,S+X2_M3_r1,apple,224,0.017885
FKIT,S+X2_M3_r1,apple,225,0.017235
FKIT,S+X2_M3_r1,apple,226,0.017895
FKIT,S+X2_M3_r1,apple,227,0.017303
FKIT,S+X2_M3_r1,apple,228,0.017261
FKIT,S+X2_M3_r1,apple,229,0.017395
FKIT,S+X2_M3_r1,apple,230,0.017588
FKIT,S+X2_M3_r1,apple,231,0.015956
FKIT,S+X2_M3_r1,apple,232,0.017357
FKIT,S+X2_M3_r1,apple,233,0.017540
FKIT,S+X2_M3_r1,apple,234,0.016507
FKIT,S+X2_M3_r1,apple,235,0.018999
FKIT,S+X2_M3_r1,apple,236,0.017358
FKIT,S+X2_M3_r1,apple,237,0.016657
FKIT,S+X2_M3_r1,apple,238,0.018953
FKIT,S+X2_M3_r1,apple,239,0.019311
FKIT,S+X2_M3_r1,apple,240,0.017092
FKIT,S+X2_M3_r1,apple,241,0.019399
FKIT,S+X2_M3_r1,apple,242,0.019005
FKIT,S+X2_M3_r1,apple,243,0.015729
FKIT,S+X2_M3_r1,apple,244,0.018141
FKIT,S+X2_M3_r1,apple,245,0.017519
FKIT,S+X2_M3_r1,apple,246,0.016876
FKIT,S+X2_M3_r1,apple,247,0.017841
FKIT,S+X2_M3_r1,apple,248,0.017051
FKIT,S+X2_M3_r1,apple,249,0.018407
FKIT,S+X2_M3_r1,apple,250,0.016999
FKIT,S+X2_M3_r1,apple,251,0.016528
FKIT,S+X2_M3_r1,apple,252,0.016462
FKIT,S+X2_M3_r1,apple,253,0.015953
FKIT,S+X2_M3_r1,apple,254,0.017544
FKIT,S+X2_M3_r1,apple,255,0.017240
FKIT,S+X2_M3_r1,apple,256,0.017389
FKIT,S+X2_M3_r1,apple,257,0.016358
FKIT,S+X2_M3_r1,apple,258,0.017366
FKIT,S+X2_M3_r1,apple,259,0.016167
FKIT,S+X2_M3_r1,apple,260,0.017087
FKIT,S+X2_M3_r1,apple,261,0.015199
FKIT,S+X2_M3_r1,apple,262,0.014699
FKIT,S+X2_M3_r1,apple,263,0.016099
FKIT,S+X2_M3_r1,apple,264,0.016426
FKIT,S+X2_M3_r1,apple,265,0.017523
FKIT,S+X2_M3_r1,apple,266,0.015471
FKIT,S+X2_M3_r1,apple,267,0.017915
FKIT,S+X2_M3_r1,apple,268,0.015889
FKIT,S+X2_M3_r1,apple,269,0.017140
FKIT,S+X2_M3_r1,apple,270,0.016970
FKIT,S+X2_M3_r1,apple,271,0.015634
FKIT,S+X2_M3_r1,apple,272,0.014611
FKIT,S+X2_M3_r1,apple,273,0.017663
FKIT,S+X2_M3_r1,apple,274,0.015550
FKIT,S+X2_M3_r1,apple,275,0.017183
FKIT,S+X2_M3_r1,apple,276,0.016457
FKIT,S+X2_M3_r1,apple,277,0.018467
FKIT,S+X2_M3_r1,apple,278,0.017349
FKIT,S+X2_M3_r1,apple,279,0.016748
FKIT,S+X2_M3_r1,apple,280,0.017514
FKIT,S+X2_M3_r1,apple,281,0.016526
FKIT,S+X2_M3_r1,apple,282,0.017897
FKIT,S+X2_M3_r1,apple,283,0.017883
FKIT,S+X2_M3_r1,apple,284,0.016771
FKIT,S+X2_M3_r1,apple,285,0.017432
FKIT,S+X2_M3_r1,apple,286,0.016742
FKIT,S+X2_M3_r1,apple,287,0.017965
FKIT,S+X2_M3_r1,apple,288,0.017721
FKIT,S+X2_M3_r1,apple,289,0.018151
FKIT,S+X2_M3_r1,apple,290,0.018040
FKIT,S+X2_M3_r1,apple,291,0.018137
FKIT,S+X2_M3_r1,apple,292,0.018422
FKIT,S+X2_M3_r1,apple,293,0.017703
FKIT,S+X2_M3_r1,apple,294,0.016191
FKIT,S+X2_M3_r1,apple,295,0.016886
FKIT,S+X2_M3_r1,apple,296,0.015913
FKIT,S+X2_M3_r1,apple,297,0.018410
FKIT,S+X2_M3_r1,apple,298,0.017488
FKIT,S+X2_M3_r1,apple,299,0.017662
FKIT,S+X2_M3_r1,apple,300,0.017549
FKIT,S+X2_M3_r1,apple,301,0.017339
FKIT,S+X2_M3_r1,apple,302,0.016697
FKIT,S+X2_M3_r1,apple,303,0.017055
FKIT,S+X2_M3_r1,apple,304,0.015410
FKIT,S+X2_M3_r1,apple,305,0.016694
FKIT,S+X2_M3_r1,apple,306,0.018178
FKIT,S+X2_M3_r1,apple,307,0.017894
FKIT,S+X2_M3_r1,apple,308,0.017284
FKIT,S+X2_M3_r1,apple,309,0.017188
FKIT,S+X2_M3_r1,apple,310,0.017355
FKIT,S+X2_M3_r1,apple,311,0.016906
FKIT,S+X2_M3_r1,apple,312,0.016275
FKIT,S+X2_M3_r1,apple,313,0.016816
FKIT,S+X2_M3_r1,apple,314,0.016504
FKIT,S+X2_M3_r1,apple,315,0.015381
FKIT,S+X2_M3_r1,apple,316,0.016778
FKIT,S+X2_M3_r1,apple,317,0.015546
FKIT,S+X2_M3_r1,apple,318,0.016308
FKIT,S+X2_M3_r1,apple,319,0.017996
FKIT,S+X2_M3_r1,apple,320,0.017304
FKIT,S+X2_M3_r1,apple,321,0.016401
FKIT,S+X2_M3_r1,apple,322,0.017097
FKIT,S+X2_M3_r1,apple,323,0.017242
FKIT,S+X2_M3_r1,apple,324,0.017558
FKIT,S+X2_M3_r1,apple,325,0.016899
FKIT,S+X2_M3_r1,apple,326,0.017907
FKIT,S+X2_M3_r1,apple,327,0.018062
FKIT,S+X2_M3_r1,apple,328,0.016737
FKIT,S+X2_M3_r1,apple,329,0.016302
FKIT,S+X2_M3_r1,apple,330,0.018277
FKIT,S+X2_M3_r1,apple,331,0.017694
FKIT,S+X2_M3_r1,apple,332,0.017637
FKIT,S+X2_M3_r1,apple,333,0.018532
FKIT,S+X2_M3_r1,apple,334,0.016893
FKIT,S+X2_M3_r1,apple,335,0.017188
FKIT,S+X2_M3_r1,apple,336,0.017998
FKIT,S+X2_M3_r1,apple,337,0.018065
FKIT,S+X2_M3_r1,apple,338,0.018088
FKIT,S+X2_M3_r1,apple,339,0.017777
FKIT,S+X2_M3_r1,apple,340,0.017046
FKIT,S+X2_M3_r1,apple,341,0.016916
FKIT,S+X2_M3_r1,apple,342,0.016491
FKIT,S+X2_M3_r1,apple,343,0.017075
FKIT,S+X2_M3_r1,apple,344,0.018042
FKIT,S+X2_M3_r1,apple,345,0.017767
FKIT,S+X2_M3_r1,apple,346,0.016644
FKIT,S+X2_M3_r1,apple,347,0.018907
FKIT,S+X2_M3_r1,apple,348,0.016854
FKIT,S+X2_M3_r1,apple,349,0.017830
FKIT,S+X2_M3_r1,apple,350,0.017712
FKIT,S+X2_M3_r1,apple,351,0.017374
FKIT,S+X2_M3_r1,apple,352,0.017633
FKIT,S+X2_M3_r1,apple,353,0.017190
FKIT,S+X2_M3_r1,apple,354,0.018528
FKIT,S+X2_M3_r1,apple,355,0.018046
FKIT,S+X2_M3_r1,apple,356,0.019129
FKIT,S+X2_M3_r1,apple,357,0.017325
FKIT,S+X2_M3_r1,apple,358,0.018715
FKIT,S+X2_M3_r1,apple,359,0.017572
FKIT,S+X2_M3_r1,apple,360,0.017840
FKIT,S+X2_M3_r1,apple,361,0.016669
FKIT,S+X2_M3_r1,apple,362,0.016456
FKIT,S+X2_M3_r1,apple,363,0.017014
FKIT,S+X2_M3_r1,apple,364,0.017245
FKIT,S+X2_M3_r1,apple,365,0.016701
FKIT,S+X2_M3_r1,apple,366,0.016235
FKIT,S+X2_M3_r1,apple,367,0.015954
FKIT,S+X2_M3_r1,apple,368,0.018077
FKIT,S+X2_M3_r1,apple,369,0.019993
FKIT,S+X2_M3_r1,apple,370,0.018795
FKIT,S+X2_M3_r1,apple,371,0.015661
FKIT,S+X2_M3_r1,apple,372,0.016133
FKIT,S+X2_M3_r1,apple,373,0.017177
FKIT,S+X2_M3_r1,apple,374,0.018062
FKIT,S+X2_M3_r1,apple,375,0.019218
FKIT,S+X2_M3_r1,apple,376,0.018800
FKIT,S+X2_M3_r1,apple,377,0.020046
FKIT,S+X2_M3_r1,apple,378,0.016503
FKIT,S+X2_M3_r1,apple,379,0.017156
FKIT,S+X2_M3_r1,apple,380,0.019163
FKIT,S+X2_M3_r1,apple,381,0.022101
FKIT,S+X2_M3_r1,apple,382,0.021096
FKIT,S+X2_M3_r1,apple,383,0.020306
FKIT,S+X2_M3_r1,apple,384,0.019835
FKIT,S+X2_M3_r1,apple,385,0.019386
FKIT,S+X2_M3_r1,apple,386,0.020801
FKIT,S+X2_M3_r1,apple,387,0.021070
FKIT,S+X2_M3_r1,apple,388,0.019806
FKIT,S+X2_M3_r1,apple,389,0.020106
FKIT,S+X2_M3_r1,apple,390,0.021259
FKIT,S+X2_M3_r1,apple,391,0.020471
FKIT,S+X2_M3_r1,apple,392,0.021079
FKIT,S+X2_M3_r1,apple,393,0.019021
FKIT,S+X2_M3_r1,apple,394,0.021343
FKIT,S+X2_M3_r1,apple,395,0.020578
FKIT,S+X2_M3_r1,apple,396,0.020341
FKIT,S+X2_M3_r1,apple,397,0.022403
FKIT,S+X2_M3_r1,apple,398,0.021117
FKIT,S+X2_M3_r1,apple,399,0.021363
FKIT,S+X2_M3_r1,apple,400,0.021254
FKIT,S+X2_M3_r1,apple,401,0.019728
FKIT,S+X2_M3_r1,apple,402,0.019871
FKIT,S+X2_M3_r1,apple,403,0.018773
FKIT,S+X2_M3_r1,apple,404,0.019772
FKIT,S+X2_M3_r1,apple,405,0.019130
FKIT,S+X2_M3_r1,apple,406,0.016376
FKIT,S+X2_M3_r1,apple,407,0.019188
FKIT,S+X2_M3_r1,apple,408,0.018973
FKIT,S+X2_M3_r1,apple,409,0.017944
FKIT,S+X2_M3_r1,apple,410,0.018025
FKIT,S+X2_M3_r1,apple,411,0.016603
FKIT,S+X2_M3_r1,apple,412,0.016017
FKIT,S+X2_M3_r1,apple,413,0.017784
FKIT,S+X2_M3_r1,apple,414,0.016806
FKIT,S+X2_M3_r1,apple,415,0.016055
FKIT,S+X2_M3_r1,apple,416,0.018631
FKIT,S+X2_M3_r1,apple,417,0.017421
FKIT,S+X2_M3_r1,apple,418,0.017536
FKIT,S+X2_M3_r1,apple,419,0.018393
FKIT,S+X2_M3_r1,apple,420,0.017618
FKIT,S+X2_M3_r1,apple,421,0.018998
FKIT,S+X2_M3_r1,apple,422,0.019311
FKIT,S+X2_M3_r1,apple,423,0.018723
FKIT,S+X2_M3_r1,apple,424,0.018576
FKIT,S+X2_M3_r1,apple,425,0.018018
FKIT,S+X2_M3_r1,apple,426,0.019583
FKIT,S+X2_M3_r1,apple,427,0.018692
FKIT,S+X2_M3_r1,apple,428,0.018772
FKIT,S+X2_M3_r1,apple,429,0.017431
FKIT,S+X2_M3_r1,apple,430,0.018379
FKIT,S+X2_M3_r1,apple,431,0.017406
FKIT,S+X2_M3_r1,apple,432,0.018950
FKIT,S+X2_M3_r1,apple,433,0.019254
FKIT,S+X2_M3_r1,apple,434,0.018940
FKIT,S+X2_M3_r1,apple,435,0.019273
FKIT,S+X2_M3_r1,apple,436,0.017860
FKIT,S+X2_M3_r1,apple,437,0.018611
FKIT,S+X2_M3_r1,apple,438,0.018225
FKIT,S+X2_M3_r1,apple,439,0.016871
FKIT,S+X2_M3_r1,apple,440,0.017482
FKIT,S+X2_M3_r1,apple,441,0.017050
FKIT,S+X2_M3_r1,apple,442,0.017631
FKIT,S+X2_M3_r1,apple,443,0.016553
FKIT,S+X2_M3_r1,apple,444,0.016203
FKIT,S+X2_M3_r1,apple,445,0.016264
FKIT,S+X2_M3_r1,apple,446,0.015925
FKIT,S+X2_M3_r1,apple,447,0.015929
FKIT,S+X2_M3_r1,apple,448,0.015603
FKIT,S+X2_M3_r1,apple,449,0.015702
FKIT,S+X2_M3_r1,apple,450,0.014640
FKIT,S+X2_M3_r1,apple,451,0.015793
FKIT,S+X2_M3_r1,apple,452,0.014907
FKIT,S+X2_M3_r1,apple,453,0.014565
FKIT,S+X2_M3_r1,apple,454,0.015210
FKIT,S+X2_M3_r1,apple,455,0.015072
FKIT,S+X2_M3_r1,apple,456,0.015008
FKIT,S+X2_M3_r1,apple,457,0.015237
FKIT,S+X2_M3_r1,apple,458,0.014846
FKIT,S+X2_M3_r1,apple,459,0.014893
FKIT,S+X2_M3_r1,apple,460,0.015215
FKIT,S+X2_M3_r1,apple,461,0.014608
FKIT,S+X2_M3_r1,apple,462,0.015014
FKIT,S+X2_M3_r1,apple,463,0.016132
FKIT,S+X2_M3_r1,apple,464,0.015313
FKIT,S+X2_M3_r1,apple,465,0.015703
FKIT,S+X2_M3_r1,apple,466,0.015147
FKIT,S+X2_M3_r1,apple,467,0.015348
FKIT,S+X2_M3_r1,apple,468,0.015342
FKIT,S+X2_M3_r1,apple,469,0.015446
FKIT,S+X2_M3_r1,apple,470,0.015608
FKIT,S+X2_M3_r1,apple,471,0.015345
FKIT,S+X2_M3_r1,apple,472,0.015245
FKIT,S+X2_M3_r1,apple,473,0.015321
FKIT,S+X2_M3_r1,apple,474,0.014519
FKIT,S+X2_M3_r1,apple,475,0.014063
FKIT,S+X2_M3_r1,apple,476,0.014223
FKIT,S+X2_M3_r1,apple,477,0.014681
FKIT,S+X2_M3_r1,apple,478,0.014175
FKIT,S+X2_M3_r1,apple,479,0.014582
FKIT,S+X2_M3_r1,apple,480,0.014187
FKIT,S+X2_M3_r1,apple,481,0.014233
FKIT,S+X2_M3_r1,apple,482,0.014037
FKIT,S+X2_M3_r1,apple,483,0.014443
FKIT,S+X2_M3_r1,apple,484,0.013953
FKIT,S+X2_M3_r1,apple,485,0.013699
FKIT,S+X2_M3_r1,apple,486,0.013605
FKIT,S+X2_M3_r1,apple,487,0.014380
FKIT,S+X2_M3_r1,apple,488,0.014065
FKIT,S+X2_M3_r1,apple,489,0.014468
FKIT,S+X2_M3_r1,apple,490,0.014229
FKIT,S+X2_M3_r1,apple,491,0.015025
FKIT,S+X2_M3_r1,apple,492,0.014827
FKIT,S+X2_M3_r1,apple,493,0.014669
FKIT,S+X2_M3_r1,apple,494,0.014473
FKIT,S+X2_M3_r1,apple,495,0.014634
FKIT,S+X2_M3_r1,apple,496,0.014847
FKIT,S+X2_M3_r1,apple,497,0.013705
FKIT,S+X2_M3_r1,apple,498,0.014274
FKIT,S+X2_M3_r1,apple,499,0.014749
FKIT,S+X2_M3_r1,apple,500,0.014345
FKIT,S+X2_M3_r1,apple,501,0.014952
FKIT,S+X2_M3_r1,apple,502,0.014562
FKIT,S+X2_M3_r1,apple,503,0.014358
FKIT,S+X2_M3_r1,apple,504,0.013965
FKIT,S+X2_M3_r1,apple,505,0.014160
FKIT,S+X2_M3_r1,apple,506,0.014387
FKIT,S+X2_M3_r1,apple,507,0.014307
FKIT,S+X2_M3_r1,apple,508,0.013587
FKIT,S+X2_M3_r1,apple,509,0.013354
FKIT,S+X2_M3_r1,apple,510,0.013273
FKIT,S+X2_M3_r1,apple,511,0.013455
FKIT,S+X2_M3_r1,apple,512,0.013530
FKIT,S+X2_M3_r1,apple,513,0.013469
FKIT,S+X2_M3_r1,apple,514,0.013629
FKIT,S+X2_M3_r1,apple,515,0.014313
FKIT,S+X2_M3_r1,apple,516,0.013738
FKIT,S+X2_M3_r1,apple,517,0.013222
FKIT,S+X2_M3_r1,apple,518,0.013389
FKIT,S+X2_M3_r1,apple,519,0.013240
FKIT,S+X2_M3_r1,apple,520,0.013280
FKIT,S+X2_M3_r1,apple,521,0.013765
FKIT,S+X2_M3_r1,apple,522,0.013922
FKIT,S+X2_M3_r1,apple,523,0.013216
FKIT,S+X2_M3_r1,apple,524,0.014031
FKIT,S+X2_M3_r1,apple,525,0.013320
FKIT,S+X2_M3_r1,apple,526,0.013682
FKIT,S+X2_M3_r1,apple,527,0.013487
FKIT,S+X2_M3_r1,apple,528,0.013768
FKIT,S+X2_M3_r1,apple,529,0.014247
FKIT,S+X2_M3_r1,apple,530,0.014495
FKIT,S+X2_M3_r1,apple,531,0.013669
FKIT,S+X2_M3_r1,apple,532,0.014187
FKIT,S+X2_M3_r1,apple,533,0.013299
FKIT,S+X2_M3_r1,apple,534,0.013625
FKIT,S+X2_M3_r1,apple,535,0.013254
FKIT,S+X2_M3_r1,apple,536,0.014213
FKIT,S+X2_M3_r1,apple,537,0.013661
FKIT,S+X2_M3_r1,apple,538,0.013938
FKIT,S+X2_M3_r1,apple,539,0.013750
FKIT,S+X2_M3_r1,apple,540,0.013763
FKIT,S+X2_M3_r1,apple,541,0.014220
FKIT,S+X2_M3_r1,apple,542,0.013223
FKIT,S+X2_M3_r1,apple,543,0.013660
FKIT,S+X2_M3_r1,apple,544,0.014294
FKIT,S+X2_M3_r1,apple,545,0.013949
FKIT,S+X2_M3_r1,apple,546,0.013404
FKIT,S+X2_M3_r1,apple,547,0.013943
FKIT,S+X2_M3_r1,apple,548,0.014122
FKIT,S+X2_M3_r1,apple,549,0.014804
FKIT,S+X2_M3_r1,apple,550,0.014335
FKIT,S+X2_M3_r1,apple,551,0.013782
FKIT,S+X2_M3_r1,apple,552,0.014261
FKIT,S+X2_M3_r1,apple,553,0.013947
FKIT,S+X2_M3_r1,apple,554,0.014086
FKIT,S+X2_M3_r1,apple,555,0.014442
FKIT,S+X2_M3_r1,apple,556,0.014726
FKIT,S+X2_M3_r1,apple,557,0.014400
FKIT,S+X2_M3_r1,apple,558,0.014417
FKIT,S+X2_M3_r1,apple,559,0.015027
FKIT,S+X2_M3_r1,apple,560,0.015157
FKIT,S+X2_M3_r1,apple,561,0.014846
FKIT,S+X2_M3_r1,apple,562,0.013635
FKIT,S+X2_M3_r1,apple,563,0.014403
FKIT,S+X2_M3_r1,apple,564,0.013515
FKIT,S+X2_M3_r1,apple,565,0.013525
FKIT,S+X2_M3_r1,apple,566,0.013760
FKIT,S+X2_M3_r1,apple,567,0.014123
FKIT,S+X2_M3_r1,apple,568,0.013267
FKIT,S+X2_M3_r1,apple,569,0.013839
FKIT,S+X2_M3_r1,apple,570,0.014867
FKIT,S+X2_M3_r1,apple,571,0.014737
FKIT,S+X2_M3_r1,apple,572,0.014501
FKIT,S+X2_M3_r1,apple,573,0.016307
FKIT,S+X2_M3_r1,apple,574,0.014142
FKIT,S+X2_M3_r1,apple,575,0.014582
FKIT,S+X2_M3_r1,apple,576,0.014752
FKIT,S+X2_M3_r1,apple,577,0.015419
FKIT,S+X2_M3_r1,apple,578,0.016406
FKIT,S+X2_M3_r1,apple,579,0.015369
FKIT,S+X2_M3_r1,apple,580,0.014830
FKIT,S+X2_M3_r1,apple,581,0.013944
FKIT,S+X2_M3_r1,apple,582,0.014761
FKIT,S+X2_M3_r1,apple,583,0.014641
FKIT,S+X2_M3_r1,apple,584,0.015169
FKIT,S+X2_M3_r1,apple,585,0.014095
FKIT,S+X2_M3_r1,apple,586,0.014546
FKIT,S+X2_M3_r1,apple,587,0.015699
FKIT,S+X2_M3_r1,apple,588,0.014818
FKIT,S+X2_M3_r1,apple,589,0.014201
FKIT,S+X2_M3_r1,apple,590,0.015252
FKIT,S+X2_M3_r1,apple,591,0.015375
FKIT,S+X2_M3_r1,apple,592,0.015288
FKIT,S+X2_M3_r1,apple,593,0.015415
FKIT,S+X2_M3_r1,apple,594,0.015434
FKIT,S+X2_M3_r1,apple,595,0.015842
FKIT,S+X2_M3_r1,apple,596,0.015228
FKIT,S+X2_M3_r1,apple,597,0.015718
FKIT,S+X2_M3_r1,apple,598,0.016762
FKIT,S+X2_M3_r1,apple,599,0.016582
FKIT,S+X2_M3_r1,apple,600,0.016003
FKIT,S+X2_M3_r1,apple,601,0.016354
FKIT,S+X2_M3_r1,apple,602,0.017568
FKIT,S+X2_M3_r1,apple,603,0.017419
FKIT,S+X2_M3_r1,apple,604,0.016986
FKIT,S+X2_M3_r1,apple,605,0.017486
FKIT,S+X2_M3_r1,apple,606,0.017386
FKIT,S+X2_M3_r1,apple,607,0.017573
FKIT,S+X2_M3_r1,apple,608,0.017148
FKIT,S+X2_M3_r1,apple,609,0.017592
FKIT,S+X2_M3_r1,apple,610,0.017447
FKIT,S+X2_M3_r1,apple,611,0.017155
FKIT,S+X2_M3_r1,apple,612,0.017009
FKIT,S+X2_M3_r1,apple,613,0.017230
FKIT,S+X2_M3_r1,apple,614,0.017634
FKIT,S+X2_M3_r1,apple,615,0.018693
FKIT,S+X2_M3_r1,apple,616,0.019580
FKIT,S+X2_M3_r1,apple,617,0.017966
FKIT,S+X2_M3_r1,apple,618,0.017303
FKIT,S+X2_M3_r1,apple,619,0.017099
FKIT,S+X2_M3_r1,apple,620,0.017779
FKIT,S+X2_M3_r1,apple,621,0.015535
FKIT,S+X2_M3_r1,apple,622,0.015742
FKIT,S+X2_M3_r1,apple,623,0.015682
FKIT,S+X2_M3_r1,apple,624,0.015336
FKIT,S+X2_M3_r1,apple,625,0.015972
FKIT,S+X2_M3_r1,apple,626,0.017213
FKIT,S+X2_M3_r1,apple,627,0.021141
FKIT,S+X2_M3_r1,apple,628,0.001644
FKIT,S+X2_M3_r1,apple,629,0.000000
FKIT,S+X2_M3_r1,apple,630,0.000000
FKIT,S+X2_M3_r1,apple,631,0.000000
FKIT,S+X2_M3_r1,apple,632,0.000000
FKIT,S+X2_M3_r1,apple,633,0.000000
FKIT,S+X2_M3_r1,apple,634,0.000000
FKIT,S+X2_M3_r1,apple,635,0.000000
FKIT,S+X2_M3_r1,apple,636,0.000000
FKIT,S+X2_M3_r1,apple,637,0.000000
FKIT,S+X2_M3_r1,apple,638,0.000000
FKIT,S+X2_M3_r1,apple,639,0.000000
FKIT,S+X2_M3_r1,apple,640,0.000000
FKIT,S+X2_M3_r1,apple,641,0.000000
FKIT,S+X2_M3_r1,apple,642,0.000000
FKIT,S+X2_M3_r1,apple,643,0.000000
FKIT,S+X2_M3_r1,apple,644,0.000000
FKIT,S+X2_M3_r1,apple,645,0.000000
FKIT,S+X2_M3_r1,apple,646,0.000000
FKIT,S+X2_M3_r1,apple,647,0.000000
FKIT,S+X2_M3_r1,apple,648,0.000000
FKIT,S+X2_M3_r1,apple,649,0.000000
FKIT,S+X2_M3_r1,apple,650,0.000000
FKIT,S+X2_M3_r1,apple,651,0.000000
FKIT,S+X2_M3_r1,apple,652,0.000000
FKIT,S+X2_M3_r1,apple,653,0.000000
FKIT,S+X2_M3_r1,apple,654,0.000000
FKIT,S+X2_M3_r1,apple,655,0.000000
FKIT,S+X2_M3_r1,apple,656,0.000000
FKIT,S+X2_M3_r1,apple,657,0.000000
FKIT,S+X2_M3_r1,apple,658,0.000000
FKIT,S+X2_M3_r1,apple,659,0.000000
FKIT,S+X2_M3_r1,apple,660,0.000000
FKIT,S+X2_M3_r1,apple,661,0.000000
FKIT,S+X2_M3_r1,apple,662,0.000000
FKIT,S+X2_M3_r1,apple,663,0.000000
FKIT,S+X2_M3_r1,apple,664,0.000000
FKIT,S+X2_M3_r1,apple,665,0.000000
FKIT,S+X2_M3_r1,apple,666,0.000000
FKIT,S+X2_M3_r1,apple,667,0.000000
FKIT,S+X2_M3_r1,apple,668,0.000000
FKIT,S+X2_M3_r1,apple,669,0.000000
FKIT,S+X2_M3_r1,apple,670,0.000000
FKIT,S+X2_M3_r1,apple,671,0.000000
FKIT,S+X2_M3_r1,apple,672,0.000000
FKIT,S+X2_M3_r1,apple,673,0.000000
FKIT,S+X2_M3_r1,apple,674,0.000000
FKIT,S+X2_M3_r1,apple,675,0.000000
FKIT,S+X2_M3_r1,apple,676,0.000000
FKIT,S+X2_M3_r1,apple,677,0.000000
FKIT,S+X2_M3_r1,apple,678,0.000000
FKIT,S+X2_M3_r1,apple,679,0.000000
FKIT,S+X2_M3_r1,apple,680,0.000000
FKIT,S+X2_M3_r1,apple,681,0.000000
FKIT,S+X2_M3_r1,apple,682,0.000000
FKIT,S+X2_M3_r1,apple,683,0.000000
FKIT,S+X2_M3_r1,apple,684,0.000000
FKIT,S+X2_M3_r1,apple,685,0.000000
FKIT,S+X2_M3_r1,apple,686,0.000000
FKIT,S+X2_M3_r1,apple,687,0.000000
FKIT,S+X2_M3_r1,apple,688,0.000000
FKIT,S+X2_M3_r1,apple,689,0.000000
FKIT,S+X2_M3_r1,apple,690,0.000000
FKIT,S+X2_M3_r1,apple,691,0.000000
FKIT,S+X2_M3_r1,apple,692,0.000000
FKIT,S+X2_M3_r1,apple,693,0.000000
FKIT,S+X2_M3_r1,apple,694,0.000000
FKIT,S+X2_M3_r1,apple,695,0.000000
FKIT,S+X2_M3_r1,apple,696,0.000000
FKIT,S+X2_M3_r1,apple,697,0.000000
FKIT,S+X2_M3_r1,apple,698,0.000000
FKIT,S+X2_M3_r1,apple,699,0.000000
FKIT,S+X2_M3_r1,apple,700,0.000000
FKIT,S+X2_M3_r1,apple,701,0.000000
FKIT,S+X2_M3_r1,apple,702,0.000000
FKIT,S+X2_M3_r1,apple,703,0.000000
FKIT,S+X2_M3_r1,apple,704,0.000000
FKIT,S+X2_M3_r1,apple,705,0.000000
FKIT,S+X2_M3_r1,apple,706,0.000000
FKIT,S+X2_M3_r1,apple,707,0.000000
FKIT,S+X2_M3_r1,apple,708,0.000000
FKIT,S+X2_M3_r1,apple,709,0.000000
FKIT,S+X2_M3_r1,apple,710,0.000000
FKIT,S+X2_M3_r1,apple,711,0.000000
FKIT,S+X2_M3_r1,apple,712,0.000000
FKIT,S+X2_M3_r1,apple,713,0.000000
FKIT,S+X2_M3_r1,apple,714,0.000000
FKIT,S+X2_M3_r1,apple,715,0.000000
FKIT,S+X2_M3_r1,apple,716,0.000000
FKIT,S+X2_M3_r1,apple,717,0.000000
FKIT,S+X2_M3_r1,apple,718,0.000000
FKIT,S+X2_M3_r1,apple,719,0.000000
FKIT,S+X2_M3_r1,apple,720,0.000000
FKIT,S+X2_M3_r1,apple,721,0.000000
FKIT,S+X2_M3_r1,apple,722,0.000000
FKIT,S+X2_M3_r1,apple,723,0.000000
FKIT,S+X2_M3_r1,apple,724,0.000000
FKIT,S+X2_M3_r1,apple,725,0.000000
FKIT,S+X2_M3_r1,apple,726,0.000000
FKIT,S+X2_M3_r1,apple,727,0.000000
FKIT,S+X2_M3_r1,apple,728,0.000000
FKIT,S+X2_M3_r1,apple,729,0.000000
FKIT,S+X2_M3_r1,apple,730,0.000000
FKIT,S+X2_M3_r1,apple,731,0.000000
FKIT,S+X2_M3_r1,apple,732,0.000000
FKIT,S+X2_M3_r1,apple,733,0.000000
FKIT,S+X2_M3_r1,apple,734,0.000000
FKIT,S+X2_M3_r1,apple,735,0.000000
FKIT,S+X2_M3_r1,apple,736,0.000000
FKIT,S+X2_M3_r1,apple,737,0.000000
FKIT,S+X2_M3_r1,apple,738,0.000000
FKIT,S+X2_M3_r1,apple,739,0.000000
FKIT,S+X2_M3_r1,apple,740,0.000000
FKIT,S+X2_M3_r1,apple,741,0.000000
FKIT,S+X2_M3_r1,apple,742,0.000000
FKIT,S+X2_M3_r1,apple,743,0.000000
FKIT,S+X2_M3_r1,apple,744,0.000000
FKIT,S+X2_M3_r1,apple,745,0.000000
FKIT,S+X2_M3_r1,apple,746,0.000000
FKIT,S+X2_M3_r1,apple,747,0.000000
FKIT,S+X2_M3_r1,apple,748,0.000000
FKIT,S+X2_M3_r1,apple,749,0.000000
FKIT,S+X2_M3_r1,apple,750,0.000000
FKIT,S+X2_M3_r1,apple,751,0.000000
FKIT,S+X2_M3_r1,apple,752,0.000000
FKIT,S+X2_M3_r1,apple,753,0.000000
FKIT,S+X2_M3_r1,apple,754,0.000000
FKIT,S+X2_M3_r1,apple,755,0.000000
FKIT,S+X2_M3_r1,apple,756,0.000000
FKIT,S+X2_M3_r1,apple,757,0.000000
FKIT,S+X2_M3_r1,apple,758,0.000000
FKIT,S+X2_M3_r1,apple,759,0.000000
FKIT,S+X2_M3_r1,apple,760,0.000000
FKIT,S+X2_M3_r1,apple,761,0.000000
FKIT,S+X2_M3_r1,apple,762,0.000000
FKIT,S+X2_M3_r1,apple,763,0.000000
FKIT,S+X2_M3_r1,apple,764,0.000000
FKIT,S+X2_M3_r1,apple,765,0.000000
FKIT,S+X2_M3_r1,apple,766,0.000000
FKIT,S+X2_M3_r1,apple,767,0.000000
FKIT,S+X2_M3_r1,apple,768,0.000000
FKIT,S+X2_M3_r1,apple,769,0.000000
FKIT,S+X2_M3_r1,apple,770,0.000000
FKIT,S+X2_M3_r1,apple,771,0.000000
FKIT,S+X2_M3_r1,apple,772,0.000000
FKIT,S+X2_M3_r1,apple,773,0.000000
FKIT,S+X2_M3_r1,apple,774,0.000000
FKIT,S+X2_M3_r1,apple,775,0.000000
FKIT,S+X2_M3_r1,apple,776,0.000000
FKIT,S+X2_M3_r1,apple,777,0.000000
FKIT,S+X2_M3_r1,apple,778,0.000000
FKIT,S+X2_M3_r1,apple,779,0.000000
FKIT,S+X2_M3_r1,apple,780,0.000000
FKIT,S+X2_M3_r1,apple,781,0.000000
FKIT,S+X2_M3_r1,apple,782,0.000000
FKIT,S+X2_M3_r1,apple,783,0.000000
FKIT,S+X2_M3_r1,apple,784,0.000000
FKIT,S+X2_M3_r1,apple,785,0.000000
FKIT,S+X2_M3_r1,apple,786,0.000000
FKIT,S+X2_M3_r1,apple,787,0.000000
FKIT,S+X2_M3_r1,apple,788,0.000000
FKIT,S+X2_M3_r1,apple,789,0.000000
FKIT,S+X2_M3_r1,apple,790,0.000000
FKIT,S+X2_M3_r1,apple,791,0.000000
FKIT,S+X2_M3_r1,apple,792,0.000000
FKIT,S+X2_M3_r1,apple,793,0.000000
FKIT,S+X2_M3_r1,apple,794,0.000000
FKIT,S+X2_M3_r1,apple,795,0.000000
FKIT,S+X2_M3_r1,apple,796,0.000000
FKIT,S+X2_M3_r1,apple,797,0.000000
FKIT,S+X2_M3_r1,apple,798,0.000000
FKIT,S+X2_M3_r1,apple,799,0.000000
FKIT,S+X2_M3_r1,apple,800,0.000000
FKIT,S+X2_M3_r1,apple,801,0.000000
FKIT,S+X2_M3_r1,apple,802,0.000000
FKIT,S+X2_M3_r1,apple,803,0.000000
FKIT,S+X2_M3_r1,apple,804,0.000000
FKIT,S+X2_M3_r1,apple,805,0.000000
FKIT,S+X2_M3_r1,apple,806,0.000000
FKIT,S+X2_M3_r1,apple,807,0.000000
FKIT,S+X2_M3_r1,apple,808,0.000000
FKIT,S+X2_M3_r1,apple,809,0.000000
FKIT,S+X2_M3_r1,apple,810,0.000000
FKIT,S+X2_M3_r1,apple,811,0.000000
FKIT,S+X2_M3_r1,apple,812,0.000000
FKIT,S+X2_M3_r1,apple,813,0.000000
FKIT,S+X2_M3_r1,apple,814,0.000000
FKIT,S+X2_M3_r1,apple,815,0.000000
FKIT,S+X2_M3_r1,apple,816,0.000000
FKIT,S+X2_M3_r1,apple,817,0.000000
FKIT,S+X2_M3_r1,apple,818,0.000000
FKIT,S+X2_M3_r1,apple,819,0.000000
FKIT,S+X2_M3_r1,apple,820,0.000000
FKIT,S+X2_M3_r1,apple,821,0.000000
FKIT,S+X2_M3_r1,apple,822,0.000000
FKIT,S+X2_M3_r1,apple,823,0.000000
FKIT,S+X2_M3_r1,apple,824,0.000000
FKIT,S+X2_M3_r1,apple,825,0.000000
FKIT,S+X2_M3_r1,apple,826,0.000000
FKIT,S+X2_M3_r1,apple,827,0.000000
FKIT,S+X2_M3_r1,apple,828,0.000000
FKIT,S+X2_M3_r1,apple,829,0.000000
FKIT,S+X2_M3_r1,apple,830,0.000000
FKIT,S+X2_M3_r1,apple,831,0.000000
FKIT,S+X2_M3_r1,apple,832,0.000000
FKIT,S+X2_M3_r1,apple,833,0.000000
FKIT,S+X2_M3_r1,apple,834,0.000000
FKIT,S+X2_M3_r1,apple,835,0.000000
FKIT,S+X2_M3_r1,apple,836,0.000000
FKIT,S+X2_M3_r1,apple,837,0.000000
FKIT,S+X2_M3_r1,apple,838,0.000000
FKIT,S+X2_M3_r1,apple,839,0.000000
FKIT,S+X2_M3_r1,apple,840,0.000000
FKIT,S+X2_M3_r1,apple,841,0.000000
FKIT,S+X2_M3_r1,apple,842,0.000000
FKIT,S+X2_M3_r1,apple,843,0.000000
FKIT,S+X2_M3_r1,apple,844,0.000000
FKIT,S+X2_M3_r1,apple,845,0.000000
FKIT,S+X2_M3_r1,apple,846,0.000000
FKIT,S+X2_M3_r1,apple,847,0.000000
FKIT,S+X2_M3_r1,apple,848,0.000000
FKIT,S+X2_M3_r1,apple,849,0.000000
FKIT,S+X2_M3_r1,apple,850,0.000000
FKIT,S+X2_M3_r1,apple,851,0.000000
FKIT,S+X2_M3_r1,apple,852,0.000000
FKIT,S+X2_M3_r1,apple,853,0.000000
FKIT,S+X2_M3_r1,apple,854,0.000000
FKIT,S+X2_M3_r1,apple,855,0.000000
FKIT,S+X2_M3_r1,apple,856,0.000000
FKIT,S+X2_M3_r1,apple,857,0.000000
FKIT,S+X2_M3_r1,apple,858,0.000000
FKIT,S+X2_M3_r1,apple,859,0.000000
FKIT,S+X2_M3_r1,apple,860,0.000000
FKIT,S+X2_M3_r1,apple,861,0.000000
FKIT,S+X2_M3_r1,apple,862,0.000000
FKIT,S+X2_M3_r1,apple,863,0.000000
FKIT,S+X2_M3_r1,apple,864,0.000000
FKIT,S+X2_M3_r1,apple,865,0.000000
FKIT,S+X2_M3_r1,apple,866,0.000000
FKIT,S+X2_M3_r1,apple,867,0.000000
FKIT,S+X2_M3_r1,apple,868,0.000000
FKIT,S+X2_M3_r1,apple,869,0.000000
FKIT,S+X2_M3_r1,apple,870,0.000000
FKIT,S+X2_M3_r1,apple,871,0.000000
FKIT,S+X2_M3_r1,apple,872,0.000000
FKIT,S+X2_M3_r1,apple,873,0.000000
FKIT,S+X2_M3_r1,apple,874,0.000000
FKIT,S+X2_M3_r1,apple,875,0.000000
FKIT,S+X2_M3_r1,apple,876,0.000000
FKIT,S+X2_M3_r1,apple,877,0.000000
FKIT,S+X2_M3_r1,apple,878,0.000000
FKIT,S+X2_M3_r1,apple,879,0.000000
FKIT,S+X2_M3_r1,apple,880,0.000000
FKIT,S+X2_M3_r1,apple,881,0.000000
FKIT,S+X2_M3_r1,apple,882,0.000000
FKIT,S+X2_M3_r1,apple,883,0.000000
FKIT,S+X2_M3_r1,apple,884,0.000000
FKIT,S+X2_M3_r1,apple,885,0.000000
FKIT,S+X2_M3_r1,apple,886,0.000000
FKIT,S+X2_M3_r1,apple,887,0.000000
FKIT,S+X2_M3_r1,apple,888,0.000000
FKIT,S+X2_M3_r1,apple,889,0.000000
FKIT,S+X2_M3_r1,apple,890,0.000000
FKIT,S+X2_M3_r1,apple,891,0.000000
FKIT,S+X2_M3_r1,apple,892,0.000000
FKIT,S+X2_M3_r1,apple,893,0.000000
FKIT,S+X2_M3_r1,apple,894,0.000000
FKIT,S+X2_M3_r1,apple,895,0.000000
FKIT,S+X2_M3_r1,apple,896,0.000000
FKIT,S+X2_M3_r1,apple,897,0.000000
FKIT,S+X2_M3_r1,apple,898,0.000000
FKIT,S+X2_M3_r1,apple,899,0.000000
FKIT,S+X2_M3_r1,apple,900,0.000000
FKIT,S+X2_M3_r1,apple,901,0.000000
FKIT,S+X2_M3_r1,apple,902,0.000000
FKIT,S+X2_M3_r1,apple,903,0.000000
FKIT,S+X2_M3_r1,apple,904,0.000000
FKIT,S+X2_M3_r1,apple,905,0.000000
FKIT,S+X2_M3_r1,apple,906,0.000000
FKIT,S+X2_M3_r1,apple,907,0.000000
FKIT,S+X2_M3_r1,apple,908,0.000000
FKIT,S+X2_M3_r1,apple,909,0.000000
FKIT,S+X2_M3_r1,apple,910,0.000000
FKIT,S+X2_M3_r1,apple,911,0.000000
FKIT,S+X2_M3_r1,apple,912,0.000000
FKIT,S+X2_M3_r1,apple,913,0.000000
FKIT,S+X2_M3_r1,apple,914,0.000000
FKIT,S+X2_M3_r1,apple,915,0.000000
FKIT,S+X2_M3_r1,apple,916,0.000000
FKIT,S+X2_M3_r1,apple,917,0.000000
FKIT,S+X2_M3_r1,apple,918,0.000000
FKIT,S+X2_M3_r1,apple,919,0.000000
FKIT,S+X2_M3_r1,apple,920,0.000000
FKIT,S+X2_M3_r1,apple,921,0.000000
FKIT,S+X2_M3_r1,apple,922,0.000000
FKIT,S+X2_M3_r1,apple,923,0.000000
FKIT,S+X2_M3_r1,apple,924,0.000000
FKIT,S+X2_M3_r1,apple,925,0.000000
FKIT,S+X2_M3_r1,apple,926,0.000000
FKIT,S+X2_M3_r1,apple,927,0.000000
FKIT,S+X2_M3_r1,apple,928,0.000000
FKIT,S+X2_M3_r1,apple,929,0.000000
FKIT,S+X2_M3_r1,apple,930,0.000000
FKIT,S+X2_M3_r1,apple,931,0.000000
FKIT,S+X2_M3_r1,apple,932,0.000000
FKIT,S+X2_M3_r1,apple,933,0.000000
FKIT,S+X2_M3_r1,apple,934,0.000000
FKIT,S+X2_M3_r1,apple,935,0.000000
FKIT,S+X2_M3_r1,apple,936,0.000000
FKIT,S+X2_M3_r1,apple,937,0.000000
FKIT,S+X2_M3_r1,apple,938,0.000000
FKIT,S+X2_M3_r1,apple,939,0.000000
FKIT,S+X2_M3_r1,apple,940,0.000000
FKIT,S+X2_M3_r1,apple,941,0.000000
FKIT,S+X2_M3_r1,apple,942,0.000000
FKIT,S+X2_M3_r1,apple,943,0.000000
FKIT,S+X2_M3_r1,apple,944,0.000000
FKIT,S+X2_M3_r1,apple,945,0.000000
FKIT,S+X2_M3_r1,apple,946,0.000000
FKIT,S+X2_M3_r1,apple,947,0.000000
FKIT,S+X2_M3_r1,apple,948,0.000000
FKIT,S+X2_M3_r1,apple,949,0.000000
FKIT,S+X2_M3_r1,apple,950,0.000000
FKIT,S+X2_M3_r1,apple,951,0.000000
FKIT,S+X2_M3_r1,apple,952,0.000000
FKIT,S+X2_M3_r1,apple,953,0.000000
FKIT,S+X2_M3_r1,apple,954,0.000000
FKIT,S+X2_M3_r1,apple,955,0.000000
FKIT,S+X2_M3_r1,apple,956,0.000000
FKIT,S+X2_M3_r1,apple,957,0.000000
FKIT,S+X2_M3_r1,apple,958,0.000000
FKIT,S+X2_M3_r1,apple,959,0.000000
FKIT,S+X2_M3_r1,apple,960,0.000000
FKIT,S+X2_M3_r1,apple,961,0.000000
FKIT,S+X2_M3_r1,apple,962,0.000000
FKIT,S+X2_M3_r1,apple,963,0.000000
FKIT,S+X2_M3_r1,apple,964,0.000000
FKIT,S+X2_M3_r1,apple,965,0.027704
FKIT,S+X2_M3_r1,apple,966,0.000000
FKIT,S+X2_M3_r1,apple,967,0.000000
FKIT,S+X2_M3_r1,apple,968,0.000000
FKIT,S+X2_M3_r1,apple,969,0.000000
FKIT,S+X2_M3_r1,apple,970,0.000000
FKIT,S+X2_M3_r1,apple,971,0.000000
FKIT,S+X2_M3_r1,apple,972,0.169578
FKIT,S+X2_M3_r1,apple,973,0.005923
FKIT,S+X2_M3_r1,apple,974,0.053979
FKIT,S+X2_M3_r1,apple,975,0.018799
FKIT,S+X2_M3_r1,apple,976,0.048272
FKIT,S+X2_M3_r1,apple,977,0.000000
FKIT,S+X2_M3_r1,apple,978,0.064057
FKIT,S+X2_M3_r1,apple,979,0.021279
FKIT,S+X2_M3_r1,apple,980,0.032769
FKIT,S+X2_M3_r1,apple,981,0.024543
FKIT,S+X2_M3_r1,apple,982,0.055655
FKIT,S+X2_M3_r1,apple,983,0.052970
FKIT,S+X2_M3_r1,apple,984,0.038067
FKIT,S+X2_M3_r1,apple,985,0.046381
FKIT,S+X2_M3_r1,apple,986,0.054538
FKIT,S+X2_M3_r1,apple,987,0.056509
FKIT,S+X2_M3_r1,apple,988,0.038184
FKIT,S+X2_M3_r1,apple,989,0.033413
FKIT,S+X2_M3_r1,apple,990,0.051349
FKIT,S+X2_M3_r1,apple,991,0.036400
FKIT,S+X2_M3_r1,apple,992,0.029575
FKIT,S+X2_M3_r1,apple,993,0.065542
FKIT,S+X2_M3_r1,apple,994,0.078945
FKIT,S+X2_M3_r1,apple,995,0.040111
FKIT,S+X2_M3_r1,apple,996,0.028670
FKIT,S+X2_M3_r1,apple,997,0.035772
FKIT,S+X2_M3_r1,apple,998,0.056238
FKIT,S+X2_M3_r1,apple,999,0.047705
FKIT,S+X2_M3_r1,apple,1000,0.027439
FKIT,S+X2_M3_r1,apple,1001,0.024719
FKIT,S+X2_M3_r1,apple,1002,0.025321
FKIT,S+X2_M3_r1,apple,1003,0.019373
FKIT,S+X2_M3_r1,apple,1004,0.018232
FKIT,S+X2_M3_r1,apple_pie,0,0.146586
FKIT,S+X2_M3_r1,apple_pie,1,0.159221
FKIT,S+X2_M3_r1,apple_pie,2,0.142359
FKIT,S+X2_M3_r1,apple_pie,3,0.145870
FKIT,S+X2_M3_r1,apple_pie,4,0.153128
FKIT,S+X2_M3_r1,apple_pie,5,0.139478
FKIT,S+X2_M3_r1,apple_pie,6,0.161004
FKIT,S+X2_M3_r1,apple_pie,7,0.158417
FKIT,S+X2_M3_r1,apple_pie,8,0.172170
FKIT,S+X2_M3_r1,apple_pie,9,0.189583
FKIT,S+X2_M3_r1,apple_pie,10,0.150084
FKIT,S+X2_M3_r1,apple_pie,11,0.188039
FKIT,S+X2_M3_r1,apple_pie,12,0.190001
FKIT,S+X2_M3_r1,apple_pie,13,0.166945
FKIT,S+X2_M3_r1,apple_pie,14,0.191599
FKIT,S+X2_M3_r1,apple_pie,15,0.197456
FKIT,S+X2_M3_r1,apple_pie,16,0.201851
FKIT,S+X2_M3_r1,apple_pie,17,0.182835
FKIT,S+X2_M3_r1,apple_pie,18,0.177497
FKIT,S+X2_M3_r1,apple_pie,19,0.177804
FKIT,S+X2_M3_r1,apple_pie,20,0.171029
FKIT,S+X2_M3_r1,apple_pie,21,0.174214
FKIT,S+X2_M3_r1,apple_pie,22,0.179340
FKIT,S+X2_M3_r1,apple_pie,23,0.169578
FKIT,S+X2_M3_r1,apple_pie,24,0.177495
FKIT,S+X2_M3_r1,apple_pie,25,0.185764
FKIT,S+X2_M3_r1,apple_pie,26,0.171212
FKIT,S+X2_M3_r1,apple_pie,27,0.164187
FKIT,S+X2_M3_r1,apple_pie,28,0.153408
FKIT,S+X2_M3_r1,apple_pie,29,0.162104
FKIT,S+X2_M3_r1,apple_pie,30,0.177543
FKIT,S+X2_M3_r1,apple_pie,31,0.123503
FKIT,S+X2_M3_r1,apple_pie,32,0.113447
FKIT,S+X2_M3_r1,apple_pie,33,0.122218
FKIT,S+X2_M3_r1,apple_pie,34,0.131608
FKIT,S+X2_M3_r1,apple_pie,35,0.124275
FKIT,S+X2_M3_r1,apple_pie,36,0.116587
FKIT,S+X2_M3_r1,apple_pie,37,0.127158
FKIT,S+X2_M3_r1,apple_pie,38,0.122361
FKIT,S+X2_M3_r1,apple_pie,39,0.122020
FKIT,S+X2_M3_r1,apple_pie,40,0.063921
FKIT,S+X2_M3_r1,apple_pie,41,0.005021
FKIT,S+X2_M3_r1,apple_pie,42,0.037460
FKIT,S+X2_M3_r1,apple_pie,43,0.000000
FKIT,S+X2_M3_r1,apple_pie,44,0.000000
FKIT,S+X2_M3_r1,apple_pie,45,0.000000
FKIT,S+X2_M3_r1,apple_pie,46,0.014687
FKIT,S+X2_M3_r1,apple_pie,47,0.043365
FKIT,S+X2_M3_r1,apple_pie,48,0.007860
FKIT,S+X2_M3_r1,apple_pie,49,0.041840
FKIT,S+X2_M3_r1,apple_pie,50,0.022441
FKIT,S+X2_M3_r1,apple_pie,51,0.004393
FKIT,S+X2_M3_r1,apple_pie,52,0.026991
FKIT,S+X2_M3_r1,apple_pie,53,0.000000
FKIT,S+X2_M3_r1,apple_pie,54,0.000000
FKIT,S+X2_M3_r1,apple_pie,55,0.000000
FKIT,S+X2_M3_r1,apple_pie,56,0.000000
FKIT,S+X2_M3_r1,apple_pie,57,0.000000
FKIT,S+X2_M3_r1,apple_pie,58,0.000000
FKIT,S+X2_M3_r1,apple_pie,59,0.000000
FKIT,S+X2_M3_r1,apple_pie,60,0.000000
FKIT,S+X2_M3_r1,apple_pie,61,0.000000
FKIT,S+X2_M3_r1,apple_pie,62,0.000000
FKIT,S+X2_M3_r1,apple_pie,63,0.000000
FKIT,S+X2_M3_r1,apple_pie,64,0.000000
FKIT,S+X2_M3_r1,apple_pie,65,0.000000
FKIT,S+X2_M3_r1,apple_pie,66,0.000000
FKIT,S+X2_M3_r1,apple_pie,67,0.000000
FKIT,S+X2_M3_r1,apple_pie,68,0.000000
FKIT,S+X2_M3_r1,apple_pie,69,0.000000
FKIT,S+X2_M3_r1,apple_pie,70,0.000000
FKIT,S+X2_M3_r1,apple_pie,71,0.000000
FKIT,S+X2_M3_r1,apple_pie,72,0.000000
FKIT,S+X2_M3_r1,apple_pie,73,0.000000
FKIT,S+X2_M3_r1,apple_pie,74,0.000000
FKIT,S+X2_M3_r1,apple_pie,75,0.000000
FKIT,S+X2_M3_r1,apple_pie,76,0.000000
FKIT,S+X2_M3_r1,apple_pie,77,0.000000
FKIT,S+X2_M3_r1,apple_pie,78,0.000000
FKIT,S+X2_M3_r1,apple_pie,79,0.000000
FKIT,S+X2_M3_r1,apple_pie,80,0.000000
FKIT,S+X2_M3_r1,apple_pie,81,0.000000
FKIT,S+X2_M3_r1,apple_pie,82,0.000000
FKIT,S+X2_M3_r1,apple_pie,83,0.000000
FKIT,S+X2_M3_r1,apple_pie,84,0.000000
FKIT,S+X2_M3_r1,apple_pie,85,0.000000
FKIT,S+X2_M3_r1,apple_pie,86,0.000000
FKIT,S+X2_M3_r1,apple_pie,87,0.000000
FKIT,S+X2_M3_r1,apple_pie,88,0.000000
FKIT,S+X2_M3_r1,apple_pie,89,0.000000
FKIT,S+X2_M3_r1,apple_pie,90,0.000000
FKIT,S+X2_M3_r1,apple_pie,91,0.000000
FKIT,S+X2_M3_r1,apple_pie,92,0.000000
FKIT,S+X2_M3_r1,apple_pie,93,0.000000
FKIT,S+X2_M3_r1,apple_pie,94,0.000000
FKIT,S+X2_M3_r1,apple_pie,95,0.000000
FKIT,S+X2_M3_r1,apple_pie,96,0.000000
FKIT,S+X2_M3_r1,apple_pie,97,0.000000
FKIT,S+X2_M3_r1,apple_pie,98,0.000000
FKIT,S+X2_M3_r1,apple_pie,99,0.000000
FKIT,S+X2_M3_r1,apple_pie,100,0.000000
FKIT,S+X2_M3_r1,apple_pie,101,0.000000
FKIT,S+X2_M3_r1,apple_pie,102,0.000000
FKIT,S+X2_M3_r1,apple_pie,103,0.000000
FKIT,S+X2_M3_r1,apple_pie,104,0.000000
FKIT,S+X2_M3_r1,apple_pie,105,0.000000
FKIT,S+X2_M3_r1,apple_pie,106,0.000000
FKIT,S+X2_M3_r1,apple_pie,107,0.000000
FKIT,S+X2_M3_r1,apple_pie,108,0.000000
FKIT,S+X2_M3_r1,apple_pie,109,0.000000
FKIT,S+X2_M3_r1,apple_pie,110,0.000000
FKIT,S+X2_M3_r1,apple_pie,111,0.000000
FKIT,S+X2_M3_r1,apple_pie,112,0.000000
FKIT,S+X2_M3_r1,apple_pie,113,0.000000
FKIT,S+X2_M3_r1,apple_pie,114,0.000000
FKIT,S+X2_M3_r1,apple_pie,115,0.000000
FKIT,S+X2_M3_r1,apple_pie,116,0.000000
FKIT,S+X2_M3_r1,apple_pie,117,0.000000
FKIT,S+X2_M3_r1,apple_pie,118,0.000000
FKIT,S+X2_M3_r1,apple_pie,119,0.000000
FKIT,S+X2_M3_r1,apple_pie,120,0.000000
FKIT,S+X2_M3_r1,apple_pie,121,0.000000
FKIT,S+X2_M3_r1,apple_pie,122,0.000000
FKIT,S+X2_M3_r1,apple_pie,123,0.000000
FKIT,S+X2_M3_r1,apple_pie,124,0.000000
FKIT,S+X2_M3_r1,apple_pie,125,0.000000
FKIT,S+X2_M3_r1,apple_pie,126,0.000000
FKIT,S+X2_M3_r1,apple_pie,127,0.000000
FKIT,S+X2_M3_r1,apple_pie,128,0.000000
FKIT,S+X2_M3_r1,apple_pie,129,0.000000
FKIT,S+X2_M3_r1,apple_pie,130,0.000000
FKIT,S+X2_M3_r1,apple_pie,131,0.000000
FKIT,S+X2_M3_r1,apple_pie,132,0.000000
FKIT,S+X2_M3_r1,apple_pie,133,0.000000
FKIT,S+X2_M3_r1,apple_pie,134,0.000000
FKIT,S+X2_M3_r1,apple_pie,135,0.000000
FKIT,S+X2_M3_r1,apple_pie,136,0.000000
FKIT,S+X2_M3_r1,apple_pie,137,0.000000
FKIT,S+X2_M3_r1,apple_pie,138,0.063544
FKIT,S+X2_M3_r1,apple_pie,139,0.000000
FKIT,S+X2_M3_r1,apple_pie,140,0.000000
FKIT,S+X2_M3_r1,apple_pie,141,0.000000
FKIT,S+X2_M3_r1,apple_pie,142,0.000000
FKIT,S+X2_M3_r1,apple_pie,143,0.000000
FKIT,S+X2_M3_r1,apple_pie,144,0.000000
FKIT,S+X2_M3_r1,apple_pie,145,0.000000
FKIT,S+X2_M3_r1,apple_pie,146,0.000000
FKIT,S+X2_M3_r1,apple_pie,147,0.000000
FKIT,S+X2_M3_r1,apple_pie,148,0.000000
FKIT,S+X2_M3_r1,apple_pie,149,0.000000
FKIT,S+X2_M3_r1,apple_pie,150,0.000000
FKIT,S+X2_M3_r1,apple_pie,151,0.000000
FKIT,S+X2_M3_r1,apple_pie,152,0.000000
FKIT,S+X2_M3_r1,apple_pie,153,0.000000
FKIT,S+X2_M3_r1,apple_pie,154,0.000000
FKIT,S+X2_M3_r1,apple_pie,155,0.000000
FKIT,S+X2_M3_r1,apple_pie,156,0.000000
FKIT,S+X2_M3_r1,apple_pie,157,0.000000
FKIT,S+X2_M3_r1,apple_pie,158,0.000000
FKIT,S+X2_M3_r1,apple_pie,159,0.000000
FKIT,S+X2_M3_r1,apple_pie,160,0.000000
FKIT,S+X2_M3_r1,apple_pie,161,0.000000
FKIT,S+X2_M3_r1,apple_pie,162,0.000000
FKIT,S+X2_M3_r1,apple_pie,163,0.000000
FKIT,S+X2_M3_r1,apple_pie,164,0.000000
FKIT,S+X2_M3_r1,apple_pie,165,0.000000
FKIT,S+X2_M3_r1,apple_pie,166,0.000000
FKIT,S+X2_M3_r1,apple_pie,167,0.000000
FKIT,S+X2_M3_r1,apple_pie,168,0.000000
FKIT,S+X2_M3_r1,apple_pie,169,0.000000
FKIT,S+X2_M3_r1,apple_pie,170,0.000000
FKIT,S+X2_M3_r1,apple_pie,171,0.000000
FKIT,S+X2_M3_r1,apple_pie,172,0.000000
FKIT,S+X2_M3_r1,apple_pie,173,0.000000
FKIT,S+X2_M3_r1,apple_pie,174,0.000000
FKIT,S+X2_M3_r1,apple_pie,175,0.000000
FKIT,S+X2_M3_r1,apple_pie,176,0.000000
FKIT,S+X2_M3_r1,apple_pie,177,0.000000
FKIT,S+X2_M3_r1,apple_pie,178,0.000000
FKIT,S+X2_M3_r1,apple_pie,179,0.000000
FKIT,S+X2_M3_r1,apple_pie,180,0.000000
FKIT,S+X2_M3_r1,apple_pie,181,0.000000
FKIT,S+X2_M3_r1,apple_pie,182,0.000000
FKIT,S+X2_M3_r1,apple_pie,183,0.000000
FKIT,S+X2_M3_r1,apple_pie,184,0.000000
FKIT,S+X2_M3_r1,apple_pie,185,0.000000
FKIT,S+X2_M3_r1,apple_pie,186,0.000000
FKIT,S+X2_M3_r1,apple_pie,187,0.000000
FKIT,S+X2_M3_r1,apple_pie,188,0.000000
FKIT,S+X2_M3_r1,apple_pie,189,0.000000
FKIT,S+X2_M3_r1,apple_pie,190,0.000000
FKIT,S+X2_M3_r1,apple_pie,191,0.000000
FKIT,S+X2_M3_r1,apple_pie,192,0.000000
FKIT,S+X2_M3_r1,apple_pie,193,0.000000
FKIT,S+X2_M3_r1,apple_pie,194,0.000000
FKIT,S+X2_M3_r1,apple_pie,195,0.000000
FKIT,S+X2_M3_r1,apple_pie,196,0.000000
FKIT,S+X2_M3_r1,apple_pie,197,0.000000
FKIT,S+X2_M3_r1,apple_pie,198,0.000000
FKIT,S+X2_M3_r1,apple_pie,199,0.000000
FKIT,S+X2_M3_r1,apple_pie,200,0.000000
FKIT,S+X2_M3_r1,apple_pie,201,0.000000
FKIT,S+X2_M3_r1,apple_pie,202,0.000000
FKIT,S+X2_M3_r1,apple_pie,203,0.000000
FKIT,S+X2_M3_r1,apple_pie,204,0.000000
FKIT,S+X2_M3_r1,apple_pie,205,0.000000
FKIT,S+X2_M3_r1,apple_pie,206,0.000000
FKIT,S+X2_M3_r1,apple_pie,207,0.000000
FKIT,S+X2_M3_r1,apple_pie,208,0.000000
FKIT,S+X2_M3_r1,apple_pie,209,0.000000
FKIT,S+X2_M3_r1,apple_pie,210,0.000000
FKIT,S+X2_M3_r1,apple_pie,211,0.000000
FKIT,S+X2_M3_r1,apple_pie,212,0.000000
FKIT,S+X2_M3_r1,apple_pie,213,0.000000
FKIT,S+X2_M3_r1,apple_pie,214,0.000000
FKIT,S+X2_M3_r1,apple_pie,215,0.000000
FKIT,S+X2_M3_r1,apple_pie,216,0.000000
FKIT,S+X2_M3_r1,apple_pie,217,0.000000
FKIT,S+X2_M3_r1,apple_pie,218,0.000000
FKIT,S+X2_M3_r1,apple_pie,219,0.000000
FKIT,S+X2_M3_r1,apple_pie,220,0.000000
FKIT,S+X2_M3_r1,apple_pie,221,0.000000
FKIT,S+X2_M3_r1,apple_pie,222,0.000000
FKIT,S+X2_M3_r1,apple_pie,223,0.000000
FKIT,S+X2_M3_r1,apple_pie,224,0.000000
FKIT,S+X2_M3_r1,apple_pie,225,0.000000
FKIT,S+X2_M3_r1,apple_pie,226,0.000000
FKIT,S+X2_M3_r1,apple_pie,227,0.000000
FKIT,S+X2_M3_r1,apple_pie,228,0.000000
FKIT,S+X2_M3_r1,apple_pie,229,0.000000
FKIT,S+X2_M3_r1,apple_pie,230,0.000000
FKIT,S+X2_M3_r1,apple_pie,231,0.000000
FKIT,S+X2_M3_r1,apple_pie,232,0.000000
FKIT,S+X2_M3_r1,apple_pie,233,0.000000
FKIT,S+X2_M3_r1,apple_pie,234,0.000000
FKIT,S+X2_M3_r1,apple_pie,235,0.000000
FKIT,S+X2_M3_r1,apple_pie,236,0.000000
FKIT,S+X2_M3_r1,apple_pie,237,0.000000
FKIT,S+X2_M3_r1,apple_pie,238,0.000000
FKIT,S+X2_M3_r1,apple_pie,239,0.000000
FKIT,S+X2_M3_r1,apple_pie,240,0.000000
FKIT,S+X2_M3_r1,apple_pie,241,0.000000
FKIT,S+X2_M3_r1,apple_pie,242,0.000000
FKIT,S+X2_M3_r1,apple_pie,243,0.000000
FKIT,S+X2_M3_r1,apple_pie,244,0.000000
FKIT,S+X2_M3_r1,apple_pie,245,0.000000
FKIT,S+X2_M3_r1,apple_pie,246,0.000000
FKIT,S+X2_M3_r1,apple_pie,247,0.000000
FKIT,S+X2_M3_r1,apple_pie,248,0.000000
FKIT,S+X2_M3_r1,apple_pie,249,0.000000
FKIT,S+X2_M3_r1,apple_pie,250,0.000000
FKIT,S+X2_M3_r1,apple_pie,251,0.000000
FKIT,S+X2_M3_r1,apple_pie,252,0.000000
FKIT,S+X2_M3_r1,apple_pie,253,0.000000
FKIT,S+X2_M3_r1,apple_pie,254,0.000000
FKIT,S+X2_M3_r1,apple_pie,255,0.000000
FKIT,S+X2_M3_r1,apple_pie,256,0.000000
FKIT,S+X2_M3_r1,apple_pie,257,0.000000
FKIT,S+X2_M3_r1,apple_pie,258,0.000000
FKIT,S+X2_M3_r1,apple_pie,259,0.000000
FKIT,S+X2_M3_r1,apple_pie,260,0.000000
FKIT,S+X2_M3_r1,apple_pie,261,0.000000
FKIT,S+X2_M3_r1,apple_pie,262,0.000000
FKIT,S+X2_M3_r1,apple_pie,263,0.000000
FKIT,S+X2_M3_r1,apple_pie,264,0.000000
FKIT,S+X2_M3_r1,apple_pie,265,0.000000
FKIT,S+X2_M3_r1,apple_pie,266,0.000000
FKIT,S+X2_M3_r1,apple_pie,267,0.000000
FKIT,S+X2_M3_r1,apple_pie,268,0.000000
FKIT,S+X2_M3_r1,apple_pie,269,0.000000
FKIT,S+X2_M3_r1,apple_pie,270,0.000000
FKIT,S+X2_M3_r1,apple_pie,271,0.000000
FKIT,S+X2_M3_r1,apple_pie,272,0.000000
FKIT,S+X2_M3_r1,apple_pie,273,0.000000
FKIT,S+X2_M3_r1,apple_pie,274,0.000000
FKIT,S+X2_M3_r1,apple_pie,275,0.000000
FKIT,S+X2_M3_r1,apple_pie,276,0.000000
FKIT,S+X2_M3_r1,apple_pie,277,0.000000
FKIT,S+X2_M3_r1,apple_pie,278,0.000000
FKIT,S+X2_M3_r1,apple_pie,279,0.000000
FKIT,S+X2_M3_r1,apple_pie,280,0.000000
FKIT,S+X2_M3_r1,apple_pie,281,0.000000
FKIT,S+X2_M3_r1,apple_pie,282,0.000000
FKIT,S+X2_M3_r1,apple_pie,283,0.000000
FKIT,S+X2_M3_r1,apple_pie,284,0.000000
FKIT,S+X2_M3_r1,apple_pie,285,0.000000
FKIT,S+X2_M3_r1,apple_pie,286,0.000000
FKIT,S+X2_M3_r1,apple_pie,287,0.000000
FKIT,S+X2_M3_r1,apple_pie,288,0.000000
FKIT,S+X2_M3_r1,apple_pie,289,0.000000
FKIT,S+X2_M3_r1,apple_pie,290,0.000000
FKIT,S+X2_M3_r1,apple_pie,291,0.000000
FKIT,S+X2_M3_r1,apple_pie,292,0.000000
FKIT,S+X2_M3_r1,apple_pie,293,0.000000
FKIT,S+X2_M3_r1,apple_pie,294,0.000000
FKIT,S+X2_M3_r1,apple_pie,295,0.000000
FKIT,S+X2_M3_r1,apple_pie,296,0.000000
FKIT,S+X2_M3_r1,apple_pie,297,0.000000
FKIT,S+X2_M3_r1,apple_pie,298,0.000000
FKIT,S+X2_M3_r1,apple_pie,299,0.000000
FKIT,S+X2_M3_r1,apple_pie,300,0.000000
FKIT,S+X2_M3_r1,apple_pie,301,0.000000
FKIT,S+X2_M3_r1,apple_pie,302,0.000000
FKIT,S+X2_M3_r1,apple_pie,303,0.000000
FKIT,S+X2_M3_r1,apple_pie,304,0.000000
FKIT,S+X2_M3_r1,apple_pie,305,0.000000
FKIT,S+X2_M3_r1,apple_pie,306,0.000000
FKIT,S+X2_M3_r1,apple_pie,307,0.000000
FKIT,S+X2_M3_r1,apple_pie,308,0.000000
FKIT,S+X2_M3_r1,apple_pie,309,0.000000
FKIT,S+X2_M3_r1,apple_pie,310,0.000000
FKIT,S+X2_M3_r1,apple_pie,311,0.000000
FKIT,S+X2_M3_r1,apple_pie,312,0.000000
FKIT,S+X2_M3_r1,apple_pie,313,0.000000
FKIT,S+X2_M3_r1,apple_pie,314,0.000000
FKIT,S+X2_M3_r1,apple_pie,315,0.000000
FKIT,S+X2_M3_r1,apple_pie,316,0.000000
FKIT,S+X2_M3_r1,apple_pie,317,0.000000
FKIT,S+X2_M3_r1,apple_pie,318,0.000000
FKIT,S+X2_M3_r1,apple_pie,319,0.000000
FKIT,S+X2_M3_r1,apple_pie,320,0.000000
FKIT,S+X2_M3_r1,apple_pie,321,0.000000
FKIT,S+X2_M3_r1,apple_pie,322,0.000000
FKIT,S+X2_M3_r1,apple_pie,323,0.000000
FKIT,S+X2_M3_r1,apple_pie,324,0.000000
FKIT,S+X2_M3_r1,apple_pie,325,0.000000
FKIT,S+X2_M3_r1,apple_pie,326,0.000000
FKIT,S+X2_M3_r1,apple_pie,327,0.000000
FKIT,S+X2_M3_r1,apple_pie,328,0.000000
FKIT,S+X2_M3_r1,apple_pie,329,0.000000
FKIT,S+X2_M3_r1,apple_pie,330,0.000000
FKIT,S+X2_M3_r1,apple_pie,331,0.000000
FKIT,S+X2_M3_r1,apple_pie,332,0.000000
FKIT,S+X2_M3_r1,apple_pie,333,0.000000
FKIT,S+X2_M3_r1,apple_pie,334,0.000000
FKIT,S+X2_M3_r1,apple_pie,335,0.000000
FKIT,S+X2_M3_r1,apple_pie,336,0.000000
FKIT,S+X2_M3_r1,apple_pie,337,0.000000
FKIT,S+X2_M3_r1,apple_pie,338,0.000000
FKIT,S+X2_M3_r1,apple_pie,339,0.000000
FKIT,S+X2_M3_r1,apple_pie,340,0.000000
FKIT,S+X2_M3_r1,apple_pie,341,0.000000
FKIT,S+X2_M3_r1,apple_pie,342,0.000000
FKIT,S+X2_M3_r1,apple_pie,343,0.000000
FKIT,S+X2_M3_r1,apple_pie,344,0.000000
FKIT,S+X2_M3_r1,apple_pie,345,0.000000
FKIT,S+X2_M3_r1,apple_pie,346,0.000000
FKIT,S+X2_M3_r1,apple_pie,347,0.000000
FKIT,S+X2_M3_r1,apple_pie,348,0.000000
FKIT,S+X2_M3_r1,apple_pie,349,0.000000
FKIT,S+X2_M3_r1,apple_pie,350,0.000000
FKIT,S+X2_M3_r1,apple_pie,351,0.000000
FKIT,S+X2_M3_r1,apple_pie,352,0.000000
FKIT,S+X2_M3_r1,apple_pie,353,0.000000
FKIT,S+X2_M3_r1,apple_pie,354,0.000000
FKIT,S+X2_M3_r1,apple_pie,355,0.000000
FKIT,S+X2_M3_r1,apple_pie,356,0.000000
FKIT,S+X2_M3_r1,apple_pie,357,0.000000
FKIT,S+X2_M3_r1,apple_pie,358,0.000000
FKIT,S+X2_M3_r1,apple_pie,359,0.000000
FKIT,S+X2_M3_r1,apple_pie,360,0.000000
FKIT,S+X2_M3_r1,apple_pie,361,0.000000
FKIT,S+X2_M3_r1,apple_pie,362,0.000000
FKIT,S+X2_M3_r1,apple_pie,363,0.000000
FKIT,S+X2_M3_r1,apple_pie,364,0.000000
FKIT,S+X2_M3_r1,apple_pie,365,0.000000
FKIT,S+X2_M3_r1,apple_pie,366,0.000000
FKIT,S+X2_M3_r1,apple_pie,367,0.000000
FKIT,S+X2_M3_r1,apple_pie,368,0.000000
FKIT,S+X2_M3_r1,apple_pie,369,0.000000
FKIT,S+X2_M3_r1,apple_pie,370,0.000000
FKIT,S+X2_M3_r1,apple_pie,371,0.000000
FKIT,S+X2_M3_r1,apple_pie,372,0.000000
FKIT,S+X2_M3_r1,apple_pie,373,0.000000
FKIT,S+X2_M3_r1,apple_pie,374,0.000000
FKIT,S+X2_M3_r1,apple_pie,375,0.000000
FKIT,S+X2_M3_r1,apple_pie,376,0.000000
FKIT,S+X2_M3_r1,apple_pie,377,0.000000
FKIT,S+X2_M3_r1,apple_pie,378,0.000000
FKIT,S+X2_M3_r1,apple_pie,379,0.000000
FKIT,S+X2_M3_r1,apple_pie,380,0.000000
FKIT,S+X2_M3_r1,apple_pie,381,0.000000
FKIT,S+X2_M3_r1,apple_pie,382,0.000000
FKIT,S+X2_M3_r1,apple_pie,383,0.000000
FKIT,S+X2_M3_r1,apple_pie,384,0.000000
FKIT,S+X2_M3_r1,apple_pie,385,0.000000
FKIT,S+X2_M3_r1,apple_pie,386,0.000000
FKIT,S+X2_M3_r1,apple_pie,387,0.000000
FKIT,S+X2_M3_r1,apple_pie,388,0.000000
FKIT,S+X2_M3_r1,apple_pie,389,0.000000
FKIT,S+X2_M3_r1,apple_pie,390,0.000000
FKIT,S+X2_M3_r1,apple_pie,391,0.000000
FKIT,S+X2_M3_r1,apple_pie,392,0.000000
FKIT,S+X2_M3_r1,apple_pie,393,0.000000
FKIT,S+X2_M3_r1,apple_pie,394,0.000000
FKIT,S+X2_M3_r1,apple_pie,395,0.000000
FKIT,S+X2_M3_r1,apple_pie,396,0.000000
FKIT,S+X2_M3_r1,apple_pie,397,0.000000
FKIT,S+X2_M3_r1,apple_pie,398,0.000000
FKIT,S+X2_M3_r1,apple_pie,399,0.000000
FKIT,S+X2_M3_r1,apple_pie,400,0.000000
FKIT,S+X2_M3_r1,apple_pie,401,0.000000
FKIT,S+X2_M3_r1,apple_pie,402,0.000000
FKIT,S+X2_M3_r1,apple_pie,403,0.000000
FKIT,S+X2_M3_r1,apple_pie,404,0.000000
FKIT,S+X2_M3_r1,apple_pie,405,0.000000
FKIT,S+X2_M3_r1,apple_pie,406,0.000000
FKIT,S+X2_M3_r1,apple_pie,407,0.000000
FKIT,S+X2_M3_r1,apple_pie,408,0.000000
FKIT,S+X2_M3_r1,apple_pie,409,0.000000
FKIT,S+X2_M3_r1,apple_pie,410,0.000000
FKIT,S+X2_M3_r1,apple_pie,411,0.000000
FKIT,S+X2_M3_r1,apple_pie,412,0.000000
FKIT,S+X2_M3_r1,apple_pie,413,0.000000
FKIT,S+X2_M3_r1,apple_pie,414,0.000000
FKIT,S+X2_M3_r1,apple_pie,415,0.000000
FKIT,S+X2_M3_r1,apple_pie,416,0.000000
FKIT,S+X2_M3_r1,apple_pie,417,0.000000
FKIT,S+X2_M3_r1,apple_pie,418,0.000000
FKIT,S+X2_M3_r1,apple_pie,419,0.000000
FKIT,S+X2_M3_r1,apple_pie,420,0.000000
FKIT,S+X2_M3_r1,apple_pie,421,0.000000
FKIT,S+X2_M3_r1,apple_pie,422,0.000000
FKIT,S+X2_M3_r1,apple_pie,423,0.000000
FKIT,S+X2_M3_r1,apple_pie,424,0.000000
FKIT,S+X2_M3_r1,apple_pie,425,0.000000
FKIT,S+X2_M3_r1,apple_pie,426,0.000000
FKIT,S+X2_M3_r1,apple_pie,427,0.000000
FKIT,S+X2_M3_r1,apple_pie,428,0.000000
FKIT,S+X2_M3_r1,apple_pie,429,0.000000
FKIT,S+X2_M3_r1,apple_pie,430,0.000000
FKIT,S+X2_M3_r1,apple_pie,431,0.000000
FKIT,S+X2_M3_r1,apple_pie,432,0.000000
FKIT,S+X2_M3_r1,apple_pie,433,0.000000
FKIT,S+X2_M3_r1,apple_pie,434,0.000000
FKIT,S+X2_M3_r1,apple_pie,435,0.000000
FKIT,S+X2_M3_r1,apple_pie,436,0.000000
FKIT,S+X2_M3_r1,apple_pie,437,0.000000
FKIT,S+X2_M3_r1,apple_pie,438,0.000000
FKIT,S+X2_M3_r1,apple_pie,439,0.000000
FKIT,S+X2_M3_r1,apple_pie,440,0.000000
FKIT,S+X2_M3_r1,apple_pie,441,0.000000
FKIT,S+X2_M3_r1,apple_pie,442,0.000000
FKIT,S+X2_M3_r1,apple_pie,443,0.000000
FKIT,S+X2_M3_r1,apple_pie,444,0.000000
FKIT,S+X2_M3_r1,apple_pie,445,0.000000
FKIT,S+X2_M3_r1,apple_pie,446,0.000000
FKIT,S+X2_M3_r1,apple_pie,447,0.000000
FKIT,S+X2_M3_r1,apple_pie,448,0.000000
FKIT,S+X2_M3_r1,apple_pie,449,0.000000
FKIT,S+X2_M3_r1,apple_pie,450,0.000000
FKIT,S+X2_M3_r1,apple_pie,451,0.000000
FKIT,S+X2_M3_r1,apple_pie,452,0.000000
FKIT,S+X2_M3_r1,apple_pie,453,0.000000
FKIT,S+X2_M3_r1,apple_pie,454,0.000000
FKIT,S+X2_M3_r1,apple_pie,455,0.000000
FKIT,S+X2_M3_r1,apple_pie,456,0.000000
FKIT,S+X2_M3_r1,apple_pie,457,0.000000
FKIT,S+X2_M3_r1,apple_pie,458,0.000000
FKIT,S+X2_M3_r1,apple_pie,459,0.000000
FKIT,S+X2_M3_r1,apple_pie,460,0.000000
FKIT,S+X2_M3_r1,apple_pie,461,0.000000
FKIT,S+X2_M3_r1,apple_pie,462,0.000000
FKIT,S+X2_M3_r1,apple_pie,463,0.000000
FKIT,S+X2_M3_r1,apple_pie,464,0.000000
FKIT,S+X2_M3_r1,apple_pie,465,0.000000
FKIT,S+X2_M3_r1,apple_pie,466,0.000000
FKIT,S+X2_M3_r1,apple_pie,467,0.000000
FKIT,S+X2_M3_r1,apple_pie,468,0.000000
FKIT,S+X2_M3_r1,apple_pie,469,0.000000
FKIT,S+X2_M3_r1,apple_pie,470,0.000000
FKIT,S+X2_M3_r1,apple_pie,471,0.000000
FKIT,S+X2_M3_r1,apple_pie,472,0.000000
FKIT,S+X2_M3_r1,apple_pie,473,0.000000
FKIT,S+X2_M3_r1,apple_pie,474,0.000000
FKIT,S+X2_M3_r1,apple_pie,475,0.000000
FKIT,S+X2_M3_r1,apple_pie,476,0.000000
FKIT,S+X2_M3_r1,apple_pie,477,0.000000
FKIT,S+X2_M3_r1,apple_pie,478,0.000000
FKIT,S+X2_M3_r1,apple_pie,479,0.000000
FKIT,S+X2_M3_r1,apple_pie,480,0.000000
FKIT,S+X2_M3_r1,apple_pie,481,0.000000
FKIT,S+X2_M3_r1,apple_pie,482,0.000000
FKIT,S+X2_M3_r1,apple_pie,483,0.000000
FKIT,S+X2_M3_r1,apple_pie,484,0.000000
FKIT,S+X2_M3_r1,apple_pie,485,0.000000
FKIT,S+X2_M3_r1,apple_pie,486,0.000000
FKIT,S+X2_M3_r1,apple_pie,487,0.000000
FKIT,S+X2_M3_r1,apple_pie,488,0.000000
FKIT,S+X2_M3_r1,apple_pie,489,0.000000
FKIT,S+X2_M3_r1,apple_pie,490,0.000000
FKIT,S+X2_M3_r1,apple_pie,491,0.000000
FKIT,S+X2_M3_r1,apple_pie,492,0.000000
FKIT,S+X2_M3_r1,apple_pie,493,0.000000
FKIT,S+X2_M3_r1,apple_pie,494,0.000000
FKIT,S+X2_M3_r1,apple_pie,495,0.000000
FKIT,S+X2_M3_r1,apple_pie,496,0.000000
FKIT,S+X2_M3_r1,apple_pie,497,0.000000
FKIT,S+X2_M3_r1,apple_pie,498,0.000000
FKIT,S+X2_M3_r1,apple_pie,499,0.000000
FKIT,S+X2_M3_r1,apple_pie,500,0.000000
FKIT,S+X2_M3_r1,apple_pie,501,0.000000
FKIT,S+X2_M3_r1,apple_pie,502,0.000000
FKIT,S+X2_M3_r1,apple_pie,503,0.000000
FKIT,S+X2_M3_r1,apple_pie,504,0.000000
FKIT,S+X2_M3_r1,apple_pie,505,0.000000
FKIT,S+X2_M3_r1,apple_pie,506,0.000000
FKIT,S+X2_M3_r1,apple_pie,507,0.000000
FKIT,S+X2_M3_r1,apple_pie,508,0.000000
FKIT,S+X2_M3_r1,apple_pie,509,0.000000
FKIT,S+X2_M3_r1,apple_pie,510,0.000000
FKIT,S+X2_M3_r1,apple_pie,511,0.000000
FKIT,S+X2_M3_r1,apple_pie,512,0.000000
FKIT,S+X2_M3_r1,apple_pie,513,0.000000
FKIT,S+X2_M3_r1,apple_pie,514,0.000000
FKIT,S+X2_M3_r1,apple_pie,515,0.000000
FKIT,S+X2_M3_r1,apple_pie,516,0.000000
FKIT,S+X2_M3_r1,apple_pie,517,0.000000
FKIT,S+X2_M3_r1,apple_pie,518,0.000000
FKIT,S+X2_M3_r1,apple_pie,519,0.000000
FKIT,S+X2_M3_r1,apple_pie,520,0.000000
FKIT,S+X2_M3_r1,apple_pie,521,0.000000
FKIT,S+X2_M3_r1,apple_pie,522,0.000000
FKIT,S+X2_M3_r1,apple_pie,523,0.000000
FKIT,S+X2_M3_r1,apple_pie,524,0.000000
FKIT,S+X2_M3_r1,apple_pie,525,0.000000
FKIT,S+X2_M3_r1,apple_pie,526,0.000000
FKIT,S+X2_M3_r1,apple_pie,527,0.000000
FKIT,S+X2_M3_r1,apple_pie,528,0.000000
FKIT,S+X2_M3_r1,apple_pie,529,0.000000
FKIT,S+X2_M3_r1,apple_pie,530,0.000000
FKIT,S+X2_M3_r1,apple_pie,531,0.000000
FKIT,S+X2_M3_r1,apple_pie,532,0.000000
FKIT,S+X2_M3_r1,apple_pie,533,0.000000
FKIT,S+X2_M3_r1,apple_pie,534,0.000000
FKIT,S+X2_M3_r1,apple_pie,535,0.000000
FKIT,S+X2_M3_r1,apple_pie,536,0.000000
FKIT,S+X2_M3_r1,apple_pie,537,0.000000
FKIT,S+X2_M3_r1,apple_pie,538,0.000000
FKIT,S+X2_M3_r1,apple_pie,539,0.000000
FKIT,S+X2_M3_r1,apple_pie,540,0.000000
FKIT,S+X2_M3_r1,apple_pie,541,0.000000
FKIT,S+X2_M3_r1,apple_pie,542,0.000000
FKIT,S+X2_M3_r1,apple_pie,543,0.000000
FKIT,S+X2_M3_r1,apple_pie,544,0.000000
FKIT,S+X2_M3_r1,apple_pie,545,0.000000
FKIT,S+X2_M3_r1,apple_pie,546,0.000000
FKIT,S+X2_M3_r1,apple_pie,547,0.000000
FKIT,S+X2_M3_r1,apple_pie,548,0.071706
FKIT,S+X2_M3_r1,apple_pie,549,0.007705
FKIT,S+X2_M3_r1,apple_pie,550,0.377135
FKIT,S+X2_M3_r1,apple_pie,551,0.382987
FKIT,S+X2_M3_r1,apple_pie,552,0.560664
FKIT,S+X2_M3_r1,apple_pie,553,0.608768
FKIT,S+X2_M3_r1,apple_pie,554,0.599984
FKIT,S+X2_M3_r1,apple_pie,555,0.608889
FKIT,S+X2_M3_r1,apple_pie,556,0.633561
FKIT,S+X2_M3_r1,apple_pie,557,0.664263
FKIT,S+X2_M3_r1,apple_pie,558,0.648513
FKIT,S+X2_M3_r1,apple_pie,559,0.651956
FKIT,S+X2_M3_r1,apple_pie,560,0.674239
FKIT,S+X2_M3_r1,apple_pie,561,0.653273
FKIT,S+X2_M3_r1,apple_pie,562,0.676637
FKIT,S+X2_M3_r1,apple_pie,563,0.644973
FKIT,S+X2_M3_r1,apple_pie,564,0.678648
FKIT,S+X2_M3_r1,apple_pie,565,0.641505
FKIT,S+X2_M3_r1,apple_pie,566,0.625249
FKIT,S+X2_M3_r1,apple_pie,567,0.645365
FKIT,S+X2_M3_r1,apple_pie,568,0.647386
FKIT,S+X2_M3_r1,apple_pie,569,0.713384
FKIT,S+X2_M3_r1,apple_pie,570,0.702002
FKIT,S+X2_M3_r1,apple_pie,571,0.675775
FKIT,S+X2_M3_r1,apple_pie,572,0.678447
FKIT,S+X2_M3_r1,apple_pie,573,0.625158
FKIT,S+X2_M3_r1,apple_pie,574,0.647504
FKIT,S+X2_M3_r1,apple_pie,575,0.562701
FKIT,S+X2_M3_r1,apple_pie,576,0.595788
FKIT,S+X2_M3_r1,apple_pie,577,0.521284
FKIT,S+X2_M3_r1,apple_pie,578,0.554415
FKIT,S+X2_M3_r1,apple_pie,579,0.575823
FKIT,S+X2_M3_r1,apple_pie,580,0.527128
FKIT,S+X2_M3_r1,apple_pie,581,0.508251
FKIT,S+X2_M3_r1,apple_pie,582,0.419889
FKIT,S+X2_M3_r1,apple_pie,583,0.500697
FKIT,S+X2_M3_r1,apple_pie,584,0.477589
FKIT,S+X2_M3_r1,apple_pie,585,0.404211
FKIT,S+X2_M3_r1,apple_pie,586,0.265971
FKIT,S+X2_M3_r1,apple_pie,587,0.307401
FKIT,S+X2_M3_r1,apple_pie,588,0.393155
FKIT,S+X2_M3_r1,apple_pie,589,0.324077
FKIT,S+X2_M3_r1,apple_pie,590,0.251836
FKIT,S+X2_M3_r1,apple_pie,591,0.230267
FKIT,S+X2_M3_r1,apple_pie,592,0.204008
FKIT,S+X2_M3_r1,apple_pie,593,0.253444
FKIT,S+X2_M3_r1,apple_pie,594,0.228697
FKIT,S+X2_M3_r1,apple_pie,595,0.198095
FKIT,S+X2_M3_r1,apple_pie,596,0.198430
FKIT,S+X2_M3_r1,apple_pie,597,0.201000
FKIT,S+X2_M3_r1,apple_pie,598,0.128616
FKIT,S+X2_M3_r1,apple_pie,599,0.003365
FKIT,S+X2_M3_r1,apple_pie,600,0.000000
FKIT,S+X2_M3_r1,apple_pie,601,0.000595
FKIT,S+X2_M3_r1,apple_pie,602,0.000000
FKIT,S+X2_M3_r1,apple_pie,603,0.004478
FKIT,S+X2_M3_r1,apple_pie,604,0.000917
FKIT,S+X2_M3_r1,apple_pie,605,0.000000
FKIT,S+X2_M3_r1,apple_pie,606,0.000000
FKIT,S+X2_M3_r1,apple_pie,607,0.001418
FKIT,S+X2_M3_r1,apple_pie,608,0.011117
FKIT,S+X2_M3_r1,apple_pie,609,0.000000
FKIT,S+X2_M3_r1,apple_pie,610,0.000000
FKIT,S+X2_M3_r1,apple_pie,611,0.000000
FKIT,S+X2_M3_r1,apple_pie,612,0.000000
FKIT,S+X2_M3_r1,apple_pie,613,0.000000
FKIT,S+X2_M3_r1,apple_pie,614,0.000000
FKIT,S+X2_M3_r1,apple_pie,615,0.000000
FKIT,S+X2_M3_r1,apple_pie,616,0.000000
FKIT,S+X2_M3_r1,apple_pie,617,0.000000
FKIT,S+X2_M3_r1,apple_pie,618,0.000000
FKIT,S+X2_M3_r1,apple_pie,619,0.000000
FKIT,S+X2_M3_r1,apple_pie,620,0.000000
FKIT,S+X2_M3_r1,apple_pie,621,0.000000
FKIT,S+X2_M3_r1,apple_pie,622,0.000000
FKIT,S+X2_M3_r1,apple_pie,623,0.000000
FKIT,S+X2_M3_r1,apple_pie,624,0.000000
FKIT,S+X2_M3_r1,apple_pie,625,0.000000
FKIT,S+X2_M3_r1,apple_pie,626,0.000000
FKIT,S+X2_M3_r1,apple_pie,627,0.000000
FKIT,S+X2_M3_r1,apple_pie,628,0.000000
FKIT,S+X2_M3_r1,apple_pie,629,0.000000
FKIT,S+X2_M3_r1,apple_pie,630,0.000000
FKIT,S+X2_M3_r1,apple_pie,631,0.000000
FKIT,S+X2_M3_r1,apple_pie,632,0.000000
FKIT,S+X2_M3_r1,apple_pie,633,0.000000
FKIT,S+X2_M3_r1,apple_pie,634,0.000000
FKIT,S+X2_M3_r1,apple_pie,635,0.000000
FKIT,S+X2_M3_r1,apple_pie,636,0.000000
FKIT,S+X2_M3_r1,apple_pie,637,0.000000
FKIT,S+X2_M3_r1,apple_pie,638,0.000000
FKIT,S+X2_M3_r1,apple_pie,639,0.000000
FKIT,S+X2_M3_r1,apple_pie,640,0.000000
FKIT,S+X2_M3_r1,apple_pie,641,0.000000
FKIT,S+X2_M3_r1,apple_pie,642,0.000000
FKIT,S+X2_M3_r1,apple_pie,643,0.000000
FKIT,S+X2_M3_r1,apple_pie,644,0.000000
FKIT,S+X2_M3_r1,apple_pie,645,0.000000
FKIT,S+X2_M3_r1,apple_pie,646,0.000000
FKIT,S+X2_M3_r1,apple_pie,647,0.000000
FKIT,S+X2_M3_r1,apple_pie,648,0.000000
FKIT,S+X2_M3_r1,apple_pie,649,0.000000
FKIT,S+X2_M3_r1,apple_pie,650,0.000000
FKIT,S+X2_M3_r1,apple_pie,651,0.000000
FKIT,S+X2_M3_r1,apple_pie,652,0.000000
FKIT,S+X2_M3_r1,apple_pie,653,0.000000
FKIT,S+X2_M3_r1,apple_pie,654,0.000000
FKIT,S+X2_M3_r1,apple_pie,655,0.000000
FKIT,S+X2_M3_r1,apple_pie,656,0.000000
FKIT,S+X2_M3_r1,apple_pie,657,0.000000
FKIT,S+X2_M3_r1,apple_pie,658,0.000000
FKIT,S+X2_M3_r1,apple_pie,659,0.000000
FKIT,S+X2_M3_r1,apple_pie,660,0.000000
FKIT,S+X2_M3_r1,apple_pie,661,0.000000
FKIT,S+X2_M3_r1,apple_pie,662,0.000000
FKIT,S+X2_M3_r1,apple_pie,663,0.000000
FKIT,S+X2_M3_r1,apple_pie,664,0.000000
FKIT,S+X2_M3_r1,apple_pie,665,0.000000
FKIT,S+X2_M3_r1,apple_pie,666,0.000000
FKIT,S+X2_M3_r1,apple_pie,667,0.000000
FKIT,S+X2_M3_r1,apple_pie,668,0.000000
FKIT,S+X2_M3_r1,apple_pie,669,0.000000
FKIT,S+X2_M3_r1,apple_pie,670,0.000000
FKIT,S+X2_M3_r1,apple_pie,671,0.000000
FKIT,S+X2_M3_r1,apple_pie,672,0.000000
FKIT,S+X2_M3_r1,apple_pie,673,0.000000
FKIT,S+X2_M3_r1,apple_pie,674,0.000000
FKIT,S+X2_M3_r1,apple_pie,675,0.000000
FKIT,S+X2_M3_r1,apple_pie,676,0.000000
FKIT,S+X2_M3_r1,apple_pie,677,0.000000
FKIT,S+X2_M3_r1,apple_pie,678,0.000000
FKIT,S+X2_M3_r1,apple_pie,679,0.000000
FKIT,S+X2_M3_r1,apple_pie,680,0.000000
FKIT,S+X2_M3_r1,apple_pie,681,0.000000
FKIT,S+X2_M3_r1,apple_pie,682,0.000000
FKIT,S+X2_M3_r1,apple_pie,683,0.000000
FKIT,S+X2_M3_r1,apple_pie,684,0.000000
FKIT,S+X2_M3_r1,apple_pie,685,0.000000
FKIT,S+X2_M3_r1,apple_pie,686,0.000000
FKIT,S+X2_M3_r1,apple_pie,687,0.000000
FKIT,S+X2_M3_r1,apple_pie,688,0.000000
FKIT,S+X2_M3_r1,apple_pie,689,0.000000
FKIT,S+X2_M3_r1,apple_pie,690,0.000000
FKIT,S+X2_M3_r1,apple_pie,691,0.000000
FKIT,S+X2_M3_r1,apple_pie,692,0.000000
FKIT,S+X2_M3_r1,apple_pie,693,0.000000
FKIT,S+X2_M3_r1,apple_pie,694,0.000000
FKIT,S+X2_M3_r1,apple_pie,695,0.000000
FKIT,S+X2_M3_r1,apple_pie,696,0.000000
FKIT,S+X2_M3_r1,apple_pie,697,0.000000
FKIT,S+X2_M3_r1,apple_pie,698,0.000000
FKIT,S+X2_M3_r1,apple_pie,699,0.000000
FKIT,S+X2_M3_r1,apple_pie,700,0.000000
FKIT,S+X2_M3_r1,apple_pie,701,0.000000
FKIT,S+X2_M3_r1,apple_pie,702,0.000000
FKIT,S+X2_M3_r1,apple_pie,703,0.000000
FKIT,S+X2_M3_r1,apple_pie,704,0.000000
FKIT,S+X2_M3_r1,apple_pie,705,0.000000
FKIT,S+X2_M3_r1,apple_pie,706,0.000000
FKIT,S+X2_M3_r1,apple_pie,707,0.000000
FKIT,S+X2_M3_r1,apple_pie,708,0.000000
FKIT,S+X2_M3_r1,apple_pie,709,0.000000
FKIT,S+X2_M3_r1,apple_pie,710,0.000000
FKIT,S+X2_M3_r1,apple_pie,711,0.000000
FKIT,S+X2_M3_r1,apple_pie,712,0.000000
FKIT,S+X2_M3_r1,apple_pie,713,0.000000
FKIT,S+X2_M3_r1,apple_pie,714,0.000000
FKIT,S+X2_M3_r1,apple_pie,715,0.000000
FKIT,S+X2_M3_r1,apple_pie,716,0.000000
FKIT,S+X2_M3_r1,apple_pie,717,0.000000
FKIT,S+X2_M3_r1,apple_pie,718,0.000000
FKIT,S+X2_M3_r1,apple_pie,719,0.000000
FKIT,S+X2_M3_r1,apple_pie,720,0.000000
FKIT,S+X2_M3_r1,apple_pie,721,0.000000
FKIT,S+X2_M3_r1,apple_pie,722,0.000000
FKIT,S+X2_M3_r1,apple_pie,723,0.000000
FKIT,S+X2_M3_r1,apple_pie,724,0.000000
FKIT,S+X2_M3_r1,apple_pie,725,0.000000
FKIT,S+X2_M3_r1,apple_pie,726,0.000000
FKIT,S+X2_M3_r1,apple_pie,727,0.000000
FKIT,S+X2_M3_r1,apple_pie,728,0.000000
FKIT,S+X2_M3_r1,apple_pie,729,0.000000
FKIT,S+X2_M3_r1,apple_pie,730,0.000000
FKIT,S+X2_M3_r1,apple_pie,731,0.000000
FKIT,S+X2_M3_r1,apple_pie,732,0.000000
FKIT,S+X2_M3_r1,apple_pie,733,0.000000
FKIT,S+X2_M3_r1,apple_pie,734,0.000000
FKIT,S+X2_M3_r1,apple_pie,735,0.000000
FKIT,S+X2_M3_r1,apple_pie,736,0.000000
FKIT,S+X2_M3_r1,apple_pie,737,0.000000
FKIT,S+X2_M3_r1,apple_pie,738,0.000000
FKIT,S+X2_M3_r1,apple_pie,739,0.000000
FKIT,S+X2_M3_r1,apple_pie,740,0.000000
FKIT,S+X2_M3_r1,apple_pie,741,0.000000
FKIT,S+X2_M3_r1,apple_pie,742,0.000000
FKIT,S+X2_M3_r1,apple_pie,743,0.000000
FKIT,S+X2_M3_r1,apple_pie,744,0.000000
FKIT,S+X2_M3_r1,apple_pie,745,0.000000
FKIT,S+X2_M3_r1,apple_pie,746,0.000000
FKIT,S+X2_M3_r1,apple_pie,747,0.000000
FKIT,S+X2_M3_r1,apple_pie,748,0.000000
FKIT,S+X2_M3_r1,apple_pie,749,0.000000
FKIT,S+X2_M3_r1,apple_pie,750,0.000000
FKIT,S+X2_M3_r1,apple_pie,751,0.000000
FKIT,S+X2_M3_r1,apple_pie,752,0.000000
FKIT,S+X2_M3_r1,apple_pie,753,0.000000
FKIT,S+X2_M3_r1,apple_pie,754,0.000000
FKIT,S+X2_M3_r1,apple_pie,755,0.000000
FKIT,S+X2_M3_r1,apple_pie,756,0.000000
FKIT,S+X2_M3_r1,apple_pie,757,0.000000
FKIT,S+X2_M3_r1,apple_pie,758,0.000000
FKIT,S+X2_M3_r1,apple_pie,759,0.000000
FKIT,S+X2_M3_r1,apple_pie,760,0.000000
FKIT,S+X2_M3_r1,apple_pie,761,0.000000
FKIT,S+X2_M3_r1,apple_pie,762,0.000000
FKIT,S+X2_M3_r1,apple_pie,763,0.000000
FKIT,S+X2_M3_r1,apple_pie,764,0.000000
FKIT,S+X2_M3_r1,apple_pie,765,0.000000
FKIT,S+X2_M3_r1,apple_pie,766,0.000000
FKIT,S+X2_M3_r1,apple_pie,767,0.000000
FKIT,S+X2_M3_r1,apple_pie,768,0.000000
FKIT,S+X2_M3_r1,apple_pie,769,0.000000
FKIT,S+X2_M3_r1,apple_pie,770,0.000000
FKIT,S+X2_M3_r1,apple_pie,771,0.000000
FKIT,S+X2_M3_r1,apple_pie,772,0.000000
FKIT,S+X2_M3_r1,apple_pie,773,0.000000
FKIT,S+X2_M3_r1,apple_pie,774,0.000000
FKIT,S+X2_M3_r1,apple_pie,775,0.000000
FKIT,S+X2_M3_r1,apple_pie,776,0.000000
FKIT,S+X2_M3_r1,apple_pie,777,0.000000
FKIT,S+X2_M3_r1,apple_pie,778,0.000000
FKIT,S+X2_M3_r1,apple_pie,779,0.000000
FKIT,S+X2_M3_r1,apple_pie,780,0.000000
FKIT,S+X2_M3_r1,apple_pie,781,0.000000
FKIT,S+X2_M3_r1,apple_pie,782,0.000000
FKIT,S+X2_M3_r1,apple_pie,783,0.000000
FKIT,S+X2_M3_r1,apple_pie,784,0.000000
FKIT,S+X2_M3_r1,apple_pie,785,0.000000
FKIT,S+X2_M3_r1,apple_pie,786,0.000000
FKIT,S+X2_M3_r1,apple_pie,787,0.000000
FKIT,S+X2_M3_r1,apple_pie,788,0.000000
FKIT,S+X2_M3_r1,apple_pie,789,0.000000
FKIT,S+X2_M3_r1,apple_pie,790,0.000000
FKIT,S+X2_M3_r1,apple_pie,791,0.000000
FKIT,S+X2_M3_r1,apple_pie,792,0.000000
FKIT,S+X2_M3_r1,apple_pie,793,0.000000
FKIT,S+X2_M3_r1,apple_pie,794,0.000000
FKIT,S+X2_M3_r1,apple_pie,795,0.000000
FKIT,S+X2_M3_r1,apple_pie,796,0.000000
FKIT,S+X2_M3_r1,apple_pie,797,0.000000
FKIT,S+X2_M3_r1,apple_pie,798,0.000000
FKIT,S+X2_M3_r1,apple_pie,799,0.000000
FKIT,S+X2_M3_r1,apple_pie,800,0.000000
FKIT,S+X2_M3_r1,apple_pie,801,0.000000
FKIT,S+X2_M3_r1,apple_pie,802,0.000000
FKIT,S+X2_M3_r1,apple_pie,803,0.000000
FKIT,S+X2_M3_r1,apple_pie,804,0.000000
FKIT,S+X2_M3_r1,apple_pie,805,0.000000
FKIT,S+X2_M3_r1,apple_pie,806,0.000000
FKIT,S+X2_M3_r1,apple_pie,807,0.000000
FKIT,S+X2_M3_r1,apple_pie,808,0.000000
FKIT,S+X2_M3_r1,apple_pie,809,0.000000
FKIT,S+X2_M3_r1,apple_pie,810,0.000000
FKIT,S+X2_M3_r1,apple_pie,811,0.000000
FKIT,S+X2_M3_r1,apple_pie,812,0.000000
FKIT,S+X2_M3_r1,apple_pie,813,0.000000
FKIT,S+X2_M3_r1,apple_pie,814,0.000000
FKIT,S+X2_M3_r1,apple_pie,815,0.000000
FKIT,S+X2_M3_r1,apple_pie,816,0.000000
FKIT,S+X2_M3_r1,apple_pie,817,0.000000
FKIT,S+X2_M3_r1,apple_pie,818,0.000000
FKIT,S+X2_M3_r1,apple_pie,819,0.000000
FKIT,S+X2_M3_r1,apple_pie,820,0.000000
FKIT,S+X2_M3_r1,apple_pie,821,0.000000
FKIT,S+X2_M3_r1,apple_pie,822,0.000000
FKIT,S+X2_M3_r1,apple_pie,823,0.000000
FKIT,S+X2_M3_r1,apple_pie,824,0.000000
FKIT,S+X2_M3_r1,apple_pie,825,0.000000
FKIT,S+X2_M3_r1,apple_pie,826,0.000000
FKIT,S+X2_M3_r1,apple_pie,827,0.000000
FKIT,S+X2_M3_r1,apple_pie,828,0.000000
FKIT,S+X2_M3_r1,apple_pie,829,0.000000
FKIT,S+X2_M3_r1,apple_pie,830,0.000000
FKIT,S+X2_M3_r1,apple_pie,831,0.000000
FKIT,S+X2_M3_r1,apple_pie,832,0.000000
FKIT,S+X2_M3_r1,apple_pie,833,0.000000
FKIT,S+X2_M3_r1,apple_pie,834,0.000000
FKIT,S+X2_M3_r1,apple_pie,835,0.000000
FKIT,S+X2_M3_r1,apple_pie,836,0.000000
FKIT,S+X2_M3_r1,apple_pie,837,0.000000
FKIT,S+X2_M3_r1,apple_pie,838,0.000000
FKIT,S+X2_M3_r1,apple_pie,839,0.000000
FKIT,S+X2_M3_r1,apple_pie,840,0.000000
FKIT,S+X2_M3_r1,apple_pie,841,0.000000
FKIT,S+X2_M3_r1,apple_pie,842,0.000000
FKIT,S+X2_M3_r1,apple_pie,843,0.000000
FKIT,S+X2_M3_r1,apple_pie,844,0.000000
FKIT,S+X2_M3_r1,apple_pie,845,0.000000
FKIT,S+X2_M3_r1,apple_pie,846,0.000000
FKIT,S+X2_M3_r1,apple_pie,847,0.000000
FKIT,S+X2_M3_r1,apple_pie,848,0.000000
FKIT,S+X2_M3_r1,apple_pie,849,0.000000
FKIT,S+X2_M3_r1,apple_pie,850,0.000000
FKIT,S+X2_M3_r1,apple_pie,851,0.000000
FKIT,S+X2_M3_r1,apple_pie,852,0.000000
FKIT,S+X2_M3_r1,apple_pie,853,0.000000
FKIT,S+X2_M3_r1,apple_pie,854,0.000000
FKIT,S+X2_M3_r1,apple_pie,855,0.000000
FKIT,S+X2_M3_r1,apple_pie,856,0.000000
FKIT,S+X2_M3_r1,apple_pie,857,0.000000
FKIT,S+X2_M3_r1,apple_pie,858,0.000000
FKIT,S+X2_M3_r1,apple_pie,859,0.000000
FKIT,S+X2_M3_r1,apple_pie,860,0.000000
FKIT,S+X2_M3_r1,apple_pie,861,0.000000
FKIT,S+X2_M3_r1,apple_pie,862,0.000000
FKIT,S+X2_M3_r1,apple_pie,863,0.000000
FKIT,S+X2_M3_r1,apple_pie,864,0.000000
FKIT,S+X2_M3_r1,apple_pie,865,0.000000
FKIT,S+X2_M3_r1,apple_pie,866,0.000000
FKIT,S+X2_M3_r1,apple_pie,867,0.044938
FKIT,S+X2_M3_r1,apple_pie,868,0.060127
FKIT,S+X2_M3_r1,apple_pie,869,0.000000
FKIT,S+X2_M3_r1,apple_pie,870,0.000000
FKIT,S+X2_M3_r1,apple_pie,871,0.212101
FKIT,S+X2_M3_r1,apple_pie,872,0.194236
FKIT,S+X2_M3_r1,apple_pie,873,0.244172
FKIT,S+X2_M3_r1,apple_pie,874,0.305295
FKIT,S+X2_M3_r1,apple_pie,875,0.371130
FKIT,S+X2_M3_r1,apple_pie,876,0.330459
FKIT,S+X2_M3_r1,apple_pie,877,0.290524
FKIT,S+X2_M3_r1,apple_pie,878,0.394507
FKIT,S+X2_M3_r1,apple_pie,879,0.170855
FKIT,S+X2_M3_r1,apple_pie,880,0.367267
FKIT,S+X2_M3_r1,apple_pie,881,0.354157
FKIT,S+X2_M3_r1,apple_pie,882,0.298612
FKIT,S+X2_M3_r1,apple_pie,883,0.238134
FKIT,S+X2_M3_r1,apple_pie,884,0.379583
FKIT,S+X2_M3_r1,apple_pie,885,0.318059
FKIT,S+X2_M3_r1,apple_pie,886,0.404818
FKIT,S+X2_M3_r1,apple_pie,887,0.455174
FKIT,S+X2_M3_r1,apple_pie,888,0.424804
FKIT,S+X2_M3_r1,apple_pie,889,0.400909
FKIT,S+X2_M3_r1,apple_pie,890,0.397181
FKIT,S+X2_M3_r1,apple_pie,891,0.361840
FKIT,S+X2_M3_r1,apple_pie,892,0.382800
FKIT,S+X2_M3_r1,apple_pie,893,0.417029
FKIT,S+X2_M3_r1,apple_pie,894,0.429034
FKIT,S+X2_M3_r1,apple_pie,895,0.483782
FKIT,S+X2_M3_r1,apple_pie,896,0.562248
FKIT,S+X2_M3_r1,apple_pie,897,0.571682
FKIT,S+X2_M3_r1,apple_pie,898,0.588749
FKIT,S+X2_M3_r1,apple_pie,899,0.602682
FKIT,S+X2_M3_r1,apple_pie,900,0.701454
FKIT,S+X2_M3_r1,apple_pie,901,0.663158
FKIT,S+X2_M3_r1,apple_pie,902,0.733732
FKIT,S+X2_M3_r1,apple_pie,903,0.727525
FKIT,S+X2_M3_r1,apple_pie,904,0.741278
FKIT,S+X2_M3_r1,apple_pie,905,0.751123
FKIT,S+X2_M3_r1,apple_pie,906,0.739271
FKIT,S+X2_M3_r1,apple_pie,907,0.742145
FKIT,S+X2_M3_r1,apple_pie,908,0.727045
FKIT,S+X2_M3_r1,apple_pie,909,0.789553
FKIT,S+X2_M3_r1,apple_pie,910,0.820314
FKIT,S+X2_M3_r1,apple_pie,911,0.824703
FKIT,S+X2_M3_r1,apple_pie,912,0.836960
FKIT,S+X2_M3_r1,apple_pie,913,0.820139
FKIT,S+X2_M3_r1,apple_pie,914,0.825069
FKIT,S+X2_M3_r1,apple_pie,915,0.844677
FKIT,S+X2_M3_r1,apple_pie,916,0.837062
FKIT,S+X2_M3_r1,apple_pie,917,0.844491
FKIT,S+X2_M3_r1,apple_pie,918,0.841167
FKIT,S+X2_M3_r1,apple_pie,919,0.855777
FKIT,S+X2_M3_r1,apple_pie,920,0.864821
FKIT,S+X2_M3_r1,apple_pie,921,0.852310
FKIT,S+X2_M3_r1,apple_pie,922,0.850349
FKIT,S+X2_M3_r1,apple_pie,923,0.860210
FKIT,S+X2_M3_r1,apple_pie,924,0.855508
FKIT,S+X2_M3_r1,apple_pie,925,0.856996
FKIT,S+X2_M3_r1,apple_pie,926,0.845933
FKIT,S+X2_M3_r1,apple_pie,927,0.837691
FKIT,S+X2_M3_r1,apple_pie,928,0.860552
FKIT,S+X2_M3_r1,apple_pie,929,0.876077
FKIT,S+X2_M3_r1,apple_pie,930,0.870156
FKIT,S+X2_M3_r1,apple_pie,931,0.839858
FKIT,S+X2_M3_r1,apple_pie,932,0.850344
FKIT,S+X2_M3_r1,apple_pie,933,0.859407
FKIT,S+X2_M3_r1,apple_pie,934,0.843851
FKIT,S+X2_M3_r1,apple_pie,935,0.846096
FKIT,S+X2_M3_r1,apple_pie,936,0.848136
FKIT,S+X2_M3_r1,apple_pie,937,0.834843
FKIT,S+X2_M3_r1,apple_pie,938,0.831325
FKIT,S+X2_M3_r1,apple_pie,939,0.840257
FKIT,S+X2_M3_r1,apple_pie,940,0.820097
FKIT,S+X2_M3_r1,apple_pie,941,0.833545
FKIT,S+X2_M3_r1,apple_pie,942,0.810742
FKIT,S+X2_M3_r1,apple_pie,943,0.821447
FKIT,S+X2_M3_r1,apple_pie,944,0.837263
FKIT,S+X2_M3_r1,apple_pie,945,0.824200
FKIT,S+X2_M3_r1,apple_pie,946,0.833877
FKIT,S+X2_M3_r1,apple_pie,947,0.833803
FKIT,S+X2_M3_r1,apple_pie,948,0.823510
FKIT,S+X2_M3_r1,apple_pie,949,0.837405
FKIT,S+X2_M3_r1,apple_pie,950,0.844266
FKIT,S+X2_M3_r1,apple_pie,951,0.834948
FKIT,S+X2_M3_r1,apple_pie,952,0.830383
FKIT,S+X2_M3_r1,apple_pie,953,0.821553
FKIT,S+X2_M3_r1,apple_pie,954,0.823479
FKIT,S+X2_M3_r1,apple_pie,955,0.812199
FKIT,S+X2_M3_r1,apple_pie,956,0.805485
FKIT,S+X2_M3_r1,apple_pie,957,0.805753
FKIT,S+X2_M3_r1,apple_pie,958,0.790217
FKIT,S+X2_M3_r1,apple_pie,959,0.821223
FKIT,S+X2_M3_r1,apple_pie,960,0.806371
FKIT,S+X2_M3_r1,apple_pie,961,0.797150
FKIT,S+X2_M3_r1,apple_pie,962,0.809237
FKIT,S+X2_M3_r1,apple_pie,963,0.766788
FKIT,S+X2_M3_r1,apple_pie,964,0.778720
FKIT,S+X2_M3_r1,apple_pie,965,0.771318
FKIT,S+X2_M3_r1,apple_pie,966,0.687301
FKIT,S+X2_M3_r1,apple_pie,967,0.687329
FKIT,S+X2_M3_r1,apple_pie,968,0.621131
FKIT,S+X2_M3_r1,apple_pie,969,0.528902
FKIT,S+X2_M3_r1,apple_pie,970,0.542558
FKIT,S+X2_M3_r1,apple_pie,971,0.528621
FKIT,S+X2_M3_r1,apple_pie,972,0.307445
FKIT,S+X2_M3_r1,apple_pie,973,0.399922
FKIT,S+X2_M3_r1,apple_pie,974,0.307158
FKIT,S+X2_M3_r1,apple_pie,975,0.299119
FKIT,S+X2_M3_r1,apple_pie,976,0.289574
FKIT,S+X2_M3_r1,apple_pie,977,0.282250
FKIT,S+X2_M3_r1,apple_pie,978,0.253534
FKIT,S+X2_M3_r1,apple_pie,979,0.265395
FKIT,S+X2_M3_r1,apple_pie,980,0.251532
FKIT,S+X2_M3_r1,apple_pie,981,0.254126
FKIT,S+X2_M3_r1,apple_pie,982,0.244632
FKIT,S+X2_M3_r1,apple_pie,983,0.250317
FKIT,S+X2_M3_r1,apple_pie,984,0.240243
FKIT,S+X2_M3_r1,apple_pie,985,0.253954
FKIT,S+X2_M3_r1,apple_pie,986,0.253902
FKIT,S+X2_M3_r1,apple_pie,987,0.232337
FKIT,S+X2_M3_r1,apple_pie,988,0.250126
FKIT,S+X2_M3_r1,apple_pie,989,0.245455
FKIT,S+X2_M3_r1,apple_pie,990,0.168616
FKIT,S+X2_M3_r1,apple_pie,991,0.241078
FKIT,S+X2_M3_r1,apple_pie,992,0.236593
FKIT,S+X2_M3_r1,apple_pie,993,0.211700
FKIT,S+X2_M3_r1,apple_pie,994,0.228233
FKIT,S+X2_M3_r1,apple_pie,995,0.215876
FKIT,S+X2_M3_r1,apple_pie,996,0.197116
FKIT,S+X2_M3_r1,apple_pie,997,0.243067
FKIT,S+X2_M3_r1,apple_pie,998,0.221160
FKIT,S+X2_M3_r1,apple_pie,999,0.222681
FKIT,S+X2_M3_r1,apple_pie,1000,0.227563
FKIT,S+X2_M3_r1,apple_pie,1001,0.237597
FKIT,S+X2_M3_r1,apple_pie,1002,0.232456
FKIT,S+X2_M3_r1,apple_pie,1003,0.237046
FKIT,S+X2_M3_r1,apple_pie,1004,0.239656
FKIT,S+X2_M3_r1,apple_pie,1005,0.233220
FKIT,S+X2_M3_r1,apple_pie,1006,0.239213
FKIT,S+X2_M3_r1,apple_pie,1007,0.249361
FKIT,S+X2_M3_r1,apple_pie,1008,0.253019
FKIT,S+X2_M3_r1,apple_pie,1009,0.252024
FKIT,S+X2_M3_r1,apple_pie,1010,0.250822
FKIT,S+X2_M3_r1,apple_pie,1011,0.247647
FKIT,S+X2_M3_r1,apple_pie,1012,0.252623
FKIT,S+X2_M3_r1,apple_pie,1013,0.261481
FKIT,S+X2_M3_r1,apple_pie,1014,0.265910
FKIT,S+X2_M3_r1,apple_pie,1015,0.265662
FKIT,S+X2_M3_r1,apple_pie,1016,0.264491
FKIT,S+X2_M3_r1,apple_pie,1017,0.280604
FKIT,S+X2_M3_r1,apple_pie,1018,0.298356
FKIT,S+X2_M3_r1,apple_pie,1019,0.261865
FKIT,S+X2_M3_r1,apple_pie,1020,0.304553
FKIT,S+X2_M3_r1,apple_pie,1021,0.291036
FKIT,S+X2_M3_r1,apple_pie,1022,0.276654
FKIT,S+X2_M3_r1,apple_pie,1023,0.258640
FKIT,S+X2_M3_r1,apple_pie,1024,0.267672
FKIT,S+X2_M3_r1,apple_pie,1025,0.274283
FKIT,S+X2_M3_r1,apple_pie,1026,0.300257
FKIT,S+X2_M3_r1,apple_pie,1027,0.304590
FKIT,S+X2_M3_r1,apple_pie,1028,0.297721
FKIT,S+X2_M3_r1,apple_pie,1029,0.293311
FKIT,S+X2_M3_r1,apple_pie,1030,0.304553
FKIT,S+X2_M3_r1,apple_pie,1031,0.223028
FKIT,S+X2_M3_r1,apple_pie,1032,0.249204
FKIT,S+X2_M3_r1,apple_pie,1033,0.251126
FKIT,S+X2_M3_r1,apple_pie,1034,0.216323
FKIT,S+X2_M3_r1,apple_pie,1035,0.237634
FKIT,S+X2_M3_r1,apple_pie,1036,0.190594
FKIT,S+X2_M3_r1,apple_pie,1037,0.299949
FKIT,S+X2_M3_r1,apple_pie,1038,0.296429
FKIT,S+X2_M3_r1,apple_pie,1039,0.294815
FKIT,S+X2_M3_r1,apple_pie,1040,0.329268
FKIT,S+X2_M3_r1,apple_pie,1041,0.268991
FKIT,S+X2_M3_r1,apple_pie,1042,0.248810
FKIT,S+X2_M3_r1,apple_pie,1043,0.285550
FKIT,S+X2_M3_r1,apple_pie,1044,0.276462
FKIT,S+X2_M3_r1,apple_pie,1045,0.324471
FKIT,S+X2_M3_r1,apple_pie,1046,0.294521
FKIT,S+X2_M3_r1,apple_pie,1047,0.317148
FKIT,S+X2_M3_r1,apple_pie,1048,0.416004
FKIT,S+X2_M3_r1,apple_pie,1049,0.467330
FKIT,S+X2_M3_r1,apple_pie,1050,0.496446
FKIT,S+X2_M3_r1,apple_pie,1051,0.565579
FKIT,S+X2_M3_r1,apple_pie,1052,0.562795
FKIT,S+X2_M3_r1,apple_pie,1053,0.593775
FKIT,S+X2_M3_r1,apple_pie,1054,0.600152
FKIT,S+X2_M3_r1,apple_pie,1055,0.639100
FKIT,S+X2_M3_r1,apple_pie,1056,0.627927
FKIT,S+X2_M3_r1,apple_pie,1057,0.567084
FKIT,S+X2_M3_r1,apple_pie,1058,0.523828
FKIT,S+X2_M3_r1,apple_pie,1059,0.564509
FKIT,S+X2_M3_r1,apple_pie,1060,0.543423
FKIT,S+X2_M3_r1,apple_pie,1061,0.671948
FKIT,S+X2_M3_r1,apple_pie,1062,0.741393
FKIT,S+X2_M3_r1,apple_pie,1063,0.737075
FKIT,S+X2_M3_r1,apple_pie,1064,0.734206
FKIT,S+X2_M3_r1,apple_pie,1065,0.722071
FKIT,S+X2_M3_r1,apple_pie,1066,0.761644
FKIT,S+X2_M3_r1,apple_pie,1067,0.722923
FKIT,S+X2_M3_r1,apple_pie,1068,0.756273
FKIT,S+X2_M3_r1,apple_pie,1069,0.731758
FKIT,S+X2_M3_r1,apple_pie,1070,0.763597
FKIT,S+X2_M3_r1,apple_pie,1071,0.807329
FKIT,S+X2_M3_r1,apple_pie,1072,0.835662
FKIT,S+X2_M3_r1,apple_pie,1073,0.848637
FKIT,S+X2_M3_r1,apple_pie,1074,0.823093
FKIT,S+X2_M3_r1,apple_pie,1075,0.876266
FKIT,S+X2_M3_r1,apple_pie,1076,0.866922
FKIT,S+X2_M3_r1,apple_pie,1077,0.881911
FKIT,S+X2_M3_r1,apple_pie,1078,0.877139
FKIT,S+X2_M3_r1,apple_pie,1079,0.872571
FKIT,S+X2_M3_r1,apple_pie,1080,0.854224
FKIT,S+X2_M3_r1,apple_pie,1081,0.873669
FKIT,S+X2_M3_r1,apple_pie,1082,0.889272
FKIT,S+X2_M3_r1,apple_pie,1083,0.872056
FKIT,S+X2_M3_r1,apple_pie,1084,0.856989
FKIT,S+X2_M3_r1,apple_pie,1085,0.864992
FKIT,S+X2_M3_r1,apple_pie,1086,0.878894
FKIT,S+X2_M3_r1,apple_pie,1087,0.849454
FKIT,S+X2_M3_r1,apple_pie,1088,0.884780
FKIT,S+X2_M3_r1,apple_pie,1089,0.890759
FKIT,S+X2_M3_r1,apple_pie,1090,0.871884
FKIT,S+X2_M3_r1,apple_pie,1091,0.858355
FKIT,S+X2_M3_r1,apple_pie,1092,0.860103
FKIT,S+X2_M3_r1,apple_pie,1093,0.831485
FKIT,S+X2_M3_r1,apple_pie,1094,0.829600
FKIT,S+X2_M3_r1,apple_pie,1095,0.807900
FKIT,S+X2_M3_r1,apple_pie,1096,0.812265
FKIT,S+X2_M3_r1,apple_pie,1097,0.793236
FKIT,S+X2_M3_r1,apple_pie,1098,0.789310
FKIT,S+X2_M3_r1,apple_pie,1099,0.821214
FKIT,S+X2_M3_r1,apple_pie,1100,0.803834
FKIT,S+X2_M3_r1,apple_pie,1101,0.799872
FKIT,S+X2_M3_r1,apple_pie,1102,0.789977
FKIT,S+X2_M3_r1,apple_pie,1103,0.796911
FKIT,S+X2_M3_r1,apple_pie,1104,0.803869
FKIT,S+X2_M3_r1,apple_pie,1105,0.803431
FKIT,S+X2_M3_r1,apple_pie,1106,0.759752
FKIT,S+X2_M3_r1,apple_pie,1107,0.765659
FKIT,S+X2_M3_r1,apple_pie,1108,0.779790
FKIT,S+X2_M3_r1,apple_pie,1109,0.760036
FKIT,S+X2_M3_r1,apple_pie,1110,0.753012
FKIT,S+X2_M3_r1,apple_pie,1111,0.763428
FKIT,S+X2_M3_r1,apple_pie,1112,0.664641
FKIT,S+X2_M3_r1,apple_pie,1113,0.636032
FKIT,S+X2_M3_r1,apple_pie,1114,0.661051
FKIT,S+X2_M3_r1,apple_pie,1115,0.612030
FKIT,S+X2_M3_r1,apple_pie,1116,0.571058
FKIT,S+X2_M3_r1,apple_pie,1117,0.597551
FKIT,S+X2_M3_r1,apple_pie,1118,0.587814
FKIT,S+X2_M3_r1,apple_pie,1119,0.495914
FKIT,S+X2_M3_r1,apple_pie,1120,0.477595
FKIT,S+X2_M3_r1,apple_pie,1121,0.454479
FKIT,S+X2_M3_r1,apple_pie,1122,0.429322
FKIT,S+X2_M3_r1,apple_pie,1123,0.405623
FKIT,S+X2_M3_r1,apple_pie,1124,0.390506
FKIT,S+X2_M3_r1,apple_pie,1125,0.385482
FKIT,S+X2_M3_r1,apple_pie,1126,0.354753
FKIT,S+X2_M3_r1,apple_pie,1127,0.331243
FKIT,S+X2_M3_r1,apple_pie,1128,0.259447
FKIT,S+X2_M3_r1,apple_pie,1129,0.262910
FKIT,S+X2_M3_r1,apple_pie,1130,0.275957
FKIT,S+X2_M3_r1,apple_pie,1131,0.260759
FKIT,S+X2_M3_r1,apple_pie,1132,0.255292
FKIT,S+X2_M3_r1,apple_pie,1133,0.219534
FKIT,S+X2_M3_r1,apple_pie,1134,0.250202
FKIT,S+X2_M3_r1,apple_pie,1135,0.261881
FKIT,S+X2_M3_r1,apple_pie,1136,0.262973
FKIT,S+X2_M3_r1,apple_pie,1137,0.258881
FKIT,S+X2_M3_r1,apple_pie,1138,0.255743
FKIT,S+X2_M3_r1,apple_pie,1139,0.261624
FKIT,S+X2_M3_r1,apple_pie,1140,0.271366
FKIT,S+X2_M3_r1,apple_pie,1141,0.281892
FKIT,S+X2_M3_r1,apple_pie,1142,0.243371
FKIT,S+X2_M3_r1,apple_pie,1143,0.286014
FKIT,S+X2_M3_r1,apple_pie,1144,0.275440
FKIT,S+X2_M3_r1,apple_pie,1145,0.283476
FKIT,S+X2_M3_r1,apple_pie,1146,0.301152
FKIT,S+X2_M3_r1,apple_pie,1147,0.303535
FKIT,S+X2_M3_r1,apple_pie,1148,0.295366
FKIT,S+X2_M3_r1,apple_pie,1149,0.309826
FKIT,S+X2_M3_r1,apple_pie,1150,0.363846
FKIT,S+X2_M3_r1,apple_pie,1151,0.360894
FKIT,S+X2_M3_r1,apple_pie,1152,0.406892
FKIT,S+X2_M3_r1,apple_pie,1153,0.397409
FKIT,S+X2_M3_r1,apple_pie,1154,0.376837
FKIT,S+X2_M3_r1,apple_pie,1155,0.355656
FKIT,S+X2_M3_r1,apple_pie,1156,0.398007
FKIT,S+X2_M3_r1,apple_pie,1157,0.399810
FKIT,S+X2_M3_r1,apple_pie,1158,0.362662
FKIT,S+X2_M3_r1,apple_pie,1159,0.366551
FKIT,S+X2_M3_r1,apple_pie,1160,0.370494
FKIT,S+X2_M3_r1,apple_pie,1161,0.370620
FKIT,S+X2_M3_r1,apple_pie,1162,0.397127
FKIT,S+X2_M3_r1,apple_pie,1163,0.401282
FKIT,S+X2_M3_r1,apple_pie,1164,0.402601
FKIT,S+X2_M3_r1,apple_pie,1165,0.424122
FKIT,S+X2_M3_r1,apple_pie,1166,0.438607
FKIT,S+X2_M3_r1,apple_pie,1167,0.435216
FKIT,S+X2_M3_r1,apple_pie,1168,0.443750
FKIT,S+X2_M3_r1,apple_pie,1169,0.429236
FKIT,S+X2_M3_r1,apple_pie,1170,0.437173
FKIT,S+X2_M3_r1,apple_pie,1171,0.436563
FKIT,S+X2_M3_r1,apple_pie,1172,0.422470
FKIT,S+X2_M3_r1,apple_pie,1173,0.420814
FKIT,S+X2_M3_r1,apple_pie,1174,0.415336
FKIT,S+X2_M3_r1,apple_pie,1175,0.416244
FKIT,S+X2_M3_r1,apple_pie,1176,0.429050
FKIT,S+X2_M3_r1,apple_pie,1177,0.448507
FKIT,S+X2_M3_r1,apple_pie,1178,0.461684
FKIT,S+X2_M3_r1,apple_pie,1179,0.457633
FKIT,S+X2_M3_r1,apple_pie,1180,0.456130
FKIT,S+X2_M3_r1,apple_pie,1181,0.456804
FKIT,S+X2_M3_r1,apple_pie,1182,0.460571
FKIT,S+X2_M3_r1,apple_pie,1183,0.461314
FKIT,S+X2_M3_r1,apple_pie,1184,0.455492
FKIT,S+X2_M3_r1,apple_pie,1185,0.458260
FKIT,S+X2_M3_r1,apple_pie,1186,0.466315
FKIT,S+X2_M3_r1,apple_pie,1187,0.467967
FKIT,S+X2_M3_r1,apple_pie,1188,0.513684
FKIT,S+X2_M3_r1,apple_pie,1189,0.495560
FKIT,S+X2_M3_r1,apple_pie,1190,0.487068
FKIT,S+X2_M3_r1,apple_pie,1191,0.505776
FKIT,S+X2_M3_r1,apple_pie,1192,0.494967
FKIT,S+X2_M3_r1,apple_pie,1193,0.491805
FKIT,S+X2_M3_r1,apple_pie,1194,0.496890
FKIT,S+X2_M3_r1,apple_pie,1195,0.513516
FKIT,S+X2_M3_r1,apple_pie,1196,0.518071
FKIT,S+X2_M3_r1,apple_pie,1197,0.534536
FKIT,S+X2_M3_r1,apple_pie,1198,0.555500
FKIT,S+X2_M3_r1,apple_pie,1199,0.534321
FKIT,S+X2_M3_r1,apple_pie,1200,0.553332
FKIT,S+X2_M3_r1,banana,0,0.042749
FKIT,S+X2_M3_r1,banana,1,0.048690
FKIT,S+X2_M3_r1,banana,2,0.065227
FKIT,S+X2_M3_r1,banana,3,0.267103
FKIT,S+X2_M3_r1,banana,4,0.335589
FKIT,S+X2_M3_r1,banana,5,0.310513
FKIT,S+X2_M3_r1,banana,6,0.338842
FKIT,S+X2_M3_r1,banana,7,0.241251
FKIT,S+X2_M3_r1,banana,8,0.199589
FKIT,S+X2_M3_r1,banana,9,0.206627
FKIT,S+X2_M3_r1,banana,10,0.174370
FKIT,S+X2_M3_r1,banana,11,0.178698
FKIT,S+X2_M3_r1,banana,12,0.166667
FKIT,S+X2_M3_r1,banana,13,0.125696
FKIT,S+X2_M3_r1,banana,14,0.122280
FKIT,S+X2_M3_r1,banana,15,0.122589
FKIT,S+X2_M3_r1,banana,16,0.082906
FKIT,S+X2_M3_r1,banana,17,0.134734
FKIT,S+X2_M3_r1,banana,18,0.149082
FKIT,S+X2_M3_r1,banana,19,0.074437
FKIT,S+X2_M3_r1,banana,20,0.105994
FKIT,S+X2_M3_r1,banana,21,0.151148
FKIT,S+X2_M3_r1,banana,22,0.385494
FKIT,S+X2_M3_r1,banana,23,0.381116
FKIT,S+X2_M3_r1,banana,24,0.400335
FKIT,S+X2_M3_r1,banana,25,0.372347
FKIT,S+X2_M3_r1,banana,26,0.158358
FKIT,S+X2_M3_r1,banana,27,0.150474
FKIT,S+X2_M3_r1,banana,28,0.250286
FKIT,S+X2_M3_r1,banana,29,0.261955
FKIT,S+X2_M3_r1,banana,30,0.236428
FKIT,S+X2_M3_r1,banana,31,0.524159
FKIT,S+X2_M3_r1,banana,32,0.445988
FKIT,S+X2_M3_r1,banana,33,0.503281
FKIT,S+X2_M3_r1,banana,34,0.539864
FKIT,S+X2_M3_r1,banana,35,0.508046
FKIT,S+X2_M3_r1,banana,36,0.463599
FKIT,S+X2_M3_r1,banana,37,0.302913
FKIT,S+X2_M3_r1,banana,38,0.327864
FKIT,S+X2_M3_r1,banana,39,0.427346
FKIT,S+X2_M3_r1,banana,40,0.439118
FKIT,S+X2_M3_r1,banana,41,0.649192
FKIT,S+X2_M3_r1,banana,42,0.695062
FKIT,S+X2_M3_r1,banana,43,0.763098
FKIT,S+X2_M3_r1,banana,44,0.753827
FKIT,S+X2_M3_r1,banana,45,0.696467
FKIT,S+X2_M3_r1,banana,46,0.670938
FKIT,S+X2_M3_r1,banana,47,0.711219
FKIT,S+X2_M3_r1,banana,48,0.604513
FKIT,S+X2_M3_r1,banana,49,0.564239
FKIT,S+X2_M3_r1,banana,50,0.609514
FKIT,S+X2_M3_r1,banana,51,0.775785
FKIT,S+X2_M3_r1,banana,52,0.813616
FKIT,S+X2_M3_r1,banana,53,0.808784
FKIT,S+X2_M3_r1,banana,54,0.792364
FKIT,S+X2_M3_r1,banana,55,0.759721
FKIT,S+X2_M3_r1,banana,56,0.763537
FKIT,S+X2_M3_r1,banana,57,0.747230
FKIT,S+X2_M3_r1,banana,58,0.693451
FKIT,S+X2_M3_r1,banana,59,0.817068
FKIT,S+X2_M3_r1,banana,60,0.771771
FKIT,S+X2_M3_r1,banana,61,0.904847
FKIT,S+X2_M3_r1,banana,62,0.848610
FKIT,S+X2_M3_r1,banana,63,0.838084
FKIT,S+X2_M3_r1,banana,64,0.827390
FKIT,S+X2_M3_r1,banana,65,0.798961
FKIT,S+X2_M3_r1,banana,66,0.854599
FKIT,S+X2_M3_r1,banana,67,0.892486
FKIT,S+X2_M3_r1,banana,68,0.891318
FKIT,S+X2_M3_r1,banana,69,0.862967
FKIT,S+X2_M3_r1,banana,70,0.908082
FKIT,S+X2_M3_r1,banana,71,0.940964
FKIT,S+X2_M3_r1,banana,72,0.929020
FKIT,S+X2_M3_r1,banana,73,0.897186
FKIT,S+X2_M3_r1,banana,74,0.928185
FKIT,S+X2_M3_r1,banana,75,0.932719
FKIT,S+X2_M3_r1,banana,76,0.937435
FKIT,S+X2_M3_r1,banana,77,0.935789
FKIT,S+X2_M3_r1,banana,78,0.915649
FKIT,S+X2_M3_r1,banana,79,0.933080
FKIT,S+X2_M3_r1,banana,80,0.942423
FKIT,S+X2_M3_r1,banana,81,0.954829
FKIT,S+X2_M3_r1,banana,82,0.959009
FKIT,S+X2_M3_r1,banana,83,0.954159
FKIT,S+X2_M3_r1,banana,84,0.949695
FKIT,S+X2_M3_r1,banana,85,0.948778
FKIT,S+X2_M3_r1,banana,86,0.950695
FKIT,S+X2_M3_r1,banana,87,0.947932
FKIT,S+X2_M3_r1,banana,88,0.949320
FKIT,S+X2_M3_r1,banana,89,0.950883
FKIT,S+X2_M3_r1,banana,90,0.954549
FKIT,S+X2_M3_r1,banana,91,0.960061
FKIT,S+X2_M3_r1,banana,92,0.958504
FKIT,S+X2_M3_r1,banana,93,0.962338
FKIT,S+X2_M3_r1,banana,94,0.956296
FKIT,S+X2_M3_r1,banana,95,0.959204
FKIT,S+X2_M3_r1,banana,96,0.955244
FKIT,S+X2_M3_r1,banana,97,0.963121
FKIT,S+X2_M3_r1,banana,98,0.958784
FKIT,S+X2_M3_r1,banana,99,0.954696
FKIT,S+X2_M3_r1,banana,100,0.964850
FKIT,S+X2_M3_r1,banana,101,0.966403
FKIT,S+X2_M3_r1,banana,102,0.970209
FKIT,S+X2_M3_r1,banana,103,0.963216
FKIT,S+X2_M3_r1,banana,104,0.966141
FKIT,S+X2_M3_r1,banana,105,0.962521
FKIT,S+X2_M3_r1,banana,106,0.964979
FKIT,S+X2_M3_r1,banana,107,0.966185
FKIT,S+X2_M3_r1,banana,108,0.960827
FKIT,S+X2_M3_r1,banana,109,0.961619
FKIT,S+X2_M3_r1,banana,110,0.957939
FKIT,S+X2_M3_r1,banana,111,0.956126
FKIT,S+X2_M3_r1,banana,112,0.956745
FKIT,S+X2_M3_r1,banana,113,0.949485
FKIT,S+X2_M3_r1,banana,114,0.948929
FKIT,S+X2_M3_r1,banana,115,0.945811
FKIT,S+X2_M3_r1,banana,116,0.949335
FKIT,S+X2_M3_r1,banana,117,0.947701
FKIT,S+X2_M3_r1,banana,118,0.947019
FKIT,S+X2_M3_r1,banana,119,0.951236
FKIT,S+X2_M3_r1,banana,120,0.952720
FKIT,S+X2_M3_r1,banana,121,0.941649
FKIT,S+X2_M3_r1,banana,122,0.949115
FKIT,S+X2_M3_r1,banana,123,0.947719
FKIT,S+X2_M3_r1,banana,124,0.945166
FKIT,S+X2_M3_r1,banana,125,0.947579
FKIT,S+X2_M3_r1,banana,126,0.943985
FKIT,S+X2_M3_r1,banana,127,0.947819
FKIT,S+X2_M3_r1,banana,128,0.948636
FKIT,S+X2_M3_r1,banana,129,0.962967
FKIT,S+X2_M3_r1,banana,130,0.964313
FKIT,S+X2_M3_r1,banana,131,0.951803
FKIT,S+X2_M3_r1,banana,132,0.944997
FKIT,S+X2_M3_r1,banana,133,0.954879
FKIT,S+X2_M3_r1,banana,134,0.954463
FKIT,S+X2_M3_r1,banana,135,0.947843
FKIT,S+X2_M3_r1,banana,136,0.952890
FKIT,S+X2_M3_r1,banana,137,0.944761
FKIT,S+X2_M3_r1,banana,138,0.951671
FKIT,S+X2_M3_r1,banana,139,0.953533
FKIT,S+X2_M3_r1,banana,140,0.960118
FKIT,S+X2_M3_r1,banana,141,0.949305
FKIT,S+X2_M3_r1,banana,142,0.952929
FKIT,S+X2_M3_r1,banana,143,0.955932
FKIT,S+X2_M3_r1,banana,144,0.953887
FKIT,S+X2_M3_r1,banana,145,0.950418
FKIT,S+X2_M3_r1,banana,146,0.950047
FKIT,S+X2_M3_r1,banana,147,0.949268
FKIT,S+X2_M3_r1,banana,148,0.953198
FKIT,S+X2_M3_r1,banana,149,0.951227
FKIT,S+X2_M3_r1,banana,150,0.952400
FKIT,S+X2_M3_r1,banana,151,0.949799
FKIT,S+X2_M3_r1,banana,152,0.945336
FKIT,S+X2_M3_r1,banana,153,0.950716
FKIT,S+X2_M3_r1,banana,154,0.948447
FKIT,S+X2_M3_r1,banana,155,0.942217
FKIT,S+X2_M3_r1,banana,156,0.945764
FKIT,S+X2_M3_r1,banana,157,0.954762
FKIT,S+X2_M3_r1,banana,158,0.955351
FKIT,S+X2_M3_r1,banana,159,0.957460
FKIT,S+X2_M3_r1,banana,160,0.956076
FKIT,S+X2_M3_r1,banana,161,0.952036
FKIT,S+X2_M3_r1,banana,162,0.951129
FKIT,S+X2_M3_r1,banana,163,0.952744
FKIT,S+X2_M3_r1,banana,164,0.955269
FKIT,S+X2_M3_r1,banana,165,0.952447
FKIT,S+X2_M3_r1,banana,166,0.955015
FKIT,S+X2_M3_r1,banana,167,0.960629
FKIT,S+X2_M3_r1,banana,168,0.954960
FKIT,S+X2_M3_r1,banana,169,0.956145
FKIT,S+X2_M3_r1,banana,170,0.956480
FKIT,S+X2_M3_r1,banana,171,0.952555
FKIT,S+X2_M3_r1,banana,172,0.958419
FKIT,S+X2_M3_r1,banana,173,0.958097
FKIT,S+X2_M3_r1,banana,174,0.956944
FKIT,S+X2_M3_r1,banana,175,0.956733
FKIT,S+X2_M3_r1,banana,176,0.955941
FKIT,S+X2_M3_r1,banana,177,0.958872
FKIT,S+X2_M3_r1,banana,178,0.960313
FKIT,S+X2_M3_r1,banana,179,0.959795
FKIT,S+X2_M3_r1,banana,180,0.959379
FKIT,S+X2_M3_r1,banana,181,0.954261
FKIT,S+X2_M3_r1,banana,182,0.957527
FKIT,S+X2_M3_r1,banana,183,0.958313
FKIT,S+X2_M3_r1,banana,184,0.956264
FKIT,S+X2_M3_r1,banana,185,0.957035
FKIT,S+X2_M3_r1,banana,186,0.961337
FKIT,S+X2_M3_r1,banana,187,0.959915
FKIT,S+X2_M3_r1,banana,188,0.957199
FKIT,S+X2_M3_r1,banana,189,0.956379
FKIT,S+X2_M3_r1,banana,190,0.956152
FKIT,S+X2_M3_r1,banana,191,0.956575
FKIT,S+X2_M3_r1,banana,192,0.960909
FKIT,S+X2_M3_r1,banana,193,0.957646
FKIT,S+X2_M3_r1,banana,194,0.955352
FKIT,S+X2_M3_r1,banana,195,0.958670
FKIT,S+X2_M3_r1,banana,196,0.957084
FKIT,S+X2_M3_r1,banana,197,0.956289
FKIT,S+X2_M3_r1,banana,198,0.953625
FKIT,S+X2_M3_r1,banana,199,0.954140
FKIT,S+X2_M3_r1,banana,200,0.954908
FKIT,S+X2_M3_r1,banana,201,0.954601
FKIT,S+X2_M3_r1,banana,202,0.956447
FKIT,S+X2_M3_r1,banana,203,0.956414
FKIT,S+X2_M3_r1,banana,204,0.961988
FKIT,S+X2_M3_r1,banana,205,0.961274
FKIT,S+X2_M3_r1,banana,206,0.960784
FKIT,S+X2_M3_r1,banana,207,0.960642
FKIT,S+X2_M3_r1,banana,208,0.957382
FKIT,S+X2_M3_r1,banana,209,0.961975
FKIT,S+X2_M3_r1,banana,210,0.964671
FKIT,S+X2_M3_r1,banana,211,0.963277
FKIT,S+X2_M3_r1,banana,212,0.962433
FKIT,S+X2_M3_r1,banana,213,0.965339
FKIT,S+X2_M3_r1,banana,214,0.964305
FKIT,S+X2_M3_r1,banana,215,0.967574
FKIT,S+X2_M3_r1,banana,216,0.959704
FKIT,S+X2_M3_r1,banana,217,0.969584
FKIT,S+X2_M3_r1,banana,218,0.969106
FKIT,S+X2_M3_r1,banana,219,0.963868
FKIT,S+X2_M3_r1,banana,220,0.963694
FKIT,S+X2_M3_r1,banana,221,0.967353
FKIT,S+X2_M3_r1,banana,222,0.967773
FKIT,S+X2_M3_r1,banana,223,0.970277
FKIT,S+X2_M3_r1,banana,224,0.970454
FKIT,S+X2_M3_r1,banana,225,0.968594
FKIT,S+X2_M3_r1,banana,226,0.965340
FKIT,S+X2_M3_r1,banana,227,0.962770
FKIT,S+X2_M3_r1,banana,228,0.965320
FKIT,S+X2_M3_r1,banana,229,0.965213
FKIT,S+X2_M3_r1,banana,230,0.966758
FKIT,S+X2_M3_r1,banana,231,0.967165
FKIT,S+X2_M3_r1,banana,232,0.969497
FKIT,S+X2_M3_r1,banana,233,0.965428
FKIT,S+X2_M3_r1,banana,234,0.968046
FKIT,S+X2_M3_r1,banana,235,0.962513
FKIT,S+X2_M3_r1,banana,236,0.962007
FKIT,S+X2_M3_r1,banana,237,0.960361
FKIT,S+X2_M3_r1,banana,238,0.964711
FKIT,S+X2_M3_r1,banana,239,0.960967
FKIT,S+X2_M3_r1,banana,240,0.958429
FKIT,S+X2_M3_r1,banana,241,0.964248
FKIT,S+X2_M3_r1,banana,242,0.965178
FKIT,S+X2_M3_r1,banana,243,0.958836
FKIT,S+X2_M3_r1,banana,244,0.959749
FKIT,S+X2_M3_r1,banana,245,0.960977
FKIT,S+X2_M3_r1,banana,246,0.951776
FKIT,S+X2_M3_r1,banana,247,0.922447
FKIT,S+X2_M3_r1,banana,248,0.941617
FKIT,S+X2_M3_r1,banana,249,0.954502
FKIT,S+X2_M3_r1,banana,250,0.940804
FKIT,S+X2_M3_r1,banana,251,0.936665
FKIT,S+X2_M3_r1,banana,252,0.935536
FKIT,S+X2_M3_r1,banana,253,0.933876
FKIT,S+X2_M3_r1,banana,254,0.933917
FKIT,S+X2_M3_r1,banana,255,0.935139
FKIT,S+X2_M3_r1,banana,256,0.932902
FKIT,S+X2_M3_r1,banana,257,0.932823
FKIT,S+X2_M3_r1,banana,258,0.930374
FKIT,S+X2_M3_r1,banana,259,0.925786
FKIT,S+X2_M3_r1,banana,260,0.923618
FKIT,S+X2_M3_r1,banana,261,0.926727
FKIT,S+X2_M3_r1,banana,262,0.924826
FKIT,S+X2_M3_r1,banana,263,0.919155
FKIT,S+X2_M3_r1,banana,264,0.923501
FKIT,S+X2_M3_r1,banana,265,0.924253
FKIT,S+X2_M3_r1,banana,266,0.915765
FKIT,S+X2_M3_r1,banana,267,0.911238
FKIT,S+X2_M3_r1,banana,268,0.909516
FKIT,S+X2_M3_r1,banana,269,0.907507
FKIT,S+X2_M3_r1,banana,270,0.888946
FKIT,S+X2_M3_r1,banana,271,0.891206
FKIT,S+X2_M3_r1,banana,272,0.893314
FKIT,S+X2_M3_r1,banana,273,0.895461
FKIT,S+X2_M3_r1,banana,274,0.893277
FKIT,S+X2_M3_r1,banana,275,0.891093
FKIT,S+X2_M3_r1,banana,276,0.880176
FKIT,S+X2_M3_r1,banana,277,0.887250
FKIT,S+X2_M3_r1,banana,278,0.876414
FKIT,S+X2_M3_r1,banana,279,0.852128
FKIT,S+X2_M3_r1,banana,280,0.855140
FKIT,S+X2_M3_r1,banana,281,0.879702
FKIT,S+X2_M3_r1,banana,282,0.876348
FKIT,S+X2_M3_r1,banana,283,0.872656
FKIT,S+X2_M3_r1,banana,284,0.886528
FKIT,S+X2_M3_r1,banana,285,0.891350
FKIT,S+X2_M3_r1,banana,286,0.880121
FKIT,S+X2_M3_r1,banana,287,0.876879
FKIT,S+X2_M3_r1,banana,288,0.876105
FKIT,S+X2_M3_r1,banana,289,0.896473
FKIT,S+X2_M3_r1,banana,290,0.829035
FKIT,S+X2_M3_r1,banana,291,0.874934
FKIT,S+X2_M3_r1,banana,292,0.933968
FKIT,S+X2_M3_r1,banana,293,0.932273
FKIT,S+X2_M3_r1,banana,294,0.844774
FKIT,S+X2_M3_r1,banana,295,0.853914
FKIT,S+X2_M3_r1,banana,296,0.839345
FKIT,S+X2_M3_r1,banana,297,0.828404
FKIT,S+X2_M3_r1,banana,298,0.846437
FKIT,S+X2_M3_r1,banana,299,0.866707
FKIT,S+X2_M3_r1,banana,300,0.795089
FKIT,S+X2_M3_r1,banana,301,0.782720
FKIT,S+X2_M3_r1,banana,302,0.787738
FKIT,S+X2_M3_r1,banana,303,0.795685
FKIT,S+X2_M3_r1,banana,304,0.775215
FKIT,S+X2_M3_r1,banana,305,0.756770
FKIT,S+X2_M3_r1,banana,306,0.775213
FKIT,S+X2_M3_r1,banana,307,0.786991
FKIT,S+X2_M3_r1,banana,308,0.862082
FKIT,S+X2_M3_r1,banana,309,0.861365
FKIT,S+X2_M3_r1,banana,310,0.876560
FKIT,S+X2_M3_r1,banana,311,0.936430
FKIT,S+X2_M3_r1,banana,312,0.918581
FKIT,S+X2_M3_r1,banana,313,0.898472
FKIT,S+X2_M3_r1,banana,314,0.894033
FKIT,S+X2_M3_r1,banana,315,0.906700
FKIT,S+X2_M3_r1,banana,316,0.945388
FKIT,S+X2_M3_r1,banana,317,0.903757
FKIT,S+X2_M3_r1,banana,318,0.938250
FKIT,S+X2_M3_r1,banana,319,0.932275
FKIT,S+X2_M3_r1,banana,320,0.933333
FKIT,S+X2_M3_r1,banana,321,0.962177
FKIT,S+X2_M3_r1,banana,322,0.954634
FKIT,S+X2_M3_r1,banana,323,0.952598
FKIT,S+X2_M3_r1,banana,324,0.949066
FKIT,S+X2_M3_r1,banana,325,0.952082
FKIT,S+X2_M3_r1,banana,326,0.958788
FKIT,S+X2_M3_r1,banana,327,0.959041
FKIT,S+X2_M3_r1,banana,328,0.959868
FKIT,S+X2_M3_r1,banana,329,0.957563
FKIT,S+X2_M3_r1,banana,330,0.953390
FKIT,S+X2_M3_r1,banana,331,0.974853
FKIT,S+X2_M3_r1,banana,332,0.970725
FKIT,S+X2_M3_r1,banana,333,0.968801
FKIT,S+X2_M3_r1,banana,334,0.970758
FKIT,S+X2_M3_r1,banana,335,0.972757
FKIT,S+X2_M3_r1,banana,336,0.971808
FKIT,S+X2_M3_r1,banana,337,0.972317
FKIT,S+X2_M3_r1,banana,338,0.972766
FKIT,S+X2_M3_r1,banana,339,0.968223
FKIT,S+X2_M3_r1,banana,340,0.969068
FKIT,S+X2_M3_r1,banana,341,0.975688
FKIT,S+X2_M3_r1,banana,342,0.979438
FKIT,S+X2_M3_r1,banana,343,0.978592
FKIT,S+X2_M3_r1,banana,344,0.980644
FKIT,S+X2_M3_r1,banana,345,0.975286
FKIT,S+X2_M3_r1,banana,346,0.980700
FKIT,S+X2_M3_r1,banana,347,0.982247
FKIT,S+X2_M3_r1,banana,348,0.979585
FKIT,S+X2_M3_r1,banana,349,0.981678
FKIT,S+X2_M3_r1,banana,350,0.980359
FKIT,S+X2_M3_r1,banana,351,0.975426
FKIT,S+X2_M3_r1,banana,352,0.973520
FKIT,S+X2_M3_r1,banana,353,0.972060
FKIT,S+X2_M3_r1,banana,354,0.975412
FKIT,S+X2_M3_r1,banana,355,0.973518
FKIT,S+X2_M3_r1,banana,356,0.972421
FKIT,S+X2_M3_r1,banana,357,0.968603
FKIT,S+X2_M3_r1,banana,358,0.969175
FKIT,S+X2_M3_r1,banana,359,0.973871
FKIT,S+X2_M3_r1,banana,360,0.971510
FKIT,S+X2_M3_r1,banana,361,0.974618
FKIT,S+X2_M3_r1,banana,362,0.972241
FKIT,S+X2_M3_r1,banana,363,0.973641
FKIT,S+X2_M3_r1,banana,364,0.974756
FKIT,S+X2_M3_r1,banana,365,0.971848
FKIT,S+X2_M3_r1,banana,366,0.971915
FKIT,S+X2_M3_r1,banana,367,0.973213
FKIT,S+X2_M3_r1,banana,368,0.971588
FKIT,S+X2_M3_r1,banana,369,0.971582
FKIT,S+X2_M3_r1,banana,370,0.971763
FKIT,S+X2_M3_r1,banana,371,0.969552
FKIT,S+X2_M3_r1,banana,372,0.966030
FKIT,S+X2_M3_r1,banana,373,0.967586
FKIT,S+X2_M3_r1,banana,374,0.968925
FKIT,S+X2_M3_r1,banana,375,0.977114
FKIT,S+X2_M3_r1,banana,376,0.966807
FKIT,S+X2_M3_r1,banana,377,0.968434
FKIT,S+X2_M3_r1,banana,378,0.968099
FKIT,S+X2_M3_r1,banana,379,0.972447
FKIT,S+X2_M3_r1,banana,380,0.971443
FKIT,S+X2_M3_r1,banana,381,0.974697
FKIT,S+X2_M3_r1,banana,382,0.968801
FKIT,S+X2_M3_r1,banana,383,0.965987
FKIT,S+X2_M3_r1,banana,384,0.966242
FKIT,S+X2_M3_r1,banana,385,0.966232
FKIT,S+X2_M3_r1,banana,386,0.967647
FKIT,S+X2_M3_r1,banana,387,0.969332
FKIT,S+X2_M3_r1,banana,388,0.975205
FKIT,S+X2_M3_r1,banana,389,0.971514
FKIT,S+X2_M3_r1,banana,390,0.967268
FKIT,S+X2_M3_r1,banana,391,0.966682
FKIT,S+X2_M3_r1,banana,392,0.968443
FKIT,S+X2_M3_r1,banana,393,0.973760
FKIT,S+X2_M3_r1,banana,394,0.974078
FKIT,S+X2_M3_r1,banana,395,0.974665
FKIT,S+X2_M3_r1,banana,396,0.976689
FKIT,S+X2_M3_r1,banana,397,0.971069
FKIT,S+X2_M3_r1,banana,398,0.972670
FKIT,S+X2_M3_r1,banana,399,0.969511
FKIT,S+X2_M3_r1,banana,400,0.963810
FKIT,S+X2_M3_r1,banana,401,0.961434
FKIT,S+X2_M3_r1,banana,402,0.965097
FKIT,S+X2_M3_r1,banana,403,0.966938
FKIT,S+X2_M3_r1,banana,404,0.965898
FKIT,S+X2_M3_r1,banana,405,0.966051
FKIT,S+X2_M3_r1,banana,406,0.959345
FKIT,S+X2_M3_r1,banana,407,0.942388
FKIT,S+X2_M3_r1,banana,408,0.954058
FKIT,S+X2_M3_r1,banana,409,0.952335
FKIT,S+X2_M3_r1,banana,410,0.945209
FKIT,S+X2_M3_r1,banana,411,0.949805
FKIT,S+X2_M3_r1,banana,412,0.953422
FKIT,S+X2_M3_r1,banana,413,0.953519
FKIT,S+X2_M3_r1,banana,414,0.961438
FKIT,S+X2_M3_r1,banana,415,0.949445
FKIT,S+X2_M3_r1,banana,416,0.945916
FKIT,S+X2_M3_r1,banana,417,0.952581
FKIT,S+X2_M3_r1,banana,418,0.955601
FKIT,S+X2_M3_r1,banana,419,0.953541
FKIT,S+X2_M3_r1,banana,420,0.957148
FKIT,S+X2_M3_r1,banana,421,0.957110
FKIT,S+X2_M3_r1,banana,422,0.953606
FKIT,S+X2_M3_r1,banana,423,0.954774
FKIT,S+X2_M3_r1,banana,424,0.956017
FKIT,S+X2_M3_r1,banana,425,0.957919
FKIT,S+X2_M3_r1,banana,426,0.951491
FKIT,S+X2_M3_r1,banana,427,0.960860
FKIT,S+X2_M3_r1,banana,428,0.953833
FKIT,S+X2_M3_r1,banana,429,0.952508
FKIT,S+X2_M3_r1,banana,430,0.951200
FKIT,S+X2_M3_r1,banana,431,0.955435
FKIT,S+X2_M3_r1,banana,432,0.954854
FKIT,S+X2_M3_r1,banana,433,0.955497
FKIT,S+X2_M3_r1,banana,434,0.952026
FKIT,S+X2_M3_r1,banana,435,0.950265
FKIT,S+X2_M3_r1,banana,436,0.948278
FKIT,S+X2_M3_r1,banana,437,0.951152
FKIT,S+X2_M3_r1,banana,438,0.949530
FKIT,S+X2_M3_r1,banana,439,0.949568
FKIT,S+X2_M3_r1,banana,440,0.949626
FKIT,S+X2_M3_r1,banana,441,0.971542
FKIT,S+X2_M3_r1,banana,442,0.939659
FKIT,S+X2_M3_r1,banana,443,0.944691
FKIT,S+X2_M3_r1,banana,444,0.950097
FKIT,S+X2_M3_r1,banana,445,0.951887
FKIT,S+X2_M3_r1,banana,446,0.951776
FKIT,S+X2_M3_r1,banana,447,0.976769
FKIT,S+X2_M3_r1,banana,448,0.976132
FKIT,S+X2_M3_r1,banana,449,0.972236
FKIT,S+X2_M3_r1,banana,450,0.942079
FKIT,S+X2_M3_r1,banana,451,0.944758
FKIT,S+X2_M3_r1,banana,452,0.939018
FKIT,S+X2_M3_r1,banana,453,0.940594
FKIT,S+X2_M3_r1,banana,454,0.944689
FKIT,S+X2_M3_r1,banana,455,0.941963
FKIT,S+X2_M3_r1,banana,456,0.940898
FKIT,S+X2_M3_r1,banana,457,0.947968
FKIT,S+X2_M3_r1,banana,458,0.943970
FKIT,S+X2_M3_r1,banana,459,0.940753
FKIT,S+X2_M3_r1,banana,460,0.943468
FKIT,S+X2_M3_r1,banana,461,0.940025
FKIT,S+X2_M3_r1,banana,462,0.946469
FKIT,S+X2_M3_r1,banana,463,0.965895
FKIT,S+X2_M3_r1,banana,464,0.963403
FKIT,S+X2_M3_r1,banana,465,0.953222
FKIT,S+X2_M3_r1,banana,466,0.948204
FKIT,S+X2_M3_r1,banana,467,0.959361
FKIT,S+X2_M3_r1,banana,468,0.962560
FKIT,S+X2_M3_r1,banana,469,0.976483
FKIT,S+X2_M3_r1,banana,470,0.979750
FKIT,S+X2_M3_r1,banana,471,0.975122
FKIT,S+X2_M3_r1,banana,472,0.981160
FKIT,S+X2_M3_r1,banana,473,0.978984
FKIT,S+X2_M3_r1,banana,474,0.984997
FKIT,S+X2_M3_r1,banana,475,0.983271
FKIT,S+X2_M3_r1,banana,476,0.984541
FKIT,S+X2_M3_r1,banana,477,0.983842
FKIT,S+X2_M3_r1,banana,478,0.983171
FKIT,S+X2_M3_r1,banana,479,0.984815
FKIT,S+X2_M3_r1,banana,480,0.986554
FKIT,S+X2_M3_r1,banana,481,0.984788
FKIT,S+X2_M3_r1,banana,482,0.981824
FKIT,S+X2_M3_r1,banana,483,0.981599
FKIT,S+X2_M3_r1,banana,484,0.986685
FKIT,S+X2_M3_r1,banana,485,0.986232
FKIT,S+X2_M3_r1,banana,486,0.982977
FKIT,S+X2_M3_r1,banana,487,0.986371
FKIT,S+X2_M3_r1,banana,488,0.987451
FKIT,S+X2_M3_r1,banana,489,0.984853
FKIT,S+X2_M3_r1,banana,490,0.985490
FKIT,S+X2_M3_r1,banana,491,0.983124
FKIT,S+X2_M3_r1,banana,492,0.985670
FKIT,S+X2_M3_r1,banana,493,0.983851
FKIT,S+X2_M3_r1,banana,494,0.986763
FKIT,S+X2_M3_r1,banana,495,0.986605
FKIT,S+X2_M3_r1,banana,496,0.986582
FKIT,S+X2_M3_r1,banana,497,0.986458
FKIT,S+X2_M3_r1,banana,498,0.986360
FKIT,S+X2_M3_r1,banana,499,0.987223
FKIT,S+X2_M3_r1,banana,500,0.987087
FKIT,S+X2_M3_r1,banana,501,0.983812
FKIT,S+X2_M3_r1,banana,502,0.984416
FKIT,S+X2_M3_r1,banana,503,0.983830
FKIT,S+X2_M3_r1,banana,504,0.988019
FKIT,S+X2_M3_r1,banana,505,0.988765
FKIT,S+X2_M3_r1,banana,506,0.989490
FKIT,S+X2_M3_r1,banana,507,0.988592
FKIT,S+X2_M3_r1,banana,508,0.987955
FKIT,S+X2_M3_r1,banana,509,0.988561
FKIT,S+X2_M3_r1,banana,510,0.987862
FKIT,S+X2_M3_r1,banana,511,0.988539
FKIT,S+X2_M3_r1,banana,512,0.990126
FKIT,S+X2_M3_r1,banana,513,0.989067
FKIT,S+X2_M3_r1,banana,514,0.988352
FKIT,S+X2_M3_r1,banana,515,0.988854
FKIT,S+X2_M3_r1,banana,516,0.988074
FKIT,S+X2_M3_r1,banana,517,0.987337
FKIT,S+X2_M3_r1,banana,518,0.988398
FKIT,S+X2_M3_r1,banana,519,0.987334
FKIT,S+X2_M3_r1,banana,520,0.988567
FKIT,S+X2_M3_r1,banana,521,0.985912
FKIT,S+X2_M3_r1,banana,522,0.988390
FKIT,S+X2_M3_r1,banana,523,0.986745
FKIT,S+X2_M3_r1,banana,524,0.987254
FKIT,S+X2_M3_r1,banana,525,0.987483
FKIT,S+X2_M3_r1,banana,526,0.985578
FKIT,S+X2_M3_r1,banana,527,0.987744
FKIT,S+X2_M3_r1,banana,528,0.986576
FKIT,S+X2_M3_r1,banana,529,0.986837
FKIT,S+X2_M3_r1,banana,530,0.984579
FKIT,S+X2_M3_r1,banana,531,0.985939
FKIT,S+X2_M3_r1,banana,532,0.984538
FKIT,S+X2_M3_r1,banana,533,0.987462
FKIT,S+X2_M3_r1,banana,534,0.986032
FKIT,S+X2_M3_r1,banana,535,0.986026
FKIT,S+X2_M3_r1,banana,536,0.987700
FKIT,S+X2_M3_r1,banana,537,0.986777
FKIT,S+X2_M3_r1,banana,538,0.984856
FKIT,S+X2_M3_r1,banana,539,0.986307
FKIT,S+X2_M3_r1,banana,540,0.985908
FKIT,S+X2_M3_r1,banana,541,0.984500
FKIT,S+X2_M3_r1,banana,542,0.987713
FKIT,S+X2_M3_r1,banana,543,0.984629
FKIT,S+X2_M3_r1,banana,544,0.985321
FKIT,S+X2_M3_r1,banana,545,0.985500
FKIT,S+X2_M3_r1,banana,546,0.986336
FKIT,S+X2_M3_r1,banana,547,0.985174
FKIT,S+X2_M3_r1,banana,548,0.985627
FKIT,S+X2_M3_r1,banana,549,0.983884
FKIT,S+X2_M3_r1,banana,550,0.985315
FKIT,S+X2_M3_r1,banana,551,0.984666
FKIT,S+X2_M3_r1,banana,552,0.984855
FKIT,S+X2_M3_r1,banana,553,0.986702
FKIT,S+X2_M3_r1,banana,554,0.986415
FKIT,S+X2_M3_r1,banana,555,0.986245
FKIT,S+X2_M3_r1,banana,556,0.986732
FKIT,S+X2_M3_r1,banana,557,0.989268
FKIT,S+X2_M3_r1,banana,558,0.985165
FKIT,S+X2_M3_r1,banana,559,0.985903
FKIT,S+X2_M3_r1,banana,560,0.985027
FKIT,S+X2_M3_r1,banana,561,0.984845
FKIT,S+X2_M3_r1,banana,562,0.986224
FKIT,S+X2_M3_r1,banana,563,0.985740
FKIT,S+X2_M3_r1,banana,564,0.986225
FKIT,S+X2_M3_r1,banana,565,0.986124
FKIT,S+X2_M3_r1,banana,566,0.986246
FKIT,S+X2_M3_r1,banana,567,0.986067
FKIT,S+X2_M3_r1,banana,568,0.985639
FKIT,S+X2_M3_r1,banana,569,0.987160
FKIT,S+X2_M3_r1,banana,570,0.985972
FKIT,S+X2_M3_r1,banana,571,0.985487
FKIT,S+X2_M3_r1,banana,572,0.987360
FKIT,S+X2_M3_r1,banana,573,0.988350
FKIT,S+X2_M3_r1,banana,574,0.987533
FKIT,S+X2_M3_r1,banana,575,0.985769
FKIT,S+X2_M3_r1,banana,576,0.986923
FKIT,S+X2_M3_r1,banana,577,0.987032
FKIT,S+X2_M3_r1,banana,578,0.987809
FKIT,S+X2_M3_r1,banana,579,0.985927
FKIT,S+X2_M3_r1,banana,580,0.986930
FKIT,S+X2_M3_r1,banana,581,0.985552
FKIT,S+X2_M3_r1,banana,582,0.986302
FKIT,S+X2_M3_r1,banana,583,0.986340
FKIT,S+X2_M3_r1,banana,584,0.986684
FKIT,S+X2_M3_r1,banana,585,0.986536
FKIT,S+X2_M3_r1,banana,586,0.986788
FKIT,S+X2_M3_r1,banana,587,0.987805
FKIT,S+X2_M3_r1,banana,588,0.985982
FKIT,S+X2_M3_r1,banana,589,0.986997
FKIT,S+X2_M3_r1,banana,590,0.988535
FKIT,S+X2_M3_r1,banana,591,0.988571
FKIT,S+X2_M3_r1,banana,592,0.987483
FKIT,S+X2_M3_r1,banana,593,0.989003
FKIT,S+X2_M3_r1,banana,594,0.987346
FKIT,S+X2_M3_r1,banana,595,0.984454
FKIT,S+X2_M3_r1,banana,596,0.985653
FKIT,S+X2_M3_r1,banana,597,0.985776
FKIT,S+X2_M3_r1,banana,598,0.988967
FKIT,S+X2_M3_r1,banana,599,0.989555
FKIT,S+X2_M3_r1,banana,600,0.988022
FKIT,S+X2_M3_r1,banana,601,0.985513
FKIT,S+X2_M3_r1,banana,602,0.987923
FKIT,S+X2_M3_r1,banana,603,0.990628
FKIT,S+X2_M3_r1,banana,604,0.989639
FKIT,S+X2_M3_r1,banana,605,0.987350
FKIT,S+X2_M3_r1,banana,606,0.988929
FKIT,S+X2_M3_r1,banana,607,0.989156
FKIT,S+X2_M3_r1,banana,608,0.987997
FKIT,S+X2_M3_r1,banana,609,0.988513
FKIT,S+X2_M3_r1,banana,610,0.988730
FKIT,S+X2_M3_r1,banana,611,0.987591
FKIT,S+X2_M3_r1,banana,612,0.985245
FKIT,S+X2_M3_r1,banana,613,0.986969
FKIT,S+X2_M3_r1,banana,614,0.987397
FKIT,S+X2_M3_r1,banana,615,0.990687
FKIT,S+X2_M3_r1,banana,616,0.989319
FKIT,S+X2_M3_r1,banana,617,0.989867
FKIT,S+X2_M3_r1,banana,618,0.989716
FKIT,S+X2_M3_r1,banana,619,0.990228
FKIT,S+X2_M3_r1,banana,620,0.990610
FKIT,S+X2_M3_r1,banana,621,0.989212
FKIT,S+X2_M3_r1,banana,622,0.987707
FKIT,S+X2_M3_r1,banana,623,0.988957
FKIT,S+X2_M3_r1,banana,624,0.991765
FKIT,S+X2_M3_r1,banana,625,0.992408
FKIT,S+X2_M3_r1,banana,626,0.990407
FKIT,S+X2_M3_r1,banana,627,0.992602
FKIT,S+X2_M3_r1,banana,628,0.990576
FKIT,S+X2_M3_r1,banana,629,0.991322
FKIT,S+X2_M3_r1,banana,630,0.992468
FKIT,S+X2_M3_r1,banana,631,0.991892
FKIT,S+X2_M3_r1,banana,632,0.990268
FKIT,S+X2_M3_r1,banana,633,0.987546
FKIT,S+X2_M3_r1,banana,634,0.990826
FKIT,S+X2_M3_r1,banana,635,0.990414
FKIT,S+X2_M3_r1,banana,636,0.990369
FKIT,S+X2_M3_r1,banana,637,0.987243
FKIT,S+X2_M3_r1,banana,638,0.989104
FKIT,S+X2_M3_r1,banana,639,0.987220
FKIT,S+X2_M3_r1,banana,640,0.981375
FKIT,S+X2_M3_r1,banana,641,0.986182
FKIT,S+X2_M3_r1,banana,642,0.983990
FKIT,S+X2_M3_r1,banana,643,0.979507
FKIT,S+X2_M3_r1,banana,644,0.982358
FKIT,S+X2_M3_r1,banana,645,0.972917
FKIT,S+X2_M3_r1,banana,646,0.979700
FKIT,S+X2_M3_r1,banana,647,0.981326
FKIT,S+X2_M3_r1,banana,648,0.970588
FKIT,S+X2_M3_r1,banana,649,0.969990
FKIT,S+X2_M3_r1,banana,650,0.968919
FKIT,S+X2_M3_r1,banana,651,0.970138
FKIT,S+X2_M3_r1,banana,652,0.971479
FKIT,S+X2_M3_r1,banana,653,0.960952
FKIT,S+X2_M3_r1,banana,654,0.969167
FKIT,S+X2_M3_r1,banana,655,0.964035
FKIT,S+X2_M3_r1,banana,656,0.953675
FKIT,S+X2_M3_r1,banana,657,0.918897
FKIT,S+X2_M3_r1,banana,658,0.922681
FKIT,S+X2_M3_r1,banana,659,0.928352
FKIT,S+X2_M3_r1,banana,660,0.900728
FKIT,S+X2_M3_r1,banana,661,0.903880
FKIT,S+X2_M3_r1,banana,662,0.891958
FKIT,S+X2_M3_r1,banana,663,0.024194
FKIT,S+X2_M3_r1,banana,664,0.881094
FKIT,S+X2_M3_r1,banana,665,0.902748
FKIT,S+X2_M3_r1,banana,666,0.908679
FKIT,S+X2_M3_r1,banana,667,0.911020
FKIT,S+X2_M3_r1,banana,668,0.909158
FKIT,S+X2_M3_r1,banana,669,0.876239
FKIT,S+X2_M3_r1,banana,670,0.848372
FKIT,S+X2_M3_r1,banana,671,0.836006
FKIT,S+X2_M3_r1,banana,672,0.883982
FKIT,S+X2_M3_r1,banana,673,0.872670
FKIT,S+X2_M3_r1,banana,674,0.898908
FKIT,S+X2_M3_r1,banana,675,0.886826
FKIT,S+X2_M3_r1,banana,676,0.877439
FKIT,S+X2_M3_r1,banana,677,0.847015
FKIT,S+X2_M3_r1,banana,678,0.821880
FKIT,S+X2_M3_r1,banana,679,0.805286
FKIT,S+X2_M3_r1,banana,680,0.813168
FKIT,S+X2_M3_r1,banana,681,0.813929
FKIT,S+X2_M3_r1,banana,682,0.789758
FKIT,S+X2_M3_r1,banana,683,0.710707
FKIT,S+X2_M3_r1,banana,684,0.773004
FKIT,S+X2_M3_r1,banana,685,0.715128
FKIT,S+X2_M3_r1,banana,686,0.746197
FKIT,S+X2_M3_r1,banana,687,0.638786
FKIT,S+X2_M3_r1,banana,688,0.008682
FKIT,S+X2_M3_r1,banana,689,0.556553
FKIT,S+X2_M3_r1,banana,690,0.595494
FKIT,S+X2_M3_r1,banana,691,0.610860
FKIT,S+X2_M3_r1,banana,692,0.598538
FKIT,S+X2_M3_r1,banana,693,0.607740
FKIT,S+X2_M3_r1,banana,694,0.689207
FKIT,S+X2_M3_r1,banana,695,0.669903
FKIT,S+X2_M3_r1,banana,696,0.688333
FKIT,S+X2_M3_r1,banana,697,0.646740
FKIT,S+X2_M3_r1,banana,698,0.652112
FKIT,S+X2_M3_r1,banana,699,0.750000
FKIT,S+X2_M3_r1,banana,700,0.784289
FKIT,S+X2_M3_r1,banana,701,0.789095
FKIT,S+X2_M3_r1,banana,702,0.759357
FKIT,S+X2_M3_r1,banana,703,0.777190
FKIT,S+X2_M3_r1,banana,704,0.790494
FKIT,S+X2_M3_r1,banana,705,0.794395
FKIT,S+X2_M3_r1,banana,706,0.836265
FKIT,S+X2_M3_r1,banana,707,0.782823
FKIT,S+X2_M3_r1,banana,708,0.793512
FKIT,S+X2_M3_r1,banana,709,0.800646
FKIT,S+X2_M3_r1,banana,710,0.817352
FKIT,S+X2_M3_r1,banana,711,0.832873
FKIT,S+X2_M3_r1,banana,712,0.840123
FKIT,S+X2_M3_r1,banana,713,0.830539
FKIT,S+X2_M3_r1,banana,714,0.841055
FKIT,S+X2_M3_r1,banana,715,0.832073
FKIT,S+X2_M3_r1,banana,716,0.836866
FKIT,S+X2_M3_r1,banana,717,0.861965
FKIT,S+X2_M3_r1,banana,718,0.857985
FKIT,S+X2_M3_r1,banana,719,0.906328
FKIT,S+X2_M3_r1,banana,720,0.902677
FKIT,S+X2_M3_r1,banana,721,0.905458
FKIT,S+X2_M3_r1,banana,722,0.924619
FKIT,S+X2_M3_r1,banana,723,0.930909
FKIT,S+X2_M3_r1,banana,724,0.920052
FKIT,S+X2_M3_r1,banana,725,0.916123
FKIT,S+X2_M3_r1,banana,726,0.925909
FKIT,S+X2_M3_r1,banana,727,0.931313
FKIT,S+X2_M3_r1,banana,728,0.945377
FKIT,S+X2_M3_r1,banana,729,0.946252
FKIT,S+X2_M3_r1,banana,730,0.947318
FKIT,S+X2_M3_r1,banana,731,0.956548
FKIT,S+X2_M3_r1,banana,732,0.955911
FKIT,S+X2_M3_r1,banana,733,0.957675
FKIT,S+X2_M3_r1,banana,734,0.957594
FKIT,S+X2_M3_r1,banana,735,0.955562
FKIT,S+X2_M3_r1,banana,736,0.955801
FKIT,S+X2_M3_r1,banana,737,0.956447
FKIT,S+X2_M3_r1,banana,738,0.954833
FKIT,S+X2_M3_r1,banana,739,0.937647
FKIT,S+X2_M3_r1,banana,740,0.938114
FKIT,S+X2_M3_r1,banana,741,0.939764
FKIT,S+X2_M3_r1,banana,742,0.938333
FKIT,S+X2_M3_r1,banana,743,0.933714
FKIT,S+X2_M3_r1,banana,744,0.931029
FKIT,S+X2_M3_r1,banana,745,0.930613
FKIT,S+X2_M3_r1,banana,746,0.929130
FKIT,S+X2_M3_r1,banana,747,0.930496
FKIT,S+X2_M3_r1,banana,748,0.924647
FKIT,S+X2_M3_r1,banana,749,0.906680
FKIT,S+X2_M3_r1,banana,750,0.906121
FKIT,S+X2_M3_r1,banana,751,0.912089
FKIT,S+X2_M3_r1,banana,752,0.922040
FKIT,S+X2_M3_r1,banana,753,0.915504
FKIT,S+X2_M3_r1,banana,754,0.910057
FKIT,S+X2_M3_r1,banana,755,0.915876
FKIT,S+X2_M3_r1,banana,756,0.913583
FKIT,S+X2_M3_r1,banana,757,0.907712
FKIT,S+X2_M3_r1,banana,758,0.911613
FKIT,S+X2_M3_r1,banana,759,0.896653
FKIT,S+X2_M3_r1,banana,760,0.902816
FKIT,S+X2_M3_r1,banana,761,0.912035
FKIT,S+X2_M3_r1,banana,762,0.912238
FKIT,S+X2_M3_r1,banana,763,0.905624
FKIT,S+X2_M3_r1,banana,764,0.905062
FKIT,S+X2_M3_r1,banana,765,0.915562
FKIT,S+X2_M3_r1,banana,766,0.910590
FKIT,S+X2_M3_r1,banana,767,0.914676
FKIT,S+X2_M3_r1,banana,768,0.915377
FKIT,S+X2_M3_r1,banana,769,0.914793
FKIT,S+X2_M3_r1,banana,770,0.919261
FKIT,S+X2_M3_r1,banana,771,0.925252
FKIT,S+X2_M3_r1,banana,772,0.920315
FKIT,S+X2_M3_r1,banana,773,0.919013
FKIT,S+X2_M3_r1,banana,774,0.921500
FKIT,S+X2_M3_r1,banana,775,0.922930
FKIT,S+X2_M3_r1,banana,776,0.926860
FKIT,S+X2_M3_r1,banana,777,0.922479
FKIT,S+X2_M3_r1,banana,778,0.916395
FKIT,S+X2_M3_r1,banana,779,0.910612
FKIT,S+X2_M3_r1,banana,780,0.919821
FKIT,S+X2_M3_r1,banana,781,0.921796
FKIT,S+X2_M3_r1,banana,782,0.922129
FKIT,S+X2_M3_r1,banana,783,0.923749
FKIT,S+X2_M3_r1,banana,784,0.917924
FKIT,S+X2_M3_r1,banana,785,0.920921
FKIT,S+X2_M3_r1,banana,786,0.919630
FKIT,S+X2_M3_r1,banana,787,0.915439
FKIT,S+X2_M3_r1,banana,788,0.913850
FKIT,S+X2_M3_r1,banana,789,0.904963
FKIT,S+X2_M3_r1,banana,790,0.908672
FKIT,S+X2_M3_r1,banana,791,0.903100
FKIT,S+X2_M3_r1,banana,792,0.900445
FKIT,S+X2_M3_r1,banana,793,0.901564
FKIT,S+X2_M3_r1,banana,794,0.902404
FKIT,S+X2_M3_r1,banana,795,0.903751
FKIT,S+X2_M3_r1,banana,796,0.902940
FKIT,S+X2_M3_r1,banana,797,0.902114
FKIT,S+X2_M3_r1,banana,798,0.896898
FKIT,S+X2_M3_r1,banana,799,0.899738
FKIT,S+X2_M3_r1,banana,800,0.899709
FKIT,S+X2_M3_r1,banana,801,0.904499
FKIT,S+X2_M3_r1,banana,802,0.901719
FKIT,S+X2_M3_r1,banana,803,0.897711
FKIT,S+X2_M3_r1,banana,804,0.898960
FKIT,S+X2_M3_r1,banana,805,0.899794
FKIT,S+X2_M3_r1,banana,806,0.901351
FKIT,S+X2_M3_r1,banana,807,0.898393
FKIT,S+X2_M3_r1,banana,808,0.901046
FKIT,S+X2_M3_r1,banana,809,0.897153
FKIT,S+X2_M3_r1,banana,810,0.901988
FKIT,S+X2_M3_r1,banana,811,0.901542
FKIT,S+X2_M3_r1,banana,812,0.903143
FKIT,S+X2_M3_r1,banana,813,0.905535
FKIT,S+X2_M3_r1,banana,814,0.907860
FKIT,S+X2_M3_r1,banana,815,0.909114
FKIT,S+X2_M3_r1,banana,816,0.908959
FKIT,S+X2_M3_r1,banana,817,0.910885
FKIT,S+X2_M3_r1,banana,818,0.912764
FKIT,S+X2_M3_r1,banana,819,0.910332
FKIT,S+X2_M3_r1,banana,820,0.908983
FKIT,S+X2_M3_r1,banana,821,0.907204
FKIT,S+X2_M3_r1,banana,822,0.910189
FKIT,S+X2_M3_r1,banana,823,0.914340
FKIT,S+X2_M3_r1,banana,824,0.908904
FKIT,S+X2_M3_r1,banana,825,0.910577
FKIT,S+X2_M3_r1,banana,826,0.912977
FKIT,S+X2_M3_r1,banana,827,0.911854
FKIT,S+X2_M3_r1,banana,828,0.915045
FKIT,S+X2_M3_r1,banana,829,0.914173
FKIT,S+X2_M3_r1,banana,830,0.913393
FKIT,S+X2_M3_r1,banana,831,0.914927
FKIT,S+X2_M3_r1,banana,832,0.912651
FKIT,S+X2_M3_r1,banana,833,0.912802
FKIT,S+X2_M3_r1,banana,834,0.911327
FKIT,S+X2_M3_r1,banana,835,0.913010
FKIT,S+X2_M3_r1,banana,836,0.915667
FKIT,S+X2_M3_r1,banana,837,0.913372
FKIT,S+X2_M3_r1,banana,838,0.912643
FKIT,S+X2_M3_r1,banana,839,0.911529
FKIT,S+X2_M3_r1,banana,840,0.915132
FKIT,S+X2_M3_r1,banana,841,0.907925
FKIT,S+X2_M3_r1,banana,842,0.914746
FKIT,S+X2_M3_r1,banana,843,0.913581
FKIT,S+X2_M3_r1,banana,844,0.915451
FKIT,S+X2_M3_r1,banana,845,0.917376
FKIT,S+X2_M3_r1,banana,846,0.915529
FKIT,S+X2_M3_r1,banana,847,0.915066
FKIT,S+X2_M3_r1,banana,848,0.917471
FKIT,S+X2_M3_r1,banana,849,0.919875
FKIT,S+X2_M3_r1,banana,850,0.915090
FKIT,S+X2_M3_r1,banana,851,0.917733
FKIT,S+X2_M3_r1,banana,852,0.910078
FKIT,S+X2_M3_r1,banana,853,0.912356
FKIT,S+X2_M3_r1,banana,854,0.914338
FKIT,S+X2_M3_r1,banana,855,0.914542
FKIT,S+X2_M3_r1,banana,856,0.918257
FKIT,S+X2_M3_r1,banana,857,0.914670
FKIT,S+X2_M3_r1,banana,858,0.914099
FKIT,S+X2_M3_r1,banana,859,0.917422
FKIT,S+X2_M3_r1,banana,860,0.915213
FKIT,S+X2_M3_r1,banana,861,0.916226
FKIT,S+X2_M3_r1,banana,862,0.917997
FKIT,S+X2_M3_r1,banana,863,0.920415
FKIT,S+X2_M3_r1,banana,864,0.925380
FKIT,S+X2_M3_r1,banana,865,0.924096
FKIT,S+X2_M3_r1,banana,866,0.924487
FKIT,S+X2_M3_r1,banana,867,0.922698
FKIT,S+X2_M3_r1,banana,868,0.920747
FKIT,S+X2_M3_r1,banana,869,0.920116
FKIT,S+X2_M3_r1,banana,870,0.921560
FKIT,S+X2_M3_r1,banana,871,0.924258
FKIT,S+X2_M3_r1,banana,872,0.922215
FKIT,S+X2_M3_r1,banana,873,0.927501
FKIT,S+X2_M3_r1,banana,874,0.923738
FKIT,S+X2_M3_r1,banana,875,0.921805
FKIT,S+X2_M3_r1,banana,876,0.920293
FKIT,S+X2_M3_r1,banana,877,0.916889
FKIT,S+X2_M3_r1,banana,878,0.919512
FKIT,S+X2_M3_r1,banana,879,0.916296
FKIT,S+X2_M3_r1,banana,880,0.918704
FKIT,S+X2_M3_r1,banana,881,0.915741
FKIT,S+X2_M3_r1,banana,882,0.914465
FKIT,S+X2_M3_r1,banana,883,0.918258
FKIT,S+X2_M3_r1,banana,884,0.918026
FKIT,S+X2_M3_r1,banana,885,0.921010
FKIT,S+X2_M3_r1,banana,886,0.918038
FKIT,S+X2_M3_r1,banana,887,0.914603
FKIT,S+X2_M3_r1,banana,888,0.916451
FKIT,S+X2_M3_r1,banana,889,0.918832
FKIT,S+X2_M3_r1,banana,890,0.915385
FKIT,S+X2_M3_r1,banana,891,0.917438
FKIT,S+X2_M3_r1,banana,892,0.919697
FKIT,S+X2_M3_r1,banana,893,0.918714
FKIT,S+X2_M3_r1,banana,894,0.920546
FKIT,S+X2_M3_r1,banana,895,0.918827
FKIT,S+X2_M3_r1,banana,896,0.917014
FKIT,S+X2_M3_r1,banana,897,0.919826
FKIT,S+X2_M3_r1,banana,898,0.919944
FKIT,S+X2_M3_r1,banana,899,0.917903
FKIT,S+X2_M3_r1,banana,900,0.917965
FKIT,S+X2_M3_r1,banana,901,0.919571
FKIT,S+X2_M3_r1,banana,902,0.920894
FKIT,S+X2_M3_r1,banana,903,0.922142
FKIT,S+X2_M3_r1,banana,904,0.922800
FKIT,S+X2_M3_r1,banana,905,0.927023
FKIT,S+X2_M3_r1,banana,906,0.924502
FKIT,S+X2_M3_r1,banana,907,0.924268
FKIT,S+X2_M3_r1,banana,908,0.922751
FKIT,S+X2_M3_r1,banana,909,0.922521
FKIT,S+X2_M3_r1,banana,910,0.923929
FKIT,S+X2_M3_r1,banana,911,0.923991
FKIT,S+X2_M3_r1,banana,912,0.922114
FKIT,S+X2_M3_r1,banana,913,0.922694
FKIT,S+X2_M3_r1,banana,914,0.925321
FKIT,S+X2_M3_r1,banana,915,0.927523
FKIT,S+X2_M3_r1,banana,916,0.922366
FKIT,S+X2_M3_r1,banana,917,0.926068
FKIT,S+X2_M3_r1,banana,918,0.928634
FKIT,S+X2_M3_r1,banana,919,0.923674
FKIT,S+X2_M3_r1,banana,920,0.926247
FKIT,S+X2_M3_r1,banana,921,0.920423
FKIT,S+X2_M3_r1,banana,922,0.926896
FKIT,S+X2_M3_r1,banana,923,0.925338
FKIT,S+X2_M3_r1,banana,924,0.930283
FKIT,S+X2_M3_r1,banana,925,0.924650
FKIT,S+X2_M3_r1,banana,926,0.928235
FKIT,S+X2_M3_r1,banana,927,0.930275
FKIT,S+X2_M3_r1,banana,928,0.932160
FKIT,S+X2_M3_r1,banana,929,0.928307
FKIT,S+X2_M3_r1,banana,930,0.933968
FKIT,S+X2_M3_r1,banana,931,0.932069
FKIT,S+X2_M3_r1,banana,932,0.934395
FKIT,S+X2_M3_r1,banana,933,0.933776
FKIT,S+X2_M3_r1,banana,934,0.937372
FKIT,S+X2_M3_r1,banana,935,0.933638
FKIT,S+X2_M3_r1,banana,936,0.937958
FKIT,S+X2_M3_r1,banana,937,0.938055
FKIT,S+X2_M3_r1,banana,938,0.936303
FKIT,S+X2_M3_r1,banana,939,0.934514
FKIT,S+X2_M3_r1,banana,940,0.935431
FKIT,S+X2_M3_r1,banana,941,0.936602
FKIT,S+X2_M3_r1,banana,942,0.941696
FKIT,S+X2_M3_r1,banana,943,0.941832
FKIT,S+X2_M3_r1,banana,944,0.942863
FKIT,S+X2_M3_r1,banana,945,0.939153
FKIT,S+X2_M3_r1,banana,946,0.939872
FKIT,S+X2_M3_r1,banana,947,0.944138
FKIT,S+X2_M3_r1,banana,948,0.943054
FKIT,S+X2_M3_r1,banana,949,0.943613
FKIT,S+X2_M3_r1,banana,950,0.946946
FKIT,S+X2_M3_r1,banana,951,0.944208
FKIT,S+X2_M3_r1,banana,952,0.951552
FKIT,S+X2_M3_r1,banana,953,0.949869
FKIT,S+X2_M3_r1,banana,954,0.950148
FKIT,S+X2_M3_r1,banana,955,0.951160
FKIT,S+X2_M3_r1,banana,956,0.947307
FKIT,S+X2_M3_r1,banana,957,0.949442
FKIT,S+X2_M3_r1,banana,958,0.953570
FKIT,S+X2_M3_r1,banana,959,0.951143
FKIT,S+X2_M3_r1,banana,960,0.951746
FKIT,S+X2_M3_r1,banana,961,0.951169
FKIT,S+X2_M3_r1,banana,962,0.956318
FKIT,S+X2_M3_r1,banana,963,0.956531
FKIT,S+X2_M3_r1,banana,964,0.959268
FKIT,S+X2_M3_r1,banana,965,0.956253
FKIT,S+X2_M3_r1,banana,966,0.954311
FKIT,S+X2_M3_r1,banana,967,0.957825
FKIT,S+X2_M3_r1,banana,968,0.953027
FKIT,S+X2_M3_r1,banana,969,0.956472
FKIT,S+X2_M3_r1,banana,970,0.954768
FKIT,S+X2_M3_r1,banana,971,0.956162
FKIT,S+X2_M3_r1,banana,972,0.956181
FKIT,S+X2_M3_r1,banana,973,0.954686
FKIT,S+X2_M3_r1,banana,974,0.950161
FKIT,S+X2_M3_r1,banana,975,0.958434
FKIT,S+X2_M3_r1,banana,976,0.961193
FKIT,S+X2_M3_r1,banana,977,0.953677
FKIT,S+X2_M3_r1,banana,978,0.949830
FKIT,S+X2_M3_r1,banana,979,0.946431
FKIT,S+X2_M3_r1,banana,980,0.949454
FKIT,S+X2_M3_r1,banana,981,0.949607
FKIT,S+X2_M3_r1,banana,982,0.945081
FKIT,S+X2_M3_r1,banana,983,0.950571
FKIT,S+X2_M3_r1,banana,984,0.949558
FKIT,S+X2_M3_r1,banana,985,0.952199
FKIT,S+X2_M3_r1,banana,986,0.947405
FKIT,S+X2_M3_r1,banana,987,0.950667
FKIT,S+X2_M3_r1,banana,988,0.950586
FKIT,S+X2_M3_r1,banana,989,0.948021
FKIT,S+X2_M3_r1,banana,990,0.941065
FKIT,S+X2_M3_r1,banana,991,0.954980
FKIT,S+X2_M3_r1,banana,992,0.955858
FKIT,S+X2_M3_r1,banana,993,0.953912
FKIT,S+X2_M3_r1,banana,994,0.942123
FKIT,S+X2_M3_r1,banana,995,0.939527
FKIT,S+X2_M3_r1,banana,996,0.938472
FKIT,S+X2_M3_r1,banana,997,0.942295
FKIT,S+X2_M3_r1,banana,998,0.877879
FKIT,S+X2_M3_r1,banana,999,0.855158
FKIT,S+X2_M3_r1,banana,1000,0.850033
FKIT,S+X2_M3_r1,banana,1001,0.849715
FKIT,S+X2_M3_r1,banana,1002,0.025059
FKIT,S+X2_M3_r1,banana,1003,0.834998
FKIT,S+X2_M3_r1,banana,1004,0.882017
FKIT,S+X2_M3_r1,banana,1005,0.808441
FKIT,S+X2_M3_r1,banana,1006,0.804739
FKIT,S+X2_M3_r1,banana,1007,0.796909
FKIT,S+X2_M3_r1,banana,1008,0.849937
FKIT,S+X2_M3_r1,banana,1009,0.855096
FKIT,S+X2_M3_r1,banana,1010,0.873679
FKIT,S+X2_M3_r1,banana,1011,0.870261
FKIT,S+X2_M3_r1,banana,1012,0.842698
FKIT,S+X2_M3_r1,banana,1013,0.858281
FKIT,S+X2_M3_r1,banana,1014,0.866464
FKIT,S+X2_M3_r1,banana,1015,0.872035
FKIT,S+X2_M3_r1,banana,1016,0.870171
FKIT,S+X2_M3_r1,banana,1017,0.865822
FKIT,S+X2_M3_r1,banana,1018,0.866500
FKIT,S+X2_M3_r1,banana,1019,0.890760
FKIT,S+X2_M3_r1,banana,1020,0.927047
FKIT,S+X2_M3_r1,banana,1021,0.913896
FKIT,S+X2_M3_r1,banana,1022,0.924326
FKIT,S+X2_M3_r1,banana,1023,0.946714
FKIT,S+X2_M3_r1,banana,1024,0.946554
FKIT,S+X2_M3_r1,banana,1025,0.940660
FKIT,S+X2_M3_r1,banana,1026,0.948509
FKIT,S+X2_M3_r1,banana,1027,0.942332
FKIT,S+X2_M3_r1,banana,1028,0.949735
FKIT,S+X2_M3_r1,banana,1029,0.952599
FKIT,S+X2_M3_r1,banana,1030,0.952444
FKIT,S+X2_M3_r1,banana,1031,0.957382
FKIT,S+X2_M3_r1,banana,1032,0.959781
FKIT,S+X2_M3_r1,banana,1033,0.954569
FKIT,S+X2_M3_r1,banana,1034,0.958082
FKIT,S+X2_M3_r1,banana,1035,0.959129
FKIT,S+X2_M3_r1,banana,1036,0.953154
FKIT,S+X2_M3_r1,banana,1037,0.953154
FKIT,S+X2_M3_r1,banana,1038,0.951919
FKIT,S+X2_M3_r1,banana,1039,0.951479
FKIT,S+X2_M3_r1,banana,1040,0.952562
FKIT,S+X2_M3_r1,banana,1041,0.954586
FKIT,S+X2_M3_r1,banana,1042,0.953603
FKIT,S+X2_M3_r1,banana,1043,0.945214
FKIT,S+X2_M3_r1,banana,1044,0.941560
FKIT,S+X2_M3_r1,banana,1045,0.938672
FKIT,S+X2_M3_r1,banana,1046,0.934964
FKIT,S+X2_M3_r1,banana,1047,0.935239
FKIT,S+X2_M3_r1,banana,1048,0.935665
FKIT,S+X2_M3_r1,banana,1049,0.934126
FKIT,S+X2_M3_r1,banana,1050,0.931590
FKIT,S+X2_M3_r1,banana,1051,0.932043
FKIT,S+X2_M3_r1,banana,1052,0.932376
FKIT,S+X2_M3_r1,banana,1053,0.923218
FKIT,S+X2_M3_r1,banana,1054,0.921066
FKIT,S+X2_M3_r1,banana,1055,0.928336
FKIT,S+X2_M3_r1,banana,1056,0.923315
FKIT,S+X2_M3_r1,banana,1057,0.919892
FKIT,S+X2_M3_r1,banana,1058,0.920754
FKIT,S+X2_M3_r1,banana,1059,0.928547
FKIT,S+X2_M3_r1,banana,1060,0.926670
FKIT,S+X2_M3_r1,banana,1061,0.924167
FKIT,S+X2_M3_r1,banana,1062,0.926710
FKIT,S+X2_M3_r1,banana,1063,0.912934
FKIT,S+X2_M3_r1,banana,1064,0.916888
FKIT,S+X2_M3_r1,banana,1065,0.913372
FKIT,S+X2_M3_r1,banana,1066,0.916408
FKIT,S+X2_M3_r1,banana,1067,0.915025
FKIT,S+X2_M3_r1,banana,1068,0.917114
FKIT,S+X2_M3_r1,banana,1069,0.923033
FKIT,S+X2_M3_r1,banana,1070,0.919102
FKIT,S+X2_M3_r1,banana,1071,0.917837
FKIT,S+X2_M3_r1,banana,1072,0.915239
FKIT,S+X2_M3_r1,banana,1073,0.906549
FKIT,S+X2_M3_r1,banana,1074,0.907830
FKIT,S+X2_M3_r1,banana,1075,0.906298
FKIT,S+X2_M3_r1,banana,1076,0.908455
FKIT,S+X2_M3_r1,banana,1077,0.909387
FKIT,S+X2_M3_r1,banana,1078,0.910513
FKIT,S+X2_M3_r1,banana,1079,0.916558
FKIT,S+X2_M3_r1,banana,1080,0.917544
FKIT,S+X2_M3_r1,banana,1081,0.917273
FKIT,S+X2_M3_r1,banana,1082,0.924165
FKIT,S+X2_M3_r1,banana,1083,0.922201
FKIT,S+X2_M3_r1,banana,1084,0.915905
FKIT,S+X2_M3_r1,banana,1085,0.921258
FKIT,S+X2_M3_r1,banana,1086,0.918552
FKIT,S+X2_M3_r1,banana,1087,0.915790
FKIT,S+X2_M3_r1,banana,1088,0.921778
FKIT,S+X2_M3_r1,banana,1089,0.920935
FKIT,S+X2_M3_r1,banana,1090,0.922155
FKIT,S+X2_M3_r1,banana,1091,0.919443
FKIT,S+X2_M3_r1,banana,1092,0.924960
FKIT,S+X2_M3_r1,banana,1093,0.919721
FKIT,S+X2_M3_r1,banana,1094,0.918652
FKIT,S+X2_M3_r1,banana,1095,0.922618
FKIT,S+X2_M3_r1,banana,1096,0.921377
FKIT,S+X2_M3_r1,banana,1097,0.925821
FKIT,S+X2_M3_r1,banana,1098,0.918047
FKIT,S+X2_M3_r1,banana,1099,0.921656
FKIT,S+X2_M3_r1,banana,1100,0.924170
FKIT,S+X2_M3_r1,banana,1101,0.917558
FKIT,S+X2_M3_r1,banana,1102,0.920027
FKIT,S+X2_M3_r1,banana,1103,0.916108
FKIT,S+X2_M3_r1,banana,1104,0.916610
FKIT,S+X2_M3_r1,banana,1105,0.915150
FKIT,S+X2_M3_r1,banana,1106,0.909697
FKIT,S+X2_M3_r1,banana,1107,0.917994
FKIT,S+X2_M3_r1,banana,1108,0.915354
FKIT,S+X2_M3_r1,banana,1109,0.915645
FKIT,S+X2_M3_r1,banana,1110,0.916848
FKIT,S+X2_M3_r1,banana,1111,0.920888
FKIT,S+X2_M3_r1,banana,1112,0.918919
FKIT,S+X2_M3_r1,banana,1113,0.923821
FKIT,S+X2_M3_r1,banana,1114,0.922896
FKIT,S+X2_M3_r1,banana,1115,0.920934
FKIT,S+X2_M3_r1,banana,1116,0.920534
FKIT,S+X2_M3_r1,banana,1117,0.922147
FKIT,S+X2_M3_r1,banana,1118,0.921548
FKIT,S+X2_M3_r1,banana,1119,0.924676
FKIT,S+X2_M3_r1,banana,1120,0.926181
FKIT,S+X2_M3_r1,banana,1121,0.924023
FKIT,S+X2_M3_r1,banana,1122,0.930065
FKIT,S+X2_M3_r1,banana,1123,0.930990
FKIT,S+X2_M3_r1,banana,1124,0.933089
FKIT,S+X2_M3_r1,banana,1125,0.936281
FKIT,S+X2_M3_r1,banana,1126,0.929407
FKIT,S+X2_M3_r1,banana,1127,0.934438
FKIT,S+X2_M3_r1,banana,1128,0.935360
FKIT,S+X2_M3_r1,banana,1129,0.936180
FKIT,S+X2_M3_r1,banana,1130,0.931685
FKIT,S+X2_M3_r1,banana,1131,0.932967
FKIT,S+X2_M3_r1,banana,1132,0.927878
FKIT,S+X2_M3_r1,banana,1133,0.926970
FKIT,S+X2_M3_r1,banana,1134,0.931384
FKIT,S+X2_M3_r1,banana,1135,0.931389
FKIT,S+X2_M3_r1,banana,1136,0.925875
FKIT,S+X2_M3_r1,banana,1137,0.931545
FKIT,S+X2_M3_r1,banana,1138,0.931223
FKIT,S+X2_M3_r1,banana,1139,0.929855
FKIT,S+X2_M3_r1,banana,1140,0.927025
FKIT,S+X2_M3_r1,banana,1141,0.929376
FKIT,S+X2_M3_r1,banana,1142,0.927905
FKIT,S+X2_M3_r1,banana,1143,0.920228
FKIT,S+X2_M3_r1,banana,1144,0.919930
FKIT,S+X2_M3_r1,banana,1145,0.924637
FKIT,S+X2_M3_r1,banana,1146,0.926551
FKIT,S+X2_M3_r1,banana,1147,0.928968
FKIT,S+X2_M3_r1,banana,1148,0.928360
FKIT,S+X2_M3_r1,banana,1149,0.930498
FKIT,S+X2_M3_r1,banana,1150,0.926032
FKIT,S+X2_M3_r1,banana,1151,0.929226
FKIT,S+X2_M3_r1,banana,1152,0.932283
FKIT,S+X2_M3_r1,banana,1153,0.925343
FKIT,S+X2_M3_r1,banana,1154,0.927999
FKIT,S+X2_M3_r1,banana,1155,0.927159
FKIT,S+X2_M3_r1,capsicum,0,0.268020
FKIT,S+X2_M3_r1,capsicum,1,0.260434
FKIT,S+X2_M3_r1,capsicum,2,0.252767
FKIT,S+X2_M3_r1,capsicum,3,0.253667
FKIT,S+X2_M3_r1,capsicum,4,0.245736
FKIT,S+X2_M3_r1,capsicum,5,0.238895
FKIT,S+X2_M3_r1,capsicum,6,0.241823
FKIT,S+X2_M3_r1,capsicum,7,0.247894
FKIT,S+X2_M3_r1,capsicum,8,0.240399
FKIT,S+X2_M3_r1,capsicum,9,0.227075
FKIT,S+X2_M3_r1,capsicum,10,0.231548
FKIT,S+X2_M3_r1,capsicum,11,0.203630
FKIT,S+X2_M3_r1,capsicum,12,0.210747
FKIT,S+X2_M3_r1,capsicum,13,0.217659
FKIT,S+X2_M3_r1,capsicum,14,0.223538
FKIT,S+X2_M3_r1,capsicum,15,0.218953
FKIT,S+X2_M3_r1,capsicum,16,0.229124
FKIT,S+X2_M3_r1,capsicum,17,0.220951
FKIT,S+X2_M3_r1,capsicum,18,0.225314
FKIT,S+X2_M3_r1,capsicum,19,0.216494
FKIT,S+X2_M3_r1,capsicum,20,0.225124
FKIT,S+X2_M3_r1,capsicum,21,0.206199
FKIT,S+X2_M3_r1,capsicum,22,0.219587
FKIT,S+X2_M3_r1,capsicum,23,0.224223
FKIT,S+X2_M3_r1,capsicum,24,0.237517
FKIT,S+X2_M3_r1,capsicum,25,0.219942
FKIT,S+X2_M3_r1,capsicum,26,0.219571
FKIT,S+X2_M3_r1,capsicum,27,0.220965
FKIT,S+X2_M3_r1,capsicum,28,0.197588
FKIT,S+X2_M3_r1,capsicum,29,0.211517
FKIT,S+X2_M3_r1,capsicum,30,0.203534
FKIT,S+X2_M3_r1,capsicum,31,0.204950
FKIT,S+X2_M3_r1,capsicum,32,0.217140
FKIT,S+X2_M3_r1,capsicum,33,0.207101
FKIT,S+X2_M3_r1,capsicum,34,0.194314
FKIT,S+X2_M3_r1,capsicum,35,0.198694
FKIT,S+X2_M3_r1,capsicum,36,0.199138
FKIT,S+X2_M3_r1,capsicum,37,0.206448
FKIT,S+X2_M3_r1,capsicum,38,0.209360
FKIT,S+X2_M3_r1,capsicum,39,0.194531
FKIT,S+X2_M3_r1,capsicum,40,0.195420
FKIT,S+X2_M3_r1,capsicum,41,0.189358
FKIT,S+X2_M3_r1,capsicum,42,0.193887
FKIT,S+X2_M3_r1,capsicum,43,0.183944
FKIT,S+X2_M3_r1,capsicum,44,0.185223
FKIT,S+X2_M3_r1,capsicum,45,0.190447
FKIT,S+X2_M3_r1,capsicum,46,0.202479
FKIT,S+X2_M3_r1,capsicum,47,0.181167
FKIT,S+X2_M3_r1,capsicum,48,0.226723
FKIT,S+X2_M3_r1,capsicum,49,0.211737
FKIT,S+X2_M3_r1,capsicum,50,0.212247
FKIT,S+X2_M3_r1,capsicum,51,0.189591
FKIT,S+X2_M3_r1,capsicum,52,0.164925
FKIT,S+X2_M3_r1,capsicum,53,0.156054
FKIT,S+X2_M3_r1,capsicum,54,0.162076
FKIT,S+X2_M3_r1,capsicum,55,0.155041
FKIT,S+X2_M3_r1,capsicum,56,0.170299
FKIT,S+X2_M3_r1,capsicum,57,0.186599
FKIT,S+X2_M3_r1,capsicum,58,0.179159
FKIT,S+X2_M3_r1,capsicum,59,0.158043
FKIT,S+X2_M3_r1,capsicum,60,0.164947
FKIT,S+X2_M3_r1,capsicum,61,0.145603
FKIT,S+X2_M3_r1,capsicum,62,0.152929
FKIT,S+X2_M3_r1,capsicum,63,0.134386
FKIT,S+X2_M3_r1,capsicum,64,0.139098
FKIT,S+X2_M3_r1,capsicum,65,0.133046
FKIT,S+X2_M3_r1,capsicum,66,0.134358
FKIT,S+X2_M3_r1,capsicum,67,0.145419
FKIT,S+X2_M3_r1,capsicum,68,0.144775
FKIT,S+X2_M3_r1,capsicum,69,0.135111
FKIT,S+X2_M3_r1,capsicum,70,0.134124
FKIT,S+X2_M3_r1,capsicum,71,0.125662
FKIT,S+X2_M3_r1,capsicum,72,0.104967
FKIT,S+X2_M3_r1,capsicum,73,0.122135
FKIT,S+X2_M3_r1,capsicum,74,0.135848
FKIT,S+X2_M3_r1,capsicum,75,0.115868
FKIT,S+X2_M3_r1,capsicum,76,0.117739
FKIT,S+X2_M3_r1,capsicum,77,0.114979
FKIT,S+X2_M3_r1,capsicum,78,0.124952
FKIT,S+X2_M3_r1,capsicum,79,0.127424
FKIT,S+X2_M3_r1,capsicum,80,0.153858
FKIT,S+X2_M3_r1,capsicum,81,0.128283
FKIT,S+X2_M3_r1,capsicum,82,0.126124
FKIT,S+X2_M3_r1,capsicum,83,0.123943
FKIT,S+X2_M3_r1,capsicum,84,0.109217
FKIT,S+X2_M3_r1,capsicum,85,0.103970
FKIT,S+X2_M3_r1,capsicum,86,0.117380
FKIT,S+X2_M3_r1,capsicum,87,0.117206
FKIT,S+X2_M3_r1,capsicum,88,0.114581
FKIT,S+X2_M3_r1,capsicum,89,0.107240
FKIT,S+X2_M3_r1,capsicum,90,0.117972
FKIT,S+X2_M3_r1,capsicum,91,0.093814
FKIT,S+X2_M3_r1,capsicum,92,0.087601
FKIT,S+X2_M3_r1,capsicum,93,0.078386
FKIT,S+X2_M3_r1,capsicum,94,0.082169
FKIT,S+X2_M3_r1,capsicum,95,0.088102
FKIT,S+X2_M3_r1,capsicum,96,0.074384
FKIT,S+X2_M3_r1,capsicum,97,0.076321
FKIT,S+X2_M3_r1,capsicum,98,0.094918
FKIT,S+X2_M3_r1,capsicum,99,0.088452
FKIT,S+X2_M3_r1,capsicum,100,0.105565
FKIT,S+X2_M3_r1,capsicum,101,0.064610
FKIT,S+X2_M3_r1,capsicum,102,0.044659
FKIT,S+X2_M3_r1,capsicum,103,0.054845
FKIT,S+X2_M3_r1,capsicum,104,0.050235
FKIT,S+X2_M3_r1,capsicum,105,0.037803
FKIT,S+X2_M3_r1,capsicum,106,0.045516
FKIT,S+X2_M3_r1,capsicum,107,0.037961
FKIT,S+X2_M3_r1,capsicum,108,0.011129
FKIT,S+X2_M3_r1,capsicum,109,0.025178
FKIT,S+X2_M3_r1,capsicum,110,0.038366
FKIT,S+X2_M3_r1,capsicum,111,0.022752
FKIT,S+X2_M3_r1,capsicum,112,0.008761
FKIT,S+X2_M3_r1,capsicum,113,0.014281
FKIT,S+X2_M3_r1,capsicum,114,0.017522
FKIT,S+X2_M3_r1,capsicum,115,0.003948
FKIT,S+X2_M3_r1,capsicum,116,0.002456
FKIT,S+X2_M3_r1,capsicum,117,0.002028
FKIT,S+X2_M3_r1,capsicum,118,0.002865
FKIT,S+X2_M3_r1,capsicum,119,0.000000
FKIT,S+X2_M3_r1,capsicum,120,0.000000
FKIT,S+X2_M3_r1,capsicum,121,0.000000
FKIT,S+X2_M3_r1,capsicum,122,0.000000
FKIT,S+X2_M3_r1,capsicum,123,0.000455
FKIT,S+X2_M3_r1,capsicum,124,0.000000
FKIT,S+X2_M3_r1,capsicum,125,0.000000
FKIT,S+X2_M3_r1,capsicum,126,0.000000
FKIT,S+X2_M3_r1,capsicum,127,0.000000
FKIT,S+X2_M3_r1,capsicum,128,0.001049
FKIT,S+X2_M3_r1,capsicum,129,0.009357
FKIT,S+X2_M3_r1,capsicum,130,0.000621
FKIT,S+X2_M3_r1,capsicum,131,0.014708
FKIT,S+X2_M3_r1,capsicum,132,0.007750
FKIT,S+X2_M3_r1,capsicum,133,0.002824
FKIT,S+X2_M3_r1,capsicum,134,0.018410
FKIT,S+X2_M3_r1,capsicum,135,0.000000
FKIT,S+X2_M3_r1,capsicum,136,0.018209
FKIT,S+X2_M3_r1,capsicum,137,0.028773
FKIT,S+X2_M3_r1,capsicum,138,0.024703
FKIT,S+X2_M3_r1,capsicum,139,0.009201
FKIT,S+X2_M3_r1,capsicum,140,0.000116
FKIT,S+X2_M3_r1,capsicum,141,0.000000
FKIT,S+X2_M3_r1,capsicum,142,0.000000
FKIT,S+X2_M3_r1,capsicum,143,0.000000
FKIT,S+X2_M3_r1,capsicum,144,0.001515
FKIT,S+X2_M3_r1,capsicum,145,0.003191
FKIT,S+X2_M3_r1,capsicum,146,0.005591
FKIT,S+X2_M3_r1,capsicum,147,0.002348
FKIT,S+X2_M3_r1,capsicum,148,0.002475
FKIT,S+X2_M3_r1,capsicum,149,0.000000
FKIT,S+X2_M3_r1,capsicum,150,0.000000
FKIT,S+X2_M3_r1,capsicum,151,0.000000
FKIT,S+X2_M3_r1,capsicum,152,0.000000
FKIT,S+X2_M3_r1,capsicum,153,0.000000
FKIT,S+X2_M3_r1,capsicum,154,0.000000
FKIT,S+X2_M3_r1,capsicum,155,0.000000
FKIT,S+X2_M3_r1,capsicum,156,0.000000
FKIT,S+X2_M3_r1,capsicum,157,0.000000
FKIT,S+X2_M3_r1,capsicum,158,0.000000
FKIT,S+X2_M3_r1,capsicum,159,0.000000
FKIT,S+X2_M3_r1,capsicum,160,0.000000
FKIT,S+X2_M3_r1,capsicum,161,0.000000
FKIT,S+X2_M3_r1,capsicum,162,0.000000
FKIT,S+X2_M3_r1,capsicum,163,0.000000
FKIT,S+X2_M3_r1,capsicum,164,0.000000
FKIT,S+X2_M3_r1,capsicum,165,0.000000
FKIT,S+X2_M3_r1,capsicum,166,0.000000
FKIT,S+X2_M3_r1,capsicum,167,0.000000
FKIT,S+X2_M3_r1,capsicum,168,0.000000
FKIT,S+X2_M3_r1,capsicum,169,0.000000
FKIT,S+X2_M3_r1,capsicum,170,0.000000
FKIT,S+X2_M3_r1,capsicum,171,0.000000
FKIT,S+X2_M3_r1,capsicum,172,0.000000
FKIT,S+X2_M3_r1,capsicum,173,0.000000
FKIT,S+X2_M3_r1,capsicum,174,0.000000
FKIT,S+X2_M3_r1,capsicum,175,0.000000
FKIT,S+X2_M3_r1,capsicum,176,0.000000
FKIT,S+X2_M3_r1,capsicum,177,0.000000
FKIT,S+X2_M3_r1,capsicum,178,0.000000
FKIT,S+X2_M3_r1,capsicum,179,0.000000
FKIT,S+X2_M3_r1,capsicum,180,0.000000
FKIT,S+X2_M3_r1,capsicum,181,0.000000
FKIT,S+X2_M3_r1,capsicum,182,0.000000
FKIT,S+X2_M3_r1,capsicum,183,0.000000
FKIT,S+X2_M3_r1,capsicum,184,0.000000
FKIT,S+X2_M3_r1,capsicum,185,0.000000
FKIT,S+X2_M3_r1,capsicum,186,0.000000
FKIT,S+X2_M3_r1,capsicum,187,0.000000
FKIT,S+X2_M3_r1,capsicum,188,0.000000
FKIT,S+X2_M3_r1,capsicum,189,0.000000
FKIT,S+X2_M3_r1,capsicum,190,0.000000
FKIT,S+X2_M3_r1,capsicum,191,0.000000
FKIT,S+X2_M3_r1,capsicum,192,0.000000
FKIT,S+X2_M3_r1,capsicum,193,0.000000
FKIT,S+X2_M3_r1,capsicum,194,0.000000
FKIT,S+X2_M3_r1,capsicum,195,0.000000
FKIT,S+X2_M3_r1,capsicum,196,0.000000
FKIT,S+X2_M3_r1,capsicum,197,0.000000
FKIT,S+X2_M3_r1,capsicum,198,0.000000
FKIT,S+X2_M3_r1,capsicum,199,0.000000
FKIT,S+X2_M3_r1,capsicum,200,0.000000
FKIT,S+X2_M3_r1,capsicum,201,0.000000
FKIT,S+X2_M3_r1,capsicum,202,0.000000
FKIT,S+X2_M3_r1,capsicum,203,0.000000
FKIT,S+X2_M3_r1,capsicum,204,0.000000
FKIT,S+X2_M3_r1,capsicum,205,0.000000
FKIT,S+X2_M3_r1,capsicum,206,0.000000
FKIT,S+X2_M3_r1,capsicum,207,0.000000
FKIT,S+X2_M3_r1,capsicum,208,0.000000
FKIT,S+X2_M3_r1,capsicum,209,0.000000
FKIT,S+X2_M3_r1,capsicum,210,0.000000
FKIT,S+X2_M3_r1,capsicum,211,0.000000
FKIT,S+X2_M3_r1,capsicum,212,0.000000
FKIT,S+X2_M3_r1,capsicum,213,0.000000
FKIT,S+X2_M3_r1,capsicum,214,0.000000
FKIT,S+X2_M3_r1,capsicum,215,0.000000
FKIT,S+X2_M3_r1,capsicum,216,0.000000
FKIT,S+X2_M3_r1,capsicum,217,0.000000
FKIT,S+X2_M3_r1,capsicum,218,0.000000
FKIT,S+X2_M3_r1,capsicum,219,0.000000
FKIT,S+X2_M3_r1,capsicum,220,0.000000
FKIT,S+X2_M3_r1,capsicum,221,0.000000
FKIT,S+X2_M3_r1,capsicum,222,0.000000
FKIT,S+X2_M3_r1,capsicum,223,0.000000
FKIT,S+X2_M3_r1,capsicum,224,0.000000
FKIT,S+X2_M3_r1,capsicum,225,0.000000
FKIT,S+X2_M3_r1,capsicum,226,0.000000
FKIT,S+X2_M3_r1,capsicum,227,0.000000
FKIT,S+X2_M3_r1,capsicum,228,0.000000
FKIT,S+X2_M3_r1,capsicum,229,0.000000
FKIT,S+X2_M3_r1,capsicum,230,0.000000
FKIT,S+X2_M3_r1,capsicum,231,0.000000
FKIT,S+X2_M3_r1,capsicum,232,0.000000
FKIT,S+X2_M3_r1,capsicum,233,0.000000
FKIT,S+X2_M3_r1,capsicum,234,0.000000
FKIT,S+X2_M3_r1,capsicum,235,0.000000
FKIT,S+X2_M3_r1,capsicum,236,0.000000
FKIT,S+X2_M3_r1,capsicum,237,0.000000
FKIT,S+X2_M3_r1,capsicum,238,0.000000
FKIT,S+X2_M3_r1,capsicum,239,0.000000
FKIT,S+X2_M3_r1,capsicum,240,0.000000
FKIT,S+X2_M3_r1,capsicum,241,0.000000
FKIT,S+X2_M3_r1,capsicum,242,0.000000
FKIT,S+X2_M3_r1,capsicum,243,0.000000
FKIT,S+X2_M3_r1,capsicum,244,0.000000
FKIT,S+X2_M3_r1,capsicum,245,0.000000
FKIT,S+X2_M3_r1,capsicum,246,0.000000
FKIT,S+X2_M3_r1,capsicum,247,0.000000
FKIT,S+X2_M3_r1,capsicum,248,0.000000
FKIT,S+X2_M3_r1,capsicum,249,0.000000
FKIT,S+X2_M3_r1,capsicum,250,0.000000
FKIT,S+X2_M3_r1,capsicum,251,0.000000
FKIT,S+X2_M3_r1,capsicum,252,0.000000
FKIT,S+X2_M3_r1,capsicum,253,0.000000
FKIT,S+X2_M3_r1,capsicum,254,0.000000
FKIT,S+X2_M3_r1,capsicum,255,0.000000
FKIT,S+X2_M3_r1,capsicum,256,0.000000
FKIT,S+X2_M3_r1,capsicum,257,0.000000
FKIT,S+X2_M3_r1,capsicum,258,0.000000
FKIT,S+X2_M3_r1,capsicum,259,0.000000
FKIT,S+X2_M3_r1,capsicum,260,0.000000
FKIT,S+X2_M3_r1,capsicum,261,0.000000
FKIT,S+X2_M3_r1,capsicum,262,0.000000
FKIT,S+X2_M3_r1,capsicum,263,0.000000
FKIT,S+X2_M3_r1,capsicum,264,0.000000
FKIT,S+X2_M3_r1,capsicum,265,0.000000
FKIT,S+X2_M3_r1,capsicum,266,0.000000
FKIT,S+X2_M3_r1,capsicum,267,0.000000
FKIT,S+X2_M3_r1,capsicum,268,0.010395
FKIT,S+X2_M3_r1,capsicum,269,0.000000
FKIT,S+X2_M3_r1,capsicum,270,0.000000
FKIT,S+X2_M3_r1,capsicum,271,0.000000
FKIT,S+X2_M3_r1,capsicum,272,0.000000
FKIT,S+X2_M3_r1,capsicum,273,0.000000
FKIT,S+X2_M3_r1,capsicum,274,0.000000
FKIT,S+X2_M3_r1,capsicum,275,0.000000
FKIT,S+X2_M3_r1,capsicum,276,0.000000
FKIT,S+X2_M3_r1,capsicum,277,0.000000
FKIT,S+X2_M3_r1,capsicum,278,0.000000
FKIT,S+X2_M3_r1,capsicum,279,0.000000
FKIT,S+X2_M3_r1,capsicum,280,0.000000
FKIT,S+X2_M3_r1,capsicum,281,0.000000
FKIT,S+X2_M3_r1,capsicum,282,0.000000
FKIT,S+X2_M3_r1,capsicum,283,0.000000
FKIT,S+X2_M3_r1,capsicum,284,0.000000
FKIT,S+X2_M3_r1,capsicum,285,0.000000
FKIT,S+X2_M3_r1,capsicum,286,0.000000
FKIT,S+X2_M3_r1,capsicum,287,0.000000
FKIT,S+X2_M3_r1,capsicum,288,0.000000
FKIT,S+X2_M3_r1,capsicum,289,0.000000
FKIT,S+X2_M3_r1,capsicum,290,0.000000
FKIT,S+X2_M3_r1,capsicum,291,0.000000
FKIT,S+X2_M3_r1,capsicum,292,0.000000
FKIT,S+X2_M3_r1,capsicum,293,0.000000
FKIT,S+X2_M3_r1,capsicum,294,0.000000
FKIT,S+X2_M3_r1,capsicum,295,0.000000
FKIT,S+X2_M3_r1,capsicum,296,0.000000
FKIT,S+X2_M3_r1,capsicum,297,0.000000
FKIT,S+X2_M3_r1,capsicum,298,0.000000
FKIT,S+X2_M3_r1,capsicum,299,0.000000
FKIT,S+X2_M3_r1,capsicum,300,0.000000
FKIT,S+X2_M3_r1,capsicum,301,0.000000
FKIT,S+X2_M3_r1,capsicum,302,0.000000
FKIT,S+X2_M3_r1,capsicum,303,0.000000
FKIT,S+X2_M3_r1,capsicum,304,0.000000
FKIT,S+X2_M3_r1,capsicum,305,0.000000
FKIT,S+X2_M3_r1,capsicum,306,0.000000
FKIT,S+X2_M3_r1,capsicum,307,0.000000
FKIT,S+X2_M3_r1,capsicum,308,0.000000
FKIT,S+X2_M3_r1,capsicum,309,0.000000
FKIT,S+X2_M3_r1,capsicum,310,0.000000
FKIT,S+X2_M3_r1,capsicum,311,0.000000
FKIT,S+X2_M3_r1,capsicum,312,0.000000
FKIT,S+X2_M3_r1,capsicum,313,0.000000
FKIT,S+X2_M3_r1,capsicum,314,0.000000
FKIT,S+X2_M3_r1,capsicum,315,0.000000
FKIT,S+X2_M3_r1,capsicum,316,0.004769
FKIT,S+X2_M3_r1,capsicum,317,0.001747
FKIT,S+X2_M3_r1,capsicum,318,0.000000
FKIT,S+X2_M3_r1,capsicum,319,0.000000
FKIT,S+X2_M3_r1,capsicum,320,0.000000
FKIT,S+X2_M3_r1,capsicum,321,0.000000
FKIT,S+X2_M3_r1,capsicum,322,0.000000
FKIT,S+X2_M3_r1,capsicum,323,0.000000
FKIT,S+X2_M3_r1,capsicum,324,0.000000
FKIT,S+X2_M3_r1,capsicum,325,0.000000
FKIT,S+X2_M3_r1,capsicum,326,0.000000
FKIT,S+X2_M3_r1,capsicum,327,0.000000
FKIT,S+X2_M3_r1,capsicum,328,0.002936
FKIT,S+X2_M3_r1,capsicum,329,0.000000
FKIT,S+X2_M3_r1,capsicum,330,0.000000
FKIT,S+X2_M3_r1,capsicum,331,0.000000
FKIT,S+X2_M3_r1,capsicum,332,0.000000
FKIT,S+X2_M3_r1,capsicum,333,0.000501
FKIT,S+X2_M3_r1,capsicum,334,0.012756
FKIT,S+X2_M3_r1,capsicum,335,0.005353
FKIT,S+X2_M3_r1,capsicum,336,0.004268
FKIT,S+X2_M3_r1,capsicum,337,0.000171
FKIT,S+X2_M3_r1,capsicum,338,0.000000
FKIT,S+X2_M3_r1,capsicum,339,0.000000
FKIT,S+X2_M3_r1,capsicum,340,0.000000
FKIT,S+X2_M3_r1,capsicum,341,0.000000
FKIT,S+X2_M3_r1,capsicum,342,0.000000
FKIT,S+X2_M3_r1,capsicum,343,0.000000
FKIT,S+X2_M3_r1,capsicum,344,0.000000
FKIT,S+X2_M3_r1,capsicum,345,0.000000
FKIT,S+X2_M3_r1,capsicum,346,0.000000
FKIT,S+X2_M3_r1,capsicum,347,0.000471
FKIT,S+X2_M3_r1,capsicum,348,0.001506
FKIT,S+X2_M3_r1,capsicum,349,0.000000
FKIT,S+X2_M3_r1,capsicum,350,0.000000
FKIT,S+X2_M3_r1,capsicum,351,0.000000
FKIT,S+X2_M3_r1,capsicum,352,0.000000
FKIT,S+X2_M3_r1,capsicum,353,0.000000
FKIT,S+X2_M3_r1,capsicum,354,0.000000
FKIT,S+X2_M3_r1,capsicum,355,0.000000
FKIT,S+X2_M3_r1,capsicum,356,0.000000
FKIT,S+X2_M3_r1,capsicum,357,0.000000
FKIT,S+X2_M3_r1,capsicum,358,0.000000
FKIT,S+X2_M3_r1,capsicum,359,0.000000
FKIT,S+X2_M3_r1,capsicum,360,0.000237
FKIT,S+X2_M3_r1,capsicum,361,0.000000
FKIT,S+X2_M3_r1,capsicum,362,0.000000
FKIT,S+X2_M3_r1,capsicum,363,0.000000
FKIT,S+X2_M3_r1,capsicum,364,0.000000
FKIT,S+X2_M3_r1,capsicum,365,0.000000
FKIT,S+X2_M3_r1,capsicum,366,0.002241
FKIT,S+X2_M3_r1,capsicum,367,0.016352
FKIT,S+X2_M3_r1,capsicum,368,0.000000
FKIT,S+X2_M3_r1,capsicum,369,0.000000
FKIT,S+X2_M3_r1,capsicum,370,0.000000
FKIT,S+X2_M3_r1,capsicum,371,0.000000
FKIT,S+X2_M3_r1,capsicum,372,0.000000
FKIT,S+X2_M3_r1,capsicum,373,0.000000
FKIT,S+X2_M3_r1,capsicum,374,0.000000
FKIT,S+X2_M3_r1,capsicum,375,0.000000
FKIT,S+X2_M3_r1,capsicum,376,0.000000
FKIT,S+X2_M3_r1,capsicum,377,0.000000
FKIT,S+X2_M3_r1,capsicum,378,0.000000
FKIT,S+X2_M3_r1,capsicum,379,0.000000
FKIT,S+X2_M3_r1,capsicum,380,0.000000
FKIT,S+X2_M3_r1,capsicum,381,0.000000
FKIT,S+X2_M3_r1,capsicum,382,0.000000
FKIT,S+X2_M3_r1,capsicum,383,0.000000
FKIT,S+X2_M3_r1,capsicum,384,0.000000
FKIT,S+X2_M3_r1,capsicum,385,0.000000
FKIT,S+X2_M3_r1,capsicum,386,0.000000
FKIT,S+X2_M3_r1,capsicum,387,0.000000
FKIT,S+X2_M3_r1,capsicum,388,0.000000
FKIT,S+X2_M3_r1,capsicum,389,0.000000
FKIT,S+X2_M3_r1,capsicum,390,0.000000
FKIT,S+X2_M3_r1,capsicum,391,0.000000
FKIT,S+X2_M3_r1,capsicum,392,0.000000
FKIT,S+X2_M3_r1,capsicum,393,0.000000
FKIT,S+X2_M3_r1,capsicum,394,0.000000
FKIT,S+X2_M3_r1,capsicum,395,0.000000
FKIT,S+X2_M3_r1,capsicum,396,0.000000
FKIT,S+X2_M3_r1,capsicum,397,0.000000
FKIT,S+X2_M3_r1,capsicum,398,0.000000
FKIT,S+X2_M3_r1,capsicum,399,0.000000
FKIT,S+X2_M3_r1,capsicum,400,0.000000
FKIT,S+X2_M3_r1,capsicum,401,0.000000
FKIT,S+X2_M3_r1,capsicum,402,0.000000
FKIT,S+X2_M3_r1,capsicum,403,0.000000
FKIT,S+X2_M3_r1,capsicum,404,0.000000
FKIT,S+X2_M3_r1,capsicum,405,0.000000
FKIT,S+X2_M3_r1,capsicum,406,0.000000
FKIT,S+X2_M3_r1,capsicum,407,0.000000
FKIT,S+X2_M3_r1,capsicum,408,0.000000
FKIT,S+X2_M3_r1,capsicum,409,0.000000
FKIT,S+X2_M3_r1,capsicum,410,0.000000
FKIT,S+X2_M3_r1,capsicum,411,0.000000
FKIT,S+X2_M3_r1,capsicum,412,0.000000
FKIT,S+X2_M3_r1,capsicum,413,0.000000
FKIT,S+X2_M3_r1,capsicum,414,0.000000
FKIT,S+X2_M3_r1,capsicum,415,0.000000
FKIT,S+X2_M3_r1,capsicum,416,0.000000
FKIT,S+X2_M3_r1,capsicum,417,0.000000
FKIT,S+X2_M3_r1,capsicum,418,0.000000
FKIT,S+X2_M3_r1,capsicum,419,0.000000
FKIT,S+X2_M3_r1,capsicum,420,0.000000
FKIT,S+X2_M3_r1,capsicum,421,0.000000
FKIT,S+X2_M3_r1,capsicum,422,0.000000
FKIT,S+X2_M3_r1,capsicum,423,0.000000
FKIT,S+X2_M3_r1,capsicum,424,0.000000
FKIT,S+X2_M3_r1,capsicum,425,0.000000
FKIT,S+X2_M3_r1,capsicum,426,0.000000
FKIT,S+X2_M3_r1,capsicum,427,0.000000
FKIT,S+X2_M3_r1,capsicum,428,0.000000
FKIT,S+X2_M3_r1,capsicum,429,0.000000
FKIT,S+X2_M3_r1,capsicum,430,0.000000
FKIT,S+X2_M3_r1,capsicum,431,0.000000
FKIT,S+X2_M3_r1,capsicum,432,0.000000
FKIT,S+X2_M3_r1,capsicum,433,0.000000
FKIT,S+X2_M3_r1,capsicum,434,0.000000
FKIT,S+X2_M3_r1,capsicum,435,0.000000
FKIT,S+X2_M3_r1,capsicum,436,0.000000
FKIT,S+X2_M3_r1,capsicum,437,0.000000
FKIT,S+X2_M3_r1,capsicum,438,0.000000
FKIT,S+X2_M3_r1,capsicum,439,0.000000
FKIT,S+X2_M3_r1,capsicum,440,0.000000
FKIT,S+X2_M3_r1,capsicum,441,0.000000
FKIT,S+X2_M3_r1,capsicum,442,0.000000
FKIT,S+X2_M3_r1,capsicum,443,0.000000
FKIT,S+X2_M3_r1,capsicum,444,0.000000
FKIT,S+X2_M3_r1,capsicum,445,0.000000
FKIT,S+X2_M3_r1,capsicum,446,0.000000
FKIT,S+X2_M3_r1,capsicum,447,0.000000
FKIT,S+X2_M3_r1,capsicum,448,0.000000
FKIT,S+X2_M3_r1,capsicum,449,0.000000
FKIT,S+X2_M3_r1,capsicum,450,0.000000
FKIT,S+X2_M3_r1,capsicum,451,0.000000
FKIT,S+X2_M3_r1,capsicum,452,0.000000
FKIT,S+X2_M3_r1,capsicum,453,0.000000
FKIT,S+X2_M3_r1,capsicum,454,0.000000
FKIT,S+X2_M3_r1,capsicum,455,0.000000
FKIT,S+X2_M3_r1,capsicum,456,0.000000
FKIT,S+X2_M3_r1,capsicum,457,0.000000
FKIT,S+X2_M3_r1,capsicum,458,0.000000
FKIT,S+X2_M3_r1,capsicum,459,0.000000
FKIT,S+X2_M3_r1,capsicum,460,0.000000
FKIT,S+X2_M3_r1,capsicum,461,0.000000
FKIT,S+X2_M3_r1,capsicum,462,0.000000
FKIT,S+X2_M3_r1,capsicum,463,0.000000
FKIT,S+X2_M3_r1,capsicum,464,0.000000
FKIT,S+X2_M3_r1,capsicum,465,0.000000
FKIT,S+X2_M3_r1,capsicum,466,0.000000
FKIT,S+X2_M3_r1,capsicum,467,0.000000
FKIT,S+X2_M3_r1,capsicum,468,0.000000
FKIT,S+X2_M3_r1,capsicum,469,0.000000
FKIT,S+X2_M3_r1,capsicum,470,0.000000
FKIT,S+X2_M3_r1,capsicum,471,0.000000
FKIT,S+X2_M3_r1,capsicum,472,0.000000
FKIT,S+X2_M3_r1,capsicum,473,0.000000
FKIT,S+X2_M3_r1,capsicum,474,0.000000
FKIT,S+X2_M3_r1,capsicum,475,0.000000
FKIT,S+X2_M3_r1,capsicum,476,0.000000
FKIT,S+X2_M3_r1,capsicum,477,0.000000
FKIT,S+X2_M3_r1,capsicum,478,0.000000
FKIT,S+X2_M3_r1,capsicum,479,0.000000
FKIT,S+X2_M3_r1,capsicum,480,0.000000
FKIT,S+X2_M3_r1,capsicum,481,0.000000
FKIT,S+X2_M3_r1,capsicum,482,0.000000
FKIT,S+X2_M3_r1,capsicum,483,0.000000
FKIT,S+X2_M3_r1,capsicum,484,0.000000
FKIT,S+X2_M3_r1,capsicum,485,0.000000
FKIT,S+X2_M3_r1,capsicum,486,0.000000
FKIT,S+X2_M3_r1,capsicum,487,0.000000
FKIT,S+X2_M3_r1,capsicum,488,0.000000
FKIT,S+X2_M3_r1,capsicum,489,0.000000
FKIT,S+X2_M3_r1,capsicum,490,0.000000
FKIT,S+X2_M3_r1,capsicum,491,0.000000
FKIT,S+X2_M3_r1,capsicum,492,0.000000
FKIT,S+X2_M3_r1,capsicum,493,0.000000
FKIT,S+X2_M3_r1,capsicum,494,0.000000
FKIT,S+X2_M3_r1,capsicum,495,0.000000
FKIT,S+X2_M3_r1,capsicum,496,0.000000
FKIT,S+X2_M3_r1,capsicum,497,0.000000
FKIT,S+X2_M3_r1,capsicum,498,0.000000
FKIT,S+X2_M3_r1,capsicum,499,0.000000
FKIT,S+X2_M3_r1,capsicum,500,0.000000
FKIT,S+X2_M3_r1,capsicum,501,0.000000
FKIT,S+X2_M3_r1,capsicum,502,0.000000
FKIT,S+X2_M3_r1,capsicum,503,0.000000
FKIT,S+X2_M3_r1,capsicum,504,0.000000
FKIT,S+X2_M3_r1,capsicum,505,0.000000
FKIT,S+X2_M3_r1,capsicum,506,0.000000
FKIT,S+X2_M3_r1,capsicum,507,0.000000
FKIT,S+X2_M3_r1,capsicum,508,0.000000
FKIT,S+X2_M3_r1,capsicum,509,0.000000
FKIT,S+X2_M3_r1,capsicum,510,0.000000
FKIT,S+X2_M3_r1,capsicum,511,0.000000
FKIT,S+X2_M3_r1,capsicum,512,0.000000
FKIT,S+X2_M3_r1,capsicum,513,0.000000
FKIT,S+X2_M3_r1,capsicum,514,0.000000
FKIT,S+X2_M3_r1,capsicum,515,0.000000
FKIT,S+X2_M3_r1,capsicum,516,0.000000
FKIT,S+X2_M3_r1,capsicum,517,0.000000
FKIT,S+X2_M3_r1,capsicum,518,0.021588
FKIT,S+X2_M3_r1,capsicum,519,0.084260
FKIT,S+X2_M3_r1,capsicum,520,0.100760
FKIT,S+X2_M3_r1,capsicum,521,0.112065
FKIT,S+X2_M3_r1,capsicum,522,0.095311
FKIT,S+X2_M3_r1,capsicum,523,0.105287
FKIT,S+X2_M3_r1,capsicum,524,0.097561
FKIT,S+X2_M3_r1,capsicum,525,0.095855
FKIT,S+X2_M3_r1,capsicum,526,0.102611
FKIT,S+X2_M3_r1,capsicum,527,0.096247
FKIT,S+X2_M3_r1,capsicum,528,0.117887
FKIT,S+X2_M3_r1,capsicum,529,0.110612
FKIT,S+X2_M3_r1,capsicum,530,0.109991
FKIT,S+X2_M3_r1,capsicum,531,0.115068
FKIT,S+X2_M3_r1,capsicum,532,0.116772
FKIT,S+X2_M3_r1,capsicum,533,0.111034
FKIT,S+X2_M3_r1,capsicum,534,0.117902
FKIT,S+X2_M3_r1,capsicum,535,0.117171
FKIT,S+X2_M3_r1,capsicum,536,0.127576
FKIT,S+X2_M3_r1,capsicum,537,0.120962
FKIT,S+X2_M3_r1,capsicum,538,0.107598
FKIT,S+X2_M3_r1,capsicum,539,0.097694
FKIT,S+X2_M3_r1,capsicum,540,0.104304
FKIT,S+X2_M3_r1,capsicum,541,0.095293
FKIT,S+X2_M3_r1,capsicum,542,0.098243
FKIT,S+X2_M3_r1,capsicum,543,0.089828
FKIT,S+X2_M3_r1,capsicum,544,0.099928
FKIT,S+X2_M3_r1,capsicum,545,0.109643
FKIT,S+X2_M3_r1,capsicum,546,0.108088
FKIT,S+X2_M3_r1,capsicum,547,0.103968
FKIT,S+X2_M3_r1,capsicum,548,0.133685
FKIT,S+X2_M3_r1,capsicum,549,0.086793
FKIT,S+X2_M3_r1,capsicum,550,0.097399
FKIT,S+X2_M3_r1,capsicum,551,0.117044
FKIT,S+X2_M3_r1,capsicum,552,0.058468
FKIT,S+X2_M3_r1,capsicum,553,0.124922
FKIT,S+X2_M3_r1,capsicum,554,0.097110
FKIT,S+X2_M3_r1,capsicum,555,0.104000
FKIT,S+X2_M3_r1,capsicum,556,0.077263
FKIT,S+X2_M3_r1,capsicum,557,0.129088
FKIT,S+X2_M3_r1,capsicum,558,0.133492
FKIT,S+X2_M3_r1,capsicum,559,0.124400
FKIT,S+X2_M3_r1,capsicum,560,0.126567
FKIT,S+X2_M3_r1,capsicum,561,0.151389
FKIT,S+X2_M3_r1,capsicum,562,0.162260
FKIT,S+X2_M3_r1,capsicum,563,0.164117
FKIT,S+X2_M3_r1,capsicum,564,0.161650
FKIT,S+X2_M3_r1,capsicum,565,0.176674
FKIT,S+X2_M3_r1,capsicum,566,0.188169
FKIT,S+X2_M3_r1,capsicum,567,0.174553
FKIT,S+X2_M3_r1,capsicum,568,0.181171
FKIT,S+X2_M3_r1,capsicum,569,0.195514
FKIT,S+X2_M3_r1,capsicum,570,0.185269
FKIT,S+X2_M3_r1,capsicum,571,0.195349
FKIT,S+X2_M3_r1,capsicum,572,0.193077
FKIT,S+X2_M3_r1,capsicum,573,0.193360
FKIT,S+X2_M3_r1,capsicum,574,0.213496
FKIT,S+X2_M3_r1,capsicum,575,0.207642
FKIT,S+X2_M3_r1,capsicum,576,0.212997
FKIT,S+X2_M3_r1,capsicum,577,0.200015
FKIT,S+X2_M3_r1,capsicum,578,0.203786
FKIT,S+X2_M3_r1,capsicum,579,0.207192
FKIT,S+X2_M3_r1,capsicum,580,0.198869
FKIT,S+X2_M3_r1,capsicum,581,0.206061
FKIT,S+X2_M3_r1,capsicum,582,0.203731
FKIT,S+X2_M3_r1,capsicum,583,0.208214
FKIT,S+X2_M3_r1,capsicum,584,0.207070
FKIT,S+X2_M3_r1,capsicum,585,0.212791
FKIT,S+X2_M3_r1,capsicum,586,0.211265
FKIT,S+X2_M3_r1,capsicum,587,0.216268
FKIT,S+X2_M3_r1,capsicum,588,0.218859
FKIT,S+X2_M3_r1,capsicum,589,0.224868
FKIT,S+X2_M3_r1,capsicum,590,0.230568
FKIT,S+X2_M3_r1,capsicum,591,0.233859
FKIT,S+X2_M3_r1,capsicum,592,0.235652
FKIT,S+X2_M3_r1,capsicum,593,0.228248
FKIT,S+X2_M3_r1,capsicum,594,0.230943
FKIT,S+X2_M3_r1,capsicum,595,0.254452
FKIT,S+X2_M3_r1,capsicum,596,0.238030
FKIT,S+X2_M3_r1,capsicum,597,0.233246
FKIT,S+X2_M3_r1,capsicum,598,0.248117
FKIT,S+X2_M3_r1,capsicum,599,0.266606
FKIT,S+X2_M3_r1,capsicum,600,0.256327
FKIT,S+X2_M3_r1,capsicum,601,0.254783
FKIT,S+X2_M3_r1,capsicum,602,0.254897
FKIT,S+X2_M3_r1,capsicum,603,0.245575
FKIT,S+X2_M3_r1,capsicum,604,0.249754
FKIT,S+X2_M3_r1,capsicum,605,0.257419
FKIT,S+X2_M3_r1,capsicum,606,0.260699
FKIT,S+X2_M3_r1,capsicum,607,0.266807
FKIT,S+X2_M3_r1,capsicum,608,0.251243
FKIT,S+X2_M3_r1,capsicum,609,0.259252
FKIT,S+X2_M3_r1,capsicum,610,0.259508
FKIT,S+X2_M3_r1,capsicum,611,0.262302
FKIT,S+X2_M3_r1,capsicum,612,0.272803
FKIT,S+X2_M3_r1,capsicum,613,0.283309
FKIT,S+X2_M3_r1,capsicum,614,0.270518
FKIT,S+X2_M3_r1,capsicum,615,0.271224
FKIT,S+X2_M3_r1,capsicum,616,0.287881
FKIT,S+X2_M3_r1,capsicum,617,0.279878
FKIT,S+X2_M3_r1,capsicum,618,0.277464
FKIT,S+X2_M3_r1,capsicum,619,0.270724
FKIT,S+X2_M3_r1,capsicum,620,0.272320
FKIT,S+X2_M3_r1,capsicum,621,0.271761
FKIT,S+X2_M3_r1,capsicum,622,0.268589
FKIT,S+X2_M3_r1,capsicum,623,0.268108
FKIT,S+X2_M3_r1,capsicum,624,0.263286
FKIT,S+X2_M3_r1,capsicum,625,0.284394
FKIT,S+X2_M3_r1,capsicum,626,0.281270
FKIT,S+X2_M3_r1,capsicum,627,0.263169
FKIT,S+X2_M3_r1,capsicum,628,0.264057
FKIT,S+X2_M3_r1,capsicum,629,0.275982
FKIT,S+X2_M3_r1,capsicum,630,0.264828
FKIT,S+X2_M3_r1,capsicum,631,0.269405
FKIT,S+X2_M3_r1,capsicum,632,0.275260
FKIT,S+X2_M3_r1,capsicum,633,0.274107
FKIT,S+X2_M3_r1,capsicum,634,0.295368
FKIT,S+X2_M3_r1,capsicum,635,0.276656
FKIT,S+X2_M3_r1,capsicum,636,0.278464
FKIT,S+X2_M3_r1,capsicum,637,0.285602
FKIT,S+X2_M3_r1,capsicum,638,0.271058
FKIT,S+X2_M3_r1,capsicum,639,0.258022
FKIT,S+X2_M3_r1,capsicum,640,0.271190
FKIT,S+X2_M3_r1,capsicum,641,0.281168
FKIT,S+X2_M3_r1,capsicum,642,0.280843
FKIT,S+X2_M3_r1,capsicum,643,0.256178
FKIT,S+X2_M3_r1,capsicum,644,0.257564
FKIT,S+X2_M3_r1,capsicum,645,0.260267
FKIT,S+X2_M3_r1,capsicum,646,0.252861
FKIT,S+X2_M3_r1,capsicum,647,0.251882
FKIT,S+X2_M3_r1,capsicum,648,0.244379
FKIT,S+X2_M3_r1,capsicum,649,0.236908
FKIT,S+X2_M3_r1,capsicum,650,0.240325
FKIT,S+X2_M3_r1,capsicum,651,0.263712
FKIT,S+X2_M3_r1,capsicum,652,0.240928
FKIT,S+X2_M3_r1,capsicum,653,0.270957
FKIT,S+X2_M3_r1,capsicum,654,0.270691
FKIT,S+X2_M3_r1,capsicum,655,0.261655
FKIT,S+X2_M3_r1,capsicum,656,0.271154
FKIT,S+X2_M3_r1,capsicum,657,0.271083
FKIT,S+X2_M3_r1,capsicum,658,0.267721
FKIT,S+X2_M3_r1,capsicum,659,0.266299
FKIT,S+X2_M3_r1,capsicum,660,0.266270
FKIT,S+X2_M3_r1,capsicum,661,0.267628
FKIT,S+X2_M3_r1,capsicum,662,0.270635
FKIT,S+X2_M3_r1,capsicum,663,0.276357
FKIT,S+X2_M3_r1,capsicum,664,0.280198
FKIT,S+X2_M3_r1,capsicum,665,0.295247
FKIT,S+X2_M3_r1,capsicum,666,0.307480
FKIT,S+X2_M3_r1,capsicum,667,0.315636
FKIT,S+X2_M3_r1,capsicum,668,0.312347
FKIT,S+X2_M3_r1,capsicum,669,0.303206
FKIT,S+X2_M3_r1,capsicum,670,0.314156
FKIT,S+X2_M3_r1,capsicum,671,0.300103
FKIT,S+X2_M3_r1,capsicum,672,0.300012
FKIT,S+X2_M3_r1,capsicum,673,0.315222
FKIT,S+X2_M3_r1,capsicum,674,0.323074
FKIT,S+X2_M3_r1,capsicum,675,0.332616
FKIT,S+X2_M3_r1,capsicum,676,0.341665
FKIT,S+X2_M3_r1,capsicum,677,0.341823
FKIT,S+X2_M3_r1,capsicum,678,0.393294
FKIT,S+X2_M3_r1,capsicum,679,0.319650
FKIT,S+X2_M3_r1,capsicum,680,0.336061
FKIT,S+X2_M3_r1,capsicum,681,0.349863
FKIT,S+X2_M3_r1,capsicum,682,0.349792
FKIT,S+X2_M3_r1,capsicum,683,0.346978
FKIT,S+X2_M3_r1,capsicum,684,0.341841
FKIT,S+X2_M3_r1,capsicum,685,0.343352
FKIT,S+X2_M3_r1,capsicum,686,0.346763
FKIT,S+X2_M3_r1,capsicum,687,0.352370
FKIT,S+X2_M3_r1,capsicum,688,0.379786
FKIT,S+X2_M3_r1,capsicum,689,0.362527
FKIT,S+X2_M3_r1,capsicum,690,0.330171
FKIT,S+X2_M3_r1,capsicum,691,0.314052
FKIT,S+X2_M3_r1,capsicum,692,0.367520
FKIT,S+X2_M3_r1,capsicum,693,0.358904
FKIT,S+X2_M3_r1,capsicum,694,0.361510
FKIT,S+X2_M3_r1,capsicum,695,0.343351
FKIT,S+X2_M3_r1,capsicum,696,0.375597
FKIT,S+X2_M3_r1,capsicum,697,0.359816
FKIT,S+X2_M3_r1,capsicum,698,0.356744
FKIT,S+X2_M3_r1,capsicum,699,0.329751
FKIT,S+X2_M3_r1,capsicum,700,0.315269
FKIT,S+X2_M3_r1,capsicum,701,0.319948
FKIT,S+X2_M3_r1,capsicum,702,0.330028
FKIT,S+X2_M3_r1,capsicum,703,0.326178
FKIT,S+X2_M3_r1,capsicum,704,0.332257
FKIT,S+X2_M3_r1,capsicum,705,0.321197
FKIT,S+X2_M3_r1,capsicum,706,0.354636
FKIT,S+X2_M3_r1,capsicum,707,0.373706
FKIT,S+X2_M3_r1,capsicum,708,0.347292
FKIT,S+X2_M3_r1,capsicum,709,0.315693
FKIT,S+X2_M3_r1,capsicum,710,0.325569
FKIT,S+X2_M3_r1,capsicum,711,0.314167
FKIT,S+X2_M3_r1,capsicum,712,0.331722
FKIT,S+X2_M3_r1,capsicum,713,0.364449
FKIT,S+X2_M3_r1,capsicum,714,0.371528
FKIT,S+X2_M3_r1,capsicum,715,0.412191
FKIT,S+X2_M3_r1,capsicum,716,0.373655
FKIT,S+X2_M3_r1,capsicum,717,0.398554
FKIT,S+X2_M3_r1,capsicum,718,0.407168
FKIT,S+X2_M3_r1,capsicum,719,0.375018
FKIT,S+X2_M3_r1,capsicum,720,0.429186
FKIT,S+X2_M3_r1,capsicum,721,0.385109
FKIT,S+X2_M3_r1,capsicum,722,0.371808
FKIT,S+X2_M3_r1,capsicum,723,0.358275
FKIT,S+X2_M3_r1,capsicum,724,0.372761
FKIT,S+X2_M3_r1,capsicum,725,0.431689
FKIT,S+X2_M3_r1,capsicum,726,0.409664
FKIT,S+X2_M3_r1,capsicum,727,0.383922
FKIT,S+X2_M3_r1,capsicum,728,0.389379
FKIT,S+X2_M3_r1,capsicum,729,0.391761
FKIT,S+X2_M3_r1,capsicum,730,0.371184
FKIT,S+X2_M3_r1,capsicum,731,0.359141
FKIT,S+X2_M3_r1,capsicum,732,0.330460
FKIT,S+X2_M3_r1,capsicum,733,0.334919
FKIT,S+X2_M3_r1,capsicum,734,0.337476
FKIT,S+X2_M3_r1,capsicum,735,0.309308
FKIT,S+X2_M3_r1,capsicum,736,0.301476
FKIT,S+X2_M3_r1,capsicum,737,0.286270
FKIT,S+X2_M3_r1,capsicum,738,0.304872
FKIT,S+X2_M3_r1,capsicum,739,0.274558
FKIT,S+X2_M3_r1,capsicum,740,0.272328
FKIT,S+X2_M3_r1,capsicum,741,0.296289
FKIT,S+X2_M3_r1,capsicum,742,0.283046
FKIT,S+X2_M3_r1,capsicum,743,0.276054
FKIT,S+X2_M3_r1,capsicum,744,0.306401
FKIT,S+X2_M3_r1,capsicum,745,0.293587
FKIT,S+X2_M3_r1,capsicum,746,0.284455
FKIT,S+X2_M3_r1,capsicum,747,0.280685
FKIT,S+X2_M3_r1,capsicum,748,0.275880
FKIT,S+X2_M3_r1,capsicum,749,0.261144
FKIT,S+X2_M3_r1,capsicum,750,0.291054
FKIT,S+X2_M3_r1,capsicum,751,0.303267
FKIT,S+X2_M3_r1,capsicum,752,0.301507
FKIT,S+X2_M3_r1,capsicum,753,0.291160
FKIT,S+X2_M3_r1,capsicum,754,0.289059
FKIT,S+X2_M3_r1,capsicum,755,0.272160
FKIT,S+X2_M3_r1,capsicum,756,0.277532
FKIT,S+X2_M3_r1,capsicum,757,0.269979
FKIT,S+X2_M3_r1,capsicum,758,0.277592
FKIT,S+X2_M3_r1,capsicum,759,0.282619
FKIT,S+X2_M3_r1,capsicum,760,0.278673
FKIT,S+X2_M3_r1,capsicum,761,0.286125
FKIT,S+X2_M3_r1,capsicum,762,0.287483
FKIT,S+X2_M3_r1,capsicum,763,0.294582
FKIT,S+X2_M3_r1,capsicum,764,0.251231
FKIT,S+X2_M3_r1,capsicum,765,0.315950
FKIT,S+X2_M3_r1,capsicum,766,0.297860
FKIT,S+X2_M3_r1,capsicum,767,0.294870
FKIT,S+X2_M3_r1,capsicum,768,0.288552
FKIT,S+X2_M3_r1,capsicum,769,0.288605
FKIT,S+X2_M3_r1,capsicum,770,0.292208
FKIT,S+X2_M3_r1,capsicum,771,0.302000
FKIT,S+X2_M3_r1,capsicum,772,0.312992
FKIT,S+X2_M3_r1,capsicum,773,0.315697
FKIT,S+X2_M3_r1,capsicum,774,0.327271
FKIT,S+X2_M3_r1,capsicum,775,0.311699
FKIT,S+X2_M3_r1,capsicum,776,0.301756
FKIT,S+X2_M3_r1,capsicum,777,0.308617
FKIT,S+X2_M3_r1,capsicum,778,0.284271
FKIT,S+X2_M3_r1,capsicum,779,0.284262
FKIT,S+X2_M3_r1,capsicum,780,0.292423
FKIT,S+X2_M3_r1,capsicum,781,0.288432
FKIT,S+X2_M3_r1,capsicum,782,0.300805
FKIT,S+X2_M3_r1,capsicum,783,0.302964
FKIT,S+X2_M3_r1,capsicum,784,0.309699
FKIT,S+X2_M3_r1,capsicum,785,0.297715
FKIT,S+X2_M3_r1,capsicum,786,0.300664
FKIT,S+X2_M3_r1,capsicum,787,0.314950
FKIT,S+X2_M3_r1,capsicum,788,0.304890
FKIT,S+X2_M3_r1,capsicum,789,0.332008
FKIT,S+X2_M3_r1,capsicum,790,0.312568
FKIT,S+X2_M3_r1,capsicum,791,0.302993
FKIT,S+X2_M3_r1,capsicum,792,0.307438
FKIT,S+X2_M3_r1,capsicum,793,0.313735
FKIT,S+X2_M3_r1,capsicum,794,0.313808
FKIT,S+X2_M3_r1,capsicum,795,0.332401
FKIT,S+X2_M3_r1,capsicum,796,0.340248
FKIT,S+X2_M3_r1,capsicum,797,0.351944
FKIT,S+X2_M3_r1,capsicum,798,0.350814
FKIT,S+X2_M3_r1,capsicum,799,0.361285
FKIT,S+X2_M3_r1,capsicum,800,0.374810
FKIT,S+X2_M3_r1,capsicum,801,0.388998
FKIT,S+X2_M3_r1,capsicum,802,0.363653
FKIT,S+X2_M3_r1,capsicum,803,0.360301
FKIT,S+X2_M3_r1,capsicum,804,0.436392
FKIT,S+X2_M3_r1,capsicum,805,0.445084
FKIT,S+X2_M3_r1,capsicum,806,0.457382
FKIT,S+X2_M3_r1,capsicum,807,0.443490
FKIT,S+X2_M3_r1,capsicum,808,0.442167
FKIT,S+X2_M3_r1,capsicum,809,0.455905
FKIT,S+X2_M3_r1,capsicum,810,0.448887
FKIT,S+X2_M3_r1,capsicum,811,0.457254
FKIT,S+X2_M3_r1,capsicum,812,0.455468
FKIT,S+X2_M3_r1,capsicum,813,0.436895
FKIT,S+X2_M3_r1,capsicum,814,0.474462
FKIT,S+X2_M3_r1,capsicum,815,0.510033
FKIT,S+X2_M3_r1,capsicum,816,0.458859
FKIT,S+X2_M3_r1,capsicum,817,0.486727
FKIT,S+X2_M3_r1,capsicum,818,0.477753
FKIT,S+X2_M3_r1,capsicum,819,0.498269
FKIT,S+X2_M3_r1,capsicum,820,0.480986
FKIT,S+X2_M3_r1,capsicum,821,0.494719
FKIT,S+X2_M3_r1,capsicum,822,0.485693
FKIT,S+X2_M3_r1,capsicum,823,0.500031
FKIT,S+X2_M3_r1,capsicum,824,0.496804
FKIT,S+X2_M3_r1,capsicum,825,0.498638
FKIT,S+X2_M3_r1,capsicum,826,0.489229
FKIT,S+X2_M3_r1,capsicum,827,0.519677
FKIT,S+X2_M3_r1,capsicum,828,0.530478
FKIT,S+X2_M3_r1,capsicum,829,0.521479
FKIT,S+X2_M3_r1,capsicum,830,0.550388
FKIT,S+X2_M3_r1,capsicum,831,0.537789
FKIT,S+X2_M3_r1,capsicum,832,0.548505
FKIT,S+X2_M3_r1,capsicum,833,0.541963
FKIT,S+X2_M3_r1,capsicum,834,0.526731
FKIT,S+X2_M3_r1,capsicum,835,0.520479
FKIT,S+X2_M3_r1,capsicum,836,0.565560
FKIT,S+X2_M3_r1,capsicum,837,0.553264
FKIT,S+X2_M3_r1,capsicum,838,0.549656
FKIT,S+X2_M3_r1,capsicum,839,0.538052
FKIT,S+X2_M3_r1,capsicum,840,0.538821
FKIT,S+X2_M3_r1,capsicum,841,0.541235
FKIT,S+X2_M3_r1,capsicum,842,0.549266
FKIT,S+X2_M3_r1,capsicum,843,0.537167
FKIT,S+X2_M3_r1,capsicum,844,0.565346
FKIT,S+X2_M3_r1,capsicum,845,0.566778
FKIT,S+X2_M3_r1,capsicum,846,0.552142
FKIT,S+X2_M3_r1,capsicum,847,0.575519
FKIT,S+X2_M3_r1,capsicum,848,0.593607
FKIT,S+X2_M3_r1,capsicum,849,0.585085
FKIT,S+X2_M3_r1,capsicum,850,0.570572
FKIT,S+X2_M3_r1,capsicum,851,0.568633
FKIT,S+X2_M3_r1,capsicum,852,0.548139
FKIT,S+X2_M3_r1,capsicum,853,0.560967
FKIT,S+X2_M3_r1,capsicum,854,0.564436
FKIT,S+X2_M3_r1,capsicum,855,0.571986
FKIT,S+X2_M3_r1,capsicum,856,0.594079
FKIT,S+X2_M3_r1,capsicum,857,0.573301
FKIT,S+X2_M3_r1,capsicum,858,0.571643
FKIT,S+X2_M3_r1,capsicum,859,0.560859
FKIT,S+X2_M3_r1,capsicum,860,0.565146
FKIT,S+X2_M3_r1,capsicum,861,0.565600
FKIT,S+X2_M3_r1,capsicum,862,0.564683
FKIT,S+X2_M3_r1,capsicum,863,0.551515
FKIT,S+X2_M3_r1,capsicum,864,0.583460
FKIT,S+X2_M3_r1,capsicum,865,0.593590
FKIT,S+X2_M3_r1,capsicum,866,0.596695
FKIT,S+X2_M3_r1,capsicum,867,0.607232
FKIT,S+X2_M3_r1,capsicum,868,0.602407
FKIT,S+X2_M3_r1,capsicum,869,0.609011
FKIT,S+X2_M3_r1,capsicum,870,0.604998
FKIT,S+X2_M3_r1,capsicum,871,0.618480
FKIT,S+X2_M3_r1,capsicum,872,0.612186
FKIT,S+X2_M3_r1,capsicum,873,0.619787
FKIT,S+X2_M3_r1,capsicum,874,0.603060
FKIT,S+X2_M3_r1,capsicum,875,0.597022
FKIT,S+X2_M3_r1,capsicum,876,0.603443
FKIT,S+X2_M3_r1,capsicum,877,0.606490
FKIT,S+X2_M3_r1,capsicum,878,0.619555
FKIT,S+X2_M3_r1,capsicum,879,0.611499
FKIT,S+X2_M3_r1,capsicum,880,0.610686
FKIT,S+X2_M3_r1,chocolate_bomb,0,0.658955
FKIT,S+X2_M3_r1,chocolate_bomb,1,0.866945
FKIT,S+X2_M3_r1,chocolate_bomb,2,0.841487
FKIT,S+X2_M3_r1,chocolate_bomb,3,0.857845
FKIT,S+X2_M3_r1,chocolate_bomb,4,0.829888
FKIT,S+X2_M3_r1,chocolate_bomb,5,0.864603
FKIT,S+X2_M3_r1,chocolate_bomb,6,0.819847
FKIT,S+X2_M3_r1,chocolate_bomb,7,0.750000
FKIT,S+X2_M3_r1,chocolate_bomb,8,0.781430
FKIT,S+X2_M3_r1,chocolate_bomb,9,0.819031
FKIT,S+X2_M3_r1,chocolate_bomb,10,0.782425
FKIT,S+X2_M3_r1,chocolate_bomb,11,0.954251
FKIT,S+X2_M3_r1,chocolate_bomb,12,0.955416
FKIT,S+X2_M3_r1,chocolate_bomb,13,0.960582
FKIT,S+X2_M3_r1,chocolate_bomb,14,0.963908
FKIT,S+X2_M3_r1,chocolate_bomb,15,0.964590
FKIT,S+X2_M3_r1,chocolate_bomb,16,0.962524
FKIT,S+X2_M3_r1,chocolate_bomb,17,0.964075
FKIT,S+X2_M3_r1,chocolate_bomb,18,0.964812
FKIT,S+X2_M3_r1,chocolate_bomb,19,0.964595
FKIT,S+X2_M3_r1,chocolate_bomb,20,0.960494
FKIT,S+X2_M3_r1,chocolate_bomb,21,0.965961
FKIT,S+X2_M3_r1,chocolate_bomb,22,0.960847
FKIT,S+X2_M3_r1,chocolate_bomb,23,0.964429
FKIT,S+X2_M3_r1,chocolate_bomb,24,0.961732
FKIT,S+X2_M3_r1,chocolate_bomb,25,0.959716
FKIT,S+X2_M3_r1,chocolate_bomb,26,0.962719
FKIT,S+X2_M3_r1,chocolate_bomb,27,0.958744
FKIT,S+X2_M3_r1,chocolate_bomb,28,0.960586
FKIT,S+X2_M3_r1,chocolate_bomb,29,0.960273
FKIT,S+X2_M3_r1,chocolate_bomb,30,0.965838
FKIT,S+X2_M3_r1,chocolate_bomb,31,0.964723
FKIT,S+X2_M3_r1,chocolate_bomb,32,0.963827
FKIT,S+X2_M3_r1,chocolate_bomb,33,0.965228
FKIT,S+X2_M3_r1,chocolate_bomb,34,0.966360
FKIT,S+X2_M3_r1,chocolate_bomb,35,0.962008
FKIT,S+X2_M3_r1,chocolate_bomb,36,0.964509
FKIT,S+X2_M3_r1,chocolate_bomb,37,0.963989
FKIT,S+X2_M3_r1,chocolate_bomb,38,0.963079
FKIT,S+X2_M3_r1,chocolate_bomb,39,0.967320
FKIT,S+X2_M3_r1,chocolate_bomb,40,0.966720
FKIT,S+X2_M3_r1,chocolate_bomb,41,0.962972
FKIT,S+X2_M3_r1,chocolate_bomb,42,0.964416
FKIT,S+X2_M3_r1,chocolate_bomb,43,0.966939
FKIT,S+X2_M3_r1,chocolate_bomb,44,0.964198
FKIT,S+X2_M3_r1,chocolate_bomb,45,0.968932
FKIT,S+X2_M3_r1,chocolate_bomb,46,0.968774
FKIT,S+X2_M3_r1,chocolate_bomb,47,0.965831
FKIT,S+X2_M3_r1,chocolate_bomb,48,0.964235
FKIT,S+X2_M3_r1,chocolate_bomb,49,0.958528
FKIT,S+X2_M3_r1,chocolate_bomb,50,0.960983
FKIT,S+X2_M3_r1,chocolate_bomb,51,0.968564
FKIT,S+X2_M3_r1,chocolate_bomb,52,0.962635
FKIT,S+X2_M3_r1,chocolate_bomb,53,0.962556
FKIT,S+X2_M3_r1,chocolate_bomb,54,0.964912
FKIT,S+X2_M3_r1,chocolate_bomb,55,0.967094
FKIT,S+X2_M3_r1,chocolate_bomb,56,0.966420
FKIT,S+X2_M3_r1,chocolate_bomb,57,0.965962
FKIT,S+X2_M3_r1,chocolate_bomb,58,0.964143
FKIT,S+X2_M3_r1,chocolate_bomb,59,0.964897
FKIT,S+X2_M3_r1,chocolate_bomb,60,0.965731
FKIT,S+X2_M3_r1,chocolate_bomb,61,0.964836
FKIT,S+X2_M3_r1,chocolate_bomb,62,0.962831
FKIT,S+X2_M3_r1,chocolate_bomb,63,0.959996
FKIT,S+X2_M3_r1,chocolate_bomb,64,0.962867
FKIT,S+X2_M3_r1,chocolate_bomb,65,0.966502
FKIT,S+X2_M3_r1,chocolate_bomb,66,0.966221
FKIT,S+X2_M3_r1,chocolate_bomb,67,0.963510
FKIT,S+X2_M3_r1,chocolate_bomb,68,0.964129
FKIT,S+X2_M3_r1,chocolate_bomb,69,0.961658
FKIT,S+X2_M3_r1,chocolate_bomb,70,0.965527
FKIT,S+X2_M3_r1,chocolate_bomb,71,0.957750
FKIT,S+X2_M3_r1,chocolate_bomb,72,0.963108
FKIT,S+X2_M3_r1,chocolate_bomb,73,0.956742
FKIT,S+X2_M3_r1,chocolate_bomb,74,0.956940
FKIT,S+X2_M3_r1,chocolate_bomb,75,0.965529
FKIT,S+X2_M3_r1,chocolate_bomb,76,0.957511
FKIT,S+X2_M3_r1,chocolate_bomb,77,0.960556
FKIT,S+X2_M3_r1,chocolate_bomb,78,0.957197
FKIT,S+X2_M3_r1,chocolate_bomb,79,0.962046
FKIT,S+X2_M3_r1,chocolate_bomb,80,0.960903
FKIT,S+X2_M3_r1,chocolate_bomb,81,0.957915
FKIT,S+X2_M3_r1,chocolate_bomb,82,0.955347
FKIT,S+X2_M3_r1,chocolate_bomb,83,0.963698
FKIT,S+X2_M3_r1,chocolate_bomb,84,0.960949
FKIT,S+X2_M3_r1,chocolate_bomb,85,0.960719
FKIT,S+X2_M3_r1,chocolate_bomb,86,0.959428
FKIT,S+X2_M3_r1,chocolate_bomb,87,0.959709
FKIT,S+X2_M3_r1,chocolate_bomb,88,0.961262
FKIT,S+X2_M3_r1,chocolate_bomb,89,0.961443
FKIT,S+X2_M3_r1,chocolate_bomb,90,0.957452
FKIT,S+X2_M3_r1,chocolate_bomb,91,0.957598
FKIT,S+X2_M3_r1,chocolate_bomb,92,0.957743
FKIT,S+X2_M3_r1,chocolate_bomb,93,0.955676
FKIT,S+X2_M3_r1,chocolate_bomb,94,0.957790
FKIT,S+X2_M3_r1,chocolate_bomb,95,0.954745
FKIT,S+X2_M3_r1,chocolate_bomb,96,0.956460
FKIT,S+X2_M3_r1,chocolate_bomb,97,0.954718
FKIT,S+X2_M3_r1,chocolate_bomb,98,0.956211
FKIT,S+X2_M3_r1,chocolate_bomb,99,0.955827
FKIT,S+X2_M3_r1,chocolate_bomb,100,0.956132
FKIT,S+X2_M3_r1,chocolate_bomb,101,0.950391
FKIT,S+X2_M3_r1,chocolate_bomb,102,0.952208
FKIT,S+X2_M3_r1,chocolate_bomb,103,0.946522
FKIT,S+X2_M3_r1,chocolate_bomb,104,0.951986
FKIT,S+X2_M3_r1,chocolate_bomb,105,0.955836
FKIT,S+X2_M3_r1,chocolate_bomb,106,0.952931
FKIT,S+X2_M3_r1,chocolate_bomb,107,0.954576
FKIT,S+X2_M3_r1,chocolate_bomb,108,0.956430
FKIT,S+X2_M3_r1,chocolate_bomb,109,0.956362
FKIT,S+X2_M3_r1,chocolate_bomb,110,0.954273
FKIT,S+X2_M3_r1,chocolate_bomb,111,0.950475
FKIT,S+X2_M3_r1,chocolate_bomb,112,0.951537
FKIT,S+X2_M3_r1,chocolate_bomb,113,0.951686
FKIT,S+X2_M3_r1,chocolate_bomb,114,0.947699
FKIT,S+X2_M3_r1,chocolate_bomb,115,0.948304
FKIT,S+X2_M3_r1,chocolate_bomb,116,0.952903
FKIT,S+X2_M3_r1,chocolate_bomb,117,0.955184
FKIT,S+X2_M3_r1,chocolate_bomb,118,0.949448
FKIT,S+X2_M3_r1,chocolate_bomb,119,0.953837
FKIT,S+X2_M3_r1,chocolate_bomb,120,0.947587
FKIT,S+X2_M3_r1,chocolate_bomb,121,0.951730
FKIT,S+X2_M3_r1,chocolate_bomb,122,0.948162
FKIT,S+X2_M3_r1,chocolate_bomb,123,0.951360
FKIT,S+X2_M3_r1,chocolate_bomb,124,0.950134
FKIT,S+X2_M3_r1,chocolate_bomb,125,0.956959
FKIT,S+X2_M3_r1,chocolate_bomb,126,0.948647
FKIT,S+X2_M3_r1,chocolate_bomb,127,0.950019
FKIT,S+X2_M3_r1,chocolate_bomb,128,0.953230
FKIT,S+X2_M3_r1,chocolate_bomb,129,0.953942
FKIT,S+X2_M3_r1,chocolate_bomb,130,0.956339
FKIT,S+X2_M3_r1,chocolate_bomb,131,0.943853
FKIT,S+X2_M3_r1,chocolate_bomb,132,0.955209
FKIT,S+X2_M3_r1,chocolate_bomb,133,0.951638
FKIT,S+X2_M3_r1,chocolate_bomb,134,0.952432
FKIT,S+X2_M3_r1,chocolate_bomb,135,0.953609
FKIT,S+X2_M3_r1,chocolate_bomb,136,0.951190
FKIT,S+X2_M3_r1,chocolate_bomb,137,0.946943
FKIT,S+X2_M3_r1,chocolate_bomb,138,0.953172
FKIT,S+X2_M3_r1,chocolate_bomb,139,0.946705
FKIT,S+X2_M3_r1,chocolate_bomb,140,0.948500
FKIT,S+X2_M3_r1,chocolate_bomb,141,0.946209
FKIT,S+X2_M3_r1,chocolate_bomb,142,0.948749
FKIT,S+X2_M3_r1,chocolate_bomb,143,0.948554
FKIT,S+X2_M3_r1,chocolate_bomb,144,0.947190
FKIT,S+X2_M3_r1,chocolate_bomb,145,0.948002
FKIT,S+X2_M3_r1,chocolate_bomb,146,0.946832
FKIT,S+X2_M3_r1,chocolate_bomb,147,0.949032
FKIT,S+X2_M3_r1,chocolate_bomb,148,0.950257
FKIT,S+X2_M3_r1,chocolate_bomb,149,0.949331
FKIT,S+X2_M3_r1,chocolate_bomb,150,0.949606
FKIT,S+X2_M3_r1,chocolate_bomb,151,0.945934
FKIT,S+X2_M3_r1,chocolate_bomb,152,0.940965
FKIT,S+X2_M3_r1,chocolate_bomb,153,0.944516
FKIT,S+X2_M3_r1,chocolate_bomb,154,0.950732
FKIT,S+X2_M3_r1,chocolate_bomb,155,0.944797
FKIT,S+X2_M3_r1,chocolate_bomb,156,0.940245
FKIT,S+X2_M3_r1,chocolate_bomb,157,0.938154
FKIT,S+X2_M3_r1,chocolate_bomb,158,0.942604
FKIT,S+X2_M3_r1,chocolate_bomb,159,0.941157
FKIT,S+X2_M3_r1,chocolate_bomb,160,0.938662
FKIT,S+X2_M3_r1,chocolate_bomb,161,0.942122
FKIT,S+X2_M3_r1,chocolate_bomb,162,0.943288
FKIT,S+X2_M3_r1,chocolate_bomb,163,0.941218
FKIT,S+X2_M3_r1,chocolate_bomb,164,0.942232
FKIT,S+X2_M3_r1,chocolate_bomb,165,0.940915
FKIT,S+X2_M3_r1,chocolate_bomb,166,0.943974
FKIT,S+X2_M3_r1,chocolate_bomb,167,0.947664
FKIT,S+X2_M3_r1,chocolate_bomb,168,0.946324
FKIT,S+X2_M3_r1,chocolate_bomb,169,0.943639
FKIT,S+X2_M3_r1,chocolate_bomb,170,0.944231
FKIT,S+X2_M3_r1,chocolate_bomb,171,0.944829
FKIT,S+X2_M3_r1,chocolate_bomb,172,0.947336
FKIT,S+X2_M3_r1,chocolate_bomb,173,0.947439
FKIT,S+X2_M3_r1,chocolate_bomb,174,0.939475
FKIT,S+X2_M3_r1,chocolate_bomb,175,0.940954
FKIT,S+X2_M3_r1,chocolate_bomb,176,0.940598
FKIT,S+X2_M3_r1,chocolate_bomb,177,0.939886
FKIT,S+X2_M3_r1,chocolate_bomb,178,0.934844
FKIT,S+X2_M3_r1,chocolate_bomb,179,0.938056
FKIT,S+X2_M3_r1,chocolate_bomb,180,0.936424
FKIT,S+X2_M3_r1,chocolate_bomb,181,0.937518
FKIT,S+X2_M3_r1,chocolate_bomb,182,0.935243
FKIT,S+X2_M3_r1,chocolate_bomb,183,0.936048
FKIT,S+X2_M3_r1,chocolate_bomb,184,0.936725
FKIT,S+X2_M3_r1,chocolate_bomb,185,0.937294
FKIT,S+X2_M3_r1,chocolate_bomb,186,0.934385
FKIT,S+X2_M3_r1,chocolate_bomb,187,0.945353
FKIT,S+X2_M3_r1,chocolate_bomb,188,0.942138
FKIT,S+X2_M3_r1,chocolate_bomb,189,0.940397
FKIT,S+X2_M3_r1,chocolate_bomb,190,0.942742
FKIT,S+X2_M3_r1,chocolate_bomb,191,0.938001
FKIT,S+X2_M3_r1,chocolate_bomb,192,0.940616
FKIT,S+X2_M3_r1,chocolate_bomb,193,0.937487
FKIT,S+X2_M3_r1,chocolate_bomb,194,0.940094
FKIT,S+X2_M3_r1,chocolate_bomb,195,0.940237
FKIT,S+X2_M3_r1,chocolate_bomb,196,0.940867
FKIT,S+X2_M3_r1,chocolate_bomb,197,0.943588
FKIT,S+X2_M3_r1,chocolate_bomb,198,0.939096
FKIT,S+X2_M3_r1,chocolate_bomb,199,0.941459
FKIT,S+X2_M3_r1,chocolate_bomb,200,0.940379
FKIT,S+X2_M3_r1,chocolate_bomb,201,0.941811
FKIT,S+X2_M3_r1,chocolate_bomb,202,0.944548
FKIT,S+X2_M3_r1,chocolate_bomb,203,0.945214
FKIT,S+X2_M3_r1,chocolate_bomb,204,0.944548
FKIT,S+X2_M3_r1,chocolate_bomb,205,0.947084
FKIT,S+X2_M3_r1,chocolate_bomb,206,0.943467
FKIT,S+X2_M3_r1,chocolate_bomb,207,0.945941
FKIT,S+X2_M3_r1,chocolate_bomb,208,0.949461
FKIT,S+X2_M3_r1,chocolate_bomb,209,0.950114
FKIT,S+X2_M3_r1,chocolate_bomb,210,0.946784
FKIT,S+X2_M3_r1,chocolate_bomb,211,0.946590
FKIT,S+X2_M3_r1,chocolate_bomb,212,0.950425
FKIT,S+X2_M3_r1,chocolate_bomb,213,0.950298
FKIT,S+X2_M3_r1,chocolate_bomb,214,0.951948
FKIT,S+X2_M3_r1,chocolate_bomb,215,0.951004
FKIT,S+X2_M3_r1,chocolate_bomb,216,0.950678
FKIT,S+X2_M3_r1,chocolate_bomb,217,0.950559
FKIT,S+X2_M3_r1,chocolate_bomb,218,0.949737
FKIT,S+X2_M3_r1,chocolate_bomb,219,0.951702
FKIT,S+X2_M3_r1,chocolate_bomb,220,0.950269
FKIT,S+X2_M3_r1,chocolate_bomb,221,0.952241
FKIT,S+X2_M3_r1,chocolate_bomb,222,0.951904
FKIT,S+X2_M3_r1,chocolate_bomb,223,0.949065
FKIT,S+X2_M3_r1,chocolate_bomb,224,0.949347
FKIT,S+X2_M3_r1,chocolate_bomb,225,0.953301
FKIT,S+X2_M3_r1,chocolate_bomb,226,0.950921
FKIT,S+X2_M3_r1,chocolate_bomb,227,0.951706
FKIT,S+X2_M3_r1,chocolate_bomb,228,0.953022
FKIT,S+X2_M3_r1,chocolate_bomb,229,0.950351
FKIT,S+X2_M3_r1,chocolate_bomb,230,0.946272
FKIT,S+X2_M3_r1,chocolate_bomb,231,0.950880
FKIT,S+X2_M3_r1,chocolate_bomb,232,0.952302
FKIT,S+X2_M3_r1,chocolate_bomb,233,0.948245
FKIT,S+X2_M3_r1,chocolate_bomb,234,0.952704
FKIT,S+X2_M3_r1,chocolate_bomb,235,0.950911
FKIT,S+X2_M3_r1,chocolate_bomb,236,0.948903
FKIT,S+X2_M3_r1,chocolate_bomb,237,0.952391
FKIT,S+X2_M3_r1,chocolate_bomb,238,0.953525
FKIT,S+X2_M3_r1,chocolate_bomb,239,0.954942
FKIT,S+X2_M3_r1,chocolate_bomb,240,0.952821
FKIT,S+X2_M3_r1,chocolate_bomb,241,0.959970
FKIT,S+X2_M3_r1,chocolate_bomb,242,0.956549
FKIT,S+X2_M3_r1,chocolate_bomb,243,0.955964
FKIT,S+X2_M3_r1,chocolate_bomb,244,0.959920
FKIT,S+X2_M3_r1,chocolate_bomb,245,0.957820
FKIT,S+X2_M3_r1,chocolate_bomb,246,0.956118
FKIT,S+X2_M3_r1,chocolate_bomb,247,0.956418
FKIT,S+X2_M3_r1,chocolate_bomb,248,0.961226
FKIT,S+X2_M3_r1,chocolate_bomb,249,0.960518
FKIT,S+X2_M3_r1,chocolate_bomb,250,0.960733
FKIT,S+X2_M3_r1,chocolate_bomb,251,0.963060
FKIT,S+X2_M3_r1,chocolate_bomb,252,0.960933
FKIT,S+X2_M3_r1,chocolate_bomb,253,0.959598
FKIT,S+X2_M3_r1,chocolate_bomb,254,0.965966
FKIT,S+X2_M3_r1,chocolate_bomb,255,0.958601
FKIT,S+X2_M3_r1,chocolate_bomb,256,0.957678
FKIT,S+X2_M3_r1,chocolate_bomb,257,0.954884
FKIT,S+X2_M3_r1,chocolate_bomb,258,0.958986
FKIT,S+X2_M3_r1,chocolate_bomb,259,0.958019
FKIT,S+X2_M3_r1,chocolate_bomb,260,0.961035
FKIT,S+X2_M3_r1,chocolate_bomb,261,0.966169
FKIT,S+X2_M3_r1,chocolate_bomb,262,0.964990
FKIT,S+X2_M3_r1,chocolate_bomb,263,0.966649
FKIT,S+X2_M3_r1,chocolate_bomb,264,0.964472
FKIT,S+X2_M3_r1,chocolate_bomb,265,0.961722
FKIT,S+X2_M3_r1,chocolate_bomb,266,0.960739
FKIT,S+X2_M3_r1,chocolate_bomb,267,0.961076
FKIT,S+X2_M3_r1,chocolate_bomb,268,0.959261
FKIT,S+X2_M3_r1,chocolate_bomb,269,0.956593
FKIT,S+X2_M3_r1,chocolate_bomb,270,0.959770
FKIT,S+X2_M3_r1,chocolate_bomb,271,0.957284
FKIT,S+X2_M3_r1,chocolate_bomb,272,0.960603
FKIT,S+X2_M3_r1,chocolate_bomb,273,0.953366
FKIT,S+X2_M3_r1,chocolate_bomb,274,0.958234
FKIT,S+X2_M3_r1,chocolate_bomb,275,0.957744
FKIT,S+X2_M3_r1,chocolate_bomb,276,0.961211
FKIT,S+X2_M3_r1,chocolate_bomb,277,0.960362
FKIT,S+X2_M3_r1,chocolate_bomb,278,0.958170
FKIT,S+X2_M3_r1,chocolate_bomb,279,0.959414
FKIT,S+X2_M3_r1,chocolate_bomb,280,0.958869
FKIT,S+X2_M3_r1,chocolate_bomb,281,0.962847
FKIT,S+X2_M3_r1,chocolate_bomb,282,0.964198
FKIT,S+X2_M3_r1,chocolate_bomb,283,0.965054
FKIT,S+X2_M3_r1,chocolate_bomb,284,0.963868
FKIT,S+X2_M3_r1,chocolate_bomb,285,0.965213
FKIT,S+X2_M3_r1,chocolate_bomb,286,0.964748
FKIT,S+X2_M3_r1,chocolate_bomb,287,0.963552
FKIT,S+X2_M3_r1,chocolate_bomb,288,0.962482
FKIT,S+X2_M3_r1,chocolate_bomb,289,0.960474
FKIT,S+X2_M3_r1,chocolate_bomb,290,0.957754
FKIT,S+X2_M3_r1,chocolate_bomb,291,0.958170
FKIT,S+X2_M3_r1,chocolate_bomb,292,0.960824
FKIT,S+X2_M3_r1,chocolate_bomb,293,0.957906
FKIT,S+X2_M3_r1,chocolate_bomb,294,0.957210
FKIT,S+X2_M3_r1,chocolate_bomb,295,0.957090
FKIT,S+X2_M3_r1,chocolate_bomb,296,0.959077
FKIT,S+X2_M3_r1,chocolate_bomb,297,0.956815
FKIT,S+X2_M3_r1,chocolate_bomb,298,0.959709
FKIT,S+X2_M3_r1,chocolate_bomb,299,0.960906
FKIT,S+X2_M3_r1,chocolate_bomb,300,0.961517
FKIT,S+X2_M3_r1,chocolate_bomb,301,0.966242
FKIT,S+X2_M3_r1,chocolate_bomb,302,0.963781
FKIT,S+X2_M3_r1,chocolate_bomb,303,0.964276
FKIT,S+X2_M3_r1,chocolate_bomb,304,0.964533
FKIT,S+X2_M3_r1,chocolate_bomb,305,0.964066
FKIT,S+X2_M3_r1,chocolate_bomb,306,0.965698
FKIT,S+X2_M3_r1,chocolate_bomb,307,0.956165
FKIT,S+X2_M3_r1,chocolate_bomb,308,0.960369
FKIT,S+X2_M3_r1,chocolate_bomb,309,0.960754
FKIT,S+X2_M3_r1,chocolate_bomb,310,0.963752
FKIT,S+X2_M3_r1,chocolate_bomb,311,0.962050
FKIT,S+X2_M3_r1,chocolate_bomb,312,0.964104
FKIT,S+X2_M3_r1,chocolate_bomb,313,0.956355
FKIT,S+X2_M3_r1,chocolate_bomb,314,0.962009
FKIT,S+X2_M3_r1,chocolate_bomb,315,0.956914
FKIT,S+X2_M3_r1,chocolate_bomb,316,0.961853
FKIT,S+X2_M3_r1,chocolate_bomb,317,0.964555
FKIT,S+X2_M3_r1,chocolate_bomb,318,0.960262
FKIT,S+X2_M3_r1,chocolate_bomb,319,0.958093
FKIT,S+X2_M3_r1,chocolate_bomb,320,0.957355
FKIT,S+X2_M3_r1,chocolate_bomb,321,0.961516
FKIT,S+X2_M3_r1,chocolate_bomb,322,0.964897
FKIT,S+X2_M3_r1,chocolate_bomb,323,0.963595
FKIT,S+X2_M3_r1,chocolate_bomb,324,0.965933
FKIT,S+X2_M3_r1,chocolate_bomb,325,0.963641
FKIT,S+X2_M3_r1,chocolate_bomb,326,0.963208
FKIT,S+X2_M3_r1,chocolate_bomb,327,0.963099
FKIT,S+X2_M3_r1,chocolate_bomb,328,0.961047
FKIT,S+X2_M3_r1,chocolate_bomb,329,0.962662
FKIT,S+X2_M3_r1,chocolate_bomb,330,0.964205
FKIT,S+X2_M3_r1,chocolate_bomb,331,0.965027
FKIT,S+X2_M3_r1,chocolate_bomb,332,0.965429
FKIT,S+X2_M3_r1,chocolate_bomb,333,0.958612
FKIT,S+X2_M3_r1,chocolate_bomb,334,0.960706
FKIT,S+X2_M3_r1,chocolate_bomb,335,0.962111
FKIT,S+X2_M3_r1,chocolate_bomb,336,0.958753
FKIT,S+X2_M3_r1,chocolate_bomb,337,0.958066
FKIT,S+X2_M3_r1,chocolate_bomb,338,0.962052
FKIT,S+X2_M3_r1,chocolate_bomb,339,0.959700
FKIT,S+X2_M3_r1,chocolate_bomb,340,0.957590
FKIT,S+X2_M3_r1,chocolate_bomb,341,0.956478
FKIT,S+X2_M3_r1,chocolate_bomb,342,0.958113
FKIT,S+X2_M3_r1,chocolate_bomb,343,0.956591
FKIT,S+X2_M3_r1,chocolate_bomb,344,0.961641
FKIT,S+X2_M3_r1,chocolate_bomb,345,0.961586
FKIT,S+X2_M3_r1,chocolate_bomb,346,0.960129
FKIT,S+X2_M3_r1,chocolate_bomb,347,0.960850
FKIT,S+X2_M3_r1,chocolate_bomb,348,0.961894
FKIT,S+X2_M3_r1,chocolate_bomb,349,0.960111
FKIT,S+X2_M3_r1,chocolate_bomb,350,0.956213
FKIT,S+X2_M3_r1,chocolate_bomb,351,0.962071
FKIT,S+X2_M3_r1,chocolate_bomb,352,0.958233
FKIT,S+X2_M3_r1,chocolate_bomb,353,0.958119
FKIT,S+X2_M3_r1,chocolate_bomb,354,0.962835
FKIT,S+X2_M3_r1,chocolate_bomb,355,0.962084
FKIT,S+X2_M3_r1,chocolate_bomb,356,0.962758
FKIT,S+X2_M3_r1,chocolate_bomb,357,0.964033
FKIT,S+X2_M3_r1,chocolate_bomb,358,0.962706
FKIT,S+X2_M3_r1,chocolate_bomb,359,0.962693
FKIT,S+X2_M3_r1,chocolate_bomb,360,0.963513
FKIT,S+X2_M3_r1,chocolate_bomb,361,0.962300
FKIT,S+X2_M3_r1,chocolate_bomb,362,0.965248
FKIT,S+X2_M3_r1,chocolate_bomb,363,0.963937
FKIT,S+X2_M3_r1,chocolate_bomb,364,0.962048
FKIT,S+X2_M3_r1,chocolate_bomb,365,0.960340
FKIT,S+X2_M3_r1,chocolate_bomb,366,0.961309
FKIT,S+X2_M3_r1,chocolate_bomb,367,0.958743
FKIT,S+X2_M3_r1,chocolate_bomb,368,0.963868
FKIT,S+X2_M3_r1,chocolate_bomb,369,0.960757
FKIT,S+X2_M3_r1,chocolate_bomb,370,0.958493
FKIT,S+X2_M3_r1,chocolate_bomb,371,0.960591
FKIT,S+X2_M3_r1,chocolate_bomb,372,0.963410
FKIT,S+X2_M3_r1,chocolate_bomb,373,0.961644
FKIT,S+X2_M3_r1,chocolate_bomb,374,0.965372
FKIT,S+X2_M3_r1,chocolate_bomb,375,0.966286
FKIT,S+X2_M3_r1,chocolate_bomb,376,0.963489
FKIT,S+X2_M3_r1,chocolate_bomb,377,0.962772
FKIT,S+X2_M3_r1,chocolate_bomb,378,0.964621
FKIT,S+X2_M3_r1,chocolate_bomb,379,0.965426
FKIT,S+X2_M3_r1,chocolate_bomb,380,0.965039
FKIT,S+X2_M3_r1,chocolate_bomb,381,0.963678
FKIT,S+X2_M3_r1,chocolate_bomb,382,0.967109
FKIT,S+X2_M3_r1,chocolate_bomb,383,0.966448
FKIT,S+X2_M3_r1,chocolate_bomb,384,0.962662
FKIT,S+X2_M3_r1,chocolate_bomb,385,0.967755
FKIT,S+X2_M3_r1,chocolate_bomb,386,0.968014
FKIT,S+X2_M3_r1,chocolate_bomb,387,0.968823
FKIT,S+X2_M3_r1,chocolate_bomb,388,0.968612
FKIT,S+X2_M3_r1,chocolate_bomb,389,0.967634
FKIT,S+X2_M3_r1,chocolate_bomb,390,0.969436
FKIT,S+X2_M3_r1,chocolate_bomb,391,0.967707
FKIT,S+X2_M3_r1,chocolate_bomb,392,0.967176
FKIT,S+X2_M3_r1,chocolate_bomb,393,0.966934
FKIT,S+X2_M3_r1,chocolate_bomb,394,0.965892
FKIT,S+X2_M3_r1,chocolate_bomb,395,0.967900
FKIT,S+X2_M3_r1,chocolate_bomb,396,0.970153
FKIT,S+X2_M3_r1,chocolate_bomb,397,0.968086
FKIT,S+X2_M3_r1,chocolate_bomb,398,0.969967
FKIT,S+X2_M3_r1,chocolate_bomb,399,0.970313
FKIT,S+X2_M3_r1,chocolate_bomb,400,0.970212
FKIT,S+X2_M3_r1,chocolate_bomb,401,0.968203
FKIT,S+X2_M3_r1,chocolate_bomb,402,0.969256
FKIT,S+X2_M3_r1,chocolate_bomb,403,0.968633
FKIT,S+X2_M3_r1,chocolate_bomb,404,0.970885
FKIT,S+X2_M3_r1,chocolate_bomb,405,0.971613
FKIT,S+X2_M3_r1,chocolate_bomb,406,0.972095
FKIT,S+X2_M3_r1,chocolate_bomb,407,0.973530
FKIT,S+X2_M3_r1,chocolate_bomb,408,0.969930
FKIT,S+X2_M3_r1,chocolate_bomb,409,0.968880
FKIT,S+X2_M3_r1,chocolate_bomb,410,0.971007
FKIT,S+X2_M3_r1,chocolate_bomb,411,0.967320
FKIT,S+X2_M3_r1,chocolate_bomb,412,0.968481
FKIT,S+X2_M3_r1,chocolate_bomb,413,0.969306
FKIT,S+X2_M3_r1,chocolate_bomb,414,0.968285
FKIT,S+X2_M3_r1,chocolate_bomb,415,0.971622
FKIT,S+X2_M3_r1,chocolate_bomb,416,0.968224
FKIT,S+X2_M3_r1,chocolate_bomb,417,0.971653
FKIT,S+X2_M3_r1,chocolate_bomb,418,0.972882
FKIT,S+X2_M3_r1,chocolate_bomb,419,0.965219
FKIT,S+X2_M3_r1,chocolate_bomb,420,0.964658
FKIT,S+X2_M3_r1,chocolate_bomb,421,0.968987
FKIT,S+X2_M3_r1,chocolate_bomb,422,0.965862
FKIT,S+X2_M3_r1,chocolate_bomb,423,0.972391
FKIT,S+X2_M3_r1,chocolate_bomb,424,0.971968
FKIT,S+X2_M3_r1,chocolate_bomb,425,0.971607
FKIT,S+X2_M3_r1,chocolate_bomb,426,0.972167
FKIT,S+X2_M3_r1,chocolate_bomb,427,0.973266
FKIT,S+X2_M3_r1,chocolate_bomb,428,0.971046
FKIT,S+X2_M3_r1,chocolate_bomb,429,0.965920
FKIT,S+X2_M3_r1,chocolate_bomb,430,0.970595
FKIT,S+X2_M3_r1,chocolate_bomb,431,0.970218
FKIT,S+X2_M3_r1,chocolate_bomb,432,0.966137
FKIT,S+X2_M3_r1,chocolate_bomb,433,0.969444
FKIT,S+X2_M3_r1,chocolate_bomb,434,0.973504
FKIT,S+X2_M3_r1,chocolate_bomb,435,0.969830
FKIT,S+X2_M3_r1,chocolate_bomb,436,0.970973
FKIT,S+X2_M3_r1,chocolate_bomb,437,0.967794
FKIT,S+X2_M3_r1,chocolate_bomb,438,0.970390
FKIT,S+X2_M3_r1,chocolate_bomb,439,0.967559
FKIT,S+X2_M3_r1,chocolate_bomb,440,0.972152
FKIT,S+X2_M3_r1,chocolate_bomb,441,0.972300
FKIT,S+X2_M3_r1,chocolate_bomb,442,0.967241
FKIT,S+X2_M3_r1,chocolate_bomb,443,0.971351
FKIT,S+X2_M3_r1,chocolate_bomb,444,0.968452
FKIT,S+X2_M3_r1,chocolate_bomb,445,0.972912
FKIT,S+X2_M3_r1,chocolate_bomb,446,0.971648
FKIT,S+X2_M3_r1,chocolate_bomb,447,0.976537
FKIT,S+X2_M3_r1,chocolate_bomb,448,0.968511
FKIT,S+X2_M3_r1,chocolate_bomb,449,0.974985
FKIT,S+X2_M3_r1,chocolate_bomb,450,0.973726
FKIT,S+X2_M3_r1,chocolate_bomb,451,0.974146
FKIT,S+X2_M3_r1,chocolate_bomb,452,0.976865
FKIT,S+X2_M3_r1,chocolate_bomb,453,0.979668
FKIT,S+X2_M3_r1,chocolate_bomb,454,0.984709
FKIT,S+X2_M3_r1,chocolate_bomb,455,0.984844
FKIT,S+X2_M3_r1,chocolate_bomb,456,0.983107
FKIT,S+X2_M3_r1,chocolate_bomb,457,0.983172
FKIT,S+X2_M3_r1,chocolate_bomb,458,0.980674
FKIT,S+X2_M3_r1,chocolate_bomb,459,0.974826
FKIT,S+X2_M3_r1,chocolate_bomb,460,0.975560
FKIT,S+X2_M3_r1,chocolate_bomb,461,0.970207
FKIT,S+X2_M3_r1,chocolate_bomb,462,0.968313
FKIT,S+X2_M3_r1,chocolate_bomb,463,0.968251
FKIT,S+X2_M3_r1,chocolate_bomb,464,0.970696
FKIT,S+X2_M3_r1,chocolate_bomb,465,0.973243
FKIT,S+X2_M3_r1,chocolate_bomb,466,0.972411
FKIT,S+X2_M3_r1,chocolate_bomb,467,0.969684
FKIT,S+X2_M3_r1,chocolate_bomb,468,0.968876
FKIT,S+X2_M3_r1,chocolate_bomb,469,0.970309
FKIT,S+X2_M3_r1,chocolate_bomb,470,0.977544
FKIT,S+X2_M3_r1,chocolate_bomb,471,0.977117
FKIT,S+X2_M3_r1,chocolate_bomb,472,0.979370
FKIT,S+X2_M3_r1,chocolate_bomb,473,0.975302
FKIT,S+X2_M3_r1,chocolate_bomb,474,0.976773
FKIT,S+X2_M3_r1,chocolate_bomb,475,0.975498
FKIT,S+X2_M3_r1,chocolate_bomb,476,0.981882
FKIT,S+X2_M3_r1,chocolate_bomb,477,0.980372
FKIT,S+X2_M3_r1,chocolate_bomb,478,0.980046
FKIT,S+X2_M3_r1,chocolate_bomb,479,0.977202
FKIT,S+X2_M3_r1,chocolate_bomb,480,0.979502
FKIT,S+X2_M3_r1,chocolate_bomb,481,0.981099
FKIT,S+X2_M3_r1,chocolate_bomb,482,0.981859
FKIT,S+X2_M3_r1,chocolate_bomb,483,0.978131
FKIT,S+X2_M3_r1,chocolate_bomb,484,0.979309
FKIT,S+X2_M3_r1,chocolate_bomb,485,0.981315
FKIT,S+X2_M3_r1,chocolate_bomb,486,0.979232
FKIT,S+X2_M3_r1,chocolate_bomb,487,0.981124
FKIT,S+X2_M3_r1,chocolate_bomb,488,0.978868
FKIT,S+X2_M3_r1,chocolate_bomb,489,0.982261
FKIT,S+X2_M3_r1,chocolate_bomb,490,0.980420
FKIT,S+X2_M3_r1,chocolate_bomb,491,0.982003
FKIT,S+X2_M3_r1,chocolate_bomb,492,0.982233
FKIT,S+X2_M3_r1,chocolate_bomb,493,0.978919
FKIT,S+X2_M3_r1,chocolate_bomb,494,0.982660
FKIT,S+X2_M3_r1,chocolate_bomb,495,0.981765
FKIT,S+X2_M3_r1,chocolate_bomb,496,0.982482
FKIT,S+X2_M3_r1,chocolate_bomb,497,0.983298
FKIT,S+X2_M3_r1,chocolate_bomb,498,0.983494
FKIT,S+X2_M3_r1,chocolate_bomb,499,0.978546
FKIT,S+X2_M3_r1,chocolate_bomb,500,0.982431
FKIT,S+X2_M3_r1,chocolate_bomb,501,0.986926
FKIT,S+X2_M3_r1,chocolate_bomb,502,0.986861
FKIT,S+X2_M3_r1,chocolate_bomb,503,0.980175
FKIT,S+X2_M3_r1,chocolate_bomb,504,0.982013
FKIT,S+X2_M3_r1,chocolate_bomb,505,0.982713
FKIT,S+X2_M3_r1,chocolate_bomb,506,0.982465
FKIT,S+X2_M3_r1,chocolate_bomb,507,0.986513
FKIT,S+X2_M3_r1,chocolate_bomb,508,0.980426
FKIT,S+X2_M3_r1,chocolate_bomb,509,0.987074
FKIT,S+X2_M3_r1,chocolate_bomb,510,0.982543
FKIT,S+X2_M3_r1,chocolate_bomb,511,0.982858
FKIT,S+X2_M3_r1,chocolate_bomb,512,0.983546
FKIT,S+X2_M3_r1,chocolate_bomb,513,0.982071
FKIT,S+X2_M3_r1,chocolate_bomb,514,0.984053
FKIT,S+X2_M3_r1,chocolate_bomb,515,0.983374
FKIT,S+X2_M3_r1,chocolate_bomb,516,0.983470
FKIT,S+X2_M3_r1,chocolate_bomb,517,0.985904
FKIT,S+X2_M3_r1,chocolate_bomb,518,0.985889
FKIT,S+X2_M3_r1,chocolate_bomb,519,0.984168
FKIT,S+X2_M3_r1,chocolate_bomb,520,0.986242
FKIT,S+X2_M3_r1,chocolate_bomb,521,0.984106
FKIT,S+X2_M3_r1,chocolate_bomb,522,0.984642
FKIT,S+X2_M3_r1,chocolate_bomb,523,0.989474
FKIT,S+X2_M3_r1,chocolate_bomb,524,0.984541
FKIT,S+X2_M3_r1,chocolate_bomb,525,0.986791
FKIT,S+X2_M3_r1,chocolate_bomb,526,0.986556
FKIT,S+X2_M3_r1,chocolate_bomb,527,0.988110
FKIT,S+X2_M3_r1,chocolate_bomb,528,0.987788
FKIT,S+X2_M3_r1,chocolate_bomb,529,0.985750
FKIT,S+X2_M3_r1,chocolate_bomb,530,0.990496
FKIT,S+X2_M3_r1,chocolate_bomb,531,0.988126
FKIT,S+X2_M3_r1,chocolate_bomb,532,0.987518
FKIT,S+X2_M3_r1,chocolate_bomb,533,0.988691
FKIT,S+X2_M3_r1,chocolate_bomb,534,0.990491
FKIT,S+X2_M3_r1,chocolate_bomb,535,0.990160
FKIT,S+X2_M3_r1,chocolate_bomb,536,0.991505
FKIT,S+X2_M3_r1,chocolate_bomb,537,0.987821
FKIT,S+X2_M3_r1,chocolate_bomb,538,0.988498
FKIT,S+X2_M3_r1,chocolate_bomb,539,0.989843
FKIT,S+X2_M3_r1,chocolate_bomb,540,0.990684
FKIT,S+X2_M3_r1,chocolate_bomb,541,0.989620
FKIT,S+X2_M3_r1,chocolate_bomb,542,0.989735
FKIT,S+X2_M3_r1,chocolate_bomb,543,0.990239
FKIT,S+X2_M3_r1,chocolate_bomb,544,0.990324
FKIT,S+X2_M3_r1,chocolate_bomb,545,0.989592
FKIT,S+X2_M3_r1,chocolate_bomb,546,0.988746
FKIT,S+X2_M3_r1,chocolate_bomb,547,0.986221
FKIT,S+X2_M3_r1,chocolate_bomb,548,0.986550
FKIT,S+X2_M3_r1,chocolate_bomb,549,0.982578
FKIT,S+X2_M3_r1,chocolate_bomb,550,0.983600
FKIT,S+X2_M3_r1,chocolate_bomb,551,0.986043
FKIT,S+X2_M3_r1,chocolate_bomb,552,0.985357
FKIT,S+X2_M3_r1,chocolate_bomb,553,0.986096
FKIT,S+X2_M3_r1,chocolate_bomb,554,0.986017
FKIT,S+X2_M3_r1,chocolate_bomb,555,0.986796
FKIT,S+X2_M3_r1,chocolate_bomb,556,0.987885
FKIT,S+X2_M3_r1,chocolate_bomb,557,0.988363
FKIT,S+X2_M3_r1,chocolate_bomb,558,0.986708
FKIT,S+X2_M3_r1,chocolate_bomb,559,0.986146
FKIT,S+X2_M3_r1,chocolate_bomb,560,0.986774
FKIT,S+X2_M3_r1,chocolate_bomb,561,0.988279
FKIT,S+X2_M3_r1,chocolate_bomb,562,0.987887
FKIT,S+X2_M3_r1,chocolate_bomb,563,0.990639
FKIT,S+X2_M3_r1,chocolate_bomb,564,0.986488
FKIT,S+X2_M3_r1,chocolate_bomb,565,0.986371
FKIT,S+X2_M3_r1,chocolate_bomb,566,0.985771
FKIT,S+X2_M3_r1,chocolate_bomb,567,0.987639
FKIT,S+X2_M3_r1,chocolate_bomb,568,0.985784
FKIT,S+X2_M3_r1,chocolate_bomb,569,0.982325
FKIT,S+X2_M3_r1,chocolate_bomb,570,0.985550
FKIT,S+X2_M3_r1,chocolate_bomb,571,0.985660
FKIT,S+X2_M3_r1,chocolate_bomb,572,0.987687
FKIT,S+X2_M3_r1,chocolate_bomb,573,0.987809
FKIT,S+X2_M3_r1,chocolate_bomb,574,0.985868
FKIT,S+X2_M3_r1,chocolate_bomb,575,0.987602
FKIT,S+X2_M3_r1,chocolate_bomb,576,0.989898
FKIT,S+X2_M3_r1,chocolate_bomb,577,0.986559
FKIT,S+X2_M3_r1,chocolate_bomb,578,0.989512
FKIT,S+X2_M3_r1,chocolate_bomb,579,0.987587
FKIT,S+X2_M3_r1,chocolate_bomb,580,0.986368
FKIT,S+X2_M3_r1,chocolate_bomb,581,0.987944
FKIT,S+X2_M3_r1,chocolate_bomb,582,0.985227
FKIT,S+X2_M3_r1,chocolate_bomb,583,0.985925
FKIT,S+X2_M3_r1,chocolate_bomb,584,0.986670
FKIT,S+X2_M3_r1,chocolate_bomb,585,0.986414
FKIT,S+X2_M3_r1,chocolate_bomb,586,0.985651
FKIT,S+X2_M3_r1,chocolate_bomb,587,0.985828
FKIT,S+X2_M3_r1,chocolate_bomb,588,0.987317
FKIT,S+X2_M3_r1,chocolate_bomb,589,0.984635
FKIT,S+X2_M3_r1,chocolate_bomb,590,0.985807
FKIT,S+X2_M3_r1,chocolate_bomb,591,0.989715
FKIT,S+X2_M3_r1,chocolate_bomb,592,0.988129
FKIT,S+X2_M3_r1,chocolate_bomb,593,0.988623
FKIT,S+X2_M3_r1,chocolate_bomb,594,0.990977
FKIT,S+X2_M3_r1,chocolate_bomb,595,0.987387
FKIT,S+X2_M3_r1,chocolate_bomb,596,0.987758
FKIT,S+X2_M3_r1,chocolate_bomb,597,0.987380
FKIT,S+X2_M3_r1,chocolate_bomb,598,0.985807
FKIT,S+X2_M3_r1,chocolate_bomb,599,0.988493
FKIT,S+X2_M3_r1,chocolate_bomb,600,0.987856
FKIT,S+X2_M3_r1,chocolate_bomb,601,0.988272
FKIT,S+X2_M3_r1,chocolate_bomb,602,0.988589
FKIT,S+X2_M3_r1,chocolate_bomb,603,0.989695
FKIT,S+X2_M3_r1,chocolate_bomb,604,0.988859
FKIT,S+X2_M3_r1,chocolate_bomb,605,0.988957
FKIT,S+X2_M3_r1,chocolate_bomb,606,0.989533
FKIT,S+X2_M3_r1,chocolate_bomb,607,0.986967
FKIT,S+X2_M3_r1,chocolate_bomb,608,0.989417
FKIT,S+X2_M3_r1,chocolate_bomb,609,0.986693
FKIT,S+X2_M3_r1,chocolate_bomb,610,0.988586
FKIT,S+X2_M3_r1,chocolate_bomb,611,0.989068
FKIT,S+X2_M3_r1,chocolate_bomb,612,0.987409
FKIT,S+X2_M3_r1,chocolate_bomb,613,0.990399
FKIT,S+X2_M3_r1,chocolate_bomb,614,0.986182
FKIT,S+X2_M3_r1,chocolate_bomb,615,0.988226
FKIT,S+X2_M3_r1,chocolate_bomb,616,0.986228
FKIT,S+X2_M3_r1,chocolate_bomb,617,0.986833
FKIT,S+X2_M3_r1,chocolate_bomb,618,0.987466
FKIT,S+X2_M3_r1,chocolate_bomb,619,0.987762
FKIT,S+X2_M3_r1,chocolate_bomb,620,0.988922
FKIT,S+X2_M3_r1,chocolate_bomb,621,0.989161
FKIT,S+X2_M3_r1,chocolate_bomb,622,0.988421
FKIT,S+X2_M3_r1,chocolate_bomb,623,0.989772
FKIT,S+X2_M3_r1,chocolate_bomb,624,0.989564
FKIT,S+X2_M3_r1,chocolate_bomb,625,0.988231
FKIT,S+X2_M3_r1,chocolate_bomb,626,0.988117
FKIT,S+X2_M3_r1,chocolate_bomb,627,0.989381
FKIT,S+X2_M3_r1,chocolate_bomb,628,0.988956
FKIT,S+X2_M3_r1,chocolate_bomb,629,0.991379
FKIT,S+X2_M3_r1,chocolate_bomb,630,0.989957
FKIT,S+X2_M3_r1,chocolate_bomb,631,0.986655
FKIT,S+X2_M3_r1,chocolate_bomb,632,0.985884
FKIT,S+X2_M3_r1,chocolate_bomb,633,0.989790
FKIT,S+X2_M3_r1,chocolate_bomb,634,0.990988
FKIT,S+X2_M3_r1,chocolate_bomb,635,0.989004
FKIT,S+X2_M3_r1,chocolate_bomb,636,0.987847
FKIT,S+X2_M3_r1,chocolate_bomb,637,0.986620
FKIT,S+X2_M3_r1,chocolate_bomb,638,0.988253
FKIT,S+X2_M3_r1,chocolate_bomb,639,0.988225
FKIT,S+X2_M3_r1,chocolate_bomb,640,0.987313
FKIT,S+X2_M3_r1,chocolate_bomb,641,0.990217
FKIT,S+X2_M3_r1,chocolate_bomb,642,0.985049
FKIT,S+X2_M3_r1,chocolate_bomb,643,0.985653
FKIT,S+X2_M3_r1,chocolate_bomb,644,0.986940
FKIT,S+X2_M3_r1,chocolate_bomb,645,0.986313
FKIT,S+X2_M3_r1,chocolate_bomb,646,0.986832
FKIT,S+X2_M3_r1,chocolate_bomb,647,0.987795
FKIT,S+X2_M3_r1,chocolate_bomb,648,0.988051
FKIT,S+X2_M3_r1,chocolate_bomb,649,0.987220
FKIT,S+X2_M3_r1,chocolate_bomb,650,0.989433
FKIT,S+X2_M3_r1,chocolate_bomb,651,0.984207
FKIT,S+X2_M3_r1,chocolate_bomb,652,0.988530
FKIT,S+X2_M3_r1,chocolate_bomb,653,0.985004
FKIT,S+X2_M3_r1,chocolate_bomb,654,0.986887
FKIT,S+X2_M3_r1,chocolate_bomb,655,0.986407
FKIT,S+X2_M3_r1,chocolate_bomb,656,0.988743
FKIT,S+X2_M3_r1,chocolate_bomb,657,0.989638
FKIT,S+X2_M3_r1,chocolate_bomb,658,0.987423
FKIT,S+X2_M3_r1,chocolate_bomb,659,0.987402
FKIT,S+X2_M3_r1,chocolate_bomb,660,0.988326
FKIT,S+X2_M3_r1,chocolate_bomb,661,0.989088
FKIT,S+X2_M3_r1,chocolate_bomb,662,0.990050
FKIT,S+X2_M3_r1,chocolate_bomb,663,0.989801
FKIT,S+X2_M3_r1,chocolate_bomb,664,0.989367
FKIT,S+X2_M3_r1,chocolate_bomb,665,0.988652
FKIT,S+X2_M3_r1,chocolate_bomb,666,0.989049
FKIT,S+X2_M3_r1,chocolate_bomb,667,0.989550
FKIT,S+X2_M3_r1,chocolate_bomb,668,0.986805
FKIT,S+X2_M3_r1,chocolate_bomb,669,0.991347
FKIT,S+X2_M3_r1,chocolate_bomb,670,0.987269
FKIT,S+X2_M3_r1,chocolate_bomb,671,0.989924
FKIT,S+X2_M3_r1,chocolate_bomb,672,0.990202
FKIT,S+X2_M3_r1,chocolate_bomb,673,0.990359
FKIT,S+X2_M3_r1,chocolate_bomb,674,0.990841
FKIT,S+X2_M3_r1,chocolate_bomb,675,0.989691
FKIT,S+X2_M3_r1,chocolate_bomb,676,0.992203
FKIT,S+X2_M3_r1,chocolate_bomb,677,0.989555
FKIT,S+X2_M3_r1,chocolate_bomb,678,0.991610
FKIT,S+X2_M3_r1,chocolate_bomb,679,0.992043
FKIT,S+X2_M3_r1,chocolate_bomb,680,0.991842
FKIT,S+X2_M3_r1,chocolate_bomb,681,0.989511
FKIT,S+X2_M3_r1,chocolate_bomb,682,0.990833
FKIT,S+X2_M3_r1,chocolate_bomb,683,0.980395
FKIT,S+X2_M3_r1,chocolate_bomb,684,0.985469
FKIT,S+X2_M3_r1,chocolate_bomb,685,0.981651
FKIT,S+X2_M3_r1,chocolate_bomb,686,0.978634
FKIT,S+X2_M3_r1,chocolate_bomb,687,0.981203
FKIT,S+X2_M3_r1,chocolate_bomb,688,0.976008
FKIT,S+X2_M3_r1,chocolate_bomb,689,0.973328
FKIT,S+X2_M3_r1,chocolate_bomb,690,0.974884
FKIT,S+X2_M3_r1,chocolate_bomb,691,0.980270
FKIT,S+X2_M3_r1,chocolate_bomb,692,0.981739
FKIT,S+X2_M3_r1,chocolate_bomb,693,0.983713
FKIT,S+X2_M3_r1,chocolate_bomb,694,0.977546
FKIT,S+X2_M3_r1,chocolate_bomb,695,0.979324
FKIT,S+X2_M3_r1,chocolate_bomb,696,0.977824
FKIT,S+X2_M3_r1,chocolate_bomb,697,0.980018
FKIT,S+X2_M3_r1,chocolate_bomb,698,0.975352
FKIT,S+X2_M3_r1,chocolate_bomb,699,0.977241
FKIT,S+X2_M3_r1,chocolate_bomb,700,0.974088
FKIT,S+X2_M3_r1,chocolate_bomb,701,0.977210
FKIT,S+X2_M3_r1,chocolate_bomb,702,0.974950
FKIT,S+X2_M3_r1,chocolate_bomb,703,0.977800
FKIT,S+X2_M3_r1,chocolate_bomb,704,0.977668
FKIT,S+X2_M3_r1,chocolate_bomb,705,0.983215
FKIT,S+X2_M3_r1,chocolate_bomb,706,0.977047
FKIT,S+X2_M3_r1,chocolate_bomb,707,0.982964
FKIT,S+X2_M3_r1,chocolate_bomb,708,0.987465
FKIT,S+X2_M3_r1,chocolate_bomb,709,0.985655
FKIT,S+X2_M3_r1,chocolate_bomb,710,0.980366
FKIT,S+X2_M3_r1,chocolate_bomb,711,0.982897
FKIT,S+X2_M3_r1,chocolate_bomb,712,0.981826
FKIT,S+X2_M3_r1,chocolate_bomb,713,0.979158
FKIT,S+X2_M3_r1,chocolate_bomb,714,0.978860
FKIT,S+X2_M3_r1,chocolate_bomb,715,0.981789
FKIT,S+X2_M3_r1,chocolate_bomb,716,0.978814
FKIT,S+X2_M3_r1,chocolate_bomb,717,0.979027
FKIT,S+X2_M3_r1,chocolate_bomb,718,0.978210
FKIT,S+X2_M3_r1,chocolate_bomb,719,0.975989
FKIT,S+X2_M3_r1,chocolate_bomb,720,0.970216
FKIT,S+X2_M3_r1,chocolate_bomb,721,0.975140
FKIT,S+X2_M3_r1,chocolate_bomb,722,0.975019
FKIT,S+X2_M3_r1,chocolate_bomb,723,0.969768
FKIT,S+X2_M3_r1,chocolate_bomb,724,0.974773
FKIT,S+X2_M3_r1,chocolate_bomb,725,0.974324
FKIT,S+X2_M3_r1,chocolate_bomb,726,0.973256
FKIT,S+X2_M3_r1,chocolate_bomb,727,0.975816
FKIT,S+X2_M3_r1,chocolate_bomb,728,0.973211
FKIT,S+X2_M3_r1,chocolate_bomb,729,0.978303
FKIT,S+X2_M3_r1,chocolate_bomb,730,0.978599
FKIT,S+X2_M3_r1,chocolate_bomb,731,0.973619
FKIT,S+X2_M3_r1,chocolate_bomb,732,0.976970
FKIT,S+X2_M3_r1,chocolate_bomb,733,0.978515
FKIT,S+X2_M3_r1,chocolate_bomb,734,0.980650
FKIT,S+X2_M3_r1,chocolate_bomb,735,0.978814
FKIT,S+X2_M3_r1,chocolate_bomb,736,0.981477
FKIT,S+X2_M3_r1,chocolate_bomb,737,0.981080
FKIT,S+X2_M3_r1,chocolate_bomb,738,0.981432
FKIT,S+X2_M3_r1,chocolate_bomb,739,0.985159
FKIT,S+X2_M3_r1,chocolate_bomb,740,0.978578
FKIT,S+X2_M3_r1,chocolate_bomb,741,0.982797
FKIT,S+X2_M3_r1,chocolate_bomb,742,0.980611
FKIT,S+X2_M3_r1,chocolate_bomb,743,0.979528
FKIT,S+X2_M3_r1,chocolate_bomb,744,0.980471
FKIT,S+X2_M3_r1,chocolate_bomb,745,0.978246
FKIT,S+X2_M3_r1,chocolate_bomb,746,0.982948
FKIT,S+X2_M3_r1,chocolate_bomb,747,0.980290
FKIT,S+X2_M3_r1,chocolate_bomb,748,0.981386
FKIT,S+X2_M3_r1,chocolate_bomb,749,0.982779
FKIT,S+X2_M3_r1,chocolate_bomb,750,0.980816
FKIT,S+X2_M3_r1,chocolate_bomb,751,0.978763
FKIT,S+X2_M3_r1,chocolate_bomb,752,0.982909
FKIT,S+X2_M3_r1,chocolate_bomb,753,0.978217
FKIT,S+X2_M3_r1,chocolate_bomb,754,0.979964
FKIT,S+X2_M3_r1,chocolate_bomb,755,0.983842
FKIT,S+X2_M3_r1,chocolate_bomb,756,0.982866
FKIT,S+X2_M3_r1,chocolate_bomb,757,0.978021
FKIT,S+X2_M3_r1,chocolate_bomb,758,0.978327
FKIT,S+X2_M3_r1,chocolate_bomb,759,0.979816
FKIT,S+X2_M3_r1,chocolate_bomb,760,0.975038
FKIT,S+X2_M3_r1,chocolate_bomb,761,0.972947
FKIT,S+X2_M3_r1,chocolate_bomb,762,0.974721
FKIT,S+X2_M3_r1,chocolate_bomb,763,0.978624
FKIT,S+X2_M3_r1,chocolate_bomb,764,0.971036
FKIT,S+X2_M3_r1,chocolate_bomb,765,0.969040
FKIT,S+X2_M3_r1,chocolate_bomb,766,0.965366
FKIT,S+X2_M3_r1,chocolate_bomb,767,0.976682
FKIT,S+X2_M3_r1,chocolate_bomb,768,0.967972
FKIT,S+X2_M3_r1,chocolate_bomb,769,0.972147
FKIT,S+X2_M3_r1,chocolate_bomb,770,0.974749
FKIT,S+X2_M3_r1,chocolate_bomb,771,0.976953
FKIT,S+X2_M3_r1,chocolate_bomb,772,0.976398
FKIT,S+X2_M3_r1,chocolate_bomb,773,0.972127
FKIT,S+X2_M3_r1,chocolate_bomb,774,0.976696
FKIT,S+X2_M3_r1,chocolate_bomb,775,0.973349
FKIT,S+X2_M3_r1,chocolate_bomb,776,0.974295
FKIT,S+X2_M3_r1,chocolate_bomb,777,0.974734
FKIT,S+X2_M3_r1,chocolate_bomb,778,0.969023
FKIT,S+X2_M3_r1,chocolate_bomb,779,0.976353
FKIT,S+X2_M3_r1,chocolate_bomb,780,0.978551
FKIT,S+X2_M3_r1,chocolate_bomb,781,0.978151
FKIT,S+X2_M3_r1,chocolate_bomb,782,0.979864
FKIT,S+X2_M3_r1,chocolate_bomb,783,0.979516
FKIT,S+X2_M3_r1,chocolate_bomb,784,0.973704
FKIT,S+X2_M3_r1,chocolate_bomb,785,0.973992
FKIT,S+X2_M3_r1,chocolate_bomb,786,0.973319
FKIT,S+X2_M3_r1,chocolate_bomb,787,0.976781
FKIT,S+X2_M3_r1,chocolate_bomb,788,0.975410
FKIT,S+X2_M3_r1,chocolate_bomb,789,0.971052
FKIT,S+X2_M3_r1,chocolate_bomb,790,0.972898
FKIT,S+X2_M3_r1,chocolate_bomb,791,0.971901
FKIT,S+X2_M3_r1,chocolate_bomb,792,0.978845
FKIT,S+X2_M3_r1,chocolate_bomb,793,0.976272
FKIT,S+X2_M3_r1,chocolate_bomb,794,0.981511
FKIT,S+X2_M3_r1,chocolate_bomb,795,0.978174
FKIT,S+X2_M3_r1,chocolate_bomb,796,0.979637
FKIT,S+X2_M3_r1,chocolate_bomb,797,0.979563
FKIT,S+X2_M3_r1,chocolate_bomb,798,0.981260
FKIT,S+X2_M3_r1,chocolate_bomb,799,0.983400
FKIT,S+X2_M3_r1,chocolate_bomb,800,0.980713
FKIT,S+X2_M3_r1,chocolate_bomb,801,0.984192
FKIT,S+X2_M3_r1,chocolate_bomb,802,0.982119
FKIT,S+X2_M3_r1,chocolate_bomb,803,0.982588
FKIT,S+X2_M3_r1,chocolate_bomb,804,0.984579
FKIT,S+X2_M3_r1,chocolate_bomb,805,0.985420
FKIT,S+X2_M3_r1,chocolate_bomb,806,0.984602
FKIT,S+X2_M3_r1,chocolate_bomb,807,0.985632
FKIT,S+X2_M3_r1,chocolate_bomb,808,0.984512
FKIT,S+X2_M3_r1,chocolate_bomb,809,0.985164
FKIT,S+X2_M3_r1,chocolate_bomb,810,0.985632
FKIT,S+X2_M3_r1,chocolate_bomb,811,0.984433
FKIT,S+X2_M3_r1,chocolate_bomb,812,0.983345
FKIT,S+X2_M3_r1,chocolate_bomb,813,0.983159
FKIT,S+X2_M3_r1,chocolate_bomb,814,0.984950
FKIT,S+X2_M3_r1,chocolate_bomb,815,0.985673
FKIT,S+X2_M3_r1,chocolate_bomb,816,0.985563
FKIT,S+X2_M3_r1,chocolate_bomb,817,0.985024
FKIT,S+X2_M3_r1,chocolate_bomb,818,0.984960
FKIT,S+X2_M3_r1,chocolate_bomb,819,0.983114
FKIT,S+X2_M3_r1,chocolate_bomb,820,0.982944
FKIT,S+X2_M3_r1,chocolate_bomb,821,0.983289
FKIT,S+X2_M3_r1,chocolate_bomb,822,0.982030
FKIT,S+X2_M3_r1,chocolate_bomb,823,0.984794
FKIT,S+X2_M3_r1,chocolate_bomb,824,0.984370
FKIT,S+X2_M3_r1,chocolate_bomb,825,0.981341
FKIT,S+X2_M3_r1,chocolate_bomb,826,0.983814
FKIT,S+X2_M3_r1,chocolate_bomb,827,0.984467
FKIT,S+X2_M3_r1,chocolate_bomb,828,0.984901
FKIT,S+X2_M3_r1,chocolate_bomb,829,0.983693
FKIT,S+X2_M3_r1,chocolate_bomb,830,0.980303
FKIT,S+X2_M3_r1,chocolate_bomb,831,0.983461
FKIT,S+X2_M3_r1,chocolate_bomb,832,0.985085
FKIT,S+X2_M3_r1,chocolate_bomb,833,0.980077
FKIT,S+X2_M3_r1,chocolate_bomb,834,0.977132
FKIT,S+X2_M3_r1,chocolate_bomb,835,0.981357
FKIT,S+X2_M3_r1,chocolate_bomb,836,0.980248
FKIT,S+X2_M3_r1,chocolate_bomb,837,0.979367
FKIT,S+X2_M3_r1,chocolate_bomb,838,0.981107
FKIT,S+X2_M3_r1,chocolate_bomb,839,0.983535
FKIT,S+X2_M3_r1,chocolate_bomb,840,0.980788
FKIT,S+X2_M3_r1,chocolate_bomb,841,0.982385
FKIT,S+X2_M3_r1,chocolate_bomb,842,0.980046
FKIT,S+X2_M3_r1,chocolate_bomb,843,0.979188
FKIT,S+X2_M3_r1,chocolate_bomb,844,0.977681
FKIT,S+X2_M3_r1,chocolate_bomb,845,0.977016
FKIT,S+X2_M3_r1,chocolate_bomb,846,0.976906
FKIT,S+X2_M3_r1,chocolate_bomb,847,0.975042
FKIT,S+X2_M3_r1,chocolate_bomb,848,0.972614
FKIT,S+X2_M3_r1,chocolate_bomb,849,0.973339
FKIT,S+X2_M3_r1,chocolate_bomb,850,0.975147
FKIT,S+X2_M3_r1,chocolate_bomb,851,0.975547
FKIT,S+X2_M3_r1,chocolate_bomb,852,0.976519
FKIT,S+X2_M3_r1,chocolate_bomb,853,0.978352
FKIT,S+X2_M3_r1,chocolate_bomb,854,0.974093
FKIT,S+X2_M3_r1,chocolate_bomb,855,0.974763
FKIT,S+X2_M3_r1,chocolate_bomb,856,0.972187
FKIT,S+X2_M3_r1,chocolate_bomb,857,0.975668
FKIT,S+X2_M3_r1,chocolate_bomb,858,0.979740
FKIT,S+X2_M3_r1,chocolate_bomb,859,0.976588
FKIT,S+X2_M3_r1,chocolate_bomb,860,0.979093
FKIT,S+X2_M3_r1,chocolate_bomb,861,0.979332
FKIT,S+X2_M3_r1,chocolate_bomb,862,0.977338
FKIT,S+X2_M3_r1,chocolate_bomb,863,0.980638
FKIT,S+X2_M3_r1,chocolate_bomb,864,0.982048
FKIT,S+X2_M3_r1,chocolate_bomb,865,0.978565
FKIT,S+X2_M3_r1,chocolate_bomb,866,0.982083
FKIT,S+X2_M3_r1,chocolate_bomb,867,0.982369
FKIT,S+X2_M3_r1,chocolate_bomb,868,0.980713
FKIT,S+X2_M3_r1,chocolate_bomb,869,0.982842
FKIT,S+X2_M3_r1,chocolate_bomb,870,0.983857
FKIT,S+X2_M3_r1,chocolate_bomb,871,0.979023
FKIT,S+X2_M3_r1,chocolate_bomb,872,0.975706
FKIT,S+X2_M3_r1,chocolate_bomb,873,0.970690
FKIT,S+X2_M3_r1,chocolate_bomb,874,0.967523
FKIT,S+X2_M3_r1,chocolate_bomb,875,0.968539
FKIT,S+X2_M3_r1,chocolate_bomb,876,0.965426
FKIT,S+X2_M3_r1,chocolate_bomb,877,0.967320
FKIT,S+X2_M3_r1,chocolate_bomb,878,0.962214
FKIT,S+X2_M3_r1,chocolate_bomb,879,0.965919
FKIT,S+X2_M3_r1,chocolate_bomb,880,0.958866
FKIT,S+X2_M3_r1,chocolate_bomb,881,0.958292
FKIT,S+X2_M3_r1,chocolate_bomb,882,0.952027
FKIT,S+X2_M3_r1,chocolate_bomb,883,0.943590
FKIT,S+X2_M3_r1,chocolate_bomb,884,0.941412
FKIT,S+X2_M3_r1,chocolate_bomb,885,0.935967
FKIT,S+X2_M3_r1,chocolate_bomb,886,0.948877
FKIT,S+X2_M3_r1,chocolate_bomb,887,0.916215
FKIT,S+X2_M3_r1,chocolate_bomb,888,0.911698
FKIT,S+X2_M3_r1,chocolate_bomb,889,0.889765
FKIT,S+X2_M3_r1,chocolate_bomb,890,0.744791
FKIT,S+X2_M3_r1,chocolate_bomb,891,0.660651
FKIT,S+X2_M3_r1,chocolate_bomb,892,0.864551
FKIT,S+X2_M3_r1,chocolate_bomb,893,0.643402
FKIT,S+X2_M3_r1,chocolate_bomb,894,0.665993
FKIT,S+X2_M3_r1,chocolate_bomb,895,0.612513
FKIT,S+X2_M3_r1,chocolate_bomb,896,0.615659
FKIT,S+X2_M3_r1,chocolate_bomb,897,0.324780
FKIT,S+X2_M3_r1,chocolate_bomb,898,0.653810
FKIT,S+X2_M3_r1,chocolate_bomb,899,0.549283
FKIT,S+X2_M3_r1,chocolate_bomb,900,0.576751
FKIT,S+X2_M3_r1,chocolate_bomb,901,0.641058
FKIT,S+X2_M3_r1,chocolate_bomb,902,0.620845
FKIT,S+X2_M3_r1,chocolate_bomb,903,0.550411
FKIT,S+X2_M3_r1,chocolate_bomb,904,0.571276
FKIT,S+X2_M3_r1,chocolate_bomb,905,0.608731
FKIT,S+X2_M3_r1,chocolate_bomb,906,0.635859
FKIT,S+X2_M3_r1,chocolate_bomb,907,0.559485
FKIT,S+X2_M3_r1,chocolate_bomb,908,0.696077
FKIT,S+X2_M3_r1,chocolate_bomb,909,0.686641
FKIT,S+X2_M3_r1,chocolate_bomb,910,0.711671
FKIT,S+X2_M3_r1,chocolate_bomb,911,0.726287
FKIT,S+X2_M3_r1,chocolate_bomb,912,0.701304
FKIT,S+X2_M3_r1,chocolate_bomb,913,0.709270
FKIT,S+X2_M3_r1,chocolate_bomb,914,0.804324
FKIT,S+X2_M3_r1,chocolate_bomb,915,0.805606
FKIT,S+X2_M3_r1,chocolate_bomb,916,0.764273
FKIT,S+X2_M3_r1,chocolate_bomb,917,0.781550
FKIT,S+X2_M3_r1,chocolate_bomb,918,0.715770
FKIT,S+X2_M3_r1,chocolate_bomb,919,0.690905
FKIT,S+X2_M3_r1,chocolate_bomb,920,0.651483
FKIT,S+X2_M3_r1,chocolate_bomb,921,0.531127
FKIT,S+X2_M3_r1,chocolate_bomb,922,0.383733
FKIT,S+X2_M3_r1,chocolate_bomb,923,0.305019
FKIT,S+X2_M3_r1,chocolate_bomb,924,0.297834
FKIT,S+X2_M3_r1,chocolate_bomb,925,0.291639
FKIT,S+X2_M3_r1,chocolate_bomb,926,0.272305
FKIT,S+X2_M3_r1,chocolate_bomb,927,0.271760
FKIT,S+X2_M3_r1,chocolate_bomb,928,0.271121
FKIT,S+X2_M3_r1,chocolate_bomb,929,0.264303
FKIT,S+X2_M3_r1,chocolate_bomb,930,0.199678
FKIT,S+X2_M3_r1,chocolate_bomb,931,0.269405
FKIT,S+X2_M3_r1,chocolate_bomb,932,0.270174
FKIT,S+X2_M3_r1,chocolate_bomb,933,0.264350
FKIT,S+X2_M3_r1,chocolate_bomb,934,0.256307
FKIT,S+X2_M3_r1,chocolate_bomb,935,0.253544
FKIT,S+X2_M3_r1,chocolate_bomb,936,0.255929
FKIT,S+X2_M3_r1,chocolate_bomb,937,0.256587
FKIT,S+X2_M3_r1,chocolate_bomb,938,0.258500
FKIT,S+X2_M3_r1,chocolate_bomb,939,0.256896
FKIT,S+X2_M3_r1,chocolate_bomb,940,0.256940
FKIT,S+X2_M3_r1,chocolate_bomb,941,0.238229
FKIT,S+X2_M3_r1,chocolate_bomb,942,0.228353
FKIT,S+X2_M3_r1,chocolate_bomb,943,0.213084
FKIT,S+X2_M3_r1,chocolate_bomb,944,0.185502
FKIT,S+X2_M3_r1,chocolate_bomb,945,0.201121
FKIT,S+X2_M3_r1,chocolate_bomb,946,0.229616
FKIT,S+X2_M3_r1,chocolate_bomb,947,0.247081
FKIT,S+X2_M3_r1,chocolate_bomb,948,0.182603
FKIT,S+X2_M3_r1,chocolate_bomb,949,0.250115
FKIT,S+X2_M3_r1,chocolate_bomb,950,0.296610
FKIT,S+X2_M3_r1,chocolate_bomb,951,0.498635
FKIT,S+X2_M3_r1,chocolate_bomb,952,0.492392
FKIT,S+X2_M3_r1,chocolate_bomb,953,0.515301
FKIT,S+X2_M3_r1,chocolate_bomb,954,0.487451
FKIT,S+X2_M3_r1,chocolate_bomb,955,0.449364
FKIT,S+X2_M3_r1,chocolate_bomb,956,0.553194
FKIT,S+X2_M3_r1,chocolate_bomb,957,0.589507
FKIT,S+X2_M3_r1,chocolate_bomb,958,0.609913
FKIT,S+X2_M3_r1,chocolate_bomb,959,0.568602
FKIT,S+X2_M3_r1,chocolate_bomb,960,0.590809
FKIT,S+X2_M3_r1,chocolate_bomb,961,0.540546
FKIT,S+X2_M3_r1,chocolate_bomb,962,0.557955
FKIT,S+X2_M3_r1,chocolate_bomb,963,0.551659
FKIT,S+X2_M3_r1,chocolate_bomb,964,0.522310
FKIT,S+X2_M3_r1,chocolate_bomb,965,0.492332
FKIT,S+X2_M3_r1,chocolate_bomb,966,0.504835
FKIT,S+X2_M3_r1,chocolate_bomb,967,0.446192
FKIT,S+X2_M3_r1,chocolate_bomb,968,0.404342
FKIT,S+X2_M3_r1,chocolate_bomb,969,0.337282
FKIT,S+X2_M3_r1,chocolate_bomb,970,0.367446
FKIT,S+X2_M3_r1,chocolate_bomb,971,0.378415
FKIT,S+X2_M3_r1,chocolate_bomb,972,0.430242
FKIT,S+X2_M3_r1,chocolate_bomb,973,0.454274
FKIT,S+X2_M3_r1,chocolate_bomb,974,0.537532
FKIT,S+X2_M3_r1,chocolate_bomb,975,0.571342
FKIT,S+X2_M3_r1,chocolate_bomb,976,0.665133
FKIT,S+X2_M3_r1,chocolate_bomb,977,0.722890
FKIT,S+X2_M3_r1,chocolate_bomb,978,0.803259
FKIT,S+X2_M3_r1,chocolate_bomb,979,0.869271
FKIT,S+X2_M3_r1,chocolate_bomb,980,0.911309
FKIT,S+X2_M3_r1,chocolate_bomb,981,0.940480
FKIT,S+X2_M3_r1,chocolate_bomb,982,0.946458
FKIT,S+X2_M3_r1,chocolate_bomb,983,0.949414
FKIT,S+X2_M3_r1,chocolate_bomb,984,0.952243
FKIT,S+X2_M3_r1,chocolate_bomb,985,0.956164
FKIT,S+X2_M3_r1,chocolate_bomb,986,0.962757
FKIT,S+X2_M3_r1,chocolate_bomb,987,0.966321
FKIT,S+X2_M3_r1,chocolate_bomb,988,0.972571
FKIT,S+X2_M3_r1,chocolate_bomb,989,0.966138
FKIT,S+X2_M3_r1,chocolate_bomb,990,0.967057
FKIT,S+X2_M3_r1,chocolate_bomb,991,0.971056
FKIT,S+X2_M3_r1,chocolate_bomb,992,0.969000
FKIT,S+X2_M3_r1,chocolate_bomb,993,0.962488
FKIT,S+X2_M3_r1,chocolate_bomb,994,0.955968
FKIT,S+X2_M3_r1,chocolate_bomb,995,0.949571
FKIT,S+X2_M3_r1,chocolate_bomb,996,0.943641
FKIT,S+X2_M3_r1,chocolate_bomb,997,0.944389
FKIT,S+X2_M3_r1,chocolate_bomb,998,0.939335
FKIT,S+X2_M3_r1,chocolate_bomb,999,0.940746
FKIT,S+X2_M3_r1,chocolate_bomb,1000,0.932129
FKIT,S+X2_M3_r1,chocolate_bomb,1001,0.881770
FKIT,S+X2_M3_r1,chocolate_bomb,1002,0.940135
FKIT,S+X2_M3_r1,chocolate_bomb,1003,0.931840
FKIT,S+X2_M3_r1,chocolate_bomb,1004,0.938045
FKIT,S+X2_M3_r1,chocolate_bomb,1005,0.938976
FKIT,S+X2_M3_r1,chocolate_bomb,1006,0.942399
FKIT,S+X2_M3_r1,chocolate_bomb,1007,0.945524
FKIT,S+X2_M3_r1,chocolate_bomb,1008,0.948460
FKIT,S+X2_M3_r1,chocolate_bomb,1009,0.953716
FKIT,S+X2_M3_r1,chocolate_bomb,1010,0.961086
FKIT,S+X2_M3_r1,chocolate_bomb,1011,0.961584
FKIT,S+X2_M3_r1,chocolate_bomb,1012,0.963441
FKIT,S+X2_M3_r1,chocolate_bomb,1013,0.966465
FKIT,S+X2_M3_r1,chocolate_bomb,1014,0.972771
FKIT,S+X2_M3_r1,chocolate_bomb,1015,0.969091
FKIT,S+X2_M3_r1,chocolate_bomb,1016,0.970844
FKIT,S+X2_M3_r1,chocolate_bomb,1017,0.969149
FKIT,S+X2_M3_r1,chocolate_bomb,1018,0.976111
FKIT,S+X2_M3_r1,chocolate_bomb,1019,0.962897
FKIT,S+X2_M3_r1,chocolate_bomb,1020,0.969310
FKIT,S+X2_M3_r1,chocolate_bomb,1021,0.969683
FKIT,S+X2_M3_r1,chocolate_bomb,1022,0.975245
FKIT,S+X2_M3_r1,chocolate_bomb,1023,0.967241
FKIT,S+X2_M3_r1,chocolate_bomb,1024,0.970436
FKIT,S+X2_M3_r1,chocolate_bomb,1025,0.976996
FKIT,S+X2_M3_r1,chocolate_bomb,1026,0.976887
FKIT,S+X2_M3_r1,chocolate_bomb,1027,0.975661
FKIT,S+X2_M3_r1,chocolate_bomb,1028,0.975815
FKIT,S+X2_M3_r1,chocolate_bomb,1029,0.970612
FKIT,S+X2_M3_r1,chocolate_bomb,1030,0.975947
FKIT,S+X2_M3_r1,chocolate_bomb,1031,0.972733
FKIT,S+X2_M3_r1,chocolate_bomb,1032,0.978891
FKIT,S+X2_M3_r1,chocolate_bomb,1033,0.983793
FKIT,S+X2_M3_r1,chocolate_bomb,1034,0.981652
FKIT,S+X2_M3_r1,chocolate_bomb,1035,0.966103
FKIT,S+X2_M3_r1,chocolate_bomb,1036,0.968276
FKIT,S+X2_M3_r1,chocolate_bomb,1037,0.965707
FKIT,S+X2_M3_r1,chocolate_bomb,1038,0.963722
FKIT,S+X2_M3_r1,chocolate_bomb,1039,0.965497
FKIT,S+X2_M3_r1,chocolate_bomb,1040,0.962154
FKIT,S+X2_M3_r1,chocolate_bomb,1041,0.967206
FKIT,S+X2_M3_r1,chocolate_bomb,1042,0.974028
FKIT,S+X2_M3_r1,chocolate_bomb,1043,0.978743
FKIT,S+X2_M3_r1,chocolate_bomb,1044,0.975465
FKIT,S+X2_M3_r1,chocolate_bomb,1045,0.976544
FKIT,S+X2_M3_r1,chocolate_bomb,1046,0.975994
FKIT,S+X2_M3_r1,chocolate_bomb,1047,0.976445
FKIT,S+X2_M3_r1,chocolate_bomb,1048,0.963633
FKIT,S+X2_M3_r1,chocolate_bomb,1049,0.970448
FKIT,S+X2_M3_r1,chocolate_bomb,1050,0.945856
FKIT,S+X2_M3_r1,chocolate_bomb,1051,0.962800
FKIT,S+X2_M3_r1,chocolate_bomb,1052,0.955282
FKIT,S+X2_M3_r1,chocolate_bomb,1053,0.946433
FKIT,S+X2_M3_r1,chocolate_bomb,1054,0.896522
FKIT,S+X2_M3_r1,chocolate_bomb,1055,0.902996
FKIT,S+X2_M3_r1,chocolate_bomb,1056,0.837941
FKIT,S+X2_M3_r1,chocolate_bomb,1057,0.830081
FKIT,S+X2_M3_r1,chocolate_bomb,1058,0.771336
FKIT,S+X2_M3_r1,chocolate_bomb,1059,0.555769
FKIT,S+X2_M3_r1,chocolate_bomb,1060,0.473245
FKIT,S+X2_M3_r1,chocolate_bomb,1061,0.413148
FKIT,S+X2_M3_r1,chocolate_bomb,1062,0.362193
FKIT,S+X2_M3_r1,chocolate_bomb,1063,0.353851
FKIT,S+X2_M3_r1,chocolate_bomb,1064,0.379876
FKIT,S+X2_M3_r1,chocolate_bomb,1065,0.419445
FKIT,S+X2_M3_r1,chocolate_bomb,1066,0.403156
FKIT,S+X2_M3_r1,chocolate_bomb,1067,0.311505
FKIT,S+X2_M3_r1,chocolate_bomb,1068,0.312292
FKIT,S+X2_M3_r1,chocolate_bomb,1069,0.340357
FKIT,S+X2_M3_r1,chocolate_bomb,1070,0.341529
FKIT,S+X2_M3_r1,chocolate_bomb,1071,0.372627
FKIT,S+X2_M3_r1,chocolate_bomb,1072,0.452699
FKIT,S+X2_M3_r1,chocolate_bomb,1073,0.403008
FKIT,S+X2_M3_r1,chocolate_bomb,1074,0.425335
FKIT,S+X2_M3_r1,chocolate_bomb,1075,0.634602
FKIT,S+X2_M3_r1,chocolate_bomb,1076,0.713104
FKIT,S+X2_M3_r1,chocolate_bomb,1077,0.704354
FKIT,S+X2_M3_r1,chocolate_bomb,1078,0.762893
FKIT,S+X2_M3_r1,chocolate_bomb,1079,0.730592
FKIT,S+X2_M3_r1,chocolate_bomb,1080,0.747841
FKIT,S+X2_M3_r1,chocolate_bomb,1081,0.761903
FKIT,S+X2_M3_r1,chocolate_bomb,1082,0.639833
FKIT,S+X2_M3_r1,chocolate_bomb,1083,0.652554
FKIT,S+X2_M3_r1,chocolate_bomb,1084,0.618302
FKIT,S+X2_M3_r1,chocolate_bomb,1085,0.652603
FKIT,S+X2_M3_r1,chocolate_bomb,1086,0.702673
FKIT,S+X2_M3_r1,chocolate_bomb,1087,0.693329
FKIT,S+X2_M3_r1,chocolate_bomb,1088,0.721389
FKIT,S+X2_M3_r1,chocolate_bomb,1089,0.741299
FKIT,S+X2_M3_r1,chocolate_bomb,1090,0.772536
FKIT,S+X2_M3_r1,chocolate_bomb,1091,0.758380
FKIT,S+X2_M3_r1,chocolate_bomb,1092,0.800430
FKIT,S+X2_M3_r1,chocolate_bomb,1093,0.793325
FKIT,S+X2_M3_r1,chocolate_bomb,1094,0.825323
FKIT,S+X2_M3_r1,chocolate_bomb,1095,0.802724
FKIT,S+X2_M3_r1,chocolate_bomb,1096,0.807056
FKIT,S+X2_M3_r1,chocolate_bomb,1097,0.814105
FKIT,S+X2_M3_r1,chocolate_bomb,1098,0.796210
FKIT,S+X2_M3_r1,chocolate_bomb,1099,0.789736
FKIT,S+X2_M3_r1,chocolate_bomb,1100,0.796119
FKIT,S+X2_M3_r1,chocolate_bomb,1101,0.819065
FKIT,S+X2_M3_r1,chocolate_bomb,1102,0.800951
FKIT,S+X2_M3_r1,chocolate_bomb,1103,0.768241
FKIT,S+X2_M3_r1,chocolate_bomb,1104,0.786867
FKIT,S+X2_M3_r1,chocolate_bomb,1105,0.778283
FKIT,S+X2_M3_r1,chocolate_bomb,1106,0.764728
FKIT,S+X2_M3_r1,chocolate_bomb,1107,0.780861
FKIT,S+X2_M3_r1,chocolate_bomb,1108,0.775355
FKIT,S+X2_M3_r1,chocolate_bomb,1109,0.761259
FKIT,S+X2_M3_r1,chocolate_bomb,1110,0.780417
FKIT,S+X2_M3_r1,chocolate_cake,0,0.372164
FKIT,S+X2_M3_r1,chocolate_cake,1,0.366032
FKIT,S+X2_M3_r1,chocolate_cake,2,0.355476
FKIT,S+X2_M3_r1,chocolate_cake,3,0.361248
FKIT,S+X2_M3_r1,chocolate_cake,4,0.347778
FKIT,S+X2_M3_r1,chocolate_cake,5,0.349049
FKIT,S+X2_M3_r1,chocolate_cake,6,0.351132
FKIT,S+X2_M3_r1,chocolate_cake,7,0.350038
FKIT,S+X2_M3_r1,chocolate_cake,8,0.354558
FKIT,S+X2_M3_r1,chocolate_cake,9,0.352496
FKIT,S+X2_M3_r1,chocolate_cake,10,0.356587
FKIT,S+X2_M3_r1,chocolate_cake,11,0.364189
FKIT,S+X2_M3_r1,chocolate_cake,12,0.360047
FKIT,S+X2_M3_r1,chocolate_cake,13,0.361131
FKIT,S+X2_M3_r1,chocolate_cake,14,0.351821
FKIT,S+X2_M3_r1,chocolate_cake,15,0.349798
FKIT,S+X2_M3_r1,chocolate_cake,16,0.352647
FKIT,S+X2_M3_r1,chocolate_cake,17,0.355744
FKIT,S+X2_M3_r1,chocolate_cake,18,0.358833
FKIT,S+X2_M3_r1,chocolate_cake,19,0.346356
FKIT,S+X2_M3_r1,chocolate_cake,20,0.341343
FKIT,S+X2_M3_r1,chocolate_cake,21,0.366808
FKIT,S+X2_M3_r1,chocolate_cake,22,0.356995
FKIT,S+X2_M3_r1,chocolate_cake,23,0.358055
FKIT,S+X2_M3_r1,chocolate_cake,24,0.343383
FKIT,S+X2_M3_r1,chocolate_cake,25,0.338365
FKIT,S+X2_M3_r1,chocolate_cake,26,0.362806
FKIT,S+X2_M3_r1,chocolate_cake,27,0.361705
FKIT,S+X2_M3_r1,chocolate_cake,28,0.314206
FKIT,S+X2_M3_r1,chocolate_cake,29,0.311479
FKIT,S+X2_M3_r1,chocolate_cake,30,0.326725
FKIT,S+X2_M3_r1,chocolate_cake,31,0.354121
FKIT,S+X2_M3_r1,chocolate_cake,32,0.350280
FKIT,S+X2_M3_r1,chocolate_cake,33,0.348734
FKIT,S+X2_M3_r1,chocolate_cake,34,0.345993
FKIT,S+X2_M3_r1,chocolate_cake,35,0.345903
FKIT,S+X2_M3_r1,chocolate_cake,36,0.341188
FKIT,S+X2_M3_r1,chocolate_cake,37,0.344937
FKIT,S+X2_M3_r1,chocolate_cake,38,0.311091
FKIT,S+X2_M3_r1,chocolate_cake,39,0.332445
FKIT,S+X2_M3_r1,chocolate_cake,40,0.333437
FKIT,S+X2_M3_r1,chocolate_cake,41,0.308519
FKIT,S+X2_M3_r1,chocolate_cake,42,0.294607
FKIT,S+X2_M3_r1,chocolate_cake,43,0.310195
FKIT,S+X2_M3_r1,chocolate_cake,44,0.300055
FKIT,S+X2_M3_r1,chocolate_cake,45,0.303621
FKIT,S+X2_M3_r1,chocolate_cake,46,0.289482
FKIT,S+X2_M3_r1,chocolate_cake,47,0.278310
FKIT,S+X2_M3_r1,chocolate_cake,48,0.281158
FKIT,S+X2_M3_r1,chocolate_cake,49,0.284579
FKIT,S+X2_M3_r1,chocolate_cake,50,0.270119
FKIT,S+X2_M3_r1,chocolate_cake,51,0.284260
FKIT,S+X2_M3_r1,chocolate_cake,52,0.270515
FKIT,S+X2_M3_r1,chocolate_cake,53,0.275287
FKIT,S+X2_M3_r1,chocolate_cake,54,0.278900
FKIT,S+X2_M3_r1,chocolate_cake,55,0.301030
FKIT,S+X2_M3_r1,chocolate_cake,56,0.308766
FKIT,S+X2_M3_r1,chocolate_cake,57,0.325872
FKIT,S+X2_M3_r1,chocolate_cake,58,0.313393
FKIT,S+X2_M3_r1,chocolate_cake,59,0.334967
FKIT,S+X2_M3_r1,chocolate_cake,60,0.320088
FKIT,S+X2_M3_r1,chocolate_cake,61,0.316959
FKIT,S+X2_M3_r1,chocolate_cake,62,0.309300
FKIT,S+X2_M3_r1,chocolate_cake,63,0.321344
FKIT,S+X2_M3_r1,chocolate_cake,64,0.320285
FKIT,S+X2_M3_r1,chocolate_cake,65,0.317443
FKIT,S+X2_M3_r1,chocolate_cake,66,0.329075
FKIT,S+X2_M3_r1,chocolate_cake,67,0.325860
FKIT,S+X2_M3_r1,chocolate_cake,68,0.330766
FKIT,S+X2_M3_r1,chocolate_cake,69,0.340414
FKIT,S+X2_M3_r1,chocolate_cake,70,0.328843
FKIT,S+X2_M3_r1,chocolate_cake,71,0.334253
FKIT,S+X2_M3_r1,chocolate_cake,72,0.331453
FKIT,S+X2_M3_r1,chocolate_cake,73,0.340736
FKIT,S+X2_M3_r1,chocolate_cake,74,0.336866
FKIT,S+X2_M3_r1,chocolate_cake,75,0.323148
FKIT,S+X2_M3_r1,chocolate_cake,76,0.342862
FKIT,S+X2_M3_r1,chocolate_cake,77,0.356386
FKIT,S+X2_M3_r1,chocolate_cake,78,0.348549
FKIT,S+X2_M3_r1,chocolate_cake,79,0.322191
FKIT,S+X2_M3_r1,chocolate_cake,80,0.350141
FKIT,S+X2_M3_r1,chocolate_cake,81,0.362129
FKIT,S+X2_M3_r1,chocolate_cake,82,0.362307
FKIT,S+X2_M3_r1,chocolate_cake,83,0.394355
FKIT,S+X2_M3_r1,chocolate_cake,84,0.376077
FKIT,S+X2_M3_r1,chocolate_cake,85,0.359348
FKIT,S+X2_M3_r1,chocolate_cake,86,0.366811
FKIT,S+X2_M3_r1,chocolate_cake,87,0.354471
FKIT,S+X2_M3_r1,chocolate_cake,88,0.395384
FKIT,S+X2_M3_r1,chocolate_cake,89,0.391769
FKIT,S+X2_M3_r1,chocolate_cake,90,0.368561
FKIT,S+X2_M3_r1,chocolate_cake,91,0.352325
FKIT,S+X2_M3_r1,chocolate_cake,92,0.346584
FKIT,S+X2_M3_r1,chocolate_cake,93,0.336742
FKIT,S+X2_M3_r1,chocolate_cake,94,0.331920
FKIT,S+X2_M3_r1,chocolate_cake,95,0.341413
FKIT,S+X2_M3_r1,chocolate_cake,96,0.344315
FKIT,S+X2_M3_r1,chocolate_cake,97,0.329362
FKIT,S+X2_M3_r1,chocolate_cake,98,0.303522
FKIT,S+X2_M3_r1,chocolate_cake,99,0.344498
FKIT,S+X2_M3_r1,chocolate_cake,100,0.337959
FKIT,S+X2_M3_r1,chocolate_cake,101,0.308094
FKIT,S+X2_M3_r1,chocolate_cake,102,0.364697
FKIT,S+X2_M3_r1,chocolate_cake,103,0.349584
FKIT,S+X2_M3_r1,chocolate_cake,104,0.381304
FKIT,S+X2_M3_r1,chocolate_cake,105,0.384894
FKIT,S+X2_M3_r1,chocolate_cake,106,0.373590
FKIT,S+X2_M3_r1,chocolate_cake,107,0.383701
FKIT,S+X2_M3_r1,chocolate_cake,108,0.376579
FKIT,S+X2_M3_r1,chocolate_cake,109,0.380670
FKIT,S+X2_M3_r1,chocolate_cake,110,0.378367
FKIT,S+X2_M3_r1,chocolate_cake,111,0.461353
FKIT,S+X2_M3_r1,chocolate_cake,112,0.530206
FKIT,S+X2_M3_r1,chocolate_cake,113,0.461908
FKIT,S+X2_M3_r1,chocolate_cake,114,0.389207
FKIT,S+X2_M3_r1,chocolate_cake,115,0.415223
FKIT,S+X2_M3_r1,chocolate_cake,116,0.385589
FKIT,S+X2_M3_r1,chocolate_cake,117,0.390686
FKIT,S+X2_M3_r1,chocolate_cake,118,0.393704
FKIT,S+X2_M3_r1,chocolate_cake,119,0.368467
FKIT,S+X2_M3_r1,chocolate_cake,120,0.378997
FKIT,S+X2_M3_r1,chocolate_cake,121,0.417739
FKIT,S+X2_M3_r1,chocolate_cake,122,0.438915
FKIT,S+X2_M3_r1,chocolate_cake,123,0.404088
FKIT,S+X2_M3_r1,chocolate_cake,124,0.427268
FKIT,S+X2_M3_r1,chocolate_cake,125,0.403064
FKIT,S+X2_M3_r1,chocolate_cake,126,0.433475
FKIT,S+X2_M3_r1,chocolate_cake,127,0.434812
FKIT,S+X2_M3_r1,chocolate_cake,128,0.443057
FKIT,S+X2_M3_r1,chocolate_cake,129,0.377979
FKIT,S+X2_M3_r1,chocolate_cake,130,0.419226
FKIT,S+X2_M3_r1,chocolate_cake,131,0.691380
FKIT,S+X2_M3_r1,chocolate_cake,132,0.680806
FKIT,S+X2_M3_r1,chocolate_cake,133,0.564142
FKIT,S+X2_M3_r1,chocolate_cake,134,0.711102
FKIT,S+X2_M3_r1,chocolate_cake,135,0.737340
FKIT,S+X2_M3_r1,chocolate_cake,136,0.752857
FKIT,S+X2_M3_r1,chocolate_cake,137,0.490948
FKIT,S+X2_M3_r1,chocolate_cake,138,0.639765
FKIT,S+X2_M3_r1,chocolate_cake,139,0.721345
FKIT,S+X2_M3_r1,chocolate_cake,140,0.683890
FKIT,S+X2_M3_r1,chocolate_cake,141,0.911377
FKIT,S+X2_M3_r1,chocolate_cake,142,0.923150
FKIT,S+X2_M3_r1,chocolate_cake,143,0.940528
FKIT,S+X2_M3_r1,chocolate_cake,144,0.936269
FKIT,S+X2_M3_r1,chocolate_cake,145,0.887672
FKIT,S+X2_M3_r1,chocolate_cake,146,0.925917
FKIT,S+X2_M3_r1,chocolate_cake,147,0.920960
FKIT,S+X2_M3_r1,chocolate_cake,148,0.876029
FKIT,S+X2_M3_r1,chocolate_cake,149,0.921919
FKIT,S+X2_M3_r1,chocolate_cake,150,0.938050
FKIT,S+X2_M3_r1,chocolate_cake,151,0.963463
FKIT,S+X2_M3_r1,chocolate_cake,152,0.962370
FKIT,S+X2_M3_r1,chocolate_cake,153,0.948067
FKIT,S+X2_M3_r1,chocolate_cake,154,0.954621
FKIT,S+X2_M3_r1,chocolate_cake,155,0.960323
FKIT,S+X2_M3_r1,chocolate_cake,156,0.948360
FKIT,S+X2_M3_r1,chocolate_cake,157,0.911653
FKIT,S+X2_M3_r1,chocolate_cake,158,0.948700
FKIT,S+X2_M3_r1,chocolate_cake,159,0.941990
FKIT,S+X2_M3_r1,chocolate_cake,160,0.923924
FKIT,S+X2_M3_r1,chocolate_cake,161,0.931841
FKIT,S+X2_M3_r1,chocolate_cake,162,0.933863
FKIT,S+X2_M3_r1,chocolate_cake,163,0.943389
FKIT,S+X2_M3_r1,chocolate_cake,164,0.961230
FKIT,S+X2_M3_r1,chocolate_cake,165,0.960049
FKIT,S+X2_M3_r1,chocolate_cake,166,0.974937
FKIT,S+X2_M3_r1,chocolate_cake,167,0.964920
FKIT,S+X2_M3_r1,chocolate_cake,168,0.967904
FKIT,S+X2_M3_r1,chocolate_cake,169,0.972750
FKIT,S+X2_M3_r1,chocolate_cake,170,0.962904
FKIT,S+X2_M3_r1,chocolate_cake,171,0.979115
FKIT,S+X2_M3_r1,chocolate_cake,172,0.972956
FKIT,S+X2_M3_r1,chocolate_cake,173,0.977298
FKIT,S+X2_M3_r1,chocolate_cake,174,0.974580
FKIT,S+X2_M3_r1,chocolate_cake,175,0.974603
FKIT,S+X2_M3_r1,chocolate_cake,176,0.975636
FKIT,S+X2_M3_r1,chocolate_cake,177,0.979748
FKIT,S+X2_M3_r1,chocolate_cake,178,0.970788
FKIT,S+X2_M3_r1,chocolate_cake,179,0.958773
FKIT,S+X2_M3_r1,chocolate_cake,180,0.940541
FKIT,S+X2_M3_r1,chocolate_cake,181,0.974170
FKIT,S+X2_M3_r1,chocolate_cake,182,0.960659
FKIT,S+X2_M3_r1,chocolate_cake,183,0.940896
FKIT,S+X2_M3_r1,chocolate_cake,184,0.939121
FKIT,S+X2_M3_r1,chocolate_cake,185,0.927565
FKIT,S+X2_M3_r1,chocolate_cake,186,0.921587
FKIT,S+X2_M3_r1,chocolate_cake,187,0.910051
FKIT,S+X2_M3_r1,chocolate_cake,188,0.897988
FKIT,S+X2_M3_r1,chocolate_cake,189,0.917150
FKIT,S+X2_M3_r1,chocolate_cake,190,0.933717
FKIT,S+X2_M3_r1,chocolate_cake,191,0.965180
FKIT,S+X2_M3_r1,chocolate_cake,192,0.963142
FKIT,S+X2_M3_r1,chocolate_cake,193,0.960940
FKIT,S+X2_M3_r1,chocolate_cake,194,0.961784
FKIT,S+X2_M3_r1,chocolate_cake,195,0.958192
FKIT,S+X2_M3_r1,chocolate_cake,196,0.942729
FKIT,S+X2_M3_r1,chocolate_cake,197,0.924654
FKIT,S+X2_M3_r1,chocolate_cake,198,0.922329
FKIT,S+X2_M3_r1,chocolate_cake,199,0.922014
FKIT,S+X2_M3_r1,chocolate_cake,200,0.868762
FKIT,S+X2_M3_r1,chocolate_cake,201,0.907072
FKIT,S+X2_M3_r1,chocolate_cake,202,0.888531
FKIT,S+X2_M3_r1,chocolate_cake,203,0.858167
FKIT,S+X2_M3_r1,chocolate_cake,204,0.823194
FKIT,S+X2_M3_r1,chocolate_cake,205,0.792513
FKIT,S+X2_M3_r1,chocolate_cake,206,0.752315
FKIT,S+X2_M3_r1,chocolate_cake,207,0.804472
FKIT,S+X2_M3_r1,chocolate_cake,208,0.799415
FKIT,S+X2_M3_r1,chocolate_cake,209,0.761766
FKIT,S+X2_M3_r1,chocolate_cake,210,0.730822
FKIT,S+X2_M3_r1,chocolate_cake,211,0.787288
FKIT,S+X2_M3_r1,chocolate_cake,212,0.750179
FKIT,S+X2_M3_r1,chocolate_cake,213,0.724481
FKIT,S+X2_M3_r1,chocolate_cake,214,0.721497
FKIT,S+X2_M3_r1,chocolate_cake,215,0.668746
FKIT,S+X2_M3_r1,chocolate_cake,216,0.667499
FKIT,S+X2_M3_r1,chocolate_cake,217,0.626164
FKIT,S+X2_M3_r1,chocolate_cake,218,0.542041
FKIT,S+X2_M3_r1,chocolate_cake,219,0.532413
FKIT,S+X2_M3_r1,chocolate_cake,220,0.503993
FKIT,S+X2_M3_r1,chocolate_cake,221,0.501520
FKIT,S+X2_M3_r1,chocolate_cake,222,0.486872
FKIT,S+X2_M3_r1,chocolate_cake,223,0.505366
FKIT,S+X2_M3_r1,chocolate_cake,224,0.503328
FKIT,S+X2_M3_r1,chocolate_cake,225,0.505289
FKIT,S+X2_M3_r1,chocolate_cake,226,0.498323
FKIT,S+X2_M3_r1,chocolate_cake,227,0.495395
FKIT,S+X2_M3_r1,chocolate_cake,228,0.463445
FKIT,S+X2_M3_r1,chocolate_cake,229,0.461628
FKIT,S+X2_M3_r1,chocolate_cake,230,0.450096
FKIT,S+X2_M3_r1,chocolate_cake,231,0.459865
FKIT,S+X2_M3_r1,chocolate_cake,232,0.462131
FKIT,S+X2_M3_r1,chocolate_cake,233,0.432994
FKIT,S+X2_M3_r1,chocolate_cake,234,0.423653
FKIT,S+X2_M3_r1,chocolate_cake,235,0.428088
FKIT,S+X2_M3_r1,chocolate_cake,236,0.448176
FKIT,S+X2_M3_r1,chocolate_cake,237,0.444643
FKIT,S+X2_M3_r1,chocolate_cake,238,0.446993
FKIT,S+X2_M3_r1,chocolate_cake,239,0.456253
FKIT,S+X2_M3_r1,chocolate_cake,240,0.452261
FKIT,S+X2_M3_r1,chocolate_cake,241,0.451686
FKIT,S+X2_M3_r1,chocolate_cake,242,0.447336
FKIT,S+X2_M3_r1,chocolate_cake,243,0.466204
FKIT,S+X2_M3_r1,chocolate_cake,244,0.484009
FKIT,S+X2_M3_r1,chocolate_cake,245,0.488911
FKIT,S+X2_M3_r1,chocolate_cake,246,0.494213
FKIT,S+X2_M3_r1,chocolate_cake,247,0.472620
FKIT,S+X2_M3_r1,chocolate_cake,248,0.490976
FKIT,S+X2_M3_r1,chocolate_cake,249,0.510370
FKIT,S+X2_M3_r1,chocolate_cake,250,0.506021
FKIT,S+X2_M3_r1,chocolate_cake,251,0.506029
FKIT,S+X2_M3_r1,chocolate_cake,252,0.550731
FKIT,S+X2_M3_r1,chocolate_cake,253,0.546726
FKIT,S+X2_M3_r1,chocolate_cake,254,0.559174
FKIT,S+X2_M3_r1,chocolate_cake,255,0.577143
FKIT,S+X2_M3_r1,chocolate_cake,256,0.516141
FKIT,S+X2_M3_r1,chocolate_cake,257,0.482961
FKIT,S+X2_M3_r1,chocolate_cake,258,0.512588
FKIT,S+X2_M3_r1,chocolate_cake,259,0.456922
FKIT,S+X2_M3_r1,chocolate_cake,260,0.466585
FKIT,S+X2_M3_r1,chocolate_cake,261,0.526779
FKIT,S+X2_M3_r1,chocolate_cake,262,0.495355
FKIT,S+X2_M3_r1,chocolate_cake,263,0.516342
FKIT,S+X2_M3_r1,chocolate_cake,264,0.505150
FKIT,S+X2_M3_r1,chocolate_cake,265,0.500178
FKIT,S+X2_M3_r1,chocolate_cake,266,0.502034
FKIT,S+X2_M3_r1,chocolate_cake,267,0.572319
FKIT,S+X2_M3_r1,chocolate_cake,268,0.526499
FKIT,S+X2_M3_r1,chocolate_cake,269,0.695245
FKIT,S+X2_M3_r1,chocolate_cake,270,0.746813
FKIT,S+X2_M3_r1,chocolate_cake,271,0.747813
FKIT,S+X2_M3_r1,chocolate_cake,272,0.798581
FKIT,S+X2_M3_r1,chocolate_cake,273,0.865696
FKIT,S+X2_M3_r1,chocolate_cake,274,0.891338
FKIT,S+X2_M3_r1,chocolate_cake,275,0.887853
FKIT,S+X2_M3_r1,chocolate_cake,276,0.901442
FKIT,S+X2_M3_r1,chocolate_cake,277,0.903680
FKIT,S+X2_M3_r1,chocolate_cake,278,0.902313
FKIT,S+X2_M3_r1,chocolate_cake,279,0.910571
FKIT,S+X2_M3_r1,chocolate_cake,280,0.886134
FKIT,S+X2_M3_r1,chocolate_cake,281,0.900290
FKIT,S+X2_M3_r1,chocolate_cake,282,0.914314
FKIT,S+X2_M3_r1,chocolate_cake,283,0.934225
FKIT,S+X2_M3_r1,chocolate_cake,284,0.939035
FKIT,S+X2_M3_r1,chocolate_cake,285,0.910911
FKIT,S+X2_M3_r1,chocolate_cake,286,0.904146
FKIT,S+X2_M3_r1,chocolate_cake,287,0.927983
FKIT,S+X2_M3_r1,chocolate_cake,288,0.913881
FKIT,S+X2_M3_r1,chocolate_cake,289,0.882024
FKIT,S+X2_M3_r1,chocolate_cake,290,0.864678
FKIT,S+X2_M3_r1,chocolate_cake,291,0.851289
FKIT,S+X2_M3_r1,chocolate_cake,292,0.825331
FKIT,S+X2_M3_r1,chocolate_cake,293,0.908200
FKIT,S+X2_M3_r1,chocolate_cake,294,0.902701
FKIT,S+X2_M3_r1,chocolate_cake,295,0.875601
FKIT,S+X2_M3_r1,chocolate_cake,296,0.837500
FKIT,S+X2_M3_r1,chocolate_cake,297,0.805293
FKIT,S+X2_M3_r1,chocolate_cake,298,0.736209
FKIT,S+X2_M3_r1,chocolate_cake,299,0.663815
FKIT,S+X2_M3_r1,chocolate_cake,300,0.714136
FKIT,S+X2_M3_r1,chocolate_cake,301,0.636152
FKIT,S+X2_M3_r1,chocolate_cake,302,0.326168
FKIT,S+X2_M3_r1,chocolate_cake,303,0.341970
FKIT,S+X2_M3_r1,chocolate_cake,304,0.354869
FKIT,S+X2_M3_r1,chocolate_cake,305,0.331701
FKIT,S+X2_M3_r1,chocolate_cake,306,0.311719
FKIT,S+X2_M3_r1,chocolate_cake,307,0.307924
FKIT,S+X2_M3_r1,chocolate_cake,308,0.322991
FKIT,S+X2_M3_r1,chocolate_cake,309,0.338991
FKIT,S+X2_M3_r1,chocolate_cake,310,0.315800
FKIT,S+X2_M3_r1,chocolate_cake,311,0.315747
FKIT,S+X2_M3_r1,chocolate_cake,312,0.324045
FKIT,S+X2_M3_r1,chocolate_cake,313,0.316753
FKIT,S+X2_M3_r1,chocolate_cake,314,0.340735
FKIT,S+X2_M3_r1,chocolate_cake,315,0.297279
FKIT,S+X2_M3_r1,chocolate_cake,316,0.317678
FKIT,S+X2_M3_r1,chocolate_cake,317,0.323390
FKIT,S+X2_M3_r1,chocolate_cake,318,0.327253
FKIT,S+X2_M3_r1,chocolate_cake,319,0.278723
FKIT,S+X2_M3_r1,chocolate_cake,320,0.320407
FKIT,S+X2_M3_r1,chocolate_cake,321,0.312845
FKIT,S+X2_M3_r1,chocolate_cake,322,0.346964
FKIT,S+X2_M3_r1,chocolate_cake,323,0.324357
FKIT,S+X2_M3_r1,chocolate_cake,324,0.351178
FKIT,S+X2_M3_r1,chocolate_cake,325,0.352861
FKIT,S+X2_M3_r1,chocolate_cake,326,0.336812
FKIT,S+X2_M3_r1,chocolate_cake,327,0.319685
FKIT,S+X2_M3_r1,chocolate_cake,328,0.411042
FKIT,S+X2_M3_r1,chocolate_cake,329,0.457865
FKIT,S+X2_M3_r1,chocolate_cake,330,0.548219
FKIT,S+X2_M3_r1,chocolate_cake,331,0.687495
FKIT,S+X2_M3_r1,chocolate_cake,332,0.438776
FKIT,S+X2_M3_r1,chocolate_cake,333,0.659586
FKIT,S+X2_M3_r1,chocolate_cake,334,0.493127
FKIT,S+X2_M3_r1,chocolate_cake,335,0.515666
FKIT,S+X2_M3_r1,chocolate_cake,336,0.710581
FKIT,S+X2_M3_r1,chocolate_cake,337,0.704131
FKIT,S+X2_M3_r1,chocolate_cake,338,0.750631
FKIT,S+X2_M3_r1,chocolate_cake,339,0.466242
FKIT,S+X2_M3_r1,chocolate_cake,340,0.811826
FKIT,S+X2_M3_r1,chocolate_cake,341,0.827299
FKIT,S+X2_M3_r1,chocolate_cake,342,0.840656
FKIT,S+X2_M3_r1,chocolate_cake,343,0.742281
FKIT,S+X2_M3_r1,chocolate_cake,344,0.775269
FKIT,S+X2_M3_r1,chocolate_cake,345,0.782003
FKIT,S+X2_M3_r1,chocolate_cake,346,0.626755
FKIT,S+X2_M3_r1,chocolate_cake,347,0.793398
FKIT,S+X2_M3_r1,chocolate_cake,348,0.754520
FKIT,S+X2_M3_r1,chocolate_cake,349,0.661793
FKIT,S+X2_M3_r1,chocolate_cake,350,0.744569
FKIT,S+X2_M3_r1,chocolate_cake,351,0.798490
FKIT,S+X2_M3_r1,chocolate_cake,352,0.755688
FKIT,S+X2_M3_r1,chocolate_cake,353,0.767845
FKIT,S+X2_M3_r1,chocolate_cake,354,0.838630
FKIT,S+X2_M3_r1,chocolate_cake,355,0.820835
FKIT,S+X2_M3_r1,chocolate_cake,356,0.817232
FKIT,S+X2_M3_r1,chocolate_cake,357,0.852068
FKIT,S+X2_M3_r1,chocolate_cake,358,0.778226
FKIT,S+X2_M3_r1,chocolate_cake,359,0.754291
FKIT,S+X2_M3_r1,chocolate_cake,360,0.840469
FKIT,S+X2_M3_r1,chocolate_cake,361,0.830310
FKIT,S+X2_M3_r1,chocolate_cake,362,0.787389
FKIT,S+X2_M3_r1,chocolate_cake,363,0.825246
FKIT,S+X2_M3_r1,chocolate_cake,364,0.840965
FKIT,S+X2_M3_r1,chocolate_cake,365,0.734985
FKIT,S+X2_M3_r1,chocolate_cake,366,0.496150
FKIT,S+X2_M3_r1,chocolate_cake,367,0.363973
FKIT,S+X2_M3_r1,chocolate_cake,368,0.142763
FKIT,S+X2_M3_r1,chocolate_cake,369,0.127994
FKIT,S+X2_M3_r1,chocolate_cake,370,0.115056
FKIT,S+X2_M3_r1,chocolate_cake,371,0.104935
FKIT,S+X2_M3_r1,chocolate_cake,372,0.112485
FKIT,S+X2_M3_r1,chocolate_cake,373,0.092605
FKIT,S+X2_M3_r1,chocolate_cake,374,0.085862
FKIT,S+X2_M3_r1,chocolate_cake,375,0.066189
FKIT,S+X2_M3_r1,chocolate_cake,376,0.082437
FKIT,S+X2_M3_r1,chocolate_cake,377,0.074778
FKIT,S+X2_M3_r1,chocolate_cake,378,0.075098
FKIT,S+X2_M3_r1,chocolate_cake,379,0.074386
FKIT,S+X2_M3_r1,chocolate_cake,380,0.073296
FKIT,S+X2_M3_r1,chocolate_cake,381,0.077783
FKIT,S+X2_M3_r1,chocolate_cake,382,0.086453
FKIT,S+X2_M3_r1,chocolate_cake,383,0.086969
FKIT,S+X2_M3_r1,chocolate_cake,384,0.104895
FKIT,S+X2_M3_r1,chocolate_cake,385,0.107105
FKIT,S+X2_M3_r1,chocolate_cake,386,0.085704
FKIT,S+X2_M3_r1,chocolate_cake,387,0.131392
FKIT,S+X2_M3_r1,chocolate_cake,388,0.386193
FKIT,S+X2_M3_r1,chocolate_cake,389,0.530180
FKIT,S+X2_M3_r1,chocolate_cake,390,0.660208
FKIT,S+X2_M3_r1,chocolate_cake,391,0.635335
FKIT,S+X2_M3_r1,chocolate_cake,392,0.724059
FKIT,S+X2_M3_r1,chocolate_cake,393,0.814278
FKIT,S+X2_M3_r1,chocolate_cake,394,0.856258
FKIT,S+X2_M3_r1,chocolate_cake,395,0.845235
FKIT,S+X2_M3_r1,chocolate_cake,396,0.843069
FKIT,S+X2_M3_r1,chocolate_cake,397,0.832157
FKIT,S+X2_M3_r1,chocolate_cake,398,0.842540
FKIT,S+X2_M3_r1,chocolate_cake,399,0.865153
FKIT,S+X2_M3_r1,chocolate_cake,400,0.866823
FKIT,S+X2_M3_r1,chocolate_cake,401,0.895763
FKIT,S+X2_M3_r1,chocolate_cake,402,0.902546
FKIT,S+X2_M3_r1,chocolate_cake,403,0.906127
FKIT,S+X2_M3_r1,chocolate_cake,404,0.931946
FKIT,S+X2_M3_r1,chocolate_cake,405,0.907419
FKIT,S+X2_M3_r1,chocolate_cake,406,0.943937
FKIT,S+X2_M3_r1,chocolate_cake,407,0.913061
FKIT,S+X2_M3_r1,chocolate_cake,408,0.946163
FKIT,S+X2_M3_r1,chocolate_cake,409,0.949935
FKIT,S+X2_M3_r1,chocolate_cake,410,0.948140
FKIT,S+X2_M3_r1,chocolate_cake,411,0.936775
FKIT,S+X2_M3_r1,chocolate_cake,412,0.946050
FKIT,S+X2_M3_r1,chocolate_cake,413,0.950308
FKIT,S+X2_M3_r1,chocolate_cake,414,0.939814
FKIT,S+X2_M3_r1,chocolate_cake,415,0.950858
FKIT,S+X2_M3_r1,chocolate_cake,416,0.958909
FKIT,S+X2_M3_r1,chocolate_cake,417,0.960556
FKIT,S+X2_M3_r1,chocolate_cake,418,0.960286
FKIT,S+X2_M3_r1,chocolate_cake,419,0.963032
FKIT,S+X2_M3_r1,chocolate_cake,420,0.955375
FKIT,S+X2_M3_r1,chocolate_cake,421,0.956255
FKIT,S+X2_M3_r1,chocolate_cake,422,0.958265
FKIT,S+X2_M3_r1,chocolate_cake,423,0.956444
FKIT,S+X2_M3_r1,chocolate_cake,424,0.962279
FKIT,S+X2_M3_r1,chocolate_cake,425,0.961495
FKIT,S+X2_M3_r1,chocolate_cake,426,0.944688
FKIT,S+X2_M3_r1,chocolate_cake,427,0.956053
FKIT,S+X2_M3_r1,chocolate_cake,428,0.953521
FKIT,S+X2_M3_r1,chocolate_cake,429,0.949027
FKIT,S+X2_M3_r1,chocolate_cake,430,0.945699
FKIT,S+X2_M3_r1,chocolate_cake,431,0.933920
FKIT,S+X2_M3_r1,chocolate_cake,432,0.921321
FKIT,S+X2_M3_r1,chocolate_cake,433,0.936197
FKIT,S+X2_M3_r1,chocolate_cake,434,0.930555
FKIT,S+X2_M3_r1,chocolate_cake,435,0.947814
FKIT,S+X2_M3_r1,chocolate_cake,436,0.961348
FKIT,S+X2_M3_r1,chocolate_cake,437,0.965690
FKIT,S+X2_M3_r1,chocolate_cake,438,0.963623
FKIT,S+X2_M3_r1,chocolate_cake,439,0.955415
FKIT,S+X2_M3_r1,chocolate_cake,440,0.946703
FKIT,S+X2_M3_r1,chocolate_cake,441,0.932223
FKIT,S+X2_M3_r1,chocolate_cake,442,0.940066
FKIT,S+X2_M3_r1,chocolate_cake,443,0.936142
FKIT,S+X2_M3_r1,chocolate_cake,444,0.928061
FKIT,S+X2_M3_r1,chocolate_cake,445,0.951351
FKIT,S+X2_M3_r1,chocolate_cake,446,0.960094
FKIT,S+X2_M3_r1,chocolate_cake,447,0.961700
FKIT,S+X2_M3_r1,chocolate_cake,448,0.962514
FKIT,S+X2_M3_r1,chocolate_cake,449,0.963548
FKIT,S+X2_M3_r1,chocolate_cake,450,0.949935
FKIT,S+X2_M3_r1,chocolate_cake,451,0.956177
FKIT,S+X2_M3_r1,chocolate_cake,452,0.951214
FKIT,S+X2_M3_r1,chocolate_cake,453,0.947532
FKIT,S+X2_M3_r1,chocolate_cake,454,0.951168
FKIT,S+X2_M3_r1,chocolate_cake,455,0.944474
FKIT,S+X2_M3_r1,chocolate_cake,456,0.959601
FKIT,S+X2_M3_r1,chocolate_cake,457,0.958422
FKIT,S+X2_M3_r1,chocolate_cake,458,0.963315
FKIT,S+X2_M3_r1,chocolate_cake,459,0.965336
FKIT,S+X2_M3_r1,chocolate_cake,460,0.963413
FKIT,S+X2_M3_r1,chocolate_cake,461,0.963939
FKIT,S+X2_M3_r1,chocolate_cake,462,0.961893
FKIT,S+X2_M3_r1,chocolate_cake,463,0.960042
FKIT,S+X2_M3_r1,chocolate_cake,464,0.965382
FKIT,S+X2_M3_r1,chocolate_cake,465,0.958399
FKIT,S+X2_M3_r1,chocolate_cake,466,0.960358
FKIT,S+X2_M3_r1,chocolate_cake,467,0.964540
FKIT,S+X2_M3_r1,chocolate_cake,468,0.961130
FKIT,S+X2_M3_r1,chocolate_cake,469,0.963861
FKIT,S+X2_M3_r1,chocolate_cake,470,0.963707
FKIT,S+X2_M3_r1,chocolate_cake,471,0.960786
FKIT,S+X2_M3_r1,chocolate_cake,472,0.953410
FKIT,S+X2_M3_r1,chocolate_cake,473,0.956891
FKIT,S+X2_M3_r1,chocolate_cake,474,0.955320
FKIT,S+X2_M3_r1,chocolate_cake,475,0.932673
FKIT,S+X2_M3_r1,chocolate_cake,476,0.956347
FKIT,S+X2_M3_r1,chocolate_cake,477,0.960033
FKIT,S+X2_M3_r1,chocolate_cake,478,0.949413
FKIT,S+X2_M3_r1,chocolate_cake,479,0.950095
FKIT,S+X2_M3_r1,chocolate_cake,480,0.949912
FKIT,S+X2_M3_r1,chocolate_cake,481,0.939684
FKIT,S+X2_M3_r1,chocolate_cake,482,0.948714
FKIT,S+X2_M3_r1,chocolate_cake,483,0.944917
FKIT,S+X2_M3_r1,chocolate_cake,484,0.926026
FKIT,S+X2_M3_r1,chocolate_cake,485,0.880189
FKIT,S+X2_M3_r1,chocolate_cake,486,0.885772
FKIT,S+X2_M3_r1,chocolate_cake,487,0.859102
FKIT,S+X2_M3_r1,chocolate_cake,488,0.871668
FKIT,S+X2_M3_r1,chocolate_cake,489,0.899712
FKIT,S+X2_M3_r1,chocolate_cake,490,0.892145
FKIT,S+X2_M3_r1,chocolate_cake,491,0.887194
FKIT,S+X2_M3_r1,chocolate_cake,492,0.903754
FKIT,S+X2_M3_r1,chocolate_cake,493,0.884839
FKIT,S+X2_M3_r1,chocolate_cake,494,0.864960
FKIT,S+X2_M3_r1,chocolate_cake,495,0.870507
FKIT,S+X2_M3_r1,chocolate_cake,496,0.889723
FKIT,S+X2_M3_r1,chocolate_cake,497,0.907301
FKIT,S+X2_M3_r1,chocolate_cake,498,0.886243
FKIT,S+X2_M3_r1,chocolate_cake,499,0.892981
FKIT,S+X2_M3_r1,chocolate_cake,500,0.899392
FKIT,S+X2_M3_r1,chocolate_cake,501,0.899987
FKIT,S+X2_M3_r1,chocolate_cake,502,0.888548
FKIT,S+X2_M3_r1,chocolate_cake,503,0.881768
FKIT,S+X2_M3_r1,chocolate_cake,504,0.886311
FKIT,S+X2_M3_r1,chocolate_cake,505,0.887817
FKIT,S+X2_M3_r1,chocolate_cake,506,0.927889
FKIT,S+X2_M3_r1,chocolate_cake,507,0.944088
FKIT,S+X2_M3_r1,chocolate_cake,508,0.937981
FKIT,S+X2_M3_r1,chocolate_cake,509,0.948845
FKIT,S+X2_M3_r1,chocolate_cake,510,0.934268
FKIT,S+X2_M3_r1,chocolate_cake,511,0.941799
FKIT,S+X2_M3_r1,chocolate_cake,512,0.943696
FKIT,S+X2_M3_r1,chocolate_cake,513,0.944620
FKIT,S+X2_M3_r1,chocolate_cake,514,0.927541
FKIT,S+X2_M3_r1,chocolate_cake,515,0.939087
FKIT,S+X2_M3_r1,chocolate_cake,516,0.949802
FKIT,S+X2_M3_r1,chocolate_cake,517,0.960710
FKIT,S+X2_M3_r1,chocolate_cake,518,0.954536
FKIT,S+X2_M3_r1,chocolate_cake,519,0.948711
FKIT,S+X2_M3_r1,chocolate_cake,520,0.945927
FKIT,S+X2_M3_r1,chocolate_cake,521,0.956107
FKIT,S+X2_M3_r1,chocolate_cake,522,0.960441
FKIT,S+X2_M3_r1,chocolate_cake,523,0.957354
FKIT,S+X2_M3_r1,chocolate_cake,524,0.952219
FKIT,S+X2_M3_r1,chocolate_cake,525,0.961970
FKIT,S+X2_M3_r1,chocolate_cake,526,0.969529
FKIT,S+X2_M3_r1,chocolate_cake,527,0.966593
FKIT,S+X2_M3_r1,chocolate_cake,528,0.969241
FKIT,S+X2_M3_r1,chocolate_cake,529,0.965810
FKIT,S+X2_M3_r1,chocolate_cake,530,0.965909
FKIT,S+X2_M3_r1,chocolate_cake,531,0.960691
FKIT,S+X2_M3_r1,chocolate_cake,532,0.967056
FKIT,S+X2_M3_r1,chocolate_cake,533,0.973747
FKIT,S+X2_M3_r1,chocolate_cake,534,0.967897
FKIT,S+X2_M3_r1,chocolate_cake,535,0.966739
FKIT,S+X2_M3_r1,chocolate_cake,536,0.972084
FKIT,S+X2_M3_r1,chocolate_cake,537,0.971826
FKIT,S+X2_M3_r1,chocolate_cake,538,0.969755
FKIT,S+X2_M3_r1,chocolate_cake,539,0.969765
FKIT,S+X2_M3_r1,chocolate_cake,540,0.970600
FKIT,S+X2_M3_r1,chocolate_cake,541,0.972970
FKIT,S+X2_M3_r1,chocolate_cake,542,0.969367
FKIT,S+X2_M3_r1,chocolate_cake,543,0.972560
FKIT,S+X2_M3_r1,chocolate_cake,544,0.971565
FKIT,S+X2_M3_r1,chocolate_cake,545,0.959724
FKIT,S+X2_M3_r1,chocolate_cake,546,0.965192
FKIT,S+X2_M3_r1,chocolate_cake,547,0.964231
FKIT,S+X2_M3_r1,chocolate_cake,548,0.954465
FKIT,S+X2_M3_r1,chocolate_cake,549,0.947865
FKIT,S+X2_M3_r1,chocolate_cake,550,0.947789
FKIT,S+X2_M3_r1,chocolate_cake,551,0.943841
FKIT,S+X2_M3_r1,chocolate_cake,552,0.952552
FKIT,S+X2_M3_r1,chocolate_cake,553,0.942869
FKIT,S+X2_M3_r1,chocolate_cake,554,0.949330
FKIT,S+X2_M3_r1,chocolate_cake,555,0.941692
FKIT,S+X2_M3_r1,chocolate_cake,556,0.947626
FKIT,S+X2_M3_r1,chocolate_cake,557,0.947033
FKIT,S+X2_M3_r1,chocolate_cake,558,0.948368
FKIT,S+X2_M3_r1,chocolate_cake,559,0.943743
FKIT,S+X2_M3_r1,chocolate_cake,560,0.937841
FKIT,S+X2_M3_r1,chocolate_cake,561,0.931457
FKIT,S+X2_M3_r1,chocolate_cake,562,0.941257
FKIT,S+X2_M3_r1,chocolate_cake,563,0.947251
FKIT,S+X2_M3_r1,chocolate_cake,564,0.932818
FKIT,S+X2_M3_r1,chocolate_cake,565,0.940964
FKIT,S+X2_M3_r1,chocolate_cake,566,0.941417
FKIT,S+X2_M3_r1,chocolate_cake,567,0.946949
FKIT,S+X2_M3_r1,chocolate_cake,568,0.944651
FKIT,S+X2_M3_r1,chocolate_cake,569,0.948621
FKIT,S+X2_M3_r1,chocolate_cake,570,0.939599
FKIT,S+X2_M3_r1,chocolate_cake,571,0.928712
FKIT,S+X2_M3_r1,chocolate_cake,572,0.942728
FKIT,S+X2_M3_r1,chocolate_cake,573,0.927945
FKIT,S+X2_M3_r1,chocolate_cake,574,0.938419
FKIT,S+X2_M3_r1,chocolate_cake,575,0.941222
FKIT,S+X2_M3_r1,chocolate_cake,576,0.951213
FKIT,S+X2_M3_r1,chocolate_cake,577,0.946351
FKIT,S+X2_M3_r1,chocolate_cake,578,0.952259
FKIT,S+X2_M3_r1,chocolate_cake,579,0.950904
FKIT,S+X2_M3_r1,chocolate_cake,580,0.948409
FKIT,S+X2_M3_r1,chocolate_cake,581,0.950986
FKIT,S+X2_M3_r1,chocolate_cake,582,0.949840
FKIT,S+X2_M3_r1,chocolate_cake,583,0.950468
FKIT,S+X2_M3_r1,chocolate_cake,584,0.953732
FKIT,S+X2_M3_r1,chocolate_cake,585,0.956887
FKIT,S+X2_M3_r1,chocolate_cake,586,0.957784
FKIT,S+X2_M3_r1,chocolate_cake,587,0.956855
FKIT,S+X2_M3_r1,chocolate_cake,588,0.949593
FKIT,S+X2_M3_r1,chocolate_cake,589,0.959603
FKIT,S+X2_M3_r1,chocolate_cake,590,0.942280
FKIT,S+X2_M3_r1,chocolate_cake,591,0.931077
FKIT,S+X2_M3_r1,chocolate_cake,592,0.947594
FKIT,S+X2_M3_r1,chocolate_cake,593,0.947853
FKIT,S+X2_M3_r1,chocolate_cake,594,0.934192
FKIT,S+X2_M3_r1,chocolate_cake,595,0.932178
FKIT,S+X2_M3_r1,chocolate_cake,596,0.924921
FKIT,S+X2_M3_r1,chocolate_cake,597,0.905150
FKIT,S+X2_M3_r1,chocolate_cake,598,0.932010
FKIT,S+X2_M3_r1,chocolate_cake,599,0.898959
FKIT,S+X2_M3_r1,chocolate_cake,600,0.925440
FKIT,S+X2_M3_r1,chocolate_cake,601,0.914649
FKIT,S+X2_M3_r1,chocolate_cake,602,0.888348
FKIT,S+X2_M3_r1,chocolate_cake,603,0.476987
FKIT,S+X2_M3_r1,chocolate_cake,604,0.302355
FKIT,S+X2_M3_r1,chocolate_cake,605,0.138499
FKIT,S+X2_M3_r1,chocolate_cake,606,0.132145
FKIT,S+X2_M3_r1,chocolate_cake,607,0.501708
FKIT,S+X2_M3_r1,chocolate_cake,608,0.353771
FKIT,S+X2_M3_r1,chocolate_cake,609,0.648979
FKIT,S+X2_M3_r1,chocolate_cake,610,0.869145
FKIT,S+X2_M3_r1,chocolate_cake,611,0.916211
FKIT,S+X2_M3_r1,chocolate_cake,612,0.911427
FKIT,S+X2_M3_r1,chocolate_cake,613,0.943545
FKIT,S+X2_M3_r1,chocolate_cake,614,0.948306
FKIT,S+X2_M3_r1,chocolate_cake,615,0.942484
FKIT,S+X2_M3_r1,chocolate_cake,616,0.957926
FKIT,S+X2_M3_r1,chocolate_cake,617,0.959821
FKIT,S+X2_M3_r1,chocolate_cake,618,0.959055
FKIT,S+X2_M3_r1,chocolate_cake,619,0.958641
FKIT,S+X2_M3_r1,chocolate_cake,620,0.951914
FKIT,S+X2_M3_r1,chocolate_cake,621,0.953193
FKIT,S+X2_M3_r1,chocolate_cake,622,0.954689
FKIT,S+X2_M3_r1,chocolate_cake,623,0.951922
FKIT,S+X2_M3_r1,chocolate_cake,624,0.972403
FKIT,S+X2_M3_r1,chocolate_cake,625,0.964435
FKIT,S+X2_M3_r1,chocolate_cake,626,0.967816
FKIT,S+X2_M3_r1,chocolate_cake,627,0.967998
FKIT,S+X2_M3_r1,chocolate_cake,628,0.972600
FKIT,S+X2_M3_r1,chocolate_cake,629,0.962873
FKIT,S+X2_M3_r1,chocolate_cake,630,0.969416
FKIT,S+X2_M3_r1,chocolate_cake,631,0.967963
FKIT,S+X2_M3_r1,chocolate_cake,632,0.971806
FKIT,S+X2_M3_r1,chocolate_cake,633,0.973769
FKIT,S+X2_M3_r1,chocolate_cake,634,0.974728
FKIT,S+X2_M3_r1,chocolate_cake,635,0.971109
FKIT,S+X2_M3_r1,chocolate_cake,636,0.974764
FKIT,S+X2_M3_r1,chocolate_cake,637,0.973164
FKIT,S+X2_M3_r1,chocolate_cake,638,0.971267
FKIT,S+X2_M3_r1,chocolate_cake,639,0.974580
FKIT,S+X2_M3_r1,chocolate_cake,640,0.974286
FKIT,S+X2_M3_r1,chocolate_cake,641,0.973428
FKIT,S+X2_M3_r1,chocolate_cake,642,0.971885
FKIT,S+X2_M3_r1,chocolate_cake,643,0.969569
FKIT,S+X2_M3_r1,chocolate_cake,644,0.970619
FKIT,S+X2_M3_r1,chocolate_cake,645,0.973148
FKIT,S+X2_M3_r1,chocolate_cake,646,0.968693
FKIT,S+X2_M3_r1,chocolate_cake,647,0.970159
FKIT,S+X2_M3_r1,chocolate_cake,648,0.967691
FKIT,S+X2_M3_r1,chocolate_cake,649,0.969987
FKIT,S+X2_M3_r1,chocolate_cake,650,0.968277
FKIT,S+X2_M3_r1,chocolate_cake,651,0.968715
FKIT,S+X2_M3_r1,chocolate_cake,652,0.963748
FKIT,S+X2_M3_r1,chocolate_cake,653,0.954516
FKIT,S+X2_M3_r1,chocolate_cake,654,0.961359
FKIT,S+X2_M3_r1,chocolate_cake,655,0.967515
FKIT,S+X2_M3_r1,chocolate_cake,656,0.960349
FKIT,S+X2_M3_r1,chocolate_cake,657,0.957624
FKIT,S+X2_M3_r1,chocolate_cake,658,0.958747
FKIT,S+X2_M3_r1,chocolate_cake,659,0.955157
FKIT,S+X2_M3_r1,chocolate_cake,660,0.954213
FKIT,S+X2_M3_r1,chocolate_cake,661,0.959047
FKIT,S+X2_M3_r1,chocolate_cake,662,0.955683
FKIT,S+X2_M3_r1,chocolate_cake,663,0.956191
FKIT,S+X2_M3_r1,chocolate_cake,664,0.957041
FKIT,S+X2_M3_r1,chocolate_cake,665,0.956228
FKIT,S+X2_M3_r1,chocolate_cake,666,0.958002
FKIT,S+X2_M3_r1,chocolate_cake,667,0.962893
FKIT,S+X2_M3_r1,chocolate_cake,668,0.962730
FKIT,S+X2_M3_r1,chocolate_cake,669,0.962463
FKIT,S+X2_M3_r1,chocolate_cake,670,0.959668
FKIT,S+X2_M3_r1,chocolate_cake,671,0.956047
FKIT,S+X2_M3_r1,chocolate_cake,672,0.958269
FKIT,S+X2_M3_r1,chocolate_cake,673,0.964853
FKIT,S+X2_M3_r1,chocolate_cake,674,0.962292
FKIT,S+X2_M3_r1,chocolate_cake,675,0.961216
FKIT,S+X2_M3_r1,chocolate_cake,676,0.957934
FKIT,S+X2_M3_r1,chocolate_cake,677,0.959184
FKIT,S+X2_M3_r1,chocolate_cake,678,0.952816
FKIT,S+X2_M3_r1,chocolate_cake,679,0.947729
FKIT,S+X2_M3_r1,chocolate_cake,680,0.957366
FKIT,S+X2_M3_r1,chocolate_cake,681,0.955789
FKIT,S+X2_M3_r1,chocolate_cake,682,0.953709
FKIT,S+X2_M3_r1,chocolate_cake,683,0.957630
FKIT,S+X2_M3_r1,chocolate_cake,684,0.927227
FKIT,S+X2_M3_r1,chocolate_cake,685,0.935346
FKIT,S+X2_M3_r1,chocolate_cake,686,0.946459
FKIT,S+X2_M3_r1,chocolate_cake,687,0.934956
FKIT,S+X2_M3_r1,chocolate_cake,688,0.928104
FKIT,S+X2_M3_r1,chocolate_cake,689,0.935760
FKIT,S+X2_M3_r1,chocolate_cake,690,0.934431
FKIT,S+X2_M3_r1,chocolate_cake,691,0.933175
FKIT,S+X2_M3_r1,chocolate_cake,692,0.927269
FKIT,S+X2_M3_r1,chocolate_cake,693,0.934190
FKIT,S+X2_M3_r1,chocolate_cake,694,0.925110
FKIT,S+X2_M3_r1,chocolate_cake,695,0.923199
FKIT,S+X2_M3_r1,chocolate_cake,696,0.928335
FKIT,S+X2_M3_r1,chocolate_cake,697,0.924959
FKIT,S+X2_M3_r1,chocolate_cake,698,0.945735
FKIT,S+X2_M3_r1,chocolate_cake,699,0.939833
FKIT,S+X2_M3_r1,chocolate_cake,700,0.939451
FKIT,S+X2_M3_r1,chocolate_cake,701,0.935619
FKIT,S+X2_M3_r1,chocolate_cake,702,0.931307
FKIT,S+X2_M3_r1,chocolate_cake,703,0.926863
FKIT,S+X2_M3_r1,chocolate_cake,704,0.934882
FKIT,S+X2_M3_r1,chocolate_cake,705,0.932140
FKIT,S+X2_M3_r1,chocolate_cake,706,0.946518
FKIT,S+X2_M3_r1,chocolate_cake,707,0.947642
FKIT,S+X2_M3_r1,chocolate_cake,708,0.944822
FKIT,S+X2_M3_r1,chocolate_cake,709,0.944688
FKIT,S+X2_M3_r1,chocolate_cake,710,0.942709
FKIT,S+X2_M3_r1,chocolate_cake,711,0.943064
FKIT,S+X2_M3_r1,chocolate_cake,712,0.944044
FKIT,S+X2_M3_r1,chocolate_cake,713,0.949210
FKIT,S+X2_M3_r1,chocolate_cake,714,0.954924
FKIT,S+X2_M3_r1,chocolate_cake,715,0.949893
FKIT,S+X2_M3_r1,chocolate_cake,716,0.953364
FKIT,S+X2_M3_r1,chocolate_cake,717,0.955869
FKIT,S+X2_M3_r1,chocolate_cake,718,0.953890
FKIT,S+X2_M3_r1,chocolate_cake,719,0.959317
FKIT,S+X2_M3_r1,chocolate_cake,720,0.959899
FKIT,S+X2_M3_r1,chocolate_cake,721,0.965669
FKIT,S+X2_M3_r1,chocolate_cake,722,0.966059
FKIT,S+X2_M3_r1,chocolate_cake,723,0.964825
FKIT,S+X2_M3_r1,chocolate_cake,724,0.964206
FKIT,S+X2_M3_r1,chocolate_cake,725,0.967494
FKIT,S+X2_M3_r1,chocolate_cake,726,0.971599
FKIT,S+X2_M3_r1,chocolate_cake,727,0.969222
FKIT,S+X2_M3_r1,chocolate_cake,728,0.967497
FKIT,S+X2_M3_r1,chocolate_cake,729,0.970465
FKIT,S+X2_M3_r1,chocolate_cake,730,0.968616
FKIT,S+X2_M3_r1,chocolate_cake,731,0.969822
FKIT,S+X2_M3_r1,chocolate_cake,732,0.967777
FKIT,S+X2_M3_r1,chocolate_cake,733,0.967929
FKIT,S+X2_M3_r1,chocolate_cake,734,0.967611
FKIT,S+X2_M3_r1,chocolate_cake,735,0.966063
FKIT,S+X2_M3_r1,chocolate_cake,736,0.970283
FKIT,S+X2_M3_r1,chocolate_cake,737,0.968223
FKIT,S+X2_M3_r1,chocolate_cake,738,0.967606
FKIT,S+X2_M3_r1,chocolate_cake,739,0.965547
FKIT,S+X2_M3_r1,chocolate_cake,740,0.957608
FKIT,S+X2_M3_r1,chocolate_cake,741,0.954885
FKIT,S+X2_M3_r1,chocolate_cake,742,0.939367
FKIT,S+X2_M3_r1,chocolate_cake,743,0.935648
FKIT,S+X2_M3_r1,chocolate_cake,744,0.922720
FKIT,S+X2_M3_r1,chocolate_cake,745,0.943389
FKIT,S+X2_M3_r1,chocolate_cake,746,0.951140
FKIT,S+X2_M3_r1,chocolate_cake,747,0.944536
FKIT,S+X2_M3_r1,chocolate_cake,748,0.950280
FKIT,S+X2_M3_r1,chocolate_cake,749,0.934604
FKIT,S+X2_M3_r1,chocolate_cake,750,0.942388
FKIT,S+X2_M3_r1,chocolate_cake,751,0.938804
FKIT,S+X2_M3_r1,chocolate_cake,752,0.942392
FKIT,S+X2_M3_r1,chocolate_cake,753,0.944444
FKIT,S+X2_M3_r1,chocolate_cake,754,0.940485
FKIT,S+X2_M3_r1,chocolate_cake,755,0.943429
FKIT,S+X2_M3_r1,chocolate_cake,756,0.950345
FKIT,S+X2_M3_r1,chocolate_cake,757,0.953479
FKIT,S+X2_M3_r1,chocolate_cake,758,0.950645
FKIT,S+X2_M3_r1,chocolate_cake,759,0.950364
FKIT,S+X2_M3_r1,chocolate_cake,760,0.954487
FKIT,S+X2_M3_r1,chocolate_cake,761,0.956983
FKIT,S+X2_M3_r1,chocolate_cake,762,0.954228
FKIT,S+X2_M3_r1,chocolate_cake,763,0.957467
FKIT,S+X2_M3_r1,chocolate_cake,764,0.958662
FKIT,S+X2_M3_r1,chocolate_cake,765,0.959417
FKIT,S+X2_M3_r1,chocolate_cake,766,0.962789
FKIT,S+X2_M3_r1,chocolate_cake,767,0.961807
FKIT,S+X2_M3_r1,chocolate_cake,768,0.961138
FKIT,S+X2_M3_r1,chocolate_cake,769,0.963937
FKIT,S+X2_M3_r1,chocolate_cake,770,0.964648
FKIT,S+X2_M3_r1,chocolate_cake,771,0.968224
FKIT,S+X2_M3_r1,chocolate_cake,772,0.965680
FKIT,S+X2_M3_r1,chocolate_cake,773,0.965016
FKIT,S+X2_M3_r1,chocolate_cake,774,0.962177
FKIT,S+X2_M3_r1,chocolate_cake,775,0.957884
FKIT,S+X2_M3_r1,chocolate_cake,776,0.970596
FKIT,S+X2_M3_r1,chocolate_cake,777,0.966835
FKIT,S+X2_M3_r1,chocolate_cake,778,0.968277
FKIT,S+X2_M3_r1,chocolate_cake,779,0.963971
FKIT,S+X2_M3_r1,chocolate_cake,780,0.960344
FKIT,S+X2_M3_r1,chocolate_croissant,0,0.150488
FKIT,S+X2_M3_r1,chocolate_croissant,1,0.149240
FKIT,S+X2_M3_r1,chocolate_croissant,2,0.136609
FKIT,S+X2_M3_r1,chocolate_croissant,3,0.146484
FKIT,S+X2_M3_r1,chocolate_croissant,4,0.162369
FKIT,S+X2_M3_r1,chocolate_croissant,5,0.147338
FKIT,S+X2_M3_r1,chocolate_croissant,6,0.157078
FKIT,S+X2_M3_r1,chocolate_croissant,7,0.155505
FKIT,S+X2_M3_r1,chocolate_croissant,8,0.154544
FKIT,S+X2_M3_r1,chocolate_croissant,9,0.148695
FKIT,S+X2_M3_r1,chocolate_croissant,10,0.136686
FKIT,S+X2_M3_r1,chocolate_croissant,11,0.177498
FKIT,S+X2_M3_r1,chocolate_croissant,12,0.177948
FKIT,S+X2_M3_r1,chocolate_croissant,13,0.177006
FKIT,S+X2_M3_r1,chocolate_croissant,14,0.186685
FKIT,S+X2_M3_r1,chocolate_croissant,15,0.193105
FKIT,S+X2_M3_r1,chocolate_croissant,16,0.183295
FKIT,S+X2_M3_r1,chocolate_croissant,17,0.181030
FKIT,S+X2_M3_r1,chocolate_croissant,18,0.189834
FKIT,S+X2_M3_r1,chocolate_croissant,19,0.192692
FKIT,S+X2_M3_r1,chocolate_croissant,20,0.181438
FKIT,S+X2_M3_r1,chocolate_croissant,21,0.134840
FKIT,S+X2_M3_r1,chocolate_croissant,22,0.171389
FKIT,S+X2_M3_r1,chocolate_croissant,23,0.151674
FKIT,S+X2_M3_r1,chocolate_croissant,24,0.123947
FKIT,S+X2_M3_r1,chocolate_croissant,25,0.143506
FKIT,S+X2_M3_r1,chocolate_croissant,26,0.151085
FKIT,S+X2_M3_r1,chocolate_croissant,27,0.151888
FKIT,S+X2_M3_r1,chocolate_croissant,28,0.146705
FKIT,S+X2_M3_r1,chocolate_croissant,29,0.163347
FKIT,S+X2_M3_r1,chocolate_croissant,30,0.190906
FKIT,S+X2_M3_r1,chocolate_croissant,31,0.108752
FKIT,S+X2_M3_r1,chocolate_croissant,32,0.108252
FKIT,S+X2_M3_r1,chocolate_croissant,33,0.109387
FKIT,S+X2_M3_r1,chocolate_croissant,34,0.158338
FKIT,S+X2_M3_r1,chocolate_croissant,35,0.150322
FKIT,S+X2_M3_r1,chocolate_croissant,36,0.139406
FKIT,S+X2_M3_r1,chocolate_croissant,37,0.144589
FKIT,S+X2_M3_r1,chocolate_croissant,38,0.167248
FKIT,S+X2_M3_r1,chocolate_croissant,39,0.146846
FKIT,S+X2_M3_r1,chocolate_croissant,40,0.128085
FKIT,S+X2_M3_r1,chocolate_croissant,41,0.081958
FKIT,S+X2_M3_r1,chocolate_croissant,42,0.087507
FKIT,S+X2_M3_r1,chocolate_croissant,43,0.095869
FKIT,S+X2_M3_r1,chocolate_croissant,44,0.076495
FKIT,S+X2_M3_r1,chocolate_croissant,45,0.089161
FKIT,S+X2_M3_r1,chocolate_croissant,46,0.104291
FKIT,S+X2_M3_r1,chocolate_croissant,47,0.150056
FKIT,S+X2_M3_r1,chocolate_croissant,48,0.100220
FKIT,S+X2_M3_r1,chocolate_croissant,49,0.111399
FKIT,S+X2_M3_r1,chocolate_croissant,50,0.171320
FKIT,S+X2_M3_r1,chocolate_croissant,51,0.127295
FKIT,S+X2_M3_r1,chocolate_croissant,52,0.149824
FKIT,S+X2_M3_r1,chocolate_croissant,53,0.155342
FKIT,S+X2_M3_r1,chocolate_croissant,54,0.158613
FKIT,S+X2_M3_r1,chocolate_croissant,55,0.190106
FKIT,S+X2_M3_r1,chocolate_croissant,56,0.199897
FKIT,S+X2_M3_r1,chocolate_croissant,57,0.162737
FKIT,S+X2_M3_r1,chocolate_croissant,58,0.193283
FKIT,S+X2_M3_r1,chocolate_croissant,59,0.193994
FKIT,S+X2_M3_r1,chocolate_croissant,60,0.187048
FKIT,S+X2_M3_r1,chocolate_croissant,61,0.205841
FKIT,S+X2_M3_r1,chocolate_croissant,62,0.185370
FKIT,S+X2_M3_r1,chocolate_croissant,63,0.228726
FKIT,S+X2_M3_r1,chocolate_croissant,64,0.238021
FKIT,S+X2_M3_r1,chocolate_croissant,65,0.269466
FKIT,S+X2_M3_r1,chocolate_croissant,66,0.257992
FKIT,S+X2_M3_r1,chocolate_croissant,67,0.252114
FKIT,S+X2_M3_r1,chocolate_croissant,68,0.249581
FKIT,S+X2_M3_r1,chocolate_croissant,69,0.223750
FKIT,S+X2_M3_r1,chocolate_croissant,70,0.266054
FKIT,S+X2_M3_r1,chocolate_croissant,71,0.277370
FKIT,S+X2_M3_r1,chocolate_croissant,72,0.253539
FKIT,S+X2_M3_r1,chocolate_croissant,73,0.240814
FKIT,S+X2_M3_r1,chocolate_croissant,74,0.252204
FKIT,S+X2_M3_r1,chocolate_croissant,75,0.285595
FKIT,S+X2_M3_r1,chocolate_croissant,76,0.265199
FKIT,S+X2_M3_r1,chocolate_croissant,77,0.237058
FKIT,S+X2_M3_r1,chocolate_croissant,78,0.262418
FKIT,S+X2_M3_r1,chocolate_croissant,79,0.259128
FKIT,S+X2_M3_r1,chocolate_croissant,80,0.235917
FKIT,S+X2_M3_r1,chocolate_croissant,81,0.225975
FKIT,S+X2_M3_r1,chocolate_croissant,82,0.222845
FKIT,S+X2_M3_r1,chocolate_croissant,83,0.226607
FKIT,S+X2_M3_r1,chocolate_croissant,84,0.230145
FKIT,S+X2_M3_r1,chocolate_croissant,85,0.239141
FKIT,S+X2_M3_r1,chocolate_croissant,86,0.230699
FKIT,S+X2_M3_r1,chocolate_croissant,87,0.217685
FKIT,S+X2_M3_r1,chocolate_croissant,88,0.209637
FKIT,S+X2_M3_r1,chocolate_croissant,89,0.188185
FKIT,S+X2_M3_r1,chocolate_croissant,90,0.186670
FKIT,S+X2_M3_r1,chocolate_croissant,91,0.175546
FKIT,S+X2_M3_r1,chocolate_croissant,92,0.175749
FKIT,S+X2_M3_r1,chocolate_croissant,93,0.184490
FKIT,S+X2_M3_r1,chocolate_croissant,94,0.191168
FKIT,S+X2_M3_r1,chocolate_croissant,95,0.192703
FKIT,S+X2_M3_r1,chocolate_croissant,96,0.174981
FKIT,S+X2_M3_r1,chocolate_croissant,97,0.170502
FKIT,S+X2_M3_r1,chocolate_croissant,98,0.176596
FKIT,S+X2_M3_r1,chocolate_croissant,99,0.179147
FKIT,S+X2_M3_r1,chocolate_croissant,100,0.169435
FKIT,S+X2_M3_r1,chocolate_croissant,101,0.172339
FKIT,S+X2_M3_r1,chocolate_croissant,102,0.174295
FKIT,S+X2_M3_r1,chocolate_croissant,103,0.154874
FKIT,S+X2_M3_r1,chocolate_croissant,104,0.167586
FKIT,S+X2_M3_r1,chocolate_croissant,105,0.167948
FKIT,S+X2_M3_r1,chocolate_croissant,106,0.137118
FKIT,S+X2_M3_r1,chocolate_croissant,107,0.140798
FKIT,S+X2_M3_r1,chocolate_croissant,108,0.146402
FKIT,S+X2_M3_r1,chocolate_croissant,109,0.135933
FKIT,S+X2_M3_r1,chocolate_croissant,110,0.141771
FKIT,S+X2_M3_r1,chocolate_croissant,111,0.159624
FKIT,S+X2_M3_r1,chocolate_croissant,112,0.150597
FKIT,S+X2_M3_r1,chocolate_croissant,113,0.141609
FKIT,S+X2_M3_r1,chocolate_croissant,114,0.119109
FKIT,S+X2_M3_r1,chocolate_croissant,115,0.124916
FKIT,S+X2_M3_r1,chocolate_croissant,116,0.117472
FKIT,S+X2_M3_r1,chocolate_croissant,117,0.123356
FKIT,S+X2_M3_r1,chocolate_croissant,118,0.126627
FKIT,S+X2_M3_r1,chocolate_croissant,119,0.115602
FKIT,S+X2_M3_r1,chocolate_croissant,120,0.112070
FKIT,S+X2_M3_r1,chocolate_croissant,121,0.112191
FKIT,S+X2_M3_r1,chocolate_croissant,122,0.119018
FKIT,S+X2_M3_r1,chocolate_croissant,123,0.114653
FKIT,S+X2_M3_r1,chocolate_croissant,124,0.114279
FKIT,S+X2_M3_r1,chocolate_croissant,125,0.106709
FKIT,S+X2_M3_r1,chocolate_croissant,126,0.108303
FKIT,S+X2_M3_r1,chocolate_croissant,127,0.106800
FKIT,S+X2_M3_r1,chocolate_croissant,128,0.101060
FKIT,S+X2_M3_r1,chocolate_croissant,129,0.107143
FKIT,S+X2_M3_r1,chocolate_croissant,130,0.098519
FKIT,S+X2_M3_r1,chocolate_croissant,131,0.094332
FKIT,S+X2_M3_r1,chocolate_croissant,132,0.098129
FKIT,S+X2_M3_r1,chocolate_croissant,133,0.097645
FKIT,S+X2_M3_r1,chocolate_croissant,134,0.103294
FKIT,S+X2_M3_r1,chocolate_croissant,135,0.100540
FKIT,S+X2_M3_r1,chocolate_croissant,136,0.094090
FKIT,S+X2_M3_r1,chocolate_croissant,137,0.098160
FKIT,S+X2_M3_r1,chocolate_croissant,138,0.091393
FKIT,S+X2_M3_r1,chocolate_croissant,139,0.094335
FKIT,S+X2_M3_r1,chocolate_croissant,140,0.093977
FKIT,S+X2_M3_r1,chocolate_croissant,141,0.098048
FKIT,S+X2_M3_r1,chocolate_croissant,142,0.087523
FKIT,S+X2_M3_r1,chocolate_croissant,143,0.091026
FKIT,S+X2_M3_r1,chocolate_croissant,144,0.093295
FKIT,S+X2_M3_r1,chocolate_croissant,145,0.092860
FKIT,S+X2_M3_r1,chocolate_croissant,146,0.092128
FKIT,S+X2_M3_r1,chocolate_croissant,147,0.096766
FKIT,S+X2_M3_r1,chocolate_croissant,148,0.091167
FKIT,S+X2_M3_r1,chocolate_croissant,149,0.092490
FKIT,S+X2_M3_r1,chocolate_croissant,150,0.091008
FKIT,S+X2_M3_r1,chocolate_croissant,151,0.091471
FKIT,S+X2_M3_r1,chocolate_croissant,152,0.081031
FKIT,S+X2_M3_r1,chocolate_croissant,153,0.082649
FKIT,S+X2_M3_r1,chocolate_croissant,154,0.086254
FKIT,S+X2_M3_r1,chocolate_croissant,155,0.079535
FKIT,S+X2_M3_r1,chocolate_croissant,156,0.083437
FKIT,S+X2_M3_r1,chocolate_croissant,157,0.087928
FKIT,S+X2_M3_r1,chocolate_croissant,158,0.083070
FKIT,S+X2_M3_r1,chocolate_croissant,159,0.084370
FKIT,S+X2_M3_r1,chocolate_croissant,160,0.082292
FKIT,S+X2_M3_r1,chocolate_croissant,161,0.083226
FKIT,S+X2_M3_r1,chocolate_croissant,162,0.077552
FKIT,S+X2_M3_r1,chocolate_croissant,163,0.078607
FKIT,S+X2_M3_r1,chocolate_croissant,164,0.076653
FKIT,S+X2_M3_r1,chocolate_croissant,165,0.074218
FKIT,S+X2_M3_r1,chocolate_croissant,166,0.078476
FKIT,S+X2_M3_r1,chocolate_croissant,167,0.070282
FKIT,S+X2_M3_r1,chocolate_croissant,168,0.065984
FKIT,S+X2_M3_r1,chocolate_croissant,169,0.072131
FKIT,S+X2_M3_r1,chocolate_croissant,170,0.066074
FKIT,S+X2_M3_r1,chocolate_croissant,171,0.071843
FKIT,S+X2_M3_r1,chocolate_croissant,172,0.064485
FKIT,S+X2_M3_r1,chocolate_croissant,173,0.062904
FKIT,S+X2_M3_r1,chocolate_croissant,174,0.032164
FKIT,S+X2_M3_r1,chocolate_croissant,175,0.047444
FKIT,S+X2_M3_r1,chocolate_croissant,176,0.047009
FKIT,S+X2_M3_r1,chocolate_croissant,177,0.050556
FKIT,S+X2_M3_r1,chocolate_croissant,178,0.047624
FKIT,S+X2_M3_r1,chocolate_croissant,179,0.044524
FKIT,S+X2_M3_r1,chocolate_croissant,180,0.035920
FKIT,S+X2_M3_r1,chocolate_croissant,181,0.042193
FKIT,S+X2_M3_r1,chocolate_croissant,182,0.045953
FKIT,S+X2_M3_r1,chocolate_croissant,183,0.041565
FKIT,S+X2_M3_r1,chocolate_croissant,184,0.033261
FKIT,S+X2_M3_r1,chocolate_croissant,185,0.021408
FKIT,S+X2_M3_r1,chocolate_croissant,186,0.015274
FKIT,S+X2_M3_r1,chocolate_croissant,187,0.008907
FKIT,S+X2_M3_r1,chocolate_croissant,188,0.005874
FKIT,S+X2_M3_r1,chocolate_croissant,189,0.003803
FKIT,S+X2_M3_r1,chocolate_croissant,190,0.000000
FKIT,S+X2_M3_r1,chocolate_croissant,191,0.000000
FKIT,S+X2_M3_r1,chocolate_croissant,192,0.000000
FKIT,S+X2_M3_r1,chocolate_croissant,193,0.000724
FKIT,S+X2_M3_r1,chocolate_croissant,194,0.000000
FKIT,S+X2_M3_r1,chocolate_croissant,195,0.000000
FKIT,S+X2_M3_r1,chocolate_croissant,196,0.000000
FKIT,S+X2_M3_r1,chocolate_croissant,197,0.000000
FKIT,S+X2_M3_r1,chocolate_croissant,198,0.000000
FKIT,S+X2_M3_r1,chocolate_croissant,199,0.000000
FKIT,S+X2_M3_r1,chocolate_croissant,200,0.000000
FKIT,S+X2_M3_r1,chocolate_croissant,201,0.000000
FKIT,S+X2_M3_r1,chocolate_croissant,202,0.000000
FKIT,S+X2_M3_r1,chocolate_croissant,203,0.000000
FKIT,S+X2_M3_r1,chocolate_croissant,204,0.000000
FKIT,S+X2_M3_r1,chocolate_croissant,205,0.000000
FKIT,S+X2_M3_r1,chocolate_croissant,206,0.000000
FKIT,S+X2_M3_r1,chocolate_croissant,207,0.000000
FKIT,S+X2_M3_r1,chocolate_croissant,208,0.000000
FKIT,S+X2_M3_r1,chocolate_croissant,209,0.000000
FKIT,S+X2_M3_r1,chocolate_croissant,210,0.000000
FKIT,S+X2_M3_r1,chocolate_croissant,211,0.000000
FKIT,S+X2_M3_r1,chocolate_croissant,212,0.000000
FKIT,S+X2_M3_r1,chocolate_croissant,213,0.000000
FKIT,S+X2_M3_r1,chocolate_croissant,214,0.000000
FKIT,S+X2_M3_r1,chocolate_croissant,215,0.000000
FKIT,S+X2_M3_r1,chocolate_croissant,216,0.000000
FKIT,S+X2_M3_r1,chocolate_croissant,217,0.000000
FKIT,S+X2_M3_r1,chocolate_croissant,218,0.000000
FKIT,S+X2_M3_r1,chocolate_croissant,219,0.000000
FKIT,S+X2_M3_r1,chocolate_croissant,220,0.000000
FKIT,S+X2_M3_r1,chocolate_croissant,221,0.000000
FKIT,S+X2_M3_r1,chocolate_croissant,222,0.000000
FKIT,S+X2_M3_r1,chocolate_croissant,223,0.000000
FKIT,S+X2_M3_r1,chocolate_croissant,224,0.000000
FKIT,S+X2_M3_r1,chocolate_croissant,225,0.000000
FKIT,S+X2_M3_r1,chocolate_croissant,226,0.000000
FKIT,S+X2_M3_r1,chocolate_croissant,227,0.000000
FKIT,S+X2_M3_r1,chocolate_croissant,228,0.000000
FKIT,S+X2_M3_r1,chocolate_croissant,229,0.000000
FKIT,S+X2_M3_r1,chocolate_croissant,230,0.000000
FKIT,S+X2_M3_r1,chocolate_croissant,231,0.000000
FKIT,S+X2_M3_r1,chocolate_croissant,232,0.000000
FKIT,S+X2_M3_r1,chocolate_croissant,233,0.000000
FKIT,S+X2_M3_r1,chocolate_croissant,234,0.000000
FKIT,S+X2_M3_r1,chocolate_croissant,235,0.000000
FKIT,S+X2_M3_r1,chocolate_croissant,236,0.000000
FKIT,S+X2_M3_r1,chocolate_croissant,237,0.000000
FKIT,S+X2_M3_r1,chocolate_croissant,238,0.000000
FKIT,S+X2_M3_r1,chocolate_croissant,239,0.000000
FKIT,S+X2_M3_r1,chocolate_croissant,240,0.000000
FKIT,S+X2_M3_r1,chocolate_croissant,241,0.000000
FKIT,S+X2_M3_r1,chocolate_croissant,242,0.000000
FKIT,S+X2_M3_r1,chocolate_croissant,243,0.000000
FKIT,S+X2_M3_r1,chocolate_croissant,244,0.000000
FKIT,S+X2_M3_r1,chocolate_croissant,245,0.000000
FKIT,S+X2_M3_r1,chocolate_croissant,246,0.000000
FKIT,S+X2_M3_r1,chocolate_croissant,247,0.000000
FKIT,S+X2_M3_r1,chocolate_croissant,248,0.000000
FKIT,S+X2_M3_r1,chocolate_croissant,249,0.000000
FKIT,S+X2_M3_r1,chocolate_croissant,250,0.000000
FKIT,S+X2_M3_r1,chocolate_croissant,251,0.000000
FKIT,S+X2_M3_r1,chocolate_croissant,252,0.000000
FKIT,S+X2_M3_r1,chocolate_croissant,253,0.000000
FKIT,S+X2_M3_r1,chocolate_croissant,254,0.000000
FKIT,S+X2_M3_r1,chocolate_croissant,255,0.000000
FKIT,S+X2_M3_r1,chocolate_croissant,256,0.000000
FKIT,S+X2_M3_r1,chocolate_croissant,257,0.000000
FKIT,S+X2_M3_r1,chocolate_croissant,258,0.000000
FKIT,S+X2_M3_r1,chocolate_croissant,259,0.000000
FKIT,S+X2_M3_r1,chocolate_croissant,260,0.000000
FKIT,S+X2_M3_r1,chocolate_croissant,261,0.000000
FKIT,S+X2_M3_r1,chocolate_croissant,262,0.000000
FKIT,S+X2_M3_r1,chocolate_croissant,263,0.000000
FKIT,S+X2_M3_r1,chocolate_croissant,264,0.000000
FKIT,S+X2_M3_r1,chocolate_croissant,265,0.000000
FKIT,S+X2_M3_r1,chocolate_croissant,266,0.000000
FKIT,S+X2_M3_r1,chocolate_croissant,267,0.000000
FKIT,S+X2_M3_r1,chocolate_croissant,268,0.000000
FKIT,S+X2_M3_r1,chocolate_croissant,269,0.000000
FKIT,S+X2_M3_r1,chocolate_croissant,270,0.000000
FKIT,S+X2_M3_r1,chocolate_croissant,271,0.000000
FKIT,S+X2_M3_r1,chocolate_croissant,272,0.000000
FKIT,S+X2_M3_r1,chocolate_croissant,273,0.000000
FKIT,S+X2_M3_r1,chocolate_croissant,274,0.000000
FKIT,S+X2_M3_r1,chocolate_croissant,275,0.000000
FKIT,S+X2_M3_r1,chocolate_croissant,276,0.000000
FKIT,S+X2_M3_r1,chocolate_croissant,277,0.000000
FKIT,S+X2_M3_r1,chocolate_croissant,278,0.000000
FKIT,S+X2_M3_r1,chocolate_croissant,279,0.000000
FKIT,S+X2_M3_r1,chocolate_croissant,280,0.000000
FKIT,S+X2_M3_r1,chocolate_croissant,281,0.000000
FKIT,S+X2_M3_r1,chocolate_croissant,282,0.000000
FKIT,S+X2_M3_r1,chocolate_croissant,283,0.000000
FKIT,S+X2_M3_r1,chocolate_croissant,284,0.000000
FKIT,S+X2_M3_r1,chocolate_croissant,285,0.000000
FKIT,S+X2_M3_r1,chocolate_croissant,286,0.000000
FKIT,S+X2_M3_r1,chocolate_croissant,287,0.000000
FKIT,S+X2_M3_r1,chocolate_croissant,288,0.000000
FKIT,S+X2_M3_r1,chocolate_croissant,289,0.000000
FKIT,S+X2_M3_r1,chocolate_croissant,290,0.000000
FKIT,S+X2_M3_r1,chocolate_croissant,291,0.000000
FKIT,S+X2_M3_r1,chocolate_croissant,292,0.000000
FKIT,S+X2_M3_r1,chocolate_croissant,293,0.000000
FKIT,S+X2_M3_r1,chocolate_croissant,294,0.000000
FKIT,S+X2_M3_r1,chocolate_croissant,295,0.000000
FKIT,S+X2_M3_r1,chocolate_croissant,296,0.000000
FKIT,S+X2_M3_r1,chocolate_croissant,297,0.000000
FKIT,S+X2_M3_r1,chocolate_croissant,298,0.000000
FKIT,S+X2_M3_r1,chocolate_croissant,299,0.000000
FKIT,S+X2_M3_r1,chocolate_croissant,300,0.000000
FKIT,S+X2_M3_r1,chocolate_croissant,301,0.000000
FKIT,S+X2_M3_r1,chocolate_croissant,302,0.000000
FKIT,S+X2_M3_r1,chocolate_croissant,303,0.000000
FKIT,S+X2_M3_r1,chocolate_croissant,304,0.000000
FKIT,S+X2_M3_r1,chocolate_croissant,305,0.000000
FKIT,S+X2_M3_r1,chocolate_croissant,306,0.000000
FKIT,S+X2_M3_r1,chocolate_croissant,307,0.000000
FKIT,S+X2_M3_r1,chocolate_croissant,308,0.000000
FKIT,S+X2_M3_r1,chocolate_croissant,309,0.000000
FKIT,S+X2_M3_r1,chocolate_croissant,310,0.000000
FKIT,S+X2_M3_r1,chocolate_croissant,311,0.000000
FKIT,S+X2_M3_r1,chocolate_croissant,312,0.000000
FKIT,S+X2_M3_r1,chocolate_croissant,313,0.000000
FKIT,S+X2_M3_r1,chocolate_croissant,314,0.000000
FKIT,S+X2_M3_r1,chocolate_croissant,315,0.000000
FKIT,S+X2_M3_r1,chocolate_croissant,316,0.000000
FKIT,S+X2_M3_r1,chocolate_croissant,317,0.000000
FKIT,S+X2_M3_r1,chocolate_croissant,318,0.000000
FKIT,S+X2_M3_r1,chocolate_croissant,319,0.000000
FKIT,S+X2_M3_r1,chocolate_croissant,320,0.000000
FKIT,S+X2_M3_r1,chocolate_croissant,321,0.000000
FKIT,S+X2_M3_r1,chocolate_croissant,322,0.000000
FKIT,S+X2_M3_r1,chocolate_croissant,323,0.000000
FKIT,S+X2_M3_r1,chocolate_croissant,324,0.000000
FKIT,S+X2_M3_r1,chocolate_croissant,325,0.000000
FKIT,S+X2_M3_r1,chocolate_croissant,326,0.000000
FKIT,S+X2_M3_r1,chocolate_croissant,327,0.000000
FKIT,S+X2_M3_r1,chocolate_croissant,328,0.000000
FKIT,S+X2_M3_r1,chocolate_croissant,329,0.000000
FKIT,S+X2_M3_r1,chocolate_croissant,330,0.000000
FKIT,S+X2_M3_r1,chocolate_croissant,331,0.000000
FKIT,S+X2_M3_r1,chocolate_croissant,332,0.000000
FKIT,S+X2_M3_r1,chocolate_croissant,333,0.000000
FKIT,S+X2_M3_r1,chocolate_croissant,334,0.000000
FKIT,S+X2_M3_r1,chocolate_croissant,335,0.000000
FKIT,S+X2_M3_r1,chocolate_croissant,336,0.000000
FKIT,S+X2_M3_r1,chocolate_croissant,337,0.000000
FKIT,S+X2_M3_r1,chocolate_croissant,338,0.000000
FKIT,S+X2_M3_r1,chocolate_croissant,339,0.000000
FKIT,S+X2_M3_r1,chocolate_croissant,340,0.000000
FKIT,S+X2_M3_r1,chocolate_croissant,341,0.000000
FKIT,S+X2_M3_r1,chocolate_croissant,342,0.000000
FKIT,S+X2_M3_r1,chocolate_croissant,343,0.000000
FKIT,S+X2_M3_r1,chocolate_croissant,344,0.000000
FKIT,S+X2_M3_r1,chocolate_croissant,345,0.000000
FKIT,S+X2_M3_r1,chocolate_croissant,346,0.000000
FKIT,S+X2_M3_r1,chocolate_croissant,347,0.000000
FKIT,S+X2_M3_r1,chocolate_croissant,348,0.000000
FKIT,S+X2_M3_r1,chocolate_croissant,349,0.000000
FKIT,S+X2_M3_r1,chocolate_croissant,350,0.000000
FKIT,S+X2_M3_r1,chocolate_croissant,351,0.000000
FKIT,S+X2_M3_r1,chocolate_croissant,352,0.000000
FKIT,S+X2_M3_r1,chocolate_croissant,353,0.000000
FKIT,S+X2_M3_r1,chocolate_croissant,354,0.000000
FKIT,S+X2_M3_r1,chocolate_croissant,355,0.000000
FKIT,S+X2_M3_r1,chocolate_croissant,356,0.000000
FKIT,S+X2_M3_r1,chocolate_croissant,357,0.000000
FKIT,S+X2_M3_r1,chocolate_croissant,358,0.000000
FKIT,S+X2_M3_r1,chocolate_croissant,359,0.000000
FKIT,S+X2_M3_r1,chocolate_croissant,360,0.000000
FKIT,S+X2_M3_r1,chocolate_croissant,361,0.000000
FKIT,S+X2_M3_r1,chocolate_croissant,362,0.000000
FKIT,S+X2_M3_r1,chocolate_croissant,363,0.000000
FKIT,S+X2_M3_r1,chocolate_croissant,364,0.000000
FKIT,S+X2_M3_r1,chocolate_croissant,365,0.000000
FKIT,S+X2_M3_r1,chocolate_croissant,366,0.000000
FKIT,S+X2_M3_r1,chocolate_croissant,367,0.000000
FKIT,S+X2_M3_r1,chocolate_croissant,368,0.000000
FKIT,S+X2_M3_r1,chocolate_croissant,369,0.000000
FKIT,S+X2_M3_r1,chocolate_croissant,370,0.000000
FKIT,S+X2_M3_r1,chocolate_croissant,371,0.000000
FKIT,S+X2_M3_r1,chocolate_croissant,372,0.000000
FKIT,S+X2_M3_r1,chocolate_croissant,373,0.000000
FKIT,S+X2_M3_r1,chocolate_croissant,374,0.000000
FKIT,S+X2_M3_r1,chocolate_croissant,375,0.000000
FKIT,S+X2_M3_r1,chocolate_croissant,376,0.000000
FKIT,S+X2_M3_r1,chocolate_croissant,377,0.000000
FKIT,S+X2_M3_r1,chocolate_croissant,378,0.000000
FKIT,S+X2_M3_r1,chocolate_croissant,379,0.000000
FKIT,S+X2_M3_r1,chocolate_croissant,380,0.000000
FKIT,S+X2_M3_r1,chocolate_croissant,381,0.000000
FKIT,S+X2_M3_r1,chocolate_croissant,382,0.000000
FKIT,S+X2_M3_r1,chocolate_croissant,383,0.000000
FKIT,S+X2_M3_r1,chocolate_croissant,384,0.000000
FKIT,S+X2_M3_r1,chocolate_croissant,385,0.000000
FKIT,S+X2_M3_r1,chocolate_croissant,386,0.000000
FKIT,S+X2_M3_r1,chocolate_croissant,387,0.000000
FKIT,S+X2_M3_r1,chocolate_croissant,388,0.000000
FKIT,S+X2_M3_r1,chocolate_croissant,389,0.000000
FKIT,S+X2_M3_r1,chocolate_croissant,390,0.000000
FKIT,S+X2_M3_r1,chocolate_croissant,391,0.000000
FKIT,S+X2_M3_r1,chocolate_croissant,392,0.000000
FKIT,S+X2_M3_r1,chocolate_croissant,393,0.000000
FKIT,S+X2_M3_r1,chocolate_croissant,394,0.000000
FKIT,S+X2_M3_r1,chocolate_croissant,395,0.000000
FKIT,S+X2_M3_r1,chocolate_croissant,396,0.000000
FKIT,S+X2_M3_r1,chocolate_croissant,397,0.000000
FKIT,S+X2_M3_r1,chocolate_croissant,398,0.000000
FKIT,S+X2_M3_r1,chocolate_croissant,399,0.000000
FKIT,S+X2_M3_r1,chocolate_croissant,400,0.000000
FKIT,S+X2_M3_r1,chocolate_croissant,401,0.000000
FKIT,S+X2_M3_r1,chocolate_croissant,402,0.000000
FKIT,S+X2_M3_r1,chocolate_croissant,403,0.000000
FKIT,S+X2_M3_r1,chocolate_croissant,404,0.000000
FKIT,S+X2_M3_r1,chocolate_croissant,405,0.000000
FKIT,S+X2_M3_r1,chocolate_croissant,406,0.000000
FKIT,S+X2_M3_r1,chocolate_croissant,407,0.000000
FKIT,S+X2_M3_r1,chocolate_croissant,408,0.000000
FKIT,S+X2_M3_r1,chocolate_croissant,409,0.000000
FKIT,S+X2_M3_r1,chocolate_croissant,410,0.000000
FKIT,S+X2_M3_r1,chocolate_croissant,411,0.000000
FKIT,S+X2_M3_r1,chocolate_croissant,412,0.000000
FKIT,S+X2_M3_r1,chocolate_croissant,413,0.000000
FKIT,S+X2_M3_r1,chocolate_croissant,414,0.000000
FKIT,S+X2_M3_r1,chocolate_croissant,415,0.000000
FKIT,S+X2_M3_r1,chocolate_croissant,416,0.000000
FKIT,S+X2_M3_r1,chocolate_croissant,417,0.000000
FKIT,S+X2_M3_r1,chocolate_croissant,418,0.000000
FKIT,S+X2_M3_r1,chocolate_croissant,419,0.000000
FKIT,S+X2_M3_r1,chocolate_croissant,420,0.000000
FKIT,S+X2_M3_r1,chocolate_croissant,421,0.000000
FKIT,S+X2_M3_r1,chocolate_croissant,422,0.000000
FKIT,S+X2_M3_r1,chocolate_croissant,423,0.000000
FKIT,S+X2_M3_r1,chocolate_croissant,424,0.000000
FKIT,S+X2_M3_r1,chocolate_croissant,425,0.000000
FKIT,S+X2_M3_r1,chocolate_croissant,426,0.000000
FKIT,S+X2_M3_r1,chocolate_croissant,427,0.000000
FKIT,S+X2_M3_r1,chocolate_croissant,428,0.000000
FKIT,S+X2_M3_r1,chocolate_croissant,429,0.000000
FKIT,S+X2_M3_r1,chocolate_croissant,430,0.000000
FKIT,S+X2_M3_r1,chocolate_croissant,431,0.000000
FKIT,S+X2_M3_r1,chocolate_croissant,432,0.000000
FKIT,S+X2_M3_r1,chocolate_croissant,433,0.000000
FKIT,S+X2_M3_r1,chocolate_croissant,434,0.000000
FKIT,S+X2_M3_r1,chocolate_croissant,435,0.000000
FKIT,S+X2_M3_r1,chocolate_croissant,436,0.000000
FKIT,S+X2_M3_r1,chocolate_croissant,437,0.000000
FKIT,S+X2_M3_r1,chocolate_croissant,438,0.000000
FKIT,S+X2_M3_r1,chocolate_croissant,439,0.000000
FKIT,S+X2_M3_r1,chocolate_croissant,440,0.000000
FKIT,S+X2_M3_r1,chocolate_croissant,441,0.000000
FKIT,S+X2_M3_r1,chocolate_croissant,442,0.000000
FKIT,S+X2_M3_r1,chocolate_croissant,443,0.000000
FKIT,S+X2_M3_r1,chocolate_croissant,444,0.000000
FKIT,S+X2_M3_r1,chocolate_croissant,445,0.000000
FKIT,S+X2_M3_r1,chocolate_croissant,446,0.000000
FKIT,S+X2_M3_r1,chocolate_croissant,447,0.000000
FKIT,S+X2_M3_r1,chocolate_croissant,448,0.000000
FKIT,S+X2_M3_r1,chocolate_croissant,449,0.000000
FKIT,S+X2_M3_r1,chocolate_croissant,450,0.000000
FKIT,S+X2_M3_r1,chocolate_croissant,451,0.000000
FKIT,S+X2_M3_r1,chocolate_croissant,452,0.000000
FKIT,S+X2_M3_r1,chocolate_croissant,453,0.000000
FKIT,S+X2_M3_r1,chocolate_croissant,454,0.000000
FKIT,S+X2_M3_r1,chocolate_croissant,455,0.000000
FKIT,S+X2_M3_r1,chocolate_croissant,456,0.000000
FKIT,S+X2_M3_r1,chocolate_croissant,457,0.000000
FKIT,S+X2_M3_r1,chocolate_croissant,458,0.000000
FKIT,S+X2_M3_r1,chocolate_croissant,459,0.000000
FKIT,S+X2_M3_r1,chocolate_croissant,460,0.000000
FKIT,S+X2_M3_r1,chocolate_croissant,461,0.000000
FKIT,S+X2_M3_r1,chocolate_croissant,462,0.000000
FKIT,S+X2_M3_r1,chocolate_croissant,463,0.000000
FKIT,S+X2_M3_r1,chocolate_croissant,464,0.000000
FKIT,S+X2_M3_r1,chocolate_croissant,465,0.000000
FKIT,S+X2_M3_r1,chocolate_croissant,466,0.000000
FKIT,S+X2_M3_r1,chocolate_croissant,467,0.000000
FKIT,S+X2_M3_r1,chocolate_croissant,468,0.000000
FKIT,S+X2_M3_r1,chocolate_croissant,469,0.000000
FKIT,S+X2_M3_r1,chocolate_croissant,470,0.000000
FKIT,S+X2_M3_r1,chocolate_croissant,471,0.000000
FKIT,S+X2_M3_r1,chocolate_croissant,472,0.000000
FKIT,S+X2_M3_r1,chocolate_croissant,473,0.000000
FKIT,S+X2_M3_r1,chocolate_croissant,474,0.000000
FKIT,S+X2_M3_r1,chocolate_croissant,475,0.000000
FKIT,S+X2_M3_r1,chocolate_croissant,476,0.000000
FKIT,S+X2_M3_r1,chocolate_croissant,477,0.000000
FKIT,S+X2_M3_r1,chocolate_croissant,478,0.000000
FKIT,S+X2_M3_r1,chocolate_croissant,479,0.000000
FKIT,S+X2_M3_r1,chocolate_croissant,480,0.000000
FKIT,S+X2_M3_r1,chocolate_croissant,481,0.000000
FKIT,S+X2_M3_r1,chocolate_croissant,482,0.000000
FKIT,S+X2_M3_r1,chocolate_croissant,483,0.000000
FKIT,S+X2_M3_r1,chocolate_croissant,484,0.000000
FKIT,S+X2_M3_r1,chocolate_croissant,485,0.000000
FKIT,S+X2_M3_r1,chocolate_croissant,486,0.000000
FKIT,S+X2_M3_r1,chocolate_croissant,487,0.000000
FKIT,S+X2_M3_r1,chocolate_croissant,488,0.000000
FKIT,S+X2_M3_r1,chocolate_croissant,489,0.000000
FKIT,S+X2_M3_r1,chocolate_croissant,490,0.000000
FKIT,S+X2_M3_r1,chocolate_croissant,491,0.000000
FKIT,S+X2_M3_r1,chocolate_croissant,492,0.000000
FKIT,S+X2_M3_r1,chocolate_croissant,493,0.000000
FKIT,S+X2_M3_r1,chocolate_croissant,494,0.000000
FKIT,S+X2_M3_r1,chocolate_croissant,495,0.000000
FKIT,S+X2_M3_r1,chocolate_croissant,496,0.000000
FKIT,S+X2_M3_r1,chocolate_croissant,497,0.000000
FKIT,S+X2_M3_r1,chocolate_croissant,498,0.000000
FKIT,S+X2_M3_r1,chocolate_croissant,499,0.000000
FKIT,S+X2_M3_r1,chocolate_croissant,500,0.000000
FKIT,S+X2_M3_r1,chocolate_croissant,501,0.000000
FKIT,S+X2_M3_r1,chocolate_croissant,502,0.000000
FKIT,S+X2_M3_r1,chocolate_croissant,503,0.000000
FKIT,S+X2_M3_r1,chocolate_croissant,504,0.000000
FKIT,S+X2_M3_r1,chocolate_croissant,505,0.000000
FKIT,S+X2_M3_r1,chocolate_croissant,506,0.000000
FKIT,S+X2_M3_r1,chocolate_croissant,507,0.000000
FKIT,S+X2_M3_r1,chocolate_croissant,508,0.000000
FKIT,S+X2_M3_r1,chocolate_croissant,509,0.000000
FKIT,S+X2_M3_r1,chocolate_croissant,510,0.000000
FKIT,S+X2_M3_r1,chocolate_croissant,511,0.000000
FKIT,S+X2_M3_r1,chocolate_croissant,512,0.000000
FKIT,S+X2_M3_r1,chocolate_croissant,513,0.000000
FKIT,S+X2_M3_r1,chocolate_croissant,514,0.000000
FKIT,S+X2_M3_r1,chocolate_croissant,515,0.000000
FKIT,S+X2_M3_r1,chocolate_croissant,516,0.000000
FKIT,S+X2_M3_r1,chocolate_croissant,517,0.000000
FKIT,S+X2_M3_r1,chocolate_croissant,518,0.000000
FKIT,S+X2_M3_r1,chocolate_croissant,519,0.000000
FKIT,S+X2_M3_r1,chocolate_croissant,520,0.000000
FKIT,S+X2_M3_r1,chocolate_croissant,521,0.000000
FKIT,S+X2_M3_r1,chocolate_croissant,522,0.000000
FKIT,S+X2_M3_r1,chocolate_croissant,523,0.000000
FKIT,S+X2_M3_r1,chocolate_croissant,524,0.000000
FKIT,S+X2_M3_r1,chocolate_croissant,525,0.000000
FKIT,S+X2_M3_r1,chocolate_croissant,526,0.000000
FKIT,S+X2_M3_r1,chocolate_croissant,527,0.000000
FKIT,S+X2_M3_r1,chocolate_croissant,528,0.000000
FKIT,S+X2_M3_r1,chocolate_croissant,529,0.000000
FKIT,S+X2_M3_r1,chocolate_croissant,530,0.000000
FKIT,S+X2_M3_r1,chocolate_croissant,531,0.000000
FKIT,S+X2_M3_r1,chocolate_croissant,532,0.000000
FKIT,S+X2_M3_r1,chocolate_croissant,533,0.067775
FKIT,S+X2_M3_r1,chocolate_croissant,534,0.043685
FKIT,S+X2_M3_r1,chocolate_croissant,535,0.084185
FKIT,S+X2_M3_r1,chocolate_croissant,536,0.102733
FKIT,S+X2_M3_r1,chocolate_croissant,537,0.117164
FKIT,S+X2_M3_r1,chocolate_croissant,538,0.111385
FKIT,S+X2_M3_r1,chocolate_croissant,539,0.120557
FKIT,S+X2_M3_r1,chocolate_croissant,540,0.129187
FKIT,S+X2_M3_r1,chocolate_croissant,541,0.122408
FKIT,S+X2_M3_r1,chocolate_croissant,542,0.147779
FKIT,S+X2_M3_r1,chocolate_croissant,543,0.109457
FKIT,S+X2_M3_r1,chocolate_croissant,544,0.144683
FKIT,S+X2_M3_r1,chocolate_croissant,545,0.129340
FKIT,S+X2_M3_r1,chocolate_croissant,546,0.117588
FKIT,S+X2_M3_r1,chocolate_croissant,547,0.119004
FKIT,S+X2_M3_r1,chocolate_croissant,548,0.130836
FKIT,S+X2_M3_r1,chocolate_croissant,549,0.116292
FKIT,S+X2_M3_r1,chocolate_croissant,550,0.130160
FKIT,S+X2_M3_r1,chocolate_croissant,551,0.112334
FKIT,S+X2_M3_r1,chocolate_croissant,552,0.124232
FKIT,S+X2_M3_r1,chocolate_croissant,553,0.138250
FKIT,S+X2_M3_r1,chocolate_croissant,554,0.136194
FKIT,S+X2_M3_r1,chocolate_croissant,555,0.132816
FKIT,S+X2_M3_r1,chocolate_croissant,556,0.133135
FKIT,S+X2_M3_r1,chocolate_croissant,557,0.147244
FKIT,S+X2_M3_r1,chocolate_croissant,558,0.128716
FKIT,S+X2_M3_r1,chocolate_croissant,559,0.142536
FKIT,S+X2_M3_r1,chocolate_croissant,560,0.146506
FKIT,S+X2_M3_r1,chocolate_croissant,561,0.135917
FKIT,S+X2_M3_r1,chocolate_croissant,562,0.133411
FKIT,S+X2_M3_r1,chocolate_croissant,563,0.126726
FKIT,S+X2_M3_r1,chocolate_croissant,564,0.129039
FKIT,S+X2_M3_r1,chocolate_croissant,565,0.216343
FKIT,S+X2_M3_r1,chocolate_croissant,566,0.149401
FKIT,S+X2_M3_r1,chocolate_croissant,567,0.171174
FKIT,S+X2_M3_r1,chocolate_croissant,568,0.160080
FKIT,S+X2_M3_r1,chocolate_croissant,569,0.165480
FKIT,S+X2_M3_r1,chocolate_croissant,570,0.149569
FKIT,S+X2_M3_r1,chocolate_croissant,571,0.151406
FKIT,S+X2_M3_r1,chocolate_croissant,572,0.099699
FKIT,S+X2_M3_r1,chocolate_croissant,573,0.102820
FKIT,S+X2_M3_r1,chocolate_croissant,574,0.112423
FKIT,S+X2_M3_r1,chocolate_croissant,575,0.085153
FKIT,S+X2_M3_r1,chocolate_croissant,576,0.083401
FKIT,S+X2_M3_r1,chocolate_croissant,577,0.034932
FKIT,S+X2_M3_r1,chocolate_croissant,578,0.055887
FKIT,S+X2_M3_r1,chocolate_croissant,579,0.062679
FKIT,S+X2_M3_r1,chocolate_croissant,580,0.057940
FKIT,S+X2_M3_r1,chocolate_croissant,581,0.067474
FKIT,S+X2_M3_r1,chocolate_croissant,582,0.044099
FKIT,S+X2_M3_r1,chocolate_croissant,583,0.046634
FKIT,S+X2_M3_r1,chocolate_croissant,584,0.049373
FKIT,S+X2_M3_r1,chocolate_croissant,585,0.013288
FKIT,S+X2_M3_r1,chocolate_croissant,586,0.014237
FKIT,S+X2_M3_r1,chocolate_croissant,587,0.014039
FKIT,S+X2_M3_r1,chocolate_croissant,588,0.022661
FKIT,S+X2_M3_r1,chocolate_croissant,589,0.003970
FKIT,S+X2_M3_r1,chocolate_croissant,590,0.025506
FKIT,S+X2_M3_r1,chocolate_croissant,591,0.042007
FKIT,S+X2_M3_r1,chocolate_croissant,592,0.054227
FKIT,S+X2_M3_r1,chocolate_croissant,593,0.041576
FKIT,S+X2_M3_r1,chocolate_croissant,594,0.009888
FKIT,S+X2_M3_r1,chocolate_croissant,595,0.000000
FKIT,S+X2_M3_r1,chocolate_croissant,596,0.000000
FKIT,S+X2_M3_r1,chocolate_croissant,597,0.000517
FKIT,S+X2_M3_r1,chocolate_croissant,598,0.000646
FKIT,S+X2_M3_r1,chocolate_croissant,599,0.000000
FKIT,S+X2_M3_r1,chocolate_croissant,600,0.000000
FKIT,S+X2_M3_r1,chocolate_croissant,601,0.000000
FKIT,S+X2_M3_r1,chocolate_croissant,602,0.001938
FKIT,S+X2_M3_r1,chocolate_croissant,603,0.000000
FKIT,S+X2_M3_r1,chocolate_croissant,604,0.000899
FKIT,S+X2_M3_r1,chocolate_croissant,605,0.000000
FKIT,S+X2_M3_r1,chocolate_croissant,606,0.000000
FKIT,S+X2_M3_r1,chocolate_croissant,607,0.000000
FKIT,S+X2_M3_r1,chocolate_croissant,608,0.000000
FKIT,S+X2_M3_r1,chocolate_croissant,609,0.000000
FKIT,S+X2_M3_r1,chocolate_croissant,610,0.000000
FKIT,S+X2_M3_r1,chocolate_croissant,611,0.000000
FKIT,S+X2_M3_r1,chocolate_croissant,612,0.000000
FKIT,S+X2_M3_r1,chocolate_croissant,613,0.000000
FKIT,S+X2_M3_r1,chocolate_croissant,614,0.000000
FKIT,S+X2_M3_r1,chocolate_croissant,615,0.000000
FKIT,S+X2_M3_r1,chocolate_croissant,616,0.000000
FKIT,S+X2_M3_r1,chocolate_croissant,617,0.000000
FKIT,S+X2_M3_r1,chocolate_croissant,618,0.000000
FKIT,S+X2_M3_r1,chocolate_croissant,619,0.000000
FKIT,S+X2_M3_r1,chocolate_croissant,620,0.000000
FKIT,S+X2_M3_r1,chocolate_croissant,621,0.000821
FKIT,S+X2_M3_r1,chocolate_croissant,622,0.000651
FKIT,S+X2_M3_r1,chocolate_croissant,623,0.003181
FKIT,S+X2_M3_r1,chocolate_croissant,624,0.003244
FKIT,S+X2_M3_r1,chocolate_croissant,625,0.000000
FKIT,S+X2_M3_r1,chocolate_croissant,626,0.000000
FKIT,S+X2_M3_r1,chocolate_croissant,627,0.000000
FKIT,S+X2_M3_r1,chocolate_croissant,628,0.000000
FKIT,S+X2_M3_r1,chocolate_croissant,629,0.000000
FKIT,S+X2_M3_r1,chocolate_croissant,630,0.000000
FKIT,S+X2_M3_r1,chocolate_croissant,631,0.000000
FKIT,S+X2_M3_r1,chocolate_croissant,632,0.000000
FKIT,S+X2_M3_r1,chocolate_croissant,633,0.000000
FKIT,S+X2_M3_r1,chocolate_croissant,634,0.000000
FKIT,S+X2_M3_r1,chocolate_croissant,635,0.000000
FKIT,S+X2_M3_r1,chocolate_croissant,636,0.000000
FKIT,S+X2_M3_r1,chocolate_croissant,637,0.000000
FKIT,S+X2_M3_r1,chocolate_croissant,638,0.000000
FKIT,S+X2_M3_r1,chocolate_croissant,639,0.000000
FKIT,S+X2_M3_r1,chocolate_croissant,640,0.000000
FKIT,S+X2_M3_r1,chocolate_croissant,641,0.000000
FKIT,S+X2_M3_r1,chocolate_croissant,642,0.000000
FKIT,S+X2_M3_r1,chocolate_croissant,643,0.000000
FKIT,S+X2_M3_r1,chocolate_croissant,644,0.000000
FKIT,S+X2_M3_r1,chocolate_croissant,645,0.000000
FKIT,S+X2_M3_r1,chocolate_croissant,646,0.000000
FKIT,S+X2_M3_r1,chocolate_croissant,647,0.000000
FKIT,S+X2_M3_r1,chocolate_croissant,648,0.000000
FKIT,S+X2_M3_r1,chocolate_croissant,649,0.000000
FKIT,S+X2_M3_r1,chocolate_croissant,650,0.000000
FKIT,S+X2_M3_r1,chocolate_croissant,651,0.000000
FKIT,S+X2_M3_r1,chocolate_croissant,652,0.000000
FKIT,S+X2_M3_r1,chocolate_croissant,653,0.000000
FKIT,S+X2_M3_r1,chocolate_croissant,654,0.000000
FKIT,S+X2_M3_r1,chocolate_croissant,655,0.000000
FKIT,S+X2_M3_r1,chocolate_croissant,656,0.000000
FKIT,S+X2_M3_r1,chocolate_croissant,657,0.000000
FKIT,S+X2_M3_r1,chocolate_croissant,658,0.000000
FKIT,S+X2_M3_r1,chocolate_croissant,659,0.000000
FKIT,S+X2_M3_r1,chocolate_croissant,660,0.000000
FKIT,S+X2_M3_r1,chocolate_croissant,661,0.000000
FKIT,S+X2_M3_r1,chocolate_croissant,662,0.000000
FKIT,S+X2_M3_r1,chocolate_croissant,663,0.000000
FKIT,S+X2_M3_r1,chocolate_croissant,664,0.000000
FKIT,S+X2_M3_r1,chocolate_croissant,665,0.000000
FKIT,S+X2_M3_r1,chocolate_croissant,666,0.000000
FKIT,S+X2_M3_r1,chocolate_croissant,667,0.000000
FKIT,S+X2_M3_r1,chocolate_croissant,668,0.000000
FKIT,S+X2_M3_r1,chocolate_croissant,669,0.000000
FKIT,S+X2_M3_r1,chocolate_croissant,670,0.000000
FKIT,S+X2_M3_r1,chocolate_croissant,671,0.000000
FKIT,S+X2_M3_r1,chocolate_croissant,672,0.000000
FKIT,S+X2_M3_r1,chocolate_croissant,673,0.000000
FKIT,S+X2_M3_r1,chocolate_croissant,674,0.000000
FKIT,S+X2_M3_r1,chocolate_croissant,675,0.000000
FKIT,S+X2_M3_r1,chocolate_croissant,676,0.000000
FKIT,S+X2_M3_r1,chocolate_croissant,677,0.000000
FKIT,S+X2_M3_r1,chocolate_croissant,678,0.000000
FKIT,S+X2_M3_r1,chocolate_croissant,679,0.000000
FKIT,S+X2_M3_r1,chocolate_croissant,680,0.000000
FKIT,S+X2_M3_r1,chocolate_croissant,681,0.000000
FKIT,S+X2_M3_r1,chocolate_croissant,682,0.000000
FKIT,S+X2_M3_r1,chocolate_croissant,683,0.000000
FKIT,S+X2_M3_r1,chocolate_croissant,684,0.000000
FKIT,S+X2_M3_r1,chocolate_croissant,685,0.000000
FKIT,S+X2_M3_r1,chocolate_croissant,686,0.000000
FKIT,S+X2_M3_r1,chocolate_croissant,687,0.000000
FKIT,S+X2_M3_r1,chocolate_croissant,688,0.000000
FKIT,S+X2_M3_r1,chocolate_croissant,689,0.000000
FKIT,S+X2_M3_r1,chocolate_croissant,690,0.000000
FKIT,S+X2_M3_r1,chocolate_croissant,691,0.000000
FKIT,S+X2_M3_r1,chocolate_croissant,692,0.000000
FKIT,S+X2_M3_r1,chocolate_croissant,693,0.000000
FKIT,S+X2_M3_r1,chocolate_croissant,694,0.000000
FKIT,S+X2_M3_r1,chocolate_croissant,695,0.000000
FKIT,S+X2_M3_r1,chocolate_croissant,696,0.000000
FKIT,S+X2_M3_r1,chocolate_croissant,697,0.000000
FKIT,S+X2_M3_r1,chocolate_croissant,698,0.000000
FKIT,S+X2_M3_r1,chocolate_croissant,699,0.000000
FKIT,S+X2_M3_r1,chocolate_croissant,700,0.000000
FKIT,S+X2_M3_r1,chocolate_croissant,701,0.000000
FKIT,S+X2_M3_r1,chocolate_croissant,702,0.000000
FKIT,S+X2_M3_r1,chocolate_croissant,703,0.000000
FKIT,S+X2_M3_r1,chocolate_croissant,704,0.000000
FKIT,S+X2_M3_r1,chocolate_croissant,705,0.000000
FKIT,S+X2_M3_r1,chocolate_croissant,706,0.000000
FKIT,S+X2_M3_r1,chocolate_croissant,707,0.000000
FKIT,S+X2_M3_r1,chocolate_croissant,708,0.000000
FKIT,S+X2_M3_r1,chocolate_croissant,709,0.000000
FKIT,S+X2_M3_r1,chocolate_croissant,710,0.000000
FKIT,S+X2_M3_r1,chocolate_croissant,711,0.000000
FKIT,S+X2_M3_r1,chocolate_croissant,712,0.000000
FKIT,S+X2_M3_r1,chocolate_croissant,713,0.000000
FKIT,S+X2_M3_r1,chocolate_croissant,714,0.000000
FKIT,S+X2_M3_r1,chocolate_croissant,715,0.000000
FKIT,S+X2_M3_r1,chocolate_croissant,716,0.000000
FKIT,S+X2_M3_r1,chocolate_croissant,717,0.000000
FKIT,S+X2_M3_r1,chocolate_croissant,718,0.000000
FKIT,S+X2_M3_r1,chocolate_croissant,719,0.000000
FKIT,S+X2_M3_r1,chocolate_croissant,720,0.000000
FKIT,S+X2_M3_r1,chocolate_croissant,721,0.000000
FKIT,S+X2_M3_r1,chocolate_croissant,722,0.000000
FKIT,S+X2_M3_r1,chocolate_croissant,723,0.000000
FKIT,S+X2_M3_r1,chocolate_croissant,724,0.000000
FKIT,S+X2_M3_r1,chocolate_croissant,725,0.000000
FKIT,S+X2_M3_r1,chocolate_croissant,726,0.000000
FKIT,S+X2_M3_r1,chocolate_croissant,727,0.000000
FKIT,S+X2_M3_r1,chocolate_croissant,728,0.000000
FKIT,S+X2_M3_r1,chocolate_croissant,729,0.000000
FKIT,S+X2_M3_r1,chocolate_croissant,730,0.000000
FKIT,S+X2_M3_r1,chocolate_croissant,731,0.000000
FKIT,S+X2_M3_r1,chocolate_croissant,732,0.000000
FKIT,S+X2_M3_r1,chocolate_croissant,733,0.000000
FKIT,S+X2_M3_r1,chocolate_croissant,734,0.000000
FKIT,S+X2_M3_r1,chocolate_croissant,735,0.000000
FKIT,S+X2_M3_r1,chocolate_croissant,736,0.000000
FKIT,S+X2_M3_r1,chocolate_croissant,737,0.000000
FKIT,S+X2_M3_r1,chocolate_croissant,738,0.000000
FKIT,S+X2_M3_r1,chocolate_croissant,739,0.000000
FKIT,S+X2_M3_r1,chocolate_croissant,740,0.000000
FKIT,S+X2_M3_r1,chocolate_croissant,741,0.000000
FKIT,S+X2_M3_r1,chocolate_croissant,742,0.000000
FKIT,S+X2_M3_r1,chocolate_croissant,743,0.000000
FKIT,S+X2_M3_r1,chocolate_croissant,744,0.000000
FKIT,S+X2_M3_r1,chocolate_croissant,745,0.000000
FKIT,S+X2_M3_r1,chocolate_croissant,746,0.000000
FKIT,S+X2_M3_r1,chocolate_croissant,747,0.000000
FKIT,S+X2_M3_r1,chocolate_croissant,748,0.000000
FKIT,S+X2_M3_r1,chocolate_croissant,749,0.000000
FKIT,S+X2_M3_r1,chocolate_croissant,750,0.000000
FKIT,S+X2_M3_r1,chocolate_croissant,751,0.000000
FKIT,S+X2_M3_r1,chocolate_croissant,752,0.000000
FKIT,S+X2_M3_r1,chocolate_croissant,753,0.000000
FKIT,S+X2_M3_r1,chocolate_croissant,754,0.000000
FKIT,S+X2_M3_r1,chocolate_croissant,755,0.000000
FKIT,S+X2_M3_r1,chocolate_croissant,756,0.000000
FKIT,S+X2_M3_r1,chocolate_croissant,757,0.000000
FKIT,S+X2_M3_r1,chocolate_croissant,758,0.000000
FKIT,S+X2_M3_r1,chocolate_croissant,759,0.000000
FKIT,S+X2_M3_r1,chocolate_croissant,760,0.000000
FKIT,S+X2_M3_r1,chocolate_croissant,761,0.000000
FKIT,S+X2_M3_r1,chocolate_croissant,762,0.000000
FKIT,S+X2_M3_r1,chocolate_croissant,763,0.000000
FKIT,S+X2_M3_r1,chocolate_croissant,764,0.000000
FKIT,S+X2_M3_r1,chocolate_croissant,765,0.000000
FKIT,S+X2_M3_r1,chocolate_croissant,766,0.000000
FKIT,S+X2_M3_r1,chocolate_croissant,767,0.000000
FKIT,S+X2_M3_r1,chocolate_croissant,768,0.000000
FKIT,S+X2_M3_r1,chocolate_croissant,769,0.000000
FKIT,S+X2_M3_r1,chocolate_croissant,770,0.000000
FKIT,S+X2_M3_r1,chocolate_croissant,771,0.000000
FKIT,S+X2_M3_r1,chocolate_croissant,772,0.000000
FKIT,S+X2_M3_r1,chocolate_croissant,773,0.000000
FKIT,S+X2_M3_r1,chocolate_croissant,774,0.000000
FKIT,S+X2_M3_r1,chocolate_croissant,775,0.000000
FKIT,S+X2_M3_r1,chocolate_croissant,776,0.000000
FKIT,S+X2_M3_r1,chocolate_croissant,777,0.000000
FKIT,S+X2_M3_r1,chocolate_croissant,778,0.000000
FKIT,S+X2_M3_r1,chocolate_croissant,779,0.000000
FKIT,S+X2_M3_r1,chocolate_croissant,780,0.000000
FKIT,S+X2_M3_r1,chocolate_croissant,781,0.000000
FKIT,S+X2_M3_r1,chocolate_croissant,782,0.000000
FKIT,S+X2_M3_r1,chocolate_croissant,783,0.000000
FKIT,S+X2_M3_r1,chocolate_croissant,784,0.000000
FKIT,S+X2_M3_r1,chocolate_croissant,785,0.000000
FKIT,S+X2_M3_r1,chocolate_croissant,786,0.000000
FKIT,S+X2_M3_r1,chocolate_croissant,787,0.000000
FKIT,S+X2_M3_r1,chocolate_croissant,788,0.000000
FKIT,S+X2_M3_r1,chocolate_croissant,789,0.000000
FKIT,S+X2_M3_r1,chocolate_croissant,790,0.000000
FKIT,S+X2_M3_r1,chocolate_croissant,791,0.000000
FKIT,S+X2_M3_r1,chocolate_croissant,792,0.000000
FKIT,S+X2_M3_r1,chocolate_croissant,793,0.000000
FKIT,S+X2_M3_r1,chocolate_croissant,794,0.000000
FKIT,S+X2_M3_r1,chocolate_croissant,795,0.000000
FKIT,S+X2_M3_r1,chocolate_croissant,796,0.000000
FKIT,S+X2_M3_r1,chocolate_croissant,797,0.000000
FKIT,S+X2_M3_r1,chocolate_croissant,798,0.000000
FKIT,S+X2_M3_r1,chocolate_croissant,799,0.000000
FKIT,S+X2_M3_r1,chocolate_croissant,800,0.000000
FKIT,S+X2_M3_r1,chocolate_croissant,801,0.000000
FKIT,S+X2_M3_r1,chocolate_croissant,802,0.000000
FKIT,S+X2_M3_r1,chocolate_croissant,803,0.000000
FKIT,S+X2_M3_r1,chocolate_croissant,804,0.000000
FKIT,S+X2_M3_r1,chocolate_croissant,805,0.000000
FKIT,S+X2_M3_r1,chocolate_croissant,806,0.000000
FKIT,S+X2_M3_r1,chocolate_croissant,807,0.000000
FKIT,S+X2_M3_r1,chocolate_croissant,808,0.000000
FKIT,S+X2_M3_r1,chocolate_croissant,809,0.000000
FKIT,S+X2_M3_r1,chocolate_croissant,810,0.000000
FKIT,S+X2_M3_r1,chocolate_croissant,811,0.000000
FKIT,S+X2_M3_r1,chocolate_croissant,812,0.000000
FKIT,S+X2_M3_r1,chocolate_croissant,813,0.000000
FKIT,S+X2_M3_r1,chocolate_croissant,814,0.000000
FKIT,S+X2_M3_r1,chocolate_croissant,815,0.000000
FKIT,S+X2_M3_r1,chocolate_croissant,816,0.000000
FKIT,S+X2_M3_r1,chocolate_croissant,817,0.000000
FKIT,S+X2_M3_r1,chocolate_croissant,818,0.000000
FKIT,S+X2_M3_r1,chocolate_croissant,819,0.000000
FKIT,S+X2_M3_r1,chocolate_croissant,820,0.000000
FKIT,S+X2_M3_r1,chocolate_croissant,821,0.000000
FKIT,S+X2_M3_r1,chocolate_croissant,822,0.000000
FKIT,S+X2_M3_r1,chocolate_croissant,823,0.000000
FKIT,S+X2_M3_r1,chocolate_croissant,824,0.000000
FKIT,S+X2_M3_r1,chocolate_croissant,825,0.000000
FKIT,S+X2_M3_r1,chocolate_croissant,826,0.000000
FKIT,S+X2_M3_r1,chocolate_croissant,827,0.000000
FKIT,S+X2_M3_r1,chocolate_croissant,828,0.000000
FKIT,S+X2_M3_r1,chocolate_croissant,829,0.000000
FKIT,S+X2_M3_r1,chocolate_croissant,830,0.000000
FKIT,S+X2_M3_r1,chocolate_croissant,831,0.000000
FKIT,S+X2_M3_r1,chocolate_croissant,832,0.000000
FKIT,S+X2_M3_r1,chocolate_croissant,833,0.000000
FKIT,S+X2_M3_r1,chocolate_croissant,834,0.000000
FKIT,S+X2_M3_r1,chocolate_croissant,835,0.000000
FKIT,S+X2_M3_r1,chocolate_croissant,836,0.000000
FKIT,S+X2_M3_r1,chocolate_croissant,837,0.000000
FKIT,S+X2_M3_r1,chocolate_croissant,838,0.000000
FKIT,S+X2_M3_r1,chocolate_croissant,839,0.000000
FKIT,S+X2_M3_r1,chocolate_croissant,840,0.000000
FKIT,S+X2_M3_r1,chocolate_croissant,841,0.000000
FKIT,S+X2_M3_r1,chocolate_croissant,842,0.000000
FKIT,S+X2_M3_r1,chocolate_croissant,843,0.000000
FKIT,S+X2_M3_r1,chocolate_croissant,844,0.000000
FKIT,S+X2_M3_r1,chocolate_croissant,845,0.000000
FKIT,S+X2_M3_r1,chocolate_croissant,846,0.000000
FKIT,S+X2_M3_r1,chocolate_croissant,847,0.000000
FKIT,S+X2_M3_r1,chocolate_croissant,848,0.000000
FKIT,S+X2_M3_r1,chocolate_croissant,849,0.000000
FKIT,S+X2_M3_r1,chocolate_croissant,850,0.000000
FKIT,S+X2_M3_r1,chocolate_croissant,851,0.000000
FKIT,S+X2_M3_r1,chocolate_croissant,852,0.000000
FKIT,S+X2_M3_r1,chocolate_croissant,853,0.000000
FKIT,S+X2_M3_r1,chocolate_croissant,854,0.000000
FKIT,S+X2_M3_r1,chocolate_croissant,855,0.000000
FKIT,S+X2_M3_r1,chocolate_croissant,856,0.000000
FKIT,S+X2_M3_r1,chocolate_croissant,857,0.000000
FKIT,S+X2_M3_r1,chocolate_croissant,858,0.000000
FKIT,S+X2_M3_r1,chocolate_croissant,859,0.000000
FKIT,S+X2_M3_r1,chocolate_croissant,860,0.000000
FKIT,S+X2_M3_r1,chocolate_croissant,861,0.000000
FKIT,S+X2_M3_r1,chocolate_croissant,862,0.000000
FKIT,S+X2_M3_r1,chocolate_croissant,863,0.000000
FKIT,S+X2_M3_r1,chocolate_croissant,864,0.000000
FKIT,S+X2_M3_r1,chocolate_croissant,865,0.000000
FKIT,S+X2_M3_r1,chocolate_croissant,866,0.000000
FKIT,S+X2_M3_r1,chocolate_croissant,867,0.000000
FKIT,S+X2_M3_r1,chocolate_croissant,868,0.000000
FKIT,S+X2_M3_r1,chocolate_croissant,869,0.000000
FKIT,S+X2_M3_r1,chocolate_croissant,870,0.000000
FKIT,S+X2_M3_r1,chocolate_croissant,871,0.000000
FKIT,S+X2_M3_r1,chocolate_croissant,872,0.000000
FKIT,S+X2_M3_r1,chocolate_croissant,873,0.000000
FKIT,S+X2_M3_r1,chocolate_croissant,874,0.000000
FKIT,S+X2_M3_r1,chocolate_croissant,875,0.000000
FKIT,S+X2_M3_r1,chocolate_croissant,876,0.000000
FKIT,S+X2_M3_r1,chocolate_croissant,877,0.000000
FKIT,S+X2_M3_r1,chocolate_croissant,878,0.000000
FKIT,S+X2_M3_r1,chocolate_croissant,879,0.000000
FKIT,S+X2_M3_r1,chocolate_croissant,880,0.000000
FKIT,S+X2_M3_r1,chocolate_croissant,881,0.069488
FKIT,S+X2_M3_r1,chocolate_croissant,882,0.130588
FKIT,S+X2_M3_r1,chocolate_croissant,883,0.182373
FKIT,S+X2_M3_r1,chocolate_croissant,884,0.163701
FKIT,S+X2_M3_r1,chocolate_croissant,885,0.152039
FKIT,S+X2_M3_r1,chocolate_croissant,886,0.168230
FKIT,S+X2_M3_r1,chocolate_croissant,887,0.152775
FKIT,S+X2_M3_r1,chocolate_croissant,888,0.167769
FKIT,S+X2_M3_r1,chocolate_croissant,889,0.184472
FKIT,S+X2_M3_r1,chocolate_croissant,890,0.135255
FKIT,S+X2_M3_r1,chocolate_croissant,891,0.118126
FKIT,S+X2_M3_r1,chocolate_croissant,892,0.148772
FKIT,S+X2_M3_r1,chocolate_croissant,893,0.143860
FKIT,S+X2_M3_r1,chocolate_croissant,894,0.119425
FKIT,S+X2_M3_r1,chocolate_croissant,895,0.148753
FKIT,S+X2_M3_r1,chocolate_croissant,896,0.154088
FKIT,S+X2_M3_r1,chocolate_croissant,897,0.155514
FKIT,S+X2_M3_r1,chocolate_croissant,898,0.190215
FKIT,S+X2_M3_r1,chocolate_croissant,899,0.184956
FKIT,S+X2_M3_r1,chocolate_croissant,900,0.189400
FKIT,S+X2_M3_r1,chocolate_croissant,901,0.142093
FKIT,S+X2_M3_r1,chocolate_croissant,902,0.168324
FKIT,S+X2_M3_r1,chocolate_croissant,903,0.140133
FKIT,S+X2_M3_r1,chocolate_croissant,904,0.149755
FKIT,S+X2_M3_r1,chocolate_croissant,905,0.162197
FKIT,S+X2_M3_r1,chocolate_croissant,906,0.235840
FKIT,S+X2_M3_r1,chocolate_croissant,907,0.123349
FKIT,S+X2_M3_r1,chocolate_croissant,908,0.132070
FKIT,S+X2_M3_r1,chocolate_croissant,909,0.201348
FKIT,S+X2_M3_r1,chocolate_croissant,910,0.141420
FKIT,S+X2_M3_r1,chocolate_croissant,911,0.129987
FKIT,S+X2_M3_r1,chocolate_croissant,912,0.129336
FKIT,S+X2_M3_r1,chocolate_croissant,913,0.130819
FKIT,S+X2_M3_r1,chocolate_croissant,914,0.135562
FKIT,S+X2_M3_r1,chocolate_croissant,915,0.130496
FKIT,S+X2_M3_r1,chocolate_croissant,916,0.101794
FKIT,S+X2_M3_r1,chocolate_croissant,917,0.116946
FKIT,S+X2_M3_r1,chocolate_croissant,918,0.138224
FKIT,S+X2_M3_r1,chocolate_croissant,919,0.190930
FKIT,S+X2_M3_r1,chocolate_croissant,920,0.170221
FKIT,S+X2_M3_r1,chocolate_croissant,921,0.187774
FKIT,S+X2_M3_r1,chocolate_croissant,922,0.134433
FKIT,S+X2_M3_r1,chocolate_croissant,923,0.133811
FKIT,S+X2_M3_r1,chocolate_croissant,924,0.096566
FKIT,S+X2_M3_r1,chocolate_croissant,925,0.000000
FKIT,S+X2_M3_r1,chocolate_croissant,926,0.000531
FKIT,S+X2_M3_r1,chocolate_croissant,927,0.012030
FKIT,S+X2_M3_r1,chocolate_croissant,928,0.022704
FKIT,S+X2_M3_r1,chocolate_croissant,929,0.011243
FKIT,S+X2_M3_r1,chocolate_croissant,930,0.019559
FKIT,S+X2_M3_r1,chocolate_croissant,931,0.039400
FKIT,S+X2_M3_r1,chocolate_croissant,932,0.050533
FKIT,S+X2_M3_r1,chocolate_croissant,933,0.059544
FKIT,S+X2_M3_r1,chocolate_croissant,934,0.075347
FKIT,S+X2_M3_r1,chocolate_croissant,935,0.003734
FKIT,S+X2_M3_r1,chocolate_croissant,936,0.000187
FKIT,S+X2_M3_r1,chocolate_croissant,937,0.000112
FKIT,S+X2_M3_r1,chocolate_croissant,938,0.000485
FKIT,S+X2_M3_r1,chocolate_croissant,939,0.002763
FKIT,S+X2_M3_r1,chocolate_croissant,940,0.001643
FKIT,S+X2_M3_r1,chocolate_croissant,941,0.002338
FKIT,S+X2_M3_r1,chocolate_croissant,942,0.000548
FKIT,S+X2_M3_r1,chocolate_croissant,943,0.003960
FKIT,S+X2_M3_r1,chocolate_croissant,944,0.000511
FKIT,S+X2_M3_r1,chocolate_croissant,945,0.000000
FKIT,S+X2_M3_r1,chocolate_croissant,946,0.000000
FKIT,S+X2_M3_r1,chocolate_croissant,947,0.000000
FKIT,S+X2_M3_r1,chocolate_croissant,948,0.000000
FKIT,S+X2_M3_r1,chocolate_croissant,949,0.000000
FKIT,S+X2_M3_r1,chocolate_croissant,950,0.000000
FKIT,S+X2_M3_r1,chocolate_croissant,951,0.000000
FKIT,S+X2_M3_r1,chocolate_croissant,952,0.000000
FKIT,S+X2_M3_r1,chocolate_croissant,953,0.000000
FKIT,S+X2_M3_r1,chocolate_croissant,954,0.000000
FKIT,S+X2_M3_r1,chocolate_croissant,955,0.000000
FKIT,S+X2_M3_r1,chocolate_croissant,956,0.000000
FKIT,S+X2_M3_r1,chocolate_croissant,957,0.000000
FKIT,S+X2_M3_r1,chocolate_croissant,958,0.000000
FKIT,S+X2_M3_r1,chocolate_croissant,959,0.000000
FKIT,S+X2_M3_r1,chocolate_croissant,960,0.000000
FKIT,S+X2_M3_r1,chocolate_croissant,961,0.000000
FKIT,S+X2_M3_r1,chocolate_croissant,962,0.000000
FKIT,S+X2_M3_r1,chocolate_croissant,963,0.000000
FKIT,S+X2_M3_r1,chocolate_croissant,964,0.000000
FKIT,S+X2_M3_r1,chocolate_croissant,965,0.000000
FKIT,S+X2_M3_r1,chocolate_croissant,966,0.000000
FKIT,S+X2_M3_r1,chocolate_croissant,967,0.000000
FKIT,S+X2_M3_r1,chocolate_croissant,968,0.000000
FKIT,S+X2_M3_r1,chocolate_croissant,969,0.000000
FKIT,S+X2_M3_r1,chocolate_croissant,970,0.000000
FKIT,S+X2_M3_r1,chocolate_croissant,971,0.000000
FKIT,S+X2_M3_r1,chocolate_croissant,972,0.000000
FKIT,S+X2_M3_r1,chocolate_croissant,973,0.000000
FKIT,S+X2_M3_r1,chocolate_croissant,974,0.000000
FKIT,S+X2_M3_r1,chocolate_croissant,975,0.000000
FKIT,S+X2_M3_r1,chocolate_croissant,976,0.001034
FKIT,S+X2_M3_r1,chocolate_croissant,977,0.000257
FKIT,S+X2_M3_r1,chocolate_croissant,978,0.000000
FKIT,S+X2_M3_r1,chocolate_croissant,979,0.000173
FKIT,S+X2_M3_r1,chocolate_croissant,980,0.000000
FKIT,S+X2_M3_r1,chocolate_croissant,981,0.000000
FKIT,S+X2_M3_r1,chocolate_croissant,982,0.000602
FKIT,S+X2_M3_r1,chocolate_croissant,983,0.000000
FKIT,S+X2_M3_r1,chocolate_croissant,984,0.001739
FKIT,S+X2_M3_r1,chocolate_croissant,985,0.000000
FKIT,S+X2_M3_r1,chocolate_croissant,986,0.001290
FKIT,S+X2_M3_r1,chocolate_croissant,987,0.000982
FKIT,S+X2_M3_r1,chocolate_croissant,988,0.001882
FKIT,S+X2_M3_r1,chocolate_croissant,989,0.000000
FKIT,S+X2_M3_r1,chocolate_croissant,990,0.001478
FKIT,S+X2_M3_r1,chocolate_croissant,991,0.001610
FKIT,S+X2_M3_r1,chocolate_croissant,992,0.011375
FKIT,S+X2_M3_r1,chocolate_croissant,993,0.025853
FKIT,S+X2_M3_r1,chocolate_croissant,994,0.038719
FKIT,S+X2_M3_r1,chocolate_croissant,995,0.000000
FKIT,S+X2_M3_r1,chocolate_croissant,996,0.000219
FKIT,S+X2_M3_r1,chocolate_croissant,997,0.004524
FKIT,S+X2_M3_r1,chocolate_croissant,998,0.001983
FKIT,S+X2_M3_r1,chocolate_croissant,999,0.001011
FKIT,S+X2_M3_r1,chocolate_croissant,1000,0.001929
FKIT,S+X2_M3_r1,chocolate_croissant,1001,0.003478
FKIT,S+X2_M3_r1,chocolate_croissant,1002,0.011311
FKIT,S+X2_M3_r1,chocolate_croissant,1003,0.005501
FKIT,S+X2_M3_r1,chocolate_croissant,1004,0.009702
FKIT,S+X2_M3_r1,chocolate_croissant,1005,0.054858
FKIT,S+X2_M3_r1,chocolate_croissant,1006,0.025332
FKIT,S+X2_M3_r1,chocolate_croissant,1007,0.037340
FKIT,S+X2_M3_r1,chocolate_croissant,1008,0.038255
FKIT,S+X2_M3_r1,chocolate_croissant,1009,0.047163
FKIT,S+X2_M3_r1,chocolate_croissant,1010,0.067693
FKIT,S+X2_M3_r1,chocolate_croissant,1011,0.100279
FKIT,S+X2_M3_r1,chocolate_croissant,1012,0.199662
FKIT,S+X2_M3_r1,chocolate_croissant,1013,0.255210
FKIT,S+X2_M3_r1,chocolate_croissant,1014,0.249437
FKIT,S+X2_M3_r1,chocolate_croissant,1015,0.320171
FKIT,S+X2_M3_r1,chocolate_croissant,1016,0.342488
FKIT,S+X2_M3_r1,chocolate_croissant,1017,0.376798
FKIT,S+X2_M3_r1,chocolate_croissant,1018,0.407347
FKIT,S+X2_M3_r1,chocolate_croissant,1019,0.404252
FKIT,S+X2_M3_r1,chocolate_croissant,1020,0.447242
FKIT,S+X2_M3_r1,chocolate_croissant,1021,0.430739
FKIT,S+X2_M3_r1,chocolate_croissant,1022,0.444182
FKIT,S+X2_M3_r1,chocolate_croissant,1023,0.448314
FKIT,S+X2_M3_r1,chocolate_croissant,1024,0.470460
FKIT,S+X2_M3_r1,chocolate_croissant,1025,0.576109
FKIT,S+X2_M3_r1,chocolate_croissant,1026,0.509416
FKIT,S+X2_M3_r1,chocolate_croissant,1027,0.684980
FKIT,S+X2_M3_r1,chocolate_croissant,1028,0.646821
FKIT,S+X2_M3_r1,chocolate_croissant,1029,0.643193
FKIT,S+X2_M3_r1,chocolate_croissant,1030,0.742943
FKIT,S+X2_M3_r1,chocolate_croissant,1031,0.777440
FKIT,S+X2_M3_r1,chocolate_croissant,1032,0.788042
FKIT,S+X2_M3_r1,chocolate_croissant,1033,0.809494
FKIT,S+X2_M3_r1,chocolate_croissant,1034,0.816925
FKIT,S+X2_M3_r1,chocolate_croissant,1035,0.857765
FKIT,S+X2_M3_r1,chocolate_croissant,1036,0.883845
FKIT,S+X2_M3_r1,chocolate_croissant,1037,0.903482
FKIT,S+X2_M3_r1,chocolate_croissant,1038,0.944769
FKIT,S+X2_M3_r1,chocolate_croissant,1039,0.950287
FKIT,S+X2_M3_r1,chocolate_croissant,1040,0.955655
FKIT,S+X2_M3_r1,chocolate_croissant,1041,0.949621
FKIT,S+X2_M3_r1,chocolate_croissant,1042,0.958579
FKIT,S+X2_M3_r1,chocolate_croissant,1043,0.939430
FKIT,S+X2_M3_r1,chocolate_croissant,1044,0.906865
FKIT,S+X2_M3_r1,chocolate_croissant,1045,0.962523
FKIT,S+X2_M3_r1,chocolate_croissant,1046,0.964100
FKIT,S+X2_M3_r1,chocolate_croissant,1047,0.962374
FKIT,S+X2_M3_r1,chocolate_croissant,1048,0.963819
FKIT,S+X2_M3_r1,chocolate_croissant,1049,0.964452
FKIT,S+X2_M3_r1,chocolate_croissant,1050,0.957963
FKIT,S+X2_M3_r1,chocolate_croissant,1051,0.946980
FKIT,S+X2_M3_r1,chocolate_croissant,1052,0.962799
FKIT,S+X2_M3_r1,chocolate_croissant,1053,0.951575
FKIT,S+X2_M3_r1,chocolate_croissant,1054,0.911791
FKIT,S+X2_M3_r1,chocolate_croissant,1055,0.920127
FKIT,S+X2_M3_r1,chocolate_croissant,1056,0.929488
FKIT,S+X2_M3_r1,chocolate_croissant,1057,0.906446
FKIT,S+X2_M3_r1,chocolate_croissant,1058,0.913150
FKIT,S+X2_M3_r1,chocolate_croissant,1059,0.869580
FKIT,S+X2_M3_r1,chocolate_croissant,1060,0.833711
FKIT,S+X2_M3_r1,chocolate_croissant,1061,0.889432
FKIT,S+X2_M3_r1,chocolate_croissant,1062,0.857772
FKIT,S+X2_M3_r1,chocolate_croissant,1063,0.858528
FKIT,S+X2_M3_r1,chocolate_croissant,1064,0.845655
FKIT,S+X2_M3_r1,chocolate_croissant,1065,0.896324
FKIT,S+X2_M3_r1,chocolate_croissant,1066,0.907086
FKIT,S+X2_M3_r1,chocolate_croissant,1067,0.858746
FKIT,S+X2_M3_r1,chocolate_croissant,1068,0.814569
FKIT,S+X2_M3_r1,chocolate_croissant,1069,0.838298
FKIT,S+X2_M3_r1,chocolate_croissant,1070,0.864929
FKIT,S+X2_M3_r1,chocolate_croissant,1071,0.865963
FKIT,S+X2_M3_r1,chocolate_croissant,1072,0.866059
FKIT,S+X2_M3_r1,chocolate_croissant,1073,0.860369
FKIT,S+X2_M3_r1,chocolate_croissant,1074,0.877700
FKIT,S+X2_M3_r1,chocolate_croissant,1075,0.896422
FKIT,S+X2_M3_r1,chocolate_croissant,1076,0.888152
FKIT,S+X2_M3_r1,chocolate_croissant,1077,0.875472
FKIT,S+X2_M3_r1,chocolate_croissant,1078,0.875431
FKIT,S+X2_M3_r1,chocolate_croissant,1079,0.843256
FKIT,S+X2_M3_r1,chocolate_croissant,1080,0.859334
FKIT,S+X2_M3_r1,chocolate_croissant,1081,0.869402
FKIT,S+X2_M3_r1,chocolate_croissant,1082,0.850056
FKIT,S+X2_M3_r1,chocolate_croissant,1083,0.796973
FKIT,S+X2_M3_r1,chocolate_croissant,1084,0.813856
FKIT,S+X2_M3_r1,chocolate_croissant,1085,0.824998
FKIT,S+X2_M3_r1,chocolate_croissant,1086,0.886176
FKIT,S+X2_M3_r1,chocolate_croissant,1087,0.888654
FKIT,S+X2_M3_r1,chocolate_croissant,1088,0.854027
FKIT,S+X2_M3_r1,chocolate_croissant,1089,0.827013
FKIT,S+X2_M3_r1,chocolate_croissant,1090,0.864622
FKIT,S+X2_M3_r1,chocolate_croissant,1091,0.858604
FKIT,S+X2_M3_r1,chocolate_croissant,1092,0.824552
FKIT,S+X2_M3_r1,chocolate_croissant,1093,0.862752
FKIT,S+X2_M3_r1,chocolate_croissant,1094,0.893044
FKIT,S+X2_M3_r1,chocolate_croissant,1095,0.916329
FKIT,S+X2_M3_r1,chocolate_croissant,1096,0.926447
FKIT,S+X2_M3_r1,chocolate_croissant,1097,0.930449
FKIT,S+X2_M3_r1,chocolate_croissant,1098,0.938326
FKIT,S+X2_M3_r1,chocolate_croissant,1099,0.942222
FKIT,S+X2_M3_r1,chocolate_croissant,1100,0.937932
FKIT,S+X2_M3_r1,chocolate_croissant,1101,0.942891
FKIT,S+X2_M3_r1,chocolate_croissant,1102,0.945557
FKIT,S+X2_M3_r1,chocolate_croissant,1103,0.932028
FKIT,S+X2_M3_r1,chocolate_croissant,1104,0.925597
FKIT,S+X2_M3_r1,chocolate_croissant,1105,0.956888
FKIT,S+X2_M3_r1,chocolate_croissant,1106,0.961192
FKIT,S+X2_M3_r1,chocolate_croissant,1107,0.962690
FKIT,S+X2_M3_r1,chocolate_croissant,1108,0.963570
FKIT,S+X2_M3_r1,chocolate_croissant,1109,0.964015
FKIT,S+X2_M3_r1,chocolate_croissant,1110,0.963724
FKIT,S+X2_M3_r1,chocolate_croissant,1111,0.968238
FKIT,S+X2_M3_r1,chocolate_croissant,1112,0.971924
FKIT,S+X2_M3_r1,chocolate_croissant,1113,0.969503
FKIT,S+X2_M3_r1,chocolate_croissant,1114,0.966917
FKIT,S+X2_M3_r1,chocolate_croissant,1115,0.969137
FKIT,S+X2_M3_r1,chocolate_croissant,1116,0.975295
FKIT,S+X2_M3_r1,chocolate_croissant,1117,0.975962
FKIT,S+X2_M3_r1,chocolate_croissant,1118,0.971658
FKIT,S+X2_M3_r1,chocolate_croissant,1119,0.974079
FKIT,S+X2_M3_r1,chocolate_croissant,1120,0.980100
FKIT,S+X2_M3_r1,chocolate_croissant,1121,0.980050
FKIT,S+X2_M3_r1,donut,0,0.237067
FKIT,S+X2_M3_r1,donut,1,0.249215
FKIT,S+X2_M3_r1,donut,2,0.226150
FKIT,S+X2_M3_r1,donut,3,0.240087
FKIT,S+X2_M3_r1,donut,4,0.237959
FKIT,S+X2_M3_r1,donut,5,0.235525
FKIT,S+X2_M3_r1,donut,6,0.249951
FKIT,S+X2_M3_r1,donut,7,0.237818
FKIT,S+X2_M3_r1,donut,8,0.244802
FKIT,S+X2_M3_r1,donut,9,0.253829
FKIT,S+X2_M3_r1,donut,10,0.239066
FKIT,S+X2_M3_r1,donut,11,0.234670
FKIT,S+X2_M3_r1,donut,12,0.248252
FKIT,S+X2_M3_r1,donut,13,0.262162
FKIT,S+X2_M3_r1,donut,14,0.265062
FKIT,S+X2_M3_r1,donut,15,0.252875
FKIT,S+X2_M3_r1,donut,16,0.234969
FKIT,S+X2_M3_r1,donut,17,0.251844
FKIT,S+X2_M3_r1,donut,18,0.263505
FKIT,S+X2_M3_r1,donut,19,0.229507
FKIT,S+X2_M3_r1,donut,20,0.251203
FKIT,S+X2_M3_r1,donut,21,0.251988
FKIT,S+X2_M3_r1,donut,22,0.252421
FKIT,S+X2_M3_r1,donut,23,0.251506
FKIT,S+X2_M3_r1,donut,24,0.225955
FKIT,S+X2_M3_r1,donut,25,0.214136
FKIT,S+X2_M3_r1,donut,26,0.216185
FKIT,S+X2_M3_r1,donut,27,0.231729
FKIT,S+X2_M3_r1,donut,28,0.232132
FKIT,S+X2_M3_r1,donut,29,0.251731
FKIT,S+X2_M3_r1,donut,30,0.247275
FKIT,S+X2_M3_r1,donut,31,0.251022
FKIT,S+X2_M3_r1,donut,32,0.245896
FKIT,S+X2_M3_r1,donut,33,0.233757
FKIT,S+X2_M3_r1,donut,34,0.234612
FKIT,S+X2_M3_r1,donut,35,0.226396
FKIT,S+X2_M3_r1,donut,36,0.231358
FKIT,S+X2_M3_r1,donut,37,0.222674
FKIT,S+X2_M3_r1,donut,38,0.229439
FKIT,S+X2_M3_r1,donut,39,0.235468
FKIT,S+X2_M3_r1,donut,40,0.238276
FKIT,S+X2_M3_r1,donut,41,0.218858
FKIT,S+X2_M3_r1,donut,42,0.234805
FKIT,S+X2_M3_r1,donut,43,0.225361
FKIT,S+X2_M3_r1,donut,44,0.225916
FKIT,S+X2_M3_r1,donut,45,0.226789
FKIT,S+X2_M3_r1,donut,46,0.221919
FKIT,S+X2_M3_r1,donut,47,0.238376
FKIT,S+X2_M3_r1,donut,48,0.235271
FKIT,S+X2_M3_r1,donut,49,0.237391
FKIT,S+X2_M3_r1,donut,50,0.236908
FKIT,S+X2_M3_r1,donut,51,0.216507
FKIT,S+X2_M3_r1,donut,52,0.219972
FKIT,S+X2_M3_r1,donut,53,0.225230
FKIT,S+X2_M3_r1,donut,54,0.213011
FKIT,S+X2_M3_r1,donut,55,0.207370
FKIT,S+X2_M3_r1,donut,56,0.216993
FKIT,S+X2_M3_r1,donut,57,0.207351
FKIT,S+X2_M3_r1,donut,58,0.226940
FKIT,S+X2_M3_r1,donut,59,0.232819
FKIT,S+X2_M3_r1,donut,60,0.239554
FKIT,S+X2_M3_r1,donut,61,0.231923
FKIT,S+X2_M3_r1,donut,62,0.219691
FKIT,S+X2_M3_r1,donut,63,0.187797
FKIT,S+X2_M3_r1,donut,64,0.212521
FKIT,S+X2_M3_r1,donut,65,0.210480
FKIT,S+X2_M3_r1,donut,66,0.200307
FKIT,S+X2_M3_r1,donut,67,0.212261
FKIT,S+X2_M3_r1,donut,68,0.206876
FKIT,S+X2_M3_r1,donut,69,0.203455
FKIT,S+X2_M3_r1,donut,70,0.200569
FKIT,S+X2_M3_r1,donut,71,0.170620
FKIT,S+X2_M3_r1,donut,72,0.164900
FKIT,S+X2_M3_r1,donut,73,0.163343
FKIT,S+X2_M3_r1,donut,74,0.161417
FKIT,S+X2_M3_r1,donut,75,0.155172
FKIT,S+X2_M3_r1,donut,76,0.172927
FKIT,S+X2_M3_r1,donut,77,0.166104
FKIT,S+X2_M3_r1,donut,78,0.167930
FKIT,S+X2_M3_r1,donut,79,0.148031
FKIT,S+X2_M3_r1,donut,80,0.165627
FKIT,S+X2_M3_r1,donut,81,0.145299
FKIT,S+X2_M3_r1,donut,82,0.146244
FKIT,S+X2_M3_r1,donut,83,0.131628
FKIT,S+X2_M3_r1,donut,84,0.147703
FKIT,S+X2_M3_r1,donut,85,0.147001
FKIT,S+X2_M3_r1,donut,86,0.138336
FKIT,S+X2_M3_r1,donut,87,0.148991
FKIT,S+X2_M3_r1,donut,88,0.166471
FKIT,S+X2_M3_r1,donut,89,0.170390
FKIT,S+X2_M3_r1,donut,90,0.220656
FKIT,S+X2_M3_r1,donut,91,0.224228
FKIT,S+X2_M3_r1,donut,92,0.193358
FKIT,S+X2_M3_r1,donut,93,0.192804
FKIT,S+X2_M3_r1,donut,94,0.211163
FKIT,S+X2_M3_r1,donut,95,0.216616
FKIT,S+X2_M3_r1,donut,96,0.219826
FKIT,S+X2_M3_r1,donut,97,0.182992
FKIT,S+X2_M3_r1,donut,98,0.177173
FKIT,S+X2_M3_r1,donut,99,0.175884
FKIT,S+X2_M3_r1,donut,100,0.171433
FKIT,S+X2_M3_r1,donut,101,0.171763
FKIT,S+X2_M3_r1,donut,102,0.169141
FKIT,S+X2_M3_r1,donut,103,0.167792
FKIT,S+X2_M3_r1,donut,104,0.189260
FKIT,S+X2_M3_r1,donut,105,0.178845
FKIT,S+X2_M3_r1,donut,106,0.210567
FKIT,S+X2_M3_r1,donut,107,0.190405
FKIT,S+X2_M3_r1,donut,108,0.188016
FKIT,S+X2_M3_r1,donut,109,0.227998
FKIT,S+X2_M3_r1,donut,110,0.204204
FKIT,S+X2_M3_r1,donut,111,0.196313
FKIT,S+X2_M3_r1,donut,112,0.200115
FKIT,S+X2_M3_r1,donut,113,0.211329
FKIT,S+X2_M3_r1,donut,114,0.218749
FKIT,S+X2_M3_r1,donut,115,0.196859
FKIT,S+X2_M3_r1,donut,116,0.199860
FKIT,S+X2_M3_r1,donut,117,0.190221
FKIT,S+X2_M3_r1,donut,118,0.217622
FKIT,S+X2_M3_r1,donut,119,0.214514
FKIT,S+X2_M3_r1,donut,120,0.209447
FKIT,S+X2_M3_r1,donut,121,0.209733
FKIT,S+X2_M3_r1,donut,122,0.213616
FKIT,S+X2_M3_r1,donut,123,0.211395
FKIT,S+X2_M3_r1,donut,124,0.212078
FKIT,S+X2_M3_r1,donut,125,0.198754
FKIT,S+X2_M3_r1,donut,126,0.199808
FKIT,S+X2_M3_r1,donut,127,0.215441
FKIT,S+X2_M3_r1,donut,128,0.202596
FKIT,S+X2_M3_r1,donut,129,0.208211
FKIT,S+X2_M3_r1,donut,130,0.225648
FKIT,S+X2_M3_r1,donut,131,0.203652
FKIT,S+X2_M3_r1,donut,132,0.203896
FKIT,S+X2_M3_r1,donut,133,0.206440
FKIT,S+X2_M3_r1,donut,134,0.240813
FKIT,S+X2_M3_r1,donut,135,0.198539
FKIT,S+X2_M3_r1,donut,136,0.236662
FKIT,S+X2_M3_r1,donut,137,0.232704
FKIT,S+X2_M3_r1,donut,138,0.209801
FKIT,S+X2_M3_r1,donut,139,0.203033
FKIT,S+X2_M3_r1,donut,140,0.197011
FKIT,S+X2_M3_r1,donut,141,0.203263
FKIT,S+X2_M3_r1,donut,142,0.223256
FKIT,S+X2_M3_r1,donut,143,0.216447
FKIT,S+X2_M3_r1,donut,144,0.205767
FKIT,S+X2_M3_r1,donut,145,0.216833
FKIT,S+X2_M3_r1,donut,146,0.220202
FKIT,S+X2_M3_r1,donut,147,0.223437
FKIT,S+X2_M3_r1,donut,148,0.217154
FKIT,S+X2_M3_r1,donut,149,0.215465
FKIT,S+X2_M3_r1,donut,150,0.216057
FKIT,S+X2_M3_r1,donut,151,0.216916
FKIT,S+X2_M3_r1,donut,152,0.209848
FKIT,S+X2_M3_r1,donut,153,0.208274
FKIT,S+X2_M3_r1,donut,154,0.210957
FKIT,S+X2_M3_r1,donut,155,0.225654
FKIT,S+X2_M3_r1,donut,156,0.239125
FKIT,S+X2_M3_r1,donut,157,0.228256
FKIT,S+X2_M3_r1,donut,158,0.216090
FKIT,S+X2_M3_r1,donut,159,0.223788
FKIT,S+X2_M3_r1,donut,160,0.247609
FKIT,S+X2_M3_r1,donut,161,0.236409
FKIT,S+X2_M3_r1,donut,162,0.269498
FKIT,S+X2_M3_r1,donut,163,0.253386
FKIT,S+X2_M3_r1,donut,164,0.285057
FKIT,S+X2_M3_r1,donut,165,0.302775
FKIT,S+X2_M3_r1,donut,166,0.298613
FKIT,S+X2_M3_r1,donut,167,0.296603
FKIT,S+X2_M3_r1,donut,168,0.274231
FKIT,S+X2_M3_r1,donut,169,0.299308
FKIT,S+X2_M3_r1,donut,170,0.294760
FKIT,S+X2_M3_r1,donut,171,0.295561
FKIT,S+X2_M3_r1,donut,172,0.388096
FKIT,S+X2_M3_r1,donut,173,0.266536
FKIT,S+X2_M3_r1,donut,174,0.263515
FKIT,S+X2_M3_r1,donut,175,0.283061
FKIT,S+X2_M3_r1,donut,176,0.293172
FKIT,S+X2_M3_r1,donut,177,0.288107
FKIT,S+X2_M3_r1,donut,178,0.286870
FKIT,S+X2_M3_r1,donut,179,0.267170
FKIT,S+X2_M3_r1,donut,180,0.266576
FKIT,S+X2_M3_r1,donut,181,0.276715
FKIT,S+X2_M3_r1,donut,182,0.264813
FKIT,S+X2_M3_r1,donut,183,0.247403
FKIT,S+X2_M3_r1,donut,184,0.242528
FKIT,S+X2_M3_r1,donut,185,0.235177
FKIT,S+X2_M3_r1,donut,186,0.260833
FKIT,S+X2_M3_r1,donut,187,0.241919
FKIT,S+X2_M3_r1,donut,188,0.235433
FKIT,S+X2_M3_r1,donut,189,0.243463
FKIT,S+X2_M3_r1,donut,190,0.230543
FKIT,S+X2_M3_r1,donut,191,0.231495
FKIT,S+X2_M3_r1,donut,192,0.223905
FKIT,S+X2_M3_r1,donut,193,0.206768
FKIT,S+X2_M3_r1,donut,194,0.203748
FKIT,S+X2_M3_r1,donut,195,0.192014
FKIT,S+X2_M3_r1,donut,196,0.197513
FKIT,S+X2_M3_r1,donut,197,0.190238
FKIT,S+X2_M3_r1,donut,198,0.179292
FKIT,S+X2_M3_r1,donut,199,0.174278
FKIT,S+X2_M3_r1,donut,200,0.175201
FKIT,S+X2_M3_r1,donut,201,0.174511
FKIT,S+X2_M3_r1,donut,202,0.163521
FKIT,S+X2_M3_r1,donut,203,0.156314
FKIT,S+X2_M3_r1,donut,204,0.141867
FKIT,S+X2_M3_r1,donut,205,0.144870
FKIT,S+X2_M3_r1,donut,206,0.141473
FKIT,S+X2_M3_r1,donut,207,0.159483
FKIT,S+X2_M3_r1,donut,208,0.142567
FKIT,S+X2_M3_r1,donut,209,0.140190
FKIT,S+X2_M3_r1,donut,210,0.130443
FKIT,S+X2_M3_r1,donut,211,0.127417
FKIT,S+X2_M3_r1,donut,212,0.130846
FKIT,S+X2_M3_r1,donut,213,0.122411
FKIT,S+X2_M3_r1,donut,214,0.123628
FKIT,S+X2_M3_r1,donut,215,0.122544
FKIT,S+X2_M3_r1,donut,216,0.130321
FKIT,S+X2_M3_r1,donut,217,0.122519
FKIT,S+X2_M3_r1,donut,218,0.125992
FKIT,S+X2_M3_r1,donut,219,0.138898
FKIT,S+X2_M3_r1,donut,220,0.129259
FKIT,S+X2_M3_r1,donut,221,0.136914
FKIT,S+X2_M3_r1,donut,222,0.149266
FKIT,S+X2_M3_r1,donut,223,0.138573
FKIT,S+X2_M3_r1,donut,224,0.151669
FKIT,S+X2_M3_r1,donut,225,0.160102
FKIT,S+X2_M3_r1,donut,226,0.210669
FKIT,S+X2_M3_r1,donut,227,0.165345
FKIT,S+X2_M3_r1,donut,228,0.180655
FKIT,S+X2_M3_r1,donut,229,0.200067
FKIT,S+X2_M3_r1,donut,230,0.245704
FKIT,S+X2_M3_r1,donut,231,0.201420
FKIT,S+X2_M3_r1,donut,232,0.238396
FKIT,S+X2_M3_r1,donut,233,0.229383
FKIT,S+X2_M3_r1,donut,234,0.248221
FKIT,S+X2_M3_r1,donut,235,0.263202
FKIT,S+X2_M3_r1,donut,236,0.255031
FKIT,S+X2_M3_r1,donut,237,0.262648
FKIT,S+X2_M3_r1,donut,238,0.255859
FKIT,S+X2_M3_r1,donut,239,0.299991
FKIT,S+X2_M3_r1,donut,240,0.274451
FKIT,S+X2_M3_r1,donut,241,0.295227
FKIT,S+X2_M3_r1,donut,242,0.308978
FKIT,S+X2_M3_r1,donut,243,0.313946
FKIT,S+X2_M3_r1,donut,244,0.292874
FKIT,S+X2_M3_r1,donut,245,0.287803
FKIT,S+X2_M3_r1,donut,246,0.288173
FKIT,S+X2_M3_r1,donut,247,0.261758
FKIT,S+X2_M3_r1,donut,248,0.290148
FKIT,S+X2_M3_r1,donut,249,0.292294
FKIT,S+X2_M3_r1,donut,250,0.281967
FKIT,S+X2_M3_r1,donut,251,0.282480
FKIT,S+X2_M3_r1,donut,252,0.298189
FKIT,S+X2_M3_r1,donut,253,0.297474
FKIT,S+X2_M3_r1,donut,254,0.307388
FKIT,S+X2_M3_r1,donut,255,0.296620
FKIT,S+X2_M3_r1,donut,256,0.280239
FKIT,S+X2_M3_r1,donut,257,0.296989
FKIT,S+X2_M3_r1,donut,258,0.291386
FKIT,S+X2_M3_r1,donut,259,0.299966
FKIT,S+X2_M3_r1,donut,260,0.299223
FKIT,S+X2_M3_r1,donut,261,0.309796
FKIT,S+X2_M3_r1,donut,262,0.309458
FKIT,S+X2_M3_r1,donut,263,0.304940
FKIT,S+X2_M3_r1,donut,264,0.314759
FKIT,S+X2_M3_r1,donut,265,0.303408
FKIT,S+X2_M3_r1,donut,266,0.303387
FKIT,S+X2_M3_r1,donut,267,0.306366
FKIT,S+X2_M3_r1,donut,268,0.296766
FKIT,S+X2_M3_r1,donut,269,0.313189
FKIT,S+X2_M3_r1,donut,270,0.304435
FKIT,S+X2_M3_r1,donut,271,0.306016
FKIT,S+X2_M3_r1,donut,272,0.301936
FKIT,S+X2_M3_r1,donut,273,0.310554
FKIT,S+X2_M3_r1,donut,274,0.310839
FKIT,S+X2_M3_r1,donut,275,0.321445
FKIT,S+X2_M3_r1,donut,276,0.327433
FKIT,S+X2_M3_r1,donut,277,0.328941
FKIT,S+X2_M3_r1,donut,278,0.345105
FKIT,S+X2_M3_r1,donut,279,0.353426
FKIT,S+X2_M3_r1,donut,280,0.316154
FKIT,S+X2_M3_r1,donut,281,0.318335
FKIT,S+X2_M3_r1,donut,282,0.318460
FKIT,S+X2_M3_r1,donut,283,0.344645
FKIT,S+X2_M3_r1,donut,284,0.317699
FKIT,S+X2_M3_r1,donut,285,0.310878
FKIT,S+X2_M3_r1,donut,286,0.324107
FKIT,S+X2_M3_r1,donut,287,0.329015
FKIT,S+X2_M3_r1,donut,288,0.313031
FKIT,S+X2_M3_r1,donut,289,0.341550
FKIT,S+X2_M3_r1,donut,290,0.341432
FKIT,S+X2_M3_r1,donut,291,0.350257
FKIT,S+X2_M3_r1,donut,292,0.315096
FKIT,S+X2_M3_r1,donut,293,0.326345
FKIT,S+X2_M3_r1,donut,294,0.316088
FKIT,S+X2_M3_r1,donut,295,0.337170
FKIT,S+X2_M3_r1,donut,296,0.332634
FKIT,S+X2_M3_r1,donut,297,0.331320
FKIT,S+X2_M3_r1,donut,298,0.347225
FKIT,S+X2_M3_r1,donut,299,0.338572
FKIT,S+X2_M3_r1,donut,300,0.349405
FKIT,S+X2_M3_r1,donut,301,0.347119
FKIT,S+X2_M3_r1,donut,302,0.361551
FKIT,S+X2_M3_r1,donut,303,0.331377
FKIT,S+X2_M3_r1,donut,304,0.350564
FKIT,S+X2_M3_r1,donut,305,0.346551
FKIT,S+X2_M3_r1,donut,306,0.337845
FKIT,S+X2_M3_r1,donut,307,0.336848
FKIT,S+X2_M3_r1,donut,308,0.342222
FKIT,S+X2_M3_r1,donut,309,0.344521
FKIT,S+X2_M3_r1,donut,310,0.338125
FKIT,S+X2_M3_r1,donut,311,0.346411
FKIT,S+X2_M3_r1,donut,312,0.331526
FKIT,S+X2_M3_r1,donut,313,0.328898
FKIT,S+X2_M3_r1,donut,314,0.327680
FKIT,S+X2_M3_r1,donut,315,0.344263
FKIT,S+X2_M3_r1,donut,316,0.358143
FKIT,S+X2_M3_r1,donut,317,0.341549
FKIT,S+X2_M3_r1,donut,318,0.343984
FKIT,S+X2_M3_r1,donut,319,0.342338
FKIT,S+X2_M3_r1,donut,320,0.361508
FKIT,S+X2_M3_r1,donut,321,0.351063
FKIT,S+X2_M3_r1,donut,322,0.337897
FKIT,S+X2_M3_r1,donut,323,0.320142
FKIT,S+X2_M3_r1,donut,324,0.338930
FKIT,S+X2_M3_r1,donut,325,0.307260
FKIT,S+X2_M3_r1,donut,326,0.311051
FKIT,S+X2_M3_r1,donut,327,0.300117
FKIT,S+X2_M3_r1,donut,328,0.311324
FKIT,S+X2_M3_r1,donut,329,0.313082
FKIT,S+X2_M3_r1,donut,330,0.325756
FKIT,S+X2_M3_r1,donut,331,0.346762
FKIT,S+X2_M3_r1,donut,332,0.359285
FKIT,S+X2_M3_r1,donut,333,0.363905
FKIT,S+X2_M3_r1,donut,334,0.366420
FKIT,S+X2_M3_r1,donut,335,0.360130
FKIT,S+X2_M3_r1,donut,336,0.373349
FKIT,S+X2_M3_r1,donut,337,0.367313
FKIT,S+X2_M3_r1,donut,338,0.397521
FKIT,S+X2_M3_r1,donut,339,0.367816
FKIT,S+X2_M3_r1,donut,340,0.377520
FKIT,S+X2_M3_r1,donut,341,0.392614
FKIT,S+X2_M3_r1,donut,342,0.399113
FKIT,S+X2_M3_r1,donut,343,0.354112
FKIT,S+X2_M3_r1,donut,344,0.345079
FKIT,S+X2_M3_r1,donut,345,0.337308
FKIT,S+X2_M3_r1,donut,346,0.352355
FKIT,S+X2_M3_r1,donut,347,0.379438
FKIT,S+X2_M3_r1,donut,348,0.354432
FKIT,S+X2_M3_r1,donut,349,0.423696
FKIT,S+X2_M3_r1,donut,350,0.414816
FKIT,S+X2_M3_r1,donut,351,0.415870
FKIT,S+X2_M3_r1,donut,352,0.428590
FKIT,S+X2_M3_r1,donut,353,0.445418
FKIT,S+X2_M3_r1,donut,354,0.449682
FKIT,S+X2_M3_r1,donut,355,0.411773
FKIT,S+X2_M3_r1,donut,356,0.428949
FKIT,S+X2_M3_r1,donut,357,0.407150
FKIT,S+X2_M3_r1,donut,358,0.418693
FKIT,S+X2_M3_r1,donut,359,0.443552
FKIT,S+X2_M3_r1,donut,360,0.449184
FKIT,S+X2_M3_r1,donut,361,0.414625
FKIT,S+X2_M3_r1,donut,362,0.438470
FKIT,S+X2_M3_r1,donut,363,0.496827
FKIT,S+X2_M3_r1,donut,364,0.489411
FKIT,S+X2_M3_r1,donut,365,0.489711
FKIT,S+X2_M3_r1,donut,366,0.455713
FKIT,S+X2_M3_r1,donut,367,0.469410
FKIT,S+X2_M3_r1,donut,368,0.446201
FKIT,S+X2_M3_r1,donut,369,0.453418
FKIT,S+X2_M3_r1,donut,370,0.419573
FKIT,S+X2_M3_r1,donut,371,0.434986
FKIT,S+X2_M3_r1,donut,372,0.413113
FKIT,S+X2_M3_r1,donut,373,0.451513
FKIT,S+X2_M3_r1,donut,374,0.444456
FKIT,S+X2_M3_r1,donut,375,0.434428
FKIT,S+X2_M3_r1,donut,376,0.435048
FKIT,S+X2_M3_r1,donut,377,0.409451
FKIT,S+X2_M3_r1,donut,378,0.439877
FKIT,S+X2_M3_r1,donut,379,0.411524
FKIT,S+X2_M3_r1,donut,380,0.433348
FKIT,S+X2_M3_r1,donut,381,0.379149
FKIT,S+X2_M3_r1,donut,382,0.413702
FKIT,S+X2_M3_r1,donut,383,0.448283
FKIT,S+X2_M3_r1,donut,384,0.461085
FKIT,S+X2_M3_r1,donut,385,0.457171
FKIT,S+X2_M3_r1,donut,386,0.460783
FKIT,S+X2_M3_r1,donut,387,0.440281
FKIT,S+X2_M3_r1,donut,388,0.456742
FKIT,S+X2_M3_r1,donut,389,0.439849
FKIT,S+X2_M3_r1,donut,390,0.460522
FKIT,S+X2_M3_r1,donut,391,0.441537
FKIT,S+X2_M3_r1,donut,392,0.451820
FKIT,S+X2_M3_r1,donut,393,0.461038
FKIT,S+X2_M3_r1,donut,394,0.458757
FKIT,S+X2_M3_r1,donut,395,0.441264
FKIT,S+X2_M3_r1,donut,396,0.445071
FKIT,S+X2_M3_r1,donut,397,0.438281
FKIT,S+X2_M3_r1,donut,398,0.422766
FKIT,S+X2_M3_r1,donut,399,0.423916
FKIT,S+X2_M3_r1,donut,400,0.406920
FKIT,S+X2_M3_r1,donut,401,0.445652
FKIT,S+X2_M3_r1,donut,402,0.440500
FKIT,S+X2_M3_r1,donut,403,0.411312
FKIT,S+X2_M3_r1,donut,404,0.412401
FKIT,S+X2_M3_r1,donut,405,0.421606
FKIT,S+X2_M3_r1,donut,406,0.447395
FKIT,S+X2_M3_r1,donut,407,0.454488
FKIT,S+X2_M3_r1,donut,408,0.422435
FKIT,S+X2_M3_r1,donut,409,0.449770
FKIT,S+X2_M3_r1,donut,410,0.453767
FKIT,S+X2_M3_r1,donut,411,0.431164
FKIT,S+X2_M3_r1,donut,412,0.474808
FKIT,S+X2_M3_r1,donut,413,0.476935
FKIT,S+X2_M3_r1,donut,414,0.492301
FKIT,S+X2_M3_r1,donut,415,0.479984
FKIT,S+X2_M3_r1,donut,416,0.499733
FKIT,S+X2_M3_r1,donut,417,0.487381
FKIT,S+X2_M3_r1,donut,418,0.468318
FKIT,S+X2_M3_r1,donut,419,0.455333
FKIT,S+X2_M3_r1,donut,420,0.489981
FKIT,S+X2_M3_r1,donut,421,0.483351
FKIT,S+X2_M3_r1,donut,422,0.450737
FKIT,S+X2_M3_r1,donut,423,0.467415
FKIT,S+X2_M3_r1,donut,424,0.466196
FKIT,S+X2_M3_r1,donut,425,0.486645
FKIT,S+X2_M3_r1,donut,426,0.456618
FKIT,S+X2_M3_r1,donut,427,0.466034
FKIT,S+X2_M3_r1,donut,428,0.451735
FKIT,S+X2_M3_r1,donut,429,0.458990
FKIT,S+X2_M3_r1,donut,430,0.473899
FKIT,S+X2_M3_r1,donut,431,0.493565
FKIT,S+X2_M3_r1,donut,432,0.478696
FKIT,S+X2_M3_r1,donut,433,0.525107
FKIT,S+X2_M3_r1,donut,434,0.499171
FKIT,S+X2_M3_r1,donut,435,0.492265
FKIT,S+X2_M3_r1,donut,436,0.505464
FKIT,S+X2_M3_r1,donut,437,0.492558
FKIT,S+X2_M3_r1,donut,438,0.494427
FKIT,S+X2_M3_r1,donut,439,0.481558
FKIT,S+X2_M3_r1,donut,440,0.526150
FKIT,S+X2_M3_r1,donut,441,0.480252
FKIT,S+X2_M3_r1,donut,442,0.496118
FKIT,S+X2_M3_r1,donut,443,0.503237
FKIT,S+X2_M3_r1,donut,444,0.518611
FKIT,S+X2_M3_r1,donut,445,0.513046
FKIT,S+X2_M3_r1,donut,446,0.515911
FKIT,S+X2_M3_r1,donut,447,0.524928
FKIT,S+X2_M3_r1,donut,448,0.503434
FKIT,S+X2_M3_r1,donut,449,0.519750
FKIT,S+X2_M3_r1,donut,450,0.532676
FKIT,S+X2_M3_r1,donut,451,0.479366
FKIT,S+X2_M3_r1,donut,452,0.500082
FKIT,S+X2_M3_r1,donut,453,0.535354
FKIT,S+X2_M3_r1,donut,454,0.528739
FKIT,S+X2_M3_r1,donut,455,0.506982
FKIT,S+X2_M3_r1,donut,456,0.497819
FKIT,S+X2_M3_r1,donut,457,0.514766
FKIT,S+X2_M3_r1,donut,458,0.487456
FKIT,S+X2_M3_r1,donut,459,0.493382
FKIT,S+X2_M3_r1,donut,460,0.476769
FKIT,S+X2_M3_r1,donut,461,0.464252
FKIT,S+X2_M3_r1,donut,462,0.474148
FKIT,S+X2_M3_r1,donut,463,0.507105
FKIT,S+X2_M3_r1,donut,464,0.497782
FKIT,S+X2_M3_r1,donut,465,0.505426
FKIT,S+X2_M3_r1,donut,466,0.492688
FKIT,S+X2_M3_r1,donut,467,0.482552
FKIT,S+X2_M3_r1,donut,468,0.519442
FKIT,S+X2_M3_r1,donut,469,0.470182
FKIT,S+X2_M3_r1,donut,470,0.503898
FKIT,S+X2_M3_r1,donut,471,0.499856
FKIT,S+X2_M3_r1,donut,472,0.474168
FKIT,S+X2_M3_r1,donut,473,0.536990
FKIT,S+X2_M3_r1,donut,474,0.541648
FKIT,S+X2_M3_r1,donut,475,0.529980
FKIT,S+X2_M3_r1,donut,476,0.578405
FKIT,S+X2_M3_r1,donut,477,0.535456
FKIT,S+X2_M3_r1,donut,478,0.525980
FKIT,S+X2_M3_r1,donut,479,0.511937
FKIT,S+X2_M3_r1,donut,480,0.546880
FKIT,S+X2_M3_r1,donut,481,0.548479
FKIT,S+X2_M3_r1,donut,482,0.543539
FKIT,S+X2_M3_r1,donut,483,0.595702
FKIT,S+X2_M3_r1,donut,484,0.556441
FKIT,S+X2_M3_r1,donut,485,0.593536
FKIT,S+X2_M3_r1,donut,486,0.575084
FKIT,S+X2_M3_r1,donut,487,0.577626
FKIT,S+X2_M3_r1,donut,488,0.554455
FKIT,S+X2_M3_r1,donut,489,0.525649
FKIT,S+X2_M3_r1,donut,490,0.499652
FKIT,S+X2_M3_r1,donut,491,0.470251
FKIT,S+X2_M3_r1,donut,492,0.460719
FKIT,S+X2_M3_r1,donut,493,0.454683
FKIT,S+X2_M3_r1,donut,494,0.467200
FKIT,S+X2_M3_r1,donut,495,0.476571
FKIT,S+X2_M3_r1,donut,496,0.463257
FKIT,S+X2_M3_r1,donut,497,0.474788
FKIT,S+X2_M3_r1,donut,498,0.387494
FKIT,S+X2_M3_r1,donut,499,0.480182
FKIT,S+X2_M3_r1,donut,500,0.472337
FKIT,S+X2_M3_r1,donut,501,0.459223
FKIT,S+X2_M3_r1,donut,502,0.467236
FKIT,S+X2_M3_r1,donut,503,0.459227
FKIT,S+X2_M3_r1,donut,504,0.449847
FKIT,S+X2_M3_r1,donut,505,0.432248
FKIT,S+X2_M3_r1,donut,506,0.405413
FKIT,S+X2_M3_r1,donut,507,0.439187
FKIT,S+X2_M3_r1,donut,508,0.385828
FKIT,S+X2_M3_r1,donut,509,0.440567
FKIT,S+X2_M3_r1,donut,510,0.428850
FKIT,S+X2_M3_r1,donut,511,0.421822
FKIT,S+X2_M3_r1,donut,512,0.449445
FKIT,S+X2_M3_r1,donut,513,0.443735
FKIT,S+X2_M3_r1,donut,514,0.436451
FKIT,S+X2_M3_r1,donut,515,0.444737
FKIT,S+X2_M3_r1,donut,516,0.456128
FKIT,S+X2_M3_r1,donut,517,0.436278
FKIT,S+X2_M3_r1,donut,518,0.437454
FKIT,S+X2_M3_r1,donut,519,0.441295
FKIT,S+X2_M3_r1,donut,520,0.428610
FKIT,S+X2_M3_r1,donut,521,0.428522
FKIT,S+X2_M3_r1,donut,522,0.453827
FKIT,S+X2_M3_r1,donut,523,0.438297
FKIT,S+X2_M3_r1,donut,524,0.412350
FKIT,S+X2_M3_r1,donut,525,0.409625
FKIT,S+X2_M3_r1,donut,526,0.493356
FKIT,S+X2_M3_r1,donut,527,0.491558
FKIT,S+X2_M3_r1,donut,528,0.461239
FKIT,S+X2_M3_r1,donut,529,0.485217
FKIT,S+X2_M3_r1,donut,530,0.452258
FKIT,S+X2_M3_r1,donut,531,0.457646
FKIT,S+X2_M3_r1,donut,532,0.448243
FKIT,S+X2_M3_r1,donut,533,0.449686
FKIT,S+X2_M3_r1,donut,534,0.452003
FKIT,S+X2_M3_r1,donut,535,0.434405
FKIT,S+X2_M3_r1,donut,536,0.425548
FKIT,S+X2_M3_r1,donut,537,0.415822
FKIT,S+X2_M3_r1,donut,538,0.409780
FKIT,S+X2_M3_r1,donut,539,0.432311
FKIT,S+X2_M3_r1,donut,540,0.437176
FKIT,S+X2_M3_r1,donut,541,0.436060
FKIT,S+X2_M3_r1,donut,542,0.412730
FKIT,S+X2_M3_r1,donut,543,0.412521
FKIT,S+X2_M3_r1,donut,544,0.421962
FKIT,S+X2_M3_r1,donut,545,0.400939
FKIT,S+X2_M3_r1,donut,546,0.421682
FKIT,S+X2_M3_r1,donut,547,0.401198
FKIT,S+X2_M3_r1,donut,548,0.406108
FKIT,S+X2_M3_r1,donut,549,0.386443
FKIT,S+X2_M3_r1,donut,550,0.377096
FKIT,S+X2_M3_r1,donut,551,0.387213
FKIT,S+X2_M3_r1,donut,552,0.385325
FKIT,S+X2_M3_r1,donut,553,0.398419
FKIT,S+X2_M3_r1,donut,554,0.405788
FKIT,S+X2_M3_r1,donut,555,0.417442
FKIT,S+X2_M3_r1,donut,556,0.415253
FKIT,S+X2_M3_r1,donut,557,0.418448
FKIT,S+X2_M3_r1,donut,558,0.401586
FKIT,S+X2_M3_r1,donut,559,0.397408
FKIT,S+X2_M3_r1,donut,560,0.406394
FKIT,S+X2_M3_r1,donut,561,0.409137
FKIT,S+X2_M3_r1,donut,562,0.403792
FKIT,S+X2_M3_r1,donut,563,0.405764
FKIT,S+X2_M3_r1,donut,564,0.429880
FKIT,S+X2_M3_r1,donut,565,0.438237
FKIT,S+X2_M3_r1,donut,566,0.416488
FKIT,S+X2_M3_r1,donut,567,0.418690
FKIT,S+X2_M3_r1,donut,568,0.432593
FKIT,S+X2_M3_r1,donut,569,0.393247
FKIT,S+X2_M3_r1,donut,570,0.450167
FKIT,S+X2_M3_r1,donut,571,0.435234
FKIT,S+X2_M3_r1,donut,572,0.430415
FKIT,S+X2_M3_r1,donut,573,0.420606
FKIT,S+X2_M3_r1,donut,574,0.458225
FKIT,S+X2_M3_r1,donut,575,0.488034
FKIT,S+X2_M3_r1,donut,576,0.515201
FKIT,S+X2_M3_r1,donut,577,0.476221
FKIT,S+X2_M3_r1,donut,578,0.466366
FKIT,S+X2_M3_r1,donut,579,0.476492
FKIT,S+X2_M3_r1,donut,580,0.506235
FKIT,S+X2_M3_r1,donut,581,0.485754
FKIT,S+X2_M3_r1,donut,582,0.531986
FKIT,S+X2_M3_r1,donut,583,0.526439
FKIT,S+X2_M3_r1,donut,584,0.513342
FKIT,S+X2_M3_r1,donut,585,0.548741
FKIT,S+X2_M3_r1,donut,586,0.530342
FKIT,S+X2_M3_r1,donut,587,0.566882
FKIT,S+X2_M3_r1,donut,588,0.551392
FKIT,S+X2_M3_r1,donut,589,0.576025
FKIT,S+X2_M3_r1,donut,590,0.595747
FKIT,S+X2_M3_r1,donut,591,0.637233
FKIT,S+X2_M3_r1,donut,592,0.652040
FKIT,S+X2_M3_r1,donut,593,0.673564
FKIT,S+X2_M3_r1,donut,594,0.695455
FKIT,S+X2_M3_r1,donut,595,0.693016
FKIT,S+X2_M3_r1,donut,596,0.739134
FKIT,S+X2_M3_r1,donut,597,0.765736
FKIT,S+X2_M3_r1,donut,598,0.772301
FKIT,S+X2_M3_r1,donut,599,0.795794
FKIT,S+X2_M3_r1,donut,600,0.807429
FKIT,S+X2_M3_r1,donut,601,0.792286
FKIT,S+X2_M3_r1,donut,602,0.812565
FKIT,S+X2_M3_r1,donut,603,0.813799
FKIT,S+X2_M3_r1,donut,604,0.815452
FKIT,S+X2_M3_r1,donut,605,0.829029
FKIT,S+X2_M3_r1,donut,606,0.822255
FKIT,S+X2_M3_r1,donut,607,0.905268
FKIT,S+X2_M3_r1,donut,608,0.880340
FKIT,S+X2_M3_r1,donut,609,0.885331
FKIT,S+X2_M3_r1,donut,610,0.870820
FKIT,S+X2_M3_r1,donut,611,0.912738
FKIT,S+X2_M3_r1,donut,612,0.904036
FKIT,S+X2_M3_r1,donut,613,0.904599
FKIT,S+X2_M3_r1,donut,614,0.904854
FKIT,S+X2_M3_r1,donut,615,0.903349
FKIT,S+X2_M3_r1,donut,616,0.907162
FKIT,S+X2_M3_r1,donut,617,0.941916
FKIT,S+X2_M3_r1,donut,618,0.957783
FKIT,S+X2_M3_r1,donut,619,0.943262
FKIT,S+X2_M3_r1,donut,620,0.951797
FKIT,S+X2_M3_r1,donut,621,0.933016
FKIT,S+X2_M3_r1,donut,622,0.946587
FKIT,S+X2_M3_r1,donut,623,0.946193
FKIT,S+X2_M3_r1,donut,624,0.966207
FKIT,S+X2_M3_r1,donut,625,0.959063
FKIT,S+X2_M3_r1,donut,626,0.956336
FKIT,S+X2_M3_r1,donut,627,0.977752
FKIT,S+X2_M3_r1,donut,628,0.974469
FKIT,S+X2_M3_r1,donut,629,0.980955
FKIT,S+X2_M3_r1,donut,630,0.977095
FKIT,S+X2_M3_r1,donut,631,0.971950
FKIT,S+X2_M3_r1,donut,632,0.968425
FKIT,S+X2_M3_r1,donut,633,0.968898
FKIT,S+X2_M3_r1,donut,634,0.956776
FKIT,S+X2_M3_r1,donut,635,0.956967
FKIT,S+X2_M3_r1,donut,636,0.957133
FKIT,S+X2_M3_r1,donut,637,0.979432
FKIT,S+X2_M3_r1,donut,638,0.977539
FKIT,S+X2_M3_r1,donut,639,0.979597
FKIT,S+X2_M3_r1,donut,640,0.981760
FKIT,S+X2_M3_r1,donut,641,0.978113
FKIT,S+X2_M3_r1,donut,642,0.975145
FKIT,S+X2_M3_r1,donut,643,0.951123
FKIT,S+X2_M3_r1,donut,644,0.970994
FKIT,S+X2_M3_r1,donut,645,0.968241
FKIT,S+X2_M3_r1,donut,646,0.970922
FKIT,S+X2_M3_r1,donut,647,0.973555
FKIT,S+X2_M3_r1,donut,648,0.975700
FKIT,S+X2_M3_r1,donut,649,0.969850
FKIT,S+X2_M3_r1,donut,650,0.978218
FKIT,S+X2_M3_r1,donut,651,0.975921
FKIT,S+X2_M3_r1,donut,652,0.968429
FKIT,S+X2_M3_r1,donut,653,0.968855
FKIT,S+X2_M3_r1,donut,654,0.977276
FKIT,S+X2_M3_r1,donut,655,0.975845
FKIT,S+X2_M3_r1,donut,656,0.973873
FKIT,S+X2_M3_r1,donut,657,0.976731
FKIT,S+X2_M3_r1,donut,658,0.977836
FKIT,S+X2_M3_r1,donut,659,0.974365
FKIT,S+X2_M3_r1,donut,660,0.977730
FKIT,S+X2_M3_r1,donut,661,0.973468
FKIT,S+X2_M3_r1,donut,662,0.978244
FKIT,S+X2_M3_r1,donut,663,0.977024
FKIT,S+X2_M3_r1,donut,664,0.980247
FKIT,S+X2_M3_r1,donut,665,0.980361
FKIT,S+X2_M3_r1,donut,666,0.979796
FKIT,S+X2_M3_r1,donut,667,0.979567
FKIT,S+X2_M3_r1,donut,668,0.977815
FKIT,S+X2_M3_r1,donut,669,0.974799
FKIT,S+X2_M3_r1,donut,670,0.977165
FKIT,S+X2_M3_r1,donut,671,0.974439
FKIT,S+X2_M3_r1,donut,672,0.967140
FKIT,S+X2_M3_r1,donut,673,0.962850
FKIT,S+X2_M3_r1,donut,674,0.941806
FKIT,S+X2_M3_r1,donut,675,0.931896
FKIT,S+X2_M3_r1,donut,676,0.925443
FKIT,S+X2_M3_r1,donut,677,0.942347
FKIT,S+X2_M3_r1,donut,678,0.939550
FKIT,S+X2_M3_r1,donut,679,0.942643
FKIT,S+X2_M3_r1,donut,680,0.898351
FKIT,S+X2_M3_r1,donut,681,0.937937
FKIT,S+X2_M3_r1,donut,682,0.895081
FKIT,S+X2_M3_r1,donut,683,0.893138
FKIT,S+X2_M3_r1,donut,684,0.879244
FKIT,S+X2_M3_r1,donut,685,0.854299
FKIT,S+X2_M3_r1,donut,686,0.866976
FKIT,S+X2_M3_r1,donut,687,0.865353
FKIT,S+X2_M3_r1,donut,688,0.868814
FKIT,S+X2_M3_r1,donut,689,0.882347
FKIT,S+X2_M3_r1,donut,690,0.874226
FKIT,S+X2_M3_r1,donut,691,0.883355
FKIT,S+X2_M3_r1,donut,692,0.874663
FKIT,S+X2_M3_r1,donut,693,0.878436
FKIT,S+X2_M3_r1,donut,694,0.873867
FKIT,S+X2_M3_r1,donut,695,0.876381
FKIT,S+X2_M3_r1,donut,696,0.875234
FKIT,S+X2_M3_r1,donut,697,0.909068
FKIT,S+X2_M3_r1,donut,698,0.913163
FKIT,S+X2_M3_r1,donut,699,0.880986
FKIT,S+X2_M3_r1,donut,700,0.905809
FKIT,S+X2_M3_r1,donut,701,0.915047
FKIT,S+X2_M3_r1,donut,702,0.868473
FKIT,S+X2_M3_r1,donut,703,0.855203
FKIT,S+X2_M3_r1,donut,704,0.852238
FKIT,S+X2_M3_r1,donut,705,0.834724
FKIT,S+X2_M3_r1,donut,706,0.832640
FKIT,S+X2_M3_r1,donut,707,0.883673
FKIT,S+X2_M3_r1,donut,708,0.880351
FKIT,S+X2_M3_r1,donut,709,0.890067
FKIT,S+X2_M3_r1,donut,710,0.872225
FKIT,S+X2_M3_r1,donut,711,0.867690
FKIT,S+X2_M3_r1,donut,712,0.874644
FKIT,S+X2_M3_r1,donut,713,0.881544
FKIT,S+X2_M3_r1,donut,714,0.878469
FKIT,S+X2_M3_r1,donut,715,0.877759
FKIT,S+X2_M3_r1,donut,716,0.866800
FKIT,S+X2_M3_r1,donut,717,0.882982
FKIT,S+X2_M3_r1,donut,718,0.881864
FKIT,S+X2_M3_r1,donut,719,0.883219
FKIT,S+X2_M3_r1,donut,720,0.873151
FKIT,S+X2_M3_r1,donut,721,0.868509
FKIT,S+X2_M3_r1,donut,722,0.879897
FKIT,S+X2_M3_r1,donut,723,0.862765
FKIT,S+X2_M3_r1,donut,724,0.869802
FKIT,S+X2_M3_r1,donut,725,0.857177
FKIT,S+X2_M3_r1,donut,726,0.859780
FKIT,S+X2_M3_r1,donut,727,0.876954
FKIT,S+X2_M3_r1,donut,728,0.867244
FKIT,S+X2_M3_r1,donut,729,0.861401
FKIT,S+X2_M3_r1,donut,730,0.865280
FKIT,S+X2_M3_r1,donut,731,0.871176
FKIT,S+X2_M3_r1,donut,732,0.862063
FKIT,S+X2_M3_r1,donut,733,0.862206
FKIT,S+X2_M3_r1,donut,734,0.842604
FKIT,S+X2_M3_r1,donut,735,0.857586
FKIT,S+X2_M3_r1,donut,736,0.869614
FKIT,S+X2_M3_r1,donut,737,0.884817
FKIT,S+X2_M3_r1,donut,738,0.895226
FKIT,S+X2_M3_r1,donut,739,0.868923
FKIT,S+X2_M3_r1,donut,740,0.889203
FKIT,S+X2_M3_r1,donut,741,0.893896
FKIT,S+X2_M3_r1,donut,742,0.895915
FKIT,S+X2_M3_r1,donut,743,0.905057
FKIT,S+X2_M3_r1,donut,744,0.895487
FKIT,S+X2_M3_r1,donut,745,0.911919
FKIT,S+X2_M3_r1,donut,746,0.916570
FKIT,S+X2_M3_r1,donut,747,0.914264
FKIT,S+X2_M3_r1,donut,748,0.944974
FKIT,S+X2_M3_r1,donut,749,0.933110
FKIT,S+X2_M3_r1,donut,750,0.952231
FKIT,S+X2_M3_r1,donut,751,0.950112
FKIT,S+X2_M3_r1,donut,752,0.954028
FKIT,S+X2_M3_r1,donut,753,0.953120
FKIT,S+X2_M3_r1,donut,754,0.963669
FKIT,S+X2_M3_r1,donut,755,0.964378
FKIT,S+X2_M3_r1,donut,756,0.962805
FKIT,S+X2_M3_r1,donut,757,0.968101
FKIT,S+X2_M3_r1,donut,758,0.969684
FKIT,S+X2_M3_r1,donut,759,0.971003
FKIT,S+X2_M3_r1,donut,760,0.979161
FKIT,S+X2_M3_r1,donut,761,0.970355
FKIT,S+X2_M3_r1,donut,762,0.975079
FKIT,S+X2_M3_r1,donut,763,0.978282
FKIT,S+X2_M3_r1,donut,764,0.981352
FKIT,S+X2_M3_r1,donut,765,0.980779
FKIT,S+X2_M3_r1,donut,766,0.980288
FKIT,S+X2_M3_r1,donut,767,0.979987
FKIT,S+X2_M3_r1,donut,768,0.981376
FKIT,S+X2_M3_r1,donut,769,0.979604
FKIT,S+X2_M3_r1,donut,770,0.977704
FKIT,S+X2_M3_r1,donut,771,0.980190
FKIT,S+X2_M3_r1,donut,772,0.980342
FKIT,S+X2_M3_r1,donut,773,0.977790
FKIT,S+X2_M3_r1,donut,774,0.980828
FKIT,S+X2_M3_r1,donut,775,0.979906
FKIT,S+X2_M3_r1,donut,776,0.979415
FKIT,S+X2_M3_r1,donut,777,0.980918
FKIT,S+X2_M3_r1,donut,778,0.980841
FKIT,S+X2_M3_r1,donut,779,0.980443
FKIT,S+X2_M3_r1,durum,0,0.518060
FKIT,S+X2_M3_r1,durum,1,0.480905
FKIT,S+X2_M3_r1,durum,2,0.486317
FKIT,S+X2_M3_r1,durum,3,0.488767
FKIT,S+X2_M3_r1,durum,4,0.483768
FKIT,S+X2_M3_r1,durum,5,0.471089
FKIT,S+X2_M3_r1,durum,6,0.491091
FKIT,S+X2_M3_r1,durum,7,0.504834
FKIT,S+X2_M3_r1,durum,8,0.469446
FKIT,S+X2_M3_r1,durum,9,0.487568
FKIT,S+X2_M3_r1,durum,10,0.499304
FKIT,S+X2_M3_r1,durum,11,0.503467
FKIT,S+X2_M3_r1,durum,12,0.514190
FKIT,S+X2_M3_r1,durum,13,0.479562
FKIT,S+X2_M3_r1,durum,14,0.492966
FKIT,S+X2_M3_r1,durum,15,0.480723
FKIT,S+X2_M3_r1,durum,16,0.509620
FKIT,S+X2_M3_r1,durum,17,0.501460
FKIT,S+X2_M3_r1,durum,18,0.508206
FKIT,S+X2_M3_r1,durum,19,0.499352
FKIT,S+X2_M3_r1,durum,20,0.486501
FKIT,S+X2_M3_r1,durum,21,0.524088
FKIT,S+X2_M3_r1,durum,22,0.524432
FKIT,S+X2_M3_r1,durum,23,0.507114
FKIT,S+X2_M3_r1,durum,24,0.522345
FKIT,S+X2_M3_r1,durum,25,0.511846
FKIT,S+X2_M3_r1,durum,26,0.500988
FKIT,S+X2_M3_r1,durum,27,0.508369
FKIT,S+X2_M3_r1,durum,28,0.493738
FKIT,S+X2_M3_r1,durum,29,0.507418
FKIT,S+X2_M3_r1,durum,30,0.499109
FKIT,S+X2_M3_r1,durum,31,0.493399
FKIT,S+X2_M3_r1,durum,32,0.505960
FKIT,S+X2_M3_r1,durum,33,0.482019
FKIT,S+X2_M3_r1,durum,34,0.476851
FKIT,S+X2_M3_r1,durum,35,0.471792
FKIT,S+X2_M3_r1,durum,36,0.472456
FKIT,S+X2_M3_r1,durum,37,0.452789
FKIT,S+X2_M3_r1,durum,38,0.451304
FKIT,S+X2_M3_r1,durum,39,0.427464
FKIT,S+X2_M3_r1,durum,40,0.426426
FKIT,S+X2_M3_r1,durum,41,0.402200
FKIT,S+X2_M3_r1,durum,42,0.405085
FKIT,S+X2_M3_r1,durum,43,0.405904
FKIT,S+X2_M3_r1,durum,44,0.385617
FKIT,S+X2_M3_r1,durum,45,0.395933
FKIT,S+X2_M3_r1,durum,46,0.367951
FKIT,S+X2_M3_r1,durum,47,0.364686
FKIT,S+X2_M3_r1,durum,48,0.387819
FKIT,S+X2_M3_r1,durum,49,0.373679
FKIT,S+X2_M3_r1,durum,50,0.360085
FKIT,S+X2_M3_r1,durum,51,0.369715
FKIT,S+X2_M3_r1,durum,52,0.365793
FKIT,S+X2_M3_r1,durum,53,0.373678
FKIT,S+X2_M3_r1,durum,54,0.362611
FKIT,S+X2_M3_r1,durum,55,0.356062
FKIT,S+X2_M3_r1,durum,56,0.348968
FKIT,S+X2_M3_r1,durum,57,0.343913
FKIT,S+X2_M3_r1,durum,58,0.353213
FKIT,S+X2_M3_r1,durum,59,0.322680
FKIT,S+X2_M3_r1,durum,60,0.317032
FKIT,S+X2_M3_r1,durum,61,0.338129
FKIT,S+X2_M3_r1,durum,62,0.334925
FKIT,S+X2_M3_r1,durum,63,0.329714
FKIT,S+X2_M3_r1,durum,64,0.331928
FKIT,S+X2_M3_r1,durum,65,0.335523
FKIT,S+X2_M3_r1,durum,66,0.338135
FKIT,S+X2_M3_r1,durum,67,0.330284
FKIT,S+X2_M3_r1,durum,68,0.328847
FKIT,S+X2_M3_r1,durum,69,0.317621
FKIT,S+X2_M3_r1,durum,70,0.318582
FKIT,S+X2_M3_r1,durum,71,0.311950
FKIT,S+X2_M3_r1,durum,72,0.304168
FKIT,S+X2_M3_r1,durum,73,0.292137
FKIT,S+X2_M3_r1,durum,74,0.271921
FKIT,S+X2_M3_r1,durum,75,0.277855
FKIT,S+X2_M3_r1,durum,76,0.259387
FKIT,S+X2_M3_r1,durum,77,0.242319
FKIT,S+X2_M3_r1,durum,78,0.240123
FKIT,S+X2_M3_r1,durum,79,0.235616
FKIT,S+X2_M3_r1,durum,80,0.232196
FKIT,S+X2_M3_r1,durum,81,0.232735
FKIT,S+X2_M3_r1,durum,82,0.228253
FKIT,S+X2_M3_r1,durum,83,0.219033
FKIT,S+X2_M3_r1,durum,84,0.214846
FKIT,S+X2_M3_r1,durum,85,0.210285
FKIT,S+X2_M3_r1,durum,86,0.202629
FKIT,S+X2_M3_r1,durum,87,0.194655
FKIT,S+X2_M3_r1,durum,88,0.192013
FKIT,S+X2_M3_r1,durum,89,0.186432
FKIT,S+X2_M3_r1,durum,90,0.177605
FKIT,S+X2_M3_r1,durum,91,0.170006
FKIT,S+X2_M3_r1,durum,92,0.163608
FKIT,S+X2_M3_r1,durum,93,0.153138
FKIT,S+X2_M3_r1,durum,94,0.144210
FKIT,S+X2_M3_r1,durum,95,0.127463
FKIT,S+X2_M3_r1,durum,96,0.112990
FKIT,S+X2_M3_r1,durum,97,0.105893
FKIT,S+X2_M3_r1,durum,98,0.091768
FKIT,S+X2_M3_r1,durum,99,0.069737
FKIT,S+X2_M3_r1,durum,100,0.067780
FKIT,S+X2_M3_r1,durum,101,0.064417
FKIT,S+X2_M3_r1,durum,102,0.057855
FKIT,S+X2_M3_r1,durum,103,0.051394
FKIT,S+X2_M3_r1,durum,104,0.040758
FKIT,S+X2_M3_r1,durum,105,0.036683
FKIT,S+X2_M3_r1,durum,106,0.037897
FKIT,S+X2_M3_r1,durum,107,0.039697
FKIT,S+X2_M3_r1,durum,108,0.035402
FKIT,S+X2_M3_r1,durum,109,0.040274
FKIT,S+X2_M3_r1,durum,110,0.037582
FKIT,S+X2_M3_r1,durum,111,0.028818
FKIT,S+X2_M3_r1,durum,112,0.025133
FKIT,S+X2_M3_r1,durum,113,0.018904
FKIT,S+X2_M3_r1,durum,114,0.018450
FKIT,S+X2_M3_r1,durum,115,0.021564
FKIT,S+X2_M3_r1,durum,116,0.009881
FKIT,S+X2_M3_r1,durum,117,0.009074
FKIT,S+X2_M3_r1,durum,118,0.011513
FKIT,S+X2_M3_r1,durum,119,0.003591
FKIT,S+X2_M3_r1,durum,120,0.010711
FKIT,S+X2_M3_r1,durum,121,0.002496
FKIT,S+X2_M3_r1,durum,122,0.000531
FKIT,S+X2_M3_r1,durum,123,0.000000
FKIT,S+X2_M3_r1,durum,124,0.000000
FKIT,S+X2_M3_r1,durum,125,0.000000
FKIT,S+X2_M3_r1,durum,126,0.000000
FKIT,S+X2_M3_r1,durum,127,0.000000
FKIT,S+X2_M3_r1,durum,128,0.000000
FKIT,S+X2_M3_r1,durum,129,0.000000
FKIT,S+X2_M3_r1,durum,130,0.000000
FKIT,S+X2_M3_r1,durum,131,0.000000
FKIT,S+X2_M3_r1,durum,132,0.000000
FKIT,S+X2_M3_r1,durum,133,0.000000
FKIT,S+X2_M3_r1,durum,134,0.000000
FKIT,S+X2_M3_r1,durum,135,0.000000
FKIT,S+X2_M3_r1,durum,136,0.000000
FKIT,S+X2_M3_r1,durum,137,0.000000
FKIT,S+X2_M3_r1,durum,138,0.000000
FKIT,S+X2_M3_r1,durum,139,0.000000
FKIT,S+X2_M3_r1,durum,140,0.000000
FKIT,S+X2_M3_r1,durum,141,0.000000
FKIT,S+X2_M3_r1,durum,142,0.000000
FKIT,S+X2_M3_r1,durum,143,0.000000
FKIT,S+X2_M3_r1,durum,144,0.000000
FKIT,S+X2_M3_r1,durum,145,0.000000
FKIT,S+X2_M3_r1,durum,146,0.000000
FKIT,S+X2_M3_r1,durum,147,0.000000
FKIT,S+X2_M3_r1,durum,148,0.000000
FKIT,S+X2_M3_r1,durum,149,0.000000
FKIT,S+X2_M3_r1,durum,150,0.000000
FKIT,S+X2_M3_r1,durum,151,0.000000
FKIT,S+X2_M3_r1,durum,152,0.000000
FKIT,S+X2_M3_r1,durum,153,0.000000
FKIT,S+X2_M3_r1,durum,154,0.000000
FKIT,S+X2_M3_r1,durum,155,0.000000
FKIT,S+X2_M3_r1,durum,156,0.000000
FKIT,S+X2_M3_r1,durum,157,0.000000
FKIT,S+X2_M3_r1,durum,158,0.000000
FKIT,S+X2_M3_r1,durum,159,0.000000
FKIT,S+X2_M3_r1,durum,160,0.000000
FKIT,S+X2_M3_r1,durum,161,0.000000
FKIT,S+X2_M3_r1,durum,162,0.000000
FKIT,S+X2_M3_r1,durum,163,0.000000
FKIT,S+X2_M3_r1,durum,164,0.000000
FKIT,S+X2_M3_r1,durum,165,0.000000
FKIT,S+X2_M3_r1,durum,166,0.000000
FKIT,S+X2_M3_r1,durum,167,0.000000
FKIT,S+X2_M3_r1,durum,168,0.000000
FKIT,S+X2_M3_r1,durum,169,0.000000
FKIT,S+X2_M3_r1,durum,170,0.000000
FKIT,S+X2_M3_r1,durum,171,0.000000
FKIT,S+X2_M3_r1,durum,172,0.000000
FKIT,S+X2_M3_r1,durum,173,0.000000
FKIT,S+X2_M3_r1,durum,174,0.000000
FKIT,S+X2_M3_r1,durum,175,0.000000
FKIT,S+X2_M3_r1,durum,176,0.000000
FKIT,S+X2_M3_r1,durum,177,0.000000
FKIT,S+X2_M3_r1,durum,178,0.000000
FKIT,S+X2_M3_r1,durum,179,0.000000
FKIT,S+X2_M3_r1,durum,180,0.000000
FKIT,S+X2_M3_r1,durum,181,0.000000
FKIT,S+X2_M3_r1,durum,182,0.000000
FKIT,S+X2_M3_r1,durum,183,0.000000
FKIT,S+X2_M3_r1,durum,184,0.000000
FKIT,S+X2_M3_r1,durum,185,0.000000
FKIT,S+X2_M3_r1,durum,186,0.000000
FKIT,S+X2_M3_r1,durum,187,0.000000
FKIT,S+X2_M3_r1,durum,188,0.000000
FKIT,S+X2_M3_r1,durum,189,0.000000
FKIT,S+X2_M3_r1,durum,190,0.000000
FKIT,S+X2_M3_r1,durum,191,0.000000
FKIT,S+X2_M3_r1,durum,192,0.000000
FKIT,S+X2_M3_r1,durum,193,0.000000
FKIT,S+X2_M3_r1,durum,194,0.000000
FKIT,S+X2_M3_r1,durum,195,0.000000
FKIT,S+X2_M3_r1,durum,196,0.000000
FKIT,S+X2_M3_r1,durum,197,0.000000
FKIT,S+X2_M3_r1,durum,198,0.000000
FKIT,S+X2_M3_r1,durum,199,0.000000
FKIT,S+X2_M3_r1,durum,200,0.000000
FKIT,S+X2_M3_r1,durum,201,0.000000
FKIT,S+X2_M3_r1,durum,202,0.000000
FKIT,S+X2_M3_r1,durum,203,0.000000
FKIT,S+X2_M3_r1,durum,204,0.000000
FKIT,S+X2_M3_r1,durum,205,0.000000
FKIT,S+X2_M3_r1,durum,206,0.000000
FKIT,S+X2_M3_r1,durum,207,0.000000
FKIT,S+X2_M3_r1,durum,208,0.000000
FKIT,S+X2_M3_r1,durum,209,0.000000
FKIT,S+X2_M3_r1,durum,210,0.000000
FKIT,S+X2_M3_r1,durum,211,0.000000
FKIT,S+X2_M3_r1,durum,212,0.000000
FKIT,S+X2_M3_r1,durum,213,0.000000
FKIT,S+X2_M3_r1,durum,214,0.000000
FKIT,S+X2_M3_r1,durum,215,0.000000
FKIT,S+X2_M3_r1,durum,216,0.000000
FKIT,S+X2_M3_r1,durum,217,0.000000
FKIT,S+X2_M3_r1,durum,218,0.000000
FKIT,S+X2_M3_r1,durum,219,0.000000
FKIT,S+X2_M3_r1,durum,220,0.000000
FKIT,S+X2_M3_r1,durum,221,0.000000
FKIT,S+X2_M3_r1,durum,222,0.000000
FKIT,S+X2_M3_r1,durum,223,0.000000
FKIT,S+X2_M3_r1,durum,224,0.000000
FKIT,S+X2_M3_r1,durum,225,0.000000
FKIT,S+X2_M3_r1,durum,226,0.000000
FKIT,S+X2_M3_r1,durum,227,0.000000
FKIT,S+X2_M3_r1,durum,228,0.000000
FKIT,S+X2_M3_r1,durum,229,0.000000
FKIT,S+X2_M3_r1,durum,230,0.000000
FKIT,S+X2_M3_r1,durum,231,0.000000
FKIT,S+X2_M3_r1,durum,232,0.000000
FKIT,S+X2_M3_r1,durum,233,0.000000
FKIT,S+X2_M3_r1,durum,234,0.000000
FKIT,S+X2_M3_r1,durum,235,0.000000
FKIT,S+X2_M3_r1,durum,236,0.000000
FKIT,S+X2_M3_r1,durum,237,0.000000
FKIT,S+X2_M3_r1,durum,238,0.000000
FKIT,S+X2_M3_r1,durum,239,0.000000
FKIT,S+X2_M3_r1,durum,240,0.000000
FKIT,S+X2_M3_r1,durum,241,0.000000
FKIT,S+X2_M3_r1,durum,242,0.000000
FKIT,S+X2_M3_r1,durum,243,0.000000
FKIT,S+X2_M3_r1,durum,244,0.000000
FKIT,S+X2_M3_r1,durum,245,0.000000
FKIT,S+X2_M3_r1,durum,246,0.000000
FKIT,S+X2_M3_r1,durum,247,0.000000
FKIT,S+X2_M3_r1,durum,248,0.000000
FKIT,S+X2_M3_r1,durum,249,0.000000
FKIT,S+X2_M3_r1,durum,250,0.000000
FKIT,S+X2_M3_r1,durum,251,0.000000
FKIT,S+X2_M3_r1,durum,252,0.000000
FKIT,S+X2_M3_r1,durum,253,0.000000
FKIT,S+X2_M3_r1,durum,254,0.000000
FKIT,S+X2_M3_r1,durum,255,0.000000
FKIT,S+X2_M3_r1,durum,256,0.000000
FKIT,S+X2_M3_r1,durum,257,0.000000
FKIT,S+X2_M3_r1,durum,258,0.000000
FKIT,S+X2_M3_r1,durum,259,0.000000
FKIT,S+X2_M3_r1,durum,260,0.000000
FKIT,S+X2_M3_r1,durum,261,0.000000
FKIT,S+X2_M3_r1,durum,262,0.000000
FKIT,S+X2_M3_r1,durum,263,0.000000
FKIT,S+X2_M3_r1,durum,264,0.000000
FKIT,S+X2_M3_r1,durum,265,0.000000
FKIT,S+X2_M3_r1,durum,266,0.000000
FKIT,S+X2_M3_r1,durum,267,0.000000
FKIT,S+X2_M3_r1,durum,268,0.000000
FKIT,S+X2_M3_r1,durum,269,0.000000
FKIT,S+X2_M3_r1,durum,270,0.000000
FKIT,S+X2_M3_r1,durum,271,0.000000
FKIT,S+X2_M3_r1,durum,272,0.000000
FKIT,S+X2_M3_r1,durum,273,0.000000
FKIT,S+X2_M3_r1,durum,274,0.000000
FKIT,S+X2_M3_r1,durum,275,0.000000
FKIT,S+X2_M3_r1,durum,276,0.000000
FKIT,S+X2_M3_r1,durum,277,0.000000
FKIT,S+X2_M3_r1,durum,278,0.000000
FKIT,S+X2_M3_r1,durum,279,0.000000
FKIT,S+X2_M3_r1,durum,280,0.000000
FKIT,S+X2_M3_r1,durum,281,0.000000
FKIT,S+X2_M3_r1,durum,282,0.000000
FKIT,S+X2_M3_r1,durum,283,0.000000
FKIT,S+X2_M3_r1,durum,284,0.000000
FKIT,S+X2_M3_r1,durum,285,0.000000
FKIT,S+X2_M3_r1,durum,286,0.000000
FKIT,S+X2_M3_r1,durum,287,0.000000
FKIT,S+X2_M3_r1,durum,288,0.000000
FKIT,S+X2_M3_r1,durum,289,0.000000
FKIT,S+X2_M3_r1,durum,290,0.000000
FKIT,S+X2_M3_r1,durum,291,0.000000
FKIT,S+X2_M3_r1,durum,292,0.000000
FKIT,S+X2_M3_r1,durum,293,0.000000
FKIT,S+X2_M3_r1,durum,294,0.000000
FKIT,S+X2_M3_r1,durum,295,0.000000
FKIT,S+X2_M3_r1,durum,296,0.000000
FKIT,S+X2_M3_r1,durum,297,0.000000
FKIT,S+X2_M3_r1,durum,298,0.000000
FKIT,S+X2_M3_r1,durum,299,0.000000
FKIT,S+X2_M3_r1,durum,300,0.000000
FKIT,S+X2_M3_r1,durum,301,0.000000
FKIT,S+X2_M3_r1,durum,302,0.000000
FKIT,S+X2_M3_r1,durum,303,0.000000
FKIT,S+X2_M3_r1,durum,304,0.000000
FKIT,S+X2_M3_r1,durum,305,0.000000
FKIT,S+X2_M3_r1,durum,306,0.000000
FKIT,S+X2_M3_r1,durum,307,0.000000
FKIT,S+X2_M3_r1,durum,308,0.000000
FKIT,S+X2_M3_r1,durum,309,0.021138
FKIT,S+X2_M3_r1,durum,310,0.223801
FKIT,S+X2_M3_r1,durum,311,0.062714
FKIT,S+X2_M3_r1,durum,312,0.126218
FKIT,S+X2_M3_r1,durum,313,0.701729
FKIT,S+X2_M3_r1,durum,314,0.743446
FKIT,S+X2_M3_r1,durum,315,0.748761
FKIT,S+X2_M3_r1,durum,316,0.742224
FKIT,S+X2_M3_r1,durum,317,0.853276
FKIT,S+X2_M3_r1,durum,318,0.804822
FKIT,S+X2_M3_r1,durum,319,0.852676
FKIT,S+X2_M3_r1,durum,320,0.834154
FKIT,S+X2_M3_r1,durum,321,0.910902
FKIT,S+X2_M3_r1,durum,322,0.912643
FKIT,S+X2_M3_r1,durum,323,0.918123
FKIT,S+X2_M3_r1,durum,324,0.914167
FKIT,S+X2_M3_r1,durum,325,0.919567
FKIT,S+X2_M3_r1,durum,326,0.912882
FKIT,S+X2_M3_r1,durum,327,0.912549
FKIT,S+X2_M3_r1,durum,328,0.916301
FKIT,S+X2_M3_r1,durum,329,0.900747
FKIT,S+X2_M3_r1,durum,330,0.896396
FKIT,S+X2_M3_r1,durum,331,0.933729
FKIT,S+X2_M3_r1,durum,332,0.942906
FKIT,S+X2_M3_r1,durum,333,0.934582
FKIT,S+X2_M3_r1,durum,334,0.922516
FKIT,S+X2_M3_r1,durum,335,0.912550
FKIT,S+X2_M3_r1,durum,336,0.914032
FKIT,S+X2_M3_r1,durum,337,0.895603
FKIT,S+X2_M3_r1,durum,338,0.909062
FKIT,S+X2_M3_r1,durum,339,0.815761
FKIT,S+X2_M3_r1,durum,340,0.772059
FKIT,S+X2_M3_r1,durum,341,0.807542
FKIT,S+X2_M3_r1,durum,342,0.816261
FKIT,S+X2_M3_r1,durum,343,0.808709
FKIT,S+X2_M3_r1,durum,344,0.799590
FKIT,S+X2_M3_r1,durum,345,0.755633
FKIT,S+X2_M3_r1,durum,346,0.750115
FKIT,S+X2_M3_r1,durum,347,0.776359
FKIT,S+X2_M3_r1,durum,348,0.734162
FKIT,S+X2_M3_r1,durum,349,0.708252
FKIT,S+X2_M3_r1,durum,350,0.750559
FKIT,S+X2_M3_r1,durum,351,0.778789
FKIT,S+X2_M3_r1,durum,352,0.772809
FKIT,S+X2_M3_r1,durum,353,0.789283
FKIT,S+X2_M3_r1,durum,354,0.559753
FKIT,S+X2_M3_r1,durum,355,0.746760
FKIT,S+X2_M3_r1,durum,356,0.757865
FKIT,S+X2_M3_r1,durum,357,0.758454
FKIT,S+X2_M3_r1,durum,358,0.745055
FKIT,S+X2_M3_r1,durum,359,0.714779
FKIT,S+X2_M3_r1,durum,360,0.722726
FKIT,S+X2_M3_r1,durum,361,0.751201
FKIT,S+X2_M3_r1,durum,362,0.706082
FKIT,S+X2_M3_r1,durum,363,0.707572
FKIT,S+X2_M3_r1,durum,364,0.751133
FKIT,S+X2_M3_r1,durum,365,0.791077
FKIT,S+X2_M3_r1,durum,366,0.812817
FKIT,S+X2_M3_r1,durum,367,0.815166
FKIT,S+X2_M3_r1,durum,368,0.817269
FKIT,S+X2_M3_r1,durum,369,0.805876
FKIT,S+X2_M3_r1,durum,370,0.813784
FKIT,S+X2_M3_r1,durum,371,0.808270
FKIT,S+X2_M3_r1,durum,372,0.825753
FKIT,S+X2_M3_r1,durum,373,0.810019
FKIT,S+X2_M3_r1,durum,374,0.811830
FKIT,S+X2_M3_r1,durum,375,0.871136
FKIT,S+X2_M3_r1,durum,376,0.885118
FKIT,S+X2_M3_r1,durum,377,0.857914
FKIT,S+X2_M3_r1,durum,378,0.859249
FKIT,S+X2_M3_r1,durum,379,0.852499
FKIT,S+X2_M3_r1,durum,380,0.853034
FKIT,S+X2_M3_r1,durum,381,0.825680
FKIT,S+X2_M3_r1,durum,382,0.847599
FKIT,S+X2_M3_r1,durum,383,0.830018
FKIT,S+X2_M3_r1,durum,384,0.824070
FKIT,S+X2_M3_r1,durum,385,0.867588
FKIT,S+X2_M3_r1,durum,386,0.857588
FKIT,S+X2_M3_r1,durum,387,0.857194
FKIT,S+X2_M3_r1,durum,388,0.856190
FKIT,S+X2_M3_r1,durum,389,0.850192
FKIT,S+X2_M3_r1,durum,390,0.841006
FKIT,S+X2_M3_r1,durum,391,0.840757
FKIT,S+X2_M3_r1,durum,392,0.855014
FKIT,S+X2_M3_r1,durum,393,0.856325
FKIT,S+X2_M3_r1,durum,394,0.856014
FKIT,S+X2_M3_r1,durum,395,0.856488
FKIT,S+X2_M3_r1,durum,396,0.862657
FKIT,S+X2_M3_r1,durum,397,0.862842
FKIT,S+X2_M3_r1,durum,398,0.852508
FKIT,S+X2_M3_r1,durum,399,0.846308
FKIT,S+X2_M3_r1,durum,400,0.831716
FKIT,S+X2_M3_r1,durum,401,0.814915
FKIT,S+X2_M3_r1,durum,402,0.812895
FKIT,S+X2_M3_r1,durum,403,0.801753
FKIT,S+X2_M3_r1,durum,404,0.792834
FKIT,S+X2_M3_r1,durum,405,0.801111
FKIT,S+X2_M3_r1,durum,406,0.793502
FKIT,S+X2_M3_r1,durum,407,0.795290
FKIT,S+X2_M3_r1,durum,408,0.783870
FKIT,S+X2_M3_r1,durum,409,0.794521
FKIT,S+X2_M3_r1,durum,410,0.784595
FKIT,S+X2_M3_r1,durum,411,0.773101
FKIT,S+X2_M3_r1,durum,412,0.772810
FKIT,S+X2_M3_r1,durum,413,0.777838
FKIT,S+X2_M3_r1,durum,414,0.774510
FKIT,S+X2_M3_r1,durum,415,0.781577
FKIT,S+X2_M3_r1,durum,416,0.773944
FKIT,S+X2_M3_r1,durum,417,0.763493
FKIT,S+X2_M3_r1,durum,418,0.779073
FKIT,S+X2_M3_r1,durum,419,0.745818
FKIT,S+X2_M3_r1,durum,420,0.737985
FKIT,S+X2_M3_r1,durum,421,0.731160
FKIT,S+X2_M3_r1,durum,422,0.687607
FKIT,S+X2_M3_r1,durum,423,0.755403
FKIT,S+X2_M3_r1,durum,424,0.711381
FKIT,S+X2_M3_r1,durum,425,0.731614
FKIT,S+X2_M3_r1,durum,426,0.736413
FKIT,S+X2_M3_r1,durum,427,0.724469
FKIT,S+X2_M3_r1,durum,428,0.725970
FKIT,S+X2_M3_r1,durum,429,0.700834
FKIT,S+X2_M3_r1,durum,430,0.731436
FKIT,S+X2_M3_r1,durum,431,0.732429
FKIT,S+X2_M3_r1,durum,432,0.704617
FKIT,S+X2_M3_r1,durum,433,0.726891
FKIT,S+X2_M3_r1,durum,434,0.695465
FKIT,S+X2_M3_r1,durum,435,0.710917
FKIT,S+X2_M3_r1,durum,436,0.659501
FKIT,S+X2_M3_r1,durum,437,0.658244
FKIT,S+X2_M3_r1,durum,438,0.655015
FKIT,S+X2_M3_r1,durum,439,0.615066
FKIT,S+X2_M3_r1,durum,440,0.469899
FKIT,S+X2_M3_r1,durum,441,0.645740
FKIT,S+X2_M3_r1,durum,442,0.618660
FKIT,S+X2_M3_r1,durum,443,0.673926
FKIT,S+X2_M3_r1,durum,444,0.704869
FKIT,S+X2_M3_r1,durum,445,0.684748
FKIT,S+X2_M3_r1,durum,446,0.619264
FKIT,S+X2_M3_r1,durum,447,0.634633
FKIT,S+X2_M3_r1,durum,448,0.666995
FKIT,S+X2_M3_r1,durum,449,0.700888
FKIT,S+X2_M3_r1,durum,450,0.653968
FKIT,S+X2_M3_r1,durum,451,0.634155
FKIT,S+X2_M3_r1,durum,452,0.598861
FKIT,S+X2_M3_r1,durum,453,0.594706
FKIT,S+X2_M3_r1,durum,454,0.608578
FKIT,S+X2_M3_r1,durum,455,0.605056
FKIT,S+X2_M3_r1,durum,456,0.575605
FKIT,S+X2_M3_r1,durum,457,0.574807
FKIT,S+X2_M3_r1,durum,458,0.557307
FKIT,S+X2_M3_r1,durum,459,0.570319
FKIT,S+X2_M3_r1,durum,460,0.572059
FKIT,S+X2_M3_r1,durum,461,0.564656
FKIT,S+X2_M3_r1,durum,462,0.545923
FKIT,S+X2_M3_r1,durum,463,0.525838
FKIT,S+X2_M3_r1,durum,464,0.537123
FKIT,S+X2_M3_r1,durum,465,0.528592
FKIT,S+X2_M3_r1,durum,466,0.518274
FKIT,S+X2_M3_r1,durum,467,0.523725
FKIT,S+X2_M3_r1,durum,468,0.506635
FKIT,S+X2_M3_r1,durum,469,0.516583
FKIT,S+X2_M3_r1,durum,470,0.512850
FKIT,S+X2_M3_r1,durum,471,0.523525
FKIT,S+X2_M3_r1,durum,472,0.515892
FKIT,S+X2_M3_r1,durum,473,0.506619
FKIT,S+X2_M3_r1,durum,474,0.499234
FKIT,S+X2_M3_r1,durum,475,0.485145
FKIT,S+X2_M3_r1,durum,476,0.482460
FKIT,S+X2_M3_r1,durum,477,0.468131
FKIT,S+X2_M3_r1,durum,478,0.455594
FKIT,S+X2_M3_r1,durum,479,0.452604
FKIT,S+X2_M3_r1,durum,480,0.440934
FKIT,S+X2_M3_r1,durum,481,0.599534
FKIT,S+X2_M3_r1,durum,482,0.529669
FKIT,S+X2_M3_r1,durum,483,0.471512
FKIT,S+X2_M3_r1,durum,484,0.588049
FKIT,S+X2_M3_r1,durum,485,0.613381
FKIT,S+X2_M3_r1,durum,486,0.620548
FKIT,S+X2_M3_r1,durum,487,0.609405
FKIT,S+X2_M3_r1,durum,488,0.608441
FKIT,S+X2_M3_r1,durum,489,0.650123
FKIT,S+X2_M3_r1,durum,490,0.596929
FKIT,S+X2_M3_r1,durum,491,0.674724
FKIT,S+X2_M3_r1,durum,492,0.666034
FKIT,S+X2_M3_r1,durum,493,0.679811
FKIT,S+X2_M3_r1,durum,494,0.676098
FKIT,S+X2_M3_r1,durum,495,0.684789
FKIT,S+X2_M3_r1,durum,496,0.673836
FKIT,S+X2_M3_r1,durum,497,0.671771
FKIT,S+X2_M3_r1,durum,498,0.659795
FKIT,S+X2_M3_r1,durum,499,0.676504
FKIT,S+X2_M3_r1,durum,500,0.684717
FKIT,S+X2_M3_r1,durum,501,0.750839
FKIT,S+X2_M3_r1,durum,502,0.728572
FKIT,S+X2_M3_r1,durum,503,0.723013
FKIT,S+X2_M3_r1,durum,504,0.702622
FKIT,S+X2_M3_r1,durum,505,0.736136
FKIT,S+X2_M3_r1,durum,506,0.716474
FKIT,S+X2_M3_r1,durum,507,0.773084
FKIT,S+X2_M3_r1,durum,508,0.776002
FKIT,S+X2_M3_r1,durum,509,0.755593
FKIT,S+X2_M3_r1,durum,510,0.758037
FKIT,S+X2_M3_r1,durum,511,0.866798
FKIT,S+X2_M3_r1,durum,512,0.861164
FKIT,S+X2_M3_r1,durum,513,0.863253
FKIT,S+X2_M3_r1,durum,514,0.846732
FKIT,S+X2_M3_r1,durum,515,0.854407
FKIT,S+X2_M3_r1,durum,516,0.852532
FKIT,S+X2_M3_r1,durum,517,0.848888
FKIT,S+X2_M3_r1,durum,518,0.871169
FKIT,S+X2_M3_r1,durum,519,0.862919
FKIT,S+X2_M3_r1,durum,520,0.873544
FKIT,S+X2_M3_r1,durum,521,0.959109
FKIT,S+X2_M3_r1,durum,522,0.959877
FKIT,S+X2_M3_r1,durum,523,0.959707
FKIT,S+X2_M3_r1,durum,524,0.957668
FKIT,S+X2_M3_r1,durum,525,0.958264
FKIT,S+X2_M3_r1,durum,526,0.950065
FKIT,S+X2_M3_r1,durum,527,0.956571
FKIT,S+X2_M3_r1,durum,528,0.965668
FKIT,S+X2_M3_r1,durum,529,0.964697
FKIT,S+X2_M3_r1,durum,530,0.962575
FKIT,S+X2_M3_r1,durum,531,0.972518
FKIT,S+X2_M3_r1,durum,532,0.971971
FKIT,S+X2_M3_r1,durum,533,0.973429
FKIT,S+X2_M3_r1,durum,534,0.970998
FKIT,S+X2_M3_r1,durum,535,0.979085
FKIT,S+X2_M3_r1,durum,536,0.979957
FKIT,S+X2_M3_r1,durum,537,0.977330
FKIT,S+X2_M3_r1,durum,538,0.980376
FKIT,S+X2_M3_r1,durum,539,0.979077
FKIT,S+X2_M3_r1,durum,540,0.975251
FKIT,S+X2_M3_r1,durum,541,0.981421
FKIT,S+X2_M3_r1,durum,542,0.980000
FKIT,S+X2_M3_r1,durum,543,0.979021
FKIT,S+X2_M3_r1,durum,544,0.981400
FKIT,S+X2_M3_r1,durum,545,0.980466
FKIT,S+X2_M3_r1,durum,546,0.977884
FKIT,S+X2_M3_r1,durum,547,0.978790
FKIT,S+X2_M3_r1,durum,548,0.978712
FKIT,S+X2_M3_r1,durum,549,0.981750
FKIT,S+X2_M3_r1,durum,550,0.980438
FKIT,S+X2_M3_r1,durum,551,0.978092
FKIT,S+X2_M3_r1,durum,552,0.983254
FKIT,S+X2_M3_r1,durum,553,0.982957
FKIT,S+X2_M3_r1,durum,554,0.982005
FKIT,S+X2_M3_r1,durum,555,0.980995
FKIT,S+X2_M3_r1,durum,556,0.982500
FKIT,S+X2_M3_r1,durum,557,0.982920
FKIT,S+X2_M3_r1,durum,558,0.982991
FKIT,S+X2_M3_r1,durum,559,0.982718
FKIT,S+X2_M3_r1,durum,560,0.983199
FKIT,S+X2_M3_r1,durum,561,0.978915
FKIT,S+X2_M3_r1,durum,562,0.978011
FKIT,S+X2_M3_r1,durum,563,0.978514
FKIT,S+X2_M3_r1,durum,564,0.979091
FKIT,S+X2_M3_r1,durum,565,0.975868
FKIT,S+X2_M3_r1,durum,566,0.976687
FKIT,S+X2_M3_r1,durum,567,0.974831
FKIT,S+X2_M3_r1,durum,568,0.977378
FKIT,S+X2_M3_r1,durum,569,0.977109
FKIT,S+X2_M3_r1,durum,570,0.978393
FKIT,S+X2_M3_r1,durum,571,0.973038
FKIT,S+X2_M3_r1,durum,572,0.970069
FKIT,S+X2_M3_r1,durum,573,0.971849
FKIT,S+X2_M3_r1,durum,574,0.969597
FKIT,S+X2_M3_r1,durum,575,0.974005
FKIT,S+X2_M3_r1,durum,576,0.971360
FKIT,S+X2_M3_r1,durum,577,0.971807
FKIT,S+X2_M3_r1,durum,578,0.971594
FKIT,S+X2_M3_r1,durum,579,0.969712
FKIT,S+X2_M3_r1,durum,580,0.968425
FKIT,S+X2_M3_r1,durum,581,0.966820
FKIT,S+X2_M3_r1,durum,582,0.964562
FKIT,S+X2_M3_r1,durum,583,0.968151
FKIT,S+X2_M3_r1,durum,584,0.966431
FKIT,S+X2_M3_r1,durum,585,0.969581
FKIT,S+X2_M3_r1,durum,586,0.965263
FKIT,S+X2_M3_r1,durum,587,0.967977
FKIT,S+X2_M3_r1,durum,588,0.964023
FKIT,S+X2_M3_r1,durum,589,0.967551
FKIT,S+X2_M3_r1,durum,590,0.960170
FKIT,S+X2_M3_r1,durum,591,0.959779
FKIT,S+X2_M3_r1,durum,592,0.961899
FKIT,S+X2_M3_r1,durum,593,0.964310
FKIT,S+X2_M3_r1,durum,594,0.960509
FKIT,S+X2_M3_r1,durum,595,0.966412
FKIT,S+X2_M3_r1,durum,596,0.967215
FKIT,S+X2_M3_r1,durum,597,0.964416
FKIT,S+X2_M3_r1,durum,598,0.969007
FKIT,S+X2_M3_r1,durum,599,0.969040
FKIT,S+X2_M3_r1,durum,600,0.965410
FKIT,S+X2_M3_r1,durum,601,0.964499
FKIT,S+X2_M3_r1,durum,602,0.967629
FKIT,S+X2_M3_r1,durum,603,0.964055
FKIT,S+X2_M3_r1,durum,604,0.972230
FKIT,S+X2_M3_r1,durum,605,0.967439
FKIT,S+X2_M3_r1,durum,606,0.968922
FKIT,S+X2_M3_r1,durum,607,0.969655
FKIT,S+X2_M3_r1,durum,608,0.967683
FKIT,S+X2_M3_r1,durum,609,0.969775
FKIT,S+X2_M3_r1,durum,610,0.972288
FKIT,S+X2_M3_r1,durum,611,0.965293
FKIT,S+X2_M3_r1,durum,612,0.967015
FKIT,S+X2_M3_r1,durum,613,0.967222
FKIT,S+X2_M3_r1,durum,614,0.968609
FKIT,S+X2_M3_r1,durum,615,0.973683
FKIT,S+X2_M3_r1,durum,616,0.972842
FKIT,S+X2_M3_r1,durum,617,0.970364
FKIT,S+X2_M3_r1,durum,618,0.972188
FKIT,S+X2_M3_r1,durum,619,0.969829
FKIT,S+X2_M3_r1,durum,620,0.969828
FKIT,S+X2_M3_r1,durum,621,0.964143
FKIT,S+X2_M3_r1,durum,622,0.966844
FKIT,S+X2_M3_r1,durum,623,0.966898
FKIT,S+X2_M3_r1,durum,624,0.971087
FKIT,S+X2_M3_r1,durum,625,0.972373
FKIT,S+X2_M3_r1,durum,626,0.970919
FKIT,S+X2_M3_r1,durum,627,0.970328
FKIT,S+X2_M3_r1,durum,628,0.968420
FKIT,S+X2_M3_r1,durum,629,0.968739
FKIT,S+X2_M3_r1,durum,630,0.970051
FKIT,S+X2_M3_r1,durum,631,0.968091
FKIT,S+X2_M3_r1,durum,632,0.967313
FKIT,S+X2_M3_r1,durum,633,0.968353
FKIT,S+X2_M3_r1,durum,634,0.974125
FKIT,S+X2_M3_r1,durum,635,0.971450
FKIT,S+X2_M3_r1,durum,636,0.975741
FKIT,S+X2_M3_r1,durum,637,0.972594
FKIT,S+X2_M3_r1,durum,638,0.972305
FKIT,S+X2_M3_r1,durum,639,0.972732
FKIT,S+X2_M3_r1,durum,640,0.974525
FKIT,S+X2_M3_r1,durum,641,0.972842
FKIT,S+X2_M3_r1,durum,642,0.972025
FKIT,S+X2_M3_r1,durum,643,0.971934
FKIT,S+X2_M3_r1,durum,644,0.977827
FKIT,S+X2_M3_r1,durum,645,0.976676
FKIT,S+X2_M3_r1,durum,646,0.973690
FKIT,S+X2_M3_r1,durum,647,0.975913
FKIT,S+X2_M3_r1,durum,648,0.974122
FKIT,S+X2_M3_r1,durum,649,0.971199
FKIT,S+X2_M3_r1,durum,650,0.974639
FKIT,S+X2_M3_r1,durum,651,0.970231
FKIT,S+X2_M3_r1,durum,652,0.973431
FKIT,S+X2_M3_r1,durum,653,0.973353
FKIT,S+X2_M3_r1,durum,654,0.971410
FKIT,S+X2_M3_r1,durum,655,0.973977
FKIT,S+X2_M3_r1,durum,656,0.972984
FKIT,S+X2_M3_r1,durum,657,0.971812
FKIT,S+X2_M3_r1,durum,658,0.966864
FKIT,S+X2_M3_r1,durum,659,0.971656
FKIT,S+X2_M3_r1,durum,660,0.970119
FKIT,S+X2_M3_r1,durum,661,0.969974
FKIT,S+X2_M3_r1,durum,662,0.971775
FKIT,S+X2_M3_r1,durum,663,0.970167
FKIT,S+X2_M3_r1,durum,664,0.970178
FKIT,S+X2_M3_r1,durum,665,0.969715
FKIT,S+X2_M3_r1,durum,666,0.968380
FKIT,S+X2_M3_r1,durum,667,0.967881
FKIT,S+X2_M3_r1,durum,668,0.967078
FKIT,S+X2_M3_r1,durum,669,0.963931
FKIT,S+X2_M3_r1,durum,670,0.969463
FKIT,S+X2_M3_r1,durum,671,0.971789
FKIT,S+X2_M3_r1,durum,672,0.973057
FKIT,S+X2_M3_r1,durum,673,0.972678
FKIT,S+X2_M3_r1,durum,674,0.969735
FKIT,S+X2_M3_r1,durum,675,0.972891
FKIT,S+X2_M3_r1,durum,676,0.974800
FKIT,S+X2_M3_r1,durum,677,0.972842
FKIT,S+X2_M3_r1,durum,678,0.962270
FKIT,S+X2_M3_r1,durum,679,0.962207
FKIT,S+X2_M3_r1,durum,680,0.970593
FKIT,S+X2_M3_r1,durum,681,0.979813
FKIT,S+X2_M3_r1,durum,682,0.977809
FKIT,S+X2_M3_r1,durum,683,0.977898
FKIT,S+X2_M3_r1,durum,684,0.977545
FKIT,S+X2_M3_r1,durum,685,0.979325
FKIT,S+X2_M3_r1,durum,686,0.977223
FKIT,S+X2_M3_r1,durum,687,0.980543
FKIT,S+X2_M3_r1,durum,688,0.980055
FKIT,S+X2_M3_r1,durum,689,0.978897
FKIT,S+X2_M3_r1,durum,690,0.978923
FKIT,S+X2_M3_r1,durum,691,0.982439
FKIT,S+X2_M3_r1,durum,692,0.983262
FKIT,S+X2_M3_r1,durum,693,0.982275
FKIT,S+X2_M3_r1,durum,694,0.984297
FKIT,S+X2_M3_r1,durum,695,0.983718
FKIT,S+X2_M3_r1,durum,696,0.982112
FKIT,S+X2_M3_r1,durum,697,0.979471
FKIT,S+X2_M3_r1,durum,698,0.975202
FKIT,S+X2_M3_r1,durum,699,0.967387
FKIT,S+X2_M3_r1,durum,700,0.967947
FKIT,S+X2_M3_r1,durum,701,0.960816
FKIT,S+X2_M3_r1,durum,702,0.955078
FKIT,S+X2_M3_r1,durum,703,0.958230
FKIT,S+X2_M3_r1,durum,704,0.954391
FKIT,S+X2_M3_r1,durum,705,0.957466
FKIT,S+X2_M3_r1,durum,706,0.947276
FKIT,S+X2_M3_r1,durum,707,0.950449
FKIT,S+X2_M3_r1,durum,708,0.950236
FKIT,S+X2_M3_r1,durum,709,0.938482
FKIT,S+X2_M3_r1,durum,710,0.935874
FKIT,S+X2_M3_r1,durum,711,0.941915
FKIT,S+X2_M3_r1,durum,712,0.937794
FKIT,S+X2_M3_r1,durum,713,0.943023
FKIT,S+X2_M3_r1,durum,714,0.944726
FKIT,S+X2_M3_r1,durum,715,0.946333
FKIT,S+X2_M3_r1,durum,716,0.939117
FKIT,S+X2_M3_r1,durum,717,0.935137
FKIT,S+X2_M3_r1,durum,718,0.950205
FKIT,S+X2_M3_r1,durum,719,0.934759
FKIT,S+X2_M3_r1,durum,720,0.943172
FKIT,S+X2_M3_r1,durum,721,0.945972
FKIT,S+X2_M3_r1,durum,722,0.945425
FKIT,S+X2_M3_r1,durum,723,0.940253
FKIT,S+X2_M3_r1,durum,724,0.935383
FKIT,S+X2_M3_r1,durum,725,0.946206
FKIT,S+X2_M3_r1,durum,726,0.944340
FKIT,S+X2_M3_r1,durum,727,0.938501
FKIT,S+X2_M3_r1,durum,728,0.942608
FKIT,S+X2_M3_r1,durum,729,0.939129
FKIT,S+X2_M3_r1,durum,730,0.932928
FKIT,S+X2_M3_r1,durum,731,0.940514
FKIT,S+X2_M3_r1,durum,732,0.939535
FKIT,S+X2_M3_r1,durum,733,0.940568
FKIT,S+X2_M3_r1,durum,734,0.918185
FKIT,S+X2_M3_r1,durum,735,0.910070
FKIT,S+X2_M3_r1,durum,736,0.905548
FKIT,S+X2_M3_r1,durum,737,0.882069
FKIT,S+X2_M3_r1,durum,738,0.885236
FKIT,S+X2_M3_r1,durum,739,0.878244
FKIT,S+X2_M3_r1,durum,740,0.864826
FKIT,S+X2_M3_r1,durum,741,0.887422
FKIT,S+X2_M3_r1,durum,742,0.889615
FKIT,S+X2_M3_r1,durum,743,0.891230
FKIT,S+X2_M3_r1,durum,744,0.897800
FKIT,S+X2_M3_r1,durum,745,0.903217
FKIT,S+X2_M3_r1,durum,746,0.892959
FKIT,S+X2_M3_r1,durum,747,0.890709
FKIT,S+X2_M3_r1,durum,748,0.889848
FKIT,S+X2_M3_r1,durum,749,0.883477
FKIT,S+X2_M3_r1,durum,750,0.871397
FKIT,S+X2_M3_r1,durum,751,0.891299
FKIT,S+X2_M3_r1,durum,752,0.900084
FKIT,S+X2_M3_r1,durum,753,0.871084
FKIT,S+X2_M3_r1,durum,754,0.880212
FKIT,S+X2_M3_r1,durum,755,0.883488
FKIT,S+X2_M3_r1,durum,756,0.907691
FKIT,S+X2_M3_r1,durum,757,0.912385
FKIT,S+X2_M3_r1,durum,758,0.902124
FKIT,S+X2_M3_r1,durum,759,0.938361
FKIT,S+X2_M3_r1,durum,760,0.918011
FKIT,S+X2_M3_r1,durum,761,0.943452
FKIT,S+X2_M3_r1,durum,762,0.922850
FKIT,S+X2_M3_r1,durum,763,0.926364
FKIT,S+X2_M3_r1,durum,764,0.945497
FKIT,S+X2_M3_r1,durum,765,0.942440
FKIT,S+X2_M3_r1,durum,766,0.943808
FKIT,S+X2_M3_r1,durum,767,0.930187
FKIT,S+X2_M3_r1,durum,768,0.941004
FKIT,S+X2_M3_r1,durum,769,0.963836
FKIT,S+X2_M3_r1,durum,770,0.970715
FKIT,S+X2_M3_r1,durum,771,0.973384
FKIT,S+X2_M3_r1,durum,772,0.977610
FKIT,S+X2_M3_r1,durum,773,0.979493
FKIT,S+X2_M3_r1,durum,774,0.985892
FKIT,S+X2_M3_r1,durum,775,0.978030
FKIT,S+X2_M3_r1,durum,776,0.966441
FKIT,S+X2_M3_r1,durum,777,0.966044
FKIT,S+X2_M3_r1,durum,778,0.972157
FKIT,S+X2_M3_r1,durum,779,0.976245
FKIT,S+X2_M3_r1,durum,780,0.986034
FKIT,S+X2_M3_r1,durum,781,0.984124
FKIT,S+X2_M3_r1,durum,782,0.986146
FKIT,S+X2_M3_r1,durum,783,0.987798
FKIT,S+X2_M3_r1,durum,784,0.985031
FKIT,S+X2_M3_r1,durum,785,0.988481
FKIT,S+X2_M3_r1,durum,786,0.984648
FKIT,S+X2_M3_r1,durum,787,0.986631
FKIT,S+X2_M3_r1,durum,788,0.981636
FKIT,S+X2_M3_r1,durum,789,0.985391
FKIT,S+X2_M3_r1,durum,790,0.980581
FKIT,S+X2_M3_r1,durum,791,0.987526
FKIT,S+X2_M3_r1,durum,792,0.986028
FKIT,S+X2_M3_r1,durum,793,0.987149
FKIT,S+X2_M3_r1,durum,794,0.987975
FKIT,S+X2_M3_r1,durum,795,0.987303
FKIT,S+X2_M3_r1,durum,796,0.986706
FKIT,S+X2_M3_r1,durum,797,0.986109
FKIT,S+X2_M3_r1,durum,798,0.985090
FKIT,S+X2_M3_r1,durum,799,0.986902
FKIT,S+X2_M3_r1,durum,800,0.987155
FKIT,S+X2_M3_r1,durum,801,0.985998
FKIT,S+X2_M3_r1,durum,802,0.986815
FKIT,S+X2_M3_r1,durum,803,0.985633
FKIT,S+X2_M3_r1,durum,804,0.982873
FKIT,S+X2_M3_r1,durum,805,0.983799
FKIT,S+X2_M3_r1,durum,806,0.983554
FKIT,S+X2_M3_r1,durum,807,0.979520
FKIT,S+X2_M3_r1,durum,808,0.975766
FKIT,S+X2_M3_r1,durum,809,0.981016
FKIT,S+X2_M3_r1,durum,810,0.979302
FKIT,S+X2_M3_r1,durum,811,0.976230
FKIT,S+X2_M3_r1,durum,812,0.977402
FKIT,S+X2_M3_r1,durum,813,0.975627
FKIT,S+X2_M3_r1,durum,814,0.978157
FKIT,S+X2_M3_r1,durum,815,0.977327
FKIT,S+X2_M3_r1,durum,816,0.976157
FKIT,S+X2_M3_r1,durum,817,0.975109
FKIT,S+X2_M3_r1,durum,818,0.976368
FKIT,S+X2_M3_r1,durum,819,0.976512
FKIT,S+X2_M3_r1,durum,820,0.976485
FKIT,S+X2_M3_r1,durum,821,0.974800
FKIT,S+X2_M3_r1,durum,822,0.972669
FKIT,S+X2_M3_r1,durum,823,0.977348
FKIT,S+X2_M3_r1,durum,824,0.980652
FKIT,S+X2_M3_r1,durum,825,0.981614
FKIT,S+X2_M3_r1,durum,826,0.982858
FKIT,S+X2_M3_r1,durum,827,0.983690
FKIT,S+X2_M3_r1,durum,828,0.979642
FKIT,S+X2_M3_r1,durum,829,0.983493
FKIT,S+X2_M3_r1,durum,830,0.983037
FKIT,S+X2_M3_r1,durum,831,0.979869
FKIT,S+X2_M3_r1,durum,832,0.980612
FKIT,S+X2_M3_r1,durum,833,0.979261
FKIT,S+X2_M3_r1,durum,834,0.983788
FKIT,S+X2_M3_r1,durum,835,0.976742
FKIT,S+X2_M3_r1,durum,836,0.978823
FKIT,S+X2_M3_r1,durum,837,0.978597
FKIT,S+X2_M3_r1,durum,838,0.981751
FKIT,S+X2_M3_r1,durum,839,0.982200
FKIT,S+X2_M3_r1,durum,840,0.979769
FKIT,S+X2_M3_r1,durum,841,0.979995
FKIT,S+X2_M3_r1,durum,842,0.976519
FKIT,S+X2_M3_r1,durum,843,0.977766
FKIT,S+X2_M3_r1,durum,844,0.983497
FKIT,S+X2_M3_r1,durum,845,0.983397
FKIT,S+X2_M3_r1,durum,846,0.984837
FKIT,S+X2_M3_r1,durum,847,0.984204
FKIT,S+X2_M3_r1,durum,848,0.984867
FKIT,S+X2_M3_r1,durum,849,0.984218
FKIT,S+X2_M3_r1,durum,850,0.985428
FKIT,S+X2_M3_r1,durum,851,0.983995
FKIT,S+X2_M3_r1,durum,852,0.983750
FKIT,S+X2_M3_r1,durum,853,0.983226
FKIT,S+X2_M3_r1,durum,854,0.985336
FKIT,S+X2_M3_r1,durum,855,0.985512
FKIT,S+X2_M3_r1,durum,856,0.985417
FKIT,S+X2_M3_r1,durum,857,0.981419
FKIT,S+X2_M3_r1,durum,858,0.984910
FKIT,S+X2_M3_r1,durum,859,0.980979
FKIT,S+X2_M3_r1,durum,860,0.983449
FKIT,S+X2_M3_r1,durum,861,0.983713
FKIT,S+X2_M3_r1,durum,862,0.984160
FKIT,S+X2_M3_r1,durum,863,0.985526
FKIT,S+X2_M3_r1,durum,864,0.983831
FKIT,S+X2_M3_r1,durum,865,0.985144
FKIT,S+X2_M3_r1,durum,866,0.981214
FKIT,S+X2_M3_r1,durum,867,0.978055
FKIT,S+X2_M3_r1,durum,868,0.977308
FKIT,S+X2_M3_r1,durum,869,0.975367
FKIT,S+X2_M3_r1,durum,870,0.970978
FKIT,S+X2_M3_r1,durum,871,0.973434
FKIT,S+X2_M3_r1,durum,872,0.972055
FKIT,S+X2_M3_r1,durum,873,0.972607
FKIT,S+X2_M3_r1,durum,874,0.973203
FKIT,S+X2_M3_r1,durum,875,0.972245
FKIT,S+X2_M3_r1,durum,876,0.968149
FKIT,S+X2_M3_r1,durum,877,0.967248
FKIT,S+X2_M3_r1,durum,878,0.962512
FKIT,S+X2_M3_r1,durum,879,0.963494
FKIT,S+X2_M3_r1,durum,880,0.963415
FKIT,S+X2_M3_r1,durum,881,0.931471
FKIT,S+X2_M3_r1,durum,882,0.965929
FKIT,S+X2_M3_r1,durum,883,0.967657
FKIT,S+X2_M3_r1,durum,884,0.967398
FKIT,S+X2_M3_r1,durum,885,0.965695
FKIT,S+X2_M3_r1,durum,886,0.965558
FKIT,S+X2_M3_r1,durum,887,0.965815
FKIT,S+X2_M3_r1,durum,888,0.965565
FKIT,S+X2_M3_r1,durum,889,0.963895
FKIT,S+X2_M3_r1,durum,890,0.964225
FKIT,S+X2_M3_r1,durum,891,0.964147
FKIT,S+X2_M3_r1,durum,892,0.970469
FKIT,S+X2_M3_r1,durum,893,0.968610
FKIT,S+X2_M3_r1,durum,894,0.971675
FKIT,S+X2_M3_r1,durum,895,0.970246
FKIT,S+X2_M3_r1,durum,896,0.971375
FKIT,S+X2_M3_r1,durum,897,0.973816
FKIT,S+X2_M3_r1,durum,898,0.973679
FKIT,S+X2_M3_r1,durum,899,0.975339
FKIT,S+X2_M3_r1,durum,900,0.974265
FKIT,S+X2_M3_r1,durum,901,0.971035
FKIT,S+X2_M3_r1,durum,902,0.977267
FKIT,S+X2_M3_r1,durum,903,0.977712
FKIT,S+X2_M3_r1,durum,904,0.979383
FKIT,S+X2_M3_r1,durum,905,0.977743
FKIT,S+X2_M3_r1,durum,906,0.979973
FKIT,S+X2_M3_r1,durum,907,0.979747
FKIT,S+X2_M3_r1,durum,908,0.982573
FKIT,S+X2_M3_r1,durum,909,0.979779
FKIT,S+X2_M3_r1,durum,910,0.978579
FKIT,S+X2_M3_r1,durum,911,0.978209
FKIT,S+X2_M3_r1,durum,912,0.975336
FKIT,S+X2_M3_r1,durum,913,0.975444
FKIT,S+X2_M3_r1,durum,914,0.982851
FKIT,S+X2_M3_r1,durum,915,0.979573
FKIT,S+X2_M3_r1,durum,916,0.979636
FKIT,S+X2_M3_r1,durum,917,0.981911
FKIT,S+X2_M3_r1,durum,918,0.979231
FKIT,S+X2_M3_r1,durum,919,0.981095
FKIT,S+X2_M3_r1,durum,920,0.982567
FKIT,S+X2_M3_r1,durum,921,0.977725
FKIT,S+X2_M3_r1,durum,922,0.980311
FKIT,S+X2_M3_r1,durum,923,0.978981
FKIT,S+X2_M3_r1,durum,924,0.980948
FKIT,S+X2_M3_r1,durum,925,0.980638
FKIT,S+X2_M3_r1,durum,926,0.978714
FKIT,S+X2_M3_r1,durum,927,0.978354
FKIT,S+X2_M3_r1,durum,928,0.978248
FKIT,S+X2_M3_r1,durum,929,0.978163
FKIT,S+X2_M3_r1,durum,930,0.979558
FKIT,S+X2_M3_r1,durum,931,0.975174
FKIT,S+X2_M3_r1,durum,932,0.978138
FKIT,S+X2_M3_r1,durum,933,0.974903
FKIT,S+X2_M3_r1,durum,934,0.977213
FKIT,S+X2_M3_r1,durum,935,0.977681
FKIT,S+X2_M3_r1,durum,936,0.980942
FKIT,S+X2_M3_r1,durum,937,0.980186
FKIT,S+X2_M3_r1,durum,938,0.981567
FKIT,S+X2_M3_r1,durum,939,0.983143
FKIT,S+X2_M3_r1,durum,940,0.980088
FKIT,S+X2_M3_r1,durum,941,0.981782
FKIT,S+X2_M3_r1,durum,942,0.974677
FKIT,S+X2_M3_r1,durum,943,0.970760
FKIT,S+X2_M3_r1,durum,944,0.974203
FKIT,S+X2_M3_r1,durum,945,0.980673
FKIT,S+X2_M3_r1,durum,946,0.978340
FKIT,S+X2_M3_r1,durum,947,0.976147
FKIT,S+X2_M3_r1,durum,948,0.979666
FKIT,S+X2_M3_r1,durum,949,0.977349
FKIT,S+X2_M3_r1,durum,950,0.977993
FKIT,S+X2_M3_r1,durum,951,0.980092
FKIT,S+X2_M3_r1,durum,952,0.980572
FKIT,S+X2_M3_r1,durum,953,0.978446
FKIT,S+X2_M3_r1,durum,954,0.980302
FKIT,S+X2_M3_r1,durum,955,0.982630
FKIT,S+X2_M3_r1,durum,956,0.980796
FKIT,S+X2_M3_r1,durum,957,0.974482
FKIT,S+X2_M3_r1,durum,958,0.972560
FKIT,S+X2_M3_r1,durum,959,0.974852
FKIT,S+X2_M3_r1,durum,960,0.960979
FKIT,S+X2_M3_r1,durum,961,0.976499
FKIT,S+X2_M3_r1,durum,962,0.972642
FKIT,S+X2_M3_r1,durum,963,0.982394
FKIT,S+X2_M3_r1,durum,964,0.981812
FKIT,S+X2_M3_r1,durum,965,0.984487
FKIT,S+X2_M3_r1,durum,966,0.985164
FKIT,S+X2_M3_r1,durum,967,0.972980
FKIT,S+X2_M3_r1,durum,968,0.983120
FKIT,S+X2_M3_r1,durum,969,0.986675
FKIT,S+X2_M3_r1,durum,970,0.983933
FKIT,S+X2_M3_r1,durum,971,0.982097
FKIT,S+X2_M3_r1,durum,972,0.980317
FKIT,S+X2_M3_r1,durum,973,0.983223
FKIT,S+X2_M3_r1,durum,974,0.981260
FKIT,S+X2_M3_r1,durum,975,0.984840
FKIT,S+X2_M3_r1,durum,976,0.985552
FKIT,S+X2_M3_r1,durum,977,0.984485
FKIT,S+X2_M3_r1,durum,978,0.985110
FKIT,S+X2_M3_r1,durum,979,0.983367
FKIT,S+X2_M3_r1,durum,980,0.985633
FKIT,S+X2_M3_r1,durum,981,0.986573
FKIT,S+X2_M3_r1,durum,982,0.985753
FKIT,S+X2_M3_r1,durum,983,0.986222
FKIT,S+X2_M3_r1,durum,984,0.986225
FKIT,S+X2_M3_r1,durum,985,0.987784
FKIT,S+X2_M3_r1,durum,986,0.985697
FKIT,S+X2_M3_r1,durum,987,0.985397
FKIT,S+X2_M3_r1,durum,988,0.984677
FKIT,S+X2_M3_r1,durum,989,0.983570
FKIT,S+X2_M3_r1,durum,990,0.984746
FKIT,S+X2_M3_r1,durum,991,0.985997
FKIT,S+X2_M3_r1,durum,992,0.988904
FKIT,S+X2_M3_r1,durum,993,0.988880
FKIT,S+X2_M3_r1,durum,994,0.985997
FKIT,S+X2_M3_r1,durum,995,0.986336
FKIT,S+X2_M3_r1,durum,996,0.985312
FKIT,S+X2_M3_r1,durum,997,0.985979
FKIT,S+X2_M3_r1,durum,998,0.986980
FKIT,S+X2_M3_r1,durum,999,0.987305
FKIT,S+X2_M3_r1,durum,1000,0.987803
FKIT,S+X2_M3_r1,durum,1001,0.986585
FKIT,S+X2_M3_r1,durum,1002,0.987967
FKIT,S+X2_M3_r1,durum,1003,0.988256
FKIT,S+X2_M3_r1,durum,1004,0.987146
FKIT,S+X2_M3_r1,durum,1005,0.987919
FKIT,S+X2_M3_r1,empanadilla,0,0.026303
FKIT,S+X2_M3_r1,empanadilla,1,0.029397
FKIT,S+X2_M3_r1,empanadilla,2,0.032527
FKIT,S+X2_M3_r1,empanadilla,3,0.023901
FKIT,S+X2_M3_r1,empanadilla,4,0.062258
FKIT,S+X2_M3_r1,empanadilla,5,0.056265
FKIT,S+X2_M3_r1,empanadilla,6,0.040191
FKIT,S+X2_M3_r1,empanadilla,7,0.043228
FKIT,S+X2_M3_r1,empanadilla,8,0.057385
FKIT,S+X2_M3_r1,empanadilla,9,0.066524
FKIT,S+X2_M3_r1,empanadilla,10,0.062885
FKIT,S+X2_M3_r1,empanadilla,11,0.056978
FKIT,S+X2_M3_r1,empanadilla,12,0.082697
FKIT,S+X2_M3_r1,empanadilla,13,0.046710
FKIT,S+X2_M3_r1,empanadilla,14,0.038499
FKIT,S+X2_M3_r1,empanadilla,15,0.069820
FKIT,S+X2_M3_r1,empanadilla,16,0.083590
FKIT,S+X2_M3_r1,empanadilla,17,0.057812
FKIT,S+X2_M3_r1,empanadilla,18,0.040112
FKIT,S+X2_M3_r1,empanadilla,19,0.051593
FKIT,S+X2_M3_r1,empanadilla,20,0.054257
FKIT,S+X2_M3_r1,empanadilla,21,0.052426
FKIT,S+X2_M3_r1,empanadilla,22,0.064581
FKIT,S+X2_M3_r1,empanadilla,23,0.054410
FKIT,S+X2_M3_r1,empanadilla,24,0.041084
FKIT,S+X2_M3_r1,empanadilla,25,0.039843
FKIT,S+X2_M3_r1,empanadilla,26,0.041076
FKIT,S+X2_M3_r1,empanadilla,27,0.046182
FKIT,S+X2_M3_r1,empanadilla,28,0.039385
FKIT,S+X2_M3_r1,empanadilla,29,0.050373
FKIT,S+X2_M3_r1,empanadilla,30,0.049022
FKIT,S+X2_M3_r1,empanadilla,31,0.055979
FKIT,S+X2_M3_r1,empanadilla,32,0.053193
FKIT,S+X2_M3_r1,empanadilla,33,0.054357
FKIT,S+X2_M3_r1,empanadilla,34,0.052772
FKIT,S+X2_M3_r1,empanadilla,35,0.054584
FKIT,S+X2_M3_r1,empanadilla,36,0.067346
FKIT,S+X2_M3_r1,empanadilla,37,0.046346
FKIT,S+X2_M3_r1,empanadilla,38,0.037417
FKIT,S+X2_M3_r1,empanadilla,39,0.036329
FKIT,S+X2_M3_r1,empanadilla,40,0.041755
FKIT,S+X2_M3_r1,empanadilla,41,0.037162
FKIT,S+X2_M3_r1,empanadilla,42,0.039480
FKIT,S+X2_M3_r1,empanadilla,43,0.064252
FKIT,S+X2_M3_r1,empanadilla,44,0.063679
FKIT,S+X2_M3_r1,empanadilla,45,0.064674
FKIT,S+X2_M3_r1,empanadilla,46,0.068000
FKIT,S+X2_M3_r1,empanadilla,47,0.055467
FKIT,S+X2_M3_r1,empanadilla,48,0.062055
FKIT,S+X2_M3_r1,empanadilla,49,0.056660
FKIT,S+X2_M3_r1,empanadilla,50,0.062108
FKIT,S+X2_M3_r1,empanadilla,51,0.057215
FKIT,S+X2_M3_r1,empanadilla,52,0.057056
FKIT,S+X2_M3_r1,empanadilla,53,0.055454
FKIT,S+X2_M3_r1,empanadilla,54,0.056944
FKIT,S+X2_M3_r1,empanadilla,55,0.019512
FKIT,S+X2_M3_r1,empanadilla,56,0.037438
FKIT,S+X2_M3_r1,empanadilla,57,0.025743
FKIT,S+X2_M3_r1,empanadilla,58,0.028641
FKIT,S+X2_M3_r1,empanadilla,59,0.028865
FKIT,S+X2_M3_r1,empanadilla,60,0.019354
FKIT,S+X2_M3_r1,empanadilla,61,0.030019
FKIT,S+X2_M3_r1,empanadilla,62,0.047546
FKIT,S+X2_M3_r1,empanadilla,63,0.044712
FKIT,S+X2_M3_r1,empanadilla,64,0.050050
FKIT,S+X2_M3_r1,empanadilla,65,0.034904
FKIT,S+X2_M3_r1,empanadilla,66,0.036797
FKIT,S+X2_M3_r1,empanadilla,67,0.060623
FKIT,S+X2_M3_r1,empanadilla,68,0.052453
FKIT,S+X2_M3_r1,empanadilla,69,0.044605
FKIT,S+X2_M3_r1,empanadilla,70,0.053578
FKIT,S+X2_M3_r1,empanadilla,71,0.048872
FKIT,S+X2_M3_r1,empanadilla,72,0.049787
FKIT,S+X2_M3_r1,empanadilla,73,0.049815
FKIT,S+X2_M3_r1,empanadilla,74,0.023117
FKIT,S+X2_M3_r1,empanadilla,75,0.037450
FKIT,S+X2_M3_r1,empanadilla,76,0.030409
FKIT,S+X2_M3_r1,empanadilla,77,0.033596
FKIT,S+X2_M3_r1,empanadilla,78,0.022579
FKIT,S+X2_M3_r1,empanadilla,79,0.057440
FKIT,S+X2_M3_r1,empanadilla,80,0.060418
FKIT,S+X2_M3_r1,empanadilla,81,0.056230
FKIT,S+X2_M3_r1,empanadilla,82,0.061974
FKIT,S+X2_M3_r1,empanadilla,83,0.067538
FKIT,S+X2_M3_r1,empanadilla,84,0.077433
FKIT,S+X2_M3_r1,empanadilla,85,0.074328
FKIT,S+X2_M3_r1,empanadilla,86,0.058209
FKIT,S+X2_M3_r1,empanadilla,87,0.063009
FKIT,S+X2_M3_r1,empanadilla,88,0.029130
FKIT,S+X2_M3_r1,empanadilla,89,0.050922
FKIT,S+X2_M3_r1,empanadilla,90,0.028217
FKIT,S+X2_M3_r1,empanadilla,91,0.059637
FKIT,S+X2_M3_r1,empanadilla,92,0.058184
FKIT,S+X2_M3_r1,empanadilla,93,0.076624
FKIT,S+X2_M3_r1,empanadilla,94,0.072401
FKIT,S+X2_M3_r1,empanadilla,95,0.072735
FKIT,S+X2_M3_r1,empanadilla,96,0.050837
FKIT,S+X2_M3_r1,empanadilla,97,0.034278
FKIT,S+X2_M3_r1,empanadilla,98,0.000000
FKIT,S+X2_M3_r1,empanadilla,99,0.000000
FKIT,S+X2_M3_r1,empanadilla,100,0.000000
FKIT,S+X2_M3_r1,empanadilla,101,0.000000
FKIT,S+X2_M3_r1,empanadilla,102,0.006389
FKIT,S+X2_M3_r1,empanadilla,103,0.000000
FKIT,S+X2_M3_r1,empanadilla,104,0.000887
FKIT,S+X2_M3_r1,empanadilla,105,0.057655
FKIT,S+X2_M3_r1,empanadilla,106,0.034833
FKIT,S+X2_M3_r1,empanadilla,107,0.014793
FKIT,S+X2_M3_r1,empanadilla,108,0.000000
FKIT,S+X2_M3_r1,empanadilla,109,0.000000
FKIT,S+X2_M3_r1,empanadilla,110,0.000000
FKIT,S+X2_M3_r1,empanadilla,111,0.000000
FKIT,S+X2_M3_r1,empanadilla,112,0.005710
FKIT,S+X2_M3_r1,empanadilla,113,0.000000
FKIT,S+X2_M3_r1,empanadilla,114,0.000000
FKIT,S+X2_M3_r1,empanadilla,115,0.000000
FKIT,S+X2_M3_r1,empanadilla,116,0.000000
FKIT,S+X2_M3_r1,empanadilla,117,0.000000
FKIT,S+X2_M3_r1,empanadilla,118,0.000000
FKIT,S+X2_M3_r1,empanadilla,119,0.000000
FKIT,S+X2_M3_r1,empanadilla,120,0.000000
FKIT,S+X2_M3_r1,empanadilla,121,0.000000
FKIT,S+X2_M3_r1,empanadilla,122,0.000000
FKIT,S+X2_M3_r1,empanadilla,123,0.000000
FKIT,S+X2_M3_r1,empanadilla,124,0.000000
FKIT,S+X2_M3_r1,empanadilla,125,0.000000
FKIT,S+X2_M3_r1,empanadilla,126,0.000000
FKIT,S+X2_M3_r1,empanadilla,127,0.000000
FKIT,S+X2_M3_r1,empanadilla,128,0.000000
FKIT,S+X2_M3_r1,empanadilla,129,0.000000
FKIT,S+X2_M3_r1,empanadilla,130,0.000000
FKIT,S+X2_M3_r1,empanadilla,131,0.000000
FKIT,S+X2_M3_r1,empanadilla,132,0.000000
FKIT,S+X2_M3_r1,empanadilla,133,0.000000
FKIT,S+X2_M3_r1,empanadilla,134,0.000000
FKIT,S+X2_M3_r1,empanadilla,135,0.000000
FKIT,S+X2_M3_r1,empanadilla,136,0.000000
FKIT,S+X2_M3_r1,empanadilla,137,0.000000
FKIT,S+X2_M3_r1,empanadilla,138,0.000000
FKIT,S+X2_M3_r1,empanadilla,139,0.000000
FKIT,S+X2_M3_r1,empanadilla,140,0.000000
FKIT,S+X2_M3_r1,empanadilla,141,0.000000
FKIT,S+X2_M3_r1,empanadilla,142,0.000000
FKIT,S+X2_M3_r1,empanadilla,143,0.000000
FKIT,S+X2_M3_r1,empanadilla,144,0.000000
FKIT,S+X2_M3_r1,empanadilla,145,0.000000
FKIT,S+X2_M3_r1,empanadilla,146,0.000000
FKIT,S+X2_M3_r1,empanadilla,147,0.000000
FKIT,S+X2_M3_r1,empanadilla,148,0.000000
FKIT,S+X2_M3_r1,empanadilla,149,0.000000
FKIT,S+X2_M3_r1,empanadilla,150,0.000000
FKIT,S+X2_M3_r1,empanadilla,151,0.000000
FKIT,S+X2_M3_r1,empanadilla,152,0.000000
FKIT,S+X2_M3_r1,empanadilla,153,0.000000
FKIT,S+X2_M3_r1,empanadilla,154,0.000000
FKIT,S+X2_M3_r1,empanadilla,155,0.000000
FKIT,S+X2_M3_r1,empanadilla,156,0.000000
FKIT,S+X2_M3_r1,empanadilla,157,0.000000
FKIT,S+X2_M3_r1,empanadilla,158,0.000000
FKIT,S+X2_M3_r1,empanadilla,159,0.000000
FKIT,S+X2_M3_r1,empanadilla,160,0.000000
FKIT,S+X2_M3_r1,empanadilla,161,0.000000
FKIT,S+X2_M3_r1,empanadilla,162,0.000000
FKIT,S+X2_M3_r1,empanadilla,163,0.000000
FKIT,S+X2_M3_r1,empanadilla,164,0.000000
FKIT,S+X2_M3_r1,empanadilla,165,0.000000
FKIT,S+X2_M3_r1,empanadilla,166,0.000000
FKIT,S+X2_M3_r1,empanadilla,167,0.000000
FKIT,S+X2_M3_r1,empanadilla,168,0.000000
FKIT,S+X2_M3_r1,empanadilla,169,0.000000
FKIT,S+X2_M3_r1,empanadilla,170,0.000000
FKIT,S+X2_M3_r1,empanadilla,171,0.000000
FKIT,S+X2_M3_r1,empanadilla,172,0.000000
FKIT,S+X2_M3_r1,empanadilla,173,0.000000
FKIT,S+X2_M3_r1,empanadilla,174,0.000000
FKIT,S+X2_M3_r1,empanadilla,175,0.000000
FKIT,S+X2_M3_r1,empanadilla,176,0.000000
FKIT,S+X2_M3_r1,empanadilla,177,0.000000
FKIT,S+X2_M3_r1,empanadilla,178,0.000000
FKIT,S+X2_M3_r1,empanadilla,179,0.000000
FKIT,S+X2_M3_r1,empanadilla,180,0.000000
FKIT,S+X2_M3_r1,empanadilla,181,0.000000
FKIT,S+X2_M3_r1,empanadilla,182,0.000000
FKIT,S+X2_M3_r1,empanadilla,183,0.000000
FKIT,S+X2_M3_r1,empanadilla,184,0.000000
FKIT,S+X2_M3_r1,empanadilla,185,0.000000
FKIT,S+X2_M3_r1,empanadilla,186,0.000000
FKIT,S+X2_M3_r1,empanadilla,187,0.000000
FKIT,S+X2_M3_r1,empanadilla,188,0.000000
FKIT,S+X2_M3_r1,empanadilla,189,0.000000
FKIT,S+X2_M3_r1,empanadilla,190,0.000000
FKIT,S+X2_M3_r1,empanadilla,191,0.000000
FKIT,S+X2_M3_r1,empanadilla,192,0.000000
FKIT,S+X2_M3_r1,empanadilla,193,0.000000
FKIT,S+X2_M3_r1,empanadilla,194,0.000000
FKIT,S+X2_M3_r1,empanadilla,195,0.000000
FKIT,S+X2_M3_r1,empanadilla,196,0.000000
FKIT,S+X2_M3_r1,empanadilla,197,0.000000
FKIT,S+X2_M3_r1,empanadilla,198,0.000000
FKIT,S+X2_M3_r1,empanadilla,199,0.000000
FKIT,S+X2_M3_r1,empanadilla,200,0.000000
FKIT,S+X2_M3_r1,empanadilla,201,0.000000
FKIT,S+X2_M3_r1,empanadilla,202,0.000000
FKIT,S+X2_M3_r1,empanadilla,203,0.000000
FKIT,S+X2_M3_r1,empanadilla,204,0.000000
FKIT,S+X2_M3_r1,empanadilla,205,0.000000
FKIT,S+X2_M3_r1,empanadilla,206,0.000000
FKIT,S+X2_M3_r1,empanadilla,207,0.000000
FKIT,S+X2_M3_r1,empanadilla,208,0.000000
FKIT,S+X2_M3_r1,empanadilla,209,0.000000
FKIT,S+X2_M3_r1,empanadilla,210,0.000000
FKIT,S+X2_M3_r1,empanadilla,211,0.000000
FKIT,S+X2_M3_r1,empanadilla,212,0.000000
FKIT,S+X2_M3_r1,empanadilla,213,0.000000
FKIT,S+X2_M3_r1,empanadilla,214,0.000000
FKIT,S+X2_M3_r1,empanadilla,215,0.000000
FKIT,S+X2_M3_r1,empanadilla,216,0.000000
FKIT,S+X2_M3_r1,empanadilla,217,0.000000
FKIT,S+X2_M3_r1,empanadilla,218,0.000000
FKIT,S+X2_M3_r1,empanadilla,219,0.000000
FKIT,S+X2_M3_r1,empanadilla,220,0.000000
FKIT,S+X2_M3_r1,empanadilla,221,0.000000
FKIT,S+X2_M3_r1,empanadilla,222,0.000000
FKIT,S+X2_M3_r1,empanadilla,223,0.000000
FKIT,S+X2_M3_r1,empanadilla,224,0.000000
FKIT,S+X2_M3_r1,empanadilla,225,0.000000
FKIT,S+X2_M3_r1,empanadilla,226,0.000000
FKIT,S+X2_M3_r1,empanadilla,227,0.000000
FKIT,S+X2_M3_r1,empanadilla,228,0.000000
FKIT,S+X2_M3_r1,empanadilla,229,0.000000
FKIT,S+X2_M3_r1,empanadilla,230,0.000000
FKIT,S+X2_M3_r1,empanadilla,231,0.000000
FKIT,S+X2_M3_r1,empanadilla,232,0.000000
FKIT,S+X2_M3_r1,empanadilla,233,0.000000
FKIT,S+X2_M3_r1,empanadilla,234,0.000000
FKIT,S+X2_M3_r1,empanadilla,235,0.000000
FKIT,S+X2_M3_r1,empanadilla,236,0.000000
FKIT,S+X2_M3_r1,empanadilla,237,0.000000
FKIT,S+X2_M3_r1,empanadilla,238,0.000000
FKIT,S+X2_M3_r1,empanadilla,239,0.000000
FKIT,S+X2_M3_r1,empanadilla,240,0.000000
FKIT,S+X2_M3_r1,empanadilla,241,0.000000
FKIT,S+X2_M3_r1,empanadilla,242,0.000000
FKIT,S+X2_M3_r1,empanadilla,243,0.000000
FKIT,S+X2_M3_r1,empanadilla,244,0.000000
FKIT,S+X2_M3_r1,empanadilla,245,0.000000
FKIT,S+X2_M3_r1,empanadilla,246,0.000000
FKIT,S+X2_M3_r1,empanadilla,247,0.000000
FKIT,S+X2_M3_r1,empanadilla,248,0.000000
FKIT,S+X2_M3_r1,empanadilla,249,0.000000
FKIT,S+X2_M3_r1,empanadilla,250,0.000000
FKIT,S+X2_M3_r1,empanadilla,251,0.000000
FKIT,S+X2_M3_r1,empanadilla,252,0.000000
FKIT,S+X2_M3_r1,empanadilla,253,0.000000
FKIT,S+X2_M3_r1,empanadilla,254,0.000000
FKIT,S+X2_M3_r1,empanadilla,255,0.000000
FKIT,S+X2_M3_r1,empanadilla,256,0.000000
FKIT,S+X2_M3_r1,empanadilla,257,0.000000
FKIT,S+X2_M3_r1,empanadilla,258,0.000000
FKIT,S+X2_M3_r1,empanadilla,259,0.000000
FKIT,S+X2_M3_r1,empanadilla,260,0.000000
FKIT,S+X2_M3_r1,empanadilla,261,0.000000
FKIT,S+X2_M3_r1,empanadilla,262,0.000000
FKIT,S+X2_M3_r1,empanadilla,263,0.000000
FKIT,S+X2_M3_r1,empanadilla,264,0.000000
FKIT,S+X2_M3_r1,empanadilla,265,0.000000
FKIT,S+X2_M3_r1,empanadilla,266,0.000000
FKIT,S+X2_M3_r1,empanadilla,267,0.000000
FKIT,S+X2_M3_r1,empanadilla,268,0.000000
FKIT,S+X2_M3_r1,empanadilla,269,0.000000
FKIT,S+X2_M3_r1,empanadilla,270,0.000000
FKIT,S+X2_M3_r1,empanadilla,271,0.000000
FKIT,S+X2_M3_r1,empanadilla,272,0.000000
FKIT,S+X2_M3_r1,empanadilla,273,0.000000
FKIT,S+X2_M3_r1,empanadilla,274,0.000000
FKIT,S+X2_M3_r1,empanadilla,275,0.000000
FKIT,S+X2_M3_r1,empanadilla,276,0.000000
FKIT,S+X2_M3_r1,empanadilla,277,0.000000
FKIT,S+X2_M3_r1,empanadilla,278,0.000000
FKIT,S+X2_M3_r1,empanadilla,279,0.000000
FKIT,S+X2_M3_r1,empanadilla,280,0.000000
FKIT,S+X2_M3_r1,empanadilla,281,0.000000
FKIT,S+X2_M3_r1,empanadilla,282,0.000000
FKIT,S+X2_M3_r1,empanadilla,283,0.000000
FKIT,S+X2_M3_r1,empanadilla,284,0.000000
FKIT,S+X2_M3_r1,empanadilla,285,0.000000
FKIT,S+X2_M3_r1,empanadilla,286,0.000000
FKIT,S+X2_M3_r1,empanadilla,287,0.000000
FKIT,S+X2_M3_r1,empanadilla,288,0.000000
FKIT,S+X2_M3_r1,empanadilla,289,0.000000
FKIT,S+X2_M3_r1,empanadilla,290,0.000000
FKIT,S+X2_M3_r1,empanadilla,291,0.000000
FKIT,S+X2_M3_r1,empanadilla,292,0.000000
FKIT,S+X2_M3_r1,empanadilla,293,0.000000
FKIT,S+X2_M3_r1,empanadilla,294,0.000000
FKIT,S+X2_M3_r1,empanadilla,295,0.000000
FKIT,S+X2_M3_r1,empanadilla,296,0.000000
FKIT,S+X2_M3_r1,empanadilla,297,0.000000
FKIT,S+X2_M3_r1,empanadilla,298,0.000000
FKIT,S+X2_M3_r1,empanadilla,299,0.000000
FKIT,S+X2_M3_r1,empanadilla,300,0.000000
FKIT,S+X2_M3_r1,empanadilla,301,0.000000
FKIT,S+X2_M3_r1,empanadilla,302,0.000000
FKIT,S+X2_M3_r1,empanadilla,303,0.000000
FKIT,S+X2_M3_r1,empanadilla,304,0.000000
FKIT,S+X2_M3_r1,empanadilla,305,0.000000
FKIT,S+X2_M3_r1,empanadilla,306,0.000000
FKIT,S+X2_M3_r1,empanadilla,307,0.000000
FKIT,S+X2_M3_r1,empanadilla,308,0.000000
FKIT,S+X2_M3_r1,empanadilla,309,0.000000
FKIT,S+X2_M3_r1,empanadilla,310,0.000000
FKIT,S+X2_M3_r1,empanadilla,311,0.000000
FKIT,S+X2_M3_r1,empanadilla,312,0.000000
FKIT,S+X2_M3_r1,empanadilla,313,0.000000
FKIT,S+X2_M3_r1,empanadilla,314,0.000000
FKIT,S+X2_M3_r1,empanadilla,315,0.000000
FKIT,S+X2_M3_r1,empanadilla,316,0.000000
FKIT,S+X2_M3_r1,empanadilla,317,0.000000
FKIT,S+X2_M3_r1,empanadilla,318,0.000000
FKIT,S+X2_M3_r1,empanadilla,319,0.000000
FKIT,S+X2_M3_r1,empanadilla,320,0.000000
FKIT,S+X2_M3_r1,empanadilla,321,0.000000
FKIT,S+X2_M3_r1,empanadilla,322,0.000000
FKIT,S+X2_M3_r1,empanadilla,323,0.000000
FKIT,S+X2_M3_r1,empanadilla,324,0.000000
FKIT,S+X2_M3_r1,empanadilla,325,0.000000
FKIT,S+X2_M3_r1,empanadilla,326,0.000000
FKIT,S+X2_M3_r1,empanadilla,327,0.000000
FKIT,S+X2_M3_r1,empanadilla,328,0.000000
FKIT,S+X2_M3_r1,empanadilla,329,0.000000
FKIT,S+X2_M3_r1,empanadilla,330,0.000000
FKIT,S+X2_M3_r1,empanadilla,331,0.000000
FKIT,S+X2_M3_r1,empanadilla,332,0.000000
FKIT,S+X2_M3_r1,empanadilla,333,0.000000
FKIT,S+X2_M3_r1,empanadilla,334,0.000000
FKIT,S+X2_M3_r1,empanadilla,335,0.000000
FKIT,S+X2_M3_r1,empanadilla,336,0.000000
FKIT,S+X2_M3_r1,empanadilla,337,0.000000
FKIT,S+X2_M3_r1,empanadilla,338,0.000000
FKIT,S+X2_M3_r1,empanadilla,339,0.000000
FKIT,S+X2_M3_r1,empanadilla,340,0.000000
FKIT,S+X2_M3_r1,empanadilla,341,0.000000
FKIT,S+X2_M3_r1,empanadilla,342,0.000000
FKIT,S+X2_M3_r1,empanadilla,343,0.000000
FKIT,S+X2_M3_r1,empanadilla,344,0.000000
FKIT,S+X2_M3_r1,empanadilla,345,0.000000
FKIT,S+X2_M3_r1,empanadilla,346,0.000000
FKIT,S+X2_M3_r1,empanadilla,347,0.000000
FKIT,S+X2_M3_r1,empanadilla,348,0.000000
FKIT,S+X2_M3_r1,empanadilla,349,0.000000
FKIT,S+X2_M3_r1,empanadilla,350,0.000000
FKIT,S+X2_M3_r1,empanadilla,351,0.000000
FKIT,S+X2_M3_r1,empanadilla,352,0.000000
FKIT,S+X2_M3_r1,empanadilla,353,0.000000
FKIT,S+X2_M3_r1,empanadilla,354,0.000000
FKIT,S+X2_M3_r1,empanadilla,355,0.000000
FKIT,S+X2_M3_r1,empanadilla,356,0.000000
FKIT,S+X2_M3_r1,empanadilla,357,0.002443
FKIT,S+X2_M3_r1,empanadilla,358,0.000000
FKIT,S+X2_M3_r1,empanadilla,359,0.000000
FKIT,S+X2_M3_r1,empanadilla,360,0.000000
FKIT,S+X2_M3_r1,empanadilla,361,0.000000
FKIT,S+X2_M3_r1,empanadilla,362,0.000468
FKIT,S+X2_M3_r1,empanadilla,363,0.000000
FKIT,S+X2_M3_r1,empanadilla,364,0.000000
FKIT,S+X2_M3_r1,empanadilla,365,0.000000
FKIT,S+X2_M3_r1,empanadilla,366,0.000000
FKIT,S+X2_M3_r1,empanadilla,367,0.003236
FKIT,S+X2_M3_r1,empanadilla,368,0.000313
FKIT,S+X2_M3_r1,empanadilla,369,0.000621
FKIT,S+X2_M3_r1,empanadilla,370,0.001162
FKIT,S+X2_M3_r1,empanadilla,371,0.000465
FKIT,S+X2_M3_r1,empanadilla,372,0.007877
FKIT,S+X2_M3_r1,empanadilla,373,0.001389
FKIT,S+X2_M3_r1,empanadilla,374,0.001080
FKIT,S+X2_M3_r1,empanadilla,375,0.004870
FKIT,S+X2_M3_r1,empanadilla,376,0.005822
FKIT,S+X2_M3_r1,empanadilla,377,0.009975
FKIT,S+X2_M3_r1,empanadilla,378,0.000000
FKIT,S+X2_M3_r1,empanadilla,379,0.000000
FKIT,S+X2_M3_r1,empanadilla,380,0.000000
FKIT,S+X2_M3_r1,empanadilla,381,0.003179
FKIT,S+X2_M3_r1,empanadilla,382,0.000000
FKIT,S+X2_M3_r1,empanadilla,383,0.012816
FKIT,S+X2_M3_r1,empanadilla,384,0.009834
FKIT,S+X2_M3_r1,empanadilla,385,0.019395
FKIT,S+X2_M3_r1,empanadilla,386,0.019189
FKIT,S+X2_M3_r1,empanadilla,387,0.024012
FKIT,S+X2_M3_r1,empanadilla,388,0.019495
FKIT,S+X2_M3_r1,empanadilla,389,0.023513
FKIT,S+X2_M3_r1,empanadilla,390,0.030072
FKIT,S+X2_M3_r1,empanadilla,391,0.042024
FKIT,S+X2_M3_r1,empanadilla,392,0.009235
FKIT,S+X2_M3_r1,empanadilla,393,0.017174
FKIT,S+X2_M3_r1,empanadilla,394,0.017938
FKIT,S+X2_M3_r1,empanadilla,395,0.034004
FKIT,S+X2_M3_r1,empanadilla,396,0.040332
FKIT,S+X2_M3_r1,empanadilla,397,0.047650
FKIT,S+X2_M3_r1,empanadilla,398,0.031524
FKIT,S+X2_M3_r1,empanadilla,399,0.035731
FKIT,S+X2_M3_r1,empanadilla,400,0.037513
FKIT,S+X2_M3_r1,empanadilla,401,0.008343
FKIT,S+X2_M3_r1,empanadilla,402,0.033591
FKIT,S+X2_M3_r1,empanadilla,403,0.005918
FKIT,S+X2_M3_r1,empanadilla,404,0.028258
FKIT,S+X2_M3_r1,empanadilla,405,0.024447
FKIT,S+X2_M3_r1,empanadilla,406,0.036633
FKIT,S+X2_M3_r1,empanadilla,407,0.042949
FKIT,S+X2_M3_r1,empanadilla,408,0.027062
FKIT,S+X2_M3_r1,empanadilla,409,0.029164
FKIT,S+X2_M3_r1,empanadilla,410,0.041460
FKIT,S+X2_M3_r1,empanadilla,411,0.035866
FKIT,S+X2_M3_r1,empanadilla,412,0.046140
FKIT,S+X2_M3_r1,empanadilla,413,0.034020
FKIT,S+X2_M3_r1,empanadilla,414,0.025228
FKIT,S+X2_M3_r1,empanadilla,415,0.000000
FKIT,S+X2_M3_r1,empanadilla,416,0.000146
FKIT,S+X2_M3_r1,empanadilla,417,0.000000
FKIT,S+X2_M3_r1,empanadilla,418,0.000000
FKIT,S+X2_M3_r1,empanadilla,419,0.000000
FKIT,S+X2_M3_r1,empanadilla,420,0.000000
FKIT,S+X2_M3_r1,empanadilla,421,0.000000
FKIT,S+X2_M3_r1,empanadilla,422,0.000000
FKIT,S+X2_M3_r1,empanadilla,423,0.000000
FKIT,S+X2_M3_r1,empanadilla,424,0.000000
FKIT,S+X2_M3_r1,empanadilla,425,0.000000
FKIT,S+X2_M3_r1,empanadilla,426,0.000000
FKIT,S+X2_M3_r1,empanadilla,427,0.000000
FKIT,S+X2_M3_r1,empanadilla,428,0.000000
FKIT,S+X2_M3_r1,empanadilla,429,0.000000
FKIT,S+X2_M3_r1,empanadilla,430,0.000000
FKIT,S+X2_M3_r1,empanadilla,431,0.000000
FKIT,S+X2_M3_r1,empanadilla,432,0.000000
FKIT,S+X2_M3_r1,empanadilla,433,0.000000
FKIT,S+X2_M3_r1,empanadilla,434,0.000000
FKIT,S+X2_M3_r1,empanadilla,435,0.000000
FKIT,S+X2_M3_r1,empanadilla,436,0.000000
FKIT,S+X2_M3_r1,empanadilla,437,0.000000
FKIT,S+X2_M3_r1,empanadilla,438,0.000000
FKIT,S+X2_M3_r1,empanadilla,439,0.000000
FKIT,S+X2_M3_r1,empanadilla,440,0.000000
FKIT,S+X2_M3_r1,empanadilla,441,0.000000
FKIT,S+X2_M3_r1,empanadilla,442,0.000000
FKIT,S+X2_M3_r1,empanadilla,443,0.000000
FKIT,S+X2_M3_r1,empanadilla,444,0.000000
FKIT,S+X2_M3_r1,empanadilla,445,0.000000
FKIT,S+X2_M3_r1,empanadilla,446,0.000000
FKIT,S+X2_M3_r1,empanadilla,447,0.000000
FKIT,S+X2_M3_r1,empanadilla,448,0.000000
FKIT,S+X2_M3_r1,empanadilla,449,0.000000
FKIT,S+X2_M3_r1,empanadilla,450,0.000000
FKIT,S+X2_M3_r1,empanadilla,451,0.000000
FKIT,S+X2_M3_r1,empanadilla,452,0.000000
FKIT,S+X2_M3_r1,empanadilla,453,0.000000
FKIT,S+X2_M3_r1,empanadilla,454,0.000000
FKIT,S+X2_M3_r1,empanadilla,455,0.000000
FKIT,S+X2_M3_r1,empanadilla,456,0.000000
FKIT,S+X2_M3_r1,empanadilla,457,0.000000
FKIT,S+X2_M3_r1,empanadilla,458,0.000000
FKIT,S+X2_M3_r1,empanadilla,459,0.000000
FKIT,S+X2_M3_r1,empanadilla,460,0.000000
FKIT,S+X2_M3_r1,empanadilla,461,0.000000
FKIT,S+X2_M3_r1,empanadilla,462,0.000000
FKIT,S+X2_M3_r1,empanadilla,463,0.000000
FKIT,S+X2_M3_r1,empanadilla,464,0.000000
FKIT,S+X2_M3_r1,empanadilla,465,0.000000
FKIT,S+X2_M3_r1,empanadilla,466,0.000000
FKIT,S+X2_M3_r1,empanadilla,467,0.000000
FKIT,S+X2_M3_r1,empanadilla,468,0.000000
FKIT,S+X2_M3_r1,empanadilla,469,0.000000
FKIT,S+X2_M3_r1,empanadilla,470,0.000000
FKIT,S+X2_M3_r1,empanadilla,471,0.000000
FKIT,S+X2_M3_r1,empanadilla,472,0.000000
FKIT,S+X2_M3_r1,empanadilla,473,0.000000
FKIT,S+X2_M3_r1,empanadilla,474,0.000000
FKIT,S+X2_M3_r1,empanadilla,475,0.000000
FKIT,S+X2_M3_r1,empanadilla,476,0.000000
FKIT,S+X2_M3_r1,empanadilla,477,0.000000
FKIT,S+X2_M3_r1,empanadilla,478,0.000000
FKIT,S+X2_M3_r1,empanadilla,479,0.000000
FKIT,S+X2_M3_r1,empanadilla,480,0.000000
FKIT,S+X2_M3_r1,empanadilla,481,0.000000
FKIT,S+X2_M3_r1,empanadilla,482,0.000000
FKIT,S+X2_M3_r1,empanadilla,483,0.000000
FKIT,S+X2_M3_r1,empanadilla,484,0.000000
FKIT,S+X2_M3_r1,empanadilla,485,0.000000
FKIT,S+X2_M3_r1,empanadilla,486,0.000000
FKIT,S+X2_M3_r1,empanadilla,487,0.000000
FKIT,S+X2_M3_r1,empanadilla,488,0.000000
FKIT,S+X2_M3_r1,empanadilla,489,0.000000
FKIT,S+X2_M3_r1,empanadilla,490,0.000000
FKIT,S+X2_M3_r1,empanadilla,491,0.000000
FKIT,S+X2_M3_r1,empanadilla,492,0.000000
FKIT,S+X2_M3_r1,empanadilla,493,0.000000
FKIT,S+X2_M3_r1,empanadilla,494,0.000000
FKIT,S+X2_M3_r1,empanadilla,495,0.000000
FKIT,S+X2_M3_r1,empanadilla,496,0.000000
FKIT,S+X2_M3_r1,empanadilla,497,0.000000
FKIT,S+X2_M3_r1,empanadilla,498,0.000000
FKIT,S+X2_M3_r1,empanadilla,499,0.000000
FKIT,S+X2_M3_r1,empanadilla,500,0.000000
FKIT,S+X2_M3_r1,empanadilla,501,0.000000
FKIT,S+X2_M3_r1,empanadilla,502,0.000000
FKIT,S+X2_M3_r1,empanadilla,503,0.000000
FKIT,S+X2_M3_r1,empanadilla,504,0.000000
FKIT,S+X2_M3_r1,empanadilla,505,0.000000
FKIT,S+X2_M3_r1,empanadilla,506,0.000000
FKIT,S+X2_M3_r1,empanadilla,507,0.000000
FKIT,S+X2_M3_r1,empanadilla,508,0.000000
FKIT,S+X2_M3_r1,empanadilla,509,0.000000
FKIT,S+X2_M3_r1,empanadilla,510,0.000000
FKIT,S+X2_M3_r1,empanadilla,511,0.000000
FKIT,S+X2_M3_r1,empanadilla,512,0.000000
FKIT,S+X2_M3_r1,empanadilla,513,0.000000
FKIT,S+X2_M3_r1,empanadilla,514,0.000000
FKIT,S+X2_M3_r1,empanadilla,515,0.000000
FKIT,S+X2_M3_r1,empanadilla,516,0.000000
FKIT,S+X2_M3_r1,empanadilla,517,0.000000
FKIT,S+X2_M3_r1,empanadilla,518,0.000000
FKIT,S+X2_M3_r1,empanadilla,519,0.000000
FKIT,S+X2_M3_r1,empanadilla,520,0.000000
FKIT,S+X2_M3_r1,empanadilla,521,0.000000
FKIT,S+X2_M3_r1,empanadilla,522,0.000000
FKIT,S+X2_M3_r1,empanadilla,523,0.000000
FKIT,S+X2_M3_r1,empanadilla,524,0.000000
FKIT,S+X2_M3_r1,empanadilla,525,0.000000
FKIT,S+X2_M3_r1,empanadilla,526,0.000000
FKIT,S+X2_M3_r1,empanadilla,527,0.000000
FKIT,S+X2_M3_r1,empanadilla,528,0.000000
FKIT,S+X2_M3_r1,empanadilla,529,0.000000
FKIT,S+X2_M3_r1,empanadilla,530,0.000000
FKIT,S+X2_M3_r1,empanadilla,531,0.000000
FKIT,S+X2_M3_r1,empanadilla,532,0.000000
FKIT,S+X2_M3_r1,empanadilla,533,0.000000
FKIT,S+X2_M3_r1,empanadilla,534,0.000000
FKIT,S+X2_M3_r1,empanadilla,535,0.000000
FKIT,S+X2_M3_r1,empanadilla,536,0.000000
FKIT,S+X2_M3_r1,empanadilla,537,0.000000
FKIT,S+X2_M3_r1,empanadilla,538,0.000000
FKIT,S+X2_M3_r1,empanadilla,539,0.000000
FKIT,S+X2_M3_r1,empanadilla,540,0.000000
FKIT,S+X2_M3_r1,empanadilla,541,0.000000
FKIT,S+X2_M3_r1,empanadilla,542,0.000000
FKIT,S+X2_M3_r1,empanadilla,543,0.000000
FKIT,S+X2_M3_r1,empanadilla,544,0.000000
FKIT,S+X2_M3_r1,empanadilla,545,0.000000
FKIT,S+X2_M3_r1,empanadilla,546,0.000000
FKIT,S+X2_M3_r1,empanadilla,547,0.000000
FKIT,S+X2_M3_r1,empanadilla,548,0.000000
FKIT,S+X2_M3_r1,empanadilla,549,0.000000
FKIT,S+X2_M3_r1,empanadilla,550,0.000000
FKIT,S+X2_M3_r1,empanadilla,551,0.000000
FKIT,S+X2_M3_r1,empanadilla,552,0.000000
FKIT,S+X2_M3_r1,empanadilla,553,0.000000
FKIT,S+X2_M3_r1,empanadilla,554,0.000000
FKIT,S+X2_M3_r1,empanadilla,555,0.000000
FKIT,S+X2_M3_r1,empanadilla,556,0.000000
FKIT,S+X2_M3_r1,empanadilla,557,0.000000
FKIT,S+X2_M3_r1,empanadilla,558,0.000000
FKIT,S+X2_M3_r1,empanadilla,559,0.000000
FKIT,S+X2_M3_r1,empanadilla,560,0.000000
FKIT,S+X2_M3_r1,empanadilla,561,0.000000
FKIT,S+X2_M3_r1,empanadilla,562,0.000000
FKIT,S+X2_M3_r1,empanadilla,563,0.000000
FKIT,S+X2_M3_r1,empanadilla,564,0.000000
FKIT,S+X2_M3_r1,empanadilla,565,0.000000
FKIT,S+X2_M3_r1,empanadilla,566,0.000000
FKIT,S+X2_M3_r1,empanadilla,567,0.000000
FKIT,S+X2_M3_r1,empanadilla,568,0.000000
FKIT,S+X2_M3_r1,empanadilla,569,0.000000
FKIT,S+X2_M3_r1,empanadilla,570,0.000000
FKIT,S+X2_M3_r1,empanadilla,571,0.000000
FKIT,S+X2_M3_r1,empanadilla,572,0.000000
FKIT,S+X2_M3_r1,empanadilla,573,0.000000
FKIT,S+X2_M3_r1,empanadilla,574,0.000000
FKIT,S+X2_M3_r1,empanadilla,575,0.000000
FKIT,S+X2_M3_r1,empanadilla,576,0.000000
FKIT,S+X2_M3_r1,empanadilla,577,0.000000
FKIT,S+X2_M3_r1,empanadilla,578,0.000000
FKIT,S+X2_M3_r1,empanadilla,579,0.000000
FKIT,S+X2_M3_r1,empanadilla,580,0.000000
FKIT,S+X2_M3_r1,empanadilla,581,0.000000
FKIT,S+X2_M3_r1,empanadilla,582,0.000000
FKIT,S+X2_M3_r1,empanadilla,583,0.000000
FKIT,S+X2_M3_r1,empanadilla,584,0.000000
FKIT,S+X2_M3_r1,empanadilla,585,0.000000
FKIT,S+X2_M3_r1,empanadilla,586,0.000000
FKIT,S+X2_M3_r1,empanadilla,587,0.000000
FKIT,S+X2_M3_r1,empanadilla,588,0.000000
FKIT,S+X2_M3_r1,empanadilla,589,0.000000
FKIT,S+X2_M3_r1,empanadilla,590,0.000000
FKIT,S+X2_M3_r1,empanadilla,591,0.000000
FKIT,S+X2_M3_r1,empanadilla,592,0.000000
FKIT,S+X2_M3_r1,empanadilla,593,0.000000
FKIT,S+X2_M3_r1,empanadilla,594,0.000000
FKIT,S+X2_M3_r1,empanadilla,595,0.000000
FKIT,S+X2_M3_r1,empanadilla,596,0.000000
FKIT,S+X2_M3_r1,empanadilla,597,0.000000
FKIT,S+X2_M3_r1,empanadilla,598,0.000000
FKIT,S+X2_M3_r1,empanadilla,599,0.000000
FKIT,S+X2_M3_r1,empanadilla,600,0.000000
FKIT,S+X2_M3_r1,empanadilla,601,0.000000
FKIT,S+X2_M3_r1,empanadilla,602,0.000000
FKIT,S+X2_M3_r1,empanadilla,603,0.000000
FKIT,S+X2_M3_r1,empanadilla,604,0.000000
FKIT,S+X2_M3_r1,empanadilla,605,0.000000
FKIT,S+X2_M3_r1,empanadilla,606,0.000000
FKIT,S+X2_M3_r1,empanadilla,607,0.000000
FKIT,S+X2_M3_r1,empanadilla,608,0.000000
FKIT,S+X2_M3_r1,empanadilla,609,0.000000
FKIT,S+X2_M3_r1,empanadilla,610,0.000000
FKIT,S+X2_M3_r1,empanadilla,611,0.000000
FKIT,S+X2_M3_r1,empanadilla,612,0.000000
FKIT,S+X2_M3_r1,empanadilla,613,0.000000
FKIT,S+X2_M3_r1,empanadilla,614,0.000000
FKIT,S+X2_M3_r1,empanadilla,615,0.000000
FKIT,S+X2_M3_r1,empanadilla,616,0.000000
FKIT,S+X2_M3_r1,empanadilla,617,0.000000
FKIT,S+X2_M3_r1,empanadilla,618,0.000000
FKIT,S+X2_M3_r1,empanadilla,619,0.000000
FKIT,S+X2_M3_r1,empanadilla,620,0.000000
FKIT,S+X2_M3_r1,empanadilla,621,0.000000
FKIT,S+X2_M3_r1,empanadilla,622,0.000000
FKIT,S+X2_M3_r1,empanadilla,623,0.000000
FKIT,S+X2_M3_r1,empanadilla,624,0.000000
FKIT,S+X2_M3_r1,empanadilla,625,0.000000
FKIT,S+X2_M3_r1,empanadilla,626,0.000000
FKIT,S+X2_M3_r1,empanadilla,627,0.000000
FKIT,S+X2_M3_r1,empanadilla,628,0.000000
FKIT,S+X2_M3_r1,empanadilla,629,0.000000
FKIT,S+X2_M3_r1,empanadilla,630,0.000000
FKIT,S+X2_M3_r1,empanadilla,631,0.000000
FKIT,S+X2_M3_r1,empanadilla,632,0.000000
FKIT,S+X2_M3_r1,empanadilla,633,0.000000
FKIT,S+X2_M3_r1,empanadilla,634,0.000000
FKIT,S+X2_M3_r1,empanadilla,635,0.000000
FKIT,S+X2_M3_r1,empanadilla,636,0.000000
FKIT,S+X2_M3_r1,empanadilla,637,0.000000
FKIT,S+X2_M3_r1,empanadilla,638,0.000000
FKIT,S+X2_M3_r1,empanadilla,639,0.000000
FKIT,S+X2_M3_r1,empanadilla,640,0.000000
FKIT,S+X2_M3_r1,empanadilla,641,0.000000
FKIT,S+X2_M3_r1,empanadilla,642,0.000000
FKIT,S+X2_M3_r1,empanadilla,643,0.000000
FKIT,S+X2_M3_r1,empanadilla,644,0.000000
FKIT,S+X2_M3_r1,empanadilla,645,0.000000
FKIT,S+X2_M3_r1,empanadilla,646,0.000000
FKIT,S+X2_M3_r1,empanadilla,647,0.000000
FKIT,S+X2_M3_r1,empanadilla,648,0.000000
FKIT,S+X2_M3_r1,empanadilla,649,0.000000
FKIT,S+X2_M3_r1,empanadilla,650,0.000000
FKIT,S+X2_M3_r1,empanadilla,651,0.000000
FKIT,S+X2_M3_r1,empanadilla,652,0.000000
FKIT,S+X2_M3_r1,empanadilla,653,0.000000
FKIT,S+X2_M3_r1,empanadilla,654,0.000000
FKIT,S+X2_M3_r1,empanadilla,655,0.000000
FKIT,S+X2_M3_r1,empanadilla,656,0.000000
FKIT,S+X2_M3_r1,empanadilla,657,0.000000
FKIT,S+X2_M3_r1,empanadilla,658,0.000000
FKIT,S+X2_M3_r1,empanadilla,659,0.000000
FKIT,S+X2_M3_r1,empanadilla,660,0.000000
FKIT,S+X2_M3_r1,empanadilla,661,0.000000
FKIT,S+X2_M3_r1,empanadilla,662,0.045459
FKIT,S+X2_M3_r1,empanadilla,663,0.819884
FKIT,S+X2_M3_r1,empanadilla,664,0.940075
FKIT,S+X2_M3_r1,empanadilla,665,0.934252
FKIT,S+X2_M3_r1,empanadilla,666,0.933388
FKIT,S+X2_M3_r1,empanadilla,667,0.922405
FKIT,S+X2_M3_r1,empanadilla,668,0.921101
FKIT,S+X2_M3_r1,empanadilla,669,0.919377
FKIT,S+X2_M3_r1,empanadilla,670,0.915419
FKIT,S+X2_M3_r1,empanadilla,671,0.920622
FKIT,S+X2_M3_r1,empanadilla,672,0.917230
FKIT,S+X2_M3_r1,empanadilla,673,0.913436
FKIT,S+X2_M3_r1,empanadilla,674,0.910404
FKIT,S+X2_M3_r1,empanadilla,675,0.907508
FKIT,S+X2_M3_r1,empanadilla,676,0.858995
FKIT,S+X2_M3_r1,empanadilla,677,0.911493
FKIT,S+X2_M3_r1,empanadilla,678,0.909454
FKIT,S+X2_M3_r1,empanadilla,679,0.906430
FKIT,S+X2_M3_r1,empanadilla,680,0.906018
FKIT,S+X2_M3_r1,empanadilla,681,0.916381
FKIT,S+X2_M3_r1,empanadilla,682,0.906688
FKIT,S+X2_M3_r1,empanadilla,683,0.910751
FKIT,S+X2_M3_r1,empanadilla,684,0.910905
FKIT,S+X2_M3_r1,empanadilla,685,0.913076
FKIT,S+X2_M3_r1,empanadilla,686,0.920803
FKIT,S+X2_M3_r1,empanadilla,687,0.918471
FKIT,S+X2_M3_r1,empanadilla,688,0.919964
FKIT,S+X2_M3_r1,empanadilla,689,0.924413
FKIT,S+X2_M3_r1,empanadilla,690,0.922544
FKIT,S+X2_M3_r1,empanadilla,691,0.918161
FKIT,S+X2_M3_r1,empanadilla,692,0.926870
FKIT,S+X2_M3_r1,empanadilla,693,0.929549
FKIT,S+X2_M3_r1,empanadilla,694,0.933138
FKIT,S+X2_M3_r1,empanadilla,695,0.924432
FKIT,S+X2_M3_r1,empanadilla,696,0.930792
FKIT,S+X2_M3_r1,empanadilla,697,0.932372
FKIT,S+X2_M3_r1,empanadilla,698,0.933315
FKIT,S+X2_M3_r1,empanadilla,699,0.930742
FKIT,S+X2_M3_r1,empanadilla,700,0.935642
FKIT,S+X2_M3_r1,empanadilla,701,0.931670
FKIT,S+X2_M3_r1,empanadilla,702,0.934000
FKIT,S+X2_M3_r1,empanadilla,703,0.938547
FKIT,S+X2_M3_r1,empanadilla,704,0.942460
FKIT,S+X2_M3_r1,empanadilla,705,0.939451
FKIT,S+X2_M3_r1,empanadilla,706,0.945171
FKIT,S+X2_M3_r1,empanadilla,707,0.943792
FKIT,S+X2_M3_r1,empanadilla,708,0.947442
FKIT,S+X2_M3_r1,empanadilla,709,0.948152
FKIT,S+X2_M3_r1,empanadilla,710,0.953358
FKIT,S+X2_M3_r1,empanadilla,711,0.953727
FKIT,S+X2_M3_r1,empanadilla,712,0.954191
FKIT,S+X2_M3_r1,empanadilla,713,0.956455
FKIT,S+X2_M3_r1,empanadilla,714,0.954002
FKIT,S+X2_M3_r1,empanadilla,715,0.954021
FKIT,S+X2_M3_r1,empanadilla,716,0.955446
FKIT,S+X2_M3_r1,empanadilla,717,0.950129
FKIT,S+X2_M3_r1,empanadilla,718,0.952233
FKIT,S+X2_M3_r1,empanadilla,719,0.955527
FKIT,S+X2_M3_r1,empanadilla,720,0.959081
FKIT,S+X2_M3_r1,empanadilla,721,0.955899
FKIT,S+X2_M3_r1,empanadilla,722,0.952747
FKIT,S+X2_M3_r1,empanadilla,723,0.955936
FKIT,S+X2_M3_r1,empanadilla,724,0.959144
FKIT,S+X2_M3_r1,empanadilla,725,0.955735
FKIT,S+X2_M3_r1,empanadilla,726,0.958062
FKIT,S+X2_M3_r1,empanadilla,727,0.952977
FKIT,S+X2_M3_r1,empanadilla,728,0.956430
FKIT,S+X2_M3_r1,empanadilla,729,0.956581
FKIT,S+X2_M3_r1,empanadilla,730,0.958468
FKIT,S+X2_M3_r1,empanadilla,731,0.956034
FKIT,S+X2_M3_r1,empanadilla,732,0.956498
FKIT,S+X2_M3_r1,empanadilla,733,0.952020
FKIT,S+X2_M3_r1,empanadilla,734,0.955419
FKIT,S+X2_M3_r1,empanadilla,735,0.947279
FKIT,S+X2_M3_r1,empanadilla,736,0.950008
FKIT,S+X2_M3_r1,empanadilla,737,0.945318
FKIT,S+X2_M3_r1,empanadilla,738,0.945647
FKIT,S+X2_M3_r1,empanadilla,739,0.947766
FKIT,S+X2_M3_r1,empanadilla,740,0.950919
FKIT,S+X2_M3_r1,empanadilla,741,0.945104
FKIT,S+X2_M3_r1,empanadilla,742,0.945448
FKIT,S+X2_M3_r1,empanadilla,743,0.941220
FKIT,S+X2_M3_r1,empanadilla,744,0.952185
FKIT,S+X2_M3_r1,empanadilla,745,0.944342
FKIT,S+X2_M3_r1,empanadilla,746,0.948222
FKIT,S+X2_M3_r1,empanadilla,747,0.943446
FKIT,S+X2_M3_r1,empanadilla,748,0.948480
FKIT,S+X2_M3_r1,empanadilla,749,0.948346
FKIT,S+X2_M3_r1,empanadilla,750,0.947293
FKIT,S+X2_M3_r1,empanadilla,751,0.946035
FKIT,S+X2_M3_r1,empanadilla,752,0.947273
FKIT,S+X2_M3_r1,empanadilla,753,0.948284
FKIT,S+X2_M3_r1,empanadilla,754,0.944860
FKIT,S+X2_M3_r1,empanadilla,755,0.944459
FKIT,S+X2_M3_r1,empanadilla,756,0.941757
FKIT,S+X2_M3_r1,empanadilla,757,0.945463
FKIT,S+X2_M3_r1,empanadilla,758,0.941368
FKIT,S+X2_M3_r1,empanadilla,759,0.941657
FKIT,S+X2_M3_r1,empanadilla,760,0.935240
FKIT,S+X2_M3_r1,empanadilla,761,0.938416
FKIT,S+X2_M3_r1,empanadilla,762,0.936975
FKIT,S+X2_M3_r1,empanadilla,763,0.936154
FKIT,S+X2_M3_r1,empanadilla,764,0.938589
FKIT,S+X2_M3_r1,empanadilla,765,0.940933
FKIT,S+X2_M3_r1,empanadilla,766,0.933647
FKIT,S+X2_M3_r1,empanadilla,767,0.939925
FKIT,S+X2_M3_r1,empanadilla,768,0.926781
FKIT,S+X2_M3_r1,empanadilla,769,0.940061
FKIT,S+X2_M3_r1,empanadilla,770,0.938869
FKIT,S+X2_M3_r1,empanadilla,771,0.938334
FKIT,S+X2_M3_r1,empanadilla,772,0.939646
FKIT,S+X2_M3_r1,empanadilla,773,0.938584
FKIT,S+X2_M3_r1,empanadilla,774,0.941113
FKIT,S+X2_M3_r1,empanadilla,775,0.938779
FKIT,S+X2_M3_r1,empanadilla,776,0.939314
FKIT,S+X2_M3_r1,empanadilla,777,0.942482
FKIT,S+X2_M3_r1,empanadilla,778,0.944220
FKIT,S+X2_M3_r1,empanadilla,779,0.947531
FKIT,S+X2_M3_r1,empanadilla,780,0.937972
FKIT,S+X2_M3_r1,empanadilla,781,0.946928
FKIT,S+X2_M3_r1,empanadilla,782,0.943072
FKIT,S+X2_M3_r1,empanadilla,783,0.947832
FKIT,S+X2_M3_r1,empanadilla,784,0.948098
FKIT,S+X2_M3_r1,empanadilla,785,0.947813
FKIT,S+X2_M3_r1,empanadilla,786,0.942442
FKIT,S+X2_M3_r1,empanadilla,787,0.941606
FKIT,S+X2_M3_r1,empanadilla,788,0.950051
FKIT,S+X2_M3_r1,empanadilla,789,0.950828
FKIT,S+X2_M3_r1,empanadilla,790,0.953478
FKIT,S+X2_M3_r1,empanadilla,791,0.950931
FKIT,S+X2_M3_r1,empanadilla,792,0.951346
FKIT,S+X2_M3_r1,empanadilla,793,0.955646
FKIT,S+X2_M3_r1,empanadilla,794,0.951864
FKIT,S+X2_M3_r1,empanadilla,795,0.952502
FKIT,S+X2_M3_r1,empanadilla,796,0.952941
FKIT,S+X2_M3_r1,empanadilla,797,0.951371
FKIT,S+X2_M3_r1,empanadilla,798,0.953505
FKIT,S+X2_M3_r1,empanadilla,799,0.956622
FKIT,S+X2_M3_r1,empanadilla,800,0.949951
FKIT,S+X2_M3_r1,empanadilla,801,0.958687
FKIT,S+X2_M3_r1,empanadilla,802,0.959645
FKIT,S+X2_M3_r1,empanadilla,803,0.955790
FKIT,S+X2_M3_r1,empanadilla,804,0.963330
FKIT,S+X2_M3_r1,empanadilla,805,0.958679
FKIT,S+X2_M3_r1,empanadilla,806,0.958498
FKIT,S+X2_M3_r1,empanadilla,807,0.956302
FKIT,S+X2_M3_r1,empanadilla,808,0.961342
FKIT,S+X2_M3_r1,empanadilla,809,0.957188
FKIT,S+X2_M3_r1,empanadilla,810,0.958113
FKIT,S+X2_M3_r1,empanadilla,811,0.954240
FKIT,S+X2_M3_r1,empanadilla,812,0.950650
FKIT,S+X2_M3_r1,empanadilla,813,0.952683
FKIT,S+X2_M3_r1,empanadilla,814,0.947555
FKIT,S+X2_M3_r1,empanadilla,815,0.943614
FKIT,S+X2_M3_r1,empanadilla,816,0.944310
FKIT,S+X2_M3_r1,empanadilla,817,0.941573
FKIT,S+X2_M3_r1,empanadilla,818,0.940897
FKIT,S+X2_M3_r1,empanadilla,819,0.942343
FKIT,S+X2_M3_r1,empanadilla,820,0.944677
FKIT,S+X2_M3_r1,empanadilla,821,0.941592
FKIT,S+X2_M3_r1,empanadilla,822,0.936982
FKIT,S+X2_M3_r1,empanadilla,823,0.931296
FKIT,S+X2_M3_r1,empanadilla,824,0.938005
FKIT,S+X2_M3_r1,empanadilla,825,0.937758
FKIT,S+X2_M3_r1,empanadilla,826,0.937058
FKIT,S+X2_M3_r1,empanadilla,827,0.936988
FKIT,S+X2_M3_r1,empanadilla,828,0.938032
FKIT,S+X2_M3_r1,empanadilla,829,0.935497
FKIT,S+X2_M3_r1,empanadilla,830,0.936916
FKIT,S+X2_M3_r1,empanadilla,831,0.935610
FKIT,S+X2_M3_r1,empanadilla,832,0.935722
FKIT,S+X2_M3_r1,empanadilla,833,0.934571
FKIT,S+X2_M3_r1,empanadilla,834,0.938061
FKIT,S+X2_M3_r1,empanadilla,835,0.939838
FKIT,S+X2_M3_r1,empanadilla,836,0.942645
FKIT,S+X2_M3_r1,empanadilla,837,0.943742
FKIT,S+X2_M3_r1,empanadilla,838,0.943530
FKIT,S+X2_M3_r1,empanadilla,839,0.949508
FKIT,S+X2_M3_r1,empanadilla,840,0.949316
FKIT,S+X2_M3_r1,empanadilla,841,0.950498
FKIT,S+X2_M3_r1,empanadilla,842,0.953666
FKIT,S+X2_M3_r1,empanadilla,843,0.952659
FKIT,S+X2_M3_r1,empanadilla,844,0.952507
FKIT,S+X2_M3_r1,empanadilla,845,0.952639
FKIT,S+X2_M3_r1,empanadilla,846,0.951868
FKIT,S+X2_M3_r1,empanadilla,847,0.955485
FKIT,S+X2_M3_r1,empanadilla,848,0.956207
FKIT,S+X2_M3_r1,empanadilla,849,0.957863
FKIT,S+X2_M3_r1,empanadilla,850,0.956743
FKIT,S+X2_M3_r1,empanadilla,851,0.957743
FKIT,S+X2_M3_r1,empanadilla,852,0.958245
FKIT,S+X2_M3_r1,empanadilla,853,0.954778
FKIT,S+X2_M3_r1,empanadilla,854,0.958857
FKIT,S+X2_M3_r1,empanadilla,855,0.956611
FKIT,S+X2_M3_r1,empanadilla,856,0.958209
FKIT,S+X2_M3_r1,empanadilla,857,0.959524
FKIT,S+X2_M3_r1,empanadilla,858,0.961167
FKIT,S+X2_M3_r1,empanadilla,859,0.961774
FKIT,S+X2_M3_r1,empanadilla,860,0.958902
FKIT,S+X2_M3_r1,empanadilla,861,0.962854
FKIT,S+X2_M3_r1,empanadilla,862,0.962273
FKIT,S+X2_M3_r1,empanadilla,863,0.963826
FKIT,S+X2_M3_r1,empanadilla,864,0.963335
FKIT,S+X2_M3_r1,empanadilla,865,0.961762
FKIT,S+X2_M3_r1,empanadilla,866,0.961611
FKIT,S+X2_M3_r1,empanadilla,867,0.959437
FKIT,S+X2_M3_r1,empanadilla,868,0.964618
FKIT,S+X2_M3_r1,empanadilla,869,0.965731
FKIT,S+X2_M3_r1,empanadilla,870,0.963837
FKIT,S+X2_M3_r1,empanadilla,871,0.963694
FKIT,S+X2_M3_r1,empanadilla,872,0.964628
FKIT,S+X2_M3_r1,empanadilla,873,0.966010
FKIT,S+X2_M3_r1,empanadilla,874,0.962066
FKIT,S+X2_M3_r1,empanadilla,875,0.962480
FKIT,S+X2_M3_r1,empanadilla,876,0.962464
FKIT,S+X2_M3_r1,empanadilla,877,0.961593
FKIT,S+X2_M3_r1,empanadilla,878,0.964882
FKIT,S+X2_M3_r1,empanadilla,879,0.963070
FKIT,S+X2_M3_r1,empanadilla,880,0.962720
FKIT,S+X2_M3_r1,empanadilla,881,0.965496
FKIT,S+X2_M3_r1,empanadilla,882,0.964391
FKIT,S+X2_M3_r1,empanadilla,883,0.965999
FKIT,S+X2_M3_r1,empanadilla,884,0.964851
FKIT,S+X2_M3_r1,empanadilla,885,0.960993
FKIT,S+X2_M3_r1,empanadilla,886,0.962617
FKIT,S+X2_M3_r1,empanadilla,887,0.957619
FKIT,S+X2_M3_r1,empanadilla,888,0.959559
FKIT,S+X2_M3_r1,empanadilla,889,0.961717
FKIT,S+X2_M3_r1,empanadilla,890,0.961977
FKIT,S+X2_M3_r1,empanadilla,891,0.958690
FKIT,S+X2_M3_r1,empanadilla,892,0.959798
FKIT,S+X2_M3_r1,empanadilla,893,0.962623
FKIT,S+X2_M3_r1,empanadilla,894,0.965661
FKIT,S+X2_M3_r1,empanadilla,895,0.965281
FKIT,S+X2_M3_r1,empanadilla,896,0.959984
FKIT,S+X2_M3_r1,empanadilla,897,0.963242
FKIT,S+X2_M3_r1,empanadilla,898,0.963626
FKIT,S+X2_M3_r1,empanadilla,899,0.962833
FKIT,S+X2_M3_r1,empanadilla,900,0.965601
FKIT,S+X2_M3_r1,empanadilla,901,0.966985
FKIT,S+X2_M3_r1,empanadilla,902,0.965458
FKIT,S+X2_M3_r1,empanadilla,903,0.966983
FKIT,S+X2_M3_r1,empanadilla,904,0.968623
FKIT,S+X2_M3_r1,empanadilla,905,0.969998
FKIT,S+X2_M3_r1,empanadilla,906,0.972417
FKIT,S+X2_M3_r1,empanadilla,907,0.970348
FKIT,S+X2_M3_r1,empanadilla,908,0.972453
FKIT,S+X2_M3_r1,empanadilla,909,0.972855
FKIT,S+X2_M3_r1,empanadilla,910,0.974660
FKIT,S+X2_M3_r1,empanadilla,911,0.975327
FKIT,S+X2_M3_r1,empanadilla,912,0.976029
FKIT,S+X2_M3_r1,empanadilla,913,0.974811
FKIT,S+X2_M3_r1,empanadilla,914,0.974478
FKIT,S+X2_M3_r1,empanadilla,915,0.974993
FKIT,S+X2_M3_r1,empanadilla,916,0.970614
FKIT,S+X2_M3_r1,empanadilla,917,0.965810
FKIT,S+X2_M3_r1,empanadilla,918,0.968322
FKIT,S+X2_M3_r1,empanadilla,919,0.967198
FKIT,S+X2_M3_r1,empanadilla,920,0.965452
FKIT,S+X2_M3_r1,empanadilla,921,0.965528
FKIT,S+X2_M3_r1,empanadilla,922,0.966732
FKIT,S+X2_M3_r1,empanadilla,923,0.965820
FKIT,S+X2_M3_r1,empanadilla,924,0.961902
FKIT,S+X2_M3_r1,empanadilla,925,0.966480
FKIT,S+X2_M3_r1,falafel,0,0.917390
FKIT,S+X2_M3_r1,falafel,1,0.893920
FKIT,S+X2_M3_r1,falafel,2,0.893510
FKIT,S+X2_M3_r1,falafel,3,0.891693
FKIT,S+X2_M3_r1,falafel,4,0.894235
FKIT,S+X2_M3_r1,falafel,5,0.895104
FKIT,S+X2_M3_r1,falafel,6,0.894040
FKIT,S+X2_M3_r1,falafel,7,0.892916
FKIT,S+X2_M3_r1,falafel,8,0.892821
FKIT,S+X2_M3_r1,falafel,9,0.905169
FKIT,S+X2_M3_r1,falafel,10,0.894824
FKIT,S+X2_M3_r1,falafel,11,0.885351
FKIT,S+X2_M3_r1,falafel,12,0.890826
FKIT,S+X2_M3_r1,falafel,13,0.890696
FKIT,S+X2_M3_r1,falafel,14,0.893442
FKIT,S+X2_M3_r1,falafel,15,0.884650
FKIT,S+X2_M3_r1,falafel,16,0.891073
FKIT,S+X2_M3_r1,falafel,17,0.882717
FKIT,S+X2_M3_r1,falafel,18,0.888509
FKIT,S+X2_M3_r1,falafel,19,0.880714
FKIT,S+X2_M3_r1,falafel,20,0.882316
FKIT,S+X2_M3_r1,falafel,21,0.883595
FKIT,S+X2_M3_r1,falafel,22,0.881116
FKIT,S+X2_M3_r1,falafel,23,0.886337
FKIT,S+X2_M3_r1,falafel,24,0.887730
FKIT,S+X2_M3_r1,falafel,25,0.895896
FKIT,S+X2_M3_r1,falafel,26,0.891366
FKIT,S+X2_M3_r1,falafel,27,0.892282
FKIT,S+X2_M3_r1,falafel,28,0.889757
FKIT,S+X2_M3_r1,falafel,29,0.887544
FKIT,S+X2_M3_r1,falafel,30,0.886585
FKIT,S+X2_M3_r1,falafel,31,0.892212
FKIT,S+X2_M3_r1,falafel,32,0.892053
FKIT,S+X2_M3_r1,falafel,33,0.891715
FKIT,S+X2_M3_r1,falafel,34,0.883411
FKIT,S+X2_M3_r1,falafel,35,0.886600
FKIT,S+X2_M3_r1,falafel,36,0.884658
FKIT,S+X2_M3_r1,falafel,37,0.894046
FKIT,S+X2_M3_r1,falafel,38,0.888320
FKIT,S+X2_M3_r1,falafel,39,0.891458
FKIT,S+X2_M3_r1,falafel,40,0.888958
FKIT,S+X2_M3_r1,falafel,41,0.893766
FKIT,S+X2_M3_r1,falafel,42,0.886556
FKIT,S+X2_M3_r1,falafel,43,0.890452
FKIT,S+X2_M3_r1,falafel,44,0.891096
FKIT,S+X2_M3_r1,falafel,45,0.890272
FKIT,S+X2_M3_r1,falafel,46,0.891629
FKIT,S+X2_M3_r1,falafel,47,0.887950
FKIT,S+X2_M3_r1,falafel,48,0.890056
FKIT,S+X2_M3_r1,falafel,49,0.890457
FKIT,S+X2_M3_r1,falafel,50,0.888429
FKIT,S+X2_M3_r1,falafel,51,0.888516
FKIT,S+X2_M3_r1,falafel,52,0.890535
FKIT,S+X2_M3_r1,falafel,53,0.884224
FKIT,S+X2_M3_r1,falafel,54,0.890971
FKIT,S+X2_M3_r1,falafel,55,0.891201
FKIT,S+X2_M3_r1,falafel,56,0.887248
FKIT,S+X2_M3_r1,falafel,57,0.887161
FKIT,S+X2_M3_r1,falafel,58,0.882442
FKIT,S+X2_M3_r1,falafel,59,0.885045
FKIT,S+X2_M3_r1,falafel,60,0.888154
FKIT,S+X2_M3_r1,falafel,61,0.888964
FKIT,S+X2_M3_r1,falafel,62,0.892622
FKIT,S+X2_M3_r1,falafel,63,0.891351
FKIT,S+X2_M3_r1,falafel,64,0.898147
FKIT,S+X2_M3_r1,falafel,65,0.897696
FKIT,S+X2_M3_r1,falafel,66,0.890884
FKIT,S+X2_M3_r1,falafel,67,0.892466
FKIT,S+X2_M3_r1,falafel,68,0.896548
FKIT,S+X2_M3_r1,falafel,69,0.897933
FKIT,S+X2_M3_r1,falafel,70,0.898219
FKIT,S+X2_M3_r1,falafel,71,0.899281
FKIT,S+X2_M3_r1,falafel,72,0.901502
FKIT,S+X2_M3_r1,falafel,73,0.898792
FKIT,S+X2_M3_r1,falafel,74,0.896456
FKIT,S+X2_M3_r1,falafel,75,0.893930
FKIT,S+X2_M3_r1,falafel,76,0.892831
FKIT,S+X2_M3_r1,falafel,77,0.901358
FKIT,S+X2_M3_r1,falafel,78,0.901590
FKIT,S+X2_M3_r1,falafel,79,0.894862
FKIT,S+X2_M3_r1,falafel,80,0.895111
FKIT,S+X2_M3_r1,falafel,81,0.900350
FKIT,S+X2_M3_r1,falafel,82,0.897594
FKIT,S+X2_M3_r1,falafel,83,0.897726
FKIT,S+X2_M3_r1,falafel,84,0.896607
FKIT,S+X2_M3_r1,falafel,85,0.900410
FKIT,S+X2_M3_r1,falafel,86,0.898019
FKIT,S+X2_M3_r1,falafel,87,0.901373
FKIT,S+X2_M3_r1,falafel,88,0.900544
FKIT,S+X2_M3_r1,falafel,89,0.897870
FKIT,S+X2_M3_r1,falafel,90,0.896759
FKIT,S+X2_M3_r1,falafel,91,0.900059
FKIT,S+X2_M3_r1,falafel,92,0.897704
FKIT,S+X2_M3_r1,falafel,93,0.898440
FKIT,S+X2_M3_r1,falafel,94,0.897354
FKIT,S+X2_M3_r1,falafel,95,0.898580
FKIT,S+X2_M3_r1,falafel,96,0.903837
FKIT,S+X2_M3_r1,falafel,97,0.901441
FKIT,S+X2_M3_r1,falafel,98,0.903691
FKIT,S+X2_M3_r1,falafel,99,0.902488
FKIT,S+X2_M3_r1,falafel,100,0.901586
FKIT,S+X2_M3_r1,falafel,101,0.912888
FKIT,S+X2_M3_r1,falafel,102,0.911969
FKIT,S+X2_M3_r1,falafel,103,0.913447
FKIT,S+X2_M3_r1,falafel,104,0.906467
FKIT,S+X2_M3_r1,falafel,105,0.916107
FKIT,S+X2_M3_r1,falafel,106,0.911404
FKIT,S+X2_M3_r1,falafel,107,0.917355
FKIT,S+X2_M3_r1,falafel,108,0.911943
FKIT,S+X2_M3_r1,falafel,109,0.912360
FKIT,S+X2_M3_r1,falafel,110,0.917452
FKIT,S+X2_M3_r1,falafel,111,0.918538
FKIT,S+X2_M3_r1,falafel,112,0.921636
FKIT,S+X2_M3_r1,falafel,113,0.920496
FKIT,S+X2_M3_r1,falafel,114,0.924553
FKIT,S+X2_M3_r1,falafel,115,0.924875
FKIT,S+X2_M3_r1,falafel,116,0.926471
FKIT,S+X2_M3_r1,falafel,117,0.925665
FKIT,S+X2_M3_r1,falafel,118,0.929964
FKIT,S+X2_M3_r1,falafel,119,0.939079
FKIT,S+X2_M3_r1,falafel,120,0.945932
FKIT,S+X2_M3_r1,falafel,121,0.950269
FKIT,S+X2_M3_r1,falafel,122,0.945864
FKIT,S+X2_M3_r1,falafel,123,0.958280
FKIT,S+X2_M3_r1,falafel,124,0.958182
FKIT,S+X2_M3_r1,falafel,125,0.900245
FKIT,S+X2_M3_r1,falafel,126,0.908053
FKIT,S+X2_M3_r1,falafel,127,0.951300
FKIT,S+X2_M3_r1,falafel,128,0.910237
FKIT,S+X2_M3_r1,falafel,129,0.946442
FKIT,S+X2_M3_r1,falafel,130,0.956325
FKIT,S+X2_M3_r1,falafel,131,0.792830
FKIT,S+X2_M3_r1,falafel,132,0.705065
FKIT,S+X2_M3_r1,falafel,133,0.742525
FKIT,S+X2_M3_r1,falafel,134,0.876854
FKIT,S+X2_M3_r1,falafel,135,0.850895
FKIT,S+X2_M3_r1,falafel,136,0.625991
FKIT,S+X2_M3_r1,falafel,137,0.020922
FKIT,S+X2_M3_r1,falafel,138,0.891509
FKIT,S+X2_M3_r1,falafel,139,0.960501
FKIT,S+X2_M3_r1,falafel,140,0.811634
FKIT,S+X2_M3_r1,falafel,141,0.943077
FKIT,S+X2_M3_r1,falafel,142,0.897246
FKIT,S+X2_M3_r1,falafel,143,0.840253
FKIT,S+X2_M3_r1,falafel,144,0.868022
FKIT,S+X2_M3_r1,falafel,145,0.956987
FKIT,S+X2_M3_r1,falafel,146,0.958670
FKIT,S+X2_M3_r1,falafel,147,0.951628
FKIT,S+X2_M3_r1,falafel,148,0.950190
FKIT,S+X2_M3_r1,falafel,149,0.962472
FKIT,S+X2_M3_r1,falafel,150,0.959780
FKIT,S+X2_M3_r1,falafel,151,0.947170
FKIT,S+X2_M3_r1,falafel,152,0.953824
FKIT,S+X2_M3_r1,falafel,153,0.953719
FKIT,S+X2_M3_r1,falafel,154,0.950903
FKIT,S+X2_M3_r1,falafel,155,0.958479
FKIT,S+X2_M3_r1,falafel,156,0.949973
FKIT,S+X2_M3_r1,falafel,157,0.863019
FKIT,S+X2_M3_r1,falafel,158,0.929035
FKIT,S+X2_M3_r1,falafel,159,0.852792
FKIT,S+X2_M3_r1,falafel,160,0.909246
FKIT,S+X2_M3_r1,falafel,161,0.938030
FKIT,S+X2_M3_r1,falafel,162,0.952579
FKIT,S+X2_M3_r1,falafel,163,0.943927
FKIT,S+X2_M3_r1,falafel,164,0.923215
FKIT,S+X2_M3_r1,falafel,165,0.873898
FKIT,S+X2_M3_r1,falafel,166,0.957201
FKIT,S+X2_M3_r1,falafel,167,0.970232
FKIT,S+X2_M3_r1,falafel,168,0.957735
FKIT,S+X2_M3_r1,falafel,169,0.951865
FKIT,S+X2_M3_r1,falafel,170,0.952080
FKIT,S+X2_M3_r1,falafel,171,0.965600
FKIT,S+X2_M3_r1,falafel,172,0.974141
FKIT,S+X2_M3_r1,falafel,173,0.971165
FKIT,S+X2_M3_r1,falafel,174,0.958145
FKIT,S+X2_M3_r1,falafel,175,0.958642
FKIT,S+X2_M3_r1,falafel,176,0.967091
FKIT,S+X2_M3_r1,falafel,177,0.940061
FKIT,S+X2_M3_r1,falafel,178,0.943212
FKIT,S+X2_M3_r1,falafel,179,0.937619
FKIT,S+X2_M3_r1,falafel,180,0.947591
FKIT,S+X2_M3_r1,falafel,181,0.949392
FKIT,S+X2_M3_r1,falafel,182,0.947551
FKIT,S+X2_M3_r1,falafel,183,0.940586
FKIT,S+X2_M3_r1,falafel,184,0.944087
FKIT,S+X2_M3_r1,falafel,185,0.937452
FKIT,S+X2_M3_r1,falafel,186,0.949495
FKIT,S+X2_M3_r1,falafel,187,0.935757
FKIT,S+X2_M3_r1,falafel,188,0.928241
FKIT,S+X2_M3_r1,falafel,189,0.928934
FKIT,S+X2_M3_r1,falafel,190,0.940859
FKIT,S+X2_M3_r1,falafel,191,0.930684
FKIT,S+X2_M3_r1,falafel,192,0.924634
FKIT,S+X2_M3_r1,falafel,193,0.939626
FKIT,S+X2_M3_r1,falafel,194,0.931575
FKIT,S+X2_M3_r1,falafel,195,0.928410
FKIT,S+X2_M3_r1,falafel,196,0.924585
FKIT,S+X2_M3_r1,falafel,197,0.929640
FKIT,S+X2_M3_r1,falafel,198,0.925162
FKIT,S+X2_M3_r1,falafel,199,0.928255
FKIT,S+X2_M3_r1,falafel,200,0.927578
FKIT,S+X2_M3_r1,falafel,201,0.926169
FKIT,S+X2_M3_r1,falafel,202,0.925004
FKIT,S+X2_M3_r1,falafel,203,0.927289
FKIT,S+X2_M3_r1,falafel,204,0.927075
FKIT,S+X2_M3_r1,falafel,205,0.927106
FKIT,S+X2_M3_r1,falafel,206,0.922016
FKIT,S+X2_M3_r1,falafel,207,0.908427
FKIT,S+X2_M3_r1,falafel,208,0.892635
FKIT,S+X2_M3_r1,falafel,209,0.894232
FKIT,S+X2_M3_r1,falafel,210,0.887764
FKIT,S+X2_M3_r1,falafel,211,0.896833
FKIT,S+X2_M3_r1,falafel,212,0.890862
FKIT,S+X2_M3_r1,falafel,213,0.894761
FKIT,S+X2_M3_r1,falafel,214,0.895509
FKIT,S+X2_M3_r1,falafel,215,0.887092
FKIT,S+X2_M3_r1,falafel,216,0.890089
FKIT,S+X2_M3_r1,falafel,217,0.880643
FKIT,S+X2_M3_r1,falafel,218,0.880099
FKIT,S+X2_M3_r1,falafel,219,0.888469
FKIT,S+X2_M3_r1,falafel,220,0.883754
FKIT,S+X2_M3_r1,falafel,221,0.882899
FKIT,S+X2_M3_r1,falafel,222,0.874257
FKIT,S+X2_M3_r1,falafel,223,0.885645
FKIT,S+X2_M3_r1,falafel,224,0.884572
FKIT,S+X2_M3_r1,falafel,225,0.884808
FKIT,S+X2_M3_r1,falafel,226,0.878056
FKIT,S+X2_M3_r1,falafel,227,0.878205
FKIT,S+X2_M3_r1,falafel,228,0.873774
FKIT,S+X2_M3_r1,falafel,229,0.869408
FKIT,S+X2_M3_r1,falafel,230,0.877168
FKIT,S+X2_M3_r1,falafel,231,0.870430
FKIT,S+X2_M3_r1,falafel,232,0.872078
FKIT,S+X2_M3_r1,falafel,233,0.877589
FKIT,S+X2_M3_r1,falafel,234,0.880942
FKIT,S+X2_M3_r1,falafel,235,0.882106
FKIT,S+X2_M3_r1,falafel,236,0.875689
FKIT,S+X2_M3_r1,falafel,237,0.872182
FKIT,S+X2_M3_r1,falafel,238,0.865802
FKIT,S+X2_M3_r1,falafel,239,0.861333
FKIT,S+X2_M3_r1,falafel,240,0.867691
FKIT,S+X2_M3_r1,falafel,241,0.869167
FKIT,S+X2_M3_r1,falafel,242,0.873849
FKIT,S+X2_M3_r1,falafel,243,0.883434
FKIT,S+X2_M3_r1,falafel,244,0.884441
FKIT,S+X2_M3_r1,falafel,245,0.888077
FKIT,S+X2_M3_r1,falafel,246,0.890529
FKIT,S+X2_M3_r1,falafel,247,0.888661
FKIT,S+X2_M3_r1,falafel,248,0.885964
FKIT,S+X2_M3_r1,falafel,249,0.891787
FKIT,S+X2_M3_r1,falafel,250,0.879678
FKIT,S+X2_M3_r1,falafel,251,0.900922
FKIT,S+X2_M3_r1,falafel,252,0.894203
FKIT,S+X2_M3_r1,falafel,253,0.892852
FKIT,S+X2_M3_r1,falafel,254,0.891564
FKIT,S+X2_M3_r1,falafel,255,0.894076
FKIT,S+X2_M3_r1,falafel,256,0.903545
FKIT,S+X2_M3_r1,falafel,257,0.904179
FKIT,S+X2_M3_r1,falafel,258,0.887349
FKIT,S+X2_M3_r1,falafel,259,0.890320
FKIT,S+X2_M3_r1,falafel,260,0.881980
FKIT,S+X2_M3_r1,falafel,261,0.885387
FKIT,S+X2_M3_r1,falafel,262,0.891684
FKIT,S+X2_M3_r1,falafel,263,0.885269
FKIT,S+X2_M3_r1,falafel,264,0.883627
FKIT,S+X2_M3_r1,falafel,265,0.880966
FKIT,S+X2_M3_r1,falafel,266,0.887840
FKIT,S+X2_M3_r1,falafel,267,0.895399
FKIT,S+X2_M3_r1,falafel,268,0.896776
FKIT,S+X2_M3_r1,falafel,269,0.897616
FKIT,S+X2_M3_r1,falafel,270,0.886792
FKIT,S+X2_M3_r1,falafel,271,0.889203
FKIT,S+X2_M3_r1,falafel,272,0.890457
FKIT,S+X2_M3_r1,falafel,273,0.875789
FKIT,S+X2_M3_r1,falafel,274,0.880585
FKIT,S+X2_M3_r1,falafel,275,0.877871
FKIT,S+X2_M3_r1,falafel,276,0.886903
FKIT,S+X2_M3_r1,falafel,277,0.871942
FKIT,S+X2_M3_r1,falafel,278,0.882095
FKIT,S+X2_M3_r1,falafel,279,0.885451
FKIT,S+X2_M3_r1,falafel,280,0.895067
FKIT,S+X2_M3_r1,falafel,281,0.888086
FKIT,S+X2_M3_r1,falafel,282,0.884295
FKIT,S+X2_M3_r1,falafel,283,0.886323
FKIT,S+X2_M3_r1,falafel,284,0.886302
FKIT,S+X2_M3_r1,falafel,285,0.885854
FKIT,S+X2_M3_r1,falafel,286,0.879459
FKIT,S+X2_M3_r1,falafel,287,0.885663
FKIT,S+X2_M3_r1,falafel,288,0.893506
FKIT,S+X2_M3_r1,falafel,289,0.889189
FKIT,S+X2_M3_r1,falafel,290,0.889490
FKIT,S+X2_M3_r1,falafel,291,0.882175
FKIT,S+X2_M3_r1,falafel,292,0.883754
FKIT,S+X2_M3_r1,falafel,293,0.889203
FKIT,S+X2_M3_r1,falafel,294,0.893310
FKIT,S+X2_M3_r1,falafel,295,0.890739
FKIT,S+X2_M3_r1,falafel,296,0.893805
FKIT,S+X2_M3_r1,falafel,297,0.890998
FKIT,S+X2_M3_r1,falafel,298,0.893046
FKIT,S+X2_M3_r1,falafel,299,0.893143
FKIT,S+X2_M3_r1,falafel,300,0.892450
FKIT,S+X2_M3_r1,falafel,301,0.888651
FKIT,S+X2_M3_r1,falafel,302,0.894737
FKIT,S+X2_M3_r1,falafel,303,0.891594
FKIT,S+X2_M3_r1,falafel,304,0.896245
FKIT,S+X2_M3_r1,falafel,305,0.893536
FKIT,S+X2_M3_r1,falafel,306,0.889496
FKIT,S+X2_M3_r1,falafel,307,0.887747
FKIT,S+X2_M3_r1,falafel,308,0.895814
FKIT,S+X2_M3_r1,falafel,309,0.896744
FKIT,S+X2_M3_r1,falafel,310,0.896515
FKIT,S+X2_M3_r1,falafel,311,0.897224
FKIT,S+X2_M3_r1,falafel,312,0.898193
FKIT,S+X2_M3_r1,falafel,313,0.897135
FKIT,S+X2_M3_r1,falafel,314,0.894395
FKIT,S+X2_M3_r1,falafel,315,0.886831
FKIT,S+X2_M3_r1,falafel,316,0.891167
FKIT,S+X2_M3_r1,falafel,317,0.887655
FKIT,S+X2_M3_r1,falafel,318,0.889549
FKIT,S+X2_M3_r1,falafel,319,0.897959
FKIT,S+X2_M3_r1,falafel,320,0.897351
FKIT,S+X2_M3_r1,falafel,321,0.895633
FKIT,S+X2_M3_r1,falafel,322,0.895679
FKIT,S+X2_M3_r1,falafel,323,0.899269
FKIT,S+X2_M3_r1,falafel,324,0.899551
FKIT,S+X2_M3_r1,falafel,325,0.899463
FKIT,S+X2_M3_r1,falafel,326,0.895840
FKIT,S+X2_M3_r1,falafel,327,0.897090
FKIT,S+X2_M3_r1,falafel,328,0.905218
FKIT,S+X2_M3_r1,falafel,329,0.898827
FKIT,S+X2_M3_r1,falafel,330,0.896156
FKIT,S+X2_M3_r1,falafel,331,0.903929
FKIT,S+X2_M3_r1,falafel,332,0.901822
FKIT,S+X2_M3_r1,falafel,333,0.905747
FKIT,S+X2_M3_r1,falafel,334,0.905176
FKIT,S+X2_M3_r1,falafel,335,0.903208
FKIT,S+X2_M3_r1,falafel,336,0.910904
FKIT,S+X2_M3_r1,falafel,337,0.904535
FKIT,S+X2_M3_r1,falafel,338,0.908746
FKIT,S+X2_M3_r1,falafel,339,0.908810
FKIT,S+X2_M3_r1,falafel,340,0.901032
FKIT,S+X2_M3_r1,falafel,341,0.906529
FKIT,S+X2_M3_r1,falafel,342,0.909040
FKIT,S+X2_M3_r1,falafel,343,0.905111
FKIT,S+X2_M3_r1,falafel,344,0.909907
FKIT,S+X2_M3_r1,falafel,345,0.906433
FKIT,S+X2_M3_r1,falafel,346,0.907129
FKIT,S+X2_M3_r1,falafel,347,0.905292
FKIT,S+X2_M3_r1,falafel,348,0.906042
FKIT,S+X2_M3_r1,falafel,349,0.909106
FKIT,S+X2_M3_r1,falafel,350,0.904383
FKIT,S+X2_M3_r1,falafel,351,0.905213
FKIT,S+X2_M3_r1,falafel,352,0.900604
FKIT,S+X2_M3_r1,falafel,353,0.903417
FKIT,S+X2_M3_r1,falafel,354,0.900967
FKIT,S+X2_M3_r1,falafel,355,0.909315
FKIT,S+X2_M3_r1,falafel,356,0.906409
FKIT,S+X2_M3_r1,falafel,357,0.902803
FKIT,S+X2_M3_r1,falafel,358,0.901221
FKIT,S+X2_M3_r1,falafel,359,0.901113
FKIT,S+X2_M3_r1,falafel,360,0.901973
FKIT,S+X2_M3_r1,falafel,361,0.904239
FKIT,S+X2_M3_r1,falafel,362,0.901527
FKIT,S+X2_M3_r1,falafel,363,0.896917
FKIT,S+X2_M3_r1,falafel,364,0.900770
FKIT,S+X2_M3_r1,falafel,365,0.901513
FKIT,S+X2_M3_r1,falafel,366,0.901804
FKIT,S+X2_M3_r1,falafel,367,0.894820
FKIT,S+X2_M3_r1,falafel,368,0.900613
FKIT,S+X2_M3_r1,falafel,369,0.898476
FKIT,S+X2_M3_r1,falafel,370,0.895935
FKIT,S+X2_M3_r1,falafel,371,0.902563
FKIT,S+X2_M3_r1,falafel,372,0.902511
FKIT,S+X2_M3_r1,falafel,373,0.891756
FKIT,S+X2_M3_r1,falafel,374,0.912430
FKIT,S+X2_M3_r1,falafel,375,0.899483
FKIT,S+X2_M3_r1,falafel,376,0.896842
FKIT,S+X2_M3_r1,falafel,377,0.895910
FKIT,S+X2_M3_r1,falafel,378,0.902387
FKIT,S+X2_M3_r1,falafel,379,0.900187
FKIT,S+X2_M3_r1,falafel,380,0.885684
FKIT,S+X2_M3_r1,falafel,381,0.879619
FKIT,S+X2_M3_r1,falafel,382,0.896352
FKIT,S+X2_M3_r1,falafel,383,0.896002
FKIT,S+X2_M3_r1,falafel,384,0.888036
FKIT,S+X2_M3_r1,falafel,385,0.888012
FKIT,S+X2_M3_r1,falafel,386,0.890320
FKIT,S+X2_M3_r1,falafel,387,0.880182
FKIT,S+X2_M3_r1,falafel,388,0.879829
FKIT,S+X2_M3_r1,falafel,389,0.888940
FKIT,S+X2_M3_r1,falafel,390,0.896009
FKIT,S+X2_M3_r1,falafel,391,0.893547
FKIT,S+X2_M3_r1,falafel,392,0.878344
FKIT,S+X2_M3_r1,falafel,393,0.884837
FKIT,S+X2_M3_r1,falafel,394,0.875887
FKIT,S+X2_M3_r1,falafel,395,0.871603
FKIT,S+X2_M3_r1,falafel,396,0.865327
FKIT,S+X2_M3_r1,falafel,397,0.872511
FKIT,S+X2_M3_r1,falafel,398,0.872651
FKIT,S+X2_M3_r1,falafel,399,0.874741
FKIT,S+X2_M3_r1,falafel,400,0.885482
FKIT,S+X2_M3_r1,falafel,401,0.881114
FKIT,S+X2_M3_r1,falafel,402,0.884162
FKIT,S+X2_M3_r1,falafel,403,0.878054
FKIT,S+X2_M3_r1,falafel,404,0.879907
FKIT,S+X2_M3_r1,falafel,405,0.877385
FKIT,S+X2_M3_r1,falafel,406,0.875000
FKIT,S+X2_M3_r1,falafel,407,0.882297
FKIT,S+X2_M3_r1,falafel,408,0.876949
FKIT,S+X2_M3_r1,falafel,409,0.882735
FKIT,S+X2_M3_r1,falafel,410,0.888604
FKIT,S+X2_M3_r1,falafel,411,0.886913
FKIT,S+X2_M3_r1,falafel,412,0.887558
FKIT,S+X2_M3_r1,falafel,413,0.815520
FKIT,S+X2_M3_r1,falafel,414,0.874009
FKIT,S+X2_M3_r1,falafel,415,0.891408
FKIT,S+X2_M3_r1,falafel,416,0.893022
FKIT,S+X2_M3_r1,falafel,417,0.872743
FKIT,S+X2_M3_r1,falafel,418,0.861499
FKIT,S+X2_M3_r1,falafel,419,0.888732
FKIT,S+X2_M3_r1,falafel,420,0.886595
FKIT,S+X2_M3_r1,falafel,421,0.895374
FKIT,S+X2_M3_r1,falafel,422,0.879823
FKIT,S+X2_M3_r1,falafel,423,0.883996
FKIT,S+X2_M3_r1,falafel,424,0.896062
FKIT,S+X2_M3_r1,falafel,425,0.881934
FKIT,S+X2_M3_r1,falafel,426,0.883676
FKIT,S+X2_M3_r1,falafel,427,0.888598
FKIT,S+X2_M3_r1,falafel,428,0.894762
FKIT,S+X2_M3_r1,falafel,429,0.893290
FKIT,S+X2_M3_r1,falafel,430,0.897079
FKIT,S+X2_M3_r1,falafel,431,0.901867
FKIT,S+X2_M3_r1,falafel,432,0.893727
FKIT,S+X2_M3_r1,falafel,433,0.901446
FKIT,S+X2_M3_r1,falafel,434,0.898770
FKIT,S+X2_M3_r1,falafel,435,0.894578
FKIT,S+X2_M3_r1,falafel,436,0.898352
FKIT,S+X2_M3_r1,falafel,437,0.899531
FKIT,S+X2_M3_r1,falafel,438,0.894904
FKIT,S+X2_M3_r1,falafel,439,0.904487
FKIT,S+X2_M3_r1,falafel,440,0.898261
FKIT,S+X2_M3_r1,falafel,441,0.908426
FKIT,S+X2_M3_r1,falafel,442,0.890103
FKIT,S+X2_M3_r1,falafel,443,0.897912
FKIT,S+X2_M3_r1,falafel,444,0.900895
FKIT,S+X2_M3_r1,falafel,445,0.886532
FKIT,S+X2_M3_r1,falafel,446,0.902828
FKIT,S+X2_M3_r1,falafel,447,0.906445
FKIT,S+X2_M3_r1,falafel,448,0.898148
FKIT,S+X2_M3_r1,falafel,449,0.894811
FKIT,S+X2_M3_r1,falafel,450,0.892676
FKIT,S+X2_M3_r1,falafel,451,0.893795
FKIT,S+X2_M3_r1,falafel,452,0.879902
FKIT,S+X2_M3_r1,falafel,453,0.874420
FKIT,S+X2_M3_r1,falafel,454,0.887093
FKIT,S+X2_M3_r1,falafel,455,0.889969
FKIT,S+X2_M3_r1,falafel,456,0.883618
FKIT,S+X2_M3_r1,falafel,457,0.879242
FKIT,S+X2_M3_r1,falafel,458,0.875787
FKIT,S+X2_M3_r1,falafel,459,0.861601
FKIT,S+X2_M3_r1,falafel,460,0.863912
FKIT,S+X2_M3_r1,falafel,461,0.870068
FKIT,S+X2_M3_r1,falafel,462,0.864613
FKIT,S+X2_M3_r1,falafel,463,0.839791
FKIT,S+X2_M3_r1,falafel,464,0.856551
FKIT,S+X2_M3_r1,falafel,465,0.850519
FKIT,S+X2_M3_r1,falafel,466,0.846511
FKIT,S+X2_M3_r1,falafel,467,0.846293
FKIT,S+X2_M3_r1,falafel,468,0.858185
FKIT,S+X2_M3_r1,falafel,469,0.853731
FKIT,S+X2_M3_r1,falafel,470,0.848321
FKIT,S+X2_M3_r1,falafel,471,0.842140
FKIT,S+X2_M3_r1,falafel,472,0.828098
FKIT,S+X2_M3_r1,falafel,473,0.831694
FKIT,S+X2_M3_r1,falafel,474,0.818357
FKIT,S+X2_M3_r1,falafel,475,0.824603
FKIT,S+X2_M3_r1,falafel,476,0.827727
FKIT,S+X2_M3_r1,falafel,477,0.831451
FKIT,S+X2_M3_r1,falafel,478,0.819696
FKIT,S+X2_M3_r1,falafel,479,0.825541
FKIT,S+X2_M3_r1,falafel,480,0.820435
FKIT,S+X2_M3_r1,falafel,481,0.820539
FKIT,S+X2_M3_r1,falafel,482,0.813718
FKIT,S+X2_M3_r1,falafel,483,0.818822
FKIT,S+X2_M3_r1,falafel,484,0.810030
FKIT,S+X2_M3_r1,falafel,485,0.804612
FKIT,S+X2_M3_r1,falafel,486,0.808172
FKIT,S+X2_M3_r1,falafel,487,0.809484
FKIT,S+X2_M3_r1,falafel,488,0.826368
FKIT,S+X2_M3_r1,falafel,489,0.815328
FKIT,S+X2_M3_r1,falafel,490,0.811544
FKIT,S+X2_M3_r1,falafel,491,0.818637
FKIT,S+X2_M3_r1,falafel,492,0.821467
FKIT,S+X2_M3_r1,falafel,493,0.823326
FKIT,S+X2_M3_r1,falafel,494,0.824866
FKIT,S+X2_M3_r1,falafel,495,0.816327
FKIT,S+X2_M3_r1,falafel,496,0.822284
FKIT,S+X2_M3_r1,falafel,497,0.796150
FKIT,S+X2_M3_r1,falafel,498,0.815232
FKIT,S+X2_M3_r1,falafel,499,0.819900
FKIT,S+X2_M3_r1,falafel,500,0.822097
FKIT,S+X2_M3_r1,falafel,501,0.821105
FKIT,S+X2_M3_r1,falafel,502,0.815067
FKIT,S+X2_M3_r1,falafel,503,0.814261
FKIT,S+X2_M3_r1,falafel,504,0.827519
FKIT,S+X2_M3_r1,falafel,505,0.828220
FKIT,S+X2_M3_r1,falafel,506,0.825300
FKIT,S+X2_M3_r1,falafel,507,0.829029
FKIT,S+X2_M3_r1,falafel,508,0.821025
FKIT,S+X2_M3_r1,falafel,509,0.817814
FKIT,S+X2_M3_r1,falafel,510,0.818059
FKIT,S+X2_M3_r1,falafel,511,0.814012
FKIT,S+X2_M3_r1,falafel,512,0.827246
FKIT,S+X2_M3_r1,falafel,513,0.825353
FKIT,S+X2_M3_r1,falafel,514,0.820634
FKIT,S+X2_M3_r1,falafel,515,0.821564
FKIT,S+X2_M3_r1,falafel,516,0.829029
FKIT,S+X2_M3_r1,falafel,517,0.823945
FKIT,S+X2_M3_r1,falafel,518,0.825421
FKIT,S+X2_M3_r1,falafel,519,0.837051
FKIT,S+X2_M3_r1,falafel,520,0.817758
FKIT,S+X2_M3_r1,falafel,521,0.820962
FKIT,S+X2_M3_r1,falafel,522,0.830562
FKIT,S+X2_M3_r1,falafel,523,0.834026
FKIT,S+X2_M3_r1,falafel,524,0.829394
FKIT,S+X2_M3_r1,falafel,525,0.838742
FKIT,S+X2_M3_r1,falafel,526,0.836213
FKIT,S+X2_M3_r1,falafel,527,0.842788
FKIT,S+X2_M3_r1,falafel,528,0.830979
FKIT,S+X2_M3_r1,falafel,529,0.810662
FKIT,S+X2_M3_r1,falafel,530,0.822222
FKIT,S+X2_M3_r1,falafel,531,0.823034
FKIT,S+X2_M3_r1,falafel,532,0.819373
FKIT,S+X2_M3_r1,falafel,533,0.821942
FKIT,S+X2_M3_r1,falafel,534,0.804943
FKIT,S+X2_M3_r1,falafel,535,0.807579
FKIT,S+X2_M3_r1,falafel,536,0.809750
FKIT,S+X2_M3_r1,falafel,537,0.810059
FKIT,S+X2_M3_r1,falafel,538,0.798715
FKIT,S+X2_M3_r1,falafel,539,0.803250
FKIT,S+X2_M3_r1,falafel,540,0.801207
FKIT,S+X2_M3_r1,falafel,541,0.799816
FKIT,S+X2_M3_r1,falafel,542,0.804215
FKIT,S+X2_M3_r1,falafel,543,0.805733
FKIT,S+X2_M3_r1,falafel,544,0.801272
FKIT,S+X2_M3_r1,falafel,545,0.804017
FKIT,S+X2_M3_r1,falafel,546,0.809745
FKIT,S+X2_M3_r1,falafel,547,0.808985
FKIT,S+X2_M3_r1,falafel,548,0.811026
FKIT,S+X2_M3_r1,falafel,549,0.817845
FKIT,S+X2_M3_r1,falafel,550,0.822333
FKIT,S+X2_M3_r1,falafel,551,0.804590
FKIT,S+X2_M3_r1,falafel,552,0.812721
FKIT,S+X2_M3_r1,falafel,553,0.807680
FKIT,S+X2_M3_r1,falafel,554,0.819444
FKIT,S+X2_M3_r1,falafel,555,0.819694
FKIT,S+X2_M3_r1,falafel,556,0.828025
FKIT,S+X2_M3_r1,falafel,557,0.824632
FKIT,S+X2_M3_r1,falafel,558,0.833222
FKIT,S+X2_M3_r1,falafel,559,0.830972
FKIT,S+X2_M3_r1,falafel,560,0.826817
FKIT,S+X2_M3_r1,falafel,561,0.820809
FKIT,S+X2_M3_r1,falafel,562,0.829754
FKIT,S+X2_M3_r1,falafel,563,0.820717
FKIT,S+X2_M3_r1,falafel,564,0.816345
FKIT,S+X2_M3_r1,falafel,565,0.833184
FKIT,S+X2_M3_r1,falafel,566,0.851754
FKIT,S+X2_M3_r1,falafel,567,0.845952
FKIT,S+X2_M3_r1,falafel,568,0.848065
FKIT,S+X2_M3_r1,falafel,569,0.853790
FKIT,S+X2_M3_r1,falafel,570,0.838828
FKIT,S+X2_M3_r1,falafel,571,0.844655
FKIT,S+X2_M3_r1,falafel,572,0.833606
FKIT,S+X2_M3_r1,falafel,573,0.841270
FKIT,S+X2_M3_r1,falafel,574,0.846282
FKIT,S+X2_M3_r1,falafel,575,0.835060
FKIT,S+X2_M3_r1,falafel,576,0.826835
FKIT,S+X2_M3_r1,falafel,577,0.822666
FKIT,S+X2_M3_r1,falafel,578,0.854015
FKIT,S+X2_M3_r1,falafel,579,0.846700
FKIT,S+X2_M3_r1,falafel,580,0.836202
FKIT,S+X2_M3_r1,falafel,581,0.832571
FKIT,S+X2_M3_r1,falafel,582,0.833385
FKIT,S+X2_M3_r1,falafel,583,0.823566
FKIT,S+X2_M3_r1,falafel,584,0.839165
FKIT,S+X2_M3_r1,falafel,585,0.830281
FKIT,S+X2_M3_r1,falafel,586,0.842168
FKIT,S+X2_M3_r1,falafel,587,0.827515
FKIT,S+X2_M3_r1,falafel,588,0.832985
FKIT,S+X2_M3_r1,falafel,589,0.844020
FKIT,S+X2_M3_r1,falafel,590,0.845738
FKIT,S+X2_M3_r1,falafel,591,0.837726
FKIT,S+X2_M3_r1,falafel,592,0.837493
FKIT,S+X2_M3_r1,falafel,593,0.841691
FKIT,S+X2_M3_r1,falafel,594,0.849331
FKIT,S+X2_M3_r1,falafel,595,0.844558
FKIT,S+X2_M3_r1,falafel,596,0.844034
FKIT,S+X2_M3_r1,falafel,597,0.835582
FKIT,S+X2_M3_r1,falafel,598,0.843013
FKIT,S+X2_M3_r1,falafel,599,0.848915
FKIT,S+X2_M3_r1,falafel,600,0.835752
FKIT,S+X2_M3_r1,falafel,601,0.846086
FKIT,S+X2_M3_r1,falafel,602,0.842853
FKIT,S+X2_M3_r1,falafel,603,0.841935
FKIT,S+X2_M3_r1,falafel,604,0.841858
FKIT,S+X2_M3_r1,falafel,605,0.849012
FKIT,S+X2_M3_r1,falafel,606,0.831649
FKIT,S+X2_M3_r1,falafel,607,0.838527
FKIT,S+X2_M3_r1,falafel,608,0.846262
FKIT,S+X2_M3_r1,falafel,609,0.854925
FKIT,S+X2_M3_r1,falafel,610,0.844698
FKIT,S+X2_M3_r1,falafel,611,0.827320
FKIT,S+X2_M3_r1,falafel,612,0.841744
FKIT,S+X2_M3_r1,falafel,613,0.840735
FKIT,S+X2_M3_r1,falafel,614,0.837765
FKIT,S+X2_M3_r1,falafel,615,0.838379
FKIT,S+X2_M3_r1,falafel,616,0.837112
FKIT,S+X2_M3_r1,falafel,617,0.828931
FKIT,S+X2_M3_r1,falafel,618,0.830496
FKIT,S+X2_M3_r1,falafel,619,0.830171
FKIT,S+X2_M3_r1,falafel,620,0.836671
FKIT,S+X2_M3_r1,falafel,621,0.812875
FKIT,S+X2_M3_r1,falafel,622,0.816694
FKIT,S+X2_M3_r1,falafel,623,0.812775
FKIT,S+X2_M3_r1,falafel,624,0.814024
FKIT,S+X2_M3_r1,falafel,625,0.802537
FKIT,S+X2_M3_r1,falafel,626,0.799216
FKIT,S+X2_M3_r1,falafel,627,0.803738
FKIT,S+X2_M3_r1,falafel,628,0.798701
FKIT,S+X2_M3_r1,falafel,629,0.806510
FKIT,S+X2_M3_r1,falafel,630,0.798007
FKIT,S+X2_M3_r1,falafel,631,0.799957
FKIT,S+X2_M3_r1,falafel,632,0.799452
FKIT,S+X2_M3_r1,falafel,633,0.791580
FKIT,S+X2_M3_r1,falafel,634,0.789815
FKIT,S+X2_M3_r1,falafel,635,0.782369
FKIT,S+X2_M3_r1,falafel,636,0.796866
FKIT,S+X2_M3_r1,falafel,637,0.795359
FKIT,S+X2_M3_r1,falafel,638,0.798904
FKIT,S+X2_M3_r1,falafel,639,0.791514
FKIT,S+X2_M3_r1,falafel,640,0.792466
FKIT,S+X2_M3_r1,falafel,641,0.796366
FKIT,S+X2_M3_r1,falafel,642,0.791494
FKIT,S+X2_M3_r1,falafel,643,0.793858
FKIT,S+X2_M3_r1,falafel,644,0.805937
FKIT,S+X2_M3_r1,falafel,645,0.790947
FKIT,S+X2_M3_r1,falafel,646,0.793810
FKIT,S+X2_M3_r1,falafel,647,0.803046
FKIT,S+X2_M3_r1,falafel,648,0.797602
FKIT,S+X2_M3_r1,falafel,649,0.805095
FKIT,S+X2_M3_r1,falafel,650,0.802489
FKIT,S+X2_M3_r1,falafel,651,0.795367
FKIT,S+X2_M3_r1,falafel,652,0.803747
FKIT,S+X2_M3_r1,falafel,653,0.768387
FKIT,S+X2_M3_r1,falafel,654,0.810889
FKIT,S+X2_M3_r1,falafel,655,0.810881
FKIT,S+X2_M3_r1,falafel,656,0.800754
FKIT,S+X2_M3_r1,falafel,657,0.812966
FKIT,S+X2_M3_r1,falafel,658,0.804280
FKIT,S+X2_M3_r1,falafel,659,0.807624
FKIT,S+X2_M3_r1,falafel,660,0.799517
FKIT,S+X2_M3_r1,falafel,661,0.803583
FKIT,S+X2_M3_r1,falafel,662,0.810541
FKIT,S+X2_M3_r1,falafel,663,0.810653
FKIT,S+X2_M3_r1,falafel,664,0.812890
FKIT,S+X2_M3_r1,falafel,665,0.811907
FKIT,S+X2_M3_r1,falafel,666,0.808773
FKIT,S+X2_M3_r1,falafel,667,0.811067
FKIT,S+X2_M3_r1,falafel,668,0.809757
FKIT,S+X2_M3_r1,falafel,669,0.810986
FKIT,S+X2_M3_r1,falafel,670,0.806665
FKIT,S+X2_M3_r1,falafel,671,0.807289
FKIT,S+X2_M3_r1,falafel,672,0.808546
FKIT,S+X2_M3_r1,falafel,673,0.810157
FKIT,S+X2_M3_r1,falafel,674,0.814619
FKIT,S+X2_M3_r1,falafel,675,0.816416
FKIT,S+X2_M3_r1,falafel,676,0.823871
FKIT,S+X2_M3_r1,falafel,677,0.822640
FKIT,S+X2_M3_r1,falafel,678,0.832729
FKIT,S+X2_M3_r1,falafel,679,0.833299
FKIT,S+X2_M3_r1,falafel,680,0.828095
FKIT,S+X2_M3_r1,falafel,681,0.825143
FKIT,S+X2_M3_r1,falafel,682,0.825730
FKIT,S+X2_M3_r1,falafel,683,0.828614
FKIT,S+X2_M3_r1,falafel,684,0.832187
FKIT,S+X2_M3_r1,falafel,685,0.829066
FKIT,S+X2_M3_r1,falafel,686,0.835054
FKIT,S+X2_M3_r1,falafel,687,0.825954
FKIT,S+X2_M3_r1,falafel,688,0.821280
FKIT,S+X2_M3_r1,falafel,689,0.832593
FKIT,S+X2_M3_r1,falafel,690,0.832617
FKIT,S+X2_M3_r1,falafel,691,0.840307
FKIT,S+X2_M3_r1,falafel,692,0.841260
FKIT,S+X2_M3_r1,falafel,693,0.842451
FKIT,S+X2_M3_r1,falafel,694,0.849567
FKIT,S+X2_M3_r1,falafel,695,0.842379
FKIT,S+X2_M3_r1,falafel,696,0.840355
FKIT,S+X2_M3_r1,falafel,697,0.838560
FKIT,S+X2_M3_r1,falafel,698,0.840126
FKIT,S+X2_M3_r1,falafel,699,0.832025
FKIT,S+X2_M3_r1,falafel,700,0.834650
FKIT,S+X2_M3_r1,falafel,701,0.835067
FKIT,S+X2_M3_r1,falafel,702,0.835171
FKIT,S+X2_M3_r1,falafel,703,0.835401
FKIT,S+X2_M3_r1,falafel,704,0.846487
FKIT,S+X2_M3_r1,falafel,705,0.835731
FKIT,S+X2_M3_r1,falafel,706,0.834830
FKIT,S+X2_M3_r1,falafel,707,0.833891
FKIT,S+X2_M3_r1,falafel,708,0.804661
FKIT,S+X2_M3_r1,falafel,709,0.827541
FKIT,S+X2_M3_r1,falafel,710,0.821681
FKIT,S+X2_M3_r1,falafel,711,0.823637
FKIT,S+X2_M3_r1,falafel,712,0.832410
FKIT,S+X2_M3_r1,falafel,713,0.827691
FKIT,S+X2_M3_r1,falafel,714,0.845819
FKIT,S+X2_M3_r1,falafel,715,0.842175
FKIT,S+X2_M3_r1,falafel,716,0.842452
FKIT,S+X2_M3_r1,falafel,717,0.845698
FKIT,S+X2_M3_r1,falafel,718,0.850271
FKIT,S+X2_M3_r1,falafel,719,0.852063
FKIT,S+X2_M3_r1,falafel,720,0.850736
FKIT,S+X2_M3_r1,falafel,721,0.846554
FKIT,S+X2_M3_r1,falafel,722,0.846221
FKIT,S+X2_M3_r1,falafel,723,0.847012
FKIT,S+X2_M3_r1,falafel,724,0.857497
FKIT,S+X2_M3_r1,falafel,725,0.858636
FKIT,S+X2_M3_r1,falafel,726,0.857143
FKIT,S+X2_M3_r1,falafel,727,0.845875
FKIT,S+X2_M3_r1,falafel,728,0.850526
FKIT,S+X2_M3_r1,falafel,729,0.848123
FKIT,S+X2_M3_r1,falafel,730,0.832508
FKIT,S+X2_M3_r1,falafel,731,0.841199
FKIT,S+X2_M3_r1,falafel,732,0.843938
FKIT,S+X2_M3_r1,falafel,733,0.830062
FKIT,S+X2_M3_r1,falafel,734,0.837829
FKIT,S+X2_M3_r1,falafel,735,0.837463
FKIT,S+X2_M3_r1,falafel,736,0.843155
FKIT,S+X2_M3_r1,falafel,737,0.841173
FKIT,S+X2_M3_r1,falafel,738,0.846752
FKIT,S+X2_M3_r1,falafel,739,0.851133
FKIT,S+X2_M3_r1,falafel,740,0.853329
FKIT,S+X2_M3_r1,falafel,741,0.861834
FKIT,S+X2_M3_r1,falafel,742,0.853772
FKIT,S+X2_M3_r1,falafel,743,0.854208
FKIT,S+X2_M3_r1,falafel,744,0.861199
FKIT,S+X2_M3_r1,falafel,745,0.863538
FKIT,S+X2_M3_r1,falafel,746,0.864900
FKIT,S+X2_M3_r1,falafel,747,0.865416
FKIT,S+X2_M3_r1,falafel,748,0.864228
FKIT,S+X2_M3_r1,falafel,749,0.860410
FKIT,S+X2_M3_r1,falafel,750,0.859778
FKIT,S+X2_M3_r1,falafel,751,0.865562
FKIT,S+X2_M3_r1,falafel,752,0.862042
FKIT,S+X2_M3_r1,falafel,753,0.857493
FKIT,S+X2_M3_r1,falafel,754,0.857127
FKIT,S+X2_M3_r1,falafel,755,0.857208
FKIT,S+X2_M3_r1,falafel,756,0.852777
FKIT,S+X2_M3_r1,falafel,757,0.852083
FKIT,S+X2_M3_r1,falafel,758,0.846780
FKIT,S+X2_M3_r1,falafel,759,0.847941
FKIT,S+X2_M3_r1,falafel,760,0.863327
FKIT,S+X2_M3_r1,falafel,761,0.857865
FKIT,S+X2_M3_r1,falafel,762,0.858670
FKIT,S+X2_M3_r1,falafel,763,0.852246
FKIT,S+X2_M3_r1,falafel,764,0.870478
FKIT,S+X2_M3_r1,falafel,765,0.871561
FKIT,S+X2_M3_r1,falafel,766,0.875710
FKIT,S+X2_M3_r1,falafel,767,0.866313
FKIT,S+X2_M3_r1,falafel,768,0.878903
FKIT,S+X2_M3_r1,falafel,769,0.878253
FKIT,S+X2_M3_r1,falafel,770,0.875417
FKIT,S+X2_M3_r1,falafel,771,0.876114
FKIT,S+X2_M3_r1,falafel,772,0.874209
FKIT,S+X2_M3_r1,falafel,773,0.862558
FKIT,S+X2_M3_r1,falafel,774,0.887151
FKIT,S+X2_M3_r1,falafel,775,0.881682
FKIT,S+X2_M3_r1,falafel,776,0.884141
FKIT,S+X2_M3_r1,falafel,777,0.879900
FKIT,S+X2_M3_r1,falafel,778,0.889014
FKIT,S+X2_M3_r1,falafel,779,0.888741
FKIT,S+X2_M3_r1,falafel,780,0.878910
FKIT,S+X2_M3_r1,falafel,781,0.876294
FKIT,S+X2_M3_r1,falafel,782,0.875239
FKIT,S+X2_M3_r1,falafel,783,0.869308
FKIT,S+X2_M3_r1,falafel,784,0.877432
FKIT,S+X2_M3_r1,falafel,785,0.871672
FKIT,S+X2_M3_r1,falafel,786,0.870570
FKIT,S+X2_M3_r1,falafel,787,0.873602
FKIT,S+X2_M3_r1,falafel,788,0.868100
FKIT,S+X2_M3_r1,falafel,789,0.868985
FKIT,S+X2_M3_r1,falafel,790,0.868816
FKIT,S+X2_M3_r1,falafel,791,0.864876
FKIT,S+X2_M3_r1,falafel,792,0.866153
FKIT,S+X2_M3_r1,falafel,793,0.867821
FKIT,S+X2_M3_r1,falafel,794,0.878708
FKIT,S+X2_M3_r1,falafel,795,0.876810
FKIT,S+X2_M3_r1,falafel,796,0.878014
FKIT,S+X2_M3_r1,falafel,797,0.870700
FKIT,S+X2_M3_r1,falafel,798,0.873897
FKIT,S+X2_M3_r1,falafel,799,0.853183
FKIT,S+X2_M3_r1,falafel,800,0.858698
FKIT,S+X2_M3_r1,falafel,801,0.847191
FKIT,S+X2_M3_r1,falafel,802,0.862795
FKIT,S+X2_M3_r1,falafel,803,0.860005
FKIT,S+X2_M3_r1,falafel,804,0.871066
FKIT,S+X2_M3_r1,falafel,805,0.864264
FKIT,S+X2_M3_r1,falafel,806,0.857257
FKIT,S+X2_M3_r1,falafel,807,0.859182
FKIT,S+X2_M3_r1,falafel,808,0.867000
FKIT,S+X2_M3_r1,falafel,809,0.863489
FKIT,S+X2_M3_r1,falafel,810,0.870765
FKIT,S+X2_M3_r1,falafel,811,0.874220
FKIT,S+X2_M3_r1,falafel,812,0.874504
FKIT,S+X2_M3_r1,falafel,813,0.869822
FKIT,S+X2_M3_r1,falafel,814,0.877429
FKIT,S+X2_M3_r1,falafel,815,0.846781
FKIT,S+X2_M3_r1,falafel,816,0.873959
FKIT,S+X2_M3_r1,falafel,817,0.878378
FKIT,S+X2_M3_r1,falafel,818,0.874741
FKIT,S+X2_M3_r1,falafel,819,0.873492
FKIT,S+X2_M3_r1,falafel,820,0.868695
FKIT,S+X2_M3_r1,falafel,821,0.865700
FKIT,S+X2_M3_r1,falafel,822,0.874744
FKIT,S+X2_M3_r1,falafel,823,0.869329
FKIT,S+X2_M3_r1,falafel,824,0.877232
FKIT,S+X2_M3_r1,falafel,825,0.876907
FKIT,S+X2_M3_r1,falafel,826,0.878936
FKIT,S+X2_M3_r1,falafel,827,0.875612
FKIT,S+X2_M3_r1,falafel,828,0.870797
FKIT,S+X2_M3_r1,falafel,829,0.867279
FKIT,S+X2_M3_r1,falafel,830,0.875436
FKIT,S+X2_M3_r1,falafel,831,0.877717
FKIT,S+X2_M3_r1,falafel,832,0.886309
FKIT,S+X2_M3_r1,falafel,833,0.889196
FKIT,S+X2_M3_r1,falafel,834,0.895463
FKIT,S+X2_M3_r1,falafel,835,0.895509
FKIT,S+X2_M3_r1,falafel,836,0.886260
FKIT,S+X2_M3_r1,falafel,837,0.888269
FKIT,S+X2_M3_r1,falafel,838,0.897929
FKIT,S+X2_M3_r1,falafel,839,0.893662
FKIT,S+X2_M3_r1,falafel,840,0.892093
FKIT,S+X2_M3_r1,falafel,841,0.881913
FKIT,S+X2_M3_r1,falafel,842,0.880293
FKIT,S+X2_M3_r1,falafel,843,0.879178
FKIT,S+X2_M3_r1,falafel,844,0.888960
FKIT,S+X2_M3_r1,falafel,845,0.875327
FKIT,S+X2_M3_r1,falafel,846,0.883840
FKIT,S+X2_M3_r1,falafel,847,0.863043
FKIT,S+X2_M3_r1,falafel,848,0.867514
FKIT,S+X2_M3_r1,falafel,849,0.865196
FKIT,S+X2_M3_r1,falafel,850,0.872499
FKIT,S+X2_M3_r1,falafel,851,0.865486
FKIT,S+X2_M3_r1,falafel,852,0.867065
FKIT,S+X2_M3_r1,falafel,853,0.861952
FKIT,S+X2_M3_r1,falafel,854,0.867292
FKIT,S+X2_M3_r1,falafel,855,0.862865
FKIT,S+X2_M3_r1,falafel,856,0.868592
FKIT,S+X2_M3_r1,falafel,857,0.869553
FKIT,S+X2_M3_r1,falafel,858,0.870141
FKIT,S+X2_M3_r1,falafel,859,0.867267
FKIT,S+X2_M3_r1,falafel,860,0.874779
FKIT,S+X2_M3_r1,falafel,861,0.879279
FKIT,S+X2_M3_r1,falafel,862,0.883518
FKIT,S+X2_M3_r1,falafel,863,0.873994
FKIT,S+X2_M3_r1,falafel,864,0.891427
FKIT,S+X2_M3_r1,falafel,865,0.891312
FKIT,S+X2_M3_r1,falafel,866,0.864746
FKIT,S+X2_M3_r1,falafel,867,0.879227
FKIT,S+X2_M3_r1,falafel,868,0.890057
FKIT,S+X2_M3_r1,falafel,869,0.884110
FKIT,S+X2_M3_r1,falafel,870,0.877580
FKIT,S+X2_M3_r1,falafel,871,0.860651
FKIT,S+X2_M3_r1,falafel,872,0.863351
FKIT,S+X2_M3_r1,falafel,873,0.852797
FKIT,S+X2_M3_r1,falafel,874,0.866831
FKIT,S+X2_M3_r1,falafel,875,0.858663
FKIT,S+X2_M3_r1,falafel,876,0.849111
FKIT,S+X2_M3_r1,falafel,877,0.850440
FKIT,S+X2_M3_r1,falafel,878,0.849919
FKIT,S+X2_M3_r1,falafel,879,0.853493
FKIT,S+X2_M3_r1,falafel,880,0.844833
FKIT,S+X2_M3_r1,falafel,881,0.850580
FKIT,S+X2_M3_r1,falafel,882,0.865041
FKIT,S+X2_M3_r1,falafel,883,0.856582
FKIT,S+X2_M3_r1,falafel,884,0.875949
FKIT,S+X2_M3_r1,falafel,885,0.877472
FKIT,S+X2_M3_r1,falafel,886,0.881600
FKIT,S+X2_M3_r1,falafel,887,0.863060
FKIT,S+X2_M3_r1,falafel,888,0.862705
FKIT,S+X2_M3_r1,falafel,889,0.853442
FKIT,S+X2_M3_r1,falafel,890,0.858043
FKIT,S+X2_M3_r1,falafel,891,0.859813
FKIT,S+X2_M3_r1,falafel,892,0.848122
FKIT,S+X2_M3_r1,falafel,893,0.854837
FKIT,S+X2_M3_r1,falafel,894,0.874278
FKIT,S+X2_M3_r1,falafel,895,0.877972
FKIT,S+X2_M3_r1,falafel,896,0.872765
FKIT,S+X2_M3_r1,falafel,897,0.872569
FKIT,S+X2_M3_r1,falafel,898,0.866268
FKIT,S+X2_M3_r1,falafel,899,0.877006
FKIT,S+X2_M3_r1,falafel,900,0.863153
FKIT,S+X2_M3_r1,falafel,901,0.871746
FKIT,S+X2_M3_r1,falafel,902,0.873425
FKIT,S+X2_M3_r1,falafel,903,0.873171
FKIT,S+X2_M3_r1,falafel,904,0.884993
FKIT,S+X2_M3_r1,falafel,905,0.884508
FKIT,S+X2_M3_r1,falafel,906,0.887734
FKIT,S+X2_M3_r1,falafel,907,0.885997
FKIT,S+X2_M3_r1,falafel,908,0.890805
FKIT,S+X2_M3_r1,falafel,909,0.900178
FKIT,S+X2_M3_r1,falafel,910,0.901364
FKIT,S+X2_M3_r1,falafel,911,0.904954
FKIT,S+X2_M3_r1,falafel,912,0.912362
FKIT,S+X2_M3_r1,falafel,913,0.915724
FKIT,S+X2_M3_r1,falafel,914,0.930757
FKIT,S+X2_M3_r1,falafel,915,0.937088
FKIT,S+X2_M3_r1,falafel,916,0.946879
FKIT,S+X2_M3_r1,falafel,917,0.950574
FKIT,S+X2_M3_r1,falafel,918,0.934912
FKIT,S+X2_M3_r1,falafel,919,0.000110
FKIT,S+X2_M3_r1,falafel,920,0.881242
FKIT,S+X2_M3_r1,falafel,921,0.952522
FKIT,S+X2_M3_r1,falafel,922,0.950114
FKIT,S+X2_M3_r1,falafel,923,0.954374
FKIT,S+X2_M3_r1,falafel,924,0.959929
FKIT,S+X2_M3_r1,falafel,925,0.961467
FKIT,S+X2_M3_r1,falafel,926,0.964076
FKIT,S+X2_M3_r1,falafel,927,0.959556
FKIT,S+X2_M3_r1,falafel,928,0.955171
FKIT,S+X2_M3_r1,french_bread,0,0.500877
FKIT,S+X2_M3_r1,french_bread,1,0.456091
FKIT,S+X2_M3_r1,french_bread,2,0.432012
FKIT,S+X2_M3_r1,french_bread,3,0.445213
FKIT,S+X2_M3_r1,french_bread,4,0.447485
FKIT,S+X2_M3_r1,french_bread,5,0.450987
FKIT,S+X2_M3_r1,french_bread,6,0.454956
FKIT,S+X2_M3_r1,french_bread,7,0.454652
FKIT,S+X2_M3_r1,french_bread,8,0.446752
FKIT,S+X2_M3_r1,french_bread,9,0.440610
FKIT,S+X2_M3_r1,french_bread,10,0.430323
FKIT,S+X2_M3_r1,french_bread,11,0.458874
FKIT,S+X2_M3_r1,french_bread,12,0.464611
FKIT,S+X2_M3_r1,french_bread,13,0.461949
FKIT,S+X2_M3_r1,french_bread,14,0.446854
FKIT,S+X2_M3_r1,french_bread,15,0.449440
FKIT,S+X2_M3_r1,french_bread,16,0.431153
FKIT,S+X2_M3_r1,french_bread,17,0.478675
FKIT,S+X2_M3_r1,french_bread,18,0.453442
FKIT,S+X2_M3_r1,french_bread,19,0.447035
FKIT,S+X2_M3_r1,french_bread,20,0.479832
FKIT,S+X2_M3_r1,french_bread,21,0.481533
FKIT,S+X2_M3_r1,french_bread,22,0.460560
FKIT,S+X2_M3_r1,french_bread,23,0.484131
FKIT,S+X2_M3_r1,french_bread,24,0.463394
FKIT,S+X2_M3_r1,french_bread,25,0.472711
FKIT,S+X2_M3_r1,french_bread,26,0.443654
FKIT,S+X2_M3_r1,french_bread,27,0.462961
FKIT,S+X2_M3_r1,french_bread,28,0.468078
FKIT,S+X2_M3_r1,french_bread,29,0.479976
FKIT,S+X2_M3_r1,french_bread,30,0.467496
FKIT,S+X2_M3_r1,french_bread,31,0.495230
FKIT,S+X2_M3_r1,french_bread,32,0.467900
FKIT,S+X2_M3_r1,french_bread,33,0.487966
FKIT,S+X2_M3_r1,french_bread,34,0.453356
FKIT,S+X2_M3_r1,french_bread,35,0.456194
FKIT,S+X2_M3_r1,french_bread,36,0.430431
FKIT,S+X2_M3_r1,french_bread,37,0.428513
FKIT,S+X2_M3_r1,french_bread,38,0.456637
FKIT,S+X2_M3_r1,french_bread,39,0.456559
FKIT,S+X2_M3_r1,french_bread,40,0.430980
FKIT,S+X2_M3_r1,french_bread,41,0.476064
FKIT,S+X2_M3_r1,french_bread,42,0.428888
FKIT,S+X2_M3_r1,french_bread,43,0.430505
FKIT,S+X2_M3_r1,french_bread,44,0.449302
FKIT,S+X2_M3_r1,french_bread,45,0.417692
FKIT,S+X2_M3_r1,french_bread,46,0.427317
FKIT,S+X2_M3_r1,french_bread,47,0.440548
FKIT,S+X2_M3_r1,french_bread,48,0.427550
FKIT,S+X2_M3_r1,french_bread,49,0.425543
FKIT,S+X2_M3_r1,french_bread,50,0.421539
FKIT,S+X2_M3_r1,french_bread,51,0.436513
FKIT,S+X2_M3_r1,french_bread,52,0.452332
FKIT,S+X2_M3_r1,french_bread,53,0.471752
FKIT,S+X2_M3_r1,french_bread,54,0.461444
FKIT,S+X2_M3_r1,french_bread,55,0.442629
FKIT,S+X2_M3_r1,french_bread,56,0.453800
FKIT,S+X2_M3_r1,french_bread,57,0.434204
FKIT,S+X2_M3_r1,french_bread,58,0.423790
FKIT,S+X2_M3_r1,french_bread,59,0.424552
FKIT,S+X2_M3_r1,french_bread,60,0.418272
FKIT,S+X2_M3_r1,french_bread,61,0.443699
FKIT,S+X2_M3_r1,french_bread,62,0.439393
FKIT,S+X2_M3_r1,french_bread,63,0.434281
FKIT,S+X2_M3_r1,french_bread,64,0.417554
FKIT,S+X2_M3_r1,french_bread,65,0.419634
FKIT,S+X2_M3_r1,french_bread,66,0.443818
FKIT,S+X2_M3_r1,french_bread,67,0.418209
FKIT,S+X2_M3_r1,french_bread,68,0.427598
FKIT,S+X2_M3_r1,french_bread,69,0.431476
FKIT,S+X2_M3_r1,french_bread,70,0.437054
FKIT,S+X2_M3_r1,french_bread,71,0.430830
FKIT,S+X2_M3_r1,french_bread,72,0.443083
FKIT,S+X2_M3_r1,french_bread,73,0.420869
FKIT,S+X2_M3_r1,french_bread,74,0.431952
FKIT,S+X2_M3_r1,french_bread,75,0.424068
FKIT,S+X2_M3_r1,french_bread,76,0.449664
FKIT,S+X2_M3_r1,french_bread,77,0.438381
FKIT,S+X2_M3_r1,french_bread,78,0.452136
FKIT,S+X2_M3_r1,french_bread,79,0.459618
FKIT,S+X2_M3_r1,french_bread,80,0.434023
FKIT,S+X2_M3_r1,french_bread,81,0.477417
FKIT,S+X2_M3_r1,french_bread,82,0.459718
FKIT,S+X2_M3_r1,french_bread,83,0.435108
FKIT,S+X2_M3_r1,french_bread,84,0.449329
FKIT,S+X2_M3_r1,french_bread,85,0.448616
FKIT,S+X2_M3_r1,french_bread,86,0.435850
FKIT,S+X2_M3_r1,french_bread,87,0.442945
FKIT,S+X2_M3_r1,french_bread,88,0.461875
FKIT,S+X2_M3_r1,french_bread,89,0.414544
FKIT,S+X2_M3_r1,french_bread,90,0.408840
FKIT,S+X2_M3_r1,french_bread,91,0.458473
FKIT,S+X2_M3_r1,french_bread,92,0.444950
FKIT,S+X2_M3_r1,french_bread,93,0.468875
FKIT,S+X2_M3_r1,french_bread,94,0.446237
FKIT,S+X2_M3_r1,french_bread,95,0.418268
FKIT,S+X2_M3_r1,french_bread,96,0.392174
FKIT,S+X2_M3_r1,french_bread,97,0.361265
FKIT,S+X2_M3_r1,french_bread,98,0.379801
FKIT,S+X2_M3_r1,french_bread,99,0.367731
FKIT,S+X2_M3_r1,french_bread,100,0.437228
FKIT,S+X2_M3_r1,french_bread,101,0.392611
FKIT,S+X2_M3_r1,french_bread,102,0.542010
FKIT,S+X2_M3_r1,french_bread,103,0.585538
FKIT,S+X2_M3_r1,french_bread,104,0.541292
FKIT,S+X2_M3_r1,french_bread,105,0.468717
FKIT,S+X2_M3_r1,french_bread,106,0.530931
FKIT,S+X2_M3_r1,french_bread,107,0.507939
FKIT,S+X2_M3_r1,french_bread,108,0.478518
FKIT,S+X2_M3_r1,french_bread,109,0.520497
FKIT,S+X2_M3_r1,french_bread,110,0.487824
FKIT,S+X2_M3_r1,french_bread,111,0.600314
FKIT,S+X2_M3_r1,french_bread,112,0.553737
FKIT,S+X2_M3_r1,french_bread,113,0.517481
FKIT,S+X2_M3_r1,french_bread,114,0.487948
FKIT,S+X2_M3_r1,french_bread,115,0.601362
FKIT,S+X2_M3_r1,french_bread,116,0.537273
FKIT,S+X2_M3_r1,french_bread,117,0.337325
FKIT,S+X2_M3_r1,french_bread,118,0.415162
FKIT,S+X2_M3_r1,french_bread,119,0.467772
FKIT,S+X2_M3_r1,french_bread,120,0.441955
FKIT,S+X2_M3_r1,french_bread,121,0.418035
FKIT,S+X2_M3_r1,french_bread,122,0.238512
FKIT,S+X2_M3_r1,french_bread,123,0.329716
FKIT,S+X2_M3_r1,french_bread,124,0.392759
FKIT,S+X2_M3_r1,french_bread,125,0.486900
FKIT,S+X2_M3_r1,french_bread,126,0.498721
FKIT,S+X2_M3_r1,french_bread,127,0.433238
FKIT,S+X2_M3_r1,french_bread,128,0.631477
FKIT,S+X2_M3_r1,french_bread,129,0.607610
FKIT,S+X2_M3_r1,french_bread,130,0.558777
FKIT,S+X2_M3_r1,french_bread,131,0.585366
FKIT,S+X2_M3_r1,french_bread,132,0.624006
FKIT,S+X2_M3_r1,french_bread,133,0.725137
FKIT,S+X2_M3_r1,french_bread,134,0.634972
FKIT,S+X2_M3_r1,french_bread,135,0.675770
FKIT,S+X2_M3_r1,french_bread,136,0.737066
FKIT,S+X2_M3_r1,french_bread,137,0.666091
FKIT,S+X2_M3_r1,french_bread,138,0.690228
FKIT,S+X2_M3_r1,french_bread,139,0.708269
FKIT,S+X2_M3_r1,french_bread,140,0.694741
FKIT,S+X2_M3_r1,french_bread,141,0.775624
FKIT,S+X2_M3_r1,french_bread,142,0.737558
FKIT,S+X2_M3_r1,french_bread,143,0.749559
FKIT,S+X2_M3_r1,french_bread,144,0.761869
FKIT,S+X2_M3_r1,french_bread,145,0.792982
FKIT,S+X2_M3_r1,french_bread,146,0.757104
FKIT,S+X2_M3_r1,french_bread,147,0.691436
FKIT,S+X2_M3_r1,french_bread,148,0.712129
FKIT,S+X2_M3_r1,french_bread,149,0.717064
FKIT,S+X2_M3_r1,french_bread,150,0.688485
FKIT,S+X2_M3_r1,french_bread,151,0.668752
FKIT,S+X2_M3_r1,french_bread,152,0.606445
FKIT,S+X2_M3_r1,french_bread,153,0.539180
FKIT,S+X2_M3_r1,french_bread,154,0.584062
FKIT,S+X2_M3_r1,french_bread,155,0.634446
FKIT,S+X2_M3_r1,french_bread,156,0.569894
FKIT,S+X2_M3_r1,french_bread,157,0.567133
FKIT,S+X2_M3_r1,french_bread,158,0.537633
FKIT,S+X2_M3_r1,french_bread,159,0.496107
FKIT,S+X2_M3_r1,french_bread,160,0.513250
FKIT,S+X2_M3_r1,french_bread,161,0.573916
FKIT,S+X2_M3_r1,french_bread,162,0.517973
FKIT,S+X2_M3_r1,french_bread,163,0.578008
FKIT,S+X2_M3_r1,french_bread,164,0.502676
FKIT,S+X2_M3_r1,french_bread,165,0.518883
FKIT,S+X2_M3_r1,french_bread,166,0.532758
FKIT,S+X2_M3_r1,french_bread,167,0.537375
FKIT,S+X2_M3_r1,french_bread,168,0.474276
FKIT,S+X2_M3_r1,french_bread,169,0.440308
FKIT,S+X2_M3_r1,french_bread,170,0.445908
FKIT,S+X2_M3_r1,french_bread,171,0.484906
FKIT,S+X2_M3_r1,french_bread,172,0.511032
FKIT,S+X2_M3_r1,french_bread,173,0.551695
FKIT,S+X2_M3_r1,french_bread,174,0.564105
FKIT,S+X2_M3_r1,french_bread,175,0.522148
FKIT,S+X2_M3_r1,french_bread,176,0.559428
FKIT,S+X2_M3_r1,french_bread,177,0.558706
FKIT,S+X2_M3_r1,french_bread,178,0.551159
FKIT,S+X2_M3_r1,french_bread,179,0.602631
FKIT,S+X2_M3_r1,french_bread,180,0.609345
FKIT,S+X2_M3_r1,french_bread,181,0.654051
FKIT,S+X2_M3_r1,french_bread,182,0.652277
FKIT,S+X2_M3_r1,french_bread,183,0.646740
FKIT,S+X2_M3_r1,french_bread,184,0.688358
FKIT,S+X2_M3_r1,french_bread,185,0.656594
FKIT,S+X2_M3_r1,french_bread,186,0.604545
FKIT,S+X2_M3_r1,french_bread,187,0.623759
FKIT,S+X2_M3_r1,french_bread,188,0.631058
FKIT,S+X2_M3_r1,french_bread,189,0.677314
FKIT,S+X2_M3_r1,french_bread,190,0.652586
FKIT,S+X2_M3_r1,french_bread,191,0.761973
FKIT,S+X2_M3_r1,french_bread,192,0.768666
FKIT,S+X2_M3_r1,french_bread,193,0.776148
FKIT,S+X2_M3_r1,french_bread,194,0.748933
FKIT,S+X2_M3_r1,french_bread,195,0.753993
FKIT,S+X2_M3_r1,french_bread,196,0.748422
FKIT,S+X2_M3_r1,french_bread,197,0.739655
FKIT,S+X2_M3_r1,french_bread,198,0.760382
FKIT,S+X2_M3_r1,french_bread,199,0.752871
FKIT,S+X2_M3_r1,french_bread,200,0.709840
FKIT,S+X2_M3_r1,french_bread,201,0.794184
FKIT,S+X2_M3_r1,french_bread,202,0.774684
FKIT,S+X2_M3_r1,french_bread,203,0.754105
FKIT,S+X2_M3_r1,french_bread,204,0.734390
FKIT,S+X2_M3_r1,french_bread,205,0.732716
FKIT,S+X2_M3_r1,french_bread,206,0.774203
FKIT,S+X2_M3_r1,french_bread,207,0.757032
FKIT,S+X2_M3_r1,french_bread,208,0.750370
FKIT,S+X2_M3_r1,french_bread,209,0.757194
FKIT,S+X2_M3_r1,french_bread,210,0.757515
FKIT,S+X2_M3_r1,french_bread,211,0.791285
FKIT,S+X2_M3_r1,french_bread,212,0.779785
FKIT,S+X2_M3_r1,french_bread,213,0.759912
FKIT,S+X2_M3_r1,french_bread,214,0.801543
FKIT,S+X2_M3_r1,french_bread,215,0.762249
FKIT,S+X2_M3_r1,french_bread,216,0.794032
FKIT,S+X2_M3_r1,french_bread,217,0.782598
FKIT,S+X2_M3_r1,french_bread,218,0.785429
FKIT,S+X2_M3_r1,french_bread,219,0.747072
FKIT,S+X2_M3_r1,french_bread,220,0.747969
FKIT,S+X2_M3_r1,french_bread,221,0.819376
FKIT,S+X2_M3_r1,french_bread,222,0.846444
FKIT,S+X2_M3_r1,french_bread,223,0.835036
FKIT,S+X2_M3_r1,french_bread,224,0.830969
FKIT,S+X2_M3_r1,french_bread,225,0.800573
FKIT,S+X2_M3_r1,french_bread,226,0.821971
FKIT,S+X2_M3_r1,french_bread,227,0.835005
FKIT,S+X2_M3_r1,french_bread,228,0.854054
FKIT,S+X2_M3_r1,french_bread,229,0.831439
FKIT,S+X2_M3_r1,french_bread,230,0.845517
FKIT,S+X2_M3_r1,french_bread,231,0.900673
FKIT,S+X2_M3_r1,french_bread,232,0.891189
FKIT,S+X2_M3_r1,french_bread,233,0.893390
FKIT,S+X2_M3_r1,french_bread,234,0.896923
FKIT,S+X2_M3_r1,french_bread,235,0.913436
FKIT,S+X2_M3_r1,french_bread,236,0.911555
FKIT,S+X2_M3_r1,french_bread,237,0.915731
FKIT,S+X2_M3_r1,french_bread,238,0.909201
FKIT,S+X2_M3_r1,french_bread,239,0.912777
FKIT,S+X2_M3_r1,french_bread,240,0.921563
FKIT,S+X2_M3_r1,french_bread,241,0.930393
FKIT,S+X2_M3_r1,french_bread,242,0.933642
FKIT,S+X2_M3_r1,french_bread,243,0.930795
FKIT,S+X2_M3_r1,french_bread,244,0.935458
FKIT,S+X2_M3_r1,french_bread,245,0.931874
FKIT,S+X2_M3_r1,french_bread,246,0.936427
FKIT,S+X2_M3_r1,french_bread,247,0.934384
FKIT,S+X2_M3_r1,french_bread,248,0.936433
FKIT,S+X2_M3_r1,french_bread,249,0.937340
FKIT,S+X2_M3_r1,french_bread,250,0.938287
FKIT,S+X2_M3_r1,french_bread,251,0.942392
FKIT,S+X2_M3_r1,french_bread,252,0.941078
FKIT,S+X2_M3_r1,french_bread,253,0.946382
FKIT,S+X2_M3_r1,french_bread,254,0.947660
FKIT,S+X2_M3_r1,french_bread,255,0.947663
FKIT,S+X2_M3_r1,french_bread,256,0.945964
FKIT,S+X2_M3_r1,french_bread,257,0.943821
FKIT,S+X2_M3_r1,french_bread,258,0.940349
FKIT,S+X2_M3_r1,french_bread,259,0.944069
FKIT,S+X2_M3_r1,french_bread,260,0.932397
FKIT,S+X2_M3_r1,french_bread,261,0.944137
FKIT,S+X2_M3_r1,french_bread,262,0.941211
FKIT,S+X2_M3_r1,french_bread,263,0.941460
FKIT,S+X2_M3_r1,french_bread,264,0.937972
FKIT,S+X2_M3_r1,french_bread,265,0.950726
FKIT,S+X2_M3_r1,french_bread,266,0.949535
FKIT,S+X2_M3_r1,french_bread,267,0.941328
FKIT,S+X2_M3_r1,french_bread,268,0.942109
FKIT,S+X2_M3_r1,french_bread,269,0.938684
FKIT,S+X2_M3_r1,french_bread,270,0.923067
FKIT,S+X2_M3_r1,french_bread,271,0.942619
FKIT,S+X2_M3_r1,french_bread,272,0.918016
FKIT,S+X2_M3_r1,french_bread,273,0.936383
FKIT,S+X2_M3_r1,french_bread,274,0.940029
FKIT,S+X2_M3_r1,french_bread,275,0.914413
FKIT,S+X2_M3_r1,french_bread,276,0.915751
FKIT,S+X2_M3_r1,french_bread,277,0.906317
FKIT,S+X2_M3_r1,french_bread,278,0.911777
FKIT,S+X2_M3_r1,french_bread,279,0.930998
FKIT,S+X2_M3_r1,french_bread,280,0.932313
FKIT,S+X2_M3_r1,french_bread,281,0.937322
FKIT,S+X2_M3_r1,french_bread,282,0.923007
FKIT,S+X2_M3_r1,french_bread,283,0.925737
FKIT,S+X2_M3_r1,french_bread,284,0.917320
FKIT,S+X2_M3_r1,french_bread,285,0.933537
FKIT,S+X2_M3_r1,french_bread,286,0.928354
FKIT,S+X2_M3_r1,french_bread,287,0.922789
FKIT,S+X2_M3_r1,french_bread,288,0.908350
FKIT,S+X2_M3_r1,french_bread,289,0.895644
FKIT,S+X2_M3_r1,french_bread,290,0.830943
FKIT,S+X2_M3_r1,french_bread,291,0.904390
FKIT,S+X2_M3_r1,french_bread,292,0.894879
FKIT,S+X2_M3_r1,french_bread,293,0.845169
FKIT,S+X2_M3_r1,french_bread,294,0.829819
FKIT,S+X2_M3_r1,french_bread,295,0.870006
FKIT,S+X2_M3_r1,french_bread,296,0.823973
FKIT,S+X2_M3_r1,french_bread,297,0.810037
FKIT,S+X2_M3_r1,french_bread,298,0.743735
FKIT,S+X2_M3_r1,french_bread,299,0.806563
FKIT,S+X2_M3_r1,french_bread,300,0.764306
FKIT,S+X2_M3_r1,french_bread,301,0.758554
FKIT,S+X2_M3_r1,french_bread,302,0.741286
FKIT,S+X2_M3_r1,french_bread,303,0.700135
FKIT,S+X2_M3_r1,french_bread,304,0.659973
FKIT,S+X2_M3_r1,french_bread,305,0.706485
FKIT,S+X2_M3_r1,french_bread,306,0.663242
FKIT,S+X2_M3_r1,french_bread,307,0.689597
FKIT,S+X2_M3_r1,french_bread,308,0.603501
FKIT,S+X2_M3_r1,french_bread,309,0.591891
FKIT,S+X2_M3_r1,french_bread,310,0.618539
FKIT,S+X2_M3_r1,french_bread,311,0.605339
FKIT,S+X2_M3_r1,french_bread,312,0.598976
FKIT,S+X2_M3_r1,french_bread,313,0.536090
FKIT,S+X2_M3_r1,french_bread,314,0.548575
FKIT,S+X2_M3_r1,french_bread,315,0.562532
FKIT,S+X2_M3_r1,french_bread,316,0.530122
FKIT,S+X2_M3_r1,french_bread,317,0.523102
FKIT,S+X2_M3_r1,french_bread,318,0.553736
FKIT,S+X2_M3_r1,french_bread,319,0.543986
FKIT,S+X2_M3_r1,french_bread,320,0.551022
FKIT,S+X2_M3_r1,french_bread,321,0.581746
FKIT,S+X2_M3_r1,french_bread,322,0.489587
FKIT,S+X2_M3_r1,french_bread,323,0.524983
FKIT,S+X2_M3_r1,french_bread,324,0.518353
FKIT,S+X2_M3_r1,french_bread,325,0.535429
FKIT,S+X2_M3_r1,french_bread,326,0.475755
FKIT,S+X2_M3_r1,french_bread,327,0.480426
FKIT,S+X2_M3_r1,french_bread,328,0.578028
FKIT,S+X2_M3_r1,french_bread,329,0.527664
FKIT,S+X2_M3_r1,french_bread,330,0.554263
FKIT,S+X2_M3_r1,french_bread,331,0.490787
FKIT,S+X2_M3_r1,french_bread,332,0.499161
FKIT,S+X2_M3_r1,french_bread,333,0.466063
FKIT,S+X2_M3_r1,french_bread,334,0.493260
FKIT,S+X2_M3_r1,french_bread,335,0.455049
FKIT,S+X2_M3_r1,french_bread,336,0.466372
FKIT,S+X2_M3_r1,french_bread,337,0.451029
FKIT,S+X2_M3_r1,french_bread,338,0.516486
FKIT,S+X2_M3_r1,french_bread,339,0.550640
FKIT,S+X2_M3_r1,french_bread,340,0.515206
FKIT,S+X2_M3_r1,french_bread,341,0.503404
FKIT,S+X2_M3_r1,french_bread,342,0.495092
FKIT,S+X2_M3_r1,french_bread,343,0.528307
FKIT,S+X2_M3_r1,french_bread,344,0.453603
FKIT,S+X2_M3_r1,french_bread,345,0.549269
FKIT,S+X2_M3_r1,french_bread,346,0.494616
FKIT,S+X2_M3_r1,french_bread,347,0.500602
FKIT,S+X2_M3_r1,french_bread,348,0.525466
FKIT,S+X2_M3_r1,french_bread,349,0.534637
FKIT,S+X2_M3_r1,french_bread,350,0.534984
FKIT,S+X2_M3_r1,french_bread,351,0.547945
FKIT,S+X2_M3_r1,french_bread,352,0.545243
FKIT,S+X2_M3_r1,french_bread,353,0.545533
FKIT,S+X2_M3_r1,french_bread,354,0.559127
FKIT,S+X2_M3_r1,french_bread,355,0.561921
FKIT,S+X2_M3_r1,french_bread,356,0.546503
FKIT,S+X2_M3_r1,french_bread,357,0.537974
FKIT,S+X2_M3_r1,french_bread,358,0.519008
FKIT,S+X2_M3_r1,french_bread,359,0.549003
FKIT,S+X2_M3_r1,french_bread,360,0.506929
FKIT,S+X2_M3_r1,french_bread,361,0.530989
FKIT,S+X2_M3_r1,french_bread,362,0.514787
FKIT,S+X2_M3_r1,french_bread,363,0.523926
FKIT,S+X2_M3_r1,french_bread,364,0.494916
FKIT,S+X2_M3_r1,french_bread,365,0.499537
FKIT,S+X2_M3_r1,french_bread,366,0.504028
FKIT,S+X2_M3_r1,french_bread,367,0.521537
FKIT,S+X2_M3_r1,french_bread,368,0.516669
FKIT,S+X2_M3_r1,french_bread,369,0.459990
FKIT,S+X2_M3_r1,french_bread,370,0.466875
FKIT,S+X2_M3_r1,french_bread,371,0.487300
FKIT,S+X2_M3_r1,french_bread,372,0.477774
FKIT,S+X2_M3_r1,french_bread,373,0.482998
FKIT,S+X2_M3_r1,french_bread,374,0.462522
FKIT,S+X2_M3_r1,french_bread,375,0.473271
FKIT,S+X2_M3_r1,french_bread,376,0.481100
FKIT,S+X2_M3_r1,french_bread,377,0.494673
FKIT,S+X2_M3_r1,french_bread,378,0.454748
FKIT,S+X2_M3_r1,french_bread,379,0.450310
FKIT,S+X2_M3_r1,french_bread,380,0.419518
FKIT,S+X2_M3_r1,french_bread,381,0.461068
FKIT,S+X2_M3_r1,french_bread,382,0.449992
FKIT,S+X2_M3_r1,french_bread,383,0.447730
FKIT,S+X2_M3_r1,french_bread,384,0.440659
FKIT,S+X2_M3_r1,french_bread,385,0.445624
FKIT,S+X2_M3_r1,french_bread,386,0.448068
FKIT,S+X2_M3_r1,french_bread,387,0.460415
FKIT,S+X2_M3_r1,french_bread,388,0.319214
FKIT,S+X2_M3_r1,french_bread,389,0.466605
FKIT,S+X2_M3_r1,french_bread,390,0.448668
FKIT,S+X2_M3_r1,french_bread,391,0.437066
FKIT,S+X2_M3_r1,french_bread,392,0.437229
FKIT,S+X2_M3_r1,french_bread,393,0.437347
FKIT,S+X2_M3_r1,french_bread,394,0.417120
FKIT,S+X2_M3_r1,french_bread,395,0.409133
FKIT,S+X2_M3_r1,french_bread,396,0.429377
FKIT,S+X2_M3_r1,french_bread,397,0.434670
FKIT,S+X2_M3_r1,french_bread,398,0.435707
FKIT,S+X2_M3_r1,french_bread,399,0.443818
FKIT,S+X2_M3_r1,french_bread,400,0.440568
FKIT,S+X2_M3_r1,french_bread,401,0.436252
FKIT,S+X2_M3_r1,french_bread,402,0.428746
FKIT,S+X2_M3_r1,french_bread,403,0.428440
FKIT,S+X2_M3_r1,french_bread,404,0.425849
FKIT,S+X2_M3_r1,french_bread,405,0.425455
FKIT,S+X2_M3_r1,french_bread,406,0.435495
FKIT,S+X2_M3_r1,french_bread,407,0.450869
FKIT,S+X2_M3_r1,french_bread,408,0.463091
FKIT,S+X2_M3_r1,french_bread,409,0.438822
FKIT,S+X2_M3_r1,french_bread,410,0.445709
FKIT,S+X2_M3_r1,french_bread,411,0.447118
FKIT,S+X2_M3_r1,french_bread,412,0.453816
FKIT,S+X2_M3_r1,french_bread,413,0.440528
FKIT,S+X2_M3_r1,french_bread,414,0.437018
FKIT,S+X2_M3_r1,french_bread,415,0.466755
FKIT,S+X2_M3_r1,french_bread,416,0.470036
FKIT,S+X2_M3_r1,french_bread,417,0.456473
FKIT,S+X2_M3_r1,french_bread,418,0.436006
FKIT,S+X2_M3_r1,french_bread,419,0.489960
FKIT,S+X2_M3_r1,french_bread,420,0.473860
FKIT,S+X2_M3_r1,french_bread,421,0.476778
FKIT,S+X2_M3_r1,french_bread,422,0.495111
FKIT,S+X2_M3_r1,french_bread,423,0.496628
FKIT,S+X2_M3_r1,french_bread,424,0.472514
FKIT,S+X2_M3_r1,french_bread,425,0.478799
FKIT,S+X2_M3_r1,french_bread,426,0.484604
FKIT,S+X2_M3_r1,french_bread,427,0.484802
FKIT,S+X2_M3_r1,french_bread,428,0.479780
FKIT,S+X2_M3_r1,french_bread,429,0.494527
FKIT,S+X2_M3_r1,french_bread,430,0.481267
FKIT,S+X2_M3_r1,french_bread,431,0.492296
FKIT,S+X2_M3_r1,french_bread,432,0.475140
FKIT,S+X2_M3_r1,french_bread,433,0.493753
FKIT,S+X2_M3_r1,french_bread,434,0.482058
FKIT,S+X2_M3_r1,french_bread,435,0.507258
FKIT,S+X2_M3_r1,french_bread,436,0.458220
FKIT,S+X2_M3_r1,french_bread,437,0.510441
FKIT,S+X2_M3_r1,french_bread,438,0.452521
FKIT,S+X2_M3_r1,french_bread,439,0.473768
FKIT,S+X2_M3_r1,french_bread,440,0.473482
FKIT,S+X2_M3_r1,french_bread,441,0.458835
FKIT,S+X2_M3_r1,french_bread,442,0.452997
FKIT,S+X2_M3_r1,french_bread,443,0.451361
FKIT,S+X2_M3_r1,french_bread,444,0.447764
FKIT,S+X2_M3_r1,french_bread,445,0.454434
FKIT,S+X2_M3_r1,french_bread,446,0.466523
FKIT,S+X2_M3_r1,french_bread,447,0.453676
FKIT,S+X2_M3_r1,french_bread,448,0.377408
FKIT,S+X2_M3_r1,french_bread,449,0.448565
FKIT,S+X2_M3_r1,french_bread,450,0.450818
FKIT,S+X2_M3_r1,french_bread,451,0.442708
FKIT,S+X2_M3_r1,french_bread,452,0.473489
FKIT,S+X2_M3_r1,french_bread,453,0.457737
FKIT,S+X2_M3_r1,french_bread,454,0.475452
FKIT,S+X2_M3_r1,french_bread,455,0.432625
FKIT,S+X2_M3_r1,french_bread,456,0.449705
FKIT,S+X2_M3_r1,french_bread,457,0.428754
FKIT,S+X2_M3_r1,french_bread,458,0.428340
FKIT,S+X2_M3_r1,french_bread,459,0.442186
FKIT,S+X2_M3_r1,french_bread,460,0.420411
FKIT,S+X2_M3_r1,french_bread,461,0.446531
FKIT,S+X2_M3_r1,french_bread,462,0.429595
FKIT,S+X2_M3_r1,french_bread,463,0.412246
FKIT,S+X2_M3_r1,french_bread,464,0.420975
FKIT,S+X2_M3_r1,french_bread,465,0.425810
FKIT,S+X2_M3_r1,french_bread,466,0.393153
FKIT,S+X2_M3_r1,french_bread,467,0.423816
FKIT,S+X2_M3_r1,french_bread,468,0.446394
FKIT,S+X2_M3_r1,french_bread,469,0.498873
FKIT,S+X2_M3_r1,french_bread,470,0.453446
FKIT,S+X2_M3_r1,french_bread,471,0.492934
FKIT,S+X2_M3_r1,french_bread,472,0.497007
FKIT,S+X2_M3_r1,french_bread,473,0.491072
FKIT,S+X2_M3_r1,french_bread,474,0.450542
FKIT,S+X2_M3_r1,french_bread,475,0.414006
FKIT,S+X2_M3_r1,french_bread,476,0.422014
FKIT,S+X2_M3_r1,french_bread,477,0.417757
FKIT,S+X2_M3_r1,french_bread,478,0.414203
FKIT,S+X2_M3_r1,french_bread,479,0.426328
FKIT,S+X2_M3_r1,french_bread,480,0.413872
FKIT,S+X2_M3_r1,french_bread,481,0.422269
FKIT,S+X2_M3_r1,french_bread,482,0.443967
FKIT,S+X2_M3_r1,french_bread,483,0.345614
FKIT,S+X2_M3_r1,french_bread,484,0.322496
FKIT,S+X2_M3_r1,french_bread,485,0.378940
FKIT,S+X2_M3_r1,french_bread,486,0.418932
FKIT,S+X2_M3_r1,french_bread,487,0.465301
FKIT,S+X2_M3_r1,french_bread,488,0.516565
FKIT,S+X2_M3_r1,french_bread,489,0.537235
FKIT,S+X2_M3_r1,french_bread,490,0.568188
FKIT,S+X2_M3_r1,french_bread,491,0.561742
FKIT,S+X2_M3_r1,french_bread,492,0.516640
FKIT,S+X2_M3_r1,french_bread,493,0.541663
FKIT,S+X2_M3_r1,french_bread,494,0.553808
FKIT,S+X2_M3_r1,french_bread,495,0.592582
FKIT,S+X2_M3_r1,french_bread,496,0.609335
FKIT,S+X2_M3_r1,french_bread,497,0.595383
FKIT,S+X2_M3_r1,french_bread,498,0.532300
FKIT,S+X2_M3_r1,french_bread,499,0.581160
FKIT,S+X2_M3_r1,french_bread,500,0.586766
FKIT,S+X2_M3_r1,french_bread,501,0.590936
FKIT,S+X2_M3_r1,french_bread,502,0.574632
FKIT,S+X2_M3_r1,french_bread,503,0.543038
FKIT,S+X2_M3_r1,french_bread,504,0.693784
FKIT,S+X2_M3_r1,french_bread,505,0.622601
FKIT,S+X2_M3_r1,french_bread,506,0.646152
FKIT,S+X2_M3_r1,french_bread,507,0.626736
FKIT,S+X2_M3_r1,french_bread,508,0.642010
FKIT,S+X2_M3_r1,french_bread,509,0.799899
FKIT,S+X2_M3_r1,french_bread,510,0.763657
FKIT,S+X2_M3_r1,french_bread,511,0.760675
FKIT,S+X2_M3_r1,french_bread,512,0.752777
FKIT,S+X2_M3_r1,french_bread,513,0.753753
FKIT,S+X2_M3_r1,french_bread,514,0.768511
FKIT,S+X2_M3_r1,french_bread,515,0.796461
FKIT,S+X2_M3_r1,french_bread,516,0.696768
FKIT,S+X2_M3_r1,french_bread,517,0.707578
FKIT,S+X2_M3_r1,french_bread,518,0.579274
FKIT,S+X2_M3_r1,french_bread,519,0.828995
FKIT,S+X2_M3_r1,french_bread,520,0.838758
FKIT,S+X2_M3_r1,french_bread,521,0.802768
FKIT,S+X2_M3_r1,french_bread,522,0.822506
FKIT,S+X2_M3_r1,french_bread,523,0.796822
FKIT,S+X2_M3_r1,french_bread,524,0.756320
FKIT,S+X2_M3_r1,french_bread,525,0.758745
FKIT,S+X2_M3_r1,french_bread,526,0.687536
FKIT,S+X2_M3_r1,french_bread,527,0.692759
FKIT,S+X2_M3_r1,french_bread,528,0.646376
FKIT,S+X2_M3_r1,french_bread,529,0.783991
FKIT,S+X2_M3_r1,french_bread,530,0.807111
FKIT,S+X2_M3_r1,french_bread,531,0.723355
FKIT,S+X2_M3_r1,french_bread,532,0.795345
FKIT,S+X2_M3_r1,french_bread,533,0.726051
FKIT,S+X2_M3_r1,french_bread,534,0.784689
FKIT,S+X2_M3_r1,french_bread,535,0.743082
FKIT,S+X2_M3_r1,french_bread,536,0.748086
FKIT,S+X2_M3_r1,french_bread,537,0.733700
FKIT,S+X2_M3_r1,french_bread,538,0.701536
FKIT,S+X2_M3_r1,french_bread,539,0.798795
FKIT,S+X2_M3_r1,french_bread,540,0.834816
FKIT,S+X2_M3_r1,french_bread,541,0.804643
FKIT,S+X2_M3_r1,french_bread,542,0.803005
FKIT,S+X2_M3_r1,french_bread,543,0.778478
FKIT,S+X2_M3_r1,french_bread,544,0.801804
FKIT,S+X2_M3_r1,french_bread,545,0.817044
FKIT,S+X2_M3_r1,french_bread,546,0.772773
FKIT,S+X2_M3_r1,french_bread,547,0.768901
FKIT,S+X2_M3_r1,french_bread,548,0.760291
FKIT,S+X2_M3_r1,french_bread,549,0.862838
FKIT,S+X2_M3_r1,french_bread,550,0.844123
FKIT,S+X2_M3_r1,french_bread,551,0.838168
FKIT,S+X2_M3_r1,french_bread,552,0.843692
FKIT,S+X2_M3_r1,french_bread,553,0.826351
FKIT,S+X2_M3_r1,french_bread,554,0.830090
FKIT,S+X2_M3_r1,french_bread,555,0.826994
FKIT,S+X2_M3_r1,french_bread,556,0.812734
FKIT,S+X2_M3_r1,french_bread,557,0.827726
FKIT,S+X2_M3_r1,french_bread,558,0.826902
FKIT,S+X2_M3_r1,french_bread,559,0.867775
FKIT,S+X2_M3_r1,french_bread,560,0.872137
FKIT,S+X2_M3_r1,french_bread,561,0.875502
FKIT,S+X2_M3_r1,french_bread,562,0.856236
FKIT,S+X2_M3_r1,french_bread,563,0.861589
FKIT,S+X2_M3_r1,french_bread,564,0.870118
FKIT,S+X2_M3_r1,french_bread,565,0.846921
FKIT,S+X2_M3_r1,french_bread,566,0.867639
FKIT,S+X2_M3_r1,french_bread,567,0.870378
FKIT,S+X2_M3_r1,french_bread,568,0.878769
FKIT,S+X2_M3_r1,french_bread,569,0.897857
FKIT,S+X2_M3_r1,french_bread,570,0.889809
FKIT,S+X2_M3_r1,french_bread,571,0.906235
FKIT,S+X2_M3_r1,french_bread,572,0.896750
FKIT,S+X2_M3_r1,french_bread,573,0.885650
FKIT,S+X2_M3_r1,french_bread,574,0.886093
FKIT,S+X2_M3_r1,french_bread,575,0.877644
FKIT,S+X2_M3_r1,french_bread,576,0.874988
FKIT,S+X2_M3_r1,french_bread,577,0.879734
FKIT,S+X2_M3_r1,french_bread,578,0.875037
FKIT,S+X2_M3_r1,french_bread,579,0.939557
FKIT,S+X2_M3_r1,french_bread,580,0.938422
FKIT,S+X2_M3_r1,french_bread,581,0.923671
FKIT,S+X2_M3_r1,french_bread,582,0.917557
FKIT,S+X2_M3_r1,french_bread,583,0.934937
FKIT,S+X2_M3_r1,french_bread,584,0.946285
FKIT,S+X2_M3_r1,french_bread,585,0.952632
FKIT,S+X2_M3_r1,french_bread,586,0.953446
FKIT,S+X2_M3_r1,french_bread,587,0.955139
FKIT,S+X2_M3_r1,french_bread,588,0.961893
FKIT,S+X2_M3_r1,french_bread,589,0.967488
FKIT,S+X2_M3_r1,french_bread,590,0.969300
FKIT,S+X2_M3_r1,french_bread,591,0.969199
FKIT,S+X2_M3_r1,french_bread,592,0.971477
FKIT,S+X2_M3_r1,french_bread,593,0.967344
FKIT,S+X2_M3_r1,french_bread,594,0.964180
FKIT,S+X2_M3_r1,french_bread,595,0.969945
FKIT,S+X2_M3_r1,french_bread,596,0.968084
FKIT,S+X2_M3_r1,french_bread,597,0.967959
FKIT,S+X2_M3_r1,french_bread,598,0.963090
FKIT,S+X2_M3_r1,french_bread,599,0.958842
FKIT,S+X2_M3_r1,french_bread,600,0.960649
FKIT,S+X2_M3_r1,french_bread,601,0.956034
FKIT,S+X2_M3_r1,french_bread,602,0.962344
FKIT,S+X2_M3_r1,french_bread,603,0.959081
FKIT,S+X2_M3_r1,french_bread,604,0.958933
FKIT,S+X2_M3_r1,french_bread,605,0.956545
FKIT,S+X2_M3_r1,french_bread,606,0.971528
FKIT,S+X2_M3_r1,french_bread,607,0.966297
FKIT,S+X2_M3_r1,french_bread,608,0.971575
FKIT,S+X2_M3_r1,french_bread,609,0.958464
FKIT,S+X2_M3_r1,french_bread,610,0.965254
FKIT,S+X2_M3_r1,french_bread,611,0.961399
FKIT,S+X2_M3_r1,french_bread,612,0.964836
FKIT,S+X2_M3_r1,french_bread,613,0.968407
FKIT,S+X2_M3_r1,french_bread,614,0.968246
FKIT,S+X2_M3_r1,french_bread,615,0.971661
FKIT,S+X2_M3_r1,french_bread,616,0.968672
FKIT,S+X2_M3_r1,french_bread,617,0.972213
FKIT,S+X2_M3_r1,french_bread,618,0.969725
FKIT,S+X2_M3_r1,french_bread,619,0.958945
FKIT,S+X2_M3_r1,french_bread,620,0.961698
FKIT,S+X2_M3_r1,french_bread,621,0.961502
FKIT,S+X2_M3_r1,french_bread,622,0.962311
FKIT,S+X2_M3_r1,french_bread,623,0.965430
FKIT,S+X2_M3_r1,french_bread,624,0.966800
FKIT,S+X2_M3_r1,french_bread,625,0.967719
FKIT,S+X2_M3_r1,french_bread,626,0.968089
FKIT,S+X2_M3_r1,french_bread,627,0.969163
FKIT,S+X2_M3_r1,french_bread,628,0.962291
FKIT,S+X2_M3_r1,french_bread,629,0.962920
FKIT,S+X2_M3_r1,french_bread,630,0.964634
FKIT,S+X2_M3_r1,french_bread,631,0.961612
FKIT,S+X2_M3_r1,french_bread,632,0.965065
FKIT,S+X2_M3_r1,french_bread,633,0.963472
FKIT,S+X2_M3_r1,french_bread,634,0.965819
FKIT,S+X2_M3_r1,french_bread,635,0.965830
FKIT,S+X2_M3_r1,french_bread,636,0.967090
FKIT,S+X2_M3_r1,french_bread,637,0.962602
FKIT,S+X2_M3_r1,french_bread,638,0.965136
FKIT,S+X2_M3_r1,french_bread,639,0.965873
FKIT,S+X2_M3_r1,french_bread,640,0.966309
FKIT,S+X2_M3_r1,french_bread,641,0.963421
FKIT,S+X2_M3_r1,french_bread,642,0.966472
FKIT,S+X2_M3_r1,french_bread,643,0.960965
FKIT,S+X2_M3_r1,french_bread,644,0.962061
FKIT,S+X2_M3_r1,french_bread,645,0.958833
FKIT,S+X2_M3_r1,french_bread,646,0.956850
FKIT,S+X2_M3_r1,french_bread,647,0.958939
FKIT,S+X2_M3_r1,french_bread,648,0.946956
FKIT,S+X2_M3_r1,french_bread,649,0.962359
FKIT,S+X2_M3_r1,french_bread,650,0.961422
FKIT,S+X2_M3_r1,french_bread,651,0.946109
FKIT,S+X2_M3_r1,french_bread,652,0.950452
FKIT,S+X2_M3_r1,french_bread,653,0.958585
FKIT,S+X2_M3_r1,french_bread,654,0.953820
FKIT,S+X2_M3_r1,french_bread,655,0.954288
FKIT,S+X2_M3_r1,french_bread,656,0.961786
FKIT,S+X2_M3_r1,french_bread,657,0.920353
FKIT,S+X2_M3_r1,french_bread,658,0.958258
FKIT,S+X2_M3_r1,french_bread,659,0.965650
FKIT,S+X2_M3_r1,french_bread,660,0.966069
FKIT,S+X2_M3_r1,french_bread,661,0.954949
FKIT,S+X2_M3_r1,french_bread,662,0.955114
FKIT,S+X2_M3_r1,french_bread,663,0.943361
FKIT,S+X2_M3_r1,french_bread,664,0.952798
FKIT,S+X2_M3_r1,french_bread,665,0.922629
FKIT,S+X2_M3_r1,french_bread,666,0.915734
FKIT,S+X2_M3_r1,french_bread,667,0.888154
FKIT,S+X2_M3_r1,french_bread,668,0.841955
FKIT,S+X2_M3_r1,french_bread,669,0.860199
FKIT,S+X2_M3_r1,french_bread,670,0.828766
FKIT,S+X2_M3_r1,french_bread,671,0.795145
FKIT,S+X2_M3_r1,french_bread,672,0.723293
FKIT,S+X2_M3_r1,french_bread,673,0.712201
FKIT,S+X2_M3_r1,french_bread,674,0.676373
FKIT,S+X2_M3_r1,french_bread,675,0.701885
FKIT,S+X2_M3_r1,french_bread,676,0.671335
FKIT,S+X2_M3_r1,french_bread,677,0.616055
FKIT,S+X2_M3_r1,french_bread,678,0.616268
FKIT,S+X2_M3_r1,french_bread,679,0.656508
FKIT,S+X2_M3_r1,french_bread,680,0.664261
FKIT,S+X2_M3_r1,french_bread,681,0.633830
FKIT,S+X2_M3_r1,french_bread,682,0.627320
FKIT,S+X2_M3_r1,french_bread,683,0.628688
FKIT,S+X2_M3_r1,french_bread,684,0.616960
FKIT,S+X2_M3_r1,french_bread,685,0.637700
FKIT,S+X2_M3_r1,french_bread,686,0.631826
FKIT,S+X2_M3_r1,french_bread,687,0.626978
FKIT,S+X2_M3_r1,french_bread,688,0.604358
FKIT,S+X2_M3_r1,french_bread,689,0.619101
FKIT,S+X2_M3_r1,french_bread,690,0.648272
FKIT,S+X2_M3_r1,french_bread,691,0.647959
FKIT,S+X2_M3_r1,french_bread,692,0.660632
FKIT,S+X2_M3_r1,french_bread,693,0.656089
FKIT,S+X2_M3_r1,french_bread,694,0.656304
FKIT,S+X2_M3_r1,french_bread,695,0.606752
FKIT,S+X2_M3_r1,french_bread,696,0.676559
FKIT,S+X2_M3_r1,french_bread,697,0.706407
FKIT,S+X2_M3_r1,french_bread,698,0.678175
FKIT,S+X2_M3_r1,french_bread,699,0.834464
FKIT,S+X2_M3_r1,french_bread,700,0.795036
FKIT,S+X2_M3_r1,french_bread,701,0.847905
FKIT,S+X2_M3_r1,french_bread,702,0.856548
FKIT,S+X2_M3_r1,french_bread,703,0.881192
FKIT,S+X2_M3_r1,french_bread,704,0.879005
FKIT,S+X2_M3_r1,french_bread,705,0.879812
FKIT,S+X2_M3_r1,french_bread,706,0.888980
FKIT,S+X2_M3_r1,french_bread,707,0.877793
FKIT,S+X2_M3_r1,french_bread,708,0.876911
FKIT,S+X2_M3_r1,french_bread,709,0.921982
FKIT,S+X2_M3_r1,french_bread,710,0.931485
FKIT,S+X2_M3_r1,french_bread,711,0.931494
FKIT,S+X2_M3_r1,french_bread,712,0.936538
FKIT,S+X2_M3_r1,french_bread,713,0.931462
FKIT,S+X2_M3_r1,french_bread,714,0.925573
FKIT,S+X2_M3_r1,french_bread,715,0.938045
FKIT,S+X2_M3_r1,french_bread,716,0.915069
FKIT,S+X2_M3_r1,french_bread,717,0.922735
FKIT,S+X2_M3_r1,french_bread,718,0.932284
FKIT,S+X2_M3_r1,french_bread,719,0.941241
FKIT,S+X2_M3_r1,french_bread,720,0.927718
FKIT,S+X2_M3_r1,french_bread,721,0.927269
FKIT,S+X2_M3_r1,french_bread,722,0.929103
FKIT,S+X2_M3_r1,french_bread,723,0.934911
FKIT,S+X2_M3_r1,french_bread,724,0.932468
FKIT,S+X2_M3_r1,french_bread,725,0.934081
FKIT,S+X2_M3_r1,french_bread,726,0.946049
FKIT,S+X2_M3_r1,french_bread,727,0.932717
FKIT,S+X2_M3_r1,french_bread,728,0.931086
FKIT,S+X2_M3_r1,french_bread,729,0.962868
FKIT,S+X2_M3_r1,french_bread,730,0.953169
FKIT,S+X2_M3_r1,french_bread,731,0.959621
FKIT,S+X2_M3_r1,french_bread,732,0.954276
FKIT,S+X2_M3_r1,french_bread,733,0.944731
FKIT,S+X2_M3_r1,french_bread,734,0.936411
FKIT,S+X2_M3_r1,french_bread,735,0.933160
FKIT,S+X2_M3_r1,french_bread,736,0.930902
FKIT,S+X2_M3_r1,french_bread,737,0.920849
FKIT,S+X2_M3_r1,french_bread,738,0.926852
FKIT,S+X2_M3_r1,french_bread,739,0.967162
FKIT,S+X2_M3_r1,french_bread,740,0.955989
FKIT,S+X2_M3_r1,french_bread,741,0.952369
FKIT,S+X2_M3_r1,french_bread,742,0.950013
FKIT,S+X2_M3_r1,french_bread,743,0.943379
FKIT,S+X2_M3_r1,french_bread,744,0.927163
FKIT,S+X2_M3_r1,french_bread,745,0.933164
FKIT,S+X2_M3_r1,french_bread,746,0.925630
FKIT,S+X2_M3_r1,french_bread,747,0.925631
FKIT,S+X2_M3_r1,french_bread,748,0.905612
FKIT,S+X2_M3_r1,french_bread,749,0.937025
FKIT,S+X2_M3_r1,french_bread,750,0.936073
FKIT,S+X2_M3_r1,french_bread,751,0.922567
FKIT,S+X2_M3_r1,french_bread,752,0.889992
FKIT,S+X2_M3_r1,french_bread,753,0.860055
FKIT,S+X2_M3_r1,french_bread,754,0.848080
FKIT,S+X2_M3_r1,french_bread,755,0.825936
FKIT,S+X2_M3_r1,french_bread,756,0.789891
FKIT,S+X2_M3_r1,french_bread,757,0.765839
FKIT,S+X2_M3_r1,french_bread,758,0.710730
FKIT,S+X2_M3_r1,french_bread,759,0.791949
FKIT,S+X2_M3_r1,french_bread,760,0.783096
FKIT,S+X2_M3_r1,french_bread,761,0.838652
FKIT,S+X2_M3_r1,french_bread,762,0.822075
FKIT,S+X2_M3_r1,french_bread,763,0.837238
FKIT,S+X2_M3_r1,french_bread,764,0.808459
FKIT,S+X2_M3_r1,french_bread,765,0.776303
FKIT,S+X2_M3_r1,french_bread,766,0.772027
FKIT,S+X2_M3_r1,french_bread,767,0.747304
FKIT,S+X2_M3_r1,french_bread,768,0.716961
FKIT,S+X2_M3_r1,french_bread,769,0.781137
FKIT,S+X2_M3_r1,french_bread,770,0.758421
FKIT,S+X2_M3_r1,french_bread,771,0.770176
FKIT,S+X2_M3_r1,french_bread,772,0.741940
FKIT,S+X2_M3_r1,french_bread,773,0.725961
FKIT,S+X2_M3_r1,french_bread,774,0.735164
FKIT,S+X2_M3_r1,french_bread,775,0.720561
FKIT,S+X2_M3_r1,french_bread,776,0.712511
FKIT,S+X2_M3_r1,french_bread,777,0.781681
FKIT,S+X2_M3_r1,french_bread,778,0.754682
FKIT,S+X2_M3_r1,french_bread,779,0.914658
FKIT,S+X2_M3_r1,french_bread,780,0.914215
FKIT,S+X2_M3_r1,french_bread,781,0.911758
FKIT,S+X2_M3_r1,french_bread,782,0.911903
FKIT,S+X2_M3_r1,french_bread,783,0.914566
FKIT,S+X2_M3_r1,french_bread,784,0.920892
FKIT,S+X2_M3_r1,french_bread,785,0.926489
FKIT,S+X2_M3_r1,french_bread,786,0.917629
FKIT,S+X2_M3_r1,french_bread,787,0.924322
FKIT,S+X2_M3_r1,french_bread,788,0.935971
FKIT,S+X2_M3_r1,french_bread,789,0.956673
FKIT,S+X2_M3_r1,french_bread,790,0.958705
FKIT,S+X2_M3_r1,french_bread,791,0.956150
FKIT,S+X2_M3_r1,french_bread,792,0.958988
FKIT,S+X2_M3_r1,french_bread,793,0.957380
FKIT,S+X2_M3_r1,french_bread,794,0.957459
FKIT,S+X2_M3_r1,french_bread,795,0.966144
FKIT,S+X2_M3_r1,french_bread,796,0.965474
FKIT,S+X2_M3_r1,french_bread,797,0.962803
FKIT,S+X2_M3_r1,french_bread,798,0.966943
FKIT,S+X2_M3_r1,french_bread,799,0.972129
FKIT,S+X2_M3_r1,french_bread,800,0.971770
FKIT,S+X2_M3_r1,french_bread,801,0.965688
FKIT,S+X2_M3_r1,french_bread,802,0.965131
FKIT,S+X2_M3_r1,french_bread,803,0.962646
FKIT,S+X2_M3_r1,french_bread,804,0.954153
FKIT,S+X2_M3_r1,french_bread,805,0.951089
FKIT,S+X2_M3_r1,french_bread,806,0.946739
FKIT,S+X2_M3_r1,french_bread,807,0.942611
FKIT,S+X2_M3_r1,french_bread,808,0.916226
FKIT,S+X2_M3_r1,french_bread,809,0.964973
FKIT,S+X2_M3_r1,french_bread,810,0.963646
FKIT,S+X2_M3_r1,french_bread,811,0.956961
FKIT,S+X2_M3_r1,french_bread,812,0.921089
FKIT,S+X2_M3_r1,french_bread,813,0.940047
FKIT,S+X2_M3_r1,french_bread,814,0.938140
FKIT,S+X2_M3_r1,french_bread,815,0.915642
FKIT,S+X2_M3_r1,french_bread,816,0.928432
FKIT,S+X2_M3_r1,french_bread,817,0.890252
FKIT,S+X2_M3_r1,french_bread,818,0.906258
FKIT,S+X2_M3_r1,french_bread,819,0.948617
FKIT,S+X2_M3_r1,french_bread,820,0.925434
FKIT,S+X2_M3_r1,french_bread,821,0.880633
FKIT,S+X2_M3_r1,french_bread,822,0.893468
FKIT,S+X2_M3_r1,french_bread,823,0.866761
FKIT,S+X2_M3_r1,french_bread,824,0.862356
FKIT,S+X2_M3_r1,french_bread,825,0.860107
FKIT,S+X2_M3_r1,french_bread,826,0.833695
FKIT,S+X2_M3_r1,french_bread,827,0.838814
FKIT,S+X2_M3_r1,french_bread,828,0.837073
FKIT,S+X2_M3_r1,french_bread,829,0.897400
FKIT,S+X2_M3_r1,french_bread,830,0.892796
FKIT,S+X2_M3_r1,french_bread,831,0.881600
FKIT,S+X2_M3_r1,french_bread,832,0.876895
FKIT,S+X2_M3_r1,french_bread,833,0.873548
FKIT,S+X2_M3_r1,french_bread,834,0.858641
FKIT,S+X2_M3_r1,french_bread,835,0.833359
FKIT,S+X2_M3_r1,french_bread,836,0.846209
FKIT,S+X2_M3_r1,french_bread,837,0.839334
FKIT,S+X2_M3_r1,french_bread,838,0.825011
FKIT,S+X2_M3_r1,french_bread,839,0.892706
FKIT,S+X2_M3_r1,french_bread,840,0.892929
FKIT,S+X2_M3_r1,french_bread,841,0.900118
FKIT,S+X2_M3_r1,french_bread,842,0.903863
FKIT,S+X2_M3_r1,french_bread,843,0.905070
FKIT,S+X2_M3_r1,french_bread,844,0.920984
FKIT,S+X2_M3_r1,french_bread,845,0.934141
FKIT,S+X2_M3_r1,french_bread,846,0.922673
FKIT,S+X2_M3_r1,french_bread,847,0.925083
FKIT,S+X2_M3_r1,french_bread,848,0.929552
FKIT,S+X2_M3_r1,french_bread,849,0.957716
FKIT,S+X2_M3_r1,french_bread,850,0.952471
FKIT,S+X2_M3_r1,french_bread,851,0.953360
FKIT,S+X2_M3_r1,french_bread,852,0.938052
FKIT,S+X2_M3_r1,french_bread,853,0.927552
FKIT,S+X2_M3_r1,french_bread,854,0.927237
FKIT,S+X2_M3_r1,french_bread,855,0.916974
FKIT,S+X2_M3_r1,french_bread,856,0.894176
FKIT,S+X2_M3_r1,french_bread,857,0.889094
FKIT,S+X2_M3_r1,french_bread,858,0.870176
FKIT,S+X2_M3_r1,french_bread,859,0.912916
FKIT,S+X2_M3_r1,french_bread,860,0.967403
FKIT,S+X2_M3_r1,french_bread,861,0.933939
FKIT,S+X2_M3_r1,french_bread,862,0.963620
FKIT,S+X2_M3_r1,french_bread,863,0.968317
FKIT,S+X2_M3_r1,french_bread,864,0.970074
FKIT,S+X2_M3_r1,french_bread,865,0.947476
FKIT,S+X2_M3_r1,french_bread,866,0.930475
FKIT,S+X2_M3_r1,french_bread,867,0.919707
FKIT,S+X2_M3_r1,french_bread,868,0.938478
FKIT,S+X2_M3_r1,french_bread,869,0.972897
FKIT,S+X2_M3_r1,french_bread,870,0.975767
FKIT,S+X2_M3_r1,french_bread,871,0.975157
FKIT,S+X2_M3_r1,french_bread,872,0.976115
FKIT,S+X2_M3_r1,french_bread,873,0.976459
FKIT,S+X2_M3_r1,french_bread,874,0.975277
FKIT,S+X2_M3_r1,french_bread,875,0.970739
FKIT,S+X2_M3_r1,french_bread,876,0.967587
FKIT,S+X2_M3_r1,french_bread,877,0.965222
FKIT,S+X2_M3_r1,french_bread,878,0.969590
FKIT,S+X2_M3_r1,french_bread,879,0.981245
FKIT,S+X2_M3_r1,french_bread,880,0.979214
FKIT,S+X2_M3_r1,french_bread,881,0.976865
FKIT,S+X2_M3_r1,french_bread,882,0.975439
FKIT,S+X2_M3_r1,french_bread,883,0.977611
FKIT,S+X2_M3_r1,french_bread,884,0.976472
FKIT,S+X2_M3_r1,french_bread,885,0.973043
FKIT,S+X2_M3_r1,french_bread,886,0.975514
FKIT,S+X2_M3_r1,french_bread,887,0.975746
FKIT,S+X2_M3_r1,french_bread,888,0.973523
FKIT,S+X2_M3_r1,french_bread,889,0.968454
FKIT,S+X2_M3_r1,french_bread,890,0.965359
FKIT,S+X2_M3_r1,french_bread,891,0.971042
FKIT,S+X2_M3_r1,french_bread,892,0.969143
FKIT,S+X2_M3_r1,french_bread,893,0.974083
FKIT,S+X2_M3_r1,french_bread,894,0.976180
FKIT,S+X2_M3_r1,french_bread,895,0.976506
FKIT,S+X2_M3_r1,french_bread,896,0.978203
FKIT,S+X2_M3_r1,french_bread,897,0.976389
FKIT,S+X2_M3_r1,french_bread,898,0.980556
FKIT,S+X2_M3_r1,french_bread,899,0.970298
FKIT,S+X2_M3_r1,french_bread,900,0.976091
FKIT,S+X2_M3_r1,french_bread,901,0.971748
FKIT,S+X2_M3_r1,french_bread,902,0.974422
FKIT,S+X2_M3_r1,french_bread,903,0.977231
FKIT,S+X2_M3_r1,french_bread,904,0.976946
FKIT,S+X2_M3_r1,french_bread,905,0.979089
FKIT,S+X2_M3_r1,french_bread,906,0.978469
FKIT,S+X2_M3_r1,french_bread,907,0.976113
FKIT,S+X2_M3_r1,french_bread,908,0.969791
FKIT,S+X2_M3_r1,french_bread,909,0.975238
FKIT,S+X2_M3_r1,french_bread,910,0.970098
FKIT,S+X2_M3_r1,french_bread,911,0.972822
FKIT,S+X2_M3_r1,french_bread,912,0.967422
FKIT,S+X2_M3_r1,french_bread,913,0.974092
FKIT,S+X2_M3_r1,french_bread,914,0.974235
FKIT,S+X2_M3_r1,french_bread,915,0.968683
FKIT,S+X2_M3_r1,french_bread,916,0.969334
FKIT,S+X2_M3_r1,french_bread,917,0.970436
FKIT,S+X2_M3_r1,french_bread,918,0.967534
FKIT,S+X2_M3_r1,french_bread,919,0.963882
FKIT,S+X2_M3_r1,french_bread,920,0.965995
FKIT,S+X2_M3_r1,french_bread,921,0.965833
FKIT,S+X2_M3_r1,french_bread,922,0.965302
FKIT,S+X2_M3_r1,french_bread,923,0.968151
FKIT,S+X2_M3_r1,french_bread,924,0.968683
FKIT,S+X2_M3_r1,french_bread,925,0.967423
FKIT,S+X2_M3_r1,french_bread,926,0.965165
FKIT,S+X2_M3_r1,french_bread,927,0.966663
FKIT,S+X2_M3_r1,french_bread,928,0.960542
FKIT,S+X2_M3_r1,french_bread,929,0.955828
FKIT,S+X2_M3_r1,french_bread,930,0.958111
FKIT,S+X2_M3_r1,french_bread,931,0.955202
FKIT,S+X2_M3_r1,french_bread,932,0.953622
FKIT,S+X2_M3_r1,french_bread,933,0.953922
FKIT,S+X2_M3_r1,french_bread,934,0.960974
FKIT,S+X2_M3_r1,french_bread,935,0.960958
FKIT,S+X2_M3_r1,french_bread,936,0.961984
FKIT,S+X2_M3_r1,french_bread,937,0.963112
FKIT,S+X2_M3_r1,french_bread,938,0.959286
FKIT,S+X2_M3_r1,french_bread,939,0.956622
FKIT,S+X2_M3_r1,french_bread,940,0.957321
FKIT,S+X2_M3_r1,french_bread,941,0.957791
FKIT,S+X2_M3_r1,french_bread,942,0.955115
FKIT,S+X2_M3_r1,french_bread,943,0.958302
FKIT,S+X2_M3_r1,french_bread,944,0.966551
FKIT,S+X2_M3_r1,french_bread,945,0.968107
FKIT,S+X2_M3_r1,french_bread,946,0.974328
FKIT,S+X2_M3_r1,french_bread,947,0.976116
FKIT,S+X2_M3_r1,french_bread,948,0.976134
FKIT,S+X2_M3_r1,french_bread,949,0.965820
FKIT,S+X2_M3_r1,french_bread,950,0.967383
FKIT,S+X2_M3_r1,french_bread,951,0.967421
FKIT,S+X2_M3_r1,french_bread,952,0.966344
FKIT,S+X2_M3_r1,french_bread,953,0.967271
FKIT,S+X2_M3_r1,french_bread,954,0.966150
FKIT,S+X2_M3_r1,french_bread,955,0.967414
FKIT,S+X2_M3_r1,french_bread,956,0.968446
FKIT,S+X2_M3_r1,french_bread,957,0.965544
FKIT,S+X2_M3_r1,french_bread,958,0.972085
FKIT,S+X2_M3_r1,french_bread,959,0.962814
FKIT,S+X2_M3_r1,french_bread,960,0.965203
FKIT,S+X2_M3_r1,french_bread,961,0.962074
FKIT,S+X2_M3_r1,french_bread,962,0.962343
FKIT,S+X2_M3_r1,french_bread,963,0.959458
FKIT,S+X2_M3_r1,french_bread,964,0.964778
FKIT,S+X2_M3_r1,french_bread,965,0.962847
FKIT,S+X2_M3_r1,french_bread,966,0.962971
FKIT,S+X2_M3_r1,french_bread,967,0.962336
FKIT,S+X2_M3_r1,french_bread,968,0.966583
FKIT,S+X2_M3_r1,french_bread,969,0.959304
FKIT,S+X2_M3_r1,french_bread,970,0.963479
FKIT,S+X2_M3_r1,french_bread,971,0.960857
FKIT,S+X2_M3_r1,french_bread,972,0.957026
FKIT,S+X2_M3_r1,french_bread,973,0.954881
FKIT,S+X2_M3_r1,french_bread,974,0.954321
FKIT,S+X2_M3_r1,french_bread,975,0.950859
FKIT,S+X2_M3_r1,french_bread,976,0.953479
FKIT,S+X2_M3_r1,french_bread,977,0.954669
FKIT,S+X2_M3_r1,french_bread,978,0.959443
FKIT,S+X2_M3_r1,french_bread,979,0.959302
FKIT,S+X2_M3_r1,french_bread,980,0.960430
FKIT,S+X2_M3_r1,french_bread,981,0.963083
FKIT,S+X2_M3_r1,french_bread,982,0.957032
FKIT,S+X2_M3_r1,french_bread,983,0.961583
FKIT,S+X2_M3_r1,french_bread,984,0.958879
FKIT,S+X2_M3_r1,french_bread,985,0.962610
FKIT,S+X2_M3_r1,french_bread,986,0.961924
FKIT,S+X2_M3_r1,french_bread,987,0.958876
FKIT,S+X2_M3_r1,french_bread,988,0.959471
FKIT,S+X2_M3_r1,french_bread,989,0.958625
FKIT,S+X2_M3_r1,french_bread,990,0.956598
FKIT,S+X2_M3_r1,french_bread,991,0.949559
FKIT,S+X2_M3_r1,french_bread,992,0.955220
FKIT,S+X2_M3_r1,french_bread,993,0.938242
FKIT,S+X2_M3_r1,french_bread,994,0.946242
FKIT,S+X2_M3_r1,french_bread,995,0.948278
FKIT,S+X2_M3_r1,french_bread,996,0.942014
FKIT,S+X2_M3_r1,french_bread,997,0.927869
FKIT,S+X2_M3_r1,french_bread,998,0.908637
FKIT,S+X2_M3_r1,french_bread,999,0.946169
FKIT,S+X2_M3_r1,french_bread,1000,0.951481
FKIT,S+X2_M3_r1,french_bread,1001,0.947831
FKIT,S+X2_M3_r1,french_bread,1002,0.941051
FKIT,S+X2_M3_r1,french_bread,1003,0.942866
FKIT,S+X2_M3_r1,french_bread,1004,0.937798
FKIT,S+X2_M3_r1,french_bread,1005,0.928388
FKIT,S+X2_M3_r1,french_bread,1006,0.924217
FKIT,S+X2_M3_r1,french_bread,1007,0.923604
FKIT,S+X2_M3_r1,french_bread,1008,0.877092
FKIT,S+X2_M3_r1,french_bread,1009,0.949181
FKIT,S+X2_M3_r1,french_bread,1010,0.952440
FKIT,S+X2_M3_r1,french_bread,1011,0.948812
FKIT,S+X2_M3_r1,french_bread,1012,0.951688
FKIT,S+X2_M3_r1,french_bread,1013,0.949828
FKIT,S+X2_M3_r1,french_bread,1014,0.956469
FKIT,S+X2_M3_r1,french_bread,1015,0.961090
FKIT,S+X2_M3_r1,french_bread,1016,0.955894
FKIT,S+X2_M3_r1,french_bread,1017,0.963328
FKIT,S+X2_M3_r1,french_bread,1018,0.963587
FKIT,S+X2_M3_r1,french_bread,1019,0.965650
FKIT,S+X2_M3_r1,french_bread,1020,0.960135
FKIT,S+X2_M3_r1,french_bread,1021,0.964185
FKIT,S+X2_M3_r1,french_bread,1022,0.960626
FKIT,S+X2_M3_r1,french_bread,1023,0.958475
FKIT,S+X2_M3_r1,french_bread,1024,0.961558
FKIT,S+X2_M3_r1,french_bread,1025,0.955554
FKIT,S+X2_M3_r1,french_bread,1026,0.956573
FKIT,S+X2_M3_r1,french_bread,1027,0.961424
FKIT,S+X2_M3_r1,french_bread,1028,0.964824
FKIT,S+X2_M3_r1,french_bread,1029,0.961422
FKIT,S+X2_M3_r1,french_bread,1030,0.962432
FKIT,S+X2_M3_r1,french_bread,1031,0.962087
FKIT,S+X2_M3_r1,french_bread,1032,0.959682
FKIT,S+X2_M3_r1,french_bread,1033,0.960735
FKIT,S+X2_M3_r1,french_bread,1034,0.966366
FKIT,S+X2_M3_r1,french_bread,1035,0.965029
FKIT,S+X2_M3_r1,french_bread,1036,0.959257
FKIT,S+X2_M3_r1,french_bread,1037,0.945655
FKIT,S+X2_M3_r1,french_bread,1038,0.948275
FKIT,S+X2_M3_r1,french_bread,1039,0.960293
FKIT,S+X2_M3_r1,french_bread,1040,0.962290
FKIT,S+X2_M3_r1,french_bread,1041,0.963219
FKIT,S+X2_M3_r1,french_bread,1042,0.957725
FKIT,S+X2_M3_r1,french_bread,1043,0.964291
FKIT,S+X2_M3_r1,french_bread,1044,0.968412
FKIT,S+X2_M3_r1,french_bread,1045,0.964187
FKIT,S+X2_M3_r1,french_bread,1046,0.959618
FKIT,S+X2_M3_r1,french_bread,1047,0.966718
FKIT,S+X2_M3_r1,french_bread,1048,0.961876
FKIT,S+X2_M3_r1,french_bread,1049,0.962911
FKIT,S+X2_M3_r1,french_bread,1050,0.964334
FKIT,S+X2_M3_r1,french_bread,1051,0.961262
FKIT,S+X2_M3_r1,french_bread,1052,0.962089
FKIT,S+X2_M3_r1,french_bread,1053,0.960553
FKIT,S+X2_M3_r1,french_bread,1054,0.961297
FKIT,S+X2_M3_r1,french_bread,1055,0.959284
FKIT,S+X2_M3_r1,french_bread,1056,0.962264
FKIT,S+X2_M3_r1,french_bread,1057,0.958225
FKIT,S+X2_M3_r1,french_bread,1058,0.960141
FKIT,S+X2_M3_r1,french_bread,1059,0.955934
FKIT,S+X2_M3_r1,french_bread,1060,0.958852
FKIT,S+X2_M3_r1,french_bread,1061,0.957409
FKIT,S+X2_M3_r1,french_bread,1062,0.954952
FKIT,S+X2_M3_r1,french_bread,1063,0.957098
FKIT,S+X2_M3_r1,french_bread,1064,0.958403
FKIT,S+X2_M3_r1,french_bread,1065,0.957853
FKIT,S+X2_M3_r1,french_bread,1066,0.963061
FKIT,S+X2_M3_r1,french_bread,1067,0.960823
FKIT,S+X2_M3_r1,french_bread,1068,0.963101
FKIT,S+X2_M3_r1,french_bread,1069,0.962722
FKIT,S+X2_M3_r1,french_bread,1070,0.962025
FKIT,S+X2_M3_r1,french_bread,1071,0.963862
FKIT,S+X2_M3_r1,french_bread,1072,0.962564
FKIT,S+X2_M3_r1,french_bread,1073,0.965975
FKIT,S+X2_M3_r1,french_bread,1074,0.967372
FKIT,S+X2_M3_r1,french_bread,1075,0.964553
FKIT,S+X2_M3_r1,french_bread,1076,0.968168
FKIT,S+X2_M3_r1,french_bread,1077,0.967526
FKIT,S+X2_M3_r1,french_bread,1078,0.970148
FKIT,S+X2_M3_r1,french_bread,1079,0.964271
FKIT,S+X2_M3_r1,french_bread,1080,0.966927
FKIT,S+X2_M3_r1,french_bread,1081,0.968132
FKIT,S+X2_M3_r1,french_bread,1082,0.969507
FKIT,S+X2_M3_r1,french_bread,1083,0.963019
FKIT,S+X2_M3_r1,french_bread,1084,0.971947
FKIT,S+X2_M3_r1,french_bread,1085,0.966635
FKIT,S+X2_M3_r1,french_bread,1086,0.970054
FKIT,S+X2_M3_r1,french_bread,1087,0.972544
FKIT,S+X2_M3_r1,french_bread,1088,0.974582
FKIT,S+X2_M3_r1,french_bread,1089,0.968311
FKIT,S+X2_M3_r1,french_bread,1090,0.969297
FKIT,S+X2_M3_r1,french_bread,1091,0.972088
FKIT,S+X2_M3_r1,french_bread,1092,0.968067
FKIT,S+X2_M3_r1,french_bread,1093,0.972181
FKIT,S+X2_M3_r1,french_bread,1094,0.974689
FKIT,S+X2_M3_r1,french_bread,1095,0.973080
FKIT,S+X2_M3_r1,french_bread,1096,0.973406
FKIT,S+X2_M3_r1,french_bread,1097,0.972252
FKIT,S+X2_M3_r1,french_bread,1098,0.969249
FKIT,S+X2_M3_r1,french_bread,1099,0.971380
FKIT,S+X2_M3_r1,french_bread,1100,0.968377
FKIT,S+X2_M3_r1,french_bread,1101,0.971778
FKIT,S+X2_M3_r1,french_bread,1102,0.969628
FKIT,S+X2_M3_r1,french_bread,1103,0.969680
FKIT,S+X2_M3_r1,french_bread,1104,0.964990
FKIT,S+X2_M3_r1,french_bread,1105,0.970909
FKIT,S+X2_M3_r1,french_bread,1106,0.971901
FKIT,S+X2_M3_r1,french_bread,1107,0.971341
FKIT,S+X2_M3_r1,french_bread,1108,0.970377
FKIT,S+X2_M3_r1,french_bread,1109,0.968908
FKIT,S+X2_M3_r1,french_bread,1110,0.971194
FKIT,S+X2_M3_r1,french_bread,1111,0.969865
FKIT,S+X2_M3_r1,french_bread,1112,0.968770
FKIT,S+X2_M3_r1,french_bread,1113,0.969500
FKIT,S+X2_M3_r1,french_bread,1114,0.970736
FKIT,S+X2_M3_r1,french_bread,1115,0.971061
FKIT,S+X2_M3_r1,french_bread,1116,0.966004
FKIT,S+X2_M3_r1,french_bread,1117,0.971851
FKIT,S+X2_M3_r1,french_bread,1118,0.971569
FKIT,S+X2_M3_r1,french_bread,1119,0.968523
FKIT,S+X2_M3_r1,french_bread,1120,0.969141
FKIT,S+X2_M3_r1,french_bread,1121,0.965929
FKIT,S+X2_M3_r1,french_bread,1122,0.970787
FKIT,S+X2_M3_r1,french_bread,1123,0.969753
FKIT,S+X2_M3_r1,french_bread,1124,0.973930
FKIT,S+X2_M3_r1,french_bread,1125,0.971332
FKIT,S+X2_M3_r1,french_bread,1126,0.973173
FKIT,S+X2_M3_r1,french_bread,1127,0.972395
FKIT,S+X2_M3_r1,french_bread,1128,0.974773
FKIT,S+X2_M3_r1,french_bread,1129,0.974951
FKIT,S+X2_M3_r1,french_bread,1130,0.975624
FKIT,S+X2_M3_r1,french_bread,1131,0.976147
FKIT,S+X2_M3_r1,french_bread,1132,0.976100
FKIT,S+X2_M3_r1,french_bread,1133,0.977829
FKIT,S+X2_M3_r1,french_bread,1134,0.977719
FKIT,S+X2_M3_r1,french_bread,1135,0.977260
FKIT,S+X2_M3_r1,french_bread,1136,0.975974
FKIT,S+X2_M3_r1,french_bread,1137,0.978517
FKIT,S+X2_M3_r1,french_bread,1138,0.979280
FKIT,S+X2_M3_r1,lemon,0,0.951479
FKIT,S+X2_M3_r1,lemon,1,0.930846
FKIT,S+X2_M3_r1,lemon,2,0.938971
FKIT,S+X2_M3_r1,lemon,3,0.943121
FKIT,S+X2_M3_r1,lemon,4,0.944219
FKIT,S+X2_M3_r1,lemon,5,0.940303
FKIT,S+X2_M3_r1,lemon,6,0.941705
FKIT,S+X2_M3_r1,lemon,7,0.940105
FKIT,S+X2_M3_r1,lemon,8,0.939944
FKIT,S+X2_M3_r1,lemon,9,0.938732
FKIT,S+X2_M3_r1,lemon,10,0.936378
FKIT,S+X2_M3_r1,lemon,11,0.962704
FKIT,S+X2_M3_r1,lemon,12,0.976057
FKIT,S+X2_M3_r1,lemon,13,0.962436
FKIT,S+X2_M3_r1,lemon,14,0.970200
FKIT,S+X2_M3_r1,lemon,15,0.970421
FKIT,S+X2_M3_r1,lemon,16,0.974746
FKIT,S+X2_M3_r1,lemon,17,0.975762
FKIT,S+X2_M3_r1,lemon,18,0.971213
FKIT,S+X2_M3_r1,lemon,19,0.976290
FKIT,S+X2_M3_r1,lemon,20,0.977134
FKIT,S+X2_M3_r1,lemon,21,0.986743
FKIT,S+X2_M3_r1,lemon,22,0.986400
FKIT,S+X2_M3_r1,lemon,23,0.989687
FKIT,S+X2_M3_r1,lemon,24,0.986960
FKIT,S+X2_M3_r1,lemon,25,0.985476
FKIT,S+X2_M3_r1,lemon,26,0.984850
FKIT,S+X2_M3_r1,lemon,27,0.986849
FKIT,S+X2_M3_r1,lemon,28,0.985438
FKIT,S+X2_M3_r1,lemon,29,0.990464
FKIT,S+X2_M3_r1,lemon,30,0.990203
FKIT,S+X2_M3_r1,lemon,31,0.989386
FKIT,S+X2_M3_r1,lemon,32,0.988037
FKIT,S+X2_M3_r1,lemon,33,0.988684
FKIT,S+X2_M3_r1,lemon,34,0.991286
FKIT,S+X2_M3_r1,lemon,35,0.990592
FKIT,S+X2_M3_r1,lemon,36,0.988104
FKIT,S+X2_M3_r1,lemon,37,0.990582
FKIT,S+X2_M3_r1,lemon,38,0.989655
FKIT,S+X2_M3_r1,lemon,39,0.991369
FKIT,S+X2_M3_r1,lemon,40,0.990558
FKIT,S+X2_M3_r1,lemon,41,0.988102
FKIT,S+X2_M3_r1,lemon,42,0.988526
FKIT,S+X2_M3_r1,lemon,43,0.988284
FKIT,S+X2_M3_r1,lemon,44,0.987866
FKIT,S+X2_M3_r1,lemon,45,0.986648
FKIT,S+X2_M3_r1,lemon,46,0.989495
FKIT,S+X2_M3_r1,lemon,47,0.989238
FKIT,S+X2_M3_r1,lemon,48,0.988737
FKIT,S+X2_M3_r1,lemon,49,0.988068
FKIT,S+X2_M3_r1,lemon,50,0.989131
FKIT,S+X2_M3_r1,lemon,51,0.986002
FKIT,S+X2_M3_r1,lemon,52,0.986230
FKIT,S+X2_M3_r1,lemon,53,0.988215
FKIT,S+X2_M3_r1,lemon,54,0.991243
FKIT,S+X2_M3_r1,lemon,55,0.988282
FKIT,S+X2_M3_r1,lemon,56,0.988164
FKIT,S+X2_M3_r1,lemon,57,0.988640
FKIT,S+X2_M3_r1,lemon,58,0.989070
FKIT,S+X2_M3_r1,lemon,59,0.988855
FKIT,S+X2_M3_r1,lemon,60,0.989294
FKIT,S+X2_M3_r1,lemon,61,0.987497
FKIT,S+X2_M3_r1,lemon,62,0.987182
FKIT,S+X2_M3_r1,lemon,63,0.986787
FKIT,S+X2_M3_r1,lemon,64,0.989919
FKIT,S+X2_M3_r1,lemon,65,0.988425
FKIT,S+X2_M3_r1,lemon,66,0.989410
FKIT,S+X2_M3_r1,lemon,67,0.987001
FKIT,S+X2_M3_r1,lemon,68,0.988683
FKIT,S+X2_M3_r1,lemon,69,0.988044
FKIT,S+X2_M3_r1,lemon,70,0.987755
FKIT,S+X2_M3_r1,lemon,71,0.984016
FKIT,S+X2_M3_r1,lemon,72,0.986490
FKIT,S+X2_M3_r1,lemon,73,0.983488
FKIT,S+X2_M3_r1,lemon,74,0.989773
FKIT,S+X2_M3_r1,lemon,75,0.986252
FKIT,S+X2_M3_r1,lemon,76,0.987533
FKIT,S+X2_M3_r1,lemon,77,0.989476
FKIT,S+X2_M3_r1,lemon,78,0.987050
FKIT,S+X2_M3_r1,lemon,79,0.988514
FKIT,S+X2_M3_r1,lemon,80,0.988910
FKIT,S+X2_M3_r1,lemon,81,0.984890
FKIT,S+X2_M3_r1,lemon,82,0.987714
FKIT,S+X2_M3_r1,lemon,83,0.987144
FKIT,S+X2_M3_r1,lemon,84,0.988770
FKIT,S+X2_M3_r1,lemon,85,0.988390
FKIT,S+X2_M3_r1,lemon,86,0.989100
FKIT,S+X2_M3_r1,lemon,87,0.989106
FKIT,S+X2_M3_r1,lemon,88,0.987840
FKIT,S+X2_M3_r1,lemon,89,0.988007
FKIT,S+X2_M3_r1,lemon,90,0.989124
FKIT,S+X2_M3_r1,lemon,91,0.986209
FKIT,S+X2_M3_r1,lemon,92,0.987317
FKIT,S+X2_M3_r1,lemon,93,0.985575
FKIT,S+X2_M3_r1,lemon,94,0.987852
FKIT,S+X2_M3_r1,lemon,95,0.987656
FKIT,S+X2_M3_r1,lemon,96,0.988215
FKIT,S+X2_M3_r1,lemon,97,0.987056
FKIT,S+X2_M3_r1,lemon,98,0.987546
FKIT,S+X2_M3_r1,lemon,99,0.987195
FKIT,S+X2_M3_r1,lemon,100,0.989214
FKIT,S+X2_M3_r1,lemon,101,0.984730
FKIT,S+X2_M3_r1,lemon,102,0.987118
FKIT,S+X2_M3_r1,lemon,103,0.986556
FKIT,S+X2_M3_r1,lemon,104,0.988215
FKIT,S+X2_M3_r1,lemon,105,0.986386
FKIT,S+X2_M3_r1,lemon,106,0.987500
FKIT,S+X2_M3_r1,lemon,107,0.988061
FKIT,S+X2_M3_r1,lemon,108,0.985976
FKIT,S+X2_M3_r1,lemon,109,0.987784
FKIT,S+X2_M3_r1,lemon,110,0.984998
FKIT,S+X2_M3_r1,lemon,111,0.983688
FKIT,S+X2_M3_r1,lemon,112,0.987192
FKIT,S+X2_M3_r1,lemon,113,0.987891
FKIT,S+X2_M3_r1,lemon,114,0.986495
FKIT,S+X2_M3_r1,lemon,115,0.987706
FKIT,S+X2_M3_r1,lemon,116,0.986032
FKIT,S+X2_M3_r1,lemon,117,0.986363
FKIT,S+X2_M3_r1,lemon,118,0.986440
FKIT,S+X2_M3_r1,lemon,119,0.988437
FKIT,S+X2_M3_r1,lemon,120,0.986431
FKIT,S+X2_M3_r1,lemon,121,0.986290
FKIT,S+X2_M3_r1,lemon,122,0.985655
FKIT,S+X2_M3_r1,lemon,123,0.985283
FKIT,S+X2_M3_r1,lemon,124,0.989622
FKIT,S+X2_M3_r1,lemon,125,0.988237
FKIT,S+X2_M3_r1,lemon,126,0.989706
FKIT,S+X2_M3_r1,lemon,127,0.989379
FKIT,S+X2_M3_r1,lemon,128,0.987608
FKIT,S+X2_M3_r1,lemon,129,0.988832
FKIT,S+X2_M3_r1,lemon,130,0.988918
FKIT,S+X2_M3_r1,lemon,131,0.985778
FKIT,S+X2_M3_r1,lemon,132,0.985085
FKIT,S+X2_M3_r1,lemon,133,0.986034
FKIT,S+X2_M3_r1,lemon,134,0.990681
FKIT,S+X2_M3_r1,lemon,135,0.987570
FKIT,S+X2_M3_r1,lemon,136,0.988321
FKIT,S+X2_M3_r1,lemon,137,0.991002
FKIT,S+X2_M3_r1,lemon,138,0.988708
FKIT,S+X2_M3_r1,lemon,139,0.989223
FKIT,S+X2_M3_r1,lemon,140,0.987966
FKIT,S+X2_M3_r1,lemon,141,0.981120
FKIT,S+X2_M3_r1,lemon,142,0.985662
FKIT,S+X2_M3_r1,lemon,143,0.986748
FKIT,S+X2_M3_r1,lemon,144,0.988647
FKIT,S+X2_M3_r1,lemon,145,0.983278
FKIT,S+X2_M3_r1,lemon,146,0.988508
FKIT,S+X2_M3_r1,lemon,147,0.986102
FKIT,S+X2_M3_r1,lemon,148,0.985826
FKIT,S+X2_M3_r1,lemon,149,0.984623
FKIT,S+X2_M3_r1,lemon,150,0.984907
FKIT,S+X2_M3_r1,lemon,151,0.982198
FKIT,S+X2_M3_r1,lemon,152,0.983720
FKIT,S+X2_M3_r1,lemon,153,0.982412
FKIT,S+X2_M3_r1,lemon,154,0.985210
FKIT,S+X2_M3_r1,lemon,155,0.983380
FKIT,S+X2_M3_r1,lemon,156,0.983508
FKIT,S+X2_M3_r1,lemon,157,0.987761
FKIT,S+X2_M3_r1,lemon,158,0.986056
FKIT,S+X2_M3_r1,lemon,159,0.985667
FKIT,S+X2_M3_r1,lemon,160,0.984074
FKIT,S+X2_M3_r1,lemon,161,0.985386
FKIT,S+X2_M3_r1,lemon,162,0.986252
FKIT,S+X2_M3_r1,lemon,163,0.986068
FKIT,S+X2_M3_r1,lemon,164,0.987799
FKIT,S+X2_M3_r1,lemon,165,0.989324
FKIT,S+X2_M3_r1,lemon,166,0.986950
FKIT,S+X2_M3_r1,lemon,167,0.987771
FKIT,S+X2_M3_r1,lemon,168,0.986255
FKIT,S+X2_M3_r1,lemon,169,0.988311
FKIT,S+X2_M3_r1,lemon,170,0.986060
FKIT,S+X2_M3_r1,lemon,171,0.986265
FKIT,S+X2_M3_r1,lemon,172,0.986087
FKIT,S+X2_M3_r1,lemon,173,0.986044
FKIT,S+X2_M3_r1,lemon,174,0.988418
FKIT,S+X2_M3_r1,lemon,175,0.987901
FKIT,S+X2_M3_r1,lemon,176,0.986940
FKIT,S+X2_M3_r1,lemon,177,0.985825
FKIT,S+X2_M3_r1,lemon,178,0.987849
FKIT,S+X2_M3_r1,lemon,179,0.984462
FKIT,S+X2_M3_r1,lemon,180,0.986365
FKIT,S+X2_M3_r1,lemon,181,0.983330
FKIT,S+X2_M3_r1,lemon,182,0.982878
FKIT,S+X2_M3_r1,lemon,183,0.983970
FKIT,S+X2_M3_r1,lemon,184,0.987751
FKIT,S+X2_M3_r1,lemon,185,0.985290
FKIT,S+X2_M3_r1,lemon,186,0.985291
FKIT,S+X2_M3_r1,lemon,187,0.985019
FKIT,S+X2_M3_r1,lemon,188,0.984001
FKIT,S+X2_M3_r1,lemon,189,0.983962
FKIT,S+X2_M3_r1,lemon,190,0.985431
FKIT,S+X2_M3_r1,lemon,191,0.984973
FKIT,S+X2_M3_r1,lemon,192,0.984031
FKIT,S+X2_M3_r1,lemon,193,0.983828
FKIT,S+X2_M3_r1,lemon,194,0.984903
FKIT,S+X2_M3_r1,lemon,195,0.986903
FKIT,S+X2_M3_r1,lemon,196,0.986698
FKIT,S+X2_M3_r1,lemon,197,0.988129
FKIT,S+X2_M3_r1,lemon,198,0.985331
FKIT,S+X2_M3_r1,lemon,199,0.986857
FKIT,S+X2_M3_r1,lemon,200,0.986961
FKIT,S+X2_M3_r1,lemon,201,0.989773
FKIT,S+X2_M3_r1,lemon,202,0.988154
FKIT,S+X2_M3_r1,lemon,203,0.988215
FKIT,S+X2_M3_r1,lemon,204,0.989076
FKIT,S+X2_M3_r1,lemon,205,0.992218
FKIT,S+X2_M3_r1,lemon,206,0.990300
FKIT,S+X2_M3_r1,lemon,207,0.987539
FKIT,S+X2_M3_r1,lemon,208,0.991082
FKIT,S+X2_M3_r1,lemon,209,0.989927
FKIT,S+X2_M3_r1,lemon,210,0.990511
FKIT,S+X2_M3_r1,lemon,211,0.988832
FKIT,S+X2_M3_r1,lemon,212,0.985713
FKIT,S+X2_M3_r1,lemon,213,0.986245
FKIT,S+X2_M3_r1,lemon,214,0.989058
FKIT,S+X2_M3_r1,lemon,215,0.985081
FKIT,S+X2_M3_r1,lemon,216,0.985689
FKIT,S+X2_M3_r1,lemon,217,0.985623
FKIT,S+X2_M3_r1,lemon,218,0.986888
FKIT,S+X2_M3_r1,lemon,219,0.986058
FKIT,S+X2_M3_r1,lemon,220,0.988753
FKIT,S+X2_M3_r1,lemon,221,0.983433
FKIT,S+X2_M3_r1,lemon,222,0.986156
FKIT,S+X2_M3_r1,lemon,223,0.985987
FKIT,S+X2_M3_r1,lemon,224,0.985609
FKIT,S+X2_M3_r1,lemon,225,0.987048
FKIT,S+X2_M3_r1,lemon,226,0.989315
FKIT,S+X2_M3_r1,lemon,227,0.988581
FKIT,S+X2_M3_r1,lemon,228,0.987479
FKIT,S+X2_M3_r1,lemon,229,0.989887
FKIT,S+X2_M3_r1,lemon,230,0.988882
FKIT,S+X2_M3_r1,lemon,231,0.985655
FKIT,S+X2_M3_r1,lemon,232,0.987286
FKIT,S+X2_M3_r1,lemon,233,0.987589
FKIT,S+X2_M3_r1,lemon,234,0.986973
FKIT,S+X2_M3_r1,lemon,235,0.989023
FKIT,S+X2_M3_r1,lemon,236,0.988542
FKIT,S+X2_M3_r1,lemon,237,0.988997
FKIT,S+X2_M3_r1,lemon,238,0.987091
FKIT,S+X2_M3_r1,lemon,239,0.988490
FKIT,S+X2_M3_r1,lemon,240,0.988537
FKIT,S+X2_M3_r1,lemon,241,0.986756
FKIT,S+X2_M3_r1,lemon,242,0.986837
FKIT,S+X2_M3_r1,lemon,243,0.985028
FKIT,S+X2_M3_r1,lemon,244,0.985456
FKIT,S+X2_M3_r1,lemon,245,0.988153
FKIT,S+X2_M3_r1,lemon,246,0.985484
FKIT,S+X2_M3_r1,lemon,247,0.984118
FKIT,S+X2_M3_r1,lemon,248,0.984383
FKIT,S+X2_M3_r1,lemon,249,0.984661
FKIT,S+X2_M3_r1,lemon,250,0.985423
FKIT,S+X2_M3_r1,lemon,251,0.986428
FKIT,S+X2_M3_r1,lemon,252,0.987737
FKIT,S+X2_M3_r1,lemon,253,0.986434
FKIT,S+X2_M3_r1,lemon,254,0.988348
FKIT,S+X2_M3_r1,lemon,255,0.990668
FKIT,S+X2_M3_r1,lemon,256,0.985503
FKIT,S+X2_M3_r1,lemon,257,0.986206
FKIT,S+X2_M3_r1,lemon,258,0.984381
FKIT,S+X2_M3_r1,lemon,259,0.983734
FKIT,S+X2_M3_r1,lemon,260,0.989939
FKIT,S+X2_M3_r1,lemon,261,0.989139
FKIT,S+X2_M3_r1,lemon,262,0.988154
FKIT,S+X2_M3_r1,lemon,263,0.987751
FKIT,S+X2_M3_r1,lemon,264,0.987066
FKIT,S+X2_M3_r1,lemon,265,0.987648
FKIT,S+X2_M3_r1,lemon,266,0.987448
FKIT,S+X2_M3_r1,lemon,267,0.987165
FKIT,S+X2_M3_r1,lemon,268,0.988137
FKIT,S+X2_M3_r1,lemon,269,0.987943
FKIT,S+X2_M3_r1,lemon,270,0.987874
FKIT,S+X2_M3_r1,lemon,271,0.986419
FKIT,S+X2_M3_r1,lemon,272,0.987512
FKIT,S+X2_M3_r1,lemon,273,0.987177
FKIT,S+X2_M3_r1,lemon,274,0.987646
FKIT,S+X2_M3_r1,lemon,275,0.991991
FKIT,S+X2_M3_r1,lemon,276,0.989147
FKIT,S+X2_M3_r1,lemon,277,0.989269
FKIT,S+X2_M3_r1,lemon,278,0.988565
FKIT,S+X2_M3_r1,lemon,279,0.988584
FKIT,S+X2_M3_r1,lemon,280,0.988264
FKIT,S+X2_M3_r1,lemon,281,0.987332
FKIT,S+X2_M3_r1,lemon,282,0.988100
FKIT,S+X2_M3_r1,lemon,283,0.982915
FKIT,S+X2_M3_r1,lemon,284,0.988923
FKIT,S+X2_M3_r1,lemon,285,0.987155
FKIT,S+X2_M3_r1,lemon,286,0.985139
FKIT,S+X2_M3_r1,lemon,287,0.985747
FKIT,S+X2_M3_r1,lemon,288,0.982997
FKIT,S+X2_M3_r1,lemon,289,0.986215
FKIT,S+X2_M3_r1,lemon,290,0.985814
FKIT,S+X2_M3_r1,lemon,291,0.981639
FKIT,S+X2_M3_r1,lemon,292,0.981166
FKIT,S+X2_M3_r1,lemon,293,0.981939
FKIT,S+X2_M3_r1,lemon,294,0.981788
FKIT,S+X2_M3_r1,lemon,295,0.980346
FKIT,S+X2_M3_r1,lemon,296,0.981298
FKIT,S+X2_M3_r1,lemon,297,0.979169
FKIT,S+X2_M3_r1,lemon,298,0.979275
FKIT,S+X2_M3_r1,lemon,299,0.980966
FKIT,S+X2_M3_r1,lemon,300,0.979777
FKIT,S+X2_M3_r1,lemon,301,0.982692
FKIT,S+X2_M3_r1,lemon,302,0.981331
FKIT,S+X2_M3_r1,lemon,303,0.981235
FKIT,S+X2_M3_r1,lemon,304,0.983773
FKIT,S+X2_M3_r1,lemon,305,0.981996
FKIT,S+X2_M3_r1,lemon,306,0.983486
FKIT,S+X2_M3_r1,lemon,307,0.981900
FKIT,S+X2_M3_r1,lemon,308,0.981051
FKIT,S+X2_M3_r1,lemon,309,0.984129
FKIT,S+X2_M3_r1,lemon,310,0.983838
FKIT,S+X2_M3_r1,lemon,311,0.980352
FKIT,S+X2_M3_r1,lemon,312,0.982456
FKIT,S+X2_M3_r1,lemon,313,0.978787
FKIT,S+X2_M3_r1,lemon,314,0.980930
FKIT,S+X2_M3_r1,lemon,315,0.978838
FKIT,S+X2_M3_r1,lemon,316,0.979563
FKIT,S+X2_M3_r1,lemon,317,0.980487
FKIT,S+X2_M3_r1,lemon,318,0.980103
FKIT,S+X2_M3_r1,lemon,319,0.977718
FKIT,S+X2_M3_r1,lemon,320,0.976643
FKIT,S+X2_M3_r1,lemon,321,0.976894
FKIT,S+X2_M3_r1,lemon,322,0.979974
FKIT,S+X2_M3_r1,lemon,323,0.979375
FKIT,S+X2_M3_r1,lemon,324,0.981786
FKIT,S+X2_M3_r1,lemon,325,0.982918
FKIT,S+X2_M3_r1,lemon,326,0.979685
FKIT,S+X2_M3_r1,lemon,327,0.980737
FKIT,S+X2_M3_r1,lemon,328,0.978176
FKIT,S+X2_M3_r1,lemon,329,0.980032
FKIT,S+X2_M3_r1,lemon,330,0.972328
FKIT,S+X2_M3_r1,lemon,331,0.972370
FKIT,S+X2_M3_r1,lemon,332,0.974249
FKIT,S+X2_M3_r1,lemon,333,0.978981
FKIT,S+X2_M3_r1,lemon,334,0.977662
FKIT,S+X2_M3_r1,lemon,335,0.976342
FKIT,S+X2_M3_r1,lemon,336,0.978828
FKIT,S+X2_M3_r1,lemon,337,0.977328
FKIT,S+X2_M3_r1,lemon,338,0.975241
FKIT,S+X2_M3_r1,lemon,339,0.975414
FKIT,S+X2_M3_r1,lemon,340,0.976335
FKIT,S+X2_M3_r1,lemon,341,0.973966
FKIT,S+X2_M3_r1,lemon,342,0.978413
FKIT,S+X2_M3_r1,lemon,343,0.975028
FKIT,S+X2_M3_r1,lemon,344,0.974143
FKIT,S+X2_M3_r1,lemon,345,0.973948
FKIT,S+X2_M3_r1,lemon,346,0.977381
FKIT,S+X2_M3_r1,lemon,347,0.974909
FKIT,S+X2_M3_r1,lemon,348,0.976433
FKIT,S+X2_M3_r1,lemon,349,0.974997
FKIT,S+X2_M3_r1,lemon,350,0.974986
FKIT,S+X2_M3_r1,lemon,351,0.974082
FKIT,S+X2_M3_r1,lemon,352,0.975732
FKIT,S+X2_M3_r1,lemon,353,0.978670
FKIT,S+X2_M3_r1,lemon,354,0.978380
FKIT,S+X2_M3_r1,lemon,355,0.975961
FKIT,S+X2_M3_r1,lemon,356,0.980146
FKIT,S+X2_M3_r1,lemon,357,0.980866
FKIT,S+X2_M3_r1,lemon,358,0.978086
FKIT,S+X2_M3_r1,lemon,359,0.978136
FKIT,S+X2_M3_r1,lemon,360,0.979986
FKIT,S+X2_M3_r1,lemon,361,0.979189
FKIT,S+X2_M3_r1,lemon,362,0.980495
FKIT,S+X2_M3_r1,lemon,363,0.978496
FKIT,S+X2_M3_r1,lemon,364,0.983218
FKIT,S+X2_M3_r1,lemon,365,0.977910
FKIT,S+X2_M3_r1,lemon,366,0.980063
FKIT,S+X2_M3_r1,lemon,367,0.979806
FKIT,S+X2_M3_r1,lemon,368,0.981172
FKIT,S+X2_M3_r1,lemon,369,0.982365
FKIT,S+X2_M3_r1,lemon,370,0.979046
FKIT,S+X2_M3_r1,lemon,371,0.980551
FKIT,S+X2_M3_r1,lemon,372,0.979824
FKIT,S+X2_M3_r1,lemon,373,0.976140
FKIT,S+X2_M3_r1,lemon,374,0.980412
FKIT,S+X2_M3_r1,lemon,375,0.977505
FKIT,S+X2_M3_r1,lemon,376,0.980088
FKIT,S+X2_M3_r1,lemon,377,0.980502
FKIT,S+X2_M3_r1,lemon,378,0.981479
FKIT,S+X2_M3_r1,lemon,379,0.982130
FKIT,S+X2_M3_r1,lemon,380,0.981631
FKIT,S+X2_M3_r1,lemon,381,0.976214
FKIT,S+X2_M3_r1,lemon,382,0.982236
FKIT,S+X2_M3_r1,lemon,383,0.975227
FKIT,S+X2_M3_r1,lemon,384,0.980881
FKIT,S+X2_M3_r1,lemon,385,0.981357
FKIT,S+X2_M3_r1,lemon,386,0.986259
FKIT,S+X2_M3_r1,lemon,387,0.983817
FKIT,S+X2_M3_r1,lemon,388,0.983736
FKIT,S+X2_M3_r1,lemon,389,0.983744
FKIT,S+X2_M3_r1,lemon,390,0.984053
FKIT,S+X2_M3_r1,lemon,391,0.984859
FKIT,S+X2_M3_r1,lemon,392,0.984643
FKIT,S+X2_M3_r1,lemon,393,0.985282
FKIT,S+X2_M3_r1,lemon,394,0.985970
FKIT,S+X2_M3_r1,lemon,395,0.990945
FKIT,S+X2_M3_r1,lemon,396,0.988808
FKIT,S+X2_M3_r1,lemon,397,0.986990
FKIT,S+X2_M3_r1,lemon,398,0.987233
FKIT,S+X2_M3_r1,lemon,399,0.987750
FKIT,S+X2_M3_r1,lemon,400,0.988097
FKIT,S+X2_M3_r1,lemon,401,0.989968
FKIT,S+X2_M3_r1,lemon,402,0.986861
FKIT,S+X2_M3_r1,lemon,403,0.983807
FKIT,S+X2_M3_r1,lemon,404,0.988543
FKIT,S+X2_M3_r1,lemon,405,0.986680
FKIT,S+X2_M3_r1,lemon,406,0.985633
FKIT,S+X2_M3_r1,lemon,407,0.984170
FKIT,S+X2_M3_r1,lemon,408,0.981057
FKIT,S+X2_M3_r1,lemon,409,0.987224
FKIT,S+X2_M3_r1,lemon,410,0.987013
FKIT,S+X2_M3_r1,lemon,411,0.979553
FKIT,S+X2_M3_r1,lemon,412,0.983563
FKIT,S+X2_M3_r1,lemon,413,0.986066
FKIT,S+X2_M3_r1,lemon,414,0.985718
FKIT,S+X2_M3_r1,lemon,415,0.987212
FKIT,S+X2_M3_r1,lemon,416,0.987193
FKIT,S+X2_M3_r1,lemon,417,0.985974
FKIT,S+X2_M3_r1,lemon,418,0.984410
FKIT,S+X2_M3_r1,lemon,419,0.982521
FKIT,S+X2_M3_r1,lemon,420,0.985025
FKIT,S+X2_M3_r1,lemon,421,0.984430
FKIT,S+X2_M3_r1,lemon,422,0.984582
FKIT,S+X2_M3_r1,lemon,423,0.983790
FKIT,S+X2_M3_r1,lemon,424,0.984738
FKIT,S+X2_M3_r1,lemon,425,0.988681
FKIT,S+X2_M3_r1,lemon,426,0.989463
FKIT,S+X2_M3_r1,lemon,427,0.986926
FKIT,S+X2_M3_r1,lemon,428,0.990796
FKIT,S+X2_M3_r1,lemon,429,0.986595
FKIT,S+X2_M3_r1,lemon,430,0.990286
FKIT,S+X2_M3_r1,lemon,431,0.985192
FKIT,S+X2_M3_r1,lemon,432,0.988565
FKIT,S+X2_M3_r1,lemon,433,0.989032
FKIT,S+X2_M3_r1,lemon,434,0.984390
FKIT,S+X2_M3_r1,lemon,435,0.983757
FKIT,S+X2_M3_r1,lemon,436,0.982208
FKIT,S+X2_M3_r1,lemon,437,0.981629
FKIT,S+X2_M3_r1,lemon,438,0.978607
FKIT,S+X2_M3_r1,lemon,439,0.978638
FKIT,S+X2_M3_r1,lemon,440,0.978939
FKIT,S+X2_M3_r1,lemon,441,0.982052
FKIT,S+X2_M3_r1,lemon,442,0.979786
FKIT,S+X2_M3_r1,lemon,443,0.977780
FKIT,S+X2_M3_r1,lemon,444,0.978527
FKIT,S+X2_M3_r1,lemon,445,0.976668
FKIT,S+X2_M3_r1,lemon,446,0.976564
FKIT,S+X2_M3_r1,lemon,447,0.974836
FKIT,S+X2_M3_r1,lemon,448,0.980929
FKIT,S+X2_M3_r1,lemon,449,0.981822
FKIT,S+X2_M3_r1,lemon,450,0.979473
FKIT,S+X2_M3_r1,lemon,451,0.985419
FKIT,S+X2_M3_r1,lemon,452,0.983366
FKIT,S+X2_M3_r1,lemon,453,0.984099
FKIT,S+X2_M3_r1,lemon,454,0.980570
FKIT,S+X2_M3_r1,lemon,455,0.977667
FKIT,S+X2_M3_r1,lemon,456,0.982985
FKIT,S+X2_M3_r1,lemon,457,0.985397
FKIT,S+X2_M3_r1,lemon,458,0.980434
FKIT,S+X2_M3_r1,lemon,459,0.983032
FKIT,S+X2_M3_r1,lemon,460,0.986537
FKIT,S+X2_M3_r1,lemon,461,0.987564
FKIT,S+X2_M3_r1,lemon,462,0.989102
FKIT,S+X2_M3_r1,lemon,463,0.986858
FKIT,S+X2_M3_r1,lemon,464,0.989119
FKIT,S+X2_M3_r1,lemon,465,0.981531
FKIT,S+X2_M3_r1,lemon,466,0.985699
FKIT,S+X2_M3_r1,lemon,467,0.982592
FKIT,S+X2_M3_r1,lemon,468,0.981452
FKIT,S+X2_M3_r1,lemon,469,0.982774
FKIT,S+X2_M3_r1,lemon,470,0.989068
FKIT,S+X2_M3_r1,lemon,471,0.987724
FKIT,S+X2_M3_r1,lemon,472,0.983413
FKIT,S+X2_M3_r1,lemon,473,0.983962
FKIT,S+X2_M3_r1,lemon,474,0.987449
FKIT,S+X2_M3_r1,lemon,475,0.990174
FKIT,S+X2_M3_r1,lemon,476,0.987756
FKIT,S+X2_M3_r1,lemon,477,0.988363
FKIT,S+X2_M3_r1,lemon,478,0.988719
FKIT,S+X2_M3_r1,lemon,479,0.984360
FKIT,S+X2_M3_r1,lemon,480,0.984686
FKIT,S+X2_M3_r1,lemon,481,0.991806
FKIT,S+X2_M3_r1,lemon,482,0.989518
FKIT,S+X2_M3_r1,lemon,483,0.989362
FKIT,S+X2_M3_r1,lemon,484,0.987346
FKIT,S+X2_M3_r1,lemon,485,0.988266
FKIT,S+X2_M3_r1,lemon,486,0.983059
FKIT,S+X2_M3_r1,lemon,487,0.988617
FKIT,S+X2_M3_r1,lemon,488,0.982828
FKIT,S+X2_M3_r1,lemon,489,0.980937
FKIT,S+X2_M3_r1,lemon,490,0.986123
FKIT,S+X2_M3_r1,lemon,491,0.989770
FKIT,S+X2_M3_r1,lemon,492,0.988272
FKIT,S+X2_M3_r1,lemon,493,0.986817
FKIT,S+X2_M3_r1,lemon,494,0.986663
FKIT,S+X2_M3_r1,lemon,495,0.986676
FKIT,S+X2_M3_r1,lemon,496,0.985803
FKIT,S+X2_M3_r1,lemon,497,0.986381
FKIT,S+X2_M3_r1,lemon,498,0.989113
FKIT,S+X2_M3_r1,lemon,499,0.988294
FKIT,S+X2_M3_r1,lemon,500,0.988404
FKIT,S+X2_M3_r1,lemon,501,0.990057
FKIT,S+X2_M3_r1,lemon,502,0.985803
FKIT,S+X2_M3_r1,lemon,503,0.986565
FKIT,S+X2_M3_r1,lemon,504,0.987400
FKIT,S+X2_M3_r1,lemon,505,0.986861
FKIT,S+X2_M3_r1,lemon,506,0.986419
FKIT,S+X2_M3_r1,lemon,507,0.984960
FKIT,S+X2_M3_r1,lemon,508,0.986769
FKIT,S+X2_M3_r1,lemon,509,0.987803
FKIT,S+X2_M3_r1,lemon,510,0.978381
FKIT,S+X2_M3_r1,lemon,511,0.986711
FKIT,S+X2_M3_r1,lemon,512,0.985121
FKIT,S+X2_M3_r1,lemon,513,0.984813
FKIT,S+X2_M3_r1,lemon,514,0.983930
FKIT,S+X2_M3_r1,lemon,515,0.984810
FKIT,S+X2_M3_r1,lemon,516,0.982090
FKIT,S+X2_M3_r1,lemon,517,0.986405
FKIT,S+X2_M3_r1,lemon,518,0.984970
FKIT,S+X2_M3_r1,lemon,519,0.989679
FKIT,S+X2_M3_r1,lemon,520,0.983520
FKIT,S+X2_M3_r1,lemon,521,0.987530
FKIT,S+X2_M3_r1,lemon,522,0.988068
FKIT,S+X2_M3_r1,lemon,523,0.983978
FKIT,S+X2_M3_r1,lemon,524,0.986333
FKIT,S+X2_M3_r1,lemon,525,0.986934
FKIT,S+X2_M3_r1,lemon,526,0.985138
FKIT,S+X2_M3_r1,lemon,527,0.984056
FKIT,S+X2_M3_r1,lemon,528,0.984414
FKIT,S+X2_M3_r1,lemon,529,0.979235
FKIT,S+X2_M3_r1,lemon,530,0.983742
FKIT,S+X2_M3_r1,lemon,531,0.991192
FKIT,S+X2_M3_r1,lemon,532,0.984868
FKIT,S+X2_M3_r1,lemon,533,0.987528
FKIT,S+X2_M3_r1,lemon,534,0.984124
FKIT,S+X2_M3_r1,lemon,535,0.981556
FKIT,S+X2_M3_r1,lemon,536,0.982154
FKIT,S+X2_M3_r1,lemon,537,0.978139
FKIT,S+X2_M3_r1,lemon,538,0.978952
FKIT,S+X2_M3_r1,lemon,539,0.974351
FKIT,S+X2_M3_r1,lemon,540,0.974036
FKIT,S+X2_M3_r1,lemon,541,0.979879
FKIT,S+X2_M3_r1,lemon,542,0.984696
FKIT,S+X2_M3_r1,lemon,543,0.982292
FKIT,S+X2_M3_r1,lemon,544,0.981936
FKIT,S+X2_M3_r1,lemon,545,0.978107
FKIT,S+X2_M3_r1,lemon,546,0.975256
FKIT,S+X2_M3_r1,lemon,547,0.980868
FKIT,S+X2_M3_r1,lemon,548,0.975506
FKIT,S+X2_M3_r1,lemon,549,0.978893
FKIT,S+X2_M3_r1,lemon,550,0.978754
FKIT,S+X2_M3_r1,lemon,551,0.980565
FKIT,S+X2_M3_r1,lemon,552,0.979579
FKIT,S+X2_M3_r1,lemon,553,0.977138
FKIT,S+X2_M3_r1,lemon,554,0.978103
FKIT,S+X2_M3_r1,lemon,555,0.975029
FKIT,S+X2_M3_r1,lemon,556,0.974216
FKIT,S+X2_M3_r1,lemon,557,0.976021
FKIT,S+X2_M3_r1,lemon,558,0.973417
FKIT,S+X2_M3_r1,lemon,559,0.977586
FKIT,S+X2_M3_r1,lemon,560,0.975735
FKIT,S+X2_M3_r1,lemon,561,0.981153
FKIT,S+X2_M3_r1,lemon,562,0.977895
FKIT,S+X2_M3_r1,lemon,563,0.980852
FKIT,S+X2_M3_r1,lemon,564,0.979080
FKIT,S+X2_M3_r1,lemon,565,0.984848
FKIT,S+X2_M3_r1,lemon,566,0.983345
FKIT,S+X2_M3_r1,lemon,567,0.978230
FKIT,S+X2_M3_r1,lemon,568,0.980546
FKIT,S+X2_M3_r1,lemon,569,0.978095
FKIT,S+X2_M3_r1,lemon,570,0.977805
FKIT,S+X2_M3_r1,lemon,571,0.986563
FKIT,S+X2_M3_r1,lemon,572,0.987641
FKIT,S+X2_M3_r1,lemon,573,0.986228
FKIT,S+X2_M3_r1,lemon,574,0.986867
FKIT,S+X2_M3_r1,lemon,575,0.987045
FKIT,S+X2_M3_r1,lemon,576,0.988732
FKIT,S+X2_M3_r1,lemon,577,0.984463
FKIT,S+X2_M3_r1,lemon,578,0.986779
FKIT,S+X2_M3_r1,lemon,579,0.988780
FKIT,S+X2_M3_r1,lemon,580,0.988897
FKIT,S+X2_M3_r1,lemon,581,0.991750
FKIT,S+X2_M3_r1,lemon,582,0.989415
FKIT,S+X2_M3_r1,lemon,583,0.988172
FKIT,S+X2_M3_r1,lemon,584,0.990720
FKIT,S+X2_M3_r1,lemon,585,0.985744
FKIT,S+X2_M3_r1,lemon,586,0.987884
FKIT,S+X2_M3_r1,lemon,587,0.988469
FKIT,S+X2_M3_r1,lemon,588,0.987127
FKIT,S+X2_M3_r1,lemon,589,0.989235
FKIT,S+X2_M3_r1,lemon,590,0.988757
FKIT,S+X2_M3_r1,lemon,591,0.990598
FKIT,S+X2_M3_r1,lemon,592,0.991983
FKIT,S+X2_M3_r1,lemon,593,0.989292
FKIT,S+X2_M3_r1,lemon,594,0.987537
FKIT,S+X2_M3_r1,lemon,595,0.988953
FKIT,S+X2_M3_r1,lemon,596,0.988845
FKIT,S+X2_M3_r1,lemon,597,0.988116
FKIT,S+X2_M3_r1,lemon,598,0.989637
FKIT,S+X2_M3_r1,lemon,599,0.989321
FKIT,S+X2_M3_r1,lemon,600,0.988002
FKIT,S+X2_M3_r1,lemon,601,0.985406
FKIT,S+X2_M3_r1,lemon,602,0.983802
FKIT,S+X2_M3_r1,lemon,603,0.986287
FKIT,S+X2_M3_r1,lemon,604,0.981181
FKIT,S+X2_M3_r1,lemon,605,0.982873
FKIT,S+X2_M3_r1,lemon,606,0.978587
FKIT,S+X2_M3_r1,lemon,607,0.979213
FKIT,S+X2_M3_r1,lemon,608,0.976528
FKIT,S+X2_M3_r1,lemon,609,0.981708
FKIT,S+X2_M3_r1,lemon,610,0.978007
FKIT,S+X2_M3_r1,lemon,611,0.980167
FKIT,S+X2_M3_r1,lemon,612,0.982880
FKIT,S+X2_M3_r1,lemon,613,0.983252
FKIT,S+X2_M3_r1,lemon,614,0.979357
FKIT,S+X2_M3_r1,lemon,615,0.977429
FKIT,S+X2_M3_r1,lemon,616,0.981188
FKIT,S+X2_M3_r1,lemon,617,0.978577
FKIT,S+X2_M3_r1,lemon,618,0.980684
FKIT,S+X2_M3_r1,lemon,619,0.978036
FKIT,S+X2_M3_r1,lemon,620,0.974334
FKIT,S+X2_M3_r1,lemon,621,0.983879
FKIT,S+X2_M3_r1,lemon,622,0.986527
FKIT,S+X2_M3_r1,lemon,623,0.980564
FKIT,S+X2_M3_r1,lemon,624,0.978671
FKIT,S+X2_M3_r1,lemon,625,0.981225
FKIT,S+X2_M3_r1,lemon,626,0.980079
FKIT,S+X2_M3_r1,lemon,627,0.973339
FKIT,S+X2_M3_r1,lemon,628,0.974844
FKIT,S+X2_M3_r1,lemon,629,0.975792
FKIT,S+X2_M3_r1,lemon,630,0.971365
FKIT,S+X2_M3_r1,lemon,631,0.981867
FKIT,S+X2_M3_r1,lemon,632,0.978266
FKIT,S+X2_M3_r1,lemon,633,0.975477
FKIT,S+X2_M3_r1,lemon,634,0.971553
FKIT,S+X2_M3_r1,lemon,635,0.969490
FKIT,S+X2_M3_r1,lemon,636,0.965855
FKIT,S+X2_M3_r1,lemon,637,0.962300
FKIT,S+X2_M3_r1,lemon,638,0.965800
FKIT,S+X2_M3_r1,lemon,639,0.957440
FKIT,S+X2_M3_r1,lemon,640,0.959639
FKIT,S+X2_M3_r1,lemon,641,0.966615
FKIT,S+X2_M3_r1,lemon,642,0.963664
FKIT,S+X2_M3_r1,lemon,643,0.969576
FKIT,S+X2_M3_r1,lemon,644,0.960400
FKIT,S+X2_M3_r1,lemon,645,0.960777
FKIT,S+X2_M3_r1,lemon,646,0.951757
FKIT,S+X2_M3_r1,lemon,647,0.957371
FKIT,S+X2_M3_r1,lemon,648,0.955942
FKIT,S+X2_M3_r1,lemon,649,0.958450
FKIT,S+X2_M3_r1,lemon,650,0.955967
FKIT,S+X2_M3_r1,lemon,651,0.955695
FKIT,S+X2_M3_r1,lemon,652,0.952392
FKIT,S+X2_M3_r1,lemon,653,0.952205
FKIT,S+X2_M3_r1,lemon,654,0.953494
FKIT,S+X2_M3_r1,lemon,655,0.950119
FKIT,S+X2_M3_r1,lemon,656,0.947571
FKIT,S+X2_M3_r1,lemon,657,0.947323
FKIT,S+X2_M3_r1,lemon,658,0.938551
FKIT,S+X2_M3_r1,lemon,659,0.942567
FKIT,S+X2_M3_r1,lemon,660,0.946876
FKIT,S+X2_M3_r1,lemon,661,0.953937
FKIT,S+X2_M3_r1,lemon,662,0.955259
FKIT,S+X2_M3_r1,lemon,663,0.949754
FKIT,S+X2_M3_r1,lemon,664,0.952669
FKIT,S+X2_M3_r1,lemon,665,0.952733
FKIT,S+X2_M3_r1,lemon,666,0.941038
FKIT,S+X2_M3_r1,lemon,667,0.952739
FKIT,S+X2_M3_r1,lemon,668,0.945027
FKIT,S+X2_M3_r1,lemon,669,0.939512
FKIT,S+X2_M3_r1,lemon,670,0.926196
FKIT,S+X2_M3_r1,lemon,671,0.936346
FKIT,S+X2_M3_r1,lemon,672,0.925980
FKIT,S+X2_M3_r1,lemon,673,0.925327
FKIT,S+X2_M3_r1,lemon,674,0.905987
FKIT,S+X2_M3_r1,lemon,675,0.917799
FKIT,S+X2_M3_r1,lemon,676,0.786381
FKIT,S+X2_M3_r1,lemon,677,0.916833
FKIT,S+X2_M3_r1,lemon,678,0.911758
FKIT,S+X2_M3_r1,lemon,679,0.923981
FKIT,S+X2_M3_r1,lemon,680,0.921846
FKIT,S+X2_M3_r1,lemon,681,0.909844
FKIT,S+X2_M3_r1,lemon,682,0.915109
FKIT,S+X2_M3_r1,lemon,683,0.927036
FKIT,S+X2_M3_r1,lemon,684,0.915064
FKIT,S+X2_M3_r1,lemon,685,0.918556
FKIT,S+X2_M3_r1,lemon,686,0.921376
FKIT,S+X2_M3_r1,lemon,687,0.929585
FKIT,S+X2_M3_r1,lemon,688,0.933622
FKIT,S+X2_M3_r1,lemon,689,0.935006
FKIT,S+X2_M3_r1,lemon,690,0.937861
FKIT,S+X2_M3_r1,lemon,691,0.936417
FKIT,S+X2_M3_r1,lemon,692,0.941411
FKIT,S+X2_M3_r1,lemon,693,0.944685
FKIT,S+X2_M3_r1,lemon,694,0.939291
FKIT,S+X2_M3_r1,lemon,695,0.938637
FKIT,S+X2_M3_r1,lemon,696,0.939396
FKIT,S+X2_M3_r1,lemon,697,0.954958
FKIT,S+X2_M3_r1,lemon,698,0.946794
FKIT,S+X2_M3_r1,lemon,699,0.948428
FKIT,S+X2_M3_r1,lemon,700,0.953930
FKIT,S+X2_M3_r1,lemon,701,0.950747
FKIT,S+X2_M3_r1,lemon,702,0.950693
FKIT,S+X2_M3_r1,lemon,703,0.952002
FKIT,S+X2_M3_r1,lemon,704,0.954499
FKIT,S+X2_M3_r1,lemon,705,0.948666
FKIT,S+X2_M3_r1,lemon,706,0.937913
FKIT,S+X2_M3_r1,lemon,707,0.943322
FKIT,S+X2_M3_r1,lemon,708,0.926401
FKIT,S+X2_M3_r1,lemon,709,0.903272
FKIT,S+X2_M3_r1,lemon,710,0.917523
FKIT,S+X2_M3_r1,lemon,711,0.900748
FKIT,S+X2_M3_r1,lemon,712,0.891465
FKIT,S+X2_M3_r1,lemon,713,0.911935
FKIT,S+X2_M3_r1,lemon,714,0.902933
FKIT,S+X2_M3_r1,lemon,715,0.903418
FKIT,S+X2_M3_r1,lemon,716,0.897469
FKIT,S+X2_M3_r1,lemon,717,0.877266
FKIT,S+X2_M3_r1,lemon,718,0.906887
FKIT,S+X2_M3_r1,lemon,719,0.872526
FKIT,S+X2_M3_r1,lemon,720,0.854487
FKIT,S+X2_M3_r1,lemon,721,0.861989
FKIT,S+X2_M3_r1,lemon,722,0.867046
FKIT,S+X2_M3_r1,lemon,723,0.851869
FKIT,S+X2_M3_r1,lemon,724,0.846921
FKIT,S+X2_M3_r1,lemon,725,0.860111
FKIT,S+X2_M3_r1,lemon,726,0.853676
FKIT,S+X2_M3_r1,lemon,727,0.796297
FKIT,S+X2_M3_r1,lemon,728,0.764635
FKIT,S+X2_M3_r1,lemon,729,0.837565
FKIT,S+X2_M3_r1,lemon,730,0.803499
FKIT,S+X2_M3_r1,lemon,731,0.743130
FKIT,S+X2_M3_r1,lemon,732,0.723863
FKIT,S+X2_M3_r1,lemon,733,0.721278
FKIT,S+X2_M3_r1,lemon,734,0.457305
FKIT,S+X2_M3_r1,lemon,735,0.820866
FKIT,S+X2_M3_r1,lemon,736,0.855973
FKIT,S+X2_M3_r1,lemon,737,0.849361
FKIT,S+X2_M3_r1,lemon,738,0.857954
FKIT,S+X2_M3_r1,lemon,739,0.867008
FKIT,S+X2_M3_r1,lemon,740,0.864015
FKIT,S+X2_M3_r1,lemon,741,0.877885
FKIT,S+X2_M3_r1,lemon,742,0.874952
FKIT,S+X2_M3_r1,lemon,743,0.880528
FKIT,S+X2_M3_r1,lemon,744,0.883058
FKIT,S+X2_M3_r1,lemon,745,0.889407
FKIT,S+X2_M3_r1,lemon,746,0.883984
FKIT,S+X2_M3_r1,lemon,747,0.892022
FKIT,S+X2_M3_r1,lemon,748,0.884837
FKIT,S+X2_M3_r1,lemon,749,0.878268
FKIT,S+X2_M3_r1,lemon,750,0.881792
FKIT,S+X2_M3_r1,lemon,751,0.874256
FKIT,S+X2_M3_r1,lemon,752,0.874642
FKIT,S+X2_M3_r1,lemon,753,0.875401
FKIT,S+X2_M3_r1,lemon,754,0.879992
FKIT,S+X2_M3_r1,lemon,755,0.812082
FKIT,S+X2_M3_r1,lemon,756,0.900560
FKIT,S+X2_M3_r1,lemon,757,0.890753
FKIT,S+X2_M3_r1,lemon,758,0.888178
FKIT,S+X2_M3_r1,lemon,759,0.886533
FKIT,S+X2_M3_r1,lemon,760,0.883694
FKIT,S+X2_M3_r1,lemon,761,0.879873
FKIT,S+X2_M3_r1,lemon,762,0.882432
FKIT,S+X2_M3_r1,lemon,763,0.880005
FKIT,S+X2_M3_r1,lemon,764,0.877988
FKIT,S+X2_M3_r1,lemon,765,0.881340
FKIT,S+X2_M3_r1,lemon,766,0.880363
FKIT,S+X2_M3_r1,lemon,767,0.875601
FKIT,S+X2_M3_r1,lemon,768,0.869052
FKIT,S+X2_M3_r1,lemon,769,0.870021
FKIT,S+X2_M3_r1,lemon,770,0.873264
FKIT,S+X2_M3_r1,lemon,771,0.873285
FKIT,S+X2_M3_r1,lemon,772,0.870710
FKIT,S+X2_M3_r1,lemon,773,0.865101
FKIT,S+X2_M3_r1,lemon,774,0.869842
FKIT,S+X2_M3_r1,lemon,775,0.863291
FKIT,S+X2_M3_r1,lemon,776,0.865894
FKIT,S+X2_M3_r1,lemon,777,0.864385
FKIT,S+X2_M3_r1,lemon,778,0.861673
FKIT,S+X2_M3_r1,lemon,779,0.869359
FKIT,S+X2_M3_r1,lemon,780,0.867072
FKIT,S+X2_M3_r1,lemon,781,0.867926
FKIT,S+X2_M3_r1,lemon,782,0.869148
FKIT,S+X2_M3_r1,lemon,783,0.874494
FKIT,S+X2_M3_r1,lemon,784,0.872586
FKIT,S+X2_M3_r1,lemon,785,0.868786
FKIT,S+X2_M3_r1,lemon,786,0.869523
FKIT,S+X2_M3_r1,lemon,787,0.875628
FKIT,S+X2_M3_r1,lemon,788,0.855036
FKIT,S+X2_M3_r1,lemon,789,0.877244
FKIT,S+X2_M3_r1,lemon,790,0.871212
FKIT,S+X2_M3_r1,lemon,791,0.863484
FKIT,S+X2_M3_r1,lemon,792,0.875766
FKIT,S+X2_M3_r1,lemon,793,0.859773
FKIT,S+X2_M3_r1,lemon,794,0.876937
FKIT,S+X2_M3_r1,lemon,795,0.873263
FKIT,S+X2_M3_r1,lemon,796,0.890063
FKIT,S+X2_M3_r1,lemon,797,0.884797
FKIT,S+X2_M3_r1,lemon,798,0.868691
FKIT,S+X2_M3_r1,lemon,799,0.857054
FKIT,S+X2_M3_r1,lemon,800,0.831315
FKIT,S+X2_M3_r1,lemon,801,0.860805
FKIT,S+X2_M3_r1,lemon,802,0.845254
FKIT,S+X2_M3_r1,lemon,803,0.835254
FKIT,S+X2_M3_r1,lemon,804,0.826977
FKIT,S+X2_M3_r1,lemon,805,0.814586
FKIT,S+X2_M3_r1,lemon,806,0.845363
FKIT,S+X2_M3_r1,lemon,807,0.872709
FKIT,S+X2_M3_r1,lemon,808,0.871661
FKIT,S+X2_M3_r1,lemon,809,0.853594
FKIT,S+X2_M3_r1,lemon,810,0.857278
FKIT,S+X2_M3_r1,lemon,811,0.859784
FKIT,S+X2_M3_r1,lemon,812,0.848360
FKIT,S+X2_M3_r1,lemon,813,0.821959
FKIT,S+X2_M3_r1,lemon,814,0.854412
FKIT,S+X2_M3_r1,lemon,815,0.887484
FKIT,S+X2_M3_r1,lemon,816,0.869709
FKIT,S+X2_M3_r1,lemon,817,0.876231
FKIT,S+X2_M3_r1,lemon,818,0.877137
FKIT,S+X2_M3_r1,lemon,819,0.863163
FKIT,S+X2_M3_r1,lemon,820,0.855639
FKIT,S+X2_M3_r1,lemon,821,0.855862
FKIT,S+X2_M3_r1,lemon,822,0.854044
FKIT,S+X2_M3_r1,lemon,823,0.856325
FKIT,S+X2_M3_r1,lemon,824,0.851868
FKIT,S+X2_M3_r1,lemon,825,0.874108
FKIT,S+X2_M3_r1,lemon,826,0.888917
FKIT,S+X2_M3_r1,lemon,827,0.882287
FKIT,S+X2_M3_r1,lemon,828,0.870221
FKIT,S+X2_M3_r1,lemon,829,0.866043
FKIT,S+X2_M3_r1,lemon,830,0.887365
FKIT,S+X2_M3_r1,lemon,831,0.898745
FKIT,S+X2_M3_r1,lemon,832,0.891916
FKIT,S+X2_M3_r1,lemon,833,0.889978
FKIT,S+X2_M3_r1,lemon,834,0.897431
FKIT,S+X2_M3_r1,lemon,835,0.872888
FKIT,S+X2_M3_r1,lemon,836,0.915668
FKIT,S+X2_M3_r1,lemon,837,0.912210
FKIT,S+X2_M3_r1,lemon,838,0.904260
FKIT,S+X2_M3_r1,lemon,839,0.908938
FKIT,S+X2_M3_r1,lemon,840,0.898872
FKIT,S+X2_M3_r1,lemon,841,0.902022
FKIT,S+X2_M3_r1,lemon,842,0.894195
FKIT,S+X2_M3_r1,lemon,843,0.912020
FKIT,S+X2_M3_r1,lemon,844,0.903627
FKIT,S+X2_M3_r1,lemon,845,0.903217
FKIT,S+X2_M3_r1,lemon,846,0.921640
FKIT,S+X2_M3_r1,lemon,847,0.902256
FKIT,S+X2_M3_r1,lemon,848,0.901574
FKIT,S+X2_M3_r1,lemon,849,0.915841
FKIT,S+X2_M3_r1,lemon,850,0.910792
FKIT,S+X2_M3_r1,lemon,851,0.915786
FKIT,S+X2_M3_r1,lemon,852,0.918378
FKIT,S+X2_M3_r1,lemon,853,0.909446
FKIT,S+X2_M3_r1,lemon,854,0.914129
FKIT,S+X2_M3_r1,lemon,855,0.912988
FKIT,S+X2_M3_r1,lemon,856,0.928292
FKIT,S+X2_M3_r1,lemon,857,0.924223
FKIT,S+X2_M3_r1,lemon,858,0.927906
FKIT,S+X2_M3_r1,lemon,859,0.918711
FKIT,S+X2_M3_r1,lemon,860,0.915767
FKIT,S+X2_M3_r1,lemon,861,0.917701
FKIT,S+X2_M3_r1,lemon,862,0.919938
FKIT,S+X2_M3_r1,lemon,863,0.918342
FKIT,S+X2_M3_r1,lemon,864,0.920579
FKIT,S+X2_M3_r1,lemon,865,0.923153
FKIT,S+X2_M3_r1,lemon,866,0.921697
FKIT,S+X2_M3_r1,lemon,867,0.915776
FKIT,S+X2_M3_r1,lemon,868,0.922863
FKIT,S+X2_M3_r1,lemon,869,0.920745
FKIT,S+X2_M3_r1,lemon,870,0.924975
FKIT,S+X2_M3_r1,lemon,871,0.923920
FKIT,S+X2_M3_r1,lemon,872,0.922259
FKIT,S+X2_M3_r1,lemon,873,0.922526
FKIT,S+X2_M3_r1,lemon,874,0.921872
FKIT,S+X2_M3_r1,lemon,875,0.903829
FKIT,S+X2_M3_r1,lemon,876,0.919480
FKIT,S+X2_M3_r1,lemon,877,0.910910
FKIT,S+X2_M3_r1,lemon,878,0.912141
FKIT,S+X2_M3_r1,lemon,879,0.911812
FKIT,S+X2_M3_r1,lemon,880,0.911702
FKIT,S+X2_M3_r1,lemon,881,0.909079
FKIT,S+X2_M3_r1,lemon,882,0.907280
FKIT,S+X2_M3_r1,lemon,883,0.907124
FKIT,S+X2_M3_r1,lemon,884,0.915280
FKIT,S+X2_M3_r1,lemon,885,0.907456
FKIT,S+X2_M3_r1,lemon,886,0.923695
FKIT,S+X2_M3_r1,mini_chocolate_panettone,0,0.253104
FKIT,S+X2_M3_r1,mini_chocolate_panettone,1,0.259435
FKIT,S+X2_M3_r1,mini_chocolate_panettone,2,0.255443
FKIT,S+X2_M3_r1,mini_chocolate_panettone,3,0.268463
FKIT,S+X2_M3_r1,mini_chocolate_panettone,4,0.243276
FKIT,S+X2_M3_r1,mini_chocolate_panettone,5,0.254744
FKIT,S+X2_M3_r1,mini_chocolate_panettone,6,0.256977
FKIT,S+X2_M3_r1,mini_chocolate_panettone,7,0.263435
FKIT,S+X2_M3_r1,mini_chocolate_panettone,8,0.264299
FKIT,S+X2_M3_r1,mini_chocolate_panettone,9,0.282711
FKIT,S+X2_M3_r1,mini_chocolate_panettone,10,0.268808
FKIT,S+X2_M3_r1,mini_chocolate_panettone,11,0.265063
FKIT,S+X2_M3_r1,mini_chocolate_panettone,12,0.268723
FKIT,S+X2_M3_r1,mini_chocolate_panettone,13,0.255140
FKIT,S+X2_M3_r1,mini_chocolate_panettone,14,0.264549
FKIT,S+X2_M3_r1,mini_chocolate_panettone,15,0.262493
FKIT,S+X2_M3_r1,mini_chocolate_panettone,16,0.268275
FKIT,S+X2_M3_r1,mini_chocolate_panettone,17,0.265112
FKIT,S+X2_M3_r1,mini_chocolate_panettone,18,0.249635
FKIT,S+X2_M3_r1,mini_chocolate_panettone,19,0.257157
FKIT,S+X2_M3_r1,mini_chocolate_panettone,20,0.243991
FKIT,S+X2_M3_r1,mini_chocolate_panettone,21,0.226436
FKIT,S+X2_M3_r1,mini_chocolate_panettone,22,0.225486
FKIT,S+X2_M3_r1,mini_chocolate_panettone,23,0.232822
FKIT,S+X2_M3_r1,mini_chocolate_panettone,24,0.227905
FKIT,S+X2_M3_r1,mini_chocolate_panettone,25,0.211276
FKIT,S+X2_M3_r1,mini_chocolate_panettone,26,0.212078
FKIT,S+X2_M3_r1,mini_chocolate_panettone,27,0.227539
FKIT,S+X2_M3_r1,mini_chocolate_panettone,28,0.198213
FKIT,S+X2_M3_r1,mini_chocolate_panettone,29,0.175400
FKIT,S+X2_M3_r1,mini_chocolate_panettone,30,0.190003
FKIT,S+X2_M3_r1,mini_chocolate_panettone,31,0.155343
FKIT,S+X2_M3_r1,mini_chocolate_panettone,32,0.171087
FKIT,S+X2_M3_r1,mini_chocolate_panettone,33,0.161790
FKIT,S+X2_M3_r1,mini_chocolate_panettone,34,0.164312
FKIT,S+X2_M3_r1,mini_chocolate_panettone,35,0.155095
FKIT,S+X2_M3_r1,mini_chocolate_panettone,36,0.165374
FKIT,S+X2_M3_r1,mini_chocolate_panettone,37,0.171137
FKIT,S+X2_M3_r1,mini_chocolate_panettone,38,0.171407
FKIT,S+X2_M3_r1,mini_chocolate_panettone,39,0.156307
FKIT,S+X2_M3_r1,mini_chocolate_panettone,40,0.156894
FKIT,S+X2_M3_r1,mini_chocolate_panettone,41,0.150941
FKIT,S+X2_M3_r1,mini_chocolate_panettone,42,0.143561
FKIT,S+X2_M3_r1,mini_chocolate_panettone,43,0.155097
FKIT,S+X2_M3_r1,mini_chocolate_panettone,44,0.154962
FKIT,S+X2_M3_r1,mini_chocolate_panettone,45,0.148638
FKIT,S+X2_M3_r1,mini_chocolate_panettone,46,0.146035
FKIT,S+X2_M3_r1,mini_chocolate_panettone,47,0.155449
FKIT,S+X2_M3_r1,mini_chocolate_panettone,48,0.155410
FKIT,S+X2_M3_r1,mini_chocolate_panettone,49,0.158728
FKIT,S+X2_M3_r1,mini_chocolate_panettone,50,0.150133
FKIT,S+X2_M3_r1,mini_chocolate_panettone,51,0.139647
FKIT,S+X2_M3_r1,mini_chocolate_panettone,52,0.136507
FKIT,S+X2_M3_r1,mini_chocolate_panettone,53,0.127804
FKIT,S+X2_M3_r1,mini_chocolate_panettone,54,0.125774
FKIT,S+X2_M3_r1,mini_chocolate_panettone,55,0.126319
FKIT,S+X2_M3_r1,mini_chocolate_panettone,56,0.128472
FKIT,S+X2_M3_r1,mini_chocolate_panettone,57,0.129945
FKIT,S+X2_M3_r1,mini_chocolate_panettone,58,0.125307
FKIT,S+X2_M3_r1,mini_chocolate_panettone,59,0.138667
FKIT,S+X2_M3_r1,mini_chocolate_panettone,60,0.138193
FKIT,S+X2_M3_r1,mini_chocolate_panettone,61,0.124003
FKIT,S+X2_M3_r1,mini_chocolate_panettone,62,0.125365
FKIT,S+X2_M3_r1,mini_chocolate_panettone,63,0.122940
FKIT,S+X2_M3_r1,mini_chocolate_panettone,64,0.133410
FKIT,S+X2_M3_r1,mini_chocolate_panettone,65,0.137429
FKIT,S+X2_M3_r1,mini_chocolate_panettone,66,0.135042
FKIT,S+X2_M3_r1,mini_chocolate_panettone,67,0.150569
FKIT,S+X2_M3_r1,mini_chocolate_panettone,68,0.151717
FKIT,S+X2_M3_r1,mini_chocolate_panettone,69,0.147874
FKIT,S+X2_M3_r1,mini_chocolate_panettone,70,0.148586
FKIT,S+X2_M3_r1,mini_chocolate_panettone,71,0.141755
FKIT,S+X2_M3_r1,mini_chocolate_panettone,72,0.129777
FKIT,S+X2_M3_r1,mini_chocolate_panettone,73,0.136835
FKIT,S+X2_M3_r1,mini_chocolate_panettone,74,0.156865
FKIT,S+X2_M3_r1,mini_chocolate_panettone,75,0.135039
FKIT,S+X2_M3_r1,mini_chocolate_panettone,76,0.143655
FKIT,S+X2_M3_r1,mini_chocolate_panettone,77,0.140705
FKIT,S+X2_M3_r1,mini_chocolate_panettone,78,0.156915
FKIT,S+X2_M3_r1,mini_chocolate_panettone,79,0.137959
FKIT,S+X2_M3_r1,mini_chocolate_panettone,80,0.154710
FKIT,S+X2_M3_r1,mini_chocolate_panettone,81,0.145371
FKIT,S+X2_M3_r1,mini_chocolate_panettone,82,0.132385
FKIT,S+X2_M3_r1,mini_chocolate_panettone,83,0.146590
FKIT,S+X2_M3_r1,mini_chocolate_panettone,84,0.119296
FKIT,S+X2_M3_r1,mini_chocolate_panettone,85,0.123553
FKIT,S+X2_M3_r1,mini_chocolate_panettone,86,0.126475
FKIT,S+X2_M3_r1,mini_chocolate_panettone,87,0.126992
FKIT,S+X2_M3_r1,mini_chocolate_panettone,88,0.118439
FKIT,S+X2_M3_r1,mini_chocolate_panettone,89,0.134255
FKIT,S+X2_M3_r1,mini_chocolate_panettone,90,0.133447
FKIT,S+X2_M3_r1,mini_chocolate_panettone,91,0.128547
FKIT,S+X2_M3_r1,mini_chocolate_panettone,92,0.129293
FKIT,S+X2_M3_r1,mini_chocolate_panettone,93,0.127947
FKIT,S+X2_M3_r1,mini_chocolate_panettone,94,0.122075
FKIT,S+X2_M3_r1,mini_chocolate_panettone,95,0.115670
FKIT,S+X2_M3_r1,mini_chocolate_panettone,96,0.110390
FKIT,S+X2_M3_r1,mini_chocolate_panettone,97,0.105741
FKIT,S+X2_M3_r1,mini_chocolate_panettone,98,0.090425
FKIT,S+X2_M3_r1,mini_chocolate_panettone,99,0.092241
FKIT,S+X2_M3_r1,mini_chocolate_panettone,100,0.091414
FKIT,S+X2_M3_r1,mini_chocolate_panettone,101,0.062130
FKIT,S+X2_M3_r1,mini_chocolate_panettone,102,0.050465
FKIT,S+X2_M3_r1,mini_chocolate_panettone,103,0.035386
FKIT,S+X2_M3_r1,mini_chocolate_panettone,104,0.032472
FKIT,S+X2_M3_r1,mini_chocolate_panettone,105,0.026798
FKIT,S+X2_M3_r1,mini_chocolate_panettone,106,0.023321
FKIT,S+X2_M3_r1,mini_chocolate_panettone,107,0.024371
FKIT,S+X2_M3_r1,mini_chocolate_panettone,108,0.029105
FKIT,S+X2_M3_r1,mini_chocolate_panettone,109,0.021603
FKIT,S+X2_M3_r1,mini_chocolate_panettone,110,0.015520
FKIT,S+X2_M3_r1,mini_chocolate_panettone,111,0.005214
FKIT,S+X2_M3_r1,mini_chocolate_panettone,112,0.009245
FKIT,S+X2_M3_r1,mini_chocolate_panettone,113,0.003975
FKIT,S+X2_M3_r1,mini_chocolate_panettone,114,0.000000
FKIT,S+X2_M3_r1,mini_chocolate_panettone,115,0.000000
FKIT,S+X2_M3_r1,mini_chocolate_panettone,116,0.000089
FKIT,S+X2_M3_r1,mini_chocolate_panettone,117,0.000000
FKIT,S+X2_M3_r1,mini_chocolate_panettone,118,0.000000
FKIT,S+X2_M3_r1,mini_chocolate_panettone,119,0.000000
FKIT,S+X2_M3_r1,mini_chocolate_panettone,120,0.000000
FKIT,S+X2_M3_r1,mini_chocolate_panettone,121,0.000000
FKIT,S+X2_M3_r1,mini_chocolate_panettone,122,0.000000
FKIT,S+X2_M3_r1,mini_chocolate_panettone,123,0.000000
FKIT,S+X2_M3_r1,mini_chocolate_panettone,124,0.000000
FKIT,S+X2_M3_r1,mini_chocolate_panettone,125,0.000000
FKIT,S+X2_M3_r1,mini_chocolate_panettone,126,0.000000
FKIT,S+X2_M3_r1,mini_chocolate_panettone,127,0.000000
FKIT,S+X2_M3_r1,mini_chocolate_panettone,128,0.000000
FKIT,S+X2_M3_r1,mini_chocolate_panettone,129,0.000000
FKIT,S+X2_M3_r1,mini_chocolate_panettone,130,0.000000
FKIT,S+X2_M3_r1,mini_chocolate_panettone,131,0.000000
FKIT,S+X2_M3_r1,mini_chocolate_panettone,132,0.000000
FKIT,S+X2_M3_r1,mini_chocolate_panettone,133,0.000000
FKIT,S+X2_M3_r1,mini_chocolate_panettone,134,0.000000
FKIT,S+X2_M3_r1,mini_chocolate_panettone,135,0.000000
FKIT,S+X2_M3_r1,mini_chocolate_panettone,136,0.000000
FKIT,S+X2_M3_r1,mini_chocolate_panettone,137,0.000000
FKIT,S+X2_M3_r1,mini_chocolate_panettone,138,0.000000
FKIT,S+X2_M3_r1,mini_chocolate_panettone,139,0.000000
FKIT,S+X2_M3_r1,mini_chocolate_panettone,140,0.000000
FKIT,S+X2_M3_r1,mini_chocolate_panettone,141,0.000000
FKIT,S+X2_M3_r1,mini_chocolate_panettone,142,0.000000
FKIT,S+X2_M3_r1,mini_chocolate_panettone,143,0.000000
FKIT,S+X2_M3_r1,mini_chocolate_panettone,144,0.000000
FKIT,S+X2_M3_r1,mini_chocolate_panettone,145,0.000000
FKIT,S+X2_M3_r1,mini_chocolate_panettone,146,0.000000
FKIT,S+X2_M3_r1,mini_chocolate_panettone,147,0.000000
FKIT,S+X2_M3_r1,mini_chocolate_panettone,148,0.000000
FKIT,S+X2_M3_r1,mini_chocolate_panettone,149,0.000000
FKIT,S+X2_M3_r1,mini_chocolate_panettone,150,0.000000
FKIT,S+X2_M3_r1,mini_chocolate_panettone,151,0.000000
FKIT,S+X2_M3_r1,mini_chocolate_panettone,152,0.000000
FKIT,S+X2_M3_r1,mini_chocolate_panettone,153,0.000000
FKIT,S+X2_M3_r1,mini_chocolate_panettone,154,0.000000
FKIT,S+X2_M3_r1,mini_chocolate_panettone,155,0.000000
FKIT,S+X2_M3_r1,mini_chocolate_panettone,156,0.000000
FKIT,S+X2_M3_r1,mini_chocolate_panettone,157,0.000000
FKIT,S+X2_M3_r1,mini_chocolate_panettone,158,0.000000
FKIT,S+X2_M3_r1,mini_chocolate_panettone,159,0.000000
FKIT,S+X2_M3_r1,mini_chocolate_panettone,160,0.000000
FKIT,S+X2_M3_r1,mini_chocolate_panettone,161,0.000000
FKIT,S+X2_M3_r1,mini_chocolate_panettone,162,0.000000
FKIT,S+X2_M3_r1,mini_chocolate_panettone,163,0.000000
FKIT,S+X2_M3_r1,mini_chocolate_panettone,164,0.000000
FKIT,S+X2_M3_r1,mini_chocolate_panettone,165,0.000000
FKIT,S+X2_M3_r1,mini_chocolate_panettone,166,0.000000
FKIT,S+X2_M3_r1,mini_chocolate_panettone,167,0.000000
FKIT,S+X2_M3_r1,mini_chocolate_panettone,168,0.000000
FKIT,S+X2_M3_r1,mini_chocolate_panettone,169,0.000000
FKIT,S+X2_M3_r1,mini_chocolate_panettone,170,0.000000
FKIT,S+X2_M3_r1,mini_chocolate_panettone,171,0.000000
FKIT,S+X2_M3_r1,mini_chocolate_panettone,172,0.000000
FKIT,S+X2_M3_r1,mini_chocolate_panettone,173,0.000000
FKIT,S+X2_M3_r1,mini_chocolate_panettone,174,0.000000
FKIT,S+X2_M3_r1,mini_chocolate_panettone,175,0.000000
FKIT,S+X2_M3_r1,mini_chocolate_panettone,176,0.000000
FKIT,S+X2_M3_r1,mini_chocolate_panettone,177,0.000000
FKIT,S+X2_M3_r1,mini_chocolate_panettone,178,0.000000
FKIT,S+X2_M3_r1,mini_chocolate_panettone,179,0.000000
FKIT,S+X2_M3_r1,mini_chocolate_panettone,180,0.000000
FKIT,S+X2_M3_r1,mini_chocolate_panettone,181,0.000000
FKIT,S+X2_M3_r1,mini_chocolate_panettone,182,0.000000
FKIT,S+X2_M3_r1,mini_chocolate_panettone,183,0.000000
FKIT,S+X2_M3_r1,mini_chocolate_panettone,184,0.000000
FKIT,S+X2_M3_r1,mini_chocolate_panettone,185,0.000000
FKIT,S+X2_M3_r1,mini_chocolate_panettone,186,0.000000
FKIT,S+X2_M3_r1,mini_chocolate_panettone,187,0.000000
FKIT,S+X2_M3_r1,mini_chocolate_panettone,188,0.000000
FKIT,S+X2_M3_r1,mini_chocolate_panettone,189,0.000000
FKIT,S+X2_M3_r1,mini_chocolate_panettone,190,0.000000
FKIT,S+X2_M3_r1,mini_chocolate_panettone,191,0.000000
FKIT,S+X2_M3_r1,mini_chocolate_panettone,192,0.000000
FKIT,S+X2_M3_r1,mini_chocolate_panettone,193,0.000000
FKIT,S+X2_M3_r1,mini_chocolate_panettone,194,0.000000
FKIT,S+X2_M3_r1,mini_chocolate_panettone,195,0.000000
FKIT,S+X2_M3_r1,mini_chocolate_panettone,196,0.000000
FKIT,S+X2_M3_r1,mini_chocolate_panettone,197,0.000000
FKIT,S+X2_M3_r1,mini_chocolate_panettone,198,0.000000
FKIT,S+X2_M3_r1,mini_chocolate_panettone,199,0.000000
FKIT,S+X2_M3_r1,mini_chocolate_panettone,200,0.000000
FKIT,S+X2_M3_r1,mini_chocolate_panettone,201,0.000000
FKIT,S+X2_M3_r1,mini_chocolate_panettone,202,0.000000
FKIT,S+X2_M3_r1,mini_chocolate_panettone,203,0.000000
FKIT,S+X2_M3_r1,mini_chocolate_panettone,204,0.000000
FKIT,S+X2_M3_r1,mini_chocolate_panettone,205,0.000000
FKIT,S+X2_M3_r1,mini_chocolate_panettone,206,0.000000
FKIT,S+X2_M3_r1,mini_chocolate_panettone,207,0.000000
FKIT,S+X2_M3_r1,mini_chocolate_panettone,208,0.000000
FKIT,S+X2_M3_r1,mini_chocolate_panettone,209,0.000000
FKIT,S+X2_M3_r1,mini_chocolate_panettone,210,0.000000
FKIT,S+X2_M3_r1,mini_chocolate_panettone,211,0.000000
FKIT,S+X2_M3_r1,mini_chocolate_panettone,212,0.000000
FKIT,S+X2_M3_r1,mini_chocolate_panettone,213,0.000000
FKIT,S+X2_M3_r1,mini_chocolate_panettone,214,0.000000
FKIT,S+X2_M3_r1,mini_chocolate_panettone,215,0.000000
FKIT,S+X2_M3_r1,mini_chocolate_panettone,216,0.000000
FKIT,S+X2_M3_r1,mini_chocolate_panettone,217,0.000000
FKIT,S+X2_M3_r1,mini_chocolate_panettone,218,0.000000
FKIT,S+X2_M3_r1,mini_chocolate_panettone,219,0.000000
FKIT,S+X2_M3_r1,mini_chocolate_panettone,220,0.000000
FKIT,S+X2_M3_r1,mini_chocolate_panettone,221,0.000000
FKIT,S+X2_M3_r1,mini_chocolate_panettone,222,0.000000
FKIT,S+X2_M3_r1,mini_chocolate_panettone,223,0.000000
FKIT,S+X2_M3_r1,mini_chocolate_panettone,224,0.000000
FKIT,S+X2_M3_r1,mini_chocolate_panettone,225,0.000000
FKIT,S+X2_M3_r1,mini_chocolate_panettone,226,0.000000
FKIT,S+X2_M3_r1,mini_chocolate_panettone,227,0.000000
FKIT,S+X2_M3_r1,mini_chocolate_panettone,228,0.000000
FKIT,S+X2_M3_r1,mini_chocolate_panettone,229,0.000000
FKIT,S+X2_M3_r1,mini_chocolate_panettone,230,0.000000
FKIT,S+X2_M3_r1,mini_chocolate_panettone,231,0.000000
FKIT,S+X2_M3_r1,mini_chocolate_panettone,232,0.000000
FKIT,S+X2_M3_r1,mini_chocolate_panettone,233,0.000000
FKIT,S+X2_M3_r1,mini_chocolate_panettone,234,0.000000
FKIT,S+X2_M3_r1,mini_chocolate_panettone,235,0.000000
FKIT,S+X2_M3_r1,mini_chocolate_panettone,236,0.000000
FKIT,S+X2_M3_r1,mini_chocolate_panettone,237,0.000000
FKIT,S+X2_M3_r1,mini_chocolate_panettone,238,0.000000
FKIT,S+X2_M3_r1,mini_chocolate_panettone,239,0.000000
FKIT,S+X2_M3_r1,mini_chocolate_panettone,240,0.000000
FKIT,S+X2_M3_r1,mini_chocolate_panettone,241,0.000000
FKIT,S+X2_M3_r1,mini_chocolate_panettone,242,0.000000
FKIT,S+X2_M3_r1,mini_chocolate_panettone,243,0.000000
FKIT,S+X2_M3_r1,mini_chocolate_panettone,244,0.000000
FKIT,S+X2_M3_r1,mini_chocolate_panettone,245,0.000000
FKIT,S+X2_M3_r1,mini_chocolate_panettone,246,0.000000
FKIT,S+X2_M3_r1,mini_chocolate_panettone,247,0.000000
FKIT,S+X2_M3_r1,mini_chocolate_panettone,248,0.000000
FKIT,S+X2_M3_r1,mini_chocolate_panettone,249,0.000000
FKIT,S+X2_M3_r1,mini_chocolate_panettone,250,0.000000
FKIT,S+X2_M3_r1,mini_chocolate_panettone,251,0.000000
FKIT,S+X2_M3_r1,mini_chocolate_panettone,252,0.000000
FKIT,S+X2_M3_r1,mini_chocolate_panettone,253,0.000000
FKIT,S+X2_M3_r1,mini_chocolate_panettone,254,0.000000
FKIT,S+X2_M3_r1,mini_chocolate_panettone,255,0.000000
FKIT,S+X2_M3_r1,mini_chocolate_panettone,256,0.000000
FKIT,S+X2_M3_r1,mini_chocolate_panettone,257,0.000000
FKIT,S+X2_M3_r1,mini_chocolate_panettone,258,0.000000
FKIT,S+X2_M3_r1,mini_chocolate_panettone,259,0.000000
FKIT,S+X2_M3_r1,mini_chocolate_panettone,260,0.000000
FKIT,S+X2_M3_r1,mini_chocolate_panettone,261,0.000000
FKIT,S+X2_M3_r1,mini_chocolate_panettone,262,0.000000
FKIT,S+X2_M3_r1,mini_chocolate_panettone,263,0.000000
FKIT,S+X2_M3_r1,mini_chocolate_panettone,264,0.000000
FKIT,S+X2_M3_r1,mini_chocolate_panettone,265,0.000000
FKIT,S+X2_M3_r1,mini_chocolate_panettone,266,0.000000
FKIT,S+X2_M3_r1,mini_chocolate_panettone,267,0.000000
FKIT,S+X2_M3_r1,mini_chocolate_panettone,268,0.000000
FKIT,S+X2_M3_r1,mini_chocolate_panettone,269,0.000000
FKIT,S+X2_M3_r1,mini_chocolate_panettone,270,0.000000
FKIT,S+X2_M3_r1,mini_chocolate_panettone,271,0.000000
FKIT,S+X2_M3_r1,mini_chocolate_panettone,272,0.000000
FKIT,S+X2_M3_r1,mini_chocolate_panettone,273,0.000000
FKIT,S+X2_M3_r1,mini_chocolate_panettone,274,0.000000
FKIT,S+X2_M3_r1,mini_chocolate_panettone,275,0.000000
FKIT,S+X2_M3_r1,mini_chocolate_panettone,276,0.000000
FKIT,S+X2_M3_r1,mini_chocolate_panettone,277,0.000000
FKIT,S+X2_M3_r1,mini_chocolate_panettone,278,0.000000
FKIT,S+X2_M3_r1,mini_chocolate_panettone,279,0.000000
FKIT,S+X2_M3_r1,mini_chocolate_panettone,280,0.000000
FKIT,S+X2_M3_r1,mini_chocolate_panettone,281,0.000000
FKIT,S+X2_M3_r1,mini_chocolate_panettone,282,0.000000
FKIT,S+X2_M3_r1,mini_chocolate_panettone,283,0.000000
FKIT,S+X2_M3_r1,mini_chocolate_panettone,284,0.000000
FKIT,S+X2_M3_r1,mini_chocolate_panettone,285,0.000000
FKIT,S+X2_M3_r1,mini_chocolate_panettone,286,0.000000
FKIT,S+X2_M3_r1,mini_chocolate_panettone,287,0.000000
FKIT,S+X2_M3_r1,mini_chocolate_panettone,288,0.000000
FKIT,S+X2_M3_r1,mini_chocolate_panettone,289,0.000000
FKIT,S+X2_M3_r1,mini_chocolate_panettone,290,0.000000
FKIT,S+X2_M3_r1,mini_chocolate_panettone,291,0.000000
FKIT,S+X2_M3_r1,mini_chocolate_panettone,292,0.000000
FKIT,S+X2_M3_r1,mini_chocolate_panettone,293,0.000000
FKIT,S+X2_M3_r1,mini_chocolate_panettone,294,0.000000
FKIT,S+X2_M3_r1,mini_chocolate_panettone,295,0.000000
FKIT,S+X2_M3_r1,mini_chocolate_panettone,296,0.000000
FKIT,S+X2_M3_r1,mini_chocolate_panettone,297,0.000000
FKIT,S+X2_M3_r1,mini_chocolate_panettone,298,0.000000
FKIT,S+X2_M3_r1,mini_chocolate_panettone,299,0.000000
FKIT,S+X2_M3_r1,mini_chocolate_panettone,300,0.000000
FKIT,S+X2_M3_r1,mini_chocolate_panettone,301,0.000000
FKIT,S+X2_M3_r1,mini_chocolate_panettone,302,0.000000
FKIT,S+X2_M3_r1,mini_chocolate_panettone,303,0.000000
FKIT,S+X2_M3_r1,mini_chocolate_panettone,304,0.000000
FKIT,S+X2_M3_r1,mini_chocolate_panettone,305,0.000000
FKIT,S+X2_M3_r1,mini_chocolate_panettone,306,0.000000
FKIT,S+X2_M3_r1,mini_chocolate_panettone,307,0.000000
FKIT,S+X2_M3_r1,mini_chocolate_panettone,308,0.000000
FKIT,S+X2_M3_r1,mini_chocolate_panettone,309,0.000000
FKIT,S+X2_M3_r1,mini_chocolate_panettone,310,0.000000
FKIT,S+X2_M3_r1,mini_chocolate_panettone,311,0.000000
FKIT,S+X2_M3_r1,mini_chocolate_panettone,312,0.000000
FKIT,S+X2_M3_r1,mini_chocolate_panettone,313,0.000000
FKIT,S+X2_M3_r1,mini_chocolate_panettone,314,0.000000
FKIT,S+X2_M3_r1,mini_chocolate_panettone,315,0.000000
FKIT,S+X2_M3_r1,mini_chocolate_panettone,316,0.000000
FKIT,S+X2_M3_r1,mini_chocolate_panettone,317,0.000000
FKIT,S+X2_M3_r1,mini_chocolate_panettone,318,0.000000
FKIT,S+X2_M3_r1,mini_chocolate_panettone,319,0.000000
FKIT,S+X2_M3_r1,mini_chocolate_panettone,320,0.000000
FKIT,S+X2_M3_r1,mini_chocolate_panettone,321,0.000000
FKIT,S+X2_M3_r1,mini_chocolate_panettone,322,0.000000
FKIT,S+X2_M3_r1,mini_chocolate_panettone,323,0.000000
FKIT,S+X2_M3_r1,mini_chocolate_panettone,324,0.000000
FKIT,S+X2_M3_r1,mini_chocolate_panettone,325,0.000000
FKIT,S+X2_M3_r1,mini_chocolate_panettone,326,0.000000
FKIT,S+X2_M3_r1,mini_chocolate_panettone,327,0.000000
FKIT,S+X2_M3_r1,mini_chocolate_panettone,328,0.000000
FKIT,S+X2_M3_r1,mini_chocolate_panettone,329,0.000000
FKIT,S+X2_M3_r1,mini_chocolate_panettone,330,0.000000
FKIT,S+X2_M3_r1,mini_chocolate_panettone,331,0.000000
FKIT,S+X2_M3_r1,mini_chocolate_panettone,332,0.000000
FKIT,S+X2_M3_r1,mini_chocolate_panettone,333,0.000000
FKIT,S+X2_M3_r1,mini_chocolate_panettone,334,0.000000
FKIT,S+X2_M3_r1,mini_chocolate_panettone,335,0.000000
FKIT,S+X2_M3_r1,mini_chocolate_panettone,336,0.000000
FKIT,S+X2_M3_r1,mini_chocolate_panettone,337,0.000000
FKIT,S+X2_M3_r1,mini_chocolate_panettone,338,0.000000
FKIT,S+X2_M3_r1,mini_chocolate_panettone,339,0.000000
FKIT,S+X2_M3_r1,mini_chocolate_panettone,340,0.000000
FKIT,S+X2_M3_r1,mini_chocolate_panettone,341,0.000000
FKIT,S+X2_M3_r1,mini_chocolate_panettone,342,0.000000
FKIT,S+X2_M3_r1,mini_chocolate_panettone,343,0.000000
FKIT,S+X2_M3_r1,mini_chocolate_panettone,344,0.000000
FKIT,S+X2_M3_r1,mini_chocolate_panettone,345,0.000000
FKIT,S+X2_M3_r1,mini_chocolate_panettone,346,0.000000
FKIT,S+X2_M3_r1,mini_chocolate_panettone,347,0.000000
FKIT,S+X2_M3_r1,mini_chocolate_panettone,348,0.000000
FKIT,S+X2_M3_r1,mini_chocolate_panettone,349,0.000000
FKIT,S+X2_M3_r1,mini_chocolate_panettone,350,0.000000
FKIT,S+X2_M3_r1,mini_chocolate_panettone,351,0.000000
FKIT,S+X2_M3_r1,mini_chocolate_panettone,352,0.000000
FKIT,S+X2_M3_r1,mini_chocolate_panettone,353,0.000000
FKIT,S+X2_M3_r1,mini_chocolate_panettone,354,0.000000
FKIT,S+X2_M3_r1,mini_chocolate_panettone,355,0.000000
FKIT,S+X2_M3_r1,mini_chocolate_panettone,356,0.000000
FKIT,S+X2_M3_r1,mini_chocolate_panettone,357,0.000000
FKIT,S+X2_M3_r1,mini_chocolate_panettone,358,0.000000
FKIT,S+X2_M3_r1,mini_chocolate_panettone,359,0.000000
FKIT,S+X2_M3_r1,mini_chocolate_panettone,360,0.000000
FKIT,S+X2_M3_r1,mini_chocolate_panettone,361,0.000000
FKIT,S+X2_M3_r1,mini_chocolate_panettone,362,0.000000
FKIT,S+X2_M3_r1,mini_chocolate_panettone,363,0.000000
FKIT,S+X2_M3_r1,mini_chocolate_panettone,364,0.000000
FKIT,S+X2_M3_r1,mini_chocolate_panettone,365,0.000000
FKIT,S+X2_M3_r1,mini_chocolate_panettone,366,0.000000
FKIT,S+X2_M3_r1,mini_chocolate_panettone,367,0.000000
FKIT,S+X2_M3_r1,mini_chocolate_panettone,368,0.000000
FKIT,S+X2_M3_r1,mini_chocolate_panettone,369,0.000000
FKIT,S+X2_M3_r1,mini_chocolate_panettone,370,0.000000
FKIT,S+X2_M3_r1,mini_chocolate_panettone,371,0.000000
FKIT,S+X2_M3_r1,mini_chocolate_panettone,372,0.000000
FKIT,S+X2_M3_r1,mini_chocolate_panettone,373,0.000000
FKIT,S+X2_M3_r1,mini_chocolate_panettone,374,0.000000
FKIT,S+X2_M3_r1,mini_chocolate_panettone,375,0.000000
FKIT,S+X2_M3_r1,mini_chocolate_panettone,376,0.000000
FKIT,S+X2_M3_r1,mini_chocolate_panettone,377,0.000000
FKIT,S+X2_M3_r1,mini_chocolate_panettone,378,0.000000
FKIT,S+X2_M3_r1,mini_chocolate_panettone,379,0.000000
FKIT,S+X2_M3_r1,mini_chocolate_panettone,380,0.000000
FKIT,S+X2_M3_r1,mini_chocolate_panettone,381,0.000000
FKIT,S+X2_M3_r1,mini_chocolate_panettone,382,0.000000
FKIT,S+X2_M3_r1,mini_chocolate_panettone,383,0.000000
FKIT,S+X2_M3_r1,mini_chocolate_panettone,384,0.000000
FKIT,S+X2_M3_r1,mini_chocolate_panettone,385,0.000000
FKIT,S+X2_M3_r1,mini_chocolate_panettone,386,0.000000
FKIT,S+X2_M3_r1,mini_chocolate_panettone,387,0.000000
FKIT,S+X2_M3_r1,mini_chocolate_panettone,388,0.000000
FKIT,S+X2_M3_r1,mini_chocolate_panettone,389,0.000000
FKIT,S+X2_M3_r1,mini_chocolate_panettone,390,0.000000
FKIT,S+X2_M3_r1,mini_chocolate_panettone,391,0.000000
FKIT,S+X2_M3_r1,mini_chocolate_panettone,392,0.000000
FKIT,S+X2_M3_r1,mini_chocolate_panettone,393,0.000000
FKIT,S+X2_M3_r1,mini_chocolate_panettone,394,0.000000
FKIT,S+X2_M3_r1,mini_chocolate_panettone,395,0.000000
FKIT,S+X2_M3_r1,mini_chocolate_panettone,396,0.000000
FKIT,S+X2_M3_r1,mini_chocolate_panettone,397,0.000000
FKIT,S+X2_M3_r1,mini_chocolate_panettone,398,0.000000
FKIT,S+X2_M3_r1,mini_chocolate_panettone,399,0.000000
FKIT,S+X2_M3_r1,mini_chocolate_panettone,400,0.000000
FKIT,S+X2_M3_r1,mini_chocolate_panettone,401,0.000000
FKIT,S+X2_M3_r1,mini_chocolate_panettone,402,0.000000
FKIT,S+X2_M3_r1,mini_chocolate_panettone,403,0.000000
FKIT,S+X2_M3_r1,mini_chocolate_panettone,404,0.000000
FKIT,S+X2_M3_r1,mini_chocolate_panettone,405,0.000000
FKIT,S+X2_M3_r1,mini_chocolate_panettone,406,0.000000
FKIT,S+X2_M3_r1,mini_chocolate_panettone,407,0.000000
FKIT,S+X2_M3_r1,mini_chocolate_panettone,408,0.000000
FKIT,S+X2_M3_r1,mini_chocolate_panettone,409,0.000000
FKIT,S+X2_M3_r1,mini_chocolate_panettone,410,0.000000
FKIT,S+X2_M3_r1,mini_chocolate_panettone,411,0.000000
FKIT,S+X2_M3_r1,mini_chocolate_panettone,412,0.000000
FKIT,S+X2_M3_r1,mini_chocolate_panettone,413,0.000000
FKIT,S+X2_M3_r1,mini_chocolate_panettone,414,0.000000
FKIT,S+X2_M3_r1,mini_chocolate_panettone,415,0.000000
FKIT,S+X2_M3_r1,mini_chocolate_panettone,416,0.000000
FKIT,S+X2_M3_r1,mini_chocolate_panettone,417,0.000000
FKIT,S+X2_M3_r1,mini_chocolate_panettone,418,0.000000
FKIT,S+X2_M3_r1,mini_chocolate_panettone,419,0.000000
FKIT,S+X2_M3_r1,mini_chocolate_panettone,420,0.000000
FKIT,S+X2_M3_r1,mini_chocolate_panettone,421,0.000000
FKIT,S+X2_M3_r1,mini_chocolate_panettone,422,0.000000
FKIT,S+X2_M3_r1,mini_chocolate_panettone,423,0.000000
FKIT,S+X2_M3_r1,mini_chocolate_panettone,424,0.000000
FKIT,S+X2_M3_r1,mini_chocolate_panettone,425,0.000000
FKIT,S+X2_M3_r1,mini_chocolate_panettone,426,0.000000
FKIT,S+X2_M3_r1,mini_chocolate_panettone,427,0.000000
FKIT,S+X2_M3_r1,mini_chocolate_panettone,428,0.000000
FKIT,S+X2_M3_r1,mini_chocolate_panettone,429,0.000000
FKIT,S+X2_M3_r1,mini_chocolate_panettone,430,0.000000
FKIT,S+X2_M3_r1,mini_chocolate_panettone,431,0.000000
FKIT,S+X2_M3_r1,mini_chocolate_panettone,432,0.000000
FKIT,S+X2_M3_r1,mini_chocolate_panettone,433,0.000000
FKIT,S+X2_M3_r1,mini_chocolate_panettone,434,0.000000
FKIT,S+X2_M3_r1,mini_chocolate_panettone,435,0.000000
FKIT,S+X2_M3_r1,mini_chocolate_panettone,436,0.000000
FKIT,S+X2_M3_r1,mini_chocolate_panettone,437,0.000000
FKIT,S+X2_M3_r1,mini_chocolate_panettone,438,0.000000
FKIT,S+X2_M3_r1,mini_chocolate_panettone,439,0.000000
FKIT,S+X2_M3_r1,mini_chocolate_panettone,440,0.000000
FKIT,S+X2_M3_r1,mini_chocolate_panettone,441,0.000000
FKIT,S+X2_M3_r1,mini_chocolate_panettone,442,0.000000
FKIT,S+X2_M3_r1,mini_chocolate_panettone,443,0.000000
FKIT,S+X2_M3_r1,mini_chocolate_panettone,444,0.000000
FKIT,S+X2_M3_r1,mini_chocolate_panettone,445,0.000000
FKIT,S+X2_M3_r1,mini_chocolate_panettone,446,0.000000
FKIT,S+X2_M3_r1,mini_chocolate_panettone,447,0.000000
FKIT,S+X2_M3_r1,mini_chocolate_panettone,448,0.000000
FKIT,S+X2_M3_r1,mini_chocolate_panettone,449,0.000000
FKIT,S+X2_M3_r1,mini_chocolate_panettone,450,0.000000
FKIT,S+X2_M3_r1,mini_chocolate_panettone,451,0.000000
FKIT,S+X2_M3_r1,mini_chocolate_panettone,452,0.000000
FKIT,S+X2_M3_r1,mini_chocolate_panettone,453,0.000000
FKIT,S+X2_M3_r1,mini_chocolate_panettone,454,0.000000
FKIT,S+X2_M3_r1,mini_chocolate_panettone,455,0.000000
FKIT,S+X2_M3_r1,mini_chocolate_panettone,456,0.000000
FKIT,S+X2_M3_r1,mini_chocolate_panettone,457,0.000000
FKIT,S+X2_M3_r1,mini_chocolate_panettone,458,0.000000
FKIT,S+X2_M3_r1,mini_chocolate_panettone,459,0.000000
FKIT,S+X2_M3_r1,mini_chocolate_panettone,460,0.000000
FKIT,S+X2_M3_r1,mini_chocolate_panettone,461,0.000000
FKIT,S+X2_M3_r1,mini_chocolate_panettone,462,0.000000
FKIT,S+X2_M3_r1,mini_chocolate_panettone,463,0.000000
FKIT,S+X2_M3_r1,mini_chocolate_panettone,464,0.000000
FKIT,S+X2_M3_r1,mini_chocolate_panettone,465,0.000000
FKIT,S+X2_M3_r1,mini_chocolate_panettone,466,0.000000
FKIT,S+X2_M3_r1,mini_chocolate_panettone,467,0.000000
FKIT,S+X2_M3_r1,mini_chocolate_panettone,468,0.000000
FKIT,S+X2_M3_r1,mini_chocolate_panettone,469,0.000000
FKIT,S+X2_M3_r1,mini_chocolate_panettone,470,0.000000
FKIT,S+X2_M3_r1,mini_chocolate_panettone,471,0.000000
FKIT,S+X2_M3_r1,mini_chocolate_panettone,472,0.000000
FKIT,S+X2_M3_r1,mini_chocolate_panettone,473,0.000000
FKIT,S+X2_M3_r1,mini_chocolate_panettone,474,0.000000
FKIT,S+X2_M3_r1,mini_chocolate_panettone,475,0.000000
FKIT,S+X2_M3_r1,mini_chocolate_panettone,476,0.000000
FKIT,S+X2_M3_r1,mini_chocolate_panettone,477,0.000000
FKIT,S+X2_M3_r1,mini_chocolate_panettone,478,0.000000
FKIT,S+X2_M3_r1,mini_chocolate_panettone,479,0.000000
FKIT,S+X2_M3_r1,mini_chocolate_panettone,480,0.000000
FKIT,S+X2_M3_r1,mini_chocolate_panettone,481,0.000000
FKIT,S+X2_M3_r1,mini_chocolate_panettone,482,0.000000
FKIT,S+X2_M3_r1,mini_chocolate_panettone,483,0.000000
FKIT,S+X2_M3_r1,mini_chocolate_panettone,484,0.000000
FKIT,S+X2_M3_r1,mini_chocolate_panettone,485,0.000000
FKIT,S+X2_M3_r1,mini_chocolate_panettone,486,0.000000
FKIT,S+X2_M3_r1,mini_chocolate_panettone,487,0.000000
FKIT,S+X2_M3_r1,mini_chocolate_panettone,488,0.000000
FKIT,S+X2_M3_r1,mini_chocolate_panettone,489,0.000000
FKIT,S+X2_M3_r1,mini_chocolate_panettone,490,0.000000
FKIT,S+X2_M3_r1,mini_chocolate_panettone,491,0.000000
FKIT,S+X2_M3_r1,mini_chocolate_panettone,492,0.000000
FKIT,S+X2_M3_r1,mini_chocolate_panettone,493,0.000000
FKIT,S+X2_M3_r1,mini_chocolate_panettone,494,0.000000
FKIT,S+X2_M3_r1,mini_chocolate_panettone,495,0.000000
FKIT,S+X2_M3_r1,mini_chocolate_panettone,496,0.000000
FKIT,S+X2_M3_r1,mini_chocolate_panettone,497,0.000000
FKIT,S+X2_M3_r1,mini_chocolate_panettone,498,0.000000
FKIT,S+X2_M3_r1,mini_chocolate_panettone,499,0.000000
FKIT,S+X2_M3_r1,mini_chocolate_panettone,500,0.000000
FKIT,S+X2_M3_r1,mini_chocolate_panettone,501,0.000000
FKIT,S+X2_M3_r1,mini_chocolate_panettone,502,0.000000
FKIT,S+X2_M3_r1,mini_chocolate_panettone,503,0.000000
FKIT,S+X2_M3_r1,mini_chocolate_panettone,504,0.000000
FKIT,S+X2_M3_r1,mini_chocolate_panettone,505,0.000000
FKIT,S+X2_M3_r1,mini_chocolate_panettone,506,0.000000
FKIT,S+X2_M3_r1,mini_chocolate_panettone,507,0.000000
FKIT,S+X2_M3_r1,mini_chocolate_panettone,508,0.000000
FKIT,S+X2_M3_r1,mini_chocolate_panettone,509,0.000000
FKIT,S+X2_M3_r1,mini_chocolate_panettone,510,0.000000
FKIT,S+X2_M3_r1,mini_chocolate_panettone,511,0.000000
FKIT,S+X2_M3_r1,mini_chocolate_panettone,512,0.000000
FKIT,S+X2_M3_r1,mini_chocolate_panettone,513,0.000000
FKIT,S+X2_M3_r1,mini_chocolate_panettone,514,0.000000
FKIT,S+X2_M3_r1,mini_chocolate_panettone,515,0.000000
FKIT,S+X2_M3_r1,mini_chocolate_panettone,516,0.000000
FKIT,S+X2_M3_r1,mini_chocolate_panettone,517,0.000000
FKIT,S+X2_M3_r1,mini_chocolate_panettone,518,0.000000
FKIT,S+X2_M3_r1,mini_chocolate_panettone,519,0.000000
FKIT,S+X2_M3_r1,mini_chocolate_panettone,520,0.000000
FKIT,S+X2_M3_r1,mini_chocolate_panettone,521,0.000000
FKIT,S+X2_M3_r1,mini_chocolate_panettone,522,0.000000
FKIT,S+X2_M3_r1,mini_chocolate_panettone,523,0.000000
FKIT,S+X2_M3_r1,mini_chocolate_panettone,524,0.000000
FKIT,S+X2_M3_r1,mini_chocolate_panettone,525,0.000000
FKIT,S+X2_M3_r1,mini_chocolate_panettone,526,0.000000
FKIT,S+X2_M3_r1,mini_chocolate_panettone,527,0.000000
FKIT,S+X2_M3_r1,mini_chocolate_panettone,528,0.000000
FKIT,S+X2_M3_r1,mini_chocolate_panettone,529,0.000000
FKIT,S+X2_M3_r1,mini_chocolate_panettone,530,0.000000
FKIT,S+X2_M3_r1,mini_chocolate_panettone,531,0.000000
FKIT,S+X2_M3_r1,mini_chocolate_panettone,532,0.000000
FKIT,S+X2_M3_r1,mini_chocolate_panettone,533,0.000000
FKIT,S+X2_M3_r1,mini_chocolate_panettone,534,0.000000
FKIT,S+X2_M3_r1,mini_chocolate_panettone,535,0.000000
FKIT,S+X2_M3_r1,mini_chocolate_panettone,536,0.000000
FKIT,S+X2_M3_r1,mini_chocolate_panettone,537,0.000000
FKIT,S+X2_M3_r1,mini_chocolate_panettone,538,0.000000
FKIT,S+X2_M3_r1,mini_chocolate_panettone,539,0.000000
FKIT,S+X2_M3_r1,mini_chocolate_panettone,540,0.000000
FKIT,S+X2_M3_r1,mini_chocolate_panettone,541,0.000000
FKIT,S+X2_M3_r1,mini_chocolate_panettone,542,0.000000
FKIT,S+X2_M3_r1,mini_chocolate_panettone,543,0.000000
FKIT,S+X2_M3_r1,mini_chocolate_panettone,544,0.000000
FKIT,S+X2_M3_r1,mini_chocolate_panettone,545,0.000000
FKIT,S+X2_M3_r1,mini_chocolate_panettone,546,0.000000
FKIT,S+X2_M3_r1,mini_chocolate_panettone,547,0.000000
FKIT,S+X2_M3_r1,mini_chocolate_panettone,548,0.000000
FKIT,S+X2_M3_r1,mini_chocolate_panettone,549,0.000000
FKIT,S+X2_M3_r1,mini_chocolate_panettone,550,0.000000
FKIT,S+X2_M3_r1,mini_chocolate_panettone,551,0.000000
FKIT,S+X2_M3_r1,mini_chocolate_panettone,552,0.000000
FKIT,S+X2_M3_r1,mini_chocolate_panettone,553,0.000000
FKIT,S+X2_M3_r1,mini_chocolate_panettone,554,0.000000
FKIT,S+X2_M3_r1,mini_chocolate_panettone,555,0.000000
FKIT,S+X2_M3_r1,mini_chocolate_panettone,556,0.000000
FKIT,S+X2_M3_r1,mini_chocolate_panettone,557,0.000000
FKIT,S+X2_M3_r1,mini_chocolate_panettone,558,0.000000
FKIT,S+X2_M3_r1,mini_chocolate_panettone,559,0.000000
FKIT,S+X2_M3_r1,mini_chocolate_panettone,560,0.000000
FKIT,S+X2_M3_r1,mini_chocolate_panettone,561,0.000000
FKIT,S+X2_M3_r1,mini_chocolate_panettone,562,0.000000
FKIT,S+X2_M3_r1,mini_chocolate_panettone,563,0.000000
FKIT,S+X2_M3_r1,mini_chocolate_panettone,564,0.000000
FKIT,S+X2_M3_r1,mini_chocolate_panettone,565,0.000000
FKIT,S+X2_M3_r1,mini_chocolate_panettone,566,0.000000
FKIT,S+X2_M3_r1,mini_chocolate_panettone,567,0.000000
FKIT,S+X2_M3_r1,mini_chocolate_panettone,568,0.000000
FKIT,S+X2_M3_r1,mini_chocolate_panettone,569,0.000000
FKIT,S+X2_M3_r1,mini_chocolate_panettone,570,0.000000
FKIT,S+X2_M3_r1,mini_chocolate_panettone,571,0.000000
FKIT,S+X2_M3_r1,mini_chocolate_panettone,572,0.000000
FKIT,S+X2_M3_r1,mini_chocolate_panettone,573,0.000000
FKIT,S+X2_M3_r1,mini_chocolate_panettone,574,0.000000
FKIT,S+X2_M3_r1,mini_chocolate_panettone,575,0.000000
FKIT,S+X2_M3_r1,mini_chocolate_panettone,576,0.000000
FKIT,S+X2_M3_r1,mini_chocolate_panettone,577,0.000000
FKIT,S+X2_M3_r1,mini_chocolate_panettone,578,0.000000
FKIT,S+X2_M3_r1,mini_chocolate_panettone,579,0.000000
FKIT,S+X2_M3_r1,mini_chocolate_panettone,580,0.000000
FKIT,S+X2_M3_r1,mini_chocolate_panettone,581,0.000000
FKIT,S+X2_M3_r1,mini_chocolate_panettone,582,0.000000
FKIT,S+X2_M3_r1,mini_chocolate_panettone,583,0.000000
FKIT,S+X2_M3_r1,mini_chocolate_panettone,584,0.000000
FKIT,S+X2_M3_r1,mini_chocolate_panettone,585,0.000000
FKIT,S+X2_M3_r1,mini_chocolate_panettone,586,0.000000
FKIT,S+X2_M3_r1,mini_chocolate_panettone,587,0.000000
FKIT,S+X2_M3_r1,mini_chocolate_panettone,588,0.000000
FKIT,S+X2_M3_r1,mini_chocolate_panettone,589,0.000000
FKIT,S+X2_M3_r1,mini_chocolate_panettone,590,0.000000
FKIT,S+X2_M3_r1,mini_chocolate_panettone,591,0.000000
FKIT,S+X2_M3_r1,mini_chocolate_panettone,592,0.000000
FKIT,S+X2_M3_r1,mini_chocolate_panettone,593,0.000000
FKIT,S+X2_M3_r1,mini_chocolate_panettone,594,0.000000
FKIT,S+X2_M3_r1,mini_chocolate_panettone,595,0.000000
FKIT,S+X2_M3_r1,mini_chocolate_panettone,596,0.000000
FKIT,S+X2_M3_r1,mini_chocolate_panettone,597,0.000000
FKIT,S+X2_M3_r1,mini_chocolate_panettone,598,0.000000
FKIT,S+X2_M3_r1,mini_chocolate_panettone,599,0.000000
FKIT,S+X2_M3_r1,mini_chocolate_panettone,600,0.000000
FKIT,S+X2_M3_r1,mini_chocolate_panettone,601,0.000000
FKIT,S+X2_M3_r1,mini_chocolate_panettone,602,0.000000
FKIT,S+X2_M3_r1,mini_chocolate_panettone,603,0.000000
FKIT,S+X2_M3_r1,mini_chocolate_panettone,604,0.000000
FKIT,S+X2_M3_r1,mini_chocolate_panettone,605,0.000000
FKIT,S+X2_M3_r1,mini_chocolate_panettone,606,0.000000
FKIT,S+X2_M3_r1,mini_chocolate_panettone,607,0.000000
FKIT,S+X2_M3_r1,mini_chocolate_panettone,608,0.000000
FKIT,S+X2_M3_r1,mini_chocolate_panettone,609,0.000000
FKIT,S+X2_M3_r1,mini_chocolate_panettone,610,0.000000
FKIT,S+X2_M3_r1,mini_chocolate_panettone,611,0.000000
FKIT,S+X2_M3_r1,mini_chocolate_panettone,612,0.000000
FKIT,S+X2_M3_r1,mini_chocolate_panettone,613,0.000000
FKIT,S+X2_M3_r1,mini_chocolate_panettone,614,0.000000
FKIT,S+X2_M3_r1,mini_chocolate_panettone,615,0.000000
FKIT,S+X2_M3_r1,mini_chocolate_panettone,616,0.000000
FKIT,S+X2_M3_r1,mini_chocolate_panettone,617,0.000000
FKIT,S+X2_M3_r1,mini_chocolate_panettone,618,0.000000
FKIT,S+X2_M3_r1,mini_chocolate_panettone,619,0.000000
FKIT,S+X2_M3_r1,mini_chocolate_panettone,620,0.000000
FKIT,S+X2_M3_r1,mini_chocolate_panettone,621,0.000000
FKIT,S+X2_M3_r1,mini_chocolate_panettone,622,0.000000
FKIT,S+X2_M3_r1,mini_chocolate_panettone,623,0.000000
FKIT,S+X2_M3_r1,mini_chocolate_panettone,624,0.000000
FKIT,S+X2_M3_r1,mini_chocolate_panettone,625,0.000000
FKIT,S+X2_M3_r1,mini_chocolate_panettone,626,0.000000
FKIT,S+X2_M3_r1,mini_chocolate_panettone,627,0.000000
FKIT,S+X2_M3_r1,mini_chocolate_panettone,628,0.000000
FKIT,S+X2_M3_r1,mini_chocolate_panettone,629,0.000000
FKIT,S+X2_M3_r1,mini_chocolate_panettone,630,0.000000
FKIT,S+X2_M3_r1,mini_chocolate_panettone,631,0.000000
FKIT,S+X2_M3_r1,mini_chocolate_panettone,632,0.000000
FKIT,S+X2_M3_r1,mini_chocolate_panettone,633,0.000000
FKIT,S+X2_M3_r1,mini_chocolate_panettone,634,0.000000
FKIT,S+X2_M3_r1,mini_chocolate_panettone,635,0.000000
FKIT,S+X2_M3_r1,mini_chocolate_panettone,636,0.000000
FKIT,S+X2_M3_r1,mini_chocolate_panettone,637,0.000000
FKIT,S+X2_M3_r1,mini_chocolate_panettone,638,0.000000
FKIT,S+X2_M3_r1,mini_chocolate_panettone,639,0.000000
FKIT,S+X2_M3_r1,mini_chocolate_panettone,640,0.000000
FKIT,S+X2_M3_r1,mini_chocolate_panettone,641,0.000000
FKIT,S+X2_M3_r1,mini_chocolate_panettone,642,0.000000
FKIT,S+X2_M3_r1,mini_chocolate_panettone,643,0.000000
FKIT,S+X2_M3_r1,mini_chocolate_panettone,644,0.000000
FKIT,S+X2_M3_r1,mini_chocolate_panettone,645,0.000000
FKIT,S+X2_M3_r1,mini_chocolate_panettone,646,0.000000
FKIT,S+X2_M3_r1,mini_chocolate_panettone,647,0.000000
FKIT,S+X2_M3_r1,mini_chocolate_panettone,648,0.000000
FKIT,S+X2_M3_r1,mini_chocolate_panettone,649,0.000000
FKIT,S+X2_M3_r1,mini_chocolate_panettone,650,0.000000
FKIT,S+X2_M3_r1,mini_chocolate_panettone,651,0.000000
FKIT,S+X2_M3_r1,mini_chocolate_panettone,652,0.000000
FKIT,S+X2_M3_r1,mini_chocolate_panettone,653,0.000000
FKIT,S+X2_M3_r1,mini_chocolate_panettone,654,0.000000
FKIT,S+X2_M3_r1,mini_chocolate_panettone,655,0.000000
FKIT,S+X2_M3_r1,mini_chocolate_panettone,656,0.000000
FKIT,S+X2_M3_r1,mini_chocolate_panettone,657,0.000000
FKIT,S+X2_M3_r1,mini_chocolate_panettone,658,0.000000
FKIT,S+X2_M3_r1,mini_chocolate_panettone,659,0.000000
FKIT,S+X2_M3_r1,mini_chocolate_panettone,660,0.000000
FKIT,S+X2_M3_r1,mini_chocolate_panettone,661,0.000000
FKIT,S+X2_M3_r1,mini_chocolate_panettone,662,0.000000
FKIT,S+X2_M3_r1,mini_chocolate_panettone,663,0.000000
FKIT,S+X2_M3_r1,mini_chocolate_panettone,664,0.000000
FKIT,S+X2_M3_r1,mini_chocolate_panettone,665,0.000000
FKIT,S+X2_M3_r1,mini_chocolate_panettone,666,0.000000
FKIT,S+X2_M3_r1,mini_chocolate_panettone,667,0.000000
FKIT,S+X2_M3_r1,mini_chocolate_panettone,668,0.000000
FKIT,S+X2_M3_r1,mini_chocolate_panettone,669,0.000000
FKIT,S+X2_M3_r1,mini_chocolate_panettone,670,0.000000
FKIT,S+X2_M3_r1,mini_chocolate_panettone,671,0.000000
FKIT,S+X2_M3_r1,mini_chocolate_panettone,672,0.000000
FKIT,S+X2_M3_r1,mini_chocolate_panettone,673,0.000000
FKIT,S+X2_M3_r1,mini_chocolate_panettone,674,0.000000
FKIT,S+X2_M3_r1,mini_chocolate_panettone,675,0.000000
FKIT,S+X2_M3_r1,mini_chocolate_panettone,676,0.000000
FKIT,S+X2_M3_r1,mini_chocolate_panettone,677,0.000000
FKIT,S+X2_M3_r1,mini_chocolate_panettone,678,0.000000
FKIT,S+X2_M3_r1,mini_chocolate_panettone,679,0.000000
FKIT,S+X2_M3_r1,mini_chocolate_panettone,680,0.000000
FKIT,S+X2_M3_r1,mini_chocolate_panettone,681,0.000000
FKIT,S+X2_M3_r1,mini_chocolate_panettone,682,0.000000
FKIT,S+X2_M3_r1,mini_chocolate_panettone,683,0.000000
FKIT,S+X2_M3_r1,mini_chocolate_panettone,684,0.000000
FKIT,S+X2_M3_r1,mini_chocolate_panettone,685,0.000000
FKIT,S+X2_M3_r1,mini_chocolate_panettone,686,0.000000
FKIT,S+X2_M3_r1,mini_chocolate_panettone,687,0.000000
FKIT,S+X2_M3_r1,mini_chocolate_panettone,688,0.000000
FKIT,S+X2_M3_r1,mini_chocolate_panettone,689,0.000000
FKIT,S+X2_M3_r1,mini_chocolate_panettone,690,0.000000
FKIT,S+X2_M3_r1,mini_chocolate_panettone,691,0.000000
FKIT,S+X2_M3_r1,mini_chocolate_panettone,692,0.000000
FKIT,S+X2_M3_r1,mini_chocolate_panettone,693,0.000000
FKIT,S+X2_M3_r1,mini_chocolate_panettone,694,0.000000
FKIT,S+X2_M3_r1,mini_chocolate_panettone,695,0.000000
FKIT,S+X2_M3_r1,mini_chocolate_panettone,696,0.000000
FKIT,S+X2_M3_r1,mini_chocolate_panettone,697,0.000000
FKIT,S+X2_M3_r1,mini_chocolate_panettone,698,0.000000
FKIT,S+X2_M3_r1,mini_chocolate_panettone,699,0.000000
FKIT,S+X2_M3_r1,mini_chocolate_panettone,700,0.000000
FKIT,S+X2_M3_r1,mini_chocolate_panettone,701,0.000000
FKIT,S+X2_M3_r1,mini_chocolate_panettone,702,0.000000
FKIT,S+X2_M3_r1,mini_chocolate_panettone,703,0.000000
FKIT,S+X2_M3_r1,mini_chocolate_panettone,704,0.000000
FKIT,S+X2_M3_r1,mini_chocolate_panettone,705,0.000000
FKIT,S+X2_M3_r1,mini_chocolate_panettone,706,0.000000
FKIT,S+X2_M3_r1,mini_chocolate_panettone,707,0.000000
FKIT,S+X2_M3_r1,mini_chocolate_panettone,708,0.000000
FKIT,S+X2_M3_r1,mini_chocolate_panettone,709,0.000000
FKIT,S+X2_M3_r1,mini_chocolate_panettone,710,0.000000
FKIT,S+X2_M3_r1,mini_chocolate_panettone,711,0.000000
FKIT,S+X2_M3_r1,mini_chocolate_panettone,712,0.000000
FKIT,S+X2_M3_r1,mini_chocolate_panettone,713,0.000000
FKIT,S+X2_M3_r1,mini_chocolate_panettone,714,0.000000
FKIT,S+X2_M3_r1,mini_chocolate_panettone,715,0.000000
FKIT,S+X2_M3_r1,mini_chocolate_panettone,716,0.000000
FKIT,S+X2_M3_r1,mini_chocolate_panettone,717,0.000000
FKIT,S+X2_M3_r1,mini_chocolate_panettone,718,0.000000
FKIT,S+X2_M3_r1,mini_chocolate_panettone,719,0.000000
FKIT,S+X2_M3_r1,mini_chocolate_panettone,720,0.000000
FKIT,S+X2_M3_r1,mini_chocolate_panettone,721,0.000000
FKIT,S+X2_M3_r1,mini_chocolate_panettone,722,0.000000
FKIT,S+X2_M3_r1,mini_chocolate_panettone,723,0.000000
FKIT,S+X2_M3_r1,mini_chocolate_panettone,724,0.000000
FKIT,S+X2_M3_r1,mini_chocolate_panettone,725,0.000000
FKIT,S+X2_M3_r1,mini_chocolate_panettone,726,0.000000
FKIT,S+X2_M3_r1,mini_chocolate_panettone,727,0.000000
FKIT,S+X2_M3_r1,mini_chocolate_panettone,728,0.000000
FKIT,S+X2_M3_r1,mini_chocolate_panettone,729,0.000000
FKIT,S+X2_M3_r1,mini_chocolate_panettone,730,0.000000
FKIT,S+X2_M3_r1,mini_chocolate_panettone,731,0.000000
FKIT,S+X2_M3_r1,mini_chocolate_panettone,732,0.000000
FKIT,S+X2_M3_r1,mini_chocolate_panettone,733,0.000000
FKIT,S+X2_M3_r1,mini_chocolate_panettone,734,0.000000
FKIT,S+X2_M3_r1,mini_chocolate_panettone,735,0.000000
FKIT,S+X2_M3_r1,mini_chocolate_panettone,736,0.000000
FKIT,S+X2_M3_r1,mini_chocolate_panettone,737,0.000000
FKIT,S+X2_M3_r1,mini_chocolate_panettone,738,0.000000
FKIT,S+X2_M3_r1,mini_chocolate_panettone,739,0.000000
FKIT,S+X2_M3_r1,mini_chocolate_panettone,740,0.000000
FKIT,S+X2_M3_r1,mini_chocolate_panettone,741,0.000000
FKIT,S+X2_M3_r1,mini_chocolate_panettone,742,0.000000
FKIT,S+X2_M3_r1,mini_chocolate_panettone,743,0.000000
FKIT,S+X2_M3_r1,mini_chocolate_panettone,744,0.000000
FKIT,S+X2_M3_r1,mini_chocolate_panettone,745,0.000000
FKIT,S+X2_M3_r1,mini_chocolate_panettone,746,0.000000
FKIT,S+X2_M3_r1,mini_chocolate_panettone,747,0.000000
FKIT,S+X2_M3_r1,mini_chocolate_panettone,748,0.000000
FKIT,S+X2_M3_r1,mini_chocolate_panettone,749,0.000000
FKIT,S+X2_M3_r1,mini_chocolate_panettone,750,0.000000
FKIT,S+X2_M3_r1,mini_chocolate_panettone,751,0.000000
FKIT,S+X2_M3_r1,mini_chocolate_panettone,752,0.000000
FKIT,S+X2_M3_r1,mini_chocolate_panettone,753,0.000000
FKIT,S+X2_M3_r1,mini_chocolate_panettone,754,0.000000
FKIT,S+X2_M3_r1,mini_chocolate_panettone,755,0.000000
FKIT,S+X2_M3_r1,mini_chocolate_panettone,756,0.000000
FKIT,S+X2_M3_r1,mini_chocolate_panettone,757,0.000000
FKIT,S+X2_M3_r1,mini_chocolate_panettone,758,0.000000
FKIT,S+X2_M3_r1,mini_chocolate_panettone,759,0.000000
FKIT,S+X2_M3_r1,mini_chocolate_panettone,760,0.000000
FKIT,S+X2_M3_r1,mini_chocolate_panettone,761,0.000000
FKIT,S+X2_M3_r1,mini_chocolate_panettone,762,0.000000
FKIT,S+X2_M3_r1,mini_chocolate_panettone,763,0.000000
FKIT,S+X2_M3_r1,mini_chocolate_panettone,764,0.000000
FKIT,S+X2_M3_r1,mini_chocolate_panettone,765,0.000000
FKIT,S+X2_M3_r1,mini_chocolate_panettone,766,0.000000
FKIT,S+X2_M3_r1,mini_chocolate_panettone,767,0.000000
FKIT,S+X2_M3_r1,mini_chocolate_panettone,768,0.000000
FKIT,S+X2_M3_r1,mini_chocolate_panettone,769,0.000000
FKIT,S+X2_M3_r1,mini_chocolate_panettone,770,0.000000
FKIT,S+X2_M3_r1,mini_chocolate_panettone,771,0.000000
FKIT,S+X2_M3_r1,mini_chocolate_panettone,772,0.000000
FKIT,S+X2_M3_r1,mini_chocolate_panettone,773,0.000000
FKIT,S+X2_M3_r1,mini_chocolate_panettone,774,0.000000
FKIT,S+X2_M3_r1,mini_chocolate_panettone,775,0.000000
FKIT,S+X2_M3_r1,mini_chocolate_panettone,776,0.000000
FKIT,S+X2_M3_r1,mini_chocolate_panettone,777,0.000000
FKIT,S+X2_M3_r1,mini_chocolate_panettone,778,0.000000
FKIT,S+X2_M3_r1,mini_chocolate_panettone,779,0.000000
FKIT,S+X2_M3_r1,mini_chocolate_panettone,780,0.000000
FKIT,S+X2_M3_r1,mini_chocolate_panettone,781,0.000000
FKIT,S+X2_M3_r1,mini_chocolate_panettone,782,0.000000
FKIT,S+X2_M3_r1,mini_chocolate_panettone,783,0.000000
FKIT,S+X2_M3_r1,mini_chocolate_panettone,784,0.000000
FKIT,S+X2_M3_r1,mini_chocolate_panettone,785,0.000000
FKIT,S+X2_M3_r1,mini_chocolate_panettone,786,0.000000
FKIT,S+X2_M3_r1,mini_chocolate_panettone,787,0.000000
FKIT,S+X2_M3_r1,mini_chocolate_panettone,788,0.000000
FKIT,S+X2_M3_r1,mini_chocolate_panettone,789,0.000000
FKIT,S+X2_M3_r1,mini_chocolate_panettone,790,0.000000
FKIT,S+X2_M3_r1,mini_chocolate_panettone,791,0.000000
FKIT,S+X2_M3_r1,mini_chocolate_panettone,792,0.000000
FKIT,S+X2_M3_r1,mini_chocolate_panettone,793,0.000000
FKIT,S+X2_M3_r1,mini_chocolate_panettone,794,0.000000
FKIT,S+X2_M3_r1,mini_chocolate_panettone,795,0.000000
FKIT,S+X2_M3_r1,mini_chocolate_panettone,796,0.000000
FKIT,S+X2_M3_r1,mini_chocolate_panettone,797,0.000000
FKIT,S+X2_M3_r1,mini_chocolate_panettone,798,0.000000
FKIT,S+X2_M3_r1,mini_chocolate_panettone,799,0.000000
FKIT,S+X2_M3_r1,mini_chocolate_panettone,800,0.000000
FKIT,S+X2_M3_r1,mini_chocolate_panettone,801,0.000000
FKIT,S+X2_M3_r1,mini_chocolate_panettone,802,0.000000
FKIT,S+X2_M3_r1,mini_chocolate_panettone,803,0.000000
FKIT,S+X2_M3_r1,mini_chocolate_panettone,804,0.000000
FKIT,S+X2_M3_r1,mini_chocolate_panettone,805,0.000000
FKIT,S+X2_M3_r1,mini_chocolate_panettone,806,0.000000
FKIT,S+X2_M3_r1,mini_chocolate_panettone,807,0.000000
FKIT,S+X2_M3_r1,mini_chocolate_panettone,808,0.000000
FKIT,S+X2_M3_r1,mini_chocolate_panettone,809,0.000000
FKIT,S+X2_M3_r1,mini_chocolate_panettone,810,0.000000
FKIT,S+X2_M3_r1,mini_chocolate_panettone,811,0.000000
FKIT,S+X2_M3_r1,mini_chocolate_panettone,812,0.000000
FKIT,S+X2_M3_r1,mini_chocolate_panettone,813,0.000000
FKIT,S+X2_M3_r1,mini_chocolate_panettone,814,0.000000
FKIT,S+X2_M3_r1,mini_chocolate_panettone,815,0.000000
FKIT,S+X2_M3_r1,mini_chocolate_panettone,816,0.000000
FKIT,S+X2_M3_r1,mini_chocolate_panettone,817,0.000000
FKIT,S+X2_M3_r1,mini_chocolate_panettone,818,0.000000
FKIT,S+X2_M3_r1,mini_chocolate_panettone,819,0.000000
FKIT,S+X2_M3_r1,mini_chocolate_panettone,820,0.000000
FKIT,S+X2_M3_r1,mini_chocolate_panettone,821,0.000000
FKIT,S+X2_M3_r1,mini_chocolate_panettone,822,0.000000
FKIT,S+X2_M3_r1,mini_chocolate_panettone,823,0.000000
FKIT,S+X2_M3_r1,mini_chocolate_panettone,824,0.000000
FKIT,S+X2_M3_r1,mini_chocolate_panettone,825,0.000000
FKIT,S+X2_M3_r1,mini_chocolate_panettone,826,0.000000
FKIT,S+X2_M3_r1,mini_chocolate_panettone,827,0.000000
FKIT,S+X2_M3_r1,mini_chocolate_panettone,828,0.000000
FKIT,S+X2_M3_r1,mini_chocolate_panettone,829,0.000000
FKIT,S+X2_M3_r1,mini_chocolate_panettone,830,0.000000
FKIT,S+X2_M3_r1,mini_chocolate_panettone,831,0.000000
FKIT,S+X2_M3_r1,mini_chocolate_panettone,832,0.000000
FKIT,S+X2_M3_r1,mini_chocolate_panettone,833,0.000000
FKIT,S+X2_M3_r1,mini_chocolate_panettone,834,0.000000
FKIT,S+X2_M3_r1,mini_chocolate_panettone,835,0.000000
FKIT,S+X2_M3_r1,mini_chocolate_panettone,836,0.000000
FKIT,S+X2_M3_r1,mini_chocolate_panettone,837,0.000000
FKIT,S+X2_M3_r1,mini_chocolate_panettone,838,0.000000
FKIT,S+X2_M3_r1,mini_chocolate_panettone,839,0.000000
FKIT,S+X2_M3_r1,mini_chocolate_panettone,840,0.000000
FKIT,S+X2_M3_r1,mini_chocolate_panettone,841,0.000000
FKIT,S+X2_M3_r1,mini_chocolate_panettone,842,0.000000
FKIT,S+X2_M3_r1,mini_chocolate_panettone,843,0.000000
FKIT,S+X2_M3_r1,mini_chocolate_panettone,844,0.000000
FKIT,S+X2_M3_r1,mini_chocolate_panettone,845,0.000000
FKIT,S+X2_M3_r1,mini_chocolate_panettone,846,0.000000
FKIT,S+X2_M3_r1,mini_chocolate_panettone,847,0.000000
FKIT,S+X2_M3_r1,mini_chocolate_panettone,848,0.000000
FKIT,S+X2_M3_r1,mini_chocolate_panettone,849,0.000000
FKIT,S+X2_M3_r1,mini_chocolate_panettone,850,0.000000
FKIT,S+X2_M3_r1,mini_chocolate_panettone,851,0.000000
FKIT,S+X2_M3_r1,mini_chocolate_panettone,852,0.000000
FKIT,S+X2_M3_r1,mini_chocolate_panettone,853,0.000000
FKIT,S+X2_M3_r1,mini_chocolate_panettone,854,0.000000
FKIT,S+X2_M3_r1,mini_chocolate_panettone,855,0.000000
FKIT,S+X2_M3_r1,mini_chocolate_panettone,856,0.000000
FKIT,S+X2_M3_r1,mini_chocolate_panettone,857,0.000000
FKIT,S+X2_M3_r1,mini_chocolate_panettone,858,0.000000
FKIT,S+X2_M3_r1,mini_chocolate_panettone,859,0.000000
FKIT,S+X2_M3_r1,mini_chocolate_panettone,860,0.000000
FKIT,S+X2_M3_r1,mini_chocolate_panettone,861,0.000000
FKIT,S+X2_M3_r1,mini_chocolate_panettone,862,0.000000
FKIT,S+X2_M3_r1,mini_chocolate_panettone,863,0.000000
FKIT,S+X2_M3_r1,mini_chocolate_panettone,864,0.000000
FKIT,S+X2_M3_r1,mini_chocolate_panettone,865,0.000000
FKIT,S+X2_M3_r1,mini_chocolate_panettone,866,0.000000
FKIT,S+X2_M3_r1,mini_chocolate_panettone,867,0.000000
FKIT,S+X2_M3_r1,mini_chocolate_panettone,868,0.000000
FKIT,S+X2_M3_r1,mini_chocolate_panettone,869,0.000000
FKIT,S+X2_M3_r1,mini_chocolate_panettone,870,0.000000
FKIT,S+X2_M3_r1,mini_chocolate_panettone,871,0.000000
FKIT,S+X2_M3_r1,mini_chocolate_panettone,872,0.000000
FKIT,S+X2_M3_r1,mini_chocolate_panettone,873,0.000000
FKIT,S+X2_M3_r1,mini_chocolate_panettone,874,0.000000
FKIT,S+X2_M3_r1,mini_chocolate_panettone,875,0.000000
FKIT,S+X2_M3_r1,mini_chocolate_panettone,876,0.000000
FKIT,S+X2_M3_r1,mini_chocolate_panettone,877,0.000000
FKIT,S+X2_M3_r1,mini_chocolate_panettone,878,0.000000
FKIT,S+X2_M3_r1,mini_chocolate_panettone,879,0.000000
FKIT,S+X2_M3_r1,mini_chocolate_panettone,880,0.000000
FKIT,S+X2_M3_r1,mini_chocolate_panettone,881,0.000000
FKIT,S+X2_M3_r1,mini_chocolate_panettone,882,0.000000
FKIT,S+X2_M3_r1,mini_chocolate_panettone,883,0.000000
FKIT,S+X2_M3_r1,mini_chocolate_panettone,884,0.000000
FKIT,S+X2_M3_r1,mini_chocolate_panettone,885,0.000000
FKIT,S+X2_M3_r1,mini_chocolate_panettone,886,0.000000
FKIT,S+X2_M3_r1,mini_chocolate_panettone,887,0.000000
FKIT,S+X2_M3_r1,mini_chocolate_panettone,888,0.000000
FKIT,S+X2_M3_r1,mini_chocolate_panettone,889,0.000000
FKIT,S+X2_M3_r1,mini_chocolate_panettone,890,0.000000
FKIT,S+X2_M3_r1,mini_chocolate_panettone,891,0.000000
FKIT,S+X2_M3_r1,mini_chocolate_panettone,892,0.000000
FKIT,S+X2_M3_r1,mini_chocolate_panettone,893,0.000000
FKIT,S+X2_M3_r1,mini_chocolate_panettone,894,0.000000
FKIT,S+X2_M3_r1,mini_chocolate_panettone,895,0.000000
FKIT,S+X2_M3_r1,mini_chocolate_panettone,896,0.000000
FKIT,S+X2_M3_r1,mini_chocolate_panettone,897,0.000000
FKIT,S+X2_M3_r1,mini_chocolate_panettone,898,0.000000
FKIT,S+X2_M3_r1,mini_chocolate_panettone,899,0.000000
FKIT,S+X2_M3_r1,mini_chocolate_panettone,900,0.000000
FKIT,S+X2_M3_r1,mini_chocolate_panettone,901,0.000000
FKIT,S+X2_M3_r1,mini_chocolate_panettone,902,0.000000
FKIT,S+X2_M3_r1,mini_chocolate_panettone,903,0.000000
FKIT,S+X2_M3_r1,mini_chocolate_panettone,904,0.000000
FKIT,S+X2_M3_r1,mini_chocolate_panettone,905,0.000000
FKIT,S+X2_M3_r1,mini_chocolate_panettone,906,0.000000
FKIT,S+X2_M3_r1,mini_chocolate_panettone,907,0.000000
FKIT,S+X2_M3_r1,mini_chocolate_panettone,908,0.000000
FKIT,S+X2_M3_r1,mini_chocolate_panettone,909,0.000000
FKIT,S+X2_M3_r1,mini_chocolate_panettone,910,0.000000
FKIT,S+X2_M3_r1,mini_chocolate_panettone,911,0.000000
FKIT,S+X2_M3_r1,mini_chocolate_panettone,912,0.000000
FKIT,S+X2_M3_r1,mini_chocolate_panettone,913,0.000000
FKIT,S+X2_M3_r1,mini_chocolate_panettone,914,0.000000
FKIT,S+X2_M3_r1,mini_chocolate_panettone,915,0.000000
FKIT,S+X2_M3_r1,mini_chocolate_panettone,916,0.000000
FKIT,S+X2_M3_r1,mini_chocolate_panettone,917,0.000000
FKIT,S+X2_M3_r1,mini_chocolate_panettone,918,0.000000
FKIT,S+X2_M3_r1,mini_chocolate_panettone,919,0.000000
FKIT,S+X2_M3_r1,mini_chocolate_panettone,920,0.000000
FKIT,S+X2_M3_r1,mini_chocolate_panettone,921,0.000000
FKIT,S+X2_M3_r1,mini_chocolate_panettone,922,0.000000
FKIT,S+X2_M3_r1,mini_chocolate_panettone,923,0.000000
FKIT,S+X2_M3_r1,mini_chocolate_panettone,924,0.000000
FKIT,S+X2_M3_r1,mini_chocolate_panettone,925,0.000000
FKIT,S+X2_M3_r1,mini_chocolate_panettone,926,0.000000
FKIT,S+X2_M3_r1,mini_chocolate_panettone,927,0.000000
FKIT,S+X2_M3_r1,mini_chocolate_panettone,928,0.000000
FKIT,S+X2_M3_r1,mini_chocolate_panettone,929,0.000000
FKIT,S+X2_M3_r1,mini_chocolate_panettone,930,0.000000
FKIT,S+X2_M3_r1,mini_chocolate_panettone,931,0.000000
FKIT,S+X2_M3_r1,mini_chocolate_panettone,932,0.000000
FKIT,S+X2_M3_r1,mini_chocolate_panettone,933,0.000000
FKIT,S+X2_M3_r1,mini_chocolate_panettone,934,0.000000
FKIT,S+X2_M3_r1,mini_chocolate_panettone,935,0.000000
FKIT,S+X2_M3_r1,mini_chocolate_panettone,936,0.000000
FKIT,S+X2_M3_r1,mini_chocolate_panettone,937,0.000000
FKIT,S+X2_M3_r1,mini_chocolate_panettone,938,0.000000
FKIT,S+X2_M3_r1,mini_chocolate_panettone,939,0.000000
FKIT,S+X2_M3_r1,mini_chocolate_panettone,940,0.000000
FKIT,S+X2_M3_r1,mini_chocolate_panettone,941,0.000000
FKIT,S+X2_M3_r1,mini_chocolate_panettone,942,0.000000
FKIT,S+X2_M3_r1,mini_chocolate_panettone,943,0.000000
FKIT,S+X2_M3_r1,mini_chocolate_panettone,944,0.000000
FKIT,S+X2_M3_r1,mini_chocolate_panettone,945,0.000000
FKIT,S+X2_M3_r1,mini_chocolate_panettone,946,0.000000
FKIT,S+X2_M3_r1,mini_chocolate_panettone,947,0.000000
FKIT,S+X2_M3_r1,mini_chocolate_panettone,948,0.000000
FKIT,S+X2_M3_r1,mini_chocolate_panettone,949,0.000000
FKIT,S+X2_M3_r1,mini_chocolate_panettone,950,0.000000
FKIT,S+X2_M3_r1,mini_chocolate_panettone,951,0.000000
FKIT,S+X2_M3_r1,mini_chocolate_panettone,952,0.000000
FKIT,S+X2_M3_r1,mini_chocolate_panettone,953,0.000000
FKIT,S+X2_M3_r1,mini_chocolate_panettone,954,0.000000
FKIT,S+X2_M3_r1,mini_chocolate_panettone,955,0.000000
FKIT,S+X2_M3_r1,mini_chocolate_panettone,956,0.000000
FKIT,S+X2_M3_r1,mini_chocolate_panettone,957,0.000000
FKIT,S+X2_M3_r1,mini_chocolate_panettone,958,0.000000
FKIT,S+X2_M3_r1,mini_chocolate_panettone,959,0.000000
FKIT,S+X2_M3_r1,mini_chocolate_panettone,960,0.000000
FKIT,S+X2_M3_r1,mini_chocolate_panettone,961,0.000000
FKIT,S+X2_M3_r1,mini_chocolate_panettone,962,0.000000
FKIT,S+X2_M3_r1,mini_chocolate_panettone,963,0.000000
FKIT,S+X2_M3_r1,mini_chocolate_panettone,964,0.000000
FKIT,S+X2_M3_r1,mini_chocolate_panettone,965,0.000000
FKIT,S+X2_M3_r1,mini_chocolate_panettone,966,0.000000
FKIT,S+X2_M3_r1,mini_chocolate_panettone,967,0.000000
FKIT,S+X2_M3_r1,mini_chocolate_panettone,968,0.000000
FKIT,S+X2_M3_r1,mini_chocolate_panettone,969,0.000000
FKIT,S+X2_M3_r1,mini_chocolate_panettone,970,0.000000
FKIT,S+X2_M3_r1,mini_chocolate_panettone,971,0.000000
FKIT,S+X2_M3_r1,mini_chocolate_panettone,972,0.000000
FKIT,S+X2_M3_r1,mini_chocolate_panettone,973,0.000000
FKIT,S+X2_M3_r1,mini_chocolate_panettone,974,0.000000
FKIT,S+X2_M3_r1,mini_chocolate_panettone,975,0.000000
FKIT,S+X2_M3_r1,mini_chocolate_panettone,976,0.000000
FKIT,S+X2_M3_r1,mini_chocolate_panettone,977,0.000000
FKIT,S+X2_M3_r1,mini_chocolate_panettone,978,0.000000
FKIT,S+X2_M3_r1,mini_chocolate_panettone,979,0.000000
FKIT,S+X2_M3_r1,mini_chocolate_panettone,980,0.000000
FKIT,S+X2_M3_r1,mini_chocolate_panettone,981,0.000000
FKIT,S+X2_M3_r1,mini_chocolate_panettone,982,0.000000
FKIT,S+X2_M3_r1,mini_chocolate_panettone,983,0.000000
FKIT,S+X2_M3_r1,mini_chocolate_panettone,984,0.000000
FKIT,S+X2_M3_r1,mini_chocolate_panettone,985,0.000000
FKIT,S+X2_M3_r1,mini_chocolate_panettone,986,0.000000
FKIT,S+X2_M3_r1,mini_chocolate_panettone,987,0.000000
FKIT,S+X2_M3_r1,mini_chocolate_panettone,988,0.000000
FKIT,S+X2_M3_r1,mini_chocolate_panettone,989,0.000000
FKIT,S+X2_M3_r1,mini_chocolate_panettone,990,0.000000
FKIT,S+X2_M3_r1,mini_chocolate_panettone,991,0.000000
FKIT,S+X2_M3_r1,mini_chocolate_panettone,992,0.000000
FKIT,S+X2_M3_r1,mini_chocolate_panettone,993,0.000000
FKIT,S+X2_M3_r1,mini_chocolate_panettone,994,0.000000
FKIT,S+X2_M3_r1,mini_chocolate_panettone,995,0.000000
FKIT,S+X2_M3_r1,mini_chocolate_panettone,996,0.000000
FKIT,S+X2_M3_r1,mini_chocolate_panettone,997,0.000000
FKIT,S+X2_M3_r1,mini_chocolate_panettone,998,0.000000
FKIT,S+X2_M3_r1,mini_chocolate_panettone,999,0.000000
FKIT,S+X2_M3_r1,mini_chocolate_panettone,1000,0.000000
FKIT,S+X2_M3_r1,mini_chocolate_panettone,1001,0.000000
FKIT,S+X2_M3_r1,mini_chocolate_panettone,1002,0.000000
FKIT,S+X2_M3_r1,mini_chocolate_panettone,1003,0.000000
FKIT,S+X2_M3_r1,mini_chocolate_panettone,1004,0.000000
FKIT,S+X2_M3_r1,mini_chocolate_panettone,1005,0.000000
FKIT,S+X2_M3_r1,mini_chocolate_panettone,1006,0.000000
FKIT,S+X2_M3_r1,mini_chocolate_panettone,1007,0.000000
FKIT,S+X2_M3_r1,mini_chocolate_panettone,1008,0.000000
FKIT,S+X2_M3_r1,mini_chocolate_panettone,1009,0.000000
FKIT,S+X2_M3_r1,mini_chocolate_panettone,1010,0.000000
FKIT,S+X2_M3_r1,mini_chocolate_panettone,1011,0.000000
FKIT,S+X2_M3_r1,mini_chocolate_panettone,1012,0.000000
FKIT,S+X2_M3_r1,mini_chocolate_panettone,1013,0.000000
FKIT,S+X2_M3_r1,mini_chocolate_panettone,1014,0.000000
FKIT,S+X2_M3_r1,mini_chocolate_panettone,1015,0.000000
FKIT,S+X2_M3_r1,mini_chocolate_panettone,1016,0.000000
FKIT,S+X2_M3_r1,mini_chocolate_panettone,1017,0.000000
FKIT,S+X2_M3_r1,mini_chocolate_panettone,1018,0.000000
FKIT,S+X2_M3_r1,mini_chocolate_panettone,1019,0.000000
FKIT,S+X2_M3_r1,mini_chocolate_panettone,1020,0.000000
FKIT,S+X2_M3_r1,mini_chocolate_panettone,1021,0.000000
FKIT,S+X2_M3_r1,mini_chocolate_panettone,1022,0.000000
FKIT,S+X2_M3_r1,mini_chocolate_panettone,1023,0.000000
FKIT,S+X2_M3_r1,mini_chocolate_panettone,1024,0.000000
FKIT,S+X2_M3_r1,mini_chocolate_panettone,1025,0.000000
FKIT,S+X2_M3_r1,mini_chocolate_panettone,1026,0.000000
FKIT,S+X2_M3_r1,mini_chocolate_panettone,1027,0.000000
FKIT,S+X2_M3_r1,mini_chocolate_panettone,1028,0.000000
FKIT,S+X2_M3_r1,mini_chocolate_panettone,1029,0.000000
FKIT,S+X2_M3_r1,mini_chocolate_panettone,1030,0.000000
FKIT,S+X2_M3_r1,mini_chocolate_panettone,1031,0.000000
FKIT,S+X2_M3_r1,mini_chocolate_panettone,1032,0.000000
FKIT,S+X2_M3_r1,mini_chocolate_panettone,1033,0.000000
FKIT,S+X2_M3_r1,mini_chocolate_panettone,1034,0.000000
FKIT,S+X2_M3_r1,mini_chocolate_panettone,1035,0.000000
FKIT,S+X2_M3_r1,mini_chocolate_panettone,1036,0.000000
FKIT,S+X2_M3_r1,mini_chocolate_panettone,1037,0.000000
FKIT,S+X2_M3_r1,mini_chocolate_panettone,1038,0.000000
FKIT,S+X2_M3_r1,mini_chocolate_panettone,1039,0.000000
FKIT,S+X2_M3_r1,mini_chocolate_panettone,1040,0.000000
FKIT,S+X2_M3_r1,mini_chocolate_panettone,1041,0.000000
FKIT,S+X2_M3_r1,mini_chocolate_panettone,1042,0.000000
FKIT,S+X2_M3_r1,mini_chocolate_panettone,1043,0.000000
FKIT,S+X2_M3_r1,mini_chocolate_panettone,1044,0.000000
FKIT,S+X2_M3_r1,mini_chocolate_panettone,1045,0.000000
FKIT,S+X2_M3_r1,mini_chocolate_panettone,1046,0.000000
FKIT,S+X2_M3_r1,mini_chocolate_panettone,1047,0.000000
FKIT,S+X2_M3_r1,mini_chocolate_panettone,1048,0.000000
FKIT,S+X2_M3_r1,mini_chocolate_panettone,1049,0.000000
FKIT,S+X2_M3_r1,mini_chocolate_panettone,1050,0.000000
FKIT,S+X2_M3_r1,mini_chocolate_panettone,1051,0.000000
FKIT,S+X2_M3_r1,mini_chocolate_panettone,1052,0.000000
FKIT,S+X2_M3_r1,mini_chocolate_panettone,1053,0.000000
FKIT,S+X2_M3_r1,mini_chocolate_panettone,1054,0.000000
FKIT,S+X2_M3_r1,mini_chocolate_panettone,1055,0.000000
FKIT,S+X2_M3_r1,mini_chocolate_panettone,1056,0.000000
FKIT,S+X2_M3_r1,mini_chocolate_panettone,1057,0.127461
FKIT,S+X2_M3_r1,mini_chocolate_panettone,1058,0.392973
FKIT,S+X2_M3_r1,mini_chocolate_panettone,1059,0.484842
FKIT,S+X2_M3_r1,mini_chocolate_panettone,1060,0.520451
FKIT,S+X2_M3_r1,mini_chocolate_panettone,1061,0.555986
FKIT,S+X2_M3_r1,mini_chocolate_panettone,1062,0.546040
FKIT,S+X2_M3_r1,mini_chocolate_panettone,1063,0.560296
FKIT,S+X2_M3_r1,mini_chocolate_panettone,1064,0.542475
FKIT,S+X2_M3_r1,mini_chocolate_panettone,1065,0.563083
FKIT,S+X2_M3_r1,mini_chocolate_panettone,1066,0.580354
FKIT,S+X2_M3_r1,mini_chocolate_panettone,1067,0.580763
FKIT,S+X2_M3_r1,mini_chocolate_panettone,1068,0.577384
FKIT,S+X2_M3_r1,mini_chocolate_panettone,1069,0.574616
FKIT,S+X2_M3_r1,mini_chocolate_panettone,1070,0.576443
FKIT,S+X2_M3_r1,mini_chocolate_panettone,1071,0.592739
FKIT,S+X2_M3_r1,mini_chocolate_panettone,1072,0.589874
FKIT,S+X2_M3_r1,mini_chocolate_panettone,1073,0.592763
FKIT,S+X2_M3_r1,mini_chocolate_panettone,1074,0.598328
FKIT,S+X2_M3_r1,mini_chocolate_panettone,1075,0.598385
FKIT,S+X2_M3_r1,mini_chocolate_panettone,1076,0.584600
FKIT,S+X2_M3_r1,mini_chocolate_panettone,1077,0.627300
FKIT,S+X2_M3_r1,mini_chocolate_panettone,1078,0.607978
FKIT,S+X2_M3_r1,mini_chocolate_panettone,1079,0.598534
FKIT,S+X2_M3_r1,mini_chocolate_panettone,1080,0.604402
FKIT,S+X2_M3_r1,mini_chocolate_panettone,1081,0.645487
FKIT,S+X2_M3_r1,mini_chocolate_panettone,1082,0.633439
FKIT,S+X2_M3_r1,mini_chocolate_panettone,1083,0.605522
FKIT,S+X2_M3_r1,mini_chocolate_panettone,1084,0.624219
FKIT,S+X2_M3_r1,mini_chocolate_panettone,1085,0.640356
FKIT,S+X2_M3_r1,mini_chocolate_panettone,1086,0.654487
FKIT,S+X2_M3_r1,mini_chocolate_panettone,1087,0.649241
FKIT,S+X2_M3_r1,mini_chocolate_panettone,1088,0.658879
FKIT,S+X2_M3_r1,mini_chocolate_panettone,1089,0.641618
FKIT,S+X2_M3_r1,mini_chocolate_panettone,1090,0.629768
FKIT,S+X2_M3_r1,mini_chocolate_panettone,1091,0.631947
FKIT,S+X2_M3_r1,mini_chocolate_panettone,1092,0.634421
FKIT,S+X2_M3_r1,mini_chocolate_panettone,1093,0.651815
FKIT,S+X2_M3_r1,mini_chocolate_panettone,1094,0.646397
FKIT,S+X2_M3_r1,mini_chocolate_panettone,1095,0.645937
FKIT,S+X2_M3_r1,mini_chocolate_panettone,1096,0.646726
FKIT,S+X2_M3_r1,mini_chocolate_panettone,1097,0.637233
FKIT,S+X2_M3_r1,mini_chocolate_panettone,1098,0.659432
FKIT,S+X2_M3_r1,mini_chocolate_panettone,1099,0.664610
FKIT,S+X2_M3_r1,mini_chocolate_panettone,1100,0.647111
FKIT,S+X2_M3_r1,mini_chocolate_panettone,1101,0.669833
FKIT,S+X2_M3_r1,mini_chocolate_panettone,1102,0.655619
FKIT,S+X2_M3_r1,mini_chocolate_panettone,1103,0.643043
FKIT,S+X2_M3_r1,mini_chocolate_panettone,1104,0.649638
FKIT,S+X2_M3_r1,mini_chocolate_panettone,1105,0.633942
FKIT,S+X2_M3_r1,mini_chocolate_panettone,1106,0.611241
FKIT,S+X2_M3_r1,mini_chocolate_panettone,1107,0.622333
FKIT,S+X2_M3_r1,mini_chocolate_panettone,1108,0.606935
FKIT,S+X2_M3_r1,mini_chocolate_panettone,1109,0.614047
FKIT,S+X2_M3_r1,mini_chocolate_panettone,1110,0.626502
FKIT,S+X2_M3_r1,mini_chocolate_panettone,1111,0.613685
FKIT,S+X2_M3_r1,mini_chocolate_panettone,1112,0.611215
FKIT,S+X2_M3_r1,mini_chocolate_panettone,1113,0.599160
FKIT,S+X2_M3_r1,mini_chocolate_panettone,1114,0.595506
FKIT,S+X2_M3_r1,mini_chocolate_panettone,1115,0.609731
FKIT,S+X2_M3_r1,mini_chocolate_panettone,1116,0.607355
FKIT,S+X2_M3_r1,mini_chocolate_panettone,1117,0.542239
FKIT,S+X2_M3_r1,mini_chocolate_panettone,1118,0.591073
FKIT,S+X2_M3_r1,mini_chocolate_panettone,1119,0.577592
FKIT,S+X2_M3_r1,mini_chocolate_panettone,1120,0.559398
FKIT,S+X2_M3_r1,mini_chocolate_panettone,1121,0.523420
FKIT,S+X2_M3_r1,mini_chocolate_panettone,1122,0.501788
FKIT,S+X2_M3_r1,mini_chocolate_panettone,1123,0.520829
FKIT,S+X2_M3_r1,mini_chocolate_panettone,1124,0.486492
FKIT,S+X2_M3_r1,mini_chocolate_panettone,1125,0.465654
FKIT,S+X2_M3_r1,mini_chocolate_panettone,1126,0.465912
FKIT,S+X2_M3_r1,mini_chocolate_panettone,1127,0.419555
FKIT,S+X2_M3_r1,mini_chocolate_panettone,1128,0.463005
FKIT,S+X2_M3_r1,mini_chocolate_panettone,1129,0.469864
FKIT,S+X2_M3_r1,mini_chocolate_panettone,1130,0.475723
FKIT,S+X2_M3_r1,mini_chocolate_panettone,1131,0.483364
FKIT,S+X2_M3_r1,mini_chocolate_panettone,1132,0.444491
FKIT,S+X2_M3_r1,mini_chocolate_panettone,1133,0.474765
FKIT,S+X2_M3_r1,mini_chocolate_panettone,1134,0.465136
FKIT,S+X2_M3_r1,mini_chocolate_panettone,1135,0.450594
FKIT,S+X2_M3_r1,mini_chocolate_panettone,1136,0.426626
FKIT,S+X2_M3_r1,mini_chocolate_panettone,1137,0.460238
FKIT,S+X2_M3_r1,mini_chocolate_panettone,1138,0.224605
FKIT,S+X2_M3_r1,mini_chocolate_panettone,1139,0.509537
FKIT,S+X2_M3_r1,mini_chocolate_panettone,1140,0.465698
FKIT,S+X2_M3_r1,mini_chocolate_panettone,1141,0.483203
FKIT,S+X2_M3_r1,mini_chocolate_panettone,1142,0.448598
FKIT,S+X2_M3_r1,mini_chocolate_panettone,1143,0.410083
FKIT,S+X2_M3_r1,mini_chocolate_panettone,1144,0.383896
FKIT,S+X2_M3_r1,mini_chocolate_panettone,1145,0.322673
FKIT,S+X2_M3_r1,mini_chocolate_panettone,1146,0.377517
FKIT,S+X2_M3_r1,mini_chocolate_panettone,1147,0.328650
FKIT,S+X2_M3_r1,mini_chocolate_panettone,1148,0.332703
FKIT,S+X2_M3_r1,mini_chocolate_panettone,1149,0.408383
FKIT,S+X2_M3_r1,mini_chocolate_panettone,1150,0.316135
FKIT,S+X2_M3_r1,mini_chocolate_panettone,1151,0.296261
FKIT,S+X2_M3_r1,mini_chocolate_panettone,1152,0.025160
FKIT,S+X2_M3_r1,mini_chocolate_panettone,1153,0.317199
FKIT,S+X2_M3_r1,mini_chocolate_panettone,1154,0.343253
FKIT,S+X2_M3_r1,mini_chocolate_panettone,1155,0.224840
FKIT,S+X2_M3_r1,mini_chocolate_panettone,1156,0.305199
FKIT,S+X2_M3_r1,mini_chocolate_panettone,1157,0.264568
FKIT,S+X2_M3_r1,mini_chocolate_panettone,1158,0.291994
FKIT,S+X2_M3_r1,mini_chocolate_panettone,1159,0.350354
FKIT,S+X2_M3_r1,mini_chocolate_panettone,1160,0.260186
FKIT,S+X2_M3_r1,mini_chocolate_panettone,1161,0.221502
FKIT,S+X2_M3_r1,mini_chocolate_panettone,1162,0.349232
FKIT,S+X2_M3_r1,mini_chocolate_panettone,1163,0.275395
FKIT,S+X2_M3_r1,mini_chocolate_panettone,1164,0.224470
FKIT,S+X2_M3_r1,mini_chocolate_panettone,1165,0.254776
FKIT,S+X2_M3_r1,mini_chocolate_panettone,1166,0.338607
FKIT,S+X2_M3_r1,mini_chocolate_panettone,1167,0.299527
FKIT,S+X2_M3_r1,mini_chocolate_panettone,1168,0.328074
FKIT,S+X2_M3_r1,mini_chocolate_panettone,1169,0.273291
FKIT,S+X2_M3_r1,mini_chocolate_panettone,1170,0.225344
FKIT,S+X2_M3_r1,mini_chocolate_panettone,1171,0.246584
FKIT,S+X2_M3_r1,mini_chocolate_panettone,1172,0.237954
FKIT,S+X2_M3_r1,mini_chocolate_panettone,1173,0.244984
FKIT,S+X2_M3_r1,mini_chocolate_panettone,1174,0.227949
FKIT,S+X2_M3_r1,mini_chocolate_panettone,1175,0.248052
FKIT,S+X2_M3_r1,mini_chocolate_panettone,1176,0.273501
FKIT,S+X2_M3_r1,mini_chocolate_panettone,1177,0.231025
FKIT,S+X2_M3_r1,mini_chocolate_panettone,1178,0.269145
FKIT,S+X2_M3_r1,mini_chocolate_panettone,1179,0.285953
FKIT,S+X2_M3_r1,mini_chocolate_panettone,1180,0.283738
FKIT,S+X2_M3_r1,mini_chocolate_panettone,1181,0.264075
FKIT,S+X2_M3_r1,mini_chocolate_panettone,1182,0.275404
FKIT,S+X2_M3_r1,mini_chocolate_panettone,1183,0.260471
FKIT,S+X2_M3_r1,mini_chocolate_panettone,1184,0.249792
FKIT,S+X2_M3_r1,mini_chocolate_panettone,1185,0.258659
FKIT,S+X2_M3_r1,mini_chocolate_panettone,1186,0.263173
FKIT,S+X2_M3_r1,mini_chocolate_panettone,1187,0.268791
FKIT,S+X2_M3_r1,mini_chocolate_panettone,1188,0.245067
FKIT,S+X2_M3_r1,mini_chocolate_panettone,1189,0.245606
FKIT,S+X2_M3_r1,mini_chocolate_panettone,1190,0.277030
FKIT,S+X2_M3_r1,mini_chocolate_panettone,1191,0.250911
FKIT,S+X2_M3_r1,mini_chocolate_panettone,1192,0.248881
FKIT,S+X2_M3_r1,mini_chocolate_panettone,1193,0.241405
FKIT,S+X2_M3_r1,mini_chocolate_panettone,1194,0.221193
FKIT,S+X2_M3_r1,mini_chocolate_panettone,1195,0.215478
FKIT,S+X2_M3_r1,mini_chocolate_panettone,1196,0.207664
FKIT,S+X2_M3_r1,mini_chocolate_panettone,1197,0.239213
FKIT,S+X2_M3_r1,mini_chocolate_panettone,1198,0.253556
FKIT,S+X2_M3_r1,mini_chocolate_panettone,1199,0.228688
FKIT,S+X2_M3_r1,mini_chocolate_panettone,1200,0.247148
FKIT,S+X2_M3_r1,mini_chocolate_panettone,1201,0.229617
FKIT,S+X2_M3_r1,mini_chocolate_panettone,1202,0.237788
FKIT,S+X2_M3_r1,mini_chocolate_panettone,1203,0.200602
FKIT,S+X2_M3_r1,mini_chocolate_panettone,1204,0.223628
FKIT,S+X2_M3_r1,mini_chocolate_panettone,1205,0.194228
FKIT,S+X2_M3_r1,mini_chocolate_panettone,1206,0.211459
FKIT,S+X2_M3_r1,mini_chocolate_panettone,1207,0.224095
FKIT,S+X2_M3_r1,mini_chocolate_panettone,1208,0.212450
FKIT,S+X2_M3_r1,napolitanas,0,0.570564
FKIT,S+X2_M3_r1,napolitanas,1,0.549058
FKIT,S+X2_M3_r1,napolitanas,2,0.559591
FKIT,S+X2_M3_r1,napolitanas,3,0.553202
FKIT,S+X2_M3_r1,napolitanas,4,0.547091
FKIT,S+X2_M3_r1,napolitanas,5,0.541142
FKIT,S+X2_M3_r1,napolitanas,6,0.573334
FKIT,S+X2_M3_r1,napolitanas,7,0.557618
FKIT,S+X2_M3_r1,napolitanas,8,0.537714
FKIT,S+X2_M3_r1,napolitanas,9,0.574978
FKIT,S+X2_M3_r1,napolitanas,10,0.568156
FKIT,S+X2_M3_r1,napolitanas,11,0.588627
FKIT,S+X2_M3_r1,napolitanas,12,0.574996
FKIT,S+X2_M3_r1,napolitanas,13,0.547467
FKIT,S+X2_M3_r1,napolitanas,14,0.543522
FKIT,S+X2_M3_r1,napolitanas,15,0.559126
FKIT,S+X2_M3_r1,napolitanas,16,0.588199
FKIT,S+X2_M3_r1,napolitanas,17,0.575150
FKIT,S+X2_M3_r1,napolitanas,18,0.547134
FKIT,S+X2_M3_r1,napolitanas,19,0.536997
FKIT,S+X2_M3_r1,napolitanas,20,0.553380
FKIT,S+X2_M3_r1,napolitanas,21,0.536988
FKIT,S+X2_M3_r1,napolitanas,22,0.588621
FKIT,S+X2_M3_r1,napolitanas,23,0.588955
FKIT,S+X2_M3_r1,napolitanas,24,0.582703
FKIT,S+X2_M3_r1,napolitanas,25,0.595560
FKIT,S+X2_M3_r1,napolitanas,26,0.547947
FKIT,S+X2_M3_r1,napolitanas,27,0.505496
FKIT,S+X2_M3_r1,napolitanas,28,0.554735
FKIT,S+X2_M3_r1,napolitanas,29,0.542102
FKIT,S+X2_M3_r1,napolitanas,30,0.566938
FKIT,S+X2_M3_r1,napolitanas,31,0.575250
FKIT,S+X2_M3_r1,napolitanas,32,0.576876
FKIT,S+X2_M3_r1,napolitanas,33,0.557648
FKIT,S+X2_M3_r1,napolitanas,34,0.573409
FKIT,S+X2_M3_r1,napolitanas,35,0.575951
FKIT,S+X2_M3_r1,napolitanas,36,0.567513
FKIT,S+X2_M3_r1,napolitanas,37,0.537590
FKIT,S+X2_M3_r1,napolitanas,38,0.556425
FKIT,S+X2_M3_r1,napolitanas,39,0.562224
FKIT,S+X2_M3_r1,napolitanas,40,0.565094
FKIT,S+X2_M3_r1,napolitanas,41,0.566563
FKIT,S+X2_M3_r1,napolitanas,42,0.554188
FKIT,S+X2_M3_r1,napolitanas,43,0.565079
FKIT,S+X2_M3_r1,napolitanas,44,0.577350
FKIT,S+X2_M3_r1,napolitanas,45,0.545720
FKIT,S+X2_M3_r1,napolitanas,46,0.548529
FKIT,S+X2_M3_r1,napolitanas,47,0.554790
FKIT,S+X2_M3_r1,napolitanas,48,0.575738
FKIT,S+X2_M3_r1,napolitanas,49,0.581555
FKIT,S+X2_M3_r1,napolitanas,50,0.560516
FKIT,S+X2_M3_r1,napolitanas,51,0.539515
FKIT,S+X2_M3_r1,napolitanas,52,0.517295
FKIT,S+X2_M3_r1,napolitanas,53,0.567980
FKIT,S+X2_M3_r1,napolitanas,54,0.567533
FKIT,S+X2_M3_r1,napolitanas,55,0.507289
FKIT,S+X2_M3_r1,napolitanas,56,0.559863
FKIT,S+X2_M3_r1,napolitanas,57,0.542148
FKIT,S+X2_M3_r1,napolitanas,58,0.549016
FKIT,S+X2_M3_r1,napolitanas,59,0.562549
FKIT,S+X2_M3_r1,napolitanas,60,0.563851
FKIT,S+X2_M3_r1,napolitanas,61,0.552300
FKIT,S+X2_M3_r1,napolitanas,62,0.556170
FKIT,S+X2_M3_r1,napolitanas,63,0.568531
FKIT,S+X2_M3_r1,napolitanas,64,0.565189
FKIT,S+X2_M3_r1,napolitanas,65,0.553858
FKIT,S+X2_M3_r1,napolitanas,66,0.562888
FKIT,S+X2_M3_r1,napolitanas,67,0.519617
FKIT,S+X2_M3_r1,napolitanas,68,0.571566
FKIT,S+X2_M3_r1,napolitanas,69,0.538232
FKIT,S+X2_M3_r1,napolitanas,70,0.544168
FKIT,S+X2_M3_r1,napolitanas,71,0.537160
FKIT,S+X2_M3_r1,napolitanas,72,0.551726
FKIT,S+X2_M3_r1,napolitanas,73,0.555714
FKIT,S+X2_M3_r1,napolitanas,74,0.552779
FKIT,S+X2_M3_r1,napolitanas,75,0.562142
FKIT,S+X2_M3_r1,napolitanas,76,0.573479
FKIT,S+X2_M3_r1,napolitanas,77,0.574354
FKIT,S+X2_M3_r1,napolitanas,78,0.568800
FKIT,S+X2_M3_r1,napolitanas,79,0.567855
FKIT,S+X2_M3_r1,napolitanas,80,0.581058
FKIT,S+X2_M3_r1,napolitanas,81,0.583780
FKIT,S+X2_M3_r1,napolitanas,82,0.557553
FKIT,S+X2_M3_r1,napolitanas,83,0.547759
FKIT,S+X2_M3_r1,napolitanas,84,0.570942
FKIT,S+X2_M3_r1,napolitanas,85,0.538378
FKIT,S+X2_M3_r1,napolitanas,86,0.547580
FKIT,S+X2_M3_r1,napolitanas,87,0.556676
FKIT,S+X2_M3_r1,napolitanas,88,0.540611
FKIT,S+X2_M3_r1,napolitanas,89,0.504940
FKIT,S+X2_M3_r1,napolitanas,90,0.549426
FKIT,S+X2_M3_r1,napolitanas,91,0.488985
FKIT,S+X2_M3_r1,napolitanas,92,0.501666
FKIT,S+X2_M3_r1,napolitanas,93,0.501030
FKIT,S+X2_M3_r1,napolitanas,94,0.509739
FKIT,S+X2_M3_r1,napolitanas,95,0.490305
FKIT,S+X2_M3_r1,napolitanas,96,0.498345
FKIT,S+X2_M3_r1,napolitanas,97,0.481741
FKIT,S+X2_M3_r1,napolitanas,98,0.491308
FKIT,S+X2_M3_r1,napolitanas,99,0.466920
FKIT,S+X2_M3_r1,napolitanas,100,0.481624
FKIT,S+X2_M3_r1,napolitanas,101,0.482344
FKIT,S+X2_M3_r1,napolitanas,102,0.449799
FKIT,S+X2_M3_r1,napolitanas,103,0.512757
FKIT,S+X2_M3_r1,napolitanas,104,0.525400
FKIT,S+X2_M3_r1,napolitanas,105,0.549578
FKIT,S+X2_M3_r1,napolitanas,106,0.520537
FKIT,S+X2_M3_r1,napolitanas,107,0.502621
FKIT,S+X2_M3_r1,napolitanas,108,0.540865
FKIT,S+X2_M3_r1,napolitanas,109,0.476475
FKIT,S+X2_M3_r1,napolitanas,110,0.491492
FKIT,S+X2_M3_r1,napolitanas,111,0.511707
FKIT,S+X2_M3_r1,napolitanas,112,0.529456
FKIT,S+X2_M3_r1,napolitanas,113,0.503946
FKIT,S+X2_M3_r1,napolitanas,114,0.534056
FKIT,S+X2_M3_r1,napolitanas,115,0.585530
FKIT,S+X2_M3_r1,napolitanas,116,0.570300
FKIT,S+X2_M3_r1,napolitanas,117,0.555183
FKIT,S+X2_M3_r1,napolitanas,118,0.566374
FKIT,S+X2_M3_r1,napolitanas,119,0.585947
FKIT,S+X2_M3_r1,napolitanas,120,0.588060
FKIT,S+X2_M3_r1,napolitanas,121,0.592420
FKIT,S+X2_M3_r1,napolitanas,122,0.575298
FKIT,S+X2_M3_r1,napolitanas,123,0.601385
FKIT,S+X2_M3_r1,napolitanas,124,0.598130
FKIT,S+X2_M3_r1,napolitanas,125,0.605283
FKIT,S+X2_M3_r1,napolitanas,126,0.601881
FKIT,S+X2_M3_r1,napolitanas,127,0.578141
FKIT,S+X2_M3_r1,napolitanas,128,0.626803
FKIT,S+X2_M3_r1,napolitanas,129,0.622100
FKIT,S+X2_M3_r1,napolitanas,130,0.613135
FKIT,S+X2_M3_r1,napolitanas,131,0.609879
FKIT,S+X2_M3_r1,napolitanas,132,0.609389
FKIT,S+X2_M3_r1,napolitanas,133,0.612836
FKIT,S+X2_M3_r1,napolitanas,134,0.613235
FKIT,S+X2_M3_r1,napolitanas,135,0.623808
FKIT,S+X2_M3_r1,napolitanas,136,0.604480
FKIT,S+X2_M3_r1,napolitanas,137,0.587550
FKIT,S+X2_M3_r1,napolitanas,138,0.609307
FKIT,S+X2_M3_r1,napolitanas,139,0.609758
FKIT,S+X2_M3_r1,napolitanas,140,0.581505
FKIT,S+X2_M3_r1,napolitanas,141,0.598821
FKIT,S+X2_M3_r1,napolitanas,142,0.593213
FKIT,S+X2_M3_r1,napolitanas,143,0.603640
FKIT,S+X2_M3_r1,napolitanas,144,0.600941
FKIT,S+X2_M3_r1,napolitanas,145,0.582103
FKIT,S+X2_M3_r1,napolitanas,146,0.606636
FKIT,S+X2_M3_r1,napolitanas,147,0.630829
FKIT,S+X2_M3_r1,napolitanas,148,0.764582
FKIT,S+X2_M3_r1,napolitanas,149,0.749321
FKIT,S+X2_M3_r1,napolitanas,150,0.716352
FKIT,S+X2_M3_r1,napolitanas,151,0.804541
FKIT,S+X2_M3_r1,napolitanas,152,0.698495
FKIT,S+X2_M3_r1,napolitanas,153,0.667615
FKIT,S+X2_M3_r1,napolitanas,154,0.720835
FKIT,S+X2_M3_r1,napolitanas,155,0.763259
FKIT,S+X2_M3_r1,napolitanas,156,0.674002
FKIT,S+X2_M3_r1,napolitanas,157,0.667570
FKIT,S+X2_M3_r1,napolitanas,158,0.792085
FKIT,S+X2_M3_r1,napolitanas,159,0.797299
FKIT,S+X2_M3_r1,napolitanas,160,0.813014
FKIT,S+X2_M3_r1,napolitanas,161,0.842146
FKIT,S+X2_M3_r1,napolitanas,162,0.833931
FKIT,S+X2_M3_r1,napolitanas,163,0.810905
FKIT,S+X2_M3_r1,napolitanas,164,0.810870
FKIT,S+X2_M3_r1,napolitanas,165,0.802356
FKIT,S+X2_M3_r1,napolitanas,166,0.797731
FKIT,S+X2_M3_r1,napolitanas,167,0.787871
FKIT,S+X2_M3_r1,napolitanas,168,0.839627
FKIT,S+X2_M3_r1,napolitanas,169,0.815011
FKIT,S+X2_M3_r1,napolitanas,170,0.831828
FKIT,S+X2_M3_r1,napolitanas,171,0.829486
FKIT,S+X2_M3_r1,napolitanas,172,0.826842
FKIT,S+X2_M3_r1,napolitanas,173,0.808387
FKIT,S+X2_M3_r1,napolitanas,174,0.823385
FKIT,S+X2_M3_r1,napolitanas,175,0.844311
FKIT,S+X2_M3_r1,napolitanas,176,0.816327
FKIT,S+X2_M3_r1,napolitanas,177,0.798609
FKIT,S+X2_M3_r1,napolitanas,178,0.867093
FKIT,S+X2_M3_r1,napolitanas,179,0.860027
FKIT,S+X2_M3_r1,napolitanas,180,0.867111
FKIT,S+X2_M3_r1,napolitanas,181,0.871842
FKIT,S+X2_M3_r1,napolitanas,182,0.863661
FKIT,S+X2_M3_r1,napolitanas,183,0.877030
FKIT,S+X2_M3_r1,napolitanas,184,0.875867
FKIT,S+X2_M3_r1,napolitanas,185,0.885032
FKIT,S+X2_M3_r1,napolitanas,186,0.872042
FKIT,S+X2_M3_r1,napolitanas,187,0.878036
FKIT,S+X2_M3_r1,napolitanas,188,0.930663
FKIT,S+X2_M3_r1,napolitanas,189,0.932142
FKIT,S+X2_M3_r1,napolitanas,190,0.880523
FKIT,S+X2_M3_r1,napolitanas,191,0.934131
FKIT,S+X2_M3_r1,napolitanas,192,0.883661
FKIT,S+X2_M3_r1,napolitanas,193,0.910717
FKIT,S+X2_M3_r1,napolitanas,194,0.897119
FKIT,S+X2_M3_r1,napolitanas,195,0.875236
FKIT,S+X2_M3_r1,napolitanas,196,0.874587
FKIT,S+X2_M3_r1,napolitanas,197,0.872273
FKIT,S+X2_M3_r1,napolitanas,198,0.905709
FKIT,S+X2_M3_r1,napolitanas,199,0.901506
FKIT,S+X2_M3_r1,napolitanas,200,0.913318
FKIT,S+X2_M3_r1,napolitanas,201,0.883137
FKIT,S+X2_M3_r1,napolitanas,202,0.869187
FKIT,S+X2_M3_r1,napolitanas,203,0.881444
FKIT,S+X2_M3_r1,napolitanas,204,0.880383
FKIT,S+X2_M3_r1,napolitanas,205,0.862343
FKIT,S+X2_M3_r1,napolitanas,206,0.856572
FKIT,S+X2_M3_r1,napolitanas,207,0.877053
FKIT,S+X2_M3_r1,napolitanas,208,0.906849
FKIT,S+X2_M3_r1,napolitanas,209,0.901560
FKIT,S+X2_M3_r1,napolitanas,210,0.916192
FKIT,S+X2_M3_r1,napolitanas,211,0.911752
FKIT,S+X2_M3_r1,napolitanas,212,0.910385
FKIT,S+X2_M3_r1,napolitanas,213,0.889326
FKIT,S+X2_M3_r1,napolitanas,214,0.878083
FKIT,S+X2_M3_r1,napolitanas,215,0.896931
FKIT,S+X2_M3_r1,napolitanas,216,0.894612
FKIT,S+X2_M3_r1,napolitanas,217,0.883067
FKIT,S+X2_M3_r1,napolitanas,218,0.888666
FKIT,S+X2_M3_r1,napolitanas,219,0.881536
FKIT,S+X2_M3_r1,napolitanas,220,0.870824
FKIT,S+X2_M3_r1,napolitanas,221,0.879583
FKIT,S+X2_M3_r1,napolitanas,222,0.875580
FKIT,S+X2_M3_r1,napolitanas,223,0.894556
FKIT,S+X2_M3_r1,napolitanas,224,0.882272
FKIT,S+X2_M3_r1,napolitanas,225,0.870772
FKIT,S+X2_M3_r1,napolitanas,226,0.871506
FKIT,S+X2_M3_r1,napolitanas,227,0.892642
FKIT,S+X2_M3_r1,napolitanas,228,0.901941
FKIT,S+X2_M3_r1,napolitanas,229,0.882016
FKIT,S+X2_M3_r1,napolitanas,230,0.882283
FKIT,S+X2_M3_r1,napolitanas,231,0.860618
FKIT,S+X2_M3_r1,napolitanas,232,0.877639
FKIT,S+X2_M3_r1,napolitanas,233,0.905144
FKIT,S+X2_M3_r1,napolitanas,234,0.873890
FKIT,S+X2_M3_r1,napolitanas,235,0.853906
FKIT,S+X2_M3_r1,napolitanas,236,0.866067
FKIT,S+X2_M3_r1,napolitanas,237,0.870030
FKIT,S+X2_M3_r1,napolitanas,238,0.882622
FKIT,S+X2_M3_r1,napolitanas,239,0.888881
FKIT,S+X2_M3_r1,napolitanas,240,0.875698
FKIT,S+X2_M3_r1,napolitanas,241,0.877864
FKIT,S+X2_M3_r1,napolitanas,242,0.868401
FKIT,S+X2_M3_r1,napolitanas,243,0.868876
FKIT,S+X2_M3_r1,napolitanas,244,0.881988
FKIT,S+X2_M3_r1,napolitanas,245,0.889366
FKIT,S+X2_M3_r1,napolitanas,246,0.888889
FKIT,S+X2_M3_r1,napolitanas,247,0.866939
FKIT,S+X2_M3_r1,napolitanas,248,0.879849
FKIT,S+X2_M3_r1,napolitanas,249,0.878222
FKIT,S+X2_M3_r1,napolitanas,250,0.890240
FKIT,S+X2_M3_r1,napolitanas,251,0.879883
FKIT,S+X2_M3_r1,napolitanas,252,0.870061
FKIT,S+X2_M3_r1,napolitanas,253,0.873224
FKIT,S+X2_M3_r1,napolitanas,254,0.834644
FKIT,S+X2_M3_r1,napolitanas,255,0.792638
FKIT,S+X2_M3_r1,napolitanas,256,0.792265
FKIT,S+X2_M3_r1,napolitanas,257,0.770943
FKIT,S+X2_M3_r1,napolitanas,258,0.782384
FKIT,S+X2_M3_r1,napolitanas,259,0.761568
FKIT,S+X2_M3_r1,napolitanas,260,0.773818
FKIT,S+X2_M3_r1,napolitanas,261,0.791824
FKIT,S+X2_M3_r1,napolitanas,262,0.778315
FKIT,S+X2_M3_r1,napolitanas,263,0.757865
FKIT,S+X2_M3_r1,napolitanas,264,0.783249
FKIT,S+X2_M3_r1,napolitanas,265,0.755312
FKIT,S+X2_M3_r1,napolitanas,266,0.775867
FKIT,S+X2_M3_r1,napolitanas,267,0.780309
FKIT,S+X2_M3_r1,napolitanas,268,0.843382
FKIT,S+X2_M3_r1,napolitanas,269,0.819661
FKIT,S+X2_M3_r1,napolitanas,270,0.806020
FKIT,S+X2_M3_r1,napolitanas,271,0.753587
FKIT,S+X2_M3_r1,napolitanas,272,0.804247
FKIT,S+X2_M3_r1,napolitanas,273,0.756118
FKIT,S+X2_M3_r1,napolitanas,274,0.778407
FKIT,S+X2_M3_r1,napolitanas,275,0.773216
FKIT,S+X2_M3_r1,napolitanas,276,0.761211
FKIT,S+X2_M3_r1,napolitanas,277,0.776409
FKIT,S+X2_M3_r1,napolitanas,278,0.820309
FKIT,S+X2_M3_r1,napolitanas,279,0.830452
FKIT,S+X2_M3_r1,napolitanas,280,0.828130
FKIT,S+X2_M3_r1,napolitanas,281,0.821990
FKIT,S+X2_M3_r1,napolitanas,282,0.778054
FKIT,S+X2_M3_r1,napolitanas,283,0.785326
FKIT,S+X2_M3_r1,napolitanas,284,0.816095
FKIT,S+X2_M3_r1,napolitanas,285,0.790676
FKIT,S+X2_M3_r1,napolitanas,286,0.810075
FKIT,S+X2_M3_r1,napolitanas,287,0.792454
FKIT,S+X2_M3_r1,napolitanas,288,0.809201
FKIT,S+X2_M3_r1,napolitanas,289,0.806705
FKIT,S+X2_M3_r1,napolitanas,290,0.809360
FKIT,S+X2_M3_r1,napolitanas,291,0.798423
FKIT,S+X2_M3_r1,napolitanas,292,0.786027
FKIT,S+X2_M3_r1,napolitanas,293,0.733803
FKIT,S+X2_M3_r1,napolitanas,294,0.779695
FKIT,S+X2_M3_r1,napolitanas,295,0.796962
FKIT,S+X2_M3_r1,napolitanas,296,0.782197
FKIT,S+X2_M3_r1,napolitanas,297,0.755286
FKIT,S+X2_M3_r1,napolitanas,298,0.775451
FKIT,S+X2_M3_r1,napolitanas,299,0.780778
FKIT,S+X2_M3_r1,napolitanas,300,0.762388
FKIT,S+X2_M3_r1,napolitanas,301,0.749752
FKIT,S+X2_M3_r1,napolitanas,302,0.718064
FKIT,S+X2_M3_r1,napolitanas,303,0.718837
FKIT,S+X2_M3_r1,napolitanas,304,0.631273
FKIT,S+X2_M3_r1,napolitanas,305,0.652839
FKIT,S+X2_M3_r1,napolitanas,306,0.643379
FKIT,S+X2_M3_r1,napolitanas,307,0.537552
FKIT,S+X2_M3_r1,napolitanas,308,0.559216
FKIT,S+X2_M3_r1,napolitanas,309,0.528729
FKIT,S+X2_M3_r1,napolitanas,310,0.456413
FKIT,S+X2_M3_r1,napolitanas,311,0.458155
FKIT,S+X2_M3_r1,napolitanas,312,0.279138
FKIT,S+X2_M3_r1,napolitanas,313,0.510142
FKIT,S+X2_M3_r1,napolitanas,314,0.521364
FKIT,S+X2_M3_r1,napolitanas,315,0.511124
FKIT,S+X2_M3_r1,napolitanas,316,0.453281
FKIT,S+X2_M3_r1,napolitanas,317,0.474732
FKIT,S+X2_M3_r1,napolitanas,318,0.433620
FKIT,S+X2_M3_r1,napolitanas,319,0.446777
FKIT,S+X2_M3_r1,napolitanas,320,0.473361
FKIT,S+X2_M3_r1,napolitanas,321,0.470375
FKIT,S+X2_M3_r1,napolitanas,322,0.455477
FKIT,S+X2_M3_r1,napolitanas,323,0.432208
FKIT,S+X2_M3_r1,napolitanas,324,0.513921
FKIT,S+X2_M3_r1,napolitanas,325,0.509312
FKIT,S+X2_M3_r1,napolitanas,326,0.471428
FKIT,S+X2_M3_r1,napolitanas,327,0.482467
FKIT,S+X2_M3_r1,napolitanas,328,0.438720
FKIT,S+X2_M3_r1,napolitanas,329,0.484412
FKIT,S+X2_M3_r1,napolitanas,330,0.423253
FKIT,S+X2_M3_r1,napolitanas,331,0.434142
FKIT,S+X2_M3_r1,napolitanas,332,0.456733
FKIT,S+X2_M3_r1,napolitanas,333,0.523796
FKIT,S+X2_M3_r1,napolitanas,334,0.480304
FKIT,S+X2_M3_r1,napolitanas,335,0.505910
FKIT,S+X2_M3_r1,napolitanas,336,0.498712
FKIT,S+X2_M3_r1,napolitanas,337,0.497025
FKIT,S+X2_M3_r1,napolitanas,338,0.500067
FKIT,S+X2_M3_r1,napolitanas,339,0.489113
FKIT,S+X2_M3_r1,napolitanas,340,0.512403
FKIT,S+X2_M3_r1,napolitanas,341,0.538190
FKIT,S+X2_M3_r1,napolitanas,342,0.520061
FKIT,S+X2_M3_r1,napolitanas,343,0.557291
FKIT,S+X2_M3_r1,napolitanas,344,0.568043
FKIT,S+X2_M3_r1,napolitanas,345,0.653756
FKIT,S+X2_M3_r1,napolitanas,346,0.591099
FKIT,S+X2_M3_r1,napolitanas,347,0.593808
FKIT,S+X2_M3_r1,napolitanas,348,0.635041
FKIT,S+X2_M3_r1,napolitanas,349,0.665291
FKIT,S+X2_M3_r1,napolitanas,350,0.646531
FKIT,S+X2_M3_r1,napolitanas,351,0.644031
FKIT,S+X2_M3_r1,napolitanas,352,0.651589
FKIT,S+X2_M3_r1,napolitanas,353,0.647203
FKIT,S+X2_M3_r1,napolitanas,354,0.623484
FKIT,S+X2_M3_r1,napolitanas,355,0.613772
FKIT,S+X2_M3_r1,napolitanas,356,0.617171
FKIT,S+X2_M3_r1,napolitanas,357,0.629882
FKIT,S+X2_M3_r1,napolitanas,358,0.652661
FKIT,S+X2_M3_r1,napolitanas,359,0.710400
FKIT,S+X2_M3_r1,napolitanas,360,0.726215
FKIT,S+X2_M3_r1,napolitanas,361,0.670817
FKIT,S+X2_M3_r1,napolitanas,362,0.637934
FKIT,S+X2_M3_r1,napolitanas,363,0.659841
FKIT,S+X2_M3_r1,napolitanas,364,0.666755
FKIT,S+X2_M3_r1,napolitanas,365,0.682799
FKIT,S+X2_M3_r1,napolitanas,366,0.672758
FKIT,S+X2_M3_r1,napolitanas,367,0.681485
FKIT,S+X2_M3_r1,napolitanas,368,0.674602
FKIT,S+X2_M3_r1,napolitanas,369,0.673831
FKIT,S+X2_M3_r1,napolitanas,370,0.721758
FKIT,S+X2_M3_r1,napolitanas,371,0.676944
FKIT,S+X2_M3_r1,napolitanas,372,0.692081
FKIT,S+X2_M3_r1,napolitanas,373,0.766452
FKIT,S+X2_M3_r1,napolitanas,374,0.757476
FKIT,S+X2_M3_r1,napolitanas,375,0.733298
FKIT,S+X2_M3_r1,napolitanas,376,0.708833
FKIT,S+X2_M3_r1,napolitanas,377,0.699564
FKIT,S+X2_M3_r1,napolitanas,378,0.713294
FKIT,S+X2_M3_r1,napolitanas,379,0.694950
FKIT,S+X2_M3_r1,napolitanas,380,0.733344
FKIT,S+X2_M3_r1,napolitanas,381,0.720275
FKIT,S+X2_M3_r1,napolitanas,382,0.730572
FKIT,S+X2_M3_r1,napolitanas,383,0.760150
FKIT,S+X2_M3_r1,napolitanas,384,0.775800
FKIT,S+X2_M3_r1,napolitanas,385,0.761335
FKIT,S+X2_M3_r1,napolitanas,386,0.775217
FKIT,S+X2_M3_r1,napolitanas,387,0.766834
FKIT,S+X2_M3_r1,napolitanas,388,0.772939
FKIT,S+X2_M3_r1,napolitanas,389,0.765313
FKIT,S+X2_M3_r1,napolitanas,390,0.776112
FKIT,S+X2_M3_r1,napolitanas,391,0.761341
FKIT,S+X2_M3_r1,napolitanas,392,0.754627
FKIT,S+X2_M3_r1,napolitanas,393,0.799017
FKIT,S+X2_M3_r1,napolitanas,394,0.778962
FKIT,S+X2_M3_r1,napolitanas,395,0.793675
FKIT,S+X2_M3_r1,napolitanas,396,0.788593
FKIT,S+X2_M3_r1,napolitanas,397,0.799345
FKIT,S+X2_M3_r1,napolitanas,398,0.787591
FKIT,S+X2_M3_r1,napolitanas,399,0.798429
FKIT,S+X2_M3_r1,napolitanas,400,0.790358
FKIT,S+X2_M3_r1,napolitanas,401,0.795616
FKIT,S+X2_M3_r1,napolitanas,402,0.773181
FKIT,S+X2_M3_r1,napolitanas,403,0.824239
FKIT,S+X2_M3_r1,napolitanas,404,0.809044
FKIT,S+X2_M3_r1,napolitanas,405,0.816785
FKIT,S+X2_M3_r1,napolitanas,406,0.808493
FKIT,S+X2_M3_r1,napolitanas,407,0.807494
FKIT,S+X2_M3_r1,napolitanas,408,0.809176
FKIT,S+X2_M3_r1,napolitanas,409,0.777256
FKIT,S+X2_M3_r1,napolitanas,410,0.759056
FKIT,S+X2_M3_r1,napolitanas,411,0.761282
FKIT,S+X2_M3_r1,napolitanas,412,0.777992
FKIT,S+X2_M3_r1,napolitanas,413,0.821529
FKIT,S+X2_M3_r1,napolitanas,414,0.798190
FKIT,S+X2_M3_r1,napolitanas,415,0.815179
FKIT,S+X2_M3_r1,napolitanas,416,0.813646
FKIT,S+X2_M3_r1,napolitanas,417,0.797651
FKIT,S+X2_M3_r1,napolitanas,418,0.788399
FKIT,S+X2_M3_r1,napolitanas,419,0.775643
FKIT,S+X2_M3_r1,napolitanas,420,0.793376
FKIT,S+X2_M3_r1,napolitanas,421,0.795480
FKIT,S+X2_M3_r1,napolitanas,422,0.774210
FKIT,S+X2_M3_r1,napolitanas,423,0.816677
FKIT,S+X2_M3_r1,napolitanas,424,0.808450
FKIT,S+X2_M3_r1,napolitanas,425,0.799665
FKIT,S+X2_M3_r1,napolitanas,426,0.810836
FKIT,S+X2_M3_r1,napolitanas,427,0.818537
FKIT,S+X2_M3_r1,napolitanas,428,0.795559
FKIT,S+X2_M3_r1,napolitanas,429,0.816632
FKIT,S+X2_M3_r1,napolitanas,430,0.819255
FKIT,S+X2_M3_r1,napolitanas,431,0.809103
FKIT,S+X2_M3_r1,napolitanas,432,0.782929
FKIT,S+X2_M3_r1,napolitanas,433,0.819332
FKIT,S+X2_M3_r1,napolitanas,434,0.798902
FKIT,S+X2_M3_r1,napolitanas,435,0.802399
FKIT,S+X2_M3_r1,napolitanas,436,0.815665
FKIT,S+X2_M3_r1,napolitanas,437,0.785843
FKIT,S+X2_M3_r1,napolitanas,438,0.809386
FKIT,S+X2_M3_r1,napolitanas,439,0.801469
FKIT,S+X2_M3_r1,napolitanas,440,0.784897
FKIT,S+X2_M3_r1,napolitanas,441,0.769823
FKIT,S+X2_M3_r1,napolitanas,442,0.771161
FKIT,S+X2_M3_r1,napolitanas,443,0.788843
FKIT,S+X2_M3_r1,napolitanas,444,0.775769
FKIT,S+X2_M3_r1,napolitanas,445,0.779774
FKIT,S+X2_M3_r1,napolitanas,446,0.740333
FKIT,S+X2_M3_r1,napolitanas,447,0.703668
FKIT,S+X2_M3_r1,napolitanas,448,0.716981
FKIT,S+X2_M3_r1,napolitanas,449,0.715752
FKIT,S+X2_M3_r1,napolitanas,450,0.722035
FKIT,S+X2_M3_r1,napolitanas,451,0.713866
FKIT,S+X2_M3_r1,napolitanas,452,0.716685
FKIT,S+X2_M3_r1,napolitanas,453,0.740899
FKIT,S+X2_M3_r1,napolitanas,454,0.738392
FKIT,S+X2_M3_r1,napolitanas,455,0.721663
FKIT,S+X2_M3_r1,napolitanas,456,0.716490
FKIT,S+X2_M3_r1,napolitanas,457,0.732722
FKIT,S+X2_M3_r1,napolitanas,458,0.712219
FKIT,S+X2_M3_r1,napolitanas,459,0.709688
FKIT,S+X2_M3_r1,napolitanas,460,0.708551
FKIT,S+X2_M3_r1,napolitanas,461,0.673288
FKIT,S+X2_M3_r1,napolitanas,462,0.656858
FKIT,S+X2_M3_r1,napolitanas,463,0.655458
FKIT,S+X2_M3_r1,napolitanas,464,0.652080
FKIT,S+X2_M3_r1,napolitanas,465,0.657388
FKIT,S+X2_M3_r1,napolitanas,466,0.642781
FKIT,S+X2_M3_r1,napolitanas,467,0.644537
FKIT,S+X2_M3_r1,napolitanas,468,0.661832
FKIT,S+X2_M3_r1,napolitanas,469,0.637484
FKIT,S+X2_M3_r1,napolitanas,470,0.633482
FKIT,S+X2_M3_r1,napolitanas,471,0.624752
FKIT,S+X2_M3_r1,napolitanas,472,0.623294
FKIT,S+X2_M3_r1,napolitanas,473,0.647042
FKIT,S+X2_M3_r1,napolitanas,474,0.642636
FKIT,S+X2_M3_r1,napolitanas,475,0.667378
FKIT,S+X2_M3_r1,napolitanas,476,0.668615
FKIT,S+X2_M3_r1,napolitanas,477,0.643668
FKIT,S+X2_M3_r1,napolitanas,478,0.627589
FKIT,S+X2_M3_r1,napolitanas,479,0.627178
FKIT,S+X2_M3_r1,napolitanas,480,0.615542
FKIT,S+X2_M3_r1,napolitanas,481,0.621776
FKIT,S+X2_M3_r1,napolitanas,482,0.610499
FKIT,S+X2_M3_r1,napolitanas,483,0.642720
FKIT,S+X2_M3_r1,napolitanas,484,0.636321
FKIT,S+X2_M3_r1,napolitanas,485,0.627075
FKIT,S+X2_M3_r1,napolitanas,486,0.619971
FKIT,S+X2_M3_r1,napolitanas,487,0.649956
FKIT,S+X2_M3_r1,napolitanas,488,0.670520
FKIT,S+X2_M3_r1,napolitanas,489,0.644222
FKIT,S+X2_M3_r1,napolitanas,490,0.640129
FKIT,S+X2_M3_r1,napolitanas,491,0.640625
FKIT,S+X2_M3_r1,napolitanas,492,0.619416
FKIT,S+X2_M3_r1,napolitanas,493,0.647965
FKIT,S+X2_M3_r1,napolitanas,494,0.655734
FKIT,S+X2_M3_r1,napolitanas,495,0.649429
FKIT,S+X2_M3_r1,napolitanas,496,0.615522
FKIT,S+X2_M3_r1,napolitanas,497,0.605472
FKIT,S+X2_M3_r1,napolitanas,498,0.643455
FKIT,S+X2_M3_r1,napolitanas,499,0.352630
FKIT,S+X2_M3_r1,napolitanas,500,0.640967
FKIT,S+X2_M3_r1,napolitanas,501,0.603592
FKIT,S+X2_M3_r1,napolitanas,502,0.574442
FKIT,S+X2_M3_r1,napolitanas,503,0.604298
FKIT,S+X2_M3_r1,napolitanas,504,0.588670
FKIT,S+X2_M3_r1,napolitanas,505,0.548875
FKIT,S+X2_M3_r1,napolitanas,506,0.578383
FKIT,S+X2_M3_r1,napolitanas,507,0.578565
FKIT,S+X2_M3_r1,napolitanas,508,0.605344
FKIT,S+X2_M3_r1,napolitanas,509,0.584053
FKIT,S+X2_M3_r1,napolitanas,510,0.586007
FKIT,S+X2_M3_r1,napolitanas,511,0.597525
FKIT,S+X2_M3_r1,napolitanas,512,0.576369
FKIT,S+X2_M3_r1,napolitanas,513,0.555595
FKIT,S+X2_M3_r1,napolitanas,514,0.590433
FKIT,S+X2_M3_r1,napolitanas,515,0.539671
FKIT,S+X2_M3_r1,napolitanas,516,0.567695
FKIT,S+X2_M3_r1,napolitanas,517,0.560263
FKIT,S+X2_M3_r1,napolitanas,518,0.565879
FKIT,S+X2_M3_r1,napolitanas,519,0.574544
FKIT,S+X2_M3_r1,napolitanas,520,0.534410
FKIT,S+X2_M3_r1,napolitanas,521,0.505903
FKIT,S+X2_M3_r1,napolitanas,522,0.519770
FKIT,S+X2_M3_r1,napolitanas,523,0.507884
FKIT,S+X2_M3_r1,napolitanas,524,0.508066
FKIT,S+X2_M3_r1,napolitanas,525,0.505600
FKIT,S+X2_M3_r1,napolitanas,526,0.517799
FKIT,S+X2_M3_r1,napolitanas,527,0.513020
FKIT,S+X2_M3_r1,napolitanas,528,0.541131
FKIT,S+X2_M3_r1,napolitanas,529,0.492083
FKIT,S+X2_M3_r1,napolitanas,530,0.496312
FKIT,S+X2_M3_r1,napolitanas,531,0.502096
FKIT,S+X2_M3_r1,napolitanas,532,0.533192
FKIT,S+X2_M3_r1,napolitanas,533,0.490997
FKIT,S+X2_M3_r1,napolitanas,534,0.481081
FKIT,S+X2_M3_r1,napolitanas,535,0.473391
FKIT,S+X2_M3_r1,napolitanas,536,0.510786
FKIT,S+X2_M3_r1,napolitanas,537,0.484890
FKIT,S+X2_M3_r1,napolitanas,538,0.476083
FKIT,S+X2_M3_r1,napolitanas,539,0.495871
FKIT,S+X2_M3_r1,napolitanas,540,0.495836
FKIT,S+X2_M3_r1,napolitanas,541,0.503491
FKIT,S+X2_M3_r1,napolitanas,542,0.508820
FKIT,S+X2_M3_r1,napolitanas,543,0.505142
FKIT,S+X2_M3_r1,napolitanas,544,0.503498
FKIT,S+X2_M3_r1,napolitanas,545,0.444861
FKIT,S+X2_M3_r1,napolitanas,546,0.521019
FKIT,S+X2_M3_r1,napolitanas,547,0.511494
FKIT,S+X2_M3_r1,napolitanas,548,0.491906
FKIT,S+X2_M3_r1,napolitanas,549,0.573235
FKIT,S+X2_M3_r1,napolitanas,550,0.584352
FKIT,S+X2_M3_r1,napolitanas,551,0.571226
FKIT,S+X2_M3_r1,napolitanas,552,0.603752
FKIT,S+X2_M3_r1,napolitanas,553,0.544979
FKIT,S+X2_M3_r1,napolitanas,554,0.602042
FKIT,S+X2_M3_r1,napolitanas,555,0.575568
FKIT,S+X2_M3_r1,napolitanas,556,0.612754
FKIT,S+X2_M3_r1,napolitanas,557,0.626458
FKIT,S+X2_M3_r1,napolitanas,558,0.622818
FKIT,S+X2_M3_r1,napolitanas,559,0.644804
FKIT,S+X2_M3_r1,napolitanas,560,0.668885
FKIT,S+X2_M3_r1,napolitanas,561,0.672498
FKIT,S+X2_M3_r1,napolitanas,562,0.676021
FKIT,S+X2_M3_r1,napolitanas,563,0.677537
FKIT,S+X2_M3_r1,napolitanas,564,0.667568
FKIT,S+X2_M3_r1,napolitanas,565,0.688099
FKIT,S+X2_M3_r1,napolitanas,566,0.688334
FKIT,S+X2_M3_r1,napolitanas,567,0.690648
FKIT,S+X2_M3_r1,napolitanas,568,0.711790
FKIT,S+X2_M3_r1,napolitanas,569,0.707437
FKIT,S+X2_M3_r1,napolitanas,570,0.716687
FKIT,S+X2_M3_r1,napolitanas,571,0.719094
FKIT,S+X2_M3_r1,napolitanas,572,0.711751
FKIT,S+X2_M3_r1,napolitanas,573,0.755168
FKIT,S+X2_M3_r1,napolitanas,574,0.753487
FKIT,S+X2_M3_r1,napolitanas,575,0.751175
FKIT,S+X2_M3_r1,napolitanas,576,0.760865
FKIT,S+X2_M3_r1,napolitanas,577,0.786169
FKIT,S+X2_M3_r1,napolitanas,578,0.784715
FKIT,S+X2_M3_r1,napolitanas,579,0.794744
FKIT,S+X2_M3_r1,napolitanas,580,0.898497
FKIT,S+X2_M3_r1,napolitanas,581,0.844334
FKIT,S+X2_M3_r1,napolitanas,582,0.869799
FKIT,S+X2_M3_r1,napolitanas,583,0.807891
FKIT,S+X2_M3_r1,napolitanas,584,0.825735
FKIT,S+X2_M3_r1,napolitanas,585,0.834453
FKIT,S+X2_M3_r1,napolitanas,586,0.800942
FKIT,S+X2_M3_r1,napolitanas,587,0.847448
FKIT,S+X2_M3_r1,napolitanas,588,0.804818
FKIT,S+X2_M3_r1,napolitanas,589,0.800030
FKIT,S+X2_M3_r1,napolitanas,590,0.857566
FKIT,S+X2_M3_r1,napolitanas,591,0.842441
FKIT,S+X2_M3_r1,napolitanas,592,0.887282
FKIT,S+X2_M3_r1,napolitanas,593,0.886837
FKIT,S+X2_M3_r1,napolitanas,594,0.876274
FKIT,S+X2_M3_r1,napolitanas,595,0.896004
FKIT,S+X2_M3_r1,napolitanas,596,0.910099
FKIT,S+X2_M3_r1,napolitanas,597,0.890921
FKIT,S+X2_M3_r1,napolitanas,598,0.877516
FKIT,S+X2_M3_r1,napolitanas,599,0.879985
FKIT,S+X2_M3_r1,napolitanas,600,0.911776
FKIT,S+X2_M3_r1,napolitanas,601,0.890573
FKIT,S+X2_M3_r1,napolitanas,602,0.887824
FKIT,S+X2_M3_r1,napolitanas,603,0.899464
FKIT,S+X2_M3_r1,napolitanas,604,0.892205
FKIT,S+X2_M3_r1,napolitanas,605,0.904236
FKIT,S+X2_M3_r1,napolitanas,606,0.927209
FKIT,S+X2_M3_r1,napolitanas,607,0.905095
FKIT,S+X2_M3_r1,napolitanas,608,0.908940
FKIT,S+X2_M3_r1,napolitanas,609,0.924820
FKIT,S+X2_M3_r1,napolitanas,610,0.930463
FKIT,S+X2_M3_r1,napolitanas,611,0.922124
FKIT,S+X2_M3_r1,napolitanas,612,0.941512
FKIT,S+X2_M3_r1,napolitanas,613,0.906312
FKIT,S+X2_M3_r1,napolitanas,614,0.927437
FKIT,S+X2_M3_r1,napolitanas,615,0.918688
FKIT,S+X2_M3_r1,napolitanas,616,0.903382
FKIT,S+X2_M3_r1,napolitanas,617,0.918308
FKIT,S+X2_M3_r1,napolitanas,618,0.915756
FKIT,S+X2_M3_r1,napolitanas,619,0.905201
FKIT,S+X2_M3_r1,napolitanas,620,0.929286
FKIT,S+X2_M3_r1,napolitanas,621,0.927784
FKIT,S+X2_M3_r1,napolitanas,622,0.916837
FKIT,S+X2_M3_r1,napolitanas,623,0.895534
FKIT,S+X2_M3_r1,napolitanas,624,0.906640
FKIT,S+X2_M3_r1,napolitanas,625,0.898642
FKIT,S+X2_M3_r1,napolitanas,626,0.903952
FKIT,S+X2_M3_r1,napolitanas,627,0.905170
FKIT,S+X2_M3_r1,napolitanas,628,0.902545
FKIT,S+X2_M3_r1,napolitanas,629,0.903304
FKIT,S+X2_M3_r1,napolitanas,630,0.923406
FKIT,S+X2_M3_r1,napolitanas,631,0.915794
FKIT,S+X2_M3_r1,napolitanas,632,0.906895
FKIT,S+X2_M3_r1,napolitanas,633,0.918140
FKIT,S+X2_M3_r1,napolitanas,634,0.911622
FKIT,S+X2_M3_r1,napolitanas,635,0.906713
FKIT,S+X2_M3_r1,napolitanas,636,0.888160
FKIT,S+X2_M3_r1,napolitanas,637,0.881523
FKIT,S+X2_M3_r1,napolitanas,638,0.904382
FKIT,S+X2_M3_r1,napolitanas,639,0.912223
FKIT,S+X2_M3_r1,napolitanas,640,0.940225
FKIT,S+X2_M3_r1,napolitanas,641,0.924331
FKIT,S+X2_M3_r1,napolitanas,642,0.930898
FKIT,S+X2_M3_r1,napolitanas,643,0.926148
FKIT,S+X2_M3_r1,napolitanas,644,0.940336
FKIT,S+X2_M3_r1,napolitanas,645,0.921262
FKIT,S+X2_M3_r1,napolitanas,646,0.922478
FKIT,S+X2_M3_r1,napolitanas,647,0.913652
FKIT,S+X2_M3_r1,napolitanas,648,0.918575
FKIT,S+X2_M3_r1,napolitanas,649,0.927695
FKIT,S+X2_M3_r1,napolitanas,650,0.939693
FKIT,S+X2_M3_r1,napolitanas,651,0.917309
FKIT,S+X2_M3_r1,napolitanas,652,0.941697
FKIT,S+X2_M3_r1,napolitanas,653,0.931625
FKIT,S+X2_M3_r1,napolitanas,654,0.898141
FKIT,S+X2_M3_r1,napolitanas,655,0.897008
FKIT,S+X2_M3_r1,napolitanas,656,0.899893
FKIT,S+X2_M3_r1,napolitanas,657,0.855622
FKIT,S+X2_M3_r1,napolitanas,658,0.872522
FKIT,S+X2_M3_r1,napolitanas,659,0.875974
FKIT,S+X2_M3_r1,napolitanas,660,0.906410
FKIT,S+X2_M3_r1,napolitanas,661,0.901289
FKIT,S+X2_M3_r1,napolitanas,662,0.870752
FKIT,S+X2_M3_r1,napolitanas,663,0.812247
FKIT,S+X2_M3_r1,napolitanas,664,0.837759
FKIT,S+X2_M3_r1,napolitanas,665,0.838852
FKIT,S+X2_M3_r1,napolitanas,666,0.840643
FKIT,S+X2_M3_r1,napolitanas,667,0.830895
FKIT,S+X2_M3_r1,napolitanas,668,0.795163
FKIT,S+X2_M3_r1,napolitanas,669,0.784651
FKIT,S+X2_M3_r1,napolitanas,670,0.770063
FKIT,S+X2_M3_r1,napolitanas,671,0.774849
FKIT,S+X2_M3_r1,napolitanas,672,0.741899
FKIT,S+X2_M3_r1,napolitanas,673,0.739306
FKIT,S+X2_M3_r1,napolitanas,674,0.687079
FKIT,S+X2_M3_r1,napolitanas,675,0.687288
FKIT,S+X2_M3_r1,napolitanas,676,0.643896
FKIT,S+X2_M3_r1,napolitanas,677,0.633218
FKIT,S+X2_M3_r1,napolitanas,678,0.692768
FKIT,S+X2_M3_r1,napolitanas,679,0.690177
FKIT,S+X2_M3_r1,napolitanas,680,0.679337
FKIT,S+X2_M3_r1,napolitanas,681,0.644185
FKIT,S+X2_M3_r1,napolitanas,682,0.586060
FKIT,S+X2_M3_r1,napolitanas,683,0.566472
FKIT,S+X2_M3_r1,napolitanas,684,0.585549
FKIT,S+X2_M3_r1,napolitanas,685,0.630524
FKIT,S+X2_M3_r1,napolitanas,686,0.674722
FKIT,S+X2_M3_r1,napolitanas,687,0.680790
FKIT,S+X2_M3_r1,napolitanas,688,0.697529
FKIT,S+X2_M3_r1,napolitanas,689,0.705363
FKIT,S+X2_M3_r1,napolitanas,690,0.757298
FKIT,S+X2_M3_r1,napolitanas,691,0.716240
FKIT,S+X2_M3_r1,napolitanas,692,0.738374
FKIT,S+X2_M3_r1,napolitanas,693,0.728451
FKIT,S+X2_M3_r1,napolitanas,694,0.745430
FKIT,S+X2_M3_r1,napolitanas,695,0.738403
FKIT,S+X2_M3_r1,napolitanas,696,0.726002
FKIT,S+X2_M3_r1,napolitanas,697,0.740005
FKIT,S+X2_M3_r1,napolitanas,698,0.739758
FKIT,S+X2_M3_r1,napolitanas,699,0.754748
FKIT,S+X2_M3_r1,napolitanas,700,0.794926
FKIT,S+X2_M3_r1,napolitanas,701,0.774967
FKIT,S+X2_M3_r1,napolitanas,702,0.783113
FKIT,S+X2_M3_r1,napolitanas,703,0.818711
FKIT,S+X2_M3_r1,napolitanas,704,0.814804
FKIT,S+X2_M3_r1,napolitanas,705,0.794113
FKIT,S+X2_M3_r1,napolitanas,706,0.783877
FKIT,S+X2_M3_r1,napolitanas,707,0.791126
FKIT,S+X2_M3_r1,napolitanas,708,0.805677
FKIT,S+X2_M3_r1,napolitanas,709,0.829560
FKIT,S+X2_M3_r1,napolitanas,710,0.875220
FKIT,S+X2_M3_r1,napolitanas,711,0.905881
FKIT,S+X2_M3_r1,napolitanas,712,0.905813
FKIT,S+X2_M3_r1,napolitanas,713,0.897150
FKIT,S+X2_M3_r1,napolitanas,714,0.905448
FKIT,S+X2_M3_r1,napolitanas,715,0.900669
FKIT,S+X2_M3_r1,napolitanas,716,0.901554
FKIT,S+X2_M3_r1,napolitanas,717,0.872201
FKIT,S+X2_M3_r1,napolitanas,718,0.856355
FKIT,S+X2_M3_r1,napolitanas,719,0.878249
FKIT,S+X2_M3_r1,napolitanas,720,0.909860
FKIT,S+X2_M3_r1,napolitanas,721,0.907128
FKIT,S+X2_M3_r1,napolitanas,722,0.918950
FKIT,S+X2_M3_r1,napolitanas,723,0.924926
FKIT,S+X2_M3_r1,napolitanas,724,0.898633
FKIT,S+X2_M3_r1,napolitanas,725,0.897745
FKIT,S+X2_M3_r1,napolitanas,726,0.883777
FKIT,S+X2_M3_r1,napolitanas,727,0.884537
FKIT,S+X2_M3_r1,napolitanas,728,0.882625
FKIT,S+X2_M3_r1,napolitanas,729,0.864809
FKIT,S+X2_M3_r1,napolitanas,730,0.908508
FKIT,S+X2_M3_r1,napolitanas,731,0.893642
FKIT,S+X2_M3_r1,napolitanas,732,0.903415
FKIT,S+X2_M3_r1,napolitanas,733,0.908018
FKIT,S+X2_M3_r1,napolitanas,734,0.901673
FKIT,S+X2_M3_r1,napolitanas,735,0.904752
FKIT,S+X2_M3_r1,napolitanas,736,0.908404
FKIT,S+X2_M3_r1,napolitanas,737,0.900939
FKIT,S+X2_M3_r1,napolitanas,738,0.912373
FKIT,S+X2_M3_r1,napolitanas,739,0.893118
FKIT,S+X2_M3_r1,napolitanas,740,0.922111
FKIT,S+X2_M3_r1,napolitanas,741,0.918607
FKIT,S+X2_M3_r1,napolitanas,742,0.924761
FKIT,S+X2_M3_r1,napolitanas,743,0.911571
FKIT,S+X2_M3_r1,napolitanas,744,0.879957
FKIT,S+X2_M3_r1,napolitanas,745,0.862780
FKIT,S+X2_M3_r1,napolitanas,746,0.863033
FKIT,S+X2_M3_r1,napolitanas,747,0.851054
FKIT,S+X2_M3_r1,napolitanas,748,0.846740
FKIT,S+X2_M3_r1,napolitanas,749,0.776985
FKIT,S+X2_M3_r1,napolitanas,750,0.777947
FKIT,S+X2_M3_r1,napolitanas,751,0.761428
FKIT,S+X2_M3_r1,napolitanas,752,0.788322
FKIT,S+X2_M3_r1,napolitanas,753,0.771407
FKIT,S+X2_M3_r1,napolitanas,754,0.750659
FKIT,S+X2_M3_r1,napolitanas,755,0.763529
FKIT,S+X2_M3_r1,napolitanas,756,0.738348
FKIT,S+X2_M3_r1,napolitanas,757,0.746329
FKIT,S+X2_M3_r1,napolitanas,758,0.699956
FKIT,S+X2_M3_r1,napolitanas,759,0.702977
FKIT,S+X2_M3_r1,napolitanas,760,0.757284
FKIT,S+X2_M3_r1,napolitanas,761,0.717947
FKIT,S+X2_M3_r1,napolitanas,762,0.755872
FKIT,S+X2_M3_r1,napolitanas,763,0.730766
FKIT,S+X2_M3_r1,napolitanas,764,0.720003
FKIT,S+X2_M3_r1,napolitanas,765,0.744157
FKIT,S+X2_M3_r1,napolitanas,766,0.719247
FKIT,S+X2_M3_r1,napolitanas,767,0.658950
FKIT,S+X2_M3_r1,napolitanas,768,0.717889
FKIT,S+X2_M3_r1,napolitanas,769,0.705631
FKIT,S+X2_M3_r1,napolitanas,770,0.689713
FKIT,S+X2_M3_r1,napolitanas,771,0.689838
FKIT,S+X2_M3_r1,napolitanas,772,0.660854
FKIT,S+X2_M3_r1,napolitanas,773,0.692520
FKIT,S+X2_M3_r1,napolitanas,774,0.700018
FKIT,S+X2_M3_r1,napolitanas,775,0.682253
FKIT,S+X2_M3_r1,napolitanas,776,0.660650
FKIT,S+X2_M3_r1,napolitanas,777,0.666155
FKIT,S+X2_M3_r1,napolitanas,778,0.659305
FKIT,S+X2_M3_r1,napolitanas,779,0.682418
FKIT,S+X2_M3_r1,napolitanas,780,0.699644
FKIT,S+X2_M3_r1,napolitanas,781,0.695914
FKIT,S+X2_M3_r1,napolitanas,782,0.692657
FKIT,S+X2_M3_r1,napolitanas,783,0.693909
FKIT,S+X2_M3_r1,napolitanas,784,0.678301
FKIT,S+X2_M3_r1,napolitanas,785,0.653577
FKIT,S+X2_M3_r1,napolitanas,786,0.653069
FKIT,S+X2_M3_r1,napolitanas,787,0.661684
FKIT,S+X2_M3_r1,napolitanas,788,0.642643
FKIT,S+X2_M3_r1,napolitanas,789,0.624645
FKIT,S+X2_M3_r1,napolitanas,790,0.612010
FKIT,S+X2_M3_r1,napolitanas,791,0.641237
FKIT,S+X2_M3_r1,napolitanas,792,0.639793
FKIT,S+X2_M3_r1,napolitanas,793,0.634655
FKIT,S+X2_M3_r1,napolitanas,794,0.617800
FKIT,S+X2_M3_r1,napolitanas,795,0.604521
FKIT,S+X2_M3_r1,napolitanas,796,0.571304
FKIT,S+X2_M3_r1,napolitanas,797,0.631772
FKIT,S+X2_M3_r1,napolitanas,798,0.648214
FKIT,S+X2_M3_r1,napolitanas,799,0.614553
FKIT,S+X2_M3_r1,napolitanas,800,0.598613
FKIT,S+X2_M3_r1,napolitanas,801,0.655694
FKIT,S+X2_M3_r1,napolitanas,802,0.643228
FKIT,S+X2_M3_r1,napolitanas,803,0.659182
FKIT,S+X2_M3_r1,napolitanas,804,0.616499
FKIT,S+X2_M3_r1,napolitanas,805,0.630584
FKIT,S+X2_M3_r1,napolitanas,806,0.647679
FKIT,S+X2_M3_r1,napolitanas,807,0.655516
FKIT,S+X2_M3_r1,napolitanas,808,0.661972
FKIT,S+X2_M3_r1,napolitanas,809,0.671726
FKIT,S+X2_M3_r1,napolitanas,810,0.728829
FKIT,S+X2_M3_r1,napolitanas,811,0.737909
FKIT,S+X2_M3_r1,napolitanas,812,0.751396
FKIT,S+X2_M3_r1,napolitanas,813,0.760524
FKIT,S+X2_M3_r1,napolitanas,814,0.753136
FKIT,S+X2_M3_r1,napolitanas,815,0.736719
FKIT,S+X2_M3_r1,napolitanas,816,0.758900
FKIT,S+X2_M3_r1,napolitanas,817,0.770852
FKIT,S+X2_M3_r1,napolitanas,818,0.775748
FKIT,S+X2_M3_r1,napolitanas,819,0.774178
FKIT,S+X2_M3_r1,napolitanas,820,0.838532
FKIT,S+X2_M3_r1,napolitanas,821,0.823477
FKIT,S+X2_M3_r1,napolitanas,822,0.838263
FKIT,S+X2_M3_r1,napolitanas,823,0.831693
FKIT,S+X2_M3_r1,napolitanas,824,0.825591
FKIT,S+X2_M3_r1,napolitanas,825,0.838720
FKIT,S+X2_M3_r1,napolitanas,826,0.831760
FKIT,S+X2_M3_r1,napolitanas,827,0.811492
FKIT,S+X2_M3_r1,napolitanas,828,0.821600
FKIT,S+X2_M3_r1,napolitanas,829,0.830409
FKIT,S+X2_M3_r1,napolitanas,830,0.938003
FKIT,S+X2_M3_r1,napolitanas,831,0.939254
FKIT,S+X2_M3_r1,napolitanas,832,0.942752
FKIT,S+X2_M3_r1,napolitanas,833,0.952526
FKIT,S+X2_M3_r1,napolitanas,834,0.946547
FKIT,S+X2_M3_r1,napolitanas,835,0.955487
FKIT,S+X2_M3_r1,napolitanas,836,0.943051
FKIT,S+X2_M3_r1,napolitanas,837,0.944484
FKIT,S+X2_M3_r1,napolitanas,838,0.954423
FKIT,S+X2_M3_r1,napolitanas,839,0.952811
FKIT,S+X2_M3_r1,napolitanas,840,0.976455
FKIT,S+X2_M3_r1,napolitanas,841,0.971511
FKIT,S+X2_M3_r1,napolitanas,842,0.972892
FKIT,S+X2_M3_r1,napolitanas,843,0.971550
FKIT,S+X2_M3_r1,napolitanas,844,0.969229
FKIT,S+X2_M3_r1,napolitanas,845,0.968305
FKIT,S+X2_M3_r1,napolitanas,846,0.970314
FKIT,S+X2_M3_r1,napolitanas,847,0.972277
FKIT,S+X2_M3_r1,napolitanas,848,0.972279
FKIT,S+X2_M3_r1,napolitanas,849,0.965748
FKIT,S+X2_M3_r1,napolitanas,850,0.981302
FKIT,S+X2_M3_r1,napolitanas,851,0.976357
FKIT,S+X2_M3_r1,napolitanas,852,0.976679
FKIT,S+X2_M3_r1,napolitanas,853,0.972932
FKIT,S+X2_M3_r1,napolitanas,854,0.971776
FKIT,S+X2_M3_r1,napolitanas,855,0.976021
FKIT,S+X2_M3_r1,napolitanas,856,0.972945
FKIT,S+X2_M3_r1,napolitanas,857,0.979042
FKIT,S+X2_M3_r1,napolitanas,858,0.975151
FKIT,S+X2_M3_r1,napolitanas,859,0.970813
FKIT,S+X2_M3_r1,napolitanas,860,0.975390
FKIT,S+X2_M3_r1,napolitanas,861,0.978104
FKIT,S+X2_M3_r1,napolitanas,862,0.977689
FKIT,S+X2_M3_r1,napolitanas,863,0.977283
FKIT,S+X2_M3_r1,napolitanas,864,0.969499
FKIT,S+X2_M3_r1,napolitanas,865,0.964138
FKIT,S+X2_M3_r1,napolitanas,866,0.971450
FKIT,S+X2_M3_r1,napolitanas,867,0.965273
FKIT,S+X2_M3_r1,napolitanas,868,0.962879
FKIT,S+X2_M3_r1,napolitanas,869,0.958011
FKIT,S+X2_M3_r1,napolitanas,870,0.974063
FKIT,S+X2_M3_r1,napolitanas,871,0.973037
FKIT,S+X2_M3_r1,napolitanas,872,0.976175
FKIT,S+X2_M3_r1,napolitanas,873,0.970874
FKIT,S+X2_M3_r1,napolitanas,874,0.971146
FKIT,S+X2_M3_r1,napolitanas,875,0.961918
FKIT,S+X2_M3_r1,napolitanas,876,0.969841
FKIT,S+X2_M3_r1,napolitanas,877,0.964825
FKIT,S+X2_M3_r1,napolitanas,878,0.951573
FKIT,S+X2_M3_r1,napolitanas,879,0.960398
FKIT,S+X2_M3_r1,napolitanas,880,0.970844
FKIT,S+X2_M3_r1,napolitanas,881,0.973510
FKIT,S+X2_M3_r1,napolitanas,882,0.972956
FKIT,S+X2_M3_r1,napolitanas,883,0.978787
FKIT,S+X2_M3_r1,napolitanas,884,0.976560
FKIT,S+X2_M3_r1,napolitanas,885,0.967173
FKIT,S+X2_M3_r1,napolitanas,886,0.970330
FKIT,S+X2_M3_r1,napolitanas,887,0.968860
FKIT,S+X2_M3_r1,napolitanas,888,0.957111
FKIT,S+X2_M3_r1,napolitanas,889,0.959443
FKIT,S+X2_M3_r1,napolitanas,890,0.956653
FKIT,S+X2_M3_r1,napolitanas,891,0.953275
FKIT,S+X2_M3_r1,napolitanas,892,0.961617
FKIT,S+X2_M3_r1,napolitanas,893,0.957713
FKIT,S+X2_M3_r1,napolitanas,894,0.939043
FKIT,S+X2_M3_r1,napolitanas,895,0.949262
FKIT,S+X2_M3_r1,napolitanas,896,0.939963
FKIT,S+X2_M3_r1,napolitanas,897,0.955130
FKIT,S+X2_M3_r1,napolitanas,898,0.945776
FKIT,S+X2_M3_r1,napolitanas,899,0.935643
FKIT,S+X2_M3_r1,napolitanas,900,0.950162
FKIT,S+X2_M3_r1,napolitanas,901,0.948736
FKIT,S+X2_M3_r1,napolitanas,902,0.948697
FKIT,S+X2_M3_r1,napolitanas,903,0.951429
FKIT,S+X2_M3_r1,napolitanas,904,0.941828
FKIT,S+X2_M3_r1,napolitanas,905,0.945695
FKIT,S+X2_M3_r1,napolitanas,906,0.949181
FKIT,S+X2_M3_r1,napolitanas,907,0.963332
FKIT,S+X2_M3_r1,napolitanas,908,0.958865
FKIT,S+X2_M3_r1,napolitanas,909,0.955402
FKIT,S+X2_M3_r1,napolitanas,910,0.965964
FKIT,S+X2_M3_r1,napolitanas,911,0.969735
FKIT,S+X2_M3_r1,napolitanas,912,0.966724
FKIT,S+X2_M3_r1,napolitanas,913,0.966920
FKIT,S+X2_M3_r1,napolitanas,914,0.970301
FKIT,S+X2_M3_r1,napolitanas,915,0.971673
FKIT,S+X2_M3_r1,napolitanas,916,0.968177
FKIT,S+X2_M3_r1,napolitanas,917,0.974777
FKIT,S+X2_M3_r1,napolitanas,918,0.972498
FKIT,S+X2_M3_r1,napolitanas,919,0.974212
FKIT,S+X2_M3_r1,napolitanas,920,0.977156
FKIT,S+X2_M3_r1,napolitanas,921,0.977068
FKIT,S+X2_M3_r1,napolitanas,922,0.977104
FKIT,S+X2_M3_r1,napolitanas,923,0.977700
FKIT,S+X2_M3_r1,napolitanas,924,0.977638
FKIT,S+X2_M3_r1,napolitanas,925,0.979058
FKIT,S+X2_M3_r1,napolitanas,926,0.982032
FKIT,S+X2_M3_r1,napolitanas,927,0.979794
FKIT,S+X2_M3_r1,napolitanas,928,0.979528
FKIT,S+X2_M3_r1,napolitanas,929,0.982461
FKIT,S+X2_M3_r1,napolitanas,930,0.985211
FKIT,S+X2_M3_r1,napolitanas,931,0.984314
FKIT,S+X2_M3_r1,napolitanas,932,0.986678
FKIT,S+X2_M3_r1,napolitanas,933,0.987118
FKIT,S+X2_M3_r1,napolitanas,934,0.985567
FKIT,S+X2_M3_r1,napolitanas,935,0.985777
FKIT,S+X2_M3_r1,napolitanas,936,0.986429
FKIT,S+X2_M3_r1,napolitanas,937,0.987754
FKIT,S+X2_M3_r1,napolitanas,938,0.988475
FKIT,S+X2_M3_r1,napolitanas,939,0.987996
FKIT,S+X2_M3_r1,napolitanas,940,0.993678
FKIT,S+X2_M3_r1,napolitanas,941,0.994079
FKIT,S+X2_M3_r1,napolitanas,942,0.993088
FKIT,S+X2_M3_r1,napolitanas,943,0.992492
FKIT,S+X2_M3_r1,napolitanas,944,0.990976
FKIT,S+X2_M3_r1,napolitanas,945,0.991647
FKIT,S+X2_M3_r1,napolitanas,946,0.991413
FKIT,S+X2_M3_r1,napolitanas,947,0.989121
FKIT,S+X2_M3_r1,napolitanas,948,0.989099
FKIT,S+X2_M3_r1,napolitanas,949,0.986807
FKIT,S+X2_M3_r1,napolitanas,950,0.992180
FKIT,S+X2_M3_r1,napolitanas,951,0.986993
FKIT,S+X2_M3_r1,napolitanas,952,0.986638
FKIT,S+X2_M3_r1,napolitanas,953,0.985234
FKIT,S+X2_M3_r1,napolitanas,954,0.980514
FKIT,S+X2_M3_r1,napolitanas,955,0.983851
FKIT,S+X2_M3_r1,napolitanas,956,0.984541
FKIT,S+X2_M3_r1,napolitanas,957,0.982542
FKIT,S+X2_M3_r1,napolitanas,958,0.980245
FKIT,S+X2_M3_r1,napolitanas,959,0.978325
FKIT,S+X2_M3_r1,napolitanas,960,0.982384
FKIT,S+X2_M3_r1,napolitanas,961,0.981639
FKIT,S+X2_M3_r1,napolitanas,962,0.979872
FKIT,S+X2_M3_r1,napolitanas,963,0.980904
FKIT,S+X2_M3_r1,napolitanas,964,0.979881
FKIT,S+X2_M3_r1,napolitanas,965,0.981748
FKIT,S+X2_M3_r1,napolitanas,966,0.980798
FKIT,S+X2_M3_r1,napolitanas,967,0.974137
FKIT,S+X2_M3_r1,napolitanas,968,0.978866
FKIT,S+X2_M3_r1,napolitanas,969,0.977040
FKIT,S+X2_M3_r1,napolitanas,970,0.973241
FKIT,S+X2_M3_r1,napolitanas,971,0.973924
FKIT,S+X2_M3_r1,napolitanas,972,0.971779
FKIT,S+X2_M3_r1,napolitanas,973,0.971044
FKIT,S+X2_M3_r1,napolitanas,974,0.973854
FKIT,S+X2_M3_r1,napolitanas,975,0.970673
FKIT,S+X2_M3_r1,napolitanas,976,0.964112
FKIT,S+X2_M3_r1,napolitanas,977,0.955014
FKIT,S+X2_M3_r1,napolitanas,978,0.946486
FKIT,S+X2_M3_r1,napolitanas,979,0.934000
FKIT,S+X2_M3_r1,napolitanas,980,0.935170
FKIT,S+X2_M3_r1,napolitanas,981,0.933357
FKIT,S+X2_M3_r1,napolitanas,982,0.923045
FKIT,S+X2_M3_r1,napolitanas,983,0.924367
FKIT,S+X2_M3_r1,napolitanas,984,0.897963
FKIT,S+X2_M3_r1,napolitanas,985,0.893297
FKIT,S+X2_M3_r1,napolitanas,986,0.895904
FKIT,S+X2_M3_r1,napolitanas,987,0.868295
FKIT,S+X2_M3_r1,napolitanas,988,0.855876
FKIT,S+X2_M3_r1,napolitanas,989,0.846424
FKIT,S+X2_M3_r1,napolitanas,990,0.870980
FKIT,S+X2_M3_r1,napolitanas,991,0.863608
FKIT,S+X2_M3_r1,napolitanas,992,0.864815
FKIT,S+X2_M3_r1,napolitanas,993,0.867162
FKIT,S+X2_M3_r1,napolitanas,994,0.855954
FKIT,S+X2_M3_r1,napolitanas,995,0.852793
FKIT,S+X2_M3_r1,napolitanas,996,0.857378
FKIT,S+X2_M3_r1,napolitanas,997,0.825561
FKIT,S+X2_M3_r1,napolitanas,998,0.828749
FKIT,S+X2_M3_r1,napolitanas,999,0.838400
FKIT,S+X2_M3_r1,napolitanas,1000,0.857651
FKIT,S+X2_M3_r1,napolitanas,1001,0.857243
FKIT,S+X2_M3_r1,napolitanas,1002,0.853524
FKIT,S+X2_M3_r1,napolitanas,1003,0.846332
FKIT,S+X2_M3_r1,napolitanas,1004,0.850695
FKIT,S+X2_M3_r1,napolitanas,1005,0.834155
FKIT,S+X2_M3_r1,napolitanas,1006,0.829102
FKIT,S+X2_M3_r1,napolitanas,1007,0.847481
FKIT,S+X2_M3_r1,napolitanas,1008,0.828129
FKIT,S+X2_M3_r1,napolitanas,1009,0.829303
FKIT,S+X2_M3_r1,napolitanas,1010,0.838762
FKIT,S+X2_M3_r1,napolitanas,1011,0.850875
FKIT,S+X2_M3_r1,napolitanas,1012,0.849187
FKIT,S+X2_M3_r1,napolitanas,1013,0.852318
FKIT,S+X2_M3_r1,napolitanas,1014,0.851903
FKIT,S+X2_M3_r1,napolitanas,1015,0.861898
FKIT,S+X2_M3_r1,napolitanas,1016,0.862855
FKIT,S+X2_M3_r1,napolitanas,1017,0.867676
FKIT,S+X2_M3_r1,napolitanas,1018,0.886330
FKIT,S+X2_M3_r1,napolitanas,1019,0.880836
FKIT,S+X2_M3_r1,napolitanas,1020,0.917101
FKIT,S+X2_M3_r1,napolitanas,1021,0.927950
FKIT,S+X2_M3_r1,napolitanas,1022,0.938564
FKIT,S+X2_M3_r1,napolitanas,1023,0.938680
FKIT,S+X2_M3_r1,napolitanas,1024,0.936456
FKIT,S+X2_M3_r1,napolitanas,1025,0.946573
FKIT,S+X2_M3_r1,napolitanas,1026,0.932216
FKIT,S+X2_M3_r1,napolitanas,1027,0.924382
FKIT,S+X2_M3_r1,napolitanas,1028,0.942334
FKIT,S+X2_M3_r1,napolitanas,1029,0.924214
FKIT,S+X2_M3_r1,napolitanas,1030,0.965605
FKIT,S+X2_M3_r1,napolitanas,1031,0.962368
FKIT,S+X2_M3_r1,napolitanas,1032,0.964788
FKIT,S+X2_M3_r1,napolitanas,1033,0.968569
FKIT,S+X2_M3_r1,napolitanas,1034,0.968249
FKIT,S+X2_M3_r1,napolitanas,1035,0.968935
FKIT,S+X2_M3_r1,napolitanas,1036,0.965191
FKIT,S+X2_M3_r1,napolitanas,1037,0.969366
FKIT,S+X2_M3_r1,napolitanas,1038,0.966834
FKIT,S+X2_M3_r1,napolitanas,1039,0.970760
FKIT,S+X2_M3_r1,napolitanas,1040,0.983100
FKIT,S+X2_M3_r1,napolitanas,1041,0.983048
FKIT,S+X2_M3_r1,napolitanas,1042,0.981420
FKIT,S+X2_M3_r1,napolitanas,1043,0.979957
FKIT,S+X2_M3_r1,napolitanas,1044,0.979146
FKIT,S+X2_M3_r1,napolitanas,1045,0.979876
FKIT,S+X2_M3_r1,napolitanas,1046,0.979855
FKIT,S+X2_M3_r1,napolitanas,1047,0.979862
FKIT,S+X2_M3_r1,napolitanas,1048,0.979202
FKIT,S+X2_M3_r1,napolitanas,1049,0.980864
FKIT,S+X2_M3_r1,napolitanas,1050,0.984834
FKIT,S+X2_M3_r1,napolitanas,1051,0.984673
FKIT,S+X2_M3_r1,napolitanas,1052,0.984113
FKIT,S+X2_M3_r1,napolitanas,1053,0.985288
FKIT,S+X2_M3_r1,napolitanas,1054,0.983437
FKIT,S+X2_M3_r1,napolitanas,1055,0.983803
FKIT,S+X2_M3_r1,napolitanas,1056,0.984185
FKIT,S+X2_M3_r1,napolitanas,1057,0.984066
FKIT,S+X2_M3_r1,napolitanas,1058,0.983215
FKIT,S+X2_M3_r1,napolitanas,1059,0.980863
FKIT,S+X2_M3_r1,napolitanas,1060,0.987446
FKIT,S+X2_M3_r1,napolitanas,1061,0.986109
FKIT,S+X2_M3_r1,napolitanas,1062,0.985436
FKIT,S+X2_M3_r1,napolitanas,1063,0.986028
FKIT,S+X2_M3_r1,napolitanas,1064,0.986155
FKIT,S+X2_M3_r1,napolitanas,1065,0.987096
FKIT,S+X2_M3_r1,napolitanas,1066,0.984901
FKIT,S+X2_M3_r1,napolitanas,1067,0.986549
FKIT,S+X2_M3_r1,napolitanas,1068,0.986071
FKIT,S+X2_M3_r1,napolitanas,1069,0.985721
FKIT,S+X2_M3_r1,napolitanas,1070,0.989329
FKIT,S+X2_M3_r1,orange,0,0.000000
FKIT,S+X2_M3_r1,orange,1,0.000000
FKIT,S+X2_M3_r1,orange,2,0.000000
FKIT,S+X2_M3_r1,orange,3,0.025589
FKIT,S+X2_M3_r1,orange,4,0.021959
FKIT,S+X2_M3_r1,orange,5,0.026887
FKIT,S+X2_M3_r1,orange,6,0.063235
FKIT,S+X2_M3_r1,orange,7,0.038398
FKIT,S+X2_M3_r1,orange,8,0.011998
FKIT,S+X2_M3_r1,orange,9,0.010009
FKIT,S+X2_M3_r1,orange,10,0.011005
FKIT,S+X2_M3_r1,orange,11,0.016431
FKIT,S+X2_M3_r1,orange,12,0.047722
FKIT,S+X2_M3_r1,orange,13,0.052605
FKIT,S+X2_M3_r1,orange,14,0.059101
FKIT,S+X2_M3_r1,orange,15,0.057164
FKIT,S+X2_M3_r1,orange,16,0.052804
FKIT,S+X2_M3_r1,orange,17,0.015392
FKIT,S+X2_M3_r1,orange,18,0.005910
FKIT,S+X2_M3_r1,orange,19,0.024524
FKIT,S+X2_M3_r1,orange,20,0.007219
FKIT,S+X2_M3_r1,orange,21,0.002074
FKIT,S+X2_M3_r1,orange,22,0.000000
FKIT,S+X2_M3_r1,orange,23,0.000000
FKIT,S+X2_M3_r1,orange,24,0.008045
FKIT,S+X2_M3_r1,orange,25,0.000000
FKIT,S+X2_M3_r1,orange,26,0.000000
FKIT,S+X2_M3_r1,orange,27,0.000000
FKIT,S+X2_M3_r1,orange,28,0.000000
FKIT,S+X2_M3_r1,orange,29,0.000000
FKIT,S+X2_M3_r1,orange,30,0.000000
FKIT,S+X2_M3_r1,orange,31,0.000000
FKIT,S+X2_M3_r1,orange,32,0.000000
FKIT,S+X2_M3_r1,orange,33,0.015334
FKIT,S+X2_M3_r1,orange,34,0.000000
FKIT,S+X2_M3_r1,orange,35,0.000000
FKIT,S+X2_M3_r1,orange,36,0.000000
FKIT,S+X2_M3_r1,orange,37,0.000000
FKIT,S+X2_M3_r1,orange,38,0.000000
FKIT,S+X2_M3_r1,orange,39,0.000000
FKIT,S+X2_M3_r1,orange,40,0.000000
FKIT,S+X2_M3_r1,orange,41,0.000000
FKIT,S+X2_M3_r1,orange,42,0.000000
FKIT,S+X2_M3_r1,orange,43,0.000000
FKIT,S+X2_M3_r1,orange,44,0.000000
FKIT,S+X2_M3_r1,orange,45,0.000000
FKIT,S+X2_M3_r1,orange,46,0.000000
FKIT,S+X2_M3_r1,orange,47,0.000000
FKIT,S+X2_M3_r1,orange,48,0.000000
FKIT,S+X2_M3_r1,orange,49,0.000000
FKIT,S+X2_M3_r1,orange,50,0.000000
FKIT,S+X2_M3_r1,orange,51,0.000000
FKIT,S+X2_M3_r1,orange,52,0.000000
FKIT,S+X2_M3_r1,orange,53,0.000000
FKIT,S+X2_M3_r1,orange,54,0.000000
FKIT,S+X2_M3_r1,orange,55,0.000000
FKIT,S+X2_M3_r1,orange,56,0.000000
FKIT,S+X2_M3_r1,orange,57,0.000000
FKIT,S+X2_M3_r1,orange,58,0.000000
FKIT,S+X2_M3_r1,orange,59,0.000000
FKIT,S+X2_M3_r1,orange,60,0.000000
FKIT,S+X2_M3_r1,orange,61,0.000000
FKIT,S+X2_M3_r1,orange,62,0.000000
FKIT,S+X2_M3_r1,orange,63,0.000000
FKIT,S+X2_M3_r1,orange,64,0.000000
FKIT,S+X2_M3_r1,orange,65,0.000000
FKIT,S+X2_M3_r1,orange,66,0.000000
FKIT,S+X2_M3_r1,orange,67,0.000000
FKIT,S+X2_M3_r1,orange,68,0.000000
FKIT,S+X2_M3_r1,orange,69,0.000000
FKIT,S+X2_M3_r1,orange,70,0.000000
FKIT,S+X2_M3_r1,orange,71,0.000000
FKIT,S+X2_M3_r1,orange,72,0.000000
FKIT,S+X2_M3_r1,orange,73,0.000000
FKIT,S+X2_M3_r1,orange,74,0.000000
FKIT,S+X2_M3_r1,orange,75,0.000000
FKIT,S+X2_M3_r1,orange,76,0.000000
FKIT,S+X2_M3_r1,orange,77,0.000000
FKIT,S+X2_M3_r1,orange,78,0.000000
FKIT,S+X2_M3_r1,orange,79,0.000000
FKIT,S+X2_M3_r1,orange,80,0.000000
FKIT,S+X2_M3_r1,orange,81,0.000000
FKIT,S+X2_M3_r1,orange,82,0.000000
FKIT,S+X2_M3_r1,orange,83,0.000000
FKIT,S+X2_M3_r1,orange,84,0.000000
FKIT,S+X2_M3_r1,orange,85,0.000000
FKIT,S+X2_M3_r1,orange,86,0.000000
FKIT,S+X2_M3_r1,orange,87,0.000000
FKIT,S+X2_M3_r1,orange,88,0.000000
FKIT,S+X2_M3_r1,orange,89,0.000000
FKIT,S+X2_M3_r1,orange,90,0.000000
FKIT,S+X2_M3_r1,orange,91,0.000000
FKIT,S+X2_M3_r1,orange,92,0.000000
FKIT,S+X2_M3_r1,orange,93,0.000000
FKIT,S+X2_M3_r1,orange,94,0.000000
FKIT,S+X2_M3_r1,orange,95,0.000000
FKIT,S+X2_M3_r1,orange,96,0.000000
FKIT,S+X2_M3_r1,orange,97,0.000000
FKIT,S+X2_M3_r1,orange,98,0.000000
FKIT,S+X2_M3_r1,orange,99,0.000000
FKIT,S+X2_M3_r1,orange,100,0.000000
FKIT,S+X2_M3_r1,orange,101,0.000000
FKIT,S+X2_M3_r1,orange,102,0.000000
FKIT,S+X2_M3_r1,orange,103,0.000000
FKIT,S+X2_M3_r1,orange,104,0.000000
FKIT,S+X2_M3_r1,orange,105,0.000000
FKIT,S+X2_M3_r1,orange,106,0.000000
FKIT,S+X2_M3_r1,orange,107,0.000000
FKIT,S+X2_M3_r1,orange,108,0.000000
FKIT,S+X2_M3_r1,orange,109,0.000000
FKIT,S+X2_M3_r1,orange,110,0.000000
FKIT,S+X2_M3_r1,orange,111,0.000000
FKIT,S+X2_M3_r1,orange,112,0.000000
FKIT,S+X2_M3_r1,orange,113,0.000000
FKIT,S+X2_M3_r1,orange,114,0.000000
FKIT,S+X2_M3_r1,orange,115,0.000000
FKIT,S+X2_M3_r1,orange,116,0.000000
FKIT,S+X2_M3_r1,orange,117,0.000000
FKIT,S+X2_M3_r1,orange,118,0.000000
FKIT,S+X2_M3_r1,orange,119,0.000000
FKIT,S+X2_M3_r1,orange,120,0.000000
FKIT,S+X2_M3_r1,orange,121,0.000000
FKIT,S+X2_M3_r1,orange,122,0.000000
FKIT,S+X2_M3_r1,orange,123,0.000000
FKIT,S+X2_M3_r1,orange,124,0.000000
FKIT,S+X2_M3_r1,orange,125,0.000000
FKIT,S+X2_M3_r1,orange,126,0.000000
FKIT,S+X2_M3_r1,orange,127,0.000000
FKIT,S+X2_M3_r1,orange,128,0.000000
FKIT,S+X2_M3_r1,orange,129,0.000000
FKIT,S+X2_M3_r1,orange,130,0.000000
FKIT,S+X2_M3_r1,orange,131,0.000000
FKIT,S+X2_M3_r1,orange,132,0.000000
FKIT,S+X2_M3_r1,orange,133,0.000000
FKIT,S+X2_M3_r1,orange,134,0.000000
FKIT,S+X2_M3_r1,orange,135,0.000000
FKIT,S+X2_M3_r1,orange,136,0.000000
FKIT,S+X2_M3_r1,orange,137,0.000000
FKIT,S+X2_M3_r1,orange,138,0.000000
FKIT,S+X2_M3_r1,orange,139,0.000000
FKIT,S+X2_M3_r1,orange,140,0.000000
FKIT,S+X2_M3_r1,orange,141,0.000000
FKIT,S+X2_M3_r1,orange,142,0.000000
FKIT,S+X2_M3_r1,orange,143,0.000000
FKIT,S+X2_M3_r1,orange,144,0.000000
FKIT,S+X2_M3_r1,orange,145,0.000000
FKIT,S+X2_M3_r1,orange,146,0.000000
FKIT,S+X2_M3_r1,orange,147,0.000000
FKIT,S+X2_M3_r1,orange,148,0.000000
FKIT,S+X2_M3_r1,orange,149,0.000000
FKIT,S+X2_M3_r1,orange,150,0.000000
FKIT,S+X2_M3_r1,orange,151,0.000000
FKIT,S+X2_M3_r1,orange,152,0.000000
FKIT,S+X2_M3_r1,orange,153,0.000000
FKIT,S+X2_M3_r1,orange,154,0.000000
FKIT,S+X2_M3_r1,orange,155,0.000000
FKIT,S+X2_M3_r1,orange,156,0.000000
FKIT,S+X2_M3_r1,orange,157,0.000000
FKIT,S+X2_M3_r1,orange,158,0.000000
FKIT,S+X2_M3_r1,orange,159,0.000000
FKIT,S+X2_M3_r1,orange,160,0.000000
FKIT,S+X2_M3_r1,orange,161,0.000000
FKIT,S+X2_M3_r1,orange,162,0.000000
FKIT,S+X2_M3_r1,orange,163,0.000000
FKIT,S+X2_M3_r1,orange,164,0.000000
FKIT,S+X2_M3_r1,orange,165,0.000000
FKIT,S+X2_M3_r1,orange,166,0.000000
FKIT,S+X2_M3_r1,orange,167,0.000000
FKIT,S+X2_M3_r1,orange,168,0.000000
FKIT,S+X2_M3_r1,orange,169,0.000000
FKIT,S+X2_M3_r1,orange,170,0.000000
FKIT,S+X2_M3_r1,orange,171,0.000000
FKIT,S+X2_M3_r1,orange,172,0.000000
FKIT,S+X2_M3_r1,orange,173,0.000000
FKIT,S+X2_M3_r1,orange,174,0.000000
FKIT,S+X2_M3_r1,orange,175,0.000000
FKIT,S+X2_M3_r1,orange,176,0.000000
FKIT,S+X2_M3_r1,orange,177,0.000000
FKIT,S+X2_M3_r1,orange,178,0.000000
FKIT,S+X2_M3_r1,orange,179,0.000000
FKIT,S+X2_M3_r1,orange,180,0.000000
FKIT,S+X2_M3_r1,orange,181,0.000000
FKIT,S+X2_M3_r1,orange,182,0.000000
FKIT,S+X2_M3_r1,orange,183,0.000000
FKIT,S+X2_M3_r1,orange,184,0.000000
FKIT,S+X2_M3_r1,orange,185,0.000000
FKIT,S+X2_M3_r1,orange,186,0.000000
FKIT,S+X2_M3_r1,orange,187,0.000000
FKIT,S+X2_M3_r1,orange,188,0.000000
FKIT,S+X2_M3_r1,orange,189,0.000000
FKIT,S+X2_M3_r1,orange,190,0.000000
FKIT,S+X2_M3_r1,orange,191,0.000000
FKIT,S+X2_M3_r1,orange,192,0.000000
FKIT,S+X2_M3_r1,orange,193,0.000000
FKIT,S+X2_M3_r1,orange,194,0.000000
FKIT,S+X2_M3_r1,orange,195,0.000000
FKIT,S+X2_M3_r1,orange,196,0.000000
FKIT,S+X2_M3_r1,orange,197,0.000000
FKIT,S+X2_M3_r1,orange,198,0.000000
FKIT,S+X2_M3_r1,orange,199,0.000000
FKIT,S+X2_M3_r1,orange,200,0.000000
FKIT,S+X2_M3_r1,orange,201,0.000000
FKIT,S+X2_M3_r1,orange,202,0.000000
FKIT,S+X2_M3_r1,orange,203,0.000000
FKIT,S+X2_M3_r1,orange,204,0.000000
FKIT,S+X2_M3_r1,orange,205,0.000000
FKIT,S+X2_M3_r1,orange,206,0.000000
FKIT,S+X2_M3_r1,orange,207,0.000000
FKIT,S+X2_M3_r1,orange,208,0.000000
FKIT,S+X2_M3_r1,orange,209,0.000000
FKIT,S+X2_M3_r1,orange,210,0.000000
FKIT,S+X2_M3_r1,orange,211,0.000000
FKIT,S+X2_M3_r1,orange,212,0.000000
FKIT,S+X2_M3_r1,orange,213,0.000000
FKIT,S+X2_M3_r1,orange,214,0.000000
FKIT,S+X2_M3_r1,orange,215,0.000000
FKIT,S+X2_M3_r1,orange,216,0.000000
FKIT,S+X2_M3_r1,orange,217,0.000000
FKIT,S+X2_M3_r1,orange,218,0.000000
FKIT,S+X2_M3_r1,orange,219,0.000000
FKIT,S+X2_M3_r1,orange,220,0.000000
FKIT,S+X2_M3_r1,orange,221,0.000000
FKIT,S+X2_M3_r1,orange,222,0.000000
FKIT,S+X2_M3_r1,orange,223,0.000000
FKIT,S+X2_M3_r1,orange,224,0.000000
FKIT,S+X2_M3_r1,orange,225,0.000000
FKIT,S+X2_M3_r1,orange,226,0.000000
FKIT,S+X2_M3_r1,orange,227,0.000000
FKIT,S+X2_M3_r1,orange,228,0.000000
FKIT,S+X2_M3_r1,orange,229,0.000000
FKIT,S+X2_M3_r1,orange,230,0.000000
FKIT,S+X2_M3_r1,orange,231,0.000000
FKIT,S+X2_M3_r1,orange,232,0.000000
FKIT,S+X2_M3_r1,orange,233,0.000000
FKIT,S+X2_M3_r1,orange,234,0.000000
FKIT,S+X2_M3_r1,orange,235,0.000000
FKIT,S+X2_M3_r1,orange,236,0.000000
FKIT,S+X2_M3_r1,orange,237,0.000000
FKIT,S+X2_M3_r1,orange,238,0.000000
FKIT,S+X2_M3_r1,orange,239,0.000000
FKIT,S+X2_M3_r1,orange,240,0.000000
FKIT,S+X2_M3_r1,orange,241,0.000000
FKIT,S+X2_M3_r1,orange,242,0.000000
FKIT,S+X2_M3_r1,orange,243,0.000000
FKIT,S+X2_M3_r1,orange,244,0.000000
FKIT,S+X2_M3_r1,orange,245,0.000000
FKIT,S+X2_M3_r1,orange,246,0.000000
FKIT,S+X2_M3_r1,orange,247,0.000000
FKIT,S+X2_M3_r1,orange,248,0.000000
FKIT,S+X2_M3_r1,orange,249,0.000000
FKIT,S+X2_M3_r1,orange,250,0.000000
FKIT,S+X2_M3_r1,orange,251,0.000000
FKIT,S+X2_M3_r1,orange,252,0.000000
FKIT,S+X2_M3_r1,orange,253,0.000000
FKIT,S+X2_M3_r1,orange,254,0.000000
FKIT,S+X2_M3_r1,orange,255,0.000000
FKIT,S+X2_M3_r1,orange,256,0.000000
FKIT,S+X2_M3_r1,orange,257,0.000000
FKIT,S+X2_M3_r1,orange,258,0.000000
FKIT,S+X2_M3_r1,orange,259,0.000000
FKIT,S+X2_M3_r1,orange,260,0.000000
FKIT,S+X2_M3_r1,orange,261,0.000000
FKIT,S+X2_M3_r1,orange,262,0.000000
FKIT,S+X2_M3_r1,orange,263,0.000000
FKIT,S+X2_M3_r1,orange,264,0.000000
FKIT,S+X2_M3_r1,orange,265,0.000000
FKIT,S+X2_M3_r1,orange,266,0.000000
FKIT,S+X2_M3_r1,orange,267,0.000000
FKIT,S+X2_M3_r1,orange,268,0.000000
FKIT,S+X2_M3_r1,orange,269,0.002871
FKIT,S+X2_M3_r1,orange,270,0.015199
FKIT,S+X2_M3_r1,orange,271,0.010928
FKIT,S+X2_M3_r1,orange,272,0.013890
FKIT,S+X2_M3_r1,orange,273,0.022762
FKIT,S+X2_M3_r1,orange,274,0.012804
FKIT,S+X2_M3_r1,orange,275,0.005134
FKIT,S+X2_M3_r1,orange,276,0.006235
FKIT,S+X2_M3_r1,orange,277,0.020917
FKIT,S+X2_M3_r1,orange,278,0.018013
FKIT,S+X2_M3_r1,orange,279,0.013506
FKIT,S+X2_M3_r1,orange,280,0.012786
FKIT,S+X2_M3_r1,orange,281,0.018153
FKIT,S+X2_M3_r1,orange,282,0.012039
FKIT,S+X2_M3_r1,orange,283,0.027503
FKIT,S+X2_M3_r1,orange,284,0.000000
FKIT,S+X2_M3_r1,orange,285,0.011284
FKIT,S+X2_M3_r1,orange,286,0.003513
FKIT,S+X2_M3_r1,orange,287,0.011136
FKIT,S+X2_M3_r1,orange,288,0.000627
FKIT,S+X2_M3_r1,orange,289,0.039580
FKIT,S+X2_M3_r1,orange,290,0.075453
FKIT,S+X2_M3_r1,orange,291,0.053606
FKIT,S+X2_M3_r1,orange,292,0.107843
FKIT,S+X2_M3_r1,orange,293,0.076207
FKIT,S+X2_M3_r1,orange,294,0.026176
FKIT,S+X2_M3_r1,orange,295,0.039431
FKIT,S+X2_M3_r1,orange,296,0.026622
FKIT,S+X2_M3_r1,orange,297,0.034129
FKIT,S+X2_M3_r1,orange,298,0.049651
FKIT,S+X2_M3_r1,orange,299,0.029014
FKIT,S+X2_M3_r1,orange,300,0.076371
FKIT,S+X2_M3_r1,orange,301,0.016637
FKIT,S+X2_M3_r1,orange,302,0.134758
FKIT,S+X2_M3_r1,orange,303,0.230345
FKIT,S+X2_M3_r1,orange,304,0.190818
FKIT,S+X2_M3_r1,orange,305,0.233649
FKIT,S+X2_M3_r1,orange,306,0.325734
FKIT,S+X2_M3_r1,orange,307,0.333205
FKIT,S+X2_M3_r1,orange,308,0.334207
FKIT,S+X2_M3_r1,orange,309,0.322565
FKIT,S+X2_M3_r1,orange,310,0.347521
FKIT,S+X2_M3_r1,orange,311,0.361052
FKIT,S+X2_M3_r1,orange,312,0.405759
FKIT,S+X2_M3_r1,orange,313,0.344481
FKIT,S+X2_M3_r1,orange,314,0.401241
FKIT,S+X2_M3_r1,orange,315,0.452295
FKIT,S+X2_M3_r1,orange,316,0.490013
FKIT,S+X2_M3_r1,orange,317,0.523224
FKIT,S+X2_M3_r1,orange,318,0.500570
FKIT,S+X2_M3_r1,orange,319,0.448516
FKIT,S+X2_M3_r1,orange,320,0.399571
FKIT,S+X2_M3_r1,orange,321,0.405210
FKIT,S+X2_M3_r1,orange,322,0.342482
FKIT,S+X2_M3_r1,orange,323,0.333910
FKIT,S+X2_M3_r1,orange,324,0.359228
FKIT,S+X2_M3_r1,orange,325,0.294944
FKIT,S+X2_M3_r1,orange,326,0.400723
FKIT,S+X2_M3_r1,orange,327,0.388389
FKIT,S+X2_M3_r1,orange,328,0.363623
FKIT,S+X2_M3_r1,orange,329,0.353244
FKIT,S+X2_M3_r1,orange,330,0.338920
FKIT,S+X2_M3_r1,orange,331,0.369436
FKIT,S+X2_M3_r1,orange,332,0.372237
FKIT,S+X2_M3_r1,orange,333,0.406923
FKIT,S+X2_M3_r1,orange,334,0.447526
FKIT,S+X2_M3_r1,orange,335,0.471112
FKIT,S+X2_M3_r1,orange,336,0.475623
FKIT,S+X2_M3_r1,orange,337,0.511077
FKIT,S+X2_M3_r1,orange,338,0.494834
FKIT,S+X2_M3_r1,orange,339,0.499435
FKIT,S+X2_M3_r1,orange,340,0.508441
FKIT,S+X2_M3_r1,orange,341,0.494369
FKIT,S+X2_M3_r1,orange,342,0.476230
FKIT,S+X2_M3_r1,orange,343,0.495056
FKIT,S+X2_M3_r1,orange,344,0.527300
FKIT,S+X2_M3_r1,orange,345,0.584545
FKIT,S+X2_M3_r1,orange,346,0.526853
FKIT,S+X2_M3_r1,orange,347,0.459569
FKIT,S+X2_M3_r1,orange,348,0.314494
FKIT,S+X2_M3_r1,orange,349,0.521796
FKIT,S+X2_M3_r1,orange,350,0.531780
FKIT,S+X2_M3_r1,orange,351,0.506783
FKIT,S+X2_M3_r1,orange,352,0.548897
FKIT,S+X2_M3_r1,orange,353,0.550494
FKIT,S+X2_M3_r1,orange,354,0.546626
FKIT,S+X2_M3_r1,orange,355,0.552547
FKIT,S+X2_M3_r1,orange,356,0.500656
FKIT,S+X2_M3_r1,orange,357,0.545799
FKIT,S+X2_M3_r1,orange,358,0.673052
FKIT,S+X2_M3_r1,orange,359,0.633279
FKIT,S+X2_M3_r1,orange,360,0.600674
FKIT,S+X2_M3_r1,orange,361,0.614600
FKIT,S+X2_M3_r1,orange,362,0.609045
FKIT,S+X2_M3_r1,orange,363,0.589181
FKIT,S+X2_M3_r1,orange,364,0.636195
FKIT,S+X2_M3_r1,orange,365,0.590343
FKIT,S+X2_M3_r1,orange,366,0.569869
FKIT,S+X2_M3_r1,orange,367,0.588022
FKIT,S+X2_M3_r1,orange,368,0.607873
FKIT,S+X2_M3_r1,orange,369,0.605725
FKIT,S+X2_M3_r1,orange,370,0.608719
FKIT,S+X2_M3_r1,orange,371,0.604802
FKIT,S+X2_M3_r1,orange,372,0.544155
FKIT,S+X2_M3_r1,orange,373,0.532297
FKIT,S+X2_M3_r1,orange,374,0.502908
FKIT,S+X2_M3_r1,orange,375,0.554703
FKIT,S+X2_M3_r1,orange,376,0.526391
FKIT,S+X2_M3_r1,orange,377,0.534302
FKIT,S+X2_M3_r1,orange,378,0.525697
FKIT,S+X2_M3_r1,orange,379,0.519873
FKIT,S+X2_M3_r1,orange,380,0.488972
FKIT,S+X2_M3_r1,orange,381,0.465147
FKIT,S+X2_M3_r1,orange,382,0.470325
FKIT,S+X2_M3_r1,orange,383,0.446083
FKIT,S+X2_M3_r1,orange,384,0.409702
FKIT,S+X2_M3_r1,orange,385,0.434123
FKIT,S+X2_M3_r1,orange,386,0.441089
FKIT,S+X2_M3_r1,orange,387,0.450045
FKIT,S+X2_M3_r1,orange,388,0.412359
FKIT,S+X2_M3_r1,orange,389,0.436025
FKIT,S+X2_M3_r1,orange,390,0.369596
FKIT,S+X2_M3_r1,orange,391,0.427509
FKIT,S+X2_M3_r1,orange,392,0.448455
FKIT,S+X2_M3_r1,orange,393,0.421071
FKIT,S+X2_M3_r1,orange,394,0.427291
FKIT,S+X2_M3_r1,orange,395,0.401568
FKIT,S+X2_M3_r1,orange,396,0.377516
FKIT,S+X2_M3_r1,orange,397,0.397988
FKIT,S+X2_M3_r1,orange,398,0.418751
FKIT,S+X2_M3_r1,orange,399,0.426971
FKIT,S+X2_M3_r1,orange,400,0.410270
FKIT,S+X2_M3_r1,orange,401,0.401713
FKIT,S+X2_M3_r1,orange,402,0.428470
FKIT,S+X2_M3_r1,orange,403,0.424419
FKIT,S+X2_M3_r1,orange,404,0.440679
FKIT,S+X2_M3_r1,orange,405,0.443361
FKIT,S+X2_M3_r1,orange,406,0.406059
FKIT,S+X2_M3_r1,orange,407,0.413236
FKIT,S+X2_M3_r1,orange,408,0.470152
FKIT,S+X2_M3_r1,orange,409,0.488093
FKIT,S+X2_M3_r1,orange,410,0.495014
FKIT,S+X2_M3_r1,orange,411,0.494175
FKIT,S+X2_M3_r1,orange,412,0.495301
FKIT,S+X2_M3_r1,orange,413,0.499117
FKIT,S+X2_M3_r1,orange,414,0.453241
FKIT,S+X2_M3_r1,orange,415,0.513043
FKIT,S+X2_M3_r1,orange,416,0.484781
FKIT,S+X2_M3_r1,orange,417,0.548305
FKIT,S+X2_M3_r1,orange,418,0.509291
FKIT,S+X2_M3_r1,orange,419,0.440786
FKIT,S+X2_M3_r1,orange,420,0.397857
FKIT,S+X2_M3_r1,orange,421,0.352673
FKIT,S+X2_M3_r1,orange,422,0.350744
FKIT,S+X2_M3_r1,orange,423,0.290409
FKIT,S+X2_M3_r1,orange,424,0.316405
FKIT,S+X2_M3_r1,orange,425,0.314999
FKIT,S+X2_M3_r1,orange,426,0.326989
FKIT,S+X2_M3_r1,orange,427,0.443662
FKIT,S+X2_M3_r1,orange,428,0.351806
FKIT,S+X2_M3_r1,orange,429,0.323762
FKIT,S+X2_M3_r1,orange,430,0.385894
FKIT,S+X2_M3_r1,orange,431,0.378426
FKIT,S+X2_M3_r1,orange,432,0.497178
FKIT,S+X2_M3_r1,orange,433,0.533935
FKIT,S+X2_M3_r1,orange,434,0.402655
FKIT,S+X2_M3_r1,orange,435,0.529810
FKIT,S+X2_M3_r1,orange,436,0.440227
FKIT,S+X2_M3_r1,orange,437,0.402965
FKIT,S+X2_M3_r1,orange,438,0.466316
FKIT,S+X2_M3_r1,orange,439,0.497393
FKIT,S+X2_M3_r1,orange,440,0.348583
FKIT,S+X2_M3_r1,orange,441,0.460227
FKIT,S+X2_M3_r1,orange,442,0.416505
FKIT,S+X2_M3_r1,orange,443,0.336782
FKIT,S+X2_M3_r1,orange,444,0.276430
FKIT,S+X2_M3_r1,orange,445,0.321563
FKIT,S+X2_M3_r1,orange,446,0.267270
FKIT,S+X2_M3_r1,orange,447,0.289991
FKIT,S+X2_M3_r1,orange,448,0.198860
FKIT,S+X2_M3_r1,orange,449,0.191530
FKIT,S+X2_M3_r1,orange,450,0.208737
FKIT,S+X2_M3_r1,orange,451,0.297041
FKIT,S+X2_M3_r1,orange,452,0.271861
FKIT,S+X2_M3_r1,orange,453,0.267949
FKIT,S+X2_M3_r1,orange,454,0.253815
FKIT,S+X2_M3_r1,orange,455,0.380133
FKIT,S+X2_M3_r1,orange,456,0.354492
FKIT,S+X2_M3_r1,orange,457,0.309430
FKIT,S+X2_M3_r1,orange,458,0.319504
FKIT,S+X2_M3_r1,orange,459,0.262942
FKIT,S+X2_M3_r1,orange,460,0.266752
FKIT,S+X2_M3_r1,orange,461,0.242563
FKIT,S+X2_M3_r1,orange,462,0.292763
FKIT,S+X2_M3_r1,orange,463,0.279312
FKIT,S+X2_M3_r1,orange,464,0.284170
FKIT,S+X2_M3_r1,orange,465,0.246897
FKIT,S+X2_M3_r1,orange,466,0.260933
FKIT,S+X2_M3_r1,orange,467,0.270693
FKIT,S+X2_M3_r1,orange,468,0.238519
FKIT,S+X2_M3_r1,orange,469,0.249444
FKIT,S+X2_M3_r1,orange,470,0.293900
FKIT,S+X2_M3_r1,orange,471,0.288261
FKIT,S+X2_M3_r1,orange,472,0.340942
FKIT,S+X2_M3_r1,orange,473,0.349166
FKIT,S+X2_M3_r1,orange,474,0.372373
FKIT,S+X2_M3_r1,orange,475,0.348010
FKIT,S+X2_M3_r1,orange,476,0.356577
FKIT,S+X2_M3_r1,orange,477,0.310843
FKIT,S+X2_M3_r1,orange,478,0.264656
FKIT,S+X2_M3_r1,orange,479,0.278878
FKIT,S+X2_M3_r1,orange,480,0.209374
FKIT,S+X2_M3_r1,orange,481,0.189939
FKIT,S+X2_M3_r1,orange,482,0.195473
FKIT,S+X2_M3_r1,orange,483,0.218199
FKIT,S+X2_M3_r1,orange,484,0.257767
FKIT,S+X2_M3_r1,orange,485,0.238817
FKIT,S+X2_M3_r1,orange,486,0.241779
FKIT,S+X2_M3_r1,orange,487,0.266348
FKIT,S+X2_M3_r1,orange,488,0.259906
FKIT,S+X2_M3_r1,orange,489,0.244198
FKIT,S+X2_M3_r1,orange,490,0.228688
FKIT,S+X2_M3_r1,orange,491,0.234186
FKIT,S+X2_M3_r1,orange,492,0.224058
FKIT,S+X2_M3_r1,orange,493,0.237027
FKIT,S+X2_M3_r1,orange,494,0.229154
FKIT,S+X2_M3_r1,orange,495,0.201118
FKIT,S+X2_M3_r1,orange,496,0.191501
FKIT,S+X2_M3_r1,orange,497,0.217388
FKIT,S+X2_M3_r1,orange,498,0.123985
FKIT,S+X2_M3_r1,orange,499,0.108438
FKIT,S+X2_M3_r1,orange,500,0.107278
FKIT,S+X2_M3_r1,orange,501,0.139241
FKIT,S+X2_M3_r1,orange,502,0.170909
FKIT,S+X2_M3_r1,orange,503,0.172475
FKIT,S+X2_M3_r1,orange,504,0.202516
FKIT,S+X2_M3_r1,orange,505,0.259167
FKIT,S+X2_M3_r1,orange,506,0.246914
FKIT,S+X2_M3_r1,orange,507,0.220303
FKIT,S+X2_M3_r1,orange,508,0.282304
FKIT,S+X2_M3_r1,orange,509,0.212643
FKIT,S+X2_M3_r1,orange,510,0.208972
FKIT,S+X2_M3_r1,orange,511,0.187089
FKIT,S+X2_M3_r1,orange,512,0.170124
FKIT,S+X2_M3_r1,orange,513,0.158726
FKIT,S+X2_M3_r1,orange,514,0.140873
FKIT,S+X2_M3_r1,orange,515,0.133540
FKIT,S+X2_M3_r1,orange,516,0.111825
FKIT,S+X2_M3_r1,orange,517,0.111376
FKIT,S+X2_M3_r1,orange,518,0.101104
FKIT,S+X2_M3_r1,orange,519,0.116791
FKIT,S+X2_M3_r1,orange,520,0.127060
FKIT,S+X2_M3_r1,orange,521,0.103735
FKIT,S+X2_M3_r1,orange,522,0.119486
FKIT,S+X2_M3_r1,orange,523,0.130654
FKIT,S+X2_M3_r1,orange,524,0.124569
FKIT,S+X2_M3_r1,orange,525,0.138225
FKIT,S+X2_M3_r1,orange,526,0.152412
FKIT,S+X2_M3_r1,orange,527,0.130260
FKIT,S+X2_M3_r1,orange,528,0.153769
FKIT,S+X2_M3_r1,orange,529,0.152986
FKIT,S+X2_M3_r1,orange,530,0.151291
FKIT,S+X2_M3_r1,orange,531,0.162470
FKIT,S+X2_M3_r1,orange,532,0.139694
FKIT,S+X2_M3_r1,orange,533,0.135207
FKIT,S+X2_M3_r1,orange,534,0.140483
FKIT,S+X2_M3_r1,orange,535,0.129551
FKIT,S+X2_M3_r1,orange,536,0.057873
FKIT,S+X2_M3_r1,orange,537,0.040759
FKIT,S+X2_M3_r1,orange,538,0.094097
FKIT,S+X2_M3_r1,orange,539,0.100286
FKIT,S+X2_M3_r1,orange,540,0.101530
FKIT,S+X2_M3_r1,orange,541,0.068865
FKIT,S+X2_M3_r1,orange,542,0.051124
FKIT,S+X2_M3_r1,orange,543,0.023770
FKIT,S+X2_M3_r1,orange,544,0.059279
FKIT,S+X2_M3_r1,orange,545,0.060543
FKIT,S+X2_M3_r1,orange,546,0.054568
FKIT,S+X2_M3_r1,orange,547,0.006625
FKIT,S+X2_M3_r1,orange,548,0.000000
FKIT,S+X2_M3_r1,orange,549,0.010963
FKIT,S+X2_M3_r1,orange,550,0.012785
FKIT,S+X2_M3_r1,orange,551,0.013975
FKIT,S+X2_M3_r1,orange,552,0.012455
FKIT,S+X2_M3_r1,orange,553,0.009212
FKIT,S+X2_M3_r1,orange,554,0.011939
FKIT,S+X2_M3_r1,orange,555,0.004499
FKIT,S+X2_M3_r1,orange,556,0.019637
FKIT,S+X2_M3_r1,orange,557,0.000000
FKIT,S+X2_M3_r1,orange,558,0.003794
FKIT,S+X2_M3_r1,orange,559,0.006445
FKIT,S+X2_M3_r1,orange,560,0.000737
FKIT,S+X2_M3_r1,orange,561,0.003551
FKIT,S+X2_M3_r1,orange,562,0.000000
FKIT,S+X2_M3_r1,orange,563,0.011324
FKIT,S+X2_M3_r1,orange,564,0.000333
FKIT,S+X2_M3_r1,orange,565,0.000000
FKIT,S+X2_M3_r1,orange,566,0.008155
FKIT,S+X2_M3_r1,orange,567,0.006817
FKIT,S+X2_M3_r1,orange,568,0.000000
FKIT,S+X2_M3_r1,orange,569,0.000000
FKIT,S+X2_M3_r1,orange,570,0.000000
FKIT,S+X2_M3_r1,orange,571,0.000000
FKIT,S+X2_M3_r1,orange,572,0.011122
FKIT,S+X2_M3_r1,orange,573,0.046212
FKIT,S+X2_M3_r1,orange,574,0.003103
FKIT,S+X2_M3_r1,orange,575,0.000000
FKIT,S+X2_M3_r1,orange,576,0.000000
FKIT,S+X2_M3_r1,orange,577,0.000000
FKIT,S+X2_M3_r1,orange,578,0.000000
FKIT,S+X2_M3_r1,orange,579,0.000000
FKIT,S+X2_M3_r1,orange,580,0.000000
FKIT,S+X2_M3_r1,orange,581,0.000000
FKIT,S+X2_M3_r1,orange,582,0.000000
FKIT,S+X2_M3_r1,orange,583,0.000000
FKIT,S+X2_M3_r1,orange,584,0.000000
FKIT,S+X2_M3_r1,orange,585,0.000000
FKIT,S+X2_M3_r1,orange,586,0.000000
FKIT,S+X2_M3_r1,orange,587,0.001481
FKIT,S+X2_M3_r1,orange,588,0.000000
FKIT,S+X2_M3_r1,orange,589,0.000625
FKIT,S+X2_M3_r1,orange,590,0.000000
FKIT,S+X2_M3_r1,orange,591,0.000060
FKIT,S+X2_M3_r1,orange,592,0.000000
FKIT,S+X2_M3_r1,orange,593,0.000899
FKIT,S+X2_M3_r1,orange,594,0.000781
FKIT,S+X2_M3_r1,orange,595,0.000726
FKIT,S+X2_M3_r1,orange,596,0.003907
FKIT,S+X2_M3_r1,orange,597,0.009121
FKIT,S+X2_M3_r1,orange,598,0.001983
FKIT,S+X2_M3_r1,orange,599,0.001696
FKIT,S+X2_M3_r1,orange,600,0.001714
FKIT,S+X2_M3_r1,orange,601,0.007979
FKIT,S+X2_M3_r1,orange,602,0.002673
FKIT,S+X2_M3_r1,orange,603,0.000000
FKIT,S+X2_M3_r1,orange,604,0.000000
FKIT,S+X2_M3_r1,orange,605,0.000137
FKIT,S+X2_M3_r1,orange,606,0.000000
FKIT,S+X2_M3_r1,orange,607,0.000000
FKIT,S+X2_M3_r1,orange,608,0.000000
FKIT,S+X2_M3_r1,orange,609,0.000000
FKIT,S+X2_M3_r1,orange,610,0.000000
FKIT,S+X2_M3_r1,orange,611,0.000000
FKIT,S+X2_M3_r1,orange,612,0.000000
FKIT,S+X2_M3_r1,orange,613,0.000000
FKIT,S+X2_M3_r1,orange,614,0.000000
FKIT,S+X2_M3_r1,orange,615,0.000000
FKIT,S+X2_M3_r1,orange,616,0.000000
FKIT,S+X2_M3_r1,orange,617,0.000000
FKIT,S+X2_M3_r1,orange,618,0.000000
FKIT,S+X2_M3_r1,orange,619,0.000000
FKIT,S+X2_M3_r1,orange,620,0.000000
FKIT,S+X2_M3_r1,orange,621,0.000000
FKIT,S+X2_M3_r1,orange,622,0.000000
FKIT,S+X2_M3_r1,orange,623,0.000000
FKIT,S+X2_M3_r1,orange,624,0.000000
FKIT,S+X2_M3_r1,orange,625,0.000000
FKIT,S+X2_M3_r1,orange,626,0.000000
FKIT,S+X2_M3_r1,orange,627,0.000000
FKIT,S+X2_M3_r1,orange,628,0.000000
FKIT,S+X2_M3_r1,orange,629,0.000000
FKIT,S+X2_M3_r1,orange,630,0.000000
FKIT,S+X2_M3_r1,orange,631,0.000000
FKIT,S+X2_M3_r1,orange,632,0.000000
FKIT,S+X2_M3_r1,orange,633,0.000000
FKIT,S+X2_M3_r1,orange,634,0.000000
FKIT,S+X2_M3_r1,orange,635,0.000000
FKIT,S+X2_M3_r1,orange,636,0.000000
FKIT,S+X2_M3_r1,orange,637,0.000000
FKIT,S+X2_M3_r1,orange,638,0.000000
FKIT,S+X2_M3_r1,orange,639,0.000000
FKIT,S+X2_M3_r1,orange,640,0.000000
FKIT,S+X2_M3_r1,orange,641,0.000000
FKIT,S+X2_M3_r1,orange,642,0.000000
FKIT,S+X2_M3_r1,orange,643,0.000129
FKIT,S+X2_M3_r1,orange,644,0.000458
FKIT,S+X2_M3_r1,orange,645,0.039599
FKIT,S+X2_M3_r1,orange,646,0.123399
FKIT,S+X2_M3_r1,orange,647,0.009631
FKIT,S+X2_M3_r1,orange,648,0.124668
FKIT,S+X2_M3_r1,orange,649,0.101856
FKIT,S+X2_M3_r1,orange,650,0.154685
FKIT,S+X2_M3_r1,orange,651,0.138264
FKIT,S+X2_M3_r1,orange,652,0.104449
FKIT,S+X2_M3_r1,orange,653,0.061333
FKIT,S+X2_M3_r1,orange,654,0.142268
FKIT,S+X2_M3_r1,orange,655,0.015012
FKIT,S+X2_M3_r1,orange,656,0.123704
FKIT,S+X2_M3_r1,orange,657,0.193505
FKIT,S+X2_M3_r1,orange,658,0.059424
FKIT,S+X2_M3_r1,orange,659,0.133300
FKIT,S+X2_M3_r1,orange,660,0.043158
FKIT,S+X2_M3_r1,orange,661,0.082774
FKIT,S+X2_M3_r1,orange,662,0.056464
FKIT,S+X2_M3_r1,orange,663,0.017115
FKIT,S+X2_M3_r1,orange,664,0.031441
FKIT,S+X2_M3_r1,orange,665,0.006381
FKIT,S+X2_M3_r1,orange,666,0.042613
FKIT,S+X2_M3_r1,orange,667,0.006372
FKIT,S+X2_M3_r1,orange,668,0.028126
FKIT,S+X2_M3_r1,orange,669,0.028988
FKIT,S+X2_M3_r1,orange,670,0.053202
FKIT,S+X2_M3_r1,orange,671,0.045514
FKIT,S+X2_M3_r1,orange,672,0.047835
FKIT,S+X2_M3_r1,orange,673,0.063727
FKIT,S+X2_M3_r1,orange,674,0.121903
FKIT,S+X2_M3_r1,orange,675,0.154414
FKIT,S+X2_M3_r1,orange,676,0.172110
FKIT,S+X2_M3_r1,orange,677,0.144095
FKIT,S+X2_M3_r1,orange,678,0.161908
FKIT,S+X2_M3_r1,orange,679,0.167447
FKIT,S+X2_M3_r1,orange,680,0.175774
FKIT,S+X2_M3_r1,orange,681,0.230994
FKIT,S+X2_M3_r1,orange,682,0.222131
FKIT,S+X2_M3_r1,orange,683,0.274361
FKIT,S+X2_M3_r1,orange,684,0.289310
FKIT,S+X2_M3_r1,orange,685,0.250906
FKIT,S+X2_M3_r1,orange,686,0.289443
FKIT,S+X2_M3_r1,orange,687,0.305025
FKIT,S+X2_M3_r1,orange,688,0.307272
FKIT,S+X2_M3_r1,orange,689,0.309291
FKIT,S+X2_M3_r1,orange,690,0.313970
FKIT,S+X2_M3_r1,orange,691,0.301512
FKIT,S+X2_M3_r1,orange,692,0.316875
FKIT,S+X2_M3_r1,orange,693,0.329347
FKIT,S+X2_M3_r1,orange,694,0.299429
FKIT,S+X2_M3_r1,orange,695,0.325018
FKIT,S+X2_M3_r1,orange,696,0.281835
FKIT,S+X2_M3_r1,orange,697,0.257918
FKIT,S+X2_M3_r1,orange,698,0.220028
FKIT,S+X2_M3_r1,orange,699,0.141223
FKIT,S+X2_M3_r1,orange,700,0.147859
FKIT,S+X2_M3_r1,orange,701,0.117085
FKIT,S+X2_M3_r1,orange,702,0.049754
FKIT,S+X2_M3_r1,orange,703,0.055253
FKIT,S+X2_M3_r1,orange,704,0.024526
FKIT,S+X2_M3_r1,orange,705,0.016812
FKIT,S+X2_M3_r1,orange,706,0.003316
FKIT,S+X2_M3_r1,orange,707,0.000000
FKIT,S+X2_M3_r1,orange,708,0.000000
FKIT,S+X2_M3_r1,orange,709,0.000000
FKIT,S+X2_M3_r1,orange,710,0.000000
FKIT,S+X2_M3_r1,orange,711,0.000000
FKIT,S+X2_M3_r1,orange,712,0.000000
FKIT,S+X2_M3_r1,orange,713,0.000000
FKIT,S+X2_M3_r1,orange,714,0.000000
FKIT,S+X2_M3_r1,orange,715,0.000000
FKIT,S+X2_M3_r1,orange,716,0.000000
FKIT,S+X2_M3_r1,orange,717,0.000000
FKIT,S+X2_M3_r1,orange,718,0.000000
FKIT,S+X2_M3_r1,orange,719,0.000000
FKIT,S+X2_M3_r1,orange,720,0.000000
FKIT,S+X2_M3_r1,orange,721,0.000000
FKIT,S+X2_M3_r1,orange,722,0.000000
FKIT,S+X2_M3_r1,orange,723,0.000000
FKIT,S+X2_M3_r1,orange,724,0.000000
FKIT,S+X2_M3_r1,orange,725,0.000000
FKIT,S+X2_M3_r1,orange,726,0.000000
FKIT,S+X2_M3_r1,orange,727,0.000000
FKIT,S+X2_M3_r1,orange,728,0.000000
FKIT,S+X2_M3_r1,orange,729,0.000000
FKIT,S+X2_M3_r1,orange,730,0.000000
FKIT,S+X2_M3_r1,orange,731,0.000000
FKIT,S+X2_M3_r1,orange,732,0.000000
FKIT,S+X2_M3_r1,orange,733,0.000000
FKIT,S+X2_M3_r1,orange,734,0.000000
FKIT,S+X2_M3_r1,orange,735,0.000000
FKIT,S+X2_M3_r1,orange,736,0.000000
FKIT,S+X2_M3_r1,orange,737,0.000000
FKIT,S+X2_M3_r1,orange,738,0.000000
FKIT,S+X2_M3_r1,orange,739,0.000000
FKIT,S+X2_M3_r1,orange,740,0.000000
FKIT,S+X2_M3_r1,orange,741,0.000000
FKIT,S+X2_M3_r1,orange,742,0.000000
FKIT,S+X2_M3_r1,orange,743,0.000000
FKIT,S+X2_M3_r1,orange,744,0.000000
FKIT,S+X2_M3_r1,orange,745,0.000000
FKIT,S+X2_M3_r1,orange,746,0.000000
FKIT,S+X2_M3_r1,orange,747,0.000000
FKIT,S+X2_M3_r1,orange,748,0.000000
FKIT,S+X2_M3_r1,orange,749,0.000000
FKIT,S+X2_M3_r1,orange,750,0.000000
FKIT,S+X2_M3_r1,orange,751,0.000000
FKIT,S+X2_M3_r1,orange,752,0.000000
FKIT,S+X2_M3_r1,orange,753,0.000000
FKIT,S+X2_M3_r1,orange,754,0.000000
FKIT,S+X2_M3_r1,orange,755,0.000000
FKIT,S+X2_M3_r1,orange,756,0.000000
FKIT,S+X2_M3_r1,orange,757,0.000000
FKIT,S+X2_M3_r1,orange,758,0.000000
FKIT,S+X2_M3_r1,orange,759,0.000000
FKIT,S+X2_M3_r1,orange,760,0.000000
FKIT,S+X2_M3_r1,orange,761,0.000000
FKIT,S+X2_M3_r1,orange,762,0.000149
FKIT,S+X2_M3_r1,orange,763,0.000000
FKIT,S+X2_M3_r1,orange,764,0.000000
FKIT,S+X2_M3_r1,orange,765,0.000000
FKIT,S+X2_M3_r1,orange,766,0.000000
FKIT,S+X2_M3_r1,orange,767,0.000000
FKIT,S+X2_M3_r1,orange,768,0.000000
FKIT,S+X2_M3_r1,orange,769,0.000000
FKIT,S+X2_M3_r1,orange,770,0.000000
FKIT,S+X2_M3_r1,orange,771,0.000000
FKIT,S+X2_M3_r1,orange,772,0.000000
FKIT,S+X2_M3_r1,orange,773,0.000000
FKIT,S+X2_M3_r1,orange,774,0.000000
FKIT,S+X2_M3_r1,orange,775,0.000000
FKIT,S+X2_M3_r1,orange,776,0.000000
FKIT,S+X2_M3_r1,orange,777,0.000000
FKIT,S+X2_M3_r1,orange,778,0.000000
FKIT,S+X2_M3_r1,orange,779,0.000000
FKIT,S+X2_M3_r1,orange,780,0.000000
FKIT,S+X2_M3_r1,orange,781,0.000000
FKIT,S+X2_M3_r1,orange,782,0.000000
FKIT,S+X2_M3_r1,orange,783,0.000000
FKIT,S+X2_M3_r1,orange,784,0.000000
FKIT,S+X2_M3_r1,orange,785,0.000000
FKIT,S+X2_M3_r1,orange,786,0.000000
FKIT,S+X2_M3_r1,orange,787,0.000000
FKIT,S+X2_M3_r1,orange,788,0.000000
FKIT,S+X2_M3_r1,orange,789,0.000000
FKIT,S+X2_M3_r1,orange,790,0.000000
FKIT,S+X2_M3_r1,orange,791,0.000000
FKIT,S+X2_M3_r1,orange,792,0.000000
FKIT,S+X2_M3_r1,orange,793,0.000000
FKIT,S+X2_M3_r1,orange,794,0.000000
FKIT,S+X2_M3_r1,orange,795,0.000000
FKIT,S+X2_M3_r1,orange,796,0.000000
FKIT,S+X2_M3_r1,orange,797,0.000000
FKIT,S+X2_M3_r1,orange,798,0.000000
FKIT,S+X2_M3_r1,orange,799,0.000000
FKIT,S+X2_M3_r1,orange,800,0.000000
FKIT,S+X2_M3_r1,orange,801,0.000000
FKIT,S+X2_M3_r1,orange,802,0.000000
FKIT,S+X2_M3_r1,orange,803,0.000000
FKIT,S+X2_M3_r1,orange,804,0.000000
FKIT,S+X2_M3_r1,orange,805,0.000000
FKIT,S+X2_M3_r1,orange,806,0.000000
FKIT,S+X2_M3_r1,orange,807,0.000000
FKIT,S+X2_M3_r1,orange,808,0.000000
FKIT,S+X2_M3_r1,orange,809,0.000000
FKIT,S+X2_M3_r1,orange,810,0.000000
FKIT,S+X2_M3_r1,orange,811,0.000000
FKIT,S+X2_M3_r1,orange,812,0.000000
FKIT,S+X2_M3_r1,orange,813,0.000000
FKIT,S+X2_M3_r1,orange,814,0.000000
FKIT,S+X2_M3_r1,orange,815,0.000000
FKIT,S+X2_M3_r1,orange,816,0.000000
FKIT,S+X2_M3_r1,orange,817,0.000000
FKIT,S+X2_M3_r1,orange,818,0.000000
FKIT,S+X2_M3_r1,orange,819,0.000000
FKIT,S+X2_M3_r1,orange,820,0.000000
FKIT,S+X2_M3_r1,orange,821,0.000000
FKIT,S+X2_M3_r1,orange,822,0.000000
FKIT,S+X2_M3_r1,orange,823,0.000000
FKIT,S+X2_M3_r1,orange,824,0.000000
FKIT,S+X2_M3_r1,orange,825,0.000000
FKIT,S+X2_M3_r1,orange,826,0.000000
FKIT,S+X2_M3_r1,orange,827,0.000000
FKIT,S+X2_M3_r1,orange,828,0.000000
FKIT,S+X2_M3_r1,orange,829,0.000000
FKIT,S+X2_M3_r1,orange,830,0.000000
FKIT,S+X2_M3_r1,orange,831,0.000000
FKIT,S+X2_M3_r1,orange,832,0.000000
FKIT,S+X2_M3_r1,orange,833,0.000000
FKIT,S+X2_M3_r1,orange,834,0.000000
FKIT,S+X2_M3_r1,orange,835,0.000000
FKIT,S+X2_M3_r1,orange,836,0.000000
FKIT,S+X2_M3_r1,orange,837,0.000000
FKIT,S+X2_M3_r1,orange,838,0.000000
FKIT,S+X2_M3_r1,orange,839,0.000000
FKIT,S+X2_M3_r1,orange,840,0.000000
FKIT,S+X2_M3_r1,orange,841,0.000000
FKIT,S+X2_M3_r1,orange,842,0.000000
FKIT,S+X2_M3_r1,orange,843,0.000000
FKIT,S+X2_M3_r1,orange,844,0.000000
FKIT,S+X2_M3_r1,orange,845,0.000000
FKIT,S+X2_M3_r1,orange,846,0.000000
FKIT,S+X2_M3_r1,orange,847,0.000000
FKIT,S+X2_M3_r1,orange,848,0.000000
FKIT,S+X2_M3_r1,orange,849,0.000000
FKIT,S+X2_M3_r1,orange,850,0.000000
FKIT,S+X2_M3_r1,orange,851,0.000000
FKIT,S+X2_M3_r1,orange,852,0.000000
FKIT,S+X2_M3_r1,orange,853,0.000000
FKIT,S+X2_M3_r1,orange,854,0.000000
FKIT,S+X2_M3_r1,orange,855,0.000000
FKIT,S+X2_M3_r1,orange,856,0.000000
FKIT,S+X2_M3_r1,orange,857,0.000000
FKIT,S+X2_M3_r1,orange,858,0.000000
FKIT,S+X2_M3_r1,orange,859,0.000000
FKIT,S+X2_M3_r1,orange,860,0.000000
FKIT,S+X2_M3_r1,orange,861,0.000000
FKIT,S+X2_M3_r1,orange,862,0.000000
FKIT,S+X2_M3_r1,orange,863,0.000000
FKIT,S+X2_M3_r1,orange,864,0.000000
FKIT,S+X2_M3_r1,orange,865,0.000000
FKIT,S+X2_M3_r1,orange,866,0.000000
FKIT,S+X2_M3_r1,orange,867,0.000000
FKIT,S+X2_M3_r1,orange,868,0.000000
FKIT,S+X2_M3_r1,orange,869,0.000000
FKIT,S+X2_M3_r1,orange,870,0.000000
FKIT,S+X2_M3_r1,orange,871,0.000000
FKIT,S+X2_M3_r1,orange,872,0.000000
FKIT,S+X2_M3_r1,orange,873,0.000000
FKIT,S+X2_M3_r1,orange,874,0.000000
FKIT,S+X2_M3_r1,orange,875,0.000000
FKIT,S+X2_M3_r1,orange,876,0.000000
FKIT,S+X2_M3_r1,orange,877,0.000000
FKIT,S+X2_M3_r1,orange,878,0.000000
FKIT,S+X2_M3_r1,orange,879,0.000000
FKIT,S+X2_M3_r1,orange,880,0.000000
FKIT,S+X2_M3_r1,orange,881,0.000000
FKIT,S+X2_M3_r1,orange,882,0.000000
FKIT,S+X2_M3_r1,orange,883,0.000000
FKIT,S+X2_M3_r1,orange,884,0.000000
FKIT,S+X2_M3_r1,orange,885,0.000000
FKIT,S+X2_M3_r1,orange,886,0.000000
FKIT,S+X2_M3_r1,orange,887,0.000000
FKIT,S+X2_M3_r1,orange,888,0.000000
FKIT,S+X2_M3_r1,orange,889,0.000000
FKIT,S+X2_M3_r1,orange,890,0.000000
FKIT,S+X2_M3_r1,orange,891,0.000000
FKIT,S+X2_M3_r1,orange,892,0.000000
FKIT,S+X2_M3_r1,orange,893,0.000000
FKIT,S+X2_M3_r1,orange,894,0.000000
FKIT,S+X2_M3_r1,orange,895,0.000000
FKIT,S+X2_M3_r1,orange,896,0.000000
FKIT,S+X2_M3_r1,orange,897,0.000000
FKIT,S+X2_M3_r1,orange,898,0.000000
FKIT,S+X2_M3_r1,orange,899,0.000000
FKIT,S+X2_M3_r1,orange,900,0.000000
FKIT,S+X2_M3_r1,orange,901,0.000000
FKIT,S+X2_M3_r1,orange,902,0.000000
FKIT,S+X2_M3_r1,orange,903,0.000000
FKIT,S+X2_M3_r1,orange,904,0.000000
FKIT,S+X2_M3_r1,orange,905,0.000000
FKIT,S+X2_M3_r1,orange,906,0.000000
FKIT,S+X2_M3_r1,orange,907,0.000000
FKIT,S+X2_M3_r1,orange,908,0.000000
FKIT,S+X2_M3_r1,orange,909,0.000000
FKIT,S+X2_M3_r1,orange,910,0.000000
FKIT,S+X2_M3_r1,orange,911,0.000000
FKIT,S+X2_M3_r1,orange,912,0.000000
FKIT,S+X2_M3_r1,orange,913,0.000000
FKIT,S+X2_M3_r1,orange,914,0.000000
FKIT,S+X2_M3_r1,orange,915,0.000000
FKIT,S+X2_M3_r1,orange,916,0.000000
FKIT,S+X2_M3_r1,orange,917,0.000000
FKIT,S+X2_M3_r1,orange,918,0.000000
FKIT,S+X2_M3_r1,orange,919,0.000000
FKIT,S+X2_M3_r1,orange,920,0.000000
FKIT,S+X2_M3_r1,orange,921,0.000000
FKIT,S+X2_M3_r1,orange,922,0.000000
FKIT,S+X2_M3_r1,orange,923,0.000000
FKIT,S+X2_M3_r1,orange,924,0.000000
FKIT,S+X2_M3_r1,orange,925,0.000000
FKIT,S+X2_M3_r1,orange,926,0.000000
FKIT,S+X2_M3_r1,orange,927,0.000000
FKIT,S+X2_M3_r1,orange,928,0.000000
FKIT,S+X2_M3_r1,orange,929,0.000000
FKIT,S+X2_M3_r1,orange,930,0.000000
FKIT,S+X2_M3_r1,orange,931,0.000000
FKIT,S+X2_M3_r1,orange,932,0.000000
FKIT,S+X2_M3_r1,orange,933,0.000000
FKIT,S+X2_M3_r1,orange,934,0.000000
FKIT,S+X2_M3_r1,orange,935,0.000000
FKIT,S+X2_M3_r1,orange,936,0.000000
FKIT,S+X2_M3_r1,orange,937,0.000000
FKIT,S+X2_M3_r1,orange,938,0.000000
FKIT,S+X2_M3_r1,orange,939,0.000000
FKIT,S+X2_M3_r1,orange,940,0.000000
FKIT,S+X2_M3_r1,orange,941,0.000000
FKIT,S+X2_M3_r1,orange,942,0.000000
FKIT,S+X2_M3_r1,orange,943,0.000000
FKIT,S+X2_M3_r1,orange,944,0.000000
FKIT,S+X2_M3_r1,orange,945,0.000000
FKIT,S+X2_M3_r1,orange,946,0.000000
FKIT,S+X2_M3_r1,orange,947,0.000000
FKIT,S+X2_M3_r1,orange,948,0.000000
FKIT,S+X2_M3_r1,orange,949,0.000000
FKIT,S+X2_M3_r1,orange,950,0.000000
FKIT,S+X2_M3_r1,orange,951,0.000000
FKIT,S+X2_M3_r1,orange,952,0.000000
FKIT,S+X2_M3_r1,orange,953,0.000000
FKIT,S+X2_M3_r1,orange,954,0.000000
FKIT,S+X2_M3_r1,orange,955,0.000000
FKIT,S+X2_M3_r1,orange,956,0.000000
FKIT,S+X2_M3_r1,orange,957,0.000000
FKIT,S+X2_M3_r1,orange,958,0.000000
FKIT,S+X2_M3_r1,orange,959,0.000000
FKIT,S+X2_M3_r1,orange,960,0.000000
FKIT,S+X2_M3_r1,orange,961,0.000000
FKIT,S+X2_M3_r1,orange,962,0.000000
FKIT,S+X2_M3_r1,orange,963,0.000000
FKIT,S+X2_M3_r1,orange,964,0.000000
FKIT,S+X2_M3_r1,orange,965,0.000000
FKIT,S+X2_M3_r1,orange,966,0.000000
FKIT,S+X2_M3_r1,orange,967,0.000000
FKIT,S+X2_M3_r1,orange,968,0.000000
FKIT,S+X2_M3_r1,orange,969,0.000000
FKIT,S+X2_M3_r1,orange,970,0.000000
FKIT,S+X2_M3_r1,orange,971,0.000000
FKIT,S+X2_M3_r1,orange,972,0.000000
FKIT,S+X2_M3_r1,orange,973,0.000000
FKIT,S+X2_M3_r1,orange,974,0.000000
FKIT,S+X2_M3_r1,orange,975,0.000000
FKIT,S+X2_M3_r1,orange,976,0.000000
FKIT,S+X2_M3_r1,orange,977,0.000000
FKIT,S+X2_M3_r1,orange,978,0.000000
FKIT,S+X2_M3_r1,orange,979,0.000000
FKIT,S+X2_M3_r1,orange,980,0.000000
FKIT,S+X2_M3_r1,orange,981,0.000000
FKIT,S+X2_M3_r1,orange,982,0.000000
FKIT,S+X2_M3_r1,orange,983,0.000000
FKIT,S+X2_M3_r1,orange,984,0.000000
FKIT,S+X2_M3_r1,orange,985,0.000000
FKIT,S+X2_M3_r1,orange,986,0.000000
FKIT,S+X2_M3_r1,orange,987,0.000000
FKIT,S+X2_M3_r1,orange,988,0.000000
FKIT,S+X2_M3_r1,orange,989,0.000000
FKIT,S+X2_M3_r1,orange,990,0.000000
FKIT,S+X2_M3_r1,orange,991,0.000000
FKIT,S+X2_M3_r1,orange,992,0.000000
FKIT,S+X2_M3_r1,orange,993,0.000000
FKIT,S+X2_M3_r1,orange,994,0.000000
FKIT,S+X2_M3_r1,orange,995,0.000000
FKIT,S+X2_M3_r1,orange,996,0.000000
FKIT,S+X2_M3_r1,orange,997,0.000000
FKIT,S+X2_M3_r1,orange,998,0.000000
FKIT,S+X2_M3_r1,orange,999,0.000000
FKIT,S+X2_M3_r1,orange,1000,0.000000
FKIT,S+X2_M3_r1,paxoco_mini,0,0.532172
FKIT,S+X2_M3_r1,paxoco_mini,1,0.490940
FKIT,S+X2_M3_r1,paxoco_mini,2,0.496650
FKIT,S+X2_M3_r1,paxoco_mini,3,0.480254
FKIT,S+X2_M3_r1,paxoco_mini,4,0.486085
FKIT,S+X2_M3_r1,paxoco_mini,5,0.493272
FKIT,S+X2_M3_r1,paxoco_mini,6,0.478775
FKIT,S+X2_M3_r1,paxoco_mini,7,0.515892
FKIT,S+X2_M3_r1,paxoco_mini,8,0.533648
FKIT,S+X2_M3_r1,paxoco_mini,9,0.547151
FKIT,S+X2_M3_r1,paxoco_mini,10,0.546777
FKIT,S+X2_M3_r1,paxoco_mini,11,0.463318
FKIT,S+X2_M3_r1,paxoco_mini,12,0.429026
FKIT,S+X2_M3_r1,paxoco_mini,13,0.437178
FKIT,S+X2_M3_r1,paxoco_mini,14,0.407700
FKIT,S+X2_M3_r1,paxoco_mini,15,0.415900
FKIT,S+X2_M3_r1,paxoco_mini,16,0.438952
FKIT,S+X2_M3_r1,paxoco_mini,17,0.458050
FKIT,S+X2_M3_r1,paxoco_mini,18,0.517158
FKIT,S+X2_M3_r1,paxoco_mini,19,0.493754
FKIT,S+X2_M3_r1,paxoco_mini,20,0.538786
FKIT,S+X2_M3_r1,paxoco_mini,21,0.570219
FKIT,S+X2_M3_r1,paxoco_mini,22,0.542157
FKIT,S+X2_M3_r1,paxoco_mini,23,0.511869
FKIT,S+X2_M3_r1,paxoco_mini,24,0.532211
FKIT,S+X2_M3_r1,paxoco_mini,25,0.521220
FKIT,S+X2_M3_r1,paxoco_mini,26,0.503428
FKIT,S+X2_M3_r1,paxoco_mini,27,0.500122
FKIT,S+X2_M3_r1,paxoco_mini,28,0.511194
FKIT,S+X2_M3_r1,paxoco_mini,29,0.495020
FKIT,S+X2_M3_r1,paxoco_mini,30,0.501173
FKIT,S+X2_M3_r1,paxoco_mini,31,0.496046
FKIT,S+X2_M3_r1,paxoco_mini,32,0.567688
FKIT,S+X2_M3_r1,paxoco_mini,33,0.540578
FKIT,S+X2_M3_r1,paxoco_mini,34,0.482521
FKIT,S+X2_M3_r1,paxoco_mini,35,0.496098
FKIT,S+X2_M3_r1,paxoco_mini,36,0.477464
FKIT,S+X2_M3_r1,paxoco_mini,37,0.467022
FKIT,S+X2_M3_r1,paxoco_mini,38,0.418632
FKIT,S+X2_M3_r1,paxoco_mini,39,0.398362
FKIT,S+X2_M3_r1,paxoco_mini,40,0.410272
FKIT,S+X2_M3_r1,paxoco_mini,41,0.439267
FKIT,S+X2_M3_r1,paxoco_mini,42,0.418575
FKIT,S+X2_M3_r1,paxoco_mini,43,0.468788
FKIT,S+X2_M3_r1,paxoco_mini,44,0.454319
FKIT,S+X2_M3_r1,paxoco_mini,45,0.536987
FKIT,S+X2_M3_r1,paxoco_mini,46,0.466841
FKIT,S+X2_M3_r1,paxoco_mini,47,0.483071
FKIT,S+X2_M3_r1,paxoco_mini,48,0.450921
FKIT,S+X2_M3_r1,paxoco_mini,49,0.525941
FKIT,S+X2_M3_r1,paxoco_mini,50,0.495378
FKIT,S+X2_M3_r1,paxoco_mini,51,0.532147
FKIT,S+X2_M3_r1,paxoco_mini,52,0.504827
FKIT,S+X2_M3_r1,paxoco_mini,53,0.473736
FKIT,S+X2_M3_r1,paxoco_mini,54,0.529784
FKIT,S+X2_M3_r1,paxoco_mini,55,0.468914
FKIT,S+X2_M3_r1,paxoco_mini,56,0.504621
FKIT,S+X2_M3_r1,paxoco_mini,57,0.455359
FKIT,S+X2_M3_r1,paxoco_mini,58,0.558992
FKIT,S+X2_M3_r1,paxoco_mini,59,0.495818
FKIT,S+X2_M3_r1,paxoco_mini,60,0.529213
FKIT,S+X2_M3_r1,paxoco_mini,61,0.564702
FKIT,S+X2_M3_r1,paxoco_mini,62,0.548245
FKIT,S+X2_M3_r1,paxoco_mini,63,0.562941
FKIT,S+X2_M3_r1,paxoco_mini,64,0.536541
FKIT,S+X2_M3_r1,paxoco_mini,65,0.522384
FKIT,S+X2_M3_r1,paxoco_mini,66,0.537674
FKIT,S+X2_M3_r1,paxoco_mini,67,0.538990
FKIT,S+X2_M3_r1,paxoco_mini,68,0.535235
FKIT,S+X2_M3_r1,paxoco_mini,69,0.527981
FKIT,S+X2_M3_r1,paxoco_mini,70,0.518883
FKIT,S+X2_M3_r1,paxoco_mini,71,0.535747
FKIT,S+X2_M3_r1,paxoco_mini,72,0.516915
FKIT,S+X2_M3_r1,paxoco_mini,73,0.510121
FKIT,S+X2_M3_r1,paxoco_mini,74,0.511065
FKIT,S+X2_M3_r1,paxoco_mini,75,0.515772
FKIT,S+X2_M3_r1,paxoco_mini,76,0.499119
FKIT,S+X2_M3_r1,paxoco_mini,77,0.501267
FKIT,S+X2_M3_r1,paxoco_mini,78,0.485897
FKIT,S+X2_M3_r1,paxoco_mini,79,0.486834
FKIT,S+X2_M3_r1,paxoco_mini,80,0.479983
FKIT,S+X2_M3_r1,paxoco_mini,81,0.489451
FKIT,S+X2_M3_r1,paxoco_mini,82,0.491747
FKIT,S+X2_M3_r1,paxoco_mini,83,0.500643
FKIT,S+X2_M3_r1,paxoco_mini,84,0.472706
FKIT,S+X2_M3_r1,paxoco_mini,85,0.463430
FKIT,S+X2_M3_r1,paxoco_mini,86,0.464423
FKIT,S+X2_M3_r1,paxoco_mini,87,0.501724
FKIT,S+X2_M3_r1,paxoco_mini,88,0.511027
FKIT,S+X2_M3_r1,paxoco_mini,89,0.474053
FKIT,S+X2_M3_r1,paxoco_mini,90,0.435931
FKIT,S+X2_M3_r1,paxoco_mini,91,0.445340
FKIT,S+X2_M3_r1,paxoco_mini,92,0.437576
FKIT,S+X2_M3_r1,paxoco_mini,93,0.563076
FKIT,S+X2_M3_r1,paxoco_mini,94,0.420988
FKIT,S+X2_M3_r1,paxoco_mini,95,0.818202
FKIT,S+X2_M3_r1,paxoco_mini,96,0.423781
FKIT,S+X2_M3_r1,paxoco_mini,97,0.458205
FKIT,S+X2_M3_r1,paxoco_mini,98,0.416820
FKIT,S+X2_M3_r1,paxoco_mini,99,0.397268
FKIT,S+X2_M3_r1,paxoco_mini,100,0.598752
FKIT,S+X2_M3_r1,paxoco_mini,101,0.443631
FKIT,S+X2_M3_r1,paxoco_mini,102,0.423603
FKIT,S+X2_M3_r1,paxoco_mini,103,0.524850
FKIT,S+X2_M3_r1,paxoco_mini,104,0.519854
FKIT,S+X2_M3_r1,paxoco_mini,105,0.478473
FKIT,S+X2_M3_r1,paxoco_mini,106,0.547790
FKIT,S+X2_M3_r1,paxoco_mini,107,0.687377
FKIT,S+X2_M3_r1,paxoco_mini,108,0.748593
FKIT,S+X2_M3_r1,paxoco_mini,109,0.759626
FKIT,S+X2_M3_r1,paxoco_mini,110,0.698963
FKIT,S+X2_M3_r1,paxoco_mini,111,0.906920
FKIT,S+X2_M3_r1,paxoco_mini,112,0.794322
FKIT,S+X2_M3_r1,paxoco_mini,113,0.815304
FKIT,S+X2_M3_r1,paxoco_mini,114,0.854234
FKIT,S+X2_M3_r1,paxoco_mini,115,0.816778
FKIT,S+X2_M3_r1,paxoco_mini,116,0.841330
FKIT,S+X2_M3_r1,paxoco_mini,117,0.840092
FKIT,S+X2_M3_r1,paxoco_mini,118,0.849259
FKIT,S+X2_M3_r1,paxoco_mini,119,0.880399
FKIT,S+X2_M3_r1,paxoco_mini,120,0.917156
FKIT,S+X2_M3_r1,paxoco_mini,121,0.939509
FKIT,S+X2_M3_r1,paxoco_mini,122,0.897881
FKIT,S+X2_M3_r1,paxoco_mini,123,0.866629
FKIT,S+X2_M3_r1,paxoco_mini,124,0.885746
FKIT,S+X2_M3_r1,paxoco_mini,125,0.884577
FKIT,S+X2_M3_r1,paxoco_mini,126,0.873876
FKIT,S+X2_M3_r1,paxoco_mini,127,0.911319
FKIT,S+X2_M3_r1,paxoco_mini,128,0.906990
FKIT,S+X2_M3_r1,paxoco_mini,129,0.892690
FKIT,S+X2_M3_r1,paxoco_mini,130,0.903362
FKIT,S+X2_M3_r1,paxoco_mini,131,0.907371
FKIT,S+X2_M3_r1,paxoco_mini,132,0.735516
FKIT,S+X2_M3_r1,paxoco_mini,133,0.890721
FKIT,S+X2_M3_r1,paxoco_mini,134,0.903995
FKIT,S+X2_M3_r1,paxoco_mini,135,0.882036
FKIT,S+X2_M3_r1,paxoco_mini,136,0.898973
FKIT,S+X2_M3_r1,paxoco_mini,137,0.895084
FKIT,S+X2_M3_r1,paxoco_mini,138,0.862049
FKIT,S+X2_M3_r1,paxoco_mini,139,0.894844
FKIT,S+X2_M3_r1,paxoco_mini,140,0.880198
FKIT,S+X2_M3_r1,paxoco_mini,141,0.909009
FKIT,S+X2_M3_r1,paxoco_mini,142,0.904358
FKIT,S+X2_M3_r1,paxoco_mini,143,0.904376
FKIT,S+X2_M3_r1,paxoco_mini,144,0.886467
FKIT,S+X2_M3_r1,paxoco_mini,145,0.878374
FKIT,S+X2_M3_r1,paxoco_mini,146,0.909831
FKIT,S+X2_M3_r1,paxoco_mini,147,0.882701
FKIT,S+X2_M3_r1,paxoco_mini,148,0.853544
FKIT,S+X2_M3_r1,paxoco_mini,149,0.886682
FKIT,S+X2_M3_r1,paxoco_mini,150,0.893479
FKIT,S+X2_M3_r1,paxoco_mini,151,0.928243
FKIT,S+X2_M3_r1,paxoco_mini,152,0.934110
FKIT,S+X2_M3_r1,paxoco_mini,153,0.929342
FKIT,S+X2_M3_r1,paxoco_mini,154,0.927982
FKIT,S+X2_M3_r1,paxoco_mini,155,0.933385
FKIT,S+X2_M3_r1,paxoco_mini,156,0.924153
FKIT,S+X2_M3_r1,paxoco_mini,157,0.913141
FKIT,S+X2_M3_r1,paxoco_mini,158,0.919387
FKIT,S+X2_M3_r1,paxoco_mini,159,0.886435
FKIT,S+X2_M3_r1,paxoco_mini,160,0.907329
FKIT,S+X2_M3_r1,paxoco_mini,161,0.914401
FKIT,S+X2_M3_r1,paxoco_mini,162,0.903340
FKIT,S+X2_M3_r1,paxoco_mini,163,0.915890
FKIT,S+X2_M3_r1,paxoco_mini,164,0.922812
FKIT,S+X2_M3_r1,paxoco_mini,165,0.916685
FKIT,S+X2_M3_r1,paxoco_mini,166,0.855305
FKIT,S+X2_M3_r1,paxoco_mini,167,0.826401
FKIT,S+X2_M3_r1,paxoco_mini,168,0.747683
FKIT,S+X2_M3_r1,paxoco_mini,169,0.789019
FKIT,S+X2_M3_r1,paxoco_mini,170,0.762655
FKIT,S+X2_M3_r1,paxoco_mini,171,0.750631
FKIT,S+X2_M3_r1,paxoco_mini,172,0.789024
FKIT,S+X2_M3_r1,paxoco_mini,173,0.753952
FKIT,S+X2_M3_r1,paxoco_mini,174,0.729471
FKIT,S+X2_M3_r1,paxoco_mini,175,0.845927
FKIT,S+X2_M3_r1,paxoco_mini,176,0.777167
FKIT,S+X2_M3_r1,paxoco_mini,177,0.770948
FKIT,S+X2_M3_r1,paxoco_mini,178,0.840980
FKIT,S+X2_M3_r1,paxoco_mini,179,0.838286
FKIT,S+X2_M3_r1,paxoco_mini,180,0.825278
FKIT,S+X2_M3_r1,paxoco_mini,181,0.780118
FKIT,S+X2_M3_r1,paxoco_mini,182,0.824150
FKIT,S+X2_M3_r1,paxoco_mini,183,0.766729
FKIT,S+X2_M3_r1,paxoco_mini,184,0.745459
FKIT,S+X2_M3_r1,paxoco_mini,185,0.774814
FKIT,S+X2_M3_r1,paxoco_mini,186,0.736663
FKIT,S+X2_M3_r1,paxoco_mini,187,0.735907
FKIT,S+X2_M3_r1,paxoco_mini,188,0.769748
FKIT,S+X2_M3_r1,paxoco_mini,189,0.765919
FKIT,S+X2_M3_r1,paxoco_mini,190,0.782735
FKIT,S+X2_M3_r1,paxoco_mini,191,0.757419
FKIT,S+X2_M3_r1,paxoco_mini,192,0.717650
FKIT,S+X2_M3_r1,paxoco_mini,193,0.728905
FKIT,S+X2_M3_r1,paxoco_mini,194,0.734279
FKIT,S+X2_M3_r1,paxoco_mini,195,0.759140
FKIT,S+X2_M3_r1,paxoco_mini,196,0.742745
FKIT,S+X2_M3_r1,paxoco_mini,197,0.566222
FKIT,S+X2_M3_r1,paxoco_mini,198,0.663130
FKIT,S+X2_M3_r1,paxoco_mini,199,0.646967
FKIT,S+X2_M3_r1,paxoco_mini,200,0.651275
FKIT,S+X2_M3_r1,paxoco_mini,201,0.609868
FKIT,S+X2_M3_r1,paxoco_mini,202,0.237298
FKIT,S+X2_M3_r1,paxoco_mini,203,0.247485
FKIT,S+X2_M3_r1,paxoco_mini,204,0.150493
FKIT,S+X2_M3_r1,paxoco_mini,205,0.100669
FKIT,S+X2_M3_r1,paxoco_mini,206,0.110227
FKIT,S+X2_M3_r1,paxoco_mini,207,0.187399
FKIT,S+X2_M3_r1,paxoco_mini,208,0.317460
FKIT,S+X2_M3_r1,paxoco_mini,209,0.200174
FKIT,S+X2_M3_r1,paxoco_mini,210,0.162401
FKIT,S+X2_M3_r1,paxoco_mini,211,0.181342
FKIT,S+X2_M3_r1,paxoco_mini,212,0.427509
FKIT,S+X2_M3_r1,paxoco_mini,213,0.548127
FKIT,S+X2_M3_r1,paxoco_mini,214,0.550679
FKIT,S+X2_M3_r1,paxoco_mini,215,0.552501
FKIT,S+X2_M3_r1,paxoco_mini,216,0.625461
FKIT,S+X2_M3_r1,paxoco_mini,217,0.476550
FKIT,S+X2_M3_r1,paxoco_mini,218,0.294314
FKIT,S+X2_M3_r1,paxoco_mini,219,0.321488
FKIT,S+X2_M3_r1,paxoco_mini,220,0.597695
FKIT,S+X2_M3_r1,paxoco_mini,221,0.680865
FKIT,S+X2_M3_r1,paxoco_mini,222,0.373163
FKIT,S+X2_M3_r1,paxoco_mini,223,0.268255
FKIT,S+X2_M3_r1,paxoco_mini,224,0.236987
FKIT,S+X2_M3_r1,paxoco_mini,225,0.230818
FKIT,S+X2_M3_r1,paxoco_mini,226,0.260161
FKIT,S+X2_M3_r1,paxoco_mini,227,0.289546
FKIT,S+X2_M3_r1,paxoco_mini,228,0.241452
FKIT,S+X2_M3_r1,paxoco_mini,229,0.308104
FKIT,S+X2_M3_r1,paxoco_mini,230,0.319287
FKIT,S+X2_M3_r1,paxoco_mini,231,0.207678
FKIT,S+X2_M3_r1,paxoco_mini,232,0.218604
FKIT,S+X2_M3_r1,paxoco_mini,233,0.205726
FKIT,S+X2_M3_r1,paxoco_mini,234,0.612326
FKIT,S+X2_M3_r1,paxoco_mini,235,0.215518
FKIT,S+X2_M3_r1,paxoco_mini,236,0.393463
FKIT,S+X2_M3_r1,paxoco_mini,237,0.323698
FKIT,S+X2_M3_r1,paxoco_mini,238,0.407113
FKIT,S+X2_M3_r1,paxoco_mini,239,0.597326
FKIT,S+X2_M3_r1,paxoco_mini,240,0.569770
FKIT,S+X2_M3_r1,paxoco_mini,241,0.615468
FKIT,S+X2_M3_r1,paxoco_mini,242,0.467818
FKIT,S+X2_M3_r1,paxoco_mini,243,0.232035
FKIT,S+X2_M3_r1,paxoco_mini,244,0.556011
FKIT,S+X2_M3_r1,paxoco_mini,245,0.467478
FKIT,S+X2_M3_r1,paxoco_mini,246,0.195595
FKIT,S+X2_M3_r1,paxoco_mini,247,0.233765
FKIT,S+X2_M3_r1,paxoco_mini,248,0.524330
FKIT,S+X2_M3_r1,paxoco_mini,249,0.164114
FKIT,S+X2_M3_r1,paxoco_mini,250,0.374654
FKIT,S+X2_M3_r1,paxoco_mini,251,0.528668
FKIT,S+X2_M3_r1,paxoco_mini,252,0.018089
FKIT,S+X2_M3_r1,paxoco_mini,253,0.121811
FKIT,S+X2_M3_r1,paxoco_mini,254,0.254432
FKIT,S+X2_M3_r1,paxoco_mini,255,0.478903
FKIT,S+X2_M3_r1,paxoco_mini,256,0.421103
FKIT,S+X2_M3_r1,paxoco_mini,257,0.102359
FKIT,S+X2_M3_r1,paxoco_mini,258,0.268100
FKIT,S+X2_M3_r1,paxoco_mini,259,0.513869
FKIT,S+X2_M3_r1,paxoco_mini,260,0.493913
FKIT,S+X2_M3_r1,paxoco_mini,261,0.520379
FKIT,S+X2_M3_r1,paxoco_mini,262,0.499360
FKIT,S+X2_M3_r1,paxoco_mini,263,0.430769
FKIT,S+X2_M3_r1,paxoco_mini,264,0.411350
FKIT,S+X2_M3_r1,paxoco_mini,265,0.359557
FKIT,S+X2_M3_r1,paxoco_mini,266,0.374782
FKIT,S+X2_M3_r1,paxoco_mini,267,0.357112
FKIT,S+X2_M3_r1,paxoco_mini,268,0.305835
FKIT,S+X2_M3_r1,paxoco_mini,269,0.409786
FKIT,S+X2_M3_r1,paxoco_mini,270,0.383163
FKIT,S+X2_M3_r1,paxoco_mini,271,0.288567
FKIT,S+X2_M3_r1,paxoco_mini,272,0.435660
FKIT,S+X2_M3_r1,paxoco_mini,273,0.415036
FKIT,S+X2_M3_r1,paxoco_mini,274,0.642150
FKIT,S+X2_M3_r1,paxoco_mini,275,0.385680
FKIT,S+X2_M3_r1,paxoco_mini,276,0.587130
FKIT,S+X2_M3_r1,paxoco_mini,277,0.696684
FKIT,S+X2_M3_r1,paxoco_mini,278,0.724948
FKIT,S+X2_M3_r1,paxoco_mini,279,0.644699
FKIT,S+X2_M3_r1,paxoco_mini,280,0.524057
FKIT,S+X2_M3_r1,paxoco_mini,281,0.712526
FKIT,S+X2_M3_r1,paxoco_mini,282,0.554195
FKIT,S+X2_M3_r1,paxoco_mini,283,0.686839
FKIT,S+X2_M3_r1,paxoco_mini,284,0.752454
FKIT,S+X2_M3_r1,paxoco_mini,285,0.734196
FKIT,S+X2_M3_r1,paxoco_mini,286,0.758484
FKIT,S+X2_M3_r1,paxoco_mini,287,0.533312
FKIT,S+X2_M3_r1,paxoco_mini,288,0.602896
FKIT,S+X2_M3_r1,paxoco_mini,289,0.676591
FKIT,S+X2_M3_r1,paxoco_mini,290,0.578179
FKIT,S+X2_M3_r1,paxoco_mini,291,0.746231
FKIT,S+X2_M3_r1,paxoco_mini,292,0.676323
FKIT,S+X2_M3_r1,paxoco_mini,293,0.750195
FKIT,S+X2_M3_r1,paxoco_mini,294,0.791365
FKIT,S+X2_M3_r1,paxoco_mini,295,0.757040
FKIT,S+X2_M3_r1,paxoco_mini,296,0.781627
FKIT,S+X2_M3_r1,paxoco_mini,297,0.680715
FKIT,S+X2_M3_r1,paxoco_mini,298,0.648279
FKIT,S+X2_M3_r1,paxoco_mini,299,0.726264
FKIT,S+X2_M3_r1,paxoco_mini,300,0.764630
FKIT,S+X2_M3_r1,paxoco_mini,301,0.689463
FKIT,S+X2_M3_r1,paxoco_mini,302,0.750373
FKIT,S+X2_M3_r1,paxoco_mini,303,0.806873
FKIT,S+X2_M3_r1,paxoco_mini,304,0.816232
FKIT,S+X2_M3_r1,paxoco_mini,305,0.833384
FKIT,S+X2_M3_r1,paxoco_mini,306,0.860607
FKIT,S+X2_M3_r1,paxoco_mini,307,0.872803
FKIT,S+X2_M3_r1,paxoco_mini,308,0.887272
FKIT,S+X2_M3_r1,paxoco_mini,309,0.878008
FKIT,S+X2_M3_r1,paxoco_mini,310,0.889571
FKIT,S+X2_M3_r1,paxoco_mini,311,0.889551
FKIT,S+X2_M3_r1,paxoco_mini,312,0.890177
FKIT,S+X2_M3_r1,paxoco_mini,313,0.925308
FKIT,S+X2_M3_r1,paxoco_mini,314,0.924739
FKIT,S+X2_M3_r1,paxoco_mini,315,0.931107
FKIT,S+X2_M3_r1,paxoco_mini,316,0.933397
FKIT,S+X2_M3_r1,paxoco_mini,317,0.924971
FKIT,S+X2_M3_r1,paxoco_mini,318,0.929616
FKIT,S+X2_M3_r1,paxoco_mini,319,0.929316
FKIT,S+X2_M3_r1,paxoco_mini,320,0.936811
FKIT,S+X2_M3_r1,paxoco_mini,321,0.929795
FKIT,S+X2_M3_r1,paxoco_mini,322,0.932370
FKIT,S+X2_M3_r1,paxoco_mini,323,0.953771
FKIT,S+X2_M3_r1,paxoco_mini,324,0.946588
FKIT,S+X2_M3_r1,paxoco_mini,325,0.946381
FKIT,S+X2_M3_r1,paxoco_mini,326,0.936148
FKIT,S+X2_M3_r1,paxoco_mini,327,0.938863
FKIT,S+X2_M3_r1,paxoco_mini,328,0.940506
FKIT,S+X2_M3_r1,paxoco_mini,329,0.940646
FKIT,S+X2_M3_r1,paxoco_mini,330,0.937982
FKIT,S+X2_M3_r1,paxoco_mini,331,0.935985
FKIT,S+X2_M3_r1,paxoco_mini,332,0.932515
FKIT,S+X2_M3_r1,paxoco_mini,333,0.950575
FKIT,S+X2_M3_r1,paxoco_mini,334,0.953403
FKIT,S+X2_M3_r1,paxoco_mini,335,0.953542
FKIT,S+X2_M3_r1,paxoco_mini,336,0.961980
FKIT,S+X2_M3_r1,paxoco_mini,337,0.951826
FKIT,S+X2_M3_r1,paxoco_mini,338,0.957897
FKIT,S+X2_M3_r1,paxoco_mini,339,0.959368
FKIT,S+X2_M3_r1,paxoco_mini,340,0.956876
FKIT,S+X2_M3_r1,paxoco_mini,341,0.952237
FKIT,S+X2_M3_r1,paxoco_mini,342,0.956503
FKIT,S+X2_M3_r1,paxoco_mini,343,0.966730
FKIT,S+X2_M3_r1,paxoco_mini,344,0.958038
FKIT,S+X2_M3_r1,paxoco_mini,345,0.965991
FKIT,S+X2_M3_r1,paxoco_mini,346,0.955123
FKIT,S+X2_M3_r1,paxoco_mini,347,0.957819
FKIT,S+X2_M3_r1,paxoco_mini,348,0.962395
FKIT,S+X2_M3_r1,paxoco_mini,349,0.961984
FKIT,S+X2_M3_r1,paxoco_mini,350,0.949878
FKIT,S+X2_M3_r1,paxoco_mini,351,0.956609
FKIT,S+X2_M3_r1,paxoco_mini,352,0.950359
FKIT,S+X2_M3_r1,paxoco_mini,353,0.959654
FKIT,S+X2_M3_r1,paxoco_mini,354,0.956636
FKIT,S+X2_M3_r1,paxoco_mini,355,0.969571
FKIT,S+X2_M3_r1,paxoco_mini,356,0.966555
FKIT,S+X2_M3_r1,paxoco_mini,357,0.957780
FKIT,S+X2_M3_r1,paxoco_mini,358,0.953579
FKIT,S+X2_M3_r1,paxoco_mini,359,0.944657
FKIT,S+X2_M3_r1,paxoco_mini,360,0.953817
FKIT,S+X2_M3_r1,paxoco_mini,361,0.945240
FKIT,S+X2_M3_r1,paxoco_mini,362,0.949545
FKIT,S+X2_M3_r1,paxoco_mini,363,0.966311
FKIT,S+X2_M3_r1,paxoco_mini,364,0.960203
FKIT,S+X2_M3_r1,paxoco_mini,365,0.961002
FKIT,S+X2_M3_r1,paxoco_mini,366,0.952823
FKIT,S+X2_M3_r1,paxoco_mini,367,0.937713
FKIT,S+X2_M3_r1,paxoco_mini,368,0.941428
FKIT,S+X2_M3_r1,paxoco_mini,369,0.899703
FKIT,S+X2_M3_r1,paxoco_mini,370,0.903726
FKIT,S+X2_M3_r1,paxoco_mini,371,0.906691
FKIT,S+X2_M3_r1,paxoco_mini,372,0.936174
FKIT,S+X2_M3_r1,paxoco_mini,373,0.941758
FKIT,S+X2_M3_r1,paxoco_mini,374,0.953977
FKIT,S+X2_M3_r1,paxoco_mini,375,0.951911
FKIT,S+X2_M3_r1,paxoco_mini,376,0.938343
FKIT,S+X2_M3_r1,paxoco_mini,377,0.950936
FKIT,S+X2_M3_r1,paxoco_mini,378,0.952146
FKIT,S+X2_M3_r1,paxoco_mini,379,0.952419
FKIT,S+X2_M3_r1,paxoco_mini,380,0.947493
FKIT,S+X2_M3_r1,paxoco_mini,381,0.943172
FKIT,S+X2_M3_r1,paxoco_mini,382,0.934436
FKIT,S+X2_M3_r1,paxoco_mini,383,0.952733
FKIT,S+X2_M3_r1,paxoco_mini,384,0.944870
FKIT,S+X2_M3_r1,paxoco_mini,385,0.944910
FKIT,S+X2_M3_r1,paxoco_mini,386,0.924569
FKIT,S+X2_M3_r1,paxoco_mini,387,0.927751
FKIT,S+X2_M3_r1,paxoco_mini,388,0.921987
FKIT,S+X2_M3_r1,paxoco_mini,389,0.940378
FKIT,S+X2_M3_r1,paxoco_mini,390,0.924671
FKIT,S+X2_M3_r1,paxoco_mini,391,0.915284
FKIT,S+X2_M3_r1,paxoco_mini,392,0.933361
FKIT,S+X2_M3_r1,paxoco_mini,393,0.948793
FKIT,S+X2_M3_r1,paxoco_mini,394,0.928974
FKIT,S+X2_M3_r1,paxoco_mini,395,0.916329
FKIT,S+X2_M3_r1,paxoco_mini,396,0.935086
FKIT,S+X2_M3_r1,paxoco_mini,397,0.942711
FKIT,S+X2_M3_r1,paxoco_mini,398,0.912008
FKIT,S+X2_M3_r1,paxoco_mini,399,0.849578
FKIT,S+X2_M3_r1,paxoco_mini,400,0.852903
FKIT,S+X2_M3_r1,paxoco_mini,401,0.924630
FKIT,S+X2_M3_r1,paxoco_mini,402,0.925944
FKIT,S+X2_M3_r1,paxoco_mini,403,0.933636
FKIT,S+X2_M3_r1,paxoco_mini,404,0.932246
FKIT,S+X2_M3_r1,paxoco_mini,405,0.937733
FKIT,S+X2_M3_r1,paxoco_mini,406,0.898274
FKIT,S+X2_M3_r1,paxoco_mini,407,0.905677
FKIT,S+X2_M3_r1,paxoco_mini,408,0.930675
FKIT,S+X2_M3_r1,paxoco_mini,409,0.920302
FKIT,S+X2_M3_r1,paxoco_mini,410,0.932026
FKIT,S+X2_M3_r1,paxoco_mini,411,0.954052
FKIT,S+X2_M3_r1,paxoco_mini,412,0.950792
FKIT,S+X2_M3_r1,paxoco_mini,413,0.952036
FKIT,S+X2_M3_r1,paxoco_mini,414,0.954811
FKIT,S+X2_M3_r1,paxoco_mini,415,0.947368
FKIT,S+X2_M3_r1,paxoco_mini,416,0.955353
FKIT,S+X2_M3_r1,paxoco_mini,417,0.948263
FKIT,S+X2_M3_r1,paxoco_mini,418,0.964064
FKIT,S+X2_M3_r1,paxoco_mini,419,0.955802
FKIT,S+X2_M3_r1,paxoco_mini,420,0.951895
FKIT,S+X2_M3_r1,paxoco_mini,421,0.955050
FKIT,S+X2_M3_r1,paxoco_mini,422,0.956511
FKIT,S+X2_M3_r1,paxoco_mini,423,0.967783
FKIT,S+X2_M3_r1,paxoco_mini,424,0.966778
FKIT,S+X2_M3_r1,paxoco_mini,425,0.961704
FKIT,S+X2_M3_r1,paxoco_mini,426,0.962354
FKIT,S+X2_M3_r1,paxoco_mini,427,0.960981
FKIT,S+X2_M3_r1,paxoco_mini,428,0.959472
FKIT,S+X2_M3_r1,paxoco_mini,429,0.962662
FKIT,S+X2_M3_r1,paxoco_mini,430,0.963415
FKIT,S+X2_M3_r1,paxoco_mini,431,0.961192
FKIT,S+X2_M3_r1,paxoco_mini,432,0.957356
FKIT,S+X2_M3_r1,paxoco_mini,433,0.962638
FKIT,S+X2_M3_r1,paxoco_mini,434,0.968489
FKIT,S+X2_M3_r1,paxoco_mini,435,0.963869
FKIT,S+X2_M3_r1,paxoco_mini,436,0.955085
FKIT,S+X2_M3_r1,paxoco_mini,437,0.964360
FKIT,S+X2_M3_r1,paxoco_mini,438,0.967536
FKIT,S+X2_M3_r1,paxoco_mini,439,0.962703
FKIT,S+X2_M3_r1,paxoco_mini,440,0.964816
FKIT,S+X2_M3_r1,paxoco_mini,441,0.961970
FKIT,S+X2_M3_r1,paxoco_mini,442,0.970360
FKIT,S+X2_M3_r1,paxoco_mini,443,0.972736
FKIT,S+X2_M3_r1,paxoco_mini,444,0.971473
FKIT,S+X2_M3_r1,paxoco_mini,445,0.972048
FKIT,S+X2_M3_r1,paxoco_mini,446,0.975077
FKIT,S+X2_M3_r1,paxoco_mini,447,0.975491
FKIT,S+X2_M3_r1,paxoco_mini,448,0.973422
FKIT,S+X2_M3_r1,paxoco_mini,449,0.970731
FKIT,S+X2_M3_r1,paxoco_mini,450,0.973870
FKIT,S+X2_M3_r1,paxoco_mini,451,0.975343
FKIT,S+X2_M3_r1,paxoco_mini,452,0.974623
FKIT,S+X2_M3_r1,paxoco_mini,453,0.978435
FKIT,S+X2_M3_r1,paxoco_mini,454,0.979643
FKIT,S+X2_M3_r1,paxoco_mini,455,0.979725
FKIT,S+X2_M3_r1,paxoco_mini,456,0.976931
FKIT,S+X2_M3_r1,paxoco_mini,457,0.981081
FKIT,S+X2_M3_r1,paxoco_mini,458,0.980250
FKIT,S+X2_M3_r1,paxoco_mini,459,0.979332
FKIT,S+X2_M3_r1,paxoco_mini,460,0.979085
FKIT,S+X2_M3_r1,paxoco_mini,461,0.982698
FKIT,S+X2_M3_r1,paxoco_mini,462,0.982158
FKIT,S+X2_M3_r1,paxoco_mini,463,0.976950
FKIT,S+X2_M3_r1,paxoco_mini,464,0.978397
FKIT,S+X2_M3_r1,paxoco_mini,465,0.981195
FKIT,S+X2_M3_r1,paxoco_mini,466,0.981829
FKIT,S+X2_M3_r1,paxoco_mini,467,0.983565
FKIT,S+X2_M3_r1,paxoco_mini,468,0.980306
FKIT,S+X2_M3_r1,paxoco_mini,469,0.980520
FKIT,S+X2_M3_r1,paxoco_mini,470,0.977156
FKIT,S+X2_M3_r1,paxoco_mini,471,0.981718
FKIT,S+X2_M3_r1,paxoco_mini,472,0.982820
FKIT,S+X2_M3_r1,paxoco_mini,473,0.978692
FKIT,S+X2_M3_r1,paxoco_mini,474,0.980195
FKIT,S+X2_M3_r1,paxoco_mini,475,0.974197
FKIT,S+X2_M3_r1,paxoco_mini,476,0.977034
FKIT,S+X2_M3_r1,paxoco_mini,477,0.976190
FKIT,S+X2_M3_r1,paxoco_mini,478,0.973557
FKIT,S+X2_M3_r1,paxoco_mini,479,0.974186
FKIT,S+X2_M3_r1,paxoco_mini,480,0.978801
FKIT,S+X2_M3_r1,paxoco_mini,481,0.973855
FKIT,S+X2_M3_r1,paxoco_mini,482,0.980190
FKIT,S+X2_M3_r1,paxoco_mini,483,0.973102
FKIT,S+X2_M3_r1,paxoco_mini,484,0.980903
FKIT,S+X2_M3_r1,paxoco_mini,485,0.978374
FKIT,S+X2_M3_r1,paxoco_mini,486,0.979911
FKIT,S+X2_M3_r1,paxoco_mini,487,0.981879
FKIT,S+X2_M3_r1,paxoco_mini,488,0.984038
FKIT,S+X2_M3_r1,paxoco_mini,489,0.980386
FKIT,S+X2_M3_r1,paxoco_mini,490,0.982438
FKIT,S+X2_M3_r1,paxoco_mini,491,0.983095
FKIT,S+X2_M3_r1,paxoco_mini,492,0.983260
FKIT,S+X2_M3_r1,paxoco_mini,493,0.983603
FKIT,S+X2_M3_r1,paxoco_mini,494,0.984437
FKIT,S+X2_M3_r1,paxoco_mini,495,0.988821
FKIT,S+X2_M3_r1,paxoco_mini,496,0.988410
FKIT,S+X2_M3_r1,paxoco_mini,497,0.988304
FKIT,S+X2_M3_r1,paxoco_mini,498,0.982285
FKIT,S+X2_M3_r1,paxoco_mini,499,0.983051
FKIT,S+X2_M3_r1,paxoco_mini,500,0.982141
FKIT,S+X2_M3_r1,paxoco_mini,501,0.985218
FKIT,S+X2_M3_r1,paxoco_mini,502,0.983516
FKIT,S+X2_M3_r1,paxoco_mini,503,0.977083
FKIT,S+X2_M3_r1,paxoco_mini,504,0.986992
FKIT,S+X2_M3_r1,paxoco_mini,505,0.987651
FKIT,S+X2_M3_r1,paxoco_mini,506,0.981810
FKIT,S+X2_M3_r1,paxoco_mini,507,0.985173
FKIT,S+X2_M3_r1,paxoco_mini,508,0.981603
FKIT,S+X2_M3_r1,paxoco_mini,509,0.985493
FKIT,S+X2_M3_r1,paxoco_mini,510,0.986401
FKIT,S+X2_M3_r1,paxoco_mini,511,0.981978
FKIT,S+X2_M3_r1,paxoco_mini,512,0.978519
FKIT,S+X2_M3_r1,paxoco_mini,513,0.978826
FKIT,S+X2_M3_r1,paxoco_mini,514,0.979781
FKIT,S+X2_M3_r1,paxoco_mini,515,0.977346
FKIT,S+X2_M3_r1,paxoco_mini,516,0.977331
FKIT,S+X2_M3_r1,paxoco_mini,517,0.977035
FKIT,S+X2_M3_r1,paxoco_mini,518,0.972433
FKIT,S+X2_M3_r1,paxoco_mini,519,0.972757
FKIT,S+X2_M3_r1,paxoco_mini,520,0.972933
FKIT,S+X2_M3_r1,paxoco_mini,521,0.977990
FKIT,S+X2_M3_r1,paxoco_mini,522,0.969019
FKIT,S+X2_M3_r1,paxoco_mini,523,0.978763
FKIT,S+X2_M3_r1,paxoco_mini,524,0.974707
FKIT,S+X2_M3_r1,paxoco_mini,525,0.973506
FKIT,S+X2_M3_r1,paxoco_mini,526,0.974682
FKIT,S+X2_M3_r1,paxoco_mini,527,0.972466
FKIT,S+X2_M3_r1,paxoco_mini,528,0.971318
FKIT,S+X2_M3_r1,paxoco_mini,529,0.976660
FKIT,S+X2_M3_r1,paxoco_mini,530,0.969568
FKIT,S+X2_M3_r1,paxoco_mini,531,0.970957
FKIT,S+X2_M3_r1,paxoco_mini,532,0.972108
FKIT,S+X2_M3_r1,paxoco_mini,533,0.978270
FKIT,S+X2_M3_r1,paxoco_mini,534,0.974321
FKIT,S+X2_M3_r1,paxoco_mini,535,0.969254
FKIT,S+X2_M3_r1,paxoco_mini,536,0.969298
FKIT,S+X2_M3_r1,paxoco_mini,537,0.965243
FKIT,S+X2_M3_r1,paxoco_mini,538,0.952946
FKIT,S+X2_M3_r1,paxoco_mini,539,0.962237
FKIT,S+X2_M3_r1,paxoco_mini,540,0.961906
FKIT,S+X2_M3_r1,paxoco_mini,541,0.959477
FKIT,S+X2_M3_r1,paxoco_mini,542,0.952629
FKIT,S+X2_M3_r1,paxoco_mini,543,0.955901
FKIT,S+X2_M3_r1,paxoco_mini,544,0.958479
FKIT,S+X2_M3_r1,paxoco_mini,545,0.961390
FKIT,S+X2_M3_r1,paxoco_mini,546,0.963585
FKIT,S+X2_M3_r1,paxoco_mini,547,0.965545
FKIT,S+X2_M3_r1,paxoco_mini,548,0.947478
FKIT,S+X2_M3_r1,paxoco_mini,549,0.835406
FKIT,S+X2_M3_r1,paxoco_mini,550,0.970837
FKIT,S+X2_M3_r1,paxoco_mini,551,0.962347
FKIT,S+X2_M3_r1,paxoco_mini,552,0.954484
FKIT,S+X2_M3_r1,paxoco_mini,553,0.952851
FKIT,S+X2_M3_r1,paxoco_mini,554,0.961059
FKIT,S+X2_M3_r1,paxoco_mini,555,0.948758
FKIT,S+X2_M3_r1,paxoco_mini,556,0.957408
FKIT,S+X2_M3_r1,paxoco_mini,557,0.960135
FKIT,S+X2_M3_r1,paxoco_mini,558,0.956043
FKIT,S+X2_M3_r1,paxoco_mini,559,0.956421
FKIT,S+X2_M3_r1,paxoco_mini,560,0.966954
FKIT,S+X2_M3_r1,paxoco_mini,561,0.959881
FKIT,S+X2_M3_r1,paxoco_mini,562,0.956353
FKIT,S+X2_M3_r1,paxoco_mini,563,0.963703
FKIT,S+X2_M3_r1,paxoco_mini,564,0.958791
FKIT,S+X2_M3_r1,paxoco_mini,565,0.963471
FKIT,S+X2_M3_r1,paxoco_mini,566,0.964434
FKIT,S+X2_M3_r1,paxoco_mini,567,0.959404
FKIT,S+X2_M3_r1,paxoco_mini,568,0.957168
FKIT,S+X2_M3_r1,paxoco_mini,569,0.957279
FKIT,S+X2_M3_r1,paxoco_mini,570,0.955852
FKIT,S+X2_M3_r1,paxoco_mini,571,0.952311
FKIT,S+X2_M3_r1,paxoco_mini,572,0.955311
FKIT,S+X2_M3_r1,paxoco_mini,573,0.962915
FKIT,S+X2_M3_r1,paxoco_mini,574,0.958353
FKIT,S+X2_M3_r1,paxoco_mini,575,0.953114
FKIT,S+X2_M3_r1,paxoco_mini,576,0.957898
FKIT,S+X2_M3_r1,paxoco_mini,577,0.955687
FKIT,S+X2_M3_r1,paxoco_mini,578,0.951344
FKIT,S+X2_M3_r1,paxoco_mini,579,0.953402
FKIT,S+X2_M3_r1,paxoco_mini,580,0.958811
FKIT,S+X2_M3_r1,paxoco_mini,581,0.959311
FKIT,S+X2_M3_r1,paxoco_mini,582,0.966216
FKIT,S+X2_M3_r1,paxoco_mini,583,0.967948
FKIT,S+X2_M3_r1,paxoco_mini,584,0.963029
FKIT,S+X2_M3_r1,paxoco_mini,585,0.964183
FKIT,S+X2_M3_r1,paxoco_mini,586,0.964668
FKIT,S+X2_M3_r1,paxoco_mini,587,0.965325
FKIT,S+X2_M3_r1,paxoco_mini,588,0.964951
FKIT,S+X2_M3_r1,paxoco_mini,589,0.966111
FKIT,S+X2_M3_r1,paxoco_mini,590,0.971510
FKIT,S+X2_M3_r1,paxoco_mini,591,0.973310
FKIT,S+X2_M3_r1,paxoco_mini,592,0.971503
FKIT,S+X2_M3_r1,paxoco_mini,593,0.974480
FKIT,S+X2_M3_r1,paxoco_mini,594,0.969840
FKIT,S+X2_M3_r1,paxoco_mini,595,0.973665
FKIT,S+X2_M3_r1,paxoco_mini,596,0.974366
FKIT,S+X2_M3_r1,paxoco_mini,597,0.974592
FKIT,S+X2_M3_r1,paxoco_mini,598,0.980482
FKIT,S+X2_M3_r1,paxoco_mini,599,0.981163
FKIT,S+X2_M3_r1,paxoco_mini,600,0.985276
FKIT,S+X2_M3_r1,paxoco_mini,601,0.983352
FKIT,S+X2_M3_r1,paxoco_mini,602,0.982366
FKIT,S+X2_M3_r1,paxoco_mini,603,0.980299
FKIT,S+X2_M3_r1,paxoco_mini,604,0.979027
FKIT,S+X2_M3_r1,paxoco_mini,605,0.980757
FKIT,S+X2_M3_r1,paxoco_mini,606,0.979459
FKIT,S+X2_M3_r1,paxoco_mini,607,0.982877
FKIT,S+X2_M3_r1,paxoco_mini,608,0.977010
FKIT,S+X2_M3_r1,paxoco_mini,609,0.979758
FKIT,S+X2_M3_r1,paxoco_mini,610,0.984741
FKIT,S+X2_M3_r1,paxoco_mini,611,0.981234
FKIT,S+X2_M3_r1,paxoco_mini,612,0.982768
FKIT,S+X2_M3_r1,paxoco_mini,613,0.985928
FKIT,S+X2_M3_r1,paxoco_mini,614,0.980407
FKIT,S+X2_M3_r1,paxoco_mini,615,0.984885
FKIT,S+X2_M3_r1,paxoco_mini,616,0.982790
FKIT,S+X2_M3_r1,paxoco_mini,617,0.984621
FKIT,S+X2_M3_r1,paxoco_mini,618,0.982156
FKIT,S+X2_M3_r1,paxoco_mini,619,0.978393
FKIT,S+X2_M3_r1,paxoco_mini,620,0.983653
FKIT,S+X2_M3_r1,paxoco_mini,621,0.980177
FKIT,S+X2_M3_r1,paxoco_mini,622,0.982982
FKIT,S+X2_M3_r1,paxoco_mini,623,0.983964
FKIT,S+X2_M3_r1,paxoco_mini,624,0.982765
FKIT,S+X2_M3_r1,paxoco_mini,625,0.983015
FKIT,S+X2_M3_r1,paxoco_mini,626,0.977412
FKIT,S+X2_M3_r1,paxoco_mini,627,0.980705
FKIT,S+X2_M3_r1,paxoco_mini,628,0.984192
FKIT,S+X2_M3_r1,paxoco_mini,629,0.985016
FKIT,S+X2_M3_r1,paxoco_mini,630,0.991747
FKIT,S+X2_M3_r1,paxoco_mini,631,0.987349
FKIT,S+X2_M3_r1,paxoco_mini,632,0.984355
FKIT,S+X2_M3_r1,paxoco_mini,633,0.981290
FKIT,S+X2_M3_r1,paxoco_mini,634,0.980722
FKIT,S+X2_M3_r1,paxoco_mini,635,0.984343
FKIT,S+X2_M3_r1,paxoco_mini,636,0.984951
FKIT,S+X2_M3_r1,paxoco_mini,637,0.984148
FKIT,S+X2_M3_r1,paxoco_mini,638,0.984211
FKIT,S+X2_M3_r1,paxoco_mini,639,0.983680
FKIT,S+X2_M3_r1,paxoco_mini,640,0.988622
FKIT,S+X2_M3_r1,paxoco_mini,641,0.988324
FKIT,S+X2_M3_r1,paxoco_mini,642,0.986880
FKIT,S+X2_M3_r1,paxoco_mini,643,0.989327
FKIT,S+X2_M3_r1,paxoco_mini,644,0.989745
FKIT,S+X2_M3_r1,paxoco_mini,645,0.985976
FKIT,S+X2_M3_r1,paxoco_mini,646,0.989269
FKIT,S+X2_M3_r1,paxoco_mini,647,0.988191
FKIT,S+X2_M3_r1,paxoco_mini,648,0.990269
FKIT,S+X2_M3_r1,paxoco_mini,649,0.989282
FKIT,S+X2_M3_r1,paxoco_mini,650,0.993303
FKIT,S+X2_M3_r1,paxoco_mini,651,0.990935
FKIT,S+X2_M3_r1,paxoco_mini,652,0.991195
FKIT,S+X2_M3_r1,paxoco_mini,653,0.990945
FKIT,S+X2_M3_r1,paxoco_mini,654,0.987559
FKIT,S+X2_M3_r1,paxoco_mini,655,0.989241
FKIT,S+X2_M3_r1,paxoco_mini,656,0.990111
FKIT,S+X2_M3_r1,paxoco_mini,657,0.990475
FKIT,S+X2_M3_r1,paxoco_mini,658,0.987450
FKIT,S+X2_M3_r1,paxoco_mini,659,0.990101
FKIT,S+X2_M3_r1,paxoco_mini,660,0.989171
FKIT,S+X2_M3_r1,paxoco_mini,661,0.991137
FKIT,S+X2_M3_r1,paxoco_mini,662,0.989403
FKIT,S+X2_M3_r1,paxoco_mini,663,0.989271
FKIT,S+X2_M3_r1,paxoco_mini,664,0.988696
FKIT,S+X2_M3_r1,paxoco_mini,665,0.993656
FKIT,S+X2_M3_r1,paxoco_mini,666,0.990348
FKIT,S+X2_M3_r1,paxoco_mini,667,0.990707
FKIT,S+X2_M3_r1,paxoco_mini,668,0.991479
FKIT,S+X2_M3_r1,paxoco_mini,669,0.992301
FKIT,S+X2_M3_r1,paxoco_mini,670,0.993418
FKIT,S+X2_M3_r1,paxoco_mini,671,0.990486
FKIT,S+X2_M3_r1,paxoco_mini,672,0.992363
FKIT,S+X2_M3_r1,paxoco_mini,673,0.986948
FKIT,S+X2_M3_r1,paxoco_mini,674,0.985926
FKIT,S+X2_M3_r1,paxoco_mini,675,0.985761
FKIT,S+X2_M3_r1,paxoco_mini,676,0.982506
FKIT,S+X2_M3_r1,paxoco_mini,677,0.985258
FKIT,S+X2_M3_r1,paxoco_mini,678,0.979720
FKIT,S+X2_M3_r1,paxoco_mini,679,0.985172
FKIT,S+X2_M3_r1,paxoco_mini,680,0.988796
FKIT,S+X2_M3_r1,paxoco_mini,681,0.983158
FKIT,S+X2_M3_r1,paxoco_mini,682,0.981158
FKIT,S+X2_M3_r1,paxoco_mini,683,0.986139
FKIT,S+X2_M3_r1,paxoco_mini,684,0.982324
FKIT,S+X2_M3_r1,paxoco_mini,685,0.983464
FKIT,S+X2_M3_r1,paxoco_mini,686,0.980242
FKIT,S+X2_M3_r1,paxoco_mini,687,0.982021
FKIT,S+X2_M3_r1,paxoco_mini,688,0.979988
FKIT,S+X2_M3_r1,paxoco_mini,689,0.978046
FKIT,S+X2_M3_r1,paxoco_mini,690,0.984846
FKIT,S+X2_M3_r1,paxoco_mini,691,0.981304
FKIT,S+X2_M3_r1,paxoco_mini,692,0.979050
FKIT,S+X2_M3_r1,paxoco_mini,693,0.978127
FKIT,S+X2_M3_r1,paxoco_mini,694,0.981077
FKIT,S+X2_M3_r1,paxoco_mini,695,0.975764
FKIT,S+X2_M3_r1,paxoco_mini,696,0.975975
FKIT,S+X2_M3_r1,paxoco_mini,697,0.969336
FKIT,S+X2_M3_r1,paxoco_mini,698,0.977660
FKIT,S+X2_M3_r1,paxoco_mini,699,0.968642
FKIT,S+X2_M3_r1,paxoco_mini,700,0.972798
FKIT,S+X2_M3_r1,paxoco_mini,701,0.969149
FKIT,S+X2_M3_r1,paxoco_mini,702,0.972663
FKIT,S+X2_M3_r1,paxoco_mini,703,0.970062
FKIT,S+X2_M3_r1,paxoco_mini,704,0.966553
FKIT,S+X2_M3_r1,paxoco_mini,705,0.962570
FKIT,S+X2_M3_r1,paxoco_mini,706,0.958666
FKIT,S+X2_M3_r1,paxoco_mini,707,0.963532
FKIT,S+X2_M3_r1,paxoco_mini,708,0.960219
FKIT,S+X2_M3_r1,paxoco_mini,709,0.961687
FKIT,S+X2_M3_r1,paxoco_mini,710,0.975455
FKIT,S+X2_M3_r1,paxoco_mini,711,0.970019
FKIT,S+X2_M3_r1,paxoco_mini,712,0.972027
FKIT,S+X2_M3_r1,paxoco_mini,713,0.974361
FKIT,S+X2_M3_r1,paxoco_mini,714,0.973502
FKIT,S+X2_M3_r1,paxoco_mini,715,0.969787
FKIT,S+X2_M3_r1,paxoco_mini,716,0.974636
FKIT,S+X2_M3_r1,paxoco_mini,717,0.973562
FKIT,S+X2_M3_r1,paxoco_mini,718,0.975713
FKIT,S+X2_M3_r1,paxoco_mini,719,0.977644
FKIT,S+X2_M3_r1,paxoco_mini,720,0.982461
FKIT,S+X2_M3_r1,paxoco_mini,721,0.980947
FKIT,S+X2_M3_r1,paxoco_mini,722,0.977602
FKIT,S+X2_M3_r1,paxoco_mini,723,0.980321
FKIT,S+X2_M3_r1,paxoco_mini,724,0.974783
FKIT,S+X2_M3_r1,paxoco_mini,725,0.973374
FKIT,S+X2_M3_r1,paxoco_mini,726,0.974697
FKIT,S+X2_M3_r1,paxoco_mini,727,0.973101
FKIT,S+X2_M3_r1,paxoco_mini,728,0.968278
FKIT,S+X2_M3_r1,paxoco_mini,729,0.970116
FKIT,S+X2_M3_r1,paxoco_mini,730,0.977415
FKIT,S+X2_M3_r1,paxoco_mini,731,0.976900
FKIT,S+X2_M3_r1,paxoco_mini,732,0.976495
FKIT,S+X2_M3_r1,paxoco_mini,733,0.977160
FKIT,S+X2_M3_r1,paxoco_mini,734,0.973725
FKIT,S+X2_M3_r1,paxoco_mini,735,0.973099
FKIT,S+X2_M3_r1,paxoco_mini,736,0.971958
FKIT,S+X2_M3_r1,paxoco_mini,737,0.971922
FKIT,S+X2_M3_r1,paxoco_mini,738,0.972095
FKIT,S+X2_M3_r1,paxoco_mini,739,0.965116
FKIT,S+X2_M3_r1,paxoco_mini,740,0.977745
FKIT,S+X2_M3_r1,paxoco_mini,741,0.976961
FKIT,S+X2_M3_r1,paxoco_mini,742,0.975731
FKIT,S+X2_M3_r1,paxoco_mini,743,0.977859
FKIT,S+X2_M3_r1,paxoco_mini,744,0.975404
FKIT,S+X2_M3_r1,paxoco_mini,745,0.975633
FKIT,S+X2_M3_r1,paxoco_mini,746,0.976402
FKIT,S+X2_M3_r1,paxoco_mini,747,0.981798
FKIT,S+X2_M3_r1,paxoco_mini,748,0.975177
FKIT,S+X2_M3_r1,paxoco_mini,749,0.979018
FKIT,S+X2_M3_r1,paxoco_mini,750,0.986947
FKIT,S+X2_M3_r1,paxoco_mini,751,0.980624
FKIT,S+X2_M3_r1,paxoco_mini,752,0.982879
FKIT,S+X2_M3_r1,paxoco_mini,753,0.980568
FKIT,S+X2_M3_r1,paxoco_mini,754,0.979870
FKIT,S+X2_M3_r1,paxoco_mini,755,0.980805
FKIT,S+X2_M3_r1,paxoco_mini,756,0.980848
FKIT,S+X2_M3_r1,paxoco_mini,757,0.980363
FKIT,S+X2_M3_r1,paxoco_mini,758,0.983926
FKIT,S+X2_M3_r1,paxoco_mini,759,0.983322
FKIT,S+X2_M3_r1,paxoco_mini,760,0.989760
FKIT,S+X2_M3_r1,paxoco_mini,761,0.988855
FKIT,S+X2_M3_r1,paxoco_mini,762,0.989601
FKIT,S+X2_M3_r1,paxoco_mini,763,0.988285
FKIT,S+X2_M3_r1,paxoco_mini,764,0.988229
FKIT,S+X2_M3_r1,paxoco_mini,765,0.990539
FKIT,S+X2_M3_r1,paxoco_mini,766,0.987920
FKIT,S+X2_M3_r1,paxoco_mini,767,0.988109
FKIT,S+X2_M3_r1,paxoco_mini,768,0.988023
FKIT,S+X2_M3_r1,paxoco_mini,769,0.988107
FKIT,S+X2_M3_r1,paxoco_mini,770,0.989012
FKIT,S+X2_M3_r1,paxoco_mini,771,0.989213
FKIT,S+X2_M3_r1,paxoco_mini,772,0.990481
FKIT,S+X2_M3_r1,paxoco_mini,773,0.987015
FKIT,S+X2_M3_r1,paxoco_mini,774,0.983130
FKIT,S+X2_M3_r1,paxoco_mini,775,0.985499
FKIT,S+X2_M3_r1,paxoco_mini,776,0.984115
FKIT,S+X2_M3_r1,paxoco_mini,777,0.979573
FKIT,S+X2_M3_r1,paxoco_mini,778,0.978259
FKIT,S+X2_M3_r1,paxoco_mini,779,0.978444
FKIT,S+X2_M3_r1,paxoco_mini,780,0.985019
FKIT,S+X2_M3_r1,paxoco_mini,781,0.981820
FKIT,S+X2_M3_r1,paxoco_mini,782,0.986585
FKIT,S+X2_M3_r1,paxoco_mini,783,0.984052
FKIT,S+X2_M3_r1,paxoco_mini,784,0.985660
FKIT,S+X2_M3_r1,paxoco_mini,785,0.986440
FKIT,S+X2_M3_r1,paxoco_mini,786,0.982398
FKIT,S+X2_M3_r1,paxoco_mini,787,0.983546
FKIT,S+X2_M3_r1,paxoco_mini,788,0.982670
FKIT,S+X2_M3_r1,paxoco_mini,789,0.984138
FKIT,S+X2_M3_r1,paxoco_mini,790,0.987001
FKIT,S+X2_M3_r1,paxoco_mini,791,0.983975
FKIT,S+X2_M3_r1,paxoco_mini,792,0.984308
FKIT,S+X2_M3_r1,paxoco_mini,793,0.983953
FKIT,S+X2_M3_r1,paxoco_mini,794,0.986018
FKIT,S+X2_M3_r1,paxoco_mini,795,0.985233
FKIT,S+X2_M3_r1,paxoco_mini,796,0.985459
FKIT,S+X2_M3_r1,paxoco_mini,797,0.987003
FKIT,S+X2_M3_r1,paxoco_mini,798,0.983559
FKIT,S+X2_M3_r1,paxoco_mini,799,0.987733
FKIT,S+X2_M3_r1,paxoco_mini,800,0.990447
FKIT,S+X2_M3_r1,paxoco_mini,801,0.989432
FKIT,S+X2_M3_r1,paxoco_mini,802,0.990045
FKIT,S+X2_M3_r1,paxoco_mini,803,0.989670
FKIT,S+X2_M3_r1,paxoco_mini,804,0.988395
FKIT,S+X2_M3_r1,paxoco_mini,805,0.989328
FKIT,S+X2_M3_r1,paxoco_mini,806,0.989115
FKIT,S+X2_M3_r1,paxoco_mini,807,0.989841
FKIT,S+X2_M3_r1,paxoco_mini,808,0.989684
FKIT,S+X2_M3_r1,paxoco_mini,809,0.990400
FKIT,S+X2_M3_r1,paxoco_mini,810,0.993566
FKIT,S+X2_M3_r1,paxoco_mini,811,0.991908
FKIT,S+X2_M3_r1,paxoco_mini,812,0.993683
FKIT,S+X2_M3_r1,paxoco_mini,813,0.991668
FKIT,S+X2_M3_r1,paxoco_mini,814,0.990139
FKIT,S+X2_M3_r1,paxoco_mini,815,0.993204
FKIT,S+X2_M3_r1,paxoco_mini,816,0.992216
FKIT,S+X2_M3_r1,paxoco_mini,817,0.991222
FKIT,S+X2_M3_r1,paxoco_mini,818,0.991466
FKIT,S+X2_M3_r1,paxoco_mini,819,0.989173
FKIT,S+X2_M3_r1,paxoco_mini,820,0.992169
FKIT,S+X2_M3_r1,paxoco_mini,821,0.991366
FKIT,S+X2_M3_r1,paxoco_mini,822,0.987740
FKIT,S+X2_M3_r1,paxoco_mini,823,0.990077
FKIT,S+X2_M3_r1,paxoco_mini,824,0.987778
FKIT,S+X2_M3_r1,paxoco_mini,825,0.988612
FKIT,S+X2_M3_r1,paxoco_mini,826,0.989428
FKIT,S+X2_M3_r1,paxoco_mini,827,0.970179
FKIT,S+X2_M3_r1,paxoco_mini,828,0.988765
FKIT,S+X2_M3_r1,paxoco_mini,829,0.989055
FKIT,S+X2_M3_r1,paxoco_mini,830,0.992397
FKIT,S+X2_M3_r1,paxoco_mini,831,0.989781
FKIT,S+X2_M3_r1,paxoco_mini,832,0.988969
FKIT,S+X2_M3_r1,paxoco_mini,833,0.988721
FKIT,S+X2_M3_r1,paxoco_mini,834,0.988176
FKIT,S+X2_M3_r1,paxoco_mini,835,0.986651
FKIT,S+X2_M3_r1,paxoco_mini,836,0.986466
FKIT,S+X2_M3_r1,paxoco_mini,837,0.983477
FKIT,S+X2_M3_r1,paxoco_mini,838,0.987974
FKIT,S+X2_M3_r1,paxoco_mini,839,0.985981
FKIT,S+X2_M3_r1,paxoco_mini,840,0.988120
FKIT,S+X2_M3_r1,paxoco_mini,841,0.986646
FKIT,S+X2_M3_r1,paxoco_mini,842,0.987198
FKIT,S+X2_M3_r1,paxoco_mini,843,0.986654
FKIT,S+X2_M3_r1,paxoco_mini,844,0.981320
FKIT,S+X2_M3_r1,paxoco_mini,845,0.979643
FKIT,S+X2_M3_r1,paxoco_mini,846,0.977721
FKIT,S+X2_M3_r1,paxoco_mini,847,0.975016
FKIT,S+X2_M3_r1,paxoco_mini,848,0.973793
FKIT,S+X2_M3_r1,paxoco_mini,849,0.970961
FKIT,S+X2_M3_r1,paxoco_mini,850,0.982771
FKIT,S+X2_M3_r1,paxoco_mini,851,0.979476
FKIT,S+X2_M3_r1,paxoco_mini,852,0.978222
FKIT,S+X2_M3_r1,paxoco_mini,853,0.976979
FKIT,S+X2_M3_r1,paxoco_mini,854,0.972827
FKIT,S+X2_M3_r1,paxoco_mini,855,0.972698
FKIT,S+X2_M3_r1,paxoco_mini,856,0.973269
FKIT,S+X2_M3_r1,paxoco_mini,857,0.966876
FKIT,S+X2_M3_r1,paxoco_mini,858,0.970027
FKIT,S+X2_M3_r1,paxoco_mini,859,0.968680
FKIT,S+X2_M3_r1,paxoco_mini,860,0.975281
FKIT,S+X2_M3_r1,paxoco_mini,861,0.973818
FKIT,S+X2_M3_r1,paxoco_mini,862,0.972666
FKIT,S+X2_M3_r1,paxoco_mini,863,0.965860
FKIT,S+X2_M3_r1,paxoco_mini,864,0.968743
FKIT,S+X2_M3_r1,paxoco_mini,865,0.968455
FKIT,S+X2_M3_r1,paxoco_mini,866,0.965900
FKIT,S+X2_M3_r1,paxoco_mini,867,0.963606
FKIT,S+X2_M3_r1,paxoco_mini,868,0.961511
FKIT,S+X2_M3_r1,paxoco_mini,869,0.955051
FKIT,S+X2_M3_r1,paxoco_mini,870,0.969353
FKIT,S+X2_M3_r1,paxoco_mini,871,0.966847
FKIT,S+X2_M3_r1,paxoco_mini,872,0.965333
FKIT,S+X2_M3_r1,paxoco_mini,873,0.967029
FKIT,S+X2_M3_r1,paxoco_mini,874,0.965123
FKIT,S+X2_M3_r1,paxoco_mini,875,0.965965
FKIT,S+X2_M3_r1,paxoco_mini,876,0.965876
FKIT,S+X2_M3_r1,paxoco_mini,877,0.967163
FKIT,S+X2_M3_r1,paxoco_mini,878,0.966165
FKIT,S+X2_M3_r1,paxoco_mini,879,0.968753
FKIT,S+X2_M3_r1,paxoco_mini,880,0.974745
FKIT,S+X2_M3_r1,paxoco_mini,881,0.975054
FKIT,S+X2_M3_r1,paxoco_mini,882,0.980171
FKIT,S+X2_M3_r1,paxoco_mini,883,0.980395
FKIT,S+X2_M3_r1,paxoco_mini,884,0.978538
FKIT,S+X2_M3_r1,paxoco_mini,885,0.981002
FKIT,S+X2_M3_r1,paxoco_mini,886,0.982285
FKIT,S+X2_M3_r1,paxoco_mini,887,0.984465
FKIT,S+X2_M3_r1,paxoco_mini,888,0.984650
FKIT,S+X2_M3_r1,paxoco_mini,889,0.984369
FKIT,S+X2_M3_r1,paxoco_mini,890,0.991107
FKIT,S+X2_M3_r1,paxoco_mini,891,0.990252
FKIT,S+X2_M3_r1,paxoco_mini,892,0.991510
FKIT,S+X2_M3_r1,paxoco_mini,893,0.991153
FKIT,S+X2_M3_r1,paxoco_mini,894,0.989637
FKIT,S+X2_M3_r1,paxoco_mini,895,0.986808
FKIT,S+X2_M3_r1,paxoco_mini,896,0.990013
FKIT,S+X2_M3_r1,paxoco_mini,897,0.991038
FKIT,S+X2_M3_r1,paxoco_mini,898,0.989577
FKIT,S+X2_M3_r1,paxoco_mini,899,0.988354
FKIT,S+X2_M3_r1,paxoco_mini,900,0.994076
FKIT,S+X2_M3_r1,paxoco_mini,901,0.993476
FKIT,S+X2_M3_r1,paxoco_mini,902,0.993575
FKIT,S+X2_M3_r1,paxoco_mini,903,0.993350
FKIT,S+X2_M3_r1,paxoco_mini,904,0.994137
FKIT,S+X2_M3_r1,paxoco_mini,905,0.993572
FKIT,S+X2_M3_r1,paxoco_mini,906,0.993363
FKIT,S+X2_M3_r1,paxoco_mini,907,0.994631
FKIT,S+X2_M3_r1,paxoco_mini,908,0.995114
FKIT,S+X2_M3_r1,paxoco_mini,909,0.994945
FKIT,S+X2_M3_r1,paxoco_mini,910,0.996434
FKIT,S+X2_M3_r1,pear,0,0.000000
FKIT,S+X2_M3_r1,pear,1,0.000000
FKIT,S+X2_M3_r1,pear,2,0.000000
FKIT,S+X2_M3_r1,pear,3,0.000000
FKIT,S+X2_M3_r1,pear,4,0.000000
FKIT,S+X2_M3_r1,pear,5,0.000000
FKIT,S+X2_M3_r1,pear,6,0.000000
FKIT,S+X2_M3_r1,pear,7,0.000000
FKIT,S+X2_M3_r1,pear,8,0.000000
FKIT,S+X2_M3_r1,pear,9,0.000000
FKIT,S+X2_M3_r1,pear,10,0.000000
FKIT,S+X2_M3_r1,pear,11,0.000000
FKIT,S+X2_M3_r1,pear,12,0.000000
FKIT,S+X2_M3_r1,pear,13,0.000000
FKIT,S+X2_M3_r1,pear,14,0.000000
FKIT,S+X2_M3_r1,pear,15,0.000000
FKIT,S+X2_M3_r1,pear,16,0.000000
FKIT,S+X2_M3_r1,pear,17,0.000000
FKIT,S+X2_M3_r1,pear,18,0.000000
FKIT,S+X2_M3_r1,pear,19,0.000000
FKIT,S+X2_M3_r1,pear,20,0.000000
FKIT,S+X2_M3_r1,pear,21,0.000000
FKIT,S+X2_M3_r1,pear,22,0.000000
FKIT,S+X2_M3_r1,pear,23,0.000000
FKIT,S+X2_M3_r1,pear,24,0.000000
FKIT,S+X2_M3_r1,pear,25,0.000000
FKIT,S+X2_M3_r1,pear,26,0.000000
FKIT,S+X2_M3_r1,pear,27,0.000000
FKIT,S+X2_M3_r1,pear,28,0.000000
FKIT,S+X2_M3_r1,pear,29,0.000000
FKIT,S+X2_M3_r1,pear,30,0.000000
FKIT,S+X2_M3_r1,pear,31,0.000000
FKIT,S+X2_M3_r1,pear,32,0.000000
FKIT,S+X2_M3_r1,pear,33,0.000000
FKIT,S+X2_M3_r1,pear,34,0.000000
FKIT,S+X2_M3_r1,pear,35,0.000000
FKIT,S+X2_M3_r1,pear,36,0.000000
FKIT,S+X2_M3_r1,pear,37,0.000000
FKIT,S+X2_M3_r1,pear,38,0.000000
FKIT,S+X2_M3_r1,pear,39,0.000000
FKIT,S+X2_M3_r1,pear,40,0.000000
FKIT,S+X2_M3_r1,pear,41,0.000000
FKIT,S+X2_M3_r1,pear,42,0.000000
FKIT,S+X2_M3_r1,pear,43,0.000000
FKIT,S+X2_M3_r1,pear,44,0.000000
FKIT,S+X2_M3_r1,pear,45,0.000000
FKIT,S+X2_M3_r1,pear,46,0.000000
FKIT,S+X2_M3_r1,pear,47,0.000000
FKIT,S+X2_M3_r1,pear,48,0.000000
FKIT,S+X2_M3_r1,pear,49,0.000000
FKIT,S+X2_M3_r1,pear,50,0.000000
FKIT,S+X2_M3_r1,pear,51,0.000000
FKIT,S+X2_M3_r1,pear,52,0.000000
FKIT,S+X2_M3_r1,pear,53,0.000000
FKIT,S+X2_M3_r1,pear,54,0.000000
FKIT,S+X2_M3_r1,pear,55,0.000000
FKIT,S+X2_M3_r1,pear,56,0.000000
FKIT,S+X2_M3_r1,pear,57,0.000000
FKIT,S+X2_M3_r1,pear,58,0.000000
FKIT,S+X2_M3_r1,pear,59,0.000000
FKIT,S+X2_M3_r1,pear,60,0.000000
FKIT,S+X2_M3_r1,pear,61,0.000000
FKIT,S+X2_M3_r1,pear,62,0.000000
FKIT,S+X2_M3_r1,pear,63,0.000000
FKIT,S+X2_M3_r1,pear,64,0.000000
FKIT,S+X2_M3_r1,pear,65,0.000000
FKIT,S+X2_M3_r1,pear,66,0.000000
FKIT,S+X2_M3_r1,pear,67,0.000000
FKIT,S+X2_M3_r1,pear,68,0.000000
FKIT,S+X2_M3_r1,pear,69,0.000000
FKIT,S+X2_M3_r1,pear,70,0.000000
FKIT,S+X2_M3_r1,pear,71,0.000000
FKIT,S+X2_M3_r1,pear,72,0.000000
FKIT,S+X2_M3_r1,pear,73,0.000000
FKIT,S+X2_M3_r1,pear,74,0.000000
FKIT,S+X2_M3_r1,pear,75,0.000000
FKIT,S+X2_M3_r1,pear,76,0.000000
FKIT,S+X2_M3_r1,pear,77,0.000000
FKIT,S+X2_M3_r1,pear,78,0.000000
FKIT,S+X2_M3_r1,pear,79,0.000000
FKIT,S+X2_M3_r1,pear,80,0.000000
FKIT,S+X2_M3_r1,pear,81,0.000000
FKIT,S+X2_M3_r1,pear,82,0.000000
FKIT,S+X2_M3_r1,pear,83,0.000000
FKIT,S+X2_M3_r1,pear,84,0.000000
FKIT,S+X2_M3_r1,pear,85,0.000000
FKIT,S+X2_M3_r1,pear,86,0.000000
FKIT,S+X2_M3_r1,pear,87,0.000000
FKIT,S+X2_M3_r1,pear,88,0.000000
FKIT,S+X2_M3_r1,pear,89,0.000000
FKIT,S+X2_M3_r1,pear,90,0.000000
FKIT,S+X2_M3_r1,pear,91,0.000000
FKIT,S+X2_M3_r1,pear,92,0.000000
FKIT,S+X2_M3_r1,pear,93,0.000000
FKIT,S+X2_M3_r1,pear,94,0.000000
FKIT,S+X2_M3_r1,pear,95,0.000000
FKIT,S+X2_M3_r1,pear,96,0.000000
FKIT,S+X2_M3_r1,pear,97,0.000000
FKIT,S+X2_M3_r1,pear,98,0.000000
FKIT,S+X2_M3_r1,pear,99,0.000000
FKIT,S+X2_M3_r1,pear,100,0.000000
FKIT,S+X2_M3_r1,pear,101,0.000000
FKIT,S+X2_M3_r1,pear,102,0.088326
FKIT,S+X2_M3_r1,pear,103,0.008393
FKIT,S+X2_M3_r1,pear,104,0.029219
FKIT,S+X2_M3_r1,pear,105,0.026365
FKIT,S+X2_M3_r1,pear,106,0.034833
FKIT,S+X2_M3_r1,pear,107,0.022293
FKIT,S+X2_M3_r1,pear,108,0.022093
FKIT,S+X2_M3_r1,pear,109,0.037543
FKIT,S+X2_M3_r1,pear,110,0.043858
FKIT,S+X2_M3_r1,pear,111,0.053310
FKIT,S+X2_M3_r1,pear,112,0.047287
FKIT,S+X2_M3_r1,pear,113,0.008777
FKIT,S+X2_M3_r1,pear,114,0.007238
FKIT,S+X2_M3_r1,pear,115,0.003533
FKIT,S+X2_M3_r1,pear,116,0.006478
FKIT,S+X2_M3_r1,pear,117,0.000000
FKIT,S+X2_M3_r1,pear,118,0.000000
FKIT,S+X2_M3_r1,pear,119,0.000000
FKIT,S+X2_M3_r1,pear,120,0.000000
FKIT,S+X2_M3_r1,pear,121,0.000000
FKIT,S+X2_M3_r1,pear,122,0.000000
FKIT,S+X2_M3_r1,pear,123,0.000000
FKIT,S+X2_M3_r1,pear,124,0.000000
FKIT,S+X2_M3_r1,pear,125,0.001863
FKIT,S+X2_M3_r1,pear,126,0.000000
FKIT,S+X2_M3_r1,pear,127,0.000000
FKIT,S+X2_M3_r1,pear,128,0.003332
FKIT,S+X2_M3_r1,pear,129,0.000217
FKIT,S+X2_M3_r1,pear,130,0.000000
FKIT,S+X2_M3_r1,pear,131,0.000000
FKIT,S+X2_M3_r1,pear,132,0.000000
FKIT,S+X2_M3_r1,pear,133,0.000000
FKIT,S+X2_M3_r1,pear,134,0.000000
FKIT,S+X2_M3_r1,pear,135,0.000000
FKIT,S+X2_M3_r1,pear,136,0.000000
FKIT,S+X2_M3_r1,pear,137,0.000000
FKIT,S+X2_M3_r1,pear,138,0.000000
FKIT,S+X2_M3_r1,pear,139,0.000000
FKIT,S+X2_M3_r1,pear,140,0.000000
FKIT,S+X2_M3_r1,pear,141,0.000000
FKIT,S+X2_M3_r1,pear,142,0.000000
FKIT,S+X2_M3_r1,pear,143,0.000000
FKIT,S+X2_M3_r1,pear,144,0.000000
FKIT,S+X2_M3_r1,pear,145,0.000000
FKIT,S+X2_M3_r1,pear,146,0.000000
FKIT,S+X2_M3_r1,pear,147,0.000000
FKIT,S+X2_M3_r1,pear,148,0.000000
FKIT,S+X2_M3_r1,pear,149,0.000000
FKIT,S+X2_M3_r1,pear,150,0.000000
FKIT,S+X2_M3_r1,pear,151,0.000000
FKIT,S+X2_M3_r1,pear,152,0.000000
FKIT,S+X2_M3_r1,pear,153,0.000000
FKIT,S+X2_M3_r1,pear,154,0.000169
FKIT,S+X2_M3_r1,pear,155,0.000000
FKIT,S+X2_M3_r1,pear,156,0.000058
FKIT,S+X2_M3_r1,pear,157,0.000117
FKIT,S+X2_M3_r1,pear,158,0.000000
FKIT,S+X2_M3_r1,pear,159,0.000000
FKIT,S+X2_M3_r1,pear,160,0.000000
FKIT,S+X2_M3_r1,pear,161,0.000000
FKIT,S+X2_M3_r1,pear,162,0.002348
FKIT,S+X2_M3_r1,pear,163,0.000000
FKIT,S+X2_M3_r1,pear,164,0.000000
FKIT,S+X2_M3_r1,pear,165,0.000000
FKIT,S+X2_M3_r1,pear,166,0.000000
FKIT,S+X2_M3_r1,pear,167,0.000410
FKIT,S+X2_M3_r1,pear,168,0.000000
FKIT,S+X2_M3_r1,pear,169,0.000000
FKIT,S+X2_M3_r1,pear,170,0.000000
FKIT,S+X2_M3_r1,pear,171,0.000000
FKIT,S+X2_M3_r1,pear,172,0.000170
FKIT,S+X2_M3_r1,pear,173,0.000000
FKIT,S+X2_M3_r1,pear,174,0.000000
FKIT,S+X2_M3_r1,pear,175,0.000000
FKIT,S+X2_M3_r1,pear,176,0.000000
FKIT,S+X2_M3_r1,pear,177,0.000000
FKIT,S+X2_M3_r1,pear,178,0.000000
FKIT,S+X2_M3_r1,pear,179,0.000000
FKIT,S+X2_M3_r1,pear,180,0.000000
FKIT,S+X2_M3_r1,pear,181,0.000000
FKIT,S+X2_M3_r1,pear,182,0.000000
FKIT,S+X2_M3_r1,pear,183,0.000000
FKIT,S+X2_M3_r1,pear,184,0.000000
FKIT,S+X2_M3_r1,pear,185,0.000000
FKIT,S+X2_M3_r1,pear,186,0.000000
FKIT,S+X2_M3_r1,pear,187,0.000000
FKIT,S+X2_M3_r1,pear,188,0.000000
FKIT,S+X2_M3_r1,pear,189,0.000000
FKIT,S+X2_M3_r1,pear,190,0.000000
FKIT,S+X2_M3_r1,pear,191,0.000000
FKIT,S+X2_M3_r1,pear,192,0.000000
FKIT,S+X2_M3_r1,pear,193,0.000000
FKIT,S+X2_M3_r1,pear,194,0.000000
FKIT,S+X2_M3_r1,pear,195,0.000000
FKIT,S+X2_M3_r1,pear,196,0.000000
FKIT,S+X2_M3_r1,pear,197,0.000000
FKIT,S+X2_M3_r1,pear,198,0.000000
FKIT,S+X2_M3_r1,pear,199,0.000000
FKIT,S+X2_M3_r1,pear,200,0.000000
FKIT,S+X2_M3_r1,pear,201,0.000000
FKIT,S+X2_M3_r1,pear,202,0.000000
FKIT,S+X2_M3_r1,pear,203,0.000000
FKIT,S+X2_M3_r1,pear,204,0.000000
FKIT,S+X2_M3_r1,pear,205,0.000000
FKIT,S+X2_M3_r1,pear,206,0.000000
FKIT,S+X2_M3_r1,pear,207,0.000000
FKIT,S+X2_M3_r1,pear,208,0.000000
FKIT,S+X2_M3_r1,pear,209,0.000000
FKIT,S+X2_M3_r1,pear,210,0.000000
FKIT,S+X2_M3_r1,pear,211,0.017525
FKIT,S+X2_M3_r1,pear,212,0.023025
FKIT,S+X2_M3_r1,pear,213,0.023734
FKIT,S+X2_M3_r1,pear,214,0.025206
FKIT,S+X2_M3_r1,pear,215,0.021335
FKIT,S+X2_M3_r1,pear,216,0.000000
FKIT,S+X2_M3_r1,pear,217,0.000000
FKIT,S+X2_M3_r1,pear,218,0.000000
FKIT,S+X2_M3_r1,pear,219,0.000000
FKIT,S+X2_M3_r1,pear,220,0.000000
FKIT,S+X2_M3_r1,pear,221,0.000000
FKIT,S+X2_M3_r1,pear,222,0.000000
FKIT,S+X2_M3_r1,pear,223,0.000000
FKIT,S+X2_M3_r1,pear,224,0.000000
FKIT,S+X2_M3_r1,pear,225,0.000000
FKIT,S+X2_M3_r1,pear,226,0.000000
FKIT,S+X2_M3_r1,pear,227,0.000000
FKIT,S+X2_M3_r1,pear,228,0.000000
FKIT,S+X2_M3_r1,pear,229,0.000000
FKIT,S+X2_M3_r1,pear,230,0.000000
FKIT,S+X2_M3_r1,pear,231,0.000000
FKIT,S+X2_M3_r1,pear,232,0.007292
FKIT,S+X2_M3_r1,pear,233,0.000647
FKIT,S+X2_M3_r1,pear,234,0.006382
FKIT,S+X2_M3_r1,pear,235,0.013834
FKIT,S+X2_M3_r1,pear,236,0.017154
FKIT,S+X2_M3_r1,pear,237,0.014424
FKIT,S+X2_M3_r1,pear,238,0.013478
FKIT,S+X2_M3_r1,pear,239,0.011607
FKIT,S+X2_M3_r1,pear,240,0.011318
FKIT,S+X2_M3_r1,pear,241,0.010970
FKIT,S+X2_M3_r1,pear,242,0.009810
FKIT,S+X2_M3_r1,pear,243,0.009329
FKIT,S+X2_M3_r1,pear,244,0.011358
FKIT,S+X2_M3_r1,pear,245,0.013614
FKIT,S+X2_M3_r1,pear,246,0.014602
FKIT,S+X2_M3_r1,pear,247,0.014759
FKIT,S+X2_M3_r1,pear,248,0.015931
FKIT,S+X2_M3_r1,pear,249,0.015112
FKIT,S+X2_M3_r1,pear,250,0.014918
FKIT,S+X2_M3_r1,pear,251,0.013863
FKIT,S+X2_M3_r1,pear,252,0.012575
FKIT,S+X2_M3_r1,pear,253,0.017911
FKIT,S+X2_M3_r1,pear,254,0.020626
FKIT,S+X2_M3_r1,pear,255,0.020974
FKIT,S+X2_M3_r1,pear,256,0.018203
FKIT,S+X2_M3_r1,pear,257,0.019504
FKIT,S+X2_M3_r1,pear,258,0.018883
FKIT,S+X2_M3_r1,pear,259,0.019024
FKIT,S+X2_M3_r1,pear,260,0.014394
FKIT,S+X2_M3_r1,pear,261,0.018921
FKIT,S+X2_M3_r1,pear,262,0.018831
FKIT,S+X2_M3_r1,pear,263,0.017642
FKIT,S+X2_M3_r1,pear,264,0.020582
FKIT,S+X2_M3_r1,pear,265,0.019521
FKIT,S+X2_M3_r1,pear,266,0.023088
FKIT,S+X2_M3_r1,pear,267,0.023287
FKIT,S+X2_M3_r1,pear,268,0.020003
FKIT,S+X2_M3_r1,pear,269,0.022061
FKIT,S+X2_M3_r1,pear,270,0.025039
FKIT,S+X2_M3_r1,pear,271,0.021928
FKIT,S+X2_M3_r1,pear,272,0.025724
FKIT,S+X2_M3_r1,pear,273,0.025627
FKIT,S+X2_M3_r1,pear,274,0.024703
FKIT,S+X2_M3_r1,pear,275,0.000000
FKIT,S+X2_M3_r1,pear,276,0.000000
FKIT,S+X2_M3_r1,pear,277,0.000000
FKIT,S+X2_M3_r1,pear,278,0.000000
FKIT,S+X2_M3_r1,pear,279,0.008680
FKIT,S+X2_M3_r1,pear,280,0.000000
FKIT,S+X2_M3_r1,pear,281,0.002498
FKIT,S+X2_M3_r1,pear,282,0.000000
FKIT,S+X2_M3_r1,pear,283,0.000000
FKIT,S+X2_M3_r1,pear,284,0.000000
FKIT,S+X2_M3_r1,pear,285,0.000000
FKIT,S+X2_M3_r1,pear,286,0.000000
FKIT,S+X2_M3_r1,pear,287,0.000000
FKIT,S+X2_M3_r1,pear,288,0.000000
FKIT,S+X2_M3_r1,pear,289,0.000000
FKIT,S+X2_M3_r1,pear,290,0.000000
FKIT,S+X2_M3_r1,pear,291,0.000000
FKIT,S+X2_M3_r1,pear,292,0.000000
FKIT,S+X2_M3_r1,pear,293,0.000000
FKIT,S+X2_M3_r1,pear,294,0.000000
FKIT,S+X2_M3_r1,pear,295,0.000000
FKIT,S+X2_M3_r1,pear,296,0.008664
FKIT,S+X2_M3_r1,pear,297,0.000000
FKIT,S+X2_M3_r1,pear,298,0.000000
FKIT,S+X2_M3_r1,pear,299,0.000000
FKIT,S+X2_M3_r1,pear,300,0.000000
FKIT,S+X2_M3_r1,pear,301,0.000000
FKIT,S+X2_M3_r1,pear,302,0.000000
FKIT,S+X2_M3_r1,pear,303,0.000000
FKIT,S+X2_M3_r1,pear,304,0.000000
FKIT,S+X2_M3_r1,pear,305,0.000000
FKIT,S+X2_M3_r1,pear,306,0.000000
FKIT,S+X2_M3_r1,pear,307,0.000000
FKIT,S+X2_M3_r1,pear,308,0.000000
FKIT,S+X2_M3_r1,pear,309,0.000000
FKIT,S+X2_M3_r1,pear,310,0.000000
FKIT,S+X2_M3_r1,pear,311,0.000000
FKIT,S+X2_M3_r1,pear,312,0.000000
FKIT,S+X2_M3_r1,pear,313,0.000000
FKIT,S+X2_M3_r1,pear,314,0.000000
FKIT,S+X2_M3_r1,pear,315,0.000000
FKIT,S+X2_M3_r1,pear,316,0.000000
FKIT,S+X2_M3_r1,pear,317,0.000000
FKIT,S+X2_M3_r1,pear,318,0.000000
FKIT,S+X2_M3_r1,pear,319,0.000000
FKIT,S+X2_M3_r1,pear,320,0.021775
FKIT,S+X2_M3_r1,pear,321,0.026169
FKIT,S+X2_M3_r1,pear,322,0.025145
FKIT,S+X2_M3_r1,pear,323,0.025850
FKIT,S+X2_M3_r1,pear,324,0.021752
FKIT,S+X2_M3_r1,pear,325,0.011722
FKIT,S+X2_M3_r1,pear,326,0.013661
FKIT,S+X2_M3_r1,pear,327,0.012384
FKIT,S+X2_M3_r1,pear,328,0.012224
FKIT,S+X2_M3_r1,pear,329,0.013408
FKIT,S+X2_M3_r1,pear,330,0.012423
FKIT,S+X2_M3_r1,pear,331,0.012802
FKIT,S+X2_M3_r1,pear,332,0.016834
FKIT,S+X2_M3_r1,pear,333,0.013969
FKIT,S+X2_M3_r1,pear,334,0.013492
FKIT,S+X2_M3_r1,pear,335,0.014244
FKIT,S+X2_M3_r1,pear,336,0.014197
FKIT,S+X2_M3_r1,pear,337,0.013790
FKIT,S+X2_M3_r1,pear,338,0.012020
FKIT,S+X2_M3_r1,pear,339,0.013774
FKIT,S+X2_M3_r1,pear,340,0.012164
FKIT,S+X2_M3_r1,pear,341,0.014025
FKIT,S+X2_M3_r1,pear,342,0.013221
FKIT,S+X2_M3_r1,pear,343,0.011291
FKIT,S+X2_M3_r1,pear,344,0.009912
FKIT,S+X2_M3_r1,pear,345,0.014161
FKIT,S+X2_M3_r1,pear,346,0.004543
FKIT,S+X2_M3_r1,pear,347,0.005410
FKIT,S+X2_M3_r1,pear,348,0.000000
FKIT,S+X2_M3_r1,pear,349,0.000000
FKIT,S+X2_M3_r1,pear,350,0.000000
FKIT,S+X2_M3_r1,pear,351,0.000000
FKIT,S+X2_M3_r1,pear,352,0.000000
FKIT,S+X2_M3_r1,pear,353,0.000000
FKIT,S+X2_M3_r1,pear,354,0.000000
FKIT,S+X2_M3_r1,pear,355,0.000000
FKIT,S+X2_M3_r1,pear,356,0.000000
FKIT,S+X2_M3_r1,pear,357,0.000000
FKIT,S+X2_M3_r1,pear,358,0.000000
FKIT,S+X2_M3_r1,pear,359,0.000000
FKIT,S+X2_M3_r1,pear,360,0.000000
FKIT,S+X2_M3_r1,pear,361,0.000000
FKIT,S+X2_M3_r1,pear,362,0.000000
FKIT,S+X2_M3_r1,pear,363,0.000000
FKIT,S+X2_M3_r1,pear,364,0.000000
FKIT,S+X2_M3_r1,pear,365,0.000000
FKIT,S+X2_M3_r1,pear,366,0.000000
FKIT,S+X2_M3_r1,pear,367,0.000000
FKIT,S+X2_M3_r1,pear,368,0.000000
FKIT,S+X2_M3_r1,pear,369,0.000000
FKIT,S+X2_M3_r1,pear,370,0.000000
FKIT,S+X2_M3_r1,pear,371,0.000000
FKIT,S+X2_M3_r1,pear,372,0.000000
FKIT,S+X2_M3_r1,pear,373,0.000000
FKIT,S+X2_M3_r1,pear,374,0.000000
FKIT,S+X2_M3_r1,pear,375,0.000000
FKIT,S+X2_M3_r1,pear,376,0.000000
FKIT,S+X2_M3_r1,pear,377,0.000000
FKIT,S+X2_M3_r1,pear,378,0.000000
FKIT,S+X2_M3_r1,pear,379,0.000000
FKIT,S+X2_M3_r1,pear,380,0.000000
FKIT,S+X2_M3_r1,pear,381,0.000000
FKIT,S+X2_M3_r1,pear,382,0.000000
FKIT,S+X2_M3_r1,pear,383,0.000000
FKIT,S+X2_M3_r1,pear,384,0.000000
FKIT,S+X2_M3_r1,pear,385,0.000000
FKIT,S+X2_M3_r1,pear,386,0.000000
FKIT,S+X2_M3_r1,pear,387,0.000000
FKIT,S+X2_M3_r1,pear,388,0.000000
FKIT,S+X2_M3_r1,pear,389,0.000000
FKIT,S+X2_M3_r1,pear,390,0.000000
FKIT,S+X2_M3_r1,pear,391,0.000000
FKIT,S+X2_M3_r1,pear,392,0.000000
FKIT,S+X2_M3_r1,pear,393,0.000000
FKIT,S+X2_M3_r1,pear,394,0.000000
FKIT,S+X2_M3_r1,pear,395,0.000000
FKIT,S+X2_M3_r1,pear,396,0.000000
FKIT,S+X2_M3_r1,pear,397,0.000000
FKIT,S+X2_M3_r1,pear,398,0.000000
FKIT,S+X2_M3_r1,pear,399,0.000000
FKIT,S+X2_M3_r1,pear,400,0.000000
FKIT,S+X2_M3_r1,pear,401,0.000000
FKIT,S+X2_M3_r1,pear,402,0.000000
FKIT,S+X2_M3_r1,pear,403,0.000000
FKIT,S+X2_M3_r1,pear,404,0.000000
FKIT,S+X2_M3_r1,pear,405,0.000000
FKIT,S+X2_M3_r1,pear,406,0.000000
FKIT,S+X2_M3_r1,pear,407,0.000000
FKIT,S+X2_M3_r1,pear,408,0.000000
FKIT,S+X2_M3_r1,pear,409,0.000000
FKIT,S+X2_M3_r1,pear,410,0.000000
FKIT,S+X2_M3_r1,pear,411,0.000000
FKIT,S+X2_M3_r1,pear,412,0.000000
FKIT,S+X2_M3_r1,pear,413,0.000000
FKIT,S+X2_M3_r1,pear,414,0.000000
FKIT,S+X2_M3_r1,pear,415,0.000000
FKIT,S+X2_M3_r1,pear,416,0.000000
FKIT,S+X2_M3_r1,pear,417,0.000000
FKIT,S+X2_M3_r1,pear,418,0.000000
FKIT,S+X2_M3_r1,pear,419,0.000000
FKIT,S+X2_M3_r1,pear,420,0.000000
FKIT,S+X2_M3_r1,pear,421,0.000000
FKIT,S+X2_M3_r1,pear,422,0.000000
FKIT,S+X2_M3_r1,pear,423,0.000000
FKIT,S+X2_M3_r1,pear,424,0.000000
FKIT,S+X2_M3_r1,pear,425,0.000000
FKIT,S+X2_M3_r1,pear,426,0.000000
FKIT,S+X2_M3_r1,pear,427,0.000000
FKIT,S+X2_M3_r1,pear,428,0.000000
FKIT,S+X2_M3_r1,pear,429,0.000000
FKIT,S+X2_M3_r1,pear,430,0.000000
FKIT,S+X2_M3_r1,pear,431,0.000000
FKIT,S+X2_M3_r1,pear,432,0.000000
FKIT,S+X2_M3_r1,pear,433,0.000000
FKIT,S+X2_M3_r1,pear,434,0.000000
FKIT,S+X2_M3_r1,pear,435,0.000000
FKIT,S+X2_M3_r1,pear,436,0.000000
FKIT,S+X2_M3_r1,pear,437,0.000000
FKIT,S+X2_M3_r1,pear,438,0.000000
FKIT,S+X2_M3_r1,pear,439,0.000000
FKIT,S+X2_M3_r1,pear,440,0.000000
FKIT,S+X2_M3_r1,pear,441,0.000000
FKIT,S+X2_M3_r1,pear,442,0.000000
FKIT,S+X2_M3_r1,pear,443,0.000000
FKIT,S+X2_M3_r1,pear,444,0.000000
FKIT,S+X2_M3_r1,pear,445,0.000000
FKIT,S+X2_M3_r1,pear,446,0.000000
FKIT,S+X2_M3_r1,pear,447,0.000000
FKIT,S+X2_M3_r1,pear,448,0.000000
FKIT,S+X2_M3_r1,pear,449,0.000000
FKIT,S+X2_M3_r1,pear,450,0.000000
FKIT,S+X2_M3_r1,pear,451,0.000000
FKIT,S+X2_M3_r1,pear,452,0.000000
FKIT,S+X2_M3_r1,pear,453,0.000000
FKIT,S+X2_M3_r1,pear,454,0.000000
FKIT,S+X2_M3_r1,pear,455,0.000000
FKIT,S+X2_M3_r1,pear,456,0.000000
FKIT,S+X2_M3_r1,pear,457,0.000000
FKIT,S+X2_M3_r1,pear,458,0.000000
FKIT,S+X2_M3_r1,pear,459,0.000000
FKIT,S+X2_M3_r1,pear,460,0.000000
FKIT,S+X2_M3_r1,pear,461,0.000000
FKIT,S+X2_M3_r1,pear,462,0.000000
FKIT,S+X2_M3_r1,pear,463,0.000000
FKIT,S+X2_M3_r1,pear,464,0.000000
FKIT,S+X2_M3_r1,pear,465,0.000000
FKIT,S+X2_M3_r1,pear,466,0.000000
FKIT,S+X2_M3_r1,pear,467,0.000000
FKIT,S+X2_M3_r1,pear,468,0.000000
FKIT,S+X2_M3_r1,pear,469,0.000000
FKIT,S+X2_M3_r1,pear,470,0.000000
FKIT,S+X2_M3_r1,pear,471,0.000000
FKIT,S+X2_M3_r1,pear,472,0.000000
FKIT,S+X2_M3_r1,pear,473,0.000000
FKIT,S+X2_M3_r1,pear,474,0.000000
FKIT,S+X2_M3_r1,pear,475,0.000000
FKIT,S+X2_M3_r1,pear,476,0.000000
FKIT,S+X2_M3_r1,pear,477,0.000000
FKIT,S+X2_M3_r1,pear,478,0.000000
FKIT,S+X2_M3_r1,pear,479,0.000000
FKIT,S+X2_M3_r1,pear,480,0.000000
FKIT,S+X2_M3_r1,pear,481,0.000000
FKIT,S+X2_M3_r1,pear,482,0.000000
FKIT,S+X2_M3_r1,pear,483,0.000000
FKIT,S+X2_M3_r1,pear,484,0.000000
FKIT,S+X2_M3_r1,pear,485,0.000000
FKIT,S+X2_M3_r1,pear,486,0.000000
FKIT,S+X2_M3_r1,pear,487,0.000000
FKIT,S+X2_M3_r1,pear,488,0.000000
FKIT,S+X2_M3_r1,pear,489,0.000000
FKIT,S+X2_M3_r1,pear,490,0.000000
FKIT,S+X2_M3_r1,pear,491,0.000000
FKIT,S+X2_M3_r1,pear,492,0.000000
FKIT,S+X2_M3_r1,pear,493,0.000000
FKIT,S+X2_M3_r1,pear,494,0.000000
FKIT,S+X2_M3_r1,pear,495,0.000000
FKIT,S+X2_M3_r1,pear,496,0.000000
FKIT,S+X2_M3_r1,pear,497,0.000000
FKIT,S+X2_M3_r1,pear,498,0.000000
FKIT,S+X2_M3_r1,pear,499,0.000000
FKIT,S+X2_M3_r1,pear,500,0.000000
FKIT,S+X2_M3_r1,pear,501,0.000000
FKIT,S+X2_M3_r1,pear,502,0.000000
FKIT,S+X2_M3_r1,pear,503,0.000000
FKIT,S+X2_M3_r1,pear,504,0.000000
FKIT,S+X2_M3_r1,pear,505,0.000000
FKIT,S+X2_M3_r1,pear,506,0.000000
FKIT,S+X2_M3_r1,pear,507,0.000000
FKIT,S+X2_M3_r1,pear,508,0.000000
FKIT,S+X2_M3_r1,pear,509,0.000000
FKIT,S+X2_M3_r1,pear,510,0.000000
FKIT,S+X2_M3_r1,pear,511,0.000000
FKIT,S+X2_M3_r1,pear,512,0.000000
FKIT,S+X2_M3_r1,pear,513,0.000000
FKIT,S+X2_M3_r1,pear,514,0.000000
FKIT,S+X2_M3_r1,pear,515,0.000000
FKIT,S+X2_M3_r1,pear,516,0.000000
FKIT,S+X2_M3_r1,pear,517,0.000000
FKIT,S+X2_M3_r1,pear,518,0.000000
FKIT,S+X2_M3_r1,pear,519,0.000000
FKIT,S+X2_M3_r1,pear,520,0.000000
FKIT,S+X2_M3_r1,pear,521,0.000000
FKIT,S+X2_M3_r1,pear,522,0.000000
FKIT,S+X2_M3_r1,pear,523,0.000000
FKIT,S+X2_M3_r1,pear,524,0.000000
FKIT,S+X2_M3_r1,pear,525,0.000000
FKIT,S+X2_M3_r1,pear,526,0.000000
FKIT,S+X2_M3_r1,pear,527,0.000000
FKIT,S+X2_M3_r1,pear,528,0.000000
FKIT,S+X2_M3_r1,pear,529,0.000000
FKIT,S+X2_M3_r1,pear,530,0.000000
FKIT,S+X2_M3_r1,pear,531,0.000000
FKIT,S+X2_M3_r1,pear,532,0.000000
FKIT,S+X2_M3_r1,pear,533,0.000000
FKIT,S+X2_M3_r1,pear,534,0.000000
FKIT,S+X2_M3_r1,pear,535,0.000000
FKIT,S+X2_M3_r1,pear,536,0.000000
FKIT,S+X2_M3_r1,pear,537,0.000000
FKIT,S+X2_M3_r1,pear,538,0.000000
FKIT,S+X2_M3_r1,pear,539,0.000000
FKIT,S+X2_M3_r1,pear,540,0.000000
FKIT,S+X2_M3_r1,pear,541,0.000000
FKIT,S+X2_M3_r1,pear,542,0.000000
FKIT,S+X2_M3_r1,pear,543,0.000000
FKIT,S+X2_M3_r1,pear,544,0.000000
FKIT,S+X2_M3_r1,pear,545,0.000000
FKIT,S+X2_M3_r1,pear,546,0.000000
FKIT,S+X2_M3_r1,pear,547,0.000000
FKIT,S+X2_M3_r1,pear,548,0.000000
FKIT,S+X2_M3_r1,pear,549,0.000000
FKIT,S+X2_M3_r1,pear,550,0.000000
FKIT,S+X2_M3_r1,pear,551,0.000000
FKIT,S+X2_M3_r1,pear,552,0.000000
FKIT,S+X2_M3_r1,pear,553,0.000000
FKIT,S+X2_M3_r1,pear,554,0.000000
FKIT,S+X2_M3_r1,pear,555,0.000000
FKIT,S+X2_M3_r1,pear,556,0.000000
FKIT,S+X2_M3_r1,pear,557,0.000000
FKIT,S+X2_M3_r1,pear,558,0.000000
FKIT,S+X2_M3_r1,pear,559,0.000000
FKIT,S+X2_M3_r1,pear,560,0.000000
FKIT,S+X2_M3_r1,pear,561,0.000000
FKIT,S+X2_M3_r1,pear,562,0.000000
FKIT,S+X2_M3_r1,pear,563,0.000000
FKIT,S+X2_M3_r1,pear,564,0.000000
FKIT,S+X2_M3_r1,pear,565,0.000000
FKIT,S+X2_M3_r1,pear,566,0.000000
FKIT,S+X2_M3_r1,pear,567,0.000000
FKIT,S+X2_M3_r1,pear,568,0.000000
FKIT,S+X2_M3_r1,pear,569,0.489637
FKIT,S+X2_M3_r1,pear,570,0.446445
FKIT,S+X2_M3_r1,pear,571,0.471959
FKIT,S+X2_M3_r1,pear,572,0.574178
FKIT,S+X2_M3_r1,pear,573,0.575428
FKIT,S+X2_M3_r1,pear,574,0.603528
FKIT,S+X2_M3_r1,pear,575,0.539051
FKIT,S+X2_M3_r1,pear,576,0.533887
FKIT,S+X2_M3_r1,pear,577,0.606315
FKIT,S+X2_M3_r1,pear,578,0.553688
FKIT,S+X2_M3_r1,pear,579,0.569897
FKIT,S+X2_M3_r1,pear,580,0.602629
FKIT,S+X2_M3_r1,pear,581,0.645127
FKIT,S+X2_M3_r1,pear,582,0.617445
FKIT,S+X2_M3_r1,pear,583,0.602411
FKIT,S+X2_M3_r1,pear,584,0.584659
FKIT,S+X2_M3_r1,pear,585,0.514815
FKIT,S+X2_M3_r1,pear,586,0.547668
FKIT,S+X2_M3_r1,pear,587,0.642108
FKIT,S+X2_M3_r1,pear,588,0.622846
FKIT,S+X2_M3_r1,pear,589,0.548441
FKIT,S+X2_M3_r1,pear,590,0.587696
FKIT,S+X2_M3_r1,pear,591,0.575257
FKIT,S+X2_M3_r1,pear,592,0.548808
FKIT,S+X2_M3_r1,pear,593,0.565870
FKIT,S+X2_M3_r1,pear,594,0.551425
FKIT,S+X2_M3_r1,pear,595,0.657784
FKIT,S+X2_M3_r1,pear,596,0.692068
FKIT,S+X2_M3_r1,pear,597,0.653275
FKIT,S+X2_M3_r1,pear,598,0.619837
FKIT,S+X2_M3_r1,pear,599,0.698771
FKIT,S+X2_M3_r1,pear,600,0.775965
FKIT,S+X2_M3_r1,pear,601,0.763424
FKIT,S+X2_M3_r1,pear,602,0.754527
FKIT,S+X2_M3_r1,pear,603,0.750303
FKIT,S+X2_M3_r1,pear,604,0.788432
FKIT,S+X2_M3_r1,pear,605,0.733883
FKIT,S+X2_M3_r1,pear,606,0.756462
FKIT,S+X2_M3_r1,pear,607,0.799102
FKIT,S+X2_M3_r1,pear,608,0.791698
FKIT,S+X2_M3_r1,pear,609,0.857336
FKIT,S+X2_M3_r1,pear,610,0.907015
FKIT,S+X2_M3_r1,pear,611,0.899790
FKIT,S+X2_M3_r1,pear,612,0.900695
FKIT,S+X2_M3_r1,pear,613,0.905795
FKIT,S+X2_M3_r1,pear,614,0.905814
FKIT,S+X2_M3_r1,pear,615,0.912748
FKIT,S+X2_M3_r1,pear,616,0.914774
FKIT,S+X2_M3_r1,pear,617,0.910002
FKIT,S+X2_M3_r1,pear,618,0.919709
FKIT,S+X2_M3_r1,pear,619,0.919030
FKIT,S+X2_M3_r1,pear,620,0.938667
FKIT,S+X2_M3_r1,pear,621,0.939028
FKIT,S+X2_M3_r1,pear,622,0.944523
FKIT,S+X2_M3_r1,pear,623,0.941195
FKIT,S+X2_M3_r1,pear,624,0.947319
FKIT,S+X2_M3_r1,pear,625,0.943669
FKIT,S+X2_M3_r1,pear,626,0.941362
FKIT,S+X2_M3_r1,pear,627,0.953739
FKIT,S+X2_M3_r1,pear,628,0.948566
FKIT,S+X2_M3_r1,pear,629,0.935354
FKIT,S+X2_M3_r1,pear,630,0.965355
FKIT,S+X2_M3_r1,pear,631,0.963310
FKIT,S+X2_M3_r1,pear,632,0.957231
FKIT,S+X2_M3_r1,pear,633,0.955466
FKIT,S+X2_M3_r1,pear,634,0.957932
FKIT,S+X2_M3_r1,pear,635,0.937903
FKIT,S+X2_M3_r1,pear,636,0.940711
FKIT,S+X2_M3_r1,pear,637,0.945021
FKIT,S+X2_M3_r1,pear,638,0.945400
FKIT,S+X2_M3_r1,pear,639,0.940667
FKIT,S+X2_M3_r1,pear,640,0.961163
FKIT,S+X2_M3_r1,pear,641,0.952561
FKIT,S+X2_M3_r1,pear,642,0.952243
FKIT,S+X2_M3_r1,pear,643,0.957687
FKIT,S+X2_M3_r1,pear,644,0.961609
FKIT,S+X2_M3_r1,pear,645,0.959361
FKIT,S+X2_M3_r1,pear,646,0.961275
FKIT,S+X2_M3_r1,pear,647,0.960425
FKIT,S+X2_M3_r1,pear,648,0.967730
FKIT,S+X2_M3_r1,pear,649,0.955159
FKIT,S+X2_M3_r1,pear,650,0.974699
FKIT,S+X2_M3_r1,pear,651,0.979110
FKIT,S+X2_M3_r1,pear,652,0.960881
FKIT,S+X2_M3_r1,pear,653,0.974322
FKIT,S+X2_M3_r1,pear,654,0.974140
FKIT,S+X2_M3_r1,pear,655,0.970299
FKIT,S+X2_M3_r1,pear,656,0.975127
FKIT,S+X2_M3_r1,pear,657,0.968647
FKIT,S+X2_M3_r1,pear,658,0.975353
FKIT,S+X2_M3_r1,pear,659,0.975535
FKIT,S+X2_M3_r1,pear,660,0.983698
FKIT,S+X2_M3_r1,pear,661,0.984794
FKIT,S+X2_M3_r1,pear,662,0.980776
FKIT,S+X2_M3_r1,pear,663,0.981095
FKIT,S+X2_M3_r1,pear,664,0.978603
FKIT,S+X2_M3_r1,pear,665,0.979692
FKIT,S+X2_M3_r1,pear,666,0.981432
FKIT,S+X2_M3_r1,pear,667,0.981540
FKIT,S+X2_M3_r1,pear,668,0.982801
FKIT,S+X2_M3_r1,pear,669,0.978931
FKIT,S+X2_M3_r1,pear,670,0.981070
FKIT,S+X2_M3_r1,pear,671,0.982301
FKIT,S+X2_M3_r1,pear,672,0.969950
FKIT,S+X2_M3_r1,pear,673,0.974099
FKIT,S+X2_M3_r1,pear,674,0.962320
FKIT,S+X2_M3_r1,pear,675,0.955394
FKIT,S+X2_M3_r1,pear,676,0.954978
FKIT,S+X2_M3_r1,pear,677,0.948760
FKIT,S+X2_M3_r1,pear,678,0.949543
FKIT,S+X2_M3_r1,pear,679,0.948184
FKIT,S+X2_M3_r1,pear,680,0.951075
FKIT,S+X2_M3_r1,pear,681,0.955452
FKIT,S+X2_M3_r1,pear,682,0.946515
FKIT,S+X2_M3_r1,pear,683,0.948570
FKIT,S+X2_M3_r1,pear,684,0.947816
FKIT,S+X2_M3_r1,pear,685,0.950690
FKIT,S+X2_M3_r1,pear,686,0.943692
FKIT,S+X2_M3_r1,pear,687,0.952169
FKIT,S+X2_M3_r1,pear,688,0.946357
FKIT,S+X2_M3_r1,pear,689,0.954444
FKIT,S+X2_M3_r1,pear,690,0.950770
FKIT,S+X2_M3_r1,pear,691,0.950188
FKIT,S+X2_M3_r1,pear,692,0.951681
FKIT,S+X2_M3_r1,pear,693,0.952350
FKIT,S+X2_M3_r1,pear,694,0.946956
FKIT,S+X2_M3_r1,pear,695,0.940088
FKIT,S+X2_M3_r1,pear,696,0.948457
FKIT,S+X2_M3_r1,pear,697,0.943475
FKIT,S+X2_M3_r1,pear,698,0.945261
FKIT,S+X2_M3_r1,pear,699,0.940379
FKIT,S+X2_M3_r1,pear,700,0.949330
FKIT,S+X2_M3_r1,pear,701,0.950000
FKIT,S+X2_M3_r1,pear,702,0.944045
FKIT,S+X2_M3_r1,pear,703,0.949729
FKIT,S+X2_M3_r1,pear,704,0.951898
FKIT,S+X2_M3_r1,pear,705,0.942955
FKIT,S+X2_M3_r1,pear,706,0.945924
FKIT,S+X2_M3_r1,pear,707,0.945570
FKIT,S+X2_M3_r1,pear,708,0.940711
FKIT,S+X2_M3_r1,pear,709,0.940915
FKIT,S+X2_M3_r1,pear,710,0.935286
FKIT,S+X2_M3_r1,pear,711,0.940922
FKIT,S+X2_M3_r1,pear,712,0.940866
FKIT,S+X2_M3_r1,pear,713,0.938870
FKIT,S+X2_M3_r1,pear,714,0.939675
FKIT,S+X2_M3_r1,pear,715,0.941639
FKIT,S+X2_M3_r1,pear,716,0.934497
FKIT,S+X2_M3_r1,pear,717,0.937293
FKIT,S+X2_M3_r1,pear,718,0.938755
FKIT,S+X2_M3_r1,pear,719,0.940991
FKIT,S+X2_M3_r1,pear,720,0.938231
FKIT,S+X2_M3_r1,pear,721,0.945333
FKIT,S+X2_M3_r1,pear,722,0.941489
FKIT,S+X2_M3_r1,pear,723,0.944371
FKIT,S+X2_M3_r1,pear,724,0.938482
FKIT,S+X2_M3_r1,pear,725,0.940003
FKIT,S+X2_M3_r1,pear,726,0.946507
FKIT,S+X2_M3_r1,pear,727,0.943450
FKIT,S+X2_M3_r1,pear,728,0.941308
FKIT,S+X2_M3_r1,pear,729,0.946127
FKIT,S+X2_M3_r1,pear,730,0.941018
FKIT,S+X2_M3_r1,pear,731,0.943277
FKIT,S+X2_M3_r1,pear,732,0.942979
FKIT,S+X2_M3_r1,pear,733,0.940331
FKIT,S+X2_M3_r1,pear,734,0.945589
FKIT,S+X2_M3_r1,pear,735,0.940608
FKIT,S+X2_M3_r1,pear,736,0.943334
FKIT,S+X2_M3_r1,pear,737,0.943217
FKIT,S+X2_M3_r1,pear,738,0.945699
FKIT,S+X2_M3_r1,pear,739,0.944589
FKIT,S+X2_M3_r1,pear,740,0.949189
FKIT,S+X2_M3_r1,pear,741,0.949000
FKIT,S+X2_M3_r1,pear,742,0.947510
FKIT,S+X2_M3_r1,pear,743,0.949672
FKIT,S+X2_M3_r1,pear,744,0.950171
FKIT,S+X2_M3_r1,pear,745,0.952339
FKIT,S+X2_M3_r1,pear,746,0.948874
FKIT,S+X2_M3_r1,pear,747,0.949918
FKIT,S+X2_M3_r1,pear,748,0.948998
FKIT,S+X2_M3_r1,pear,749,0.948034
FKIT,S+X2_M3_r1,pear,750,0.941925
FKIT,S+X2_M3_r1,pear,751,0.946701
FKIT,S+X2_M3_r1,pear,752,0.945139
FKIT,S+X2_M3_r1,pear,753,0.947941
FKIT,S+X2_M3_r1,pear,754,0.948992
FKIT,S+X2_M3_r1,pear,755,0.945628
FKIT,S+X2_M3_r1,pear,756,0.943098
FKIT,S+X2_M3_r1,pear,757,0.946947
FKIT,S+X2_M3_r1,pear,758,0.942440
FKIT,S+X2_M3_r1,pear,759,0.950300
FKIT,S+X2_M3_r1,pear,760,0.945998
FKIT,S+X2_M3_r1,pear,761,0.946384
FKIT,S+X2_M3_r1,pear,762,0.950429
FKIT,S+X2_M3_r1,pear,763,0.948018
FKIT,S+X2_M3_r1,pear,764,0.948446
FKIT,S+X2_M3_r1,pear,765,0.946723
FKIT,S+X2_M3_r1,pear,766,0.951844
FKIT,S+X2_M3_r1,pear,767,0.952582
FKIT,S+X2_M3_r1,pear,768,0.952091
FKIT,S+X2_M3_r1,pear,769,0.955865
FKIT,S+X2_M3_r1,pear,770,0.952785
FKIT,S+X2_M3_r1,pear,771,0.957419
FKIT,S+X2_M3_r1,pear,772,0.954364
FKIT,S+X2_M3_r1,pear,773,0.958646
FKIT,S+X2_M3_r1,pear,774,0.957551
FKIT,S+X2_M3_r1,pear,775,0.967908
FKIT,S+X2_M3_r1,pear,776,0.971766
FKIT,S+X2_M3_r1,pear,777,0.972443
FKIT,S+X2_M3_r1,pear,778,0.975460
FKIT,S+X2_M3_r1,pear,779,0.979008
FKIT,S+X2_M3_r1,pear,780,0.983244
FKIT,S+X2_M3_r1,pear,781,0.981813
FKIT,S+X2_M3_r1,pear,782,0.980219
FKIT,S+X2_M3_r1,pear,783,0.983726
FKIT,S+X2_M3_r1,pear,784,0.980596
FKIT,S+X2_M3_r1,pear,785,0.976219
FKIT,S+X2_M3_r1,pear,786,0.979278
FKIT,S+X2_M3_r1,pear,787,0.974750
FKIT,S+X2_M3_r1,pear,788,0.975080
FKIT,S+X2_M3_r1,pear,789,0.968746
FKIT,S+X2_M3_r1,pear,790,0.973275
FKIT,S+X2_M3_r1,pear,791,0.973004
FKIT,S+X2_M3_r1,pear,792,0.971503
FKIT,S+X2_M3_r1,pear,793,0.973445
FKIT,S+X2_M3_r1,pear,794,0.970121
FKIT,S+X2_M3_r1,pear,795,0.973917
FKIT,S+X2_M3_r1,pear,796,0.971792
FKIT,S+X2_M3_r1,pear,797,0.973423
FKIT,S+X2_M3_r1,pear,798,0.972138
FKIT,S+X2_M3_r1,pear,799,0.974855
FKIT,S+X2_M3_r1,pear,800,0.976351
FKIT,S+X2_M3_r1,pear,801,0.973239
FKIT,S+X2_M3_r1,pear,802,0.976089
FKIT,S+X2_M3_r1,pear,803,0.974594
FKIT,S+X2_M3_r1,pear,804,0.975414
FKIT,S+X2_M3_r1,pear,805,0.976039
FKIT,S+X2_M3_r1,pear,806,0.976763
FKIT,S+X2_M3_r1,pear,807,0.980284
FKIT,S+X2_M3_r1,pear,808,0.980171
FKIT,S+X2_M3_r1,pear,809,0.978772
FKIT,S+X2_M3_r1,pear,810,0.980452
FKIT,S+X2_M3_r1,pear,811,0.980268
FKIT,S+X2_M3_r1,pear,812,0.978981
FKIT,S+X2_M3_r1,pear,813,0.974902
FKIT,S+X2_M3_r1,pear,814,0.977066
FKIT,S+X2_M3_r1,pear,815,0.975560
FKIT,S+X2_M3_r1,pear,816,0.973020
FKIT,S+X2_M3_r1,pear,817,0.974798
FKIT,S+X2_M3_r1,pear,818,0.975610
FKIT,S+X2_M3_r1,pear,819,0.966725
FKIT,S+X2_M3_r1,pear,820,0.966348
FKIT,S+X2_M3_r1,pear,821,0.965291
FKIT,S+X2_M3_r1,pear,822,0.969286
FKIT,S+X2_M3_r1,pear,823,0.965718
FKIT,S+X2_M3_r1,pear,824,0.973941
FKIT,S+X2_M3_r1,pear,825,0.966488
FKIT,S+X2_M3_r1,pear,826,0.969549
FKIT,S+X2_M3_r1,pear,827,0.973353
FKIT,S+X2_M3_r1,pear,828,0.976194
FKIT,S+X2_M3_r1,pear,829,0.971499
FKIT,S+X2_M3_r1,pear,830,0.979600
FKIT,S+X2_M3_r1,pear,831,0.973958
FKIT,S+X2_M3_r1,pear,832,0.967933
FKIT,S+X2_M3_r1,pear,833,0.971817
FKIT,S+X2_M3_r1,pear,834,0.973641
FKIT,S+X2_M3_r1,pear,835,0.969746
FKIT,S+X2_M3_r1,pear,836,0.970205
FKIT,S+X2_M3_r1,pear,837,0.968550
FKIT,S+X2_M3_r1,pear,838,0.973520
FKIT,S+X2_M3_r1,pear,839,0.973593
FKIT,S+X2_M3_r1,pear,840,0.972101
FKIT,S+X2_M3_r1,pear,841,0.967356
FKIT,S+X2_M3_r1,pear,842,0.965033
FKIT,S+X2_M3_r1,pear,843,0.970332
FKIT,S+X2_M3_r1,pear,844,0.964536
FKIT,S+X2_M3_r1,pear,845,0.960746
FKIT,S+X2_M3_r1,pear,846,0.954840
FKIT,S+X2_M3_r1,pear,847,0.964901
FKIT,S+X2_M3_r1,pear,848,0.957401
FKIT,S+X2_M3_r1,samosa,0,0.580838
FKIT,S+X2_M3_r1,samosa,1,0.609576
FKIT,S+X2_M3_r1,samosa,2,0.575793
FKIT,S+X2_M3_r1,samosa,3,0.567468
FKIT,S+X2_M3_r1,samosa,4,0.594192
FKIT,S+X2_M3_r1,samosa,5,0.594681
FKIT,S+X2_M3_r1,samosa,6,0.588460
FKIT,S+X2_M3_r1,samosa,7,0.568253
FKIT,S+X2_M3_r1,samosa,8,0.590402
FKIT,S+X2_M3_r1,samosa,9,0.584139
FKIT,S+X2_M3_r1,samosa,10,0.573896
FKIT,S+X2_M3_r1,samosa,11,0.671122
FKIT,S+X2_M3_r1,samosa,12,0.681866
FKIT,S+X2_M3_r1,samosa,13,0.633455
FKIT,S+X2_M3_r1,samosa,14,0.673514
FKIT,S+X2_M3_r1,samosa,15,0.667942
FKIT,S+X2_M3_r1,samosa,16,0.666033
FKIT,S+X2_M3_r1,samosa,17,0.672017
FKIT,S+X2_M3_r1,samosa,18,0.683550
FKIT,S+X2_M3_r1,samosa,19,0.683304
FKIT,S+X2_M3_r1,samosa,20,0.688927
FKIT,S+X2_M3_r1,samosa,21,0.802717
FKIT,S+X2_M3_r1,samosa,22,0.781545
FKIT,S+X2_M3_r1,samosa,23,0.778413
FKIT,S+X2_M3_r1,samosa,24,0.793863
FKIT,S+X2_M3_r1,samosa,25,0.812933
FKIT,S+X2_M3_r1,samosa,26,0.757032
FKIT,S+X2_M3_r1,samosa,27,0.756972
FKIT,S+X2_M3_r1,samosa,28,0.782060
FKIT,S+X2_M3_r1,samosa,29,0.793980
FKIT,S+X2_M3_r1,samosa,30,0.783107
FKIT,S+X2_M3_r1,samosa,31,0.792434
FKIT,S+X2_M3_r1,samosa,32,0.810406
FKIT,S+X2_M3_r1,samosa,33,0.793578
FKIT,S+X2_M3_r1,samosa,34,0.821367
FKIT,S+X2_M3_r1,samosa,35,0.843137
FKIT,S+X2_M3_r1,samosa,36,0.790352
FKIT,S+X2_M3_r1,samosa,37,0.815260
FKIT,S+X2_M3_r1,samosa,38,0.838422
FKIT,S+X2_M3_r1,samosa,39,0.805409
FKIT,S+X2_M3_r1,samosa,40,0.800495
FKIT,S+X2_M3_r1,samosa,41,0.871564
FKIT,S+X2_M3_r1,samosa,42,0.856278
FKIT,S+X2_M3_r1,samosa,43,0.868879
FKIT,S+X2_M3_r1,samosa,44,0.862548
FKIT,S+X2_M3_r1,samosa,45,0.857063
FKIT,S+X2_M3_r1,samosa,46,0.861758
FKIT,S+X2_M3_r1,samosa,47,0.865193
FKIT,S+X2_M3_r1,samosa,48,0.872194
FKIT,S+X2_M3_r1,samosa,49,0.864821
FKIT,S+X2_M3_r1,samosa,50,0.868269
FKIT,S+X2_M3_r1,samosa,51,0.902181
FKIT,S+X2_M3_r1,samosa,52,0.864313
FKIT,S+X2_M3_r1,samosa,53,0.849231
FKIT,S+X2_M3_r1,samosa,54,0.887212
FKIT,S+X2_M3_r1,samosa,55,0.909786
FKIT,S+X2_M3_r1,samosa,56,0.858998
FKIT,S+X2_M3_r1,samosa,57,0.892051
FKIT,S+X2_M3_r1,samosa,58,0.904459
FKIT,S+X2_M3_r1,samosa,59,0.899405
FKIT,S+X2_M3_r1,samosa,60,0.907854
FKIT,S+X2_M3_r1,samosa,61,0.927623
FKIT,S+X2_M3_r1,samosa,62,0.906344
FKIT,S+X2_M3_r1,samosa,63,0.901495
FKIT,S+X2_M3_r1,samosa,64,0.912959
FKIT,S+X2_M3_r1,samosa,65,0.911041
FKIT,S+X2_M3_r1,samosa,66,0.921168
FKIT,S+X2_M3_r1,samosa,67,0.922548
FKIT,S+X2_M3_r1,samosa,68,0.913118
FKIT,S+X2_M3_r1,samosa,69,0.911550
FKIT,S+X2_M3_r1,samosa,70,0.910178
FKIT,S+X2_M3_r1,samosa,71,0.946171
FKIT,S+X2_M3_r1,samosa,72,0.936075
FKIT,S+X2_M3_r1,samosa,73,0.941644
FKIT,S+X2_M3_r1,samosa,74,0.935479
FKIT,S+X2_M3_r1,samosa,75,0.931595
FKIT,S+X2_M3_r1,samosa,76,0.935832
FKIT,S+X2_M3_r1,samosa,77,0.941852
FKIT,S+X2_M3_r1,samosa,78,0.948454
FKIT,S+X2_M3_r1,samosa,79,0.940837
FKIT,S+X2_M3_r1,samosa,80,0.929275
FKIT,S+X2_M3_r1,samosa,81,0.940703
FKIT,S+X2_M3_r1,samosa,82,0.944649
FKIT,S+X2_M3_r1,samosa,83,0.934569
FKIT,S+X2_M3_r1,samosa,84,0.898250
FKIT,S+X2_M3_r1,samosa,85,0.933974
FKIT,S+X2_M3_r1,samosa,86,0.939630
FKIT,S+X2_M3_r1,samosa,87,0.930123
FKIT,S+X2_M3_r1,samosa,88,0.941834
FKIT,S+X2_M3_r1,samosa,89,0.947970
FKIT,S+X2_M3_r1,samosa,90,0.944228
FKIT,S+X2_M3_r1,samosa,91,0.944383
FKIT,S+X2_M3_r1,samosa,92,0.949033
FKIT,S+X2_M3_r1,samosa,93,0.950660
FKIT,S+X2_M3_r1,samosa,94,0.951631
FKIT,S+X2_M3_r1,samosa,95,0.954468
FKIT,S+X2_M3_r1,samosa,96,0.955904
FKIT,S+X2_M3_r1,samosa,97,0.952673
FKIT,S+X2_M3_r1,samosa,98,0.952577
FKIT,S+X2_M3_r1,samosa,99,0.944651
FKIT,S+X2_M3_r1,samosa,100,0.947178
FKIT,S+X2_M3_r1,samosa,101,0.961673
FKIT,S+X2_M3_r1,samosa,102,0.960613
FKIT,S+X2_M3_r1,samosa,103,0.959357
FKIT,S+X2_M3_r1,samosa,104,0.964555
FKIT,S+X2_M3_r1,samosa,105,0.957582
FKIT,S+X2_M3_r1,samosa,106,0.966747
FKIT,S+X2_M3_r1,samosa,107,0.956170
FKIT,S+X2_M3_r1,samosa,108,0.956263
FKIT,S+X2_M3_r1,samosa,109,0.957142
FKIT,S+X2_M3_r1,samosa,110,0.959899
FKIT,S+X2_M3_r1,samosa,111,0.959842
FKIT,S+X2_M3_r1,samosa,112,0.960492
FKIT,S+X2_M3_r1,samosa,113,0.953501
FKIT,S+X2_M3_r1,samosa,114,0.960361
FKIT,S+X2_M3_r1,samosa,115,0.961053
FKIT,S+X2_M3_r1,samosa,116,0.967474
FKIT,S+X2_M3_r1,samosa,117,0.971592
FKIT,S+X2_M3_r1,samosa,118,0.967302
FKIT,S+X2_M3_r1,samosa,119,0.963931
FKIT,S+X2_M3_r1,samosa,120,0.970954
FKIT,S+X2_M3_r1,samosa,121,0.962656
FKIT,S+X2_M3_r1,samosa,122,0.958213
FKIT,S+X2_M3_r1,samosa,123,0.952983
FKIT,S+X2_M3_r1,samosa,124,0.956783
FKIT,S+X2_M3_r1,samosa,125,0.956867
FKIT,S+X2_M3_r1,samosa,126,0.960461
FKIT,S+X2_M3_r1,samosa,127,0.967075
FKIT,S+X2_M3_r1,samosa,128,0.962453
FKIT,S+X2_M3_r1,samosa,129,0.964972
FKIT,S+X2_M3_r1,samosa,130,0.976852
FKIT,S+X2_M3_r1,samosa,131,0.969957
FKIT,S+X2_M3_r1,samosa,132,0.969472
FKIT,S+X2_M3_r1,samosa,133,0.967535
FKIT,S+X2_M3_r1,samosa,134,0.975119
FKIT,S+X2_M3_r1,samosa,135,0.973337
FKIT,S+X2_M3_r1,samosa,136,0.969979
FKIT,S+X2_M3_r1,samosa,137,0.973487
FKIT,S+X2_M3_r1,samosa,138,0.970722
FKIT,S+X2_M3_r1,samosa,139,0.971805
FKIT,S+X2_M3_r1,samosa,140,0.973475
FKIT,S+X2_M3_r1,samosa,141,0.963727
FKIT,S+X2_M3_r1,samosa,142,0.959772
FKIT,S+X2_M3_r1,samosa,143,0.956930
FKIT,S+X2_M3_r1,samosa,144,0.966647
FKIT,S+X2_M3_r1,samosa,145,0.960562
FKIT,S+X2_M3_r1,samosa,146,0.963837
FKIT,S+X2_M3_r1,samosa,147,0.960766
FKIT,S+X2_M3_r1,samosa,148,0.964745
FKIT,S+X2_M3_r1,samosa,149,0.971206
FKIT,S+X2_M3_r1,samosa,150,0.958299
FKIT,S+X2_M3_r1,samosa,151,0.956589
FKIT,S+X2_M3_r1,samosa,152,0.954442
FKIT,S+X2_M3_r1,samosa,153,0.956045
FKIT,S+X2_M3_r1,samosa,154,0.956298
FKIT,S+X2_M3_r1,samosa,155,0.955075
FKIT,S+X2_M3_r1,samosa,156,0.957144
FKIT,S+X2_M3_r1,samosa,157,0.954672
FKIT,S+X2_M3_r1,samosa,158,0.955750
FKIT,S+X2_M3_r1,samosa,159,0.951980
FKIT,S+X2_M3_r1,samosa,160,0.951381
FKIT,S+X2_M3_r1,samosa,161,0.941309
FKIT,S+X2_M3_r1,samosa,162,0.943749
FKIT,S+X2_M3_r1,samosa,163,0.943101
FKIT,S+X2_M3_r1,samosa,164,0.944114
FKIT,S+X2_M3_r1,samosa,165,0.940479
FKIT,S+X2_M3_r1,samosa,166,0.951934
FKIT,S+X2_M3_r1,samosa,167,0.943010
FKIT,S+X2_M3_r1,samosa,168,0.941755
FKIT,S+X2_M3_r1,samosa,169,0.947902
FKIT,S+X2_M3_r1,samosa,170,0.943057
FKIT,S+X2_M3_r1,samosa,171,0.947655
FKIT,S+X2_M3_r1,samosa,172,0.954535
FKIT,S+X2_M3_r1,samosa,173,0.950312
FKIT,S+X2_M3_r1,samosa,174,0.953792
FKIT,S+X2_M3_r1,samosa,175,0.957860
FKIT,S+X2_M3_r1,samosa,176,0.960945
FKIT,S+X2_M3_r1,samosa,177,0.958011
FKIT,S+X2_M3_r1,samosa,178,0.959576
FKIT,S+X2_M3_r1,samosa,179,0.952649
FKIT,S+X2_M3_r1,samosa,180,0.948447
FKIT,S+X2_M3_r1,samosa,181,0.943677
FKIT,S+X2_M3_r1,samosa,182,0.942491
FKIT,S+X2_M3_r1,samosa,183,0.933718
FKIT,S+X2_M3_r1,samosa,184,0.926043
FKIT,S+X2_M3_r1,samosa,185,0.939177
FKIT,S+X2_M3_r1,samosa,186,0.941892
FKIT,S+X2_M3_r1,samosa,187,0.942937
FKIT,S+X2_M3_r1,samosa,188,0.942519
FKIT,S+X2_M3_r1,samosa,189,0.934687
FKIT,S+X2_M3_r1,samosa,190,0.906013
FKIT,S+X2_M3_r1,samosa,191,0.930210
FKIT,S+X2_M3_r1,samosa,192,0.927449
FKIT,S+X2_M3_r1,samosa,193,0.933449
FKIT,S+X2_M3_r1,samosa,194,0.926863
FKIT,S+X2_M3_r1,samosa,195,0.865181
FKIT,S+X2_M3_r1,samosa,196,0.904988
FKIT,S+X2_M3_r1,samosa,197,0.909031
FKIT,S+X2_M3_r1,samosa,198,0.862643
FKIT,S+X2_M3_r1,samosa,199,0.910059
FKIT,S+X2_M3_r1,samosa,200,0.870001
FKIT,S+X2_M3_r1,samosa,201,0.912440
FKIT,S+X2_M3_r1,samosa,202,0.919592
FKIT,S+X2_M3_r1,samosa,203,0.906553
FKIT,S+X2_M3_r1,samosa,204,0.882139
FKIT,S+X2_M3_r1,samosa,205,0.859211
FKIT,S+X2_M3_r1,samosa,206,0.885158
FKIT,S+X2_M3_r1,samosa,207,0.856238
FKIT,S+X2_M3_r1,samosa,208,0.861491
FKIT,S+X2_M3_r1,samosa,209,0.859202
FKIT,S+X2_M3_r1,samosa,210,0.850684
FKIT,S+X2_M3_r1,samosa,211,0.915761
FKIT,S+X2_M3_r1,samosa,212,0.861716
FKIT,S+X2_M3_r1,samosa,213,0.871799
FKIT,S+X2_M3_r1,samosa,214,0.912014
FKIT,S+X2_M3_r1,samosa,215,0.897776
FKIT,S+X2_M3_r1,samosa,216,0.880784
FKIT,S+X2_M3_r1,samosa,217,0.878176
FKIT,S+X2_M3_r1,samosa,218,0.823241
FKIT,S+X2_M3_r1,samosa,219,0.866537
FKIT,S+X2_M3_r1,samosa,220,0.900693
FKIT,S+X2_M3_r1,samosa,221,0.931743
FKIT,S+X2_M3_r1,samosa,222,0.931815
FKIT,S+X2_M3_r1,samosa,223,0.918047
FKIT,S+X2_M3_r1,samosa,224,0.938932
FKIT,S+X2_M3_r1,samosa,225,0.908026
FKIT,S+X2_M3_r1,samosa,226,0.943429
FKIT,S+X2_M3_r1,samosa,227,0.933440
FKIT,S+X2_M3_r1,samosa,228,0.931381
FKIT,S+X2_M3_r1,samosa,229,0.933016
FKIT,S+X2_M3_r1,samosa,230,0.900683
FKIT,S+X2_M3_r1,samosa,231,0.935573
FKIT,S+X2_M3_r1,samosa,232,0.936719
FKIT,S+X2_M3_r1,samosa,233,0.928696
FKIT,S+X2_M3_r1,samosa,234,0.938692
FKIT,S+X2_M3_r1,samosa,235,0.941292
FKIT,S+X2_M3_r1,samosa,236,0.943658
FKIT,S+X2_M3_r1,samosa,237,0.946056
FKIT,S+X2_M3_r1,samosa,238,0.948661
FKIT,S+X2_M3_r1,samosa,239,0.944916
FKIT,S+X2_M3_r1,samosa,240,0.938033
FKIT,S+X2_M3_r1,samosa,241,0.950947
FKIT,S+X2_M3_r1,samosa,242,0.949404
FKIT,S+X2_M3_r1,samosa,243,0.952662
FKIT,S+X2_M3_r1,samosa,244,0.954008
FKIT,S+X2_M3_r1,samosa,245,0.944829
FKIT,S+X2_M3_r1,samosa,246,0.948630
FKIT,S+X2_M3_r1,samosa,247,0.944715
FKIT,S+X2_M3_r1,samosa,248,0.945341
FKIT,S+X2_M3_r1,samosa,249,0.951139
FKIT,S+X2_M3_r1,samosa,250,0.942999
FKIT,S+X2_M3_r1,samosa,251,0.953016
FKIT,S+X2_M3_r1,samosa,252,0.949216
FKIT,S+X2_M3_r1,samosa,253,0.937033
FKIT,S+X2_M3_r1,samosa,254,0.943533
FKIT,S+X2_M3_r1,samosa,255,0.937396
FKIT,S+X2_M3_r1,samosa,256,0.934547
FKIT,S+X2_M3_r1,samosa,257,0.941933
FKIT,S+X2_M3_r1,samosa,258,0.919545
FKIT,S+X2_M3_r1,samosa,259,0.913909
FKIT,S+X2_M3_r1,samosa,260,0.904282
FKIT,S+X2_M3_r1,samosa,261,0.952115
FKIT,S+X2_M3_r1,samosa,262,0.944227
FKIT,S+X2_M3_r1,samosa,263,0.932707
FKIT,S+X2_M3_r1,samosa,264,0.907731
FKIT,S+X2_M3_r1,samosa,265,0.904072
FKIT,S+X2_M3_r1,samosa,266,0.908538
FKIT,S+X2_M3_r1,samosa,267,0.925767
FKIT,S+X2_M3_r1,samosa,268,0.908687
FKIT,S+X2_M3_r1,samosa,269,0.903603
FKIT,S+X2_M3_r1,samosa,270,0.890117
FKIT,S+X2_M3_r1,samosa,271,0.922966
FKIT,S+X2_M3_r1,samosa,272,0.936607
FKIT,S+X2_M3_r1,samosa,273,0.928123
FKIT,S+X2_M3_r1,samosa,274,0.927127
FKIT,S+X2_M3_r1,samosa,275,0.930819
FKIT,S+X2_M3_r1,samosa,276,0.929099
FKIT,S+X2_M3_r1,samosa,277,0.931373
FKIT,S+X2_M3_r1,samosa,278,0.930254
FKIT,S+X2_M3_r1,samosa,279,0.932549
FKIT,S+X2_M3_r1,samosa,280,0.936466
FKIT,S+X2_M3_r1,samosa,281,0.944470
FKIT,S+X2_M3_r1,samosa,282,0.952880
FKIT,S+X2_M3_r1,samosa,283,0.947693
FKIT,S+X2_M3_r1,samosa,284,0.951725
FKIT,S+X2_M3_r1,samosa,285,0.944563
FKIT,S+X2_M3_r1,samosa,286,0.948546
FKIT,S+X2_M3_r1,samosa,287,0.953676
FKIT,S+X2_M3_r1,samosa,288,0.954634
FKIT,S+X2_M3_r1,samosa,289,0.958019
FKIT,S+X2_M3_r1,samosa,290,0.950482
FKIT,S+X2_M3_r1,samosa,291,0.964224
FKIT,S+X2_M3_r1,samosa,292,0.962589
FKIT,S+X2_M3_r1,samosa,293,0.966025
FKIT,S+X2_M3_r1,samosa,294,0.969522
FKIT,S+X2_M3_r1,samosa,295,0.971089
FKIT,S+X2_M3_r1,samosa,296,0.969536
FKIT,S+X2_M3_r1,samosa,297,0.963395
FKIT,S+X2_M3_r1,samosa,298,0.966459
FKIT,S+X2_M3_r1,samosa,299,0.970951
FKIT,S+X2_M3_r1,samosa,300,0.961148
FKIT,S+X2_M3_r1,samosa,301,0.968385
FKIT,S+X2_M3_r1,samosa,302,0.975839
FKIT,S+X2_M3_r1,samosa,303,0.975049
FKIT,S+X2_M3_r1,samosa,304,0.976713
FKIT,S+X2_M3_r1,samosa,305,0.975989
FKIT,S+X2_M3_r1,samosa,306,0.976789
FKIT,S+X2_M3_r1,samosa,307,0.975714
FKIT,S+X2_M3_r1,samosa,308,0.970340
FKIT,S+X2_M3_r1,samosa,309,0.969667
FKIT,S+X2_M3_r1,samosa,310,0.976632
FKIT,S+X2_M3_r1,samosa,311,0.977484
FKIT,S+X2_M3_r1,samosa,312,0.980070
FKIT,S+X2_M3_r1,samosa,313,0.979183
FKIT,S+X2_M3_r1,samosa,314,0.980002
FKIT,S+X2_M3_r1,samosa,315,0.974869
FKIT,S+X2_M3_r1,samosa,316,0.978516
FKIT,S+X2_M3_r1,samosa,317,0.978545
FKIT,S+X2_M3_r1,samosa,318,0.975918
FKIT,S+X2_M3_r1,samosa,319,0.974261
FKIT,S+X2_M3_r1,samosa,320,0.964719
FKIT,S+X2_M3_r1,samosa,321,0.974977
FKIT,S+X2_M3_r1,samosa,322,0.974199
FKIT,S+X2_M3_r1,samosa,323,0.978873
FKIT,S+X2_M3_r1,samosa,324,0.976422
FKIT,S+X2_M3_r1,samosa,325,0.974867
FKIT,S+X2_M3_r1,samosa,326,0.974219
FKIT,S+X2_M3_r1,samosa,327,0.972101
FKIT,S+X2_M3_r1,samosa,328,0.975452
FKIT,S+X2_M3_r1,samosa,329,0.969223
FKIT,S+X2_M3_r1,samosa,330,0.967652
FKIT,S+X2_M3_r1,samosa,331,0.974344
FKIT,S+X2_M3_r1,samosa,332,0.975610
FKIT,S+X2_M3_r1,samosa,333,0.978787
FKIT,S+X2_M3_r1,samosa,334,0.976876
FKIT,S+X2_M3_r1,samosa,335,0.977112
FKIT,S+X2_M3_r1,samosa,336,0.975261
FKIT,S+X2_M3_r1,samosa,337,0.971547
FKIT,S+X2_M3_r1,samosa,338,0.976860
FKIT,S+X2_M3_r1,samosa,339,0.976097
FKIT,S+X2_M3_r1,samosa,340,0.974443
FKIT,S+X2_M3_r1,samosa,341,0.974678
FKIT,S+X2_M3_r1,samosa,342,0.979530
FKIT,S+X2_M3_r1,samosa,343,0.975470
FKIT,S+X2_M3_r1,samosa,344,0.980447
FKIT,S+X2_M3_r1,samosa,345,0.979269
FKIT,S+X2_M3_r1,samosa,346,0.975490
FKIT,S+X2_M3_r1,samosa,347,0.982037
FKIT,S+X2_M3_r1,samosa,348,0.974965
FKIT,S+X2_M3_r1,samosa,349,0.973740
FKIT,S+X2_M3_r1,samosa,350,0.965663
FKIT,S+X2_M3_r1,samosa,351,0.974104
FKIT,S+X2_M3_r1,samosa,352,0.972423
FKIT,S+X2_M3_r1,samosa,353,0.967773
FKIT,S+X2_M3_r1,samosa,354,0.972169
FKIT,S+X2_M3_r1,samosa,355,0.975500
FKIT,S+X2_M3_r1,samosa,356,0.979316
FKIT,S+X2_M3_r1,samosa,357,0.972477
FKIT,S+X2_M3_r1,samosa,358,0.972951
FKIT,S+X2_M3_r1,samosa,359,0.972781
FKIT,S+X2_M3_r1,samosa,360,0.966134
FKIT,S+X2_M3_r1,samosa,361,0.979369
FKIT,S+X2_M3_r1,samosa,362,0.982433
FKIT,S+X2_M3_r1,samosa,363,0.977387
FKIT,S+X2_M3_r1,samosa,364,0.975238
FKIT,S+X2_M3_r1,samosa,365,0.975916
FKIT,S+X2_M3_r1,samosa,366,0.976771
FKIT,S+X2_M3_r1,samosa,367,0.974615
FKIT,S+X2_M3_r1,samosa,368,0.973650
FKIT,S+X2_M3_r1,samosa,369,0.981450
FKIT,S+X2_M3_r1,samosa,370,0.979966
FKIT,S+X2_M3_r1,samosa,371,0.984495
FKIT,S+X2_M3_r1,samosa,372,0.985538
FKIT,S+X2_M3_r1,samosa,373,0.983467
FKIT,S+X2_M3_r1,samosa,374,0.982017
FKIT,S+X2_M3_r1,samosa,375,0.980008
FKIT,S+X2_M3_r1,samosa,376,0.978495
FKIT,S+X2_M3_r1,samosa,377,0.978841
FKIT,S+X2_M3_r1,samosa,378,0.982480
FKIT,S+X2_M3_r1,samosa,379,0.973376
FKIT,S+X2_M3_r1,samosa,380,0.984403
FKIT,S+X2_M3_r1,samosa,381,0.988437
FKIT,S+X2_M3_r1,samosa,382,0.985040
FKIT,S+X2_M3_r1,samosa,383,0.985975
FKIT,S+X2_M3_r1,samosa,384,0.987101
FKIT,S+X2_M3_r1,samosa,385,0.985712
FKIT,S+X2_M3_r1,samosa,386,0.985681
FKIT,S+X2_M3_r1,samosa,387,0.978876
FKIT,S+X2_M3_r1,samosa,388,0.981304
FKIT,S+X2_M3_r1,samosa,389,0.981911
FKIT,S+X2_M3_r1,samosa,390,0.984147
FKIT,S+X2_M3_r1,samosa,391,0.982232
FKIT,S+X2_M3_r1,samosa,392,0.982018
FKIT,S+X2_M3_r1,samosa,393,0.983952
FKIT,S+X2_M3_r1,samosa,394,0.966052
FKIT,S+X2_M3_r1,samosa,395,0.971254
FKIT,S+X2_M3_r1,samosa,396,0.979565
FKIT,S+X2_M3_r1,samosa,397,0.984042
FKIT,S+X2_M3_r1,samosa,398,0.984795
FKIT,S+X2_M3_r1,samosa,399,0.982511
FKIT,S+X2_M3_r1,samosa,400,0.979067
FKIT,S+X2_M3_r1,samosa,401,0.979988
FKIT,S+X2_M3_r1,samosa,402,0.968849
FKIT,S+X2_M3_r1,samosa,403,0.967512
FKIT,S+X2_M3_r1,samosa,404,0.963494
FKIT,S+X2_M3_r1,samosa,405,0.972976
FKIT,S+X2_M3_r1,samosa,406,0.965692
FKIT,S+X2_M3_r1,samosa,407,0.959755
FKIT,S+X2_M3_r1,samosa,408,0.943563
FKIT,S+X2_M3_r1,samosa,409,0.947756
FKIT,S+X2_M3_r1,samosa,410,0.939139
FKIT,S+X2_M3_r1,samosa,411,0.964212
FKIT,S+X2_M3_r1,samosa,412,0.962649
FKIT,S+X2_M3_r1,samosa,413,0.969243
FKIT,S+X2_M3_r1,samosa,414,0.963783
FKIT,S+X2_M3_r1,samosa,415,0.964148
FKIT,S+X2_M3_r1,samosa,416,0.966383
FKIT,S+X2_M3_r1,samosa,417,0.963978
FKIT,S+X2_M3_r1,samosa,418,0.966726
FKIT,S+X2_M3_r1,samosa,419,0.968705
FKIT,S+X2_M3_r1,samosa,420,0.964821
FKIT,S+X2_M3_r1,samosa,421,0.973912
FKIT,S+X2_M3_r1,samosa,422,0.971782
FKIT,S+X2_M3_r1,samosa,423,0.971330
FKIT,S+X2_M3_r1,samosa,424,0.971700
FKIT,S+X2_M3_r1,samosa,425,0.971114
FKIT,S+X2_M3_r1,samosa,426,0.967274
FKIT,S+X2_M3_r1,samosa,427,0.964814
FKIT,S+X2_M3_r1,samosa,428,0.965999
FKIT,S+X2_M3_r1,samosa,429,0.959633
FKIT,S+X2_M3_r1,samosa,430,0.952826
FKIT,S+X2_M3_r1,samosa,431,0.962786
FKIT,S+X2_M3_r1,samosa,432,0.960710
FKIT,S+X2_M3_r1,samosa,433,0.958675
FKIT,S+X2_M3_r1,samosa,434,0.951666
FKIT,S+X2_M3_r1,samosa,435,0.950966
FKIT,S+X2_M3_r1,samosa,436,0.952624
FKIT,S+X2_M3_r1,samosa,437,0.949046
FKIT,S+X2_M3_r1,samosa,438,0.949154
FKIT,S+X2_M3_r1,samosa,439,0.948172
FKIT,S+X2_M3_r1,samosa,440,0.940288
FKIT,S+X2_M3_r1,samosa,441,0.953278
FKIT,S+X2_M3_r1,samosa,442,0.955179
FKIT,S+X2_M3_r1,samosa,443,0.950460
FKIT,S+X2_M3_r1,samosa,444,0.960150
FKIT,S+X2_M3_r1,samosa,445,0.942029
FKIT,S+X2_M3_r1,samosa,446,0.939746
FKIT,S+X2_M3_r1,samosa,447,0.941342
FKIT,S+X2_M3_r1,samosa,448,0.943775
FKIT,S+X2_M3_r1,samosa,449,0.948218
FKIT,S+X2_M3_r1,samosa,450,0.934592
FKIT,S+X2_M3_r1,samosa,451,0.925798
FKIT,S+X2_M3_r1,samosa,452,0.917277
FKIT,S+X2_M3_r1,samosa,453,0.921330
FKIT,S+X2_M3_r1,samosa,454,0.900170
FKIT,S+X2_M3_r1,samosa,455,0.892754
FKIT,S+X2_M3_r1,samosa,456,0.933957
FKIT,S+X2_M3_r1,samosa,457,0.857740
FKIT,S+X2_M3_r1,samosa,458,0.814844
FKIT,S+X2_M3_r1,samosa,459,0.912543
FKIT,S+X2_M3_r1,samosa,460,0.853169
FKIT,S+X2_M3_r1,samosa,461,0.911903
FKIT,S+X2_M3_r1,samosa,462,0.875293
FKIT,S+X2_M3_r1,samosa,463,0.893720
FKIT,S+X2_M3_r1,samosa,464,0.832819
FKIT,S+X2_M3_r1,samosa,465,0.874557
FKIT,S+X2_M3_r1,samosa,466,0.836429
FKIT,S+X2_M3_r1,samosa,467,0.841782
FKIT,S+X2_M3_r1,samosa,468,0.888091
FKIT,S+X2_M3_r1,samosa,469,0.793469
FKIT,S+X2_M3_r1,samosa,470,0.831962
FKIT,S+X2_M3_r1,samosa,471,0.856989
FKIT,S+X2_M3_r1,samosa,472,0.840655
FKIT,S+X2_M3_r1,samosa,473,0.865829
FKIT,S+X2_M3_r1,samosa,474,0.848438
FKIT,S+X2_M3_r1,samosa,475,0.926842
FKIT,S+X2_M3_r1,samosa,476,0.922708
FKIT,S+X2_M3_r1,samosa,477,0.883771
FKIT,S+X2_M3_r1,samosa,478,0.851517
FKIT,S+X2_M3_r1,samosa,479,0.878291
FKIT,S+X2_M3_r1,samosa,480,0.857482
FKIT,S+X2_M3_r1,samosa,481,0.866285
FKIT,S+X2_M3_r1,samosa,482,0.906892
FKIT,S+X2_M3_r1,samosa,483,0.906116
FKIT,S+X2_M3_r1,samosa,484,0.889126
FKIT,S+X2_M3_r1,samosa,485,0.858625
FKIT,S+X2_M3_r1,samosa,486,0.853657
FKIT,S+X2_M3_r1,samosa,487,0.855787
FKIT,S+X2_M3_r1,samosa,488,0.851419
FKIT,S+X2_M3_r1,samosa,489,0.805432
FKIT,S+X2_M3_r1,samosa,490,0.801363
FKIT,S+X2_M3_r1,samosa,491,0.847085
FKIT,S+X2_M3_r1,samosa,492,0.794108
FKIT,S+X2_M3_r1,samosa,493,0.813781
FKIT,S+X2_M3_r1,samosa,494,0.781598
FKIT,S+X2_M3_r1,samosa,495,0.772407
FKIT,S+X2_M3_r1,samosa,496,0.773919
FKIT,S+X2_M3_r1,samosa,497,0.827716
FKIT,S+X2_M3_r1,samosa,498,0.802131
FKIT,S+X2_M3_r1,samosa,499,0.752501
FKIT,S+X2_M3_r1,samosa,500,0.734008
FKIT,S+X2_M3_r1,samosa,501,0.768266
FKIT,S+X2_M3_r1,samosa,502,0.667450
FKIT,S+X2_M3_r1,samosa,503,0.540420
FKIT,S+X2_M3_r1,samosa,504,0.074607
FKIT,S+X2_M3_r1,samosa,505,0.501457
FKIT,S+X2_M3_r1,samosa,506,0.553218
FKIT,S+X2_M3_r1,samosa,507,0.611458
FKIT,S+X2_M3_r1,samosa,508,0.588652
FKIT,S+X2_M3_r1,samosa,509,0.675223
FKIT,S+X2_M3_r1,samosa,510,0.671252
FKIT,S+X2_M3_r1,samosa,511,0.660899
FKIT,S+X2_M3_r1,samosa,512,0.742562
FKIT,S+X2_M3_r1,samosa,513,0.772453
FKIT,S+X2_M3_r1,samosa,514,0.732761
FKIT,S+X2_M3_r1,samosa,515,0.792908
FKIT,S+X2_M3_r1,samosa,516,0.767903
FKIT,S+X2_M3_r1,samosa,517,0.785342
FKIT,S+X2_M3_r1,samosa,518,0.780974
FKIT,S+X2_M3_r1,samosa,519,0.762127
FKIT,S+X2_M3_r1,samosa,520,0.758010
FKIT,S+X2_M3_r1,samosa,521,0.774445
FKIT,S+X2_M3_r1,samosa,522,0.781496
FKIT,S+X2_M3_r1,samosa,523,0.745342
FKIT,S+X2_M3_r1,samosa,524,0.772282
FKIT,S+X2_M3_r1,samosa,525,0.724917
FKIT,S+X2_M3_r1,samosa,526,0.724535
FKIT,S+X2_M3_r1,samosa,527,0.683890
FKIT,S+X2_M3_r1,samosa,528,0.694842
FKIT,S+X2_M3_r1,samosa,529,0.692196
FKIT,S+X2_M3_r1,samosa,530,0.700190
FKIT,S+X2_M3_r1,samosa,531,0.701131
FKIT,S+X2_M3_r1,samosa,532,0.669121
FKIT,S+X2_M3_r1,samosa,533,0.703735
FKIT,S+X2_M3_r1,samosa,534,0.718173
FKIT,S+X2_M3_r1,samosa,535,0.738630
FKIT,S+X2_M3_r1,samosa,536,0.732269
FKIT,S+X2_M3_r1,samosa,537,0.722669
FKIT,S+X2_M3_r1,samosa,538,0.698036
FKIT,S+X2_M3_r1,samosa,539,0.644456
FKIT,S+X2_M3_r1,samosa,540,0.655519
FKIT,S+X2_M3_r1,samosa,541,0.654666
FKIT,S+X2_M3_r1,samosa,542,0.657739
FKIT,S+X2_M3_r1,samosa,543,0.645161
FKIT,S+X2_M3_r1,samosa,544,0.653695
FKIT,S+X2_M3_r1,samosa,545,0.642794
FKIT,S+X2_M3_r1,samosa,546,0.604308
FKIT,S+X2_M3_r1,samosa,547,0.558984
FKIT,S+X2_M3_r1,samosa,548,0.639736
FKIT,S+X2_M3_r1,samosa,549,0.656943
FKIT,S+X2_M3_r1,samosa,550,0.620109
FKIT,S+X2_M3_r1,samosa,551,0.607107
FKIT,S+X2_M3_r1,samosa,552,0.637792
FKIT,S+X2_M3_r1,samosa,553,0.642023
FKIT,S+X2_M3_r1,samosa,554,0.629029
FKIT,S+X2_M3_r1,samosa,555,0.635535
FKIT,S+X2_M3_r1,samosa,556,0.650325
FKIT,S+X2_M3_r1,samosa,557,0.632752
FKIT,S+X2_M3_r1,samosa,558,0.635263
FKIT,S+X2_M3_r1,samosa,559,0.622841
FKIT,S+X2_M3_r1,samosa,560,0.640278
FKIT,S+X2_M3_r1,samosa,561,0.633567
FKIT,S+X2_M3_r1,samosa,562,0.630260
FKIT,S+X2_M3_r1,samosa,563,0.635226
FKIT,S+X2_M3_r1,samosa,564,0.640891
FKIT,S+X2_M3_r1,samosa,565,0.634536
FKIT,S+X2_M3_r1,samosa,566,0.645397
FKIT,S+X2_M3_r1,samosa,567,0.635862
FKIT,S+X2_M3_r1,samosa,568,0.652745
FKIT,S+X2_M3_r1,samosa,569,0.655770
FKIT,S+X2_M3_r1,samosa,570,0.648088
FKIT,S+X2_M3_r1,samosa,571,0.650459
FKIT,S+X2_M3_r1,samosa,572,0.636907
FKIT,S+X2_M3_r1,samosa,573,0.636418
FKIT,S+X2_M3_r1,samosa,574,0.632038
FKIT,S+X2_M3_r1,samosa,575,0.659423
FKIT,S+X2_M3_r1,samosa,576,0.650805
FKIT,S+X2_M3_r1,samosa,577,0.611539
FKIT,S+X2_M3_r1,samosa,578,0.694296
FKIT,S+X2_M3_r1,samosa,579,0.690257
FKIT,S+X2_M3_r1,samosa,580,0.686228
FKIT,S+X2_M3_r1,samosa,581,0.697932
FKIT,S+X2_M3_r1,samosa,582,0.672293
FKIT,S+X2_M3_r1,samosa,583,0.681661
FKIT,S+X2_M3_r1,samosa,584,0.676452
FKIT,S+X2_M3_r1,samosa,585,0.663862
FKIT,S+X2_M3_r1,samosa,586,0.685452
FKIT,S+X2_M3_r1,samosa,587,0.664299
FKIT,S+X2_M3_r1,samosa,588,0.745367
FKIT,S+X2_M3_r1,samosa,589,0.724160
FKIT,S+X2_M3_r1,samosa,590,0.715557
FKIT,S+X2_M3_r1,samosa,591,0.719880
FKIT,S+X2_M3_r1,samosa,592,0.783320
FKIT,S+X2_M3_r1,samosa,593,0.766512
FKIT,S+X2_M3_r1,samosa,594,0.811729
FKIT,S+X2_M3_r1,samosa,595,0.819884
FKIT,S+X2_M3_r1,samosa,596,0.800651
FKIT,S+X2_M3_r1,samosa,597,0.775470
FKIT,S+X2_M3_r1,samosa,598,0.859631
FKIT,S+X2_M3_r1,samosa,599,0.852430
FKIT,S+X2_M3_r1,samosa,600,0.831357
FKIT,S+X2_M3_r1,samosa,601,0.864730
FKIT,S+X2_M3_r1,samosa,602,0.862660
FKIT,S+X2_M3_r1,samosa,603,0.840480
FKIT,S+X2_M3_r1,samosa,604,0.850231
FKIT,S+X2_M3_r1,samosa,605,0.843895
FKIT,S+X2_M3_r1,samosa,606,0.845577
FKIT,S+X2_M3_r1,samosa,607,0.855348
FKIT,S+X2_M3_r1,samosa,608,0.911711
FKIT,S+X2_M3_r1,samosa,609,0.906547
FKIT,S+X2_M3_r1,samosa,610,0.914972
FKIT,S+X2_M3_r1,samosa,611,0.917140
FKIT,S+X2_M3_r1,samosa,612,0.890637
FKIT,S+X2_M3_r1,samosa,613,0.885190
FKIT,S+X2_M3_r1,samosa,614,0.883793
FKIT,S+X2_M3_r1,samosa,615,0.884316
FKIT,S+X2_M3_r1,samosa,616,0.845883
FKIT,S+X2_M3_r1,samosa,617,0.831218
FKIT,S+X2_M3_r1,samosa,618,0.727525
FKIT,S+X2_M3_r1,samosa,619,0.772791
FKIT,S+X2_M3_r1,samosa,620,0.734400
FKIT,S+X2_M3_r1,samosa,621,0.712187
FKIT,S+X2_M3_r1,samosa,622,0.810045
FKIT,S+X2_M3_r1,samosa,623,0.729276
FKIT,S+X2_M3_r1,samosa,624,0.754226
FKIT,S+X2_M3_r1,samosa,625,0.815003
FKIT,S+X2_M3_r1,samosa,626,0.771730
FKIT,S+X2_M3_r1,samosa,627,0.741050
FKIT,S+X2_M3_r1,samosa,628,0.723455
FKIT,S+X2_M3_r1,samosa,629,0.680561
FKIT,S+X2_M3_r1,samosa,630,0.642232
FKIT,S+X2_M3_r1,samosa,631,0.629059
FKIT,S+X2_M3_r1,samosa,632,0.629196
FKIT,S+X2_M3_r1,samosa,633,0.605386
FKIT,S+X2_M3_r1,samosa,634,0.572770
FKIT,S+X2_M3_r1,samosa,635,0.419270
FKIT,S+X2_M3_r1,samosa,636,0.207536
FKIT,S+X2_M3_r1,samosa,637,0.337744
FKIT,S+X2_M3_r1,samosa,638,0.049647
FKIT,S+X2_M3_r1,samosa,639,0.015933
FKIT,S+X2_M3_r1,samosa,640,0.068045
FKIT,S+X2_M3_r1,samosa,641,0.110723
FKIT,S+X2_M3_r1,samosa,642,0.269609
FKIT,S+X2_M3_r1,samosa,643,0.340382
FKIT,S+X2_M3_r1,samosa,644,0.148363
FKIT,S+X2_M3_r1,samosa,645,0.236496
FKIT,S+X2_M3_r1,samosa,646,0.261678
FKIT,S+X2_M3_r1,samosa,647,0.186326
FKIT,S+X2_M3_r1,samosa,648,0.266540
FKIT,S+X2_M3_r1,samosa,649,0.290028
FKIT,S+X2_M3_r1,samosa,650,0.003025
FKIT,S+X2_M3_r1,samosa,651,0.036815
FKIT,S+X2_M3_r1,samosa,652,0.000000
FKIT,S+X2_M3_r1,samosa,653,0.000494
FKIT,S+X2_M3_r1,samosa,654,0.022553
FKIT,S+X2_M3_r1,samosa,655,0.090706
FKIT,S+X2_M3_r1,samosa,656,0.112329
FKIT,S+X2_M3_r1,samosa,657,0.060245
FKIT,S+X2_M3_r1,samosa,658,0.034792
FKIT,S+X2_M3_r1,samosa,659,0.014495
FKIT,S+X2_M3_r1,samosa,660,0.000146
FKIT,S+X2_M3_r1,samosa,661,0.000000
FKIT,S+X2_M3_r1,samosa,662,0.001694
FKIT,S+X2_M3_r1,samosa,663,0.004573
FKIT,S+X2_M3_r1,samosa,664,0.000365
FKIT,S+X2_M3_r1,samosa,665,0.001170
FKIT,S+X2_M3_r1,samosa,666,0.000000
FKIT,S+X2_M3_r1,samosa,667,0.000000
FKIT,S+X2_M3_r1,samosa,668,0.028549
FKIT,S+X2_M3_r1,samosa,669,0.004455
FKIT,S+X2_M3_r1,samosa,670,0.000000
FKIT,S+X2_M3_r1,samosa,671,0.000000
FKIT,S+X2_M3_r1,samosa,672,0.000000
FKIT,S+X2_M3_r1,samosa,673,0.002260
FKIT,S+X2_M3_r1,samosa,674,0.012200
FKIT,S+X2_M3_r1,samosa,675,0.022713
FKIT,S+X2_M3_r1,samosa,676,0.021627
FKIT,S+X2_M3_r1,samosa,677,0.035024
FKIT,S+X2_M3_r1,samosa,678,0.007565
FKIT,S+X2_M3_r1,samosa,679,0.027501
FKIT,S+X2_M3_r1,samosa,680,0.000000
FKIT,S+X2_M3_r1,samosa,681,0.000000
FKIT,S+X2_M3_r1,samosa,682,0.000000
FKIT,S+X2_M3_r1,samosa,683,0.000000
FKIT,S+X2_M3_r1,samosa,684,0.028918
FKIT,S+X2_M3_r1,samosa,685,0.000000
FKIT,S+X2_M3_r1,samosa,686,0.001115
FKIT,S+X2_M3_r1,samosa,687,0.002385
FKIT,S+X2_M3_r1,samosa,688,0.000000
FKIT,S+X2_M3_r1,samosa,689,0.000632
FKIT,S+X2_M3_r1,samosa,690,0.000000
FKIT,S+X2_M3_r1,samosa,691,0.000000
FKIT,S+X2_M3_r1,samosa,692,0.000000
FKIT,S+X2_M3_r1,samosa,693,0.000000
FKIT,S+X2_M3_r1,samosa,694,0.000000
FKIT,S+X2_M3_r1,samosa,695,0.000000
FKIT,S+X2_M3_r1,samosa,696,0.004614
FKIT,S+X2_M3_r1,samosa,697,0.000000
FKIT,S+X2_M3_r1,samosa,698,0.000000
FKIT,S+X2_M3_r1,samosa,699,0.000000
FKIT,S+X2_M3_r1,samosa,700,0.000000
FKIT,S+X2_M3_r1,samosa,701,0.000000
FKIT,S+X2_M3_r1,samosa,702,0.000000
FKIT,S+X2_M3_r1,samosa,703,0.000000
FKIT,S+X2_M3_r1,samosa,704,0.000000
FKIT,S+X2_M3_r1,samosa,705,0.000000
FKIT,S+X2_M3_r1,samosa,706,0.000000
FKIT,S+X2_M3_r1,samosa,707,0.000000
FKIT,S+X2_M3_r1,samosa,708,0.000000
FKIT,S+X2_M3_r1,samosa,709,0.000000
FKIT,S+X2_M3_r1,samosa,710,0.000000
FKIT,S+X2_M3_r1,samosa,711,0.000000
FKIT,S+X2_M3_r1,samosa,712,0.000000
FKIT,S+X2_M3_r1,samosa,713,0.000000
FKIT,S+X2_M3_r1,samosa,714,0.000000
FKIT,S+X2_M3_r1,samosa,715,0.000000
FKIT,S+X2_M3_r1,samosa,716,0.000000
FKIT,S+X2_M3_r1,samosa,717,0.000000
FKIT,S+X2_M3_r1,samosa,718,0.000000
FKIT,S+X2_M3_r1,samosa,719,0.000000
FKIT,S+X2_M3_r1,samosa,720,0.000000
FKIT,S+X2_M3_r1,samosa,721,0.000000
FKIT,S+X2_M3_r1,samosa,722,0.000000
FKIT,S+X2_M3_r1,samosa,723,0.000000
FKIT,S+X2_M3_r1,samosa,724,0.000000
FKIT,S+X2_M3_r1,samosa,725,0.000000
FKIT,S+X2_M3_r1,samosa,726,0.000000
FKIT,S+X2_M3_r1,samosa,727,0.000000
FKIT,S+X2_M3_r1,samosa,728,0.000000
FKIT,S+X2_M3_r1,samosa,729,0.000000
FKIT,S+X2_M3_r1,samosa,730,0.000000
FKIT,S+X2_M3_r1,samosa,731,0.000000
FKIT,S+X2_M3_r1,samosa,732,0.000000
FKIT,S+X2_M3_r1,samosa,733,0.000000
FKIT,S+X2_M3_r1,samosa,734,0.000000
FKIT,S+X2_M3_r1,samosa,735,0.000000
FKIT,S+X2_M3_r1,samosa,736,0.000000
FKIT,S+X2_M3_r1,samosa,737,0.000000
FKIT,S+X2_M3_r1,samosa,738,0.000000
FKIT,S+X2_M3_r1,samosa,739,0.000233
FKIT,S+X2_M3_r1,samosa,740,0.000000
FKIT,S+X2_M3_r1,samosa,741,0.000000
FKIT,S+X2_M3_r1,samosa,742,0.000000
FKIT,S+X2_M3_r1,samosa,743,0.000000
FKIT,S+X2_M3_r1,samosa,744,0.000000
FKIT,S+X2_M3_r1,samosa,745,0.000000
FKIT,S+X2_M3_r1,samosa,746,0.000000
FKIT,S+X2_M3_r1,samosa,747,0.000000
FKIT,S+X2_M3_r1,samosa,748,0.000000
FKIT,S+X2_M3_r1,samosa,749,0.000000
FKIT,S+X2_M3_r1,samosa,750,0.000000
FKIT,S+X2_M3_r1,samosa,751,0.000000
FKIT,S+X2_M3_r1,samosa,752,0.000000
FKIT,S+X2_M3_r1,samosa,753,0.000000
FKIT,S+X2_M3_r1,samosa,754,0.000000
FKIT,S+X2_M3_r1,samosa,755,0.000000
FKIT,S+X2_M3_r1,samosa,756,0.000000
FKIT,S+X2_M3_r1,samosa,757,0.000000
FKIT,S+X2_M3_r1,samosa,758,0.000000
FKIT,S+X2_M3_r1,samosa,759,0.000000
FKIT,S+X2_M3_r1,samosa,760,0.000000
FKIT,S+X2_M3_r1,samosa,761,0.000000
FKIT,S+X2_M3_r1,samosa,762,0.000000
FKIT,S+X2_M3_r1,samosa,763,0.000000
FKIT,S+X2_M3_r1,samosa,764,0.000000
FKIT,S+X2_M3_r1,samosa,765,0.000000
FKIT,S+X2_M3_r1,samosa,766,0.000000
FKIT,S+X2_M3_r1,samosa,767,0.000000
FKIT,S+X2_M3_r1,samosa,768,0.000000
FKIT,S+X2_M3_r1,samosa,769,0.000000
FKIT,S+X2_M3_r1,samosa,770,0.000000
FKIT,S+X2_M3_r1,samosa,771,0.000000
FKIT,S+X2_M3_r1,samosa,772,0.000000
FKIT,S+X2_M3_r1,samosa,773,0.000000
FKIT,S+X2_M3_r1,samosa,774,0.000000
FKIT,S+X2_M3_r1,samosa,775,0.000000
FKIT,S+X2_M3_r1,samosa,776,0.000000
FKIT,S+X2_M3_r1,samosa,777,0.000000
FKIT,S+X2_M3_r1,samosa,778,0.000000
FKIT,S+X2_M3_r1,samosa,779,0.000000
FKIT,S+X2_M3_r1,samosa,780,0.000000
FKIT,S+X2_M3_r1,samosa,781,0.000000
FKIT,S+X2_M3_r1,samosa,782,0.000000
FKIT,S+X2_M3_r1,samosa,783,0.000000
FKIT,S+X2_M3_r1,samosa,784,0.000000
FKIT,S+X2_M3_r1,samosa,785,0.000000
FKIT,S+X2_M3_r1,samosa,786,0.000000
FKIT,S+X2_M3_r1,samosa,787,0.000000
FKIT,S+X2_M3_r1,samosa,788,0.000000
FKIT,S+X2_M3_r1,samosa,789,0.000000
FKIT,S+X2_M3_r1,samosa,790,0.000000
FKIT,S+X2_M3_r1,samosa,791,0.000000
FKIT,S+X2_M3_r1,samosa,792,0.000000
FKIT,S+X2_M3_r1,samosa,793,0.000000
FKIT,S+X2_M3_r1,samosa,794,0.000000
FKIT,S+X2_M3_r1,samosa,795,0.000000
FKIT,S+X2_M3_r1,samosa,796,0.000000
FKIT,S+X2_M3_r1,samosa,797,0.000000
FKIT,S+X2_M3_r1,samosa,798,0.000000
FKIT,S+X2_M3_r1,samosa,799,0.000000
FKIT,S+X2_M3_r1,samosa,800,0.000000
FKIT,S+X2_M3_r1,samosa,801,0.000000
FKIT,S+X2_M3_r1,samosa,802,0.000000
FKIT,S+X2_M3_r1,samosa,803,0.000000
FKIT,S+X2_M3_r1,samosa,804,0.000000
FKIT,S+X2_M3_r1,samosa,805,0.000000
FKIT,S+X2_M3_r1,samosa,806,0.000000
FKIT,S+X2_M3_r1,samosa,807,0.000000
FKIT,S+X2_M3_r1,samosa,808,0.000000
FKIT,S+X2_M3_r1,samosa,809,0.000000
FKIT,S+X2_M3_r1,samosa,810,0.000000
FKIT,S+X2_M3_r1,samosa,811,0.000000
FKIT,S+X2_M3_r1,samosa,812,0.000000
FKIT,S+X2_M3_r1,samosa,813,0.000000
FKIT,S+X2_M3_r1,samosa,814,0.000000
FKIT,S+X2_M3_r1,samosa,815,0.000000
FKIT,S+X2_M3_r1,samosa,816,0.000000
FKIT,S+X2_M3_r1,samosa,817,0.000000
FKIT,S+X2_M3_r1,samosa,818,0.000000
FKIT,S+X2_M3_r1,samosa,819,0.000000
FKIT,S+X2_M3_r1,samosa,820,0.000000
FKIT,S+X2_M3_r1,samosa,821,0.000000
FKIT,S+X2_M3_r1,samosa,822,0.000000
FKIT,S+X2_M3_r1,samosa,823,0.000000
FKIT,S+X2_M3_r1,samosa,824,0.000000
FKIT,S+X2_M3_r1,samosa,825,0.000000
FKIT,S+X2_M3_r1,samosa,826,0.000000
FKIT,S+X2_M3_r1,samosa,827,0.000000
FKIT,S+X2_M3_r1,samosa,828,0.000000
FKIT,S+X2_M3_r1,samosa,829,0.000000
FKIT,S+X2_M3_r1,samosa,830,0.000000
FKIT,S+X2_M3_r1,samosa,831,0.000000
FKIT,S+X2_M3_r1,samosa,832,0.000000
FKIT,S+X2_M3_r1,samosa,833,0.000000
FKIT,S+X2_M3_r1,samosa,834,0.000000
FKIT,S+X2_M3_r1,samosa,835,0.000000
FKIT,S+X2_M3_r1,samosa,836,0.000000
FKIT,S+X2_M3_r1,samosa,837,0.000000
FKIT,S+X2_M3_r1,samosa,838,0.000000
FKIT,S+X2_M3_r1,samosa,839,0.000000
FKIT,S+X2_M3_r1,samosa,840,0.000000
FKIT,S+X2_M3_r1,samosa,841,0.000000
FKIT,S+X2_M3_r1,samosa,842,0.000000
FKIT,S+X2_M3_r1,samosa,843,0.000000
FKIT,S+X2_M3_r1,samosa,844,0.000000
FKIT,S+X2_M3_r1,samosa,845,0.000000
FKIT,S+X2_M3_r1,samosa,846,0.000000
FKIT,S+X2_M3_r1,samosa,847,0.000000
FKIT,S+X2_M3_r1,yellow_cane,0,0.000000
FKIT,S+X2_M3_r1,yellow_cane,1,0.000000
FKIT,S+X2_M3_r1,yellow_cane,2,0.000000
FKIT,S+X2_M3_r1,yellow_cane,3,0.000000
FKIT,S+X2_M3_r1,yellow_cane,4,0.000000
FKIT,S+X2_M3_r1,yellow_cane,5,0.000000
FKIT,S+X2_M3_r1,yellow_cane,6,0.000000
FKIT,S+X2_M3_r1,yellow_cane,7,0.000000
FKIT,S+X2_M3_r1,yellow_cane,8,0.000000
FKIT,S+X2_M3_r1,yellow_cane,9,0.000000
FKIT,S+X2_M3_r1,yellow_cane,10,0.000000
FKIT,S+X2_M3_r1,yellow_cane,11,0.000000
FKIT,S+X2_M3_r1,yellow_cane,12,0.000000
FKIT,S+X2_M3_r1,yellow_cane,13,0.000000
FKIT,S+X2_M3_r1,yellow_cane,14,0.000000
FKIT,S+X2_M3_r1,yellow_cane,15,0.000000
FKIT,S+X2_M3_r1,yellow_cane,16,0.000000
FKIT,S+X2_M3_r1,yellow_cane,17,0.000000
FKIT,S+X2_M3_r1,yellow_cane,18,0.000000
FKIT,S+X2_M3_r1,yellow_cane,19,0.000000
FKIT,S+X2_M3_r1,yellow_cane,20,0.000000
FKIT,S+X2_M3_r1,yellow_cane,21,0.000000
FKIT,S+X2_M3_r1,yellow_cane,22,0.000000
FKIT,S+X2_M3_r1,yellow_cane,23,0.000000
FKIT,S+X2_M3_r1,yellow_cane,24,0.000000
FKIT,S+X2_M3_r1,yellow_cane,25,0.000000
FKIT,S+X2_M3_r1,yellow_cane,26,0.000000
FKIT,S+X2_M3_r1,yellow_cane,27,0.000000
FKIT,S+X2_M3_r1,yellow_cane,28,0.000000
FKIT,S+X2_M3_r1,yellow_cane,29,0.000000
FKIT,S+X2_M3_r1,yellow_cane,30,0.000000
FKIT,S+X2_M3_r1,yellow_cane,31,0.000000
FKIT,S+X2_M3_r1,yellow_cane,32,0.000000
FKIT,S+X2_M3_r1,yellow_cane,33,0.000000
FKIT,S+X2_M3_r1,yellow_cane,34,0.000000
FKIT,S+X2_M3_r1,yellow_cane,35,0.000000
FKIT,S+X2_M3_r1,yellow_cane,36,0.000000
FKIT,S+X2_M3_r1,yellow_cane,37,0.000000
FKIT,S+X2_M3_r1,yellow_cane,38,0.000000
FKIT,S+X2_M3_r1,yellow_cane,39,0.000000
FKIT,S+X2_M3_r1,yellow_cane,40,0.000000
FKIT,S+X2_M3_r1,yellow_cane,41,0.000000
FKIT,S+X2_M3_r1,yellow_cane,42,0.000000
FKIT,S+X2_M3_r1,yellow_cane,43,0.000000
FKIT,S+X2_M3_r1,yellow_cane,44,0.000000
FKIT,S+X2_M3_r1,yellow_cane,45,0.000000
FKIT,S+X2_M3_r1,yellow_cane,46,0.000000
FKIT,S+X2_M3_r1,yellow_cane,47,0.000000
FKIT,S+X2_M3_r1,yellow_cane,48,0.000000
FKIT,S+X2_M3_r1,yellow_cane,49,0.000000
FKIT,S+X2_M3_r1,yellow_cane,50,0.000000
FKIT,S+X2_M3_r1,yellow_cane,51,0.000000
FKIT,S+X2_M3_r1,yellow_cane,52,0.000000
FKIT,S+X2_M3_r1,yellow_cane,53,0.000000
FKIT,S+X2_M3_r1,yellow_cane,54,0.000000
FKIT,S+X2_M3_r1,yellow_cane,55,0.000000
FKIT,S+X2_M3_r1,yellow_cane,56,0.000000
FKIT,S+X2_M3_r1,yellow_cane,57,0.000000
FKIT,S+X2_M3_r1,yellow_cane,58,0.000000
FKIT,S+X2_M3_r1,yellow_cane,59,0.000000
FKIT,S+X2_M3_r1,yellow_cane,60,0.000000
FKIT,S+X2_M3_r1,yellow_cane,61,0.000000
FKIT,S+X2_M3_r1,yellow_cane,62,0.000000
FKIT,S+X2_M3_r1,yellow_cane,63,0.000000
FKIT,S+X2_M3_r1,yellow_cane,64,0.000000
FKIT,S+X2_M3_r1,yellow_cane,65,0.000000
FKIT,S+X2_M3_r1,yellow_cane,66,0.000000
FKIT,S+X2_M3_r1,yellow_cane,67,0.000000
FKIT,S+X2_M3_r1,yellow_cane,68,0.000000
FKIT,S+X2_M3_r1,yellow_cane,69,0.000000
FKIT,S+X2_M3_r1,yellow_cane,70,0.000000
FKIT,S+X2_M3_r1,yellow_cane,71,0.000000
FKIT,S+X2_M3_r1,yellow_cane,72,0.000000
FKIT,S+X2_M3_r1,yellow_cane,73,0.000000
FKIT,S+X2_M3_r1,yellow_cane,74,0.000000
FKIT,S+X2_M3_r1,yellow_cane,75,0.000000
FKIT,S+X2_M3_r1,yellow_cane,76,0.000000
FKIT,S+X2_M3_r1,yellow_cane,77,0.000000
FKIT,S+X2_M3_r1,yellow_cane,78,0.000000
FKIT,S+X2_M3_r1,yellow_cane,79,0.000000
FKIT,S+X2_M3_r1,yellow_cane,80,0.000000
FKIT,S+X2_M3_r1,yellow_cane,81,0.000000
FKIT,S+X2_M3_r1,yellow_cane,82,0.000000
FKIT,S+X2_M3_r1,yellow_cane,83,0.000000
FKIT,S+X2_M3_r1,yellow_cane,84,0.000000
FKIT,S+X2_M3_r1,yellow_cane,85,0.000000
FKIT,S+X2_M3_r1,yellow_cane,86,0.000000
FKIT,S+X2_M3_r1,yellow_cane,87,0.000000
FKIT,S+X2_M3_r1,yellow_cane,88,0.000000
FKIT,S+X2_M3_r1,yellow_cane,89,0.000000
FKIT,S+X2_M3_r1,yellow_cane,90,0.000000
FKIT,S+X2_M3_r1,yellow_cane,91,0.000000
FKIT,S+X2_M3_r1,yellow_cane,92,0.000000
FKIT,S+X2_M3_r1,yellow_cane,93,0.000000
FKIT,S+X2_M3_r1,yellow_cane,94,0.000000
FKIT,S+X2_M3_r1,yellow_cane,95,0.000000
FKIT,S+X2_M3_r1,yellow_cane,96,0.000000
FKIT,S+X2_M3_r1,yellow_cane,97,0.000000
FKIT,S+X2_M3_r1,yellow_cane,98,0.000000
FKIT,S+X2_M3_r1,yellow_cane,99,0.000000
FKIT,S+X2_M3_r1,yellow_cane,100,0.000000
FKIT,S+X2_M3_r1,yellow_cane,101,0.000000
FKIT,S+X2_M3_r1,yellow_cane,102,0.000000
FKIT,S+X2_M3_r1,yellow_cane,103,0.000000
FKIT,S+X2_M3_r1,yellow_cane,104,0.000000
FKIT,S+X2_M3_r1,yellow_cane,105,0.000000
FKIT,S+X2_M3_r1,yellow_cane,106,0.000000
FKIT,S+X2_M3_r1,yellow_cane,107,0.000000
FKIT,S+X2_M3_r1,yellow_cane,108,0.000000
FKIT,S+X2_M3_r1,yellow_cane,109,0.000000
FKIT,S+X2_M3_r1,yellow_cane,110,0.000000
FKIT,S+X2_M3_r1,yellow_cane,111,0.000000
FKIT,S+X2_M3_r1,yellow_cane,112,0.000000
FKIT,S+X2_M3_r1,yellow_cane,113,0.000000
FKIT,S+X2_M3_r1,yellow_cane,114,0.000000
FKIT,S+X2_M3_r1,yellow_cane,115,0.000000
FKIT,S+X2_M3_r1,yellow_cane,116,0.000000
FKIT,S+X2_M3_r1,yellow_cane,117,0.000000
FKIT,S+X2_M3_r1,yellow_cane,118,0.000000
FKIT,S+X2_M3_r1,yellow_cane,119,0.000000
FKIT,S+X2_M3_r1,yellow_cane,120,0.000000
FKIT,S+X2_M3_r1,yellow_cane,121,0.000000
FKIT,S+X2_M3_r1,yellow_cane,122,0.000000
FKIT,S+X2_M3_r1,yellow_cane,123,0.000000
FKIT,S+X2_M3_r1,yellow_cane,124,0.000000
FKIT,S+X2_M3_r1,yellow_cane,125,0.000000
FKIT,S+X2_M3_r1,yellow_cane,126,0.000000
FKIT,S+X2_M3_r1,yellow_cane,127,0.000000
FKIT,S+X2_M3_r1,yellow_cane,128,0.000000
FKIT,S+X2_M3_r1,yellow_cane,129,0.000000
FKIT,S+X2_M3_r1,yellow_cane,130,0.000000
FKIT,S+X2_M3_r1,yellow_cane,131,0.000000
FKIT,S+X2_M3_r1,yellow_cane,132,0.000000
FKIT,S+X2_M3_r1,yellow_cane,133,0.000000
FKIT,S+X2_M3_r1,yellow_cane,134,0.000000
FKIT,S+X2_M3_r1,yellow_cane,135,0.000000
FKIT,S+X2_M3_r1,yellow_cane,136,0.000000
FKIT,S+X2_M3_r1,yellow_cane,137,0.000000
FKIT,S+X2_M3_r1,yellow_cane,138,0.000000
FKIT,S+X2_M3_r1,yellow_cane,139,0.000000
FKIT,S+X2_M3_r1,yellow_cane,140,0.000000
FKIT,S+X2_M3_r1,yellow_cane,141,0.000000
FKIT,S+X2_M3_r1,yellow_cane,142,0.000000
FKIT,S+X2_M3_r1,yellow_cane,143,0.000000
FKIT,S+X2_M3_r1,yellow_cane,144,0.000000
FKIT,S+X2_M3_r1,yellow_cane,145,0.000000
FKIT,S+X2_M3_r1,yellow_cane,146,0.000000
FKIT,S+X2_M3_r1,yellow_cane,147,0.000000
FKIT,S+X2_M3_r1,yellow_cane,148,0.000000
FKIT,S+X2_M3_r1,yellow_cane,149,0.000000
FKIT,S+X2_M3_r1,yellow_cane,150,0.000000
FKIT,S+X2_M3_r1,yellow_cane,151,0.000000
FKIT,S+X2_M3_r1,yellow_cane,152,0.000000
FKIT,S+X2_M3_r1,yellow_cane,153,0.000000
FKIT,S+X2_M3_r1,yellow_cane,154,0.000000
FKIT,S+X2_M3_r1,yellow_cane,155,0.000000
FKIT,S+X2_M3_r1,yellow_cane,156,0.000000
FKIT,S+X2_M3_r1,yellow_cane,157,0.000000
FKIT,S+X2_M3_r1,yellow_cane,158,0.000000
FKIT,S+X2_M3_r1,yellow_cane,159,0.000000
FKIT,S+X2_M3_r1,yellow_cane,160,0.000000
FKIT,S+X2_M3_r1,yellow_cane,161,0.000000
FKIT,S+X2_M3_r1,yellow_cane,162,0.000000
FKIT,S+X2_M3_r1,yellow_cane,163,0.000000
FKIT,S+X2_M3_r1,yellow_cane,164,0.000000
FKIT,S+X2_M3_r1,yellow_cane,165,0.000000
FKIT,S+X2_M3_r1,yellow_cane,166,0.000000
FKIT,S+X2_M3_r1,yellow_cane,167,0.000000
FKIT,S+X2_M3_r1,yellow_cane,168,0.000000
FKIT,S+X2_M3_r1,yellow_cane,169,0.000000
FKIT,S+X2_M3_r1,yellow_cane,170,0.000000
FKIT,S+X2_M3_r1,yellow_cane,171,0.000000
FKIT,S+X2_M3_r1,yellow_cane,172,0.000000
FKIT,S+X2_M3_r1,yellow_cane,173,0.000000
FKIT,S+X2_M3_r1,yellow_cane,174,0.000000
FKIT,S+X2_M3_r1,yellow_cane,175,0.000000
FKIT,S+X2_M3_r1,yellow_cane,176,0.000000
FKIT,S+X2_M3_r1,yellow_cane,177,0.000000
FKIT,S+X2_M3_r1,yellow_cane,178,0.000000
FKIT,S+X2_M3_r1,yellow_cane,179,0.000000
FKIT,S+X2_M3_r1,yellow_cane,180,0.000000
FKIT,S+X2_M3_r1,yellow_cane,181,0.000000
FKIT,S+X2_M3_r1,yellow_cane,182,0.000000
FKIT,S+X2_M3_r1,yellow_cane,183,0.000000
FKIT,S+X2_M3_r1,yellow_cane,184,0.000000
FKIT,S+X2_M3_r1,yellow_cane,185,0.000000
FKIT,S+X2_M3_r1,yellow_cane,186,0.000000
FKIT,S+X2_M3_r1,yellow_cane,187,0.000000
FKIT,S+X2_M3_r1,yellow_cane,188,0.000000
FKIT,S+X2_M3_r1,yellow_cane,189,0.000000
FKIT,S+X2_M3_r1,yellow_cane,190,0.000000
FKIT,S+X2_M3_r1,yellow_cane,191,0.000000
FKIT,S+X2_M3_r1,yellow_cane,192,0.000000
FKIT,S+X2_M3_r1,yellow_cane,193,0.000000
FKIT,S+X2_M3_r1,yellow_cane,194,0.000000
FKIT,S+X2_M3_r1,yellow_cane,195,0.000000
FKIT,S+X2_M3_r1,yellow_cane,196,0.000000
FKIT,S+X2_M3_r1,yellow_cane,197,0.000000
FKIT,S+X2_M3_r1,yellow_cane,198,0.000000
FKIT,S+X2_M3_r1,yellow_cane,199,0.000000
FKIT,S+X2_M3_r1,yellow_cane,200,0.000000
FKIT,S+X2_M3_r1,yellow_cane,201,0.000000
FKIT,S+X2_M3_r1,yellow_cane,202,0.000000
FKIT,S+X2_M3_r1,yellow_cane,203,0.000000
FKIT,S+X2_M3_r1,yellow_cane,204,0.000000
FKIT,S+X2_M3_r1,yellow_cane,205,0.000000
FKIT,S+X2_M3_r1,yellow_cane,206,0.000000
FKIT,S+X2_M3_r1,yellow_cane,207,0.000000
FKIT,S+X2_M3_r1,yellow_cane,208,0.000000
FKIT,S+X2_M3_r1,yellow_cane,209,0.000000
FKIT,S+X2_M3_r1,yellow_cane,210,0.000000
FKIT,S+X2_M3_r1,yellow_cane,211,0.000000
FKIT,S+X2_M3_r1,yellow_cane,212,0.000000
FKIT,S+X2_M3_r1,yellow_cane,213,0.000000
FKIT,S+X2_M3_r1,yellow_cane,214,0.000000
FKIT,S+X2_M3_r1,yellow_cane,215,0.000000
FKIT,S+X2_M3_r1,yellow_cane,216,0.000000
FKIT,S+X2_M3_r1,yellow_cane,217,0.000000
FKIT,S+X2_M3_r1,yellow_cane,218,0.000000
FKIT,S+X2_M3_r1,yellow_cane,219,0.000000
FKIT,S+X2_M3_r1,yellow_cane,220,0.000000
FKIT,S+X2_M3_r1,yellow_cane,221,0.000000
FKIT,S+X2_M3_r1,yellow_cane,222,0.000000
FKIT,S+X2_M3_r1,yellow_cane,223,0.000000
FKIT,S+X2_M3_r1,yellow_cane,224,0.000000
FKIT,S+X2_M3_r1,yellow_cane,225,0.000000
FKIT,S+X2_M3_r1,yellow_cane,226,0.000000
FKIT,S+X2_M3_r1,yellow_cane,227,0.000000
FKIT,S+X2_M3_r1,yellow_cane,228,0.000000
FKIT,S+X2_M3_r1,yellow_cane,229,0.000000
FKIT,S+X2_M3_r1,yellow_cane,230,0.000000
FKIT,S+X2_M3_r1,yellow_cane,231,0.000000
FKIT,S+X2_M3_r1,yellow_cane,232,0.000000
FKIT,S+X2_M3_r1,yellow_cane,233,0.000000
FKIT,S+X2_M3_r1,yellow_cane,234,0.000000
FKIT,S+X2_M3_r1,yellow_cane,235,0.000000
FKIT,S+X2_M3_r1,yellow_cane,236,0.000000
FKIT,S+X2_M3_r1,yellow_cane,237,0.000000
FKIT,S+X2_M3_r1,yellow_cane,238,0.000000
FKIT,S+X2_M3_r1,yellow_cane,239,0.000000
FKIT,S+X2_M3_r1,yellow_cane,240,0.000000
FKIT,S+X2_M3_r1,yellow_cane,241,0.000000
FKIT,S+X2_M3_r1,yellow_cane,242,0.000000
FKIT,S+X2_M3_r1,yellow_cane,243,0.000000
FKIT,S+X2_M3_r1,yellow_cane,244,0.000000
FKIT,S+X2_M3_r1,yellow_cane,245,0.000000
FKIT,S+X2_M3_r1,yellow_cane,246,0.000000
FKIT,S+X2_M3_r1,yellow_cane,247,0.000000
FKIT,S+X2_M3_r1,yellow_cane,248,0.000000
FKIT,S+X2_M3_r1,yellow_cane,249,0.000000
FKIT,S+X2_M3_r1,yellow_cane,250,0.000000
FKIT,S+X2_M3_r1,yellow_cane,251,0.000000
FKIT,S+X2_M3_r1,yellow_cane,252,0.000000
FKIT,S+X2_M3_r1,yellow_cane,253,0.000000
FKIT,S+X2_M3_r1,yellow_cane,254,0.000000
FKIT,S+X2_M3_r1,yellow_cane,255,0.000000
FKIT,S+X2_M3_r1,yellow_cane,256,0.000000
FKIT,S+X2_M3_r1,yellow_cane,257,0.000000
FKIT,S+X2_M3_r1,yellow_cane,258,0.000000
FKIT,S+X2_M3_r1,yellow_cane,259,0.000000
FKIT,S+X2_M3_r1,yellow_cane,260,0.000000
FKIT,S+X2_M3_r1,yellow_cane,261,0.000000
FKIT,S+X2_M3_r1,yellow_cane,262,0.000000
FKIT,S+X2_M3_r1,yellow_cane,263,0.000000
FKIT,S+X2_M3_r1,yellow_cane,264,0.000000
FKIT,S+X2_M3_r1,yellow_cane,265,0.000000
FKIT,S+X2_M3_r1,yellow_cane,266,0.000000
FKIT,S+X2_M3_r1,yellow_cane,267,0.000000
FKIT,S+X2_M3_r1,yellow_cane,268,0.000000
FKIT,S+X2_M3_r1,yellow_cane,269,0.000000
FKIT,S+X2_M3_r1,yellow_cane,270,0.000000
FKIT,S+X2_M3_r1,yellow_cane,271,0.000000
FKIT,S+X2_M3_r1,yellow_cane,272,0.000000
FKIT,S+X2_M3_r1,yellow_cane,273,0.000000
FKIT,S+X2_M3_r1,yellow_cane,274,0.000000
FKIT,S+X2_M3_r1,yellow_cane,275,0.000000
FKIT,S+X2_M3_r1,yellow_cane,276,0.000000
FKIT,S+X2_M3_r1,yellow_cane,277,0.000000
FKIT,S+X2_M3_r1,yellow_cane,278,0.000000
FKIT,S+X2_M3_r1,yellow_cane,279,0.000000
FKIT,S+X2_M3_r1,yellow_cane,280,0.000000
FKIT,S+X2_M3_r1,yellow_cane,281,0.000000
FKIT,S+X2_M3_r1,yellow_cane,282,0.000000
FKIT,S+X2_M3_r1,yellow_cane,283,0.000000
FKIT,S+X2_M3_r1,yellow_cane,284,0.000000
FKIT,S+X2_M3_r1,yellow_cane,285,0.000000
FKIT,S+X2_M3_r1,yellow_cane,286,0.000000
FKIT,S+X2_M3_r1,yellow_cane,287,0.000000
FKIT,S+X2_M3_r1,yellow_cane,288,0.000000
FKIT,S+X2_M3_r1,yellow_cane,289,0.000000
FKIT,S+X2_M3_r1,yellow_cane,290,0.000000
FKIT,S+X2_M3_r1,yellow_cane,291,0.000000
FKIT,S+X2_M3_r1,yellow_cane,292,0.000000
FKIT,S+X2_M3_r1,yellow_cane,293,0.000000
FKIT,S+X2_M3_r1,yellow_cane,294,0.000000
FKIT,S+X2_M3_r1,yellow_cane,295,0.000000
FKIT,S+X2_M3_r1,yellow_cane,296,0.000000
FKIT,S+X2_M3_r1,yellow_cane,297,0.000000
FKIT,S+X2_M3_r1,yellow_cane,298,0.000000
FKIT,S+X2_M3_r1,yellow_cane,299,0.000000
FKIT,S+X2_M3_r1,yellow_cane,300,0.000000
FKIT,S+X2_M3_r1,yellow_cane,301,0.000000
FKIT,S+X2_M3_r1,yellow_cane,302,0.000000
FKIT,S+X2_M3_r1,yellow_cane,303,0.000000
FKIT,S+X2_M3_r1,yellow_cane,304,0.000000
FKIT,S+X2_M3_r1,yellow_cane,305,0.000000
FKIT,S+X2_M3_r1,yellow_cane,306,0.000000
FKIT,S+X2_M3_r1,yellow_cane,307,0.000000
FKIT,S+X2_M3_r1,yellow_cane,308,0.000000
FKIT,S+X2_M3_r1,yellow_cane,309,0.000000
FKIT,S+X2_M3_r1,yellow_cane,310,0.000000
FKIT,S+X2_M3_r1,yellow_cane,311,0.000000
FKIT,S+X2_M3_r1,yellow_cane,312,0.000000
FKIT,S+X2_M3_r1,yellow_cane,313,0.000000
FKIT,S+X2_M3_r1,yellow_cane,314,0.000000
FKIT,S+X2_M3_r1,yellow_cane,315,0.000000
FKIT,S+X2_M3_r1,yellow_cane,316,0.000000
FKIT,S+X2_M3_r1,yellow_cane,317,0.000000
FKIT,S+X2_M3_r1,yellow_cane,318,0.000000
FKIT,S+X2_M3_r1,yellow_cane,319,0.000000
FKIT,S+X2_M3_r1,yellow_cane,320,0.000000
FKIT,S+X2_M3_r1,yellow_cane,321,0.000000
FKIT,S+X2_M3_r1,yellow_cane,322,0.000000
FKIT,S+X2_M3_r1,yellow_cane,323,0.000000
FKIT,S+X2_M3_r1,yellow_cane,324,0.000000
FKIT,S+X2_M3_r1,yellow_cane,325,0.000000
FKIT,S+X2_M3_r1,yellow_cane,326,0.000000
FKIT,S+X2_M3_r1,yellow_cane,327,0.000000
FKIT,S+X2_M3_r1,yellow_cane,328,0.000000
FKIT,S+X2_M3_r1,yellow_cane,329,0.000000
FKIT,S+X2_M3_r1,yellow_cane,330,0.000000
FKIT,S+X2_M3_r1,yellow_cane,331,0.000000
FKIT,S+X2_M3_r1,yellow_cane,332,0.000000
FKIT,S+X2_M3_r1,yellow_cane,333,0.000000
FKIT,S+X2_M3_r1,yellow_cane,334,0.000000
FKIT,S+X2_M3_r1,yellow_cane,335,0.000000
FKIT,S+X2_M3_r1,yellow_cane,336,0.000000
FKIT,S+X2_M3_r1,yellow_cane,337,0.000000
FKIT,S+X2_M3_r1,yellow_cane,338,0.000000
FKIT,S+X2_M3_r1,yellow_cane,339,0.000000
FKIT,S+X2_M3_r1,yellow_cane,340,0.000000
FKIT,S+X2_M3_r1,yellow_cane,341,0.000000
FKIT,S+X2_M3_r1,yellow_cane,342,0.000000
FKIT,S+X2_M3_r1,yellow_cane,343,0.000000
FKIT,S+X2_M3_r1,yellow_cane,344,0.000000
FKIT,S+X2_M3_r1,yellow_cane,345,0.000000
FKIT,S+X2_M3_r1,yellow_cane,346,0.000000
FKIT,S+X2_M3_r1,yellow_cane,347,0.000000
FKIT,S+X2_M3_r1,yellow_cane,348,0.000000
FKIT,S+X2_M3_r1,yellow_cane,349,0.000000
FKIT,S+X2_M3_r1,yellow_cane,350,0.000000
FKIT,S+X2_M3_r1,yellow_cane,351,0.000000
FKIT,S+X2_M3_r1,yellow_cane,352,0.000000
FKIT,S+X2_M3_r1,yellow_cane,353,0.000000
FKIT,S+X2_M3_r1,yellow_cane,354,0.000000
FKIT,S+X2_M3_r1,yellow_cane,355,0.000000
FKIT,S+X2_M3_r1,yellow_cane,356,0.000000
FKIT,S+X2_M3_r1,yellow_cane,357,0.000000
FKIT,S+X2_M3_r1,yellow_cane,358,0.000000
FKIT,S+X2_M3_r1,yellow_cane,359,0.000000
FKIT,S+X2_M3_r1,yellow_cane,360,0.000000
FKIT,S+X2_M3_r1,yellow_cane,361,0.000000
FKIT,S+X2_M3_r1,yellow_cane,362,0.000000
FKIT,S+X2_M3_r1,yellow_cane,363,0.000000
FKIT,S+X2_M3_r1,yellow_cane,364,0.000000
FKIT,S+X2_M3_r1,yellow_cane,365,0.000000
FKIT,S+X2_M3_r1,yellow_cane,366,0.000000
FKIT,S+X2_M3_r1,yellow_cane,367,0.000000
FKIT,S+X2_M3_r1,yellow_cane,368,0.000000
FKIT,S+X2_M3_r1,yellow_cane,369,0.000000
FKIT,S+X2_M3_r1,yellow_cane,370,0.000000
FKIT,S+X2_M3_r1,yellow_cane,371,0.000000
FKIT,S+X2_M3_r1,yellow_cane,372,0.000000
FKIT,S+X2_M3_r1,yellow_cane,373,0.000000
FKIT,S+X2_M3_r1,yellow_cane,374,0.000000
FKIT,S+X2_M3_r1,yellow_cane,375,0.000000
FKIT,S+X2_M3_r1,yellow_cane,376,0.000000
FKIT,S+X2_M3_r1,yellow_cane,377,0.000000
FKIT,S+X2_M3_r1,yellow_cane,378,0.000000
FKIT,S+X2_M3_r1,yellow_cane,379,0.000000
FKIT,S+X2_M3_r1,yellow_cane,380,0.000000
FKIT,S+X2_M3_r1,yellow_cane,381,0.000000
FKIT,S+X2_M3_r1,yellow_cane,382,0.000000
FKIT,S+X2_M3_r1,yellow_cane,383,0.000000
FKIT,S+X2_M3_r1,yellow_cane,384,0.000000
FKIT,S+X2_M3_r1,yellow_cane,385,0.000000
FKIT,S+X2_M3_r1,yellow_cane,386,0.000000
FKIT,S+X2_M3_r1,yellow_cane,387,0.000000
FKIT,S+X2_M3_r1,yellow_cane,388,0.000000
FKIT,S+X2_M3_r1,yellow_cane,389,0.000000
FKIT,S+X2_M3_r1,yellow_cane,390,0.000000
FKIT,S+X2_M3_r1,yellow_cane,391,0.000000
FKIT,S+X2_M3_r1,yellow_cane,392,0.000000
FKIT,S+X2_M3_r1,yellow_cane,393,0.000000
FKIT,S+X2_M3_r1,yellow_cane,394,0.000000
FKIT,S+X2_M3_r1,yellow_cane,395,0.000000
FKIT,S+X2_M3_r1,yellow_cane,396,0.000000
FKIT,S+X2_M3_r1,yellow_cane,397,0.000000
FKIT,S+X2_M3_r1,yellow_cane,398,0.000000
FKIT,S+X2_M3_r1,yellow_cane,399,0.000000
FKIT,S+X2_M3_r1,yellow_cane,400,0.000000
FKIT,S+X2_M3_r1,yellow_cane,401,0.000000
FKIT,S+X2_M3_r1,yellow_cane,402,0.000000
FKIT,S+X2_M3_r1,yellow_cane,403,0.000000
FKIT,S+X2_M3_r1,yellow_cane,404,0.000000
FKIT,S+X2_M3_r1,yellow_cane,405,0.000000
FKIT,S+X2_M3_r1,yellow_cane,406,0.000000
FKIT,S+X2_M3_r1,yellow_cane,407,0.000000
FKIT,S+X2_M3_r1,yellow_cane,408,0.000000
FKIT,S+X2_M3_r1,yellow_cane,409,0.000000
FKIT,S+X2_M3_r1,yellow_cane,410,0.000000
FKIT,S+X2_M3_r1,yellow_cane,411,0.000000
FKIT,S+X2_M3_r1,yellow_cane,412,0.000000
FKIT,S+X2_M3_r1,yellow_cane,413,0.000000
FKIT,S+X2_M3_r1,yellow_cane,414,0.000000
FKIT,S+X2_M3_r1,yellow_cane,415,0.000000
FKIT,S+X2_M3_r1,yellow_cane,416,0.000000
FKIT,S+X2_M3_r1,yellow_cane,417,0.000000
FKIT,S+X2_M3_r1,yellow_cane,418,0.000000
FKIT,S+X2_M3_r1,yellow_cane,419,0.000000
FKIT,S+X2_M3_r1,yellow_cane,420,0.000000
FKIT,S+X2_M3_r1,yellow_cane,421,0.000000
FKIT,S+X2_M3_r1,yellow_cane,422,0.000000
FKIT,S+X2_M3_r1,yellow_cane,423,0.000000
FKIT,S+X2_M3_r1,yellow_cane,424,0.000000
FKIT,S+X2_M3_r1,yellow_cane,425,0.000000
FKIT,S+X2_M3_r1,yellow_cane,426,0.000000
FKIT,S+X2_M3_r1,yellow_cane,427,0.000000
FKIT,S+X2_M3_r1,yellow_cane,428,0.000000
FKIT,S+X2_M3_r1,yellow_cane,429,0.000000
FKIT,S+X2_M3_r1,yellow_cane,430,0.000000
FKIT,S+X2_M3_r1,yellow_cane,431,0.000000
FKIT,S+X2_M3_r1,yellow_cane,432,0.000000
FKIT,S+X2_M3_r1,yellow_cane,433,0.000000
FKIT,S+X2_M3_r1,yellow_cane,434,0.000000
FKIT,S+X2_M3_r1,yellow_cane,435,0.000000
FKIT,S+X2_M3_r1,yellow_cane,436,0.000000
FKIT,S+X2_M3_r1,yellow_cane,437,0.000000
FKIT,S+X2_M3_r1,yellow_cane,438,0.000000
FKIT,S+X2_M3_r1,yellow_cane,439,0.000000
FKIT,S+X2_M3_r1,yellow_cane,440,0.000000
FKIT,S+X2_M3_r1,yellow_cane,441,0.000000
FKIT,S+X2_M3_r1,yellow_cane,442,0.000000
FKIT,S+X2_M3_r1,yellow_cane,443,0.000000
FKIT,S+X2_M3_r1,yellow_cane,444,0.000000
FKIT,S+X2_M3_r1,yellow_cane,445,0.000000
FKIT,S+X2_M3_r1,yellow_cane,446,0.000000
FKIT,S+X2_M3_r1,yellow_cane,447,0.000000
FKIT,S+X2_M3_r1,yellow_cane,448,0.000000
FKIT,S+X2_M3_r1,yellow_cane,449,0.000000
FKIT,S+X2_M3_r1,yellow_cane,450,0.000000
FKIT,S+X2_M3_r1,yellow_cane,451,0.000000
FKIT,S+X2_M3_r1,yellow_cane,452,0.000000
FKIT,S+X2_M3_r1,yellow_cane,453,0.000000
FKIT,S+X2_M3_r1,yellow_cane,454,0.000000
FKIT,S+X2_M3_r1,yellow_cane,455,0.000000
FKIT,S+X2_M3_r1,yellow_cane,456,0.000000
FKIT,S+X2_M3_r1,yellow_cane,457,0.000000
FKIT,S+X2_M3_r1,yellow_cane,458,0.000000
FKIT,S+X2_M3_r1,yellow_cane,459,0.000000
FKIT,S+X2_M3_r1,yellow_cane,460,0.000000
FKIT,S+X2_M3_r1,yellow_cane,461,0.000000
FKIT,S+X2_M3_r1,yellow_cane,462,0.000000
FKIT,S+X2_M3_r1,yellow_cane,463,0.000000
FKIT,S+X2_M3_r1,yellow_cane,464,0.000000
FKIT,S+X2_M3_r1,yellow_cane,465,0.000000
FKIT,S+X2_M3_r1,yellow_cane,466,0.000000
FKIT,S+X2_M3_r1,yellow_cane,467,0.000000
FKIT,S+X2_M3_r1,yellow_cane,468,0.000000
FKIT,S+X2_M3_r1,yellow_cane,469,0.000000
FKIT,S+X2_M3_r1,yellow_cane,470,0.000000
FKIT,S+X2_M3_r1,yellow_cane,471,0.000000
FKIT,S+X2_M3_r1,yellow_cane,472,0.000000
FKIT,S+X2_M3_r1,yellow_cane,473,0.000000
FKIT,S+X2_M3_r1,yellow_cane,474,0.000000
FKIT,S+X2_M3_r1,yellow_cane,475,0.000000
FKIT,S+X2_M3_r1,yellow_cane,476,0.000000
FKIT,S+X2_M3_r1,yellow_cane,477,0.000000
FKIT,S+X2_M3_r1,yellow_cane,478,0.000000
FKIT,S+X2_M3_r1,yellow_cane,479,0.000000
FKIT,S+X2_M3_r1,yellow_cane,480,0.000000
FKIT,S+X2_M3_r1,yellow_cane,481,0.000000
FKIT,S+X2_M3_r1,yellow_cane,482,0.000000
FKIT,S+X2_M3_r1,yellow_cane,483,0.000000
FKIT,S+X2_M3_r1,yellow_cane,484,0.000000
FKIT,S+X2_M3_r1,yellow_cane,485,0.000000
FKIT,S+X2_M3_r1,yellow_cane,486,0.000000
FKIT,S+X2_M3_r1,yellow_cane,487,0.000000
FKIT,S+X2_M3_r1,yellow_cane,488,0.000000
FKIT,S+X2_M3_r1,yellow_cane,489,0.000000
FKIT,S+X2_M3_r1,yellow_cane,490,0.000000
FKIT,S+X2_M3_r1,yellow_cane,491,0.000000
FKIT,S+X2_M3_r1,yellow_cane,492,0.000000
FKIT,S+X2_M3_r1,yellow_cane,493,0.000000
FKIT,S+X2_M3_r1,yellow_cane,494,0.000000
FKIT,S+X2_M3_r1,yellow_cane,495,0.000000
FKIT,S+X2_M3_r1,yellow_cane,496,0.000000
FKIT,S+X2_M3_r1,yellow_cane,497,0.000000
FKIT,S+X2_M3_r1,yellow_cane,498,0.000000
FKIT,S+X2_M3_r1,yellow_cane,499,0.000000
FKIT,S+X2_M3_r1,yellow_cane,500,0.000000
FKIT,S+X2_M3_r1,yellow_cane,501,0.000000
FKIT,S+X2_M3_r1,yellow_cane,502,0.000000
FKIT,S+X2_M3_r1,yellow_cane,503,0.000000
FKIT,S+X2_M3_r1,yellow_cane,504,0.000000
FKIT,S+X2_M3_r1,yellow_cane,505,0.000000
FKIT,S+X2_M3_r1,yellow_cane,506,0.000000
FKIT,S+X2_M3_r1,yellow_cane,507,0.000000
FKIT,S+X2_M3_r1,yellow_cane,508,0.000000
FKIT,S+X2_M3_r1,yellow_cane,509,0.000000
FKIT,S+X2_M3_r1,yellow_cane,510,0.000000
FKIT,S+X2_M3_r1,yellow_cane,511,0.000000
FKIT,S+X2_M3_r1,yellow_cane,512,0.000000
FKIT,S+X2_M3_r1,yellow_cane,513,0.000000
FKIT,S+X2_M3_r1,yellow_cane,514,0.000000
FKIT,S+X2_M3_r1,yellow_cane,515,0.000000
FKIT,S+X2_M3_r1,yellow_cane,516,0.000000
FKIT,S+X2_M3_r1,yellow_cane,517,0.000000
FKIT,S+X2_M3_r1,yellow_cane,518,0.000000
FKIT,S+X2_M3_r1,yellow_cane,519,0.000000
FKIT,S+X2_M3_r1,yellow_cane,520,0.000000
FKIT,S+X2_M3_r1,yellow_cane,521,0.000000
FKIT,S+X2_M3_r1,yellow_cane,522,0.000000
FKIT,S+X2_M3_r1,yellow_cane,523,0.000000
FKIT,S+X2_M3_r1,yellow_cane,524,0.000000
FKIT,S+X2_M3_r1,yellow_cane,525,0.000000
FKIT,S+X2_M3_r1,yellow_cane,526,0.000000
FKIT,S+X2_M3_r1,yellow_cane,527,0.000000
FKIT,S+X2_M3_r1,yellow_cane,528,0.000000
FKIT,S+X2_M3_r1,yellow_cane,529,0.000000
FKIT,S+X2_M3_r1,yellow_cane,530,0.000000
FKIT,S+X2_M3_r1,yellow_cane,531,0.000000
FKIT,S+X2_M3_r1,yellow_cane,532,0.000000
FKIT,S+X2_M3_r1,yellow_cane,533,0.000000
FKIT,S+X2_M3_r1,yellow_cane,534,0.000000
FKIT,S+X2_M3_r1,yellow_cane,535,0.000000
FKIT,S+X2_M3_r1,yellow_cane,536,0.000000
FKIT,S+X2_M3_r1,yellow_cane,537,0.000000
FKIT,S+X2_M3_r1,yellow_cane,538,0.000000
FKIT,S+X2_M3_r1,yellow_cane,539,0.000000
FKIT,S+X2_M3_r1,yellow_cane,540,0.000000
FKIT,S+X2_M3_r1,yellow_cane,541,0.000000
FKIT,S+X2_M3_r1,yellow_cane,542,0.000000
FKIT,S+X2_M3_r1,yellow_cane,543,0.000000
FKIT,S+X2_M3_r1,yellow_cane,544,0.000000
FKIT,S+X2_M3_r1,yellow_cane,545,0.000000
FKIT,S+X2_M3_r1,yellow_cane,546,0.000000
FKIT,S+X2_M3_r1,yellow_cane,547,0.000000
FKIT,S+X2_M3_r1,yellow_cane,548,0.000000
FKIT,S+X2_M3_r1,yellow_cane,549,0.000000
FKIT,S+X2_M3_r1,yellow_cane,550,0.000000
FKIT,S+X2_M3_r1,yellow_cane,551,0.000000
FKIT,S+X2_M3_r1,yellow_cane,552,0.000000
FKIT,S+X2_M3_r1,yellow_cane,553,0.000000
FKIT,S+X2_M3_r1,yellow_cane,554,0.000000
FKIT,S+X2_M3_r1,yellow_cane,555,0.000000
FKIT,S+X2_M3_r1,yellow_cane,556,0.000000
FKIT,S+X2_M3_r1,yellow_cane,557,0.000000
FKIT,S+X2_M3_r1,yellow_cane,558,0.000000
FKIT,S+X2_M3_r1,yellow_cane,559,0.000000
FKIT,S+X2_M3_r1,yellow_cane,560,0.000000
FKIT,S+X2_M3_r1,yellow_cane,561,0.000000
FKIT,S+X2_M3_r1,yellow_cane,562,0.000000
FKIT,S+X2_M3_r1,yellow_cane,563,0.000000
FKIT,S+X2_M3_r1,yellow_cane,564,0.000000
FKIT,S+X2_M3_r1,yellow_cane,565,0.000000
FKIT,S+X2_M3_r1,yellow_cane,566,0.000000
FKIT,S+X2_M3_r1,yellow_cane,567,0.000000
FKIT,S+X2_M3_r1,yellow_cane,568,0.000000
FKIT,S+X2_M3_r1,yellow_cane,569,0.000000
FKIT,S+X2_M3_r1,yellow_cane,570,0.000000
FKIT,S+X2_M3_r1,yellow_cane,571,0.000000
FKIT,S+X2_M3_r1,yellow_cane,572,0.000000
FKIT,S+X2_M3_r1,yellow_cane,573,0.000000
FKIT,S+X2_M3_r1,yellow_cane,574,0.000000
FKIT,S+X2_M3_r1,yellow_cane,575,0.000000
FKIT,S+X2_M3_r1,yellow_cane,576,0.000000
FKIT,S+X2_M3_r1,yellow_cane,577,0.000000
FKIT,S+X2_M3_r1,yellow_cane,578,0.000000
FKIT,S+X2_M3_r1,yellow_cane,579,0.000000
FKIT,S+X2_M3_r1,yellow_cane,580,0.000000
FKIT,S+X2_M3_r1,yellow_cane,581,0.000000
FKIT,S+X2_M3_r1,yellow_cane,582,0.000000
FKIT,S+X2_M3_r1,yellow_cane,583,0.000000
FKIT,S+X2_M3_r1,yellow_cane,584,0.000000
FKIT,S+X2_M3_r1,yellow_cane,585,0.000000
FKIT,S+X2_M3_r1,yellow_cane,586,0.000000
FKIT,S+X2_M3_r1,yellow_cane,587,0.000000
FKIT,S+X2_M3_r1,yellow_cane,588,0.000000
FKIT,S+X2_M3_r1,yellow_cane,589,0.000000
FKIT,S+X2_M3_r1,yellow_cane,590,0.000000
FKIT,S+X2_M3_r1,yellow_cane,591,0.000000
FKIT,S+X2_M3_r1,yellow_cane,592,0.000000
FKIT,S+X2_M3_r1,yellow_cane,593,0.000000
FKIT,S+X2_M3_r1,yellow_cane,594,0.000000
FKIT,S+X2_M3_r1,yellow_cane,595,0.000000
FKIT,S+X2_M3_r1,yellow_cane,596,0.000000
FKIT,S+X2_M3_r1,yellow_cane,597,0.000000
FKIT,S+X2_M3_r1,yellow_cane,598,0.000000
FKIT,S+X2_M3_r1,yellow_cane,599,0.000000
FKIT,S+X2_M3_r1,yellow_cane,600,0.000000
FKIT,S+X2_M3_r1,yellow_cane,601,0.000000
FKIT,S+X2_M3_r1,yellow_cane,602,0.000000
FKIT,S+X2_M3_r1,yellow_cane,603,0.000000
FKIT,S+X2_M3_r1,yellow_cane,604,0.000000
FKIT,S+X2_M3_r1,yellow_cane,605,0.000000
FKIT,S+X2_M3_r1,yellow_cane,606,0.000000
FKIT,S+X2_M3_r1,yellow_cane,607,0.000000
FKIT,S+X2_M3_r1,yellow_cane,608,0.000000
FKIT,S+X2_M3_r1,yellow_cane,609,0.000000
FKIT,S+X2_M3_r1,yellow_cane,610,0.000000
FKIT,S+X2_M3_r1,yellow_cane,611,0.000000
FKIT,S+X2_M3_r1,yellow_cane,612,0.000000
FKIT,S+X2_M3_r1,yellow_cane,613,0.000000
FKIT,S+X2_M3_r1,yellow_cane,614,0.000000
FKIT,S+X2_M3_r1,yellow_cane,615,0.000000
FKIT,S+X2_M3_r1,yellow_cane,616,0.000000
FKIT,S+X2_M3_r1,yellow_cane,617,0.000000
FKIT,S+X2_M3_r1,yellow_cane,618,0.000000
FKIT,S+X2_M3_r1,yellow_cane,619,0.000000
FKIT,S+X2_M3_r1,yellow_cane,620,0.000000
FKIT,S+X2_M3_r1,yellow_cane,621,0.000000
FKIT,S+X2_M3_r1,yellow_cane,622,0.000000
FKIT,S+X2_M3_r1,yellow_cane,623,0.000000
FKIT,S+X2_M3_r1,yellow_cane,624,0.000000
FKIT,S+X2_M3_r1,yellow_cane,625,0.000000
FKIT,S+X2_M3_r1,yellow_cane,626,0.000000
FKIT,S+X2_M3_r1,yellow_cane,627,0.000000
FKIT,S+X2_M3_r1,yellow_cane,628,0.000000
FKIT,S+X2_M3_r1,yellow_cane,629,0.000000
FKIT,S+X2_M3_r1,yellow_cane,630,0.000000
FKIT,S+X2_M3_r1,yellow_cane,631,0.000000
FKIT,S+X2_M3_r1,yellow_cane,632,0.000000
FKIT,S+X2_M3_r1,yellow_cane,633,0.000000
FKIT,S+X2_M3_r1,yellow_cane,634,0.000000
FKIT,S+X2_M3_r1,yellow_cane,635,0.000000
FKIT,S+X2_M3_r1,yellow_cane,636,0.000000
FKIT,S+X2_M3_r1,yellow_cane,637,0.000000
FKIT,S+X2_M3_r1,yellow_cane,638,0.000000
FKIT,S+X2_M3_r1,yellow_cane,639,0.000000
FKIT,S+X2_M3_r1,yellow_cane,640,0.000000
FKIT,S+X2_M3_r1,yellow_cane,641,0.000000
FKIT,S+X2_M3_r1,yellow_cane,642,0.000000
FKIT,S+X2_M3_r1,yellow_cane,643,0.000000
FKIT,S+X2_M3_r1,yellow_cane,644,0.000000
FKIT,S+X2_M3_r1,yellow_cane,645,0.000000
FKIT,S+X2_M3_r1,yellow_cane,646,0.000000
FKIT,S+X2_M3_r1,yellow_cane,647,0.000000
FKIT,S+X2_M3_r1,yellow_cane,648,0.000000
FKIT,S+X2_M3_r1,yellow_cane,649,0.000000
FKIT,S+X2_M3_r1,yellow_cane,650,0.000000
FKIT,S+X2_M3_r1,yellow_cane,651,0.000000
FKIT,S+X2_M3_r1,yellow_cane,652,0.000000
FKIT,S+X2_M3_r1,yellow_cane,653,0.000000
FKIT,S+X2_M3_r1,yellow_cane,654,0.000000
FKIT,S+X2_M3_r1,yellow_cane,655,0.000000
FKIT,S+X2_M3_r1,yellow_cane,656,0.000000
FKIT,S+X2_M3_r1,yellow_cane,657,0.000000
FKIT,S+X2_M3_r1,yellow_cane,658,0.000000
FKIT,S+X2_M3_r1,yellow_cane,659,0.000000
FKIT,S+X2_M3_r1,yellow_cane,660,0.000000
FKIT,S+X2_M3_r1,yellow_cane,661,0.000000
FKIT,S+X2_M3_r1,yellow_cane,662,0.000000
FKIT,S+X2_M3_r1,yellow_cane,663,0.000000
FKIT,S+X2_M3_r1,yellow_cane,664,0.000000
FKIT,S+X2_M3_r1,yellow_cane,665,0.000000
FKIT,S+X2_M3_r1,yellow_cane,666,0.000000
FKIT,S+X2_M3_r1,yellow_cane,667,0.000000
FKIT,S+X2_M3_r1,yellow_cane,668,0.000000
FKIT,S+X2_M3_r1,yellow_cane,669,0.000000
FKIT,S+X2_M3_r1,yellow_cane,670,0.000000
FKIT,S+X2_M3_r1,yellow_cane,671,0.000000
FKIT,S+X2_M3_r1,yellow_cane,672,0.000000
FKIT,S+X2_M3_r1,yellow_cane,673,0.000000
FKIT,S+X2_M3_r1,yellow_cane,674,0.000000
FKIT,S+X2_M3_r1,yellow_cane,675,0.000000
FKIT,S+X2_M3_r1,yellow_cane,676,0.000000
FKIT,S+X2_M3_r1,yellow_cane,677,0.000000
FKIT,S+X2_M3_r1,yellow_cane,678,0.000000
FKIT,S+X2_M3_r1,yellow_cane,679,0.000000
FKIT,S+X2_M3_r1,yellow_cane,680,0.000000
FKIT,S+X2_M3_r1,yellow_cane,681,0.000000
FKIT,S+X2_M3_r1,yellow_cane,682,0.000000
FKIT,S+X2_M3_r1,yellow_cane,683,0.000000
FKIT,S+X2_M3_r1,yellow_cane,684,0.000000
FKIT,S+X2_M3_r1,yellow_cane,685,0.000000
FKIT,S+X2_M3_r1,yellow_cane,686,0.000000
FKIT,S+X2_M3_r1,yellow_cane,687,0.000000
FKIT,S+X2_M3_r1,yellow_cane,688,0.000000
FKIT,S+X2_M3_r1,yellow_cane,689,0.000000
FKIT,S+X2_M3_r1,yellow_cane,690,0.000000
FKIT,S+X2_M3_r1,yellow_cane,691,0.000000
FKIT,S+X2_M3_r1,yellow_cane,692,0.000000
FKIT,S+X2_M3_r1,yellow_cane,693,0.000000
FKIT,S+X2_M3_r1,yellow_cane,694,0.000000
FKIT,S+X2_M3_r1,yellow_cane,695,0.000000
FKIT,S+X2_M3_r1,yellow_cane,696,0.000000
FKIT,S+X2_M3_r1,yellow_cane,697,0.000000
FKIT,S+X2_M3_r1,yellow_cane,698,0.000000
FKIT,S+X2_M3_r1,yellow_cane,699,0.000000
FKIT,S+X2_M3_r1,yellow_cane,700,0.000000
FKIT,S+X2_M3_r1,yellow_cane,701,0.000000
FKIT,S+X2_M3_r1,yellow_cane,702,0.000000
FKIT,S+X2_M3_r1,yellow_cane,703,0.000000
FKIT,S+X2_M3_r1,yellow_cane,704,0.000000
FKIT,S+X2_M3_r1,yellow_cane,705,0.000000
FKIT,S+X2_M3_r1,yellow_cane,706,0.000000
FKIT,S+X2_M3_r1,yellow_cane,707,0.000000
FKIT,S+X2_M3_r1,yellow_cane,708,0.000000
FKIT,S+X2_M3_r1,yellow_cane,709,0.000000
FKIT,S+X2_M3_r1,yellow_cane,710,0.000000
FKIT,S+X2_M3_r1,yellow_cane,711,0.000000
FKIT,S+X2_M3_r1,yellow_cane,712,0.000000
FKIT,S+X2_M3_r1,yellow_cane,713,0.000000
FKIT,S+X2_M3_r1,yellow_cane,714,0.000000
