partition,method,scene,frame,iou
FKIT,S+X2_M1_r0,aguacate,0,0.032249
FKIT,S+X2_M1_r0,aguacate,1,0.031457
FKIT,S+X2_M1_r0,aguacate,2,0.018928
FKIT,S+X2_M1_r0,aguacate,3,0.000000
FKIT,S+X2_M1_r0,aguacate,4,0.012672
FKIT,S+X2_M1_r0,aguacate,5,0.027574
FKIT,S+X2_M1_r0,aguacate,6,0.016268
FKIT,S+X2_M1_r0,aguacate,7,0.000000
FKIT,S+X2_M1_r0,aguacate,8,0.045101
FKIT,S+X2_M1_r0,aguacate,9,0.051405
FKIT,S+X2_M1_r0,aguacate,10,0.043873
FKIT,S+X2_M1_r0,aguacate,11,0.000000
FKIT,S+X2_M1_r0,aguacate,12,0.000000
FKIT,S+X2_M1_r0,aguacate,13,0.000000
FKIT,S+X2_M1_r0,aguacate,14,0.000000
FKIT,S+X2_M1_r0,aguacate,15,0.000000
FKIT,S+X2_M1_r0,aguacate,16,0.000000
FKIT,S+X2_M1_r0,aguacate,17,0.000000
FKIT,S+X2_M1_r0,aguacate,18,0.000000
FKIT,S+X2_M1_r0,aguacate,19,0.000000
FKIT,S+X2_M1_r0,aguacate,20,0.000000
FKIT,S+X2_M1_r0,aguacate,21,0.000000
FKIT,S+X2_M1_r0,aguacate,22,0.000000
FKIT,S+X2_M1_r0,aguacate,23,0.000000
FKIT,S+X2_M1_r0,aguacate,24,0.000000
FKIT,S+X2_M1_r0,aguacate,25,0.000000
FKIT,S+X2_M1_r0,aguacate,26,0.000000
FKIT,S+X2_M1_r0,aguacate,27,0.000000
FKIT,S+X2_M1_r0,aguacate,28,0.000000
FKIT,S+X2_M1_r0,aguacate,29,0.000000
FKIT,S+X2_M1_r0,aguacate,30,0.000000
FKIT,S+X2_M1_r0,aguacate,31,0.000000
FKIT,S+X2_M1_r0,aguacate,32,0.000000
FKIT,S+X2_M1_r0,aguacate,33,0.000000
FKIT,S+X2_M1_r0,aguacate,34,0.000000
FKIT,S+X2_M1_r0,aguacate,35,0.000000
FKIT,S+X2_M1_r0,aguacate,36,0.000000
FKIT,S+X2_M1_r0,aguacate,37,0.000000
FKIT,S+X2_M1_r0,aguacate,38,0.000000
FKIT,S+X2_M1_r0,aguacate,39,0.000000
FKIT,S+X2_M1_r0,aguacate,40,0.000000
FKIT,S+X2_M1_r0,aguacate,41,0.000000
FKIT,S+X2_M1_r0,aguacate,42,0.000000
FKIT,S+X2_M1_r0,aguacate,43,0.000000
FKIT,S+X2_M1_r0,aguacate,44,0.000000
FKIT,S+X2_M1_r0,aguacate,45,0.000000
FKIT,S+X2_M1_r0,aguacate,46,0.000000
FKIT,S+X2_M1_r0,aguacate,47,0.000000
FKIT,S+X2_M1_r0,aguacate,48,0.000000
FKIT,S+X2_M1_r0,aguacate,49,0.000000
FKIT,S+X2_M1_r0,aguacate,50,0.000000
FKIT,S+X2_M1_r0,aguacate,51,0.000000
FKIT,S+X2_M1_r0,aguacate,52,0.000000
FKIT,S+X2_M1_r0,aguacate,53,0.000000
FKIT,S+X2_M1_r0,aguacate,54,0.000000
FKIT,S+X2_M1_r0,aguacate,55,0.000000
FKIT,S+X2_M1_r0,aguacate,56,0.000000
FKIT,S+X2_M1_r0,aguacate,57,0.000000
FKIT,S+X2_M1_r0,aguacate,58,0.000000
FKIT,S+X2_M1_r0,aguacate,59,0.000000
FKIT,S+X2_M1_r0,aguacate,60,0.000000
FKIT,S+X2_M1_r0,aguacate,61,0.000000
FKIT,S+X2_M1_r0,aguacate,62,0.000000
FKIT,S+X2_M1_r0,aguacate,63,0.000000
FKIT,S+X2_M1_r0,aguacate,64,0.000000
FKIT,S+X2_M1_r0,aguacate,65,0.000000
FKIT,S+X2_M1_r0,aguacate,66,0.000000
FKIT,S+X2_M1_r0,aguacate,67,0.000000
FKIT,S+X2_M1_r0,aguacate,68,0.000000
FKIT,S+X2_M1_r0,aguacate,69,0.000000
FKIT,S+X2_M1_r0,aguacate,70,0.000000
FKIT,S+X2_M1_r0,aguacate,71,0.000000
FKIT,S+X2_M1_r0,aguacate,72,0.000000
FKIT,S+X2_M1_r0,aguacate,73,0.000000
FKIT,S+X2_M1_r0,aguacate,74,0.000000
FKIT,S+X2_M1_r0,aguacate,75,0.000000
FKIT,S+X2_M1_r0,aguacate,76,0.000000
FKIT,S+X2_M1_r0,aguacate,77,0.000000
FKIT,S+X2_M1_r0,aguacate,78,0.000000
FKIT,S+X2_M1_r0,aguacate,79,0.000000
FKIT,S+X2_M1_r0,aguacate,80,0.000000
FKIT,S+X2_M1_r0,aguacate,81,0.000000
FKIT,S+X2_M1_r0,aguacate,82,0.000000
FKIT,S+X2_M1_r0,aguacate,83,0.000000
FKIT,S+X2_M1_r0,aguacate,84,0.000000
FKIT,S+X2_M1_r0,aguacate,85,0.000000
FKIT,S+X2_M1_r0,aguacate,86,0.000000
FKIT,S+X2_M1_r0,aguacate,87,0.035382
FKIT,S+X2_M1_r0,aguacate,88,0.000000
FKIT,S+X2_M1_r0,aguacate,89,0.000000
FKIT,S+X2_M1_r0,aguacate,90,0.000000
FKIT,S+X2_M1_r0,aguacate,91,0.000000
FKIT,S+X2_M1_r0,aguacate,92,0.000000
FKIT,S+X2_M1_r0,aguacate,93,0.000000
FKIT,S+X2_M1_r0,aguacate,94,0.000000
FKIT,S+X2_M1_r0,aguacate,95,0.000000
FKIT,S+X2_M1_r0,aguacate,96,0.000000
FKIT,S+X2_M1_r0,aguacate,97,0.000000
FKIT,S+X2_M1_r0,aguacate,98,0.000000
FKIT,S+X2_M1_r0,aguacate,99,0.000000
FKIT,S+X2_M1_r0,aguacate,100,0.000000
FKIT,S+X2_M1_r0,aguacate,101,0.000000
FKIT,S+X2_M1_r0,aguacate,102,0.000000
FKIT,S+X2_M1_r0,aguacate,103,0.000000
FKIT,S+X2_M1_r0,aguacate,104,0.000000
FKIT,S+X2_M1_r0,aguacate,105,0.000000
FKIT,S+X2_M1_r0,aguacate,106,0.000000
FKIT,S+X2_M1_r0,aguacate,107,0.000000
FKIT,S+X2_M1_r0,aguacate,108,0.000000
FKIT,S+X2_M1_r0,aguacate,109,0.000000
FKIT,S+X2_M1_r0,aguacate,110,0.000000
FKIT,S+X2_M1_r0,aguacate,111,0.000000
FKIT,S+X2_M1_r0,aguacate,112,0.000000
FKIT,S+X2_M1_r0,aguacate,113,0.000000
FKIT,S+X2_M1_r0,aguacate,114,0.000000
FKIT,S+X2_M1_r0,aguacate,115,0.000000
FKIT,S+X2_M1_r0,aguacate,116,0.000000
FKIT,S+X2_M1_r0,aguacate,117,0.000000
FKIT,S+X2_M1_r0,aguacate,118,0.000000
FKIT,S+X2_M1_r0,aguacate,119,0.000000
FKIT,S+X2_M1_r0,aguacate,120,0.000000
FKIT,S+X2_M1_r0,aguacate,121,0.000000
FKIT,S+X2_M1_r0,aguacate,122,0.000000
FKIT,S+X2_M1_r0,aguacate,123,0.000000
FKIT,S+X2_M1_r0,aguacate,124,0.000000
FKIT,S+X2_M1_r0,aguacate,125,0.000000
FKIT,S+X2_M1_r0,aguacate,126,0.000000
FKIT,S+X2_M1_r0,aguacate,127,0.000000
FKIT,S+X2_M1_r0,aguacate,128,0.000000
FKIT,S+X2_M1_r0,aguacate,129,0.000000
FKIT,S+X2_M1_r0,aguacate,130,0.000000
FKIT,S+X2_M1_r0,aguacate,131,0.000000
FKIT,S+X2_M1_r0,aguacate,132,0.000000
FKIT,S+X2_M1_r0,aguacate,133,0.000000
FKIT,S+X2_M1_r0,aguacate,134,0.000000
FKIT,S+X2_M1_r0,aguacate,135,0.000000
FKIT,S+X2_M1_r0,aguacate,136,0.000000
FKIT,S+X2_M1_r0,aguacate,137,0.000000
FKIT,S+X2_M1_r0,aguacate,138,0.000000
FKIT,S+X2_M1_r0,aguacate,139,0.000000
FKIT,S+X2_M1_r0,aguacate,140,0.000000
FKIT,S+X2_M1_r0,aguacate,141,0.000000
FKIT,S+X2_M1_r0,aguacate,142,0.000000
FKIT,S+X2_M1_r0,aguacate,143,0.000000
FKIT,S+X2_M1_r0,aguacate,144,0.000000
FKIT,S+X2_M1_r0,aguacate,145,0.000000
FKIT,S+X2_M1_r0,aguacate,146,0.000000
FKIT,S+X2_M1_r0,aguacate,147,0.000000
FKIT,S+X2_M1_r0,aguacate,148,0.000000
FKIT,S+X2_M1_r0,aguacate,149,0.000000
FKIT,S+X2_M1_r0,aguacate,150,0.000000
FKIT,S+X2_M1_r0,aguacate,151,0.000000
FKIT,S+X2_M1_r0,aguacate,152,0.000000
FKIT,S+X2_M1_r0,aguacate,153,0.000000
FKIT,S+X2_M1_r0,aguacate,154,0.000000
FKIT,S+X2_M1_r0,aguacate,155,0.000000
FKIT,S+X2_M1_r0,aguacate,156,0.000000
FKIT,S+X2_M1_r0,aguacate,157,0.000000
FKIT,S+X2_M1_r0,aguacate,158,0.000000
FKIT,S+X2_M1_r0,aguacate,159,0.000000
FKIT,S+X2_M1_r0,aguacate,160,0.000000
FKIT,S+X2_M1_r0,aguacate,161,0.000000
FKIT,S+X2_M1_r0,aguacate,162,0.000000
FKIT,S+X2_M1_r0,aguacate,163,0.000000
FKIT,S+X2_M1_r0,aguacate,164,0.000000
FKIT,S+X2_M1_r0,aguacate,165,0.000000
FKIT,S+X2_M1_r0,aguacate,166,0.000000
FKIT,S+X2_M1_r0,aguacate,167,0.000000
FKIT,S+X2_M1_r0,aguacate,168,0.000000
FKIT,S+X2_M1_r0,aguacate,169,0.000000
FKIT,S+X2_M1_r0,aguacate,170,0.000000
FKIT,S+X2_M1_r0,aguacate,171,0.000000
FKIT,S+X2_M1_r0,aguacate,172,0.000000
FKIT,S+X2_M1_r0,aguacate,173,0.000000
FKIT,S+X2_M1_r0,aguacate,174,0.000000
FKIT,S+X2_M1_r0,aguacate,175,0.000000
FKIT,S+X2_M1_r0,aguacate,176,0.000000
FKIT,S+X2_M1_r0,aguacate,177,0.000000
FKIT,S+X2_M1_r0,aguacate,178,0.000000
FKIT,S+X2_M1_r0,aguacate,179,0.000000
FKIT,S+X2_M1_r0,aguacate,180,0.000000
FKIT,S+X2_M1_r0,aguacate,181,0.000000
FKIT,S+X2_M1_r0,aguacate,182,0.000000
FKIT,S+X2_M1_r0,aguacate,183,0.000000
FKIT,S+X2_M1_r0,aguacate,184,0.000000
FKIT,S+X2_M1_r0,aguacate,185,0.000000
FKIT,S+X2_M1_r0,aguacate,186,0.000000
FKIT,S+X2_M1_r0,aguacate,187,0.000000
FKIT,S+X2_M1_r0,aguacate,188,0.000000
FKIT,S+X2_M1_r0,aguacate,189,0.000000
FKIT,S+X2_M1_r0,aguacate,190,0.000000
FKIT,S+X2_M1_r0,aguacate,191,0.000000
FKIT,S+X2_M1_r0,aguacate,192,0.000000
FKIT,S+X2_M1_r0,aguacate,193,0.000000
FKIT,S+X2_M1_r0,aguacate,194,0.000000
FKIT,S+X2_M1_r0,aguacate,195,0.000000
FKIT,S+X2_M1_r0,aguacate,196,0.000000
FKIT,S+X2_M1_r0,aguacate,197,0.000000
FKIT,S+X2_M1_r0,aguacate,198,0.000000
FKIT,S+X2_M1_r0,aguacate,199,0.000000
FKIT,S+X2_M1_r0,aguacate,200,0.000000
FKIT,S+X2_M1_r0,aguacate,201,0.000000
FKIT,S+X2_M1_r0,aguacate,202,0.000000
FKIT,S+X2_M1_r0,aguacate,203,0.000000
FKIT,S+X2_M1_r0,aguacate,204,0.000000
FKIT,S+X2_M1_r0,aguacate,205,0.000000
FKIT,S+X2_M1_r0,aguacate,206,0.000000
FKIT,S+X2_M1_r0,aguacate,207,0.000000
FKIT,S+X2_M1_r0,aguacate,208,0.000000
FKIT,S+X2_M1_r0,aguacate,209,0.000000
FKIT,S+X2_M1_r0,aguacate,210,0.000000
FKIT,S+X2_M1_r0,aguacate,211,0.000000
FKIT,S+X2_M1_r0,aguacate,212,0.000000
FKIT,S+X2_M1_r0,aguacate,213,0.000000
FKIT,S+X2_M1_r0,aguacate,214,0.000000
FKIT,S+X2_M1_r0,aguacate,215,0.000000
FKIT,S+X2_M1_r0,aguacate,216,0.000000
FKIT,S+X2_M1_r0,aguacate,217,0.000000
FKIT,S+X2_M1_r0,aguacate,218,0.000000
FKIT,S+X2_M1_r0,aguacate,219,0.000000
FKIT,S+X2_M1_r0,aguacate,220,0.000000
FKIT,S+X2_M1_r0,aguacate,221,0.000000
FKIT,S+X2_M1_r0,aguacate,222,0.000000
FKIT,S+X2_M1_r0,aguacate,223,0.000000
FKIT,S+X2_M1_r0,aguacate,224,0.000000
FKIT,S+X2_M1_r0,aguacate,225,0.000000
FKIT,S+X2_M1_r0,aguacate,226,0.000000
FKIT,S+X2_M1_r0,aguacate,227,0.000000
FKIT,S+X2_M1_r0,aguacate,228,0.000000
FKIT,S+X2_M1_r0,aguacate,229,0.000000
FKIT,S+X2_M1_r0,aguacate,230,0.000000
FKIT,S+X2_M1_r0,aguacate,231,0.000000
FKIT,S+X2_M1_r0,aguacate,232,0.000000
FKIT,S+X2_M1_r0,aguacate,233,0.000000
FKIT,S+X2_M1_r0,aguacate,234,0.000000
FKIT,S+X2_M1_r0,aguacate,235,0.000000
FKIT,S+X2_M1_r0,aguacate,236,0.000000
FKIT,S+X2_M1_r0,aguacate,237,0.000000
FKIT,S+X2_M1_r0,aguacate,238,0.000000
FKIT,S+X2_M1_r0,aguacate,239,0.000000
FKIT,S+X2_M1_r0,aguacate,240,0.000000
FKIT,S+X2_M1_r0,aguacate,241,0.000000
FKIT,S+X2_M1_r0,aguacate,242,0.000000
FKIT,S+X2_M1_r0,aguacate,243,0.000000
FKIT,S+X2_M1_r0,aguacate,244,0.000000
FKIT,S+X2_M1_r0,aguacate,245,0.000000
FKIT,S+X2_M1_r0,aguacate,246,0.000000
FKIT,S+X2_M1_r0,aguacate,247,0.000000
FKIT,S+X2_M1_r0,aguacate,248,0.000000
FKIT,S+X2_M1_r0,aguacate,249,0.000000
FKIT,S+X2_M1_r0,aguacate,250,0.000000
FKIT,S+X2_M1_r0,aguacate,251,0.000000
FKIT,S+X2_M1_r0,aguacate,252,0.000000
FKIT,S+X2_M1_r0,aguacate,253,0.000000
FKIT,S+X2_M1_r0,aguacate,254,0.000000
FKIT,S+X2_M1_r0,aguacate,255,0.000000
FKIT,S+X2_M1_r0,aguacate,256,0.000000
FKIT,S+X2_M1_r0,aguacate,257,0.000000
FKIT,S+X2_M1_r0,aguacate,258,0.000000
FKIT,S+X2_M1_r0,aguacate,259,0.000000
FKIT,S+X2_M1_r0,aguacate,260,0.000000
FKIT,S+X2_M1_r0,aguacate,261,0.000000
FKIT,S+X2_M1_r0,aguacate,262,0.000000
FKIT,S+X2_M1_r0,aguacate,263,0.000000
FKIT,S+X2_M1_r0,aguacate,264,0.000000
FKIT,S+X2_M1_r0,aguacate,265,0.000000
FKIT,S+X2_M1_r0,aguacate,266,0.000000
FKIT,S+X2_M1_r0,aguacate,267,0.000000
FKIT,S+X2_M1_r0,aguacate,268,0.000000
FKIT,S+X2_M1_r0,aguacate,269,0.000000
FKIT,S+X2_M1_r0,aguacate,270,0.000000
FKIT,S+X2_M1_r0,aguacate,271,0.000000
FKIT,S+X2_M1_r0,aguacate,272,0.000000
FKIT,S+X2_M1_r0,aguacate,273,0.000000
FKIT,S+X2_M1_r0,aguacate,274,0.000000
FKIT,S+X2_M1_r0,aguacate,275,0.000000
FKIT,S+X2_M1_r0,aguacate,276,0.000000
FKIT,S+X2_M1_r0,aguacate,277,0.000000
FKIT,S+X2_M1_r0,aguacate,278,0.000000
FKIT,S+X2_M1_r0,aguacate,279,0.000000
FKIT,S+X2_M1_r0,aguacate,280,0.000000
FKIT,S+X2_M1_r0,aguacate,281,0.000000
FKIT,S+X2_M1_r0,aguacate,282,0.000000
FKIT,S+X2_M1_r0,aguacate,283,0.000000
FKIT,S+X2_M1_r0,aguacate,284,0.000000
FKIT,S+X2_M1_r0,aguacate,285,0.000000
FKIT,S+X2_M1_r0,aguacate,286,0.000000
FKIT,S+X2_M1_r0,aguacate,287,0.000000
FKIT,S+X2_M1_r0,aguacate,288,0.000000
FKIT,S+X2_M1_r0,aguacate,289,0.000000
FKIT,S+X2_M1_r0,aguacate,290,0.000000
FKIT,S+X2_M1_r0,aguacate,291,0.000000
FKIT,S+X2_M1_r0,aguacate,292,0.000000
FKIT,S+X2_M1_r0,aguacate,293,0.000000
FKIT,S+X2_M1_r0,aguacate,294,0.000000
FKIT,S+X2_M1_r0,aguacate,295,0.000000
FKIT,S+X2_M1_r0,aguacate,296,0.000000
FKIT,S+X2_M1_r0,aguacate,297,0.000000
FKIT,S+X2_M1_r0,aguacate,298,0.000000
FKIT,S+X2_M1_r0,aguacate,299,0.000000
FKIT,S+X2_M1_r0,aguacate,300,0.000000
FKIT,S+X2_M1_r0,aguacate,301,0.000000
FKIT,S+X2_M1_r0,aguacate,302,0.000000
FKIT,S+X2_M1_r0,aguacate,303,0.000000
FKIT,S+X2_M1_r0,aguacate,304,0.000000
FKIT,S+X2_M1_r0,aguacate,305,0.000000
FKIT,S+X2_M1_r0,aguacate,306,0.000000
FKIT,S+X2_M1_r0,aguacate,307,0.000000
FKIT,S+X2_M1_r0,aguacate,308,0.000000
FKIT,S+X2_M1_r0,aguacate,309,0.000000
FKIT,S+X2_M1_r0,aguacate,310,0.000000
FKIT,S+X2_M1_r0,aguacate,311,0.000000
FKIT,S+X2_M1_r0,aguacate,312,0.000000
FKIT,S+X2_M1_r0,aguacate,313,0.000000
FKIT,S+X2_M1_r0,aguacate,314,0.000000
FKIT,S+X2_M1_r0,aguacate,315,0.000000
FKIT,S+X2_M1_r0,aguacate,316,0.000000
FKIT,S+X2_M1_r0,aguacate,317,0.000000
FKIT,S+X2_M1_r0,aguacate,318,0.000000
FKIT,S+X2_M1_r0,aguacate,319,0.000000
FKIT,S+X2_M1_r0,aguacate,320,0.000000
FKIT,S+X2_M1_r0,aguacate,321,0.000000
FKIT,S+X2_M1_r0,aguacate,322,0.000000
FKIT,S+X2_M1_r0,aguacate,323,0.000000
FKIT,S+X2_M1_r0,aguacate,324,0.000000
FKIT,S+X2_M1_r0,aguacate,325,0.000000
FKIT,S+X2_M1_r0,aguacate,326,0.000000
FKIT,S+X2_M1_r0,aguacate,327,0.000000
FKIT,S+X2_M1_r0,aguacate,328,0.000000
FKIT,S+X2_M1_r0,aguacate,329,0.000000
FKIT,S+X2_M1_r0,aguacate,330,0.000000
FKIT,S+X2_M1_r0,aguacate,331,0.000000
FKIT,S+X2_M1_r0,aguacate,332,0.000000
FKIT,S+X2_M1_r0,aguacate,333,0.000000
FKIT,S+X2_M1_r0,aguacate,334,0.000000
FKIT,S+X2_M1_r0,aguacate,335,0.000000
FKIT,S+X2_M1_r0,aguacate,336,0.000000
FKIT,S+X2_M1_r0,aguacate,337,0.000000
FKIT,S+X2_M1_r0,aguacate,338,0.000000
FKIT,S+X2_M1_r0,aguacate,339,0.000000
FKIT,S+X2_M1_r0,aguacate,340,0.000000
FKIT,S+X2_M1_r0,aguacate,341,0.000000
FKIT,S+X2_M1_r0,aguacate,342,0.000000
FKIT,S+X2_M1_r0,aguacate,343,0.000000
FKIT,S+X2_M1_r0,aguacate,344,0.000000
FKIT,S+X2_M1_r0,aguacate,345,0.000000
FKIT,S+X2_M1_r0,aguacate,346,0.000000
FKIT,S+X2_M1_r0,aguacate,347,0.000000
FKIT,S+X2_M1_r0,aguacate,348,0.000000
FKIT,S+X2_M1_r0,aguacate,349,0.000000
FKIT,S+X2_M1_r0,aguacate,350,0.000000
FKIT,S+X2_M1_r0,aguacate,351,0.000000
FKIT,S+X2_M1_r0,aguacate,352,0.000000
FKIT,S+X2_M1_r0,aguacate,353,0.000000
FKIT,S+X2_M1_r0,aguacate,354,0.000000
FKIT,S+X2_M1_r0,aguacate,355,0.000000
FKIT,S+X2_M1_r0,aguacate,356,0.000000
FKIT,S+X2_M1_r0,aguacate,357,0.000000
FKIT,S+X2_M1_r0,aguacate,358,0.000000
FKIT,S+X2_M1_r0,aguacate,359,0.000000
FKIT,S+X2_M1_r0,aguacate,360,0.000000
FKIT,S+X2_M1_r0,aguacate,361,0.000000
FKIT,S+X2_M1_r0,aguacate,362,0.000000
FKIT,S+X2_M1_r0,aguacate,363,0.000000
FKIT,S+X2_M1_r0,aguacate,364,0.000000
FKIT,S+X2_M1_r0,aguacate,365,0.000000
FKIT,S+X2_M1_r0,aguacate,366,0.000000
FKIT,S+X2_M1_r0,aguacate,367,0.000000
FKIT,S+X2_M1_r0,aguacate,368,0.000000
FKIT,S+X2_M1_r0,aguacate,369,0.000000
FKIT,S+X2_M1_r0,aguacate,370,0.000000
FKIT,S+X2_M1_r0,aguacate,371,0.000000
FKIT,S+X2_M1_r0,aguacate,372,0.000000
FKIT,S+X2_M1_r0,aguacate,373,0.000000
FKIT,S+X2_M1_r0,aguacate,374,0.000000
FKIT,S+X2_M1_r0,aguacate,375,0.000000
FKIT,S+X2_M1_r0,aguacate,376,0.000000
FKIT,S+X2_M1_r0,aguacate,377,0.000000
FKIT,S+X2_M1_r0,aguacate,378,0.000000
FKIT,S+X2_M1_r0,aguacate,379,0.000000
FKIT,S+X2_M1_r0,aguacate,380,0.000000
FKIT,S+X2_M1_r0,aguacate,381,0.000000
FKIT,S+X2_M1_r0,aguacate,382,0.000000
FKIT,S+X2_M1_r0,aguacate,383,0.000000
FKIT,S+X2_M1_r0,aguacate,384,0.000000
FKIT,S+X2_M1_r0,aguacate,385,0.000000
FKIT,S+X2_M1_r0,aguacate,386,0.000000
FKIT,S+X2_M1_r0,aguacate,387,0.000000
FKIT,S+X2_M1_r0,aguacate,388,0.000000
FKIT,S+X2_M1_r0,aguacate,389,0.000000
FKIT,S+X2_M1_r0,aguacate,390,0.000000
FKIT,S+X2_M1_r0,aguacate,391,0.000000
FKIT,S+X2_M1_r0,aguacate,392,0.000000
FKIT,S+X2_M1_r0,aguacate,393,0.000000
FKIT,S+X2_M1_r0,aguacate,394,0.000000
FKIT,S+X2_M1_r0,aguacate,395,0.000000
FKIT,S+X2_M1_r0,aguacate,396,0.000000
FKIT,S+X2_M1_r0,aguacate,397,0.000000
FKIT,S+X2_M1_r0,aguacate,398,0.000000
FKIT,S+X2_M1_r0,aguacate,399,0.000000
FKIT,S+X2_M1_r0,aguacate,400,0.000000
FKIT,S+X2_M1_r0,aguacate,401,0.000000
FKIT,S+X2_M1_r0,aguacate,402,0.000000
FKIT,S+X2_M1_r0,aguacate,403,0.000000
FKIT,S+X2_M1_r0,aguacate,404,0.000000
FKIT,S+X2_M1_r0,aguacate,405,0.000000
FKIT,S+X2_M1_r0,aguacate,406,0.000000
FKIT,S+X2_M1_r0,aguacate,407,0.000000
FKIT,S+X2_M1_r0,aguacate,408,0.000000
FKIT,S+X2_M1_r0,aguacate,409,0.000000
FKIT,S+X2_M1_r0,aguacate,410,0.000000
FKIT,S+X2_M1_r0,aguacate,411,0.000000
FKIT,S+X2_M1_r0,aguacate,412,0.000000
FKIT,S+X2_M1_r0,aguacate,413,0.000000
FKIT,S+X2_M1_r0,aguacate,414,0.000000
FKIT,S+X2_M1_r0,aguacate,415,0.000000
FKIT,S+X2_M1_r0,aguacate,416,0.000000
FKIT,S+X2_M1_r0,aguacate,417,0.000000
FKIT,S+X2_M1_r0,aguacate,418,0.000000
FKIT,S+X2_M1_r0,aguacate,419,0.000000
FKIT,S+X2_M1_r0,aguacate,420,0.000000
FKIT,S+X2_M1_r0,aguacate,421,0.000000
FKIT,S+X2_M1_r0,aguacate,422,0.000000
FKIT,S+X2_M1_r0,aguacate,423,0.000000
FKIT,S+X2_M1_r0,aguacate,424,0.000000
FKIT,S+X2_M1_r0,aguacate,425,0.000000
FKIT,S+X2_M1_r0,aguacate,426,0.000000
FKIT,S+X2_M1_r0,aguacate,427,0.000000
FKIT,S+X2_M1_r0,aguacate,428,0.000000
FKIT,S+X2_M1_r0,aguacate,429,0.000000
FKIT,S+X2_M1_r0,aguacate,430,0.000000
FKIT,S+X2_M1_r0,aguacate,431,0.000000
FKIT,S+X2_M1_r0,aguacate,432,0.000000
FKIT,S+X2_M1_r0,aguacate,433,0.000000
FKIT,S+X2_M1_r0,aguacate,434,0.000000
FKIT,S+X2_M1_r0,aguacate,435,0.000000
FKIT,S+X2_M1_r0,aguacate,436,0.000000
FKIT,S+X2_M1_r0,aguacate,437,0.000000
FKIT,S+X2_M1_r0,aguacate,438,0.000000
FKIT,S+X2_M1_r0,aguacate,439,0.000000
FKIT,S+X2_M1_r0,aguacate,440,0.000000
FKIT,S+X2_M1_r0,aguacate,441,0.000000
FKIT,S+X2_M1_r0,aguacate,442,0.000000
FKIT,S+X2_M1_r0,aguacate,443,0.000000
FKIT,S+X2_M1_r0,aguacate,444,0.000000
FKIT,S+X2_M1_r0,aguacate,445,0.000000
FKIT,S+X2_M1_r0,aguacate,446,0.000000
FKIT,S+X2_M1_r0,aguacate,447,0.000000
FKIT,S+X2_M1_r0,aguacate,448,0.000000
FKIT,S+X2_M1_r0,aguacate,449,0.000000
FKIT,S+X2_M1_r0,aguacate,450,0.000000
FKIT,S+X2_M1_r0,aguacate,451,0.000000
FKIT,S+X2_M1_r0,aguacate,452,0.000000
FKIT,S+X2_M1_r0,aguacate,453,0.000000
FKIT,S+X2_M1_r0,aguacate,454,0.000000
FKIT,S+X2_M1_r0,aguacate,455,0.000000
FKIT,S+X2_M1_r0,aguacate,456,0.000000
FKIT,S+X2_M1_r0,aguacate,457,0.000000
FKIT,S+X2_M1_r0,aguacate,458,0.000000
FKIT,S+X2_M1_r0,aguacate,459,0.000000
FKIT,S+X2_M1_r0,aguacate,460,0.000000
FKIT,S+X2_M1_r0,aguacate,461,0.000000
FKIT,S+X2_M1_r0,aguacate,462,0.000000
FKIT,S+X2_M1_r0,aguacate,463,0.000000
FKIT,S+X2_M1_r0,aguacate,464,0.000000
FKIT,S+X2_M1_r0,aguacate,465,0.000000
FKIT,S+X2_M1_r0,aguacate,466,0.000000
FKIT,S+X2_M1_r0,aguacate,467,0.000000
FKIT,S+X2_M1_r0,aguacate,468,0.000000
FKIT,S+X2_M1_r0,aguacate,469,0.000000
FKIT,S+X2_M1_r0,aguacate,470,0.000000
FKIT,S+X2_M1_r0,aguacate,471,0.000000
FKIT,S+X2_M1_r0,aguacate,472,0.000000
FKIT,S+X2_M1_r0,aguacate,473,0.000000
FKIT,S+X2_M1_r0,aguacate,474,0.000000
FKIT,S+X2_M1_r0,aguacate,475,0.000000
FKIT,S+X2_M1_r0,aguacate,476,0.000000
FKIT,S+X2_M1_r0,aguacate,477,0.000000
FKIT,S+X2_M1_r0,aguacate,478,0.000000
FKIT,S+X2_M1_r0,aguacate,479,0.000000
FKIT,S+X2_M1_r0,aguacate,480,0.000000
FKIT,S+X2_M1_r0,aguacate,481,0.000000
FKIT,S+X2_M1_r0,aguacate,482,0.000000
FKIT,S+X2_M1_r0,aguacate,483,0.000000
FKIT,S+X2_M1_r0,aguacate,484,0.000000
FKIT,S+X2_M1_r0,aguacate,485,0.000000
FKIT,S+X2_M1_r0,aguacate,486,0.000000
FKIT,S+X2_M1_r0,aguacate,487,0.000000
FKIT,S+X2_M1_r0,aguacate,488,0.000000
FKIT,S+X2_M1_r0,aguacate,489,0.000000
FKIT,S+X2_M1_r0,aguacate,490,0.000000
FKIT,S+X2_M1_r0,aguacate,491,0.000000
FKIT,S+X2_M1_r0,aguacate,492,0.000000
FKIT,S+X2_M1_r0,aguacate,493,0.000000
FKIT,S+X2_M1_r0,aguacate,494,0.000000
FKIT,S+X2_M1_r0,aguacate,495,0.000000
FKIT,S+X2_M1_r0,aguacate,496,0.000000
FKIT,S+X2_M1_r0,aguacate,497,0.000000
FKIT,S+X2_M1_r0,aguacate,498,0.000000
FKIT,S+X2_M1_r0,aguacate,499,0.000000
FKIT,S+X2_M1_r0,aguacate,500,0.000000
FKIT,S+X2_M1_r0,aguacate,501,0.000000
FKIT,S+X2_M1_r0,aguacate,502,0.000000
FKIT,S+X2_M1_r0,aguacate,503,0.000000
FKIT,S+X2_M1_r0,aguacate,504,0.000000
FKIT,S+X2_M1_r0,aguacate,505,0.000000
FKIT,S+X2_M1_r0,aguacate,506,0.000000
FKIT,S+X2_M1_r0,aguacate,507,0.000000
FKIT,S+X2_M1_r0,aguacate,508,0.000000
FKIT,S+X2_M1_r0,aguacate,509,0.000000
FKIT,S+X2_M1_r0,aguacate,510,0.000000
FKIT,S+X2_M1_r0,aguacate,511,0.000000
FKIT,S+X2_M1_r0,aguacate,512,0.000000
FKIT,S+X2_M1_r0,aguacate,513,0.000000
FKIT,S+X2_M1_r0,aguacate,514,0.000000
FKIT,S+X2_M1_r0,aguacate,515,0.000000
FKIT,S+X2_M1_r0,aguacate,516,0.000000
FKIT,S+X2_M1_r0,aguacate,517,0.000000
FKIT,S+X2_M1_r0,aguacate,518,0.000000
FKIT,S+X2_M1_r0,aguacate,519,0.000000
FKIT,S+X2_M1_r0,aguacate,520,0.000000
FKIT,S+X2_M1_r0,aguacate,521,0.000000
FKIT,S+X2_M1_r0,aguacate,522,0.000000
FKIT,S+X2_M1_r0,aguacate,523,0.000000
FKIT,S+X2_M1_r0,aguacate,524,0.000000
FKIT,S+X2_M1_r0,aguacate,525,0.000000
FKIT,S+X2_M1_r0,aguacate,526,0.000000
FKIT,S+X2_M1_r0,aguacate,527,0.000000
FKIT,S+X2_M1_r0,aguacate,528,0.000000
FKIT,S+X2_M1_r0,aguacate,529,0.000000
FKIT,S+X2_M1_r0,aguacate,530,0.000000
FKIT,S+X2_M1_r0,aguacate,531,0.000000
FKIT,S+X2_M1_r0,aguacate,532,0.000000
FKIT,S+X2_M1_r0,aguacate,533,0.000000
FKIT,S+X2_M1_r0,aguacate,534,0.000000
FKIT,S+X2_M1_r0,aguacate,535,0.000000
FKIT,S+X2_M1_r0,aguacate,536,0.000000
FKIT,S+X2_M1_r0,aguacate,537,0.000000
FKIT,S+X2_M1_r0,aguacate,538,0.000000
FKIT,S+X2_M1_r0,aguacate,539,0.000000
FKIT,S+X2_M1_r0,aguacate,540,0.000000
FKIT,S+X2_M1_r0,aguacate,541,0.000000
FKIT,S+X2_M1_r0,aguacate,542,0.000000
FKIT,S+X2_M1_r0,aguacate,543,0.000000
FKIT,S+X2_M1_r0,aguacate,544,0.000000
FKIT,S+X2_M1_r0,aguacate,545,0.000000
FKIT,S+X2_M1_r0,aguacate,546,0.000000
FKIT,S+X2_M1_r0,aguacate,547,0.000000
FKIT,S+X2_M1_r0,aguacate,548,0.000000
FKIT,S+X2_M1_r0,aguacate,549,0.000000
FKIT,S+X2_M1_r0,aguacate,550,0.000000
FKIT,S+X2_M1_r0,aguacate,551,0.000000
FKIT,S+X2_M1_r0,aguacate,552,0.000000
FKIT,S+X2_M1_r0,aguacate,553,0.000000
FKIT,S+X2_M1_r0,aguacate,554,0.000000
FKIT,S+X2_M1_r0,aguacate,555,0.000000
FKIT,S+X2_M1_r0,aguacate,556,0.000000
FKIT,S+X2_M1_r0,aguacate,557,0.000000
FKIT,S+X2_M1_r0,aguacate,558,0.000000
FKIT,S+X2_M1_r0,aguacate,559,0.000000
FKIT,S+X2_M1_r0,aguacate,560,0.000000
FKIT,S+X2_M1_r0,aguacate,561,0.000000
FKIT,S+X2_M1_r0,aguacate,562,0.000000
FKIT,S+X2_M1_r0,aguacate,563,0.000000
FKIT,S+X2_M1_r0,aguacate,564,0.000000
FKIT,S+X2_M1_r0,aguacate,565,0.000000
FKIT,S+X2_M1_r0,aguacate,566,0.000000
FKIT,S+X2_M1_r0,aguacate,567,0.000000
FKIT,S+X2_M1_r0,aguacate,568,0.000000
FKIT,S+X2_M1_r0,aguacate,569,0.000000
FKIT,S+X2_M1_r0,aguacate,570,0.000000
FKIT,S+X2_M1_r0,aguacate,571,0.000000
FKIT,S+X2_M1_r0,aguacate,572,0.000000
FKIT,S+X2_M1_r0,aguacate,573,0.000000
FKIT,S+X2_M1_r0,aguacate,574,0.000000
FKIT,S+X2_M1_r0,aguacate,575,0.000000
FKIT,S+X2_M1_r0,aguacate,576,0.000000
FKIT,S+X2_M1_r0,aguacate,577,0.000000
FKIT,S+X2_M1_r0,aguacate,578,0.000000
FKIT,S+X2_M1_r0,aguacate,579,0.000000
FKIT,S+X2_M1_r0,aguacate,580,0.000000
FKIT,S+X2_M1_r0,aguacate,581,0.000000
FKIT,S+X2_M1_r0,aguacate,582,0.000000
FKIT,S+X2_M1_r0,aguacate,583,0.000000
FKIT,S+X2_M1_r0,aguacate,584,0.000000
FKIT,S+X2_M1_r0,aguacate,585,0.000000
FKIT,S+X2_M1_r0,aguacate,586,0.000000
FKIT,S+X2_M1_r0,aguacate,587,0.000000
FKIT,S+X2_M1_r0,aguacate,588,0.000000
FKIT,S+X2_M1_r0,aguacate,589,0.000000
FKIT,S+X2_M1_r0,aguacate,590,0.000000
FKIT,S+X2_M1_r0,aguacate,591,0.000000
FKIT,S+X2_M1_r0,aguacate,592,0.000000
FKIT,S+X2_M1_r0,aguacate,593,0.000000
FKIT,S+X2_M1_r0,aguacate,594,0.000000
FKIT,S+X2_M1_r0,aguacate,595,0.000000
FKIT,S+X2_M1_r0,aguacate,596,0.000000
FKIT,S+X2_M1_r0,aguacate,597,0.000000
FKIT,S+X2_M1_r0,aguacate,598,0.000000
FKIT,S+X2_M1_r0,aguacate,599,0.000000
FKIT,S+X2_M1_r0,aguacate,600,0.000000
FKIT,S+X2_M1_r0,aguacate,601,0.000000
FKIT,S+X2_M1_r0,aguacate,602,0.000000
FKIT,S+X2_M1_r0,aguacate,603,0.000000
FKIT,S+X2_M1_r0,aguacate,604,0.000000
FKIT,S+X2_M1_r0,aguacate,605,0.000000
FKIT,S+X2_M1_r0,aguacate,606,0.000000
FKIT,S+X2_M1_r0,aguacate,607,0.000000
FKIT,S+X2_M1_r0,aguacate,608,0.000000
FKIT,S+X2_M1_r0,aguacate,609,0.000000
FKIT,S+X2_M1_r0,aguacate,610,0.000000
FKIT,S+X2_M1_r0,aguacate,611,0.000000
FKIT,S+X2_M1_r0,aguacate,612,0.000000
FKIT,S+X2_M1_r0,aguacate,613,0.000000
FKIT,S+X2_M1_r0,aguacate,614,0.000000
FKIT,S+X2_M1_r0,aguacate,615,0.000000
FKIT,S+X2_M1_r0,aguacate,616,0.000000
FKIT,S+X2_M1_r0,aguacate,617,0.000000
FKIT,S+X2_M1_r0,aguacate,618,0.000000
FKIT,S+X2_M1_r0,aguacate,619,0.000000
FKIT,S+X2_M1_r0,aguacate,620,0.000000
FKIT,S+X2_M1_r0,aguacate,621,0.000000
FKIT,S+X2_M1_r0,aguacate,622,0.000000
FKIT,S+X2_M1_r0,aguacate,623,0.000000
FKIT,S+X2_M1_r0,aguacate,624,0.000000
FKIT,S+X2_M1_r0,aguacate,625,0.000000
FKIT,S+X2_M1_r0,aguacate,626,0.000000
FKIT,S+X2_M1_r0,aguacate,627,0.000000
FKIT,S+X2_M1_r0,aguacate,628,0.000000
FKIT,S+X2_M1_r0,aguacate,629,0.000000
FKIT,S+X2_M1_r0,aguacate,630,0.000000
FKIT,S+X2_M1_r0,aguacate,631,0.000000
FKIT,S+X2_M1_r0,aguacate,632,0.000000
FKIT,S+X2_M1_r0,aguacate,633,0.000000
FKIT,S+X2_M1_r0,aguacate,634,0.000000
FKIT,S+X2_M1_r0,aguacate,635,0.000000
FKIT,S+X2_M1_r0,aguacate,636,0.000000
FKIT,S+X2_M1_r0,aguacate,637,0.000000
FKIT,S+X2_M1_r0,aguacate,638,0.000000
FKIT,S+X2_M1_r0,aguacate,639,0.000000
FKIT,S+X2_M1_r0,aguacate,640,0.000000
FKIT,S+X2_M1_r0,aguacate,641,0.000000
FKIT,S+X2_M1_r0,aguacate,642,0.000000
FKIT,S+X2_M1_r0,aguacate,643,0.000000
FKIT,S+X2_M1_r0,aguacate,644,0.000000
FKIT,S+X2_M1_r0,aguacate,645,0.000000
FKIT,S+X2_M1_r0,aguacate,646,0.000000
FKIT,S+X2_M1_r0,aguacate,647,0.000000
FKIT,S+X2_M1_r0,aguacate,648,0.000000
FKIT,S+X2_M1_r0,aguacate,649,0.000000
FKIT,S+X2_M1_r0,aguacate,650,0.000000
FKIT,S+X2_M1_r0,aguacate,651,0.000000
FKIT,S+X2_M1_r0,aguacate,652,0.000000
FKIT,S+X2_M1_r0,aguacate,653,0.000000
FKIT,S+X2_M1_r0,aguacate,654,0.000000
FKIT,S+X2_M1_r0,aguacate,655,0.000000
FKIT,S+X2_M1_r0,aguacate,656,0.000000
FKIT,S+X2_M1_r0,aguacate,657,0.000000
FKIT,S+X2_M1_r0,aguacate,658,0.000000
FKIT,S+X2_M1_r0,aguacate,659,0.000000
FKIT,S+X2_M1_r0,aguacate,660,0.000000
FKIT,S+X2_M1_r0,aguacate,661,0.000000
FKIT,S+X2_M1_r0,aguacate,662,0.000000
FKIT,S+X2_M1_r0,aguacate,663,0.000000
FKIT,S+X2_M1_r0,aguacate,664,0.000000
FKIT,S+X2_M1_r0,aguacate,665,0.000000
FKIT,S+X2_M1_r0,aguacate,666,0.000000
FKIT,S+X2_M1_r0,aguacate,667,0.000000
FKIT,S+X2_M1_r0,aguacate,668,0.000000
FKIT,S+X2_M1_r0,aguacate,669,0.000000
FKIT,S+X2_M1_r0,aguacate,670,0.000000
FKIT,S+X2_M1_r0,aguacate,671,0.000000
FKIT,S+X2_M1_r0,aguacate,672,0.000000
FKIT,S+X2_M1_r0,aguacate,673,0.000000
FKIT,S+X2_M1_r0,aguacate,674,0.000000
FKIT,S+X2_M1_r0,aguacate,675,0.000000
FKIT,S+X2_M1_r0,aguacate,676,0.000000
FKIT,S+X2_M1_r0,aguacate,677,0.000000
FKIT,S+X2_M1_r0,aguacate,678,0.000000
FKIT,S+X2_M1_r0,aguacate,679,0.000000
FKIT,S+X2_M1_r0,aguacate,680,0.000000
FKIT,S+X2_M1_r0,aguacate,681,0.000000
FKIT,S+X2_M1_r0,aguacate,682,0.000000
FKIT,S+X2_M1_r0,aguacate,683,0.000000
FKIT,S+X2_M1_r0,aguacate,684,0.000000
FKIT,S+X2_M1_r0,aguacate,685,0.000000
FKIT,S+X2_M1_r0,aguacate,686,0.000000
FKIT,S+X2_M1_r0,aguacate,687,0.000000
FKIT,S+X2_M1_r0,aguacate,688,0.000000
FKIT,S+X2_M1_r0,aguacate,689,0.000000
FKIT,S+X2_M1_r0,aguacate,690,0.000000
FKIT,S+X2_M1_r0,aguacate,691,0.000000
FKIT,S+X2_M1_r0,aguacate,692,0.000000
FKIT,S+X2_M1_r0,aguacate,693,0.000000
FKIT,S+X2_M1_r0,aguacate,694,0.000000
FKIT,S+X2_M1_r0,aguacate,695,0.000000
FKIT,S+X2_M1_r0,aguacate,696,0.000000
FKIT,S+X2_M1_r0,aguacate,697,0.000000
FKIT,S+X2_M1_r0,aguacate,698,0.000000
FKIT,S+X2_M1_r0,aguacate,699,0.000000
FKIT,S+X2_M1_r0,aguacate,700,0.000000
FKIT,S+X2_M1_r0,aguacate,701,0.000000
FKIT,S+X2_M1_r0,aguacate,702,0.000000
FKIT,S+X2_M1_r0,aguacate,703,0.000000
FKIT,S+X2_M1_r0,aguacate,704,0.000000
FKIT,S+X2_M1_r0,aguacate,705,0.000000
FKIT,S+X2_M1_r0,aguacate,706,0.000000
FKIT,S+X2_M1_r0,aguacate,707,0.000000
FKIT,S+X2_M1_r0,aguacate,708,0.000000
FKIT,S+X2_M1_r0,aguacate,709,0.000000
FKIT,S+X2_M1_r0,aguacate,710,0.000000
FKIT,S+X2_M1_r0,aguacate,711,0.000000
FKIT,S+X2_M1_r0,aguacate,712,0.000000
FKIT,S+X2_M1_r0,aguacate,713,0.000000
FKIT,S+X2_M1_r0,aguacate,714,0.000000
FKIT,S+X2_M1_r0,aguacate,715,0.000000
FKIT,S+X2_M1_r0,aguacate,716,0.000000
FKIT,S+X2_M1_r0,aguacate,717,0.000000
FKIT,S+X2_M1_r0,aguacate,718,0.000000
FKIT,S+X2_M1_r0,aguacate,719,0.000000
FKIT,S+X2_M1_r0,aguacate,720,0.000000
FKIT,S+X2_M1_r0,aguacate,721,0.000000
FKIT,S+X2_M1_r0,aguacate,722,0.000000
FKIT,S+X2_M1_r0,aguacate,723,0.000000
FKIT,S+X2_M1_r0,aguacate,724,0.000000
FKIT,S+X2_M1_r0,aguacate,725,0.000000
FKIT,S+X2_M1_r0,aguacate,726,0.000000
FKIT,S+X2_M1_r0,aguacate,727,0.000000
FKIT,S+X2_M1_r0,aguacate,728,0.000000
FKIT,S+X2_M1_r0,aguacate,729,0.000000
FKIT,S+X2_M1_r0,aguacate,730,0.000000
FKIT,S+X2_M1_r0,aguacate,731,0.000000
FKIT,S+X2_M1_r0,aguacate,732,0.000000
FKIT,S+X2_M1_r0,aguacate,733,0.000000
FKIT,S+X2_M1_r0,aguacate,734,0.000000
FKIT,S+X2_M1_r0,aguacate,735,0.000000
FKIT,S+X2_M1_r0,aguacate,736,0.000000
FKIT,S+X2_M1_r0,aguacate,737,0.000000
FKIT,S+X2_M1_r0,aguacate,738,0.000000
FKIT,S+X2_M1_r0,aguacate,739,0.000000
FKIT,S+X2_M1_r0,aguacate,740,0.000000
FKIT,S+X2_M1_r0,aguacate,741,0.000000
FKIT,S+X2_M1_r0,aguacate,742,0.000000
FKIT,S+X2_M1_r0,aguacate,743,0.000000
FKIT,S+X2_M1_r0,aguacate,744,0.000000
FKIT,S+X2_M1_r0,aguacate,745,0.000000
FKIT,S+X2_M1_r0,aguacate,746,0.000000
FKIT,S+X2_M1_r0,aguacate,747,0.000000
FKIT,S+X2_M1_r0,aguacate,748,0.000000
FKIT,S+X2_M1_r0,aguacate,749,0.000000
FKIT,S+X2_M1_r0,aguacate,750,0.000000
FKIT,S+X2_M1_r0,aguacate,751,0.000000
FKIT,S+X2_M1_r0,aguacate,752,0.000000
FKIT,S+X2_M1_r0,aguacate,753,0.000000
FKIT,S+X2_M1_r0,aguacate,754,0.000000
FKIT,S+X2_M1_r0,aguacate,755,0.000000
FKIT,S+X2_M1_r0,aguacate,756,0.000000
FKIT,S+X2_M1_r0,aguacate,757,0.000000
FKIT,S+X2_M1_r0,aguacate,758,0.000000
FKIT,S+X2_M1_r0,aguacate,759,0.000000
FKIT,S+X2_M1_r0,aguacate,760,0.000000
FKIT,S+X2_M1_r0,aguacate,761,0.000000
FKIT,S+X2_M1_r0,aguacate,762,0.000000
FKIT,S+X2_M1_r0,aguacate,763,0.000000
FKIT,S+X2_M1_r0,aguacate,764,0.000000
FKIT,S+X2_M1_r0,aguacate,765,0.000000
FKIT,S+X2_M1_r0,aguacate,766,0.000000
FKIT,S+X2_M1_r0,aguacate,767,0.000000
FKIT,S+X2_M1_r0,aguacate,768,0.000000
FKIT,S+X2_M1_r0,aguacate,769,0.000000
FKIT,S+X2_M1_r0,aguacate,770,0.000000
FKIT,S+X2_M1_r0,aguacate,771,0.000000
FKIT,S+X2_M1_r0,aguacate,772,0.000000
FKIT,S+X2_M1_r0,aguacate,773,0.000000
FKIT,S+X2_M1_r0,aguacate,774,0.000000
FKIT,S+X2_M1_r0,aguacate,775,0.000000
FKIT,S+X2_M1_r0,aguacate,776,0.000000
FKIT,S+X2_M1_r0,aguacate,777,0.000000
FKIT,S+X2_M1_r0,aguacate,778,0.000000
FKIT,S+X2_M1_r0,aguacate,779,0.000000
FKIT,S+X2_M1_r0,aguacate,780,0.000000
FKIT,S+X2_M1_r0,aguacate,781,0.000000
FKIT,S+X2_M1_r0,aguacate,782,0.000000
FKIT,S+X2_M1_r0,aguacate,783,0.000000
FKIT,S+X2_M1_r0,aguacate,784,0.000000
FKIT,S+X2_M1_r0,aguacate,785,0.000000
FKIT,S+X2_M1_r0,aguacate,786,0.000000
FKIT,S+X2_M1_r0,aguacate,787,0.000000
FKIT,S+X2_M1_r0,aguacate,788,0.000000
FKIT,S+X2_M1_r0,aguacate,789,0.000000
FKIT,S+X2_M1_r0,aguacate,790,0.000000
FKIT,S+X2_M1_r0,aguacate,791,0.000000
FKIT,S+X2_M1_r0,aguacate,792,0.000000
FKIT,S+X2_M1_r0,aguacate,793,0.000000
FKIT,S+X2_M1_r0,aguacate,794,0.000000
FKIT,S+X2_M1_r0,aguacate,795,0.000000
FKIT,S+X2_M1_r0,aguacate,796,0.000000
FKIT,S+X2_M1_r0,aguacate,797,0.000000
FKIT,S+X2_M1_r0,aguacate,798,0.000000
FKIT,S+X2_M1_r0,aguacate,799,0.000000
FKIT,S+X2_M1_r0,aguacate,800,0.000000
FKIT,S+X2_M1_r0,aguacate,801,0.000000
FKIT,S+X2_M1_r0,aguacate,802,0.000000
FKIT,S+X2_M1_r0,aguacate,803,0.000000
FKIT,S+X2_M1_r0,aguacate,804,0.000000
FKIT,S+X2_M1_r0,aguacate,805,0.000000
FKIT,S+X2_M1_r0,aguacate,806,0.000000
FKIT,S+X2_M1_r0,aguacate,807,0.000000
FKIT,S+X2_M1_r0,aguacate,808,0.000000
FKIT,S+X2_M1_r0,aguacate,809,0.000000
FKIT,S+X2_M1_r0,aguacate,810,0.000000
FKIT,S+X2_M1_r0,aguacate,811,0.000000
FKIT,S+X2_M1_r0,aguacate,812,0.000000
FKIT,S+X2_M1_r0,aguacate,813,0.000000
FKIT,S+X2_M1_r0,aguacate,814,0.000000
FKIT,S+X2_M1_r0,aguacate,815,0.000000
FKIT,S+X2_M1_r0,aguacate,816,0.000000
FKIT,S+X2_M1_r0,aguacate,817,0.000000
FKIT,S+X2_M1_r0,aguacate,818,0.000000
FKIT,S+X2_M1_r0,aguacate,819,0.000000
FKIT,S+X2_M1_r0,aguacate,820,0.000000
FKIT,S+X2_M1_r0,aguacate,821,0.000000
FKIT,S+X2_M1_r0,aguacate,822,0.000000
FKIT,S+X2_M1_r0,aguacate,823,0.000000
FKIT,S+X2_M1_r0,aguacate,824,0.000000
FKIT,S+X2_M1_r0,aguacate,825,0.000000
FKIT,S+X2_M1_r0,aguacate,826,0.000000
FKIT,S+X2_M1_r0,aguacate,827,0.000000
FKIT,S+X2_M1_r0,aguacate,828,0.000000
FKIT,S+X2_M1_r0,aguacate,829,0.000000
FKIT,S+X2_M1_r0,aguacate,830,0.000000
FKIT,S+X2_M1_r0,aguacate,831,0.000000
FKIT,S+X2_M1_r0,aguacate,832,0.000000
FKIT,S+X2_M1_r0,aguacate,833,0.000000
FKIT,S+X2_M1_r0,aguacate,834,0.000000
FKIT,S+X2_M1_r0,aguacate,835,0.000000
FKIT,S+X2_M1_r0,aguacate,836,0.000000
FKIT,S+X2_M1_r0,aguacate,837,0.000000
FKIT,S+X2_M1_r0,aguacate,838,0.000000
FKIT,S+X2_M1_r0,aguacate,839,0.000000
FKIT,S+X2_M1_r0,aguacate,840,0.000000
FKIT,S+X2_M1_r0,aguacate,841,0.000000
FKIT,S+X2_M1_r0,aguacate,842,0.000000
FKIT,S+X2_M1_r0,aguacate,843,0.000000
FKIT,S+X2_M1_r0,aguacate,844,0.000000
FKIT,S+X2_M1_r0,aguacate,845,0.000000
FKIT,S+X2_M1_r0,aguacate,846,0.000000
FKIT,S+X2_M1_r0,aguacate,847,0.000000
FKIT,S+X2_M1_r0,aguacate,848,0.000000
FKIT,S+X2_M1_r0,aguacate,849,0.000000
FKIT,S+X2_M1_r0,aguacate,850,0.000000
FKIT,S+X2_M1_r0,aguacate,851,0.000000
FKIT,S+X2_M1_r0,aguacate,852,0.000000
FKIT,S+X2_M1_r0,aguacate,853,0.000000
FKIT,S+X2_M1_r0,aguacate,854,0.000000
FKIT,S+X2_M1_r0,aguacate,855,0.000000
FKIT,S+X2_M1_r0,aguacate,856,0.000000
FKIT,S+X2_M1_r0,aguacate,857,0.000000
FKIT,S+X2_M1_r0,aguacate,858,0.000000
FKIT,S+X2_M1_r0,aguacate,859,0.000000
FKIT,S+X2_M1_r0,aguacate,860,0.000000
FKIT,S+X2_M1_r0,aguacate,861,0.000000
FKIT,S+X2_M1_r0,aguacate,862,0.000000
FKIT,S+X2_M1_r0,aguacate,863,0.000000
FKIT,S+X2_M1_r0,aguacate,864,0.000000
FKIT,S+X2_M1_r0,aguacate,865,0.000000
FKIT,S+X2_M1_r0,aguacate,866,0.000000
FKIT,S+X2_M1_r0,aguacate,867,0.000000
FKIT,S+X2_M1_r0,aguacate,868,0.000000
FKIT,S+X2_M1_r0,aguacate,869,0.000000
FKIT,S+X2_M1_r0,aguacate,870,0.000000
FKIT,S+X2_M1_r0,aguacate,871,0.000000
FKIT,S+X2_M1_r0,aguacate,872,0.000000
FKIT,S+X2_M1_r0,aguacate,873,0.000000
FKIT,S+X2_M1_r0,aguacate,874,0.000000
FKIT,S+X2_M1_r0,aguacate,875,0.000000
FKIT,S+X2_M1_r0,aguacate,876,0.000000
FKIT,S+X2_M1_r0,aguacate,877,0.000000
FKIT,S+X2_M1_r0,aguacate,878,0.000000
FKIT,S+X2_M1_r0,aguacate,879,0.000000
FKIT,S+X2_M1_r0,aguacate,880,0.000000
FKIT,S+X2_M1_r0,aguacate,881,0.000000
FKIT,S+X2_M1_r0,aguacate,882,0.000000
FKIT,S+X2_M1_r0,aguacate,883,0.000000
FKIT,S+X2_M1_r0,aguacate,884,0.000000
FKIT,S+X2_M1_r0,aguacate,885,0.000000
FKIT,S+X2_M1_r0,aguacate,886,0.000000
FKIT,S+X2_M1_r0,aguacate,887,0.000000
FKIT,S+X2_M1_r0,aguacate,888,0.000000
FKIT,S+X2_M1_r0,aguacate,889,0.000000
FKIT,S+X2_M1_r0,aguacate,890,0.000000
FKIT,S+X2_M1_r0,aguacate,891,0.000000
FKIT,S+X2_M1_r0,aguacate,892,0.000000
FKIT,S+X2_M1_r0,aguacate,893,0.000000
FKIT,S+X2_M1_r0,aguacate,894,0.000000
FKIT,S+X2_M1_r0,aguacate,895,0.000000
FKIT,S+X2_M1_r0,aguacate,896,0.000000
FKIT,S+X2_M1_r0,aguacate,897,0.000000
FKIT,S+X2_M1_r0,aguacate,898,0.000000
FKIT,S+X2_M1_r0,aguacate,899,0.000000
FKIT,S+X2_M1_r0,aguacate,900,0.000000
FKIT,S+X2_M1_r0,aguacate,901,0.000000
FKIT,S+X2_M1_r0,aguacate,902,0.000000
FKIT,S+X2_M1_r0,aguacate,903,0.000000
FKIT,S+X2_M1_r0,aguacate,904,0.000000
FKIT,S+X2_M1_r0,aguacate,905,0.000000
FKIT,S+X2_M1_r0,aguacate,906,0.000000
FKIT,S+X2_M1_r0,aguacate,907,0.000000
FKIT,S+X2_M1_r0,aguacate,908,0.000000
FKIT,S+X2_M1_r0,aguacate,909,0.000000
FKIT,S+X2_M1_r0,aguacate,910,0.000000
FKIT,S+X2_M1_r0,aguacate,911,0.000000
FKIT,S+X2_M1_r0,aguacate,912,0.000000
FKIT,S+X2_M1_r0,aguacate,913,0.000000
FKIT,S+X2_M1_r0,aguacate,914,0.000000
FKIT,S+X2_M1_r0,aguacate,915,0.000000
FKIT,S+X2_M1_r0,aguacate,916,0.000000
FKIT,S+X2_M1_r0,aguacate,917,0.000000
FKIT,S+X2_M1_r0,aguacate,918,0.000000
FKIT,S+X2_M1_r0,aguacate,919,0.000000
FKIT,S+X2_M1_r0,aguacate,920,0.000000
FKIT,S+X2_M1_r0,aguacate,921,0.000000
FKIT,S+X2_M1_r0,aguacate,922,0.000000
FKIT,S+X2_M1_r0,aguacate,923,0.000000
FKIT,S+X2_M1_r0,aguacate,924,0.000000
FKIT,S+X2_M1_r0,aguacate,925,0.000000
FKIT,S+X2_M1_r0,aguacate,926,0.000000
FKIT,S+X2_M1_r0,aguacate,927,0.000000
FKIT,S+X2_M1_r0,aguacate,928,0.000000
FKIT,S+X2_M1_r0,aguacate,929,0.000000
FKIT,S+X2_M1_r0,aguacate,930,0.000000
FKIT,S+X2_M1_r0,aguacate,931,0.000000
FKIT,S+X2_M1_r0,aguacate,932,0.000000
FKIT,S+X2_M1_r0,aguacate,933,0.000000
FKIT,S+X2_M1_r0,aguacate,934,0.000000
FKIT,S+X2_M1_r0,aguacate,935,0.000000
FKIT,S+X2_M1_r0,aguacate,936,0.000000
FKIT,S+X2_M1_r0,aguacate,937,0.000000
FKIT,S+X2_M1_r0,aguacate,938,0.000000
FKIT,S+X2_M1_r0,aguacate,939,0.000000
FKIT,S+X2_M1_r0,aguacate,940,0.000000
FKIT,S+X2_M1_r0,aguacate,941,0.000000
FKIT,S+X2_M1_r0,aguacate,942,0.000000
FKIT,S+X2_M1_r0,aguacate,943,0.000000
FKIT,S+X2_M1_r0,aguacate,944,0.000000
FKIT,S+X2_M1_r0,aguacate,945,0.000000
FKIT,S+X2_M1_r0,aguacate,946,0.000000
FKIT,S+X2_M1_r0,aguacate,947,0.000000
FKIT,S+X2_M1_r0,aguacate,948,0.000000
FKIT,S+X2_M1_r0,aguacate,949,0.000000
FKIT,S+X2_M1_r0,aguacate,950,0.000000
FKIT,S+X2_M1_r0,aguacate,951,0.000000
FKIT,S+X2_M1_r0,aguacate,952,0.000000
FKIT,S+X2_M1_r0,aguacate,953,0.000000
FKIT,S+X2_M1_r0,aguacate,954,0.000000
FKIT,S+X2_M1_r0,aguacate,955,0.000000
FKIT,S+X2_M1_r0,aguacate,956,0.000000
FKIT,S+X2_M1_r0,aguacate,957,0.000000
FKIT,S+X2_M1_r0,aguacate,958,0.000000
FKIT,S+X2_M1_r0,aguacate,959,0.000000
FKIT,S+X2_M1_r0,aguacate,960,0.000000
FKIT,S+X2_M1_r0,aguacate,961,0.000000
FKIT,S+X2_M1_r0,aguacate,962,0.000000
FKIT,S+X2_M1_r0,aguacate,963,0.000000
FKIT,S+X2_M1_r0,aguacate,964,0.000000
FKIT,S+X2_M1_r0,aguacate,965,0.000000
FKIT,S+X2_M1_r0,aguacate,966,0.000000
FKIT,S+X2_M1_r0,aguacate,967,0.000000
FKIT,S+X2_M1_r0,aguacate,968,0.000000
FKIT,S+X2_M1_r0,aguacate,969,0.000000
FKIT,S+X2_M1_r0,aguacate,970,0.000000
FKIT,S+X2_M1_r0,aguacate,971,0.000000
FKIT,S+X2_M1_r0,aguacate,972,0.000000
FKIT,S+X2_M1_r0,aguacate,973,0.000000
FKIT,S+X2_M1_r0,aguacate,974,0.000000
FKIT,S+X2_M1_r0,aguacate,975,0.000000
FKIT,S+X2_M1_r0,aguacate,976,0.000000
FKIT,S+X2_M1_r0,aguacate,977,0.000000
FKIT,S+X2_M1_r0,aguacate,978,0.000000
FKIT,S+X2_M1_r0,aguacate,979,0.000000
FKIT,S+X2_M1_r0,aguacate,980,0.000000
FKIT,S+X2_M1_r0,aguacate,981,0.000000
FKIT,S+X2_M1_r0,aguacate,982,0.000000
FKIT,S+X2_M1_r0,aguacate,983,0.000000
FKIT,S+X2_M1_r0,aguacate,984,0.000000
FKIT,S+X2_M1_r0,aguacate,985,0.000000
FKIT,S+X2_M1_r0,aguacate,986,0.000000
FKIT,S+X2_M1_r0,aguacate,987,0.000000
FKIT,S+X2_M1_r0,aguacate,988,0.000000
FKIT,S+X2_M1_r0,aguacate,989,0.000000
FKIT,S+X2_M1_r0,aguacate,990,0.000000
FKIT,S+X2_M1_r0,aguacate,991,0.000000
FKIT,S+X2_M1_r0,aguacate,992,0.000000
FKIT,S+X2_M1_r0,aguacate,993,0.000000
FKIT,S+X2_M1_r0,aguacate,994,0.000000
FKIT,S+X2_M1_r0,aguacate,995,0.000000
FKIT,S+X2_M1_r0,aguacate,996,0.000000
FKIT,S+X2_M1_r0,aguacate,997,0.000000
FKIT,S+X2_M1_r0,aguacate,998,0.000000
FKIT,S+X2_M1_r0,aguacate,999,0.000000
FKIT,S+X2_M1_r0,aguacate,1000,0.000000
FKIT,S+X2_M1_r0,aguacate,1001,0.000000
FKIT,S+X2_M1_r0,aguacate,1002,0.000000
FKIT,S+X2_M1_r0,aguacate,1003,0.000000
FKIT,S+X2_M1_r0,aguacate,1004,0.000000
FKIT,S+X2_M1_r0,aguacate,1005,0.000000
FKIT,S+X2_M1_r0,aguacate,1006,0.000000
FKIT,S+X2_M1_r0,aguacate,1007,0.000000
FKIT,S+X2_M1_r0,aguacate,1008,0.000000
FKIT,S+X2_M1_r0,aguacate,1009,0.000000
FKIT,S+X2_M1_r0,aguacate,1010,0.000000
FKIT,S+X2_M1_r0,aguacate,1011,0.000000
FKIT,S+X2_M1_r0,aguacate,1012,0.000000
FKIT,S+X2_M1_r0,aguacate,1013,0.000000
FKIT,S+X2_M1_r0,aguacate,1014,0.000000
FKIT,S+X2_M1_r0,aguacate,1015,0.000000
FKIT,S+X2_M1_r0,aguacate,1016,0.000000
FKIT,S+X2_M1_r0,aguacate,1017,0.000000
FKIT,S+X2_M1_r0,aguacate,1018,0.000000
FKIT,S+X2_M1_r0,aguacate,1019,0.000000
FKIT,S+X2_M1_r0,aguacate,1020,0.000000
FKIT,S+X2_M1_r0,aguacate,1021,0.000000
FKIT,S+X2_M1_r0,aguacate,1022,0.000000
FKIT,S+X2_M1_r0,aguacate,1023,0.000000
FKIT,S+X2_M1_r0,aguacate,1024,0.000000
FKIT,S+X2_M1_r0,aguacate,1025,0.000000
FKIT,S+X2_M1_r0,aguacate,1026,0.000000
FKIT,S+X2_M1_r0,aguacate,1027,0.000000
FKIT,S+X2_M1_r0,aguacate,1028,0.000000
FKIT,S+X2_M1_r0,aguacate,1029,0.000000
FKIT,S+X2_M1_r0,aguacate,1030,0.000000
FKIT,S+X2_M1_r0,aguacate,1031,0.000000
FKIT,S+X2_M1_r0,aguacate,1032,0.000000
FKIT,S+X2_M1_r0,aguacate,1033,0.000000
FKIT,S+X2_M1_r0,aguacate,1034,0.000000
FKIT,S+X2_M1_r0,aguacate,1035,0.000000
FKIT,S+X2_M1_r0,aguacate,1036,0.000000
FKIT,S+X2_M1_r0,aguacate,1037,0.000000
FKIT,S+X2_M1_r0,aguacate,1038,0.000000
FKIT,S+X2_M1_r0,aguacate,1039,0.000000
FKIT,S+X2_M1_r0,aguacate,1040,0.000000
FKIT,S+X2_M1_r0,aguacate,1041,0.000000
FKIT,S+X2_M1_r0,aguacate,1042,0.000000
FKIT,S+X2_M1_r0,aguacate,1043,0.000000
FKIT,S+X2_M1_r0,aguacate,1044,0.000000
FKIT,S+X2_M1_r0,aguacate,1045,0.000000
FKIT,S+X2_M1_r0,aguacate,1046,0.000000
FKIT,S+X2_M1_r0,aguacate,1047,0.000000
FKIT,S+X2_M1_r0,aguacate,1048,0.000000
FKIT,S+X2_M1_r0,aguacate,1049,0.000000
FKIT,S+X2_M1_r0,aguacate,1050,0.000000
FKIT,S+X2_M1_r0,aguacate,1051,0.000000
FKIT,S+X2_M1_r0,aguacate,1052,0.000000
FKIT,S+X2_M1_r0,aguacate,1053,0.000000
FKIT,S+X2_M1_r0,aguacate,1054,0.000000
FKIT,S+X2_M1_r0,aguacate,1055,0.000000
FKIT,S+X2_M1_r0,aguacate,1056,0.000000
FKIT,S+X2_M1_r0,aguacate,1057,0.000000
FKIT,S+X2_M1_r0,aguacate,1058,0.000000
FKIT,S+X2_M1_r0,aguacate,1059,0.000000
FKIT,S+X2_M1_r0,aguacate,1060,0.000000
FKIT,S+X2_M1_r0,aguacate,1061,0.000000
FKIT,S+X2_M1_r0,aguacate,1062,0.000000
FKIT,S+X2_M1_r0,aguacate,1063,0.000000
FKIT,S+X2_M1_r0,aguacate,1064,0.000000
FKIT,S+X2_M1_r0,aguacate,1065,0.000000
FKIT,S+X2_M1_r0,aguacate,1066,0.000000
FKIT,S+X2_M1_r0,aguacate,1067,0.000000
FKIT,S+X2_M1_r0,aguacate,1068,0.000000
FKIT,S+X2_M1_r0,aguacate,1069,0.000000
FKIT,S+X2_M1_r0,aguacate,1070,0.000000
FKIT,S+X2_M1_r0,aguacate,1071,0.000000
FKIT,S+X2_M1_r0,aguacate,1072,0.000000
FKIT,S+X2_M1_r0,aguacate,1073,0.000000
FKIT,S+X2_M1_r0,aguacate,1074,0.000000
FKIT,S+X2_M1_r0,aguacate,1075,0.000000
FKIT,S+X2_M1_r0,aguacate,1076,0.000000
FKIT,S+X2_M1_r0,aguacate,1077,0.000000
FKIT,S+X2_M1_r0,apple,0,0.011179
FKIT,S+X2_M1_r0,apple,1,0.012332
FKIT,S+X2_M1_r0,apple,2,0.055713
FKIT,S+X2_M1_r0,apple,3,0.061835
FKIT,S+X2_M1_r0,apple,4,0.092488
FKIT,S+X2_M1_r0,apple,5,0.106439
FKIT,S+X2_M1_r0,apple,6,0.093558
FKIT,S+X2_M1_r0,apple,7,0.107538
FKIT,S+X2_M1_r0,apple,8,0.099248
FKIT,S+X2_M1_r0,apple,9,0.105311
FKIT,S+X2_M1_r0,apple,10,0.116022
FKIT,S+X2_M1_r0,apple,11,0.012209
FKIT,S+X2_M1_r0,apple,12,0.011587
FKIT,S+X2_M1_r0,apple,13,0.012065
FKIT,S+X2_M1_r0,apple,14,0.011799
FKIT,S+X2_M1_r0,apple,15,0.012700
FKIT,S+X2_M1_r0,apple,16,0.015687
FKIT,S+X2_M1_r0,apple,17,0.013077
FKIT,S+X2_M1_r0,apple,18,0.012296
FKIT,S+X2_M1_r0,apple,19,0.012649
FKIT,S+X2_M1_r0,apple,20,0.012070
FKIT,S+X2_M1_r0,apple,21,0.011178
FKIT,S+X2_M1_r0,apple,22,0.012692
FKIT,S+X2_M1_r0,apple,23,0.011871
FKIT,S+X2_M1_r0,apple,24,0.010365
FKIT,S+X2_M1_r0,apple,25,0.009963
FKIT,S+X2_M1_r0,apple,26,0.010688
FKIT,S+X2_M1_r0,apple,27,0.010496
FKIT,S+X2_M1_r0,apple,28,0.010946
FKIT,S+X2_M1_r0,apple,29,0.010523
FKIT,S+X2_M1_r0,apple,30,0.010555
FKIT,S+X2_M1_r0,apple,31,0.009450
FKIT,S+X2_M1_r0,apple,32,0.010216
FKIT,S+X2_M1_r0,apple,33,0.009890
FKIT,S+X2_M1_r0,apple,34,0.010764
FKIT,S+X2_M1_r0,apple,35,0.009607
FKIT,S+X2_M1_r0,apple,36,0.008638
FKIT,S+X2_M1_r0,apple,37,0.008593
FKIT,S+X2_M1_r0,apple,38,0.009372
FKIT,S+X2_M1_r0,apple,39,0.008332
FKIT,S+X2_M1_r0,apple,40,0.010149
FKIT,S+X2_M1_r0,apple,41,0.006224
FKIT,S+X2_M1_r0,apple,42,0.007222
FKIT,S+X2_M1_r0,apple,43,0.008092
FKIT,S+X2_M1_r0,apple,44,0.005113
FKIT,S+X2_M1_r0,apple,45,0.004831
FKIT,S+X2_M1_r0,apple,46,0.005284
FKIT,S+X2_M1_r0,apple,47,0.006278
FKIT,S+X2_M1_r0,apple,48,0.006867
FKIT,S+X2_M1_r0,apple,49,0.006603
FKIT,S+X2_M1_r0,apple,50,0.008042
FKIT,S+X2_M1_r0,apple,51,0.003643
FKIT,S+X2_M1_r0,apple,52,0.006682
FKIT,S+X2_M1_r0,apple,53,0.006618
FKIT,S+X2_M1_r0,apple,54,0.006155
FKIT,S+X2_M1_r0,apple,55,0.008784
FKIT,S+X2_M1_r0,apple,56,0.007038
FKIT,S+X2_M1_r0,apple,57,0.006983
FKIT,S+X2_M1_r0,apple,58,0.006222
FKIT,S+X2_M1_r0,apple,59,0.006520
FKIT,S+X2_M1_r0,apple,60,0.007965
FKIT,S+X2_M1_r0,apple,61,0.005424
FKIT,S+X2_M1_r0,apple,62,0.004113
FKIT,S+X2_M1_r0,apple,63,0.000000
FKIT,S+X2_M1_r0,apple,64,0.002653
FKIT,S+X2_M1_r0,apple,65,0.003406
FKIT,S+X2_M1_r0,apple,66,0.002831
FKIT,S+X2_M1_r0,apple,67,0.000819
FKIT,S+X2_M1_r0,apple,68,0.000836
FKIT,S+X2_M1_r0,apple,69,0.005814
FKIT,S+X2_M1_r0,apple,70,0.003940
FKIT,S+X2_M1_r0,apple,71,0.000000
FKIT,S+X2_M1_r0,apple,72,0.001899
FKIT,S+X2_M1_r0,apple,73,0.002112
FKIT,S+X2_M1_r0,apple,74,0.000000
FKIT,S+X2_M1_r0,apple,75,0.003114
FKIT,S+X2_M1_r0,apple,76,0.003187
FKIT,S+X2_M1_r0,apple,77,0.000000
FKIT,S+X2_M1_r0,apple,78,0.002092
FKIT,S+X2_M1_r0,apple,79,0.001673
FKIT,S+X2_M1_r0,apple,80,0.001062
FKIT,S+X2_M1_r0,apple,81,0.000000
FKIT,S+X2_M1_r0,apple,82,0.000000
FKIT,S+X2_M1_r0,apple,83,0.000000
FKIT,S+X2_M1_r0,apple,84,0.000000
FKIT,S+X2_M1_r0,apple,85,0.000121
FKIT,S+X2_M1_r0,apple,86,0.000000
FKIT,S+X2_M1_r0,apple,87,0.000000
FKIT,S+X2_M1_r0,apple,88,0.001626
FKIT,S+X2_M1_r0,apple,89,0.000686
FKIT,S+X2_M1_r0,apple,90,0.000641
FKIT,S+X2_M1_r0,apple,91,0.000000
FKIT,S+X2_M1_r0,apple,92,0.000000
FKIT,S+X2_M1_r0,apple,93,0.000000
FKIT,S+X2_M1_r0,apple,94,0.000000
FKIT,S+X2_M1_r0,apple,95,0.000039
FKIT,S+X2_M1_r0,apple,96,0.000118
FKIT,S+X2_M1_r0,apple,97,0.000079
FKIT,S+X2_M1_r0,apple,98,0.000000
FKIT,S+X2_M1_r0,apple,99,0.000000
FKIT,S+X2_M1_r0,apple,100,0.000000
FKIT,S+X2_M1_r0,apple,101,0.000000
FKIT,S+X2_M1_r0,apple,102,0.000000
FKIT,S+X2_M1_r0,apple,103,0.000000
FKIT,S+X2_M1_r0,apple,104,0.000000
FKIT,S+X2_M1_r0,apple,105,0.000000
FKIT,S+X2_M1_r0,apple,106,0.000000
FKIT,S+X2_M1_r0,apple,107,0.000000
FKIT,S+X2_M1_r0,apple,108,0.000000
FKIT,S+X2_M1_r0,apple,109,0.000000
FKIT,S+X2_M1_r0,apple,110,0.000000
FKIT,S+X2_M1_r0,apple,111,0.000000
FKIT,S+X2_M1_r0,apple,112,0.000000
FKIT,S+X2_M1_r0,apple,113,0.000000
FKIT,S+X2_M1_r0,apple,114,0.000000
FKIT,S+X2_M1_r0,apple,115,0.000000
FKIT,S+X2_M1_r0,apple,116,0.000000
FKIT,S+X2_M1_r0,apple,117,0.000000
FKIT,S+X2_M1_r0,apple,118,0.000000
FKIT,S+X2_M1_r0,apple,119,0.000000
FKIT,S+X2_M1_r0,apple,120,0.000000
FKIT,S+X2_M1_r0,apple,121,0.000000
FKIT,S+X2_M1_r0,apple,122,0.000000
FKIT,S+X2_M1_r0,apple,123,0.000000
FKIT,S+X2_M1_r0,apple,124,0.000000
FKIT,S+X2_M1_r0,apple,125,0.000000
FKIT,S+X2_M1_r0,apple,126,0.000000
FKIT,S+X2_M1_r0,apple,127,0.000000
FKIT,S+X2_M1_r0,apple,128,0.000000
FKIT,S+X2_M1_r0,apple,129,0.000000
FKIT,S+X2_M1_r0,apple,130,0.000000
FKIT,S+X2_M1_r0,apple,131,0.000000
FKIT,S+X2_M1_r0,apple,132,0.000000
FKIT,S+X2_M1_r0,apple,133,0.000000
FKIT,S+X2_M1_r0,apple,134,0.000000
FKIT,S+X2_M1_r0,apple,135,0.000000
FKIT,S+X2_M1_r0,apple,136,0.000000
FKIT,S+X2_M1_r0,apple,137,0.000000
FKIT,S+X2_M1_r0,apple,138,0.000000
FKIT,S+X2_M1_r0,apple,139,0.000000
FKIT,S+X2_M1_r0,apple,140,0.000000
FKIT,S+X2_M1_r0,apple,141,0.000000
FKIT,S+X2_M1_r0,apple,142,0.000000
FKIT,S+X2_M1_r0,apple,143,0.000000
FKIT,S+X2_M1_r0,apple,144,0.000000
FKIT,S+X2_M1_r0,apple,145,0.000000
FKIT,S+X2_M1_r0,apple,146,0.000000
FKIT,S+X2_M1_r0,apple,147,0.000000
FKIT,S+X2_M1_r0,apple,148,0.000000
FKIT,S+X2_M1_r0,apple,149,0.000000
FKIT,S+X2_M1_r0,apple,150,0.000000
FKIT,S+X2_M1_r0,apple,151,0.000000
FKIT,S+X2_M1_r0,apple,152,0.000000
FKIT,S+X2_M1_r0,apple,153,0.000000
FKIT,S+X2_M1_r0,apple,154,0.000000
FKIT,S+X2_M1_r0,apple,155,0.000000
FKIT,S+X2_M1_r0,apple,156,0.000000
FKIT,S+X2_M1_r0,apple,157,0.000000
FKIT,S+X2_M1_r0,apple,158,0.000000
FKIT,S+X2_M1_r0,apple,159,0.000000
FKIT,S+X2_M1_r0,apple,160,0.000000
FKIT,S+X2_M1_r0,apple,161,0.000000
FKIT,S+X2_M1_r0,apple,162,0.000000
FKIT,S+X2_M1_r0,apple,163,0.000000
FKIT,S+X2_M1_r0,apple,164,0.000000
FKIT,S+X2_M1_r0,apple,165,0.000000
FKIT,S+X2_M1_r0,apple,166,0.000000
FKIT,S+X2_M1_r0,apple,167,0.000000
FKIT,S+X2_M1_r0,apple,168,0.000000
FKIT,S+X2_M1_r0,apple,169,0.000000
FKIT,S+X2_M1_r0,apple,170,0.000000
FKIT,S+X2_M1_r0,apple,171,0.000000
FKIT,S+X2_M1_r0,apple,172,0.000000
FKIT,S+X2_M1_r0,apple,173,0.000000
FKIT,S+X2_M1_r0,apple,174,0.000000
FKIT,S+X2_M1_r0,apple,175,0.000000
FKIT,S+X2_M1_r0,apple,176,0.000000
FKIT,S+X2_M1_r0,apple,177,0.000000
FKIT,S+X2_M1_r0,apple,178,0.000000
FKIT,S+X2_M1_r0,apple,179,0.000000
FKIT,S+X2_M1_r0,apple,180,0.000000
FKIT,S+X2_M1_r0,apple,181,0.000000
FKIT,S+X2_M1_r0,apple,182,0.000000
FKIT,S+X2_M1_r0,apple,183,0.000000
FKIT,S+X2_M1_r0,apple,184,0.000000
FKIT,S+X2_M1_r0,apple,185,0.000000
FKIT,S+X2_M1_r0,apple,186,0.000000
FKIT,S+X2_M1_r0,apple,187,0.000000
FKIT,S+X2_M1_r0,apple,188,0.000000
FKIT,S+X2_M1_r0,apple,189,0.000000
FKIT,S+X2_M1_r0,apple,190,0.000000
FKIT,S+X2_M1_r0,apple,191,0.000000
FKIT,S+X2_M1_r0,apple,192,0.000000
FKIT,S+X2_M1_r0,apple,193,0.000000
FKIT,S+X2_M1_r0,apple,194,0.000000
FKIT,S+X2_M1_r0,apple,195,0.000000
FKIT,S+X2_M1_r0,apple,196,0.000000
FKIT,S+X2_M1_r0,apple,197,0.000000
FKIT,S+X2_M1_r0,apple,198,0.000000
FKIT,S+X2_M1_r0,apple,199,0.000000
FKIT,S+X2_M1_r0,apple,200,0.000000
FKIT,S+X2_M1_r0,apple,201,0.000000
FKIT,S+X2_M1_r0,apple,202,0.000000
FKIT,S+X2_M1_r0,apple,203,0.000000
FKIT,S+X2_M1_r0,apple,204,0.000000
FKIT,S+X2_M1_r0,apple,205,0.000000
FKIT,S+X2_M1_r0,apple,206,0.000000
FKIT,S+X2_M1_r0,apple,207,0.000000
FKIT,S+X2_M1_r0,apple,208,0.000000
FKIT,S+X2_M1_r0,apple,209,0.000000
FKIT,S+X2_M1_r0,apple,210,0.000000
FKIT,S+X2_M1_r0,apple,211,0.000000
FKIT,S+X2_M1_r0,apple,212,0.000000
FKIT,S+X2_M1_r0,apple,213,0.000000
FKIT,S+X2_M1_r0,apple,214,0.000000
FKIT,S+X2_M1_r0,apple,215,0.000000
FKIT,S+X2_M1_r0,apple,216,0.000000
FKIT,S+X2_M1_r0,apple,217,0.000000
FKIT,S+X2_M1_r0,apple,218,0.000000
FKIT,S+X2_M1_r0,apple,219,0.000000
FKIT,S+X2_M1_r0,apple,220,0.000000
FKIT,S+X2_M1_r0,apple,221,0.000000
FKIT,S+X2_M1_r0,apple,222,0.000000
FKIT,S+X2_M1_r0,apple,223,0.000000
FKIT,S+X2_M1_r0,apple,224,0.000000
FKIT,S+X2_M1_r0,apple,225,0.000000
FKIT,S+X2_M1_r0,apple,226,0.000000
FKIT,S+X2_M1_r0,apple,227,0.000000
FKIT,S+X2_M1_r0,apple,228,0.000000
FKIT,S+X2_M1_r0,apple,229,0.000000
FKIT,S+X2_M1_r0,apple,230,0.000000
FKIT,S+X2_M1_r0,apple,231,0.000000
FKIT,S+X2_M1_r0,apple,232,0.000000
FKIT,S+X2_M1_r0,apple,233,0.000000
FKIT,S+X2_M1_r0,apple,234,0.000000
FKIT,S+X2_M1_r0,apple,235,0.000000
FKIT,S+X2_M1_r0,apple,236,0.000000
FKIT,S+X2_M1_r0,apple,237,0.000000
FKIT,S+X2_M1_r0,apple,238,0.000000
FKIT,S+X2_M1_r0,apple,239,0.000000
FKIT,S+X2_M1_r0,apple,240,0.000000
FKIT,S+X2_M1_r0,apple,241,0.000000
FKIT,S+X2_M1_r0,apple,242,0.000000
FKIT,S+X2_M1_r0,apple,243,0.000000
FKIT,S+X2_M1_r0,apple,244,0.000000
FKIT,S+X2_M1_r0,apple,245,0.000000
FKIT,S+X2_M1_r0,apple,246,0.000000
FKIT,S+X2_M1_r0,apple,247,0.000000
FKIT,S+X2_M1_r0,apple,248,0.000000
FKIT,S+X2_M1_r0,apple,249,0.000000
FKIT,S+X2_M1_r0,apple,250,0.000000
FKIT,S+X2_M1_r0,apple,251,0.000000
FKIT,S+X2_M1_r0,apple,252,0.000000
FKIT,S+X2_M1_r0,apple,253,0.000000
FKIT,S+X2_M1_r0,apple,254,0.000000
FKIT,S+X2_M1_r0,apple,255,0.000000
FKIT,S+X2_M1_r0,apple,256,0.000000
FKIT,S+X2_M1_r0,apple,257,0.000000
FKIT,S+X2_M1_r0,apple,258,0.000000
FKIT,S+X2_M1_r0,apple,259,0.000000
FKIT,S+X2_M1_r0,apple,260,0.000000
FKIT,S+X2_M1_r0,apple,261,0.000000
FKIT,S+X2_M1_r0,apple,262,0.000000
FKIT,S+X2_M1_r0,apple,263,0.000000
FKIT,S+X2_M1_r0,apple,264,0.000000
FKIT,S+X2_M1_r0,apple,265,0.000000
FKIT,S+X2_M1_r0,apple,266,0.000000
FKIT,S+X2_M1_r0,apple,267,0.000000
FKIT,S+X2_M1_r0,apple,268,0.000000
FKIT,S+X2_M1_r0,apple,269,0.000000
FKIT,S+X2_M1_r0,apple,270,0.000000
FKIT,S+X2_M1_r0,apple,271,0.000000
FKIT,S+X2_M1_r0,apple,272,0.000000
FKIT,S+X2_M1_r0,apple,273,0.000000
FKIT,S+X2_M1_r0,apple,274,0.000000
FKIT,S+X2_M1_r0,apple,275,0.000000
FKIT,S+X2_M1_r0,apple,276,0.000000
FKIT,S+X2_M1_r0,apple,277,0.000000
FKIT,S+X2_M1_r0,apple,278,0.000000
FKIT,S+X2_M1_r0,apple,279,0.000000
FKIT,S+X2_M1_r0,apple,280,0.000000
FKIT,S+X2_M1_r0,apple,281,0.000000
FKIT,S+X2_M1_r0,apple,282,0.000000
FKIT,S+X2_M1_r0,apple,283,0.000000
FKIT,S+X2_M1_r0,apple,284,0.000000
FKIT,S+X2_M1_r0,apple,285,0.000000
FKIT,S+X2_M1_r0,apple,286,0.000000
FKIT,S+X2_M1_r0,apple,287,0.000000
FKIT,S+X2_M1_r0,apple,288,0.000000
FKIT,S+X2_M1_r0,apple,289,0.000000
FKIT,S+X2_M1_r0,apple,290,0.000000
FKIT,S+X2_M1_r0,apple,291,0.000000
FKIT,S+X2_M1_r0,apple,292,0.000000
FKIT,S+X2_M1_r0,apple,293,0.000000
FKIT,S+X2_M1_r0,apple,294,0.000000
FKIT,S+X2_M1_r0,apple,295,0.000000
FKIT,S+X2_M1_r0,apple,296,0.000000
FKIT,S+X2_M1_r0,apple,297,0.000000
FKIT,S+X2_M1_r0,apple,298,0.000000
FKIT,S+X2_M1_r0,apple,299,0.000000
FKIT,S+X2_M1_r0,apple,300,0.000000
FKIT,S+X2_M1_r0,apple,301,0.000000
FKIT,S+X2_M1_r0,apple,302,0.000000
FKIT,S+X2_M1_r0,apple,303,0.000000
FKIT,S+X2_M1_r0,apple,304,0.000000
FKIT,S+X2_M1_r0,apple,305,0.000000
FKIT,S+X2_M1_r0,apple,306,0.000000
FKIT,S+X2_M1_r0,apple,307,0.000000
FKIT,S+X2_M1_r0,apple,308,0.000000
FKIT,S+X2_M1_r0,apple,309,0.000000
FKIT,S+X2_M1_r0,apple,310,0.000000
FKIT,S+X2_M1_r0,apple,311,0.000000
FKIT,S+X2_M1_r0,apple,312,0.000000
FKIT,S+X2_M1_r0,apple,313,0.000000
FKIT,S+X2_M1_r0,apple,314,0.000000
FKIT,S+X2_M1_r0,apple,315,0.000000
FKIT,S+X2_M1_r0,apple,316,0.000000
FKIT,S+X2_M1_r0,apple,317,0.000000
FKIT,S+X2_M1_r0,apple,318,0.000000
FKIT,S+X2_M1_r0,apple,319,0.000000
FKIT,S+X2_M1_r0,apple,320,0.000000
FKIT,S+X2_M1_r0,apple,321,0.000000
FKIT,S+X2_M1_r0,apple,322,0.000000
FKIT,S+X2_M1_r0,apple,323,0.000000
FKIT,S+X2_M1_r0,apple,324,0.000000
FKIT,S+X2_M1_r0,apple,325,0.000000
FKIT,S+X2_M1_r0,apple,326,0.000000
FKIT,S+X2_M1_r0,apple,327,0.000000
FKIT,S+X2_M1_r0,apple,328,0.000000
FKIT,S+X2_M1_r0,apple,329,0.000000
FKIT,S+X2_M1_r0,apple,330,0.000000
FKIT,S+X2_M1_r0,apple,331,0.000000
FKIT,S+X2_M1_r0,apple,332,0.000000
FKIT,S+X2_M1_r0,apple,333,0.000000
FKIT,S+X2_M1_r0,apple,334,0.000000
FKIT,S+X2_M1_r0,apple,335,0.000000
FKIT,S+X2_M1_r0,apple,336,0.000000
FKIT,S+X2_M1_r0,apple,337,0.000000
FKIT,S+X2_M1_r0,apple,338,0.000000
FKIT,S+X2_M1_r0,apple,339,0.000000
FKIT,S+X2_M1_r0,apple,340,0.000000
FKIT,S+X2_M1_r0,apple,341,0.000000
FKIT,S+X2_M1_r0,apple,342,0.000000
FKIT,S+X2_M1_r0,apple,343,0.000000
FKIT,S+X2_M1_r0,apple,344,0.000000
FKIT,S+X2_M1_r0,apple,345,0.000000
FKIT,S+X2_M1_r0,apple,346,0.000000
FKIT,S+X2_M1_r0,apple,347,0.000000
FKIT,S+X2_M1_r0,apple,348,0.000000
FKIT,S+X2_M1_r0,apple,349,0.000000
FKIT,S+X2_M1_r0,apple,350,0.000000
FKIT,S+X2_M1_r0,apple,351,0.000000
FKIT,S+X2_M1_r0,apple,352,0.000000
FKIT,S+X2_M1_r0,apple,353,0.000000
FKIT,S+X2_M1_r0,apple,354,0.000000
FKIT,S+X2_M1_r0,apple,355,0.000000
FKIT,S+X2_M1_r0,apple,356,0.000000
FKIT,S+X2_M1_r0,apple,357,0.000000
FKIT,S+X2_M1_r0,apple,358,0.000000
FKIT,S+X2_M1_r0,apple,359,0.000000
FKIT,S+X2_M1_r0,apple,360,0.000000
FKIT,S+X2_M1_r0,apple,361,0.000000
FKIT,S+X2_M1_r0,apple,362,0.000000
FKIT,S+X2_M1_r0,apple,363,0.000000
FKIT,S+X2_M1_r0,apple,364,0.000000
FKIT,S+X2_M1_r0,apple,365,0.000000
FKIT,S+X2_M1_r0,apple,366,0.000000
FKIT,S+X2_M1_r0,apple,367,0.000000
FKIT,S+X2_M1_r0,apple,368,0.000000
FKIT,S+X2_M1_r0,apple,369,0.000000
FKIT,S+X2_M1_r0,apple,370,0.000000
FKIT,S+X2_M1_r0,apple,371,0.000000
FKIT,S+X2_M1_r0,apple,372,0.000000
FKIT,S+X2_M1_r0,apple,373,0.000000
FKIT,S+X2_M1_r0,apple,374,0.000000
FKIT,S+X2_M1_r0,apple,375,0.000000
FKIT,S+X2_M1_r0,apple,376,0.000000
FKIT,S+X2_M1_r0,apple,377,0.000000
FKIT,S+X2_M1_r0,apple,378,0.000000
FKIT,S+X2_M1_r0,apple,379,0.000000
FKIT,S+X2_M1_r0,apple,380,0.000000
FKIT,S+X2_M1_r0,apple,381,0.000000
FKIT,S+X2_M1_r0,apple,382,0.000000
FKIT,S+X2_M1_r0,apple,383,0.000000
FKIT,S+X2_M1_r0,apple,384,0.000000
FKIT,S+X2_M1_r0,apple,385,0.000000
FKIT,S+X2_M1_r0,apple,386,0.000000
FKIT,S+X2_M1_r0,apple,387,0.000000
FKIT,S+X2_M1_r0,apple,388,0.000000
FKIT,S+X2_M1_r0,apple,389,0.000000
FKIT,S+X2_M1_r0,apple,390,0.000000
FKIT,S+X2_M1_r0,apple,391,0.000000
FKIT,S+X2_M1_r0,apple,392,0.000000
FKIT,S+X2_M1_r0,apple,393,0.000000
FKIT,S+X2_M1_r0,apple,394,0.000000
FKIT,S+X2_M1_r0,apple,395,0.000000
FKIT,S+X2_M1_r0,apple,396,0.000000
FKIT,S+X2_M1_r0,apple,397,0.000000
FKIT,S+X2_M1_r0,apple,398,0.000000
FKIT,S+X2_M1_r0,apple,399,0.000000
FKIT,S+X2_M1_r0,apple,400,0.000000
FKIT,S+X2_M1_r0,apple,401,0.000000
FKIT,S+X2_M1_r0,apple,402,0.000000
FKIT,S+X2_M1_r0,apple,403,0.000000
FKIT,S+X2_M1_r0,apple,404,0.000000
FKIT,S+X2_M1_r0,apple,405,0.000000
FKIT,S+X2_M1_r0,apple,406,0.000000
FKIT,S+X2_M1_r0,apple,407,0.000000
FKIT,S+X2_M1_r0,apple,408,0.000000
FKIT,S+X2_M1_r0,apple,409,0.000000
FKIT,S+X2_M1_r0,apple,410,0.000000
FKIT,S+X2_M1_r0,apple,411,0.000000
FKIT,S+X2_M1_r0,apple,412,0.000000
FKIT,S+X2_M1_r0,apple,413,0.000000
FKIT,S+X2_M1_r0,apple,414,0.000000
FKIT,S+X2_M1_r0,apple,415,0.000000
FKIT,S+X2_M1_r0,apple,416,0.000000
FKIT,S+X2_M1_r0,apple,417,0.000000
FKIT,S+X2_M1_r0,apple,418,0.000000
FKIT,S+X2_M1_r0,apple,419,0.000000
FKIT,S+X2_M1_r0,apple,420,0.000000
FKIT,S+X2_M1_r0,apple,421,0.000000
FKIT,S+X2_M1_r0,apple,422,0.000000
FKIT,S+X2_M1_r0,apple,423,0.000000
FKIT,S+X2_M1_r0,apple,424,0.000000
FKIT,S+X2_M1_r0,apple,425,0.000000
FKIT,S+X2_M1_r0,apple,426,0.000000
FKIT,S+X2_M1_r0,apple,427,0.000000
FKIT,S+X2_M1_r0,apple,428,0.000000
FKIT,S+X2_M1_r0,apple,429,0.000000
FKIT,S+X2_M1_r0,apple,430,0.000000
FKIT,S+X2_M1_r0,apple,431,0.000000
FKIT,S+X2_M1_r0,apple,432,0.000000
FKIT,S+X2_M1_r0,apple,433,0.000000
FKIT,S+X2_M1_r0,apple,434,0.000000
FKIT,S+X2_M1_r0,apple,435,0.000000
FKIT,S+X2_M1_r0,apple,436,0.000000
FKIT,S+X2_M1_r0,apple,437,0.000000
FKIT,S+X2_M1_r0,apple,438,0.000000
FKIT,S+X2_M1_r0,apple,439,0.000000
FKIT,S+X2_M1_r0,apple,440,0.000000
FKIT,S+X2_M1_r0,apple,441,0.000000
FKIT,S+X2_M1_r0,apple,442,0.000000
FKIT,S+X2_M1_r0,apple,443,0.000000
FKIT,S+X2_M1_r0,apple,444,0.000000
FKIT,S+X2_M1_r0,apple,445,0.000000
FKIT,S+X2_M1_r0,apple,446,0.000000
FKIT,S+X2_M1_r0,apple,447,0.000000
FKIT,S+X2_M1_r0,apple,448,0.000000
FKIT,S+X2_M1_r0,apple,449,0.000000
FKIT,S+X2_M1_r0,apple,450,0.000000
FKIT,S+X2_M1_r0,apple,451,0.000000
FKIT,S+X2_M1_r0,apple,452,0.000000
FKIT,S+X2_M1_r0,apple,453,0.000000
FKIT,S+X2_M1_r0,apple,454,0.000000
FKIT,S+X2_M1_r0,apple,455,0.000000
FKIT,S+X2_M1_r0,apple,456,0.000000
FKIT,S+X2_M1_r0,apple,457,0.000000
FKIT,S+X2_M1_r0,apple,458,0.000000
FKIT,S+X2_M1_r0,apple,459,0.000000
FKIT,S+X2_M1_r0,apple,460,0.000000
FKIT,S+X2_M1_r0,apple,461,0.000000
FKIT,S+X2_M1_r0,apple,462,0.000000
FKIT,S+X2_M1_r0,apple,463,0.000000
FKIT,S+X2_M1_r0,apple,464,0.000000
FKIT,S+X2_M1_r0,apple,465,0.000000
FKIT,S+X2_M1_r0,apple,466,0.000000
FKIT,S+X2_M1_r0,apple,467,0.000000
FKIT,S+X2_M1_r0,apple,468,0.000000
FKIT,S+X2_M1_r0,apple,469,0.000000
FKIT,S+X2_M1_r0,apple,470,0.000000
FKIT,S+X2_M1_r0,apple,471,0.000000
FKIT,S+X2_M1_r0,apple,472,0.000000
FKIT,S+X2_M1_r0,apple,473,0.000000
FKIT,S+X2_M1_r0,apple,474,0.000000
FKIT,S+X2_M1_r0,apple,475,0.000000
FKIT,S+X2_M1_r0,apple,476,0.000000
FKIT,S+X2_M1_r0,apple,477,0.000000
FKIT,S+X2_M1_r0,apple,478,0.000000
FKIT,S+X2_M1_r0,apple,479,0.000000
FKIT,S+X2_M1_r0,apple,480,0.000000
FKIT,S+X2_M1_r0,apple,481,0.000000
FKIT,S+X2_M1_r0,apple,482,0.000000
FKIT,S+X2_M1_r0,apple,483,0.000000
FKIT,S+X2_M1_r0,apple,484,0.000000
FKIT,S+X2_M1_r0,apple,485,0.000000
FKIT,S+X2_M1_r0,apple,486,0.000000
FKIT,S+X2_M1_r0,apple,487,0.000000
FKIT,S+X2_M1_r0,apple,488,0.000000
FKIT,S+X2_M1_r0,apple,489,0.000000
FKIT,S+X2_M1_r0,apple,490,0.000000
FKIT,S+X2_M1_r0,apple,491,0.000000
FKIT,S+X2_M1_r0,apple,492,0.000000
FKIT,S+X2_M1_r0,apple,493,0.000000
FKIT,S+X2_M1_r0,apple,494,0.000000
FKIT,S+X2_M1_r0,apple,495,0.000000
FKIT,S+X2_M1_r0,apple,496,0.000000
FKIT,S+X2_M1_r0,apple,497,0.000000
FKIT,S+X2_M1_r0,apple,498,0.000000
FKIT,S+X2_M1_r0,apple,499,0.000000
FKIT,S+X2_M1_r0,apple,500,0.000000
FKIT,S+X2_M1_r0,apple,501,0.000000
FKIT,S+X2_M1_r0,apple,502,0.000000
FKIT,S+X2_M1_r0,apple,503,0.000000
FKIT,S+X2_M1_r0,apple,504,0.000000
FKIT,S+X2_M1_r0,apple,505,0.000000
FKIT,S+X2_M1_r0,apple,506,0.000000
FKIT,S+X2_M1_r0,apple,507,0.000000
FKIT,S+X2_M1_r0,apple,508,0.000000
FKIT,S+X2_M1_r0,apple,509,0.000000
FKIT,S+X2_M1_r0,apple,510,0.000000
FKIT,S+X2_M1_r0,apple,511,0.000000
FKIT,S+X2_M1_r0,apple,512,0.000000
FKIT,S+X2_M1_r0,apple,513,0.000000
FKIT,S+X2_M1_r0,apple,514,0.000000
FKIT,S+X2_M1_r0,apple,515,0.000000
FKIT,S+X2_M1_r0,apple,516,0.000000
FKIT,S+X2_M1_r0,apple,517,0.000000
FKIT,S+X2_M1_r0,apple,518,0.000000
FKIT,S+X2_M1_r0,apple,519,0.000000
FKIT,S+X2_M1_r0,apple,520,0.000000
FKIT,S+X2_M1_r0,apple,521,0.000000
FKIT,S+X2_M1_r0,apple,522,0.000000
FKIT,S+X2_M1_r0,apple,523,0.000000
FKIT,S+X2_M1_r0,apple,524,0.000000
FKIT,S+X2_M1_r0,apple,525,0.000000
FKIT,S+X2_M1_r0,apple,526,0.000000
FKIT,S+X2_M1_r0,apple,527,0.000000
FKIT,S+X2_M1_r0,apple,528,0.000000
FKIT,S+X2_M1_r0,apple,529,0.000000
FKIT,S+X2_M1_r0,apple,530,0.000000
FKIT,S+X2_M1_r0,apple,531,0.000000
FKIT,S+X2_M1_r0,apple,532,0.000000
FKIT,S+X2_M1_r0,apple,533,0.000000
FKIT,S+X2_M1_r0,apple,534,0.000000
FKIT,S+X2_M1_r0,apple,535,0.000000
FKIT,S+X2_M1_r0,apple,536,0.000000
FKIT,S+X2_M1_r0,apple,537,0.000000
FKIT,S+X2_M1_r0,apple,538,0.000000
FKIT,S+X2_M1_r0,apple,539,0.000000
FKIT,S+X2_M1_r0,apple,540,0.000000
FKIT,S+X2_M1_r0,apple,541,0.000000
FKIT,S+X2_M1_r0,apple,542,0.000000
FKIT,S+X2_M1_r0,apple,543,0.000000
FKIT,S+X2_M1_r0,apple,544,0.000000
FKIT,S+X2_M1_r0,apple,545,0.000000
FKIT,S+X2_M1_r0,apple,546,0.000000
FKIT,S+X2_M1_r0,apple,547,0.000000
FKIT,S+X2_M1_r0,apple,548,0.000000
FKIT,S+X2_M1_r0,apple,549,0.000000
FKIT,S+X2_M1_r0,apple,550,0.000000
FKIT,S+X2_M1_r0,apple,551,0.000000
FKIT,S+X2_M1_r0,apple,552,0.000000
FKIT,S+X2_M1_r0,apple,553,0.000000
FKIT,S+X2_M1_r0,apple,554,0.000000
FKIT,S+X2_M1_r0,apple,555,0.000000
FKIT,S+X2_M1_r0,apple,556,0.000000
FKIT,S+X2_M1_r0,apple,557,0.000000
FKIT,S+X2_M1_r0,apple,558,0.000000
FKIT,S+X2_M1_r0,apple,559,0.000000
FKIT,S+X2_M1_r0,apple,560,0.000000
FKIT,S+X2_M1_r0,apple,561,0.000000
FKIT,S+X2_M1_r0,apple,562,0.000000
FKIT,S+X2_M1_r0,apple,563,0.000000
FKIT,S+X2_M1_r0,apple,564,0.000000
FKIT,S+X2_M1_r0,apple,565,0.000000
FKIT,S+X2_M1_r0,apple,566,0.000000
FKIT,S+X2_M1_r0,apple,567,0.000000
FKIT,S+X2_M1_r0,apple,568,0.000000
FKIT,S+X2_M1_r0,apple,569,0.000000
FKIT,S+X2_M1_r0,apple,570,0.000000
FKIT,S+X2_M1_r0,apple,571,0.000000
FKIT,S+X2_M1_r0,apple,572,0.000000
FKIT,S+X2_M1_r0,apple,573,0.000000
FKIT,S+X2_M1_r0,apple,574,0.000000
FKIT,S+X2_M1_r0,apple,575,0.000000
FKIT,S+X2_M1_r0,apple,576,0.000000
FKIT,S+X2_M1_r0,apple,577,0.000000
FKIT,S+X2_M1_r0,apple,578,0.000000
FKIT,S+X2_M1_r0,apple,579,0.000000
FKIT,S+X2_M1_r0,apple,580,0.000000
FKIT,S+X2_M1_r0,apple,581,0.000000
FKIT,S+X2_M1_r0,apple,582,0.000000
FKIT,S+X2_M1_r0,apple,583,0.000000
FKIT,S+X2_M1_r0,apple,584,0.000000
FKIT,S+X2_M1_r0,apple,585,0.000000
FKIT,S+X2_M1_r0,apple,586,0.000000
FKIT,S+X2_M1_r0,apple,587,0.000000
FKIT,S+X2_M1_r0,apple,588,0.000000
FKIT,S+X2_M1_r0,apple,589,0.000000
FKIT,S+X2_M1_r0,apple,590,0.000000
FKIT,S+X2_M1_r0,apple,591,0.000000
FKIT,S+X2_M1_r0,apple,592,0.000000
FKIT,S+X2_M1_r0,apple,593,0.000000
FKIT,S+X2_M1_r0,apple,594,0.000000
FKIT,S+X2_M1_r0,apple,595,0.000000
FKIT,S+X2_M1_r0,apple,596,0.000000
FKIT,S+X2_M1_r0,apple,597,0.000000
FKIT,S+X2_M1_r0,apple,598,0.000000
FKIT,S+X2_M1_r0,apple,599,0.000000
FKIT,S+X2_M1_r0,apple,600,0.000000
FKIT,S+X2_M1_r0,apple,601,0.000000
FKIT,S+X2_M1_r0,apple,602,0.000000
FKIT,S+X2_M1_r0,apple,603,0.000000
FKIT,S+X2_M1_r0,apple,604,0.000000
FKIT,S+X2_M1_r0,apple,605,0.000000
FKIT,S+X2_M1_r0,apple,606,0.000000
FKIT,S+X2_M1_r0,apple,607,0.000000
FKIT,S+X2_M1_r0,apple,608,0.000000
FKIT,S+X2_M1_r0,apple,609,0.000000
FKIT,S+X2_M1_r0,apple,610,0.000000
FKIT,S+X2_M1_r0,apple,611,0.000000
FKIT,S+X2_M1_r0,apple,612,0.000000
FKIT,S+X2_M1_r0,apple,613,0.000000
FKIT,S+X2_M1_r0,apple,614,0.000000
FKIT,S+X2_M1_r0,apple,615,0.000000
FKIT,S+X2_M1_r0,apple,616,0.000000
FKIT,S+X2_M1_r0,apple,617,0.000000
FKIT,S+X2_M1_r0,apple,618,0.000000
FKIT,S+X2_M1_r0,apple,619,0.000000
FKIT,S+X2_M1_r0,apple,620,0.000000
FKIT,S+X2_M1_r0,apple,621,0.000000
FKIT,S+X2_M1_r0,apple,622,0.000000
FKIT,S+X2_M1_r0,apple,623,0.000000
FKIT,S+X2_M1_r0,apple,624,0.000000
FKIT,S+X2_M1_r0,apple,625,0.000000
FKIT,S+X2_M1_r0,apple,626,0.000000
FKIT,S+X2_M1_r0,apple,627,0.000000
FKIT,S+X2_M1_r0,apple,628,0.000000
FKIT,S+X2_M1_r0,apple,629,0.000000
FKIT,S+X2_M1_r0,apple,630,0.000000
FKIT,S+X2_M1_r0,apple,631,0.000000
FKIT,S+X2_M1_r0,apple,632,0.000000
FKIT,S+X2_M1_r0,apple,633,0.000000
FKIT,S+X2_M1_r0,apple,634,0.000000
FKIT,S+X2_M1_r0,apple,635,0.000000
FKIT,S+X2_M1_r0,apple,636,0.000000
FKIT,S+X2_M1_r0,apple,637,0.000000
FKIT,S+X2_M1_r0,apple,638,0.000000
FKIT,S+X2_M1_r0,apple,639,0.000000
FKIT,S+X2_M1_r0,apple,640,0.000000
FKIT,S+X2_M1_r0,apple,641,0.000000
FKIT,S+X2_M1_r0,apple,642,0.000000
FKIT,S+X2_M1_r0,apple,643,0.000000
FKIT,S+X2_M1_r0,apple,644,0.000000
FKIT,S+X2_M1_r0,apple,645,0.000000
FKIT,S+X2_M1_r0,apple,646,0.000000
FKIT,S+X2_M1_r0,apple,647,0.000000
FKIT,S+X2_M1_r0,apple,648,0.000000
FKIT,S+X2_M1_r0,apple,649,0.000000
FKIT,S+X2_M1_r0,apple,650,0.000000
FKIT,S+X2_M1_r0,apple,651,0.000000
FKIT,S+X2_M1_r0,apple,652,0.000000
FKIT,S+X2_M1_r0,apple,653,0.000000
FKIT,S+X2_M1_r0,apple,654,0.000000
FKIT,S+X2_M1_r0,apple,655,0.000000
FKIT,S+X2_M1_r0,apple,656,0.000000
FKIT,S+X2_M1_r0,apple,657,0.000000
FKIT,S+X2_M1_r0,apple,658,0.000000
FKIT,S+X2_M1_r0,apple,659,0.000000
FKIT,S+X2_M1_r0,apple,660,0.000000
FKIT,S+X2_M1_r0,apple,661,0.000000
FKIT,S+X2_M1_r0,apple,662,0.000000
FKIT,S+X2_M1_r0,apple,663,0.000000
FKIT,S+X2_M1_r0,apple,664,0.000000
FKIT,S+X2_M1_r0,apple,665,0.000000
FKIT,S+X2_M1_r0,apple,666,0.000000
FKIT,S+X2_M1_r0,apple,667,0.000000
FKIT,S+X2_M1_r0,apple,668,0.000000
FKIT,S+X2_M1_r0,apple,669,0.000000
FKIT,S+X2_M1_r0,apple,670,0.000000
FKIT,S+X2_M1_r0,apple,671,0.000000
FKIT,S+X2_M1_r0,apple,672,0.000000
FKIT,S+X2_M1_r0,apple,673,0.000000
FKIT,S+X2_M1_r0,apple,674,0.000000
FKIT,S+X2_M1_r0,apple,675,0.000000
FKIT,S+X2_M1_r0,apple,676,0.000000
FKIT,S+X2_M1_r0,apple,677,0.000000
FKIT,S+X2_M1_r0,apple,678,0.000000
FKIT,S+X2_M1_r0,apple,679,0.000000
FKIT,S+X2_M1_r0,apple,680,0.000000
FKIT,S+X2_M1_r0,apple,681,0.000000
FKIT,S+X2_M1_r0,apple,682,0.000000
FKIT,S+X2_M1_r0,apple,683,0.000000
FKIT,S+X2_M1_r0,apple,684,0.000000
FKIT,S+X2_M1_r0,apple,685,0.000000
FKIT,S+X2_M1_r0,apple,686,0.000000
FKIT,S+X2_M1_r0,apple,687,0.000000
FKIT,S+X2_M1_r0,apple,688,0.000000
FKIT,S+X2_M1_r0,apple,689,0.000000
FKIT,S+X2_M1_r0,apple,690,0.000000
FKIT,S+X2_M1_r0,apple,691,0.000000
FKIT,S+X2_M1_r0,apple,692,0.000000
FKIT,S+X2_M1_r0,apple,693,0.000000
FKIT,S+X2_M1_r0,apple,694,0.000000
FKIT,S+X2_M1_r0,apple,695,0.000000
FKIT,S+X2_M1_r0,apple,696,0.000000
FKIT,S+X2_M1_r0,apple,697,0.000000
FKIT,S+X2_M1_r0,apple,698,0.000000
FKIT,S+X2_M1_r0,apple,699,0.000000
FKIT,S+X2_M1_r0,apple,700,0.000000
FKIT,S+X2_M1_r0,apple,701,0.000000
FKIT,S+X2_M1_r0,apple,702,0.000000
FKIT,S+X2_M1_r0,apple,703,0.000000
FKIT,S+X2_M1_r0,apple,704,0.000000
FKIT,S+X2_M1_r0,apple,705,0.000000
FKIT,S+X2_M1_r0,apple,706,0.000000
FKIT,S+X2_M1_r0,apple,707,0.000000
FKIT,S+X2_M1_r0,apple,708,0.000000
FKIT,S+X2_M1_r0,apple,709,0.000000
FKIT,S+X2_M1_r0,apple,710,0.000000
FKIT,S+X2_M1_r0,apple,711,0.000000
FKIT,S+X2_M1_r0,apple,712,0.000000
FKIT,S+X2_M1_r0,apple,713,0.000000
FKIT,S+X2_M1_r0,apple,714,0.000000
FKIT,S+X2_M1_r0,apple,715,0.000000
FKIT,S+X2_M1_r0,apple,716,0.000000
FKIT,S+X2_M1_r0,apple,717,0.000000
FKIT,S+X2_M1_r0,apple,718,0.000000
FKIT,S+X2_M1_r0,apple,719,0.000000
FKIT,S+X2_M1_r0,apple,720,0.000000
FKIT,S+X2_M1_r0,apple,721,0.000000
FKIT,S+X2_M1_r0,apple,722,0.000000
FKIT,S+X2_M1_r0,apple,723,0.000000
FKIT,S+X2_M1_r0,apple,724,0.000000
FKIT,S+X2_M1_r0,apple,725,0.000000
FKIT,S+X2_M1_r0,apple,726,0.000000
FKIT,S+X2_M1_r0,apple,727,0.000000
FKIT,S+X2_M1_r0,apple,728,0.000000
FKIT,S+X2_M1_r0,apple,729,0.000000
FKIT,S+X2_M1_r0,apple,730,0.000000
FKIT,S+X2_M1_r0,apple,731,0.000000
FKIT,S+X2_M1_r0,apple,732,0.000000
FKIT,S+X2_M1_r0,apple,733,0.000000
FKIT,S+X2_M1_r0,apple,734,0.000000
FKIT,S+X2_M1_r0,apple,735,0.000000
FKIT,S+X2_M1_r0,apple,736,0.000000
FKIT,S+X2_M1_r0,apple,737,0.000000
FKIT,S+X2_M1_r0,apple,738,0.000000
FKIT,S+X2_M1_r0,apple,739,0.000000
FKIT,S+X2_M1_r0,apple,740,0.000000
FKIT,S+X2_M1_r0,apple,741,0.000000
FKIT,S+X2_M1_r0,apple,742,0.000000
FKIT,S+X2_M1_r0,apple,743,0.000000
FKIT,S+X2_M1_r0,apple,744,0.000000
FKIT,S+X2_M1_r0,apple,745,0.000000
FKIT,S+X2_M1_r0,apple,746,0.000000
FKIT,S+X2_M1_r0,apple,747,0.000000
FKIT,S+X2_M1_r0,apple,748,0.000000
FKIT,S+X2_M1_r0,apple,749,0.000000
FKIT,S+X2_M1_r0,apple,750,0.000000
FKIT,S+X2_M1_r0,apple,751,0.000000
FKIT,S+X2_M1_r0,apple,752,0.000000
FKIT,S+X2_M1_r0,apple,753,0.000000
FKIT,S+X2_M1_r0,apple,754,0.000000
FKIT,S+X2_M1_r0,apple,755,0.000000
FKIT,S+X2_M1_r0,apple,756,0.000000
FKIT,S+X2_M1_r0,apple,757,0.000000
FKIT,S+X2_M1_r0,apple,758,0.000000
FKIT,S+X2_M1_r0,apple,759,0.000000
FKIT,S+X2_M1_r0,apple,760,0.000000
FKIT,S+X2_M1_r0,apple,761,0.000000
FKIT,S+X2_M1_r0,apple,762,0.000000
FKIT,S+X2_M1_r0,apple,763,0.000000
FKIT,S+X2_M1_r0,apple,764,0.000000
FKIT,S+X2_M1_r0,apple,765,0.000000
FKIT,S+X2_M1_r0,apple,766,0.000000
FKIT,S+X2_M1_r0,apple,767,0.000000
FKIT,S+X2_M1_r0,apple,768,0.000000
FKIT,S+X2_M1_r0,apple,769,0.000000
FKIT,S+X2_M1_r0,apple,770,0.000000
FKIT,S+X2_M1_r0,apple,771,0.000000
FKIT,S+X2_M1_r0,apple,772,0.000000
FKIT,S+X2_M1_r0,apple,773,0.000000
FKIT,S+X2_M1_r0,apple,774,0.000000
FKIT,S+X2_M1_r0,apple,775,0.000000
FKIT,S+X2_M1_r0,apple,776,0.000000
FKIT,S+X2_M1_r0,apple,777,0.000000
FKIT,S+X2_M1_r0,apple,778,0.000000
FKIT,S+X2_M1_r0,apple,779,0.000000
FKIT,S+X2_M1_r0,apple,780,0.000000
FKIT,S+X2_M1_r0,apple,781,0.000000
FKIT,S+X2_M1_r0,apple,782,0.000000
FKIT,S+X2_M1_r0,apple,783,0.000000
FKIT,S+X2_M1_r0,apple,784,0.000000
FKIT,S+X2_M1_r0,apple,785,0.000000
FKIT,S+X2_M1_r0,apple,786,0.000000
FKIT,S+X2_M1_r0,apple,787,0.000000
FKIT,S+X2_M1_r0,apple,788,0.000000
FKIT,S+X2_M1_r0,apple,789,0.000000
FKIT,S+X2_M1_r0,apple,790,0.000000
FKIT,S+X2_M1_r0,apple,791,0.000000
FKIT,S+X2_M1_r0,apple,792,0.000000
FKIT,S+X2_M1_r0,apple,793,0.000000
FKIT,S+X2_M1_r0,apple,794,0.000000
FKIT,S+X2_M1_r0,apple,795,0.000000
FKIT,S+X2_M1_r0,apple,796,0.000000
FKIT,S+X2_M1_r0,apple,797,0.000000
FKIT,S+X2_M1_r0,apple,798,0.000000
FKIT,S+X2_M1_r0,apple,799,0.000000
FKIT,S+X2_M1_r0,apple,800,0.000000
FKIT,S+X2_M1_r0,apple,801,0.000000
FKIT,S+X2_M1_r0,apple,802,0.000000
FKIT,S+X2_M1_r0,apple,803,0.000000
FKIT,S+X2_M1_r0,apple,804,0.000000
FKIT,S+X2_M1_r0,apple,805,0.000000
FKIT,S+X2_M1_r0,apple,806,0.000000
FKIT,S+X2_M1_r0,apple,807,0.000000
FKIT,S+X2_M1_r0,apple,808,0.000000
FKIT,S+X2_M1_r0,apple,809,0.000000
FKIT,S+X2_M1_r0,apple,810,0.000000
FKIT,S+X2_M1_r0,apple,811,0.000000
FKIT,S+X2_M1_r0,apple,812,0.000000
FKIT,S+X2_M1_r0,apple,813,0.000000
FKIT,S+X2_M1_r0,apple,814,0.000000
FKIT,S+X2_M1_r0,apple,815,0.000000
FKIT,S+X2_M1_r0,apple,816,0.000000
FKIT,S+X2_M1_r0,apple,817,0.000000
FKIT,S+X2_M1_r0,apple,818,0.000000
FKIT,S+X2_M1_r0,apple,819,0.000000
FKIT,S+X2_M1_r0,apple,820,0.000000
FKIT,S+X2_M1_r0,apple,821,0.000000
FKIT,S+X2_M1_r0,apple,822,0.000000
FKIT,S+X2_M1_r0,apple,823,0.000000
FKIT,S+X2_M1_r0,apple,824,0.000000
FKIT,S+X2_M1_r0,apple,825,0.000000
FKIT,S+X2_M1_r0,apple,826,0.000000
FKIT,S+X2_M1_r0,apple,827,0.000000
FKIT,S+X2_M1_r0,apple,828,0.000000
FKIT,S+X2_M1_r0,apple,829,0.000000
FKIT,S+X2_M1_r0,apple,830,0.000000
FKIT,S+X2_M1_r0,apple,831,0.000000
FKIT,S+X2_M1_r0,apple,832,0.000000
FKIT,S+X2_M1_r0,apple,833,0.000000
FKIT,S+X2_M1_r0,apple,834,0.000000
FKIT,S+X2_M1_r0,apple,835,0.000000
FKIT,S+X2_M1_r0,apple,836,0.000000
FKIT,S+X2_M1_r0,apple,837,0.000000
FKIT,S+X2_M1_r0,apple,838,0.000000
FKIT,S+X2_M1_r0,apple,839,0.000000
FKIT,S+X2_M1_r0,apple,840,0.000000
FKIT,S+X2_M1_r0,apple,841,0.000000
FKIT,S+X2_M1_r0,apple,842,0.000000
FKIT,S+X2_M1_r0,apple,843,0.000000
FKIT,S+X2_M1_r0,apple,844,0.000000
FKIT,S+X2_M1_r0,apple,845,0.000000
FKIT,S+X2_M1_r0,apple,846,0.000000
FKIT,S+X2_M1_r0,apple,847,0.000000
FKIT,S+X2_M1_r0,apple,848,0.000000
FKIT,S+X2_M1_r0,apple,849,0.000000
FKIT,S+X2_M1_r0,apple,850,0.000000
FKIT,S+X2_M1_r0,apple,851,0.000000
FKIT,S+X2_M1_r0,apple,852,0.000000
FKIT,S+X2_M1_r0,apple,853,0.000000
FKIT,S+X2_M1_r0,apple,854,0.000000
FKIT,S+X2_M1_r0,apple,855,0.000000
FKIT,S+X2_M1_r0,apple,856,0.000000
FKIT,S+X2_M1_r0,apple,857,0.000000
FKIT,S+X2_M1_r0,apple,858,0.000000
FKIT,S+X2_M1_r0,apple,859,0.000000
FKIT,S+X2_M1_r0,apple,860,0.000000
FKIT,S+X2_M1_r0,apple,861,0.000000
FKIT,S+X2_M1_r0,apple,862,0.000000
FKIT,S+X2_M1_r0,apple,863,0.000000
FKIT,S+X2_M1_r0,apple,864,0.000000
FKIT,S+X2_M1_r0,apple,865,0.000000
FKIT,S+X2_M1_r0,apple,866,0.000000
FKIT,S+X2_M1_r0,apple,867,0.000000
FKIT,S+X2_M1_r0,apple,868,0.000000
FKIT,S+X2_M1_r0,apple,869,0.000000
FKIT,S+X2_M1_r0,apple,870,0.000000
FKIT,S+X2_M1_r0,apple,871,0.000000
FKIT,S+X2_M1_r0,apple,872,0.000000
FKIT,S+X2_M1_r0,apple,873,0.000000
FKIT,S+X2_M1_r0,apple,874,0.000000
FKIT,S+X2_M1_r0,apple,875,0.000000
FKIT,S+X2_M1_r0,apple,876,0.000000
FKIT,S+X2_M1_r0,apple,877,0.000000
FKIT,S+X2_M1_r0,apple,878,0.000000
FKIT,S+X2_M1_r0,apple,879,0.000000
FKIT,S+X2_M1_r0,apple,880,0.000000
FKIT,S+X2_M1_r0,apple,881,0.000000
FKIT,S+X2_M1_r0,apple,882,0.000000
FKIT,S+X2_M1_r0,apple,883,0.000000
FKIT,S+X2_M1_r0,apple,884,0.000000
FKIT,S+X2_M1_r0,apple,885,0.000000
FKIT,S+X2_M1_r0,apple,886,0.000000
FKIT,S+X2_M1_r0,apple,887,0.000000
FKIT,S+X2_M1_r0,apple,888,0.000000
FKIT,S+X2_M1_r0,apple,889,0.000000
FKIT,S+X2_M1_r0,apple,890,0.000000
FKIT,S+X2_M1_r0,apple,891,0.000000
FKIT,S+X2_M1_r0,apple,892,0.000000
FKIT,S+X2_M1_r0,apple,893,0.000000
FKIT,S+X2_M1_r0,apple,894,0.000000
FKIT,S+X2_M1_r0,apple,895,0.000000
FKIT,S+X2_M1_r0,apple,896,0.000000
FKIT,S+X2_M1_r0,apple,897,0.000000
FKIT,S+X2_M1_r0,apple,898,0.000000
FKIT,S+X2_M1_r0,apple,899,0.000000
FKIT,S+X2_M1_r0,apple,900,0.000000
FKIT,S+X2_M1_r0,apple,901,0.000000
FKIT,S+X2_M1_r0,apple,902,0.000000
FKIT,S+X2_M1_r0,apple,903,0.000000
FKIT,S+X2_M1_r0,apple,904,0.000000
FKIT,S+X2_M1_r0,apple,905,0.000000
FKIT,S+X2_M1_r0,apple,906,0.000000
FKIT,S+X2_M1_r0,apple,907,0.000000
FKIT,S+X2_M1_r0,apple,908,0.000000
FKIT,S+X2_M1_r0,apple,909,0.000000
FKIT,S+X2_M1_r0,apple,910,0.000000
FKIT,S+X2_M1_r0,apple,911,0.000000
FKIT,S+X2_M1_r0,apple,912,0.000000
FKIT,S+X2_M1_r0,apple,913,0.000000
FKIT,S+X2_M1_r0,apple,914,0.000000
FKIT,S+X2_M1_r0,apple,915,0.000000
FKIT,S+X2_M1_r0,apple,916,0.000000
FKIT,S+X2_M1_r0,apple,917,0.000000
FKIT,S+X2_M1_r0,apple,918,0.000000
FKIT,S+X2_M1_r0,apple,919,0.000000
FKIT,S+X2_M1_r0,apple,920,0.000000
FKIT,S+X2_M1_r0,apple,921,0.000000
FKIT,S+X2_M1_r0,apple,922,0.000000
FKIT,S+X2_M1_r0,apple,923,0.000000
FKIT,S+X2_M1_r0,apple,924,0.000000
FKIT,S+X2_M1_r0,apple,925,0.000000
FKIT,S+X2_M1_r0,apple,926,0.000000
FKIT,S+X2_M1_r0,apple,927,0.000000
FKIT,S+X2_M1_r0,apple,928,0.000000
FKIT,S+X2_M1_r0,apple,929,0.000000
FKIT,S+X2_M1_r0,apple,930,0.000000
FKIT,S+X2_M1_r0,apple,931,0.000000
FKIT,S+X2_M1_r0,apple,932,0.000000
FKIT,S+X2_M1_r0,apple,933,0.000000
FKIT,S+X2_M1_r0,apple,934,0.000000
FKIT,S+X2_M1_r0,apple,935,0.000000
FKIT,S+X2_M1_r0,apple,936,0.000000
FKIT,S+X2_M1_r0,apple,937,0.000000
FKIT,S+X2_M1_r0,apple,938,0.000000
FKIT,S+X2_M1_r0,apple,939,0.000000
FKIT,S+X2_M1_r0,apple,940,0.000000
FKIT,S+X2_M1_r0,apple,941,0.000000
FKIT,S+X2_M1_r0,apple,942,0.000000
FKIT,S+X2_M1_r0,apple,943,0.000000
FKIT,S+X2_M1_r0,apple,944,0.000000
FKIT,S+X2_M1_r0,apple,945,0.000000
FKIT,S+X2_M1_r0,apple,946,0.000000
FKIT,S+X2_M1_r0,apple,947,0.000000
FKIT,S+X2_M1_r0,apple,948,0.000000
FKIT,S+X2_M1_r0,apple,949,0.000000
FKIT,S+X2_M1_r0,apple,950,0.000000
FKIT,S+X2_M1_r0,apple,951,0.000000
FKIT,S+X2_M1_r0,apple,952,0.000000
FKIT,S+X2_M1_r0,apple,953,0.000000
FKIT,S+X2_M1_r0,apple,954,0.000000
FKIT,S+X2_M1_r0,apple,955,0.000000
FKIT,S+X2_M1_r0,apple,956,0.000000
FKIT,S+X2_M1_r0,apple,957,0.064300
FKIT,S+X2_M1_r0,apple,958,0.091168
FKIT,S+X2_M1_r0,apple,959,0.140202
FKIT,S+X2_M1_r0,apple,960,0.098409
FKIT,S+X2_M1_r0,apple,961,0.084454
FKIT,S+X2_M1_r0,apple,962,0.115721
FKIT,S+X2_M1_r0,apple,963,0.105908
FKIT,S+X2_M1_r0,apple,964,0.116655
FKIT,S+X2_M1_r0,apple,965,0.139625
FKIT,S+X2_M1_r0,apple,966,0.115099
FKIT,S+X2_M1_r0,apple,967,0.094491
FKIT,S+X2_M1_r0,apple,968,0.114776
FKIT,S+X2_M1_r0,apple,969,0.073842
FKIT,S+X2_M1_r0,apple,970,0.105668
FKIT,S+X2_M1_r0,apple,971,0.094073
FKIT,S+X2_M1_r0,apple,972,0.091146
FKIT,S+X2_M1_r0,apple,973,0.073091
FKIT,S+X2_M1_r0,apple,974,0.095362
FKIT,S+X2_M1_r0,apple,975,0.048690
FKIT,S+X2_M1_r0,apple,976,0.046768
FKIT,S+X2_M1_r0,apple,977,0.001627
FKIT,S+X2_M1_r0,apple,978,0.012962
FKIT,S+X2_M1_r0,apple,979,0.005118
FKIT,S+X2_M1_r0,apple,980,0.024984
FKIT,S+X2_M1_r0,apple,981,0.002315
FKIT,S+X2_M1_r0,apple,982,0.042841
FKIT,S+X2_M1_r0,apple,983,0.083824
FKIT,S+X2_M1_r0,apple,984,0.045168
FKIT,S+X2_M1_r0,apple,985,0.000000
FKIT,S+X2_M1_r0,apple,986,0.000000
FKIT,S+X2_M1_r0,apple,987,0.007362
FKIT,S+X2_M1_r0,apple,988,0.000000
FKIT,S+X2_M1_r0,apple,989,0.000000
FKIT,S+X2_M1_r0,apple,990,0.000000
FKIT,S+X2_M1_r0,apple,991,0.000000
FKIT,S+X2_M1_r0,apple,992,0.000213
FKIT,S+X2_M1_r0,apple,993,0.040838
FKIT,S+X2_M1_r0,apple,994,0.063694
FKIT,S+X2_M1_r0,apple,995,0.000000
FKIT,S+X2_M1_r0,apple,996,0.000000
FKIT,S+X2_M1_r0,apple,997,0.000000
FKIT,S+X2_M1_r0,apple,998,0.000000
FKIT,S+X2_M1_r0,apple,999,0.000000
FKIT,S+X2_M1_r0,apple,1000,0.000000
FKIT,S+X2_M1_r0,apple,1001,0.000000
FKIT,S+X2_M1_r0,apple,1002,0.000000
FKIT,S+X2_M1_r0,apple,1003,0.000000
FKIT,S+X2_M1_r0,apple,1004,0.000000
FKIT,S+X2_M1_r0,apple_pie,0,0.215253
FKIT,S+X2_M1_r0,apple_pie,1,0.200487
FKIT,S+X2_M1_r0,apple_pie,2,0.201958
FKIT,S+X2_M1_r0,apple_pie,3,0.230822
FKIT,S+X2_M1_r0,apple_pie,4,0.220607
FKIT,S+X2_M1_r0,apple_pie,5,0.211319
FKIT,S+X2_M1_r0,apple_pie,6,0.246687
FKIT,S+X2_M1_r0,apple_pie,7,0.324048
FKIT,S+X2_M1_r0,apple_pie,8,0.346470
FKIT,S+X2_M1_r0,apple_pie,9,0.327275
FKIT,S+X2_M1_r0,apple_pie,10,0.264586
FKIT,S+X2_M1_r0,apple_pie,11,0.312010
FKIT,S+X2_M1_r0,apple_pie,12,0.382119
FKIT,S+X2_M1_r0,apple_pie,13,0.330355
FKIT,S+X2_M1_r0,apple_pie,14,0.259560
FKIT,S+X2_M1_r0,apple_pie,15,0.369373
FKIT,S+X2_M1_r0,apple_pie,16,0.286332
FKIT,S+X2_M1_r0,apple_pie,17,0.263263
FKIT,S+X2_M1_r0,apple_pie,18,0.341539
FKIT,S+X2_M1_r0,apple_pie,19,0.316652
FKIT,S+X2_M1_r0,apple_pie,20,0.282517
FKIT,S+X2_M1_r0,apple_pie,21,0.278542
FKIT,S+X2_M1_r0,apple_pie,22,0.275900
FKIT,S+X2_M1_r0,apple_pie,23,0.256325
FKIT,S+X2_M1_r0,apple_pie,24,0.258384
FKIT,S+X2_M1_r0,apple_pie,25,0.371729
FKIT,S+X2_M1_r0,apple_pie,26,0.388314
FKIT,S+X2_M1_r0,apple_pie,27,0.389286
FKIT,S+X2_M1_r0,apple_pie,28,0.372225
FKIT,S+X2_M1_r0,apple_pie,29,0.405552
FKIT,S+X2_M1_r0,apple_pie,30,0.360461
FKIT,S+X2_M1_r0,apple_pie,31,0.318787
FKIT,S+X2_M1_r0,apple_pie,32,0.306534
FKIT,S+X2_M1_r0,apple_pie,33,0.262016
FKIT,S+X2_M1_r0,apple_pie,34,0.257579
FKIT,S+X2_M1_r0,apple_pie,35,0.294118
FKIT,S+X2_M1_r0,apple_pie,36,0.315380
FKIT,S+X2_M1_r0,apple_pie,37,0.325569
FKIT,S+X2_M1_r0,apple_pie,38,0.323586
FKIT,S+X2_M1_r0,apple_pie,39,0.339940
FKIT,S+X2_M1_r0,apple_pie,40,0.342252
FKIT,S+X2_M1_r0,apple_pie,41,0.298676
FKIT,S+X2_M1_r0,apple_pie,42,0.317771
FKIT,S+X2_M1_r0,apple_pie,43,0.319060
FKIT,S+X2_M1_r0,apple_pie,44,0.296762
FKIT,S+X2_M1_r0,apple_pie,45,0.299218
FKIT,S+X2_M1_r0,apple_pie,46,0.287529
FKIT,S+X2_M1_r0,apple_pie,47,0.311305
FKIT,S+X2_M1_r0,apple_pie,48,0.326798
FKIT,S+X2_M1_r0,apple_pie,49,0.322224
FKIT,S+X2_M1_r0,apple_pie,50,0.323360
FKIT,S+X2_M1_r0,apple_pie,51,0.328970
FKIT,S+X2_M1_r0,apple_pie,52,0.332035
FKIT,S+X2_M1_r0,apple_pie,53,0.328540
FKIT,S+X2_M1_r0,apple_pie,54,0.312279
FKIT,S+X2_M1_r0,apple_pie,55,0.280826
FKIT,S+X2_M1_r0,apple_pie,56,0.277162
FKIT,S+X2_M1_r0,apple_pie,57,0.252981
FKIT,S+X2_M1_r0,apple_pie,58,0.276326
FKIT,S+X2_M1_r0,apple_pie,59,0.259694
FKIT,S+X2_M1_r0,apple_pie,60,0.290377
FKIT,S+X2_M1_r0,apple_pie,61,0.243255
FKIT,S+X2_M1_r0,apple_pie,62,0.251030
FKIT,S+X2_M1_r0,apple_pie,63,0.189431
FKIT,S+X2_M1_r0,apple_pie,64,0.237029
FKIT,S+X2_M1_r0,apple_pie,65,0.239931
FKIT,S+X2_M1_r0,apple_pie,66,0.241048
FKIT,S+X2_M1_r0,apple_pie,67,0.122721
FKIT,S+X2_M1_r0,apple_pie,68,0.206416
FKIT,S+X2_M1_r0,apple_pie,69,0.260786
FKIT,S+X2_M1_r0,apple_pie,70,0.185441
FKIT,S+X2_M1_r0,apple_pie,71,0.178354
FKIT,S+X2_M1_r0,apple_pie,72,0.174933
FKIT,S+X2_M1_r0,apple_pie,73,0.194972
FKIT,S+X2_M1_r0,apple_pie,74,0.214499
FKIT,S+X2_M1_r0,apple_pie,75,0.202396
FKIT,S+X2_M1_r0,apple_pie,76,0.144685
FKIT,S+X2_M1_r0,apple_pie,77,0.135373
FKIT,S+X2_M1_r0,apple_pie,78,0.161458
FKIT,S+X2_M1_r0,apple_pie,79,0.085718
FKIT,S+X2_M1_r0,apple_pie,80,0.217316
FKIT,S+X2_M1_r0,apple_pie,81,0.085946
FKIT,S+X2_M1_r0,apple_pie,82,0.056436
FKIT,S+X2_M1_r0,apple_pie,83,0.172807
FKIT,S+X2_M1_r0,apple_pie,84,0.235597
FKIT,S+X2_M1_r0,apple_pie,85,0.160364
FKIT,S+X2_M1_r0,apple_pie,86,0.144142
FKIT,S+X2_M1_r0,apple_pie,87,0.215144
FKIT,S+X2_M1_r0,apple_pie,88,0.220034
FKIT,S+X2_M1_r0,apple_pie,89,0.237126
FKIT,S+X2_M1_r0,apple_pie,90,0.262413
FKIT,S+X2_M1_r0,apple_pie,91,0.242093
FKIT,S+X2_M1_r0,apple_pie,92,0.224074
FKIT,S+X2_M1_r0,apple_pie,93,0.210550
FKIT,S+X2_M1_r0,apple_pie,94,0.207976
FKIT,S+X2_M1_r0,apple_pie,95,0.186075
FKIT,S+X2_M1_r0,apple_pie,96,0.160531
FKIT,S+X2_M1_r0,apple_pie,97,0.190797
FKIT,S+X2_M1_r0,apple_pie,98,0.203369
FKIT,S+X2_M1_r0,apple_pie,99,0.216198
FKIT,S+X2_M1_r0,apple_pie,100,0.176914
FKIT,S+X2_M1_r0,apple_pie,101,0.193320
FKIT,S+X2_M1_r0,apple_pie,102,0.207316
FKIT,S+X2_M1_r0,apple_pie,103,0.157574
FKIT,S+X2_M1_r0,apple_pie,104,0.161221
FKIT,S+X2_M1_r0,apple_pie,105,0.257500
FKIT,S+X2_M1_r0,apple_pie,106,0.181043
FKIT,S+X2_M1_r0,apple_pie,107,0.232543
FKIT,S+X2_M1_r0,apple_pie,108,0.212729
FKIT,S+X2_M1_r0,apple_pie,109,0.227104
FKIT,S+X2_M1_r0,apple_pie,110,0.173904
FKIT,S+X2_M1_r0,apple_pie,111,0.087131
FKIT,S+X2_M1_r0,apple_pie,112,0.025892
FKIT,S+X2_M1_r0,apple_pie,113,0.021508
FKIT,S+X2_M1_r0,apple_pie,114,0.064841
FKIT,S+X2_M1_r0,apple_pie,115,0.117491
FKIT,S+X2_M1_r0,apple_pie,116,0.137001
FKIT,S+X2_M1_r0,apple_pie,117,0.149274
FKIT,S+X2_M1_r0,apple_pie,118,0.127635
FKIT,S+X2_M1_r0,apple_pie,119,0.174031
FKIT,S+X2_M1_r0,apple_pie,120,0.163757
FKIT,S+X2_M1_r0,apple_pie,121,0.141865
FKIT,S+X2_M1_r0,apple_pie,122,0.154560
FKIT,S+X2_M1_r0,apple_pie,123,0.134847
FKIT,S+X2_M1_r0,apple_pie,124,0.152325
FKIT,S+X2_M1_r0,apple_pie,125,0.172659
FKIT,S+X2_M1_r0,apple_pie,126,0.197851
FKIT,S+X2_M1_r0,apple_pie,127,0.209349
FKIT,S+X2_M1_r0,apple_pie,128,0.215716
FKIT,S+X2_M1_r0,apple_pie,129,0.216083
FKIT,S+X2_M1_r0,apple_pie,130,0.212155
FKIT,S+X2_M1_r0,apple_pie,131,0.204146
FKIT,S+X2_M1_r0,apple_pie,132,0.243141
FKIT,S+X2_M1_r0,apple_pie,133,0.223427
FKIT,S+X2_M1_r0,apple_pie,134,0.214182
FKIT,S+X2_M1_r0,apple_pie,135,0.239314
FKIT,S+X2_M1_r0,apple_pie,136,0.239068
FKIT,S+X2_M1_r0,apple_pie,137,0.225840
FKIT,S+X2_M1_r0,apple_pie,138,0.232790
FKIT,S+X2_M1_r0,apple_pie,139,0.263522
FKIT,S+X2_M1_r0,apple_pie,140,0.278329
FKIT,S+X2_M1_r0,apple_pie,141,0.269027
FKIT,S+X2_M1_r0,apple_pie,142,0.265417
FKIT,S+X2_M1_r0,apple_pie,143,0.279854
FKIT,S+X2_M1_r0,apple_pie,144,0.253918
FKIT,S+X2_M1_r0,apple_pie,145,0.234512
FKIT,S+X2_M1_r0,apple_pie,146,0.217712
FKIT,S+X2_M1_r0,apple_pie,147,0.219037
FKIT,S+X2_M1_r0,apple_pie,148,0.270939
FKIT,S+X2_M1_r0,apple_pie,149,0.258473
FKIT,S+X2_M1_r0,apple_pie,150,0.243595
FKIT,S+X2_M1_r0,apple_pie,151,0.244747
FKIT,S+X2_M1_r0,apple_pie,152,0.260601
FKIT,S+X2_M1_r0,apple_pie,153,0.300241
FKIT,S+X2_M1_r0,apple_pie,154,0.303083
FKIT,S+X2_M1_r0,apple_pie,155,0.305104
FKIT,S+X2_M1_r0,apple_pie,156,0.279930
FKIT,S+X2_M1_r0,apple_pie,157,0.284547
FKIT,S+X2_M1_r0,apple_pie,158,0.261540
FKIT,S+X2_M1_r0,apple_pie,159,0.293673
FKIT,S+X2_M1_r0,apple_pie,160,0.280604
FKIT,S+X2_M1_r0,apple_pie,161,0.268210
FKIT,S+X2_M1_r0,apple_pie,162,0.274585
FKIT,S+X2_M1_r0,apple_pie,163,0.266987
FKIT,S+X2_M1_r0,apple_pie,164,0.252849
FKIT,S+X2_M1_r0,apple_pie,165,0.247335
FKIT,S+X2_M1_r0,apple_pie,166,0.251829
FKIT,S+X2_M1_r0,apple_pie,167,0.249684
FKIT,S+X2_M1_r0,apple_pie,168,0.240528
FKIT,S+X2_M1_r0,apple_pie,169,0.271071
FKIT,S+X2_M1_r0,apple_pie,170,0.280759
FKIT,S+X2_M1_r0,apple_pie,171,0.303830
FKIT,S+X2_M1_r0,apple_pie,172,0.271019
FKIT,S+X2_M1_r0,apple_pie,173,0.273001
FKIT,S+X2_M1_r0,apple_pie,174,0.298978
FKIT,S+X2_M1_r0,apple_pie,175,0.312199
FKIT,S+X2_M1_r0,apple_pie,176,0.274194
FKIT,S+X2_M1_r0,apple_pie,177,0.319334
FKIT,S+X2_M1_r0,apple_pie,178,0.193313
FKIT,S+X2_M1_r0,apple_pie,179,0.159310
FKIT,S+X2_M1_r0,apple_pie,180,0.195261
FKIT,S+X2_M1_r0,apple_pie,181,0.180758
FKIT,S+X2_M1_r0,apple_pie,182,0.136348
FKIT,S+X2_M1_r0,apple_pie,183,0.179188
FKIT,S+X2_M1_r0,apple_pie,184,0.100886
FKIT,S+X2_M1_r0,apple_pie,185,0.141501
FKIT,S+X2_M1_r0,apple_pie,186,0.140002
FKIT,S+X2_M1_r0,apple_pie,187,0.066947
FKIT,S+X2_M1_r0,apple_pie,188,0.103956
FKIT,S+X2_M1_r0,apple_pie,189,0.081799
FKIT,S+X2_M1_r0,apple_pie,190,0.044623
FKIT,S+X2_M1_r0,apple_pie,191,0.118909
FKIT,S+X2_M1_r0,apple_pie,192,0.114210
FKIT,S+X2_M1_r0,apple_pie,193,0.123186
FKIT,S+X2_M1_r0,apple_pie,194,0.202088
FKIT,S+X2_M1_r0,apple_pie,195,0.207144
FKIT,S+X2_M1_r0,apple_pie,196,0.219946
FKIT,S+X2_M1_r0,apple_pie,197,0.215453
FKIT,S+X2_M1_r0,apple_pie,198,0.198919
FKIT,S+X2_M1_r0,apple_pie,199,0.178867
FKIT,S+X2_M1_r0,apple_pie,200,0.120981
FKIT,S+X2_M1_r0,apple_pie,201,0.191041
FKIT,S+X2_M1_r0,apple_pie,202,0.180715
FKIT,S+X2_M1_r0,apple_pie,203,0.186029
FKIT,S+X2_M1_r0,apple_pie,204,0.186883
FKIT,S+X2_M1_r0,apple_pie,205,0.178257
FKIT,S+X2_M1_r0,apple_pie,206,0.173214
FKIT,S+X2_M1_r0,apple_pie,207,0.325946
FKIT,S+X2_M1_r0,apple_pie,208,0.331730
FKIT,S+X2_M1_r0,apple_pie,209,0.307350
FKIT,S+X2_M1_r0,apple_pie,210,0.340886
FKIT,S+X2_M1_r0,apple_pie,211,0.308356
FKIT,S+X2_M1_r0,apple_pie,212,0.321297
FKIT,S+X2_M1_r0,apple_pie,213,0.302842
FKIT,S+X2_M1_r0,apple_pie,214,0.308990
FKIT,S+X2_M1_r0,apple_pie,215,0.345252
FKIT,S+X2_M1_r0,apple_pie,216,0.339559
FKIT,S+X2_M1_r0,apple_pie,217,0.340401
FKIT,S+X2_M1_r0,apple_pie,218,0.421571
FKIT,S+X2_M1_r0,apple_pie,219,0.374006
FKIT,S+X2_M1_r0,apple_pie,220,0.317627
FKIT,S+X2_M1_r0,apple_pie,221,0.350477
FKIT,S+X2_M1_r0,apple_pie,222,0.307106
FKIT,S+X2_M1_r0,apple_pie,223,0.289081
FKIT,S+X2_M1_r0,apple_pie,224,0.281403
FKIT,S+X2_M1_r0,apple_pie,225,0.381546
FKIT,S+X2_M1_r0,apple_pie,226,0.367192
FKIT,S+X2_M1_r0,apple_pie,227,0.489408
FKIT,S+X2_M1_r0,apple_pie,228,0.458758
FKIT,S+X2_M1_r0,apple_pie,229,0.423697
FKIT,S+X2_M1_r0,apple_pie,230,0.444621
FKIT,S+X2_M1_r0,apple_pie,231,0.473726
FKIT,S+X2_M1_r0,apple_pie,232,0.454957
FKIT,S+X2_M1_r0,apple_pie,233,0.430357
FKIT,S+X2_M1_r0,apple_pie,234,0.484155
FKIT,S+X2_M1_r0,apple_pie,235,0.440824
FKIT,S+X2_M1_r0,apple_pie,236,0.428439
FKIT,S+X2_M1_r0,apple_pie,237,0.502673
FKIT,S+X2_M1_r0,apple_pie,238,0.435596
FKIT,S+X2_M1_r0,apple_pie,239,0.342793
FKIT,S+X2_M1_r0,apple_pie,240,0.370226
FKIT,S+X2_M1_r0,apple_pie,241,0.401119
FKIT,S+X2_M1_r0,apple_pie,242,0.401891
FKIT,S+X2_M1_r0,apple_pie,243,0.353226
FKIT,S+X2_M1_r0,apple_pie,244,0.370462
FKIT,S+X2_M1_r0,apple_pie,245,0.395172
FKIT,S+X2_M1_r0,apple_pie,246,0.349250
FKIT,S+X2_M1_r0,apple_pie,247,0.403535
FKIT,S+X2_M1_r0,apple_pie,248,0.354031
FKIT,S+X2_M1_r0,apple_pie,249,0.318829
FKIT,S+X2_M1_r0,apple_pie,250,0.371169
FKIT,S+X2_M1_r0,apple_pie,251,0.477873
FKIT,S+X2_M1_r0,apple_pie,252,0.501271
FKIT,S+X2_M1_r0,apple_pie,253,0.571028
FKIT,S+X2_M1_r0,apple_pie,254,0.448797
FKIT,S+X2_M1_r0,apple_pie,255,0.465659
FKIT,S+X2_M1_r0,apple_pie,256,0.502522
FKIT,S+X2_M1_r0,apple_pie,257,0.651371
FKIT,S+X2_M1_r0,apple_pie,258,0.654482
FKIT,S+X2_M1_r0,apple_pie,259,0.640045
FKIT,S+X2_M1_r0,apple_pie,260,0.616147
FKIT,S+X2_M1_r0,apple_pie,261,0.609623
FKIT,S+X2_M1_r0,apple_pie,262,0.657038
FKIT,S+X2_M1_r0,apple_pie,263,0.657767
FKIT,S+X2_M1_r0,apple_pie,264,0.675007
FKIT,S+X2_M1_r0,apple_pie,265,0.690798
FKIT,S+X2_M1_r0,apple_pie,266,0.689633
FKIT,S+X2_M1_r0,apple_pie,267,0.777164
FKIT,S+X2_M1_r0,apple_pie,268,0.792778
FKIT,S+X2_M1_r0,apple_pie,269,0.781509
FKIT,S+X2_M1_r0,apple_pie,270,0.769078
FKIT,S+X2_M1_r0,apple_pie,271,0.801311
FKIT,S+X2_M1_r0,apple_pie,272,0.739201
FKIT,S+X2_M1_r0,apple_pie,273,0.719104
FKIT,S+X2_M1_r0,apple_pie,274,0.708456
FKIT,S+X2_M1_r0,apple_pie,275,0.720079
FKIT,S+X2_M1_r0,apple_pie,276,0.775447
FKIT,S+X2_M1_r0,apple_pie,277,0.814697
FKIT,S+X2_M1_r0,apple_pie,278,0.780095
FKIT,S+X2_M1_r0,apple_pie,279,0.779314
FKIT,S+X2_M1_r0,apple_pie,280,0.822175
FKIT,S+X2_M1_r0,apple_pie,281,0.815504
FKIT,S+X2_M1_r0,apple_pie,282,0.846683
FKIT,S+X2_M1_r0,apple_pie,283,0.825307
FKIT,S+X2_M1_r0,apple_pie,284,0.777914
FKIT,S+X2_M1_r0,apple_pie,285,0.779009
FKIT,S+X2_M1_r0,apple_pie,286,0.742873
FKIT,S+X2_M1_r0,apple_pie,287,0.833302
FKIT,S+X2_M1_r0,apple_pie,288,0.783194
FKIT,S+X2_M1_r0,apple_pie,289,0.770702
FKIT,S+X2_M1_r0,apple_pie,290,0.780837
FKIT,S+X2_M1_r0,apple_pie,291,0.772636
FKIT,S+X2_M1_r0,apple_pie,292,0.766441
FKIT,S+X2_M1_r0,apple_pie,293,0.751317
FKIT,S+X2_M1_r0,apple_pie,294,0.778023
FKIT,S+X2_M1_r0,apple_pie,295,0.744936
FKIT,S+X2_M1_r0,apple_pie,296,0.691631
FKIT,S+X2_M1_r0,apple_pie,297,0.748000
FKIT,S+X2_M1_r0,apple_pie,298,0.678518
FKIT,S+X2_M1_r0,apple_pie,299,0.677987
FKIT,S+X2_M1_r0,apple_pie,300,0.670284
FKIT,S+X2_M1_r0,apple_pie,301,0.659863
FKIT,S+X2_M1_r0,apple_pie,302,0.641519
FKIT,S+X2_M1_r0,apple_pie,303,0.666874
FKIT,S+X2_M1_r0,apple_pie,304,0.664948
FKIT,S+X2_M1_r0,apple_pie,305,0.639597
FKIT,S+X2_M1_r0,apple_pie,306,0.685373
FKIT,S+X2_M1_r0,apple_pie,307,0.767214
FKIT,S+X2_M1_r0,apple_pie,308,0.751463
FKIT,S+X2_M1_r0,apple_pie,309,0.727689
FKIT,S+X2_M1_r0,apple_pie,310,0.729457
FKIT,S+X2_M1_r0,apple_pie,311,0.715836
FKIT,S+X2_M1_r0,apple_pie,312,0.699333
FKIT,S+X2_M1_r0,apple_pie,313,0.718937
FKIT,S+X2_M1_r0,apple_pie,314,0.719201
FKIT,S+X2_M1_r0,apple_pie,315,0.709058
FKIT,S+X2_M1_r0,apple_pie,316,0.730602
FKIT,S+X2_M1_r0,apple_pie,317,0.766041
FKIT,S+X2_M1_r0,apple_pie,318,0.752017
FKIT,S+X2_M1_r0,apple_pie,319,0.763929
FKIT,S+X2_M1_r0,apple_pie,320,0.751422
FKIT,S+X2_M1_r0,apple_pie,321,0.747678
FKIT,S+X2_M1_r0,apple_pie,322,0.749300
FKIT,S+X2_M1_r0,apple_pie,323,0.759888
FKIT,S+X2_M1_r0,apple_pie,324,0.710249
FKIT,S+X2_M1_r0,apple_pie,325,0.759294
FKIT,S+X2_M1_r0,apple_pie,326,0.751419
FKIT,S+X2_M1_r0,apple_pie,327,0.775864
FKIT,S+X2_M1_r0,apple_pie,328,0.730026
FKIT,S+X2_M1_r0,apple_pie,329,0.755190
FKIT,S+X2_M1_r0,apple_pie,330,0.769039
FKIT,S+X2_M1_r0,apple_pie,331,0.759552
FKIT,S+X2_M1_r0,apple_pie,332,0.773172
FKIT,S+X2_M1_r0,apple_pie,333,0.738510
FKIT,S+X2_M1_r0,apple_pie,334,0.741247
FKIT,S+X2_M1_r0,apple_pie,335,0.746495
FKIT,S+X2_M1_r0,apple_pie,336,0.719536
FKIT,S+X2_M1_r0,apple_pie,337,0.774015
FKIT,S+X2_M1_r0,apple_pie,338,0.789247
FKIT,S+X2_M1_r0,apple_pie,339,0.775403
FKIT,S+X2_M1_r0,apple_pie,340,0.797798
FKIT,S+X2_M1_r0,apple_pie,341,0.796087
FKIT,S+X2_M1_r0,apple_pie,342,0.775976
FKIT,S+X2_M1_r0,apple_pie,343,0.787932
FKIT,S+X2_M1_r0,apple_pie,344,0.806299
FKIT,S+X2_M1_r0,apple_pie,345,0.808148
FKIT,S+X2_M1_r0,apple_pie,346,0.789870
FKIT,S+X2_M1_r0,apple_pie,347,0.845017
FKIT,S+X2_M1_r0,apple_pie,348,0.850156
FKIT,S+X2_M1_r0,apple_pie,349,0.851278
FKIT,S+X2_M1_r0,apple_pie,350,0.857093
FKIT,S+X2_M1_r0,apple_pie,351,0.830461
FKIT,S+X2_M1_r0,apple_pie,352,0.822526
FKIT,S+X2_M1_r0,apple_pie,353,0.840011
FKIT,S+X2_M1_r0,apple_pie,354,0.828271
FKIT,S+X2_M1_r0,apple_pie,355,0.793608
FKIT,S+X2_M1_r0,apple_pie,356,0.821472
FKIT,S+X2_M1_r0,apple_pie,357,0.868380
FKIT,S+X2_M1_r0,apple_pie,358,0.863918
FKIT,S+X2_M1_r0,apple_pie,359,0.858429
FKIT,S+X2_M1_r0,apple_pie,360,0.866395
FKIT,S+X2_M1_r0,apple_pie,361,0.868661
FKIT,S+X2_M1_r0,apple_pie,362,0.827890
FKIT,S+X2_M1_r0,apple_pie,363,0.822217
FKIT,S+X2_M1_r0,apple_pie,364,0.829933
FKIT,S+X2_M1_r0,apple_pie,365,0.792104
FKIT,S+X2_M1_r0,apple_pie,366,0.804108
FKIT,S+X2_M1_r0,apple_pie,367,0.849021
FKIT,S+X2_M1_r0,apple_pie,368,0.868852
FKIT,S+X2_M1_r0,apple_pie,369,0.860860
FKIT,S+X2_M1_r0,apple_pie,370,0.862353
FKIT,S+X2_M1_r0,apple_pie,371,0.876339
FKIT,S+X2_M1_r0,apple_pie,372,0.845562
FKIT,S+X2_M1_r0,apple_pie,373,0.831274
FKIT,S+X2_M1_r0,apple_pie,374,0.816765
FKIT,S+X2_M1_r0,apple_pie,375,0.800581
FKIT,S+X2_M1_r0,apple_pie,376,0.784233
FKIT,S+X2_M1_r0,apple_pie,377,0.790694
FKIT,S+X2_M1_r0,apple_pie,378,0.813226
FKIT,S+X2_M1_r0,apple_pie,379,0.831060
FKIT,S+X2_M1_r0,apple_pie,380,0.828847
FKIT,S+X2_M1_r0,apple_pie,381,0.832039
FKIT,S+X2_M1_r0,apple_pie,382,0.870842
FKIT,S+X2_M1_r0,apple_pie,383,0.863969
FKIT,S+X2_M1_r0,apple_pie,384,0.844464
FKIT,S+X2_M1_r0,apple_pie,385,0.854406
FKIT,S+X2_M1_r0,apple_pie,386,0.862804
FKIT,S+X2_M1_r0,apple_pie,387,0.904335
FKIT,S+X2_M1_r0,apple_pie,388,0.898925
FKIT,S+X2_M1_r0,apple_pie,389,0.892541
FKIT,S+X2_M1_r0,apple_pie,390,0.886263
FKIT,S+X2_M1_r0,apple_pie,391,0.885885
FKIT,S+X2_M1_r0,apple_pie,392,0.868369
FKIT,S+X2_M1_r0,apple_pie,393,0.844021
FKIT,S+X2_M1_r0,apple_pie,394,0.809646
FKIT,S+X2_M1_r0,apple_pie,395,0.834506
FKIT,S+X2_M1_r0,apple_pie,396,0.828882
FKIT,S+X2_M1_r0,apple_pie,397,0.867536
FKIT,S+X2_M1_r0,apple_pie,398,0.865823
FKIT,S+X2_M1_r0,apple_pie,399,0.849484
FKIT,S+X2_M1_r0,apple_pie,400,0.867078
FKIT,S+X2_M1_r0,apple_pie,401,0.837586
FKIT,S+X2_M1_r0,apple_pie,402,0.862845
FKIT,S+X2_M1_r0,apple_pie,403,0.878157
FKIT,S+X2_M1_r0,apple_pie,404,0.881045
FKIT,S+X2_M1_r0,apple_pie,405,0.822046
FKIT,S+X2_M1_r0,apple_pie,406,0.804229
FKIT,S+X2_M1_r0,apple_pie,407,0.886527
FKIT,S+X2_M1_r0,apple_pie,408,0.857734
FKIT,S+X2_M1_r0,apple_pie,409,0.796642
FKIT,S+X2_M1_r0,apple_pie,410,0.832148
FKIT,S+X2_M1_r0,apple_pie,411,0.846245
FKIT,S+X2_M1_r0,apple_pie,412,0.823762
FKIT,S+X2_M1_r0,apple_pie,413,0.795863
FKIT,S+X2_M1_r0,apple_pie,414,0.780940
FKIT,S+X2_M1_r0,apple_pie,415,0.782649
FKIT,S+X2_M1_r0,apple_pie,416,0.747127
FKIT,S+X2_M1_r0,apple_pie,417,0.745269
FKIT,S+X2_M1_r0,apple_pie,418,0.796232
FKIT,S+X2_M1_r0,apple_pie,419,0.768474
FKIT,S+X2_M1_r0,apple_pie,420,0.785577
FKIT,S+X2_M1_r0,apple_pie,421,0.782420
FKIT,S+X2_M1_r0,apple_pie,422,0.766411
FKIT,S+X2_M1_r0,apple_pie,423,0.776208
FKIT,S+X2_M1_r0,apple_pie,424,0.754435
FKIT,S+X2_M1_r0,apple_pie,425,0.748737
FKIT,S+X2_M1_r0,apple_pie,426,0.714245
FKIT,S+X2_M1_r0,apple_pie,427,0.763148
FKIT,S+X2_M1_r0,apple_pie,428,0.747684
FKIT,S+X2_M1_r0,apple_pie,429,0.767997
FKIT,S+X2_M1_r0,apple_pie,430,0.716436
FKIT,S+X2_M1_r0,apple_pie,431,0.664275
FKIT,S+X2_M1_r0,apple_pie,432,0.676251
FKIT,S+X2_M1_r0,apple_pie,433,0.627633
FKIT,S+X2_M1_r0,apple_pie,434,0.588537
FKIT,S+X2_M1_r0,apple_pie,435,0.598190
FKIT,S+X2_M1_r0,apple_pie,436,0.617023
FKIT,S+X2_M1_r0,apple_pie,437,0.664656
FKIT,S+X2_M1_r0,apple_pie,438,0.700108
FKIT,S+X2_M1_r0,apple_pie,439,0.654990
FKIT,S+X2_M1_r0,apple_pie,440,0.637358
FKIT,S+X2_M1_r0,apple_pie,441,0.625967
FKIT,S+X2_M1_r0,apple_pie,442,0.490931
FKIT,S+X2_M1_r0,apple_pie,443,0.490423
FKIT,S+X2_M1_r0,apple_pie,444,0.495417
FKIT,S+X2_M1_r0,apple_pie,445,0.581380
FKIT,S+X2_M1_r0,apple_pie,446,0.545559
FKIT,S+X2_M1_r0,apple_pie,447,0.471035
FKIT,S+X2_M1_r0,apple_pie,448,0.580994
FKIT,S+X2_M1_r0,apple_pie,449,0.398770
FKIT,S+X2_M1_r0,apple_pie,450,0.446700
FKIT,S+X2_M1_r0,apple_pie,451,0.453645
FKIT,S+X2_M1_r0,apple_pie,452,0.478899
FKIT,S+X2_M1_r0,apple_pie,453,0.548525
FKIT,S+X2_M1_r0,apple_pie,454,0.488025
FKIT,S+X2_M1_r0,apple_pie,455,0.474165
FKIT,S+X2_M1_r0,apple_pie,456,0.477029
FKIT,S+X2_M1_r0,apple_pie,457,0.388352
FKIT,S+X2_M1_r0,apple_pie,458,0.403980
FKIT,S+X2_M1_r0,apple_pie,459,0.312554
FKIT,S+X2_M1_r0,apple_pie,460,0.249383
FKIT,S+X2_M1_r0,apple_pie,461,0.278336
FKIT,S+X2_M1_r0,apple_pie,462,0.283825
FKIT,S+X2_M1_r0,apple_pie,463,0.302880
FKIT,S+X2_M1_r0,apple_pie,464,0.302229
FKIT,S+X2_M1_r0,apple_pie,465,0.297285
FKIT,S+X2_M1_r0,apple_pie,466,0.287408
FKIT,S+X2_M1_r0,apple_pie,467,0.272351
FKIT,S+X2_M1_r0,apple_pie,468,0.271167
FKIT,S+X2_M1_r0,apple_pie,469,0.300053
FKIT,S+X2_M1_r0,apple_pie,470,0.313560
FKIT,S+X2_M1_r0,apple_pie,471,0.301100
FKIT,S+X2_M1_r0,apple_pie,472,0.298665
FKIT,S+X2_M1_r0,apple_pie,473,0.296947
FKIT,S+X2_M1_r0,apple_pie,474,0.329900
FKIT,S+X2_M1_r0,apple_pie,475,0.338527
FKIT,S+X2_M1_r0,apple_pie,476,0.326501
FKIT,S+X2_M1_r0,apple_pie,477,0.374585
FKIT,S+X2_M1_r0,apple_pie,478,0.389992
FKIT,S+X2_M1_r0,apple_pie,479,0.429787
FKIT,S+X2_M1_r0,apple_pie,480,0.402536
FKIT,S+X2_M1_r0,apple_pie,481,0.426664
FKIT,S+X2_M1_r0,apple_pie,482,0.340384
FKIT,S+X2_M1_r0,apple_pie,483,0.309431
FKIT,S+X2_M1_r0,apple_pie,484,0.389426
FKIT,S+X2_M1_r0,apple_pie,485,0.383986
FKIT,S+X2_M1_r0,apple_pie,486,0.419077
FKIT,S+X2_M1_r0,apple_pie,487,0.395006
FKIT,S+X2_M1_r0,apple_pie,488,0.363257
FKIT,S+X2_M1_r0,apple_pie,489,0.368347
FKIT,S+X2_M1_r0,apple_pie,490,0.360243
FKIT,S+X2_M1_r0,apple_pie,491,0.323056
FKIT,S+X2_M1_r0,apple_pie,492,0.326229
FKIT,S+X2_M1_r0,apple_pie,493,0.319307
FKIT,S+X2_M1_r0,apple_pie,494,0.245095
FKIT,S+X2_M1_r0,apple_pie,495,0.258523
FKIT,S+X2_M1_r0,apple_pie,496,0.280307
FKIT,S+X2_M1_r0,apple_pie,497,0.270401
FKIT,S+X2_M1_r0,apple_pie,498,0.294795
FKIT,S+X2_M1_r0,apple_pie,499,0.303010
FKIT,S+X2_M1_r0,apple_pie,500,0.285186
FKIT,S+X2_M1_r0,apple_pie,501,0.270527
FKIT,S+X2_M1_r0,apple_pie,502,0.271706
FKIT,S+X2_M1_r0,apple_pie,503,0.288640
FKIT,S+X2_M1_r0,apple_pie,504,0.273260
FKIT,S+X2_M1_r0,apple_pie,505,0.269008
FKIT,S+X2_M1_r0,apple_pie,506,0.277676
FKIT,S+X2_M1_r0,apple_pie,507,0.198988
FKIT,S+X2_M1_r0,apple_pie,508,0.225935
FKIT,S+X2_M1_r0,apple_pie,509,0.246800
FKIT,S+X2_M1_r0,apple_pie,510,0.263393
FKIT,S+X2_M1_r0,apple_pie,511,0.235275
FKIT,S+X2_M1_r0,apple_pie,512,0.235680
FKIT,S+X2_M1_r0,apple_pie,513,0.214132
FKIT,S+X2_M1_r0,apple_pie,514,0.167087
FKIT,S+X2_M1_r0,apple_pie,515,0.120161
FKIT,S+X2_M1_r0,apple_pie,516,0.154061
FKIT,S+X2_M1_r0,apple_pie,517,0.002996
FKIT,S+X2_M1_r0,apple_pie,518,0.037971
FKIT,S+X2_M1_r0,apple_pie,519,0.063786
FKIT,S+X2_M1_r0,apple_pie,520,0.028200
FKIT,S+X2_M1_r0,apple_pie,521,0.088197
FKIT,S+X2_M1_r0,apple_pie,522,0.135478
FKIT,S+X2_M1_r0,apple_pie,523,0.164921
FKIT,S+X2_M1_r0,apple_pie,524,0.171874
FKIT,S+X2_M1_r0,apple_pie,525,0.187637
FKIT,S+X2_M1_r0,apple_pie,526,0.149735
FKIT,S+X2_M1_r0,apple_pie,527,0.119099
FKIT,S+X2_M1_r0,apple_pie,528,0.109359
FKIT,S+X2_M1_r0,apple_pie,529,0.102851
FKIT,S+X2_M1_r0,apple_pie,530,0.065742
FKIT,S+X2_M1_r0,apple_pie,531,0.086713
FKIT,S+X2_M1_r0,apple_pie,532,0.080160
FKIT,S+X2_M1_r0,apple_pie,533,0.147125
FKIT,S+X2_M1_r0,apple_pie,534,0.143684
FKIT,S+X2_M1_r0,apple_pie,535,0.110271
FKIT,S+X2_M1_r0,apple_pie,536,0.115246
FKIT,S+X2_M1_r0,apple_pie,537,0.031875
FKIT,S+X2_M1_r0,apple_pie,538,0.008792
FKIT,S+X2_M1_r0,apple_pie,539,0.009417
FKIT,S+X2_M1_r0,apple_pie,540,0.010429
FKIT,S+X2_M1_r0,apple_pie,541,0.002609
FKIT,S+X2_M1_r0,apple_pie,542,0.029138
FKIT,S+X2_M1_r0,apple_pie,543,0.038164
FKIT,S+X2_M1_r0,apple_pie,544,0.042673
FKIT,S+X2_M1_r0,apple_pie,545,0.067449
FKIT,S+X2_M1_r0,apple_pie,546,0.089233
FKIT,S+X2_M1_r0,apple_pie,547,0.071282
FKIT,S+X2_M1_r0,apple_pie,548,0.067023
FKIT,S+X2_M1_r0,apple_pie,549,0.102035
FKIT,S+X2_M1_r0,apple_pie,550,0.087373
FKIT,S+X2_M1_r0,apple_pie,551,0.104916
FKIT,S+X2_M1_r0,apple_pie,552,0.129396
FKIT,S+X2_M1_r0,apple_pie,553,0.099819
FKIT,S+X2_M1_r0,apple_pie,554,0.125659
FKIT,S+X2_M1_r0,apple_pie,555,0.129277
FKIT,S+X2_M1_r0,apple_pie,556,0.164162
FKIT,S+X2_M1_r0,apple_pie,557,0.197253
FKIT,S+X2_M1_r0,apple_pie,558,0.140018
FKIT,S+X2_M1_r0,apple_pie,559,0.051001
FKIT,S+X2_M1_r0,apple_pie,560,0.057600
FKIT,S+X2_M1_r0,apple_pie,561,0.035579
FKIT,S+X2_M1_r0,apple_pie,562,0.094438
FKIT,S+X2_M1_r0,apple_pie,563,0.043892
FKIT,S+X2_M1_r0,apple_pie,564,0.097165
FKIT,S+X2_M1_r0,apple_pie,565,0.094266
FKIT,S+X2_M1_r0,apple_pie,566,0.107843
FKIT,S+X2_M1_r0,apple_pie,567,0.121782
FKIT,S+X2_M1_r0,apple_pie,568,0.099831
FKIT,S+X2_M1_r0,apple_pie,569,0.091495
FKIT,S+X2_M1_r0,apple_pie,570,0.067508
FKIT,S+X2_M1_r0,apple_pie,571,0.055486
FKIT,S+X2_M1_r0,apple_pie,572,0.040290
FKIT,S+X2_M1_r0,apple_pie,573,0.018271
FKIT,S+X2_M1_r0,apple_pie,574,0.025780
FKIT,S+X2_M1_r0,apple_pie,575,0.010669
FKIT,S+X2_M1_r0,apple_pie,576,0.004183
FKIT,S+X2_M1_r0,apple_pie,577,0.002504
FKIT,S+X2_M1_r0,apple_pie,578,0.006923
FKIT,S+X2_M1_r0,apple_pie,579,0.000558
FKIT,S+X2_M1_r0,apple_pie,580,0.001218
FKIT,S+X2_M1_r0,apple_pie,581,0.026024
FKIT,S+X2_M1_r0,apple_pie,582,0.004997
FKIT,S+X2_M1_r0,apple_pie,583,0.013288
FKIT,S+X2_M1_r0,apple_pie,584,0.012202
FKIT,S+X2_M1_r0,apple_pie,585,0.001125
FKIT,S+X2_M1_r0,apple_pie,586,0.000000
FKIT,S+X2_M1_r0,apple_pie,587,0.000000
FKIT,S+X2_M1_r0,apple_pie,588,0.000000
FKIT,S+X2_M1_r0,apple_pie,589,0.000000
FKIT,S+X2_M1_r0,apple_pie,590,0.000000
FKIT,S+X2_M1_r0,apple_pie,591,0.000000
FKIT,S+X2_M1_r0,apple_pie,592,0.000000
FKIT,S+X2_M1_r0,apple_pie,593,0.000000
FKIT,S+X2_M1_r0,apple_pie,594,0.000000
FKIT,S+X2_M1_r0,apple_pie,595,0.000000
FKIT,S+X2_M1_r0,apple_pie,596,0.000000
FKIT,S+X2_M1_r0,apple_pie,597,0.000000
FKIT,S+X2_M1_r0,apple_pie,598,0.000000
FKIT,S+X2_M1_r0,apple_pie,599,0.000000
FKIT,S+X2_M1_r0,apple_pie,600,0.000000
FKIT,S+X2_M1_r0,apple_pie,601,0.000000
FKIT,S+X2_M1_r0,apple_pie,602,0.000000
FKIT,S+X2_M1_r0,apple_pie,603,0.000000
FKIT,S+X2_M1_r0,apple_pie,604,0.000000
FKIT,S+X2_M1_r0,apple_pie,605,0.000000
FKIT,S+X2_M1_r0,apple_pie,606,0.000000
FKIT,S+X2_M1_r0,apple_pie,607,0.000000
FKIT,S+X2_M1_r0,apple_pie,608,0.000000
FKIT,S+X2_M1_r0,apple_pie,609,0.000000
FKIT,S+X2_M1_r0,apple_pie,610,0.000000
FKIT,S+X2_M1_r0,apple_pie,611,0.000000
FKIT,S+X2_M1_r0,apple_pie,612,0.000000
FKIT,S+X2_M1_r0,apple_pie,613,0.000000
FKIT,S+X2_M1_r0,apple_pie,614,0.000000
FKIT,S+X2_M1_r0,apple_pie,615,0.000000
FKIT,S+X2_M1_r0,apple_pie,616,0.000000
FKIT,S+X2_M1_r0,apple_pie,617,0.000000
FKIT,S+X2_M1_r0,apple_pie,618,0.000000
FKIT,S+X2_M1_r0,apple_pie,619,0.000000
FKIT,S+X2_M1_r0,apple_pie,620,0.000000
FKIT,S+X2_M1_r0,apple_pie,621,0.000000
FKIT,S+X2_M1_r0,apple_pie,622,0.000000
FKIT,S+X2_M1_r0,apple_pie,623,0.000000
FKIT,S+X2_M1_r0,apple_pie,624,0.000000
FKIT,S+X2_M1_r0,apple_pie,625,0.000000
FKIT,S+X2_M1_r0,apple_pie,626,0.000000
FKIT,S+X2_M1_r0,apple_pie,627,0.000000
FKIT,S+X2_M1_r0,apple_pie,628,0.000000
FKIT,S+X2_M1_r0,apple_pie,629,0.000000
FKIT,S+X2_M1_r0,apple_pie,630,0.000000
FKIT,S+X2_M1_r0,apple_pie,631,0.000000
FKIT,S+X2_M1_r0,apple_pie,632,0.000000
FKIT,S+X2_M1_r0,apple_pie,633,0.000000
FKIT,S+X2_M1_r0,apple_pie,634,0.000000
FKIT,S+X2_M1_r0,apple_pie,635,0.000000
FKIT,S+X2_M1_r0,apple_pie,636,0.000000
FKIT,S+X2_M1_r0,apple_pie,637,0.000000
FKIT,S+X2_M1_r0,apple_pie,638,0.000000
FKIT,S+X2_M1_r0,apple_pie,639,0.000000
FKIT,S+X2_M1_r0,apple_pie,640,0.000000
FKIT,S+X2_M1_r0,apple_pie,641,0.000000
FKIT,S+X2_M1_r0,apple_pie,642,0.000000
FKIT,S+X2_M1_r0,apple_pie,643,0.000000
FKIT,S+X2_M1_r0,apple_pie,644,0.000000
FKIT,S+X2_M1_r0,apple_pie,645,0.000000
FKIT,S+X2_M1_r0,apple_pie,646,0.000000
FKIT,S+X2_M1_r0,apple_pie,647,0.000000
FKIT,S+X2_M1_r0,apple_pie,648,0.000000
FKIT,S+X2_M1_r0,apple_pie,649,0.000000
FKIT,S+X2_M1_r0,apple_pie,650,0.000000
FKIT,S+X2_M1_r0,apple_pie,651,0.000000
FKIT,S+X2_M1_r0,apple_pie,652,0.000000
FKIT,S+X2_M1_r0,apple_pie,653,0.000000
FKIT,S+X2_M1_r0,apple_pie,654,0.000000
FKIT,S+X2_M1_r0,apple_pie,655,0.000000
FKIT,S+X2_M1_r0,apple_pie,656,0.000000
FKIT,S+X2_M1_r0,apple_pie,657,0.000000
FKIT,S+X2_M1_r0,apple_pie,658,0.000000
FKIT,S+X2_M1_r0,apple_pie,659,0.000000
FKIT,S+X2_M1_r0,apple_pie,660,0.000000
FKIT,S+X2_M1_r0,apple_pie,661,0.000000
FKIT,S+X2_M1_r0,apple_pie,662,0.000000
FKIT,S+X2_M1_r0,apple_pie,663,0.000000
FKIT,S+X2_M1_r0,apple_pie,664,0.000000
FKIT,S+X2_M1_r0,apple_pie,665,0.000000
FKIT,S+X2_M1_r0,apple_pie,666,0.000000
FKIT,S+X2_M1_r0,apple_pie,667,0.000000
FKIT,S+X2_M1_r0,apple_pie,668,0.000000
FKIT,S+X2_M1_r0,apple_pie,669,0.000000
FKIT,S+X2_M1_r0,apple_pie,670,0.000000
FKIT,S+X2_M1_r0,apple_pie,671,0.000000
FKIT,S+X2_M1_r0,apple_pie,672,0.000000
FKIT,S+X2_M1_r0,apple_pie,673,0.000000
FKIT,S+X2_M1_r0,apple_pie,674,0.000000
FKIT,S+X2_M1_r0,apple_pie,675,0.000000
FKIT,S+X2_M1_r0,apple_pie,676,0.000000
FKIT,S+X2_M1_r0,apple_pie,677,0.000000
FKIT,S+X2_M1_r0,apple_pie,678,0.000000
FKIT,S+X2_M1_r0,apple_pie,679,0.000000
FKIT,S+X2_M1_r0,apple_pie,680,0.000000
FKIT,S+X2_M1_r0,apple_pie,681,0.000000
FKIT,S+X2_M1_r0,apple_pie,682,0.000000
FKIT,S+X2_M1_r0,apple_pie,683,0.000000
FKIT,S+X2_M1_r0,apple_pie,684,0.000000
FKIT,S+X2_M1_r0,apple_pie,685,0.000000
FKIT,S+X2_M1_r0,apple_pie,686,0.000000
FKIT,S+X2_M1_r0,apple_pie,687,0.000000
FKIT,S+X2_M1_r0,apple_pie,688,0.000000
FKIT,S+X2_M1_r0,apple_pie,689,0.000000
FKIT,S+X2_M1_r0,apple_pie,690,0.000000
FKIT,S+X2_M1_r0,apple_pie,691,0.000000
FKIT,S+X2_M1_r0,apple_pie,692,0.000000
FKIT,S+X2_M1_r0,apple_pie,693,0.000000
FKIT,S+X2_M1_r0,apple_pie,694,0.000000
FKIT,S+X2_M1_r0,apple_pie,695,0.000000
FKIT,S+X2_M1_r0,apple_pie,696,0.000000
FKIT,S+X2_M1_r0,apple_pie,697,0.000000
FKIT,S+X2_M1_r0,apple_pie,698,0.000000
FKIT,S+X2_M1_r0,apple_pie,699,0.000000
FKIT,S+X2_M1_r0,apple_pie,700,0.000000
FKIT,S+X2_M1_r0,apple_pie,701,0.000000
FKIT,S+X2_M1_r0,apple_pie,702,0.000000
FKIT,S+X2_M1_r0,apple_pie,703,0.000000
FKIT,S+X2_M1_r0,apple_pie,704,0.000000
FKIT,S+X2_M1_r0,apple_pie,705,0.000000
FKIT,S+X2_M1_r0,apple_pie,706,0.000000
FKIT,S+X2_M1_r0,apple_pie,707,0.000000
FKIT,S+X2_M1_r0,apple_pie,708,0.000000
FKIT,S+X2_M1_r0,apple_pie,709,0.000000
FKIT,S+X2_M1_r0,apple_pie,710,0.000000
FKIT,S+X2_M1_r0,apple_pie,711,0.000000
FKIT,S+X2_M1_r0,apple_pie,712,0.000000
FKIT,S+X2_M1_r0,apple_pie,713,0.000000
FKIT,S+X2_M1_r0,apple_pie,714,0.000000
FKIT,S+X2_M1_r0,apple_pie,715,0.000000
FKIT,S+X2_M1_r0,apple_pie,716,0.000000
FKIT,S+X2_M1_r0,apple_pie,717,0.000000
FKIT,S+X2_M1_r0,apple_pie,718,0.000000
FKIT,S+X2_M1_r0,apple_pie,719,0.000000
FKIT,S+X2_M1_r0,apple_pie,720,0.000000
FKIT,S+X2_M1_r0,apple_pie,721,0.000000
FKIT,S+X2_M1_r0,apple_pie,722,0.000000
FKIT,S+X2_M1_r0,apple_pie,723,0.000000
FKIT,S+X2_M1_r0,apple_pie,724,0.000000
FKIT,S+X2_M1_r0,apple_pie,725,0.000000
FKIT,S+X2_M1_r0,apple_pie,726,0.000000
FKIT,S+X2_M1_r0,apple_pie,727,0.000000
FKIT,S+X2_M1_r0,apple_pie,728,0.000000
FKIT,S+X2_M1_r0,apple_pie,729,0.000000
FKIT,S+X2_M1_r0,apple_pie,730,0.000000
FKIT,S+X2_M1_r0,apple_pie,731,0.000000
FKIT,S+X2_M1_r0,apple_pie,732,0.000000
FKIT,S+X2_M1_r0,apple_pie,733,0.000000
FKIT,S+X2_M1_r0,apple_pie,734,0.000000
FKIT,S+X2_M1_r0,apple_pie,735,0.000000
FKIT,S+X2_M1_r0,apple_pie,736,0.000000
FKIT,S+X2_M1_r0,apple_pie,737,0.000000
FKIT,S+X2_M1_r0,apple_pie,738,0.000000
FKIT,S+X2_M1_r0,apple_pie,739,0.000000
FKIT,S+X2_M1_r0,apple_pie,740,0.000000
FKIT,S+X2_M1_r0,apple_pie,741,0.000000
FKIT,S+X2_M1_r0,apple_pie,742,0.000000
FKIT,S+X2_M1_r0,apple_pie,743,0.000000
FKIT,S+X2_M1_r0,apple_pie,744,0.000000
FKIT,S+X2_M1_r0,apple_pie,745,0.000000
FKIT,S+X2_M1_r0,apple_pie,746,0.000000
FKIT,S+X2_M1_r0,apple_pie,747,0.000000
FKIT,S+X2_M1_r0,apple_pie,748,0.000000
FKIT,S+X2_M1_r0,apple_pie,749,0.000000
FKIT,S+X2_M1_r0,apple_pie,750,0.000000
FKIT,S+X2_M1_r0,apple_pie,751,0.000000
FKIT,S+X2_M1_r0,apple_pie,752,0.000000
FKIT,S+X2_M1_r0,apple_pie,753,0.000000
FKIT,S+X2_M1_r0,apple_pie,754,0.000000
FKIT,S+X2_M1_r0,apple_pie,755,0.000000
FKIT,S+X2_M1_r0,apple_pie,756,0.000000
FKIT,S+X2_M1_r0,apple_pie,757,0.000000
FKIT,S+X2_M1_r0,apple_pie,758,0.000000
FKIT,S+X2_M1_r0,apple_pie,759,0.000000
FKIT,S+X2_M1_r0,apple_pie,760,0.000000
FKIT,S+X2_M1_r0,apple_pie,761,0.000000
FKIT,S+X2_M1_r0,apple_pie,762,0.000000
FKIT,S+X2_M1_r0,apple_pie,763,0.000000
FKIT,S+X2_M1_r0,apple_pie,764,0.000000
FKIT,S+X2_M1_r0,apple_pie,765,0.000000
FKIT,S+X2_M1_r0,apple_pie,766,0.000000
FKIT,S+X2_M1_r0,apple_pie,767,0.000000
FKIT,S+X2_M1_r0,apple_pie,768,0.000000
FKIT,S+X2_M1_r0,apple_pie,769,0.000000
FKIT,S+X2_M1_r0,apple_pie,770,0.000000
FKIT,S+X2_M1_r0,apple_pie,771,0.000000
FKIT,S+X2_M1_r0,apple_pie,772,0.000000
FKIT,S+X2_M1_r0,apple_pie,773,0.000000
FKIT,S+X2_M1_r0,apple_pie,774,0.000000
FKIT,S+X2_M1_r0,apple_pie,775,0.000000
FKIT,S+X2_M1_r0,apple_pie,776,0.000000
FKIT,S+X2_M1_r0,apple_pie,777,0.000000
FKIT,S+X2_M1_r0,apple_pie,778,0.000000
FKIT,S+X2_M1_r0,apple_pie,779,0.000000
FKIT,S+X2_M1_r0,apple_pie,780,0.000000
FKIT,S+X2_M1_r0,apple_pie,781,0.000000
FKIT,S+X2_M1_r0,apple_pie,782,0.000000
FKIT,S+X2_M1_r0,apple_pie,783,0.000000
FKIT,S+X2_M1_r0,apple_pie,784,0.000000
FKIT,S+X2_M1_r0,apple_pie,785,0.000000
FKIT,S+X2_M1_r0,apple_pie,786,0.000000
FKIT,S+X2_M1_r0,apple_pie,787,0.000000
FKIT,S+X2_M1_r0,apple_pie,788,0.000000
FKIT,S+X2_M1_r0,apple_pie,789,0.000000
FKIT,S+X2_M1_r0,apple_pie,790,0.000000
FKIT,S+X2_M1_r0,apple_pie,791,0.000000
FKIT,S+X2_M1_r0,apple_pie,792,0.000000
FKIT,S+X2_M1_r0,apple_pie,793,0.000000
FKIT,S+X2_M1_r0,apple_pie,794,0.000000
FKIT,S+X2_M1_r0,apple_pie,795,0.000000
FKIT,S+X2_M1_r0,apple_pie,796,0.000000
FKIT,S+X2_M1_r0,apple_pie,797,0.000000
FKIT,S+X2_M1_r0,apple_pie,798,0.000000
FKIT,S+X2_M1_r0,apple_pie,799,0.000000
FKIT,S+X2_M1_r0,apple_pie,800,0.000000
FKIT,S+X2_M1_r0,apple_pie,801,0.000000
FKIT,S+X2_M1_r0,apple_pie,802,0.000000
FKIT,S+X2_M1_r0,apple_pie,803,0.000000
FKIT,S+X2_M1_r0,apple_pie,804,0.000000
FKIT,S+X2_M1_r0,apple_pie,805,0.000000
FKIT,S+X2_M1_r0,apple_pie,806,0.000000
FKIT,S+X2_M1_r0,apple_pie,807,0.000000
FKIT,S+X2_M1_r0,apple_pie,808,0.000000
FKIT,S+X2_M1_r0,apple_pie,809,0.000000
FKIT,S+X2_M1_r0,apple_pie,810,0.000000
FKIT,S+X2_M1_r0,apple_pie,811,0.000000
FKIT,S+X2_M1_r0,apple_pie,812,0.000000
FKIT,S+X2_M1_r0,apple_pie,813,0.000000
FKIT,S+X2_M1_r0,apple_pie,814,0.000000
FKIT,S+X2_M1_r0,apple_pie,815,0.000000
FKIT,S+X2_M1_r0,apple_pie,816,0.000000
FKIT,S+X2_M1_r0,apple_pie,817,0.000000
FKIT,S+X2_M1_r0,apple_pie,818,0.000000
FKIT,S+X2_M1_r0,apple_pie,819,0.000000
FKIT,S+X2_M1_r0,apple_pie,820,0.000000
FKIT,S+X2_M1_r0,apple_pie,821,0.000000
FKIT,S+X2_M1_r0,apple_pie,822,0.000000
FKIT,S+X2_M1_r0,apple_pie,823,0.000000
FKIT,S+X2_M1_r0,apple_pie,824,0.000000
FKIT,S+X2_M1_r0,apple_pie,825,0.000000
FKIT,S+X2_M1_r0,apple_pie,826,0.000000
FKIT,S+X2_M1_r0,apple_pie,827,0.000000
FKIT,S+X2_M1_r0,apple_pie,828,0.000000
FKIT,S+X2_M1_r0,apple_pie,829,0.000000
FKIT,S+X2_M1_r0,apple_pie,830,0.000000
FKIT,S+X2_M1_r0,apple_pie,831,0.000000
FKIT,S+X2_M1_r0,apple_pie,832,0.000000
FKIT,S+X2_M1_r0,apple_pie,833,0.000000
FKIT,S+X2_M1_r0,apple_pie,834,0.000000
FKIT,S+X2_M1_r0,apple_pie,835,0.000000
FKIT,S+X2_M1_r0,apple_pie,836,0.000000
FKIT,S+X2_M1_r0,apple_pie,837,0.000000
FKIT,S+X2_M1_r0,apple_pie,838,0.000000
FKIT,S+X2_M1_r0,apple_pie,839,0.000000
FKIT,S+X2_M1_r0,apple_pie,840,0.000000
FKIT,S+X2_M1_r0,apple_pie,841,0.000000
FKIT,S+X2_M1_r0,apple_pie,842,0.000000
FKIT,S+X2_M1_r0,apple_pie,843,0.000000
FKIT,S+X2_M1_r0,apple_pie,844,0.000000
FKIT,S+X2_M1_r0,apple_pie,845,0.000000
FKIT,S+X2_M1_r0,apple_pie,846,0.000000
FKIT,S+X2_M1_r0,apple_pie,847,0.000000
FKIT,S+X2_M1_r0,apple_pie,848,0.000000
FKIT,S+X2_M1_r0,apple_pie,849,0.000000
FKIT,S+X2_M1_r0,apple_pie,850,0.000000
FKIT,S+X2_M1_r0,apple_pie,851,0.000000
FKIT,S+X2_M1_r0,apple_pie,852,0.000000
FKIT,S+X2_M1_r0,apple_pie,853,0.000000
FKIT,S+X2_M1_r0,apple_pie,854,0.000000
FKIT,S+X2_M1_r0,apple_pie,855,0.000000
FKIT,S+X2_M1_r0,apple_pie,856,0.000000
FKIT,S+X2_M1_r0,apple_pie,857,0.000000
FKIT,S+X2_M1_r0,apple_pie,858,0.000000
FKIT,S+X2_M1_r0,apple_pie,859,0.000000
FKIT,S+X2_M1_r0,apple_pie,860,0.000000
FKIT,S+X2_M1_r0,apple_pie,861,0.000000
FKIT,S+X2_M1_r0,apple_pie,862,0.000000
FKIT,S+X2_M1_r0,apple_pie,863,0.000000
FKIT,S+X2_M1_r0,apple_pie,864,0.000000
FKIT,S+X2_M1_r0,apple_pie,865,0.000000
FKIT,S+X2_M1_r0,apple_pie,866,0.000000
FKIT,S+X2_M1_r0,apple_pie,867,0.000000
FKIT,S+X2_M1_r0,apple_pie,868,0.000000
FKIT,S+X2_M1_r0,apple_pie,869,0.000000
FKIT,S+X2_M1_r0,apple_pie,870,0.000000
FKIT,S+X2_M1_r0,apple_pie,871,0.000000
FKIT,S+X2_M1_r0,apple_pie,872,0.000000
FKIT,S+X2_M1_r0,apple_pie,873,0.000000
FKIT,S+X2_M1_r0,apple_pie,874,0.000000
FKIT,S+X2_M1_r0,apple_pie,875,0.000000
FKIT,S+X2_M1_r0,apple_pie,876,0.000000
FKIT,S+X2_M1_r0,apple_pie,877,0.000000
FKIT,S+X2_M1_r0,apple_pie,878,0.000000
FKIT,S+X2_M1_r0,apple_pie,879,0.000000
FKIT,S+X2_M1_r0,apple_pie,880,0.000000
FKIT,S+X2_M1_r0,apple_pie,881,0.000000
FKIT,S+X2_M1_r0,apple_pie,882,0.000000
FKIT,S+X2_M1_r0,apple_pie,883,0.000000
FKIT,S+X2_M1_r0,apple_pie,884,0.000000
FKIT,S+X2_M1_r0,apple_pie,885,0.000000
FKIT,S+X2_M1_r0,apple_pie,886,0.000000
FKIT,S+X2_M1_r0,apple_pie,887,0.000000
FKIT,S+X2_M1_r0,apple_pie,888,0.000000
FKIT,S+X2_M1_r0,apple_pie,889,0.000000
FKIT,S+X2_M1_r0,apple_pie,890,0.000000
FKIT,S+X2_M1_r0,apple_pie,891,0.000000
FKIT,S+X2_M1_r0,apple_pie,892,0.000000
FKIT,S+X2_M1_r0,apple_pie,893,0.000000
FKIT,S+X2_M1_r0,apple_pie,894,0.000000
FKIT,S+X2_M1_r0,apple_pie,895,0.000000
FKIT,S+X2_M1_r0,apple_pie,896,0.000000
FKIT,S+X2_M1_r0,apple_pie,897,0.000000
FKIT,S+X2_M1_r0,apple_pie,898,0.000000
FKIT,S+X2_M1_r0,apple_pie,899,0.000000
FKIT,S+X2_M1_r0,apple_pie,900,0.000000
FKIT,S+X2_M1_r0,apple_pie,901,0.000000
FKIT,S+X2_M1_r0,apple_pie,902,0.000000
FKIT,S+X2_M1_r0,apple_pie,903,0.000000
FKIT,S+X2_M1_r0,apple_pie,904,0.000000
FKIT,S+X2_M1_r0,apple_pie,905,0.000000
FKIT,S+X2_M1_r0,apple_pie,906,0.000000
FKIT,S+X2_M1_r0,apple_pie,907,0.000000
FKIT,S+X2_M1_r0,apple_pie,908,0.000000
FKIT,S+X2_M1_r0,apple_pie,909,0.000000
FKIT,S+X2_M1_r0,apple_pie,910,0.000000
FKIT,S+X2_M1_r0,apple_pie,911,0.000000
FKIT,S+X2_M1_r0,apple_pie,912,0.000000
FKIT,S+X2_M1_r0,apple_pie,913,0.000000
FKIT,S+X2_M1_r0,apple_pie,914,0.000000
FKIT,S+X2_M1_r0,apple_pie,915,0.000000
FKIT,S+X2_M1_r0,apple_pie,916,0.000000
FKIT,S+X2_M1_r0,apple_pie,917,0.000000
FKIT,S+X2_M1_r0,apple_pie,918,0.000000
FKIT,S+X2_M1_r0,apple_pie,919,0.000000
FKIT,S+X2_M1_r0,apple_pie,920,0.000000
FKIT,S+X2_M1_r0,apple_pie,921,0.000000
FKIT,S+X2_M1_r0,apple_pie,922,0.000000
FKIT,S+X2_M1_r0,apple_pie,923,0.000000
FKIT,S+X2_M1_r0,apple_pie,924,0.000000
FKIT,S+X2_M1_r0,apple_pie,925,0.000000
FKIT,S+X2_M1_r0,apple_pie,926,0.000000
FKIT,S+X2_M1_r0,apple_pie,927,0.000000
FKIT,S+X2_M1_r0,apple_pie,928,0.000000
FKIT,S+X2_M1_r0,apple_pie,929,0.000000
FKIT,S+X2_M1_r0,apple_pie,930,0.000000
FKIT,S+X2_M1_r0,apple_pie,931,0.000000
FKIT,S+X2_M1_r0,apple_pie,932,0.000000
FKIT,S+X2_M1_r0,apple_pie,933,0.000000
FKIT,S+X2_M1_r0,apple_pie,934,0.000000
FKIT,S+X2_M1_r0,apple_pie,935,0.000000
FKIT,S+X2_M1_r0,apple_pie,936,0.000000
FKIT,S+X2_M1_r0,apple_pie,937,0.000000
FKIT,S+X2_M1_r0,apple_pie,938,0.000000
FKIT,S+X2_M1_r0,apple_pie,939,0.000000
FKIT,S+X2_M1_r0,apple_pie,940,0.000000
FKIT,S+X2_M1_r0,apple_pie,941,0.000000
FKIT,S+X2_M1_r0,apple_pie,942,0.000000
FKIT,S+X2_M1_r0,apple_pie,943,0.000000
FKIT,S+X2_M1_r0,apple_pie,944,0.000000
FKIT,S+X2_M1_r0,apple_pie,945,0.000000
FKIT,S+X2_M1_r0,apple_pie,946,0.000000
FKIT,S+X2_M1_r0,apple_pie,947,0.000000
FKIT,S+X2_M1_r0,apple_pie,948,0.000000
FKIT,S+X2_M1_r0,apple_pie,949,0.000000
FKIT,S+X2_M1_r0,apple_pie,950,0.000000
FKIT,S+X2_M1_r0,apple_pie,951,0.000000
FKIT,S+X2_M1_r0,apple_pie,952,0.000000
FKIT,S+X2_M1_r0,apple_pie,953,0.000000
FKIT,S+X2_M1_r0,apple_pie,954,0.000000
FKIT,S+X2_M1_r0,apple_pie,955,0.000000
FKIT,S+X2_M1_r0,apple_pie,956,0.000000
FKIT,S+X2_M1_r0,apple_pie,957,0.000000
FKIT,S+X2_M1_r0,apple_pie,958,0.000000
FKIT,S+X2_M1_r0,apple_pie,959,0.000000
FKIT,S+X2_M1_r0,apple_pie,960,0.000000
FKIT,S+X2_M1_r0,apple_pie,961,0.000000
FKIT,S+X2_M1_r0,apple_pie,962,0.000000
FKIT,S+X2_M1_r0,apple_pie,963,0.000000
FKIT,S+X2_M1_r0,apple_pie,964,0.000000
FKIT,S+X2_M1_r0,apple_pie,965,0.000000
FKIT,S+X2_M1_r0,apple_pie,966,0.000000
FKIT,S+X2_M1_r0,apple_pie,967,0.000000
FKIT,S+X2_M1_r0,apple_pie,968,0.000000
FKIT,S+X2_M1_r0,apple_pie,969,0.000000
FKIT,S+X2_M1_r0,apple_pie,970,0.000000
FKIT,S+X2_M1_r0,apple_pie,971,0.000000
FKIT,S+X2_M1_r0,apple_pie,972,0.000000
FKIT,S+X2_M1_r0,apple_pie,973,0.000000
FKIT,S+X2_M1_r0,apple_pie,974,0.000000
FKIT,S+X2_M1_r0,apple_pie,975,0.000000
FKIT,S+X2_M1_r0,apple_pie,976,0.000000
FKIT,S+X2_M1_r0,apple_pie,977,0.000000
FKIT,S+X2_M1_r0,apple_pie,978,0.000000
FKIT,S+X2_M1_r0,apple_pie,979,0.000000
FKIT,S+X2_M1_r0,apple_pie,980,0.000000
FKIT,S+X2_M1_r0,apple_pie,981,0.000000
FKIT,S+X2_M1_r0,apple_pie,982,0.000000
FKIT,S+X2_M1_r0,apple_pie,983,0.000000
FKIT,S+X2_M1_r0,apple_pie,984,0.000000
FKIT,S+X2_M1_r0,apple_pie,985,0.000000
FKIT,S+X2_M1_r0,apple_pie,986,0.000000
FKIT,S+X2_M1_r0,apple_pie,987,0.000000
FKIT,S+X2_M1_r0,apple_pie,988,0.000000
FKIT,S+X2_M1_r0,apple_pie,989,0.000000
FKIT,S+X2_M1_r0,apple_pie,990,0.000000
FKIT,S+X2_M1_r0,apple_pie,991,0.000000
FKIT,S+X2_M1_r0,apple_pie,992,0.000000
FKIT,S+X2_M1_r0,apple_pie,993,0.000000
FKIT,S+X2_M1_r0,apple_pie,994,0.000000
FKIT,S+X2_M1_r0,apple_pie,995,0.000000
FKIT,S+X2_M1_r0,apple_pie,996,0.000000
FKIT,S+X2_M1_r0,apple_pie,997,0.000000
FKIT,S+X2_M1_r0,apple_pie,998,0.000000
FKIT,S+X2_M1_r0,apple_pie,999,0.000000
FKIT,S+X2_M1_r0,apple_pie,1000,0.000000
FKIT,S+X2_M1_r0,apple_pie,1001,0.000000
FKIT,S+X2_M1_r0,apple_pie,1002,0.000000
FKIT,S+X2_M1_r0,apple_pie,1003,0.000000
FKIT,S+X2_M1_r0,apple_pie,1004,0.000000
FKIT,S+X2_M1_r0,apple_pie,1005,0.000000
FKIT,S+X2_M1_r0,apple_pie,1006,0.000000
FKIT,S+X2_M1_r0,apple_pie,1007,0.000000
FKIT,S+X2_M1_r0,apple_pie,1008,0.000000
FKIT,S+X2_M1_r0,apple_pie,1009,0.000000
FKIT,S+X2_M1_r0,apple_pie,1010,0.000000
FKIT,S+X2_M1_r0,apple_pie,1011,0.000000
FKIT,S+X2_M1_r0,apple_pie,1012,0.000000
FKIT,S+X2_M1_r0,apple_pie,1013,0.000000
FKIT,S+X2_M1_r0,apple_pie,1014,0.000000
FKIT,S+X2_M1_r0,apple_pie,1015,0.000000
FKIT,S+X2_M1_r0,apple_pie,1016,0.000000
FKIT,S+X2_M1_r0,apple_pie,1017,0.000000
FKIT,S+X2_M1_r0,apple_pie,1018,0.000000
FKIT,S+X2_M1_r0,apple_pie,1019,0.000000
FKIT,S+X2_M1_r0,apple_pie,1020,0.000000
FKIT,S+X2_M1_r0,apple_pie,1021,0.000000
FKIT,S+X2_M1_r0,apple_pie,1022,0.000000
FKIT,S+X2_M1_r0,apple_pie,1023,0.000000
FKIT,S+X2_M1_r0,apple_pie,1024,0.000000
FKIT,S+X2_M1_r0,apple_pie,1025,0.000000
FKIT,S+X2_M1_r0,apple_pie,1026,0.000000
FKIT,S+X2_M1_r0,apple_pie,1027,0.000000
FKIT,S+X2_M1_r0,apple_pie,1028,0.000000
FKIT,S+X2_M1_r0,apple_pie,1029,0.000000
FKIT,S+X2_M1_r0,apple_pie,1030,0.000000
FKIT,S+X2_M1_r0,apple_pie,1031,0.000000
FKIT,S+X2_M1_r0,apple_pie,1032,0.000000
FKIT,S+X2_M1_r0,apple_pie,1033,0.000000
FKIT,S+X2_M1_r0,apple_pie,1034,0.000000
FKIT,S+X2_M1_r0,apple_pie,1035,0.000000
FKIT,S+X2_M1_r0,apple_pie,1036,0.000000
FKIT,S+X2_M1_r0,apple_pie,1037,0.000000
FKIT,S+X2_M1_r0,apple_pie,1038,0.000000
FKIT,S+X2_M1_r0,apple_pie,1039,0.000000
FKIT,S+X2_M1_r0,apple_pie,1040,0.000000
FKIT,S+X2_M1_r0,apple_pie,1041,0.000000
FKIT,S+X2_M1_r0,apple_pie,1042,0.000000
FKIT,S+X2_M1_r0,apple_pie,1043,0.000000
FKIT,S+X2_M1_r0,apple_pie,1044,0.000000
FKIT,S+X2_M1_r0,apple_pie,1045,0.000000
FKIT,S+X2_M1_r0,apple_pie,1046,0.000000
FKIT,S+X2_M1_r0,apple_pie,1047,0.000000
FKIT,S+X2_M1_r0,apple_pie,1048,0.000000
FKIT,S+X2_M1_r0,apple_pie,1049,0.000000
FKIT,S+X2_M1_r0,apple_pie,1050,0.000000
FKIT,S+X2_M1_r0,apple_pie,1051,0.000000
FKIT,S+X2_M1_r0,apple_pie,1052,0.000000
FKIT,S+X2_M1_r0,apple_pie,1053,0.000000
FKIT,S+X2_M1_r0,apple_pie,1054,0.000000
FKIT,S+X2_M1_r0,apple_pie,1055,0.000000
FKIT,S+X2_M1_r0,apple_pie,1056,0.000000
FKIT,S+X2_M1_r0,apple_pie,1057,0.000000
FKIT,S+X2_M1_r0,apple_pie,1058,0.000000
FKIT,S+X2_M1_r0,apple_pie,1059,0.000000
FKIT,S+X2_M1_r0,apple_pie,1060,0.000000
FKIT,S+X2_M1_r0,apple_pie,1061,0.000000
FKIT,S+X2_M1_r0,apple_pie,1062,0.000000
FKIT,S+X2_M1_r0,apple_pie,1063,0.000000
FKIT,S+X2_M1_r0,apple_pie,1064,0.000000
FKIT,S+X2_M1_r0,apple_pie,1065,0.000000
FKIT,S+X2_M1_r0,apple_pie,1066,0.000000
FKIT,S+X2_M1_r0,apple_pie,1067,0.000000
FKIT,S+X2_M1_r0,apple_pie,1068,0.000000
FKIT,S+X2_M1_r0,apple_pie,1069,0.000000
FKIT,S+X2_M1_r0,apple_pie,1070,0.000000
FKIT,S+X2_M1_r0,apple_pie,1071,0.000000
FKIT,S+X2_M1_r0,apple_pie,1072,0.000000
FKIT,S+X2_M1_r0,apple_pie,1073,0.000000
FKIT,S+X2_M1_r0,apple_pie,1074,0.000000
FKIT,S+X2_M1_r0,apple_pie,1075,0.000000
FKIT,S+X2_M1_r0,apple_pie,1076,0.000000
FKIT,S+X2_M1_r0,apple_pie,1077,0.000000
FKIT,S+X2_M1_r0,apple_pie,1078,0.000000
FKIT,S+X2_M1_r0,apple_pie,1079,0.000000
FKIT,S+X2_M1_r0,apple_pie,1080,0.000000
FKIT,S+X2_M1_r0,apple_pie,1081,0.000000
FKIT,S+X2_M1_r0,apple_pie,1082,0.000000
FKIT,S+X2_M1_r0,apple_pie,1083,0.000000
FKIT,S+X2_M1_r0,apple_pie,1084,0.000000
FKIT,S+X2_M1_r0,apple_pie,1085,0.000000
FKIT,S+X2_M1_r0,apple_pie,1086,0.000000
FKIT,S+X2_M1_r0,apple_pie,1087,0.000000
FKIT,S+X2_M1_r0,apple_pie,1088,0.000000
FKIT,S+X2_M1_r0,apple_pie,1089,0.000000
FKIT,S+X2_M1_r0,apple_pie,1090,0.000000
FKIT,S+X2_M1_r0,apple_pie,1091,0.000000
FKIT,S+X2_M1_r0,apple_pie,1092,0.000000
FKIT,S+X2_M1_r0,apple_pie,1093,0.000000
FKIT,S+X2_M1_r0,apple_pie,1094,0.000000
FKIT,S+X2_M1_r0,apple_pie,1095,0.000000
FKIT,S+X2_M1_r0,apple_pie,1096,0.000000
FKIT,S+X2_M1_r0,apple_pie,1097,0.000000
FKIT,S+X2_M1_r0,apple_pie,1098,0.000000
FKIT,S+X2_M1_r0,apple_pie,1099,0.000000
FKIT,S+X2_M1_r0,apple_pie,1100,0.000000
FKIT,S+X2_M1_r0,apple_pie,1101,0.000000
FKIT,S+X2_M1_r0,apple_pie,1102,0.000000
FKIT,S+X2_M1_r0,apple_pie,1103,0.000000
FKIT,S+X2_M1_r0,apple_pie,1104,0.000000
FKIT,S+X2_M1_r0,apple_pie,1105,0.000000
FKIT,S+X2_M1_r0,apple_pie,1106,0.000000
FKIT,S+X2_M1_r0,apple_pie,1107,0.000000
FKIT,S+X2_M1_r0,apple_pie,1108,0.000000
FKIT,S+X2_M1_r0,apple_pie,1109,0.000000
FKIT,S+X2_M1_r0,apple_pie,1110,0.000000
FKIT,S+X2_M1_r0,apple_pie,1111,0.000000
FKIT,S+X2_M1_r0,apple_pie,1112,0.000000
FKIT,S+X2_M1_r0,apple_pie,1113,0.000000
FKIT,S+X2_M1_r0,apple_pie,1114,0.000000
FKIT,S+X2_M1_r0,apple_pie,1115,0.000000
FKIT,S+X2_M1_r0,apple_pie,1116,0.000000
FKIT,S+X2_M1_r0,apple_pie,1117,0.000000
FKIT,S+X2_M1_r0,apple_pie,1118,0.000000
FKIT,S+X2_M1_r0,apple_pie,1119,0.000000
FKIT,S+X2_M1_r0,apple_pie,1120,0.000000
FKIT,S+X2_M1_r0,apple_pie,1121,0.000000
FKIT,S+X2_M1_r0,apple_pie,1122,0.000000
FKIT,S+X2_M1_r0,apple_pie,1123,0.000000
FKIT,S+X2_M1_r0,apple_pie,1124,0.000000
FKIT,S+X2_M1_r0,apple_pie,1125,0.000000
FKIT,S+X2_M1_r0,apple_pie,1126,0.000000
FKIT,S+X2_M1_r0,apple_pie,1127,0.000000
FKIT,S+X2_M1_r0,apple_pie,1128,0.000000
FKIT,S+X2_M1_r0,apple_pie,1129,0.000000
FKIT,S+X2_M1_r0,apple_pie,1130,0.000000
FKIT,S+X2_M1_r0,apple_pie,1131,0.000000
FKIT,S+X2_M1_r0,apple_pie,1132,0.000000
FKIT,S+X2_M1_r0,apple_pie,1133,0.000000
FKIT,S+X2_M1_r0,apple_pie,1134,0.000000
FKIT,S+X2_M1_r0,apple_pie,1135,0.000000
FKIT,S+X2_M1_r0,apple_pie,1136,0.000000
FKIT,S+X2_M1_r0,apple_pie,1137,0.000000
FKIT,S+X2_M1_r0,apple_pie,1138,0.000000
FKIT,S+X2_M1_r0,apple_pie,1139,0.000000
FKIT,S+X2_M1_r0,apple_pie,1140,0.000000
FKIT,S+X2_M1_r0,apple_pie,1141,0.000000
FKIT,S+X2_M1_r0,apple_pie,1142,0.000000
FKIT,S+X2_M1_r0,apple_pie,1143,0.000000
FKIT,S+X2_M1_r0,apple_pie,1144,0.000000
FKIT,S+X2_M1_r0,apple_pie,1145,0.000000
FKIT,S+X2_M1_r0,apple_pie,1146,0.000000
FKIT,S+X2_M1_r0,apple_pie,1147,0.000000
FKIT,S+X2_M1_r0,apple_pie,1148,0.000000
FKIT,S+X2_M1_r0,apple_pie,1149,0.000000
FKIT,S+X2_M1_r0,apple_pie,1150,0.000000
FKIT,S+X2_M1_r0,apple_pie,1151,0.000000
FKIT,S+X2_M1_r0,apple_pie,1152,0.000000
FKIT,S+X2_M1_r0,apple_pie,1153,0.000000
FKIT,S+X2_M1_r0,apple_pie,1154,0.000000
FKIT,S+X2_M1_r0,apple_pie,1155,0.000000
FKIT,S+X2_M1_r0,apple_pie,1156,0.000000
FKIT,S+X2_M1_r0,apple_pie,1157,0.000000
FKIT,S+X2_M1_r0,apple_pie,1158,0.000000
FKIT,S+X2_M1_r0,apple_pie,1159,0.000000
FKIT,S+X2_M1_r0,apple_pie,1160,0.000000
FKIT,S+X2_M1_r0,apple_pie,1161,0.000000
FKIT,S+X2_M1_r0,apple_pie,1162,0.000000
FKIT,S+X2_M1_r0,apple_pie,1163,0.000000
FKIT,S+X2_M1_r0,apple_pie,1164,0.000000
FKIT,S+X2_M1_r0,apple_pie,1165,0.000000
FKIT,S+X2_M1_r0,apple_pie,1166,0.000000
FKIT,S+X2_M1_r0,apple_pie,1167,0.000000
FKIT,S+X2_M1_r0,apple_pie,1168,0.000000
FKIT,S+X2_M1_r0,apple_pie,1169,0.000000
FKIT,S+X2_M1_r0,apple_pie,1170,0.000000
FKIT,S+X2_M1_r0,apple_pie,1171,0.000000
FKIT,S+X2_M1_r0,apple_pie,1172,0.000000
FKIT,S+X2_M1_r0,apple_pie,1173,0.000000
FKIT,S+X2_M1_r0,apple_pie,1174,0.000000
FKIT,S+X2_M1_r0,apple_pie,1175,0.000000
FKIT,S+X2_M1_r0,apple_pie,1176,0.000000
FKIT,S+X2_M1_r0,apple_pie,1177,0.000000
FKIT,S+X2_M1_r0,apple_pie,1178,0.000000
FKIT,S+X2_M1_r0,apple_pie,1179,0.000000
FKIT,S+X2_M1_r0,apple_pie,1180,0.000000
FKIT,S+X2_M1_r0,apple_pie,1181,0.000000
FKIT,S+X2_M1_r0,apple_pie,1182,0.000000
FKIT,S+X2_M1_r0,apple_pie,1183,0.000000
FKIT,S+X2_M1_r0,apple_pie,1184,0.000000
FKIT,S+X2_M1_r0,apple_pie,1185,0.000000
FKIT,S+X2_M1_r0,apple_pie,1186,0.000000
FKIT,S+X2_M1_r0,apple_pie,1187,0.000000
FKIT,S+X2_M1_r0,apple_pie,1188,0.000000
FKIT,S+X2_M1_r0,apple_pie,1189,0.000000
FKIT,S+X2_M1_r0,apple_pie,1190,0.000000
FKIT,S+X2_M1_r0,apple_pie,1191,0.000000
FKIT,S+X2_M1_r0,apple_pie,1192,0.000000
FKIT,S+X2_M1_r0,apple_pie,1193,0.000000
FKIT,S+X2_M1_r0,apple_pie,1194,0.000000
FKIT,S+X2_M1_r0,apple_pie,1195,0.000000
FKIT,S+X2_M1_r0,apple_pie,1196,0.000000
FKIT,S+X2_M1_r0,apple_pie,1197,0.000000
FKIT,S+X2_M1_r0,apple_pie,1198,0.000000
FKIT,S+X2_M1_r0,apple_pie,1199,0.000000
FKIT,S+X2_M1_r0,apple_pie,1200,0.000000
FKIT,S+X2_M1_r0,banana,0,0.000000
FKIT,S+X2_M1_r0,banana,1,0.000000
FKIT,S+X2_M1_r0,banana,2,0.000000
FKIT,S+X2_M1_r0,banana,3,0.000000
FKIT,S+X2_M1_r0,banana,4,0.000000
FKIT,S+X2_M1_r0,banana,5,0.000000
FKIT,S+X2_M1_r0,banana,6,0.000000
FKIT,S+X2_M1_r0,banana,7,0.000000
FKIT,S+X2_M1_r0,banana,8,0.000000
FKIT,S+X2_M1_r0,banana,9,0.000000
FKIT,S+X2_M1_r0,banana,10,0.000000
FKIT,S+X2_M1_r0,banana,11,0.000000
FKIT,S+X2_M1_r0,banana,12,0.000000
FKIT,S+X2_M1_r0,banana,13,0.000000
FKIT,S+X2_M1_r0,banana,14,0.000000
FKIT,S+X2_M1_r0,banana,15,0.000000
FKIT,S+X2_M1_r0,banana,16,0.000000
FKIT,S+X2_M1_r0,banana,17,0.000000
FKIT,S+X2_M1_r0,banana,18,0.000000
FKIT,S+X2_M1_r0,banana,19,0.000000
FKIT,S+X2_M1_r0,banana,20,0.000000
FKIT,S+X2_M1_r0,banana,21,0.000000
FKIT,S+X2_M1_r0,banana,22,0.000000
FKIT,S+X2_M1_r0,banana,23,0.000000
FKIT,S+X2_M1_r0,banana,24,0.000000
FKIT,S+X2_M1_r0,banana,25,0.000000
FKIT,S+X2_M1_r0,banana,26,0.000000
FKIT,S+X2_M1_r0,banana,27,0.000000
FKIT,S+X2_M1_r0,banana,28,0.000000
FKIT,S+X2_M1_r0,banana,29,0.000000
FKIT,S+X2_M1_r0,banana,30,0.000000
FKIT,S+X2_M1_r0,banana,31,0.000000
FKIT,S+X2_M1_r0,banana,32,0.000000
FKIT,S+X2_M1_r0,banana,33,0.000000
FKIT,S+X2_M1_r0,banana,34,0.000000
FKIT,S+X2_M1_r0,banana,35,0.000000
FKIT,S+X2_M1_r0,banana,36,0.000000
FKIT,S+X2_M1_r0,banana,37,0.000000
FKIT,S+X2_M1_r0,banana,38,0.000000
FKIT,S+X2_M1_r0,banana,39,0.000000
FKIT,S+X2_M1_r0,banana,40,0.000000
FKIT,S+X2_M1_r0,banana,41,0.000000
FKIT,S+X2_M1_r0,banana,42,0.000000
FKIT,S+X2_M1_r0,banana,43,0.000000
FKIT,S+X2_M1_r0,banana,44,0.000000
FKIT,S+X2_M1_r0,banana,45,0.000000
FKIT,S+X2_M1_r0,banana,46,0.000000
FKIT,S+X2_M1_r0,banana,47,0.000000
FKIT,S+X2_M1_r0,banana,48,0.000000
FKIT,S+X2_M1_r0,banana,49,0.000000
FKIT,S+X2_M1_r0,banana,50,0.000000
FKIT,S+X2_M1_r0,banana,51,0.000000
FKIT,S+X2_M1_r0,banana,52,0.000000
FKIT,S+X2_M1_r0,banana,53,0.000000
FKIT,S+X2_M1_r0,banana,54,0.000000
FKIT,S+X2_M1_r0,banana,55,0.000000
FKIT,S+X2_M1_r0,banana,56,0.000000
FKIT,S+X2_M1_r0,banana,57,0.000000
FKIT,S+X2_M1_r0,banana,58,0.000000
FKIT,S+X2_M1_r0,banana,59,0.000000
FKIT,S+X2_M1_r0,banana,60,0.000000
FKIT,S+X2_M1_r0,banana,61,0.000000
FKIT,S+X2_M1_r0,banana,62,0.000000
FKIT,S+X2_M1_r0,banana,63,0.000000
FKIT,S+X2_M1_r0,banana,64,0.000000
FKIT,S+X2_M1_r0,banana,65,0.000000
FKIT,S+X2_M1_r0,banana,66,0.000000
FKIT,S+X2_M1_r0,banana,67,0.000000
FKIT,S+X2_M1_r0,banana,68,0.000000
FKIT,S+X2_M1_r0,banana,69,0.000000
FKIT,S+X2_M1_r0,banana,70,0.000000
FKIT,S+X2_M1_r0,banana,71,0.000000
FKIT,S+X2_M1_r0,banana,72,0.000000
FKIT,S+X2_M1_r0,banana,73,0.000000
FKIT,S+X2_M1_r0,banana,74,0.000000
FKIT,S+X2_M1_r0,banana,75,0.000000
FKIT,S+X2_M1_r0,banana,76,0.000000
FKIT,S+X2_M1_r0,banana,77,0.000000
FKIT,S+X2_M1_r0,banana,78,0.000000
FKIT,S+X2_M1_r0,banana,79,0.000000
FKIT,S+X2_M1_r0,banana,80,0.000000
FKIT,S+X2_M1_r0,banana,81,0.000000
FKIT,S+X2_M1_r0,banana,82,0.000000
FKIT,S+X2_M1_r0,banana,83,0.000000
FKIT,S+X2_M1_r0,banana,84,0.000000
FKIT,S+X2_M1_r0,banana,85,0.000000
FKIT,S+X2_M1_r0,banana,86,0.000000
FKIT,S+X2_M1_r0,banana,87,0.000000
FKIT,S+X2_M1_r0,banana,88,0.000000
FKIT,S+X2_M1_r0,banana,89,0.000000
FKIT,S+X2_M1_r0,banana,90,0.000000
FKIT,S+X2_M1_r0,banana,91,0.000000
FKIT,S+X2_M1_r0,banana,92,0.000000
FKIT,S+X2_M1_r0,banana,93,0.000000
FKIT,S+X2_M1_r0,banana,94,0.000000
FKIT,S+X2_M1_r0,banana,95,0.000000
FKIT,S+X2_M1_r0,banana,96,0.000000
FKIT,S+X2_M1_r0,banana,97,0.000000
FKIT,S+X2_M1_r0,banana,98,0.000000
FKIT,S+X2_M1_r0,banana,99,0.000000
FKIT,S+X2_M1_r0,banana,100,0.000000
FKIT,S+X2_M1_r0,banana,101,0.000000
FKIT,S+X2_M1_r0,banana,102,0.000000
FKIT,S+X2_M1_r0,banana,103,0.000000
FKIT,S+X2_M1_r0,banana,104,0.000000
FKIT,S+X2_M1_r0,banana,105,0.000000
FKIT,S+X2_M1_r0,banana,106,0.000000
FKIT,S+X2_M1_r0,banana,107,0.000000
FKIT,S+X2_M1_r0,banana,108,0.000000
FKIT,S+X2_M1_r0,banana,109,0.000000
FKIT,S+X2_M1_r0,banana,110,0.000000
FKIT,S+X2_M1_r0,banana,111,0.000000
FKIT,S+X2_M1_r0,banana,112,0.000000
FKIT,S+X2_M1_r0,banana,113,0.000000
FKIT,S+X2_M1_r0,banana,114,0.000000
FKIT,S+X2_M1_r0,banana,115,0.000000
FKIT,S+X2_M1_r0,banana,116,0.000000
FKIT,S+X2_M1_r0,banana,117,0.000000
FKIT,S+X2_M1_r0,banana,118,0.000000
FKIT,S+X2_M1_r0,banana,119,0.000000
FKIT,S+X2_M1_r0,banana,120,0.000000
FKIT,S+X2_M1_r0,banana,121,0.000000
FKIT,S+X2_M1_r0,banana,122,0.000000
FKIT,S+X2_M1_r0,banana,123,0.000000
FKIT,S+X2_M1_r0,banana,124,0.000000
FKIT,S+X2_M1_r0,banana,125,0.000000
FKIT,S+X2_M1_r0,banana,126,0.000000
FKIT,S+X2_M1_r0,banana,127,0.000000
FKIT,S+X2_M1_r0,banana,128,0.000000
FKIT,S+X2_M1_r0,banana,129,0.000000
FKIT,S+X2_M1_r0,banana,130,0.000000
FKIT,S+X2_M1_r0,banana,131,0.000000
FKIT,S+X2_M1_r0,banana,132,0.000000
FKIT,S+X2_M1_r0,banana,133,0.000000
FKIT,S+X2_M1_r0,banana,134,0.000000
FKIT,S+X2_M1_r0,banana,135,0.000000
FKIT,S+X2_M1_r0,banana,136,0.000000
FKIT,S+X2_M1_r0,banana,137,0.000000
FKIT,S+X2_M1_r0,banana,138,0.000000
FKIT,S+X2_M1_r0,banana,139,0.000000
FKIT,S+X2_M1_r0,banana,140,0.000000
FKIT,S+X2_M1_r0,banana,141,0.000000
FKIT,S+X2_M1_r0,banana,142,0.000000
FKIT,S+X2_M1_r0,banana,143,0.000000
FKIT,S+X2_M1_r0,banana,144,0.000000
FKIT,S+X2_M1_r0,banana,145,0.000000
FKIT,S+X2_M1_r0,banana,146,0.000000
FKIT,S+X2_M1_r0,banana,147,0.000000
FKIT,S+X2_M1_r0,banana,148,0.000000
FKIT,S+X2_M1_r0,banana,149,0.000000
FKIT,S+X2_M1_r0,banana,150,0.000000
FKIT,S+X2_M1_r0,banana,151,0.000000
FKIT,S+X2_M1_r0,banana,152,0.000000
FKIT,S+X2_M1_r0,banana,153,0.000000
FKIT,S+X2_M1_r0,banana,154,0.000000
FKIT,S+X2_M1_r0,banana,155,0.000000
FKIT,S+X2_M1_r0,banana,156,0.000000
FKIT,S+X2_M1_r0,banana,157,0.000000
FKIT,S+X2_M1_r0,banana,158,0.000000
FKIT,S+X2_M1_r0,banana,159,0.000000
FKIT,S+X2_M1_r0,banana,160,0.000000
FKIT,S+X2_M1_r0,banana,161,0.000000
FKIT,S+X2_M1_r0,banana,162,0.000000
FKIT,S+X2_M1_r0,banana,163,0.000000
FKIT,S+X2_M1_r0,banana,164,0.000000
FKIT,S+X2_M1_r0,banana,165,0.000000
FKIT,S+X2_M1_r0,banana,166,0.000000
FKIT,S+X2_M1_r0,banana,167,0.000000
FKIT,S+X2_M1_r0,banana,168,0.000000
FKIT,S+X2_M1_r0,banana,169,0.000000
FKIT,S+X2_M1_r0,banana,170,0.000000
FKIT,S+X2_M1_r0,banana,171,0.000000
FKIT,S+X2_M1_r0,banana,172,0.000000
FKIT,S+X2_M1_r0,banana,173,0.000000
FKIT,S+X2_M1_r0,banana,174,0.000000
FKIT,S+X2_M1_r0,banana,175,0.000000
FKIT,S+X2_M1_r0,banana,176,0.000000
FKIT,S+X2_M1_r0,banana,177,0.000000
FKIT,S+X2_M1_r0,banana,178,0.000000
FKIT,S+X2_M1_r0,banana,179,0.000000
FKIT,S+X2_M1_r0,banana,180,0.000000
FKIT,S+X2_M1_r0,banana,181,0.000000
FKIT,S+X2_M1_r0,banana,182,0.000000
FKIT,S+X2_M1_r0,banana,183,0.000000
FKIT,S+X2_M1_r0,banana,184,0.000000
FKIT,S+X2_M1_r0,banana,185,0.000000
FKIT,S+X2_M1_r0,banana,186,0.000000
FKIT,S+X2_M1_r0,banana,187,0.000000
FKIT,S+X2_M1_r0,banana,188,0.000000
FKIT,S+X2_M1_r0,banana,189,0.000000
FKIT,S+X2_M1_r0,banana,190,0.000000
FKIT,S+X2_M1_r0,banana,191,0.000000
FKIT,S+X2_M1_r0,banana,192,0.000000
FKIT,S+X2_M1_r0,banana,193,0.000000
FKIT,S+X2_M1_r0,banana,194,0.000000
FKIT,S+X2_M1_r0,banana,195,0.000000
FKIT,S+X2_M1_r0,banana,196,0.000000
FKIT,S+X2_M1_r0,banana,197,0.000000
FKIT,S+X2_M1_r0,banana,198,0.000000
FKIT,S+X2_M1_r0,banana,199,0.000000
FKIT,S+X2_M1_r0,banana,200,0.000000
FKIT,S+X2_M1_r0,banana,201,0.000000
FKIT,S+X2_M1_r0,banana,202,0.000000
FKIT,S+X2_M1_r0,banana,203,0.000000
FKIT,S+X2_M1_r0,banana,204,0.000000
FKIT,S+X2_M1_r0,banana,205,0.000000
FKIT,S+X2_M1_r0,banana,206,0.000000
FKIT,S+X2_M1_r0,banana,207,0.000000
FKIT,S+X2_M1_r0,banana,208,0.000000
FKIT,S+X2_M1_r0,banana,209,0.000000
FKIT,S+X2_M1_r0,banana,210,0.000000
FKIT,S+X2_M1_r0,banana,211,0.000000
FKIT,S+X2_M1_r0,banana,212,0.000000
FKIT,S+X2_M1_r0,banana,213,0.000000
FKIT,S+X2_M1_r0,banana,214,0.000000
FKIT,S+X2_M1_r0,banana,215,0.000000
FKIT,S+X2_M1_r0,banana,216,0.000000
FKIT,S+X2_M1_r0,banana,217,0.000000
FKIT,S+X2_M1_r0,banana,218,0.000000
FKIT,S+X2_M1_r0,banana,219,0.000000
FKIT,S+X2_M1_r0,banana,220,0.000000
FKIT,S+X2_M1_r0,banana,221,0.000000
FKIT,S+X2_M1_r0,banana,222,0.000000
FKIT,S+X2_M1_r0,banana,223,0.000000
FKIT,S+X2_M1_r0,banana,224,0.000000
FKIT,S+X2_M1_r0,banana,225,0.000000
FKIT,S+X2_M1_r0,banana,226,0.000000
FKIT,S+X2_M1_r0,banana,227,0.000000
FKIT,S+X2_M1_r0,banana,228,0.000000
FKIT,S+X2_M1_r0,banana,229,0.000000
FKIT,S+X2_M1_r0,banana,230,0.000000
FKIT,S+X2_M1_r0,banana,231,0.000000
FKIT,S+X2_M1_r0,banana,232,0.000000
FKIT,S+X2_M1_r0,banana,233,0.000000
FKIT,S+X2_M1_r0,banana,234,0.000000
FKIT,S+X2_M1_r0,banana,235,0.000000
FKIT,S+X2_M1_r0,banana,236,0.000000
FKIT,S+X2_M1_r0,banana,237,0.000000
FKIT,S+X2_M1_r0,banana,238,0.000000
FKIT,S+X2_M1_r0,banana,239,0.000000
FKIT,S+X2_M1_r0,banana,240,0.000000
FKIT,S+X2_M1_r0,banana,241,0.000000
FKIT,S+X2_M1_r0,banana,242,0.000000
FKIT,S+X2_M1_r0,banana,243,0.000000
FKIT,S+X2_M1_r0,banana,244,0.000000
FKIT,S+X2_M1_r0,banana,245,0.000000
FKIT,S+X2_M1_r0,banana,246,0.000000
FKIT,S+X2_M1_r0,banana,247,0.000000
FKIT,S+X2_M1_r0,banana,248,0.000000
FKIT,S+X2_M1_r0,banana,249,0.000000
FKIT,S+X2_M1_r0,banana,250,0.000000
FKIT,S+X2_M1_r0,banana,251,0.000000
FKIT,S+X2_M1_r0,banana,252,0.000000
FKIT,S+X2_M1_r0,banana,253,0.000000
FKIT,S+X2_M1_r0,banana,254,0.000000
FKIT,S+X2_M1_r0,banana,255,0.000000
FKIT,S+X2_M1_r0,banana,256,0.000000
FKIT,S+X2_M1_r0,banana,257,0.000000
FKIT,S+X2_M1_r0,banana,258,0.000000
FKIT,S+X2_M1_r0,banana,259,0.000000
FKIT,S+X2_M1_r0,banana,260,0.000000
FKIT,S+X2_M1_r0,banana,261,0.000000
FKIT,S+X2_M1_r0,banana,262,0.000000
FKIT,S+X2_M1_r0,banana,263,0.000000
FKIT,S+X2_M1_r0,banana,264,0.000000
FKIT,S+X2_M1_r0,banana,265,0.000000
FKIT,S+X2_M1_r0,banana,266,0.000000
FKIT,S+X2_M1_r0,banana,267,0.000000
FKIT,S+X2_M1_r0,banana,268,0.000000
FKIT,S+X2_M1_r0,banana,269,0.000000
FKIT,S+X2_M1_r0,banana,270,0.000000
FKIT,S+X2_M1_r0,banana,271,0.000000
FKIT,S+X2_M1_r0,banana,272,0.000000
FKIT,S+X2_M1_r0,banana,273,0.000000
FKIT,S+X2_M1_r0,banana,274,0.000000
FKIT,S+X2_M1_r0,banana,275,0.000000
FKIT,S+X2_M1_r0,banana,276,0.000000
FKIT,S+X2_M1_r0,banana,277,0.000000
FKIT,S+X2_M1_r0,banana,278,0.000000
FKIT,S+X2_M1_r0,banana,279,0.000000
FKIT,S+X2_M1_r0,banana,280,0.000000
FKIT,S+X2_M1_r0,banana,281,0.000000
FKIT,S+X2_M1_r0,banana,282,0.000000
FKIT,S+X2_M1_r0,banana,283,0.000000
FKIT,S+X2_M1_r0,banana,284,0.000000
FKIT,S+X2_M1_r0,banana,285,0.000000
FKIT,S+X2_M1_r0,banana,286,0.000000
FKIT,S+X2_M1_r0,banana,287,0.000000
FKIT,S+X2_M1_r0,banana,288,0.000000
FKIT,S+X2_M1_r0,banana,289,0.000000
FKIT,S+X2_M1_r0,banana,290,0.000000
FKIT,S+X2_M1_r0,banana,291,0.000000
FKIT,S+X2_M1_r0,banana,292,0.000000
FKIT,S+X2_M1_r0,banana,293,0.000000
FKIT,S+X2_M1_r0,banana,294,0.000000
FKIT,S+X2_M1_r0,banana,295,0.000000
FKIT,S+X2_M1_r0,banana,296,0.000000
FKIT,S+X2_M1_r0,banana,297,0.000000
FKIT,S+X2_M1_r0,banana,298,0.000000
FKIT,S+X2_M1_r0,banana,299,0.000000
FKIT,S+X2_M1_r0,banana,300,0.000000
FKIT,S+X2_M1_r0,banana,301,0.000000
FKIT,S+X2_M1_r0,banana,302,0.000000
FKIT,S+X2_M1_r0,banana,303,0.000000
FKIT,S+X2_M1_r0,banana,304,0.000000
FKIT,S+X2_M1_r0,banana,305,0.000000
FKIT,S+X2_M1_r0,banana,306,0.000000
FKIT,S+X2_M1_r0,banana,307,0.000000
FKIT,S+X2_M1_r0,banana,308,0.000000
FKIT,S+X2_M1_r0,banana,309,0.000000
FKIT,S+X2_M1_r0,banana,310,0.000000
FKIT,S+X2_M1_r0,banana,311,0.000000
FKIT,S+X2_M1_r0,banana,312,0.000000
FKIT,S+X2_M1_r0,banana,313,0.000000
FKIT,S+X2_M1_r0,banana,314,0.000000
FKIT,S+X2_M1_r0,banana,315,0.000000
FKIT,S+X2_M1_r0,banana,316,0.000000
FKIT,S+X2_M1_r0,banana,317,0.000000
FKIT,S+X2_M1_r0,banana,318,0.000000
FKIT,S+X2_M1_r0,banana,319,0.000000
FKIT,S+X2_M1_r0,banana,320,0.000000
FKIT,S+X2_M1_r0,banana,321,0.000000
FKIT,S+X2_M1_r0,banana,322,0.000000
FKIT,S+X2_M1_r0,banana,323,0.000000
FKIT,S+X2_M1_r0,banana,324,0.000000
FKIT,S+X2_M1_r0,banana,325,0.000000
FKIT,S+X2_M1_r0,banana,326,0.000000
FKIT,S+X2_M1_r0,banana,327,0.000000
FKIT,S+X2_M1_r0,banana,328,0.000000
FKIT,S+X2_M1_r0,banana,329,0.000000
FKIT,S+X2_M1_r0,banana,330,0.000000
FKIT,S+X2_M1_r0,banana,331,0.000000
FKIT,S+X2_M1_r0,banana,332,0.000000
FKIT,S+X2_M1_r0,banana,333,0.000000
FKIT,S+X2_M1_r0,banana,334,0.000000
FKIT,S+X2_M1_r0,banana,335,0.000000
FKIT,S+X2_M1_r0,banana,336,0.000000
FKIT,S+X2_M1_r0,banana,337,0.000000
FKIT,S+X2_M1_r0,banana,338,0.000000
FKIT,S+X2_M1_r0,banana,339,0.000000
FKIT,S+X2_M1_r0,banana,340,0.000000
FKIT,S+X2_M1_r0,banana,341,0.000000
FKIT,S+X2_M1_r0,banana,342,0.000000
FKIT,S+X2_M1_r0,banana,343,0.000000
FKIT,S+X2_M1_r0,banana,344,0.000000
FKIT,S+X2_M1_r0,banana,345,0.000000
FKIT,S+X2_M1_r0,banana,346,0.000000
FKIT,S+X2_M1_r0,banana,347,0.000000
FKIT,S+X2_M1_r0,banana,348,0.000000
FKIT,S+X2_M1_r0,banana,349,0.000000
FKIT,S+X2_M1_r0,banana,350,0.000000
FKIT,S+X2_M1_r0,banana,351,0.000000
FKIT,S+X2_M1_r0,banana,352,0.000000
FKIT,S+X2_M1_r0,banana,353,0.000000
FKIT,S+X2_M1_r0,banana,354,0.000000
FKIT,S+X2_M1_r0,banana,355,0.000000
FKIT,S+X2_M1_r0,banana,356,0.000000
FKIT,S+X2_M1_r0,banana,357,0.000000
FKIT,S+X2_M1_r0,banana,358,0.000000
FKIT,S+X2_M1_r0,banana,359,0.000000
FKIT,S+X2_M1_r0,banana,360,0.000000
FKIT,S+X2_M1_r0,banana,361,0.000000
FKIT,S+X2_M1_r0,banana,362,0.000000
FKIT,S+X2_M1_r0,banana,363,0.000000
FKIT,S+X2_M1_r0,banana,364,0.000000
FKIT,S+X2_M1_r0,banana,365,0.000000
FKIT,S+X2_M1_r0,banana,366,0.000000
FKIT,S+X2_M1_r0,banana,367,0.000000
FKIT,S+X2_M1_r0,banana,368,0.000000
FKIT,S+X2_M1_r0,banana,369,0.000000
FKIT,S+X2_M1_r0,banana,370,0.000000
FKIT,S+X2_M1_r0,banana,371,0.000000
FKIT,S+X2_M1_r0,banana,372,0.000000
FKIT,S+X2_M1_r0,banana,373,0.000000
FKIT,S+X2_M1_r0,banana,374,0.000000
FKIT,S+X2_M1_r0,banana,375,0.000000
FKIT,S+X2_M1_r0,banana,376,0.000000
FKIT,S+X2_M1_r0,banana,377,0.000000
FKIT,S+X2_M1_r0,banana,378,0.000000
FKIT,S+X2_M1_r0,banana,379,0.000000
FKIT,S+X2_M1_r0,banana,380,0.000000
FKIT,S+X2_M1_r0,banana,381,0.000000
FKIT,S+X2_M1_r0,banana,382,0.000000
FKIT,S+X2_M1_r0,banana,383,0.000000
FKIT,S+X2_M1_r0,banana,384,0.000000
FKIT,S+X2_M1_r0,banana,385,0.000000
FKIT,S+X2_M1_r0,banana,386,0.000000
FKIT,S+X2_M1_r0,banana,387,0.000000
FKIT,S+X2_M1_r0,banana,388,0.000000
FKIT,S+X2_M1_r0,banana,389,0.000000
FKIT,S+X2_M1_r0,banana,390,0.000000
FKIT,S+X2_M1_r0,banana,391,0.000000
FKIT,S+X2_M1_r0,banana,392,0.000000
FKIT,S+X2_M1_r0,banana,393,0.000000
FKIT,S+X2_M1_r0,banana,394,0.000000
FKIT,S+X2_M1_r0,banana,395,0.000000
FKIT,S+X2_M1_r0,banana,396,0.000000
FKIT,S+X2_M1_r0,banana,397,0.000000
FKIT,S+X2_M1_r0,banana,398,0.000000
FKIT,S+X2_M1_r0,banana,399,0.000000
FKIT,S+X2_M1_r0,banana,400,0.000000
FKIT,S+X2_M1_r0,banana,401,0.000000
FKIT,S+X2_M1_r0,banana,402,0.000000
FKIT,S+X2_M1_r0,banana,403,0.000000
FKIT,S+X2_M1_r0,banana,404,0.000000
FKIT,S+X2_M1_r0,banana,405,0.000000
FKIT,S+X2_M1_r0,banana,406,0.000000
FKIT,S+X2_M1_r0,banana,407,0.000000
FKIT,S+X2_M1_r0,banana,408,0.000000
FKIT,S+X2_M1_r0,banana,409,0.000000
FKIT,S+X2_M1_r0,banana,410,0.000000
FKIT,S+X2_M1_r0,banana,411,0.000000
FKIT,S+X2_M1_r0,banana,412,0.000000
FKIT,S+X2_M1_r0,banana,413,0.000000
FKIT,S+X2_M1_r0,banana,414,0.000000
FKIT,S+X2_M1_r0,banana,415,0.000000
FKIT,S+X2_M1_r0,banana,416,0.000000
FKIT,S+X2_M1_r0,banana,417,0.000000
FKIT,S+X2_M1_r0,banana,418,0.000000
FKIT,S+X2_M1_r0,banana,419,0.000000
FKIT,S+X2_M1_r0,banana,420,0.000000
FKIT,S+X2_M1_r0,banana,421,0.000000
FKIT,S+X2_M1_r0,banana,422,0.000000
FKIT,S+X2_M1_r0,banana,423,0.000000
FKIT,S+X2_M1_r0,banana,424,0.000000
FKIT,S+X2_M1_r0,banana,425,0.000000
FKIT,S+X2_M1_r0,banana,426,0.000000
FKIT,S+X2_M1_r0,banana,427,0.000000
FKIT,S+X2_M1_r0,banana,428,0.000000
FKIT,S+X2_M1_r0,banana,429,0.000000
FKIT,S+X2_M1_r0,banana,430,0.000000
FKIT,S+X2_M1_r0,banana,431,0.000000
FKIT,S+X2_M1_r0,banana,432,0.000000
FKIT,S+X2_M1_r0,banana,433,0.000000
FKIT,S+X2_M1_r0,banana,434,0.000000
FKIT,S+X2_M1_r0,banana,435,0.000000
FKIT,S+X2_M1_r0,banana,436,0.000000
FKIT,S+X2_M1_r0,banana,437,0.000000
FKIT,S+X2_M1_r0,banana,438,0.000000
FKIT,S+X2_M1_r0,banana,439,0.000000
FKIT,S+X2_M1_r0,banana,440,0.000000
FKIT,S+X2_M1_r0,banana,441,0.000000
FKIT,S+X2_M1_r0,banana,442,0.000000
FKIT,S+X2_M1_r0,banana,443,0.000000
FKIT,S+X2_M1_r0,banana,444,0.000000
FKIT,S+X2_M1_r0,banana,445,0.000000
FKIT,S+X2_M1_r0,banana,446,0.000000
FKIT,S+X2_M1_r0,banana,447,0.000000
FKIT,S+X2_M1_r0,banana,448,0.000000
FKIT,S+X2_M1_r0,banana,449,0.000000
FKIT,S+X2_M1_r0,banana,450,0.000000
FKIT,S+X2_M1_r0,banana,451,0.000000
FKIT,S+X2_M1_r0,banana,452,0.000000
FKIT,S+X2_M1_r0,banana,453,0.000000
FKIT,S+X2_M1_r0,banana,454,0.000000
FKIT,S+X2_M1_r0,banana,455,0.000000
FKIT,S+X2_M1_r0,banana,456,0.000000
FKIT,S+X2_M1_r0,banana,457,0.000000
FKIT,S+X2_M1_r0,banana,458,0.000000
FKIT,S+X2_M1_r0,banana,459,0.000000
FKIT,S+X2_M1_r0,banana,460,0.000000
FKIT,S+X2_M1_r0,banana,461,0.000000
FKIT,S+X2_M1_r0,banana,462,0.000000
FKIT,S+X2_M1_r0,banana,463,0.000000
FKIT,S+X2_M1_r0,banana,464,0.000000
FKIT,S+X2_M1_r0,banana,465,0.000000
FKIT,S+X2_M1_r0,banana,466,0.000000
FKIT,S+X2_M1_r0,banana,467,0.000000
FKIT,S+X2_M1_r0,banana,468,0.000000
FKIT,S+X2_M1_r0,banana,469,0.000000
FKIT,S+X2_M1_r0,banana,470,0.000000
FKIT,S+X2_M1_r0,banana,471,0.000000
FKIT,S+X2_M1_r0,banana,472,0.000000
FKIT,S+X2_M1_r0,banana,473,0.000000
FKIT,S+X2_M1_r0,banana,474,0.000000
FKIT,S+X2_M1_r0,banana,475,0.000000
FKIT,S+X2_M1_r0,banana,476,0.000000
FKIT,S+X2_M1_r0,banana,477,0.000000
FKIT,S+X2_M1_r0,banana,478,0.000000
FKIT,S+X2_M1_r0,banana,479,0.000000
FKIT,S+X2_M1_r0,banana,480,0.000000
FKIT,S+X2_M1_r0,banana,481,0.000000
FKIT,S+X2_M1_r0,banana,482,0.000000
FKIT,S+X2_M1_r0,banana,483,0.000000
FKIT,S+X2_M1_r0,banana,484,0.000000
FKIT,S+X2_M1_r0,banana,485,0.000000
FKIT,S+X2_M1_r0,banana,486,0.000000
FKIT,S+X2_M1_r0,banana,487,0.000000
FKIT,S+X2_M1_r0,banana,488,0.000000
FKIT,S+X2_M1_r0,banana,489,0.000000
FKIT,S+X2_M1_r0,banana,490,0.000000
FKIT,S+X2_M1_r0,banana,491,0.000000
FKIT,S+X2_M1_r0,banana,492,0.000000
FKIT,S+X2_M1_r0,banana,493,0.000000
FKIT,S+X2_M1_r0,banana,494,0.000000
FKIT,S+X2_M1_r0,banana,495,0.000000
FKIT,S+X2_M1_r0,banana,496,0.000000
FKIT,S+X2_M1_r0,banana,497,0.000000
FKIT,S+X2_M1_r0,banana,498,0.000000
FKIT,S+X2_M1_r0,banana,499,0.000000
FKIT,S+X2_M1_r0,banana,500,0.000000
FKIT,S+X2_M1_r0,banana,501,0.000000
FKIT,S+X2_M1_r0,banana,502,0.000000
FKIT,S+X2_M1_r0,banana,503,0.000000
FKIT,S+X2_M1_r0,banana,504,0.000000
FKIT,S+X2_M1_r0,banana,505,0.000000
FKIT,S+X2_M1_r0,banana,506,0.000000
FKIT,S+X2_M1_r0,banana,507,0.000000
FKIT,S+X2_M1_r0,banana,508,0.000000
FKIT,S+X2_M1_r0,banana,509,0.000000
FKIT,S+X2_M1_r0,banana,510,0.000000
FKIT,S+X2_M1_r0,banana,511,0.000000
FKIT,S+X2_M1_r0,banana,512,0.000000
FKIT,S+X2_M1_r0,banana,513,0.000000
FKIT,S+X2_M1_r0,banana,514,0.000000
FKIT,S+X2_M1_r0,banana,515,0.000000
FKIT,S+X2_M1_r0,banana,516,0.000000
FKIT,S+X2_M1_r0,banana,517,0.000000
FKIT,S+X2_M1_r0,banana,518,0.000000
FKIT,S+X2_M1_r0,banana,519,0.000000
FKIT,S+X2_M1_r0,banana,520,0.000000
FKIT,S+X2_M1_r0,banana,521,0.000000
FKIT,S+X2_M1_r0,banana,522,0.000000
FKIT,S+X2_M1_r0,banana,523,0.000000
FKIT,S+X2_M1_r0,banana,524,0.000000
FKIT,S+X2_M1_r0,banana,525,0.000000
FKIT,S+X2_M1_r0,banana,526,0.000000
FKIT,S+X2_M1_r0,banana,527,0.000000
FKIT,S+X2_M1_r0,banana,528,0.000000
FKIT,S+X2_M1_r0,banana,529,0.000000
FKIT,S+X2_M1_r0,banana,530,0.000000
FKIT,S+X2_M1_r0,banana,531,0.000000
FKIT,S+X2_M1_r0,banana,532,0.000000
FKIT,S+X2_M1_r0,banana,533,0.000000
FKIT,S+X2_M1_r0,banana,534,0.000000
FKIT,S+X2_M1_r0,banana,535,0.000000
FKIT,S+X2_M1_r0,banana,536,0.000000
FKIT,S+X2_M1_r0,banana,537,0.000000
FKIT,S+X2_M1_r0,banana,538,0.000000
FKIT,S+X2_M1_r0,banana,539,0.000000
FKIT,S+X2_M1_r0,banana,540,0.000000
FKIT,S+X2_M1_r0,banana,541,0.000000
FKIT,S+X2_M1_r0,banana,542,0.000000
FKIT,S+X2_M1_r0,banana,543,0.000000
FKIT,S+X2_M1_r0,banana,544,0.000000
FKIT,S+X2_M1_r0,banana,545,0.000000
FKIT,S+X2_M1_r0,banana,546,0.000000
FKIT,S+X2_M1_r0,banana,547,0.000000
FKIT,S+X2_M1_r0,banana,548,0.000000
FKIT,S+X2_M1_r0,banana,549,0.000000
FKIT,S+X2_M1_r0,banana,550,0.000000
FKIT,S+X2_M1_r0,banana,551,0.000000
FKIT,S+X2_M1_r0,banana,552,0.000000
FKIT,S+X2_M1_r0,banana,553,0.000000
FKIT,S+X2_M1_r0,banana,554,0.000000
FKIT,S+X2_M1_r0,banana,555,0.000000
FKIT,S+X2_M1_r0,banana,556,0.000000
FKIT,S+X2_M1_r0,banana,557,0.000000
FKIT,S+X2_M1_r0,banana,558,0.000000
FKIT,S+X2_M1_r0,banana,559,0.000000
FKIT,S+X2_M1_r0,banana,560,0.000000
FKIT,S+X2_M1_r0,banana,561,0.000000
FKIT,S+X2_M1_r0,banana,562,0.000000
FKIT,S+X2_M1_r0,banana,563,0.000000
FKIT,S+X2_M1_r0,banana,564,0.000000
FKIT,S+X2_M1_r0,banana,565,0.000000
FKIT,S+X2_M1_r0,banana,566,0.000000
FKIT,S+X2_M1_r0,banana,567,0.000000
FKIT,S+X2_M1_r0,banana,568,0.000000
FKIT,S+X2_M1_r0,banana,569,0.000000
FKIT,S+X2_M1_r0,banana,570,0.000000
FKIT,S+X2_M1_r0,banana,571,0.000000
FKIT,S+X2_M1_r0,banana,572,0.000000
FKIT,S+X2_M1_r0,banana,573,0.000000
FKIT,S+X2_M1_r0,banana,574,0.000000
FKIT,S+X2_M1_r0,banana,575,0.000000
FKIT,S+X2_M1_r0,banana,576,0.000000
FKIT,S+X2_M1_r0,banana,577,0.000000
FKIT,S+X2_M1_r0,banana,578,0.000000
FKIT,S+X2_M1_r0,banana,579,0.000000
FKIT,S+X2_M1_r0,banana,580,0.000000
FKIT,S+X2_M1_r0,banana,581,0.000000
FKIT,S+X2_M1_r0,banana,582,0.000000
FKIT,S+X2_M1_r0,banana,583,0.000000
FKIT,S+X2_M1_r0,banana,584,0.000000
FKIT,S+X2_M1_r0,banana,585,0.000000
FKIT,S+X2_M1_r0,banana,586,0.000000
FKIT,S+X2_M1_r0,banana,587,0.000000
FKIT,S+X2_M1_r0,banana,588,0.000000
FKIT,S+X2_M1_r0,banana,589,0.000000
FKIT,S+X2_M1_r0,banana,590,0.000000
FKIT,S+X2_M1_r0,banana,591,0.000000
FKIT,S+X2_M1_r0,banana,592,0.000000
FKIT,S+X2_M1_r0,banana,593,0.000000
FKIT,S+X2_M1_r0,banana,594,0.000000
FKIT,S+X2_M1_r0,banana,595,0.000000
FKIT,S+X2_M1_r0,banana,596,0.000000
FKIT,S+X2_M1_r0,banana,597,0.000000
FKIT,S+X2_M1_r0,banana,598,0.000000
FKIT,S+X2_M1_r0,banana,599,0.000000
FKIT,S+X2_M1_r0,banana,600,0.000000
FKIT,S+X2_M1_r0,banana,601,0.000000
FKIT,S+X2_M1_r0,banana,602,0.000000
FKIT,S+X2_M1_r0,banana,603,0.000000
FKIT,S+X2_M1_r0,banana,604,0.000000
FKIT,S+X2_M1_r0,banana,605,0.000000
FKIT,S+X2_M1_r0,banana,606,0.000000
FKIT,S+X2_M1_r0,banana,607,0.000000
FKIT,S+X2_M1_r0,banana,608,0.000000
FKIT,S+X2_M1_r0,banana,609,0.000000
FKIT,S+X2_M1_r0,banana,610,0.000000
FKIT,S+X2_M1_r0,banana,611,0.000000
FKIT,S+X2_M1_r0,banana,612,0.000000
FKIT,S+X2_M1_r0,banana,613,0.000000
FKIT,S+X2_M1_r0,banana,614,0.000000
FKIT,S+X2_M1_r0,banana,615,0.000000
FKIT,S+X2_M1_r0,banana,616,0.000000
FKIT,S+X2_M1_r0,banana,617,0.000000
FKIT,S+X2_M1_r0,banana,618,0.000000
FKIT,S+X2_M1_r0,banana,619,0.000000
FKIT,S+X2_M1_r0,banana,620,0.000000
FKIT,S+X2_M1_r0,banana,621,0.000000
FKIT,S+X2_M1_r0,banana,622,0.000000
FKIT,S+X2_M1_r0,banana,623,0.000000
FKIT,S+X2_M1_r0,banana,624,0.000000
FKIT,S+X2_M1_r0,banana,625,0.000000
FKIT,S+X2_M1_r0,banana,626,0.000000
FKIT,S+X2_M1_r0,banana,627,0.000000
FKIT,S+X2_M1_r0,banana,628,0.000000
FKIT,S+X2_M1_r0,banana,629,0.000000
FKIT,S+X2_M1_r0,banana,630,0.000000
FKIT,S+X2_M1_r0,banana,631,0.000000
FKIT,S+X2_M1_r0,banana,632,0.000000
FKIT,S+X2_M1_r0,banana,633,0.000000
FKIT,S+X2_M1_r0,banana,634,0.000000
FKIT,S+X2_M1_r0,banana,635,0.000000
FKIT,S+X2_M1_r0,banana,636,0.000000
FKIT,S+X2_M1_r0,banana,637,0.000000
FKIT,S+X2_M1_r0,banana,638,0.000000
FKIT,S+X2_M1_r0,banana,639,0.000000
FKIT,S+X2_M1_r0,banana,640,0.000000
FKIT,S+X2_M1_r0,banana,641,0.000000
FKIT,S+X2_M1_r0,banana,642,0.000000
FKIT,S+X2_M1_r0,banana,643,0.000000
FKIT,S+X2_M1_r0,banana,644,0.000000
FKIT,S+X2_M1_r0,banana,645,0.000000
FKIT,S+X2_M1_r0,banana,646,0.000000
FKIT,S+X2_M1_r0,banana,647,0.000000
FKIT,S+X2_M1_r0,banana,648,0.000000
FKIT,S+X2_M1_r0,banana,649,0.000000
FKIT,S+X2_M1_r0,banana,650,0.000000
FKIT,S+X2_M1_r0,banana,651,0.000000
FKIT,S+X2_M1_r0,banana,652,0.000000
FKIT,S+X2_M1_r0,banana,653,0.000000
FKIT,S+X2_M1_r0,banana,654,0.000000
FKIT,S+X2_M1_r0,banana,655,0.000000
FKIT,S+X2_M1_r0,banana,656,0.000000
FKIT,S+X2_M1_r0,banana,657,0.000000
FKIT,S+X2_M1_r0,banana,658,0.000000
FKIT,S+X2_M1_r0,banana,659,0.000000
FKIT,S+X2_M1_r0,banana,660,0.000000
FKIT,S+X2_M1_r0,banana,661,0.000000
FKIT,S+X2_M1_r0,banana,662,0.000000
FKIT,S+X2_M1_r0,banana,663,0.000000
FKIT,S+X2_M1_r0,banana,664,0.000000
FKIT,S+X2_M1_r0,banana,665,0.000000
FKIT,S+X2_M1_r0,banana,666,0.000000
FKIT,S+X2_M1_r0,banana,667,0.000000
FKIT,S+X2_M1_r0,banana,668,0.000000
FKIT,S+X2_M1_r0,banana,669,0.000000
FKIT,S+X2_M1_r0,banana,670,0.000000
FKIT,S+X2_M1_r0,banana,671,0.000000
FKIT,S+X2_M1_r0,banana,672,0.000000
FKIT,S+X2_M1_r0,banana,673,0.000000
FKIT,S+X2_M1_r0,banana,674,0.000000
FKIT,S+X2_M1_r0,banana,675,0.000000
FKIT,S+X2_M1_r0,banana,676,0.000000
FKIT,S+X2_M1_r0,banana,677,0.000000
FKIT,S+X2_M1_r0,banana,678,0.000000
FKIT,S+X2_M1_r0,banana,679,0.000000
FKIT,S+X2_M1_r0,banana,680,0.000000
FKIT,S+X2_M1_r0,banana,681,0.000000
FKIT,S+X2_M1_r0,banana,682,0.000000
FKIT,S+X2_M1_r0,banana,683,0.000000
FKIT,S+X2_M1_r0,banana,684,0.000000
FKIT,S+X2_M1_r0,banana,685,0.000000
FKIT,S+X2_M1_r0,banana,686,0.000000
FKIT,S+X2_M1_r0,banana,687,0.000000
FKIT,S+X2_M1_r0,banana,688,0.008682
FKIT,S+X2_M1_r0,banana,689,0.000000
FKIT,S+X2_M1_r0,banana,690,0.000000
FKIT,S+X2_M1_r0,banana,691,0.000000
FKIT,S+X2_M1_r0,banana,692,0.000000
FKIT,S+X2_M1_r0,banana,693,0.000000
FKIT,S+X2_M1_r0,banana,694,0.000000
FKIT,S+X2_M1_r0,banana,695,0.000000
FKIT,S+X2_M1_r0,banana,696,0.000000
FKIT,S+X2_M1_r0,banana,697,0.000000
FKIT,S+X2_M1_r0,banana,698,0.000000
FKIT,S+X2_M1_r0,banana,699,0.000000
FKIT,S+X2_M1_r0,banana,700,0.000000
FKIT,S+X2_M1_r0,banana,701,0.000000
FKIT,S+X2_M1_r0,banana,702,0.000000
FKIT,S+X2_M1_r0,banana,703,0.000000
FKIT,S+X2_M1_r0,banana,704,0.000000
FKIT,S+X2_M1_r0,banana,705,0.000000
FKIT,S+X2_M1_r0,banana,706,0.000000
FKIT,S+X2_M1_r0,banana,707,0.000000
FKIT,S+X2_M1_r0,banana,708,0.000000
FKIT,S+X2_M1_r0,banana,709,0.000000
FKIT,S+X2_M1_r0,banana,710,0.000000
FKIT,S+X2_M1_r0,banana,711,0.000000
FKIT,S+X2_M1_r0,banana,712,0.000000
FKIT,S+X2_M1_r0,banana,713,0.000000
FKIT,S+X2_M1_r0,banana,714,0.000000
FKIT,S+X2_M1_r0,banana,715,0.000000
FKIT,S+X2_M1_r0,banana,716,0.000000
FKIT,S+X2_M1_r0,banana,717,0.000000
FKIT,S+X2_M1_r0,banana,718,0.000000
FKIT,S+X2_M1_r0,banana,719,0.000000
FKIT,S+X2_M1_r0,banana,720,0.000000
FKIT,S+X2_M1_r0,banana,721,0.000000
FKIT,S+X2_M1_r0,banana,722,0.000000
FKIT,S+X2_M1_r0,banana,723,0.000000
FKIT,S+X2_M1_r0,banana,724,0.000000
FKIT,S+X2_M1_r0,banana,725,0.000000
FKIT,S+X2_M1_r0,banana,726,0.000000
FKIT,S+X2_M1_r0,banana,727,0.000000
FKIT,S+X2_M1_r0,banana,728,0.000000
FKIT,S+X2_M1_r0,banana,729,0.000000
FKIT,S+X2_M1_r0,banana,730,0.000000
FKIT,S+X2_M1_r0,banana,731,0.000000
FKIT,S+X2_M1_r0,banana,732,0.000000
FKIT,S+X2_M1_r0,banana,733,0.000000
FKIT,S+X2_M1_r0,banana,734,0.000000
FKIT,S+X2_M1_r0,banana,735,0.000000
FKIT,S+X2_M1_r0,banana,736,0.000000
FKIT,S+X2_M1_r0,banana,737,0.000000
FKIT,S+X2_M1_r0,banana,738,0.000000
FKIT,S+X2_M1_r0,banana,739,0.000000
FKIT,S+X2_M1_r0,banana,740,0.000000
FKIT,S+X2_M1_r0,banana,741,0.000000
FKIT,S+X2_M1_r0,banana,742,0.000000
FKIT,S+X2_M1_r0,banana,743,0.000000
FKIT,S+X2_M1_r0,banana,744,0.000000
FKIT,S+X2_M1_r0,banana,745,0.000000
FKIT,S+X2_M1_r0,banana,746,0.000000
FKIT,S+X2_M1_r0,banana,747,0.000000
FKIT,S+X2_M1_r0,banana,748,0.000000
FKIT,S+X2_M1_r0,banana,749,0.000000
FKIT,S+X2_M1_r0,banana,750,0.000000
FKIT,S+X2_M1_r0,banana,751,0.000000
FKIT,S+X2_M1_r0,banana,752,0.000000
FKIT,S+X2_M1_r0,banana,753,0.000000
FKIT,S+X2_M1_r0,banana,754,0.000000
FKIT,S+X2_M1_r0,banana,755,0.000000
FKIT,S+X2_M1_r0,banana,756,0.000000
FKIT,S+X2_M1_r0,banana,757,0.000000
FKIT,S+X2_M1_r0,banana,758,0.000000
FKIT,S+X2_M1_r0,banana,759,0.000000
FKIT,S+X2_M1_r0,banana,760,0.000000
FKIT,S+X2_M1_r0,banana,761,0.000000
FKIT,S+X2_M1_r0,banana,762,0.000000
FKIT,S+X2_M1_r0,banana,763,0.000000
FKIT,S+X2_M1_r0,banana,764,0.000000
FKIT,S+X2_M1_r0,banana,765,0.000000
FKIT,S+X2_M1_r0,banana,766,0.000000
FKIT,S+X2_M1_r0,banana,767,0.000000
FKIT,S+X2_M1_r0,banana,768,0.000000
FKIT,S+X2_M1_r0,banana,769,0.000000
FKIT,S+X2_M1_r0,banana,770,0.000000
FKIT,S+X2_M1_r0,banana,771,0.000000
FKIT,S+X2_M1_r0,banana,772,0.000000
FKIT,S+X2_M1_r0,banana,773,0.000000
FKIT,S+X2_M1_r0,banana,774,0.000000
FKIT,S+X2_M1_r0,banana,775,0.000000
FKIT,S+X2_M1_r0,banana,776,0.000000
FKIT,S+X2_M1_r0,banana,777,0.000000
FKIT,S+X2_M1_r0,banana,778,0.000000
FKIT,S+X2_M1_r0,banana,779,0.000000
FKIT,S+X2_M1_r0,banana,780,0.000000
FKIT,S+X2_M1_r0,banana,781,0.000000
FKIT,S+X2_M1_r0,banana,782,0.000000
FKIT,S+X2_M1_r0,banana,783,0.000000
FKIT,S+X2_M1_r0,banana,784,0.000000
FKIT,S+X2_M1_r0,banana,785,0.000000
FKIT,S+X2_M1_r0,banana,786,0.000000
FKIT,S+X2_M1_r0,banana,787,0.000000
FKIT,S+X2_M1_r0,banana,788,0.000000
FKIT,S+X2_M1_r0,banana,789,0.000000
FKIT,S+X2_M1_r0,banana,790,0.000000
FKIT,S+X2_M1_r0,banana,791,0.000000
FKIT,S+X2_M1_r0,banana,792,0.000000
FKIT,S+X2_M1_r0,banana,793,0.000000
FKIT,S+X2_M1_r0,banana,794,0.000000
FKIT,S+X2_M1_r0,banana,795,0.000000
FKIT,S+X2_M1_r0,banana,796,0.000000
FKIT,S+X2_M1_r0,banana,797,0.000000
FKIT,S+X2_M1_r0,banana,798,0.000000
FKIT,S+X2_M1_r0,banana,799,0.000000
FKIT,S+X2_M1_r0,banana,800,0.000000
FKIT,S+X2_M1_r0,banana,801,0.000000
FKIT,S+X2_M1_r0,banana,802,0.000000
FKIT,S+X2_M1_r0,banana,803,0.000000
FKIT,S+X2_M1_r0,banana,804,0.000000
FKIT,S+X2_M1_r0,banana,805,0.000000
FKIT,S+X2_M1_r0,banana,806,0.000000
FKIT,S+X2_M1_r0,banana,807,0.000000
FKIT,S+X2_M1_r0,banana,808,0.000000
FKIT,S+X2_M1_r0,banana,809,0.000000
FKIT,S+X2_M1_r0,banana,810,0.000000
FKIT,S+X2_M1_r0,banana,811,0.000000
FKIT,S+X2_M1_r0,banana,812,0.000000
FKIT,S+X2_M1_r0,banana,813,0.000000
FKIT,S+X2_M1_r0,banana,814,0.000000
FKIT,S+X2_M1_r0,banana,815,0.000000
FKIT,S+X2_M1_r0,banana,816,0.000000
FKIT,S+X2_M1_r0,banana,817,0.000000
FKIT,S+X2_M1_r0,banana,818,0.000000
FKIT,S+X2_M1_r0,banana,819,0.000000
FKIT,S+X2_M1_r0,banana,820,0.000000
FKIT,S+X2_M1_r0,banana,821,0.000000
FKIT,S+X2_M1_r0,banana,822,0.000000
FKIT,S+X2_M1_r0,banana,823,0.000000
FKIT,S+X2_M1_r0,banana,824,0.000000
FKIT,S+X2_M1_r0,banana,825,0.000000
FKIT,S+X2_M1_r0,banana,826,0.000000
FKIT,S+X2_M1_r0,banana,827,0.000000
FKIT,S+X2_M1_r0,banana,828,0.000000
FKIT,S+X2_M1_r0,banana,829,0.000000
FKIT,S+X2_M1_r0,banana,830,0.000000
FKIT,S+X2_M1_r0,banana,831,0.000000
FKIT,S+X2_M1_r0,banana,832,0.000000
FKIT,S+X2_M1_r0,banana,833,0.000000
FKIT,S+X2_M1_r0,banana,834,0.000000
FKIT,S+X2_M1_r0,banana,835,0.000000
FKIT,S+X2_M1_r0,banana,836,0.000000
FKIT,S+X2_M1_r0,banana,837,0.000000
FKIT,S+X2_M1_r0,banana,838,0.000000
FKIT,S+X2_M1_r0,banana,839,0.000000
FKIT,S+X2_M1_r0,banana,840,0.000000
FKIT,S+X2_M1_r0,banana,841,0.000000
FKIT,S+X2_M1_r0,banana,842,0.000000
FKIT,S+X2_M1_r0,banana,843,0.000000
FKIT,S+X2_M1_r0,banana,844,0.000000
FKIT,S+X2_M1_r0,banana,845,0.000000
FKIT,S+X2_M1_r0,banana,846,0.000000
FKIT,S+X2_M1_r0,banana,847,0.000000
FKIT,S+X2_M1_r0,banana,848,0.000000
FKIT,S+X2_M1_r0,banana,849,0.000000
FKIT,S+X2_M1_r0,banana,850,0.000000
FKIT,S+X2_M1_r0,banana,851,0.000000
FKIT,S+X2_M1_r0,banana,852,0.000000
FKIT,S+X2_M1_r0,banana,853,0.000000
FKIT,S+X2_M1_r0,banana,854,0.000000
FKIT,S+X2_M1_r0,banana,855,0.000000
FKIT,S+X2_M1_r0,banana,856,0.000000
FKIT,S+X2_M1_r0,banana,857,0.000000
FKIT,S+X2_M1_r0,banana,858,0.000000
FKIT,S+X2_M1_r0,banana,859,0.000000
FKIT,S+X2_M1_r0,banana,860,0.000000
FKIT,S+X2_M1_r0,banana,861,0.000000
FKIT,S+X2_M1_r0,banana,862,0.000000
FKIT,S+X2_M1_r0,banana,863,0.000000
FKIT,S+X2_M1_r0,banana,864,0.000000
FKIT,S+X2_M1_r0,banana,865,0.000000
FKIT,S+X2_M1_r0,banana,866,0.000000
FKIT,S+X2_M1_r0,banana,867,0.000000
FKIT,S+X2_M1_r0,banana,868,0.000000
FKIT,S+X2_M1_r0,banana,869,0.000000
FKIT,S+X2_M1_r0,banana,870,0.000000
FKIT,S+X2_M1_r0,banana,871,0.000000
FKIT,S+X2_M1_r0,banana,872,0.000000
FKIT,S+X2_M1_r0,banana,873,0.000000
FKIT,S+X2_M1_r0,banana,874,0.000000
FKIT,S+X2_M1_r0,banana,875,0.000000
FKIT,S+X2_M1_r0,banana,876,0.000000
FKIT,S+X2_M1_r0,banana,877,0.000000
FKIT,S+X2_M1_r0,banana,878,0.000000
FKIT,S+X2_M1_r0,banana,879,0.000000
FKIT,S+X2_M1_r0,banana,880,0.000000
FKIT,S+X2_M1_r0,banana,881,0.000000
FKIT,S+X2_M1_r0,banana,882,0.000000
FKIT,S+X2_M1_r0,banana,883,0.000000
FKIT,S+X2_M1_r0,banana,884,0.000000
FKIT,S+X2_M1_r0,banana,885,0.000000
FKIT,S+X2_M1_r0,banana,886,0.000000
FKIT,S+X2_M1_r0,banana,887,0.000000
FKIT,S+X2_M1_r0,banana,888,0.000000
FKIT,S+X2_M1_r0,banana,889,0.000000
FKIT,S+X2_M1_r0,banana,890,0.000000
FKIT,S+X2_M1_r0,banana,891,0.000000
FKIT,S+X2_M1_r0,banana,892,0.000000
FKIT,S+X2_M1_r0,banana,893,0.000000
FKIT,S+X2_M1_r0,banana,894,0.000000
FKIT,S+X2_M1_r0,banana,895,0.000000
FKIT,S+X2_M1_r0,banana,896,0.000000
FKIT,S+X2_M1_r0,banana,897,0.000000
FKIT,S+X2_M1_r0,banana,898,0.000000
FKIT,S+X2_M1_r0,banana,899,0.000000
FKIT,S+X2_M1_r0,banana,900,0.000000
FKIT,S+X2_M1_r0,banana,901,0.000000
FKIT,S+X2_M1_r0,banana,902,0.000000
FKIT,S+X2_M1_r0,banana,903,0.000000
FKIT,S+X2_M1_r0,banana,904,0.000000
FKIT,S+X2_M1_r0,banana,905,0.000000
FKIT,S+X2_M1_r0,banana,906,0.000000
FKIT,S+X2_M1_r0,banana,907,0.000000
FKIT,S+X2_M1_r0,banana,908,0.000000
FKIT,S+X2_M1_r0,banana,909,0.000000
FKIT,S+X2_M1_r0,banana,910,0.000000
FKIT,S+X2_M1_r0,banana,911,0.000000
FKIT,S+X2_M1_r0,banana,912,0.000000
FKIT,S+X2_M1_r0,banana,913,0.000000
FKIT,S+X2_M1_r0,banana,914,0.000000
FKIT,S+X2_M1_r0,banana,915,0.000000
FKIT,S+X2_M1_r0,banana,916,0.000000
FKIT,S+X2_M1_r0,banana,917,0.000000
FKIT,S+X2_M1_r0,banana,918,0.000000
FKIT,S+X2_M1_r0,banana,919,0.000000
FKIT,S+X2_M1_r0,banana,920,0.000000
FKIT,S+X2_M1_r0,banana,921,0.000000
FKIT,S+X2_M1_r0,banana,922,0.000000
FKIT,S+X2_M1_r0,banana,923,0.000000
FKIT,S+X2_M1_r0,banana,924,0.000000
FKIT,S+X2_M1_r0,banana,925,0.000000
FKIT,S+X2_M1_r0,banana,926,0.000000
FKIT,S+X2_M1_r0,banana,927,0.000000
FKIT,S+X2_M1_r0,banana,928,0.000000
FKIT,S+X2_M1_r0,banana,929,0.000000
FKIT,S+X2_M1_r0,banana,930,0.000000
FKIT,S+X2_M1_r0,banana,931,0.000000
FKIT,S+X2_M1_r0,banana,932,0.000000
FKIT,S+X2_M1_r0,banana,933,0.000000
FKIT,S+X2_M1_r0,banana,934,0.000000
FKIT,S+X2_M1_r0,banana,935,0.000000
FKIT,S+X2_M1_r0,banana,936,0.000000
FKIT,S+X2_M1_r0,banana,937,0.000000
FKIT,S+X2_M1_r0,banana,938,0.000000
FKIT,S+X2_M1_r0,banana,939,0.000000
FKIT,S+X2_M1_r0,banana,940,0.000000
FKIT,S+X2_M1_r0,banana,941,0.000000
FKIT,S+X2_M1_r0,banana,942,0.000000
FKIT,S+X2_M1_r0,banana,943,0.000000
FKIT,S+X2_M1_r0,banana,944,0.000000
FKIT,S+X2_M1_r0,banana,945,0.000000
FKIT,S+X2_M1_r0,banana,946,0.000000
FKIT,S+X2_M1_r0,banana,947,0.000000
FKIT,S+X2_M1_r0,banana,948,0.000000
FKIT,S+X2_M1_r0,banana,949,0.000000
FKIT,S+X2_M1_r0,banana,950,0.000000
FKIT,S+X2_M1_r0,banana,951,0.000000
FKIT,S+X2_M1_r0,banana,952,0.000000
FKIT,S+X2_M1_r0,banana,953,0.000000
FKIT,S+X2_M1_r0,banana,954,0.000000
FKIT,S+X2_M1_r0,banana,955,0.000000
FKIT,S+X2_M1_r0,banana,956,0.000000
FKIT,S+X2_M1_r0,banana,957,0.000000
FKIT,S+X2_M1_r0,banana,958,0.000000
FKIT,S+X2_M1_r0,banana,959,0.000000
FKIT,S+X2_M1_r0,banana,960,0.000000
FKIT,S+X2_M1_r0,banana,961,0.000000
FKIT,S+X2_M1_r0,banana,962,0.000000
FKIT,S+X2_M1_r0,banana,963,0.000000
FKIT,S+X2_M1_r0,banana,964,0.000000
FKIT,S+X2_M1_r0,banana,965,0.000000
FKIT,S+X2_M1_r0,banana,966,0.000000
FKIT,S+X2_M1_r0,banana,967,0.000000
FKIT,S+X2_M1_r0,banana,968,0.000000
FKIT,S+X2_M1_r0,banana,969,0.000000
FKIT,S+X2_M1_r0,banana,970,0.000000
FKIT,S+X2_M1_r0,banana,971,0.000000
FKIT,S+X2_M1_r0,banana,972,0.000000
FKIT,S+X2_M1_r0,banana,973,0.000000
FKIT,S+X2_M1_r0,banana,974,0.000000
FKIT,S+X2_M1_r0,banana,975,0.000000
FKIT,S+X2_M1_r0,banana,976,0.000000
FKIT,S+X2_M1_r0,banana,977,0.000000
FKIT,S+X2_M1_r0,banana,978,0.000000
FKIT,S+X2_M1_r0,banana,979,0.000000
FKIT,S+X2_M1_r0,banana,980,0.000000
FKIT,S+X2_M1_r0,banana,981,0.000000
FKIT,S+X2_M1_r0,banana,982,0.000000
FKIT,S+X2_M1_r0,banana,983,0.000000
FKIT,S+X2_M1_r0,banana,984,0.000000
FKIT,S+X2_M1_r0,banana,985,0.000000
FKIT,S+X2_M1_r0,banana,986,0.000000
FKIT,S+X2_M1_r0,banana,987,0.000000
FKIT,S+X2_M1_r0,banana,988,0.000000
FKIT,S+X2_M1_r0,banana,989,0.000000
FKIT,S+X2_M1_r0,banana,990,0.000000
FKIT,S+X2_M1_r0,banana,991,0.000000
FKIT,S+X2_M1_r0,banana,992,0.000000
FKIT,S+X2_M1_r0,banana,993,0.000000
FKIT,S+X2_M1_r0,banana,994,0.000000
FKIT,S+X2_M1_r0,banana,995,0.000000
FKIT,S+X2_M1_r0,banana,996,0.000000
FKIT,S+X2_M1_r0,banana,997,0.000000
FKIT,S+X2_M1_r0,banana,998,0.000000
FKIT,S+X2_M1_r0,banana,999,0.000000
FKIT,S+X2_M1_r0,banana,1000,0.000000
FKIT,S+X2_M1_r0,banana,1001,0.000000
FKIT,S+X2_M1_r0,banana,1002,0.000000
FKIT,S+X2_M1_r0,banana,1003,0.000000
FKIT,S+X2_M1_r0,banana,1004,0.000000
FKIT,S+X2_M1_r0,banana,1005,0.000000
FKIT,S+X2_M1_r0,banana,1006,0.000000
FKIT,S+X2_M1_r0,banana,1007,0.000000
FKIT,S+X2_M1_r0,banana,1008,0.000000
FKIT,S+X2_M1_r0,banana,1009,0.000000
FKIT,S+X2_M1_r0,banana,1010,0.000000
FKIT,S+X2_M1_r0,banana,1011,0.000000
FKIT,S+X2_M1_r0,banana,1012,0.000000
FKIT,S+X2_M1_r0,banana,1013,0.000000
FKIT,S+X2_M1_r0,banana,1014,0.000000
FKIT,S+X2_M1_r0,banana,1015,0.000000
FKIT,S+X2_M1_r0,banana,1016,0.000000
FKIT,S+X2_M1_r0,banana,1017,0.000000
FKIT,S+X2_M1_r0,banana,1018,0.000000
FKIT,S+X2_M1_r0,banana,1019,0.000000
FKIT,S+X2_M1_r0,banana,1020,0.000000
FKIT,S+X2_M1_r0,banana,1021,0.000000
FKIT,S+X2_M1_r0,banana,1022,0.000000
FKIT,S+X2_M1_r0,banana,1023,0.000000
FKIT,S+X2_M1_r0,banana,1024,0.000000
FKIT,S+X2_M1_r0,banana,1025,0.000000
FKIT,S+X2_M1_r0,banana,1026,0.000000
FKIT,S+X2_M1_r0,banana,1027,0.000000
FKIT,S+X2_M1_r0,banana,1028,0.000000
FKIT,S+X2_M1_r0,banana,1029,0.000000
FKIT,S+X2_M1_r0,banana,1030,0.000000
FKIT,S+X2_M1_r0,banana,1031,0.000000
FKIT,S+X2_M1_r0,banana,1032,0.000000
FKIT,S+X2_M1_r0,banana,1033,0.000000
FKIT,S+X2_M1_r0,banana,1034,0.000000
FKIT,S+X2_M1_r0,banana,1035,0.000000
FKIT,S+X2_M1_r0,banana,1036,0.000000
FKIT,S+X2_M1_r0,banana,1037,0.000000
FKIT,S+X2_M1_r0,banana,1038,0.000000
FKIT,S+X2_M1_r0,banana,1039,0.000000
FKIT,S+X2_M1_r0,banana,1040,0.000000
FKIT,S+X2_M1_r0,banana,1041,0.000000
FKIT,S+X2_M1_r0,banana,1042,0.000000
FKIT,S+X2_M1_r0,banana,1043,0.000000
FKIT,S+X2_M1_r0,banana,1044,0.000000
FKIT,S+X2_M1_r0,banana,1045,0.000000
FKIT,S+X2_M1_r0,banana,1046,0.000000
FKIT,S+X2_M1_r0,banana,1047,0.000000
FKIT,S+X2_M1_r0,banana,1048,0.000000
FKIT,S+X2_M1_r0,banana,1049,0.000000
FKIT,S+X2_M1_r0,banana,1050,0.000000
FKIT,S+X2_M1_r0,banana,1051,0.000000
FKIT,S+X2_M1_r0,banana,1052,0.000000
FKIT,S+X2_M1_r0,banana,1053,0.000000
FKIT,S+X2_M1_r0,banana,1054,0.000000
FKIT,S+X2_M1_r0,banana,1055,0.000000
FKIT,S+X2_M1_r0,banana,1056,0.000000
FKIT,S+X2_M1_r0,banana,1057,0.000000
FKIT,S+X2_M1_r0,banana,1058,0.000000
FKIT,S+X2_M1_r0,banana,1059,0.000000
FKIT,S+X2_M1_r0,banana,1060,0.000000
FKIT,S+X2_M1_r0,banana,1061,0.000000
FKIT,S+X2_M1_r0,banana,1062,0.000000
FKIT,S+X2_M1_r0,banana,1063,0.000000
FKIT,S+X2_M1_r0,banana,1064,0.000000
FKIT,S+X2_M1_r0,banana,1065,0.000000
FKIT,S+X2_M1_r0,banana,1066,0.000000
FKIT,S+X2_M1_r0,banana,1067,0.000000
FKIT,S+X2_M1_r0,banana,1068,0.000000
FKIT,S+X2_M1_r0,banana,1069,0.000000
FKIT,S+X2_M1_r0,banana,1070,0.000000
FKIT,S+X2_M1_r0,banana,1071,0.000000
FKIT,S+X2_M1_r0,banana,1072,0.000000
FKIT,S+X2_M1_r0,banana,1073,0.000000
FKIT,S+X2_M1_r0,banana,1074,0.000000
FKIT,S+X2_M1_r0,banana,1075,0.000000
FKIT,S+X2_M1_r0,banana,1076,0.000000
FKIT,S+X2_M1_r0,banana,1077,0.000000
FKIT,S+X2_M1_r0,banana,1078,0.000000
FKIT,S+X2_M1_r0,banana,1079,0.000000
FKIT,S+X2_M1_r0,banana,1080,0.000000
FKIT,S+X2_M1_r0,banana,1081,0.000000
FKIT,S+X2_M1_r0,banana,1082,0.000000
FKIT,S+X2_M1_r0,banana,1083,0.000000
FKIT,S+X2_M1_r0,banana,1084,0.000000
FKIT,S+X2_M1_r0,banana,1085,0.000000
FKIT,S+X2_M1_r0,banana,1086,0.000000
FKIT,S+X2_M1_r0,banana,1087,0.000000
FKIT,S+X2_M1_r0,banana,1088,0.000000
FKIT,S+X2_M1_r0,banana,1089,0.000000
FKIT,S+X2_M1_r0,banana,1090,0.000000
FKIT,S+X2_M1_r0,banana,1091,0.000000
FKIT,S+X2_M1_r0,banana,1092,0.000000
FKIT,S+X2_M1_r0,banana,1093,0.000000
FKIT,S+X2_M1_r0,banana,1094,0.000000
FKIT,S+X2_M1_r0,banana,1095,0.000000
FKIT,S+X2_M1_r0,banana,1096,0.000000
FKIT,S+X2_M1_r0,banana,1097,0.000000
FKIT,S+X2_M1_r0,banana,1098,0.000000
FKIT,S+X2_M1_r0,banana,1099,0.000000
FKIT,S+X2_M1_r0,banana,1100,0.000000
FKIT,S+X2_M1_r0,banana,1101,0.000000
FKIT,S+X2_M1_r0,banana,1102,0.000000
FKIT,S+X2_M1_r0,banana,1103,0.000000
FKIT,S+X2_M1_r0,banana,1104,0.000000
FKIT,S+X2_M1_r0,banana,1105,0.000000
FKIT,S+X2_M1_r0,banana,1106,0.000000
FKIT,S+X2_M1_r0,banana,1107,0.000000
FKIT,S+X2_M1_r0,banana,1108,0.000000
FKIT,S+X2_M1_r0,banana,1109,0.000000
FKIT,S+X2_M1_r0,banana,1110,0.000000
FKIT,S+X2_M1_r0,banana,1111,0.000000
FKIT,S+X2_M1_r0,banana,1112,0.000000
FKIT,S+X2_M1_r0,banana,1113,0.000000
FKIT,S+X2_M1_r0,banana,1114,0.000000
FKIT,S+X2_M1_r0,banana,1115,0.000000
FKIT,S+X2_M1_r0,banana,1116,0.000000
FKIT,S+X2_M1_r0,banana,1117,0.000000
FKIT,S+X2_M1_r0,banana,1118,0.000000
FKIT,S+X2_M1_r0,banana,1119,0.000000
FKIT,S+X2_M1_r0,banana,1120,0.000000
FKIT,S+X2_M1_r0,banana,1121,0.000000
FKIT,S+X2_M1_r0,banana,1122,0.000000
FKIT,S+X2_M1_r0,banana,1123,0.000000
FKIT,S+X2_M1_r0,banana,1124,0.000000
FKIT,S+X2_M1_r0,banana,1125,0.000000
FKIT,S+X2_M1_r0,banana,1126,0.000000
FKIT,S+X2_M1_r0,banana,1127,0.000000
FKIT,S+X2_M1_r0,banana,1128,0.000000
FKIT,S+X2_M1_r0,banana,1129,0.000000
FKIT,S+X2_M1_r0,banana,1130,0.000000
FKIT,S+X2_M1_r0,banana,1131,0.000000
FKIT,S+X2_M1_r0,banana,1132,0.000000
FKIT,S+X2_M1_r0,banana,1133,0.000000
FKIT,S+X2_M1_r0,banana,1134,0.000000
FKIT,S+X2_M1_r0,banana,1135,0.000000
FKIT,S+X2_M1_r0,banana,1136,0.000000
FKIT,S+X2_M1_r0,banana,1137,0.000000
FKIT,S+X2_M1_r0,banana,1138,0.000000
FKIT,S+X2_M1_r0,banana,1139,0.000000
FKIT,S+X2_M1_r0,banana,1140,0.000000
FKIT,S+X2_M1_r0,banana,1141,0.000000
FKIT,S+X2_M1_r0,banana,1142,0.000000
FKIT,S+X2_M1_r0,banana,1143,0.000000
FKIT,S+X2_M1_r0,banana,1144,0.000000
FKIT,S+X2_M1_r0,banana,1145,0.000000
FKIT,S+X2_M1_r0,banana,1146,0.000000
FKIT,S+X2_M1_r0,banana,1147,0.000000
FKIT,S+X2_M1_r0,banana,1148,0.000000
FKIT,S+X2_M1_r0,banana,1149,0.000000
FKIT,S+X2_M1_r0,banana,1150,0.000000
FKIT,S+X2_M1_r0,banana,1151,0.000000
FKIT,S+X2_M1_r0,banana,1152,0.000000
FKIT,S+X2_M1_r0,banana,1153,0.000000
FKIT,S+X2_M1_r0,banana,1154,0.000000
FKIT,S+X2_M1_r0,banana,1155,0.000000
FKIT,S+X2_M1_r0,capsicum,0,0.203489
FKIT,S+X2_M1_r0,capsicum,1,0.213734
FKIT,S+X2_M1_r0,capsicum,2,0.209281
FKIT,S+X2_M1_r0,capsicum,3,0.203948
FKIT,S+X2_M1_r0,capsicum,4,0.205176
FKIT,S+X2_M1_r0,capsicum,5,0.217538
FKIT,S+X2_M1_r0,capsicum,6,0.212660
FKIT,S+X2_M1_r0,capsicum,7,0.211566
FKIT,S+X2_M1_r0,capsicum,8,0.210592
FKIT,S+X2_M1_r0,capsicum,9,0.200523
FKIT,S+X2_M1_r0,capsicum,10,0.205250
FKIT,S+X2_M1_r0,capsicum,11,0.181061
FKIT,S+X2_M1_r0,capsicum,12,0.185301
FKIT,S+X2_M1_r0,capsicum,13,0.192105
FKIT,S+X2_M1_r0,capsicum,14,0.195514
FKIT,S+X2_M1_r0,capsicum,15,0.191693
FKIT,S+X2_M1_r0,capsicum,16,0.202216
FKIT,S+X2_M1_r0,capsicum,17,0.185867
FKIT,S+X2_M1_r0,capsicum,18,0.192325
FKIT,S+X2_M1_r0,capsicum,19,0.177286
FKIT,S+X2_M1_r0,capsicum,20,0.181226
FKIT,S+X2_M1_r0,capsicum,21,0.130149
FKIT,S+X2_M1_r0,capsicum,22,0.162174
FKIT,S+X2_M1_r0,capsicum,23,0.180962
FKIT,S+X2_M1_r0,capsicum,24,0.179921
FKIT,S+X2_M1_r0,capsicum,25,0.171397
FKIT,S+X2_M1_r0,capsicum,26,0.142114
FKIT,S+X2_M1_r0,capsicum,27,0.172909
FKIT,S+X2_M1_r0,capsicum,28,0.141231
FKIT,S+X2_M1_r0,capsicum,29,0.142058
FKIT,S+X2_M1_r0,capsicum,30,0.160769
FKIT,S+X2_M1_r0,capsicum,31,0.156200
FKIT,S+X2_M1_r0,capsicum,32,0.155513
FKIT,S+X2_M1_r0,capsicum,33,0.159022
FKIT,S+X2_M1_r0,capsicum,34,0.139950
FKIT,S+X2_M1_r0,capsicum,35,0.134656
FKIT,S+X2_M1_r0,capsicum,36,0.147187
FKIT,S+X2_M1_r0,capsicum,37,0.162637
FKIT,S+X2_M1_r0,capsicum,38,0.149853
FKIT,S+X2_M1_r0,capsicum,39,0.134911
FKIT,S+X2_M1_r0,capsicum,40,0.139416
FKIT,S+X2_M1_r0,capsicum,41,0.124515
FKIT,S+X2_M1_r0,capsicum,42,0.131316
FKIT,S+X2_M1_r0,capsicum,43,0.123246
FKIT,S+X2_M1_r0,capsicum,44,0.128561
FKIT,S+X2_M1_r0,capsicum,45,0.136821
FKIT,S+X2_M1_r0,capsicum,46,0.148357
FKIT,S+X2_M1_r0,capsicum,47,0.131473
FKIT,S+X2_M1_r0,capsicum,48,0.158386
FKIT,S+X2_M1_r0,capsicum,49,0.153394
FKIT,S+X2_M1_r0,capsicum,50,0.158234
FKIT,S+X2_M1_r0,capsicum,51,0.131589
FKIT,S+X2_M1_r0,capsicum,52,0.130408
FKIT,S+X2_M1_r0,capsicum,53,0.125012
FKIT,S+X2_M1_r0,capsicum,54,0.134391
FKIT,S+X2_M1_r0,capsicum,55,0.134480
FKIT,S+X2_M1_r0,capsicum,56,0.134759
FKIT,S+X2_M1_r0,capsicum,57,0.130633
FKIT,S+X2_M1_r0,capsicum,58,0.130701
FKIT,S+X2_M1_r0,capsicum,59,0.126166
FKIT,S+X2_M1_r0,capsicum,60,0.131781
FKIT,S+X2_M1_r0,capsicum,61,0.114906
FKIT,S+X2_M1_r0,capsicum,62,0.118886
FKIT,S+X2_M1_r0,capsicum,63,0.115137
FKIT,S+X2_M1_r0,capsicum,64,0.114059
FKIT,S+X2_M1_r0,capsicum,65,0.115942
FKIT,S+X2_M1_r0,capsicum,66,0.120152
FKIT,S+X2_M1_r0,capsicum,67,0.118009
FKIT,S+X2_M1_r0,capsicum,68,0.122102
FKIT,S+X2_M1_r0,capsicum,69,0.114964
FKIT,S+X2_M1_r0,capsicum,70,0.116554
FKIT,S+X2_M1_r0,capsicum,71,0.112859
FKIT,S+X2_M1_r0,capsicum,72,0.095901
FKIT,S+X2_M1_r0,capsicum,73,0.109275
FKIT,S+X2_M1_r0,capsicum,74,0.113637
FKIT,S+X2_M1_r0,capsicum,75,0.107824
FKIT,S+X2_M1_r0,capsicum,76,0.102598
FKIT,S+X2_M1_r0,capsicum,77,0.095754
FKIT,S+X2_M1_r0,capsicum,78,0.102268
FKIT,S+X2_M1_r0,capsicum,79,0.097962
FKIT,S+X2_M1_r0,capsicum,80,0.107524
FKIT,S+X2_M1_r0,capsicum,81,0.097548
FKIT,S+X2_M1_r0,capsicum,82,0.095168
FKIT,S+X2_M1_r0,capsicum,83,0.096949
FKIT,S+X2_M1_r0,capsicum,84,0.091751
FKIT,S+X2_M1_r0,capsicum,85,0.089462
FKIT,S+X2_M1_r0,capsicum,86,0.091441
FKIT,S+X2_M1_r0,capsicum,87,0.093187
FKIT,S+X2_M1_r0,capsicum,88,0.093476
FKIT,S+X2_M1_r0,capsicum,89,0.091333
FKIT,S+X2_M1_r0,capsicum,90,0.091984
FKIT,S+X2_M1_r0,capsicum,91,0.088736
FKIT,S+X2_M1_r0,capsicum,92,0.084361
FKIT,S+X2_M1_r0,capsicum,93,0.077537
FKIT,S+X2_M1_r0,capsicum,94,0.083892
FKIT,S+X2_M1_r0,capsicum,95,0.086001
FKIT,S+X2_M1_r0,capsicum,96,0.081750
FKIT,S+X2_M1_r0,capsicum,97,0.083569
FKIT,S+X2_M1_r0,capsicum,98,0.086833
FKIT,S+X2_M1_r0,capsicum,99,0.087282
FKIT,S+X2_M1_r0,capsicum,100,0.083599
FKIT,S+X2_M1_r0,capsicum,101,0.074160
FKIT,S+X2_M1_r0,capsicum,102,0.065810
FKIT,S+X2_M1_r0,capsicum,103,0.073370
FKIT,S+X2_M1_r0,capsicum,104,0.065588
FKIT,S+X2_M1_r0,capsicum,105,0.057811
FKIT,S+X2_M1_r0,capsicum,106,0.064474
FKIT,S+X2_M1_r0,capsicum,107,0.061286
FKIT,S+X2_M1_r0,capsicum,108,0.050364
FKIT,S+X2_M1_r0,capsicum,109,0.056625
FKIT,S+X2_M1_r0,capsicum,110,0.060820
FKIT,S+X2_M1_r0,capsicum,111,0.051366
FKIT,S+X2_M1_r0,capsicum,112,0.039116
FKIT,S+X2_M1_r0,capsicum,113,0.045366
FKIT,S+X2_M1_r0,capsicum,114,0.045285
FKIT,S+X2_M1_r0,capsicum,115,0.035779
FKIT,S+X2_M1_r0,capsicum,116,0.025422
FKIT,S+X2_M1_r0,capsicum,117,0.016289
FKIT,S+X2_M1_r0,capsicum,118,0.030780
FKIT,S+X2_M1_r0,capsicum,119,0.019647
FKIT,S+X2_M1_r0,capsicum,120,0.024247
FKIT,S+X2_M1_r0,capsicum,121,0.012027
FKIT,S+X2_M1_r0,capsicum,122,0.010784
FKIT,S+X2_M1_r0,capsicum,123,0.021221
FKIT,S+X2_M1_r0,capsicum,124,0.020911
FKIT,S+X2_M1_r0,capsicum,125,0.017087
FKIT,S+X2_M1_r0,capsicum,126,0.019936
FKIT,S+X2_M1_r0,capsicum,127,0.017019
FKIT,S+X2_M1_r0,capsicum,128,0.023086
FKIT,S+X2_M1_r0,capsicum,129,0.037636
FKIT,S+X2_M1_r0,capsicum,130,0.021262
FKIT,S+X2_M1_r0,capsicum,131,0.045626
FKIT,S+X2_M1_r0,capsicum,132,0.033258
FKIT,S+X2_M1_r0,capsicum,133,0.037172
FKIT,S+X2_M1_r0,capsicum,134,0.044410
FKIT,S+X2_M1_r0,capsicum,135,0.014413
FKIT,S+X2_M1_r0,capsicum,136,0.048134
FKIT,S+X2_M1_r0,capsicum,137,0.047309
FKIT,S+X2_M1_r0,capsicum,138,0.047969
FKIT,S+X2_M1_r0,capsicum,139,0.029819
FKIT,S+X2_M1_r0,capsicum,140,0.018223
FKIT,S+X2_M1_r0,capsicum,141,0.014500
FKIT,S+X2_M1_r0,capsicum,142,0.013245
FKIT,S+X2_M1_r0,capsicum,143,0.013623
FKIT,S+X2_M1_r0,capsicum,144,0.020907
FKIT,S+X2_M1_r0,capsicum,145,0.025646
FKIT,S+X2_M1_r0,capsicum,146,0.040324
FKIT,S+X2_M1_r0,capsicum,147,0.029170
FKIT,S+X2_M1_r0,capsicum,148,0.040239
FKIT,S+X2_M1_r0,capsicum,149,0.020297
FKIT,S+X2_M1_r0,capsicum,150,0.018590
FKIT,S+X2_M1_r0,capsicum,151,0.010098
FKIT,S+X2_M1_r0,capsicum,152,0.008360
FKIT,S+X2_M1_r0,capsicum,153,0.007263
FKIT,S+X2_M1_r0,capsicum,154,0.017156
FKIT,S+X2_M1_r0,capsicum,155,0.017436
FKIT,S+X2_M1_r0,capsicum,156,0.016420
FKIT,S+X2_M1_r0,capsicum,157,0.011801
FKIT,S+X2_M1_r0,capsicum,158,0.002327
FKIT,S+X2_M1_r0,capsicum,159,0.000880
FKIT,S+X2_M1_r0,capsicum,160,0.000782
FKIT,S+X2_M1_r0,capsicum,161,0.000000
FKIT,S+X2_M1_r0,capsicum,162,0.000000
FKIT,S+X2_M1_r0,capsicum,163,0.000000
FKIT,S+X2_M1_r0,capsicum,164,0.000000
FKIT,S+X2_M1_r0,capsicum,165,0.000000
FKIT,S+X2_M1_r0,capsicum,166,0.000000
FKIT,S+X2_M1_r0,capsicum,167,0.000000
FKIT,S+X2_M1_r0,capsicum,168,0.000000
FKIT,S+X2_M1_r0,capsicum,169,0.000000
FKIT,S+X2_M1_r0,capsicum,170,0.000000
FKIT,S+X2_M1_r0,capsicum,171,0.000000
FKIT,S+X2_M1_r0,capsicum,172,0.000000
FKIT,S+X2_M1_r0,capsicum,173,0.000000
FKIT,S+X2_M1_r0,capsicum,174,0.000000
FKIT,S+X2_M1_r0,capsicum,175,0.000000
FKIT,S+X2_M1_r0,capsicum,176,0.000000
FKIT,S+X2_M1_r0,capsicum,177,0.000000
FKIT,S+X2_M1_r0,capsicum,178,0.000000
FKIT,S+X2_M1_r0,capsicum,179,0.000000
FKIT,S+X2_M1_r0,capsicum,180,0.000000
FKIT,S+X2_M1_r0,capsicum,181,0.000000
FKIT,S+X2_M1_r0,capsicum,182,0.000000
FKIT,S+X2_M1_r0,capsicum,183,0.000000
FKIT,S+X2_M1_r0,capsicum,184,0.000000
FKIT,S+X2_M1_r0,capsicum,185,0.000000
FKIT,S+X2_M1_r0,capsicum,186,0.000000
FKIT,S+X2_M1_r0,capsicum,187,0.000000
FKIT,S+X2_M1_r0,capsicum,188,0.000000
FKIT,S+X2_M1_r0,capsicum,189,0.000000
FKIT,S+X2_M1_r0,capsicum,190,0.000000
FKIT,S+X2_M1_r0,capsicum,191,0.000000
FKIT,S+X2_M1_r0,capsicum,192,0.000000
FKIT,S+X2_M1_r0,capsicum,193,0.000000
FKIT,S+X2_M1_r0,capsicum,194,0.000000
FKIT,S+X2_M1_r0,capsicum,195,0.000000
FKIT,S+X2_M1_r0,capsicum,196,0.000000
FKIT,S+X2_M1_r0,capsicum,197,0.000000
FKIT,S+X2_M1_r0,capsicum,198,0.000000
FKIT,S+X2_M1_r0,capsicum,199,0.000000
FKIT,S+X2_M1_r0,capsicum,200,0.000000
FKIT,S+X2_M1_r0,capsicum,201,0.000000
FKIT,S+X2_M1_r0,capsicum,202,0.000000
FKIT,S+X2_M1_r0,capsicum,203,0.000000
FKIT,S+X2_M1_r0,capsicum,204,0.000000
FKIT,S+X2_M1_r0,capsicum,205,0.000000
FKIT,S+X2_M1_r0,capsicum,206,0.000000
FKIT,S+X2_M1_r0,capsicum,207,0.000000
FKIT,S+X2_M1_r0,capsicum,208,0.000000
FKIT,S+X2_M1_r0,capsicum,209,0.000000
FKIT,S+X2_M1_r0,capsicum,210,0.000000
FKIT,S+X2_M1_r0,capsicum,211,0.000000
FKIT,S+X2_M1_r0,capsicum,212,0.000000
FKIT,S+X2_M1_r0,capsicum,213,0.000000
FKIT,S+X2_M1_r0,capsicum,214,0.000000
FKIT,S+X2_M1_r0,capsicum,215,0.000000
FKIT,S+X2_M1_r0,capsicum,216,0.000000
FKIT,S+X2_M1_r0,capsicum,217,0.000000
FKIT,S+X2_M1_r0,capsicum,218,0.000000
FKIT,S+X2_M1_r0,capsicum,219,0.000000
FKIT,S+X2_M1_r0,capsicum,220,0.000000
FKIT,S+X2_M1_r0,capsicum,221,0.000000
FKIT,S+X2_M1_r0,capsicum,222,0.000000
FKIT,S+X2_M1_r0,capsicum,223,0.000000
FKIT,S+X2_M1_r0,capsicum,224,0.000000
FKIT,S+X2_M1_r0,capsicum,225,0.000000
FKIT,S+X2_M1_r0,capsicum,226,0.000000
FKIT,S+X2_M1_r0,capsicum,227,0.000000
FKIT,S+X2_M1_r0,capsicum,228,0.000000
FKIT,S+X2_M1_r0,capsicum,229,0.000000
FKIT,S+X2_M1_r0,capsicum,230,0.000000
FKIT,S+X2_M1_r0,capsicum,231,0.000000
FKIT,S+X2_M1_r0,capsicum,232,0.000000
FKIT,S+X2_M1_r0,capsicum,233,0.000000
FKIT,S+X2_M1_r0,capsicum,234,0.000000
FKIT,S+X2_M1_r0,capsicum,235,0.000000
FKIT,S+X2_M1_r0,capsicum,236,0.000000
FKIT,S+X2_M1_r0,capsicum,237,0.000000
FKIT,S+X2_M1_r0,capsicum,238,0.000000
FKIT,S+X2_M1_r0,capsicum,239,0.000000
FKIT,S+X2_M1_r0,capsicum,240,0.000000
FKIT,S+X2_M1_r0,capsicum,241,0.000000
FKIT,S+X2_M1_r0,capsicum,242,0.000000
FKIT,S+X2_M1_r0,capsicum,243,0.000000
FKIT,S+X2_M1_r0,capsicum,244,0.000000
FKIT,S+X2_M1_r0,capsicum,245,0.000000
FKIT,S+X2_M1_r0,capsicum,246,0.000000
FKIT,S+X2_M1_r0,capsicum,247,0.000000
FKIT,S+X2_M1_r0,capsicum,248,0.000000
FKIT,S+X2_M1_r0,capsicum,249,0.000000
FKIT,S+X2_M1_r0,capsicum,250,0.000000
FKIT,S+X2_M1_r0,capsicum,251,0.000000
FKIT,S+X2_M1_r0,capsicum,252,0.000000
FKIT,S+X2_M1_r0,capsicum,253,0.000000
FKIT,S+X2_M1_r0,capsicum,254,0.000000
FKIT,S+X2_M1_r0,capsicum,255,0.000000
FKIT,S+X2_M1_r0,capsicum,256,0.000000
FKIT,S+X2_M1_r0,capsicum,257,0.000000
FKIT,S+X2_M1_r0,capsicum,258,0.000000
FKIT,S+X2_M1_r0,capsicum,259,0.000000
FKIT,S+X2_M1_r0,capsicum,260,0.000000
FKIT,S+X2_M1_r0,capsicum,261,0.000000
FKIT,S+X2_M1_r0,capsicum,262,0.000000
FKIT,S+X2_M1_r0,capsicum,263,0.000000
FKIT,S+X2_M1_r0,capsicum,264,0.000000
FKIT,S+X2_M1_r0,capsicum,265,0.000000
FKIT,S+X2_M1_r0,capsicum,266,0.000000
FKIT,S+X2_M1_r0,capsicum,267,0.000000
FKIT,S+X2_M1_r0,capsicum,268,0.000000
FKIT,S+X2_M1_r0,capsicum,269,0.000000
FKIT,S+X2_M1_r0,capsicum,270,0.000000
FKIT,S+X2_M1_r0,capsicum,271,0.000000
FKIT,S+X2_M1_r0,capsicum,272,0.000000
FKIT,S+X2_M1_r0,capsicum,273,0.000000
FKIT,S+X2_M1_r0,capsicum,274,0.000000
FKIT,S+X2_M1_r0,capsicum,275,0.000000
FKIT,S+X2_M1_r0,capsicum,276,0.000000
FKIT,S+X2_M1_r0,capsicum,277,0.000000
FKIT,S+X2_M1_r0,capsicum,278,0.000000
FKIT,S+X2_M1_r0,capsicum,279,0.000000
FKIT,S+X2_M1_r0,capsicum,280,0.000000
FKIT,S+X2_M1_r0,capsicum,281,0.000000
FKIT,S+X2_M1_r0,capsicum,282,0.000000
FKIT,S+X2_M1_r0,capsicum,283,0.000000
FKIT,S+X2_M1_r0,capsicum,284,0.000000
FKIT,S+X2_M1_r0,capsicum,285,0.000000
FKIT,S+X2_M1_r0,capsicum,286,0.000000
FKIT,S+X2_M1_r0,capsicum,287,0.000000
FKIT,S+X2_M1_r0,capsicum,288,0.000000
FKIT,S+X2_M1_r0,capsicum,289,0.000000
FKIT,S+X2_M1_r0,capsicum,290,0.000000
FKIT,S+X2_M1_r0,capsicum,291,0.000000
FKIT,S+X2_M1_r0,capsicum,292,0.000000
FKIT,S+X2_M1_r0,capsicum,293,0.000000
FKIT,S+X2_M1_r0,capsicum,294,0.000000
FKIT,S+X2_M1_r0,capsicum,295,0.000000
FKIT,S+X2_M1_r0,capsicum,296,0.000000
FKIT,S+X2_M1_r0,capsicum,297,0.000000
FKIT,S+X2_M1_r0,capsicum,298,0.000000
FKIT,S+X2_M1_r0,capsicum,299,0.000000
FKIT,S+X2_M1_r0,capsicum,300,0.000000
FKIT,S+X2_M1_r0,capsicum,301,0.000000
FKIT,S+X2_M1_r0,capsicum,302,0.000000
FKIT,S+X2_M1_r0,capsicum,303,0.000000
FKIT,S+X2_M1_r0,capsicum,304,0.000000
FKIT,S+X2_M1_r0,capsicum,305,0.000000
FKIT,S+X2_M1_r0,capsicum,306,0.000000
FKIT,S+X2_M1_r0,capsicum,307,0.000000
FKIT,S+X2_M1_r0,capsicum,308,0.000000
FKIT,S+X2_M1_r0,capsicum,309,0.000000
FKIT,S+X2_M1_r0,capsicum,310,0.000000
FKIT,S+X2_M1_r0,capsicum,311,0.000000
FKIT,S+X2_M1_r0,capsicum,312,0.000000
FKIT,S+X2_M1_r0,capsicum,313,0.000000
FKIT,S+X2_M1_r0,capsicum,314,0.000000
FKIT,S+X2_M1_r0,capsicum,315,0.000000
FKIT,S+X2_M1_r0,capsicum,316,0.000000
FKIT,S+X2_M1_r0,capsicum,317,0.000000
FKIT,S+X2_M1_r0,capsicum,318,0.000000
FKIT,S+X2_M1_r0,capsicum,319,0.000000
FKIT,S+X2_M1_r0,capsicum,320,0.000000
FKIT,S+X2_M1_r0,capsicum,321,0.000000
FKIT,S+X2_M1_r0,capsicum,322,0.000000
FKIT,S+X2_M1_r0,capsicum,323,0.000000
FKIT,S+X2_M1_r0,capsicum,324,0.000000
FKIT,S+X2_M1_r0,capsicum,325,0.000000
FKIT,S+X2_M1_r0,capsicum,326,0.000000
FKIT,S+X2_M1_r0,capsicum,327,0.000000
FKIT,S+X2_M1_r0,capsicum,328,0.000000
FKIT,S+X2_M1_r0,capsicum,329,0.000000
FKIT,S+X2_M1_r0,capsicum,330,0.000000
FKIT,S+X2_M1_r0,capsicum,331,0.000000
FKIT,S+X2_M1_r0,capsicum,332,0.000000
FKIT,S+X2_M1_r0,capsicum,333,0.000000
FKIT,S+X2_M1_r0,capsicum,334,0.000000
FKIT,S+X2_M1_r0,capsicum,335,0.000000
FKIT,S+X2_M1_r0,capsicum,336,0.000000
FKIT,S+X2_M1_r0,capsicum,337,0.000000
FKIT,S+X2_M1_r0,capsicum,338,0.000000
FKIT,S+X2_M1_r0,capsicum,339,0.000000
FKIT,S+X2_M1_r0,capsicum,340,0.000000
FKIT,S+X2_M1_r0,capsicum,341,0.000000
FKIT,S+X2_M1_r0,capsicum,342,0.000000
FKIT,S+X2_M1_r0,capsicum,343,0.000000
FKIT,S+X2_M1_r0,capsicum,344,0.000000
FKIT,S+X2_M1_r0,capsicum,345,0.000000
FKIT,S+X2_M1_r0,capsicum,346,0.000000
FKIT,S+X2_M1_r0,capsicum,347,0.000000
FKIT,S+X2_M1_r0,capsicum,348,0.000000
FKIT,S+X2_M1_r0,capsicum,349,0.000000
FKIT,S+X2_M1_r0,capsicum,350,0.000000
FKIT,S+X2_M1_r0,capsicum,351,0.000000
FKIT,S+X2_M1_r0,capsicum,352,0.000000
FKIT,S+X2_M1_r0,capsicum,353,0.000000
FKIT,S+X2_M1_r0,capsicum,354,0.000000
FKIT,S+X2_M1_r0,capsicum,355,0.000000
FKIT,S+X2_M1_r0,capsicum,356,0.000000
FKIT,S+X2_M1_r0,capsicum,357,0.000000
FKIT,S+X2_M1_r0,capsicum,358,0.000000
FKIT,S+X2_M1_r0,capsicum,359,0.000000
FKIT,S+X2_M1_r0,capsicum,360,0.000000
FKIT,S+X2_M1_r0,capsicum,361,0.000000
FKIT,S+X2_M1_r0,capsicum,362,0.000000
FKIT,S+X2_M1_r0,capsicum,363,0.000000
FKIT,S+X2_M1_r0,capsicum,364,0.000000
FKIT,S+X2_M1_r0,capsicum,365,0.000000
FKIT,S+X2_M1_r0,capsicum,366,0.000000
FKIT,S+X2_M1_r0,capsicum,367,0.000000
FKIT,S+X2_M1_r0,capsicum,368,0.000000
FKIT,S+X2_M1_r0,capsicum,369,0.000000
FKIT,S+X2_M1_r0,capsicum,370,0.000000
FKIT,S+X2_M1_r0,capsicum,371,0.000000
FKIT,S+X2_M1_r0,capsicum,372,0.000000
FKIT,S+X2_M1_r0,capsicum,373,0.000000
FKIT,S+X2_M1_r0,capsicum,374,0.000000
FKIT,S+X2_M1_r0,capsicum,375,0.000000
FKIT,S+X2_M1_r0,capsicum,376,0.000000
FKIT,S+X2_M1_r0,capsicum,377,0.000000
FKIT,S+X2_M1_r0,capsicum,378,0.000000
FKIT,S+X2_M1_r0,capsicum,379,0.000000
FKIT,S+X2_M1_r0,capsicum,380,0.000000
FKIT,S+X2_M1_r0,capsicum,381,0.000000
FKIT,S+X2_M1_r0,capsicum,382,0.000000
FKIT,S+X2_M1_r0,capsicum,383,0.000000
FKIT,S+X2_M1_r0,capsicum,384,0.000000
FKIT,S+X2_M1_r0,capsicum,385,0.000000
FKIT,S+X2_M1_r0,capsicum,386,0.000000
FKIT,S+X2_M1_r0,capsicum,387,0.000000
FKIT,S+X2_M1_r0,capsicum,388,0.000000
FKIT,S+X2_M1_r0,capsicum,389,0.000000
FKIT,S+X2_M1_r0,capsicum,390,0.000000
FKIT,S+X2_M1_r0,capsicum,391,0.000000
FKIT,S+X2_M1_r0,capsicum,392,0.000000
FKIT,S+X2_M1_r0,capsicum,393,0.000000
FKIT,S+X2_M1_r0,capsicum,394,0.000000
FKIT,S+X2_M1_r0,capsicum,395,0.000000
FKIT,S+X2_M1_r0,capsicum,396,0.000000
FKIT,S+X2_M1_r0,capsicum,397,0.000000
FKIT,S+X2_M1_r0,capsicum,398,0.000000
FKIT,S+X2_M1_r0,capsicum,399,0.000000
FKIT,S+X2_M1_r0,capsicum,400,0.000000
FKIT,S+X2_M1_r0,capsicum,401,0.000000
FKIT,S+X2_M1_r0,capsicum,402,0.000000
FKIT,S+X2_M1_r0,capsicum,403,0.000000
FKIT,S+X2_M1_r0,capsicum,404,0.000000
FKIT,S+X2_M1_r0,capsicum,405,0.000000
FKIT,S+X2_M1_r0,capsicum,406,0.000000
FKIT,S+X2_M1_r0,capsicum,407,0.000000
FKIT,S+X2_M1_r0,capsicum,408,0.000000
FKIT,S+X2_M1_r0,capsicum,409,0.000000
FKIT,S+X2_M1_r0,capsicum,410,0.000000
FKIT,S+X2_M1_r0,capsicum,411,0.000000
FKIT,S+X2_M1_r0,capsicum,412,0.000000
FKIT,S+X2_M1_r0,capsicum,413,0.000000
FKIT,S+X2_M1_r0,capsicum,414,0.000000
FKIT,S+X2_M1_r0,capsicum,415,0.000000
FKIT,S+X2_M1_r0,capsicum,416,0.000000
FKIT,S+X2_M1_r0,capsicum,417,0.000000
FKIT,S+X2_M1_r0,capsicum,418,0.000000
FKIT,S+X2_M1_r0,capsicum,419,0.000000
FKIT,S+X2_M1_r0,capsicum,420,0.000000
FKIT,S+X2_M1_r0,capsicum,421,0.000000
FKIT,S+X2_M1_r0,capsicum,422,0.000000
FKIT,S+X2_M1_r0,capsicum,423,0.000000
FKIT,S+X2_M1_r0,capsicum,424,0.000000
FKIT,S+X2_M1_r0,capsicum,425,0.000000
FKIT,S+X2_M1_r0,capsicum,426,0.000000
FKIT,S+X2_M1_r0,capsicum,427,0.000000
FKIT,S+X2_M1_r0,capsicum,428,0.000000
FKIT,S+X2_M1_r0,capsicum,429,0.000000
FKIT,S+X2_M1_r0,capsicum,430,0.000000
FKIT,S+X2_M1_r0,capsicum,431,0.000000
FKIT,S+X2_M1_r0,capsicum,432,0.000000
FKIT,S+X2_M1_r0,capsicum,433,0.000000
FKIT,S+X2_M1_r0,capsicum,434,0.000000
FKIT,S+X2_M1_r0,capsicum,435,0.000000
FKIT,S+X2_M1_r0,capsicum,436,0.000000
FKIT,S+X2_M1_r0,capsicum,437,0.000000
FKIT,S+X2_M1_r0,capsicum,438,0.000000
FKIT,S+X2_M1_r0,capsicum,439,0.000000
FKIT,S+X2_M1_r0,capsicum,440,0.000000
FKIT,S+X2_M1_r0,capsicum,441,0.000000
FKIT,S+X2_M1_r0,capsicum,442,0.000000
FKIT,S+X2_M1_r0,capsicum,443,0.000000
FKIT,S+X2_M1_r0,capsicum,444,0.000000
FKIT,S+X2_M1_r0,capsicum,445,0.000000
FKIT,S+X2_M1_r0,capsicum,446,0.000000
FKIT,S+X2_M1_r0,capsicum,447,0.000000
FKIT,S+X2_M1_r0,capsicum,448,0.000000
FKIT,S+X2_M1_r0,capsicum,449,0.000000
FKIT,S+X2_M1_r0,capsicum,450,0.000000
FKIT,S+X2_M1_r0,capsicum,451,0.000000
FKIT,S+X2_M1_r0,capsicum,452,0.000000
FKIT,S+X2_M1_r0,capsicum,453,0.000000
FKIT,S+X2_M1_r0,capsicum,454,0.000000
FKIT,S+X2_M1_r0,capsicum,455,0.000000
FKIT,S+X2_M1_r0,capsicum,456,0.000000
FKIT,S+X2_M1_r0,capsicum,457,0.000000
FKIT,S+X2_M1_r0,capsicum,458,0.000000
FKIT,S+X2_M1_r0,capsicum,459,0.000000
FKIT,S+X2_M1_r0,capsicum,460,0.000000
FKIT,S+X2_M1_r0,capsicum,461,0.000000
FKIT,S+X2_M1_r0,capsicum,462,0.000000
FKIT,S+X2_M1_r0,capsicum,463,0.000000
FKIT,S+X2_M1_r0,capsicum,464,0.000000
FKIT,S+X2_M1_r0,capsicum,465,0.000000
FKIT,S+X2_M1_r0,capsicum,466,0.000000
FKIT,S+X2_M1_r0,capsicum,467,0.000000
FKIT,S+X2_M1_r0,capsicum,468,0.000000
FKIT,S+X2_M1_r0,capsicum,469,0.000000
FKIT,S+X2_M1_r0,capsicum,470,0.000000
FKIT,S+X2_M1_r0,capsicum,471,0.000000
FKIT,S+X2_M1_r0,capsicum,472,0.000000
FKIT,S+X2_M1_r0,capsicum,473,0.000000
FKIT,S+X2_M1_r0,capsicum,474,0.000000
FKIT,S+X2_M1_r0,capsicum,475,0.000000
FKIT,S+X2_M1_r0,capsicum,476,0.000000
FKIT,S+X2_M1_r0,capsicum,477,0.000000
FKIT,S+X2_M1_r0,capsicum,478,0.000000
FKIT,S+X2_M1_r0,capsicum,479,0.000000
FKIT,S+X2_M1_r0,capsicum,480,0.000000
FKIT,S+X2_M1_r0,capsicum,481,0.000000
FKIT,S+X2_M1_r0,capsicum,482,0.000000
FKIT,S+X2_M1_r0,capsicum,483,0.000000
FKIT,S+X2_M1_r0,capsicum,484,0.000000
FKIT,S+X2_M1_r0,capsicum,485,0.000000
FKIT,S+X2_M1_r0,capsicum,486,0.000000
FKIT,S+X2_M1_r0,capsicum,487,0.000000
FKIT,S+X2_M1_r0,capsicum,488,0.000000
FKIT,S+X2_M1_r0,capsicum,489,0.000000
FKIT,S+X2_M1_r0,capsicum,490,0.000000
FKIT,S+X2_M1_r0,capsicum,491,0.000000
FKIT,S+X2_M1_r0,capsicum,492,0.000000
FKIT,S+X2_M1_r0,capsicum,493,0.000000
FKIT,S+X2_M1_r0,capsicum,494,0.000000
FKIT,S+X2_M1_r0,capsicum,495,0.000000
FKIT,S+X2_M1_r0,capsicum,496,0.000000
FKIT,S+X2_M1_r0,capsicum,497,0.000000
FKIT,S+X2_M1_r0,capsicum,498,0.000000
FKIT,S+X2_M1_r0,capsicum,499,0.000000
FKIT,S+X2_M1_r0,capsicum,500,0.000000
FKIT,S+X2_M1_r0,capsicum,501,0.000000
FKIT,S+X2_M1_r0,capsicum,502,0.000000
FKIT,S+X2_M1_r0,capsicum,503,0.000000
FKIT,S+X2_M1_r0,capsicum,504,0.000000
FKIT,S+X2_M1_r0,capsicum,505,0.000000
FKIT,S+X2_M1_r0,capsicum,506,0.000000
FKIT,S+X2_M1_r0,capsicum,507,0.000000
FKIT,S+X2_M1_r0,capsicum,508,0.000000
FKIT,S+X2_M1_r0,capsicum,509,0.000000
FKIT,S+X2_M1_r0,capsicum,510,0.000000
FKIT,S+X2_M1_r0,capsicum,511,0.000000
FKIT,S+X2_M1_r0,capsicum,512,0.000000
FKIT,S+X2_M1_r0,capsicum,513,0.000000
FKIT,S+X2_M1_r0,capsicum,514,0.000000
FKIT,S+X2_M1_r0,capsicum,515,0.000000
FKIT,S+X2_M1_r0,capsicum,516,0.000000
FKIT,S+X2_M1_r0,capsicum,517,0.000000
FKIT,S+X2_M1_r0,capsicum,518,0.000000
FKIT,S+X2_M1_r0,capsicum,519,0.000000
FKIT,S+X2_M1_r0,capsicum,520,0.000000
FKIT,S+X2_M1_r0,capsicum,521,0.000000
FKIT,S+X2_M1_r0,capsicum,522,0.000000
FKIT,S+X2_M1_r0,capsicum,523,0.000000
FKIT,S+X2_M1_r0,capsicum,524,0.000000
FKIT,S+X2_M1_r0,capsicum,525,0.000000
FKIT,S+X2_M1_r0,capsicum,526,0.000000
FKIT,S+X2_M1_r0,capsicum,527,0.000000
FKIT,S+X2_M1_r0,capsicum,528,0.000000
FKIT,S+X2_M1_r0,capsicum,529,0.000000
FKIT,S+X2_M1_r0,capsicum,530,0.000000
FKIT,S+X2_M1_r0,capsicum,531,0.000000
FKIT,S+X2_M1_r0,capsicum,532,0.000000
FKIT,S+X2_M1_r0,capsicum,533,0.000000
FKIT,S+X2_M1_r0,capsicum,534,0.000000
FKIT,S+X2_M1_r0,capsicum,535,0.000000
FKIT,S+X2_M1_r0,capsicum,536,0.000000
FKIT,S+X2_M1_r0,capsicum,537,0.000000
FKIT,S+X2_M1_r0,capsicum,538,0.000000
FKIT,S+X2_M1_r0,capsicum,539,0.000000
FKIT,S+X2_M1_r0,capsicum,540,0.000000
FKIT,S+X2_M1_r0,capsicum,541,0.000000
FKIT,S+X2_M1_r0,capsicum,542,0.000000
FKIT,S+X2_M1_r0,capsicum,543,0.000000
FKIT,S+X2_M1_r0,capsicum,544,0.000000
FKIT,S+X2_M1_r0,capsicum,545,0.000000
FKIT,S+X2_M1_r0,capsicum,546,0.000000
FKIT,S+X2_M1_r0,capsicum,547,0.000000
FKIT,S+X2_M1_r0,capsicum,548,0.000000
FKIT,S+X2_M1_r0,capsicum,549,0.000000
FKIT,S+X2_M1_r0,capsicum,550,0.000000
FKIT,S+X2_M1_r0,capsicum,551,0.000000
FKIT,S+X2_M1_r0,capsicum,552,0.000000
FKIT,S+X2_M1_r0,capsicum,553,0.000000
FKIT,S+X2_M1_r0,capsicum,554,0.000000
FKIT,S+X2_M1_r0,capsicum,555,0.000000
FKIT,S+X2_M1_r0,capsicum,556,0.000000
FKIT,S+X2_M1_r0,capsicum,557,0.000000
FKIT,S+X2_M1_r0,capsicum,558,0.000000
FKIT,S+X2_M1_r0,capsicum,559,0.000000
FKIT,S+X2_M1_r0,capsicum,560,0.000000
FKIT,S+X2_M1_r0,capsicum,561,0.000000
FKIT,S+X2_M1_r0,capsicum,562,0.000000
FKIT,S+X2_M1_r0,capsicum,563,0.000000
FKIT,S+X2_M1_r0,capsicum,564,0.000000
FKIT,S+X2_M1_r0,capsicum,565,0.000000
FKIT,S+X2_M1_r0,capsicum,566,0.000000
FKIT,S+X2_M1_r0,capsicum,567,0.000000
FKIT,S+X2_M1_r0,capsicum,568,0.000000
FKIT,S+X2_M1_r0,capsicum,569,0.000000
FKIT,S+X2_M1_r0,capsicum,570,0.000000
FKIT,S+X2_M1_r0,capsicum,571,0.000000
FKIT,S+X2_M1_r0,capsicum,572,0.000000
FKIT,S+X2_M1_r0,capsicum,573,0.000000
FKIT,S+X2_M1_r0,capsicum,574,0.000000
FKIT,S+X2_M1_r0,capsicum,575,0.000000
FKIT,S+X2_M1_r0,capsicum,576,0.000000
FKIT,S+X2_M1_r0,capsicum,577,0.000000
FKIT,S+X2_M1_r0,capsicum,578,0.000000
FKIT,S+X2_M1_r0,capsicum,579,0.000000
FKIT,S+X2_M1_r0,capsicum,580,0.000000
FKIT,S+X2_M1_r0,capsicum,581,0.000000
FKIT,S+X2_M1_r0,capsicum,582,0.000000
FKIT,S+X2_M1_r0,capsicum,583,0.000000
FKIT,S+X2_M1_r0,capsicum,584,0.000000
FKIT,S+X2_M1_r0,capsicum,585,0.000000
FKIT,S+X2_M1_r0,capsicum,586,0.000000
FKIT,S+X2_M1_r0,capsicum,587,0.000000
FKIT,S+X2_M1_r0,capsicum,588,0.000000
FKIT,S+X2_M1_r0,capsicum,589,0.000000
FKIT,S+X2_M1_r0,capsicum,590,0.000000
FKIT,S+X2_M1_r0,capsicum,591,0.000000
FKIT,S+X2_M1_r0,capsicum,592,0.000000
FKIT,S+X2_M1_r0,capsicum,593,0.000000
FKIT,S+X2_M1_r0,capsicum,594,0.000000
FKIT,S+X2_M1_r0,capsicum,595,0.000000
FKIT,S+X2_M1_r0,capsicum,596,0.000000
FKIT,S+X2_M1_r0,capsicum,597,0.000000
FKIT,S+X2_M1_r0,capsicum,598,0.000000
FKIT,S+X2_M1_r0,capsicum,599,0.000000
FKIT,S+X2_M1_r0,capsicum,600,0.000000
FKIT,S+X2_M1_r0,capsicum,601,0.000000
FKIT,S+X2_M1_r0,capsicum,602,0.000000
FKIT,S+X2_M1_r0,capsicum,603,0.000000
FKIT,S+X2_M1_r0,capsicum,604,0.000000
FKIT,S+X2_M1_r0,capsicum,605,0.000000
FKIT,S+X2_M1_r0,capsicum,606,0.000000
FKIT,S+X2_M1_r0,capsicum,607,0.000000
FKIT,S+X2_M1_r0,capsicum,608,0.000000
FKIT,S+X2_M1_r0,capsicum,609,0.000000
FKIT,S+X2_M1_r0,capsicum,610,0.000000
FKIT,S+X2_M1_r0,capsicum,611,0.000000
FKIT,S+X2_M1_r0,capsicum,612,0.000000
FKIT,S+X2_M1_r0,capsicum,613,0.000000
FKIT,S+X2_M1_r0,capsicum,614,0.000000
FKIT,S+X2_M1_r0,capsicum,615,0.000000
FKIT,S+X2_M1_r0,capsicum,616,0.000000
FKIT,S+X2_M1_r0,capsicum,617,0.000000
FKIT,S+X2_M1_r0,capsicum,618,0.000000
FKIT,S+X2_M1_r0,capsicum,619,0.000000
FKIT,S+X2_M1_r0,capsicum,620,0.000000
FKIT,S+X2_M1_r0,capsicum,621,0.000000
FKIT,S+X2_M1_r0,capsicum,622,0.000000
FKIT,S+X2_M1_r0,capsicum,623,0.000000
FKIT,S+X2_M1_r0,capsicum,624,0.000000
FKIT,S+X2_M1_r0,capsicum,625,0.000000
FKIT,S+X2_M1_r0,capsicum,626,0.000000
FKIT,S+X2_M1_r0,capsicum,627,0.000000
FKIT,S+X2_M1_r0,capsicum,628,0.000000
FKIT,S+X2_M1_r0,capsicum,629,0.000000
FKIT,S+X2_M1_r0,capsicum,630,0.000000
FKIT,S+X2_M1_r0,capsicum,631,0.000000
FKIT,S+X2_M1_r0,capsicum,632,0.000000
FKIT,S+X2_M1_r0,capsicum,633,0.000000
FKIT,S+X2_M1_r0,capsicum,634,0.000000
FKIT,S+X2_M1_r0,capsicum,635,0.000000
FKIT,S+X2_M1_r0,capsicum,636,0.000000
FKIT,S+X2_M1_r0,capsicum,637,0.000000
FKIT,S+X2_M1_r0,capsicum,638,0.000000
FKIT,S+X2_M1_r0,capsicum,639,0.000000
FKIT,S+X2_M1_r0,capsicum,640,0.000000
FKIT,S+X2_M1_r0,capsicum,641,0.000000
FKIT,S+X2_M1_r0,capsicum,642,0.000000
FKIT,S+X2_M1_r0,capsicum,643,0.000000
FKIT,S+X2_M1_r0,capsicum,644,0.000000
FKIT,S+X2_M1_r0,capsicum,645,0.000000
FKIT,S+X2_M1_r0,capsicum,646,0.000000
FKIT,S+X2_M1_r0,capsicum,647,0.000000
FKIT,S+X2_M1_r0,capsicum,648,0.000000
FKIT,S+X2_M1_r0,capsicum,649,0.000000
FKIT,S+X2_M1_r0,capsicum,650,0.000000
FKIT,S+X2_M1_r0,capsicum,651,0.000000
FKIT,S+X2_M1_r0,capsicum,652,0.000000
FKIT,S+X2_M1_r0,capsicum,653,0.000000
FKIT,S+X2_M1_r0,capsicum,654,0.000000
FKIT,S+X2_M1_r0,capsicum,655,0.000000
FKIT,S+X2_M1_r0,capsicum,656,0.000000
FKIT,S+X2_M1_r0,capsicum,657,0.000000
FKIT,S+X2_M1_r0,capsicum,658,0.000000
FKIT,S+X2_M1_r0,capsicum,659,0.000000
FKIT,S+X2_M1_r0,capsicum,660,0.000000
FKIT,S+X2_M1_r0,capsicum,661,0.000000
FKIT,S+X2_M1_r0,capsicum,662,0.000000
FKIT,S+X2_M1_r0,capsicum,663,0.000000
FKIT,S+X2_M1_r0,capsicum,664,0.000000
FKIT,S+X2_M1_r0,capsicum,665,0.000000
FKIT,S+X2_M1_r0,capsicum,666,0.000000
FKIT,S+X2_M1_r0,capsicum,667,0.000000
FKIT,S+X2_M1_r0,capsicum,668,0.000000
FKIT,S+X2_M1_r0,capsicum,669,0.000000
FKIT,S+X2_M1_r0,capsicum,670,0.014892
FKIT,S+X2_M1_r0,capsicum,671,0.023608
FKIT,S+X2_M1_r0,capsicum,672,0.207257
FKIT,S+X2_M1_r0,capsicum,673,0.352225
FKIT,S+X2_M1_r0,capsicum,674,0.377995
FKIT,S+X2_M1_r0,capsicum,675,0.392383
FKIT,S+X2_M1_r0,capsicum,676,0.406448
FKIT,S+X2_M1_r0,capsicum,677,0.442420
FKIT,S+X2_M1_r0,capsicum,678,0.436604
FKIT,S+X2_M1_r0,capsicum,679,0.412061
FKIT,S+X2_M1_r0,capsicum,680,0.471984
FKIT,S+X2_M1_r0,capsicum,681,0.497552
FKIT,S+X2_M1_r0,capsicum,682,0.505867
FKIT,S+X2_M1_r0,capsicum,683,0.497159
FKIT,S+X2_M1_r0,capsicum,684,0.456819
FKIT,S+X2_M1_r0,capsicum,685,0.488574
FKIT,S+X2_M1_r0,capsicum,686,0.480862
FKIT,S+X2_M1_r0,capsicum,687,0.493618
FKIT,S+X2_M1_r0,capsicum,688,0.524463
FKIT,S+X2_M1_r0,capsicum,689,0.517518
FKIT,S+X2_M1_r0,capsicum,690,0.481752
FKIT,S+X2_M1_r0,capsicum,691,0.457342
FKIT,S+X2_M1_r0,capsicum,692,0.511092
FKIT,S+X2_M1_r0,capsicum,693,0.512982
FKIT,S+X2_M1_r0,capsicum,694,0.497365
FKIT,S+X2_M1_r0,capsicum,695,0.502499
FKIT,S+X2_M1_r0,capsicum,696,0.479708
FKIT,S+X2_M1_r0,capsicum,697,0.461429
FKIT,S+X2_M1_r0,capsicum,698,0.519250
FKIT,S+X2_M1_r0,capsicum,699,0.459004
FKIT,S+X2_M1_r0,capsicum,700,0.490466
FKIT,S+X2_M1_r0,capsicum,701,0.506452
FKIT,S+X2_M1_r0,capsicum,702,0.466093
FKIT,S+X2_M1_r0,capsicum,703,0.515344
FKIT,S+X2_M1_r0,capsicum,704,0.501686
FKIT,S+X2_M1_r0,capsicum,705,0.481796
FKIT,S+X2_M1_r0,capsicum,706,0.496381
FKIT,S+X2_M1_r0,capsicum,707,0.485763
FKIT,S+X2_M1_r0,capsicum,708,0.507700
FKIT,S+X2_M1_r0,capsicum,709,0.494442
FKIT,S+X2_M1_r0,capsicum,710,0.485750
FKIT,S+X2_M1_r0,capsicum,711,0.461921
FKIT,S+X2_M1_r0,capsicum,712,0.490295
FKIT,S+X2_M1_r0,capsicum,713,0.502609
FKIT,S+X2_M1_r0,capsicum,714,0.531293
FKIT,S+X2_M1_r0,capsicum,715,0.561466
FKIT,S+X2_M1_r0,capsicum,716,0.537217
FKIT,S+X2_M1_r0,capsicum,717,0.532463
FKIT,S+X2_M1_r0,capsicum,718,0.561631
FKIT,S+X2_M1_r0,capsicum,719,0.518065
FKIT,S+X2_M1_r0,capsicum,720,0.576227
FKIT,S+X2_M1_r0,capsicum,721,0.545210
FKIT,S+X2_M1_r0,capsicum,722,0.550574
FKIT,S+X2_M1_r0,capsicum,723,0.547672
FKIT,S+X2_M1_r0,capsicum,724,0.521458
FKIT,S+X2_M1_r0,capsicum,725,0.563492
FKIT,S+X2_M1_r0,capsicum,726,0.573361
FKIT,S+X2_M1_r0,capsicum,727,0.573309
FKIT,S+X2_M1_r0,capsicum,728,0.516138
FKIT,S+X2_M1_r0,capsicum,729,0.548310
FKIT,S+X2_M1_r0,capsicum,730,0.524108
FKIT,S+X2_M1_r0,capsicum,731,0.546977
FKIT,S+X2_M1_r0,capsicum,732,0.519069
FKIT,S+X2_M1_r0,capsicum,733,0.538118
FKIT,S+X2_M1_r0,capsicum,734,0.517665
FKIT,S+X2_M1_r0,capsicum,735,0.516041
FKIT,S+X2_M1_r0,capsicum,736,0.539977
FKIT,S+X2_M1_r0,capsicum,737,0.495725
FKIT,S+X2_M1_r0,capsicum,738,0.512021
FKIT,S+X2_M1_r0,capsicum,739,0.472643
FKIT,S+X2_M1_r0,capsicum,740,0.470822
FKIT,S+X2_M1_r0,capsicum,741,0.478158
FKIT,S+X2_M1_r0,capsicum,742,0.480176
FKIT,S+X2_M1_r0,capsicum,743,0.486086
FKIT,S+X2_M1_r0,capsicum,744,0.543547
FKIT,S+X2_M1_r0,capsicum,745,0.482411
FKIT,S+X2_M1_r0,capsicum,746,0.479380
FKIT,S+X2_M1_r0,capsicum,747,0.475259
FKIT,S+X2_M1_r0,capsicum,748,0.524597
FKIT,S+X2_M1_r0,capsicum,749,0.549754
FKIT,S+X2_M1_r0,capsicum,750,0.499099
FKIT,S+X2_M1_r0,capsicum,751,0.481187
FKIT,S+X2_M1_r0,capsicum,752,0.510852
FKIT,S+X2_M1_r0,capsicum,753,0.468333
FKIT,S+X2_M1_r0,capsicum,754,0.480940
FKIT,S+X2_M1_r0,capsicum,755,0.463649
FKIT,S+X2_M1_r0,capsicum,756,0.483672
FKIT,S+X2_M1_r0,capsicum,757,0.513495
FKIT,S+X2_M1_r0,capsicum,758,0.483172
FKIT,S+X2_M1_r0,capsicum,759,0.484686
FKIT,S+X2_M1_r0,capsicum,760,0.509694
FKIT,S+X2_M1_r0,capsicum,761,0.516477
FKIT,S+X2_M1_r0,capsicum,762,0.519131
FKIT,S+X2_M1_r0,capsicum,763,0.507739
FKIT,S+X2_M1_r0,capsicum,764,0.516913
FKIT,S+X2_M1_r0,capsicum,765,0.550298
FKIT,S+X2_M1_r0,capsicum,766,0.482223
FKIT,S+X2_M1_r0,capsicum,767,0.513505
FKIT,S+X2_M1_r0,capsicum,768,0.495591
FKIT,S+X2_M1_r0,capsicum,769,0.509840
FKIT,S+X2_M1_r0,capsicum,770,0.543823
FKIT,S+X2_M1_r0,capsicum,771,0.503439
FKIT,S+X2_M1_r0,capsicum,772,0.523828
FKIT,S+X2_M1_r0,capsicum,773,0.539582
FKIT,S+X2_M1_r0,capsicum,774,0.535216
FKIT,S+X2_M1_r0,capsicum,775,0.499253
FKIT,S+X2_M1_r0,capsicum,776,0.555331
FKIT,S+X2_M1_r0,capsicum,777,0.532758
FKIT,S+X2_M1_r0,capsicum,778,0.531025
FKIT,S+X2_M1_r0,capsicum,779,0.545030
FKIT,S+X2_M1_r0,capsicum,780,0.567749
FKIT,S+X2_M1_r0,capsicum,781,0.543039
FKIT,S+X2_M1_r0,capsicum,782,0.570080
FKIT,S+X2_M1_r0,capsicum,783,0.564999
FKIT,S+X2_M1_r0,capsicum,784,0.499891
FKIT,S+X2_M1_r0,capsicum,785,0.510918
FKIT,S+X2_M1_r0,capsicum,786,0.525268
FKIT,S+X2_M1_r0,capsicum,787,0.542496
FKIT,S+X2_M1_r0,capsicum,788,0.578330
FKIT,S+X2_M1_r0,capsicum,789,0.558992
FKIT,S+X2_M1_r0,capsicum,790,0.566621
FKIT,S+X2_M1_r0,capsicum,791,0.565957
FKIT,S+X2_M1_r0,capsicum,792,0.549612
FKIT,S+X2_M1_r0,capsicum,793,0.584007
FKIT,S+X2_M1_r0,capsicum,794,0.555040
FKIT,S+X2_M1_r0,capsicum,795,0.545492
FKIT,S+X2_M1_r0,capsicum,796,0.549226
FKIT,S+X2_M1_r0,capsicum,797,0.543747
FKIT,S+X2_M1_r0,capsicum,798,0.558330
FKIT,S+X2_M1_r0,capsicum,799,0.511842
FKIT,S+X2_M1_r0,capsicum,800,0.528207
FKIT,S+X2_M1_r0,capsicum,801,0.524951
FKIT,S+X2_M1_r0,capsicum,802,0.500157
FKIT,S+X2_M1_r0,capsicum,803,0.523780
FKIT,S+X2_M1_r0,capsicum,804,0.566738
FKIT,S+X2_M1_r0,capsicum,805,0.564322
FKIT,S+X2_M1_r0,capsicum,806,0.559309
FKIT,S+X2_M1_r0,capsicum,807,0.528134
FKIT,S+X2_M1_r0,capsicum,808,0.516765
FKIT,S+X2_M1_r0,capsicum,809,0.550613
FKIT,S+X2_M1_r0,capsicum,810,0.550366
FKIT,S+X2_M1_r0,capsicum,811,0.528781
FKIT,S+X2_M1_r0,capsicum,812,0.551809
FKIT,S+X2_M1_r0,capsicum,813,0.544819
FKIT,S+X2_M1_r0,capsicum,814,0.549663
FKIT,S+X2_M1_r0,capsicum,815,0.583395
FKIT,S+X2_M1_r0,capsicum,816,0.536068
FKIT,S+X2_M1_r0,capsicum,817,0.522071
FKIT,S+X2_M1_r0,capsicum,818,0.518158
FKIT,S+X2_M1_r0,capsicum,819,0.533584
FKIT,S+X2_M1_r0,capsicum,820,0.535725
FKIT,S+X2_M1_r0,capsicum,821,0.536232
FKIT,S+X2_M1_r0,capsicum,822,0.514655
FKIT,S+X2_M1_r0,capsicum,823,0.512596
FKIT,S+X2_M1_r0,capsicum,824,0.498411
FKIT,S+X2_M1_r0,capsicum,825,0.526393
FKIT,S+X2_M1_r0,capsicum,826,0.500188
FKIT,S+X2_M1_r0,capsicum,827,0.516750
FKIT,S+X2_M1_r0,capsicum,828,0.535266
FKIT,S+X2_M1_r0,capsicum,829,0.529170
FKIT,S+X2_M1_r0,capsicum,830,0.569536
FKIT,S+X2_M1_r0,capsicum,831,0.565429
FKIT,S+X2_M1_r0,capsicum,832,0.600012
FKIT,S+X2_M1_r0,capsicum,833,0.561369
FKIT,S+X2_M1_r0,capsicum,834,0.542680
FKIT,S+X2_M1_r0,capsicum,835,0.522637
FKIT,S+X2_M1_r0,capsicum,836,0.580708
FKIT,S+X2_M1_r0,capsicum,837,0.566934
FKIT,S+X2_M1_r0,capsicum,838,0.508019
FKIT,S+X2_M1_r0,capsicum,839,0.528918
FKIT,S+X2_M1_r0,capsicum,840,0.548904
FKIT,S+X2_M1_r0,capsicum,841,0.539957
FKIT,S+X2_M1_r0,capsicum,842,0.567250
FKIT,S+X2_M1_r0,capsicum,843,0.538055
FKIT,S+X2_M1_r0,capsicum,844,0.534726
FKIT,S+X2_M1_r0,capsicum,845,0.574821
FKIT,S+X2_M1_r0,capsicum,846,0.526421
FKIT,S+X2_M1_r0,capsicum,847,0.567048
FKIT,S+X2_M1_r0,capsicum,848,0.607632
FKIT,S+X2_M1_r0,capsicum,849,0.567813
FKIT,S+X2_M1_r0,capsicum,850,0.547253
FKIT,S+X2_M1_r0,capsicum,851,0.585068
FKIT,S+X2_M1_r0,capsicum,852,0.458516
FKIT,S+X2_M1_r0,capsicum,853,0.584075
FKIT,S+X2_M1_r0,capsicum,854,0.575306
FKIT,S+X2_M1_r0,capsicum,855,0.601842
FKIT,S+X2_M1_r0,capsicum,856,0.611997
FKIT,S+X2_M1_r0,capsicum,857,0.591020
FKIT,S+X2_M1_r0,capsicum,858,0.595961
FKIT,S+X2_M1_r0,capsicum,859,0.576896
FKIT,S+X2_M1_r0,capsicum,860,0.594785
FKIT,S+X2_M1_r0,capsicum,861,0.566933
FKIT,S+X2_M1_r0,capsicum,862,0.568020
FKIT,S+X2_M1_r0,capsicum,863,0.557112
FKIT,S+X2_M1_r0,capsicum,864,0.568216
FKIT,S+X2_M1_r0,capsicum,865,0.548152
FKIT,S+X2_M1_r0,capsicum,866,0.561934
FKIT,S+X2_M1_r0,capsicum,867,0.590106
FKIT,S+X2_M1_r0,capsicum,868,0.559544
FKIT,S+X2_M1_r0,capsicum,869,0.566547
FKIT,S+X2_M1_r0,capsicum,870,0.593509
FKIT,S+X2_M1_r0,capsicum,871,0.601441
FKIT,S+X2_M1_r0,capsicum,872,0.591240
FKIT,S+X2_M1_r0,capsicum,873,0.585916
FKIT,S+X2_M1_r0,capsicum,874,0.528916
FKIT,S+X2_M1_r0,capsicum,875,0.532107
FKIT,S+X2_M1_r0,capsicum,876,0.547710
FKIT,S+X2_M1_r0,capsicum,877,0.505701
FKIT,S+X2_M1_r0,capsicum,878,0.527303
FKIT,S+X2_M1_r0,capsicum,879,0.531139
FKIT,S+X2_M1_r0,capsicum,880,0.524069
FKIT,S+X2_M1_r0,chocolate_bomb,0,0.000000
FKIT,S+X2_M1_r0,chocolate_bomb,1,0.042731
FKIT,S+X2_M1_r0,chocolate_bomb,2,0.211581
FKIT,S+X2_M1_r0,chocolate_bomb,3,0.265082
FKIT,S+X2_M1_r0,chocolate_bomb,4,0.280174
FKIT,S+X2_M1_r0,chocolate_bomb,5,0.277537
FKIT,S+X2_M1_r0,chocolate_bomb,6,0.370203
FKIT,S+X2_M1_r0,chocolate_bomb,7,0.580810
FKIT,S+X2_M1_r0,chocolate_bomb,8,0.621051
FKIT,S+X2_M1_r0,chocolate_bomb,9,0.623281
FKIT,S+X2_M1_r0,chocolate_bomb,10,0.580415
FKIT,S+X2_M1_r0,chocolate_bomb,11,0.755040
FKIT,S+X2_M1_r0,chocolate_bomb,12,0.795809
FKIT,S+X2_M1_r0,chocolate_bomb,13,0.862656
FKIT,S+X2_M1_r0,chocolate_bomb,14,0.840796
FKIT,S+X2_M1_r0,chocolate_bomb,15,0.869708
FKIT,S+X2_M1_r0,chocolate_bomb,16,0.875500
FKIT,S+X2_M1_r0,chocolate_bomb,17,0.815387
FKIT,S+X2_M1_r0,chocolate_bomb,18,0.882987
FKIT,S+X2_M1_r0,chocolate_bomb,19,0.880377
FKIT,S+X2_M1_r0,chocolate_bomb,20,0.811867
FKIT,S+X2_M1_r0,chocolate_bomb,21,0.910890
FKIT,S+X2_M1_r0,chocolate_bomb,22,0.920626
FKIT,S+X2_M1_r0,chocolate_bomb,23,0.931060
FKIT,S+X2_M1_r0,chocolate_bomb,24,0.915059
FKIT,S+X2_M1_r0,chocolate_bomb,25,0.913747
FKIT,S+X2_M1_r0,chocolate_bomb,26,0.899428
FKIT,S+X2_M1_r0,chocolate_bomb,27,0.817363
FKIT,S+X2_M1_r0,chocolate_bomb,28,0.818073
FKIT,S+X2_M1_r0,chocolate_bomb,29,0.872854
FKIT,S+X2_M1_r0,chocolate_bomb,30,0.924046
FKIT,S+X2_M1_r0,chocolate_bomb,31,0.927930
FKIT,S+X2_M1_r0,chocolate_bomb,32,0.924271
FKIT,S+X2_M1_r0,chocolate_bomb,33,0.929533
FKIT,S+X2_M1_r0,chocolate_bomb,34,0.935126
FKIT,S+X2_M1_r0,chocolate_bomb,35,0.925188
FKIT,S+X2_M1_r0,chocolate_bomb,36,0.934911
FKIT,S+X2_M1_r0,chocolate_bomb,37,0.924906
FKIT,S+X2_M1_r0,chocolate_bomb,38,0.934745
FKIT,S+X2_M1_r0,chocolate_bomb,39,0.941535
FKIT,S+X2_M1_r0,chocolate_bomb,40,0.938094
FKIT,S+X2_M1_r0,chocolate_bomb,41,0.946694
FKIT,S+X2_M1_r0,chocolate_bomb,42,0.941075
FKIT,S+X2_M1_r0,chocolate_bomb,43,0.957966
FKIT,S+X2_M1_r0,chocolate_bomb,44,0.949957
FKIT,S+X2_M1_r0,chocolate_bomb,45,0.957843
FKIT,S+X2_M1_r0,chocolate_bomb,46,0.947749
FKIT,S+X2_M1_r0,chocolate_bomb,47,0.952389
FKIT,S+X2_M1_r0,chocolate_bomb,48,0.951749
FKIT,S+X2_M1_r0,chocolate_bomb,49,0.902066
FKIT,S+X2_M1_r0,chocolate_bomb,50,0.946685
FKIT,S+X2_M1_r0,chocolate_bomb,51,0.956777
FKIT,S+X2_M1_r0,chocolate_bomb,52,0.958956
FKIT,S+X2_M1_r0,chocolate_bomb,53,0.958264
FKIT,S+X2_M1_r0,chocolate_bomb,54,0.957920
FKIT,S+X2_M1_r0,chocolate_bomb,55,0.960853
FKIT,S+X2_M1_r0,chocolate_bomb,56,0.948711
FKIT,S+X2_M1_r0,chocolate_bomb,57,0.951784
FKIT,S+X2_M1_r0,chocolate_bomb,58,0.951327
FKIT,S+X2_M1_r0,chocolate_bomb,59,0.949079
FKIT,S+X2_M1_r0,chocolate_bomb,60,0.950534
FKIT,S+X2_M1_r0,chocolate_bomb,61,0.955957
FKIT,S+X2_M1_r0,chocolate_bomb,62,0.950843
FKIT,S+X2_M1_r0,chocolate_bomb,63,0.950488
FKIT,S+X2_M1_r0,chocolate_bomb,64,0.955100
FKIT,S+X2_M1_r0,chocolate_bomb,65,0.950797
FKIT,S+X2_M1_r0,chocolate_bomb,66,0.957574
FKIT,S+X2_M1_r0,chocolate_bomb,67,0.962210
FKIT,S+X2_M1_r0,chocolate_bomb,68,0.953523
FKIT,S+X2_M1_r0,chocolate_bomb,69,0.957498
FKIT,S+X2_M1_r0,chocolate_bomb,70,0.959873
FKIT,S+X2_M1_r0,chocolate_bomb,71,0.958961
FKIT,S+X2_M1_r0,chocolate_bomb,72,0.956417
FKIT,S+X2_M1_r0,chocolate_bomb,73,0.957779
FKIT,S+X2_M1_r0,chocolate_bomb,74,0.956498
FKIT,S+X2_M1_r0,chocolate_bomb,75,0.963542
FKIT,S+X2_M1_r0,chocolate_bomb,76,0.957782
FKIT,S+X2_M1_r0,chocolate_bomb,77,0.956712
FKIT,S+X2_M1_r0,chocolate_bomb,78,0.952228
FKIT,S+X2_M1_r0,chocolate_bomb,79,0.952791
FKIT,S+X2_M1_r0,chocolate_bomb,80,0.956619
FKIT,S+X2_M1_r0,chocolate_bomb,81,0.951085
FKIT,S+X2_M1_r0,chocolate_bomb,82,0.950299
FKIT,S+X2_M1_r0,chocolate_bomb,83,0.954884
FKIT,S+X2_M1_r0,chocolate_bomb,84,0.957273
FKIT,S+X2_M1_r0,chocolate_bomb,85,0.956966
FKIT,S+X2_M1_r0,chocolate_bomb,86,0.956111
FKIT,S+X2_M1_r0,chocolate_bomb,87,0.958425
FKIT,S+X2_M1_r0,chocolate_bomb,88,0.956419
FKIT,S+X2_M1_r0,chocolate_bomb,89,0.957052
FKIT,S+X2_M1_r0,chocolate_bomb,90,0.955283
FKIT,S+X2_M1_r0,chocolate_bomb,91,0.958839
FKIT,S+X2_M1_r0,chocolate_bomb,92,0.957566
FKIT,S+X2_M1_r0,chocolate_bomb,93,0.956399
FKIT,S+X2_M1_r0,chocolate_bomb,94,0.959755
FKIT,S+X2_M1_r0,chocolate_bomb,95,0.959063
FKIT,S+X2_M1_r0,chocolate_bomb,96,0.958433
FKIT,S+X2_M1_r0,chocolate_bomb,97,0.959471
FKIT,S+X2_M1_r0,chocolate_bomb,98,0.960391
FKIT,S+X2_M1_r0,chocolate_bomb,99,0.957890
FKIT,S+X2_M1_r0,chocolate_bomb,100,0.959871
FKIT,S+X2_M1_r0,chocolate_bomb,101,0.954611
FKIT,S+X2_M1_r0,chocolate_bomb,102,0.957115
FKIT,S+X2_M1_r0,chocolate_bomb,103,0.951323
FKIT,S+X2_M1_r0,chocolate_bomb,104,0.955264
FKIT,S+X2_M1_r0,chocolate_bomb,105,0.959552
FKIT,S+X2_M1_r0,chocolate_bomb,106,0.957921
FKIT,S+X2_M1_r0,chocolate_bomb,107,0.957763
FKIT,S+X2_M1_r0,chocolate_bomb,108,0.961421
FKIT,S+X2_M1_r0,chocolate_bomb,109,0.962610
FKIT,S+X2_M1_r0,chocolate_bomb,110,0.960054
FKIT,S+X2_M1_r0,chocolate_bomb,111,0.956709
FKIT,S+X2_M1_r0,chocolate_bomb,112,0.958384
FKIT,S+X2_M1_r0,chocolate_bomb,113,0.958115
FKIT,S+X2_M1_r0,chocolate_bomb,114,0.954008
FKIT,S+X2_M1_r0,chocolate_bomb,115,0.955389
FKIT,S+X2_M1_r0,chocolate_bomb,116,0.961249
FKIT,S+X2_M1_r0,chocolate_bomb,117,0.961944
FKIT,S+X2_M1_r0,chocolate_bomb,118,0.959835
FKIT,S+X2_M1_r0,chocolate_bomb,119,0.959176
FKIT,S+X2_M1_r0,chocolate_bomb,120,0.957292
FKIT,S+X2_M1_r0,chocolate_bomb,121,0.956040
FKIT,S+X2_M1_r0,chocolate_bomb,122,0.954231
FKIT,S+X2_M1_r0,chocolate_bomb,123,0.957868
FKIT,S+X2_M1_r0,chocolate_bomb,124,0.953663
FKIT,S+X2_M1_r0,chocolate_bomb,125,0.962859
FKIT,S+X2_M1_r0,chocolate_bomb,126,0.954947
FKIT,S+X2_M1_r0,chocolate_bomb,127,0.954453
FKIT,S+X2_M1_r0,chocolate_bomb,128,0.956102
FKIT,S+X2_M1_r0,chocolate_bomb,129,0.960095
FKIT,S+X2_M1_r0,chocolate_bomb,130,0.957565
FKIT,S+X2_M1_r0,chocolate_bomb,131,0.951162
FKIT,S+X2_M1_r0,chocolate_bomb,132,0.957272
FKIT,S+X2_M1_r0,chocolate_bomb,133,0.952388
FKIT,S+X2_M1_r0,chocolate_bomb,134,0.955513
FKIT,S+X2_M1_r0,chocolate_bomb,135,0.956518
FKIT,S+X2_M1_r0,chocolate_bomb,136,0.954695
FKIT,S+X2_M1_r0,chocolate_bomb,137,0.950857
FKIT,S+X2_M1_r0,chocolate_bomb,138,0.957045
FKIT,S+X2_M1_r0,chocolate_bomb,139,0.950190
FKIT,S+X2_M1_r0,chocolate_bomb,140,0.952231
FKIT,S+X2_M1_r0,chocolate_bomb,141,0.951080
FKIT,S+X2_M1_r0,chocolate_bomb,142,0.952516
FKIT,S+X2_M1_r0,chocolate_bomb,143,0.953558
FKIT,S+X2_M1_r0,chocolate_bomb,144,0.953661
FKIT,S+X2_M1_r0,chocolate_bomb,145,0.951058
FKIT,S+X2_M1_r0,chocolate_bomb,146,0.949230
FKIT,S+X2_M1_r0,chocolate_bomb,147,0.950556
FKIT,S+X2_M1_r0,chocolate_bomb,148,0.951800
FKIT,S+X2_M1_r0,chocolate_bomb,149,0.951828
FKIT,S+X2_M1_r0,chocolate_bomb,150,0.951222
FKIT,S+X2_M1_r0,chocolate_bomb,151,0.949853
FKIT,S+X2_M1_r0,chocolate_bomb,152,0.943949
FKIT,S+X2_M1_r0,chocolate_bomb,153,0.948978
FKIT,S+X2_M1_r0,chocolate_bomb,154,0.953206
FKIT,S+X2_M1_r0,chocolate_bomb,155,0.947199
FKIT,S+X2_M1_r0,chocolate_bomb,156,0.943804
FKIT,S+X2_M1_r0,chocolate_bomb,157,0.940811
FKIT,S+X2_M1_r0,chocolate_bomb,158,0.944780
FKIT,S+X2_M1_r0,chocolate_bomb,159,0.941921
FKIT,S+X2_M1_r0,chocolate_bomb,160,0.940292
FKIT,S+X2_M1_r0,chocolate_bomb,161,0.942489
FKIT,S+X2_M1_r0,chocolate_bomb,162,0.942777
FKIT,S+X2_M1_r0,chocolate_bomb,163,0.942106
FKIT,S+X2_M1_r0,chocolate_bomb,164,0.942002
FKIT,S+X2_M1_r0,chocolate_bomb,165,0.940874
FKIT,S+X2_M1_r0,chocolate_bomb,166,0.943309
FKIT,S+X2_M1_r0,chocolate_bomb,167,0.947530
FKIT,S+X2_M1_r0,chocolate_bomb,168,0.947046
FKIT,S+X2_M1_r0,chocolate_bomb,169,0.943102
FKIT,S+X2_M1_r0,chocolate_bomb,170,0.944163
FKIT,S+X2_M1_r0,chocolate_bomb,171,0.945126
FKIT,S+X2_M1_r0,chocolate_bomb,172,0.947530
FKIT,S+X2_M1_r0,chocolate_bomb,173,0.946605
FKIT,S+X2_M1_r0,chocolate_bomb,174,0.939286
FKIT,S+X2_M1_r0,chocolate_bomb,175,0.940916
FKIT,S+X2_M1_r0,chocolate_bomb,176,0.941450
FKIT,S+X2_M1_r0,chocolate_bomb,177,0.938457
FKIT,S+X2_M1_r0,chocolate_bomb,178,0.933352
FKIT,S+X2_M1_r0,chocolate_bomb,179,0.936162
FKIT,S+X2_M1_r0,chocolate_bomb,180,0.935150
FKIT,S+X2_M1_r0,chocolate_bomb,181,0.935365
FKIT,S+X2_M1_r0,chocolate_bomb,182,0.932696
FKIT,S+X2_M1_r0,chocolate_bomb,183,0.935218
FKIT,S+X2_M1_r0,chocolate_bomb,184,0.935503
FKIT,S+X2_M1_r0,chocolate_bomb,185,0.936862
FKIT,S+X2_M1_r0,chocolate_bomb,186,0.933199
FKIT,S+X2_M1_r0,chocolate_bomb,187,0.944335
FKIT,S+X2_M1_r0,chocolate_bomb,188,0.940511
FKIT,S+X2_M1_r0,chocolate_bomb,189,0.937533
FKIT,S+X2_M1_r0,chocolate_bomb,190,0.942306
FKIT,S+X2_M1_r0,chocolate_bomb,191,0.938291
FKIT,S+X2_M1_r0,chocolate_bomb,192,0.937989
FKIT,S+X2_M1_r0,chocolate_bomb,193,0.936108
FKIT,S+X2_M1_r0,chocolate_bomb,194,0.938132
FKIT,S+X2_M1_r0,chocolate_bomb,195,0.939542
FKIT,S+X2_M1_r0,chocolate_bomb,196,0.938403
FKIT,S+X2_M1_r0,chocolate_bomb,197,0.941243
FKIT,S+X2_M1_r0,chocolate_bomb,198,0.938134
FKIT,S+X2_M1_r0,chocolate_bomb,199,0.939431
FKIT,S+X2_M1_r0,chocolate_bomb,200,0.938040
FKIT,S+X2_M1_r0,chocolate_bomb,201,0.938217
FKIT,S+X2_M1_r0,chocolate_bomb,202,0.942395
FKIT,S+X2_M1_r0,chocolate_bomb,203,0.942563
FKIT,S+X2_M1_r0,chocolate_bomb,204,0.940345
FKIT,S+X2_M1_r0,chocolate_bomb,205,0.943921
FKIT,S+X2_M1_r0,chocolate_bomb,206,0.940987
FKIT,S+X2_M1_r0,chocolate_bomb,207,0.942160
FKIT,S+X2_M1_r0,chocolate_bomb,208,0.947295
FKIT,S+X2_M1_r0,chocolate_bomb,209,0.946905
FKIT,S+X2_M1_r0,chocolate_bomb,210,0.945109
FKIT,S+X2_M1_r0,chocolate_bomb,211,0.943120
FKIT,S+X2_M1_r0,chocolate_bomb,212,0.946070
FKIT,S+X2_M1_r0,chocolate_bomb,213,0.945862
FKIT,S+X2_M1_r0,chocolate_bomb,214,0.948748
FKIT,S+X2_M1_r0,chocolate_bomb,215,0.947782
FKIT,S+X2_M1_r0,chocolate_bomb,216,0.945914
FKIT,S+X2_M1_r0,chocolate_bomb,217,0.947012
FKIT,S+X2_M1_r0,chocolate_bomb,218,0.945403
FKIT,S+X2_M1_r0,chocolate_bomb,219,0.948445
FKIT,S+X2_M1_r0,chocolate_bomb,220,0.947195
FKIT,S+X2_M1_r0,chocolate_bomb,221,0.947490
FKIT,S+X2_M1_r0,chocolate_bomb,222,0.945529
FKIT,S+X2_M1_r0,chocolate_bomb,223,0.946547
FKIT,S+X2_M1_r0,chocolate_bomb,224,0.944662
FKIT,S+X2_M1_r0,chocolate_bomb,225,0.950412
FKIT,S+X2_M1_r0,chocolate_bomb,226,0.944924
FKIT,S+X2_M1_r0,chocolate_bomb,227,0.945911
FKIT,S+X2_M1_r0,chocolate_bomb,228,0.948265
FKIT,S+X2_M1_r0,chocolate_bomb,229,0.947207
FKIT,S+X2_M1_r0,chocolate_bomb,230,0.941864
FKIT,S+X2_M1_r0,chocolate_bomb,231,0.948211
FKIT,S+X2_M1_r0,chocolate_bomb,232,0.949734
FKIT,S+X2_M1_r0,chocolate_bomb,233,0.946068
FKIT,S+X2_M1_r0,chocolate_bomb,234,0.948346
FKIT,S+X2_M1_r0,chocolate_bomb,235,0.945629
FKIT,S+X2_M1_r0,chocolate_bomb,236,0.945453
FKIT,S+X2_M1_r0,chocolate_bomb,237,0.949258
FKIT,S+X2_M1_r0,chocolate_bomb,238,0.947921
FKIT,S+X2_M1_r0,chocolate_bomb,239,0.953212
FKIT,S+X2_M1_r0,chocolate_bomb,240,0.948756
FKIT,S+X2_M1_r0,chocolate_bomb,241,0.957267
FKIT,S+X2_M1_r0,chocolate_bomb,242,0.954058
FKIT,S+X2_M1_r0,chocolate_bomb,243,0.955434
FKIT,S+X2_M1_r0,chocolate_bomb,244,0.957751
FKIT,S+X2_M1_r0,chocolate_bomb,245,0.953627
FKIT,S+X2_M1_r0,chocolate_bomb,246,0.950671
FKIT,S+X2_M1_r0,chocolate_bomb,247,0.953950
FKIT,S+X2_M1_r0,chocolate_bomb,248,0.959562
FKIT,S+X2_M1_r0,chocolate_bomb,249,0.958572
FKIT,S+X2_M1_r0,chocolate_bomb,250,0.957767
FKIT,S+X2_M1_r0,chocolate_bomb,251,0.959753
FKIT,S+X2_M1_r0,chocolate_bomb,252,0.956599
FKIT,S+X2_M1_r0,chocolate_bomb,253,0.956251
FKIT,S+X2_M1_r0,chocolate_bomb,254,0.961317
FKIT,S+X2_M1_r0,chocolate_bomb,255,0.954759
FKIT,S+X2_M1_r0,chocolate_bomb,256,0.955623
FKIT,S+X2_M1_r0,chocolate_bomb,257,0.951241
FKIT,S+X2_M1_r0,chocolate_bomb,258,0.958016
FKIT,S+X2_M1_r0,chocolate_bomb,259,0.955076
FKIT,S+X2_M1_r0,chocolate_bomb,260,0.960357
FKIT,S+X2_M1_r0,chocolate_bomb,261,0.964880
FKIT,S+X2_M1_r0,chocolate_bomb,262,0.964097
FKIT,S+X2_M1_r0,chocolate_bomb,263,0.963789
FKIT,S+X2_M1_r0,chocolate_bomb,264,0.963404
FKIT,S+X2_M1_r0,chocolate_bomb,265,0.960233
FKIT,S+X2_M1_r0,chocolate_bomb,266,0.959619
FKIT,S+X2_M1_r0,chocolate_bomb,267,0.960790
FKIT,S+X2_M1_r0,chocolate_bomb,268,0.958655
FKIT,S+X2_M1_r0,chocolate_bomb,269,0.956495
FKIT,S+X2_M1_r0,chocolate_bomb,270,0.957867
FKIT,S+X2_M1_r0,chocolate_bomb,271,0.954713
FKIT,S+X2_M1_r0,chocolate_bomb,272,0.959302
FKIT,S+X2_M1_r0,chocolate_bomb,273,0.953200
FKIT,S+X2_M1_r0,chocolate_bomb,274,0.958269
FKIT,S+X2_M1_r0,chocolate_bomb,275,0.957022
FKIT,S+X2_M1_r0,chocolate_bomb,276,0.959296
FKIT,S+X2_M1_r0,chocolate_bomb,277,0.960325
FKIT,S+X2_M1_r0,chocolate_bomb,278,0.958119
FKIT,S+X2_M1_r0,chocolate_bomb,279,0.957244
FKIT,S+X2_M1_r0,chocolate_bomb,280,0.957877
FKIT,S+X2_M1_r0,chocolate_bomb,281,0.962533
FKIT,S+X2_M1_r0,chocolate_bomb,282,0.963776
FKIT,S+X2_M1_r0,chocolate_bomb,283,0.965081
FKIT,S+X2_M1_r0,chocolate_bomb,284,0.962197
FKIT,S+X2_M1_r0,chocolate_bomb,285,0.966752
FKIT,S+X2_M1_r0,chocolate_bomb,286,0.964989
FKIT,S+X2_M1_r0,chocolate_bomb,287,0.963717
FKIT,S+X2_M1_r0,chocolate_bomb,288,0.962960
FKIT,S+X2_M1_r0,chocolate_bomb,289,0.960271
FKIT,S+X2_M1_r0,chocolate_bomb,290,0.961193
FKIT,S+X2_M1_r0,chocolate_bomb,291,0.959920
FKIT,S+X2_M1_r0,chocolate_bomb,292,0.962055
FKIT,S+X2_M1_r0,chocolate_bomb,293,0.960122
FKIT,S+X2_M1_r0,chocolate_bomb,294,0.958275
FKIT,S+X2_M1_r0,chocolate_bomb,295,0.958101
FKIT,S+X2_M1_r0,chocolate_bomb,296,0.961488
FKIT,S+X2_M1_r0,chocolate_bomb,297,0.958938
FKIT,S+X2_M1_r0,chocolate_bomb,298,0.962090
FKIT,S+X2_M1_r0,chocolate_bomb,299,0.963310
FKIT,S+X2_M1_r0,chocolate_bomb,300,0.963910
FKIT,S+X2_M1_r0,chocolate_bomb,301,0.969086
FKIT,S+X2_M1_r0,chocolate_bomb,302,0.967488
FKIT,S+X2_M1_r0,chocolate_bomb,303,0.966467
FKIT,S+X2_M1_r0,chocolate_bomb,304,0.966360
FKIT,S+X2_M1_r0,chocolate_bomb,305,0.967078
FKIT,S+X2_M1_r0,chocolate_bomb,306,0.968797
FKIT,S+X2_M1_r0,chocolate_bomb,307,0.959853
FKIT,S+X2_M1_r0,chocolate_bomb,308,0.964401
FKIT,S+X2_M1_r0,chocolate_bomb,309,0.964338
FKIT,S+X2_M1_r0,chocolate_bomb,310,0.967342
FKIT,S+X2_M1_r0,chocolate_bomb,311,0.964784
FKIT,S+X2_M1_r0,chocolate_bomb,312,0.967611
FKIT,S+X2_M1_r0,chocolate_bomb,313,0.958811
FKIT,S+X2_M1_r0,chocolate_bomb,314,0.963823
FKIT,S+X2_M1_r0,chocolate_bomb,315,0.959037
FKIT,S+X2_M1_r0,chocolate_bomb,316,0.964893
FKIT,S+X2_M1_r0,chocolate_bomb,317,0.968085
FKIT,S+X2_M1_r0,chocolate_bomb,318,0.963542
FKIT,S+X2_M1_r0,chocolate_bomb,319,0.960783
FKIT,S+X2_M1_r0,chocolate_bomb,320,0.960286
FKIT,S+X2_M1_r0,chocolate_bomb,321,0.964055
FKIT,S+X2_M1_r0,chocolate_bomb,322,0.968083
FKIT,S+X2_M1_r0,chocolate_bomb,323,0.967026
FKIT,S+X2_M1_r0,chocolate_bomb,324,0.968383
FKIT,S+X2_M1_r0,chocolate_bomb,325,0.966904
FKIT,S+X2_M1_r0,chocolate_bomb,326,0.966403
FKIT,S+X2_M1_r0,chocolate_bomb,327,0.965732
FKIT,S+X2_M1_r0,chocolate_bomb,328,0.963293
FKIT,S+X2_M1_r0,chocolate_bomb,329,0.964830
FKIT,S+X2_M1_r0,chocolate_bomb,330,0.966809
FKIT,S+X2_M1_r0,chocolate_bomb,331,0.967643
FKIT,S+X2_M1_r0,chocolate_bomb,332,0.968744
FKIT,S+X2_M1_r0,chocolate_bomb,333,0.961874
FKIT,S+X2_M1_r0,chocolate_bomb,334,0.963638
FKIT,S+X2_M1_r0,chocolate_bomb,335,0.965604
FKIT,S+X2_M1_r0,chocolate_bomb,336,0.962534
FKIT,S+X2_M1_r0,chocolate_bomb,337,0.962296
FKIT,S+X2_M1_r0,chocolate_bomb,338,0.965294
FKIT,S+X2_M1_r0,chocolate_bomb,339,0.964367
FKIT,S+X2_M1_r0,chocolate_bomb,340,0.961757
FKIT,S+X2_M1_r0,chocolate_bomb,341,0.960321
FKIT,S+X2_M1_r0,chocolate_bomb,342,0.962710
FKIT,S+X2_M1_r0,chocolate_bomb,343,0.961799
FKIT,S+X2_M1_r0,chocolate_bomb,344,0.965086
FKIT,S+X2_M1_r0,chocolate_bomb,345,0.965503
FKIT,S+X2_M1_r0,chocolate_bomb,346,0.964179
FKIT,S+X2_M1_r0,chocolate_bomb,347,0.965268
FKIT,S+X2_M1_r0,chocolate_bomb,348,0.965446
FKIT,S+X2_M1_r0,chocolate_bomb,349,0.964587
FKIT,S+X2_M1_r0,chocolate_bomb,350,0.961485
FKIT,S+X2_M1_r0,chocolate_bomb,351,0.968152
FKIT,S+X2_M1_r0,chocolate_bomb,352,0.964742
FKIT,S+X2_M1_r0,chocolate_bomb,353,0.964945
FKIT,S+X2_M1_r0,chocolate_bomb,354,0.968758
FKIT,S+X2_M1_r0,chocolate_bomb,355,0.967887
FKIT,S+X2_M1_r0,chocolate_bomb,356,0.968349
FKIT,S+X2_M1_r0,chocolate_bomb,357,0.969318
FKIT,S+X2_M1_r0,chocolate_bomb,358,0.968873
FKIT,S+X2_M1_r0,chocolate_bomb,359,0.966417
FKIT,S+X2_M1_r0,chocolate_bomb,360,0.967587
FKIT,S+X2_M1_r0,chocolate_bomb,361,0.965918
FKIT,S+X2_M1_r0,chocolate_bomb,362,0.970052
FKIT,S+X2_M1_r0,chocolate_bomb,363,0.968088
FKIT,S+X2_M1_r0,chocolate_bomb,364,0.965607
FKIT,S+X2_M1_r0,chocolate_bomb,365,0.964923
FKIT,S+X2_M1_r0,chocolate_bomb,366,0.964466
FKIT,S+X2_M1_r0,chocolate_bomb,367,0.964171
FKIT,S+X2_M1_r0,chocolate_bomb,368,0.968334
FKIT,S+X2_M1_r0,chocolate_bomb,369,0.963826
FKIT,S+X2_M1_r0,chocolate_bomb,370,0.962606
FKIT,S+X2_M1_r0,chocolate_bomb,371,0.963200
FKIT,S+X2_M1_r0,chocolate_bomb,372,0.967277
FKIT,S+X2_M1_r0,chocolate_bomb,373,0.966716
FKIT,S+X2_M1_r0,chocolate_bomb,374,0.969277
FKIT,S+X2_M1_r0,chocolate_bomb,375,0.970304
FKIT,S+X2_M1_r0,chocolate_bomb,376,0.967341
FKIT,S+X2_M1_r0,chocolate_bomb,377,0.965616
FKIT,S+X2_M1_r0,chocolate_bomb,378,0.967912
FKIT,S+X2_M1_r0,chocolate_bomb,379,0.968924
FKIT,S+X2_M1_r0,chocolate_bomb,380,0.968433
FKIT,S+X2_M1_r0,chocolate_bomb,381,0.967583
FKIT,S+X2_M1_r0,chocolate_bomb,382,0.969716
FKIT,S+X2_M1_r0,chocolate_bomb,383,0.969510
FKIT,S+X2_M1_r0,chocolate_bomb,384,0.966816
FKIT,S+X2_M1_r0,chocolate_bomb,385,0.970786
FKIT,S+X2_M1_r0,chocolate_bomb,386,0.970570
FKIT,S+X2_M1_r0,chocolate_bomb,387,0.970785
FKIT,S+X2_M1_r0,chocolate_bomb,388,0.971171
FKIT,S+X2_M1_r0,chocolate_bomb,389,0.970372
FKIT,S+X2_M1_r0,chocolate_bomb,390,0.971750
FKIT,S+X2_M1_r0,chocolate_bomb,391,0.969492
FKIT,S+X2_M1_r0,chocolate_bomb,392,0.968823
FKIT,S+X2_M1_r0,chocolate_bomb,393,0.968131
FKIT,S+X2_M1_r0,chocolate_bomb,394,0.968583
FKIT,S+X2_M1_r0,chocolate_bomb,395,0.969855
FKIT,S+X2_M1_r0,chocolate_bomb,396,0.971591
FKIT,S+X2_M1_r0,chocolate_bomb,397,0.970200
FKIT,S+X2_M1_r0,chocolate_bomb,398,0.973670
FKIT,S+X2_M1_r0,chocolate_bomb,399,0.973852
FKIT,S+X2_M1_r0,chocolate_bomb,400,0.972475
FKIT,S+X2_M1_r0,chocolate_bomb,401,0.969314
FKIT,S+X2_M1_r0,chocolate_bomb,402,0.970432
FKIT,S+X2_M1_r0,chocolate_bomb,403,0.970304
FKIT,S+X2_M1_r0,chocolate_bomb,404,0.972691
FKIT,S+X2_M1_r0,chocolate_bomb,405,0.973541
FKIT,S+X2_M1_r0,chocolate_bomb,406,0.974865
FKIT,S+X2_M1_r0,chocolate_bomb,407,0.974643
FKIT,S+X2_M1_r0,chocolate_bomb,408,0.972446
FKIT,S+X2_M1_r0,chocolate_bomb,409,0.971377
FKIT,S+X2_M1_r0,chocolate_bomb,410,0.974514
FKIT,S+X2_M1_r0,chocolate_bomb,411,0.971129
FKIT,S+X2_M1_r0,chocolate_bomb,412,0.970932
FKIT,S+X2_M1_r0,chocolate_bomb,413,0.972265
FKIT,S+X2_M1_r0,chocolate_bomb,414,0.971981
FKIT,S+X2_M1_r0,chocolate_bomb,415,0.975276
FKIT,S+X2_M1_r0,chocolate_bomb,416,0.969503
FKIT,S+X2_M1_r0,chocolate_bomb,417,0.975085
FKIT,S+X2_M1_r0,chocolate_bomb,418,0.976357
FKIT,S+X2_M1_r0,chocolate_bomb,419,0.969256
FKIT,S+X2_M1_r0,chocolate_bomb,420,0.968511
FKIT,S+X2_M1_r0,chocolate_bomb,421,0.972147
FKIT,S+X2_M1_r0,chocolate_bomb,422,0.969918
FKIT,S+X2_M1_r0,chocolate_bomb,423,0.975626
FKIT,S+X2_M1_r0,chocolate_bomb,424,0.974433
FKIT,S+X2_M1_r0,chocolate_bomb,425,0.973409
FKIT,S+X2_M1_r0,chocolate_bomb,426,0.974118
FKIT,S+X2_M1_r0,chocolate_bomb,427,0.977474
FKIT,S+X2_M1_r0,chocolate_bomb,428,0.974256
FKIT,S+X2_M1_r0,chocolate_bomb,429,0.968193
FKIT,S+X2_M1_r0,chocolate_bomb,430,0.973254
FKIT,S+X2_M1_r0,chocolate_bomb,431,0.972186
FKIT,S+X2_M1_r0,chocolate_bomb,432,0.968305
FKIT,S+X2_M1_r0,chocolate_bomb,433,0.971772
FKIT,S+X2_M1_r0,chocolate_bomb,434,0.974998
FKIT,S+X2_M1_r0,chocolate_bomb,435,0.971965
FKIT,S+X2_M1_r0,chocolate_bomb,436,0.972913
FKIT,S+X2_M1_r0,chocolate_bomb,437,0.969648
FKIT,S+X2_M1_r0,chocolate_bomb,438,0.973243
FKIT,S+X2_M1_r0,chocolate_bomb,439,0.969463
FKIT,S+X2_M1_r0,chocolate_bomb,440,0.974761
FKIT,S+X2_M1_r0,chocolate_bomb,441,0.973846
FKIT,S+X2_M1_r0,chocolate_bomb,442,0.969252
FKIT,S+X2_M1_r0,chocolate_bomb,443,0.973219
FKIT,S+X2_M1_r0,chocolate_bomb,444,0.970782
FKIT,S+X2_M1_r0,chocolate_bomb,445,0.974641
FKIT,S+X2_M1_r0,chocolate_bomb,446,0.973698
FKIT,S+X2_M1_r0,chocolate_bomb,447,0.978889
FKIT,S+X2_M1_r0,chocolate_bomb,448,0.970682
FKIT,S+X2_M1_r0,chocolate_bomb,449,0.974985
FKIT,S+X2_M1_r0,chocolate_bomb,450,0.974822
FKIT,S+X2_M1_r0,chocolate_bomb,451,0.975245
FKIT,S+X2_M1_r0,chocolate_bomb,452,0.976004
FKIT,S+X2_M1_r0,chocolate_bomb,453,0.978556
FKIT,S+X2_M1_r0,chocolate_bomb,454,0.981514
FKIT,S+X2_M1_r0,chocolate_bomb,455,0.980766
FKIT,S+X2_M1_r0,chocolate_bomb,456,0.979939
FKIT,S+X2_M1_r0,chocolate_bomb,457,0.980146
FKIT,S+X2_M1_r0,chocolate_bomb,458,0.979887
FKIT,S+X2_M1_r0,chocolate_bomb,459,0.979451
FKIT,S+X2_M1_r0,chocolate_bomb,460,0.977804
FKIT,S+X2_M1_r0,chocolate_bomb,461,0.974036
FKIT,S+X2_M1_r0,chocolate_bomb,462,0.975494
FKIT,S+X2_M1_r0,chocolate_bomb,463,0.971502
FKIT,S+X2_M1_r0,chocolate_bomb,464,0.972920
FKIT,S+X2_M1_r0,chocolate_bomb,465,0.975677
FKIT,S+X2_M1_r0,chocolate_bomb,466,0.977104
FKIT,S+X2_M1_r0,chocolate_bomb,467,0.975576
FKIT,S+X2_M1_r0,chocolate_bomb,468,0.976508
FKIT,S+X2_M1_r0,chocolate_bomb,469,0.978146
FKIT,S+X2_M1_r0,chocolate_bomb,470,0.980776
FKIT,S+X2_M1_r0,chocolate_bomb,471,0.979992
FKIT,S+X2_M1_r0,chocolate_bomb,472,0.978206
FKIT,S+X2_M1_r0,chocolate_bomb,473,0.978663
FKIT,S+X2_M1_r0,chocolate_bomb,474,0.982066
FKIT,S+X2_M1_r0,chocolate_bomb,475,0.979412
FKIT,S+X2_M1_r0,chocolate_bomb,476,0.982490
FKIT,S+X2_M1_r0,chocolate_bomb,477,0.982655
FKIT,S+X2_M1_r0,chocolate_bomb,478,0.982564
FKIT,S+X2_M1_r0,chocolate_bomb,479,0.982062
FKIT,S+X2_M1_r0,chocolate_bomb,480,0.984746
FKIT,S+X2_M1_r0,chocolate_bomb,481,0.984035
FKIT,S+X2_M1_r0,chocolate_bomb,482,0.986620
FKIT,S+X2_M1_r0,chocolate_bomb,483,0.984077
FKIT,S+X2_M1_r0,chocolate_bomb,484,0.985031
FKIT,S+X2_M1_r0,chocolate_bomb,485,0.985912
FKIT,S+X2_M1_r0,chocolate_bomb,486,0.983992
FKIT,S+X2_M1_r0,chocolate_bomb,487,0.984810
FKIT,S+X2_M1_r0,chocolate_bomb,488,0.985419
FKIT,S+X2_M1_r0,chocolate_bomb,489,0.985864
FKIT,S+X2_M1_r0,chocolate_bomb,490,0.982471
FKIT,S+X2_M1_r0,chocolate_bomb,491,0.984103
FKIT,S+X2_M1_r0,chocolate_bomb,492,0.983772
FKIT,S+X2_M1_r0,chocolate_bomb,493,0.984382
FKIT,S+X2_M1_r0,chocolate_bomb,494,0.986736
FKIT,S+X2_M1_r0,chocolate_bomb,495,0.983442
FKIT,S+X2_M1_r0,chocolate_bomb,496,0.984523
FKIT,S+X2_M1_r0,chocolate_bomb,497,0.984610
FKIT,S+X2_M1_r0,chocolate_bomb,498,0.985458
FKIT,S+X2_M1_r0,chocolate_bomb,499,0.983594
FKIT,S+X2_M1_r0,chocolate_bomb,500,0.986637
FKIT,S+X2_M1_r0,chocolate_bomb,501,0.985438
FKIT,S+X2_M1_r0,chocolate_bomb,502,0.986284
FKIT,S+X2_M1_r0,chocolate_bomb,503,0.981161
FKIT,S+X2_M1_r0,chocolate_bomb,504,0.984129
FKIT,S+X2_M1_r0,chocolate_bomb,505,0.986174
FKIT,S+X2_M1_r0,chocolate_bomb,506,0.983765
FKIT,S+X2_M1_r0,chocolate_bomb,507,0.984260
FKIT,S+X2_M1_r0,chocolate_bomb,508,0.982493
FKIT,S+X2_M1_r0,chocolate_bomb,509,0.986390
FKIT,S+X2_M1_r0,chocolate_bomb,510,0.982499
FKIT,S+X2_M1_r0,chocolate_bomb,511,0.981599
FKIT,S+X2_M1_r0,chocolate_bomb,512,0.983258
FKIT,S+X2_M1_r0,chocolate_bomb,513,0.984612
FKIT,S+X2_M1_r0,chocolate_bomb,514,0.982612
FKIT,S+X2_M1_r0,chocolate_bomb,515,0.983788
FKIT,S+X2_M1_r0,chocolate_bomb,516,0.983977
FKIT,S+X2_M1_r0,chocolate_bomb,517,0.985174
FKIT,S+X2_M1_r0,chocolate_bomb,518,0.985486
FKIT,S+X2_M1_r0,chocolate_bomb,519,0.984342
FKIT,S+X2_M1_r0,chocolate_bomb,520,0.985184
FKIT,S+X2_M1_r0,chocolate_bomb,521,0.985597
FKIT,S+X2_M1_r0,chocolate_bomb,522,0.985798
FKIT,S+X2_M1_r0,chocolate_bomb,523,0.987363
FKIT,S+X2_M1_r0,chocolate_bomb,524,0.985312
FKIT,S+X2_M1_r0,chocolate_bomb,525,0.988745
FKIT,S+X2_M1_r0,chocolate_bomb,526,0.985024
FKIT,S+X2_M1_r0,chocolate_bomb,527,0.987728
FKIT,S+X2_M1_r0,chocolate_bomb,528,0.985917
FKIT,S+X2_M1_r0,chocolate_bomb,529,0.987720
FKIT,S+X2_M1_r0,chocolate_bomb,530,0.990227
FKIT,S+X2_M1_r0,chocolate_bomb,531,0.986326
FKIT,S+X2_M1_r0,chocolate_bomb,532,0.987396
FKIT,S+X2_M1_r0,chocolate_bomb,533,0.987733
FKIT,S+X2_M1_r0,chocolate_bomb,534,0.990645
FKIT,S+X2_M1_r0,chocolate_bomb,535,0.989772
FKIT,S+X2_M1_r0,chocolate_bomb,536,0.989515
FKIT,S+X2_M1_r0,chocolate_bomb,537,0.988500
FKIT,S+X2_M1_r0,chocolate_bomb,538,0.987609
FKIT,S+X2_M1_r0,chocolate_bomb,539,0.988973
FKIT,S+X2_M1_r0,chocolate_bomb,540,0.989053
FKIT,S+X2_M1_r0,chocolate_bomb,541,0.988878
FKIT,S+X2_M1_r0,chocolate_bomb,542,0.987863
FKIT,S+X2_M1_r0,chocolate_bomb,543,0.990745
FKIT,S+X2_M1_r0,chocolate_bomb,544,0.990577
FKIT,S+X2_M1_r0,chocolate_bomb,545,0.989362
FKIT,S+X2_M1_r0,chocolate_bomb,546,0.987903
FKIT,S+X2_M1_r0,chocolate_bomb,547,0.987595
FKIT,S+X2_M1_r0,chocolate_bomb,548,0.985947
FKIT,S+X2_M1_r0,chocolate_bomb,549,0.984584
FKIT,S+X2_M1_r0,chocolate_bomb,550,0.984487
FKIT,S+X2_M1_r0,chocolate_bomb,551,0.986588
FKIT,S+X2_M1_r0,chocolate_bomb,552,0.985379
FKIT,S+X2_M1_r0,chocolate_bomb,553,0.987607
FKIT,S+X2_M1_r0,chocolate_bomb,554,0.987701
FKIT,S+X2_M1_r0,chocolate_bomb,555,0.987808
FKIT,S+X2_M1_r0,chocolate_bomb,556,0.988182
FKIT,S+X2_M1_r0,chocolate_bomb,557,0.989885
FKIT,S+X2_M1_r0,chocolate_bomb,558,0.987017
FKIT,S+X2_M1_r0,chocolate_bomb,559,0.988652
FKIT,S+X2_M1_r0,chocolate_bomb,560,0.990225
FKIT,S+X2_M1_r0,chocolate_bomb,561,0.988746
FKIT,S+X2_M1_r0,chocolate_bomb,562,0.988190
FKIT,S+X2_M1_r0,chocolate_bomb,563,0.991545
FKIT,S+X2_M1_r0,chocolate_bomb,564,0.989404
FKIT,S+X2_M1_r0,chocolate_bomb,565,0.987803
FKIT,S+X2_M1_r0,chocolate_bomb,566,0.983807
FKIT,S+X2_M1_r0,chocolate_bomb,567,0.987366
FKIT,S+X2_M1_r0,chocolate_bomb,568,0.987395
FKIT,S+X2_M1_r0,chocolate_bomb,569,0.985161
FKIT,S+X2_M1_r0,chocolate_bomb,570,0.986813
FKIT,S+X2_M1_r0,chocolate_bomb,571,0.986139
FKIT,S+X2_M1_r0,chocolate_bomb,572,0.988889
FKIT,S+X2_M1_r0,chocolate_bomb,573,0.987806
FKIT,S+X2_M1_r0,chocolate_bomb,574,0.987718
FKIT,S+X2_M1_r0,chocolate_bomb,575,0.989872
FKIT,S+X2_M1_r0,chocolate_bomb,576,0.991134
FKIT,S+X2_M1_r0,chocolate_bomb,577,0.988755
FKIT,S+X2_M1_r0,chocolate_bomb,578,0.991260
FKIT,S+X2_M1_r0,chocolate_bomb,579,0.989628
FKIT,S+X2_M1_r0,chocolate_bomb,580,0.989248
FKIT,S+X2_M1_r0,chocolate_bomb,581,0.988050
FKIT,S+X2_M1_r0,chocolate_bomb,582,0.986075
FKIT,S+X2_M1_r0,chocolate_bomb,583,0.989724
FKIT,S+X2_M1_r0,chocolate_bomb,584,0.991552
FKIT,S+X2_M1_r0,chocolate_bomb,585,0.990935
FKIT,S+X2_M1_r0,chocolate_bomb,586,0.991437
FKIT,S+X2_M1_r0,chocolate_bomb,587,0.990901
FKIT,S+X2_M1_r0,chocolate_bomb,588,0.990329
FKIT,S+X2_M1_r0,chocolate_bomb,589,0.989332
FKIT,S+X2_M1_r0,chocolate_bomb,590,0.990878
FKIT,S+X2_M1_r0,chocolate_bomb,591,0.993595
FKIT,S+X2_M1_r0,chocolate_bomb,592,0.990709
FKIT,S+X2_M1_r0,chocolate_bomb,593,0.991771
FKIT,S+X2_M1_r0,chocolate_bomb,594,0.992687
FKIT,S+X2_M1_r0,chocolate_bomb,595,0.991334
FKIT,S+X2_M1_r0,chocolate_bomb,596,0.990235
FKIT,S+X2_M1_r0,chocolate_bomb,597,0.991546
FKIT,S+X2_M1_r0,chocolate_bomb,598,0.989413
FKIT,S+X2_M1_r0,chocolate_bomb,599,0.992170
FKIT,S+X2_M1_r0,chocolate_bomb,600,0.990056
FKIT,S+X2_M1_r0,chocolate_bomb,601,0.990781
FKIT,S+X2_M1_r0,chocolate_bomb,602,0.990183
FKIT,S+X2_M1_r0,chocolate_bomb,603,0.992692
FKIT,S+X2_M1_r0,chocolate_bomb,604,0.991122
FKIT,S+X2_M1_r0,chocolate_bomb,605,0.992323
FKIT,S+X2_M1_r0,chocolate_bomb,606,0.993027
FKIT,S+X2_M1_r0,chocolate_bomb,607,0.992428
FKIT,S+X2_M1_r0,chocolate_bomb,608,0.993833
FKIT,S+X2_M1_r0,chocolate_bomb,609,0.992279
FKIT,S+X2_M1_r0,chocolate_bomb,610,0.990853
FKIT,S+X2_M1_r0,chocolate_bomb,611,0.991795
FKIT,S+X2_M1_r0,chocolate_bomb,612,0.991818
FKIT,S+X2_M1_r0,chocolate_bomb,613,0.993854
FKIT,S+X2_M1_r0,chocolate_bomb,614,0.991587
FKIT,S+X2_M1_r0,chocolate_bomb,615,0.991992
FKIT,S+X2_M1_r0,chocolate_bomb,616,0.991059
FKIT,S+X2_M1_r0,chocolate_bomb,617,0.992737
FKIT,S+X2_M1_r0,chocolate_bomb,618,0.993539
FKIT,S+X2_M1_r0,chocolate_bomb,619,0.992972
FKIT,S+X2_M1_r0,chocolate_bomb,620,0.993641
FKIT,S+X2_M1_r0,chocolate_bomb,621,0.993684
FKIT,S+X2_M1_r0,chocolate_bomb,622,0.993239
FKIT,S+X2_M1_r0,chocolate_bomb,623,0.991322
FKIT,S+X2_M1_r0,chocolate_bomb,624,0.992485
FKIT,S+X2_M1_r0,chocolate_bomb,625,0.994137
FKIT,S+X2_M1_r0,chocolate_bomb,626,0.992881
FKIT,S+X2_M1_r0,chocolate_bomb,627,0.993577
FKIT,S+X2_M1_r0,chocolate_bomb,628,0.991888
FKIT,S+X2_M1_r0,chocolate_bomb,629,0.993514
FKIT,S+X2_M1_r0,chocolate_bomb,630,0.995121
FKIT,S+X2_M1_r0,chocolate_bomb,631,0.992328
FKIT,S+X2_M1_r0,chocolate_bomb,632,0.991390
FKIT,S+X2_M1_r0,chocolate_bomb,633,0.991094
FKIT,S+X2_M1_r0,chocolate_bomb,634,0.994264
FKIT,S+X2_M1_r0,chocolate_bomb,635,0.993326
FKIT,S+X2_M1_r0,chocolate_bomb,636,0.992584
FKIT,S+X2_M1_r0,chocolate_bomb,637,0.991286
FKIT,S+X2_M1_r0,chocolate_bomb,638,0.993663
FKIT,S+X2_M1_r0,chocolate_bomb,639,0.992216
FKIT,S+X2_M1_r0,chocolate_bomb,640,0.991323
FKIT,S+X2_M1_r0,chocolate_bomb,641,0.992238
FKIT,S+X2_M1_r0,chocolate_bomb,642,0.988230
FKIT,S+X2_M1_r0,chocolate_bomb,643,0.988742
FKIT,S+X2_M1_r0,chocolate_bomb,644,0.989285
FKIT,S+X2_M1_r0,chocolate_bomb,645,0.990075
FKIT,S+X2_M1_r0,chocolate_bomb,646,0.989646
FKIT,S+X2_M1_r0,chocolate_bomb,647,0.991456
FKIT,S+X2_M1_r0,chocolate_bomb,648,0.991922
FKIT,S+X2_M1_r0,chocolate_bomb,649,0.990966
FKIT,S+X2_M1_r0,chocolate_bomb,650,0.992202
FKIT,S+X2_M1_r0,chocolate_bomb,651,0.989825
FKIT,S+X2_M1_r0,chocolate_bomb,652,0.989515
FKIT,S+X2_M1_r0,chocolate_bomb,653,0.989436
FKIT,S+X2_M1_r0,chocolate_bomb,654,0.990655
FKIT,S+X2_M1_r0,chocolate_bomb,655,0.989571
FKIT,S+X2_M1_r0,chocolate_bomb,656,0.991533
FKIT,S+X2_M1_r0,chocolate_bomb,657,0.991238
FKIT,S+X2_M1_r0,chocolate_bomb,658,0.990737
FKIT,S+X2_M1_r0,chocolate_bomb,659,0.990687
FKIT,S+X2_M1_r0,chocolate_bomb,660,0.990540
FKIT,S+X2_M1_r0,chocolate_bomb,661,0.989984
FKIT,S+X2_M1_r0,chocolate_bomb,662,0.991184
FKIT,S+X2_M1_r0,chocolate_bomb,663,0.990546
FKIT,S+X2_M1_r0,chocolate_bomb,664,0.989116
FKIT,S+X2_M1_r0,chocolate_bomb,665,0.990712
FKIT,S+X2_M1_r0,chocolate_bomb,666,0.989755
FKIT,S+X2_M1_r0,chocolate_bomb,667,0.990495
FKIT,S+X2_M1_r0,chocolate_bomb,668,0.989631
FKIT,S+X2_M1_r0,chocolate_bomb,669,0.993234
FKIT,S+X2_M1_r0,chocolate_bomb,670,0.989815
FKIT,S+X2_M1_r0,chocolate_bomb,671,0.987465
FKIT,S+X2_M1_r0,chocolate_bomb,672,0.989852
FKIT,S+X2_M1_r0,chocolate_bomb,673,0.991511
FKIT,S+X2_M1_r0,chocolate_bomb,674,0.991760
FKIT,S+X2_M1_r0,chocolate_bomb,675,0.991788
FKIT,S+X2_M1_r0,chocolate_bomb,676,0.992323
FKIT,S+X2_M1_r0,chocolate_bomb,677,0.990664
FKIT,S+X2_M1_r0,chocolate_bomb,678,0.992250
FKIT,S+X2_M1_r0,chocolate_bomb,679,0.990196
FKIT,S+X2_M1_r0,chocolate_bomb,680,0.988884
FKIT,S+X2_M1_r0,chocolate_bomb,681,0.987181
FKIT,S+X2_M1_r0,chocolate_bomb,682,0.986620
FKIT,S+X2_M1_r0,chocolate_bomb,683,0.975880
FKIT,S+X2_M1_r0,chocolate_bomb,684,0.983166
FKIT,S+X2_M1_r0,chocolate_bomb,685,0.981530
FKIT,S+X2_M1_r0,chocolate_bomb,686,0.975185
FKIT,S+X2_M1_r0,chocolate_bomb,687,0.975617
FKIT,S+X2_M1_r0,chocolate_bomb,688,0.973441
FKIT,S+X2_M1_r0,chocolate_bomb,689,0.971363
FKIT,S+X2_M1_r0,chocolate_bomb,690,0.975500
FKIT,S+X2_M1_r0,chocolate_bomb,691,0.980011
FKIT,S+X2_M1_r0,chocolate_bomb,692,0.981094
FKIT,S+X2_M1_r0,chocolate_bomb,693,0.981645
FKIT,S+X2_M1_r0,chocolate_bomb,694,0.977847
FKIT,S+X2_M1_r0,chocolate_bomb,695,0.977411
FKIT,S+X2_M1_r0,chocolate_bomb,696,0.976061
FKIT,S+X2_M1_r0,chocolate_bomb,697,0.978804
FKIT,S+X2_M1_r0,chocolate_bomb,698,0.975292
FKIT,S+X2_M1_r0,chocolate_bomb,699,0.977932
FKIT,S+X2_M1_r0,chocolate_bomb,700,0.975533
FKIT,S+X2_M1_r0,chocolate_bomb,701,0.980299
FKIT,S+X2_M1_r0,chocolate_bomb,702,0.977663
FKIT,S+X2_M1_r0,chocolate_bomb,703,0.980634
FKIT,S+X2_M1_r0,chocolate_bomb,704,0.980738
FKIT,S+X2_M1_r0,chocolate_bomb,705,0.980857
FKIT,S+X2_M1_r0,chocolate_bomb,706,0.977419
FKIT,S+X2_M1_r0,chocolate_bomb,707,0.984595
FKIT,S+X2_M1_r0,chocolate_bomb,708,0.990023
FKIT,S+X2_M1_r0,chocolate_bomb,709,0.987442
FKIT,S+X2_M1_r0,chocolate_bomb,710,0.984759
FKIT,S+X2_M1_r0,chocolate_bomb,711,0.986887
FKIT,S+X2_M1_r0,chocolate_bomb,712,0.985162
FKIT,S+X2_M1_r0,chocolate_bomb,713,0.986898
FKIT,S+X2_M1_r0,chocolate_bomb,714,0.987096
FKIT,S+X2_M1_r0,chocolate_bomb,715,0.990060
FKIT,S+X2_M1_r0,chocolate_bomb,716,0.988057
FKIT,S+X2_M1_r0,chocolate_bomb,717,0.987876
FKIT,S+X2_M1_r0,chocolate_bomb,718,0.987425
FKIT,S+X2_M1_r0,chocolate_bomb,719,0.986059
FKIT,S+X2_M1_r0,chocolate_bomb,720,0.984804
FKIT,S+X2_M1_r0,chocolate_bomb,721,0.985891
FKIT,S+X2_M1_r0,chocolate_bomb,722,0.986775
FKIT,S+X2_M1_r0,chocolate_bomb,723,0.983742
FKIT,S+X2_M1_r0,chocolate_bomb,724,0.988376
FKIT,S+X2_M1_r0,chocolate_bomb,725,0.986070
FKIT,S+X2_M1_r0,chocolate_bomb,726,0.983808
FKIT,S+X2_M1_r0,chocolate_bomb,727,0.987045
FKIT,S+X2_M1_r0,chocolate_bomb,728,0.984658
FKIT,S+X2_M1_r0,chocolate_bomb,729,0.984184
FKIT,S+X2_M1_r0,chocolate_bomb,730,0.985331
FKIT,S+X2_M1_r0,chocolate_bomb,731,0.985101
FKIT,S+X2_M1_r0,chocolate_bomb,732,0.985796
FKIT,S+X2_M1_r0,chocolate_bomb,733,0.987451
FKIT,S+X2_M1_r0,chocolate_bomb,734,0.988178
FKIT,S+X2_M1_r0,chocolate_bomb,735,0.986865
FKIT,S+X2_M1_r0,chocolate_bomb,736,0.988501
FKIT,S+X2_M1_r0,chocolate_bomb,737,0.988093
FKIT,S+X2_M1_r0,chocolate_bomb,738,0.986083
FKIT,S+X2_M1_r0,chocolate_bomb,739,0.988861
FKIT,S+X2_M1_r0,chocolate_bomb,740,0.986680
FKIT,S+X2_M1_r0,chocolate_bomb,741,0.987511
FKIT,S+X2_M1_r0,chocolate_bomb,742,0.986192
FKIT,S+X2_M1_r0,chocolate_bomb,743,0.986416
FKIT,S+X2_M1_r0,chocolate_bomb,744,0.986625
FKIT,S+X2_M1_r0,chocolate_bomb,745,0.987124
FKIT,S+X2_M1_r0,chocolate_bomb,746,0.987953
FKIT,S+X2_M1_r0,chocolate_bomb,747,0.986179
FKIT,S+X2_M1_r0,chocolate_bomb,748,0.987216
FKIT,S+X2_M1_r0,chocolate_bomb,749,0.990543
FKIT,S+X2_M1_r0,chocolate_bomb,750,0.985937
FKIT,S+X2_M1_r0,chocolate_bomb,751,0.988084
FKIT,S+X2_M1_r0,chocolate_bomb,752,0.987629
FKIT,S+X2_M1_r0,chocolate_bomb,753,0.986449
FKIT,S+X2_M1_r0,chocolate_bomb,754,0.985468
FKIT,S+X2_M1_r0,chocolate_bomb,755,0.986711
FKIT,S+X2_M1_r0,chocolate_bomb,756,0.986653
FKIT,S+X2_M1_r0,chocolate_bomb,757,0.985879
FKIT,S+X2_M1_r0,chocolate_bomb,758,0.985639
FKIT,S+X2_M1_r0,chocolate_bomb,759,0.984441
FKIT,S+X2_M1_r0,chocolate_bomb,760,0.983630
FKIT,S+X2_M1_r0,chocolate_bomb,761,0.983376
FKIT,S+X2_M1_r0,chocolate_bomb,762,0.983449
FKIT,S+X2_M1_r0,chocolate_bomb,763,0.983764
FKIT,S+X2_M1_r0,chocolate_bomb,764,0.981777
FKIT,S+X2_M1_r0,chocolate_bomb,765,0.979627
FKIT,S+X2_M1_r0,chocolate_bomb,766,0.980221
FKIT,S+X2_M1_r0,chocolate_bomb,767,0.981195
FKIT,S+X2_M1_r0,chocolate_bomb,768,0.977006
FKIT,S+X2_M1_r0,chocolate_bomb,769,0.975989
FKIT,S+X2_M1_r0,chocolate_bomb,770,0.977839
FKIT,S+X2_M1_r0,chocolate_bomb,771,0.979445
FKIT,S+X2_M1_r0,chocolate_bomb,772,0.979138
FKIT,S+X2_M1_r0,chocolate_bomb,773,0.976292
FKIT,S+X2_M1_r0,chocolate_bomb,774,0.978372
FKIT,S+X2_M1_r0,chocolate_bomb,775,0.976783
FKIT,S+X2_M1_r0,chocolate_bomb,776,0.978435
FKIT,S+X2_M1_r0,chocolate_bomb,777,0.979254
FKIT,S+X2_M1_r0,chocolate_bomb,778,0.974165
FKIT,S+X2_M1_r0,chocolate_bomb,779,0.978893
FKIT,S+X2_M1_r0,chocolate_bomb,780,0.981989
FKIT,S+X2_M1_r0,chocolate_bomb,781,0.980077
FKIT,S+X2_M1_r0,chocolate_bomb,782,0.980778
FKIT,S+X2_M1_r0,chocolate_bomb,783,0.980739
FKIT,S+X2_M1_r0,chocolate_bomb,784,0.979888
FKIT,S+X2_M1_r0,chocolate_bomb,785,0.978695
FKIT,S+X2_M1_r0,chocolate_bomb,786,0.978593
FKIT,S+X2_M1_r0,chocolate_bomb,787,0.979741
FKIT,S+X2_M1_r0,chocolate_bomb,788,0.978104
FKIT,S+X2_M1_r0,chocolate_bomb,789,0.978180
FKIT,S+X2_M1_r0,chocolate_bomb,790,0.976524
FKIT,S+X2_M1_r0,chocolate_bomb,791,0.973510
FKIT,S+X2_M1_r0,chocolate_bomb,792,0.980347
FKIT,S+X2_M1_r0,chocolate_bomb,793,0.979037
FKIT,S+X2_M1_r0,chocolate_bomb,794,0.984107
FKIT,S+X2_M1_r0,chocolate_bomb,795,0.979723
FKIT,S+X2_M1_r0,chocolate_bomb,796,0.982378
FKIT,S+X2_M1_r0,chocolate_bomb,797,0.981057
FKIT,S+X2_M1_r0,chocolate_bomb,798,0.983078
FKIT,S+X2_M1_r0,chocolate_bomb,799,0.983094
FKIT,S+X2_M1_r0,chocolate_bomb,800,0.983073
FKIT,S+X2_M1_r0,chocolate_bomb,801,0.984158
FKIT,S+X2_M1_r0,chocolate_bomb,802,0.981390
FKIT,S+X2_M1_r0,chocolate_bomb,803,0.983459
FKIT,S+X2_M1_r0,chocolate_bomb,804,0.985327
FKIT,S+X2_M1_r0,chocolate_bomb,805,0.985329
FKIT,S+X2_M1_r0,chocolate_bomb,806,0.986129
FKIT,S+X2_M1_r0,chocolate_bomb,807,0.986285
FKIT,S+X2_M1_r0,chocolate_bomb,808,0.982668
FKIT,S+X2_M1_r0,chocolate_bomb,809,0.985334
FKIT,S+X2_M1_r0,chocolate_bomb,810,0.985775
FKIT,S+X2_M1_r0,chocolate_bomb,811,0.986375
FKIT,S+X2_M1_r0,chocolate_bomb,812,0.984411
FKIT,S+X2_M1_r0,chocolate_bomb,813,0.986070
FKIT,S+X2_M1_r0,chocolate_bomb,814,0.988101
FKIT,S+X2_M1_r0,chocolate_bomb,815,0.986058
FKIT,S+X2_M1_r0,chocolate_bomb,816,0.989768
FKIT,S+X2_M1_r0,chocolate_bomb,817,0.988690
FKIT,S+X2_M1_r0,chocolate_bomb,818,0.986596
FKIT,S+X2_M1_r0,chocolate_bomb,819,0.989428
FKIT,S+X2_M1_r0,chocolate_bomb,820,0.986576
FKIT,S+X2_M1_r0,chocolate_bomb,821,0.984594
FKIT,S+X2_M1_r0,chocolate_bomb,822,0.985189
FKIT,S+X2_M1_r0,chocolate_bomb,823,0.982124
FKIT,S+X2_M1_r0,chocolate_bomb,824,0.987776
FKIT,S+X2_M1_r0,chocolate_bomb,825,0.982094
FKIT,S+X2_M1_r0,chocolate_bomb,826,0.984056
FKIT,S+X2_M1_r0,chocolate_bomb,827,0.984033
FKIT,S+X2_M1_r0,chocolate_bomb,828,0.984706
FKIT,S+X2_M1_r0,chocolate_bomb,829,0.984934
FKIT,S+X2_M1_r0,chocolate_bomb,830,0.982681
FKIT,S+X2_M1_r0,chocolate_bomb,831,0.986790
FKIT,S+X2_M1_r0,chocolate_bomb,832,0.985372
FKIT,S+X2_M1_r0,chocolate_bomb,833,0.985174
FKIT,S+X2_M1_r0,chocolate_bomb,834,0.986572
FKIT,S+X2_M1_r0,chocolate_bomb,835,0.988622
FKIT,S+X2_M1_r0,chocolate_bomb,836,0.986738
FKIT,S+X2_M1_r0,chocolate_bomb,837,0.985812
FKIT,S+X2_M1_r0,chocolate_bomb,838,0.987474
FKIT,S+X2_M1_r0,chocolate_bomb,839,0.988410
FKIT,S+X2_M1_r0,chocolate_bomb,840,0.986567
FKIT,S+X2_M1_r0,chocolate_bomb,841,0.987298
FKIT,S+X2_M1_r0,chocolate_bomb,842,0.984391
FKIT,S+X2_M1_r0,chocolate_bomb,843,0.986621
FKIT,S+X2_M1_r0,chocolate_bomb,844,0.987415
FKIT,S+X2_M1_r0,chocolate_bomb,845,0.986651
FKIT,S+X2_M1_r0,chocolate_bomb,846,0.984722
FKIT,S+X2_M1_r0,chocolate_bomb,847,0.982811
FKIT,S+X2_M1_r0,chocolate_bomb,848,0.987080
FKIT,S+X2_M1_r0,chocolate_bomb,849,0.985594
FKIT,S+X2_M1_r0,chocolate_bomb,850,0.987128
FKIT,S+X2_M1_r0,chocolate_bomb,851,0.988717
FKIT,S+X2_M1_r0,chocolate_bomb,852,0.987004
FKIT,S+X2_M1_r0,chocolate_bomb,853,0.988310
FKIT,S+X2_M1_r0,chocolate_bomb,854,0.985801
FKIT,S+X2_M1_r0,chocolate_bomb,855,0.988041
FKIT,S+X2_M1_r0,chocolate_bomb,856,0.987017
FKIT,S+X2_M1_r0,chocolate_bomb,857,0.990901
FKIT,S+X2_M1_r0,chocolate_bomb,858,0.989148
FKIT,S+X2_M1_r0,chocolate_bomb,859,0.988119
FKIT,S+X2_M1_r0,chocolate_bomb,860,0.989925
FKIT,S+X2_M1_r0,chocolate_bomb,861,0.988961
FKIT,S+X2_M1_r0,chocolate_bomb,862,0.989022
FKIT,S+X2_M1_r0,chocolate_bomb,863,0.990523
FKIT,S+X2_M1_r0,chocolate_bomb,864,0.992926
FKIT,S+X2_M1_r0,chocolate_bomb,865,0.990672
FKIT,S+X2_M1_r0,chocolate_bomb,866,0.990448
FKIT,S+X2_M1_r0,chocolate_bomb,867,0.991872
FKIT,S+X2_M1_r0,chocolate_bomb,868,0.991423
FKIT,S+X2_M1_r0,chocolate_bomb,869,0.988373
FKIT,S+X2_M1_r0,chocolate_bomb,870,0.979494
FKIT,S+X2_M1_r0,chocolate_bomb,871,0.974869
FKIT,S+X2_M1_r0,chocolate_bomb,872,0.967549
FKIT,S+X2_M1_r0,chocolate_bomb,873,0.965038
FKIT,S+X2_M1_r0,chocolate_bomb,874,0.970120
FKIT,S+X2_M1_r0,chocolate_bomb,875,0.969676
FKIT,S+X2_M1_r0,chocolate_bomb,876,0.967147
FKIT,S+X2_M1_r0,chocolate_bomb,877,0.967062
FKIT,S+X2_M1_r0,chocolate_bomb,878,0.961076
FKIT,S+X2_M1_r0,chocolate_bomb,879,0.967673
FKIT,S+X2_M1_r0,chocolate_bomb,880,0.967858
FKIT,S+X2_M1_r0,chocolate_bomb,881,0.968506
FKIT,S+X2_M1_r0,chocolate_bomb,882,0.963944
FKIT,S+X2_M1_r0,chocolate_bomb,883,0.971601
FKIT,S+X2_M1_r0,chocolate_bomb,884,0.971360
FKIT,S+X2_M1_r0,chocolate_bomb,885,0.970020
FKIT,S+X2_M1_r0,chocolate_bomb,886,0.967265
FKIT,S+X2_M1_r0,chocolate_bomb,887,0.968166
FKIT,S+X2_M1_r0,chocolate_bomb,888,0.968204
FKIT,S+X2_M1_r0,chocolate_bomb,889,0.979981
FKIT,S+X2_M1_r0,chocolate_bomb,890,0.981044
FKIT,S+X2_M1_r0,chocolate_bomb,891,0.986983
FKIT,S+X2_M1_r0,chocolate_bomb,892,0.979151
FKIT,S+X2_M1_r0,chocolate_bomb,893,0.983442
FKIT,S+X2_M1_r0,chocolate_bomb,894,0.985266
FKIT,S+X2_M1_r0,chocolate_bomb,895,0.986858
FKIT,S+X2_M1_r0,chocolate_bomb,896,0.985016
FKIT,S+X2_M1_r0,chocolate_bomb,897,0.988148
FKIT,S+X2_M1_r0,chocolate_bomb,898,0.984572
FKIT,S+X2_M1_r0,chocolate_bomb,899,0.985858
FKIT,S+X2_M1_r0,chocolate_bomb,900,0.985593
FKIT,S+X2_M1_r0,chocolate_bomb,901,0.986695
FKIT,S+X2_M1_r0,chocolate_bomb,902,0.984801
FKIT,S+X2_M1_r0,chocolate_bomb,903,0.981676
FKIT,S+X2_M1_r0,chocolate_bomb,904,0.983833
FKIT,S+X2_M1_r0,chocolate_bomb,905,0.986306
FKIT,S+X2_M1_r0,chocolate_bomb,906,0.986783
FKIT,S+X2_M1_r0,chocolate_bomb,907,0.980712
FKIT,S+X2_M1_r0,chocolate_bomb,908,0.984498
FKIT,S+X2_M1_r0,chocolate_bomb,909,0.983872
FKIT,S+X2_M1_r0,chocolate_bomb,910,0.979647
FKIT,S+X2_M1_r0,chocolate_bomb,911,0.980670
FKIT,S+X2_M1_r0,chocolate_bomb,912,0.978425
FKIT,S+X2_M1_r0,chocolate_bomb,913,0.976416
FKIT,S+X2_M1_r0,chocolate_bomb,914,0.982136
FKIT,S+X2_M1_r0,chocolate_bomb,915,0.981628
FKIT,S+X2_M1_r0,chocolate_bomb,916,0.976620
FKIT,S+X2_M1_r0,chocolate_bomb,917,0.973900
FKIT,S+X2_M1_r0,chocolate_bomb,918,0.965062
FKIT,S+X2_M1_r0,chocolate_bomb,919,0.962445
FKIT,S+X2_M1_r0,chocolate_bomb,920,0.960591
FKIT,S+X2_M1_r0,chocolate_bomb,921,0.972038
FKIT,S+X2_M1_r0,chocolate_bomb,922,0.972120
FKIT,S+X2_M1_r0,chocolate_bomb,923,0.962212
FKIT,S+X2_M1_r0,chocolate_bomb,924,0.964243
FKIT,S+X2_M1_r0,chocolate_bomb,925,0.968608
FKIT,S+X2_M1_r0,chocolate_bomb,926,0.958562
FKIT,S+X2_M1_r0,chocolate_bomb,927,0.945359
FKIT,S+X2_M1_r0,chocolate_bomb,928,0.946579
FKIT,S+X2_M1_r0,chocolate_bomb,929,0.938610
FKIT,S+X2_M1_r0,chocolate_bomb,930,0.942055
FKIT,S+X2_M1_r0,chocolate_bomb,931,0.949726
FKIT,S+X2_M1_r0,chocolate_bomb,932,0.962326
FKIT,S+X2_M1_r0,chocolate_bomb,933,0.969192
FKIT,S+X2_M1_r0,chocolate_bomb,934,0.970702
FKIT,S+X2_M1_r0,chocolate_bomb,935,0.965852
FKIT,S+X2_M1_r0,chocolate_bomb,936,0.968766
FKIT,S+X2_M1_r0,chocolate_bomb,937,0.969475
FKIT,S+X2_M1_r0,chocolate_bomb,938,0.972019
FKIT,S+X2_M1_r0,chocolate_bomb,939,0.971622
FKIT,S+X2_M1_r0,chocolate_bomb,940,0.969157
FKIT,S+X2_M1_r0,chocolate_bomb,941,0.978219
FKIT,S+X2_M1_r0,chocolate_bomb,942,0.982332
FKIT,S+X2_M1_r0,chocolate_bomb,943,0.977944
FKIT,S+X2_M1_r0,chocolate_bomb,944,0.976546
FKIT,S+X2_M1_r0,chocolate_bomb,945,0.970772
FKIT,S+X2_M1_r0,chocolate_bomb,946,0.979399
FKIT,S+X2_M1_r0,chocolate_bomb,947,0.971437
FKIT,S+X2_M1_r0,chocolate_bomb,948,0.979088
FKIT,S+X2_M1_r0,chocolate_bomb,949,0.969324
FKIT,S+X2_M1_r0,chocolate_bomb,950,0.985294
FKIT,S+X2_M1_r0,chocolate_bomb,951,0.985641
FKIT,S+X2_M1_r0,chocolate_bomb,952,0.983982
FKIT,S+X2_M1_r0,chocolate_bomb,953,0.981626
FKIT,S+X2_M1_r0,chocolate_bomb,954,0.976638
FKIT,S+X2_M1_r0,chocolate_bomb,955,0.981808
FKIT,S+X2_M1_r0,chocolate_bomb,956,0.983848
FKIT,S+X2_M1_r0,chocolate_bomb,957,0.986609
FKIT,S+X2_M1_r0,chocolate_bomb,958,0.985298
FKIT,S+X2_M1_r0,chocolate_bomb,959,0.985297
FKIT,S+X2_M1_r0,chocolate_bomb,960,0.985449
FKIT,S+X2_M1_r0,chocolate_bomb,961,0.987304
FKIT,S+X2_M1_r0,chocolate_bomb,962,0.986283
FKIT,S+X2_M1_r0,chocolate_bomb,963,0.985206
FKIT,S+X2_M1_r0,chocolate_bomb,964,0.986780
FKIT,S+X2_M1_r0,chocolate_bomb,965,0.988106
FKIT,S+X2_M1_r0,chocolate_bomb,966,0.983002
FKIT,S+X2_M1_r0,chocolate_bomb,967,0.981788
FKIT,S+X2_M1_r0,chocolate_bomb,968,0.976371
FKIT,S+X2_M1_r0,chocolate_bomb,969,0.974619
FKIT,S+X2_M1_r0,chocolate_bomb,970,0.977607
FKIT,S+X2_M1_r0,chocolate_bomb,971,0.976605
FKIT,S+X2_M1_r0,chocolate_bomb,972,0.978425
FKIT,S+X2_M1_r0,chocolate_bomb,973,0.976940
FKIT,S+X2_M1_r0,chocolate_bomb,974,0.980474
FKIT,S+X2_M1_r0,chocolate_bomb,975,0.979596
FKIT,S+X2_M1_r0,chocolate_bomb,976,0.975253
FKIT,S+X2_M1_r0,chocolate_bomb,977,0.980170
FKIT,S+X2_M1_r0,chocolate_bomb,978,0.976555
FKIT,S+X2_M1_r0,chocolate_bomb,979,0.976710
FKIT,S+X2_M1_r0,chocolate_bomb,980,0.980230
FKIT,S+X2_M1_r0,chocolate_bomb,981,0.982879
FKIT,S+X2_M1_r0,chocolate_bomb,982,0.989293
FKIT,S+X2_M1_r0,chocolate_bomb,983,0.986087
FKIT,S+X2_M1_r0,chocolate_bomb,984,0.984817
FKIT,S+X2_M1_r0,chocolate_bomb,985,0.985696
FKIT,S+X2_M1_r0,chocolate_bomb,986,0.981646
FKIT,S+X2_M1_r0,chocolate_bomb,987,0.983088
FKIT,S+X2_M1_r0,chocolate_bomb,988,0.984275
FKIT,S+X2_M1_r0,chocolate_bomb,989,0.980725
FKIT,S+X2_M1_r0,chocolate_bomb,990,0.977535
FKIT,S+X2_M1_r0,chocolate_bomb,991,0.983438
FKIT,S+X2_M1_r0,chocolate_bomb,992,0.981880
FKIT,S+X2_M1_r0,chocolate_bomb,993,0.979207
FKIT,S+X2_M1_r0,chocolate_bomb,994,0.977206
FKIT,S+X2_M1_r0,chocolate_bomb,995,0.974826
FKIT,S+X2_M1_r0,chocolate_bomb,996,0.972106
FKIT,S+X2_M1_r0,chocolate_bomb,997,0.966009
FKIT,S+X2_M1_r0,chocolate_bomb,998,0.965990
FKIT,S+X2_M1_r0,chocolate_bomb,999,0.968213
FKIT,S+X2_M1_r0,chocolate_bomb,1000,0.963746
FKIT,S+X2_M1_r0,chocolate_bomb,1001,0.973044
FKIT,S+X2_M1_r0,chocolate_bomb,1002,0.967661
FKIT,S+X2_M1_r0,chocolate_bomb,1003,0.979338
FKIT,S+X2_M1_r0,chocolate_bomb,1004,0.974815
FKIT,S+X2_M1_r0,chocolate_bomb,1005,0.979934
FKIT,S+X2_M1_r0,chocolate_bomb,1006,0.979811
FKIT,S+X2_M1_r0,chocolate_bomb,1007,0.979752
FKIT,S+X2_M1_r0,chocolate_bomb,1008,0.979961
FKIT,S+X2_M1_r0,chocolate_bomb,1009,0.977922
FKIT,S+X2_M1_r0,chocolate_bomb,1010,0.978331
FKIT,S+X2_M1_r0,chocolate_bomb,1011,0.986455
FKIT,S+X2_M1_r0,chocolate_bomb,1012,0.986134
FKIT,S+X2_M1_r0,chocolate_bomb,1013,0.985888
FKIT,S+X2_M1_r0,chocolate_bomb,1014,0.979290
FKIT,S+X2_M1_r0,chocolate_bomb,1015,0.977761
FKIT,S+X2_M1_r0,chocolate_bomb,1016,0.973986
FKIT,S+X2_M1_r0,chocolate_bomb,1017,0.973149
FKIT,S+X2_M1_r0,chocolate_bomb,1018,0.963625
FKIT,S+X2_M1_r0,chocolate_bomb,1019,0.958630
FKIT,S+X2_M1_r0,chocolate_bomb,1020,0.958590
FKIT,S+X2_M1_r0,chocolate_bomb,1021,0.967980
FKIT,S+X2_M1_r0,chocolate_bomb,1022,0.970556
FKIT,S+X2_M1_r0,chocolate_bomb,1023,0.968870
FKIT,S+X2_M1_r0,chocolate_bomb,1024,0.968379
FKIT,S+X2_M1_r0,chocolate_bomb,1025,0.967706
FKIT,S+X2_M1_r0,chocolate_bomb,1026,0.948695
FKIT,S+X2_M1_r0,chocolate_bomb,1027,0.952026
FKIT,S+X2_M1_r0,chocolate_bomb,1028,0.925682
FKIT,S+X2_M1_r0,chocolate_bomb,1029,0.906940
FKIT,S+X2_M1_r0,chocolate_bomb,1030,0.901692
FKIT,S+X2_M1_r0,chocolate_bomb,1031,0.889750
FKIT,S+X2_M1_r0,chocolate_bomb,1032,0.876328
FKIT,S+X2_M1_r0,chocolate_bomb,1033,0.858410
FKIT,S+X2_M1_r0,chocolate_bomb,1034,0.837925
FKIT,S+X2_M1_r0,chocolate_bomb,1035,0.844398
FKIT,S+X2_M1_r0,chocolate_bomb,1036,0.851281
FKIT,S+X2_M1_r0,chocolate_bomb,1037,0.729562
FKIT,S+X2_M1_r0,chocolate_bomb,1038,0.825960
FKIT,S+X2_M1_r0,chocolate_bomb,1039,0.824364
FKIT,S+X2_M1_r0,chocolate_bomb,1040,0.822223
FKIT,S+X2_M1_r0,chocolate_bomb,1041,0.828123
FKIT,S+X2_M1_r0,chocolate_bomb,1042,0.828918
FKIT,S+X2_M1_r0,chocolate_bomb,1043,0.845587
FKIT,S+X2_M1_r0,chocolate_bomb,1044,0.832343
FKIT,S+X2_M1_r0,chocolate_bomb,1045,0.859458
FKIT,S+X2_M1_r0,chocolate_bomb,1046,0.897148
FKIT,S+X2_M1_r0,chocolate_bomb,1047,0.900718
FKIT,S+X2_M1_r0,chocolate_bomb,1048,0.934436
FKIT,S+X2_M1_r0,chocolate_bomb,1049,0.930798
FKIT,S+X2_M1_r0,chocolate_bomb,1050,0.939534
FKIT,S+X2_M1_r0,chocolate_bomb,1051,0.941540
FKIT,S+X2_M1_r0,chocolate_bomb,1052,0.943004
FKIT,S+X2_M1_r0,chocolate_bomb,1053,0.945508
FKIT,S+X2_M1_r0,chocolate_bomb,1054,0.945607
FKIT,S+X2_M1_r0,chocolate_bomb,1055,0.960179
FKIT,S+X2_M1_r0,chocolate_bomb,1056,0.938037
FKIT,S+X2_M1_r0,chocolate_bomb,1057,0.957302
FKIT,S+X2_M1_r0,chocolate_bomb,1058,0.952766
FKIT,S+X2_M1_r0,chocolate_bomb,1059,0.948182
FKIT,S+X2_M1_r0,chocolate_bomb,1060,0.951265
FKIT,S+X2_M1_r0,chocolate_bomb,1061,0.960035
FKIT,S+X2_M1_r0,chocolate_bomb,1062,0.942724
FKIT,S+X2_M1_r0,chocolate_bomb,1063,0.948944
FKIT,S+X2_M1_r0,chocolate_bomb,1064,0.944167
FKIT,S+X2_M1_r0,chocolate_bomb,1065,0.944570
FKIT,S+X2_M1_r0,chocolate_bomb,1066,0.947580
FKIT,S+X2_M1_r0,chocolate_bomb,1067,0.940813
FKIT,S+X2_M1_r0,chocolate_bomb,1068,0.954387
FKIT,S+X2_M1_r0,chocolate_bomb,1069,0.953388
FKIT,S+X2_M1_r0,chocolate_bomb,1070,0.954196
FKIT,S+X2_M1_r0,chocolate_bomb,1071,0.957237
FKIT,S+X2_M1_r0,chocolate_bomb,1072,0.955306
FKIT,S+X2_M1_r0,chocolate_bomb,1073,0.950042
FKIT,S+X2_M1_r0,chocolate_bomb,1074,0.960423
FKIT,S+X2_M1_r0,chocolate_bomb,1075,0.957784
FKIT,S+X2_M1_r0,chocolate_bomb,1076,0.958377
FKIT,S+X2_M1_r0,chocolate_bomb,1077,0.967961
FKIT,S+X2_M1_r0,chocolate_bomb,1078,0.978125
FKIT,S+X2_M1_r0,chocolate_bomb,1079,0.976289
FKIT,S+X2_M1_r0,chocolate_bomb,1080,0.976171
FKIT,S+X2_M1_r0,chocolate_bomb,1081,0.971990
FKIT,S+X2_M1_r0,chocolate_bomb,1082,0.964262
FKIT,S+X2_M1_r0,chocolate_bomb,1083,0.970013
FKIT,S+X2_M1_r0,chocolate_bomb,1084,0.957589
FKIT,S+X2_M1_r0,chocolate_bomb,1085,0.974719
FKIT,S+X2_M1_r0,chocolate_bomb,1086,0.962993
FKIT,S+X2_M1_r0,chocolate_bomb,1087,0.965942
FKIT,S+X2_M1_r0,chocolate_bomb,1088,0.971691
FKIT,S+X2_M1_r0,chocolate_bomb,1089,0.947902
FKIT,S+X2_M1_r0,chocolate_bomb,1090,0.958205
FKIT,S+X2_M1_r0,chocolate_bomb,1091,0.955264
FKIT,S+X2_M1_r0,chocolate_bomb,1092,0.964325
FKIT,S+X2_M1_r0,chocolate_bomb,1093,0.967828
FKIT,S+X2_M1_r0,chocolate_bomb,1094,0.968216
FKIT,S+X2_M1_r0,chocolate_bomb,1095,0.966525
FKIT,S+X2_M1_r0,chocolate_bomb,1096,0.956242
FKIT,S+X2_M1_r0,chocolate_bomb,1097,0.978612
FKIT,S+X2_M1_r0,chocolate_bomb,1098,0.963048
FKIT,S+X2_M1_r0,chocolate_bomb,1099,0.973390
FKIT,S+X2_M1_r0,chocolate_bomb,1100,0.977550
FKIT,S+X2_M1_r0,chocolate_bomb,1101,0.978733
FKIT,S+X2_M1_r0,chocolate_bomb,1102,0.983645
FKIT,S+X2_M1_r0,chocolate_bomb,1103,0.975948
FKIT,S+X2_M1_r0,chocolate_bomb,1104,0.978063
FKIT,S+X2_M1_r0,chocolate_bomb,1105,0.984055
FKIT,S+X2_M1_r0,chocolate_bomb,1106,0.980901
FKIT,S+X2_M1_r0,chocolate_bomb,1107,0.982007
FKIT,S+X2_M1_r0,chocolate_bomb,1108,0.984591
FKIT,S+X2_M1_r0,chocolate_bomb,1109,0.981713
FKIT,S+X2_M1_r0,chocolate_bomb,1110,0.980790
FKIT,S+X2_M1_r0,chocolate_cake,0,0.367868
FKIT,S+X2_M1_r0,chocolate_cake,1,0.457922
FKIT,S+X2_M1_r0,chocolate_cake,2,0.480000
FKIT,S+X2_M1_r0,chocolate_cake,3,0.491488
FKIT,S+X2_M1_r0,chocolate_cake,4,0.475808
FKIT,S+X2_M1_r0,chocolate_cake,5,0.469951
FKIT,S+X2_M1_r0,chocolate_cake,6,0.485131
FKIT,S+X2_M1_r0,chocolate_cake,7,0.478635
FKIT,S+X2_M1_r0,chocolate_cake,8,0.482930
FKIT,S+X2_M1_r0,chocolate_cake,9,0.474128
FKIT,S+X2_M1_r0,chocolate_cake,10,0.479534
FKIT,S+X2_M1_r0,chocolate_cake,11,0.429667
FKIT,S+X2_M1_r0,chocolate_cake,12,0.411830
FKIT,S+X2_M1_r0,chocolate_cake,13,0.418235
FKIT,S+X2_M1_r0,chocolate_cake,14,0.412322
FKIT,S+X2_M1_r0,chocolate_cake,15,0.411352
FKIT,S+X2_M1_r0,chocolate_cake,16,0.415235
FKIT,S+X2_M1_r0,chocolate_cake,17,0.458712
FKIT,S+X2_M1_r0,chocolate_cake,18,0.455720
FKIT,S+X2_M1_r0,chocolate_cake,19,0.436885
FKIT,S+X2_M1_r0,chocolate_cake,20,0.405351
FKIT,S+X2_M1_r0,chocolate_cake,21,0.387462
FKIT,S+X2_M1_r0,chocolate_cake,22,0.381330
FKIT,S+X2_M1_r0,chocolate_cake,23,0.399055
FKIT,S+X2_M1_r0,chocolate_cake,24,0.364103
FKIT,S+X2_M1_r0,chocolate_cake,25,0.384997
FKIT,S+X2_M1_r0,chocolate_cake,26,0.431507
FKIT,S+X2_M1_r0,chocolate_cake,27,0.431252
FKIT,S+X2_M1_r0,chocolate_cake,28,0.403812
FKIT,S+X2_M1_r0,chocolate_cake,29,0.409774
FKIT,S+X2_M1_r0,chocolate_cake,30,0.461107
FKIT,S+X2_M1_r0,chocolate_cake,31,0.541770
FKIT,S+X2_M1_r0,chocolate_cake,32,0.510365
FKIT,S+X2_M1_r0,chocolate_cake,33,0.506668
FKIT,S+X2_M1_r0,chocolate_cake,34,0.539481
FKIT,S+X2_M1_r0,chocolate_cake,35,0.528499
FKIT,S+X2_M1_r0,chocolate_cake,36,0.542178
FKIT,S+X2_M1_r0,chocolate_cake,37,0.509157
FKIT,S+X2_M1_r0,chocolate_cake,38,0.469197
FKIT,S+X2_M1_r0,chocolate_cake,39,0.512378
FKIT,S+X2_M1_r0,chocolate_cake,40,0.622667
FKIT,S+X2_M1_r0,chocolate_cake,41,0.702533
FKIT,S+X2_M1_r0,chocolate_cake,42,0.684322
FKIT,S+X2_M1_r0,chocolate_cake,43,0.773070
FKIT,S+X2_M1_r0,chocolate_cake,44,0.745502
FKIT,S+X2_M1_r0,chocolate_cake,45,0.717459
FKIT,S+X2_M1_r0,chocolate_cake,46,0.785348
FKIT,S+X2_M1_r0,chocolate_cake,47,0.821838
FKIT,S+X2_M1_r0,chocolate_cake,48,0.824762
FKIT,S+X2_M1_r0,chocolate_cake,49,0.847831
FKIT,S+X2_M1_r0,chocolate_cake,50,0.810233
FKIT,S+X2_M1_r0,chocolate_cake,51,0.903646
FKIT,S+X2_M1_r0,chocolate_cake,52,0.919450
FKIT,S+X2_M1_r0,chocolate_cake,53,0.908251
FKIT,S+X2_M1_r0,chocolate_cake,54,0.920943
FKIT,S+X2_M1_r0,chocolate_cake,55,0.934793
FKIT,S+X2_M1_r0,chocolate_cake,56,0.930194
FKIT,S+X2_M1_r0,chocolate_cake,57,0.919039
FKIT,S+X2_M1_r0,chocolate_cake,58,0.920563
FKIT,S+X2_M1_r0,chocolate_cake,59,0.924992
FKIT,S+X2_M1_r0,chocolate_cake,60,0.927029
FKIT,S+X2_M1_r0,chocolate_cake,61,0.950081
FKIT,S+X2_M1_r0,chocolate_cake,62,0.944992
FKIT,S+X2_M1_r0,chocolate_cake,63,0.942287
FKIT,S+X2_M1_r0,chocolate_cake,64,0.945101
FKIT,S+X2_M1_r0,chocolate_cake,65,0.939390
FKIT,S+X2_M1_r0,chocolate_cake,66,0.946248
FKIT,S+X2_M1_r0,chocolate_cake,67,0.942106
FKIT,S+X2_M1_r0,chocolate_cake,68,0.939458
FKIT,S+X2_M1_r0,chocolate_cake,69,0.940490
FKIT,S+X2_M1_r0,chocolate_cake,70,0.955941
FKIT,S+X2_M1_r0,chocolate_cake,71,0.963882
FKIT,S+X2_M1_r0,chocolate_cake,72,0.958538
FKIT,S+X2_M1_r0,chocolate_cake,73,0.963937
FKIT,S+X2_M1_r0,chocolate_cake,74,0.967776
FKIT,S+X2_M1_r0,chocolate_cake,75,0.967028
FKIT,S+X2_M1_r0,chocolate_cake,76,0.973860
FKIT,S+X2_M1_r0,chocolate_cake,77,0.967614
FKIT,S+X2_M1_r0,chocolate_cake,78,0.964653
FKIT,S+X2_M1_r0,chocolate_cake,79,0.965344
FKIT,S+X2_M1_r0,chocolate_cake,80,0.969344
FKIT,S+X2_M1_r0,chocolate_cake,81,0.971871
FKIT,S+X2_M1_r0,chocolate_cake,82,0.969664
FKIT,S+X2_M1_r0,chocolate_cake,83,0.973936
FKIT,S+X2_M1_r0,chocolate_cake,84,0.978623
FKIT,S+X2_M1_r0,chocolate_cake,85,0.976810
FKIT,S+X2_M1_r0,chocolate_cake,86,0.978842
FKIT,S+X2_M1_r0,chocolate_cake,87,0.981304
FKIT,S+X2_M1_r0,chocolate_cake,88,0.978947
FKIT,S+X2_M1_r0,chocolate_cake,89,0.979288
FKIT,S+X2_M1_r0,chocolate_cake,90,0.981913
FKIT,S+X2_M1_r0,chocolate_cake,91,0.977309
FKIT,S+X2_M1_r0,chocolate_cake,92,0.982239
FKIT,S+X2_M1_r0,chocolate_cake,93,0.978665
FKIT,S+X2_M1_r0,chocolate_cake,94,0.980711
FKIT,S+X2_M1_r0,chocolate_cake,95,0.980934
FKIT,S+X2_M1_r0,chocolate_cake,96,0.979854
FKIT,S+X2_M1_r0,chocolate_cake,97,0.979150
FKIT,S+X2_M1_r0,chocolate_cake,98,0.978138
FKIT,S+X2_M1_r0,chocolate_cake,99,0.979638
FKIT,S+X2_M1_r0,chocolate_cake,100,0.973489
FKIT,S+X2_M1_r0,chocolate_cake,101,0.973530
FKIT,S+X2_M1_r0,chocolate_cake,102,0.976541
FKIT,S+X2_M1_r0,chocolate_cake,103,0.974416
FKIT,S+X2_M1_r0,chocolate_cake,104,0.975083
FKIT,S+X2_M1_r0,chocolate_cake,105,0.976354
FKIT,S+X2_M1_r0,chocolate_cake,106,0.974452
FKIT,S+X2_M1_r0,chocolate_cake,107,0.953568
FKIT,S+X2_M1_r0,chocolate_cake,108,0.970342
FKIT,S+X2_M1_r0,chocolate_cake,109,0.958456
FKIT,S+X2_M1_r0,chocolate_cake,110,0.934833
FKIT,S+X2_M1_r0,chocolate_cake,111,0.969580
FKIT,S+X2_M1_r0,chocolate_cake,112,0.968627
FKIT,S+X2_M1_r0,chocolate_cake,113,0.970470
FKIT,S+X2_M1_r0,chocolate_cake,114,0.968248
FKIT,S+X2_M1_r0,chocolate_cake,115,0.971543
FKIT,S+X2_M1_r0,chocolate_cake,116,0.965044
FKIT,S+X2_M1_r0,chocolate_cake,117,0.970372
FKIT,S+X2_M1_r0,chocolate_cake,118,0.976452
FKIT,S+X2_M1_r0,chocolate_cake,119,0.971532
FKIT,S+X2_M1_r0,chocolate_cake,120,0.974726
FKIT,S+X2_M1_r0,chocolate_cake,121,0.973801
FKIT,S+X2_M1_r0,chocolate_cake,122,0.975695
FKIT,S+X2_M1_r0,chocolate_cake,123,0.974535
FKIT,S+X2_M1_r0,chocolate_cake,124,0.975300
FKIT,S+X2_M1_r0,chocolate_cake,125,0.974916
FKIT,S+X2_M1_r0,chocolate_cake,126,0.974960
FKIT,S+X2_M1_r0,chocolate_cake,127,0.970161
FKIT,S+X2_M1_r0,chocolate_cake,128,0.972268
FKIT,S+X2_M1_r0,chocolate_cake,129,0.971490
FKIT,S+X2_M1_r0,chocolate_cake,130,0.971482
FKIT,S+X2_M1_r0,chocolate_cake,131,0.966697
FKIT,S+X2_M1_r0,chocolate_cake,132,0.967156
FKIT,S+X2_M1_r0,chocolate_cake,133,0.966383
FKIT,S+X2_M1_r0,chocolate_cake,134,0.967618
FKIT,S+X2_M1_r0,chocolate_cake,135,0.968282
FKIT,S+X2_M1_r0,chocolate_cake,136,0.966782
FKIT,S+X2_M1_r0,chocolate_cake,137,0.966315
FKIT,S+X2_M1_r0,chocolate_cake,138,0.969497
FKIT,S+X2_M1_r0,chocolate_cake,139,0.966151
FKIT,S+X2_M1_r0,chocolate_cake,140,0.966628
FKIT,S+X2_M1_r0,chocolate_cake,141,0.963943
FKIT,S+X2_M1_r0,chocolate_cake,142,0.960435
FKIT,S+X2_M1_r0,chocolate_cake,143,0.960993
FKIT,S+X2_M1_r0,chocolate_cake,144,0.961947
FKIT,S+X2_M1_r0,chocolate_cake,145,0.964102
FKIT,S+X2_M1_r0,chocolate_cake,146,0.959405
FKIT,S+X2_M1_r0,chocolate_cake,147,0.959941
FKIT,S+X2_M1_r0,chocolate_cake,148,0.958633
FKIT,S+X2_M1_r0,chocolate_cake,149,0.960124
FKIT,S+X2_M1_r0,chocolate_cake,150,0.957482
FKIT,S+X2_M1_r0,chocolate_cake,151,0.953568
FKIT,S+X2_M1_r0,chocolate_cake,152,0.952507
FKIT,S+X2_M1_r0,chocolate_cake,153,0.954402
FKIT,S+X2_M1_r0,chocolate_cake,154,0.955021
FKIT,S+X2_M1_r0,chocolate_cake,155,0.952627
FKIT,S+X2_M1_r0,chocolate_cake,156,0.959030
FKIT,S+X2_M1_r0,chocolate_cake,157,0.959260
FKIT,S+X2_M1_r0,chocolate_cake,158,0.959041
FKIT,S+X2_M1_r0,chocolate_cake,159,0.959118
FKIT,S+X2_M1_r0,chocolate_cake,160,0.959372
FKIT,S+X2_M1_r0,chocolate_cake,161,0.958161
FKIT,S+X2_M1_r0,chocolate_cake,162,0.961129
FKIT,S+X2_M1_r0,chocolate_cake,163,0.958005
FKIT,S+X2_M1_r0,chocolate_cake,164,0.963154
FKIT,S+X2_M1_r0,chocolate_cake,165,0.955470
FKIT,S+X2_M1_r0,chocolate_cake,166,0.959058
FKIT,S+X2_M1_r0,chocolate_cake,167,0.955040
FKIT,S+X2_M1_r0,chocolate_cake,168,0.952534
FKIT,S+X2_M1_r0,chocolate_cake,169,0.958886
FKIT,S+X2_M1_r0,chocolate_cake,170,0.954353
FKIT,S+X2_M1_r0,chocolate_cake,171,0.955400
FKIT,S+X2_M1_r0,chocolate_cake,172,0.955021
FKIT,S+X2_M1_r0,chocolate_cake,173,0.952098
FKIT,S+X2_M1_r0,chocolate_cake,174,0.958782
FKIT,S+X2_M1_r0,chocolate_cake,175,0.953252
FKIT,S+X2_M1_r0,chocolate_cake,176,0.957099
FKIT,S+X2_M1_r0,chocolate_cake,177,0.954889
FKIT,S+X2_M1_r0,chocolate_cake,178,0.956463
FKIT,S+X2_M1_r0,chocolate_cake,179,0.953991
FKIT,S+X2_M1_r0,chocolate_cake,180,0.958743
FKIT,S+X2_M1_r0,chocolate_cake,181,0.954904
FKIT,S+X2_M1_r0,chocolate_cake,182,0.953927
FKIT,S+X2_M1_r0,chocolate_cake,183,0.959560
FKIT,S+X2_M1_r0,chocolate_cake,184,0.958975
FKIT,S+X2_M1_r0,chocolate_cake,185,0.957582
FKIT,S+X2_M1_r0,chocolate_cake,186,0.959747
FKIT,S+X2_M1_r0,chocolate_cake,187,0.956063
FKIT,S+X2_M1_r0,chocolate_cake,188,0.959025
FKIT,S+X2_M1_r0,chocolate_cake,189,0.953433
FKIT,S+X2_M1_r0,chocolate_cake,190,0.955329
FKIT,S+X2_M1_r0,chocolate_cake,191,0.948789
FKIT,S+X2_M1_r0,chocolate_cake,192,0.957387
FKIT,S+X2_M1_r0,chocolate_cake,193,0.952022
FKIT,S+X2_M1_r0,chocolate_cake,194,0.956578
FKIT,S+X2_M1_r0,chocolate_cake,195,0.956578
FKIT,S+X2_M1_r0,chocolate_cake,196,0.958452
FKIT,S+X2_M1_r0,chocolate_cake,197,0.959923
FKIT,S+X2_M1_r0,chocolate_cake,198,0.953372
FKIT,S+X2_M1_r0,chocolate_cake,199,0.957003
FKIT,S+X2_M1_r0,chocolate_cake,200,0.962915
FKIT,S+X2_M1_r0,chocolate_cake,201,0.961483
FKIT,S+X2_M1_r0,chocolate_cake,202,0.959827
FKIT,S+X2_M1_r0,chocolate_cake,203,0.963210
FKIT,S+X2_M1_r0,chocolate_cake,204,0.964192
FKIT,S+X2_M1_r0,chocolate_cake,205,0.965250
FKIT,S+X2_M1_r0,chocolate_cake,206,0.963778
FKIT,S+X2_M1_r0,chocolate_cake,207,0.967345
FKIT,S+X2_M1_r0,chocolate_cake,208,0.967103
FKIT,S+X2_M1_r0,chocolate_cake,209,0.968411
FKIT,S+X2_M1_r0,chocolate_cake,210,0.967300
FKIT,S+X2_M1_r0,chocolate_cake,211,0.967565
FKIT,S+X2_M1_r0,chocolate_cake,212,0.968461
FKIT,S+X2_M1_r0,chocolate_cake,213,0.966130
FKIT,S+X2_M1_r0,chocolate_cake,214,0.970574
FKIT,S+X2_M1_r0,chocolate_cake,215,0.964466
FKIT,S+X2_M1_r0,chocolate_cake,216,0.960419
FKIT,S+X2_M1_r0,chocolate_cake,217,0.966941
FKIT,S+X2_M1_r0,chocolate_cake,218,0.965164
FKIT,S+X2_M1_r0,chocolate_cake,219,0.963528
FKIT,S+X2_M1_r0,chocolate_cake,220,0.959419
FKIT,S+X2_M1_r0,chocolate_cake,221,0.959341
FKIT,S+X2_M1_r0,chocolate_cake,222,0.963846
FKIT,S+X2_M1_r0,chocolate_cake,223,0.957029
FKIT,S+X2_M1_r0,chocolate_cake,224,0.957384
FKIT,S+X2_M1_r0,chocolate_cake,225,0.956312
FKIT,S+X2_M1_r0,chocolate_cake,226,0.951327
FKIT,S+X2_M1_r0,chocolate_cake,227,0.947933
FKIT,S+X2_M1_r0,chocolate_cake,228,0.948211
FKIT,S+X2_M1_r0,chocolate_cake,229,0.942367
FKIT,S+X2_M1_r0,chocolate_cake,230,0.916571
FKIT,S+X2_M1_r0,chocolate_cake,231,0.953511
FKIT,S+X2_M1_r0,chocolate_cake,232,0.940545
FKIT,S+X2_M1_r0,chocolate_cake,233,0.910771
FKIT,S+X2_M1_r0,chocolate_cake,234,0.947431
FKIT,S+X2_M1_r0,chocolate_cake,235,0.946029
FKIT,S+X2_M1_r0,chocolate_cake,236,0.944645
FKIT,S+X2_M1_r0,chocolate_cake,237,0.932895
FKIT,S+X2_M1_r0,chocolate_cake,238,0.858859
FKIT,S+X2_M1_r0,chocolate_cake,239,0.916797
FKIT,S+X2_M1_r0,chocolate_cake,240,0.892136
FKIT,S+X2_M1_r0,chocolate_cake,241,0.820980
FKIT,S+X2_M1_r0,chocolate_cake,242,0.819187
FKIT,S+X2_M1_r0,chocolate_cake,243,0.835303
FKIT,S+X2_M1_r0,chocolate_cake,244,0.820822
FKIT,S+X2_M1_r0,chocolate_cake,245,0.829078
FKIT,S+X2_M1_r0,chocolate_cake,246,0.787345
FKIT,S+X2_M1_r0,chocolate_cake,247,0.873418
FKIT,S+X2_M1_r0,chocolate_cake,248,0.851535
FKIT,S+X2_M1_r0,chocolate_cake,249,0.735331
FKIT,S+X2_M1_r0,chocolate_cake,250,0.797559
FKIT,S+X2_M1_r0,chocolate_cake,251,0.681478
FKIT,S+X2_M1_r0,chocolate_cake,252,0.782051
FKIT,S+X2_M1_r0,chocolate_cake,253,0.738936
FKIT,S+X2_M1_r0,chocolate_cake,254,0.777573
FKIT,S+X2_M1_r0,chocolate_cake,255,0.797632
FKIT,S+X2_M1_r0,chocolate_cake,256,0.735890
FKIT,S+X2_M1_r0,chocolate_cake,257,0.846323
FKIT,S+X2_M1_r0,chocolate_cake,258,0.751116
FKIT,S+X2_M1_r0,chocolate_cake,259,0.869441
FKIT,S+X2_M1_r0,chocolate_cake,260,0.850543
FKIT,S+X2_M1_r0,chocolate_cake,261,0.868492
FKIT,S+X2_M1_r0,chocolate_cake,262,0.882746
FKIT,S+X2_M1_r0,chocolate_cake,263,0.869113
FKIT,S+X2_M1_r0,chocolate_cake,264,0.834630
FKIT,S+X2_M1_r0,chocolate_cake,265,0.835179
FKIT,S+X2_M1_r0,chocolate_cake,266,0.882701
FKIT,S+X2_M1_r0,chocolate_cake,267,0.851819
FKIT,S+X2_M1_r0,chocolate_cake,268,0.857486
FKIT,S+X2_M1_r0,chocolate_cake,269,0.899193
FKIT,S+X2_M1_r0,chocolate_cake,270,0.873702
FKIT,S+X2_M1_r0,chocolate_cake,271,0.933533
FKIT,S+X2_M1_r0,chocolate_cake,272,0.925492
FKIT,S+X2_M1_r0,chocolate_cake,273,0.895956
FKIT,S+X2_M1_r0,chocolate_cake,274,0.921461
FKIT,S+X2_M1_r0,chocolate_cake,275,0.917493
FKIT,S+X2_M1_r0,chocolate_cake,276,0.928807
FKIT,S+X2_M1_r0,chocolate_cake,277,0.925696
FKIT,S+X2_M1_r0,chocolate_cake,278,0.932319
FKIT,S+X2_M1_r0,chocolate_cake,279,0.941810
FKIT,S+X2_M1_r0,chocolate_cake,280,0.944490
FKIT,S+X2_M1_r0,chocolate_cake,281,0.956306
FKIT,S+X2_M1_r0,chocolate_cake,282,0.958625
FKIT,S+X2_M1_r0,chocolate_cake,283,0.957611
FKIT,S+X2_M1_r0,chocolate_cake,284,0.961717
FKIT,S+X2_M1_r0,chocolate_cake,285,0.958697
FKIT,S+X2_M1_r0,chocolate_cake,286,0.958918
FKIT,S+X2_M1_r0,chocolate_cake,287,0.965003
FKIT,S+X2_M1_r0,chocolate_cake,288,0.965271
FKIT,S+X2_M1_r0,chocolate_cake,289,0.964196
FKIT,S+X2_M1_r0,chocolate_cake,290,0.962561
FKIT,S+X2_M1_r0,chocolate_cake,291,0.965179
FKIT,S+X2_M1_r0,chocolate_cake,292,0.966713
FKIT,S+X2_M1_r0,chocolate_cake,293,0.966535
FKIT,S+X2_M1_r0,chocolate_cake,294,0.967511
FKIT,S+X2_M1_r0,chocolate_cake,295,0.965132
FKIT,S+X2_M1_r0,chocolate_cake,296,0.964386
FKIT,S+X2_M1_r0,chocolate_cake,297,0.961831
FKIT,S+X2_M1_r0,chocolate_cake,298,0.962541
FKIT,S+X2_M1_r0,chocolate_cake,299,0.950656
FKIT,S+X2_M1_r0,chocolate_cake,300,0.962053
FKIT,S+X2_M1_r0,chocolate_cake,301,0.943853
FKIT,S+X2_M1_r0,chocolate_cake,302,0.955087
FKIT,S+X2_M1_r0,chocolate_cake,303,0.959833
FKIT,S+X2_M1_r0,chocolate_cake,304,0.957014
FKIT,S+X2_M1_r0,chocolate_cake,305,0.958414
FKIT,S+X2_M1_r0,chocolate_cake,306,0.958716
FKIT,S+X2_M1_r0,chocolate_cake,307,0.960774
FKIT,S+X2_M1_r0,chocolate_cake,308,0.958365
FKIT,S+X2_M1_r0,chocolate_cake,309,0.958496
FKIT,S+X2_M1_r0,chocolate_cake,310,0.959814
FKIT,S+X2_M1_r0,chocolate_cake,311,0.963409
FKIT,S+X2_M1_r0,chocolate_cake,312,0.960682
FKIT,S+X2_M1_r0,chocolate_cake,313,0.960255
FKIT,S+X2_M1_r0,chocolate_cake,314,0.963555
FKIT,S+X2_M1_r0,chocolate_cake,315,0.957115
FKIT,S+X2_M1_r0,chocolate_cake,316,0.963260
FKIT,S+X2_M1_r0,chocolate_cake,317,0.964075
FKIT,S+X2_M1_r0,chocolate_cake,318,0.959247
FKIT,S+X2_M1_r0,chocolate_cake,319,0.961942
FKIT,S+X2_M1_r0,chocolate_cake,320,0.956288
FKIT,S+X2_M1_r0,chocolate_cake,321,0.959627
FKIT,S+X2_M1_r0,chocolate_cake,322,0.960334
FKIT,S+X2_M1_r0,chocolate_cake,323,0.960486
FKIT,S+X2_M1_r0,chocolate_cake,324,0.965732
FKIT,S+X2_M1_r0,chocolate_cake,325,0.970160
FKIT,S+X2_M1_r0,chocolate_cake,326,0.967018
FKIT,S+X2_M1_r0,chocolate_cake,327,0.966160
FKIT,S+X2_M1_r0,chocolate_cake,328,0.964387
FKIT,S+X2_M1_r0,chocolate_cake,329,0.964854
FKIT,S+X2_M1_r0,chocolate_cake,330,0.958841
FKIT,S+X2_M1_r0,chocolate_cake,331,0.958797
FKIT,S+X2_M1_r0,chocolate_cake,332,0.957246
FKIT,S+X2_M1_r0,chocolate_cake,333,0.963746
FKIT,S+X2_M1_r0,chocolate_cake,334,0.961581
FKIT,S+X2_M1_r0,chocolate_cake,335,0.957367
FKIT,S+X2_M1_r0,chocolate_cake,336,0.964853
FKIT,S+X2_M1_r0,chocolate_cake,337,0.968763
FKIT,S+X2_M1_r0,chocolate_cake,338,0.964935
FKIT,S+X2_M1_r0,chocolate_cake,339,0.967364
FKIT,S+X2_M1_r0,chocolate_cake,340,0.963786
FKIT,S+X2_M1_r0,chocolate_cake,341,0.968803
FKIT,S+X2_M1_r0,chocolate_cake,342,0.969069
FKIT,S+X2_M1_r0,chocolate_cake,343,0.965937
FKIT,S+X2_M1_r0,chocolate_cake,344,0.968903
FKIT,S+X2_M1_r0,chocolate_cake,345,0.966241
FKIT,S+X2_M1_r0,chocolate_cake,346,0.962924
FKIT,S+X2_M1_r0,chocolate_cake,347,0.968982
FKIT,S+X2_M1_r0,chocolate_cake,348,0.965312
FKIT,S+X2_M1_r0,chocolate_cake,349,0.967059
FKIT,S+X2_M1_r0,chocolate_cake,350,0.970277
FKIT,S+X2_M1_r0,chocolate_cake,351,0.971724
FKIT,S+X2_M1_r0,chocolate_cake,352,0.973670
FKIT,S+X2_M1_r0,chocolate_cake,353,0.972349
FKIT,S+X2_M1_r0,chocolate_cake,354,0.971485
FKIT,S+X2_M1_r0,chocolate_cake,355,0.973212
FKIT,S+X2_M1_r0,chocolate_cake,356,0.970718
FKIT,S+X2_M1_r0,chocolate_cake,357,0.972031
FKIT,S+X2_M1_r0,chocolate_cake,358,0.969999
FKIT,S+X2_M1_r0,chocolate_cake,359,0.955971
FKIT,S+X2_M1_r0,chocolate_cake,360,0.952398
FKIT,S+X2_M1_r0,chocolate_cake,361,0.971410
FKIT,S+X2_M1_r0,chocolate_cake,362,0.969912
FKIT,S+X2_M1_r0,chocolate_cake,363,0.963073
FKIT,S+X2_M1_r0,chocolate_cake,364,0.958932
FKIT,S+X2_M1_r0,chocolate_cake,365,0.964086
FKIT,S+X2_M1_r0,chocolate_cake,366,0.966770
FKIT,S+X2_M1_r0,chocolate_cake,367,0.966330
FKIT,S+X2_M1_r0,chocolate_cake,368,0.969254
FKIT,S+X2_M1_r0,chocolate_cake,369,0.969187
FKIT,S+X2_M1_r0,chocolate_cake,370,0.965542
FKIT,S+X2_M1_r0,chocolate_cake,371,0.968584
FKIT,S+X2_M1_r0,chocolate_cake,372,0.964761
FKIT,S+X2_M1_r0,chocolate_cake,373,0.966518
FKIT,S+X2_M1_r0,chocolate_cake,374,0.973127
FKIT,S+X2_M1_r0,chocolate_cake,375,0.968833
FKIT,S+X2_M1_r0,chocolate_cake,376,0.965151
FKIT,S+X2_M1_r0,chocolate_cake,377,0.975080
FKIT,S+X2_M1_r0,chocolate_cake,378,0.970412
FKIT,S+X2_M1_r0,chocolate_cake,379,0.970275
FKIT,S+X2_M1_r0,chocolate_cake,380,0.971637
FKIT,S+X2_M1_r0,chocolate_cake,381,0.972294
FKIT,S+X2_M1_r0,chocolate_cake,382,0.973344
FKIT,S+X2_M1_r0,chocolate_cake,383,0.970855
FKIT,S+X2_M1_r0,chocolate_cake,384,0.973044
FKIT,S+X2_M1_r0,chocolate_cake,385,0.970920
FKIT,S+X2_M1_r0,chocolate_cake,386,0.969895
FKIT,S+X2_M1_r0,chocolate_cake,387,0.968440
FKIT,S+X2_M1_r0,chocolate_cake,388,0.959307
FKIT,S+X2_M1_r0,chocolate_cake,389,0.943908
FKIT,S+X2_M1_r0,chocolate_cake,390,0.907207
FKIT,S+X2_M1_r0,chocolate_cake,391,0.910538
FKIT,S+X2_M1_r0,chocolate_cake,392,0.913485
FKIT,S+X2_M1_r0,chocolate_cake,393,0.950369
FKIT,S+X2_M1_r0,chocolate_cake,394,0.960860
FKIT,S+X2_M1_r0,chocolate_cake,395,0.944651
FKIT,S+X2_M1_r0,chocolate_cake,396,0.944966
FKIT,S+X2_M1_r0,chocolate_cake,397,0.964683
FKIT,S+X2_M1_r0,chocolate_cake,398,0.964726
FKIT,S+X2_M1_r0,chocolate_cake,399,0.965080
FKIT,S+X2_M1_r0,chocolate_cake,400,0.964295
FKIT,S+X2_M1_r0,chocolate_cake,401,0.965700
FKIT,S+X2_M1_r0,chocolate_cake,402,0.956164
FKIT,S+X2_M1_r0,chocolate_cake,403,0.965708
FKIT,S+X2_M1_r0,chocolate_cake,404,0.968065
FKIT,S+X2_M1_r0,chocolate_cake,405,0.966841
FKIT,S+X2_M1_r0,chocolate_cake,406,0.968795
FKIT,S+X2_M1_r0,chocolate_cake,407,0.967459
FKIT,S+X2_M1_r0,chocolate_cake,408,0.959496
FKIT,S+X2_M1_r0,chocolate_cake,409,0.970174
FKIT,S+X2_M1_r0,chocolate_cake,410,0.967289
FKIT,S+X2_M1_r0,chocolate_cake,411,0.966626
FKIT,S+X2_M1_r0,chocolate_cake,412,0.970722
FKIT,S+X2_M1_r0,chocolate_cake,413,0.970300
FKIT,S+X2_M1_r0,chocolate_cake,414,0.966201
FKIT,S+X2_M1_r0,chocolate_cake,415,0.969380
FKIT,S+X2_M1_r0,chocolate_cake,416,0.968919
FKIT,S+X2_M1_r0,chocolate_cake,417,0.967778
FKIT,S+X2_M1_r0,chocolate_cake,418,0.970572
FKIT,S+X2_M1_r0,chocolate_cake,419,0.968059
FKIT,S+X2_M1_r0,chocolate_cake,420,0.966741
FKIT,S+X2_M1_r0,chocolate_cake,421,0.965585
FKIT,S+X2_M1_r0,chocolate_cake,422,0.972020
FKIT,S+X2_M1_r0,chocolate_cake,423,0.970890
FKIT,S+X2_M1_r0,chocolate_cake,424,0.976068
FKIT,S+X2_M1_r0,chocolate_cake,425,0.973813
FKIT,S+X2_M1_r0,chocolate_cake,426,0.969033
FKIT,S+X2_M1_r0,chocolate_cake,427,0.973769
FKIT,S+X2_M1_r0,chocolate_cake,428,0.974940
FKIT,S+X2_M1_r0,chocolate_cake,429,0.974220
FKIT,S+X2_M1_r0,chocolate_cake,430,0.978063
FKIT,S+X2_M1_r0,chocolate_cake,431,0.971985
FKIT,S+X2_M1_r0,chocolate_cake,432,0.974132
FKIT,S+X2_M1_r0,chocolate_cake,433,0.969315
FKIT,S+X2_M1_r0,chocolate_cake,434,0.972678
FKIT,S+X2_M1_r0,chocolate_cake,435,0.972723
FKIT,S+X2_M1_r0,chocolate_cake,436,0.971668
FKIT,S+X2_M1_r0,chocolate_cake,437,0.971916
FKIT,S+X2_M1_r0,chocolate_cake,438,0.972925
FKIT,S+X2_M1_r0,chocolate_cake,439,0.973684
FKIT,S+X2_M1_r0,chocolate_cake,440,0.974047
FKIT,S+X2_M1_r0,chocolate_cake,441,0.969907
FKIT,S+X2_M1_r0,chocolate_cake,442,0.971148
FKIT,S+X2_M1_r0,chocolate_cake,443,0.971372
FKIT,S+X2_M1_r0,chocolate_cake,444,0.971179
FKIT,S+X2_M1_r0,chocolate_cake,445,0.961768
FKIT,S+X2_M1_r0,chocolate_cake,446,0.973125
FKIT,S+X2_M1_r0,chocolate_cake,447,0.974301
FKIT,S+X2_M1_r0,chocolate_cake,448,0.973281
FKIT,S+X2_M1_r0,chocolate_cake,449,0.970097
FKIT,S+X2_M1_r0,chocolate_cake,450,0.969922
FKIT,S+X2_M1_r0,chocolate_cake,451,0.973413
FKIT,S+X2_M1_r0,chocolate_cake,452,0.970986
FKIT,S+X2_M1_r0,chocolate_cake,453,0.975828
FKIT,S+X2_M1_r0,chocolate_cake,454,0.973846
FKIT,S+X2_M1_r0,chocolate_cake,455,0.972001
FKIT,S+X2_M1_r0,chocolate_cake,456,0.972326
FKIT,S+X2_M1_r0,chocolate_cake,457,0.972688
FKIT,S+X2_M1_r0,chocolate_cake,458,0.971247
FKIT,S+X2_M1_r0,chocolate_cake,459,0.971241
FKIT,S+X2_M1_r0,chocolate_cake,460,0.968668
FKIT,S+X2_M1_r0,chocolate_cake,461,0.972625
FKIT,S+X2_M1_r0,chocolate_cake,462,0.972838
FKIT,S+X2_M1_r0,chocolate_cake,463,0.970450
FKIT,S+X2_M1_r0,chocolate_cake,464,0.971366
FKIT,S+X2_M1_r0,chocolate_cake,465,0.972550
FKIT,S+X2_M1_r0,chocolate_cake,466,0.971685
FKIT,S+X2_M1_r0,chocolate_cake,467,0.971744
FKIT,S+X2_M1_r0,chocolate_cake,468,0.973255
FKIT,S+X2_M1_r0,chocolate_cake,469,0.971259
FKIT,S+X2_M1_r0,chocolate_cake,470,0.972209
FKIT,S+X2_M1_r0,chocolate_cake,471,0.970371
FKIT,S+X2_M1_r0,chocolate_cake,472,0.973007
FKIT,S+X2_M1_r0,chocolate_cake,473,0.973574
FKIT,S+X2_M1_r0,chocolate_cake,474,0.975801
FKIT,S+X2_M1_r0,chocolate_cake,475,0.974021
FKIT,S+X2_M1_r0,chocolate_cake,476,0.975455
FKIT,S+X2_M1_r0,chocolate_cake,477,0.974164
FKIT,S+X2_M1_r0,chocolate_cake,478,0.975587
FKIT,S+X2_M1_r0,chocolate_cake,479,0.975134
FKIT,S+X2_M1_r0,chocolate_cake,480,0.974455
FKIT,S+X2_M1_r0,chocolate_cake,481,0.975358
FKIT,S+X2_M1_r0,chocolate_cake,482,0.976290
FKIT,S+X2_M1_r0,chocolate_cake,483,0.977019
FKIT,S+X2_M1_r0,chocolate_cake,484,0.976856
FKIT,S+X2_M1_r0,chocolate_cake,485,0.976335
FKIT,S+X2_M1_r0,chocolate_cake,486,0.974668
FKIT,S+X2_M1_r0,chocolate_cake,487,0.972514
FKIT,S+X2_M1_r0,chocolate_cake,488,0.962622
FKIT,S+X2_M1_r0,chocolate_cake,489,0.965604
FKIT,S+X2_M1_r0,chocolate_cake,490,0.945694
FKIT,S+X2_M1_r0,chocolate_cake,491,0.951417
FKIT,S+X2_M1_r0,chocolate_cake,492,0.921741
FKIT,S+X2_M1_r0,chocolate_cake,493,0.904275
FKIT,S+X2_M1_r0,chocolate_cake,494,0.872655
FKIT,S+X2_M1_r0,chocolate_cake,495,0.894151
FKIT,S+X2_M1_r0,chocolate_cake,496,0.906458
FKIT,S+X2_M1_r0,chocolate_cake,497,0.897910
FKIT,S+X2_M1_r0,chocolate_cake,498,0.860610
FKIT,S+X2_M1_r0,chocolate_cake,499,0.765784
FKIT,S+X2_M1_r0,chocolate_cake,500,0.683887
FKIT,S+X2_M1_r0,chocolate_cake,501,0.617616
FKIT,S+X2_M1_r0,chocolate_cake,502,0.541281
FKIT,S+X2_M1_r0,chocolate_cake,503,0.509578
FKIT,S+X2_M1_r0,chocolate_cake,504,0.477873
FKIT,S+X2_M1_r0,chocolate_cake,505,0.431385
FKIT,S+X2_M1_r0,chocolate_cake,506,0.329043
FKIT,S+X2_M1_r0,chocolate_cake,507,0.399309
FKIT,S+X2_M1_r0,chocolate_cake,508,0.315046
FKIT,S+X2_M1_r0,chocolate_cake,509,0.393643
FKIT,S+X2_M1_r0,chocolate_cake,510,0.260172
FKIT,S+X2_M1_r0,chocolate_cake,511,0.365333
FKIT,S+X2_M1_r0,chocolate_cake,512,0.345738
FKIT,S+X2_M1_r0,chocolate_cake,513,0.524995
FKIT,S+X2_M1_r0,chocolate_cake,514,0.506694
FKIT,S+X2_M1_r0,chocolate_cake,515,0.604563
FKIT,S+X2_M1_r0,chocolate_cake,516,0.686732
FKIT,S+X2_M1_r0,chocolate_cake,517,0.597134
FKIT,S+X2_M1_r0,chocolate_cake,518,0.729232
FKIT,S+X2_M1_r0,chocolate_cake,519,0.733590
FKIT,S+X2_M1_r0,chocolate_cake,520,0.789204
FKIT,S+X2_M1_r0,chocolate_cake,521,0.869832
FKIT,S+X2_M1_r0,chocolate_cake,522,0.852835
FKIT,S+X2_M1_r0,chocolate_cake,523,0.911149
FKIT,S+X2_M1_r0,chocolate_cake,524,0.917705
FKIT,S+X2_M1_r0,chocolate_cake,525,0.860509
FKIT,S+X2_M1_r0,chocolate_cake,526,0.874947
FKIT,S+X2_M1_r0,chocolate_cake,527,0.837915
FKIT,S+X2_M1_r0,chocolate_cake,528,0.916466
FKIT,S+X2_M1_r0,chocolate_cake,529,0.901469
FKIT,S+X2_M1_r0,chocolate_cake,530,0.907783
FKIT,S+X2_M1_r0,chocolate_cake,531,0.942932
FKIT,S+X2_M1_r0,chocolate_cake,532,0.947476
FKIT,S+X2_M1_r0,chocolate_cake,533,0.943408
FKIT,S+X2_M1_r0,chocolate_cake,534,0.946783
FKIT,S+X2_M1_r0,chocolate_cake,535,0.952914
FKIT,S+X2_M1_r0,chocolate_cake,536,0.967193
FKIT,S+X2_M1_r0,chocolate_cake,537,0.962929
FKIT,S+X2_M1_r0,chocolate_cake,538,0.961775
FKIT,S+X2_M1_r0,chocolate_cake,539,0.962640
FKIT,S+X2_M1_r0,chocolate_cake,540,0.969783
FKIT,S+X2_M1_r0,chocolate_cake,541,0.973107
FKIT,S+X2_M1_r0,chocolate_cake,542,0.970524
FKIT,S+X2_M1_r0,chocolate_cake,543,0.972175
FKIT,S+X2_M1_r0,chocolate_cake,544,0.974795
FKIT,S+X2_M1_r0,chocolate_cake,545,0.973411
FKIT,S+X2_M1_r0,chocolate_cake,546,0.973004
FKIT,S+X2_M1_r0,chocolate_cake,547,0.972410
FKIT,S+X2_M1_r0,chocolate_cake,548,0.974591
FKIT,S+X2_M1_r0,chocolate_cake,549,0.969109
FKIT,S+X2_M1_r0,chocolate_cake,550,0.970566
FKIT,S+X2_M1_r0,chocolate_cake,551,0.974379
FKIT,S+X2_M1_r0,chocolate_cake,552,0.973552
FKIT,S+X2_M1_r0,chocolate_cake,553,0.968779
FKIT,S+X2_M1_r0,chocolate_cake,554,0.972724
FKIT,S+X2_M1_r0,chocolate_cake,555,0.974653
FKIT,S+X2_M1_r0,chocolate_cake,556,0.974311
FKIT,S+X2_M1_r0,chocolate_cake,557,0.971562
FKIT,S+X2_M1_r0,chocolate_cake,558,0.970270
FKIT,S+X2_M1_r0,chocolate_cake,559,0.971558
FKIT,S+X2_M1_r0,chocolate_cake,560,0.966403
FKIT,S+X2_M1_r0,chocolate_cake,561,0.966879
FKIT,S+X2_M1_r0,chocolate_cake,562,0.967121
FKIT,S+X2_M1_r0,chocolate_cake,563,0.967516
FKIT,S+X2_M1_r0,chocolate_cake,564,0.965182
FKIT,S+X2_M1_r0,chocolate_cake,565,0.966679
FKIT,S+X2_M1_r0,chocolate_cake,566,0.968509
FKIT,S+X2_M1_r0,chocolate_cake,567,0.968259
FKIT,S+X2_M1_r0,chocolate_cake,568,0.969953
FKIT,S+X2_M1_r0,chocolate_cake,569,0.966829
FKIT,S+X2_M1_r0,chocolate_cake,570,0.971860
FKIT,S+X2_M1_r0,chocolate_cake,571,0.971036
FKIT,S+X2_M1_r0,chocolate_cake,572,0.972576
FKIT,S+X2_M1_r0,chocolate_cake,573,0.971021
FKIT,S+X2_M1_r0,chocolate_cake,574,0.974265
FKIT,S+X2_M1_r0,chocolate_cake,575,0.974010
FKIT,S+X2_M1_r0,chocolate_cake,576,0.975093
FKIT,S+X2_M1_r0,chocolate_cake,577,0.973502
FKIT,S+X2_M1_r0,chocolate_cake,578,0.975012
FKIT,S+X2_M1_r0,chocolate_cake,579,0.975542
FKIT,S+X2_M1_r0,chocolate_cake,580,0.975508
FKIT,S+X2_M1_r0,chocolate_cake,581,0.972225
FKIT,S+X2_M1_r0,chocolate_cake,582,0.975343
FKIT,S+X2_M1_r0,chocolate_cake,583,0.972318
FKIT,S+X2_M1_r0,chocolate_cake,584,0.973022
FKIT,S+X2_M1_r0,chocolate_cake,585,0.974193
FKIT,S+X2_M1_r0,chocolate_cake,586,0.972586
FKIT,S+X2_M1_r0,chocolate_cake,587,0.972420
FKIT,S+X2_M1_r0,chocolate_cake,588,0.968635
FKIT,S+X2_M1_r0,chocolate_cake,589,0.971960
FKIT,S+X2_M1_r0,chocolate_cake,590,0.962470
FKIT,S+X2_M1_r0,chocolate_cake,591,0.959770
FKIT,S+X2_M1_r0,chocolate_cake,592,0.971714
FKIT,S+X2_M1_r0,chocolate_cake,593,0.972391
FKIT,S+X2_M1_r0,chocolate_cake,594,0.959932
FKIT,S+X2_M1_r0,chocolate_cake,595,0.970744
FKIT,S+X2_M1_r0,chocolate_cake,596,0.956304
FKIT,S+X2_M1_r0,chocolate_cake,597,0.945600
FKIT,S+X2_M1_r0,chocolate_cake,598,0.968004
FKIT,S+X2_M1_r0,chocolate_cake,599,0.952117
FKIT,S+X2_M1_r0,chocolate_cake,600,0.972877
FKIT,S+X2_M1_r0,chocolate_cake,601,0.967658
FKIT,S+X2_M1_r0,chocolate_cake,602,0.973326
FKIT,S+X2_M1_r0,chocolate_cake,603,0.970279
FKIT,S+X2_M1_r0,chocolate_cake,604,0.970640
FKIT,S+X2_M1_r0,chocolate_cake,605,0.969384
FKIT,S+X2_M1_r0,chocolate_cake,606,0.964426
FKIT,S+X2_M1_r0,chocolate_cake,607,0.971818
FKIT,S+X2_M1_r0,chocolate_cake,608,0.971827
FKIT,S+X2_M1_r0,chocolate_cake,609,0.971455
FKIT,S+X2_M1_r0,chocolate_cake,610,0.970104
FKIT,S+X2_M1_r0,chocolate_cake,611,0.970926
FKIT,S+X2_M1_r0,chocolate_cake,612,0.971137
FKIT,S+X2_M1_r0,chocolate_cake,613,0.973551
FKIT,S+X2_M1_r0,chocolate_cake,614,0.971144
FKIT,S+X2_M1_r0,chocolate_cake,615,0.970541
FKIT,S+X2_M1_r0,chocolate_cake,616,0.972311
FKIT,S+X2_M1_r0,chocolate_cake,617,0.971603
FKIT,S+X2_M1_r0,chocolate_cake,618,0.971271
FKIT,S+X2_M1_r0,chocolate_cake,619,0.969806
FKIT,S+X2_M1_r0,chocolate_cake,620,0.969959
FKIT,S+X2_M1_r0,chocolate_cake,621,0.968089
FKIT,S+X2_M1_r0,chocolate_cake,622,0.968708
FKIT,S+X2_M1_r0,chocolate_cake,623,0.968215
FKIT,S+X2_M1_r0,chocolate_cake,624,0.971856
FKIT,S+X2_M1_r0,chocolate_cake,625,0.963490
FKIT,S+X2_M1_r0,chocolate_cake,626,0.970815
FKIT,S+X2_M1_r0,chocolate_cake,627,0.969350
FKIT,S+X2_M1_r0,chocolate_cake,628,0.971537
FKIT,S+X2_M1_r0,chocolate_cake,629,0.960212
FKIT,S+X2_M1_r0,chocolate_cake,630,0.968857
FKIT,S+X2_M1_r0,chocolate_cake,631,0.969234
FKIT,S+X2_M1_r0,chocolate_cake,632,0.970452
FKIT,S+X2_M1_r0,chocolate_cake,633,0.971961
FKIT,S+X2_M1_r0,chocolate_cake,634,0.972821
FKIT,S+X2_M1_r0,chocolate_cake,635,0.972187
FKIT,S+X2_M1_r0,chocolate_cake,636,0.972412
FKIT,S+X2_M1_r0,chocolate_cake,637,0.971884
FKIT,S+X2_M1_r0,chocolate_cake,638,0.969478
FKIT,S+X2_M1_r0,chocolate_cake,639,0.971755
FKIT,S+X2_M1_r0,chocolate_cake,640,0.971894
FKIT,S+X2_M1_r0,chocolate_cake,641,0.973172
FKIT,S+X2_M1_r0,chocolate_cake,642,0.969243
FKIT,S+X2_M1_r0,chocolate_cake,643,0.973700
FKIT,S+X2_M1_r0,chocolate_cake,644,0.974819
FKIT,S+X2_M1_r0,chocolate_cake,645,0.975048
FKIT,S+X2_M1_r0,chocolate_cake,646,0.969334
FKIT,S+X2_M1_r0,chocolate_cake,647,0.972770
FKIT,S+X2_M1_r0,chocolate_cake,648,0.973923
FKIT,S+X2_M1_r0,chocolate_cake,649,0.972111
FKIT,S+X2_M1_r0,chocolate_cake,650,0.972042
FKIT,S+X2_M1_r0,chocolate_cake,651,0.972298
FKIT,S+X2_M1_r0,chocolate_cake,652,0.976550
FKIT,S+X2_M1_r0,chocolate_cake,653,0.968582
FKIT,S+X2_M1_r0,chocolate_cake,654,0.970016
FKIT,S+X2_M1_r0,chocolate_cake,655,0.976724
FKIT,S+X2_M1_r0,chocolate_cake,656,0.970067
FKIT,S+X2_M1_r0,chocolate_cake,657,0.974636
FKIT,S+X2_M1_r0,chocolate_cake,658,0.974984
FKIT,S+X2_M1_r0,chocolate_cake,659,0.974915
FKIT,S+X2_M1_r0,chocolate_cake,660,0.973426
FKIT,S+X2_M1_r0,chocolate_cake,661,0.972681
FKIT,S+X2_M1_r0,chocolate_cake,662,0.973313
FKIT,S+X2_M1_r0,chocolate_cake,663,0.974428
FKIT,S+X2_M1_r0,chocolate_cake,664,0.975641
FKIT,S+X2_M1_r0,chocolate_cake,665,0.975028
FKIT,S+X2_M1_r0,chocolate_cake,666,0.974933
FKIT,S+X2_M1_r0,chocolate_cake,667,0.976195
FKIT,S+X2_M1_r0,chocolate_cake,668,0.972825
FKIT,S+X2_M1_r0,chocolate_cake,669,0.974806
FKIT,S+X2_M1_r0,chocolate_cake,670,0.970475
FKIT,S+X2_M1_r0,chocolate_cake,671,0.972702
FKIT,S+X2_M1_r0,chocolate_cake,672,0.976794
FKIT,S+X2_M1_r0,chocolate_cake,673,0.976389
FKIT,S+X2_M1_r0,chocolate_cake,674,0.974793
FKIT,S+X2_M1_r0,chocolate_cake,675,0.971253
FKIT,S+X2_M1_r0,chocolate_cake,676,0.969503
FKIT,S+X2_M1_r0,chocolate_cake,677,0.965169
FKIT,S+X2_M1_r0,chocolate_cake,678,0.963295
FKIT,S+X2_M1_r0,chocolate_cake,679,0.961492
FKIT,S+X2_M1_r0,chocolate_cake,680,0.964765
FKIT,S+X2_M1_r0,chocolate_cake,681,0.970141
FKIT,S+X2_M1_r0,chocolate_cake,682,0.970372
FKIT,S+X2_M1_r0,chocolate_cake,683,0.971448
FKIT,S+X2_M1_r0,chocolate_cake,684,0.956041
FKIT,S+X2_M1_r0,chocolate_cake,685,0.969286
FKIT,S+X2_M1_r0,chocolate_cake,686,0.968555
FKIT,S+X2_M1_r0,chocolate_cake,687,0.969831
FKIT,S+X2_M1_r0,chocolate_cake,688,0.968720
FKIT,S+X2_M1_r0,chocolate_cake,689,0.970083
FKIT,S+X2_M1_r0,chocolate_cake,690,0.965692
FKIT,S+X2_M1_r0,chocolate_cake,691,0.970143
FKIT,S+X2_M1_r0,chocolate_cake,692,0.972095
FKIT,S+X2_M1_r0,chocolate_cake,693,0.971112
FKIT,S+X2_M1_r0,chocolate_cake,694,0.972308
FKIT,S+X2_M1_r0,chocolate_cake,695,0.972497
FKIT,S+X2_M1_r0,chocolate_cake,696,0.973630
FKIT,S+X2_M1_r0,chocolate_cake,697,0.970546
FKIT,S+X2_M1_r0,chocolate_cake,698,0.972500
FKIT,S+X2_M1_r0,chocolate_cake,699,0.913359
FKIT,S+X2_M1_r0,chocolate_cake,700,0.873470
FKIT,S+X2_M1_r0,chocolate_cake,701,0.841553
FKIT,S+X2_M1_r0,chocolate_cake,702,0.823537
FKIT,S+X2_M1_r0,chocolate_cake,703,0.821259
FKIT,S+X2_M1_r0,chocolate_cake,704,0.788595
FKIT,S+X2_M1_r0,chocolate_cake,705,0.847348
FKIT,S+X2_M1_r0,chocolate_cake,706,0.791404
FKIT,S+X2_M1_r0,chocolate_cake,707,0.831499
FKIT,S+X2_M1_r0,chocolate_cake,708,0.865999
FKIT,S+X2_M1_r0,chocolate_cake,709,0.882943
FKIT,S+X2_M1_r0,chocolate_cake,710,0.960224
FKIT,S+X2_M1_r0,chocolate_cake,711,0.968192
FKIT,S+X2_M1_r0,chocolate_cake,712,0.962134
FKIT,S+X2_M1_r0,chocolate_cake,713,0.961742
FKIT,S+X2_M1_r0,chocolate_cake,714,0.969628
FKIT,S+X2_M1_r0,chocolate_cake,715,0.968003
FKIT,S+X2_M1_r0,chocolate_cake,716,0.967095
FKIT,S+X2_M1_r0,chocolate_cake,717,0.970754
FKIT,S+X2_M1_r0,chocolate_cake,718,0.967898
FKIT,S+X2_M1_r0,chocolate_cake,719,0.966966
FKIT,S+X2_M1_r0,chocolate_cake,720,0.963600
FKIT,S+X2_M1_r0,chocolate_cake,721,0.971089
FKIT,S+X2_M1_r0,chocolate_cake,722,0.972626
FKIT,S+X2_M1_r0,chocolate_cake,723,0.970973
FKIT,S+X2_M1_r0,chocolate_cake,724,0.967677
FKIT,S+X2_M1_r0,chocolate_cake,725,0.970617
FKIT,S+X2_M1_r0,chocolate_cake,726,0.972015
FKIT,S+X2_M1_r0,chocolate_cake,727,0.970766
FKIT,S+X2_M1_r0,chocolate_cake,728,0.967691
FKIT,S+X2_M1_r0,chocolate_cake,729,0.968617
FKIT,S+X2_M1_r0,chocolate_cake,730,0.972791
FKIT,S+X2_M1_r0,chocolate_cake,731,0.972689
FKIT,S+X2_M1_r0,chocolate_cake,732,0.970301
FKIT,S+X2_M1_r0,chocolate_cake,733,0.970817
FKIT,S+X2_M1_r0,chocolate_cake,734,0.972959
FKIT,S+X2_M1_r0,chocolate_cake,735,0.970543
FKIT,S+X2_M1_r0,chocolate_cake,736,0.973136
FKIT,S+X2_M1_r0,chocolate_cake,737,0.971160
FKIT,S+X2_M1_r0,chocolate_cake,738,0.971048
FKIT,S+X2_M1_r0,chocolate_cake,739,0.970833
FKIT,S+X2_M1_r0,chocolate_cake,740,0.971525
FKIT,S+X2_M1_r0,chocolate_cake,741,0.966565
FKIT,S+X2_M1_r0,chocolate_cake,742,0.970845
FKIT,S+X2_M1_r0,chocolate_cake,743,0.969631
FKIT,S+X2_M1_r0,chocolate_cake,744,0.969328
FKIT,S+X2_M1_r0,chocolate_cake,745,0.974300
FKIT,S+X2_M1_r0,chocolate_cake,746,0.972232
FKIT,S+X2_M1_r0,chocolate_cake,747,0.970073
FKIT,S+X2_M1_r0,chocolate_cake,748,0.972786
FKIT,S+X2_M1_r0,chocolate_cake,749,0.959907
FKIT,S+X2_M1_r0,chocolate_cake,750,0.970611
FKIT,S+X2_M1_r0,chocolate_cake,751,0.973408
FKIT,S+X2_M1_r0,chocolate_cake,752,0.974554
FKIT,S+X2_M1_r0,chocolate_cake,753,0.972950
FKIT,S+X2_M1_r0,chocolate_cake,754,0.973844
FKIT,S+X2_M1_r0,chocolate_cake,755,0.972954
FKIT,S+X2_M1_r0,chocolate_cake,756,0.975791
FKIT,S+X2_M1_r0,chocolate_cake,757,0.975308
FKIT,S+X2_M1_r0,chocolate_cake,758,0.976164
FKIT,S+X2_M1_r0,chocolate_cake,759,0.976240
FKIT,S+X2_M1_r0,chocolate_cake,760,0.976448
FKIT,S+X2_M1_r0,chocolate_cake,761,0.977021
FKIT,S+X2_M1_r0,chocolate_cake,762,0.976261
FKIT,S+X2_M1_r0,chocolate_cake,763,0.976593
FKIT,S+X2_M1_r0,chocolate_cake,764,0.978473
FKIT,S+X2_M1_r0,chocolate_cake,765,0.977566
FKIT,S+X2_M1_r0,chocolate_cake,766,0.979123
FKIT,S+X2_M1_r0,chocolate_cake,767,0.979526
FKIT,S+X2_M1_r0,chocolate_cake,768,0.976211
FKIT,S+X2_M1_r0,chocolate_cake,769,0.979107
FKIT,S+X2_M1_r0,chocolate_cake,770,0.974285
FKIT,S+X2_M1_r0,chocolate_cake,771,0.979774
FKIT,S+X2_M1_r0,chocolate_cake,772,0.976631
FKIT,S+X2_M1_r0,chocolate_cake,773,0.980039
FKIT,S+X2_M1_r0,chocolate_cake,774,0.975009
FKIT,S+X2_M1_r0,chocolate_cake,775,0.968934
FKIT,S+X2_M1_r0,chocolate_cake,776,0.975983
FKIT,S+X2_M1_r0,chocolate_cake,777,0.971955
FKIT,S+X2_M1_r0,chocolate_cake,778,0.977283
FKIT,S+X2_M1_r0,chocolate_cake,779,0.976820
FKIT,S+X2_M1_r0,chocolate_cake,780,0.976631
FKIT,S+X2_M1_r0,chocolate_croissant,0,0.000000
FKIT,S+X2_M1_r0,chocolate_croissant,1,0.000000
FKIT,S+X2_M1_r0,chocolate_croissant,2,0.001093
FKIT,S+X2_M1_r0,chocolate_croissant,3,0.011750
FKIT,S+X2_M1_r0,chocolate_croissant,4,0.000000
FKIT,S+X2_M1_r0,chocolate_croissant,5,0.000000
FKIT,S+X2_M1_r0,chocolate_croissant,6,0.000000
FKIT,S+X2_M1_r0,chocolate_croissant,7,0.000000
FKIT,S+X2_M1_r0,chocolate_croissant,8,0.000000
FKIT,S+X2_M1_r0,chocolate_croissant,9,0.000000
FKIT,S+X2_M1_r0,chocolate_croissant,10,0.000000
FKIT,S+X2_M1_r0,chocolate_croissant,11,0.000000
FKIT,S+X2_M1_r0,chocolate_croissant,12,0.000000
FKIT,S+X2_M1_r0,chocolate_croissant,13,0.000000
FKIT,S+X2_M1_r0,chocolate_croissant,14,0.000000
FKIT,S+X2_M1_r0,chocolate_croissant,15,0.000000
FKIT,S+X2_M1_r0,chocolate_croissant,16,0.000000
FKIT,S+X2_M1_r0,chocolate_croissant,17,0.000000
FKIT,S+X2_M1_r0,chocolate_croissant,18,0.000000
FKIT,S+X2_M1_r0,chocolate_croissant,19,0.000000
FKIT,S+X2_M1_r0,chocolate_croissant,20,0.000000
FKIT,S+X2_M1_r0,chocolate_croissant,21,0.000000
FKIT,S+X2_M1_r0,chocolate_croissant,22,0.000000
FKIT,S+X2_M1_r0,chocolate_croissant,23,0.000000
FKIT,S+X2_M1_r0,chocolate_croissant,24,0.000000
FKIT,S+X2_M1_r0,chocolate_croissant,25,0.000000
FKIT,S+X2_M1_r0,chocolate_croissant,26,0.000000
FKIT,S+X2_M1_r0,chocolate_croissant,27,0.000000
FKIT,S+X2_M1_r0,chocolate_croissant,28,0.000000
FKIT,S+X2_M1_r0,chocolate_croissant,29,0.000000
FKIT,S+X2_M1_r0,chocolate_croissant,30,0.000000
FKIT,S+X2_M1_r0,chocolate_croissant,31,0.000000
FKIT,S+X2_M1_r0,chocolate_croissant,32,0.000000
FKIT,S+X2_M1_r0,chocolate_croissant,33,0.000000
FKIT,S+X2_M1_r0,chocolate_croissant,34,0.000000
FKIT,S+X2_M1_r0,chocolate_croissant,35,0.000000
FKIT,S+X2_M1_r0,chocolate_croissant,36,0.000000
FKIT,S+X2_M1_r0,chocolate_croissant,37,0.000000
FKIT,S+X2_M1_r0,chocolate_croissant,38,0.000000
FKIT,S+X2_M1_r0,chocolate_croissant,39,0.000000
FKIT,S+X2_M1_r0,chocolate_croissant,40,0.000000
FKIT,S+X2_M1_r0,chocolate_croissant,41,0.000000
FKIT,S+X2_M1_r0,chocolate_croissant,42,0.000000
FKIT,S+X2_M1_r0,chocolate_croissant,43,0.000000
FKIT,S+X2_M1_r0,chocolate_croissant,44,0.000000
FKIT,S+X2_M1_r0,chocolate_croissant,45,0.000000
FKIT,S+X2_M1_r0,chocolate_croissant,46,0.000000
FKIT,S+X2_M1_r0,chocolate_croissant,47,0.000000
FKIT,S+X2_M1_r0,chocolate_croissant,48,0.000000
FKIT,S+X2_M1_r0,chocolate_croissant,49,0.000000
FKIT,S+X2_M1_r0,chocolate_croissant,50,0.000000
FKIT,S+X2_M1_r0,chocolate_croissant,51,0.000000
FKIT,S+X2_M1_r0,chocolate_croissant,52,0.000000
FKIT,S+X2_M1_r0,chocolate_croissant,53,0.000000
FKIT,S+X2_M1_r0,chocolate_croissant,54,0.000000
FKIT,S+X2_M1_r0,chocolate_croissant,55,0.000000
FKIT,S+X2_M1_r0,chocolate_croissant,56,0.000000
FKIT,S+X2_M1_r0,chocolate_croissant,57,0.000000
FKIT,S+X2_M1_r0,chocolate_croissant,58,0.000000
FKIT,S+X2_M1_r0,chocolate_croissant,59,0.000000
FKIT,S+X2_M1_r0,chocolate_croissant,60,0.000000
FKIT,S+X2_M1_r0,chocolate_croissant,61,0.000000
FKIT,S+X2_M1_r0,chocolate_croissant,62,0.000000
FKIT,S+X2_M1_r0,chocolate_croissant,63,0.000000
FKIT,S+X2_M1_r0,chocolate_croissant,64,0.000000
FKIT,S+X2_M1_r0,chocolate_croissant,65,0.000000
FKIT,S+X2_M1_r0,chocolate_croissant,66,0.000000
FKIT,S+X2_M1_r0,chocolate_croissant,67,0.000000
FKIT,S+X2_M1_r0,chocolate_croissant,68,0.000000
FKIT,S+X2_M1_r0,chocolate_croissant,69,0.000000
FKIT,S+X2_M1_r0,chocolate_croissant,70,0.000000
FKIT,S+X2_M1_r0,chocolate_croissant,71,0.000000
FKIT,S+X2_M1_r0,chocolate_croissant,72,0.000000
FKIT,S+X2_M1_r0,chocolate_croissant,73,0.000000
FKIT,S+X2_M1_r0,chocolate_croissant,74,0.000000
FKIT,S+X2_M1_r0,chocolate_croissant,75,0.000000
FKIT,S+X2_M1_r0,chocolate_croissant,76,0.000000
FKIT,S+X2_M1_r0,chocolate_croissant,77,0.000000
FKIT,S+X2_M1_r0,chocolate_croissant,78,0.000000
FKIT,S+X2_M1_r0,chocolate_croissant,79,0.000000
FKIT,S+X2_M1_r0,chocolate_croissant,80,0.000000
FKIT,S+X2_M1_r0,chocolate_croissant,81,0.000000
FKIT,S+X2_M1_r0,chocolate_croissant,82,0.000000
FKIT,S+X2_M1_r0,chocolate_croissant,83,0.000000
FKIT,S+X2_M1_r0,chocolate_croissant,84,0.000000
FKIT,S+X2_M1_r0,chocolate_croissant,85,0.000000
FKIT,S+X2_M1_r0,chocolate_croissant,86,0.000000
FKIT,S+X2_M1_r0,chocolate_croissant,87,0.000000
FKIT,S+X2_M1_r0,chocolate_croissant,88,0.000000
FKIT,S+X2_M1_r0,chocolate_croissant,89,0.000000
FKIT,S+X2_M1_r0,chocolate_croissant,90,0.000000
FKIT,S+X2_M1_r0,chocolate_croissant,91,0.000000
FKIT,S+X2_M1_r0,chocolate_croissant,92,0.000000
FKIT,S+X2_M1_r0,chocolate_croissant,93,0.000000
FKIT,S+X2_M1_r0,chocolate_croissant,94,0.000000
FKIT,S+X2_M1_r0,chocolate_croissant,95,0.000000
FKIT,S+X2_M1_r0,chocolate_croissant,96,0.000000
FKIT,S+X2_M1_r0,chocolate_croissant,97,0.000000
FKIT,S+X2_M1_r0,chocolate_croissant,98,0.000000
FKIT,S+X2_M1_r0,chocolate_croissant,99,0.000000
FKIT,S+X2_M1_r0,chocolate_croissant,100,0.000000
FKIT,S+X2_M1_r0,chocolate_croissant,101,0.000000
FKIT,S+X2_M1_r0,chocolate_croissant,102,0.000000
FKIT,S+X2_M1_r0,chocolate_croissant,103,0.000000
FKIT,S+X2_M1_r0,chocolate_croissant,104,0.000000
FKIT,S+X2_M1_r0,chocolate_croissant,105,0.000000
FKIT,S+X2_M1_r0,chocolate_croissant,106,0.000000
FKIT,S+X2_M1_r0,chocolate_croissant,107,0.000000
FKIT,S+X2_M1_r0,chocolate_croissant,108,0.000000
FKIT,S+X2_M1_r0,chocolate_croissant,109,0.000000
FKIT,S+X2_M1_r0,chocolate_croissant,110,0.000000
FKIT,S+X2_M1_r0,chocolate_croissant,111,0.000000
FKIT,S+X2_M1_r0,chocolate_croissant,112,0.000000
FKIT,S+X2_M1_r0,chocolate_croissant,113,0.000000
FKIT,S+X2_M1_r0,chocolate_croissant,114,0.000000
FKIT,S+X2_M1_r0,chocolate_croissant,115,0.000000
FKIT,S+X2_M1_r0,chocolate_croissant,116,0.000000
FKIT,S+X2_M1_r0,chocolate_croissant,117,0.000000
FKIT,S+X2_M1_r0,chocolate_croissant,118,0.000000
FKIT,S+X2_M1_r0,chocolate_croissant,119,0.000000
FKIT,S+X2_M1_r0,chocolate_croissant,120,0.000000
FKIT,S+X2_M1_r0,chocolate_croissant,121,0.000000
FKIT,S+X2_M1_r0,chocolate_croissant,122,0.000000
FKIT,S+X2_M1_r0,chocolate_croissant,123,0.000000
FKIT,S+X2_M1_r0,chocolate_croissant,124,0.000000
FKIT,S+X2_M1_r0,chocolate_croissant,125,0.000000
FKIT,S+X2_M1_r0,chocolate_croissant,126,0.000000
FKIT,S+X2_M1_r0,chocolate_croissant,127,0.000000
FKIT,S+X2_M1_r0,chocolate_croissant,128,0.000000
FKIT,S+X2_M1_r0,chocolate_croissant,129,0.000000
FKIT,S+X2_M1_r0,chocolate_croissant,130,0.000000
FKIT,S+X2_M1_r0,chocolate_croissant,131,0.000000
FKIT,S+X2_M1_r0,chocolate_croissant,132,0.000000
FKIT,S+X2_M1_r0,chocolate_croissant,133,0.000000
FKIT,S+X2_M1_r0,chocolate_croissant,134,0.000000
FKIT,S+X2_M1_r0,chocolate_croissant,135,0.000000
FKIT,S+X2_M1_r0,chocolate_croissant,136,0.000000
FKIT,S+X2_M1_r0,chocolate_croissant,137,0.000000
FKIT,S+X2_M1_r0,chocolate_croissant,138,0.000000
FKIT,S+X2_M1_r0,chocolate_croissant,139,0.000000
FKIT,S+X2_M1_r0,chocolate_croissant,140,0.000000
FKIT,S+X2_M1_r0,chocolate_croissant,141,0.000000
FKIT,S+X2_M1_r0,chocolate_croissant,142,0.000000
FKIT,S+X2_M1_r0,chocolate_croissant,143,0.000000
FKIT,S+X2_M1_r0,chocolate_croissant,144,0.000000
FKIT,S+X2_M1_r0,chocolate_croissant,145,0.000000
FKIT,S+X2_M1_r0,chocolate_croissant,146,0.000000
FKIT,S+X2_M1_r0,chocolate_croissant,147,0.000000
FKIT,S+X2_M1_r0,chocolate_croissant,148,0.000000
FKIT,S+X2_M1_r0,chocolate_croissant,149,0.000000
FKIT,S+X2_M1_r0,chocolate_croissant,150,0.000000
FKIT,S+X2_M1_r0,chocolate_croissant,151,0.000000
FKIT,S+X2_M1_r0,chocolate_croissant,152,0.000000
FKIT,S+X2_M1_r0,chocolate_croissant,153,0.000000
FKIT,S+X2_M1_r0,chocolate_croissant,154,0.000000
FKIT,S+X2_M1_r0,chocolate_croissant,155,0.000000
FKIT,S+X2_M1_r0,chocolate_croissant,156,0.000000
FKIT,S+X2_M1_r0,chocolate_croissant,157,0.000000
FKIT,S+X2_M1_r0,chocolate_croissant,158,0.000000
FKIT,S+X2_M1_r0,chocolate_croissant,159,0.000000
FKIT,S+X2_M1_r0,chocolate_croissant,160,0.000000
FKIT,S+X2_M1_r0,chocolate_croissant,161,0.000000
FKIT,S+X2_M1_r0,chocolate_croissant,162,0.000000
FKIT,S+X2_M1_r0,chocolate_croissant,163,0.000000
FKIT,S+X2_M1_r0,chocolate_croissant,164,0.000000
FKIT,S+X2_M1_r0,chocolate_croissant,165,0.000000
FKIT,S+X2_M1_r0,chocolate_croissant,166,0.000000
FKIT,S+X2_M1_r0,chocolate_croissant,167,0.000000
FKIT,S+X2_M1_r0,chocolate_croissant,168,0.000000
FKIT,S+X2_M1_r0,chocolate_croissant,169,0.000000
FKIT,S+X2_M1_r0,chocolate_croissant,170,0.000000
FKIT,S+X2_M1_r0,chocolate_croissant,171,0.000000
FKIT,S+X2_M1_r0,chocolate_croissant,172,0.000000
FKIT,S+X2_M1_r0,chocolate_croissant,173,0.000000
FKIT,S+X2_M1_r0,chocolate_croissant,174,0.000000
FKIT,S+X2_M1_r0,chocolate_croissant,175,0.000000
FKIT,S+X2_M1_r0,chocolate_croissant,176,0.000000
FKIT,S+X2_M1_r0,chocolate_croissant,177,0.000000
FKIT,S+X2_M1_r0,chocolate_croissant,178,0.000000
FKIT,S+X2_M1_r0,chocolate_croissant,179,0.000000
FKIT,S+X2_M1_r0,chocolate_croissant,180,0.000000
FKIT,S+X2_M1_r0,chocolate_croissant,181,0.000000
FKIT,S+X2_M1_r0,chocolate_croissant,182,0.000000
FKIT,S+X2_M1_r0,chocolate_croissant,183,0.000000
FKIT,S+X2_M1_r0,chocolate_croissant,184,0.000000
FKIT,S+X2_M1_r0,chocolate_croissant,185,0.000000
FKIT,S+X2_M1_r0,chocolate_croissant,186,0.000000
FKIT,S+X2_M1_r0,chocolate_croissant,187,0.000000
FKIT,S+X2_M1_r0,chocolate_croissant,188,0.000000
FKIT,S+X2_M1_r0,chocolate_croissant,189,0.000000
FKIT,S+X2_M1_r0,chocolate_croissant,190,0.000000
FKIT,S+X2_M1_r0,chocolate_croissant,191,0.000000
FKIT,S+X2_M1_r0,chocolate_croissant,192,0.000000
FKIT,S+X2_M1_r0,chocolate_croissant,193,0.000000
FKIT,S+X2_M1_r0,chocolate_croissant,194,0.000000
FKIT,S+X2_M1_r0,chocolate_croissant,195,0.000000
FKIT,S+X2_M1_r0,chocolate_croissant,196,0.000000
FKIT,S+X2_M1_r0,chocolate_croissant,197,0.000000
FKIT,S+X2_M1_r0,chocolate_croissant,198,0.000000
FKIT,S+X2_M1_r0,chocolate_croissant,199,0.000000
FKIT,S+X2_M1_r0,chocolate_croissant,200,0.000000
FKIT,S+X2_M1_r0,chocolate_croissant,201,0.000000
FKIT,S+X2_M1_r0,chocolate_croissant,202,0.000000
FKIT,S+X2_M1_r0,chocolate_croissant,203,0.000000
FKIT,S+X2_M1_r0,chocolate_croissant,204,0.000000
FKIT,S+X2_M1_r0,chocolate_croissant,205,0.000000
FKIT,S+X2_M1_r0,chocolate_croissant,206,0.000000
FKIT,S+X2_M1_r0,chocolate_croissant,207,0.000000
FKIT,S+X2_M1_r0,chocolate_croissant,208,0.000000
FKIT,S+X2_M1_r0,chocolate_croissant,209,0.000000
FKIT,S+X2_M1_r0,chocolate_croissant,210,0.000000
FKIT,S+X2_M1_r0,chocolate_croissant,211,0.000000
FKIT,S+X2_M1_r0,chocolate_croissant,212,0.000000
FKIT,S+X2_M1_r0,chocolate_croissant,213,0.000000
FKIT,S+X2_M1_r0,chocolate_croissant,214,0.000000
FKIT,S+X2_M1_r0,chocolate_croissant,215,0.000000
FKIT,S+X2_M1_r0,chocolate_croissant,216,0.009994
FKIT,S+X2_M1_r0,chocolate_croissant,217,0.006966
FKIT,S+X2_M1_r0,chocolate_croissant,218,0.000000
FKIT,S+X2_M1_r0,chocolate_croissant,219,0.000000
FKIT,S+X2_M1_r0,chocolate_croissant,220,0.000000
FKIT,S+X2_M1_r0,chocolate_croissant,221,0.000000
FKIT,S+X2_M1_r0,chocolate_croissant,222,0.000375
FKIT,S+X2_M1_r0,chocolate_croissant,223,0.000000
FKIT,S+X2_M1_r0,chocolate_croissant,224,0.000000
FKIT,S+X2_M1_r0,chocolate_croissant,225,0.000000
FKIT,S+X2_M1_r0,chocolate_croissant,226,0.000000
FKIT,S+X2_M1_r0,chocolate_croissant,227,0.000000
FKIT,S+X2_M1_r0,chocolate_croissant,228,0.000000
FKIT,S+X2_M1_r0,chocolate_croissant,229,0.000000
FKIT,S+X2_M1_r0,chocolate_croissant,230,0.000000
FKIT,S+X2_M1_r0,chocolate_croissant,231,0.000000
FKIT,S+X2_M1_r0,chocolate_croissant,232,0.000000
FKIT,S+X2_M1_r0,chocolate_croissant,233,0.000000
FKIT,S+X2_M1_r0,chocolate_croissant,234,0.000000
FKIT,S+X2_M1_r0,chocolate_croissant,235,0.000000
FKIT,S+X2_M1_r0,chocolate_croissant,236,0.000000
FKIT,S+X2_M1_r0,chocolate_croissant,237,0.000000
FKIT,S+X2_M1_r0,chocolate_croissant,238,0.000000
FKIT,S+X2_M1_r0,chocolate_croissant,239,0.000000
FKIT,S+X2_M1_r0,chocolate_croissant,240,0.000000
FKIT,S+X2_M1_r0,chocolate_croissant,241,0.000000
FKIT,S+X2_M1_r0,chocolate_croissant,242,0.000000
FKIT,S+X2_M1_r0,chocolate_croissant,243,0.000000
FKIT,S+X2_M1_r0,chocolate_croissant,244,0.000000
FKIT,S+X2_M1_r0,chocolate_croissant,245,0.000000
FKIT,S+X2_M1_r0,chocolate_croissant,246,0.000000
FKIT,S+X2_M1_r0,chocolate_croissant,247,0.000000
FKIT,S+X2_M1_r0,chocolate_croissant,248,0.000000
FKIT,S+X2_M1_r0,chocolate_croissant,249,0.000000
FKIT,S+X2_M1_r0,chocolate_croissant,250,0.000000
FKIT,S+X2_M1_r0,chocolate_croissant,251,0.000000
FKIT,S+X2_M1_r0,chocolate_croissant,252,0.000000
FKIT,S+X2_M1_r0,chocolate_croissant,253,0.000000
FKIT,S+X2_M1_r0,chocolate_croissant,254,0.000000
FKIT,S+X2_M1_r0,chocolate_croissant,255,0.000000
FKIT,S+X2_M1_r0,chocolate_croissant,256,0.000000
FKIT,S+X2_M1_r0,chocolate_croissant,257,0.000000
FKIT,S+X2_M1_r0,chocolate_croissant,258,0.000000
FKIT,S+X2_M1_r0,chocolate_croissant,259,0.000000
FKIT,S+X2_M1_r0,chocolate_croissant,260,0.000000
FKIT,S+X2_M1_r0,chocolate_croissant,261,0.000000
FKIT,S+X2_M1_r0,chocolate_croissant,262,0.000000
FKIT,S+X2_M1_r0,chocolate_croissant,263,0.000000
FKIT,S+X2_M1_r0,chocolate_croissant,264,0.000000
FKIT,S+X2_M1_r0,chocolate_croissant,265,0.000000
FKIT,S+X2_M1_r0,chocolate_croissant,266,0.000000
FKIT,S+X2_M1_r0,chocolate_croissant,267,0.000000
FKIT,S+X2_M1_r0,chocolate_croissant,268,0.000000
FKIT,S+X2_M1_r0,chocolate_croissant,269,0.000000
FKIT,S+X2_M1_r0,chocolate_croissant,270,0.000000
FKIT,S+X2_M1_r0,chocolate_croissant,271,0.000000
FKIT,S+X2_M1_r0,chocolate_croissant,272,0.000000
FKIT,S+X2_M1_r0,chocolate_croissant,273,0.000000
FKIT,S+X2_M1_r0,chocolate_croissant,274,0.000000
FKIT,S+X2_M1_r0,chocolate_croissant,275,0.000000
FKIT,S+X2_M1_r0,chocolate_croissant,276,0.000000
FKIT,S+X2_M1_r0,chocolate_croissant,277,0.000000
FKIT,S+X2_M1_r0,chocolate_croissant,278,0.000000
FKIT,S+X2_M1_r0,chocolate_croissant,279,0.000000
FKIT,S+X2_M1_r0,chocolate_croissant,280,0.000000
FKIT,S+X2_M1_r0,chocolate_croissant,281,0.000000
FKIT,S+X2_M1_r0,chocolate_croissant,282,0.000000
FKIT,S+X2_M1_r0,chocolate_croissant,283,0.000000
FKIT,S+X2_M1_r0,chocolate_croissant,284,0.000000
FKIT,S+X2_M1_r0,chocolate_croissant,285,0.000000
FKIT,S+X2_M1_r0,chocolate_croissant,286,0.000000
FKIT,S+X2_M1_r0,chocolate_croissant,287,0.000000
FKIT,S+X2_M1_r0,chocolate_croissant,288,0.000000
FKIT,S+X2_M1_r0,chocolate_croissant,289,0.000000
FKIT,S+X2_M1_r0,chocolate_croissant,290,0.000000
FKIT,S+X2_M1_r0,chocolate_croissant,291,0.000000
FKIT,S+X2_M1_r0,chocolate_croissant,292,0.000000
FKIT,S+X2_M1_r0,chocolate_croissant,293,0.000000
FKIT,S+X2_M1_r0,chocolate_croissant,294,0.000000
FKIT,S+X2_M1_r0,chocolate_croissant,295,0.000000
FKIT,S+X2_M1_r0,chocolate_croissant,296,0.000000
FKIT,S+X2_M1_r0,chocolate_croissant,297,0.000000
FKIT,S+X2_M1_r0,chocolate_croissant,298,0.000000
FKIT,S+X2_M1_r0,chocolate_croissant,299,0.000000
FKIT,S+X2_M1_r0,chocolate_croissant,300,0.000000
FKIT,S+X2_M1_r0,chocolate_croissant,301,0.000000
FKIT,S+X2_M1_r0,chocolate_croissant,302,0.000000
FKIT,S+X2_M1_r0,chocolate_croissant,303,0.000000
FKIT,S+X2_M1_r0,chocolate_croissant,304,0.000000
FKIT,S+X2_M1_r0,chocolate_croissant,305,0.000000
FKIT,S+X2_M1_r0,chocolate_croissant,306,0.000000
FKIT,S+X2_M1_r0,chocolate_croissant,307,0.000000
FKIT,S+X2_M1_r0,chocolate_croissant,308,0.000000
FKIT,S+X2_M1_r0,chocolate_croissant,309,0.000000
FKIT,S+X2_M1_r0,chocolate_croissant,310,0.000000
FKIT,S+X2_M1_r0,chocolate_croissant,311,0.000000
FKIT,S+X2_M1_r0,chocolate_croissant,312,0.000000
FKIT,S+X2_M1_r0,chocolate_croissant,313,0.000000
FKIT,S+X2_M1_r0,chocolate_croissant,314,0.000000
FKIT,S+X2_M1_r0,chocolate_croissant,315,0.000000
FKIT,S+X2_M1_r0,chocolate_croissant,316,0.000000
FKIT,S+X2_M1_r0,chocolate_croissant,317,0.000000
FKIT,S+X2_M1_r0,chocolate_croissant,318,0.000000
FKIT,S+X2_M1_r0,chocolate_croissant,319,0.000000
FKIT,S+X2_M1_r0,chocolate_croissant,320,0.000000
FKIT,S+X2_M1_r0,chocolate_croissant,321,0.000000
FKIT,S+X2_M1_r0,chocolate_croissant,322,0.000000
FKIT,S+X2_M1_r0,chocolate_croissant,323,0.000000
FKIT,S+X2_M1_r0,chocolate_croissant,324,0.000000
FKIT,S+X2_M1_r0,chocolate_croissant,325,0.000000
FKIT,S+X2_M1_r0,chocolate_croissant,326,0.000000
FKIT,S+X2_M1_r0,chocolate_croissant,327,0.000000
FKIT,S+X2_M1_r0,chocolate_croissant,328,0.000000
FKIT,S+X2_M1_r0,chocolate_croissant,329,0.000000
FKIT,S+X2_M1_r0,chocolate_croissant,330,0.000000
FKIT,S+X2_M1_r0,chocolate_croissant,331,0.000000
FKIT,S+X2_M1_r0,chocolate_croissant,332,0.000000
FKIT,S+X2_M1_r0,chocolate_croissant,333,0.000000
FKIT,S+X2_M1_r0,chocolate_croissant,334,0.000000
FKIT,S+X2_M1_r0,chocolate_croissant,335,0.000000
FKIT,S+X2_M1_r0,chocolate_croissant,336,0.000000
FKIT,S+X2_M1_r0,chocolate_croissant,337,0.000000
FKIT,S+X2_M1_r0,chocolate_croissant,338,0.000000
FKIT,S+X2_M1_r0,chocolate_croissant,339,0.000000
FKIT,S+X2_M1_r0,chocolate_croissant,340,0.000000
FKIT,S+X2_M1_r0,chocolate_croissant,341,0.000000
FKIT,S+X2_M1_r0,chocolate_croissant,342,0.000000
FKIT,S+X2_M1_r0,chocolate_croissant,343,0.000000
FKIT,S+X2_M1_r0,chocolate_croissant,344,0.000000
FKIT,S+X2_M1_r0,chocolate_croissant,345,0.000000
FKIT,S+X2_M1_r0,chocolate_croissant,346,0.000000
FKIT,S+X2_M1_r0,chocolate_croissant,347,0.000000
FKIT,S+X2_M1_r0,chocolate_croissant,348,0.000000
FKIT,S+X2_M1_r0,chocolate_croissant,349,0.000000
FKIT,S+X2_M1_r0,chocolate_croissant,350,0.000000
FKIT,S+X2_M1_r0,chocolate_croissant,351,0.000000
FKIT,S+X2_M1_r0,chocolate_croissant,352,0.000000
FKIT,S+X2_M1_r0,chocolate_croissant,353,0.000000
FKIT,S+X2_M1_r0,chocolate_croissant,354,0.000000
FKIT,S+X2_M1_r0,chocolate_croissant,355,0.000000
FKIT,S+X2_M1_r0,chocolate_croissant,356,0.000000
FKIT,S+X2_M1_r0,chocolate_croissant,357,0.000000
FKIT,S+X2_M1_r0,chocolate_croissant,358,0.000000
FKIT,S+X2_M1_r0,chocolate_croissant,359,0.000000
FKIT,S+X2_M1_r0,chocolate_croissant,360,0.000000
FKIT,S+X2_M1_r0,chocolate_croissant,361,0.000000
FKIT,S+X2_M1_r0,chocolate_croissant,362,0.000000
FKIT,S+X2_M1_r0,chocolate_croissant,363,0.000000
FKIT,S+X2_M1_r0,chocolate_croissant,364,0.000000
FKIT,S+X2_M1_r0,chocolate_croissant,365,0.000000
FKIT,S+X2_M1_r0,chocolate_croissant,366,0.000000
FKIT,S+X2_M1_r0,chocolate_croissant,367,0.000000
FKIT,S+X2_M1_r0,chocolate_croissant,368,0.000000
FKIT,S+X2_M1_r0,chocolate_croissant,369,0.000000
FKIT,S+X2_M1_r0,chocolate_croissant,370,0.000000
FKIT,S+X2_M1_r0,chocolate_croissant,371,0.000000
FKIT,S+X2_M1_r0,chocolate_croissant,372,0.000000
FKIT,S+X2_M1_r0,chocolate_croissant,373,0.000000
FKIT,S+X2_M1_r0,chocolate_croissant,374,0.000000
FKIT,S+X2_M1_r0,chocolate_croissant,375,0.000000
FKIT,S+X2_M1_r0,chocolate_croissant,376,0.000000
FKIT,S+X2_M1_r0,chocolate_croissant,377,0.000000
FKIT,S+X2_M1_r0,chocolate_croissant,378,0.000000
FKIT,S+X2_M1_r0,chocolate_croissant,379,0.000000
FKIT,S+X2_M1_r0,chocolate_croissant,380,0.000000
FKIT,S+X2_M1_r0,chocolate_croissant,381,0.000000
FKIT,S+X2_M1_r0,chocolate_croissant,382,0.000000
FKIT,S+X2_M1_r0,chocolate_croissant,383,0.000000
FKIT,S+X2_M1_r0,chocolate_croissant,384,0.000000
FKIT,S+X2_M1_r0,chocolate_croissant,385,0.000000
FKIT,S+X2_M1_r0,chocolate_croissant,386,0.000000
FKIT,S+X2_M1_r0,chocolate_croissant,387,0.000000
FKIT,S+X2_M1_r0,chocolate_croissant,388,0.000000
FKIT,S+X2_M1_r0,chocolate_croissant,389,0.000000
FKIT,S+X2_M1_r0,chocolate_croissant,390,0.000000
FKIT,S+X2_M1_r0,chocolate_croissant,391,0.000000
FKIT,S+X2_M1_r0,chocolate_croissant,392,0.000000
FKIT,S+X2_M1_r0,chocolate_croissant,393,0.000000
FKIT,S+X2_M1_r0,chocolate_croissant,394,0.000000
FKIT,S+X2_M1_r0,chocolate_croissant,395,0.000000
FKIT,S+X2_M1_r0,chocolate_croissant,396,0.000000
FKIT,S+X2_M1_r0,chocolate_croissant,397,0.000000
FKIT,S+X2_M1_r0,chocolate_croissant,398,0.000000
FKIT,S+X2_M1_r0,chocolate_croissant,399,0.000000
FKIT,S+X2_M1_r0,chocolate_croissant,400,0.000000
FKIT,S+X2_M1_r0,chocolate_croissant,401,0.000000
FKIT,S+X2_M1_r0,chocolate_croissant,402,0.000000
FKIT,S+X2_M1_r0,chocolate_croissant,403,0.000000
FKIT,S+X2_M1_r0,chocolate_croissant,404,0.000000
FKIT,S+X2_M1_r0,chocolate_croissant,405,0.000000
FKIT,S+X2_M1_r0,chocolate_croissant,406,0.000000
FKIT,S+X2_M1_r0,chocolate_croissant,407,0.000000
FKIT,S+X2_M1_r0,chocolate_croissant,408,0.000000
FKIT,S+X2_M1_r0,chocolate_croissant,409,0.000000
FKIT,S+X2_M1_r0,chocolate_croissant,410,0.000000
FKIT,S+X2_M1_r0,chocolate_croissant,411,0.000000
FKIT,S+X2_M1_r0,chocolate_croissant,412,0.000000
FKIT,S+X2_M1_r0,chocolate_croissant,413,0.000000
FKIT,S+X2_M1_r0,chocolate_croissant,414,0.000000
FKIT,S+X2_M1_r0,chocolate_croissant,415,0.000000
FKIT,S+X2_M1_r0,chocolate_croissant,416,0.000000
FKIT,S+X2_M1_r0,chocolate_croissant,417,0.000000
FKIT,S+X2_M1_r0,chocolate_croissant,418,0.000000
FKIT,S+X2_M1_r0,chocolate_croissant,419,0.000000
FKIT,S+X2_M1_r0,chocolate_croissant,420,0.000000
FKIT,S+X2_M1_r0,chocolate_croissant,421,0.000000
FKIT,S+X2_M1_r0,chocolate_croissant,422,0.000000
FKIT,S+X2_M1_r0,chocolate_croissant,423,0.000000
FKIT,S+X2_M1_r0,chocolate_croissant,424,0.000000
FKIT,S+X2_M1_r0,chocolate_croissant,425,0.000000
FKIT,S+X2_M1_r0,chocolate_croissant,426,0.000000
FKIT,S+X2_M1_r0,chocolate_croissant,427,0.000000
FKIT,S+X2_M1_r0,chocolate_croissant,428,0.000000
FKIT,S+X2_M1_r0,chocolate_croissant,429,0.000000
FKIT,S+X2_M1_r0,chocolate_croissant,430,0.000000
FKIT,S+X2_M1_r0,chocolate_croissant,431,0.000000
FKIT,S+X2_M1_r0,chocolate_croissant,432,0.000000
FKIT,S+X2_M1_r0,chocolate_croissant,433,0.000000
FKIT,S+X2_M1_r0,chocolate_croissant,434,0.000000
FKIT,S+X2_M1_r0,chocolate_croissant,435,0.000000
FKIT,S+X2_M1_r0,chocolate_croissant,436,0.000000
FKIT,S+X2_M1_r0,chocolate_croissant,437,0.000000
FKIT,S+X2_M1_r0,chocolate_croissant,438,0.000000
FKIT,S+X2_M1_r0,chocolate_croissant,439,0.000000
FKIT,S+X2_M1_r0,chocolate_croissant,440,0.000000
FKIT,S+X2_M1_r0,chocolate_croissant,441,0.000000
FKIT,S+X2_M1_r0,chocolate_croissant,442,0.000000
FKIT,S+X2_M1_r0,chocolate_croissant,443,0.000000
FKIT,S+X2_M1_r0,chocolate_croissant,444,0.000000
FKIT,S+X2_M1_r0,chocolate_croissant,445,0.000000
FKIT,S+X2_M1_r0,chocolate_croissant,446,0.000000
FKIT,S+X2_M1_r0,chocolate_croissant,447,0.000000
FKIT,S+X2_M1_r0,chocolate_croissant,448,0.000000
FKIT,S+X2_M1_r0,chocolate_croissant,449,0.000000
FKIT,S+X2_M1_r0,chocolate_croissant,450,0.000000
FKIT,S+X2_M1_r0,chocolate_croissant,451,0.000000
FKIT,S+X2_M1_r0,chocolate_croissant,452,0.000000
FKIT,S+X2_M1_r0,chocolate_croissant,453,0.000000
FKIT,S+X2_M1_r0,chocolate_croissant,454,0.000000
FKIT,S+X2_M1_r0,chocolate_croissant,455,0.000000
FKIT,S+X2_M1_r0,chocolate_croissant,456,0.000000
FKIT,S+X2_M1_r0,chocolate_croissant,457,0.000000
FKIT,S+X2_M1_r0,chocolate_croissant,458,0.000000
FKIT,S+X2_M1_r0,chocolate_croissant,459,0.000000
FKIT,S+X2_M1_r0,chocolate_croissant,460,0.000000
FKIT,S+X2_M1_r0,chocolate_croissant,461,0.000000
FKIT,S+X2_M1_r0,chocolate_croissant,462,0.000000
FKIT,S+X2_M1_r0,chocolate_croissant,463,0.000000
FKIT,S+X2_M1_r0,chocolate_croissant,464,0.000000
FKIT,S+X2_M1_r0,chocolate_croissant,465,0.000000
FKIT,S+X2_M1_r0,chocolate_croissant,466,0.000000
FKIT,S+X2_M1_r0,chocolate_croissant,467,0.000000
FKIT,S+X2_M1_r0,chocolate_croissant,468,0.000000
FKIT,S+X2_M1_r0,chocolate_croissant,469,0.000000
FKIT,S+X2_M1_r0,chocolate_croissant,470,0.000000
FKIT,S+X2_M1_r0,chocolate_croissant,471,0.000000
FKIT,S+X2_M1_r0,chocolate_croissant,472,0.000000
FKIT,S+X2_M1_r0,chocolate_croissant,473,0.000000
FKIT,S+X2_M1_r0,chocolate_croissant,474,0.000000
FKIT,S+X2_M1_r0,chocolate_croissant,475,0.000000
FKIT,S+X2_M1_r0,chocolate_croissant,476,0.000000
FKIT,S+X2_M1_r0,chocolate_croissant,477,0.000000
FKIT,S+X2_M1_r0,chocolate_croissant,478,0.000000
FKIT,S+X2_M1_r0,chocolate_croissant,479,0.000000
FKIT,S+X2_M1_r0,chocolate_croissant,480,0.000000
FKIT,S+X2_M1_r0,chocolate_croissant,481,0.000000
FKIT,S+X2_M1_r0,chocolate_croissant,482,0.000000
FKIT,S+X2_M1_r0,chocolate_croissant,483,0.000000
FKIT,S+X2_M1_r0,chocolate_croissant,484,0.000000
FKIT,S+X2_M1_r0,chocolate_croissant,485,0.000000
FKIT,S+X2_M1_r0,chocolate_croissant,486,0.000000
FKIT,S+X2_M1_r0,chocolate_croissant,487,0.000000
FKIT,S+X2_M1_r0,chocolate_croissant,488,0.000000
FKIT,S+X2_M1_r0,chocolate_croissant,489,0.000000
FKIT,S+X2_M1_r0,chocolate_croissant,490,0.000000
FKIT,S+X2_M1_r0,chocolate_croissant,491,0.000000
FKIT,S+X2_M1_r0,chocolate_croissant,492,0.000000
FKIT,S+X2_M1_r0,chocolate_croissant,493,0.000000
FKIT,S+X2_M1_r0,chocolate_croissant,494,0.000000
FKIT,S+X2_M1_r0,chocolate_croissant,495,0.000000
FKIT,S+X2_M1_r0,chocolate_croissant,496,0.000000
FKIT,S+X2_M1_r0,chocolate_croissant,497,0.000000
FKIT,S+X2_M1_r0,chocolate_croissant,498,0.000000
FKIT,S+X2_M1_r0,chocolate_croissant,499,0.000000
FKIT,S+X2_M1_r0,chocolate_croissant,500,0.000000
FKIT,S+X2_M1_r0,chocolate_croissant,501,0.000000
FKIT,S+X2_M1_r0,chocolate_croissant,502,0.000000
FKIT,S+X2_M1_r0,chocolate_croissant,503,0.000000
FKIT,S+X2_M1_r0,chocolate_croissant,504,0.000000
FKIT,S+X2_M1_r0,chocolate_croissant,505,0.000000
FKIT,S+X2_M1_r0,chocolate_croissant,506,0.000000
FKIT,S+X2_M1_r0,chocolate_croissant,507,0.000000
FKIT,S+X2_M1_r0,chocolate_croissant,508,0.000000
FKIT,S+X2_M1_r0,chocolate_croissant,509,0.000000
FKIT,S+X2_M1_r0,chocolate_croissant,510,0.000000
FKIT,S+X2_M1_r0,chocolate_croissant,511,0.000000
FKIT,S+X2_M1_r0,chocolate_croissant,512,0.000000
FKIT,S+X2_M1_r0,chocolate_croissant,513,0.000000
FKIT,S+X2_M1_r0,chocolate_croissant,514,0.000000
FKIT,S+X2_M1_r0,chocolate_croissant,515,0.000000
FKIT,S+X2_M1_r0,chocolate_croissant,516,0.000000
FKIT,S+X2_M1_r0,chocolate_croissant,517,0.000000
FKIT,S+X2_M1_r0,chocolate_croissant,518,0.000000
FKIT,S+X2_M1_r0,chocolate_croissant,519,0.000000
FKIT,S+X2_M1_r0,chocolate_croissant,520,0.000000
FKIT,S+X2_M1_r0,chocolate_croissant,521,0.000000
FKIT,S+X2_M1_r0,chocolate_croissant,522,0.000000
FKIT,S+X2_M1_r0,chocolate_croissant,523,0.000000
FKIT,S+X2_M1_r0,chocolate_croissant,524,0.000000
FKIT,S+X2_M1_r0,chocolate_croissant,525,0.000000
FKIT,S+X2_M1_r0,chocolate_croissant,526,0.000000
FKIT,S+X2_M1_r0,chocolate_croissant,527,0.000000
FKIT,S+X2_M1_r0,chocolate_croissant,528,0.000000
FKIT,S+X2_M1_r0,chocolate_croissant,529,0.000000
FKIT,S+X2_M1_r0,chocolate_croissant,530,0.000000
FKIT,S+X2_M1_r0,chocolate_croissant,531,0.000000
FKIT,S+X2_M1_r0,chocolate_croissant,532,0.000000
FKIT,S+X2_M1_r0,chocolate_croissant,533,0.000000
FKIT,S+X2_M1_r0,chocolate_croissant,534,0.000000
FKIT,S+X2_M1_r0,chocolate_croissant,535,0.000000
FKIT,S+X2_M1_r0,chocolate_croissant,536,0.000000
FKIT,S+X2_M1_r0,chocolate_croissant,537,0.000000
FKIT,S+X2_M1_r0,chocolate_croissant,538,0.000000
FKIT,S+X2_M1_r0,chocolate_croissant,539,0.000000
FKIT,S+X2_M1_r0,chocolate_croissant,540,0.000000
FKIT,S+X2_M1_r0,chocolate_croissant,541,0.000000
FKIT,S+X2_M1_r0,chocolate_croissant,542,0.000000
FKIT,S+X2_M1_r0,chocolate_croissant,543,0.000000
FKIT,S+X2_M1_r0,chocolate_croissant,544,0.000000
FKIT,S+X2_M1_r0,chocolate_croissant,545,0.000000
FKIT,S+X2_M1_r0,chocolate_croissant,546,0.000000
FKIT,S+X2_M1_r0,chocolate_croissant,547,0.000000
FKIT,S+X2_M1_r0,chocolate_croissant,548,0.000000
FKIT,S+X2_M1_r0,chocolate_croissant,549,0.000000
FKIT,S+X2_M1_r0,chocolate_croissant,550,0.000000
FKIT,S+X2_M1_r0,chocolate_croissant,551,0.000000
FKIT,S+X2_M1_r0,chocolate_croissant,552,0.000000
FKIT,S+X2_M1_r0,chocolate_croissant,553,0.000000
FKIT,S+X2_M1_r0,chocolate_croissant,554,0.000000
FKIT,S+X2_M1_r0,chocolate_croissant,555,0.000000
FKIT,S+X2_M1_r0,chocolate_croissant,556,0.000000
FKIT,S+X2_M1_r0,chocolate_croissant,557,0.000000
FKIT,S+X2_M1_r0,chocolate_croissant,558,0.000000
FKIT,S+X2_M1_r0,chocolate_croissant,559,0.000000
FKIT,S+X2_M1_r0,chocolate_croissant,560,0.000000
FKIT,S+X2_M1_r0,chocolate_croissant,561,0.000000
FKIT,S+X2_M1_r0,chocolate_croissant,562,0.000000
FKIT,S+X2_M1_r0,chocolate_croissant,563,0.000000
FKIT,S+X2_M1_r0,chocolate_croissant,564,0.000000
FKIT,S+X2_M1_r0,chocolate_croissant,565,0.000000
FKIT,S+X2_M1_r0,chocolate_croissant,566,0.000000
FKIT,S+X2_M1_r0,chocolate_croissant,567,0.000000
FKIT,S+X2_M1_r0,chocolate_croissant,568,0.000000
FKIT,S+X2_M1_r0,chocolate_croissant,569,0.000000
FKIT,S+X2_M1_r0,chocolate_croissant,570,0.000000
FKIT,S+X2_M1_r0,chocolate_croissant,571,0.000000
FKIT,S+X2_M1_r0,chocolate_croissant,572,0.000000
FKIT,S+X2_M1_r0,chocolate_croissant,573,0.000000
FKIT,S+X2_M1_r0,chocolate_croissant,574,0.000000
FKIT,S+X2_M1_r0,chocolate_croissant,575,0.000000
FKIT,S+X2_M1_r0,chocolate_croissant,576,0.000000
FKIT,S+X2_M1_r0,chocolate_croissant,577,0.000000
FKIT,S+X2_M1_r0,chocolate_croissant,578,0.000000
FKIT,S+X2_M1_r0,chocolate_croissant,579,0.000000
FKIT,S+X2_M1_r0,chocolate_croissant,580,0.000000
FKIT,S+X2_M1_r0,chocolate_croissant,581,0.000000
FKIT,S+X2_M1_r0,chocolate_croissant,582,0.000000
FKIT,S+X2_M1_r0,chocolate_croissant,583,0.000000
FKIT,S+X2_M1_r0,chocolate_croissant,584,0.000000
FKIT,S+X2_M1_r0,chocolate_croissant,585,0.000000
FKIT,S+X2_M1_r0,chocolate_croissant,586,0.000000
FKIT,S+X2_M1_r0,chocolate_croissant,587,0.000000
FKIT,S+X2_M1_r0,chocolate_croissant,588,0.000000
FKIT,S+X2_M1_r0,chocolate_croissant,589,0.000000
FKIT,S+X2_M1_r0,chocolate_croissant,590,0.000000
FKIT,S+X2_M1_r0,chocolate_croissant,591,0.000000
FKIT,S+X2_M1_r0,chocolate_croissant,592,0.000000
FKIT,S+X2_M1_r0,chocolate_croissant,593,0.000000
FKIT,S+X2_M1_r0,chocolate_croissant,594,0.000000
FKIT,S+X2_M1_r0,chocolate_croissant,595,0.000000
FKIT,S+X2_M1_r0,chocolate_croissant,596,0.000000
FKIT,S+X2_M1_r0,chocolate_croissant,597,0.000000
FKIT,S+X2_M1_r0,chocolate_croissant,598,0.000000
FKIT,S+X2_M1_r0,chocolate_croissant,599,0.000000
FKIT,S+X2_M1_r0,chocolate_croissant,600,0.000000
FKIT,S+X2_M1_r0,chocolate_croissant,601,0.000000
FKIT,S+X2_M1_r0,chocolate_croissant,602,0.000000
FKIT,S+X2_M1_r0,chocolate_croissant,603,0.000000
FKIT,S+X2_M1_r0,chocolate_croissant,604,0.000000
FKIT,S+X2_M1_r0,chocolate_croissant,605,0.000000
FKIT,S+X2_M1_r0,chocolate_croissant,606,0.000000
FKIT,S+X2_M1_r0,chocolate_croissant,607,0.000000
FKIT,S+X2_M1_r0,chocolate_croissant,608,0.000000
FKIT,S+X2_M1_r0,chocolate_croissant,609,0.000000
FKIT,S+X2_M1_r0,chocolate_croissant,610,0.000000
FKIT,S+X2_M1_r0,chocolate_croissant,611,0.000000
FKIT,S+X2_M1_r0,chocolate_croissant,612,0.000000
FKIT,S+X2_M1_r0,chocolate_croissant,613,0.000000
FKIT,S+X2_M1_r0,chocolate_croissant,614,0.000000
FKIT,S+X2_M1_r0,chocolate_croissant,615,0.000000
FKIT,S+X2_M1_r0,chocolate_croissant,616,0.000000
FKIT,S+X2_M1_r0,chocolate_croissant,617,0.000000
FKIT,S+X2_M1_r0,chocolate_croissant,618,0.000000
FKIT,S+X2_M1_r0,chocolate_croissant,619,0.000000
FKIT,S+X2_M1_r0,chocolate_croissant,620,0.000000
FKIT,S+X2_M1_r0,chocolate_croissant,621,0.000000
FKIT,S+X2_M1_r0,chocolate_croissant,622,0.000000
FKIT,S+X2_M1_r0,chocolate_croissant,623,0.000000
FKIT,S+X2_M1_r0,chocolate_croissant,624,0.000000
FKIT,S+X2_M1_r0,chocolate_croissant,625,0.000000
FKIT,S+X2_M1_r0,chocolate_croissant,626,0.000000
FKIT,S+X2_M1_r0,chocolate_croissant,627,0.000000
FKIT,S+X2_M1_r0,chocolate_croissant,628,0.000000
FKIT,S+X2_M1_r0,chocolate_croissant,629,0.000000
FKIT,S+X2_M1_r0,chocolate_croissant,630,0.000000
FKIT,S+X2_M1_r0,chocolate_croissant,631,0.000000
FKIT,S+X2_M1_r0,chocolate_croissant,632,0.000000
FKIT,S+X2_M1_r0,chocolate_croissant,633,0.000000
FKIT,S+X2_M1_r0,chocolate_croissant,634,0.000000
FKIT,S+X2_M1_r0,chocolate_croissant,635,0.000000
FKIT,S+X2_M1_r0,chocolate_croissant,636,0.000000
FKIT,S+X2_M1_r0,chocolate_croissant,637,0.000000
FKIT,S+X2_M1_r0,chocolate_croissant,638,0.000000
FKIT,S+X2_M1_r0,chocolate_croissant,639,0.000000
FKIT,S+X2_M1_r0,chocolate_croissant,640,0.000000
FKIT,S+X2_M1_r0,chocolate_croissant,641,0.000000
FKIT,S+X2_M1_r0,chocolate_croissant,642,0.000000
FKIT,S+X2_M1_r0,chocolate_croissant,643,0.000000
FKIT,S+X2_M1_r0,chocolate_croissant,644,0.000000
FKIT,S+X2_M1_r0,chocolate_croissant,645,0.000000
FKIT,S+X2_M1_r0,chocolate_croissant,646,0.000000
FKIT,S+X2_M1_r0,chocolate_croissant,647,0.000000
FKIT,S+X2_M1_r0,chocolate_croissant,648,0.000000
FKIT,S+X2_M1_r0,chocolate_croissant,649,0.000000
FKIT,S+X2_M1_r0,chocolate_croissant,650,0.000000
FKIT,S+X2_M1_r0,chocolate_croissant,651,0.000000
FKIT,S+X2_M1_r0,chocolate_croissant,652,0.000000
FKIT,S+X2_M1_r0,chocolate_croissant,653,0.000000
FKIT,S+X2_M1_r0,chocolate_croissant,654,0.000000
FKIT,S+X2_M1_r0,chocolate_croissant,655,0.000000
FKIT,S+X2_M1_r0,chocolate_croissant,656,0.000000
FKIT,S+X2_M1_r0,chocolate_croissant,657,0.000000
FKIT,S+X2_M1_r0,chocolate_croissant,658,0.000000
FKIT,S+X2_M1_r0,chocolate_croissant,659,0.000000
FKIT,S+X2_M1_r0,chocolate_croissant,660,0.000000
FKIT,S+X2_M1_r0,chocolate_croissant,661,0.000000
FKIT,S+X2_M1_r0,chocolate_croissant,662,0.000000
FKIT,S+X2_M1_r0,chocolate_croissant,663,0.000000
FKIT,S+X2_M1_r0,chocolate_croissant,664,0.000000
FKIT,S+X2_M1_r0,chocolate_croissant,665,0.000000
FKIT,S+X2_M1_r0,chocolate_croissant,666,0.000000
FKIT,S+X2_M1_r0,chocolate_croissant,667,0.000000
FKIT,S+X2_M1_r0,chocolate_croissant,668,0.000000
FKIT,S+X2_M1_r0,chocolate_croissant,669,0.000000
FKIT,S+X2_M1_r0,chocolate_croissant,670,0.000000
FKIT,S+X2_M1_r0,chocolate_croissant,671,0.000000
FKIT,S+X2_M1_r0,chocolate_croissant,672,0.000000
FKIT,S+X2_M1_r0,chocolate_croissant,673,0.000000
FKIT,S+X2_M1_r0,chocolate_croissant,674,0.000000
FKIT,S+X2_M1_r0,chocolate_croissant,675,0.000000
FKIT,S+X2_M1_r0,chocolate_croissant,676,0.000000
FKIT,S+X2_M1_r0,chocolate_croissant,677,0.000000
FKIT,S+X2_M1_r0,chocolate_croissant,678,0.000000
FKIT,S+X2_M1_r0,chocolate_croissant,679,0.000000
FKIT,S+X2_M1_r0,chocolate_croissant,680,0.000000
FKIT,S+X2_M1_r0,chocolate_croissant,681,0.000000
FKIT,S+X2_M1_r0,chocolate_croissant,682,0.000000
FKIT,S+X2_M1_r0,chocolate_croissant,683,0.000000
FKIT,S+X2_M1_r0,chocolate_croissant,684,0.000000
FKIT,S+X2_M1_r0,chocolate_croissant,685,0.000000
FKIT,S+X2_M1_r0,chocolate_croissant,686,0.000000
FKIT,S+X2_M1_r0,chocolate_croissant,687,0.000000
FKIT,S+X2_M1_r0,chocolate_croissant,688,0.000000
FKIT,S+X2_M1_r0,chocolate_croissant,689,0.000000
FKIT,S+X2_M1_r0,chocolate_croissant,690,0.000000
FKIT,S+X2_M1_r0,chocolate_croissant,691,0.000000
FKIT,S+X2_M1_r0,chocolate_croissant,692,0.000000
FKIT,S+X2_M1_r0,chocolate_croissant,693,0.000000
FKIT,S+X2_M1_r0,chocolate_croissant,694,0.000000
FKIT,S+X2_M1_r0,chocolate_croissant,695,0.000000
FKIT,S+X2_M1_r0,chocolate_croissant,696,0.000000
FKIT,S+X2_M1_r0,chocolate_croissant,697,0.000000
FKIT,S+X2_M1_r0,chocolate_croissant,698,0.000000
FKIT,S+X2_M1_r0,chocolate_croissant,699,0.000000
FKIT,S+X2_M1_r0,chocolate_croissant,700,0.000000
FKIT,S+X2_M1_r0,chocolate_croissant,701,0.000000
FKIT,S+X2_M1_r0,chocolate_croissant,702,0.000000
FKIT,S+X2_M1_r0,chocolate_croissant,703,0.000000
FKIT,S+X2_M1_r0,chocolate_croissant,704,0.000000
FKIT,S+X2_M1_r0,chocolate_croissant,705,0.000000
FKIT,S+X2_M1_r0,chocolate_croissant,706,0.000000
FKIT,S+X2_M1_r0,chocolate_croissant,707,0.000000
FKIT,S+X2_M1_r0,chocolate_croissant,708,0.000000
FKIT,S+X2_M1_r0,chocolate_croissant,709,0.000000
FKIT,S+X2_M1_r0,chocolate_croissant,710,0.000000
FKIT,S+X2_M1_r0,chocolate_croissant,711,0.000000
FKIT,S+X2_M1_r0,chocolate_croissant,712,0.000000
FKIT,S+X2_M1_r0,chocolate_croissant,713,0.000000
FKIT,S+X2_M1_r0,chocolate_croissant,714,0.000000
FKIT,S+X2_M1_r0,chocolate_croissant,715,0.000000
FKIT,S+X2_M1_r0,chocolate_croissant,716,0.000000
FKIT,S+X2_M1_r0,chocolate_croissant,717,0.000000
FKIT,S+X2_M1_r0,chocolate_croissant,718,0.000000
FKIT,S+X2_M1_r0,chocolate_croissant,719,0.000000
FKIT,S+X2_M1_r0,chocolate_croissant,720,0.000000
FKIT,S+X2_M1_r0,chocolate_croissant,721,0.000000
FKIT,S+X2_M1_r0,chocolate_croissant,722,0.000000
FKIT,S+X2_M1_r0,chocolate_croissant,723,0.000000
FKIT,S+X2_M1_r0,chocolate_croissant,724,0.000000
FKIT,S+X2_M1_r0,chocolate_croissant,725,0.000000
FKIT,S+X2_M1_r0,chocolate_croissant,726,0.000000
FKIT,S+X2_M1_r0,chocolate_croissant,727,0.000000
FKIT,S+X2_M1_r0,chocolate_croissant,728,0.000000
FKIT,S+X2_M1_r0,chocolate_croissant,729,0.000000
FKIT,S+X2_M1_r0,chocolate_croissant,730,0.000000
FKIT,S+X2_M1_r0,chocolate_croissant,731,0.000000
FKIT,S+X2_M1_r0,chocolate_croissant,732,0.000000
FKIT,S+X2_M1_r0,chocolate_croissant,733,0.000000
FKIT,S+X2_M1_r0,chocolate_croissant,734,0.000000
FKIT,S+X2_M1_r0,chocolate_croissant,735,0.000000
FKIT,S+X2_M1_r0,chocolate_croissant,736,0.000000
FKIT,S+X2_M1_r0,chocolate_croissant,737,0.000000
FKIT,S+X2_M1_r0,chocolate_croissant,738,0.000000
FKIT,S+X2_M1_r0,chocolate_croissant,739,0.000000
FKIT,S+X2_M1_r0,chocolate_croissant,740,0.000000
FKIT,S+X2_M1_r0,chocolate_croissant,741,0.000000
FKIT,S+X2_M1_r0,chocolate_croissant,742,0.000000
FKIT,S+X2_M1_r0,chocolate_croissant,743,0.000000
FKIT,S+X2_M1_r0,chocolate_croissant,744,0.000000
FKIT,S+X2_M1_r0,chocolate_croissant,745,0.000000
FKIT,S+X2_M1_r0,chocolate_croissant,746,0.000000
FKIT,S+X2_M1_r0,chocolate_croissant,747,0.000000
FKIT,S+X2_M1_r0,chocolate_croissant,748,0.000000
FKIT,S+X2_M1_r0,chocolate_croissant,749,0.000000
FKIT,S+X2_M1_r0,chocolate_croissant,750,0.000000
FKIT,S+X2_M1_r0,chocolate_croissant,751,0.000000
FKIT,S+X2_M1_r0,chocolate_croissant,752,0.000000
FKIT,S+X2_M1_r0,chocolate_croissant,753,0.000000
FKIT,S+X2_M1_r0,chocolate_croissant,754,0.000000
FKIT,S+X2_M1_r0,chocolate_croissant,755,0.000000
FKIT,S+X2_M1_r0,chocolate_croissant,756,0.000000
FKIT,S+X2_M1_r0,chocolate_croissant,757,0.000000
FKIT,S+X2_M1_r0,chocolate_croissant,758,0.000000
FKIT,S+X2_M1_r0,chocolate_croissant,759,0.000000
FKIT,S+X2_M1_r0,chocolate_croissant,760,0.000000
FKIT,S+X2_M1_r0,chocolate_croissant,761,0.000000
FKIT,S+X2_M1_r0,chocolate_croissant,762,0.000000
FKIT,S+X2_M1_r0,chocolate_croissant,763,0.000000
FKIT,S+X2_M1_r0,chocolate_croissant,764,0.000000
FKIT,S+X2_M1_r0,chocolate_croissant,765,0.000000
FKIT,S+X2_M1_r0,chocolate_croissant,766,0.000000
FKIT,S+X2_M1_r0,chocolate_croissant,767,0.000000
FKIT,S+X2_M1_r0,chocolate_croissant,768,0.000000
FKIT,S+X2_M1_r0,chocolate_croissant,769,0.000000
FKIT,S+X2_M1_r0,chocolate_croissant,770,0.000000
FKIT,S+X2_M1_r0,chocolate_croissant,771,0.000000
FKIT,S+X2_M1_r0,chocolate_croissant,772,0.000000
FKIT,S+X2_M1_r0,chocolate_croissant,773,0.000000
FKIT,S+X2_M1_r0,chocolate_croissant,774,0.000000
FKIT,S+X2_M1_r0,chocolate_croissant,775,0.000000
FKIT,S+X2_M1_r0,chocolate_croissant,776,0.000000
FKIT,S+X2_M1_r0,chocolate_croissant,777,0.000000
FKIT,S+X2_M1_r0,chocolate_croissant,778,0.000000
FKIT,S+X2_M1_r0,chocolate_croissant,779,0.000000
FKIT,S+X2_M1_r0,chocolate_croissant,780,0.000000
FKIT,S+X2_M1_r0,chocolate_croissant,781,0.000000
FKIT,S+X2_M1_r0,chocolate_croissant,782,0.000000
FKIT,S+X2_M1_r0,chocolate_croissant,783,0.000000
FKIT,S+X2_M1_r0,chocolate_croissant,784,0.000000
FKIT,S+X2_M1_r0,chocolate_croissant,785,0.000000
FKIT,S+X2_M1_r0,chocolate_croissant,786,0.000000
FKIT,S+X2_M1_r0,chocolate_croissant,787,0.000000
FKIT,S+X2_M1_r0,chocolate_croissant,788,0.000000
FKIT,S+X2_M1_r0,chocolate_croissant,789,0.000000
FKIT,S+X2_M1_r0,chocolate_croissant,790,0.000000
FKIT,S+X2_M1_r0,chocolate_croissant,791,0.000000
FKIT,S+X2_M1_r0,chocolate_croissant,792,0.000000
FKIT,S+X2_M1_r0,chocolate_croissant,793,0.000000
FKIT,S+X2_M1_r0,chocolate_croissant,794,0.000000
FKIT,S+X2_M1_r0,chocolate_croissant,795,0.000000
FKIT,S+X2_M1_r0,chocolate_croissant,796,0.000000
FKIT,S+X2_M1_r0,chocolate_croissant,797,0.000000
FKIT,S+X2_M1_r0,chocolate_croissant,798,0.000000
FKIT,S+X2_M1_r0,chocolate_croissant,799,0.000000
FKIT,S+X2_M1_r0,chocolate_croissant,800,0.000000
FKIT,S+X2_M1_r0,chocolate_croissant,801,0.000000
FKIT,S+X2_M1_r0,chocolate_croissant,802,0.000000
FKIT,S+X2_M1_r0,chocolate_croissant,803,0.000000
FKIT,S+X2_M1_r0,chocolate_croissant,804,0.000000
FKIT,S+X2_M1_r0,chocolate_croissant,805,0.000000
FKIT,S+X2_M1_r0,chocolate_croissant,806,0.000000
FKIT,S+X2_M1_r0,chocolate_croissant,807,0.000000
FKIT,S+X2_M1_r0,chocolate_croissant,808,0.000000
FKIT,S+X2_M1_r0,chocolate_croissant,809,0.000000
FKIT,S+X2_M1_r0,chocolate_croissant,810,0.000000
FKIT,S+X2_M1_r0,chocolate_croissant,811,0.000000
FKIT,S+X2_M1_r0,chocolate_croissant,812,0.000000
FKIT,S+X2_M1_r0,chocolate_croissant,813,0.000000
FKIT,S+X2_M1_r0,chocolate_croissant,814,0.000000
FKIT,S+X2_M1_r0,chocolate_croissant,815,0.000000
FKIT,S+X2_M1_r0,chocolate_croissant,816,0.000000
FKIT,S+X2_M1_r0,chocolate_croissant,817,0.000000
FKIT,S+X2_M1_r0,chocolate_croissant,818,0.000000
FKIT,S+X2_M1_r0,chocolate_croissant,819,0.000000
FKIT,S+X2_M1_r0,chocolate_croissant,820,0.000000
FKIT,S+X2_M1_r0,chocolate_croissant,821,0.000000
FKIT,S+X2_M1_r0,chocolate_croissant,822,0.000000
FKIT,S+X2_M1_r0,chocolate_croissant,823,0.000000
FKIT,S+X2_M1_r0,chocolate_croissant,824,0.000000
FKIT,S+X2_M1_r0,chocolate_croissant,825,0.000000
FKIT,S+X2_M1_r0,chocolate_croissant,826,0.000000
FKIT,S+X2_M1_r0,chocolate_croissant,827,0.000000
FKIT,S+X2_M1_r0,chocolate_croissant,828,0.000000
FKIT,S+X2_M1_r0,chocolate_croissant,829,0.000000
FKIT,S+X2_M1_r0,chocolate_croissant,830,0.000000
FKIT,S+X2_M1_r0,chocolate_croissant,831,0.000000
FKIT,S+X2_M1_r0,chocolate_croissant,832,0.000000
FKIT,S+X2_M1_r0,chocolate_croissant,833,0.000000
FKIT,S+X2_M1_r0,chocolate_croissant,834,0.000000
FKIT,S+X2_M1_r0,chocolate_croissant,835,0.000000
FKIT,S+X2_M1_r0,chocolate_croissant,836,0.000000
FKIT,S+X2_M1_r0,chocolate_croissant,837,0.000000
FKIT,S+X2_M1_r0,chocolate_croissant,838,0.000000
FKIT,S+X2_M1_r0,chocolate_croissant,839,0.000000
FKIT,S+X2_M1_r0,chocolate_croissant,840,0.000000
FKIT,S+X2_M1_r0,chocolate_croissant,841,0.000000
FKIT,S+X2_M1_r0,chocolate_croissant,842,0.000000
FKIT,S+X2_M1_r0,chocolate_croissant,843,0.000000
FKIT,S+X2_M1_r0,chocolate_croissant,844,0.000000
FKIT,S+X2_M1_r0,chocolate_croissant,845,0.000000
FKIT,S+X2_M1_r0,chocolate_croissant,846,0.000000
FKIT,S+X2_M1_r0,chocolate_croissant,847,0.000000
FKIT,S+X2_M1_r0,chocolate_croissant,848,0.000000
FKIT,S+X2_M1_r0,chocolate_croissant,849,0.000000
FKIT,S+X2_M1_r0,chocolate_croissant,850,0.000000
FKIT,S+X2_M1_r0,chocolate_croissant,851,0.000000
FKIT,S+X2_M1_r0,chocolate_croissant,852,0.000000
FKIT,S+X2_M1_r0,chocolate_croissant,853,0.000000
FKIT,S+X2_M1_r0,chocolate_croissant,854,0.000000
FKIT,S+X2_M1_r0,chocolate_croissant,855,0.000000
FKIT,S+X2_M1_r0,chocolate_croissant,856,0.000000
FKIT,S+X2_M1_r0,chocolate_croissant,857,0.000000
FKIT,S+X2_M1_r0,chocolate_croissant,858,0.000000
FKIT,S+X2_M1_r0,chocolate_croissant,859,0.000000
FKIT,S+X2_M1_r0,chocolate_croissant,860,0.000000
FKIT,S+X2_M1_r0,chocolate_croissant,861,0.000000
FKIT,S+X2_M1_r0,chocolate_croissant,862,0.000000
FKIT,S+X2_M1_r0,chocolate_croissant,863,0.000000
FKIT,S+X2_M1_r0,chocolate_croissant,864,0.000000
FKIT,S+X2_M1_r0,chocolate_croissant,865,0.000000
FKIT,S+X2_M1_r0,chocolate_croissant,866,0.000000
FKIT,S+X2_M1_r0,chocolate_croissant,867,0.000000
FKIT,S+X2_M1_r0,chocolate_croissant,868,0.000000
FKIT,S+X2_M1_r0,chocolate_croissant,869,0.000000
FKIT,S+X2_M1_r0,chocolate_croissant,870,0.000000
FKIT,S+X2_M1_r0,chocolate_croissant,871,0.000000
FKIT,S+X2_M1_r0,chocolate_croissant,872,0.000000
FKIT,S+X2_M1_r0,chocolate_croissant,873,0.000000
FKIT,S+X2_M1_r0,chocolate_croissant,874,0.000000
FKIT,S+X2_M1_r0,chocolate_croissant,875,0.000000
FKIT,S+X2_M1_r0,chocolate_croissant,876,0.000000
FKIT,S+X2_M1_r0,chocolate_croissant,877,0.000000
FKIT,S+X2_M1_r0,chocolate_croissant,878,0.000000
FKIT,S+X2_M1_r0,chocolate_croissant,879,0.000000
FKIT,S+X2_M1_r0,chocolate_croissant,880,0.000000
FKIT,S+X2_M1_r0,chocolate_croissant,881,0.000000
FKIT,S+X2_M1_r0,chocolate_croissant,882,0.000000
FKIT,S+X2_M1_r0,chocolate_croissant,883,0.000000
FKIT,S+X2_M1_r0,chocolate_croissant,884,0.000000
FKIT,S+X2_M1_r0,chocolate_croissant,885,0.000000
FKIT,S+X2_M1_r0,chocolate_croissant,886,0.000000
FKIT,S+X2_M1_r0,chocolate_croissant,887,0.000000
FKIT,S+X2_M1_r0,chocolate_croissant,888,0.000000
FKIT,S+X2_M1_r0,chocolate_croissant,889,0.000000
FKIT,S+X2_M1_r0,chocolate_croissant,890,0.000000
FKIT,S+X2_M1_r0,chocolate_croissant,891,0.000000
FKIT,S+X2_M1_r0,chocolate_croissant,892,0.000000
FKIT,S+X2_M1_r0,chocolate_croissant,893,0.000000
FKIT,S+X2_M1_r0,chocolate_croissant,894,0.000000
FKIT,S+X2_M1_r0,chocolate_croissant,895,0.000000
FKIT,S+X2_M1_r0,chocolate_croissant,896,0.000000
FKIT,S+X2_M1_r0,chocolate_croissant,897,0.000000
FKIT,S+X2_M1_r0,chocolate_croissant,898,0.000000
FKIT,S+X2_M1_r0,chocolate_croissant,899,0.000000
FKIT,S+X2_M1_r0,chocolate_croissant,900,0.000000
FKIT,S+X2_M1_r0,chocolate_croissant,901,0.000000
FKIT,S+X2_M1_r0,chocolate_croissant,902,0.000000
FKIT,S+X2_M1_r0,chocolate_croissant,903,0.000000
FKIT,S+X2_M1_r0,chocolate_croissant,904,0.000000
FKIT,S+X2_M1_r0,chocolate_croissant,905,0.000000
FKIT,S+X2_M1_r0,chocolate_croissant,906,0.000000
FKIT,S+X2_M1_r0,chocolate_croissant,907,0.000000
FKIT,S+X2_M1_r0,chocolate_croissant,908,0.000000
FKIT,S+X2_M1_r0,chocolate_croissant,909,0.000000
FKIT,S+X2_M1_r0,chocolate_croissant,910,0.000000
FKIT,S+X2_M1_r0,chocolate_croissant,911,0.000000
FKIT,S+X2_M1_r0,chocolate_croissant,912,0.000000
FKIT,S+X2_M1_r0,chocolate_croissant,913,0.000000
FKIT,S+X2_M1_r0,chocolate_croissant,914,0.000000
FKIT,S+X2_M1_r0,chocolate_croissant,915,0.000000
FKIT,S+X2_M1_r0,chocolate_croissant,916,0.000000
FKIT,S+X2_M1_r0,chocolate_croissant,917,0.000000
FKIT,S+X2_M1_r0,chocolate_croissant,918,0.000000
FKIT,S+X2_M1_r0,chocolate_croissant,919,0.000000
FKIT,S+X2_M1_r0,chocolate_croissant,920,0.000000
FKIT,S+X2_M1_r0,chocolate_croissant,921,0.000000
FKIT,S+X2_M1_r0,chocolate_croissant,922,0.000000
FKIT,S+X2_M1_r0,chocolate_croissant,923,0.000000
FKIT,S+X2_M1_r0,chocolate_croissant,924,0.000000
FKIT,S+X2_M1_r0,chocolate_croissant,925,0.000000
FKIT,S+X2_M1_r0,chocolate_croissant,926,0.000000
FKIT,S+X2_M1_r0,chocolate_croissant,927,0.000000
FKIT,S+X2_M1_r0,chocolate_croissant,928,0.000000
FKIT,S+X2_M1_r0,chocolate_croissant,929,0.000000
FKIT,S+X2_M1_r0,chocolate_croissant,930,0.000000
FKIT,S+X2_M1_r0,chocolate_croissant,931,0.000000
FKIT,S+X2_M1_r0,chocolate_croissant,932,0.000000
FKIT,S+X2_M1_r0,chocolate_croissant,933,0.000000
FKIT,S+X2_M1_r0,chocolate_croissant,934,0.000000
FKIT,S+X2_M1_r0,chocolate_croissant,935,0.000000
FKIT,S+X2_M1_r0,chocolate_croissant,936,0.000000
FKIT,S+X2_M1_r0,chocolate_croissant,937,0.000000
FKIT,S+X2_M1_r0,chocolate_croissant,938,0.000000
FKIT,S+X2_M1_r0,chocolate_croissant,939,0.000000
FKIT,S+X2_M1_r0,chocolate_croissant,940,0.000000
FKIT,S+X2_M1_r0,chocolate_croissant,941,0.000000
FKIT,S+X2_M1_r0,chocolate_croissant,942,0.000000
FKIT,S+X2_M1_r0,chocolate_croissant,943,0.000000
FKIT,S+X2_M1_r0,chocolate_croissant,944,0.000000
FKIT,S+X2_M1_r0,chocolate_croissant,945,0.000000
FKIT,S+X2_M1_r0,chocolate_croissant,946,0.000000
FKIT,S+X2_M1_r0,chocolate_croissant,947,0.000000
FKIT,S+X2_M1_r0,chocolate_croissant,948,0.000000
FKIT,S+X2_M1_r0,chocolate_croissant,949,0.000000
FKIT,S+X2_M1_r0,chocolate_croissant,950,0.000000
FKIT,S+X2_M1_r0,chocolate_croissant,951,0.000000
FKIT,S+X2_M1_r0,chocolate_croissant,952,0.000000
FKIT,S+X2_M1_r0,chocolate_croissant,953,0.000000
FKIT,S+X2_M1_r0,chocolate_croissant,954,0.000000
FKIT,S+X2_M1_r0,chocolate_croissant,955,0.000000
FKIT,S+X2_M1_r0,chocolate_croissant,956,0.000000
FKIT,S+X2_M1_r0,chocolate_croissant,957,0.000000
FKIT,S+X2_M1_r0,chocolate_croissant,958,0.000000
FKIT,S+X2_M1_r0,chocolate_croissant,959,0.000000
FKIT,S+X2_M1_r0,chocolate_croissant,960,0.000000
FKIT,S+X2_M1_r0,chocolate_croissant,961,0.000000
FKIT,S+X2_M1_r0,chocolate_croissant,962,0.000000
FKIT,S+X2_M1_r0,chocolate_croissant,963,0.000000
FKIT,S+X2_M1_r0,chocolate_croissant,964,0.000000
FKIT,S+X2_M1_r0,chocolate_croissant,965,0.000000
FKIT,S+X2_M1_r0,chocolate_croissant,966,0.000000
FKIT,S+X2_M1_r0,chocolate_croissant,967,0.000000
FKIT,S+X2_M1_r0,chocolate_croissant,968,0.000000
FKIT,S+X2_M1_r0,chocolate_croissant,969,0.000000
FKIT,S+X2_M1_r0,chocolate_croissant,970,0.000000
FKIT,S+X2_M1_r0,chocolate_croissant,971,0.000000
FKIT,S+X2_M1_r0,chocolate_croissant,972,0.000000
FKIT,S+X2_M1_r0,chocolate_croissant,973,0.000000
FKIT,S+X2_M1_r0,chocolate_croissant,974,0.000000
FKIT,S+X2_M1_r0,chocolate_croissant,975,0.000000
FKIT,S+X2_M1_r0,chocolate_croissant,976,0.000000
FKIT,S+X2_M1_r0,chocolate_croissant,977,0.000000
FKIT,S+X2_M1_r0,chocolate_croissant,978,0.000000
FKIT,S+X2_M1_r0,chocolate_croissant,979,0.000000
FKIT,S+X2_M1_r0,chocolate_croissant,980,0.000000
FKIT,S+X2_M1_r0,chocolate_croissant,981,0.000000
FKIT,S+X2_M1_r0,chocolate_croissant,982,0.000000
FKIT,S+X2_M1_r0,chocolate_croissant,983,0.000000
FKIT,S+X2_M1_r0,chocolate_croissant,984,0.000000
FKIT,S+X2_M1_r0,chocolate_croissant,985,0.000000
FKIT,S+X2_M1_r0,chocolate_croissant,986,0.000000
FKIT,S+X2_M1_r0,chocolate_croissant,987,0.000000
FKIT,S+X2_M1_r0,chocolate_croissant,988,0.000000
FKIT,S+X2_M1_r0,chocolate_croissant,989,0.000000
FKIT,S+X2_M1_r0,chocolate_croissant,990,0.000000
FKIT,S+X2_M1_r0,chocolate_croissant,991,0.000000
FKIT,S+X2_M1_r0,chocolate_croissant,992,0.000000
FKIT,S+X2_M1_r0,chocolate_croissant,993,0.000000
FKIT,S+X2_M1_r0,chocolate_croissant,994,0.000000
FKIT,S+X2_M1_r0,chocolate_croissant,995,0.000000
FKIT,S+X2_M1_r0,chocolate_croissant,996,0.000000
FKIT,S+X2_M1_r0,chocolate_croissant,997,0.000000
FKIT,S+X2_M1_r0,chocolate_croissant,998,0.000000
FKIT,S+X2_M1_r0,chocolate_croissant,999,0.000000
FKIT,S+X2_M1_r0,chocolate_croissant,1000,0.000000
FKIT,S+X2_M1_r0,chocolate_croissant,1001,0.000000
FKIT,S+X2_M1_r0,chocolate_croissant,1002,0.000000
FKIT,S+X2_M1_r0,chocolate_croissant,1003,0.000000
FKIT,S+X2_M1_r0,chocolate_croissant,1004,0.000000
FKIT,S+X2_M1_r0,chocolate_croissant,1005,0.000000
FKIT,S+X2_M1_r0,chocolate_croissant,1006,0.000000
FKIT,S+X2_M1_r0,chocolate_croissant,1007,0.000000
FKIT,S+X2_M1_r0,chocolate_croissant,1008,0.000000
FKIT,S+X2_M1_r0,chocolate_croissant,1009,0.000000
FKIT,S+X2_M1_r0,chocolate_croissant,1010,0.000000
FKIT,S+X2_M1_r0,chocolate_croissant,1011,0.000000
FKIT,S+X2_M1_r0,chocolate_croissant,1012,0.000000
FKIT,S+X2_M1_r0,chocolate_croissant,1013,0.000000
FKIT,S+X2_M1_r0,chocolate_croissant,1014,0.000000
FKIT,S+X2_M1_r0,chocolate_croissant,1015,0.000000
FKIT,S+X2_M1_r0,chocolate_croissant,1016,0.000000
FKIT,S+X2_M1_r0,chocolate_croissant,1017,0.000000
FKIT,S+X2_M1_r0,chocolate_croissant,1018,0.000000
FKIT,S+X2_M1_r0,chocolate_croissant,1019,0.000000
FKIT,S+X2_M1_r0,chocolate_croissant,1020,0.000000
FKIT,S+X2_M1_r0,chocolate_croissant,1021,0.000000
FKIT,S+X2_M1_r0,chocolate_croissant,1022,0.000000
FKIT,S+X2_M1_r0,chocolate_croissant,1023,0.000000
FKIT,S+X2_M1_r0,chocolate_croissant,1024,0.000000
FKIT,S+X2_M1_r0,chocolate_croissant,1025,0.000000
FKIT,S+X2_M1_r0,chocolate_croissant,1026,0.000000
FKIT,S+X2_M1_r0,chocolate_croissant,1027,0.000000
FKIT,S+X2_M1_r0,chocolate_croissant,1028,0.000000
FKIT,S+X2_M1_r0,chocolate_croissant,1029,0.000000
FKIT,S+X2_M1_r0,chocolate_croissant,1030,0.000000
FKIT,S+X2_M1_r0,chocolate_croissant,1031,0.000000
FKIT,S+X2_M1_r0,chocolate_croissant,1032,0.000000
FKIT,S+X2_M1_r0,chocolate_croissant,1033,0.000000
FKIT,S+X2_M1_r0,chocolate_croissant,1034,0.000000
FKIT,S+X2_M1_r0,chocolate_croissant,1035,0.000000
FKIT,S+X2_M1_r0,chocolate_croissant,1036,0.000000
FKIT,S+X2_M1_r0,chocolate_croissant,1037,0.000000
FKIT,S+X2_M1_r0,chocolate_croissant,1038,0.000000
FKIT,S+X2_M1_r0,chocolate_croissant,1039,0.000000
FKIT,S+X2_M1_r0,chocolate_croissant,1040,0.000000
FKIT,S+X2_M1_r0,chocolate_croissant,1041,0.000000
FKIT,S+X2_M1_r0,chocolate_croissant,1042,0.000000
FKIT,S+X2_M1_r0,chocolate_croissant,1043,0.000000
FKIT,S+X2_M1_r0,chocolate_croissant,1044,0.000000
FKIT,S+X2_M1_r0,chocolate_croissant,1045,0.000000
FKIT,S+X2_M1_r0,chocolate_croissant,1046,0.000000
FKIT,S+X2_M1_r0,chocolate_croissant,1047,0.000000
FKIT,S+X2_M1_r0,chocolate_croissant,1048,0.000000
FKIT,S+X2_M1_r0,chocolate_croissant,1049,0.000000
FKIT,S+X2_M1_r0,chocolate_croissant,1050,0.000000
FKIT,S+X2_M1_r0,chocolate_croissant,1051,0.000000
FKIT,S+X2_M1_r0,chocolate_croissant,1052,0.000000
FKIT,S+X2_M1_r0,chocolate_croissant,1053,0.000000
FKIT,S+X2_M1_r0,chocolate_croissant,1054,0.000000
FKIT,S+X2_M1_r0,chocolate_croissant,1055,0.000000
FKIT,S+X2_M1_r0,chocolate_croissant,1056,0.000000
FKIT,S+X2_M1_r0,chocolate_croissant,1057,0.000000
FKIT,S+X2_M1_r0,chocolate_croissant,1058,0.000000
FKIT,S+X2_M1_r0,chocolate_croissant,1059,0.000000
FKIT,S+X2_M1_r0,chocolate_croissant,1060,0.000000
FKIT,S+X2_M1_r0,chocolate_croissant,1061,0.000000
FKIT,S+X2_M1_r0,chocolate_croissant,1062,0.000000
FKIT,S+X2_M1_r0,chocolate_croissant,1063,0.000000
FKIT,S+X2_M1_r0,chocolate_croissant,1064,0.000000
FKIT,S+X2_M1_r0,chocolate_croissant,1065,0.000000
FKIT,S+X2_M1_r0,chocolate_croissant,1066,0.000000
FKIT,S+X2_M1_r0,chocolate_croissant,1067,0.000000
FKIT,S+X2_M1_r0,chocolate_croissant,1068,0.000000
FKIT,S+X2_M1_r0,chocolate_croissant,1069,0.000000
FKIT,S+X2_M1_r0,chocolate_croissant,1070,0.000000
FKIT,S+X2_M1_r0,chocolate_croissant,1071,0.000000
FKIT,S+X2_M1_r0,chocolate_croissant,1072,0.000000
FKIT,S+X2_M1_r0,chocolate_croissant,1073,0.000000
FKIT,S+X2_M1_r0,chocolate_croissant,1074,0.000000
FKIT,S+X2_M1_r0,chocolate_croissant,1075,0.000000
FKIT,S+X2_M1_r0,chocolate_croissant,1076,0.000000
FKIT,S+X2_M1_r0,chocolate_croissant,1077,0.000000
FKIT,S+X2_M1_r0,chocolate_croissant,1078,0.000000
FKIT,S+X2_M1_r0,chocolate_croissant,1079,0.000000
FKIT,S+X2_M1_r0,chocolate_croissant,1080,0.000000
FKIT,S+X2_M1_r0,chocolate_croissant,1081,0.000000
FKIT,S+X2_M1_r0,chocolate_croissant,1082,0.000000
FKIT,S+X2_M1_r0,chocolate_croissant,1083,0.000000
FKIT,S+X2_M1_r0,chocolate_croissant,1084,0.000000
FKIT,S+X2_M1_r0,chocolate_croissant,1085,0.000000
FKIT,S+X2_M1_r0,chocolate_croissant,1086,0.000000
FKIT,S+X2_M1_r0,chocolate_croissant,1087,0.000000
FKIT,S+X2_M1_r0,chocolate_croissant,1088,0.000000
FKIT,S+X2_M1_r0,chocolate_croissant,1089,0.000000
FKIT,S+X2_M1_r0,chocolate_croissant,1090,0.000000
FKIT,S+X2_M1_r0,chocolate_croissant,1091,0.000000
FKIT,S+X2_M1_r0,chocolate_croissant,1092,0.000000
FKIT,S+X2_M1_r0,chocolate_croissant,1093,0.000000
FKIT,S+X2_M1_r0,chocolate_croissant,1094,0.000000
FKIT,S+X2_M1_r0,chocolate_croissant,1095,0.000000
FKIT,S+X2_M1_r0,chocolate_croissant,1096,0.000000
FKIT,S+X2_M1_r0,chocolate_croissant,1097,0.000000
FKIT,S+X2_M1_r0,chocolate_croissant,1098,0.000000
FKIT,S+X2_M1_r0,chocolate_croissant,1099,0.000000
FKIT,S+X2_M1_r0,chocolate_croissant,1100,0.000000
FKIT,S+X2_M1_r0,chocolate_croissant,1101,0.000000
FKIT,S+X2_M1_r0,chocolate_croissant,1102,0.000000
FKIT,S+X2_M1_r0,chocolate_croissant,1103,0.000000
FKIT,S+X2_M1_r0,chocolate_croissant,1104,0.000000
FKIT,S+X2_M1_r0,chocolate_croissant,1105,0.000000
FKIT,S+X2_M1_r0,chocolate_croissant,1106,0.000000
FKIT,S+X2_M1_r0,chocolate_croissant,1107,0.000000
FKIT,S+X2_M1_r0,chocolate_croissant,1108,0.000000
FKIT,S+X2_M1_r0,chocolate_croissant,1109,0.000000
FKIT,S+X2_M1_r0,chocolate_croissant,1110,0.000000
FKIT,S+X2_M1_r0,chocolate_croissant,1111,0.000000
FKIT,S+X2_M1_r0,chocolate_croissant,1112,0.000000
FKIT,S+X2_M1_r0,chocolate_croissant,1113,0.000000
FKIT,S+X2_M1_r0,chocolate_croissant,1114,0.000000
FKIT,S+X2_M1_r0,chocolate_croissant,1115,0.000000
FKIT,S+X2_M1_r0,chocolate_croissant,1116,0.000000
FKIT,S+X2_M1_r0,chocolate_croissant,1117,0.000000
FKIT,S+X2_M1_r0,chocolate_croissant,1118,0.000000
FKIT,S+X2_M1_r0,chocolate_croissant,1119,0.000000
FKIT,S+X2_M1_r0,chocolate_croissant,1120,0.000000
FKIT,S+X2_M1_r0,chocolate_croissant,1121,0.000000
FKIT,S+X2_M1_r0,donut,0,0.252123
FKIT,S+X2_M1_r0,donut,1,0.283874
FKIT,S+X2_M1_r0,donut,2,0.287754
FKIT,S+X2_M1_r0,donut,3,0.297655
FKIT,S+X2_M1_r0,donut,4,0.286415
FKIT,S+X2_M1_r0,donut,5,0.274471
FKIT,S+X2_M1_r0,donut,6,0.304920
FKIT,S+X2_M1_r0,donut,7,0.279552
FKIT,S+X2_M1_r0,donut,8,0.286971
FKIT,S+X2_M1_r0,donut,9,0.280943
FKIT,S+X2_M1_r0,donut,10,0.295874
FKIT,S+X2_M1_r0,donut,11,0.366531
FKIT,S+X2_M1_r0,donut,12,0.376894
FKIT,S+X2_M1_r0,donut,13,0.372202
FKIT,S+X2_M1_r0,donut,14,0.396145
FKIT,S+X2_M1_r0,donut,15,0.398209
FKIT,S+X2_M1_r0,donut,16,0.415179
FKIT,S+X2_M1_r0,donut,17,0.396033
FKIT,S+X2_M1_r0,donut,18,0.404375
FKIT,S+X2_M1_r0,donut,19,0.377427
FKIT,S+X2_M1_r0,donut,20,0.399852
FKIT,S+X2_M1_r0,donut,21,0.625273
FKIT,S+X2_M1_r0,donut,22,0.621611
FKIT,S+X2_M1_r0,donut,23,0.627771
FKIT,S+X2_M1_r0,donut,24,0.596931
FKIT,S+X2_M1_r0,donut,25,0.540599
FKIT,S+X2_M1_r0,donut,26,0.527576
FKIT,S+X2_M1_r0,donut,27,0.557377
FKIT,S+X2_M1_r0,donut,28,0.609007
FKIT,S+X2_M1_r0,donut,29,0.569575
FKIT,S+X2_M1_r0,donut,30,0.604559
FKIT,S+X2_M1_r0,donut,31,0.715515
FKIT,S+X2_M1_r0,donut,32,0.673301
FKIT,S+X2_M1_r0,donut,33,0.648850
FKIT,S+X2_M1_r0,donut,34,0.635596
FKIT,S+X2_M1_r0,donut,35,0.672799
FKIT,S+X2_M1_r0,donut,36,0.639630
FKIT,S+X2_M1_r0,donut,37,0.646534
FKIT,S+X2_M1_r0,donut,38,0.703751
FKIT,S+X2_M1_r0,donut,39,0.704699
FKIT,S+X2_M1_r0,donut,40,0.712872
FKIT,S+X2_M1_r0,donut,41,0.831245
FKIT,S+X2_M1_r0,donut,42,0.803884
FKIT,S+X2_M1_r0,donut,43,0.790270
FKIT,S+X2_M1_r0,donut,44,0.772518
FKIT,S+X2_M1_r0,donut,45,0.790959
FKIT,S+X2_M1_r0,donut,46,0.754069
FKIT,S+X2_M1_r0,donut,47,0.785982
FKIT,S+X2_M1_r0,donut,48,0.790238
FKIT,S+X2_M1_r0,donut,49,0.792249
FKIT,S+X2_M1_r0,donut,50,0.801729
FKIT,S+X2_M1_r0,donut,51,0.844569
FKIT,S+X2_M1_r0,donut,52,0.848984
FKIT,S+X2_M1_r0,donut,53,0.823772
FKIT,S+X2_M1_r0,donut,54,0.833272
FKIT,S+X2_M1_r0,donut,55,0.815930
FKIT,S+X2_M1_r0,donut,56,0.809801
FKIT,S+X2_M1_r0,donut,57,0.839173
FKIT,S+X2_M1_r0,donut,58,0.845871
FKIT,S+X2_M1_r0,donut,59,0.832697
FKIT,S+X2_M1_r0,donut,60,0.845044
FKIT,S+X2_M1_r0,donut,61,0.900945
FKIT,S+X2_M1_r0,donut,62,0.870599
FKIT,S+X2_M1_r0,donut,63,0.853496
FKIT,S+X2_M1_r0,donut,64,0.875494
FKIT,S+X2_M1_r0,donut,65,0.863216
FKIT,S+X2_M1_r0,donut,66,0.845293
FKIT,S+X2_M1_r0,donut,67,0.863002
FKIT,S+X2_M1_r0,donut,68,0.874809
FKIT,S+X2_M1_r0,donut,69,0.866368
FKIT,S+X2_M1_r0,donut,70,0.864073
FKIT,S+X2_M1_r0,donut,71,0.887163
FKIT,S+X2_M1_r0,donut,72,0.874389
FKIT,S+X2_M1_r0,donut,73,0.888766
FKIT,S+X2_M1_r0,donut,74,0.883379
FKIT,S+X2_M1_r0,donut,75,0.869049
FKIT,S+X2_M1_r0,donut,76,0.879439
FKIT,S+X2_M1_r0,donut,77,0.878716
FKIT,S+X2_M1_r0,donut,78,0.880319
FKIT,S+X2_M1_r0,donut,79,0.857903
FKIT,S+X2_M1_r0,donut,80,0.863851
FKIT,S+X2_M1_r0,donut,81,0.898888
FKIT,S+X2_M1_r0,donut,82,0.898412
FKIT,S+X2_M1_r0,donut,83,0.890556
FKIT,S+X2_M1_r0,donut,84,0.896088
FKIT,S+X2_M1_r0,donut,85,0.896797
FKIT,S+X2_M1_r0,donut,86,0.904924
FKIT,S+X2_M1_r0,donut,87,0.902666
FKIT,S+X2_M1_r0,donut,88,0.891300
FKIT,S+X2_M1_r0,donut,89,0.899751
FKIT,S+X2_M1_r0,donut,90,0.896932
FKIT,S+X2_M1_r0,donut,91,0.941648
FKIT,S+X2_M1_r0,donut,92,0.919005
FKIT,S+X2_M1_r0,donut,93,0.943042
FKIT,S+X2_M1_r0,donut,94,0.972285
FKIT,S+X2_M1_r0,donut,95,0.965678
FKIT,S+X2_M1_r0,donut,96,0.964385
FKIT,S+X2_M1_r0,donut,97,0.925880
FKIT,S+X2_M1_r0,donut,98,0.943708
FKIT,S+X2_M1_r0,donut,99,0.955850
FKIT,S+X2_M1_r0,donut,100,0.957850
FKIT,S+X2_M1_r0,donut,101,0.982188
FKIT,S+X2_M1_r0,donut,102,0.980109
FKIT,S+X2_M1_r0,donut,103,0.980440
FKIT,S+X2_M1_r0,donut,104,0.981425
FKIT,S+X2_M1_r0,donut,105,0.979228
FKIT,S+X2_M1_r0,donut,106,0.976712
FKIT,S+X2_M1_r0,donut,107,0.978457
FKIT,S+X2_M1_r0,donut,108,0.968486
FKIT,S+X2_M1_r0,donut,109,0.974930
FKIT,S+X2_M1_r0,donut,110,0.974201
FKIT,S+X2_M1_r0,donut,111,0.969869
FKIT,S+X2_M1_r0,donut,112,0.971573
FKIT,S+X2_M1_r0,donut,113,0.970384
FKIT,S+X2_M1_r0,donut,114,0.969908
FKIT,S+X2_M1_r0,donut,115,0.972079
FKIT,S+X2_M1_r0,donut,116,0.972929
FKIT,S+X2_M1_r0,donut,117,0.971080
FKIT,S+X2_M1_r0,donut,118,0.967176
FKIT,S+X2_M1_r0,donut,119,0.969069
FKIT,S+X2_M1_r0,donut,120,0.965734
FKIT,S+X2_M1_r0,donut,121,0.970199
FKIT,S+X2_M1_r0,donut,122,0.967269
FKIT,S+X2_M1_r0,donut,123,0.968361
FKIT,S+X2_M1_r0,donut,124,0.968164
FKIT,S+X2_M1_r0,donut,125,0.972313
FKIT,S+X2_M1_r0,donut,126,0.969189
FKIT,S+X2_M1_r0,donut,127,0.965975
FKIT,S+X2_M1_r0,donut,128,0.967396
FKIT,S+X2_M1_r0,donut,129,0.965581
FKIT,S+X2_M1_r0,donut,130,0.966216
FKIT,S+X2_M1_r0,donut,131,0.968040
FKIT,S+X2_M1_r0,donut,132,0.970007
FKIT,S+X2_M1_r0,donut,133,0.968894
FKIT,S+X2_M1_r0,donut,134,0.964967
FKIT,S+X2_M1_r0,donut,135,0.970175
FKIT,S+X2_M1_r0,donut,136,0.966180
FKIT,S+X2_M1_r0,donut,137,0.964488
FKIT,S+X2_M1_r0,donut,138,0.965316
FKIT,S+X2_M1_r0,donut,139,0.965491
FKIT,S+X2_M1_r0,donut,140,0.967121
FKIT,S+X2_M1_r0,donut,141,0.969197
FKIT,S+X2_M1_r0,donut,142,0.967425
FKIT,S+X2_M1_r0,donut,143,0.968251
FKIT,S+X2_M1_r0,donut,144,0.970701
FKIT,S+X2_M1_r0,donut,145,0.966365
FKIT,S+X2_M1_r0,donut,146,0.969124
FKIT,S+X2_M1_r0,donut,147,0.971967
FKIT,S+X2_M1_r0,donut,148,0.973281
FKIT,S+X2_M1_r0,donut,149,0.970817
FKIT,S+X2_M1_r0,donut,150,0.973083
FKIT,S+X2_M1_r0,donut,151,0.967937
FKIT,S+X2_M1_r0,donut,152,0.968144
FKIT,S+X2_M1_r0,donut,153,0.971950
FKIT,S+X2_M1_r0,donut,154,0.974457
FKIT,S+X2_M1_r0,donut,155,0.972535
FKIT,S+X2_M1_r0,donut,156,0.974558
FKIT,S+X2_M1_r0,donut,157,0.977916
FKIT,S+X2_M1_r0,donut,158,0.971014
FKIT,S+X2_M1_r0,donut,159,0.970539
FKIT,S+X2_M1_r0,donut,160,0.939621
FKIT,S+X2_M1_r0,donut,161,0.967512
FKIT,S+X2_M1_r0,donut,162,0.965033
FKIT,S+X2_M1_r0,donut,163,0.956425
FKIT,S+X2_M1_r0,donut,164,0.969572
FKIT,S+X2_M1_r0,donut,165,0.971270
FKIT,S+X2_M1_r0,donut,166,0.971356
FKIT,S+X2_M1_r0,donut,167,0.971384
FKIT,S+X2_M1_r0,donut,168,0.965548
FKIT,S+X2_M1_r0,donut,169,0.973258
FKIT,S+X2_M1_r0,donut,170,0.969915
FKIT,S+X2_M1_r0,donut,171,0.971615
FKIT,S+X2_M1_r0,donut,172,0.973445
FKIT,S+X2_M1_r0,donut,173,0.972289
FKIT,S+X2_M1_r0,donut,174,0.974005
FKIT,S+X2_M1_r0,donut,175,0.970700
FKIT,S+X2_M1_r0,donut,176,0.971416
FKIT,S+X2_M1_r0,donut,177,0.971371
FKIT,S+X2_M1_r0,donut,178,0.970784
FKIT,S+X2_M1_r0,donut,179,0.966283
FKIT,S+X2_M1_r0,donut,180,0.964986
FKIT,S+X2_M1_r0,donut,181,0.962391
FKIT,S+X2_M1_r0,donut,182,0.965325
FKIT,S+X2_M1_r0,donut,183,0.963869
FKIT,S+X2_M1_r0,donut,184,0.966284
FKIT,S+X2_M1_r0,donut,185,0.969292
FKIT,S+X2_M1_r0,donut,186,0.968206
FKIT,S+X2_M1_r0,donut,187,0.968826
FKIT,S+X2_M1_r0,donut,188,0.967723
FKIT,S+X2_M1_r0,donut,189,0.959204
FKIT,S+X2_M1_r0,donut,190,0.941440
FKIT,S+X2_M1_r0,donut,191,0.958732
FKIT,S+X2_M1_r0,donut,192,0.938772
FKIT,S+X2_M1_r0,donut,193,0.952182
FKIT,S+X2_M1_r0,donut,194,0.945355
FKIT,S+X2_M1_r0,donut,195,0.914400
FKIT,S+X2_M1_r0,donut,196,0.920724
FKIT,S+X2_M1_r0,donut,197,0.912419
FKIT,S+X2_M1_r0,donut,198,0.902739
FKIT,S+X2_M1_r0,donut,199,0.892374
FKIT,S+X2_M1_r0,donut,200,0.880513
FKIT,S+X2_M1_r0,donut,201,0.921436
FKIT,S+X2_M1_r0,donut,202,0.911177
FKIT,S+X2_M1_r0,donut,203,0.905781
FKIT,S+X2_M1_r0,donut,204,0.884468
FKIT,S+X2_M1_r0,donut,205,0.877498
FKIT,S+X2_M1_r0,donut,206,0.850348
FKIT,S+X2_M1_r0,donut,207,0.817561
FKIT,S+X2_M1_r0,donut,208,0.793820
FKIT,S+X2_M1_r0,donut,209,0.751176
FKIT,S+X2_M1_r0,donut,210,0.610781
FKIT,S+X2_M1_r0,donut,211,0.661605
FKIT,S+X2_M1_r0,donut,212,0.554266
FKIT,S+X2_M1_r0,donut,213,0.534256
FKIT,S+X2_M1_r0,donut,214,0.489865
FKIT,S+X2_M1_r0,donut,215,0.470299
FKIT,S+X2_M1_r0,donut,216,0.473020
FKIT,S+X2_M1_r0,donut,217,0.512806
FKIT,S+X2_M1_r0,donut,218,0.514246
FKIT,S+X2_M1_r0,donut,219,0.436590
FKIT,S+X2_M1_r0,donut,220,0.486730
FKIT,S+X2_M1_r0,donut,221,0.458022
FKIT,S+X2_M1_r0,donut,222,0.470170
FKIT,S+X2_M1_r0,donut,223,0.487334
FKIT,S+X2_M1_r0,donut,224,0.517175
FKIT,S+X2_M1_r0,donut,225,0.488793
FKIT,S+X2_M1_r0,donut,226,0.471603
FKIT,S+X2_M1_r0,donut,227,0.475423
FKIT,S+X2_M1_r0,donut,228,0.521159
FKIT,S+X2_M1_r0,donut,229,0.467114
FKIT,S+X2_M1_r0,donut,230,0.487218
FKIT,S+X2_M1_r0,donut,231,0.516533
FKIT,S+X2_M1_r0,donut,232,0.518724
FKIT,S+X2_M1_r0,donut,233,0.500173
FKIT,S+X2_M1_r0,donut,234,0.529096
FKIT,S+X2_M1_r0,donut,235,0.555521
FKIT,S+X2_M1_r0,donut,236,0.553629
FKIT,S+X2_M1_r0,donut,237,0.510560
FKIT,S+X2_M1_r0,donut,238,0.534704
FKIT,S+X2_M1_r0,donut,239,0.530923
FKIT,S+X2_M1_r0,donut,240,0.542989
FKIT,S+X2_M1_r0,donut,241,0.548636
FKIT,S+X2_M1_r0,donut,242,0.561370
FKIT,S+X2_M1_r0,donut,243,0.549926
FKIT,S+X2_M1_r0,donut,244,0.550482
FKIT,S+X2_M1_r0,donut,245,0.551356
FKIT,S+X2_M1_r0,donut,246,0.549425
FKIT,S+X2_M1_r0,donut,247,0.537060
FKIT,S+X2_M1_r0,donut,248,0.533105
FKIT,S+X2_M1_r0,donut,249,0.529992
FKIT,S+X2_M1_r0,donut,250,0.546532
FKIT,S+X2_M1_r0,donut,251,0.531500
FKIT,S+X2_M1_r0,donut,252,0.539735
FKIT,S+X2_M1_r0,donut,253,0.538936
FKIT,S+X2_M1_r0,donut,254,0.529998
FKIT,S+X2_M1_r0,donut,255,0.531537
FKIT,S+X2_M1_r0,donut,256,0.519268
FKIT,S+X2_M1_r0,donut,257,0.530929
FKIT,S+X2_M1_r0,donut,258,0.575142
FKIT,S+X2_M1_r0,donut,259,0.563496
FKIT,S+X2_M1_r0,donut,260,0.648281
FKIT,S+X2_M1_r0,donut,261,0.647914
FKIT,S+X2_M1_r0,donut,262,0.614888
FKIT,S+X2_M1_r0,donut,263,0.652884
FKIT,S+X2_M1_r0,donut,264,0.633302
FKIT,S+X2_M1_r0,donut,265,0.611729
FKIT,S+X2_M1_r0,donut,266,0.655895
FKIT,S+X2_M1_r0,donut,267,0.645203
FKIT,S+X2_M1_r0,donut,268,0.660920
FKIT,S+X2_M1_r0,donut,269,0.706812
FKIT,S+X2_M1_r0,donut,270,0.797714
FKIT,S+X2_M1_r0,donut,271,0.811477
FKIT,S+X2_M1_r0,donut,272,0.797548
FKIT,S+X2_M1_r0,donut,273,0.809419
FKIT,S+X2_M1_r0,donut,274,0.803811
FKIT,S+X2_M1_r0,donut,275,0.812572
FKIT,S+X2_M1_r0,donut,276,0.821409
FKIT,S+X2_M1_r0,donut,277,0.793159
FKIT,S+X2_M1_r0,donut,278,0.813238
FKIT,S+X2_M1_r0,donut,279,0.785334
FKIT,S+X2_M1_r0,donut,280,0.838960
FKIT,S+X2_M1_r0,donut,281,0.830525
FKIT,S+X2_M1_r0,donut,282,0.822490
FKIT,S+X2_M1_r0,donut,283,0.825346
FKIT,S+X2_M1_r0,donut,284,0.800374
FKIT,S+X2_M1_r0,donut,285,0.814273
FKIT,S+X2_M1_r0,donut,286,0.822653
FKIT,S+X2_M1_r0,donut,287,0.837066
FKIT,S+X2_M1_r0,donut,288,0.801256
FKIT,S+X2_M1_r0,donut,289,0.814465
FKIT,S+X2_M1_r0,donut,290,0.851914
FKIT,S+X2_M1_r0,donut,291,0.849301
FKIT,S+X2_M1_r0,donut,292,0.825824
FKIT,S+X2_M1_r0,donut,293,0.830353
FKIT,S+X2_M1_r0,donut,294,0.826192
FKIT,S+X2_M1_r0,donut,295,0.824035
FKIT,S+X2_M1_r0,donut,296,0.821729
FKIT,S+X2_M1_r0,donut,297,0.842376
FKIT,S+X2_M1_r0,donut,298,0.849178
FKIT,S+X2_M1_r0,donut,299,0.854786
FKIT,S+X2_M1_r0,donut,300,0.892022
FKIT,S+X2_M1_r0,donut,301,0.879971
FKIT,S+X2_M1_r0,donut,302,0.882430
FKIT,S+X2_M1_r0,donut,303,0.876440
FKIT,S+X2_M1_r0,donut,304,0.885462
FKIT,S+X2_M1_r0,donut,305,0.887882
FKIT,S+X2_M1_r0,donut,306,0.906899
FKIT,S+X2_M1_r0,donut,307,0.915413
FKIT,S+X2_M1_r0,donut,308,0.873013
FKIT,S+X2_M1_r0,donut,309,0.906743
FKIT,S+X2_M1_r0,donut,310,0.944310
FKIT,S+X2_M1_r0,donut,311,0.960257
FKIT,S+X2_M1_r0,donut,312,0.963162
FKIT,S+X2_M1_r0,donut,313,0.971058
FKIT,S+X2_M1_r0,donut,314,0.960246
FKIT,S+X2_M1_r0,donut,315,0.956749
FKIT,S+X2_M1_r0,donut,316,0.955612
FKIT,S+X2_M1_r0,donut,317,0.970093
FKIT,S+X2_M1_r0,donut,318,0.967509
FKIT,S+X2_M1_r0,donut,319,0.975070
FKIT,S+X2_M1_r0,donut,320,0.977247
FKIT,S+X2_M1_r0,donut,321,0.975170
FKIT,S+X2_M1_r0,donut,322,0.980567
FKIT,S+X2_M1_r0,donut,323,0.980558
FKIT,S+X2_M1_r0,donut,324,0.974484
FKIT,S+X2_M1_r0,donut,325,0.977333
FKIT,S+X2_M1_r0,donut,326,0.979109
FKIT,S+X2_M1_r0,donut,327,0.977543
FKIT,S+X2_M1_r0,donut,328,0.980670
FKIT,S+X2_M1_r0,donut,329,0.983757
FKIT,S+X2_M1_r0,donut,330,0.977672
FKIT,S+X2_M1_r0,donut,331,0.977892
FKIT,S+X2_M1_r0,donut,332,0.978481
FKIT,S+X2_M1_r0,donut,333,0.980404
FKIT,S+X2_M1_r0,donut,334,0.979742
FKIT,S+X2_M1_r0,donut,335,0.978611
FKIT,S+X2_M1_r0,donut,336,0.978998
FKIT,S+X2_M1_r0,donut,337,0.975338
FKIT,S+X2_M1_r0,donut,338,0.974735
FKIT,S+X2_M1_r0,donut,339,0.972116
FKIT,S+X2_M1_r0,donut,340,0.977703
FKIT,S+X2_M1_r0,donut,341,0.977739
FKIT,S+X2_M1_r0,donut,342,0.974897
FKIT,S+X2_M1_r0,donut,343,0.974946
FKIT,S+X2_M1_r0,donut,344,0.974051
FKIT,S+X2_M1_r0,donut,345,0.976629
FKIT,S+X2_M1_r0,donut,346,0.973954
FKIT,S+X2_M1_r0,donut,347,0.973287
FKIT,S+X2_M1_r0,donut,348,0.972920
FKIT,S+X2_M1_r0,donut,349,0.973986
FKIT,S+X2_M1_r0,donut,350,0.961723
FKIT,S+X2_M1_r0,donut,351,0.966889
FKIT,S+X2_M1_r0,donut,352,0.960812
FKIT,S+X2_M1_r0,donut,353,0.962401
FKIT,S+X2_M1_r0,donut,354,0.965780
FKIT,S+X2_M1_r0,donut,355,0.967870
FKIT,S+X2_M1_r0,donut,356,0.965686
FKIT,S+X2_M1_r0,donut,357,0.966540
FKIT,S+X2_M1_r0,donut,358,0.964390
FKIT,S+X2_M1_r0,donut,359,0.970531
FKIT,S+X2_M1_r0,donut,360,0.960760
FKIT,S+X2_M1_r0,donut,361,0.965700
FKIT,S+X2_M1_r0,donut,362,0.965250
FKIT,S+X2_M1_r0,donut,363,0.967805
FKIT,S+X2_M1_r0,donut,364,0.965715
FKIT,S+X2_M1_r0,donut,365,0.965252
FKIT,S+X2_M1_r0,donut,366,0.966429
FKIT,S+X2_M1_r0,donut,367,0.968037
FKIT,S+X2_M1_r0,donut,368,0.967378
FKIT,S+X2_M1_r0,donut,369,0.968559
FKIT,S+X2_M1_r0,donut,370,0.956750
FKIT,S+X2_M1_r0,donut,371,0.956235
FKIT,S+X2_M1_r0,donut,372,0.963503
FKIT,S+X2_M1_r0,donut,373,0.966150
FKIT,S+X2_M1_r0,donut,374,0.964053
FKIT,S+X2_M1_r0,donut,375,0.963338
FKIT,S+X2_M1_r0,donut,376,0.961428
FKIT,S+X2_M1_r0,donut,377,0.966529
FKIT,S+X2_M1_r0,donut,378,0.964048
FKIT,S+X2_M1_r0,donut,379,0.967312
FKIT,S+X2_M1_r0,donut,380,0.960526
FKIT,S+X2_M1_r0,donut,381,0.958869
FKIT,S+X2_M1_r0,donut,382,0.962370
FKIT,S+X2_M1_r0,donut,383,0.962065
FKIT,S+X2_M1_r0,donut,384,0.961244
FKIT,S+X2_M1_r0,donut,385,0.961203
FKIT,S+X2_M1_r0,donut,386,0.958619
FKIT,S+X2_M1_r0,donut,387,0.958523
FKIT,S+X2_M1_r0,donut,388,0.959852
FKIT,S+X2_M1_r0,donut,389,0.961678
FKIT,S+X2_M1_r0,donut,390,0.955308
FKIT,S+X2_M1_r0,donut,391,0.958117
FKIT,S+X2_M1_r0,donut,392,0.959240
FKIT,S+X2_M1_r0,donut,393,0.958616
FKIT,S+X2_M1_r0,donut,394,0.962398
FKIT,S+X2_M1_r0,donut,395,0.965166
FKIT,S+X2_M1_r0,donut,396,0.964475
FKIT,S+X2_M1_r0,donut,397,0.968626
FKIT,S+X2_M1_r0,donut,398,0.969367
FKIT,S+X2_M1_r0,donut,399,0.969326
FKIT,S+X2_M1_r0,donut,400,0.966599
FKIT,S+X2_M1_r0,donut,401,0.965474
FKIT,S+X2_M1_r0,donut,402,0.964542
FKIT,S+X2_M1_r0,donut,403,0.967178
FKIT,S+X2_M1_r0,donut,404,0.967174
FKIT,S+X2_M1_r0,donut,405,0.966761
FKIT,S+X2_M1_r0,donut,406,0.970938
FKIT,S+X2_M1_r0,donut,407,0.965612
FKIT,S+X2_M1_r0,donut,408,0.966030
FKIT,S+X2_M1_r0,donut,409,0.967342
FKIT,S+X2_M1_r0,donut,410,0.965875
FKIT,S+X2_M1_r0,donut,411,0.964725
FKIT,S+X2_M1_r0,donut,412,0.965919
FKIT,S+X2_M1_r0,donut,413,0.963269
FKIT,S+X2_M1_r0,donut,414,0.966542
FKIT,S+X2_M1_r0,donut,415,0.963991
FKIT,S+X2_M1_r0,donut,416,0.965600
FKIT,S+X2_M1_r0,donut,417,0.965899
FKIT,S+X2_M1_r0,donut,418,0.964837
FKIT,S+X2_M1_r0,donut,419,0.965633
FKIT,S+X2_M1_r0,donut,420,0.967018
FKIT,S+X2_M1_r0,donut,421,0.963448
FKIT,S+X2_M1_r0,donut,422,0.967721
FKIT,S+X2_M1_r0,donut,423,0.965051
FKIT,S+X2_M1_r0,donut,424,0.965288
FKIT,S+X2_M1_r0,donut,425,0.967079
FKIT,S+X2_M1_r0,donut,426,0.964698
FKIT,S+X2_M1_r0,donut,427,0.968589
FKIT,S+X2_M1_r0,donut,428,0.967861
FKIT,S+X2_M1_r0,donut,429,0.964485
FKIT,S+X2_M1_r0,donut,430,0.965531
FKIT,S+X2_M1_r0,donut,431,0.969695
FKIT,S+X2_M1_r0,donut,432,0.966729
FKIT,S+X2_M1_r0,donut,433,0.969556
FKIT,S+X2_M1_r0,donut,434,0.971856
FKIT,S+X2_M1_r0,donut,435,0.974607
FKIT,S+X2_M1_r0,donut,436,0.972696
FKIT,S+X2_M1_r0,donut,437,0.970964
FKIT,S+X2_M1_r0,donut,438,0.971881
FKIT,S+X2_M1_r0,donut,439,0.974272
FKIT,S+X2_M1_r0,donut,440,0.971216
FKIT,S+X2_M1_r0,donut,441,0.970063
FKIT,S+X2_M1_r0,donut,442,0.972298
FKIT,S+X2_M1_r0,donut,443,0.971945
FKIT,S+X2_M1_r0,donut,444,0.971879
FKIT,S+X2_M1_r0,donut,445,0.973654
FKIT,S+X2_M1_r0,donut,446,0.972655
FKIT,S+X2_M1_r0,donut,447,0.973457
FKIT,S+X2_M1_r0,donut,448,0.974948
FKIT,S+X2_M1_r0,donut,449,0.981105
FKIT,S+X2_M1_r0,donut,450,0.973074
FKIT,S+X2_M1_r0,donut,451,0.979635
FKIT,S+X2_M1_r0,donut,452,0.976260
FKIT,S+X2_M1_r0,donut,453,0.977534
FKIT,S+X2_M1_r0,donut,454,0.967862
FKIT,S+X2_M1_r0,donut,455,0.975888
FKIT,S+X2_M1_r0,donut,456,0.956697
FKIT,S+X2_M1_r0,donut,457,0.949778
FKIT,S+X2_M1_r0,donut,458,0.959838
FKIT,S+X2_M1_r0,donut,459,0.918667
FKIT,S+X2_M1_r0,donut,460,0.889226
FKIT,S+X2_M1_r0,donut,461,0.918286
FKIT,S+X2_M1_r0,donut,462,0.916082
FKIT,S+X2_M1_r0,donut,463,0.877838
FKIT,S+X2_M1_r0,donut,464,0.864552
FKIT,S+X2_M1_r0,donut,465,0.901216
FKIT,S+X2_M1_r0,donut,466,0.897326
FKIT,S+X2_M1_r0,donut,467,0.902332
FKIT,S+X2_M1_r0,donut,468,0.924305
FKIT,S+X2_M1_r0,donut,469,0.911942
FKIT,S+X2_M1_r0,donut,470,0.946031
FKIT,S+X2_M1_r0,donut,471,0.961408
FKIT,S+X2_M1_r0,donut,472,0.960496
FKIT,S+X2_M1_r0,donut,473,0.969261
FKIT,S+X2_M1_r0,donut,474,0.972762
FKIT,S+X2_M1_r0,donut,475,0.958465
FKIT,S+X2_M1_r0,donut,476,0.970731
FKIT,S+X2_M1_r0,donut,477,0.978701
FKIT,S+X2_M1_r0,donut,478,0.974535
FKIT,S+X2_M1_r0,donut,479,0.971769
FKIT,S+X2_M1_r0,donut,480,0.981622
FKIT,S+X2_M1_r0,donut,481,0.982657
FKIT,S+X2_M1_r0,donut,482,0.982977
FKIT,S+X2_M1_r0,donut,483,0.982989
FKIT,S+X2_M1_r0,donut,484,0.982532
FKIT,S+X2_M1_r0,donut,485,0.980080
FKIT,S+X2_M1_r0,donut,486,0.975038
FKIT,S+X2_M1_r0,donut,487,0.976775
FKIT,S+X2_M1_r0,donut,488,0.979179
FKIT,S+X2_M1_r0,donut,489,0.981073
FKIT,S+X2_M1_r0,donut,490,0.975413
FKIT,S+X2_M1_r0,donut,491,0.977104
FKIT,S+X2_M1_r0,donut,492,0.973756
FKIT,S+X2_M1_r0,donut,493,0.975296
FKIT,S+X2_M1_r0,donut,494,0.978040
FKIT,S+X2_M1_r0,donut,495,0.970212
FKIT,S+X2_M1_r0,donut,496,0.970827
FKIT,S+X2_M1_r0,donut,497,0.975177
FKIT,S+X2_M1_r0,donut,498,0.971483
FKIT,S+X2_M1_r0,donut,499,0.974200
FKIT,S+X2_M1_r0,donut,500,0.971115
FKIT,S+X2_M1_r0,donut,501,0.969323
FKIT,S+X2_M1_r0,donut,502,0.968324
FKIT,S+X2_M1_r0,donut,503,0.969614
FKIT,S+X2_M1_r0,donut,504,0.968990
FKIT,S+X2_M1_r0,donut,505,0.971005
FKIT,S+X2_M1_r0,donut,506,0.968434
FKIT,S+X2_M1_r0,donut,507,0.968251
FKIT,S+X2_M1_r0,donut,508,0.967471
FKIT,S+X2_M1_r0,donut,509,0.969707
FKIT,S+X2_M1_r0,donut,510,0.965173
FKIT,S+X2_M1_r0,donut,511,0.965063
FKIT,S+X2_M1_r0,donut,512,0.959490
FKIT,S+X2_M1_r0,donut,513,0.968829
FKIT,S+X2_M1_r0,donut,514,0.966002
FKIT,S+X2_M1_r0,donut,515,0.966018
FKIT,S+X2_M1_r0,donut,516,0.963285
FKIT,S+X2_M1_r0,donut,517,0.963963
FKIT,S+X2_M1_r0,donut,518,0.966213
FKIT,S+X2_M1_r0,donut,519,0.963430
FKIT,S+X2_M1_r0,donut,520,0.960044
FKIT,S+X2_M1_r0,donut,521,0.956856
FKIT,S+X2_M1_r0,donut,522,0.959772
FKIT,S+X2_M1_r0,donut,523,0.951972
FKIT,S+X2_M1_r0,donut,524,0.956041
FKIT,S+X2_M1_r0,donut,525,0.956103
FKIT,S+X2_M1_r0,donut,526,0.951297
FKIT,S+X2_M1_r0,donut,527,0.953918
FKIT,S+X2_M1_r0,donut,528,0.953534
FKIT,S+X2_M1_r0,donut,529,0.953908
FKIT,S+X2_M1_r0,donut,530,0.951471
FKIT,S+X2_M1_r0,donut,531,0.952546
FKIT,S+X2_M1_r0,donut,532,0.954519
FKIT,S+X2_M1_r0,donut,533,0.952254
FKIT,S+X2_M1_r0,donut,534,0.951692
FKIT,S+X2_M1_r0,donut,535,0.949435
FKIT,S+X2_M1_r0,donut,536,0.953864
FKIT,S+X2_M1_r0,donut,537,0.956769
FKIT,S+X2_M1_r0,donut,538,0.957230
FKIT,S+X2_M1_r0,donut,539,0.956196
FKIT,S+X2_M1_r0,donut,540,0.957421
FKIT,S+X2_M1_r0,donut,541,0.962204
FKIT,S+X2_M1_r0,donut,542,0.952685
FKIT,S+X2_M1_r0,donut,543,0.959697
FKIT,S+X2_M1_r0,donut,544,0.956212
FKIT,S+X2_M1_r0,donut,545,0.960296
FKIT,S+X2_M1_r0,donut,546,0.959267
FKIT,S+X2_M1_r0,donut,547,0.954642
FKIT,S+X2_M1_r0,donut,548,0.962861
FKIT,S+X2_M1_r0,donut,549,0.960717
FKIT,S+X2_M1_r0,donut,550,0.960349
FKIT,S+X2_M1_r0,donut,551,0.962954
FKIT,S+X2_M1_r0,donut,552,0.959831
FKIT,S+X2_M1_r0,donut,553,0.962658
FKIT,S+X2_M1_r0,donut,554,0.963287
FKIT,S+X2_M1_r0,donut,555,0.964581
FKIT,S+X2_M1_r0,donut,556,0.961039
FKIT,S+X2_M1_r0,donut,557,0.956501
FKIT,S+X2_M1_r0,donut,558,0.963501
FKIT,S+X2_M1_r0,donut,559,0.959193
FKIT,S+X2_M1_r0,donut,560,0.960401
FKIT,S+X2_M1_r0,donut,561,0.960893
FKIT,S+X2_M1_r0,donut,562,0.962524
FKIT,S+X2_M1_r0,donut,563,0.961732
FKIT,S+X2_M1_r0,donut,564,0.965937
FKIT,S+X2_M1_r0,donut,565,0.966286
FKIT,S+X2_M1_r0,donut,566,0.968225
FKIT,S+X2_M1_r0,donut,567,0.966998
FKIT,S+X2_M1_r0,donut,568,0.963598
FKIT,S+X2_M1_r0,donut,569,0.966711
FKIT,S+X2_M1_r0,donut,570,0.968373
FKIT,S+X2_M1_r0,donut,571,0.971035
FKIT,S+X2_M1_r0,donut,572,0.968745
FKIT,S+X2_M1_r0,donut,573,0.971365
FKIT,S+X2_M1_r0,donut,574,0.975101
FKIT,S+X2_M1_r0,donut,575,0.974789
FKIT,S+X2_M1_r0,donut,576,0.975269
FKIT,S+X2_M1_r0,donut,577,0.975496
FKIT,S+X2_M1_r0,donut,578,0.972786
FKIT,S+X2_M1_r0,donut,579,0.972106
FKIT,S+X2_M1_r0,donut,580,0.971657
FKIT,S+X2_M1_r0,donut,581,0.972233
FKIT,S+X2_M1_r0,donut,582,0.971433
FKIT,S+X2_M1_r0,donut,583,0.970665
FKIT,S+X2_M1_r0,donut,584,0.964442
FKIT,S+X2_M1_r0,donut,585,0.974610
FKIT,S+X2_M1_r0,donut,586,0.972843
FKIT,S+X2_M1_r0,donut,587,0.973477
FKIT,S+X2_M1_r0,donut,588,0.971812
FKIT,S+X2_M1_r0,donut,589,0.971007
FKIT,S+X2_M1_r0,donut,590,0.969825
FKIT,S+X2_M1_r0,donut,591,0.971512
FKIT,S+X2_M1_r0,donut,592,0.954251
FKIT,S+X2_M1_r0,donut,593,0.967514
FKIT,S+X2_M1_r0,donut,594,0.968659
FKIT,S+X2_M1_r0,donut,595,0.966576
FKIT,S+X2_M1_r0,donut,596,0.965529
FKIT,S+X2_M1_r0,donut,597,0.966892
FKIT,S+X2_M1_r0,donut,598,0.960383
FKIT,S+X2_M1_r0,donut,599,0.967806
FKIT,S+X2_M1_r0,donut,600,0.949775
FKIT,S+X2_M1_r0,donut,601,0.963608
FKIT,S+X2_M1_r0,donut,602,0.969952
FKIT,S+X2_M1_r0,donut,603,0.955442
FKIT,S+X2_M1_r0,donut,604,0.953983
FKIT,S+X2_M1_r0,donut,605,0.970693
FKIT,S+X2_M1_r0,donut,606,0.969437
FKIT,S+X2_M1_r0,donut,607,0.974320
FKIT,S+X2_M1_r0,donut,608,0.969455
FKIT,S+X2_M1_r0,donut,609,0.975504
FKIT,S+X2_M1_r0,donut,610,0.959036
FKIT,S+X2_M1_r0,donut,611,0.954299
FKIT,S+X2_M1_r0,donut,612,0.963466
FKIT,S+X2_M1_r0,donut,613,0.970041
FKIT,S+X2_M1_r0,donut,614,0.967528
FKIT,S+X2_M1_r0,donut,615,0.963252
FKIT,S+X2_M1_r0,donut,616,0.969093
FKIT,S+X2_M1_r0,donut,617,0.973414
FKIT,S+X2_M1_r0,donut,618,0.969404
FKIT,S+X2_M1_r0,donut,619,0.971294
FKIT,S+X2_M1_r0,donut,620,0.974997
FKIT,S+X2_M1_r0,donut,621,0.974982
FKIT,S+X2_M1_r0,donut,622,0.972338
FKIT,S+X2_M1_r0,donut,623,0.973092
FKIT,S+X2_M1_r0,donut,624,0.975983
FKIT,S+X2_M1_r0,donut,625,0.972701
FKIT,S+X2_M1_r0,donut,626,0.977299
FKIT,S+X2_M1_r0,donut,627,0.976653
FKIT,S+X2_M1_r0,donut,628,0.978358
FKIT,S+X2_M1_r0,donut,629,0.977160
FKIT,S+X2_M1_r0,donut,630,0.978447
FKIT,S+X2_M1_r0,donut,631,0.977307
FKIT,S+X2_M1_r0,donut,632,0.977872
FKIT,S+X2_M1_r0,donut,633,0.977805
FKIT,S+X2_M1_r0,donut,634,0.980343
FKIT,S+X2_M1_r0,donut,635,0.982067
FKIT,S+X2_M1_r0,donut,636,0.979289
FKIT,S+X2_M1_r0,donut,637,0.977588
FKIT,S+X2_M1_r0,donut,638,0.979887
FKIT,S+X2_M1_r0,donut,639,0.978900
FKIT,S+X2_M1_r0,donut,640,0.977483
FKIT,S+X2_M1_r0,donut,641,0.980009
FKIT,S+X2_M1_r0,donut,642,0.979207
FKIT,S+X2_M1_r0,donut,643,0.981052
FKIT,S+X2_M1_r0,donut,644,0.982604
FKIT,S+X2_M1_r0,donut,645,0.982154
FKIT,S+X2_M1_r0,donut,646,0.981483
FKIT,S+X2_M1_r0,donut,647,0.981304
FKIT,S+X2_M1_r0,donut,648,0.983422
FKIT,S+X2_M1_r0,donut,649,0.978844
FKIT,S+X2_M1_r0,donut,650,0.984200
FKIT,S+X2_M1_r0,donut,651,0.983125
FKIT,S+X2_M1_r0,donut,652,0.984050
FKIT,S+X2_M1_r0,donut,653,0.983087
FKIT,S+X2_M1_r0,donut,654,0.985869
FKIT,S+X2_M1_r0,donut,655,0.984376
FKIT,S+X2_M1_r0,donut,656,0.984873
FKIT,S+X2_M1_r0,donut,657,0.985555
FKIT,S+X2_M1_r0,donut,658,0.984664
FKIT,S+X2_M1_r0,donut,659,0.981911
FKIT,S+X2_M1_r0,donut,660,0.983205
FKIT,S+X2_M1_r0,donut,661,0.981746
FKIT,S+X2_M1_r0,donut,662,0.982021
FKIT,S+X2_M1_r0,donut,663,0.983444
FKIT,S+X2_M1_r0,donut,664,0.984331
FKIT,S+X2_M1_r0,donut,665,0.982862
FKIT,S+X2_M1_r0,donut,666,0.981649
FKIT,S+X2_M1_r0,donut,667,0.983053
FKIT,S+X2_M1_r0,donut,668,0.983985
FKIT,S+X2_M1_r0,donut,669,0.985316
FKIT,S+X2_M1_r0,donut,670,0.982608
FKIT,S+X2_M1_r0,donut,671,0.984271
FKIT,S+X2_M1_r0,donut,672,0.982517
FKIT,S+X2_M1_r0,donut,673,0.982484
FKIT,S+X2_M1_r0,donut,674,0.984486
FKIT,S+X2_M1_r0,donut,675,0.982252
FKIT,S+X2_M1_r0,donut,676,0.980856
FKIT,S+X2_M1_r0,donut,677,0.977026
FKIT,S+X2_M1_r0,donut,678,0.979046
FKIT,S+X2_M1_r0,donut,679,0.983599
FKIT,S+X2_M1_r0,donut,680,0.981333
FKIT,S+X2_M1_r0,donut,681,0.979790
FKIT,S+X2_M1_r0,donut,682,0.979808
FKIT,S+X2_M1_r0,donut,683,0.979817
FKIT,S+X2_M1_r0,donut,684,0.980391
FKIT,S+X2_M1_r0,donut,685,0.978500
FKIT,S+X2_M1_r0,donut,686,0.978213
FKIT,S+X2_M1_r0,donut,687,0.975530
FKIT,S+X2_M1_r0,donut,688,0.977812
FKIT,S+X2_M1_r0,donut,689,0.978147
FKIT,S+X2_M1_r0,donut,690,0.977195
FKIT,S+X2_M1_r0,donut,691,0.979875
FKIT,S+X2_M1_r0,donut,692,0.977597
FKIT,S+X2_M1_r0,donut,693,0.979124
FKIT,S+X2_M1_r0,donut,694,0.978827
FKIT,S+X2_M1_r0,donut,695,0.978212
FKIT,S+X2_M1_r0,donut,696,0.980751
FKIT,S+X2_M1_r0,donut,697,0.978111
FKIT,S+X2_M1_r0,donut,698,0.978606
FKIT,S+X2_M1_r0,donut,699,0.974748
FKIT,S+X2_M1_r0,donut,700,0.972372
FKIT,S+X2_M1_r0,donut,701,0.973806
FKIT,S+X2_M1_r0,donut,702,0.969677
FKIT,S+X2_M1_r0,donut,703,0.963199
FKIT,S+X2_M1_r0,donut,704,0.963266
FKIT,S+X2_M1_r0,donut,705,0.965656
FKIT,S+X2_M1_r0,donut,706,0.965575
FKIT,S+X2_M1_r0,donut,707,0.968683
FKIT,S+X2_M1_r0,donut,708,0.966484
FKIT,S+X2_M1_r0,donut,709,0.967593
FKIT,S+X2_M1_r0,donut,710,0.965774
FKIT,S+X2_M1_r0,donut,711,0.962435
FKIT,S+X2_M1_r0,donut,712,0.957799
FKIT,S+X2_M1_r0,donut,713,0.953613
FKIT,S+X2_M1_r0,donut,714,0.960370
FKIT,S+X2_M1_r0,donut,715,0.964352
FKIT,S+X2_M1_r0,donut,716,0.958116
FKIT,S+X2_M1_r0,donut,717,0.951078
FKIT,S+X2_M1_r0,donut,718,0.958225
FKIT,S+X2_M1_r0,donut,719,0.950431
FKIT,S+X2_M1_r0,donut,720,0.955512
FKIT,S+X2_M1_r0,donut,721,0.958285
FKIT,S+X2_M1_r0,donut,722,0.943108
FKIT,S+X2_M1_r0,donut,723,0.953417
FKIT,S+X2_M1_r0,donut,724,0.942602
FKIT,S+X2_M1_r0,donut,725,0.958819
FKIT,S+X2_M1_r0,donut,726,0.952814
FKIT,S+X2_M1_r0,donut,727,0.958380
FKIT,S+X2_M1_r0,donut,728,0.947277
FKIT,S+X2_M1_r0,donut,729,0.954255
FKIT,S+X2_M1_r0,donut,730,0.956905
FKIT,S+X2_M1_r0,donut,731,0.948893
FKIT,S+X2_M1_r0,donut,732,0.944296
FKIT,S+X2_M1_r0,donut,733,0.945623
FKIT,S+X2_M1_r0,donut,734,0.955278
FKIT,S+X2_M1_r0,donut,735,0.958932
FKIT,S+X2_M1_r0,donut,736,0.949974
FKIT,S+X2_M1_r0,donut,737,0.949106
FKIT,S+X2_M1_r0,donut,738,0.946437
FKIT,S+X2_M1_r0,donut,739,0.949380
FKIT,S+X2_M1_r0,donut,740,0.955598
FKIT,S+X2_M1_r0,donut,741,0.958035
FKIT,S+X2_M1_r0,donut,742,0.960865
FKIT,S+X2_M1_r0,donut,743,0.957781
FKIT,S+X2_M1_r0,donut,744,0.962970
FKIT,S+X2_M1_r0,donut,745,0.962277
FKIT,S+X2_M1_r0,donut,746,0.966384
FKIT,S+X2_M1_r0,donut,747,0.976032
FKIT,S+X2_M1_r0,donut,748,0.977616
FKIT,S+X2_M1_r0,donut,749,0.979281
FKIT,S+X2_M1_r0,donut,750,0.970852
FKIT,S+X2_M1_r0,donut,751,0.968108
FKIT,S+X2_M1_r0,donut,752,0.973854
FKIT,S+X2_M1_r0,donut,753,0.977738
FKIT,S+X2_M1_r0,donut,754,0.979875
FKIT,S+X2_M1_r0,donut,755,0.976934
FKIT,S+X2_M1_r0,donut,756,0.976943
FKIT,S+X2_M1_r0,donut,757,0.978206
FKIT,S+X2_M1_r0,donut,758,0.981921
FKIT,S+X2_M1_r0,donut,759,0.981356
FKIT,S+X2_M1_r0,donut,760,0.972847
FKIT,S+X2_M1_r0,donut,761,0.979708
FKIT,S+X2_M1_r0,donut,762,0.978118
FKIT,S+X2_M1_r0,donut,763,0.978412
FKIT,S+X2_M1_r0,donut,764,0.978355
FKIT,S+X2_M1_r0,donut,765,0.976636
FKIT,S+X2_M1_r0,donut,766,0.976875
FKIT,S+X2_M1_r0,donut,767,0.980494
FKIT,S+X2_M1_r0,donut,768,0.981167
FKIT,S+X2_M1_r0,donut,769,0.979219
FKIT,S+X2_M1_r0,donut,770,0.980804
FKIT,S+X2_M1_r0,donut,771,0.979033
FKIT,S+X2_M1_r0,donut,772,0.978396
FKIT,S+X2_M1_r0,donut,773,0.979301
FKIT,S+X2_M1_r0,donut,774,0.981231
FKIT,S+X2_M1_r0,donut,775,0.979775
FKIT,S+X2_M1_r0,donut,776,0.982355
FKIT,S+X2_M1_r0,donut,777,0.979834
FKIT,S+X2_M1_r0,donut,778,0.981459
FKIT,S+X2_M1_r0,donut,779,0.980537
FKIT,S+X2_M1_r0,durum,0,0.879263
FKIT,S+X2_M1_r0,durum,1,0.957551
FKIT,S+X2_M1_r0,durum,2,0.940723
FKIT,S+X2_M1_r0,durum,3,0.941650
FKIT,S+X2_M1_r0,durum,4,0.932572
FKIT,S+X2_M1_r0,durum,5,0.951331
FKIT,S+X2_M1_r0,durum,6,0.941430
FKIT,S+X2_M1_r0,durum,7,0.946931
FKIT,S+X2_M1_r0,durum,8,0.879919
FKIT,S+X2_M1_r0,durum,9,0.917861
FKIT,S+X2_M1_r0,durum,10,0.949185
FKIT,S+X2_M1_r0,durum,11,0.935417
FKIT,S+X2_M1_r0,durum,12,0.962684
FKIT,S+X2_M1_r0,durum,13,0.956663
FKIT,S+X2_M1_r0,durum,14,0.975270
FKIT,S+X2_M1_r0,durum,15,0.983177
FKIT,S+X2_M1_r0,durum,16,0.975208
FKIT,S+X2_M1_r0,durum,17,0.972946
FKIT,S+X2_M1_r0,durum,18,0.977002
FKIT,S+X2_M1_r0,durum,19,0.979561
FKIT,S+X2_M1_r0,durum,20,0.971403
FKIT,S+X2_M1_r0,durum,21,0.966446
FKIT,S+X2_M1_r0,durum,22,0.972315
FKIT,S+X2_M1_r0,durum,23,0.974293
FKIT,S+X2_M1_r0,durum,24,0.973276
FKIT,S+X2_M1_r0,durum,25,0.973434
FKIT,S+X2_M1_r0,durum,26,0.972539
FKIT,S+X2_M1_r0,durum,27,0.970758
FKIT,S+X2_M1_r0,durum,28,0.972155
FKIT,S+X2_M1_r0,durum,29,0.973642
FKIT,S+X2_M1_r0,durum,30,0.968833
FKIT,S+X2_M1_r0,durum,31,0.967522
FKIT,S+X2_M1_r0,durum,32,0.965463
FKIT,S+X2_M1_r0,durum,33,0.966841
FKIT,S+X2_M1_r0,durum,34,0.965729
FKIT,S+X2_M1_r0,durum,35,0.967610
FKIT,S+X2_M1_r0,durum,36,0.971069
FKIT,S+X2_M1_r0,durum,37,0.961852
FKIT,S+X2_M1_r0,durum,38,0.951923
FKIT,S+X2_M1_r0,durum,39,0.960746
FKIT,S+X2_M1_r0,durum,40,0.952905
FKIT,S+X2_M1_r0,durum,41,0.964277
FKIT,S+X2_M1_r0,durum,42,0.960137
FKIT,S+X2_M1_r0,durum,43,0.969086
FKIT,S+X2_M1_r0,durum,44,0.965777
FKIT,S+X2_M1_r0,durum,45,0.960893
FKIT,S+X2_M1_r0,durum,46,0.940122
FKIT,S+X2_M1_r0,durum,47,0.952653
FKIT,S+X2_M1_r0,durum,48,0.958267
FKIT,S+X2_M1_r0,durum,49,0.955654
FKIT,S+X2_M1_r0,durum,50,0.944771
FKIT,S+X2_M1_r0,durum,51,0.952647
FKIT,S+X2_M1_r0,durum,52,0.953826
FKIT,S+X2_M1_r0,durum,53,0.949251
FKIT,S+X2_M1_r0,durum,54,0.951850
FKIT,S+X2_M1_r0,durum,55,0.956779
FKIT,S+X2_M1_r0,durum,56,0.956888
FKIT,S+X2_M1_r0,durum,57,0.954232
FKIT,S+X2_M1_r0,durum,58,0.951248
FKIT,S+X2_M1_r0,durum,59,0.947505
FKIT,S+X2_M1_r0,durum,60,0.957035
FKIT,S+X2_M1_r0,durum,61,0.953267
FKIT,S+X2_M1_r0,durum,62,0.958316
FKIT,S+X2_M1_r0,durum,63,0.952943
FKIT,S+X2_M1_r0,durum,64,0.956850
FKIT,S+X2_M1_r0,durum,65,0.957680
FKIT,S+X2_M1_r0,durum,66,0.953728
FKIT,S+X2_M1_r0,durum,67,0.955566
FKIT,S+X2_M1_r0,durum,68,0.951936
FKIT,S+X2_M1_r0,durum,69,0.951848
FKIT,S+X2_M1_r0,durum,70,0.947815
FKIT,S+X2_M1_r0,durum,71,0.949222
FKIT,S+X2_M1_r0,durum,72,0.951905
FKIT,S+X2_M1_r0,durum,73,0.952716
FKIT,S+X2_M1_r0,durum,74,0.954927
FKIT,S+X2_M1_r0,durum,75,0.950425
FKIT,S+X2_M1_r0,durum,76,0.952047
FKIT,S+X2_M1_r0,durum,77,0.953905
FKIT,S+X2_M1_r0,durum,78,0.949390
FKIT,S+X2_M1_r0,durum,79,0.950106
FKIT,S+X2_M1_r0,durum,80,0.949745
FKIT,S+X2_M1_r0,durum,81,0.949674
FKIT,S+X2_M1_r0,durum,82,0.946498
FKIT,S+X2_M1_r0,durum,83,0.950385
FKIT,S+X2_M1_r0,durum,84,0.947021
FKIT,S+X2_M1_r0,durum,85,0.943668
FKIT,S+X2_M1_r0,durum,86,0.952749
FKIT,S+X2_M1_r0,durum,87,0.954543
FKIT,S+X2_M1_r0,durum,88,0.950622
FKIT,S+X2_M1_r0,durum,89,0.951561
FKIT,S+X2_M1_r0,durum,90,0.951294
FKIT,S+X2_M1_r0,durum,91,0.947930
FKIT,S+X2_M1_r0,durum,92,0.946088
FKIT,S+X2_M1_r0,durum,93,0.945463
FKIT,S+X2_M1_r0,durum,94,0.950326
FKIT,S+X2_M1_r0,durum,95,0.951433
FKIT,S+X2_M1_r0,durum,96,0.949281
FKIT,S+X2_M1_r0,durum,97,0.951724
FKIT,S+X2_M1_r0,durum,98,0.949336
FKIT,S+X2_M1_r0,durum,99,0.946928
FKIT,S+X2_M1_r0,durum,100,0.953298
FKIT,S+X2_M1_r0,durum,101,0.953583
FKIT,S+X2_M1_r0,durum,102,0.946396
FKIT,S+X2_M1_r0,durum,103,0.947012
FKIT,S+X2_M1_r0,durum,104,0.945862
FKIT,S+X2_M1_r0,durum,105,0.943578
FKIT,S+X2_M1_r0,durum,106,0.943054
FKIT,S+X2_M1_r0,durum,107,0.941049
FKIT,S+X2_M1_r0,durum,108,0.947542
FKIT,S+X2_M1_r0,durum,109,0.942008
FKIT,S+X2_M1_r0,durum,110,0.936747
FKIT,S+X2_M1_r0,durum,111,0.942643
FKIT,S+X2_M1_r0,durum,112,0.942355
FKIT,S+X2_M1_r0,durum,113,0.936421
FKIT,S+X2_M1_r0,durum,114,0.930583
FKIT,S+X2_M1_r0,durum,115,0.940135
FKIT,S+X2_M1_r0,durum,116,0.922394
FKIT,S+X2_M1_r0,durum,117,0.920418
FKIT,S+X2_M1_r0,durum,118,0.909799
FKIT,S+X2_M1_r0,durum,119,0.915348
FKIT,S+X2_M1_r0,durum,120,0.902195
FKIT,S+X2_M1_r0,durum,121,0.898346
FKIT,S+X2_M1_r0,durum,122,0.897122
FKIT,S+X2_M1_r0,durum,123,0.893038
FKIT,S+X2_M1_r0,durum,124,0.872363
FKIT,S+X2_M1_r0,durum,125,0.876192
FKIT,S+X2_M1_r0,durum,126,0.864662
FKIT,S+X2_M1_r0,durum,127,0.876646
FKIT,S+X2_M1_r0,durum,128,0.871981
FKIT,S+X2_M1_r0,durum,129,0.864419
FKIT,S+X2_M1_r0,durum,130,0.842218
FKIT,S+X2_M1_r0,durum,131,0.850079
FKIT,S+X2_M1_r0,durum,132,0.850989
FKIT,S+X2_M1_r0,durum,133,0.853924
FKIT,S+X2_M1_r0,durum,134,0.847909
FKIT,S+X2_M1_r0,durum,135,0.847970
FKIT,S+X2_M1_r0,durum,136,0.851606
FKIT,S+X2_M1_r0,durum,137,0.843677
FKIT,S+X2_M1_r0,durum,138,0.833970
FKIT,S+X2_M1_r0,durum,139,0.826501
FKIT,S+X2_M1_r0,durum,140,0.832097
FKIT,S+X2_M1_r0,durum,141,0.837663
FKIT,S+X2_M1_r0,durum,142,0.834640
FKIT,S+X2_M1_r0,durum,143,0.845241
FKIT,S+X2_M1_r0,durum,144,0.838678
FKIT,S+X2_M1_r0,durum,145,0.827076
FKIT,S+X2_M1_r0,durum,146,0.820587
FKIT,S+X2_M1_r0,durum,147,0.820837
FKIT,S+X2_M1_r0,durum,148,0.819341
FKIT,S+X2_M1_r0,durum,149,0.812757
FKIT,S+X2_M1_r0,durum,150,0.810963
FKIT,S+X2_M1_r0,durum,151,0.810213
FKIT,S+X2_M1_r0,durum,152,0.808167
FKIT,S+X2_M1_r0,durum,153,0.806147
FKIT,S+X2_M1_r0,durum,154,0.795971
FKIT,S+X2_M1_r0,durum,155,0.799830
FKIT,S+X2_M1_r0,durum,156,0.786795
FKIT,S+X2_M1_r0,durum,157,0.778301
FKIT,S+X2_M1_r0,durum,158,0.757494
FKIT,S+X2_M1_r0,durum,159,0.739898
FKIT,S+X2_M1_r0,durum,160,0.738761
FKIT,S+X2_M1_r0,durum,161,0.740713
FKIT,S+X2_M1_r0,durum,162,0.737543
FKIT,S+X2_M1_r0,durum,163,0.716660
FKIT,S+X2_M1_r0,durum,164,0.682774
FKIT,S+X2_M1_r0,durum,165,0.667401
FKIT,S+X2_M1_r0,durum,166,0.442648
FKIT,S+X2_M1_r0,durum,167,0.633271
FKIT,S+X2_M1_r0,durum,168,0.640757
FKIT,S+X2_M1_r0,durum,169,0.645106
FKIT,S+X2_M1_r0,durum,170,0.633283
FKIT,S+X2_M1_r0,durum,171,0.621247
FKIT,S+X2_M1_r0,durum,172,0.623834
FKIT,S+X2_M1_r0,durum,173,0.617821
FKIT,S+X2_M1_r0,durum,174,0.628200
FKIT,S+X2_M1_r0,durum,175,0.641584
FKIT,S+X2_M1_r0,durum,176,0.632901
FKIT,S+X2_M1_r0,durum,177,0.645627
FKIT,S+X2_M1_r0,durum,178,0.647420
FKIT,S+X2_M1_r0,durum,179,0.638592
FKIT,S+X2_M1_r0,durum,180,0.639725
FKIT,S+X2_M1_r0,durum,181,0.616059
FKIT,S+X2_M1_r0,durum,182,0.629774
FKIT,S+X2_M1_r0,durum,183,0.636514
FKIT,S+X2_M1_r0,durum,184,0.629731
FKIT,S+X2_M1_r0,durum,185,0.624092
FKIT,S+X2_M1_r0,durum,186,0.622741
FKIT,S+X2_M1_r0,durum,187,0.639993
FKIT,S+X2_M1_r0,durum,188,0.637172
FKIT,S+X2_M1_r0,durum,189,0.625245
FKIT,S+X2_M1_r0,durum,190,0.625705
FKIT,S+X2_M1_r0,durum,191,0.619372
FKIT,S+X2_M1_r0,durum,192,0.628998
FKIT,S+X2_M1_r0,durum,193,0.608130
FKIT,S+X2_M1_r0,durum,194,0.603935
FKIT,S+X2_M1_r0,durum,195,0.606465
FKIT,S+X2_M1_r0,durum,196,0.609532
FKIT,S+X2_M1_r0,durum,197,0.616439
FKIT,S+X2_M1_r0,durum,198,0.608919
FKIT,S+X2_M1_r0,durum,199,0.596511
FKIT,S+X2_M1_r0,durum,200,0.594802
FKIT,S+X2_M1_r0,durum,201,0.591678
FKIT,S+X2_M1_r0,durum,202,0.586759
FKIT,S+X2_M1_r0,durum,203,0.586019
FKIT,S+X2_M1_r0,durum,204,0.602816
FKIT,S+X2_M1_r0,durum,205,0.593133
FKIT,S+X2_M1_r0,durum,206,0.595931
FKIT,S+X2_M1_r0,durum,207,0.596404
FKIT,S+X2_M1_r0,durum,208,0.576549
FKIT,S+X2_M1_r0,durum,209,0.584739
FKIT,S+X2_M1_r0,durum,210,0.561397
FKIT,S+X2_M1_r0,durum,211,0.555863
FKIT,S+X2_M1_r0,durum,212,0.545423
FKIT,S+X2_M1_r0,durum,213,0.533267
FKIT,S+X2_M1_r0,durum,214,0.532924
FKIT,S+X2_M1_r0,durum,215,0.524119
FKIT,S+X2_M1_r0,durum,216,0.527890
FKIT,S+X2_M1_r0,durum,217,0.537922
FKIT,S+X2_M1_r0,durum,218,0.542724
FKIT,S+X2_M1_r0,durum,219,0.545458
FKIT,S+X2_M1_r0,durum,220,0.541812
FKIT,S+X2_M1_r0,durum,221,0.541084
FKIT,S+X2_M1_r0,durum,222,0.548827
FKIT,S+X2_M1_r0,durum,223,0.562868
FKIT,S+X2_M1_r0,durum,224,0.539427
FKIT,S+X2_M1_r0,durum,225,0.552436
FKIT,S+X2_M1_r0,durum,226,0.555831
FKIT,S+X2_M1_r0,durum,227,0.597025
FKIT,S+X2_M1_r0,durum,228,0.608705
FKIT,S+X2_M1_r0,durum,229,0.624201
FKIT,S+X2_M1_r0,durum,230,0.572199
FKIT,S+X2_M1_r0,durum,231,0.611645
FKIT,S+X2_M1_r0,durum,232,0.652403
FKIT,S+X2_M1_r0,durum,233,0.643252
FKIT,S+X2_M1_r0,durum,234,0.663169
FKIT,S+X2_M1_r0,durum,235,0.680861
FKIT,S+X2_M1_r0,durum,236,0.685755
FKIT,S+X2_M1_r0,durum,237,0.717809
FKIT,S+X2_M1_r0,durum,238,0.728765
FKIT,S+X2_M1_r0,durum,239,0.715945
FKIT,S+X2_M1_r0,durum,240,0.710204
FKIT,S+X2_M1_r0,durum,241,0.709887
FKIT,S+X2_M1_r0,durum,242,0.718007
FKIT,S+X2_M1_r0,durum,243,0.726758
FKIT,S+X2_M1_r0,durum,244,0.737416
FKIT,S+X2_M1_r0,durum,245,0.739495
FKIT,S+X2_M1_r0,durum,246,0.748934
FKIT,S+X2_M1_r0,durum,247,0.766232
FKIT,S+X2_M1_r0,durum,248,0.759866
FKIT,S+X2_M1_r0,durum,249,0.767864
FKIT,S+X2_M1_r0,durum,250,0.770944
FKIT,S+X2_M1_r0,durum,251,0.774571
FKIT,S+X2_M1_r0,durum,252,0.775999
FKIT,S+X2_M1_r0,durum,253,0.776731
FKIT,S+X2_M1_r0,durum,254,0.774445
FKIT,S+X2_M1_r0,durum,255,0.777397
FKIT,S+X2_M1_r0,durum,256,0.786143
FKIT,S+X2_M1_r0,durum,257,0.803040
FKIT,S+X2_M1_r0,durum,258,0.803239
FKIT,S+X2_M1_r0,durum,259,0.827809
FKIT,S+X2_M1_r0,durum,260,0.824656
FKIT,S+X2_M1_r0,durum,261,0.798273
FKIT,S+X2_M1_r0,durum,262,0.805610
FKIT,S+X2_M1_r0,durum,263,0.807308
FKIT,S+X2_M1_r0,durum,264,0.817180
FKIT,S+X2_M1_r0,durum,265,0.828010
FKIT,S+X2_M1_r0,durum,266,0.829495
FKIT,S+X2_M1_r0,durum,267,0.868814
FKIT,S+X2_M1_r0,durum,268,0.864414
FKIT,S+X2_M1_r0,durum,269,0.870101
FKIT,S+X2_M1_r0,durum,270,0.872666
FKIT,S+X2_M1_r0,durum,271,0.863633
FKIT,S+X2_M1_r0,durum,272,0.877004
FKIT,S+X2_M1_r0,durum,273,0.881502
FKIT,S+X2_M1_r0,durum,274,0.890186
FKIT,S+X2_M1_r0,durum,275,0.884500
FKIT,S+X2_M1_r0,durum,276,0.890471
FKIT,S+X2_M1_r0,durum,277,0.901160
FKIT,S+X2_M1_r0,durum,278,0.914717
FKIT,S+X2_M1_r0,durum,279,0.907467
FKIT,S+X2_M1_r0,durum,280,0.902261
FKIT,S+X2_M1_r0,durum,281,0.919683
FKIT,S+X2_M1_r0,durum,282,0.919066
FKIT,S+X2_M1_r0,durum,283,0.913515
FKIT,S+X2_M1_r0,durum,284,0.919661
FKIT,S+X2_M1_r0,durum,285,0.918417
FKIT,S+X2_M1_r0,durum,286,0.921473
FKIT,S+X2_M1_r0,durum,287,0.933566
FKIT,S+X2_M1_r0,durum,288,0.928322
FKIT,S+X2_M1_r0,durum,289,0.928227
FKIT,S+X2_M1_r0,durum,290,0.930212
FKIT,S+X2_M1_r0,durum,291,0.934613
FKIT,S+X2_M1_r0,durum,292,0.938635
FKIT,S+X2_M1_r0,durum,293,0.940641
FKIT,S+X2_M1_r0,durum,294,0.946268
FKIT,S+X2_M1_r0,durum,295,0.947394
FKIT,S+X2_M1_r0,durum,296,0.951337
FKIT,S+X2_M1_r0,durum,297,0.954839
FKIT,S+X2_M1_r0,durum,298,0.952996
FKIT,S+X2_M1_r0,durum,299,0.954370
FKIT,S+X2_M1_r0,durum,300,0.955866
FKIT,S+X2_M1_r0,durum,301,0.960372
FKIT,S+X2_M1_r0,durum,302,0.962072
FKIT,S+X2_M1_r0,durum,303,0.965988
FKIT,S+X2_M1_r0,durum,304,0.974368
FKIT,S+X2_M1_r0,durum,305,0.975550
FKIT,S+X2_M1_r0,durum,306,0.974629
FKIT,S+X2_M1_r0,durum,307,0.978988
FKIT,S+X2_M1_r0,durum,308,0.980315
FKIT,S+X2_M1_r0,durum,309,0.979933
FKIT,S+X2_M1_r0,durum,310,0.980505
FKIT,S+X2_M1_r0,durum,311,0.979743
FKIT,S+X2_M1_r0,durum,312,0.975680
FKIT,S+X2_M1_r0,durum,313,0.977723
FKIT,S+X2_M1_r0,durum,314,0.986074
FKIT,S+X2_M1_r0,durum,315,0.983642
FKIT,S+X2_M1_r0,durum,316,0.986714
FKIT,S+X2_M1_r0,durum,317,0.984222
FKIT,S+X2_M1_r0,durum,318,0.984546
FKIT,S+X2_M1_r0,durum,319,0.983331
FKIT,S+X2_M1_r0,durum,320,0.985873
FKIT,S+X2_M1_r0,durum,321,0.986808
FKIT,S+X2_M1_r0,durum,322,0.983295
FKIT,S+X2_M1_r0,durum,323,0.987017
FKIT,S+X2_M1_r0,durum,324,0.988171
FKIT,S+X2_M1_r0,durum,325,0.988482
FKIT,S+X2_M1_r0,durum,326,0.987927
FKIT,S+X2_M1_r0,durum,327,0.987312
FKIT,S+X2_M1_r0,durum,328,0.988202
FKIT,S+X2_M1_r0,durum,329,0.988166
FKIT,S+X2_M1_r0,durum,330,0.987710
FKIT,S+X2_M1_r0,durum,331,0.987236
FKIT,S+X2_M1_r0,durum,332,0.988686
FKIT,S+X2_M1_r0,durum,333,0.987999
FKIT,S+X2_M1_r0,durum,334,0.985545
FKIT,S+X2_M1_r0,durum,335,0.988236
FKIT,S+X2_M1_r0,durum,336,0.986620
FKIT,S+X2_M1_r0,durum,337,0.989386
FKIT,S+X2_M1_r0,durum,338,0.987861
FKIT,S+X2_M1_r0,durum,339,0.988660
FKIT,S+X2_M1_r0,durum,340,0.988786
FKIT,S+X2_M1_r0,durum,341,0.989520
FKIT,S+X2_M1_r0,durum,342,0.987084
FKIT,S+X2_M1_r0,durum,343,0.987671
FKIT,S+X2_M1_r0,durum,344,0.990500
FKIT,S+X2_M1_r0,durum,345,0.988042
FKIT,S+X2_M1_r0,durum,346,0.987843
FKIT,S+X2_M1_r0,durum,347,0.985844
FKIT,S+X2_M1_r0,durum,348,0.986706
FKIT,S+X2_M1_r0,durum,349,0.986336
FKIT,S+X2_M1_r0,durum,350,0.987594
FKIT,S+X2_M1_r0,durum,351,0.988657
FKIT,S+X2_M1_r0,durum,352,0.988057
FKIT,S+X2_M1_r0,durum,353,0.985925
FKIT,S+X2_M1_r0,durum,354,0.990668
FKIT,S+X2_M1_r0,durum,355,0.989472
FKIT,S+X2_M1_r0,durum,356,0.987874
FKIT,S+X2_M1_r0,durum,357,0.986813
FKIT,S+X2_M1_r0,durum,358,0.989509
FKIT,S+X2_M1_r0,durum,359,0.987274
FKIT,S+X2_M1_r0,durum,360,0.986226
FKIT,S+X2_M1_r0,durum,361,0.989509
FKIT,S+X2_M1_r0,durum,362,0.988106
FKIT,S+X2_M1_r0,durum,363,0.987613
FKIT,S+X2_M1_r0,durum,364,0.986942
FKIT,S+X2_M1_r0,durum,365,0.986791
FKIT,S+X2_M1_r0,durum,366,0.988309
FKIT,S+X2_M1_r0,durum,367,0.984990
FKIT,S+X2_M1_r0,durum,368,0.983780
FKIT,S+X2_M1_r0,durum,369,0.984626
FKIT,S+X2_M1_r0,durum,370,0.983246
FKIT,S+X2_M1_r0,durum,371,0.982967
FKIT,S+X2_M1_r0,durum,372,0.979666
FKIT,S+X2_M1_r0,durum,373,0.982327
FKIT,S+X2_M1_r0,durum,374,0.984906
FKIT,S+X2_M1_r0,durum,375,0.986778
FKIT,S+X2_M1_r0,durum,376,0.986400
FKIT,S+X2_M1_r0,durum,377,0.984738
FKIT,S+X2_M1_r0,durum,378,0.983181
FKIT,S+X2_M1_r0,durum,379,0.985906
FKIT,S+X2_M1_r0,durum,380,0.982161
FKIT,S+X2_M1_r0,durum,381,0.983107
FKIT,S+X2_M1_r0,durum,382,0.980705
FKIT,S+X2_M1_r0,durum,383,0.981473
FKIT,S+X2_M1_r0,durum,384,0.984013
FKIT,S+X2_M1_r0,durum,385,0.983710
FKIT,S+X2_M1_r0,durum,386,0.983682
FKIT,S+X2_M1_r0,durum,387,0.981984
FKIT,S+X2_M1_r0,durum,388,0.983399
FKIT,S+X2_M1_r0,durum,389,0.982925
FKIT,S+X2_M1_r0,durum,390,0.983944
FKIT,S+X2_M1_r0,durum,391,0.982930
FKIT,S+X2_M1_r0,durum,392,0.984177
FKIT,S+X2_M1_r0,durum,393,0.982019
FKIT,S+X2_M1_r0,durum,394,0.985495
FKIT,S+X2_M1_r0,durum,395,0.982044
FKIT,S+X2_M1_r0,durum,396,0.981574
FKIT,S+X2_M1_r0,durum,397,0.982195
FKIT,S+X2_M1_r0,durum,398,0.981658
FKIT,S+X2_M1_r0,durum,399,0.981297
FKIT,S+X2_M1_r0,durum,400,0.979732
FKIT,S+X2_M1_r0,durum,401,0.981401
FKIT,S+X2_M1_r0,durum,402,0.981381
FKIT,S+X2_M1_r0,durum,403,0.980918
FKIT,S+X2_M1_r0,durum,404,0.982029
FKIT,S+X2_M1_r0,durum,405,0.981912
FKIT,S+X2_M1_r0,durum,406,0.979799
FKIT,S+X2_M1_r0,durum,407,0.980494
FKIT,S+X2_M1_r0,durum,408,0.979991
FKIT,S+X2_M1_r0,durum,409,0.980859
FKIT,S+X2_M1_r0,durum,410,0.978898
FKIT,S+X2_M1_r0,durum,411,0.976989
FKIT,S+X2_M1_r0,durum,412,0.976879
FKIT,S+X2_M1_r0,durum,413,0.977487
FKIT,S+X2_M1_r0,durum,414,0.980085
FKIT,S+X2_M1_r0,durum,415,0.976302
FKIT,S+X2_M1_r0,durum,416,0.977929
FKIT,S+X2_M1_r0,durum,417,0.975918
FKIT,S+X2_M1_r0,durum,418,0.976922
FKIT,S+X2_M1_r0,durum,419,0.974338
FKIT,S+X2_M1_r0,durum,420,0.976647
FKIT,S+X2_M1_r0,durum,421,0.974609
FKIT,S+X2_M1_r0,durum,422,0.972376
FKIT,S+X2_M1_r0,durum,423,0.975396
FKIT,S+X2_M1_r0,durum,424,0.976937
FKIT,S+X2_M1_r0,durum,425,0.973567
FKIT,S+X2_M1_r0,durum,426,0.976491
FKIT,S+X2_M1_r0,durum,427,0.971197
FKIT,S+X2_M1_r0,durum,428,0.970175
FKIT,S+X2_M1_r0,durum,429,0.971718
FKIT,S+X2_M1_r0,durum,430,0.972526
FKIT,S+X2_M1_r0,durum,431,0.970935
FKIT,S+X2_M1_r0,durum,432,0.973951
FKIT,S+X2_M1_r0,durum,433,0.975018
FKIT,S+X2_M1_r0,durum,434,0.970946
FKIT,S+X2_M1_r0,durum,435,0.967975
FKIT,S+X2_M1_r0,durum,436,0.968902
FKIT,S+X2_M1_r0,durum,437,0.972094
FKIT,S+X2_M1_r0,durum,438,0.969607
FKIT,S+X2_M1_r0,durum,439,0.971556
FKIT,S+X2_M1_r0,durum,440,0.966401
FKIT,S+X2_M1_r0,durum,441,0.970549
FKIT,S+X2_M1_r0,durum,442,0.964544
FKIT,S+X2_M1_r0,durum,443,0.966572
FKIT,S+X2_M1_r0,durum,444,0.968560
FKIT,S+X2_M1_r0,durum,445,0.968212
FKIT,S+X2_M1_r0,durum,446,0.968814
FKIT,S+X2_M1_r0,durum,447,0.964981
FKIT,S+X2_M1_r0,durum,448,0.967680
FKIT,S+X2_M1_r0,durum,449,0.963000
FKIT,S+X2_M1_r0,durum,450,0.961355
FKIT,S+X2_M1_r0,durum,451,0.960874
FKIT,S+X2_M1_r0,durum,452,0.965916
FKIT,S+X2_M1_r0,durum,453,0.965738
FKIT,S+X2_M1_r0,durum,454,0.963088
FKIT,S+X2_M1_r0,durum,455,0.971973
FKIT,S+X2_M1_r0,durum,456,0.961745
FKIT,S+X2_M1_r0,durum,457,0.962603
FKIT,S+X2_M1_r0,durum,458,0.964478
FKIT,S+X2_M1_r0,durum,459,0.963464
FKIT,S+X2_M1_r0,durum,460,0.961502
FKIT,S+X2_M1_r0,durum,461,0.962417
FKIT,S+X2_M1_r0,durum,462,0.964435
FKIT,S+X2_M1_r0,durum,463,0.966135
FKIT,S+X2_M1_r0,durum,464,0.956655
FKIT,S+X2_M1_r0,durum,465,0.954092
FKIT,S+X2_M1_r0,durum,466,0.957397
FKIT,S+X2_M1_r0,durum,467,0.962051
FKIT,S+X2_M1_r0,durum,468,0.961045
FKIT,S+X2_M1_r0,durum,469,0.960417
FKIT,S+X2_M1_r0,durum,470,0.957977
FKIT,S+X2_M1_r0,durum,471,0.960267
FKIT,S+X2_M1_r0,durum,472,0.958706
FKIT,S+X2_M1_r0,durum,473,0.963467
FKIT,S+X2_M1_r0,durum,474,0.966301
FKIT,S+X2_M1_r0,durum,475,0.965200
FKIT,S+X2_M1_r0,durum,476,0.962670
FKIT,S+X2_M1_r0,durum,477,0.961801
FKIT,S+X2_M1_r0,durum,478,0.963660
FKIT,S+X2_M1_r0,durum,479,0.956643
FKIT,S+X2_M1_r0,durum,480,0.960843
FKIT,S+X2_M1_r0,durum,481,0.960012
FKIT,S+X2_M1_r0,durum,482,0.960697
FKIT,S+X2_M1_r0,durum,483,0.960197
FKIT,S+X2_M1_r0,durum,484,0.960854
FKIT,S+X2_M1_r0,durum,485,0.955839
FKIT,S+X2_M1_r0,durum,486,0.956721
FKIT,S+X2_M1_r0,durum,487,0.954863
FKIT,S+X2_M1_r0,durum,488,0.953117
FKIT,S+X2_M1_r0,durum,489,0.951450
FKIT,S+X2_M1_r0,durum,490,0.957110
FKIT,S+X2_M1_r0,durum,491,0.954474
FKIT,S+X2_M1_r0,durum,492,0.953156
FKIT,S+X2_M1_r0,durum,493,0.951759
FKIT,S+X2_M1_r0,durum,494,0.956308
FKIT,S+X2_M1_r0,durum,495,0.953955
FKIT,S+X2_M1_r0,durum,496,0.951848
FKIT,S+X2_M1_r0,durum,497,0.952036
FKIT,S+X2_M1_r0,durum,498,0.948039
FKIT,S+X2_M1_r0,durum,499,0.951250
FKIT,S+X2_M1_r0,durum,500,0.950002
FKIT,S+X2_M1_r0,durum,501,0.952705
FKIT,S+X2_M1_r0,durum,502,0.950964
FKIT,S+X2_M1_r0,durum,503,0.948394
FKIT,S+X2_M1_r0,durum,504,0.950041
FKIT,S+X2_M1_r0,durum,505,0.951038
FKIT,S+X2_M1_r0,durum,506,0.949955
FKIT,S+X2_M1_r0,durum,507,0.948020
FKIT,S+X2_M1_r0,durum,508,0.946681
FKIT,S+X2_M1_r0,durum,509,0.947359
FKIT,S+X2_M1_r0,durum,510,0.947621
FKIT,S+X2_M1_r0,durum,511,0.947518
FKIT,S+X2_M1_r0,durum,512,0.951418
FKIT,S+X2_M1_r0,durum,513,0.952256
FKIT,S+X2_M1_r0,durum,514,0.943203
FKIT,S+X2_M1_r0,durum,515,0.948526
FKIT,S+X2_M1_r0,durum,516,0.944463
FKIT,S+X2_M1_r0,durum,517,0.946313
FKIT,S+X2_M1_r0,durum,518,0.948808
FKIT,S+X2_M1_r0,durum,519,0.939291
FKIT,S+X2_M1_r0,durum,520,0.944149
FKIT,S+X2_M1_r0,durum,521,0.947513
FKIT,S+X2_M1_r0,durum,522,0.944308
FKIT,S+X2_M1_r0,durum,523,0.953584
FKIT,S+X2_M1_r0,durum,524,0.944967
FKIT,S+X2_M1_r0,durum,525,0.932263
FKIT,S+X2_M1_r0,durum,526,0.940363
FKIT,S+X2_M1_r0,durum,527,0.949345
FKIT,S+X2_M1_r0,durum,528,0.945960
FKIT,S+X2_M1_r0,durum,529,0.946609
FKIT,S+X2_M1_r0,durum,530,0.942604
FKIT,S+X2_M1_r0,durum,531,0.936317
FKIT,S+X2_M1_r0,durum,532,0.934524
FKIT,S+X2_M1_r0,durum,533,0.924498
FKIT,S+X2_M1_r0,durum,534,0.923933
FKIT,S+X2_M1_r0,durum,535,0.931295
FKIT,S+X2_M1_r0,durum,536,0.912893
FKIT,S+X2_M1_r0,durum,537,0.942248
FKIT,S+X2_M1_r0,durum,538,0.940922
FKIT,S+X2_M1_r0,durum,539,0.947332
FKIT,S+X2_M1_r0,durum,540,0.927338
FKIT,S+X2_M1_r0,durum,541,0.928773
FKIT,S+X2_M1_r0,durum,542,0.921047
FKIT,S+X2_M1_r0,durum,543,0.916398
FKIT,S+X2_M1_r0,durum,544,0.910635
FKIT,S+X2_M1_r0,durum,545,0.912505
FKIT,S+X2_M1_r0,durum,546,0.907734
FKIT,S+X2_M1_r0,durum,547,0.918510
FKIT,S+X2_M1_r0,durum,548,0.910491
FKIT,S+X2_M1_r0,durum,549,0.916511
FKIT,S+X2_M1_r0,durum,550,0.918185
FKIT,S+X2_M1_r0,durum,551,0.917561
FKIT,S+X2_M1_r0,durum,552,0.910548
FKIT,S+X2_M1_r0,durum,553,0.899252
FKIT,S+X2_M1_r0,durum,554,0.904539
FKIT,S+X2_M1_r0,durum,555,0.892033
FKIT,S+X2_M1_r0,durum,556,0.894161
FKIT,S+X2_M1_r0,durum,557,0.892402
FKIT,S+X2_M1_r0,durum,558,0.882197
FKIT,S+X2_M1_r0,durum,559,0.898589
FKIT,S+X2_M1_r0,durum,560,0.886634
FKIT,S+X2_M1_r0,durum,561,0.870126
FKIT,S+X2_M1_r0,durum,562,0.869393
FKIT,S+X2_M1_r0,durum,563,0.858854
FKIT,S+X2_M1_r0,durum,564,0.848947
FKIT,S+X2_M1_r0,durum,565,0.851183
FKIT,S+X2_M1_r0,durum,566,0.849678
FKIT,S+X2_M1_r0,durum,567,0.857163
FKIT,S+X2_M1_r0,durum,568,0.854208
FKIT,S+X2_M1_r0,durum,569,0.851002
FKIT,S+X2_M1_r0,durum,570,0.842715
FKIT,S+X2_M1_r0,durum,571,0.836534
FKIT,S+X2_M1_r0,durum,572,0.841191
FKIT,S+X2_M1_r0,durum,573,0.836414
FKIT,S+X2_M1_r0,durum,574,0.837776
FKIT,S+X2_M1_r0,durum,575,0.830575
FKIT,S+X2_M1_r0,durum,576,0.826958
FKIT,S+X2_M1_r0,durum,577,0.833561
FKIT,S+X2_M1_r0,durum,578,0.829491
FKIT,S+X2_M1_r0,durum,579,0.826903
FKIT,S+X2_M1_r0,durum,580,0.823520
FKIT,S+X2_M1_r0,durum,581,0.818800
FKIT,S+X2_M1_r0,durum,582,0.822162
FKIT,S+X2_M1_r0,durum,583,0.821542
FKIT,S+X2_M1_r0,durum,584,0.820606
FKIT,S+X2_M1_r0,durum,585,0.811401
FKIT,S+X2_M1_r0,durum,586,0.817604
FKIT,S+X2_M1_r0,durum,587,0.828866
FKIT,S+X2_M1_r0,durum,588,0.832621
FKIT,S+X2_M1_r0,durum,589,0.833218
FKIT,S+X2_M1_r0,durum,590,0.826041
FKIT,S+X2_M1_r0,durum,591,0.819475
FKIT,S+X2_M1_r0,durum,592,0.839623
FKIT,S+X2_M1_r0,durum,593,0.828234
FKIT,S+X2_M1_r0,durum,594,0.834047
FKIT,S+X2_M1_r0,durum,595,0.816526
FKIT,S+X2_M1_r0,durum,596,0.810548
FKIT,S+X2_M1_r0,durum,597,0.821787
FKIT,S+X2_M1_r0,durum,598,0.830945
FKIT,S+X2_M1_r0,durum,599,0.809752
FKIT,S+X2_M1_r0,durum,600,0.813085
FKIT,S+X2_M1_r0,durum,601,0.813137
FKIT,S+X2_M1_r0,durum,602,0.828057
FKIT,S+X2_M1_r0,durum,603,0.838687
FKIT,S+X2_M1_r0,durum,604,0.815471
FKIT,S+X2_M1_r0,durum,605,0.841539
FKIT,S+X2_M1_r0,durum,606,0.841789
FKIT,S+X2_M1_r0,durum,607,0.862234
FKIT,S+X2_M1_r0,durum,608,0.839752
FKIT,S+X2_M1_r0,durum,609,0.851525
FKIT,S+X2_M1_r0,durum,610,0.870705
FKIT,S+X2_M1_r0,durum,611,0.878149
FKIT,S+X2_M1_r0,durum,612,0.876691
FKIT,S+X2_M1_r0,durum,613,0.858902
FKIT,S+X2_M1_r0,durum,614,0.863031
FKIT,S+X2_M1_r0,durum,615,0.866846
FKIT,S+X2_M1_r0,durum,616,0.861288
FKIT,S+X2_M1_r0,durum,617,0.885750
FKIT,S+X2_M1_r0,durum,618,0.888651
FKIT,S+X2_M1_r0,durum,619,0.893241
FKIT,S+X2_M1_r0,durum,620,0.895359
FKIT,S+X2_M1_r0,durum,621,0.890468
FKIT,S+X2_M1_r0,durum,622,0.896958
FKIT,S+X2_M1_r0,durum,623,0.895570
FKIT,S+X2_M1_r0,durum,624,0.892188
FKIT,S+X2_M1_r0,durum,625,0.898721
FKIT,S+X2_M1_r0,durum,626,0.898653
FKIT,S+X2_M1_r0,durum,627,0.909877
FKIT,S+X2_M1_r0,durum,628,0.922051
FKIT,S+X2_M1_r0,durum,629,0.918376
FKIT,S+X2_M1_r0,durum,630,0.907640
FKIT,S+X2_M1_r0,durum,631,0.902112
FKIT,S+X2_M1_r0,durum,632,0.901801
FKIT,S+X2_M1_r0,durum,633,0.902288
FKIT,S+X2_M1_r0,durum,634,0.905359
FKIT,S+X2_M1_r0,durum,635,0.908671
FKIT,S+X2_M1_r0,durum,636,0.914412
FKIT,S+X2_M1_r0,durum,637,0.911161
FKIT,S+X2_M1_r0,durum,638,0.903153
FKIT,S+X2_M1_r0,durum,639,0.907081
FKIT,S+X2_M1_r0,durum,640,0.909300
FKIT,S+X2_M1_r0,durum,641,0.919034
FKIT,S+X2_M1_r0,durum,642,0.905549
FKIT,S+X2_M1_r0,durum,643,0.916300
FKIT,S+X2_M1_r0,durum,644,0.909400
FKIT,S+X2_M1_r0,durum,645,0.916230
FKIT,S+X2_M1_r0,durum,646,0.916363
FKIT,S+X2_M1_r0,durum,647,0.930238
FKIT,S+X2_M1_r0,durum,648,0.920367
FKIT,S+X2_M1_r0,durum,649,0.931927
FKIT,S+X2_M1_r0,durum,650,0.941136
FKIT,S+X2_M1_r0,durum,651,0.949439
FKIT,S+X2_M1_r0,durum,652,0.944750
FKIT,S+X2_M1_r0,durum,653,0.951887
FKIT,S+X2_M1_r0,durum,654,0.943493
FKIT,S+X2_M1_r0,durum,655,0.951563
FKIT,S+X2_M1_r0,durum,656,0.959152
FKIT,S+X2_M1_r0,durum,657,0.965902
FKIT,S+X2_M1_r0,durum,658,0.972371
FKIT,S+X2_M1_r0,durum,659,0.970772
FKIT,S+X2_M1_r0,durum,660,0.978006
FKIT,S+X2_M1_r0,durum,661,0.973518
FKIT,S+X2_M1_r0,durum,662,0.973660
FKIT,S+X2_M1_r0,durum,663,0.979821
FKIT,S+X2_M1_r0,durum,664,0.978951
FKIT,S+X2_M1_r0,durum,665,0.983934
FKIT,S+X2_M1_r0,durum,666,0.985352
FKIT,S+X2_M1_r0,durum,667,0.985730
FKIT,S+X2_M1_r0,durum,668,0.987786
FKIT,S+X2_M1_r0,durum,669,0.985645
FKIT,S+X2_M1_r0,durum,670,0.985694
FKIT,S+X2_M1_r0,durum,671,0.986039
FKIT,S+X2_M1_r0,durum,672,0.986258
FKIT,S+X2_M1_r0,durum,673,0.989282
FKIT,S+X2_M1_r0,durum,674,0.989143
FKIT,S+X2_M1_r0,durum,675,0.988710
FKIT,S+X2_M1_r0,durum,676,0.989004
FKIT,S+X2_M1_r0,durum,677,0.987942
FKIT,S+X2_M1_r0,durum,678,0.987927
FKIT,S+X2_M1_r0,durum,679,0.987096
FKIT,S+X2_M1_r0,durum,680,0.987491
FKIT,S+X2_M1_r0,durum,681,0.986255
FKIT,S+X2_M1_r0,durum,682,0.985409
FKIT,S+X2_M1_r0,durum,683,0.984668
FKIT,S+X2_M1_r0,durum,684,0.983716
FKIT,S+X2_M1_r0,durum,685,0.984391
FKIT,S+X2_M1_r0,durum,686,0.984316
FKIT,S+X2_M1_r0,durum,687,0.983919
FKIT,S+X2_M1_r0,durum,688,0.983344
FKIT,S+X2_M1_r0,durum,689,0.980288
FKIT,S+X2_M1_r0,durum,690,0.981998
FKIT,S+X2_M1_r0,durum,691,0.980442
FKIT,S+X2_M1_r0,durum,692,0.983330
FKIT,S+X2_M1_r0,durum,693,0.982640
FKIT,S+X2_M1_r0,durum,694,0.981059
FKIT,S+X2_M1_r0,durum,695,0.978959
FKIT,S+X2_M1_r0,durum,696,0.977642
FKIT,S+X2_M1_r0,durum,697,0.971768
FKIT,S+X2_M1_r0,durum,698,0.974257
FKIT,S+X2_M1_r0,durum,699,0.973641
FKIT,S+X2_M1_r0,durum,700,0.972874
FKIT,S+X2_M1_r0,durum,701,0.971975
FKIT,S+X2_M1_r0,durum,702,0.971848
FKIT,S+X2_M1_r0,durum,703,0.970870
FKIT,S+X2_M1_r0,durum,704,0.975923
FKIT,S+X2_M1_r0,durum,705,0.974266
FKIT,S+X2_M1_r0,durum,706,0.974565
FKIT,S+X2_M1_r0,durum,707,0.970259
FKIT,S+X2_M1_r0,durum,708,0.969130
FKIT,S+X2_M1_r0,durum,709,0.970851
FKIT,S+X2_M1_r0,durum,710,0.970000
FKIT,S+X2_M1_r0,durum,711,0.968133
FKIT,S+X2_M1_r0,durum,712,0.966935
FKIT,S+X2_M1_r0,durum,713,0.964775
FKIT,S+X2_M1_r0,durum,714,0.968559
FKIT,S+X2_M1_r0,durum,715,0.965865
FKIT,S+X2_M1_r0,durum,716,0.965316
FKIT,S+X2_M1_r0,durum,717,0.960864
FKIT,S+X2_M1_r0,durum,718,0.961765
FKIT,S+X2_M1_r0,durum,719,0.961055
FKIT,S+X2_M1_r0,durum,720,0.959244
FKIT,S+X2_M1_r0,durum,721,0.959316
FKIT,S+X2_M1_r0,durum,722,0.962998
FKIT,S+X2_M1_r0,durum,723,0.958356
FKIT,S+X2_M1_r0,durum,724,0.961588
FKIT,S+X2_M1_r0,durum,725,0.958043
FKIT,S+X2_M1_r0,durum,726,0.962321
FKIT,S+X2_M1_r0,durum,727,0.957655
FKIT,S+X2_M1_r0,durum,728,0.964253
FKIT,S+X2_M1_r0,durum,729,0.955301
FKIT,S+X2_M1_r0,durum,730,0.958336
FKIT,S+X2_M1_r0,durum,731,0.957426
FKIT,S+X2_M1_r0,durum,732,0.963479
FKIT,S+X2_M1_r0,durum,733,0.962240
FKIT,S+X2_M1_r0,durum,734,0.973940
FKIT,S+X2_M1_r0,durum,735,0.972322
FKIT,S+X2_M1_r0,durum,736,0.969731
FKIT,S+X2_M1_r0,durum,737,0.966532
FKIT,S+X2_M1_r0,durum,738,0.972769
FKIT,S+X2_M1_r0,durum,739,0.968544
FKIT,S+X2_M1_r0,durum,740,0.972456
FKIT,S+X2_M1_r0,durum,741,0.971847
FKIT,S+X2_M1_r0,durum,742,0.967100
FKIT,S+X2_M1_r0,durum,743,0.966748
FKIT,S+X2_M1_r0,durum,744,0.968504
FKIT,S+X2_M1_r0,durum,745,0.969309
FKIT,S+X2_M1_r0,durum,746,0.966905
FKIT,S+X2_M1_r0,durum,747,0.970443
FKIT,S+X2_M1_r0,durum,748,0.965216
FKIT,S+X2_M1_r0,durum,749,0.964909
FKIT,S+X2_M1_r0,durum,750,0.971381
FKIT,S+X2_M1_r0,durum,751,0.966807
FKIT,S+X2_M1_r0,durum,752,0.966997
FKIT,S+X2_M1_r0,durum,753,0.965424
FKIT,S+X2_M1_r0,durum,754,0.967155
FKIT,S+X2_M1_r0,durum,755,0.968523
FKIT,S+X2_M1_r0,durum,756,0.971486
FKIT,S+X2_M1_r0,durum,757,0.971760
FKIT,S+X2_M1_r0,durum,758,0.967593
FKIT,S+X2_M1_r0,durum,759,0.968949
FKIT,S+X2_M1_r0,durum,760,0.967181
FKIT,S+X2_M1_r0,durum,761,0.969608
FKIT,S+X2_M1_r0,durum,762,0.970650
FKIT,S+X2_M1_r0,durum,763,0.968881
FKIT,S+X2_M1_r0,durum,764,0.974898
FKIT,S+X2_M1_r0,durum,765,0.972508
FKIT,S+X2_M1_r0,durum,766,0.969194
FKIT,S+X2_M1_r0,durum,767,0.967824
FKIT,S+X2_M1_r0,durum,768,0.968799
FKIT,S+X2_M1_r0,durum,769,0.971199
FKIT,S+X2_M1_r0,durum,770,0.971197
FKIT,S+X2_M1_r0,durum,771,0.970904
FKIT,S+X2_M1_r0,durum,772,0.969225
FKIT,S+X2_M1_r0,durum,773,0.970848
FKIT,S+X2_M1_r0,durum,774,0.976324
FKIT,S+X2_M1_r0,durum,775,0.948089
FKIT,S+X2_M1_r0,durum,776,0.947003
FKIT,S+X2_M1_r0,durum,777,0.945253
FKIT,S+X2_M1_r0,durum,778,0.942265
FKIT,S+X2_M1_r0,durum,779,0.938056
FKIT,S+X2_M1_r0,durum,780,0.942160
FKIT,S+X2_M1_r0,durum,781,0.938659
FKIT,S+X2_M1_r0,durum,782,0.936763
FKIT,S+X2_M1_r0,durum,783,0.939020
FKIT,S+X2_M1_r0,durum,784,0.941102
FKIT,S+X2_M1_r0,durum,785,0.942905
FKIT,S+X2_M1_r0,durum,786,0.938973
FKIT,S+X2_M1_r0,durum,787,0.938003
FKIT,S+X2_M1_r0,durum,788,0.939228
FKIT,S+X2_M1_r0,durum,789,0.940879
FKIT,S+X2_M1_r0,durum,790,0.934736
FKIT,S+X2_M1_r0,durum,791,0.934148
FKIT,S+X2_M1_r0,durum,792,0.933694
FKIT,S+X2_M1_r0,durum,793,0.936239
FKIT,S+X2_M1_r0,durum,794,0.934497
FKIT,S+X2_M1_r0,durum,795,0.930953
FKIT,S+X2_M1_r0,durum,796,0.925023
FKIT,S+X2_M1_r0,durum,797,0.931727
FKIT,S+X2_M1_r0,durum,798,0.930695
FKIT,S+X2_M1_r0,durum,799,0.927417
FKIT,S+X2_M1_r0,durum,800,0.925380
FKIT,S+X2_M1_r0,durum,801,0.922513
FKIT,S+X2_M1_r0,durum,802,0.925411
FKIT,S+X2_M1_r0,durum,803,0.922859
FKIT,S+X2_M1_r0,durum,804,0.919806
FKIT,S+X2_M1_r0,durum,805,0.917480
FKIT,S+X2_M1_r0,durum,806,0.911510
FKIT,S+X2_M1_r0,durum,807,0.899206
FKIT,S+X2_M1_r0,durum,808,0.901104
FKIT,S+X2_M1_r0,durum,809,0.898308
FKIT,S+X2_M1_r0,durum,810,0.898567
FKIT,S+X2_M1_r0,durum,811,0.897009
FKIT,S+X2_M1_r0,durum,812,0.879143
FKIT,S+X2_M1_r0,durum,813,0.886692
FKIT,S+X2_M1_r0,durum,814,0.898841
FKIT,S+X2_M1_r0,durum,815,0.894448
FKIT,S+X2_M1_r0,durum,816,0.881685
FKIT,S+X2_M1_r0,durum,817,0.889925
FKIT,S+X2_M1_r0,durum,818,0.890993
FKIT,S+X2_M1_r0,durum,819,0.889629
FKIT,S+X2_M1_r0,durum,820,0.890627
FKIT,S+X2_M1_r0,durum,821,0.891903
FKIT,S+X2_M1_r0,durum,822,0.891826
FKIT,S+X2_M1_r0,durum,823,0.886492
FKIT,S+X2_M1_r0,durum,824,0.900230
FKIT,S+X2_M1_r0,durum,825,0.899917
FKIT,S+X2_M1_r0,durum,826,0.898256
FKIT,S+X2_M1_r0,durum,827,0.900558
FKIT,S+X2_M1_r0,durum,828,0.901186
FKIT,S+X2_M1_r0,durum,829,0.908804
FKIT,S+X2_M1_r0,durum,830,0.904517
FKIT,S+X2_M1_r0,durum,831,0.907258
FKIT,S+X2_M1_r0,durum,832,0.907713
FKIT,S+X2_M1_r0,durum,833,0.909354
FKIT,S+X2_M1_r0,durum,834,0.906850
FKIT,S+X2_M1_r0,durum,835,0.905254
FKIT,S+X2_M1_r0,durum,836,0.908882
FKIT,S+X2_M1_r0,durum,837,0.908723
FKIT,S+X2_M1_r0,durum,838,0.909522
FKIT,S+X2_M1_r0,durum,839,0.914268
FKIT,S+X2_M1_r0,durum,840,0.904328
FKIT,S+X2_M1_r0,durum,841,0.910987
FKIT,S+X2_M1_r0,durum,842,0.907005
FKIT,S+X2_M1_r0,durum,843,0.911371
FKIT,S+X2_M1_r0,durum,844,0.908729
FKIT,S+X2_M1_r0,durum,845,0.909648
FKIT,S+X2_M1_r0,durum,846,0.895278
FKIT,S+X2_M1_r0,durum,847,0.911356
FKIT,S+X2_M1_r0,durum,848,0.908299
FKIT,S+X2_M1_r0,durum,849,0.911881
FKIT,S+X2_M1_r0,durum,850,0.911646
FKIT,S+X2_M1_r0,durum,851,0.911567
FKIT,S+X2_M1_r0,durum,852,0.903620
FKIT,S+X2_M1_r0,durum,853,0.901762
FKIT,S+X2_M1_r0,durum,854,0.894353
FKIT,S+X2_M1_r0,durum,855,0.903038
FKIT,S+X2_M1_r0,durum,856,0.900999
FKIT,S+X2_M1_r0,durum,857,0.910324
FKIT,S+X2_M1_r0,durum,858,0.901560
FKIT,S+X2_M1_r0,durum,859,0.902415
FKIT,S+X2_M1_r0,durum,860,0.904054
FKIT,S+X2_M1_r0,durum,861,0.917133
FKIT,S+X2_M1_r0,durum,862,0.916195
FKIT,S+X2_M1_r0,durum,863,0.917516
FKIT,S+X2_M1_r0,durum,864,0.918140
FKIT,S+X2_M1_r0,durum,865,0.912829
FKIT,S+X2_M1_r0,durum,866,0.923618
FKIT,S+X2_M1_r0,durum,867,0.927319
FKIT,S+X2_M1_r0,durum,868,0.949172
FKIT,S+X2_M1_r0,durum,869,0.946550
FKIT,S+X2_M1_r0,durum,870,0.946611
FKIT,S+X2_M1_r0,durum,871,0.953452
FKIT,S+X2_M1_r0,durum,872,0.950561
FKIT,S+X2_M1_r0,durum,873,0.952591
FKIT,S+X2_M1_r0,durum,874,0.949459
FKIT,S+X2_M1_r0,durum,875,0.954076
FKIT,S+X2_M1_r0,durum,876,0.954289
FKIT,S+X2_M1_r0,durum,877,0.964792
FKIT,S+X2_M1_r0,durum,878,0.971969
FKIT,S+X2_M1_r0,durum,879,0.967107
FKIT,S+X2_M1_r0,durum,880,0.977000
FKIT,S+X2_M1_r0,durum,881,0.977980
FKIT,S+X2_M1_r0,durum,882,0.971627
FKIT,S+X2_M1_r0,durum,883,0.974339
FKIT,S+X2_M1_r0,durum,884,0.977052
FKIT,S+X2_M1_r0,durum,885,0.977273
FKIT,S+X2_M1_r0,durum,886,0.977394
FKIT,S+X2_M1_r0,durum,887,0.981406
FKIT,S+X2_M1_r0,durum,888,0.979975
FKIT,S+X2_M1_r0,durum,889,0.984467
FKIT,S+X2_M1_r0,durum,890,0.985866
FKIT,S+X2_M1_r0,durum,891,0.983663
FKIT,S+X2_M1_r0,durum,892,0.979704
FKIT,S+X2_M1_r0,durum,893,0.977929
FKIT,S+X2_M1_r0,durum,894,0.979853
FKIT,S+X2_M1_r0,durum,895,0.978588
FKIT,S+X2_M1_r0,durum,896,0.981322
FKIT,S+X2_M1_r0,durum,897,0.985383
FKIT,S+X2_M1_r0,durum,898,0.984780
FKIT,S+X2_M1_r0,durum,899,0.983163
FKIT,S+X2_M1_r0,durum,900,0.985649
FKIT,S+X2_M1_r0,durum,901,0.980414
FKIT,S+X2_M1_r0,durum,902,0.980996
FKIT,S+X2_M1_r0,durum,903,0.982934
FKIT,S+X2_M1_r0,durum,904,0.985731
FKIT,S+X2_M1_r0,durum,905,0.984583
FKIT,S+X2_M1_r0,durum,906,0.982236
FKIT,S+X2_M1_r0,durum,907,0.979486
FKIT,S+X2_M1_r0,durum,908,0.980198
FKIT,S+X2_M1_r0,durum,909,0.976924
FKIT,S+X2_M1_r0,durum,910,0.976699
FKIT,S+X2_M1_r0,durum,911,0.979815
FKIT,S+X2_M1_r0,durum,912,0.974863
FKIT,S+X2_M1_r0,durum,913,0.980053
FKIT,S+X2_M1_r0,durum,914,0.981885
FKIT,S+X2_M1_r0,durum,915,0.980508
FKIT,S+X2_M1_r0,durum,916,0.981357
FKIT,S+X2_M1_r0,durum,917,0.979743
FKIT,S+X2_M1_r0,durum,918,0.979916
FKIT,S+X2_M1_r0,durum,919,0.978494
FKIT,S+X2_M1_r0,durum,920,0.981455
FKIT,S+X2_M1_r0,durum,921,0.978890
FKIT,S+X2_M1_r0,durum,922,0.980236
FKIT,S+X2_M1_r0,durum,923,0.980435
FKIT,S+X2_M1_r0,durum,924,0.983601
FKIT,S+X2_M1_r0,durum,925,0.981038
FKIT,S+X2_M1_r0,durum,926,0.984081
FKIT,S+X2_M1_r0,durum,927,0.982490
FKIT,S+X2_M1_r0,durum,928,0.983345
FKIT,S+X2_M1_r0,durum,929,0.982968
FKIT,S+X2_M1_r0,durum,930,0.984604
FKIT,S+X2_M1_r0,durum,931,0.981894
FKIT,S+X2_M1_r0,durum,932,0.982016
FKIT,S+X2_M1_r0,durum,933,0.980640
FKIT,S+X2_M1_r0,durum,934,0.984696
FKIT,S+X2_M1_r0,durum,935,0.983847
FKIT,S+X2_M1_r0,durum,936,0.985375
FKIT,S+X2_M1_r0,durum,937,0.982392
FKIT,S+X2_M1_r0,durum,938,0.981732
FKIT,S+X2_M1_r0,durum,939,0.981977
FKIT,S+X2_M1_r0,durum,940,0.979682
FKIT,S+X2_M1_r0,durum,941,0.977878
FKIT,S+X2_M1_r0,durum,942,0.976870
FKIT,S+X2_M1_r0,durum,943,0.973108
FKIT,S+X2_M1_r0,durum,944,0.974896
FKIT,S+X2_M1_r0,durum,945,0.970282
FKIT,S+X2_M1_r0,durum,946,0.969451
FKIT,S+X2_M1_r0,durum,947,0.971862
FKIT,S+X2_M1_r0,durum,948,0.975246
FKIT,S+X2_M1_r0,durum,949,0.970427
FKIT,S+X2_M1_r0,durum,950,0.970837
FKIT,S+X2_M1_r0,durum,951,0.971801
FKIT,S+X2_M1_r0,durum,952,0.972513
FKIT,S+X2_M1_r0,durum,953,0.971844
FKIT,S+X2_M1_r0,durum,954,0.972442
FKIT,S+X2_M1_r0,durum,955,0.971890
FKIT,S+X2_M1_r0,durum,956,0.969149
FKIT,S+X2_M1_r0,durum,957,0.968490
FKIT,S+X2_M1_r0,durum,958,0.966649
FKIT,S+X2_M1_r0,durum,959,0.963891
FKIT,S+X2_M1_r0,durum,960,0.961374
FKIT,S+X2_M1_r0,durum,961,0.960467
FKIT,S+X2_M1_r0,durum,962,0.954928
FKIT,S+X2_M1_r0,durum,963,0.955356
FKIT,S+X2_M1_r0,durum,964,0.956024
FKIT,S+X2_M1_r0,durum,965,0.953794
FKIT,S+X2_M1_r0,durum,966,0.951157
FKIT,S+X2_M1_r0,durum,967,0.944764
FKIT,S+X2_M1_r0,durum,968,0.945524
FKIT,S+X2_M1_r0,durum,969,0.942186
FKIT,S+X2_M1_r0,durum,970,0.943135
FKIT,S+X2_M1_r0,durum,971,0.940332
FKIT,S+X2_M1_r0,durum,972,0.941227
FKIT,S+X2_M1_r0,durum,973,0.936572
FKIT,S+X2_M1_r0,durum,974,0.940353
FKIT,S+X2_M1_r0,durum,975,0.933760
FKIT,S+X2_M1_r0,durum,976,0.935970
FKIT,S+X2_M1_r0,durum,977,0.931783
FKIT,S+X2_M1_r0,durum,978,0.932135
FKIT,S+X2_M1_r0,durum,979,0.926847
FKIT,S+X2_M1_r0,durum,980,0.929109
FKIT,S+X2_M1_r0,durum,981,0.930601
FKIT,S+X2_M1_r0,durum,982,0.920246
FKIT,S+X2_M1_r0,durum,983,0.920479
FKIT,S+X2_M1_r0,durum,984,0.919819
FKIT,S+X2_M1_r0,durum,985,0.928643
FKIT,S+X2_M1_r0,durum,986,0.924826
FKIT,S+X2_M1_r0,durum,987,0.925163
FKIT,S+X2_M1_r0,durum,988,0.929694
FKIT,S+X2_M1_r0,durum,989,0.933543
FKIT,S+X2_M1_r0,durum,990,0.925477
FKIT,S+X2_M1_r0,durum,991,0.925306
FKIT,S+X2_M1_r0,durum,992,0.934017
FKIT,S+X2_M1_r0,durum,993,0.931915
FKIT,S+X2_M1_r0,durum,994,0.928863
FKIT,S+X2_M1_r0,durum,995,0.926541
FKIT,S+X2_M1_r0,durum,996,0.927095
FKIT,S+X2_M1_r0,durum,997,0.929434
FKIT,S+X2_M1_r0,durum,998,0.927422
FKIT,S+X2_M1_r0,durum,999,0.930694
FKIT,S+X2_M1_r0,durum,1000,0.927401
FKIT,S+X2_M1_r0,durum,1001,0.930540
FKIT,S+X2_M1_r0,durum,1002,0.935284
FKIT,S+X2_M1_r0,durum,1003,0.935080
FKIT,S+X2_M1_r0,durum,1004,0.935564
FKIT,S+X2_M1_r0,durum,1005,0.938528
FKIT,S+X2_M1_r0,empanadilla,0,0.068130
FKIT,S+X2_M1_r0,empanadilla,1,0.109743
FKIT,S+X2_M1_r0,empanadilla,2,0.090820
FKIT,S+X2_M1_r0,empanadilla,3,0.107308
FKIT,S+X2_M1_r0,empanadilla,4,0.121047
FKIT,S+X2_M1_r0,empanadilla,5,0.089258
FKIT,S+X2_M1_r0,empanadilla,6,0.093647
FKIT,S+X2_M1_r0,empanadilla,7,0.108218
FKIT,S+X2_M1_r0,empanadilla,8,0.096233
FKIT,S+X2_M1_r0,empanadilla,9,0.097601
FKIT,S+X2_M1_r0,empanadilla,10,0.077427
FKIT,S+X2_M1_r0,empanadilla,11,0.066616
FKIT,S+X2_M1_r0,empanadilla,12,0.030176
FKIT,S+X2_M1_r0,empanadilla,13,0.035742
FKIT,S+X2_M1_r0,empanadilla,14,0.030348
FKIT,S+X2_M1_r0,empanadilla,15,0.070215
FKIT,S+X2_M1_r0,empanadilla,16,0.054403
FKIT,S+X2_M1_r0,empanadilla,17,0.080116
FKIT,S+X2_M1_r0,empanadilla,18,0.037405
FKIT,S+X2_M1_r0,empanadilla,19,0.026147
FKIT,S+X2_M1_r0,empanadilla,20,0.045763
FKIT,S+X2_M1_r0,empanadilla,21,0.000000
FKIT,S+X2_M1_r0,empanadilla,22,0.000000
FKIT,S+X2_M1_r0,empanadilla,23,0.000000
FKIT,S+X2_M1_r0,empanadilla,24,0.000000
FKIT,S+X2_M1_r0,empanadilla,25,0.000000
FKIT,S+X2_M1_r0,empanadilla,26,0.000587
FKIT,S+X2_M1_r0,empanadilla,27,0.000000
FKIT,S+X2_M1_r0,empanadilla,28,0.000000
FKIT,S+X2_M1_r0,empanadilla,29,0.008445
FKIT,S+X2_M1_r0,empanadilla,30,0.009393
FKIT,S+X2_M1_r0,empanadilla,31,0.000000
FKIT,S+X2_M1_r0,empanadilla,32,0.000000
FKIT,S+X2_M1_r0,empanadilla,33,0.000000
FKIT,S+X2_M1_r0,empanadilla,34,0.000000
FKIT,S+X2_M1_r0,empanadilla,35,0.000000
FKIT,S+X2_M1_r0,empanadilla,36,0.024862
FKIT,S+X2_M1_r0,empanadilla,37,0.000000
FKIT,S+X2_M1_r0,empanadilla,38,0.000000
FKIT,S+X2_M1_r0,empanadilla,39,0.000000
FKIT,S+X2_M1_r0,empanadilla,40,0.000000
FKIT,S+X2_M1_r0,empanadilla,41,0.000000
FKIT,S+X2_M1_r0,empanadilla,42,0.000000
FKIT,S+X2_M1_r0,empanadilla,43,0.000000
FKIT,S+X2_M1_r0,empanadilla,44,0.017332
FKIT,S+X2_M1_r0,empanadilla,45,0.009965
FKIT,S+X2_M1_r0,empanadilla,46,0.005143
FKIT,S+X2_M1_r0,empanadilla,47,0.005179
FKIT,S+X2_M1_r0,empanadilla,48,0.014529
FKIT,S+X2_M1_r0,empanadilla,49,0.016522
FKIT,S+X2_M1_r0,empanadilla,50,0.055831
FKIT,S+X2_M1_r0,empanadilla,51,0.000000
FKIT,S+X2_M1_r0,empanadilla,52,0.000737
FKIT,S+X2_M1_r0,empanadilla,53,0.001277
FKIT,S+X2_M1_r0,empanadilla,54,0.000000
FKIT,S+X2_M1_r0,empanadilla,55,0.000000
FKIT,S+X2_M1_r0,empanadilla,56,0.000000
FKIT,S+X2_M1_r0,empanadilla,57,0.000000
FKIT,S+X2_M1_r0,empanadilla,58,0.000000
FKIT,S+X2_M1_r0,empanadilla,59,0.000000
FKIT,S+X2_M1_r0,empanadilla,60,0.000000
FKIT,S+X2_M1_r0,empanadilla,61,0.000000
FKIT,S+X2_M1_r0,empanadilla,62,0.000000
FKIT,S+X2_M1_r0,empanadilla,63,0.000000
FKIT,S+X2_M1_r0,empanadilla,64,0.000000
FKIT,S+X2_M1_r0,empanadilla,65,0.000000
FKIT,S+X2_M1_r0,empanadilla,66,0.000000
FKIT,S+X2_M1_r0,empanadilla,67,0.000000
FKIT,S+X2_M1_r0,empanadilla,68,0.000000
FKIT,S+X2_M1_r0,empanadilla,69,0.000000
FKIT,S+X2_M1_r0,empanadilla,70,0.000000
FKIT,S+X2_M1_r0,empanadilla,71,0.000000
FKIT,S+X2_M1_r0,empanadilla,72,0.000000
FKIT,S+X2_M1_r0,empanadilla,73,0.000000
FKIT,S+X2_M1_r0,empanadilla,74,0.000000
FKIT,S+X2_M1_r0,empanadilla,75,0.000000
FKIT,S+X2_M1_r0,empanadilla,76,0.000000
FKIT,S+X2_M1_r0,empanadilla,77,0.000000
FKIT,S+X2_M1_r0,empanadilla,78,0.000000
FKIT,S+X2_M1_r0,empanadilla,79,0.000000
FKIT,S+X2_M1_r0,empanadilla,80,0.000775
FKIT,S+X2_M1_r0,empanadilla,81,0.000194
FKIT,S+X2_M1_r0,empanadilla,82,0.000000
FKIT,S+X2_M1_r0,empanadilla,83,0.000098
FKIT,S+X2_M1_r0,empanadilla,84,0.000000
FKIT,S+X2_M1_r0,empanadilla,85,0.004975
FKIT,S+X2_M1_r0,empanadilla,86,0.009751
FKIT,S+X2_M1_r0,empanadilla,87,0.035126
FKIT,S+X2_M1_r0,empanadilla,88,0.035055
FKIT,S+X2_M1_r0,empanadilla,89,0.067364
FKIT,S+X2_M1_r0,empanadilla,90,0.082149
FKIT,S+X2_M1_r0,empanadilla,91,0.074371
FKIT,S+X2_M1_r0,empanadilla,92,0.019192
FKIT,S+X2_M1_r0,empanadilla,93,0.025200
FKIT,S+X2_M1_r0,empanadilla,94,0.022071
FKIT,S+X2_M1_r0,empanadilla,95,0.012365
FKIT,S+X2_M1_r0,empanadilla,96,0.025948
FKIT,S+X2_M1_r0,empanadilla,97,0.018303
FKIT,S+X2_M1_r0,empanadilla,98,0.025158
FKIT,S+X2_M1_r0,empanadilla,99,0.047752
FKIT,S+X2_M1_r0,empanadilla,100,0.121885
FKIT,S+X2_M1_r0,empanadilla,101,0.297710
FKIT,S+X2_M1_r0,empanadilla,102,0.266799
FKIT,S+X2_M1_r0,empanadilla,103,0.299670
FKIT,S+X2_M1_r0,empanadilla,104,0.340690
FKIT,S+X2_M1_r0,empanadilla,105,0.384406
FKIT,S+X2_M1_r0,empanadilla,106,0.334057
FKIT,S+X2_M1_r0,empanadilla,107,0.377326
FKIT,S+X2_M1_r0,empanadilla,108,0.395241
FKIT,S+X2_M1_r0,empanadilla,109,0.489751
FKIT,S+X2_M1_r0,empanadilla,110,0.397623
FKIT,S+X2_M1_r0,empanadilla,111,0.520640
FKIT,S+X2_M1_r0,empanadilla,112,0.503030
FKIT,S+X2_M1_r0,empanadilla,113,0.527960
FKIT,S+X2_M1_r0,empanadilla,114,0.473035
FKIT,S+X2_M1_r0,empanadilla,115,0.491473
FKIT,S+X2_M1_r0,empanadilla,116,0.543174
FKIT,S+X2_M1_r0,empanadilla,117,0.502629
FKIT,S+X2_M1_r0,empanadilla,118,0.456008
FKIT,S+X2_M1_r0,empanadilla,119,0.475475
FKIT,S+X2_M1_r0,empanadilla,120,0.447096
FKIT,S+X2_M1_r0,empanadilla,121,0.589313
FKIT,S+X2_M1_r0,empanadilla,122,0.610611
FKIT,S+X2_M1_r0,empanadilla,123,0.566077
FKIT,S+X2_M1_r0,empanadilla,124,0.601233
FKIT,S+X2_M1_r0,empanadilla,125,0.564133
FKIT,S+X2_M1_r0,empanadilla,126,0.597558
FKIT,S+X2_M1_r0,empanadilla,127,0.559920
FKIT,S+X2_M1_r0,empanadilla,128,0.536893
FKIT,S+X2_M1_r0,empanadilla,129,0.508518
FKIT,S+X2_M1_r0,empanadilla,130,0.508720
FKIT,S+X2_M1_r0,empanadilla,131,0.699007
FKIT,S+X2_M1_r0,empanadilla,132,0.641995
FKIT,S+X2_M1_r0,empanadilla,133,0.589180
FKIT,S+X2_M1_r0,empanadilla,134,0.518638
FKIT,S+X2_M1_r0,empanadilla,135,0.545528
FKIT,S+X2_M1_r0,empanadilla,136,0.545307
FKIT,S+X2_M1_r0,empanadilla,137,0.577003
FKIT,S+X2_M1_r0,empanadilla,138,0.603208
FKIT,S+X2_M1_r0,empanadilla,139,0.629426
FKIT,S+X2_M1_r0,empanadilla,140,0.594933
FKIT,S+X2_M1_r0,empanadilla,141,0.729598
FKIT,S+X2_M1_r0,empanadilla,142,0.728868
FKIT,S+X2_M1_r0,empanadilla,143,0.693137
FKIT,S+X2_M1_r0,empanadilla,144,0.648703
FKIT,S+X2_M1_r0,empanadilla,145,0.712531
FKIT,S+X2_M1_r0,empanadilla,146,0.734296
FKIT,S+X2_M1_r0,empanadilla,147,0.723607
FKIT,S+X2_M1_r0,empanadilla,148,0.632267
FKIT,S+X2_M1_r0,empanadilla,149,0.575493
FKIT,S+X2_M1_r0,empanadilla,150,0.601730
FKIT,S+X2_M1_r0,empanadilla,151,0.790888
FKIT,S+X2_M1_r0,empanadilla,152,0.769605
FKIT,S+X2_M1_r0,empanadilla,153,0.686308
FKIT,S+X2_M1_r0,empanadilla,154,0.736682
FKIT,S+X2_M1_r0,empanadilla,155,0.756651
FKIT,S+X2_M1_r0,empanadilla,156,0.681877
FKIT,S+X2_M1_r0,empanadilla,157,0.721190
FKIT,S+X2_M1_r0,empanadilla,158,0.697853
FKIT,S+X2_M1_r0,empanadilla,159,0.727955
FKIT,S+X2_M1_r0,empanadilla,160,0.756136
FKIT,S+X2_M1_r0,empanadilla,161,0.809211
FKIT,S+X2_M1_r0,empanadilla,162,0.800484
FKIT,S+X2_M1_r0,empanadilla,163,0.763781
FKIT,S+X2_M1_r0,empanadilla,164,0.742344
FKIT,S+X2_M1_r0,empanadilla,165,0.791969
FKIT,S+X2_M1_r0,empanadilla,166,0.773036
FKIT,S+X2_M1_r0,empanadilla,167,0.808145
FKIT,S+X2_M1_r0,empanadilla,168,0.795991
FKIT,S+X2_M1_r0,empanadilla,169,0.811146
FKIT,S+X2_M1_r0,empanadilla,170,0.820965
FKIT,S+X2_M1_r0,empanadilla,171,0.890031
FKIT,S+X2_M1_r0,empanadilla,172,0.882196
FKIT,S+X2_M1_r0,empanadilla,173,0.862745
FKIT,S+X2_M1_r0,empanadilla,174,0.849257
FKIT,S+X2_M1_r0,empanadilla,175,0.830320
FKIT,S+X2_M1_r0,empanadilla,176,0.853017
FKIT,S+X2_M1_r0,empanadilla,177,0.825493
FKIT,S+X2_M1_r0,empanadilla,178,0.821262
FKIT,S+X2_M1_r0,empanadilla,179,0.795622
FKIT,S+X2_M1_r0,empanadilla,180,0.782774
FKIT,S+X2_M1_r0,empanadilla,181,0.870031
FKIT,S+X2_M1_r0,empanadilla,182,0.876558
FKIT,S+X2_M1_r0,empanadilla,183,0.890538
FKIT,S+X2_M1_r0,empanadilla,184,0.863509
FKIT,S+X2_M1_r0,empanadilla,185,0.888406
FKIT,S+X2_M1_r0,empanadilla,186,0.878824
FKIT,S+X2_M1_r0,empanadilla,187,0.883614
FKIT,S+X2_M1_r0,empanadilla,188,0.882634
FKIT,S+X2_M1_r0,empanadilla,189,0.841465
FKIT,S+X2_M1_r0,empanadilla,190,0.878290
FKIT,S+X2_M1_r0,empanadilla,191,0.895892
FKIT,S+X2_M1_r0,empanadilla,192,0.893303
FKIT,S+X2_M1_r0,empanadilla,193,0.883771
FKIT,S+X2_M1_r0,empanadilla,194,0.891361
FKIT,S+X2_M1_r0,empanadilla,195,0.884894
FKIT,S+X2_M1_r0,empanadilla,196,0.822191
FKIT,S+X2_M1_r0,empanadilla,197,0.873260
FKIT,S+X2_M1_r0,empanadilla,198,0.874176
FKIT,S+X2_M1_r0,empanadilla,199,0.873636
FKIT,S+X2_M1_r0,empanadilla,200,0.879042
FKIT,S+X2_M1_r0,empanadilla,201,0.913337
FKIT,S+X2_M1_r0,empanadilla,202,0.923213
FKIT,S+X2_M1_r0,empanadilla,203,0.915215
FKIT,S+X2_M1_r0,empanadilla,204,0.904783
FKIT,S+X2_M1_r0,empanadilla,205,0.895305
FKIT,S+X2_M1_r0,empanadilla,206,0.878724
FKIT,S+X2_M1_r0,empanadilla,207,0.885948
FKIT,S+X2_M1_r0,empanadilla,208,0.877256
FKIT,S+X2_M1_r0,empanadilla,209,0.901134
FKIT,S+X2_M1_r0,empanadilla,210,0.892976
FKIT,S+X2_M1_r0,empanadilla,211,0.919339
FKIT,S+X2_M1_r0,empanadilla,212,0.927198
FKIT,S+X2_M1_r0,empanadilla,213,0.924313
FKIT,S+X2_M1_r0,empanadilla,214,0.920108
FKIT,S+X2_M1_r0,empanadilla,215,0.906344
FKIT,S+X2_M1_r0,empanadilla,216,0.913461
FKIT,S+X2_M1_r0,empanadilla,217,0.917203
FKIT,S+X2_M1_r0,empanadilla,218,0.912617
FKIT,S+X2_M1_r0,empanadilla,219,0.920079
FKIT,S+X2_M1_r0,empanadilla,220,0.910266
FKIT,S+X2_M1_r0,empanadilla,221,0.926389
FKIT,S+X2_M1_r0,empanadilla,222,0.911111
FKIT,S+X2_M1_r0,empanadilla,223,0.924370
FKIT,S+X2_M1_r0,empanadilla,224,0.929121
FKIT,S+X2_M1_r0,empanadilla,225,0.930408
FKIT,S+X2_M1_r0,empanadilla,226,0.924921
FKIT,S+X2_M1_r0,empanadilla,227,0.923710
FKIT,S+X2_M1_r0,empanadilla,228,0.928094
FKIT,S+X2_M1_r0,empanadilla,229,0.929095
FKIT,S+X2_M1_r0,empanadilla,230,0.933007
FKIT,S+X2_M1_r0,empanadilla,231,0.939049
FKIT,S+X2_M1_r0,empanadilla,232,0.939114
FKIT,S+X2_M1_r0,empanadilla,233,0.937137
FKIT,S+X2_M1_r0,empanadilla,234,0.935448
FKIT,S+X2_M1_r0,empanadilla,235,0.932417
FKIT,S+X2_M1_r0,empanadilla,236,0.942795
FKIT,S+X2_M1_r0,empanadilla,237,0.933876
FKIT,S+X2_M1_r0,empanadilla,238,0.941578
FKIT,S+X2_M1_r0,empanadilla,239,0.934208
FKIT,S+X2_M1_r0,empanadilla,240,0.934994
FKIT,S+X2_M1_r0,empanadilla,241,0.937124
FKIT,S+X2_M1_r0,empanadilla,242,0.937685
FKIT,S+X2_M1_r0,empanadilla,243,0.936385
FKIT,S+X2_M1_r0,empanadilla,244,0.938698
FKIT,S+X2_M1_r0,empanadilla,245,0.942367
FKIT,S+X2_M1_r0,empanadilla,246,0.938013
FKIT,S+X2_M1_r0,empanadilla,247,0.938524
FKIT,S+X2_M1_r0,empanadilla,248,0.944421
FKIT,S+X2_M1_r0,empanadilla,249,0.936749
FKIT,S+X2_M1_r0,empanadilla,250,0.940019
FKIT,S+X2_M1_r0,empanadilla,251,0.934117
FKIT,S+X2_M1_r0,empanadilla,252,0.937257
FKIT,S+X2_M1_r0,empanadilla,253,0.937316
FKIT,S+X2_M1_r0,empanadilla,254,0.938899
FKIT,S+X2_M1_r0,empanadilla,255,0.938886
FKIT,S+X2_M1_r0,empanadilla,256,0.941504
FKIT,S+X2_M1_r0,empanadilla,257,0.940183
FKIT,S+X2_M1_r0,empanadilla,258,0.934747
FKIT,S+X2_M1_r0,empanadilla,259,0.937651
FKIT,S+X2_M1_r0,empanadilla,260,0.938785
FKIT,S+X2_M1_r0,empanadilla,261,0.937083
FKIT,S+X2_M1_r0,empanadilla,262,0.931768
FKIT,S+X2_M1_r0,empanadilla,263,0.936735
FKIT,S+X2_M1_r0,empanadilla,264,0.938991
FKIT,S+X2_M1_r0,empanadilla,265,0.936141
FKIT,S+X2_M1_r0,empanadilla,266,0.931906
FKIT,S+X2_M1_r0,empanadilla,267,0.935807
FKIT,S+X2_M1_r0,empanadilla,268,0.935322
FKIT,S+X2_M1_r0,empanadilla,269,0.936870
FKIT,S+X2_M1_r0,empanadilla,270,0.934719
FKIT,S+X2_M1_r0,empanadilla,271,0.935161
FKIT,S+X2_M1_r0,empanadilla,272,0.932576
FKIT,S+X2_M1_r0,empanadilla,273,0.941268
FKIT,S+X2_M1_r0,empanadilla,274,0.943634
FKIT,S+X2_M1_r0,empanadilla,275,0.939740
FKIT,S+X2_M1_r0,empanadilla,276,0.944236
FKIT,S+X2_M1_r0,empanadilla,277,0.942659
FKIT,S+X2_M1_r0,empanadilla,278,0.944660
FKIT,S+X2_M1_r0,empanadilla,279,0.944186
FKIT,S+X2_M1_r0,empanadilla,280,0.942694
FKIT,S+X2_M1_r0,empanadilla,281,0.940749
FKIT,S+X2_M1_r0,empanadilla,282,0.941597
FKIT,S+X2_M1_r0,empanadilla,283,0.943892
FKIT,S+X2_M1_r0,empanadilla,284,0.943625
FKIT,S+X2_M1_r0,empanadilla,285,0.949590
FKIT,S+X2_M1_r0,empanadilla,286,0.949906
FKIT,S+X2_M1_r0,empanadilla,287,0.949415
FKIT,S+X2_M1_r0,empanadilla,288,0.954948
FKIT,S+X2_M1_r0,empanadilla,289,0.951207
FKIT,S+X2_M1_r0,empanadilla,290,0.948725
FKIT,S+X2_M1_r0,empanadilla,291,0.946361
FKIT,S+X2_M1_r0,empanadilla,292,0.945558
FKIT,S+X2_M1_r0,empanadilla,293,0.949088
FKIT,S+X2_M1_r0,empanadilla,294,0.939825
FKIT,S+X2_M1_r0,empanadilla,295,0.945947
FKIT,S+X2_M1_r0,empanadilla,296,0.944517
FKIT,S+X2_M1_r0,empanadilla,297,0.943180
FKIT,S+X2_M1_r0,empanadilla,298,0.945449
FKIT,S+X2_M1_r0,empanadilla,299,0.945506
FKIT,S+X2_M1_r0,empanadilla,300,0.943799
FKIT,S+X2_M1_r0,empanadilla,301,0.942156
FKIT,S+X2_M1_r0,empanadilla,302,0.940140
FKIT,S+X2_M1_r0,empanadilla,303,0.942259
FKIT,S+X2_M1_r0,empanadilla,304,0.941424
FKIT,S+X2_M1_r0,empanadilla,305,0.942977
FKIT,S+X2_M1_r0,empanadilla,306,0.945777
FKIT,S+X2_M1_r0,empanadilla,307,0.938824
FKIT,S+X2_M1_r0,empanadilla,308,0.946340
FKIT,S+X2_M1_r0,empanadilla,309,0.945045
FKIT,S+X2_M1_r0,empanadilla,310,0.945963
FKIT,S+X2_M1_r0,empanadilla,311,0.944690
FKIT,S+X2_M1_r0,empanadilla,312,0.948549
FKIT,S+X2_M1_r0,empanadilla,313,0.951509
FKIT,S+X2_M1_r0,empanadilla,314,0.945174
FKIT,S+X2_M1_r0,empanadilla,315,0.949405
FKIT,S+X2_M1_r0,empanadilla,316,0.952695
FKIT,S+X2_M1_r0,empanadilla,317,0.952082
FKIT,S+X2_M1_r0,empanadilla,318,0.949000
FKIT,S+X2_M1_r0,empanadilla,319,0.953209
FKIT,S+X2_M1_r0,empanadilla,320,0.953143
FKIT,S+X2_M1_r0,empanadilla,321,0.957361
FKIT,S+X2_M1_r0,empanadilla,322,0.957758
FKIT,S+X2_M1_r0,empanadilla,323,0.958864
FKIT,S+X2_M1_r0,empanadilla,324,0.957322
FKIT,S+X2_M1_r0,empanadilla,325,0.954015
FKIT,S+X2_M1_r0,empanadilla,326,0.953708
FKIT,S+X2_M1_r0,empanadilla,327,0.949227
FKIT,S+X2_M1_r0,empanadilla,328,0.952464
FKIT,S+X2_M1_r0,empanadilla,329,0.950956
FKIT,S+X2_M1_r0,empanadilla,330,0.955645
FKIT,S+X2_M1_r0,empanadilla,331,0.956409
FKIT,S+X2_M1_r0,empanadilla,332,0.956377
FKIT,S+X2_M1_r0,empanadilla,333,0.953658
FKIT,S+X2_M1_r0,empanadilla,334,0.953387
FKIT,S+X2_M1_r0,empanadilla,335,0.954838
FKIT,S+X2_M1_r0,empanadilla,336,0.956864
FKIT,S+X2_M1_r0,empanadilla,337,0.960150
FKIT,S+X2_M1_r0,empanadilla,338,0.956375
FKIT,S+X2_M1_r0,empanadilla,339,0.960759
FKIT,S+X2_M1_r0,empanadilla,340,0.961613
FKIT,S+X2_M1_r0,empanadilla,341,0.955293
FKIT,S+X2_M1_r0,empanadilla,342,0.958302
FKIT,S+X2_M1_r0,empanadilla,343,0.961768
FKIT,S+X2_M1_r0,empanadilla,344,0.959146
FKIT,S+X2_M1_r0,empanadilla,345,0.957207
FKIT,S+X2_M1_r0,empanadilla,346,0.961845
FKIT,S+X2_M1_r0,empanadilla,347,0.959830
FKIT,S+X2_M1_r0,empanadilla,348,0.963842
FKIT,S+X2_M1_r0,empanadilla,349,0.962520
FKIT,S+X2_M1_r0,empanadilla,350,0.966084
FKIT,S+X2_M1_r0,empanadilla,351,0.967534
FKIT,S+X2_M1_r0,empanadilla,352,0.964521
FKIT,S+X2_M1_r0,empanadilla,353,0.969491
FKIT,S+X2_M1_r0,empanadilla,354,0.968419
FKIT,S+X2_M1_r0,empanadilla,355,0.970058
FKIT,S+X2_M1_r0,empanadilla,356,0.967171
FKIT,S+X2_M1_r0,empanadilla,357,0.968052
FKIT,S+X2_M1_r0,empanadilla,358,0.956796
FKIT,S+X2_M1_r0,empanadilla,359,0.964182
FKIT,S+X2_M1_r0,empanadilla,360,0.958670
FKIT,S+X2_M1_r0,empanadilla,361,0.964315
FKIT,S+X2_M1_r0,empanadilla,362,0.963936
FKIT,S+X2_M1_r0,empanadilla,363,0.965173
FKIT,S+X2_M1_r0,empanadilla,364,0.964896
FKIT,S+X2_M1_r0,empanadilla,365,0.965889
FKIT,S+X2_M1_r0,empanadilla,366,0.962199
FKIT,S+X2_M1_r0,empanadilla,367,0.959101
FKIT,S+X2_M1_r0,empanadilla,368,0.957940
FKIT,S+X2_M1_r0,empanadilla,369,0.957290
FKIT,S+X2_M1_r0,empanadilla,370,0.953064
FKIT,S+X2_M1_r0,empanadilla,371,0.957984
FKIT,S+X2_M1_r0,empanadilla,372,0.959111
FKIT,S+X2_M1_r0,empanadilla,373,0.956914
FKIT,S+X2_M1_r0,empanadilla,374,0.954621
FKIT,S+X2_M1_r0,empanadilla,375,0.956902
FKIT,S+X2_M1_r0,empanadilla,376,0.954993
FKIT,S+X2_M1_r0,empanadilla,377,0.955939
FKIT,S+X2_M1_r0,empanadilla,378,0.957912
FKIT,S+X2_M1_r0,empanadilla,379,0.950507
FKIT,S+X2_M1_r0,empanadilla,380,0.952047
FKIT,S+X2_M1_r0,empanadilla,381,0.954180
FKIT,S+X2_M1_r0,empanadilla,382,0.951301
FKIT,S+X2_M1_r0,empanadilla,383,0.949169
FKIT,S+X2_M1_r0,empanadilla,384,0.949492
FKIT,S+X2_M1_r0,empanadilla,385,0.949356
FKIT,S+X2_M1_r0,empanadilla,386,0.951712
FKIT,S+X2_M1_r0,empanadilla,387,0.949852
FKIT,S+X2_M1_r0,empanadilla,388,0.950525
FKIT,S+X2_M1_r0,empanadilla,389,0.951047
FKIT,S+X2_M1_r0,empanadilla,390,0.948328
FKIT,S+X2_M1_r0,empanadilla,391,0.949817
FKIT,S+X2_M1_r0,empanadilla,392,0.940065
FKIT,S+X2_M1_r0,empanadilla,393,0.939352
FKIT,S+X2_M1_r0,empanadilla,394,0.939346
FKIT,S+X2_M1_r0,empanadilla,395,0.940581
FKIT,S+X2_M1_r0,empanadilla,396,0.946069
FKIT,S+X2_M1_r0,empanadilla,397,0.939541
FKIT,S+X2_M1_r0,empanadilla,398,0.946054
FKIT,S+X2_M1_r0,empanadilla,399,0.939069
FKIT,S+X2_M1_r0,empanadilla,400,0.942016
FKIT,S+X2_M1_r0,empanadilla,401,0.944101
FKIT,S+X2_M1_r0,empanadilla,402,0.955166
FKIT,S+X2_M1_r0,empanadilla,403,0.939927
FKIT,S+X2_M1_r0,empanadilla,404,0.947929
FKIT,S+X2_M1_r0,empanadilla,405,0.938596
FKIT,S+X2_M1_r0,empanadilla,406,0.939622
FKIT,S+X2_M1_r0,empanadilla,407,0.938963
FKIT,S+X2_M1_r0,empanadilla,408,0.939633
FKIT,S+X2_M1_r0,empanadilla,409,0.939182
FKIT,S+X2_M1_r0,empanadilla,410,0.942257
FKIT,S+X2_M1_r0,empanadilla,411,0.948667
FKIT,S+X2_M1_r0,empanadilla,412,0.943335
FKIT,S+X2_M1_r0,empanadilla,413,0.946747
FKIT,S+X2_M1_r0,empanadilla,414,0.951913
FKIT,S+X2_M1_r0,empanadilla,415,0.571540
FKIT,S+X2_M1_r0,empanadilla,416,0.959859
FKIT,S+X2_M1_r0,empanadilla,417,0.801146
FKIT,S+X2_M1_r0,empanadilla,418,0.583830
FKIT,S+X2_M1_r0,empanadilla,419,0.950872
FKIT,S+X2_M1_r0,empanadilla,420,0.932224
FKIT,S+X2_M1_r0,empanadilla,421,0.805351
FKIT,S+X2_M1_r0,empanadilla,422,0.780233
FKIT,S+X2_M1_r0,empanadilla,423,0.657383
FKIT,S+X2_M1_r0,empanadilla,424,0.481101
FKIT,S+X2_M1_r0,empanadilla,425,0.374112
FKIT,S+X2_M1_r0,empanadilla,426,0.305967
FKIT,S+X2_M1_r0,empanadilla,427,0.172440
FKIT,S+X2_M1_r0,empanadilla,428,0.110018
FKIT,S+X2_M1_r0,empanadilla,429,0.790768
FKIT,S+X2_M1_r0,empanadilla,430,0.791259
FKIT,S+X2_M1_r0,empanadilla,431,0.516943
FKIT,S+X2_M1_r0,empanadilla,432,0.448810
FKIT,S+X2_M1_r0,empanadilla,433,0.645885
FKIT,S+X2_M1_r0,empanadilla,434,0.467041
FKIT,S+X2_M1_r0,empanadilla,435,0.664584
FKIT,S+X2_M1_r0,empanadilla,436,0.770062
FKIT,S+X2_M1_r0,empanadilla,437,0.457373
FKIT,S+X2_M1_r0,empanadilla,438,0.693367
FKIT,S+X2_M1_r0,empanadilla,439,0.741850
FKIT,S+X2_M1_r0,empanadilla,440,0.816972
FKIT,S+X2_M1_r0,empanadilla,441,0.565700
FKIT,S+X2_M1_r0,empanadilla,442,0.836242
FKIT,S+X2_M1_r0,empanadilla,443,0.817859
FKIT,S+X2_M1_r0,empanadilla,444,0.817739
FKIT,S+X2_M1_r0,empanadilla,445,0.796761
FKIT,S+X2_M1_r0,empanadilla,446,0.784584
FKIT,S+X2_M1_r0,empanadilla,447,0.761594
FKIT,S+X2_M1_r0,empanadilla,448,0.721986
FKIT,S+X2_M1_r0,empanadilla,449,0.820292
FKIT,S+X2_M1_r0,empanadilla,450,0.817168
FKIT,S+X2_M1_r0,empanadilla,451,0.826171
FKIT,S+X2_M1_r0,empanadilla,452,0.857814
FKIT,S+X2_M1_r0,empanadilla,453,0.867704
FKIT,S+X2_M1_r0,empanadilla,454,0.864321
FKIT,S+X2_M1_r0,empanadilla,455,0.842043
FKIT,S+X2_M1_r0,empanadilla,456,0.857986
FKIT,S+X2_M1_r0,empanadilla,457,0.840576
FKIT,S+X2_M1_r0,empanadilla,458,0.849557
FKIT,S+X2_M1_r0,empanadilla,459,0.894732
FKIT,S+X2_M1_r0,empanadilla,460,0.878292
FKIT,S+X2_M1_r0,empanadilla,461,0.899758
FKIT,S+X2_M1_r0,empanadilla,462,0.897653
FKIT,S+X2_M1_r0,empanadilla,463,0.900167
FKIT,S+X2_M1_r0,empanadilla,464,0.903675
FKIT,S+X2_M1_r0,empanadilla,465,0.914601
FKIT,S+X2_M1_r0,empanadilla,466,0.911277
FKIT,S+X2_M1_r0,empanadilla,467,0.933355
FKIT,S+X2_M1_r0,empanadilla,468,0.928821
FKIT,S+X2_M1_r0,empanadilla,469,0.960836
FKIT,S+X2_M1_r0,empanadilla,470,0.957831
FKIT,S+X2_M1_r0,empanadilla,471,0.959277
FKIT,S+X2_M1_r0,empanadilla,472,0.964054
FKIT,S+X2_M1_r0,empanadilla,473,0.964895
FKIT,S+X2_M1_r0,empanadilla,474,0.966066
FKIT,S+X2_M1_r0,empanadilla,475,0.969368
FKIT,S+X2_M1_r0,empanadilla,476,0.963962
FKIT,S+X2_M1_r0,empanadilla,477,0.967550
FKIT,S+X2_M1_r0,empanadilla,478,0.965591
FKIT,S+X2_M1_r0,empanadilla,479,0.976377
FKIT,S+X2_M1_r0,empanadilla,480,0.977948
FKIT,S+X2_M1_r0,empanadilla,481,0.977667
FKIT,S+X2_M1_r0,empanadilla,482,0.978501
FKIT,S+X2_M1_r0,empanadilla,483,0.980932
FKIT,S+X2_M1_r0,empanadilla,484,0.978731
FKIT,S+X2_M1_r0,empanadilla,485,0.980474
FKIT,S+X2_M1_r0,empanadilla,486,0.984186
FKIT,S+X2_M1_r0,empanadilla,487,0.978382
FKIT,S+X2_M1_r0,empanadilla,488,0.981492
FKIT,S+X2_M1_r0,empanadilla,489,0.974983
FKIT,S+X2_M1_r0,empanadilla,490,0.974299
FKIT,S+X2_M1_r0,empanadilla,491,0.974377
FKIT,S+X2_M1_r0,empanadilla,492,0.974404
FKIT,S+X2_M1_r0,empanadilla,493,0.974160
FKIT,S+X2_M1_r0,empanadilla,494,0.978359
FKIT,S+X2_M1_r0,empanadilla,495,0.975213
FKIT,S+X2_M1_r0,empanadilla,496,0.976193
FKIT,S+X2_M1_r0,empanadilla,497,0.976518
FKIT,S+X2_M1_r0,empanadilla,498,0.974560
FKIT,S+X2_M1_r0,empanadilla,499,0.966738
FKIT,S+X2_M1_r0,empanadilla,500,0.970952
FKIT,S+X2_M1_r0,empanadilla,501,0.971305
FKIT,S+X2_M1_r0,empanadilla,502,0.974154
FKIT,S+X2_M1_r0,empanadilla,503,0.974968
FKIT,S+X2_M1_r0,empanadilla,504,0.969031
FKIT,S+X2_M1_r0,empanadilla,505,0.968789
FKIT,S+X2_M1_r0,empanadilla,506,0.966217
FKIT,S+X2_M1_r0,empanadilla,507,0.968304
FKIT,S+X2_M1_r0,empanadilla,508,0.969518
FKIT,S+X2_M1_r0,empanadilla,509,0.960233
FKIT,S+X2_M1_r0,empanadilla,510,0.955734
FKIT,S+X2_M1_r0,empanadilla,511,0.957853
FKIT,S+X2_M1_r0,empanadilla,512,0.952661
FKIT,S+X2_M1_r0,empanadilla,513,0.958265
FKIT,S+X2_M1_r0,empanadilla,514,0.960079
FKIT,S+X2_M1_r0,empanadilla,515,0.955124
FKIT,S+X2_M1_r0,empanadilla,516,0.957217
FKIT,S+X2_M1_r0,empanadilla,517,0.959699
FKIT,S+X2_M1_r0,empanadilla,518,0.959408
FKIT,S+X2_M1_r0,empanadilla,519,0.953309
FKIT,S+X2_M1_r0,empanadilla,520,0.951431
FKIT,S+X2_M1_r0,empanadilla,521,0.947910
FKIT,S+X2_M1_r0,empanadilla,522,0.953405
FKIT,S+X2_M1_r0,empanadilla,523,0.955391
FKIT,S+X2_M1_r0,empanadilla,524,0.960074
FKIT,S+X2_M1_r0,empanadilla,525,0.955828
FKIT,S+X2_M1_r0,empanadilla,526,0.951168
FKIT,S+X2_M1_r0,empanadilla,527,0.956352
FKIT,S+X2_M1_r0,empanadilla,528,0.954508
FKIT,S+X2_M1_r0,empanadilla,529,0.958845
FKIT,S+X2_M1_r0,empanadilla,530,0.957996
FKIT,S+X2_M1_r0,empanadilla,531,0.953436
FKIT,S+X2_M1_r0,empanadilla,532,0.959428
FKIT,S+X2_M1_r0,empanadilla,533,0.960369
FKIT,S+X2_M1_r0,empanadilla,534,0.955276
FKIT,S+X2_M1_r0,empanadilla,535,0.959661
FKIT,S+X2_M1_r0,empanadilla,536,0.959970
FKIT,S+X2_M1_r0,empanadilla,537,0.962105
FKIT,S+X2_M1_r0,empanadilla,538,0.961103
FKIT,S+X2_M1_r0,empanadilla,539,0.958788
FKIT,S+X2_M1_r0,empanadilla,540,0.956122
FKIT,S+X2_M1_r0,empanadilla,541,0.959439
FKIT,S+X2_M1_r0,empanadilla,542,0.960388
FKIT,S+X2_M1_r0,empanadilla,543,0.960786
FKIT,S+X2_M1_r0,empanadilla,544,0.956903
FKIT,S+X2_M1_r0,empanadilla,545,0.959645
FKIT,S+X2_M1_r0,empanadilla,546,0.967935
FKIT,S+X2_M1_r0,empanadilla,547,0.963715
FKIT,S+X2_M1_r0,empanadilla,548,0.960619
FKIT,S+X2_M1_r0,empanadilla,549,0.956907
FKIT,S+X2_M1_r0,empanadilla,550,0.952743
FKIT,S+X2_M1_r0,empanadilla,551,0.948637
FKIT,S+X2_M1_r0,empanadilla,552,0.948052
FKIT,S+X2_M1_r0,empanadilla,553,0.955051
FKIT,S+X2_M1_r0,empanadilla,554,0.950912
FKIT,S+X2_M1_r0,empanadilla,555,0.953509
FKIT,S+X2_M1_r0,empanadilla,556,0.952160
FKIT,S+X2_M1_r0,empanadilla,557,0.951182
FKIT,S+X2_M1_r0,empanadilla,558,0.955646
FKIT,S+X2_M1_r0,empanadilla,559,0.944919
FKIT,S+X2_M1_r0,empanadilla,560,0.944825
FKIT,S+X2_M1_r0,empanadilla,561,0.946707
FKIT,S+X2_M1_r0,empanadilla,562,0.951796
FKIT,S+X2_M1_r0,empanadilla,563,0.953047
FKIT,S+X2_M1_r0,empanadilla,564,0.951174
FKIT,S+X2_M1_r0,empanadilla,565,0.955277
FKIT,S+X2_M1_r0,empanadilla,566,0.950783
FKIT,S+X2_M1_r0,empanadilla,567,0.950575
FKIT,S+X2_M1_r0,empanadilla,568,0.954541
FKIT,S+X2_M1_r0,empanadilla,569,0.943218
FKIT,S+X2_M1_r0,empanadilla,570,0.946904
FKIT,S+X2_M1_r0,empanadilla,571,0.946980
FKIT,S+X2_M1_r0,empanadilla,572,0.947267
FKIT,S+X2_M1_r0,empanadilla,573,0.948726
FKIT,S+X2_M1_r0,empanadilla,574,0.946574
FKIT,S+X2_M1_r0,empanadilla,575,0.948570
FKIT,S+X2_M1_r0,empanadilla,576,0.948013
FKIT,S+X2_M1_r0,empanadilla,577,0.949278
FKIT,S+X2_M1_r0,empanadilla,578,0.941894
FKIT,S+X2_M1_r0,empanadilla,579,0.940789
FKIT,S+X2_M1_r0,empanadilla,580,0.934481
FKIT,S+X2_M1_r0,empanadilla,581,0.936000
FKIT,S+X2_M1_r0,empanadilla,582,0.937034
FKIT,S+X2_M1_r0,empanadilla,583,0.936572
FKIT,S+X2_M1_r0,empanadilla,584,0.934051
FKIT,S+X2_M1_r0,empanadilla,585,0.937695
FKIT,S+X2_M1_r0,empanadilla,586,0.938640
FKIT,S+X2_M1_r0,empanadilla,587,0.936211
FKIT,S+X2_M1_r0,empanadilla,588,0.936836
FKIT,S+X2_M1_r0,empanadilla,589,0.933519
FKIT,S+X2_M1_r0,empanadilla,590,0.929177
FKIT,S+X2_M1_r0,empanadilla,591,0.931145
FKIT,S+X2_M1_r0,empanadilla,592,0.935162
FKIT,S+X2_M1_r0,empanadilla,593,0.930803
FKIT,S+X2_M1_r0,empanadilla,594,0.933050
FKIT,S+X2_M1_r0,empanadilla,595,0.931391
FKIT,S+X2_M1_r0,empanadilla,596,0.927939
FKIT,S+X2_M1_r0,empanadilla,597,0.933193
FKIT,S+X2_M1_r0,empanadilla,598,0.931097
FKIT,S+X2_M1_r0,empanadilla,599,0.931951
FKIT,S+X2_M1_r0,empanadilla,600,0.936167
FKIT,S+X2_M1_r0,empanadilla,601,0.935297
FKIT,S+X2_M1_r0,empanadilla,602,0.932682
FKIT,S+X2_M1_r0,empanadilla,603,0.934895
FKIT,S+X2_M1_r0,empanadilla,604,0.934549
FKIT,S+X2_M1_r0,empanadilla,605,0.934364
FKIT,S+X2_M1_r0,empanadilla,606,0.942318
FKIT,S+X2_M1_r0,empanadilla,607,0.944342
FKIT,S+X2_M1_r0,empanadilla,608,0.937580
FKIT,S+X2_M1_r0,empanadilla,609,0.935707
FKIT,S+X2_M1_r0,empanadilla,610,0.941155
FKIT,S+X2_M1_r0,empanadilla,611,0.943653
FKIT,S+X2_M1_r0,empanadilla,612,0.943108
FKIT,S+X2_M1_r0,empanadilla,613,0.949038
FKIT,S+X2_M1_r0,empanadilla,614,0.956874
FKIT,S+X2_M1_r0,empanadilla,615,0.950322
FKIT,S+X2_M1_r0,empanadilla,616,0.952708
FKIT,S+X2_M1_r0,empanadilla,617,0.957844
FKIT,S+X2_M1_r0,empanadilla,618,0.962765
FKIT,S+X2_M1_r0,empanadilla,619,0.963386
FKIT,S+X2_M1_r0,empanadilla,620,0.963666
FKIT,S+X2_M1_r0,empanadilla,621,0.966564
FKIT,S+X2_M1_r0,empanadilla,622,0.967677
FKIT,S+X2_M1_r0,empanadilla,623,0.970967
FKIT,S+X2_M1_r0,empanadilla,624,0.970141
FKIT,S+X2_M1_r0,empanadilla,625,0.969941
FKIT,S+X2_M1_r0,empanadilla,626,0.961803
FKIT,S+X2_M1_r0,empanadilla,627,0.952097
FKIT,S+X2_M1_r0,empanadilla,628,0.959992
FKIT,S+X2_M1_r0,empanadilla,629,0.957386
FKIT,S+X2_M1_r0,empanadilla,630,0.957593
FKIT,S+X2_M1_r0,empanadilla,631,0.945931
FKIT,S+X2_M1_r0,empanadilla,632,0.935428
FKIT,S+X2_M1_r0,empanadilla,633,0.919560
FKIT,S+X2_M1_r0,empanadilla,634,0.921238
FKIT,S+X2_M1_r0,empanadilla,635,0.927443
FKIT,S+X2_M1_r0,empanadilla,636,0.843432
FKIT,S+X2_M1_r0,empanadilla,637,0.910652
FKIT,S+X2_M1_r0,empanadilla,638,0.869911
FKIT,S+X2_M1_r0,empanadilla,639,0.916293
FKIT,S+X2_M1_r0,empanadilla,640,0.874375
FKIT,S+X2_M1_r0,empanadilla,641,0.932447
FKIT,S+X2_M1_r0,empanadilla,642,0.912681
FKIT,S+X2_M1_r0,empanadilla,643,0.902104
FKIT,S+X2_M1_r0,empanadilla,644,0.919311
FKIT,S+X2_M1_r0,empanadilla,645,0.916758
FKIT,S+X2_M1_r0,empanadilla,646,0.908723
FKIT,S+X2_M1_r0,empanadilla,647,0.915484
FKIT,S+X2_M1_r0,empanadilla,648,0.887521
FKIT,S+X2_M1_r0,empanadilla,649,0.918576
FKIT,S+X2_M1_r0,empanadilla,650,0.919293
FKIT,S+X2_M1_r0,empanadilla,651,0.926640
FKIT,S+X2_M1_r0,empanadilla,652,0.925782
FKIT,S+X2_M1_r0,empanadilla,653,0.927174
FKIT,S+X2_M1_r0,empanadilla,654,0.927521
FKIT,S+X2_M1_r0,empanadilla,655,0.932032
FKIT,S+X2_M1_r0,empanadilla,656,0.941595
FKIT,S+X2_M1_r0,empanadilla,657,0.940185
FKIT,S+X2_M1_r0,empanadilla,658,0.942270
FKIT,S+X2_M1_r0,empanadilla,659,0.952092
FKIT,S+X2_M1_r0,empanadilla,660,0.945944
FKIT,S+X2_M1_r0,empanadilla,661,0.960492
FKIT,S+X2_M1_r0,empanadilla,662,0.956151
FKIT,S+X2_M1_r0,empanadilla,663,0.957393
FKIT,S+X2_M1_r0,empanadilla,664,0.963170
FKIT,S+X2_M1_r0,empanadilla,665,0.960754
FKIT,S+X2_M1_r0,empanadilla,666,0.967050
FKIT,S+X2_M1_r0,empanadilla,667,0.957523
FKIT,S+X2_M1_r0,empanadilla,668,0.962127
FKIT,S+X2_M1_r0,empanadilla,669,0.968827
FKIT,S+X2_M1_r0,empanadilla,670,0.963289
FKIT,S+X2_M1_r0,empanadilla,671,0.968098
FKIT,S+X2_M1_r0,empanadilla,672,0.970700
FKIT,S+X2_M1_r0,empanadilla,673,0.969306
FKIT,S+X2_M1_r0,empanadilla,674,0.972138
FKIT,S+X2_M1_r0,empanadilla,675,0.969431
FKIT,S+X2_M1_r0,empanadilla,676,0.968961
FKIT,S+X2_M1_r0,empanadilla,677,0.972392
FKIT,S+X2_M1_r0,empanadilla,678,0.972430
FKIT,S+X2_M1_r0,empanadilla,679,0.969262
FKIT,S+X2_M1_r0,empanadilla,680,0.968056
FKIT,S+X2_M1_r0,empanadilla,681,0.969338
FKIT,S+X2_M1_r0,empanadilla,682,0.970710
FKIT,S+X2_M1_r0,empanadilla,683,0.969457
FKIT,S+X2_M1_r0,empanadilla,684,0.973932
FKIT,S+X2_M1_r0,empanadilla,685,0.971976
FKIT,S+X2_M1_r0,empanadilla,686,0.972919
FKIT,S+X2_M1_r0,empanadilla,687,0.972849
FKIT,S+X2_M1_r0,empanadilla,688,0.973169
FKIT,S+X2_M1_r0,empanadilla,689,0.962246
FKIT,S+X2_M1_r0,empanadilla,690,0.968166
FKIT,S+X2_M1_r0,empanadilla,691,0.960612
FKIT,S+X2_M1_r0,empanadilla,692,0.966295
FKIT,S+X2_M1_r0,empanadilla,693,0.965821
FKIT,S+X2_M1_r0,empanadilla,694,0.970488
FKIT,S+X2_M1_r0,empanadilla,695,0.968322
FKIT,S+X2_M1_r0,empanadilla,696,0.971519
FKIT,S+X2_M1_r0,empanadilla,697,0.971420
FKIT,S+X2_M1_r0,empanadilla,698,0.971645
FKIT,S+X2_M1_r0,empanadilla,699,0.968794
FKIT,S+X2_M1_r0,empanadilla,700,0.971677
FKIT,S+X2_M1_r0,empanadilla,701,0.969823
FKIT,S+X2_M1_r0,empanadilla,702,0.973708
FKIT,S+X2_M1_r0,empanadilla,703,0.968742
FKIT,S+X2_M1_r0,empanadilla,704,0.973081
FKIT,S+X2_M1_r0,empanadilla,705,0.974483
FKIT,S+X2_M1_r0,empanadilla,706,0.975817
FKIT,S+X2_M1_r0,empanadilla,707,0.974552
FKIT,S+X2_M1_r0,empanadilla,708,0.973610
FKIT,S+X2_M1_r0,empanadilla,709,0.974112
FKIT,S+X2_M1_r0,empanadilla,710,0.978625
FKIT,S+X2_M1_r0,empanadilla,711,0.976036
FKIT,S+X2_M1_r0,empanadilla,712,0.975452
FKIT,S+X2_M1_r0,empanadilla,713,0.976624
FKIT,S+X2_M1_r0,empanadilla,714,0.976137
FKIT,S+X2_M1_r0,empanadilla,715,0.974017
FKIT,S+X2_M1_r0,empanadilla,716,0.973481
FKIT,S+X2_M1_r0,empanadilla,717,0.971513
FKIT,S+X2_M1_r0,empanadilla,718,0.972689
FKIT,S+X2_M1_r0,empanadilla,719,0.975952
FKIT,S+X2_M1_r0,empanadilla,720,0.979023
FKIT,S+X2_M1_r0,empanadilla,721,0.977250
FKIT,S+X2_M1_r0,empanadilla,722,0.974211
FKIT,S+X2_M1_r0,empanadilla,723,0.979242
FKIT,S+X2_M1_r0,empanadilla,724,0.982175
FKIT,S+X2_M1_r0,empanadilla,725,0.980325
FKIT,S+X2_M1_r0,empanadilla,726,0.981090
FKIT,S+X2_M1_r0,empanadilla,727,0.979436
FKIT,S+X2_M1_r0,empanadilla,728,0.980051
FKIT,S+X2_M1_r0,empanadilla,729,0.976586
FKIT,S+X2_M1_r0,empanadilla,730,0.976827
FKIT,S+X2_M1_r0,empanadilla,731,0.976968
FKIT,S+X2_M1_r0,empanadilla,732,0.977059
FKIT,S+X2_M1_r0,empanadilla,733,0.974793
FKIT,S+X2_M1_r0,empanadilla,734,0.979609
FKIT,S+X2_M1_r0,empanadilla,735,0.975449
FKIT,S+X2_M1_r0,empanadilla,736,0.977135
FKIT,S+X2_M1_r0,empanadilla,737,0.976957
FKIT,S+X2_M1_r0,empanadilla,738,0.977789
FKIT,S+X2_M1_r0,empanadilla,739,0.977469
FKIT,S+X2_M1_r0,empanadilla,740,0.978061
FKIT,S+X2_M1_r0,empanadilla,741,0.975381
FKIT,S+X2_M1_r0,empanadilla,742,0.973895
FKIT,S+X2_M1_r0,empanadilla,743,0.975267
FKIT,S+X2_M1_r0,empanadilla,744,0.978996
FKIT,S+X2_M1_r0,empanadilla,745,0.975111
FKIT,S+X2_M1_r0,empanadilla,746,0.977620
FKIT,S+X2_M1_r0,empanadilla,747,0.975894
FKIT,S+X2_M1_r0,empanadilla,748,0.977183
FKIT,S+X2_M1_r0,empanadilla,749,0.978137
FKIT,S+X2_M1_r0,empanadilla,750,0.978638
FKIT,S+X2_M1_r0,empanadilla,751,0.978656
FKIT,S+X2_M1_r0,empanadilla,752,0.979692
FKIT,S+X2_M1_r0,empanadilla,753,0.980815
FKIT,S+X2_M1_r0,empanadilla,754,0.979812
FKIT,S+X2_M1_r0,empanadilla,755,0.978178
FKIT,S+X2_M1_r0,empanadilla,756,0.977520
FKIT,S+X2_M1_r0,empanadilla,757,0.978175
FKIT,S+X2_M1_r0,empanadilla,758,0.976920
FKIT,S+X2_M1_r0,empanadilla,759,0.979767
FKIT,S+X2_M1_r0,empanadilla,760,0.975115
FKIT,S+X2_M1_r0,empanadilla,761,0.975689
FKIT,S+X2_M1_r0,empanadilla,762,0.977004
FKIT,S+X2_M1_r0,empanadilla,763,0.974123
FKIT,S+X2_M1_r0,empanadilla,764,0.980152
FKIT,S+X2_M1_r0,empanadilla,765,0.980929
FKIT,S+X2_M1_r0,empanadilla,766,0.978560
FKIT,S+X2_M1_r0,empanadilla,767,0.981681
FKIT,S+X2_M1_r0,empanadilla,768,0.974090
FKIT,S+X2_M1_r0,empanadilla,769,0.976202
FKIT,S+X2_M1_r0,empanadilla,770,0.977517
FKIT,S+X2_M1_r0,empanadilla,771,0.978014
FKIT,S+X2_M1_r0,empanadilla,772,0.977778
FKIT,S+X2_M1_r0,empanadilla,773,0.979596
FKIT,S+X2_M1_r0,empanadilla,774,0.982956
FKIT,S+X2_M1_r0,empanadilla,775,0.981227
FKIT,S+X2_M1_r0,empanadilla,776,0.982520
FKIT,S+X2_M1_r0,empanadilla,777,0.984153
FKIT,S+X2_M1_r0,empanadilla,778,0.983679
FKIT,S+X2_M1_r0,empanadilla,779,0.986225
FKIT,S+X2_M1_r0,empanadilla,780,0.981893
FKIT,S+X2_M1_r0,empanadilla,781,0.985828
FKIT,S+X2_M1_r0,empanadilla,782,0.981317
FKIT,S+X2_M1_r0,empanadilla,783,0.981624
FKIT,S+X2_M1_r0,empanadilla,784,0.982785
FKIT,S+X2_M1_r0,empanadilla,785,0.978033
FKIT,S+X2_M1_r0,empanadilla,786,0.972025
FKIT,S+X2_M1_r0,empanadilla,787,0.973758
FKIT,S+X2_M1_r0,empanadilla,788,0.964621
FKIT,S+X2_M1_r0,empanadilla,789,0.969046
FKIT,S+X2_M1_r0,empanadilla,790,0.972521
FKIT,S+X2_M1_r0,empanadilla,791,0.965905
FKIT,S+X2_M1_r0,empanadilla,792,0.960053
FKIT,S+X2_M1_r0,empanadilla,793,0.959643
FKIT,S+X2_M1_r0,empanadilla,794,0.960727
FKIT,S+X2_M1_r0,empanadilla,795,0.935466
FKIT,S+X2_M1_r0,empanadilla,796,0.944768
FKIT,S+X2_M1_r0,empanadilla,797,0.956058
FKIT,S+X2_M1_r0,empanadilla,798,0.960685
FKIT,S+X2_M1_r0,empanadilla,799,0.963563
FKIT,S+X2_M1_r0,empanadilla,800,0.965561
FKIT,S+X2_M1_r0,empanadilla,801,0.970945
FKIT,S+X2_M1_r0,empanadilla,802,0.968070
FKIT,S+X2_M1_r0,empanadilla,803,0.973212
FKIT,S+X2_M1_r0,empanadilla,804,0.974242
FKIT,S+X2_M1_r0,empanadilla,805,0.972125
FKIT,S+X2_M1_r0,empanadilla,806,0.972726
FKIT,S+X2_M1_r0,empanadilla,807,0.973821
FKIT,S+X2_M1_r0,empanadilla,808,0.977053
FKIT,S+X2_M1_r0,empanadilla,809,0.982112
FKIT,S+X2_M1_r0,empanadilla,810,0.981981
FKIT,S+X2_M1_r0,empanadilla,811,0.983081
FKIT,S+X2_M1_r0,empanadilla,812,0.981481
FKIT,S+X2_M1_r0,empanadilla,813,0.982852
FKIT,S+X2_M1_r0,empanadilla,814,0.984585
FKIT,S+X2_M1_r0,empanadilla,815,0.982820
FKIT,S+X2_M1_r0,empanadilla,816,0.984917
FKIT,S+X2_M1_r0,empanadilla,817,0.984730
FKIT,S+X2_M1_r0,empanadilla,818,0.984393
FKIT,S+X2_M1_r0,empanadilla,819,0.986682
FKIT,S+X2_M1_r0,empanadilla,820,0.986265
FKIT,S+X2_M1_r0,empanadilla,821,0.985372
FKIT,S+X2_M1_r0,empanadilla,822,0.986369
FKIT,S+X2_M1_r0,empanadilla,823,0.985143
FKIT,S+X2_M1_r0,empanadilla,824,0.987189
FKIT,S+X2_M1_r0,empanadilla,825,0.988386
FKIT,S+X2_M1_r0,empanadilla,826,0.989075
FKIT,S+X2_M1_r0,empanadilla,827,0.988394
FKIT,S+X2_M1_r0,empanadilla,828,0.989790
FKIT,S+X2_M1_r0,empanadilla,829,0.987938
FKIT,S+X2_M1_r0,empanadilla,830,0.987464
FKIT,S+X2_M1_r0,empanadilla,831,0.986789
FKIT,S+X2_M1_r0,empanadilla,832,0.986281
FKIT,S+X2_M1_r0,empanadilla,833,0.984679
FKIT,S+X2_M1_r0,empanadilla,834,0.988010
FKIT,S+X2_M1_r0,empanadilla,835,0.989099
FKIT,S+X2_M1_r0,empanadilla,836,0.989533
FKIT,S+X2_M1_r0,empanadilla,837,0.987730
FKIT,S+X2_M1_r0,empanadilla,838,0.988471
FKIT,S+X2_M1_r0,empanadilla,839,0.986625
FKIT,S+X2_M1_r0,empanadilla,840,0.987912
FKIT,S+X2_M1_r0,empanadilla,841,0.986131
FKIT,S+X2_M1_r0,empanadilla,842,0.986846
FKIT,S+X2_M1_r0,empanadilla,843,0.986861
FKIT,S+X2_M1_r0,empanadilla,844,0.986020
FKIT,S+X2_M1_r0,empanadilla,845,0.985848
FKIT,S+X2_M1_r0,empanadilla,846,0.985781
FKIT,S+X2_M1_r0,empanadilla,847,0.986306
FKIT,S+X2_M1_r0,empanadilla,848,0.986685
FKIT,S+X2_M1_r0,empanadilla,849,0.986463
FKIT,S+X2_M1_r0,empanadilla,850,0.986165
FKIT,S+X2_M1_r0,empanadilla,851,0.986967
FKIT,S+X2_M1_r0,empanadilla,852,0.986053
FKIT,S+X2_M1_r0,empanadilla,853,0.985396
FKIT,S+X2_M1_r0,empanadilla,854,0.986573
FKIT,S+X2_M1_r0,empanadilla,855,0.985507
FKIT,S+X2_M1_r0,empanadilla,856,0.985636
FKIT,S+X2_M1_r0,empanadilla,857,0.986044
FKIT,S+X2_M1_r0,empanadilla,858,0.986300
FKIT,S+X2_M1_r0,empanadilla,859,0.986720
FKIT,S+X2_M1_r0,empanadilla,860,0.987052
FKIT,S+X2_M1_r0,empanadilla,861,0.987665
FKIT,S+X2_M1_r0,empanadilla,862,0.987934
FKIT,S+X2_M1_r0,empanadilla,863,0.988160
FKIT,S+X2_M1_r0,empanadilla,864,0.987827
FKIT,S+X2_M1_r0,empanadilla,865,0.987163
FKIT,S+X2_M1_r0,empanadilla,866,0.986841
FKIT,S+X2_M1_r0,empanadilla,867,0.984408
FKIT,S+X2_M1_r0,empanadilla,868,0.986186
FKIT,S+X2_M1_r0,empanadilla,869,0.986224
FKIT,S+X2_M1_r0,empanadilla,870,0.985825
FKIT,S+X2_M1_r0,empanadilla,871,0.985377
FKIT,S+X2_M1_r0,empanadilla,872,0.985995
FKIT,S+X2_M1_r0,empanadilla,873,0.987265
FKIT,S+X2_M1_r0,empanadilla,874,0.986373
FKIT,S+X2_M1_r0,empanadilla,875,0.987132
FKIT,S+X2_M1_r0,empanadilla,876,0.987057
FKIT,S+X2_M1_r0,empanadilla,877,0.986041
FKIT,S+X2_M1_r0,empanadilla,878,0.988256
FKIT,S+X2_M1_r0,empanadilla,879,0.985676
FKIT,S+X2_M1_r0,empanadilla,880,0.986700
FKIT,S+X2_M1_r0,empanadilla,881,0.987921
FKIT,S+X2_M1_r0,empanadilla,882,0.988496
FKIT,S+X2_M1_r0,empanadilla,883,0.988430
FKIT,S+X2_M1_r0,empanadilla,884,0.987492
FKIT,S+X2_M1_r0,empanadilla,885,0.985681
FKIT,S+X2_M1_r0,empanadilla,886,0.987308
FKIT,S+X2_M1_r0,empanadilla,887,0.985598
FKIT,S+X2_M1_r0,empanadilla,888,0.985140
FKIT,S+X2_M1_r0,empanadilla,889,0.985062
FKIT,S+X2_M1_r0,empanadilla,890,0.986984
FKIT,S+X2_M1_r0,empanadilla,891,0.985299
FKIT,S+X2_M1_r0,empanadilla,892,0.985445
FKIT,S+X2_M1_r0,empanadilla,893,0.988285
FKIT,S+X2_M1_r0,empanadilla,894,0.988504
FKIT,S+X2_M1_r0,empanadilla,895,0.987136
FKIT,S+X2_M1_r0,empanadilla,896,0.984900
FKIT,S+X2_M1_r0,empanadilla,897,0.987930
FKIT,S+X2_M1_r0,empanadilla,898,0.987508
FKIT,S+X2_M1_r0,empanadilla,899,0.985343
FKIT,S+X2_M1_r0,empanadilla,900,0.986720
FKIT,S+X2_M1_r0,empanadilla,901,0.987287
FKIT,S+X2_M1_r0,empanadilla,902,0.986728
FKIT,S+X2_M1_r0,empanadilla,903,0.985363
FKIT,S+X2_M1_r0,empanadilla,904,0.988444
FKIT,S+X2_M1_r0,empanadilla,905,0.987922
FKIT,S+X2_M1_r0,empanadilla,906,0.989483
FKIT,S+X2_M1_r0,empanadilla,907,0.988603
FKIT,S+X2_M1_r0,empanadilla,908,0.988210
FKIT,S+X2_M1_r0,empanadilla,909,0.987367
FKIT,S+X2_M1_r0,empanadilla,910,0.987757
FKIT,S+X2_M1_r0,empanadilla,911,0.987353
FKIT,S+X2_M1_r0,empanadilla,912,0.988855
FKIT,S+X2_M1_r0,empanadilla,913,0.987913
FKIT,S+X2_M1_r0,empanadilla,914,0.990003
FKIT,S+X2_M1_r0,empanadilla,915,0.990714
FKIT,S+X2_M1_r0,empanadilla,916,0.990349
FKIT,S+X2_M1_r0,empanadilla,917,0.989494
FKIT,S+X2_M1_r0,empanadilla,918,0.989465
FKIT,S+X2_M1_r0,empanadilla,919,0.985769
FKIT,S+X2_M1_r0,empanadilla,920,0.985830
FKIT,S+X2_M1_r0,empanadilla,921,0.986587
FKIT,S+X2_M1_r0,empanadilla,922,0.986481
FKIT,S+X2_M1_r0,empanadilla,923,0.985901
FKIT,S+X2_M1_r0,empanadilla,924,0.983512
FKIT,S+X2_M1_r0,empanadilla,925,0.986479
FKIT,S+X2_M1_r0,falafel,0,0.960786
FKIT,S+X2_M1_r0,falafel,1,0.962073
FKIT,S+X2_M1_r0,falafel,2,0.960765
FKIT,S+X2_M1_r0,falafel,3,0.959396
FKIT,S+X2_M1_r0,falafel,4,0.965106
FKIT,S+X2_M1_r0,falafel,5,0.961070
FKIT,S+X2_M1_r0,falafel,6,0.963300
FKIT,S+X2_M1_r0,falafel,7,0.960439
FKIT,S+X2_M1_r0,falafel,8,0.962673
FKIT,S+X2_M1_r0,falafel,9,0.961229
FKIT,S+X2_M1_r0,falafel,10,0.956825
FKIT,S+X2_M1_r0,falafel,11,0.970455
FKIT,S+X2_M1_r0,falafel,12,0.975370
FKIT,S+X2_M1_r0,falafel,13,0.974873
FKIT,S+X2_M1_r0,falafel,14,0.973304
FKIT,S+X2_M1_r0,falafel,15,0.972249
FKIT,S+X2_M1_r0,falafel,16,0.973288
FKIT,S+X2_M1_r0,falafel,17,0.970797
FKIT,S+X2_M1_r0,falafel,18,0.970811
FKIT,S+X2_M1_r0,falafel,19,0.968292
FKIT,S+X2_M1_r0,falafel,20,0.965329
FKIT,S+X2_M1_r0,falafel,21,0.968322
FKIT,S+X2_M1_r0,falafel,22,0.968885
FKIT,S+X2_M1_r0,falafel,23,0.969813
FKIT,S+X2_M1_r0,falafel,24,0.972184
FKIT,S+X2_M1_r0,falafel,25,0.971923
FKIT,S+X2_M1_r0,falafel,26,0.973878
FKIT,S+X2_M1_r0,falafel,27,0.970003
FKIT,S+X2_M1_r0,falafel,28,0.972763
FKIT,S+X2_M1_r0,falafel,29,0.973103
FKIT,S+X2_M1_r0,falafel,30,0.971552
FKIT,S+X2_M1_r0,falafel,31,0.972939
FKIT,S+X2_M1_r0,falafel,32,0.973183
FKIT,S+X2_M1_r0,falafel,33,0.973583
FKIT,S+X2_M1_r0,falafel,34,0.975170
FKIT,S+X2_M1_r0,falafel,35,0.974981
FKIT,S+X2_M1_r0,falafel,36,0.973823
FKIT,S+X2_M1_r0,falafel,37,0.977587
FKIT,S+X2_M1_r0,falafel,38,0.974443
FKIT,S+X2_M1_r0,falafel,39,0.975250
FKIT,S+X2_M1_r0,falafel,40,0.976383
FKIT,S+X2_M1_r0,falafel,41,0.978313
FKIT,S+X2_M1_r0,falafel,42,0.972716
FKIT,S+X2_M1_r0,falafel,43,0.975217
FKIT,S+X2_M1_r0,falafel,44,0.976597
FKIT,S+X2_M1_r0,falafel,45,0.975785
FKIT,S+X2_M1_r0,falafel,46,0.977270
FKIT,S+X2_M1_r0,falafel,47,0.975467
FKIT,S+X2_M1_r0,falafel,48,0.979044
FKIT,S+X2_M1_r0,falafel,49,0.976322
FKIT,S+X2_M1_r0,falafel,50,0.973920
FKIT,S+X2_M1_r0,falafel,51,0.975166
FKIT,S+X2_M1_r0,falafel,52,0.974997
FKIT,S+X2_M1_r0,falafel,53,0.973270
FKIT,S+X2_M1_r0,falafel,54,0.974802
FKIT,S+X2_M1_r0,falafel,55,0.976036
FKIT,S+X2_M1_r0,falafel,56,0.975804
FKIT,S+X2_M1_r0,falafel,57,0.973933
FKIT,S+X2_M1_r0,falafel,58,0.975102
FKIT,S+X2_M1_r0,falafel,59,0.972654
FKIT,S+X2_M1_r0,falafel,60,0.973196
FKIT,S+X2_M1_r0,falafel,61,0.974343
FKIT,S+X2_M1_r0,falafel,62,0.975195
FKIT,S+X2_M1_r0,falafel,63,0.973307
FKIT,S+X2_M1_r0,falafel,64,0.976871
FKIT,S+X2_M1_r0,falafel,65,0.976179
FKIT,S+X2_M1_r0,falafel,66,0.973907
FKIT,S+X2_M1_r0,falafel,67,0.973114
FKIT,S+X2_M1_r0,falafel,68,0.974193
FKIT,S+X2_M1_r0,falafel,69,0.968715
FKIT,S+X2_M1_r0,falafel,70,0.970732
FKIT,S+X2_M1_r0,falafel,71,0.969750
FKIT,S+X2_M1_r0,falafel,72,0.969811
FKIT,S+X2_M1_r0,falafel,73,0.969294
FKIT,S+X2_M1_r0,falafel,74,0.970300
FKIT,S+X2_M1_r0,falafel,75,0.968327
FKIT,S+X2_M1_r0,falafel,76,0.964013
FKIT,S+X2_M1_r0,falafel,77,0.970600
FKIT,S+X2_M1_r0,falafel,78,0.970954
FKIT,S+X2_M1_r0,falafel,79,0.967812
FKIT,S+X2_M1_r0,falafel,80,0.965744
FKIT,S+X2_M1_r0,falafel,81,0.969714
FKIT,S+X2_M1_r0,falafel,82,0.971681
FKIT,S+X2_M1_r0,falafel,83,0.967030
FKIT,S+X2_M1_r0,falafel,84,0.965473
FKIT,S+X2_M1_r0,falafel,85,0.966980
FKIT,S+X2_M1_r0,falafel,86,0.964768
FKIT,S+X2_M1_r0,falafel,87,0.965000
FKIT,S+X2_M1_r0,falafel,88,0.965025
FKIT,S+X2_M1_r0,falafel,89,0.962865
FKIT,S+X2_M1_r0,falafel,90,0.971252
FKIT,S+X2_M1_r0,falafel,91,0.971641
FKIT,S+X2_M1_r0,falafel,92,0.967846
FKIT,S+X2_M1_r0,falafel,93,0.970507
FKIT,S+X2_M1_r0,falafel,94,0.971840
FKIT,S+X2_M1_r0,falafel,95,0.968544
FKIT,S+X2_M1_r0,falafel,96,0.971969
FKIT,S+X2_M1_r0,falafel,97,0.972905
FKIT,S+X2_M1_r0,falafel,98,0.973601
FKIT,S+X2_M1_r0,falafel,99,0.975932
FKIT,S+X2_M1_r0,falafel,100,0.968073
FKIT,S+X2_M1_r0,falafel,101,0.971414
FKIT,S+X2_M1_r0,falafel,102,0.974583
FKIT,S+X2_M1_r0,falafel,103,0.974283
FKIT,S+X2_M1_r0,falafel,104,0.970744
FKIT,S+X2_M1_r0,falafel,105,0.974564
FKIT,S+X2_M1_r0,falafel,106,0.971046
FKIT,S+X2_M1_r0,falafel,107,0.975816
FKIT,S+X2_M1_r0,falafel,108,0.970678
FKIT,S+X2_M1_r0,falafel,109,0.969470
FKIT,S+X2_M1_r0,falafel,110,0.972600
FKIT,S+X2_M1_r0,falafel,111,0.972907
FKIT,S+X2_M1_r0,falafel,112,0.971933
FKIT,S+X2_M1_r0,falafel,113,0.971553
FKIT,S+X2_M1_r0,falafel,114,0.974485
FKIT,S+X2_M1_r0,falafel,115,0.973638
FKIT,S+X2_M1_r0,falafel,116,0.975026
FKIT,S+X2_M1_r0,falafel,117,0.975291
FKIT,S+X2_M1_r0,falafel,118,0.972508
FKIT,S+X2_M1_r0,falafel,119,0.971776
FKIT,S+X2_M1_r0,falafel,120,0.970224
FKIT,S+X2_M1_r0,falafel,121,0.969828
FKIT,S+X2_M1_r0,falafel,122,0.975192
FKIT,S+X2_M1_r0,falafel,123,0.972770
FKIT,S+X2_M1_r0,falafel,124,0.974908
FKIT,S+X2_M1_r0,falafel,125,0.968444
FKIT,S+X2_M1_r0,falafel,126,0.969314
FKIT,S+X2_M1_r0,falafel,127,0.973596
FKIT,S+X2_M1_r0,falafel,128,0.970876
FKIT,S+X2_M1_r0,falafel,129,0.973044
FKIT,S+X2_M1_r0,falafel,130,0.965653
FKIT,S+X2_M1_r0,falafel,131,0.970640
FKIT,S+X2_M1_r0,falafel,132,0.975015
FKIT,S+X2_M1_r0,falafel,133,0.970680
FKIT,S+X2_M1_r0,falafel,134,0.973868
FKIT,S+X2_M1_r0,falafel,135,0.971635
FKIT,S+X2_M1_r0,falafel,136,0.970134
FKIT,S+X2_M1_r0,falafel,137,0.967951
FKIT,S+X2_M1_r0,falafel,138,0.973608
FKIT,S+X2_M1_r0,falafel,139,0.973523
FKIT,S+X2_M1_r0,falafel,140,0.971240
FKIT,S+X2_M1_r0,falafel,141,0.971064
FKIT,S+X2_M1_r0,falafel,142,0.966824
FKIT,S+X2_M1_r0,falafel,143,0.971687
FKIT,S+X2_M1_r0,falafel,144,0.968955
FKIT,S+X2_M1_r0,falafel,145,0.968310
FKIT,S+X2_M1_r0,falafel,146,0.972016
FKIT,S+X2_M1_r0,falafel,147,0.971079
FKIT,S+X2_M1_r0,falafel,148,0.972073
FKIT,S+X2_M1_r0,falafel,149,0.968612
FKIT,S+X2_M1_r0,falafel,150,0.968819
FKIT,S+X2_M1_r0,falafel,151,0.968095
FKIT,S+X2_M1_r0,falafel,152,0.968048
FKIT,S+X2_M1_r0,falafel,153,0.970185
FKIT,S+X2_M1_r0,falafel,154,0.968321
FKIT,S+X2_M1_r0,falafel,155,0.964566
FKIT,S+X2_M1_r0,falafel,156,0.964417
FKIT,S+X2_M1_r0,falafel,157,0.966018
FKIT,S+X2_M1_r0,falafel,158,0.966239
FKIT,S+X2_M1_r0,falafel,159,0.964903
FKIT,S+X2_M1_r0,falafel,160,0.962703
FKIT,S+X2_M1_r0,falafel,161,0.963046
FKIT,S+X2_M1_r0,falafel,162,0.966034
FKIT,S+X2_M1_r0,falafel,163,0.961257
FKIT,S+X2_M1_r0,falafel,164,0.964771
FKIT,S+X2_M1_r0,falafel,165,0.967042
FKIT,S+X2_M1_r0,falafel,166,0.965379
FKIT,S+X2_M1_r0,falafel,167,0.963625
FKIT,S+X2_M1_r0,falafel,168,0.969469
FKIT,S+X2_M1_r0,falafel,169,0.962926
FKIT,S+X2_M1_r0,falafel,170,0.963142
FKIT,S+X2_M1_r0,falafel,171,0.965641
FKIT,S+X2_M1_r0,falafel,172,0.968127
FKIT,S+X2_M1_r0,falafel,173,0.968005
FKIT,S+X2_M1_r0,falafel,174,0.967959
FKIT,S+X2_M1_r0,falafel,175,0.966069
FKIT,S+X2_M1_r0,falafel,176,0.961927
FKIT,S+X2_M1_r0,falafel,177,0.967024
FKIT,S+X2_M1_r0,falafel,178,0.966497
FKIT,S+X2_M1_r0,falafel,179,0.965720
FKIT,S+X2_M1_r0,falafel,180,0.968793
FKIT,S+X2_M1_r0,falafel,181,0.965842
FKIT,S+X2_M1_r0,falafel,182,0.966372
FKIT,S+X2_M1_r0,falafel,183,0.962115
FKIT,S+X2_M1_r0,falafel,184,0.965153
FKIT,S+X2_M1_r0,falafel,185,0.964954
FKIT,S+X2_M1_r0,falafel,186,0.963532
FKIT,S+X2_M1_r0,falafel,187,0.963344
FKIT,S+X2_M1_r0,falafel,188,0.964080
FKIT,S+X2_M1_r0,falafel,189,0.962434
FKIT,S+X2_M1_r0,falafel,190,0.962840
FKIT,S+X2_M1_r0,falafel,191,0.959747
FKIT,S+X2_M1_r0,falafel,192,0.959739
FKIT,S+X2_M1_r0,falafel,193,0.961371
FKIT,S+X2_M1_r0,falafel,194,0.964987
FKIT,S+X2_M1_r0,falafel,195,0.963603
FKIT,S+X2_M1_r0,falafel,196,0.960258
FKIT,S+X2_M1_r0,falafel,197,0.966612
FKIT,S+X2_M1_r0,falafel,198,0.964521
FKIT,S+X2_M1_r0,falafel,199,0.966619
FKIT,S+X2_M1_r0,falafel,200,0.965797
FKIT,S+X2_M1_r0,falafel,201,0.961441
FKIT,S+X2_M1_r0,falafel,202,0.957829
FKIT,S+X2_M1_r0,falafel,203,0.962580
FKIT,S+X2_M1_r0,falafel,204,0.958915
FKIT,S+X2_M1_r0,falafel,205,0.962407
FKIT,S+X2_M1_r0,falafel,206,0.961209
FKIT,S+X2_M1_r0,falafel,207,0.960230
FKIT,S+X2_M1_r0,falafel,208,0.957340
FKIT,S+X2_M1_r0,falafel,209,0.959993
FKIT,S+X2_M1_r0,falafel,210,0.951364
FKIT,S+X2_M1_r0,falafel,211,0.954040
FKIT,S+X2_M1_r0,falafel,212,0.954619
FKIT,S+X2_M1_r0,falafel,213,0.954392
FKIT,S+X2_M1_r0,falafel,214,0.957733
FKIT,S+X2_M1_r0,falafel,215,0.954350
FKIT,S+X2_M1_r0,falafel,216,0.959802
FKIT,S+X2_M1_r0,falafel,217,0.958499
FKIT,S+X2_M1_r0,falafel,218,0.956460
FKIT,S+X2_M1_r0,falafel,219,0.958281
FKIT,S+X2_M1_r0,falafel,220,0.955469
FKIT,S+X2_M1_r0,falafel,221,0.952764
FKIT,S+X2_M1_r0,falafel,222,0.949116
FKIT,S+X2_M1_r0,falafel,223,0.955593
FKIT,S+X2_M1_r0,falafel,224,0.956743
FKIT,S+X2_M1_r0,falafel,225,0.954517
FKIT,S+X2_M1_r0,falafel,226,0.949451
FKIT,S+X2_M1_r0,falafel,227,0.946133
FKIT,S+X2_M1_r0,falafel,228,0.955276
FKIT,S+X2_M1_r0,falafel,229,0.951060
FKIT,S+X2_M1_r0,falafel,230,0.952019
FKIT,S+X2_M1_r0,falafel,231,0.946342
FKIT,S+X2_M1_r0,falafel,232,0.948829
FKIT,S+X2_M1_r0,falafel,233,0.951261
FKIT,S+X2_M1_r0,falafel,234,0.953639
FKIT,S+X2_M1_r0,falafel,235,0.952851
FKIT,S+X2_M1_r0,falafel,236,0.954014
FKIT,S+X2_M1_r0,falafel,237,0.950080
FKIT,S+X2_M1_r0,falafel,238,0.947700
FKIT,S+X2_M1_r0,falafel,239,0.942760
FKIT,S+X2_M1_r0,falafel,240,0.946623
FKIT,S+X2_M1_r0,falafel,241,0.943118
FKIT,S+X2_M1_r0,falafel,242,0.950246
FKIT,S+X2_M1_r0,falafel,243,0.947053
FKIT,S+X2_M1_r0,falafel,244,0.953686
FKIT,S+X2_M1_r0,falafel,245,0.951620
FKIT,S+X2_M1_r0,falafel,246,0.955165
FKIT,S+X2_M1_r0,falafel,247,0.952366
FKIT,S+X2_M1_r0,falafel,248,0.951549
FKIT,S+X2_M1_r0,falafel,249,0.956974
FKIT,S+X2_M1_r0,falafel,250,0.950693
FKIT,S+X2_M1_r0,falafel,251,0.953814
FKIT,S+X2_M1_r0,falafel,252,0.952186
FKIT,S+X2_M1_r0,falafel,253,0.953311
FKIT,S+X2_M1_r0,falafel,254,0.949537
FKIT,S+X2_M1_r0,falafel,255,0.950206
FKIT,S+X2_M1_r0,falafel,256,0.953283
FKIT,S+X2_M1_r0,falafel,257,0.953665
FKIT,S+X2_M1_r0,falafel,258,0.954174
FKIT,S+X2_M1_r0,falafel,259,0.955065
FKIT,S+X2_M1_r0,falafel,260,0.957201
FKIT,S+X2_M1_r0,falafel,261,0.955905
FKIT,S+X2_M1_r0,falafel,262,0.957096
FKIT,S+X2_M1_r0,falafel,263,0.958830
FKIT,S+X2_M1_r0,falafel,264,0.955692
FKIT,S+X2_M1_r0,falafel,265,0.951183
FKIT,S+X2_M1_r0,falafel,266,0.954408
FKIT,S+X2_M1_r0,falafel,267,0.956787
FKIT,S+X2_M1_r0,falafel,268,0.957549
FKIT,S+X2_M1_r0,falafel,269,0.957112
FKIT,S+X2_M1_r0,falafel,270,0.954803
FKIT,S+X2_M1_r0,falafel,271,0.955207
FKIT,S+X2_M1_r0,falafel,272,0.958987
FKIT,S+X2_M1_r0,falafel,273,0.953099
FKIT,S+X2_M1_r0,falafel,274,0.952830
FKIT,S+X2_M1_r0,falafel,275,0.952561
FKIT,S+X2_M1_r0,falafel,276,0.959395
FKIT,S+X2_M1_r0,falafel,277,0.951281
FKIT,S+X2_M1_r0,falafel,278,0.956761
FKIT,S+X2_M1_r0,falafel,279,0.955006
FKIT,S+X2_M1_r0,falafel,280,0.956595
FKIT,S+X2_M1_r0,falafel,281,0.954899
FKIT,S+X2_M1_r0,falafel,282,0.955696
FKIT,S+X2_M1_r0,falafel,283,0.956900
FKIT,S+X2_M1_r0,falafel,284,0.959180
FKIT,S+X2_M1_r0,falafel,285,0.958130
FKIT,S+X2_M1_r0,falafel,286,0.956496
FKIT,S+X2_M1_r0,falafel,287,0.958309
FKIT,S+X2_M1_r0,falafel,288,0.960363
FKIT,S+X2_M1_r0,falafel,289,0.957760
FKIT,S+X2_M1_r0,falafel,290,0.958058
FKIT,S+X2_M1_r0,falafel,291,0.955037
FKIT,S+X2_M1_r0,falafel,292,0.952510
FKIT,S+X2_M1_r0,falafel,293,0.958659
FKIT,S+X2_M1_r0,falafel,294,0.958427
FKIT,S+X2_M1_r0,falafel,295,0.960601
FKIT,S+X2_M1_r0,falafel,296,0.958632
FKIT,S+X2_M1_r0,falafel,297,0.960651
FKIT,S+X2_M1_r0,falafel,298,0.959135
FKIT,S+X2_M1_r0,falafel,299,0.961974
FKIT,S+X2_M1_r0,falafel,300,0.959735
FKIT,S+X2_M1_r0,falafel,301,0.960648
FKIT,S+X2_M1_r0,falafel,302,0.962742
FKIT,S+X2_M1_r0,falafel,303,0.960733
FKIT,S+X2_M1_r0,falafel,304,0.965017
FKIT,S+X2_M1_r0,falafel,305,0.960595
FKIT,S+X2_M1_r0,falafel,306,0.960971
FKIT,S+X2_M1_r0,falafel,307,0.956847
FKIT,S+X2_M1_r0,falafel,308,0.964093
FKIT,S+X2_M1_r0,falafel,309,0.963089
FKIT,S+X2_M1_r0,falafel,310,0.962741
FKIT,S+X2_M1_r0,falafel,311,0.962653
FKIT,S+X2_M1_r0,falafel,312,0.963645
FKIT,S+X2_M1_r0,falafel,313,0.964608
FKIT,S+X2_M1_r0,falafel,314,0.964757
FKIT,S+X2_M1_r0,falafel,315,0.962880
FKIT,S+X2_M1_r0,falafel,316,0.966381
FKIT,S+X2_M1_r0,falafel,317,0.963147
FKIT,S+X2_M1_r0,falafel,318,0.962487
FKIT,S+X2_M1_r0,falafel,319,0.962870
FKIT,S+X2_M1_r0,falafel,320,0.968376
FKIT,S+X2_M1_r0,falafel,321,0.963523
FKIT,S+X2_M1_r0,falafel,322,0.965982
FKIT,S+X2_M1_r0,falafel,323,0.966643
FKIT,S+X2_M1_r0,falafel,324,0.968556
FKIT,S+X2_M1_r0,falafel,325,0.967194
FKIT,S+X2_M1_r0,falafel,326,0.968289
FKIT,S+X2_M1_r0,falafel,327,0.970510
FKIT,S+X2_M1_r0,falafel,328,0.971111
FKIT,S+X2_M1_r0,falafel,329,0.966537
FKIT,S+X2_M1_r0,falafel,330,0.967042
FKIT,S+X2_M1_r0,falafel,331,0.972098
FKIT,S+X2_M1_r0,falafel,332,0.972887
FKIT,S+X2_M1_r0,falafel,333,0.974494
FKIT,S+X2_M1_r0,falafel,334,0.976015
FKIT,S+X2_M1_r0,falafel,335,0.975126
FKIT,S+X2_M1_r0,falafel,336,0.978274
FKIT,S+X2_M1_r0,falafel,337,0.974588
FKIT,S+X2_M1_r0,falafel,338,0.974262
FKIT,S+X2_M1_r0,falafel,339,0.976295
FKIT,S+X2_M1_r0,falafel,340,0.972757
FKIT,S+X2_M1_r0,falafel,341,0.972459
FKIT,S+X2_M1_r0,falafel,342,0.974595
FKIT,S+X2_M1_r0,falafel,343,0.973591
FKIT,S+X2_M1_r0,falafel,344,0.976924
FKIT,S+X2_M1_r0,falafel,345,0.973273
FKIT,S+X2_M1_r0,falafel,346,0.974841
FKIT,S+X2_M1_r0,falafel,347,0.974513
FKIT,S+X2_M1_r0,falafel,348,0.974315
FKIT,S+X2_M1_r0,falafel,349,0.972922
FKIT,S+X2_M1_r0,falafel,350,0.971404
FKIT,S+X2_M1_r0,falafel,351,0.971414
FKIT,S+X2_M1_r0,falafel,352,0.973707
FKIT,S+X2_M1_r0,falafel,353,0.974659
FKIT,S+X2_M1_r0,falafel,354,0.968623
FKIT,S+X2_M1_r0,falafel,355,0.971564
FKIT,S+X2_M1_r0,falafel,356,0.971027
FKIT,S+X2_M1_r0,falafel,357,0.969892
FKIT,S+X2_M1_r0,falafel,358,0.969085
FKIT,S+X2_M1_r0,falafel,359,0.972375
FKIT,S+X2_M1_r0,falafel,360,0.971263
FKIT,S+X2_M1_r0,falafel,361,0.966930
FKIT,S+X2_M1_r0,falafel,362,0.966266
FKIT,S+X2_M1_r0,falafel,363,0.964533
FKIT,S+X2_M1_r0,falafel,364,0.965517
FKIT,S+X2_M1_r0,falafel,365,0.965375
FKIT,S+X2_M1_r0,falafel,366,0.967083
FKIT,S+X2_M1_r0,falafel,367,0.967787
FKIT,S+X2_M1_r0,falafel,368,0.970200
FKIT,S+X2_M1_r0,falafel,369,0.965615
FKIT,S+X2_M1_r0,falafel,370,0.966808
FKIT,S+X2_M1_r0,falafel,371,0.967477
FKIT,S+X2_M1_r0,falafel,372,0.967574
FKIT,S+X2_M1_r0,falafel,373,0.967821
FKIT,S+X2_M1_r0,falafel,374,0.973819
FKIT,S+X2_M1_r0,falafel,375,0.958143
FKIT,S+X2_M1_r0,falafel,376,0.964756
FKIT,S+X2_M1_r0,falafel,377,0.966096
FKIT,S+X2_M1_r0,falafel,378,0.966241
FKIT,S+X2_M1_r0,falafel,379,0.970615
FKIT,S+X2_M1_r0,falafel,380,0.963580
FKIT,S+X2_M1_r0,falafel,381,0.961408
FKIT,S+X2_M1_r0,falafel,382,0.965675
FKIT,S+X2_M1_r0,falafel,383,0.964180
FKIT,S+X2_M1_r0,falafel,384,0.959389
FKIT,S+X2_M1_r0,falafel,385,0.962396
FKIT,S+X2_M1_r0,falafel,386,0.968028
FKIT,S+X2_M1_r0,falafel,387,0.968937
FKIT,S+X2_M1_r0,falafel,388,0.968595
FKIT,S+X2_M1_r0,falafel,389,0.969529
FKIT,S+X2_M1_r0,falafel,390,0.976964
FKIT,S+X2_M1_r0,falafel,391,0.971078
FKIT,S+X2_M1_r0,falafel,392,0.966470
FKIT,S+X2_M1_r0,falafel,393,0.973591
FKIT,S+X2_M1_r0,falafel,394,0.971552
FKIT,S+X2_M1_r0,falafel,395,0.973937
FKIT,S+X2_M1_r0,falafel,396,0.967709
FKIT,S+X2_M1_r0,falafel,397,0.967513
FKIT,S+X2_M1_r0,falafel,398,0.969338
FKIT,S+X2_M1_r0,falafel,399,0.964458
FKIT,S+X2_M1_r0,falafel,400,0.974438
FKIT,S+X2_M1_r0,falafel,401,0.965137
FKIT,S+X2_M1_r0,falafel,402,0.969083
FKIT,S+X2_M1_r0,falafel,403,0.970446
FKIT,S+X2_M1_r0,falafel,404,0.968303
FKIT,S+X2_M1_r0,falafel,405,0.968662
FKIT,S+X2_M1_r0,falafel,406,0.969705
FKIT,S+X2_M1_r0,falafel,407,0.969862
FKIT,S+X2_M1_r0,falafel,408,0.970019
FKIT,S+X2_M1_r0,falafel,409,0.968519
FKIT,S+X2_M1_r0,falafel,410,0.969476
FKIT,S+X2_M1_r0,falafel,411,0.965328
FKIT,S+X2_M1_r0,falafel,412,0.969661
FKIT,S+X2_M1_r0,falafel,413,0.956059
FKIT,S+X2_M1_r0,falafel,414,0.970646
FKIT,S+X2_M1_r0,falafel,415,0.972656
FKIT,S+X2_M1_r0,falafel,416,0.971151
FKIT,S+X2_M1_r0,falafel,417,0.965135
FKIT,S+X2_M1_r0,falafel,418,0.963352
FKIT,S+X2_M1_r0,falafel,419,0.970769
FKIT,S+X2_M1_r0,falafel,420,0.973112
FKIT,S+X2_M1_r0,falafel,421,0.970837
FKIT,S+X2_M1_r0,falafel,422,0.970944
FKIT,S+X2_M1_r0,falafel,423,0.972861
FKIT,S+X2_M1_r0,falafel,424,0.975047
FKIT,S+X2_M1_r0,falafel,425,0.975563
FKIT,S+X2_M1_r0,falafel,426,0.974920
FKIT,S+X2_M1_r0,falafel,427,0.973657
FKIT,S+X2_M1_r0,falafel,428,0.972687
FKIT,S+X2_M1_r0,falafel,429,0.973343
FKIT,S+X2_M1_r0,falafel,430,0.972851
FKIT,S+X2_M1_r0,falafel,431,0.970120
FKIT,S+X2_M1_r0,falafel,432,0.969171
FKIT,S+X2_M1_r0,falafel,433,0.974507
FKIT,S+X2_M1_r0,falafel,434,0.974756
FKIT,S+X2_M1_r0,falafel,435,0.971382
FKIT,S+X2_M1_r0,falafel,436,0.979468
FKIT,S+X2_M1_r0,falafel,437,0.974353
FKIT,S+X2_M1_r0,falafel,438,0.974666
FKIT,S+X2_M1_r0,falafel,439,0.973999
FKIT,S+X2_M1_r0,falafel,440,0.970772
FKIT,S+X2_M1_r0,falafel,441,0.969704
FKIT,S+X2_M1_r0,falafel,442,0.968705
FKIT,S+X2_M1_r0,falafel,443,0.967375
FKIT,S+X2_M1_r0,falafel,444,0.974535
FKIT,S+X2_M1_r0,falafel,445,0.968490
FKIT,S+X2_M1_r0,falafel,446,0.975451
FKIT,S+X2_M1_r0,falafel,447,0.975414
FKIT,S+X2_M1_r0,falafel,448,0.967519
FKIT,S+X2_M1_r0,falafel,449,0.971698
FKIT,S+X2_M1_r0,falafel,450,0.974359
FKIT,S+X2_M1_r0,falafel,451,0.966691
FKIT,S+X2_M1_r0,falafel,452,0.964582
FKIT,S+X2_M1_r0,falafel,453,0.966284
FKIT,S+X2_M1_r0,falafel,454,0.971629
FKIT,S+X2_M1_r0,falafel,455,0.973182
FKIT,S+X2_M1_r0,falafel,456,0.971958
FKIT,S+X2_M1_r0,falafel,457,0.967742
FKIT,S+X2_M1_r0,falafel,458,0.971339
FKIT,S+X2_M1_r0,falafel,459,0.968780
FKIT,S+X2_M1_r0,falafel,460,0.966126
FKIT,S+X2_M1_r0,falafel,461,0.964010
FKIT,S+X2_M1_r0,falafel,462,0.967703
FKIT,S+X2_M1_r0,falafel,463,0.959463
FKIT,S+X2_M1_r0,falafel,464,0.967019
FKIT,S+X2_M1_r0,falafel,465,0.960599
FKIT,S+X2_M1_r0,falafel,466,0.962098
FKIT,S+X2_M1_r0,falafel,467,0.958280
FKIT,S+X2_M1_r0,falafel,468,0.965623
FKIT,S+X2_M1_r0,falafel,469,0.965526
FKIT,S+X2_M1_r0,falafel,470,0.962414
FKIT,S+X2_M1_r0,falafel,471,0.958143
FKIT,S+X2_M1_r0,falafel,472,0.959798
FKIT,S+X2_M1_r0,falafel,473,0.956751
FKIT,S+X2_M1_r0,falafel,474,0.955772
FKIT,S+X2_M1_r0,falafel,475,0.960750
FKIT,S+X2_M1_r0,falafel,476,0.956188
FKIT,S+X2_M1_r0,falafel,477,0.957781
FKIT,S+X2_M1_r0,falafel,478,0.956511
FKIT,S+X2_M1_r0,falafel,479,0.960690
FKIT,S+X2_M1_r0,falafel,480,0.963272
FKIT,S+X2_M1_r0,falafel,481,0.957133
FKIT,S+X2_M1_r0,falafel,482,0.953400
FKIT,S+X2_M1_r0,falafel,483,0.957442
FKIT,S+X2_M1_r0,falafel,484,0.958917
FKIT,S+X2_M1_r0,falafel,485,0.959479
FKIT,S+X2_M1_r0,falafel,486,0.963234
FKIT,S+X2_M1_r0,falafel,487,0.961062
FKIT,S+X2_M1_r0,falafel,488,0.960441
FKIT,S+X2_M1_r0,falafel,489,0.957052
FKIT,S+X2_M1_r0,falafel,490,0.959023
FKIT,S+X2_M1_r0,falafel,491,0.959673
FKIT,S+X2_M1_r0,falafel,492,0.958586
FKIT,S+X2_M1_r0,falafel,493,0.961898
FKIT,S+X2_M1_r0,falafel,494,0.962241
FKIT,S+X2_M1_r0,falafel,495,0.962647
FKIT,S+X2_M1_r0,falafel,496,0.961971
FKIT,S+X2_M1_r0,falafel,497,0.956075
FKIT,S+X2_M1_r0,falafel,498,0.956588
FKIT,S+X2_M1_r0,falafel,499,0.961039
FKIT,S+X2_M1_r0,falafel,500,0.958175
FKIT,S+X2_M1_r0,falafel,501,0.961344
FKIT,S+X2_M1_r0,falafel,502,0.958458
FKIT,S+X2_M1_r0,falafel,503,0.959256
FKIT,S+X2_M1_r0,falafel,504,0.962935
FKIT,S+X2_M1_r0,falafel,505,0.964762
FKIT,S+X2_M1_r0,falafel,506,0.958460
FKIT,S+X2_M1_r0,falafel,507,0.959794
FKIT,S+X2_M1_r0,falafel,508,0.960560
FKIT,S+X2_M1_r0,falafel,509,0.958355
FKIT,S+X2_M1_r0,falafel,510,0.964086
FKIT,S+X2_M1_r0,falafel,511,0.959129
FKIT,S+X2_M1_r0,falafel,512,0.962320
FKIT,S+X2_M1_r0,falafel,513,0.966106
FKIT,S+X2_M1_r0,falafel,514,0.962816
FKIT,S+X2_M1_r0,falafel,515,0.965445
FKIT,S+X2_M1_r0,falafel,516,0.962025
FKIT,S+X2_M1_r0,falafel,517,0.964323
FKIT,S+X2_M1_r0,falafel,518,0.962494
FKIT,S+X2_M1_r0,falafel,519,0.965861
FKIT,S+X2_M1_r0,falafel,520,0.961897
FKIT,S+X2_M1_r0,falafel,521,0.961192
FKIT,S+X2_M1_r0,falafel,522,0.964726
FKIT,S+X2_M1_r0,falafel,523,0.960856
FKIT,S+X2_M1_r0,falafel,524,0.967270
FKIT,S+X2_M1_r0,falafel,525,0.964963
FKIT,S+X2_M1_r0,falafel,526,0.973469
FKIT,S+X2_M1_r0,falafel,527,0.973839
FKIT,S+X2_M1_r0,falafel,528,0.969434
FKIT,S+X2_M1_r0,falafel,529,0.965593
FKIT,S+X2_M1_r0,falafel,530,0.966858
FKIT,S+X2_M1_r0,falafel,531,0.967955
FKIT,S+X2_M1_r0,falafel,532,0.971622
FKIT,S+X2_M1_r0,falafel,533,0.972241
FKIT,S+X2_M1_r0,falafel,534,0.969182
FKIT,S+X2_M1_r0,falafel,535,0.970349
FKIT,S+X2_M1_r0,falafel,536,0.971123
FKIT,S+X2_M1_r0,falafel,537,0.967833
FKIT,S+X2_M1_r0,falafel,538,0.965736
FKIT,S+X2_M1_r0,falafel,539,0.968650
FKIT,S+X2_M1_r0,falafel,540,0.965818
FKIT,S+X2_M1_r0,falafel,541,0.966654
FKIT,S+X2_M1_r0,falafel,542,0.967303
FKIT,S+X2_M1_r0,falafel,543,0.970253
FKIT,S+X2_M1_r0,falafel,544,0.970286
FKIT,S+X2_M1_r0,falafel,545,0.968475
FKIT,S+X2_M1_r0,falafel,546,0.970971
FKIT,S+X2_M1_r0,falafel,547,0.970664
FKIT,S+X2_M1_r0,falafel,548,0.969608
FKIT,S+X2_M1_r0,falafel,549,0.967141
FKIT,S+X2_M1_r0,falafel,550,0.970111
FKIT,S+X2_M1_r0,falafel,551,0.966522
FKIT,S+X2_M1_r0,falafel,552,0.970464
FKIT,S+X2_M1_r0,falafel,553,0.969023
FKIT,S+X2_M1_r0,falafel,554,0.974823
FKIT,S+X2_M1_r0,falafel,555,0.975842
FKIT,S+X2_M1_r0,falafel,556,0.978605
FKIT,S+X2_M1_r0,falafel,557,0.973144
FKIT,S+X2_M1_r0,falafel,558,0.973015
FKIT,S+X2_M1_r0,falafel,559,0.974121
FKIT,S+X2_M1_r0,falafel,560,0.968218
FKIT,S+X2_M1_r0,falafel,561,0.966352
FKIT,S+X2_M1_r0,falafel,562,0.969373
FKIT,S+X2_M1_r0,falafel,563,0.964697
FKIT,S+X2_M1_r0,falafel,564,0.967005
FKIT,S+X2_M1_r0,falafel,565,0.965148
FKIT,S+X2_M1_r0,falafel,566,0.972082
FKIT,S+X2_M1_r0,falafel,567,0.968011
FKIT,S+X2_M1_r0,falafel,568,0.964520
FKIT,S+X2_M1_r0,falafel,569,0.964229
FKIT,S+X2_M1_r0,falafel,570,0.959703
FKIT,S+X2_M1_r0,falafel,571,0.966858
FKIT,S+X2_M1_r0,falafel,572,0.958294
FKIT,S+X2_M1_r0,falafel,573,0.960025
FKIT,S+X2_M1_r0,falafel,574,0.968254
FKIT,S+X2_M1_r0,falafel,575,0.966299
FKIT,S+X2_M1_r0,falafel,576,0.962938
FKIT,S+X2_M1_r0,falafel,577,0.966207
FKIT,S+X2_M1_r0,falafel,578,0.973310
FKIT,S+X2_M1_r0,falafel,579,0.972714
FKIT,S+X2_M1_r0,falafel,580,0.966951
FKIT,S+X2_M1_r0,falafel,581,0.966714
FKIT,S+X2_M1_r0,falafel,582,0.964580
FKIT,S+X2_M1_r0,falafel,583,0.962637
FKIT,S+X2_M1_r0,falafel,584,0.969504
FKIT,S+X2_M1_r0,falafel,585,0.966596
FKIT,S+X2_M1_r0,falafel,586,0.970487
FKIT,S+X2_M1_r0,falafel,587,0.968826
FKIT,S+X2_M1_r0,falafel,588,0.970466
FKIT,S+X2_M1_r0,falafel,589,0.971174
FKIT,S+X2_M1_r0,falafel,590,0.971054
FKIT,S+X2_M1_r0,falafel,591,0.968172
FKIT,S+X2_M1_r0,falafel,592,0.969062
FKIT,S+X2_M1_r0,falafel,593,0.969443
FKIT,S+X2_M1_r0,falafel,594,0.980853
FKIT,S+X2_M1_r0,falafel,595,0.974107
FKIT,S+X2_M1_r0,falafel,596,0.970598
FKIT,S+X2_M1_r0,falafel,597,0.966829
FKIT,S+X2_M1_r0,falafel,598,0.969897
FKIT,S+X2_M1_r0,falafel,599,0.967987
FKIT,S+X2_M1_r0,falafel,600,0.967742
FKIT,S+X2_M1_r0,falafel,601,0.964765
FKIT,S+X2_M1_r0,falafel,602,0.964770
FKIT,S+X2_M1_r0,falafel,603,0.961927
FKIT,S+X2_M1_r0,falafel,604,0.968222
FKIT,S+X2_M1_r0,falafel,605,0.966756
FKIT,S+X2_M1_r0,falafel,606,0.961282
FKIT,S+X2_M1_r0,falafel,607,0.964484
FKIT,S+X2_M1_r0,falafel,608,0.960307
FKIT,S+X2_M1_r0,falafel,609,0.965264
FKIT,S+X2_M1_r0,falafel,610,0.961051
FKIT,S+X2_M1_r0,falafel,611,0.965296
FKIT,S+X2_M1_r0,falafel,612,0.961165
FKIT,S+X2_M1_r0,falafel,613,0.957839
FKIT,S+X2_M1_r0,falafel,614,0.964142
FKIT,S+X2_M1_r0,falafel,615,0.967791
FKIT,S+X2_M1_r0,falafel,616,0.961677
FKIT,S+X2_M1_r0,falafel,617,0.964014
FKIT,S+X2_M1_r0,falafel,618,0.963918
FKIT,S+X2_M1_r0,falafel,619,0.959733
FKIT,S+X2_M1_r0,falafel,620,0.966915
FKIT,S+X2_M1_r0,falafel,621,0.967060
FKIT,S+X2_M1_r0,falafel,622,0.964072
FKIT,S+X2_M1_r0,falafel,623,0.963766
FKIT,S+X2_M1_r0,falafel,624,0.965831
FKIT,S+X2_M1_r0,falafel,625,0.967733
FKIT,S+X2_M1_r0,falafel,626,0.963591
FKIT,S+X2_M1_r0,falafel,627,0.958217
FKIT,S+X2_M1_r0,falafel,628,0.961732
FKIT,S+X2_M1_r0,falafel,629,0.962510
FKIT,S+X2_M1_r0,falafel,630,0.957215
FKIT,S+X2_M1_r0,falafel,631,0.955383
FKIT,S+X2_M1_r0,falafel,632,0.961003
FKIT,S+X2_M1_r0,falafel,633,0.955923
FKIT,S+X2_M1_r0,falafel,634,0.961235
FKIT,S+X2_M1_r0,falafel,635,0.960609
FKIT,S+X2_M1_r0,falafel,636,0.963279
FKIT,S+X2_M1_r0,falafel,637,0.966216
FKIT,S+X2_M1_r0,falafel,638,0.961556
FKIT,S+X2_M1_r0,falafel,639,0.955198
FKIT,S+X2_M1_r0,falafel,640,0.958486
FKIT,S+X2_M1_r0,falafel,641,0.957741
FKIT,S+X2_M1_r0,falafel,642,0.952410
FKIT,S+X2_M1_r0,falafel,643,0.956775
FKIT,S+X2_M1_r0,falafel,644,0.960601
FKIT,S+X2_M1_r0,falafel,645,0.952426
FKIT,S+X2_M1_r0,falafel,646,0.959457
FKIT,S+X2_M1_r0,falafel,647,0.960802
FKIT,S+X2_M1_r0,falafel,648,0.951624
FKIT,S+X2_M1_r0,falafel,649,0.955578
FKIT,S+X2_M1_r0,falafel,650,0.957427
FKIT,S+X2_M1_r0,falafel,651,0.955208
FKIT,S+X2_M1_r0,falafel,652,0.951629
FKIT,S+X2_M1_r0,falafel,653,0.948992
FKIT,S+X2_M1_r0,falafel,654,0.950252
FKIT,S+X2_M1_r0,falafel,655,0.957995
FKIT,S+X2_M1_r0,falafel,656,0.953193
FKIT,S+X2_M1_r0,falafel,657,0.946391
FKIT,S+X2_M1_r0,falafel,658,0.946124
FKIT,S+X2_M1_r0,falafel,659,0.952468
FKIT,S+X2_M1_r0,falafel,660,0.954796
FKIT,S+X2_M1_r0,falafel,661,0.952617
FKIT,S+X2_M1_r0,falafel,662,0.890900
FKIT,S+X2_M1_r0,falafel,663,0.953382
FKIT,S+X2_M1_r0,falafel,664,0.951556
FKIT,S+X2_M1_r0,falafel,665,0.958370
FKIT,S+X2_M1_r0,falafel,666,0.956047
FKIT,S+X2_M1_r0,falafel,667,0.955121
FKIT,S+X2_M1_r0,falafel,668,0.954031
FKIT,S+X2_M1_r0,falafel,669,0.957171
FKIT,S+X2_M1_r0,falafel,670,0.955564
FKIT,S+X2_M1_r0,falafel,671,0.958258
FKIT,S+X2_M1_r0,falafel,672,0.957223
FKIT,S+X2_M1_r0,falafel,673,0.960183
FKIT,S+X2_M1_r0,falafel,674,0.959250
FKIT,S+X2_M1_r0,falafel,675,0.959696
FKIT,S+X2_M1_r0,falafel,676,0.961718
FKIT,S+X2_M1_r0,falafel,677,0.960428
FKIT,S+X2_M1_r0,falafel,678,0.962135
FKIT,S+X2_M1_r0,falafel,679,0.961415
FKIT,S+X2_M1_r0,falafel,680,0.962801
FKIT,S+X2_M1_r0,falafel,681,0.960562
FKIT,S+X2_M1_r0,falafel,682,0.959345
FKIT,S+X2_M1_r0,falafel,683,0.965742
FKIT,S+X2_M1_r0,falafel,684,0.963734
FKIT,S+X2_M1_r0,falafel,685,0.961310
FKIT,S+X2_M1_r0,falafel,686,0.965557
FKIT,S+X2_M1_r0,falafel,687,0.963831
FKIT,S+X2_M1_r0,falafel,688,0.963129
FKIT,S+X2_M1_r0,falafel,689,0.963689
FKIT,S+X2_M1_r0,falafel,690,0.965754
FKIT,S+X2_M1_r0,falafel,691,0.967373
FKIT,S+X2_M1_r0,falafel,692,0.966582
FKIT,S+X2_M1_r0,falafel,693,0.968944
FKIT,S+X2_M1_r0,falafel,694,0.971593
FKIT,S+X2_M1_r0,falafel,695,0.970886
FKIT,S+X2_M1_r0,falafel,696,0.972015
FKIT,S+X2_M1_r0,falafel,697,0.970358
FKIT,S+X2_M1_r0,falafel,698,0.972663
FKIT,S+X2_M1_r0,falafel,699,0.975023
FKIT,S+X2_M1_r0,falafel,700,0.971447
FKIT,S+X2_M1_r0,falafel,701,0.972083
FKIT,S+X2_M1_r0,falafel,702,0.972962
FKIT,S+X2_M1_r0,falafel,703,0.974411
FKIT,S+X2_M1_r0,falafel,704,0.974203
FKIT,S+X2_M1_r0,falafel,705,0.971997
FKIT,S+X2_M1_r0,falafel,706,0.972184
FKIT,S+X2_M1_r0,falafel,707,0.971986
FKIT,S+X2_M1_r0,falafel,708,0.964087
FKIT,S+X2_M1_r0,falafel,709,0.972031
FKIT,S+X2_M1_r0,falafel,710,0.974173
FKIT,S+X2_M1_r0,falafel,711,0.972471
FKIT,S+X2_M1_r0,falafel,712,0.973280
FKIT,S+X2_M1_r0,falafel,713,0.975694
FKIT,S+X2_M1_r0,falafel,714,0.975640
FKIT,S+X2_M1_r0,falafel,715,0.976314
FKIT,S+X2_M1_r0,falafel,716,0.974596
FKIT,S+X2_M1_r0,falafel,717,0.975766
FKIT,S+X2_M1_r0,falafel,718,0.976477
FKIT,S+X2_M1_r0,falafel,719,0.976782
FKIT,S+X2_M1_r0,falafel,720,0.977902
FKIT,S+X2_M1_r0,falafel,721,0.975786
FKIT,S+X2_M1_r0,falafel,722,0.974737
FKIT,S+X2_M1_r0,falafel,723,0.974893
FKIT,S+X2_M1_r0,falafel,724,0.976177
FKIT,S+X2_M1_r0,falafel,725,0.971761
FKIT,S+X2_M1_r0,falafel,726,0.971487
FKIT,S+X2_M1_r0,falafel,727,0.971839
FKIT,S+X2_M1_r0,falafel,728,0.975033
FKIT,S+X2_M1_r0,falafel,729,0.973019
FKIT,S+X2_M1_r0,falafel,730,0.968213
FKIT,S+X2_M1_r0,falafel,731,0.969542
FKIT,S+X2_M1_r0,falafel,732,0.972204
FKIT,S+X2_M1_r0,falafel,733,0.966418
FKIT,S+X2_M1_r0,falafel,734,0.969568
FKIT,S+X2_M1_r0,falafel,735,0.971003
FKIT,S+X2_M1_r0,falafel,736,0.969552
FKIT,S+X2_M1_r0,falafel,737,0.972240
FKIT,S+X2_M1_r0,falafel,738,0.975947
FKIT,S+X2_M1_r0,falafel,739,0.975819
FKIT,S+X2_M1_r0,falafel,740,0.975534
FKIT,S+X2_M1_r0,falafel,741,0.977965
FKIT,S+X2_M1_r0,falafel,742,0.975162
FKIT,S+X2_M1_r0,falafel,743,0.976618
FKIT,S+X2_M1_r0,falafel,744,0.977674
FKIT,S+X2_M1_r0,falafel,745,0.975449
FKIT,S+X2_M1_r0,falafel,746,0.978619
FKIT,S+X2_M1_r0,falafel,747,0.976491
FKIT,S+X2_M1_r0,falafel,748,0.979273
FKIT,S+X2_M1_r0,falafel,749,0.976705
FKIT,S+X2_M1_r0,falafel,750,0.976387
FKIT,S+X2_M1_r0,falafel,751,0.978439
FKIT,S+X2_M1_r0,falafel,752,0.977196
FKIT,S+X2_M1_r0,falafel,753,0.976665
FKIT,S+X2_M1_r0,falafel,754,0.977031
FKIT,S+X2_M1_r0,falafel,755,0.975699
FKIT,S+X2_M1_r0,falafel,756,0.976311
FKIT,S+X2_M1_r0,falafel,757,0.976004
FKIT,S+X2_M1_r0,falafel,758,0.974839
FKIT,S+X2_M1_r0,falafel,759,0.973850
FKIT,S+X2_M1_r0,falafel,760,0.977669
FKIT,S+X2_M1_r0,falafel,761,0.977217
FKIT,S+X2_M1_r0,falafel,762,0.974592
FKIT,S+X2_M1_r0,falafel,763,0.974258
FKIT,S+X2_M1_r0,falafel,764,0.976331
FKIT,S+X2_M1_r0,falafel,765,0.977172
FKIT,S+X2_M1_r0,falafel,766,0.975977
FKIT,S+X2_M1_r0,falafel,767,0.973349
FKIT,S+X2_M1_r0,falafel,768,0.977870
FKIT,S+X2_M1_r0,falafel,769,0.978095
FKIT,S+X2_M1_r0,falafel,770,0.975941
FKIT,S+X2_M1_r0,falafel,771,0.978406
FKIT,S+X2_M1_r0,falafel,772,0.978033
FKIT,S+X2_M1_r0,falafel,773,0.974114
FKIT,S+X2_M1_r0,falafel,774,0.978955
FKIT,S+X2_M1_r0,falafel,775,0.977793
FKIT,S+X2_M1_r0,falafel,776,0.976729
FKIT,S+X2_M1_r0,falafel,777,0.976529
FKIT,S+X2_M1_r0,falafel,778,0.977011
FKIT,S+X2_M1_r0,falafel,779,0.979594
FKIT,S+X2_M1_r0,falafel,780,0.974570
FKIT,S+X2_M1_r0,falafel,781,0.973437
FKIT,S+X2_M1_r0,falafel,782,0.977610
FKIT,S+X2_M1_r0,falafel,783,0.977716
FKIT,S+X2_M1_r0,falafel,784,0.979549
FKIT,S+X2_M1_r0,falafel,785,0.975672
FKIT,S+X2_M1_r0,falafel,786,0.975067
FKIT,S+X2_M1_r0,falafel,787,0.977312
FKIT,S+X2_M1_r0,falafel,788,0.976823
FKIT,S+X2_M1_r0,falafel,789,0.974749
FKIT,S+X2_M1_r0,falafel,790,0.974391
FKIT,S+X2_M1_r0,falafel,791,0.973418
FKIT,S+X2_M1_r0,falafel,792,0.973655
FKIT,S+X2_M1_r0,falafel,793,0.974111
FKIT,S+X2_M1_r0,falafel,794,0.979866
FKIT,S+X2_M1_r0,falafel,795,0.979123
FKIT,S+X2_M1_r0,falafel,796,0.978623
FKIT,S+X2_M1_r0,falafel,797,0.974694
FKIT,S+X2_M1_r0,falafel,798,0.975484
FKIT,S+X2_M1_r0,falafel,799,0.969680
FKIT,S+X2_M1_r0,falafel,800,0.971475
FKIT,S+X2_M1_r0,falafel,801,0.968739
FKIT,S+X2_M1_r0,falafel,802,0.973123
FKIT,S+X2_M1_r0,falafel,803,0.968385
FKIT,S+X2_M1_r0,falafel,804,0.973232
FKIT,S+X2_M1_r0,falafel,805,0.969339
FKIT,S+X2_M1_r0,falafel,806,0.965530
FKIT,S+X2_M1_r0,falafel,807,0.970443
FKIT,S+X2_M1_r0,falafel,808,0.968351
FKIT,S+X2_M1_r0,falafel,809,0.969493
FKIT,S+X2_M1_r0,falafel,810,0.969910
FKIT,S+X2_M1_r0,falafel,811,0.969244
FKIT,S+X2_M1_r0,falafel,812,0.971284
FKIT,S+X2_M1_r0,falafel,813,0.970199
FKIT,S+X2_M1_r0,falafel,814,0.974776
FKIT,S+X2_M1_r0,falafel,815,0.963095
FKIT,S+X2_M1_r0,falafel,816,0.970341
FKIT,S+X2_M1_r0,falafel,817,0.972770
FKIT,S+X2_M1_r0,falafel,818,0.971734
FKIT,S+X2_M1_r0,falafel,819,0.973103
FKIT,S+X2_M1_r0,falafel,820,0.972511
FKIT,S+X2_M1_r0,falafel,821,0.972139
FKIT,S+X2_M1_r0,falafel,822,0.972895
FKIT,S+X2_M1_r0,falafel,823,0.973498
FKIT,S+X2_M1_r0,falafel,824,0.972531
FKIT,S+X2_M1_r0,falafel,825,0.973246
FKIT,S+X2_M1_r0,falafel,826,0.974317
FKIT,S+X2_M1_r0,falafel,827,0.973322
FKIT,S+X2_M1_r0,falafel,828,0.973313
FKIT,S+X2_M1_r0,falafel,829,0.970824
FKIT,S+X2_M1_r0,falafel,830,0.973831
FKIT,S+X2_M1_r0,falafel,831,0.974415
FKIT,S+X2_M1_r0,falafel,832,0.977890
FKIT,S+X2_M1_r0,falafel,833,0.976163
FKIT,S+X2_M1_r0,falafel,834,0.980119
FKIT,S+X2_M1_r0,falafel,835,0.980547
FKIT,S+X2_M1_r0,falafel,836,0.979310
FKIT,S+X2_M1_r0,falafel,837,0.980067
FKIT,S+X2_M1_r0,falafel,838,0.980736
FKIT,S+X2_M1_r0,falafel,839,0.980213
FKIT,S+X2_M1_r0,falafel,840,0.979684
FKIT,S+X2_M1_r0,falafel,841,0.979476
FKIT,S+X2_M1_r0,falafel,842,0.979103
FKIT,S+X2_M1_r0,falafel,843,0.980097
FKIT,S+X2_M1_r0,falafel,844,0.984225
FKIT,S+X2_M1_r0,falafel,845,0.978940
FKIT,S+X2_M1_r0,falafel,846,0.982797
FKIT,S+X2_M1_r0,falafel,847,0.976505
FKIT,S+X2_M1_r0,falafel,848,0.978985
FKIT,S+X2_M1_r0,falafel,849,0.977402
FKIT,S+X2_M1_r0,falafel,850,0.980004
FKIT,S+X2_M1_r0,falafel,851,0.977223
FKIT,S+X2_M1_r0,falafel,852,0.980730
FKIT,S+X2_M1_r0,falafel,853,0.978186
FKIT,S+X2_M1_r0,falafel,854,0.980157
FKIT,S+X2_M1_r0,falafel,855,0.977920
FKIT,S+X2_M1_r0,falafel,856,0.980499
FKIT,S+X2_M1_r0,falafel,857,0.982041
FKIT,S+X2_M1_r0,falafel,858,0.979743
FKIT,S+X2_M1_r0,falafel,859,0.980579
FKIT,S+X2_M1_r0,falafel,860,0.979049
FKIT,S+X2_M1_r0,falafel,861,0.981651
FKIT,S+X2_M1_r0,falafel,862,0.982085
FKIT,S+X2_M1_r0,falafel,863,0.980768
FKIT,S+X2_M1_r0,falafel,864,0.983827
FKIT,S+X2_M1_r0,falafel,865,0.983110
FKIT,S+X2_M1_r0,falafel,866,0.975951
FKIT,S+X2_M1_r0,falafel,867,0.976650
FKIT,S+X2_M1_r0,falafel,868,0.981781
FKIT,S+X2_M1_r0,falafel,869,0.978100
FKIT,S+X2_M1_r0,falafel,870,0.977526
FKIT,S+X2_M1_r0,falafel,871,0.970453
FKIT,S+X2_M1_r0,falafel,872,0.971514
FKIT,S+X2_M1_r0,falafel,873,0.973295
FKIT,S+X2_M1_r0,falafel,874,0.975206
FKIT,S+X2_M1_r0,falafel,875,0.974213
FKIT,S+X2_M1_r0,falafel,876,0.972638
FKIT,S+X2_M1_r0,falafel,877,0.970260
FKIT,S+X2_M1_r0,falafel,878,0.970982
FKIT,S+X2_M1_r0,falafel,879,0.970295
FKIT,S+X2_M1_r0,falafel,880,0.968057
FKIT,S+X2_M1_r0,falafel,881,0.969758
FKIT,S+X2_M1_r0,falafel,882,0.972112
FKIT,S+X2_M1_r0,falafel,883,0.967687
FKIT,S+X2_M1_r0,falafel,884,0.975409
FKIT,S+X2_M1_r0,falafel,885,0.977846
FKIT,S+X2_M1_r0,falafel,886,0.980830
FKIT,S+X2_M1_r0,falafel,887,0.976456
FKIT,S+X2_M1_r0,falafel,888,0.976578
FKIT,S+X2_M1_r0,falafel,889,0.971824
FKIT,S+X2_M1_r0,falafel,890,0.976273
FKIT,S+X2_M1_r0,falafel,891,0.973545
FKIT,S+X2_M1_r0,falafel,892,0.967940
FKIT,S+X2_M1_r0,falafel,893,0.974267
FKIT,S+X2_M1_r0,falafel,894,0.976616
FKIT,S+X2_M1_r0,falafel,895,0.977184
FKIT,S+X2_M1_r0,falafel,896,0.978303
FKIT,S+X2_M1_r0,falafel,897,0.976585
FKIT,S+X2_M1_r0,falafel,898,0.974760
FKIT,S+X2_M1_r0,falafel,899,0.979745
FKIT,S+X2_M1_r0,falafel,900,0.975667
FKIT,S+X2_M1_r0,falafel,901,0.978454
FKIT,S+X2_M1_r0,falafel,902,0.978241
FKIT,S+X2_M1_r0,falafel,903,0.978311
FKIT,S+X2_M1_r0,falafel,904,0.981134
FKIT,S+X2_M1_r0,falafel,905,0.982797
FKIT,S+X2_M1_r0,falafel,906,0.981324
FKIT,S+X2_M1_r0,falafel,907,0.980061
FKIT,S+X2_M1_r0,falafel,908,0.980024
FKIT,S+X2_M1_r0,falafel,909,0.979723
FKIT,S+X2_M1_r0,falafel,910,0.981977
FKIT,S+X2_M1_r0,falafel,911,0.984233
FKIT,S+X2_M1_r0,falafel,912,0.984363
FKIT,S+X2_M1_r0,falafel,913,0.985382
FKIT,S+X2_M1_r0,falafel,914,0.986104
FKIT,S+X2_M1_r0,falafel,915,0.987242
FKIT,S+X2_M1_r0,falafel,916,0.987761
FKIT,S+X2_M1_r0,falafel,917,0.986976
FKIT,S+X2_M1_r0,falafel,918,0.988534
FKIT,S+X2_M1_r0,falafel,919,0.988397
FKIT,S+X2_M1_r0,falafel,920,0.988505
FKIT,S+X2_M1_r0,falafel,921,0.989197
FKIT,S+X2_M1_r0,falafel,922,0.989373
FKIT,S+X2_M1_r0,falafel,923,0.987341
FKIT,S+X2_M1_r0,falafel,924,0.990370
FKIT,S+X2_M1_r0,falafel,925,0.990537
FKIT,S+X2_M1_r0,falafel,926,0.991355
FKIT,S+X2_M1_r0,falafel,927,0.991265
FKIT,S+X2_M1_r0,falafel,928,0.990797
FKIT,S+X2_M1_r0,french_bread,0,0.931032
FKIT,S+X2_M1_r0,french_bread,1,0.920611
FKIT,S+X2_M1_r0,french_bread,2,0.917402
FKIT,S+X2_M1_r0,french_bread,3,0.921394
FKIT,S+X2_M1_r0,french_bread,4,0.919886
FKIT,S+X2_M1_r0,french_bread,5,0.918923
FKIT,S+X2_M1_r0,french_bread,6,0.920694
FKIT,S+X2_M1_r0,french_bread,7,0.920311
FKIT,S+X2_M1_r0,french_bread,8,0.919399
FKIT,S+X2_M1_r0,french_bread,9,0.920732
FKIT,S+X2_M1_r0,french_bread,10,0.913591
FKIT,S+X2_M1_r0,french_bread,11,0.930157
FKIT,S+X2_M1_r0,french_bread,12,0.930778
FKIT,S+X2_M1_r0,french_bread,13,0.934541
FKIT,S+X2_M1_r0,french_bread,14,0.941782
FKIT,S+X2_M1_r0,french_bread,15,0.940548
FKIT,S+X2_M1_r0,french_bread,16,0.936914
FKIT,S+X2_M1_r0,french_bread,17,0.947179
FKIT,S+X2_M1_r0,french_bread,18,0.945608
FKIT,S+X2_M1_r0,french_bread,19,0.946042
FKIT,S+X2_M1_r0,french_bread,20,0.950745
FKIT,S+X2_M1_r0,french_bread,21,0.949817
FKIT,S+X2_M1_r0,french_bread,22,0.947693
FKIT,S+X2_M1_r0,french_bread,23,0.950088
FKIT,S+X2_M1_r0,french_bread,24,0.950521
FKIT,S+X2_M1_r0,french_bread,25,0.951820
FKIT,S+X2_M1_r0,french_bread,26,0.946932
FKIT,S+X2_M1_r0,french_bread,27,0.951608
FKIT,S+X2_M1_r0,french_bread,28,0.951664
FKIT,S+X2_M1_r0,french_bread,29,0.949910
FKIT,S+X2_M1_r0,french_bread,30,0.951429
FKIT,S+X2_M1_r0,french_bread,31,0.954594
FKIT,S+X2_M1_r0,french_bread,32,0.959118
FKIT,S+X2_M1_r0,french_bread,33,0.958801
FKIT,S+X2_M1_r0,french_bread,34,0.958936
FKIT,S+X2_M1_r0,french_bread,35,0.958771
FKIT,S+X2_M1_r0,french_bread,36,0.953143
FKIT,S+X2_M1_r0,french_bread,37,0.952210
FKIT,S+X2_M1_r0,french_bread,38,0.963219
FKIT,S+X2_M1_r0,french_bread,39,0.961105
FKIT,S+X2_M1_r0,french_bread,40,0.948696
FKIT,S+X2_M1_r0,french_bread,41,0.958198
FKIT,S+X2_M1_r0,french_bread,42,0.954217
FKIT,S+X2_M1_r0,french_bread,43,0.953454
FKIT,S+X2_M1_r0,french_bread,44,0.962533
FKIT,S+X2_M1_r0,french_bread,45,0.957926
FKIT,S+X2_M1_r0,french_bread,46,0.960118
FKIT,S+X2_M1_r0,french_bread,47,0.960246
FKIT,S+X2_M1_r0,french_bread,48,0.957423
FKIT,S+X2_M1_r0,french_bread,49,0.957477
FKIT,S+X2_M1_r0,french_bread,50,0.957775
FKIT,S+X2_M1_r0,french_bread,51,0.959883
FKIT,S+X2_M1_r0,french_bread,52,0.961155
FKIT,S+X2_M1_r0,french_bread,53,0.963155
FKIT,S+X2_M1_r0,french_bread,54,0.961926
FKIT,S+X2_M1_r0,french_bread,55,0.959569
FKIT,S+X2_M1_r0,french_bread,56,0.966694
FKIT,S+X2_M1_r0,french_bread,57,0.964405
FKIT,S+X2_M1_r0,french_bread,58,0.966155
FKIT,S+X2_M1_r0,french_bread,59,0.967114
FKIT,S+X2_M1_r0,french_bread,60,0.964040
FKIT,S+X2_M1_r0,french_bread,61,0.965776
FKIT,S+X2_M1_r0,french_bread,62,0.962573
FKIT,S+X2_M1_r0,french_bread,63,0.961899
FKIT,S+X2_M1_r0,french_bread,64,0.962603
FKIT,S+X2_M1_r0,french_bread,65,0.961063
FKIT,S+X2_M1_r0,french_bread,66,0.963644
FKIT,S+X2_M1_r0,french_bread,67,0.965822
FKIT,S+X2_M1_r0,french_bread,68,0.967180
FKIT,S+X2_M1_r0,french_bread,69,0.966786
FKIT,S+X2_M1_r0,french_bread,70,0.964365
FKIT,S+X2_M1_r0,french_bread,71,0.963304
FKIT,S+X2_M1_r0,french_bread,72,0.965054
FKIT,S+X2_M1_r0,french_bread,73,0.969192
FKIT,S+X2_M1_r0,french_bread,74,0.969040
FKIT,S+X2_M1_r0,french_bread,75,0.965816
FKIT,S+X2_M1_r0,french_bread,76,0.968827
FKIT,S+X2_M1_r0,french_bread,77,0.969060
FKIT,S+X2_M1_r0,french_bread,78,0.965346
FKIT,S+X2_M1_r0,french_bread,79,0.970531
FKIT,S+X2_M1_r0,french_bread,80,0.972199
FKIT,S+X2_M1_r0,french_bread,81,0.970681
FKIT,S+X2_M1_r0,french_bread,82,0.970479
FKIT,S+X2_M1_r0,french_bread,83,0.970512
FKIT,S+X2_M1_r0,french_bread,84,0.978614
FKIT,S+X2_M1_r0,french_bread,85,0.972751
FKIT,S+X2_M1_r0,french_bread,86,0.976965
FKIT,S+X2_M1_r0,french_bread,87,0.978204
FKIT,S+X2_M1_r0,french_bread,88,0.972758
FKIT,S+X2_M1_r0,french_bread,89,0.973611
FKIT,S+X2_M1_r0,french_bread,90,0.970935
FKIT,S+X2_M1_r0,french_bread,91,0.973955
FKIT,S+X2_M1_r0,french_bread,92,0.976257
FKIT,S+X2_M1_r0,french_bread,93,0.973390
FKIT,S+X2_M1_r0,french_bread,94,0.976941
FKIT,S+X2_M1_r0,french_bread,95,0.974690
FKIT,S+X2_M1_r0,french_bread,96,0.970968
FKIT,S+X2_M1_r0,french_bread,97,0.971040
FKIT,S+X2_M1_r0,french_bread,98,0.975511
FKIT,S+X2_M1_r0,french_bread,99,0.975181
FKIT,S+X2_M1_r0,french_bread,100,0.973632
FKIT,S+X2_M1_r0,french_bread,101,0.978945
FKIT,S+X2_M1_r0,french_bread,102,0.976324
FKIT,S+X2_M1_r0,french_bread,103,0.976966
FKIT,S+X2_M1_r0,french_bread,104,0.976369
FKIT,S+X2_M1_r0,french_bread,105,0.976916
FKIT,S+X2_M1_r0,french_bread,106,0.976826
FKIT,S+X2_M1_r0,french_bread,107,0.976377
FKIT,S+X2_M1_r0,french_bread,108,0.980494
FKIT,S+X2_M1_r0,french_bread,109,0.978062
FKIT,S+X2_M1_r0,french_bread,110,0.975783
FKIT,S+X2_M1_r0,french_bread,111,0.978171
FKIT,S+X2_M1_r0,french_bread,112,0.978897
FKIT,S+X2_M1_r0,french_bread,113,0.976058
FKIT,S+X2_M1_r0,french_bread,114,0.973717
FKIT,S+X2_M1_r0,french_bread,115,0.976640
FKIT,S+X2_M1_r0,french_bread,116,0.975854
FKIT,S+X2_M1_r0,french_bread,117,0.975557
FKIT,S+X2_M1_r0,french_bread,118,0.976099
FKIT,S+X2_M1_r0,french_bread,119,0.973648
FKIT,S+X2_M1_r0,french_bread,120,0.976002
FKIT,S+X2_M1_r0,french_bread,121,0.974924
FKIT,S+X2_M1_r0,french_bread,122,0.976287
FKIT,S+X2_M1_r0,french_bread,123,0.976838
FKIT,S+X2_M1_r0,french_bread,124,0.976360
FKIT,S+X2_M1_r0,french_bread,125,0.981126
FKIT,S+X2_M1_r0,french_bread,126,0.979336
FKIT,S+X2_M1_r0,french_bread,127,0.975459
FKIT,S+X2_M1_r0,french_bread,128,0.977920
FKIT,S+X2_M1_r0,french_bread,129,0.977021
FKIT,S+X2_M1_r0,french_bread,130,0.977327
FKIT,S+X2_M1_r0,french_bread,131,0.975104
FKIT,S+X2_M1_r0,french_bread,132,0.977481
FKIT,S+X2_M1_r0,french_bread,133,0.975476
FKIT,S+X2_M1_r0,french_bread,134,0.978010
FKIT,S+X2_M1_r0,french_bread,135,0.976741
FKIT,S+X2_M1_r0,french_bread,136,0.976403
FKIT,S+X2_M1_r0,french_bread,137,0.976005
FKIT,S+X2_M1_r0,french_bread,138,0.974910
FKIT,S+X2_M1_r0,french_bread,139,0.979040
FKIT,S+X2_M1_r0,french_bread,140,0.978844
FKIT,S+X2_M1_r0,french_bread,141,0.978307
FKIT,S+X2_M1_r0,french_bread,142,0.978285
FKIT,S+X2_M1_r0,french_bread,143,0.980344
FKIT,S+X2_M1_r0,french_bread,144,0.980339
FKIT,S+X2_M1_r0,french_bread,145,0.980632
FKIT,S+X2_M1_r0,french_bread,146,0.981037
FKIT,S+X2_M1_r0,french_bread,147,0.981726
FKIT,S+X2_M1_r0,french_bread,148,0.981323
FKIT,S+X2_M1_r0,french_bread,149,0.980677
FKIT,S+X2_M1_r0,french_bread,150,0.979048
FKIT,S+X2_M1_r0,french_bread,151,0.974138
FKIT,S+X2_M1_r0,french_bread,152,0.970824
FKIT,S+X2_M1_r0,french_bread,153,0.969030
FKIT,S+X2_M1_r0,french_bread,154,0.973200
FKIT,S+X2_M1_r0,french_bread,155,0.972532
FKIT,S+X2_M1_r0,french_bread,156,0.968102
FKIT,S+X2_M1_r0,french_bread,157,0.967101
FKIT,S+X2_M1_r0,french_bread,158,0.962152
FKIT,S+X2_M1_r0,french_bread,159,0.960656
FKIT,S+X2_M1_r0,french_bread,160,0.958776
FKIT,S+X2_M1_r0,french_bread,161,0.956464
FKIT,S+X2_M1_r0,french_bread,162,0.967479
FKIT,S+X2_M1_r0,french_bread,163,0.957953
FKIT,S+X2_M1_r0,french_bread,164,0.954599
FKIT,S+X2_M1_r0,french_bread,165,0.951012
FKIT,S+X2_M1_r0,french_bread,166,0.955082
FKIT,S+X2_M1_r0,french_bread,167,0.952800
FKIT,S+X2_M1_r0,french_bread,168,0.951426
FKIT,S+X2_M1_r0,french_bread,169,0.946675
FKIT,S+X2_M1_r0,french_bread,170,0.947850
FKIT,S+X2_M1_r0,french_bread,171,0.949186
FKIT,S+X2_M1_r0,french_bread,172,0.957085
FKIT,S+X2_M1_r0,french_bread,173,0.946989
FKIT,S+X2_M1_r0,french_bread,174,0.952665
FKIT,S+X2_M1_r0,french_bread,175,0.937119
FKIT,S+X2_M1_r0,french_bread,176,0.948478
FKIT,S+X2_M1_r0,french_bread,177,0.944871
FKIT,S+X2_M1_r0,french_bread,178,0.937575
FKIT,S+X2_M1_r0,french_bread,179,0.955672
FKIT,S+X2_M1_r0,french_bread,180,0.951174
FKIT,S+X2_M1_r0,french_bread,181,0.940306
FKIT,S+X2_M1_r0,french_bread,182,0.951113
FKIT,S+X2_M1_r0,french_bread,183,0.947537
FKIT,S+X2_M1_r0,french_bread,184,0.950845
FKIT,S+X2_M1_r0,french_bread,185,0.943283
FKIT,S+X2_M1_r0,french_bread,186,0.946460
FKIT,S+X2_M1_r0,french_bread,187,0.940898
FKIT,S+X2_M1_r0,french_bread,188,0.951184
FKIT,S+X2_M1_r0,french_bread,189,0.960198
FKIT,S+X2_M1_r0,french_bread,190,0.957332
FKIT,S+X2_M1_r0,french_bread,191,0.958274
FKIT,S+X2_M1_r0,french_bread,192,0.959687
FKIT,S+X2_M1_r0,french_bread,193,0.956963
FKIT,S+X2_M1_r0,french_bread,194,0.954078
FKIT,S+X2_M1_r0,french_bread,195,0.956558
FKIT,S+X2_M1_r0,french_bread,196,0.951725
FKIT,S+X2_M1_r0,french_bread,197,0.953712
FKIT,S+X2_M1_r0,french_bread,198,0.953368
FKIT,S+X2_M1_r0,french_bread,199,0.951610
FKIT,S+X2_M1_r0,french_bread,200,0.953777
FKIT,S+X2_M1_r0,french_bread,201,0.956462
FKIT,S+X2_M1_r0,french_bread,202,0.951064
FKIT,S+X2_M1_r0,french_bread,203,0.951430
FKIT,S+X2_M1_r0,french_bread,204,0.955209
FKIT,S+X2_M1_r0,french_bread,205,0.955040
FKIT,S+X2_M1_r0,french_bread,206,0.956317
FKIT,S+X2_M1_r0,french_bread,207,0.956910
FKIT,S+X2_M1_r0,french_bread,208,0.955438
FKIT,S+X2_M1_r0,french_bread,209,0.958626
FKIT,S+X2_M1_r0,french_bread,210,0.955690
FKIT,S+X2_M1_r0,french_bread,211,0.957158
FKIT,S+X2_M1_r0,french_bread,212,0.958770
FKIT,S+X2_M1_r0,french_bread,213,0.955669
FKIT,S+X2_M1_r0,french_bread,214,0.957390
FKIT,S+X2_M1_r0,french_bread,215,0.958189
FKIT,S+X2_M1_r0,french_bread,216,0.954767
FKIT,S+X2_M1_r0,french_bread,217,0.959920
FKIT,S+X2_M1_r0,french_bread,218,0.956733
FKIT,S+X2_M1_r0,french_bread,219,0.952405
FKIT,S+X2_M1_r0,french_bread,220,0.949395
FKIT,S+X2_M1_r0,french_bread,221,0.950633
FKIT,S+X2_M1_r0,french_bread,222,0.952558
FKIT,S+X2_M1_r0,french_bread,223,0.954826
FKIT,S+X2_M1_r0,french_bread,224,0.951789
FKIT,S+X2_M1_r0,french_bread,225,0.951562
FKIT,S+X2_M1_r0,french_bread,226,0.950069
FKIT,S+X2_M1_r0,french_bread,227,0.950906
FKIT,S+X2_M1_r0,french_bread,228,0.952764
FKIT,S+X2_M1_r0,french_bread,229,0.950978
FKIT,S+X2_M1_r0,french_bread,230,0.954341
FKIT,S+X2_M1_r0,french_bread,231,0.950626
FKIT,S+X2_M1_r0,french_bread,232,0.952448
FKIT,S+X2_M1_r0,french_bread,233,0.947283
FKIT,S+X2_M1_r0,french_bread,234,0.956784
FKIT,S+X2_M1_r0,french_bread,235,0.959745
FKIT,S+X2_M1_r0,french_bread,236,0.958683
FKIT,S+X2_M1_r0,french_bread,237,0.959908
FKIT,S+X2_M1_r0,french_bread,238,0.957898
FKIT,S+X2_M1_r0,french_bread,239,0.954782
FKIT,S+X2_M1_r0,french_bread,240,0.963751
FKIT,S+X2_M1_r0,french_bread,241,0.957030
FKIT,S+X2_M1_r0,french_bread,242,0.962970
FKIT,S+X2_M1_r0,french_bread,243,0.961504
FKIT,S+X2_M1_r0,french_bread,244,0.964009
FKIT,S+X2_M1_r0,french_bread,245,0.961704
FKIT,S+X2_M1_r0,french_bread,246,0.961550
FKIT,S+X2_M1_r0,french_bread,247,0.960359
FKIT,S+X2_M1_r0,french_bread,248,0.960565
FKIT,S+X2_M1_r0,french_bread,249,0.961400
FKIT,S+X2_M1_r0,french_bread,250,0.961923
FKIT,S+X2_M1_r0,french_bread,251,0.961542
FKIT,S+X2_M1_r0,french_bread,252,0.956809
FKIT,S+X2_M1_r0,french_bread,253,0.963629
FKIT,S+X2_M1_r0,french_bread,254,0.968673
FKIT,S+X2_M1_r0,french_bread,255,0.968066
FKIT,S+X2_M1_r0,french_bread,256,0.968126
FKIT,S+X2_M1_r0,french_bread,257,0.966035
FKIT,S+X2_M1_r0,french_bread,258,0.966801
FKIT,S+X2_M1_r0,french_bread,259,0.963790
FKIT,S+X2_M1_r0,french_bread,260,0.959635
FKIT,S+X2_M1_r0,french_bread,261,0.961601
FKIT,S+X2_M1_r0,french_bread,262,0.963334
FKIT,S+X2_M1_r0,french_bread,263,0.963654
FKIT,S+X2_M1_r0,french_bread,264,0.966360
FKIT,S+X2_M1_r0,french_bread,265,0.961698
FKIT,S+X2_M1_r0,french_bread,266,0.964836
FKIT,S+X2_M1_r0,french_bread,267,0.959517
FKIT,S+X2_M1_r0,french_bread,268,0.962427
FKIT,S+X2_M1_r0,french_bread,269,0.965034
FKIT,S+X2_M1_r0,french_bread,270,0.956806
FKIT,S+X2_M1_r0,french_bread,271,0.959362
FKIT,S+X2_M1_r0,french_bread,272,0.958109
FKIT,S+X2_M1_r0,french_bread,273,0.961934
FKIT,S+X2_M1_r0,french_bread,274,0.959831
FKIT,S+X2_M1_r0,french_bread,275,0.959274
FKIT,S+X2_M1_r0,french_bread,276,0.961238
FKIT,S+X2_M1_r0,french_bread,277,0.959352
FKIT,S+X2_M1_r0,french_bread,278,0.962779
FKIT,S+X2_M1_r0,french_bread,279,0.960878
FKIT,S+X2_M1_r0,french_bread,280,0.962101
FKIT,S+X2_M1_r0,french_bread,281,0.956820
FKIT,S+X2_M1_r0,french_bread,282,0.968117
FKIT,S+X2_M1_r0,french_bread,283,0.971994
FKIT,S+X2_M1_r0,french_bread,284,0.971079
FKIT,S+X2_M1_r0,french_bread,285,0.965578
FKIT,S+X2_M1_r0,french_bread,286,0.969848
FKIT,S+X2_M1_r0,french_bread,287,0.972226
FKIT,S+X2_M1_r0,french_bread,288,0.974150
FKIT,S+X2_M1_r0,french_bread,289,0.970672
FKIT,S+X2_M1_r0,french_bread,290,0.971233
FKIT,S+X2_M1_r0,french_bread,291,0.975293
FKIT,S+X2_M1_r0,french_bread,292,0.975450
FKIT,S+X2_M1_r0,french_bread,293,0.971454
FKIT,S+X2_M1_r0,french_bread,294,0.972961
FKIT,S+X2_M1_r0,french_bread,295,0.976141
FKIT,S+X2_M1_r0,french_bread,296,0.973693
FKIT,S+X2_M1_r0,french_bread,297,0.975578
FKIT,S+X2_M1_r0,french_bread,298,0.972380
FKIT,S+X2_M1_r0,french_bread,299,0.969131
FKIT,S+X2_M1_r0,french_bread,300,0.974659
FKIT,S+X2_M1_r0,french_bread,301,0.969862
FKIT,S+X2_M1_r0,french_bread,302,0.971639
FKIT,S+X2_M1_r0,french_bread,303,0.971527
FKIT,S+X2_M1_r0,french_bread,304,0.974082
FKIT,S+X2_M1_r0,french_bread,305,0.972744
FKIT,S+X2_M1_r0,french_bread,306,0.974088
FKIT,S+X2_M1_r0,french_bread,307,0.974721
FKIT,S+X2_M1_r0,french_bread,308,0.972514
FKIT,S+X2_M1_r0,french_bread,309,0.968439
FKIT,S+X2_M1_r0,french_bread,310,0.966463
FKIT,S+X2_M1_r0,french_bread,311,0.967067
FKIT,S+X2_M1_r0,french_bread,312,0.967090
FKIT,S+X2_M1_r0,french_bread,313,0.961101
FKIT,S+X2_M1_r0,french_bread,314,0.961595
FKIT,S+X2_M1_r0,french_bread,315,0.965876
FKIT,S+X2_M1_r0,french_bread,316,0.968927
FKIT,S+X2_M1_r0,french_bread,317,0.961107
FKIT,S+X2_M1_r0,french_bread,318,0.965078
FKIT,S+X2_M1_r0,french_bread,319,0.959041
FKIT,S+X2_M1_r0,french_bread,320,0.967739
FKIT,S+X2_M1_r0,french_bread,321,0.969259
FKIT,S+X2_M1_r0,french_bread,322,0.963163
FKIT,S+X2_M1_r0,french_bread,323,0.961025
FKIT,S+X2_M1_r0,french_bread,324,0.962673
FKIT,S+X2_M1_r0,french_bread,325,0.965236
FKIT,S+X2_M1_r0,french_bread,326,0.961808
FKIT,S+X2_M1_r0,french_bread,327,0.964332
FKIT,S+X2_M1_r0,french_bread,328,0.970357
FKIT,S+X2_M1_r0,french_bread,329,0.966108
FKIT,S+X2_M1_r0,french_bread,330,0.971792
FKIT,S+X2_M1_r0,french_bread,331,0.958734
FKIT,S+X2_M1_r0,french_bread,332,0.959056
FKIT,S+X2_M1_r0,french_bread,333,0.968962
FKIT,S+X2_M1_r0,french_bread,334,0.968909
FKIT,S+X2_M1_r0,french_bread,335,0.967869
FKIT,S+X2_M1_r0,french_bread,336,0.963845
FKIT,S+X2_M1_r0,french_bread,337,0.972263
FKIT,S+X2_M1_r0,french_bread,338,0.971512
FKIT,S+X2_M1_r0,french_bread,339,0.971750
FKIT,S+X2_M1_r0,french_bread,340,0.966472
FKIT,S+X2_M1_r0,french_bread,341,0.962899
FKIT,S+X2_M1_r0,french_bread,342,0.961259
FKIT,S+X2_M1_r0,french_bread,343,0.969656
FKIT,S+X2_M1_r0,french_bread,344,0.957030
FKIT,S+X2_M1_r0,french_bread,345,0.959812
FKIT,S+X2_M1_r0,french_bread,346,0.958732
FKIT,S+X2_M1_r0,french_bread,347,0.973014
FKIT,S+X2_M1_r0,french_bread,348,0.962003
FKIT,S+X2_M1_r0,french_bread,349,0.952791
FKIT,S+X2_M1_r0,french_bread,350,0.956386
FKIT,S+X2_M1_r0,french_bread,351,0.956558
FKIT,S+X2_M1_r0,french_bread,352,0.959121
FKIT,S+X2_M1_r0,french_bread,353,0.954653
FKIT,S+X2_M1_r0,french_bread,354,0.959080
FKIT,S+X2_M1_r0,french_bread,355,0.962588
FKIT,S+X2_M1_r0,french_bread,356,0.961711
FKIT,S+X2_M1_r0,french_bread,357,0.961221
FKIT,S+X2_M1_r0,french_bread,358,0.961251
FKIT,S+X2_M1_r0,french_bread,359,0.967002
FKIT,S+X2_M1_r0,french_bread,360,0.964740
FKIT,S+X2_M1_r0,french_bread,361,0.965751
FKIT,S+X2_M1_r0,french_bread,362,0.969793
FKIT,S+X2_M1_r0,french_bread,363,0.970764
FKIT,S+X2_M1_r0,french_bread,364,0.964091
FKIT,S+X2_M1_r0,french_bread,365,0.965745
FKIT,S+X2_M1_r0,french_bread,366,0.967441
FKIT,S+X2_M1_r0,french_bread,367,0.966297
FKIT,S+X2_M1_r0,french_bread,368,0.967029
FKIT,S+X2_M1_r0,french_bread,369,0.965857
FKIT,S+X2_M1_r0,french_bread,370,0.963974
FKIT,S+X2_M1_r0,french_bread,371,0.966982
FKIT,S+X2_M1_r0,french_bread,372,0.965127
FKIT,S+X2_M1_r0,french_bread,373,0.963017
FKIT,S+X2_M1_r0,french_bread,374,0.966698
FKIT,S+X2_M1_r0,french_bread,375,0.969982
FKIT,S+X2_M1_r0,french_bread,376,0.970768
FKIT,S+X2_M1_r0,french_bread,377,0.970621
FKIT,S+X2_M1_r0,french_bread,378,0.961359
FKIT,S+X2_M1_r0,french_bread,379,0.964252
FKIT,S+X2_M1_r0,french_bread,380,0.964545
FKIT,S+X2_M1_r0,french_bread,381,0.965621
FKIT,S+X2_M1_r0,french_bread,382,0.967534
FKIT,S+X2_M1_r0,french_bread,383,0.966731
FKIT,S+X2_M1_r0,french_bread,384,0.966327
FKIT,S+X2_M1_r0,french_bread,385,0.966669
FKIT,S+X2_M1_r0,french_bread,386,0.967163
FKIT,S+X2_M1_r0,french_bread,387,0.967582
FKIT,S+X2_M1_r0,french_bread,388,0.967759
FKIT,S+X2_M1_r0,french_bread,389,0.968060
FKIT,S+X2_M1_r0,french_bread,390,0.968520
FKIT,S+X2_M1_r0,french_bread,391,0.969908
FKIT,S+X2_M1_r0,french_bread,392,0.967304
FKIT,S+X2_M1_r0,french_bread,393,0.968143
FKIT,S+X2_M1_r0,french_bread,394,0.969341
FKIT,S+X2_M1_r0,french_bread,395,0.969973
FKIT,S+X2_M1_r0,french_bread,396,0.969747
FKIT,S+X2_M1_r0,french_bread,397,0.968706
FKIT,S+X2_M1_r0,french_bread,398,0.965561
FKIT,S+X2_M1_r0,french_bread,399,0.968963
FKIT,S+X2_M1_r0,french_bread,400,0.965341
FKIT,S+X2_M1_r0,french_bread,401,0.967788
FKIT,S+X2_M1_r0,french_bread,402,0.969825
FKIT,S+X2_M1_r0,french_bread,403,0.970173
FKIT,S+X2_M1_r0,french_bread,404,0.971166
FKIT,S+X2_M1_r0,french_bread,405,0.970495
FKIT,S+X2_M1_r0,french_bread,406,0.968548
FKIT,S+X2_M1_r0,french_bread,407,0.965057
FKIT,S+X2_M1_r0,french_bread,408,0.964200
FKIT,S+X2_M1_r0,french_bread,409,0.964288
FKIT,S+X2_M1_r0,french_bread,410,0.966051
FKIT,S+X2_M1_r0,french_bread,411,0.966282
FKIT,S+X2_M1_r0,french_bread,412,0.964133
FKIT,S+X2_M1_r0,french_bread,413,0.969083
FKIT,S+X2_M1_r0,french_bread,414,0.968597
FKIT,S+X2_M1_r0,french_bread,415,0.969065
FKIT,S+X2_M1_r0,french_bread,416,0.966782
FKIT,S+X2_M1_r0,french_bread,417,0.968337
FKIT,S+X2_M1_r0,french_bread,418,0.963902
FKIT,S+X2_M1_r0,french_bread,419,0.967963
FKIT,S+X2_M1_r0,french_bread,420,0.971481
FKIT,S+X2_M1_r0,french_bread,421,0.970888
FKIT,S+X2_M1_r0,french_bread,422,0.965811
FKIT,S+X2_M1_r0,french_bread,423,0.971770
FKIT,S+X2_M1_r0,french_bread,424,0.969191
FKIT,S+X2_M1_r0,french_bread,425,0.963511
FKIT,S+X2_M1_r0,french_bread,426,0.963630
FKIT,S+X2_M1_r0,french_bread,427,0.963708
FKIT,S+X2_M1_r0,french_bread,428,0.963845
FKIT,S+X2_M1_r0,french_bread,429,0.965173
FKIT,S+X2_M1_r0,french_bread,430,0.967637
FKIT,S+X2_M1_r0,french_bread,431,0.967134
FKIT,S+X2_M1_r0,french_bread,432,0.970380
FKIT,S+X2_M1_r0,french_bread,433,0.967737
FKIT,S+X2_M1_r0,french_bread,434,0.972583
FKIT,S+X2_M1_r0,french_bread,435,0.970417
FKIT,S+X2_M1_r0,french_bread,436,0.969114
FKIT,S+X2_M1_r0,french_bread,437,0.970446
FKIT,S+X2_M1_r0,french_bread,438,0.968655
FKIT,S+X2_M1_r0,french_bread,439,0.970522
FKIT,S+X2_M1_r0,french_bread,440,0.972546
FKIT,S+X2_M1_r0,french_bread,441,0.968502
FKIT,S+X2_M1_r0,french_bread,442,0.970300
FKIT,S+X2_M1_r0,french_bread,443,0.969493
FKIT,S+X2_M1_r0,french_bread,444,0.974010
FKIT,S+X2_M1_r0,french_bread,445,0.971543
FKIT,S+X2_M1_r0,french_bread,446,0.972556
FKIT,S+X2_M1_r0,french_bread,447,0.975043
FKIT,S+X2_M1_r0,french_bread,448,0.972607
FKIT,S+X2_M1_r0,french_bread,449,0.973358
FKIT,S+X2_M1_r0,french_bread,450,0.975790
FKIT,S+X2_M1_r0,french_bread,451,0.971523
FKIT,S+X2_M1_r0,french_bread,452,0.970339
FKIT,S+X2_M1_r0,french_bread,453,0.968808
FKIT,S+X2_M1_r0,french_bread,454,0.971165
FKIT,S+X2_M1_r0,french_bread,455,0.972312
FKIT,S+X2_M1_r0,french_bread,456,0.971513
FKIT,S+X2_M1_r0,french_bread,457,0.971090
FKIT,S+X2_M1_r0,french_bread,458,0.973318
FKIT,S+X2_M1_r0,french_bread,459,0.976439
FKIT,S+X2_M1_r0,french_bread,460,0.975305
FKIT,S+X2_M1_r0,french_bread,461,0.976818
FKIT,S+X2_M1_r0,french_bread,462,0.977241
FKIT,S+X2_M1_r0,french_bread,463,0.978148
FKIT,S+X2_M1_r0,french_bread,464,0.977713
FKIT,S+X2_M1_r0,french_bread,465,0.976744
FKIT,S+X2_M1_r0,french_bread,466,0.977922
FKIT,S+X2_M1_r0,french_bread,467,0.979246
FKIT,S+X2_M1_r0,french_bread,468,0.981196
FKIT,S+X2_M1_r0,french_bread,469,0.979287
FKIT,S+X2_M1_r0,french_bread,470,0.981616
FKIT,S+X2_M1_r0,french_bread,471,0.980586
FKIT,S+X2_M1_r0,french_bread,472,0.980314
FKIT,S+X2_M1_r0,french_bread,473,0.980862
FKIT,S+X2_M1_r0,french_bread,474,0.981240
FKIT,S+X2_M1_r0,french_bread,475,0.980236
FKIT,S+X2_M1_r0,french_bread,476,0.979308
FKIT,S+X2_M1_r0,french_bread,477,0.980800
FKIT,S+X2_M1_r0,french_bread,478,0.978568
FKIT,S+X2_M1_r0,french_bread,479,0.977804
FKIT,S+X2_M1_r0,french_bread,480,0.980717
FKIT,S+X2_M1_r0,french_bread,481,0.976367
FKIT,S+X2_M1_r0,french_bread,482,0.983833
FKIT,S+X2_M1_r0,french_bread,483,0.978560
FKIT,S+X2_M1_r0,french_bread,484,0.979104
FKIT,S+X2_M1_r0,french_bread,485,0.980853
FKIT,S+X2_M1_r0,french_bread,486,0.978694
FKIT,S+X2_M1_r0,french_bread,487,0.980585
FKIT,S+X2_M1_r0,french_bread,488,0.978859
FKIT,S+X2_M1_r0,french_bread,489,0.979980
FKIT,S+X2_M1_r0,french_bread,490,0.976881
FKIT,S+X2_M1_r0,french_bread,491,0.979202
FKIT,S+X2_M1_r0,french_bread,492,0.977474
FKIT,S+X2_M1_r0,french_bread,493,0.978723
FKIT,S+X2_M1_r0,french_bread,494,0.981277
FKIT,S+X2_M1_r0,french_bread,495,0.981741
FKIT,S+X2_M1_r0,french_bread,496,0.975070
FKIT,S+X2_M1_r0,french_bread,497,0.978742
FKIT,S+X2_M1_r0,french_bread,498,0.976627
FKIT,S+X2_M1_r0,french_bread,499,0.976934
FKIT,S+X2_M1_r0,french_bread,500,0.976499
FKIT,S+X2_M1_r0,french_bread,501,0.974013
FKIT,S+X2_M1_r0,french_bread,502,0.972170
FKIT,S+X2_M1_r0,french_bread,503,0.977825
FKIT,S+X2_M1_r0,french_bread,504,0.979015
FKIT,S+X2_M1_r0,french_bread,505,0.977619
FKIT,S+X2_M1_r0,french_bread,506,0.980136
FKIT,S+X2_M1_r0,french_bread,507,0.978619
FKIT,S+X2_M1_r0,french_bread,508,0.978874
FKIT,S+X2_M1_r0,french_bread,509,0.976781
FKIT,S+X2_M1_r0,french_bread,510,0.976115
FKIT,S+X2_M1_r0,french_bread,511,0.976250
FKIT,S+X2_M1_r0,french_bread,512,0.978270
FKIT,S+X2_M1_r0,french_bread,513,0.976912
FKIT,S+X2_M1_r0,french_bread,514,0.979114
FKIT,S+X2_M1_r0,french_bread,515,0.979611
FKIT,S+X2_M1_r0,french_bread,516,0.975787
FKIT,S+X2_M1_r0,french_bread,517,0.973213
FKIT,S+X2_M1_r0,french_bread,518,0.974981
FKIT,S+X2_M1_r0,french_bread,519,0.977946
FKIT,S+X2_M1_r0,french_bread,520,0.979615
FKIT,S+X2_M1_r0,french_bread,521,0.977672
FKIT,S+X2_M1_r0,french_bread,522,0.975676
FKIT,S+X2_M1_r0,french_bread,523,0.976853
FKIT,S+X2_M1_r0,french_bread,524,0.972125
FKIT,S+X2_M1_r0,french_bread,525,0.978181
FKIT,S+X2_M1_r0,french_bread,526,0.981341
FKIT,S+X2_M1_r0,french_bread,527,0.979387
FKIT,S+X2_M1_r0,french_bread,528,0.975351
FKIT,S+X2_M1_r0,french_bread,529,0.977057
FKIT,S+X2_M1_r0,french_bread,530,0.971962
FKIT,S+X2_M1_r0,french_bread,531,0.978306
FKIT,S+X2_M1_r0,french_bread,532,0.979327
FKIT,S+X2_M1_r0,french_bread,533,0.976175
FKIT,S+X2_M1_r0,french_bread,534,0.979006
FKIT,S+X2_M1_r0,french_bread,535,0.980340
FKIT,S+X2_M1_r0,french_bread,536,0.980182
FKIT,S+X2_M1_r0,french_bread,537,0.983954
FKIT,S+X2_M1_r0,french_bread,538,0.981487
FKIT,S+X2_M1_r0,french_bread,539,0.981136
FKIT,S+X2_M1_r0,french_bread,540,0.981887
FKIT,S+X2_M1_r0,french_bread,541,0.981286
FKIT,S+X2_M1_r0,french_bread,542,0.982788
FKIT,S+X2_M1_r0,french_bread,543,0.986726
FKIT,S+X2_M1_r0,french_bread,544,0.987563
FKIT,S+X2_M1_r0,french_bread,545,0.976233
FKIT,S+X2_M1_r0,french_bread,546,0.986117
FKIT,S+X2_M1_r0,french_bread,547,0.987117
FKIT,S+X2_M1_r0,french_bread,548,0.984305
FKIT,S+X2_M1_r0,french_bread,549,0.983164
FKIT,S+X2_M1_r0,french_bread,550,0.982632
FKIT,S+X2_M1_r0,french_bread,551,0.979918
FKIT,S+X2_M1_r0,french_bread,552,0.984173
FKIT,S+X2_M1_r0,french_bread,553,0.976433
FKIT,S+X2_M1_r0,french_bread,554,0.975316
FKIT,S+X2_M1_r0,french_bread,555,0.981624
FKIT,S+X2_M1_r0,french_bread,556,0.976160
FKIT,S+X2_M1_r0,french_bread,557,0.982242
FKIT,S+X2_M1_r0,french_bread,558,0.984969
FKIT,S+X2_M1_r0,french_bread,559,0.978274
FKIT,S+X2_M1_r0,french_bread,560,0.970793
FKIT,S+X2_M1_r0,french_bread,561,0.978083
FKIT,S+X2_M1_r0,french_bread,562,0.976511
FKIT,S+X2_M1_r0,french_bread,563,0.978467
FKIT,S+X2_M1_r0,french_bread,564,0.982759
FKIT,S+X2_M1_r0,french_bread,565,0.980742
FKIT,S+X2_M1_r0,french_bread,566,0.977808
FKIT,S+X2_M1_r0,french_bread,567,0.976163
FKIT,S+X2_M1_r0,french_bread,568,0.977907
FKIT,S+X2_M1_r0,french_bread,569,0.975010
FKIT,S+X2_M1_r0,french_bread,570,0.974712
FKIT,S+X2_M1_r0,french_bread,571,0.981073
FKIT,S+X2_M1_r0,french_bread,572,0.981152
FKIT,S+X2_M1_r0,french_bread,573,0.981780
FKIT,S+X2_M1_r0,french_bread,574,0.980176
FKIT,S+X2_M1_r0,french_bread,575,0.979301
FKIT,S+X2_M1_r0,french_bread,576,0.979183
FKIT,S+X2_M1_r0,french_bread,577,0.980926
FKIT,S+X2_M1_r0,french_bread,578,0.983023
FKIT,S+X2_M1_r0,french_bread,579,0.983450
FKIT,S+X2_M1_r0,french_bread,580,0.980394
FKIT,S+X2_M1_r0,french_bread,581,0.980417
FKIT,S+X2_M1_r0,french_bread,582,0.982048
FKIT,S+X2_M1_r0,french_bread,583,0.984891
FKIT,S+X2_M1_r0,french_bread,584,0.982602
FKIT,S+X2_M1_r0,french_bread,585,0.984382
FKIT,S+X2_M1_r0,french_bread,586,0.983694
FKIT,S+X2_M1_r0,french_bread,587,0.979422
FKIT,S+X2_M1_r0,french_bread,588,0.983650
FKIT,S+X2_M1_r0,french_bread,589,0.979715
FKIT,S+X2_M1_r0,french_bread,590,0.976981
FKIT,S+X2_M1_r0,french_bread,591,0.979000
FKIT,S+X2_M1_r0,french_bread,592,0.978439
FKIT,S+X2_M1_r0,french_bread,593,0.977008
FKIT,S+X2_M1_r0,french_bread,594,0.979153
FKIT,S+X2_M1_r0,french_bread,595,0.975238
FKIT,S+X2_M1_r0,french_bread,596,0.974012
FKIT,S+X2_M1_r0,french_bread,597,0.973515
FKIT,S+X2_M1_r0,french_bread,598,0.963890
FKIT,S+X2_M1_r0,french_bread,599,0.967557
FKIT,S+X2_M1_r0,french_bread,600,0.967017
FKIT,S+X2_M1_r0,french_bread,601,0.964107
FKIT,S+X2_M1_r0,french_bread,602,0.965691
FKIT,S+X2_M1_r0,french_bread,603,0.966347
FKIT,S+X2_M1_r0,french_bread,604,0.965476
FKIT,S+X2_M1_r0,french_bread,605,0.964116
FKIT,S+X2_M1_r0,french_bread,606,0.968932
FKIT,S+X2_M1_r0,french_bread,607,0.970106
FKIT,S+X2_M1_r0,french_bread,608,0.965317
FKIT,S+X2_M1_r0,french_bread,609,0.965860
FKIT,S+X2_M1_r0,french_bread,610,0.970378
FKIT,S+X2_M1_r0,french_bread,611,0.970389
FKIT,S+X2_M1_r0,french_bread,612,0.968172
FKIT,S+X2_M1_r0,french_bread,613,0.967114
FKIT,S+X2_M1_r0,french_bread,614,0.966299
FKIT,S+X2_M1_r0,french_bread,615,0.969269
FKIT,S+X2_M1_r0,french_bread,616,0.965866
FKIT,S+X2_M1_r0,french_bread,617,0.963063
FKIT,S+X2_M1_r0,french_bread,618,0.966705
FKIT,S+X2_M1_r0,french_bread,619,0.962240
FKIT,S+X2_M1_r0,french_bread,620,0.963227
FKIT,S+X2_M1_r0,french_bread,621,0.969800
FKIT,S+X2_M1_r0,french_bread,622,0.961891
FKIT,S+X2_M1_r0,french_bread,623,0.965611
FKIT,S+X2_M1_r0,french_bread,624,0.966679
FKIT,S+X2_M1_r0,french_bread,625,0.962464
FKIT,S+X2_M1_r0,french_bread,626,0.966959
FKIT,S+X2_M1_r0,french_bread,627,0.968763
FKIT,S+X2_M1_r0,french_bread,628,0.965713
FKIT,S+X2_M1_r0,french_bread,629,0.967434
FKIT,S+X2_M1_r0,french_bread,630,0.967096
FKIT,S+X2_M1_r0,french_bread,631,0.966404
FKIT,S+X2_M1_r0,french_bread,632,0.966636
FKIT,S+X2_M1_r0,french_bread,633,0.973874
FKIT,S+X2_M1_r0,french_bread,634,0.975608
FKIT,S+X2_M1_r0,french_bread,635,0.977169
FKIT,S+X2_M1_r0,french_bread,636,0.975170
FKIT,S+X2_M1_r0,french_bread,637,0.978078
FKIT,S+X2_M1_r0,french_bread,638,0.979696
FKIT,S+X2_M1_r0,french_bread,639,0.973713
FKIT,S+X2_M1_r0,french_bread,640,0.976211
FKIT,S+X2_M1_r0,french_bread,641,0.978890
FKIT,S+X2_M1_r0,french_bread,642,0.981827
FKIT,S+X2_M1_r0,french_bread,643,0.979034
FKIT,S+X2_M1_r0,french_bread,644,0.980665
FKIT,S+X2_M1_r0,french_bread,645,0.983676
FKIT,S+X2_M1_r0,french_bread,646,0.984492
FKIT,S+X2_M1_r0,french_bread,647,0.983855
FKIT,S+X2_M1_r0,french_bread,648,0.984770
FKIT,S+X2_M1_r0,french_bread,649,0.981538
FKIT,S+X2_M1_r0,french_bread,650,0.981696
FKIT,S+X2_M1_r0,french_bread,651,0.980860
FKIT,S+X2_M1_r0,french_bread,652,0.978838
FKIT,S+X2_M1_r0,french_bread,653,0.983379
FKIT,S+X2_M1_r0,french_bread,654,0.982554
FKIT,S+X2_M1_r0,french_bread,655,0.982944
FKIT,S+X2_M1_r0,french_bread,656,0.984537
FKIT,S+X2_M1_r0,french_bread,657,0.982119
FKIT,S+X2_M1_r0,french_bread,658,0.983366
FKIT,S+X2_M1_r0,french_bread,659,0.977154
FKIT,S+X2_M1_r0,french_bread,660,0.975797
FKIT,S+X2_M1_r0,french_bread,661,0.979510
FKIT,S+X2_M1_r0,french_bread,662,0.978403
FKIT,S+X2_M1_r0,french_bread,663,0.980161
FKIT,S+X2_M1_r0,french_bread,664,0.983166
FKIT,S+X2_M1_r0,french_bread,665,0.978689
FKIT,S+X2_M1_r0,french_bread,666,0.982043
FKIT,S+X2_M1_r0,french_bread,667,0.979809
FKIT,S+X2_M1_r0,french_bread,668,0.974247
FKIT,S+X2_M1_r0,french_bread,669,0.977369
FKIT,S+X2_M1_r0,french_bread,670,0.979271
FKIT,S+X2_M1_r0,french_bread,671,0.975762
FKIT,S+X2_M1_r0,french_bread,672,0.970341
FKIT,S+X2_M1_r0,french_bread,673,0.973569
FKIT,S+X2_M1_r0,french_bread,674,0.980545
FKIT,S+X2_M1_r0,french_bread,675,0.978121
FKIT,S+X2_M1_r0,french_bread,676,0.976973
FKIT,S+X2_M1_r0,french_bread,677,0.972532
FKIT,S+X2_M1_r0,french_bread,678,0.974340
FKIT,S+X2_M1_r0,french_bread,679,0.975009
FKIT,S+X2_M1_r0,french_bread,680,0.974803
FKIT,S+X2_M1_r0,french_bread,681,0.976308
FKIT,S+X2_M1_r0,french_bread,682,0.974385
FKIT,S+X2_M1_r0,french_bread,683,0.977038
FKIT,S+X2_M1_r0,french_bread,684,0.975012
FKIT,S+X2_M1_r0,french_bread,685,0.972615
FKIT,S+X2_M1_r0,french_bread,686,0.976756
FKIT,S+X2_M1_r0,french_bread,687,0.978356
FKIT,S+X2_M1_r0,french_bread,688,0.977789
FKIT,S+X2_M1_r0,french_bread,689,0.981832
FKIT,S+X2_M1_r0,french_bread,690,0.976110
FKIT,S+X2_M1_r0,french_bread,691,0.981924
FKIT,S+X2_M1_r0,french_bread,692,0.980110
FKIT,S+X2_M1_r0,french_bread,693,0.982706
FKIT,S+X2_M1_r0,french_bread,694,0.981004
FKIT,S+X2_M1_r0,french_bread,695,0.980931
FKIT,S+X2_M1_r0,french_bread,696,0.984045
FKIT,S+X2_M1_r0,french_bread,697,0.986219
FKIT,S+X2_M1_r0,french_bread,698,0.983311
FKIT,S+X2_M1_r0,french_bread,699,0.979762
FKIT,S+X2_M1_r0,french_bread,700,0.984377
FKIT,S+X2_M1_r0,french_bread,701,0.984394
FKIT,S+X2_M1_r0,french_bread,702,0.982769
FKIT,S+X2_M1_r0,french_bread,703,0.985934
FKIT,S+X2_M1_r0,french_bread,704,0.985387
FKIT,S+X2_M1_r0,french_bread,705,0.983825
FKIT,S+X2_M1_r0,french_bread,706,0.983464
FKIT,S+X2_M1_r0,french_bread,707,0.979311
FKIT,S+X2_M1_r0,french_bread,708,0.980547
FKIT,S+X2_M1_r0,french_bread,709,0.974791
FKIT,S+X2_M1_r0,french_bread,710,0.980284
FKIT,S+X2_M1_r0,french_bread,711,0.975825
FKIT,S+X2_M1_r0,french_bread,712,0.980427
FKIT,S+X2_M1_r0,french_bread,713,0.977863
FKIT,S+X2_M1_r0,french_bread,714,0.980791
FKIT,S+X2_M1_r0,french_bread,715,0.978167
FKIT,S+X2_M1_r0,french_bread,716,0.975458
FKIT,S+X2_M1_r0,french_bread,717,0.976417
FKIT,S+X2_M1_r0,french_bread,718,0.978950
FKIT,S+X2_M1_r0,french_bread,719,0.981380
FKIT,S+X2_M1_r0,french_bread,720,0.977471
FKIT,S+X2_M1_r0,french_bread,721,0.975796
FKIT,S+X2_M1_r0,french_bread,722,0.973273
FKIT,S+X2_M1_r0,french_bread,723,0.971989
FKIT,S+X2_M1_r0,french_bread,724,0.979658
FKIT,S+X2_M1_r0,french_bread,725,0.979281
FKIT,S+X2_M1_r0,french_bread,726,0.979631
FKIT,S+X2_M1_r0,french_bread,727,0.981997
FKIT,S+X2_M1_r0,french_bread,728,0.979099
FKIT,S+X2_M1_r0,french_bread,729,0.979177
FKIT,S+X2_M1_r0,french_bread,730,0.979224
FKIT,S+X2_M1_r0,french_bread,731,0.975542
FKIT,S+X2_M1_r0,french_bread,732,0.977065
FKIT,S+X2_M1_r0,french_bread,733,0.976798
FKIT,S+X2_M1_r0,french_bread,734,0.980935
FKIT,S+X2_M1_r0,french_bread,735,0.984708
FKIT,S+X2_M1_r0,french_bread,736,0.981720
FKIT,S+X2_M1_r0,french_bread,737,0.983050
FKIT,S+X2_M1_r0,french_bread,738,0.984742
FKIT,S+X2_M1_r0,french_bread,739,0.982227
FKIT,S+X2_M1_r0,french_bread,740,0.979911
FKIT,S+X2_M1_r0,french_bread,741,0.982749
FKIT,S+X2_M1_r0,french_bread,742,0.985634
FKIT,S+X2_M1_r0,french_bread,743,0.984815
FKIT,S+X2_M1_r0,french_bread,744,0.980072
FKIT,S+X2_M1_r0,french_bread,745,0.981613
FKIT,S+X2_M1_r0,french_bread,746,0.983893
FKIT,S+X2_M1_r0,french_bread,747,0.986155
FKIT,S+X2_M1_r0,french_bread,748,0.981378
FKIT,S+X2_M1_r0,french_bread,749,0.984938
FKIT,S+X2_M1_r0,french_bread,750,0.980246
FKIT,S+X2_M1_r0,french_bread,751,0.982957
FKIT,S+X2_M1_r0,french_bread,752,0.974154
FKIT,S+X2_M1_r0,french_bread,753,0.970447
FKIT,S+X2_M1_r0,french_bread,754,0.974795
FKIT,S+X2_M1_r0,french_bread,755,0.982510
FKIT,S+X2_M1_r0,french_bread,756,0.979704
FKIT,S+X2_M1_r0,french_bread,757,0.979238
FKIT,S+X2_M1_r0,french_bread,758,0.972602
FKIT,S+X2_M1_r0,french_bread,759,0.976901
FKIT,S+X2_M1_r0,french_bread,760,0.977130
FKIT,S+X2_M1_r0,french_bread,761,0.982042
FKIT,S+X2_M1_r0,french_bread,762,0.979983
FKIT,S+X2_M1_r0,french_bread,763,0.975626
FKIT,S+X2_M1_r0,french_bread,764,0.975730
FKIT,S+X2_M1_r0,french_bread,765,0.979727
FKIT,S+X2_M1_r0,french_bread,766,0.975160
FKIT,S+X2_M1_r0,french_bread,767,0.974456
FKIT,S+X2_M1_r0,french_bread,768,0.979633
FKIT,S+X2_M1_r0,french_bread,769,0.976688
FKIT,S+X2_M1_r0,french_bread,770,0.976439
FKIT,S+X2_M1_r0,french_bread,771,0.974491
FKIT,S+X2_M1_r0,french_bread,772,0.976125
FKIT,S+X2_M1_r0,french_bread,773,0.976534
FKIT,S+X2_M1_r0,french_bread,774,0.973634
FKIT,S+X2_M1_r0,french_bread,775,0.973968
FKIT,S+X2_M1_r0,french_bread,776,0.972552
FKIT,S+X2_M1_r0,french_bread,777,0.972762
FKIT,S+X2_M1_r0,french_bread,778,0.972333
FKIT,S+X2_M1_r0,french_bread,779,0.911210
FKIT,S+X2_M1_r0,french_bread,780,0.876166
FKIT,S+X2_M1_r0,french_bread,781,0.872852
FKIT,S+X2_M1_r0,french_bread,782,0.886343
FKIT,S+X2_M1_r0,french_bread,783,0.892317
FKIT,S+X2_M1_r0,french_bread,784,0.895552
FKIT,S+X2_M1_r0,french_bread,785,0.903158
FKIT,S+X2_M1_r0,french_bread,786,0.898548
FKIT,S+X2_M1_r0,french_bread,787,0.880761
FKIT,S+X2_M1_r0,french_bread,788,0.885465
FKIT,S+X2_M1_r0,french_bread,789,0.887425
FKIT,S+X2_M1_r0,french_bread,790,0.879467
FKIT,S+X2_M1_r0,french_bread,791,0.829503
FKIT,S+X2_M1_r0,french_bread,792,0.910174
FKIT,S+X2_M1_r0,french_bread,793,0.930774
FKIT,S+X2_M1_r0,french_bread,794,0.955236
FKIT,S+X2_M1_r0,french_bread,795,0.957048
FKIT,S+X2_M1_r0,french_bread,796,0.955843
FKIT,S+X2_M1_r0,french_bread,797,0.960879
FKIT,S+X2_M1_r0,french_bread,798,0.927031
FKIT,S+X2_M1_r0,french_bread,799,0.962777
FKIT,S+X2_M1_r0,french_bread,800,0.965257
FKIT,S+X2_M1_r0,french_bread,801,0.968478
FKIT,S+X2_M1_r0,french_bread,802,0.967167
FKIT,S+X2_M1_r0,french_bread,803,0.967768
FKIT,S+X2_M1_r0,french_bread,804,0.971530
FKIT,S+X2_M1_r0,french_bread,805,0.970907
FKIT,S+X2_M1_r0,french_bread,806,0.969669
FKIT,S+X2_M1_r0,french_bread,807,0.969330
FKIT,S+X2_M1_r0,french_bread,808,0.971845
FKIT,S+X2_M1_r0,french_bread,809,0.972813
FKIT,S+X2_M1_r0,french_bread,810,0.972769
FKIT,S+X2_M1_r0,french_bread,811,0.973247
FKIT,S+X2_M1_r0,french_bread,812,0.970341
FKIT,S+X2_M1_r0,french_bread,813,0.972693
FKIT,S+X2_M1_r0,french_bread,814,0.975416
FKIT,S+X2_M1_r0,french_bread,815,0.976077
FKIT,S+X2_M1_r0,french_bread,816,0.977618
FKIT,S+X2_M1_r0,french_bread,817,0.976061
FKIT,S+X2_M1_r0,french_bread,818,0.977730
FKIT,S+X2_M1_r0,french_bread,819,0.978108
FKIT,S+X2_M1_r0,french_bread,820,0.980094
FKIT,S+X2_M1_r0,french_bread,821,0.977229
FKIT,S+X2_M1_r0,french_bread,822,0.978582
FKIT,S+X2_M1_r0,french_bread,823,0.978190
FKIT,S+X2_M1_r0,french_bread,824,0.980121
FKIT,S+X2_M1_r0,french_bread,825,0.982120
FKIT,S+X2_M1_r0,french_bread,826,0.981559
FKIT,S+X2_M1_r0,french_bread,827,0.980452
FKIT,S+X2_M1_r0,french_bread,828,0.980245
FKIT,S+X2_M1_r0,french_bread,829,0.978666
FKIT,S+X2_M1_r0,french_bread,830,0.978650
FKIT,S+X2_M1_r0,french_bread,831,0.980096
FKIT,S+X2_M1_r0,french_bread,832,0.978361
FKIT,S+X2_M1_r0,french_bread,833,0.977745
FKIT,S+X2_M1_r0,french_bread,834,0.978264
FKIT,S+X2_M1_r0,french_bread,835,0.979019
FKIT,S+X2_M1_r0,french_bread,836,0.977392
FKIT,S+X2_M1_r0,french_bread,837,0.975537
FKIT,S+X2_M1_r0,french_bread,838,0.974093
FKIT,S+X2_M1_r0,french_bread,839,0.974958
FKIT,S+X2_M1_r0,french_bread,840,0.973510
FKIT,S+X2_M1_r0,french_bread,841,0.974467
FKIT,S+X2_M1_r0,french_bread,842,0.974613
FKIT,S+X2_M1_r0,french_bread,843,0.976758
FKIT,S+X2_M1_r0,french_bread,844,0.974912
FKIT,S+X2_M1_r0,french_bread,845,0.973580
FKIT,S+X2_M1_r0,french_bread,846,0.974512
FKIT,S+X2_M1_r0,french_bread,847,0.972324
FKIT,S+X2_M1_r0,french_bread,848,0.971299
FKIT,S+X2_M1_r0,french_bread,849,0.972516
FKIT,S+X2_M1_r0,french_bread,850,0.975182
FKIT,S+X2_M1_r0,french_bread,851,0.975581
FKIT,S+X2_M1_r0,french_bread,852,0.972684
FKIT,S+X2_M1_r0,french_bread,853,0.975629
FKIT,S+X2_M1_r0,french_bread,854,0.974406
FKIT,S+X2_M1_r0,french_bread,855,0.977936
FKIT,S+X2_M1_r0,french_bread,856,0.978055
FKIT,S+X2_M1_r0,french_bread,857,0.976317
FKIT,S+X2_M1_r0,french_bread,858,0.977841
FKIT,S+X2_M1_r0,french_bread,859,0.978136
FKIT,S+X2_M1_r0,french_bread,860,0.979036
FKIT,S+X2_M1_r0,french_bread,861,0.977754
FKIT,S+X2_M1_r0,french_bread,862,0.980770
FKIT,S+X2_M1_r0,french_bread,863,0.977496
FKIT,S+X2_M1_r0,french_bread,864,0.979884
FKIT,S+X2_M1_r0,french_bread,865,0.980867
FKIT,S+X2_M1_r0,french_bread,866,0.982823
FKIT,S+X2_M1_r0,french_bread,867,0.981683
FKIT,S+X2_M1_r0,french_bread,868,0.981520
FKIT,S+X2_M1_r0,french_bread,869,0.981299
FKIT,S+X2_M1_r0,french_bread,870,0.980341
FKIT,S+X2_M1_r0,french_bread,871,0.980409
FKIT,S+X2_M1_r0,french_bread,872,0.981774
FKIT,S+X2_M1_r0,french_bread,873,0.981379
FKIT,S+X2_M1_r0,french_bread,874,0.983535
FKIT,S+X2_M1_r0,french_bread,875,0.983497
FKIT,S+X2_M1_r0,french_bread,876,0.983643
FKIT,S+X2_M1_r0,french_bread,877,0.984197
FKIT,S+X2_M1_r0,french_bread,878,0.982909
FKIT,S+X2_M1_r0,french_bread,879,0.982743
FKIT,S+X2_M1_r0,french_bread,880,0.981155
FKIT,S+X2_M1_r0,french_bread,881,0.979277
FKIT,S+X2_M1_r0,french_bread,882,0.976608
FKIT,S+X2_M1_r0,french_bread,883,0.980907
FKIT,S+X2_M1_r0,french_bread,884,0.978124
FKIT,S+X2_M1_r0,french_bread,885,0.979390
FKIT,S+X2_M1_r0,french_bread,886,0.977590
FKIT,S+X2_M1_r0,french_bread,887,0.975867
FKIT,S+X2_M1_r0,french_bread,888,0.976565
FKIT,S+X2_M1_r0,french_bread,889,0.977825
FKIT,S+X2_M1_r0,french_bread,890,0.975956
FKIT,S+X2_M1_r0,french_bread,891,0.976386
FKIT,S+X2_M1_r0,french_bread,892,0.979013
FKIT,S+X2_M1_r0,french_bread,893,0.979710
FKIT,S+X2_M1_r0,french_bread,894,0.981777
FKIT,S+X2_M1_r0,french_bread,895,0.982840
FKIT,S+X2_M1_r0,french_bread,896,0.982044
FKIT,S+X2_M1_r0,french_bread,897,0.983085
FKIT,S+X2_M1_r0,french_bread,898,0.982601
FKIT,S+X2_M1_r0,french_bread,899,0.980645
FKIT,S+X2_M1_r0,french_bread,900,0.982265
FKIT,S+X2_M1_r0,french_bread,901,0.980862
FKIT,S+X2_M1_r0,french_bread,902,0.980779
FKIT,S+X2_M1_r0,french_bread,903,0.980492
FKIT,S+X2_M1_r0,french_bread,904,0.980870
FKIT,S+X2_M1_r0,french_bread,905,0.982835
FKIT,S+X2_M1_r0,french_bread,906,0.982611
FKIT,S+X2_M1_r0,french_bread,907,0.980251
FKIT,S+X2_M1_r0,french_bread,908,0.978484
FKIT,S+X2_M1_r0,french_bread,909,0.980207
FKIT,S+X2_M1_r0,french_bread,910,0.976580
FKIT,S+X2_M1_r0,french_bread,911,0.975453
FKIT,S+X2_M1_r0,french_bread,912,0.974909
FKIT,S+X2_M1_r0,french_bread,913,0.977916
FKIT,S+X2_M1_r0,french_bread,914,0.973256
FKIT,S+X2_M1_r0,french_bread,915,0.970716
FKIT,S+X2_M1_r0,french_bread,916,0.972398
FKIT,S+X2_M1_r0,french_bread,917,0.969581
FKIT,S+X2_M1_r0,french_bread,918,0.969300
FKIT,S+X2_M1_r0,french_bread,919,0.967881
FKIT,S+X2_M1_r0,french_bread,920,0.964723
FKIT,S+X2_M1_r0,french_bread,921,0.962470
FKIT,S+X2_M1_r0,french_bread,922,0.963914
FKIT,S+X2_M1_r0,french_bread,923,0.963538
FKIT,S+X2_M1_r0,french_bread,924,0.965545
FKIT,S+X2_M1_r0,french_bread,925,0.967051
FKIT,S+X2_M1_r0,french_bread,926,0.962380
FKIT,S+X2_M1_r0,french_bread,927,0.964111
FKIT,S+X2_M1_r0,french_bread,928,0.958531
FKIT,S+X2_M1_r0,french_bread,929,0.961154
FKIT,S+X2_M1_r0,french_bread,930,0.960331
FKIT,S+X2_M1_r0,french_bread,931,0.958074
FKIT,S+X2_M1_r0,french_bread,932,0.962799
FKIT,S+X2_M1_r0,french_bread,933,0.959103
FKIT,S+X2_M1_r0,french_bread,934,0.962081
FKIT,S+X2_M1_r0,french_bread,935,0.961445
FKIT,S+X2_M1_r0,french_bread,936,0.962722
FKIT,S+X2_M1_r0,french_bread,937,0.963743
FKIT,S+X2_M1_r0,french_bread,938,0.965573
FKIT,S+X2_M1_r0,french_bread,939,0.963470
FKIT,S+X2_M1_r0,french_bread,940,0.965829
FKIT,S+X2_M1_r0,french_bread,941,0.968872
FKIT,S+X2_M1_r0,french_bread,942,0.966707
FKIT,S+X2_M1_r0,french_bread,943,0.968123
FKIT,S+X2_M1_r0,french_bread,944,0.972106
FKIT,S+X2_M1_r0,french_bread,945,0.972533
FKIT,S+X2_M1_r0,french_bread,946,0.975763
FKIT,S+X2_M1_r0,french_bread,947,0.975455
FKIT,S+X2_M1_r0,french_bread,948,0.975533
FKIT,S+X2_M1_r0,french_bread,949,0.975587
FKIT,S+X2_M1_r0,french_bread,950,0.977318
FKIT,S+X2_M1_r0,french_bread,951,0.978937
FKIT,S+X2_M1_r0,french_bread,952,0.978255
FKIT,S+X2_M1_r0,french_bread,953,0.977526
FKIT,S+X2_M1_r0,french_bread,954,0.976059
FKIT,S+X2_M1_r0,french_bread,955,0.977018
FKIT,S+X2_M1_r0,french_bread,956,0.976828
FKIT,S+X2_M1_r0,french_bread,957,0.975838
FKIT,S+X2_M1_r0,french_bread,958,0.977640
FKIT,S+X2_M1_r0,french_bread,959,0.976896
FKIT,S+X2_M1_r0,french_bread,960,0.976919
FKIT,S+X2_M1_r0,french_bread,961,0.976720
FKIT,S+X2_M1_r0,french_bread,962,0.974012
FKIT,S+X2_M1_r0,french_bread,963,0.972739
FKIT,S+X2_M1_r0,french_bread,964,0.978843
FKIT,S+X2_M1_r0,french_bread,965,0.978150
FKIT,S+X2_M1_r0,french_bread,966,0.980347
FKIT,S+X2_M1_r0,french_bread,967,0.981803
FKIT,S+X2_M1_r0,french_bread,968,0.979763
FKIT,S+X2_M1_r0,french_bread,969,0.977428
FKIT,S+X2_M1_r0,french_bread,970,0.978284
FKIT,S+X2_M1_r0,french_bread,971,0.980243
FKIT,S+X2_M1_r0,french_bread,972,0.977942
FKIT,S+X2_M1_r0,french_bread,973,0.977206
FKIT,S+X2_M1_r0,french_bread,974,0.978133
FKIT,S+X2_M1_r0,french_bread,975,0.976678
FKIT,S+X2_M1_r0,french_bread,976,0.975788
FKIT,S+X2_M1_r0,french_bread,977,0.975580
FKIT,S+X2_M1_r0,french_bread,978,0.972338
FKIT,S+X2_M1_r0,french_bread,979,0.971940
FKIT,S+X2_M1_r0,french_bread,980,0.971515
FKIT,S+X2_M1_r0,french_bread,981,0.973235
FKIT,S+X2_M1_r0,french_bread,982,0.971633
FKIT,S+X2_M1_r0,french_bread,983,0.972277
FKIT,S+X2_M1_r0,french_bread,984,0.970550
FKIT,S+X2_M1_r0,french_bread,985,0.971803
FKIT,S+X2_M1_r0,french_bread,986,0.969991
FKIT,S+X2_M1_r0,french_bread,987,0.970114
FKIT,S+X2_M1_r0,french_bread,988,0.970107
FKIT,S+X2_M1_r0,french_bread,989,0.970474
FKIT,S+X2_M1_r0,french_bread,990,0.970265
FKIT,S+X2_M1_r0,french_bread,991,0.970975
FKIT,S+X2_M1_r0,french_bread,992,0.971079
FKIT,S+X2_M1_r0,french_bread,993,0.970407
FKIT,S+X2_M1_r0,french_bread,994,0.975562
FKIT,S+X2_M1_r0,french_bread,995,0.976973
FKIT,S+X2_M1_r0,french_bread,996,0.974757
FKIT,S+X2_M1_r0,french_bread,997,0.976998
FKIT,S+X2_M1_r0,french_bread,998,0.974107
FKIT,S+X2_M1_r0,french_bread,999,0.974360
FKIT,S+X2_M1_r0,french_bread,1000,0.975430
FKIT,S+X2_M1_r0,french_bread,1001,0.974969
FKIT,S+X2_M1_r0,french_bread,1002,0.977717
FKIT,S+X2_M1_r0,french_bread,1003,0.980076
FKIT,S+X2_M1_r0,french_bread,1004,0.980113
FKIT,S+X2_M1_r0,french_bread,1005,0.979120
FKIT,S+X2_M1_r0,french_bread,1006,0.976855
FKIT,S+X2_M1_r0,french_bread,1007,0.975404
FKIT,S+X2_M1_r0,french_bread,1008,0.973720
FKIT,S+X2_M1_r0,french_bread,1009,0.974325
FKIT,S+X2_M1_r0,french_bread,1010,0.973125
FKIT,S+X2_M1_r0,french_bread,1011,0.975791
FKIT,S+X2_M1_r0,french_bread,1012,0.978142
FKIT,S+X2_M1_r0,french_bread,1013,0.977219
FKIT,S+X2_M1_r0,french_bread,1014,0.977393
FKIT,S+X2_M1_r0,french_bread,1015,0.975985
FKIT,S+X2_M1_r0,french_bread,1016,0.977384
FKIT,S+X2_M1_r0,french_bread,1017,0.976391
FKIT,S+X2_M1_r0,french_bread,1018,0.978467
FKIT,S+X2_M1_r0,french_bread,1019,0.977603
FKIT,S+X2_M1_r0,french_bread,1020,0.969877
FKIT,S+X2_M1_r0,french_bread,1021,0.974717
FKIT,S+X2_M1_r0,french_bread,1022,0.973005
FKIT,S+X2_M1_r0,french_bread,1023,0.972304
FKIT,S+X2_M1_r0,french_bread,1024,0.975754
FKIT,S+X2_M1_r0,french_bread,1025,0.967513
FKIT,S+X2_M1_r0,french_bread,1026,0.969118
FKIT,S+X2_M1_r0,french_bread,1027,0.970721
FKIT,S+X2_M1_r0,french_bread,1028,0.970684
FKIT,S+X2_M1_r0,french_bread,1029,0.967314
FKIT,S+X2_M1_r0,french_bread,1030,0.971737
FKIT,S+X2_M1_r0,french_bread,1031,0.968195
FKIT,S+X2_M1_r0,french_bread,1032,0.968240
FKIT,S+X2_M1_r0,french_bread,1033,0.965837
FKIT,S+X2_M1_r0,french_bread,1034,0.968465
FKIT,S+X2_M1_r0,french_bread,1035,0.973095
FKIT,S+X2_M1_r0,french_bread,1036,0.965098
FKIT,S+X2_M1_r0,french_bread,1037,0.956095
FKIT,S+X2_M1_r0,french_bread,1038,0.958165
FKIT,S+X2_M1_r0,french_bread,1039,0.967469
FKIT,S+X2_M1_r0,french_bread,1040,0.965512
FKIT,S+X2_M1_r0,french_bread,1041,0.968575
FKIT,S+X2_M1_r0,french_bread,1042,0.964182
FKIT,S+X2_M1_r0,french_bread,1043,0.968938
FKIT,S+X2_M1_r0,french_bread,1044,0.971778
FKIT,S+X2_M1_r0,french_bread,1045,0.970201
FKIT,S+X2_M1_r0,french_bread,1046,0.966689
FKIT,S+X2_M1_r0,french_bread,1047,0.970557
FKIT,S+X2_M1_r0,french_bread,1048,0.967574
FKIT,S+X2_M1_r0,french_bread,1049,0.969161
FKIT,S+X2_M1_r0,french_bread,1050,0.970995
FKIT,S+X2_M1_r0,french_bread,1051,0.969133
FKIT,S+X2_M1_r0,french_bread,1052,0.968701
FKIT,S+X2_M1_r0,french_bread,1053,0.966689
FKIT,S+X2_M1_r0,french_bread,1054,0.965549
FKIT,S+X2_M1_r0,french_bread,1055,0.962852
FKIT,S+X2_M1_r0,french_bread,1056,0.962384
FKIT,S+X2_M1_r0,french_bread,1057,0.959942
FKIT,S+X2_M1_r0,french_bread,1058,0.960214
FKIT,S+X2_M1_r0,french_bread,1059,0.957426
FKIT,S+X2_M1_r0,french_bread,1060,0.955448
FKIT,S+X2_M1_r0,french_bread,1061,0.955110
FKIT,S+X2_M1_r0,french_bread,1062,0.958476
FKIT,S+X2_M1_r0,french_bread,1063,0.955952
FKIT,S+X2_M1_r0,french_bread,1064,0.956514
FKIT,S+X2_M1_r0,french_bread,1065,0.955116
FKIT,S+X2_M1_r0,french_bread,1066,0.958274
FKIT,S+X2_M1_r0,french_bread,1067,0.956675
FKIT,S+X2_M1_r0,french_bread,1068,0.958777
FKIT,S+X2_M1_r0,french_bread,1069,0.961111
FKIT,S+X2_M1_r0,french_bread,1070,0.962814
FKIT,S+X2_M1_r0,french_bread,1071,0.962110
FKIT,S+X2_M1_r0,french_bread,1072,0.964447
FKIT,S+X2_M1_r0,french_bread,1073,0.966557
FKIT,S+X2_M1_r0,french_bread,1074,0.967631
FKIT,S+X2_M1_r0,french_bread,1075,0.967965
FKIT,S+X2_M1_r0,french_bread,1076,0.970002
FKIT,S+X2_M1_r0,french_bread,1077,0.970006
FKIT,S+X2_M1_r0,french_bread,1078,0.967365
FKIT,S+X2_M1_r0,french_bread,1079,0.967898
FKIT,S+X2_M1_r0,french_bread,1080,0.969598
FKIT,S+X2_M1_r0,french_bread,1081,0.969676
FKIT,S+X2_M1_r0,french_bread,1082,0.969516
FKIT,S+X2_M1_r0,french_bread,1083,0.967483
FKIT,S+X2_M1_r0,french_bread,1084,0.972299
FKIT,S+X2_M1_r0,french_bread,1085,0.970444
FKIT,S+X2_M1_r0,french_bread,1086,0.972513
FKIT,S+X2_M1_r0,french_bread,1087,0.974330
FKIT,S+X2_M1_r0,french_bread,1088,0.977098
FKIT,S+X2_M1_r0,french_bread,1089,0.974434
FKIT,S+X2_M1_r0,french_bread,1090,0.975527
FKIT,S+X2_M1_r0,french_bread,1091,0.977950
FKIT,S+X2_M1_r0,french_bread,1092,0.973328
FKIT,S+X2_M1_r0,french_bread,1093,0.975880
FKIT,S+X2_M1_r0,french_bread,1094,0.978450
FKIT,S+X2_M1_r0,french_bread,1095,0.975747
FKIT,S+X2_M1_r0,french_bread,1096,0.977306
FKIT,S+X2_M1_r0,french_bread,1097,0.976380
FKIT,S+X2_M1_r0,french_bread,1098,0.978741
FKIT,S+X2_M1_r0,french_bread,1099,0.977642
FKIT,S+X2_M1_r0,french_bread,1100,0.973785
FKIT,S+X2_M1_r0,french_bread,1101,0.975531
FKIT,S+X2_M1_r0,french_bread,1102,0.972630
FKIT,S+X2_M1_r0,french_bread,1103,0.974472
FKIT,S+X2_M1_r0,french_bread,1104,0.970156
FKIT,S+X2_M1_r0,french_bread,1105,0.974850
FKIT,S+X2_M1_r0,french_bread,1106,0.976057
FKIT,S+X2_M1_r0,french_bread,1107,0.974704
FKIT,S+X2_M1_r0,french_bread,1108,0.974519
FKIT,S+X2_M1_r0,french_bread,1109,0.974135
FKIT,S+X2_M1_r0,french_bread,1110,0.974846
FKIT,S+X2_M1_r0,french_bread,1111,0.975054
FKIT,S+X2_M1_r0,french_bread,1112,0.973954
FKIT,S+X2_M1_r0,french_bread,1113,0.974169
FKIT,S+X2_M1_r0,french_bread,1114,0.975931
FKIT,S+X2_M1_r0,french_bread,1115,0.975943
FKIT,S+X2_M1_r0,french_bread,1116,0.970286
FKIT,S+X2_M1_r0,french_bread,1117,0.972111
FKIT,S+X2_M1_r0,french_bread,1118,0.971360
FKIT,S+X2_M1_r0,french_bread,1119,0.971858
FKIT,S+X2_M1_r0,french_bread,1120,0.972077
FKIT,S+X2_M1_r0,french_bread,1121,0.973366
FKIT,S+X2_M1_r0,french_bread,1122,0.972665
FKIT,S+X2_M1_r0,french_bread,1123,0.972439
FKIT,S+X2_M1_r0,french_bread,1124,0.975193
FKIT,S+X2_M1_r0,french_bread,1125,0.972658
FKIT,S+X2_M1_r0,french_bread,1126,0.974625
FKIT,S+X2_M1_r0,french_bread,1127,0.975146
FKIT,S+X2_M1_r0,french_bread,1128,0.976408
FKIT,S+X2_M1_r0,french_bread,1129,0.974932
FKIT,S+X2_M1_r0,french_bread,1130,0.976366
FKIT,S+X2_M1_r0,french_bread,1131,0.976879
FKIT,S+X2_M1_r0,french_bread,1132,0.977579
FKIT,S+X2_M1_r0,french_bread,1133,0.977619
FKIT,S+X2_M1_r0,french_bread,1134,0.978158
FKIT,S+X2_M1_r0,french_bread,1135,0.977525
FKIT,S+X2_M1_r0,french_bread,1136,0.977501
FKIT,S+X2_M1_r0,french_bread,1137,0.979178
FKIT,S+X2_M1_r0,french_bread,1138,0.980091
FKIT,S+X2_M1_r0,lemon,0,0.965844
FKIT,S+X2_M1_r0,lemon,1,0.975503
FKIT,S+X2_M1_r0,lemon,2,0.970087
FKIT,S+X2_M1_r0,lemon,3,0.969017
FKIT,S+X2_M1_r0,lemon,4,0.967932
FKIT,S+X2_M1_r0,lemon,5,0.963008
FKIT,S+X2_M1_r0,lemon,6,0.967774
FKIT,S+X2_M1_r0,lemon,7,0.970453
FKIT,S+X2_M1_r0,lemon,8,0.968941
FKIT,S+X2_M1_r0,lemon,9,0.968872
FKIT,S+X2_M1_r0,lemon,10,0.971770
FKIT,S+X2_M1_r0,lemon,11,0.978873
FKIT,S+X2_M1_r0,lemon,12,0.977470
FKIT,S+X2_M1_r0,lemon,13,0.973677
FKIT,S+X2_M1_r0,lemon,14,0.978367
FKIT,S+X2_M1_r0,lemon,15,0.977852
FKIT,S+X2_M1_r0,lemon,16,0.974935
FKIT,S+X2_M1_r0,lemon,17,0.976646
FKIT,S+X2_M1_r0,lemon,18,0.976762
FKIT,S+X2_M1_r0,lemon,19,0.975298
FKIT,S+X2_M1_r0,lemon,20,0.976934
FKIT,S+X2_M1_r0,lemon,21,0.975108
FKIT,S+X2_M1_r0,lemon,22,0.974939
FKIT,S+X2_M1_r0,lemon,23,0.975781
FKIT,S+X2_M1_r0,lemon,24,0.978477
FKIT,S+X2_M1_r0,lemon,25,0.977720
FKIT,S+X2_M1_r0,lemon,26,0.976601
FKIT,S+X2_M1_r0,lemon,27,0.977120
FKIT,S+X2_M1_r0,lemon,28,0.975007
FKIT,S+X2_M1_r0,lemon,29,0.979215
FKIT,S+X2_M1_r0,lemon,30,0.976802
FKIT,S+X2_M1_r0,lemon,31,0.976643
FKIT,S+X2_M1_r0,lemon,32,0.976089
FKIT,S+X2_M1_r0,lemon,33,0.975294
FKIT,S+X2_M1_r0,lemon,34,0.975290
FKIT,S+X2_M1_r0,lemon,35,0.977015
FKIT,S+X2_M1_r0,lemon,36,0.976746
FKIT,S+X2_M1_r0,lemon,37,0.978921
FKIT,S+X2_M1_r0,lemon,38,0.978478
FKIT,S+X2_M1_r0,lemon,39,0.979253
FKIT,S+X2_M1_r0,lemon,40,0.977329
FKIT,S+X2_M1_r0,lemon,41,0.976420
FKIT,S+X2_M1_r0,lemon,42,0.975677
FKIT,S+X2_M1_r0,lemon,43,0.975344
FKIT,S+X2_M1_r0,lemon,44,0.975954
FKIT,S+X2_M1_r0,lemon,45,0.973170
FKIT,S+X2_M1_r0,lemon,46,0.976258
FKIT,S+X2_M1_r0,lemon,47,0.977841
FKIT,S+X2_M1_r0,lemon,48,0.975600
FKIT,S+X2_M1_r0,lemon,49,0.975796
FKIT,S+X2_M1_r0,lemon,50,0.975564
FKIT,S+X2_M1_r0,lemon,51,0.975620
FKIT,S+X2_M1_r0,lemon,52,0.976227
FKIT,S+X2_M1_r0,lemon,53,0.977981
FKIT,S+X2_M1_r0,lemon,54,0.978674
FKIT,S+X2_M1_r0,lemon,55,0.976185
FKIT,S+X2_M1_r0,lemon,56,0.976953
FKIT,S+X2_M1_r0,lemon,57,0.975960
FKIT,S+X2_M1_r0,lemon,58,0.977881
FKIT,S+X2_M1_r0,lemon,59,0.976368
FKIT,S+X2_M1_r0,lemon,60,0.975574
FKIT,S+X2_M1_r0,lemon,61,0.978645
FKIT,S+X2_M1_r0,lemon,62,0.975724
FKIT,S+X2_M1_r0,lemon,63,0.975839
FKIT,S+X2_M1_r0,lemon,64,0.977382
FKIT,S+X2_M1_r0,lemon,65,0.978825
FKIT,S+X2_M1_r0,lemon,66,0.977414
FKIT,S+X2_M1_r0,lemon,67,0.977041
FKIT,S+X2_M1_r0,lemon,68,0.978162
FKIT,S+X2_M1_r0,lemon,69,0.978357
FKIT,S+X2_M1_r0,lemon,70,0.977353
FKIT,S+X2_M1_r0,lemon,71,0.975174
FKIT,S+X2_M1_r0,lemon,72,0.976060
FKIT,S+X2_M1_r0,lemon,73,0.973354
FKIT,S+X2_M1_r0,lemon,74,0.981429
FKIT,S+X2_M1_r0,lemon,75,0.976188
FKIT,S+X2_M1_r0,lemon,76,0.977535
FKIT,S+X2_M1_r0,lemon,77,0.978193
FKIT,S+X2_M1_r0,lemon,78,0.976395
FKIT,S+X2_M1_r0,lemon,79,0.977796
FKIT,S+X2_M1_r0,lemon,80,0.978574
FKIT,S+X2_M1_r0,lemon,81,0.974626
FKIT,S+X2_M1_r0,lemon,82,0.976714
FKIT,S+X2_M1_r0,lemon,83,0.979755
FKIT,S+X2_M1_r0,lemon,84,0.980470
FKIT,S+X2_M1_r0,lemon,85,0.980473
FKIT,S+X2_M1_r0,lemon,86,0.979119
FKIT,S+X2_M1_r0,lemon,87,0.981343
FKIT,S+X2_M1_r0,lemon,88,0.978963
FKIT,S+X2_M1_r0,lemon,89,0.978768
FKIT,S+X2_M1_r0,lemon,90,0.980601
FKIT,S+X2_M1_r0,lemon,91,0.977593
FKIT,S+X2_M1_r0,lemon,92,0.979491
FKIT,S+X2_M1_r0,lemon,93,0.977359
FKIT,S+X2_M1_r0,lemon,94,0.980270
FKIT,S+X2_M1_r0,lemon,95,0.979304
FKIT,S+X2_M1_r0,lemon,96,0.980322
FKIT,S+X2_M1_r0,lemon,97,0.978507
FKIT,S+X2_M1_r0,lemon,98,0.980269
FKIT,S+X2_M1_r0,lemon,99,0.977059
FKIT,S+X2_M1_r0,lemon,100,0.979419
FKIT,S+X2_M1_r0,lemon,101,0.977109
FKIT,S+X2_M1_r0,lemon,102,0.979527
FKIT,S+X2_M1_r0,lemon,103,0.978239
FKIT,S+X2_M1_r0,lemon,104,0.980291
FKIT,S+X2_M1_r0,lemon,105,0.979212
FKIT,S+X2_M1_r0,lemon,106,0.978276
FKIT,S+X2_M1_r0,lemon,107,0.978502
FKIT,S+X2_M1_r0,lemon,108,0.977429
FKIT,S+X2_M1_r0,lemon,109,0.979962
FKIT,S+X2_M1_r0,lemon,110,0.976240
FKIT,S+X2_M1_r0,lemon,111,0.975791
FKIT,S+X2_M1_r0,lemon,112,0.980549
FKIT,S+X2_M1_r0,lemon,113,0.981208
FKIT,S+X2_M1_r0,lemon,114,0.980564
FKIT,S+X2_M1_r0,lemon,115,0.978528
FKIT,S+X2_M1_r0,lemon,116,0.978652
FKIT,S+X2_M1_r0,lemon,117,0.979087
FKIT,S+X2_M1_r0,lemon,118,0.976542
FKIT,S+X2_M1_r0,lemon,119,0.981110
FKIT,S+X2_M1_r0,lemon,120,0.978126
FKIT,S+X2_M1_r0,lemon,121,0.980305
FKIT,S+X2_M1_r0,lemon,122,0.977813
FKIT,S+X2_M1_r0,lemon,123,0.978088
FKIT,S+X2_M1_r0,lemon,124,0.982464
FKIT,S+X2_M1_r0,lemon,125,0.981508
FKIT,S+X2_M1_r0,lemon,126,0.981501
FKIT,S+X2_M1_r0,lemon,127,0.980733
FKIT,S+X2_M1_r0,lemon,128,0.980094
FKIT,S+X2_M1_r0,lemon,129,0.981671
FKIT,S+X2_M1_r0,lemon,130,0.982305
FKIT,S+X2_M1_r0,lemon,131,0.978016
FKIT,S+X2_M1_r0,lemon,132,0.979043
FKIT,S+X2_M1_r0,lemon,133,0.979590
FKIT,S+X2_M1_r0,lemon,134,0.983977
FKIT,S+X2_M1_r0,lemon,135,0.981086
FKIT,S+X2_M1_r0,lemon,136,0.981634
FKIT,S+X2_M1_r0,lemon,137,0.983391
FKIT,S+X2_M1_r0,lemon,138,0.978965
FKIT,S+X2_M1_r0,lemon,139,0.981548
FKIT,S+X2_M1_r0,lemon,140,0.979826
FKIT,S+X2_M1_r0,lemon,141,0.974039
FKIT,S+X2_M1_r0,lemon,142,0.976965
FKIT,S+X2_M1_r0,lemon,143,0.979112
FKIT,S+X2_M1_r0,lemon,144,0.981322
FKIT,S+X2_M1_r0,lemon,145,0.974871
FKIT,S+X2_M1_r0,lemon,146,0.980599
FKIT,S+X2_M1_r0,lemon,147,0.977193
FKIT,S+X2_M1_r0,lemon,148,0.976516
FKIT,S+X2_M1_r0,lemon,149,0.975969
FKIT,S+X2_M1_r0,lemon,150,0.978484
FKIT,S+X2_M1_r0,lemon,151,0.970902
FKIT,S+X2_M1_r0,lemon,152,0.975445
FKIT,S+X2_M1_r0,lemon,153,0.972989
FKIT,S+X2_M1_r0,lemon,154,0.978138
FKIT,S+X2_M1_r0,lemon,155,0.978071
FKIT,S+X2_M1_r0,lemon,156,0.975825
FKIT,S+X2_M1_r0,lemon,157,0.977328
FKIT,S+X2_M1_r0,lemon,158,0.977455
FKIT,S+X2_M1_r0,lemon,159,0.975249
FKIT,S+X2_M1_r0,lemon,160,0.975544
FKIT,S+X2_M1_r0,lemon,161,0.976420
FKIT,S+X2_M1_r0,lemon,162,0.975724
FKIT,S+X2_M1_r0,lemon,163,0.973249
FKIT,S+X2_M1_r0,lemon,164,0.978617
FKIT,S+X2_M1_r0,lemon,165,0.979290
FKIT,S+X2_M1_r0,lemon,166,0.976410
FKIT,S+X2_M1_r0,lemon,167,0.977229
FKIT,S+X2_M1_r0,lemon,168,0.977835
FKIT,S+X2_M1_r0,lemon,169,0.977863
FKIT,S+X2_M1_r0,lemon,170,0.976199
FKIT,S+X2_M1_r0,lemon,171,0.974892
FKIT,S+X2_M1_r0,lemon,172,0.975763
FKIT,S+X2_M1_r0,lemon,173,0.976219
FKIT,S+X2_M1_r0,lemon,174,0.978507
FKIT,S+X2_M1_r0,lemon,175,0.979979
FKIT,S+X2_M1_r0,lemon,176,0.977411
FKIT,S+X2_M1_r0,lemon,177,0.977162
FKIT,S+X2_M1_r0,lemon,178,0.979301
FKIT,S+X2_M1_r0,lemon,179,0.973422
FKIT,S+X2_M1_r0,lemon,180,0.976435
FKIT,S+X2_M1_r0,lemon,181,0.974585
FKIT,S+X2_M1_r0,lemon,182,0.973291
FKIT,S+X2_M1_r0,lemon,183,0.975619
FKIT,S+X2_M1_r0,lemon,184,0.977670
FKIT,S+X2_M1_r0,lemon,185,0.976785
FKIT,S+X2_M1_r0,lemon,186,0.975797
FKIT,S+X2_M1_r0,lemon,187,0.976539
FKIT,S+X2_M1_r0,lemon,188,0.975379
FKIT,S+X2_M1_r0,lemon,189,0.974522
FKIT,S+X2_M1_r0,lemon,190,0.974572
FKIT,S+X2_M1_r0,lemon,191,0.976005
FKIT,S+X2_M1_r0,lemon,192,0.976915
FKIT,S+X2_M1_r0,lemon,193,0.974101
FKIT,S+X2_M1_r0,lemon,194,0.977155
FKIT,S+X2_M1_r0,lemon,195,0.978329
FKIT,S+X2_M1_r0,lemon,196,0.979419
FKIT,S+X2_M1_r0,lemon,197,0.978611
FKIT,S+X2_M1_r0,lemon,198,0.977669
FKIT,S+X2_M1_r0,lemon,199,0.978622
FKIT,S+X2_M1_r0,lemon,200,0.979326
FKIT,S+X2_M1_r0,lemon,201,0.979832
FKIT,S+X2_M1_r0,lemon,202,0.977787
FKIT,S+X2_M1_r0,lemon,203,0.978870
FKIT,S+X2_M1_r0,lemon,204,0.981156
FKIT,S+X2_M1_r0,lemon,205,0.980224
FKIT,S+X2_M1_r0,lemon,206,0.981481
FKIT,S+X2_M1_r0,lemon,207,0.979621
FKIT,S+X2_M1_r0,lemon,208,0.980907
FKIT,S+X2_M1_r0,lemon,209,0.979692
FKIT,S+X2_M1_r0,lemon,210,0.979408
FKIT,S+X2_M1_r0,lemon,211,0.979521
FKIT,S+X2_M1_r0,lemon,212,0.975424
FKIT,S+X2_M1_r0,lemon,213,0.977471
FKIT,S+X2_M1_r0,lemon,214,0.979000
FKIT,S+X2_M1_r0,lemon,215,0.977174
FKIT,S+X2_M1_r0,lemon,216,0.975634
FKIT,S+X2_M1_r0,lemon,217,0.976104
FKIT,S+X2_M1_r0,lemon,218,0.976849
FKIT,S+X2_M1_r0,lemon,219,0.977284
FKIT,S+X2_M1_r0,lemon,220,0.977677
FKIT,S+X2_M1_r0,lemon,221,0.975150
FKIT,S+X2_M1_r0,lemon,222,0.978811
FKIT,S+X2_M1_r0,lemon,223,0.978167
FKIT,S+X2_M1_r0,lemon,224,0.976793
FKIT,S+X2_M1_r0,lemon,225,0.979220
FKIT,S+X2_M1_r0,lemon,226,0.981470
FKIT,S+X2_M1_r0,lemon,227,0.979314
FKIT,S+X2_M1_r0,lemon,228,0.981261
FKIT,S+X2_M1_r0,lemon,229,0.981615
FKIT,S+X2_M1_r0,lemon,230,0.981806
FKIT,S+X2_M1_r0,lemon,231,0.979571
FKIT,S+X2_M1_r0,lemon,232,0.980839
FKIT,S+X2_M1_r0,lemon,233,0.980024
FKIT,S+X2_M1_r0,lemon,234,0.981250
FKIT,S+X2_M1_r0,lemon,235,0.982765
FKIT,S+X2_M1_r0,lemon,236,0.983131
FKIT,S+X2_M1_r0,lemon,237,0.982057
FKIT,S+X2_M1_r0,lemon,238,0.980797
FKIT,S+X2_M1_r0,lemon,239,0.982296
FKIT,S+X2_M1_r0,lemon,240,0.981949
FKIT,S+X2_M1_r0,lemon,241,0.981480
FKIT,S+X2_M1_r0,lemon,242,0.980147
FKIT,S+X2_M1_r0,lemon,243,0.979231
FKIT,S+X2_M1_r0,lemon,244,0.981468
FKIT,S+X2_M1_r0,lemon,245,0.979991
FKIT,S+X2_M1_r0,lemon,246,0.978910
FKIT,S+X2_M1_r0,lemon,247,0.976763
FKIT,S+X2_M1_r0,lemon,248,0.977257
FKIT,S+X2_M1_r0,lemon,249,0.976232
FKIT,S+X2_M1_r0,lemon,250,0.977095
FKIT,S+X2_M1_r0,lemon,251,0.977894
FKIT,S+X2_M1_r0,lemon,252,0.979899
FKIT,S+X2_M1_r0,lemon,253,0.979030
FKIT,S+X2_M1_r0,lemon,254,0.978900
FKIT,S+X2_M1_r0,lemon,255,0.982658
FKIT,S+X2_M1_r0,lemon,256,0.977284
FKIT,S+X2_M1_r0,lemon,257,0.977917
FKIT,S+X2_M1_r0,lemon,258,0.977391
FKIT,S+X2_M1_r0,lemon,259,0.978676
FKIT,S+X2_M1_r0,lemon,260,0.982527
FKIT,S+X2_M1_r0,lemon,261,0.982206
FKIT,S+X2_M1_r0,lemon,262,0.979864
FKIT,S+X2_M1_r0,lemon,263,0.980134
FKIT,S+X2_M1_r0,lemon,264,0.979868
FKIT,S+X2_M1_r0,lemon,265,0.980646
FKIT,S+X2_M1_r0,lemon,266,0.981031
FKIT,S+X2_M1_r0,lemon,267,0.979838
FKIT,S+X2_M1_r0,lemon,268,0.981286
FKIT,S+X2_M1_r0,lemon,269,0.981632
FKIT,S+X2_M1_r0,lemon,270,0.981465
FKIT,S+X2_M1_r0,lemon,271,0.977748
FKIT,S+X2_M1_r0,lemon,272,0.980447
FKIT,S+X2_M1_r0,lemon,273,0.979892
FKIT,S+X2_M1_r0,lemon,274,0.981043
FKIT,S+X2_M1_r0,lemon,275,0.982660
FKIT,S+X2_M1_r0,lemon,276,0.980283
FKIT,S+X2_M1_r0,lemon,277,0.980574
FKIT,S+X2_M1_r0,lemon,278,0.979059
FKIT,S+X2_M1_r0,lemon,279,0.978626
FKIT,S+X2_M1_r0,lemon,280,0.977004
FKIT,S+X2_M1_r0,lemon,281,0.976966
FKIT,S+X2_M1_r0,lemon,282,0.978833
FKIT,S+X2_M1_r0,lemon,283,0.972664
FKIT,S+X2_M1_r0,lemon,284,0.979914
FKIT,S+X2_M1_r0,lemon,285,0.977744
FKIT,S+X2_M1_r0,lemon,286,0.975474
FKIT,S+X2_M1_r0,lemon,287,0.976434
FKIT,S+X2_M1_r0,lemon,288,0.974500
FKIT,S+X2_M1_r0,lemon,289,0.973535
FKIT,S+X2_M1_r0,lemon,290,0.974089
FKIT,S+X2_M1_r0,lemon,291,0.972964
FKIT,S+X2_M1_r0,lemon,292,0.971245
FKIT,S+X2_M1_r0,lemon,293,0.973508
FKIT,S+X2_M1_r0,lemon,294,0.969681
FKIT,S+X2_M1_r0,lemon,295,0.971391
FKIT,S+X2_M1_r0,lemon,296,0.972544
FKIT,S+X2_M1_r0,lemon,297,0.970695
FKIT,S+X2_M1_r0,lemon,298,0.971167
FKIT,S+X2_M1_r0,lemon,299,0.973649
FKIT,S+X2_M1_r0,lemon,300,0.971993
FKIT,S+X2_M1_r0,lemon,301,0.972463
FKIT,S+X2_M1_r0,lemon,302,0.971163
FKIT,S+X2_M1_r0,lemon,303,0.970825
FKIT,S+X2_M1_r0,lemon,304,0.972211
FKIT,S+X2_M1_r0,lemon,305,0.971007
FKIT,S+X2_M1_r0,lemon,306,0.971227
FKIT,S+X2_M1_r0,lemon,307,0.971289
FKIT,S+X2_M1_r0,lemon,308,0.970757
FKIT,S+X2_M1_r0,lemon,309,0.970893
FKIT,S+X2_M1_r0,lemon,310,0.971236
FKIT,S+X2_M1_r0,lemon,311,0.968665
FKIT,S+X2_M1_r0,lemon,312,0.970471
FKIT,S+X2_M1_r0,lemon,313,0.967471
FKIT,S+X2_M1_r0,lemon,314,0.969526
FKIT,S+X2_M1_r0,lemon,315,0.969575
FKIT,S+X2_M1_r0,lemon,316,0.967379
FKIT,S+X2_M1_r0,lemon,317,0.969720
FKIT,S+X2_M1_r0,lemon,318,0.969186
FKIT,S+X2_M1_r0,lemon,319,0.966697
FKIT,S+X2_M1_r0,lemon,320,0.966673
FKIT,S+X2_M1_r0,lemon,321,0.968348
FKIT,S+X2_M1_r0,lemon,322,0.970071
FKIT,S+X2_M1_r0,lemon,323,0.970161
FKIT,S+X2_M1_r0,lemon,324,0.972483
FKIT,S+X2_M1_r0,lemon,325,0.971085
FKIT,S+X2_M1_r0,lemon,326,0.969789
FKIT,S+X2_M1_r0,lemon,327,0.970758
FKIT,S+X2_M1_r0,lemon,328,0.966330
FKIT,S+X2_M1_r0,lemon,329,0.969399
FKIT,S+X2_M1_r0,lemon,330,0.963047
FKIT,S+X2_M1_r0,lemon,331,0.963619
FKIT,S+X2_M1_r0,lemon,332,0.966518
FKIT,S+X2_M1_r0,lemon,333,0.968514
FKIT,S+X2_M1_r0,lemon,334,0.968542
FKIT,S+X2_M1_r0,lemon,335,0.966640
FKIT,S+X2_M1_r0,lemon,336,0.971497
FKIT,S+X2_M1_r0,lemon,337,0.968463
FKIT,S+X2_M1_r0,lemon,338,0.966774
FKIT,S+X2_M1_r0,lemon,339,0.965873
FKIT,S+X2_M1_r0,lemon,340,0.969474
FKIT,S+X2_M1_r0,lemon,341,0.965659
FKIT,S+X2_M1_r0,lemon,342,0.970733
FKIT,S+X2_M1_r0,lemon,343,0.965603
FKIT,S+X2_M1_r0,lemon,344,0.966109
FKIT,S+X2_M1_r0,lemon,345,0.965272
FKIT,S+X2_M1_r0,lemon,346,0.967811
FKIT,S+X2_M1_r0,lemon,347,0.966243
FKIT,S+X2_M1_r0,lemon,348,0.966360
FKIT,S+X2_M1_r0,lemon,349,0.967155
FKIT,S+X2_M1_r0,lemon,350,0.966032
FKIT,S+X2_M1_r0,lemon,351,0.964719
FKIT,S+X2_M1_r0,lemon,352,0.964869
FKIT,S+X2_M1_r0,lemon,353,0.967093
FKIT,S+X2_M1_r0,lemon,354,0.965503
FKIT,S+X2_M1_r0,lemon,355,0.966544
FKIT,S+X2_M1_r0,lemon,356,0.969609
FKIT,S+X2_M1_r0,lemon,357,0.970089
FKIT,S+X2_M1_r0,lemon,358,0.968413
FKIT,S+X2_M1_r0,lemon,359,0.968186
FKIT,S+X2_M1_r0,lemon,360,0.970854
FKIT,S+X2_M1_r0,lemon,361,0.969201
FKIT,S+X2_M1_r0,lemon,362,0.971359
FKIT,S+X2_M1_r0,lemon,363,0.967944
FKIT,S+X2_M1_r0,lemon,364,0.974072
FKIT,S+X2_M1_r0,lemon,365,0.966407
FKIT,S+X2_M1_r0,lemon,366,0.968381
FKIT,S+X2_M1_r0,lemon,367,0.968515
FKIT,S+X2_M1_r0,lemon,368,0.970171
FKIT,S+X2_M1_r0,lemon,369,0.969226
FKIT,S+X2_M1_r0,lemon,370,0.966890
FKIT,S+X2_M1_r0,lemon,371,0.967738
FKIT,S+X2_M1_r0,lemon,372,0.968011
FKIT,S+X2_M1_r0,lemon,373,0.966294
FKIT,S+X2_M1_r0,lemon,374,0.968264
FKIT,S+X2_M1_r0,lemon,375,0.967633
FKIT,S+X2_M1_r0,lemon,376,0.970106
FKIT,S+X2_M1_r0,lemon,377,0.969137
FKIT,S+X2_M1_r0,lemon,378,0.969330
FKIT,S+X2_M1_r0,lemon,379,0.970253
FKIT,S+X2_M1_r0,lemon,380,0.970670
FKIT,S+X2_M1_r0,lemon,381,0.966690
FKIT,S+X2_M1_r0,lemon,382,0.972501
FKIT,S+X2_M1_r0,lemon,383,0.966838
FKIT,S+X2_M1_r0,lemon,384,0.970262
FKIT,S+X2_M1_r0,lemon,385,0.969399
FKIT,S+X2_M1_r0,lemon,386,0.973160
FKIT,S+X2_M1_r0,lemon,387,0.970681
FKIT,S+X2_M1_r0,lemon,388,0.970516
FKIT,S+X2_M1_r0,lemon,389,0.971304
FKIT,S+X2_M1_r0,lemon,390,0.969270
FKIT,S+X2_M1_r0,lemon,391,0.972260
FKIT,S+X2_M1_r0,lemon,392,0.971570
FKIT,S+X2_M1_r0,lemon,393,0.971513
FKIT,S+X2_M1_r0,lemon,394,0.975567
FKIT,S+X2_M1_r0,lemon,395,0.977700
FKIT,S+X2_M1_r0,lemon,396,0.973373
FKIT,S+X2_M1_r0,lemon,397,0.973821
FKIT,S+X2_M1_r0,lemon,398,0.974869
FKIT,S+X2_M1_r0,lemon,399,0.974875
FKIT,S+X2_M1_r0,lemon,400,0.974087
FKIT,S+X2_M1_r0,lemon,401,0.975939
FKIT,S+X2_M1_r0,lemon,402,0.976456
FKIT,S+X2_M1_r0,lemon,403,0.973396
FKIT,S+X2_M1_r0,lemon,404,0.978596
FKIT,S+X2_M1_r0,lemon,405,0.974513
FKIT,S+X2_M1_r0,lemon,406,0.977168
FKIT,S+X2_M1_r0,lemon,407,0.978912
FKIT,S+X2_M1_r0,lemon,408,0.976431
FKIT,S+X2_M1_r0,lemon,409,0.979078
FKIT,S+X2_M1_r0,lemon,410,0.973410
FKIT,S+X2_M1_r0,lemon,411,0.969658
FKIT,S+X2_M1_r0,lemon,412,0.972635
FKIT,S+X2_M1_r0,lemon,413,0.975201
FKIT,S+X2_M1_r0,lemon,414,0.975359
FKIT,S+X2_M1_r0,lemon,415,0.976170
FKIT,S+X2_M1_r0,lemon,416,0.974084
FKIT,S+X2_M1_r0,lemon,417,0.983066
FKIT,S+X2_M1_r0,lemon,418,0.981329
FKIT,S+X2_M1_r0,lemon,419,0.978954
FKIT,S+X2_M1_r0,lemon,420,0.977120
FKIT,S+X2_M1_r0,lemon,421,0.974379
FKIT,S+X2_M1_r0,lemon,422,0.970353
FKIT,S+X2_M1_r0,lemon,423,0.972474
FKIT,S+X2_M1_r0,lemon,424,0.973609
FKIT,S+X2_M1_r0,lemon,425,0.978213
FKIT,S+X2_M1_r0,lemon,426,0.978528
FKIT,S+X2_M1_r0,lemon,427,0.973591
FKIT,S+X2_M1_r0,lemon,428,0.978013
FKIT,S+X2_M1_r0,lemon,429,0.973793
FKIT,S+X2_M1_r0,lemon,430,0.975882
FKIT,S+X2_M1_r0,lemon,431,0.976176
FKIT,S+X2_M1_r0,lemon,432,0.976409
FKIT,S+X2_M1_r0,lemon,433,0.978637
FKIT,S+X2_M1_r0,lemon,434,0.979046
FKIT,S+X2_M1_r0,lemon,435,0.979537
FKIT,S+X2_M1_r0,lemon,436,0.979323
FKIT,S+X2_M1_r0,lemon,437,0.981352
FKIT,S+X2_M1_r0,lemon,438,0.979452
FKIT,S+X2_M1_r0,lemon,439,0.981335
FKIT,S+X2_M1_r0,lemon,440,0.978241
FKIT,S+X2_M1_r0,lemon,441,0.973544
FKIT,S+X2_M1_r0,lemon,442,0.974334
FKIT,S+X2_M1_r0,lemon,443,0.974463
FKIT,S+X2_M1_r0,lemon,444,0.981445
FKIT,S+X2_M1_r0,lemon,445,0.981513
FKIT,S+X2_M1_r0,lemon,446,0.979797
FKIT,S+X2_M1_r0,lemon,447,0.980617
FKIT,S+X2_M1_r0,lemon,448,0.978802
FKIT,S+X2_M1_r0,lemon,449,0.980059
FKIT,S+X2_M1_r0,lemon,450,0.978328
FKIT,S+X2_M1_r0,lemon,451,0.978425
FKIT,S+X2_M1_r0,lemon,452,0.973443
FKIT,S+X2_M1_r0,lemon,453,0.979284
FKIT,S+X2_M1_r0,lemon,454,0.977080
FKIT,S+X2_M1_r0,lemon,455,0.975992
FKIT,S+X2_M1_r0,lemon,456,0.975784
FKIT,S+X2_M1_r0,lemon,457,0.976153
FKIT,S+X2_M1_r0,lemon,458,0.975990
FKIT,S+X2_M1_r0,lemon,459,0.975919
FKIT,S+X2_M1_r0,lemon,460,0.975733
FKIT,S+X2_M1_r0,lemon,461,0.975122
FKIT,S+X2_M1_r0,lemon,462,0.974907
FKIT,S+X2_M1_r0,lemon,463,0.972517
FKIT,S+X2_M1_r0,lemon,464,0.976804
FKIT,S+X2_M1_r0,lemon,465,0.974601
FKIT,S+X2_M1_r0,lemon,466,0.978367
FKIT,S+X2_M1_r0,lemon,467,0.976302
FKIT,S+X2_M1_r0,lemon,468,0.975717
FKIT,S+X2_M1_r0,lemon,469,0.976349
FKIT,S+X2_M1_r0,lemon,470,0.976961
FKIT,S+X2_M1_r0,lemon,471,0.975453
FKIT,S+X2_M1_r0,lemon,472,0.975785
FKIT,S+X2_M1_r0,lemon,473,0.975779
FKIT,S+X2_M1_r0,lemon,474,0.975913
FKIT,S+X2_M1_r0,lemon,475,0.975989
FKIT,S+X2_M1_r0,lemon,476,0.977726
FKIT,S+X2_M1_r0,lemon,477,0.977021
FKIT,S+X2_M1_r0,lemon,478,0.977947
FKIT,S+X2_M1_r0,lemon,479,0.976400
FKIT,S+X2_M1_r0,lemon,480,0.976109
FKIT,S+X2_M1_r0,lemon,481,0.976948
FKIT,S+X2_M1_r0,lemon,482,0.975864
FKIT,S+X2_M1_r0,lemon,483,0.977313
FKIT,S+X2_M1_r0,lemon,484,0.980487
FKIT,S+X2_M1_r0,lemon,485,0.981293
FKIT,S+X2_M1_r0,lemon,486,0.981494
FKIT,S+X2_M1_r0,lemon,487,0.977331
FKIT,S+X2_M1_r0,lemon,488,0.977945
FKIT,S+X2_M1_r0,lemon,489,0.980182
FKIT,S+X2_M1_r0,lemon,490,0.980414
FKIT,S+X2_M1_r0,lemon,491,0.981455
FKIT,S+X2_M1_r0,lemon,492,0.977465
FKIT,S+X2_M1_r0,lemon,493,0.976571
FKIT,S+X2_M1_r0,lemon,494,0.980141
FKIT,S+X2_M1_r0,lemon,495,0.980856
FKIT,S+X2_M1_r0,lemon,496,0.981552
FKIT,S+X2_M1_r0,lemon,497,0.981177
FKIT,S+X2_M1_r0,lemon,498,0.982336
FKIT,S+X2_M1_r0,lemon,499,0.979700
FKIT,S+X2_M1_r0,lemon,500,0.981134
FKIT,S+X2_M1_r0,lemon,501,0.982303
FKIT,S+X2_M1_r0,lemon,502,0.982637
FKIT,S+X2_M1_r0,lemon,503,0.984670
FKIT,S+X2_M1_r0,lemon,504,0.984754
FKIT,S+X2_M1_r0,lemon,505,0.983936
FKIT,S+X2_M1_r0,lemon,506,0.985026
FKIT,S+X2_M1_r0,lemon,507,0.983288
FKIT,S+X2_M1_r0,lemon,508,0.980711
FKIT,S+X2_M1_r0,lemon,509,0.975241
FKIT,S+X2_M1_r0,lemon,510,0.982062
FKIT,S+X2_M1_r0,lemon,511,0.981779
FKIT,S+X2_M1_r0,lemon,512,0.980863
FKIT,S+X2_M1_r0,lemon,513,0.981919
FKIT,S+X2_M1_r0,lemon,514,0.978516
FKIT,S+X2_M1_r0,lemon,515,0.980267
FKIT,S+X2_M1_r0,lemon,516,0.982318
FKIT,S+X2_M1_r0,lemon,517,0.977797
FKIT,S+X2_M1_r0,lemon,518,0.976528
FKIT,S+X2_M1_r0,lemon,519,0.976741
FKIT,S+X2_M1_r0,lemon,520,0.980823
FKIT,S+X2_M1_r0,lemon,521,0.979528
FKIT,S+X2_M1_r0,lemon,522,0.980701
FKIT,S+X2_M1_r0,lemon,523,0.978814
FKIT,S+X2_M1_r0,lemon,524,0.978009
FKIT,S+X2_M1_r0,lemon,525,0.984169
FKIT,S+X2_M1_r0,lemon,526,0.982065
FKIT,S+X2_M1_r0,lemon,527,0.979500
FKIT,S+X2_M1_r0,lemon,528,0.985677
FKIT,S+X2_M1_r0,lemon,529,0.984274
FKIT,S+X2_M1_r0,lemon,530,0.982759
FKIT,S+X2_M1_r0,lemon,531,0.979557
FKIT,S+X2_M1_r0,lemon,532,0.981605
FKIT,S+X2_M1_r0,lemon,533,0.981352
FKIT,S+X2_M1_r0,lemon,534,0.984967
FKIT,S+X2_M1_r0,lemon,535,0.980561
FKIT,S+X2_M1_r0,lemon,536,0.983199
FKIT,S+X2_M1_r0,lemon,537,0.984865
FKIT,S+X2_M1_r0,lemon,538,0.983778
FKIT,S+X2_M1_r0,lemon,539,0.983581
FKIT,S+X2_M1_r0,lemon,540,0.985137
FKIT,S+X2_M1_r0,lemon,541,0.982010
FKIT,S+X2_M1_r0,lemon,542,0.981630
FKIT,S+X2_M1_r0,lemon,543,0.981293
FKIT,S+X2_M1_r0,lemon,544,0.986892
FKIT,S+X2_M1_r0,lemon,545,0.986431
FKIT,S+X2_M1_r0,lemon,546,0.982845
FKIT,S+X2_M1_r0,lemon,547,0.984967
FKIT,S+X2_M1_r0,lemon,548,0.979896
FKIT,S+X2_M1_r0,lemon,549,0.984552
FKIT,S+X2_M1_r0,lemon,550,0.983473
FKIT,S+X2_M1_r0,lemon,551,0.983106
FKIT,S+X2_M1_r0,lemon,552,0.981266
FKIT,S+X2_M1_r0,lemon,553,0.981449
FKIT,S+X2_M1_r0,lemon,554,0.983934
FKIT,S+X2_M1_r0,lemon,555,0.983074
FKIT,S+X2_M1_r0,lemon,556,0.982223
FKIT,S+X2_M1_r0,lemon,557,0.980687
FKIT,S+X2_M1_r0,lemon,558,0.981447
FKIT,S+X2_M1_r0,lemon,559,0.979584
FKIT,S+X2_M1_r0,lemon,560,0.983194
FKIT,S+X2_M1_r0,lemon,561,0.981041
FKIT,S+X2_M1_r0,lemon,562,0.984123
FKIT,S+X2_M1_r0,lemon,563,0.982686
FKIT,S+X2_M1_r0,lemon,564,0.981946
FKIT,S+X2_M1_r0,lemon,565,0.976471
FKIT,S+X2_M1_r0,lemon,566,0.976283
FKIT,S+X2_M1_r0,lemon,567,0.979595
FKIT,S+X2_M1_r0,lemon,568,0.978972
FKIT,S+X2_M1_r0,lemon,569,0.978101
FKIT,S+X2_M1_r0,lemon,570,0.978620
FKIT,S+X2_M1_r0,lemon,571,0.977091
FKIT,S+X2_M1_r0,lemon,572,0.979155
FKIT,S+X2_M1_r0,lemon,573,0.978772
FKIT,S+X2_M1_r0,lemon,574,0.981312
FKIT,S+X2_M1_r0,lemon,575,0.981236
FKIT,S+X2_M1_r0,lemon,576,0.976747
FKIT,S+X2_M1_r0,lemon,577,0.975728
FKIT,S+X2_M1_r0,lemon,578,0.975291
FKIT,S+X2_M1_r0,lemon,579,0.976756
FKIT,S+X2_M1_r0,lemon,580,0.975123
FKIT,S+X2_M1_r0,lemon,581,0.979494
FKIT,S+X2_M1_r0,lemon,582,0.977103
FKIT,S+X2_M1_r0,lemon,583,0.976604
FKIT,S+X2_M1_r0,lemon,584,0.976965
FKIT,S+X2_M1_r0,lemon,585,0.977909
FKIT,S+X2_M1_r0,lemon,586,0.976799
FKIT,S+X2_M1_r0,lemon,587,0.977671
FKIT,S+X2_M1_r0,lemon,588,0.976784
FKIT,S+X2_M1_r0,lemon,589,0.978739
FKIT,S+X2_M1_r0,lemon,590,0.979239
FKIT,S+X2_M1_r0,lemon,591,0.975086
FKIT,S+X2_M1_r0,lemon,592,0.981503
FKIT,S+X2_M1_r0,lemon,593,0.979088
FKIT,S+X2_M1_r0,lemon,594,0.977971
FKIT,S+X2_M1_r0,lemon,595,0.978349
FKIT,S+X2_M1_r0,lemon,596,0.982198
FKIT,S+X2_M1_r0,lemon,597,0.979529
FKIT,S+X2_M1_r0,lemon,598,0.980907
FKIT,S+X2_M1_r0,lemon,599,0.981917
FKIT,S+X2_M1_r0,lemon,600,0.980501
FKIT,S+X2_M1_r0,lemon,601,0.982322
FKIT,S+X2_M1_r0,lemon,602,0.982604
FKIT,S+X2_M1_r0,lemon,603,0.984102
FKIT,S+X2_M1_r0,lemon,604,0.985194
FKIT,S+X2_M1_r0,lemon,605,0.983021
FKIT,S+X2_M1_r0,lemon,606,0.985064
FKIT,S+X2_M1_r0,lemon,607,0.983829
FKIT,S+X2_M1_r0,lemon,608,0.985734
FKIT,S+X2_M1_r0,lemon,609,0.981307
FKIT,S+X2_M1_r0,lemon,610,0.987264
FKIT,S+X2_M1_r0,lemon,611,0.984427
FKIT,S+X2_M1_r0,lemon,612,0.982673
FKIT,S+X2_M1_r0,lemon,613,0.980575
FKIT,S+X2_M1_r0,lemon,614,0.988139
FKIT,S+X2_M1_r0,lemon,615,0.980244
FKIT,S+X2_M1_r0,lemon,616,0.981680
FKIT,S+X2_M1_r0,lemon,617,0.978833
FKIT,S+X2_M1_r0,lemon,618,0.979451
FKIT,S+X2_M1_r0,lemon,619,0.980392
FKIT,S+X2_M1_r0,lemon,620,0.980830
FKIT,S+X2_M1_r0,lemon,621,0.977781
FKIT,S+X2_M1_r0,lemon,622,0.980420
FKIT,S+X2_M1_r0,lemon,623,0.972477
FKIT,S+X2_M1_r0,lemon,624,0.983683
FKIT,S+X2_M1_r0,lemon,625,0.982577
FKIT,S+X2_M1_r0,lemon,626,0.984274
FKIT,S+X2_M1_r0,lemon,627,0.985658
FKIT,S+X2_M1_r0,lemon,628,0.985751
FKIT,S+X2_M1_r0,lemon,629,0.981742
FKIT,S+X2_M1_r0,lemon,630,0.983235
FKIT,S+X2_M1_r0,lemon,631,0.977290
FKIT,S+X2_M1_r0,lemon,632,0.981331
FKIT,S+X2_M1_r0,lemon,633,0.982319
FKIT,S+X2_M1_r0,lemon,634,0.987067
FKIT,S+X2_M1_r0,lemon,635,0.985252
FKIT,S+X2_M1_r0,lemon,636,0.987080
FKIT,S+X2_M1_r0,lemon,637,0.989110
FKIT,S+X2_M1_r0,lemon,638,0.986379
FKIT,S+X2_M1_r0,lemon,639,0.988571
FKIT,S+X2_M1_r0,lemon,640,0.986528
FKIT,S+X2_M1_r0,lemon,641,0.982539
FKIT,S+X2_M1_r0,lemon,642,0.983057
FKIT,S+X2_M1_r0,lemon,643,0.984299
FKIT,S+X2_M1_r0,lemon,644,0.987568
FKIT,S+X2_M1_r0,lemon,645,0.987676
FKIT,S+X2_M1_r0,lemon,646,0.987898
FKIT,S+X2_M1_r0,lemon,647,0.989614
FKIT,S+X2_M1_r0,lemon,648,0.987007
FKIT,S+X2_M1_r0,lemon,649,0.988552
FKIT,S+X2_M1_r0,lemon,650,0.988824
FKIT,S+X2_M1_r0,lemon,651,0.985619
FKIT,S+X2_M1_r0,lemon,652,0.986196
FKIT,S+X2_M1_r0,lemon,653,0.981798
FKIT,S+X2_M1_r0,lemon,654,0.987317
FKIT,S+X2_M1_r0,lemon,655,0.986404
FKIT,S+X2_M1_r0,lemon,656,0.986627
FKIT,S+X2_M1_r0,lemon,657,0.986459
FKIT,S+X2_M1_r0,lemon,658,0.988135
FKIT,S+X2_M1_r0,lemon,659,0.985076
FKIT,S+X2_M1_r0,lemon,660,0.986043
FKIT,S+X2_M1_r0,lemon,661,0.986097
FKIT,S+X2_M1_r0,lemon,662,0.985556
FKIT,S+X2_M1_r0,lemon,663,0.986470
FKIT,S+X2_M1_r0,lemon,664,0.984405
FKIT,S+X2_M1_r0,lemon,665,0.983930
FKIT,S+X2_M1_r0,lemon,666,0.988715
FKIT,S+X2_M1_r0,lemon,667,0.984252
FKIT,S+X2_M1_r0,lemon,668,0.986478
FKIT,S+X2_M1_r0,lemon,669,0.985462
FKIT,S+X2_M1_r0,lemon,670,0.986908
FKIT,S+X2_M1_r0,lemon,671,0.987110
FKIT,S+X2_M1_r0,lemon,672,0.988739
FKIT,S+X2_M1_r0,lemon,673,0.988844
FKIT,S+X2_M1_r0,lemon,674,0.990697
FKIT,S+X2_M1_r0,lemon,675,0.990231
FKIT,S+X2_M1_r0,lemon,676,0.987352
FKIT,S+X2_M1_r0,lemon,677,0.985503
FKIT,S+X2_M1_r0,lemon,678,0.986532
FKIT,S+X2_M1_r0,lemon,679,0.988310
FKIT,S+X2_M1_r0,lemon,680,0.986870
FKIT,S+X2_M1_r0,lemon,681,0.984518
FKIT,S+X2_M1_r0,lemon,682,0.985960
FKIT,S+X2_M1_r0,lemon,683,0.985584
FKIT,S+X2_M1_r0,lemon,684,0.989623
FKIT,S+X2_M1_r0,lemon,685,0.988529
FKIT,S+X2_M1_r0,lemon,686,0.989179
FKIT,S+X2_M1_r0,lemon,687,0.989998
FKIT,S+X2_M1_r0,lemon,688,0.987002
FKIT,S+X2_M1_r0,lemon,689,0.987223
FKIT,S+X2_M1_r0,lemon,690,0.988059
FKIT,S+X2_M1_r0,lemon,691,0.988906
FKIT,S+X2_M1_r0,lemon,692,0.986178
FKIT,S+X2_M1_r0,lemon,693,0.987099
FKIT,S+X2_M1_r0,lemon,694,0.990189
FKIT,S+X2_M1_r0,lemon,695,0.988111
FKIT,S+X2_M1_r0,lemon,696,0.988658
FKIT,S+X2_M1_r0,lemon,697,0.988643
FKIT,S+X2_M1_r0,lemon,698,0.986535
FKIT,S+X2_M1_r0,lemon,699,0.990737
FKIT,S+X2_M1_r0,lemon,700,0.990151
FKIT,S+X2_M1_r0,lemon,701,0.988399
FKIT,S+X2_M1_r0,lemon,702,0.990799
FKIT,S+X2_M1_r0,lemon,703,0.989871
FKIT,S+X2_M1_r0,lemon,704,0.988026
FKIT,S+X2_M1_r0,lemon,705,0.988063
FKIT,S+X2_M1_r0,lemon,706,0.988484
FKIT,S+X2_M1_r0,lemon,707,0.989382
FKIT,S+X2_M1_r0,lemon,708,0.988563
FKIT,S+X2_M1_r0,lemon,709,0.986693
FKIT,S+X2_M1_r0,lemon,710,0.992131
FKIT,S+X2_M1_r0,lemon,711,0.986470
FKIT,S+X2_M1_r0,lemon,712,0.986263
FKIT,S+X2_M1_r0,lemon,713,0.990201
FKIT,S+X2_M1_r0,lemon,714,0.989552
FKIT,S+X2_M1_r0,lemon,715,0.989630
FKIT,S+X2_M1_r0,lemon,716,0.990878
FKIT,S+X2_M1_r0,lemon,717,0.991671
FKIT,S+X2_M1_r0,lemon,718,0.990405
FKIT,S+X2_M1_r0,lemon,719,0.990409
FKIT,S+X2_M1_r0,lemon,720,0.989411
FKIT,S+X2_M1_r0,lemon,721,0.988542
FKIT,S+X2_M1_r0,lemon,722,0.988012
FKIT,S+X2_M1_r0,lemon,723,0.988413
FKIT,S+X2_M1_r0,lemon,724,0.992938
FKIT,S+X2_M1_r0,lemon,725,0.989687
FKIT,S+X2_M1_r0,lemon,726,0.991223
FKIT,S+X2_M1_r0,lemon,727,0.989094
FKIT,S+X2_M1_r0,lemon,728,0.990231
FKIT,S+X2_M1_r0,lemon,729,0.990065
FKIT,S+X2_M1_r0,lemon,730,0.990460
FKIT,S+X2_M1_r0,lemon,731,0.987282
FKIT,S+X2_M1_r0,lemon,732,0.980303
FKIT,S+X2_M1_r0,lemon,733,0.983699
FKIT,S+X2_M1_r0,lemon,734,0.990477
FKIT,S+X2_M1_r0,lemon,735,0.990690
FKIT,S+X2_M1_r0,lemon,736,0.989693
FKIT,S+X2_M1_r0,lemon,737,0.991629
FKIT,S+X2_M1_r0,lemon,738,0.990144
FKIT,S+X2_M1_r0,lemon,739,0.990887
FKIT,S+X2_M1_r0,lemon,740,0.989899
FKIT,S+X2_M1_r0,lemon,741,0.991236
FKIT,S+X2_M1_r0,lemon,742,0.990819
FKIT,S+X2_M1_r0,lemon,743,0.991061
FKIT,S+X2_M1_r0,lemon,744,0.990865
FKIT,S+X2_M1_r0,lemon,745,0.990875
FKIT,S+X2_M1_r0,lemon,746,0.992287
FKIT,S+X2_M1_r0,lemon,747,0.992008
FKIT,S+X2_M1_r0,lemon,748,0.990199
FKIT,S+X2_M1_r0,lemon,749,0.990445
FKIT,S+X2_M1_r0,lemon,750,0.990182
FKIT,S+X2_M1_r0,lemon,751,0.989451
FKIT,S+X2_M1_r0,lemon,752,0.989704
FKIT,S+X2_M1_r0,lemon,753,0.989963
FKIT,S+X2_M1_r0,lemon,754,0.990904
FKIT,S+X2_M1_r0,lemon,755,0.988266
FKIT,S+X2_M1_r0,lemon,756,0.989266
FKIT,S+X2_M1_r0,lemon,757,0.990100
FKIT,S+X2_M1_r0,lemon,758,0.990452
FKIT,S+X2_M1_r0,lemon,759,0.991016
FKIT,S+X2_M1_r0,lemon,760,0.990513
FKIT,S+X2_M1_r0,lemon,761,0.989880
FKIT,S+X2_M1_r0,lemon,762,0.991369
FKIT,S+X2_M1_r0,lemon,763,0.991967
FKIT,S+X2_M1_r0,lemon,764,0.992390
FKIT,S+X2_M1_r0,lemon,765,0.991976
FKIT,S+X2_M1_r0,lemon,766,0.990255
FKIT,S+X2_M1_r0,lemon,767,0.991855
FKIT,S+X2_M1_r0,lemon,768,0.990901
FKIT,S+X2_M1_r0,lemon,769,0.990190
FKIT,S+X2_M1_r0,lemon,770,0.992994
FKIT,S+X2_M1_r0,lemon,771,0.991965
FKIT,S+X2_M1_r0,lemon,772,0.990380
FKIT,S+X2_M1_r0,lemon,773,0.991608
FKIT,S+X2_M1_r0,lemon,774,0.990835
FKIT,S+X2_M1_r0,lemon,775,0.991425
FKIT,S+X2_M1_r0,lemon,776,0.992767
FKIT,S+X2_M1_r0,lemon,777,0.991542
FKIT,S+X2_M1_r0,lemon,778,0.991732
FKIT,S+X2_M1_r0,lemon,779,0.991788
FKIT,S+X2_M1_r0,lemon,780,0.990792
FKIT,S+X2_M1_r0,lemon,781,0.991250
FKIT,S+X2_M1_r0,lemon,782,0.991926
FKIT,S+X2_M1_r0,lemon,783,0.992041
FKIT,S+X2_M1_r0,lemon,784,0.991517
FKIT,S+X2_M1_r0,lemon,785,0.992617
FKIT,S+X2_M1_r0,lemon,786,0.993350
FKIT,S+X2_M1_r0,lemon,787,0.991893
FKIT,S+X2_M1_r0,lemon,788,0.993466
FKIT,S+X2_M1_r0,lemon,789,0.992662
FKIT,S+X2_M1_r0,lemon,790,0.993244
FKIT,S+X2_M1_r0,lemon,791,0.992735
FKIT,S+X2_M1_r0,lemon,792,0.991229
FKIT,S+X2_M1_r0,lemon,793,0.993091
FKIT,S+X2_M1_r0,lemon,794,0.994536
FKIT,S+X2_M1_r0,lemon,795,0.993472
FKIT,S+X2_M1_r0,lemon,796,0.991878
FKIT,S+X2_M1_r0,lemon,797,0.993562
FKIT,S+X2_M1_r0,lemon,798,0.991669
FKIT,S+X2_M1_r0,lemon,799,0.993065
FKIT,S+X2_M1_r0,lemon,800,0.991846
FKIT,S+X2_M1_r0,lemon,801,0.991605
FKIT,S+X2_M1_r0,lemon,802,0.991821
FKIT,S+X2_M1_r0,lemon,803,0.993435
FKIT,S+X2_M1_r0,lemon,804,0.991582
FKIT,S+X2_M1_r0,lemon,805,0.989914
FKIT,S+X2_M1_r0,lemon,806,0.990486
FKIT,S+X2_M1_r0,lemon,807,0.992306
FKIT,S+X2_M1_r0,lemon,808,0.991997
FKIT,S+X2_M1_r0,lemon,809,0.991801
FKIT,S+X2_M1_r0,lemon,810,0.992604
FKIT,S+X2_M1_r0,lemon,811,0.990501
FKIT,S+X2_M1_r0,lemon,812,0.992286
FKIT,S+X2_M1_r0,lemon,813,0.988655
FKIT,S+X2_M1_r0,lemon,814,0.990831
FKIT,S+X2_M1_r0,lemon,815,0.992090
FKIT,S+X2_M1_r0,lemon,816,0.993780
FKIT,S+X2_M1_r0,lemon,817,0.993525
FKIT,S+X2_M1_r0,lemon,818,0.990730
FKIT,S+X2_M1_r0,lemon,819,0.991371
FKIT,S+X2_M1_r0,lemon,820,0.991113
FKIT,S+X2_M1_r0,lemon,821,0.987678
FKIT,S+X2_M1_r0,lemon,822,0.983391
FKIT,S+X2_M1_r0,lemon,823,0.983384
FKIT,S+X2_M1_r0,lemon,824,0.985191
FKIT,S+X2_M1_r0,lemon,825,0.983181
FKIT,S+X2_M1_r0,lemon,826,0.979487
FKIT,S+X2_M1_r0,lemon,827,0.982023
FKIT,S+X2_M1_r0,lemon,828,0.979754
FKIT,S+X2_M1_r0,lemon,829,0.980474
FKIT,S+X2_M1_r0,lemon,830,0.980444
FKIT,S+X2_M1_r0,lemon,831,0.983918
FKIT,S+X2_M1_r0,lemon,832,0.979227
FKIT,S+X2_M1_r0,lemon,833,0.980183
FKIT,S+X2_M1_r0,lemon,834,0.982964
FKIT,S+X2_M1_r0,lemon,835,0.980039
FKIT,S+X2_M1_r0,lemon,836,0.976703
FKIT,S+X2_M1_r0,lemon,837,0.982048
FKIT,S+X2_M1_r0,lemon,838,0.982648
FKIT,S+X2_M1_r0,lemon,839,0.981847
FKIT,S+X2_M1_r0,lemon,840,0.982862
FKIT,S+X2_M1_r0,lemon,841,0.982363
FKIT,S+X2_M1_r0,lemon,842,0.982712
FKIT,S+X2_M1_r0,lemon,843,0.986018
FKIT,S+X2_M1_r0,lemon,844,0.984174
FKIT,S+X2_M1_r0,lemon,845,0.983680
FKIT,S+X2_M1_r0,lemon,846,0.984763
FKIT,S+X2_M1_r0,lemon,847,0.984605
FKIT,S+X2_M1_r0,lemon,848,0.983183
FKIT,S+X2_M1_r0,lemon,849,0.986925
FKIT,S+X2_M1_r0,lemon,850,0.983153
FKIT,S+X2_M1_r0,lemon,851,0.984496
FKIT,S+X2_M1_r0,lemon,852,0.985235
FKIT,S+X2_M1_r0,lemon,853,0.986446
FKIT,S+X2_M1_r0,lemon,854,0.987720
FKIT,S+X2_M1_r0,lemon,855,0.986533
FKIT,S+X2_M1_r0,lemon,856,0.986685
FKIT,S+X2_M1_r0,lemon,857,0.984879
FKIT,S+X2_M1_r0,lemon,858,0.982982
FKIT,S+X2_M1_r0,lemon,859,0.984883
FKIT,S+X2_M1_r0,lemon,860,0.987188
FKIT,S+X2_M1_r0,lemon,861,0.987070
FKIT,S+X2_M1_r0,lemon,862,0.984860
FKIT,S+X2_M1_r0,lemon,863,0.985892
FKIT,S+X2_M1_r0,lemon,864,0.988041
FKIT,S+X2_M1_r0,lemon,865,0.983629
FKIT,S+X2_M1_r0,lemon,866,0.953025
FKIT,S+X2_M1_r0,lemon,867,0.985767
FKIT,S+X2_M1_r0,lemon,868,0.986714
FKIT,S+X2_M1_r0,lemon,869,0.986687
FKIT,S+X2_M1_r0,lemon,870,0.988144
FKIT,S+X2_M1_r0,lemon,871,0.987743
FKIT,S+X2_M1_r0,lemon,872,0.986154
FKIT,S+X2_M1_r0,lemon,873,0.989637
FKIT,S+X2_M1_r0,lemon,874,0.989167
FKIT,S+X2_M1_r0,lemon,875,0.986349
FKIT,S+X2_M1_r0,lemon,876,0.987741
FKIT,S+X2_M1_r0,lemon,877,0.990546
FKIT,S+X2_M1_r0,lemon,878,0.991311
FKIT,S+X2_M1_r0,lemon,879,0.990412
FKIT,S+X2_M1_r0,lemon,880,0.990208
FKIT,S+X2_M1_r0,lemon,881,0.989892
FKIT,S+X2_M1_r0,lemon,882,0.989779
FKIT,S+X2_M1_r0,lemon,883,0.988994
FKIT,S+X2_M1_r0,lemon,884,0.989642
FKIT,S+X2_M1_r0,lemon,885,0.990555
FKIT,S+X2_M1_r0,lemon,886,0.991277
FKIT,S+X2_M1_r0,mini_chocolate_panettone,0,0.257771
FKIT,S+X2_M1_r0,mini_chocolate_panettone,1,0.267087
FKIT,S+X2_M1_r0,mini_chocolate_panettone,2,0.250358
FKIT,S+X2_M1_r0,mini_chocolate_panettone,3,0.265240
FKIT,S+X2_M1_r0,mini_chocolate_panettone,4,0.251681
FKIT,S+X2_M1_r0,mini_chocolate_panettone,5,0.256349
FKIT,S+X2_M1_r0,mini_chocolate_panettone,6,0.259192
FKIT,S+X2_M1_r0,mini_chocolate_panettone,7,0.274563
FKIT,S+X2_M1_r0,mini_chocolate_panettone,8,0.264421
FKIT,S+X2_M1_r0,mini_chocolate_panettone,9,0.284271
FKIT,S+X2_M1_r0,mini_chocolate_panettone,10,0.258433
FKIT,S+X2_M1_r0,mini_chocolate_panettone,11,0.271558
FKIT,S+X2_M1_r0,mini_chocolate_panettone,12,0.273191
FKIT,S+X2_M1_r0,mini_chocolate_panettone,13,0.260089
FKIT,S+X2_M1_r0,mini_chocolate_panettone,14,0.279407
FKIT,S+X2_M1_r0,mini_chocolate_panettone,15,0.267520
FKIT,S+X2_M1_r0,mini_chocolate_panettone,16,0.266884
FKIT,S+X2_M1_r0,mini_chocolate_panettone,17,0.252504
FKIT,S+X2_M1_r0,mini_chocolate_panettone,18,0.253665
FKIT,S+X2_M1_r0,mini_chocolate_panettone,19,0.244092
FKIT,S+X2_M1_r0,mini_chocolate_panettone,20,0.247412
FKIT,S+X2_M1_r0,mini_chocolate_panettone,21,0.235704
FKIT,S+X2_M1_r0,mini_chocolate_panettone,22,0.234868
FKIT,S+X2_M1_r0,mini_chocolate_panettone,23,0.228404
FKIT,S+X2_M1_r0,mini_chocolate_panettone,24,0.225525
FKIT,S+X2_M1_r0,mini_chocolate_panettone,25,0.201903
FKIT,S+X2_M1_r0,mini_chocolate_panettone,26,0.210589
FKIT,S+X2_M1_r0,mini_chocolate_panettone,27,0.241650
FKIT,S+X2_M1_r0,mini_chocolate_panettone,28,0.240060
FKIT,S+X2_M1_r0,mini_chocolate_panettone,29,0.219776
FKIT,S+X2_M1_r0,mini_chocolate_panettone,30,0.209439
FKIT,S+X2_M1_r0,mini_chocolate_panettone,31,0.156473
FKIT,S+X2_M1_r0,mini_chocolate_panettone,32,0.157439
FKIT,S+X2_M1_r0,mini_chocolate_panettone,33,0.156456
FKIT,S+X2_M1_r0,mini_chocolate_panettone,34,0.156808
FKIT,S+X2_M1_r0,mini_chocolate_panettone,35,0.149597
FKIT,S+X2_M1_r0,mini_chocolate_panettone,36,0.163946
FKIT,S+X2_M1_r0,mini_chocolate_panettone,37,0.152060
FKIT,S+X2_M1_r0,mini_chocolate_panettone,38,0.164070
FKIT,S+X2_M1_r0,mini_chocolate_panettone,39,0.137874
FKIT,S+X2_M1_r0,mini_chocolate_panettone,40,0.141706
FKIT,S+X2_M1_r0,mini_chocolate_panettone,41,0.138964
FKIT,S+X2_M1_r0,mini_chocolate_panettone,42,0.130505
FKIT,S+X2_M1_r0,mini_chocolate_panettone,43,0.133230
FKIT,S+X2_M1_r0,mini_chocolate_panettone,44,0.133129
FKIT,S+X2_M1_r0,mini_chocolate_panettone,45,0.136873
FKIT,S+X2_M1_r0,mini_chocolate_panettone,46,0.125237
FKIT,S+X2_M1_r0,mini_chocolate_panettone,47,0.136135
FKIT,S+X2_M1_r0,mini_chocolate_panettone,48,0.134200
FKIT,S+X2_M1_r0,mini_chocolate_panettone,49,0.137385
FKIT,S+X2_M1_r0,mini_chocolate_panettone,50,0.123851
FKIT,S+X2_M1_r0,mini_chocolate_panettone,51,0.121033
FKIT,S+X2_M1_r0,mini_chocolate_panettone,52,0.116282
FKIT,S+X2_M1_r0,mini_chocolate_panettone,53,0.113763
FKIT,S+X2_M1_r0,mini_chocolate_panettone,54,0.104454
FKIT,S+X2_M1_r0,mini_chocolate_panettone,55,0.104255
FKIT,S+X2_M1_r0,mini_chocolate_panettone,56,0.109039
FKIT,S+X2_M1_r0,mini_chocolate_panettone,57,0.109860
FKIT,S+X2_M1_r0,mini_chocolate_panettone,58,0.107343
FKIT,S+X2_M1_r0,mini_chocolate_panettone,59,0.112132
FKIT,S+X2_M1_r0,mini_chocolate_panettone,60,0.113301
FKIT,S+X2_M1_r0,mini_chocolate_panettone,61,0.104992
FKIT,S+X2_M1_r0,mini_chocolate_panettone,62,0.107167
FKIT,S+X2_M1_r0,mini_chocolate_panettone,63,0.105344
FKIT,S+X2_M1_r0,mini_chocolate_panettone,64,0.100898
FKIT,S+X2_M1_r0,mini_chocolate_panettone,65,0.107512
FKIT,S+X2_M1_r0,mini_chocolate_panettone,66,0.111897
FKIT,S+X2_M1_r0,mini_chocolate_panettone,67,0.125339
FKIT,S+X2_M1_r0,mini_chocolate_panettone,68,0.119479
FKIT,S+X2_M1_r0,mini_chocolate_panettone,69,0.133333
FKIT,S+X2_M1_r0,mini_chocolate_panettone,70,0.134186
FKIT,S+X2_M1_r0,mini_chocolate_panettone,71,0.132226
FKIT,S+X2_M1_r0,mini_chocolate_panettone,72,0.127617
FKIT,S+X2_M1_r0,mini_chocolate_panettone,73,0.131004
FKIT,S+X2_M1_r0,mini_chocolate_panettone,74,0.127381
FKIT,S+X2_M1_r0,mini_chocolate_panettone,75,0.112195
FKIT,S+X2_M1_r0,mini_chocolate_panettone,76,0.119068
FKIT,S+X2_M1_r0,mini_chocolate_panettone,77,0.124357
FKIT,S+X2_M1_r0,mini_chocolate_panettone,78,0.138778
FKIT,S+X2_M1_r0,mini_chocolate_panettone,79,0.140454
FKIT,S+X2_M1_r0,mini_chocolate_panettone,80,0.149815
FKIT,S+X2_M1_r0,mini_chocolate_panettone,81,0.136853
FKIT,S+X2_M1_r0,mini_chocolate_panettone,82,0.125852
FKIT,S+X2_M1_r0,mini_chocolate_panettone,83,0.130284
FKIT,S+X2_M1_r0,mini_chocolate_panettone,84,0.119737
FKIT,S+X2_M1_r0,mini_chocolate_panettone,85,0.116597
FKIT,S+X2_M1_r0,mini_chocolate_panettone,86,0.113835
FKIT,S+X2_M1_r0,mini_chocolate_panettone,87,0.108683
FKIT,S+X2_M1_r0,mini_chocolate_panettone,88,0.108045
FKIT,S+X2_M1_r0,mini_chocolate_panettone,89,0.115603
FKIT,S+X2_M1_r0,mini_chocolate_panettone,90,0.114127
FKIT,S+X2_M1_r0,mini_chocolate_panettone,91,0.107877
FKIT,S+X2_M1_r0,mini_chocolate_panettone,92,0.113433
FKIT,S+X2_M1_r0,mini_chocolate_panettone,93,0.107006
FKIT,S+X2_M1_r0,mini_chocolate_panettone,94,0.107268
FKIT,S+X2_M1_r0,mini_chocolate_panettone,95,0.099075
FKIT,S+X2_M1_r0,mini_chocolate_panettone,96,0.100661
FKIT,S+X2_M1_r0,mini_chocolate_panettone,97,0.097031
FKIT,S+X2_M1_r0,mini_chocolate_panettone,98,0.087131
FKIT,S+X2_M1_r0,mini_chocolate_panettone,99,0.083832
FKIT,S+X2_M1_r0,mini_chocolate_panettone,100,0.081969
FKIT,S+X2_M1_r0,mini_chocolate_panettone,101,0.070030
FKIT,S+X2_M1_r0,mini_chocolate_panettone,102,0.060808
FKIT,S+X2_M1_r0,mini_chocolate_panettone,103,0.051841
FKIT,S+X2_M1_r0,mini_chocolate_panettone,104,0.048466
FKIT,S+X2_M1_r0,mini_chocolate_panettone,105,0.035906
FKIT,S+X2_M1_r0,mini_chocolate_panettone,106,0.037154
FKIT,S+X2_M1_r0,mini_chocolate_panettone,107,0.040143
FKIT,S+X2_M1_r0,mini_chocolate_panettone,108,0.035843
FKIT,S+X2_M1_r0,mini_chocolate_panettone,109,0.026122
FKIT,S+X2_M1_r0,mini_chocolate_panettone,110,0.019954
FKIT,S+X2_M1_r0,mini_chocolate_panettone,111,0.018271
FKIT,S+X2_M1_r0,mini_chocolate_panettone,112,0.019212
FKIT,S+X2_M1_r0,mini_chocolate_panettone,113,0.015450
FKIT,S+X2_M1_r0,mini_chocolate_panettone,114,0.004157
FKIT,S+X2_M1_r0,mini_chocolate_panettone,115,0.007193
FKIT,S+X2_M1_r0,mini_chocolate_panettone,116,0.003353
FKIT,S+X2_M1_r0,mini_chocolate_panettone,117,0.000000
FKIT,S+X2_M1_r0,mini_chocolate_panettone,118,0.000000
FKIT,S+X2_M1_r0,mini_chocolate_panettone,119,0.000218
FKIT,S+X2_M1_r0,mini_chocolate_panettone,120,0.000000
FKIT,S+X2_M1_r0,mini_chocolate_panettone,121,0.000000
FKIT,S+X2_M1_r0,mini_chocolate_panettone,122,0.000000
FKIT,S+X2_M1_r0,mini_chocolate_panettone,123,0.000000
FKIT,S+X2_M1_r0,mini_chocolate_panettone,124,0.000000
FKIT,S+X2_M1_r0,mini_chocolate_panettone,125,0.000000
FKIT,S+X2_M1_r0,mini_chocolate_panettone,126,0.000000
FKIT,S+X2_M1_r0,mini_chocolate_panettone,127,0.000000
FKIT,S+X2_M1_r0,mini_chocolate_panettone,128,0.000000
FKIT,S+X2_M1_r0,mini_chocolate_panettone,129,0.000000
FKIT,S+X2_M1_r0,mini_chocolate_panettone,130,0.000000
FKIT,S+X2_M1_r0,mini_chocolate_panettone,131,0.000000
FKIT,S+X2_M1_r0,mini_chocolate_panettone,132,0.000000
FKIT,S+X2_M1_r0,mini_chocolate_panettone,133,0.000000
FKIT,S+X2_M1_r0,mini_chocolate_panettone,134,0.000000
FKIT,S+X2_M1_r0,mini_chocolate_panettone,135,0.000000
FKIT,S+X2_M1_r0,mini_chocolate_panettone,136,0.000000
FKIT,S+X2_M1_r0,mini_chocolate_panettone,137,0.000000
FKIT,S+X2_M1_r0,mini_chocolate_panettone,138,0.000000
FKIT,S+X2_M1_r0,mini_chocolate_panettone,139,0.000000
FKIT,S+X2_M1_r0,mini_chocolate_panettone,140,0.000000
FKIT,S+X2_M1_r0,mini_chocolate_panettone,141,0.000000
FKIT,S+X2_M1_r0,mini_chocolate_panettone,142,0.000000
FKIT,S+X2_M1_r0,mini_chocolate_panettone,143,0.000000
FKIT,S+X2_M1_r0,mini_chocolate_panettone,144,0.000000
FKIT,S+X2_M1_r0,mini_chocolate_panettone,145,0.000000
FKIT,S+X2_M1_r0,mini_chocolate_panettone,146,0.000000
FKIT,S+X2_M1_r0,mini_chocolate_panettone,147,0.000000
FKIT,S+X2_M1_r0,mini_chocolate_panettone,148,0.000000
FKIT,S+X2_M1_r0,mini_chocolate_panettone,149,0.000000
FKIT,S+X2_M1_r0,mini_chocolate_panettone,150,0.000000
FKIT,S+X2_M1_r0,mini_chocolate_panettone,151,0.000000
FKIT,S+X2_M1_r0,mini_chocolate_panettone,152,0.000000
FKIT,S+X2_M1_r0,mini_chocolate_panettone,153,0.000000
FKIT,S+X2_M1_r0,mini_chocolate_panettone,154,0.000000
FKIT,S+X2_M1_r0,mini_chocolate_panettone,155,0.000000
FKIT,S+X2_M1_r0,mini_chocolate_panettone,156,0.000000
FKIT,S+X2_M1_r0,mini_chocolate_panettone,157,0.000000
FKIT,S+X2_M1_r0,mini_chocolate_panettone,158,0.000000
FKIT,S+X2_M1_r0,mini_chocolate_panettone,159,0.000000
FKIT,S+X2_M1_r0,mini_chocolate_panettone,160,0.000000
FKIT,S+X2_M1_r0,mini_chocolate_panettone,161,0.000000
FKIT,S+X2_M1_r0,mini_chocolate_panettone,162,0.000000
FKIT,S+X2_M1_r0,mini_chocolate_panettone,163,0.000000
FKIT,S+X2_M1_r0,mini_chocolate_panettone,164,0.000000
FKIT,S+X2_M1_r0,mini_chocolate_panettone,165,0.000000
FKIT,S+X2_M1_r0,mini_chocolate_panettone,166,0.000000
FKIT,S+X2_M1_r0,mini_chocolate_panettone,167,0.000000
FKIT,S+X2_M1_r0,mini_chocolate_panettone,168,0.000000
FKIT,S+X2_M1_r0,mini_chocolate_panettone,169,0.000000
FKIT,S+X2_M1_r0,mini_chocolate_panettone,170,0.000000
FKIT,S+X2_M1_r0,mini_chocolate_panettone,171,0.000000
FKIT,S+X2_M1_r0,mini_chocolate_panettone,172,0.000000
FKIT,S+X2_M1_r0,mini_chocolate_panettone,173,0.000000
FKIT,S+X2_M1_r0,mini_chocolate_panettone,174,0.000000
FKIT,S+X2_M1_r0,mini_chocolate_panettone,175,0.000000
FKIT,S+X2_M1_r0,mini_chocolate_panettone,176,0.000000
FKIT,S+X2_M1_r0,mini_chocolate_panettone,177,0.000000
FKIT,S+X2_M1_r0,mini_chocolate_panettone,178,0.000000
FKIT,S+X2_M1_r0,mini_chocolate_panettone,179,0.000000
FKIT,S+X2_M1_r0,mini_chocolate_panettone,180,0.000000
FKIT,S+X2_M1_r0,mini_chocolate_panettone,181,0.000000
FKIT,S+X2_M1_r0,mini_chocolate_panettone,182,0.000000
FKIT,S+X2_M1_r0,mini_chocolate_panettone,183,0.000000
FKIT,S+X2_M1_r0,mini_chocolate_panettone,184,0.000000
FKIT,S+X2_M1_r0,mini_chocolate_panettone,185,0.000000
FKIT,S+X2_M1_r0,mini_chocolate_panettone,186,0.000000
FKIT,S+X2_M1_r0,mini_chocolate_panettone,187,0.000000
FKIT,S+X2_M1_r0,mini_chocolate_panettone,188,0.000000
FKIT,S+X2_M1_r0,mini_chocolate_panettone,189,0.000000
FKIT,S+X2_M1_r0,mini_chocolate_panettone,190,0.000000
FKIT,S+X2_M1_r0,mini_chocolate_panettone,191,0.000000
FKIT,S+X2_M1_r0,mini_chocolate_panettone,192,0.000000
FKIT,S+X2_M1_r0,mini_chocolate_panettone,193,0.000000
FKIT,S+X2_M1_r0,mini_chocolate_panettone,194,0.000000
FKIT,S+X2_M1_r0,mini_chocolate_panettone,195,0.000000
FKIT,S+X2_M1_r0,mini_chocolate_panettone,196,0.000000
FKIT,S+X2_M1_r0,mini_chocolate_panettone,197,0.000000
FKIT,S+X2_M1_r0,mini_chocolate_panettone,198,0.000000
FKIT,S+X2_M1_r0,mini_chocolate_panettone,199,0.000000
FKIT,S+X2_M1_r0,mini_chocolate_panettone,200,0.000000
FKIT,S+X2_M1_r0,mini_chocolate_panettone,201,0.000000
FKIT,S+X2_M1_r0,mini_chocolate_panettone,202,0.000000
FKIT,S+X2_M1_r0,mini_chocolate_panettone,203,0.000000
FKIT,S+X2_M1_r0,mini_chocolate_panettone,204,0.000000
FKIT,S+X2_M1_r0,mini_chocolate_panettone,205,0.000000
FKIT,S+X2_M1_r0,mini_chocolate_panettone,206,0.000000
FKIT,S+X2_M1_r0,mini_chocolate_panettone,207,0.000000
FKIT,S+X2_M1_r0,mini_chocolate_panettone,208,0.000000
FKIT,S+X2_M1_r0,mini_chocolate_panettone,209,0.000000
FKIT,S+X2_M1_r0,mini_chocolate_panettone,210,0.000000
FKIT,S+X2_M1_r0,mini_chocolate_panettone,211,0.000000
FKIT,S+X2_M1_r0,mini_chocolate_panettone,212,0.000000
FKIT,S+X2_M1_r0,mini_chocolate_panettone,213,0.000000
FKIT,S+X2_M1_r0,mini_chocolate_panettone,214,0.000000
FKIT,S+X2_M1_r0,mini_chocolate_panettone,215,0.000000
FKIT,S+X2_M1_r0,mini_chocolate_panettone,216,0.000000
FKIT,S+X2_M1_r0,mini_chocolate_panettone,217,0.000000
FKIT,S+X2_M1_r0,mini_chocolate_panettone,218,0.000000
FKIT,S+X2_M1_r0,mini_chocolate_panettone,219,0.000000
FKIT,S+X2_M1_r0,mini_chocolate_panettone,220,0.000000
FKIT,S+X2_M1_r0,mini_chocolate_panettone,221,0.000000
FKIT,S+X2_M1_r0,mini_chocolate_panettone,222,0.000000
FKIT,S+X2_M1_r0,mini_chocolate_panettone,223,0.000000
FKIT,S+X2_M1_r0,mini_chocolate_panettone,224,0.000000
FKIT,S+X2_M1_r0,mini_chocolate_panettone,225,0.000000
FKIT,S+X2_M1_r0,mini_chocolate_panettone,226,0.000000
FKIT,S+X2_M1_r0,mini_chocolate_panettone,227,0.000000
FKIT,S+X2_M1_r0,mini_chocolate_panettone,228,0.000000
FKIT,S+X2_M1_r0,mini_chocolate_panettone,229,0.000000
FKIT,S+X2_M1_r0,mini_chocolate_panettone,230,0.000000
FKIT,S+X2_M1_r0,mini_chocolate_panettone,231,0.000000
FKIT,S+X2_M1_r0,mini_chocolate_panettone,232,0.000000
FKIT,S+X2_M1_r0,mini_chocolate_panettone,233,0.000000
FKIT,S+X2_M1_r0,mini_chocolate_panettone,234,0.000000
FKIT,S+X2_M1_r0,mini_chocolate_panettone,235,0.000000
FKIT,S+X2_M1_r0,mini_chocolate_panettone,236,0.000000
FKIT,S+X2_M1_r0,mini_chocolate_panettone,237,0.000000
FKIT,S+X2_M1_r0,mini_chocolate_panettone,238,0.000000
FKIT,S+X2_M1_r0,mini_chocolate_panettone,239,0.000000
FKIT,S+X2_M1_r0,mini_chocolate_panettone,240,0.000000
FKIT,S+X2_M1_r0,mini_chocolate_panettone,241,0.000000
FKIT,S+X2_M1_r0,mini_chocolate_panettone,242,0.000000
FKIT,S+X2_M1_r0,mini_chocolate_panettone,243,0.000000
FKIT,S+X2_M1_r0,mini_chocolate_panettone,244,0.000000
FKIT,S+X2_M1_r0,mini_chocolate_panettone,245,0.000000
FKIT,S+X2_M1_r0,mini_chocolate_panettone,246,0.000000
FKIT,S+X2_M1_r0,mini_chocolate_panettone,247,0.000000
FKIT,S+X2_M1_r0,mini_chocolate_panettone,248,0.000000
FKIT,S+X2_M1_r0,mini_chocolate_panettone,249,0.000000
FKIT,S+X2_M1_r0,mini_chocolate_panettone,250,0.000000
FKIT,S+X2_M1_r0,mini_chocolate_panettone,251,0.000000
FKIT,S+X2_M1_r0,mini_chocolate_panettone,252,0.000000
FKIT,S+X2_M1_r0,mini_chocolate_panettone,253,0.000000
FKIT,S+X2_M1_r0,mini_chocolate_panettone,254,0.000000
FKIT,S+X2_M1_r0,mini_chocolate_panettone,255,0.000000
FKIT,S+X2_M1_r0,mini_chocolate_panettone,256,0.000000
FKIT,S+X2_M1_r0,mini_chocolate_panettone,257,0.000000
FKIT,S+X2_M1_r0,mini_chocolate_panettone,258,0.000000
FKIT,S+X2_M1_r0,mini_chocolate_panettone,259,0.000000
FKIT,S+X2_M1_r0,mini_chocolate_panettone,260,0.000000
FKIT,S+X2_M1_r0,mini_chocolate_panettone,261,0.000000
FKIT,S+X2_M1_r0,mini_chocolate_panettone,262,0.000000
FKIT,S+X2_M1_r0,mini_chocolate_panettone,263,0.000000
FKIT,S+X2_M1_r0,mini_chocolate_panettone,264,0.000000
FKIT,S+X2_M1_r0,mini_chocolate_panettone,265,0.000000
FKIT,S+X2_M1_r0,mini_chocolate_panettone,266,0.000000
FKIT,S+X2_M1_r0,mini_chocolate_panettone,267,0.000000
FKIT,S+X2_M1_r0,mini_chocolate_panettone,268,0.000000
FKIT,S+X2_M1_r0,mini_chocolate_panettone,269,0.000000
FKIT,S+X2_M1_r0,mini_chocolate_panettone,270,0.000000
FKIT,S+X2_M1_r0,mini_chocolate_panettone,271,0.000000
FKIT,S+X2_M1_r0,mini_chocolate_panettone,272,0.000000
FKIT,S+X2_M1_r0,mini_chocolate_panettone,273,0.000000
FKIT,S+X2_M1_r0,mini_chocolate_panettone,274,0.000000
FKIT,S+X2_M1_r0,mini_chocolate_panettone,275,0.000000
FKIT,S+X2_M1_r0,mini_chocolate_panettone,276,0.000000
FKIT,S+X2_M1_r0,mini_chocolate_panettone,277,0.000000
FKIT,S+X2_M1_r0,mini_chocolate_panettone,278,0.000000
FKIT,S+X2_M1_r0,mini_chocolate_panettone,279,0.000000
FKIT,S+X2_M1_r0,mini_chocolate_panettone,280,0.000000
FKIT,S+X2_M1_r0,mini_chocolate_panettone,281,0.000000
FKIT,S+X2_M1_r0,mini_chocolate_panettone,282,0.000000
FKIT,S+X2_M1_r0,mini_chocolate_panettone,283,0.000000
FKIT,S+X2_M1_r0,mini_chocolate_panettone,284,0.000000
FKIT,S+X2_M1_r0,mini_chocolate_panettone,285,0.000000
FKIT,S+X2_M1_r0,mini_chocolate_panettone,286,0.000000
FKIT,S+X2_M1_r0,mini_chocolate_panettone,287,0.000000
FKIT,S+X2_M1_r0,mini_chocolate_panettone,288,0.000000
FKIT,S+X2_M1_r0,mini_chocolate_panettone,289,0.000000
FKIT,S+X2_M1_r0,mini_chocolate_panettone,290,0.000000
FKIT,S+X2_M1_r0,mini_chocolate_panettone,291,0.000000
FKIT,S+X2_M1_r0,mini_chocolate_panettone,292,0.000000
FKIT,S+X2_M1_r0,mini_chocolate_panettone,293,0.000000
FKIT,S+X2_M1_r0,mini_chocolate_panettone,294,0.000000
FKIT,S+X2_M1_r0,mini_chocolate_panettone,295,0.000000
FKIT,S+X2_M1_r0,mini_chocolate_panettone,296,0.000000
FKIT,S+X2_M1_r0,mini_chocolate_panettone,297,0.000000
FKIT,S+X2_M1_r0,mini_chocolate_panettone,298,0.000000
FKIT,S+X2_M1_r0,mini_chocolate_panettone,299,0.000000
FKIT,S+X2_M1_r0,mini_chocolate_panettone,300,0.000000
FKIT,S+X2_M1_r0,mini_chocolate_panettone,301,0.000000
FKIT,S+X2_M1_r0,mini_chocolate_panettone,302,0.000000
FKIT,S+X2_M1_r0,mini_chocolate_panettone,303,0.000000
FKIT,S+X2_M1_r0,mini_chocolate_panettone,304,0.000000
FKIT,S+X2_M1_r0,mini_chocolate_panettone,305,0.000000
FKIT,S+X2_M1_r0,mini_chocolate_panettone,306,0.000000
FKIT,S+X2_M1_r0,mini_chocolate_panettone,307,0.000000
FKIT,S+X2_M1_r0,mini_chocolate_panettone,308,0.000000
FKIT,S+X2_M1_r0,mini_chocolate_panettone,309,0.000000
FKIT,S+X2_M1_r0,mini_chocolate_panettone,310,0.000000
FKIT,S+X2_M1_r0,mini_chocolate_panettone,311,0.000000
FKIT,S+X2_M1_r0,mini_chocolate_panettone,312,0.000000
FKIT,S+X2_M1_r0,mini_chocolate_panettone,313,0.000000
FKIT,S+X2_M1_r0,mini_chocolate_panettone,314,0.000000
FKIT,S+X2_M1_r0,mini_chocolate_panettone,315,0.000000
FKIT,S+X2_M1_r0,mini_chocolate_panettone,316,0.000000
FKIT,S+X2_M1_r0,mini_chocolate_panettone,317,0.000000
FKIT,S+X2_M1_r0,mini_chocolate_panettone,318,0.000000
FKIT,S+X2_M1_r0,mini_chocolate_panettone,319,0.000000
FKIT,S+X2_M1_r0,mini_chocolate_panettone,320,0.000000
FKIT,S+X2_M1_r0,mini_chocolate_panettone,321,0.000000
FKIT,S+X2_M1_r0,mini_chocolate_panettone,322,0.000000
FKIT,S+X2_M1_r0,mini_chocolate_panettone,323,0.000000
FKIT,S+X2_M1_r0,mini_chocolate_panettone,324,0.000000
FKIT,S+X2_M1_r0,mini_chocolate_panettone,325,0.000000
FKIT,S+X2_M1_r0,mini_chocolate_panettone,326,0.000000
FKIT,S+X2_M1_r0,mini_chocolate_panettone,327,0.000000
FKIT,S+X2_M1_r0,mini_chocolate_panettone,328,0.000000
FKIT,S+X2_M1_r0,mini_chocolate_panettone,329,0.000000
FKIT,S+X2_M1_r0,mini_chocolate_panettone,330,0.000000
FKIT,S+X2_M1_r0,mini_chocolate_panettone,331,0.000000
FKIT,S+X2_M1_r0,mini_chocolate_panettone,332,0.000000
FKIT,S+X2_M1_r0,mini_chocolate_panettone,333,0.000000
FKIT,S+X2_M1_r0,mini_chocolate_panettone,334,0.000000
FKIT,S+X2_M1_r0,mini_chocolate_panettone,335,0.000000
FKIT,S+X2_M1_r0,mini_chocolate_panettone,336,0.000000
FKIT,S+X2_M1_r0,mini_chocolate_panettone,337,0.000000
FKIT,S+X2_M1_r0,mini_chocolate_panettone,338,0.000000
FKIT,S+X2_M1_r0,mini_chocolate_panettone,339,0.000000
FKIT,S+X2_M1_r0,mini_chocolate_panettone,340,0.000000
FKIT,S+X2_M1_r0,mini_chocolate_panettone,341,0.000000
FKIT,S+X2_M1_r0,mini_chocolate_panettone,342,0.000000
FKIT,S+X2_M1_r0,mini_chocolate_panettone,343,0.000000
FKIT,S+X2_M1_r0,mini_chocolate_panettone,344,0.000000
FKIT,S+X2_M1_r0,mini_chocolate_panettone,345,0.000000
FKIT,S+X2_M1_r0,mini_chocolate_panettone,346,0.000000
FKIT,S+X2_M1_r0,mini_chocolate_panettone,347,0.000000
FKIT,S+X2_M1_r0,mini_chocolate_panettone,348,0.000000
FKIT,S+X2_M1_r0,mini_chocolate_panettone,349,0.000000
FKIT,S+X2_M1_r0,mini_chocolate_panettone,350,0.000000
FKIT,S+X2_M1_r0,mini_chocolate_panettone,351,0.000000
FKIT,S+X2_M1_r0,mini_chocolate_panettone,352,0.000000
FKIT,S+X2_M1_r0,mini_chocolate_panettone,353,0.000000
FKIT,S+X2_M1_r0,mini_chocolate_panettone,354,0.000000
FKIT,S+X2_M1_r0,mini_chocolate_panettone,355,0.000000
FKIT,S+X2_M1_r0,mini_chocolate_panettone,356,0.000000
FKIT,S+X2_M1_r0,mini_chocolate_panettone,357,0.000000
FKIT,S+X2_M1_r0,mini_chocolate_panettone,358,0.000000
FKIT,S+X2_M1_r0,mini_chocolate_panettone,359,0.000000
FKIT,S+X2_M1_r0,mini_chocolate_panettone,360,0.000000
FKIT,S+X2_M1_r0,mini_chocolate_panettone,361,0.000000
FKIT,S+X2_M1_r0,mini_chocolate_panettone,362,0.000000
FKIT,S+X2_M1_r0,mini_chocolate_panettone,363,0.000000
FKIT,S+X2_M1_r0,mini_chocolate_panettone,364,0.000000
FKIT,S+X2_M1_r0,mini_chocolate_panettone,365,0.000000
FKIT,S+X2_M1_r0,mini_chocolate_panettone,366,0.000000
FKIT,S+X2_M1_r0,mini_chocolate_panettone,367,0.000000
FKIT,S+X2_M1_r0,mini_chocolate_panettone,368,0.000000
FKIT,S+X2_M1_r0,mini_chocolate_panettone,369,0.000000
FKIT,S+X2_M1_r0,mini_chocolate_panettone,370,0.000000
FKIT,S+X2_M1_r0,mini_chocolate_panettone,371,0.000000
FKIT,S+X2_M1_r0,mini_chocolate_panettone,372,0.000000
FKIT,S+X2_M1_r0,mini_chocolate_panettone,373,0.000000
FKIT,S+X2_M1_r0,mini_chocolate_panettone,374,0.000000
FKIT,S+X2_M1_r0,mini_chocolate_panettone,375,0.000000
FKIT,S+X2_M1_r0,mini_chocolate_panettone,376,0.000000
FKIT,S+X2_M1_r0,mini_chocolate_panettone,377,0.000000
FKIT,S+X2_M1_r0,mini_chocolate_panettone,378,0.000000
FKIT,S+X2_M1_r0,mini_chocolate_panettone,379,0.000000
FKIT,S+X2_M1_r0,mini_chocolate_panettone,380,0.000000
FKIT,S+X2_M1_r0,mini_chocolate_panettone,381,0.000000
FKIT,S+X2_M1_r0,mini_chocolate_panettone,382,0.000000
FKIT,S+X2_M1_r0,mini_chocolate_panettone,383,0.000000
FKIT,S+X2_M1_r0,mini_chocolate_panettone,384,0.000000
FKIT,S+X2_M1_r0,mini_chocolate_panettone,385,0.000000
FKIT,S+X2_M1_r0,mini_chocolate_panettone,386,0.000000
FKIT,S+X2_M1_r0,mini_chocolate_panettone,387,0.000000
FKIT,S+X2_M1_r0,mini_chocolate_panettone,388,0.000000
FKIT,S+X2_M1_r0,mini_chocolate_panettone,389,0.000000
FKIT,S+X2_M1_r0,mini_chocolate_panettone,390,0.000000
FKIT,S+X2_M1_r0,mini_chocolate_panettone,391,0.000000
FKIT,S+X2_M1_r0,mini_chocolate_panettone,392,0.000000
FKIT,S+X2_M1_r0,mini_chocolate_panettone,393,0.000000
FKIT,S+X2_M1_r0,mini_chocolate_panettone,394,0.000000
FKIT,S+X2_M1_r0,mini_chocolate_panettone,395,0.000000
FKIT,S+X2_M1_r0,mini_chocolate_panettone,396,0.000000
FKIT,S+X2_M1_r0,mini_chocolate_panettone,397,0.000000
FKIT,S+X2_M1_r0,mini_chocolate_panettone,398,0.000000
FKIT,S+X2_M1_r0,mini_chocolate_panettone,399,0.000000
FKIT,S+X2_M1_r0,mini_chocolate_panettone,400,0.000000
FKIT,S+X2_M1_r0,mini_chocolate_panettone,401,0.000000
FKIT,S+X2_M1_r0,mini_chocolate_panettone,402,0.000000
FKIT,S+X2_M1_r0,mini_chocolate_panettone,403,0.000000
FKIT,S+X2_M1_r0,mini_chocolate_panettone,404,0.000000
FKIT,S+X2_M1_r0,mini_chocolate_panettone,405,0.000000
FKIT,S+X2_M1_r0,mini_chocolate_panettone,406,0.000000
FKIT,S+X2_M1_r0,mini_chocolate_panettone,407,0.000000
FKIT,S+X2_M1_r0,mini_chocolate_panettone,408,0.000000
FKIT,S+X2_M1_r0,mini_chocolate_panettone,409,0.000000
FKIT,S+X2_M1_r0,mini_chocolate_panettone,410,0.000000
FKIT,S+X2_M1_r0,mini_chocolate_panettone,411,0.000000
FKIT,S+X2_M1_r0,mini_chocolate_panettone,412,0.000000
FKIT,S+X2_M1_r0,mini_chocolate_panettone,413,0.000000
FKIT,S+X2_M1_r0,mini_chocolate_panettone,414,0.000000
FKIT,S+X2_M1_r0,mini_chocolate_panettone,415,0.000000
FKIT,S+X2_M1_r0,mini_chocolate_panettone,416,0.000000
FKIT,S+X2_M1_r0,mini_chocolate_panettone,417,0.000000
FKIT,S+X2_M1_r0,mini_chocolate_panettone,418,0.000000
FKIT,S+X2_M1_r0,mini_chocolate_panettone,419,0.000000
FKIT,S+X2_M1_r0,mini_chocolate_panettone,420,0.000000
FKIT,S+X2_M1_r0,mini_chocolate_panettone,421,0.000000
FKIT,S+X2_M1_r0,mini_chocolate_panettone,422,0.000000
FKIT,S+X2_M1_r0,mini_chocolate_panettone,423,0.000000
FKIT,S+X2_M1_r0,mini_chocolate_panettone,424,0.000000
FKIT,S+X2_M1_r0,mini_chocolate_panettone,425,0.000000
FKIT,S+X2_M1_r0,mini_chocolate_panettone,426,0.000000
FKIT,S+X2_M1_r0,mini_chocolate_panettone,427,0.000000
FKIT,S+X2_M1_r0,mini_chocolate_panettone,428,0.000000
FKIT,S+X2_M1_r0,mini_chocolate_panettone,429,0.000000
FKIT,S+X2_M1_r0,mini_chocolate_panettone,430,0.000000
FKIT,S+X2_M1_r0,mini_chocolate_panettone,431,0.000000
FKIT,S+X2_M1_r0,mini_chocolate_panettone,432,0.000000
FKIT,S+X2_M1_r0,mini_chocolate_panettone,433,0.000000
FKIT,S+X2_M1_r0,mini_chocolate_panettone,434,0.000000
FKIT,S+X2_M1_r0,mini_chocolate_panettone,435,0.000000
FKIT,S+X2_M1_r0,mini_chocolate_panettone,436,0.000000
FKIT,S+X2_M1_r0,mini_chocolate_panettone,437,0.000000
FKIT,S+X2_M1_r0,mini_chocolate_panettone,438,0.000000
FKIT,S+X2_M1_r0,mini_chocolate_panettone,439,0.000000
FKIT,S+X2_M1_r0,mini_chocolate_panettone,440,0.000000
FKIT,S+X2_M1_r0,mini_chocolate_panettone,441,0.000000
FKIT,S+X2_M1_r0,mini_chocolate_panettone,442,0.000000
FKIT,S+X2_M1_r0,mini_chocolate_panettone,443,0.000000
FKIT,S+X2_M1_r0,mini_chocolate_panettone,444,0.000000
FKIT,S+X2_M1_r0,mini_chocolate_panettone,445,0.000000
FKIT,S+X2_M1_r0,mini_chocolate_panettone,446,0.000000
FKIT,S+X2_M1_r0,mini_chocolate_panettone,447,0.000000
FKIT,S+X2_M1_r0,mini_chocolate_panettone,448,0.000000
FKIT,S+X2_M1_r0,mini_chocolate_panettone,449,0.000000
FKIT,S+X2_M1_r0,mini_chocolate_panettone,450,0.000000
FKIT,S+X2_M1_r0,mini_chocolate_panettone,451,0.000000
FKIT,S+X2_M1_r0,mini_chocolate_panettone,452,0.000000
FKIT,S+X2_M1_r0,mini_chocolate_panettone,453,0.000000
FKIT,S+X2_M1_r0,mini_chocolate_panettone,454,0.000000
FKIT,S+X2_M1_r0,mini_chocolate_panettone,455,0.000000
FKIT,S+X2_M1_r0,mini_chocolate_panettone,456,0.000000
FKIT,S+X2_M1_r0,mini_chocolate_panettone,457,0.000000
FKIT,S+X2_M1_r0,mini_chocolate_panettone,458,0.000000
FKIT,S+X2_M1_r0,mini_chocolate_panettone,459,0.000000
FKIT,S+X2_M1_r0,mini_chocolate_panettone,460,0.000000
FKIT,S+X2_M1_r0,mini_chocolate_panettone,461,0.000000
FKIT,S+X2_M1_r0,mini_chocolate_panettone,462,0.000000
FKIT,S+X2_M1_r0,mini_chocolate_panettone,463,0.000000
FKIT,S+X2_M1_r0,mini_chocolate_panettone,464,0.000000
FKIT,S+X2_M1_r0,mini_chocolate_panettone,465,0.000000
FKIT,S+X2_M1_r0,mini_chocolate_panettone,466,0.000000
FKIT,S+X2_M1_r0,mini_chocolate_panettone,467,0.000000
FKIT,S+X2_M1_r0,mini_chocolate_panettone,468,0.000000
FKIT,S+X2_M1_r0,mini_chocolate_panettone,469,0.000000
FKIT,S+X2_M1_r0,mini_chocolate_panettone,470,0.000000
FKIT,S+X2_M1_r0,mini_chocolate_panettone,471,0.000000
FKIT,S+X2_M1_r0,mini_chocolate_panettone,472,0.000000
FKIT,S+X2_M1_r0,mini_chocolate_panettone,473,0.000000
FKIT,S+X2_M1_r0,mini_chocolate_panettone,474,0.000000
FKIT,S+X2_M1_r0,mini_chocolate_panettone,475,0.000000
FKIT,S+X2_M1_r0,mini_chocolate_panettone,476,0.000000
FKIT,S+X2_M1_r0,mini_chocolate_panettone,477,0.000000
FKIT,S+X2_M1_r0,mini_chocolate_panettone,478,0.000000
FKIT,S+X2_M1_r0,mini_chocolate_panettone,479,0.000000
FKIT,S+X2_M1_r0,mini_chocolate_panettone,480,0.000000
FKIT,S+X2_M1_r0,mini_chocolate_panettone,481,0.000000
FKIT,S+X2_M1_r0,mini_chocolate_panettone,482,0.000000
FKIT,S+X2_M1_r0,mini_chocolate_panettone,483,0.000000
FKIT,S+X2_M1_r0,mini_chocolate_panettone,484,0.000000
FKIT,S+X2_M1_r0,mini_chocolate_panettone,485,0.000000
FKIT,S+X2_M1_r0,mini_chocolate_panettone,486,0.000000
FKIT,S+X2_M1_r0,mini_chocolate_panettone,487,0.000000
FKIT,S+X2_M1_r0,mini_chocolate_panettone,488,0.000000
FKIT,S+X2_M1_r0,mini_chocolate_panettone,489,0.000000
FKIT,S+X2_M1_r0,mini_chocolate_panettone,490,0.000000
FKIT,S+X2_M1_r0,mini_chocolate_panettone,491,0.000000
FKIT,S+X2_M1_r0,mini_chocolate_panettone,492,0.000000
FKIT,S+X2_M1_r0,mini_chocolate_panettone,493,0.000000
FKIT,S+X2_M1_r0,mini_chocolate_panettone,494,0.000000
FKIT,S+X2_M1_r0,mini_chocolate_panettone,495,0.000000
FKIT,S+X2_M1_r0,mini_chocolate_panettone,496,0.000000
FKIT,S+X2_M1_r0,mini_chocolate_panettone,497,0.000000
FKIT,S+X2_M1_r0,mini_chocolate_panettone,498,0.000000
FKIT,S+X2_M1_r0,mini_chocolate_panettone,499,0.000000
FKIT,S+X2_M1_r0,mini_chocolate_panettone,500,0.000000
FKIT,S+X2_M1_r0,mini_chocolate_panettone,501,0.000000
FKIT,S+X2_M1_r0,mini_chocolate_panettone,502,0.000000
FKIT,S+X2_M1_r0,mini_chocolate_panettone,503,0.000000
FKIT,S+X2_M1_r0,mini_chocolate_panettone,504,0.000000
FKIT,S+X2_M1_r0,mini_chocolate_panettone,505,0.000000
FKIT,S+X2_M1_r0,mini_chocolate_panettone,506,0.000000
FKIT,S+X2_M1_r0,mini_chocolate_panettone,507,0.000000
FKIT,S+X2_M1_r0,mini_chocolate_panettone,508,0.000000
FKIT,S+X2_M1_r0,mini_chocolate_panettone,509,0.000000
FKIT,S+X2_M1_r0,mini_chocolate_panettone,510,0.000000
FKIT,S+X2_M1_r0,mini_chocolate_panettone,511,0.000000
FKIT,S+X2_M1_r0,mini_chocolate_panettone,512,0.000000
FKIT,S+X2_M1_r0,mini_chocolate_panettone,513,0.000000
FKIT,S+X2_M1_r0,mini_chocolate_panettone,514,0.000000
FKIT,S+X2_M1_r0,mini_chocolate_panettone,515,0.000000
FKIT,S+X2_M1_r0,mini_chocolate_panettone,516,0.000000
FKIT,S+X2_M1_r0,mini_chocolate_panettone,517,0.000000
FKIT,S+X2_M1_r0,mini_chocolate_panettone,518,0.000000
FKIT,S+X2_M1_r0,mini_chocolate_panettone,519,0.000000
FKIT,S+X2_M1_r0,mini_chocolate_panettone,520,0.000000
FKIT,S+X2_M1_r0,mini_chocolate_panettone,521,0.000000
FKIT,S+X2_M1_r0,mini_chocolate_panettone,522,0.000000
FKIT,S+X2_M1_r0,mini_chocolate_panettone,523,0.000000
FKIT,S+X2_M1_r0,mini_chocolate_panettone,524,0.000000
FKIT,S+X2_M1_r0,mini_chocolate_panettone,525,0.000000
FKIT,S+X2_M1_r0,mini_chocolate_panettone,526,0.000000
FKIT,S+X2_M1_r0,mini_chocolate_panettone,527,0.000000
FKIT,S+X2_M1_r0,mini_chocolate_panettone,528,0.000000
FKIT,S+X2_M1_r0,mini_chocolate_panettone,529,0.000000
FKIT,S+X2_M1_r0,mini_chocolate_panettone,530,0.000000
FKIT,S+X2_M1_r0,mini_chocolate_panettone,531,0.000000
FKIT,S+X2_M1_r0,mini_chocolate_panettone,532,0.000000
FKIT,S+X2_M1_r0,mini_chocolate_panettone,533,0.000000
FKIT,S+X2_M1_r0,mini_chocolate_panettone,534,0.000000
FKIT,S+X2_M1_r0,mini_chocolate_panettone,535,0.000000
FKIT,S+X2_M1_r0,mini_chocolate_panettone,536,0.000000
FKIT,S+X2_M1_r0,mini_chocolate_panettone,537,0.000000
FKIT,S+X2_M1_r0,mini_chocolate_panettone,538,0.000000
FKIT,S+X2_M1_r0,mini_chocolate_panettone,539,0.000000
FKIT,S+X2_M1_r0,mini_chocolate_panettone,540,0.000000
FKIT,S+X2_M1_r0,mini_chocolate_panettone,541,0.000000
FKIT,S+X2_M1_r0,mini_chocolate_panettone,542,0.000000
FKIT,S+X2_M1_r0,mini_chocolate_panettone,543,0.000000
FKIT,S+X2_M1_r0,mini_chocolate_panettone,544,0.000000
FKIT,S+X2_M1_r0,mini_chocolate_panettone,545,0.000000
FKIT,S+X2_M1_r0,mini_chocolate_panettone,546,0.000000
FKIT,S+X2_M1_r0,mini_chocolate_panettone,547,0.000000
FKIT,S+X2_M1_r0,mini_chocolate_panettone,548,0.000000
FKIT,S+X2_M1_r0,mini_chocolate_panettone,549,0.000000
FKIT,S+X2_M1_r0,mini_chocolate_panettone,550,0.000000
FKIT,S+X2_M1_r0,mini_chocolate_panettone,551,0.000000
FKIT,S+X2_M1_r0,mini_chocolate_panettone,552,0.000000
FKIT,S+X2_M1_r0,mini_chocolate_panettone,553,0.000000
FKIT,S+X2_M1_r0,mini_chocolate_panettone,554,0.000000
FKIT,S+X2_M1_r0,mini_chocolate_panettone,555,0.000000
FKIT,S+X2_M1_r0,mini_chocolate_panettone,556,0.000000
FKIT,S+X2_M1_r0,mini_chocolate_panettone,557,0.000000
FKIT,S+X2_M1_r0,mini_chocolate_panettone,558,0.000000
FKIT,S+X2_M1_r0,mini_chocolate_panettone,559,0.000000
FKIT,S+X2_M1_r0,mini_chocolate_panettone,560,0.000000
FKIT,S+X2_M1_r0,mini_chocolate_panettone,561,0.000000
FKIT,S+X2_M1_r0,mini_chocolate_panettone,562,0.000000
FKIT,S+X2_M1_r0,mini_chocolate_panettone,563,0.000000
FKIT,S+X2_M1_r0,mini_chocolate_panettone,564,0.000000
FKIT,S+X2_M1_r0,mini_chocolate_panettone,565,0.000000
FKIT,S+X2_M1_r0,mini_chocolate_panettone,566,0.000000
FKIT,S+X2_M1_r0,mini_chocolate_panettone,567,0.000000
FKIT,S+X2_M1_r0,mini_chocolate_panettone,568,0.000000
FKIT,S+X2_M1_r0,mini_chocolate_panettone,569,0.000000
FKIT,S+X2_M1_r0,mini_chocolate_panettone,570,0.000000
FKIT,S+X2_M1_r0,mini_chocolate_panettone,571,0.000000
FKIT,S+X2_M1_r0,mini_chocolate_panettone,572,0.000000
FKIT,S+X2_M1_r0,mini_chocolate_panettone,573,0.000000
FKIT,S+X2_M1_r0,mini_chocolate_panettone,574,0.000000
FKIT,S+X2_M1_r0,mini_chocolate_panettone,575,0.000000
FKIT,S+X2_M1_r0,mini_chocolate_panettone,576,0.000000
FKIT,S+X2_M1_r0,mini_chocolate_panettone,577,0.000000
FKIT,S+X2_M1_r0,mini_chocolate_panettone,578,0.000000
FKIT,S+X2_M1_r0,mini_chocolate_panettone,579,0.000000
FKIT,S+X2_M1_r0,mini_chocolate_panettone,580,0.000000
FKIT,S+X2_M1_r0,mini_chocolate_panettone,581,0.000000
FKIT,S+X2_M1_r0,mini_chocolate_panettone,582,0.000000
FKIT,S+X2_M1_r0,mini_chocolate_panettone,583,0.000000
FKIT,S+X2_M1_r0,mini_chocolate_panettone,584,0.000000
FKIT,S+X2_M1_r0,mini_chocolate_panettone,585,0.000000
FKIT,S+X2_M1_r0,mini_chocolate_panettone,586,0.000000
FKIT,S+X2_M1_r0,mini_chocolate_panettone,587,0.000000
FKIT,S+X2_M1_r0,mini_chocolate_panettone,588,0.000000
FKIT,S+X2_M1_r0,mini_chocolate_panettone,589,0.000000
FKIT,S+X2_M1_r0,mini_chocolate_panettone,590,0.000000
FKIT,S+X2_M1_r0,mini_chocolate_panettone,591,0.000000
FKIT,S+X2_M1_r0,mini_chocolate_panettone,592,0.000000
FKIT,S+X2_M1_r0,mini_chocolate_panettone,593,0.000000
FKIT,S+X2_M1_r0,mini_chocolate_panettone,594,0.000000
FKIT,S+X2_M1_r0,mini_chocolate_panettone,595,0.000000
FKIT,S+X2_M1_r0,mini_chocolate_panettone,596,0.000000
FKIT,S+X2_M1_r0,mini_chocolate_panettone,597,0.000000
FKIT,S+X2_M1_r0,mini_chocolate_panettone,598,0.000000
FKIT,S+X2_M1_r0,mini_chocolate_panettone,599,0.000000
FKIT,S+X2_M1_r0,mini_chocolate_panettone,600,0.000000
FKIT,S+X2_M1_r0,mini_chocolate_panettone,601,0.000000
FKIT,S+X2_M1_r0,mini_chocolate_panettone,602,0.000000
FKIT,S+X2_M1_r0,mini_chocolate_panettone,603,0.000000
FKIT,S+X2_M1_r0,mini_chocolate_panettone,604,0.000000
FKIT,S+X2_M1_r0,mini_chocolate_panettone,605,0.000000
FKIT,S+X2_M1_r0,mini_chocolate_panettone,606,0.000000
FKIT,S+X2_M1_r0,mini_chocolate_panettone,607,0.000000
FKIT,S+X2_M1_r0,mini_chocolate_panettone,608,0.000000
FKIT,S+X2_M1_r0,mini_chocolate_panettone,609,0.000000
FKIT,S+X2_M1_r0,mini_chocolate_panettone,610,0.000000
FKIT,S+X2_M1_r0,mini_chocolate_panettone,611,0.000000
FKIT,S+X2_M1_r0,mini_chocolate_panettone,612,0.000000
FKIT,S+X2_M1_r0,mini_chocolate_panettone,613,0.000000
FKIT,S+X2_M1_r0,mini_chocolate_panettone,614,0.000000
FKIT,S+X2_M1_r0,mini_chocolate_panettone,615,0.000000
FKIT,S+X2_M1_r0,mini_chocolate_panettone,616,0.000000
FKIT,S+X2_M1_r0,mini_chocolate_panettone,617,0.000000
FKIT,S+X2_M1_r0,mini_chocolate_panettone,618,0.000000
FKIT,S+X2_M1_r0,mini_chocolate_panettone,619,0.000000
FKIT,S+X2_M1_r0,mini_chocolate_panettone,620,0.000000
FKIT,S+X2_M1_r0,mini_chocolate_panettone,621,0.000000
FKIT,S+X2_M1_r0,mini_chocolate_panettone,622,0.000000
FKIT,S+X2_M1_r0,mini_chocolate_panettone,623,0.000000
FKIT,S+X2_M1_r0,mini_chocolate_panettone,624,0.000000
FKIT,S+X2_M1_r0,mini_chocolate_panettone,625,0.000000
FKIT,S+X2_M1_r0,mini_chocolate_panettone,626,0.000000
FKIT,S+X2_M1_r0,mini_chocolate_panettone,627,0.000000
FKIT,S+X2_M1_r0,mini_chocolate_panettone,628,0.000000
FKIT,S+X2_M1_r0,mini_chocolate_panettone,629,0.000000
FKIT,S+X2_M1_r0,mini_chocolate_panettone,630,0.000000
FKIT,S+X2_M1_r0,mini_chocolate_panettone,631,0.000000
FKIT,S+X2_M1_r0,mini_chocolate_panettone,632,0.000000
FKIT,S+X2_M1_r0,mini_chocolate_panettone,633,0.000000
FKIT,S+X2_M1_r0,mini_chocolate_panettone,634,0.000000
FKIT,S+X2_M1_r0,mini_chocolate_panettone,635,0.000000
FKIT,S+X2_M1_r0,mini_chocolate_panettone,636,0.000000
FKIT,S+X2_M1_r0,mini_chocolate_panettone,637,0.000000
FKIT,S+X2_M1_r0,mini_chocolate_panettone,638,0.000000
FKIT,S+X2_M1_r0,mini_chocolate_panettone,639,0.000000
FKIT,S+X2_M1_r0,mini_chocolate_panettone,640,0.000000
FKIT,S+X2_M1_r0,mini_chocolate_panettone,641,0.000000
FKIT,S+X2_M1_r0,mini_chocolate_panettone,642,0.000000
FKIT,S+X2_M1_r0,mini_chocolate_panettone,643,0.000000
FKIT,S+X2_M1_r0,mini_chocolate_panettone,644,0.000000
FKIT,S+X2_M1_r0,mini_chocolate_panettone,645,0.000000
FKIT,S+X2_M1_r0,mini_chocolate_panettone,646,0.000000
FKIT,S+X2_M1_r0,mini_chocolate_panettone,647,0.000000
FKIT,S+X2_M1_r0,mini_chocolate_panettone,648,0.000000
FKIT,S+X2_M1_r0,mini_chocolate_panettone,649,0.000000
FKIT,S+X2_M1_r0,mini_chocolate_panettone,650,0.000000
FKIT,S+X2_M1_r0,mini_chocolate_panettone,651,0.000000
FKIT,S+X2_M1_r0,mini_chocolate_panettone,652,0.000000
FKIT,S+X2_M1_r0,mini_chocolate_panettone,653,0.000000
FKIT,S+X2_M1_r0,mini_chocolate_panettone,654,0.000000
FKIT,S+X2_M1_r0,mini_chocolate_panettone,655,0.000000
FKIT,S+X2_M1_r0,mini_chocolate_panettone,656,0.000000
FKIT,S+X2_M1_r0,mini_chocolate_panettone,657,0.000000
FKIT,S+X2_M1_r0,mini_chocolate_panettone,658,0.000000
FKIT,S+X2_M1_r0,mini_chocolate_panettone,659,0.000000
FKIT,S+X2_M1_r0,mini_chocolate_panettone,660,0.000000
FKIT,S+X2_M1_r0,mini_chocolate_panettone,661,0.000000
FKIT,S+X2_M1_r0,mini_chocolate_panettone,662,0.000000
FKIT,S+X2_M1_r0,mini_chocolate_panettone,663,0.000000
FKIT,S+X2_M1_r0,mini_chocolate_panettone,664,0.000000
FKIT,S+X2_M1_r0,mini_chocolate_panettone,665,0.000000
FKIT,S+X2_M1_r0,mini_chocolate_panettone,666,0.000000
FKIT,S+X2_M1_r0,mini_chocolate_panettone,667,0.000000
FKIT,S+X2_M1_r0,mini_chocolate_panettone,668,0.000000
FKIT,S+X2_M1_r0,mini_chocolate_panettone,669,0.000000
FKIT,S+X2_M1_r0,mini_chocolate_panettone,670,0.000000
FKIT,S+X2_M1_r0,mini_chocolate_panettone,671,0.000000
FKIT,S+X2_M1_r0,mini_chocolate_panettone,672,0.000000
FKIT,S+X2_M1_r0,mini_chocolate_panettone,673,0.000000
FKIT,S+X2_M1_r0,mini_chocolate_panettone,674,0.000000
FKIT,S+X2_M1_r0,mini_chocolate_panettone,675,0.000000
FKIT,S+X2_M1_r0,mini_chocolate_panettone,676,0.000000
FKIT,S+X2_M1_r0,mini_chocolate_panettone,677,0.000000
FKIT,S+X2_M1_r0,mini_chocolate_panettone,678,0.000000
FKIT,S+X2_M1_r0,mini_chocolate_panettone,679,0.000000
FKIT,S+X2_M1_r0,mini_chocolate_panettone,680,0.000000
FKIT,S+X2_M1_r0,mini_chocolate_panettone,681,0.000000
FKIT,S+X2_M1_r0,mini_chocolate_panettone,682,0.000000
FKIT,S+X2_M1_r0,mini_chocolate_panettone,683,0.000000
FKIT,S+X2_M1_r0,mini_chocolate_panettone,684,0.000000
FKIT,S+X2_M1_r0,mini_chocolate_panettone,685,0.000000
FKIT,S+X2_M1_r0,mini_chocolate_panettone,686,0.000000
FKIT,S+X2_M1_r0,mini_chocolate_panettone,687,0.000000
FKIT,S+X2_M1_r0,mini_chocolate_panettone,688,0.000000
FKIT,S+X2_M1_r0,mini_chocolate_panettone,689,0.000000
FKIT,S+X2_M1_r0,mini_chocolate_panettone,690,0.000000
FKIT,S+X2_M1_r0,mini_chocolate_panettone,691,0.000000
FKIT,S+X2_M1_r0,mini_chocolate_panettone,692,0.000000
FKIT,S+X2_M1_r0,mini_chocolate_panettone,693,0.000000
FKIT,S+X2_M1_r0,mini_chocolate_panettone,694,0.000000
FKIT,S+X2_M1_r0,mini_chocolate_panettone,695,0.000000
FKIT,S+X2_M1_r0,mini_chocolate_panettone,696,0.000000
FKIT,S+X2_M1_r0,mini_chocolate_panettone,697,0.000000
FKIT,S+X2_M1_r0,mini_chocolate_panettone,698,0.000000
FKIT,S+X2_M1_r0,mini_chocolate_panettone,699,0.000000
FKIT,S+X2_M1_r0,mini_chocolate_panettone,700,0.000000
FKIT,S+X2_M1_r0,mini_chocolate_panettone,701,0.000000
FKIT,S+X2_M1_r0,mini_chocolate_panettone,702,0.000000
FKIT,S+X2_M1_r0,mini_chocolate_panettone,703,0.000000
FKIT,S+X2_M1_r0,mini_chocolate_panettone,704,0.000000
FKIT,S+X2_M1_r0,mini_chocolate_panettone,705,0.000000
FKIT,S+X2_M1_r0,mini_chocolate_panettone,706,0.000000
FKIT,S+X2_M1_r0,mini_chocolate_panettone,707,0.000000
FKIT,S+X2_M1_r0,mini_chocolate_panettone,708,0.000000
FKIT,S+X2_M1_r0,mini_chocolate_panettone,709,0.000000
FKIT,S+X2_M1_r0,mini_chocolate_panettone,710,0.000000
FKIT,S+X2_M1_r0,mini_chocolate_panettone,711,0.000000
FKIT,S+X2_M1_r0,mini_chocolate_panettone,712,0.000000
FKIT,S+X2_M1_r0,mini_chocolate_panettone,713,0.000000
FKIT,S+X2_M1_r0,mini_chocolate_panettone,714,0.000000
FKIT,S+X2_M1_r0,mini_chocolate_panettone,715,0.000000
FKIT,S+X2_M1_r0,mini_chocolate_panettone,716,0.000000
FKIT,S+X2_M1_r0,mini_chocolate_panettone,717,0.000000
FKIT,S+X2_M1_r0,mini_chocolate_panettone,718,0.000000
FKIT,S+X2_M1_r0,mini_chocolate_panettone,719,0.000000
FKIT,S+X2_M1_r0,mini_chocolate_panettone,720,0.000000
FKIT,S+X2_M1_r0,mini_chocolate_panettone,721,0.000000
FKIT,S+X2_M1_r0,mini_chocolate_panettone,722,0.000000
FKIT,S+X2_M1_r0,mini_chocolate_panettone,723,0.000000
FKIT,S+X2_M1_r0,mini_chocolate_panettone,724,0.000000
FKIT,S+X2_M1_r0,mini_chocolate_panettone,725,0.000000
FKIT,S+X2_M1_r0,mini_chocolate_panettone,726,0.000000
FKIT,S+X2_M1_r0,mini_chocolate_panettone,727,0.000000
FKIT,S+X2_M1_r0,mini_chocolate_panettone,728,0.000000
FKIT,S+X2_M1_r0,mini_chocolate_panettone,729,0.000000
FKIT,S+X2_M1_r0,mini_chocolate_panettone,730,0.000000
FKIT,S+X2_M1_r0,mini_chocolate_panettone,731,0.000000
FKIT,S+X2_M1_r0,mini_chocolate_panettone,732,0.000000
FKIT,S+X2_M1_r0,mini_chocolate_panettone,733,0.000000
FKIT,S+X2_M1_r0,mini_chocolate_panettone,734,0.000000
FKIT,S+X2_M1_r0,mini_chocolate_panettone,735,0.000000
FKIT,S+X2_M1_r0,mini_chocolate_panettone,736,0.000000
FKIT,S+X2_M1_r0,mini_chocolate_panettone,737,0.000000
FKIT,S+X2_M1_r0,mini_chocolate_panettone,738,0.000000
FKIT,S+X2_M1_r0,mini_chocolate_panettone,739,0.000000
FKIT,S+X2_M1_r0,mini_chocolate_panettone,740,0.000000
FKIT,S+X2_M1_r0,mini_chocolate_panettone,741,0.000000
FKIT,S+X2_M1_r0,mini_chocolate_panettone,742,0.000000
FKIT,S+X2_M1_r0,mini_chocolate_panettone,743,0.000000
FKIT,S+X2_M1_r0,mini_chocolate_panettone,744,0.000000
FKIT,S+X2_M1_r0,mini_chocolate_panettone,745,0.000000
FKIT,S+X2_M1_r0,mini_chocolate_panettone,746,0.000000
FKIT,S+X2_M1_r0,mini_chocolate_panettone,747,0.000000
FKIT,S+X2_M1_r0,mini_chocolate_panettone,748,0.000000
FKIT,S+X2_M1_r0,mini_chocolate_panettone,749,0.000000
FKIT,S+X2_M1_r0,mini_chocolate_panettone,750,0.000000
FKIT,S+X2_M1_r0,mini_chocolate_panettone,751,0.000000
FKIT,S+X2_M1_r0,mini_chocolate_panettone,752,0.000000
FKIT,S+X2_M1_r0,mini_chocolate_panettone,753,0.000000
FKIT,S+X2_M1_r0,mini_chocolate_panettone,754,0.000000
FKIT,S+X2_M1_r0,mini_chocolate_panettone,755,0.000000
FKIT,S+X2_M1_r0,mini_chocolate_panettone,756,0.000000
FKIT,S+X2_M1_r0,mini_chocolate_panettone,757,0.000000
FKIT,S+X2_M1_r0,mini_chocolate_panettone,758,0.000000
FKIT,S+X2_M1_r0,mini_chocolate_panettone,759,0.000000
FKIT,S+X2_M1_r0,mini_chocolate_panettone,760,0.000000
FKIT,S+X2_M1_r0,mini_chocolate_panettone,761,0.000000
FKIT,S+X2_M1_r0,mini_chocolate_panettone,762,0.000000
FKIT,S+X2_M1_r0,mini_chocolate_panettone,763,0.000000
FKIT,S+X2_M1_r0,mini_chocolate_panettone,764,0.000000
FKIT,S+X2_M1_r0,mini_chocolate_panettone,765,0.000000
FKIT,S+X2_M1_r0,mini_chocolate_panettone,766,0.000000
FKIT,S+X2_M1_r0,mini_chocolate_panettone,767,0.000000
FKIT,S+X2_M1_r0,mini_chocolate_panettone,768,0.000000
FKIT,S+X2_M1_r0,mini_chocolate_panettone,769,0.000000
FKIT,S+X2_M1_r0,mini_chocolate_panettone,770,0.000000
FKIT,S+X2_M1_r0,mini_chocolate_panettone,771,0.000000
FKIT,S+X2_M1_r0,mini_chocolate_panettone,772,0.000000
FKIT,S+X2_M1_r0,mini_chocolate_panettone,773,0.000000
FKIT,S+X2_M1_r0,mini_chocolate_panettone,774,0.000000
FKIT,S+X2_M1_r0,mini_chocolate_panettone,775,0.000000
FKIT,S+X2_M1_r0,mini_chocolate_panettone,776,0.000000
FKIT,S+X2_M1_r0,mini_chocolate_panettone,777,0.000000
FKIT,S+X2_M1_r0,mini_chocolate_panettone,778,0.000000
FKIT,S+X2_M1_r0,mini_chocolate_panettone,779,0.000000
FKIT,S+X2_M1_r0,mini_chocolate_panettone,780,0.000000
FKIT,S+X2_M1_r0,mini_chocolate_panettone,781,0.000000
FKIT,S+X2_M1_r0,mini_chocolate_panettone,782,0.000000
FKIT,S+X2_M1_r0,mini_chocolate_panettone,783,0.000000
FKIT,S+X2_M1_r0,mini_chocolate_panettone,784,0.000000
FKIT,S+X2_M1_r0,mini_chocolate_panettone,785,0.000000
FKIT,S+X2_M1_r0,mini_chocolate_panettone,786,0.000000
FKIT,S+X2_M1_r0,mini_chocolate_panettone,787,0.000000
FKIT,S+X2_M1_r0,mini_chocolate_panettone,788,0.000000
FKIT,S+X2_M1_r0,mini_chocolate_panettone,789,0.000000
FKIT,S+X2_M1_r0,mini_chocolate_panettone,790,0.000000
FKIT,S+X2_M1_r0,mini_chocolate_panettone,791,0.000000
FKIT,S+X2_M1_r0,mini_chocolate_panettone,792,0.000000
FKIT,S+X2_M1_r0,mini_chocolate_panettone,793,0.000000
FKIT,S+X2_M1_r0,mini_chocolate_panettone,794,0.000000
FKIT,S+X2_M1_r0,mini_chocolate_panettone,795,0.000000
FKIT,S+X2_M1_r0,mini_chocolate_panettone,796,0.000000
FKIT,S+X2_M1_r0,mini_chocolate_panettone,797,0.000000
FKIT,S+X2_M1_r0,mini_chocolate_panettone,798,0.000000
FKIT,S+X2_M1_r0,mini_chocolate_panettone,799,0.000000
FKIT,S+X2_M1_r0,mini_chocolate_panettone,800,0.000000
FKIT,S+X2_M1_r0,mini_chocolate_panettone,801,0.000000
FKIT,S+X2_M1_r0,mini_chocolate_panettone,802,0.000000
FKIT,S+X2_M1_r0,mini_chocolate_panettone,803,0.000000
FKIT,S+X2_M1_r0,mini_chocolate_panettone,804,0.000000
FKIT,S+X2_M1_r0,mini_chocolate_panettone,805,0.000000
FKIT,S+X2_M1_r0,mini_chocolate_panettone,806,0.000000
FKIT,S+X2_M1_r0,mini_chocolate_panettone,807,0.000000
FKIT,S+X2_M1_r0,mini_chocolate_panettone,808,0.000000
FKIT,S+X2_M1_r0,mini_chocolate_panettone,809,0.000000
FKIT,S+X2_M1_r0,mini_chocolate_panettone,810,0.000000
FKIT,S+X2_M1_r0,mini_chocolate_panettone,811,0.000000
FKIT,S+X2_M1_r0,mini_chocolate_panettone,812,0.000000
FKIT,S+X2_M1_r0,mini_chocolate_panettone,813,0.000000
FKIT,S+X2_M1_r0,mini_chocolate_panettone,814,0.000000
FKIT,S+X2_M1_r0,mini_chocolate_panettone,815,0.000000
FKIT,S+X2_M1_r0,mini_chocolate_panettone,816,0.000000
FKIT,S+X2_M1_r0,mini_chocolate_panettone,817,0.000000
FKIT,S+X2_M1_r0,mini_chocolate_panettone,818,0.000000
FKIT,S+X2_M1_r0,mini_chocolate_panettone,819,0.000000
FKIT,S+X2_M1_r0,mini_chocolate_panettone,820,0.000000
FKIT,S+X2_M1_r0,mini_chocolate_panettone,821,0.000000
FKIT,S+X2_M1_r0,mini_chocolate_panettone,822,0.000000
FKIT,S+X2_M1_r0,mini_chocolate_panettone,823,0.000000
FKIT,S+X2_M1_r0,mini_chocolate_panettone,824,0.000000
FKIT,S+X2_M1_r0,mini_chocolate_panettone,825,0.000000
FKIT,S+X2_M1_r0,mini_chocolate_panettone,826,0.000000
FKIT,S+X2_M1_r0,mini_chocolate_panettone,827,0.000000
FKIT,S+X2_M1_r0,mini_chocolate_panettone,828,0.000000
FKIT,S+X2_M1_r0,mini_chocolate_panettone,829,0.000000
FKIT,S+X2_M1_r0,mini_chocolate_panettone,830,0.000000
FKIT,S+X2_M1_r0,mini_chocolate_panettone,831,0.000000
FKIT,S+X2_M1_r0,mini_chocolate_panettone,832,0.000000
FKIT,S+X2_M1_r0,mini_chocolate_panettone,833,0.000000
FKIT,S+X2_M1_r0,mini_chocolate_panettone,834,0.000000
FKIT,S+X2_M1_r0,mini_chocolate_panettone,835,0.000000
FKIT,S+X2_M1_r0,mini_chocolate_panettone,836,0.000000
FKIT,S+X2_M1_r0,mini_chocolate_panettone,837,0.000000
FKIT,S+X2_M1_r0,mini_chocolate_panettone,838,0.000000
FKIT,S+X2_M1_r0,mini_chocolate_panettone,839,0.000000
FKIT,S+X2_M1_r0,mini_chocolate_panettone,840,0.000000
FKIT,S+X2_M1_r0,mini_chocolate_panettone,841,0.000000
FKIT,S+X2_M1_r0,mini_chocolate_panettone,842,0.000000
FKIT,S+X2_M1_r0,mini_chocolate_panettone,843,0.000000
FKIT,S+X2_M1_r0,mini_chocolate_panettone,844,0.000000
FKIT,S+X2_M1_r0,mini_chocolate_panettone,845,0.000000
FKIT,S+X2_M1_r0,mini_chocolate_panettone,846,0.000000
FKIT,S+X2_M1_r0,mini_chocolate_panettone,847,0.000000
FKIT,S+X2_M1_r0,mini_chocolate_panettone,848,0.000000
FKIT,S+X2_M1_r0,mini_chocolate_panettone,849,0.000000
FKIT,S+X2_M1_r0,mini_chocolate_panettone,850,0.000000
FKIT,S+X2_M1_r0,mini_chocolate_panettone,851,0.000000
FKIT,S+X2_M1_r0,mini_chocolate_panettone,852,0.000000
FKIT,S+X2_M1_r0,mini_chocolate_panettone,853,0.000000
FKIT,S+X2_M1_r0,mini_chocolate_panettone,854,0.000000
FKIT,S+X2_M1_r0,mini_chocolate_panettone,855,0.000000
FKIT,S+X2_M1_r0,mini_chocolate_panettone,856,0.000000
FKIT,S+X2_M1_r0,mini_chocolate_panettone,857,0.000000
FKIT,S+X2_M1_r0,mini_chocolate_panettone,858,0.000000
FKIT,S+X2_M1_r0,mini_chocolate_panettone,859,0.000000
FKIT,S+X2_M1_r0,mini_chocolate_panettone,860,0.000000
FKIT,S+X2_M1_r0,mini_chocolate_panettone,861,0.000000
FKIT,S+X2_M1_r0,mini_chocolate_panettone,862,0.000000
FKIT,S+X2_M1_r0,mini_chocolate_panettone,863,0.000000
FKIT,S+X2_M1_r0,mini_chocolate_panettone,864,0.000000
FKIT,S+X2_M1_r0,mini_chocolate_panettone,865,0.000000
FKIT,S+X2_M1_r0,mini_chocolate_panettone,866,0.000000
FKIT,S+X2_M1_r0,mini_chocolate_panettone,867,0.000000
FKIT,S+X2_M1_r0,mini_chocolate_panettone,868,0.000000
FKIT,S+X2_M1_r0,mini_chocolate_panettone,869,0.000000
FKIT,S+X2_M1_r0,mini_chocolate_panettone,870,0.000000
FKIT,S+X2_M1_r0,mini_chocolate_panettone,871,0.000000
FKIT,S+X2_M1_r0,mini_chocolate_panettone,872,0.000000
FKIT,S+X2_M1_r0,mini_chocolate_panettone,873,0.000000
FKIT,S+X2_M1_r0,mini_chocolate_panettone,874,0.000000
FKIT,S+X2_M1_r0,mini_chocolate_panettone,875,0.000000
FKIT,S+X2_M1_r0,mini_chocolate_panettone,876,0.000000
FKIT,S+X2_M1_r0,mini_chocolate_panettone,877,0.000000
FKIT,S+X2_M1_r0,mini_chocolate_panettone,878,0.000000
FKIT,S+X2_M1_r0,mini_chocolate_panettone,879,0.000000
FKIT,S+X2_M1_r0,mini_chocolate_panettone,880,0.000000
FKIT,S+X2_M1_r0,mini_chocolate_panettone,881,0.000000
FKIT,S+X2_M1_r0,mini_chocolate_panettone,882,0.000000
FKIT,S+X2_M1_r0,mini_chocolate_panettone,883,0.000000
FKIT,S+X2_M1_r0,mini_chocolate_panettone,884,0.000000
FKIT,S+X2_M1_r0,mini_chocolate_panettone,885,0.000000
FKIT,S+X2_M1_r0,mini_chocolate_panettone,886,0.000000
FKIT,S+X2_M1_r0,mini_chocolate_panettone,887,0.000000
FKIT,S+X2_M1_r0,mini_chocolate_panettone,888,0.000000
FKIT,S+X2_M1_r0,mini_chocolate_panettone,889,0.000000
FKIT,S+X2_M1_r0,mini_chocolate_panettone,890,0.000000
FKIT,S+X2_M1_r0,mini_chocolate_panettone,891,0.000000
FKIT,S+X2_M1_r0,mini_chocolate_panettone,892,0.000000
FKIT,S+X2_M1_r0,mini_chocolate_panettone,893,0.000000
FKIT,S+X2_M1_r0,mini_chocolate_panettone,894,0.000000
FKIT,S+X2_M1_r0,mini_chocolate_panettone,895,0.000000
FKIT,S+X2_M1_r0,mini_chocolate_panettone,896,0.000000
FKIT,S+X2_M1_r0,mini_chocolate_panettone,897,0.000000
FKIT,S+X2_M1_r0,mini_chocolate_panettone,898,0.000000
FKIT,S+X2_M1_r0,mini_chocolate_panettone,899,0.000000
FKIT,S+X2_M1_r0,mini_chocolate_panettone,900,0.000000
FKIT,S+X2_M1_r0,mini_chocolate_panettone,901,0.000000
FKIT,S+X2_M1_r0,mini_chocolate_panettone,902,0.000000
FKIT,S+X2_M1_r0,mini_chocolate_panettone,903,0.000000
FKIT,S+X2_M1_r0,mini_chocolate_panettone,904,0.000000
FKIT,S+X2_M1_r0,mini_chocolate_panettone,905,0.000000
FKIT,S+X2_M1_r0,mini_chocolate_panettone,906,0.000000
FKIT,S+X2_M1_r0,mini_chocolate_panettone,907,0.000000
FKIT,S+X2_M1_r0,mini_chocolate_panettone,908,0.000000
FKIT,S+X2_M1_r0,mini_chocolate_panettone,909,0.000000
FKIT,S+X2_M1_r0,mini_chocolate_panettone,910,0.000000
FKIT,S+X2_M1_r0,mini_chocolate_panettone,911,0.000000
FKIT,S+X2_M1_r0,mini_chocolate_panettone,912,0.000000
FKIT,S+X2_M1_r0,mini_chocolate_panettone,913,0.000000
FKIT,S+X2_M1_r0,mini_chocolate_panettone,914,0.000000
FKIT,S+X2_M1_r0,mini_chocolate_panettone,915,0.000000
FKIT,S+X2_M1_r0,mini_chocolate_panettone,916,0.000000
FKIT,S+X2_M1_r0,mini_chocolate_panettone,917,0.000000
FKIT,S+X2_M1_r0,mini_chocolate_panettone,918,0.000000
FKIT,S+X2_M1_r0,mini_chocolate_panettone,919,0.000000
FKIT,S+X2_M1_r0,mini_chocolate_panettone,920,0.000000
FKIT,S+X2_M1_r0,mini_chocolate_panettone,921,0.000000
FKIT,S+X2_M1_r0,mini_chocolate_panettone,922,0.000000
FKIT,S+X2_M1_r0,mini_chocolate_panettone,923,0.000000
FKIT,S+X2_M1_r0,mini_chocolate_panettone,924,0.000000
FKIT,S+X2_M1_r0,mini_chocolate_panettone,925,0.000000
FKIT,S+X2_M1_r0,mini_chocolate_panettone,926,0.000000
FKIT,S+X2_M1_r0,mini_chocolate_panettone,927,0.000000
FKIT,S+X2_M1_r0,mini_chocolate_panettone,928,0.000000
FKIT,S+X2_M1_r0,mini_chocolate_panettone,929,0.000000
FKIT,S+X2_M1_r0,mini_chocolate_panettone,930,0.000000
FKIT,S+X2_M1_r0,mini_chocolate_panettone,931,0.000000
FKIT,S+X2_M1_r0,mini_chocolate_panettone,932,0.000000
FKIT,S+X2_M1_r0,mini_chocolate_panettone,933,0.000000
FKIT,S+X2_M1_r0,mini_chocolate_panettone,934,0.000000
FKIT,S+X2_M1_r0,mini_chocolate_panettone,935,0.000000
FKIT,S+X2_M1_r0,mini_chocolate_panettone,936,0.000000
FKIT,S+X2_M1_r0,mini_chocolate_panettone,937,0.000000
FKIT,S+X2_M1_r0,mini_chocolate_panettone,938,0.000000
FKIT,S+X2_M1_r0,mini_chocolate_panettone,939,0.000000
FKIT,S+X2_M1_r0,mini_chocolate_panettone,940,0.000000
FKIT,S+X2_M1_r0,mini_chocolate_panettone,941,0.000000
FKIT,S+X2_M1_r0,mini_chocolate_panettone,942,0.000000
FKIT,S+X2_M1_r0,mini_chocolate_panettone,943,0.000000
FKIT,S+X2_M1_r0,mini_chocolate_panettone,944,0.000000
FKIT,S+X2_M1_r0,mini_chocolate_panettone,945,0.000000
FKIT,S+X2_M1_r0,mini_chocolate_panettone,946,0.000000
FKIT,S+X2_M1_r0,mini_chocolate_panettone,947,0.000000
FKIT,S+X2_M1_r0,mini_chocolate_panettone,948,0.000000
FKIT,S+X2_M1_r0,mini_chocolate_panettone,949,0.000000
FKIT,S+X2_M1_r0,mini_chocolate_panettone,950,0.000000
FKIT,S+X2_M1_r0,mini_chocolate_panettone,951,0.000000
FKIT,S+X2_M1_r0,mini_chocolate_panettone,952,0.000000
FKIT,S+X2_M1_r0,mini_chocolate_panettone,953,0.000000
FKIT,S+X2_M1_r0,mini_chocolate_panettone,954,0.000000
FKIT,S+X2_M1_r0,mini_chocolate_panettone,955,0.000000
FKIT,S+X2_M1_r0,mini_chocolate_panettone,956,0.000000
FKIT,S+X2_M1_r0,mini_chocolate_panettone,957,0.000000
FKIT,S+X2_M1_r0,mini_chocolate_panettone,958,0.000000
FKIT,S+X2_M1_r0,mini_chocolate_panettone,959,0.000000
FKIT,S+X2_M1_r0,mini_chocolate_panettone,960,0.000000
FKIT,S+X2_M1_r0,mini_chocolate_panettone,961,0.000000
FKIT,S+X2_M1_r0,mini_chocolate_panettone,962,0.000000
FKIT,S+X2_M1_r0,mini_chocolate_panettone,963,0.000000
FKIT,S+X2_M1_r0,mini_chocolate_panettone,964,0.000000
FKIT,S+X2_M1_r0,mini_chocolate_panettone,965,0.000000
FKIT,S+X2_M1_r0,mini_chocolate_panettone,966,0.000000
FKIT,S+X2_M1_r0,mini_chocolate_panettone,967,0.000000
FKIT,S+X2_M1_r0,mini_chocolate_panettone,968,0.000000
FKIT,S+X2_M1_r0,mini_chocolate_panettone,969,0.000000
FKIT,S+X2_M1_r0,mini_chocolate_panettone,970,0.000000
FKIT,S+X2_M1_r0,mini_chocolate_panettone,971,0.000000
FKIT,S+X2_M1_r0,mini_chocolate_panettone,972,0.000000
FKIT,S+X2_M1_r0,mini_chocolate_panettone,973,0.000000
FKIT,S+X2_M1_r0,mini_chocolate_panettone,974,0.000000
FKIT,S+X2_M1_r0,mini_chocolate_panettone,975,0.000000
FKIT,S+X2_M1_r0,mini_chocolate_panettone,976,0.000000
FKIT,S+X2_M1_r0,mini_chocolate_panettone,977,0.000000
FKIT,S+X2_M1_r0,mini_chocolate_panettone,978,0.000000
FKIT,S+X2_M1_r0,mini_chocolate_panettone,979,0.000000
FKIT,S+X2_M1_r0,mini_chocolate_panettone,980,0.000000
FKIT,S+X2_M1_r0,mini_chocolate_panettone,981,0.000000
FKIT,S+X2_M1_r0,mini_chocolate_panettone,982,0.000000
FKIT,S+X2_M1_r0,mini_chocolate_panettone,983,0.000000
FKIT,S+X2_M1_r0,mini_chocolate_panettone,984,0.000000
FKIT,S+X2_M1_r0,mini_chocolate_panettone,985,0.000000
FKIT,S+X2_M1_r0,mini_chocolate_panettone,986,0.000000
FKIT,S+X2_M1_r0,mini_chocolate_panettone,987,0.000000
FKIT,S+X2_M1_r0,mini_chocolate_panettone,988,0.000000
FKIT,S+X2_M1_r0,mini_chocolate_panettone,989,0.000000
FKIT,S+X2_M1_r0,mini_chocolate_panettone,990,0.000000
FKIT,S+X2_M1_r0,mini_chocolate_panettone,991,0.000000
FKIT,S+X2_M1_r0,mini_chocolate_panettone,992,0.000000
FKIT,S+X2_M1_r0,mini_chocolate_panettone,993,0.000000
FKIT,S+X2_M1_r0,mini_chocolate_panettone,994,0.000000
FKIT,S+X2_M1_r0,mini_chocolate_panettone,995,0.000000
FKIT,S+X2_M1_r0,mini_chocolate_panettone,996,0.000000
FKIT,S+X2_M1_r0,mini_chocolate_panettone,997,0.000000
FKIT,S+X2_M1_r0,mini_chocolate_panettone,998,0.000000
FKIT,S+X2_M1_r0,mini_chocolate_panettone,999,0.000000
FKIT,S+X2_M1_r0,mini_chocolate_panettone,1000,0.000000
FKIT,S+X2_M1_r0,mini_chocolate_panettone,1001,0.000000
FKIT,S+X2_M1_r0,mini_chocolate_panettone,1002,0.000000
FKIT,S+X2_M1_r0,mini_chocolate_panettone,1003,0.000000
FKIT,S+X2_M1_r0,mini_chocolate_panettone,1004,0.000000
FKIT,S+X2_M1_r0,mini_chocolate_panettone,1005,0.000000
FKIT,S+X2_M1_r0,mini_chocolate_panettone,1006,0.000000
FKIT,S+X2_M1_r0,mini_chocolate_panettone,1007,0.000000
FKIT,S+X2_M1_r0,mini_chocolate_panettone,1008,0.000000
FKIT,S+X2_M1_r0,mini_chocolate_panettone,1009,0.000000
FKIT,S+X2_M1_r0,mini_chocolate_panettone,1010,0.000000
FKIT,S+X2_M1_r0,mini_chocolate_panettone,1011,0.000000
FKIT,S+X2_M1_r0,mini_chocolate_panettone,1012,0.000000
FKIT,S+X2_M1_r0,mini_chocolate_panettone,1013,0.000000
FKIT,S+X2_M1_r0,mini_chocolate_panettone,1014,0.000000
FKIT,S+X2_M1_r0,mini_chocolate_panettone,1015,0.000000
FKIT,S+X2_M1_r0,mini_chocolate_panettone,1016,0.000000
FKIT,S+X2_M1_r0,mini_chocolate_panettone,1017,0.000000
FKIT,S+X2_M1_r0,mini_chocolate_panettone,1018,0.000000
FKIT,S+X2_M1_r0,mini_chocolate_panettone,1019,0.000000
FKIT,S+X2_M1_r0,mini_chocolate_panettone,1020,0.000000
FKIT,S+X2_M1_r0,mini_chocolate_panettone,1021,0.000000
FKIT,S+X2_M1_r0,mini_chocolate_panettone,1022,0.000000
FKIT,S+X2_M1_r0,mini_chocolate_panettone,1023,0.000000
FKIT,S+X2_M1_r0,mini_chocolate_panettone,1024,0.000000
FKIT,S+X2_M1_r0,mini_chocolate_panettone,1025,0.000000
FKIT,S+X2_M1_r0,mini_chocolate_panettone,1026,0.000000
FKIT,S+X2_M1_r0,mini_chocolate_panettone,1027,0.000000
FKIT,S+X2_M1_r0,mini_chocolate_panettone,1028,0.000000
FKIT,S+X2_M1_r0,mini_chocolate_panettone,1029,0.000000
FKIT,S+X2_M1_r0,mini_chocolate_panettone,1030,0.000000
FKIT,S+X2_M1_r0,mini_chocolate_panettone,1031,0.000000
FKIT,S+X2_M1_r0,mini_chocolate_panettone,1032,0.000000
FKIT,S+X2_M1_r0,mini_chocolate_panettone,1033,0.000000
FKIT,S+X2_M1_r0,mini_chocolate_panettone,1034,0.000000
FKIT,S+X2_M1_r0,mini_chocolate_panettone,1035,0.000000
FKIT,S+X2_M1_r0,mini_chocolate_panettone,1036,0.000000
FKIT,S+X2_M1_r0,mini_chocolate_panettone,1037,0.000000
FKIT,S+X2_M1_r0,mini_chocolate_panettone,1038,0.000000
FKIT,S+X2_M1_r0,mini_chocolate_panettone,1039,0.000000
FKIT,S+X2_M1_r0,mini_chocolate_panettone,1040,0.000000
FKIT,S+X2_M1_r0,mini_chocolate_panettone,1041,0.000000
FKIT,S+X2_M1_r0,mini_chocolate_panettone,1042,0.000000
FKIT,S+X2_M1_r0,mini_chocolate_panettone,1043,0.000000
FKIT,S+X2_M1_r0,mini_chocolate_panettone,1044,0.000000
FKIT,S+X2_M1_r0,mini_chocolate_panettone,1045,0.000000
FKIT,S+X2_M1_r0,mini_chocolate_panettone,1046,0.000000
FKIT,S+X2_M1_r0,mini_chocolate_panettone,1047,0.000000
FKIT,S+X2_M1_r0,mini_chocolate_panettone,1048,0.000000
FKIT,S+X2_M1_r0,mini_chocolate_panettone,1049,0.000000
FKIT,S+X2_M1_r0,mini_chocolate_panettone,1050,0.000000
FKIT,S+X2_M1_r0,mini_chocolate_panettone,1051,0.000000
FKIT,S+X2_M1_r0,mini_chocolate_panettone,1052,0.000000
FKIT,S+X2_M1_r0,mini_chocolate_panettone,1053,0.000000
FKIT,S+X2_M1_r0,mini_chocolate_panettone,1054,0.000000
FKIT,S+X2_M1_r0,mini_chocolate_panettone,1055,0.000000
FKIT,S+X2_M1_r0,mini_chocolate_panettone,1056,0.000000
FKIT,S+X2_M1_r0,mini_chocolate_panettone,1057,0.000000
FKIT,S+X2_M1_r0,mini_chocolate_panettone,1058,0.000000
FKIT,S+X2_M1_r0,mini_chocolate_panettone,1059,0.000000
FKIT,S+X2_M1_r0,mini_chocolate_panettone,1060,0.000000
FKIT,S+X2_M1_r0,mini_chocolate_panettone,1061,0.000000
FKIT,S+X2_M1_r0,mini_chocolate_panettone,1062,0.000000
FKIT,S+X2_M1_r0,mini_chocolate_panettone,1063,0.000000
FKIT,S+X2_M1_r0,mini_chocolate_panettone,1064,0.000000
FKIT,S+X2_M1_r0,mini_chocolate_panettone,1065,0.000000
FKIT,S+X2_M1_r0,mini_chocolate_panettone,1066,0.000000
FKIT,S+X2_M1_r0,mini_chocolate_panettone,1067,0.000000
FKIT,S+X2_M1_r0,mini_chocolate_panettone,1068,0.000000
FKIT,S+X2_M1_r0,mini_chocolate_panettone,1069,0.000000
FKIT,S+X2_M1_r0,mini_chocolate_panettone,1070,0.000000
FKIT,S+X2_M1_r0,mini_chocolate_panettone,1071,0.000000
FKIT,S+X2_M1_r0,mini_chocolate_panettone,1072,0.000000
FKIT,S+X2_M1_r0,mini_chocolate_panettone,1073,0.000000
FKIT,S+X2_M1_r0,mini_chocolate_panettone,1074,0.000000
FKIT,S+X2_M1_r0,mini_chocolate_panettone,1075,0.000000
FKIT,S+X2_M1_r0,mini_chocolate_panettone,1076,0.000000
FKIT,S+X2_M1_r0,mini_chocolate_panettone,1077,0.000000
FKIT,S+X2_M1_r0,mini_chocolate_panettone,1078,0.000000
FKIT,S+X2_M1_r0,mini_chocolate_panettone,1079,0.000000
FKIT,S+X2_M1_r0,mini_chocolate_panettone,1080,0.000000
FKIT,S+X2_M1_r0,mini_chocolate_panettone,1081,0.000000
FKIT,S+X2_M1_r0,mini_chocolate_panettone,1082,0.000000
FKIT,S+X2_M1_r0,mini_chocolate_panettone,1083,0.000000
FKIT,S+X2_M1_r0,mini_chocolate_panettone,1084,0.000000
FKIT,S+X2_M1_r0,mini_chocolate_panettone,1085,0.000000
FKIT,S+X2_M1_r0,mini_chocolate_panettone,1086,0.000000
FKIT,S+X2_M1_r0,mini_chocolate_panettone,1087,0.000000
FKIT,S+X2_M1_r0,mini_chocolate_panettone,1088,0.000000
FKIT,S+X2_M1_r0,mini_chocolate_panettone,1089,0.000000
FKIT,S+X2_M1_r0,mini_chocolate_panettone,1090,0.000000
FKIT,S+X2_M1_r0,mini_chocolate_panettone,1091,0.000000
FKIT,S+X2_M1_r0,mini_chocolate_panettone,1092,0.000000
FKIT,S+X2_M1_r0,mini_chocolate_panettone,1093,0.000000
FKIT,S+X2_M1_r0,mini_chocolate_panettone,1094,0.000000
FKIT,S+X2_M1_r0,mini_chocolate_panettone,1095,0.000000
FKIT,S+X2_M1_r0,mini_chocolate_panettone,1096,0.000000
FKIT,S+X2_M1_r0,mini_chocolate_panettone,1097,0.000000
FKIT,S+X2_M1_r0,mini_chocolate_panettone,1098,0.000000
FKIT,S+X2_M1_r0,mini_chocolate_panettone,1099,0.000000
FKIT,S+X2_M1_r0,mini_chocolate_panettone,1100,0.000000
FKIT,S+X2_M1_r0,mini_chocolate_panettone,1101,0.000000
FKIT,S+X2_M1_r0,mini_chocolate_panettone,1102,0.000000
FKIT,S+X2_M1_r0,mini_chocolate_panettone,1103,0.000000
FKIT,S+X2_M1_r0,mini_chocolate_panettone,1104,0.000000
FKIT,S+X2_M1_r0,mini_chocolate_panettone,1105,0.000000
FKIT,S+X2_M1_r0,mini_chocolate_panettone,1106,0.015182
FKIT,S+X2_M1_r0,mini_chocolate_panettone,1107,0.129042
FKIT,S+X2_M1_r0,mini_chocolate_panettone,1108,0.351616
FKIT,S+X2_M1_r0,mini_chocolate_panettone,1109,0.374406
FKIT,S+X2_M1_r0,mini_chocolate_panettone,1110,0.391229
FKIT,S+X2_M1_r0,mini_chocolate_panettone,1111,0.339401
FKIT,S+X2_M1_r0,mini_chocolate_panettone,1112,0.371080
FKIT,S+X2_M1_r0,mini_chocolate_panettone,1113,0.426264
FKIT,S+X2_M1_r0,mini_chocolate_panettone,1114,0.430250
FKIT,S+X2_M1_r0,mini_chocolate_panettone,1115,0.451198
FKIT,S+X2_M1_r0,mini_chocolate_panettone,1116,0.411214
FKIT,S+X2_M1_r0,mini_chocolate_panettone,1117,0.448167
FKIT,S+X2_M1_r0,mini_chocolate_panettone,1118,0.469454
FKIT,S+X2_M1_r0,mini_chocolate_panettone,1119,0.451309
FKIT,S+X2_M1_r0,mini_chocolate_panettone,1120,0.450680
FKIT,S+X2_M1_r0,mini_chocolate_panettone,1121,0.458103
FKIT,S+X2_M1_r0,mini_chocolate_panettone,1122,0.449430
FKIT,S+X2_M1_r0,mini_chocolate_panettone,1123,0.441269
FKIT,S+X2_M1_r0,mini_chocolate_panettone,1124,0.447992
FKIT,S+X2_M1_r0,mini_chocolate_panettone,1125,0.467059
FKIT,S+X2_M1_r0,mini_chocolate_panettone,1126,0.473480
FKIT,S+X2_M1_r0,mini_chocolate_panettone,1127,0.460081
FKIT,S+X2_M1_r0,mini_chocolate_panettone,1128,0.455925
FKIT,S+X2_M1_r0,mini_chocolate_panettone,1129,0.463878
FKIT,S+X2_M1_r0,mini_chocolate_panettone,1130,0.451934
FKIT,S+X2_M1_r0,mini_chocolate_panettone,1131,0.452337
FKIT,S+X2_M1_r0,mini_chocolate_panettone,1132,0.456066
FKIT,S+X2_M1_r0,mini_chocolate_panettone,1133,0.458013
FKIT,S+X2_M1_r0,mini_chocolate_panettone,1134,0.442462
FKIT,S+X2_M1_r0,mini_chocolate_panettone,1135,0.440137
FKIT,S+X2_M1_r0,mini_chocolate_panettone,1136,0.452514
FKIT,S+X2_M1_r0,mini_chocolate_panettone,1137,0.475662
FKIT,S+X2_M1_r0,mini_chocolate_panettone,1138,0.457111
FKIT,S+X2_M1_r0,mini_chocolate_panettone,1139,0.469992
FKIT,S+X2_M1_r0,mini_chocolate_panettone,1140,0.467151
FKIT,S+X2_M1_r0,mini_chocolate_panettone,1141,0.492811
FKIT,S+X2_M1_r0,mini_chocolate_panettone,1142,0.472890
FKIT,S+X2_M1_r0,mini_chocolate_panettone,1143,0.453024
FKIT,S+X2_M1_r0,mini_chocolate_panettone,1144,0.469054
FKIT,S+X2_M1_r0,mini_chocolate_panettone,1145,0.468019
FKIT,S+X2_M1_r0,mini_chocolate_panettone,1146,0.505601
FKIT,S+X2_M1_r0,mini_chocolate_panettone,1147,0.521981
FKIT,S+X2_M1_r0,mini_chocolate_panettone,1148,0.510102
FKIT,S+X2_M1_r0,mini_chocolate_panettone,1149,0.520462
FKIT,S+X2_M1_r0,mini_chocolate_panettone,1150,0.507237
FKIT,S+X2_M1_r0,mini_chocolate_panettone,1151,0.484883
FKIT,S+X2_M1_r0,mini_chocolate_panettone,1152,0.493404
FKIT,S+X2_M1_r0,mini_chocolate_panettone,1153,0.511489
FKIT,S+X2_M1_r0,mini_chocolate_panettone,1154,0.496720
FKIT,S+X2_M1_r0,mini_chocolate_panettone,1155,0.462822
FKIT,S+X2_M1_r0,mini_chocolate_panettone,1156,0.461377
FKIT,S+X2_M1_r0,mini_chocolate_panettone,1157,0.503961
FKIT,S+X2_M1_r0,mini_chocolate_panettone,1158,0.494396
FKIT,S+X2_M1_r0,mini_chocolate_panettone,1159,0.490175
FKIT,S+X2_M1_r0,mini_chocolate_panettone,1160,0.478029
FKIT,S+X2_M1_r0,mini_chocolate_panettone,1161,0.463766
FKIT,S+X2_M1_r0,mini_chocolate_panettone,1162,0.469492
FKIT,S+X2_M1_r0,mini_chocolate_panettone,1163,0.462810
FKIT,S+X2_M1_r0,mini_chocolate_panettone,1164,0.447066
FKIT,S+X2_M1_r0,mini_chocolate_panettone,1165,0.471474
FKIT,S+X2_M1_r0,mini_chocolate_panettone,1166,0.457393
FKIT,S+X2_M1_r0,mini_chocolate_panettone,1167,0.444430
FKIT,S+X2_M1_r0,mini_chocolate_panettone,1168,0.461896
FKIT,S+X2_M1_r0,mini_chocolate_panettone,1169,0.432568
FKIT,S+X2_M1_r0,mini_chocolate_panettone,1170,0.392774
FKIT,S+X2_M1_r0,mini_chocolate_panettone,1171,0.381096
FKIT,S+X2_M1_r0,mini_chocolate_panettone,1172,0.383516
FKIT,S+X2_M1_r0,mini_chocolate_panettone,1173,0.408012
FKIT,S+X2_M1_r0,mini_chocolate_panettone,1174,0.375505
FKIT,S+X2_M1_r0,mini_chocolate_panettone,1175,0.361324
FKIT,S+X2_M1_r0,mini_chocolate_panettone,1176,0.383359
FKIT,S+X2_M1_r0,mini_chocolate_panettone,1177,0.352493
FKIT,S+X2_M1_r0,mini_chocolate_panettone,1178,0.341479
FKIT,S+X2_M1_r0,mini_chocolate_panettone,1179,0.346801
FKIT,S+X2_M1_r0,mini_chocolate_panettone,1180,0.321808
FKIT,S+X2_M1_r0,mini_chocolate_panettone,1181,0.321140
FKIT,S+X2_M1_r0,mini_chocolate_panettone,1182,0.296353
FKIT,S+X2_M1_r0,mini_chocolate_panettone,1183,0.289435
FKIT,S+X2_M1_r0,mini_chocolate_panettone,1184,0.286021
FKIT,S+X2_M1_r0,mini_chocolate_panettone,1185,0.271751
FKIT,S+X2_M1_r0,mini_chocolate_panettone,1186,0.243936
FKIT,S+X2_M1_r0,mini_chocolate_panettone,1187,0.230121
FKIT,S+X2_M1_r0,mini_chocolate_panettone,1188,0.193542
FKIT,S+X2_M1_r0,mini_chocolate_panettone,1189,0.167348
FKIT,S+X2_M1_r0,mini_chocolate_panettone,1190,0.162759
FKIT,S+X2_M1_r0,mini_chocolate_panettone,1191,0.159326
FKIT,S+X2_M1_r0,mini_chocolate_panettone,1192,0.154331
FKIT,S+X2_M1_r0,mini_chocolate_panettone,1193,0.152944
FKIT,S+X2_M1_r0,mini_chocolate_panettone,1194,0.124491
FKIT,S+X2_M1_r0,mini_chocolate_panettone,1195,0.106429
FKIT,S+X2_M1_r0,mini_chocolate_panettone,1196,0.105755
FKIT,S+X2_M1_r0,mini_chocolate_panettone,1197,0.016180
FKIT,S+X2_M1_r0,mini_chocolate_panettone,1198,0.054202
FKIT,S+X2_M1_r0,mini_chocolate_panettone,1199,0.010820
FKIT,S+X2_M1_r0,mini_chocolate_panettone,1200,0.001875
FKIT,S+X2_M1_r0,mini_chocolate_panettone,1201,0.000000
FKIT,S+X2_M1_r0,mini_chocolate_panettone,1202,0.000000
FKIT,S+X2_M1_r0,mini_chocolate_panettone,1203,0.000000
FKIT,S+X2_M1_r0,mini_chocolate_panettone,1204,0.000955
FKIT,S+X2_M1_r0,mini_chocolate_panettone,1205,0.000000
FKIT,S+X2_M1_r0,mini_chocolate_panettone,1206,0.000000
FKIT,S+X2_M1_r0,mini_chocolate_panettone,1207,0.000000
FKIT,S+X2_M1_r0,mini_chocolate_panettone,1208,0.000000
FKIT,S+X2_M1_r0,napolitanas,0,0.423762
FKIT,S+X2_M1_r0,napolitanas,1,0.406037
FKIT,S+X2_M1_r0,napolitanas,2,0.415066
FKIT,S+X2_M1_r0,napolitanas,3,0.445006
FKIT,S+X2_M1_r0,napolitanas,4,0.440429
FKIT,S+X2_M1_r0,napolitanas,5,0.402649
FKIT,S+X2_M1_r0,napolitanas,6,0.439314
FKIT,S+X2_M1_r0,napolitanas,7,0.400889
FKIT,S+X2_M1_r0,napolitanas,8,0.447716
FKIT,S+X2_M1_r0,napolitanas,9,0.431706
FKIT,S+X2_M1_r0,napolitanas,10,0.433941
FKIT,S+X2_M1_r0,napolitanas,11,0.503456
FKIT,S+X2_M1_r0,napolitanas,12,0.498108
FKIT,S+X2_M1_r0,napolitanas,13,0.506489
FKIT,S+X2_M1_r0,napolitanas,14,0.520092
FKIT,S+X2_M1_r0,napolitanas,15,0.518042
FKIT,S+X2_M1_r0,napolitanas,16,0.516802
FKIT,S+X2_M1_r0,napolitanas,17,0.512443
FKIT,S+X2_M1_r0,napolitanas,18,0.509861
FKIT,S+X2_M1_r0,napolitanas,19,0.522707
FKIT,S+X2_M1_r0,napolitanas,20,0.518610
FKIT,S+X2_M1_r0,napolitanas,21,0.563565
FKIT,S+X2_M1_r0,napolitanas,22,0.549332
FKIT,S+X2_M1_r0,napolitanas,23,0.552089
FKIT,S+X2_M1_r0,napolitanas,24,0.550671
FKIT,S+X2_M1_r0,napolitanas,25,0.548976
FKIT,S+X2_M1_r0,napolitanas,26,0.578056
FKIT,S+X2_M1_r0,napolitanas,27,0.639734
FKIT,S+X2_M1_r0,napolitanas,28,0.562083
FKIT,S+X2_M1_r0,napolitanas,29,0.588307
FKIT,S+X2_M1_r0,napolitanas,30,0.595341
FKIT,S+X2_M1_r0,napolitanas,31,0.790836
FKIT,S+X2_M1_r0,napolitanas,32,0.775033
FKIT,S+X2_M1_r0,napolitanas,33,0.723624
FKIT,S+X2_M1_r0,napolitanas,34,0.770346
FKIT,S+X2_M1_r0,napolitanas,35,0.849149
FKIT,S+X2_M1_r0,napolitanas,36,0.837141
FKIT,S+X2_M1_r0,napolitanas,37,0.732097
FKIT,S+X2_M1_r0,napolitanas,38,0.823438
FKIT,S+X2_M1_r0,napolitanas,39,0.829343
FKIT,S+X2_M1_r0,napolitanas,40,0.862923
FKIT,S+X2_M1_r0,napolitanas,41,0.949958
FKIT,S+X2_M1_r0,napolitanas,42,0.917491
FKIT,S+X2_M1_r0,napolitanas,43,0.950012
FKIT,S+X2_M1_r0,napolitanas,44,0.944813
FKIT,S+X2_M1_r0,napolitanas,45,0.941809
FKIT,S+X2_M1_r0,napolitanas,46,0.908244
FKIT,S+X2_M1_r0,napolitanas,47,0.959688
FKIT,S+X2_M1_r0,napolitanas,48,0.957255
FKIT,S+X2_M1_r0,napolitanas,49,0.954356
FKIT,S+X2_M1_r0,napolitanas,50,0.958445
FKIT,S+X2_M1_r0,napolitanas,51,0.971421
FKIT,S+X2_M1_r0,napolitanas,52,0.982018
FKIT,S+X2_M1_r0,napolitanas,53,0.971635
FKIT,S+X2_M1_r0,napolitanas,54,0.973326
FKIT,S+X2_M1_r0,napolitanas,55,0.978199
FKIT,S+X2_M1_r0,napolitanas,56,0.974814
FKIT,S+X2_M1_r0,napolitanas,57,0.976680
FKIT,S+X2_M1_r0,napolitanas,58,0.980591
FKIT,S+X2_M1_r0,napolitanas,59,0.976928
FKIT,S+X2_M1_r0,napolitanas,60,0.972846
FKIT,S+X2_M1_r0,napolitanas,61,0.978469
FKIT,S+X2_M1_r0,napolitanas,62,0.975315
FKIT,S+X2_M1_r0,napolitanas,63,0.975262
FKIT,S+X2_M1_r0,napolitanas,64,0.976968
FKIT,S+X2_M1_r0,napolitanas,65,0.978386
FKIT,S+X2_M1_r0,napolitanas,66,0.978259
FKIT,S+X2_M1_r0,napolitanas,67,0.973296
FKIT,S+X2_M1_r0,napolitanas,68,0.974607
FKIT,S+X2_M1_r0,napolitanas,69,0.976778
FKIT,S+X2_M1_r0,napolitanas,70,0.977186
FKIT,S+X2_M1_r0,napolitanas,71,0.976974
FKIT,S+X2_M1_r0,napolitanas,72,0.981291
FKIT,S+X2_M1_r0,napolitanas,73,0.981508
FKIT,S+X2_M1_r0,napolitanas,74,0.977568
FKIT,S+X2_M1_r0,napolitanas,75,0.980628
FKIT,S+X2_M1_r0,napolitanas,76,0.979405
FKIT,S+X2_M1_r0,napolitanas,77,0.976242
FKIT,S+X2_M1_r0,napolitanas,78,0.976159
FKIT,S+X2_M1_r0,napolitanas,79,0.979194
FKIT,S+X2_M1_r0,napolitanas,80,0.976708
FKIT,S+X2_M1_r0,napolitanas,81,0.976907
FKIT,S+X2_M1_r0,napolitanas,82,0.976103
FKIT,S+X2_M1_r0,napolitanas,83,0.980298
FKIT,S+X2_M1_r0,napolitanas,84,0.979499
FKIT,S+X2_M1_r0,napolitanas,85,0.976577
FKIT,S+X2_M1_r0,napolitanas,86,0.979403
FKIT,S+X2_M1_r0,napolitanas,87,0.979974
FKIT,S+X2_M1_r0,napolitanas,88,0.976967
FKIT,S+X2_M1_r0,napolitanas,89,0.979629
FKIT,S+X2_M1_r0,napolitanas,90,0.979489
FKIT,S+X2_M1_r0,napolitanas,91,0.979816
FKIT,S+X2_M1_r0,napolitanas,92,0.980452
FKIT,S+X2_M1_r0,napolitanas,93,0.979518
FKIT,S+X2_M1_r0,napolitanas,94,0.981941
FKIT,S+X2_M1_r0,napolitanas,95,0.980252
FKIT,S+X2_M1_r0,napolitanas,96,0.978807
FKIT,S+X2_M1_r0,napolitanas,97,0.980114
FKIT,S+X2_M1_r0,napolitanas,98,0.980187
FKIT,S+X2_M1_r0,napolitanas,99,0.980595
FKIT,S+X2_M1_r0,napolitanas,100,0.982018
FKIT,S+X2_M1_r0,napolitanas,101,0.976818
FKIT,S+X2_M1_r0,napolitanas,102,0.979474
FKIT,S+X2_M1_r0,napolitanas,103,0.978513
FKIT,S+X2_M1_r0,napolitanas,104,0.979029
FKIT,S+X2_M1_r0,napolitanas,105,0.978968
FKIT,S+X2_M1_r0,napolitanas,106,0.980599
FKIT,S+X2_M1_r0,napolitanas,107,0.978379
FKIT,S+X2_M1_r0,napolitanas,108,0.979591
FKIT,S+X2_M1_r0,napolitanas,109,0.979732
FKIT,S+X2_M1_r0,napolitanas,110,0.980438
FKIT,S+X2_M1_r0,napolitanas,111,0.977977
FKIT,S+X2_M1_r0,napolitanas,112,0.979830
FKIT,S+X2_M1_r0,napolitanas,113,0.979039
FKIT,S+X2_M1_r0,napolitanas,114,0.980607
FKIT,S+X2_M1_r0,napolitanas,115,0.978704
FKIT,S+X2_M1_r0,napolitanas,116,0.979469
FKIT,S+X2_M1_r0,napolitanas,117,0.980552
FKIT,S+X2_M1_r0,napolitanas,118,0.977013
FKIT,S+X2_M1_r0,napolitanas,119,0.978235
FKIT,S+X2_M1_r0,napolitanas,120,0.979653
FKIT,S+X2_M1_r0,napolitanas,121,0.975469
FKIT,S+X2_M1_r0,napolitanas,122,0.976167
FKIT,S+X2_M1_r0,napolitanas,123,0.979670
FKIT,S+X2_M1_r0,napolitanas,124,0.978937
FKIT,S+X2_M1_r0,napolitanas,125,0.980808
FKIT,S+X2_M1_r0,napolitanas,126,0.979594
FKIT,S+X2_M1_r0,napolitanas,127,0.982135
FKIT,S+X2_M1_r0,napolitanas,128,0.982250
FKIT,S+X2_M1_r0,napolitanas,129,0.982241
FKIT,S+X2_M1_r0,napolitanas,130,0.980016
FKIT,S+X2_M1_r0,napolitanas,131,0.980224
FKIT,S+X2_M1_r0,napolitanas,132,0.978636
FKIT,S+X2_M1_r0,napolitanas,133,0.978064
FKIT,S+X2_M1_r0,napolitanas,134,0.979497
FKIT,S+X2_M1_r0,napolitanas,135,0.980657
FKIT,S+X2_M1_r0,napolitanas,136,0.983869
FKIT,S+X2_M1_r0,napolitanas,137,0.978701
FKIT,S+X2_M1_r0,napolitanas,138,0.978834
FKIT,S+X2_M1_r0,napolitanas,139,0.981164
FKIT,S+X2_M1_r0,napolitanas,140,0.982223
FKIT,S+X2_M1_r0,napolitanas,141,0.980269
FKIT,S+X2_M1_r0,napolitanas,142,0.979974
FKIT,S+X2_M1_r0,napolitanas,143,0.981812
FKIT,S+X2_M1_r0,napolitanas,144,0.981320
FKIT,S+X2_M1_r0,napolitanas,145,0.981588
FKIT,S+X2_M1_r0,napolitanas,146,0.979144
FKIT,S+X2_M1_r0,napolitanas,147,0.980672
FKIT,S+X2_M1_r0,napolitanas,148,0.980751
FKIT,S+X2_M1_r0,napolitanas,149,0.981542
FKIT,S+X2_M1_r0,napolitanas,150,0.982940
FKIT,S+X2_M1_r0,napolitanas,151,0.982266
FKIT,S+X2_M1_r0,napolitanas,152,0.981127
FKIT,S+X2_M1_r0,napolitanas,153,0.979811
FKIT,S+X2_M1_r0,napolitanas,154,0.983089
FKIT,S+X2_M1_r0,napolitanas,155,0.983161
FKIT,S+X2_M1_r0,napolitanas,156,0.983643
FKIT,S+X2_M1_r0,napolitanas,157,0.984132
FKIT,S+X2_M1_r0,napolitanas,158,0.981633
FKIT,S+X2_M1_r0,napolitanas,159,0.982973
FKIT,S+X2_M1_r0,napolitanas,160,0.980929
FKIT,S+X2_M1_r0,napolitanas,161,0.981995
FKIT,S+X2_M1_r0,napolitanas,162,0.983839
FKIT,S+X2_M1_r0,napolitanas,163,0.982957
FKIT,S+X2_M1_r0,napolitanas,164,0.984559
FKIT,S+X2_M1_r0,napolitanas,165,0.984657
FKIT,S+X2_M1_r0,napolitanas,166,0.982036
FKIT,S+X2_M1_r0,napolitanas,167,0.985859
FKIT,S+X2_M1_r0,napolitanas,168,0.986509
FKIT,S+X2_M1_r0,napolitanas,169,0.984384
FKIT,S+X2_M1_r0,napolitanas,170,0.987258
FKIT,S+X2_M1_r0,napolitanas,171,0.982863
FKIT,S+X2_M1_r0,napolitanas,172,0.984275
FKIT,S+X2_M1_r0,napolitanas,173,0.985413
FKIT,S+X2_M1_r0,napolitanas,174,0.988535
FKIT,S+X2_M1_r0,napolitanas,175,0.986021
FKIT,S+X2_M1_r0,napolitanas,176,0.984247
FKIT,S+X2_M1_r0,napolitanas,177,0.989542
FKIT,S+X2_M1_r0,napolitanas,178,0.987611
FKIT,S+X2_M1_r0,napolitanas,179,0.984684
FKIT,S+X2_M1_r0,napolitanas,180,0.985093
FKIT,S+X2_M1_r0,napolitanas,181,0.984770
FKIT,S+X2_M1_r0,napolitanas,182,0.985938
FKIT,S+X2_M1_r0,napolitanas,183,0.986738
FKIT,S+X2_M1_r0,napolitanas,184,0.985403
FKIT,S+X2_M1_r0,napolitanas,185,0.985107
FKIT,S+X2_M1_r0,napolitanas,186,0.986592
FKIT,S+X2_M1_r0,napolitanas,187,0.986231
FKIT,S+X2_M1_r0,napolitanas,188,0.987626
FKIT,S+X2_M1_r0,napolitanas,189,0.986559
FKIT,S+X2_M1_r0,napolitanas,190,0.989113
FKIT,S+X2_M1_r0,napolitanas,191,0.986253
FKIT,S+X2_M1_r0,napolitanas,192,0.984530
FKIT,S+X2_M1_r0,napolitanas,193,0.986551
FKIT,S+X2_M1_r0,napolitanas,194,0.987896
FKIT,S+X2_M1_r0,napolitanas,195,0.985264
FKIT,S+X2_M1_r0,napolitanas,196,0.988749
FKIT,S+X2_M1_r0,napolitanas,197,0.984370
FKIT,S+X2_M1_r0,napolitanas,198,0.987091
FKIT,S+X2_M1_r0,napolitanas,199,0.982621
FKIT,S+X2_M1_r0,napolitanas,200,0.981043
FKIT,S+X2_M1_r0,napolitanas,201,0.986517
FKIT,S+X2_M1_r0,napolitanas,202,0.985237
FKIT,S+X2_M1_r0,napolitanas,203,0.983510
FKIT,S+X2_M1_r0,napolitanas,204,0.982565
FKIT,S+X2_M1_r0,napolitanas,205,0.985581
FKIT,S+X2_M1_r0,napolitanas,206,0.980392
FKIT,S+X2_M1_r0,napolitanas,207,0.982138
FKIT,S+X2_M1_r0,napolitanas,208,0.981987
FKIT,S+X2_M1_r0,napolitanas,209,0.985248
FKIT,S+X2_M1_r0,napolitanas,210,0.986773
FKIT,S+X2_M1_r0,napolitanas,211,0.989916
FKIT,S+X2_M1_r0,napolitanas,212,0.987822
FKIT,S+X2_M1_r0,napolitanas,213,0.986991
FKIT,S+X2_M1_r0,napolitanas,214,0.986243
FKIT,S+X2_M1_r0,napolitanas,215,0.986175
FKIT,S+X2_M1_r0,napolitanas,216,0.987403
FKIT,S+X2_M1_r0,napolitanas,217,0.985854
FKIT,S+X2_M1_r0,napolitanas,218,0.986528
FKIT,S+X2_M1_r0,napolitanas,219,0.988122
FKIT,S+X2_M1_r0,napolitanas,220,0.987978
FKIT,S+X2_M1_r0,napolitanas,221,0.988950
FKIT,S+X2_M1_r0,napolitanas,222,0.987321
FKIT,S+X2_M1_r0,napolitanas,223,0.989173
FKIT,S+X2_M1_r0,napolitanas,224,0.986646
FKIT,S+X2_M1_r0,napolitanas,225,0.985677
FKIT,S+X2_M1_r0,napolitanas,226,0.989722
FKIT,S+X2_M1_r0,napolitanas,227,0.989503
FKIT,S+X2_M1_r0,napolitanas,228,0.988543
FKIT,S+X2_M1_r0,napolitanas,229,0.986427
FKIT,S+X2_M1_r0,napolitanas,230,0.986852
FKIT,S+X2_M1_r0,napolitanas,231,0.989292
FKIT,S+X2_M1_r0,napolitanas,232,0.987715
FKIT,S+X2_M1_r0,napolitanas,233,0.989668
FKIT,S+X2_M1_r0,napolitanas,234,0.990130
FKIT,S+X2_M1_r0,napolitanas,235,0.988200
FKIT,S+X2_M1_r0,napolitanas,236,0.988382
FKIT,S+X2_M1_r0,napolitanas,237,0.989864
FKIT,S+X2_M1_r0,napolitanas,238,0.988098
FKIT,S+X2_M1_r0,napolitanas,239,0.988737
FKIT,S+X2_M1_r0,napolitanas,240,0.990189
FKIT,S+X2_M1_r0,napolitanas,241,0.990326
FKIT,S+X2_M1_r0,napolitanas,242,0.989632
FKIT,S+X2_M1_r0,napolitanas,243,0.990246
FKIT,S+X2_M1_r0,napolitanas,244,0.990439
FKIT,S+X2_M1_r0,napolitanas,245,0.991271
FKIT,S+X2_M1_r0,napolitanas,246,0.990305
FKIT,S+X2_M1_r0,napolitanas,247,0.988265
FKIT,S+X2_M1_r0,napolitanas,248,0.990049
FKIT,S+X2_M1_r0,napolitanas,249,0.989490
FKIT,S+X2_M1_r0,napolitanas,250,0.992130
FKIT,S+X2_M1_r0,napolitanas,251,0.987478
FKIT,S+X2_M1_r0,napolitanas,252,0.990325
FKIT,S+X2_M1_r0,napolitanas,253,0.988178
FKIT,S+X2_M1_r0,napolitanas,254,0.991512
FKIT,S+X2_M1_r0,napolitanas,255,0.990794
FKIT,S+X2_M1_r0,napolitanas,256,0.989655
FKIT,S+X2_M1_r0,napolitanas,257,0.989794
FKIT,S+X2_M1_r0,napolitanas,258,0.991720
FKIT,S+X2_M1_r0,napolitanas,259,0.990915
FKIT,S+X2_M1_r0,napolitanas,260,0.990601
FKIT,S+X2_M1_r0,napolitanas,261,0.988152
FKIT,S+X2_M1_r0,napolitanas,262,0.988129
FKIT,S+X2_M1_r0,napolitanas,263,0.988729
FKIT,S+X2_M1_r0,napolitanas,264,0.989380
FKIT,S+X2_M1_r0,napolitanas,265,0.991275
FKIT,S+X2_M1_r0,napolitanas,266,0.991209
FKIT,S+X2_M1_r0,napolitanas,267,0.990507
FKIT,S+X2_M1_r0,napolitanas,268,0.986138
FKIT,S+X2_M1_r0,napolitanas,269,0.988485
FKIT,S+X2_M1_r0,napolitanas,270,0.988181
FKIT,S+X2_M1_r0,napolitanas,271,0.987650
FKIT,S+X2_M1_r0,napolitanas,272,0.992577
FKIT,S+X2_M1_r0,napolitanas,273,0.987346
FKIT,S+X2_M1_r0,napolitanas,274,0.989381
FKIT,S+X2_M1_r0,napolitanas,275,0.987186
FKIT,S+X2_M1_r0,napolitanas,276,0.989772
FKIT,S+X2_M1_r0,napolitanas,277,0.988506
FKIT,S+X2_M1_r0,napolitanas,278,0.991729
FKIT,S+X2_M1_r0,napolitanas,279,0.992228
FKIT,S+X2_M1_r0,napolitanas,280,0.989798
FKIT,S+X2_M1_r0,napolitanas,281,0.989826
FKIT,S+X2_M1_r0,napolitanas,282,0.990071
FKIT,S+X2_M1_r0,napolitanas,283,0.993052
FKIT,S+X2_M1_r0,napolitanas,284,0.993161
FKIT,S+X2_M1_r0,napolitanas,285,0.989998
FKIT,S+X2_M1_r0,napolitanas,286,0.989301
FKIT,S+X2_M1_r0,napolitanas,287,0.990783
FKIT,S+X2_M1_r0,napolitanas,288,0.989660
FKIT,S+X2_M1_r0,napolitanas,289,0.992355
FKIT,S+X2_M1_r0,napolitanas,290,0.993529
FKIT,S+X2_M1_r0,napolitanas,291,0.994866
FKIT,S+X2_M1_r0,napolitanas,292,0.988818
FKIT,S+X2_M1_r0,napolitanas,293,0.988829
FKIT,S+X2_M1_r0,napolitanas,294,0.991369
FKIT,S+X2_M1_r0,napolitanas,295,0.993670
FKIT,S+X2_M1_r0,napolitanas,296,0.987000
FKIT,S+X2_M1_r0,napolitanas,297,0.986518
FKIT,S+X2_M1_r0,napolitanas,298,0.990877
FKIT,S+X2_M1_r0,napolitanas,299,0.989908
FKIT,S+X2_M1_r0,napolitanas,300,0.987918
FKIT,S+X2_M1_r0,napolitanas,301,0.991291
FKIT,S+X2_M1_r0,napolitanas,302,0.990800
FKIT,S+X2_M1_r0,napolitanas,303,0.992336
FKIT,S+X2_M1_r0,napolitanas,304,0.991664
FKIT,S+X2_M1_r0,napolitanas,305,0.993425
FKIT,S+X2_M1_r0,napolitanas,306,0.994143
FKIT,S+X2_M1_r0,napolitanas,307,0.992863
FKIT,S+X2_M1_r0,napolitanas,308,0.992432
FKIT,S+X2_M1_r0,napolitanas,309,0.993202
FKIT,S+X2_M1_r0,napolitanas,310,0.993434
FKIT,S+X2_M1_r0,napolitanas,311,0.992559
FKIT,S+X2_M1_r0,napolitanas,312,0.992868
FKIT,S+X2_M1_r0,napolitanas,313,0.993242
FKIT,S+X2_M1_r0,napolitanas,314,0.991706
FKIT,S+X2_M1_r0,napolitanas,315,0.992165
FKIT,S+X2_M1_r0,napolitanas,316,0.991982
FKIT,S+X2_M1_r0,napolitanas,317,0.990600
FKIT,S+X2_M1_r0,napolitanas,318,0.985746
FKIT,S+X2_M1_r0,napolitanas,319,0.991742
FKIT,S+X2_M1_r0,napolitanas,320,0.990026
FKIT,S+X2_M1_r0,napolitanas,321,0.988238
FKIT,S+X2_M1_r0,napolitanas,322,0.988126
FKIT,S+X2_M1_r0,napolitanas,323,0.987845
FKIT,S+X2_M1_r0,napolitanas,324,0.985838
FKIT,S+X2_M1_r0,napolitanas,325,0.981928
FKIT,S+X2_M1_r0,napolitanas,326,0.974795
FKIT,S+X2_M1_r0,napolitanas,327,0.969280
FKIT,S+X2_M1_r0,napolitanas,328,0.967853
FKIT,S+X2_M1_r0,napolitanas,329,0.943900
FKIT,S+X2_M1_r0,napolitanas,330,0.963163
FKIT,S+X2_M1_r0,napolitanas,331,0.970871
FKIT,S+X2_M1_r0,napolitanas,332,0.957497
FKIT,S+X2_M1_r0,napolitanas,333,0.958482
FKIT,S+X2_M1_r0,napolitanas,334,0.941970
FKIT,S+X2_M1_r0,napolitanas,335,0.962591
FKIT,S+X2_M1_r0,napolitanas,336,0.961463
FKIT,S+X2_M1_r0,napolitanas,337,0.904154
FKIT,S+X2_M1_r0,napolitanas,338,0.943790
FKIT,S+X2_M1_r0,napolitanas,339,0.960577
FKIT,S+X2_M1_r0,napolitanas,340,0.952552
FKIT,S+X2_M1_r0,napolitanas,341,0.955479
FKIT,S+X2_M1_r0,napolitanas,342,0.952588
FKIT,S+X2_M1_r0,napolitanas,343,0.913215
FKIT,S+X2_M1_r0,napolitanas,344,0.948262
FKIT,S+X2_M1_r0,napolitanas,345,0.959844
FKIT,S+X2_M1_r0,napolitanas,346,0.928947
FKIT,S+X2_M1_r0,napolitanas,347,0.923779
FKIT,S+X2_M1_r0,napolitanas,348,0.946429
FKIT,S+X2_M1_r0,napolitanas,349,0.942841
FKIT,S+X2_M1_r0,napolitanas,350,0.894900
FKIT,S+X2_M1_r0,napolitanas,351,0.872055
FKIT,S+X2_M1_r0,napolitanas,352,0.863108
FKIT,S+X2_M1_r0,napolitanas,353,0.772423
FKIT,S+X2_M1_r0,napolitanas,354,0.747654
FKIT,S+X2_M1_r0,napolitanas,355,0.716171
FKIT,S+X2_M1_r0,napolitanas,356,0.719656
FKIT,S+X2_M1_r0,napolitanas,357,0.743043
FKIT,S+X2_M1_r0,napolitanas,358,0.791173
FKIT,S+X2_M1_r0,napolitanas,359,0.852939
FKIT,S+X2_M1_r0,napolitanas,360,0.810339
FKIT,S+X2_M1_r0,napolitanas,361,0.717039
FKIT,S+X2_M1_r0,napolitanas,362,0.671014
FKIT,S+X2_M1_r0,napolitanas,363,0.437734
FKIT,S+X2_M1_r0,napolitanas,364,0.691068
FKIT,S+X2_M1_r0,napolitanas,365,0.767168
FKIT,S+X2_M1_r0,napolitanas,366,0.781028
FKIT,S+X2_M1_r0,napolitanas,367,0.781188
FKIT,S+X2_M1_r0,napolitanas,368,0.749222
FKIT,S+X2_M1_r0,napolitanas,369,0.738585
FKIT,S+X2_M1_r0,napolitanas,370,0.796544
FKIT,S+X2_M1_r0,napolitanas,371,0.698426
FKIT,S+X2_M1_r0,napolitanas,372,0.746804
FKIT,S+X2_M1_r0,napolitanas,373,0.800308
FKIT,S+X2_M1_r0,napolitanas,374,0.773538
FKIT,S+X2_M1_r0,napolitanas,375,0.761258
FKIT,S+X2_M1_r0,napolitanas,376,0.704412
FKIT,S+X2_M1_r0,napolitanas,377,0.713807
FKIT,S+X2_M1_r0,napolitanas,378,0.724289
FKIT,S+X2_M1_r0,napolitanas,379,0.724018
FKIT,S+X2_M1_r0,napolitanas,380,0.777680
FKIT,S+X2_M1_r0,napolitanas,381,0.766067
FKIT,S+X2_M1_r0,napolitanas,382,0.764211
FKIT,S+X2_M1_r0,napolitanas,383,0.749828
FKIT,S+X2_M1_r0,napolitanas,384,0.768771
FKIT,S+X2_M1_r0,napolitanas,385,0.767459
FKIT,S+X2_M1_r0,napolitanas,386,0.789391
FKIT,S+X2_M1_r0,napolitanas,387,0.768954
FKIT,S+X2_M1_r0,napolitanas,388,0.764256
FKIT,S+X2_M1_r0,napolitanas,389,0.764759
FKIT,S+X2_M1_r0,napolitanas,390,0.776525
FKIT,S+X2_M1_r0,napolitanas,391,0.765925
FKIT,S+X2_M1_r0,napolitanas,392,0.738830
FKIT,S+X2_M1_r0,napolitanas,393,0.740863
FKIT,S+X2_M1_r0,napolitanas,394,0.777030
FKIT,S+X2_M1_r0,napolitanas,395,0.800541
FKIT,S+X2_M1_r0,napolitanas,396,0.823265
FKIT,S+X2_M1_r0,napolitanas,397,0.866274
FKIT,S+X2_M1_r0,napolitanas,398,0.855324
FKIT,S+X2_M1_r0,napolitanas,399,0.882503
FKIT,S+X2_M1_r0,napolitanas,400,0.833980
FKIT,S+X2_M1_r0,napolitanas,401,0.881303
FKIT,S+X2_M1_r0,napolitanas,402,0.868117
FKIT,S+X2_M1_r0,napolitanas,403,0.896602
FKIT,S+X2_M1_r0,napolitanas,404,0.875640
FKIT,S+X2_M1_r0,napolitanas,405,0.915977
FKIT,S+X2_M1_r0,napolitanas,406,0.907635
FKIT,S+X2_M1_r0,napolitanas,407,0.921754
FKIT,S+X2_M1_r0,napolitanas,408,0.925131
FKIT,S+X2_M1_r0,napolitanas,409,0.897890
FKIT,S+X2_M1_r0,napolitanas,410,0.896956
FKIT,S+X2_M1_r0,napolitanas,411,0.901348
FKIT,S+X2_M1_r0,napolitanas,412,0.918718
FKIT,S+X2_M1_r0,napolitanas,413,0.924186
FKIT,S+X2_M1_r0,napolitanas,414,0.928044
FKIT,S+X2_M1_r0,napolitanas,415,0.910960
FKIT,S+X2_M1_r0,napolitanas,416,0.914078
FKIT,S+X2_M1_r0,napolitanas,417,0.920246
FKIT,S+X2_M1_r0,napolitanas,418,0.927708
FKIT,S+X2_M1_r0,napolitanas,419,0.909270
FKIT,S+X2_M1_r0,napolitanas,420,0.941599
FKIT,S+X2_M1_r0,napolitanas,421,0.936393
FKIT,S+X2_M1_r0,napolitanas,422,0.941537
FKIT,S+X2_M1_r0,napolitanas,423,0.961297
FKIT,S+X2_M1_r0,napolitanas,424,0.966136
FKIT,S+X2_M1_r0,napolitanas,425,0.962820
FKIT,S+X2_M1_r0,napolitanas,426,0.963291
FKIT,S+X2_M1_r0,napolitanas,427,0.966699
FKIT,S+X2_M1_r0,napolitanas,428,0.949351
FKIT,S+X2_M1_r0,napolitanas,429,0.956164
FKIT,S+X2_M1_r0,napolitanas,430,0.965609
FKIT,S+X2_M1_r0,napolitanas,431,0.973899
FKIT,S+X2_M1_r0,napolitanas,432,0.974562
FKIT,S+X2_M1_r0,napolitanas,433,0.974562
FKIT,S+X2_M1_r0,napolitanas,434,0.979266
FKIT,S+X2_M1_r0,napolitanas,435,0.975569
FKIT,S+X2_M1_r0,napolitanas,436,0.974968
FKIT,S+X2_M1_r0,napolitanas,437,0.974213
FKIT,S+X2_M1_r0,napolitanas,438,0.975297
FKIT,S+X2_M1_r0,napolitanas,439,0.975654
FKIT,S+X2_M1_r0,napolitanas,440,0.974199
FKIT,S+X2_M1_r0,napolitanas,441,0.979986
FKIT,S+X2_M1_r0,napolitanas,442,0.979234
FKIT,S+X2_M1_r0,napolitanas,443,0.978273
FKIT,S+X2_M1_r0,napolitanas,444,0.985758
FKIT,S+X2_M1_r0,napolitanas,445,0.984890
FKIT,S+X2_M1_r0,napolitanas,446,0.986840
FKIT,S+X2_M1_r0,napolitanas,447,0.988178
FKIT,S+X2_M1_r0,napolitanas,448,0.985213
FKIT,S+X2_M1_r0,napolitanas,449,0.986137
FKIT,S+X2_M1_r0,napolitanas,450,0.985477
FKIT,S+X2_M1_r0,napolitanas,451,0.987494
FKIT,S+X2_M1_r0,napolitanas,452,0.985099
FKIT,S+X2_M1_r0,napolitanas,453,0.986732
FKIT,S+X2_M1_r0,napolitanas,454,0.987952
FKIT,S+X2_M1_r0,napolitanas,455,0.984434
FKIT,S+X2_M1_r0,napolitanas,456,0.984671
FKIT,S+X2_M1_r0,napolitanas,457,0.981906
FKIT,S+X2_M1_r0,napolitanas,458,0.984775
FKIT,S+X2_M1_r0,napolitanas,459,0.982630
FKIT,S+X2_M1_r0,napolitanas,460,0.984032
FKIT,S+X2_M1_r0,napolitanas,461,0.982392
FKIT,S+X2_M1_r0,napolitanas,462,0.984132
FKIT,S+X2_M1_r0,napolitanas,463,0.983323
FKIT,S+X2_M1_r0,napolitanas,464,0.985553
FKIT,S+X2_M1_r0,napolitanas,465,0.986952
FKIT,S+X2_M1_r0,napolitanas,466,0.988834
FKIT,S+X2_M1_r0,napolitanas,467,0.980929
FKIT,S+X2_M1_r0,napolitanas,468,0.984547
FKIT,S+X2_M1_r0,napolitanas,469,0.983607
FKIT,S+X2_M1_r0,napolitanas,470,0.980209
FKIT,S+X2_M1_r0,napolitanas,471,0.984165
FKIT,S+X2_M1_r0,napolitanas,472,0.985113
FKIT,S+X2_M1_r0,napolitanas,473,0.988773
FKIT,S+X2_M1_r0,napolitanas,474,0.985048
FKIT,S+X2_M1_r0,napolitanas,475,0.976348
FKIT,S+X2_M1_r0,napolitanas,476,0.979246
FKIT,S+X2_M1_r0,napolitanas,477,0.983676
FKIT,S+X2_M1_r0,napolitanas,478,0.983243
FKIT,S+X2_M1_r0,napolitanas,479,0.978617
FKIT,S+X2_M1_r0,napolitanas,480,0.984624
FKIT,S+X2_M1_r0,napolitanas,481,0.980887
FKIT,S+X2_M1_r0,napolitanas,482,0.988653
FKIT,S+X2_M1_r0,napolitanas,483,0.983762
FKIT,S+X2_M1_r0,napolitanas,484,0.983664
FKIT,S+X2_M1_r0,napolitanas,485,0.985494
FKIT,S+X2_M1_r0,napolitanas,486,0.983399
FKIT,S+X2_M1_r0,napolitanas,487,0.984027
FKIT,S+X2_M1_r0,napolitanas,488,0.987397
FKIT,S+X2_M1_r0,napolitanas,489,0.985404
FKIT,S+X2_M1_r0,napolitanas,490,0.983502
FKIT,S+X2_M1_r0,napolitanas,491,0.986667
FKIT,S+X2_M1_r0,napolitanas,492,0.986299
FKIT,S+X2_M1_r0,napolitanas,493,0.986773
FKIT,S+X2_M1_r0,napolitanas,494,0.984526
FKIT,S+X2_M1_r0,napolitanas,495,0.985988
FKIT,S+X2_M1_r0,napolitanas,496,0.986767
FKIT,S+X2_M1_r0,napolitanas,497,0.988451
FKIT,S+X2_M1_r0,napolitanas,498,0.986032
FKIT,S+X2_M1_r0,napolitanas,499,0.987397
FKIT,S+X2_M1_r0,napolitanas,500,0.987926
FKIT,S+X2_M1_r0,napolitanas,501,0.987357
FKIT,S+X2_M1_r0,napolitanas,502,0.985399
FKIT,S+X2_M1_r0,napolitanas,503,0.984043
FKIT,S+X2_M1_r0,napolitanas,504,0.987453
FKIT,S+X2_M1_r0,napolitanas,505,0.983625
FKIT,S+X2_M1_r0,napolitanas,506,0.984463
FKIT,S+X2_M1_r0,napolitanas,507,0.983740
FKIT,S+X2_M1_r0,napolitanas,508,0.988137
FKIT,S+X2_M1_r0,napolitanas,509,0.986897
FKIT,S+X2_M1_r0,napolitanas,510,0.984492
FKIT,S+X2_M1_r0,napolitanas,511,0.988335
FKIT,S+X2_M1_r0,napolitanas,512,0.983035
FKIT,S+X2_M1_r0,napolitanas,513,0.982548
FKIT,S+X2_M1_r0,napolitanas,514,0.986389
FKIT,S+X2_M1_r0,napolitanas,515,0.983969
FKIT,S+X2_M1_r0,napolitanas,516,0.982738
FKIT,S+X2_M1_r0,napolitanas,517,0.986529
FKIT,S+X2_M1_r0,napolitanas,518,0.986800
FKIT,S+X2_M1_r0,napolitanas,519,0.985345
FKIT,S+X2_M1_r0,napolitanas,520,0.982861
FKIT,S+X2_M1_r0,napolitanas,521,0.985808
FKIT,S+X2_M1_r0,napolitanas,522,0.988255
FKIT,S+X2_M1_r0,napolitanas,523,0.987618
FKIT,S+X2_M1_r0,napolitanas,524,0.989014
FKIT,S+X2_M1_r0,napolitanas,525,0.990078
FKIT,S+X2_M1_r0,napolitanas,526,0.990137
FKIT,S+X2_M1_r0,napolitanas,527,0.990001
FKIT,S+X2_M1_r0,napolitanas,528,0.988873
FKIT,S+X2_M1_r0,napolitanas,529,0.989042
FKIT,S+X2_M1_r0,napolitanas,530,0.988164
FKIT,S+X2_M1_r0,napolitanas,531,0.988725
FKIT,S+X2_M1_r0,napolitanas,532,0.988956
FKIT,S+X2_M1_r0,napolitanas,533,0.988253
FKIT,S+X2_M1_r0,napolitanas,534,0.987610
FKIT,S+X2_M1_r0,napolitanas,535,0.985184
FKIT,S+X2_M1_r0,napolitanas,536,0.988852
FKIT,S+X2_M1_r0,napolitanas,537,0.988383
FKIT,S+X2_M1_r0,napolitanas,538,0.989447
FKIT,S+X2_M1_r0,napolitanas,539,0.985979
FKIT,S+X2_M1_r0,napolitanas,540,0.988892
FKIT,S+X2_M1_r0,napolitanas,541,0.986320
FKIT,S+X2_M1_r0,napolitanas,542,0.986287
FKIT,S+X2_M1_r0,napolitanas,543,0.985682
FKIT,S+X2_M1_r0,napolitanas,544,0.987838
FKIT,S+X2_M1_r0,napolitanas,545,0.985796
FKIT,S+X2_M1_r0,napolitanas,546,0.985398
FKIT,S+X2_M1_r0,napolitanas,547,0.984506
FKIT,S+X2_M1_r0,napolitanas,548,0.983189
FKIT,S+X2_M1_r0,napolitanas,549,0.985303
FKIT,S+X2_M1_r0,napolitanas,550,0.983848
FKIT,S+X2_M1_r0,napolitanas,551,0.984041
FKIT,S+X2_M1_r0,napolitanas,552,0.976982
FKIT,S+X2_M1_r0,napolitanas,553,0.982994
FKIT,S+X2_M1_r0,napolitanas,554,0.981328
FKIT,S+X2_M1_r0,napolitanas,555,0.982982
FKIT,S+X2_M1_r0,napolitanas,556,0.979083
FKIT,S+X2_M1_r0,napolitanas,557,0.980113
FKIT,S+X2_M1_r0,napolitanas,558,0.981187
FKIT,S+X2_M1_r0,napolitanas,559,0.976291
FKIT,S+X2_M1_r0,napolitanas,560,0.981827
FKIT,S+X2_M1_r0,napolitanas,561,0.978300
FKIT,S+X2_M1_r0,napolitanas,562,0.982078
FKIT,S+X2_M1_r0,napolitanas,563,0.984243
FKIT,S+X2_M1_r0,napolitanas,564,0.985424
FKIT,S+X2_M1_r0,napolitanas,565,0.986329
FKIT,S+X2_M1_r0,napolitanas,566,0.985985
FKIT,S+X2_M1_r0,napolitanas,567,0.987128
FKIT,S+X2_M1_r0,napolitanas,568,0.989186
FKIT,S+X2_M1_r0,napolitanas,569,0.989352
FKIT,S+X2_M1_r0,napolitanas,570,0.989267
FKIT,S+X2_M1_r0,napolitanas,571,0.989198
FKIT,S+X2_M1_r0,napolitanas,572,0.991810
FKIT,S+X2_M1_r0,napolitanas,573,0.989338
FKIT,S+X2_M1_r0,napolitanas,574,0.991612
FKIT,S+X2_M1_r0,napolitanas,575,0.991575
FKIT,S+X2_M1_r0,napolitanas,576,0.992909
FKIT,S+X2_M1_r0,napolitanas,577,0.990230
FKIT,S+X2_M1_r0,napolitanas,578,0.992265
FKIT,S+X2_M1_r0,napolitanas,579,0.990585
FKIT,S+X2_M1_r0,napolitanas,580,0.989403
FKIT,S+X2_M1_r0,napolitanas,581,0.989213
FKIT,S+X2_M1_r0,napolitanas,582,0.989169
FKIT,S+X2_M1_r0,napolitanas,583,0.989177
FKIT,S+X2_M1_r0,napolitanas,584,0.989673
FKIT,S+X2_M1_r0,napolitanas,585,0.990491
FKIT,S+X2_M1_r0,napolitanas,586,0.989188
FKIT,S+X2_M1_r0,napolitanas,587,0.990964
FKIT,S+X2_M1_r0,napolitanas,588,0.989806
FKIT,S+X2_M1_r0,napolitanas,589,0.989868
FKIT,S+X2_M1_r0,napolitanas,590,0.988716
FKIT,S+X2_M1_r0,napolitanas,591,0.989579
FKIT,S+X2_M1_r0,napolitanas,592,0.987953
FKIT,S+X2_M1_r0,napolitanas,593,0.988849
FKIT,S+X2_M1_r0,napolitanas,594,0.988734
FKIT,S+X2_M1_r0,napolitanas,595,0.990855
FKIT,S+X2_M1_r0,napolitanas,596,0.989014
FKIT,S+X2_M1_r0,napolitanas,597,0.989692
FKIT,S+X2_M1_r0,napolitanas,598,0.990484
FKIT,S+X2_M1_r0,napolitanas,599,0.988816
FKIT,S+X2_M1_r0,napolitanas,600,0.991473
FKIT,S+X2_M1_r0,napolitanas,601,0.985368
FKIT,S+X2_M1_r0,napolitanas,602,0.991913
FKIT,S+X2_M1_r0,napolitanas,603,0.990131
FKIT,S+X2_M1_r0,napolitanas,604,0.990111
FKIT,S+X2_M1_r0,napolitanas,605,0.991340
FKIT,S+X2_M1_r0,napolitanas,606,0.991773
FKIT,S+X2_M1_r0,napolitanas,607,0.988878
FKIT,S+X2_M1_r0,napolitanas,608,0.988315
FKIT,S+X2_M1_r0,napolitanas,609,0.991304
FKIT,S+X2_M1_r0,napolitanas,610,0.991609
FKIT,S+X2_M1_r0,napolitanas,611,0.990113
FKIT,S+X2_M1_r0,napolitanas,612,0.989275
FKIT,S+X2_M1_r0,napolitanas,613,0.989334
FKIT,S+X2_M1_r0,napolitanas,614,0.988596
FKIT,S+X2_M1_r0,napolitanas,615,0.989057
FKIT,S+X2_M1_r0,napolitanas,616,0.989669
FKIT,S+X2_M1_r0,napolitanas,617,0.988742
FKIT,S+X2_M1_r0,napolitanas,618,0.990710
FKIT,S+X2_M1_r0,napolitanas,619,0.989510
FKIT,S+X2_M1_r0,napolitanas,620,0.988917
FKIT,S+X2_M1_r0,napolitanas,621,0.990157
FKIT,S+X2_M1_r0,napolitanas,622,0.987661
FKIT,S+X2_M1_r0,napolitanas,623,0.990008
FKIT,S+X2_M1_r0,napolitanas,624,0.990783
FKIT,S+X2_M1_r0,napolitanas,625,0.991620
FKIT,S+X2_M1_r0,napolitanas,626,0.989638
FKIT,S+X2_M1_r0,napolitanas,627,0.990494
FKIT,S+X2_M1_r0,napolitanas,628,0.989934
FKIT,S+X2_M1_r0,napolitanas,629,0.986972
FKIT,S+X2_M1_r0,napolitanas,630,0.991491
FKIT,S+X2_M1_r0,napolitanas,631,0.989794
FKIT,S+X2_M1_r0,napolitanas,632,0.990108
FKIT,S+X2_M1_r0,napolitanas,633,0.989924
FKIT,S+X2_M1_r0,napolitanas,634,0.991847
FKIT,S+X2_M1_r0,napolitanas,635,0.988351
FKIT,S+X2_M1_r0,napolitanas,636,0.990992
FKIT,S+X2_M1_r0,napolitanas,637,0.988705
FKIT,S+X2_M1_r0,napolitanas,638,0.989321
FKIT,S+X2_M1_r0,napolitanas,639,0.989264
FKIT,S+X2_M1_r0,napolitanas,640,0.989877
FKIT,S+X2_M1_r0,napolitanas,641,0.990731
FKIT,S+X2_M1_r0,napolitanas,642,0.991001
FKIT,S+X2_M1_r0,napolitanas,643,0.990450
FKIT,S+X2_M1_r0,napolitanas,644,0.990804
FKIT,S+X2_M1_r0,napolitanas,645,0.992003
FKIT,S+X2_M1_r0,napolitanas,646,0.989517
FKIT,S+X2_M1_r0,napolitanas,647,0.988364
FKIT,S+X2_M1_r0,napolitanas,648,0.988368
FKIT,S+X2_M1_r0,napolitanas,649,0.989779
FKIT,S+X2_M1_r0,napolitanas,650,0.989782
FKIT,S+X2_M1_r0,napolitanas,651,0.990166
FKIT,S+X2_M1_r0,napolitanas,652,0.990863
FKIT,S+X2_M1_r0,napolitanas,653,0.989893
FKIT,S+X2_M1_r0,napolitanas,654,0.991511
FKIT,S+X2_M1_r0,napolitanas,655,0.988308
FKIT,S+X2_M1_r0,napolitanas,656,0.991181
FKIT,S+X2_M1_r0,napolitanas,657,0.990903
FKIT,S+X2_M1_r0,napolitanas,658,0.990326
FKIT,S+X2_M1_r0,napolitanas,659,0.989763
FKIT,S+X2_M1_r0,napolitanas,660,0.987773
FKIT,S+X2_M1_r0,napolitanas,661,0.988421
FKIT,S+X2_M1_r0,napolitanas,662,0.985882
FKIT,S+X2_M1_r0,napolitanas,663,0.990269
FKIT,S+X2_M1_r0,napolitanas,664,0.989721
FKIT,S+X2_M1_r0,napolitanas,665,0.988155
FKIT,S+X2_M1_r0,napolitanas,666,0.989600
FKIT,S+X2_M1_r0,napolitanas,667,0.988576
FKIT,S+X2_M1_r0,napolitanas,668,0.986583
FKIT,S+X2_M1_r0,napolitanas,669,0.986880
FKIT,S+X2_M1_r0,napolitanas,670,0.986749
FKIT,S+X2_M1_r0,napolitanas,671,0.990023
FKIT,S+X2_M1_r0,napolitanas,672,0.990441
FKIT,S+X2_M1_r0,napolitanas,673,0.989085
FKIT,S+X2_M1_r0,napolitanas,674,0.990515
FKIT,S+X2_M1_r0,napolitanas,675,0.990718
FKIT,S+X2_M1_r0,napolitanas,676,0.991683
FKIT,S+X2_M1_r0,napolitanas,677,0.991186
FKIT,S+X2_M1_r0,napolitanas,678,0.989290
FKIT,S+X2_M1_r0,napolitanas,679,0.991449
FKIT,S+X2_M1_r0,napolitanas,680,0.989243
FKIT,S+X2_M1_r0,napolitanas,681,0.990682
FKIT,S+X2_M1_r0,napolitanas,682,0.990681
FKIT,S+X2_M1_r0,napolitanas,683,0.990018
FKIT,S+X2_M1_r0,napolitanas,684,0.988860
FKIT,S+X2_M1_r0,napolitanas,685,0.987997
FKIT,S+X2_M1_r0,napolitanas,686,0.987022
FKIT,S+X2_M1_r0,napolitanas,687,0.988259
FKIT,S+X2_M1_r0,napolitanas,688,0.989023
FKIT,S+X2_M1_r0,napolitanas,689,0.986238
FKIT,S+X2_M1_r0,napolitanas,690,0.985621
FKIT,S+X2_M1_r0,napolitanas,691,0.981525
FKIT,S+X2_M1_r0,napolitanas,692,0.984221
FKIT,S+X2_M1_r0,napolitanas,693,0.978937
FKIT,S+X2_M1_r0,napolitanas,694,0.982387
FKIT,S+X2_M1_r0,napolitanas,695,0.985361
FKIT,S+X2_M1_r0,napolitanas,696,0.974830
FKIT,S+X2_M1_r0,napolitanas,697,0.975111
FKIT,S+X2_M1_r0,napolitanas,698,0.969254
FKIT,S+X2_M1_r0,napolitanas,699,0.966483
FKIT,S+X2_M1_r0,napolitanas,700,0.962233
FKIT,S+X2_M1_r0,napolitanas,701,0.969347
FKIT,S+X2_M1_r0,napolitanas,702,0.942017
FKIT,S+X2_M1_r0,napolitanas,703,0.951837
FKIT,S+X2_M1_r0,napolitanas,704,0.955957
FKIT,S+X2_M1_r0,napolitanas,705,0.938893
FKIT,S+X2_M1_r0,napolitanas,706,0.927193
FKIT,S+X2_M1_r0,napolitanas,707,0.909758
FKIT,S+X2_M1_r0,napolitanas,708,0.899247
FKIT,S+X2_M1_r0,napolitanas,709,0.889844
FKIT,S+X2_M1_r0,napolitanas,710,0.882825
FKIT,S+X2_M1_r0,napolitanas,711,0.902000
FKIT,S+X2_M1_r0,napolitanas,712,0.726496
FKIT,S+X2_M1_r0,napolitanas,713,0.699371
FKIT,S+X2_M1_r0,napolitanas,714,0.722587
FKIT,S+X2_M1_r0,napolitanas,715,0.680172
FKIT,S+X2_M1_r0,napolitanas,716,0.697743
FKIT,S+X2_M1_r0,napolitanas,717,0.695323
FKIT,S+X2_M1_r0,napolitanas,718,0.679536
FKIT,S+X2_M1_r0,napolitanas,719,0.698750
FKIT,S+X2_M1_r0,napolitanas,720,0.695995
FKIT,S+X2_M1_r0,napolitanas,721,0.672780
FKIT,S+X2_M1_r0,napolitanas,722,0.680606
FKIT,S+X2_M1_r0,napolitanas,723,0.665624
FKIT,S+X2_M1_r0,napolitanas,724,0.696307
FKIT,S+X2_M1_r0,napolitanas,725,0.717301
FKIT,S+X2_M1_r0,napolitanas,726,0.726236
FKIT,S+X2_M1_r0,napolitanas,727,0.719957
FKIT,S+X2_M1_r0,napolitanas,728,0.729168
FKIT,S+X2_M1_r0,napolitanas,729,0.717326
FKIT,S+X2_M1_r0,napolitanas,730,0.734720
FKIT,S+X2_M1_r0,napolitanas,731,0.726642
FKIT,S+X2_M1_r0,napolitanas,732,0.750826
FKIT,S+X2_M1_r0,napolitanas,733,0.775816
FKIT,S+X2_M1_r0,napolitanas,734,0.859877
FKIT,S+X2_M1_r0,napolitanas,735,0.836193
FKIT,S+X2_M1_r0,napolitanas,736,0.875087
FKIT,S+X2_M1_r0,napolitanas,737,0.898064
FKIT,S+X2_M1_r0,napolitanas,738,0.930205
FKIT,S+X2_M1_r0,napolitanas,739,0.922060
FKIT,S+X2_M1_r0,napolitanas,740,0.934028
FKIT,S+X2_M1_r0,napolitanas,741,0.938857
FKIT,S+X2_M1_r0,napolitanas,742,0.942961
FKIT,S+X2_M1_r0,napolitanas,743,0.947571
FKIT,S+X2_M1_r0,napolitanas,744,0.960356
FKIT,S+X2_M1_r0,napolitanas,745,0.968382
FKIT,S+X2_M1_r0,napolitanas,746,0.971934
FKIT,S+X2_M1_r0,napolitanas,747,0.973879
FKIT,S+X2_M1_r0,napolitanas,748,0.976265
FKIT,S+X2_M1_r0,napolitanas,749,0.975660
FKIT,S+X2_M1_r0,napolitanas,750,0.975126
FKIT,S+X2_M1_r0,napolitanas,751,0.978182
FKIT,S+X2_M1_r0,napolitanas,752,0.979821
FKIT,S+X2_M1_r0,napolitanas,753,0.975036
FKIT,S+X2_M1_r0,napolitanas,754,0.977518
FKIT,S+X2_M1_r0,napolitanas,755,0.977739
FKIT,S+X2_M1_r0,napolitanas,756,0.979282
FKIT,S+X2_M1_r0,napolitanas,757,0.979053
FKIT,S+X2_M1_r0,napolitanas,758,0.974980
FKIT,S+X2_M1_r0,napolitanas,759,0.980449
FKIT,S+X2_M1_r0,napolitanas,760,0.975417
FKIT,S+X2_M1_r0,napolitanas,761,0.977456
FKIT,S+X2_M1_r0,napolitanas,762,0.981452
FKIT,S+X2_M1_r0,napolitanas,763,0.980085
FKIT,S+X2_M1_r0,napolitanas,764,0.986755
FKIT,S+X2_M1_r0,napolitanas,765,0.987455
FKIT,S+X2_M1_r0,napolitanas,766,0.987747
FKIT,S+X2_M1_r0,napolitanas,767,0.982810
FKIT,S+X2_M1_r0,napolitanas,768,0.985463
FKIT,S+X2_M1_r0,napolitanas,769,0.985443
FKIT,S+X2_M1_r0,napolitanas,770,0.985680
FKIT,S+X2_M1_r0,napolitanas,771,0.988111
FKIT,S+X2_M1_r0,napolitanas,772,0.988290
FKIT,S+X2_M1_r0,napolitanas,773,0.989100
FKIT,S+X2_M1_r0,napolitanas,774,0.987803
FKIT,S+X2_M1_r0,napolitanas,775,0.987933
FKIT,S+X2_M1_r0,napolitanas,776,0.987030
FKIT,S+X2_M1_r0,napolitanas,777,0.990566
FKIT,S+X2_M1_r0,napolitanas,778,0.986637
FKIT,S+X2_M1_r0,napolitanas,779,0.985638
FKIT,S+X2_M1_r0,napolitanas,780,0.989280
FKIT,S+X2_M1_r0,napolitanas,781,0.989194
FKIT,S+X2_M1_r0,napolitanas,782,0.989312
FKIT,S+X2_M1_r0,napolitanas,783,0.989743
FKIT,S+X2_M1_r0,napolitanas,784,0.988618
FKIT,S+X2_M1_r0,napolitanas,785,0.990042
FKIT,S+X2_M1_r0,napolitanas,786,0.989712
FKIT,S+X2_M1_r0,napolitanas,787,0.992213
FKIT,S+X2_M1_r0,napolitanas,788,0.989338
FKIT,S+X2_M1_r0,napolitanas,789,0.987872
FKIT,S+X2_M1_r0,napolitanas,790,0.987090
FKIT,S+X2_M1_r0,napolitanas,791,0.990218
FKIT,S+X2_M1_r0,napolitanas,792,0.987702
FKIT,S+X2_M1_r0,napolitanas,793,0.988728
FKIT,S+X2_M1_r0,napolitanas,794,0.990539
FKIT,S+X2_M1_r0,napolitanas,795,0.991625
FKIT,S+X2_M1_r0,napolitanas,796,0.990332
FKIT,S+X2_M1_r0,napolitanas,797,0.988991
FKIT,S+X2_M1_r0,napolitanas,798,0.990140
FKIT,S+X2_M1_r0,napolitanas,799,0.989566
FKIT,S+X2_M1_r0,napolitanas,800,0.990582
FKIT,S+X2_M1_r0,napolitanas,801,0.987804
FKIT,S+X2_M1_r0,napolitanas,802,0.988900
FKIT,S+X2_M1_r0,napolitanas,803,0.986007
FKIT,S+X2_M1_r0,napolitanas,804,0.988435
FKIT,S+X2_M1_r0,napolitanas,805,0.987777
FKIT,S+X2_M1_r0,napolitanas,806,0.987985
FKIT,S+X2_M1_r0,napolitanas,807,0.988755
FKIT,S+X2_M1_r0,napolitanas,808,0.988385
FKIT,S+X2_M1_r0,napolitanas,809,0.989519
FKIT,S+X2_M1_r0,napolitanas,810,0.988454
FKIT,S+X2_M1_r0,napolitanas,811,0.990235
FKIT,S+X2_M1_r0,napolitanas,812,0.989895
FKIT,S+X2_M1_r0,napolitanas,813,0.989986
FKIT,S+X2_M1_r0,napolitanas,814,0.991318
FKIT,S+X2_M1_r0,napolitanas,815,0.990508
FKIT,S+X2_M1_r0,napolitanas,816,0.988353
FKIT,S+X2_M1_r0,napolitanas,817,0.990594
FKIT,S+X2_M1_r0,napolitanas,818,0.991673
FKIT,S+X2_M1_r0,napolitanas,819,0.989652
FKIT,S+X2_M1_r0,napolitanas,820,0.988278
FKIT,S+X2_M1_r0,napolitanas,821,0.989372
FKIT,S+X2_M1_r0,napolitanas,822,0.989697
FKIT,S+X2_M1_r0,napolitanas,823,0.989812
FKIT,S+X2_M1_r0,napolitanas,824,0.993524
FKIT,S+X2_M1_r0,napolitanas,825,0.991122
FKIT,S+X2_M1_r0,napolitanas,826,0.991609
FKIT,S+X2_M1_r0,napolitanas,827,0.990135
FKIT,S+X2_M1_r0,napolitanas,828,0.989172
FKIT,S+X2_M1_r0,napolitanas,829,0.989783
FKIT,S+X2_M1_r0,napolitanas,830,0.988460
FKIT,S+X2_M1_r0,napolitanas,831,0.989365
FKIT,S+X2_M1_r0,napolitanas,832,0.990703
FKIT,S+X2_M1_r0,napolitanas,833,0.990890
FKIT,S+X2_M1_r0,napolitanas,834,0.992890
FKIT,S+X2_M1_r0,napolitanas,835,0.990415
FKIT,S+X2_M1_r0,napolitanas,836,0.991274
FKIT,S+X2_M1_r0,napolitanas,837,0.993465
FKIT,S+X2_M1_r0,napolitanas,838,0.991184
FKIT,S+X2_M1_r0,napolitanas,839,0.993726
FKIT,S+X2_M1_r0,napolitanas,840,0.990208
FKIT,S+X2_M1_r0,napolitanas,841,0.991042
FKIT,S+X2_M1_r0,napolitanas,842,0.989664
FKIT,S+X2_M1_r0,napolitanas,843,0.991972
FKIT,S+X2_M1_r0,napolitanas,844,0.990762
FKIT,S+X2_M1_r0,napolitanas,845,0.990433
FKIT,S+X2_M1_r0,napolitanas,846,0.988281
FKIT,S+X2_M1_r0,napolitanas,847,0.991907
FKIT,S+X2_M1_r0,napolitanas,848,0.991701
FKIT,S+X2_M1_r0,napolitanas,849,0.989456
FKIT,S+X2_M1_r0,napolitanas,850,0.991389
FKIT,S+X2_M1_r0,napolitanas,851,0.991846
FKIT,S+X2_M1_r0,napolitanas,852,0.991411
FKIT,S+X2_M1_r0,napolitanas,853,0.990267
FKIT,S+X2_M1_r0,napolitanas,854,0.991442
FKIT,S+X2_M1_r0,napolitanas,855,0.990291
FKIT,S+X2_M1_r0,napolitanas,856,0.989887
FKIT,S+X2_M1_r0,napolitanas,857,0.989807
FKIT,S+X2_M1_r0,napolitanas,858,0.990450
FKIT,S+X2_M1_r0,napolitanas,859,0.990086
FKIT,S+X2_M1_r0,napolitanas,860,0.989799
FKIT,S+X2_M1_r0,napolitanas,861,0.987106
FKIT,S+X2_M1_r0,napolitanas,862,0.990741
FKIT,S+X2_M1_r0,napolitanas,863,0.990918
FKIT,S+X2_M1_r0,napolitanas,864,0.987721
FKIT,S+X2_M1_r0,napolitanas,865,0.991035
FKIT,S+X2_M1_r0,napolitanas,866,0.993346
FKIT,S+X2_M1_r0,napolitanas,867,0.992049
FKIT,S+X2_M1_r0,napolitanas,868,0.990860
FKIT,S+X2_M1_r0,napolitanas,869,0.992361
FKIT,S+X2_M1_r0,napolitanas,870,0.989827
FKIT,S+X2_M1_r0,napolitanas,871,0.989887
FKIT,S+X2_M1_r0,napolitanas,872,0.992204
FKIT,S+X2_M1_r0,napolitanas,873,0.989365
FKIT,S+X2_M1_r0,napolitanas,874,0.990188
FKIT,S+X2_M1_r0,napolitanas,875,0.988490
FKIT,S+X2_M1_r0,napolitanas,876,0.989642
FKIT,S+X2_M1_r0,napolitanas,877,0.989072
FKIT,S+X2_M1_r0,napolitanas,878,0.989211
FKIT,S+X2_M1_r0,napolitanas,879,0.988708
FKIT,S+X2_M1_r0,napolitanas,880,0.989335
FKIT,S+X2_M1_r0,napolitanas,881,0.986891
FKIT,S+X2_M1_r0,napolitanas,882,0.990754
FKIT,S+X2_M1_r0,napolitanas,883,0.990555
FKIT,S+X2_M1_r0,napolitanas,884,0.990535
FKIT,S+X2_M1_r0,napolitanas,885,0.989311
FKIT,S+X2_M1_r0,napolitanas,886,0.991072
FKIT,S+X2_M1_r0,napolitanas,887,0.990716
FKIT,S+X2_M1_r0,napolitanas,888,0.990260
FKIT,S+X2_M1_r0,napolitanas,889,0.985725
FKIT,S+X2_M1_r0,napolitanas,890,0.982613
FKIT,S+X2_M1_r0,napolitanas,891,0.987529
FKIT,S+X2_M1_r0,napolitanas,892,0.985022
FKIT,S+X2_M1_r0,napolitanas,893,0.984064
FKIT,S+X2_M1_r0,napolitanas,894,0.982300
FKIT,S+X2_M1_r0,napolitanas,895,0.982730
FKIT,S+X2_M1_r0,napolitanas,896,0.987045
FKIT,S+X2_M1_r0,napolitanas,897,0.988278
FKIT,S+X2_M1_r0,napolitanas,898,0.988785
FKIT,S+X2_M1_r0,napolitanas,899,0.990467
FKIT,S+X2_M1_r0,napolitanas,900,0.989449
FKIT,S+X2_M1_r0,napolitanas,901,0.989804
FKIT,S+X2_M1_r0,napolitanas,902,0.989125
FKIT,S+X2_M1_r0,napolitanas,903,0.987891
FKIT,S+X2_M1_r0,napolitanas,904,0.988701
FKIT,S+X2_M1_r0,napolitanas,905,0.988978
FKIT,S+X2_M1_r0,napolitanas,906,0.990414
FKIT,S+X2_M1_r0,napolitanas,907,0.990535
FKIT,S+X2_M1_r0,napolitanas,908,0.988480
FKIT,S+X2_M1_r0,napolitanas,909,0.990104
FKIT,S+X2_M1_r0,napolitanas,910,0.987781
FKIT,S+X2_M1_r0,napolitanas,911,0.989947
FKIT,S+X2_M1_r0,napolitanas,912,0.990479
FKIT,S+X2_M1_r0,napolitanas,913,0.989209
FKIT,S+X2_M1_r0,napolitanas,914,0.990054
FKIT,S+X2_M1_r0,napolitanas,915,0.989971
FKIT,S+X2_M1_r0,napolitanas,916,0.988378
FKIT,S+X2_M1_r0,napolitanas,917,0.990806
FKIT,S+X2_M1_r0,napolitanas,918,0.988199
FKIT,S+X2_M1_r0,napolitanas,919,0.989778
FKIT,S+X2_M1_r0,napolitanas,920,0.985995
FKIT,S+X2_M1_r0,napolitanas,921,0.985508
FKIT,S+X2_M1_r0,napolitanas,922,0.984339
FKIT,S+X2_M1_r0,napolitanas,923,0.981547
FKIT,S+X2_M1_r0,napolitanas,924,0.985860
FKIT,S+X2_M1_r0,napolitanas,925,0.985633
FKIT,S+X2_M1_r0,napolitanas,926,0.984860
FKIT,S+X2_M1_r0,napolitanas,927,0.982475
FKIT,S+X2_M1_r0,napolitanas,928,0.982115
FKIT,S+X2_M1_r0,napolitanas,929,0.981908
FKIT,S+X2_M1_r0,napolitanas,930,0.980882
FKIT,S+X2_M1_r0,napolitanas,931,0.978529
FKIT,S+X2_M1_r0,napolitanas,932,0.980996
FKIT,S+X2_M1_r0,napolitanas,933,0.975173
FKIT,S+X2_M1_r0,napolitanas,934,0.984316
FKIT,S+X2_M1_r0,napolitanas,935,0.982555
FKIT,S+X2_M1_r0,napolitanas,936,0.981178
FKIT,S+X2_M1_r0,napolitanas,937,0.979526
FKIT,S+X2_M1_r0,napolitanas,938,0.976939
FKIT,S+X2_M1_r0,napolitanas,939,0.975657
FKIT,S+X2_M1_r0,napolitanas,940,0.978321
FKIT,S+X2_M1_r0,napolitanas,941,0.976747
FKIT,S+X2_M1_r0,napolitanas,942,0.980470
FKIT,S+X2_M1_r0,napolitanas,943,0.975481
FKIT,S+X2_M1_r0,napolitanas,944,0.984077
FKIT,S+X2_M1_r0,napolitanas,945,0.983126
FKIT,S+X2_M1_r0,napolitanas,946,0.982610
FKIT,S+X2_M1_r0,napolitanas,947,0.984684
FKIT,S+X2_M1_r0,napolitanas,948,0.981648
FKIT,S+X2_M1_r0,napolitanas,949,0.986023
FKIT,S+X2_M1_r0,napolitanas,950,0.989242
FKIT,S+X2_M1_r0,napolitanas,951,0.985496
FKIT,S+X2_M1_r0,napolitanas,952,0.984747
FKIT,S+X2_M1_r0,napolitanas,953,0.986275
FKIT,S+X2_M1_r0,napolitanas,954,0.987797
FKIT,S+X2_M1_r0,napolitanas,955,0.987977
FKIT,S+X2_M1_r0,napolitanas,956,0.989347
FKIT,S+X2_M1_r0,napolitanas,957,0.989653
FKIT,S+X2_M1_r0,napolitanas,958,0.990060
FKIT,S+X2_M1_r0,napolitanas,959,0.987298
FKIT,S+X2_M1_r0,napolitanas,960,0.989061
FKIT,S+X2_M1_r0,napolitanas,961,0.989094
FKIT,S+X2_M1_r0,napolitanas,962,0.989459
FKIT,S+X2_M1_r0,napolitanas,963,0.986656
FKIT,S+X2_M1_r0,napolitanas,964,0.990232
FKIT,S+X2_M1_r0,napolitanas,965,0.991428
FKIT,S+X2_M1_r0,napolitanas,966,0.991073
FKIT,S+X2_M1_r0,napolitanas,967,0.990140
FKIT,S+X2_M1_r0,napolitanas,968,0.993838
FKIT,S+X2_M1_r0,napolitanas,969,0.993552
FKIT,S+X2_M1_r0,napolitanas,970,0.989781
FKIT,S+X2_M1_r0,napolitanas,971,0.991509
FKIT,S+X2_M1_r0,napolitanas,972,0.991445
FKIT,S+X2_M1_r0,napolitanas,973,0.990484
FKIT,S+X2_M1_r0,napolitanas,974,0.991277
FKIT,S+X2_M1_r0,napolitanas,975,0.991634
FKIT,S+X2_M1_r0,napolitanas,976,0.992084
FKIT,S+X2_M1_r0,napolitanas,977,0.992340
FKIT,S+X2_M1_r0,napolitanas,978,0.991119
FKIT,S+X2_M1_r0,napolitanas,979,0.988707
FKIT,S+X2_M1_r0,napolitanas,980,0.989748
FKIT,S+X2_M1_r0,napolitanas,981,0.989388
FKIT,S+X2_M1_r0,napolitanas,982,0.989137
FKIT,S+X2_M1_r0,napolitanas,983,0.988828
FKIT,S+X2_M1_r0,napolitanas,984,0.987780
FKIT,S+X2_M1_r0,napolitanas,985,0.987595
FKIT,S+X2_M1_r0,napolitanas,986,0.987577
FKIT,S+X2_M1_r0,napolitanas,987,0.989036
FKIT,S+X2_M1_r0,napolitanas,988,0.986815
FKIT,S+X2_M1_r0,napolitanas,989,0.987960
FKIT,S+X2_M1_r0,napolitanas,990,0.983540
FKIT,S+X2_M1_r0,napolitanas,991,0.984292
FKIT,S+X2_M1_r0,napolitanas,992,0.987507
FKIT,S+X2_M1_r0,napolitanas,993,0.985870
FKIT,S+X2_M1_r0,napolitanas,994,0.983291
FKIT,S+X2_M1_r0,napolitanas,995,0.985498
FKIT,S+X2_M1_r0,napolitanas,996,0.989550
FKIT,S+X2_M1_r0,napolitanas,997,0.986484
FKIT,S+X2_M1_r0,napolitanas,998,0.987611
FKIT,S+X2_M1_r0,napolitanas,999,0.986137
FKIT,S+X2_M1_r0,napolitanas,1000,0.985225
FKIT,S+X2_M1_r0,napolitanas,1001,0.987330
FKIT,S+X2_M1_r0,napolitanas,1002,0.985073
FKIT,S+X2_M1_r0,napolitanas,1003,0.985080
FKIT,S+X2_M1_r0,napolitanas,1004,0.987365
FKIT,S+X2_M1_r0,napolitanas,1005,0.984867
FKIT,S+X2_M1_r0,napolitanas,1006,0.988392
FKIT,S+X2_M1_r0,napolitanas,1007,0.988243
FKIT,S+X2_M1_r0,napolitanas,1008,0.987863
FKIT,S+X2_M1_r0,napolitanas,1009,0.988443
FKIT,S+X2_M1_r0,napolitanas,1010,0.988112
FKIT,S+X2_M1_r0,napolitanas,1011,0.987378
FKIT,S+X2_M1_r0,napolitanas,1012,0.986159
FKIT,S+X2_M1_r0,napolitanas,1013,0.988071
FKIT,S+X2_M1_r0,napolitanas,1014,0.989491
FKIT,S+X2_M1_r0,napolitanas,1015,0.991410
FKIT,S+X2_M1_r0,napolitanas,1016,0.988197
FKIT,S+X2_M1_r0,napolitanas,1017,0.989724
FKIT,S+X2_M1_r0,napolitanas,1018,0.987839
FKIT,S+X2_M1_r0,napolitanas,1019,0.990829
FKIT,S+X2_M1_r0,napolitanas,1020,0.989983
FKIT,S+X2_M1_r0,napolitanas,1021,0.990826
FKIT,S+X2_M1_r0,napolitanas,1022,0.991190
FKIT,S+X2_M1_r0,napolitanas,1023,0.992247
FKIT,S+X2_M1_r0,napolitanas,1024,0.991783
FKIT,S+X2_M1_r0,napolitanas,1025,0.993167
FKIT,S+X2_M1_r0,napolitanas,1026,0.993429
FKIT,S+X2_M1_r0,napolitanas,1027,0.994949
FKIT,S+X2_M1_r0,napolitanas,1028,0.992463
FKIT,S+X2_M1_r0,napolitanas,1029,0.994976
FKIT,S+X2_M1_r0,napolitanas,1030,0.993624
FKIT,S+X2_M1_r0,napolitanas,1031,0.993072
FKIT,S+X2_M1_r0,napolitanas,1032,0.991618
FKIT,S+X2_M1_r0,napolitanas,1033,0.993018
FKIT,S+X2_M1_r0,napolitanas,1034,0.993525
FKIT,S+X2_M1_r0,napolitanas,1035,0.993391
FKIT,S+X2_M1_r0,napolitanas,1036,0.995007
FKIT,S+X2_M1_r0,napolitanas,1037,0.994469
FKIT,S+X2_M1_r0,napolitanas,1038,0.994298
FKIT,S+X2_M1_r0,napolitanas,1039,0.993449
FKIT,S+X2_M1_r0,napolitanas,1040,0.993939
FKIT,S+X2_M1_r0,napolitanas,1041,0.994697
FKIT,S+X2_M1_r0,napolitanas,1042,0.995253
FKIT,S+X2_M1_r0,napolitanas,1043,0.994593
FKIT,S+X2_M1_r0,napolitanas,1044,0.993830
FKIT,S+X2_M1_r0,napolitanas,1045,0.993160
FKIT,S+X2_M1_r0,napolitanas,1046,0.994011
FKIT,S+X2_M1_r0,napolitanas,1047,0.993737
FKIT,S+X2_M1_r0,napolitanas,1048,0.993425
FKIT,S+X2_M1_r0,napolitanas,1049,0.994770
FKIT,S+X2_M1_r0,napolitanas,1050,0.993776
FKIT,S+X2_M1_r0,napolitanas,1051,0.994362
FKIT,S+X2_M1_r0,napolitanas,1052,0.993859
FKIT,S+X2_M1_r0,napolitanas,1053,0.993550
FKIT,S+X2_M1_r0,napolitanas,1054,0.994549
FKIT,S+X2_M1_r0,napolitanas,1055,0.994174
FKIT,S+X2_M1_r0,napolitanas,1056,0.993664
FKIT,S+X2_M1_r0,napolitanas,1057,0.993723
FKIT,S+X2_M1_r0,napolitanas,1058,0.993606
FKIT,S+X2_M1_r0,napolitanas,1059,0.994339
FKIT,S+X2_M1_r0,napolitanas,1060,0.994564
FKIT,S+X2_M1_r0,napolitanas,1061,0.994981
FKIT,S+X2_M1_r0,napolitanas,1062,0.994130
FKIT,S+X2_M1_r0,napolitanas,1063,0.993623
FKIT,S+X2_M1_r0,napolitanas,1064,0.994516
FKIT,S+X2_M1_r0,napolitanas,1065,0.994140
FKIT,S+X2_M1_r0,napolitanas,1066,0.994112
FKIT,S+X2_M1_r0,napolitanas,1067,0.994695
FKIT,S+X2_M1_r0,napolitanas,1068,0.994647
FKIT,S+X2_M1_r0,napolitanas,1069,0.994794
FKIT,S+X2_M1_r0,napolitanas,1070,0.993859
FKIT,S+X2_M1_r0,orange,0,0.199991
FKIT,S+X2_M1_r0,orange,1,0.120192
FKIT,S+X2_M1_r0,orange,2,0.121911
FKIT,S+X2_M1_r0,orange,3,0.104761
FKIT,S+X2_M1_r0,orange,4,0.093160
FKIT,S+X2_M1_r0,orange,5,0.097661
FKIT,S+X2_M1_r0,orange,6,0.079500
FKIT,S+X2_M1_r0,orange,7,0.079257
FKIT,S+X2_M1_r0,orange,8,0.089626
FKIT,S+X2_M1_r0,orange,9,0.088741
FKIT,S+X2_M1_r0,orange,10,0.093254
FKIT,S+X2_M1_r0,orange,11,0.011155
FKIT,S+X2_M1_r0,orange,12,0.000414
FKIT,S+X2_M1_r0,orange,13,0.000000
FKIT,S+X2_M1_r0,orange,14,0.000000
FKIT,S+X2_M1_r0,orange,15,0.000000
FKIT,S+X2_M1_r0,orange,16,0.000000
FKIT,S+X2_M1_r0,orange,17,0.000092
FKIT,S+X2_M1_r0,orange,18,0.000000
FKIT,S+X2_M1_r0,orange,19,0.000000
FKIT,S+X2_M1_r0,orange,20,0.000000
FKIT,S+X2_M1_r0,orange,21,0.000000
FKIT,S+X2_M1_r0,orange,22,0.000000
FKIT,S+X2_M1_r0,orange,23,0.000000
FKIT,S+X2_M1_r0,orange,24,0.000000
FKIT,S+X2_M1_r0,orange,25,0.000000
FKIT,S+X2_M1_r0,orange,26,0.000000
FKIT,S+X2_M1_r0,orange,27,0.000000
FKIT,S+X2_M1_r0,orange,28,0.000000
FKIT,S+X2_M1_r0,orange,29,0.000000
FKIT,S+X2_M1_r0,orange,30,0.000000
FKIT,S+X2_M1_r0,orange,31,0.000000
FKIT,S+X2_M1_r0,orange,32,0.000000
FKIT,S+X2_M1_r0,orange,33,0.000000
FKIT,S+X2_M1_r0,orange,34,0.000000
FKIT,S+X2_M1_r0,orange,35,0.000000
FKIT,S+X2_M1_r0,orange,36,0.000000
FKIT,S+X2_M1_r0,orange,37,0.000000
FKIT,S+X2_M1_r0,orange,38,0.000000
FKIT,S+X2_M1_r0,orange,39,0.000000
FKIT,S+X2_M1_r0,orange,40,0.000000
FKIT,S+X2_M1_r0,orange,41,0.000000
FKIT,S+X2_M1_r0,orange,42,0.000000
FKIT,S+X2_M1_r0,orange,43,0.000000
FKIT,S+X2_M1_r0,orange,44,0.000000
FKIT,S+X2_M1_r0,orange,45,0.000000
FKIT,S+X2_M1_r0,orange,46,0.000000
FKIT,S+X2_M1_r0,orange,47,0.000000
FKIT,S+X2_M1_r0,orange,48,0.000000
FKIT,S+X2_M1_r0,orange,49,0.000000
FKIT,S+X2_M1_r0,orange,50,0.000000
FKIT,S+X2_M1_r0,orange,51,0.000000
FKIT,S+X2_M1_r0,orange,52,0.000000
FKIT,S+X2_M1_r0,orange,53,0.000000
FKIT,S+X2_M1_r0,orange,54,0.000000
FKIT,S+X2_M1_r0,orange,55,0.000000
FKIT,S+X2_M1_r0,orange,56,0.000000
FKIT,S+X2_M1_r0,orange,57,0.000000
FKIT,S+X2_M1_r0,orange,58,0.000000
FKIT,S+X2_M1_r0,orange,59,0.000000
FKIT,S+X2_M1_r0,orange,60,0.000000
FKIT,S+X2_M1_r0,orange,61,0.000000
FKIT,S+X2_M1_r0,orange,62,0.000000
FKIT,S+X2_M1_r0,orange,63,0.000000
FKIT,S+X2_M1_r0,orange,64,0.000000
FKIT,S+X2_M1_r0,orange,65,0.000000
FKIT,S+X2_M1_r0,orange,66,0.000000
FKIT,S+X2_M1_r0,orange,67,0.000000
FKIT,S+X2_M1_r0,orange,68,0.000000
FKIT,S+X2_M1_r0,orange,69,0.000000
FKIT,S+X2_M1_r0,orange,70,0.000000
FKIT,S+X2_M1_r0,orange,71,0.000000
FKIT,S+X2_M1_r0,orange,72,0.000000
FKIT,S+X2_M1_r0,orange,73,0.000000
FKIT,S+X2_M1_r0,orange,74,0.000000
FKIT,S+X2_M1_r0,orange,75,0.000000
FKIT,S+X2_M1_r0,orange,76,0.000000
FKIT,S+X2_M1_r0,orange,77,0.000000
FKIT,S+X2_M1_r0,orange,78,0.000000
FKIT,S+X2_M1_r0,orange,79,0.000000
FKIT,S+X2_M1_r0,orange,80,0.000000
FKIT,S+X2_M1_r0,orange,81,0.000000
FKIT,S+X2_M1_r0,orange,82,0.000000
FKIT,S+X2_M1_r0,orange,83,0.000000
FKIT,S+X2_M1_r0,orange,84,0.000000
FKIT,S+X2_M1_r0,orange,85,0.000000
FKIT,S+X2_M1_r0,orange,86,0.000000
FKIT,S+X2_M1_r0,orange,87,0.000000
FKIT,S+X2_M1_r0,orange,88,0.000000
FKIT,S+X2_M1_r0,orange,89,0.000000
FKIT,S+X2_M1_r0,orange,90,0.000000
FKIT,S+X2_M1_r0,orange,91,0.000000
FKIT,S+X2_M1_r0,orange,92,0.000000
FKIT,S+X2_M1_r0,orange,93,0.000000
FKIT,S+X2_M1_r0,orange,94,0.000000
FKIT,S+X2_M1_r0,orange,95,0.000000
FKIT,S+X2_M1_r0,orange,96,0.000000
FKIT,S+X2_M1_r0,orange,97,0.000000
FKIT,S+X2_M1_r0,orange,98,0.000000
FKIT,S+X2_M1_r0,orange,99,0.000000
FKIT,S+X2_M1_r0,orange,100,0.000000
FKIT,S+X2_M1_r0,orange,101,0.000000
FKIT,S+X2_M1_r0,orange,102,0.000000
FKIT,S+X2_M1_r0,orange,103,0.000000
FKIT,S+X2_M1_r0,orange,104,0.000000
FKIT,S+X2_M1_r0,orange,105,0.000000
FKIT,S+X2_M1_r0,orange,106,0.000000
FKIT,S+X2_M1_r0,orange,107,0.000000
FKIT,S+X2_M1_r0,orange,108,0.000000
FKIT,S+X2_M1_r0,orange,109,0.000000
FKIT,S+X2_M1_r0,orange,110,0.000000
FKIT,S+X2_M1_r0,orange,111,0.000000
FKIT,S+X2_M1_r0,orange,112,0.000000
FKIT,S+X2_M1_r0,orange,113,0.000000
FKIT,S+X2_M1_r0,orange,114,0.000000
FKIT,S+X2_M1_r0,orange,115,0.000000
FKIT,S+X2_M1_r0,orange,116,0.000000
FKIT,S+X2_M1_r0,orange,117,0.000000
FKIT,S+X2_M1_r0,orange,118,0.000000
FKIT,S+X2_M1_r0,orange,119,0.000000
FKIT,S+X2_M1_r0,orange,120,0.000000
FKIT,S+X2_M1_r0,orange,121,0.000000
FKIT,S+X2_M1_r0,orange,122,0.000000
FKIT,S+X2_M1_r0,orange,123,0.000000
FKIT,S+X2_M1_r0,orange,124,0.000000
FKIT,S+X2_M1_r0,orange,125,0.000000
FKIT,S+X2_M1_r0,orange,126,0.000000
FKIT,S+X2_M1_r0,orange,127,0.000000
FKIT,S+X2_M1_r0,orange,128,0.000000
FKIT,S+X2_M1_r0,orange,129,0.000000
FKIT,S+X2_M1_r0,orange,130,0.000000
FKIT,S+X2_M1_r0,orange,131,0.000000
FKIT,S+X2_M1_r0,orange,132,0.000000
FKIT,S+X2_M1_r0,orange,133,0.000000
FKIT,S+X2_M1_r0,orange,134,0.000000
FKIT,S+X2_M1_r0,orange,135,0.000000
FKIT,S+X2_M1_r0,orange,136,0.000000
FKIT,S+X2_M1_r0,orange,137,0.000000
FKIT,S+X2_M1_r0,orange,138,0.000000
FKIT,S+X2_M1_r0,orange,139,0.000000
FKIT,S+X2_M1_r0,orange,140,0.000000
FKIT,S+X2_M1_r0,orange,141,0.000000
FKIT,S+X2_M1_r0,orange,142,0.000000
FKIT,S+X2_M1_r0,orange,143,0.000000
FKIT,S+X2_M1_r0,orange,144,0.000000
FKIT,S+X2_M1_r0,orange,145,0.000000
FKIT,S+X2_M1_r0,orange,146,0.000000
FKIT,S+X2_M1_r0,orange,147,0.000000
FKIT,S+X2_M1_r0,orange,148,0.000000
FKIT,S+X2_M1_r0,orange,149,0.000000
FKIT,S+X2_M1_r0,orange,150,0.000000
FKIT,S+X2_M1_r0,orange,151,0.000000
FKIT,S+X2_M1_r0,orange,152,0.000000
FKIT,S+X2_M1_r0,orange,153,0.000000
FKIT,S+X2_M1_r0,orange,154,0.000000
FKIT,S+X2_M1_r0,orange,155,0.000000
FKIT,S+X2_M1_r0,orange,156,0.000000
FKIT,S+X2_M1_r0,orange,157,0.000000
FKIT,S+X2_M1_r0,orange,158,0.000000
FKIT,S+X2_M1_r0,orange,159,0.000000
FKIT,S+X2_M1_r0,orange,160,0.000000
FKIT,S+X2_M1_r0,orange,161,0.000000
FKIT,S+X2_M1_r0,orange,162,0.000000
FKIT,S+X2_M1_r0,orange,163,0.000000
FKIT,S+X2_M1_r0,orange,164,0.000000
FKIT,S+X2_M1_r0,orange,165,0.000000
FKIT,S+X2_M1_r0,orange,166,0.000000
FKIT,S+X2_M1_r0,orange,167,0.000000
FKIT,S+X2_M1_r0,orange,168,0.000000
FKIT,S+X2_M1_r0,orange,169,0.000000
FKIT,S+X2_M1_r0,orange,170,0.000000
FKIT,S+X2_M1_r0,orange,171,0.000000
FKIT,S+X2_M1_r0,orange,172,0.000000
FKIT,S+X2_M1_r0,orange,173,0.000000
FKIT,S+X2_M1_r0,orange,174,0.000000
FKIT,S+X2_M1_r0,orange,175,0.000000
FKIT,S+X2_M1_r0,orange,176,0.000000
FKIT,S+X2_M1_r0,orange,177,0.000000
FKIT,S+X2_M1_r0,orange,178,0.000000
FKIT,S+X2_M1_r0,orange,179,0.000000
FKIT,S+X2_M1_r0,orange,180,0.000000
FKIT,S+X2_M1_r0,orange,181,0.000000
FKIT,S+X2_M1_r0,orange,182,0.000000
FKIT,S+X2_M1_r0,orange,183,0.000000
FKIT,S+X2_M1_r0,orange,184,0.000000
FKIT,S+X2_M1_r0,orange,185,0.000000
FKIT,S+X2_M1_r0,orange,186,0.000000
FKIT,S+X2_M1_r0,orange,187,0.000000
FKIT,S+X2_M1_r0,orange,188,0.000000
FKIT,S+X2_M1_r0,orange,189,0.000000
FKIT,S+X2_M1_r0,orange,190,0.000000
FKIT,S+X2_M1_r0,orange,191,0.000000
FKIT,S+X2_M1_r0,orange,192,0.000000
FKIT,S+X2_M1_r0,orange,193,0.000000
FKIT,S+X2_M1_r0,orange,194,0.000000
FKIT,S+X2_M1_r0,orange,195,0.000000
FKIT,S+X2_M1_r0,orange,196,0.000000
FKIT,S+X2_M1_r0,orange,197,0.000000
FKIT,S+X2_M1_r0,orange,198,0.000000
FKIT,S+X2_M1_r0,orange,199,0.000000
FKIT,S+X2_M1_r0,orange,200,0.000000
FKIT,S+X2_M1_r0,orange,201,0.000000
FKIT,S+X2_M1_r0,orange,202,0.000000
FKIT,S+X2_M1_r0,orange,203,0.000000
FKIT,S+X2_M1_r0,orange,204,0.000000
FKIT,S+X2_M1_r0,orange,205,0.000000
FKIT,S+X2_M1_r0,orange,206,0.000000
FKIT,S+X2_M1_r0,orange,207,0.000000
FKIT,S+X2_M1_r0,orange,208,0.000000
FKIT,S+X2_M1_r0,orange,209,0.000000
FKIT,S+X2_M1_r0,orange,210,0.000000
FKIT,S+X2_M1_r0,orange,211,0.000000
FKIT,S+X2_M1_r0,orange,212,0.000000
FKIT,S+X2_M1_r0,orange,213,0.000000
FKIT,S+X2_M1_r0,orange,214,0.000000
FKIT,S+X2_M1_r0,orange,215,0.000000
FKIT,S+X2_M1_r0,orange,216,0.000000
FKIT,S+X2_M1_r0,orange,217,0.000000
FKIT,S+X2_M1_r0,orange,218,0.000000
FKIT,S+X2_M1_r0,orange,219,0.000000
FKIT,S+X2_M1_r0,orange,220,0.000000
FKIT,S+X2_M1_r0,orange,221,0.000000
FKIT,S+X2_M1_r0,orange,222,0.000000
FKIT,S+X2_M1_r0,orange,223,0.000000
FKIT,S+X2_M1_r0,orange,224,0.000000
FKIT,S+X2_M1_r0,orange,225,0.000000
FKIT,S+X2_M1_r0,orange,226,0.000000
FKIT,S+X2_M1_r0,orange,227,0.000000
FKIT,S+X2_M1_r0,orange,228,0.000000
FKIT,S+X2_M1_r0,orange,229,0.000000
FKIT,S+X2_M1_r0,orange,230,0.000000
FKIT,S+X2_M1_r0,orange,231,0.000000
FKIT,S+X2_M1_r0,orange,232,0.000000
FKIT,S+X2_M1_r0,orange,233,0.000000
FKIT,S+X2_M1_r0,orange,234,0.000000
FKIT,S+X2_M1_r0,orange,235,0.000000
FKIT,S+X2_M1_r0,orange,236,0.000000
FKIT,S+X2_M1_r0,orange,237,0.000000
FKIT,S+X2_M1_r0,orange,238,0.000000
FKIT,S+X2_M1_r0,orange,239,0.000000
FKIT,S+X2_M1_r0,orange,240,0.000000
FKIT,S+X2_M1_r0,orange,241,0.000000
FKIT,S+X2_M1_r0,orange,242,0.000000
FKIT,S+X2_M1_r0,orange,243,0.000000
FKIT,S+X2_M1_r0,orange,244,0.000000
FKIT,S+X2_M1_r0,orange,245,0.000000
FKIT,S+X2_M1_r0,orange,246,0.000000
FKIT,S+X2_M1_r0,orange,247,0.000000
FKIT,S+X2_M1_r0,orange,248,0.000000
FKIT,S+X2_M1_r0,orange,249,0.000000
FKIT,S+X2_M1_r0,orange,250,0.000000
FKIT,S+X2_M1_r0,orange,251,0.000000
FKIT,S+X2_M1_r0,orange,252,0.000000
FKIT,S+X2_M1_r0,orange,253,0.000000
FKIT,S+X2_M1_r0,orange,254,0.000000
FKIT,S+X2_M1_r0,orange,255,0.000000
FKIT,S+X2_M1_r0,orange,256,0.000000
FKIT,S+X2_M1_r0,orange,257,0.000000
FKIT,S+X2_M1_r0,orange,258,0.000000
FKIT,S+X2_M1_r0,orange,259,0.000000
FKIT,S+X2_M1_r0,orange,260,0.000000
FKIT,S+X2_M1_r0,orange,261,0.000000
FKIT,S+X2_M1_r0,orange,262,0.000000
FKIT,S+X2_M1_r0,orange,263,0.000000
FKIT,S+X2_M1_r0,orange,264,0.000000
FKIT,S+X2_M1_r0,orange,265,0.000000
FKIT,S+X2_M1_r0,orange,266,0.000000
FKIT,S+X2_M1_r0,orange,267,0.000000
FKIT,S+X2_M1_r0,orange,268,0.000000
FKIT,S+X2_M1_r0,orange,269,0.000000
FKIT,S+X2_M1_r0,orange,270,0.000000
FKIT,S+X2_M1_r0,orange,271,0.000000
FKIT,S+X2_M1_r0,orange,272,0.000000
FKIT,S+X2_M1_r0,orange,273,0.000000
FKIT,S+X2_M1_r0,orange,274,0.000000
FKIT,S+X2_M1_r0,orange,275,0.000000
FKIT,S+X2_M1_r0,orange,276,0.000000
FKIT,S+X2_M1_r0,orange,277,0.000000
FKIT,S+X2_M1_r0,orange,278,0.000000
FKIT,S+X2_M1_r0,orange,279,0.000000
FKIT,S+X2_M1_r0,orange,280,0.000000
FKIT,S+X2_M1_r0,orange,281,0.000000
FKIT,S+X2_M1_r0,orange,282,0.000000
FKIT,S+X2_M1_r0,orange,283,0.000000
FKIT,S+X2_M1_r0,orange,284,0.000000
FKIT,S+X2_M1_r0,orange,285,0.000000
FKIT,S+X2_M1_r0,orange,286,0.000000
FKIT,S+X2_M1_r0,orange,287,0.000000
FKIT,S+X2_M1_r0,orange,288,0.000000
FKIT,S+X2_M1_r0,orange,289,0.000000
FKIT,S+X2_M1_r0,orange,290,0.000000
FKIT,S+X2_M1_r0,orange,291,0.000000
FKIT,S+X2_M1_r0,orange,292,0.000000
FKIT,S+X2_M1_r0,orange,293,0.000000
FKIT,S+X2_M1_r0,orange,294,0.000000
FKIT,S+X2_M1_r0,orange,295,0.000000
FKIT,S+X2_M1_r0,orange,296,0.000000
FKIT,S+X2_M1_r0,orange,297,0.000000
FKIT,S+X2_M1_r0,orange,298,0.000000
FKIT,S+X2_M1_r0,orange,299,0.000000
FKIT,S+X2_M1_r0,orange,300,0.000000
FKIT,S+X2_M1_r0,orange,301,0.000000
FKIT,S+X2_M1_r0,orange,302,0.000000
FKIT,S+X2_M1_r0,orange,303,0.000000
FKIT,S+X2_M1_r0,orange,304,0.000000
FKIT,S+X2_M1_r0,orange,305,0.000000
FKIT,S+X2_M1_r0,orange,306,0.000000
FKIT,S+X2_M1_r0,orange,307,0.000000
FKIT,S+X2_M1_r0,orange,308,0.000000
FKIT,S+X2_M1_r0,orange,309,0.000000
FKIT,S+X2_M1_r0,orange,310,0.000000
FKIT,S+X2_M1_r0,orange,311,0.000000
FKIT,S+X2_M1_r0,orange,312,0.000000
FKIT,S+X2_M1_r0,orange,313,0.000000
FKIT,S+X2_M1_r0,orange,314,0.000000
FKIT,S+X2_M1_r0,orange,315,0.000000
FKIT,S+X2_M1_r0,orange,316,0.000000
FKIT,S+X2_M1_r0,orange,317,0.000000
FKIT,S+X2_M1_r0,orange,318,0.000000
FKIT,S+X2_M1_r0,orange,319,0.000000
FKIT,S+X2_M1_r0,orange,320,0.000000
FKIT,S+X2_M1_r0,orange,321,0.000000
FKIT,S+X2_M1_r0,orange,322,0.000000
FKIT,S+X2_M1_r0,orange,323,0.000000
FKIT,S+X2_M1_r0,orange,324,0.000000
FKIT,S+X2_M1_r0,orange,325,0.000000
FKIT,S+X2_M1_r0,orange,326,0.000000
FKIT,S+X2_M1_r0,orange,327,0.000000
FKIT,S+X2_M1_r0,orange,328,0.000000
FKIT,S+X2_M1_r0,orange,329,0.000000
FKIT,S+X2_M1_r0,orange,330,0.000000
FKIT,S+X2_M1_r0,orange,331,0.000000
FKIT,S+X2_M1_r0,orange,332,0.000000
FKIT,S+X2_M1_r0,orange,333,0.000000
FKIT,S+X2_M1_r0,orange,334,0.000000
FKIT,S+X2_M1_r0,orange,335,0.000000
FKIT,S+X2_M1_r0,orange,336,0.000000
FKIT,S+X2_M1_r0,orange,337,0.000000
FKIT,S+X2_M1_r0,orange,338,0.000000
FKIT,S+X2_M1_r0,orange,339,0.000000
FKIT,S+X2_M1_r0,orange,340,0.000000
FKIT,S+X2_M1_r0,orange,341,0.000000
FKIT,S+X2_M1_r0,orange,342,0.000000
FKIT,S+X2_M1_r0,orange,343,0.000000
FKIT,S+X2_M1_r0,orange,344,0.000000
FKIT,S+X2_M1_r0,orange,345,0.000000
FKIT,S+X2_M1_r0,orange,346,0.000000
FKIT,S+X2_M1_r0,orange,347,0.000000
FKIT,S+X2_M1_r0,orange,348,0.000000
FKIT,S+X2_M1_r0,orange,349,0.000000
FKIT,S+X2_M1_r0,orange,350,0.000000
FKIT,S+X2_M1_r0,orange,351,0.000000
FKIT,S+X2_M1_r0,orange,352,0.000000
FKIT,S+X2_M1_r0,orange,353,0.000000
FKIT,S+X2_M1_r0,orange,354,0.000000
FKIT,S+X2_M1_r0,orange,355,0.000000
FKIT,S+X2_M1_r0,orange,356,0.000000
FKIT,S+X2_M1_r0,orange,357,0.000000
FKIT,S+X2_M1_r0,orange,358,0.000000
FKIT,S+X2_M1_r0,orange,359,0.000000
FKIT,S+X2_M1_r0,orange,360,0.000000
FKIT,S+X2_M1_r0,orange,361,0.000000
FKIT,S+X2_M1_r0,orange,362,0.000000
FKIT,S+X2_M1_r0,orange,363,0.000000
FKIT,S+X2_M1_r0,orange,364,0.000000
FKIT,S+X2_M1_r0,orange,365,0.000000
FKIT,S+X2_M1_r0,orange,366,0.000000
FKIT,S+X2_M1_r0,orange,367,0.000000
FKIT,S+X2_M1_r0,orange,368,0.000000
FKIT,S+X2_M1_r0,orange,369,0.000000
FKIT,S+X2_M1_r0,orange,370,0.000000
FKIT,S+X2_M1_r0,orange,371,0.000000
FKIT,S+X2_M1_r0,orange,372,0.000000
FKIT,S+X2_M1_r0,orange,373,0.000000
FKIT,S+X2_M1_r0,orange,374,0.000000
FKIT,S+X2_M1_r0,orange,375,0.000000
FKIT,S+X2_M1_r0,orange,376,0.000000
FKIT,S+X2_M1_r0,orange,377,0.000000
FKIT,S+X2_M1_r0,orange,378,0.000000
FKIT,S+X2_M1_r0,orange,379,0.000000
FKIT,S+X2_M1_r0,orange,380,0.000000
FKIT,S+X2_M1_r0,orange,381,0.000000
FKIT,S+X2_M1_r0,orange,382,0.000000
FKIT,S+X2_M1_r0,orange,383,0.000000
FKIT,S+X2_M1_r0,orange,384,0.000000
FKIT,S+X2_M1_r0,orange,385,0.000000
FKIT,S+X2_M1_r0,orange,386,0.000000
FKIT,S+X2_M1_r0,orange,387,0.000000
FKIT,S+X2_M1_r0,orange,388,0.000000
FKIT,S+X2_M1_r0,orange,389,0.000000
FKIT,S+X2_M1_r0,orange,390,0.000000
FKIT,S+X2_M1_r0,orange,391,0.000000
FKIT,S+X2_M1_r0,orange,392,0.000000
FKIT,S+X2_M1_r0,orange,393,0.000000
FKIT,S+X2_M1_r0,orange,394,0.000000
FKIT,S+X2_M1_r0,orange,395,0.000000
FKIT,S+X2_M1_r0,orange,396,0.000000
FKIT,S+X2_M1_r0,orange,397,0.000000
FKIT,S+X2_M1_r0,orange,398,0.000000
FKIT,S+X2_M1_r0,orange,399,0.000000
FKIT,S+X2_M1_r0,orange,400,0.000000
FKIT,S+X2_M1_r0,orange,401,0.000000
FKIT,S+X2_M1_r0,orange,402,0.000000
FKIT,S+X2_M1_r0,orange,403,0.000000
FKIT,S+X2_M1_r0,orange,404,0.000000
FKIT,S+X2_M1_r0,orange,405,0.000000
FKIT,S+X2_M1_r0,orange,406,0.000000
FKIT,S+X2_M1_r0,orange,407,0.000000
FKIT,S+X2_M1_r0,orange,408,0.000000
FKIT,S+X2_M1_r0,orange,409,0.000000
FKIT,S+X2_M1_r0,orange,410,0.000000
FKIT,S+X2_M1_r0,orange,411,0.000000
FKIT,S+X2_M1_r0,orange,412,0.000000
FKIT,S+X2_M1_r0,orange,413,0.000000
FKIT,S+X2_M1_r0,orange,414,0.000000
FKIT,S+X2_M1_r0,orange,415,0.000000
FKIT,S+X2_M1_r0,orange,416,0.000000
FKIT,S+X2_M1_r0,orange,417,0.000000
FKIT,S+X2_M1_r0,orange,418,0.000000
FKIT,S+X2_M1_r0,orange,419,0.000000
FKIT,S+X2_M1_r0,orange,420,0.000000
FKIT,S+X2_M1_r0,orange,421,0.000000
FKIT,S+X2_M1_r0,orange,422,0.000000
FKIT,S+X2_M1_r0,orange,423,0.000000
FKIT,S+X2_M1_r0,orange,424,0.000000
FKIT,S+X2_M1_r0,orange,425,0.000000
FKIT,S+X2_M1_r0,orange,426,0.000000
FKIT,S+X2_M1_r0,orange,427,0.000000
FKIT,S+X2_M1_r0,orange,428,0.000000
FKIT,S+X2_M1_r0,orange,429,0.000000
FKIT,S+X2_M1_r0,orange,430,0.000000
FKIT,S+X2_M1_r0,orange,431,0.000000
FKIT,S+X2_M1_r0,orange,432,0.000000
FKIT,S+X2_M1_r0,orange,433,0.000000
FKIT,S+X2_M1_r0,orange,434,0.000000
FKIT,S+X2_M1_r0,orange,435,0.000000
FKIT,S+X2_M1_r0,orange,436,0.000000
FKIT,S+X2_M1_r0,orange,437,0.000000
FKIT,S+X2_M1_r0,orange,438,0.000000
FKIT,S+X2_M1_r0,orange,439,0.000000
FKIT,S+X2_M1_r0,orange,440,0.000000
FKIT,S+X2_M1_r0,orange,441,0.000000
FKIT,S+X2_M1_r0,orange,442,0.000000
FKIT,S+X2_M1_r0,orange,443,0.000000
FKIT,S+X2_M1_r0,orange,444,0.000000
FKIT,S+X2_M1_r0,orange,445,0.000000
FKIT,S+X2_M1_r0,orange,446,0.000000
FKIT,S+X2_M1_r0,orange,447,0.000000
FKIT,S+X2_M1_r0,orange,448,0.000000
FKIT,S+X2_M1_r0,orange,449,0.000000
FKIT,S+X2_M1_r0,orange,450,0.000000
FKIT,S+X2_M1_r0,orange,451,0.000000
FKIT,S+X2_M1_r0,orange,452,0.000000
FKIT,S+X2_M1_r0,orange,453,0.000000
FKIT,S+X2_M1_r0,orange,454,0.000000
FKIT,S+X2_M1_r0,orange,455,0.000000
FKIT,S+X2_M1_r0,orange,456,0.000000
FKIT,S+X2_M1_r0,orange,457,0.000000
FKIT,S+X2_M1_r0,orange,458,0.000000
FKIT,S+X2_M1_r0,orange,459,0.000000
FKIT,S+X2_M1_r0,orange,460,0.000000
FKIT,S+X2_M1_r0,orange,461,0.000000
FKIT,S+X2_M1_r0,orange,462,0.000000
FKIT,S+X2_M1_r0,orange,463,0.000000
FKIT,S+X2_M1_r0,orange,464,0.000000
FKIT,S+X2_M1_r0,orange,465,0.000000
FKIT,S+X2_M1_r0,orange,466,0.000000
FKIT,S+X2_M1_r0,orange,467,0.000000
FKIT,S+X2_M1_r0,orange,468,0.000000
FKIT,S+X2_M1_r0,orange,469,0.000000
FKIT,S+X2_M1_r0,orange,470,0.000000
FKIT,S+X2_M1_r0,orange,471,0.000000
FKIT,S+X2_M1_r0,orange,472,0.000000
FKIT,S+X2_M1_r0,orange,473,0.000000
FKIT,S+X2_M1_r0,orange,474,0.000000
FKIT,S+X2_M1_r0,orange,475,0.000000
FKIT,S+X2_M1_r0,orange,476,0.000000
FKIT,S+X2_M1_r0,orange,477,0.000000
FKIT,S+X2_M1_r0,orange,478,0.000000
FKIT,S+X2_M1_r0,orange,479,0.000000
FKIT,S+X2_M1_r0,orange,480,0.000000
FKIT,S+X2_M1_r0,orange,481,0.000000
FKIT,S+X2_M1_r0,orange,482,0.000000
FKIT,S+X2_M1_r0,orange,483,0.000000
FKIT,S+X2_M1_r0,orange,484,0.000000
FKIT,S+X2_M1_r0,orange,485,0.000000
FKIT,S+X2_M1_r0,orange,486,0.000000
FKIT,S+X2_M1_r0,orange,487,0.000000
FKIT,S+X2_M1_r0,orange,488,0.000000
FKIT,S+X2_M1_r0,orange,489,0.000000
FKIT,S+X2_M1_r0,orange,490,0.000000
FKIT,S+X2_M1_r0,orange,491,0.000000
FKIT,S+X2_M1_r0,orange,492,0.000000
FKIT,S+X2_M1_r0,orange,493,0.000000
FKIT,S+X2_M1_r0,orange,494,0.000000
FKIT,S+X2_M1_r0,orange,495,0.000000
FKIT,S+X2_M1_r0,orange,496,0.000000
FKIT,S+X2_M1_r0,orange,497,0.000000
FKIT,S+X2_M1_r0,orange,498,0.000000
FKIT,S+X2_M1_r0,orange,499,0.000000
FKIT,S+X2_M1_r0,orange,500,0.000000
FKIT,S+X2_M1_r0,orange,501,0.000000
FKIT,S+X2_M1_r0,orange,502,0.000000
FKIT,S+X2_M1_r0,orange,503,0.000000
FKIT,S+X2_M1_r0,orange,504,0.000000
FKIT,S+X2_M1_r0,orange,505,0.000000
FKIT,S+X2_M1_r0,orange,506,0.000000
FKIT,S+X2_M1_r0,orange,507,0.000000
FKIT,S+X2_M1_r0,orange,508,0.000000
FKIT,S+X2_M1_r0,orange,509,0.000000
FKIT,S+X2_M1_r0,orange,510,0.000000
FKIT,S+X2_M1_r0,orange,511,0.000000
FKIT,S+X2_M1_r0,orange,512,0.000000
FKIT,S+X2_M1_r0,orange,513,0.000000
FKIT,S+X2_M1_r0,orange,514,0.000000
FKIT,S+X2_M1_r0,orange,515,0.000000
FKIT,S+X2_M1_r0,orange,516,0.000000
FKIT,S+X2_M1_r0,orange,517,0.000000
FKIT,S+X2_M1_r0,orange,518,0.000000
FKIT,S+X2_M1_r0,orange,519,0.000000
FKIT,S+X2_M1_r0,orange,520,0.000000
FKIT,S+X2_M1_r0,orange,521,0.000000
FKIT,S+X2_M1_r0,orange,522,0.000000
FKIT,S+X2_M1_r0,orange,523,0.000000
FKIT,S+X2_M1_r0,orange,524,0.000000
FKIT,S+X2_M1_r0,orange,525,0.000000
FKIT,S+X2_M1_r0,orange,526,0.000000
FKIT,S+X2_M1_r0,orange,527,0.000000
FKIT,S+X2_M1_r0,orange,528,0.000000
FKIT,S+X2_M1_r0,orange,529,0.000000
FKIT,S+X2_M1_r0,orange,530,0.000000
FKIT,S+X2_M1_r0,orange,531,0.000000
FKIT,S+X2_M1_r0,orange,532,0.000000
FKIT,S+X2_M1_r0,orange,533,0.000000
FKIT,S+X2_M1_r0,orange,534,0.000000
FKIT,S+X2_M1_r0,orange,535,0.000000
FKIT,S+X2_M1_r0,orange,536,0.000000
FKIT,S+X2_M1_r0,orange,537,0.000000
FKIT,S+X2_M1_r0,orange,538,0.000000
FKIT,S+X2_M1_r0,orange,539,0.000000
FKIT,S+X2_M1_r0,orange,540,0.000000
FKIT,S+X2_M1_r0,orange,541,0.000000
FKIT,S+X2_M1_r0,orange,542,0.000000
FKIT,S+X2_M1_r0,orange,543,0.000000
FKIT,S+X2_M1_r0,orange,544,0.000000
FKIT,S+X2_M1_r0,orange,545,0.000000
FKIT,S+X2_M1_r0,orange,546,0.000000
FKIT,S+X2_M1_r0,orange,547,0.000000
FKIT,S+X2_M1_r0,orange,548,0.000000
FKIT,S+X2_M1_r0,orange,549,0.000000
FKIT,S+X2_M1_r0,orange,550,0.000000
FKIT,S+X2_M1_r0,orange,551,0.000000
FKIT,S+X2_M1_r0,orange,552,0.000000
FKIT,S+X2_M1_r0,orange,553,0.000000
FKIT,S+X2_M1_r0,orange,554,0.000000
FKIT,S+X2_M1_r0,orange,555,0.000000
FKIT,S+X2_M1_r0,orange,556,0.000000
FKIT,S+X2_M1_r0,orange,557,0.000000
FKIT,S+X2_M1_r0,orange,558,0.000000
FKIT,S+X2_M1_r0,orange,559,0.000000
FKIT,S+X2_M1_r0,orange,560,0.000000
FKIT,S+X2_M1_r0,orange,561,0.000000
FKIT,S+X2_M1_r0,orange,562,0.000000
FKIT,S+X2_M1_r0,orange,563,0.000000
FKIT,S+X2_M1_r0,orange,564,0.000000
FKIT,S+X2_M1_r0,orange,565,0.000000
FKIT,S+X2_M1_r0,orange,566,0.000000
FKIT,S+X2_M1_r0,orange,567,0.000000
FKIT,S+X2_M1_r0,orange,568,0.000000
FKIT,S+X2_M1_r0,orange,569,0.000000
FKIT,S+X2_M1_r0,orange,570,0.000000
FKIT,S+X2_M1_r0,orange,571,0.000000
FKIT,S+X2_M1_r0,orange,572,0.000000
FKIT,S+X2_M1_r0,orange,573,0.000000
FKIT,S+X2_M1_r0,orange,574,0.000000
FKIT,S+X2_M1_r0,orange,575,0.000000
FKIT,S+X2_M1_r0,orange,576,0.000000
FKIT,S+X2_M1_r0,orange,577,0.000000
FKIT,S+X2_M1_r0,orange,578,0.000000
FKIT,S+X2_M1_r0,orange,579,0.000000
FKIT,S+X2_M1_r0,orange,580,0.000000
FKIT,S+X2_M1_r0,orange,581,0.000000
FKIT,S+X2_M1_r0,orange,582,0.000000
FKIT,S+X2_M1_r0,orange,583,0.000000
FKIT,S+X2_M1_r0,orange,584,0.000000
FKIT,S+X2_M1_r0,orange,585,0.000000
FKIT,S+X2_M1_r0,orange,586,0.000000
FKIT,S+X2_M1_r0,orange,587,0.000000
FKIT,S+X2_M1_r0,orange,588,0.000000
FKIT,S+X2_M1_r0,orange,589,0.000000
FKIT,S+X2_M1_r0,orange,590,0.000000
FKIT,S+X2_M1_r0,orange,591,0.000000
FKIT,S+X2_M1_r0,orange,592,0.000000
FKIT,S+X2_M1_r0,orange,593,0.000000
FKIT,S+X2_M1_r0,orange,594,0.000000
FKIT,S+X2_M1_r0,orange,595,0.000000
FKIT,S+X2_M1_r0,orange,596,0.000000
FKIT,S+X2_M1_r0,orange,597,0.000000
FKIT,S+X2_M1_r0,orange,598,0.000000
FKIT,S+X2_M1_r0,orange,599,0.000000
FKIT,S+X2_M1_r0,orange,600,0.000000
FKIT,S+X2_M1_r0,orange,601,0.000000
FKIT,S+X2_M1_r0,orange,602,0.000000
FKIT,S+X2_M1_r0,orange,603,0.000000
FKIT,S+X2_M1_r0,orange,604,0.000000
FKIT,S+X2_M1_r0,orange,605,0.000000
FKIT,S+X2_M1_r0,orange,606,0.000000
FKIT,S+X2_M1_r0,orange,607,0.000000
FKIT,S+X2_M1_r0,orange,608,0.000000
FKIT,S+X2_M1_r0,orange,609,0.000000
FKIT,S+X2_M1_r0,orange,610,0.000000
FKIT,S+X2_M1_r0,orange,611,0.000000
FKIT,S+X2_M1_r0,orange,612,0.000000
FKIT,S+X2_M1_r0,orange,613,0.000000
FKIT,S+X2_M1_r0,orange,614,0.000000
FKIT,S+X2_M1_r0,orange,615,0.000000
FKIT,S+X2_M1_r0,orange,616,0.000000
FKIT,S+X2_M1_r0,orange,617,0.000000
FKIT,S+X2_M1_r0,orange,618,0.000000
FKIT,S+X2_M1_r0,orange,619,0.000000
FKIT,S+X2_M1_r0,orange,620,0.000000
FKIT,S+X2_M1_r0,orange,621,0.000000
FKIT,S+X2_M1_r0,orange,622,0.000000
FKIT,S+X2_M1_r0,orange,623,0.000000
FKIT,S+X2_M1_r0,orange,624,0.000000
FKIT,S+X2_M1_r0,orange,625,0.000000
FKIT,S+X2_M1_r0,orange,626,0.000000
FKIT,S+X2_M1_r0,orange,627,0.000000
FKIT,S+X2_M1_r0,orange,628,0.000000
FKIT,S+X2_M1_r0,orange,629,0.000000
FKIT,S+X2_M1_r0,orange,630,0.000000
FKIT,S+X2_M1_r0,orange,631,0.000000
FKIT,S+X2_M1_r0,orange,632,0.000000
FKIT,S+X2_M1_r0,orange,633,0.000000
FKIT,S+X2_M1_r0,orange,634,0.000000
FKIT,S+X2_M1_r0,orange,635,0.000000
FKIT,S+X2_M1_r0,orange,636,0.000000
FKIT,S+X2_M1_r0,orange,637,0.000000
FKIT,S+X2_M1_r0,orange,638,0.000000
FKIT,S+X2_M1_r0,orange,639,0.000000
FKIT,S+X2_M1_r0,orange,640,0.000000
FKIT,S+X2_M1_r0,orange,641,0.000000
FKIT,S+X2_M1_r0,orange,642,0.000000
FKIT,S+X2_M1_r0,orange,643,0.000000
FKIT,S+X2_M1_r0,orange,644,0.000000
FKIT,S+X2_M1_r0,orange,645,0.000000
FKIT,S+X2_M1_r0,orange,646,0.000000
FKIT,S+X2_M1_r0,orange,647,0.000000
FKIT,S+X2_M1_r0,orange,648,0.000000
FKIT,S+X2_M1_r0,orange,649,0.000000
FKIT,S+X2_M1_r0,orange,650,0.000000
FKIT,S+X2_M1_r0,orange,651,0.000000
FKIT,S+X2_M1_r0,orange,652,0.000000
FKIT,S+X2_M1_r0,orange,653,0.000000
FKIT,S+X2_M1_r0,orange,654,0.000000
FKIT,S+X2_M1_r0,orange,655,0.000000
FKIT,S+X2_M1_r0,orange,656,0.000000
FKIT,S+X2_M1_r0,orange,657,0.000000
FKIT,S+X2_M1_r0,orange,658,0.000000
FKIT,S+X2_M1_r0,orange,659,0.000000
FKIT,S+X2_M1_r0,orange,660,0.000000
FKIT,S+X2_M1_r0,orange,661,0.000000
FKIT,S+X2_M1_r0,orange,662,0.000000
FKIT,S+X2_M1_r0,orange,663,0.000000
FKIT,S+X2_M1_r0,orange,664,0.000000
FKIT,S+X2_M1_r0,orange,665,0.000000
FKIT,S+X2_M1_r0,orange,666,0.000000
FKIT,S+X2_M1_r0,orange,667,0.000000
FKIT,S+X2_M1_r0,orange,668,0.000000
FKIT,S+X2_M1_r0,orange,669,0.000000
FKIT,S+X2_M1_r0,orange,670,0.000000
FKIT,S+X2_M1_r0,orange,671,0.000000
FKIT,S+X2_M1_r0,orange,672,0.000000
FKIT,S+X2_M1_r0,orange,673,0.000000
FKIT,S+X2_M1_r0,orange,674,0.000000
FKIT,S+X2_M1_r0,orange,675,0.000000
FKIT,S+X2_M1_r0,orange,676,0.000000
FKIT,S+X2_M1_r0,orange,677,0.000000
FKIT,S+X2_M1_r0,orange,678,0.000000
FKIT,S+X2_M1_r0,orange,679,0.000000
FKIT,S+X2_M1_r0,orange,680,0.000000
FKIT,S+X2_M1_r0,orange,681,0.000000
FKIT,S+X2_M1_r0,orange,682,0.000000
FKIT,S+X2_M1_r0,orange,683,0.000000
FKIT,S+X2_M1_r0,orange,684,0.000000
FKIT,S+X2_M1_r0,orange,685,0.000000
FKIT,S+X2_M1_r0,orange,686,0.000000
FKIT,S+X2_M1_r0,orange,687,0.000000
FKIT,S+X2_M1_r0,orange,688,0.000000
FKIT,S+X2_M1_r0,orange,689,0.000000
FKIT,S+X2_M1_r0,orange,690,0.000000
FKIT,S+X2_M1_r0,orange,691,0.000000
FKIT,S+X2_M1_r0,orange,692,0.000000
FKIT,S+X2_M1_r0,orange,693,0.000000
FKIT,S+X2_M1_r0,orange,694,0.000000
FKIT,S+X2_M1_r0,orange,695,0.000000
FKIT,S+X2_M1_r0,orange,696,0.000000
FKIT,S+X2_M1_r0,orange,697,0.000000
FKIT,S+X2_M1_r0,orange,698,0.000000
FKIT,S+X2_M1_r0,orange,699,0.000000
FKIT,S+X2_M1_r0,orange,700,0.000000
FKIT,S+X2_M1_r0,orange,701,0.000000
FKIT,S+X2_M1_r0,orange,702,0.000000
FKIT,S+X2_M1_r0,orange,703,0.000000
FKIT,S+X2_M1_r0,orange,704,0.000000
FKIT,S+X2_M1_r0,orange,705,0.000000
FKIT,S+X2_M1_r0,orange,706,0.000000
FKIT,S+X2_M1_r0,orange,707,0.000000
FKIT,S+X2_M1_r0,orange,708,0.000000
FKIT,S+X2_M1_r0,orange,709,0.000000
FKIT,S+X2_M1_r0,orange,710,0.000000
FKIT,S+X2_M1_r0,orange,711,0.000000
FKIT,S+X2_M1_r0,orange,712,0.000000
FKIT,S+X2_M1_r0,orange,713,0.000000
FKIT,S+X2_M1_r0,orange,714,0.000000
FKIT,S+X2_M1_r0,orange,715,0.000000
FKIT,S+X2_M1_r0,orange,716,0.000000
FKIT,S+X2_M1_r0,orange,717,0.000000
FKIT,S+X2_M1_r0,orange,718,0.000000
FKIT,S+X2_M1_r0,orange,719,0.000000
FKIT,S+X2_M1_r0,orange,720,0.000000
FKIT,S+X2_M1_r0,orange,721,0.000000
FKIT,S+X2_M1_r0,orange,722,0.000000
FKIT,S+X2_M1_r0,orange,723,0.000000
FKIT,S+X2_M1_r0,orange,724,0.000000
FKIT,S+X2_M1_r0,orange,725,0.000000
FKIT,S+X2_M1_r0,orange,726,0.000000
FKIT,S+X2_M1_r0,orange,727,0.000000
FKIT,S+X2_M1_r0,orange,728,0.000000
FKIT,S+X2_M1_r0,orange,729,0.000000
FKIT,S+X2_M1_r0,orange,730,0.000000
FKIT,S+X2_M1_r0,orange,731,0.000000
FKIT,S+X2_M1_r0,orange,732,0.000000
FKIT,S+X2_M1_r0,orange,733,0.000000
FKIT,S+X2_M1_r0,orange,734,0.000000
FKIT,S+X2_M1_r0,orange,735,0.000000
FKIT,S+X2_M1_r0,orange,736,0.000000
FKIT,S+X2_M1_r0,orange,737,0.000000
FKIT,S+X2_M1_r0,orange,738,0.000000
FKIT,S+X2_M1_r0,orange,739,0.000000
FKIT,S+X2_M1_r0,orange,740,0.000000
FKIT,S+X2_M1_r0,orange,741,0.000000
FKIT,S+X2_M1_r0,orange,742,0.000000
FKIT,S+X2_M1_r0,orange,743,0.000000
FKIT,S+X2_M1_r0,orange,744,0.000000
FKIT,S+X2_M1_r0,orange,745,0.000000
FKIT,S+X2_M1_r0,orange,746,0.000000
FKIT,S+X2_M1_r0,orange,747,0.000000
FKIT,S+X2_M1_r0,orange,748,0.000000
FKIT,S+X2_M1_r0,orange,749,0.000000
FKIT,S+X2_M1_r0,orange,750,0.000000
FKIT,S+X2_M1_r0,orange,751,0.000000
FKIT,S+X2_M1_r0,orange,752,0.000000
FKIT,S+X2_M1_r0,orange,753,0.000000
FKIT,S+X2_M1_r0,orange,754,0.000000
FKIT,S+X2_M1_r0,orange,755,0.000000
FKIT,S+X2_M1_r0,orange,756,0.000000
FKIT,S+X2_M1_r0,orange,757,0.000000
FKIT,S+X2_M1_r0,orange,758,0.000000
FKIT,S+X2_M1_r0,orange,759,0.000000
FKIT,S+X2_M1_r0,orange,760,0.000000
FKIT,S+X2_M1_r0,orange,761,0.000000
FKIT,S+X2_M1_r0,orange,762,0.000000
FKIT,S+X2_M1_r0,orange,763,0.000000
FKIT,S+X2_M1_r0,orange,764,0.000000
FKIT,S+X2_M1_r0,orange,765,0.000000
FKIT,S+X2_M1_r0,orange,766,0.000000
FKIT,S+X2_M1_r0,orange,767,0.000000
FKIT,S+X2_M1_r0,orange,768,0.000000
FKIT,S+X2_M1_r0,orange,769,0.000000
FKIT,S+X2_M1_r0,orange,770,0.000000
FKIT,S+X2_M1_r0,orange,771,0.000000
FKIT,S+X2_M1_r0,orange,772,0.000000
FKIT,S+X2_M1_r0,orange,773,0.000000
FKIT,S+X2_M1_r0,orange,774,0.000000
FKIT,S+X2_M1_r0,orange,775,0.000000
FKIT,S+X2_M1_r0,orange,776,0.000000
FKIT,S+X2_M1_r0,orange,777,0.000000
FKIT,S+X2_M1_r0,orange,778,0.000000
FKIT,S+X2_M1_r0,orange,779,0.000000
FKIT,S+X2_M1_r0,orange,780,0.000000
FKIT,S+X2_M1_r0,orange,781,0.000000
FKIT,S+X2_M1_r0,orange,782,0.000000
FKIT,S+X2_M1_r0,orange,783,0.000000
FKIT,S+X2_M1_r0,orange,784,0.000000
FKIT,S+X2_M1_r0,orange,785,0.000000
FKIT,S+X2_M1_r0,orange,786,0.000000
FKIT,S+X2_M1_r0,orange,787,0.000000
FKIT,S+X2_M1_r0,orange,788,0.000000
FKIT,S+X2_M1_r0,orange,789,0.000000
FKIT,S+X2_M1_r0,orange,790,0.000000
FKIT,S+X2_M1_r0,orange,791,0.000000
FKIT,S+X2_M1_r0,orange,792,0.000000
FKIT,S+X2_M1_r0,orange,793,0.000000
FKIT,S+X2_M1_r0,orange,794,0.000000
FKIT,S+X2_M1_r0,orange,795,0.000000
FKIT,S+X2_M1_r0,orange,796,0.000000
FKIT,S+X2_M1_r0,orange,797,0.000000
FKIT,S+X2_M1_r0,orange,798,0.000000
FKIT,S+X2_M1_r0,orange,799,0.000000
FKIT,S+X2_M1_r0,orange,800,0.000000
FKIT,S+X2_M1_r0,orange,801,0.000000
FKIT,S+X2_M1_r0,orange,802,0.000000
FKIT,S+X2_M1_r0,orange,803,0.000000
FKIT,S+X2_M1_r0,orange,804,0.000000
FKIT,S+X2_M1_r0,orange,805,0.000000
FKIT,S+X2_M1_r0,orange,806,0.000000
FKIT,S+X2_M1_r0,orange,807,0.000000
FKIT,S+X2_M1_r0,orange,808,0.000000
FKIT,S+X2_M1_r0,orange,809,0.000000
FKIT,S+X2_M1_r0,orange,810,0.000000
FKIT,S+X2_M1_r0,orange,811,0.000000
FKIT,S+X2_M1_r0,orange,812,0.000000
FKIT,S+X2_M1_r0,orange,813,0.000000
FKIT,S+X2_M1_r0,orange,814,0.000000
FKIT,S+X2_M1_r0,orange,815,0.000000
FKIT,S+X2_M1_r0,orange,816,0.000000
FKIT,S+X2_M1_r0,orange,817,0.000000
FKIT,S+X2_M1_r0,orange,818,0.000000
FKIT,S+X2_M1_r0,orange,819,0.000000
FKIT,S+X2_M1_r0,orange,820,0.000000
FKIT,S+X2_M1_r0,orange,821,0.000000
FKIT,S+X2_M1_r0,orange,822,0.000000
FKIT,S+X2_M1_r0,orange,823,0.000000
FKIT,S+X2_M1_r0,orange,824,0.000000
FKIT,S+X2_M1_r0,orange,825,0.000000
FKIT,S+X2_M1_r0,orange,826,0.000000
FKIT,S+X2_M1_r0,orange,827,0.000000
FKIT,S+X2_M1_r0,orange,828,0.000000
FKIT,S+X2_M1_r0,orange,829,0.000000
FKIT,S+X2_M1_r0,orange,830,0.000000
FKIT,S+X2_M1_r0,orange,831,0.000000
FKIT,S+X2_M1_r0,orange,832,0.000000
FKIT,S+X2_M1_r0,orange,833,0.000000
FKIT,S+X2_M1_r0,orange,834,0.000000
FKIT,S+X2_M1_r0,orange,835,0.000000
FKIT,S+X2_M1_r0,orange,836,0.000000
FKIT,S+X2_M1_r0,orange,837,0.000000
FKIT,S+X2_M1_r0,orange,838,0.000000
FKIT,S+X2_M1_r0,orange,839,0.000000
FKIT,S+X2_M1_r0,orange,840,0.000000
FKIT,S+X2_M1_r0,orange,841,0.000000
FKIT,S+X2_M1_r0,orange,842,0.000000
FKIT,S+X2_M1_r0,orange,843,0.000000
FKIT,S+X2_M1_r0,orange,844,0.000000
FKIT,S+X2_M1_r0,orange,845,0.000000
FKIT,S+X2_M1_r0,orange,846,0.000000
FKIT,S+X2_M1_r0,orange,847,0.000000
FKIT,S+X2_M1_r0,orange,848,0.000000
FKIT,S+X2_M1_r0,orange,849,0.014762
FKIT,S+X2_M1_r0,orange,850,0.000000
FKIT,S+X2_M1_r0,orange,851,0.000000
FKIT,S+X2_M1_r0,orange,852,0.000000
FKIT,S+X2_M1_r0,orange,853,0.000000
FKIT,S+X2_M1_r0,orange,854,0.000000
FKIT,S+X2_M1_r0,orange,855,0.000000
FKIT,S+X2_M1_r0,orange,856,0.000000
FKIT,S+X2_M1_r0,orange,857,0.000000
FKIT,S+X2_M1_r0,orange,858,0.000000
FKIT,S+X2_M1_r0,orange,859,0.000000
FKIT,S+X2_M1_r0,orange,860,0.000000
FKIT,S+X2_M1_r0,orange,861,0.000000
FKIT,S+X2_M1_r0,orange,862,0.000000
FKIT,S+X2_M1_r0,orange,863,0.000000
FKIT,S+X2_M1_r0,orange,864,0.000000
FKIT,S+X2_M1_r0,orange,865,0.000000
FKIT,S+X2_M1_r0,orange,866,0.000000
FKIT,S+X2_M1_r0,orange,867,0.000000
FKIT,S+X2_M1_r0,orange,868,0.000000
FKIT,S+X2_M1_r0,orange,869,0.000000
FKIT,S+X2_M1_r0,orange,870,0.000000
FKIT,S+X2_M1_r0,orange,871,0.000000
FKIT,S+X2_M1_r0,orange,872,0.000000
FKIT,S+X2_M1_r0,orange,873,0.000000
FKIT,S+X2_M1_r0,orange,874,0.000000
FKIT,S+X2_M1_r0,orange,875,0.000000
FKIT,S+X2_M1_r0,orange,876,0.000000
FKIT,S+X2_M1_r0,orange,877,0.000000
FKIT,S+X2_M1_r0,orange,878,0.000000
FKIT,S+X2_M1_r0,orange,879,0.000000
FKIT,S+X2_M1_r0,orange,880,0.000000
FKIT,S+X2_M1_r0,orange,881,0.000000
FKIT,S+X2_M1_r0,orange,882,0.000000
FKIT,S+X2_M1_r0,orange,883,0.000000
FKIT,S+X2_M1_r0,orange,884,0.000000
FKIT,S+X2_M1_r0,orange,885,0.000000
FKIT,S+X2_M1_r0,orange,886,0.000000
FKIT,S+X2_M1_r0,orange,887,0.000000
FKIT,S+X2_M1_r0,orange,888,0.000000
FKIT,S+X2_M1_r0,orange,889,0.000000
FKIT,S+X2_M1_r0,orange,890,0.000000
FKIT,S+X2_M1_r0,orange,891,0.000000
FKIT,S+X2_M1_r0,orange,892,0.000000
FKIT,S+X2_M1_r0,orange,893,0.000000
FKIT,S+X2_M1_r0,orange,894,0.000000
FKIT,S+X2_M1_r0,orange,895,0.000000
FKIT,S+X2_M1_r0,orange,896,0.000000
FKIT,S+X2_M1_r0,orange,897,0.000000
FKIT,S+X2_M1_r0,orange,898,0.000000
FKIT,S+X2_M1_r0,orange,899,0.000000
FKIT,S+X2_M1_r0,orange,900,0.000000
FKIT,S+X2_M1_r0,orange,901,0.000000
FKIT,S+X2_M1_r0,orange,902,0.000000
FKIT,S+X2_M1_r0,orange,903,0.000000
FKIT,S+X2_M1_r0,orange,904,0.000000
FKIT,S+X2_M1_r0,orange,905,0.000000
FKIT,S+X2_M1_r0,orange,906,0.000000
FKIT,S+X2_M1_r0,orange,907,0.000000
FKIT,S+X2_M1_r0,orange,908,0.000000
FKIT,S+X2_M1_r0,orange,909,0.000000
FKIT,S+X2_M1_r0,orange,910,0.000000
FKIT,S+X2_M1_r0,orange,911,0.000000
FKIT,S+X2_M1_r0,orange,912,0.000000
FKIT,S+X2_M1_r0,orange,913,0.000000
FKIT,S+X2_M1_r0,orange,914,0.000000
FKIT,S+X2_M1_r0,orange,915,0.000000
FKIT,S+X2_M1_r0,orange,916,0.000000
FKIT,S+X2_M1_r0,orange,917,0.000000
FKIT,S+X2_M1_r0,orange,918,0.000000
FKIT,S+X2_M1_r0,orange,919,0.000000
FKIT,S+X2_M1_r0,orange,920,0.000000
FKIT,S+X2_M1_r0,orange,921,0.000000
FKIT,S+X2_M1_r0,orange,922,0.000000
FKIT,S+X2_M1_r0,orange,923,0.000000
FKIT,S+X2_M1_r0,orange,924,0.000000
FKIT,S+X2_M1_r0,orange,925,0.000000
FKIT,S+X2_M1_r0,orange,926,0.000000
FKIT,S+X2_M1_r0,orange,927,0.000000
FKIT,S+X2_M1_r0,orange,928,0.000000
FKIT,S+X2_M1_r0,orange,929,0.000000
FKIT,S+X2_M1_r0,orange,930,0.000000
FKIT,S+X2_M1_r0,orange,931,0.000000
FKIT,S+X2_M1_r0,orange,932,0.000000
FKIT,S+X2_M1_r0,orange,933,0.000000
FKIT,S+X2_M1_r0,orange,934,0.000000
FKIT,S+X2_M1_r0,orange,935,0.000000
FKIT,S+X2_M1_r0,orange,936,0.000000
FKIT,S+X2_M1_r0,orange,937,0.000000
FKIT,S+X2_M1_r0,orange,938,0.000000
FKIT,S+X2_M1_r0,orange,939,0.000000
FKIT,S+X2_M1_r0,orange,940,0.000000
FKIT,S+X2_M1_r0,orange,941,0.000000
FKIT,S+X2_M1_r0,orange,942,0.000000
FKIT,S+X2_M1_r0,orange,943,0.000000
FKIT,S+X2_M1_r0,orange,944,0.000000
FKIT,S+X2_M1_r0,orange,945,0.000000
FKIT,S+X2_M1_r0,orange,946,0.000000
FKIT,S+X2_M1_r0,orange,947,0.000000
FKIT,S+X2_M1_r0,orange,948,0.000000
FKIT,S+X2_M1_r0,orange,949,0.000000
FKIT,S+X2_M1_r0,orange,950,0.000000
FKIT,S+X2_M1_r0,orange,951,0.000000
FKIT,S+X2_M1_r0,orange,952,0.000000
FKIT,S+X2_M1_r0,orange,953,0.000000
FKIT,S+X2_M1_r0,orange,954,0.000000
FKIT,S+X2_M1_r0,orange,955,0.000000
FKIT,S+X2_M1_r0,orange,956,0.000000
FKIT,S+X2_M1_r0,orange,957,0.000000
FKIT,S+X2_M1_r0,orange,958,0.000000
FKIT,S+X2_M1_r0,orange,959,0.000000
FKIT,S+X2_M1_r0,orange,960,0.000000
FKIT,S+X2_M1_r0,orange,961,0.000000
FKIT,S+X2_M1_r0,orange,962,0.000000
FKIT,S+X2_M1_r0,orange,963,0.000000
FKIT,S+X2_M1_r0,orange,964,0.000000
FKIT,S+X2_M1_r0,orange,965,0.000000
FKIT,S+X2_M1_r0,orange,966,0.000000
FKIT,S+X2_M1_r0,orange,967,0.000000
FKIT,S+X2_M1_r0,orange,968,0.000000
FKIT,S+X2_M1_r0,orange,969,0.000000
FKIT,S+X2_M1_r0,orange,970,0.000000
FKIT,S+X2_M1_r0,orange,971,0.000000
FKIT,S+X2_M1_r0,orange,972,0.000000
FKIT,S+X2_M1_r0,orange,973,0.000000
FKIT,S+X2_M1_r0,orange,974,0.000000
FKIT,S+X2_M1_r0,orange,975,0.000000
FKIT,S+X2_M1_r0,orange,976,0.000000
FKIT,S+X2_M1_r0,orange,977,0.000000
FKIT,S+X2_M1_r0,orange,978,0.000000
FKIT,S+X2_M1_r0,orange,979,0.000000
FKIT,S+X2_M1_r0,orange,980,0.000000
FKIT,S+X2_M1_r0,orange,981,0.000000
FKIT,S+X2_M1_r0,orange,982,0.000000
FKIT,S+X2_M1_r0,orange,983,0.000000
FKIT,S+X2_M1_r0,orange,984,0.000000
FKIT,S+X2_M1_r0,orange,985,0.000000
FKIT,S+X2_M1_r0,orange,986,0.000000
FKIT,S+X2_M1_r0,orange,987,0.000000
FKIT,S+X2_M1_r0,orange,988,0.000000
FKIT,S+X2_M1_r0,orange,989,0.000000
FKIT,S+X2_M1_r0,orange,990,0.000000
FKIT,S+X2_M1_r0,orange,991,0.000000
FKIT,S+X2_M1_r0,orange,992,0.000000
FKIT,S+X2_M1_r0,orange,993,0.000000
FKIT,S+X2_M1_r0,orange,994,0.000000
FKIT,S+X2_M1_r0,orange,995,0.000000
FKIT,S+X2_M1_r0,orange,996,0.000000
FKIT,S+X2_M1_r0,orange,997,0.000000
FKIT,S+X2_M1_r0,orange,998,0.000000
FKIT,S+X2_M1_r0,orange,999,0.000000
FKIT,S+X2_M1_r0,orange,1000,0.000000
FKIT,S+X2_M1_r0,paxoco_mini,0,0.895461
FKIT,S+X2_M1_r0,paxoco_mini,1,0.903311
FKIT,S+X2_M1_r0,paxoco_mini,2,0.901725
FKIT,S+X2_M1_r0,paxoco_mini,3,0.894603
FKIT,S+X2_M1_r0,paxoco_mini,4,0.894183
FKIT,S+X2_M1_r0,paxoco_mini,5,0.896301
FKIT,S+X2_M1_r0,paxoco_mini,6,0.888945
FKIT,S+X2_M1_r0,paxoco_mini,7,0.887375
FKIT,S+X2_M1_r0,paxoco_mini,8,0.887955
FKIT,S+X2_M1_r0,paxoco_mini,9,0.881996
FKIT,S+X2_M1_r0,paxoco_mini,10,0.883212
FKIT,S+X2_M1_r0,paxoco_mini,11,0.934544
FKIT,S+X2_M1_r0,paxoco_mini,12,0.934699
FKIT,S+X2_M1_r0,paxoco_mini,13,0.933570
FKIT,S+X2_M1_r0,paxoco_mini,14,0.936591
FKIT,S+X2_M1_r0,paxoco_mini,15,0.938757
FKIT,S+X2_M1_r0,paxoco_mini,16,0.936211
FKIT,S+X2_M1_r0,paxoco_mini,17,0.942376
FKIT,S+X2_M1_r0,paxoco_mini,18,0.942893
FKIT,S+X2_M1_r0,paxoco_mini,19,0.946463
FKIT,S+X2_M1_r0,paxoco_mini,20,0.938708
FKIT,S+X2_M1_r0,paxoco_mini,21,0.962039
FKIT,S+X2_M1_r0,paxoco_mini,22,0.961097
FKIT,S+X2_M1_r0,paxoco_mini,23,0.958283
FKIT,S+X2_M1_r0,paxoco_mini,24,0.956451
FKIT,S+X2_M1_r0,paxoco_mini,25,0.960201
FKIT,S+X2_M1_r0,paxoco_mini,26,0.957852
FKIT,S+X2_M1_r0,paxoco_mini,27,0.957530
FKIT,S+X2_M1_r0,paxoco_mini,28,0.960230
FKIT,S+X2_M1_r0,paxoco_mini,29,0.956729
FKIT,S+X2_M1_r0,paxoco_mini,30,0.953864
FKIT,S+X2_M1_r0,paxoco_mini,31,0.968998
FKIT,S+X2_M1_r0,paxoco_mini,32,0.967739
FKIT,S+X2_M1_r0,paxoco_mini,33,0.967388
FKIT,S+X2_M1_r0,paxoco_mini,34,0.967220
FKIT,S+X2_M1_r0,paxoco_mini,35,0.968146
FKIT,S+X2_M1_r0,paxoco_mini,36,0.969505
FKIT,S+X2_M1_r0,paxoco_mini,37,0.968128
FKIT,S+X2_M1_r0,paxoco_mini,38,0.963959
FKIT,S+X2_M1_r0,paxoco_mini,39,0.970901
FKIT,S+X2_M1_r0,paxoco_mini,40,0.968960
FKIT,S+X2_M1_r0,paxoco_mini,41,0.975832
FKIT,S+X2_M1_r0,paxoco_mini,42,0.974898
FKIT,S+X2_M1_r0,paxoco_mini,43,0.975066
FKIT,S+X2_M1_r0,paxoco_mini,44,0.978302
FKIT,S+X2_M1_r0,paxoco_mini,45,0.974070
FKIT,S+X2_M1_r0,paxoco_mini,46,0.979087
FKIT,S+X2_M1_r0,paxoco_mini,47,0.977755
FKIT,S+X2_M1_r0,paxoco_mini,48,0.974565
FKIT,S+X2_M1_r0,paxoco_mini,49,0.973918
FKIT,S+X2_M1_r0,paxoco_mini,50,0.977029
FKIT,S+X2_M1_r0,paxoco_mini,51,0.978708
FKIT,S+X2_M1_r0,paxoco_mini,52,0.983651
FKIT,S+X2_M1_r0,paxoco_mini,53,0.982455
FKIT,S+X2_M1_r0,paxoco_mini,54,0.978772
FKIT,S+X2_M1_r0,paxoco_mini,55,0.982102
FKIT,S+X2_M1_r0,paxoco_mini,56,0.979827
FKIT,S+X2_M1_r0,paxoco_mini,57,0.979982
FKIT,S+X2_M1_r0,paxoco_mini,58,0.976300
FKIT,S+X2_M1_r0,paxoco_mini,59,0.978867
FKIT,S+X2_M1_r0,paxoco_mini,60,0.976753
FKIT,S+X2_M1_r0,paxoco_mini,61,0.977840
FKIT,S+X2_M1_r0,paxoco_mini,62,0.980959
FKIT,S+X2_M1_r0,paxoco_mini,63,0.974970
FKIT,S+X2_M1_r0,paxoco_mini,64,0.975575
FKIT,S+X2_M1_r0,paxoco_mini,65,0.968523
FKIT,S+X2_M1_r0,paxoco_mini,66,0.970923
FKIT,S+X2_M1_r0,paxoco_mini,67,0.968942
FKIT,S+X2_M1_r0,paxoco_mini,68,0.971566
FKIT,S+X2_M1_r0,paxoco_mini,69,0.968840
FKIT,S+X2_M1_r0,paxoco_mini,70,0.966779
FKIT,S+X2_M1_r0,paxoco_mini,71,0.969736
FKIT,S+X2_M1_r0,paxoco_mini,72,0.973687
FKIT,S+X2_M1_r0,paxoco_mini,73,0.968188
FKIT,S+X2_M1_r0,paxoco_mini,74,0.972559
FKIT,S+X2_M1_r0,paxoco_mini,75,0.971288
FKIT,S+X2_M1_r0,paxoco_mini,76,0.969713
FKIT,S+X2_M1_r0,paxoco_mini,77,0.973283
FKIT,S+X2_M1_r0,paxoco_mini,78,0.975682
FKIT,S+X2_M1_r0,paxoco_mini,79,0.973095
FKIT,S+X2_M1_r0,paxoco_mini,80,0.974614
FKIT,S+X2_M1_r0,paxoco_mini,81,0.978809
FKIT,S+X2_M1_r0,paxoco_mini,82,0.976831
FKIT,S+X2_M1_r0,paxoco_mini,83,0.971816
FKIT,S+X2_M1_r0,paxoco_mini,84,0.974408
FKIT,S+X2_M1_r0,paxoco_mini,85,0.979488
FKIT,S+X2_M1_r0,paxoco_mini,86,0.976729
FKIT,S+X2_M1_r0,paxoco_mini,87,0.978721
FKIT,S+X2_M1_r0,paxoco_mini,88,0.975347
FKIT,S+X2_M1_r0,paxoco_mini,89,0.978592
FKIT,S+X2_M1_r0,paxoco_mini,90,0.979816
FKIT,S+X2_M1_r0,paxoco_mini,91,0.983277
FKIT,S+X2_M1_r0,paxoco_mini,92,0.981056
FKIT,S+X2_M1_r0,paxoco_mini,93,0.979637
FKIT,S+X2_M1_r0,paxoco_mini,94,0.982940
FKIT,S+X2_M1_r0,paxoco_mini,95,0.980752
FKIT,S+X2_M1_r0,paxoco_mini,96,0.982110
FKIT,S+X2_M1_r0,paxoco_mini,97,0.984222
FKIT,S+X2_M1_r0,paxoco_mini,98,0.982855
FKIT,S+X2_M1_r0,paxoco_mini,99,0.983515
FKIT,S+X2_M1_r0,paxoco_mini,100,0.981986
FKIT,S+X2_M1_r0,paxoco_mini,101,0.983225
FKIT,S+X2_M1_r0,paxoco_mini,102,0.981864
FKIT,S+X2_M1_r0,paxoco_mini,103,0.982797
FKIT,S+X2_M1_r0,paxoco_mini,104,0.985509
FKIT,S+X2_M1_r0,paxoco_mini,105,0.987397
FKIT,S+X2_M1_r0,paxoco_mini,106,0.986778
FKIT,S+X2_M1_r0,paxoco_mini,107,0.982905
FKIT,S+X2_M1_r0,paxoco_mini,108,0.987292
FKIT,S+X2_M1_r0,paxoco_mini,109,0.986692
FKIT,S+X2_M1_r0,paxoco_mini,110,0.984205
FKIT,S+X2_M1_r0,paxoco_mini,111,0.981408
FKIT,S+X2_M1_r0,paxoco_mini,112,0.985941
FKIT,S+X2_M1_r0,paxoco_mini,113,0.985252
FKIT,S+X2_M1_r0,paxoco_mini,114,0.985606
FKIT,S+X2_M1_r0,paxoco_mini,115,0.985172
FKIT,S+X2_M1_r0,paxoco_mini,116,0.986704
FKIT,S+X2_M1_r0,paxoco_mini,117,0.987056
FKIT,S+X2_M1_r0,paxoco_mini,118,0.983762
FKIT,S+X2_M1_r0,paxoco_mini,119,0.983079
FKIT,S+X2_M1_r0,paxoco_mini,120,0.983368
FKIT,S+X2_M1_r0,paxoco_mini,121,0.986759
FKIT,S+X2_M1_r0,paxoco_mini,122,0.984832
FKIT,S+X2_M1_r0,paxoco_mini,123,0.984109
FKIT,S+X2_M1_r0,paxoco_mini,124,0.984048
FKIT,S+X2_M1_r0,paxoco_mini,125,0.984439
FKIT,S+X2_M1_r0,paxoco_mini,126,0.983882
FKIT,S+X2_M1_r0,paxoco_mini,127,0.982962
FKIT,S+X2_M1_r0,paxoco_mini,128,0.984548
FKIT,S+X2_M1_r0,paxoco_mini,129,0.980676
FKIT,S+X2_M1_r0,paxoco_mini,130,0.983755
FKIT,S+X2_M1_r0,paxoco_mini,131,0.981711
FKIT,S+X2_M1_r0,paxoco_mini,132,0.984871
FKIT,S+X2_M1_r0,paxoco_mini,133,0.982863
FKIT,S+X2_M1_r0,paxoco_mini,134,0.983234
FKIT,S+X2_M1_r0,paxoco_mini,135,0.982934
FKIT,S+X2_M1_r0,paxoco_mini,136,0.984125
FKIT,S+X2_M1_r0,paxoco_mini,137,0.981060
FKIT,S+X2_M1_r0,paxoco_mini,138,0.981703
FKIT,S+X2_M1_r0,paxoco_mini,139,0.983685
FKIT,S+X2_M1_r0,paxoco_mini,140,0.982782
FKIT,S+X2_M1_r0,paxoco_mini,141,0.982458
FKIT,S+X2_M1_r0,paxoco_mini,142,0.984164
FKIT,S+X2_M1_r0,paxoco_mini,143,0.982579
FKIT,S+X2_M1_r0,paxoco_mini,144,0.984075
FKIT,S+X2_M1_r0,paxoco_mini,145,0.985829
FKIT,S+X2_M1_r0,paxoco_mini,146,0.986332
FKIT,S+X2_M1_r0,paxoco_mini,147,0.986758
FKIT,S+X2_M1_r0,paxoco_mini,148,0.986054
FKIT,S+X2_M1_r0,paxoco_mini,149,0.984387
FKIT,S+X2_M1_r0,paxoco_mini,150,0.983910
FKIT,S+X2_M1_r0,paxoco_mini,151,0.982244
FKIT,S+X2_M1_r0,paxoco_mini,152,0.984339
FKIT,S+X2_M1_r0,paxoco_mini,153,0.983670
FKIT,S+X2_M1_r0,paxoco_mini,154,0.982976
FKIT,S+X2_M1_r0,paxoco_mini,155,0.983381
FKIT,S+X2_M1_r0,paxoco_mini,156,0.982350
FKIT,S+X2_M1_r0,paxoco_mini,157,0.983594
FKIT,S+X2_M1_r0,paxoco_mini,158,0.983352
FKIT,S+X2_M1_r0,paxoco_mini,159,0.981951
FKIT,S+X2_M1_r0,paxoco_mini,160,0.983990
FKIT,S+X2_M1_r0,paxoco_mini,161,0.981758
FKIT,S+X2_M1_r0,paxoco_mini,162,0.985661
FKIT,S+X2_M1_r0,paxoco_mini,163,0.984698
FKIT,S+X2_M1_r0,paxoco_mini,164,0.984855
FKIT,S+X2_M1_r0,paxoco_mini,165,0.986542
FKIT,S+X2_M1_r0,paxoco_mini,166,0.984717
FKIT,S+X2_M1_r0,paxoco_mini,167,0.984303
FKIT,S+X2_M1_r0,paxoco_mini,168,0.983103
FKIT,S+X2_M1_r0,paxoco_mini,169,0.982448
FKIT,S+X2_M1_r0,paxoco_mini,170,0.981201
FKIT,S+X2_M1_r0,paxoco_mini,171,0.982300
FKIT,S+X2_M1_r0,paxoco_mini,172,0.985174
FKIT,S+X2_M1_r0,paxoco_mini,173,0.982480
FKIT,S+X2_M1_r0,paxoco_mini,174,0.982178
FKIT,S+X2_M1_r0,paxoco_mini,175,0.984472
FKIT,S+X2_M1_r0,paxoco_mini,176,0.984983
FKIT,S+X2_M1_r0,paxoco_mini,177,0.982844
FKIT,S+X2_M1_r0,paxoco_mini,178,0.983467
FKIT,S+X2_M1_r0,paxoco_mini,179,0.982448
FKIT,S+X2_M1_r0,paxoco_mini,180,0.981771
FKIT,S+X2_M1_r0,paxoco_mini,181,0.984333
FKIT,S+X2_M1_r0,paxoco_mini,182,0.979834
FKIT,S+X2_M1_r0,paxoco_mini,183,0.982668
FKIT,S+X2_M1_r0,paxoco_mini,184,0.983190
FKIT,S+X2_M1_r0,paxoco_mini,185,0.981441
FKIT,S+X2_M1_r0,paxoco_mini,186,0.985583
FKIT,S+X2_M1_r0,paxoco_mini,187,0.984222
FKIT,S+X2_M1_r0,paxoco_mini,188,0.983805
FKIT,S+X2_M1_r0,paxoco_mini,189,0.983474
FKIT,S+X2_M1_r0,paxoco_mini,190,0.981299
FKIT,S+X2_M1_r0,paxoco_mini,191,0.980645
FKIT,S+X2_M1_r0,paxoco_mini,192,0.983595
FKIT,S+X2_M1_r0,paxoco_mini,193,0.985474
FKIT,S+X2_M1_r0,paxoco_mini,194,0.986565
FKIT,S+X2_M1_r0,paxoco_mini,195,0.985647
FKIT,S+X2_M1_r0,paxoco_mini,196,0.984714
FKIT,S+X2_M1_r0,paxoco_mini,197,0.983147
FKIT,S+X2_M1_r0,paxoco_mini,198,0.985364
FKIT,S+X2_M1_r0,paxoco_mini,199,0.983097
FKIT,S+X2_M1_r0,paxoco_mini,200,0.985394
FKIT,S+X2_M1_r0,paxoco_mini,201,0.978900
FKIT,S+X2_M1_r0,paxoco_mini,202,0.974566
FKIT,S+X2_M1_r0,paxoco_mini,203,0.976683
FKIT,S+X2_M1_r0,paxoco_mini,204,0.977816
FKIT,S+X2_M1_r0,paxoco_mini,205,0.975428
FKIT,S+X2_M1_r0,paxoco_mini,206,0.976638
FKIT,S+X2_M1_r0,paxoco_mini,207,0.977498
FKIT,S+X2_M1_r0,paxoco_mini,208,0.976607
FKIT,S+X2_M1_r0,paxoco_mini,209,0.976938
FKIT,S+X2_M1_r0,paxoco_mini,210,0.973830
FKIT,S+X2_M1_r0,paxoco_mini,211,0.982101
FKIT,S+X2_M1_r0,paxoco_mini,212,0.978715
FKIT,S+X2_M1_r0,paxoco_mini,213,0.981271
FKIT,S+X2_M1_r0,paxoco_mini,214,0.982529
FKIT,S+X2_M1_r0,paxoco_mini,215,0.983602
FKIT,S+X2_M1_r0,paxoco_mini,216,0.982465
FKIT,S+X2_M1_r0,paxoco_mini,217,0.979206
FKIT,S+X2_M1_r0,paxoco_mini,218,0.977561
FKIT,S+X2_M1_r0,paxoco_mini,219,0.971907
FKIT,S+X2_M1_r0,paxoco_mini,220,0.978890
FKIT,S+X2_M1_r0,paxoco_mini,221,0.983278
FKIT,S+X2_M1_r0,paxoco_mini,222,0.982789
FKIT,S+X2_M1_r0,paxoco_mini,223,0.976777
FKIT,S+X2_M1_r0,paxoco_mini,224,0.972854
FKIT,S+X2_M1_r0,paxoco_mini,225,0.979167
FKIT,S+X2_M1_r0,paxoco_mini,226,0.977720
FKIT,S+X2_M1_r0,paxoco_mini,227,0.977937
FKIT,S+X2_M1_r0,paxoco_mini,228,0.976255
FKIT,S+X2_M1_r0,paxoco_mini,229,0.977980
FKIT,S+X2_M1_r0,paxoco_mini,230,0.981372
FKIT,S+X2_M1_r0,paxoco_mini,231,0.978736
FKIT,S+X2_M1_r0,paxoco_mini,232,0.974228
FKIT,S+X2_M1_r0,paxoco_mini,233,0.975918
FKIT,S+X2_M1_r0,paxoco_mini,234,0.978488
FKIT,S+X2_M1_r0,paxoco_mini,235,0.975723
FKIT,S+X2_M1_r0,paxoco_mini,236,0.978088
FKIT,S+X2_M1_r0,paxoco_mini,237,0.976960
FKIT,S+X2_M1_r0,paxoco_mini,238,0.979255
FKIT,S+X2_M1_r0,paxoco_mini,239,0.980278
FKIT,S+X2_M1_r0,paxoco_mini,240,0.979021
FKIT,S+X2_M1_r0,paxoco_mini,241,0.980150
FKIT,S+X2_M1_r0,paxoco_mini,242,0.976235
FKIT,S+X2_M1_r0,paxoco_mini,243,0.977063
FKIT,S+X2_M1_r0,paxoco_mini,244,0.974197
FKIT,S+X2_M1_r0,paxoco_mini,245,0.976190
FKIT,S+X2_M1_r0,paxoco_mini,246,0.973185
FKIT,S+X2_M1_r0,paxoco_mini,247,0.969248
FKIT,S+X2_M1_r0,paxoco_mini,248,0.972791
FKIT,S+X2_M1_r0,paxoco_mini,249,0.967337
FKIT,S+X2_M1_r0,paxoco_mini,250,0.970793
FKIT,S+X2_M1_r0,paxoco_mini,251,0.970609
FKIT,S+X2_M1_r0,paxoco_mini,252,0.963464
FKIT,S+X2_M1_r0,paxoco_mini,253,0.968149
FKIT,S+X2_M1_r0,paxoco_mini,254,0.974158
FKIT,S+X2_M1_r0,paxoco_mini,255,0.979479
FKIT,S+X2_M1_r0,paxoco_mini,256,0.969115
FKIT,S+X2_M1_r0,paxoco_mini,257,0.969894
FKIT,S+X2_M1_r0,paxoco_mini,258,0.967041
FKIT,S+X2_M1_r0,paxoco_mini,259,0.978585
FKIT,S+X2_M1_r0,paxoco_mini,260,0.973796
FKIT,S+X2_M1_r0,paxoco_mini,261,0.977044
FKIT,S+X2_M1_r0,paxoco_mini,262,0.971724
FKIT,S+X2_M1_r0,paxoco_mini,263,0.977866
FKIT,S+X2_M1_r0,paxoco_mini,264,0.974095
FKIT,S+X2_M1_r0,paxoco_mini,265,0.978058
FKIT,S+X2_M1_r0,paxoco_mini,266,0.977466
FKIT,S+X2_M1_r0,paxoco_mini,267,0.977994
FKIT,S+X2_M1_r0,paxoco_mini,268,0.979301
FKIT,S+X2_M1_r0,paxoco_mini,269,0.971184
FKIT,S+X2_M1_r0,paxoco_mini,270,0.977224
FKIT,S+X2_M1_r0,paxoco_mini,271,0.982827
FKIT,S+X2_M1_r0,paxoco_mini,272,0.978122
FKIT,S+X2_M1_r0,paxoco_mini,273,0.976841
FKIT,S+X2_M1_r0,paxoco_mini,274,0.978186
FKIT,S+X2_M1_r0,paxoco_mini,275,0.982027
FKIT,S+X2_M1_r0,paxoco_mini,276,0.983972
FKIT,S+X2_M1_r0,paxoco_mini,277,0.978704
FKIT,S+X2_M1_r0,paxoco_mini,278,0.981325
FKIT,S+X2_M1_r0,paxoco_mini,279,0.984791
FKIT,S+X2_M1_r0,paxoco_mini,280,0.986812
FKIT,S+X2_M1_r0,paxoco_mini,281,0.982480
FKIT,S+X2_M1_r0,paxoco_mini,282,0.985851
FKIT,S+X2_M1_r0,paxoco_mini,283,0.988390
FKIT,S+X2_M1_r0,paxoco_mini,284,0.987354
FKIT,S+X2_M1_r0,paxoco_mini,285,0.988238
FKIT,S+X2_M1_r0,paxoco_mini,286,0.986376
FKIT,S+X2_M1_r0,paxoco_mini,287,0.984185
FKIT,S+X2_M1_r0,paxoco_mini,288,0.984594
FKIT,S+X2_M1_r0,paxoco_mini,289,0.986134
FKIT,S+X2_M1_r0,paxoco_mini,290,0.985024
FKIT,S+X2_M1_r0,paxoco_mini,291,0.985102
FKIT,S+X2_M1_r0,paxoco_mini,292,0.984258
FKIT,S+X2_M1_r0,paxoco_mini,293,0.986351
FKIT,S+X2_M1_r0,paxoco_mini,294,0.984891
FKIT,S+X2_M1_r0,paxoco_mini,295,0.983208
FKIT,S+X2_M1_r0,paxoco_mini,296,0.982278
FKIT,S+X2_M1_r0,paxoco_mini,297,0.983574
FKIT,S+X2_M1_r0,paxoco_mini,298,0.982884
FKIT,S+X2_M1_r0,paxoco_mini,299,0.984254
FKIT,S+X2_M1_r0,paxoco_mini,300,0.984472
FKIT,S+X2_M1_r0,paxoco_mini,301,0.982408
FKIT,S+X2_M1_r0,paxoco_mini,302,0.981257
FKIT,S+X2_M1_r0,paxoco_mini,303,0.981884
FKIT,S+X2_M1_r0,paxoco_mini,304,0.986129
FKIT,S+X2_M1_r0,paxoco_mini,305,0.983890
FKIT,S+X2_M1_r0,paxoco_mini,306,0.984161
FKIT,S+X2_M1_r0,paxoco_mini,307,0.986615
FKIT,S+X2_M1_r0,paxoco_mini,308,0.986476
FKIT,S+X2_M1_r0,paxoco_mini,309,0.986408
FKIT,S+X2_M1_r0,paxoco_mini,310,0.983849
FKIT,S+X2_M1_r0,paxoco_mini,311,0.983652
FKIT,S+X2_M1_r0,paxoco_mini,312,0.984069
FKIT,S+X2_M1_r0,paxoco_mini,313,0.984098
FKIT,S+X2_M1_r0,paxoco_mini,314,0.983052
FKIT,S+X2_M1_r0,paxoco_mini,315,0.984607
FKIT,S+X2_M1_r0,paxoco_mini,316,0.985333
FKIT,S+X2_M1_r0,paxoco_mini,317,0.985682
FKIT,S+X2_M1_r0,paxoco_mini,318,0.985639
FKIT,S+X2_M1_r0,paxoco_mini,319,0.984863
FKIT,S+X2_M1_r0,paxoco_mini,320,0.985270
FKIT,S+X2_M1_r0,paxoco_mini,321,0.981151
FKIT,S+X2_M1_r0,paxoco_mini,322,0.981098
FKIT,S+X2_M1_r0,paxoco_mini,323,0.983100
FKIT,S+X2_M1_r0,paxoco_mini,324,0.984615
FKIT,S+X2_M1_r0,paxoco_mini,325,0.985880
FKIT,S+X2_M1_r0,paxoco_mini,326,0.984798
FKIT,S+X2_M1_r0,paxoco_mini,327,0.984921
FKIT,S+X2_M1_r0,paxoco_mini,328,0.980634
FKIT,S+X2_M1_r0,paxoco_mini,329,0.984318
FKIT,S+X2_M1_r0,paxoco_mini,330,0.985845
FKIT,S+X2_M1_r0,paxoco_mini,331,0.983465
FKIT,S+X2_M1_r0,paxoco_mini,332,0.981853
FKIT,S+X2_M1_r0,paxoco_mini,333,0.985000
FKIT,S+X2_M1_r0,paxoco_mini,334,0.983260
FKIT,S+X2_M1_r0,paxoco_mini,335,0.987324
FKIT,S+X2_M1_r0,paxoco_mini,336,0.986135
FKIT,S+X2_M1_r0,paxoco_mini,337,0.984305
FKIT,S+X2_M1_r0,paxoco_mini,338,0.982625
FKIT,S+X2_M1_r0,paxoco_mini,339,0.983831
FKIT,S+X2_M1_r0,paxoco_mini,340,0.981474
FKIT,S+X2_M1_r0,paxoco_mini,341,0.982383
FKIT,S+X2_M1_r0,paxoco_mini,342,0.979742
FKIT,S+X2_M1_r0,paxoco_mini,343,0.980647
FKIT,S+X2_M1_r0,paxoco_mini,344,0.980901
FKIT,S+X2_M1_r0,paxoco_mini,345,0.974985
FKIT,S+X2_M1_r0,paxoco_mini,346,0.977570
FKIT,S+X2_M1_r0,paxoco_mini,347,0.982240
FKIT,S+X2_M1_r0,paxoco_mini,348,0.976096
FKIT,S+X2_M1_r0,paxoco_mini,349,0.974234
FKIT,S+X2_M1_r0,paxoco_mini,350,0.977159
FKIT,S+X2_M1_r0,paxoco_mini,351,0.975279
FKIT,S+X2_M1_r0,paxoco_mini,352,0.974063
FKIT,S+X2_M1_r0,paxoco_mini,353,0.971253
FKIT,S+X2_M1_r0,paxoco_mini,354,0.976441
FKIT,S+X2_M1_r0,paxoco_mini,355,0.976064
FKIT,S+X2_M1_r0,paxoco_mini,356,0.974878
FKIT,S+X2_M1_r0,paxoco_mini,357,0.979303
FKIT,S+X2_M1_r0,paxoco_mini,358,0.977807
FKIT,S+X2_M1_r0,paxoco_mini,359,0.979070
FKIT,S+X2_M1_r0,paxoco_mini,360,0.975932
FKIT,S+X2_M1_r0,paxoco_mini,361,0.981169
FKIT,S+X2_M1_r0,paxoco_mini,362,0.979916
FKIT,S+X2_M1_r0,paxoco_mini,363,0.980532
FKIT,S+X2_M1_r0,paxoco_mini,364,0.981019
FKIT,S+X2_M1_r0,paxoco_mini,365,0.978830
FKIT,S+X2_M1_r0,paxoco_mini,366,0.980906
FKIT,S+X2_M1_r0,paxoco_mini,367,0.980509
FKIT,S+X2_M1_r0,paxoco_mini,368,0.978713
FKIT,S+X2_M1_r0,paxoco_mini,369,0.979498
FKIT,S+X2_M1_r0,paxoco_mini,370,0.979766
FKIT,S+X2_M1_r0,paxoco_mini,371,0.981058
FKIT,S+X2_M1_r0,paxoco_mini,372,0.979972
FKIT,S+X2_M1_r0,paxoco_mini,373,0.979062
FKIT,S+X2_M1_r0,paxoco_mini,374,0.980247
FKIT,S+X2_M1_r0,paxoco_mini,375,0.982893
FKIT,S+X2_M1_r0,paxoco_mini,376,0.982943
FKIT,S+X2_M1_r0,paxoco_mini,377,0.984562
FKIT,S+X2_M1_r0,paxoco_mini,378,0.983930
FKIT,S+X2_M1_r0,paxoco_mini,379,0.981283
FKIT,S+X2_M1_r0,paxoco_mini,380,0.981983
FKIT,S+X2_M1_r0,paxoco_mini,381,0.983421
FKIT,S+X2_M1_r0,paxoco_mini,382,0.984442
FKIT,S+X2_M1_r0,paxoco_mini,383,0.981341
FKIT,S+X2_M1_r0,paxoco_mini,384,0.983255
FKIT,S+X2_M1_r0,paxoco_mini,385,0.981025
FKIT,S+X2_M1_r0,paxoco_mini,386,0.980219
FKIT,S+X2_M1_r0,paxoco_mini,387,0.981215
FKIT,S+X2_M1_r0,paxoco_mini,388,0.979934
FKIT,S+X2_M1_r0,paxoco_mini,389,0.979870
FKIT,S+X2_M1_r0,paxoco_mini,390,0.982521
FKIT,S+X2_M1_r0,paxoco_mini,391,0.982462
FKIT,S+X2_M1_r0,paxoco_mini,392,0.981030
FKIT,S+X2_M1_r0,paxoco_mini,393,0.980636
FKIT,S+X2_M1_r0,paxoco_mini,394,0.983156
FKIT,S+X2_M1_r0,paxoco_mini,395,0.982259
FKIT,S+X2_M1_r0,paxoco_mini,396,0.980190
FKIT,S+X2_M1_r0,paxoco_mini,397,0.978409
FKIT,S+X2_M1_r0,paxoco_mini,398,0.984194
FKIT,S+X2_M1_r0,paxoco_mini,399,0.980126
FKIT,S+X2_M1_r0,paxoco_mini,400,0.979574
FKIT,S+X2_M1_r0,paxoco_mini,401,0.981278
FKIT,S+X2_M1_r0,paxoco_mini,402,0.984365
FKIT,S+X2_M1_r0,paxoco_mini,403,0.980172
FKIT,S+X2_M1_r0,paxoco_mini,404,0.982130
FKIT,S+X2_M1_r0,paxoco_mini,405,0.982565
FKIT,S+X2_M1_r0,paxoco_mini,406,0.980197
FKIT,S+X2_M1_r0,paxoco_mini,407,0.981775
FKIT,S+X2_M1_r0,paxoco_mini,408,0.981919
FKIT,S+X2_M1_r0,paxoco_mini,409,0.980634
FKIT,S+X2_M1_r0,paxoco_mini,410,0.978268
FKIT,S+X2_M1_r0,paxoco_mini,411,0.986057
FKIT,S+X2_M1_r0,paxoco_mini,412,0.983922
FKIT,S+X2_M1_r0,paxoco_mini,413,0.983401
FKIT,S+X2_M1_r0,paxoco_mini,414,0.983890
FKIT,S+X2_M1_r0,paxoco_mini,415,0.979182
FKIT,S+X2_M1_r0,paxoco_mini,416,0.985623
FKIT,S+X2_M1_r0,paxoco_mini,417,0.979629
FKIT,S+X2_M1_r0,paxoco_mini,418,0.982159
FKIT,S+X2_M1_r0,paxoco_mini,419,0.986494
FKIT,S+X2_M1_r0,paxoco_mini,420,0.982019
FKIT,S+X2_M1_r0,paxoco_mini,421,0.980231
FKIT,S+X2_M1_r0,paxoco_mini,422,0.978581
FKIT,S+X2_M1_r0,paxoco_mini,423,0.979635
FKIT,S+X2_M1_r0,paxoco_mini,424,0.986339
FKIT,S+X2_M1_r0,paxoco_mini,425,0.983266
FKIT,S+X2_M1_r0,paxoco_mini,426,0.982989
FKIT,S+X2_M1_r0,paxoco_mini,427,0.982658
FKIT,S+X2_M1_r0,paxoco_mini,428,0.982258
FKIT,S+X2_M1_r0,paxoco_mini,429,0.984962
FKIT,S+X2_M1_r0,paxoco_mini,430,0.982898
FKIT,S+X2_M1_r0,paxoco_mini,431,0.980054
FKIT,S+X2_M1_r0,paxoco_mini,432,0.982219
FKIT,S+X2_M1_r0,paxoco_mini,433,0.983831
FKIT,S+X2_M1_r0,paxoco_mini,434,0.988129
FKIT,S+X2_M1_r0,paxoco_mini,435,0.982768
FKIT,S+X2_M1_r0,paxoco_mini,436,0.982106
FKIT,S+X2_M1_r0,paxoco_mini,437,0.985313
FKIT,S+X2_M1_r0,paxoco_mini,438,0.982503
FKIT,S+X2_M1_r0,paxoco_mini,439,0.980878
FKIT,S+X2_M1_r0,paxoco_mini,440,0.979797
FKIT,S+X2_M1_r0,paxoco_mini,441,0.983686
FKIT,S+X2_M1_r0,paxoco_mini,442,0.984438
FKIT,S+X2_M1_r0,paxoco_mini,443,0.985896
FKIT,S+X2_M1_r0,paxoco_mini,444,0.985933
FKIT,S+X2_M1_r0,paxoco_mini,445,0.986022
FKIT,S+X2_M1_r0,paxoco_mini,446,0.987453
FKIT,S+X2_M1_r0,paxoco_mini,447,0.986915
FKIT,S+X2_M1_r0,paxoco_mini,448,0.988758
FKIT,S+X2_M1_r0,paxoco_mini,449,0.981880
FKIT,S+X2_M1_r0,paxoco_mini,450,0.987014
FKIT,S+X2_M1_r0,paxoco_mini,451,0.988295
FKIT,S+X2_M1_r0,paxoco_mini,452,0.986166
FKIT,S+X2_M1_r0,paxoco_mini,453,0.988183
FKIT,S+X2_M1_r0,paxoco_mini,454,0.990098
FKIT,S+X2_M1_r0,paxoco_mini,455,0.989745
FKIT,S+X2_M1_r0,paxoco_mini,456,0.987846
FKIT,S+X2_M1_r0,paxoco_mini,457,0.991413
FKIT,S+X2_M1_r0,paxoco_mini,458,0.991023
FKIT,S+X2_M1_r0,paxoco_mini,459,0.993653
FKIT,S+X2_M1_r0,paxoco_mini,460,0.991281
FKIT,S+X2_M1_r0,paxoco_mini,461,0.990041
FKIT,S+X2_M1_r0,paxoco_mini,462,0.988539
FKIT,S+X2_M1_r0,paxoco_mini,463,0.988291
FKIT,S+X2_M1_r0,paxoco_mini,464,0.989560
FKIT,S+X2_M1_r0,paxoco_mini,465,0.989187
FKIT,S+X2_M1_r0,paxoco_mini,466,0.990183
FKIT,S+X2_M1_r0,paxoco_mini,467,0.990095
FKIT,S+X2_M1_r0,paxoco_mini,468,0.989604
FKIT,S+X2_M1_r0,paxoco_mini,469,0.987594
FKIT,S+X2_M1_r0,paxoco_mini,470,0.985704
FKIT,S+X2_M1_r0,paxoco_mini,471,0.986509
FKIT,S+X2_M1_r0,paxoco_mini,472,0.987271
FKIT,S+X2_M1_r0,paxoco_mini,473,0.986912
FKIT,S+X2_M1_r0,paxoco_mini,474,0.989408
FKIT,S+X2_M1_r0,paxoco_mini,475,0.987306
FKIT,S+X2_M1_r0,paxoco_mini,476,0.987500
FKIT,S+X2_M1_r0,paxoco_mini,477,0.986640
FKIT,S+X2_M1_r0,paxoco_mini,478,0.986055
FKIT,S+X2_M1_r0,paxoco_mini,479,0.984442
FKIT,S+X2_M1_r0,paxoco_mini,480,0.987828
FKIT,S+X2_M1_r0,paxoco_mini,481,0.984241
FKIT,S+X2_M1_r0,paxoco_mini,482,0.988499
FKIT,S+X2_M1_r0,paxoco_mini,483,0.988123
FKIT,S+X2_M1_r0,paxoco_mini,484,0.989828
FKIT,S+X2_M1_r0,paxoco_mini,485,0.988043
FKIT,S+X2_M1_r0,paxoco_mini,486,0.989190
FKIT,S+X2_M1_r0,paxoco_mini,487,0.990819
FKIT,S+X2_M1_r0,paxoco_mini,488,0.991198
FKIT,S+X2_M1_r0,paxoco_mini,489,0.991291
FKIT,S+X2_M1_r0,paxoco_mini,490,0.992582
FKIT,S+X2_M1_r0,paxoco_mini,491,0.989334
FKIT,S+X2_M1_r0,paxoco_mini,492,0.992223
FKIT,S+X2_M1_r0,paxoco_mini,493,0.992938
FKIT,S+X2_M1_r0,paxoco_mini,494,0.992554
FKIT,S+X2_M1_r0,paxoco_mini,495,0.992750
FKIT,S+X2_M1_r0,paxoco_mini,496,0.993218
FKIT,S+X2_M1_r0,paxoco_mini,497,0.993783
FKIT,S+X2_M1_r0,paxoco_mini,498,0.991502
FKIT,S+X2_M1_r0,paxoco_mini,499,0.991821
FKIT,S+X2_M1_r0,paxoco_mini,500,0.992567
FKIT,S+X2_M1_r0,paxoco_mini,501,0.988048
FKIT,S+X2_M1_r0,paxoco_mini,502,0.990574
FKIT,S+X2_M1_r0,paxoco_mini,503,0.989272
FKIT,S+X2_M1_r0,paxoco_mini,504,0.988871
FKIT,S+X2_M1_r0,paxoco_mini,505,0.990337
FKIT,S+X2_M1_r0,paxoco_mini,506,0.986917
FKIT,S+X2_M1_r0,paxoco_mini,507,0.988145
FKIT,S+X2_M1_r0,paxoco_mini,508,0.983894
FKIT,S+X2_M1_r0,paxoco_mini,509,0.986617
FKIT,S+X2_M1_r0,paxoco_mini,510,0.985765
FKIT,S+X2_M1_r0,paxoco_mini,511,0.987885
FKIT,S+X2_M1_r0,paxoco_mini,512,0.984555
FKIT,S+X2_M1_r0,paxoco_mini,513,0.982196
FKIT,S+X2_M1_r0,paxoco_mini,514,0.982937
FKIT,S+X2_M1_r0,paxoco_mini,515,0.983810
FKIT,S+X2_M1_r0,paxoco_mini,516,0.982497
FKIT,S+X2_M1_r0,paxoco_mini,517,0.983967
FKIT,S+X2_M1_r0,paxoco_mini,518,0.982232
FKIT,S+X2_M1_r0,paxoco_mini,519,0.984834
FKIT,S+X2_M1_r0,paxoco_mini,520,0.982542
FKIT,S+X2_M1_r0,paxoco_mini,521,0.990901
FKIT,S+X2_M1_r0,paxoco_mini,522,0.987960
FKIT,S+X2_M1_r0,paxoco_mini,523,0.986018
FKIT,S+X2_M1_r0,paxoco_mini,524,0.986040
FKIT,S+X2_M1_r0,paxoco_mini,525,0.987960
FKIT,S+X2_M1_r0,paxoco_mini,526,0.988731
FKIT,S+X2_M1_r0,paxoco_mini,527,0.985372
FKIT,S+X2_M1_r0,paxoco_mini,528,0.988929
FKIT,S+X2_M1_r0,paxoco_mini,529,0.991032
FKIT,S+X2_M1_r0,paxoco_mini,530,0.986858
FKIT,S+X2_M1_r0,paxoco_mini,531,0.994024
FKIT,S+X2_M1_r0,paxoco_mini,532,0.994593
FKIT,S+X2_M1_r0,paxoco_mini,533,0.994416
FKIT,S+X2_M1_r0,paxoco_mini,534,0.990513
FKIT,S+X2_M1_r0,paxoco_mini,535,0.991210
FKIT,S+X2_M1_r0,paxoco_mini,536,0.993842
FKIT,S+X2_M1_r0,paxoco_mini,537,0.992478
FKIT,S+X2_M1_r0,paxoco_mini,538,0.990822
FKIT,S+X2_M1_r0,paxoco_mini,539,0.992285
FKIT,S+X2_M1_r0,paxoco_mini,540,0.991762
FKIT,S+X2_M1_r0,paxoco_mini,541,0.991338
FKIT,S+X2_M1_r0,paxoco_mini,542,0.989908
FKIT,S+X2_M1_r0,paxoco_mini,543,0.993873
FKIT,S+X2_M1_r0,paxoco_mini,544,0.991612
FKIT,S+X2_M1_r0,paxoco_mini,545,0.991103
FKIT,S+X2_M1_r0,paxoco_mini,546,0.991504
FKIT,S+X2_M1_r0,paxoco_mini,547,0.993134
FKIT,S+X2_M1_r0,paxoco_mini,548,0.990937
FKIT,S+X2_M1_r0,paxoco_mini,549,0.991525
FKIT,S+X2_M1_r0,paxoco_mini,550,0.987675
FKIT,S+X2_M1_r0,paxoco_mini,551,0.992519
FKIT,S+X2_M1_r0,paxoco_mini,552,0.989805
FKIT,S+X2_M1_r0,paxoco_mini,553,0.988113
FKIT,S+X2_M1_r0,paxoco_mini,554,0.987453
FKIT,S+X2_M1_r0,paxoco_mini,555,0.989602
FKIT,S+X2_M1_r0,paxoco_mini,556,0.993015
FKIT,S+X2_M1_r0,paxoco_mini,557,0.993611
FKIT,S+X2_M1_r0,paxoco_mini,558,0.993345
FKIT,S+X2_M1_r0,paxoco_mini,559,0.993093
FKIT,S+X2_M1_r0,paxoco_mini,560,0.993609
FKIT,S+X2_M1_r0,paxoco_mini,561,0.994803
FKIT,S+X2_M1_r0,paxoco_mini,562,0.993030
FKIT,S+X2_M1_r0,paxoco_mini,563,0.990953
FKIT,S+X2_M1_r0,paxoco_mini,564,0.995016
FKIT,S+X2_M1_r0,paxoco_mini,565,0.995104
FKIT,S+X2_M1_r0,paxoco_mini,566,0.994862
FKIT,S+X2_M1_r0,paxoco_mini,567,0.994249
FKIT,S+X2_M1_r0,paxoco_mini,568,0.993829
FKIT,S+X2_M1_r0,paxoco_mini,569,0.993724
FKIT,S+X2_M1_r0,paxoco_mini,570,0.991525
FKIT,S+X2_M1_r0,paxoco_mini,571,0.991894
FKIT,S+X2_M1_r0,paxoco_mini,572,0.993926
FKIT,S+X2_M1_r0,paxoco_mini,573,0.992885
FKIT,S+X2_M1_r0,paxoco_mini,574,0.992220
FKIT,S+X2_M1_r0,paxoco_mini,575,0.992916
FKIT,S+X2_M1_r0,paxoco_mini,576,0.989846
FKIT,S+X2_M1_r0,paxoco_mini,577,0.991771
FKIT,S+X2_M1_r0,paxoco_mini,578,0.992290
FKIT,S+X2_M1_r0,paxoco_mini,579,0.993755
FKIT,S+X2_M1_r0,paxoco_mini,580,0.991606
FKIT,S+X2_M1_r0,paxoco_mini,581,0.992829
FKIT,S+X2_M1_r0,paxoco_mini,582,0.989154
FKIT,S+X2_M1_r0,paxoco_mini,583,0.989928
FKIT,S+X2_M1_r0,paxoco_mini,584,0.991629
FKIT,S+X2_M1_r0,paxoco_mini,585,0.993240
FKIT,S+X2_M1_r0,paxoco_mini,586,0.991374
FKIT,S+X2_M1_r0,paxoco_mini,587,0.991491
FKIT,S+X2_M1_r0,paxoco_mini,588,0.991913
FKIT,S+X2_M1_r0,paxoco_mini,589,0.990127
FKIT,S+X2_M1_r0,paxoco_mini,590,0.992345
FKIT,S+X2_M1_r0,paxoco_mini,591,0.987230
FKIT,S+X2_M1_r0,paxoco_mini,592,0.990150
FKIT,S+X2_M1_r0,paxoco_mini,593,0.989059
FKIT,S+X2_M1_r0,paxoco_mini,594,0.993311
FKIT,S+X2_M1_r0,paxoco_mini,595,0.989149
FKIT,S+X2_M1_r0,paxoco_mini,596,0.990635
FKIT,S+X2_M1_r0,paxoco_mini,597,0.990449
FKIT,S+X2_M1_r0,paxoco_mini,598,0.990673
FKIT,S+X2_M1_r0,paxoco_mini,599,0.992086
FKIT,S+X2_M1_r0,paxoco_mini,600,0.989949
FKIT,S+X2_M1_r0,paxoco_mini,601,0.987991
FKIT,S+X2_M1_r0,paxoco_mini,602,0.991184
FKIT,S+X2_M1_r0,paxoco_mini,603,0.991853
FKIT,S+X2_M1_r0,paxoco_mini,604,0.994554
FKIT,S+X2_M1_r0,paxoco_mini,605,0.992994
FKIT,S+X2_M1_r0,paxoco_mini,606,0.991927
FKIT,S+X2_M1_r0,paxoco_mini,607,0.992989
FKIT,S+X2_M1_r0,paxoco_mini,608,0.993336
FKIT,S+X2_M1_r0,paxoco_mini,609,0.988307
FKIT,S+X2_M1_r0,paxoco_mini,610,0.993585
FKIT,S+X2_M1_r0,paxoco_mini,611,0.990696
FKIT,S+X2_M1_r0,paxoco_mini,612,0.987871
FKIT,S+X2_M1_r0,paxoco_mini,613,0.990165
FKIT,S+X2_M1_r0,paxoco_mini,614,0.991285
FKIT,S+X2_M1_r0,paxoco_mini,615,0.988143
FKIT,S+X2_M1_r0,paxoco_mini,616,0.988935
FKIT,S+X2_M1_r0,paxoco_mini,617,0.988572
FKIT,S+X2_M1_r0,paxoco_mini,618,0.988214
FKIT,S+X2_M1_r0,paxoco_mini,619,0.989565
FKIT,S+X2_M1_r0,paxoco_mini,620,0.990488
FKIT,S+X2_M1_r0,paxoco_mini,621,0.984470
FKIT,S+X2_M1_r0,paxoco_mini,622,0.989395
FKIT,S+X2_M1_r0,paxoco_mini,623,0.986049
FKIT,S+X2_M1_r0,paxoco_mini,624,0.986749
FKIT,S+X2_M1_r0,paxoco_mini,625,0.987877
FKIT,S+X2_M1_r0,paxoco_mini,626,0.990264
FKIT,S+X2_M1_r0,paxoco_mini,627,0.987388
FKIT,S+X2_M1_r0,paxoco_mini,628,0.988060
FKIT,S+X2_M1_r0,paxoco_mini,629,0.988701
FKIT,S+X2_M1_r0,paxoco_mini,630,0.987766
FKIT,S+X2_M1_r0,paxoco_mini,631,0.986066
FKIT,S+X2_M1_r0,paxoco_mini,632,0.984581
FKIT,S+X2_M1_r0,paxoco_mini,633,0.987253
FKIT,S+X2_M1_r0,paxoco_mini,634,0.989309
FKIT,S+X2_M1_r0,paxoco_mini,635,0.990216
FKIT,S+X2_M1_r0,paxoco_mini,636,0.990328
FKIT,S+X2_M1_r0,paxoco_mini,637,0.989902
FKIT,S+X2_M1_r0,paxoco_mini,638,0.993028
FKIT,S+X2_M1_r0,paxoco_mini,639,0.990957
FKIT,S+X2_M1_r0,paxoco_mini,640,0.988909
FKIT,S+X2_M1_r0,paxoco_mini,641,0.989738
FKIT,S+X2_M1_r0,paxoco_mini,642,0.988368
FKIT,S+X2_M1_r0,paxoco_mini,643,0.987450
FKIT,S+X2_M1_r0,paxoco_mini,644,0.989200
FKIT,S+X2_M1_r0,paxoco_mini,645,0.991974
FKIT,S+X2_M1_r0,paxoco_mini,646,0.991972
FKIT,S+X2_M1_r0,paxoco_mini,647,0.989287
FKIT,S+X2_M1_r0,paxoco_mini,648,0.990202
FKIT,S+X2_M1_r0,paxoco_mini,649,0.991587
FKIT,S+X2_M1_r0,paxoco_mini,650,0.986776
FKIT,S+X2_M1_r0,paxoco_mini,651,0.986491
FKIT,S+X2_M1_r0,paxoco_mini,652,0.990956
FKIT,S+X2_M1_r0,paxoco_mini,653,0.987334
FKIT,S+X2_M1_r0,paxoco_mini,654,0.987708
FKIT,S+X2_M1_r0,paxoco_mini,655,0.989791
FKIT,S+X2_M1_r0,paxoco_mini,656,0.987015
FKIT,S+X2_M1_r0,paxoco_mini,657,0.988301
FKIT,S+X2_M1_r0,paxoco_mini,658,0.991048
FKIT,S+X2_M1_r0,paxoco_mini,659,0.991688
FKIT,S+X2_M1_r0,paxoco_mini,660,0.990598
FKIT,S+X2_M1_r0,paxoco_mini,661,0.987524
FKIT,S+X2_M1_r0,paxoco_mini,662,0.988475
FKIT,S+X2_M1_r0,paxoco_mini,663,0.989960
FKIT,S+X2_M1_r0,paxoco_mini,664,0.990730
FKIT,S+X2_M1_r0,paxoco_mini,665,0.989678
FKIT,S+X2_M1_r0,paxoco_mini,666,0.990133
FKIT,S+X2_M1_r0,paxoco_mini,667,0.986973
FKIT,S+X2_M1_r0,paxoco_mini,668,0.990070
FKIT,S+X2_M1_r0,paxoco_mini,669,0.988853
FKIT,S+X2_M1_r0,paxoco_mini,670,0.989993
FKIT,S+X2_M1_r0,paxoco_mini,671,0.989146
FKIT,S+X2_M1_r0,paxoco_mini,672,0.991710
FKIT,S+X2_M1_r0,paxoco_mini,673,0.990616
FKIT,S+X2_M1_r0,paxoco_mini,674,0.994481
FKIT,S+X2_M1_r0,paxoco_mini,675,0.993347
FKIT,S+X2_M1_r0,paxoco_mini,676,0.992590
FKIT,S+X2_M1_r0,paxoco_mini,677,0.992108
FKIT,S+X2_M1_r0,paxoco_mini,678,0.993752
FKIT,S+X2_M1_r0,paxoco_mini,679,0.992925
FKIT,S+X2_M1_r0,paxoco_mini,680,0.991823
FKIT,S+X2_M1_r0,paxoco_mini,681,0.991184
FKIT,S+X2_M1_r0,paxoco_mini,682,0.993545
FKIT,S+X2_M1_r0,paxoco_mini,683,0.992274
FKIT,S+X2_M1_r0,paxoco_mini,684,0.992480
FKIT,S+X2_M1_r0,paxoco_mini,685,0.990878
FKIT,S+X2_M1_r0,paxoco_mini,686,0.991798
FKIT,S+X2_M1_r0,paxoco_mini,687,0.991289
FKIT,S+X2_M1_r0,paxoco_mini,688,0.994284
FKIT,S+X2_M1_r0,paxoco_mini,689,0.990718
FKIT,S+X2_M1_r0,paxoco_mini,690,0.991103
FKIT,S+X2_M1_r0,paxoco_mini,691,0.989778
FKIT,S+X2_M1_r0,paxoco_mini,692,0.991222
FKIT,S+X2_M1_r0,paxoco_mini,693,0.992553
FKIT,S+X2_M1_r0,paxoco_mini,694,0.992041
FKIT,S+X2_M1_r0,paxoco_mini,695,0.990298
FKIT,S+X2_M1_r0,paxoco_mini,696,0.989046
FKIT,S+X2_M1_r0,paxoco_mini,697,0.990992
FKIT,S+X2_M1_r0,paxoco_mini,698,0.990786
FKIT,S+X2_M1_r0,paxoco_mini,699,0.990810
FKIT,S+X2_M1_r0,paxoco_mini,700,0.984261
FKIT,S+X2_M1_r0,paxoco_mini,701,0.987010
FKIT,S+X2_M1_r0,paxoco_mini,702,0.985922
FKIT,S+X2_M1_r0,paxoco_mini,703,0.987376
FKIT,S+X2_M1_r0,paxoco_mini,704,0.983220
FKIT,S+X2_M1_r0,paxoco_mini,705,0.979424
FKIT,S+X2_M1_r0,paxoco_mini,706,0.982769
FKIT,S+X2_M1_r0,paxoco_mini,707,0.986552
FKIT,S+X2_M1_r0,paxoco_mini,708,0.982806
FKIT,S+X2_M1_r0,paxoco_mini,709,0.980574
FKIT,S+X2_M1_r0,paxoco_mini,710,0.980834
FKIT,S+X2_M1_r0,paxoco_mini,711,0.987344
FKIT,S+X2_M1_r0,paxoco_mini,712,0.986508
FKIT,S+X2_M1_r0,paxoco_mini,713,0.989423
FKIT,S+X2_M1_r0,paxoco_mini,714,0.987214
FKIT,S+X2_M1_r0,paxoco_mini,715,0.984751
FKIT,S+X2_M1_r0,paxoco_mini,716,0.985945
FKIT,S+X2_M1_r0,paxoco_mini,717,0.983165
FKIT,S+X2_M1_r0,paxoco_mini,718,0.987514
FKIT,S+X2_M1_r0,paxoco_mini,719,0.982934
FKIT,S+X2_M1_r0,paxoco_mini,720,0.984648
FKIT,S+X2_M1_r0,paxoco_mini,721,0.987803
FKIT,S+X2_M1_r0,paxoco_mini,722,0.988770
FKIT,S+X2_M1_r0,paxoco_mini,723,0.987317
FKIT,S+X2_M1_r0,paxoco_mini,724,0.984071
FKIT,S+X2_M1_r0,paxoco_mini,725,0.984342
FKIT,S+X2_M1_r0,paxoco_mini,726,0.984739
FKIT,S+X2_M1_r0,paxoco_mini,727,0.983642
FKIT,S+X2_M1_r0,paxoco_mini,728,0.982372
FKIT,S+X2_M1_r0,paxoco_mini,729,0.986606
FKIT,S+X2_M1_r0,paxoco_mini,730,0.987757
FKIT,S+X2_M1_r0,paxoco_mini,731,0.989974
FKIT,S+X2_M1_r0,paxoco_mini,732,0.986186
FKIT,S+X2_M1_r0,paxoco_mini,733,0.989102
FKIT,S+X2_M1_r0,paxoco_mini,734,0.987123
FKIT,S+X2_M1_r0,paxoco_mini,735,0.989095
FKIT,S+X2_M1_r0,paxoco_mini,736,0.986751
FKIT,S+X2_M1_r0,paxoco_mini,737,0.986225
FKIT,S+X2_M1_r0,paxoco_mini,738,0.988262
FKIT,S+X2_M1_r0,paxoco_mini,739,0.987666
FKIT,S+X2_M1_r0,paxoco_mini,740,0.988265
FKIT,S+X2_M1_r0,paxoco_mini,741,0.989936
FKIT,S+X2_M1_r0,paxoco_mini,742,0.991366
FKIT,S+X2_M1_r0,paxoco_mini,743,0.992216
FKIT,S+X2_M1_r0,paxoco_mini,744,0.990547
FKIT,S+X2_M1_r0,paxoco_mini,745,0.986920
FKIT,S+X2_M1_r0,paxoco_mini,746,0.988651
FKIT,S+X2_M1_r0,paxoco_mini,747,0.992322
FKIT,S+X2_M1_r0,paxoco_mini,748,0.985883
FKIT,S+X2_M1_r0,paxoco_mini,749,0.989653
FKIT,S+X2_M1_r0,paxoco_mini,750,0.988252
FKIT,S+X2_M1_r0,paxoco_mini,751,0.987113
FKIT,S+X2_M1_r0,paxoco_mini,752,0.989361
FKIT,S+X2_M1_r0,paxoco_mini,753,0.984547
FKIT,S+X2_M1_r0,paxoco_mini,754,0.989411
FKIT,S+X2_M1_r0,paxoco_mini,755,0.988534
FKIT,S+X2_M1_r0,paxoco_mini,756,0.989638
FKIT,S+X2_M1_r0,paxoco_mini,757,0.988825
FKIT,S+X2_M1_r0,paxoco_mini,758,0.992657
FKIT,S+X2_M1_r0,paxoco_mini,759,0.989616
FKIT,S+X2_M1_r0,paxoco_mini,760,0.993058
FKIT,S+X2_M1_r0,paxoco_mini,761,0.993758
FKIT,S+X2_M1_r0,paxoco_mini,762,0.994056
FKIT,S+X2_M1_r0,paxoco_mini,763,0.993961
FKIT,S+X2_M1_r0,paxoco_mini,764,0.993974
FKIT,S+X2_M1_r0,paxoco_mini,765,0.993743
FKIT,S+X2_M1_r0,paxoco_mini,766,0.991653
FKIT,S+X2_M1_r0,paxoco_mini,767,0.993324
FKIT,S+X2_M1_r0,paxoco_mini,768,0.990764
FKIT,S+X2_M1_r0,paxoco_mini,769,0.993323
FKIT,S+X2_M1_r0,paxoco_mini,770,0.992881
FKIT,S+X2_M1_r0,paxoco_mini,771,0.991020
FKIT,S+X2_M1_r0,paxoco_mini,772,0.991363
FKIT,S+X2_M1_r0,paxoco_mini,773,0.989120
FKIT,S+X2_M1_r0,paxoco_mini,774,0.990887
FKIT,S+X2_M1_r0,paxoco_mini,775,0.990640
FKIT,S+X2_M1_r0,paxoco_mini,776,0.990795
FKIT,S+X2_M1_r0,paxoco_mini,777,0.985922
FKIT,S+X2_M1_r0,paxoco_mini,778,0.986830
FKIT,S+X2_M1_r0,paxoco_mini,779,0.987515
FKIT,S+X2_M1_r0,paxoco_mini,780,0.988578
FKIT,S+X2_M1_r0,paxoco_mini,781,0.990600
FKIT,S+X2_M1_r0,paxoco_mini,782,0.991652
FKIT,S+X2_M1_r0,paxoco_mini,783,0.991383
FKIT,S+X2_M1_r0,paxoco_mini,784,0.994812
FKIT,S+X2_M1_r0,paxoco_mini,785,0.994662
FKIT,S+X2_M1_r0,paxoco_mini,786,0.991807
FKIT,S+X2_M1_r0,paxoco_mini,787,0.991721
FKIT,S+X2_M1_r0,paxoco_mini,788,0.994059
FKIT,S+X2_M1_r0,paxoco_mini,789,0.991984
FKIT,S+X2_M1_r0,paxoco_mini,790,0.993751
FKIT,S+X2_M1_r0,paxoco_mini,791,0.991287
FKIT,S+X2_M1_r0,paxoco_mini,792,0.992859
FKIT,S+X2_M1_r0,paxoco_mini,793,0.992765
FKIT,S+X2_M1_r0,paxoco_mini,794,0.993162
FKIT,S+X2_M1_r0,paxoco_mini,795,0.992598
FKIT,S+X2_M1_r0,paxoco_mini,796,0.993901
FKIT,S+X2_M1_r0,paxoco_mini,797,0.994842
FKIT,S+X2_M1_r0,paxoco_mini,798,0.993585
FKIT,S+X2_M1_r0,paxoco_mini,799,0.994410
FKIT,S+X2_M1_r0,paxoco_mini,800,0.993950
FKIT,S+X2_M1_r0,paxoco_mini,801,0.993900
FKIT,S+X2_M1_r0,paxoco_mini,802,0.993499
FKIT,S+X2_M1_r0,paxoco_mini,803,0.993426
FKIT,S+X2_M1_r0,paxoco_mini,804,0.993338
FKIT,S+X2_M1_r0,paxoco_mini,805,0.994543
FKIT,S+X2_M1_r0,paxoco_mini,806,0.993943
FKIT,S+X2_M1_r0,paxoco_mini,807,0.994702
FKIT,S+X2_M1_r0,paxoco_mini,808,0.993424
FKIT,S+X2_M1_r0,paxoco_mini,809,0.995923
FKIT,S+X2_M1_r0,paxoco_mini,810,0.993109
FKIT,S+X2_M1_r0,paxoco_mini,811,0.992717
FKIT,S+X2_M1_r0,paxoco_mini,812,0.993770
FKIT,S+X2_M1_r0,paxoco_mini,813,0.992800
FKIT,S+X2_M1_r0,paxoco_mini,814,0.992313
FKIT,S+X2_M1_r0,paxoco_mini,815,0.994852
FKIT,S+X2_M1_r0,paxoco_mini,816,0.994493
FKIT,S+X2_M1_r0,paxoco_mini,817,0.992901
FKIT,S+X2_M1_r0,paxoco_mini,818,0.991284
FKIT,S+X2_M1_r0,paxoco_mini,819,0.989378
FKIT,S+X2_M1_r0,paxoco_mini,820,0.985974
FKIT,S+X2_M1_r0,paxoco_mini,821,0.987550
FKIT,S+X2_M1_r0,paxoco_mini,822,0.989441
FKIT,S+X2_M1_r0,paxoco_mini,823,0.989563
FKIT,S+X2_M1_r0,paxoco_mini,824,0.990475
FKIT,S+X2_M1_r0,paxoco_mini,825,0.992394
FKIT,S+X2_M1_r0,paxoco_mini,826,0.993802
FKIT,S+X2_M1_r0,paxoco_mini,827,0.984697
FKIT,S+X2_M1_r0,paxoco_mini,828,0.992247
FKIT,S+X2_M1_r0,paxoco_mini,829,0.988571
FKIT,S+X2_M1_r0,paxoco_mini,830,0.993019
FKIT,S+X2_M1_r0,paxoco_mini,831,0.986774
FKIT,S+X2_M1_r0,paxoco_mini,832,0.987676
FKIT,S+X2_M1_r0,paxoco_mini,833,0.988221
FKIT,S+X2_M1_r0,paxoco_mini,834,0.987718
FKIT,S+X2_M1_r0,paxoco_mini,835,0.985453
FKIT,S+X2_M1_r0,paxoco_mini,836,0.985922
FKIT,S+X2_M1_r0,paxoco_mini,837,0.984710
FKIT,S+X2_M1_r0,paxoco_mini,838,0.986110
FKIT,S+X2_M1_r0,paxoco_mini,839,0.982681
FKIT,S+X2_M1_r0,paxoco_mini,840,0.976289
FKIT,S+X2_M1_r0,paxoco_mini,841,0.981153
FKIT,S+X2_M1_r0,paxoco_mini,842,0.979551
FKIT,S+X2_M1_r0,paxoco_mini,843,0.976465
FKIT,S+X2_M1_r0,paxoco_mini,844,0.964288
FKIT,S+X2_M1_r0,paxoco_mini,845,0.958745
FKIT,S+X2_M1_r0,paxoco_mini,846,0.953494
FKIT,S+X2_M1_r0,paxoco_mini,847,0.937288
FKIT,S+X2_M1_r0,paxoco_mini,848,0.942779
FKIT,S+X2_M1_r0,paxoco_mini,849,0.920014
FKIT,S+X2_M1_r0,paxoco_mini,850,0.920554
FKIT,S+X2_M1_r0,paxoco_mini,851,0.924088
FKIT,S+X2_M1_r0,paxoco_mini,852,0.926786
FKIT,S+X2_M1_r0,paxoco_mini,853,0.918712
FKIT,S+X2_M1_r0,paxoco_mini,854,0.917853
FKIT,S+X2_M1_r0,paxoco_mini,855,0.925611
FKIT,S+X2_M1_r0,paxoco_mini,856,0.777790
FKIT,S+X2_M1_r0,paxoco_mini,857,0.930170
FKIT,S+X2_M1_r0,paxoco_mini,858,0.922971
FKIT,S+X2_M1_r0,paxoco_mini,859,0.925771
FKIT,S+X2_M1_r0,paxoco_mini,860,0.921094
FKIT,S+X2_M1_r0,paxoco_mini,861,0.921572
FKIT,S+X2_M1_r0,paxoco_mini,862,0.920472
FKIT,S+X2_M1_r0,paxoco_mini,863,0.917262
FKIT,S+X2_M1_r0,paxoco_mini,864,0.926922
FKIT,S+X2_M1_r0,paxoco_mini,865,0.927125
FKIT,S+X2_M1_r0,paxoco_mini,866,0.931556
FKIT,S+X2_M1_r0,paxoco_mini,867,0.939945
FKIT,S+X2_M1_r0,paxoco_mini,868,0.943119
FKIT,S+X2_M1_r0,paxoco_mini,869,0.948914
FKIT,S+X2_M1_r0,paxoco_mini,870,0.945163
FKIT,S+X2_M1_r0,paxoco_mini,871,0.948672
FKIT,S+X2_M1_r0,paxoco_mini,872,0.939498
FKIT,S+X2_M1_r0,paxoco_mini,873,0.945364
FKIT,S+X2_M1_r0,paxoco_mini,874,0.944127
FKIT,S+X2_M1_r0,paxoco_mini,875,0.943744
FKIT,S+X2_M1_r0,paxoco_mini,876,0.943570
FKIT,S+X2_M1_r0,paxoco_mini,877,0.954364
FKIT,S+X2_M1_r0,paxoco_mini,878,0.955722
FKIT,S+X2_M1_r0,paxoco_mini,879,0.956524
FKIT,S+X2_M1_r0,paxoco_mini,880,0.959228
FKIT,S+X2_M1_r0,paxoco_mini,881,0.961897
FKIT,S+X2_M1_r0,paxoco_mini,882,0.968894
FKIT,S+X2_M1_r0,paxoco_mini,883,0.963971
FKIT,S+X2_M1_r0,paxoco_mini,884,0.967502
FKIT,S+X2_M1_r0,paxoco_mini,885,0.970279
FKIT,S+X2_M1_r0,paxoco_mini,886,0.973888
FKIT,S+X2_M1_r0,paxoco_mini,887,0.983420
FKIT,S+X2_M1_r0,paxoco_mini,888,0.981765
FKIT,S+X2_M1_r0,paxoco_mini,889,0.985252
FKIT,S+X2_M1_r0,paxoco_mini,890,0.982067
FKIT,S+X2_M1_r0,paxoco_mini,891,0.984460
FKIT,S+X2_M1_r0,paxoco_mini,892,0.983527
FKIT,S+X2_M1_r0,paxoco_mini,893,0.983117
FKIT,S+X2_M1_r0,paxoco_mini,894,0.982482
FKIT,S+X2_M1_r0,paxoco_mini,895,0.984177
FKIT,S+X2_M1_r0,paxoco_mini,896,0.985790
FKIT,S+X2_M1_r0,paxoco_mini,897,0.993291
FKIT,S+X2_M1_r0,paxoco_mini,898,0.992561
FKIT,S+X2_M1_r0,paxoco_mini,899,0.993600
FKIT,S+X2_M1_r0,paxoco_mini,900,0.993402
FKIT,S+X2_M1_r0,paxoco_mini,901,0.992871
FKIT,S+X2_M1_r0,paxoco_mini,902,0.991724
FKIT,S+X2_M1_r0,paxoco_mini,903,0.991628
FKIT,S+X2_M1_r0,paxoco_mini,904,0.993223
FKIT,S+X2_M1_r0,paxoco_mini,905,0.993885
FKIT,S+X2_M1_r0,paxoco_mini,906,0.993640
FKIT,S+X2_M1_r0,paxoco_mini,907,0.993541
FKIT,S+X2_M1_r0,paxoco_mini,908,0.993590
FKIT,S+X2_M1_r0,paxoco_mini,909,0.994736
FKIT,S+X2_M1_r0,paxoco_mini,910,0.993465
FKIT,S+X2_M1_r0,pear,0,0.847781
FKIT,S+X2_M1_r0,pear,1,0.840744
FKIT,S+X2_M1_r0,pear,2,0.840922
FKIT,S+X2_M1_r0,pear,3,0.851376
FKIT,S+X2_M1_r0,pear,4,0.848588
FKIT,S+X2_M1_r0,pear,5,0.850099
FKIT,S+X2_M1_r0,pear,6,0.849365
FKIT,S+X2_M1_r0,pear,7,0.849186
FKIT,S+X2_M1_r0,pear,8,0.837975
FKIT,S+X2_M1_r0,pear,9,0.844864
FKIT,S+X2_M1_r0,pear,10,0.849054
FKIT,S+X2_M1_r0,pear,11,0.919821
FKIT,S+X2_M1_r0,pear,12,0.926230
FKIT,S+X2_M1_r0,pear,13,0.922924
FKIT,S+X2_M1_r0,pear,14,0.915302
FKIT,S+X2_M1_r0,pear,15,0.921994
FKIT,S+X2_M1_r0,pear,16,0.920489
FKIT,S+X2_M1_r0,pear,17,0.923554
FKIT,S+X2_M1_r0,pear,18,0.923056
FKIT,S+X2_M1_r0,pear,19,0.921795
FKIT,S+X2_M1_r0,pear,20,0.923106
FKIT,S+X2_M1_r0,pear,21,0.959325
FKIT,S+X2_M1_r0,pear,22,0.957704
FKIT,S+X2_M1_r0,pear,23,0.961579
FKIT,S+X2_M1_r0,pear,24,0.962452
FKIT,S+X2_M1_r0,pear,25,0.960480
FKIT,S+X2_M1_r0,pear,26,0.961446
FKIT,S+X2_M1_r0,pear,27,0.960703
FKIT,S+X2_M1_r0,pear,28,0.952167
FKIT,S+X2_M1_r0,pear,29,0.956254
FKIT,S+X2_M1_r0,pear,30,0.954305
FKIT,S+X2_M1_r0,pear,31,0.975717
FKIT,S+X2_M1_r0,pear,32,0.975918
FKIT,S+X2_M1_r0,pear,33,0.973758
FKIT,S+X2_M1_r0,pear,34,0.975477
FKIT,S+X2_M1_r0,pear,35,0.971948
FKIT,S+X2_M1_r0,pear,36,0.974400
FKIT,S+X2_M1_r0,pear,37,0.974571
FKIT,S+X2_M1_r0,pear,38,0.969621
FKIT,S+X2_M1_r0,pear,39,0.970749
FKIT,S+X2_M1_r0,pear,40,0.976727
FKIT,S+X2_M1_r0,pear,41,0.982790
FKIT,S+X2_M1_r0,pear,42,0.976510
FKIT,S+X2_M1_r0,pear,43,0.980573
FKIT,S+X2_M1_r0,pear,44,0.982446
FKIT,S+X2_M1_r0,pear,45,0.981087
FKIT,S+X2_M1_r0,pear,46,0.977687
FKIT,S+X2_M1_r0,pear,47,0.977105
FKIT,S+X2_M1_r0,pear,48,0.978517
FKIT,S+X2_M1_r0,pear,49,0.980411
FKIT,S+X2_M1_r0,pear,50,0.974525
FKIT,S+X2_M1_r0,pear,51,0.982128
FKIT,S+X2_M1_r0,pear,52,0.983638
FKIT,S+X2_M1_r0,pear,53,0.985356
FKIT,S+X2_M1_r0,pear,54,0.984647
FKIT,S+X2_M1_r0,pear,55,0.982566
FKIT,S+X2_M1_r0,pear,56,0.985981
FKIT,S+X2_M1_r0,pear,57,0.986863
FKIT,S+X2_M1_r0,pear,58,0.984318
FKIT,S+X2_M1_r0,pear,59,0.986242
FKIT,S+X2_M1_r0,pear,60,0.987375
FKIT,S+X2_M1_r0,pear,61,0.987782
FKIT,S+X2_M1_r0,pear,62,0.989147
FKIT,S+X2_M1_r0,pear,63,0.988091
FKIT,S+X2_M1_r0,pear,64,0.986709
FKIT,S+X2_M1_r0,pear,65,0.987584
FKIT,S+X2_M1_r0,pear,66,0.987192
FKIT,S+X2_M1_r0,pear,67,0.980243
FKIT,S+X2_M1_r0,pear,68,0.987060
FKIT,S+X2_M1_r0,pear,69,0.986616
FKIT,S+X2_M1_r0,pear,70,0.987274
FKIT,S+X2_M1_r0,pear,71,0.987011
FKIT,S+X2_M1_r0,pear,72,0.988474
FKIT,S+X2_M1_r0,pear,73,0.983143
FKIT,S+X2_M1_r0,pear,74,0.988700
FKIT,S+X2_M1_r0,pear,75,0.982863
FKIT,S+X2_M1_r0,pear,76,0.988355
FKIT,S+X2_M1_r0,pear,77,0.987565
FKIT,S+X2_M1_r0,pear,78,0.988474
FKIT,S+X2_M1_r0,pear,79,0.986739
FKIT,S+X2_M1_r0,pear,80,0.986656
FKIT,S+X2_M1_r0,pear,81,0.984846
FKIT,S+X2_M1_r0,pear,82,0.982244
FKIT,S+X2_M1_r0,pear,83,0.984358
FKIT,S+X2_M1_r0,pear,84,0.986338
FKIT,S+X2_M1_r0,pear,85,0.987936
FKIT,S+X2_M1_r0,pear,86,0.985602
FKIT,S+X2_M1_r0,pear,87,0.988300
FKIT,S+X2_M1_r0,pear,88,0.982582
FKIT,S+X2_M1_r0,pear,89,0.986745
FKIT,S+X2_M1_r0,pear,90,0.985896
FKIT,S+X2_M1_r0,pear,91,0.988606
FKIT,S+X2_M1_r0,pear,92,0.982530
FKIT,S+X2_M1_r0,pear,93,0.984526
FKIT,S+X2_M1_r0,pear,94,0.989358
FKIT,S+X2_M1_r0,pear,95,0.983902
FKIT,S+X2_M1_r0,pear,96,0.988205
FKIT,S+X2_M1_r0,pear,97,0.988600
FKIT,S+X2_M1_r0,pear,98,0.988965
FKIT,S+X2_M1_r0,pear,99,0.989662
FKIT,S+X2_M1_r0,pear,100,0.991850
FKIT,S+X2_M1_r0,pear,101,0.989805
FKIT,S+X2_M1_r0,pear,102,0.988323
FKIT,S+X2_M1_r0,pear,103,0.989076
FKIT,S+X2_M1_r0,pear,104,0.985257
FKIT,S+X2_M1_r0,pear,105,0.988069
FKIT,S+X2_M1_r0,pear,106,0.980397
FKIT,S+X2_M1_r0,pear,107,0.987965
FKIT,S+X2_M1_r0,pear,108,0.989135
FKIT,S+X2_M1_r0,pear,109,0.988276
FKIT,S+X2_M1_r0,pear,110,0.985974
FKIT,S+X2_M1_r0,pear,111,0.984830
FKIT,S+X2_M1_r0,pear,112,0.987754
FKIT,S+X2_M1_r0,pear,113,0.987672
FKIT,S+X2_M1_r0,pear,114,0.988988
FKIT,S+X2_M1_r0,pear,115,0.990592
FKIT,S+X2_M1_r0,pear,116,0.991172
FKIT,S+X2_M1_r0,pear,117,0.989953
FKIT,S+X2_M1_r0,pear,118,0.990717
FKIT,S+X2_M1_r0,pear,119,0.991723
FKIT,S+X2_M1_r0,pear,120,0.990263
FKIT,S+X2_M1_r0,pear,121,0.988064
FKIT,S+X2_M1_r0,pear,122,0.988124
FKIT,S+X2_M1_r0,pear,123,0.988829
FKIT,S+X2_M1_r0,pear,124,0.991524
FKIT,S+X2_M1_r0,pear,125,0.989334
FKIT,S+X2_M1_r0,pear,126,0.990814
FKIT,S+X2_M1_r0,pear,127,0.988990
FKIT,S+X2_M1_r0,pear,128,0.987427
FKIT,S+X2_M1_r0,pear,129,0.985999
FKIT,S+X2_M1_r0,pear,130,0.988487
FKIT,S+X2_M1_r0,pear,131,0.983429
FKIT,S+X2_M1_r0,pear,132,0.983930
FKIT,S+X2_M1_r0,pear,133,0.984722
FKIT,S+X2_M1_r0,pear,134,0.986358
FKIT,S+X2_M1_r0,pear,135,0.986800
FKIT,S+X2_M1_r0,pear,136,0.986877
FKIT,S+X2_M1_r0,pear,137,0.986785
FKIT,S+X2_M1_r0,pear,138,0.985002
FKIT,S+X2_M1_r0,pear,139,0.984134
FKIT,S+X2_M1_r0,pear,140,0.984071
FKIT,S+X2_M1_r0,pear,141,0.981432
FKIT,S+X2_M1_r0,pear,142,0.983900
FKIT,S+X2_M1_r0,pear,143,0.983297
FKIT,S+X2_M1_r0,pear,144,0.985430
FKIT,S+X2_M1_r0,pear,145,0.986178
FKIT,S+X2_M1_r0,pear,146,0.985394
FKIT,S+X2_M1_r0,pear,147,0.986283
FKIT,S+X2_M1_r0,pear,148,0.984947
FKIT,S+X2_M1_r0,pear,149,0.986130
FKIT,S+X2_M1_r0,pear,150,0.986416
FKIT,S+X2_M1_r0,pear,151,0.982494
FKIT,S+X2_M1_r0,pear,152,0.983540
FKIT,S+X2_M1_r0,pear,153,0.982080
FKIT,S+X2_M1_r0,pear,154,0.985391
FKIT,S+X2_M1_r0,pear,155,0.984832
FKIT,S+X2_M1_r0,pear,156,0.984922
FKIT,S+X2_M1_r0,pear,157,0.988362
FKIT,S+X2_M1_r0,pear,158,0.988051
FKIT,S+X2_M1_r0,pear,159,0.984321
FKIT,S+X2_M1_r0,pear,160,0.979704
FKIT,S+X2_M1_r0,pear,161,0.955357
FKIT,S+X2_M1_r0,pear,162,0.985260
FKIT,S+X2_M1_r0,pear,163,0.982148
FKIT,S+X2_M1_r0,pear,164,0.984126
FKIT,S+X2_M1_r0,pear,165,0.983729
FKIT,S+X2_M1_r0,pear,166,0.982812
FKIT,S+X2_M1_r0,pear,167,0.980313
FKIT,S+X2_M1_r0,pear,168,0.976782
FKIT,S+X2_M1_r0,pear,169,0.971908
FKIT,S+X2_M1_r0,pear,170,0.984226
FKIT,S+X2_M1_r0,pear,171,0.981936
FKIT,S+X2_M1_r0,pear,172,0.977878
FKIT,S+X2_M1_r0,pear,173,0.973183
FKIT,S+X2_M1_r0,pear,174,0.979258
FKIT,S+X2_M1_r0,pear,175,0.980315
FKIT,S+X2_M1_r0,pear,176,0.978241
FKIT,S+X2_M1_r0,pear,177,0.981132
FKIT,S+X2_M1_r0,pear,178,0.979454
FKIT,S+X2_M1_r0,pear,179,0.972050
FKIT,S+X2_M1_r0,pear,180,0.970298
FKIT,S+X2_M1_r0,pear,181,0.966062
FKIT,S+X2_M1_r0,pear,182,0.977848
FKIT,S+X2_M1_r0,pear,183,0.982790
FKIT,S+X2_M1_r0,pear,184,0.982631
FKIT,S+X2_M1_r0,pear,185,0.976875
FKIT,S+X2_M1_r0,pear,186,0.980305
FKIT,S+X2_M1_r0,pear,187,0.981318
FKIT,S+X2_M1_r0,pear,188,0.974653
FKIT,S+X2_M1_r0,pear,189,0.979329
FKIT,S+X2_M1_r0,pear,190,0.972772
FKIT,S+X2_M1_r0,pear,191,0.975777
FKIT,S+X2_M1_r0,pear,192,0.959173
FKIT,S+X2_M1_r0,pear,193,0.971739
FKIT,S+X2_M1_r0,pear,194,0.972009
FKIT,S+X2_M1_r0,pear,195,0.970678
FKIT,S+X2_M1_r0,pear,196,0.976269
FKIT,S+X2_M1_r0,pear,197,0.969956
FKIT,S+X2_M1_r0,pear,198,0.980882
FKIT,S+X2_M1_r0,pear,199,0.983675
FKIT,S+X2_M1_r0,pear,200,0.980695
FKIT,S+X2_M1_r0,pear,201,0.982549
FKIT,S+X2_M1_r0,pear,202,0.981996
FKIT,S+X2_M1_r0,pear,203,0.983421
FKIT,S+X2_M1_r0,pear,204,0.985177
FKIT,S+X2_M1_r0,pear,205,0.983304
FKIT,S+X2_M1_r0,pear,206,0.980550
FKIT,S+X2_M1_r0,pear,207,0.984687
FKIT,S+X2_M1_r0,pear,208,0.985856
FKIT,S+X2_M1_r0,pear,209,0.985568
FKIT,S+X2_M1_r0,pear,210,0.986107
FKIT,S+X2_M1_r0,pear,211,0.980713
FKIT,S+X2_M1_r0,pear,212,0.981745
FKIT,S+X2_M1_r0,pear,213,0.981224
FKIT,S+X2_M1_r0,pear,214,0.979326
FKIT,S+X2_M1_r0,pear,215,0.978529
FKIT,S+X2_M1_r0,pear,216,0.979520
FKIT,S+X2_M1_r0,pear,217,0.976389
FKIT,S+X2_M1_r0,pear,218,0.982884
FKIT,S+X2_M1_r0,pear,219,0.984646
FKIT,S+X2_M1_r0,pear,220,0.982650
FKIT,S+X2_M1_r0,pear,221,0.981541
FKIT,S+X2_M1_r0,pear,222,0.979476
FKIT,S+X2_M1_r0,pear,223,0.981405
FKIT,S+X2_M1_r0,pear,224,0.982640
FKIT,S+X2_M1_r0,pear,225,0.981493
FKIT,S+X2_M1_r0,pear,226,0.981922
FKIT,S+X2_M1_r0,pear,227,0.981531
FKIT,S+X2_M1_r0,pear,228,0.981740
FKIT,S+X2_M1_r0,pear,229,0.979175
FKIT,S+X2_M1_r0,pear,230,0.980318
FKIT,S+X2_M1_r0,pear,231,0.979959
FKIT,S+X2_M1_r0,pear,232,0.978373
FKIT,S+X2_M1_r0,pear,233,0.980596
FKIT,S+X2_M1_r0,pear,234,0.979288
FKIT,S+X2_M1_r0,pear,235,0.979829
FKIT,S+X2_M1_r0,pear,236,0.979321
FKIT,S+X2_M1_r0,pear,237,0.978993
FKIT,S+X2_M1_r0,pear,238,0.977575
FKIT,S+X2_M1_r0,pear,239,0.980054
FKIT,S+X2_M1_r0,pear,240,0.978196
FKIT,S+X2_M1_r0,pear,241,0.978127
FKIT,S+X2_M1_r0,pear,242,0.978991
FKIT,S+X2_M1_r0,pear,243,0.977522
FKIT,S+X2_M1_r0,pear,244,0.979552
FKIT,S+X2_M1_r0,pear,245,0.979020
FKIT,S+X2_M1_r0,pear,246,0.980309
FKIT,S+X2_M1_r0,pear,247,0.979011
FKIT,S+X2_M1_r0,pear,248,0.981493
FKIT,S+X2_M1_r0,pear,249,0.982442
FKIT,S+X2_M1_r0,pear,250,0.980377
FKIT,S+X2_M1_r0,pear,251,0.979003
FKIT,S+X2_M1_r0,pear,252,0.978395
FKIT,S+X2_M1_r0,pear,253,0.979337
FKIT,S+X2_M1_r0,pear,254,0.982134
FKIT,S+X2_M1_r0,pear,255,0.982687
FKIT,S+X2_M1_r0,pear,256,0.983024
FKIT,S+X2_M1_r0,pear,257,0.981668
FKIT,S+X2_M1_r0,pear,258,0.980346
FKIT,S+X2_M1_r0,pear,259,0.979932
FKIT,S+X2_M1_r0,pear,260,0.976862
FKIT,S+X2_M1_r0,pear,261,0.977724
FKIT,S+X2_M1_r0,pear,262,0.978112
FKIT,S+X2_M1_r0,pear,263,0.977962
FKIT,S+X2_M1_r0,pear,264,0.978268
FKIT,S+X2_M1_r0,pear,265,0.977497
FKIT,S+X2_M1_r0,pear,266,0.977192
FKIT,S+X2_M1_r0,pear,267,0.978361
FKIT,S+X2_M1_r0,pear,268,0.976107
FKIT,S+X2_M1_r0,pear,269,0.974710
FKIT,S+X2_M1_r0,pear,270,0.976631
FKIT,S+X2_M1_r0,pear,271,0.976528
FKIT,S+X2_M1_r0,pear,272,0.974476
FKIT,S+X2_M1_r0,pear,273,0.973228
FKIT,S+X2_M1_r0,pear,274,0.974909
FKIT,S+X2_M1_r0,pear,275,0.971817
FKIT,S+X2_M1_r0,pear,276,0.969747
FKIT,S+X2_M1_r0,pear,277,0.974038
FKIT,S+X2_M1_r0,pear,278,0.973756
FKIT,S+X2_M1_r0,pear,279,0.971880
FKIT,S+X2_M1_r0,pear,280,0.972486
FKIT,S+X2_M1_r0,pear,281,0.969741
FKIT,S+X2_M1_r0,pear,282,0.971427
FKIT,S+X2_M1_r0,pear,283,0.968117
FKIT,S+X2_M1_r0,pear,284,0.970642
FKIT,S+X2_M1_r0,pear,285,0.975055
FKIT,S+X2_M1_r0,pear,286,0.969735
FKIT,S+X2_M1_r0,pear,287,0.972752
FKIT,S+X2_M1_r0,pear,288,0.971306
FKIT,S+X2_M1_r0,pear,289,0.972092
FKIT,S+X2_M1_r0,pear,290,0.973436
FKIT,S+X2_M1_r0,pear,291,0.971497
FKIT,S+X2_M1_r0,pear,292,0.970239
FKIT,S+X2_M1_r0,pear,293,0.969506
FKIT,S+X2_M1_r0,pear,294,0.970205
FKIT,S+X2_M1_r0,pear,295,0.971249
FKIT,S+X2_M1_r0,pear,296,0.972969
FKIT,S+X2_M1_r0,pear,297,0.972826
FKIT,S+X2_M1_r0,pear,298,0.972156
FKIT,S+X2_M1_r0,pear,299,0.968399
FKIT,S+X2_M1_r0,pear,300,0.970856
FKIT,S+X2_M1_r0,pear,301,0.974007
FKIT,S+X2_M1_r0,pear,302,0.975038
FKIT,S+X2_M1_r0,pear,303,0.975489
FKIT,S+X2_M1_r0,pear,304,0.976344
FKIT,S+X2_M1_r0,pear,305,0.972616
FKIT,S+X2_M1_r0,pear,306,0.972247
FKIT,S+X2_M1_r0,pear,307,0.972724
FKIT,S+X2_M1_r0,pear,308,0.975591
FKIT,S+X2_M1_r0,pear,309,0.974462
FKIT,S+X2_M1_r0,pear,310,0.974454
FKIT,S+X2_M1_r0,pear,311,0.974531
FKIT,S+X2_M1_r0,pear,312,0.975713
FKIT,S+X2_M1_r0,pear,313,0.973580
FKIT,S+X2_M1_r0,pear,314,0.975098
FKIT,S+X2_M1_r0,pear,315,0.975968
FKIT,S+X2_M1_r0,pear,316,0.972428
FKIT,S+X2_M1_r0,pear,317,0.970521
FKIT,S+X2_M1_r0,pear,318,0.973113
FKIT,S+X2_M1_r0,pear,319,0.972556
FKIT,S+X2_M1_r0,pear,320,0.976360
FKIT,S+X2_M1_r0,pear,321,0.975946
FKIT,S+X2_M1_r0,pear,322,0.971667
FKIT,S+X2_M1_r0,pear,323,0.969953
FKIT,S+X2_M1_r0,pear,324,0.974006
FKIT,S+X2_M1_r0,pear,325,0.971498
FKIT,S+X2_M1_r0,pear,326,0.973428
FKIT,S+X2_M1_r0,pear,327,0.971509
FKIT,S+X2_M1_r0,pear,328,0.973214
FKIT,S+X2_M1_r0,pear,329,0.971604
FKIT,S+X2_M1_r0,pear,330,0.973147
FKIT,S+X2_M1_r0,pear,331,0.975445
FKIT,S+X2_M1_r0,pear,332,0.974978
FKIT,S+X2_M1_r0,pear,333,0.973197
FKIT,S+X2_M1_r0,pear,334,0.975590
FKIT,S+X2_M1_r0,pear,335,0.975828
FKIT,S+X2_M1_r0,pear,336,0.975486
FKIT,S+X2_M1_r0,pear,337,0.977050
FKIT,S+X2_M1_r0,pear,338,0.976969
FKIT,S+X2_M1_r0,pear,339,0.978128
FKIT,S+X2_M1_r0,pear,340,0.978934
FKIT,S+X2_M1_r0,pear,341,0.978441
FKIT,S+X2_M1_r0,pear,342,0.976672
FKIT,S+X2_M1_r0,pear,343,0.978293
FKIT,S+X2_M1_r0,pear,344,0.977002
FKIT,S+X2_M1_r0,pear,345,0.976702
FKIT,S+X2_M1_r0,pear,346,0.973873
FKIT,S+X2_M1_r0,pear,347,0.977909
FKIT,S+X2_M1_r0,pear,348,0.979097
FKIT,S+X2_M1_r0,pear,349,0.980067
FKIT,S+X2_M1_r0,pear,350,0.981245
FKIT,S+X2_M1_r0,pear,351,0.978318
FKIT,S+X2_M1_r0,pear,352,0.982530
FKIT,S+X2_M1_r0,pear,353,0.981921
FKIT,S+X2_M1_r0,pear,354,0.989764
FKIT,S+X2_M1_r0,pear,355,0.988250
FKIT,S+X2_M1_r0,pear,356,0.989119
FKIT,S+X2_M1_r0,pear,357,0.988791
FKIT,S+X2_M1_r0,pear,358,0.989309
FKIT,S+X2_M1_r0,pear,359,0.986916
FKIT,S+X2_M1_r0,pear,360,0.987281
FKIT,S+X2_M1_r0,pear,361,0.987818
FKIT,S+X2_M1_r0,pear,362,0.984664
FKIT,S+X2_M1_r0,pear,363,0.985437
FKIT,S+X2_M1_r0,pear,364,0.989050
FKIT,S+X2_M1_r0,pear,365,0.990471
FKIT,S+X2_M1_r0,pear,366,0.989871
FKIT,S+X2_M1_r0,pear,367,0.989857
FKIT,S+X2_M1_r0,pear,368,0.989822
FKIT,S+X2_M1_r0,pear,369,0.990713
FKIT,S+X2_M1_r0,pear,370,0.988127
FKIT,S+X2_M1_r0,pear,371,0.987903
FKIT,S+X2_M1_r0,pear,372,0.988301
FKIT,S+X2_M1_r0,pear,373,0.988388
FKIT,S+X2_M1_r0,pear,374,0.989126
FKIT,S+X2_M1_r0,pear,375,0.988918
FKIT,S+X2_M1_r0,pear,376,0.990483
FKIT,S+X2_M1_r0,pear,377,0.990871
FKIT,S+X2_M1_r0,pear,378,0.985372
FKIT,S+X2_M1_r0,pear,379,0.989421
FKIT,S+X2_M1_r0,pear,380,0.991877
FKIT,S+X2_M1_r0,pear,381,0.992646
FKIT,S+X2_M1_r0,pear,382,0.991229
FKIT,S+X2_M1_r0,pear,383,0.988141
FKIT,S+X2_M1_r0,pear,384,0.992629
FKIT,S+X2_M1_r0,pear,385,0.992767
FKIT,S+X2_M1_r0,pear,386,0.992037
FKIT,S+X2_M1_r0,pear,387,0.993374
FKIT,S+X2_M1_r0,pear,388,0.994762
FKIT,S+X2_M1_r0,pear,389,0.992002
FKIT,S+X2_M1_r0,pear,390,0.990544
FKIT,S+X2_M1_r0,pear,391,0.991140
FKIT,S+X2_M1_r0,pear,392,0.990510
FKIT,S+X2_M1_r0,pear,393,0.989724
FKIT,S+X2_M1_r0,pear,394,0.990737
FKIT,S+X2_M1_r0,pear,395,0.990836
FKIT,S+X2_M1_r0,pear,396,0.990210
FKIT,S+X2_M1_r0,pear,397,0.990159
FKIT,S+X2_M1_r0,pear,398,0.990705
FKIT,S+X2_M1_r0,pear,399,0.989718
FKIT,S+X2_M1_r0,pear,400,0.991419
FKIT,S+X2_M1_r0,pear,401,0.991402
FKIT,S+X2_M1_r0,pear,402,0.990178
FKIT,S+X2_M1_r0,pear,403,0.991271
FKIT,S+X2_M1_r0,pear,404,0.990077
FKIT,S+X2_M1_r0,pear,405,0.992137
FKIT,S+X2_M1_r0,pear,406,0.990352
FKIT,S+X2_M1_r0,pear,407,0.989739
FKIT,S+X2_M1_r0,pear,408,0.991712
FKIT,S+X2_M1_r0,pear,409,0.992060
FKIT,S+X2_M1_r0,pear,410,0.988077
FKIT,S+X2_M1_r0,pear,411,0.990963
FKIT,S+X2_M1_r0,pear,412,0.993925
FKIT,S+X2_M1_r0,pear,413,0.991205
FKIT,S+X2_M1_r0,pear,414,0.992053
FKIT,S+X2_M1_r0,pear,415,0.991014
FKIT,S+X2_M1_r0,pear,416,0.992605
FKIT,S+X2_M1_r0,pear,417,0.991670
FKIT,S+X2_M1_r0,pear,418,0.992959
FKIT,S+X2_M1_r0,pear,419,0.992623
FKIT,S+X2_M1_r0,pear,420,0.991630
FKIT,S+X2_M1_r0,pear,421,0.990630
FKIT,S+X2_M1_r0,pear,422,0.994412
FKIT,S+X2_M1_r0,pear,423,0.992946
FKIT,S+X2_M1_r0,pear,424,0.992293
FKIT,S+X2_M1_r0,pear,425,0.991177
FKIT,S+X2_M1_r0,pear,426,0.991469
FKIT,S+X2_M1_r0,pear,427,0.993366
FKIT,S+X2_M1_r0,pear,428,0.992727
FKIT,S+X2_M1_r0,pear,429,0.991144
FKIT,S+X2_M1_r0,pear,430,0.989976
FKIT,S+X2_M1_r0,pear,431,0.991378
FKIT,S+X2_M1_r0,pear,432,0.991511
FKIT,S+X2_M1_r0,pear,433,0.991475
FKIT,S+X2_M1_r0,pear,434,0.992498
FKIT,S+X2_M1_r0,pear,435,0.991430
FKIT,S+X2_M1_r0,pear,436,0.991182
FKIT,S+X2_M1_r0,pear,437,0.992059
FKIT,S+X2_M1_r0,pear,438,0.990364
FKIT,S+X2_M1_r0,pear,439,0.990747
FKIT,S+X2_M1_r0,pear,440,0.992507
FKIT,S+X2_M1_r0,pear,441,0.989840
FKIT,S+X2_M1_r0,pear,442,0.992011
FKIT,S+X2_M1_r0,pear,443,0.991375
FKIT,S+X2_M1_r0,pear,444,0.987600
FKIT,S+X2_M1_r0,pear,445,0.986171
FKIT,S+X2_M1_r0,pear,446,0.988012
FKIT,S+X2_M1_r0,pear,447,0.989168
FKIT,S+X2_M1_r0,pear,448,0.993306
FKIT,S+X2_M1_r0,pear,449,0.988347
FKIT,S+X2_M1_r0,pear,450,0.991654
FKIT,S+X2_M1_r0,pear,451,0.986625
FKIT,S+X2_M1_r0,pear,452,0.983646
FKIT,S+X2_M1_r0,pear,453,0.985797
FKIT,S+X2_M1_r0,pear,454,0.987903
FKIT,S+X2_M1_r0,pear,455,0.986859
FKIT,S+X2_M1_r0,pear,456,0.989740
FKIT,S+X2_M1_r0,pear,457,0.988828
FKIT,S+X2_M1_r0,pear,458,0.987615
FKIT,S+X2_M1_r0,pear,459,0.991083
FKIT,S+X2_M1_r0,pear,460,0.991218
FKIT,S+X2_M1_r0,pear,461,0.989817
FKIT,S+X2_M1_r0,pear,462,0.988916
FKIT,S+X2_M1_r0,pear,463,0.987982
FKIT,S+X2_M1_r0,pear,464,0.991611
FKIT,S+X2_M1_r0,pear,465,0.988508
FKIT,S+X2_M1_r0,pear,466,0.990622
FKIT,S+X2_M1_r0,pear,467,0.988759
FKIT,S+X2_M1_r0,pear,468,0.987109
FKIT,S+X2_M1_r0,pear,469,0.990028
FKIT,S+X2_M1_r0,pear,470,0.988471
FKIT,S+X2_M1_r0,pear,471,0.988839
FKIT,S+X2_M1_r0,pear,472,0.991122
FKIT,S+X2_M1_r0,pear,473,0.989734
FKIT,S+X2_M1_r0,pear,474,0.989360
FKIT,S+X2_M1_r0,pear,475,0.987686
FKIT,S+X2_M1_r0,pear,476,0.988708
FKIT,S+X2_M1_r0,pear,477,0.989300
FKIT,S+X2_M1_r0,pear,478,0.988835
FKIT,S+X2_M1_r0,pear,479,0.990834
FKIT,S+X2_M1_r0,pear,480,0.991850
FKIT,S+X2_M1_r0,pear,481,0.990685
FKIT,S+X2_M1_r0,pear,482,0.990677
FKIT,S+X2_M1_r0,pear,483,0.989579
FKIT,S+X2_M1_r0,pear,484,0.988213
FKIT,S+X2_M1_r0,pear,485,0.990331
FKIT,S+X2_M1_r0,pear,486,0.990537
FKIT,S+X2_M1_r0,pear,487,0.988055
FKIT,S+X2_M1_r0,pear,488,0.986818
FKIT,S+X2_M1_r0,pear,489,0.988614
FKIT,S+X2_M1_r0,pear,490,0.981996
FKIT,S+X2_M1_r0,pear,491,0.984472
FKIT,S+X2_M1_r0,pear,492,0.983508
FKIT,S+X2_M1_r0,pear,493,0.984582
FKIT,S+X2_M1_r0,pear,494,0.986755
FKIT,S+X2_M1_r0,pear,495,0.987947
FKIT,S+X2_M1_r0,pear,496,0.987424
FKIT,S+X2_M1_r0,pear,497,0.982934
FKIT,S+X2_M1_r0,pear,498,0.986531
FKIT,S+X2_M1_r0,pear,499,0.987556
FKIT,S+X2_M1_r0,pear,500,0.985766
FKIT,S+X2_M1_r0,pear,501,0.982883
FKIT,S+X2_M1_r0,pear,502,0.981996
FKIT,S+X2_M1_r0,pear,503,0.982286
FKIT,S+X2_M1_r0,pear,504,0.987444
FKIT,S+X2_M1_r0,pear,505,0.988115
FKIT,S+X2_M1_r0,pear,506,0.986073
FKIT,S+X2_M1_r0,pear,507,0.982421
FKIT,S+X2_M1_r0,pear,508,0.987796
FKIT,S+X2_M1_r0,pear,509,0.987864
FKIT,S+X2_M1_r0,pear,510,0.983005
FKIT,S+X2_M1_r0,pear,511,0.984870
FKIT,S+X2_M1_r0,pear,512,0.987516
FKIT,S+X2_M1_r0,pear,513,0.984998
FKIT,S+X2_M1_r0,pear,514,0.989108
FKIT,S+X2_M1_r0,pear,515,0.986298
FKIT,S+X2_M1_r0,pear,516,0.989955
FKIT,S+X2_M1_r0,pear,517,0.988216
FKIT,S+X2_M1_r0,pear,518,0.990087
FKIT,S+X2_M1_r0,pear,519,0.991519
FKIT,S+X2_M1_r0,pear,520,0.987216
FKIT,S+X2_M1_r0,pear,521,0.985360
FKIT,S+X2_M1_r0,pear,522,0.985135
FKIT,S+X2_M1_r0,pear,523,0.985302
FKIT,S+X2_M1_r0,pear,524,0.988440
FKIT,S+X2_M1_r0,pear,525,0.989125
FKIT,S+X2_M1_r0,pear,526,0.987658
FKIT,S+X2_M1_r0,pear,527,0.987911
FKIT,S+X2_M1_r0,pear,528,0.988618
FKIT,S+X2_M1_r0,pear,529,0.988305
FKIT,S+X2_M1_r0,pear,530,0.988298
FKIT,S+X2_M1_r0,pear,531,0.989785
FKIT,S+X2_M1_r0,pear,532,0.988009
FKIT,S+X2_M1_r0,pear,533,0.988558
FKIT,S+X2_M1_r0,pear,534,0.988486
FKIT,S+X2_M1_r0,pear,535,0.987934
FKIT,S+X2_M1_r0,pear,536,0.990852
FKIT,S+X2_M1_r0,pear,537,0.990950
FKIT,S+X2_M1_r0,pear,538,0.991558
FKIT,S+X2_M1_r0,pear,539,0.988791
FKIT,S+X2_M1_r0,pear,540,0.988291
FKIT,S+X2_M1_r0,pear,541,0.989036
FKIT,S+X2_M1_r0,pear,542,0.986672
FKIT,S+X2_M1_r0,pear,543,0.989555
FKIT,S+X2_M1_r0,pear,544,0.991503
FKIT,S+X2_M1_r0,pear,545,0.990596
FKIT,S+X2_M1_r0,pear,546,0.991837
FKIT,S+X2_M1_r0,pear,547,0.991940
FKIT,S+X2_M1_r0,pear,548,0.992214
FKIT,S+X2_M1_r0,pear,549,0.989927
FKIT,S+X2_M1_r0,pear,550,0.987536
FKIT,S+X2_M1_r0,pear,551,0.985553
FKIT,S+X2_M1_r0,pear,552,0.989296
FKIT,S+X2_M1_r0,pear,553,0.984814
FKIT,S+X2_M1_r0,pear,554,0.985285
FKIT,S+X2_M1_r0,pear,555,0.982890
FKIT,S+X2_M1_r0,pear,556,0.982836
FKIT,S+X2_M1_r0,pear,557,0.984595
FKIT,S+X2_M1_r0,pear,558,0.984299
FKIT,S+X2_M1_r0,pear,559,0.984802
FKIT,S+X2_M1_r0,pear,560,0.984248
FKIT,S+X2_M1_r0,pear,561,0.987394
FKIT,S+X2_M1_r0,pear,562,0.984752
FKIT,S+X2_M1_r0,pear,563,0.980486
FKIT,S+X2_M1_r0,pear,564,0.978930
FKIT,S+X2_M1_r0,pear,565,0.980967
FKIT,S+X2_M1_r0,pear,566,0.981337
FKIT,S+X2_M1_r0,pear,567,0.978785
FKIT,S+X2_M1_r0,pear,568,0.979766
FKIT,S+X2_M1_r0,pear,569,0.980656
FKIT,S+X2_M1_r0,pear,570,0.973498
FKIT,S+X2_M1_r0,pear,571,0.978329
FKIT,S+X2_M1_r0,pear,572,0.978431
FKIT,S+X2_M1_r0,pear,573,0.978160
FKIT,S+X2_M1_r0,pear,574,0.972258
FKIT,S+X2_M1_r0,pear,575,0.964323
FKIT,S+X2_M1_r0,pear,576,0.965647
FKIT,S+X2_M1_r0,pear,577,0.971223
FKIT,S+X2_M1_r0,pear,578,0.975899
FKIT,S+X2_M1_r0,pear,579,0.976034
FKIT,S+X2_M1_r0,pear,580,0.971742
FKIT,S+X2_M1_r0,pear,581,0.974670
FKIT,S+X2_M1_r0,pear,582,0.971901
FKIT,S+X2_M1_r0,pear,583,0.975375
FKIT,S+X2_M1_r0,pear,584,0.969141
FKIT,S+X2_M1_r0,pear,585,0.971088
FKIT,S+X2_M1_r0,pear,586,0.967905
FKIT,S+X2_M1_r0,pear,587,0.971468
FKIT,S+X2_M1_r0,pear,588,0.967254
FKIT,S+X2_M1_r0,pear,589,0.968589
FKIT,S+X2_M1_r0,pear,590,0.969283
FKIT,S+X2_M1_r0,pear,591,0.965070
FKIT,S+X2_M1_r0,pear,592,0.961451
FKIT,S+X2_M1_r0,pear,593,0.964301
FKIT,S+X2_M1_r0,pear,594,0.965158
FKIT,S+X2_M1_r0,pear,595,0.961186
FKIT,S+X2_M1_r0,pear,596,0.949793
FKIT,S+X2_M1_r0,pear,597,0.947597
FKIT,S+X2_M1_r0,pear,598,0.962935
FKIT,S+X2_M1_r0,pear,599,0.963923
FKIT,S+X2_M1_r0,pear,600,0.961896
FKIT,S+X2_M1_r0,pear,601,0.960742
FKIT,S+X2_M1_r0,pear,602,0.947064
FKIT,S+X2_M1_r0,pear,603,0.917931
FKIT,S+X2_M1_r0,pear,604,0.916226
FKIT,S+X2_M1_r0,pear,605,0.935252
FKIT,S+X2_M1_r0,pear,606,0.923238
FKIT,S+X2_M1_r0,pear,607,0.584081
FKIT,S+X2_M1_r0,pear,608,0.926064
FKIT,S+X2_M1_r0,pear,609,0.910685
FKIT,S+X2_M1_r0,pear,610,0.893345
FKIT,S+X2_M1_r0,pear,611,0.916430
FKIT,S+X2_M1_r0,pear,612,0.916918
FKIT,S+X2_M1_r0,pear,613,0.907767
FKIT,S+X2_M1_r0,pear,614,0.917165
FKIT,S+X2_M1_r0,pear,615,0.928837
FKIT,S+X2_M1_r0,pear,616,0.938587
FKIT,S+X2_M1_r0,pear,617,0.934575
FKIT,S+X2_M1_r0,pear,618,0.947052
FKIT,S+X2_M1_r0,pear,619,0.939046
FKIT,S+X2_M1_r0,pear,620,0.947294
FKIT,S+X2_M1_r0,pear,621,0.951411
FKIT,S+X2_M1_r0,pear,622,0.960664
FKIT,S+X2_M1_r0,pear,623,0.954374
FKIT,S+X2_M1_r0,pear,624,0.955315
FKIT,S+X2_M1_r0,pear,625,0.957006
FKIT,S+X2_M1_r0,pear,626,0.954445
FKIT,S+X2_M1_r0,pear,627,0.957052
FKIT,S+X2_M1_r0,pear,628,0.964440
FKIT,S+X2_M1_r0,pear,629,0.961631
FKIT,S+X2_M1_r0,pear,630,0.963675
FKIT,S+X2_M1_r0,pear,631,0.966420
FKIT,S+X2_M1_r0,pear,632,0.958881
FKIT,S+X2_M1_r0,pear,633,0.959786
FKIT,S+X2_M1_r0,pear,634,0.964159
FKIT,S+X2_M1_r0,pear,635,0.954522
FKIT,S+X2_M1_r0,pear,636,0.953600
FKIT,S+X2_M1_r0,pear,637,0.958824
FKIT,S+X2_M1_r0,pear,638,0.968410
FKIT,S+X2_M1_r0,pear,639,0.968352
FKIT,S+X2_M1_r0,pear,640,0.966572
FKIT,S+X2_M1_r0,pear,641,0.961366
FKIT,S+X2_M1_r0,pear,642,0.960407
FKIT,S+X2_M1_r0,pear,643,0.964429
FKIT,S+X2_M1_r0,pear,644,0.964482
FKIT,S+X2_M1_r0,pear,645,0.967091
FKIT,S+X2_M1_r0,pear,646,0.966077
FKIT,S+X2_M1_r0,pear,647,0.964331
FKIT,S+X2_M1_r0,pear,648,0.973462
FKIT,S+X2_M1_r0,pear,649,0.969009
FKIT,S+X2_M1_r0,pear,650,0.971382
FKIT,S+X2_M1_r0,pear,651,0.974183
FKIT,S+X2_M1_r0,pear,652,0.965034
FKIT,S+X2_M1_r0,pear,653,0.973022
FKIT,S+X2_M1_r0,pear,654,0.972845
FKIT,S+X2_M1_r0,pear,655,0.965913
FKIT,S+X2_M1_r0,pear,656,0.970016
FKIT,S+X2_M1_r0,pear,657,0.966235
FKIT,S+X2_M1_r0,pear,658,0.974596
FKIT,S+X2_M1_r0,pear,659,0.972782
FKIT,S+X2_M1_r0,pear,660,0.975045
FKIT,S+X2_M1_r0,pear,661,0.973168
FKIT,S+X2_M1_r0,pear,662,0.972734
FKIT,S+X2_M1_r0,pear,663,0.971014
FKIT,S+X2_M1_r0,pear,664,0.971449
FKIT,S+X2_M1_r0,pear,665,0.978249
FKIT,S+X2_M1_r0,pear,666,0.973516
FKIT,S+X2_M1_r0,pear,667,0.973498
FKIT,S+X2_M1_r0,pear,668,0.982209
FKIT,S+X2_M1_r0,pear,669,0.973096
FKIT,S+X2_M1_r0,pear,670,0.972680
FKIT,S+X2_M1_r0,pear,671,0.978835
FKIT,S+X2_M1_r0,pear,672,0.969537
FKIT,S+X2_M1_r0,pear,673,0.966661
FKIT,S+X2_M1_r0,pear,674,0.959144
FKIT,S+X2_M1_r0,pear,675,0.948479
FKIT,S+X2_M1_r0,pear,676,0.957420
FKIT,S+X2_M1_r0,pear,677,0.956601
FKIT,S+X2_M1_r0,pear,678,0.965796
FKIT,S+X2_M1_r0,pear,679,0.966957
FKIT,S+X2_M1_r0,pear,680,0.970152
FKIT,S+X2_M1_r0,pear,681,0.963889
FKIT,S+X2_M1_r0,pear,682,0.960685
FKIT,S+X2_M1_r0,pear,683,0.955218
FKIT,S+X2_M1_r0,pear,684,0.948565
FKIT,S+X2_M1_r0,pear,685,0.948656
FKIT,S+X2_M1_r0,pear,686,0.958243
FKIT,S+X2_M1_r0,pear,687,0.952108
FKIT,S+X2_M1_r0,pear,688,0.945509
FKIT,S+X2_M1_r0,pear,689,0.952397
FKIT,S+X2_M1_r0,pear,690,0.945464
FKIT,S+X2_M1_r0,pear,691,0.952342
FKIT,S+X2_M1_r0,pear,692,0.960301
FKIT,S+X2_M1_r0,pear,693,0.956529
FKIT,S+X2_M1_r0,pear,694,0.945872
FKIT,S+X2_M1_r0,pear,695,0.951466
FKIT,S+X2_M1_r0,pear,696,0.961382
FKIT,S+X2_M1_r0,pear,697,0.957284
FKIT,S+X2_M1_r0,pear,698,0.960791
FKIT,S+X2_M1_r0,pear,699,0.958749
FKIT,S+X2_M1_r0,pear,700,0.963762
FKIT,S+X2_M1_r0,pear,701,0.963834
FKIT,S+X2_M1_r0,pear,702,0.961291
FKIT,S+X2_M1_r0,pear,703,0.961925
FKIT,S+X2_M1_r0,pear,704,0.963164
FKIT,S+X2_M1_r0,pear,705,0.959287
FKIT,S+X2_M1_r0,pear,706,0.959553
FKIT,S+X2_M1_r0,pear,707,0.949819
FKIT,S+X2_M1_r0,pear,708,0.943471
FKIT,S+X2_M1_r0,pear,709,0.951466
FKIT,S+X2_M1_r0,pear,710,0.936730
FKIT,S+X2_M1_r0,pear,711,0.942867
FKIT,S+X2_M1_r0,pear,712,0.941049
FKIT,S+X2_M1_r0,pear,713,0.943770
FKIT,S+X2_M1_r0,pear,714,0.932712
FKIT,S+X2_M1_r0,pear,715,0.935052
FKIT,S+X2_M1_r0,pear,716,0.928476
FKIT,S+X2_M1_r0,pear,717,0.921180
FKIT,S+X2_M1_r0,pear,718,0.939866
FKIT,S+X2_M1_r0,pear,719,0.948860
FKIT,S+X2_M1_r0,pear,720,0.944472
FKIT,S+X2_M1_r0,pear,721,0.945224
FKIT,S+X2_M1_r0,pear,722,0.940571
FKIT,S+X2_M1_r0,pear,723,0.938459
FKIT,S+X2_M1_r0,pear,724,0.925564
FKIT,S+X2_M1_r0,pear,725,0.943278
FKIT,S+X2_M1_r0,pear,726,0.933706
FKIT,S+X2_M1_r0,pear,727,0.940325
FKIT,S+X2_M1_r0,pear,728,0.948606
FKIT,S+X2_M1_r0,pear,729,0.946282
FKIT,S+X2_M1_r0,pear,730,0.937470
FKIT,S+X2_M1_r0,pear,731,0.938464
FKIT,S+X2_M1_r0,pear,732,0.940176
FKIT,S+X2_M1_r0,pear,733,0.950000
FKIT,S+X2_M1_r0,pear,734,0.934918
FKIT,S+X2_M1_r0,pear,735,0.946616
FKIT,S+X2_M1_r0,pear,736,0.941111
FKIT,S+X2_M1_r0,pear,737,0.952524
FKIT,S+X2_M1_r0,pear,738,0.953267
FKIT,S+X2_M1_r0,pear,739,0.960900
FKIT,S+X2_M1_r0,pear,740,0.968934
FKIT,S+X2_M1_r0,pear,741,0.962957
FKIT,S+X2_M1_r0,pear,742,0.953410
FKIT,S+X2_M1_r0,pear,743,0.971880
FKIT,S+X2_M1_r0,pear,744,0.952267
FKIT,S+X2_M1_r0,pear,745,0.959220
FKIT,S+X2_M1_r0,pear,746,0.951606
FKIT,S+X2_M1_r0,pear,747,0.963531
FKIT,S+X2_M1_r0,pear,748,0.968143
FKIT,S+X2_M1_r0,pear,749,0.971494
FKIT,S+X2_M1_r0,pear,750,0.966815
FKIT,S+X2_M1_r0,pear,751,0.969145
FKIT,S+X2_M1_r0,pear,752,0.965705
FKIT,S+X2_M1_r0,pear,753,0.962940
FKIT,S+X2_M1_r0,pear,754,0.971916
FKIT,S+X2_M1_r0,pear,755,0.967633
FKIT,S+X2_M1_r0,pear,756,0.962667
FKIT,S+X2_M1_r0,pear,757,0.970624
FKIT,S+X2_M1_r0,pear,758,0.971794
FKIT,S+X2_M1_r0,pear,759,0.965949
FKIT,S+X2_M1_r0,pear,760,0.965948
FKIT,S+X2_M1_r0,pear,761,0.964062
FKIT,S+X2_M1_r0,pear,762,0.967452
FKIT,S+X2_M1_r0,pear,763,0.971171
FKIT,S+X2_M1_r0,pear,764,0.973144
FKIT,S+X2_M1_r0,pear,765,0.965120
FKIT,S+X2_M1_r0,pear,766,0.972961
FKIT,S+X2_M1_r0,pear,767,0.968649
FKIT,S+X2_M1_r0,pear,768,0.979157
FKIT,S+X2_M1_r0,pear,769,0.978501
FKIT,S+X2_M1_r0,pear,770,0.973503
FKIT,S+X2_M1_r0,pear,771,0.978451
FKIT,S+X2_M1_r0,pear,772,0.972617
FKIT,S+X2_M1_r0,pear,773,0.974957
FKIT,S+X2_M1_r0,pear,774,0.971225
FKIT,S+X2_M1_r0,pear,775,0.974601
FKIT,S+X2_M1_r0,pear,776,0.972555
FKIT,S+X2_M1_r0,pear,777,0.970067
FKIT,S+X2_M1_r0,pear,778,0.982718
FKIT,S+X2_M1_r0,pear,779,0.982555
FKIT,S+X2_M1_r0,pear,780,0.984013
FKIT,S+X2_M1_r0,pear,781,0.985133
FKIT,S+X2_M1_r0,pear,782,0.987691
FKIT,S+X2_M1_r0,pear,783,0.984532
FKIT,S+X2_M1_r0,pear,784,0.986223
FKIT,S+X2_M1_r0,pear,785,0.983856
FKIT,S+X2_M1_r0,pear,786,0.981538
FKIT,S+X2_M1_r0,pear,787,0.976548
FKIT,S+X2_M1_r0,pear,788,0.985259
FKIT,S+X2_M1_r0,pear,789,0.976909
FKIT,S+X2_M1_r0,pear,790,0.978928
FKIT,S+X2_M1_r0,pear,791,0.979239
FKIT,S+X2_M1_r0,pear,792,0.975428
FKIT,S+X2_M1_r0,pear,793,0.976236
FKIT,S+X2_M1_r0,pear,794,0.978938
FKIT,S+X2_M1_r0,pear,795,0.978736
FKIT,S+X2_M1_r0,pear,796,0.975888
FKIT,S+X2_M1_r0,pear,797,0.976394
FKIT,S+X2_M1_r0,pear,798,0.980633
FKIT,S+X2_M1_r0,pear,799,0.977708
FKIT,S+X2_M1_r0,pear,800,0.977926
FKIT,S+X2_M1_r0,pear,801,0.973207
FKIT,S+X2_M1_r0,pear,802,0.975007
FKIT,S+X2_M1_r0,pear,803,0.974466
FKIT,S+X2_M1_r0,pear,804,0.973684
FKIT,S+X2_M1_r0,pear,805,0.978506
FKIT,S+X2_M1_r0,pear,806,0.972335
FKIT,S+X2_M1_r0,pear,807,0.973301
FKIT,S+X2_M1_r0,pear,808,0.973253
FKIT,S+X2_M1_r0,pear,809,0.972535
FKIT,S+X2_M1_r0,pear,810,0.972901
FKIT,S+X2_M1_r0,pear,811,0.973684
FKIT,S+X2_M1_r0,pear,812,0.972299
FKIT,S+X2_M1_r0,pear,813,0.967288
FKIT,S+X2_M1_r0,pear,814,0.968368
FKIT,S+X2_M1_r0,pear,815,0.967032
FKIT,S+X2_M1_r0,pear,816,0.960275
FKIT,S+X2_M1_r0,pear,817,0.958510
FKIT,S+X2_M1_r0,pear,818,0.965336
FKIT,S+X2_M1_r0,pear,819,0.951180
FKIT,S+X2_M1_r0,pear,820,0.953255
FKIT,S+X2_M1_r0,pear,821,0.949229
FKIT,S+X2_M1_r0,pear,822,0.952015
FKIT,S+X2_M1_r0,pear,823,0.947943
FKIT,S+X2_M1_r0,pear,824,0.950914
FKIT,S+X2_M1_r0,pear,825,0.943867
FKIT,S+X2_M1_r0,pear,826,0.946701
FKIT,S+X2_M1_r0,pear,827,0.949174
FKIT,S+X2_M1_r0,pear,828,0.956828
FKIT,S+X2_M1_r0,pear,829,0.942473
FKIT,S+X2_M1_r0,pear,830,0.950581
FKIT,S+X2_M1_r0,pear,831,0.945112
FKIT,S+X2_M1_r0,pear,832,0.934397
FKIT,S+X2_M1_r0,pear,833,0.942865
FKIT,S+X2_M1_r0,pear,834,0.943534
FKIT,S+X2_M1_r0,pear,835,0.925292
FKIT,S+X2_M1_r0,pear,836,0.930531
FKIT,S+X2_M1_r0,pear,837,0.927575
FKIT,S+X2_M1_r0,pear,838,0.947847
FKIT,S+X2_M1_r0,pear,839,0.935884
FKIT,S+X2_M1_r0,pear,840,0.912720
FKIT,S+X2_M1_r0,pear,841,0.902945
FKIT,S+X2_M1_r0,pear,842,0.935165
FKIT,S+X2_M1_r0,pear,843,0.943148
FKIT,S+X2_M1_r0,pear,844,0.942768
FKIT,S+X2_M1_r0,pear,845,0.912041
FKIT,S+X2_M1_r0,pear,846,0.936674
FKIT,S+X2_M1_r0,pear,847,0.939070
FKIT,S+X2_M1_r0,pear,848,0.950723
FKIT,S+X2_M1_r0,samosa,0,0.031671
FKIT,S+X2_M1_r0,samosa,1,0.003323
FKIT,S+X2_M1_r0,samosa,2,0.016597
FKIT,S+X2_M1_r0,samosa,3,0.004488
FKIT,S+X2_M1_r0,samosa,4,0.024117
FKIT,S+X2_M1_r0,samosa,5,0.034105
FKIT,S+X2_M1_r0,samosa,6,0.020219
FKIT,S+X2_M1_r0,samosa,7,0.029309
FKIT,S+X2_M1_r0,samosa,8,0.030740
FKIT,S+X2_M1_r0,samosa,9,0.027585
FKIT,S+X2_M1_r0,samosa,10,0.021579
FKIT,S+X2_M1_r0,samosa,11,0.000616
FKIT,S+X2_M1_r0,samosa,12,0.002715
FKIT,S+X2_M1_r0,samosa,13,0.000000
FKIT,S+X2_M1_r0,samosa,14,0.000061
FKIT,S+X2_M1_r0,samosa,15,0.000364
FKIT,S+X2_M1_r0,samosa,16,0.000000
FKIT,S+X2_M1_r0,samosa,17,0.002868
FKIT,S+X2_M1_r0,samosa,18,0.001960
FKIT,S+X2_M1_r0,samosa,19,0.005560
FKIT,S+X2_M1_r0,samosa,20,0.006374
FKIT,S+X2_M1_r0,samosa,21,0.006551
FKIT,S+X2_M1_r0,samosa,22,0.002417
FKIT,S+X2_M1_r0,samosa,23,0.000000
FKIT,S+X2_M1_r0,samosa,24,0.005909
FKIT,S+X2_M1_r0,samosa,25,0.002919
FKIT,S+X2_M1_r0,samosa,26,0.002574
FKIT,S+X2_M1_r0,samosa,27,0.000061
FKIT,S+X2_M1_r0,samosa,28,0.000060
FKIT,S+X2_M1_r0,samosa,29,0.000060
FKIT,S+X2_M1_r0,samosa,30,0.000000
FKIT,S+X2_M1_r0,samosa,31,0.000000
FKIT,S+X2_M1_r0,samosa,32,0.000000
FKIT,S+X2_M1_r0,samosa,33,0.000000
FKIT,S+X2_M1_r0,samosa,34,0.000000
FKIT,S+X2_M1_r0,samosa,35,0.000000
FKIT,S+X2_M1_r0,samosa,36,0.000000
FKIT,S+X2_M1_r0,samosa,37,0.000000
FKIT,S+X2_M1_r0,samosa,38,0.000000
FKIT,S+X2_M1_r0,samosa,39,0.000000
FKIT,S+X2_M1_r0,samosa,40,0.000000
FKIT,S+X2_M1_r0,samosa,41,0.000000
FKIT,S+X2_M1_r0,samosa,42,0.000000
FKIT,S+X2_M1_r0,samosa,43,0.000000
FKIT,S+X2_M1_r0,samosa,44,0.000000
FKIT,S+X2_M1_r0,samosa,45,0.000000
FKIT,S+X2_M1_r0,samosa,46,0.000000
FKIT,S+X2_M1_r0,samosa,47,0.000000
FKIT,S+X2_M1_r0,samosa,48,0.000000
FKIT,S+X2_M1_r0,samosa,49,0.000000
FKIT,S+X2_M1_r0,samosa,50,0.000000
FKIT,S+X2_M1_r0,samosa,51,0.000000
FKIT,S+X2_M1_r0,samosa,52,0.000000
FKIT,S+X2_M1_r0,samosa,53,0.000000
FKIT,S+X2_M1_r0,samosa,54,0.000000
FKIT,S+X2_M1_r0,samosa,55,0.000000
FKIT,S+X2_M1_r0,samosa,56,0.000000
FKIT,S+X2_M1_r0,samosa,57,0.000000
FKIT,S+X2_M1_r0,samosa,58,0.000000
FKIT,S+X2_M1_r0,samosa,59,0.000000
FKIT,S+X2_M1_r0,samosa,60,0.000000
FKIT,S+X2_M1_r0,samosa,61,0.000000
FKIT,S+X2_M1_r0,samosa,62,0.000000
FKIT,S+X2_M1_r0,samosa,63,0.000000
FKIT,S+X2_M1_r0,samosa,64,0.000000
FKIT,S+X2_M1_r0,samosa,65,0.000000
FKIT,S+X2_M1_r0,samosa,66,0.000000
FKIT,S+X2_M1_r0,samosa,67,0.000000
FKIT,S+X2_M1_r0,samosa,68,0.000000
FKIT,S+X2_M1_r0,samosa,69,0.000000
FKIT,S+X2_M1_r0,samosa,70,0.000000
FKIT,S+X2_M1_r0,samosa,71,0.000000
FKIT,S+X2_M1_r0,samosa,72,0.000000
FKIT,S+X2_M1_r0,samosa,73,0.000000
FKIT,S+X2_M1_r0,samosa,74,0.000000
FKIT,S+X2_M1_r0,samosa,75,0.000000
FKIT,S+X2_M1_r0,samosa,76,0.000000
FKIT,S+X2_M1_r0,samosa,77,0.000000
FKIT,S+X2_M1_r0,samosa,78,0.000000
FKIT,S+X2_M1_r0,samosa,79,0.000000
FKIT,S+X2_M1_r0,samosa,80,0.000000
FKIT,S+X2_M1_r0,samosa,81,0.000000
FKIT,S+X2_M1_r0,samosa,82,0.000000
FKIT,S+X2_M1_r0,samosa,83,0.000000
FKIT,S+X2_M1_r0,samosa,84,0.000000
FKIT,S+X2_M1_r0,samosa,85,0.000000
FKIT,S+X2_M1_r0,samosa,86,0.000000
FKIT,S+X2_M1_r0,samosa,87,0.000000
FKIT,S+X2_M1_r0,samosa,88,0.000000
FKIT,S+X2_M1_r0,samosa,89,0.000000
FKIT,S+X2_M1_r0,samosa,90,0.000000
FKIT,S+X2_M1_r0,samosa,91,0.000000
FKIT,S+X2_M1_r0,samosa,92,0.000000
FKIT,S+X2_M1_r0,samosa,93,0.000000
FKIT,S+X2_M1_r0,samosa,94,0.000000
FKIT,S+X2_M1_r0,samosa,95,0.000000
FKIT,S+X2_M1_r0,samosa,96,0.000000
FKIT,S+X2_M1_r0,samosa,97,0.000000
FKIT,S+X2_M1_r0,samosa,98,0.000000
FKIT,S+X2_M1_r0,samosa,99,0.000000
FKIT,S+X2_M1_r0,samosa,100,0.000000
FKIT,S+X2_M1_r0,samosa,101,0.000000
FKIT,S+X2_M1_r0,samosa,102,0.000000
FKIT,S+X2_M1_r0,samosa,103,0.000000
FKIT,S+X2_M1_r0,samosa,104,0.000000
FKIT,S+X2_M1_r0,samosa,105,0.000000
FKIT,S+X2_M1_r0,samosa,106,0.000000
FKIT,S+X2_M1_r0,samosa,107,0.000000
FKIT,S+X2_M1_r0,samosa,108,0.000000
FKIT,S+X2_M1_r0,samosa,109,0.000000
FKIT,S+X2_M1_r0,samosa,110,0.000000
FKIT,S+X2_M1_r0,samosa,111,0.000000
FKIT,S+X2_M1_r0,samosa,112,0.000000
FKIT,S+X2_M1_r0,samosa,113,0.000000
FKIT,S+X2_M1_r0,samosa,114,0.000000
FKIT,S+X2_M1_r0,samosa,115,0.000000
FKIT,S+X2_M1_r0,samosa,116,0.000000
FKIT,S+X2_M1_r0,samosa,117,0.000000
FKIT,S+X2_M1_r0,samosa,118,0.000000
FKIT,S+X2_M1_r0,samosa,119,0.000000
FKIT,S+X2_M1_r0,samosa,120,0.000000
FKIT,S+X2_M1_r0,samosa,121,0.000000
FKIT,S+X2_M1_r0,samosa,122,0.000000
FKIT,S+X2_M1_r0,samosa,123,0.000000
FKIT,S+X2_M1_r0,samosa,124,0.000000
FKIT,S+X2_M1_r0,samosa,125,0.000000
FKIT,S+X2_M1_r0,samosa,126,0.000000
FKIT,S+X2_M1_r0,samosa,127,0.000000
FKIT,S+X2_M1_r0,samosa,128,0.000000
FKIT,S+X2_M1_r0,samosa,129,0.000000
FKIT,S+X2_M1_r0,samosa,130,0.000000
FKIT,S+X2_M1_r0,samosa,131,0.000000
FKIT,S+X2_M1_r0,samosa,132,0.000000
FKIT,S+X2_M1_r0,samosa,133,0.000000
FKIT,S+X2_M1_r0,samosa,134,0.000000
FKIT,S+X2_M1_r0,samosa,135,0.000000
FKIT,S+X2_M1_r0,samosa,136,0.000000
FKIT,S+X2_M1_r0,samosa,137,0.000000
FKIT,S+X2_M1_r0,samosa,138,0.000000
FKIT,S+X2_M1_r0,samosa,139,0.000000
FKIT,S+X2_M1_r0,samosa,140,0.000000
FKIT,S+X2_M1_r0,samosa,141,0.000000
FKIT,S+X2_M1_r0,samosa,142,0.000000
FKIT,S+X2_M1_r0,samosa,143,0.000000
FKIT,S+X2_M1_r0,samosa,144,0.000000
FKIT,S+X2_M1_r0,samosa,145,0.000000
FKIT,S+X2_M1_r0,samosa,146,0.000000
FKIT,S+X2_M1_r0,samosa,147,0.000000
FKIT,S+X2_M1_r0,samosa,148,0.000000
FKIT,S+X2_M1_r0,samosa,149,0.000000
FKIT,S+X2_M1_r0,samosa,150,0.000000
FKIT,S+X2_M1_r0,samosa,151,0.000000
FKIT,S+X2_M1_r0,samosa,152,0.000000
FKIT,S+X2_M1_r0,samosa,153,0.000000
FKIT,S+X2_M1_r0,samosa,154,0.000000
FKIT,S+X2_M1_r0,samosa,155,0.000000
FKIT,S+X2_M1_r0,samosa,156,0.000000
FKIT,S+X2_M1_r0,samosa,157,0.000000
FKIT,S+X2_M1_r0,samosa,158,0.000000
FKIT,S+X2_M1_r0,samosa,159,0.000000
FKIT,S+X2_M1_r0,samosa,160,0.000000
FKIT,S+X2_M1_r0,samosa,161,0.000000
FKIT,S+X2_M1_r0,samosa,162,0.000000
FKIT,S+X2_M1_r0,samosa,163,0.000000
FKIT,S+X2_M1_r0,samosa,164,0.000000
FKIT,S+X2_M1_r0,samosa,165,0.000000
FKIT,S+X2_M1_r0,samosa,166,0.000000
FKIT,S+X2_M1_r0,samosa,167,0.000000
FKIT,S+X2_M1_r0,samosa,168,0.000000
FKIT,S+X2_M1_r0,samosa,169,0.000000
FKIT,S+X2_M1_r0,samosa,170,0.000000
FKIT,S+X2_M1_r0,samosa,171,0.000000
FKIT,S+X2_M1_r0,samosa,172,0.000000
FKIT,S+X2_M1_r0,samosa,173,0.000000
FKIT,S+X2_M1_r0,samosa,174,0.000000
FKIT,S+X2_M1_r0,samosa,175,0.000000
FKIT,S+X2_M1_r0,samosa,176,0.000000
FKIT,S+X2_M1_r0,samosa,177,0.000000
FKIT,S+X2_M1_r0,samosa,178,0.000000
FKIT,S+X2_M1_r0,samosa,179,0.000000
FKIT,S+X2_M1_r0,samosa,180,0.000000
FKIT,S+X2_M1_r0,samosa,181,0.000000
FKIT,S+X2_M1_r0,samosa,182,0.000000
FKIT,S+X2_M1_r0,samosa,183,0.000000
FKIT,S+X2_M1_r0,samosa,184,0.000000
FKIT,S+X2_M1_r0,samosa,185,0.000000
FKIT,S+X2_M1_r0,samosa,186,0.000000
FKIT,S+X2_M1_r0,samosa,187,0.000000
FKIT,S+X2_M1_r0,samosa,188,0.000000
FKIT,S+X2_M1_r0,samosa,189,0.000000
FKIT,S+X2_M1_r0,samosa,190,0.000000
FKIT,S+X2_M1_r0,samosa,191,0.000000
FKIT,S+X2_M1_r0,samosa,192,0.000000
FKIT,S+X2_M1_r0,samosa,193,0.000000
FKIT,S+X2_M1_r0,samosa,194,0.000000
FKIT,S+X2_M1_r0,samosa,195,0.000000
FKIT,S+X2_M1_r0,samosa,196,0.000000
FKIT,S+X2_M1_r0,samosa,197,0.000000
FKIT,S+X2_M1_r0,samosa,198,0.000000
FKIT,S+X2_M1_r0,samosa,199,0.000000
FKIT,S+X2_M1_r0,samosa,200,0.000000
FKIT,S+X2_M1_r0,samosa,201,0.000000
FKIT,S+X2_M1_r0,samosa,202,0.000000
FKIT,S+X2_M1_r0,samosa,203,0.000000
FKIT,S+X2_M1_r0,samosa,204,0.000000
FKIT,S+X2_M1_r0,samosa,205,0.000000
FKIT,S+X2_M1_r0,samosa,206,0.000000
FKIT,S+X2_M1_r0,samosa,207,0.000000
FKIT,S+X2_M1_r0,samosa,208,0.000000
FKIT,S+X2_M1_r0,samosa,209,0.000000
FKIT,S+X2_M1_r0,samosa,210,0.000000
FKIT,S+X2_M1_r0,samosa,211,0.000000
FKIT,S+X2_M1_r0,samosa,212,0.000000
FKIT,S+X2_M1_r0,samosa,213,0.000000
FKIT,S+X2_M1_r0,samosa,214,0.000000
FKIT,S+X2_M1_r0,samosa,215,0.000000
FKIT,S+X2_M1_r0,samosa,216,0.000000
FKIT,S+X2_M1_r0,samosa,217,0.000000
FKIT,S+X2_M1_r0,samosa,218,0.000000
FKIT,S+X2_M1_r0,samosa,219,0.000000
FKIT,S+X2_M1_r0,samosa,220,0.000000
FKIT,S+X2_M1_r0,samosa,221,0.000000
FKIT,S+X2_M1_r0,samosa,222,0.000000
FKIT,S+X2_M1_r0,samosa,223,0.000000
FKIT,S+X2_M1_r0,samosa,224,0.000000
FKIT,S+X2_M1_r0,samosa,225,0.000000
FKIT,S+X2_M1_r0,samosa,226,0.000000
FKIT,S+X2_M1_r0,samosa,227,0.000000
FKIT,S+X2_M1_r0,samosa,228,0.000000
FKIT,S+X2_M1_r0,samosa,229,0.000000
FKIT,S+X2_M1_r0,samosa,230,0.000000
FKIT,S+X2_M1_r0,samosa,231,0.000000
FKIT,S+X2_M1_r0,samosa,232,0.000000
FKIT,S+X2_M1_r0,samosa,233,0.000000
FKIT,S+X2_M1_r0,samosa,234,0.000000
FKIT,S+X2_M1_r0,samosa,235,0.000000
FKIT,S+X2_M1_r0,samosa,236,0.000000
FKIT,S+X2_M1_r0,samosa,237,0.000000
FKIT,S+X2_M1_r0,samosa,238,0.000000
FKIT,S+X2_M1_r0,samosa,239,0.000000
FKIT,S+X2_M1_r0,samosa,240,0.000000
FKIT,S+X2_M1_r0,samosa,241,0.000000
FKIT,S+X2_M1_r0,samosa,242,0.000000
FKIT,S+X2_M1_r0,samosa,243,0.000000
FKIT,S+X2_M1_r0,samosa,244,0.000000
FKIT,S+X2_M1_r0,samosa,245,0.000000
FKIT,S+X2_M1_r0,samosa,246,0.000000
FKIT,S+X2_M1_r0,samosa,247,0.000000
FKIT,S+X2_M1_r0,samosa,248,0.000000
FKIT,S+X2_M1_r0,samosa,249,0.000000
FKIT,S+X2_M1_r0,samosa,250,0.000000
FKIT,S+X2_M1_r0,samosa,251,0.000000
FKIT,S+X2_M1_r0,samosa,252,0.000000
FKIT,S+X2_M1_r0,samosa,253,0.000000
FKIT,S+X2_M1_r0,samosa,254,0.000000
FKIT,S+X2_M1_r0,samosa,255,0.000000
FKIT,S+X2_M1_r0,samosa,256,0.000000
FKIT,S+X2_M1_r0,samosa,257,0.000000
FKIT,S+X2_M1_r0,samosa,258,0.000000
FKIT,S+X2_M1_r0,samosa,259,0.000000
FKIT,S+X2_M1_r0,samosa,260,0.000000
FKIT,S+X2_M1_r0,samosa,261,0.000000
FKIT,S+X2_M1_r0,samosa,262,0.000000
FKIT,S+X2_M1_r0,samosa,263,0.000000
FKIT,S+X2_M1_r0,samosa,264,0.000000
FKIT,S+X2_M1_r0,samosa,265,0.000000
FKIT,S+X2_M1_r0,samosa,266,0.000000
FKIT,S+X2_M1_r0,samosa,267,0.000000
FKIT,S+X2_M1_r0,samosa,268,0.000000
FKIT,S+X2_M1_r0,samosa,269,0.000000
FKIT,S+X2_M1_r0,samosa,270,0.000000
FKIT,S+X2_M1_r0,samosa,271,0.000000
FKIT,S+X2_M1_r0,samosa,272,0.000000
FKIT,S+X2_M1_r0,samosa,273,0.000000
FKIT,S+X2_M1_r0,samosa,274,0.000000
FKIT,S+X2_M1_r0,samosa,275,0.000000
FKIT,S+X2_M1_r0,samosa,276,0.000000
FKIT,S+X2_M1_r0,samosa,277,0.000000
FKIT,S+X2_M1_r0,samosa,278,0.000000
FKIT,S+X2_M1_r0,samosa,279,0.000000
FKIT,S+X2_M1_r0,samosa,280,0.000000
FKIT,S+X2_M1_r0,samosa,281,0.000000
FKIT,S+X2_M1_r0,samosa,282,0.000000
FKIT,S+X2_M1_r0,samosa,283,0.000000
FKIT,S+X2_M1_r0,samosa,284,0.000000
FKIT,S+X2_M1_r0,samosa,285,0.000000
FKIT,S+X2_M1_r0,samosa,286,0.000000
FKIT,S+X2_M1_r0,samosa,287,0.000000
FKIT,S+X2_M1_r0,samosa,288,0.000000
FKIT,S+X2_M1_r0,samosa,289,0.000000
FKIT,S+X2_M1_r0,samosa,290,0.000000
FKIT,S+X2_M1_r0,samosa,291,0.000000
FKIT,S+X2_M1_r0,samosa,292,0.000000
FKIT,S+X2_M1_r0,samosa,293,0.000000
FKIT,S+X2_M1_r0,samosa,294,0.000000
FKIT,S+X2_M1_r0,samosa,295,0.000000
FKIT,S+X2_M1_r0,samosa,296,0.000000
FKIT,S+X2_M1_r0,samosa,297,0.000000
FKIT,S+X2_M1_r0,samosa,298,0.000000
FKIT,S+X2_M1_r0,samosa,299,0.000000
FKIT,S+X2_M1_r0,samosa,300,0.000000
FKIT,S+X2_M1_r0,samosa,301,0.000000
FKIT,S+X2_M1_r0,samosa,302,0.000000
FKIT,S+X2_M1_r0,samosa,303,0.000000
FKIT,S+X2_M1_r0,samosa,304,0.000000
FKIT,S+X2_M1_r0,samosa,305,0.000000
FKIT,S+X2_M1_r0,samosa,306,0.000000
FKIT,S+X2_M1_r0,samosa,307,0.000000
FKIT,S+X2_M1_r0,samosa,308,0.000000
FKIT,S+X2_M1_r0,samosa,309,0.000000
FKIT,S+X2_M1_r0,samosa,310,0.000000
FKIT,S+X2_M1_r0,samosa,311,0.000000
FKIT,S+X2_M1_r0,samosa,312,0.000000
FKIT,S+X2_M1_r0,samosa,313,0.000000
FKIT,S+X2_M1_r0,samosa,314,0.000000
FKIT,S+X2_M1_r0,samosa,315,0.000000
FKIT,S+X2_M1_r0,samosa,316,0.000000
FKIT,S+X2_M1_r0,samosa,317,0.000000
FKIT,S+X2_M1_r0,samosa,318,0.000000
FKIT,S+X2_M1_r0,samosa,319,0.000000
FKIT,S+X2_M1_r0,samosa,320,0.000000
FKIT,S+X2_M1_r0,samosa,321,0.000000
FKIT,S+X2_M1_r0,samosa,322,0.000000
FKIT,S+X2_M1_r0,samosa,323,0.000000
FKIT,S+X2_M1_r0,samosa,324,0.000000
FKIT,S+X2_M1_r0,samosa,325,0.000000
FKIT,S+X2_M1_r0,samosa,326,0.000000
FKIT,S+X2_M1_r0,samosa,327,0.000000
FKIT,S+X2_M1_r0,samosa,328,0.000000
FKIT,S+X2_M1_r0,samosa,329,0.000000
FKIT,S+X2_M1_r0,samosa,330,0.000000
FKIT,S+X2_M1_r0,samosa,331,0.000000
FKIT,S+X2_M1_r0,samosa,332,0.000000
FKIT,S+X2_M1_r0,samosa,333,0.000000
FKIT,S+X2_M1_r0,samosa,334,0.000000
FKIT,S+X2_M1_r0,samosa,335,0.000000
FKIT,S+X2_M1_r0,samosa,336,0.000000
FKIT,S+X2_M1_r0,samosa,337,0.000000
FKIT,S+X2_M1_r0,samosa,338,0.000000
FKIT,S+X2_M1_r0,samosa,339,0.000000
FKIT,S+X2_M1_r0,samosa,340,0.000000
FKIT,S+X2_M1_r0,samosa,341,0.000000
FKIT,S+X2_M1_r0,samosa,342,0.000000
FKIT,S+X2_M1_r0,samosa,343,0.000000
FKIT,S+X2_M1_r0,samosa,344,0.000000
FKIT,S+X2_M1_r0,samosa,345,0.000000
FKIT,S+X2_M1_r0,samosa,346,0.000000
FKIT,S+X2_M1_r0,samosa,347,0.000000
FKIT,S+X2_M1_r0,samosa,348,0.000000
FKIT,S+X2_M1_r0,samosa,349,0.000000
FKIT,S+X2_M1_r0,samosa,350,0.000000
FKIT,S+X2_M1_r0,samosa,351,0.000000
FKIT,S+X2_M1_r0,samosa,352,0.000000
FKIT,S+X2_M1_r0,samosa,353,0.000000
FKIT,S+X2_M1_r0,samosa,354,0.000000
FKIT,S+X2_M1_r0,samosa,355,0.000000
FKIT,S+X2_M1_r0,samosa,356,0.000000
FKIT,S+X2_M1_r0,samosa,357,0.000000
FKIT,S+X2_M1_r0,samosa,358,0.000000
FKIT,S+X2_M1_r0,samosa,359,0.000000
FKIT,S+X2_M1_r0,samosa,360,0.000000
FKIT,S+X2_M1_r0,samosa,361,0.000000
FKIT,S+X2_M1_r0,samosa,362,0.000000
FKIT,S+X2_M1_r0,samosa,363,0.000000
FKIT,S+X2_M1_r0,samosa,364,0.000000
FKIT,S+X2_M1_r0,samosa,365,0.000000
FKIT,S+X2_M1_r0,samosa,366,0.000000
FKIT,S+X2_M1_r0,samosa,367,0.000000
FKIT,S+X2_M1_r0,samosa,368,0.000000
FKIT,S+X2_M1_r0,samosa,369,0.000000
FKIT,S+X2_M1_r0,samosa,370,0.000000
FKIT,S+X2_M1_r0,samosa,371,0.000000
FKIT,S+X2_M1_r0,samosa,372,0.000000
FKIT,S+X2_M1_r0,samosa,373,0.000000
FKIT,S+X2_M1_r0,samosa,374,0.000000
FKIT,S+X2_M1_r0,samosa,375,0.000000
FKIT,S+X2_M1_r0,samosa,376,0.000000
FKIT,S+X2_M1_r0,samosa,377,0.000000
FKIT,S+X2_M1_r0,samosa,378,0.000000
FKIT,S+X2_M1_r0,samosa,379,0.000000
FKIT,S+X2_M1_r0,samosa,380,0.000000
FKIT,S+X2_M1_r0,samosa,381,0.000000
FKIT,S+X2_M1_r0,samosa,382,0.000000
FKIT,S+X2_M1_r0,samosa,383,0.000000
FKIT,S+X2_M1_r0,samosa,384,0.000000
FKIT,S+X2_M1_r0,samosa,385,0.000000
FKIT,S+X2_M1_r0,samosa,386,0.000000
FKIT,S+X2_M1_r0,samosa,387,0.000000
FKIT,S+X2_M1_r0,samosa,388,0.000000
FKIT,S+X2_M1_r0,samosa,389,0.000000
FKIT,S+X2_M1_r0,samosa,390,0.000000
FKIT,S+X2_M1_r0,samosa,391,0.000000
FKIT,S+X2_M1_r0,samosa,392,0.000000
FKIT,S+X2_M1_r0,samosa,393,0.000000
FKIT,S+X2_M1_r0,samosa,394,0.000000
FKIT,S+X2_M1_r0,samosa,395,0.000000
FKIT,S+X2_M1_r0,samosa,396,0.000000
FKIT,S+X2_M1_r0,samosa,397,0.000000
FKIT,S+X2_M1_r0,samosa,398,0.000000
FKIT,S+X2_M1_r0,samosa,399,0.000000
FKIT,S+X2_M1_r0,samosa,400,0.000000
FKIT,S+X2_M1_r0,samosa,401,0.000000
FKIT,S+X2_M1_r0,samosa,402,0.000000
FKIT,S+X2_M1_r0,samosa,403,0.000000
FKIT,S+X2_M1_r0,samosa,404,0.000000
FKIT,S+X2_M1_r0,samosa,405,0.000000
FKIT,S+X2_M1_r0,samosa,406,0.000000
FKIT,S+X2_M1_r0,samosa,407,0.000000
FKIT,S+X2_M1_r0,samosa,408,0.000000
FKIT,S+X2_M1_r0,samosa,409,0.000000
FKIT,S+X2_M1_r0,samosa,410,0.000000
FKIT,S+X2_M1_r0,samosa,411,0.000000
FKIT,S+X2_M1_r0,samosa,412,0.000000
FKIT,S+X2_M1_r0,samosa,413,0.000000
FKIT,S+X2_M1_r0,samosa,414,0.000000
FKIT,S+X2_M1_r0,samosa,415,0.000000
FKIT,S+X2_M1_r0,samosa,416,0.000000
FKIT,S+X2_M1_r0,samosa,417,0.000000
FKIT,S+X2_M1_r0,samosa,418,0.000000
FKIT,S+X2_M1_r0,samosa,419,0.000000
FKIT,S+X2_M1_r0,samosa,420,0.000000
FKIT,S+X2_M1_r0,samosa,421,0.000000
FKIT,S+X2_M1_r0,samosa,422,0.000000
FKIT,S+X2_M1_r0,samosa,423,0.000000
FKIT,S+X2_M1_r0,samosa,424,0.000000
FKIT,S+X2_M1_r0,samosa,425,0.000000
FKIT,S+X2_M1_r0,samosa,426,0.000000
FKIT,S+X2_M1_r0,samosa,427,0.000000
FKIT,S+X2_M1_r0,samosa,428,0.000000
FKIT,S+X2_M1_r0,samosa,429,0.000000
FKIT,S+X2_M1_r0,samosa,430,0.000000
FKIT,S+X2_M1_r0,samosa,431,0.000000
FKIT,S+X2_M1_r0,samosa,432,0.000000
FKIT,S+X2_M1_r0,samosa,433,0.000000
FKIT,S+X2_M1_r0,samosa,434,0.000000
FKIT,S+X2_M1_r0,samosa,435,0.000000
FKIT,S+X2_M1_r0,samosa,436,0.000000
FKIT,S+X2_M1_r0,samosa,437,0.000000
FKIT,S+X2_M1_r0,samosa,438,0.000000
FKIT,S+X2_M1_r0,samosa,439,0.000000
FKIT,S+X2_M1_r0,samosa,440,0.000000
FKIT,S+X2_M1_r0,samosa,441,0.000000
FKIT,S+X2_M1_r0,samosa,442,0.000000
FKIT,S+X2_M1_r0,samosa,443,0.000000
FKIT,S+X2_M1_r0,samosa,444,0.000000
FKIT,S+X2_M1_r0,samosa,445,0.000000
FKIT,S+X2_M1_r0,samosa,446,0.000000
FKIT,S+X2_M1_r0,samosa,447,0.000000
FKIT,S+X2_M1_r0,samosa,448,0.000000
FKIT,S+X2_M1_r0,samosa,449,0.000000
FKIT,S+X2_M1_r0,samosa,450,0.000000
FKIT,S+X2_M1_r0,samosa,451,0.000000
FKIT,S+X2_M1_r0,samosa,452,0.000000
FKIT,S+X2_M1_r0,samosa,453,0.000000
FKIT,S+X2_M1_r0,samosa,454,0.000000
FKIT,S+X2_M1_r0,samosa,455,0.000000
FKIT,S+X2_M1_r0,samosa,456,0.000000
FKIT,S+X2_M1_r0,samosa,457,0.000000
FKIT,S+X2_M1_r0,samosa,458,0.000000
FKIT,S+X2_M1_r0,samosa,459,0.000000
FKIT,S+X2_M1_r0,samosa,460,0.000000
FKIT,S+X2_M1_r0,samosa,461,0.000000
FKIT,S+X2_M1_r0,samosa,462,0.000000
FKIT,S+X2_M1_r0,samosa,463,0.000000
FKIT,S+X2_M1_r0,samosa,464,0.000000
FKIT,S+X2_M1_r0,samosa,465,0.000000
FKIT,S+X2_M1_r0,samosa,466,0.000000
FKIT,S+X2_M1_r0,samosa,467,0.000000
FKIT,S+X2_M1_r0,samosa,468,0.000000
FKIT,S+X2_M1_r0,samosa,469,0.000000
FKIT,S+X2_M1_r0,samosa,470,0.000000
FKIT,S+X2_M1_r0,samosa,471,0.000000
FKIT,S+X2_M1_r0,samosa,472,0.000000
FKIT,S+X2_M1_r0,samosa,473,0.000000
FKIT,S+X2_M1_r0,samosa,474,0.000000
FKIT,S+X2_M1_r0,samosa,475,0.000000
FKIT,S+X2_M1_r0,samosa,476,0.000000
FKIT,S+X2_M1_r0,samosa,477,0.000000
FKIT,S+X2_M1_r0,samosa,478,0.000000
FKIT,S+X2_M1_r0,samosa,479,0.000000
FKIT,S+X2_M1_r0,samosa,480,0.000000
FKIT,S+X2_M1_r0,samosa,481,0.000000
FKIT,S+X2_M1_r0,samosa,482,0.000000
FKIT,S+X2_M1_r0,samosa,483,0.000000
FKIT,S+X2_M1_r0,samosa,484,0.000000
FKIT,S+X2_M1_r0,samosa,485,0.000000
FKIT,S+X2_M1_r0,samosa,486,0.000000
FKIT,S+X2_M1_r0,samosa,487,0.000000
FKIT,S+X2_M1_r0,samosa,488,0.000000
FKIT,S+X2_M1_r0,samosa,489,0.000000
FKIT,S+X2_M1_r0,samosa,490,0.000000
FKIT,S+X2_M1_r0,samosa,491,0.000000
FKIT,S+X2_M1_r0,samosa,492,0.000000
FKIT,S+X2_M1_r0,samosa,493,0.000000
FKIT,S+X2_M1_r0,samosa,494,0.000000
FKIT,S+X2_M1_r0,samosa,495,0.000000
FKIT,S+X2_M1_r0,samosa,496,0.000000
FKIT,S+X2_M1_r0,samosa,497,0.000000
FKIT,S+X2_M1_r0,samosa,498,0.000000
FKIT,S+X2_M1_r0,samosa,499,0.000000
FKIT,S+X2_M1_r0,samosa,500,0.000000
FKIT,S+X2_M1_r0,samosa,501,0.000000
FKIT,S+X2_M1_r0,samosa,502,0.000000
FKIT,S+X2_M1_r0,samosa,503,0.000000
FKIT,S+X2_M1_r0,samosa,504,0.000000
FKIT,S+X2_M1_r0,samosa,505,0.000000
FKIT,S+X2_M1_r0,samosa,506,0.000000
FKIT,S+X2_M1_r0,samosa,507,0.000000
FKIT,S+X2_M1_r0,samosa,508,0.000000
FKIT,S+X2_M1_r0,samosa,509,0.000000
FKIT,S+X2_M1_r0,samosa,510,0.000000
FKIT,S+X2_M1_r0,samosa,511,0.000000
FKIT,S+X2_M1_r0,samosa,512,0.000000
FKIT,S+X2_M1_r0,samosa,513,0.000000
FKIT,S+X2_M1_r0,samosa,514,0.000000
FKIT,S+X2_M1_r0,samosa,515,0.000000
FKIT,S+X2_M1_r0,samosa,516,0.000000
FKIT,S+X2_M1_r0,samosa,517,0.000000
FKIT,S+X2_M1_r0,samosa,518,0.000000
FKIT,S+X2_M1_r0,samosa,519,0.000000
FKIT,S+X2_M1_r0,samosa,520,0.000000
FKIT,S+X2_M1_r0,samosa,521,0.000000
FKIT,S+X2_M1_r0,samosa,522,0.000000
FKIT,S+X2_M1_r0,samosa,523,0.000000
FKIT,S+X2_M1_r0,samosa,524,0.000000
FKIT,S+X2_M1_r0,samosa,525,0.000000
FKIT,S+X2_M1_r0,samosa,526,0.000000
FKIT,S+X2_M1_r0,samosa,527,0.000000
FKIT,S+X2_M1_r0,samosa,528,0.000000
FKIT,S+X2_M1_r0,samosa,529,0.000000
FKIT,S+X2_M1_r0,samosa,530,0.000000
FKIT,S+X2_M1_r0,samosa,531,0.000000
FKIT,S+X2_M1_r0,samosa,532,0.000000
FKIT,S+X2_M1_r0,samosa,533,0.000000
FKIT,S+X2_M1_r0,samosa,534,0.000000
FKIT,S+X2_M1_r0,samosa,535,0.000000
FKIT,S+X2_M1_r0,samosa,536,0.000000
FKIT,S+X2_M1_r0,samosa,537,0.000000
FKIT,S+X2_M1_r0,samosa,538,0.000000
FKIT,S+X2_M1_r0,samosa,539,0.000000
FKIT,S+X2_M1_r0,samosa,540,0.000000
FKIT,S+X2_M1_r0,samosa,541,0.000000
FKIT,S+X2_M1_r0,samosa,542,0.009313
FKIT,S+X2_M1_r0,samosa,543,0.000000
FKIT,S+X2_M1_r0,samosa,544,0.000000
FKIT,S+X2_M1_r0,samosa,545,0.000000
FKIT,S+X2_M1_r0,samosa,546,0.000000
FKIT,S+X2_M1_r0,samosa,547,0.000000
FKIT,S+X2_M1_r0,samosa,548,0.000000
FKIT,S+X2_M1_r0,samosa,549,0.000000
FKIT,S+X2_M1_r0,samosa,550,0.000000
FKIT,S+X2_M1_r0,samosa,551,0.000000
FKIT,S+X2_M1_r0,samosa,552,0.000000
FKIT,S+X2_M1_r0,samosa,553,0.000000
FKIT,S+X2_M1_r0,samosa,554,0.000000
FKIT,S+X2_M1_r0,samosa,555,0.000000
FKIT,S+X2_M1_r0,samosa,556,0.000000
FKIT,S+X2_M1_r0,samosa,557,0.000000
FKIT,S+X2_M1_r0,samosa,558,0.000000
FKIT,S+X2_M1_r0,samosa,559,0.000000
FKIT,S+X2_M1_r0,samosa,560,0.000000
FKIT,S+X2_M1_r0,samosa,561,0.000000
FKIT,S+X2_M1_r0,samosa,562,0.000000
FKIT,S+X2_M1_r0,samosa,563,0.000000
FKIT,S+X2_M1_r0,samosa,564,0.000000
FKIT,S+X2_M1_r0,samosa,565,0.000000
FKIT,S+X2_M1_r0,samosa,566,0.000000
FKIT,S+X2_M1_r0,samosa,567,0.000000
FKIT,S+X2_M1_r0,samosa,568,0.000000
FKIT,S+X2_M1_r0,samosa,569,0.000000
FKIT,S+X2_M1_r0,samosa,570,0.000000
FKIT,S+X2_M1_r0,samosa,571,0.000000
FKIT,S+X2_M1_r0,samosa,572,0.000000
FKIT,S+X2_M1_r0,samosa,573,0.000000
FKIT,S+X2_M1_r0,samosa,574,0.000000
FKIT,S+X2_M1_r0,samosa,575,0.000000
FKIT,S+X2_M1_r0,samosa,576,0.000000
FKIT,S+X2_M1_r0,samosa,577,0.000000
FKIT,S+X2_M1_r0,samosa,578,0.000000
FKIT,S+X2_M1_r0,samosa,579,0.000000
FKIT,S+X2_M1_r0,samosa,580,0.000000
FKIT,S+X2_M1_r0,samosa,581,0.000000
FKIT,S+X2_M1_r0,samosa,582,0.000000
FKIT,S+X2_M1_r0,samosa,583,0.000000
FKIT,S+X2_M1_r0,samosa,584,0.000000
FKIT,S+X2_M1_r0,samosa,585,0.000000
FKIT,S+X2_M1_r0,samosa,586,0.000000
FKIT,S+X2_M1_r0,samosa,587,0.000000
FKIT,S+X2_M1_r0,samosa,588,0.000000
FKIT,S+X2_M1_r0,samosa,589,0.000000
FKIT,S+X2_M1_r0,samosa,590,0.000000
FKIT,S+X2_M1_r0,samosa,591,0.000000
FKIT,S+X2_M1_r0,samosa,592,0.000000
FKIT,S+X2_M1_r0,samosa,593,0.000000
FKIT,S+X2_M1_r0,samosa,594,0.000000
FKIT,S+X2_M1_r0,samosa,595,0.000000
FKIT,S+X2_M1_r0,samosa,596,0.000000
FKIT,S+X2_M1_r0,samosa,597,0.000000
FKIT,S+X2_M1_r0,samosa,598,0.000000
FKIT,S+X2_M1_r0,samosa,599,0.000000
FKIT,S+X2_M1_r0,samosa,600,0.000000
FKIT,S+X2_M1_r0,samosa,601,0.000000
FKIT,S+X2_M1_r0,samosa,602,0.000000
FKIT,S+X2_M1_r0,samosa,603,0.000000
FKIT,S+X2_M1_r0,samosa,604,0.000000
FKIT,S+X2_M1_r0,samosa,605,0.000000
FKIT,S+X2_M1_r0,samosa,606,0.000000
FKIT,S+X2_M1_r0,samosa,607,0.000000
FKIT,S+X2_M1_r0,samosa,608,0.000000
FKIT,S+X2_M1_r0,samosa,609,0.000000
FKIT,S+X2_M1_r0,samosa,610,0.000000
FKIT,S+X2_M1_r0,samosa,611,0.000000
FKIT,S+X2_M1_r0,samosa,612,0.000000
FKIT,S+X2_M1_r0,samosa,613,0.000000
FKIT,S+X2_M1_r0,samosa,614,0.000000
FKIT,S+X2_M1_r0,samosa,615,0.000000
FKIT,S+X2_M1_r0,samosa,616,0.000000
FKIT,S+X2_M1_r0,samosa,617,0.000000
FKIT,S+X2_M1_r0,samosa,618,0.000000
FKIT,S+X2_M1_r0,samosa,619,0.000000
FKIT,S+X2_M1_r0,samosa,620,0.000000
FKIT,S+X2_M1_r0,samosa,621,0.000000
FKIT,S+X2_M1_r0,samosa,622,0.000000
FKIT,S+X2_M1_r0,samosa,623,0.000000
FKIT,S+X2_M1_r0,samosa,624,0.000000
FKIT,S+X2_M1_r0,samosa,625,0.000000
FKIT,S+X2_M1_r0,samosa,626,0.000000
FKIT,S+X2_M1_r0,samosa,627,0.000000
FKIT,S+X2_M1_r0,samosa,628,0.000000
FKIT,S+X2_M1_r0,samosa,629,0.000000
FKIT,S+X2_M1_r0,samosa,630,0.000000
FKIT,S+X2_M1_r0,samosa,631,0.000000
FKIT,S+X2_M1_r0,samosa,632,0.000000
FKIT,S+X2_M1_r0,samosa,633,0.000000
FKIT,S+X2_M1_r0,samosa,634,0.000000
FKIT,S+X2_M1_r0,samosa,635,0.000000
FKIT,S+X2_M1_r0,samosa,636,0.000000
FKIT,S+X2_M1_r0,samosa,637,0.000000
FKIT,S+X2_M1_r0,samosa,638,0.000000
FKIT,S+X2_M1_r0,samosa,639,0.000000
FKIT,S+X2_M1_r0,samosa,640,0.000000
FKIT,S+X2_M1_r0,samosa,641,0.000000
FKIT,S+X2_M1_r0,samosa,642,0.000000
FKIT,S+X2_M1_r0,samosa,643,0.000000
FKIT,S+X2_M1_r0,samosa,644,0.000000
FKIT,S+X2_M1_r0,samosa,645,0.000000
FKIT,S+X2_M1_r0,samosa,646,0.000000
FKIT,S+X2_M1_r0,samosa,647,0.000000
FKIT,S+X2_M1_r0,samosa,648,0.000000
FKIT,S+X2_M1_r0,samosa,649,0.000000
FKIT,S+X2_M1_r0,samosa,650,0.000000
FKIT,S+X2_M1_r0,samosa,651,0.000000
FKIT,S+X2_M1_r0,samosa,652,0.000000
FKIT,S+X2_M1_r0,samosa,653,0.000000
FKIT,S+X2_M1_r0,samosa,654,0.000000
FKIT,S+X2_M1_r0,samosa,655,0.000000
FKIT,S+X2_M1_r0,samosa,656,0.000000
FKIT,S+X2_M1_r0,samosa,657,0.000000
FKIT,S+X2_M1_r0,samosa,658,0.000000
FKIT,S+X2_M1_r0,samosa,659,0.000000
FKIT,S+X2_M1_r0,samosa,660,0.000000
FKIT,S+X2_M1_r0,samosa,661,0.000000
FKIT,S+X2_M1_r0,samosa,662,0.000000
FKIT,S+X2_M1_r0,samosa,663,0.000000
FKIT,S+X2_M1_r0,samosa,664,0.000000
FKIT,S+X2_M1_r0,samosa,665,0.000000
FKIT,S+X2_M1_r0,samosa,666,0.000000
FKIT,S+X2_M1_r0,samosa,667,0.000000
FKIT,S+X2_M1_r0,samosa,668,0.000000
FKIT,S+X2_M1_r0,samosa,669,0.000000
FKIT,S+X2_M1_r0,samosa,670,0.000000
FKIT,S+X2_M1_r0,samosa,671,0.000000
FKIT,S+X2_M1_r0,samosa,672,0.000000
FKIT,S+X2_M1_r0,samosa,673,0.000000
FKIT,S+X2_M1_r0,samosa,674,0.000000
FKIT,S+X2_M1_r0,samosa,675,0.000000
FKIT,S+X2_M1_r0,samosa,676,0.000000
FKIT,S+X2_M1_r0,samosa,677,0.000000
FKIT,S+X2_M1_r0,samosa,678,0.000000
FKIT,S+X2_M1_r0,samosa,679,0.000000
FKIT,S+X2_M1_r0,samosa,680,0.000000
FKIT,S+X2_M1_r0,samosa,681,0.000000
FKIT,S+X2_M1_r0,samosa,682,0.000000
FKIT,S+X2_M1_r0,samosa,683,0.000000
FKIT,S+X2_M1_r0,samosa,684,0.000000
FKIT,S+X2_M1_r0,samosa,685,0.000000
FKIT,S+X2_M1_r0,samosa,686,0.000000
FKIT,S+X2_M1_r0,samosa,687,0.000000
FKIT,S+X2_M1_r0,samosa,688,0.000000
FKIT,S+X2_M1_r0,samosa,689,0.000000
FKIT,S+X2_M1_r0,samosa,690,0.000000
FKIT,S+X2_M1_r0,samosa,691,0.000000
FKIT,S+X2_M1_r0,samosa,692,0.000000
FKIT,S+X2_M1_r0,samosa,693,0.000000
FKIT,S+X2_M1_r0,samosa,694,0.000000
FKIT,S+X2_M1_r0,samosa,695,0.000000
FKIT,S+X2_M1_r0,samosa,696,0.000000
FKIT,S+X2_M1_r0,samosa,697,0.000000
FKIT,S+X2_M1_r0,samosa,698,0.000000
FKIT,S+X2_M1_r0,samosa,699,0.000000
FKIT,S+X2_M1_r0,samosa,700,0.000000
FKIT,S+X2_M1_r0,samosa,701,0.000000
FKIT,S+X2_M1_r0,samosa,702,0.000000
FKIT,S+X2_M1_r0,samosa,703,0.000000
FKIT,S+X2_M1_r0,samosa,704,0.000000
FKIT,S+X2_M1_r0,samosa,705,0.000000
FKIT,S+X2_M1_r0,samosa,706,0.000000
FKIT,S+X2_M1_r0,samosa,707,0.000000
FKIT,S+X2_M1_r0,samosa,708,0.000000
FKIT,S+X2_M1_r0,samosa,709,0.000000
FKIT,S+X2_M1_r0,samosa,710,0.000000
FKIT,S+X2_M1_r0,samosa,711,0.000000
FKIT,S+X2_M1_r0,samosa,712,0.000000
FKIT,S+X2_M1_r0,samosa,713,0.000000
FKIT,S+X2_M1_r0,samosa,714,0.000000
FKIT,S+X2_M1_r0,samosa,715,0.000000
FKIT,S+X2_M1_r0,samosa,716,0.000000
FKIT,S+X2_M1_r0,samosa,717,0.000000
FKIT,S+X2_M1_r0,samosa,718,0.000000
FKIT,S+X2_M1_r0,samosa,719,0.000000
FKIT,S+X2_M1_r0,samosa,720,0.000000
FKIT,S+X2_M1_r0,samosa,721,0.000000
FKIT,S+X2_M1_r0,samosa,722,0.000000
FKIT,S+X2_M1_r0,samosa,723,0.000000
FKIT,S+X2_M1_r0,samosa,724,0.000000
FKIT,S+X2_M1_r0,samosa,725,0.000000
FKIT,S+X2_M1_r0,samosa,726,0.000000
FKIT,S+X2_M1_r0,samosa,727,0.000000
FKIT,S+X2_M1_r0,samosa,728,0.000000
FKIT,S+X2_M1_r0,samosa,729,0.000000
FKIT,S+X2_M1_r0,samosa,730,0.000000
FKIT,S+X2_M1_r0,samosa,731,0.000000
FKIT,S+X2_M1_r0,samosa,732,0.000000
FKIT,S+X2_M1_r0,samosa,733,0.000000
FKIT,S+X2_M1_r0,samosa,734,0.000000
FKIT,S+X2_M1_r0,samosa,735,0.000000
FKIT,S+X2_M1_r0,samosa,736,0.000000
FKIT,S+X2_M1_r0,samosa,737,0.000000
FKIT,S+X2_M1_r0,samosa,738,0.000000
FKIT,S+X2_M1_r0,samosa,739,0.000000
FKIT,S+X2_M1_r0,samosa,740,0.000000
FKIT,S+X2_M1_r0,samosa,741,0.000000
FKIT,S+X2_M1_r0,samosa,742,0.000000
FKIT,S+X2_M1_r0,samosa,743,0.000000
FKIT,S+X2_M1_r0,samosa,744,0.000000
FKIT,S+X2_M1_r0,samosa,745,0.000000
FKIT,S+X2_M1_r0,samosa,746,0.000000
FKIT,S+X2_M1_r0,samosa,747,0.000000
FKIT,S+X2_M1_r0,samosa,748,0.000000
FKIT,S+X2_M1_r0,samosa,749,0.000000
FKIT,S+X2_M1_r0,samosa,750,0.000000
FKIT,S+X2_M1_r0,samosa,751,0.000000
FKIT,S+X2_M1_r0,samosa,752,0.000000
FKIT,S+X2_M1_r0,samosa,753,0.000000
FKIT,S+X2_M1_r0,samosa,754,0.000000
FKIT,S+X2_M1_r0,samosa,755,0.000000
FKIT,S+X2_M1_r0,samosa,756,0.000000
FKIT,S+X2_M1_r0,samosa,757,0.000000
FKIT,S+X2_M1_r0,samosa,758,0.000000
FKIT,S+X2_M1_r0,samosa,759,0.000000
FKIT,S+X2_M1_r0,samosa,760,0.000000
FKIT,S+X2_M1_r0,samosa,761,0.000000
FKIT,S+X2_M1_r0,samosa,762,0.000000
FKIT,S+X2_M1_r0,samosa,763,0.000000
FKIT,S+X2_M1_r0,samosa,764,0.000000
FKIT,S+X2_M1_r0,samosa,765,0.000000
FKIT,S+X2_M1_r0,samosa,766,0.000000
FKIT,S+X2_M1_r0,samosa,767,0.000000
FKIT,S+X2_M1_r0,samosa,768,0.000000
FKIT,S+X2_M1_r0,samosa,769,0.000000
FKIT,S+X2_M1_r0,samosa,770,0.000000
FKIT,S+X2_M1_r0,samosa,771,0.000000
FKIT,S+X2_M1_r0,samosa,772,0.000000
FKIT,S+X2_M1_r0,samosa,773,0.000000
FKIT,S+X2_M1_r0,samosa,774,0.000000
FKIT,S+X2_M1_r0,samosa,775,0.000000
FKIT,S+X2_M1_r0,samosa,776,0.000000
FKIT,S+X2_M1_r0,samosa,777,0.000000
FKIT,S+X2_M1_r0,samosa,778,0.000000
FKIT,S+X2_M1_r0,samosa,779,0.000000
FKIT,S+X2_M1_r0,samosa,780,0.000000
FKIT,S+X2_M1_r0,samosa,781,0.000000
FKIT,S+X2_M1_r0,samosa,782,0.000000
FKIT,S+X2_M1_r0,samosa,783,0.000000
FKIT,S+X2_M1_r0,samosa,784,0.000000
FKIT,S+X2_M1_r0,samosa,785,0.000000
FKIT,S+X2_M1_r0,samosa,786,0.000000
FKIT,S+X2_M1_r0,samosa,787,0.000000
FKIT,S+X2_M1_r0,samosa,788,0.000000
FKIT,S+X2_M1_r0,samosa,789,0.000000
FKIT,S+X2_M1_r0,samosa,790,0.000000
FKIT,S+X2_M1_r0,samosa,791,0.000000
FKIT,S+X2_M1_r0,samosa,792,0.000000
FKIT,S+X2_M1_r0,samosa,793,0.000000
FKIT,S+X2_M1_r0,samosa,794,0.000000
FKIT,S+X2_M1_r0,samosa,795,0.000000
FKIT,S+X2_M1_r0,samosa,796,0.000000
FKIT,S+X2_M1_r0,samosa,797,0.000000
FKIT,S+X2_M1_r0,samosa,798,0.000000
FKIT,S+X2_M1_r0,samosa,799,0.000000
FKIT,S+X2_M1_r0,samosa,800,0.000000
FKIT,S+X2_M1_r0,samosa,801,0.000000
FKIT,S+X2_M1_r0,samosa,802,0.000000
FKIT,S+X2_M1_r0,samosa,803,0.000000
FKIT,S+X2_M1_r0,samosa,804,0.000000
FKIT,S+X2_M1_r0,samosa,805,0.000000
FKIT,S+X2_M1_r0,samosa,806,0.000000
FKIT,S+X2_M1_r0,samosa,807,0.000000
FKIT,S+X2_M1_r0,samosa,808,0.000000
FKIT,S+X2_M1_r0,samosa,809,0.000000
FKIT,S+X2_M1_r0,samosa,810,0.000000
FKIT,S+X2_M1_r0,samosa,811,0.000000
FKIT,S+X2_M1_r0,samosa,812,0.000000
FKIT,S+X2_M1_r0,samosa,813,0.000000
FKIT,S+X2_M1_r0,samosa,814,0.000000
FKIT,S+X2_M1_r0,samosa,815,0.000000
FKIT,S+X2_M1_r0,samosa,816,0.000000
FKIT,S+X2_M1_r0,samosa,817,0.000000
FKIT,S+X2_M1_r0,samosa,818,0.000000
FKIT,S+X2_M1_r0,samosa,819,0.000000
FKIT,S+X2_M1_r0,samosa,820,0.000000
FKIT,S+X2_M1_r0,samosa,821,0.000000
FKIT,S+X2_M1_r0,samosa,822,0.000000
FKIT,S+X2_M1_r0,samosa,823,0.000000
FKIT,S+X2_M1_r0,samosa,824,0.000000
FKIT,S+X2_M1_r0,samosa,825,0.000000
FKIT,S+X2_M1_r0,samosa,826,0.000000
FKIT,S+X2_M1_r0,samosa,827,0.000000
FKIT,S+X2_M1_r0,samosa,828,0.000000
FKIT,S+X2_M1_r0,samosa,829,0.000000
FKIT,S+X2_M1_r0,samosa,830,0.000000
FKIT,S+X2_M1_r0,samosa,831,0.000000
FKIT,S+X2_M1_r0,samosa,832,0.000000
FKIT,S+X2_M1_r0,samosa,833,0.000000
FKIT,S+X2_M1_r0,samosa,834,0.000000
FKIT,S+X2_M1_r0,samosa,835,0.000000
FKIT,S+X2_M1_r0,samosa,836,0.000000
FKIT,S+X2_M1_r0,samosa,837,0.000000
FKIT,S+X2_M1_r0,samosa,838,0.000000
FKIT,S+X2_M1_r0,samosa,839,0.000000
FKIT,S+X2_M1_r0,samosa,840,0.000000
FKIT,S+X2_M1_r0,samosa,841,0.000000
FKIT,S+X2_M1_r0,samosa,842,0.000000
FKIT,S+X2_M1_r0,samosa,843,0.000000
FKIT,S+X2_M1_r0,samosa,844,0.000000
FKIT,S+X2_M1_r0,samosa,845,0.000000
FKIT,S+X2_M1_r0,samosa,846,0.000000
FKIT,S+X2_M1_r0,samosa,847,0.000000
FKIT,S+X2_M1_r0,yellow_cane,0,0.000000
FKIT,S+X2_M1_r0,yellow_cane,1,0.000000
FKIT,S+X2_M1_r0,yellow_cane,2,0.000000
FKIT,S+X2_M1_r0,yellow_cane,3,0.000000
FKIT,S+X2_M1_r0,yellow_cane,4,0.000000
FKIT,S+X2_M1_r0,yellow_cane,5,0.000000
FKIT,S+X2_M1_r0,yellow_cane,6,0.000000
FKIT,S+X2_M1_r0,yellow_cane,7,0.000000
FKIT,S+X2_M1_r0,yellow_cane,8,0.000000
FKIT,S+X2_M1_r0,yellow_cane,9,0.000000
FKIT,S+X2_M1_r0,yellow_cane,10,0.000000
FKIT,S+X2_M1_r0,yellow_cane,11,0.000000
FKIT,S+X2_M1_r0,yellow_cane,12,0.000000
FKIT,S+X2_M1_r0,yellow_cane,13,0.000000
FKIT,S+X2_M1_r0,yellow_cane,14,0.000000
FKIT,S+X2_M1_r0,yellow_cane,15,0.000000
FKIT,S+X2_M1_r0,yellow_cane,16,0.000000
FKIT,S+X2_M1_r0,yellow_cane,17,0.000000
FKIT,S+X2_M1_r0,yellow_cane,18,0.000000
FKIT,S+X2_M1_r0,yellow_cane,19,0.000000
FKIT,S+X2_M1_r0,yellow_cane,20,0.000000
FKIT,S+X2_M1_r0,yellow_cane,21,0.000000
FKIT,S+X2_M1_r0,yellow_cane,22,0.000000
FKIT,S+X2_M1_r0,yellow_cane,23,0.000000
FKIT,S+X2_M1_r0,yellow_cane,24,0.000000
FKIT,S+X2_M1_r0,yellow_cane,25,0.000000
FKIT,S+X2_M1_r0,yellow_cane,26,0.000000
FKIT,S+X2_M1_r0,yellow_cane,27,0.000000
FKIT,S+X2_M1_r0,yellow_cane,28,0.000000
FKIT,S+X2_M1_r0,yellow_cane,29,0.000000
FKIT,S+X2_M1_r0,yellow_cane,30,0.000000
FKIT,S+X2_M1_r0,yellow_cane,31,0.000000
FKIT,S+X2_M1_r0,yellow_cane,32,0.000000
FKIT,S+X2_M1_r0,yellow_cane,33,0.000000
FKIT,S+X2_M1_r0,yellow_cane,34,0.000000
FKIT,S+X2_M1_r0,yellow_cane,35,0.000000
FKIT,S+X2_M1_r0,yellow_cane,36,0.000000
FKIT,S+X2_M1_r0,yellow_cane,37,0.000000
FKIT,S+X2_M1_r0,yellow_cane,38,0.000000
FKIT,S+X2_M1_r0,yellow_cane,39,0.000000
FKIT,S+X2_M1_r0,yellow_cane,40,0.000000
FKIT,S+X2_M1_r0,yellow_cane,41,0.000000
FKIT,S+X2_M1_r0,yellow_cane,42,0.000000
FKIT,S+X2_M1_r0,yellow_cane,43,0.000000
FKIT,S+X2_M1_r0,yellow_cane,44,0.000000
FKIT,S+X2_M1_r0,yellow_cane,45,0.000000
FKIT,S+X2_M1_r0,yellow_cane,46,0.000000
FKIT,S+X2_M1_r0,yellow_cane,47,0.000000
FKIT,S+X2_M1_r0,yellow_cane,48,0.000000
FKIT,S+X2_M1_r0,yellow_cane,49,0.000000
FKIT,S+X2_M1_r0,yellow_cane,50,0.000000
FKIT,S+X2_M1_r0,yellow_cane,51,0.000000
FKIT,S+X2_M1_r0,yellow_cane,52,0.000000
FKIT,S+X2_M1_r0,yellow_cane,53,0.000000
FKIT,S+X2_M1_r0,yellow_cane,54,0.000000
FKIT,S+X2_M1_r0,yellow_cane,55,0.000000
FKIT,S+X2_M1_r0,yellow_cane,56,0.000000
FKIT,S+X2_M1_r0,yellow_cane,57,0.000000
FKIT,S+X2_M1_r0,yellow_cane,58,0.000000
FKIT,S+X2_M1_r0,yellow_cane,59,0.000000
FKIT,S+X2_M1_r0,yellow_cane,60,0.000000
FKIT,S+X2_M1_r0,yellow_cane,61,0.000000
FKIT,S+X2_M1_r0,yellow_cane,62,0.000000
FKIT,S+X2_M1_r0,yellow_cane,63,0.000000
FKIT,S+X2_M1_r0,yellow_cane,64,0.000000
FKIT,S+X2_M1_r0,yellow_cane,65,0.000000
FKIT,S+X2_M1_r0,yellow_cane,66,0.000000
FKIT,S+X2_M1_r0,yellow_cane,67,0.000000
FKIT,S+X2_M1_r0,yellow_cane,68,0.000000
FKIT,S+X2_M1_r0,yellow_cane,69,0.000000
FKIT,S+X2_M1_r0,yellow_cane,70,0.000000
FKIT,S+X2_M1_r0,yellow_cane,71,0.000000
FKIT,S+X2_M1_r0,yellow_cane,72,0.000000
FKIT,S+X2_M1_r0,yellow_cane,73,0.000000
FKIT,S+X2_M1_r0,yellow_cane,74,0.000000
FKIT,S+X2_M1_r0,yellow_cane,75,0.000000
FKIT,S+X2_M1_r0,yellow_cane,76,0.000000
FKIT,S+X2_M1_r0,yellow_cane,77,0.000000
FKIT,S+X2_M1_r0,yellow_cane,78,0.000000
FKIT,S+X2_M1_r0,yellow_cane,79,0.000000
FKIT,S+X2_M1_r0,yellow_cane,80,0.000000
FKIT,S+X2_M1_r0,yellow_cane,81,0.000000
FKIT,S+X2_M1_r0,yellow_cane,82,0.000000
FKIT,S+X2_M1_r0,yellow_cane,83,0.000000
FKIT,S+X2_M1_r0,yellow_cane,84,0.000000
FKIT,S+X2_M1_r0,yellow_cane,85,0.000000
FKIT,S+X2_M1_r0,yellow_cane,86,0.000000
FKIT,S+X2_M1_r0,yellow_cane,87,0.000000
FKIT,S+X2_M1_r0,yellow_cane,88,0.000000
FKIT,S+X2_M1_r0,yellow_cane,89,0.000000
FKIT,S+X2_M1_r0,yellow_cane,90,0.000000
FKIT,S+X2_M1_r0,yellow_cane,91,0.000000
FKIT,S+X2_M1_r0,yellow_cane,92,0.000000
FKIT,S+X2_M1_r0,yellow_cane,93,0.000000
FKIT,S+X2_M1_r0,yellow_cane,94,0.000000
FKIT,S+X2_M1_r0,yellow_cane,95,0.000000
FKIT,S+X2_M1_r0,yellow_cane,96,0.000000
FKIT,S+X2_M1_r0,yellow_cane,97,0.000000
FKIT,S+X2_M1_r0,yellow_cane,98,0.000000
FKIT,S+X2_M1_r0,yellow_cane,99,0.000000
FKIT,S+X2_M1_r0,yellow_cane,100,0.000000
FKIT,S+X2_M1_r0,yellow_cane,101,0.000000
FKIT,S+X2_M1_r0,yellow_cane,102,0.000000
FKIT,S+X2_M1_r0,yellow_cane,103,0.000000
FKIT,S+X2_M1_r0,yellow_cane,104,0.000000
FKIT,S+X2_M1_r0,yellow_cane,105,0.000000
FKIT,S+X2_M1_r0,yellow_cane,106,0.000000
FKIT,S+X2_M1_r0,yellow_cane,107,0.000000
FKIT,S+X2_M1_r0,yellow_cane,108,0.000000
FKIT,S+X2_M1_r0,yellow_cane,109,0.000000
FKIT,S+X2_M1_r0,yellow_cane,110,0.000000
FKIT,S+X2_M1_r0,yellow_cane,111,0.000000
FKIT,S+X2_M1_r0,yellow_cane,112,0.000000
FKIT,S+X2_M1_r0,yellow_cane,113,0.000000
FKIT,S+X2_M1_r0,yellow_cane,114,0.000000
FKIT,S+X2_M1_r0,yellow_cane,115,0.000000
FKIT,S+X2_M1_r0,yellow_cane,116,0.000000
FKIT,S+X2_M1_r0,yellow_cane,117,0.000000
FKIT,S+X2_M1_r0,yellow_cane,118,0.000000
FKIT,S+X2_M1_r0,yellow_cane,119,0.000000
FKIT,S+X2_M1_r0,yellow_cane,120,0.000000
FKIT,S+X2_M1_r0,yellow_cane,121,0.000000
FKIT,S+X2_M1_r0,yellow_cane,122,0.000000
FKIT,S+X2_M1_r0,yellow_cane,123,0.000000
FKIT,S+X2_M1_r0,yellow_cane,124,0.000000
FKIT,S+X2_M1_r0,yellow_cane,125,0.000000
FKIT,S+X2_M1_r0,yellow_cane,126,0.000000
FKIT,S+X2_M1_r0,yellow_cane,127,0.000000
FKIT,S+X2_M1_r0,yellow_cane,128,0.000000
FKIT,S+X2_M1_r0,yellow_cane,129,0.000000
FKIT,S+X2_M1_r0,yellow_cane,130,0.000000
FKIT,S+X2_M1_r0,yellow_cane,131,0.000000
FKIT,S+X2_M1_r0,yellow_cane,132,0.000000
FKIT,S+X2_M1_r0,yellow_cane,133,0.000000
FKIT,S+X2_M1_r0,yellow_cane,134,0.000000
FKIT,S+X2_M1_r0,yellow_cane,135,0.000000
FKIT,S+X2_M1_r0,yellow_cane,136,0.000000
FKIT,S+X2_M1_r0,yellow_cane,137,0.000000
FKIT,S+X2_M1_r0,yellow_cane,138,0.000000
FKIT,S+X2_M1_r0,yellow_cane,139,0.000000
FKIT,S+X2_M1_r0,yellow_cane,140,0.000000
FKIT,S+X2_M1_r0,yellow_cane,141,0.000000
FKIT,S+X2_M1_r0,yellow_cane,142,0.000000
FKIT,S+X2_M1_r0,yellow_cane,143,0.000000
FKIT,S+X2_M1_r0,yellow_cane,144,0.000000
FKIT,S+X2_M1_r0,yellow_cane,145,0.000000
FKIT,S+X2_M1_r0,yellow_cane,146,0.000000
FKIT,S+X2_M1_r0,yellow_cane,147,0.000000
FKIT,S+X2_M1_r0,yellow_cane,148,0.000000
FKIT,S+X2_M1_r0,yellow_cane,149,0.000000
FKIT,S+X2_M1_r0,yellow_cane,150,0.000000
FKIT,S+X2_M1_r0,yellow_cane,151,0.000000
FKIT,S+X2_M1_r0,yellow_cane,152,0.000000
FKIT,S+X2_M1_r0,yellow_cane,153,0.000000
FKIT,S+X2_M1_r0,yellow_cane,154,0.000000
FKIT,S+X2_M1_r0,yellow_cane,155,0.000000
FKIT,S+X2_M1_r0,yellow_cane,156,0.000000
FKIT,S+X2_M1_r0,yellow_cane,157,0.000000
FKIT,S+X2_M1_r0,yellow_cane,158,0.000000
FKIT,S+X2_M1_r0,yellow_cane,159,0.000000
FKIT,S+X2_M1_r0,yellow_cane,160,0.000000
FKIT,S+X2_M1_r0,yellow_cane,161,0.000000
FKIT,S+X2_M1_r0,yellow_cane,162,0.000000
FKIT,S+X2_M1_r0,yellow_cane,163,0.000000
FKIT,S+X2_M1_r0,yellow_cane,164,0.000000
FKIT,S+X2_M1_r0,yellow_cane,165,0.000000
FKIT,S+X2_M1_r0,yellow_cane,166,0.000000
FKIT,S+X2_M1_r0,yellow_cane,167,0.000000
FKIT,S+X2_M1_r0,yellow_cane,168,0.000000
FKIT,S+X2_M1_r0,yellow_cane,169,0.000000
FKIT,S+X2_M1_r0,yellow_cane,170,0.000000
FKIT,S+X2_M1_r0,yellow_cane,171,0.000000
FKIT,S+X2_M1_r0,yellow_cane,172,0.000000
FKIT,S+X2_M1_r0,yellow_cane,173,0.000000
FKIT,S+X2_M1_r0,yellow_cane,174,0.000000
FKIT,S+X2_M1_r0,yellow_cane,175,0.000000
FKIT,S+X2_M1_r0,yellow_cane,176,0.000000
FKIT,S+X2_M1_r0,yellow_cane,177,0.000000
FKIT,S+X2_M1_r0,yellow_cane,178,0.000000
FKIT,S+X2_M1_r0,yellow_cane,179,0.000000
FKIT,S+X2_M1_r0,yellow_cane,180,0.000000
FKIT,S+X2_M1_r0,yellow_cane,181,0.000000
FKIT,S+X2_M1_r0,yellow_cane,182,0.000000
FKIT,S+X2_M1_r0,yellow_cane,183,0.000000
FKIT,S+X2_M1_r0,yellow_cane,184,0.000000
FKIT,S+X2_M1_r0,yellow_cane,185,0.000000
FKIT,S+X2_M1_r0,yellow_cane,186,0.000000
FKIT,S+X2_M1_r0,yellow_cane,187,0.000000
FKIT,S+X2_M1_r0,yellow_cane,188,0.000000
FKIT,S+X2_M1_r0,yellow_cane,189,0.000000
FKIT,S+X2_M1_r0,yellow_cane,190,0.000000
FKIT,S+X2_M1_r0,yellow_cane,191,0.000000
FKIT,S+X2_M1_r0,yellow_cane,192,0.000000
FKIT,S+X2_M1_r0,yellow_cane,193,0.000000
FKIT,S+X2_M1_r0,yellow_cane,194,0.000000
FKIT,S+X2_M1_r0,yellow_cane,195,0.000000
FKIT,S+X2_M1_r0,yellow_cane,196,0.000000
FKIT,S+X2_M1_r0,yellow_cane,197,0.000000
FKIT,S+X2_M1_r0,yellow_cane,198,0.000000
FKIT,S+X2_M1_r0,yellow_cane,199,0.000000
FKIT,S+X2_M1_r0,yellow_cane,200,0.000000
FKIT,S+X2_M1_r0,yellow_cane,201,0.000000
FKIT,S+X2_M1_r0,yellow_cane,202,0.000000
FKIT,S+X2_M1_r0,yellow_cane,203,0.000000
FKIT,S+X2_M1_r0,yellow_cane,204,0.000000
FKIT,S+X2_M1_r0,yellow_cane,205,0.000000
FKIT,S+X2_M1_r0,yellow_cane,206,0.000000
FKIT,S+X2_M1_r0,yellow_cane,207,0.000000
FKIT,S+X2_M1_r0,yellow_cane,208,0.000000
FKIT,S+X2_M1_r0,yellow_cane,209,0.000000
FKIT,S+X2_M1_r0,yellow_cane,210,0.000000
FKIT,S+X2_M1_r0,yellow_cane,211,0.000000
FKIT,S+X2_M1_r0,yellow_cane,212,0.000000
FKIT,S+X2_M1_r0,yellow_cane,213,0.000000
FKIT,S+X2_M1_r0,yellow_cane,214,0.000000
FKIT,S+X2_M1_r0,yellow_cane,215,0.000000
FKIT,S+X2_M1_r0,yellow_cane,216,0.000000
FKIT,S+X2_M1_r0,yellow_cane,217,0.000000
FKIT,S+X2_M1_r0,yellow_cane,218,0.000000
FKIT,S+X2_M1_r0,yellow_cane,219,0.000000
FKIT,S+X2_M1_r0,yellow_cane,220,0.000000
FKIT,S+X2_M1_r0,yellow_cane,221,0.000000
FKIT,S+X2_M1_r0,yellow_cane,222,0.000000
FKIT,S+X2_M1_r0,yellow_cane,223,0.000000
FKIT,S+X2_M1_r0,yellow_cane,224,0.000000
FKIT,S+X2_M1_r0,yellow_cane,225,0.000000
FKIT,S+X2_M1_r0,yellow_cane,226,0.000000
FKIT,S+X2_M1_r0,yellow_cane,227,0.000000
FKIT,S+X2_M1_r0,yellow_cane,228,0.000000
FKIT,S+X2_M1_r0,yellow_cane,229,0.000000
FKIT,S+X2_M1_r0,yellow_cane,230,0.000000
FKIT,S+X2_M1_r0,yellow_cane,231,0.000000
FKIT,S+X2_M1_r0,yellow_cane,232,0.000000
FKIT,S+X2_M1_r0,yellow_cane,233,0.000000
FKIT,S+X2_M1_r0,yellow_cane,234,0.000000
FKIT,S+X2_M1_r0,yellow_cane,235,0.000000
FKIT,S+X2_M1_r0,yellow_cane,236,0.000000
FKIT,S+X2_M1_r0,yellow_cane,237,0.000000
FKIT,S+X2_M1_r0,yellow_cane,238,0.000000
FKIT,S+X2_M1_r0,yellow_cane,239,0.000000
FKIT,S+X2_M1_r0,yellow_cane,240,0.000000
FKIT,S+X2_M1_r0,yellow_cane,241,0.000000
FKIT,S+X2_M1_r0,yellow_cane,242,0.000000
FKIT,S+X2_M1_r0,yellow_cane,243,0.000000
FKIT,S+X2_M1_r0,yellow_cane,244,0.000000
FKIT,S+X2_M1_r0,yellow_cane,245,0.000000
FKIT,S+X2_M1_r0,yellow_cane,246,0.000000
FKIT,S+X2_M1_r0,yellow_cane,247,0.000000
FKIT,S+X2_M1_r0,yellow_cane,248,0.000000
FKIT,S+X2_M1_r0,yellow_cane,249,0.000000
FKIT,S+X2_M1_r0,yellow_cane,250,0.000000
FKIT,S+X2_M1_r0,yellow_cane,251,0.000000
FKIT,S+X2_M1_r0,yellow_cane,252,0.000000
FKIT,S+X2_M1_r0,yellow_cane,253,0.000000
FKIT,S+X2_M1_r0,yellow_cane,254,0.000000
FKIT,S+X2_M1_r0,yellow_cane,255,0.000000
FKIT,S+X2_M1_r0,yellow_cane,256,0.000000
FKIT,S+X2_M1_r0,yellow_cane,257,0.000000
FKIT,S+X2_M1_r0,yellow_cane,258,0.000000
FKIT,S+X2_M1_r0,yellow_cane,259,0.000000
FKIT,S+X2_M1_r0,yellow_cane,260,0.000000
FKIT,S+X2_M1_r0,yellow_cane,261,0.000000
FKIT,S+X2_M1_r0,yellow_cane,262,0.000000
FKIT,S+X2_M1_r0,yellow_cane,263,0.000000
FKIT,S+X2_M1_r0,yellow_cane,264,0.000000
FKIT,S+X2_M1_r0,yellow_cane,265,0.000000
FKIT,S+X2_M1_r0,yellow_cane,266,0.000000
FKIT,S+X2_M1_r0,yellow_cane,267,0.000000
FKIT,S+X2_M1_r0,yellow_cane,268,0.000000
FKIT,S+X2_M1_r0,yellow_cane,269,0.000000
FKIT,S+X2_M1_r0,yellow_cane,270,0.000000
FKIT,S+X2_M1_r0,yellow_cane,271,0.000000
FKIT,S+X2_M1_r0,yellow_cane,272,0.000000
FKIT,S+X2_M1_r0,yellow_cane,273,0.000000
FKIT,S+X2_M1_r0,yellow_cane,274,0.000000
FKIT,S+X2_M1_r0,yellow_cane,275,0.000000
FKIT,S+X2_M1_r0,yellow_cane,276,0.000000
FKIT,S+X2_M1_r0,yellow_cane,277,0.000000
FKIT,S+X2_M1_r0,yellow_cane,278,0.000000
FKIT,S+X2_M1_r0,yellow_cane,279,0.000000
FKIT,S+X2_M1_r0,yellow_cane,280,0.000000
FKIT,S+X2_M1_r0,yellow_cane,281,0.000000
FKIT,S+X2_M1_r0,yellow_cane,282,0.000000
FKIT,S+X2_M1_r0,yellow_cane,283,0.000000
FKIT,S+X2_M1_r0,yellow_cane,284,0.000000
FKIT,S+X2_M1_r0,yellow_cane,285,0.000000
FKIT,S+X2_M1_r0,yellow_cane,286,0.000000
FKIT,S+X2_M1_r0,yellow_cane,287,0.000000
FKIT,S+X2_M1_r0,yellow_cane,288,0.000000
FKIT,S+X2_M1_r0,yellow_cane,289,0.000000
FKIT,S+X2_M1_r0,yellow_cane,290,0.000000
FKIT,S+X2_M1_r0,yellow_cane,291,0.000000
FKIT,S+X2_M1_r0,yellow_cane,292,0.000000
FKIT,S+X2_M1_r0,yellow_cane,293,0.000000
FKIT,S+X2_M1_r0,yellow_cane,294,0.000000
FKIT,S+X2_M1_r0,yellow_cane,295,0.000000
FKIT,S+X2_M1_r0,yellow_cane,296,0.000000
FKIT,S+X2_M1_r0,yellow_cane,297,0.000000
FKIT,S+X2_M1_r0,yellow_cane,298,0.000000
FKIT,S+X2_M1_r0,yellow_cane,299,0.000000
FKIT,S+X2_M1_r0,yellow_cane,300,0.000000
FKIT,S+X2_M1_r0,yellow_cane,301,0.000000
FKIT,S+X2_M1_r0,yellow_cane,302,0.000000
FKIT,S+X2_M1_r0,yellow_cane,303,0.000000
FKIT,S+X2_M1_r0,yellow_cane,304,0.000000
FKIT,S+X2_M1_r0,yellow_cane,305,0.000000
FKIT,S+X2_M1_r0,yellow_cane,306,0.000000
FKIT,S+X2_M1_r0,yellow_cane,307,0.000000
FKIT,S+X2_M1_r0,yellow_cane,308,0.000000
FKIT,S+X2_M1_r0,yellow_cane,309,0.000000
FKIT,S+X2_M1_r0,yellow_cane,310,0.000000
FKIT,S+X2_M1_r0,yellow_cane,311,0.000000
FKIT,S+X2_M1_r0,yellow_cane,312,0.000000
FKIT,S+X2_M1_r0,yellow_cane,313,0.000000
FKIT,S+X2_M1_r0,yellow_cane,314,0.000000
FKIT,S+X2_M1_r0,yellow_cane,315,0.000000
FKIT,S+X2_M1_r0,yellow_cane,316,0.000000
FKIT,S+X2_M1_r0,yellow_cane,317,0.000000
FKIT,S+X2_M1_r0,yellow_cane,318,0.000000
FKIT,S+X2_M1_r0,yellow_cane,319,0.000000
FKIT,S+X2_M1_r0,yellow_cane,320,0.000000
FKIT,S+X2_M1_r0,yellow_cane,321,0.000000
FKIT,S+X2_M1_r0,yellow_cane,322,0.000000
FKIT,S+X2_M1_r0,yellow_cane,323,0.000000
FKIT,S+X2_M1_r0,yellow_cane,324,0.000000
FKIT,S+X2_M1_r0,yellow_cane,325,0.000000
FKIT,S+X2_M1_r0,yellow_cane,326,0.000000
FKIT,S+X2_M1_r0,yellow_cane,327,0.000000
FKIT,S+X2_M1_r0,yellow_cane,328,0.000000
FKIT,S+X2_M1_r0,yellow_cane,329,0.000000
FKIT,S+X2_M1_r0,yellow_cane,330,0.000000
FKIT,S+X2_M1_r0,yellow_cane,331,0.000000
FKIT,S+X2_M1_r0,yellow_cane,332,0.000000
FKIT,S+X2_M1_r0,yellow_cane,333,0.000000
FKIT,S+X2_M1_r0,yellow_cane,334,0.000000
FKIT,S+X2_M1_r0,yellow_cane,335,0.000000
FKIT,S+X2_M1_r0,yellow_cane,336,0.000000
FKIT,S+X2_M1_r0,yellow_cane,337,0.000000
FKIT,S+X2_M1_r0,yellow_cane,338,0.000000
FKIT,S+X2_M1_r0,yellow_cane,339,0.000000
FKIT,S+X2_M1_r0,yellow_cane,340,0.000000
FKIT,S+X2_M1_r0,yellow_cane,341,0.000000
FKIT,S+X2_M1_r0,yellow_cane,342,0.000000
FKIT,S+X2_M1_r0,yellow_cane,343,0.000000
FKIT,S+X2_M1_r0,yellow_cane,344,0.000000
FKIT,S+X2_M1_r0,yellow_cane,345,0.000000
FKIT,S+X2_M1_r0,yellow_cane,346,0.000000
FKIT,S+X2_M1_r0,yellow_cane,347,0.000000
FKIT,S+X2_M1_r0,yellow_cane,348,0.000000
FKIT,S+X2_M1_r0,yellow_cane,349,0.000000
FKIT,S+X2_M1_r0,yellow_cane,350,0.000000
FKIT,S+X2_M1_r0,yellow_cane,351,0.000000
FKIT,S+X2_M1_r0,yellow_cane,352,0.000000
FKIT,S+X2_M1_r0,yellow_cane,353,0.000000
FKIT,S+X2_M1_r0,yellow_cane,354,0.000000
FKIT,S+X2_M1_r0,yellow_cane,355,0.000000
FKIT,S+X2_M1_r0,yellow_cane,356,0.000000
FKIT,S+X2_M1_r0,yellow_cane,357,0.000000
FKIT,S+X2_M1_r0,yellow_cane,358,0.000000
FKIT,S+X2_M1_r0,yellow_cane,359,0.000000
FKIT,S+X2_M1_r0,yellow_cane,360,0.000000
FKIT,S+X2_M1_r0,yellow_cane,361,0.000000
FKIT,S+X2_M1_r0,yellow_cane,362,0.000000
FKIT,S+X2_M1_r0,yellow_cane,363,0.000000
FKIT,S+X2_M1_r0,yellow_cane,364,0.000000
FKIT,S+X2_M1_r0,yellow_cane,365,0.000000
FKIT,S+X2_M1_r0,yellow_cane,366,0.000000
FKIT,S+X2_M1_r0,yellow_cane,367,0.000000
FKIT,S+X2_M1_r0,yellow_cane,368,0.000000
FKIT,S+X2_M1_r0,yellow_cane,369,0.000000
FKIT,S+X2_M1_r0,yellow_cane,370,0.000000
FKIT,S+X2_M1_r0,yellow_cane,371,0.000000
FKIT,S+X2_M1_r0,yellow_cane,372,0.000000
FKIT,S+X2_M1_r0,yellow_cane,373,0.000000
FKIT,S+X2_M1_r0,yellow_cane,374,0.000000
FKIT,S+X2_M1_r0,yellow_cane,375,0.000000
FKIT,S+X2_M1_r0,yellow_cane,376,0.000000
FKIT,S+X2_M1_r0,yellow_cane,377,0.000000
FKIT,S+X2_M1_r0,yellow_cane,378,0.000000
FKIT,S+X2_M1_r0,yellow_cane,379,0.000000
FKIT,S+X2_M1_r0,yellow_cane,380,0.000000
FKIT,S+X2_M1_r0,yellow_cane,381,0.000000
FKIT,S+X2_M1_r0,yellow_cane,382,0.000000
FKIT,S+X2_M1_r0,yellow_cane,383,0.000000
FKIT,S+X2_M1_r0,yellow_cane,384,0.000000
FKIT,S+X2_M1_r0,yellow_cane,385,0.000000
FKIT,S+X2_M1_r0,yellow_cane,386,0.000000
FKIT,S+X2_M1_r0,yellow_cane,387,0.000000
FKIT,S+X2_M1_r0,yellow_cane,388,0.000000
FKIT,S+X2_M1_r0,yellow_cane,389,0.000000
FKIT,S+X2_M1_r0,yellow_cane,390,0.000000
FKIT,S+X2_M1_r0,yellow_cane,391,0.000000
FKIT,S+X2_M1_r0,yellow_cane,392,0.000000
FKIT,S+X2_M1_r0,yellow_cane,393,0.000000
FKIT,S+X2_M1_r0,yellow_cane,394,0.000000
FKIT,S+X2_M1_r0,yellow_cane,395,0.000000
FKIT,S+X2_M1_r0,yellow_cane,396,0.000000
FKIT,S+X2_M1_r0,yellow_cane,397,0.000000
FKIT,S+X2_M1_r0,yellow_cane,398,0.000000
FKIT,S+X2_M1_r0,yellow_cane,399,0.000000
FKIT,S+X2_M1_r0,yellow_cane,400,0.000000
FKIT,S+X2_M1_r0,yellow_cane,401,0.000000
FKIT,S+X2_M1_r0,yellow_cane,402,0.000000
FKIT,S+X2_M1_r0,yellow_cane,403,0.000000
FKIT,S+X2_M1_r0,yellow_cane,404,0.000000
FKIT,S+X2_M1_r0,yellow_cane,405,0.000000
FKIT,S+X2_M1_r0,yellow_cane,406,0.000000
FKIT,S+X2_M1_r0,yellow_cane,407,0.000000
FKIT,S+X2_M1_r0,yellow_cane,408,0.000000
FKIT,S+X2_M1_r0,yellow_cane,409,0.000000
FKIT,S+X2_M1_r0,yellow_cane,410,0.000000
FKIT,S+X2_M1_r0,yellow_cane,411,0.000000
FKIT,S+X2_M1_r0,yellow_cane,412,0.000000
FKIT,S+X2_M1_r0,yellow_cane,413,0.000000
FKIT,S+X2_M1_r0,yellow_cane,414,0.000000
FKIT,S+X2_M1_r0,yellow_cane,415,0.000000
FKIT,S+X2_M1_r0,yellow_cane,416,0.000000
FKIT,S+X2_M1_r0,yellow_cane,417,0.000000
FKIT,S+X2_M1_r0,yellow_cane,418,0.000000
FKIT,S+X2_M1_r0,yellow_cane,419,0.000000
FKIT,S+X2_M1_r0,yellow_cane,420,0.000000
FKIT,S+X2_M1_r0,yellow_cane,421,0.000000
FKIT,S+X2_M1_r0,yellow_cane,422,0.000000
FKIT,S+X2_M1_r0,yellow_cane,423,0.000000
FKIT,S+X2_M1_r0,yellow_cane,424,0.000000
FKIT,S+X2_M1_r0,yellow_cane,425,0.000000
FKIT,S+X2_M1_r0,yellow_cane,426,0.000000
FKIT,S+X2_M1_r0,yellow_cane,427,0.000000
FKIT,S+X2_M1_r0,yellow_cane,428,0.000000
FKIT,S+X2_M1_r0,yellow_cane,429,0.000000
FKIT,S+X2_M1_r0,yellow_cane,430,0.000000
FKIT,S+X2_M1_r0,yellow_cane,431,0.000000
FKIT,S+X2_M1_r0,yellow_cane,432,0.000000
FKIT,S+X2_M1_r0,yellow_cane,433,0.000000
FKIT,S+X2_M1_r0,yellow_cane,434,0.000000
FKIT,S+X2_M1_r0,yellow_cane,435,0.000000
FKIT,S+X2_M1_r0,yellow_cane,436,0.000000
FKIT,S+X2_M1_r0,yellow_cane,437,0.000000
FKIT,S+X2_M1_r0,yellow_cane,438,0.000000
FKIT,S+X2_M1_r0,yellow_cane,439,0.000000
FKIT,S+X2_M1_r0,yellow_cane,440,0.000000
FKIT,S+X2_M1_r0,yellow_cane,441,0.000000
FKIT,S+X2_M1_r0,yellow_cane,442,0.000000
FKIT,S+X2_M1_r0,yellow_cane,443,0.000000
FKIT,S+X2_M1_r0,yellow_cane,444,0.000000
FKIT,S+X2_M1_r0,yellow_cane,445,0.000000
FKIT,S+X2_M1_r0,yellow_cane,446,0.000000
FKIT,S+X2_M1_r0,yellow_cane,447,0.000000
FKIT,S+X2_M1_r0,yellow_cane,448,0.000000
FKIT,S+X2_M1_r0,yellow_cane,449,0.000000
FKIT,S+X2_M1_r0,yellow_cane,450,0.000000
FKIT,S+X2_M1_r0,yellow_cane,451,0.000000
FKIT,S+X2_M1_r0,yellow_cane,452,0.000000
FKIT,S+X2_M1_r0,yellow_cane,453,0.000000
FKIT,S+X2_M1_r0,yellow_cane,454,0.000000
FKIT,S+X2_M1_r0,yellow_cane,455,0.000000
FKIT,S+X2_M1_r0,yellow_cane,456,0.000000
FKIT,S+X2_M1_r0,yellow_cane,457,0.000000
FKIT,S+X2_M1_r0,yellow_cane,458,0.000000
FKIT,S+X2_M1_r0,yellow_cane,459,0.000000
FKIT,S+X2_M1_r0,yellow_cane,460,0.000000
FKIT,S+X2_M1_r0,yellow_cane,461,0.000000
FKIT,S+X2_M1_r0,yellow_cane,462,0.000000
FKIT,S+X2_M1_r0,yellow_cane,463,0.000000
FKIT,S+X2_M1_r0,yellow_cane,464,0.000000
FKIT,S+X2_M1_r0,yellow_cane,465,0.000000
FKIT,S+X2_M1_r0,yellow_cane,466,0.000000
FKIT,S+X2_M1_r0,yellow_cane,467,0.000000
FKIT,S+X2_M1_r0,yellow_cane,468,0.000000
FKIT,S+X2_M1_r0,yellow_cane,469,0.000000
FKIT,S+X2_M1_r0,yellow_cane,470,0.000000
FKIT,S+X2_M1_r0,yellow_cane,471,0.000000
FKIT,S+X2_M1_r0,yellow_cane,472,0.000000
FKIT,S+X2_M1_r0,yellow_cane,473,0.000000
FKIT,S+X2_M1_r0,yellow_cane,474,0.000000
FKIT,S+X2_M1_r0,yellow_cane,475,0.000000
FKIT,S+X2_M1_r0,yellow_cane,476,0.000000
FKIT,S+X2_M1_r0,yellow_cane,477,0.000000
FKIT,S+X2_M1_r0,yellow_cane,478,0.000000
FKIT,S+X2_M1_r0,yellow_cane,479,0.000000
FKIT,S+X2_M1_r0,yellow_cane,480,0.000000
FKIT,S+X2_M1_r0,yellow_cane,481,0.000000
FKIT,S+X2_M1_r0,yellow_cane,482,0.000000
FKIT,S+X2_M1_r0,yellow_cane,483,0.000000
FKIT,S+X2_M1_r0,yellow_cane,484,0.000000
FKIT,S+X2_M1_r0,yellow_cane,485,0.000000
FKIT,S+X2_M1_r0,yellow_cane,486,0.000000
FKIT,S+X2_M1_r0,yellow_cane,487,0.000000
FKIT,S+X2_M1_r0,yellow_cane,488,0.000000
FKIT,S+X2_M1_r0,yellow_cane,489,0.000000
FKIT,S+X2_M1_r0,yellow_cane,490,0.000000
FKIT,S+X2_M1_r0,yellow_cane,491,0.000000
FKIT,S+X2_M1_r0,yellow_cane,492,0.000000
FKIT,S+X2_M1_r0,yellow_cane,493,0.000000
FKIT,S+X2_M1_r0,yellow_cane,494,0.000000
FKIT,S+X2_M1_r0,yellow_cane,495,0.000000
FKIT,S+X2_M1_r0,yellow_cane,496,0.000000
FKIT,S+X2_M1_r0,yellow_cane,497,0.000000
FKIT,S+X2_M1_r0,yellow_cane,498,0.000000
FKIT,S+X2_M1_r0,yellow_cane,499,0.000000
FKIT,S+X2_M1_r0,yellow_cane,500,0.000000
FKIT,S+X2_M1_r0,yellow_cane,501,0.000000
FKIT,S+X2_M1_r0,yellow_cane,502,0.000000
FKIT,S+X2_M1_r0,yellow_cane,503,0.000000
FKIT,S+X2_M1_r0,yellow_cane,504,0.000000
FKIT,S+X2_M1_r0,yellow_cane,505,0.000000
FKIT,S+X2_M1_r0,yellow_cane,506,0.000000
FKIT,S+X2_M1_r0,yellow_cane,507,0.000000
FKIT,S+X2_M1_r0,yellow_cane,508,0.000000
FKIT,S+X2_M1_r0,yellow_cane,509,0.000000
FKIT,S+X2_M1_r0,yellow_cane,510,0.000000
FKIT,S+X2_M1_r0,yellow_cane,511,0.000000
FKIT,S+X2_M1_r0,yellow_cane,512,0.000000
FKIT,S+X2_M1_r0,yellow_cane,513,0.000000
FKIT,S+X2_M1_r0,yellow_cane,514,0.000000
FKIT,S+X2_M1_r0,yellow_cane,515,0.000000
FKIT,S+X2_M1_r0,yellow_cane,516,0.000000
FKIT,S+X2_M1_r0,yellow_cane,517,0.000000
FKIT,S+X2_M1_r0,yellow_cane,518,0.000000
FKIT,S+X2_M1_r0,yellow_cane,519,0.000000
FKIT,S+X2_M1_r0,yellow_cane,520,0.000000
FKIT,S+X2_M1_r0,yellow_cane,521,0.000000
FKIT,S+X2_M1_r0,yellow_cane,522,0.000000
FKIT,S+X2_M1_r0,yellow_cane,523,0.000000
FKIT,S+X2_M1_r0,yellow_cane,524,0.000000
FKIT,S+X2_M1_r0,yellow_cane,525,0.000000
FKIT,S+X2_M1_r0,yellow_cane,526,0.000000
FKIT,S+X2_M1_r0,yellow_cane,527,0.000000
FKIT,S+X2_M1_r0,yellow_cane,528,0.000000
FKIT,S+X2_M1_r0,yellow_cane,529,0.000000
FKIT,S+X2_M1_r0,yellow_cane,530,0.000000
FKIT,S+X2_M1_r0,yellow_cane,531,0.000000
FKIT,S+X2_M1_r0,yellow_cane,532,0.000000
FKIT,S+X2_M1_r0,yellow_cane,533,0.000000
FKIT,S+X2_M1_r0,yellow_cane,534,0.000000
FKIT,S+X2_M1_r0,yellow_cane,535,0.000000
FKIT,S+X2_M1_r0,yellow_cane,536,0.000000
FKIT,S+X2_M1_r0,yellow_cane,537,0.000000
FKIT,S+X2_M1_r0,yellow_cane,538,0.000000
FKIT,S+X2_M1_r0,yellow_cane,539,0.000000
FKIT,S+X2_M1_r0,yellow_cane,540,0.000000
FKIT,S+X2_M1_r0,yellow_cane,541,0.000000
FKIT,S+X2_M1_r0,yellow_cane,542,0.000000
FKIT,S+X2_M1_r0,yellow_cane,543,0.000000
FKIT,S+X2_M1_r0,yellow_cane,544,0.000000
FKIT,S+X2_M1_r0,yellow_cane,545,0.000000
FKIT,S+X2_M1_r0,yellow_cane,546,0.000000
FKIT,S+X2_M1_r0,yellow_cane,547,0.000000
FKIT,S+X2_M1_r0,yellow_cane,548,0.000000
FKIT,S+X2_M1_r0,yellow_cane,549,0.000000
FKIT,S+X2_M1_r0,yellow_cane,550,0.000000
FKIT,S+X2_M1_r0,yellow_cane,551,0.000000
FKIT,S+X2_M1_r0,yellow_cane,552,0.000000
FKIT,S+X2_M1_r0,yellow_cane,553,0.000000
FKIT,S+X2_M1_r0,yellow_cane,554,0.000000
FKIT,S+X2_M1_r0,yellow_cane,555,0.000000
FKIT,S+X2_M1_r0,yellow_cane,556,0.000000
FKIT,S+X2_M1_r0,yellow_cane,557,0.000000
FKIT,S+X2_M1_r0,yellow_cane,558,0.000000
FKIT,S+X2_M1_r0,yellow_cane,559,0.000000
FKIT,S+X2_M1_r0,yellow_cane,560,0.000000
FKIT,S+X2_M1_r0,yellow_cane,561,0.000000
FKIT,S+X2_M1_r0,yellow_cane,562,0.000000
FKIT,S+X2_M1_r0,yellow_cane,563,0.000000
FKIT,S+X2_M1_r0,yellow_cane,564,0.000000
FKIT,S+X2_M1_r0,yellow_cane,565,0.000000
FKIT,S+X2_M1_r0,yellow_cane,566,0.000000
FKIT,S+X2_M1_r0,yellow_cane,567,0.000000
FKIT,S+X2_M1_r0,yellow_cane,568,0.000000
FKIT,S+X2_M1_r0,yellow_cane,569,0.000000
FKIT,S+X2_M1_r0,yellow_cane,570,0.000000
FKIT,S+X2_M1_r0,yellow_cane,571,0.000000
FKIT,S+X2_M1_r0,yellow_cane,572,0.000000
FKIT,S+X2_M1_r0,yellow_cane,573,0.000000
FKIT,S+X2_M1_r0,yellow_cane,574,0.000000
FKIT,S+X2_M1_r0,yellow_cane,575,0.000000
FKIT,S+X2_M1_r0,yellow_cane,576,0.000000
FKIT,S+X2_M1_r0,yellow_cane,577,0.000000
FKIT,S+X2_M1_r0,yellow_cane,578,0.000000
FKIT,S+X2_M1_r0,yellow_cane,579,0.000000
FKIT,S+X2_M1_r0,yellow_cane,580,0.000000
FKIT,S+X2_M1_r0,yellow_cane,581,0.000000
FKIT,S+X2_M1_r0,yellow_cane,582,0.000000
FKIT,S+X2_M1_r0,yellow_cane,583,0.000000
FKIT,S+X2_M1_r0,yellow_cane,584,0.000000
FKIT,S+X2_M1_r0,yellow_cane,585,0.000000
FKIT,S+X2_M1_r0,yellow_cane,586,0.000000
FKIT,S+X2_M1_r0,yellow_cane,587,0.000000
FKIT,S+X2_M1_r0,yellow_cane,588,0.000000
FKIT,S+X2_M1_r0,yellow_cane,589,0.000000
FKIT,S+X2_M1_r0,yellow_cane,590,0.000000
FKIT,S+X2_M1_r0,yellow_cane,591,0.000000
FKIT,S+X2_M1_r0,yellow_cane,592,0.000000
FKIT,S+X2_M1_r0,yellow_cane,593,0.000000
FKIT,S+X2_M1_r0,yellow_cane,594,0.000000
FKIT,S+X2_M1_r0,yellow_cane,595,0.000000
FKIT,S+X2_M1_r0,yellow_cane,596,0.000000
FKIT,S+X2_M1_r0,yellow_cane,597,0.000000
FKIT,S+X2_M1_r0,yellow_cane,598,0.000000
FKIT,S+X2_M1_r0,yellow_cane,599,0.000000
FKIT,S+X2_M1_r0,yellow_cane,600,0.000000
FKIT,S+X2_M1_r0,yellow_cane,601,0.000000
FKIT,S+X2_M1_r0,yellow_cane,602,0.000000
FKIT,S+X2_M1_r0,yellow_cane,603,0.000000
FKIT,S+X2_M1_r0,yellow_cane,604,0.000000
FKIT,S+X2_M1_r0,yellow_cane,605,0.000000
FKIT,S+X2_M1_r0,yellow_cane,606,0.000000
FKIT,S+X2_M1_r0,yellow_cane,607,0.000000
FKIT,S+X2_M1_r0,yellow_cane,608,0.000000
FKIT,S+X2_M1_r0,yellow_cane,609,0.000000
FKIT,S+X2_M1_r0,yellow_cane,610,0.000000
FKIT,S+X2_M1_r0,yellow_cane,611,0.000000
FKIT,S+X2_M1_r0,yellow_cane,612,0.000000
FKIT,S+X2_M1_r0,yellow_cane,613,0.000000
FKIT,S+X2_M1_r0,yellow_cane,614,0.000000
FKIT,S+X2_M1_r0,yellow_cane,615,0.000000
FKIT,S+X2_M1_r0,yellow_cane,616,0.000000
FKIT,S+X2_M1_r0,yellow_cane,617,0.000000
FKIT,S+X2_M1_r0,yellow_cane,618,0.000000
FKIT,S+X2_M1_r0,yellow_cane,619,0.000000
FKIT,S+X2_M1_r0,yellow_cane,620,0.000000
FKIT,S+X2_M1_r0,yellow_cane,621,0.000000
FKIT,S+X2_M1_r0,yellow_cane,622,0.000000
FKIT,S+X2_M1_r0,yellow_cane,623,0.000000
FKIT,S+X2_M1_r0,yellow_cane,624,0.000000
FKIT,S+X2_M1_r0,yellow_cane,625,0.000000
FKIT,S+X2_M1_r0,yellow_cane,626,0.000000
FKIT,S+X2_M1_r0,yellow_cane,627,0.000000
FKIT,S+X2_M1_r0,yellow_cane,628,0.000000
FKIT,S+X2_M1_r0,yellow_cane,629,0.000000
FKIT,S+X2_M1_r0,yellow_cane,630,0.000000
FKIT,S+X2_M1_r0,yellow_cane,631,0.000000
FKIT,S+X2_M1_r0,yellow_cane,632,0.000000
FKIT,S+X2_M1_r0,yellow_cane,633,0.000000
FKIT,S+X2_M1_r0,yellow_cane,634,0.000000
FKIT,S+X2_M1_r0,yellow_cane,635,0.000000
FKIT,S+X2_M1_r0,yellow_cane,636,0.000000
FKIT,S+X2_M1_r0,yellow_cane,637,0.000000
FKIT,S+X2_M1_r0,yellow_cane,638,0.000000
FKIT,S+X2_M1_r0,yellow_cane,639,0.000000
FKIT,S+X2_M1_r0,yellow_cane,640,0.000000
FKIT,S+X2_M1_r0,yellow_cane,641,0.000000
FKIT,S+X2_M1_r0,yellow_cane,642,0.000000
FKIT,S+X2_M1_r0,yellow_cane,643,0.000000
FKIT,S+X2_M1_r0,yellow_cane,644,0.000000
FKIT,S+X2_M1_r0,yellow_cane,645,0.000000
FKIT,S+X2_M1_r0,yellow_cane,646,0.000000
FKIT,S+X2_M1_r0,yellow_cane,647,0.000000
FKIT,S+X2_M1_r0,yellow_cane,648,0.000000
FKIT,S+X2_M1_r0,yellow_cane,649,0.000000
FKIT,S+X2_M1_r0,yellow_cane,650,0.000000
FKIT,S+X2_M1_r0,yellow_cane,651,0.000000
FKIT,S+X2_M1_r0,yellow_cane,652,0.000000
FKIT,S+X2_M1_r0,yellow_cane,653,0.000000
FKIT,S+X2_M1_r0,yellow_cane,654,0.000000
FKIT,S+X2_M1_r0,yellow_cane,655,0.000000
FKIT,S+X2_M1_r0,yellow_cane,656,0.000000
FKIT,S+X2_M1_r0,yellow_cane,657,0.000000
FKIT,S+X2_M1_r0,yellow_cane,658,0.000000
FKIT,S+X2_M1_r0,yellow_cane,659,0.000000
FKIT,S+X2_M1_r0,yellow_cane,660,0.000000
FKIT,S+X2_M1_r0,yellow_cane,661,0.000000
FKIT,S+X2_M1_r0,yellow_cane,662,0.000000
FKIT,S+X2_M1_r0,yellow_cane,663,0.000000
FKIT,S+X2_M1_r0,yellow_cane,664,0.000000
FKIT,S+X2_M1_r0,yellow_cane,665,0.000000
FKIT,S+X2_M1_r0,yellow_cane,666,0.000000
FKIT,S+X2_M1_r0,yellow_cane,667,0.000000
FKIT,S+X2_M1_r0,yellow_cane,668,0.000000
FKIT,S+X2_M1_r0,yellow_cane,669,0.000000
FKIT,S+X2_M1_r0,yellow_cane,670,0.000000
FKIT,S+X2_M1_r0,yellow_cane,671,0.000000
FKIT,S+X2_M1_r0,yellow_cane,672,0.000000
FKIT,S+X2_M1_r0,yellow_cane,673,0.000000
FKIT,S+X2_M1_r0,yellow_cane,674,0.000000
FKIT,S+X2_M1_r0,yellow_cane,675,0.000000
FKIT,S+X2_M1_r0,yellow_cane,676,0.000000
FKIT,S+X2_M1_r0,yellow_cane,677,0.000000
FKIT,S+X2_M1_r0,yellow_cane,678,0.000000
FKIT,S+X2_M1_r0,yellow_cane,679,0.000000
FKIT,S+X2_M1_r0,yellow_cane,680,0.000000
FKIT,S+X2_M1_r0,yellow_cane,681,0.000000
FKIT,S+X2_M1_r0,yellow_cane,682,0.000000
FKIT,S+X2_M1_r0,yellow_cane,683,0.000000
FKIT,S+X2_M1_r0,yellow_cane,684,0.000000
FKIT,S+X2_M1_r0,yellow_cane,685,0.000000
FKIT,S+X2_M1_r0,yellow_cane,686,0.000000
FKIT,S+X2_M1_r0,yellow_cane,687,0.000000
FKIT,S+X2_M1_r0,yellow_cane,688,0.000000
FKIT,S+X2_M1_r0,yellow_cane,689,0.000000
FKIT,S+X2_M1_r0,yellow_cane,690,0.000000
FKIT,S+X2_M1_r0,yellow_cane,691,0.000000
FKIT,S+X2_M1_r0,yellow_cane,692,0.000000
FKIT,S+X2_M1_r0,yellow_cane,693,0.000000
FKIT,S+X2_M1_r0,yellow_cane,694,0.000000
FKIT,S+X2_M1_r0,yellow_cane,695,0.000000
FKIT,S+X2_M1_r0,yellow_cane,696,0.000000
FKIT,S+X2_M1_r0,yellow_cane,697,0.000000
FKIT,S+X2_M1_r0,yellow_cane,698,0.000000
FKIT,S+X2_M1_r0,yellow_cane,699,0.000000
FKIT,S+X2_M1_r0,yellow_cane,700,0.000000
FKIT,S+X2_M1_r0,yellow_cane,701,0.000000
FKIT,S+X2_M1_r0,yellow_cane,702,0.000000
FKIT,S+X2_M1_r0,yellow_cane,703,0.000000
FKIT,S+X2_M1_r0,yellow_cane,704,0.000000
FKIT,S+X2_M1_r0,yellow_cane,705,0.000000
FKIT,S+X2_M1_r0,yellow_cane,706,0.000000
FKIT,S+X2_M1_r0,yellow_cane,707,0.000000
FKIT,S+X2_M1_r0,yellow_cane,708,0.000000
FKIT,S+X2_M1_r0,yellow_cane,709,0.000000
FKIT,S+X2_M1_r0,yellow_cane,710,0.000000
FKIT,S+X2_M1_r0,yellow_cane,711,0.000000
FKIT,S+X2_M1_r0,yellow_cane,712,0.000000
FKIT,S+X2_M1_r0,yellow_cane,713,0.000000
FKIT,S+X2_M1_r0,yellow_cane,714,0.000000
