partition,method,scene,frame,iou
FKIT,Y+X2_M9_r2,aguacate,0,0.123132
FKIT,Y+X2_M9_r2,aguacate,1,0.163068
FKIT,Y+X2_M9_r2,aguacate,2,0.182679
FKIT,Y+X2_M9_r2,aguacate,3,0.161106
FKIT,Y+X2_M9_r2,aguacate,4,0.156916
FKIT,Y+X2_M9_r2,aguacate,5,0.158145
FKIT,Y+X2_M9_r2,aguacate,6,0.150253
FKIT,Y+X2_M9_r2,aguacate,7,0.151132
FKIT,Y+X2_M9_r2,aguacate,8,0.147431
FKIT,Y+X2_M9_r2,aguacate,9,0.151136
FKIT,Y+X2_M9_r2,aguacate,10,0.189310
FKIT,Y+X2_M9_r2,aguacate,11,0.354134
FKIT,Y+X2_M9_r2,aguacate,12,0.460711
FKIT,Y+X2_M9_r2,aguacate,13,0.437753
FKIT,Y+X2_M9_r2,aguacate,14,0.356243
FKIT,Y+X2_M9_r2,aguacate,15,0.382743
FKIT,Y+X2_M9_r2,aguacate,16,0.446488
FKIT,Y+X2_M9_r2,aguacate,17,0.670513
FKIT,Y+X2_M9_r2,aguacate,18,0.533029
FKIT,Y+X2_M9_r2,aguacate,19,0.332105
FKIT,Y+X2_M9_r2,aguacate,20,0.276116
FKIT,Y+X2_M9_r2,aguacate,21,0.931601
FKIT,Y+X2_M9_r2,aguacate,22,0.887582
FKIT,Y+X2_M9_r2,aguacate,23,0.860749
FKIT,Y+X2_M9_r2,aguacate,24,0.929169
FKIT,Y+X2_M9_r2,aguacate,25,0.895053
FKIT,Y+X2_M9_r2,aguacate,26,0.940043
FKIT,Y+X2_M9_r2,aguacate,27,0.945081
FKIT,Y+X2_M9_r2,aguacate,28,0.949714
FKIT,Y+X2_M9_r2,aguacate,29,0.952859
FKIT,Y+X2_M9_r2,aguacate,30,0.946596
FKIT,Y+X2_M9_r2,aguacate,31,0.943227
FKIT,Y+X2_M9_r2,aguacate,32,0.952506
FKIT,Y+X2_M9_r2,aguacate,33,0.954263
FKIT,Y+X2_M9_r2,aguacate,34,0.947901
FKIT,Y+X2_M9_r2,aguacate,35,0.954098
FKIT,Y+X2_M9_r2,aguacate,36,0.955610
FKIT,Y+X2_M9_r2,aguacate,37,0.955355
FKIT,Y+X2_M9_r2,aguacate,38,0.957208
FKIT,Y+X2_M9_r2,aguacate,39,0.956701
FKIT,Y+X2_M9_r2,aguacate,40,0.935865
FKIT,Y+X2_M9_r2,aguacate,41,0.952888
FKIT,Y+X2_M9_r2,aguacate,42,0.954148
FKIT,Y+X2_M9_r2,aguacate,43,0.956769
FKIT,Y+X2_M9_r2,aguacate,44,0.957367
FKIT,Y+X2_M9_r2,aguacate,45,0.957764
FKIT,Y+X2_M9_r2,aguacate,46,0.954645
FKIT,Y+X2_M9_r2,aguacate,47,0.954274
FKIT,Y+X2_M9_r2,aguacate,48,0.959717
FKIT,Y+X2_M9_r2,aguacate,49,0.960278
FKIT,Y+X2_M9_r2,aguacate,50,0.964451
FKIT,Y+X2_M9_r2,aguacate,51,0.955408
FKIT,Y+X2_M9_r2,aguacate,52,0.962959
FKIT,Y+X2_M9_r2,aguacate,53,0.957912
FKIT,Y+X2_M9_r2,aguacate,54,0.957573
FKIT,Y+X2_M9_r2,aguacate,55,0.957242
FKIT,Y+X2_M9_r2,aguacate,56,0.958125
FKIT,Y+X2_M9_r2,aguacate,57,0.960197
FKIT,Y+X2_M9_r2,aguacate,58,0.969532
FKIT,Y+X2_M9_r2,aguacate,59,0.971973
FKIT,Y+X2_M9_r2,aguacate,60,0.963606
FKIT,Y+X2_M9_r2,aguacate,61,0.963395
FKIT,Y+X2_M9_r2,aguacate,62,0.957447
FKIT,Y+X2_M9_r2,aguacate,63,0.958806
FKIT,Y+X2_M9_r2,aguacate,64,0.963196
FKIT,Y+X2_M9_r2,aguacate,65,0.962723
FKIT,Y+X2_M9_r2,aguacate,66,0.968654
FKIT,Y+X2_M9_r2,aguacate,67,0.966423
FKIT,Y+X2_M9_r2,aguacate,68,0.958918
FKIT,Y+X2_M9_r2,aguacate,69,0.970266
FKIT,Y+X2_M9_r2,aguacate,70,0.969334
FKIT,Y+X2_M9_r2,aguacate,71,0.962389
FKIT,Y+X2_M9_r2,aguacate,72,0.963581
FKIT,Y+X2_M9_r2,aguacate,73,0.960361
FKIT,Y+X2_M9_r2,aguacate,74,0.963726
FKIT,Y+X2_M9_r2,aguacate,75,0.964589
FKIT,Y+X2_M9_r2,aguacate,76,0.960200
FKIT,Y+X2_M9_r2,aguacate,77,0.962019
FKIT,Y+X2_M9_r2,aguacate,78,0.959410
FKIT,Y+X2_M9_r2,aguacate,79,0.961584
FKIT,Y+X2_M9_r2,aguacate,80,0.963733
FKIT,Y+X2_M9_r2,aguacate,81,0.959601
FKIT,Y+X2_M9_r2,aguacate,82,0.959504
FKIT,Y+X2_M9_r2,aguacate,83,0.957388
FKIT,Y+X2_M9_r2,aguacate,84,0.958009
FKIT,Y+X2_M9_r2,aguacate,85,0.963258
FKIT,Y+X2_M9_r2,aguacate,86,0.959658
FKIT,Y+X2_M9_r2,aguacate,87,0.961789
FKIT,Y+X2_M9_r2,aguacate,88,0.963867
FKIT,Y+X2_M9_r2,aguacate,89,0.960954
FKIT,Y+X2_M9_r2,aguacate,90,0.958266
FKIT,Y+X2_M9_r2,aguacate,91,0.950609
FKIT,Y+X2_M9_r2,aguacate,92,0.953311
FKIT,Y+X2_M9_r2,aguacate,93,0.946807
FKIT,Y+X2_M9_r2,aguacate,94,0.960573
FKIT,Y+X2_M9_r2,aguacate,95,0.959972
FKIT,Y+X2_M9_r2,aguacate,96,0.950494
FKIT,Y+X2_M9_r2,aguacate,97,0.952080
FKIT,Y+X2_M9_r2,aguacate,98,0.957831
FKIT,Y+X2_M9_r2,aguacate,99,0.960065
FKIT,Y+X2_M9_r2,aguacate,100,0.955113
FKIT,Y+X2_M9_r2,aguacate,101,0.947259
FKIT,Y+X2_M9_r2,aguacate,102,0.944918
FKIT,Y+X2_M9_r2,aguacate,103,0.952702
FKIT,Y+X2_M9_r2,aguacate,104,0.957838
FKIT,Y+X2_M9_r2,aguacate,105,0.957397
FKIT,Y+X2_M9_r2,aguacate,106,0.959307
FKIT,Y+X2_M9_r2,aguacate,107,0.961529
FKIT,Y+X2_M9_r2,aguacate,108,0.956191
FKIT,Y+X2_M9_r2,aguacate,109,0.960348
FKIT,Y+X2_M9_r2,aguacate,110,0.955691
FKIT,Y+X2_M9_r2,aguacate,111,0.955199
FKIT,Y+X2_M9_r2,aguacate,112,0.959670
FKIT,Y+X2_M9_r2,aguacate,113,0.961298
FKIT,Y+X2_M9_r2,aguacate,114,0.962561
FKIT,Y+X2_M9_r2,aguacate,115,0.963412
FKIT,Y+X2_M9_r2,aguacate,116,0.962618
FKIT,Y+X2_M9_r2,aguacate,117,0.962407
FKIT,Y+X2_M9_r2,aguacate,118,0.962707
FKIT,Y+X2_M9_r2,aguacate,119,0.966267
FKIT,Y+X2_M9_r2,aguacate,120,0.963145
FKIT,Y+X2_M9_r2,aguacate,121,0.956868
FKIT,Y+X2_M9_r2,aguacate,122,0.954015
FKIT,Y+X2_M9_r2,aguacate,123,0.955649
FKIT,Y+X2_M9_r2,aguacate,124,0.959309
FKIT,Y+X2_M9_r2,aguacate,125,0.960356
FKIT,Y+X2_M9_r2,aguacate,126,0.959799
FKIT,Y+X2_M9_r2,aguacate,127,0.961003
FKIT,Y+X2_M9_r2,aguacate,128,0.961950
FKIT,Y+X2_M9_r2,aguacate,129,0.964129
FKIT,Y+X2_M9_r2,aguacate,130,0.966348
FKIT,Y+X2_M9_r2,aguacate,131,0.962005
FKIT,Y+X2_M9_r2,aguacate,132,0.957393
FKIT,Y+X2_M9_r2,aguacate,133,0.959915
FKIT,Y+X2_M9_r2,aguacate,134,0.966419
FKIT,Y+X2_M9_r2,aguacate,135,0.961936
FKIT,Y+X2_M9_r2,aguacate,136,0.955822
FKIT,Y+X2_M9_r2,aguacate,137,0.958622
FKIT,Y+X2_M9_r2,aguacate,138,0.958012
FKIT,Y+X2_M9_r2,aguacate,139,0.963444
FKIT,Y+X2_M9_r2,aguacate,140,0.962512
FKIT,Y+X2_M9_r2,aguacate,141,0.956753
FKIT,Y+X2_M9_r2,aguacate,142,0.952908
FKIT,Y+X2_M9_r2,aguacate,143,0.959205
FKIT,Y+X2_M9_r2,aguacate,144,0.960584
FKIT,Y+X2_M9_r2,aguacate,145,0.956803
FKIT,Y+X2_M9_r2,aguacate,146,0.957230
FKIT,Y+X2_M9_r2,aguacate,147,0.958952
FKIT,Y+X2_M9_r2,aguacate,148,0.954892
FKIT,Y+X2_M9_r2,aguacate,149,0.961326
FKIT,Y+X2_M9_r2,aguacate,150,0.955779
FKIT,Y+X2_M9_r2,aguacate,151,0.949115
FKIT,Y+X2_M9_r2,aguacate,152,0.951235
FKIT,Y+X2_M9_r2,aguacate,153,0.955172
FKIT,Y+X2_M9_r2,aguacate,154,0.958507
FKIT,Y+X2_M9_r2,aguacate,155,0.960261
FKIT,Y+X2_M9_r2,aguacate,156,0.962029
FKIT,Y+X2_M9_r2,aguacate,157,0.957614
FKIT,Y+X2_M9_r2,aguacate,158,0.956623
FKIT,Y+X2_M9_r2,aguacate,159,0.950873
FKIT,Y+X2_M9_r2,aguacate,160,0.956105
FKIT,Y+X2_M9_r2,aguacate,161,0.956121
FKIT,Y+X2_M9_r2,aguacate,162,0.962881
FKIT,Y+X2_M9_r2,aguacate,163,0.962092
FKIT,Y+X2_M9_r2,aguacate,164,0.965109
FKIT,Y+X2_M9_r2,aguacate,165,0.961538
FKIT,Y+X2_M9_r2,aguacate,166,0.964135
FKIT,Y+X2_M9_r2,aguacate,167,0.959811
FKIT,Y+X2_M9_r2,aguacate,168,0.964589
FKIT,Y+X2_M9_r2,aguacate,169,0.963072
FKIT,Y+X2_M9_r2,aguacate,170,0.960868
FKIT,Y+X2_M9_r2,aguacate,171,0.961098
FKIT,Y+X2_M9_r2,aguacate,172,0.962274
FKIT,Y+X2_M9_r2,aguacate,173,0.962424
FKIT,Y+X2_M9_r2,aguacate,174,0.962450
FKIT,Y+X2_M9_r2,aguacate,175,0.959461
FKIT,Y+X2_M9_r2,aguacate,176,0.958028
FKIT,Y+X2_M9_r2,aguacate,177,0.955967
FKIT,Y+X2_M9_r2,aguacate,178,0.957867
FKIT,Y+X2_M9_r2,aguacate,179,0.970980
FKIT,Y+X2_M9_r2,aguacate,180,0.968837
FKIT,Y+X2_M9_r2,aguacate,181,0.960846
FKIT,Y+X2_M9_r2,aguacate,182,0.961956
FKIT,Y+X2_M9_r2,aguacate,183,0.965465
FKIT,Y+X2_M9_r2,aguacate,184,0.963728
FKIT,Y+X2_M9_r2,aguacate,185,0.948095
FKIT,Y+X2_M9_r2,aguacate,186,0.960893
FKIT,Y+X2_M9_r2,aguacate,187,0.964912
FKIT,Y+X2_M9_r2,aguacate,188,0.957717
FKIT,Y+X2_M9_r2,aguacate,189,0.962345
FKIT,Y+X2_M9_r2,aguacate,190,0.960923
FKIT,Y+X2_M9_r2,aguacate,191,0.958751
FKIT,Y+X2_M9_r2,aguacate,192,0.960956
FKIT,Y+X2_M9_r2,aguacate,193,0.961359
FKIT,Y+X2_M9_r2,aguacate,194,0.964143
FKIT,Y+X2_M9_r2,aguacate,195,0.961764
FKIT,Y+X2_M9_r2,aguacate,196,0.960384
FKIT,Y+X2_M9_r2,aguacate,197,0.960740
FKIT,Y+X2_M9_r2,aguacate,198,0.962663
FKIT,Y+X2_M9_r2,aguacate,199,0.964290
FKIT,Y+X2_M9_r2,aguacate,200,0.967689
FKIT,Y+X2_M9_r2,aguacate,201,0.960850
FKIT,Y+X2_M9_r2,aguacate,202,0.963677
FKIT,Y+X2_M9_r2,aguacate,203,0.967164
FKIT,Y+X2_M9_r2,aguacate,204,0.969407
FKIT,Y+X2_M9_r2,aguacate,205,0.970001
FKIT,Y+X2_M9_r2,aguacate,206,0.970617
FKIT,Y+X2_M9_r2,aguacate,207,0.962111
FKIT,Y+X2_M9_r2,aguacate,208,0.966836
FKIT,Y+X2_M9_r2,aguacate,209,0.962445
FKIT,Y+X2_M9_r2,aguacate,210,0.962828
FKIT,Y+X2_M9_r2,aguacate,211,0.964750
FKIT,Y+X2_M9_r2,aguacate,212,0.968723
FKIT,Y+X2_M9_r2,aguacate,213,0.967540
FKIT,Y+X2_M9_r2,aguacate,214,0.961163
FKIT,Y+X2_M9_r2,aguacate,215,0.968296
FKIT,Y+X2_M9_r2,aguacate,216,0.969331
FKIT,Y+X2_M9_r2,aguacate,217,0.966956
FKIT,Y+X2_M9_r2,aguacate,218,0.966170
FKIT,Y+X2_M9_r2,aguacate,219,0.968422
FKIT,Y+X2_M9_r2,aguacate,220,0.968962
FKIT,Y+X2_M9_r2,aguacate,221,0.959807
FKIT,Y+X2_M9_r2,aguacate,222,0.957626
FKIT,Y+X2_M9_r2,aguacate,223,0.959764
FKIT,Y+X2_M9_r2,aguacate,224,0.966264
FKIT,Y+X2_M9_r2,aguacate,225,0.967066
FKIT,Y+X2_M9_r2,aguacate,226,0.965897
FKIT,Y+X2_M9_r2,aguacate,227,0.961579
FKIT,Y+X2_M9_r2,aguacate,228,0.964352
FKIT,Y+X2_M9_r2,aguacate,229,0.964152
FKIT,Y+X2_M9_r2,aguacate,230,0.965421
FKIT,Y+X2_M9_r2,aguacate,231,0.960831
FKIT,Y+X2_M9_r2,aguacate,232,0.963692
FKIT,Y+X2_M9_r2,aguacate,233,0.968911
FKIT,Y+X2_M9_r2,aguacate,234,0.968081
FKIT,Y+X2_M9_r2,aguacate,235,0.969239
FKIT,Y+X2_M9_r2,aguacate,236,0.971083
FKIT,Y+X2_M9_r2,aguacate,237,0.966175
FKIT,Y+X2_M9_r2,aguacate,238,0.964078
FKIT,Y+X2_M9_r2,aguacate,239,0.968098
FKIT,Y+X2_M9_r2,aguacate,240,0.968508
FKIT,Y+X2_M9_r2,aguacate,241,0.966764
FKIT,Y+X2_M9_r2,aguacate,242,0.969018
FKIT,Y+X2_M9_r2,aguacate,243,0.969586
FKIT,Y+X2_M9_r2,aguacate,244,0.967484
FKIT,Y+X2_M9_r2,aguacate,245,0.964657
FKIT,Y+X2_M9_r2,aguacate,246,0.966407
FKIT,Y+X2_M9_r2,aguacate,247,0.964153
FKIT,Y+X2_M9_r2,aguacate,248,0.963592
FKIT,Y+X2_M9_r2,aguacate,249,0.968631
FKIT,Y+X2_M9_r2,aguacate,250,0.969289
FKIT,Y+X2_M9_r2,aguacate,251,0.962000
FKIT,Y+X2_M9_r2,aguacate,252,0.961065
FKIT,Y+X2_M9_r2,aguacate,253,0.968984
FKIT,Y+X2_M9_r2,aguacate,254,0.973515
FKIT,Y+X2_M9_r2,aguacate,255,0.971351
FKIT,Y+X2_M9_r2,aguacate,256,0.972005
FKIT,Y+X2_M9_r2,aguacate,257,0.974009
FKIT,Y+X2_M9_r2,aguacate,258,0.965642
FKIT,Y+X2_M9_r2,aguacate,259,0.970543
FKIT,Y+X2_M9_r2,aguacate,260,0.969766
FKIT,Y+X2_M9_r2,aguacate,261,0.969127
FKIT,Y+X2_M9_r2,aguacate,262,0.975588
FKIT,Y+X2_M9_r2,aguacate,263,0.973004
FKIT,Y+X2_M9_r2,aguacate,264,0.973110
FKIT,Y+X2_M9_r2,aguacate,265,0.970716
FKIT,Y+X2_M9_r2,aguacate,266,0.970144
FKIT,Y+X2_M9_r2,aguacate,267,0.972701
FKIT,Y+X2_M9_r2,aguacate,268,0.969639
FKIT,Y+X2_M9_r2,aguacate,269,0.968054
FKIT,Y+X2_M9_r2,aguacate,270,0.964612
FKIT,Y+X2_M9_r2,aguacate,271,0.965438
FKIT,Y+X2_M9_r2,aguacate,272,0.965189
FKIT,Y+X2_M9_r2,aguacate,273,0.966819
FKIT,Y+X2_M9_r2,aguacate,274,0.964002
FKIT,Y+X2_M9_r2,aguacate,275,0.943458
FKIT,Y+X2_M9_r2,aguacate,276,0.938479
FKIT,Y+X2_M9_r2,aguacate,277,0.930666
FKIT,Y+X2_M9_r2,aguacate,278,0.914485
FKIT,Y+X2_M9_r2,aguacate,279,0.002503
FKIT,Y+X2_M9_r2,aguacate,280,0.918207
FKIT,Y+X2_M9_r2,aguacate,281,0.927356
FKIT,Y+X2_M9_r2,aguacate,282,0.940875
FKIT,Y+X2_M9_r2,aguacate,283,0.963402
FKIT,Y+X2_M9_r2,aguacate,284,0.966269
FKIT,Y+X2_M9_r2,aguacate,285,0.971384
FKIT,Y+X2_M9_r2,aguacate,286,0.969020
FKIT,Y+X2_M9_r2,aguacate,287,0.968177
FKIT,Y+X2_M9_r2,aguacate,288,0.970869
FKIT,Y+X2_M9_r2,aguacate,289,0.971545
FKIT,Y+X2_M9_r2,aguacate,290,0.970169
FKIT,Y+X2_M9_r2,aguacate,291,0.966992
FKIT,Y+X2_M9_r2,aguacate,292,0.965918
FKIT,Y+X2_M9_r2,aguacate,293,0.967692
FKIT,Y+X2_M9_r2,aguacate,294,0.969523
FKIT,Y+X2_M9_r2,aguacate,295,0.969835
FKIT,Y+X2_M9_r2,aguacate,296,0.971159
FKIT,Y+X2_M9_r2,aguacate,297,0.971096
FKIT,Y+X2_M9_r2,aguacate,298,0.972097
FKIT,Y+X2_M9_r2,aguacate,299,0.971880
FKIT,Y+X2_M9_r2,aguacate,300,0.970204
FKIT,Y+X2_M9_r2,aguacate,301,0.968534
FKIT,Y+X2_M9_r2,aguacate,302,0.970271
FKIT,Y+X2_M9_r2,aguacate,303,0.973233
FKIT,Y+X2_M9_r2,aguacate,304,0.976691
FKIT,Y+X2_M9_r2,aguacate,305,0.972364
FKIT,Y+X2_M9_r2,aguacate,306,0.976353
FKIT,Y+X2_M9_r2,aguacate,307,0.976440
FKIT,Y+X2_M9_r2,aguacate,308,0.972905
FKIT,Y+X2_M9_r2,aguacate,309,0.976945
FKIT,Y+X2_M9_r2,aguacate,310,0.974731
FKIT,Y+X2_M9_r2,aguacate,311,0.973593
FKIT,Y+X2_M9_r2,aguacate,312,0.975899
FKIT,Y+X2_M9_r2,aguacate,313,0.973439
FKIT,Y+X2_M9_r2,aguacate,314,0.972847
FKIT,Y+X2_M9_r2,aguacate,315,0.972127
FKIT,Y+X2_M9_r2,aguacate,316,0.974879
FKIT,Y+X2_M9_r2,aguacate,317,0.973709
FKIT,Y+X2_M9_r2,aguacate,318,0.973033
FKIT,Y+X2_M9_r2,aguacate,319,0.972099
FKIT,Y+X2_M9_r2,aguacate,320,0.972913
FKIT,Y+X2_M9_r2,aguacate,321,0.972032
FKIT,Y+X2_M9_r2,aguacate,322,0.971805
FKIT,Y+X2_M9_r2,aguacate,323,0.971910
FKIT,Y+X2_M9_r2,aguacate,324,0.970163
FKIT,Y+X2_M9_r2,aguacate,325,0.973609
FKIT,Y+X2_M9_r2,aguacate,326,0.970281
FKIT,Y+X2_M9_r2,aguacate,327,0.968123
FKIT,Y+X2_M9_r2,aguacate,328,0.972933
FKIT,Y+X2_M9_r2,aguacate,329,0.973144
FKIT,Y+X2_M9_r2,aguacate,330,0.974600
FKIT,Y+X2_M9_r2,aguacate,331,0.970463
FKIT,Y+X2_M9_r2,aguacate,332,0.975226
FKIT,Y+X2_M9_r2,aguacate,333,0.973391
FKIT,Y+X2_M9_r2,aguacate,334,0.973181
FKIT,Y+X2_M9_r2,aguacate,335,0.974521
FKIT,Y+X2_M9_r2,aguacate,336,0.976790
FKIT,Y+X2_M9_r2,aguacate,337,0.974877
FKIT,Y+X2_M9_r2,aguacate,338,0.970550
FKIT,Y+X2_M9_r2,aguacate,339,0.972047
FKIT,Y+X2_M9_r2,aguacate,340,0.968055
FKIT,Y+X2_M9_r2,aguacate,341,0.970885
FKIT,Y+X2_M9_r2,aguacate,342,0.970175
FKIT,Y+X2_M9_r2,aguacate,343,0.971872
FKIT,Y+X2_M9_r2,aguacate,344,0.972398
FKIT,Y+X2_M9_r2,aguacate,345,0.971380
FKIT,Y+X2_M9_r2,aguacate,346,0.973200
FKIT,Y+X2_M9_r2,aguacate,347,0.972437
FKIT,Y+X2_M9_r2,aguacate,348,0.971631
FKIT,Y+X2_M9_r2,aguacate,349,0.968345
FKIT,Y+X2_M9_r2,aguacate,350,0.970834
FKIT,Y+X2_M9_r2,aguacate,351,0.972950
FKIT,Y+X2_M9_r2,aguacate,352,0.970566
FKIT,Y+X2_M9_r2,aguacate,353,0.971297
FKIT,Y+X2_M9_r2,aguacate,354,0.971939
FKIT,Y+X2_M9_r2,aguacate,355,0.972653
FKIT,Y+X2_M9_r2,aguacate,356,0.972896
FKIT,Y+X2_M9_r2,aguacate,357,0.970440
FKIT,Y+X2_M9_r2,aguacate,358,0.968684
FKIT,Y+X2_M9_r2,aguacate,359,0.967854
FKIT,Y+X2_M9_r2,aguacate,360,0.963512
FKIT,Y+X2_M9_r2,aguacate,361,0.964677
FKIT,Y+X2_M9_r2,aguacate,362,0.965562
FKIT,Y+X2_M9_r2,aguacate,363,0.965073
FKIT,Y+X2_M9_r2,aguacate,364,0.970588
FKIT,Y+X2_M9_r2,aguacate,365,0.966935
FKIT,Y+X2_M9_r2,aguacate,366,0.967442
FKIT,Y+X2_M9_r2,aguacate,367,0.964606
FKIT,Y+X2_M9_r2,aguacate,368,0.964604
FKIT,Y+X2_M9_r2,aguacate,369,0.967229
FKIT,Y+X2_M9_r2,aguacate,370,0.967894
FKIT,Y+X2_M9_r2,aguacate,371,0.966980
FKIT,Y+X2_M9_r2,aguacate,372,0.965994
FKIT,Y+X2_M9_r2,aguacate,373,0.969925
FKIT,Y+X2_M9_r2,aguacate,374,0.968812
FKIT,Y+X2_M9_r2,aguacate,375,0.970526
FKIT,Y+X2_M9_r2,aguacate,376,0.969222
FKIT,Y+X2_M9_r2,aguacate,377,0.972506
FKIT,Y+X2_M9_r2,aguacate,378,0.965391
FKIT,Y+X2_M9_r2,aguacate,379,0.961466
FKIT,Y+X2_M9_r2,aguacate,380,0.963671
FKIT,Y+X2_M9_r2,aguacate,381,0.964529
FKIT,Y+X2_M9_r2,aguacate,382,0.967058
FKIT,Y+X2_M9_r2,aguacate,383,0.967371
FKIT,Y+X2_M9_r2,aguacate,384,0.967245
FKIT,Y+X2_M9_r2,aguacate,385,0.967509
FKIT,Y+X2_M9_r2,aguacate,386,0.965530
FKIT,Y+X2_M9_r2,aguacate,387,0.964968
FKIT,Y+X2_M9_r2,aguacate,388,0.965284
FKIT,Y+X2_M9_r2,aguacate,389,0.961534
FKIT,Y+X2_M9_r2,aguacate,390,0.960942
FKIT,Y+X2_M9_r2,aguacate,391,0.962078
FKIT,Y+X2_M9_r2,aguacate,392,0.963473
FKIT,Y+X2_M9_r2,aguacate,393,0.962998
FKIT,Y+X2_M9_r2,aguacate,394,0.960507
FKIT,Y+X2_M9_r2,aguacate,395,0.962251
FKIT,Y+X2_M9_r2,aguacate,396,0.962192
FKIT,Y+X2_M9_r2,aguacate,397,0.962027
FKIT,Y+X2_M9_r2,aguacate,398,0.960627
FKIT,Y+X2_M9_r2,aguacate,399,0.959291
FKIT,Y+X2_M9_r2,aguacate,400,0.957946
FKIT,Y+X2_M9_r2,aguacate,401,0.961080
FKIT,Y+X2_M9_r2,aguacate,402,0.955694
FKIT,Y+X2_M9_r2,aguacate,403,0.957198
FKIT,Y+X2_M9_r2,aguacate,404,0.962212
FKIT,Y+X2_M9_r2,aguacate,405,0.958812
FKIT,Y+X2_M9_r2,aguacate,406,0.960964
FKIT,Y+X2_M9_r2,aguacate,407,0.959649
FKIT,Y+X2_M9_r2,aguacate,408,0.950725
FKIT,Y+X2_M9_r2,aguacate,409,0.952610
FKIT,Y+X2_M9_r2,aguacate,410,0.947860
FKIT,Y+X2_M9_r2,aguacate,411,0.952746
FKIT,Y+X2_M9_r2,aguacate,412,0.954590
FKIT,Y+X2_M9_r2,aguacate,413,0.949205
FKIT,Y+X2_M9_r2,aguacate,414,0.955220
FKIT,Y+X2_M9_r2,aguacate,415,0.957066
FKIT,Y+X2_M9_r2,aguacate,416,0.951740
FKIT,Y+X2_M9_r2,aguacate,417,0.954584
FKIT,Y+X2_M9_r2,aguacate,418,0.951674
FKIT,Y+X2_M9_r2,aguacate,419,0.955299
FKIT,Y+X2_M9_r2,aguacate,420,0.957998
FKIT,Y+X2_M9_r2,aguacate,421,0.955028
FKIT,Y+X2_M9_r2,aguacate,422,0.956551
FKIT,Y+X2_M9_r2,aguacate,423,0.955183
FKIT,Y+X2_M9_r2,aguacate,424,0.954071
FKIT,Y+X2_M9_r2,aguacate,425,0.954379
FKIT,Y+X2_M9_r2,aguacate,426,0.951054
FKIT,Y+X2_M9_r2,aguacate,427,0.950531
FKIT,Y+X2_M9_r2,aguacate,428,0.954096
FKIT,Y+X2_M9_r2,aguacate,429,0.958299
FKIT,Y+X2_M9_r2,aguacate,430,0.951274
FKIT,Y+X2_M9_r2,aguacate,431,0.952951
FKIT,Y+X2_M9_r2,aguacate,432,0.959267
FKIT,Y+X2_M9_r2,aguacate,433,0.952039
FKIT,Y+X2_M9_r2,aguacate,434,0.949545
FKIT,Y+X2_M9_r2,aguacate,435,0.952122
FKIT,Y+X2_M9_r2,aguacate,436,0.956541
FKIT,Y+X2_M9_r2,aguacate,437,0.947716
FKIT,Y+X2_M9_r2,aguacate,438,0.944468
FKIT,Y+X2_M9_r2,aguacate,439,0.943442
FKIT,Y+X2_M9_r2,aguacate,440,0.943366
FKIT,Y+X2_M9_r2,aguacate,441,0.943737
FKIT,Y+X2_M9_r2,aguacate,442,0.947990
FKIT,Y+X2_M9_r2,aguacate,443,0.946199
FKIT,Y+X2_M9_r2,aguacate,444,0.945189
FKIT,Y+X2_M9_r2,aguacate,445,0.943736
FKIT,Y+X2_M9_r2,aguacate,446,0.940256
FKIT,Y+X2_M9_r2,aguacate,447,0.943154
FKIT,Y+X2_M9_r2,aguacate,448,0.941076
FKIT,Y+X2_M9_r2,aguacate,449,0.947418
FKIT,Y+X2_M9_r2,aguacate,450,0.938886
FKIT,Y+X2_M9_r2,aguacate,451,0.941798
FKIT,Y+X2_M9_r2,aguacate,452,0.942993
FKIT,Y+X2_M9_r2,aguacate,453,0.947064
FKIT,Y+X2_M9_r2,aguacate,454,0.953151
FKIT,Y+X2_M9_r2,aguacate,455,0.954849
FKIT,Y+X2_M9_r2,aguacate,456,0.952755
FKIT,Y+X2_M9_r2,aguacate,457,0.954857
FKIT,Y+X2_M9_r2,aguacate,458,0.953213
FKIT,Y+X2_M9_r2,aguacate,459,0.956252
FKIT,Y+X2_M9_r2,aguacate,460,0.957447
FKIT,Y+X2_M9_r2,aguacate,461,0.953629
FKIT,Y+X2_M9_r2,aguacate,462,0.958477
FKIT,Y+X2_M9_r2,aguacate,463,0.955075
FKIT,Y+X2_M9_r2,aguacate,464,0.965097
FKIT,Y+X2_M9_r2,aguacate,465,0.967042
FKIT,Y+X2_M9_r2,aguacate,466,0.966930
FKIT,Y+X2_M9_r2,aguacate,467,0.968034
FKIT,Y+X2_M9_r2,aguacate,468,0.965722
FKIT,Y+X2_M9_r2,aguacate,469,0.969667
FKIT,Y+X2_M9_r2,aguacate,470,0.961759
FKIT,Y+X2_M9_r2,aguacate,471,0.962233
FKIT,Y+X2_M9_r2,aguacate,472,0.957197
FKIT,Y+X2_M9_r2,aguacate,473,0.956185
FKIT,Y+X2_M9_r2,aguacate,474,0.963419
FKIT,Y+X2_M9_r2,aguacate,475,0.967999
FKIT,Y+X2_M9_r2,aguacate,476,0.977793
FKIT,Y+X2_M9_r2,aguacate,477,0.964168
FKIT,Y+X2_M9_r2,aguacate,478,0.961725
FKIT,Y+X2_M9_r2,aguacate,479,0.956808
FKIT,Y+X2_M9_r2,aguacate,480,0.968177
FKIT,Y+X2_M9_r2,aguacate,481,0.964286
FKIT,Y+X2_M9_r2,aguacate,482,0.969615
FKIT,Y+X2_M9_r2,aguacate,483,0.971588
FKIT,Y+X2_M9_r2,aguacate,484,0.975583
FKIT,Y+X2_M9_r2,aguacate,485,0.970098
FKIT,Y+X2_M9_r2,aguacate,486,0.969327
FKIT,Y+X2_M9_r2,aguacate,487,0.950613
FKIT,Y+X2_M9_r2,aguacate,488,0.968327
FKIT,Y+X2_M9_r2,aguacate,489,0.973338
FKIT,Y+X2_M9_r2,aguacate,490,0.976290
FKIT,Y+X2_M9_r2,aguacate,491,0.977638
FKIT,Y+X2_M9_r2,aguacate,492,0.973186
FKIT,Y+X2_M9_r2,aguacate,493,0.969697
FKIT,Y+X2_M9_r2,aguacate,494,0.967987
FKIT,Y+X2_M9_r2,aguacate,495,0.971322
FKIT,Y+X2_M9_r2,aguacate,496,0.972848
FKIT,Y+X2_M9_r2,aguacate,497,0.969401
FKIT,Y+X2_M9_r2,aguacate,498,0.975457
FKIT,Y+X2_M9_r2,aguacate,499,0.973267
FKIT,Y+X2_M9_r2,aguacate,500,0.978408
FKIT,Y+X2_M9_r2,aguacate,501,0.977543
FKIT,Y+X2_M9_r2,aguacate,502,0.981728
FKIT,Y+X2_M9_r2,aguacate,503,0.983663
FKIT,Y+X2_M9_r2,aguacate,504,0.974102
FKIT,Y+X2_M9_r2,aguacate,505,0.978703
FKIT,Y+X2_M9_r2,aguacate,506,0.982521
FKIT,Y+X2_M9_r2,aguacate,507,0.974448
FKIT,Y+X2_M9_r2,aguacate,508,0.970036
FKIT,Y+X2_M9_r2,aguacate,509,0.980107
FKIT,Y+X2_M9_r2,aguacate,510,0.966797
FKIT,Y+X2_M9_r2,aguacate,511,0.963829
FKIT,Y+X2_M9_r2,aguacate,512,0.968572
FKIT,Y+X2_M9_r2,aguacate,513,0.956941
FKIT,Y+X2_M9_r2,aguacate,514,0.958434
FKIT,Y+X2_M9_r2,aguacate,515,0.940978
FKIT,Y+X2_M9_r2,aguacate,516,0.955957
FKIT,Y+X2_M9_r2,aguacate,517,0.970760
FKIT,Y+X2_M9_r2,aguacate,518,0.976066
FKIT,Y+X2_M9_r2,aguacate,519,0.958697
FKIT,Y+X2_M9_r2,aguacate,520,0.971234
FKIT,Y+X2_M9_r2,aguacate,521,0.961077
FKIT,Y+X2_M9_r2,aguacate,522,0.962904
FKIT,Y+X2_M9_r2,aguacate,523,0.959721
FKIT,Y+X2_M9_r2,aguacate,524,0.956796
FKIT,Y+X2_M9_r2,aguacate,525,0.958836
FKIT,Y+X2_M9_r2,aguacate,526,0.953800
FKIT,Y+X2_M9_r2,aguacate,527,0.969068
FKIT,Y+X2_M9_r2,aguacate,528,0.978896
FKIT,Y+X2_M9_r2,aguacate,529,0.978678
FKIT,Y+X2_M9_r2,aguacate,530,0.979763
FKIT,Y+X2_M9_r2,aguacate,531,0.970463
FKIT,Y+X2_M9_r2,aguacate,532,0.967909
FKIT,Y+X2_M9_r2,aguacate,533,0.973773
FKIT,Y+X2_M9_r2,aguacate,534,0.964143
FKIT,Y+X2_M9_r2,aguacate,535,0.956560
FKIT,Y+X2_M9_r2,aguacate,536,0.944141
FKIT,Y+X2_M9_r2,aguacate,537,0.937207
FKIT,Y+X2_M9_r2,aguacate,538,0.958957
FKIT,Y+X2_M9_r2,aguacate,539,0.967574
FKIT,Y+X2_M9_r2,aguacate,540,0.963520
FKIT,Y+X2_M9_r2,aguacate,541,0.950825
FKIT,Y+X2_M9_r2,aguacate,542,0.966528
FKIT,Y+X2_M9_r2,aguacate,543,0.958140
FKIT,Y+X2_M9_r2,aguacate,544,0.941802
FKIT,Y+X2_M9_r2,aguacate,545,0.935897
FKIT,Y+X2_M9_r2,aguacate,546,0.934597
FKIT,Y+X2_M9_r2,aguacate,547,0.920181
FKIT,Y+X2_M9_r2,aguacate,548,0.953559
FKIT,Y+X2_M9_r2,aguacate,549,0.941690
FKIT,Y+X2_M9_r2,aguacate,550,0.957831
FKIT,Y+X2_M9_r2,aguacate,551,0.947606
FKIT,Y+X2_M9_r2,aguacate,552,0.938928
FKIT,Y+X2_M9_r2,aguacate,553,0.943485
FKIT,Y+X2_M9_r2,aguacate,554,0.958381
FKIT,Y+X2_M9_r2,aguacate,555,0.938489
FKIT,Y+X2_M9_r2,aguacate,556,0.937520
FKIT,Y+X2_M9_r2,aguacate,557,0.921392
FKIT,Y+X2_M9_r2,aguacate,558,0.922361
FKIT,Y+X2_M9_r2,aguacate,559,0.949818
FKIT,Y+X2_M9_r2,aguacate,560,0.898861
FKIT,Y+X2_M9_r2,aguacate,561,0.931024
FKIT,Y+X2_M9_r2,aguacate,562,0.920054
FKIT,Y+X2_M9_r2,aguacate,563,0.934548
FKIT,Y+X2_M9_r2,aguacate,564,0.889652
FKIT,Y+X2_M9_r2,aguacate,565,0.917595
FKIT,Y+X2_M9_r2,aguacate,566,0.926822
FKIT,Y+X2_M9_r2,aguacate,567,0.917401
FKIT,Y+X2_M9_r2,aguacate,568,0.923427
FKIT,Y+X2_M9_r2,aguacate,569,0.929433
FKIT,Y+X2_M9_r2,aguacate,570,0.917593
FKIT,Y+X2_M9_r2,aguacate,571,0.908284
FKIT,Y+X2_M9_r2,aguacate,572,0.925043
FKIT,Y+X2_M9_r2,aguacate,573,0.951111
FKIT,Y+X2_M9_r2,aguacate,574,0.946732
FKIT,Y+X2_M9_r2,aguacate,575,0.843777
FKIT,Y+X2_M9_r2,aguacate,576,0.839796
FKIT,Y+X2_M9_r2,aguacate,577,0.827667
FKIT,Y+X2_M9_r2,aguacate,578,0.855015
FKIT,Y+X2_M9_r2,aguacate,579,0.879635
FKIT,Y+X2_M9_r2,aguacate,580,0.895310
FKIT,Y+X2_M9_r2,aguacate,581,0.890870
FKIT,Y+X2_M9_r2,aguacate,582,0.858608
FKIT,Y+X2_M9_r2,aguacate,583,0.824976
FKIT,Y+X2_M9_r2,aguacate,584,0.810963
FKIT,Y+X2_M9_r2,aguacate,585,0.721736
FKIT,Y+X2_M9_r2,aguacate,586,0.761585
FKIT,Y+X2_M9_r2,aguacate,587,0.712043
FKIT,Y+X2_M9_r2,aguacate,588,0.762936
FKIT,Y+X2_M9_r2,aguacate,589,0.737335
FKIT,Y+X2_M9_r2,aguacate,590,0.728982
FKIT,Y+X2_M9_r2,aguacate,591,0.381559
FKIT,Y+X2_M9_r2,aguacate,592,0.264034
FKIT,Y+X2_M9_r2,aguacate,593,0.220969
FKIT,Y+X2_M9_r2,aguacate,594,0.150130
FKIT,Y+X2_M9_r2,aguacate,595,0.083610
FKIT,Y+X2_M9_r2,aguacate,596,0.067730
FKIT,Y+X2_M9_r2,aguacate,597,0.064143
FKIT,Y+X2_M9_r2,aguacate,598,0.068498
FKIT,Y+X2_M9_r2,aguacate,599,0.040805
FKIT,Y+X2_M9_r2,aguacate,600,0.037045
FKIT,Y+X2_M9_r2,aguacate,601,0.033671
FKIT,Y+X2_M9_r2,aguacate,602,0.034187
FKIT,Y+X2_M9_r2,aguacate,603,0.022423
FKIT,Y+X2_M9_r2,aguacate,604,0.009391
FKIT,Y+X2_M9_r2,aguacate,605,0.002334
FKIT,Y+X2_M9_r2,aguacate,606,0.000000
FKIT,Y+X2_M9_r2,aguacate,607,0.000000
FKIT,Y+X2_M9_r2,aguacate,608,0.000000
FKIT,Y+X2_M9_r2,aguacate,609,0.000000
FKIT,Y+X2_M9_r2,aguacate,610,0.000000
FKIT,Y+X2_M9_r2,aguacate,611,0.000000
FKIT,Y+X2_M9_r2,aguacate,612,0.000000
FKIT,Y+X2_M9_r2,aguacate,613,0.000000
FKIT,Y+X2_M9_r2,aguacate,614,0.000000
FKIT,Y+X2_M9_r2,aguacate,615,0.000000
FKIT,Y+X2_M9_r2,aguacate,616,0.000000
FKIT,Y+X2_M9_r2,aguacate,617,0.000000
FKIT,Y+X2_M9_r2,aguacate,618,0.000000
FKIT,Y+X2_M9_r2,aguacate,619,0.000000
FKIT,Y+X2_M9_r2,aguacate,620,0.000000
FKIT,Y+X2_M9_r2,aguacate,621,0.000000
FKIT,Y+X2_M9_r2,aguacate,622,0.000004
FKIT,Y+X2_M9_r2,aguacate,623,0.000027
FKIT,Y+X2_M9_r2,aguacate,624,0.000004
FKIT,Y+X2_M9_r2,aguacate,625,0.000068
FKIT,Y+X2_M9_r2,aguacate,626,0.000081
FKIT,Y+X2_M9_r2,aguacate,627,0.000157
FKIT,Y+X2_M9_r2,aguacate,628,0.000075
FKIT,Y+X2_M9_r2,aguacate,629,0.000054
FKIT,Y+X2_M9_r2,aguacate,630,0.000199
FKIT,Y+X2_M9_r2,aguacate,631,0.000138
FKIT,Y+X2_M9_r2,aguacate,632,0.000198
FKIT,Y+X2_M9_r2,aguacate,633,0.000147
FKIT,Y+X2_M9_r2,aguacate,634,0.000092
FKIT,Y+X2_M9_r2,aguacate,635,0.000151
FKIT,Y+X2_M9_r2,aguacate,636,0.000270
FKIT,Y+X2_M9_r2,aguacate,637,0.000292
FKIT,Y+X2_M9_r2,aguacate,638,0.000416
FKIT,Y+X2_M9_r2,aguacate,639,0.000439
FKIT,Y+X2_M9_r2,aguacate,640,0.000435
FKIT,Y+X2_M9_r2,aguacate,641,0.000557
FKIT,Y+X2_M9_r2,aguacate,642,0.000562
FKIT,Y+X2_M9_r2,aguacate,643,0.000507
FKIT,Y+X2_M9_r2,aguacate,644,0.000612
FKIT,Y+X2_M9_r2,aguacate,645,0.000614
FKIT,Y+X2_M9_r2,aguacate,646,0.000494
FKIT,Y+X2_M9_r2,aguacate,647,0.000431
FKIT,Y+X2_M9_r2,aguacate,648,0.000421
FKIT,Y+X2_M9_r2,aguacate,649,0.000465
FKIT,Y+X2_M9_r2,aguacate,650,0.000497
FKIT,Y+X2_M9_r2,aguacate,651,0.000508
FKIT,Y+X2_M9_r2,aguacate,652,0.000567
FKIT,Y+X2_M9_r2,aguacate,653,0.000622
FKIT,Y+X2_M9_r2,aguacate,654,0.000588
FKIT,Y+X2_M9_r2,aguacate,655,0.000511
FKIT,Y+X2_M9_r2,aguacate,656,0.000645
FKIT,Y+X2_M9_r2,aguacate,657,0.000653
FKIT,Y+X2_M9_r2,aguacate,658,0.000601
FKIT,Y+X2_M9_r2,aguacate,659,0.000561
FKIT,Y+X2_M9_r2,aguacate,660,0.000518
FKIT,Y+X2_M9_r2,aguacate,661,0.000671
FKIT,Y+X2_M9_r2,aguacate,662,0.000692
FKIT,Y+X2_M9_r2,aguacate,663,0.000587
FKIT,Y+X2_M9_r2,aguacate,664,0.000538
FKIT,Y+X2_M9_r2,aguacate,665,0.000441
FKIT,Y+X2_M9_r2,aguacate,666,0.000434
FKIT,Y+X2_M9_r2,aguacate,667,0.000423
FKIT,Y+X2_M9_r2,aguacate,668,0.000410
FKIT,Y+X2_M9_r2,aguacate,669,0.000430
FKIT,Y+X2_M9_r2,aguacate,670,0.000433
FKIT,Y+X2_M9_r2,aguacate,671,0.000468
FKIT,Y+X2_M9_r2,aguacate,672,0.000477
FKIT,Y+X2_M9_r2,aguacate,673,0.000434
FKIT,Y+X2_M9_r2,aguacate,674,0.000643
FKIT,Y+X2_M9_r2,aguacate,675,0.000447
FKIT,Y+X2_M9_r2,aguacate,676,0.000473
FKIT,Y+X2_M9_r2,aguacate,677,0.000432
FKIT,Y+X2_M9_r2,aguacate,678,0.000437
FKIT,Y+X2_M9_r2,aguacate,679,0.000474
FKIT,Y+X2_M9_r2,aguacate,680,0.000431
FKIT,Y+X2_M9_r2,aguacate,681,0.000503
FKIT,Y+X2_M9_r2,aguacate,682,0.000583
FKIT,Y+X2_M9_r2,aguacate,683,0.000400
FKIT,Y+X2_M9_r2,aguacate,684,0.000431
FKIT,Y+X2_M9_r2,aguacate,685,0.000396
FKIT,Y+X2_M9_r2,aguacate,686,0.000497
FKIT,Y+X2_M9_r2,aguacate,687,0.000482
FKIT,Y+X2_M9_r2,aguacate,688,0.000256
FKIT,Y+X2_M9_r2,aguacate,689,0.000288
FKIT,Y+X2_M9_r2,aguacate,690,0.000313
FKIT,Y+X2_M9_r2,aguacate,691,0.000382
FKIT,Y+X2_M9_r2,aguacate,692,0.000349
FKIT,Y+X2_M9_r2,aguacate,693,0.003169
FKIT,Y+X2_M9_r2,aguacate,694,0.000427
FKIT,Y+X2_M9_r2,aguacate,695,0.000335
FKIT,Y+X2_M9_r2,aguacate,696,0.000535
FKIT,Y+X2_M9_r2,aguacate,697,0.000713
FKIT,Y+X2_M9_r2,aguacate,698,0.000774
FKIT,Y+X2_M9_r2,aguacate,699,0.000396
FKIT,Y+X2_M9_r2,aguacate,700,0.000423
FKIT,Y+X2_M9_r2,aguacate,701,0.000419
FKIT,Y+X2_M9_r2,aguacate,702,0.000460
FKIT,Y+X2_M9_r2,aguacate,703,0.000688
FKIT,Y+X2_M9_r2,aguacate,704,0.000580
FKIT,Y+X2_M9_r2,aguacate,705,0.000539
FKIT,Y+X2_M9_r2,aguacate,706,0.000544
FKIT,Y+X2_M9_r2,aguacate,707,0.000462
FKIT,Y+X2_M9_r2,aguacate,708,0.000464
FKIT,Y+X2_M9_r2,aguacate,709,0.000437
FKIT,Y+X2_M9_r2,aguacate,710,0.000468
FKIT,Y+X2_M9_r2,aguacate,711,0.000507
FKIT,Y+X2_M9_r2,aguacate,712,0.000493
FKIT,Y+X2_M9_r2,aguacate,713,0.000513
FKIT,Y+X2_M9_r2,aguacate,714,0.000469
FKIT,Y+X2_M9_r2,aguacate,715,0.000419
FKIT,Y+X2_M9_r2,aguacate,716,0.000433
FKIT,Y+X2_M9_r2,aguacate,717,0.000430
FKIT,Y+X2_M9_r2,aguacate,718,0.000399
FKIT,Y+X2_M9_r2,aguacate,719,0.000369
FKIT,Y+X2_M9_r2,aguacate,720,0.000323
FKIT,Y+X2_M9_r2,aguacate,721,0.000330
FKIT,Y+X2_M9_r2,aguacate,722,0.000320
FKIT,Y+X2_M9_r2,aguacate,723,0.000324
FKIT,Y+X2_M9_r2,aguacate,724,0.000304
FKIT,Y+X2_M9_r2,aguacate,725,0.000327
FKIT,Y+X2_M9_r2,aguacate,726,0.000343
FKIT,Y+X2_M9_r2,aguacate,727,0.000294
FKIT,Y+X2_M9_r2,aguacate,728,0.000539
FKIT,Y+X2_M9_r2,aguacate,729,0.000265
FKIT,Y+X2_M9_r2,aguacate,730,0.000348
FKIT,Y+X2_M9_r2,aguacate,731,0.000351
FKIT,Y+X2_M9_r2,aguacate,732,0.000256
FKIT,Y+X2_M9_r2,aguacate,733,0.000242
FKIT,Y+X2_M9_r2,aguacate,734,0.000280
FKIT,Y+X2_M9_r2,aguacate,735,0.000303
FKIT,Y+X2_M9_r2,aguacate,736,0.000242
FKIT,Y+X2_M9_r2,aguacate,737,0.000291
FKIT,Y+X2_M9_r2,aguacate,738,0.000446
FKIT,Y+X2_M9_r2,aguacate,739,0.000347
FKIT,Y+X2_M9_r2,aguacate,740,0.000375
FKIT,Y+X2_M9_r2,aguacate,741,0.000263
FKIT,Y+X2_M9_r2,aguacate,742,0.000207
FKIT,Y+X2_M9_r2,aguacate,743,0.000261
FKIT,Y+X2_M9_r2,aguacate,744,0.000241
FKIT,Y+X2_M9_r2,aguacate,745,0.000330
FKIT,Y+X2_M9_r2,aguacate,746,0.000199
FKIT,Y+X2_M9_r2,aguacate,747,0.000260
FKIT,Y+X2_M9_r2,aguacate,748,0.000212
FKIT,Y+X2_M9_r2,aguacate,749,0.000172
FKIT,Y+X2_M9_r2,aguacate,750,0.000204
FKIT,Y+X2_M9_r2,aguacate,751,0.000198
FKIT,Y+X2_M9_r2,aguacate,752,0.000167
FKIT,Y+X2_M9_r2,aguacate,753,0.000212
FKIT,Y+X2_M9_r2,aguacate,754,0.000181
FKIT,Y+X2_M9_r2,aguacate,755,0.000202
FKIT,Y+X2_M9_r2,aguacate,756,0.000162
FKIT,Y+X2_M9_r2,aguacate,757,0.000165
FKIT,Y+X2_M9_r2,aguacate,758,0.000000
FKIT,Y+X2_M9_r2,aguacate,759,0.000212
FKIT,Y+X2_M9_r2,aguacate,760,0.000208
FKIT,Y+X2_M9_r2,aguacate,761,0.000185
FKIT,Y+X2_M9_r2,aguacate,762,0.000152
FKIT,Y+X2_M9_r2,aguacate,763,0.000192
FKIT,Y+X2_M9_r2,aguacate,764,0.000279
FKIT,Y+X2_M9_r2,aguacate,765,0.000235
FKIT,Y+X2_M9_r2,aguacate,766,0.000267
FKIT,Y+X2_M9_r2,aguacate,767,0.000212
FKIT,Y+X2_M9_r2,aguacate,768,0.000200
FKIT,Y+X2_M9_r2,aguacate,769,0.000200
FKIT,Y+X2_M9_r2,aguacate,770,0.000185
FKIT,Y+X2_M9_r2,aguacate,771,0.000192
FKIT,Y+X2_M9_r2,aguacate,772,0.000118
FKIT,Y+X2_M9_r2,aguacate,773,0.000154
FKIT,Y+X2_M9_r2,aguacate,774,0.000230
FKIT,Y+X2_M9_r2,aguacate,775,0.000213
FKIT,Y+X2_M9_r2,aguacate,776,0.000251
FKIT,Y+X2_M9_r2,aguacate,777,0.000244
FKIT,Y+X2_M9_r2,aguacate,778,0.000217
FKIT,Y+X2_M9_r2,aguacate,779,0.000225
FKIT,Y+X2_M9_r2,aguacate,780,0.000259
FKIT,Y+X2_M9_r2,aguacate,781,0.000211
FKIT,Y+X2_M9_r2,aguacate,782,0.000304
FKIT,Y+X2_M9_r2,aguacate,783,0.000201
FKIT,Y+X2_M9_r2,aguacate,784,0.000230
FKIT,Y+X2_M9_r2,aguacate,785,0.000236
FKIT,Y+X2_M9_r2,aguacate,786,0.000249
FKIT,Y+X2_M9_r2,aguacate,787,0.000220
FKIT,Y+X2_M9_r2,aguacate,788,0.000248
FKIT,Y+X2_M9_r2,aguacate,789,0.000310
FKIT,Y+X2_M9_r2,aguacate,790,0.000242
FKIT,Y+X2_M9_r2,aguacate,791,0.000236
FKIT,Y+X2_M9_r2,aguacate,792,0.000200
FKIT,Y+X2_M9_r2,aguacate,793,0.000192
FKIT,Y+X2_M9_r2,aguacate,794,0.000194
FKIT,Y+X2_M9_r2,aguacate,795,0.000173
FKIT,Y+X2_M9_r2,aguacate,796,0.000158
FKIT,Y+X2_M9_r2,aguacate,797,0.000187
FKIT,Y+X2_M9_r2,aguacate,798,0.000197
FKIT,Y+X2_M9_r2,aguacate,799,0.000184
FKIT,Y+X2_M9_r2,aguacate,800,0.000195
FKIT,Y+X2_M9_r2,aguacate,801,0.000175
FKIT,Y+X2_M9_r2,aguacate,802,0.000199
FKIT,Y+X2_M9_r2,aguacate,803,0.000159
FKIT,Y+X2_M9_r2,aguacate,804,0.000171
FKIT,Y+X2_M9_r2,aguacate,805,0.000168
FKIT,Y+X2_M9_r2,aguacate,806,0.000180
FKIT,Y+X2_M9_r2,aguacate,807,0.000178
FKIT,Y+X2_M9_r2,aguacate,808,0.000169
FKIT,Y+X2_M9_r2,aguacate,809,0.000192
FKIT,Y+X2_M9_r2,aguacate,810,0.000254
FKIT,Y+X2_M9_r2,aguacate,811,0.000204
FKIT,Y+X2_M9_r2,aguacate,812,0.000236
FKIT,Y+X2_M9_r2,aguacate,813,0.000009
FKIT,Y+X2_M9_r2,aguacate,814,0.000194
FKIT,Y+X2_M9_r2,aguacate,815,0.000231
FKIT,Y+X2_M9_r2,aguacate,816,0.000224
FKIT,Y+X2_M9_r2,aguacate,817,0.000193
FKIT,Y+X2_M9_r2,aguacate,818,0.000168
FKIT,Y+X2_M9_r2,aguacate,819,0.000153
FKIT,Y+X2_M9_r2,aguacate,820,0.000158
FKIT,Y+X2_M9_r2,aguacate,821,0.000186
FKIT,Y+X2_M9_r2,aguacate,822,0.000172
FKIT,Y+X2_M9_r2,aguacate,823,0.000222
FKIT,Y+X2_M9_r2,aguacate,824,0.000249
FKIT,Y+X2_M9_r2,aguacate,825,0.000227
FKIT,Y+X2_M9_r2,aguacate,826,0.000226
FKIT,Y+X2_M9_r2,aguacate,827,0.000257
FKIT,Y+X2_M9_r2,aguacate,828,0.000275
FKIT,Y+X2_M9_r2,aguacate,829,0.000206
FKIT,Y+X2_M9_r2,aguacate,830,0.000201
FKIT,Y+X2_M9_r2,aguacate,831,0.000221
FKIT,Y+X2_M9_r2,aguacate,832,0.000328
FKIT,Y+X2_M9_r2,aguacate,833,0.000302
FKIT,Y+X2_M9_r2,aguacate,834,0.000282
FKIT,Y+X2_M9_r2,aguacate,835,0.000278
FKIT,Y+X2_M9_r2,aguacate,836,0.000225
FKIT,Y+X2_M9_r2,aguacate,837,0.000205
FKIT,Y+X2_M9_r2,aguacate,838,0.000258
FKIT,Y+X2_M9_r2,aguacate,839,0.000265
FKIT,Y+X2_M9_r2,aguacate,840,0.000160
FKIT,Y+X2_M9_r2,aguacate,841,0.000247
FKIT,Y+X2_M9_r2,aguacate,842,0.000231
FKIT,Y+X2_M9_r2,aguacate,843,0.000210
FKIT,Y+X2_M9_r2,aguacate,844,0.000225
FKIT,Y+X2_M9_r2,aguacate,845,0.000261
FKIT,Y+X2_M9_r2,aguacate,846,0.000256
FKIT,Y+X2_M9_r2,aguacate,847,0.000267
FKIT,Y+X2_M9_r2,aguacate,848,0.000298
FKIT,Y+X2_M9_r2,aguacate,849,0.000287
FKIT,Y+X2_M9_r2,aguacate,850,0.000244
FKIT,Y+X2_M9_r2,aguacate,851,0.000226
FKIT,Y+X2_M9_r2,aguacate,852,0.000196
FKIT,Y+X2_M9_r2,aguacate,853,0.000194
FKIT,Y+X2_M9_r2,aguacate,854,0.000223
FKIT,Y+X2_M9_r2,aguacate,855,0.000292
FKIT,Y+X2_M9_r2,aguacate,856,0.000274
FKIT,Y+X2_M9_r2,aguacate,857,0.000249
FKIT,Y+X2_M9_r2,aguacate,858,0.000261
FKIT,Y+X2_M9_r2,aguacate,859,0.000257
FKIT,Y+X2_M9_r2,aguacate,860,0.000258
FKIT,Y+X2_M9_r2,aguacate,861,0.000297
FKIT,Y+X2_M9_r2,aguacate,862,0.000173
FKIT,Y+X2_M9_r2,aguacate,863,0.000242
FKIT,Y+X2_M9_r2,aguacate,864,0.000231
FKIT,Y+X2_M9_r2,aguacate,865,0.000192
FKIT,Y+X2_M9_r2,aguacate,866,0.000196
FKIT,Y+X2_M9_r2,aguacate,867,0.000229
FKIT,Y+X2_M9_r2,aguacate,868,0.000173
FKIT,Y+X2_M9_r2,aguacate,869,0.000190
FKIT,Y+X2_M9_r2,aguacate,870,0.000242
FKIT,Y+X2_M9_r2,aguacate,871,0.000220
FKIT,Y+X2_M9_r2,aguacate,872,0.000200
FKIT,Y+X2_M9_r2,aguacate,873,0.000185
FKIT,Y+X2_M9_r2,aguacate,874,0.000250
FKIT,Y+X2_M9_r2,aguacate,875,0.000193
FKIT,Y+X2_M9_r2,aguacate,876,0.000255
FKIT,Y+X2_M9_r2,aguacate,877,0.000228
FKIT,Y+X2_M9_r2,aguacate,878,0.000249
FKIT,Y+X2_M9_r2,aguacate,879,0.000198
FKIT,Y+X2_M9_r2,aguacate,880,0.000155
FKIT,Y+X2_M9_r2,aguacate,881,0.000150
FKIT,Y+X2_M9_r2,aguacate,882,0.000158
FKIT,Y+X2_M9_r2,aguacate,883,0.000181
FKIT,Y+X2_M9_r2,aguacate,884,0.000208
FKIT,Y+X2_M9_r2,aguacate,885,0.000199
FKIT,Y+X2_M9_r2,aguacate,886,0.000184
FKIT,Y+X2_M9_r2,aguacate,887,0.000162
FKIT,Y+X2_M9_r2,aguacate,888,0.000186
FKIT,Y+X2_M9_r2,aguacate,889,0.000212
FKIT,Y+X2_M9_r2,aguacate,890,0.000200
FKIT,Y+X2_M9_r2,aguacate,891,0.000236
FKIT,Y+X2_M9_r2,aguacate,892,0.000190
FKIT,Y+X2_M9_r2,aguacate,893,0.000170
FKIT,Y+X2_M9_r2,aguacate,894,0.000173
FKIT,Y+X2_M9_r2,aguacate,895,0.000207
FKIT,Y+X2_M9_r2,aguacate,896,0.000220
FKIT,Y+X2_M9_r2,aguacate,897,0.000203
FKIT,Y+X2_M9_r2,aguacate,898,0.000183
FKIT,Y+X2_M9_r2,aguacate,899,0.000216
FKIT,Y+X2_M9_r2,aguacate,900,0.000146
FKIT,Y+X2_M9_r2,aguacate,901,0.000228
FKIT,Y+X2_M9_r2,aguacate,902,0.000195
FKIT,Y+X2_M9_r2,aguacate,903,0.000188
FKIT,Y+X2_M9_r2,aguacate,904,0.000189
FKIT,Y+X2_M9_r2,aguacate,905,0.000166
FKIT,Y+X2_M9_r2,aguacate,906,0.000167
FKIT,Y+X2_M9_r2,aguacate,907,0.000155
FKIT,Y+X2_M9_r2,aguacate,908,0.000166
FKIT,Y+X2_M9_r2,aguacate,909,0.000157
FKIT,Y+X2_M9_r2,aguacate,910,0.000145
FKIT,Y+X2_M9_r2,aguacate,911,0.000173
FKIT,Y+X2_M9_r2,aguacate,912,0.000138
FKIT,Y+X2_M9_r2,aguacate,913,0.000151
FKIT,Y+X2_M9_r2,aguacate,914,0.000199
FKIT,Y+X2_M9_r2,aguacate,915,0.000162
FKIT,Y+X2_M9_r2,aguacate,916,0.000170
FKIT,Y+X2_M9_r2,aguacate,917,0.000147
FKIT,Y+X2_M9_r2,aguacate,918,0.000143
FKIT,Y+X2_M9_r2,aguacate,919,0.000103
FKIT,Y+X2_M9_r2,aguacate,920,0.000090
FKIT,Y+X2_M9_r2,aguacate,921,0.000166
FKIT,Y+X2_M9_r2,aguacate,922,0.000096
FKIT,Y+X2_M9_r2,aguacate,923,0.000117
FKIT,Y+X2_M9_r2,aguacate,924,0.000147
FKIT,Y+X2_M9_r2,aguacate,925,0.000209
FKIT,Y+X2_M9_r2,aguacate,926,0.000161
FKIT,Y+X2_M9_r2,aguacate,927,0.000134
FKIT,Y+X2_M9_r2,aguacate,928,0.000135
FKIT,Y+X2_M9_r2,aguacate,929,0.000124
FKIT,Y+X2_M9_r2,aguacate,930,0.000099
FKIT,Y+X2_M9_r2,aguacate,931,0.000092
FKIT,Y+X2_M9_r2,aguacate,932,0.000094
FKIT,Y+X2_M9_r2,aguacate,933,0.000118
FKIT,Y+X2_M9_r2,aguacate,934,0.000183
FKIT,Y+X2_M9_r2,aguacate,935,0.000171
FKIT,Y+X2_M9_r2,aguacate,936,0.000130
FKIT,Y+X2_M9_r2,aguacate,937,0.000028
FKIT,Y+X2_M9_r2,aguacate,938,0.000119
FKIT,Y+X2_M9_r2,aguacate,939,0.000143
FKIT,Y+X2_M9_r2,aguacate,940,0.000110
FKIT,Y+X2_M9_r2,aguacate,941,0.000113
FKIT,Y+X2_M9_r2,aguacate,942,0.000120
FKIT,Y+X2_M9_r2,aguacate,943,0.000094
FKIT,Y+X2_M9_r2,aguacate,944,0.000108
FKIT,Y+X2_M9_r2,aguacate,945,0.000104
FKIT,Y+X2_M9_r2,aguacate,946,0.000140
FKIT,Y+X2_M9_r2,aguacate,947,0.000145
FKIT,Y+X2_M9_r2,aguacate,948,0.000143
FKIT,Y+X2_M9_r2,aguacate,949,0.000106
FKIT,Y+X2_M9_r2,aguacate,950,0.000123
FKIT,Y+X2_M9_r2,aguacate,951,0.000105
FKIT,Y+X2_M9_r2,aguacate,952,0.000111
FKIT,Y+X2_M9_r2,aguacate,953,0.000079
FKIT,Y+X2_M9_r2,aguacate,954,0.000121
FKIT,Y+X2_M9_r2,aguacate,955,0.000111
FKIT,Y+X2_M9_r2,aguacate,956,0.000109
FKIT,Y+X2_M9_r2,aguacate,957,0.000155
FKIT,Y+X2_M9_r2,aguacate,958,0.000099
FKIT,Y+X2_M9_r2,aguacate,959,0.000099
FKIT,Y+X2_M9_r2,aguacate,960,0.000115
FKIT,Y+X2_M9_r2,aguacate,961,0.000085
FKIT,Y+X2_M9_r2,aguacate,962,0.000109
FKIT,Y+X2_M9_r2,aguacate,963,0.000168
FKIT,Y+X2_M9_r2,aguacate,964,0.000116
FKIT,Y+X2_M9_r2,aguacate,965,0.000107
FKIT,Y+X2_M9_r2,aguacate,966,0.000146
FKIT,Y+X2_M9_r2,aguacate,967,0.000097
FKIT,Y+X2_M9_r2,aguacate,968,0.000117
FKIT,Y+X2_M9_r2,aguacate,969,0.000115
FKIT,Y+X2_M9_r2,aguacate,970,0.000083
FKIT,Y+X2_M9_r2,aguacate,971,0.000113
FKIT,Y+X2_M9_r2,aguacate,972,0.000104
FKIT,Y+X2_M9_r2,aguacate,973,0.000118
FKIT,Y+X2_M9_r2,aguacate,974,0.000126
FKIT,Y+X2_M9_r2,aguacate,975,0.000102
FKIT,Y+X2_M9_r2,aguacate,976,0.000112
FKIT,Y+X2_M9_r2,aguacate,977,0.000024
FKIT,Y+X2_M9_r2,aguacate,978,0.000115
FKIT,Y+X2_M9_r2,aguacate,979,0.000134
FKIT,Y+X2_M9_r2,aguacate,980,0.000066
FKIT,Y+X2_M9_r2,aguacate,981,0.000144
FKIT,Y+X2_M9_r2,aguacate,982,0.000164
FKIT,Y+X2_M9_r2,aguacate,983,0.000148
FKIT,Y+X2_M9_r2,aguacate,984,0.000208
FKIT,Y+X2_M9_r2,aguacate,985,0.000214
FKIT,Y+X2_M9_r2,aguacate,986,0.000149
FKIT,Y+X2_M9_r2,aguacate,987,0.000198
FKIT,Y+X2_M9_r2,aguacate,988,0.000137
FKIT,Y+X2_M9_r2,aguacate,989,0.000129
FKIT,Y+X2_M9_r2,aguacate,990,0.000147
FKIT,Y+X2_M9_r2,aguacate,991,0.000189
FKIT,Y+X2_M9_r2,aguacate,992,0.000153
FKIT,Y+X2_M9_r2,aguacate,993,0.000135
FKIT,Y+X2_M9_r2,aguacate,994,0.000213
FKIT,Y+X2_M9_r2,aguacate,995,0.000174
FKIT,Y+X2_M9_r2,aguacate,996,0.000179
FKIT,Y+X2_M9_r2,aguacate,997,0.000216
FKIT,Y+X2_M9_r2,aguacate,998,0.000156
FKIT,Y+X2_M9_r2,aguacate,999,0.000219
FKIT,Y+X2_M9_r2,aguacate,1000,0.000181
FKIT,Y+X2_M9_r2,aguacate,1001,0.000244
FKIT,Y+X2_M9_r2,aguacate,1002,0.000204
FKIT,Y+X2_M9_r2,aguacate,1003,0.000190
FKIT,Y+X2_M9_r2,aguacate,1004,0.000262
FKIT,Y+X2_M9_r2,aguacate,1005,0.000241
FKIT,Y+X2_M9_r2,aguacate,1006,0.000133
FKIT,Y+X2_M9_r2,aguacate,1007,0.000179
FKIT,Y+X2_M9_r2,aguacate,1008,0.000166
FKIT,Y+X2_M9_r2,aguacate,1009,0.000155
FKIT,Y+X2_M9_r2,aguacate,1010,0.000159
FKIT,Y+X2_M9_r2,aguacate,1011,0.000181
FKIT,Y+X2_M9_r2,aguacate,1012,0.000178
FKIT,Y+X2_M9_r2,aguacate,1013,0.000179
FKIT,Y+X2_M9_r2,aguacate,1014,0.000177
FKIT,Y+X2_M9_r2,aguacate,1015,0.000150
FKIT,Y+X2_M9_r2,aguacate,1016,0.000128
FKIT,Y+X2_M9_r2,aguacate,1017,0.000121
FKIT,Y+X2_M9_r2,aguacate,1018,0.000192
FKIT,Y+X2_M9_r2,aguacate,1019,0.000132
FKIT,Y+X2_M9_r2,aguacate,1020,0.000139
FKIT,Y+X2_M9_r2,aguacate,1021,0.000171
FKIT,Y+X2_M9_r2,aguacate,1022,0.000172
FKIT,Y+X2_M9_r2,aguacate,1023,0.000177
FKIT,Y+X2_M9_r2,aguacate,1024,0.000140
FKIT,Y+X2_M9_r2,aguacate,1025,0.000122
FKIT,Y+X2_M9_r2,aguacate,1026,0.000164
FKIT,Y+X2_M9_r2,aguacate,1027,0.000178
FKIT,Y+X2_M9_r2,aguacate,1028,0.000173
FKIT,Y+X2_M9_r2,aguacate,1029,0.000178
FKIT,Y+X2_M9_r2,aguacate,1030,0.000188
FKIT,Y+X2_M9_r2,aguacate,1031,0.000200
FKIT,Y+X2_M9_r2,aguacate,1032,0.000184
FKIT,Y+X2_M9_r2,aguacate,1033,0.000188
FKIT,Y+X2_M9_r2,aguacate,1034,0.000164
FKIT,Y+X2_M9_r2,aguacate,1035,0.000145
FKIT,Y+X2_M9_r2,aguacate,1036,0.000160
FKIT,Y+X2_M9_r2,aguacate,1037,0.000151
FKIT,Y+X2_M9_r2,aguacate,1038,0.000148
FKIT,Y+X2_M9_r2,aguacate,1039,0.000154
FKIT,Y+X2_M9_r2,aguacate,1040,0.000247
FKIT,Y+X2_M9_r2,aguacate,1041,0.000194
FKIT,Y+X2_M9_r2,aguacate,1042,0.000243
FKIT,Y+X2_M9_r2,aguacate,1043,0.000198
FKIT,Y+X2_M9_r2,aguacate,1044,0.000220
FKIT,Y+X2_M9_r2,aguacate,1045,0.000220
FKIT,Y+X2_M9_r2,aguacate,1046,0.000186
FKIT,Y+X2_M9_r2,aguacate,1047,0.000164
FKIT,Y+X2_M9_r2,aguacate,1048,0.000180
FKIT,Y+X2_M9_r2,aguacate,1049,0.000176
FKIT,Y+X2_M9_r2,aguacate,1050,0.000171
FKIT,Y+X2_M9_r2,aguacate,1051,0.000179
FKIT,Y+X2_M9_r2,aguacate,1052,0.000218
FKIT,Y+X2_M9_r2,aguacate,1053,0.000191
FKIT,Y+X2_M9_r2,aguacate,1054,0.000205
FKIT,Y+X2_M9_r2,aguacate,1055,0.000255
FKIT,Y+X2_M9_r2,aguacate,1056,0.000238
FKIT,Y+X2_M9_r2,aguacate,1057,0.000229
FKIT,Y+X2_M9_r2,aguacate,1058,0.000289
FKIT,Y+X2_M9_r2,aguacate,1059,0.000258
FKIT,Y+X2_M9_r2,aguacate,1060,0.000263
FKIT,Y+X2_M9_r2,aguacate,1061,0.000247
FKIT,Y+X2_M9_r2,aguacate,1062,0.000277
FKIT,Y+X2_M9_r2,aguacate,1063,0.000225
FKIT,Y+X2_M9_r2,aguacate,1064,0.000258
FKIT,Y+X2_M9_r2,aguacate,1065,0.000181
FKIT,Y+X2_M9_r2,aguacate,1066,0.000318
FKIT,Y+X2_M9_r2,aguacate,1067,0.000239
FKIT,Y+X2_M9_r2,aguacate,1068,0.000267
FKIT,Y+X2_M9_r2,aguacate,1069,0.000249
FKIT,Y+X2_M9_r2,aguacate,1070,0.000207
FKIT,Y+X2_M9_r2,aguacate,1071,0.000288
FKIT,Y+X2_M9_r2,aguacate,1072,0.000249
FKIT,Y+X2_M9_r2,aguacate,1073,0.000236
FKIT,Y+X2_M9_r2,aguacate,1074,0.000229
FKIT,Y+X2_M9_r2,aguacate,1075,0.000284
FKIT,Y+X2_M9_r2,aguacate,1076,0.000252
FKIT,Y+X2_M9_r2,aguacate,1077,0.000275
FKIT,Y+X2_M9_r2,apple,0,0.973140
FKIT,Y+X2_M9_r2,apple,1,0.978219
FKIT,Y+X2_M9_r2,apple,2,0.973072
FKIT,Y+X2_M9_r2,apple,3,0.980696
FKIT,Y+X2_M9_r2,apple,4,0.975847
FKIT,Y+X2_M9_r2,apple,5,0.966673
FKIT,Y+X2_M9_r2,apple,6,0.978603
FKIT,Y+X2_M9_r2,apple,7,0.975092
FKIT,Y+X2_M9_r2,apple,8,0.973613
FKIT,Y+X2_M9_r2,apple,9,0.974563
FKIT,Y+X2_M9_r2,apple,10,0.978346
FKIT,Y+X2_M9_r2,apple,11,0.977143
FKIT,Y+X2_M9_r2,apple,12,0.967642
FKIT,Y+X2_M9_r2,apple,13,0.973100
FKIT,Y+X2_M9_r2,apple,14,0.985800
FKIT,Y+X2_M9_r2,apple,15,0.988127
FKIT,Y+X2_M9_r2,apple,16,0.986150
FKIT,Y+X2_M9_r2,apple,17,0.986610
FKIT,Y+X2_M9_r2,apple,18,0.987188
FKIT,Y+X2_M9_r2,apple,19,0.986794
FKIT,Y+X2_M9_r2,apple,20,0.986761
FKIT,Y+X2_M9_r2,apple,21,0.987128
FKIT,Y+X2_M9_r2,apple,22,0.988207
FKIT,Y+X2_M9_r2,apple,23,0.987613
FKIT,Y+X2_M9_r2,apple,24,0.986934
FKIT,Y+X2_M9_r2,apple,25,0.986248
FKIT,Y+X2_M9_r2,apple,26,0.986453
FKIT,Y+X2_M9_r2,apple,27,0.986241
FKIT,Y+X2_M9_r2,apple,28,0.987098
FKIT,Y+X2_M9_r2,apple,29,0.986339
FKIT,Y+X2_M9_r2,apple,30,0.984976
FKIT,Y+X2_M9_r2,apple,31,0.984840
FKIT,Y+X2_M9_r2,apple,32,0.986378
FKIT,Y+X2_M9_r2,apple,33,0.987532
FKIT,Y+X2_M9_r2,apple,34,0.986564
FKIT,Y+X2_M9_r2,apple,35,0.987237
FKIT,Y+X2_M9_r2,apple,36,0.986097
FKIT,Y+X2_M9_r2,apple,37,0.985173
FKIT,Y+X2_M9_r2,apple,38,0.986691
FKIT,Y+X2_M9_r2,apple,39,0.986469
FKIT,Y+X2_M9_r2,apple,40,0.986957
FKIT,Y+X2_M9_r2,apple,41,0.987191
FKIT,Y+X2_M9_r2,apple,42,0.986462
FKIT,Y+X2_M9_r2,apple,43,0.986652
FKIT,Y+X2_M9_r2,apple,44,0.988183
FKIT,Y+X2_M9_r2,apple,45,0.989011
FKIT,Y+X2_M9_r2,apple,46,0.987785
FKIT,Y+X2_M9_r2,apple,47,0.987547
FKIT,Y+X2_M9_r2,apple,48,0.988588
FKIT,Y+X2_M9_r2,apple,49,0.988016
FKIT,Y+X2_M9_r2,apple,50,0.987969
FKIT,Y+X2_M9_r2,apple,51,0.987571
FKIT,Y+X2_M9_r2,apple,52,0.988239
FKIT,Y+X2_M9_r2,apple,53,0.987928
FKIT,Y+X2_M9_r2,apple,54,0.987751
FKIT,Y+X2_M9_r2,apple,55,0.988944
FKIT,Y+X2_M9_r2,apple,56,0.989849
FKIT,Y+X2_M9_r2,apple,57,0.989271
FKIT,Y+X2_M9_r2,apple,58,0.988457
FKIT,Y+X2_M9_r2,apple,59,0.987446
FKIT,Y+X2_M9_r2,apple,60,0.988431
FKIT,Y+X2_M9_r2,apple,61,0.987799
FKIT,Y+X2_M9_r2,apple,62,0.987987
FKIT,Y+X2_M9_r2,apple,63,0.987300
FKIT,Y+X2_M9_r2,apple,64,0.986997
FKIT,Y+X2_M9_r2,apple,65,0.988987
FKIT,Y+X2_M9_r2,apple,66,0.988623
FKIT,Y+X2_M9_r2,apple,67,0.987578
FKIT,Y+X2_M9_r2,apple,68,0.988480
FKIT,Y+X2_M9_r2,apple,69,0.989444
FKIT,Y+X2_M9_r2,apple,70,0.988220
FKIT,Y+X2_M9_r2,apple,71,0.988310
FKIT,Y+X2_M9_r2,apple,72,0.988201
FKIT,Y+X2_M9_r2,apple,73,0.987667
FKIT,Y+X2_M9_r2,apple,74,0.989907
FKIT,Y+X2_M9_r2,apple,75,0.988363
FKIT,Y+X2_M9_r2,apple,76,0.988193
FKIT,Y+X2_M9_r2,apple,77,0.978039
FKIT,Y+X2_M9_r2,apple,78,0.990529
FKIT,Y+X2_M9_r2,apple,79,0.990416
FKIT,Y+X2_M9_r2,apple,80,0.990637
FKIT,Y+X2_M9_r2,apple,81,0.989775
FKIT,Y+X2_M9_r2,apple,82,0.989873
FKIT,Y+X2_M9_r2,apple,83,0.990956
FKIT,Y+X2_M9_r2,apple,84,0.990492
FKIT,Y+X2_M9_r2,apple,85,0.990789
FKIT,Y+X2_M9_r2,apple,86,0.991003
FKIT,Y+X2_M9_r2,apple,87,0.990747
FKIT,Y+X2_M9_r2,apple,88,0.991705
FKIT,Y+X2_M9_r2,apple,89,0.991189
FKIT,Y+X2_M9_r2,apple,90,0.991400
FKIT,Y+X2_M9_r2,apple,91,0.990004
FKIT,Y+X2_M9_r2,apple,92,0.991093
FKIT,Y+X2_M9_r2,apple,93,0.991816
FKIT,Y+X2_M9_r2,apple,94,0.992309
FKIT,Y+X2_M9_r2,apple,95,0.991474
FKIT,Y+X2_M9_r2,apple,96,0.991742
FKIT,Y+X2_M9_r2,apple,97,0.990995
FKIT,Y+X2_M9_r2,apple,98,0.990294
FKIT,Y+X2_M9_r2,apple,99,0.989457
FKIT,Y+X2_M9_r2,apple,100,0.989137
FKIT,Y+X2_M9_r2,apple,101,0.988760
FKIT,Y+X2_M9_r2,apple,102,0.988290
FKIT,Y+X2_M9_r2,apple,103,0.991671
FKIT,Y+X2_M9_r2,apple,104,0.990443
FKIT,Y+X2_M9_r2,apple,105,0.990893
FKIT,Y+X2_M9_r2,apple,106,0.992664
FKIT,Y+X2_M9_r2,apple,107,0.990522
FKIT,Y+X2_M9_r2,apple,108,0.992830
FKIT,Y+X2_M9_r2,apple,109,0.992690
FKIT,Y+X2_M9_r2,apple,110,0.991680
FKIT,Y+X2_M9_r2,apple,111,0.991027
FKIT,Y+X2_M9_r2,apple,112,0.991743
FKIT,Y+X2_M9_r2,apple,113,0.991603
FKIT,Y+X2_M9_r2,apple,114,0.991472
FKIT,Y+X2_M9_r2,apple,115,0.992966
FKIT,Y+X2_M9_r2,apple,116,0.991369
FKIT,Y+X2_M9_r2,apple,117,0.993122
FKIT,Y+X2_M9_r2,apple,118,0.991827
FKIT,Y+X2_M9_r2,apple,119,0.993085
FKIT,Y+X2_M9_r2,apple,120,0.992448
FKIT,Y+X2_M9_r2,apple,121,0.992697
FKIT,Y+X2_M9_r2,apple,122,0.992724
FKIT,Y+X2_M9_r2,apple,123,0.991309
FKIT,Y+X2_M9_r2,apple,124,0.992742
FKIT,Y+X2_M9_r2,apple,125,0.992691
FKIT,Y+X2_M9_r2,apple,126,0.993369
FKIT,Y+X2_M9_r2,apple,127,0.993077
FKIT,Y+X2_M9_r2,apple,128,0.993137
FKIT,Y+X2_M9_r2,apple,129,0.992956
FKIT,Y+X2_M9_r2,apple,130,0.992740
FKIT,Y+X2_M9_r2,apple,131,0.993045
FKIT,Y+X2_M9_r2,apple,132,0.992639
FKIT,Y+X2_M9_r2,apple,133,0.992669
FKIT,Y+X2_M9_r2,apple,134,0.993641
FKIT,Y+X2_M9_r2,apple,135,0.993531
FKIT,Y+X2_M9_r2,apple,136,0.993759
FKIT,Y+X2_M9_r2,apple,137,0.994421
FKIT,Y+X2_M9_r2,apple,138,0.993662
FKIT,Y+X2_M9_r2,apple,139,0.994025
FKIT,Y+X2_M9_r2,apple,140,0.993585
FKIT,Y+X2_M9_r2,apple,141,0.993476
FKIT,Y+X2_M9_r2,apple,142,0.992875
FKIT,Y+X2_M9_r2,apple,143,0.993350
FKIT,Y+X2_M9_r2,apple,144,0.993561
FKIT,Y+X2_M9_r2,apple,145,0.994416
FKIT,Y+X2_M9_r2,apple,146,0.993219
FKIT,Y+X2_M9_r2,apple,147,0.992938
FKIT,Y+X2_M9_r2,apple,148,0.994117
FKIT,Y+X2_M9_r2,apple,149,0.993333
FKIT,Y+X2_M9_r2,apple,150,0.993438
FKIT,Y+X2_M9_r2,apple,151,0.993197
FKIT,Y+X2_M9_r2,apple,152,0.993939
FKIT,Y+X2_M9_r2,apple,153,0.993296
FKIT,Y+X2_M9_r2,apple,154,0.993387
FKIT,Y+X2_M9_r2,apple,155,0.993441
FKIT,Y+X2_M9_r2,apple,156,0.993239
FKIT,Y+X2_M9_r2,apple,157,0.993364
FKIT,Y+X2_M9_r2,apple,158,0.993006
FKIT,Y+X2_M9_r2,apple,159,0.992610
FKIT,Y+X2_M9_r2,apple,160,0.993466
FKIT,Y+X2_M9_r2,apple,161,0.993148
FKIT,Y+X2_M9_r2,apple,162,0.993427
FKIT,Y+X2_M9_r2,apple,163,0.992581
FKIT,Y+X2_M9_r2,apple,164,0.994760
FKIT,Y+X2_M9_r2,apple,165,0.994468
FKIT,Y+X2_M9_r2,apple,166,0.993535
FKIT,Y+X2_M9_r2,apple,167,0.993757
FKIT,Y+X2_M9_r2,apple,168,0.995193
FKIT,Y+X2_M9_r2,apple,169,0.995369
FKIT,Y+X2_M9_r2,apple,170,0.993533
FKIT,Y+X2_M9_r2,apple,171,0.994172
FKIT,Y+X2_M9_r2,apple,172,0.993793
FKIT,Y+X2_M9_r2,apple,173,0.993695
FKIT,Y+X2_M9_r2,apple,174,0.995024
FKIT,Y+X2_M9_r2,apple,175,0.994657
FKIT,Y+X2_M9_r2,apple,176,0.993767
FKIT,Y+X2_M9_r2,apple,177,0.994028
FKIT,Y+X2_M9_r2,apple,178,0.993355
FKIT,Y+X2_M9_r2,apple,179,0.994319
FKIT,Y+X2_M9_r2,apple,180,0.971482
FKIT,Y+X2_M9_r2,apple,181,0.995279
FKIT,Y+X2_M9_r2,apple,182,0.994867
FKIT,Y+X2_M9_r2,apple,183,0.994251
FKIT,Y+X2_M9_r2,apple,184,0.995103
FKIT,Y+X2_M9_r2,apple,185,0.995028
FKIT,Y+X2_M9_r2,apple,186,0.994921
FKIT,Y+X2_M9_r2,apple,187,0.994690
FKIT,Y+X2_M9_r2,apple,188,0.994151
FKIT,Y+X2_M9_r2,apple,189,0.994298
FKIT,Y+X2_M9_r2,apple,190,0.995252
FKIT,Y+X2_M9_r2,apple,191,0.995547
FKIT,Y+X2_M9_r2,apple,192,0.995443
FKIT,Y+X2_M9_r2,apple,193,0.995020
FKIT,Y+X2_M9_r2,apple,194,0.995421
FKIT,Y+X2_M9_r2,apple,195,0.995678
FKIT,Y+X2_M9_r2,apple,196,0.996325
FKIT,Y+X2_M9_r2,apple,197,0.996785
FKIT,Y+X2_M9_r2,apple,198,0.996036
FKIT,Y+X2_M9_r2,apple,199,0.995544
FKIT,Y+X2_M9_r2,apple,200,0.995558
FKIT,Y+X2_M9_r2,apple,201,0.994680
FKIT,Y+X2_M9_r2,apple,202,0.995410
FKIT,Y+X2_M9_r2,apple,203,0.995346
FKIT,Y+X2_M9_r2,apple,204,0.995104
FKIT,Y+X2_M9_r2,apple,205,0.995120
FKIT,Y+X2_M9_r2,apple,206,0.995757
FKIT,Y+X2_M9_r2,apple,207,0.995401
FKIT,Y+X2_M9_r2,apple,208,0.995330
FKIT,Y+X2_M9_r2,apple,209,0.995924
FKIT,Y+X2_M9_r2,apple,210,0.996217
FKIT,Y+X2_M9_r2,apple,211,0.995974
FKIT,Y+X2_M9_r2,apple,212,0.996188
FKIT,Y+X2_M9_r2,apple,213,0.995715
FKIT,Y+X2_M9_r2,apple,214,0.996595
FKIT,Y+X2_M9_r2,apple,215,0.997165
FKIT,Y+X2_M9_r2,apple,216,0.996052
FKIT,Y+X2_M9_r2,apple,217,0.996331
FKIT,Y+X2_M9_r2,apple,218,0.996143
FKIT,Y+X2_M9_r2,apple,219,0.996138
FKIT,Y+X2_M9_r2,apple,220,0.996465
FKIT,Y+X2_M9_r2,apple,221,0.996537
FKIT,Y+X2_M9_r2,apple,222,0.996867
FKIT,Y+X2_M9_r2,apple,223,0.996413
FKIT,Y+X2_M9_r2,apple,224,0.996060
FKIT,Y+X2_M9_r2,apple,225,0.995899
FKIT,Y+X2_M9_r2,apple,226,0.996359
FKIT,Y+X2_M9_r2,apple,227,0.996515
FKIT,Y+X2_M9_r2,apple,228,0.996523
FKIT,Y+X2_M9_r2,apple,229,0.996711
FKIT,Y+X2_M9_r2,apple,230,0.996752
FKIT,Y+X2_M9_r2,apple,231,0.996361
FKIT,Y+X2_M9_r2,apple,232,0.996580
FKIT,Y+X2_M9_r2,apple,233,0.995319
FKIT,Y+X2_M9_r2,apple,234,0.995349
FKIT,Y+X2_M9_r2,apple,235,0.995837
FKIT,Y+X2_M9_r2,apple,236,0.996275
FKIT,Y+X2_M9_r2,apple,237,0.996052
FKIT,Y+X2_M9_r2,apple,238,0.995190
FKIT,Y+X2_M9_r2,apple,239,0.995443
FKIT,Y+X2_M9_r2,apple,240,0.995253
FKIT,Y+X2_M9_r2,apple,241,0.995642
FKIT,Y+X2_M9_r2,apple,242,0.995554
FKIT,Y+X2_M9_r2,apple,243,0.994828
FKIT,Y+X2_M9_r2,apple,244,0.994982
FKIT,Y+X2_M9_r2,apple,245,0.994866
FKIT,Y+X2_M9_r2,apple,246,0.994995
FKIT,Y+X2_M9_r2,apple,247,0.994713
FKIT,Y+X2_M9_r2,apple,248,0.993792
FKIT,Y+X2_M9_r2,apple,249,0.994145
FKIT,Y+X2_M9_r2,apple,250,0.992402
FKIT,Y+X2_M9_r2,apple,251,0.993725
FKIT,Y+X2_M9_r2,apple,252,0.992936
FKIT,Y+X2_M9_r2,apple,253,0.993045
FKIT,Y+X2_M9_r2,apple,254,0.993529
FKIT,Y+X2_M9_r2,apple,255,0.994242
FKIT,Y+X2_M9_r2,apple,256,0.993999
FKIT,Y+X2_M9_r2,apple,257,0.994031
FKIT,Y+X2_M9_r2,apple,258,0.993835
FKIT,Y+X2_M9_r2,apple,259,0.994029
FKIT,Y+X2_M9_r2,apple,260,0.994227
FKIT,Y+X2_M9_r2,apple,261,0.993517
FKIT,Y+X2_M9_r2,apple,262,0.994757
FKIT,Y+X2_M9_r2,apple,263,0.994249
FKIT,Y+X2_M9_r2,apple,264,0.992573
FKIT,Y+X2_M9_r2,apple,265,0.992773
FKIT,Y+X2_M9_r2,apple,266,0.993494
FKIT,Y+X2_M9_r2,apple,267,0.994671
FKIT,Y+X2_M9_r2,apple,268,0.993565
FKIT,Y+X2_M9_r2,apple,269,0.993069
FKIT,Y+X2_M9_r2,apple,270,0.992336
FKIT,Y+X2_M9_r2,apple,271,0.993400
FKIT,Y+X2_M9_r2,apple,272,0.993727
FKIT,Y+X2_M9_r2,apple,273,0.993327
FKIT,Y+X2_M9_r2,apple,274,0.992835
FKIT,Y+X2_M9_r2,apple,275,0.993417
FKIT,Y+X2_M9_r2,apple,276,0.992921
FKIT,Y+X2_M9_r2,apple,277,0.992501
FKIT,Y+X2_M9_r2,apple,278,0.992684
FKIT,Y+X2_M9_r2,apple,279,0.993168
FKIT,Y+X2_M9_r2,apple,280,0.991577
FKIT,Y+X2_M9_r2,apple,281,0.993048
FKIT,Y+X2_M9_r2,apple,282,0.993464
FKIT,Y+X2_M9_r2,apple,283,0.992793
FKIT,Y+X2_M9_r2,apple,284,0.993121
FKIT,Y+X2_M9_r2,apple,285,0.992596
FKIT,Y+X2_M9_r2,apple,286,0.993722
FKIT,Y+X2_M9_r2,apple,287,0.992973
FKIT,Y+X2_M9_r2,apple,288,0.992455
FKIT,Y+X2_M9_r2,apple,289,0.993243
FKIT,Y+X2_M9_r2,apple,290,0.992917
FKIT,Y+X2_M9_r2,apple,291,0.993270
FKIT,Y+X2_M9_r2,apple,292,0.993251
FKIT,Y+X2_M9_r2,apple,293,0.993559
FKIT,Y+X2_M9_r2,apple,294,0.994040
FKIT,Y+X2_M9_r2,apple,295,0.992903
FKIT,Y+X2_M9_r2,apple,296,0.993136
FKIT,Y+X2_M9_r2,apple,297,0.993855
FKIT,Y+X2_M9_r2,apple,298,0.993470
FKIT,Y+X2_M9_r2,apple,299,0.993171
FKIT,Y+X2_M9_r2,apple,300,0.993368
FKIT,Y+X2_M9_r2,apple,301,0.993467
FKIT,Y+X2_M9_r2,apple,302,0.992922
FKIT,Y+X2_M9_r2,apple,303,0.992983
FKIT,Y+X2_M9_r2,apple,304,0.993864
FKIT,Y+X2_M9_r2,apple,305,0.994313
FKIT,Y+X2_M9_r2,apple,306,0.994048
FKIT,Y+X2_M9_r2,apple,307,0.993530
FKIT,Y+X2_M9_r2,apple,308,0.992840
FKIT,Y+X2_M9_r2,apple,309,0.992657
FKIT,Y+X2_M9_r2,apple,310,0.993320
FKIT,Y+X2_M9_r2,apple,311,0.993871
FKIT,Y+X2_M9_r2,apple,312,0.992421
FKIT,Y+X2_M9_r2,apple,313,0.992032
FKIT,Y+X2_M9_r2,apple,314,0.992201
FKIT,Y+X2_M9_r2,apple,315,0.992497
FKIT,Y+X2_M9_r2,apple,316,0.991718
FKIT,Y+X2_M9_r2,apple,317,0.992291
FKIT,Y+X2_M9_r2,apple,318,0.992258
FKIT,Y+X2_M9_r2,apple,319,0.991886
FKIT,Y+X2_M9_r2,apple,320,0.992090
FKIT,Y+X2_M9_r2,apple,321,0.992286
FKIT,Y+X2_M9_r2,apple,322,0.991861
FKIT,Y+X2_M9_r2,apple,323,0.992200
FKIT,Y+X2_M9_r2,apple,324,0.992456
FKIT,Y+X2_M9_r2,apple,325,0.993346
FKIT,Y+X2_M9_r2,apple,326,0.992924
FKIT,Y+X2_M9_r2,apple,327,0.992691
FKIT,Y+X2_M9_r2,apple,328,0.991869
FKIT,Y+X2_M9_r2,apple,329,0.992671
FKIT,Y+X2_M9_r2,apple,330,0.991416
FKIT,Y+X2_M9_r2,apple,331,0.993622
FKIT,Y+X2_M9_r2,apple,332,0.992730
FKIT,Y+X2_M9_r2,apple,333,0.991529
FKIT,Y+X2_M9_r2,apple,334,0.992689
FKIT,Y+X2_M9_r2,apple,335,0.991825
FKIT,Y+X2_M9_r2,apple,336,0.992872
FKIT,Y+X2_M9_r2,apple,337,0.992250
FKIT,Y+X2_M9_r2,apple,338,0.993021
FKIT,Y+X2_M9_r2,apple,339,0.992060
FKIT,Y+X2_M9_r2,apple,340,0.992192
FKIT,Y+X2_M9_r2,apple,341,0.991120
FKIT,Y+X2_M9_r2,apple,342,0.990740
FKIT,Y+X2_M9_r2,apple,343,0.991360
FKIT,Y+X2_M9_r2,apple,344,0.992243
FKIT,Y+X2_M9_r2,apple,345,0.991971
FKIT,Y+X2_M9_r2,apple,346,0.991629
FKIT,Y+X2_M9_r2,apple,347,0.990732
FKIT,Y+X2_M9_r2,apple,348,0.990668
FKIT,Y+X2_M9_r2,apple,349,0.992051
FKIT,Y+X2_M9_r2,apple,350,0.991206
FKIT,Y+X2_M9_r2,apple,351,0.991997
FKIT,Y+X2_M9_r2,apple,352,0.991259
FKIT,Y+X2_M9_r2,apple,353,0.991617
FKIT,Y+X2_M9_r2,apple,354,0.991599
FKIT,Y+X2_M9_r2,apple,355,0.991564
FKIT,Y+X2_M9_r2,apple,356,0.991554
FKIT,Y+X2_M9_r2,apple,357,0.991498
FKIT,Y+X2_M9_r2,apple,358,0.991837
FKIT,Y+X2_M9_r2,apple,359,0.991586
FKIT,Y+X2_M9_r2,apple,360,0.991998
FKIT,Y+X2_M9_r2,apple,361,0.990951
FKIT,Y+X2_M9_r2,apple,362,0.991331
FKIT,Y+X2_M9_r2,apple,363,0.990318
FKIT,Y+X2_M9_r2,apple,364,0.990572
FKIT,Y+X2_M9_r2,apple,365,0.991179
FKIT,Y+X2_M9_r2,apple,366,0.990968
FKIT,Y+X2_M9_r2,apple,367,0.991433
FKIT,Y+X2_M9_r2,apple,368,0.990400
FKIT,Y+X2_M9_r2,apple,369,0.991294
FKIT,Y+X2_M9_r2,apple,370,0.991045
FKIT,Y+X2_M9_r2,apple,371,0.991419
FKIT,Y+X2_M9_r2,apple,372,0.990013
FKIT,Y+X2_M9_r2,apple,373,0.988685
FKIT,Y+X2_M9_r2,apple,374,0.989358
FKIT,Y+X2_M9_r2,apple,375,0.989366
FKIT,Y+X2_M9_r2,apple,376,0.990042
FKIT,Y+X2_M9_r2,apple,377,0.989121
FKIT,Y+X2_M9_r2,apple,378,0.989427
FKIT,Y+X2_M9_r2,apple,379,0.988143
FKIT,Y+X2_M9_r2,apple,380,0.988588
FKIT,Y+X2_M9_r2,apple,381,0.989505
FKIT,Y+X2_M9_r2,apple,382,0.988813
FKIT,Y+X2_M9_r2,apple,383,0.988856
FKIT,Y+X2_M9_r2,apple,384,0.989095
FKIT,Y+X2_M9_r2,apple,385,0.988839
FKIT,Y+X2_M9_r2,apple,386,0.988134
FKIT,Y+X2_M9_r2,apple,387,0.988983
FKIT,Y+X2_M9_r2,apple,388,0.988684
FKIT,Y+X2_M9_r2,apple,389,0.988210
FKIT,Y+X2_M9_r2,apple,390,0.989035
FKIT,Y+X2_M9_r2,apple,391,0.989239
FKIT,Y+X2_M9_r2,apple,392,0.988455
FKIT,Y+X2_M9_r2,apple,393,0.990485
FKIT,Y+X2_M9_r2,apple,394,0.989337
FKIT,Y+X2_M9_r2,apple,395,0.988758
FKIT,Y+X2_M9_r2,apple,396,0.988414
FKIT,Y+X2_M9_r2,apple,397,0.988550
FKIT,Y+X2_M9_r2,apple,398,0.976173
FKIT,Y+X2_M9_r2,apple,399,0.990120
FKIT,Y+X2_M9_r2,apple,400,0.989605
FKIT,Y+X2_M9_r2,apple,401,0.989647
FKIT,Y+X2_M9_r2,apple,402,0.989450
FKIT,Y+X2_M9_r2,apple,403,0.988392
FKIT,Y+X2_M9_r2,apple,404,0.988189
FKIT,Y+X2_M9_r2,apple,405,0.988409
FKIT,Y+X2_M9_r2,apple,406,0.988512
FKIT,Y+X2_M9_r2,apple,407,0.989054
FKIT,Y+X2_M9_r2,apple,408,0.988753
FKIT,Y+X2_M9_r2,apple,409,0.988081
FKIT,Y+X2_M9_r2,apple,410,0.986738
FKIT,Y+X2_M9_r2,apple,411,0.989171
FKIT,Y+X2_M9_r2,apple,412,0.988298
FKIT,Y+X2_M9_r2,apple,413,0.988379
FKIT,Y+X2_M9_r2,apple,414,0.988224
FKIT,Y+X2_M9_r2,apple,415,0.988577
FKIT,Y+X2_M9_r2,apple,416,0.987832
FKIT,Y+X2_M9_r2,apple,417,0.987891
FKIT,Y+X2_M9_r2,apple,418,0.987147
FKIT,Y+X2_M9_r2,apple,419,0.988071
FKIT,Y+X2_M9_r2,apple,420,0.988167
FKIT,Y+X2_M9_r2,apple,421,0.988569
FKIT,Y+X2_M9_r2,apple,422,0.987060
FKIT,Y+X2_M9_r2,apple,423,0.987733
FKIT,Y+X2_M9_r2,apple,424,0.987993
FKIT,Y+X2_M9_r2,apple,425,0.987850
FKIT,Y+X2_M9_r2,apple,426,0.987676
FKIT,Y+X2_M9_r2,apple,427,0.986796
FKIT,Y+X2_M9_r2,apple,428,0.987602
FKIT,Y+X2_M9_r2,apple,429,0.988094
FKIT,Y+X2_M9_r2,apple,430,0.988863
FKIT,Y+X2_M9_r2,apple,431,0.988188
FKIT,Y+X2_M9_r2,apple,432,0.988139
FKIT,Y+X2_M9_r2,apple,433,0.989035
FKIT,Y+X2_M9_r2,apple,434,0.987212
FKIT,Y+X2_M9_r2,apple,435,0.987822
FKIT,Y+X2_M9_r2,apple,436,0.988552
FKIT,Y+X2_M9_r2,apple,437,0.987713
FKIT,Y+X2_M9_r2,apple,438,0.987415
FKIT,Y+X2_M9_r2,apple,439,0.988892
FKIT,Y+X2_M9_r2,apple,440,0.988346
FKIT,Y+X2_M9_r2,apple,441,0.987314
FKIT,Y+X2_M9_r2,apple,442,0.987562
FKIT,Y+X2_M9_r2,apple,443,0.987924
FKIT,Y+X2_M9_r2,apple,444,0.987442
FKIT,Y+X2_M9_r2,apple,445,0.988002
FKIT,Y+X2_M9_r2,apple,446,0.987072
FKIT,Y+X2_M9_r2,apple,447,0.988226
FKIT,Y+X2_M9_r2,apple,448,0.987766
FKIT,Y+X2_M9_r2,apple,449,0.987655
FKIT,Y+X2_M9_r2,apple,450,0.986960
FKIT,Y+X2_M9_r2,apple,451,0.986634
FKIT,Y+X2_M9_r2,apple,452,0.987292
FKIT,Y+X2_M9_r2,apple,453,0.987256
FKIT,Y+X2_M9_r2,apple,454,0.987658
FKIT,Y+X2_M9_r2,apple,455,0.988171
FKIT,Y+X2_M9_r2,apple,456,0.988450
FKIT,Y+X2_M9_r2,apple,457,0.988184
FKIT,Y+X2_M9_r2,apple,458,0.987809
FKIT,Y+X2_M9_r2,apple,459,0.987267
FKIT,Y+X2_M9_r2,apple,460,0.987517
FKIT,Y+X2_M9_r2,apple,461,0.987982
FKIT,Y+X2_M9_r2,apple,462,0.987365
FKIT,Y+X2_M9_r2,apple,463,0.987804
FKIT,Y+X2_M9_r2,apple,464,0.986811
FKIT,Y+X2_M9_r2,apple,465,0.987871
FKIT,Y+X2_M9_r2,apple,466,0.987937
FKIT,Y+X2_M9_r2,apple,467,0.988138
FKIT,Y+X2_M9_r2,apple,468,0.987831
FKIT,Y+X2_M9_r2,apple,469,0.987532
FKIT,Y+X2_M9_r2,apple,470,0.987442
FKIT,Y+X2_M9_r2,apple,471,0.986636
FKIT,Y+X2_M9_r2,apple,472,0.981200
FKIT,Y+X2_M9_r2,apple,473,0.987182
FKIT,Y+X2_M9_r2,apple,474,0.987389
FKIT,Y+X2_M9_r2,apple,475,0.988092
FKIT,Y+X2_M9_r2,apple,476,0.988772
FKIT,Y+X2_M9_r2,apple,477,0.988443
FKIT,Y+X2_M9_r2,apple,478,0.988088
FKIT,Y+X2_M9_r2,apple,479,0.988365
FKIT,Y+X2_M9_r2,apple,480,0.987637
FKIT,Y+X2_M9_r2,apple,481,0.987841
FKIT,Y+X2_M9_r2,apple,482,0.987742
FKIT,Y+X2_M9_r2,apple,483,0.976885
FKIT,Y+X2_M9_r2,apple,484,0.989279
FKIT,Y+X2_M9_r2,apple,485,0.988743
FKIT,Y+X2_M9_r2,apple,486,0.989517
FKIT,Y+X2_M9_r2,apple,487,0.989460
FKIT,Y+X2_M9_r2,apple,488,0.989275
FKIT,Y+X2_M9_r2,apple,489,0.989285
FKIT,Y+X2_M9_r2,apple,490,0.988921
FKIT,Y+X2_M9_r2,apple,491,0.989641
FKIT,Y+X2_M9_r2,apple,492,0.989700
FKIT,Y+X2_M9_r2,apple,493,0.988520
FKIT,Y+X2_M9_r2,apple,494,0.988980
FKIT,Y+X2_M9_r2,apple,495,0.989834
FKIT,Y+X2_M9_r2,apple,496,0.989305
FKIT,Y+X2_M9_r2,apple,497,0.989476
FKIT,Y+X2_M9_r2,apple,498,0.990077
FKIT,Y+X2_M9_r2,apple,499,0.989492
FKIT,Y+X2_M9_r2,apple,500,0.988668
FKIT,Y+X2_M9_r2,apple,501,0.988906
FKIT,Y+X2_M9_r2,apple,502,0.988903
FKIT,Y+X2_M9_r2,apple,503,0.989939
FKIT,Y+X2_M9_r2,apple,504,0.989871
FKIT,Y+X2_M9_r2,apple,505,0.989670
FKIT,Y+X2_M9_r2,apple,506,0.990290
FKIT,Y+X2_M9_r2,apple,507,0.990841
FKIT,Y+X2_M9_r2,apple,508,0.990258
FKIT,Y+X2_M9_r2,apple,509,0.989518
FKIT,Y+X2_M9_r2,apple,510,0.989880
FKIT,Y+X2_M9_r2,apple,511,0.990439
FKIT,Y+X2_M9_r2,apple,512,0.990112
FKIT,Y+X2_M9_r2,apple,513,0.990112
FKIT,Y+X2_M9_r2,apple,514,0.990035
FKIT,Y+X2_M9_r2,apple,515,0.991053
FKIT,Y+X2_M9_r2,apple,516,0.990355
FKIT,Y+X2_M9_r2,apple,517,0.990857
FKIT,Y+X2_M9_r2,apple,518,0.990767
FKIT,Y+X2_M9_r2,apple,519,0.990527
FKIT,Y+X2_M9_r2,apple,520,0.990382
FKIT,Y+X2_M9_r2,apple,521,0.990357
FKIT,Y+X2_M9_r2,apple,522,0.990252
FKIT,Y+X2_M9_r2,apple,523,0.988949
FKIT,Y+X2_M9_r2,apple,524,0.991407
FKIT,Y+X2_M9_r2,apple,525,0.990818
FKIT,Y+X2_M9_r2,apple,526,0.990450
FKIT,Y+X2_M9_r2,apple,527,0.989616
FKIT,Y+X2_M9_r2,apple,528,0.990731
FKIT,Y+X2_M9_r2,apple,529,0.990933
FKIT,Y+X2_M9_r2,apple,530,0.990631
FKIT,Y+X2_M9_r2,apple,531,0.989426
FKIT,Y+X2_M9_r2,apple,532,0.990581
FKIT,Y+X2_M9_r2,apple,533,0.991641
FKIT,Y+X2_M9_r2,apple,534,0.991148
FKIT,Y+X2_M9_r2,apple,535,0.990402
FKIT,Y+X2_M9_r2,apple,536,0.992010
FKIT,Y+X2_M9_r2,apple,537,0.990154
FKIT,Y+X2_M9_r2,apple,538,0.990459
FKIT,Y+X2_M9_r2,apple,539,0.990627
FKIT,Y+X2_M9_r2,apple,540,0.990743
FKIT,Y+X2_M9_r2,apple,541,0.989331
FKIT,Y+X2_M9_r2,apple,542,0.990590
FKIT,Y+X2_M9_r2,apple,543,0.989242
FKIT,Y+X2_M9_r2,apple,544,0.991304
FKIT,Y+X2_M9_r2,apple,545,0.991526
FKIT,Y+X2_M9_r2,apple,546,0.991627
FKIT,Y+X2_M9_r2,apple,547,0.991406
FKIT,Y+X2_M9_r2,apple,548,0.991072
FKIT,Y+X2_M9_r2,apple,549,0.991533
FKIT,Y+X2_M9_r2,apple,550,0.991912
FKIT,Y+X2_M9_r2,apple,551,0.991163
FKIT,Y+X2_M9_r2,apple,552,0.991586
FKIT,Y+X2_M9_r2,apple,553,0.991073
FKIT,Y+X2_M9_r2,apple,554,0.991212
FKIT,Y+X2_M9_r2,apple,555,0.992285
FKIT,Y+X2_M9_r2,apple,556,0.992508
FKIT,Y+X2_M9_r2,apple,557,0.992047
FKIT,Y+X2_M9_r2,apple,558,0.992600
FKIT,Y+X2_M9_r2,apple,559,0.990934
FKIT,Y+X2_M9_r2,apple,560,0.991597
FKIT,Y+X2_M9_r2,apple,561,0.993469
FKIT,Y+X2_M9_r2,apple,562,0.991991
FKIT,Y+X2_M9_r2,apple,563,0.992481
FKIT,Y+X2_M9_r2,apple,564,0.993549
FKIT,Y+X2_M9_r2,apple,565,0.992582
FKIT,Y+X2_M9_r2,apple,566,0.991486
FKIT,Y+X2_M9_r2,apple,567,0.992600
FKIT,Y+X2_M9_r2,apple,568,0.991873
FKIT,Y+X2_M9_r2,apple,569,0.992315
FKIT,Y+X2_M9_r2,apple,570,0.993460
FKIT,Y+X2_M9_r2,apple,571,0.990759
FKIT,Y+X2_M9_r2,apple,572,0.992945
FKIT,Y+X2_M9_r2,apple,573,0.992121
FKIT,Y+X2_M9_r2,apple,574,0.991958
FKIT,Y+X2_M9_r2,apple,575,0.981331
FKIT,Y+X2_M9_r2,apple,576,0.992143
FKIT,Y+X2_M9_r2,apple,577,0.992645
FKIT,Y+X2_M9_r2,apple,578,0.993334
FKIT,Y+X2_M9_r2,apple,579,0.991871
FKIT,Y+X2_M9_r2,apple,580,0.992847
FKIT,Y+X2_M9_r2,apple,581,0.992512
FKIT,Y+X2_M9_r2,apple,582,0.992640
FKIT,Y+X2_M9_r2,apple,583,0.992629
FKIT,Y+X2_M9_r2,apple,584,0.993072
FKIT,Y+X2_M9_r2,apple,585,0.993576
FKIT,Y+X2_M9_r2,apple,586,0.995640
FKIT,Y+X2_M9_r2,apple,587,0.994184
FKIT,Y+X2_M9_r2,apple,588,0.992917
FKIT,Y+X2_M9_r2,apple,589,0.993916
FKIT,Y+X2_M9_r2,apple,590,0.993102
FKIT,Y+X2_M9_r2,apple,591,0.993098
FKIT,Y+X2_M9_r2,apple,592,0.994159
FKIT,Y+X2_M9_r2,apple,593,0.991979
FKIT,Y+X2_M9_r2,apple,594,0.993012
FKIT,Y+X2_M9_r2,apple,595,0.993724
FKIT,Y+X2_M9_r2,apple,596,0.993761
FKIT,Y+X2_M9_r2,apple,597,0.992470
FKIT,Y+X2_M9_r2,apple,598,0.992531
FKIT,Y+X2_M9_r2,apple,599,0.992650
FKIT,Y+X2_M9_r2,apple,600,0.994238
FKIT,Y+X2_M9_r2,apple,601,0.992366
FKIT,Y+X2_M9_r2,apple,602,0.992481
FKIT,Y+X2_M9_r2,apple,603,0.992447
FKIT,Y+X2_M9_r2,apple,604,0.993357
FKIT,Y+X2_M9_r2,apple,605,0.993377
FKIT,Y+X2_M9_r2,apple,606,0.993325
FKIT,Y+X2_M9_r2,apple,607,0.992868
FKIT,Y+X2_M9_r2,apple,608,0.993106
FKIT,Y+X2_M9_r2,apple,609,0.993651
FKIT,Y+X2_M9_r2,apple,610,0.993776
FKIT,Y+X2_M9_r2,apple,611,0.993572
FKIT,Y+X2_M9_r2,apple,612,0.994608
FKIT,Y+X2_M9_r2,apple,613,0.993109
FKIT,Y+X2_M9_r2,apple,614,0.994028
FKIT,Y+X2_M9_r2,apple,615,0.992646
FKIT,Y+X2_M9_r2,apple,616,0.991814
FKIT,Y+X2_M9_r2,apple,617,0.992847
FKIT,Y+X2_M9_r2,apple,618,0.991364
FKIT,Y+X2_M9_r2,apple,619,0.993118
FKIT,Y+X2_M9_r2,apple,620,0.991847
FKIT,Y+X2_M9_r2,apple,621,0.992092
FKIT,Y+X2_M9_r2,apple,622,0.985244
FKIT,Y+X2_M9_r2,apple,623,0.992309
FKIT,Y+X2_M9_r2,apple,624,0.987259
FKIT,Y+X2_M9_r2,apple,625,0.992118
FKIT,Y+X2_M9_r2,apple,626,0.992010
FKIT,Y+X2_M9_r2,apple,627,0.991872
FKIT,Y+X2_M9_r2,apple,628,0.992586
FKIT,Y+X2_M9_r2,apple,629,0.992171
FKIT,Y+X2_M9_r2,apple,630,0.991660
FKIT,Y+X2_M9_r2,apple,631,0.992527
FKIT,Y+X2_M9_r2,apple,632,0.991902
FKIT,Y+X2_M9_r2,apple,633,0.992047
FKIT,Y+X2_M9_r2,apple,634,0.991713
FKIT,Y+X2_M9_r2,apple,635,0.993324
FKIT,Y+X2_M9_r2,apple,636,0.992824
FKIT,Y+X2_M9_r2,apple,637,0.991815
FKIT,Y+X2_M9_r2,apple,638,0.992331
FKIT,Y+X2_M9_r2,apple,639,0.992660
FKIT,Y+X2_M9_r2,apple,640,0.992327
FKIT,Y+X2_M9_r2,apple,641,0.991584
FKIT,Y+X2_M9_r2,apple,642,0.991786
FKIT,Y+X2_M9_r2,apple,643,0.992134
FKIT,Y+X2_M9_r2,apple,644,0.993601
FKIT,Y+X2_M9_r2,apple,645,0.993049
FKIT,Y+X2_M9_r2,apple,646,0.993456
FKIT,Y+X2_M9_r2,apple,647,0.993249
FKIT,Y+X2_M9_r2,apple,648,0.992706
FKIT,Y+X2_M9_r2,apple,649,0.993368
FKIT,Y+X2_M9_r2,apple,650,0.993379
FKIT,Y+X2_M9_r2,apple,651,0.993437
FKIT,Y+X2_M9_r2,apple,652,0.992414
FKIT,Y+X2_M9_r2,apple,653,0.993070
FKIT,Y+X2_M9_r2,apple,654,0.993228
FKIT,Y+X2_M9_r2,apple,655,0.992641
FKIT,Y+X2_M9_r2,apple,656,0.993440
FKIT,Y+X2_M9_r2,apple,657,0.993365
FKIT,Y+X2_M9_r2,apple,658,0.992866
FKIT,Y+X2_M9_r2,apple,659,0.992805
FKIT,Y+X2_M9_r2,apple,660,0.993219
FKIT,Y+X2_M9_r2,apple,661,0.994651
FKIT,Y+X2_M9_r2,apple,662,0.993798
FKIT,Y+X2_M9_r2,apple,663,0.992733
FKIT,Y+X2_M9_r2,apple,664,0.992286
FKIT,Y+X2_M9_r2,apple,665,0.992963
FKIT,Y+X2_M9_r2,apple,666,0.992307
FKIT,Y+X2_M9_r2,apple,667,0.992513
FKIT,Y+X2_M9_r2,apple,668,0.992803
FKIT,Y+X2_M9_r2,apple,669,0.992341
FKIT,Y+X2_M9_r2,apple,670,0.993087
FKIT,Y+X2_M9_r2,apple,671,0.992209
FKIT,Y+X2_M9_r2,apple,672,0.992796
FKIT,Y+X2_M9_r2,apple,673,0.992433
FKIT,Y+X2_M9_r2,apple,674,0.992110
FKIT,Y+X2_M9_r2,apple,675,0.993685
FKIT,Y+X2_M9_r2,apple,676,0.992692
FKIT,Y+X2_M9_r2,apple,677,0.992051
FKIT,Y+X2_M9_r2,apple,678,0.993508
FKIT,Y+X2_M9_r2,apple,679,0.991840
FKIT,Y+X2_M9_r2,apple,680,0.993164
FKIT,Y+X2_M9_r2,apple,681,0.992963
FKIT,Y+X2_M9_r2,apple,682,0.992588
FKIT,Y+X2_M9_r2,apple,683,0.993182
FKIT,Y+X2_M9_r2,apple,684,0.993334
FKIT,Y+X2_M9_r2,apple,685,0.993747
FKIT,Y+X2_M9_r2,apple,686,0.993494
FKIT,Y+X2_M9_r2,apple,687,0.993555
FKIT,Y+X2_M9_r2,apple,688,0.993474
FKIT,Y+X2_M9_r2,apple,689,0.992810
FKIT,Y+X2_M9_r2,apple,690,0.992597
FKIT,Y+X2_M9_r2,apple,691,0.993492
FKIT,Y+X2_M9_r2,apple,692,0.993904
FKIT,Y+X2_M9_r2,apple,693,0.993298
FKIT,Y+X2_M9_r2,apple,694,0.993356
FKIT,Y+X2_M9_r2,apple,695,0.993770
FKIT,Y+X2_M9_r2,apple,696,0.993536
FKIT,Y+X2_M9_r2,apple,697,0.994829
FKIT,Y+X2_M9_r2,apple,698,0.993651
FKIT,Y+X2_M9_r2,apple,699,0.992644
FKIT,Y+X2_M9_r2,apple,700,0.994491
FKIT,Y+X2_M9_r2,apple,701,0.994439
FKIT,Y+X2_M9_r2,apple,702,0.993458
FKIT,Y+X2_M9_r2,apple,703,0.993428
FKIT,Y+X2_M9_r2,apple,704,0.995093
FKIT,Y+X2_M9_r2,apple,705,0.993998
FKIT,Y+X2_M9_r2,apple,706,0.994219
FKIT,Y+X2_M9_r2,apple,707,0.994132
FKIT,Y+X2_M9_r2,apple,708,0.994171
FKIT,Y+X2_M9_r2,apple,709,0.994242
FKIT,Y+X2_M9_r2,apple,710,0.995254
FKIT,Y+X2_M9_r2,apple,711,0.994190
FKIT,Y+X2_M9_r2,apple,712,0.993920
FKIT,Y+X2_M9_r2,apple,713,0.994303
FKIT,Y+X2_M9_r2,apple,714,0.994615
FKIT,Y+X2_M9_r2,apple,715,0.993332
FKIT,Y+X2_M9_r2,apple,716,0.993884
FKIT,Y+X2_M9_r2,apple,717,0.994438
FKIT,Y+X2_M9_r2,apple,718,0.994847
FKIT,Y+X2_M9_r2,apple,719,0.994031
FKIT,Y+X2_M9_r2,apple,720,0.994405
FKIT,Y+X2_M9_r2,apple,721,0.994668
FKIT,Y+X2_M9_r2,apple,722,0.994739
FKIT,Y+X2_M9_r2,apple,723,0.995305
FKIT,Y+X2_M9_r2,apple,724,0.995676
FKIT,Y+X2_M9_r2,apple,725,0.996591
FKIT,Y+X2_M9_r2,apple,726,0.995994
FKIT,Y+X2_M9_r2,apple,727,0.995400
FKIT,Y+X2_M9_r2,apple,728,0.995314
FKIT,Y+X2_M9_r2,apple,729,0.995540
FKIT,Y+X2_M9_r2,apple,730,0.993261
FKIT,Y+X2_M9_r2,apple,731,0.992120
FKIT,Y+X2_M9_r2,apple,732,0.996031
FKIT,Y+X2_M9_r2,apple,733,0.992332
FKIT,Y+X2_M9_r2,apple,734,0.993849
FKIT,Y+X2_M9_r2,apple,735,0.995057
FKIT,Y+X2_M9_r2,apple,736,0.994862
FKIT,Y+X2_M9_r2,apple,737,0.994997
FKIT,Y+X2_M9_r2,apple,738,0.995934
FKIT,Y+X2_M9_r2,apple,739,0.995632
FKIT,Y+X2_M9_r2,apple,740,0.996193
FKIT,Y+X2_M9_r2,apple,741,0.995736
FKIT,Y+X2_M9_r2,apple,742,0.995343
FKIT,Y+X2_M9_r2,apple,743,0.996088
FKIT,Y+X2_M9_r2,apple,744,0.995218
FKIT,Y+X2_M9_r2,apple,745,0.994391
FKIT,Y+X2_M9_r2,apple,746,0.995989
FKIT,Y+X2_M9_r2,apple,747,0.994737
FKIT,Y+X2_M9_r2,apple,748,0.994570
FKIT,Y+X2_M9_r2,apple,749,0.994585
FKIT,Y+X2_M9_r2,apple,750,0.994632
FKIT,Y+X2_M9_r2,apple,751,0.994321
FKIT,Y+X2_M9_r2,apple,752,0.995699
FKIT,Y+X2_M9_r2,apple,753,0.995086
FKIT,Y+X2_M9_r2,apple,754,0.995003
FKIT,Y+X2_M9_r2,apple,755,0.995315
FKIT,Y+X2_M9_r2,apple,756,0.995011
FKIT,Y+X2_M9_r2,apple,757,0.995011
FKIT,Y+X2_M9_r2,apple,758,0.994124
FKIT,Y+X2_M9_r2,apple,759,0.995062
FKIT,Y+X2_M9_r2,apple,760,0.993405
FKIT,Y+X2_M9_r2,apple,761,0.994065
FKIT,Y+X2_M9_r2,apple,762,0.993831
FKIT,Y+X2_M9_r2,apple,763,0.992797
FKIT,Y+X2_M9_r2,apple,764,0.993665
FKIT,Y+X2_M9_r2,apple,765,0.993481
FKIT,Y+X2_M9_r2,apple,766,0.993564
FKIT,Y+X2_M9_r2,apple,767,0.992860
FKIT,Y+X2_M9_r2,apple,768,0.992903
FKIT,Y+X2_M9_r2,apple,769,0.993493
FKIT,Y+X2_M9_r2,apple,770,0.992695
FKIT,Y+X2_M9_r2,apple,771,0.992343
FKIT,Y+X2_M9_r2,apple,772,0.993047
FKIT,Y+X2_M9_r2,apple,773,0.993645
FKIT,Y+X2_M9_r2,apple,774,0.993067
FKIT,Y+X2_M9_r2,apple,775,0.993713
FKIT,Y+X2_M9_r2,apple,776,0.993602
FKIT,Y+X2_M9_r2,apple,777,0.994038
FKIT,Y+X2_M9_r2,apple,778,0.993880
FKIT,Y+X2_M9_r2,apple,779,0.993600
FKIT,Y+X2_M9_r2,apple,780,0.992527
FKIT,Y+X2_M9_r2,apple,781,0.992625
FKIT,Y+X2_M9_r2,apple,782,0.993218
FKIT,Y+X2_M9_r2,apple,783,0.992222
FKIT,Y+X2_M9_r2,apple,784,0.993333
FKIT,Y+X2_M9_r2,apple,785,0.993033
FKIT,Y+X2_M9_r2,apple,786,0.992202
FKIT,Y+X2_M9_r2,apple,787,0.992147
FKIT,Y+X2_M9_r2,apple,788,0.993084
FKIT,Y+X2_M9_r2,apple,789,0.991277
FKIT,Y+X2_M9_r2,apple,790,0.991022
FKIT,Y+X2_M9_r2,apple,791,0.992735
FKIT,Y+X2_M9_r2,apple,792,0.991768
FKIT,Y+X2_M9_r2,apple,793,0.992112
FKIT,Y+X2_M9_r2,apple,794,0.992618
FKIT,Y+X2_M9_r2,apple,795,0.993301
FKIT,Y+X2_M9_r2,apple,796,0.993855
FKIT,Y+X2_M9_r2,apple,797,0.991704
FKIT,Y+X2_M9_r2,apple,798,0.991118
FKIT,Y+X2_M9_r2,apple,799,0.992406
FKIT,Y+X2_M9_r2,apple,800,0.991733
FKIT,Y+X2_M9_r2,apple,801,0.992284
FKIT,Y+X2_M9_r2,apple,802,0.991066
FKIT,Y+X2_M9_r2,apple,803,0.991445
FKIT,Y+X2_M9_r2,apple,804,0.992449
FKIT,Y+X2_M9_r2,apple,805,0.993156
FKIT,Y+X2_M9_r2,apple,806,0.991926
FKIT,Y+X2_M9_r2,apple,807,0.992601
FKIT,Y+X2_M9_r2,apple,808,0.993625
FKIT,Y+X2_M9_r2,apple,809,0.993097
FKIT,Y+X2_M9_r2,apple,810,0.992627
FKIT,Y+X2_M9_r2,apple,811,0.992420
FKIT,Y+X2_M9_r2,apple,812,0.992244
FKIT,Y+X2_M9_r2,apple,813,0.991627
FKIT,Y+X2_M9_r2,apple,814,0.991130
FKIT,Y+X2_M9_r2,apple,815,0.992350
FKIT,Y+X2_M9_r2,apple,816,0.992170
FKIT,Y+X2_M9_r2,apple,817,0.990953
FKIT,Y+X2_M9_r2,apple,818,0.991734
FKIT,Y+X2_M9_r2,apple,819,0.992251
FKIT,Y+X2_M9_r2,apple,820,0.991038
FKIT,Y+X2_M9_r2,apple,821,0.991017
FKIT,Y+X2_M9_r2,apple,822,0.990261
FKIT,Y+X2_M9_r2,apple,823,0.990779
FKIT,Y+X2_M9_r2,apple,824,0.992395
FKIT,Y+X2_M9_r2,apple,825,0.991541
FKIT,Y+X2_M9_r2,apple,826,0.991492
FKIT,Y+X2_M9_r2,apple,827,0.991679
FKIT,Y+X2_M9_r2,apple,828,0.991776
FKIT,Y+X2_M9_r2,apple,829,0.991109
FKIT,Y+X2_M9_r2,apple,830,0.990856
FKIT,Y+X2_M9_r2,apple,831,0.991040
FKIT,Y+X2_M9_r2,apple,832,0.991549
FKIT,Y+X2_M9_r2,apple,833,0.990190
FKIT,Y+X2_M9_r2,apple,834,0.991546
FKIT,Y+X2_M9_r2,apple,835,0.991763
FKIT,Y+X2_M9_r2,apple,836,0.991855
FKIT,Y+X2_M9_r2,apple,837,0.991160
FKIT,Y+X2_M9_r2,apple,838,0.990618
FKIT,Y+X2_M9_r2,apple,839,0.989448
FKIT,Y+X2_M9_r2,apple,840,0.991630
FKIT,Y+X2_M9_r2,apple,841,0.991005
FKIT,Y+X2_M9_r2,apple,842,0.992338
FKIT,Y+X2_M9_r2,apple,843,0.988311
FKIT,Y+X2_M9_r2,apple,844,0.990658
FKIT,Y+X2_M9_r2,apple,845,0.991308
FKIT,Y+X2_M9_r2,apple,846,0.990772
FKIT,Y+X2_M9_r2,apple,847,0.990229
FKIT,Y+X2_M9_r2,apple,848,0.989785
FKIT,Y+X2_M9_r2,apple,849,0.989377
FKIT,Y+X2_M9_r2,apple,850,0.990053
FKIT,Y+X2_M9_r2,apple,851,0.989033
FKIT,Y+X2_M9_r2,apple,852,0.988890
FKIT,Y+X2_M9_r2,apple,853,0.989796
FKIT,Y+X2_M9_r2,apple,854,0.989981
FKIT,Y+X2_M9_r2,apple,855,0.992698
FKIT,Y+X2_M9_r2,apple,856,0.991181
FKIT,Y+X2_M9_r2,apple,857,0.990839
FKIT,Y+X2_M9_r2,apple,858,0.991210
FKIT,Y+X2_M9_r2,apple,859,0.990446
FKIT,Y+X2_M9_r2,apple,860,0.990564
FKIT,Y+X2_M9_r2,apple,861,0.991908
FKIT,Y+X2_M9_r2,apple,862,0.992077
FKIT,Y+X2_M9_r2,apple,863,0.990667
FKIT,Y+X2_M9_r2,apple,864,0.990352
FKIT,Y+X2_M9_r2,apple,865,0.991923
FKIT,Y+X2_M9_r2,apple,866,0.992806
FKIT,Y+X2_M9_r2,apple,867,0.994144
FKIT,Y+X2_M9_r2,apple,868,0.993165
FKIT,Y+X2_M9_r2,apple,869,0.992216
FKIT,Y+X2_M9_r2,apple,870,0.993238
FKIT,Y+X2_M9_r2,apple,871,0.992880
FKIT,Y+X2_M9_r2,apple,872,0.991838
FKIT,Y+X2_M9_r2,apple,873,0.990201
FKIT,Y+X2_M9_r2,apple,874,0.991375
FKIT,Y+X2_M9_r2,apple,875,0.992155
FKIT,Y+X2_M9_r2,apple,876,0.992918
FKIT,Y+X2_M9_r2,apple,877,0.992081
FKIT,Y+X2_M9_r2,apple,878,0.992923
FKIT,Y+X2_M9_r2,apple,879,0.991116
FKIT,Y+X2_M9_r2,apple,880,0.991687
FKIT,Y+X2_M9_r2,apple,881,0.992792
FKIT,Y+X2_M9_r2,apple,882,0.991250
FKIT,Y+X2_M9_r2,apple,883,0.990892
FKIT,Y+X2_M9_r2,apple,884,0.992748
FKIT,Y+X2_M9_r2,apple,885,0.991708
FKIT,Y+X2_M9_r2,apple,886,0.992935
FKIT,Y+X2_M9_r2,apple,887,0.992060
FKIT,Y+X2_M9_r2,apple,888,0.992593
FKIT,Y+X2_M9_r2,apple,889,0.991568
FKIT,Y+X2_M9_r2,apple,890,0.991600
FKIT,Y+X2_M9_r2,apple,891,0.991735
FKIT,Y+X2_M9_r2,apple,892,0.992566
FKIT,Y+X2_M9_r2,apple,893,0.992713
FKIT,Y+X2_M9_r2,apple,894,0.991950
FKIT,Y+X2_M9_r2,apple,895,0.993063
FKIT,Y+X2_M9_r2,apple,896,0.992701
FKIT,Y+X2_M9_r2,apple,897,0.992869
FKIT,Y+X2_M9_r2,apple,898,0.990973
FKIT,Y+X2_M9_r2,apple,899,0.990569
FKIT,Y+X2_M9_r2,apple,900,0.990820
FKIT,Y+X2_M9_r2,apple,901,0.991353
FKIT,Y+X2_M9_r2,apple,902,0.992627
FKIT,Y+X2_M9_r2,apple,903,0.990704
FKIT,Y+X2_M9_r2,apple,904,0.991447
FKIT,Y+X2_M9_r2,apple,905,0.989083
FKIT,Y+X2_M9_r2,apple,906,0.991391
FKIT,Y+X2_M9_r2,apple,907,0.989515
FKIT,Y+X2_M9_r2,apple,908,0.990541
FKIT,Y+X2_M9_r2,apple,909,0.993289
FKIT,Y+X2_M9_r2,apple,910,0.991037
FKIT,Y+X2_M9_r2,apple,911,0.991641
FKIT,Y+X2_M9_r2,apple,912,0.991735
FKIT,Y+X2_M9_r2,apple,913,0.990756
FKIT,Y+X2_M9_r2,apple,914,0.991280
FKIT,Y+X2_M9_r2,apple,915,0.992566
FKIT,Y+X2_M9_r2,apple,916,0.991629
FKIT,Y+X2_M9_r2,apple,917,0.989259
FKIT,Y+X2_M9_r2,apple,918,0.990790
FKIT,Y+X2_M9_r2,apple,919,0.989157
FKIT,Y+X2_M9_r2,apple,920,0.988351
FKIT,Y+X2_M9_r2,apple,921,0.989498
FKIT,Y+X2_M9_r2,apple,922,0.989405
FKIT,Y+X2_M9_r2,apple,923,0.989419
FKIT,Y+X2_M9_r2,apple,924,0.989270
FKIT,Y+X2_M9_r2,apple,925,0.989547
FKIT,Y+X2_M9_r2,apple,926,0.991144
FKIT,Y+X2_M9_r2,apple,927,0.990581
FKIT,Y+X2_M9_r2,apple,928,0.990668
FKIT,Y+X2_M9_r2,apple,929,0.991279
FKIT,Y+X2_M9_r2,apple,930,0.990913
FKIT,Y+X2_M9_r2,apple,931,0.990386
FKIT,Y+X2_M9_r2,apple,932,0.990573
FKIT,Y+X2_M9_r2,apple,933,0.986471
FKIT,Y+X2_M9_r2,apple,934,0.990893
FKIT,Y+X2_M9_r2,apple,935,0.989224
FKIT,Y+X2_M9_r2,apple,936,0.990452
FKIT,Y+X2_M9_r2,apple,937,0.990676
FKIT,Y+X2_M9_r2,apple,938,0.990480
FKIT,Y+X2_M9_r2,apple,939,0.991169
FKIT,Y+X2_M9_r2,apple,940,0.991448
FKIT,Y+X2_M9_r2,apple,941,0.989780
FKIT,Y+X2_M9_r2,apple,942,0.989258
FKIT,Y+X2_M9_r2,apple,943,0.989083
FKIT,Y+X2_M9_r2,apple,944,0.990834
FKIT,Y+X2_M9_r2,apple,945,0.991971
FKIT,Y+X2_M9_r2,apple,946,0.992311
FKIT,Y+X2_M9_r2,apple,947,0.990297
FKIT,Y+X2_M9_r2,apple,948,0.991070
FKIT,Y+X2_M9_r2,apple,949,0.989819
FKIT,Y+X2_M9_r2,apple,950,0.990127
FKIT,Y+X2_M9_r2,apple,951,0.990438
FKIT,Y+X2_M9_r2,apple,952,0.989133
FKIT,Y+X2_M9_r2,apple,953,0.988140
FKIT,Y+X2_M9_r2,apple,954,0.988296
FKIT,Y+X2_M9_r2,apple,955,0.988543
FKIT,Y+X2_M9_r2,apple,956,0.990149
FKIT,Y+X2_M9_r2,apple,957,0.988579
FKIT,Y+X2_M9_r2,apple,958,0.988515
FKIT,Y+X2_M9_r2,apple,959,0.987707
FKIT,Y+X2_M9_r2,apple,960,0.986042
FKIT,Y+X2_M9_r2,apple,961,0.988894
FKIT,Y+X2_M9_r2,apple,962,0.990020
FKIT,Y+X2_M9_r2,apple,963,0.990647
FKIT,Y+X2_M9_r2,apple,964,0.988811
FKIT,Y+X2_M9_r2,apple,965,0.989869
FKIT,Y+X2_M9_r2,apple,966,0.990758
FKIT,Y+X2_M9_r2,apple,967,0.989366
FKIT,Y+X2_M9_r2,apple,968,0.987435
FKIT,Y+X2_M9_r2,apple,969,0.985038
FKIT,Y+X2_M9_r2,apple,970,0.987095
FKIT,Y+X2_M9_r2,apple,971,0.989073
FKIT,Y+X2_M9_r2,apple,972,0.977866
FKIT,Y+X2_M9_r2,apple,973,0.988801
FKIT,Y+X2_M9_r2,apple,974,0.988289
FKIT,Y+X2_M9_r2,apple,975,0.988922
FKIT,Y+X2_M9_r2,apple,976,0.988427
FKIT,Y+X2_M9_r2,apple,977,0.987937
FKIT,Y+X2_M9_r2,apple,978,0.985973
FKIT,Y+X2_M9_r2,apple,979,0.987727
FKIT,Y+X2_M9_r2,apple,980,0.989852
FKIT,Y+X2_M9_r2,apple,981,0.988349
FKIT,Y+X2_M9_r2,apple,982,0.989687
FKIT,Y+X2_M9_r2,apple,983,0.987939
FKIT,Y+X2_M9_r2,apple,984,0.989827
FKIT,Y+X2_M9_r2,apple,985,0.989152
FKIT,Y+X2_M9_r2,apple,986,0.989865
FKIT,Y+X2_M9_r2,apple,987,0.989982
FKIT,Y+X2_M9_r2,apple,988,0.988071
FKIT,Y+X2_M9_r2,apple,989,0.990249
FKIT,Y+X2_M9_r2,apple,990,0.989456
FKIT,Y+X2_M9_r2,apple,991,0.989133
FKIT,Y+X2_M9_r2,apple,992,0.990119
FKIT,Y+X2_M9_r2,apple,993,0.989038
FKIT,Y+X2_M9_r2,apple,994,0.989578
FKIT,Y+X2_M9_r2,apple,995,0.987111
FKIT,Y+X2_M9_r2,apple,996,0.988768
FKIT,Y+X2_M9_r2,apple,997,0.990481
FKIT,Y+X2_M9_r2,apple,998,0.990451
FKIT,Y+X2_M9_r2,apple,999,0.990793
FKIT,Y+X2_M9_r2,apple,1000,0.990004
FKIT,Y+X2_M9_r2,apple,1001,0.990893
FKIT,Y+X2_M9_r2,apple,1002,0.988951
FKIT,Y+X2_M9_r2,apple,1003,0.988504
FKIT,Y+X2_M9_r2,apple,1004,0.990801
FKIT,Y+X2_M9_r2,apple_pie,0,0.950288
FKIT,Y+X2_M9_r2,apple_pie,1,0.950176
FKIT,Y+X2_M9_r2,apple_pie,2,0.954221
FKIT,Y+X2_M9_r2,apple_pie,3,0.943337
FKIT,Y+X2_M9_r2,apple_pie,4,0.942945
FKIT,Y+X2_M9_r2,apple_pie,5,0.948904
FKIT,Y+X2_M9_r2,apple_pie,6,0.932621
FKIT,Y+X2_M9_r2,apple_pie,7,0.924588
FKIT,Y+X2_M9_r2,apple_pie,8,0.953615
FKIT,Y+X2_M9_r2,apple_pie,9,0.953612
FKIT,Y+X2_M9_r2,apple_pie,10,0.935481
FKIT,Y+X2_M9_r2,apple_pie,11,0.942569
FKIT,Y+X2_M9_r2,apple_pie,12,0.931923
FKIT,Y+X2_M9_r2,apple_pie,13,0.950488
FKIT,Y+X2_M9_r2,apple_pie,14,0.950381
FKIT,Y+X2_M9_r2,apple_pie,15,0.947373
FKIT,Y+X2_M9_r2,apple_pie,16,0.942911
FKIT,Y+X2_M9_r2,apple_pie,17,0.950252
FKIT,Y+X2_M9_r2,apple_pie,18,0.949021
FKIT,Y+X2_M9_r2,apple_pie,19,0.950081
FKIT,Y+X2_M9_r2,apple_pie,20,0.951521
FKIT,Y+X2_M9_r2,apple_pie,21,0.952741
FKIT,Y+X2_M9_r2,apple_pie,22,0.952025
FKIT,Y+X2_M9_r2,apple_pie,23,0.951380
FKIT,Y+X2_M9_r2,apple_pie,24,0.954789
FKIT,Y+X2_M9_r2,apple_pie,25,0.944692
FKIT,Y+X2_M9_r2,apple_pie,26,0.948810
FKIT,Y+X2_M9_r2,apple_pie,27,0.946390
FKIT,Y+X2_M9_r2,apple_pie,28,0.949194
FKIT,Y+X2_M9_r2,apple_pie,29,0.946788
FKIT,Y+X2_M9_r2,apple_pie,30,0.946326
FKIT,Y+X2_M9_r2,apple_pie,31,0.949707
FKIT,Y+X2_M9_r2,apple_pie,32,0.947510
FKIT,Y+X2_M9_r2,apple_pie,33,0.952101
FKIT,Y+X2_M9_r2,apple_pie,34,0.955408
FKIT,Y+X2_M9_r2,apple_pie,35,0.952895
FKIT,Y+X2_M9_r2,apple_pie,36,0.955276
FKIT,Y+X2_M9_r2,apple_pie,37,0.953654
FKIT,Y+X2_M9_r2,apple_pie,38,0.951482
FKIT,Y+X2_M9_r2,apple_pie,39,0.949692
FKIT,Y+X2_M9_r2,apple_pie,40,0.947728
FKIT,Y+X2_M9_r2,apple_pie,41,0.950625
FKIT,Y+X2_M9_r2,apple_pie,42,0.949839
FKIT,Y+X2_M9_r2,apple_pie,43,0.949277
FKIT,Y+X2_M9_r2,apple_pie,44,0.947630
FKIT,Y+X2_M9_r2,apple_pie,45,0.948882
FKIT,Y+X2_M9_r2,apple_pie,46,0.948547
FKIT,Y+X2_M9_r2,apple_pie,47,0.949332
FKIT,Y+X2_M9_r2,apple_pie,48,0.948171
FKIT,Y+X2_M9_r2,apple_pie,49,0.949523
FKIT,Y+X2_M9_r2,apple_pie,50,0.949675
FKIT,Y+X2_M9_r2,apple_pie,51,0.949596
FKIT,Y+X2_M9_r2,apple_pie,52,0.951900
FKIT,Y+X2_M9_r2,apple_pie,53,0.950954
FKIT,Y+X2_M9_r2,apple_pie,54,0.950369
FKIT,Y+X2_M9_r2,apple_pie,55,0.950780
FKIT,Y+X2_M9_r2,apple_pie,56,0.951477
FKIT,Y+X2_M9_r2,apple_pie,57,0.951808
FKIT,Y+X2_M9_r2,apple_pie,58,0.950907
FKIT,Y+X2_M9_r2,apple_pie,59,0.949502
FKIT,Y+X2_M9_r2,apple_pie,60,0.945384
FKIT,Y+X2_M9_r2,apple_pie,61,0.950739
FKIT,Y+X2_M9_r2,apple_pie,62,0.949409
FKIT,Y+X2_M9_r2,apple_pie,63,0.949566
FKIT,Y+X2_M9_r2,apple_pie,64,0.952140
FKIT,Y+X2_M9_r2,apple_pie,65,0.950566
FKIT,Y+X2_M9_r2,apple_pie,66,0.948446
FKIT,Y+X2_M9_r2,apple_pie,67,0.947134
FKIT,Y+X2_M9_r2,apple_pie,68,0.949248
FKIT,Y+X2_M9_r2,apple_pie,69,0.948657
FKIT,Y+X2_M9_r2,apple_pie,70,0.947422
FKIT,Y+X2_M9_r2,apple_pie,71,0.947692
FKIT,Y+X2_M9_r2,apple_pie,72,0.948793
FKIT,Y+X2_M9_r2,apple_pie,73,0.948659
FKIT,Y+X2_M9_r2,apple_pie,74,0.949197
FKIT,Y+X2_M9_r2,apple_pie,75,0.951505
FKIT,Y+X2_M9_r2,apple_pie,76,0.948072
FKIT,Y+X2_M9_r2,apple_pie,77,0.945321
FKIT,Y+X2_M9_r2,apple_pie,78,0.943187
FKIT,Y+X2_M9_r2,apple_pie,79,0.947825
FKIT,Y+X2_M9_r2,apple_pie,80,0.950076
FKIT,Y+X2_M9_r2,apple_pie,81,0.948541
FKIT,Y+X2_M9_r2,apple_pie,82,0.940607
FKIT,Y+X2_M9_r2,apple_pie,83,0.941980
FKIT,Y+X2_M9_r2,apple_pie,84,0.943484
FKIT,Y+X2_M9_r2,apple_pie,85,0.953829
FKIT,Y+X2_M9_r2,apple_pie,86,0.953534
FKIT,Y+X2_M9_r2,apple_pie,87,0.949419
FKIT,Y+X2_M9_r2,apple_pie,88,0.940276
FKIT,Y+X2_M9_r2,apple_pie,89,0.946117
FKIT,Y+X2_M9_r2,apple_pie,90,0.943768
FKIT,Y+X2_M9_r2,apple_pie,91,0.943878
FKIT,Y+X2_M9_r2,apple_pie,92,0.946979
FKIT,Y+X2_M9_r2,apple_pie,93,0.946708
FKIT,Y+X2_M9_r2,apple_pie,94,0.947752
FKIT,Y+X2_M9_r2,apple_pie,95,0.946635
FKIT,Y+X2_M9_r2,apple_pie,96,0.942678
FKIT,Y+X2_M9_r2,apple_pie,97,0.940627
FKIT,Y+X2_M9_r2,apple_pie,98,0.946077
FKIT,Y+X2_M9_r2,apple_pie,99,0.945145
FKIT,Y+X2_M9_r2,apple_pie,100,0.943826
FKIT,Y+X2_M9_r2,apple_pie,101,0.946091
FKIT,Y+X2_M9_r2,apple_pie,102,0.947297
FKIT,Y+X2_M9_r2,apple_pie,103,0.946318
FKIT,Y+X2_M9_r2,apple_pie,104,0.945763
FKIT,Y+X2_M9_r2,apple_pie,105,0.944074
FKIT,Y+X2_M9_r2,apple_pie,106,0.942019
FKIT,Y+X2_M9_r2,apple_pie,107,0.943386
FKIT,Y+X2_M9_r2,apple_pie,108,0.941425
FKIT,Y+X2_M9_r2,apple_pie,109,0.942133
FKIT,Y+X2_M9_r2,apple_pie,110,0.942115
FKIT,Y+X2_M9_r2,apple_pie,111,0.945553
FKIT,Y+X2_M9_r2,apple_pie,112,0.946994
FKIT,Y+X2_M9_r2,apple_pie,113,0.948783
FKIT,Y+X2_M9_r2,apple_pie,114,0.951818
FKIT,Y+X2_M9_r2,apple_pie,115,0.951512
FKIT,Y+X2_M9_r2,apple_pie,116,0.953094
FKIT,Y+X2_M9_r2,apple_pie,117,0.953866
FKIT,Y+X2_M9_r2,apple_pie,118,0.953243
FKIT,Y+X2_M9_r2,apple_pie,119,0.950306
FKIT,Y+X2_M9_r2,apple_pie,120,0.949300
FKIT,Y+X2_M9_r2,apple_pie,121,0.955729
FKIT,Y+X2_M9_r2,apple_pie,122,0.951602
FKIT,Y+X2_M9_r2,apple_pie,123,0.955153
FKIT,Y+X2_M9_r2,apple_pie,124,0.953119
FKIT,Y+X2_M9_r2,apple_pie,125,0.956072
FKIT,Y+X2_M9_r2,apple_pie,126,0.956378
FKIT,Y+X2_M9_r2,apple_pie,127,0.954787
FKIT,Y+X2_M9_r2,apple_pie,128,0.955765
FKIT,Y+X2_M9_r2,apple_pie,129,0.958333
FKIT,Y+X2_M9_r2,apple_pie,130,0.952331
FKIT,Y+X2_M9_r2,apple_pie,131,0.954140
FKIT,Y+X2_M9_r2,apple_pie,132,0.954839
FKIT,Y+X2_M9_r2,apple_pie,133,0.953417
FKIT,Y+X2_M9_r2,apple_pie,134,0.954860
FKIT,Y+X2_M9_r2,apple_pie,135,0.953253
FKIT,Y+X2_M9_r2,apple_pie,136,0.954613
FKIT,Y+X2_M9_r2,apple_pie,137,0.956162
FKIT,Y+X2_M9_r2,apple_pie,138,0.957955
FKIT,Y+X2_M9_r2,apple_pie,139,0.952459
FKIT,Y+X2_M9_r2,apple_pie,140,0.952931
FKIT,Y+X2_M9_r2,apple_pie,141,0.951409
FKIT,Y+X2_M9_r2,apple_pie,142,0.956764
FKIT,Y+X2_M9_r2,apple_pie,143,0.955706
FKIT,Y+X2_M9_r2,apple_pie,144,0.956701
FKIT,Y+X2_M9_r2,apple_pie,145,0.954858
FKIT,Y+X2_M9_r2,apple_pie,146,0.953693
FKIT,Y+X2_M9_r2,apple_pie,147,0.955863
FKIT,Y+X2_M9_r2,apple_pie,148,0.956571
FKIT,Y+X2_M9_r2,apple_pie,149,0.955341
FKIT,Y+X2_M9_r2,apple_pie,150,0.953740
FKIT,Y+X2_M9_r2,apple_pie,151,0.953618
FKIT,Y+X2_M9_r2,apple_pie,152,0.956132
FKIT,Y+X2_M9_r2,apple_pie,153,0.953587
FKIT,Y+X2_M9_r2,apple_pie,154,0.954922
FKIT,Y+X2_M9_r2,apple_pie,155,0.953188
FKIT,Y+X2_M9_r2,apple_pie,156,0.955057
FKIT,Y+X2_M9_r2,apple_pie,157,0.951601
FKIT,Y+X2_M9_r2,apple_pie,158,0.951174
FKIT,Y+X2_M9_r2,apple_pie,159,0.953517
FKIT,Y+X2_M9_r2,apple_pie,160,0.948718
FKIT,Y+X2_M9_r2,apple_pie,161,0.949486
FKIT,Y+X2_M9_r2,apple_pie,162,0.948287
FKIT,Y+X2_M9_r2,apple_pie,163,0.945695
FKIT,Y+X2_M9_r2,apple_pie,164,0.947937
FKIT,Y+X2_M9_r2,apple_pie,165,0.947260
FKIT,Y+X2_M9_r2,apple_pie,166,0.945164
FKIT,Y+X2_M9_r2,apple_pie,167,0.946906
FKIT,Y+X2_M9_r2,apple_pie,168,0.944606
FKIT,Y+X2_M9_r2,apple_pie,169,0.946928
FKIT,Y+X2_M9_r2,apple_pie,170,0.943695
FKIT,Y+X2_M9_r2,apple_pie,171,0.945035
FKIT,Y+X2_M9_r2,apple_pie,172,0.943646
FKIT,Y+X2_M9_r2,apple_pie,173,0.942209
FKIT,Y+X2_M9_r2,apple_pie,174,0.938567
FKIT,Y+X2_M9_r2,apple_pie,175,0.938301
FKIT,Y+X2_M9_r2,apple_pie,176,0.917379
FKIT,Y+X2_M9_r2,apple_pie,177,0.943017
FKIT,Y+X2_M9_r2,apple_pie,178,0.940388
FKIT,Y+X2_M9_r2,apple_pie,179,0.940767
FKIT,Y+X2_M9_r2,apple_pie,180,0.943577
FKIT,Y+X2_M9_r2,apple_pie,181,0.940519
FKIT,Y+X2_M9_r2,apple_pie,182,0.939343
FKIT,Y+X2_M9_r2,apple_pie,183,0.940817
FKIT,Y+X2_M9_r2,apple_pie,184,0.942924
FKIT,Y+X2_M9_r2,apple_pie,185,0.943718
FKIT,Y+X2_M9_r2,apple_pie,186,0.943043
FKIT,Y+X2_M9_r2,apple_pie,187,0.946085
FKIT,Y+X2_M9_r2,apple_pie,188,0.947719
FKIT,Y+X2_M9_r2,apple_pie,189,0.947264
FKIT,Y+X2_M9_r2,apple_pie,190,0.950168
FKIT,Y+X2_M9_r2,apple_pie,191,0.950047
FKIT,Y+X2_M9_r2,apple_pie,192,0.949036
FKIT,Y+X2_M9_r2,apple_pie,193,0.950529
FKIT,Y+X2_M9_r2,apple_pie,194,0.954626
FKIT,Y+X2_M9_r2,apple_pie,195,0.950616
FKIT,Y+X2_M9_r2,apple_pie,196,0.953094
FKIT,Y+X2_M9_r2,apple_pie,197,0.954044
FKIT,Y+X2_M9_r2,apple_pie,198,0.954330
FKIT,Y+X2_M9_r2,apple_pie,199,0.957602
FKIT,Y+X2_M9_r2,apple_pie,200,0.955150
FKIT,Y+X2_M9_r2,apple_pie,201,0.956720
FKIT,Y+X2_M9_r2,apple_pie,202,0.958076
FKIT,Y+X2_M9_r2,apple_pie,203,0.961220
FKIT,Y+X2_M9_r2,apple_pie,204,0.956379
FKIT,Y+X2_M9_r2,apple_pie,205,0.959432
FKIT,Y+X2_M9_r2,apple_pie,206,0.956958
FKIT,Y+X2_M9_r2,apple_pie,207,0.958378
FKIT,Y+X2_M9_r2,apple_pie,208,0.958396
FKIT,Y+X2_M9_r2,apple_pie,209,0.957050
FKIT,Y+X2_M9_r2,apple_pie,210,0.958572
FKIT,Y+X2_M9_r2,apple_pie,211,0.958940
FKIT,Y+X2_M9_r2,apple_pie,212,0.959444
FKIT,Y+X2_M9_r2,apple_pie,213,0.959461
FKIT,Y+X2_M9_r2,apple_pie,214,0.960123
FKIT,Y+X2_M9_r2,apple_pie,215,0.958605
FKIT,Y+X2_M9_r2,apple_pie,216,0.957369
FKIT,Y+X2_M9_r2,apple_pie,217,0.962774
FKIT,Y+X2_M9_r2,apple_pie,218,0.960876
FKIT,Y+X2_M9_r2,apple_pie,219,0.960440
FKIT,Y+X2_M9_r2,apple_pie,220,0.956406
FKIT,Y+X2_M9_r2,apple_pie,221,0.962413
FKIT,Y+X2_M9_r2,apple_pie,222,0.963078
FKIT,Y+X2_M9_r2,apple_pie,223,0.962113
FKIT,Y+X2_M9_r2,apple_pie,224,0.962881
FKIT,Y+X2_M9_r2,apple_pie,225,0.963201
FKIT,Y+X2_M9_r2,apple_pie,226,0.964396
FKIT,Y+X2_M9_r2,apple_pie,227,0.965991
FKIT,Y+X2_M9_r2,apple_pie,228,0.965395
FKIT,Y+X2_M9_r2,apple_pie,229,0.964406
FKIT,Y+X2_M9_r2,apple_pie,230,0.964087
FKIT,Y+X2_M9_r2,apple_pie,231,0.961598
FKIT,Y+X2_M9_r2,apple_pie,232,0.963853
FKIT,Y+X2_M9_r2,apple_pie,233,0.963017
FKIT,Y+X2_M9_r2,apple_pie,234,0.966314
FKIT,Y+X2_M9_r2,apple_pie,235,0.962806
FKIT,Y+X2_M9_r2,apple_pie,236,0.962537
FKIT,Y+X2_M9_r2,apple_pie,237,0.966415
FKIT,Y+X2_M9_r2,apple_pie,238,0.965837
FKIT,Y+X2_M9_r2,apple_pie,239,0.967445
FKIT,Y+X2_M9_r2,apple_pie,240,0.967320
FKIT,Y+X2_M9_r2,apple_pie,241,0.967063
FKIT,Y+X2_M9_r2,apple_pie,242,0.966702
FKIT,Y+X2_M9_r2,apple_pie,243,0.966759
FKIT,Y+X2_M9_r2,apple_pie,244,0.943604
FKIT,Y+X2_M9_r2,apple_pie,245,0.963673
FKIT,Y+X2_M9_r2,apple_pie,246,0.964016
FKIT,Y+X2_M9_r2,apple_pie,247,0.964748
FKIT,Y+X2_M9_r2,apple_pie,248,0.966778
FKIT,Y+X2_M9_r2,apple_pie,249,0.968304
FKIT,Y+X2_M9_r2,apple_pie,250,0.964892
FKIT,Y+X2_M9_r2,apple_pie,251,0.964572
FKIT,Y+X2_M9_r2,apple_pie,252,0.965088
FKIT,Y+X2_M9_r2,apple_pie,253,0.965885
FKIT,Y+X2_M9_r2,apple_pie,254,0.963196
FKIT,Y+X2_M9_r2,apple_pie,255,0.964035
FKIT,Y+X2_M9_r2,apple_pie,256,0.967852
FKIT,Y+X2_M9_r2,apple_pie,257,0.966863
FKIT,Y+X2_M9_r2,apple_pie,258,0.966327
FKIT,Y+X2_M9_r2,apple_pie,259,0.967854
FKIT,Y+X2_M9_r2,apple_pie,260,0.966682
FKIT,Y+X2_M9_r2,apple_pie,261,0.969630
FKIT,Y+X2_M9_r2,apple_pie,262,0.966464
FKIT,Y+X2_M9_r2,apple_pie,263,0.966962
FKIT,Y+X2_M9_r2,apple_pie,264,0.969368
FKIT,Y+X2_M9_r2,apple_pie,265,0.968963
FKIT,Y+X2_M9_r2,apple_pie,266,0.969074
FKIT,Y+X2_M9_r2,apple_pie,267,0.968519
FKIT,Y+X2_M9_r2,apple_pie,268,0.967135
FKIT,Y+X2_M9_r2,apple_pie,269,0.966208
FKIT,Y+X2_M9_r2,apple_pie,270,0.965703
FKIT,Y+X2_M9_r2,apple_pie,271,0.967822
FKIT,Y+X2_M9_r2,apple_pie,272,0.964081
FKIT,Y+X2_M9_r2,apple_pie,273,0.968173
FKIT,Y+X2_M9_r2,apple_pie,274,0.969611
FKIT,Y+X2_M9_r2,apple_pie,275,0.969391
FKIT,Y+X2_M9_r2,apple_pie,276,0.970599
FKIT,Y+X2_M9_r2,apple_pie,277,0.970599
FKIT,Y+X2_M9_r2,apple_pie,278,0.967771
FKIT,Y+X2_M9_r2,apple_pie,279,0.966757
FKIT,Y+X2_M9_r2,apple_pie,280,0.970234
FKIT,Y+X2_M9_r2,apple_pie,281,0.970858
FKIT,Y+X2_M9_r2,apple_pie,282,0.968861
FKIT,Y+X2_M9_r2,apple_pie,283,0.970669
FKIT,Y+X2_M9_r2,apple_pie,284,0.970060
FKIT,Y+X2_M9_r2,apple_pie,285,0.970039
FKIT,Y+X2_M9_r2,apple_pie,286,0.966253
FKIT,Y+X2_M9_r2,apple_pie,287,0.967340
FKIT,Y+X2_M9_r2,apple_pie,288,0.971389
FKIT,Y+X2_M9_r2,apple_pie,289,0.969008
FKIT,Y+X2_M9_r2,apple_pie,290,0.969167
FKIT,Y+X2_M9_r2,apple_pie,291,0.969352
FKIT,Y+X2_M9_r2,apple_pie,292,0.971261
FKIT,Y+X2_M9_r2,apple_pie,293,0.970629
FKIT,Y+X2_M9_r2,apple_pie,294,0.972010
FKIT,Y+X2_M9_r2,apple_pie,295,0.969730
FKIT,Y+X2_M9_r2,apple_pie,296,0.968713
FKIT,Y+X2_M9_r2,apple_pie,297,0.968731
FKIT,Y+X2_M9_r2,apple_pie,298,0.969920
FKIT,Y+X2_M9_r2,apple_pie,299,0.970014
FKIT,Y+X2_M9_r2,apple_pie,300,0.969613
FKIT,Y+X2_M9_r2,apple_pie,301,0.966300
FKIT,Y+X2_M9_r2,apple_pie,302,0.964310
FKIT,Y+X2_M9_r2,apple_pie,303,0.964031
FKIT,Y+X2_M9_r2,apple_pie,304,0.961796
FKIT,Y+X2_M9_r2,apple_pie,305,0.963206
FKIT,Y+X2_M9_r2,apple_pie,306,0.959908
FKIT,Y+X2_M9_r2,apple_pie,307,0.961050
FKIT,Y+X2_M9_r2,apple_pie,308,0.958059
FKIT,Y+X2_M9_r2,apple_pie,309,0.961673
FKIT,Y+X2_M9_r2,apple_pie,310,0.960181
FKIT,Y+X2_M9_r2,apple_pie,311,0.958580
FKIT,Y+X2_M9_r2,apple_pie,312,0.959833
FKIT,Y+X2_M9_r2,apple_pie,313,0.958275
FKIT,Y+X2_M9_r2,apple_pie,314,0.958582
FKIT,Y+X2_M9_r2,apple_pie,315,0.958597
FKIT,Y+X2_M9_r2,apple_pie,316,0.957463
FKIT,Y+X2_M9_r2,apple_pie,317,0.958992
FKIT,Y+X2_M9_r2,apple_pie,318,0.959891
FKIT,Y+X2_M9_r2,apple_pie,319,0.959223
FKIT,Y+X2_M9_r2,apple_pie,320,0.959728
FKIT,Y+X2_M9_r2,apple_pie,321,0.958061
FKIT,Y+X2_M9_r2,apple_pie,322,0.958677
FKIT,Y+X2_M9_r2,apple_pie,323,0.956596
FKIT,Y+X2_M9_r2,apple_pie,324,0.960200
FKIT,Y+X2_M9_r2,apple_pie,325,0.958746
FKIT,Y+X2_M9_r2,apple_pie,326,0.956038
FKIT,Y+X2_M9_r2,apple_pie,327,0.956732
FKIT,Y+X2_M9_r2,apple_pie,328,0.958993
FKIT,Y+X2_M9_r2,apple_pie,329,0.954132
FKIT,Y+X2_M9_r2,apple_pie,330,0.957144
FKIT,Y+X2_M9_r2,apple_pie,331,0.955818
FKIT,Y+X2_M9_r2,apple_pie,332,0.956285
FKIT,Y+X2_M9_r2,apple_pie,333,0.957397
FKIT,Y+X2_M9_r2,apple_pie,334,0.958301
FKIT,Y+X2_M9_r2,apple_pie,335,0.960463
FKIT,Y+X2_M9_r2,apple_pie,336,0.963632
FKIT,Y+X2_M9_r2,apple_pie,337,0.961142
FKIT,Y+X2_M9_r2,apple_pie,338,0.959649
FKIT,Y+X2_M9_r2,apple_pie,339,0.960400
FKIT,Y+X2_M9_r2,apple_pie,340,0.955521
FKIT,Y+X2_M9_r2,apple_pie,341,0.953936
FKIT,Y+X2_M9_r2,apple_pie,342,0.956815
FKIT,Y+X2_M9_r2,apple_pie,343,0.957593
FKIT,Y+X2_M9_r2,apple_pie,344,0.954071
FKIT,Y+X2_M9_r2,apple_pie,345,0.955729
FKIT,Y+X2_M9_r2,apple_pie,346,0.955340
FKIT,Y+X2_M9_r2,apple_pie,347,0.957212
FKIT,Y+X2_M9_r2,apple_pie,348,0.956048
FKIT,Y+X2_M9_r2,apple_pie,349,0.954496
FKIT,Y+X2_M9_r2,apple_pie,350,0.955055
FKIT,Y+X2_M9_r2,apple_pie,351,0.956348
FKIT,Y+X2_M9_r2,apple_pie,352,0.953853
FKIT,Y+X2_M9_r2,apple_pie,353,0.954820
FKIT,Y+X2_M9_r2,apple_pie,354,0.955787
FKIT,Y+X2_M9_r2,apple_pie,355,0.955235
FKIT,Y+X2_M9_r2,apple_pie,356,0.958260
FKIT,Y+X2_M9_r2,apple_pie,357,0.952958
FKIT,Y+X2_M9_r2,apple_pie,358,0.955084
FKIT,Y+X2_M9_r2,apple_pie,359,0.955700
FKIT,Y+X2_M9_r2,apple_pie,360,0.953785
FKIT,Y+X2_M9_r2,apple_pie,361,0.952192
FKIT,Y+X2_M9_r2,apple_pie,362,0.954086
FKIT,Y+X2_M9_r2,apple_pie,363,0.951878
FKIT,Y+X2_M9_r2,apple_pie,364,0.956206
FKIT,Y+X2_M9_r2,apple_pie,365,0.954068
FKIT,Y+X2_M9_r2,apple_pie,366,0.950298
FKIT,Y+X2_M9_r2,apple_pie,367,0.949630
FKIT,Y+X2_M9_r2,apple_pie,368,0.952533
FKIT,Y+X2_M9_r2,apple_pie,369,0.953996
FKIT,Y+X2_M9_r2,apple_pie,370,0.950357
FKIT,Y+X2_M9_r2,apple_pie,371,0.951529
FKIT,Y+X2_M9_r2,apple_pie,372,0.951108
FKIT,Y+X2_M9_r2,apple_pie,373,0.952263
FKIT,Y+X2_M9_r2,apple_pie,374,0.951443
FKIT,Y+X2_M9_r2,apple_pie,375,0.952858
FKIT,Y+X2_M9_r2,apple_pie,376,0.951339
FKIT,Y+X2_M9_r2,apple_pie,377,0.953317
FKIT,Y+X2_M9_r2,apple_pie,378,0.953055
FKIT,Y+X2_M9_r2,apple_pie,379,0.952819
FKIT,Y+X2_M9_r2,apple_pie,380,0.935896
FKIT,Y+X2_M9_r2,apple_pie,381,0.950479
FKIT,Y+X2_M9_r2,apple_pie,382,0.951712
FKIT,Y+X2_M9_r2,apple_pie,383,0.950857
FKIT,Y+X2_M9_r2,apple_pie,384,0.951987
FKIT,Y+X2_M9_r2,apple_pie,385,0.949350
FKIT,Y+X2_M9_r2,apple_pie,386,0.949699
FKIT,Y+X2_M9_r2,apple_pie,387,0.950431
FKIT,Y+X2_M9_r2,apple_pie,388,0.947019
FKIT,Y+X2_M9_r2,apple_pie,389,0.946669
FKIT,Y+X2_M9_r2,apple_pie,390,0.948242
FKIT,Y+X2_M9_r2,apple_pie,391,0.946751
FKIT,Y+X2_M9_r2,apple_pie,392,0.945800
FKIT,Y+X2_M9_r2,apple_pie,393,0.948342
FKIT,Y+X2_M9_r2,apple_pie,394,0.948302
FKIT,Y+X2_M9_r2,apple_pie,395,0.946523
FKIT,Y+X2_M9_r2,apple_pie,396,0.945397
FKIT,Y+X2_M9_r2,apple_pie,397,0.946374
FKIT,Y+X2_M9_r2,apple_pie,398,0.949351
FKIT,Y+X2_M9_r2,apple_pie,399,0.947066
FKIT,Y+X2_M9_r2,apple_pie,400,0.944549
FKIT,Y+X2_M9_r2,apple_pie,401,0.943109
FKIT,Y+X2_M9_r2,apple_pie,402,0.944663
FKIT,Y+X2_M9_r2,apple_pie,403,0.948114
FKIT,Y+X2_M9_r2,apple_pie,404,0.946645
FKIT,Y+X2_M9_r2,apple_pie,405,0.942963
FKIT,Y+X2_M9_r2,apple_pie,406,0.910338
FKIT,Y+X2_M9_r2,apple_pie,407,0.943027
FKIT,Y+X2_M9_r2,apple_pie,408,0.941519
FKIT,Y+X2_M9_r2,apple_pie,409,0.940690
FKIT,Y+X2_M9_r2,apple_pie,410,0.946114
FKIT,Y+X2_M9_r2,apple_pie,411,0.943528
FKIT,Y+X2_M9_r2,apple_pie,412,0.945030
FKIT,Y+X2_M9_r2,apple_pie,413,0.941511
FKIT,Y+X2_M9_r2,apple_pie,414,0.945224
FKIT,Y+X2_M9_r2,apple_pie,415,0.943181
FKIT,Y+X2_M9_r2,apple_pie,416,0.944532
FKIT,Y+X2_M9_r2,apple_pie,417,0.946796
FKIT,Y+X2_M9_r2,apple_pie,418,0.944319
FKIT,Y+X2_M9_r2,apple_pie,419,0.944035
FKIT,Y+X2_M9_r2,apple_pie,420,0.945440
FKIT,Y+X2_M9_r2,apple_pie,421,0.946423
FKIT,Y+X2_M9_r2,apple_pie,422,0.943117
FKIT,Y+X2_M9_r2,apple_pie,423,0.947365
FKIT,Y+X2_M9_r2,apple_pie,424,0.950285
FKIT,Y+X2_M9_r2,apple_pie,425,0.950741
FKIT,Y+X2_M9_r2,apple_pie,426,0.949683
FKIT,Y+X2_M9_r2,apple_pie,427,0.950931
FKIT,Y+X2_M9_r2,apple_pie,428,0.953534
FKIT,Y+X2_M9_r2,apple_pie,429,0.955573
FKIT,Y+X2_M9_r2,apple_pie,430,0.956104
FKIT,Y+X2_M9_r2,apple_pie,431,0.952661
FKIT,Y+X2_M9_r2,apple_pie,432,0.951843
FKIT,Y+X2_M9_r2,apple_pie,433,0.951963
FKIT,Y+X2_M9_r2,apple_pie,434,0.953279
FKIT,Y+X2_M9_r2,apple_pie,435,0.951095
FKIT,Y+X2_M9_r2,apple_pie,436,0.953576
FKIT,Y+X2_M9_r2,apple_pie,437,0.958419
FKIT,Y+X2_M9_r2,apple_pie,438,0.954232
FKIT,Y+X2_M9_r2,apple_pie,439,0.955987
FKIT,Y+X2_M9_r2,apple_pie,440,0.954980
FKIT,Y+X2_M9_r2,apple_pie,441,0.942119
FKIT,Y+X2_M9_r2,apple_pie,442,0.948830
FKIT,Y+X2_M9_r2,apple_pie,443,0.949602
FKIT,Y+X2_M9_r2,apple_pie,444,0.949828
FKIT,Y+X2_M9_r2,apple_pie,445,0.950608
FKIT,Y+X2_M9_r2,apple_pie,446,0.952856
FKIT,Y+X2_M9_r2,apple_pie,447,0.948052
FKIT,Y+X2_M9_r2,apple_pie,448,0.950739
FKIT,Y+X2_M9_r2,apple_pie,449,0.947050
FKIT,Y+X2_M9_r2,apple_pie,450,0.956522
FKIT,Y+X2_M9_r2,apple_pie,451,0.952299
FKIT,Y+X2_M9_r2,apple_pie,452,0.956854
FKIT,Y+X2_M9_r2,apple_pie,453,0.957207
FKIT,Y+X2_M9_r2,apple_pie,454,0.957802
FKIT,Y+X2_M9_r2,apple_pie,455,0.954811
FKIT,Y+X2_M9_r2,apple_pie,456,0.956409
FKIT,Y+X2_M9_r2,apple_pie,457,0.956198
FKIT,Y+X2_M9_r2,apple_pie,458,0.956304
FKIT,Y+X2_M9_r2,apple_pie,459,0.953409
FKIT,Y+X2_M9_r2,apple_pie,460,0.951479
FKIT,Y+X2_M9_r2,apple_pie,461,0.955028
FKIT,Y+X2_M9_r2,apple_pie,462,0.956464
FKIT,Y+X2_M9_r2,apple_pie,463,0.956714
FKIT,Y+X2_M9_r2,apple_pie,464,0.960569
FKIT,Y+X2_M9_r2,apple_pie,465,0.960435
FKIT,Y+X2_M9_r2,apple_pie,466,0.962597
FKIT,Y+X2_M9_r2,apple_pie,467,0.961594
FKIT,Y+X2_M9_r2,apple_pie,468,0.961568
FKIT,Y+X2_M9_r2,apple_pie,469,0.960578
FKIT,Y+X2_M9_r2,apple_pie,470,0.960169
FKIT,Y+X2_M9_r2,apple_pie,471,0.961025
FKIT,Y+X2_M9_r2,apple_pie,472,0.959232
FKIT,Y+X2_M9_r2,apple_pie,473,0.959997
FKIT,Y+X2_M9_r2,apple_pie,474,0.961585
FKIT,Y+X2_M9_r2,apple_pie,475,0.957483
FKIT,Y+X2_M9_r2,apple_pie,476,0.960491
FKIT,Y+X2_M9_r2,apple_pie,477,0.962252
FKIT,Y+X2_M9_r2,apple_pie,478,0.960595
FKIT,Y+X2_M9_r2,apple_pie,479,0.960487
FKIT,Y+X2_M9_r2,apple_pie,480,0.962395
FKIT,Y+X2_M9_r2,apple_pie,481,0.962030
FKIT,Y+X2_M9_r2,apple_pie,482,0.957359
FKIT,Y+X2_M9_r2,apple_pie,483,0.958724
FKIT,Y+X2_M9_r2,apple_pie,484,0.960366
FKIT,Y+X2_M9_r2,apple_pie,485,0.961301
FKIT,Y+X2_M9_r2,apple_pie,486,0.963276
FKIT,Y+X2_M9_r2,apple_pie,487,0.960739
FKIT,Y+X2_M9_r2,apple_pie,488,0.958891
FKIT,Y+X2_M9_r2,apple_pie,489,0.961219
FKIT,Y+X2_M9_r2,apple_pie,490,0.961071
FKIT,Y+X2_M9_r2,apple_pie,491,0.958726
FKIT,Y+X2_M9_r2,apple_pie,492,0.960530
FKIT,Y+X2_M9_r2,apple_pie,493,0.961346
FKIT,Y+X2_M9_r2,apple_pie,494,0.958295
FKIT,Y+X2_M9_r2,apple_pie,495,0.960332
FKIT,Y+X2_M9_r2,apple_pie,496,0.961471
FKIT,Y+X2_M9_r2,apple_pie,497,0.962630
FKIT,Y+X2_M9_r2,apple_pie,498,0.960857
FKIT,Y+X2_M9_r2,apple_pie,499,0.958794
FKIT,Y+X2_M9_r2,apple_pie,500,0.958226
FKIT,Y+X2_M9_r2,apple_pie,501,0.963587
FKIT,Y+X2_M9_r2,apple_pie,502,0.964850
FKIT,Y+X2_M9_r2,apple_pie,503,0.965593
FKIT,Y+X2_M9_r2,apple_pie,504,0.967679
FKIT,Y+X2_M9_r2,apple_pie,505,0.888818
FKIT,Y+X2_M9_r2,apple_pie,506,0.399927
FKIT,Y+X2_M9_r2,apple_pie,507,0.480794
FKIT,Y+X2_M9_r2,apple_pie,508,0.556427
FKIT,Y+X2_M9_r2,apple_pie,509,0.530072
FKIT,Y+X2_M9_r2,apple_pie,510,0.569209
FKIT,Y+X2_M9_r2,apple_pie,511,0.531347
FKIT,Y+X2_M9_r2,apple_pie,512,0.539385
FKIT,Y+X2_M9_r2,apple_pie,513,0.517074
FKIT,Y+X2_M9_r2,apple_pie,514,0.457692
FKIT,Y+X2_M9_r2,apple_pie,515,0.460974
FKIT,Y+X2_M9_r2,apple_pie,516,0.458780
FKIT,Y+X2_M9_r2,apple_pie,517,0.465545
FKIT,Y+X2_M9_r2,apple_pie,518,0.481407
FKIT,Y+X2_M9_r2,apple_pie,519,0.496717
FKIT,Y+X2_M9_r2,apple_pie,520,0.470842
FKIT,Y+X2_M9_r2,apple_pie,521,0.470823
FKIT,Y+X2_M9_r2,apple_pie,522,0.462617
FKIT,Y+X2_M9_r2,apple_pie,523,0.437138
FKIT,Y+X2_M9_r2,apple_pie,524,0.455328
FKIT,Y+X2_M9_r2,apple_pie,525,0.457114
FKIT,Y+X2_M9_r2,apple_pie,526,0.446123
FKIT,Y+X2_M9_r2,apple_pie,527,0.448152
FKIT,Y+X2_M9_r2,apple_pie,528,0.427710
FKIT,Y+X2_M9_r2,apple_pie,529,0.430898
FKIT,Y+X2_M9_r2,apple_pie,530,0.417541
FKIT,Y+X2_M9_r2,apple_pie,531,0.422649
FKIT,Y+X2_M9_r2,apple_pie,532,0.464716
FKIT,Y+X2_M9_r2,apple_pie,533,0.419223
FKIT,Y+X2_M9_r2,apple_pie,534,0.417284
FKIT,Y+X2_M9_r2,apple_pie,535,0.399680
FKIT,Y+X2_M9_r2,apple_pie,536,0.427043
FKIT,Y+X2_M9_r2,apple_pie,537,0.413805
FKIT,Y+X2_M9_r2,apple_pie,538,0.418458
FKIT,Y+X2_M9_r2,apple_pie,539,0.433621
FKIT,Y+X2_M9_r2,apple_pie,540,0.464491
FKIT,Y+X2_M9_r2,apple_pie,541,0.525016
FKIT,Y+X2_M9_r2,apple_pie,542,0.626415
FKIT,Y+X2_M9_r2,apple_pie,543,0.834074
FKIT,Y+X2_M9_r2,apple_pie,544,0.955809
FKIT,Y+X2_M9_r2,apple_pie,545,0.971070
FKIT,Y+X2_M9_r2,apple_pie,546,0.966362
FKIT,Y+X2_M9_r2,apple_pie,547,0.968804
FKIT,Y+X2_M9_r2,apple_pie,548,0.967438
FKIT,Y+X2_M9_r2,apple_pie,549,0.969187
FKIT,Y+X2_M9_r2,apple_pie,550,0.971074
FKIT,Y+X2_M9_r2,apple_pie,551,0.969551
FKIT,Y+X2_M9_r2,apple_pie,552,0.973095
FKIT,Y+X2_M9_r2,apple_pie,553,0.972921
FKIT,Y+X2_M9_r2,apple_pie,554,0.972248
FKIT,Y+X2_M9_r2,apple_pie,555,0.972722
FKIT,Y+X2_M9_r2,apple_pie,556,0.970453
FKIT,Y+X2_M9_r2,apple_pie,557,0.972324
FKIT,Y+X2_M9_r2,apple_pie,558,0.971698
FKIT,Y+X2_M9_r2,apple_pie,559,0.974318
FKIT,Y+X2_M9_r2,apple_pie,560,0.973018
FKIT,Y+X2_M9_r2,apple_pie,561,0.974374
FKIT,Y+X2_M9_r2,apple_pie,562,0.973423
FKIT,Y+X2_M9_r2,apple_pie,563,0.973753
FKIT,Y+X2_M9_r2,apple_pie,564,0.972360
FKIT,Y+X2_M9_r2,apple_pie,565,0.973947
FKIT,Y+X2_M9_r2,apple_pie,566,0.972704
FKIT,Y+X2_M9_r2,apple_pie,567,0.973755
FKIT,Y+X2_M9_r2,apple_pie,568,0.975466
FKIT,Y+X2_M9_r2,apple_pie,569,0.975181
FKIT,Y+X2_M9_r2,apple_pie,570,0.974713
FKIT,Y+X2_M9_r2,apple_pie,571,0.974985
FKIT,Y+X2_M9_r2,apple_pie,572,0.974063
FKIT,Y+X2_M9_r2,apple_pie,573,0.974391
FKIT,Y+X2_M9_r2,apple_pie,574,0.976908
FKIT,Y+X2_M9_r2,apple_pie,575,0.975547
FKIT,Y+X2_M9_r2,apple_pie,576,0.973250
FKIT,Y+X2_M9_r2,apple_pie,577,0.973914
FKIT,Y+X2_M9_r2,apple_pie,578,0.974011
FKIT,Y+X2_M9_r2,apple_pie,579,0.974680
FKIT,Y+X2_M9_r2,apple_pie,580,0.974128
FKIT,Y+X2_M9_r2,apple_pie,581,0.974558
FKIT,Y+X2_M9_r2,apple_pie,582,0.971588
FKIT,Y+X2_M9_r2,apple_pie,583,0.971317
FKIT,Y+X2_M9_r2,apple_pie,584,0.972547
FKIT,Y+X2_M9_r2,apple_pie,585,0.969536
FKIT,Y+X2_M9_r2,apple_pie,586,0.967934
FKIT,Y+X2_M9_r2,apple_pie,587,0.969806
FKIT,Y+X2_M9_r2,apple_pie,588,0.970751
FKIT,Y+X2_M9_r2,apple_pie,589,0.973422
FKIT,Y+X2_M9_r2,apple_pie,590,0.971976
FKIT,Y+X2_M9_r2,apple_pie,591,0.969668
FKIT,Y+X2_M9_r2,apple_pie,592,0.972332
FKIT,Y+X2_M9_r2,apple_pie,593,0.972395
FKIT,Y+X2_M9_r2,apple_pie,594,0.972118
FKIT,Y+X2_M9_r2,apple_pie,595,0.973144
FKIT,Y+X2_M9_r2,apple_pie,596,0.972929
FKIT,Y+X2_M9_r2,apple_pie,597,0.970305
FKIT,Y+X2_M9_r2,apple_pie,598,0.972328
FKIT,Y+X2_M9_r2,apple_pie,599,0.968801
FKIT,Y+X2_M9_r2,apple_pie,600,0.966959
FKIT,Y+X2_M9_r2,apple_pie,601,0.970377
FKIT,Y+X2_M9_r2,apple_pie,602,0.966675
FKIT,Y+X2_M9_r2,apple_pie,603,0.966918
FKIT,Y+X2_M9_r2,apple_pie,604,0.965896
FKIT,Y+X2_M9_r2,apple_pie,605,0.965714
FKIT,Y+X2_M9_r2,apple_pie,606,0.963139
FKIT,Y+X2_M9_r2,apple_pie,607,0.964872
FKIT,Y+X2_M9_r2,apple_pie,608,0.966065
FKIT,Y+X2_M9_r2,apple_pie,609,0.966536
FKIT,Y+X2_M9_r2,apple_pie,610,0.966956
FKIT,Y+X2_M9_r2,apple_pie,611,0.967118
FKIT,Y+X2_M9_r2,apple_pie,612,0.965998
FKIT,Y+X2_M9_r2,apple_pie,613,0.970147
FKIT,Y+X2_M9_r2,apple_pie,614,0.968251
FKIT,Y+X2_M9_r2,apple_pie,615,0.967500
FKIT,Y+X2_M9_r2,apple_pie,616,0.967608
FKIT,Y+X2_M9_r2,apple_pie,617,0.968805
FKIT,Y+X2_M9_r2,apple_pie,618,0.969507
FKIT,Y+X2_M9_r2,apple_pie,619,0.971081
FKIT,Y+X2_M9_r2,apple_pie,620,0.969219
FKIT,Y+X2_M9_r2,apple_pie,621,0.971240
FKIT,Y+X2_M9_r2,apple_pie,622,0.968844
FKIT,Y+X2_M9_r2,apple_pie,623,0.966556
FKIT,Y+X2_M9_r2,apple_pie,624,0.964351
FKIT,Y+X2_M9_r2,apple_pie,625,0.970979
FKIT,Y+X2_M9_r2,apple_pie,626,0.967016
FKIT,Y+X2_M9_r2,apple_pie,627,0.967947
FKIT,Y+X2_M9_r2,apple_pie,628,0.967006
FKIT,Y+X2_M9_r2,apple_pie,629,0.968646
FKIT,Y+X2_M9_r2,apple_pie,630,0.966817
FKIT,Y+X2_M9_r2,apple_pie,631,0.968437
FKIT,Y+X2_M9_r2,apple_pie,632,0.967388
FKIT,Y+X2_M9_r2,apple_pie,633,0.967905
FKIT,Y+X2_M9_r2,apple_pie,634,0.969482
FKIT,Y+X2_M9_r2,apple_pie,635,0.966411
FKIT,Y+X2_M9_r2,apple_pie,636,0.966954
FKIT,Y+X2_M9_r2,apple_pie,637,0.969787
FKIT,Y+X2_M9_r2,apple_pie,638,0.968066
FKIT,Y+X2_M9_r2,apple_pie,639,0.966242
FKIT,Y+X2_M9_r2,apple_pie,640,0.970608
FKIT,Y+X2_M9_r2,apple_pie,641,0.972020
FKIT,Y+X2_M9_r2,apple_pie,642,0.968730
FKIT,Y+X2_M9_r2,apple_pie,643,0.971029
FKIT,Y+X2_M9_r2,apple_pie,644,0.969528
FKIT,Y+X2_M9_r2,apple_pie,645,0.968050
FKIT,Y+X2_M9_r2,apple_pie,646,0.967641
FKIT,Y+X2_M9_r2,apple_pie,647,0.968447
FKIT,Y+X2_M9_r2,apple_pie,648,0.968851
FKIT,Y+X2_M9_r2,apple_pie,649,0.967922
FKIT,Y+X2_M9_r2,apple_pie,650,0.967289
FKIT,Y+X2_M9_r2,apple_pie,651,0.968371
FKIT,Y+X2_M9_r2,apple_pie,652,0.966397
FKIT,Y+X2_M9_r2,apple_pie,653,0.966887
FKIT,Y+X2_M9_r2,apple_pie,654,0.968425
FKIT,Y+X2_M9_r2,apple_pie,655,0.964790
FKIT,Y+X2_M9_r2,apple_pie,656,0.966209
FKIT,Y+X2_M9_r2,apple_pie,657,0.965555
FKIT,Y+X2_M9_r2,apple_pie,658,0.965950
FKIT,Y+X2_M9_r2,apple_pie,659,0.966517
FKIT,Y+X2_M9_r2,apple_pie,660,0.967669
FKIT,Y+X2_M9_r2,apple_pie,661,0.969789
FKIT,Y+X2_M9_r2,apple_pie,662,0.971522
FKIT,Y+X2_M9_r2,apple_pie,663,0.969362
FKIT,Y+X2_M9_r2,apple_pie,664,0.971235
FKIT,Y+X2_M9_r2,apple_pie,665,0.970904
FKIT,Y+X2_M9_r2,apple_pie,666,0.971496
FKIT,Y+X2_M9_r2,apple_pie,667,0.969254
FKIT,Y+X2_M9_r2,apple_pie,668,0.970187
FKIT,Y+X2_M9_r2,apple_pie,669,0.973648
FKIT,Y+X2_M9_r2,apple_pie,670,0.973332
FKIT,Y+X2_M9_r2,apple_pie,671,0.974817
FKIT,Y+X2_M9_r2,apple_pie,672,0.973504
FKIT,Y+X2_M9_r2,apple_pie,673,0.972044
FKIT,Y+X2_M9_r2,apple_pie,674,0.974851
FKIT,Y+X2_M9_r2,apple_pie,675,0.975049
FKIT,Y+X2_M9_r2,apple_pie,676,0.971766
FKIT,Y+X2_M9_r2,apple_pie,677,0.972527
FKIT,Y+X2_M9_r2,apple_pie,678,0.971309
FKIT,Y+X2_M9_r2,apple_pie,679,0.972291
FKIT,Y+X2_M9_r2,apple_pie,680,0.972195
FKIT,Y+X2_M9_r2,apple_pie,681,0.972002
FKIT,Y+X2_M9_r2,apple_pie,682,0.971304
FKIT,Y+X2_M9_r2,apple_pie,683,0.915020
FKIT,Y+X2_M9_r2,apple_pie,684,0.616039
FKIT,Y+X2_M9_r2,apple_pie,685,0.416975
FKIT,Y+X2_M9_r2,apple_pie,686,0.370458
FKIT,Y+X2_M9_r2,apple_pie,687,0.391211
FKIT,Y+X2_M9_r2,apple_pie,688,0.415668
FKIT,Y+X2_M9_r2,apple_pie,689,0.412267
FKIT,Y+X2_M9_r2,apple_pie,690,0.393095
FKIT,Y+X2_M9_r2,apple_pie,691,0.377239
FKIT,Y+X2_M9_r2,apple_pie,692,0.390839
FKIT,Y+X2_M9_r2,apple_pie,693,0.410115
FKIT,Y+X2_M9_r2,apple_pie,694,0.378740
FKIT,Y+X2_M9_r2,apple_pie,695,0.372516
FKIT,Y+X2_M9_r2,apple_pie,696,0.465138
FKIT,Y+X2_M9_r2,apple_pie,697,0.535475
FKIT,Y+X2_M9_r2,apple_pie,698,0.270051
FKIT,Y+X2_M9_r2,apple_pie,699,0.456050
FKIT,Y+X2_M9_r2,apple_pie,700,0.566508
FKIT,Y+X2_M9_r2,apple_pie,701,0.550729
FKIT,Y+X2_M9_r2,apple_pie,702,0.528722
FKIT,Y+X2_M9_r2,apple_pie,703,0.515327
FKIT,Y+X2_M9_r2,apple_pie,704,0.508415
FKIT,Y+X2_M9_r2,apple_pie,705,0.509253
FKIT,Y+X2_M9_r2,apple_pie,706,0.482629
FKIT,Y+X2_M9_r2,apple_pie,707,0.411270
FKIT,Y+X2_M9_r2,apple_pie,708,0.389864
FKIT,Y+X2_M9_r2,apple_pie,709,0.363788
FKIT,Y+X2_M9_r2,apple_pie,710,0.351529
FKIT,Y+X2_M9_r2,apple_pie,711,0.328904
FKIT,Y+X2_M9_r2,apple_pie,712,0.310501
FKIT,Y+X2_M9_r2,apple_pie,713,0.291443
FKIT,Y+X2_M9_r2,apple_pie,714,0.265273
FKIT,Y+X2_M9_r2,apple_pie,715,0.268996
FKIT,Y+X2_M9_r2,apple_pie,716,0.292461
FKIT,Y+X2_M9_r2,apple_pie,717,0.297952
FKIT,Y+X2_M9_r2,apple_pie,718,0.290671
FKIT,Y+X2_M9_r2,apple_pie,719,0.328993
FKIT,Y+X2_M9_r2,apple_pie,720,0.355953
FKIT,Y+X2_M9_r2,apple_pie,721,0.425944
FKIT,Y+X2_M9_r2,apple_pie,722,0.499002
FKIT,Y+X2_M9_r2,apple_pie,723,0.666412
FKIT,Y+X2_M9_r2,apple_pie,724,0.857532
FKIT,Y+X2_M9_r2,apple_pie,725,0.968246
FKIT,Y+X2_M9_r2,apple_pie,726,0.968099
FKIT,Y+X2_M9_r2,apple_pie,727,0.970304
FKIT,Y+X2_M9_r2,apple_pie,728,0.971260
FKIT,Y+X2_M9_r2,apple_pie,729,0.970752
FKIT,Y+X2_M9_r2,apple_pie,730,0.969842
FKIT,Y+X2_M9_r2,apple_pie,731,0.970770
FKIT,Y+X2_M9_r2,apple_pie,732,0.970809
FKIT,Y+X2_M9_r2,apple_pie,733,0.971722
FKIT,Y+X2_M9_r2,apple_pie,734,0.972068
FKIT,Y+X2_M9_r2,apple_pie,735,0.973214
FKIT,Y+X2_M9_r2,apple_pie,736,0.971654
FKIT,Y+X2_M9_r2,apple_pie,737,0.972235
FKIT,Y+X2_M9_r2,apple_pie,738,0.971659
FKIT,Y+X2_M9_r2,apple_pie,739,0.971453
FKIT,Y+X2_M9_r2,apple_pie,740,0.973638
FKIT,Y+X2_M9_r2,apple_pie,741,0.972089
FKIT,Y+X2_M9_r2,apple_pie,742,0.972198
FKIT,Y+X2_M9_r2,apple_pie,743,0.970683
FKIT,Y+X2_M9_r2,apple_pie,744,0.974114
FKIT,Y+X2_M9_r2,apple_pie,745,0.972379
FKIT,Y+X2_M9_r2,apple_pie,746,0.975248
FKIT,Y+X2_M9_r2,apple_pie,747,0.972270
FKIT,Y+X2_M9_r2,apple_pie,748,0.973993
FKIT,Y+X2_M9_r2,apple_pie,749,0.974550
FKIT,Y+X2_M9_r2,apple_pie,750,0.974065
FKIT,Y+X2_M9_r2,apple_pie,751,0.973085
FKIT,Y+X2_M9_r2,apple_pie,752,0.973128
FKIT,Y+X2_M9_r2,apple_pie,753,0.973366
FKIT,Y+X2_M9_r2,apple_pie,754,0.973534
FKIT,Y+X2_M9_r2,apple_pie,755,0.973642
FKIT,Y+X2_M9_r2,apple_pie,756,0.974074
FKIT,Y+X2_M9_r2,apple_pie,757,0.973077
FKIT,Y+X2_M9_r2,apple_pie,758,0.971590
FKIT,Y+X2_M9_r2,apple_pie,759,0.974237
FKIT,Y+X2_M9_r2,apple_pie,760,0.973093
FKIT,Y+X2_M9_r2,apple_pie,761,0.973385
FKIT,Y+X2_M9_r2,apple_pie,762,0.972643
FKIT,Y+X2_M9_r2,apple_pie,763,0.971278
FKIT,Y+X2_M9_r2,apple_pie,764,0.973736
FKIT,Y+X2_M9_r2,apple_pie,765,0.971237
FKIT,Y+X2_M9_r2,apple_pie,766,0.971818
FKIT,Y+X2_M9_r2,apple_pie,767,0.970485
FKIT,Y+X2_M9_r2,apple_pie,768,0.970157
FKIT,Y+X2_M9_r2,apple_pie,769,0.971627
FKIT,Y+X2_M9_r2,apple_pie,770,0.971001
FKIT,Y+X2_M9_r2,apple_pie,771,0.972003
FKIT,Y+X2_M9_r2,apple_pie,772,0.972402
FKIT,Y+X2_M9_r2,apple_pie,773,0.972092
FKIT,Y+X2_M9_r2,apple_pie,774,0.973707
FKIT,Y+X2_M9_r2,apple_pie,775,0.974072
FKIT,Y+X2_M9_r2,apple_pie,776,0.974133
FKIT,Y+X2_M9_r2,apple_pie,777,0.973725
FKIT,Y+X2_M9_r2,apple_pie,778,0.971937
FKIT,Y+X2_M9_r2,apple_pie,779,0.972818
FKIT,Y+X2_M9_r2,apple_pie,780,0.971897
FKIT,Y+X2_M9_r2,apple_pie,781,0.970229
FKIT,Y+X2_M9_r2,apple_pie,782,0.969642
FKIT,Y+X2_M9_r2,apple_pie,783,0.971656
FKIT,Y+X2_M9_r2,apple_pie,784,0.968454
FKIT,Y+X2_M9_r2,apple_pie,785,0.968918
FKIT,Y+X2_M9_r2,apple_pie,786,0.968797
FKIT,Y+X2_M9_r2,apple_pie,787,0.964929
FKIT,Y+X2_M9_r2,apple_pie,788,0.965709
FKIT,Y+X2_M9_r2,apple_pie,789,0.964131
FKIT,Y+X2_M9_r2,apple_pie,790,0.967328
FKIT,Y+X2_M9_r2,apple_pie,791,0.967140
FKIT,Y+X2_M9_r2,apple_pie,792,0.964005
FKIT,Y+X2_M9_r2,apple_pie,793,0.967672
FKIT,Y+X2_M9_r2,apple_pie,794,0.967648
FKIT,Y+X2_M9_r2,apple_pie,795,0.967379
FKIT,Y+X2_M9_r2,apple_pie,796,0.964020
FKIT,Y+X2_M9_r2,apple_pie,797,0.945059
FKIT,Y+X2_M9_r2,apple_pie,798,0.968067
FKIT,Y+X2_M9_r2,apple_pie,799,0.971107
FKIT,Y+X2_M9_r2,apple_pie,800,0.969483
FKIT,Y+X2_M9_r2,apple_pie,801,0.969883
FKIT,Y+X2_M9_r2,apple_pie,802,0.967876
FKIT,Y+X2_M9_r2,apple_pie,803,0.969789
FKIT,Y+X2_M9_r2,apple_pie,804,0.970891
FKIT,Y+X2_M9_r2,apple_pie,805,0.971416
FKIT,Y+X2_M9_r2,apple_pie,806,0.970601
FKIT,Y+X2_M9_r2,apple_pie,807,0.969959
FKIT,Y+X2_M9_r2,apple_pie,808,0.969770
FKIT,Y+X2_M9_r2,apple_pie,809,0.971308
FKIT,Y+X2_M9_r2,apple_pie,810,0.973124
FKIT,Y+X2_M9_r2,apple_pie,811,0.971107
FKIT,Y+X2_M9_r2,apple_pie,812,0.970976
FKIT,Y+X2_M9_r2,apple_pie,813,0.970479
FKIT,Y+X2_M9_r2,apple_pie,814,0.969721
FKIT,Y+X2_M9_r2,apple_pie,815,0.972990
FKIT,Y+X2_M9_r2,apple_pie,816,0.968224
FKIT,Y+X2_M9_r2,apple_pie,817,0.970515
FKIT,Y+X2_M9_r2,apple_pie,818,0.971792
FKIT,Y+X2_M9_r2,apple_pie,819,0.970940
FKIT,Y+X2_M9_r2,apple_pie,820,0.969896
FKIT,Y+X2_M9_r2,apple_pie,821,0.970166
FKIT,Y+X2_M9_r2,apple_pie,822,0.968078
FKIT,Y+X2_M9_r2,apple_pie,823,0.967440
FKIT,Y+X2_M9_r2,apple_pie,824,0.969919
FKIT,Y+X2_M9_r2,apple_pie,825,0.968438
FKIT,Y+X2_M9_r2,apple_pie,826,0.967963
FKIT,Y+X2_M9_r2,apple_pie,827,0.966484
FKIT,Y+X2_M9_r2,apple_pie,828,0.968324
FKIT,Y+X2_M9_r2,apple_pie,829,0.966212
FKIT,Y+X2_M9_r2,apple_pie,830,0.967838
FKIT,Y+X2_M9_r2,apple_pie,831,0.969159
FKIT,Y+X2_M9_r2,apple_pie,832,0.968523
FKIT,Y+X2_M9_r2,apple_pie,833,0.970044
FKIT,Y+X2_M9_r2,apple_pie,834,0.969705
FKIT,Y+X2_M9_r2,apple_pie,835,0.967117
FKIT,Y+X2_M9_r2,apple_pie,836,0.969258
FKIT,Y+X2_M9_r2,apple_pie,837,0.967140
FKIT,Y+X2_M9_r2,apple_pie,838,0.969421
FKIT,Y+X2_M9_r2,apple_pie,839,0.966328
FKIT,Y+X2_M9_r2,apple_pie,840,0.966231
FKIT,Y+X2_M9_r2,apple_pie,841,0.966973
FKIT,Y+X2_M9_r2,apple_pie,842,0.965069
FKIT,Y+X2_M9_r2,apple_pie,843,0.963337
FKIT,Y+X2_M9_r2,apple_pie,844,0.967614
FKIT,Y+X2_M9_r2,apple_pie,845,0.969240
FKIT,Y+X2_M9_r2,apple_pie,846,0.962285
FKIT,Y+X2_M9_r2,apple_pie,847,0.964079
FKIT,Y+X2_M9_r2,apple_pie,848,0.965384
FKIT,Y+X2_M9_r2,apple_pie,849,0.964074
FKIT,Y+X2_M9_r2,apple_pie,850,0.966950
FKIT,Y+X2_M9_r2,apple_pie,851,0.967549
FKIT,Y+X2_M9_r2,apple_pie,852,0.962707
FKIT,Y+X2_M9_r2,apple_pie,853,0.962919
FKIT,Y+X2_M9_r2,apple_pie,854,0.969182
FKIT,Y+X2_M9_r2,apple_pie,855,0.966234
FKIT,Y+X2_M9_r2,apple_pie,856,0.969745
FKIT,Y+X2_M9_r2,apple_pie,857,0.970824
FKIT,Y+X2_M9_r2,apple_pie,858,0.971505
FKIT,Y+X2_M9_r2,apple_pie,859,0.971066
FKIT,Y+X2_M9_r2,apple_pie,860,0.971224
FKIT,Y+X2_M9_r2,apple_pie,861,0.970651
FKIT,Y+X2_M9_r2,apple_pie,862,0.971176
FKIT,Y+X2_M9_r2,apple_pie,863,0.972653
FKIT,Y+X2_M9_r2,apple_pie,864,0.973043
FKIT,Y+X2_M9_r2,apple_pie,865,0.974374
FKIT,Y+X2_M9_r2,apple_pie,866,0.971992
FKIT,Y+X2_M9_r2,apple_pie,867,0.974736
FKIT,Y+X2_M9_r2,apple_pie,868,0.972735
FKIT,Y+X2_M9_r2,apple_pie,869,0.972046
FKIT,Y+X2_M9_r2,apple_pie,870,0.975366
FKIT,Y+X2_M9_r2,apple_pie,871,0.976380
FKIT,Y+X2_M9_r2,apple_pie,872,0.974168
FKIT,Y+X2_M9_r2,apple_pie,873,0.976265
FKIT,Y+X2_M9_r2,apple_pie,874,0.979044
FKIT,Y+X2_M9_r2,apple_pie,875,0.978502
FKIT,Y+X2_M9_r2,apple_pie,876,0.974455
FKIT,Y+X2_M9_r2,apple_pie,877,0.974508
FKIT,Y+X2_M9_r2,apple_pie,878,0.976852
FKIT,Y+X2_M9_r2,apple_pie,879,0.975870
FKIT,Y+X2_M9_r2,apple_pie,880,0.976796
FKIT,Y+X2_M9_r2,apple_pie,881,0.975490
FKIT,Y+X2_M9_r2,apple_pie,882,0.976869
FKIT,Y+X2_M9_r2,apple_pie,883,0.972985
FKIT,Y+X2_M9_r2,apple_pie,884,0.975992
FKIT,Y+X2_M9_r2,apple_pie,885,0.977001
FKIT,Y+X2_M9_r2,apple_pie,886,0.977286
FKIT,Y+X2_M9_r2,apple_pie,887,0.977542
FKIT,Y+X2_M9_r2,apple_pie,888,0.979496
FKIT,Y+X2_M9_r2,apple_pie,889,0.978767
FKIT,Y+X2_M9_r2,apple_pie,890,0.977312
FKIT,Y+X2_M9_r2,apple_pie,891,0.978072
FKIT,Y+X2_M9_r2,apple_pie,892,0.978125
FKIT,Y+X2_M9_r2,apple_pie,893,0.977029
FKIT,Y+X2_M9_r2,apple_pie,894,0.978254
FKIT,Y+X2_M9_r2,apple_pie,895,0.979512
FKIT,Y+X2_M9_r2,apple_pie,896,0.977821
FKIT,Y+X2_M9_r2,apple_pie,897,0.978225
FKIT,Y+X2_M9_r2,apple_pie,898,0.975898
FKIT,Y+X2_M9_r2,apple_pie,899,0.978374
FKIT,Y+X2_M9_r2,apple_pie,900,0.977470
FKIT,Y+X2_M9_r2,apple_pie,901,0.978464
FKIT,Y+X2_M9_r2,apple_pie,902,0.978302
FKIT,Y+X2_M9_r2,apple_pie,903,0.979483
FKIT,Y+X2_M9_r2,apple_pie,904,0.979431
FKIT,Y+X2_M9_r2,apple_pie,905,0.978784
FKIT,Y+X2_M9_r2,apple_pie,906,0.978592
FKIT,Y+X2_M9_r2,apple_pie,907,0.980087
FKIT,Y+X2_M9_r2,apple_pie,908,0.979677
FKIT,Y+X2_M9_r2,apple_pie,909,0.979137
FKIT,Y+X2_M9_r2,apple_pie,910,0.978699
FKIT,Y+X2_M9_r2,apple_pie,911,0.979522
FKIT,Y+X2_M9_r2,apple_pie,912,0.979843
FKIT,Y+X2_M9_r2,apple_pie,913,0.979363
FKIT,Y+X2_M9_r2,apple_pie,914,0.979675
FKIT,Y+X2_M9_r2,apple_pie,915,0.979670
FKIT,Y+X2_M9_r2,apple_pie,916,0.979638
FKIT,Y+X2_M9_r2,apple_pie,917,0.979907
FKIT,Y+X2_M9_r2,apple_pie,918,0.979158
FKIT,Y+X2_M9_r2,apple_pie,919,0.980527
FKIT,Y+X2_M9_r2,apple_pie,920,0.980809
FKIT,Y+X2_M9_r2,apple_pie,921,0.981578
FKIT,Y+X2_M9_r2,apple_pie,922,0.982161
FKIT,Y+X2_M9_r2,apple_pie,923,0.982768
FKIT,Y+X2_M9_r2,apple_pie,924,0.982350
FKIT,Y+X2_M9_r2,apple_pie,925,0.980989
FKIT,Y+X2_M9_r2,apple_pie,926,0.981429
FKIT,Y+X2_M9_r2,apple_pie,927,0.980844
FKIT,Y+X2_M9_r2,apple_pie,928,0.982168
FKIT,Y+X2_M9_r2,apple_pie,929,0.982409
FKIT,Y+X2_M9_r2,apple_pie,930,0.983365
FKIT,Y+X2_M9_r2,apple_pie,931,0.982451
FKIT,Y+X2_M9_r2,apple_pie,932,0.982412
FKIT,Y+X2_M9_r2,apple_pie,933,0.983398
FKIT,Y+X2_M9_r2,apple_pie,934,0.980695
FKIT,Y+X2_M9_r2,apple_pie,935,0.982266
FKIT,Y+X2_M9_r2,apple_pie,936,0.981376
FKIT,Y+X2_M9_r2,apple_pie,937,0.983467
FKIT,Y+X2_M9_r2,apple_pie,938,0.982619
FKIT,Y+X2_M9_r2,apple_pie,939,0.981711
FKIT,Y+X2_M9_r2,apple_pie,940,0.981622
FKIT,Y+X2_M9_r2,apple_pie,941,0.982192
FKIT,Y+X2_M9_r2,apple_pie,942,0.980971
FKIT,Y+X2_M9_r2,apple_pie,943,0.981245
FKIT,Y+X2_M9_r2,apple_pie,944,0.981823
FKIT,Y+X2_M9_r2,apple_pie,945,0.982495
FKIT,Y+X2_M9_r2,apple_pie,946,0.981380
FKIT,Y+X2_M9_r2,apple_pie,947,0.979609
FKIT,Y+X2_M9_r2,apple_pie,948,0.979956
FKIT,Y+X2_M9_r2,apple_pie,949,0.981464
FKIT,Y+X2_M9_r2,apple_pie,950,0.981733
FKIT,Y+X2_M9_r2,apple_pie,951,0.981868
FKIT,Y+X2_M9_r2,apple_pie,952,0.981636
FKIT,Y+X2_M9_r2,apple_pie,953,0.980762
FKIT,Y+X2_M9_r2,apple_pie,954,0.981238
FKIT,Y+X2_M9_r2,apple_pie,955,0.980900
FKIT,Y+X2_M9_r2,apple_pie,956,0.981338
FKIT,Y+X2_M9_r2,apple_pie,957,0.981816
FKIT,Y+X2_M9_r2,apple_pie,958,0.979988
FKIT,Y+X2_M9_r2,apple_pie,959,0.979846
FKIT,Y+X2_M9_r2,apple_pie,960,0.980903
FKIT,Y+X2_M9_r2,apple_pie,961,0.980902
FKIT,Y+X2_M9_r2,apple_pie,962,0.980096
FKIT,Y+X2_M9_r2,apple_pie,963,0.979252
FKIT,Y+X2_M9_r2,apple_pie,964,0.981400
FKIT,Y+X2_M9_r2,apple_pie,965,0.979714
FKIT,Y+X2_M9_r2,apple_pie,966,0.977779
FKIT,Y+X2_M9_r2,apple_pie,967,0.979711
FKIT,Y+X2_M9_r2,apple_pie,968,0.979393
FKIT,Y+X2_M9_r2,apple_pie,969,0.979359
FKIT,Y+X2_M9_r2,apple_pie,970,0.979877
FKIT,Y+X2_M9_r2,apple_pie,971,0.979361
FKIT,Y+X2_M9_r2,apple_pie,972,0.973559
FKIT,Y+X2_M9_r2,apple_pie,973,0.975896
FKIT,Y+X2_M9_r2,apple_pie,974,0.975858
FKIT,Y+X2_M9_r2,apple_pie,975,0.977037
FKIT,Y+X2_M9_r2,apple_pie,976,0.965463
FKIT,Y+X2_M9_r2,apple_pie,977,0.975975
FKIT,Y+X2_M9_r2,apple_pie,978,0.971808
FKIT,Y+X2_M9_r2,apple_pie,979,0.973316
FKIT,Y+X2_M9_r2,apple_pie,980,0.973709
FKIT,Y+X2_M9_r2,apple_pie,981,0.973461
FKIT,Y+X2_M9_r2,apple_pie,982,0.971961
FKIT,Y+X2_M9_r2,apple_pie,983,0.972817
FKIT,Y+X2_M9_r2,apple_pie,984,0.971904
FKIT,Y+X2_M9_r2,apple_pie,985,0.974284
FKIT,Y+X2_M9_r2,apple_pie,986,0.974281
FKIT,Y+X2_M9_r2,apple_pie,987,0.974453
FKIT,Y+X2_M9_r2,apple_pie,988,0.975251
FKIT,Y+X2_M9_r2,apple_pie,989,0.974542
FKIT,Y+X2_M9_r2,apple_pie,990,0.973756
FKIT,Y+X2_M9_r2,apple_pie,991,0.973659
FKIT,Y+X2_M9_r2,apple_pie,992,0.973251
FKIT,Y+X2_M9_r2,apple_pie,993,0.972827
FKIT,Y+X2_M9_r2,apple_pie,994,0.975524
FKIT,Y+X2_M9_r2,apple_pie,995,0.972568
FKIT,Y+X2_M9_r2,apple_pie,996,0.971738
FKIT,Y+X2_M9_r2,apple_pie,997,0.976016
FKIT,Y+X2_M9_r2,apple_pie,998,0.975413
FKIT,Y+X2_M9_r2,apple_pie,999,0.976053
FKIT,Y+X2_M9_r2,apple_pie,1000,0.977125
FKIT,Y+X2_M9_r2,apple_pie,1001,0.976139
FKIT,Y+X2_M9_r2,apple_pie,1002,0.977296
FKIT,Y+X2_M9_r2,apple_pie,1003,0.977078
FKIT,Y+X2_M9_r2,apple_pie,1004,0.975625
FKIT,Y+X2_M9_r2,apple_pie,1005,0.975131
FKIT,Y+X2_M9_r2,apple_pie,1006,0.976046
FKIT,Y+X2_M9_r2,apple_pie,1007,0.977361
FKIT,Y+X2_M9_r2,apple_pie,1008,0.975833
FKIT,Y+X2_M9_r2,apple_pie,1009,0.975808
FKIT,Y+X2_M9_r2,apple_pie,1010,0.975974
FKIT,Y+X2_M9_r2,apple_pie,1011,0.977419
FKIT,Y+X2_M9_r2,apple_pie,1012,0.977894
FKIT,Y+X2_M9_r2,apple_pie,1013,0.977475
FKIT,Y+X2_M9_r2,apple_pie,1014,0.974989
FKIT,Y+X2_M9_r2,apple_pie,1015,0.972826
FKIT,Y+X2_M9_r2,apple_pie,1016,0.975346
FKIT,Y+X2_M9_r2,apple_pie,1017,0.978169
FKIT,Y+X2_M9_r2,apple_pie,1018,0.976223
FKIT,Y+X2_M9_r2,apple_pie,1019,0.972657
FKIT,Y+X2_M9_r2,apple_pie,1020,0.976211
FKIT,Y+X2_M9_r2,apple_pie,1021,0.977605
FKIT,Y+X2_M9_r2,apple_pie,1022,0.977010
FKIT,Y+X2_M9_r2,apple_pie,1023,0.975337
FKIT,Y+X2_M9_r2,apple_pie,1024,0.975607
FKIT,Y+X2_M9_r2,apple_pie,1025,0.974449
FKIT,Y+X2_M9_r2,apple_pie,1026,0.975581
FKIT,Y+X2_M9_r2,apple_pie,1027,0.975334
FKIT,Y+X2_M9_r2,apple_pie,1028,0.974996
FKIT,Y+X2_M9_r2,apple_pie,1029,0.975558
FKIT,Y+X2_M9_r2,apple_pie,1030,0.975864
FKIT,Y+X2_M9_r2,apple_pie,1031,0.975185
FKIT,Y+X2_M9_r2,apple_pie,1032,0.974374
FKIT,Y+X2_M9_r2,apple_pie,1033,0.974617
FKIT,Y+X2_M9_r2,apple_pie,1034,0.976248
FKIT,Y+X2_M9_r2,apple_pie,1035,0.977425
FKIT,Y+X2_M9_r2,apple_pie,1036,0.974256
FKIT,Y+X2_M9_r2,apple_pie,1037,0.975968
FKIT,Y+X2_M9_r2,apple_pie,1038,0.975610
FKIT,Y+X2_M9_r2,apple_pie,1039,0.974702
FKIT,Y+X2_M9_r2,apple_pie,1040,0.975472
FKIT,Y+X2_M9_r2,apple_pie,1041,0.978197
FKIT,Y+X2_M9_r2,apple_pie,1042,0.975893
FKIT,Y+X2_M9_r2,apple_pie,1043,0.976693
FKIT,Y+X2_M9_r2,apple_pie,1044,0.976961
FKIT,Y+X2_M9_r2,apple_pie,1045,0.979666
FKIT,Y+X2_M9_r2,apple_pie,1046,0.976109
FKIT,Y+X2_M9_r2,apple_pie,1047,0.975905
FKIT,Y+X2_M9_r2,apple_pie,1048,0.978727
FKIT,Y+X2_M9_r2,apple_pie,1049,0.979774
FKIT,Y+X2_M9_r2,apple_pie,1050,0.979428
FKIT,Y+X2_M9_r2,apple_pie,1051,0.979148
FKIT,Y+X2_M9_r2,apple_pie,1052,0.978381
FKIT,Y+X2_M9_r2,apple_pie,1053,0.978881
FKIT,Y+X2_M9_r2,apple_pie,1054,0.978947
FKIT,Y+X2_M9_r2,apple_pie,1055,0.980399
FKIT,Y+X2_M9_r2,apple_pie,1056,0.979644
FKIT,Y+X2_M9_r2,apple_pie,1057,0.976978
FKIT,Y+X2_M9_r2,apple_pie,1058,0.975262
FKIT,Y+X2_M9_r2,apple_pie,1059,0.978106
FKIT,Y+X2_M9_r2,apple_pie,1060,0.975366
FKIT,Y+X2_M9_r2,apple_pie,1061,0.977187
FKIT,Y+X2_M9_r2,apple_pie,1062,0.978953
FKIT,Y+X2_M9_r2,apple_pie,1063,0.979506
FKIT,Y+X2_M9_r2,apple_pie,1064,0.978960
FKIT,Y+X2_M9_r2,apple_pie,1065,0.979048
FKIT,Y+X2_M9_r2,apple_pie,1066,0.979097
FKIT,Y+X2_M9_r2,apple_pie,1067,0.976091
FKIT,Y+X2_M9_r2,apple_pie,1068,0.978933
FKIT,Y+X2_M9_r2,apple_pie,1069,0.979103
FKIT,Y+X2_M9_r2,apple_pie,1070,0.979356
FKIT,Y+X2_M9_r2,apple_pie,1071,0.977689
FKIT,Y+X2_M9_r2,apple_pie,1072,0.979582
FKIT,Y+X2_M9_r2,apple_pie,1073,0.980318
FKIT,Y+X2_M9_r2,apple_pie,1074,0.979572
FKIT,Y+X2_M9_r2,apple_pie,1075,0.983038
FKIT,Y+X2_M9_r2,apple_pie,1076,0.981357
FKIT,Y+X2_M9_r2,apple_pie,1077,0.979068
FKIT,Y+X2_M9_r2,apple_pie,1078,0.982203
FKIT,Y+X2_M9_r2,apple_pie,1079,0.980381
FKIT,Y+X2_M9_r2,apple_pie,1080,0.899877
FKIT,Y+X2_M9_r2,apple_pie,1081,0.925308
FKIT,Y+X2_M9_r2,apple_pie,1082,0.978861
FKIT,Y+X2_M9_r2,apple_pie,1083,0.979908
FKIT,Y+X2_M9_r2,apple_pie,1084,0.978037
FKIT,Y+X2_M9_r2,apple_pie,1085,0.979622
FKIT,Y+X2_M9_r2,apple_pie,1086,0.980006
FKIT,Y+X2_M9_r2,apple_pie,1087,0.980507
FKIT,Y+X2_M9_r2,apple_pie,1088,0.982049
FKIT,Y+X2_M9_r2,apple_pie,1089,0.981394
FKIT,Y+X2_M9_r2,apple_pie,1090,0.981672
FKIT,Y+X2_M9_r2,apple_pie,1091,0.981254
FKIT,Y+X2_M9_r2,apple_pie,1092,0.979998
FKIT,Y+X2_M9_r2,apple_pie,1093,0.981205
FKIT,Y+X2_M9_r2,apple_pie,1094,0.980403
FKIT,Y+X2_M9_r2,apple_pie,1095,0.981259
FKIT,Y+X2_M9_r2,apple_pie,1096,0.980524
FKIT,Y+X2_M9_r2,apple_pie,1097,0.976594
FKIT,Y+X2_M9_r2,apple_pie,1098,0.979656
FKIT,Y+X2_M9_r2,apple_pie,1099,0.982188
FKIT,Y+X2_M9_r2,apple_pie,1100,0.983188
FKIT,Y+X2_M9_r2,apple_pie,1101,0.982266
FKIT,Y+X2_M9_r2,apple_pie,1102,0.981077
FKIT,Y+X2_M9_r2,apple_pie,1103,0.982192
FKIT,Y+X2_M9_r2,apple_pie,1104,0.981593
FKIT,Y+X2_M9_r2,apple_pie,1105,0.981502
FKIT,Y+X2_M9_r2,apple_pie,1106,0.980547
FKIT,Y+X2_M9_r2,apple_pie,1107,0.981942
FKIT,Y+X2_M9_r2,apple_pie,1108,0.980639
FKIT,Y+X2_M9_r2,apple_pie,1109,0.981553
FKIT,Y+X2_M9_r2,apple_pie,1110,0.981672
FKIT,Y+X2_M9_r2,apple_pie,1111,0.981351
FKIT,Y+X2_M9_r2,apple_pie,1112,0.978122
FKIT,Y+X2_M9_r2,apple_pie,1113,0.977157
FKIT,Y+X2_M9_r2,apple_pie,1114,0.981011
FKIT,Y+X2_M9_r2,apple_pie,1115,0.977283
FKIT,Y+X2_M9_r2,apple_pie,1116,0.976892
FKIT,Y+X2_M9_r2,apple_pie,1117,0.974863
FKIT,Y+X2_M9_r2,apple_pie,1118,0.977488
FKIT,Y+X2_M9_r2,apple_pie,1119,0.978448
FKIT,Y+X2_M9_r2,apple_pie,1120,0.978650
FKIT,Y+X2_M9_r2,apple_pie,1121,0.976352
FKIT,Y+X2_M9_r2,apple_pie,1122,0.977118
FKIT,Y+X2_M9_r2,apple_pie,1123,0.974919
FKIT,Y+X2_M9_r2,apple_pie,1124,0.977327
FKIT,Y+X2_M9_r2,apple_pie,1125,0.976452
FKIT,Y+X2_M9_r2,apple_pie,1126,0.974177
FKIT,Y+X2_M9_r2,apple_pie,1127,0.976505
FKIT,Y+X2_M9_r2,apple_pie,1128,0.976666
FKIT,Y+X2_M9_r2,apple_pie,1129,0.977216
FKIT,Y+X2_M9_r2,apple_pie,1130,0.976235
FKIT,Y+X2_M9_r2,apple_pie,1131,0.971932
FKIT,Y+X2_M9_r2,apple_pie,1132,0.973715
FKIT,Y+X2_M9_r2,apple_pie,1133,0.974452
FKIT,Y+X2_M9_r2,apple_pie,1134,0.976915
FKIT,Y+X2_M9_r2,apple_pie,1135,0.977075
FKIT,Y+X2_M9_r2,apple_pie,1136,0.978245
FKIT,Y+X2_M9_r2,apple_pie,1137,0.979388
FKIT,Y+X2_M9_r2,apple_pie,1138,0.979252
FKIT,Y+X2_M9_r2,apple_pie,1139,0.979969
FKIT,Y+X2_M9_r2,apple_pie,1140,0.980876
FKIT,Y+X2_M9_r2,apple_pie,1141,0.980673
FKIT,Y+X2_M9_r2,apple_pie,1142,0.979023
FKIT,Y+X2_M9_r2,apple_pie,1143,0.982109
FKIT,Y+X2_M9_r2,apple_pie,1144,0.981998
FKIT,Y+X2_M9_r2,apple_pie,1145,0.982688
FKIT,Y+X2_M9_r2,apple_pie,1146,0.982861
FKIT,Y+X2_M9_r2,apple_pie,1147,0.983628
FKIT,Y+X2_M9_r2,apple_pie,1148,0.982528
FKIT,Y+X2_M9_r2,apple_pie,1149,0.983998
FKIT,Y+X2_M9_r2,apple_pie,1150,0.983645
FKIT,Y+X2_M9_r2,apple_pie,1151,0.984267
FKIT,Y+X2_M9_r2,apple_pie,1152,0.985126
FKIT,Y+X2_M9_r2,apple_pie,1153,0.985256
FKIT,Y+X2_M9_r2,apple_pie,1154,0.985859
FKIT,Y+X2_M9_r2,apple_pie,1155,0.984875
FKIT,Y+X2_M9_r2,apple_pie,1156,0.986117
FKIT,Y+X2_M9_r2,apple_pie,1157,0.987585
FKIT,Y+X2_M9_r2,apple_pie,1158,0.988070
FKIT,Y+X2_M9_r2,apple_pie,1159,0.987816
FKIT,Y+X2_M9_r2,apple_pie,1160,0.988338
FKIT,Y+X2_M9_r2,apple_pie,1161,0.988238
FKIT,Y+X2_M9_r2,apple_pie,1162,0.988141
FKIT,Y+X2_M9_r2,apple_pie,1163,0.987876
FKIT,Y+X2_M9_r2,apple_pie,1164,0.988558
FKIT,Y+X2_M9_r2,apple_pie,1165,0.988573
FKIT,Y+X2_M9_r2,apple_pie,1166,0.988368
FKIT,Y+X2_M9_r2,apple_pie,1167,0.989410
FKIT,Y+X2_M9_r2,apple_pie,1168,0.989066
FKIT,Y+X2_M9_r2,apple_pie,1169,0.989524
FKIT,Y+X2_M9_r2,apple_pie,1170,0.989332
FKIT,Y+X2_M9_r2,apple_pie,1171,0.988903
FKIT,Y+X2_M9_r2,apple_pie,1172,0.989182
FKIT,Y+X2_M9_r2,apple_pie,1173,0.989398
FKIT,Y+X2_M9_r2,apple_pie,1174,0.989227
FKIT,Y+X2_M9_r2,apple_pie,1175,0.989375
FKIT,Y+X2_M9_r2,apple_pie,1176,0.989028
FKIT,Y+X2_M9_r2,apple_pie,1177,0.989537
FKIT,Y+X2_M9_r2,apple_pie,1178,0.990013
FKIT,Y+X2_M9_r2,apple_pie,1179,0.989543
FKIT,Y+X2_M9_r2,apple_pie,1180,0.989504
FKIT,Y+X2_M9_r2,apple_pie,1181,0.989066
FKIT,Y+X2_M9_r2,apple_pie,1182,0.989871
FKIT,Y+X2_M9_r2,apple_pie,1183,0.989800
FKIT,Y+X2_M9_r2,apple_pie,1184,0.989485
FKIT,Y+X2_M9_r2,apple_pie,1185,0.989655
FKIT,Y+X2_M9_r2,apple_pie,1186,0.989085
FKIT,Y+X2_M9_r2,apple_pie,1187,0.989644
FKIT,Y+X2_M9_r2,apple_pie,1188,0.989729
FKIT,Y+X2_M9_r2,apple_pie,1189,0.989577
FKIT,Y+X2_M9_r2,apple_pie,1190,0.989882
FKIT,Y+X2_M9_r2,apple_pie,1191,0.989680
FKIT,Y+X2_M9_r2,apple_pie,1192,0.989374
FKIT,Y+X2_M9_r2,apple_pie,1193,0.989493
FKIT,Y+X2_M9_r2,apple_pie,1194,0.990106
FKIT,Y+X2_M9_r2,apple_pie,1195,0.988972
FKIT,Y+X2_M9_r2,apple_pie,1196,0.988978
FKIT,Y+X2_M9_r2,apple_pie,1197,0.989282
FKIT,Y+X2_M9_r2,apple_pie,1198,0.989809
FKIT,Y+X2_M9_r2,apple_pie,1199,0.989446
FKIT,Y+X2_M9_r2,apple_pie,1200,0.989411
FKIT,Y+X2_M9_r2,banana,0,0.536958
FKIT,Y+X2_M9_r2,banana,1,0.404874
FKIT,Y+X2_M9_r2,banana,2,0.543065
FKIT,Y+X2_M9_r2,banana,3,0.617369
FKIT,Y+X2_M9_r2,banana,4,0.655236
FKIT,Y+X2_M9_r2,banana,5,0.676351
FKIT,Y+X2_M9_r2,banana,6,0.368919
FKIT,Y+X2_M9_r2,banana,7,0.479371
FKIT,Y+X2_M9_r2,banana,8,0.484415
FKIT,Y+X2_M9_r2,banana,9,0.761448
FKIT,Y+X2_M9_r2,banana,10,0.851907
FKIT,Y+X2_M9_r2,banana,11,0.938385
FKIT,Y+X2_M9_r2,banana,12,0.950195
FKIT,Y+X2_M9_r2,banana,13,0.922166
FKIT,Y+X2_M9_r2,banana,14,0.922516
FKIT,Y+X2_M9_r2,banana,15,0.914156
FKIT,Y+X2_M9_r2,banana,16,0.888669
FKIT,Y+X2_M9_r2,banana,17,0.868575
FKIT,Y+X2_M9_r2,banana,18,0.854522
FKIT,Y+X2_M9_r2,banana,19,0.835446
FKIT,Y+X2_M9_r2,banana,20,0.793985
FKIT,Y+X2_M9_r2,banana,21,0.734143
FKIT,Y+X2_M9_r2,banana,22,0.661129
FKIT,Y+X2_M9_r2,banana,23,0.587464
FKIT,Y+X2_M9_r2,banana,24,0.511644
FKIT,Y+X2_M9_r2,banana,25,0.461417
FKIT,Y+X2_M9_r2,banana,26,0.505723
FKIT,Y+X2_M9_r2,banana,27,0.527140
FKIT,Y+X2_M9_r2,banana,28,0.492395
FKIT,Y+X2_M9_r2,banana,29,0.520941
FKIT,Y+X2_M9_r2,banana,30,0.531973
FKIT,Y+X2_M9_r2,banana,31,0.549154
FKIT,Y+X2_M9_r2,banana,32,0.545538
FKIT,Y+X2_M9_r2,banana,33,0.554023
FKIT,Y+X2_M9_r2,banana,34,0.566369
FKIT,Y+X2_M9_r2,banana,35,0.565536
FKIT,Y+X2_M9_r2,banana,36,0.574431
FKIT,Y+X2_M9_r2,banana,37,0.582267
FKIT,Y+X2_M9_r2,banana,38,0.574084
FKIT,Y+X2_M9_r2,banana,39,0.589266
FKIT,Y+X2_M9_r2,banana,40,0.591338
FKIT,Y+X2_M9_r2,banana,41,0.600160
FKIT,Y+X2_M9_r2,banana,42,0.596097
FKIT,Y+X2_M9_r2,banana,43,0.602292
FKIT,Y+X2_M9_r2,banana,44,0.596658
FKIT,Y+X2_M9_r2,banana,45,0.595540
FKIT,Y+X2_M9_r2,banana,46,0.599771
FKIT,Y+X2_M9_r2,banana,47,0.593651
FKIT,Y+X2_M9_r2,banana,48,0.591983
FKIT,Y+X2_M9_r2,banana,49,0.603730
FKIT,Y+X2_M9_r2,banana,50,0.590764
FKIT,Y+X2_M9_r2,banana,51,0.604378
FKIT,Y+X2_M9_r2,banana,52,0.597611
FKIT,Y+X2_M9_r2,banana,53,0.593418
FKIT,Y+X2_M9_r2,banana,54,0.595087
FKIT,Y+X2_M9_r2,banana,55,0.589183
FKIT,Y+X2_M9_r2,banana,56,0.584275
FKIT,Y+X2_M9_r2,banana,57,0.583429
FKIT,Y+X2_M9_r2,banana,58,0.583389
FKIT,Y+X2_M9_r2,banana,59,0.576616
FKIT,Y+X2_M9_r2,banana,60,0.577130
FKIT,Y+X2_M9_r2,banana,61,0.578629
FKIT,Y+X2_M9_r2,banana,62,0.558576
FKIT,Y+X2_M9_r2,banana,63,0.552128
FKIT,Y+X2_M9_r2,banana,64,0.545763
FKIT,Y+X2_M9_r2,banana,65,0.536617
FKIT,Y+X2_M9_r2,banana,66,0.540178
FKIT,Y+X2_M9_r2,banana,67,0.548426
FKIT,Y+X2_M9_r2,banana,68,0.534430
FKIT,Y+X2_M9_r2,banana,69,0.537209
FKIT,Y+X2_M9_r2,banana,70,0.547664
FKIT,Y+X2_M9_r2,banana,71,0.562050
FKIT,Y+X2_M9_r2,banana,72,0.587793
FKIT,Y+X2_M9_r2,banana,73,0.600771
FKIT,Y+X2_M9_r2,banana,74,0.668528
FKIT,Y+X2_M9_r2,banana,75,0.765802
FKIT,Y+X2_M9_r2,banana,76,0.910932
FKIT,Y+X2_M9_r2,banana,77,0.970119
FKIT,Y+X2_M9_r2,banana,78,0.965339
FKIT,Y+X2_M9_r2,banana,79,0.968823
FKIT,Y+X2_M9_r2,banana,80,0.941342
FKIT,Y+X2_M9_r2,banana,81,0.970358
FKIT,Y+X2_M9_r2,banana,82,0.970561
FKIT,Y+X2_M9_r2,banana,83,0.970410
FKIT,Y+X2_M9_r2,banana,84,0.969732
FKIT,Y+X2_M9_r2,banana,85,0.969739
FKIT,Y+X2_M9_r2,banana,86,0.969410
FKIT,Y+X2_M9_r2,banana,87,0.970119
FKIT,Y+X2_M9_r2,banana,88,0.966767
FKIT,Y+X2_M9_r2,banana,89,0.967525
FKIT,Y+X2_M9_r2,banana,90,0.967688
FKIT,Y+X2_M9_r2,banana,91,0.967837
FKIT,Y+X2_M9_r2,banana,92,0.967297
FKIT,Y+X2_M9_r2,banana,93,0.966283
FKIT,Y+X2_M9_r2,banana,94,0.971464
FKIT,Y+X2_M9_r2,banana,95,0.972930
FKIT,Y+X2_M9_r2,banana,96,0.970334
FKIT,Y+X2_M9_r2,banana,97,0.966875
FKIT,Y+X2_M9_r2,banana,98,0.969557
FKIT,Y+X2_M9_r2,banana,99,0.969307
FKIT,Y+X2_M9_r2,banana,100,0.968800
FKIT,Y+X2_M9_r2,banana,101,0.970486
FKIT,Y+X2_M9_r2,banana,102,0.971191
FKIT,Y+X2_M9_r2,banana,103,0.972676
FKIT,Y+X2_M9_r2,banana,104,0.971835
FKIT,Y+X2_M9_r2,banana,105,0.971964
FKIT,Y+X2_M9_r2,banana,106,0.970701
FKIT,Y+X2_M9_r2,banana,107,0.971271
FKIT,Y+X2_M9_r2,banana,108,0.973186
FKIT,Y+X2_M9_r2,banana,109,0.969920
FKIT,Y+X2_M9_r2,banana,110,0.966363
FKIT,Y+X2_M9_r2,banana,111,0.972799
FKIT,Y+X2_M9_r2,banana,112,0.969506
FKIT,Y+X2_M9_r2,banana,113,0.966781
FKIT,Y+X2_M9_r2,banana,114,0.968795
FKIT,Y+X2_M9_r2,banana,115,0.970124
FKIT,Y+X2_M9_r2,banana,116,0.966420
FKIT,Y+X2_M9_r2,banana,117,0.969459
FKIT,Y+X2_M9_r2,banana,118,0.968042
FKIT,Y+X2_M9_r2,banana,119,0.970514
FKIT,Y+X2_M9_r2,banana,120,0.969861
FKIT,Y+X2_M9_r2,banana,121,0.969857
FKIT,Y+X2_M9_r2,banana,122,0.976144
FKIT,Y+X2_M9_r2,banana,123,0.972785
FKIT,Y+X2_M9_r2,banana,124,0.973714
FKIT,Y+X2_M9_r2,banana,125,0.971155
FKIT,Y+X2_M9_r2,banana,126,0.970662
FKIT,Y+X2_M9_r2,banana,127,0.968771
FKIT,Y+X2_M9_r2,banana,128,0.966403
FKIT,Y+X2_M9_r2,banana,129,0.968733
FKIT,Y+X2_M9_r2,banana,130,0.967437
FKIT,Y+X2_M9_r2,banana,131,0.971900
FKIT,Y+X2_M9_r2,banana,132,0.968567
FKIT,Y+X2_M9_r2,banana,133,0.969680
FKIT,Y+X2_M9_r2,banana,134,0.973681
FKIT,Y+X2_M9_r2,banana,135,0.969319
FKIT,Y+X2_M9_r2,banana,136,0.969727
FKIT,Y+X2_M9_r2,banana,137,0.968146
FKIT,Y+X2_M9_r2,banana,138,0.968418
FKIT,Y+X2_M9_r2,banana,139,0.969866
FKIT,Y+X2_M9_r2,banana,140,0.969907
FKIT,Y+X2_M9_r2,banana,141,0.972276
FKIT,Y+X2_M9_r2,banana,142,0.970701
FKIT,Y+X2_M9_r2,banana,143,0.971361
FKIT,Y+X2_M9_r2,banana,144,0.970111
FKIT,Y+X2_M9_r2,banana,145,0.966819
FKIT,Y+X2_M9_r2,banana,146,0.968128
FKIT,Y+X2_M9_r2,banana,147,0.967244
FKIT,Y+X2_M9_r2,banana,148,0.971188
FKIT,Y+X2_M9_r2,banana,149,0.967802
FKIT,Y+X2_M9_r2,banana,150,0.970573
FKIT,Y+X2_M9_r2,banana,151,0.969448
FKIT,Y+X2_M9_r2,banana,152,0.971105
FKIT,Y+X2_M9_r2,banana,153,0.971414
FKIT,Y+X2_M9_r2,banana,154,0.972011
FKIT,Y+X2_M9_r2,banana,155,0.970443
FKIT,Y+X2_M9_r2,banana,156,0.971003
FKIT,Y+X2_M9_r2,banana,157,0.976348
FKIT,Y+X2_M9_r2,banana,158,0.971525
FKIT,Y+X2_M9_r2,banana,159,0.971291
FKIT,Y+X2_M9_r2,banana,160,0.974694
FKIT,Y+X2_M9_r2,banana,161,0.975745
FKIT,Y+X2_M9_r2,banana,162,0.977757
FKIT,Y+X2_M9_r2,banana,163,0.974115
FKIT,Y+X2_M9_r2,banana,164,0.975774
FKIT,Y+X2_M9_r2,banana,165,0.975025
FKIT,Y+X2_M9_r2,banana,166,0.976212
FKIT,Y+X2_M9_r2,banana,167,0.974079
FKIT,Y+X2_M9_r2,banana,168,0.974195
FKIT,Y+X2_M9_r2,banana,169,0.974445
FKIT,Y+X2_M9_r2,banana,170,0.972427
FKIT,Y+X2_M9_r2,banana,171,0.975352
FKIT,Y+X2_M9_r2,banana,172,0.976533
FKIT,Y+X2_M9_r2,banana,173,0.975632
FKIT,Y+X2_M9_r2,banana,174,0.974589
FKIT,Y+X2_M9_r2,banana,175,0.973082
FKIT,Y+X2_M9_r2,banana,176,0.973076
FKIT,Y+X2_M9_r2,banana,177,0.976537
FKIT,Y+X2_M9_r2,banana,178,0.976748
FKIT,Y+X2_M9_r2,banana,179,0.974250
FKIT,Y+X2_M9_r2,banana,180,0.976289
FKIT,Y+X2_M9_r2,banana,181,0.975917
FKIT,Y+X2_M9_r2,banana,182,0.978188
FKIT,Y+X2_M9_r2,banana,183,0.976398
FKIT,Y+X2_M9_r2,banana,184,0.976427
FKIT,Y+X2_M9_r2,banana,185,0.977684
FKIT,Y+X2_M9_r2,banana,186,0.977693
FKIT,Y+X2_M9_r2,banana,187,0.976325
FKIT,Y+X2_M9_r2,banana,188,0.976775
FKIT,Y+X2_M9_r2,banana,189,0.976678
FKIT,Y+X2_M9_r2,banana,190,0.978036
FKIT,Y+X2_M9_r2,banana,191,0.977479
FKIT,Y+X2_M9_r2,banana,192,0.978217
FKIT,Y+X2_M9_r2,banana,193,0.975604
FKIT,Y+X2_M9_r2,banana,194,0.974971
FKIT,Y+X2_M9_r2,banana,195,0.978935
FKIT,Y+X2_M9_r2,banana,196,0.978842
FKIT,Y+X2_M9_r2,banana,197,0.975779
FKIT,Y+X2_M9_r2,banana,198,0.973039
FKIT,Y+X2_M9_r2,banana,199,0.975088
FKIT,Y+X2_M9_r2,banana,200,0.975720
FKIT,Y+X2_M9_r2,banana,201,0.973615
FKIT,Y+X2_M9_r2,banana,202,0.973445
FKIT,Y+X2_M9_r2,banana,203,0.974305
FKIT,Y+X2_M9_r2,banana,204,0.975993
FKIT,Y+X2_M9_r2,banana,205,0.976828
FKIT,Y+X2_M9_r2,banana,206,0.978456
FKIT,Y+X2_M9_r2,banana,207,0.975413
FKIT,Y+X2_M9_r2,banana,208,0.972170
FKIT,Y+X2_M9_r2,banana,209,0.975695
FKIT,Y+X2_M9_r2,banana,210,0.976346
FKIT,Y+X2_M9_r2,banana,211,0.974792
FKIT,Y+X2_M9_r2,banana,212,0.975075
FKIT,Y+X2_M9_r2,banana,213,0.974921
FKIT,Y+X2_M9_r2,banana,214,0.974530
FKIT,Y+X2_M9_r2,banana,215,0.977156
FKIT,Y+X2_M9_r2,banana,216,0.973178
FKIT,Y+X2_M9_r2,banana,217,0.977806
FKIT,Y+X2_M9_r2,banana,218,0.976434
FKIT,Y+X2_M9_r2,banana,219,0.976513
FKIT,Y+X2_M9_r2,banana,220,0.974617
FKIT,Y+X2_M9_r2,banana,221,0.974730
FKIT,Y+X2_M9_r2,banana,222,0.975338
FKIT,Y+X2_M9_r2,banana,223,0.980299
FKIT,Y+X2_M9_r2,banana,224,0.979934
FKIT,Y+X2_M9_r2,banana,225,0.979923
FKIT,Y+X2_M9_r2,banana,226,0.977251
FKIT,Y+X2_M9_r2,banana,227,0.975521
FKIT,Y+X2_M9_r2,banana,228,0.977511
FKIT,Y+X2_M9_r2,banana,229,0.974654
FKIT,Y+X2_M9_r2,banana,230,0.975627
FKIT,Y+X2_M9_r2,banana,231,0.976291
FKIT,Y+X2_M9_r2,banana,232,0.975940
FKIT,Y+X2_M9_r2,banana,233,0.972810
FKIT,Y+X2_M9_r2,banana,234,0.975919
FKIT,Y+X2_M9_r2,banana,235,0.969143
FKIT,Y+X2_M9_r2,banana,236,0.971033
FKIT,Y+X2_M9_r2,banana,237,0.966208
FKIT,Y+X2_M9_r2,banana,238,0.970712
FKIT,Y+X2_M9_r2,banana,239,0.965894
FKIT,Y+X2_M9_r2,banana,240,0.966287
FKIT,Y+X2_M9_r2,banana,241,0.970446
FKIT,Y+X2_M9_r2,banana,242,0.974626
FKIT,Y+X2_M9_r2,banana,243,0.969878
FKIT,Y+X2_M9_r2,banana,244,0.972753
FKIT,Y+X2_M9_r2,banana,245,0.972151
FKIT,Y+X2_M9_r2,banana,246,0.971670
FKIT,Y+X2_M9_r2,banana,247,0.949559
FKIT,Y+X2_M9_r2,banana,248,0.971531
FKIT,Y+X2_M9_r2,banana,249,0.971110
FKIT,Y+X2_M9_r2,banana,250,0.970767
FKIT,Y+X2_M9_r2,banana,251,0.970925
FKIT,Y+X2_M9_r2,banana,252,0.971199
FKIT,Y+X2_M9_r2,banana,253,0.967054
FKIT,Y+X2_M9_r2,banana,254,0.971675
FKIT,Y+X2_M9_r2,banana,255,0.966985
FKIT,Y+X2_M9_r2,banana,256,0.967768
FKIT,Y+X2_M9_r2,banana,257,0.963495
FKIT,Y+X2_M9_r2,banana,258,0.967549
FKIT,Y+X2_M9_r2,banana,259,0.969966
FKIT,Y+X2_M9_r2,banana,260,0.963498
FKIT,Y+X2_M9_r2,banana,261,0.963529
FKIT,Y+X2_M9_r2,banana,262,0.961363
FKIT,Y+X2_M9_r2,banana,263,0.958354
FKIT,Y+X2_M9_r2,banana,264,0.961624
FKIT,Y+X2_M9_r2,banana,265,0.960832
FKIT,Y+X2_M9_r2,banana,266,0.959089
FKIT,Y+X2_M9_r2,banana,267,0.915665
FKIT,Y+X2_M9_r2,banana,268,0.954923
FKIT,Y+X2_M9_r2,banana,269,0.957602
FKIT,Y+X2_M9_r2,banana,270,0.959439
FKIT,Y+X2_M9_r2,banana,271,0.959381
FKIT,Y+X2_M9_r2,banana,272,0.950537
FKIT,Y+X2_M9_r2,banana,273,0.955311
FKIT,Y+X2_M9_r2,banana,274,0.956500
FKIT,Y+X2_M9_r2,banana,275,0.956144
FKIT,Y+X2_M9_r2,banana,276,0.956707
FKIT,Y+X2_M9_r2,banana,277,0.955989
FKIT,Y+X2_M9_r2,banana,278,0.956830
FKIT,Y+X2_M9_r2,banana,279,0.958177
FKIT,Y+X2_M9_r2,banana,280,0.956317
FKIT,Y+X2_M9_r2,banana,281,0.956182
FKIT,Y+X2_M9_r2,banana,282,0.959389
FKIT,Y+X2_M9_r2,banana,283,0.955732
FKIT,Y+X2_M9_r2,banana,284,0.957445
FKIT,Y+X2_M9_r2,banana,285,0.000000
FKIT,Y+X2_M9_r2,banana,286,0.955263
FKIT,Y+X2_M9_r2,banana,287,0.957257
FKIT,Y+X2_M9_r2,banana,288,0.958267
FKIT,Y+X2_M9_r2,banana,289,0.956127
FKIT,Y+X2_M9_r2,banana,290,0.953030
FKIT,Y+X2_M9_r2,banana,291,0.953344
FKIT,Y+X2_M9_r2,banana,292,0.952172
FKIT,Y+X2_M9_r2,banana,293,0.953060
FKIT,Y+X2_M9_r2,banana,294,0.953533
FKIT,Y+X2_M9_r2,banana,295,0.955529
FKIT,Y+X2_M9_r2,banana,296,0.955730
FKIT,Y+X2_M9_r2,banana,297,0.951253
FKIT,Y+X2_M9_r2,banana,298,0.953134
FKIT,Y+X2_M9_r2,banana,299,0.951589
FKIT,Y+X2_M9_r2,banana,300,0.955735
FKIT,Y+X2_M9_r2,banana,301,0.955105
FKIT,Y+X2_M9_r2,banana,302,0.956630
FKIT,Y+X2_M9_r2,banana,303,0.949418
FKIT,Y+X2_M9_r2,banana,304,0.951575
FKIT,Y+X2_M9_r2,banana,305,0.953842
FKIT,Y+X2_M9_r2,banana,306,0.959323
FKIT,Y+X2_M9_r2,banana,307,0.955064
FKIT,Y+X2_M9_r2,banana,308,0.954529
FKIT,Y+X2_M9_r2,banana,309,0.954975
FKIT,Y+X2_M9_r2,banana,310,0.956282
FKIT,Y+X2_M9_r2,banana,311,0.956868
FKIT,Y+X2_M9_r2,banana,312,0.957116
FKIT,Y+X2_M9_r2,banana,313,0.959621
FKIT,Y+X2_M9_r2,banana,314,0.959233
FKIT,Y+X2_M9_r2,banana,315,0.951180
FKIT,Y+X2_M9_r2,banana,316,0.958817
FKIT,Y+X2_M9_r2,banana,317,0.959912
FKIT,Y+X2_M9_r2,banana,318,0.960369
FKIT,Y+X2_M9_r2,banana,319,0.961260
FKIT,Y+X2_M9_r2,banana,320,0.960078
FKIT,Y+X2_M9_r2,banana,321,0.960898
FKIT,Y+X2_M9_r2,banana,322,0.959041
FKIT,Y+X2_M9_r2,banana,323,0.960953
FKIT,Y+X2_M9_r2,banana,324,0.957992
FKIT,Y+X2_M9_r2,banana,325,0.953108
FKIT,Y+X2_M9_r2,banana,326,0.961329
FKIT,Y+X2_M9_r2,banana,327,0.962927
FKIT,Y+X2_M9_r2,banana,328,0.964127
FKIT,Y+X2_M9_r2,banana,329,0.960210
FKIT,Y+X2_M9_r2,banana,330,0.963169
FKIT,Y+X2_M9_r2,banana,331,0.965336
FKIT,Y+X2_M9_r2,banana,332,0.964499
FKIT,Y+X2_M9_r2,banana,333,0.965006
FKIT,Y+X2_M9_r2,banana,334,0.964564
FKIT,Y+X2_M9_r2,banana,335,0.964983
FKIT,Y+X2_M9_r2,banana,336,0.968484
FKIT,Y+X2_M9_r2,banana,337,0.969219
FKIT,Y+X2_M9_r2,banana,338,0.973520
FKIT,Y+X2_M9_r2,banana,339,0.974663
FKIT,Y+X2_M9_r2,banana,340,0.975996
FKIT,Y+X2_M9_r2,banana,341,0.974489
FKIT,Y+X2_M9_r2,banana,342,0.975958
FKIT,Y+X2_M9_r2,banana,343,0.976727
FKIT,Y+X2_M9_r2,banana,344,0.976305
FKIT,Y+X2_M9_r2,banana,345,0.965944
FKIT,Y+X2_M9_r2,banana,346,0.975212
FKIT,Y+X2_M9_r2,banana,347,0.974443
FKIT,Y+X2_M9_r2,banana,348,0.968174
FKIT,Y+X2_M9_r2,banana,349,0.970597
FKIT,Y+X2_M9_r2,banana,350,0.967320
FKIT,Y+X2_M9_r2,banana,351,0.964711
FKIT,Y+X2_M9_r2,banana,352,0.964506
FKIT,Y+X2_M9_r2,banana,353,0.963450
FKIT,Y+X2_M9_r2,banana,354,0.968434
FKIT,Y+X2_M9_r2,banana,355,0.964675
FKIT,Y+X2_M9_r2,banana,356,0.963587
FKIT,Y+X2_M9_r2,banana,357,0.959873
FKIT,Y+X2_M9_r2,banana,358,0.963486
FKIT,Y+X2_M9_r2,banana,359,0.965842
FKIT,Y+X2_M9_r2,banana,360,0.963791
FKIT,Y+X2_M9_r2,banana,361,0.966602
FKIT,Y+X2_M9_r2,banana,362,0.960387
FKIT,Y+X2_M9_r2,banana,363,0.961203
FKIT,Y+X2_M9_r2,banana,364,0.960956
FKIT,Y+X2_M9_r2,banana,365,0.959068
FKIT,Y+X2_M9_r2,banana,366,0.960406
FKIT,Y+X2_M9_r2,banana,367,0.961015
FKIT,Y+X2_M9_r2,banana,368,0.961914
FKIT,Y+X2_M9_r2,banana,369,0.962756
FKIT,Y+X2_M9_r2,banana,370,0.961967
FKIT,Y+X2_M9_r2,banana,371,0.958883
FKIT,Y+X2_M9_r2,banana,372,0.957620
FKIT,Y+X2_M9_r2,banana,373,0.957919
FKIT,Y+X2_M9_r2,banana,374,0.960372
FKIT,Y+X2_M9_r2,banana,375,0.965799
FKIT,Y+X2_M9_r2,banana,376,0.957820
FKIT,Y+X2_M9_r2,banana,377,0.960720
FKIT,Y+X2_M9_r2,banana,378,0.960548
FKIT,Y+X2_M9_r2,banana,379,0.968251
FKIT,Y+X2_M9_r2,banana,380,0.964580
FKIT,Y+X2_M9_r2,banana,381,0.963819
FKIT,Y+X2_M9_r2,banana,382,0.959596
FKIT,Y+X2_M9_r2,banana,383,0.954241
FKIT,Y+X2_M9_r2,banana,384,0.925016
FKIT,Y+X2_M9_r2,banana,385,0.894416
FKIT,Y+X2_M9_r2,banana,386,0.874870
FKIT,Y+X2_M9_r2,banana,387,0.859242
FKIT,Y+X2_M9_r2,banana,388,0.824816
FKIT,Y+X2_M9_r2,banana,389,0.753896
FKIT,Y+X2_M9_r2,banana,390,0.685051
FKIT,Y+X2_M9_r2,banana,391,0.651433
FKIT,Y+X2_M9_r2,banana,392,0.633261
FKIT,Y+X2_M9_r2,banana,393,0.607119
FKIT,Y+X2_M9_r2,banana,394,0.566245
FKIT,Y+X2_M9_r2,banana,395,0.576593
FKIT,Y+X2_M9_r2,banana,396,0.575670
FKIT,Y+X2_M9_r2,banana,397,0.571039
FKIT,Y+X2_M9_r2,banana,398,0.576849
FKIT,Y+X2_M9_r2,banana,399,0.575458
FKIT,Y+X2_M9_r2,banana,400,0.581344
FKIT,Y+X2_M9_r2,banana,401,0.584190
FKIT,Y+X2_M9_r2,banana,402,0.589142
FKIT,Y+X2_M9_r2,banana,403,0.584066
FKIT,Y+X2_M9_r2,banana,404,0.588781
FKIT,Y+X2_M9_r2,banana,405,0.589198
FKIT,Y+X2_M9_r2,banana,406,0.593745
FKIT,Y+X2_M9_r2,banana,407,0.578719
FKIT,Y+X2_M9_r2,banana,408,0.582757
FKIT,Y+X2_M9_r2,banana,409,0.584531
FKIT,Y+X2_M9_r2,banana,410,0.583234
FKIT,Y+X2_M9_r2,banana,411,0.584853
FKIT,Y+X2_M9_r2,banana,412,0.584242
FKIT,Y+X2_M9_r2,banana,413,0.588099
FKIT,Y+X2_M9_r2,banana,414,0.593849
FKIT,Y+X2_M9_r2,banana,415,0.592113
FKIT,Y+X2_M9_r2,banana,416,0.595068
FKIT,Y+X2_M9_r2,banana,417,0.596428
FKIT,Y+X2_M9_r2,banana,418,0.596014
FKIT,Y+X2_M9_r2,banana,419,0.603747
FKIT,Y+X2_M9_r2,banana,420,0.609151
FKIT,Y+X2_M9_r2,banana,421,0.623016
FKIT,Y+X2_M9_r2,banana,422,0.618866
FKIT,Y+X2_M9_r2,banana,423,0.619556
FKIT,Y+X2_M9_r2,banana,424,0.625995
FKIT,Y+X2_M9_r2,banana,425,0.616928
FKIT,Y+X2_M9_r2,banana,426,0.618550
FKIT,Y+X2_M9_r2,banana,427,0.617178
FKIT,Y+X2_M9_r2,banana,428,0.609236
FKIT,Y+X2_M9_r2,banana,429,0.619121
FKIT,Y+X2_M9_r2,banana,430,0.617841
FKIT,Y+X2_M9_r2,banana,431,0.611217
FKIT,Y+X2_M9_r2,banana,432,0.616689
FKIT,Y+X2_M9_r2,banana,433,0.610498
FKIT,Y+X2_M9_r2,banana,434,0.604483
FKIT,Y+X2_M9_r2,banana,435,0.605741
FKIT,Y+X2_M9_r2,banana,436,0.603836
FKIT,Y+X2_M9_r2,banana,437,0.000000
FKIT,Y+X2_M9_r2,banana,438,0.601036
FKIT,Y+X2_M9_r2,banana,439,0.000000
FKIT,Y+X2_M9_r2,banana,440,0.589924
FKIT,Y+X2_M9_r2,banana,441,0.602761
FKIT,Y+X2_M9_r2,banana,442,0.581461
FKIT,Y+X2_M9_r2,banana,443,0.590602
FKIT,Y+X2_M9_r2,banana,444,0.585413
FKIT,Y+X2_M9_r2,banana,445,0.577520
FKIT,Y+X2_M9_r2,banana,446,0.572563
FKIT,Y+X2_M9_r2,banana,447,0.571048
FKIT,Y+X2_M9_r2,banana,448,0.568106
FKIT,Y+X2_M9_r2,banana,449,0.561684
FKIT,Y+X2_M9_r2,banana,450,0.546481
FKIT,Y+X2_M9_r2,banana,451,0.539080
FKIT,Y+X2_M9_r2,banana,452,0.541001
FKIT,Y+X2_M9_r2,banana,453,0.528370
FKIT,Y+X2_M9_r2,banana,454,0.525824
FKIT,Y+X2_M9_r2,banana,455,0.515101
FKIT,Y+X2_M9_r2,banana,456,0.513080
FKIT,Y+X2_M9_r2,banana,457,0.510518
FKIT,Y+X2_M9_r2,banana,458,0.498532
FKIT,Y+X2_M9_r2,banana,459,0.497616
FKIT,Y+X2_M9_r2,banana,460,0.495274
FKIT,Y+X2_M9_r2,banana,461,0.494255
FKIT,Y+X2_M9_r2,banana,462,0.499093
FKIT,Y+X2_M9_r2,banana,463,0.507625
FKIT,Y+X2_M9_r2,banana,464,0.511676
FKIT,Y+X2_M9_r2,banana,465,0.504268
FKIT,Y+X2_M9_r2,banana,466,0.502916
FKIT,Y+X2_M9_r2,banana,467,0.518592
FKIT,Y+X2_M9_r2,banana,468,0.536978
FKIT,Y+X2_M9_r2,banana,469,0.570380
FKIT,Y+X2_M9_r2,banana,470,0.587393
FKIT,Y+X2_M9_r2,banana,471,0.647373
FKIT,Y+X2_M9_r2,banana,472,0.724404
FKIT,Y+X2_M9_r2,banana,473,0.752347
FKIT,Y+X2_M9_r2,banana,474,0.798239
FKIT,Y+X2_M9_r2,banana,475,0.936044
FKIT,Y+X2_M9_r2,banana,476,0.972589
FKIT,Y+X2_M9_r2,banana,477,0.972995
FKIT,Y+X2_M9_r2,banana,478,0.972193
FKIT,Y+X2_M9_r2,banana,479,0.974452
FKIT,Y+X2_M9_r2,banana,480,0.975578
FKIT,Y+X2_M9_r2,banana,481,0.971855
FKIT,Y+X2_M9_r2,banana,482,0.970935
FKIT,Y+X2_M9_r2,banana,483,0.970851
FKIT,Y+X2_M9_r2,banana,484,0.974737
FKIT,Y+X2_M9_r2,banana,485,0.973712
FKIT,Y+X2_M9_r2,banana,486,0.971763
FKIT,Y+X2_M9_r2,banana,487,0.976427
FKIT,Y+X2_M9_r2,banana,488,0.976336
FKIT,Y+X2_M9_r2,banana,489,0.974204
FKIT,Y+X2_M9_r2,banana,490,0.975728
FKIT,Y+X2_M9_r2,banana,491,0.973261
FKIT,Y+X2_M9_r2,banana,492,0.976118
FKIT,Y+X2_M9_r2,banana,493,0.974608
FKIT,Y+X2_M9_r2,banana,494,0.975679
FKIT,Y+X2_M9_r2,banana,495,0.974623
FKIT,Y+X2_M9_r2,banana,496,0.977352
FKIT,Y+X2_M9_r2,banana,497,0.977219
FKIT,Y+X2_M9_r2,banana,498,0.976571
FKIT,Y+X2_M9_r2,banana,499,0.976422
FKIT,Y+X2_M9_r2,banana,500,0.974810
FKIT,Y+X2_M9_r2,banana,501,0.974852
FKIT,Y+X2_M9_r2,banana,502,0.973342
FKIT,Y+X2_M9_r2,banana,503,0.973355
FKIT,Y+X2_M9_r2,banana,504,0.975790
FKIT,Y+X2_M9_r2,banana,505,0.975940
FKIT,Y+X2_M9_r2,banana,506,0.976378
FKIT,Y+X2_M9_r2,banana,507,0.978467
FKIT,Y+X2_M9_r2,banana,508,0.974105
FKIT,Y+X2_M9_r2,banana,509,0.974784
FKIT,Y+X2_M9_r2,banana,510,0.973790
FKIT,Y+X2_M9_r2,banana,511,0.976534
FKIT,Y+X2_M9_r2,banana,512,0.976340
FKIT,Y+X2_M9_r2,banana,513,0.975589
FKIT,Y+X2_M9_r2,banana,514,0.974638
FKIT,Y+X2_M9_r2,banana,515,0.974101
FKIT,Y+X2_M9_r2,banana,516,0.970973
FKIT,Y+X2_M9_r2,banana,517,0.969765
FKIT,Y+X2_M9_r2,banana,518,0.971374
FKIT,Y+X2_M9_r2,banana,519,0.969406
FKIT,Y+X2_M9_r2,banana,520,0.972842
FKIT,Y+X2_M9_r2,banana,521,0.971014
FKIT,Y+X2_M9_r2,banana,522,0.972592
FKIT,Y+X2_M9_r2,banana,523,0.971630
FKIT,Y+X2_M9_r2,banana,524,0.971578
FKIT,Y+X2_M9_r2,banana,525,0.971033
FKIT,Y+X2_M9_r2,banana,526,0.969829
FKIT,Y+X2_M9_r2,banana,527,0.970152
FKIT,Y+X2_M9_r2,banana,528,0.970218
FKIT,Y+X2_M9_r2,banana,529,0.969286
FKIT,Y+X2_M9_r2,banana,530,0.967364
FKIT,Y+X2_M9_r2,banana,531,0.971064
FKIT,Y+X2_M9_r2,banana,532,0.968958
FKIT,Y+X2_M9_r2,banana,533,0.971387
FKIT,Y+X2_M9_r2,banana,534,0.969007
FKIT,Y+X2_M9_r2,banana,535,0.970396
FKIT,Y+X2_M9_r2,banana,536,0.970279
FKIT,Y+X2_M9_r2,banana,537,0.969859
FKIT,Y+X2_M9_r2,banana,538,0.967671
FKIT,Y+X2_M9_r2,banana,539,0.968774
FKIT,Y+X2_M9_r2,banana,540,0.967852
FKIT,Y+X2_M9_r2,banana,541,0.967969
FKIT,Y+X2_M9_r2,banana,542,0.968777
FKIT,Y+X2_M9_r2,banana,543,0.968081
FKIT,Y+X2_M9_r2,banana,544,0.967032
FKIT,Y+X2_M9_r2,banana,545,0.966278
FKIT,Y+X2_M9_r2,banana,546,0.964996
FKIT,Y+X2_M9_r2,banana,547,0.964976
FKIT,Y+X2_M9_r2,banana,548,0.966445
FKIT,Y+X2_M9_r2,banana,549,0.965335
FKIT,Y+X2_M9_r2,banana,550,0.965544
FKIT,Y+X2_M9_r2,banana,551,0.965334
FKIT,Y+X2_M9_r2,banana,552,0.965337
FKIT,Y+X2_M9_r2,banana,553,0.967621
FKIT,Y+X2_M9_r2,banana,554,0.966392
FKIT,Y+X2_M9_r2,banana,555,0.964367
FKIT,Y+X2_M9_r2,banana,556,0.965250
FKIT,Y+X2_M9_r2,banana,557,0.967734
FKIT,Y+X2_M9_r2,banana,558,0.965844
FKIT,Y+X2_M9_r2,banana,559,0.967224
FKIT,Y+X2_M9_r2,banana,560,0.966895
FKIT,Y+X2_M9_r2,banana,561,0.964643
FKIT,Y+X2_M9_r2,banana,562,0.966903
FKIT,Y+X2_M9_r2,banana,563,0.968890
FKIT,Y+X2_M9_r2,banana,564,0.965877
FKIT,Y+X2_M9_r2,banana,565,0.966990
FKIT,Y+X2_M9_r2,banana,566,0.967360
FKIT,Y+X2_M9_r2,banana,567,0.963064
FKIT,Y+X2_M9_r2,banana,568,0.963621
FKIT,Y+X2_M9_r2,banana,569,0.964596
FKIT,Y+X2_M9_r2,banana,570,0.965541
FKIT,Y+X2_M9_r2,banana,571,0.965263
FKIT,Y+X2_M9_r2,banana,572,0.965574
FKIT,Y+X2_M9_r2,banana,573,0.968103
FKIT,Y+X2_M9_r2,banana,574,0.963942
FKIT,Y+X2_M9_r2,banana,575,0.963362
FKIT,Y+X2_M9_r2,banana,576,0.965009
FKIT,Y+X2_M9_r2,banana,577,0.963799
FKIT,Y+X2_M9_r2,banana,578,0.963877
FKIT,Y+X2_M9_r2,banana,579,0.962022
FKIT,Y+X2_M9_r2,banana,580,0.965077
FKIT,Y+X2_M9_r2,banana,581,0.965425
FKIT,Y+X2_M9_r2,banana,582,0.963785
FKIT,Y+X2_M9_r2,banana,583,0.964457
FKIT,Y+X2_M9_r2,banana,584,0.964210
FKIT,Y+X2_M9_r2,banana,585,0.963146
FKIT,Y+X2_M9_r2,banana,586,0.962786
FKIT,Y+X2_M9_r2,banana,587,0.962421
FKIT,Y+X2_M9_r2,banana,588,0.960292
FKIT,Y+X2_M9_r2,banana,589,0.960855
FKIT,Y+X2_M9_r2,banana,590,0.964361
FKIT,Y+X2_M9_r2,banana,591,0.963041
FKIT,Y+X2_M9_r2,banana,592,0.963042
FKIT,Y+X2_M9_r2,banana,593,0.960058
FKIT,Y+X2_M9_r2,banana,594,0.961065
FKIT,Y+X2_M9_r2,banana,595,0.955197
FKIT,Y+X2_M9_r2,banana,596,0.958450
FKIT,Y+X2_M9_r2,banana,597,0.960582
FKIT,Y+X2_M9_r2,banana,598,0.961505
FKIT,Y+X2_M9_r2,banana,599,0.961115
FKIT,Y+X2_M9_r2,banana,600,0.962300
FKIT,Y+X2_M9_r2,banana,601,0.961607
FKIT,Y+X2_M9_r2,banana,602,0.963594
FKIT,Y+X2_M9_r2,banana,603,0.966759
FKIT,Y+X2_M9_r2,banana,604,0.964847
FKIT,Y+X2_M9_r2,banana,605,0.961165
FKIT,Y+X2_M9_r2,banana,606,0.961165
FKIT,Y+X2_M9_r2,banana,607,0.962020
FKIT,Y+X2_M9_r2,banana,608,0.963528
FKIT,Y+X2_M9_r2,banana,609,0.961867
FKIT,Y+X2_M9_r2,banana,610,0.961496
FKIT,Y+X2_M9_r2,banana,611,0.958128
FKIT,Y+X2_M9_r2,banana,612,0.963197
FKIT,Y+X2_M9_r2,banana,613,0.962566
FKIT,Y+X2_M9_r2,banana,614,0.962729
FKIT,Y+X2_M9_r2,banana,615,0.965859
FKIT,Y+X2_M9_r2,banana,616,0.964258
FKIT,Y+X2_M9_r2,banana,617,0.963209
FKIT,Y+X2_M9_r2,banana,618,0.965431
FKIT,Y+X2_M9_r2,banana,619,0.964960
FKIT,Y+X2_M9_r2,banana,620,0.963626
FKIT,Y+X2_M9_r2,banana,621,0.962490
FKIT,Y+X2_M9_r2,banana,622,0.963409
FKIT,Y+X2_M9_r2,banana,623,0.965984
FKIT,Y+X2_M9_r2,banana,624,0.969408
FKIT,Y+X2_M9_r2,banana,625,0.965443
FKIT,Y+X2_M9_r2,banana,626,0.963434
FKIT,Y+X2_M9_r2,banana,627,0.964348
FKIT,Y+X2_M9_r2,banana,628,0.963345
FKIT,Y+X2_M9_r2,banana,629,0.964538
FKIT,Y+X2_M9_r2,banana,630,0.964892
FKIT,Y+X2_M9_r2,banana,631,0.967348
FKIT,Y+X2_M9_r2,banana,632,0.965254
FKIT,Y+X2_M9_r2,banana,633,0.960767
FKIT,Y+X2_M9_r2,banana,634,0.963563
FKIT,Y+X2_M9_r2,banana,635,0.962856
FKIT,Y+X2_M9_r2,banana,636,0.963981
FKIT,Y+X2_M9_r2,banana,637,0.967287
FKIT,Y+X2_M9_r2,banana,638,0.965420
FKIT,Y+X2_M9_r2,banana,639,0.962950
FKIT,Y+X2_M9_r2,banana,640,0.963153
FKIT,Y+X2_M9_r2,banana,641,0.960284
FKIT,Y+X2_M9_r2,banana,642,0.958315
FKIT,Y+X2_M9_r2,banana,643,0.959213
FKIT,Y+X2_M9_r2,banana,644,0.960717
FKIT,Y+X2_M9_r2,banana,645,0.963188
FKIT,Y+X2_M9_r2,banana,646,0.959803
FKIT,Y+X2_M9_r2,banana,647,0.964005
FKIT,Y+X2_M9_r2,banana,648,0.960786
FKIT,Y+X2_M9_r2,banana,649,0.960302
FKIT,Y+X2_M9_r2,banana,650,0.960333
FKIT,Y+X2_M9_r2,banana,651,0.956709
FKIT,Y+X2_M9_r2,banana,652,0.954169
FKIT,Y+X2_M9_r2,banana,653,0.960718
FKIT,Y+X2_M9_r2,banana,654,0.960177
FKIT,Y+X2_M9_r2,banana,655,0.957860
FKIT,Y+X2_M9_r2,banana,656,0.957588
FKIT,Y+X2_M9_r2,banana,657,0.956454
FKIT,Y+X2_M9_r2,banana,658,0.957891
FKIT,Y+X2_M9_r2,banana,659,0.960146
FKIT,Y+X2_M9_r2,banana,660,0.955445
FKIT,Y+X2_M9_r2,banana,661,0.960207
FKIT,Y+X2_M9_r2,banana,662,0.961015
FKIT,Y+X2_M9_r2,banana,663,0.956856
FKIT,Y+X2_M9_r2,banana,664,0.953358
FKIT,Y+X2_M9_r2,banana,665,0.950379
FKIT,Y+X2_M9_r2,banana,666,0.952497
FKIT,Y+X2_M9_r2,banana,667,0.953547
FKIT,Y+X2_M9_r2,banana,668,0.953296
FKIT,Y+X2_M9_r2,banana,669,0.957134
FKIT,Y+X2_M9_r2,banana,670,0.957743
FKIT,Y+X2_M9_r2,banana,671,0.956371
FKIT,Y+X2_M9_r2,banana,672,0.950355
FKIT,Y+X2_M9_r2,banana,673,0.962315
FKIT,Y+X2_M9_r2,banana,674,0.958883
FKIT,Y+X2_M9_r2,banana,675,0.954732
FKIT,Y+X2_M9_r2,banana,676,0.959549
FKIT,Y+X2_M9_r2,banana,677,0.958655
FKIT,Y+X2_M9_r2,banana,678,0.956444
FKIT,Y+X2_M9_r2,banana,679,0.955504
FKIT,Y+X2_M9_r2,banana,680,0.958506
FKIT,Y+X2_M9_r2,banana,681,0.954200
FKIT,Y+X2_M9_r2,banana,682,0.957529
FKIT,Y+X2_M9_r2,banana,683,0.961411
FKIT,Y+X2_M9_r2,banana,684,0.958343
FKIT,Y+X2_M9_r2,banana,685,0.958330
FKIT,Y+X2_M9_r2,banana,686,0.957943
FKIT,Y+X2_M9_r2,banana,687,0.955316
FKIT,Y+X2_M9_r2,banana,688,0.960302
FKIT,Y+X2_M9_r2,banana,689,0.963785
FKIT,Y+X2_M9_r2,banana,690,0.961415
FKIT,Y+X2_M9_r2,banana,691,0.959897
FKIT,Y+X2_M9_r2,banana,692,0.963332
FKIT,Y+X2_M9_r2,banana,693,0.957282
FKIT,Y+X2_M9_r2,banana,694,0.953832
FKIT,Y+X2_M9_r2,banana,695,0.954896
FKIT,Y+X2_M9_r2,banana,696,0.957044
FKIT,Y+X2_M9_r2,banana,697,0.960962
FKIT,Y+X2_M9_r2,banana,698,0.949362
FKIT,Y+X2_M9_r2,banana,699,0.947706
FKIT,Y+X2_M9_r2,banana,700,0.949034
FKIT,Y+X2_M9_r2,banana,701,0.954046
FKIT,Y+X2_M9_r2,banana,702,0.946777
FKIT,Y+X2_M9_r2,banana,703,0.947754
FKIT,Y+X2_M9_r2,banana,704,0.941762
FKIT,Y+X2_M9_r2,banana,705,0.937885
FKIT,Y+X2_M9_r2,banana,706,0.940080
FKIT,Y+X2_M9_r2,banana,707,0.927190
FKIT,Y+X2_M9_r2,banana,708,0.937520
FKIT,Y+X2_M9_r2,banana,709,0.944713
FKIT,Y+X2_M9_r2,banana,710,0.942215
FKIT,Y+X2_M9_r2,banana,711,0.938518
FKIT,Y+X2_M9_r2,banana,712,0.938400
FKIT,Y+X2_M9_r2,banana,713,0.935608
FKIT,Y+X2_M9_r2,banana,714,0.936696
FKIT,Y+X2_M9_r2,banana,715,0.934747
FKIT,Y+X2_M9_r2,banana,716,0.937406
FKIT,Y+X2_M9_r2,banana,717,0.937351
FKIT,Y+X2_M9_r2,banana,718,0.936162
FKIT,Y+X2_M9_r2,banana,719,0.938785
FKIT,Y+X2_M9_r2,banana,720,0.948861
FKIT,Y+X2_M9_r2,banana,721,0.948040
FKIT,Y+X2_M9_r2,banana,722,0.945252
FKIT,Y+X2_M9_r2,banana,723,0.944171
FKIT,Y+X2_M9_r2,banana,724,0.939501
FKIT,Y+X2_M9_r2,banana,725,0.942194
FKIT,Y+X2_M9_r2,banana,726,0.943878
FKIT,Y+X2_M9_r2,banana,727,0.943063
FKIT,Y+X2_M9_r2,banana,728,0.942284
FKIT,Y+X2_M9_r2,banana,729,0.942413
FKIT,Y+X2_M9_r2,banana,730,0.947497
FKIT,Y+X2_M9_r2,banana,731,0.944769
FKIT,Y+X2_M9_r2,banana,732,0.944420
FKIT,Y+X2_M9_r2,banana,733,0.951025
FKIT,Y+X2_M9_r2,banana,734,0.947426
FKIT,Y+X2_M9_r2,banana,735,0.951342
FKIT,Y+X2_M9_r2,banana,736,0.951854
FKIT,Y+X2_M9_r2,banana,737,0.951218
FKIT,Y+X2_M9_r2,banana,738,0.948850
FKIT,Y+X2_M9_r2,banana,739,0.948410
FKIT,Y+X2_M9_r2,banana,740,0.949787
FKIT,Y+X2_M9_r2,banana,741,0.953464
FKIT,Y+X2_M9_r2,banana,742,0.954848
FKIT,Y+X2_M9_r2,banana,743,0.955771
FKIT,Y+X2_M9_r2,banana,744,0.948888
FKIT,Y+X2_M9_r2,banana,745,0.955251
FKIT,Y+X2_M9_r2,banana,746,0.949667
FKIT,Y+X2_M9_r2,banana,747,0.951928
FKIT,Y+X2_M9_r2,banana,748,0.945008
FKIT,Y+X2_M9_r2,banana,749,0.946491
FKIT,Y+X2_M9_r2,banana,750,0.949673
FKIT,Y+X2_M9_r2,banana,751,0.950404
FKIT,Y+X2_M9_r2,banana,752,0.953096
FKIT,Y+X2_M9_r2,banana,753,0.949366
FKIT,Y+X2_M9_r2,banana,754,0.948977
FKIT,Y+X2_M9_r2,banana,755,0.953588
FKIT,Y+X2_M9_r2,banana,756,0.954850
FKIT,Y+X2_M9_r2,banana,757,0.952943
FKIT,Y+X2_M9_r2,banana,758,0.954371
FKIT,Y+X2_M9_r2,banana,759,0.953389
FKIT,Y+X2_M9_r2,banana,760,0.954694
FKIT,Y+X2_M9_r2,banana,761,0.958480
FKIT,Y+X2_M9_r2,banana,762,0.953748
FKIT,Y+X2_M9_r2,banana,763,0.955236
FKIT,Y+X2_M9_r2,banana,764,0.956573
FKIT,Y+X2_M9_r2,banana,765,0.960471
FKIT,Y+X2_M9_r2,banana,766,0.961093
FKIT,Y+X2_M9_r2,banana,767,0.961783
FKIT,Y+X2_M9_r2,banana,768,0.958820
FKIT,Y+X2_M9_r2,banana,769,0.962639
FKIT,Y+X2_M9_r2,banana,770,0.964817
FKIT,Y+X2_M9_r2,banana,771,0.961791
FKIT,Y+X2_M9_r2,banana,772,0.962718
FKIT,Y+X2_M9_r2,banana,773,0.962227
FKIT,Y+X2_M9_r2,banana,774,0.966450
FKIT,Y+X2_M9_r2,banana,775,0.967618
FKIT,Y+X2_M9_r2,banana,776,0.965054
FKIT,Y+X2_M9_r2,banana,777,0.967178
FKIT,Y+X2_M9_r2,banana,778,0.961815
FKIT,Y+X2_M9_r2,banana,779,0.962947
FKIT,Y+X2_M9_r2,banana,780,0.964766
FKIT,Y+X2_M9_r2,banana,781,0.965881
FKIT,Y+X2_M9_r2,banana,782,0.964355
FKIT,Y+X2_M9_r2,banana,783,0.964004
FKIT,Y+X2_M9_r2,banana,784,0.964304
FKIT,Y+X2_M9_r2,banana,785,0.967372
FKIT,Y+X2_M9_r2,banana,786,0.967021
FKIT,Y+X2_M9_r2,banana,787,0.963051
FKIT,Y+X2_M9_r2,banana,788,0.961535
FKIT,Y+X2_M9_r2,banana,789,0.957057
FKIT,Y+X2_M9_r2,banana,790,0.958198
FKIT,Y+X2_M9_r2,banana,791,0.957740
FKIT,Y+X2_M9_r2,banana,792,0.959115
FKIT,Y+X2_M9_r2,banana,793,0.954891
FKIT,Y+X2_M9_r2,banana,794,0.958500
FKIT,Y+X2_M9_r2,banana,795,0.956032
FKIT,Y+X2_M9_r2,banana,796,0.958309
FKIT,Y+X2_M9_r2,banana,797,0.958063
FKIT,Y+X2_M9_r2,banana,798,0.955289
FKIT,Y+X2_M9_r2,banana,799,0.955605
FKIT,Y+X2_M9_r2,banana,800,0.954057
FKIT,Y+X2_M9_r2,banana,801,0.956053
FKIT,Y+X2_M9_r2,banana,802,0.955294
FKIT,Y+X2_M9_r2,banana,803,0.951741
FKIT,Y+X2_M9_r2,banana,804,0.958250
FKIT,Y+X2_M9_r2,banana,805,0.954515
FKIT,Y+X2_M9_r2,banana,806,0.956646
FKIT,Y+X2_M9_r2,banana,807,0.954871
FKIT,Y+X2_M9_r2,banana,808,0.961940
FKIT,Y+X2_M9_r2,banana,809,0.957437
FKIT,Y+X2_M9_r2,banana,810,0.956272
FKIT,Y+X2_M9_r2,banana,811,0.959821
FKIT,Y+X2_M9_r2,banana,812,0.959180
FKIT,Y+X2_M9_r2,banana,813,0.959415
FKIT,Y+X2_M9_r2,banana,814,0.966642
FKIT,Y+X2_M9_r2,banana,815,0.962484
FKIT,Y+X2_M9_r2,banana,816,0.962601
FKIT,Y+X2_M9_r2,banana,817,0.963735
FKIT,Y+X2_M9_r2,banana,818,0.960249
FKIT,Y+X2_M9_r2,banana,819,0.963824
FKIT,Y+X2_M9_r2,banana,820,0.960915
FKIT,Y+X2_M9_r2,banana,821,0.957081
FKIT,Y+X2_M9_r2,banana,822,0.959446
FKIT,Y+X2_M9_r2,banana,823,0.964016
FKIT,Y+X2_M9_r2,banana,824,0.963295
FKIT,Y+X2_M9_r2,banana,825,0.964241
FKIT,Y+X2_M9_r2,banana,826,0.966385
FKIT,Y+X2_M9_r2,banana,827,0.963212
FKIT,Y+X2_M9_r2,banana,828,0.966801
FKIT,Y+X2_M9_r2,banana,829,0.965269
FKIT,Y+X2_M9_r2,banana,830,0.960208
FKIT,Y+X2_M9_r2,banana,831,0.963700
FKIT,Y+X2_M9_r2,banana,832,0.962010
FKIT,Y+X2_M9_r2,banana,833,0.964909
FKIT,Y+X2_M9_r2,banana,834,0.961188
FKIT,Y+X2_M9_r2,banana,835,0.959701
FKIT,Y+X2_M9_r2,banana,836,0.965882
FKIT,Y+X2_M9_r2,banana,837,0.964099
FKIT,Y+X2_M9_r2,banana,838,0.964210
FKIT,Y+X2_M9_r2,banana,839,0.960488
FKIT,Y+X2_M9_r2,banana,840,0.964970
FKIT,Y+X2_M9_r2,banana,841,0.959416
FKIT,Y+X2_M9_r2,banana,842,0.963709
FKIT,Y+X2_M9_r2,banana,843,0.964705
FKIT,Y+X2_M9_r2,banana,844,0.963688
FKIT,Y+X2_M9_r2,banana,845,0.966651
FKIT,Y+X2_M9_r2,banana,846,0.965136
FKIT,Y+X2_M9_r2,banana,847,0.964897
FKIT,Y+X2_M9_r2,banana,848,0.964800
FKIT,Y+X2_M9_r2,banana,849,0.968067
FKIT,Y+X2_M9_r2,banana,850,0.964637
FKIT,Y+X2_M9_r2,banana,851,0.966641
FKIT,Y+X2_M9_r2,banana,852,0.960089
FKIT,Y+X2_M9_r2,banana,853,0.962586
FKIT,Y+X2_M9_r2,banana,854,0.965812
FKIT,Y+X2_M9_r2,banana,855,0.967024
FKIT,Y+X2_M9_r2,banana,856,0.967273
FKIT,Y+X2_M9_r2,banana,857,0.962623
FKIT,Y+X2_M9_r2,banana,858,0.962136
FKIT,Y+X2_M9_r2,banana,859,0.965836
FKIT,Y+X2_M9_r2,banana,860,0.963271
FKIT,Y+X2_M9_r2,banana,861,0.965411
FKIT,Y+X2_M9_r2,banana,862,0.965835
FKIT,Y+X2_M9_r2,banana,863,0.966533
FKIT,Y+X2_M9_r2,banana,864,0.967555
FKIT,Y+X2_M9_r2,banana,865,0.966090
FKIT,Y+X2_M9_r2,banana,866,0.967634
FKIT,Y+X2_M9_r2,banana,867,0.966628
FKIT,Y+X2_M9_r2,banana,868,0.964198
FKIT,Y+X2_M9_r2,banana,869,0.965992
FKIT,Y+X2_M9_r2,banana,870,0.967554
FKIT,Y+X2_M9_r2,banana,871,0.965743
FKIT,Y+X2_M9_r2,banana,872,0.965387
FKIT,Y+X2_M9_r2,banana,873,0.969151
FKIT,Y+X2_M9_r2,banana,874,0.964849
FKIT,Y+X2_M9_r2,banana,875,0.962359
FKIT,Y+X2_M9_r2,banana,876,0.962349
FKIT,Y+X2_M9_r2,banana,877,0.958486
FKIT,Y+X2_M9_r2,banana,878,0.959663
FKIT,Y+X2_M9_r2,banana,879,0.962257
FKIT,Y+X2_M9_r2,banana,880,0.958588
FKIT,Y+X2_M9_r2,banana,881,0.955921
FKIT,Y+X2_M9_r2,banana,882,0.956887
FKIT,Y+X2_M9_r2,banana,883,0.957680
FKIT,Y+X2_M9_r2,banana,884,0.960519
FKIT,Y+X2_M9_r2,banana,885,0.959641
FKIT,Y+X2_M9_r2,banana,886,0.955010
FKIT,Y+X2_M9_r2,banana,887,0.952911
FKIT,Y+X2_M9_r2,banana,888,0.955056
FKIT,Y+X2_M9_r2,banana,889,0.957435
FKIT,Y+X2_M9_r2,banana,890,0.952494
FKIT,Y+X2_M9_r2,banana,891,0.953312
FKIT,Y+X2_M9_r2,banana,892,0.953967
FKIT,Y+X2_M9_r2,banana,893,0.951364
FKIT,Y+X2_M9_r2,banana,894,0.953596
FKIT,Y+X2_M9_r2,banana,895,0.952742
FKIT,Y+X2_M9_r2,banana,896,0.950016
FKIT,Y+X2_M9_r2,banana,897,0.951077
FKIT,Y+X2_M9_r2,banana,898,0.951541
FKIT,Y+X2_M9_r2,banana,899,0.950722
FKIT,Y+X2_M9_r2,banana,900,0.947198
FKIT,Y+X2_M9_r2,banana,901,0.949124
FKIT,Y+X2_M9_r2,banana,902,0.949674
FKIT,Y+X2_M9_r2,banana,903,0.947847
FKIT,Y+X2_M9_r2,banana,904,0.949575
FKIT,Y+X2_M9_r2,banana,905,0.947944
FKIT,Y+X2_M9_r2,banana,906,0.946877
FKIT,Y+X2_M9_r2,banana,907,0.946809
FKIT,Y+X2_M9_r2,banana,908,0.944271
FKIT,Y+X2_M9_r2,banana,909,0.947862
FKIT,Y+X2_M9_r2,banana,910,0.944927
FKIT,Y+X2_M9_r2,banana,911,0.946878
FKIT,Y+X2_M9_r2,banana,912,0.943281
FKIT,Y+X2_M9_r2,banana,913,0.944688
FKIT,Y+X2_M9_r2,banana,914,0.945083
FKIT,Y+X2_M9_r2,banana,915,0.946958
FKIT,Y+X2_M9_r2,banana,916,0.945026
FKIT,Y+X2_M9_r2,banana,917,0.944617
FKIT,Y+X2_M9_r2,banana,918,0.947478
FKIT,Y+X2_M9_r2,banana,919,0.943183
FKIT,Y+X2_M9_r2,banana,920,0.941567
FKIT,Y+X2_M9_r2,banana,921,0.938897
FKIT,Y+X2_M9_r2,banana,922,0.942556
FKIT,Y+X2_M9_r2,banana,923,0.908084
FKIT,Y+X2_M9_r2,banana,924,0.941000
FKIT,Y+X2_M9_r2,banana,925,0.938155
FKIT,Y+X2_M9_r2,banana,926,0.939805
FKIT,Y+X2_M9_r2,banana,927,0.941452
FKIT,Y+X2_M9_r2,banana,928,0.941835
FKIT,Y+X2_M9_r2,banana,929,0.935621
FKIT,Y+X2_M9_r2,banana,930,0.940980
FKIT,Y+X2_M9_r2,banana,931,0.941387
FKIT,Y+X2_M9_r2,banana,932,0.941189
FKIT,Y+X2_M9_r2,banana,933,0.941126
FKIT,Y+X2_M9_r2,banana,934,0.945540
FKIT,Y+X2_M9_r2,banana,935,0.941835
FKIT,Y+X2_M9_r2,banana,936,0.944885
FKIT,Y+X2_M9_r2,banana,937,0.944684
FKIT,Y+X2_M9_r2,banana,938,0.944886
FKIT,Y+X2_M9_r2,banana,939,0.939857
FKIT,Y+X2_M9_r2,banana,940,0.940535
FKIT,Y+X2_M9_r2,banana,941,0.944354
FKIT,Y+X2_M9_r2,banana,942,0.945057
FKIT,Y+X2_M9_r2,banana,943,0.946700
FKIT,Y+X2_M9_r2,banana,944,0.945595
FKIT,Y+X2_M9_r2,banana,945,0.941158
FKIT,Y+X2_M9_r2,banana,946,0.939378
FKIT,Y+X2_M9_r2,banana,947,0.947198
FKIT,Y+X2_M9_r2,banana,948,0.944513
FKIT,Y+X2_M9_r2,banana,949,0.945957
FKIT,Y+X2_M9_r2,banana,950,0.947727
FKIT,Y+X2_M9_r2,banana,951,0.942357
FKIT,Y+X2_M9_r2,banana,952,0.946234
FKIT,Y+X2_M9_r2,banana,953,0.944706
FKIT,Y+X2_M9_r2,banana,954,0.946562
FKIT,Y+X2_M9_r2,banana,955,0.949069
FKIT,Y+X2_M9_r2,banana,956,0.943017
FKIT,Y+X2_M9_r2,banana,957,0.949042
FKIT,Y+X2_M9_r2,banana,958,0.948597
FKIT,Y+X2_M9_r2,banana,959,0.946309
FKIT,Y+X2_M9_r2,banana,960,0.946747
FKIT,Y+X2_M9_r2,banana,961,0.946010
FKIT,Y+X2_M9_r2,banana,962,0.949231
FKIT,Y+X2_M9_r2,banana,963,0.948308
FKIT,Y+X2_M9_r2,banana,964,0.950583
FKIT,Y+X2_M9_r2,banana,965,0.951717
FKIT,Y+X2_M9_r2,banana,966,0.951577
FKIT,Y+X2_M9_r2,banana,967,0.952751
FKIT,Y+X2_M9_r2,banana,968,0.948178
FKIT,Y+X2_M9_r2,banana,969,0.950947
FKIT,Y+X2_M9_r2,banana,970,0.949473
FKIT,Y+X2_M9_r2,banana,971,0.951303
FKIT,Y+X2_M9_r2,banana,972,0.951322
FKIT,Y+X2_M9_r2,banana,973,0.950321
FKIT,Y+X2_M9_r2,banana,974,0.952305
FKIT,Y+X2_M9_r2,banana,975,0.956950
FKIT,Y+X2_M9_r2,banana,976,0.957673
FKIT,Y+X2_M9_r2,banana,977,0.955639
FKIT,Y+X2_M9_r2,banana,978,0.953303
FKIT,Y+X2_M9_r2,banana,979,0.954273
FKIT,Y+X2_M9_r2,banana,980,0.955137
FKIT,Y+X2_M9_r2,banana,981,0.956512
FKIT,Y+X2_M9_r2,banana,982,0.952854
FKIT,Y+X2_M9_r2,banana,983,0.952782
FKIT,Y+X2_M9_r2,banana,984,0.950510
FKIT,Y+X2_M9_r2,banana,985,0.953978
FKIT,Y+X2_M9_r2,banana,986,0.952881
FKIT,Y+X2_M9_r2,banana,987,0.959008
FKIT,Y+X2_M9_r2,banana,988,0.957844
FKIT,Y+X2_M9_r2,banana,989,0.956835
FKIT,Y+X2_M9_r2,banana,990,0.954936
FKIT,Y+X2_M9_r2,banana,991,0.957659
FKIT,Y+X2_M9_r2,banana,992,0.955633
FKIT,Y+X2_M9_r2,banana,993,0.955886
FKIT,Y+X2_M9_r2,banana,994,0.956121
FKIT,Y+X2_M9_r2,banana,995,0.955670
FKIT,Y+X2_M9_r2,banana,996,0.959061
FKIT,Y+X2_M9_r2,banana,997,0.957179
FKIT,Y+X2_M9_r2,banana,998,0.955937
FKIT,Y+X2_M9_r2,banana,999,0.956768
FKIT,Y+X2_M9_r2,banana,1000,0.955767
FKIT,Y+X2_M9_r2,banana,1001,0.954936
FKIT,Y+X2_M9_r2,banana,1002,0.949560
FKIT,Y+X2_M9_r2,banana,1003,0.953826
FKIT,Y+X2_M9_r2,banana,1004,0.951632
FKIT,Y+X2_M9_r2,banana,1005,0.951458
FKIT,Y+X2_M9_r2,banana,1006,0.952609
FKIT,Y+X2_M9_r2,banana,1007,0.952474
FKIT,Y+X2_M9_r2,banana,1008,0.954531
FKIT,Y+X2_M9_r2,banana,1009,0.947909
FKIT,Y+X2_M9_r2,banana,1010,0.950496
FKIT,Y+X2_M9_r2,banana,1011,0.945477
FKIT,Y+X2_M9_r2,banana,1012,0.948818
FKIT,Y+X2_M9_r2,banana,1013,0.925685
FKIT,Y+X2_M9_r2,banana,1014,0.948761
FKIT,Y+X2_M9_r2,banana,1015,0.952887
FKIT,Y+X2_M9_r2,banana,1016,0.947279
FKIT,Y+X2_M9_r2,banana,1017,0.948567
FKIT,Y+X2_M9_r2,banana,1018,0.945752
FKIT,Y+X2_M9_r2,banana,1019,0.946239
FKIT,Y+X2_M9_r2,banana,1020,0.940181
FKIT,Y+X2_M9_r2,banana,1021,0.939591
FKIT,Y+X2_M9_r2,banana,1022,0.941856
FKIT,Y+X2_M9_r2,banana,1023,0.947014
FKIT,Y+X2_M9_r2,banana,1024,0.945527
FKIT,Y+X2_M9_r2,banana,1025,0.940700
FKIT,Y+X2_M9_r2,banana,1026,0.938918
FKIT,Y+X2_M9_r2,banana,1027,0.938724
FKIT,Y+X2_M9_r2,banana,1028,0.945614
FKIT,Y+X2_M9_r2,banana,1029,0.938668
FKIT,Y+X2_M9_r2,banana,1030,0.949169
FKIT,Y+X2_M9_r2,banana,1031,0.944309
FKIT,Y+X2_M9_r2,banana,1032,0.905081
FKIT,Y+X2_M9_r2,banana,1033,0.921656
FKIT,Y+X2_M9_r2,banana,1034,0.949529
FKIT,Y+X2_M9_r2,banana,1035,0.947395
FKIT,Y+X2_M9_r2,banana,1036,0.946054
FKIT,Y+X2_M9_r2,banana,1037,0.938273
FKIT,Y+X2_M9_r2,banana,1038,0.943404
FKIT,Y+X2_M9_r2,banana,1039,0.944911
FKIT,Y+X2_M9_r2,banana,1040,0.947332
FKIT,Y+X2_M9_r2,banana,1041,0.950878
FKIT,Y+X2_M9_r2,banana,1042,0.951605
FKIT,Y+X2_M9_r2,banana,1043,0.952405
FKIT,Y+X2_M9_r2,banana,1044,0.949543
FKIT,Y+X2_M9_r2,banana,1045,0.948915
FKIT,Y+X2_M9_r2,banana,1046,0.947670
FKIT,Y+X2_M9_r2,banana,1047,0.947555
FKIT,Y+X2_M9_r2,banana,1048,0.947908
FKIT,Y+X2_M9_r2,banana,1049,0.946127
FKIT,Y+X2_M9_r2,banana,1050,0.941717
FKIT,Y+X2_M9_r2,banana,1051,0.943839
FKIT,Y+X2_M9_r2,banana,1052,0.946477
FKIT,Y+X2_M9_r2,banana,1053,0.949170
FKIT,Y+X2_M9_r2,banana,1054,0.941607
FKIT,Y+X2_M9_r2,banana,1055,0.948749
FKIT,Y+X2_M9_r2,banana,1056,0.946960
FKIT,Y+X2_M9_r2,banana,1057,0.951362
FKIT,Y+X2_M9_r2,banana,1058,0.951708
FKIT,Y+X2_M9_r2,banana,1059,0.950109
FKIT,Y+X2_M9_r2,banana,1060,0.955038
FKIT,Y+X2_M9_r2,banana,1061,0.945748
FKIT,Y+X2_M9_r2,banana,1062,0.949821
FKIT,Y+X2_M9_r2,banana,1063,0.947544
FKIT,Y+X2_M9_r2,banana,1064,0.952011
FKIT,Y+X2_M9_r2,banana,1065,0.950173
FKIT,Y+X2_M9_r2,banana,1066,0.952955
FKIT,Y+X2_M9_r2,banana,1067,0.954166
FKIT,Y+X2_M9_r2,banana,1068,0.955087
FKIT,Y+X2_M9_r2,banana,1069,0.956296
FKIT,Y+X2_M9_r2,banana,1070,0.955212
FKIT,Y+X2_M9_r2,banana,1071,0.954788
FKIT,Y+X2_M9_r2,banana,1072,0.954873
FKIT,Y+X2_M9_r2,banana,1073,0.954592
FKIT,Y+X2_M9_r2,banana,1074,0.956060
FKIT,Y+X2_M9_r2,banana,1075,0.956973
FKIT,Y+X2_M9_r2,banana,1076,0.955637
FKIT,Y+X2_M9_r2,banana,1077,0.962293
FKIT,Y+X2_M9_r2,banana,1078,0.957241
FKIT,Y+X2_M9_r2,banana,1079,0.964715
FKIT,Y+X2_M9_r2,banana,1080,0.964987
FKIT,Y+X2_M9_r2,banana,1081,0.961999
FKIT,Y+X2_M9_r2,banana,1082,0.965457
FKIT,Y+X2_M9_r2,banana,1083,0.966472
FKIT,Y+X2_M9_r2,banana,1084,0.967132
FKIT,Y+X2_M9_r2,banana,1085,0.963784
FKIT,Y+X2_M9_r2,banana,1086,0.961845
FKIT,Y+X2_M9_r2,banana,1087,0.962572
FKIT,Y+X2_M9_r2,banana,1088,0.967722
FKIT,Y+X2_M9_r2,banana,1089,0.963344
FKIT,Y+X2_M9_r2,banana,1090,0.966760
FKIT,Y+X2_M9_r2,banana,1091,0.965106
FKIT,Y+X2_M9_r2,banana,1092,0.965925
FKIT,Y+X2_M9_r2,banana,1093,0.967189
FKIT,Y+X2_M9_r2,banana,1094,0.964893
FKIT,Y+X2_M9_r2,banana,1095,0.967351
FKIT,Y+X2_M9_r2,banana,1096,0.965894
FKIT,Y+X2_M9_r2,banana,1097,0.968803
FKIT,Y+X2_M9_r2,banana,1098,0.964023
FKIT,Y+X2_M9_r2,banana,1099,0.965775
FKIT,Y+X2_M9_r2,banana,1100,0.965365
FKIT,Y+X2_M9_r2,banana,1101,0.961251
FKIT,Y+X2_M9_r2,banana,1102,0.967634
FKIT,Y+X2_M9_r2,banana,1103,0.963440
FKIT,Y+X2_M9_r2,banana,1104,0.963913
FKIT,Y+X2_M9_r2,banana,1105,0.963918
FKIT,Y+X2_M9_r2,banana,1106,0.958669
FKIT,Y+X2_M9_r2,banana,1107,0.964639
FKIT,Y+X2_M9_r2,banana,1108,0.964593
FKIT,Y+X2_M9_r2,banana,1109,0.961458
FKIT,Y+X2_M9_r2,banana,1110,0.960037
FKIT,Y+X2_M9_r2,banana,1111,0.963989
FKIT,Y+X2_M9_r2,banana,1112,0.963444
FKIT,Y+X2_M9_r2,banana,1113,0.966749
FKIT,Y+X2_M9_r2,banana,1114,0.963584
FKIT,Y+X2_M9_r2,banana,1115,0.961817
FKIT,Y+X2_M9_r2,banana,1116,0.965415
FKIT,Y+X2_M9_r2,banana,1117,0.963521
FKIT,Y+X2_M9_r2,banana,1118,0.962649
FKIT,Y+X2_M9_r2,banana,1119,0.967270
FKIT,Y+X2_M9_r2,banana,1120,0.966933
FKIT,Y+X2_M9_r2,banana,1121,0.964571
FKIT,Y+X2_M9_r2,banana,1122,0.966420
FKIT,Y+X2_M9_r2,banana,1123,0.967070
FKIT,Y+X2_M9_r2,banana,1124,0.968765
FKIT,Y+X2_M9_r2,banana,1125,0.969352
FKIT,Y+X2_M9_r2,banana,1126,0.965127
FKIT,Y+X2_M9_r2,banana,1127,0.969663
FKIT,Y+X2_M9_r2,banana,1128,0.968171
FKIT,Y+X2_M9_r2,banana,1129,0.970499
FKIT,Y+X2_M9_r2,banana,1130,0.973856
FKIT,Y+X2_M9_r2,banana,1131,0.972411
FKIT,Y+X2_M9_r2,banana,1132,0.968310
FKIT,Y+X2_M9_r2,banana,1133,0.971957
FKIT,Y+X2_M9_r2,banana,1134,0.972444
FKIT,Y+X2_M9_r2,banana,1135,0.972140
FKIT,Y+X2_M9_r2,banana,1136,0.966775
FKIT,Y+X2_M9_r2,banana,1137,0.971346
FKIT,Y+X2_M9_r2,banana,1138,0.969682
FKIT,Y+X2_M9_r2,banana,1139,0.969988
FKIT,Y+X2_M9_r2,banana,1140,0.969529
FKIT,Y+X2_M9_r2,banana,1141,0.971145
FKIT,Y+X2_M9_r2,banana,1142,0.968063
FKIT,Y+X2_M9_r2,banana,1143,0.969207
FKIT,Y+X2_M9_r2,banana,1144,0.964609
FKIT,Y+X2_M9_r2,banana,1145,0.967639
FKIT,Y+X2_M9_r2,banana,1146,0.967382
FKIT,Y+X2_M9_r2,banana,1147,0.969030
FKIT,Y+X2_M9_r2,banana,1148,0.969589
FKIT,Y+X2_M9_r2,banana,1149,0.972489
FKIT,Y+X2_M9_r2,banana,1150,0.967751
FKIT,Y+X2_M9_r2,banana,1151,0.972220
FKIT,Y+X2_M9_r2,banana,1152,0.971006
FKIT,Y+X2_M9_r2,banana,1153,0.970537
FKIT,Y+X2_M9_r2,banana,1154,0.968607
FKIT,Y+X2_M9_r2,banana,1155,0.965336
FKIT,Y+X2_M9_r2,capsicum,0,0.945760
FKIT,Y+X2_M9_r2,capsicum,1,0.948172
FKIT,Y+X2_M9_r2,capsicum,2,0.946552
FKIT,Y+X2_M9_r2,capsicum,3,0.947763
FKIT,Y+X2_M9_r2,capsicum,4,0.952172
FKIT,Y+X2_M9_r2,capsicum,5,0.944313
FKIT,Y+X2_M9_r2,capsicum,6,0.945142
FKIT,Y+X2_M9_r2,capsicum,7,0.948220
FKIT,Y+X2_M9_r2,capsicum,8,0.944845
FKIT,Y+X2_M9_r2,capsicum,9,0.949233
FKIT,Y+X2_M9_r2,capsicum,10,0.949403
FKIT,Y+X2_M9_r2,capsicum,11,0.947462
FKIT,Y+X2_M9_r2,capsicum,12,0.939790
FKIT,Y+X2_M9_r2,capsicum,13,0.944617
FKIT,Y+X2_M9_r2,capsicum,14,0.960750
FKIT,Y+X2_M9_r2,capsicum,15,0.960685
FKIT,Y+X2_M9_r2,capsicum,16,0.960739
FKIT,Y+X2_M9_r2,capsicum,17,0.958209
FKIT,Y+X2_M9_r2,capsicum,18,0.959834
FKIT,Y+X2_M9_r2,capsicum,19,0.959114
FKIT,Y+X2_M9_r2,capsicum,20,0.961197
FKIT,Y+X2_M9_r2,capsicum,21,0.961849
FKIT,Y+X2_M9_r2,capsicum,22,0.962123
FKIT,Y+X2_M9_r2,capsicum,23,0.961345
FKIT,Y+X2_M9_r2,capsicum,24,0.964284
FKIT,Y+X2_M9_r2,capsicum,25,0.962138
FKIT,Y+X2_M9_r2,capsicum,26,0.961410
FKIT,Y+X2_M9_r2,capsicum,27,0.961215
FKIT,Y+X2_M9_r2,capsicum,28,0.961918
FKIT,Y+X2_M9_r2,capsicum,29,0.962090
FKIT,Y+X2_M9_r2,capsicum,30,0.960651
FKIT,Y+X2_M9_r2,capsicum,31,0.961861
FKIT,Y+X2_M9_r2,capsicum,32,0.965318
FKIT,Y+X2_M9_r2,capsicum,33,0.962228
FKIT,Y+X2_M9_r2,capsicum,34,0.961315
FKIT,Y+X2_M9_r2,capsicum,35,0.959528
FKIT,Y+X2_M9_r2,capsicum,36,0.958700
FKIT,Y+X2_M9_r2,capsicum,37,0.961114
FKIT,Y+X2_M9_r2,capsicum,38,0.962458
FKIT,Y+X2_M9_r2,capsicum,39,0.959283
FKIT,Y+X2_M9_r2,capsicum,40,0.962165
FKIT,Y+X2_M9_r2,capsicum,41,0.965020
FKIT,Y+X2_M9_r2,capsicum,42,0.966227
FKIT,Y+X2_M9_r2,capsicum,43,0.964698
FKIT,Y+X2_M9_r2,capsicum,44,0.964894
FKIT,Y+X2_M9_r2,capsicum,45,0.960670
FKIT,Y+X2_M9_r2,capsicum,46,0.962320
FKIT,Y+X2_M9_r2,capsicum,47,0.965376
FKIT,Y+X2_M9_r2,capsicum,48,0.962209
FKIT,Y+X2_M9_r2,capsicum,49,0.962966
FKIT,Y+X2_M9_r2,capsicum,50,0.961446
FKIT,Y+X2_M9_r2,capsicum,51,0.963096
FKIT,Y+X2_M9_r2,capsicum,52,0.963157
FKIT,Y+X2_M9_r2,capsicum,53,0.962332
FKIT,Y+X2_M9_r2,capsicum,54,0.965134
FKIT,Y+X2_M9_r2,capsicum,55,0.962718
FKIT,Y+X2_M9_r2,capsicum,56,0.962177
FKIT,Y+X2_M9_r2,capsicum,57,0.962550
FKIT,Y+X2_M9_r2,capsicum,58,0.964404
FKIT,Y+X2_M9_r2,capsicum,59,0.963522
FKIT,Y+X2_M9_r2,capsicum,60,0.963973
FKIT,Y+X2_M9_r2,capsicum,61,0.964195
FKIT,Y+X2_M9_r2,capsicum,62,0.962004
FKIT,Y+X2_M9_r2,capsicum,63,0.961862
FKIT,Y+X2_M9_r2,capsicum,64,0.965829
FKIT,Y+X2_M9_r2,capsicum,65,0.965542
FKIT,Y+X2_M9_r2,capsicum,66,0.967109
FKIT,Y+X2_M9_r2,capsicum,67,0.966374
FKIT,Y+X2_M9_r2,capsicum,68,0.967269
FKIT,Y+X2_M9_r2,capsicum,69,0.964148
FKIT,Y+X2_M9_r2,capsicum,70,0.967042
FKIT,Y+X2_M9_r2,capsicum,71,0.963836
FKIT,Y+X2_M9_r2,capsicum,72,0.967188
FKIT,Y+X2_M9_r2,capsicum,73,0.966264
FKIT,Y+X2_M9_r2,capsicum,74,0.969912
FKIT,Y+X2_M9_r2,capsicum,75,0.967488
FKIT,Y+X2_M9_r2,capsicum,76,0.965423
FKIT,Y+X2_M9_r2,capsicum,77,0.967189
FKIT,Y+X2_M9_r2,capsicum,78,0.967679
FKIT,Y+X2_M9_r2,capsicum,79,0.967762
FKIT,Y+X2_M9_r2,capsicum,80,0.966417
FKIT,Y+X2_M9_r2,capsicum,81,0.966327
FKIT,Y+X2_M9_r2,capsicum,82,0.963911
FKIT,Y+X2_M9_r2,capsicum,83,0.966646
FKIT,Y+X2_M9_r2,capsicum,84,0.967967
FKIT,Y+X2_M9_r2,capsicum,85,0.966781
FKIT,Y+X2_M9_r2,capsicum,86,0.965432
FKIT,Y+X2_M9_r2,capsicum,87,0.966356
FKIT,Y+X2_M9_r2,capsicum,88,0.966541
FKIT,Y+X2_M9_r2,capsicum,89,0.966473
FKIT,Y+X2_M9_r2,capsicum,90,0.966069
FKIT,Y+X2_M9_r2,capsicum,91,0.967011
FKIT,Y+X2_M9_r2,capsicum,92,0.967375
FKIT,Y+X2_M9_r2,capsicum,93,0.965200
FKIT,Y+X2_M9_r2,capsicum,94,0.968004
FKIT,Y+X2_M9_r2,capsicum,95,0.969234
FKIT,Y+X2_M9_r2,capsicum,96,0.968925
FKIT,Y+X2_M9_r2,capsicum,97,0.970368
FKIT,Y+X2_M9_r2,capsicum,98,0.969495
FKIT,Y+X2_M9_r2,capsicum,99,0.967439
FKIT,Y+X2_M9_r2,capsicum,100,0.969922
FKIT,Y+X2_M9_r2,capsicum,101,0.966290
FKIT,Y+X2_M9_r2,capsicum,102,0.968766
FKIT,Y+X2_M9_r2,capsicum,103,0.968740
FKIT,Y+X2_M9_r2,capsicum,104,0.969309
FKIT,Y+X2_M9_r2,capsicum,105,0.971698
FKIT,Y+X2_M9_r2,capsicum,106,0.970446
FKIT,Y+X2_M9_r2,capsicum,107,0.970115
FKIT,Y+X2_M9_r2,capsicum,108,0.970552
FKIT,Y+X2_M9_r2,capsicum,109,0.969419
FKIT,Y+X2_M9_r2,capsicum,110,0.968624
FKIT,Y+X2_M9_r2,capsicum,111,0.966772
FKIT,Y+X2_M9_r2,capsicum,112,0.966873
FKIT,Y+X2_M9_r2,capsicum,113,0.968290
FKIT,Y+X2_M9_r2,capsicum,114,0.968075
FKIT,Y+X2_M9_r2,capsicum,115,0.967158
FKIT,Y+X2_M9_r2,capsicum,116,0.965896
FKIT,Y+X2_M9_r2,capsicum,117,0.967759
FKIT,Y+X2_M9_r2,capsicum,118,0.964323
FKIT,Y+X2_M9_r2,capsicum,119,0.966634
FKIT,Y+X2_M9_r2,capsicum,120,0.962231
FKIT,Y+X2_M9_r2,capsicum,121,0.962150
FKIT,Y+X2_M9_r2,capsicum,122,0.961427
FKIT,Y+X2_M9_r2,capsicum,123,0.964444
FKIT,Y+X2_M9_r2,capsicum,124,0.969852
FKIT,Y+X2_M9_r2,capsicum,125,0.966072
FKIT,Y+X2_M9_r2,capsicum,126,0.968269
FKIT,Y+X2_M9_r2,capsicum,127,0.971085
FKIT,Y+X2_M9_r2,capsicum,128,0.970960
FKIT,Y+X2_M9_r2,capsicum,129,0.967169
FKIT,Y+X2_M9_r2,capsicum,130,0.967274
FKIT,Y+X2_M9_r2,capsicum,131,0.965691
FKIT,Y+X2_M9_r2,capsicum,132,0.969546
FKIT,Y+X2_M9_r2,capsicum,133,0.969487
FKIT,Y+X2_M9_r2,capsicum,134,0.969570
FKIT,Y+X2_M9_r2,capsicum,135,0.971925
FKIT,Y+X2_M9_r2,capsicum,136,0.971093
FKIT,Y+X2_M9_r2,capsicum,137,0.971879
FKIT,Y+X2_M9_r2,capsicum,138,0.968631
FKIT,Y+X2_M9_r2,capsicum,139,0.968374
FKIT,Y+X2_M9_r2,capsicum,140,0.970433
FKIT,Y+X2_M9_r2,capsicum,141,0.969754
FKIT,Y+X2_M9_r2,capsicum,142,0.969531
FKIT,Y+X2_M9_r2,capsicum,143,0.971358
FKIT,Y+X2_M9_r2,capsicum,144,0.973158
FKIT,Y+X2_M9_r2,capsicum,145,0.972707
FKIT,Y+X2_M9_r2,capsicum,146,0.973201
FKIT,Y+X2_M9_r2,capsicum,147,0.973544
FKIT,Y+X2_M9_r2,capsicum,148,0.972511
FKIT,Y+X2_M9_r2,capsicum,149,0.971973
FKIT,Y+X2_M9_r2,capsicum,150,0.973867
FKIT,Y+X2_M9_r2,capsicum,151,0.973433
FKIT,Y+X2_M9_r2,capsicum,152,0.974565
FKIT,Y+X2_M9_r2,capsicum,153,0.973512
FKIT,Y+X2_M9_r2,capsicum,154,0.974568
FKIT,Y+X2_M9_r2,capsicum,155,0.974951
FKIT,Y+X2_M9_r2,capsicum,156,0.974401
FKIT,Y+X2_M9_r2,capsicum,157,0.973997
FKIT,Y+X2_M9_r2,capsicum,158,0.961657
FKIT,Y+X2_M9_r2,capsicum,159,0.973485
FKIT,Y+X2_M9_r2,capsicum,160,0.974205
FKIT,Y+X2_M9_r2,capsicum,161,0.972775
FKIT,Y+X2_M9_r2,capsicum,162,0.972276
FKIT,Y+X2_M9_r2,capsicum,163,0.971054
FKIT,Y+X2_M9_r2,capsicum,164,0.973103
FKIT,Y+X2_M9_r2,capsicum,165,0.971260
FKIT,Y+X2_M9_r2,capsicum,166,0.970525
FKIT,Y+X2_M9_r2,capsicum,167,0.967532
FKIT,Y+X2_M9_r2,capsicum,168,0.970489
FKIT,Y+X2_M9_r2,capsicum,169,0.965637
FKIT,Y+X2_M9_r2,capsicum,170,0.962350
FKIT,Y+X2_M9_r2,capsicum,171,0.958788
FKIT,Y+X2_M9_r2,capsicum,172,0.955213
FKIT,Y+X2_M9_r2,capsicum,173,0.949029
FKIT,Y+X2_M9_r2,capsicum,174,0.970037
FKIT,Y+X2_M9_r2,capsicum,175,0.971706
FKIT,Y+X2_M9_r2,capsicum,176,0.970890
FKIT,Y+X2_M9_r2,capsicum,177,0.970403
FKIT,Y+X2_M9_r2,capsicum,178,0.969616
FKIT,Y+X2_M9_r2,capsicum,179,0.970441
FKIT,Y+X2_M9_r2,capsicum,180,0.967597
FKIT,Y+X2_M9_r2,capsicum,181,0.965642
FKIT,Y+X2_M9_r2,capsicum,182,0.936037
FKIT,Y+X2_M9_r2,capsicum,183,0.963939
FKIT,Y+X2_M9_r2,capsicum,184,0.974310
FKIT,Y+X2_M9_r2,capsicum,185,0.975026
FKIT,Y+X2_M9_r2,capsicum,186,0.974660
FKIT,Y+X2_M9_r2,capsicum,187,0.975617
FKIT,Y+X2_M9_r2,capsicum,188,0.975290
FKIT,Y+X2_M9_r2,capsicum,189,0.975619
FKIT,Y+X2_M9_r2,capsicum,190,0.971083
FKIT,Y+X2_M9_r2,capsicum,191,0.970645
FKIT,Y+X2_M9_r2,capsicum,192,0.974185
FKIT,Y+X2_M9_r2,capsicum,193,0.974380
FKIT,Y+X2_M9_r2,capsicum,194,0.977465
FKIT,Y+X2_M9_r2,capsicum,195,0.973858
FKIT,Y+X2_M9_r2,capsicum,196,0.975899
FKIT,Y+X2_M9_r2,capsicum,197,0.973577
FKIT,Y+X2_M9_r2,capsicum,198,0.974072
FKIT,Y+X2_M9_r2,capsicum,199,0.975529
FKIT,Y+X2_M9_r2,capsicum,200,0.974927
FKIT,Y+X2_M9_r2,capsicum,201,0.975784
FKIT,Y+X2_M9_r2,capsicum,202,0.973114
FKIT,Y+X2_M9_r2,capsicum,203,0.968578
FKIT,Y+X2_M9_r2,capsicum,204,0.973021
FKIT,Y+X2_M9_r2,capsicum,205,0.972859
FKIT,Y+X2_M9_r2,capsicum,206,0.976232
FKIT,Y+X2_M9_r2,capsicum,207,0.973065
FKIT,Y+X2_M9_r2,capsicum,208,0.971668
FKIT,Y+X2_M9_r2,capsicum,209,0.970126
FKIT,Y+X2_M9_r2,capsicum,210,0.970757
FKIT,Y+X2_M9_r2,capsicum,211,0.974217
FKIT,Y+X2_M9_r2,capsicum,212,0.972175
FKIT,Y+X2_M9_r2,capsicum,213,0.971000
FKIT,Y+X2_M9_r2,capsicum,214,0.972870
FKIT,Y+X2_M9_r2,capsicum,215,0.971554
FKIT,Y+X2_M9_r2,capsicum,216,0.973038
FKIT,Y+X2_M9_r2,capsicum,217,0.972065
FKIT,Y+X2_M9_r2,capsicum,218,0.971532
FKIT,Y+X2_M9_r2,capsicum,219,0.973321
FKIT,Y+X2_M9_r2,capsicum,220,0.971580
FKIT,Y+X2_M9_r2,capsicum,221,0.970196
FKIT,Y+X2_M9_r2,capsicum,222,0.968922
FKIT,Y+X2_M9_r2,capsicum,223,0.969899
FKIT,Y+X2_M9_r2,capsicum,224,0.973162
FKIT,Y+X2_M9_r2,capsicum,225,0.969674
FKIT,Y+X2_M9_r2,capsicum,226,0.974627
FKIT,Y+X2_M9_r2,capsicum,227,0.970458
FKIT,Y+X2_M9_r2,capsicum,228,0.973426
FKIT,Y+X2_M9_r2,capsicum,229,0.969770
FKIT,Y+X2_M9_r2,capsicum,230,0.968460
FKIT,Y+X2_M9_r2,capsicum,231,0.970382
FKIT,Y+X2_M9_r2,capsicum,232,0.970171
FKIT,Y+X2_M9_r2,capsicum,233,0.966037
FKIT,Y+X2_M9_r2,capsicum,234,0.972325
FKIT,Y+X2_M9_r2,capsicum,235,0.974021
FKIT,Y+X2_M9_r2,capsicum,236,0.975396
FKIT,Y+X2_M9_r2,capsicum,237,0.971515
FKIT,Y+X2_M9_r2,capsicum,238,0.974283
FKIT,Y+X2_M9_r2,capsicum,239,0.969570
FKIT,Y+X2_M9_r2,capsicum,240,0.972262
FKIT,Y+X2_M9_r2,capsicum,241,0.971895
FKIT,Y+X2_M9_r2,capsicum,242,0.970982
FKIT,Y+X2_M9_r2,capsicum,243,0.970623
FKIT,Y+X2_M9_r2,capsicum,244,0.968618
FKIT,Y+X2_M9_r2,capsicum,245,0.973984
FKIT,Y+X2_M9_r2,capsicum,246,0.971617
FKIT,Y+X2_M9_r2,capsicum,247,0.971038
FKIT,Y+X2_M9_r2,capsicum,248,0.969179
FKIT,Y+X2_M9_r2,capsicum,249,0.970157
FKIT,Y+X2_M9_r2,capsicum,250,0.968424
FKIT,Y+X2_M9_r2,capsicum,251,0.967439
FKIT,Y+X2_M9_r2,capsicum,252,0.969094
FKIT,Y+X2_M9_r2,capsicum,253,0.963533
FKIT,Y+X2_M9_r2,capsicum,254,0.967244
FKIT,Y+X2_M9_r2,capsicum,255,0.961451
FKIT,Y+X2_M9_r2,capsicum,256,0.961057
FKIT,Y+X2_M9_r2,capsicum,257,0.958088
FKIT,Y+X2_M9_r2,capsicum,258,0.955171
FKIT,Y+X2_M9_r2,capsicum,259,0.961321
FKIT,Y+X2_M9_r2,capsicum,260,0.957253
FKIT,Y+X2_M9_r2,capsicum,261,0.953267
FKIT,Y+X2_M9_r2,capsicum,262,0.955570
FKIT,Y+X2_M9_r2,capsicum,263,0.961648
FKIT,Y+X2_M9_r2,capsicum,264,0.965942
FKIT,Y+X2_M9_r2,capsicum,265,0.965467
FKIT,Y+X2_M9_r2,capsicum,266,0.969346
FKIT,Y+X2_M9_r2,capsicum,267,0.965312
FKIT,Y+X2_M9_r2,capsicum,268,0.964698
FKIT,Y+X2_M9_r2,capsicum,269,0.963255
FKIT,Y+X2_M9_r2,capsicum,270,0.962685
FKIT,Y+X2_M9_r2,capsicum,271,0.963241
FKIT,Y+X2_M9_r2,capsicum,272,0.965626
FKIT,Y+X2_M9_r2,capsicum,273,0.966313
FKIT,Y+X2_M9_r2,capsicum,274,0.965797
FKIT,Y+X2_M9_r2,capsicum,275,0.962959
FKIT,Y+X2_M9_r2,capsicum,276,0.965059
FKIT,Y+X2_M9_r2,capsicum,277,0.967858
FKIT,Y+X2_M9_r2,capsicum,278,0.964571
FKIT,Y+X2_M9_r2,capsicum,279,0.960066
FKIT,Y+X2_M9_r2,capsicum,280,0.969571
FKIT,Y+X2_M9_r2,capsicum,281,0.970320
FKIT,Y+X2_M9_r2,capsicum,282,0.969964
FKIT,Y+X2_M9_r2,capsicum,283,0.967709
FKIT,Y+X2_M9_r2,capsicum,284,0.963127
FKIT,Y+X2_M9_r2,capsicum,285,0.966401
FKIT,Y+X2_M9_r2,capsicum,286,0.971083
FKIT,Y+X2_M9_r2,capsicum,287,0.969649
FKIT,Y+X2_M9_r2,capsicum,288,0.967570
FKIT,Y+X2_M9_r2,capsicum,289,0.965054
FKIT,Y+X2_M9_r2,capsicum,290,0.968073
FKIT,Y+X2_M9_r2,capsicum,291,0.967413
FKIT,Y+X2_M9_r2,capsicum,292,0.968025
FKIT,Y+X2_M9_r2,capsicum,293,0.966421
FKIT,Y+X2_M9_r2,capsicum,294,0.969717
FKIT,Y+X2_M9_r2,capsicum,295,0.965042
FKIT,Y+X2_M9_r2,capsicum,296,0.968116
FKIT,Y+X2_M9_r2,capsicum,297,0.968519
FKIT,Y+X2_M9_r2,capsicum,298,0.966154
FKIT,Y+X2_M9_r2,capsicum,299,0.968588
FKIT,Y+X2_M9_r2,capsicum,300,0.970144
FKIT,Y+X2_M9_r2,capsicum,301,0.968926
FKIT,Y+X2_M9_r2,capsicum,302,0.968625
FKIT,Y+X2_M9_r2,capsicum,303,0.970844
FKIT,Y+X2_M9_r2,capsicum,304,0.972735
FKIT,Y+X2_M9_r2,capsicum,305,0.972107
FKIT,Y+X2_M9_r2,capsicum,306,0.970623
FKIT,Y+X2_M9_r2,capsicum,307,0.970907
FKIT,Y+X2_M9_r2,capsicum,308,0.972620
FKIT,Y+X2_M9_r2,capsicum,309,0.971346
FKIT,Y+X2_M9_r2,capsicum,310,0.970989
FKIT,Y+X2_M9_r2,capsicum,311,0.971048
FKIT,Y+X2_M9_r2,capsicum,312,0.969134
FKIT,Y+X2_M9_r2,capsicum,313,0.968204
FKIT,Y+X2_M9_r2,capsicum,314,0.968695
FKIT,Y+X2_M9_r2,capsicum,315,0.969692
FKIT,Y+X2_M9_r2,capsicum,316,0.969641
FKIT,Y+X2_M9_r2,capsicum,317,0.970674
FKIT,Y+X2_M9_r2,capsicum,318,0.971636
FKIT,Y+X2_M9_r2,capsicum,319,0.966070
FKIT,Y+X2_M9_r2,capsicum,320,0.963835
FKIT,Y+X2_M9_r2,capsicum,321,0.965913
FKIT,Y+X2_M9_r2,capsicum,322,0.966752
FKIT,Y+X2_M9_r2,capsicum,323,0.970009
FKIT,Y+X2_M9_r2,capsicum,324,0.969435
FKIT,Y+X2_M9_r2,capsicum,325,0.969311
FKIT,Y+X2_M9_r2,capsicum,326,0.969100
FKIT,Y+X2_M9_r2,capsicum,327,0.966251
FKIT,Y+X2_M9_r2,capsicum,328,0.966065
FKIT,Y+X2_M9_r2,capsicum,329,0.965765
FKIT,Y+X2_M9_r2,capsicum,330,0.966872
FKIT,Y+X2_M9_r2,capsicum,331,0.970966
FKIT,Y+X2_M9_r2,capsicum,332,0.968984
FKIT,Y+X2_M9_r2,capsicum,333,0.968927
FKIT,Y+X2_M9_r2,capsicum,334,0.968966
FKIT,Y+X2_M9_r2,capsicum,335,0.969247
FKIT,Y+X2_M9_r2,capsicum,336,0.968108
FKIT,Y+X2_M9_r2,capsicum,337,0.970040
FKIT,Y+X2_M9_r2,capsicum,338,0.970510
FKIT,Y+X2_M9_r2,capsicum,339,0.972719
FKIT,Y+X2_M9_r2,capsicum,340,0.970320
FKIT,Y+X2_M9_r2,capsicum,341,0.967257
FKIT,Y+X2_M9_r2,capsicum,342,0.965151
FKIT,Y+X2_M9_r2,capsicum,343,0.965535
FKIT,Y+X2_M9_r2,capsicum,344,0.966860
FKIT,Y+X2_M9_r2,capsicum,345,0.966500
FKIT,Y+X2_M9_r2,capsicum,346,0.965583
FKIT,Y+X2_M9_r2,capsicum,347,0.964245
FKIT,Y+X2_M9_r2,capsicum,348,0.955228
FKIT,Y+X2_M9_r2,capsicum,349,0.952369
FKIT,Y+X2_M9_r2,capsicum,350,0.952350
FKIT,Y+X2_M9_r2,capsicum,351,0.954873
FKIT,Y+X2_M9_r2,capsicum,352,0.947972
FKIT,Y+X2_M9_r2,capsicum,353,0.955837
FKIT,Y+X2_M9_r2,capsicum,354,0.964288
FKIT,Y+X2_M9_r2,capsicum,355,0.965257
FKIT,Y+X2_M9_r2,capsicum,356,0.963271
FKIT,Y+X2_M9_r2,capsicum,357,0.961957
FKIT,Y+X2_M9_r2,capsicum,358,0.966056
FKIT,Y+X2_M9_r2,capsicum,359,0.954211
FKIT,Y+X2_M9_r2,capsicum,360,0.961848
FKIT,Y+X2_M9_r2,capsicum,361,0.962411
FKIT,Y+X2_M9_r2,capsicum,362,0.963356
FKIT,Y+X2_M9_r2,capsicum,363,0.962296
FKIT,Y+X2_M9_r2,capsicum,364,0.960279
FKIT,Y+X2_M9_r2,capsicum,365,0.965297
FKIT,Y+X2_M9_r2,capsicum,366,0.963181
FKIT,Y+X2_M9_r2,capsicum,367,0.962740
FKIT,Y+X2_M9_r2,capsicum,368,0.964909
FKIT,Y+X2_M9_r2,capsicum,369,0.964165
FKIT,Y+X2_M9_r2,capsicum,370,0.961431
FKIT,Y+X2_M9_r2,capsicum,371,0.965618
FKIT,Y+X2_M9_r2,capsicum,372,0.965184
FKIT,Y+X2_M9_r2,capsicum,373,0.965630
FKIT,Y+X2_M9_r2,capsicum,374,0.964479
FKIT,Y+X2_M9_r2,capsicum,375,0.965211
FKIT,Y+X2_M9_r2,capsicum,376,0.959184
FKIT,Y+X2_M9_r2,capsicum,377,0.960460
FKIT,Y+X2_M9_r2,capsicum,378,0.960131
FKIT,Y+X2_M9_r2,capsicum,379,0.926901
FKIT,Y+X2_M9_r2,capsicum,380,0.960222
FKIT,Y+X2_M9_r2,capsicum,381,0.961541
FKIT,Y+X2_M9_r2,capsicum,382,0.959762
FKIT,Y+X2_M9_r2,capsicum,383,0.959376
FKIT,Y+X2_M9_r2,capsicum,384,0.962143
FKIT,Y+X2_M9_r2,capsicum,385,0.945044
FKIT,Y+X2_M9_r2,capsicum,386,0.961715
FKIT,Y+X2_M9_r2,capsicum,387,0.959274
FKIT,Y+X2_M9_r2,capsicum,388,0.961465
FKIT,Y+X2_M9_r2,capsicum,389,0.963332
FKIT,Y+X2_M9_r2,capsicum,390,0.961289
FKIT,Y+X2_M9_r2,capsicum,391,0.960272
FKIT,Y+X2_M9_r2,capsicum,392,0.963660
FKIT,Y+X2_M9_r2,capsicum,393,0.961230
FKIT,Y+X2_M9_r2,capsicum,394,0.962724
FKIT,Y+X2_M9_r2,capsicum,395,0.964698
FKIT,Y+X2_M9_r2,capsicum,396,0.961247
FKIT,Y+X2_M9_r2,capsicum,397,0.956417
FKIT,Y+X2_M9_r2,capsicum,398,0.953475
FKIT,Y+X2_M9_r2,capsicum,399,0.955207
FKIT,Y+X2_M9_r2,capsicum,400,0.955695
FKIT,Y+X2_M9_r2,capsicum,401,0.960899
FKIT,Y+X2_M9_r2,capsicum,402,0.958717
FKIT,Y+X2_M9_r2,capsicum,403,0.957791
FKIT,Y+X2_M9_r2,capsicum,404,0.960594
FKIT,Y+X2_M9_r2,capsicum,405,0.958345
FKIT,Y+X2_M9_r2,capsicum,406,0.960904
FKIT,Y+X2_M9_r2,capsicum,407,0.959675
FKIT,Y+X2_M9_r2,capsicum,408,0.962084
FKIT,Y+X2_M9_r2,capsicum,409,0.962569
FKIT,Y+X2_M9_r2,capsicum,410,0.962118
FKIT,Y+X2_M9_r2,capsicum,411,0.961336
FKIT,Y+X2_M9_r2,capsicum,412,0.962944
FKIT,Y+X2_M9_r2,capsicum,413,0.962265
FKIT,Y+X2_M9_r2,capsicum,414,0.962558
FKIT,Y+X2_M9_r2,capsicum,415,0.962361
FKIT,Y+X2_M9_r2,capsicum,416,0.957954
FKIT,Y+X2_M9_r2,capsicum,417,0.961999
FKIT,Y+X2_M9_r2,capsicum,418,0.962173
FKIT,Y+X2_M9_r2,capsicum,419,0.963452
FKIT,Y+X2_M9_r2,capsicum,420,0.961202
FKIT,Y+X2_M9_r2,capsicum,421,0.963818
FKIT,Y+X2_M9_r2,capsicum,422,0.963707
FKIT,Y+X2_M9_r2,capsicum,423,0.964829
FKIT,Y+X2_M9_r2,capsicum,424,0.963609
FKIT,Y+X2_M9_r2,capsicum,425,0.968251
FKIT,Y+X2_M9_r2,capsicum,426,0.965564
FKIT,Y+X2_M9_r2,capsicum,427,0.963820
FKIT,Y+X2_M9_r2,capsicum,428,0.963067
FKIT,Y+X2_M9_r2,capsicum,429,0.948586
FKIT,Y+X2_M9_r2,capsicum,430,0.958849
FKIT,Y+X2_M9_r2,capsicum,431,0.964452
FKIT,Y+X2_M9_r2,capsicum,432,0.962381
FKIT,Y+X2_M9_r2,capsicum,433,0.965089
FKIT,Y+X2_M9_r2,capsicum,434,0.966231
FKIT,Y+X2_M9_r2,capsicum,435,0.963260
FKIT,Y+X2_M9_r2,capsicum,436,0.961449
FKIT,Y+X2_M9_r2,capsicum,437,0.964897
FKIT,Y+X2_M9_r2,capsicum,438,0.968726
FKIT,Y+X2_M9_r2,capsicum,439,0.966845
FKIT,Y+X2_M9_r2,capsicum,440,0.968723
FKIT,Y+X2_M9_r2,capsicum,441,0.967917
FKIT,Y+X2_M9_r2,capsicum,442,0.961147
FKIT,Y+X2_M9_r2,capsicum,443,0.968288
FKIT,Y+X2_M9_r2,capsicum,444,0.966345
FKIT,Y+X2_M9_r2,capsicum,445,0.966063
FKIT,Y+X2_M9_r2,capsicum,446,0.967297
FKIT,Y+X2_M9_r2,capsicum,447,0.968268
FKIT,Y+X2_M9_r2,capsicum,448,0.969647
FKIT,Y+X2_M9_r2,capsicum,449,0.965812
FKIT,Y+X2_M9_r2,capsicum,450,0.959907
FKIT,Y+X2_M9_r2,capsicum,451,0.962901
FKIT,Y+X2_M9_r2,capsicum,452,0.956058
FKIT,Y+X2_M9_r2,capsicum,453,0.960575
FKIT,Y+X2_M9_r2,capsicum,454,0.969748
FKIT,Y+X2_M9_r2,capsicum,455,0.965656
FKIT,Y+X2_M9_r2,capsicum,456,0.965475
FKIT,Y+X2_M9_r2,capsicum,457,0.968180
FKIT,Y+X2_M9_r2,capsicum,458,0.969375
FKIT,Y+X2_M9_r2,capsicum,459,0.956868
FKIT,Y+X2_M9_r2,capsicum,460,0.965333
FKIT,Y+X2_M9_r2,capsicum,461,0.959972
FKIT,Y+X2_M9_r2,capsicum,462,0.963298
FKIT,Y+X2_M9_r2,capsicum,463,0.966138
FKIT,Y+X2_M9_r2,capsicum,464,0.966704
FKIT,Y+X2_M9_r2,capsicum,465,0.960021
FKIT,Y+X2_M9_r2,capsicum,466,0.966477
FKIT,Y+X2_M9_r2,capsicum,467,0.965449
FKIT,Y+X2_M9_r2,capsicum,468,0.967022
FKIT,Y+X2_M9_r2,capsicum,469,0.965992
FKIT,Y+X2_M9_r2,capsicum,470,0.966336
FKIT,Y+X2_M9_r2,capsicum,471,0.968658
FKIT,Y+X2_M9_r2,capsicum,472,0.968854
FKIT,Y+X2_M9_r2,capsicum,473,0.967271
FKIT,Y+X2_M9_r2,capsicum,474,0.970688
FKIT,Y+X2_M9_r2,capsicum,475,0.968168
FKIT,Y+X2_M9_r2,capsicum,476,0.970754
FKIT,Y+X2_M9_r2,capsicum,477,0.971263
FKIT,Y+X2_M9_r2,capsicum,478,0.969993
FKIT,Y+X2_M9_r2,capsicum,479,0.969719
FKIT,Y+X2_M9_r2,capsicum,480,0.971861
FKIT,Y+X2_M9_r2,capsicum,481,0.972001
FKIT,Y+X2_M9_r2,capsicum,482,0.972364
FKIT,Y+X2_M9_r2,capsicum,483,0.972748
FKIT,Y+X2_M9_r2,capsicum,484,0.972275
FKIT,Y+X2_M9_r2,capsicum,485,0.973599
FKIT,Y+X2_M9_r2,capsicum,486,0.972301
FKIT,Y+X2_M9_r2,capsicum,487,0.969994
FKIT,Y+X2_M9_r2,capsicum,488,0.969846
FKIT,Y+X2_M9_r2,capsicum,489,0.971292
FKIT,Y+X2_M9_r2,capsicum,490,0.970641
FKIT,Y+X2_M9_r2,capsicum,491,0.967987
FKIT,Y+X2_M9_r2,capsicum,492,0.968908
FKIT,Y+X2_M9_r2,capsicum,493,0.968931
FKIT,Y+X2_M9_r2,capsicum,494,0.972069
FKIT,Y+X2_M9_r2,capsicum,495,0.966771
FKIT,Y+X2_M9_r2,capsicum,496,0.970325
FKIT,Y+X2_M9_r2,capsicum,497,0.967093
FKIT,Y+X2_M9_r2,capsicum,498,0.970324
FKIT,Y+X2_M9_r2,capsicum,499,0.969999
FKIT,Y+X2_M9_r2,capsicum,500,0.968803
FKIT,Y+X2_M9_r2,capsicum,501,0.970095
FKIT,Y+X2_M9_r2,capsicum,502,0.972050
FKIT,Y+X2_M9_r2,capsicum,503,0.972194
FKIT,Y+X2_M9_r2,capsicum,504,0.973172
FKIT,Y+X2_M9_r2,capsicum,505,0.970320
FKIT,Y+X2_M9_r2,capsicum,506,0.973168
FKIT,Y+X2_M9_r2,capsicum,507,0.973361
FKIT,Y+X2_M9_r2,capsicum,508,0.973979
FKIT,Y+X2_M9_r2,capsicum,509,0.974171
FKIT,Y+X2_M9_r2,capsicum,510,0.975116
FKIT,Y+X2_M9_r2,capsicum,511,0.973049
FKIT,Y+X2_M9_r2,capsicum,512,0.972590
FKIT,Y+X2_M9_r2,capsicum,513,0.975443
FKIT,Y+X2_M9_r2,capsicum,514,0.971811
FKIT,Y+X2_M9_r2,capsicum,515,0.971309
FKIT,Y+X2_M9_r2,capsicum,516,0.974668
FKIT,Y+X2_M9_r2,capsicum,517,0.971005
FKIT,Y+X2_M9_r2,capsicum,518,0.974042
FKIT,Y+X2_M9_r2,capsicum,519,0.975769
FKIT,Y+X2_M9_r2,capsicum,520,0.972882
FKIT,Y+X2_M9_r2,capsicum,521,0.971019
FKIT,Y+X2_M9_r2,capsicum,522,0.974337
FKIT,Y+X2_M9_r2,capsicum,523,0.973467
FKIT,Y+X2_M9_r2,capsicum,524,0.973876
FKIT,Y+X2_M9_r2,capsicum,525,0.974700
FKIT,Y+X2_M9_r2,capsicum,526,0.976971
FKIT,Y+X2_M9_r2,capsicum,527,0.974061
FKIT,Y+X2_M9_r2,capsicum,528,0.971583
FKIT,Y+X2_M9_r2,capsicum,529,0.972028
FKIT,Y+X2_M9_r2,capsicum,530,0.975419
FKIT,Y+X2_M9_r2,capsicum,531,0.974845
FKIT,Y+X2_M9_r2,capsicum,532,0.976394
FKIT,Y+X2_M9_r2,capsicum,533,0.978784
FKIT,Y+X2_M9_r2,capsicum,534,0.978368
FKIT,Y+X2_M9_r2,capsicum,535,0.978734
FKIT,Y+X2_M9_r2,capsicum,536,0.977006
FKIT,Y+X2_M9_r2,capsicum,537,0.978916
FKIT,Y+X2_M9_r2,capsicum,538,0.979152
FKIT,Y+X2_M9_r2,capsicum,539,0.976842
FKIT,Y+X2_M9_r2,capsicum,540,0.977486
FKIT,Y+X2_M9_r2,capsicum,541,0.974944
FKIT,Y+X2_M9_r2,capsicum,542,0.973395
FKIT,Y+X2_M9_r2,capsicum,543,0.974746
FKIT,Y+X2_M9_r2,capsicum,544,0.975243
FKIT,Y+X2_M9_r2,capsicum,545,0.975549
FKIT,Y+X2_M9_r2,capsicum,546,0.976782
FKIT,Y+X2_M9_r2,capsicum,547,0.978910
FKIT,Y+X2_M9_r2,capsicum,548,0.974571
FKIT,Y+X2_M9_r2,capsicum,549,0.977241
FKIT,Y+X2_M9_r2,capsicum,550,0.974580
FKIT,Y+X2_M9_r2,capsicum,551,0.976760
FKIT,Y+X2_M9_r2,capsicum,552,0.976113
FKIT,Y+X2_M9_r2,capsicum,553,0.974558
FKIT,Y+X2_M9_r2,capsicum,554,0.975027
FKIT,Y+X2_M9_r2,capsicum,555,0.977663
FKIT,Y+X2_M9_r2,capsicum,556,0.974426
FKIT,Y+X2_M9_r2,capsicum,557,0.977327
FKIT,Y+X2_M9_r2,capsicum,558,0.976086
FKIT,Y+X2_M9_r2,capsicum,559,0.976375
FKIT,Y+X2_M9_r2,capsicum,560,0.974046
FKIT,Y+X2_M9_r2,capsicum,561,0.974937
FKIT,Y+X2_M9_r2,capsicum,562,0.974676
FKIT,Y+X2_M9_r2,capsicum,563,0.975838
FKIT,Y+X2_M9_r2,capsicum,564,0.978910
FKIT,Y+X2_M9_r2,capsicum,565,0.977726
FKIT,Y+X2_M9_r2,capsicum,566,0.974562
FKIT,Y+X2_M9_r2,capsicum,567,0.973039
FKIT,Y+X2_M9_r2,capsicum,568,0.973738
FKIT,Y+X2_M9_r2,capsicum,569,0.970361
FKIT,Y+X2_M9_r2,capsicum,570,0.973805
FKIT,Y+X2_M9_r2,capsicum,571,0.977564
FKIT,Y+X2_M9_r2,capsicum,572,0.970225
FKIT,Y+X2_M9_r2,capsicum,573,0.970688
FKIT,Y+X2_M9_r2,capsicum,574,0.971894
FKIT,Y+X2_M9_r2,capsicum,575,0.973401
FKIT,Y+X2_M9_r2,capsicum,576,0.972653
FKIT,Y+X2_M9_r2,capsicum,577,0.969472
FKIT,Y+X2_M9_r2,capsicum,578,0.971273
FKIT,Y+X2_M9_r2,capsicum,579,0.975323
FKIT,Y+X2_M9_r2,capsicum,580,0.975830
FKIT,Y+X2_M9_r2,capsicum,581,0.975670
FKIT,Y+X2_M9_r2,capsicum,582,0.978159
FKIT,Y+X2_M9_r2,capsicum,583,0.974876
FKIT,Y+X2_M9_r2,capsicum,584,0.978302
FKIT,Y+X2_M9_r2,capsicum,585,0.980018
FKIT,Y+X2_M9_r2,capsicum,586,0.979450
FKIT,Y+X2_M9_r2,capsicum,587,0.979484
FKIT,Y+X2_M9_r2,capsicum,588,0.975206
FKIT,Y+X2_M9_r2,capsicum,589,0.976933
FKIT,Y+X2_M9_r2,capsicum,590,0.977194
FKIT,Y+X2_M9_r2,capsicum,591,0.977381
FKIT,Y+X2_M9_r2,capsicum,592,0.976448
FKIT,Y+X2_M9_r2,capsicum,593,0.977380
FKIT,Y+X2_M9_r2,capsicum,594,0.979883
FKIT,Y+X2_M9_r2,capsicum,595,0.979204
FKIT,Y+X2_M9_r2,capsicum,596,0.974619
FKIT,Y+X2_M9_r2,capsicum,597,0.976738
FKIT,Y+X2_M9_r2,capsicum,598,0.975172
FKIT,Y+X2_M9_r2,capsicum,599,0.974844
FKIT,Y+X2_M9_r2,capsicum,600,0.978532
FKIT,Y+X2_M9_r2,capsicum,601,0.977049
FKIT,Y+X2_M9_r2,capsicum,602,0.974443
FKIT,Y+X2_M9_r2,capsicum,603,0.975201
FKIT,Y+X2_M9_r2,capsicum,604,0.979601
FKIT,Y+X2_M9_r2,capsicum,605,0.978040
FKIT,Y+X2_M9_r2,capsicum,606,0.975649
FKIT,Y+X2_M9_r2,capsicum,607,0.974187
FKIT,Y+X2_M9_r2,capsicum,608,0.977036
FKIT,Y+X2_M9_r2,capsicum,609,0.975984
FKIT,Y+X2_M9_r2,capsicum,610,0.975887
FKIT,Y+X2_M9_r2,capsicum,611,0.974973
FKIT,Y+X2_M9_r2,capsicum,612,0.976553
FKIT,Y+X2_M9_r2,capsicum,613,0.974908
FKIT,Y+X2_M9_r2,capsicum,614,0.975970
FKIT,Y+X2_M9_r2,capsicum,615,0.978875
FKIT,Y+X2_M9_r2,capsicum,616,0.973217
FKIT,Y+X2_M9_r2,capsicum,617,0.962885
FKIT,Y+X2_M9_r2,capsicum,618,0.971543
FKIT,Y+X2_M9_r2,capsicum,619,0.971197
FKIT,Y+X2_M9_r2,capsicum,620,0.970782
FKIT,Y+X2_M9_r2,capsicum,621,0.962929
FKIT,Y+X2_M9_r2,capsicum,622,0.962082
FKIT,Y+X2_M9_r2,capsicum,623,0.967582
FKIT,Y+X2_M9_r2,capsicum,624,0.971784
FKIT,Y+X2_M9_r2,capsicum,625,0.972753
FKIT,Y+X2_M9_r2,capsicum,626,0.970779
FKIT,Y+X2_M9_r2,capsicum,627,0.969069
FKIT,Y+X2_M9_r2,capsicum,628,0.969342
FKIT,Y+X2_M9_r2,capsicum,629,0.973011
FKIT,Y+X2_M9_r2,capsicum,630,0.969511
FKIT,Y+X2_M9_r2,capsicum,631,0.970698
FKIT,Y+X2_M9_r2,capsicum,632,0.972504
FKIT,Y+X2_M9_r2,capsicum,633,0.973143
FKIT,Y+X2_M9_r2,capsicum,634,0.974776
FKIT,Y+X2_M9_r2,capsicum,635,0.976209
FKIT,Y+X2_M9_r2,capsicum,636,0.974556
FKIT,Y+X2_M9_r2,capsicum,637,0.974546
FKIT,Y+X2_M9_r2,capsicum,638,0.974217
FKIT,Y+X2_M9_r2,capsicum,639,0.968885
FKIT,Y+X2_M9_r2,capsicum,640,0.965747
FKIT,Y+X2_M9_r2,capsicum,641,0.969319
FKIT,Y+X2_M9_r2,capsicum,642,0.959966
FKIT,Y+X2_M9_r2,capsicum,643,0.966487
FKIT,Y+X2_M9_r2,capsicum,644,0.962455
FKIT,Y+X2_M9_r2,capsicum,645,0.937085
FKIT,Y+X2_M9_r2,capsicum,646,0.965954
FKIT,Y+X2_M9_r2,capsicum,647,0.965584
FKIT,Y+X2_M9_r2,capsicum,648,0.966206
FKIT,Y+X2_M9_r2,capsicum,649,0.959447
FKIT,Y+X2_M9_r2,capsicum,650,0.958650
FKIT,Y+X2_M9_r2,capsicum,651,0.963448
FKIT,Y+X2_M9_r2,capsicum,652,0.960560
FKIT,Y+X2_M9_r2,capsicum,653,0.957221
FKIT,Y+X2_M9_r2,capsicum,654,0.957881
FKIT,Y+X2_M9_r2,capsicum,655,0.957582
FKIT,Y+X2_M9_r2,capsicum,656,0.958138
FKIT,Y+X2_M9_r2,capsicum,657,0.958837
FKIT,Y+X2_M9_r2,capsicum,658,0.959415
FKIT,Y+X2_M9_r2,capsicum,659,0.965098
FKIT,Y+X2_M9_r2,capsicum,660,0.960915
FKIT,Y+X2_M9_r2,capsicum,661,0.960167
FKIT,Y+X2_M9_r2,capsicum,662,0.962192
FKIT,Y+X2_M9_r2,capsicum,663,0.956867
FKIT,Y+X2_M9_r2,capsicum,664,0.963446
FKIT,Y+X2_M9_r2,capsicum,665,0.962915
FKIT,Y+X2_M9_r2,capsicum,666,0.961469
FKIT,Y+X2_M9_r2,capsicum,667,0.959366
FKIT,Y+X2_M9_r2,capsicum,668,0.960555
FKIT,Y+X2_M9_r2,capsicum,669,0.962449
FKIT,Y+X2_M9_r2,capsicum,670,0.961664
FKIT,Y+X2_M9_r2,capsicum,671,0.964867
FKIT,Y+X2_M9_r2,capsicum,672,0.960709
FKIT,Y+X2_M9_r2,capsicum,673,0.959173
FKIT,Y+X2_M9_r2,capsicum,674,0.961771
FKIT,Y+X2_M9_r2,capsicum,675,0.962258
FKIT,Y+X2_M9_r2,capsicum,676,0.964591
FKIT,Y+X2_M9_r2,capsicum,677,0.962920
FKIT,Y+X2_M9_r2,capsicum,678,0.963888
FKIT,Y+X2_M9_r2,capsicum,679,0.966333
FKIT,Y+X2_M9_r2,capsicum,680,0.967475
FKIT,Y+X2_M9_r2,capsicum,681,0.964612
FKIT,Y+X2_M9_r2,capsicum,682,0.963666
FKIT,Y+X2_M9_r2,capsicum,683,0.964203
FKIT,Y+X2_M9_r2,capsicum,684,0.969326
FKIT,Y+X2_M9_r2,capsicum,685,0.969903
FKIT,Y+X2_M9_r2,capsicum,686,0.971993
FKIT,Y+X2_M9_r2,capsicum,687,0.970793
FKIT,Y+X2_M9_r2,capsicum,688,0.968698
FKIT,Y+X2_M9_r2,capsicum,689,0.966088
FKIT,Y+X2_M9_r2,capsicum,690,0.967927
FKIT,Y+X2_M9_r2,capsicum,691,0.970835
FKIT,Y+X2_M9_r2,capsicum,692,0.967765
FKIT,Y+X2_M9_r2,capsicum,693,0.968118
FKIT,Y+X2_M9_r2,capsicum,694,0.972388
FKIT,Y+X2_M9_r2,capsicum,695,0.972499
FKIT,Y+X2_M9_r2,capsicum,696,0.968405
FKIT,Y+X2_M9_r2,capsicum,697,0.971613
FKIT,Y+X2_M9_r2,capsicum,698,0.971278
FKIT,Y+X2_M9_r2,capsicum,699,0.971444
FKIT,Y+X2_M9_r2,capsicum,700,0.971787
FKIT,Y+X2_M9_r2,capsicum,701,0.974087
FKIT,Y+X2_M9_r2,capsicum,702,0.966864
FKIT,Y+X2_M9_r2,capsicum,703,0.969549
FKIT,Y+X2_M9_r2,capsicum,704,0.974350
FKIT,Y+X2_M9_r2,capsicum,705,0.974162
FKIT,Y+X2_M9_r2,capsicum,706,0.972250
FKIT,Y+X2_M9_r2,capsicum,707,0.970964
FKIT,Y+X2_M9_r2,capsicum,708,0.975105
FKIT,Y+X2_M9_r2,capsicum,709,0.973380
FKIT,Y+X2_M9_r2,capsicum,710,0.973911
FKIT,Y+X2_M9_r2,capsicum,711,0.975067
FKIT,Y+X2_M9_r2,capsicum,712,0.973067
FKIT,Y+X2_M9_r2,capsicum,713,0.972610
FKIT,Y+X2_M9_r2,capsicum,714,0.976558
FKIT,Y+X2_M9_r2,capsicum,715,0.973362
FKIT,Y+X2_M9_r2,capsicum,716,0.974261
FKIT,Y+X2_M9_r2,capsicum,717,0.975318
FKIT,Y+X2_M9_r2,capsicum,718,0.975030
FKIT,Y+X2_M9_r2,capsicum,719,0.976245
FKIT,Y+X2_M9_r2,capsicum,720,0.969658
FKIT,Y+X2_M9_r2,capsicum,721,0.970109
FKIT,Y+X2_M9_r2,capsicum,722,0.972988
FKIT,Y+X2_M9_r2,capsicum,723,0.970210
FKIT,Y+X2_M9_r2,capsicum,724,0.977883
FKIT,Y+X2_M9_r2,capsicum,725,0.971968
FKIT,Y+X2_M9_r2,capsicum,726,0.965914
FKIT,Y+X2_M9_r2,capsicum,727,0.970500
FKIT,Y+X2_M9_r2,capsicum,728,0.966204
FKIT,Y+X2_M9_r2,capsicum,729,0.966381
FKIT,Y+X2_M9_r2,capsicum,730,0.964701
FKIT,Y+X2_M9_r2,capsicum,731,0.969071
FKIT,Y+X2_M9_r2,capsicum,732,0.970367
FKIT,Y+X2_M9_r2,capsicum,733,0.967782
FKIT,Y+X2_M9_r2,capsicum,734,0.972634
FKIT,Y+X2_M9_r2,capsicum,735,0.973455
FKIT,Y+X2_M9_r2,capsicum,736,0.972470
FKIT,Y+X2_M9_r2,capsicum,737,0.975322
FKIT,Y+X2_M9_r2,capsicum,738,0.974751
FKIT,Y+X2_M9_r2,capsicum,739,0.970271
FKIT,Y+X2_M9_r2,capsicum,740,0.972006
FKIT,Y+X2_M9_r2,capsicum,741,0.973453
FKIT,Y+X2_M9_r2,capsicum,742,0.972091
FKIT,Y+X2_M9_r2,capsicum,743,0.975290
FKIT,Y+X2_M9_r2,capsicum,744,0.969548
FKIT,Y+X2_M9_r2,capsicum,745,0.971693
FKIT,Y+X2_M9_r2,capsicum,746,0.975652
FKIT,Y+X2_M9_r2,capsicum,747,0.974056
FKIT,Y+X2_M9_r2,capsicum,748,0.972051
FKIT,Y+X2_M9_r2,capsicum,749,0.974095
FKIT,Y+X2_M9_r2,capsicum,750,0.970066
FKIT,Y+X2_M9_r2,capsicum,751,0.971303
FKIT,Y+X2_M9_r2,capsicum,752,0.973941
FKIT,Y+X2_M9_r2,capsicum,753,0.968811
FKIT,Y+X2_M9_r2,capsicum,754,0.977193
FKIT,Y+X2_M9_r2,capsicum,755,0.977153
FKIT,Y+X2_M9_r2,capsicum,756,0.973971
FKIT,Y+X2_M9_r2,capsicum,757,0.978965
FKIT,Y+X2_M9_r2,capsicum,758,0.975740
FKIT,Y+X2_M9_r2,capsicum,759,0.975646
FKIT,Y+X2_M9_r2,capsicum,760,0.972144
FKIT,Y+X2_M9_r2,capsicum,761,0.970497
FKIT,Y+X2_M9_r2,capsicum,762,0.973257
FKIT,Y+X2_M9_r2,capsicum,763,0.970199
FKIT,Y+X2_M9_r2,capsicum,764,0.974573
FKIT,Y+X2_M9_r2,capsicum,765,0.976728
FKIT,Y+X2_M9_r2,capsicum,766,0.973967
FKIT,Y+X2_M9_r2,capsicum,767,0.974609
FKIT,Y+X2_M9_r2,capsicum,768,0.976107
FKIT,Y+X2_M9_r2,capsicum,769,0.974405
FKIT,Y+X2_M9_r2,capsicum,770,0.973977
FKIT,Y+X2_M9_r2,capsicum,771,0.972925
FKIT,Y+X2_M9_r2,capsicum,772,0.970579
FKIT,Y+X2_M9_r2,capsicum,773,0.972746
FKIT,Y+X2_M9_r2,capsicum,774,0.973701
FKIT,Y+X2_M9_r2,capsicum,775,0.973575
FKIT,Y+X2_M9_r2,capsicum,776,0.975884
FKIT,Y+X2_M9_r2,capsicum,777,0.974902
FKIT,Y+X2_M9_r2,capsicum,778,0.973315
FKIT,Y+X2_M9_r2,capsicum,779,0.977261
FKIT,Y+X2_M9_r2,capsicum,780,0.977809
FKIT,Y+X2_M9_r2,capsicum,781,0.974187
FKIT,Y+X2_M9_r2,capsicum,782,0.976568
FKIT,Y+X2_M9_r2,capsicum,783,0.977922
FKIT,Y+X2_M9_r2,capsicum,784,0.974219
FKIT,Y+X2_M9_r2,capsicum,785,0.973584
FKIT,Y+X2_M9_r2,capsicum,786,0.973243
FKIT,Y+X2_M9_r2,capsicum,787,0.978458
FKIT,Y+X2_M9_r2,capsicum,788,0.976519
FKIT,Y+X2_M9_r2,capsicum,789,0.972636
FKIT,Y+X2_M9_r2,capsicum,790,0.975051
FKIT,Y+X2_M9_r2,capsicum,791,0.976615
FKIT,Y+X2_M9_r2,capsicum,792,0.978021
FKIT,Y+X2_M9_r2,capsicum,793,0.977654
FKIT,Y+X2_M9_r2,capsicum,794,0.978167
FKIT,Y+X2_M9_r2,capsicum,795,0.980066
FKIT,Y+X2_M9_r2,capsicum,796,0.978462
FKIT,Y+X2_M9_r2,capsicum,797,0.977903
FKIT,Y+X2_M9_r2,capsicum,798,0.978283
FKIT,Y+X2_M9_r2,capsicum,799,0.977352
FKIT,Y+X2_M9_r2,capsicum,800,0.976298
FKIT,Y+X2_M9_r2,capsicum,801,0.971320
FKIT,Y+X2_M9_r2,capsicum,802,0.971517
FKIT,Y+X2_M9_r2,capsicum,803,0.966051
FKIT,Y+X2_M9_r2,capsicum,804,0.977442
FKIT,Y+X2_M9_r2,capsicum,805,0.975493
FKIT,Y+X2_M9_r2,capsicum,806,0.971817
FKIT,Y+X2_M9_r2,capsicum,807,0.970872
FKIT,Y+X2_M9_r2,capsicum,808,0.970046
FKIT,Y+X2_M9_r2,capsicum,809,0.972082
FKIT,Y+X2_M9_r2,capsicum,810,0.970759
FKIT,Y+X2_M9_r2,capsicum,811,0.966752
FKIT,Y+X2_M9_r2,capsicum,812,0.964674
FKIT,Y+X2_M9_r2,capsicum,813,0.965058
FKIT,Y+X2_M9_r2,capsicum,814,0.969154
FKIT,Y+X2_M9_r2,capsicum,815,0.968280
FKIT,Y+X2_M9_r2,capsicum,816,0.966705
FKIT,Y+X2_M9_r2,capsicum,817,0.968714
FKIT,Y+X2_M9_r2,capsicum,818,0.966090
FKIT,Y+X2_M9_r2,capsicum,819,0.968539
FKIT,Y+X2_M9_r2,capsicum,820,0.972007
FKIT,Y+X2_M9_r2,capsicum,821,0.967769
FKIT,Y+X2_M9_r2,capsicum,822,0.966610
FKIT,Y+X2_M9_r2,capsicum,823,0.967683
FKIT,Y+X2_M9_r2,capsicum,824,0.968674
FKIT,Y+X2_M9_r2,capsicum,825,0.962983
FKIT,Y+X2_M9_r2,capsicum,826,0.962999
FKIT,Y+X2_M9_r2,capsicum,827,0.962666
FKIT,Y+X2_M9_r2,capsicum,828,0.963845
FKIT,Y+X2_M9_r2,capsicum,829,0.961858
FKIT,Y+X2_M9_r2,capsicum,830,0.963051
FKIT,Y+X2_M9_r2,capsicum,831,0.967694
FKIT,Y+X2_M9_r2,capsicum,832,0.967941
FKIT,Y+X2_M9_r2,capsicum,833,0.965552
FKIT,Y+X2_M9_r2,capsicum,834,0.968006
FKIT,Y+X2_M9_r2,capsicum,835,0.967361
FKIT,Y+X2_M9_r2,capsicum,836,0.969172
FKIT,Y+X2_M9_r2,capsicum,837,0.966144
FKIT,Y+X2_M9_r2,capsicum,838,0.965471
FKIT,Y+X2_M9_r2,capsicum,839,0.971944
FKIT,Y+X2_M9_r2,capsicum,840,0.968743
FKIT,Y+X2_M9_r2,capsicum,841,0.970394
FKIT,Y+X2_M9_r2,capsicum,842,0.969648
FKIT,Y+X2_M9_r2,capsicum,843,0.964750
FKIT,Y+X2_M9_r2,capsicum,844,0.969155
FKIT,Y+X2_M9_r2,capsicum,845,0.970092
FKIT,Y+X2_M9_r2,capsicum,846,0.970303
FKIT,Y+X2_M9_r2,capsicum,847,0.969008
FKIT,Y+X2_M9_r2,capsicum,848,0.968805
FKIT,Y+X2_M9_r2,capsicum,849,0.966684
FKIT,Y+X2_M9_r2,capsicum,850,0.964775
FKIT,Y+X2_M9_r2,capsicum,851,0.961754
FKIT,Y+X2_M9_r2,capsicum,852,0.962446
FKIT,Y+X2_M9_r2,capsicum,853,0.962423
FKIT,Y+X2_M9_r2,capsicum,854,0.963848
FKIT,Y+X2_M9_r2,capsicum,855,0.960249
FKIT,Y+X2_M9_r2,capsicum,856,0.951463
FKIT,Y+X2_M9_r2,capsicum,857,0.030797
FKIT,Y+X2_M9_r2,capsicum,858,0.741032
FKIT,Y+X2_M9_r2,capsicum,859,0.953997
FKIT,Y+X2_M9_r2,capsicum,860,0.958477
FKIT,Y+X2_M9_r2,capsicum,861,0.955746
FKIT,Y+X2_M9_r2,capsicum,862,0.954600
FKIT,Y+X2_M9_r2,capsicum,863,0.956061
FKIT,Y+X2_M9_r2,capsicum,864,0.956668
FKIT,Y+X2_M9_r2,capsicum,865,0.959351
FKIT,Y+X2_M9_r2,capsicum,866,0.958446
FKIT,Y+X2_M9_r2,capsicum,867,0.957557
FKIT,Y+X2_M9_r2,capsicum,868,0.960586
FKIT,Y+X2_M9_r2,capsicum,869,0.958434
FKIT,Y+X2_M9_r2,capsicum,870,0.957482
FKIT,Y+X2_M9_r2,capsicum,871,0.961871
FKIT,Y+X2_M9_r2,capsicum,872,0.959727
FKIT,Y+X2_M9_r2,capsicum,873,0.959553
FKIT,Y+X2_M9_r2,capsicum,874,0.964476
FKIT,Y+X2_M9_r2,capsicum,875,0.964656
FKIT,Y+X2_M9_r2,capsicum,876,0.965781
FKIT,Y+X2_M9_r2,capsicum,877,0.966085
FKIT,Y+X2_M9_r2,capsicum,878,0.968100
FKIT,Y+X2_M9_r2,capsicum,879,0.969834
FKIT,Y+X2_M9_r2,capsicum,880,0.965261
FKIT,Y+X2_M9_r2,chocolate_bomb,0,0.960531
FKIT,Y+X2_M9_r2,chocolate_bomb,1,0.967867
FKIT,Y+X2_M9_r2,chocolate_bomb,2,0.965740
FKIT,Y+X2_M9_r2,chocolate_bomb,3,0.967366
FKIT,Y+X2_M9_r2,chocolate_bomb,4,0.954180
FKIT,Y+X2_M9_r2,chocolate_bomb,5,0.942326
FKIT,Y+X2_M9_r2,chocolate_bomb,6,0.962133
FKIT,Y+X2_M9_r2,chocolate_bomb,7,0.968703
FKIT,Y+X2_M9_r2,chocolate_bomb,8,0.965689
FKIT,Y+X2_M9_r2,chocolate_bomb,9,0.967675
FKIT,Y+X2_M9_r2,chocolate_bomb,10,0.956377
FKIT,Y+X2_M9_r2,chocolate_bomb,11,0.967678
FKIT,Y+X2_M9_r2,chocolate_bomb,12,0.972474
FKIT,Y+X2_M9_r2,chocolate_bomb,13,0.970307
FKIT,Y+X2_M9_r2,chocolate_bomb,14,0.980780
FKIT,Y+X2_M9_r2,chocolate_bomb,15,0.978306
FKIT,Y+X2_M9_r2,chocolate_bomb,16,0.977737
FKIT,Y+X2_M9_r2,chocolate_bomb,17,0.979592
FKIT,Y+X2_M9_r2,chocolate_bomb,18,0.982709
FKIT,Y+X2_M9_r2,chocolate_bomb,19,0.976973
FKIT,Y+X2_M9_r2,chocolate_bomb,20,0.978993
FKIT,Y+X2_M9_r2,chocolate_bomb,21,0.984708
FKIT,Y+X2_M9_r2,chocolate_bomb,22,0.983594
FKIT,Y+X2_M9_r2,chocolate_bomb,23,0.985799
FKIT,Y+X2_M9_r2,chocolate_bomb,24,0.982149
FKIT,Y+X2_M9_r2,chocolate_bomb,25,0.981205
FKIT,Y+X2_M9_r2,chocolate_bomb,26,0.979917
FKIT,Y+X2_M9_r2,chocolate_bomb,27,0.979383
FKIT,Y+X2_M9_r2,chocolate_bomb,28,0.983029
FKIT,Y+X2_M9_r2,chocolate_bomb,29,0.980683
FKIT,Y+X2_M9_r2,chocolate_bomb,30,0.985055
FKIT,Y+X2_M9_r2,chocolate_bomb,31,0.983335
FKIT,Y+X2_M9_r2,chocolate_bomb,32,0.986102
FKIT,Y+X2_M9_r2,chocolate_bomb,33,0.986087
FKIT,Y+X2_M9_r2,chocolate_bomb,34,0.985893
FKIT,Y+X2_M9_r2,chocolate_bomb,35,0.985279
FKIT,Y+X2_M9_r2,chocolate_bomb,36,0.984442
FKIT,Y+X2_M9_r2,chocolate_bomb,37,0.987197
FKIT,Y+X2_M9_r2,chocolate_bomb,38,0.986234
FKIT,Y+X2_M9_r2,chocolate_bomb,39,0.986349
FKIT,Y+X2_M9_r2,chocolate_bomb,40,0.984609
FKIT,Y+X2_M9_r2,chocolate_bomb,41,0.987486
FKIT,Y+X2_M9_r2,chocolate_bomb,42,0.986920
FKIT,Y+X2_M9_r2,chocolate_bomb,43,0.986882
FKIT,Y+X2_M9_r2,chocolate_bomb,44,0.985782
FKIT,Y+X2_M9_r2,chocolate_bomb,45,0.985898
FKIT,Y+X2_M9_r2,chocolate_bomb,46,0.987906
FKIT,Y+X2_M9_r2,chocolate_bomb,47,0.988449
FKIT,Y+X2_M9_r2,chocolate_bomb,48,0.983927
FKIT,Y+X2_M9_r2,chocolate_bomb,49,0.986117
FKIT,Y+X2_M9_r2,chocolate_bomb,50,0.983701
FKIT,Y+X2_M9_r2,chocolate_bomb,51,0.985500
FKIT,Y+X2_M9_r2,chocolate_bomb,52,0.984720
FKIT,Y+X2_M9_r2,chocolate_bomb,53,0.981750
FKIT,Y+X2_M9_r2,chocolate_bomb,54,0.986123
FKIT,Y+X2_M9_r2,chocolate_bomb,55,0.986467
FKIT,Y+X2_M9_r2,chocolate_bomb,56,0.987827
FKIT,Y+X2_M9_r2,chocolate_bomb,57,0.986966
FKIT,Y+X2_M9_r2,chocolate_bomb,58,0.985685
FKIT,Y+X2_M9_r2,chocolate_bomb,59,0.986629
FKIT,Y+X2_M9_r2,chocolate_bomb,60,0.985995
FKIT,Y+X2_M9_r2,chocolate_bomb,61,0.985875
FKIT,Y+X2_M9_r2,chocolate_bomb,62,0.986510
FKIT,Y+X2_M9_r2,chocolate_bomb,63,0.984738
FKIT,Y+X2_M9_r2,chocolate_bomb,64,0.985491
FKIT,Y+X2_M9_r2,chocolate_bomb,65,0.986632
FKIT,Y+X2_M9_r2,chocolate_bomb,66,0.984942
FKIT,Y+X2_M9_r2,chocolate_bomb,67,0.982603
FKIT,Y+X2_M9_r2,chocolate_bomb,68,0.988380
FKIT,Y+X2_M9_r2,chocolate_bomb,69,0.982632
FKIT,Y+X2_M9_r2,chocolate_bomb,70,0.982031
FKIT,Y+X2_M9_r2,chocolate_bomb,71,0.981657
FKIT,Y+X2_M9_r2,chocolate_bomb,72,0.984711
FKIT,Y+X2_M9_r2,chocolate_bomb,73,0.978956
FKIT,Y+X2_M9_r2,chocolate_bomb,74,0.978764
FKIT,Y+X2_M9_r2,chocolate_bomb,75,0.984900
FKIT,Y+X2_M9_r2,chocolate_bomb,76,0.980880
FKIT,Y+X2_M9_r2,chocolate_bomb,77,0.979903
FKIT,Y+X2_M9_r2,chocolate_bomb,78,0.984283
FKIT,Y+X2_M9_r2,chocolate_bomb,79,0.986822
FKIT,Y+X2_M9_r2,chocolate_bomb,80,0.979049
FKIT,Y+X2_M9_r2,chocolate_bomb,81,0.982997
FKIT,Y+X2_M9_r2,chocolate_bomb,82,0.975345
FKIT,Y+X2_M9_r2,chocolate_bomb,83,0.982261
FKIT,Y+X2_M9_r2,chocolate_bomb,84,0.983664
FKIT,Y+X2_M9_r2,chocolate_bomb,85,0.982965
FKIT,Y+X2_M9_r2,chocolate_bomb,86,0.981336
FKIT,Y+X2_M9_r2,chocolate_bomb,87,0.982414
FKIT,Y+X2_M9_r2,chocolate_bomb,88,0.984851
FKIT,Y+X2_M9_r2,chocolate_bomb,89,0.985045
FKIT,Y+X2_M9_r2,chocolate_bomb,90,0.981166
FKIT,Y+X2_M9_r2,chocolate_bomb,91,0.983836
FKIT,Y+X2_M9_r2,chocolate_bomb,92,0.984058
FKIT,Y+X2_M9_r2,chocolate_bomb,93,0.980482
FKIT,Y+X2_M9_r2,chocolate_bomb,94,0.985034
FKIT,Y+X2_M9_r2,chocolate_bomb,95,0.979577
FKIT,Y+X2_M9_r2,chocolate_bomb,96,0.981058
FKIT,Y+X2_M9_r2,chocolate_bomb,97,0.984160
FKIT,Y+X2_M9_r2,chocolate_bomb,98,0.982285
FKIT,Y+X2_M9_r2,chocolate_bomb,99,0.981183
FKIT,Y+X2_M9_r2,chocolate_bomb,100,0.983992
FKIT,Y+X2_M9_r2,chocolate_bomb,101,0.985511
FKIT,Y+X2_M9_r2,chocolate_bomb,102,0.981243
FKIT,Y+X2_M9_r2,chocolate_bomb,103,0.978699
FKIT,Y+X2_M9_r2,chocolate_bomb,104,0.984335
FKIT,Y+X2_M9_r2,chocolate_bomb,105,0.987359
FKIT,Y+X2_M9_r2,chocolate_bomb,106,0.984787
FKIT,Y+X2_M9_r2,chocolate_bomb,107,0.984923
FKIT,Y+X2_M9_r2,chocolate_bomb,108,0.985222
FKIT,Y+X2_M9_r2,chocolate_bomb,109,0.988697
FKIT,Y+X2_M9_r2,chocolate_bomb,110,0.985689
FKIT,Y+X2_M9_r2,chocolate_bomb,111,0.986597
FKIT,Y+X2_M9_r2,chocolate_bomb,112,0.986760
FKIT,Y+X2_M9_r2,chocolate_bomb,113,0.986380
FKIT,Y+X2_M9_r2,chocolate_bomb,114,0.985641
FKIT,Y+X2_M9_r2,chocolate_bomb,115,0.987451
FKIT,Y+X2_M9_r2,chocolate_bomb,116,0.943686
FKIT,Y+X2_M9_r2,chocolate_bomb,117,0.982406
FKIT,Y+X2_M9_r2,chocolate_bomb,118,0.981005
FKIT,Y+X2_M9_r2,chocolate_bomb,119,0.978678
FKIT,Y+X2_M9_r2,chocolate_bomb,120,0.984151
FKIT,Y+X2_M9_r2,chocolate_bomb,121,0.980831
FKIT,Y+X2_M9_r2,chocolate_bomb,122,0.978670
FKIT,Y+X2_M9_r2,chocolate_bomb,123,0.986388
FKIT,Y+X2_M9_r2,chocolate_bomb,124,0.980710
FKIT,Y+X2_M9_r2,chocolate_bomb,125,0.980321
FKIT,Y+X2_M9_r2,chocolate_bomb,126,0.979073
FKIT,Y+X2_M9_r2,chocolate_bomb,127,0.985322
FKIT,Y+X2_M9_r2,chocolate_bomb,128,0.985095
FKIT,Y+X2_M9_r2,chocolate_bomb,129,0.987742
FKIT,Y+X2_M9_r2,chocolate_bomb,130,0.979685
FKIT,Y+X2_M9_r2,chocolate_bomb,131,0.984396
FKIT,Y+X2_M9_r2,chocolate_bomb,132,0.986865
FKIT,Y+X2_M9_r2,chocolate_bomb,133,0.977364
FKIT,Y+X2_M9_r2,chocolate_bomb,134,0.950285
FKIT,Y+X2_M9_r2,chocolate_bomb,135,0.987484
FKIT,Y+X2_M9_r2,chocolate_bomb,136,0.988665
FKIT,Y+X2_M9_r2,chocolate_bomb,137,0.982636
FKIT,Y+X2_M9_r2,chocolate_bomb,138,0.949568
FKIT,Y+X2_M9_r2,chocolate_bomb,139,0.934511
FKIT,Y+X2_M9_r2,chocolate_bomb,140,0.900769
FKIT,Y+X2_M9_r2,chocolate_bomb,141,0.190750
FKIT,Y+X2_M9_r2,chocolate_bomb,142,0.878045
FKIT,Y+X2_M9_r2,chocolate_bomb,143,0.903927
FKIT,Y+X2_M9_r2,chocolate_bomb,144,0.987391
FKIT,Y+X2_M9_r2,chocolate_bomb,145,0.987571
FKIT,Y+X2_M9_r2,chocolate_bomb,146,0.990028
FKIT,Y+X2_M9_r2,chocolate_bomb,147,0.985524
FKIT,Y+X2_M9_r2,chocolate_bomb,148,0.948194
FKIT,Y+X2_M9_r2,chocolate_bomb,149,0.974585
FKIT,Y+X2_M9_r2,chocolate_bomb,150,0.983683
FKIT,Y+X2_M9_r2,chocolate_bomb,151,0.982940
FKIT,Y+X2_M9_r2,chocolate_bomb,152,0.986263
FKIT,Y+X2_M9_r2,chocolate_bomb,153,0.968522
FKIT,Y+X2_M9_r2,chocolate_bomb,154,0.983388
FKIT,Y+X2_M9_r2,chocolate_bomb,155,0.985251
FKIT,Y+X2_M9_r2,chocolate_bomb,156,0.979878
FKIT,Y+X2_M9_r2,chocolate_bomb,157,0.975929
FKIT,Y+X2_M9_r2,chocolate_bomb,158,0.978834
FKIT,Y+X2_M9_r2,chocolate_bomb,159,0.979561
FKIT,Y+X2_M9_r2,chocolate_bomb,160,0.978630
FKIT,Y+X2_M9_r2,chocolate_bomb,161,0.985133
FKIT,Y+X2_M9_r2,chocolate_bomb,162,0.984085
FKIT,Y+X2_M9_r2,chocolate_bomb,163,0.987928
FKIT,Y+X2_M9_r2,chocolate_bomb,164,0.984967
FKIT,Y+X2_M9_r2,chocolate_bomb,165,0.986768
FKIT,Y+X2_M9_r2,chocolate_bomb,166,0.988203
FKIT,Y+X2_M9_r2,chocolate_bomb,167,0.977523
FKIT,Y+X2_M9_r2,chocolate_bomb,168,0.974422
FKIT,Y+X2_M9_r2,chocolate_bomb,169,0.959124
FKIT,Y+X2_M9_r2,chocolate_bomb,170,0.971259
FKIT,Y+X2_M9_r2,chocolate_bomb,171,0.984515
FKIT,Y+X2_M9_r2,chocolate_bomb,172,0.986842
FKIT,Y+X2_M9_r2,chocolate_bomb,173,0.986724
FKIT,Y+X2_M9_r2,chocolate_bomb,174,0.978597
FKIT,Y+X2_M9_r2,chocolate_bomb,175,0.986362
FKIT,Y+X2_M9_r2,chocolate_bomb,176,0.984929
FKIT,Y+X2_M9_r2,chocolate_bomb,177,0.986210
FKIT,Y+X2_M9_r2,chocolate_bomb,178,0.983996
FKIT,Y+X2_M9_r2,chocolate_bomb,179,0.982875
FKIT,Y+X2_M9_r2,chocolate_bomb,180,0.982001
FKIT,Y+X2_M9_r2,chocolate_bomb,181,0.975556
FKIT,Y+X2_M9_r2,chocolate_bomb,182,0.982277
FKIT,Y+X2_M9_r2,chocolate_bomb,183,0.987469
FKIT,Y+X2_M9_r2,chocolate_bomb,184,0.987298
FKIT,Y+X2_M9_r2,chocolate_bomb,185,0.987755
FKIT,Y+X2_M9_r2,chocolate_bomb,186,0.985527
FKIT,Y+X2_M9_r2,chocolate_bomb,187,0.985643
FKIT,Y+X2_M9_r2,chocolate_bomb,188,0.986353
FKIT,Y+X2_M9_r2,chocolate_bomb,189,0.986643
FKIT,Y+X2_M9_r2,chocolate_bomb,190,0.987000
FKIT,Y+X2_M9_r2,chocolate_bomb,191,0.985199
FKIT,Y+X2_M9_r2,chocolate_bomb,192,0.984115
FKIT,Y+X2_M9_r2,chocolate_bomb,193,0.984377
FKIT,Y+X2_M9_r2,chocolate_bomb,194,0.987232
FKIT,Y+X2_M9_r2,chocolate_bomb,195,0.986776
FKIT,Y+X2_M9_r2,chocolate_bomb,196,0.987110
FKIT,Y+X2_M9_r2,chocolate_bomb,197,0.987576
FKIT,Y+X2_M9_r2,chocolate_bomb,198,0.987049
FKIT,Y+X2_M9_r2,chocolate_bomb,199,0.989774
FKIT,Y+X2_M9_r2,chocolate_bomb,200,0.988427
FKIT,Y+X2_M9_r2,chocolate_bomb,201,0.986504
FKIT,Y+X2_M9_r2,chocolate_bomb,202,0.984725
FKIT,Y+X2_M9_r2,chocolate_bomb,203,0.986612
FKIT,Y+X2_M9_r2,chocolate_bomb,204,0.985033
FKIT,Y+X2_M9_r2,chocolate_bomb,205,0.982678
FKIT,Y+X2_M9_r2,chocolate_bomb,206,0.983363
FKIT,Y+X2_M9_r2,chocolate_bomb,207,0.984409
FKIT,Y+X2_M9_r2,chocolate_bomb,208,0.987947
FKIT,Y+X2_M9_r2,chocolate_bomb,209,0.988056
FKIT,Y+X2_M9_r2,chocolate_bomb,210,0.986570
FKIT,Y+X2_M9_r2,chocolate_bomb,211,0.986837
FKIT,Y+X2_M9_r2,chocolate_bomb,212,0.983868
FKIT,Y+X2_M9_r2,chocolate_bomb,213,0.985816
FKIT,Y+X2_M9_r2,chocolate_bomb,214,0.988259
FKIT,Y+X2_M9_r2,chocolate_bomb,215,0.986846
FKIT,Y+X2_M9_r2,chocolate_bomb,216,0.986036
FKIT,Y+X2_M9_r2,chocolate_bomb,217,0.984593
FKIT,Y+X2_M9_r2,chocolate_bomb,218,0.984521
FKIT,Y+X2_M9_r2,chocolate_bomb,219,0.982175
FKIT,Y+X2_M9_r2,chocolate_bomb,220,0.982005
FKIT,Y+X2_M9_r2,chocolate_bomb,221,0.980365
FKIT,Y+X2_M9_r2,chocolate_bomb,222,0.981136
FKIT,Y+X2_M9_r2,chocolate_bomb,223,0.985120
FKIT,Y+X2_M9_r2,chocolate_bomb,224,0.987517
FKIT,Y+X2_M9_r2,chocolate_bomb,225,0.988529
FKIT,Y+X2_M9_r2,chocolate_bomb,226,0.986740
FKIT,Y+X2_M9_r2,chocolate_bomb,227,0.982995
FKIT,Y+X2_M9_r2,chocolate_bomb,228,0.982891
FKIT,Y+X2_M9_r2,chocolate_bomb,229,0.983489
FKIT,Y+X2_M9_r2,chocolate_bomb,230,0.985726
FKIT,Y+X2_M9_r2,chocolate_bomb,231,0.981260
FKIT,Y+X2_M9_r2,chocolate_bomb,232,0.980469
FKIT,Y+X2_M9_r2,chocolate_bomb,233,0.983377
FKIT,Y+X2_M9_r2,chocolate_bomb,234,0.978916
FKIT,Y+X2_M9_r2,chocolate_bomb,235,0.985763
FKIT,Y+X2_M9_r2,chocolate_bomb,236,0.982260
FKIT,Y+X2_M9_r2,chocolate_bomb,237,0.979167
FKIT,Y+X2_M9_r2,chocolate_bomb,238,0.979281
FKIT,Y+X2_M9_r2,chocolate_bomb,239,0.978174
FKIT,Y+X2_M9_r2,chocolate_bomb,240,0.974551
FKIT,Y+X2_M9_r2,chocolate_bomb,241,0.979394
FKIT,Y+X2_M9_r2,chocolate_bomb,242,0.978876
FKIT,Y+X2_M9_r2,chocolate_bomb,243,0.978337
FKIT,Y+X2_M9_r2,chocolate_bomb,244,0.981688
FKIT,Y+X2_M9_r2,chocolate_bomb,245,0.981738
FKIT,Y+X2_M9_r2,chocolate_bomb,246,0.976759
FKIT,Y+X2_M9_r2,chocolate_bomb,247,0.977186
FKIT,Y+X2_M9_r2,chocolate_bomb,248,0.818174
FKIT,Y+X2_M9_r2,chocolate_bomb,249,0.578737
FKIT,Y+X2_M9_r2,chocolate_bomb,250,0.498658
FKIT,Y+X2_M9_r2,chocolate_bomb,251,0.450030
FKIT,Y+X2_M9_r2,chocolate_bomb,252,0.411201
FKIT,Y+X2_M9_r2,chocolate_bomb,253,0.363577
FKIT,Y+X2_M9_r2,chocolate_bomb,254,0.000000
FKIT,Y+X2_M9_r2,chocolate_bomb,255,0.298941
FKIT,Y+X2_M9_r2,chocolate_bomb,256,0.281629
FKIT,Y+X2_M9_r2,chocolate_bomb,257,0.273958
FKIT,Y+X2_M9_r2,chocolate_bomb,258,0.278850
FKIT,Y+X2_M9_r2,chocolate_bomb,259,0.277566
FKIT,Y+X2_M9_r2,chocolate_bomb,260,0.279162
FKIT,Y+X2_M9_r2,chocolate_bomb,261,0.282615
FKIT,Y+X2_M9_r2,chocolate_bomb,262,0.286493
FKIT,Y+X2_M9_r2,chocolate_bomb,263,0.285624
FKIT,Y+X2_M9_r2,chocolate_bomb,264,0.288818
FKIT,Y+X2_M9_r2,chocolate_bomb,265,0.289539
FKIT,Y+X2_M9_r2,chocolate_bomb,266,0.289199
FKIT,Y+X2_M9_r2,chocolate_bomb,267,0.294783
FKIT,Y+X2_M9_r2,chocolate_bomb,268,0.296871
FKIT,Y+X2_M9_r2,chocolate_bomb,269,0.298387
FKIT,Y+X2_M9_r2,chocolate_bomb,270,0.301866
FKIT,Y+X2_M9_r2,chocolate_bomb,271,0.304864
FKIT,Y+X2_M9_r2,chocolate_bomb,272,0.306844
FKIT,Y+X2_M9_r2,chocolate_bomb,273,0.305190
FKIT,Y+X2_M9_r2,chocolate_bomb,274,0.306500
FKIT,Y+X2_M9_r2,chocolate_bomb,275,0.305631
FKIT,Y+X2_M9_r2,chocolate_bomb,276,0.307891
FKIT,Y+X2_M9_r2,chocolate_bomb,277,0.309962
FKIT,Y+X2_M9_r2,chocolate_bomb,278,0.308045
FKIT,Y+X2_M9_r2,chocolate_bomb,279,0.309846
FKIT,Y+X2_M9_r2,chocolate_bomb,280,0.310762
FKIT,Y+X2_M9_r2,chocolate_bomb,281,0.310540
FKIT,Y+X2_M9_r2,chocolate_bomb,282,0.311775
FKIT,Y+X2_M9_r2,chocolate_bomb,283,0.310483
FKIT,Y+X2_M9_r2,chocolate_bomb,284,0.307236
FKIT,Y+X2_M9_r2,chocolate_bomb,285,0.307158
FKIT,Y+X2_M9_r2,chocolate_bomb,286,0.303309
FKIT,Y+X2_M9_r2,chocolate_bomb,287,0.298637
FKIT,Y+X2_M9_r2,chocolate_bomb,288,0.295697
FKIT,Y+X2_M9_r2,chocolate_bomb,289,0.290590
FKIT,Y+X2_M9_r2,chocolate_bomb,290,0.283341
FKIT,Y+X2_M9_r2,chocolate_bomb,291,0.277671
FKIT,Y+X2_M9_r2,chocolate_bomb,292,0.271564
FKIT,Y+X2_M9_r2,chocolate_bomb,293,0.267048
FKIT,Y+X2_M9_r2,chocolate_bomb,294,0.268714
FKIT,Y+X2_M9_r2,chocolate_bomb,295,0.274620
FKIT,Y+X2_M9_r2,chocolate_bomb,296,0.279435
FKIT,Y+X2_M9_r2,chocolate_bomb,297,0.284207
FKIT,Y+X2_M9_r2,chocolate_bomb,298,0.296609
FKIT,Y+X2_M9_r2,chocolate_bomb,299,0.310941
FKIT,Y+X2_M9_r2,chocolate_bomb,300,0.327777
FKIT,Y+X2_M9_r2,chocolate_bomb,301,0.341098
FKIT,Y+X2_M9_r2,chocolate_bomb,302,0.359883
FKIT,Y+X2_M9_r2,chocolate_bomb,303,0.378686
FKIT,Y+X2_M9_r2,chocolate_bomb,304,0.407390
FKIT,Y+X2_M9_r2,chocolate_bomb,305,0.440383
FKIT,Y+X2_M9_r2,chocolate_bomb,306,0.486587
FKIT,Y+X2_M9_r2,chocolate_bomb,307,0.547642
FKIT,Y+X2_M9_r2,chocolate_bomb,308,0.604993
FKIT,Y+X2_M9_r2,chocolate_bomb,309,0.677559
FKIT,Y+X2_M9_r2,chocolate_bomb,310,0.768357
FKIT,Y+X2_M9_r2,chocolate_bomb,311,0.848019
FKIT,Y+X2_M9_r2,chocolate_bomb,312,0.934315
FKIT,Y+X2_M9_r2,chocolate_bomb,313,0.980044
FKIT,Y+X2_M9_r2,chocolate_bomb,314,0.982265
FKIT,Y+X2_M9_r2,chocolate_bomb,315,0.979261
FKIT,Y+X2_M9_r2,chocolate_bomb,316,0.984315
FKIT,Y+X2_M9_r2,chocolate_bomb,317,0.986984
FKIT,Y+X2_M9_r2,chocolate_bomb,318,0.982073
FKIT,Y+X2_M9_r2,chocolate_bomb,319,0.978344
FKIT,Y+X2_M9_r2,chocolate_bomb,320,0.978675
FKIT,Y+X2_M9_r2,chocolate_bomb,321,0.983063
FKIT,Y+X2_M9_r2,chocolate_bomb,322,0.986709
FKIT,Y+X2_M9_r2,chocolate_bomb,323,0.984297
FKIT,Y+X2_M9_r2,chocolate_bomb,324,0.984953
FKIT,Y+X2_M9_r2,chocolate_bomb,325,0.981526
FKIT,Y+X2_M9_r2,chocolate_bomb,326,0.982612
FKIT,Y+X2_M9_r2,chocolate_bomb,327,0.984065
FKIT,Y+X2_M9_r2,chocolate_bomb,328,0.982864
FKIT,Y+X2_M9_r2,chocolate_bomb,329,0.982014
FKIT,Y+X2_M9_r2,chocolate_bomb,330,0.984826
FKIT,Y+X2_M9_r2,chocolate_bomb,331,0.986002
FKIT,Y+X2_M9_r2,chocolate_bomb,332,0.985488
FKIT,Y+X2_M9_r2,chocolate_bomb,333,0.982350
FKIT,Y+X2_M9_r2,chocolate_bomb,334,0.986961
FKIT,Y+X2_M9_r2,chocolate_bomb,335,0.983020
FKIT,Y+X2_M9_r2,chocolate_bomb,336,0.982923
FKIT,Y+X2_M9_r2,chocolate_bomb,337,0.985391
FKIT,Y+X2_M9_r2,chocolate_bomb,338,0.984450
FKIT,Y+X2_M9_r2,chocolate_bomb,339,0.985434
FKIT,Y+X2_M9_r2,chocolate_bomb,340,0.982974
FKIT,Y+X2_M9_r2,chocolate_bomb,341,0.983455
FKIT,Y+X2_M9_r2,chocolate_bomb,342,0.983064
FKIT,Y+X2_M9_r2,chocolate_bomb,343,0.983805
FKIT,Y+X2_M9_r2,chocolate_bomb,344,0.983609
FKIT,Y+X2_M9_r2,chocolate_bomb,345,0.985991
FKIT,Y+X2_M9_r2,chocolate_bomb,346,0.985110
FKIT,Y+X2_M9_r2,chocolate_bomb,347,0.984177
FKIT,Y+X2_M9_r2,chocolate_bomb,348,0.985659
FKIT,Y+X2_M9_r2,chocolate_bomb,349,0.983568
FKIT,Y+X2_M9_r2,chocolate_bomb,350,0.981785
FKIT,Y+X2_M9_r2,chocolate_bomb,351,0.985151
FKIT,Y+X2_M9_r2,chocolate_bomb,352,0.983431
FKIT,Y+X2_M9_r2,chocolate_bomb,353,0.982605
FKIT,Y+X2_M9_r2,chocolate_bomb,354,0.985021
FKIT,Y+X2_M9_r2,chocolate_bomb,355,0.982623
FKIT,Y+X2_M9_r2,chocolate_bomb,356,0.982816
FKIT,Y+X2_M9_r2,chocolate_bomb,357,0.983807
FKIT,Y+X2_M9_r2,chocolate_bomb,358,0.984067
FKIT,Y+X2_M9_r2,chocolate_bomb,359,0.983333
FKIT,Y+X2_M9_r2,chocolate_bomb,360,0.984230
FKIT,Y+X2_M9_r2,chocolate_bomb,361,0.982413
FKIT,Y+X2_M9_r2,chocolate_bomb,362,0.986021
FKIT,Y+X2_M9_r2,chocolate_bomb,363,0.983951
FKIT,Y+X2_M9_r2,chocolate_bomb,364,0.983468
FKIT,Y+X2_M9_r2,chocolate_bomb,365,0.983440
FKIT,Y+X2_M9_r2,chocolate_bomb,366,0.983767
FKIT,Y+X2_M9_r2,chocolate_bomb,367,0.981505
FKIT,Y+X2_M9_r2,chocolate_bomb,368,0.985301
FKIT,Y+X2_M9_r2,chocolate_bomb,369,0.980933
FKIT,Y+X2_M9_r2,chocolate_bomb,370,0.981955
FKIT,Y+X2_M9_r2,chocolate_bomb,371,0.983353
FKIT,Y+X2_M9_r2,chocolate_bomb,372,0.985679
FKIT,Y+X2_M9_r2,chocolate_bomb,373,0.983027
FKIT,Y+X2_M9_r2,chocolate_bomb,374,0.986846
FKIT,Y+X2_M9_r2,chocolate_bomb,375,0.986109
FKIT,Y+X2_M9_r2,chocolate_bomb,376,0.983897
FKIT,Y+X2_M9_r2,chocolate_bomb,377,0.983781
FKIT,Y+X2_M9_r2,chocolate_bomb,378,0.985602
FKIT,Y+X2_M9_r2,chocolate_bomb,379,0.985102
FKIT,Y+X2_M9_r2,chocolate_bomb,380,0.986801
FKIT,Y+X2_M9_r2,chocolate_bomb,381,0.987106
FKIT,Y+X2_M9_r2,chocolate_bomb,382,0.989323
FKIT,Y+X2_M9_r2,chocolate_bomb,383,0.983439
FKIT,Y+X2_M9_r2,chocolate_bomb,384,0.986787
FKIT,Y+X2_M9_r2,chocolate_bomb,385,0.986222
FKIT,Y+X2_M9_r2,chocolate_bomb,386,0.988375
FKIT,Y+X2_M9_r2,chocolate_bomb,387,0.987548
FKIT,Y+X2_M9_r2,chocolate_bomb,388,0.986324
FKIT,Y+X2_M9_r2,chocolate_bomb,389,0.985520
FKIT,Y+X2_M9_r2,chocolate_bomb,390,0.987241
FKIT,Y+X2_M9_r2,chocolate_bomb,391,0.987685
FKIT,Y+X2_M9_r2,chocolate_bomb,392,0.987071
FKIT,Y+X2_M9_r2,chocolate_bomb,393,0.984504
FKIT,Y+X2_M9_r2,chocolate_bomb,394,0.982108
FKIT,Y+X2_M9_r2,chocolate_bomb,395,0.982991
FKIT,Y+X2_M9_r2,chocolate_bomb,396,0.983236
FKIT,Y+X2_M9_r2,chocolate_bomb,397,0.980759
FKIT,Y+X2_M9_r2,chocolate_bomb,398,0.986108
FKIT,Y+X2_M9_r2,chocolate_bomb,399,0.987948
FKIT,Y+X2_M9_r2,chocolate_bomb,400,0.986896
FKIT,Y+X2_M9_r2,chocolate_bomb,401,0.986908
FKIT,Y+X2_M9_r2,chocolate_bomb,402,0.979042
FKIT,Y+X2_M9_r2,chocolate_bomb,403,0.980079
FKIT,Y+X2_M9_r2,chocolate_bomb,404,0.984115
FKIT,Y+X2_M9_r2,chocolate_bomb,405,0.982422
FKIT,Y+X2_M9_r2,chocolate_bomb,406,0.980404
FKIT,Y+X2_M9_r2,chocolate_bomb,407,0.983140
FKIT,Y+X2_M9_r2,chocolate_bomb,408,0.982701
FKIT,Y+X2_M9_r2,chocolate_bomb,409,0.983986
FKIT,Y+X2_M9_r2,chocolate_bomb,410,0.985457
FKIT,Y+X2_M9_r2,chocolate_bomb,411,0.977795
FKIT,Y+X2_M9_r2,chocolate_bomb,412,0.982273
FKIT,Y+X2_M9_r2,chocolate_bomb,413,0.981314
FKIT,Y+X2_M9_r2,chocolate_bomb,414,0.985234
FKIT,Y+X2_M9_r2,chocolate_bomb,415,0.986084
FKIT,Y+X2_M9_r2,chocolate_bomb,416,0.981225
FKIT,Y+X2_M9_r2,chocolate_bomb,417,0.984824
FKIT,Y+X2_M9_r2,chocolate_bomb,418,0.979549
FKIT,Y+X2_M9_r2,chocolate_bomb,419,0.983955
FKIT,Y+X2_M9_r2,chocolate_bomb,420,0.981271
FKIT,Y+X2_M9_r2,chocolate_bomb,421,0.982951
FKIT,Y+X2_M9_r2,chocolate_bomb,422,0.986179
FKIT,Y+X2_M9_r2,chocolate_bomb,423,0.967295
FKIT,Y+X2_M9_r2,chocolate_bomb,424,0.991065
FKIT,Y+X2_M9_r2,chocolate_bomb,425,0.989234
FKIT,Y+X2_M9_r2,chocolate_bomb,426,0.984115
FKIT,Y+X2_M9_r2,chocolate_bomb,427,0.963901
FKIT,Y+X2_M9_r2,chocolate_bomb,428,0.983455
FKIT,Y+X2_M9_r2,chocolate_bomb,429,0.988041
FKIT,Y+X2_M9_r2,chocolate_bomb,430,0.977864
FKIT,Y+X2_M9_r2,chocolate_bomb,431,0.988565
FKIT,Y+X2_M9_r2,chocolate_bomb,432,0.985169
FKIT,Y+X2_M9_r2,chocolate_bomb,433,0.984476
FKIT,Y+X2_M9_r2,chocolate_bomb,434,0.971709
FKIT,Y+X2_M9_r2,chocolate_bomb,435,0.980473
FKIT,Y+X2_M9_r2,chocolate_bomb,436,0.975036
FKIT,Y+X2_M9_r2,chocolate_bomb,437,0.977110
FKIT,Y+X2_M9_r2,chocolate_bomb,438,0.960607
FKIT,Y+X2_M9_r2,chocolate_bomb,439,0.903008
FKIT,Y+X2_M9_r2,chocolate_bomb,440,0.920124
FKIT,Y+X2_M9_r2,chocolate_bomb,441,0.975461
FKIT,Y+X2_M9_r2,chocolate_bomb,442,0.983863
FKIT,Y+X2_M9_r2,chocolate_bomb,443,0.980382
FKIT,Y+X2_M9_r2,chocolate_bomb,444,0.984885
FKIT,Y+X2_M9_r2,chocolate_bomb,445,0.973770
FKIT,Y+X2_M9_r2,chocolate_bomb,446,0.976966
FKIT,Y+X2_M9_r2,chocolate_bomb,447,0.983614
FKIT,Y+X2_M9_r2,chocolate_bomb,448,0.979368
FKIT,Y+X2_M9_r2,chocolate_bomb,449,0.980364
FKIT,Y+X2_M9_r2,chocolate_bomb,450,0.982553
FKIT,Y+X2_M9_r2,chocolate_bomb,451,0.986105
FKIT,Y+X2_M9_r2,chocolate_bomb,452,0.981138
FKIT,Y+X2_M9_r2,chocolate_bomb,453,0.982387
FKIT,Y+X2_M9_r2,chocolate_bomb,454,0.983097
FKIT,Y+X2_M9_r2,chocolate_bomb,455,0.986381
FKIT,Y+X2_M9_r2,chocolate_bomb,456,0.984734
FKIT,Y+X2_M9_r2,chocolate_bomb,457,0.982312
FKIT,Y+X2_M9_r2,chocolate_bomb,458,0.981713
FKIT,Y+X2_M9_r2,chocolate_bomb,459,0.981171
FKIT,Y+X2_M9_r2,chocolate_bomb,460,0.984530
FKIT,Y+X2_M9_r2,chocolate_bomb,461,0.978991
FKIT,Y+X2_M9_r2,chocolate_bomb,462,0.976401
FKIT,Y+X2_M9_r2,chocolate_bomb,463,0.974514
FKIT,Y+X2_M9_r2,chocolate_bomb,464,0.972534
FKIT,Y+X2_M9_r2,chocolate_bomb,465,0.976557
FKIT,Y+X2_M9_r2,chocolate_bomb,466,0.974724
FKIT,Y+X2_M9_r2,chocolate_bomb,467,0.974718
FKIT,Y+X2_M9_r2,chocolate_bomb,468,0.974559
FKIT,Y+X2_M9_r2,chocolate_bomb,469,0.975013
FKIT,Y+X2_M9_r2,chocolate_bomb,470,0.972508
FKIT,Y+X2_M9_r2,chocolate_bomb,471,0.975478
FKIT,Y+X2_M9_r2,chocolate_bomb,472,0.975948
FKIT,Y+X2_M9_r2,chocolate_bomb,473,0.978964
FKIT,Y+X2_M9_r2,chocolate_bomb,474,0.974453
FKIT,Y+X2_M9_r2,chocolate_bomb,475,0.977758
FKIT,Y+X2_M9_r2,chocolate_bomb,476,0.981005
FKIT,Y+X2_M9_r2,chocolate_bomb,477,0.978829
FKIT,Y+X2_M9_r2,chocolate_bomb,478,0.977333
FKIT,Y+X2_M9_r2,chocolate_bomb,479,0.976973
FKIT,Y+X2_M9_r2,chocolate_bomb,480,0.972010
FKIT,Y+X2_M9_r2,chocolate_bomb,481,0.975851
FKIT,Y+X2_M9_r2,chocolate_bomb,482,0.976810
FKIT,Y+X2_M9_r2,chocolate_bomb,483,0.979697
FKIT,Y+X2_M9_r2,chocolate_bomb,484,0.976992
FKIT,Y+X2_M9_r2,chocolate_bomb,485,0.982443
FKIT,Y+X2_M9_r2,chocolate_bomb,486,0.983250
FKIT,Y+X2_M9_r2,chocolate_bomb,487,0.980663
FKIT,Y+X2_M9_r2,chocolate_bomb,488,0.979337
FKIT,Y+X2_M9_r2,chocolate_bomb,489,0.981415
FKIT,Y+X2_M9_r2,chocolate_bomb,490,0.982917
FKIT,Y+X2_M9_r2,chocolate_bomb,491,0.982452
FKIT,Y+X2_M9_r2,chocolate_bomb,492,0.982385
FKIT,Y+X2_M9_r2,chocolate_bomb,493,0.980659
FKIT,Y+X2_M9_r2,chocolate_bomb,494,0.979966
FKIT,Y+X2_M9_r2,chocolate_bomb,495,0.980864
FKIT,Y+X2_M9_r2,chocolate_bomb,496,0.983917
FKIT,Y+X2_M9_r2,chocolate_bomb,497,0.982616
FKIT,Y+X2_M9_r2,chocolate_bomb,498,0.985381
FKIT,Y+X2_M9_r2,chocolate_bomb,499,0.981036
FKIT,Y+X2_M9_r2,chocolate_bomb,500,0.982412
FKIT,Y+X2_M9_r2,chocolate_bomb,501,0.983254
FKIT,Y+X2_M9_r2,chocolate_bomb,502,0.981520
FKIT,Y+X2_M9_r2,chocolate_bomb,503,0.982795
FKIT,Y+X2_M9_r2,chocolate_bomb,504,0.983636
FKIT,Y+X2_M9_r2,chocolate_bomb,505,0.983719
FKIT,Y+X2_M9_r2,chocolate_bomb,506,0.984927
FKIT,Y+X2_M9_r2,chocolate_bomb,507,0.986770
FKIT,Y+X2_M9_r2,chocolate_bomb,508,0.984245
FKIT,Y+X2_M9_r2,chocolate_bomb,509,0.983970
FKIT,Y+X2_M9_r2,chocolate_bomb,510,0.986366
FKIT,Y+X2_M9_r2,chocolate_bomb,511,0.984412
FKIT,Y+X2_M9_r2,chocolate_bomb,512,0.985808
FKIT,Y+X2_M9_r2,chocolate_bomb,513,0.985728
FKIT,Y+X2_M9_r2,chocolate_bomb,514,0.980130
FKIT,Y+X2_M9_r2,chocolate_bomb,515,0.986587
FKIT,Y+X2_M9_r2,chocolate_bomb,516,0.988237
FKIT,Y+X2_M9_r2,chocolate_bomb,517,0.987711
FKIT,Y+X2_M9_r2,chocolate_bomb,518,0.984628
FKIT,Y+X2_M9_r2,chocolate_bomb,519,0.986721
FKIT,Y+X2_M9_r2,chocolate_bomb,520,0.984532
FKIT,Y+X2_M9_r2,chocolate_bomb,521,0.983933
FKIT,Y+X2_M9_r2,chocolate_bomb,522,0.985173
FKIT,Y+X2_M9_r2,chocolate_bomb,523,0.981807
FKIT,Y+X2_M9_r2,chocolate_bomb,524,0.982384
FKIT,Y+X2_M9_r2,chocolate_bomb,525,0.984506
FKIT,Y+X2_M9_r2,chocolate_bomb,526,0.987631
FKIT,Y+X2_M9_r2,chocolate_bomb,527,0.986916
FKIT,Y+X2_M9_r2,chocolate_bomb,528,0.986999
FKIT,Y+X2_M9_r2,chocolate_bomb,529,0.985338
FKIT,Y+X2_M9_r2,chocolate_bomb,530,0.984994
FKIT,Y+X2_M9_r2,chocolate_bomb,531,0.988302
FKIT,Y+X2_M9_r2,chocolate_bomb,532,0.985545
FKIT,Y+X2_M9_r2,chocolate_bomb,533,0.987461
FKIT,Y+X2_M9_r2,chocolate_bomb,534,0.988307
FKIT,Y+X2_M9_r2,chocolate_bomb,535,0.988172
FKIT,Y+X2_M9_r2,chocolate_bomb,536,0.989414
FKIT,Y+X2_M9_r2,chocolate_bomb,537,0.989061
FKIT,Y+X2_M9_r2,chocolate_bomb,538,0.986431
FKIT,Y+X2_M9_r2,chocolate_bomb,539,0.984864
FKIT,Y+X2_M9_r2,chocolate_bomb,540,0.987015
FKIT,Y+X2_M9_r2,chocolate_bomb,541,0.984445
FKIT,Y+X2_M9_r2,chocolate_bomb,542,0.988241
FKIT,Y+X2_M9_r2,chocolate_bomb,543,0.983627
FKIT,Y+X2_M9_r2,chocolate_bomb,544,0.985243
FKIT,Y+X2_M9_r2,chocolate_bomb,545,0.989015
FKIT,Y+X2_M9_r2,chocolate_bomb,546,0.988903
FKIT,Y+X2_M9_r2,chocolate_bomb,547,0.986722
FKIT,Y+X2_M9_r2,chocolate_bomb,548,0.988545
FKIT,Y+X2_M9_r2,chocolate_bomb,549,0.985424
FKIT,Y+X2_M9_r2,chocolate_bomb,550,0.989616
FKIT,Y+X2_M9_r2,chocolate_bomb,551,0.987227
FKIT,Y+X2_M9_r2,chocolate_bomb,552,0.984785
FKIT,Y+X2_M9_r2,chocolate_bomb,553,0.986229
FKIT,Y+X2_M9_r2,chocolate_bomb,554,0.984319
FKIT,Y+X2_M9_r2,chocolate_bomb,555,0.987557
FKIT,Y+X2_M9_r2,chocolate_bomb,556,0.988983
FKIT,Y+X2_M9_r2,chocolate_bomb,557,0.987471
FKIT,Y+X2_M9_r2,chocolate_bomb,558,0.989992
FKIT,Y+X2_M9_r2,chocolate_bomb,559,0.986506
FKIT,Y+X2_M9_r2,chocolate_bomb,560,0.988387
FKIT,Y+X2_M9_r2,chocolate_bomb,561,0.986742
FKIT,Y+X2_M9_r2,chocolate_bomb,562,0.988228
FKIT,Y+X2_M9_r2,chocolate_bomb,563,0.989206
FKIT,Y+X2_M9_r2,chocolate_bomb,564,0.985456
FKIT,Y+X2_M9_r2,chocolate_bomb,565,0.987846
FKIT,Y+X2_M9_r2,chocolate_bomb,566,0.982166
FKIT,Y+X2_M9_r2,chocolate_bomb,567,0.985696
FKIT,Y+X2_M9_r2,chocolate_bomb,568,0.986849
FKIT,Y+X2_M9_r2,chocolate_bomb,569,0.985796
FKIT,Y+X2_M9_r2,chocolate_bomb,570,0.985526
FKIT,Y+X2_M9_r2,chocolate_bomb,571,0.987861
FKIT,Y+X2_M9_r2,chocolate_bomb,572,0.987183
FKIT,Y+X2_M9_r2,chocolate_bomb,573,0.987684
FKIT,Y+X2_M9_r2,chocolate_bomb,574,0.985716
FKIT,Y+X2_M9_r2,chocolate_bomb,575,0.985390
FKIT,Y+X2_M9_r2,chocolate_bomb,576,0.987633
FKIT,Y+X2_M9_r2,chocolate_bomb,577,0.987867
FKIT,Y+X2_M9_r2,chocolate_bomb,578,0.986745
FKIT,Y+X2_M9_r2,chocolate_bomb,579,0.986359
FKIT,Y+X2_M9_r2,chocolate_bomb,580,0.984580
FKIT,Y+X2_M9_r2,chocolate_bomb,581,0.987172
FKIT,Y+X2_M9_r2,chocolate_bomb,582,0.982955
FKIT,Y+X2_M9_r2,chocolate_bomb,583,0.983079
FKIT,Y+X2_M9_r2,chocolate_bomb,584,0.981746
FKIT,Y+X2_M9_r2,chocolate_bomb,585,0.987980
FKIT,Y+X2_M9_r2,chocolate_bomb,586,0.989003
FKIT,Y+X2_M9_r2,chocolate_bomb,587,0.983957
FKIT,Y+X2_M9_r2,chocolate_bomb,588,0.982380
FKIT,Y+X2_M9_r2,chocolate_bomb,589,0.982170
FKIT,Y+X2_M9_r2,chocolate_bomb,590,0.982937
FKIT,Y+X2_M9_r2,chocolate_bomb,591,0.983826
FKIT,Y+X2_M9_r2,chocolate_bomb,592,0.982602
FKIT,Y+X2_M9_r2,chocolate_bomb,593,0.988364
FKIT,Y+X2_M9_r2,chocolate_bomb,594,0.984624
FKIT,Y+X2_M9_r2,chocolate_bomb,595,0.990864
FKIT,Y+X2_M9_r2,chocolate_bomb,596,0.986048
FKIT,Y+X2_M9_r2,chocolate_bomb,597,0.988163
FKIT,Y+X2_M9_r2,chocolate_bomb,598,0.985746
FKIT,Y+X2_M9_r2,chocolate_bomb,599,0.983838
FKIT,Y+X2_M9_r2,chocolate_bomb,600,0.983992
FKIT,Y+X2_M9_r2,chocolate_bomb,601,0.981683
FKIT,Y+X2_M9_r2,chocolate_bomb,602,0.985645
FKIT,Y+X2_M9_r2,chocolate_bomb,603,0.986540
FKIT,Y+X2_M9_r2,chocolate_bomb,604,0.987638
FKIT,Y+X2_M9_r2,chocolate_bomb,605,0.986598
FKIT,Y+X2_M9_r2,chocolate_bomb,606,0.985970
FKIT,Y+X2_M9_r2,chocolate_bomb,607,0.987133
FKIT,Y+X2_M9_r2,chocolate_bomb,608,0.987420
FKIT,Y+X2_M9_r2,chocolate_bomb,609,0.988114
FKIT,Y+X2_M9_r2,chocolate_bomb,610,0.987021
FKIT,Y+X2_M9_r2,chocolate_bomb,611,0.986956
FKIT,Y+X2_M9_r2,chocolate_bomb,612,0.989469
FKIT,Y+X2_M9_r2,chocolate_bomb,613,0.988505
FKIT,Y+X2_M9_r2,chocolate_bomb,614,0.988768
FKIT,Y+X2_M9_r2,chocolate_bomb,615,0.987710
FKIT,Y+X2_M9_r2,chocolate_bomb,616,0.985187
FKIT,Y+X2_M9_r2,chocolate_bomb,617,0.985190
FKIT,Y+X2_M9_r2,chocolate_bomb,618,0.981754
FKIT,Y+X2_M9_r2,chocolate_bomb,619,0.981485
FKIT,Y+X2_M9_r2,chocolate_bomb,620,0.982626
FKIT,Y+X2_M9_r2,chocolate_bomb,621,0.978220
FKIT,Y+X2_M9_r2,chocolate_bomb,622,0.983716
FKIT,Y+X2_M9_r2,chocolate_bomb,623,0.981387
FKIT,Y+X2_M9_r2,chocolate_bomb,624,0.980415
FKIT,Y+X2_M9_r2,chocolate_bomb,625,0.987860
FKIT,Y+X2_M9_r2,chocolate_bomb,626,0.983696
FKIT,Y+X2_M9_r2,chocolate_bomb,627,0.982808
FKIT,Y+X2_M9_r2,chocolate_bomb,628,0.983425
FKIT,Y+X2_M9_r2,chocolate_bomb,629,0.981592
FKIT,Y+X2_M9_r2,chocolate_bomb,630,0.984501
FKIT,Y+X2_M9_r2,chocolate_bomb,631,0.984773
FKIT,Y+X2_M9_r2,chocolate_bomb,632,0.985350
FKIT,Y+X2_M9_r2,chocolate_bomb,633,0.973546
FKIT,Y+X2_M9_r2,chocolate_bomb,634,0.981592
FKIT,Y+X2_M9_r2,chocolate_bomb,635,0.982724
FKIT,Y+X2_M9_r2,chocolate_bomb,636,0.982759
FKIT,Y+X2_M9_r2,chocolate_bomb,637,0.982645
FKIT,Y+X2_M9_r2,chocolate_bomb,638,0.977093
FKIT,Y+X2_M9_r2,chocolate_bomb,639,0.974780
FKIT,Y+X2_M9_r2,chocolate_bomb,640,0.973880
FKIT,Y+X2_M9_r2,chocolate_bomb,641,0.976335
FKIT,Y+X2_M9_r2,chocolate_bomb,642,0.976658
FKIT,Y+X2_M9_r2,chocolate_bomb,643,0.974721
FKIT,Y+X2_M9_r2,chocolate_bomb,644,0.977037
FKIT,Y+X2_M9_r2,chocolate_bomb,645,0.975110
FKIT,Y+X2_M9_r2,chocolate_bomb,646,0.975987
FKIT,Y+X2_M9_r2,chocolate_bomb,647,0.977329
FKIT,Y+X2_M9_r2,chocolate_bomb,648,0.972791
FKIT,Y+X2_M9_r2,chocolate_bomb,649,0.972798
FKIT,Y+X2_M9_r2,chocolate_bomb,650,0.970783
FKIT,Y+X2_M9_r2,chocolate_bomb,651,0.978819
FKIT,Y+X2_M9_r2,chocolate_bomb,652,0.974277
FKIT,Y+X2_M9_r2,chocolate_bomb,653,0.976971
FKIT,Y+X2_M9_r2,chocolate_bomb,654,0.979421
FKIT,Y+X2_M9_r2,chocolate_bomb,655,0.983252
FKIT,Y+X2_M9_r2,chocolate_bomb,656,0.979404
FKIT,Y+X2_M9_r2,chocolate_bomb,657,0.978252
FKIT,Y+X2_M9_r2,chocolate_bomb,658,0.982392
FKIT,Y+X2_M9_r2,chocolate_bomb,659,0.982423
FKIT,Y+X2_M9_r2,chocolate_bomb,660,0.979321
FKIT,Y+X2_M9_r2,chocolate_bomb,661,0.983351
FKIT,Y+X2_M9_r2,chocolate_bomb,662,0.982486
FKIT,Y+X2_M9_r2,chocolate_bomb,663,0.979688
FKIT,Y+X2_M9_r2,chocolate_bomb,664,0.978816
FKIT,Y+X2_M9_r2,chocolate_bomb,665,0.977696
FKIT,Y+X2_M9_r2,chocolate_bomb,666,0.970017
FKIT,Y+X2_M9_r2,chocolate_bomb,667,0.975276
FKIT,Y+X2_M9_r2,chocolate_bomb,668,0.971841
FKIT,Y+X2_M9_r2,chocolate_bomb,669,0.975287
FKIT,Y+X2_M9_r2,chocolate_bomb,670,0.968827
FKIT,Y+X2_M9_r2,chocolate_bomb,671,0.924840
FKIT,Y+X2_M9_r2,chocolate_bomb,672,0.974516
FKIT,Y+X2_M9_r2,chocolate_bomb,673,0.981599
FKIT,Y+X2_M9_r2,chocolate_bomb,674,0.974158
FKIT,Y+X2_M9_r2,chocolate_bomb,675,0.975543
FKIT,Y+X2_M9_r2,chocolate_bomb,676,0.976820
FKIT,Y+X2_M9_r2,chocolate_bomb,677,0.973796
FKIT,Y+X2_M9_r2,chocolate_bomb,678,0.974379
FKIT,Y+X2_M9_r2,chocolate_bomb,679,0.974890
FKIT,Y+X2_M9_r2,chocolate_bomb,680,0.974450
FKIT,Y+X2_M9_r2,chocolate_bomb,681,0.973739
FKIT,Y+X2_M9_r2,chocolate_bomb,682,0.975039
FKIT,Y+X2_M9_r2,chocolate_bomb,683,0.967687
FKIT,Y+X2_M9_r2,chocolate_bomb,684,0.969307
FKIT,Y+X2_M9_r2,chocolate_bomb,685,0.967184
FKIT,Y+X2_M9_r2,chocolate_bomb,686,0.959375
FKIT,Y+X2_M9_r2,chocolate_bomb,687,0.965091
FKIT,Y+X2_M9_r2,chocolate_bomb,688,0.964410
FKIT,Y+X2_M9_r2,chocolate_bomb,689,0.962713
FKIT,Y+X2_M9_r2,chocolate_bomb,690,0.963329
FKIT,Y+X2_M9_r2,chocolate_bomb,691,0.963755
FKIT,Y+X2_M9_r2,chocolate_bomb,692,0.967387
FKIT,Y+X2_M9_r2,chocolate_bomb,693,0.970467
FKIT,Y+X2_M9_r2,chocolate_bomb,694,0.958552
FKIT,Y+X2_M9_r2,chocolate_bomb,695,0.967020
FKIT,Y+X2_M9_r2,chocolate_bomb,696,0.962375
FKIT,Y+X2_M9_r2,chocolate_bomb,697,0.964112
FKIT,Y+X2_M9_r2,chocolate_bomb,698,0.963347
FKIT,Y+X2_M9_r2,chocolate_bomb,699,0.969931
FKIT,Y+X2_M9_r2,chocolate_bomb,700,0.967163
FKIT,Y+X2_M9_r2,chocolate_bomb,701,0.964272
FKIT,Y+X2_M9_r2,chocolate_bomb,702,0.970967
FKIT,Y+X2_M9_r2,chocolate_bomb,703,0.974946
FKIT,Y+X2_M9_r2,chocolate_bomb,704,0.973298
FKIT,Y+X2_M9_r2,chocolate_bomb,705,0.974621
FKIT,Y+X2_M9_r2,chocolate_bomb,706,0.969008
FKIT,Y+X2_M9_r2,chocolate_bomb,707,0.974275
FKIT,Y+X2_M9_r2,chocolate_bomb,708,0.980736
FKIT,Y+X2_M9_r2,chocolate_bomb,709,0.980255
FKIT,Y+X2_M9_r2,chocolate_bomb,710,0.980855
FKIT,Y+X2_M9_r2,chocolate_bomb,711,0.980413
FKIT,Y+X2_M9_r2,chocolate_bomb,712,0.980014
FKIT,Y+X2_M9_r2,chocolate_bomb,713,0.979141
FKIT,Y+X2_M9_r2,chocolate_bomb,714,0.976785
FKIT,Y+X2_M9_r2,chocolate_bomb,715,0.979349
FKIT,Y+X2_M9_r2,chocolate_bomb,716,0.981175
FKIT,Y+X2_M9_r2,chocolate_bomb,717,0.981768
FKIT,Y+X2_M9_r2,chocolate_bomb,718,0.978721
FKIT,Y+X2_M9_r2,chocolate_bomb,719,0.980281
FKIT,Y+X2_M9_r2,chocolate_bomb,720,0.977894
FKIT,Y+X2_M9_r2,chocolate_bomb,721,0.977706
FKIT,Y+X2_M9_r2,chocolate_bomb,722,0.981260
FKIT,Y+X2_M9_r2,chocolate_bomb,723,0.977571
FKIT,Y+X2_M9_r2,chocolate_bomb,724,0.979107
FKIT,Y+X2_M9_r2,chocolate_bomb,725,0.978280
FKIT,Y+X2_M9_r2,chocolate_bomb,726,0.975309
FKIT,Y+X2_M9_r2,chocolate_bomb,727,0.972860
FKIT,Y+X2_M9_r2,chocolate_bomb,728,0.972205
FKIT,Y+X2_M9_r2,chocolate_bomb,729,0.973332
FKIT,Y+X2_M9_r2,chocolate_bomb,730,0.974060
FKIT,Y+X2_M9_r2,chocolate_bomb,731,0.978623
FKIT,Y+X2_M9_r2,chocolate_bomb,732,0.980526
FKIT,Y+X2_M9_r2,chocolate_bomb,733,0.980585
FKIT,Y+X2_M9_r2,chocolate_bomb,734,0.978863
FKIT,Y+X2_M9_r2,chocolate_bomb,735,0.982061
FKIT,Y+X2_M9_r2,chocolate_bomb,736,0.979126
FKIT,Y+X2_M9_r2,chocolate_bomb,737,0.979431
FKIT,Y+X2_M9_r2,chocolate_bomb,738,0.981910
FKIT,Y+X2_M9_r2,chocolate_bomb,739,0.981572
FKIT,Y+X2_M9_r2,chocolate_bomb,740,0.980166
FKIT,Y+X2_M9_r2,chocolate_bomb,741,0.976358
FKIT,Y+X2_M9_r2,chocolate_bomb,742,0.978976
FKIT,Y+X2_M9_r2,chocolate_bomb,743,0.978777
FKIT,Y+X2_M9_r2,chocolate_bomb,744,0.981104
FKIT,Y+X2_M9_r2,chocolate_bomb,745,0.980301
FKIT,Y+X2_M9_r2,chocolate_bomb,746,0.982349
FKIT,Y+X2_M9_r2,chocolate_bomb,747,0.981707
FKIT,Y+X2_M9_r2,chocolate_bomb,748,0.979113
FKIT,Y+X2_M9_r2,chocolate_bomb,749,0.983156
FKIT,Y+X2_M9_r2,chocolate_bomb,750,0.981344
FKIT,Y+X2_M9_r2,chocolate_bomb,751,0.979393
FKIT,Y+X2_M9_r2,chocolate_bomb,752,0.984220
FKIT,Y+X2_M9_r2,chocolate_bomb,753,0.983080
FKIT,Y+X2_M9_r2,chocolate_bomb,754,0.983017
FKIT,Y+X2_M9_r2,chocolate_bomb,755,0.983314
FKIT,Y+X2_M9_r2,chocolate_bomb,756,0.985840
FKIT,Y+X2_M9_r2,chocolate_bomb,757,0.984899
FKIT,Y+X2_M9_r2,chocolate_bomb,758,0.982391
FKIT,Y+X2_M9_r2,chocolate_bomb,759,0.985812
FKIT,Y+X2_M9_r2,chocolate_bomb,760,0.983370
FKIT,Y+X2_M9_r2,chocolate_bomb,761,0.987330
FKIT,Y+X2_M9_r2,chocolate_bomb,762,0.986639
FKIT,Y+X2_M9_r2,chocolate_bomb,763,0.986786
FKIT,Y+X2_M9_r2,chocolate_bomb,764,0.988223
FKIT,Y+X2_M9_r2,chocolate_bomb,765,0.987036
FKIT,Y+X2_M9_r2,chocolate_bomb,766,0.986937
FKIT,Y+X2_M9_r2,chocolate_bomb,767,0.987496
FKIT,Y+X2_M9_r2,chocolate_bomb,768,0.988849
FKIT,Y+X2_M9_r2,chocolate_bomb,769,0.988453
FKIT,Y+X2_M9_r2,chocolate_bomb,770,0.988866
FKIT,Y+X2_M9_r2,chocolate_bomb,771,0.988062
FKIT,Y+X2_M9_r2,chocolate_bomb,772,0.986001
FKIT,Y+X2_M9_r2,chocolate_bomb,773,0.988455
FKIT,Y+X2_M9_r2,chocolate_bomb,774,0.984719
FKIT,Y+X2_M9_r2,chocolate_bomb,775,0.987187
FKIT,Y+X2_M9_r2,chocolate_bomb,776,0.988798
FKIT,Y+X2_M9_r2,chocolate_bomb,777,0.983433
FKIT,Y+X2_M9_r2,chocolate_bomb,778,0.981711
FKIT,Y+X2_M9_r2,chocolate_bomb,779,0.986706
FKIT,Y+X2_M9_r2,chocolate_bomb,780,0.982644
FKIT,Y+X2_M9_r2,chocolate_bomb,781,0.982950
FKIT,Y+X2_M9_r2,chocolate_bomb,782,0.987395
FKIT,Y+X2_M9_r2,chocolate_bomb,783,0.986556
FKIT,Y+X2_M9_r2,chocolate_bomb,784,0.987143
FKIT,Y+X2_M9_r2,chocolate_bomb,785,0.985795
FKIT,Y+X2_M9_r2,chocolate_bomb,786,0.976826
FKIT,Y+X2_M9_r2,chocolate_bomb,787,0.984868
FKIT,Y+X2_M9_r2,chocolate_bomb,788,0.985116
FKIT,Y+X2_M9_r2,chocolate_bomb,789,0.984362
FKIT,Y+X2_M9_r2,chocolate_bomb,790,0.981622
FKIT,Y+X2_M9_r2,chocolate_bomb,791,0.979474
FKIT,Y+X2_M9_r2,chocolate_bomb,792,0.986239
FKIT,Y+X2_M9_r2,chocolate_bomb,793,0.986366
FKIT,Y+X2_M9_r2,chocolate_bomb,794,0.988784
FKIT,Y+X2_M9_r2,chocolate_bomb,795,0.983714
FKIT,Y+X2_M9_r2,chocolate_bomb,796,0.986262
FKIT,Y+X2_M9_r2,chocolate_bomb,797,0.983817
FKIT,Y+X2_M9_r2,chocolate_bomb,798,0.983150
FKIT,Y+X2_M9_r2,chocolate_bomb,799,0.986319
FKIT,Y+X2_M9_r2,chocolate_bomb,800,0.985004
FKIT,Y+X2_M9_r2,chocolate_bomb,801,0.984129
FKIT,Y+X2_M9_r2,chocolate_bomb,802,0.987117
FKIT,Y+X2_M9_r2,chocolate_bomb,803,0.983542
FKIT,Y+X2_M9_r2,chocolate_bomb,804,0.985052
FKIT,Y+X2_M9_r2,chocolate_bomb,805,0.986627
FKIT,Y+X2_M9_r2,chocolate_bomb,806,0.987887
FKIT,Y+X2_M9_r2,chocolate_bomb,807,0.986110
FKIT,Y+X2_M9_r2,chocolate_bomb,808,0.987383
FKIT,Y+X2_M9_r2,chocolate_bomb,809,0.987614
FKIT,Y+X2_M9_r2,chocolate_bomb,810,0.986566
FKIT,Y+X2_M9_r2,chocolate_bomb,811,0.987936
FKIT,Y+X2_M9_r2,chocolate_bomb,812,0.988790
FKIT,Y+X2_M9_r2,chocolate_bomb,813,0.986330
FKIT,Y+X2_M9_r2,chocolate_bomb,814,0.987916
FKIT,Y+X2_M9_r2,chocolate_bomb,815,0.986393
FKIT,Y+X2_M9_r2,chocolate_bomb,816,0.986692
FKIT,Y+X2_M9_r2,chocolate_bomb,817,0.987651
FKIT,Y+X2_M9_r2,chocolate_bomb,818,0.986315
FKIT,Y+X2_M9_r2,chocolate_bomb,819,0.985169
FKIT,Y+X2_M9_r2,chocolate_bomb,820,0.985698
FKIT,Y+X2_M9_r2,chocolate_bomb,821,0.984460
FKIT,Y+X2_M9_r2,chocolate_bomb,822,0.979313
FKIT,Y+X2_M9_r2,chocolate_bomb,823,0.975147
FKIT,Y+X2_M9_r2,chocolate_bomb,824,0.978912
FKIT,Y+X2_M9_r2,chocolate_bomb,825,0.972674
FKIT,Y+X2_M9_r2,chocolate_bomb,826,0.974375
FKIT,Y+X2_M9_r2,chocolate_bomb,827,0.974179
FKIT,Y+X2_M9_r2,chocolate_bomb,828,0.968644
FKIT,Y+X2_M9_r2,chocolate_bomb,829,0.972504
FKIT,Y+X2_M9_r2,chocolate_bomb,830,0.964804
FKIT,Y+X2_M9_r2,chocolate_bomb,831,0.967836
FKIT,Y+X2_M9_r2,chocolate_bomb,832,0.974340
FKIT,Y+X2_M9_r2,chocolate_bomb,833,0.969247
FKIT,Y+X2_M9_r2,chocolate_bomb,834,0.970408
FKIT,Y+X2_M9_r2,chocolate_bomb,835,0.969429
FKIT,Y+X2_M9_r2,chocolate_bomb,836,0.966847
FKIT,Y+X2_M9_r2,chocolate_bomb,837,0.965373
FKIT,Y+X2_M9_r2,chocolate_bomb,838,0.957016
FKIT,Y+X2_M9_r2,chocolate_bomb,839,0.961327
FKIT,Y+X2_M9_r2,chocolate_bomb,840,0.951177
FKIT,Y+X2_M9_r2,chocolate_bomb,841,0.955474
FKIT,Y+X2_M9_r2,chocolate_bomb,842,0.951933
FKIT,Y+X2_M9_r2,chocolate_bomb,843,0.965710
FKIT,Y+X2_M9_r2,chocolate_bomb,844,0.957844
FKIT,Y+X2_M9_r2,chocolate_bomb,845,0.061596
FKIT,Y+X2_M9_r2,chocolate_bomb,846,0.955056
FKIT,Y+X2_M9_r2,chocolate_bomb,847,0.952381
FKIT,Y+X2_M9_r2,chocolate_bomb,848,0.967355
FKIT,Y+X2_M9_r2,chocolate_bomb,849,0.970499
FKIT,Y+X2_M9_r2,chocolate_bomb,850,0.969354
FKIT,Y+X2_M9_r2,chocolate_bomb,851,0.969689
FKIT,Y+X2_M9_r2,chocolate_bomb,852,0.969492
FKIT,Y+X2_M9_r2,chocolate_bomb,853,0.971112
FKIT,Y+X2_M9_r2,chocolate_bomb,854,0.968049
FKIT,Y+X2_M9_r2,chocolate_bomb,855,0.966493
FKIT,Y+X2_M9_r2,chocolate_bomb,856,0.969302
FKIT,Y+X2_M9_r2,chocolate_bomb,857,0.972736
FKIT,Y+X2_M9_r2,chocolate_bomb,858,0.972981
FKIT,Y+X2_M9_r2,chocolate_bomb,859,0.972651
FKIT,Y+X2_M9_r2,chocolate_bomb,860,0.974066
FKIT,Y+X2_M9_r2,chocolate_bomb,861,0.970851
FKIT,Y+X2_M9_r2,chocolate_bomb,862,0.974507
FKIT,Y+X2_M9_r2,chocolate_bomb,863,0.973033
FKIT,Y+X2_M9_r2,chocolate_bomb,864,0.979832
FKIT,Y+X2_M9_r2,chocolate_bomb,865,0.978128
FKIT,Y+X2_M9_r2,chocolate_bomb,866,0.980902
FKIT,Y+X2_M9_r2,chocolate_bomb,867,0.981918
FKIT,Y+X2_M9_r2,chocolate_bomb,868,0.977874
FKIT,Y+X2_M9_r2,chocolate_bomb,869,0.975568
FKIT,Y+X2_M9_r2,chocolate_bomb,870,0.964618
FKIT,Y+X2_M9_r2,chocolate_bomb,871,0.959817
FKIT,Y+X2_M9_r2,chocolate_bomb,872,0.959135
FKIT,Y+X2_M9_r2,chocolate_bomb,873,0.954268
FKIT,Y+X2_M9_r2,chocolate_bomb,874,0.963070
FKIT,Y+X2_M9_r2,chocolate_bomb,875,0.960921
FKIT,Y+X2_M9_r2,chocolate_bomb,876,0.958610
FKIT,Y+X2_M9_r2,chocolate_bomb,877,0.957972
FKIT,Y+X2_M9_r2,chocolate_bomb,878,0.948146
FKIT,Y+X2_M9_r2,chocolate_bomb,879,0.962365
FKIT,Y+X2_M9_r2,chocolate_bomb,880,0.957829
FKIT,Y+X2_M9_r2,chocolate_bomb,881,0.947930
FKIT,Y+X2_M9_r2,chocolate_bomb,882,0.957040
FKIT,Y+X2_M9_r2,chocolate_bomb,883,0.959054
FKIT,Y+X2_M9_r2,chocolate_bomb,884,0.956766
FKIT,Y+X2_M9_r2,chocolate_bomb,885,0.948941
FKIT,Y+X2_M9_r2,chocolate_bomb,886,0.952579
FKIT,Y+X2_M9_r2,chocolate_bomb,887,0.958372
FKIT,Y+X2_M9_r2,chocolate_bomb,888,0.959011
FKIT,Y+X2_M9_r2,chocolate_bomb,889,0.962671
FKIT,Y+X2_M9_r2,chocolate_bomb,890,0.974263
FKIT,Y+X2_M9_r2,chocolate_bomb,891,0.976976
FKIT,Y+X2_M9_r2,chocolate_bomb,892,0.976140
FKIT,Y+X2_M9_r2,chocolate_bomb,893,0.981300
FKIT,Y+X2_M9_r2,chocolate_bomb,894,0.969322
FKIT,Y+X2_M9_r2,chocolate_bomb,895,0.983717
FKIT,Y+X2_M9_r2,chocolate_bomb,896,0.982261
FKIT,Y+X2_M9_r2,chocolate_bomb,897,0.982253
FKIT,Y+X2_M9_r2,chocolate_bomb,898,0.977343
FKIT,Y+X2_M9_r2,chocolate_bomb,899,0.978945
FKIT,Y+X2_M9_r2,chocolate_bomb,900,0.981525
FKIT,Y+X2_M9_r2,chocolate_bomb,901,0.979058
FKIT,Y+X2_M9_r2,chocolate_bomb,902,0.979954
FKIT,Y+X2_M9_r2,chocolate_bomb,903,0.981011
FKIT,Y+X2_M9_r2,chocolate_bomb,904,0.981948
FKIT,Y+X2_M9_r2,chocolate_bomb,905,0.986032
FKIT,Y+X2_M9_r2,chocolate_bomb,906,0.983688
FKIT,Y+X2_M9_r2,chocolate_bomb,907,0.982698
FKIT,Y+X2_M9_r2,chocolate_bomb,908,0.985364
FKIT,Y+X2_M9_r2,chocolate_bomb,909,0.983634
FKIT,Y+X2_M9_r2,chocolate_bomb,910,0.985240
FKIT,Y+X2_M9_r2,chocolate_bomb,911,0.982269
FKIT,Y+X2_M9_r2,chocolate_bomb,912,0.985514
FKIT,Y+X2_M9_r2,chocolate_bomb,913,0.983598
FKIT,Y+X2_M9_r2,chocolate_bomb,914,0.986866
FKIT,Y+X2_M9_r2,chocolate_bomb,915,0.986856
FKIT,Y+X2_M9_r2,chocolate_bomb,916,0.986853
FKIT,Y+X2_M9_r2,chocolate_bomb,917,0.985150
FKIT,Y+X2_M9_r2,chocolate_bomb,918,0.988109
FKIT,Y+X2_M9_r2,chocolate_bomb,919,0.984575
FKIT,Y+X2_M9_r2,chocolate_bomb,920,0.983189
FKIT,Y+X2_M9_r2,chocolate_bomb,921,0.974680
FKIT,Y+X2_M9_r2,chocolate_bomb,922,0.968670
FKIT,Y+X2_M9_r2,chocolate_bomb,923,0.971693
FKIT,Y+X2_M9_r2,chocolate_bomb,924,0.958424
FKIT,Y+X2_M9_r2,chocolate_bomb,925,0.977556
FKIT,Y+X2_M9_r2,chocolate_bomb,926,0.971979
FKIT,Y+X2_M9_r2,chocolate_bomb,927,0.963066
FKIT,Y+X2_M9_r2,chocolate_bomb,928,0.973944
FKIT,Y+X2_M9_r2,chocolate_bomb,929,0.959937
FKIT,Y+X2_M9_r2,chocolate_bomb,930,0.960250
FKIT,Y+X2_M9_r2,chocolate_bomb,931,0.973651
FKIT,Y+X2_M9_r2,chocolate_bomb,932,0.976548
FKIT,Y+X2_M9_r2,chocolate_bomb,933,0.979813
FKIT,Y+X2_M9_r2,chocolate_bomb,934,0.978644
FKIT,Y+X2_M9_r2,chocolate_bomb,935,0.981071
FKIT,Y+X2_M9_r2,chocolate_bomb,936,0.981937
FKIT,Y+X2_M9_r2,chocolate_bomb,937,0.981382
FKIT,Y+X2_M9_r2,chocolate_bomb,938,0.980575
FKIT,Y+X2_M9_r2,chocolate_bomb,939,0.984873
FKIT,Y+X2_M9_r2,chocolate_bomb,940,0.985462
FKIT,Y+X2_M9_r2,chocolate_bomb,941,0.980680
FKIT,Y+X2_M9_r2,chocolate_bomb,942,0.983688
FKIT,Y+X2_M9_r2,chocolate_bomb,943,0.985329
FKIT,Y+X2_M9_r2,chocolate_bomb,944,0.986698
FKIT,Y+X2_M9_r2,chocolate_bomb,945,0.988237
FKIT,Y+X2_M9_r2,chocolate_bomb,946,0.989517
FKIT,Y+X2_M9_r2,chocolate_bomb,947,0.986983
FKIT,Y+X2_M9_r2,chocolate_bomb,948,0.988746
FKIT,Y+X2_M9_r2,chocolate_bomb,949,0.982267
FKIT,Y+X2_M9_r2,chocolate_bomb,950,0.989695
FKIT,Y+X2_M9_r2,chocolate_bomb,951,0.988265
FKIT,Y+X2_M9_r2,chocolate_bomb,952,0.986469
FKIT,Y+X2_M9_r2,chocolate_bomb,953,0.982560
FKIT,Y+X2_M9_r2,chocolate_bomb,954,0.977241
FKIT,Y+X2_M9_r2,chocolate_bomb,955,0.986876
FKIT,Y+X2_M9_r2,chocolate_bomb,956,0.985765
FKIT,Y+X2_M9_r2,chocolate_bomb,957,0.988252
FKIT,Y+X2_M9_r2,chocolate_bomb,958,0.986001
FKIT,Y+X2_M9_r2,chocolate_bomb,959,0.984724
FKIT,Y+X2_M9_r2,chocolate_bomb,960,0.985006
FKIT,Y+X2_M9_r2,chocolate_bomb,961,0.985872
FKIT,Y+X2_M9_r2,chocolate_bomb,962,0.986592
FKIT,Y+X2_M9_r2,chocolate_bomb,963,0.986694
FKIT,Y+X2_M9_r2,chocolate_bomb,964,0.984413
FKIT,Y+X2_M9_r2,chocolate_bomb,965,0.989430
FKIT,Y+X2_M9_r2,chocolate_bomb,966,0.986922
FKIT,Y+X2_M9_r2,chocolate_bomb,967,0.986084
FKIT,Y+X2_M9_r2,chocolate_bomb,968,0.984878
FKIT,Y+X2_M9_r2,chocolate_bomb,969,0.956978
FKIT,Y+X2_M9_r2,chocolate_bomb,970,0.920859
FKIT,Y+X2_M9_r2,chocolate_bomb,971,0.865679
FKIT,Y+X2_M9_r2,chocolate_bomb,972,0.860965
FKIT,Y+X2_M9_r2,chocolate_bomb,973,0.835964
FKIT,Y+X2_M9_r2,chocolate_bomb,974,0.821659
FKIT,Y+X2_M9_r2,chocolate_bomb,975,0.813981
FKIT,Y+X2_M9_r2,chocolate_bomb,976,0.797529
FKIT,Y+X2_M9_r2,chocolate_bomb,977,0.789974
FKIT,Y+X2_M9_r2,chocolate_bomb,978,0.769640
FKIT,Y+X2_M9_r2,chocolate_bomb,979,0.767759
FKIT,Y+X2_M9_r2,chocolate_bomb,980,0.759402
FKIT,Y+X2_M9_r2,chocolate_bomb,981,0.750523
FKIT,Y+X2_M9_r2,chocolate_bomb,982,0.746489
FKIT,Y+X2_M9_r2,chocolate_bomb,983,0.732476
FKIT,Y+X2_M9_r2,chocolate_bomb,984,0.703529
FKIT,Y+X2_M9_r2,chocolate_bomb,985,0.729166
FKIT,Y+X2_M9_r2,chocolate_bomb,986,0.735925
FKIT,Y+X2_M9_r2,chocolate_bomb,987,0.733743
FKIT,Y+X2_M9_r2,chocolate_bomb,988,0.730085
FKIT,Y+X2_M9_r2,chocolate_bomb,989,0.751094
FKIT,Y+X2_M9_r2,chocolate_bomb,990,0.758869
FKIT,Y+X2_M9_r2,chocolate_bomb,991,0.869563
FKIT,Y+X2_M9_r2,chocolate_bomb,992,0.782328
FKIT,Y+X2_M9_r2,chocolate_bomb,993,0.863964
FKIT,Y+X2_M9_r2,chocolate_bomb,994,0.833699
FKIT,Y+X2_M9_r2,chocolate_bomb,995,0.793228
FKIT,Y+X2_M9_r2,chocolate_bomb,996,0.813580
FKIT,Y+X2_M9_r2,chocolate_bomb,997,0.821943
FKIT,Y+X2_M9_r2,chocolate_bomb,998,0.821073
FKIT,Y+X2_M9_r2,chocolate_bomb,999,0.850630
FKIT,Y+X2_M9_r2,chocolate_bomb,1000,0.848938
FKIT,Y+X2_M9_r2,chocolate_bomb,1001,0.857461
FKIT,Y+X2_M9_r2,chocolate_bomb,1002,0.877294
FKIT,Y+X2_M9_r2,chocolate_bomb,1003,0.894520
FKIT,Y+X2_M9_r2,chocolate_bomb,1004,0.959338
FKIT,Y+X2_M9_r2,chocolate_bomb,1005,0.972909
FKIT,Y+X2_M9_r2,chocolate_bomb,1006,0.977009
FKIT,Y+X2_M9_r2,chocolate_bomb,1007,0.978951
FKIT,Y+X2_M9_r2,chocolate_bomb,1008,0.980588
FKIT,Y+X2_M9_r2,chocolate_bomb,1009,0.979632
FKIT,Y+X2_M9_r2,chocolate_bomb,1010,0.946828
FKIT,Y+X2_M9_r2,chocolate_bomb,1011,0.916338
FKIT,Y+X2_M9_r2,chocolate_bomb,1012,0.916285
FKIT,Y+X2_M9_r2,chocolate_bomb,1013,0.923588
FKIT,Y+X2_M9_r2,chocolate_bomb,1014,0.970571
FKIT,Y+X2_M9_r2,chocolate_bomb,1015,0.911657
FKIT,Y+X2_M9_r2,chocolate_bomb,1016,0.924565
FKIT,Y+X2_M9_r2,chocolate_bomb,1017,0.907766
FKIT,Y+X2_M9_r2,chocolate_bomb,1018,0.887607
FKIT,Y+X2_M9_r2,chocolate_bomb,1019,0.893534
FKIT,Y+X2_M9_r2,chocolate_bomb,1020,0.909252
FKIT,Y+X2_M9_r2,chocolate_bomb,1021,0.936462
FKIT,Y+X2_M9_r2,chocolate_bomb,1022,0.904905
FKIT,Y+X2_M9_r2,chocolate_bomb,1023,0.935916
FKIT,Y+X2_M9_r2,chocolate_bomb,1024,0.902225
FKIT,Y+X2_M9_r2,chocolate_bomb,1025,0.904782
FKIT,Y+X2_M9_r2,chocolate_bomb,1026,0.905970
FKIT,Y+X2_M9_r2,chocolate_bomb,1027,0.901217
FKIT,Y+X2_M9_r2,chocolate_bomb,1028,0.907930
FKIT,Y+X2_M9_r2,chocolate_bomb,1029,0.910635
FKIT,Y+X2_M9_r2,chocolate_bomb,1030,0.912199
FKIT,Y+X2_M9_r2,chocolate_bomb,1031,0.901626
FKIT,Y+X2_M9_r2,chocolate_bomb,1032,0.910031
FKIT,Y+X2_M9_r2,chocolate_bomb,1033,0.925765
FKIT,Y+X2_M9_r2,chocolate_bomb,1034,0.938801
FKIT,Y+X2_M9_r2,chocolate_bomb,1035,0.973721
FKIT,Y+X2_M9_r2,chocolate_bomb,1036,0.962742
FKIT,Y+X2_M9_r2,chocolate_bomb,1037,0.958981
FKIT,Y+X2_M9_r2,chocolate_bomb,1038,0.962275
FKIT,Y+X2_M9_r2,chocolate_bomb,1039,0.961038
FKIT,Y+X2_M9_r2,chocolate_bomb,1040,0.953956
FKIT,Y+X2_M9_r2,chocolate_bomb,1041,0.975332
FKIT,Y+X2_M9_r2,chocolate_bomb,1042,0.956828
FKIT,Y+X2_M9_r2,chocolate_bomb,1043,0.970289
FKIT,Y+X2_M9_r2,chocolate_bomb,1044,0.967298
FKIT,Y+X2_M9_r2,chocolate_bomb,1045,0.967803
FKIT,Y+X2_M9_r2,chocolate_bomb,1046,0.976764
FKIT,Y+X2_M9_r2,chocolate_bomb,1047,0.984116
FKIT,Y+X2_M9_r2,chocolate_bomb,1048,0.979398
FKIT,Y+X2_M9_r2,chocolate_bomb,1049,0.977831
FKIT,Y+X2_M9_r2,chocolate_bomb,1050,0.975599
FKIT,Y+X2_M9_r2,chocolate_bomb,1051,0.970683
FKIT,Y+X2_M9_r2,chocolate_bomb,1052,0.968619
FKIT,Y+X2_M9_r2,chocolate_bomb,1053,0.968711
FKIT,Y+X2_M9_r2,chocolate_bomb,1054,0.963311
FKIT,Y+X2_M9_r2,chocolate_bomb,1055,0.973425
FKIT,Y+X2_M9_r2,chocolate_bomb,1056,0.930477
FKIT,Y+X2_M9_r2,chocolate_bomb,1057,0.979278
FKIT,Y+X2_M9_r2,chocolate_bomb,1058,0.972663
FKIT,Y+X2_M9_r2,chocolate_bomb,1059,0.975149
FKIT,Y+X2_M9_r2,chocolate_bomb,1060,0.975988
FKIT,Y+X2_M9_r2,chocolate_bomb,1061,0.971547
FKIT,Y+X2_M9_r2,chocolate_bomb,1062,0.970371
FKIT,Y+X2_M9_r2,chocolate_bomb,1063,0.971364
FKIT,Y+X2_M9_r2,chocolate_bomb,1064,0.973716
FKIT,Y+X2_M9_r2,chocolate_bomb,1065,0.967640
FKIT,Y+X2_M9_r2,chocolate_bomb,1066,0.973878
FKIT,Y+X2_M9_r2,chocolate_bomb,1067,0.978298
FKIT,Y+X2_M9_r2,chocolate_bomb,1068,0.977250
FKIT,Y+X2_M9_r2,chocolate_bomb,1069,0.978309
FKIT,Y+X2_M9_r2,chocolate_bomb,1070,0.978921
FKIT,Y+X2_M9_r2,chocolate_bomb,1071,0.980139
FKIT,Y+X2_M9_r2,chocolate_bomb,1072,0.976456
FKIT,Y+X2_M9_r2,chocolate_bomb,1073,0.982786
FKIT,Y+X2_M9_r2,chocolate_bomb,1074,0.982637
FKIT,Y+X2_M9_r2,chocolate_bomb,1075,0.982370
FKIT,Y+X2_M9_r2,chocolate_bomb,1076,0.986991
FKIT,Y+X2_M9_r2,chocolate_bomb,1077,0.989332
FKIT,Y+X2_M9_r2,chocolate_bomb,1078,0.989045
FKIT,Y+X2_M9_r2,chocolate_bomb,1079,0.989965
FKIT,Y+X2_M9_r2,chocolate_bomb,1080,0.989313
FKIT,Y+X2_M9_r2,chocolate_bomb,1081,0.988771
FKIT,Y+X2_M9_r2,chocolate_bomb,1082,0.986982
FKIT,Y+X2_M9_r2,chocolate_bomb,1083,0.988950
FKIT,Y+X2_M9_r2,chocolate_bomb,1084,0.984497
FKIT,Y+X2_M9_r2,chocolate_bomb,1085,0.983682
FKIT,Y+X2_M9_r2,chocolate_bomb,1086,0.982399
FKIT,Y+X2_M9_r2,chocolate_bomb,1087,0.988036
FKIT,Y+X2_M9_r2,chocolate_bomb,1088,0.987684
FKIT,Y+X2_M9_r2,chocolate_bomb,1089,0.985669
FKIT,Y+X2_M9_r2,chocolate_bomb,1090,0.990256
FKIT,Y+X2_M9_r2,chocolate_bomb,1091,0.987597
FKIT,Y+X2_M9_r2,chocolate_bomb,1092,0.989279
FKIT,Y+X2_M9_r2,chocolate_bomb,1093,0.987499
FKIT,Y+X2_M9_r2,chocolate_bomb,1094,0.987334
FKIT,Y+X2_M9_r2,chocolate_bomb,1095,0.989259
FKIT,Y+X2_M9_r2,chocolate_bomb,1096,0.986403
FKIT,Y+X2_M9_r2,chocolate_bomb,1097,0.991658
FKIT,Y+X2_M9_r2,chocolate_bomb,1098,0.988963
FKIT,Y+X2_M9_r2,chocolate_bomb,1099,0.991235
FKIT,Y+X2_M9_r2,chocolate_bomb,1100,0.989305
FKIT,Y+X2_M9_r2,chocolate_bomb,1101,0.990068
FKIT,Y+X2_M9_r2,chocolate_bomb,1102,0.991411
FKIT,Y+X2_M9_r2,chocolate_bomb,1103,0.991103
FKIT,Y+X2_M9_r2,chocolate_bomb,1104,0.990572
FKIT,Y+X2_M9_r2,chocolate_bomb,1105,0.990661
FKIT,Y+X2_M9_r2,chocolate_bomb,1106,0.990655
FKIT,Y+X2_M9_r2,chocolate_bomb,1107,0.992013
FKIT,Y+X2_M9_r2,chocolate_bomb,1108,0.992563
FKIT,Y+X2_M9_r2,chocolate_bomb,1109,0.990198
FKIT,Y+X2_M9_r2,chocolate_bomb,1110,0.991629
FKIT,Y+X2_M9_r2,chocolate_cake,0,0.959044
FKIT,Y+X2_M9_r2,chocolate_cake,1,0.954170
FKIT,Y+X2_M9_r2,chocolate_cake,2,0.957468
FKIT,Y+X2_M9_r2,chocolate_cake,3,0.953301
FKIT,Y+X2_M9_r2,chocolate_cake,4,0.961538
FKIT,Y+X2_M9_r2,chocolate_cake,5,0.959658
FKIT,Y+X2_M9_r2,chocolate_cake,6,0.957878
FKIT,Y+X2_M9_r2,chocolate_cake,7,0.955754
FKIT,Y+X2_M9_r2,chocolate_cake,8,0.952003
FKIT,Y+X2_M9_r2,chocolate_cake,9,0.958352
FKIT,Y+X2_M9_r2,chocolate_cake,10,0.958104
FKIT,Y+X2_M9_r2,chocolate_cake,11,0.958832
FKIT,Y+X2_M9_r2,chocolate_cake,12,0.964797
FKIT,Y+X2_M9_r2,chocolate_cake,13,0.965668
FKIT,Y+X2_M9_r2,chocolate_cake,14,0.972802
FKIT,Y+X2_M9_r2,chocolate_cake,15,0.968956
FKIT,Y+X2_M9_r2,chocolate_cake,16,0.969679
FKIT,Y+X2_M9_r2,chocolate_cake,17,0.967336
FKIT,Y+X2_M9_r2,chocolate_cake,18,0.970090
FKIT,Y+X2_M9_r2,chocolate_cake,19,0.966005
FKIT,Y+X2_M9_r2,chocolate_cake,20,0.968409
FKIT,Y+X2_M9_r2,chocolate_cake,21,0.970559
FKIT,Y+X2_M9_r2,chocolate_cake,22,0.972410
FKIT,Y+X2_M9_r2,chocolate_cake,23,0.971023
FKIT,Y+X2_M9_r2,chocolate_cake,24,0.971321
FKIT,Y+X2_M9_r2,chocolate_cake,25,0.969574
FKIT,Y+X2_M9_r2,chocolate_cake,26,0.966403
FKIT,Y+X2_M9_r2,chocolate_cake,27,0.967818
FKIT,Y+X2_M9_r2,chocolate_cake,28,0.970168
FKIT,Y+X2_M9_r2,chocolate_cake,29,0.968544
FKIT,Y+X2_M9_r2,chocolate_cake,30,0.967082
FKIT,Y+X2_M9_r2,chocolate_cake,31,0.952063
FKIT,Y+X2_M9_r2,chocolate_cake,32,0.970722
FKIT,Y+X2_M9_r2,chocolate_cake,33,0.970198
FKIT,Y+X2_M9_r2,chocolate_cake,34,0.971665
FKIT,Y+X2_M9_r2,chocolate_cake,35,0.972542
FKIT,Y+X2_M9_r2,chocolate_cake,36,0.971061
FKIT,Y+X2_M9_r2,chocolate_cake,37,0.971039
FKIT,Y+X2_M9_r2,chocolate_cake,38,0.972037
FKIT,Y+X2_M9_r2,chocolate_cake,39,0.970749
FKIT,Y+X2_M9_r2,chocolate_cake,40,0.972562
FKIT,Y+X2_M9_r2,chocolate_cake,41,0.969485
FKIT,Y+X2_M9_r2,chocolate_cake,42,0.967237
FKIT,Y+X2_M9_r2,chocolate_cake,43,0.973253
FKIT,Y+X2_M9_r2,chocolate_cake,44,0.974180
FKIT,Y+X2_M9_r2,chocolate_cake,45,0.973641
FKIT,Y+X2_M9_r2,chocolate_cake,46,0.972773
FKIT,Y+X2_M9_r2,chocolate_cake,47,0.974797
FKIT,Y+X2_M9_r2,chocolate_cake,48,0.973711
FKIT,Y+X2_M9_r2,chocolate_cake,49,0.973158
FKIT,Y+X2_M9_r2,chocolate_cake,50,0.972764
FKIT,Y+X2_M9_r2,chocolate_cake,51,0.967432
FKIT,Y+X2_M9_r2,chocolate_cake,52,0.973657
FKIT,Y+X2_M9_r2,chocolate_cake,53,0.972649
FKIT,Y+X2_M9_r2,chocolate_cake,54,0.974650
FKIT,Y+X2_M9_r2,chocolate_cake,55,0.973651
FKIT,Y+X2_M9_r2,chocolate_cake,56,0.973685
FKIT,Y+X2_M9_r2,chocolate_cake,57,0.971485
FKIT,Y+X2_M9_r2,chocolate_cake,58,0.972735
FKIT,Y+X2_M9_r2,chocolate_cake,59,0.971586
FKIT,Y+X2_M9_r2,chocolate_cake,60,0.972000
FKIT,Y+X2_M9_r2,chocolate_cake,61,0.971748
FKIT,Y+X2_M9_r2,chocolate_cake,62,0.974940
FKIT,Y+X2_M9_r2,chocolate_cake,63,0.976123
FKIT,Y+X2_M9_r2,chocolate_cake,64,0.976785
FKIT,Y+X2_M9_r2,chocolate_cake,65,0.974814
FKIT,Y+X2_M9_r2,chocolate_cake,66,0.976313
FKIT,Y+X2_M9_r2,chocolate_cake,67,0.976589
FKIT,Y+X2_M9_r2,chocolate_cake,68,0.975672
FKIT,Y+X2_M9_r2,chocolate_cake,69,0.976113
FKIT,Y+X2_M9_r2,chocolate_cake,70,0.974056
FKIT,Y+X2_M9_r2,chocolate_cake,71,0.974367
FKIT,Y+X2_M9_r2,chocolate_cake,72,0.975925
FKIT,Y+X2_M9_r2,chocolate_cake,73,0.975881
FKIT,Y+X2_M9_r2,chocolate_cake,74,0.979767
FKIT,Y+X2_M9_r2,chocolate_cake,75,0.977419
FKIT,Y+X2_M9_r2,chocolate_cake,76,0.975398
FKIT,Y+X2_M9_r2,chocolate_cake,77,0.978301
FKIT,Y+X2_M9_r2,chocolate_cake,78,0.978734
FKIT,Y+X2_M9_r2,chocolate_cake,79,0.978665
FKIT,Y+X2_M9_r2,chocolate_cake,80,0.976738
FKIT,Y+X2_M9_r2,chocolate_cake,81,0.976118
FKIT,Y+X2_M9_r2,chocolate_cake,82,0.979507
FKIT,Y+X2_M9_r2,chocolate_cake,83,0.979730
FKIT,Y+X2_M9_r2,chocolate_cake,84,0.981158
FKIT,Y+X2_M9_r2,chocolate_cake,85,0.979735
FKIT,Y+X2_M9_r2,chocolate_cake,86,0.979049
FKIT,Y+X2_M9_r2,chocolate_cake,87,0.979073
FKIT,Y+X2_M9_r2,chocolate_cake,88,0.979307
FKIT,Y+X2_M9_r2,chocolate_cake,89,0.979927
FKIT,Y+X2_M9_r2,chocolate_cake,90,0.978671
FKIT,Y+X2_M9_r2,chocolate_cake,91,0.977019
FKIT,Y+X2_M9_r2,chocolate_cake,92,0.978523
FKIT,Y+X2_M9_r2,chocolate_cake,93,0.978612
FKIT,Y+X2_M9_r2,chocolate_cake,94,0.981402
FKIT,Y+X2_M9_r2,chocolate_cake,95,0.981948
FKIT,Y+X2_M9_r2,chocolate_cake,96,0.980578
FKIT,Y+X2_M9_r2,chocolate_cake,97,0.978957
FKIT,Y+X2_M9_r2,chocolate_cake,98,0.979958
FKIT,Y+X2_M9_r2,chocolate_cake,99,0.978638
FKIT,Y+X2_M9_r2,chocolate_cake,100,0.977788
FKIT,Y+X2_M9_r2,chocolate_cake,101,0.978200
FKIT,Y+X2_M9_r2,chocolate_cake,102,0.978336
FKIT,Y+X2_M9_r2,chocolate_cake,103,0.977400
FKIT,Y+X2_M9_r2,chocolate_cake,104,0.979951
FKIT,Y+X2_M9_r2,chocolate_cake,105,0.980467
FKIT,Y+X2_M9_r2,chocolate_cake,106,0.977291
FKIT,Y+X2_M9_r2,chocolate_cake,107,0.930330
FKIT,Y+X2_M9_r2,chocolate_cake,108,0.974113
FKIT,Y+X2_M9_r2,chocolate_cake,109,0.967822
FKIT,Y+X2_M9_r2,chocolate_cake,110,0.932912
FKIT,Y+X2_M9_r2,chocolate_cake,111,0.973535
FKIT,Y+X2_M9_r2,chocolate_cake,112,0.975913
FKIT,Y+X2_M9_r2,chocolate_cake,113,0.980015
FKIT,Y+X2_M9_r2,chocolate_cake,114,0.980448
FKIT,Y+X2_M9_r2,chocolate_cake,115,0.980595
FKIT,Y+X2_M9_r2,chocolate_cake,116,0.981125
FKIT,Y+X2_M9_r2,chocolate_cake,117,0.981016
FKIT,Y+X2_M9_r2,chocolate_cake,118,0.981086
FKIT,Y+X2_M9_r2,chocolate_cake,119,0.981507
FKIT,Y+X2_M9_r2,chocolate_cake,120,0.981281
FKIT,Y+X2_M9_r2,chocolate_cake,121,0.978877
FKIT,Y+X2_M9_r2,chocolate_cake,122,0.982109
FKIT,Y+X2_M9_r2,chocolate_cake,123,0.982379
FKIT,Y+X2_M9_r2,chocolate_cake,124,0.983041
FKIT,Y+X2_M9_r2,chocolate_cake,125,0.982454
FKIT,Y+X2_M9_r2,chocolate_cake,126,0.983160
FKIT,Y+X2_M9_r2,chocolate_cake,127,0.981790
FKIT,Y+X2_M9_r2,chocolate_cake,128,0.983784
FKIT,Y+X2_M9_r2,chocolate_cake,129,0.981603
FKIT,Y+X2_M9_r2,chocolate_cake,130,0.983360
FKIT,Y+X2_M9_r2,chocolate_cake,131,0.983248
FKIT,Y+X2_M9_r2,chocolate_cake,132,0.983287
FKIT,Y+X2_M9_r2,chocolate_cake,133,0.982266
FKIT,Y+X2_M9_r2,chocolate_cake,134,0.984147
FKIT,Y+X2_M9_r2,chocolate_cake,135,0.982784
FKIT,Y+X2_M9_r2,chocolate_cake,136,0.982216
FKIT,Y+X2_M9_r2,chocolate_cake,137,0.982314
FKIT,Y+X2_M9_r2,chocolate_cake,138,0.982535
FKIT,Y+X2_M9_r2,chocolate_cake,139,0.981854
FKIT,Y+X2_M9_r2,chocolate_cake,140,0.982793
FKIT,Y+X2_M9_r2,chocolate_cake,141,0.983507
FKIT,Y+X2_M9_r2,chocolate_cake,142,0.982559
FKIT,Y+X2_M9_r2,chocolate_cake,143,0.983094
FKIT,Y+X2_M9_r2,chocolate_cake,144,0.981685
FKIT,Y+X2_M9_r2,chocolate_cake,145,0.982140
FKIT,Y+X2_M9_r2,chocolate_cake,146,0.980092
FKIT,Y+X2_M9_r2,chocolate_cake,147,0.979595
FKIT,Y+X2_M9_r2,chocolate_cake,148,0.978136
FKIT,Y+X2_M9_r2,chocolate_cake,149,0.978797
FKIT,Y+X2_M9_r2,chocolate_cake,150,0.978509
FKIT,Y+X2_M9_r2,chocolate_cake,151,0.977625
FKIT,Y+X2_M9_r2,chocolate_cake,152,0.979983
FKIT,Y+X2_M9_r2,chocolate_cake,153,0.979461
FKIT,Y+X2_M9_r2,chocolate_cake,154,0.979722
FKIT,Y+X2_M9_r2,chocolate_cake,155,0.975468
FKIT,Y+X2_M9_r2,chocolate_cake,156,0.978860
FKIT,Y+X2_M9_r2,chocolate_cake,157,0.979227
FKIT,Y+X2_M9_r2,chocolate_cake,158,0.979235
FKIT,Y+X2_M9_r2,chocolate_cake,159,0.977924
FKIT,Y+X2_M9_r2,chocolate_cake,160,0.976217
FKIT,Y+X2_M9_r2,chocolate_cake,161,0.977479
FKIT,Y+X2_M9_r2,chocolate_cake,162,0.979567
FKIT,Y+X2_M9_r2,chocolate_cake,163,0.978326
FKIT,Y+X2_M9_r2,chocolate_cake,164,0.980130
FKIT,Y+X2_M9_r2,chocolate_cake,165,0.974678
FKIT,Y+X2_M9_r2,chocolate_cake,166,0.978023
FKIT,Y+X2_M9_r2,chocolate_cake,167,0.976897
FKIT,Y+X2_M9_r2,chocolate_cake,168,0.975862
FKIT,Y+X2_M9_r2,chocolate_cake,169,0.977954
FKIT,Y+X2_M9_r2,chocolate_cake,170,0.974835
FKIT,Y+X2_M9_r2,chocolate_cake,171,0.978243
FKIT,Y+X2_M9_r2,chocolate_cake,172,0.975354
FKIT,Y+X2_M9_r2,chocolate_cake,173,0.973944
FKIT,Y+X2_M9_r2,chocolate_cake,174,0.979333
FKIT,Y+X2_M9_r2,chocolate_cake,175,0.977453
FKIT,Y+X2_M9_r2,chocolate_cake,176,0.979298
FKIT,Y+X2_M9_r2,chocolate_cake,177,0.975097
FKIT,Y+X2_M9_r2,chocolate_cake,178,0.977028
FKIT,Y+X2_M9_r2,chocolate_cake,179,0.973136
FKIT,Y+X2_M9_r2,chocolate_cake,180,0.975000
FKIT,Y+X2_M9_r2,chocolate_cake,181,0.971656
FKIT,Y+X2_M9_r2,chocolate_cake,182,0.972865
FKIT,Y+X2_M9_r2,chocolate_cake,183,0.972190
FKIT,Y+X2_M9_r2,chocolate_cake,184,0.973669
FKIT,Y+X2_M9_r2,chocolate_cake,185,0.972734
FKIT,Y+X2_M9_r2,chocolate_cake,186,0.971543
FKIT,Y+X2_M9_r2,chocolate_cake,187,0.969449
FKIT,Y+X2_M9_r2,chocolate_cake,188,0.970069
FKIT,Y+X2_M9_r2,chocolate_cake,189,0.964879
FKIT,Y+X2_M9_r2,chocolate_cake,190,0.969066
FKIT,Y+X2_M9_r2,chocolate_cake,191,0.960967
FKIT,Y+X2_M9_r2,chocolate_cake,192,0.967225
FKIT,Y+X2_M9_r2,chocolate_cake,193,0.964248
FKIT,Y+X2_M9_r2,chocolate_cake,194,0.965037
FKIT,Y+X2_M9_r2,chocolate_cake,195,0.950749
FKIT,Y+X2_M9_r2,chocolate_cake,196,0.968674
FKIT,Y+X2_M9_r2,chocolate_cake,197,0.967083
FKIT,Y+X2_M9_r2,chocolate_cake,198,0.964433
FKIT,Y+X2_M9_r2,chocolate_cake,199,0.965639
FKIT,Y+X2_M9_r2,chocolate_cake,200,0.963280
FKIT,Y+X2_M9_r2,chocolate_cake,201,0.968151
FKIT,Y+X2_M9_r2,chocolate_cake,202,0.966273
FKIT,Y+X2_M9_r2,chocolate_cake,203,0.970985
FKIT,Y+X2_M9_r2,chocolate_cake,204,0.970891
FKIT,Y+X2_M9_r2,chocolate_cake,205,0.972008
FKIT,Y+X2_M9_r2,chocolate_cake,206,0.970486
FKIT,Y+X2_M9_r2,chocolate_cake,207,0.973026
FKIT,Y+X2_M9_r2,chocolate_cake,208,0.972721
FKIT,Y+X2_M9_r2,chocolate_cake,209,0.973756
FKIT,Y+X2_M9_r2,chocolate_cake,210,0.973017
FKIT,Y+X2_M9_r2,chocolate_cake,211,0.974177
FKIT,Y+X2_M9_r2,chocolate_cake,212,0.975010
FKIT,Y+X2_M9_r2,chocolate_cake,213,0.971448
FKIT,Y+X2_M9_r2,chocolate_cake,214,0.975593
FKIT,Y+X2_M9_r2,chocolate_cake,215,0.965400
FKIT,Y+X2_M9_r2,chocolate_cake,216,0.966929
FKIT,Y+X2_M9_r2,chocolate_cake,217,0.973551
FKIT,Y+X2_M9_r2,chocolate_cake,218,0.975117
FKIT,Y+X2_M9_r2,chocolate_cake,219,0.975138
FKIT,Y+X2_M9_r2,chocolate_cake,220,0.974785
FKIT,Y+X2_M9_r2,chocolate_cake,221,0.974911
FKIT,Y+X2_M9_r2,chocolate_cake,222,0.976085
FKIT,Y+X2_M9_r2,chocolate_cake,223,0.975172
FKIT,Y+X2_M9_r2,chocolate_cake,224,0.977582
FKIT,Y+X2_M9_r2,chocolate_cake,225,0.975348
FKIT,Y+X2_M9_r2,chocolate_cake,226,0.975276
FKIT,Y+X2_M9_r2,chocolate_cake,227,0.979185
FKIT,Y+X2_M9_r2,chocolate_cake,228,0.977367
FKIT,Y+X2_M9_r2,chocolate_cake,229,0.979539
FKIT,Y+X2_M9_r2,chocolate_cake,230,0.978094
FKIT,Y+X2_M9_r2,chocolate_cake,231,0.976929
FKIT,Y+X2_M9_r2,chocolate_cake,232,0.978881
FKIT,Y+X2_M9_r2,chocolate_cake,233,0.978242
FKIT,Y+X2_M9_r2,chocolate_cake,234,0.980878
FKIT,Y+X2_M9_r2,chocolate_cake,235,0.980727
FKIT,Y+X2_M9_r2,chocolate_cake,236,0.979131
FKIT,Y+X2_M9_r2,chocolate_cake,237,0.977837
FKIT,Y+X2_M9_r2,chocolate_cake,238,0.979300
FKIT,Y+X2_M9_r2,chocolate_cake,239,0.978415
FKIT,Y+X2_M9_r2,chocolate_cake,240,0.977311
FKIT,Y+X2_M9_r2,chocolate_cake,241,0.974147
FKIT,Y+X2_M9_r2,chocolate_cake,242,0.979893
FKIT,Y+X2_M9_r2,chocolate_cake,243,0.977694
FKIT,Y+X2_M9_r2,chocolate_cake,244,0.979690
FKIT,Y+X2_M9_r2,chocolate_cake,245,0.980887
FKIT,Y+X2_M9_r2,chocolate_cake,246,0.974098
FKIT,Y+X2_M9_r2,chocolate_cake,247,0.975700
FKIT,Y+X2_M9_r2,chocolate_cake,248,0.976896
FKIT,Y+X2_M9_r2,chocolate_cake,249,0.976757
FKIT,Y+X2_M9_r2,chocolate_cake,250,0.973209
FKIT,Y+X2_M9_r2,chocolate_cake,251,0.972624
FKIT,Y+X2_M9_r2,chocolate_cake,252,0.972767
FKIT,Y+X2_M9_r2,chocolate_cake,253,0.969475
FKIT,Y+X2_M9_r2,chocolate_cake,254,0.974431
FKIT,Y+X2_M9_r2,chocolate_cake,255,0.972865
FKIT,Y+X2_M9_r2,chocolate_cake,256,0.975132
FKIT,Y+X2_M9_r2,chocolate_cake,257,0.976917
FKIT,Y+X2_M9_r2,chocolate_cake,258,0.976461
FKIT,Y+X2_M9_r2,chocolate_cake,259,0.976706
FKIT,Y+X2_M9_r2,chocolate_cake,260,0.977537
FKIT,Y+X2_M9_r2,chocolate_cake,261,0.978514
FKIT,Y+X2_M9_r2,chocolate_cake,262,0.978258
FKIT,Y+X2_M9_r2,chocolate_cake,263,0.979378
FKIT,Y+X2_M9_r2,chocolate_cake,264,0.980110
FKIT,Y+X2_M9_r2,chocolate_cake,265,0.978601
FKIT,Y+X2_M9_r2,chocolate_cake,266,0.977563
FKIT,Y+X2_M9_r2,chocolate_cake,267,0.978070
FKIT,Y+X2_M9_r2,chocolate_cake,268,0.976255
FKIT,Y+X2_M9_r2,chocolate_cake,269,0.976331
FKIT,Y+X2_M9_r2,chocolate_cake,270,0.973844
FKIT,Y+X2_M9_r2,chocolate_cake,271,0.976091
FKIT,Y+X2_M9_r2,chocolate_cake,272,0.976050
FKIT,Y+X2_M9_r2,chocolate_cake,273,0.974394
FKIT,Y+X2_M9_r2,chocolate_cake,274,0.975629
FKIT,Y+X2_M9_r2,chocolate_cake,275,0.975756
FKIT,Y+X2_M9_r2,chocolate_cake,276,0.975476
FKIT,Y+X2_M9_r2,chocolate_cake,277,0.974073
FKIT,Y+X2_M9_r2,chocolate_cake,278,0.973983
FKIT,Y+X2_M9_r2,chocolate_cake,279,0.973395
FKIT,Y+X2_M9_r2,chocolate_cake,280,0.972456
FKIT,Y+X2_M9_r2,chocolate_cake,281,0.972447
FKIT,Y+X2_M9_r2,chocolate_cake,282,0.971322
FKIT,Y+X2_M9_r2,chocolate_cake,283,0.971064
FKIT,Y+X2_M9_r2,chocolate_cake,284,0.972765
FKIT,Y+X2_M9_r2,chocolate_cake,285,0.970809
FKIT,Y+X2_M9_r2,chocolate_cake,286,0.959644
FKIT,Y+X2_M9_r2,chocolate_cake,287,0.971665
FKIT,Y+X2_M9_r2,chocolate_cake,288,0.970662
FKIT,Y+X2_M9_r2,chocolate_cake,289,0.971223
FKIT,Y+X2_M9_r2,chocolate_cake,290,0.970478
FKIT,Y+X2_M9_r2,chocolate_cake,291,0.970106
FKIT,Y+X2_M9_r2,chocolate_cake,292,0.970420
FKIT,Y+X2_M9_r2,chocolate_cake,293,0.969771
FKIT,Y+X2_M9_r2,chocolate_cake,294,0.969734
FKIT,Y+X2_M9_r2,chocolate_cake,295,0.967995
FKIT,Y+X2_M9_r2,chocolate_cake,296,0.967105
FKIT,Y+X2_M9_r2,chocolate_cake,297,0.967145
FKIT,Y+X2_M9_r2,chocolate_cake,298,0.967847
FKIT,Y+X2_M9_r2,chocolate_cake,299,0.961381
FKIT,Y+X2_M9_r2,chocolate_cake,300,0.966175
FKIT,Y+X2_M9_r2,chocolate_cake,301,0.954348
FKIT,Y+X2_M9_r2,chocolate_cake,302,0.959722
FKIT,Y+X2_M9_r2,chocolate_cake,303,0.962728
FKIT,Y+X2_M9_r2,chocolate_cake,304,0.960343
FKIT,Y+X2_M9_r2,chocolate_cake,305,0.963826
FKIT,Y+X2_M9_r2,chocolate_cake,306,0.960590
FKIT,Y+X2_M9_r2,chocolate_cake,307,0.963782
FKIT,Y+X2_M9_r2,chocolate_cake,308,0.964419
FKIT,Y+X2_M9_r2,chocolate_cake,309,0.962788
FKIT,Y+X2_M9_r2,chocolate_cake,310,0.963383
FKIT,Y+X2_M9_r2,chocolate_cake,311,0.964748
FKIT,Y+X2_M9_r2,chocolate_cake,312,0.962202
FKIT,Y+X2_M9_r2,chocolate_cake,313,0.963659
FKIT,Y+X2_M9_r2,chocolate_cake,314,0.966375
FKIT,Y+X2_M9_r2,chocolate_cake,315,0.958680
FKIT,Y+X2_M9_r2,chocolate_cake,316,0.963499
FKIT,Y+X2_M9_r2,chocolate_cake,317,0.967469
FKIT,Y+X2_M9_r2,chocolate_cake,318,0.964209
FKIT,Y+X2_M9_r2,chocolate_cake,319,0.964868
FKIT,Y+X2_M9_r2,chocolate_cake,320,0.963194
FKIT,Y+X2_M9_r2,chocolate_cake,321,0.967402
FKIT,Y+X2_M9_r2,chocolate_cake,322,0.967431
FKIT,Y+X2_M9_r2,chocolate_cake,323,0.967394
FKIT,Y+X2_M9_r2,chocolate_cake,324,0.967335
FKIT,Y+X2_M9_r2,chocolate_cake,325,0.968178
FKIT,Y+X2_M9_r2,chocolate_cake,326,0.964749
FKIT,Y+X2_M9_r2,chocolate_cake,327,0.967812
FKIT,Y+X2_M9_r2,chocolate_cake,328,0.970776
FKIT,Y+X2_M9_r2,chocolate_cake,329,0.971000
FKIT,Y+X2_M9_r2,chocolate_cake,330,0.968174
FKIT,Y+X2_M9_r2,chocolate_cake,331,0.969316
FKIT,Y+X2_M9_r2,chocolate_cake,332,0.966659
FKIT,Y+X2_M9_r2,chocolate_cake,333,0.968984
FKIT,Y+X2_M9_r2,chocolate_cake,334,0.967865
FKIT,Y+X2_M9_r2,chocolate_cake,335,0.965744
FKIT,Y+X2_M9_r2,chocolate_cake,336,0.968978
FKIT,Y+X2_M9_r2,chocolate_cake,337,0.973484
FKIT,Y+X2_M9_r2,chocolate_cake,338,0.972249
FKIT,Y+X2_M9_r2,chocolate_cake,339,0.972128
FKIT,Y+X2_M9_r2,chocolate_cake,340,0.970366
FKIT,Y+X2_M9_r2,chocolate_cake,341,0.972832
FKIT,Y+X2_M9_r2,chocolate_cake,342,0.973323
FKIT,Y+X2_M9_r2,chocolate_cake,343,0.969473
FKIT,Y+X2_M9_r2,chocolate_cake,344,0.969247
FKIT,Y+X2_M9_r2,chocolate_cake,345,0.966686
FKIT,Y+X2_M9_r2,chocolate_cake,346,0.960210
FKIT,Y+X2_M9_r2,chocolate_cake,347,0.970740
FKIT,Y+X2_M9_r2,chocolate_cake,348,0.968711
FKIT,Y+X2_M9_r2,chocolate_cake,349,0.971234
FKIT,Y+X2_M9_r2,chocolate_cake,350,0.974217
FKIT,Y+X2_M9_r2,chocolate_cake,351,0.972266
FKIT,Y+X2_M9_r2,chocolate_cake,352,0.974245
FKIT,Y+X2_M9_r2,chocolate_cake,353,0.973229
FKIT,Y+X2_M9_r2,chocolate_cake,354,0.973317
FKIT,Y+X2_M9_r2,chocolate_cake,355,0.974314
FKIT,Y+X2_M9_r2,chocolate_cake,356,0.973520
FKIT,Y+X2_M9_r2,chocolate_cake,357,0.976474
FKIT,Y+X2_M9_r2,chocolate_cake,358,0.976171
FKIT,Y+X2_M9_r2,chocolate_cake,359,0.966493
FKIT,Y+X2_M9_r2,chocolate_cake,360,0.966637
FKIT,Y+X2_M9_r2,chocolate_cake,361,0.979548
FKIT,Y+X2_M9_r2,chocolate_cake,362,0.977817
FKIT,Y+X2_M9_r2,chocolate_cake,363,0.972049
FKIT,Y+X2_M9_r2,chocolate_cake,364,0.965253
FKIT,Y+X2_M9_r2,chocolate_cake,365,0.968020
FKIT,Y+X2_M9_r2,chocolate_cake,366,0.970978
FKIT,Y+X2_M9_r2,chocolate_cake,367,0.972044
FKIT,Y+X2_M9_r2,chocolate_cake,368,0.974967
FKIT,Y+X2_M9_r2,chocolate_cake,369,0.974165
FKIT,Y+X2_M9_r2,chocolate_cake,370,0.970893
FKIT,Y+X2_M9_r2,chocolate_cake,371,0.971743
FKIT,Y+X2_M9_r2,chocolate_cake,372,0.968449
FKIT,Y+X2_M9_r2,chocolate_cake,373,0.968940
FKIT,Y+X2_M9_r2,chocolate_cake,374,0.971252
FKIT,Y+X2_M9_r2,chocolate_cake,375,0.967676
FKIT,Y+X2_M9_r2,chocolate_cake,376,0.901243
FKIT,Y+X2_M9_r2,chocolate_cake,377,0.873611
FKIT,Y+X2_M9_r2,chocolate_cake,378,0.879976
FKIT,Y+X2_M9_r2,chocolate_cake,379,0.000000
FKIT,Y+X2_M9_r2,chocolate_cake,380,0.510044
FKIT,Y+X2_M9_r2,chocolate_cake,381,0.473721
FKIT,Y+X2_M9_r2,chocolate_cake,382,0.510686
FKIT,Y+X2_M9_r2,chocolate_cake,383,0.525056
FKIT,Y+X2_M9_r2,chocolate_cake,384,0.596279
FKIT,Y+X2_M9_r2,chocolate_cake,385,0.772279
FKIT,Y+X2_M9_r2,chocolate_cake,386,0.968086
FKIT,Y+X2_M9_r2,chocolate_cake,387,0.932410
FKIT,Y+X2_M9_r2,chocolate_cake,388,0.926052
FKIT,Y+X2_M9_r2,chocolate_cake,389,0.941776
FKIT,Y+X2_M9_r2,chocolate_cake,390,0.905526
FKIT,Y+X2_M9_r2,chocolate_cake,391,0.915715
FKIT,Y+X2_M9_r2,chocolate_cake,392,0.919746
FKIT,Y+X2_M9_r2,chocolate_cake,393,0.956730
FKIT,Y+X2_M9_r2,chocolate_cake,394,0.966821
FKIT,Y+X2_M9_r2,chocolate_cake,395,0.950919
FKIT,Y+X2_M9_r2,chocolate_cake,396,0.952610
FKIT,Y+X2_M9_r2,chocolate_cake,397,0.971833
FKIT,Y+X2_M9_r2,chocolate_cake,398,0.971695
FKIT,Y+X2_M9_r2,chocolate_cake,399,0.972542
FKIT,Y+X2_M9_r2,chocolate_cake,400,0.972615
FKIT,Y+X2_M9_r2,chocolate_cake,401,0.974713
FKIT,Y+X2_M9_r2,chocolate_cake,402,0.964642
FKIT,Y+X2_M9_r2,chocolate_cake,403,0.973986
FKIT,Y+X2_M9_r2,chocolate_cake,404,0.977754
FKIT,Y+X2_M9_r2,chocolate_cake,405,0.975499
FKIT,Y+X2_M9_r2,chocolate_cake,406,0.976556
FKIT,Y+X2_M9_r2,chocolate_cake,407,0.975301
FKIT,Y+X2_M9_r2,chocolate_cake,408,0.969229
FKIT,Y+X2_M9_r2,chocolate_cake,409,0.977536
FKIT,Y+X2_M9_r2,chocolate_cake,410,0.978570
FKIT,Y+X2_M9_r2,chocolate_cake,411,0.976291
FKIT,Y+X2_M9_r2,chocolate_cake,412,0.978012
FKIT,Y+X2_M9_r2,chocolate_cake,413,0.978069
FKIT,Y+X2_M9_r2,chocolate_cake,414,0.973819
FKIT,Y+X2_M9_r2,chocolate_cake,415,0.976254
FKIT,Y+X2_M9_r2,chocolate_cake,416,0.974926
FKIT,Y+X2_M9_r2,chocolate_cake,417,0.974500
FKIT,Y+X2_M9_r2,chocolate_cake,418,0.975779
FKIT,Y+X2_M9_r2,chocolate_cake,419,0.972664
FKIT,Y+X2_M9_r2,chocolate_cake,420,0.976238
FKIT,Y+X2_M9_r2,chocolate_cake,421,0.973921
FKIT,Y+X2_M9_r2,chocolate_cake,422,0.977652
FKIT,Y+X2_M9_r2,chocolate_cake,423,0.976598
FKIT,Y+X2_M9_r2,chocolate_cake,424,0.979782
FKIT,Y+X2_M9_r2,chocolate_cake,425,0.978280
FKIT,Y+X2_M9_r2,chocolate_cake,426,0.974891
FKIT,Y+X2_M9_r2,chocolate_cake,427,0.978200
FKIT,Y+X2_M9_r2,chocolate_cake,428,0.977991
FKIT,Y+X2_M9_r2,chocolate_cake,429,0.977592
FKIT,Y+X2_M9_r2,chocolate_cake,430,0.978917
FKIT,Y+X2_M9_r2,chocolate_cake,431,0.975920
FKIT,Y+X2_M9_r2,chocolate_cake,432,0.977858
FKIT,Y+X2_M9_r2,chocolate_cake,433,0.972013
FKIT,Y+X2_M9_r2,chocolate_cake,434,0.976224
FKIT,Y+X2_M9_r2,chocolate_cake,435,0.976484
FKIT,Y+X2_M9_r2,chocolate_cake,436,0.973795
FKIT,Y+X2_M9_r2,chocolate_cake,437,0.975832
FKIT,Y+X2_M9_r2,chocolate_cake,438,0.975241
FKIT,Y+X2_M9_r2,chocolate_cake,439,0.975791
FKIT,Y+X2_M9_r2,chocolate_cake,440,0.974908
FKIT,Y+X2_M9_r2,chocolate_cake,441,0.973100
FKIT,Y+X2_M9_r2,chocolate_cake,442,0.974729
FKIT,Y+X2_M9_r2,chocolate_cake,443,0.974561
FKIT,Y+X2_M9_r2,chocolate_cake,444,0.974477
FKIT,Y+X2_M9_r2,chocolate_cake,445,0.967050
FKIT,Y+X2_M9_r2,chocolate_cake,446,0.976178
FKIT,Y+X2_M9_r2,chocolate_cake,447,0.977022
FKIT,Y+X2_M9_r2,chocolate_cake,448,0.974745
FKIT,Y+X2_M9_r2,chocolate_cake,449,0.971529
FKIT,Y+X2_M9_r2,chocolate_cake,450,0.973590
FKIT,Y+X2_M9_r2,chocolate_cake,451,0.974465
FKIT,Y+X2_M9_r2,chocolate_cake,452,0.970702
FKIT,Y+X2_M9_r2,chocolate_cake,453,0.974232
FKIT,Y+X2_M9_r2,chocolate_cake,454,0.970082
FKIT,Y+X2_M9_r2,chocolate_cake,455,0.967212
FKIT,Y+X2_M9_r2,chocolate_cake,456,0.966463
FKIT,Y+X2_M9_r2,chocolate_cake,457,0.968312
FKIT,Y+X2_M9_r2,chocolate_cake,458,0.966419
FKIT,Y+X2_M9_r2,chocolate_cake,459,0.967301
FKIT,Y+X2_M9_r2,chocolate_cake,460,0.967295
FKIT,Y+X2_M9_r2,chocolate_cake,461,0.968142
FKIT,Y+X2_M9_r2,chocolate_cake,462,0.968885
FKIT,Y+X2_M9_r2,chocolate_cake,463,0.964980
FKIT,Y+X2_M9_r2,chocolate_cake,464,0.968276
FKIT,Y+X2_M9_r2,chocolate_cake,465,0.967493
FKIT,Y+X2_M9_r2,chocolate_cake,466,0.967624
FKIT,Y+X2_M9_r2,chocolate_cake,467,0.967830
FKIT,Y+X2_M9_r2,chocolate_cake,468,0.969061
FKIT,Y+X2_M9_r2,chocolate_cake,469,0.968710
FKIT,Y+X2_M9_r2,chocolate_cake,470,0.972261
FKIT,Y+X2_M9_r2,chocolate_cake,471,0.968978
FKIT,Y+X2_M9_r2,chocolate_cake,472,0.970459
FKIT,Y+X2_M9_r2,chocolate_cake,473,0.971658
FKIT,Y+X2_M9_r2,chocolate_cake,474,0.973721
FKIT,Y+X2_M9_r2,chocolate_cake,475,0.971326
FKIT,Y+X2_M9_r2,chocolate_cake,476,0.973528
FKIT,Y+X2_M9_r2,chocolate_cake,477,0.972287
FKIT,Y+X2_M9_r2,chocolate_cake,478,0.973589
FKIT,Y+X2_M9_r2,chocolate_cake,479,0.973057
FKIT,Y+X2_M9_r2,chocolate_cake,480,0.973569
FKIT,Y+X2_M9_r2,chocolate_cake,481,0.972518
FKIT,Y+X2_M9_r2,chocolate_cake,482,0.973561
FKIT,Y+X2_M9_r2,chocolate_cake,483,0.975689
FKIT,Y+X2_M9_r2,chocolate_cake,484,0.975055
FKIT,Y+X2_M9_r2,chocolate_cake,485,0.974664
FKIT,Y+X2_M9_r2,chocolate_cake,486,0.973919
FKIT,Y+X2_M9_r2,chocolate_cake,487,0.974447
FKIT,Y+X2_M9_r2,chocolate_cake,488,0.971779
FKIT,Y+X2_M9_r2,chocolate_cake,489,0.974741
FKIT,Y+X2_M9_r2,chocolate_cake,490,0.973663
FKIT,Y+X2_M9_r2,chocolate_cake,491,0.973949
FKIT,Y+X2_M9_r2,chocolate_cake,492,0.971199
FKIT,Y+X2_M9_r2,chocolate_cake,493,0.972846
FKIT,Y+X2_M9_r2,chocolate_cake,494,0.973902
FKIT,Y+X2_M9_r2,chocolate_cake,495,0.973514
FKIT,Y+X2_M9_r2,chocolate_cake,496,0.977011
FKIT,Y+X2_M9_r2,chocolate_cake,497,0.976400
FKIT,Y+X2_M9_r2,chocolate_cake,498,0.977759
FKIT,Y+X2_M9_r2,chocolate_cake,499,0.976429
FKIT,Y+X2_M9_r2,chocolate_cake,500,0.971911
FKIT,Y+X2_M9_r2,chocolate_cake,501,0.978640
FKIT,Y+X2_M9_r2,chocolate_cake,502,0.976755
FKIT,Y+X2_M9_r2,chocolate_cake,503,0.977355
FKIT,Y+X2_M9_r2,chocolate_cake,504,0.978503
FKIT,Y+X2_M9_r2,chocolate_cake,505,0.978367
FKIT,Y+X2_M9_r2,chocolate_cake,506,0.980057
FKIT,Y+X2_M9_r2,chocolate_cake,507,0.977319
FKIT,Y+X2_M9_r2,chocolate_cake,508,0.979700
FKIT,Y+X2_M9_r2,chocolate_cake,509,0.980417
FKIT,Y+X2_M9_r2,chocolate_cake,510,0.977222
FKIT,Y+X2_M9_r2,chocolate_cake,511,0.977734
FKIT,Y+X2_M9_r2,chocolate_cake,512,0.976972
FKIT,Y+X2_M9_r2,chocolate_cake,513,0.975303
FKIT,Y+X2_M9_r2,chocolate_cake,514,0.977895
FKIT,Y+X2_M9_r2,chocolate_cake,515,0.978509
FKIT,Y+X2_M9_r2,chocolate_cake,516,0.974295
FKIT,Y+X2_M9_r2,chocolate_cake,517,0.976178
FKIT,Y+X2_M9_r2,chocolate_cake,518,0.975045
FKIT,Y+X2_M9_r2,chocolate_cake,519,0.973166
FKIT,Y+X2_M9_r2,chocolate_cake,520,0.968836
FKIT,Y+X2_M9_r2,chocolate_cake,521,0.971359
FKIT,Y+X2_M9_r2,chocolate_cake,522,0.971928
FKIT,Y+X2_M9_r2,chocolate_cake,523,0.969354
FKIT,Y+X2_M9_r2,chocolate_cake,524,0.964462
FKIT,Y+X2_M9_r2,chocolate_cake,525,0.972178
FKIT,Y+X2_M9_r2,chocolate_cake,526,0.970996
FKIT,Y+X2_M9_r2,chocolate_cake,527,0.967166
FKIT,Y+X2_M9_r2,chocolate_cake,528,0.970991
FKIT,Y+X2_M9_r2,chocolate_cake,529,0.969581
FKIT,Y+X2_M9_r2,chocolate_cake,530,0.968965
FKIT,Y+X2_M9_r2,chocolate_cake,531,0.968487
FKIT,Y+X2_M9_r2,chocolate_cake,532,0.967572
FKIT,Y+X2_M9_r2,chocolate_cake,533,0.970231
FKIT,Y+X2_M9_r2,chocolate_cake,534,0.967739
FKIT,Y+X2_M9_r2,chocolate_cake,535,0.968438
FKIT,Y+X2_M9_r2,chocolate_cake,536,0.972366
FKIT,Y+X2_M9_r2,chocolate_cake,537,0.971002
FKIT,Y+X2_M9_r2,chocolate_cake,538,0.970301
FKIT,Y+X2_M9_r2,chocolate_cake,539,0.970006
FKIT,Y+X2_M9_r2,chocolate_cake,540,0.967021
FKIT,Y+X2_M9_r2,chocolate_cake,541,0.967880
FKIT,Y+X2_M9_r2,chocolate_cake,542,0.967502
FKIT,Y+X2_M9_r2,chocolate_cake,543,0.966889
FKIT,Y+X2_M9_r2,chocolate_cake,544,0.966369
FKIT,Y+X2_M9_r2,chocolate_cake,545,0.969159
FKIT,Y+X2_M9_r2,chocolate_cake,546,0.968626
FKIT,Y+X2_M9_r2,chocolate_cake,547,0.966639
FKIT,Y+X2_M9_r2,chocolate_cake,548,0.966504
FKIT,Y+X2_M9_r2,chocolate_cake,549,0.965376
FKIT,Y+X2_M9_r2,chocolate_cake,550,0.962820
FKIT,Y+X2_M9_r2,chocolate_cake,551,0.962752
FKIT,Y+X2_M9_r2,chocolate_cake,552,0.961431
FKIT,Y+X2_M9_r2,chocolate_cake,553,0.963690
FKIT,Y+X2_M9_r2,chocolate_cake,554,0.964893
FKIT,Y+X2_M9_r2,chocolate_cake,555,0.966726
FKIT,Y+X2_M9_r2,chocolate_cake,556,0.964929
FKIT,Y+X2_M9_r2,chocolate_cake,557,0.965674
FKIT,Y+X2_M9_r2,chocolate_cake,558,0.963686
FKIT,Y+X2_M9_r2,chocolate_cake,559,0.969055
FKIT,Y+X2_M9_r2,chocolate_cake,560,0.964386
FKIT,Y+X2_M9_r2,chocolate_cake,561,0.962283
FKIT,Y+X2_M9_r2,chocolate_cake,562,0.963245
FKIT,Y+X2_M9_r2,chocolate_cake,563,0.965354
FKIT,Y+X2_M9_r2,chocolate_cake,564,0.965450
FKIT,Y+X2_M9_r2,chocolate_cake,565,0.968855
FKIT,Y+X2_M9_r2,chocolate_cake,566,0.971860
FKIT,Y+X2_M9_r2,chocolate_cake,567,0.967993
FKIT,Y+X2_M9_r2,chocolate_cake,568,0.971287
FKIT,Y+X2_M9_r2,chocolate_cake,569,0.967445
FKIT,Y+X2_M9_r2,chocolate_cake,570,0.969076
FKIT,Y+X2_M9_r2,chocolate_cake,571,0.967814
FKIT,Y+X2_M9_r2,chocolate_cake,572,0.967106
FKIT,Y+X2_M9_r2,chocolate_cake,573,0.965776
FKIT,Y+X2_M9_r2,chocolate_cake,574,0.966480
FKIT,Y+X2_M9_r2,chocolate_cake,575,0.969884
FKIT,Y+X2_M9_r2,chocolate_cake,576,0.969203
FKIT,Y+X2_M9_r2,chocolate_cake,577,0.968841
FKIT,Y+X2_M9_r2,chocolate_cake,578,0.968483
FKIT,Y+X2_M9_r2,chocolate_cake,579,0.968920
FKIT,Y+X2_M9_r2,chocolate_cake,580,0.967235
FKIT,Y+X2_M9_r2,chocolate_cake,581,0.970552
FKIT,Y+X2_M9_r2,chocolate_cake,582,0.970408
FKIT,Y+X2_M9_r2,chocolate_cake,583,0.967992
FKIT,Y+X2_M9_r2,chocolate_cake,584,0.968477
FKIT,Y+X2_M9_r2,chocolate_cake,585,0.972132
FKIT,Y+X2_M9_r2,chocolate_cake,586,0.972349
FKIT,Y+X2_M9_r2,chocolate_cake,587,0.970204
FKIT,Y+X2_M9_r2,chocolate_cake,588,0.965590
FKIT,Y+X2_M9_r2,chocolate_cake,589,0.968543
FKIT,Y+X2_M9_r2,chocolate_cake,590,0.958582
FKIT,Y+X2_M9_r2,chocolate_cake,591,0.959668
FKIT,Y+X2_M9_r2,chocolate_cake,592,0.970384
FKIT,Y+X2_M9_r2,chocolate_cake,593,0.972139
FKIT,Y+X2_M9_r2,chocolate_cake,594,0.958968
FKIT,Y+X2_M9_r2,chocolate_cake,595,0.972195
FKIT,Y+X2_M9_r2,chocolate_cake,596,0.960789
FKIT,Y+X2_M9_r2,chocolate_cake,597,0.948694
FKIT,Y+X2_M9_r2,chocolate_cake,598,0.970230
FKIT,Y+X2_M9_r2,chocolate_cake,599,0.952829
FKIT,Y+X2_M9_r2,chocolate_cake,600,0.972542
FKIT,Y+X2_M9_r2,chocolate_cake,601,0.964779
FKIT,Y+X2_M9_r2,chocolate_cake,602,0.970061
FKIT,Y+X2_M9_r2,chocolate_cake,603,0.964664
FKIT,Y+X2_M9_r2,chocolate_cake,604,0.969212
FKIT,Y+X2_M9_r2,chocolate_cake,605,0.968351
FKIT,Y+X2_M9_r2,chocolate_cake,606,0.964688
FKIT,Y+X2_M9_r2,chocolate_cake,607,0.970653
FKIT,Y+X2_M9_r2,chocolate_cake,608,0.969315
FKIT,Y+X2_M9_r2,chocolate_cake,609,0.971305
FKIT,Y+X2_M9_r2,chocolate_cake,610,0.969731
FKIT,Y+X2_M9_r2,chocolate_cake,611,0.969562
FKIT,Y+X2_M9_r2,chocolate_cake,612,0.968191
FKIT,Y+X2_M9_r2,chocolate_cake,613,0.970398
FKIT,Y+X2_M9_r2,chocolate_cake,614,0.968024
FKIT,Y+X2_M9_r2,chocolate_cake,615,0.973676
FKIT,Y+X2_M9_r2,chocolate_cake,616,0.974898
FKIT,Y+X2_M9_r2,chocolate_cake,617,0.974741
FKIT,Y+X2_M9_r2,chocolate_cake,618,0.975260
FKIT,Y+X2_M9_r2,chocolate_cake,619,0.974395
FKIT,Y+X2_M9_r2,chocolate_cake,620,0.974233
FKIT,Y+X2_M9_r2,chocolate_cake,621,0.969830
FKIT,Y+X2_M9_r2,chocolate_cake,622,0.968451
FKIT,Y+X2_M9_r2,chocolate_cake,623,0.967743
FKIT,Y+X2_M9_r2,chocolate_cake,624,0.973387
FKIT,Y+X2_M9_r2,chocolate_cake,625,0.969128
FKIT,Y+X2_M9_r2,chocolate_cake,626,0.976837
FKIT,Y+X2_M9_r2,chocolate_cake,627,0.975241
FKIT,Y+X2_M9_r2,chocolate_cake,628,0.978990
FKIT,Y+X2_M9_r2,chocolate_cake,629,0.967132
FKIT,Y+X2_M9_r2,chocolate_cake,630,0.976286
FKIT,Y+X2_M9_r2,chocolate_cake,631,0.974144
FKIT,Y+X2_M9_r2,chocolate_cake,632,0.973834
FKIT,Y+X2_M9_r2,chocolate_cake,633,0.976744
FKIT,Y+X2_M9_r2,chocolate_cake,634,0.975423
FKIT,Y+X2_M9_r2,chocolate_cake,635,0.978564
FKIT,Y+X2_M9_r2,chocolate_cake,636,0.977884
FKIT,Y+X2_M9_r2,chocolate_cake,637,0.977705
FKIT,Y+X2_M9_r2,chocolate_cake,638,0.975819
FKIT,Y+X2_M9_r2,chocolate_cake,639,0.976907
FKIT,Y+X2_M9_r2,chocolate_cake,640,0.978194
FKIT,Y+X2_M9_r2,chocolate_cake,641,0.978743
FKIT,Y+X2_M9_r2,chocolate_cake,642,0.975869
FKIT,Y+X2_M9_r2,chocolate_cake,643,0.978604
FKIT,Y+X2_M9_r2,chocolate_cake,644,0.979267
FKIT,Y+X2_M9_r2,chocolate_cake,645,0.979714
FKIT,Y+X2_M9_r2,chocolate_cake,646,0.976641
FKIT,Y+X2_M9_r2,chocolate_cake,647,0.978903
FKIT,Y+X2_M9_r2,chocolate_cake,648,0.979773
FKIT,Y+X2_M9_r2,chocolate_cake,649,0.978359
FKIT,Y+X2_M9_r2,chocolate_cake,650,0.978080
FKIT,Y+X2_M9_r2,chocolate_cake,651,0.977487
FKIT,Y+X2_M9_r2,chocolate_cake,652,0.981683
FKIT,Y+X2_M9_r2,chocolate_cake,653,0.974021
FKIT,Y+X2_M9_r2,chocolate_cake,654,0.976670
FKIT,Y+X2_M9_r2,chocolate_cake,655,0.979667
FKIT,Y+X2_M9_r2,chocolate_cake,656,0.974457
FKIT,Y+X2_M9_r2,chocolate_cake,657,0.926401
FKIT,Y+X2_M9_r2,chocolate_cake,658,0.934513
FKIT,Y+X2_M9_r2,chocolate_cake,659,0.925407
FKIT,Y+X2_M9_r2,chocolate_cake,660,0.920494
FKIT,Y+X2_M9_r2,chocolate_cake,661,0.935273
FKIT,Y+X2_M9_r2,chocolate_cake,662,0.970683
FKIT,Y+X2_M9_r2,chocolate_cake,663,0.872851
FKIT,Y+X2_M9_r2,chocolate_cake,664,0.766846
FKIT,Y+X2_M9_r2,chocolate_cake,665,0.853975
FKIT,Y+X2_M9_r2,chocolate_cake,666,0.682589
FKIT,Y+X2_M9_r2,chocolate_cake,667,0.653276
FKIT,Y+X2_M9_r2,chocolate_cake,668,0.707709
FKIT,Y+X2_M9_r2,chocolate_cake,669,0.000000
FKIT,Y+X2_M9_r2,chocolate_cake,670,0.665546
FKIT,Y+X2_M9_r2,chocolate_cake,671,0.633274
FKIT,Y+X2_M9_r2,chocolate_cake,672,0.668643
FKIT,Y+X2_M9_r2,chocolate_cake,673,0.743257
FKIT,Y+X2_M9_r2,chocolate_cake,674,0.841963
FKIT,Y+X2_M9_r2,chocolate_cake,675,0.967706
FKIT,Y+X2_M9_r2,chocolate_cake,676,0.967067
FKIT,Y+X2_M9_r2,chocolate_cake,677,0.966476
FKIT,Y+X2_M9_r2,chocolate_cake,678,0.964978
FKIT,Y+X2_M9_r2,chocolate_cake,679,0.963178
FKIT,Y+X2_M9_r2,chocolate_cake,680,0.971581
FKIT,Y+X2_M9_r2,chocolate_cake,681,0.971172
FKIT,Y+X2_M9_r2,chocolate_cake,682,0.971384
FKIT,Y+X2_M9_r2,chocolate_cake,683,0.971963
FKIT,Y+X2_M9_r2,chocolate_cake,684,0.956086
FKIT,Y+X2_M9_r2,chocolate_cake,685,0.970404
FKIT,Y+X2_M9_r2,chocolate_cake,686,0.969665
FKIT,Y+X2_M9_r2,chocolate_cake,687,0.971923
FKIT,Y+X2_M9_r2,chocolate_cake,688,0.971520
FKIT,Y+X2_M9_r2,chocolate_cake,689,0.972775
FKIT,Y+X2_M9_r2,chocolate_cake,690,0.969392
FKIT,Y+X2_M9_r2,chocolate_cake,691,0.972937
FKIT,Y+X2_M9_r2,chocolate_cake,692,0.974241
FKIT,Y+X2_M9_r2,chocolate_cake,693,0.972903
FKIT,Y+X2_M9_r2,chocolate_cake,694,0.974764
FKIT,Y+X2_M9_r2,chocolate_cake,695,0.974902
FKIT,Y+X2_M9_r2,chocolate_cake,696,0.975316
FKIT,Y+X2_M9_r2,chocolate_cake,697,0.971923
FKIT,Y+X2_M9_r2,chocolate_cake,698,0.974389
FKIT,Y+X2_M9_r2,chocolate_cake,699,0.973460
FKIT,Y+X2_M9_r2,chocolate_cake,700,0.971852
FKIT,Y+X2_M9_r2,chocolate_cake,701,0.966603
FKIT,Y+X2_M9_r2,chocolate_cake,702,0.970458
FKIT,Y+X2_M9_r2,chocolate_cake,703,0.969084
FKIT,Y+X2_M9_r2,chocolate_cake,704,0.972909
FKIT,Y+X2_M9_r2,chocolate_cake,705,0.972403
FKIT,Y+X2_M9_r2,chocolate_cake,706,0.972768
FKIT,Y+X2_M9_r2,chocolate_cake,707,0.973400
FKIT,Y+X2_M9_r2,chocolate_cake,708,0.972531
FKIT,Y+X2_M9_r2,chocolate_cake,709,0.970043
FKIT,Y+X2_M9_r2,chocolate_cake,710,0.969400
FKIT,Y+X2_M9_r2,chocolate_cake,711,0.967835
FKIT,Y+X2_M9_r2,chocolate_cake,712,0.968849
FKIT,Y+X2_M9_r2,chocolate_cake,713,0.969776
FKIT,Y+X2_M9_r2,chocolate_cake,714,0.969819
FKIT,Y+X2_M9_r2,chocolate_cake,715,0.965522
FKIT,Y+X2_M9_r2,chocolate_cake,716,0.964665
FKIT,Y+X2_M9_r2,chocolate_cake,717,0.967818
FKIT,Y+X2_M9_r2,chocolate_cake,718,0.968107
FKIT,Y+X2_M9_r2,chocolate_cake,719,0.968954
FKIT,Y+X2_M9_r2,chocolate_cake,720,0.970405
FKIT,Y+X2_M9_r2,chocolate_cake,721,0.976046
FKIT,Y+X2_M9_r2,chocolate_cake,722,0.976901
FKIT,Y+X2_M9_r2,chocolate_cake,723,0.975119
FKIT,Y+X2_M9_r2,chocolate_cake,724,0.971447
FKIT,Y+X2_M9_r2,chocolate_cake,725,0.972321
FKIT,Y+X2_M9_r2,chocolate_cake,726,0.974469
FKIT,Y+X2_M9_r2,chocolate_cake,727,0.970816
FKIT,Y+X2_M9_r2,chocolate_cake,728,0.968471
FKIT,Y+X2_M9_r2,chocolate_cake,729,0.969452
FKIT,Y+X2_M9_r2,chocolate_cake,730,0.972392
FKIT,Y+X2_M9_r2,chocolate_cake,731,0.973995
FKIT,Y+X2_M9_r2,chocolate_cake,732,0.972702
FKIT,Y+X2_M9_r2,chocolate_cake,733,0.973651
FKIT,Y+X2_M9_r2,chocolate_cake,734,0.974839
FKIT,Y+X2_M9_r2,chocolate_cake,735,0.972821
FKIT,Y+X2_M9_r2,chocolate_cake,736,0.973542
FKIT,Y+X2_M9_r2,chocolate_cake,737,0.972234
FKIT,Y+X2_M9_r2,chocolate_cake,738,0.972728
FKIT,Y+X2_M9_r2,chocolate_cake,739,0.972369
FKIT,Y+X2_M9_r2,chocolate_cake,740,0.972353
FKIT,Y+X2_M9_r2,chocolate_cake,741,0.969735
FKIT,Y+X2_M9_r2,chocolate_cake,742,0.972353
FKIT,Y+X2_M9_r2,chocolate_cake,743,0.970018
FKIT,Y+X2_M9_r2,chocolate_cake,744,0.971594
FKIT,Y+X2_M9_r2,chocolate_cake,745,0.974553
FKIT,Y+X2_M9_r2,chocolate_cake,746,0.973786
FKIT,Y+X2_M9_r2,chocolate_cake,747,0.970956
FKIT,Y+X2_M9_r2,chocolate_cake,748,0.973207
FKIT,Y+X2_M9_r2,chocolate_cake,749,0.960737
FKIT,Y+X2_M9_r2,chocolate_cake,750,0.971144
FKIT,Y+X2_M9_r2,chocolate_cake,751,0.975403
FKIT,Y+X2_M9_r2,chocolate_cake,752,0.975250
FKIT,Y+X2_M9_r2,chocolate_cake,753,0.974073
FKIT,Y+X2_M9_r2,chocolate_cake,754,0.975713
FKIT,Y+X2_M9_r2,chocolate_cake,755,0.973919
FKIT,Y+X2_M9_r2,chocolate_cake,756,0.975356
FKIT,Y+X2_M9_r2,chocolate_cake,757,0.976285
FKIT,Y+X2_M9_r2,chocolate_cake,758,0.976515
FKIT,Y+X2_M9_r2,chocolate_cake,759,0.976776
FKIT,Y+X2_M9_r2,chocolate_cake,760,0.977903
FKIT,Y+X2_M9_r2,chocolate_cake,761,0.979010
FKIT,Y+X2_M9_r2,chocolate_cake,762,0.978649
FKIT,Y+X2_M9_r2,chocolate_cake,763,0.978562
FKIT,Y+X2_M9_r2,chocolate_cake,764,0.979805
FKIT,Y+X2_M9_r2,chocolate_cake,765,0.979256
FKIT,Y+X2_M9_r2,chocolate_cake,766,0.980602
FKIT,Y+X2_M9_r2,chocolate_cake,767,0.980212
FKIT,Y+X2_M9_r2,chocolate_cake,768,0.977439
FKIT,Y+X2_M9_r2,chocolate_cake,769,0.979931
FKIT,Y+X2_M9_r2,chocolate_cake,770,0.979660
FKIT,Y+X2_M9_r2,chocolate_cake,771,0.982797
FKIT,Y+X2_M9_r2,chocolate_cake,772,0.979473
FKIT,Y+X2_M9_r2,chocolate_cake,773,0.982733
FKIT,Y+X2_M9_r2,chocolate_cake,774,0.977506
FKIT,Y+X2_M9_r2,chocolate_cake,775,0.971571
FKIT,Y+X2_M9_r2,chocolate_cake,776,0.977726
FKIT,Y+X2_M9_r2,chocolate_cake,777,0.973595
FKIT,Y+X2_M9_r2,chocolate_cake,778,0.978184
FKIT,Y+X2_M9_r2,chocolate_cake,779,0.977189
FKIT,Y+X2_M9_r2,chocolate_cake,780,0.979705
FKIT,Y+X2_M9_r2,chocolate_croissant,0,0.034225
FKIT,Y+X2_M9_r2,chocolate_croissant,1,0.033582
FKIT,Y+X2_M9_r2,chocolate_croissant,2,0.033438
FKIT,Y+X2_M9_r2,chocolate_croissant,3,0.033688
FKIT,Y+X2_M9_r2,chocolate_croissant,4,0.034197
FKIT,Y+X2_M9_r2,chocolate_croissant,5,0.033661
FKIT,Y+X2_M9_r2,chocolate_croissant,6,0.033729
FKIT,Y+X2_M9_r2,chocolate_croissant,7,0.033771
FKIT,Y+X2_M9_r2,chocolate_croissant,8,0.033589
FKIT,Y+X2_M9_r2,chocolate_croissant,9,0.033801
FKIT,Y+X2_M9_r2,chocolate_croissant,10,0.033978
FKIT,Y+X2_M9_r2,chocolate_croissant,11,0.032685
FKIT,Y+X2_M9_r2,chocolate_croissant,12,0.031983
FKIT,Y+X2_M9_r2,chocolate_croissant,13,0.031554
FKIT,Y+X2_M9_r2,chocolate_croissant,14,0.031984
FKIT,Y+X2_M9_r2,chocolate_croissant,15,0.034671
FKIT,Y+X2_M9_r2,chocolate_croissant,16,0.034090
FKIT,Y+X2_M9_r2,chocolate_croissant,17,0.033532
FKIT,Y+X2_M9_r2,chocolate_croissant,18,0.033642
FKIT,Y+X2_M9_r2,chocolate_croissant,19,0.031889
FKIT,Y+X2_M9_r2,chocolate_croissant,20,0.032637
FKIT,Y+X2_M9_r2,chocolate_croissant,21,0.032281
FKIT,Y+X2_M9_r2,chocolate_croissant,22,0.031210
FKIT,Y+X2_M9_r2,chocolate_croissant,23,0.031162
FKIT,Y+X2_M9_r2,chocolate_croissant,24,0.028500
FKIT,Y+X2_M9_r2,chocolate_croissant,25,0.028158
FKIT,Y+X2_M9_r2,chocolate_croissant,26,0.027616
FKIT,Y+X2_M9_r2,chocolate_croissant,27,0.027676
FKIT,Y+X2_M9_r2,chocolate_croissant,28,0.027027
FKIT,Y+X2_M9_r2,chocolate_croissant,29,0.026744
FKIT,Y+X2_M9_r2,chocolate_croissant,30,0.029321
FKIT,Y+X2_M9_r2,chocolate_croissant,31,0.028214
FKIT,Y+X2_M9_r2,chocolate_croissant,32,0.029880
FKIT,Y+X2_M9_r2,chocolate_croissant,33,0.030421
FKIT,Y+X2_M9_r2,chocolate_croissant,34,0.027583
FKIT,Y+X2_M9_r2,chocolate_croissant,35,0.029237
FKIT,Y+X2_M9_r2,chocolate_croissant,36,0.030973
FKIT,Y+X2_M9_r2,chocolate_croissant,37,0.031145
FKIT,Y+X2_M9_r2,chocolate_croissant,38,0.031289
FKIT,Y+X2_M9_r2,chocolate_croissant,39,0.033609
FKIT,Y+X2_M9_r2,chocolate_croissant,40,0.034332
FKIT,Y+X2_M9_r2,chocolate_croissant,41,0.034468
FKIT,Y+X2_M9_r2,chocolate_croissant,42,0.034563
FKIT,Y+X2_M9_r2,chocolate_croissant,43,0.035107
FKIT,Y+X2_M9_r2,chocolate_croissant,44,0.035095
FKIT,Y+X2_M9_r2,chocolate_croissant,45,0.035309
FKIT,Y+X2_M9_r2,chocolate_croissant,46,0.034448
FKIT,Y+X2_M9_r2,chocolate_croissant,47,0.034275
FKIT,Y+X2_M9_r2,chocolate_croissant,48,0.033913
FKIT,Y+X2_M9_r2,chocolate_croissant,49,0.034250
FKIT,Y+X2_M9_r2,chocolate_croissant,50,0.034178
FKIT,Y+X2_M9_r2,chocolate_croissant,51,0.034081
FKIT,Y+X2_M9_r2,chocolate_croissant,52,0.034434
FKIT,Y+X2_M9_r2,chocolate_croissant,53,0.034527
FKIT,Y+X2_M9_r2,chocolate_croissant,54,0.035021
FKIT,Y+X2_M9_r2,chocolate_croissant,55,0.035203
FKIT,Y+X2_M9_r2,chocolate_croissant,56,0.035892
FKIT,Y+X2_M9_r2,chocolate_croissant,57,0.036270
FKIT,Y+X2_M9_r2,chocolate_croissant,58,0.036631
FKIT,Y+X2_M9_r2,chocolate_croissant,59,0.036951
FKIT,Y+X2_M9_r2,chocolate_croissant,60,0.037899
FKIT,Y+X2_M9_r2,chocolate_croissant,61,0.036911
FKIT,Y+X2_M9_r2,chocolate_croissant,62,0.037307
FKIT,Y+X2_M9_r2,chocolate_croissant,63,0.036466
FKIT,Y+X2_M9_r2,chocolate_croissant,64,0.035246
FKIT,Y+X2_M9_r2,chocolate_croissant,65,0.035122
FKIT,Y+X2_M9_r2,chocolate_croissant,66,0.034719
FKIT,Y+X2_M9_r2,chocolate_croissant,67,0.034143
FKIT,Y+X2_M9_r2,chocolate_croissant,68,0.034932
FKIT,Y+X2_M9_r2,chocolate_croissant,69,0.035043
FKIT,Y+X2_M9_r2,chocolate_croissant,70,0.035486
FKIT,Y+X2_M9_r2,chocolate_croissant,71,0.036562
FKIT,Y+X2_M9_r2,chocolate_croissant,72,0.035896
FKIT,Y+X2_M9_r2,chocolate_croissant,73,0.035826
FKIT,Y+X2_M9_r2,chocolate_croissant,74,0.036223
FKIT,Y+X2_M9_r2,chocolate_croissant,75,0.036082
FKIT,Y+X2_M9_r2,chocolate_croissant,76,0.036729
FKIT,Y+X2_M9_r2,chocolate_croissant,77,0.288240
FKIT,Y+X2_M9_r2,chocolate_croissant,78,0.052885
FKIT,Y+X2_M9_r2,chocolate_croissant,79,0.052630
FKIT,Y+X2_M9_r2,chocolate_croissant,80,0.056043
FKIT,Y+X2_M9_r2,chocolate_croissant,81,0.055319
FKIT,Y+X2_M9_r2,chocolate_croissant,82,0.058541
FKIT,Y+X2_M9_r2,chocolate_croissant,83,0.060119
FKIT,Y+X2_M9_r2,chocolate_croissant,84,0.060829
FKIT,Y+X2_M9_r2,chocolate_croissant,85,0.061408
FKIT,Y+X2_M9_r2,chocolate_croissant,86,0.063463
FKIT,Y+X2_M9_r2,chocolate_croissant,87,0.066241
FKIT,Y+X2_M9_r2,chocolate_croissant,88,0.067661
FKIT,Y+X2_M9_r2,chocolate_croissant,89,0.069491
FKIT,Y+X2_M9_r2,chocolate_croissant,90,0.070091
FKIT,Y+X2_M9_r2,chocolate_croissant,91,0.071088
FKIT,Y+X2_M9_r2,chocolate_croissant,92,0.071323
FKIT,Y+X2_M9_r2,chocolate_croissant,93,0.071208
FKIT,Y+X2_M9_r2,chocolate_croissant,94,0.070731
FKIT,Y+X2_M9_r2,chocolate_croissant,95,0.071558
FKIT,Y+X2_M9_r2,chocolate_croissant,96,0.071145
FKIT,Y+X2_M9_r2,chocolate_croissant,97,0.068161
FKIT,Y+X2_M9_r2,chocolate_croissant,98,0.069187
FKIT,Y+X2_M9_r2,chocolate_croissant,99,0.068319
FKIT,Y+X2_M9_r2,chocolate_croissant,100,0.066915
FKIT,Y+X2_M9_r2,chocolate_croissant,101,0.068940
FKIT,Y+X2_M9_r2,chocolate_croissant,102,0.067444
FKIT,Y+X2_M9_r2,chocolate_croissant,103,0.068863
FKIT,Y+X2_M9_r2,chocolate_croissant,104,0.066173
FKIT,Y+X2_M9_r2,chocolate_croissant,105,0.072849
FKIT,Y+X2_M9_r2,chocolate_croissant,106,0.070444
FKIT,Y+X2_M9_r2,chocolate_croissant,107,0.066649
FKIT,Y+X2_M9_r2,chocolate_croissant,108,0.069196
FKIT,Y+X2_M9_r2,chocolate_croissant,109,0.069062
FKIT,Y+X2_M9_r2,chocolate_croissant,110,0.069680
FKIT,Y+X2_M9_r2,chocolate_croissant,111,0.070961
FKIT,Y+X2_M9_r2,chocolate_croissant,112,0.072124
FKIT,Y+X2_M9_r2,chocolate_croissant,113,0.072824
FKIT,Y+X2_M9_r2,chocolate_croissant,114,0.072528
FKIT,Y+X2_M9_r2,chocolate_croissant,115,0.070352
FKIT,Y+X2_M9_r2,chocolate_croissant,116,0.060957
FKIT,Y+X2_M9_r2,chocolate_croissant,117,0.066000
FKIT,Y+X2_M9_r2,chocolate_croissant,118,0.066214
FKIT,Y+X2_M9_r2,chocolate_croissant,119,0.066739
FKIT,Y+X2_M9_r2,chocolate_croissant,120,0.067598
FKIT,Y+X2_M9_r2,chocolate_croissant,121,0.069206
FKIT,Y+X2_M9_r2,chocolate_croissant,122,0.070099
FKIT,Y+X2_M9_r2,chocolate_croissant,123,0.068331
FKIT,Y+X2_M9_r2,chocolate_croissant,124,0.071043
FKIT,Y+X2_M9_r2,chocolate_croissant,125,0.071999
FKIT,Y+X2_M9_r2,chocolate_croissant,126,0.076758
FKIT,Y+X2_M9_r2,chocolate_croissant,127,0.083924
FKIT,Y+X2_M9_r2,chocolate_croissant,128,0.079625
FKIT,Y+X2_M9_r2,chocolate_croissant,129,0.083955
FKIT,Y+X2_M9_r2,chocolate_croissant,130,0.083665
FKIT,Y+X2_M9_r2,chocolate_croissant,131,0.082765
FKIT,Y+X2_M9_r2,chocolate_croissant,132,0.083563
FKIT,Y+X2_M9_r2,chocolate_croissant,133,0.082946
FKIT,Y+X2_M9_r2,chocolate_croissant,134,0.078831
FKIT,Y+X2_M9_r2,chocolate_croissant,135,0.078203
FKIT,Y+X2_M9_r2,chocolate_croissant,136,0.075487
FKIT,Y+X2_M9_r2,chocolate_croissant,137,0.075504
FKIT,Y+X2_M9_r2,chocolate_croissant,138,0.071153
FKIT,Y+X2_M9_r2,chocolate_croissant,139,0.070933
FKIT,Y+X2_M9_r2,chocolate_croissant,140,0.070405
FKIT,Y+X2_M9_r2,chocolate_croissant,141,0.069522
FKIT,Y+X2_M9_r2,chocolate_croissant,142,0.072692
FKIT,Y+X2_M9_r2,chocolate_croissant,143,0.069390
FKIT,Y+X2_M9_r2,chocolate_croissant,144,0.070043
FKIT,Y+X2_M9_r2,chocolate_croissant,145,0.074753
FKIT,Y+X2_M9_r2,chocolate_croissant,146,0.079846
FKIT,Y+X2_M9_r2,chocolate_croissant,147,0.081848
FKIT,Y+X2_M9_r2,chocolate_croissant,148,0.072172
FKIT,Y+X2_M9_r2,chocolate_croissant,149,0.071561
FKIT,Y+X2_M9_r2,chocolate_croissant,150,0.073955
FKIT,Y+X2_M9_r2,chocolate_croissant,151,0.078430
FKIT,Y+X2_M9_r2,chocolate_croissant,152,0.077211
FKIT,Y+X2_M9_r2,chocolate_croissant,153,0.088564
FKIT,Y+X2_M9_r2,chocolate_croissant,154,0.087911
FKIT,Y+X2_M9_r2,chocolate_croissant,155,0.090065
FKIT,Y+X2_M9_r2,chocolate_croissant,156,0.091719
FKIT,Y+X2_M9_r2,chocolate_croissant,157,0.092328
FKIT,Y+X2_M9_r2,chocolate_croissant,158,0.093569
FKIT,Y+X2_M9_r2,chocolate_croissant,159,0.089846
FKIT,Y+X2_M9_r2,chocolate_croissant,160,0.089818
FKIT,Y+X2_M9_r2,chocolate_croissant,161,0.088713
FKIT,Y+X2_M9_r2,chocolate_croissant,162,0.086691
FKIT,Y+X2_M9_r2,chocolate_croissant,163,0.088284
FKIT,Y+X2_M9_r2,chocolate_croissant,164,0.086129
FKIT,Y+X2_M9_r2,chocolate_croissant,165,0.088521
FKIT,Y+X2_M9_r2,chocolate_croissant,166,0.089919
FKIT,Y+X2_M9_r2,chocolate_croissant,167,0.092521
FKIT,Y+X2_M9_r2,chocolate_croissant,168,0.091774
FKIT,Y+X2_M9_r2,chocolate_croissant,169,0.092345
FKIT,Y+X2_M9_r2,chocolate_croissant,170,0.092971
FKIT,Y+X2_M9_r2,chocolate_croissant,171,0.092533
FKIT,Y+X2_M9_r2,chocolate_croissant,172,0.093746
FKIT,Y+X2_M9_r2,chocolate_croissant,173,0.094226
FKIT,Y+X2_M9_r2,chocolate_croissant,174,0.092096
FKIT,Y+X2_M9_r2,chocolate_croissant,175,0.093072
FKIT,Y+X2_M9_r2,chocolate_croissant,176,0.093754
FKIT,Y+X2_M9_r2,chocolate_croissant,177,0.095462
FKIT,Y+X2_M9_r2,chocolate_croissant,178,0.092826
FKIT,Y+X2_M9_r2,chocolate_croissant,179,0.090169
FKIT,Y+X2_M9_r2,chocolate_croissant,180,0.089292
FKIT,Y+X2_M9_r2,chocolate_croissant,181,0.087074
FKIT,Y+X2_M9_r2,chocolate_croissant,182,0.088227
FKIT,Y+X2_M9_r2,chocolate_croissant,183,0.084878
FKIT,Y+X2_M9_r2,chocolate_croissant,184,0.083375
FKIT,Y+X2_M9_r2,chocolate_croissant,185,0.086893
FKIT,Y+X2_M9_r2,chocolate_croissant,186,0.091272
FKIT,Y+X2_M9_r2,chocolate_croissant,187,0.102871
FKIT,Y+X2_M9_r2,chocolate_croissant,188,0.102477
FKIT,Y+X2_M9_r2,chocolate_croissant,189,0.108878
FKIT,Y+X2_M9_r2,chocolate_croissant,190,0.111200
FKIT,Y+X2_M9_r2,chocolate_croissant,191,0.120080
FKIT,Y+X2_M9_r2,chocolate_croissant,192,0.126136
FKIT,Y+X2_M9_r2,chocolate_croissant,193,0.168372
FKIT,Y+X2_M9_r2,chocolate_croissant,194,0.822731
FKIT,Y+X2_M9_r2,chocolate_croissant,195,0.562383
FKIT,Y+X2_M9_r2,chocolate_croissant,196,0.780861
FKIT,Y+X2_M9_r2,chocolate_croissant,197,0.868530
FKIT,Y+X2_M9_r2,chocolate_croissant,198,0.723419
FKIT,Y+X2_M9_r2,chocolate_croissant,199,0.879581
FKIT,Y+X2_M9_r2,chocolate_croissant,200,0.882446
FKIT,Y+X2_M9_r2,chocolate_croissant,201,0.843699
FKIT,Y+X2_M9_r2,chocolate_croissant,202,0.796707
FKIT,Y+X2_M9_r2,chocolate_croissant,203,0.327867
FKIT,Y+X2_M9_r2,chocolate_croissant,204,0.169272
FKIT,Y+X2_M9_r2,chocolate_croissant,205,0.186877
FKIT,Y+X2_M9_r2,chocolate_croissant,206,0.174872
FKIT,Y+X2_M9_r2,chocolate_croissant,207,0.248600
FKIT,Y+X2_M9_r2,chocolate_croissant,208,0.293658
FKIT,Y+X2_M9_r2,chocolate_croissant,209,0.378898
FKIT,Y+X2_M9_r2,chocolate_croissant,210,0.624720
FKIT,Y+X2_M9_r2,chocolate_croissant,211,0.849103
FKIT,Y+X2_M9_r2,chocolate_croissant,212,0.870925
FKIT,Y+X2_M9_r2,chocolate_croissant,213,0.869503
FKIT,Y+X2_M9_r2,chocolate_croissant,214,0.865125
FKIT,Y+X2_M9_r2,chocolate_croissant,215,0.866118
FKIT,Y+X2_M9_r2,chocolate_croissant,216,0.311985
FKIT,Y+X2_M9_r2,chocolate_croissant,217,0.865712
FKIT,Y+X2_M9_r2,chocolate_croissant,218,0.866284
FKIT,Y+X2_M9_r2,chocolate_croissant,219,0.863367
FKIT,Y+X2_M9_r2,chocolate_croissant,220,0.861904
FKIT,Y+X2_M9_r2,chocolate_croissant,221,0.861833
FKIT,Y+X2_M9_r2,chocolate_croissant,222,0.860864
FKIT,Y+X2_M9_r2,chocolate_croissant,223,0.859287
FKIT,Y+X2_M9_r2,chocolate_croissant,224,0.856704
FKIT,Y+X2_M9_r2,chocolate_croissant,225,0.858405
FKIT,Y+X2_M9_r2,chocolate_croissant,226,0.854738
FKIT,Y+X2_M9_r2,chocolate_croissant,227,0.853297
FKIT,Y+X2_M9_r2,chocolate_croissant,228,0.850391
FKIT,Y+X2_M9_r2,chocolate_croissant,229,0.851850
FKIT,Y+X2_M9_r2,chocolate_croissant,230,0.847199
FKIT,Y+X2_M9_r2,chocolate_croissant,231,0.841943
FKIT,Y+X2_M9_r2,chocolate_croissant,232,0.840727
FKIT,Y+X2_M9_r2,chocolate_croissant,233,0.838965
FKIT,Y+X2_M9_r2,chocolate_croissant,234,0.836915
FKIT,Y+X2_M9_r2,chocolate_croissant,235,0.834814
FKIT,Y+X2_M9_r2,chocolate_croissant,236,0.830070
FKIT,Y+X2_M9_r2,chocolate_croissant,237,0.827171
FKIT,Y+X2_M9_r2,chocolate_croissant,238,0.825594
FKIT,Y+X2_M9_r2,chocolate_croissant,239,0.825031
FKIT,Y+X2_M9_r2,chocolate_croissant,240,0.815911
FKIT,Y+X2_M9_r2,chocolate_croissant,241,0.818052
FKIT,Y+X2_M9_r2,chocolate_croissant,242,0.820017
FKIT,Y+X2_M9_r2,chocolate_croissant,243,0.810172
FKIT,Y+X2_M9_r2,chocolate_croissant,244,0.809057
FKIT,Y+X2_M9_r2,chocolate_croissant,245,0.793130
FKIT,Y+X2_M9_r2,chocolate_croissant,246,0.800961
FKIT,Y+X2_M9_r2,chocolate_croissant,247,0.803020
FKIT,Y+X2_M9_r2,chocolate_croissant,248,0.802622
FKIT,Y+X2_M9_r2,chocolate_croissant,249,0.800118
FKIT,Y+X2_M9_r2,chocolate_croissant,250,0.795413
FKIT,Y+X2_M9_r2,chocolate_croissant,251,0.791634
FKIT,Y+X2_M9_r2,chocolate_croissant,252,0.791721
FKIT,Y+X2_M9_r2,chocolate_croissant,253,0.785689
FKIT,Y+X2_M9_r2,chocolate_croissant,254,0.773955
FKIT,Y+X2_M9_r2,chocolate_croissant,255,0.776153
FKIT,Y+X2_M9_r2,chocolate_croissant,256,0.774747
FKIT,Y+X2_M9_r2,chocolate_croissant,257,0.781017
FKIT,Y+X2_M9_r2,chocolate_croissant,258,0.770245
FKIT,Y+X2_M9_r2,chocolate_croissant,259,0.770144
FKIT,Y+X2_M9_r2,chocolate_croissant,260,0.766039
FKIT,Y+X2_M9_r2,chocolate_croissant,261,0.767091
FKIT,Y+X2_M9_r2,chocolate_croissant,262,0.761706
FKIT,Y+X2_M9_r2,chocolate_croissant,263,0.762544
FKIT,Y+X2_M9_r2,chocolate_croissant,264,0.751830
FKIT,Y+X2_M9_r2,chocolate_croissant,265,0.752886
FKIT,Y+X2_M9_r2,chocolate_croissant,266,0.751384
FKIT,Y+X2_M9_r2,chocolate_croissant,267,0.754175
FKIT,Y+X2_M9_r2,chocolate_croissant,268,0.759292
FKIT,Y+X2_M9_r2,chocolate_croissant,269,0.757078
FKIT,Y+X2_M9_r2,chocolate_croissant,270,0.748520
FKIT,Y+X2_M9_r2,chocolate_croissant,271,0.753030
FKIT,Y+X2_M9_r2,chocolate_croissant,272,0.741433
FKIT,Y+X2_M9_r2,chocolate_croissant,273,0.745597
FKIT,Y+X2_M9_r2,chocolate_croissant,274,0.743926
FKIT,Y+X2_M9_r2,chocolate_croissant,275,0.742155
FKIT,Y+X2_M9_r2,chocolate_croissant,276,0.745850
FKIT,Y+X2_M9_r2,chocolate_croissant,277,0.737472
FKIT,Y+X2_M9_r2,chocolate_croissant,278,0.739718
FKIT,Y+X2_M9_r2,chocolate_croissant,279,0.737298
FKIT,Y+X2_M9_r2,chocolate_croissant,280,0.732327
FKIT,Y+X2_M9_r2,chocolate_croissant,281,0.729543
FKIT,Y+X2_M9_r2,chocolate_croissant,282,0.736117
FKIT,Y+X2_M9_r2,chocolate_croissant,283,0.734318
FKIT,Y+X2_M9_r2,chocolate_croissant,284,0.724706
FKIT,Y+X2_M9_r2,chocolate_croissant,285,0.707806
FKIT,Y+X2_M9_r2,chocolate_croissant,286,0.735994
FKIT,Y+X2_M9_r2,chocolate_croissant,287,0.760385
FKIT,Y+X2_M9_r2,chocolate_croissant,288,0.785547
FKIT,Y+X2_M9_r2,chocolate_croissant,289,0.792608
FKIT,Y+X2_M9_r2,chocolate_croissant,290,0.804966
FKIT,Y+X2_M9_r2,chocolate_croissant,291,0.822361
FKIT,Y+X2_M9_r2,chocolate_croissant,292,0.814865
FKIT,Y+X2_M9_r2,chocolate_croissant,293,0.797307
FKIT,Y+X2_M9_r2,chocolate_croissant,294,0.802440
FKIT,Y+X2_M9_r2,chocolate_croissant,295,0.807212
FKIT,Y+X2_M9_r2,chocolate_croissant,296,0.816077
FKIT,Y+X2_M9_r2,chocolate_croissant,297,0.818229
FKIT,Y+X2_M9_r2,chocolate_croissant,298,0.822022
FKIT,Y+X2_M9_r2,chocolate_croissant,299,0.818980
FKIT,Y+X2_M9_r2,chocolate_croissant,300,0.803345
FKIT,Y+X2_M9_r2,chocolate_croissant,301,0.802210
FKIT,Y+X2_M9_r2,chocolate_croissant,302,0.806389
FKIT,Y+X2_M9_r2,chocolate_croissant,303,0.778459
FKIT,Y+X2_M9_r2,chocolate_croissant,304,0.767283
FKIT,Y+X2_M9_r2,chocolate_croissant,305,0.767041
FKIT,Y+X2_M9_r2,chocolate_croissant,306,0.779036
FKIT,Y+X2_M9_r2,chocolate_croissant,307,0.785312
FKIT,Y+X2_M9_r2,chocolate_croissant,308,0.761905
FKIT,Y+X2_M9_r2,chocolate_croissant,309,0.747305
FKIT,Y+X2_M9_r2,chocolate_croissant,310,0.745983
FKIT,Y+X2_M9_r2,chocolate_croissant,311,0.749472
FKIT,Y+X2_M9_r2,chocolate_croissant,312,0.748445
FKIT,Y+X2_M9_r2,chocolate_croissant,313,0.737714
FKIT,Y+X2_M9_r2,chocolate_croissant,314,0.731457
FKIT,Y+X2_M9_r2,chocolate_croissant,315,0.731709
FKIT,Y+X2_M9_r2,chocolate_croissant,316,0.727867
FKIT,Y+X2_M9_r2,chocolate_croissant,317,0.748789
FKIT,Y+X2_M9_r2,chocolate_croissant,318,0.736976
FKIT,Y+X2_M9_r2,chocolate_croissant,319,0.722762
FKIT,Y+X2_M9_r2,chocolate_croissant,320,0.724491
FKIT,Y+X2_M9_r2,chocolate_croissant,321,0.728526
FKIT,Y+X2_M9_r2,chocolate_croissant,322,0.725162
FKIT,Y+X2_M9_r2,chocolate_croissant,323,0.169975
FKIT,Y+X2_M9_r2,chocolate_croissant,324,0.502661
FKIT,Y+X2_M9_r2,chocolate_croissant,325,0.697105
FKIT,Y+X2_M9_r2,chocolate_croissant,326,0.732025
FKIT,Y+X2_M9_r2,chocolate_croissant,327,0.742098
FKIT,Y+X2_M9_r2,chocolate_croissant,328,0.731391
FKIT,Y+X2_M9_r2,chocolate_croissant,329,0.745901
FKIT,Y+X2_M9_r2,chocolate_croissant,330,0.746580
FKIT,Y+X2_M9_r2,chocolate_croissant,331,0.744887
FKIT,Y+X2_M9_r2,chocolate_croissant,332,0.750081
FKIT,Y+X2_M9_r2,chocolate_croissant,333,0.764101
FKIT,Y+X2_M9_r2,chocolate_croissant,334,0.000000
FKIT,Y+X2_M9_r2,chocolate_croissant,335,0.802202
FKIT,Y+X2_M9_r2,chocolate_croissant,336,0.814374
FKIT,Y+X2_M9_r2,chocolate_croissant,337,0.846754
FKIT,Y+X2_M9_r2,chocolate_croissant,338,0.861467
FKIT,Y+X2_M9_r2,chocolate_croissant,339,0.867037
FKIT,Y+X2_M9_r2,chocolate_croissant,340,0.866798
FKIT,Y+X2_M9_r2,chocolate_croissant,341,0.867719
FKIT,Y+X2_M9_r2,chocolate_croissant,342,0.855732
FKIT,Y+X2_M9_r2,chocolate_croissant,343,0.861901
FKIT,Y+X2_M9_r2,chocolate_croissant,344,0.868194
FKIT,Y+X2_M9_r2,chocolate_croissant,345,0.880306
FKIT,Y+X2_M9_r2,chocolate_croissant,346,0.868992
FKIT,Y+X2_M9_r2,chocolate_croissant,347,0.872799
FKIT,Y+X2_M9_r2,chocolate_croissant,348,0.886773
FKIT,Y+X2_M9_r2,chocolate_croissant,349,0.874158
FKIT,Y+X2_M9_r2,chocolate_croissant,350,0.891292
FKIT,Y+X2_M9_r2,chocolate_croissant,351,0.882525
FKIT,Y+X2_M9_r2,chocolate_croissant,352,0.912060
FKIT,Y+X2_M9_r2,chocolate_croissant,353,0.916782
FKIT,Y+X2_M9_r2,chocolate_croissant,354,0.911803
FKIT,Y+X2_M9_r2,chocolate_croissant,355,0.910937
FKIT,Y+X2_M9_r2,chocolate_croissant,356,0.908914
FKIT,Y+X2_M9_r2,chocolate_croissant,357,0.913697
FKIT,Y+X2_M9_r2,chocolate_croissant,358,0.886773
FKIT,Y+X2_M9_r2,chocolate_croissant,359,0.890598
FKIT,Y+X2_M9_r2,chocolate_croissant,360,0.898559
FKIT,Y+X2_M9_r2,chocolate_croissant,361,0.894202
FKIT,Y+X2_M9_r2,chocolate_croissant,362,0.885487
FKIT,Y+X2_M9_r2,chocolate_croissant,363,0.883103
FKIT,Y+X2_M9_r2,chocolate_croissant,364,0.880035
FKIT,Y+X2_M9_r2,chocolate_croissant,365,0.897261
FKIT,Y+X2_M9_r2,chocolate_croissant,366,0.885683
FKIT,Y+X2_M9_r2,chocolate_croissant,367,0.883072
FKIT,Y+X2_M9_r2,chocolate_croissant,368,0.267282
FKIT,Y+X2_M9_r2,chocolate_croissant,369,0.882107
FKIT,Y+X2_M9_r2,chocolate_croissant,370,0.890058
FKIT,Y+X2_M9_r2,chocolate_croissant,371,0.900473
FKIT,Y+X2_M9_r2,chocolate_croissant,372,0.893208
FKIT,Y+X2_M9_r2,chocolate_croissant,373,0.884272
FKIT,Y+X2_M9_r2,chocolate_croissant,374,0.906691
FKIT,Y+X2_M9_r2,chocolate_croissant,375,0.907941
FKIT,Y+X2_M9_r2,chocolate_croissant,376,0.909995
FKIT,Y+X2_M9_r2,chocolate_croissant,377,0.896639
FKIT,Y+X2_M9_r2,chocolate_croissant,378,0.894543
FKIT,Y+X2_M9_r2,chocolate_croissant,379,0.899251
FKIT,Y+X2_M9_r2,chocolate_croissant,380,0.914662
FKIT,Y+X2_M9_r2,chocolate_croissant,381,0.917821
FKIT,Y+X2_M9_r2,chocolate_croissant,382,0.906575
FKIT,Y+X2_M9_r2,chocolate_croissant,383,0.917133
FKIT,Y+X2_M9_r2,chocolate_croissant,384,0.896423
FKIT,Y+X2_M9_r2,chocolate_croissant,385,0.899012
FKIT,Y+X2_M9_r2,chocolate_croissant,386,0.896254
FKIT,Y+X2_M9_r2,chocolate_croissant,387,0.892162
FKIT,Y+X2_M9_r2,chocolate_croissant,388,0.886053
FKIT,Y+X2_M9_r2,chocolate_croissant,389,0.906549
FKIT,Y+X2_M9_r2,chocolate_croissant,390,0.892449
FKIT,Y+X2_M9_r2,chocolate_croissant,391,0.910046
FKIT,Y+X2_M9_r2,chocolate_croissant,392,0.889776
FKIT,Y+X2_M9_r2,chocolate_croissant,393,0.873256
FKIT,Y+X2_M9_r2,chocolate_croissant,394,0.856991
FKIT,Y+X2_M9_r2,chocolate_croissant,395,0.866809
FKIT,Y+X2_M9_r2,chocolate_croissant,396,0.850206
FKIT,Y+X2_M9_r2,chocolate_croissant,397,0.875533
FKIT,Y+X2_M9_r2,chocolate_croissant,398,0.838849
FKIT,Y+X2_M9_r2,chocolate_croissant,399,0.841032
FKIT,Y+X2_M9_r2,chocolate_croissant,400,0.852405
FKIT,Y+X2_M9_r2,chocolate_croissant,401,0.862914
FKIT,Y+X2_M9_r2,chocolate_croissant,402,0.860072
FKIT,Y+X2_M9_r2,chocolate_croissant,403,0.836297
FKIT,Y+X2_M9_r2,chocolate_croissant,404,0.863134
FKIT,Y+X2_M9_r2,chocolate_croissant,405,0.836213
FKIT,Y+X2_M9_r2,chocolate_croissant,406,0.826755
FKIT,Y+X2_M9_r2,chocolate_croissant,407,0.811282
FKIT,Y+X2_M9_r2,chocolate_croissant,408,0.791538
FKIT,Y+X2_M9_r2,chocolate_croissant,409,0.826492
FKIT,Y+X2_M9_r2,chocolate_croissant,410,0.809463
FKIT,Y+X2_M9_r2,chocolate_croissant,411,0.781427
FKIT,Y+X2_M9_r2,chocolate_croissant,412,0.803133
FKIT,Y+X2_M9_r2,chocolate_croissant,413,0.795319
FKIT,Y+X2_M9_r2,chocolate_croissant,414,0.810567
FKIT,Y+X2_M9_r2,chocolate_croissant,415,0.781474
FKIT,Y+X2_M9_r2,chocolate_croissant,416,0.778206
FKIT,Y+X2_M9_r2,chocolate_croissant,417,0.778459
FKIT,Y+X2_M9_r2,chocolate_croissant,418,0.775840
FKIT,Y+X2_M9_r2,chocolate_croissant,419,0.783040
FKIT,Y+X2_M9_r2,chocolate_croissant,420,0.777189
FKIT,Y+X2_M9_r2,chocolate_croissant,421,0.772125
FKIT,Y+X2_M9_r2,chocolate_croissant,422,0.772848
FKIT,Y+X2_M9_r2,chocolate_croissant,423,0.779021
FKIT,Y+X2_M9_r2,chocolate_croissant,424,0.764445
FKIT,Y+X2_M9_r2,chocolate_croissant,425,0.759523
FKIT,Y+X2_M9_r2,chocolate_croissant,426,0.758337
FKIT,Y+X2_M9_r2,chocolate_croissant,427,0.760310
FKIT,Y+X2_M9_r2,chocolate_croissant,428,0.742490
FKIT,Y+X2_M9_r2,chocolate_croissant,429,0.743577
FKIT,Y+X2_M9_r2,chocolate_croissant,430,0.737933
FKIT,Y+X2_M9_r2,chocolate_croissant,431,0.750317
FKIT,Y+X2_M9_r2,chocolate_croissant,432,0.753994
FKIT,Y+X2_M9_r2,chocolate_croissant,433,0.776004
FKIT,Y+X2_M9_r2,chocolate_croissant,434,0.779995
FKIT,Y+X2_M9_r2,chocolate_croissant,435,0.761512
FKIT,Y+X2_M9_r2,chocolate_croissant,436,0.749825
FKIT,Y+X2_M9_r2,chocolate_croissant,437,0.749600
FKIT,Y+X2_M9_r2,chocolate_croissant,438,0.744495
FKIT,Y+X2_M9_r2,chocolate_croissant,439,0.750424
FKIT,Y+X2_M9_r2,chocolate_croissant,440,0.753832
FKIT,Y+X2_M9_r2,chocolate_croissant,441,0.771188
FKIT,Y+X2_M9_r2,chocolate_croissant,442,0.765065
FKIT,Y+X2_M9_r2,chocolate_croissant,443,0.771635
FKIT,Y+X2_M9_r2,chocolate_croissant,444,0.770813
FKIT,Y+X2_M9_r2,chocolate_croissant,445,0.772888
FKIT,Y+X2_M9_r2,chocolate_croissant,446,0.762827
FKIT,Y+X2_M9_r2,chocolate_croissant,447,0.747890
FKIT,Y+X2_M9_r2,chocolate_croissant,448,0.748275
FKIT,Y+X2_M9_r2,chocolate_croissant,449,0.738228
FKIT,Y+X2_M9_r2,chocolate_croissant,450,0.743240
FKIT,Y+X2_M9_r2,chocolate_croissant,451,0.758578
FKIT,Y+X2_M9_r2,chocolate_croissant,452,0.758487
FKIT,Y+X2_M9_r2,chocolate_croissant,453,0.776810
FKIT,Y+X2_M9_r2,chocolate_croissant,454,0.685117
FKIT,Y+X2_M9_r2,chocolate_croissant,455,0.596470
FKIT,Y+X2_M9_r2,chocolate_croissant,456,0.720802
FKIT,Y+X2_M9_r2,chocolate_croissant,457,0.625600
FKIT,Y+X2_M9_r2,chocolate_croissant,458,0.521174
FKIT,Y+X2_M9_r2,chocolate_croissant,459,0.487955
FKIT,Y+X2_M9_r2,chocolate_croissant,460,0.509067
FKIT,Y+X2_M9_r2,chocolate_croissant,461,0.462364
FKIT,Y+X2_M9_r2,chocolate_croissant,462,0.346663
FKIT,Y+X2_M9_r2,chocolate_croissant,463,0.312567
FKIT,Y+X2_M9_r2,chocolate_croissant,464,0.332919
FKIT,Y+X2_M9_r2,chocolate_croissant,465,0.264343
FKIT,Y+X2_M9_r2,chocolate_croissant,466,0.388714
FKIT,Y+X2_M9_r2,chocolate_croissant,467,0.441151
FKIT,Y+X2_M9_r2,chocolate_croissant,468,0.408870
FKIT,Y+X2_M9_r2,chocolate_croissant,469,0.431285
FKIT,Y+X2_M9_r2,chocolate_croissant,470,0.593699
FKIT,Y+X2_M9_r2,chocolate_croissant,471,0.625574
FKIT,Y+X2_M9_r2,chocolate_croissant,472,0.461517
FKIT,Y+X2_M9_r2,chocolate_croissant,473,0.646815
FKIT,Y+X2_M9_r2,chocolate_croissant,474,0.650931
FKIT,Y+X2_M9_r2,chocolate_croissant,475,0.580546
FKIT,Y+X2_M9_r2,chocolate_croissant,476,0.715466
FKIT,Y+X2_M9_r2,chocolate_croissant,477,0.725580
FKIT,Y+X2_M9_r2,chocolate_croissant,478,0.746058
FKIT,Y+X2_M9_r2,chocolate_croissant,479,0.720516
FKIT,Y+X2_M9_r2,chocolate_croissant,480,0.721375
FKIT,Y+X2_M9_r2,chocolate_croissant,481,0.725040
FKIT,Y+X2_M9_r2,chocolate_croissant,482,0.718954
FKIT,Y+X2_M9_r2,chocolate_croissant,483,0.746034
FKIT,Y+X2_M9_r2,chocolate_croissant,484,0.733987
FKIT,Y+X2_M9_r2,chocolate_croissant,485,0.733467
FKIT,Y+X2_M9_r2,chocolate_croissant,486,0.748576
FKIT,Y+X2_M9_r2,chocolate_croissant,487,0.728886
FKIT,Y+X2_M9_r2,chocolate_croissant,488,0.748032
FKIT,Y+X2_M9_r2,chocolate_croissant,489,0.775025
FKIT,Y+X2_M9_r2,chocolate_croissant,490,0.750308
FKIT,Y+X2_M9_r2,chocolate_croissant,491,0.793672
FKIT,Y+X2_M9_r2,chocolate_croissant,492,0.772121
FKIT,Y+X2_M9_r2,chocolate_croissant,493,0.753396
FKIT,Y+X2_M9_r2,chocolate_croissant,494,0.730678
FKIT,Y+X2_M9_r2,chocolate_croissant,495,0.798675
FKIT,Y+X2_M9_r2,chocolate_croissant,496,0.862804
FKIT,Y+X2_M9_r2,chocolate_croissant,497,0.889888
FKIT,Y+X2_M9_r2,chocolate_croissant,498,0.876488
FKIT,Y+X2_M9_r2,chocolate_croissant,499,0.828918
FKIT,Y+X2_M9_r2,chocolate_croissant,500,0.747223
FKIT,Y+X2_M9_r2,chocolate_croissant,501,0.895672
FKIT,Y+X2_M9_r2,chocolate_croissant,502,0.901642
FKIT,Y+X2_M9_r2,chocolate_croissant,503,0.888711
FKIT,Y+X2_M9_r2,chocolate_croissant,504,0.910059
FKIT,Y+X2_M9_r2,chocolate_croissant,505,0.894332
FKIT,Y+X2_M9_r2,chocolate_croissant,506,0.929823
FKIT,Y+X2_M9_r2,chocolate_croissant,507,0.925674
FKIT,Y+X2_M9_r2,chocolate_croissant,508,0.904639
FKIT,Y+X2_M9_r2,chocolate_croissant,509,0.913814
FKIT,Y+X2_M9_r2,chocolate_croissant,510,0.926778
FKIT,Y+X2_M9_r2,chocolate_croissant,511,0.916306
FKIT,Y+X2_M9_r2,chocolate_croissant,512,0.921665
FKIT,Y+X2_M9_r2,chocolate_croissant,513,0.925547
FKIT,Y+X2_M9_r2,chocolate_croissant,514,0.942086
FKIT,Y+X2_M9_r2,chocolate_croissant,515,0.924807
FKIT,Y+X2_M9_r2,chocolate_croissant,516,0.941968
FKIT,Y+X2_M9_r2,chocolate_croissant,517,0.951464
FKIT,Y+X2_M9_r2,chocolate_croissant,518,0.934827
FKIT,Y+X2_M9_r2,chocolate_croissant,519,0.935575
FKIT,Y+X2_M9_r2,chocolate_croissant,520,0.932165
FKIT,Y+X2_M9_r2,chocolate_croissant,521,0.936460
FKIT,Y+X2_M9_r2,chocolate_croissant,522,0.940851
FKIT,Y+X2_M9_r2,chocolate_croissant,523,0.938229
FKIT,Y+X2_M9_r2,chocolate_croissant,524,0.931562
FKIT,Y+X2_M9_r2,chocolate_croissant,525,0.931105
FKIT,Y+X2_M9_r2,chocolate_croissant,526,0.933378
FKIT,Y+X2_M9_r2,chocolate_croissant,527,0.938359
FKIT,Y+X2_M9_r2,chocolate_croissant,528,0.940320
FKIT,Y+X2_M9_r2,chocolate_croissant,529,0.934964
FKIT,Y+X2_M9_r2,chocolate_croissant,530,0.940585
FKIT,Y+X2_M9_r2,chocolate_croissant,531,0.935676
FKIT,Y+X2_M9_r2,chocolate_croissant,532,0.935605
FKIT,Y+X2_M9_r2,chocolate_croissant,533,0.938377
FKIT,Y+X2_M9_r2,chocolate_croissant,534,0.933611
FKIT,Y+X2_M9_r2,chocolate_croissant,535,0.930800
FKIT,Y+X2_M9_r2,chocolate_croissant,536,0.932020
FKIT,Y+X2_M9_r2,chocolate_croissant,537,0.929261
FKIT,Y+X2_M9_r2,chocolate_croissant,538,0.928907
FKIT,Y+X2_M9_r2,chocolate_croissant,539,0.928019
FKIT,Y+X2_M9_r2,chocolate_croissant,540,0.929869
FKIT,Y+X2_M9_r2,chocolate_croissant,541,0.928616
FKIT,Y+X2_M9_r2,chocolate_croissant,542,0.928635
FKIT,Y+X2_M9_r2,chocolate_croissant,543,0.929589
FKIT,Y+X2_M9_r2,chocolate_croissant,544,0.928469
FKIT,Y+X2_M9_r2,chocolate_croissant,545,0.926774
FKIT,Y+X2_M9_r2,chocolate_croissant,546,0.929736
FKIT,Y+X2_M9_r2,chocolate_croissant,547,0.925830
FKIT,Y+X2_M9_r2,chocolate_croissant,548,0.921291
FKIT,Y+X2_M9_r2,chocolate_croissant,549,0.920883
FKIT,Y+X2_M9_r2,chocolate_croissant,550,0.926923
FKIT,Y+X2_M9_r2,chocolate_croissant,551,0.919207
FKIT,Y+X2_M9_r2,chocolate_croissant,552,0.925141
FKIT,Y+X2_M9_r2,chocolate_croissant,553,0.923107
FKIT,Y+X2_M9_r2,chocolate_croissant,554,0.928245
FKIT,Y+X2_M9_r2,chocolate_croissant,555,0.926239
FKIT,Y+X2_M9_r2,chocolate_croissant,556,0.922225
FKIT,Y+X2_M9_r2,chocolate_croissant,557,0.926472
FKIT,Y+X2_M9_r2,chocolate_croissant,558,0.922702
FKIT,Y+X2_M9_r2,chocolate_croissant,559,0.924650
FKIT,Y+X2_M9_r2,chocolate_croissant,560,0.924556
FKIT,Y+X2_M9_r2,chocolate_croissant,561,0.922656
FKIT,Y+X2_M9_r2,chocolate_croissant,562,0.923842
FKIT,Y+X2_M9_r2,chocolate_croissant,563,0.927151
FKIT,Y+X2_M9_r2,chocolate_croissant,564,0.931771
FKIT,Y+X2_M9_r2,chocolate_croissant,565,0.928399
FKIT,Y+X2_M9_r2,chocolate_croissant,566,0.924150
FKIT,Y+X2_M9_r2,chocolate_croissant,567,0.928508
FKIT,Y+X2_M9_r2,chocolate_croissant,568,0.925000
FKIT,Y+X2_M9_r2,chocolate_croissant,569,0.924418
FKIT,Y+X2_M9_r2,chocolate_croissant,570,0.924664
FKIT,Y+X2_M9_r2,chocolate_croissant,571,0.925185
FKIT,Y+X2_M9_r2,chocolate_croissant,572,0.919909
FKIT,Y+X2_M9_r2,chocolate_croissant,573,0.921239
FKIT,Y+X2_M9_r2,chocolate_croissant,574,0.919913
FKIT,Y+X2_M9_r2,chocolate_croissant,575,0.919263
FKIT,Y+X2_M9_r2,chocolate_croissant,576,0.916425
FKIT,Y+X2_M9_r2,chocolate_croissant,577,0.915179
FKIT,Y+X2_M9_r2,chocolate_croissant,578,0.913064
FKIT,Y+X2_M9_r2,chocolate_croissant,579,0.911362
FKIT,Y+X2_M9_r2,chocolate_croissant,580,0.914040
FKIT,Y+X2_M9_r2,chocolate_croissant,581,0.913010
FKIT,Y+X2_M9_r2,chocolate_croissant,582,0.913089
FKIT,Y+X2_M9_r2,chocolate_croissant,583,0.909260
FKIT,Y+X2_M9_r2,chocolate_croissant,584,0.912433
FKIT,Y+X2_M9_r2,chocolate_croissant,585,0.910271
FKIT,Y+X2_M9_r2,chocolate_croissant,586,0.908191
FKIT,Y+X2_M9_r2,chocolate_croissant,587,0.910778
FKIT,Y+X2_M9_r2,chocolate_croissant,588,0.910151
FKIT,Y+X2_M9_r2,chocolate_croissant,589,0.908022
FKIT,Y+X2_M9_r2,chocolate_croissant,590,0.908252
FKIT,Y+X2_M9_r2,chocolate_croissant,591,0.909840
FKIT,Y+X2_M9_r2,chocolate_croissant,592,0.909420
FKIT,Y+X2_M9_r2,chocolate_croissant,593,0.906832
FKIT,Y+X2_M9_r2,chocolate_croissant,594,0.907694
FKIT,Y+X2_M9_r2,chocolate_croissant,595,0.909385
FKIT,Y+X2_M9_r2,chocolate_croissant,596,0.909833
FKIT,Y+X2_M9_r2,chocolate_croissant,597,0.908833
FKIT,Y+X2_M9_r2,chocolate_croissant,598,0.908394
FKIT,Y+X2_M9_r2,chocolate_croissant,599,0.909991
FKIT,Y+X2_M9_r2,chocolate_croissant,600,0.910263
FKIT,Y+X2_M9_r2,chocolate_croissant,601,0.908328
FKIT,Y+X2_M9_r2,chocolate_croissant,602,0.906866
FKIT,Y+X2_M9_r2,chocolate_croissant,603,0.907198
FKIT,Y+X2_M9_r2,chocolate_croissant,604,0.905975
FKIT,Y+X2_M9_r2,chocolate_croissant,605,0.907155
FKIT,Y+X2_M9_r2,chocolate_croissant,606,0.903434
FKIT,Y+X2_M9_r2,chocolate_croissant,607,0.905380
FKIT,Y+X2_M9_r2,chocolate_croissant,608,0.905524
FKIT,Y+X2_M9_r2,chocolate_croissant,609,0.905800
FKIT,Y+X2_M9_r2,chocolate_croissant,610,0.904349
FKIT,Y+X2_M9_r2,chocolate_croissant,611,0.902040
FKIT,Y+X2_M9_r2,chocolate_croissant,612,0.901267
FKIT,Y+X2_M9_r2,chocolate_croissant,613,0.901693
FKIT,Y+X2_M9_r2,chocolate_croissant,614,0.898367
FKIT,Y+X2_M9_r2,chocolate_croissant,615,0.900498
FKIT,Y+X2_M9_r2,chocolate_croissant,616,0.900630
FKIT,Y+X2_M9_r2,chocolate_croissant,617,0.898059
FKIT,Y+X2_M9_r2,chocolate_croissant,618,0.895243
FKIT,Y+X2_M9_r2,chocolate_croissant,619,0.894221
FKIT,Y+X2_M9_r2,chocolate_croissant,620,0.889262
FKIT,Y+X2_M9_r2,chocolate_croissant,621,0.890723
FKIT,Y+X2_M9_r2,chocolate_croissant,622,0.889951
FKIT,Y+X2_M9_r2,chocolate_croissant,623,0.886758
FKIT,Y+X2_M9_r2,chocolate_croissant,624,0.877178
FKIT,Y+X2_M9_r2,chocolate_croissant,625,0.881546
FKIT,Y+X2_M9_r2,chocolate_croissant,626,0.885006
FKIT,Y+X2_M9_r2,chocolate_croissant,627,0.881319
FKIT,Y+X2_M9_r2,chocolate_croissant,628,0.876138
FKIT,Y+X2_M9_r2,chocolate_croissant,629,0.875592
FKIT,Y+X2_M9_r2,chocolate_croissant,630,0.873046
FKIT,Y+X2_M9_r2,chocolate_croissant,631,0.862571
FKIT,Y+X2_M9_r2,chocolate_croissant,632,0.858969
FKIT,Y+X2_M9_r2,chocolate_croissant,633,0.869769
FKIT,Y+X2_M9_r2,chocolate_croissant,634,0.867584
FKIT,Y+X2_M9_r2,chocolate_croissant,635,0.864886
FKIT,Y+X2_M9_r2,chocolate_croissant,636,0.863951
FKIT,Y+X2_M9_r2,chocolate_croissant,637,0.864737
FKIT,Y+X2_M9_r2,chocolate_croissant,638,0.859224
FKIT,Y+X2_M9_r2,chocolate_croissant,639,0.857028
FKIT,Y+X2_M9_r2,chocolate_croissant,640,0.854927
FKIT,Y+X2_M9_r2,chocolate_croissant,641,0.852250
FKIT,Y+X2_M9_r2,chocolate_croissant,642,0.851446
FKIT,Y+X2_M9_r2,chocolate_croissant,643,0.848820
FKIT,Y+X2_M9_r2,chocolate_croissant,644,0.847367
FKIT,Y+X2_M9_r2,chocolate_croissant,645,0.847038
FKIT,Y+X2_M9_r2,chocolate_croissant,646,0.845861
FKIT,Y+X2_M9_r2,chocolate_croissant,647,0.846099
FKIT,Y+X2_M9_r2,chocolate_croissant,648,0.841996
FKIT,Y+X2_M9_r2,chocolate_croissant,649,0.838987
FKIT,Y+X2_M9_r2,chocolate_croissant,650,0.841668
FKIT,Y+X2_M9_r2,chocolate_croissant,651,0.836330
FKIT,Y+X2_M9_r2,chocolate_croissant,652,0.839608
FKIT,Y+X2_M9_r2,chocolate_croissant,653,0.832619
FKIT,Y+X2_M9_r2,chocolate_croissant,654,0.808476
FKIT,Y+X2_M9_r2,chocolate_croissant,655,0.808939
FKIT,Y+X2_M9_r2,chocolate_croissant,656,0.810559
FKIT,Y+X2_M9_r2,chocolate_croissant,657,0.807050
FKIT,Y+X2_M9_r2,chocolate_croissant,658,0.801008
FKIT,Y+X2_M9_r2,chocolate_croissant,659,0.796811
FKIT,Y+X2_M9_r2,chocolate_croissant,660,0.798223
FKIT,Y+X2_M9_r2,chocolate_croissant,661,0.792627
FKIT,Y+X2_M9_r2,chocolate_croissant,662,0.789740
FKIT,Y+X2_M9_r2,chocolate_croissant,663,0.790039
FKIT,Y+X2_M9_r2,chocolate_croissant,664,0.782576
FKIT,Y+X2_M9_r2,chocolate_croissant,665,0.783550
FKIT,Y+X2_M9_r2,chocolate_croissant,666,0.781219
FKIT,Y+X2_M9_r2,chocolate_croissant,667,0.778150
FKIT,Y+X2_M9_r2,chocolate_croissant,668,0.768060
FKIT,Y+X2_M9_r2,chocolate_croissant,669,0.781098
FKIT,Y+X2_M9_r2,chocolate_croissant,670,0.778274
FKIT,Y+X2_M9_r2,chocolate_croissant,671,0.776107
FKIT,Y+X2_M9_r2,chocolate_croissant,672,0.776141
FKIT,Y+X2_M9_r2,chocolate_croissant,673,0.771523
FKIT,Y+X2_M9_r2,chocolate_croissant,674,0.777798
FKIT,Y+X2_M9_r2,chocolate_croissant,675,0.774452
FKIT,Y+X2_M9_r2,chocolate_croissant,676,0.777469
FKIT,Y+X2_M9_r2,chocolate_croissant,677,0.770248
FKIT,Y+X2_M9_r2,chocolate_croissant,678,0.766508
FKIT,Y+X2_M9_r2,chocolate_croissant,679,0.771429
FKIT,Y+X2_M9_r2,chocolate_croissant,680,0.776788
FKIT,Y+X2_M9_r2,chocolate_croissant,681,0.755953
FKIT,Y+X2_M9_r2,chocolate_croissant,682,0.764060
FKIT,Y+X2_M9_r2,chocolate_croissant,683,0.766424
FKIT,Y+X2_M9_r2,chocolate_croissant,684,0.774795
FKIT,Y+X2_M9_r2,chocolate_croissant,685,0.764086
FKIT,Y+X2_M9_r2,chocolate_croissant,686,0.774777
FKIT,Y+X2_M9_r2,chocolate_croissant,687,0.767253
FKIT,Y+X2_M9_r2,chocolate_croissant,688,0.767581
FKIT,Y+X2_M9_r2,chocolate_croissant,689,0.791791
FKIT,Y+X2_M9_r2,chocolate_croissant,690,0.881327
FKIT,Y+X2_M9_r2,chocolate_croissant,691,0.899923
FKIT,Y+X2_M9_r2,chocolate_croissant,692,0.925537
FKIT,Y+X2_M9_r2,chocolate_croissant,693,0.918549
FKIT,Y+X2_M9_r2,chocolate_croissant,694,0.917789
FKIT,Y+X2_M9_r2,chocolate_croissant,695,0.919102
FKIT,Y+X2_M9_r2,chocolate_croissant,696,0.906835
FKIT,Y+X2_M9_r2,chocolate_croissant,697,0.910773
FKIT,Y+X2_M9_r2,chocolate_croissant,698,0.902972
FKIT,Y+X2_M9_r2,chocolate_croissant,699,0.905058
FKIT,Y+X2_M9_r2,chocolate_croissant,700,0.900164
FKIT,Y+X2_M9_r2,chocolate_croissant,701,0.903960
FKIT,Y+X2_M9_r2,chocolate_croissant,702,0.904379
FKIT,Y+X2_M9_r2,chocolate_croissant,703,0.908087
FKIT,Y+X2_M9_r2,chocolate_croissant,704,0.892044
FKIT,Y+X2_M9_r2,chocolate_croissant,705,0.894308
FKIT,Y+X2_M9_r2,chocolate_croissant,706,0.897482
FKIT,Y+X2_M9_r2,chocolate_croissant,707,0.907887
FKIT,Y+X2_M9_r2,chocolate_croissant,708,0.903330
FKIT,Y+X2_M9_r2,chocolate_croissant,709,0.893930
FKIT,Y+X2_M9_r2,chocolate_croissant,710,0.908647
FKIT,Y+X2_M9_r2,chocolate_croissant,711,0.899886
FKIT,Y+X2_M9_r2,chocolate_croissant,712,0.893977
FKIT,Y+X2_M9_r2,chocolate_croissant,713,0.896068
FKIT,Y+X2_M9_r2,chocolate_croissant,714,0.900054
FKIT,Y+X2_M9_r2,chocolate_croissant,715,0.894046
FKIT,Y+X2_M9_r2,chocolate_croissant,716,0.904031
FKIT,Y+X2_M9_r2,chocolate_croissant,717,0.900180
FKIT,Y+X2_M9_r2,chocolate_croissant,718,0.898717
FKIT,Y+X2_M9_r2,chocolate_croissant,719,0.903038
FKIT,Y+X2_M9_r2,chocolate_croissant,720,0.907921
FKIT,Y+X2_M9_r2,chocolate_croissant,721,0.904235
FKIT,Y+X2_M9_r2,chocolate_croissant,722,0.889125
FKIT,Y+X2_M9_r2,chocolate_croissant,723,0.880481
FKIT,Y+X2_M9_r2,chocolate_croissant,724,0.854005
FKIT,Y+X2_M9_r2,chocolate_croissant,725,0.887414
FKIT,Y+X2_M9_r2,chocolate_croissant,726,0.865370
FKIT,Y+X2_M9_r2,chocolate_croissant,727,0.847089
FKIT,Y+X2_M9_r2,chocolate_croissant,728,0.830040
FKIT,Y+X2_M9_r2,chocolate_croissant,729,0.828114
FKIT,Y+X2_M9_r2,chocolate_croissant,730,0.829152
FKIT,Y+X2_M9_r2,chocolate_croissant,731,0.841634
FKIT,Y+X2_M9_r2,chocolate_croissant,732,0.832068
FKIT,Y+X2_M9_r2,chocolate_croissant,733,0.828590
FKIT,Y+X2_M9_r2,chocolate_croissant,734,0.827852
FKIT,Y+X2_M9_r2,chocolate_croissant,735,0.839628
FKIT,Y+X2_M9_r2,chocolate_croissant,736,0.836286
FKIT,Y+X2_M9_r2,chocolate_croissant,737,0.833738
FKIT,Y+X2_M9_r2,chocolate_croissant,738,0.848581
FKIT,Y+X2_M9_r2,chocolate_croissant,739,0.833004
FKIT,Y+X2_M9_r2,chocolate_croissant,740,0.838128
FKIT,Y+X2_M9_r2,chocolate_croissant,741,0.842884
FKIT,Y+X2_M9_r2,chocolate_croissant,742,0.836099
FKIT,Y+X2_M9_r2,chocolate_croissant,743,0.843082
FKIT,Y+X2_M9_r2,chocolate_croissant,744,0.844562
FKIT,Y+X2_M9_r2,chocolate_croissant,745,0.831779
FKIT,Y+X2_M9_r2,chocolate_croissant,746,0.839527
FKIT,Y+X2_M9_r2,chocolate_croissant,747,0.847588
FKIT,Y+X2_M9_r2,chocolate_croissant,748,0.854861
FKIT,Y+X2_M9_r2,chocolate_croissant,749,0.834739
FKIT,Y+X2_M9_r2,chocolate_croissant,750,0.848007
FKIT,Y+X2_M9_r2,chocolate_croissant,751,0.847641
FKIT,Y+X2_M9_r2,chocolate_croissant,752,0.855414
FKIT,Y+X2_M9_r2,chocolate_croissant,753,0.872553
FKIT,Y+X2_M9_r2,chocolate_croissant,754,0.863863
FKIT,Y+X2_M9_r2,chocolate_croissant,755,0.857402
FKIT,Y+X2_M9_r2,chocolate_croissant,756,0.870804
FKIT,Y+X2_M9_r2,chocolate_croissant,757,0.864699
FKIT,Y+X2_M9_r2,chocolate_croissant,758,0.861616
FKIT,Y+X2_M9_r2,chocolate_croissant,759,0.862435
FKIT,Y+X2_M9_r2,chocolate_croissant,760,0.857770
FKIT,Y+X2_M9_r2,chocolate_croissant,761,0.859828
FKIT,Y+X2_M9_r2,chocolate_croissant,762,0.853510
FKIT,Y+X2_M9_r2,chocolate_croissant,763,0.847671
FKIT,Y+X2_M9_r2,chocolate_croissant,764,0.853953
FKIT,Y+X2_M9_r2,chocolate_croissant,765,0.862244
FKIT,Y+X2_M9_r2,chocolate_croissant,766,0.849565
FKIT,Y+X2_M9_r2,chocolate_croissant,767,0.855994
FKIT,Y+X2_M9_r2,chocolate_croissant,768,0.867519
FKIT,Y+X2_M9_r2,chocolate_croissant,769,0.862696
FKIT,Y+X2_M9_r2,chocolate_croissant,770,0.840595
FKIT,Y+X2_M9_r2,chocolate_croissant,771,0.852688
FKIT,Y+X2_M9_r2,chocolate_croissant,772,0.853801
FKIT,Y+X2_M9_r2,chocolate_croissant,773,0.856467
FKIT,Y+X2_M9_r2,chocolate_croissant,774,0.842333
FKIT,Y+X2_M9_r2,chocolate_croissant,775,0.842921
FKIT,Y+X2_M9_r2,chocolate_croissant,776,0.847711
FKIT,Y+X2_M9_r2,chocolate_croissant,777,0.854081
FKIT,Y+X2_M9_r2,chocolate_croissant,778,0.850995
FKIT,Y+X2_M9_r2,chocolate_croissant,779,0.851117
FKIT,Y+X2_M9_r2,chocolate_croissant,780,0.839138
FKIT,Y+X2_M9_r2,chocolate_croissant,781,0.829741
FKIT,Y+X2_M9_r2,chocolate_croissant,782,0.829281
FKIT,Y+X2_M9_r2,chocolate_croissant,783,0.810243
FKIT,Y+X2_M9_r2,chocolate_croissant,784,0.823082
FKIT,Y+X2_M9_r2,chocolate_croissant,785,0.795709
FKIT,Y+X2_M9_r2,chocolate_croissant,786,0.806034
FKIT,Y+X2_M9_r2,chocolate_croissant,787,0.805136
FKIT,Y+X2_M9_r2,chocolate_croissant,788,0.792704
FKIT,Y+X2_M9_r2,chocolate_croissant,789,0.794412
FKIT,Y+X2_M9_r2,chocolate_croissant,790,0.778518
FKIT,Y+X2_M9_r2,chocolate_croissant,791,0.771654
FKIT,Y+X2_M9_r2,chocolate_croissant,792,0.764502
FKIT,Y+X2_M9_r2,chocolate_croissant,793,0.763055
FKIT,Y+X2_M9_r2,chocolate_croissant,794,0.768439
FKIT,Y+X2_M9_r2,chocolate_croissant,795,0.763834
FKIT,Y+X2_M9_r2,chocolate_croissant,796,0.747146
FKIT,Y+X2_M9_r2,chocolate_croissant,797,0.744232
FKIT,Y+X2_M9_r2,chocolate_croissant,798,0.744302
FKIT,Y+X2_M9_r2,chocolate_croissant,799,0.769788
FKIT,Y+X2_M9_r2,chocolate_croissant,800,0.746965
FKIT,Y+X2_M9_r2,chocolate_croissant,801,0.741923
FKIT,Y+X2_M9_r2,chocolate_croissant,802,0.746060
FKIT,Y+X2_M9_r2,chocolate_croissant,803,0.759094
FKIT,Y+X2_M9_r2,chocolate_croissant,804,0.745620
FKIT,Y+X2_M9_r2,chocolate_croissant,805,0.738047
FKIT,Y+X2_M9_r2,chocolate_croissant,806,0.720346
FKIT,Y+X2_M9_r2,chocolate_croissant,807,0.727527
FKIT,Y+X2_M9_r2,chocolate_croissant,808,0.735905
FKIT,Y+X2_M9_r2,chocolate_croissant,809,0.747869
FKIT,Y+X2_M9_r2,chocolate_croissant,810,0.722131
FKIT,Y+X2_M9_r2,chocolate_croissant,811,0.727356
FKIT,Y+X2_M9_r2,chocolate_croissant,812,0.711194
FKIT,Y+X2_M9_r2,chocolate_croissant,813,0.725478
FKIT,Y+X2_M9_r2,chocolate_croissant,814,0.000194
FKIT,Y+X2_M9_r2,chocolate_croissant,815,0.126534
FKIT,Y+X2_M9_r2,chocolate_croissant,816,0.067558
FKIT,Y+X2_M9_r2,chocolate_croissant,817,0.055288
FKIT,Y+X2_M9_r2,chocolate_croissant,818,0.049200
FKIT,Y+X2_M9_r2,chocolate_croissant,819,0.042132
FKIT,Y+X2_M9_r2,chocolate_croissant,820,0.035788
FKIT,Y+X2_M9_r2,chocolate_croissant,821,0.035908
FKIT,Y+X2_M9_r2,chocolate_croissant,822,0.035536
FKIT,Y+X2_M9_r2,chocolate_croissant,823,0.035440
FKIT,Y+X2_M9_r2,chocolate_croissant,824,0.032486
FKIT,Y+X2_M9_r2,chocolate_croissant,825,0.030156
FKIT,Y+X2_M9_r2,chocolate_croissant,826,0.029285
FKIT,Y+X2_M9_r2,chocolate_croissant,827,0.029011
FKIT,Y+X2_M9_r2,chocolate_croissant,828,0.030576
FKIT,Y+X2_M9_r2,chocolate_croissant,829,0.027055
FKIT,Y+X2_M9_r2,chocolate_croissant,830,0.027060
FKIT,Y+X2_M9_r2,chocolate_croissant,831,0.032505
FKIT,Y+X2_M9_r2,chocolate_croissant,832,0.028340
FKIT,Y+X2_M9_r2,chocolate_croissant,833,0.028579
FKIT,Y+X2_M9_r2,chocolate_croissant,834,0.031935
FKIT,Y+X2_M9_r2,chocolate_croissant,835,0.030934
FKIT,Y+X2_M9_r2,chocolate_croissant,836,0.030803
FKIT,Y+X2_M9_r2,chocolate_croissant,837,0.031453
FKIT,Y+X2_M9_r2,chocolate_croissant,838,0.031089
FKIT,Y+X2_M9_r2,chocolate_croissant,839,0.028408
FKIT,Y+X2_M9_r2,chocolate_croissant,840,0.030008
FKIT,Y+X2_M9_r2,chocolate_croissant,841,0.030901
FKIT,Y+X2_M9_r2,chocolate_croissant,842,0.031271
FKIT,Y+X2_M9_r2,chocolate_croissant,843,0.031090
FKIT,Y+X2_M9_r2,chocolate_croissant,844,0.030344
FKIT,Y+X2_M9_r2,chocolate_croissant,845,0.031247
FKIT,Y+X2_M9_r2,chocolate_croissant,846,0.030647
FKIT,Y+X2_M9_r2,chocolate_croissant,847,0.030029
FKIT,Y+X2_M9_r2,chocolate_croissant,848,0.029185
FKIT,Y+X2_M9_r2,chocolate_croissant,849,0.028256
FKIT,Y+X2_M9_r2,chocolate_croissant,850,0.028849
FKIT,Y+X2_M9_r2,chocolate_croissant,851,0.027845
FKIT,Y+X2_M9_r2,chocolate_croissant,852,0.027955
FKIT,Y+X2_M9_r2,chocolate_croissant,853,0.027402
FKIT,Y+X2_M9_r2,chocolate_croissant,854,0.026252
FKIT,Y+X2_M9_r2,chocolate_croissant,855,0.026927
FKIT,Y+X2_M9_r2,chocolate_croissant,856,0.027085
FKIT,Y+X2_M9_r2,chocolate_croissant,857,0.027184
FKIT,Y+X2_M9_r2,chocolate_croissant,858,0.027452
FKIT,Y+X2_M9_r2,chocolate_croissant,859,0.027810
FKIT,Y+X2_M9_r2,chocolate_croissant,860,0.028517
FKIT,Y+X2_M9_r2,chocolate_croissant,861,0.028737
FKIT,Y+X2_M9_r2,chocolate_croissant,862,0.029033
FKIT,Y+X2_M9_r2,chocolate_croissant,863,0.029028
FKIT,Y+X2_M9_r2,chocolate_croissant,864,0.029710
FKIT,Y+X2_M9_r2,chocolate_croissant,865,0.029515
FKIT,Y+X2_M9_r2,chocolate_croissant,866,0.030320
FKIT,Y+X2_M9_r2,chocolate_croissant,867,0.031092
FKIT,Y+X2_M9_r2,chocolate_croissant,868,0.031261
FKIT,Y+X2_M9_r2,chocolate_croissant,869,0.031556
FKIT,Y+X2_M9_r2,chocolate_croissant,870,0.032429
FKIT,Y+X2_M9_r2,chocolate_croissant,871,0.032922
FKIT,Y+X2_M9_r2,chocolate_croissant,872,0.033547
FKIT,Y+X2_M9_r2,chocolate_croissant,873,0.034136
FKIT,Y+X2_M9_r2,chocolate_croissant,874,0.035105
FKIT,Y+X2_M9_r2,chocolate_croissant,875,0.035583
FKIT,Y+X2_M9_r2,chocolate_croissant,876,0.037283
FKIT,Y+X2_M9_r2,chocolate_croissant,877,0.039614
FKIT,Y+X2_M9_r2,chocolate_croissant,878,0.041850
FKIT,Y+X2_M9_r2,chocolate_croissant,879,0.044145
FKIT,Y+X2_M9_r2,chocolate_croissant,880,0.043866
FKIT,Y+X2_M9_r2,chocolate_croissant,881,0.042636
FKIT,Y+X2_M9_r2,chocolate_croissant,882,0.043789
FKIT,Y+X2_M9_r2,chocolate_croissant,883,0.043993
FKIT,Y+X2_M9_r2,chocolate_croissant,884,0.044086
FKIT,Y+X2_M9_r2,chocolate_croissant,885,0.041574
FKIT,Y+X2_M9_r2,chocolate_croissant,886,0.041362
FKIT,Y+X2_M9_r2,chocolate_croissant,887,0.041057
FKIT,Y+X2_M9_r2,chocolate_croissant,888,0.041483
FKIT,Y+X2_M9_r2,chocolate_croissant,889,0.040806
FKIT,Y+X2_M9_r2,chocolate_croissant,890,0.040902
FKIT,Y+X2_M9_r2,chocolate_croissant,891,0.041669
FKIT,Y+X2_M9_r2,chocolate_croissant,892,0.044206
FKIT,Y+X2_M9_r2,chocolate_croissant,893,0.047419
FKIT,Y+X2_M9_r2,chocolate_croissant,894,0.047921
FKIT,Y+X2_M9_r2,chocolate_croissant,895,0.044968
FKIT,Y+X2_M9_r2,chocolate_croissant,896,0.046022
FKIT,Y+X2_M9_r2,chocolate_croissant,897,0.047591
FKIT,Y+X2_M9_r2,chocolate_croissant,898,0.048858
FKIT,Y+X2_M9_r2,chocolate_croissant,899,0.048237
FKIT,Y+X2_M9_r2,chocolate_croissant,900,0.049220
FKIT,Y+X2_M9_r2,chocolate_croissant,901,0.051968
FKIT,Y+X2_M9_r2,chocolate_croissant,902,0.050184
FKIT,Y+X2_M9_r2,chocolate_croissant,903,0.050593
FKIT,Y+X2_M9_r2,chocolate_croissant,904,0.050583
FKIT,Y+X2_M9_r2,chocolate_croissant,905,0.047222
FKIT,Y+X2_M9_r2,chocolate_croissant,906,0.048887
FKIT,Y+X2_M9_r2,chocolate_croissant,907,0.076888
FKIT,Y+X2_M9_r2,chocolate_croissant,908,0.081171
FKIT,Y+X2_M9_r2,chocolate_croissant,909,0.084205
FKIT,Y+X2_M9_r2,chocolate_croissant,910,0.091938
FKIT,Y+X2_M9_r2,chocolate_croissant,911,0.096599
FKIT,Y+X2_M9_r2,chocolate_croissant,912,0.099483
FKIT,Y+X2_M9_r2,chocolate_croissant,913,0.100492
FKIT,Y+X2_M9_r2,chocolate_croissant,914,0.098849
FKIT,Y+X2_M9_r2,chocolate_croissant,915,0.099010
FKIT,Y+X2_M9_r2,chocolate_croissant,916,0.094301
FKIT,Y+X2_M9_r2,chocolate_croissant,917,0.095203
FKIT,Y+X2_M9_r2,chocolate_croissant,918,0.091541
FKIT,Y+X2_M9_r2,chocolate_croissant,919,0.102174
FKIT,Y+X2_M9_r2,chocolate_croissant,920,0.094354
FKIT,Y+X2_M9_r2,chocolate_croissant,921,0.095537
FKIT,Y+X2_M9_r2,chocolate_croissant,922,0.101506
FKIT,Y+X2_M9_r2,chocolate_croissant,923,0.111040
FKIT,Y+X2_M9_r2,chocolate_croissant,924,0.114590
FKIT,Y+X2_M9_r2,chocolate_croissant,925,0.125431
FKIT,Y+X2_M9_r2,chocolate_croissant,926,0.125258
FKIT,Y+X2_M9_r2,chocolate_croissant,927,0.132806
FKIT,Y+X2_M9_r2,chocolate_croissant,928,0.097544
FKIT,Y+X2_M9_r2,chocolate_croissant,929,0.098500
FKIT,Y+X2_M9_r2,chocolate_croissant,930,0.102937
FKIT,Y+X2_M9_r2,chocolate_croissant,931,0.089820
FKIT,Y+X2_M9_r2,chocolate_croissant,932,0.088055
FKIT,Y+X2_M9_r2,chocolate_croissant,933,0.090692
FKIT,Y+X2_M9_r2,chocolate_croissant,934,0.094926
FKIT,Y+X2_M9_r2,chocolate_croissant,935,0.100854
FKIT,Y+X2_M9_r2,chocolate_croissant,936,0.101397
FKIT,Y+X2_M9_r2,chocolate_croissant,937,0.099478
FKIT,Y+X2_M9_r2,chocolate_croissant,938,0.090739
FKIT,Y+X2_M9_r2,chocolate_croissant,939,0.095804
FKIT,Y+X2_M9_r2,chocolate_croissant,940,0.099658
FKIT,Y+X2_M9_r2,chocolate_croissant,941,0.093151
FKIT,Y+X2_M9_r2,chocolate_croissant,942,0.098467
FKIT,Y+X2_M9_r2,chocolate_croissant,943,0.095998
FKIT,Y+X2_M9_r2,chocolate_croissant,944,0.099913
FKIT,Y+X2_M9_r2,chocolate_croissant,945,0.102112
FKIT,Y+X2_M9_r2,chocolate_croissant,946,0.110195
FKIT,Y+X2_M9_r2,chocolate_croissant,947,0.111915
FKIT,Y+X2_M9_r2,chocolate_croissant,948,0.116855
FKIT,Y+X2_M9_r2,chocolate_croissant,949,0.126401
FKIT,Y+X2_M9_r2,chocolate_croissant,950,0.120963
FKIT,Y+X2_M9_r2,chocolate_croissant,951,0.120853
FKIT,Y+X2_M9_r2,chocolate_croissant,952,0.133157
FKIT,Y+X2_M9_r2,chocolate_croissant,953,0.123570
FKIT,Y+X2_M9_r2,chocolate_croissant,954,0.134545
FKIT,Y+X2_M9_r2,chocolate_croissant,955,0.194355
FKIT,Y+X2_M9_r2,chocolate_croissant,956,0.276070
FKIT,Y+X2_M9_r2,chocolate_croissant,957,0.338527
FKIT,Y+X2_M9_r2,chocolate_croissant,958,0.358306
FKIT,Y+X2_M9_r2,chocolate_croissant,959,0.339549
FKIT,Y+X2_M9_r2,chocolate_croissant,960,0.393020
FKIT,Y+X2_M9_r2,chocolate_croissant,961,0.408790
FKIT,Y+X2_M9_r2,chocolate_croissant,962,0.406158
FKIT,Y+X2_M9_r2,chocolate_croissant,963,0.419257
FKIT,Y+X2_M9_r2,chocolate_croissant,964,0.410318
FKIT,Y+X2_M9_r2,chocolate_croissant,965,0.490841
FKIT,Y+X2_M9_r2,chocolate_croissant,966,0.501811
FKIT,Y+X2_M9_r2,chocolate_croissant,967,0.571415
FKIT,Y+X2_M9_r2,chocolate_croissant,968,0.604839
FKIT,Y+X2_M9_r2,chocolate_croissant,969,0.615915
FKIT,Y+X2_M9_r2,chocolate_croissant,970,0.675885
FKIT,Y+X2_M9_r2,chocolate_croissant,971,0.745341
FKIT,Y+X2_M9_r2,chocolate_croissant,972,0.763938
FKIT,Y+X2_M9_r2,chocolate_croissant,973,0.815152
FKIT,Y+X2_M9_r2,chocolate_croissant,974,0.831183
FKIT,Y+X2_M9_r2,chocolate_croissant,975,0.814090
FKIT,Y+X2_M9_r2,chocolate_croissant,976,0.835012
FKIT,Y+X2_M9_r2,chocolate_croissant,977,0.818592
FKIT,Y+X2_M9_r2,chocolate_croissant,978,0.800955
FKIT,Y+X2_M9_r2,chocolate_croissant,979,0.762414
FKIT,Y+X2_M9_r2,chocolate_croissant,980,0.609960
FKIT,Y+X2_M9_r2,chocolate_croissant,981,0.725668
FKIT,Y+X2_M9_r2,chocolate_croissant,982,0.722954
FKIT,Y+X2_M9_r2,chocolate_croissant,983,0.667242
FKIT,Y+X2_M9_r2,chocolate_croissant,984,0.752442
FKIT,Y+X2_M9_r2,chocolate_croissant,985,0.782228
FKIT,Y+X2_M9_r2,chocolate_croissant,986,0.779767
FKIT,Y+X2_M9_r2,chocolate_croissant,987,0.697372
FKIT,Y+X2_M9_r2,chocolate_croissant,988,0.635378
FKIT,Y+X2_M9_r2,chocolate_croissant,989,0.426858
FKIT,Y+X2_M9_r2,chocolate_croissant,990,0.338361
FKIT,Y+X2_M9_r2,chocolate_croissant,991,0.252672
FKIT,Y+X2_M9_r2,chocolate_croissant,992,0.263614
FKIT,Y+X2_M9_r2,chocolate_croissant,993,0.325913
FKIT,Y+X2_M9_r2,chocolate_croissant,994,0.565636
FKIT,Y+X2_M9_r2,chocolate_croissant,995,0.650617
FKIT,Y+X2_M9_r2,chocolate_croissant,996,0.727379
FKIT,Y+X2_M9_r2,chocolate_croissant,997,0.751284
FKIT,Y+X2_M9_r2,chocolate_croissant,998,0.747107
FKIT,Y+X2_M9_r2,chocolate_croissant,999,0.772387
FKIT,Y+X2_M9_r2,chocolate_croissant,1000,0.804848
FKIT,Y+X2_M9_r2,chocolate_croissant,1001,0.779128
FKIT,Y+X2_M9_r2,chocolate_croissant,1002,0.738027
FKIT,Y+X2_M9_r2,chocolate_croissant,1003,0.789708
FKIT,Y+X2_M9_r2,chocolate_croissant,1004,0.827016
FKIT,Y+X2_M9_r2,chocolate_croissant,1005,0.756545
FKIT,Y+X2_M9_r2,chocolate_croissant,1006,0.802074
FKIT,Y+X2_M9_r2,chocolate_croissant,1007,0.825074
FKIT,Y+X2_M9_r2,chocolate_croissant,1008,0.864651
FKIT,Y+X2_M9_r2,chocolate_croissant,1009,0.866554
FKIT,Y+X2_M9_r2,chocolate_croissant,1010,0.860447
FKIT,Y+X2_M9_r2,chocolate_croissant,1011,0.904616
FKIT,Y+X2_M9_r2,chocolate_croissant,1012,0.915519
FKIT,Y+X2_M9_r2,chocolate_croissant,1013,0.919900
FKIT,Y+X2_M9_r2,chocolate_croissant,1014,0.919681
FKIT,Y+X2_M9_r2,chocolate_croissant,1015,0.934188
FKIT,Y+X2_M9_r2,chocolate_croissant,1016,0.935228
FKIT,Y+X2_M9_r2,chocolate_croissant,1017,0.941057
FKIT,Y+X2_M9_r2,chocolate_croissant,1018,0.931513
FKIT,Y+X2_M9_r2,chocolate_croissant,1019,0.896780
FKIT,Y+X2_M9_r2,chocolate_croissant,1020,0.902769
FKIT,Y+X2_M9_r2,chocolate_croissant,1021,0.864480
FKIT,Y+X2_M9_r2,chocolate_croissant,1022,0.855936
FKIT,Y+X2_M9_r2,chocolate_croissant,1023,0.871888
FKIT,Y+X2_M9_r2,chocolate_croissant,1024,0.872474
FKIT,Y+X2_M9_r2,chocolate_croissant,1025,0.906731
FKIT,Y+X2_M9_r2,chocolate_croissant,1026,0.931912
FKIT,Y+X2_M9_r2,chocolate_croissant,1027,0.910840
FKIT,Y+X2_M9_r2,chocolate_croissant,1028,0.907743
FKIT,Y+X2_M9_r2,chocolate_croissant,1029,0.879490
FKIT,Y+X2_M9_r2,chocolate_croissant,1030,0.882980
FKIT,Y+X2_M9_r2,chocolate_croissant,1031,0.902391
FKIT,Y+X2_M9_r2,chocolate_croissant,1032,0.893412
FKIT,Y+X2_M9_r2,chocolate_croissant,1033,0.875087
FKIT,Y+X2_M9_r2,chocolate_croissant,1034,0.870357
FKIT,Y+X2_M9_r2,chocolate_croissant,1035,0.895825
FKIT,Y+X2_M9_r2,chocolate_croissant,1036,0.880459
FKIT,Y+X2_M9_r2,chocolate_croissant,1037,0.923069
FKIT,Y+X2_M9_r2,chocolate_croissant,1038,0.930302
FKIT,Y+X2_M9_r2,chocolate_croissant,1039,0.920361
FKIT,Y+X2_M9_r2,chocolate_croissant,1040,0.922732
FKIT,Y+X2_M9_r2,chocolate_croissant,1041,0.910363
FKIT,Y+X2_M9_r2,chocolate_croissant,1042,0.828672
FKIT,Y+X2_M9_r2,chocolate_croissant,1043,0.838635
FKIT,Y+X2_M9_r2,chocolate_croissant,1044,0.807295
FKIT,Y+X2_M9_r2,chocolate_croissant,1045,0.814185
FKIT,Y+X2_M9_r2,chocolate_croissant,1046,0.814739
FKIT,Y+X2_M9_r2,chocolate_croissant,1047,0.809980
FKIT,Y+X2_M9_r2,chocolate_croissant,1048,0.818115
FKIT,Y+X2_M9_r2,chocolate_croissant,1049,0.809400
FKIT,Y+X2_M9_r2,chocolate_croissant,1050,0.797360
FKIT,Y+X2_M9_r2,chocolate_croissant,1051,0.797406
FKIT,Y+X2_M9_r2,chocolate_croissant,1052,0.788807
FKIT,Y+X2_M9_r2,chocolate_croissant,1053,0.792837
FKIT,Y+X2_M9_r2,chocolate_croissant,1054,0.803999
FKIT,Y+X2_M9_r2,chocolate_croissant,1055,0.782179
FKIT,Y+X2_M9_r2,chocolate_croissant,1056,0.774885
FKIT,Y+X2_M9_r2,chocolate_croissant,1057,0.764083
FKIT,Y+X2_M9_r2,chocolate_croissant,1058,0.761958
FKIT,Y+X2_M9_r2,chocolate_croissant,1059,0.742006
FKIT,Y+X2_M9_r2,chocolate_croissant,1060,0.755326
FKIT,Y+X2_M9_r2,chocolate_croissant,1061,0.781885
FKIT,Y+X2_M9_r2,chocolate_croissant,1062,0.757806
FKIT,Y+X2_M9_r2,chocolate_croissant,1063,0.798256
FKIT,Y+X2_M9_r2,chocolate_croissant,1064,0.778443
FKIT,Y+X2_M9_r2,chocolate_croissant,1065,0.735124
FKIT,Y+X2_M9_r2,chocolate_croissant,1066,0.735708
FKIT,Y+X2_M9_r2,chocolate_croissant,1067,0.737334
FKIT,Y+X2_M9_r2,chocolate_croissant,1068,0.736910
FKIT,Y+X2_M9_r2,chocolate_croissant,1069,0.738749
FKIT,Y+X2_M9_r2,chocolate_croissant,1070,0.746866
FKIT,Y+X2_M9_r2,chocolate_croissant,1071,0.735123
FKIT,Y+X2_M9_r2,chocolate_croissant,1072,0.713386
FKIT,Y+X2_M9_r2,chocolate_croissant,1073,0.765068
FKIT,Y+X2_M9_r2,chocolate_croissant,1074,0.744488
FKIT,Y+X2_M9_r2,chocolate_croissant,1075,0.772917
FKIT,Y+X2_M9_r2,chocolate_croissant,1076,0.762738
FKIT,Y+X2_M9_r2,chocolate_croissant,1077,0.782974
FKIT,Y+X2_M9_r2,chocolate_croissant,1078,0.787787
FKIT,Y+X2_M9_r2,chocolate_croissant,1079,0.747391
FKIT,Y+X2_M9_r2,chocolate_croissant,1080,0.850989
FKIT,Y+X2_M9_r2,chocolate_croissant,1081,0.812538
FKIT,Y+X2_M9_r2,chocolate_croissant,1082,0.828689
FKIT,Y+X2_M9_r2,chocolate_croissant,1083,0.811644
FKIT,Y+X2_M9_r2,chocolate_croissant,1084,0.848281
FKIT,Y+X2_M9_r2,chocolate_croissant,1085,0.868188
FKIT,Y+X2_M9_r2,chocolate_croissant,1086,0.875056
FKIT,Y+X2_M9_r2,chocolate_croissant,1087,0.850043
FKIT,Y+X2_M9_r2,chocolate_croissant,1088,0.870214
FKIT,Y+X2_M9_r2,chocolate_croissant,1089,0.863160
FKIT,Y+X2_M9_r2,chocolate_croissant,1090,0.869608
FKIT,Y+X2_M9_r2,chocolate_croissant,1091,0.873532
FKIT,Y+X2_M9_r2,chocolate_croissant,1092,0.872105
FKIT,Y+X2_M9_r2,chocolate_croissant,1093,0.892249
FKIT,Y+X2_M9_r2,chocolate_croissant,1094,0.907944
FKIT,Y+X2_M9_r2,chocolate_croissant,1095,0.942747
FKIT,Y+X2_M9_r2,chocolate_croissant,1096,0.936194
FKIT,Y+X2_M9_r2,chocolate_croissant,1097,0.960259
FKIT,Y+X2_M9_r2,chocolate_croissant,1098,0.941649
FKIT,Y+X2_M9_r2,chocolate_croissant,1099,0.935320
FKIT,Y+X2_M9_r2,chocolate_croissant,1100,0.941487
FKIT,Y+X2_M9_r2,chocolate_croissant,1101,0.965085
FKIT,Y+X2_M9_r2,chocolate_croissant,1102,0.965576
FKIT,Y+X2_M9_r2,chocolate_croissant,1103,0.946298
FKIT,Y+X2_M9_r2,chocolate_croissant,1104,0.954990
FKIT,Y+X2_M9_r2,chocolate_croissant,1105,0.956429
FKIT,Y+X2_M9_r2,chocolate_croissant,1106,0.959916
FKIT,Y+X2_M9_r2,chocolate_croissant,1107,0.960523
FKIT,Y+X2_M9_r2,chocolate_croissant,1108,0.963474
FKIT,Y+X2_M9_r2,chocolate_croissant,1109,0.963310
FKIT,Y+X2_M9_r2,chocolate_croissant,1110,0.964407
FKIT,Y+X2_M9_r2,chocolate_croissant,1111,0.961405
FKIT,Y+X2_M9_r2,chocolate_croissant,1112,0.961879
FKIT,Y+X2_M9_r2,chocolate_croissant,1113,0.959127
FKIT,Y+X2_M9_r2,chocolate_croissant,1114,0.968953
FKIT,Y+X2_M9_r2,chocolate_croissant,1115,0.961781
FKIT,Y+X2_M9_r2,chocolate_croissant,1116,0.964221
FKIT,Y+X2_M9_r2,chocolate_croissant,1117,0.972135
FKIT,Y+X2_M9_r2,chocolate_croissant,1118,0.965997
FKIT,Y+X2_M9_r2,chocolate_croissant,1119,0.970773
FKIT,Y+X2_M9_r2,chocolate_croissant,1120,0.973023
FKIT,Y+X2_M9_r2,chocolate_croissant,1121,0.974839
FKIT,Y+X2_M9_r2,donut,0,0.797807
FKIT,Y+X2_M9_r2,donut,1,0.801585
FKIT,Y+X2_M9_r2,donut,2,0.800438
FKIT,Y+X2_M9_r2,donut,3,0.799346
FKIT,Y+X2_M9_r2,donut,4,0.799898
FKIT,Y+X2_M9_r2,donut,5,0.798752
FKIT,Y+X2_M9_r2,donut,6,0.805395
FKIT,Y+X2_M9_r2,donut,7,0.801565
FKIT,Y+X2_M9_r2,donut,8,0.787572
FKIT,Y+X2_M9_r2,donut,9,0.798441
FKIT,Y+X2_M9_r2,donut,10,0.791200
FKIT,Y+X2_M9_r2,donut,11,0.808895
FKIT,Y+X2_M9_r2,donut,12,0.814621
FKIT,Y+X2_M9_r2,donut,13,0.777351
FKIT,Y+X2_M9_r2,donut,14,0.812959
FKIT,Y+X2_M9_r2,donut,15,0.813548
FKIT,Y+X2_M9_r2,donut,16,0.801292
FKIT,Y+X2_M9_r2,donut,17,0.771895
FKIT,Y+X2_M9_r2,donut,18,0.808896
FKIT,Y+X2_M9_r2,donut,19,0.782721
FKIT,Y+X2_M9_r2,donut,20,0.804714
FKIT,Y+X2_M9_r2,donut,21,0.792204
FKIT,Y+X2_M9_r2,donut,22,0.785789
FKIT,Y+X2_M9_r2,donut,23,0.815035
FKIT,Y+X2_M9_r2,donut,24,0.816300
FKIT,Y+X2_M9_r2,donut,25,0.786091
FKIT,Y+X2_M9_r2,donut,26,0.779687
FKIT,Y+X2_M9_r2,donut,27,0.808089
FKIT,Y+X2_M9_r2,donut,28,0.816528
FKIT,Y+X2_M9_r2,donut,29,0.797869
FKIT,Y+X2_M9_r2,donut,30,0.737792
FKIT,Y+X2_M9_r2,donut,31,0.800757
FKIT,Y+X2_M9_r2,donut,32,0.810097
FKIT,Y+X2_M9_r2,donut,33,0.843043
FKIT,Y+X2_M9_r2,donut,34,0.845607
FKIT,Y+X2_M9_r2,donut,35,0.852448
FKIT,Y+X2_M9_r2,donut,36,0.895488
FKIT,Y+X2_M9_r2,donut,37,0.856429
FKIT,Y+X2_M9_r2,donut,38,0.847495
FKIT,Y+X2_M9_r2,donut,39,0.941011
FKIT,Y+X2_M9_r2,donut,40,0.944022
FKIT,Y+X2_M9_r2,donut,41,0.944897
FKIT,Y+X2_M9_r2,donut,42,0.933109
FKIT,Y+X2_M9_r2,donut,43,0.945354
FKIT,Y+X2_M9_r2,donut,44,0.943864
FKIT,Y+X2_M9_r2,donut,45,0.948570
FKIT,Y+X2_M9_r2,donut,46,0.947886
FKIT,Y+X2_M9_r2,donut,47,0.892774
FKIT,Y+X2_M9_r2,donut,48,0.938328
FKIT,Y+X2_M9_r2,donut,49,0.913061
FKIT,Y+X2_M9_r2,donut,50,0.930164
FKIT,Y+X2_M9_r2,donut,51,0.889187
FKIT,Y+X2_M9_r2,donut,52,0.880115
FKIT,Y+X2_M9_r2,donut,53,0.877690
FKIT,Y+X2_M9_r2,donut,54,0.871970
FKIT,Y+X2_M9_r2,donut,55,0.889162
FKIT,Y+X2_M9_r2,donut,56,0.899246
FKIT,Y+X2_M9_r2,donut,57,0.896629
FKIT,Y+X2_M9_r2,donut,58,0.876759
FKIT,Y+X2_M9_r2,donut,59,0.887002
FKIT,Y+X2_M9_r2,donut,60,0.886274
FKIT,Y+X2_M9_r2,donut,61,0.896194
FKIT,Y+X2_M9_r2,donut,62,0.860017
FKIT,Y+X2_M9_r2,donut,63,0.860707
FKIT,Y+X2_M9_r2,donut,64,0.880276
FKIT,Y+X2_M9_r2,donut,65,0.860583
FKIT,Y+X2_M9_r2,donut,66,0.881574
FKIT,Y+X2_M9_r2,donut,67,0.880540
FKIT,Y+X2_M9_r2,donut,68,0.889264
FKIT,Y+X2_M9_r2,donut,69,0.884694
FKIT,Y+X2_M9_r2,donut,70,0.888636
FKIT,Y+X2_M9_r2,donut,71,0.885895
FKIT,Y+X2_M9_r2,donut,72,0.880594
FKIT,Y+X2_M9_r2,donut,73,0.897306
FKIT,Y+X2_M9_r2,donut,74,0.891468
FKIT,Y+X2_M9_r2,donut,75,0.907355
FKIT,Y+X2_M9_r2,donut,76,0.908997
FKIT,Y+X2_M9_r2,donut,77,0.924982
FKIT,Y+X2_M9_r2,donut,78,0.906759
FKIT,Y+X2_M9_r2,donut,79,0.919754
FKIT,Y+X2_M9_r2,donut,80,0.919476
FKIT,Y+X2_M9_r2,donut,81,0.920249
FKIT,Y+X2_M9_r2,donut,82,0.915583
FKIT,Y+X2_M9_r2,donut,83,0.921459
FKIT,Y+X2_M9_r2,donut,84,0.920179
FKIT,Y+X2_M9_r2,donut,85,0.915122
FKIT,Y+X2_M9_r2,donut,86,0.917593
FKIT,Y+X2_M9_r2,donut,87,0.921583
FKIT,Y+X2_M9_r2,donut,88,0.914088
FKIT,Y+X2_M9_r2,donut,89,0.924041
FKIT,Y+X2_M9_r2,donut,90,0.922443
FKIT,Y+X2_M9_r2,donut,91,0.918259
FKIT,Y+X2_M9_r2,donut,92,0.911766
FKIT,Y+X2_M9_r2,donut,93,0.915936
FKIT,Y+X2_M9_r2,donut,94,0.904103
FKIT,Y+X2_M9_r2,donut,95,0.892027
FKIT,Y+X2_M9_r2,donut,96,0.885924
FKIT,Y+X2_M9_r2,donut,97,0.875844
FKIT,Y+X2_M9_r2,donut,98,0.861924
FKIT,Y+X2_M9_r2,donut,99,0.873801
FKIT,Y+X2_M9_r2,donut,100,0.878086
FKIT,Y+X2_M9_r2,donut,101,0.861245
FKIT,Y+X2_M9_r2,donut,102,0.843685
FKIT,Y+X2_M9_r2,donut,103,0.846198
FKIT,Y+X2_M9_r2,donut,104,0.838188
FKIT,Y+X2_M9_r2,donut,105,0.767789
FKIT,Y+X2_M9_r2,donut,106,0.760471
FKIT,Y+X2_M9_r2,donut,107,0.705563
FKIT,Y+X2_M9_r2,donut,108,0.740914
FKIT,Y+X2_M9_r2,donut,109,0.706023
FKIT,Y+X2_M9_r2,donut,110,0.672942
FKIT,Y+X2_M9_r2,donut,111,0.663647
FKIT,Y+X2_M9_r2,donut,112,0.715741
FKIT,Y+X2_M9_r2,donut,113,0.670081
FKIT,Y+X2_M9_r2,donut,114,0.729518
FKIT,Y+X2_M9_r2,donut,115,0.722215
FKIT,Y+X2_M9_r2,donut,116,0.724422
FKIT,Y+X2_M9_r2,donut,117,0.698700
FKIT,Y+X2_M9_r2,donut,118,0.732801
FKIT,Y+X2_M9_r2,donut,119,0.732588
FKIT,Y+X2_M9_r2,donut,120,0.737090
FKIT,Y+X2_M9_r2,donut,121,0.719815
FKIT,Y+X2_M9_r2,donut,122,0.732436
FKIT,Y+X2_M9_r2,donut,123,0.708151
FKIT,Y+X2_M9_r2,donut,124,0.717718
FKIT,Y+X2_M9_r2,donut,125,0.706554
FKIT,Y+X2_M9_r2,donut,126,0.727370
FKIT,Y+X2_M9_r2,donut,127,0.736426
FKIT,Y+X2_M9_r2,donut,128,0.723849
FKIT,Y+X2_M9_r2,donut,129,0.729455
FKIT,Y+X2_M9_r2,donut,130,0.740986
FKIT,Y+X2_M9_r2,donut,131,0.744542
FKIT,Y+X2_M9_r2,donut,132,0.741291
FKIT,Y+X2_M9_r2,donut,133,0.733002
FKIT,Y+X2_M9_r2,donut,134,0.762694
FKIT,Y+X2_M9_r2,donut,135,0.765593
FKIT,Y+X2_M9_r2,donut,136,0.788265
FKIT,Y+X2_M9_r2,donut,137,0.782873
FKIT,Y+X2_M9_r2,donut,138,0.784764
FKIT,Y+X2_M9_r2,donut,139,0.807204
FKIT,Y+X2_M9_r2,donut,140,0.814580
FKIT,Y+X2_M9_r2,donut,141,0.799903
FKIT,Y+X2_M9_r2,donut,142,0.791560
FKIT,Y+X2_M9_r2,donut,143,0.802913
FKIT,Y+X2_M9_r2,donut,144,0.823556
FKIT,Y+X2_M9_r2,donut,145,0.797524
FKIT,Y+X2_M9_r2,donut,146,0.798527
FKIT,Y+X2_M9_r2,donut,147,0.812458
FKIT,Y+X2_M9_r2,donut,148,0.826142
FKIT,Y+X2_M9_r2,donut,149,0.804971
FKIT,Y+X2_M9_r2,donut,150,0.811509
FKIT,Y+X2_M9_r2,donut,151,0.793278
FKIT,Y+X2_M9_r2,donut,152,0.828080
FKIT,Y+X2_M9_r2,donut,153,0.847720
FKIT,Y+X2_M9_r2,donut,154,0.838049
FKIT,Y+X2_M9_r2,donut,155,0.828022
FKIT,Y+X2_M9_r2,donut,156,0.828329
FKIT,Y+X2_M9_r2,donut,157,0.854236
FKIT,Y+X2_M9_r2,donut,158,0.841800
FKIT,Y+X2_M9_r2,donut,159,0.859495
FKIT,Y+X2_M9_r2,donut,160,0.857640
FKIT,Y+X2_M9_r2,donut,161,0.858925
FKIT,Y+X2_M9_r2,donut,162,0.890435
FKIT,Y+X2_M9_r2,donut,163,0.893740
FKIT,Y+X2_M9_r2,donut,164,0.883185
FKIT,Y+X2_M9_r2,donut,165,0.900479
FKIT,Y+X2_M9_r2,donut,166,0.892172
FKIT,Y+X2_M9_r2,donut,167,0.896094
FKIT,Y+X2_M9_r2,donut,168,0.889964
FKIT,Y+X2_M9_r2,donut,169,0.902945
FKIT,Y+X2_M9_r2,donut,170,0.894566
FKIT,Y+X2_M9_r2,donut,171,0.892009
FKIT,Y+X2_M9_r2,donut,172,0.896807
FKIT,Y+X2_M9_r2,donut,173,0.888694
FKIT,Y+X2_M9_r2,donut,174,0.892091
FKIT,Y+X2_M9_r2,donut,175,0.884384
FKIT,Y+X2_M9_r2,donut,176,0.883214
FKIT,Y+X2_M9_r2,donut,177,0.883362
FKIT,Y+X2_M9_r2,donut,178,0.879310
FKIT,Y+X2_M9_r2,donut,179,0.880683
FKIT,Y+X2_M9_r2,donut,180,0.887341
FKIT,Y+X2_M9_r2,donut,181,0.888177
FKIT,Y+X2_M9_r2,donut,182,0.894363
FKIT,Y+X2_M9_r2,donut,183,0.904558
FKIT,Y+X2_M9_r2,donut,184,0.895829
FKIT,Y+X2_M9_r2,donut,185,0.922587
FKIT,Y+X2_M9_r2,donut,186,0.900756
FKIT,Y+X2_M9_r2,donut,187,0.895230
FKIT,Y+X2_M9_r2,donut,188,0.897315
FKIT,Y+X2_M9_r2,donut,189,0.908131
FKIT,Y+X2_M9_r2,donut,190,0.889056
FKIT,Y+X2_M9_r2,donut,191,0.926371
FKIT,Y+X2_M9_r2,donut,192,0.928499
FKIT,Y+X2_M9_r2,donut,193,0.937125
FKIT,Y+X2_M9_r2,donut,194,0.929564
FKIT,Y+X2_M9_r2,donut,195,0.962071
FKIT,Y+X2_M9_r2,donut,196,0.962858
FKIT,Y+X2_M9_r2,donut,197,0.957554
FKIT,Y+X2_M9_r2,donut,198,0.962044
FKIT,Y+X2_M9_r2,donut,199,0.957795
FKIT,Y+X2_M9_r2,donut,200,0.959428
FKIT,Y+X2_M9_r2,donut,201,0.963331
FKIT,Y+X2_M9_r2,donut,202,0.968640
FKIT,Y+X2_M9_r2,donut,203,0.960614
FKIT,Y+X2_M9_r2,donut,204,0.968850
FKIT,Y+X2_M9_r2,donut,205,0.968179
FKIT,Y+X2_M9_r2,donut,206,0.970187
FKIT,Y+X2_M9_r2,donut,207,0.955373
FKIT,Y+X2_M9_r2,donut,208,0.956475
FKIT,Y+X2_M9_r2,donut,209,0.936022
FKIT,Y+X2_M9_r2,donut,210,0.963193
FKIT,Y+X2_M9_r2,donut,211,0.962696
FKIT,Y+X2_M9_r2,donut,212,0.961118
FKIT,Y+X2_M9_r2,donut,213,0.961078
FKIT,Y+X2_M9_r2,donut,214,0.956422
FKIT,Y+X2_M9_r2,donut,215,0.964851
FKIT,Y+X2_M9_r2,donut,216,0.963395
FKIT,Y+X2_M9_r2,donut,217,0.946815
FKIT,Y+X2_M9_r2,donut,218,0.924816
FKIT,Y+X2_M9_r2,donut,219,0.883652
FKIT,Y+X2_M9_r2,donut,220,0.936402
FKIT,Y+X2_M9_r2,donut,221,0.918484
FKIT,Y+X2_M9_r2,donut,222,0.897239
FKIT,Y+X2_M9_r2,donut,223,0.889639
FKIT,Y+X2_M9_r2,donut,224,0.873173
FKIT,Y+X2_M9_r2,donut,225,0.852079
FKIT,Y+X2_M9_r2,donut,226,0.826274
FKIT,Y+X2_M9_r2,donut,227,0.799120
FKIT,Y+X2_M9_r2,donut,228,0.842186
FKIT,Y+X2_M9_r2,donut,229,0.743862
FKIT,Y+X2_M9_r2,donut,230,0.741231
FKIT,Y+X2_M9_r2,donut,231,0.763086
FKIT,Y+X2_M9_r2,donut,232,0.739400
FKIT,Y+X2_M9_r2,donut,233,0.754872
FKIT,Y+X2_M9_r2,donut,234,0.716613
FKIT,Y+X2_M9_r2,donut,235,0.690632
FKIT,Y+X2_M9_r2,donut,236,0.719975
FKIT,Y+X2_M9_r2,donut,237,0.735933
FKIT,Y+X2_M9_r2,donut,238,0.700049
FKIT,Y+X2_M9_r2,donut,239,0.714010
FKIT,Y+X2_M9_r2,donut,240,0.716002
FKIT,Y+X2_M9_r2,donut,241,0.700271
FKIT,Y+X2_M9_r2,donut,242,0.696255
FKIT,Y+X2_M9_r2,donut,243,0.696814
FKIT,Y+X2_M9_r2,donut,244,0.684456
FKIT,Y+X2_M9_r2,donut,245,0.685557
FKIT,Y+X2_M9_r2,donut,246,0.669483
FKIT,Y+X2_M9_r2,donut,247,0.698032
FKIT,Y+X2_M9_r2,donut,248,0.681702
FKIT,Y+X2_M9_r2,donut,249,0.690770
FKIT,Y+X2_M9_r2,donut,250,0.697857
FKIT,Y+X2_M9_r2,donut,251,0.682928
FKIT,Y+X2_M9_r2,donut,252,0.678259
FKIT,Y+X2_M9_r2,donut,253,0.677035
FKIT,Y+X2_M9_r2,donut,254,0.693511
FKIT,Y+X2_M9_r2,donut,255,0.725964
FKIT,Y+X2_M9_r2,donut,256,0.696638
FKIT,Y+X2_M9_r2,donut,257,0.690623
FKIT,Y+X2_M9_r2,donut,258,0.698036
FKIT,Y+X2_M9_r2,donut,259,0.640982
FKIT,Y+X2_M9_r2,donut,260,0.734444
FKIT,Y+X2_M9_r2,donut,261,0.751411
FKIT,Y+X2_M9_r2,donut,262,0.716335
FKIT,Y+X2_M9_r2,donut,263,0.743212
FKIT,Y+X2_M9_r2,donut,264,0.751848
FKIT,Y+X2_M9_r2,donut,265,0.716739
FKIT,Y+X2_M9_r2,donut,266,0.750166
FKIT,Y+X2_M9_r2,donut,267,0.756046
FKIT,Y+X2_M9_r2,donut,268,0.779978
FKIT,Y+X2_M9_r2,donut,269,0.774562
FKIT,Y+X2_M9_r2,donut,270,0.758306
FKIT,Y+X2_M9_r2,donut,271,0.767732
FKIT,Y+X2_M9_r2,donut,272,0.759664
FKIT,Y+X2_M9_r2,donut,273,0.761084
FKIT,Y+X2_M9_r2,donut,274,0.760462
FKIT,Y+X2_M9_r2,donut,275,0.755377
FKIT,Y+X2_M9_r2,donut,276,0.752576
FKIT,Y+X2_M9_r2,donut,277,0.751067
FKIT,Y+X2_M9_r2,donut,278,0.740423
FKIT,Y+X2_M9_r2,donut,279,0.752629
FKIT,Y+X2_M9_r2,donut,280,0.766165
FKIT,Y+X2_M9_r2,donut,281,0.748940
FKIT,Y+X2_M9_r2,donut,282,0.749833
FKIT,Y+X2_M9_r2,donut,283,0.733320
FKIT,Y+X2_M9_r2,donut,284,0.746899
FKIT,Y+X2_M9_r2,donut,285,0.755388
FKIT,Y+X2_M9_r2,donut,286,0.767738
FKIT,Y+X2_M9_r2,donut,287,0.757767
FKIT,Y+X2_M9_r2,donut,288,0.738416
FKIT,Y+X2_M9_r2,donut,289,0.745903
FKIT,Y+X2_M9_r2,donut,290,0.755373
FKIT,Y+X2_M9_r2,donut,291,0.749163
FKIT,Y+X2_M9_r2,donut,292,0.746148
FKIT,Y+X2_M9_r2,donut,293,0.741243
FKIT,Y+X2_M9_r2,donut,294,0.731047
FKIT,Y+X2_M9_r2,donut,295,0.723902
FKIT,Y+X2_M9_r2,donut,296,0.721282
FKIT,Y+X2_M9_r2,donut,297,0.717779
FKIT,Y+X2_M9_r2,donut,298,0.708420
FKIT,Y+X2_M9_r2,donut,299,0.712941
FKIT,Y+X2_M9_r2,donut,300,0.712975
FKIT,Y+X2_M9_r2,donut,301,0.697086
FKIT,Y+X2_M9_r2,donut,302,0.692064
FKIT,Y+X2_M9_r2,donut,303,0.688294
FKIT,Y+X2_M9_r2,donut,304,0.699416
FKIT,Y+X2_M9_r2,donut,305,0.687761
FKIT,Y+X2_M9_r2,donut,306,0.686929
FKIT,Y+X2_M9_r2,donut,307,0.684183
FKIT,Y+X2_M9_r2,donut,308,0.670196
FKIT,Y+X2_M9_r2,donut,309,0.669529
FKIT,Y+X2_M9_r2,donut,310,0.678765
FKIT,Y+X2_M9_r2,donut,311,0.673669
FKIT,Y+X2_M9_r2,donut,312,0.660603
FKIT,Y+X2_M9_r2,donut,313,0.673053
FKIT,Y+X2_M9_r2,donut,314,0.671624
FKIT,Y+X2_M9_r2,donut,315,0.672442
FKIT,Y+X2_M9_r2,donut,316,0.687909
FKIT,Y+X2_M9_r2,donut,317,0.672535
FKIT,Y+X2_M9_r2,donut,318,0.683408
FKIT,Y+X2_M9_r2,donut,319,0.658587
FKIT,Y+X2_M9_r2,donut,320,0.674355
FKIT,Y+X2_M9_r2,donut,321,0.671384
FKIT,Y+X2_M9_r2,donut,322,0.568947
FKIT,Y+X2_M9_r2,donut,323,0.662603
FKIT,Y+X2_M9_r2,donut,324,0.672881
FKIT,Y+X2_M9_r2,donut,325,0.638239
FKIT,Y+X2_M9_r2,donut,326,0.627881
FKIT,Y+X2_M9_r2,donut,327,0.629664
FKIT,Y+X2_M9_r2,donut,328,0.649466
FKIT,Y+X2_M9_r2,donut,329,0.645436
FKIT,Y+X2_M9_r2,donut,330,0.635502
FKIT,Y+X2_M9_r2,donut,331,0.646512
FKIT,Y+X2_M9_r2,donut,332,0.629193
FKIT,Y+X2_M9_r2,donut,333,0.621675
FKIT,Y+X2_M9_r2,donut,334,0.613120
FKIT,Y+X2_M9_r2,donut,335,0.618475
FKIT,Y+X2_M9_r2,donut,336,0.615635
FKIT,Y+X2_M9_r2,donut,337,0.627871
FKIT,Y+X2_M9_r2,donut,338,0.607572
FKIT,Y+X2_M9_r2,donut,339,0.639599
FKIT,Y+X2_M9_r2,donut,340,0.642073
FKIT,Y+X2_M9_r2,donut,341,0.636619
FKIT,Y+X2_M9_r2,donut,342,0.649293
FKIT,Y+X2_M9_r2,donut,343,0.662964
FKIT,Y+X2_M9_r2,donut,344,0.661543
FKIT,Y+X2_M9_r2,donut,345,0.674757
FKIT,Y+X2_M9_r2,donut,346,0.679057
FKIT,Y+X2_M9_r2,donut,347,0.670960
FKIT,Y+X2_M9_r2,donut,348,0.678986
FKIT,Y+X2_M9_r2,donut,349,0.675086
FKIT,Y+X2_M9_r2,donut,350,0.660209
FKIT,Y+X2_M9_r2,donut,351,0.665454
FKIT,Y+X2_M9_r2,donut,352,0.674587
FKIT,Y+X2_M9_r2,donut,353,0.641025
FKIT,Y+X2_M9_r2,donut,354,0.668025
FKIT,Y+X2_M9_r2,donut,355,0.672918
FKIT,Y+X2_M9_r2,donut,356,0.686499
FKIT,Y+X2_M9_r2,donut,357,0.669976
FKIT,Y+X2_M9_r2,donut,358,0.669128
FKIT,Y+X2_M9_r2,donut,359,0.669670
FKIT,Y+X2_M9_r2,donut,360,0.678223
FKIT,Y+X2_M9_r2,donut,361,0.680859
FKIT,Y+X2_M9_r2,donut,362,0.660482
FKIT,Y+X2_M9_r2,donut,363,0.646737
FKIT,Y+X2_M9_r2,donut,364,0.635650
FKIT,Y+X2_M9_r2,donut,365,0.649801
FKIT,Y+X2_M9_r2,donut,366,0.661695
FKIT,Y+X2_M9_r2,donut,367,0.646513
FKIT,Y+X2_M9_r2,donut,368,0.649934
FKIT,Y+X2_M9_r2,donut,369,0.648452
FKIT,Y+X2_M9_r2,donut,370,0.664842
FKIT,Y+X2_M9_r2,donut,371,0.659140
FKIT,Y+X2_M9_r2,donut,372,0.658101
FKIT,Y+X2_M9_r2,donut,373,0.665441
FKIT,Y+X2_M9_r2,donut,374,0.659868
FKIT,Y+X2_M9_r2,donut,375,0.659353
FKIT,Y+X2_M9_r2,donut,376,0.668567
FKIT,Y+X2_M9_r2,donut,377,0.681583
FKIT,Y+X2_M9_r2,donut,378,0.682236
FKIT,Y+X2_M9_r2,donut,379,0.674632
FKIT,Y+X2_M9_r2,donut,380,0.686059
FKIT,Y+X2_M9_r2,donut,381,0.689213
FKIT,Y+X2_M9_r2,donut,382,0.667947
FKIT,Y+X2_M9_r2,donut,383,0.678770
FKIT,Y+X2_M9_r2,donut,384,0.694240
FKIT,Y+X2_M9_r2,donut,385,0.672590
FKIT,Y+X2_M9_r2,donut,386,0.680904
FKIT,Y+X2_M9_r2,donut,387,0.683028
FKIT,Y+X2_M9_r2,donut,388,0.683241
FKIT,Y+X2_M9_r2,donut,389,0.683371
FKIT,Y+X2_M9_r2,donut,390,0.657474
FKIT,Y+X2_M9_r2,donut,391,0.696744
FKIT,Y+X2_M9_r2,donut,392,0.695822
FKIT,Y+X2_M9_r2,donut,393,0.744901
FKIT,Y+X2_M9_r2,donut,394,0.728647
FKIT,Y+X2_M9_r2,donut,395,0.699023
FKIT,Y+X2_M9_r2,donut,396,0.702149
FKIT,Y+X2_M9_r2,donut,397,0.708814
FKIT,Y+X2_M9_r2,donut,398,0.711414
FKIT,Y+X2_M9_r2,donut,399,0.669017
FKIT,Y+X2_M9_r2,donut,400,0.671528
FKIT,Y+X2_M9_r2,donut,401,0.675115
FKIT,Y+X2_M9_r2,donut,402,0.663104
FKIT,Y+X2_M9_r2,donut,403,0.710206
FKIT,Y+X2_M9_r2,donut,404,0.709495
FKIT,Y+X2_M9_r2,donut,405,0.715074
FKIT,Y+X2_M9_r2,donut,406,0.740867
FKIT,Y+X2_M9_r2,donut,407,0.732110
FKIT,Y+X2_M9_r2,donut,408,0.735105
FKIT,Y+X2_M9_r2,donut,409,0.719319
FKIT,Y+X2_M9_r2,donut,410,0.725590
FKIT,Y+X2_M9_r2,donut,411,0.722787
FKIT,Y+X2_M9_r2,donut,412,0.713686
FKIT,Y+X2_M9_r2,donut,413,0.756553
FKIT,Y+X2_M9_r2,donut,414,0.773317
FKIT,Y+X2_M9_r2,donut,415,0.835729
FKIT,Y+X2_M9_r2,donut,416,0.775661
FKIT,Y+X2_M9_r2,donut,417,0.818429
FKIT,Y+X2_M9_r2,donut,418,0.788732
FKIT,Y+X2_M9_r2,donut,419,0.804826
FKIT,Y+X2_M9_r2,donut,420,0.772776
FKIT,Y+X2_M9_r2,donut,421,0.809971
FKIT,Y+X2_M9_r2,donut,422,0.765100
FKIT,Y+X2_M9_r2,donut,423,0.852345
FKIT,Y+X2_M9_r2,donut,424,0.836302
FKIT,Y+X2_M9_r2,donut,425,0.846503
FKIT,Y+X2_M9_r2,donut,426,0.852050
FKIT,Y+X2_M9_r2,donut,427,0.841099
FKIT,Y+X2_M9_r2,donut,428,0.818601
FKIT,Y+X2_M9_r2,donut,429,0.833507
FKIT,Y+X2_M9_r2,donut,430,0.821965
FKIT,Y+X2_M9_r2,donut,431,0.827604
FKIT,Y+X2_M9_r2,donut,432,0.822729
FKIT,Y+X2_M9_r2,donut,433,0.892203
FKIT,Y+X2_M9_r2,donut,434,0.881616
FKIT,Y+X2_M9_r2,donut,435,0.877916
FKIT,Y+X2_M9_r2,donut,436,0.880162
FKIT,Y+X2_M9_r2,donut,437,0.874254
FKIT,Y+X2_M9_r2,donut,438,0.865610
FKIT,Y+X2_M9_r2,donut,439,0.854947
FKIT,Y+X2_M9_r2,donut,440,0.888178
FKIT,Y+X2_M9_r2,donut,441,0.899720
FKIT,Y+X2_M9_r2,donut,442,0.897595
FKIT,Y+X2_M9_r2,donut,443,0.944972
FKIT,Y+X2_M9_r2,donut,444,0.949753
FKIT,Y+X2_M9_r2,donut,445,0.955801
FKIT,Y+X2_M9_r2,donut,446,0.972053
FKIT,Y+X2_M9_r2,donut,447,0.965523
FKIT,Y+X2_M9_r2,donut,448,0.949694
FKIT,Y+X2_M9_r2,donut,449,0.954753
FKIT,Y+X2_M9_r2,donut,450,0.957846
FKIT,Y+X2_M9_r2,donut,451,0.945837
FKIT,Y+X2_M9_r2,donut,452,0.901333
FKIT,Y+X2_M9_r2,donut,453,0.945411
FKIT,Y+X2_M9_r2,donut,454,0.939847
FKIT,Y+X2_M9_r2,donut,455,0.930970
FKIT,Y+X2_M9_r2,donut,456,0.907554
FKIT,Y+X2_M9_r2,donut,457,0.878495
FKIT,Y+X2_M9_r2,donut,458,0.909862
FKIT,Y+X2_M9_r2,donut,459,0.867425
FKIT,Y+X2_M9_r2,donut,460,0.844795
FKIT,Y+X2_M9_r2,donut,461,0.830718
FKIT,Y+X2_M9_r2,donut,462,0.838371
FKIT,Y+X2_M9_r2,donut,463,0.867284
FKIT,Y+X2_M9_r2,donut,464,0.876910
FKIT,Y+X2_M9_r2,donut,465,0.863122
FKIT,Y+X2_M9_r2,donut,466,0.877840
FKIT,Y+X2_M9_r2,donut,467,0.833340
FKIT,Y+X2_M9_r2,donut,468,0.853679
FKIT,Y+X2_M9_r2,donut,469,0.868848
FKIT,Y+X2_M9_r2,donut,470,0.868695
FKIT,Y+X2_M9_r2,donut,471,0.867957
FKIT,Y+X2_M9_r2,donut,472,0.838475
FKIT,Y+X2_M9_r2,donut,473,0.844097
FKIT,Y+X2_M9_r2,donut,474,0.865862
FKIT,Y+X2_M9_r2,donut,475,0.845841
FKIT,Y+X2_M9_r2,donut,476,0.840565
FKIT,Y+X2_M9_r2,donut,477,0.812500
FKIT,Y+X2_M9_r2,donut,478,0.741826
FKIT,Y+X2_M9_r2,donut,479,0.771270
FKIT,Y+X2_M9_r2,donut,480,0.766437
FKIT,Y+X2_M9_r2,donut,481,0.765330
FKIT,Y+X2_M9_r2,donut,482,0.742420
FKIT,Y+X2_M9_r2,donut,483,0.799213
FKIT,Y+X2_M9_r2,donut,484,0.760056
FKIT,Y+X2_M9_r2,donut,485,0.536824
FKIT,Y+X2_M9_r2,donut,486,0.769971
FKIT,Y+X2_M9_r2,donut,487,0.754149
FKIT,Y+X2_M9_r2,donut,488,0.747506
FKIT,Y+X2_M9_r2,donut,489,0.764350
FKIT,Y+X2_M9_r2,donut,490,0.740517
FKIT,Y+X2_M9_r2,donut,491,0.706311
FKIT,Y+X2_M9_r2,donut,492,0.731427
FKIT,Y+X2_M9_r2,donut,493,0.725350
FKIT,Y+X2_M9_r2,donut,494,0.735981
FKIT,Y+X2_M9_r2,donut,495,0.791374
FKIT,Y+X2_M9_r2,donut,496,0.832865
FKIT,Y+X2_M9_r2,donut,497,0.770570
FKIT,Y+X2_M9_r2,donut,498,0.778710
FKIT,Y+X2_M9_r2,donut,499,0.771808
FKIT,Y+X2_M9_r2,donut,500,0.763092
FKIT,Y+X2_M9_r2,donut,501,0.743893
FKIT,Y+X2_M9_r2,donut,502,0.787679
FKIT,Y+X2_M9_r2,donut,503,0.770360
FKIT,Y+X2_M9_r2,donut,504,0.755235
FKIT,Y+X2_M9_r2,donut,505,0.777830
FKIT,Y+X2_M9_r2,donut,506,0.815484
FKIT,Y+X2_M9_r2,donut,507,0.830320
FKIT,Y+X2_M9_r2,donut,508,0.811625
FKIT,Y+X2_M9_r2,donut,509,0.844584
FKIT,Y+X2_M9_r2,donut,510,0.824118
FKIT,Y+X2_M9_r2,donut,511,0.809176
FKIT,Y+X2_M9_r2,donut,512,0.809564
FKIT,Y+X2_M9_r2,donut,513,0.795639
FKIT,Y+X2_M9_r2,donut,514,0.807120
FKIT,Y+X2_M9_r2,donut,515,0.846149
FKIT,Y+X2_M9_r2,donut,516,0.871992
FKIT,Y+X2_M9_r2,donut,517,0.856888
FKIT,Y+X2_M9_r2,donut,518,0.834935
FKIT,Y+X2_M9_r2,donut,519,0.828604
FKIT,Y+X2_M9_r2,donut,520,0.838875
FKIT,Y+X2_M9_r2,donut,521,0.849724
FKIT,Y+X2_M9_r2,donut,522,0.877761
FKIT,Y+X2_M9_r2,donut,523,0.842124
FKIT,Y+X2_M9_r2,donut,524,0.861832
FKIT,Y+X2_M9_r2,donut,525,0.869624
FKIT,Y+X2_M9_r2,donut,526,0.917234
FKIT,Y+X2_M9_r2,donut,527,0.913165
FKIT,Y+X2_M9_r2,donut,528,0.904645
FKIT,Y+X2_M9_r2,donut,529,0.923412
FKIT,Y+X2_M9_r2,donut,530,0.916645
FKIT,Y+X2_M9_r2,donut,531,0.912065
FKIT,Y+X2_M9_r2,donut,532,0.899193
FKIT,Y+X2_M9_r2,donut,533,0.894746
FKIT,Y+X2_M9_r2,donut,534,0.871318
FKIT,Y+X2_M9_r2,donut,535,0.898874
FKIT,Y+X2_M9_r2,donut,536,0.912570
FKIT,Y+X2_M9_r2,donut,537,0.889260
FKIT,Y+X2_M9_r2,donut,538,0.877883
FKIT,Y+X2_M9_r2,donut,539,0.870132
FKIT,Y+X2_M9_r2,donut,540,0.855761
FKIT,Y+X2_M9_r2,donut,541,0.837143
FKIT,Y+X2_M9_r2,donut,542,0.861884
FKIT,Y+X2_M9_r2,donut,543,0.824212
FKIT,Y+X2_M9_r2,donut,544,0.792646
FKIT,Y+X2_M9_r2,donut,545,0.784190
FKIT,Y+X2_M9_r2,donut,546,0.786667
FKIT,Y+X2_M9_r2,donut,547,0.746277
FKIT,Y+X2_M9_r2,donut,548,0.745211
FKIT,Y+X2_M9_r2,donut,549,0.712838
FKIT,Y+X2_M9_r2,donut,550,0.718695
FKIT,Y+X2_M9_r2,donut,551,0.690173
FKIT,Y+X2_M9_r2,donut,552,0.700361
FKIT,Y+X2_M9_r2,donut,553,0.693287
FKIT,Y+X2_M9_r2,donut,554,0.603837
FKIT,Y+X2_M9_r2,donut,555,0.668203
FKIT,Y+X2_M9_r2,donut,556,0.660612
FKIT,Y+X2_M9_r2,donut,557,0.661300
FKIT,Y+X2_M9_r2,donut,558,0.624081
FKIT,Y+X2_M9_r2,donut,559,0.652794
FKIT,Y+X2_M9_r2,donut,560,0.646875
FKIT,Y+X2_M9_r2,donut,561,0.631692
FKIT,Y+X2_M9_r2,donut,562,0.611502
FKIT,Y+X2_M9_r2,donut,563,0.636545
FKIT,Y+X2_M9_r2,donut,564,0.635124
FKIT,Y+X2_M9_r2,donut,565,0.630048
FKIT,Y+X2_M9_r2,donut,566,0.622039
FKIT,Y+X2_M9_r2,donut,567,0.622511
FKIT,Y+X2_M9_r2,donut,568,0.617150
FKIT,Y+X2_M9_r2,donut,569,0.615059
FKIT,Y+X2_M9_r2,donut,570,0.614653
FKIT,Y+X2_M9_r2,donut,571,0.613988
FKIT,Y+X2_M9_r2,donut,572,0.605136
FKIT,Y+X2_M9_r2,donut,573,0.594584
FKIT,Y+X2_M9_r2,donut,574,0.617031
FKIT,Y+X2_M9_r2,donut,575,0.602945
FKIT,Y+X2_M9_r2,donut,576,0.626860
FKIT,Y+X2_M9_r2,donut,577,0.625472
FKIT,Y+X2_M9_r2,donut,578,0.597951
FKIT,Y+X2_M9_r2,donut,579,0.634133
FKIT,Y+X2_M9_r2,donut,580,0.645880
FKIT,Y+X2_M9_r2,donut,581,0.638572
FKIT,Y+X2_M9_r2,donut,582,0.649876
FKIT,Y+X2_M9_r2,donut,583,0.648342
FKIT,Y+X2_M9_r2,donut,584,0.661176
FKIT,Y+X2_M9_r2,donut,585,0.678070
FKIT,Y+X2_M9_r2,donut,586,0.667022
FKIT,Y+X2_M9_r2,donut,587,0.683126
FKIT,Y+X2_M9_r2,donut,588,0.696076
FKIT,Y+X2_M9_r2,donut,589,0.703517
FKIT,Y+X2_M9_r2,donut,590,0.706884
FKIT,Y+X2_M9_r2,donut,591,0.708607
FKIT,Y+X2_M9_r2,donut,592,0.717670
FKIT,Y+X2_M9_r2,donut,593,0.701353
FKIT,Y+X2_M9_r2,donut,594,0.721086
FKIT,Y+X2_M9_r2,donut,595,0.702564
FKIT,Y+X2_M9_r2,donut,596,0.719731
FKIT,Y+X2_M9_r2,donut,597,0.701639
FKIT,Y+X2_M9_r2,donut,598,0.762795
FKIT,Y+X2_M9_r2,donut,599,0.743382
FKIT,Y+X2_M9_r2,donut,600,0.762916
FKIT,Y+X2_M9_r2,donut,601,0.741395
FKIT,Y+X2_M9_r2,donut,602,0.782026
FKIT,Y+X2_M9_r2,donut,603,0.795704
FKIT,Y+X2_M9_r2,donut,604,0.783861
FKIT,Y+X2_M9_r2,donut,605,0.801945
FKIT,Y+X2_M9_r2,donut,606,0.781804
FKIT,Y+X2_M9_r2,donut,607,0.774544
FKIT,Y+X2_M9_r2,donut,608,0.801379
FKIT,Y+X2_M9_r2,donut,609,0.881262
FKIT,Y+X2_M9_r2,donut,610,0.839412
FKIT,Y+X2_M9_r2,donut,611,0.881941
FKIT,Y+X2_M9_r2,donut,612,0.865345
FKIT,Y+X2_M9_r2,donut,613,0.879408
FKIT,Y+X2_M9_r2,donut,614,0.887808
FKIT,Y+X2_M9_r2,donut,615,0.865673
FKIT,Y+X2_M9_r2,donut,616,0.876275
FKIT,Y+X2_M9_r2,donut,617,0.886920
FKIT,Y+X2_M9_r2,donut,618,0.950268
FKIT,Y+X2_M9_r2,donut,619,0.933665
FKIT,Y+X2_M9_r2,donut,620,0.940036
FKIT,Y+X2_M9_r2,donut,621,0.929957
FKIT,Y+X2_M9_r2,donut,622,0.935075
FKIT,Y+X2_M9_r2,donut,623,0.917754
FKIT,Y+X2_M9_r2,donut,624,0.938766
FKIT,Y+X2_M9_r2,donut,625,0.920724
FKIT,Y+X2_M9_r2,donut,626,0.937396
FKIT,Y+X2_M9_r2,donut,627,0.934231
FKIT,Y+X2_M9_r2,donut,628,0.967266
FKIT,Y+X2_M9_r2,donut,629,0.971243
FKIT,Y+X2_M9_r2,donut,630,0.971313
FKIT,Y+X2_M9_r2,donut,631,0.963566
FKIT,Y+X2_M9_r2,donut,632,0.977858
FKIT,Y+X2_M9_r2,donut,633,0.972183
FKIT,Y+X2_M9_r2,donut,634,0.958970
FKIT,Y+X2_M9_r2,donut,635,0.955641
FKIT,Y+X2_M9_r2,donut,636,0.961913
FKIT,Y+X2_M9_r2,donut,637,0.954893
FKIT,Y+X2_M9_r2,donut,638,0.988468
FKIT,Y+X2_M9_r2,donut,639,0.978938
FKIT,Y+X2_M9_r2,donut,640,0.977443
FKIT,Y+X2_M9_r2,donut,641,0.978850
FKIT,Y+X2_M9_r2,donut,642,0.980352
FKIT,Y+X2_M9_r2,donut,643,0.979030
FKIT,Y+X2_M9_r2,donut,644,0.985444
FKIT,Y+X2_M9_r2,donut,645,0.987077
FKIT,Y+X2_M9_r2,donut,646,0.989540
FKIT,Y+X2_M9_r2,donut,647,0.985746
FKIT,Y+X2_M9_r2,donut,648,0.989856
FKIT,Y+X2_M9_r2,donut,649,0.986515
FKIT,Y+X2_M9_r2,donut,650,0.990388
FKIT,Y+X2_M9_r2,donut,651,0.990976
FKIT,Y+X2_M9_r2,donut,652,0.989825
FKIT,Y+X2_M9_r2,donut,653,0.989788
FKIT,Y+X2_M9_r2,donut,654,0.990748
FKIT,Y+X2_M9_r2,donut,655,0.989964
FKIT,Y+X2_M9_r2,donut,656,0.988134
FKIT,Y+X2_M9_r2,donut,657,0.988645
FKIT,Y+X2_M9_r2,donut,658,0.990556
FKIT,Y+X2_M9_r2,donut,659,0.989012
FKIT,Y+X2_M9_r2,donut,660,0.990516
FKIT,Y+X2_M9_r2,donut,661,0.986712
FKIT,Y+X2_M9_r2,donut,662,0.988877
FKIT,Y+X2_M9_r2,donut,663,0.979303
FKIT,Y+X2_M9_r2,donut,664,0.977035
FKIT,Y+X2_M9_r2,donut,665,0.972701
FKIT,Y+X2_M9_r2,donut,666,0.983648
FKIT,Y+X2_M9_r2,donut,667,0.969414
FKIT,Y+X2_M9_r2,donut,668,0.965517
FKIT,Y+X2_M9_r2,donut,669,0.962985
FKIT,Y+X2_M9_r2,donut,670,0.946846
FKIT,Y+X2_M9_r2,donut,671,0.956095
FKIT,Y+X2_M9_r2,donut,672,0.956041
FKIT,Y+X2_M9_r2,donut,673,0.961414
FKIT,Y+X2_M9_r2,donut,674,0.935294
FKIT,Y+X2_M9_r2,donut,675,0.938523
FKIT,Y+X2_M9_r2,donut,676,0.902348
FKIT,Y+X2_M9_r2,donut,677,0.906704
FKIT,Y+X2_M9_r2,donut,678,0.889018
FKIT,Y+X2_M9_r2,donut,679,0.865066
FKIT,Y+X2_M9_r2,donut,680,0.881059
FKIT,Y+X2_M9_r2,donut,681,0.830745
FKIT,Y+X2_M9_r2,donut,682,0.892926
FKIT,Y+X2_M9_r2,donut,683,0.832377
FKIT,Y+X2_M9_r2,donut,684,0.882690
FKIT,Y+X2_M9_r2,donut,685,0.637112
FKIT,Y+X2_M9_r2,donut,686,0.466405
FKIT,Y+X2_M9_r2,donut,687,0.806267
FKIT,Y+X2_M9_r2,donut,688,0.690216
FKIT,Y+X2_M9_r2,donut,689,0.625199
FKIT,Y+X2_M9_r2,donut,690,0.643030
FKIT,Y+X2_M9_r2,donut,691,0.678407
FKIT,Y+X2_M9_r2,donut,692,0.651349
FKIT,Y+X2_M9_r2,donut,693,0.569517
FKIT,Y+X2_M9_r2,donut,694,0.738718
FKIT,Y+X2_M9_r2,donut,695,0.630440
FKIT,Y+X2_M9_r2,donut,696,0.696203
FKIT,Y+X2_M9_r2,donut,697,0.674749
FKIT,Y+X2_M9_r2,donut,698,0.765579
FKIT,Y+X2_M9_r2,donut,699,0.801121
FKIT,Y+X2_M9_r2,donut,700,0.769848
FKIT,Y+X2_M9_r2,donut,701,0.835898
FKIT,Y+X2_M9_r2,donut,702,0.776849
FKIT,Y+X2_M9_r2,donut,703,0.829065
FKIT,Y+X2_M9_r2,donut,704,0.867191
FKIT,Y+X2_M9_r2,donut,705,0.862838
FKIT,Y+X2_M9_r2,donut,706,0.874734
FKIT,Y+X2_M9_r2,donut,707,0.903701
FKIT,Y+X2_M9_r2,donut,708,0.915320
FKIT,Y+X2_M9_r2,donut,709,0.913559
FKIT,Y+X2_M9_r2,donut,710,0.909905
FKIT,Y+X2_M9_r2,donut,711,0.912964
FKIT,Y+X2_M9_r2,donut,712,0.917066
FKIT,Y+X2_M9_r2,donut,713,0.908160
FKIT,Y+X2_M9_r2,donut,714,0.914729
FKIT,Y+X2_M9_r2,donut,715,0.910318
FKIT,Y+X2_M9_r2,donut,716,0.926771
FKIT,Y+X2_M9_r2,donut,717,0.933124
FKIT,Y+X2_M9_r2,donut,718,0.939963
FKIT,Y+X2_M9_r2,donut,719,0.928982
FKIT,Y+X2_M9_r2,donut,720,0.935169
FKIT,Y+X2_M9_r2,donut,721,0.915966
FKIT,Y+X2_M9_r2,donut,722,0.926855
FKIT,Y+X2_M9_r2,donut,723,0.927683
FKIT,Y+X2_M9_r2,donut,724,0.915061
FKIT,Y+X2_M9_r2,donut,725,0.903353
FKIT,Y+X2_M9_r2,donut,726,0.883297
FKIT,Y+X2_M9_r2,donut,727,0.884833
FKIT,Y+X2_M9_r2,donut,728,0.896640
FKIT,Y+X2_M9_r2,donut,729,0.879730
FKIT,Y+X2_M9_r2,donut,730,0.867036
FKIT,Y+X2_M9_r2,donut,731,0.861390
FKIT,Y+X2_M9_r2,donut,732,0.844286
FKIT,Y+X2_M9_r2,donut,733,0.841713
FKIT,Y+X2_M9_r2,donut,734,0.814468
FKIT,Y+X2_M9_r2,donut,735,0.778560
FKIT,Y+X2_M9_r2,donut,736,0.758150
FKIT,Y+X2_M9_r2,donut,737,0.777161
FKIT,Y+X2_M9_r2,donut,738,0.744622
FKIT,Y+X2_M9_r2,donut,739,0.721299
FKIT,Y+X2_M9_r2,donut,740,0.743970
FKIT,Y+X2_M9_r2,donut,741,0.754982
FKIT,Y+X2_M9_r2,donut,742,0.771365
FKIT,Y+X2_M9_r2,donut,743,0.753938
FKIT,Y+X2_M9_r2,donut,744,0.756173
FKIT,Y+X2_M9_r2,donut,745,0.748368
FKIT,Y+X2_M9_r2,donut,746,0.754212
FKIT,Y+X2_M9_r2,donut,747,0.748700
FKIT,Y+X2_M9_r2,donut,748,0.777492
FKIT,Y+X2_M9_r2,donut,749,0.761219
FKIT,Y+X2_M9_r2,donut,750,0.785067
FKIT,Y+X2_M9_r2,donut,751,0.790541
FKIT,Y+X2_M9_r2,donut,752,0.769452
FKIT,Y+X2_M9_r2,donut,753,0.759149
FKIT,Y+X2_M9_r2,donut,754,0.774537
FKIT,Y+X2_M9_r2,donut,755,0.737037
FKIT,Y+X2_M9_r2,donut,756,0.747070
FKIT,Y+X2_M9_r2,donut,757,0.775673
FKIT,Y+X2_M9_r2,donut,758,0.777625
FKIT,Y+X2_M9_r2,donut,759,0.785259
FKIT,Y+X2_M9_r2,donut,760,0.777685
FKIT,Y+X2_M9_r2,donut,761,0.778706
FKIT,Y+X2_M9_r2,donut,762,0.773009
FKIT,Y+X2_M9_r2,donut,763,0.772132
FKIT,Y+X2_M9_r2,donut,764,0.795014
FKIT,Y+X2_M9_r2,donut,765,0.828445
FKIT,Y+X2_M9_r2,donut,766,0.823564
FKIT,Y+X2_M9_r2,donut,767,0.854612
FKIT,Y+X2_M9_r2,donut,768,0.870960
FKIT,Y+X2_M9_r2,donut,769,0.852127
FKIT,Y+X2_M9_r2,donut,770,0.841212
FKIT,Y+X2_M9_r2,donut,771,0.837180
FKIT,Y+X2_M9_r2,donut,772,0.853950
FKIT,Y+X2_M9_r2,donut,773,0.830477
FKIT,Y+X2_M9_r2,donut,774,0.833385
FKIT,Y+X2_M9_r2,donut,775,0.847662
FKIT,Y+X2_M9_r2,donut,776,0.851790
FKIT,Y+X2_M9_r2,donut,777,0.855256
FKIT,Y+X2_M9_r2,donut,778,0.856631
FKIT,Y+X2_M9_r2,donut,779,0.858540
FKIT,Y+X2_M9_r2,durum,0,0.909771
FKIT,Y+X2_M9_r2,durum,1,0.933236
FKIT,Y+X2_M9_r2,durum,2,0.895214
FKIT,Y+X2_M9_r2,durum,3,0.893890
FKIT,Y+X2_M9_r2,durum,4,0.875112
FKIT,Y+X2_M9_r2,durum,5,0.922446
FKIT,Y+X2_M9_r2,durum,6,0.893861
FKIT,Y+X2_M9_r2,durum,7,0.909685
FKIT,Y+X2_M9_r2,durum,8,0.852455
FKIT,Y+X2_M9_r2,durum,9,0.885086
FKIT,Y+X2_M9_r2,durum,10,0.881738
FKIT,Y+X2_M9_r2,durum,11,0.842253
FKIT,Y+X2_M9_r2,durum,12,0.773201
FKIT,Y+X2_M9_r2,durum,13,0.643374
FKIT,Y+X2_M9_r2,durum,14,0.867199
FKIT,Y+X2_M9_r2,durum,15,0.871784
FKIT,Y+X2_M9_r2,durum,16,0.858165
FKIT,Y+X2_M9_r2,durum,17,0.870865
FKIT,Y+X2_M9_r2,durum,18,0.878003
FKIT,Y+X2_M9_r2,durum,19,0.876668
FKIT,Y+X2_M9_r2,durum,20,0.873513
FKIT,Y+X2_M9_r2,durum,21,0.886886
FKIT,Y+X2_M9_r2,durum,22,0.884074
FKIT,Y+X2_M9_r2,durum,23,0.893842
FKIT,Y+X2_M9_r2,durum,24,0.864400
FKIT,Y+X2_M9_r2,durum,25,0.853117
FKIT,Y+X2_M9_r2,durum,26,0.844122
FKIT,Y+X2_M9_r2,durum,27,0.834432
FKIT,Y+X2_M9_r2,durum,28,0.843940
FKIT,Y+X2_M9_r2,durum,29,0.839544
FKIT,Y+X2_M9_r2,durum,30,0.834941
FKIT,Y+X2_M9_r2,durum,31,0.841155
FKIT,Y+X2_M9_r2,durum,32,0.848421
FKIT,Y+X2_M9_r2,durum,33,0.825340
FKIT,Y+X2_M9_r2,durum,34,0.833298
FKIT,Y+X2_M9_r2,durum,35,0.807603
FKIT,Y+X2_M9_r2,durum,36,0.809922
FKIT,Y+X2_M9_r2,durum,37,0.820741
FKIT,Y+X2_M9_r2,durum,38,0.889162
FKIT,Y+X2_M9_r2,durum,39,0.854001
FKIT,Y+X2_M9_r2,durum,40,0.866557
FKIT,Y+X2_M9_r2,durum,41,0.851239
FKIT,Y+X2_M9_r2,durum,42,0.889074
FKIT,Y+X2_M9_r2,durum,43,0.910170
FKIT,Y+X2_M9_r2,durum,44,0.908982
FKIT,Y+X2_M9_r2,durum,45,0.907444
FKIT,Y+X2_M9_r2,durum,46,0.904575
FKIT,Y+X2_M9_r2,durum,47,0.909000
FKIT,Y+X2_M9_r2,durum,48,0.925098
FKIT,Y+X2_M9_r2,durum,49,0.908242
FKIT,Y+X2_M9_r2,durum,50,0.916640
FKIT,Y+X2_M9_r2,durum,51,0.917958
FKIT,Y+X2_M9_r2,durum,52,0.892319
FKIT,Y+X2_M9_r2,durum,53,0.313301
FKIT,Y+X2_M9_r2,durum,54,0.924733
FKIT,Y+X2_M9_r2,durum,55,0.937681
FKIT,Y+X2_M9_r2,durum,56,0.936683
FKIT,Y+X2_M9_r2,durum,57,0.921067
FKIT,Y+X2_M9_r2,durum,58,0.945075
FKIT,Y+X2_M9_r2,durum,59,0.924404
FKIT,Y+X2_M9_r2,durum,60,0.932512
FKIT,Y+X2_M9_r2,durum,61,0.932908
FKIT,Y+X2_M9_r2,durum,62,0.937376
FKIT,Y+X2_M9_r2,durum,63,0.934899
FKIT,Y+X2_M9_r2,durum,64,0.934310
FKIT,Y+X2_M9_r2,durum,65,0.932052
FKIT,Y+X2_M9_r2,durum,66,0.927564
FKIT,Y+X2_M9_r2,durum,67,0.934880
FKIT,Y+X2_M9_r2,durum,68,0.932932
FKIT,Y+X2_M9_r2,durum,69,0.937717
FKIT,Y+X2_M9_r2,durum,70,0.935028
FKIT,Y+X2_M9_r2,durum,71,0.939230
FKIT,Y+X2_M9_r2,durum,72,0.933011
FKIT,Y+X2_M9_r2,durum,73,0.934708
FKIT,Y+X2_M9_r2,durum,74,0.937236
FKIT,Y+X2_M9_r2,durum,75,0.932438
FKIT,Y+X2_M9_r2,durum,76,0.935410
FKIT,Y+X2_M9_r2,durum,77,0.934672
FKIT,Y+X2_M9_r2,durum,78,0.932853
FKIT,Y+X2_M9_r2,durum,79,0.932260
FKIT,Y+X2_M9_r2,durum,80,0.930483
FKIT,Y+X2_M9_r2,durum,81,0.932777
FKIT,Y+X2_M9_r2,durum,82,0.930860
FKIT,Y+X2_M9_r2,durum,83,0.931402
FKIT,Y+X2_M9_r2,durum,84,0.932975
FKIT,Y+X2_M9_r2,durum,85,0.929884
FKIT,Y+X2_M9_r2,durum,86,0.929290
FKIT,Y+X2_M9_r2,durum,87,0.929035
FKIT,Y+X2_M9_r2,durum,88,0.930415
FKIT,Y+X2_M9_r2,durum,89,0.928030
FKIT,Y+X2_M9_r2,durum,90,0.930819
FKIT,Y+X2_M9_r2,durum,91,0.926926
FKIT,Y+X2_M9_r2,durum,92,0.923767
FKIT,Y+X2_M9_r2,durum,93,0.923967
FKIT,Y+X2_M9_r2,durum,94,0.929549
FKIT,Y+X2_M9_r2,durum,95,0.925390
FKIT,Y+X2_M9_r2,durum,96,0.922457
FKIT,Y+X2_M9_r2,durum,97,0.922956
FKIT,Y+X2_M9_r2,durum,98,0.920364
FKIT,Y+X2_M9_r2,durum,99,0.916451
FKIT,Y+X2_M9_r2,durum,100,0.913387
FKIT,Y+X2_M9_r2,durum,101,0.910305
FKIT,Y+X2_M9_r2,durum,102,0.904158
FKIT,Y+X2_M9_r2,durum,103,0.901050
FKIT,Y+X2_M9_r2,durum,104,0.902923
FKIT,Y+X2_M9_r2,durum,105,0.901784
FKIT,Y+X2_M9_r2,durum,106,0.898489
FKIT,Y+X2_M9_r2,durum,107,0.902144
FKIT,Y+X2_M9_r2,durum,108,0.902434
FKIT,Y+X2_M9_r2,durum,109,0.900442
FKIT,Y+X2_M9_r2,durum,110,0.899959
FKIT,Y+X2_M9_r2,durum,111,0.897372
FKIT,Y+X2_M9_r2,durum,112,0.922266
FKIT,Y+X2_M9_r2,durum,113,0.916326
FKIT,Y+X2_M9_r2,durum,114,0.922921
FKIT,Y+X2_M9_r2,durum,115,0.921081
FKIT,Y+X2_M9_r2,durum,116,0.907418
FKIT,Y+X2_M9_r2,durum,117,0.910536
FKIT,Y+X2_M9_r2,durum,118,0.919667
FKIT,Y+X2_M9_r2,durum,119,0.910831
FKIT,Y+X2_M9_r2,durum,120,0.902944
FKIT,Y+X2_M9_r2,durum,121,0.902562
FKIT,Y+X2_M9_r2,durum,122,0.900712
FKIT,Y+X2_M9_r2,durum,123,0.895519
FKIT,Y+X2_M9_r2,durum,124,0.897561
FKIT,Y+X2_M9_r2,durum,125,0.896437
FKIT,Y+X2_M9_r2,durum,126,0.891747
FKIT,Y+X2_M9_r2,durum,127,0.894216
FKIT,Y+X2_M9_r2,durum,128,0.890865
FKIT,Y+X2_M9_r2,durum,129,0.889371
FKIT,Y+X2_M9_r2,durum,130,0.885759
FKIT,Y+X2_M9_r2,durum,131,0.888114
FKIT,Y+X2_M9_r2,durum,132,0.882984
FKIT,Y+X2_M9_r2,durum,133,0.888752
FKIT,Y+X2_M9_r2,durum,134,0.889838
FKIT,Y+X2_M9_r2,durum,135,0.887385
FKIT,Y+X2_M9_r2,durum,136,0.884816
FKIT,Y+X2_M9_r2,durum,137,0.888540
FKIT,Y+X2_M9_r2,durum,138,0.886022
FKIT,Y+X2_M9_r2,durum,139,0.880707
FKIT,Y+X2_M9_r2,durum,140,0.882693
FKIT,Y+X2_M9_r2,durum,141,0.884687
FKIT,Y+X2_M9_r2,durum,142,0.876635
FKIT,Y+X2_M9_r2,durum,143,0.879919
FKIT,Y+X2_M9_r2,durum,144,0.881977
FKIT,Y+X2_M9_r2,durum,145,0.876455
FKIT,Y+X2_M9_r2,durum,146,0.880080
FKIT,Y+X2_M9_r2,durum,147,0.878867
FKIT,Y+X2_M9_r2,durum,148,0.871788
FKIT,Y+X2_M9_r2,durum,149,0.880337
FKIT,Y+X2_M9_r2,durum,150,0.872816
FKIT,Y+X2_M9_r2,durum,151,0.872857
FKIT,Y+X2_M9_r2,durum,152,0.873053
FKIT,Y+X2_M9_r2,durum,153,0.870790
FKIT,Y+X2_M9_r2,durum,154,0.868415
FKIT,Y+X2_M9_r2,durum,155,0.870013
FKIT,Y+X2_M9_r2,durum,156,0.848284
FKIT,Y+X2_M9_r2,durum,157,0.872647
FKIT,Y+X2_M9_r2,durum,158,0.866921
FKIT,Y+X2_M9_r2,durum,159,0.862492
FKIT,Y+X2_M9_r2,durum,160,0.864207
FKIT,Y+X2_M9_r2,durum,161,0.863239
FKIT,Y+X2_M9_r2,durum,162,0.859768
FKIT,Y+X2_M9_r2,durum,163,0.860941
FKIT,Y+X2_M9_r2,durum,164,0.856560
FKIT,Y+X2_M9_r2,durum,165,0.853256
FKIT,Y+X2_M9_r2,durum,166,0.854035
FKIT,Y+X2_M9_r2,durum,167,0.847689
FKIT,Y+X2_M9_r2,durum,168,0.845330
FKIT,Y+X2_M9_r2,durum,169,0.848102
FKIT,Y+X2_M9_r2,durum,170,0.843936
FKIT,Y+X2_M9_r2,durum,171,0.841918
FKIT,Y+X2_M9_r2,durum,172,0.839884
FKIT,Y+X2_M9_r2,durum,173,0.836878
FKIT,Y+X2_M9_r2,durum,174,0.837025
FKIT,Y+X2_M9_r2,durum,175,0.841502
FKIT,Y+X2_M9_r2,durum,176,0.836032
FKIT,Y+X2_M9_r2,durum,177,0.834658
FKIT,Y+X2_M9_r2,durum,178,0.833144
FKIT,Y+X2_M9_r2,durum,179,0.832428
FKIT,Y+X2_M9_r2,durum,180,0.835172
FKIT,Y+X2_M9_r2,durum,181,0.832687
FKIT,Y+X2_M9_r2,durum,182,0.834983
FKIT,Y+X2_M9_r2,durum,183,0.825838
FKIT,Y+X2_M9_r2,durum,184,0.827269
FKIT,Y+X2_M9_r2,durum,185,0.829581
FKIT,Y+X2_M9_r2,durum,186,0.826610
FKIT,Y+X2_M9_r2,durum,187,0.828593
FKIT,Y+X2_M9_r2,durum,188,0.823032
FKIT,Y+X2_M9_r2,durum,189,0.827706
FKIT,Y+X2_M9_r2,durum,190,0.826173
FKIT,Y+X2_M9_r2,durum,191,0.816047
FKIT,Y+X2_M9_r2,durum,192,0.816844
FKIT,Y+X2_M9_r2,durum,193,0.830466
FKIT,Y+X2_M9_r2,durum,194,0.829270
FKIT,Y+X2_M9_r2,durum,195,0.817981
FKIT,Y+X2_M9_r2,durum,196,0.811498
FKIT,Y+X2_M9_r2,durum,197,0.810290
FKIT,Y+X2_M9_r2,durum,198,0.808733
FKIT,Y+X2_M9_r2,durum,199,0.813868
FKIT,Y+X2_M9_r2,durum,200,0.809079
FKIT,Y+X2_M9_r2,durum,201,0.807344
FKIT,Y+X2_M9_r2,durum,202,0.814587
FKIT,Y+X2_M9_r2,durum,203,0.809951
FKIT,Y+X2_M9_r2,durum,204,0.808512
FKIT,Y+X2_M9_r2,durum,205,0.812068
FKIT,Y+X2_M9_r2,durum,206,0.807626
FKIT,Y+X2_M9_r2,durum,207,0.809900
FKIT,Y+X2_M9_r2,durum,208,0.817028
FKIT,Y+X2_M9_r2,durum,209,0.802469
FKIT,Y+X2_M9_r2,durum,210,0.802831
FKIT,Y+X2_M9_r2,durum,211,0.804106
FKIT,Y+X2_M9_r2,durum,212,0.802889
FKIT,Y+X2_M9_r2,durum,213,0.811824
FKIT,Y+X2_M9_r2,durum,214,0.823121
FKIT,Y+X2_M9_r2,durum,215,0.829425
FKIT,Y+X2_M9_r2,durum,216,0.832401
FKIT,Y+X2_M9_r2,durum,217,0.821182
FKIT,Y+X2_M9_r2,durum,218,0.827540
FKIT,Y+X2_M9_r2,durum,219,0.825855
FKIT,Y+X2_M9_r2,durum,220,0.832787
FKIT,Y+X2_M9_r2,durum,221,0.832803
FKIT,Y+X2_M9_r2,durum,222,0.839878
FKIT,Y+X2_M9_r2,durum,223,0.831559
FKIT,Y+X2_M9_r2,durum,224,0.835429
FKIT,Y+X2_M9_r2,durum,225,0.851474
FKIT,Y+X2_M9_r2,durum,226,0.847651
FKIT,Y+X2_M9_r2,durum,227,0.850060
FKIT,Y+X2_M9_r2,durum,228,0.844192
FKIT,Y+X2_M9_r2,durum,229,0.847501
FKIT,Y+X2_M9_r2,durum,230,0.848232
FKIT,Y+X2_M9_r2,durum,231,0.858207
FKIT,Y+X2_M9_r2,durum,232,0.860336
FKIT,Y+X2_M9_r2,durum,233,0.859866
FKIT,Y+X2_M9_r2,durum,234,0.858738
FKIT,Y+X2_M9_r2,durum,235,0.870640
FKIT,Y+X2_M9_r2,durum,236,0.873906
FKIT,Y+X2_M9_r2,durum,237,0.873970
FKIT,Y+X2_M9_r2,durum,238,0.883165
FKIT,Y+X2_M9_r2,durum,239,0.888661
FKIT,Y+X2_M9_r2,durum,240,0.886229
FKIT,Y+X2_M9_r2,durum,241,0.872752
FKIT,Y+X2_M9_r2,durum,242,0.877177
FKIT,Y+X2_M9_r2,durum,243,0.881676
FKIT,Y+X2_M9_r2,durum,244,0.882467
FKIT,Y+X2_M9_r2,durum,245,0.880572
FKIT,Y+X2_M9_r2,durum,246,0.892112
FKIT,Y+X2_M9_r2,durum,247,0.889070
FKIT,Y+X2_M9_r2,durum,248,0.891244
FKIT,Y+X2_M9_r2,durum,249,0.894313
FKIT,Y+X2_M9_r2,durum,250,0.900427
FKIT,Y+X2_M9_r2,durum,251,0.898822
FKIT,Y+X2_M9_r2,durum,252,0.899126
FKIT,Y+X2_M9_r2,durum,253,0.904499
FKIT,Y+X2_M9_r2,durum,254,0.902120
FKIT,Y+X2_M9_r2,durum,255,0.896611
FKIT,Y+X2_M9_r2,durum,256,0.911089
FKIT,Y+X2_M9_r2,durum,257,0.911108
FKIT,Y+X2_M9_r2,durum,258,0.915926
FKIT,Y+X2_M9_r2,durum,259,0.915308
FKIT,Y+X2_M9_r2,durum,260,0.913703
FKIT,Y+X2_M9_r2,durum,261,0.918395
FKIT,Y+X2_M9_r2,durum,262,0.917704
FKIT,Y+X2_M9_r2,durum,263,0.921437
FKIT,Y+X2_M9_r2,durum,264,0.926560
FKIT,Y+X2_M9_r2,durum,265,0.935863
FKIT,Y+X2_M9_r2,durum,266,0.942912
FKIT,Y+X2_M9_r2,durum,267,0.957382
FKIT,Y+X2_M9_r2,durum,268,0.960850
FKIT,Y+X2_M9_r2,durum,269,0.962133
FKIT,Y+X2_M9_r2,durum,270,0.961959
FKIT,Y+X2_M9_r2,durum,271,0.955325
FKIT,Y+X2_M9_r2,durum,272,0.957626
FKIT,Y+X2_M9_r2,durum,273,0.960085
FKIT,Y+X2_M9_r2,durum,274,0.967443
FKIT,Y+X2_M9_r2,durum,275,0.964517
FKIT,Y+X2_M9_r2,durum,276,0.959425
FKIT,Y+X2_M9_r2,durum,277,0.962937
FKIT,Y+X2_M9_r2,durum,278,0.965930
FKIT,Y+X2_M9_r2,durum,279,0.970159
FKIT,Y+X2_M9_r2,durum,280,0.968586
FKIT,Y+X2_M9_r2,durum,281,0.972739
FKIT,Y+X2_M9_r2,durum,282,0.973521
FKIT,Y+X2_M9_r2,durum,283,0.976371
FKIT,Y+X2_M9_r2,durum,284,0.979045
FKIT,Y+X2_M9_r2,durum,285,0.972775
FKIT,Y+X2_M9_r2,durum,286,0.974189
FKIT,Y+X2_M9_r2,durum,287,0.980758
FKIT,Y+X2_M9_r2,durum,288,0.982050
FKIT,Y+X2_M9_r2,durum,289,0.979667
FKIT,Y+X2_M9_r2,durum,290,0.980225
FKIT,Y+X2_M9_r2,durum,291,0.981075
FKIT,Y+X2_M9_r2,durum,292,0.984768
FKIT,Y+X2_M9_r2,durum,293,0.985783
FKIT,Y+X2_M9_r2,durum,294,0.986137
FKIT,Y+X2_M9_r2,durum,295,0.985919
FKIT,Y+X2_M9_r2,durum,296,0.987207
FKIT,Y+X2_M9_r2,durum,297,0.987700
FKIT,Y+X2_M9_r2,durum,298,0.988700
FKIT,Y+X2_M9_r2,durum,299,0.989257
FKIT,Y+X2_M9_r2,durum,300,0.986055
FKIT,Y+X2_M9_r2,durum,301,0.986580
FKIT,Y+X2_M9_r2,durum,302,0.985167
FKIT,Y+X2_M9_r2,durum,303,0.985407
FKIT,Y+X2_M9_r2,durum,304,0.987433
FKIT,Y+X2_M9_r2,durum,305,0.987469
FKIT,Y+X2_M9_r2,durum,306,0.987368
FKIT,Y+X2_M9_r2,durum,307,0.986622
FKIT,Y+X2_M9_r2,durum,308,0.982818
FKIT,Y+X2_M9_r2,durum,309,0.984516
FKIT,Y+X2_M9_r2,durum,310,0.987459
FKIT,Y+X2_M9_r2,durum,311,0.986260
FKIT,Y+X2_M9_r2,durum,312,0.983690
FKIT,Y+X2_M9_r2,durum,313,0.982016
FKIT,Y+X2_M9_r2,durum,314,0.989718
FKIT,Y+X2_M9_r2,durum,315,0.986597
FKIT,Y+X2_M9_r2,durum,316,0.989632
FKIT,Y+X2_M9_r2,durum,317,0.987026
FKIT,Y+X2_M9_r2,durum,318,0.986713
FKIT,Y+X2_M9_r2,durum,319,0.987006
FKIT,Y+X2_M9_r2,durum,320,0.988656
FKIT,Y+X2_M9_r2,durum,321,0.987954
FKIT,Y+X2_M9_r2,durum,322,0.987080
FKIT,Y+X2_M9_r2,durum,323,0.988024
FKIT,Y+X2_M9_r2,durum,324,0.989227
FKIT,Y+X2_M9_r2,durum,325,0.988856
FKIT,Y+X2_M9_r2,durum,326,0.988404
FKIT,Y+X2_M9_r2,durum,327,0.988567
FKIT,Y+X2_M9_r2,durum,328,0.989241
FKIT,Y+X2_M9_r2,durum,329,0.989523
FKIT,Y+X2_M9_r2,durum,330,0.988611
FKIT,Y+X2_M9_r2,durum,331,0.989006
FKIT,Y+X2_M9_r2,durum,332,0.988392
FKIT,Y+X2_M9_r2,durum,333,0.987335
FKIT,Y+X2_M9_r2,durum,334,0.985228
FKIT,Y+X2_M9_r2,durum,335,0.988263
FKIT,Y+X2_M9_r2,durum,336,0.986220
FKIT,Y+X2_M9_r2,durum,337,0.989173
FKIT,Y+X2_M9_r2,durum,338,0.988099
FKIT,Y+X2_M9_r2,durum,339,0.988116
FKIT,Y+X2_M9_r2,durum,340,0.988174
FKIT,Y+X2_M9_r2,durum,341,0.988016
FKIT,Y+X2_M9_r2,durum,342,0.987772
FKIT,Y+X2_M9_r2,durum,343,0.986896
FKIT,Y+X2_M9_r2,durum,344,0.989995
FKIT,Y+X2_M9_r2,durum,345,0.986463
FKIT,Y+X2_M9_r2,durum,346,0.985433
FKIT,Y+X2_M9_r2,durum,347,0.985168
FKIT,Y+X2_M9_r2,durum,348,0.984783
FKIT,Y+X2_M9_r2,durum,349,0.985093
FKIT,Y+X2_M9_r2,durum,350,0.986043
FKIT,Y+X2_M9_r2,durum,351,0.985838
FKIT,Y+X2_M9_r2,durum,352,0.985020
FKIT,Y+X2_M9_r2,durum,353,0.983588
FKIT,Y+X2_M9_r2,durum,354,0.988263
FKIT,Y+X2_M9_r2,durum,355,0.986500
FKIT,Y+X2_M9_r2,durum,356,0.985784
FKIT,Y+X2_M9_r2,durum,357,0.986165
FKIT,Y+X2_M9_r2,durum,358,0.988054
FKIT,Y+X2_M9_r2,durum,359,0.985671
FKIT,Y+X2_M9_r2,durum,360,0.985573
FKIT,Y+X2_M9_r2,durum,361,0.987373
FKIT,Y+X2_M9_r2,durum,362,0.985797
FKIT,Y+X2_M9_r2,durum,363,0.985868
FKIT,Y+X2_M9_r2,durum,364,0.985719
FKIT,Y+X2_M9_r2,durum,365,0.986063
FKIT,Y+X2_M9_r2,durum,366,0.986712
FKIT,Y+X2_M9_r2,durum,367,0.983943
FKIT,Y+X2_M9_r2,durum,368,0.982908
FKIT,Y+X2_M9_r2,durum,369,0.983676
FKIT,Y+X2_M9_r2,durum,370,0.980711
FKIT,Y+X2_M9_r2,durum,371,0.979977
FKIT,Y+X2_M9_r2,durum,372,0.977096
FKIT,Y+X2_M9_r2,durum,373,0.979385
FKIT,Y+X2_M9_r2,durum,374,0.982487
FKIT,Y+X2_M9_r2,durum,375,0.982301
FKIT,Y+X2_M9_r2,durum,376,0.980638
FKIT,Y+X2_M9_r2,durum,377,0.980460
FKIT,Y+X2_M9_r2,durum,378,0.977163
FKIT,Y+X2_M9_r2,durum,379,0.982790
FKIT,Y+X2_M9_r2,durum,380,0.978511
FKIT,Y+X2_M9_r2,durum,381,0.979489
FKIT,Y+X2_M9_r2,durum,382,0.978255
FKIT,Y+X2_M9_r2,durum,383,0.976155
FKIT,Y+X2_M9_r2,durum,384,0.979466
FKIT,Y+X2_M9_r2,durum,385,0.979750
FKIT,Y+X2_M9_r2,durum,386,0.977380
FKIT,Y+X2_M9_r2,durum,387,0.979886
FKIT,Y+X2_M9_r2,durum,388,0.980523
FKIT,Y+X2_M9_r2,durum,389,0.981641
FKIT,Y+X2_M9_r2,durum,390,0.978535
FKIT,Y+X2_M9_r2,durum,391,0.977832
FKIT,Y+X2_M9_r2,durum,392,0.980704
FKIT,Y+X2_M9_r2,durum,393,0.979496
FKIT,Y+X2_M9_r2,durum,394,0.983098
FKIT,Y+X2_M9_r2,durum,395,0.977582
FKIT,Y+X2_M9_r2,durum,396,0.980726
FKIT,Y+X2_M9_r2,durum,397,0.980819
FKIT,Y+X2_M9_r2,durum,398,0.976101
FKIT,Y+X2_M9_r2,durum,399,0.978497
FKIT,Y+X2_M9_r2,durum,400,0.975784
FKIT,Y+X2_M9_r2,durum,401,0.972235
FKIT,Y+X2_M9_r2,durum,402,0.972834
FKIT,Y+X2_M9_r2,durum,403,0.968346
FKIT,Y+X2_M9_r2,durum,404,0.973127
FKIT,Y+X2_M9_r2,durum,405,0.971697
FKIT,Y+X2_M9_r2,durum,406,0.970612
FKIT,Y+X2_M9_r2,durum,407,0.972401
FKIT,Y+X2_M9_r2,durum,408,0.972312
FKIT,Y+X2_M9_r2,durum,409,0.972079
FKIT,Y+X2_M9_r2,durum,410,0.971448
FKIT,Y+X2_M9_r2,durum,411,0.966974
FKIT,Y+X2_M9_r2,durum,412,0.971334
FKIT,Y+X2_M9_r2,durum,413,0.968727
FKIT,Y+X2_M9_r2,durum,414,0.971996
FKIT,Y+X2_M9_r2,durum,415,0.966869
FKIT,Y+X2_M9_r2,durum,416,0.966958
FKIT,Y+X2_M9_r2,durum,417,0.967376
FKIT,Y+X2_M9_r2,durum,418,0.969574
FKIT,Y+X2_M9_r2,durum,419,0.971841
FKIT,Y+X2_M9_r2,durum,420,0.970840
FKIT,Y+X2_M9_r2,durum,421,0.971358
FKIT,Y+X2_M9_r2,durum,422,0.970616
FKIT,Y+X2_M9_r2,durum,423,0.966650
FKIT,Y+X2_M9_r2,durum,424,0.967675
FKIT,Y+X2_M9_r2,durum,425,0.967416
FKIT,Y+X2_M9_r2,durum,426,0.966001
FKIT,Y+X2_M9_r2,durum,427,0.970568
FKIT,Y+X2_M9_r2,durum,428,0.964898
FKIT,Y+X2_M9_r2,durum,429,0.967675
FKIT,Y+X2_M9_r2,durum,430,0.969330
FKIT,Y+X2_M9_r2,durum,431,0.968173
FKIT,Y+X2_M9_r2,durum,432,0.966687
FKIT,Y+X2_M9_r2,durum,433,0.965056
FKIT,Y+X2_M9_r2,durum,434,0.966838
FKIT,Y+X2_M9_r2,durum,435,0.968248
FKIT,Y+X2_M9_r2,durum,436,0.963992
FKIT,Y+X2_M9_r2,durum,437,0.968634
FKIT,Y+X2_M9_r2,durum,438,0.961516
FKIT,Y+X2_M9_r2,durum,439,0.966110
FKIT,Y+X2_M9_r2,durum,440,0.962661
FKIT,Y+X2_M9_r2,durum,441,0.960186
FKIT,Y+X2_M9_r2,durum,442,0.966075
FKIT,Y+X2_M9_r2,durum,443,0.957560
FKIT,Y+X2_M9_r2,durum,444,0.956684
FKIT,Y+X2_M9_r2,durum,445,0.959168
FKIT,Y+X2_M9_r2,durum,446,0.965381
FKIT,Y+X2_M9_r2,durum,447,0.960179
FKIT,Y+X2_M9_r2,durum,448,0.968634
FKIT,Y+X2_M9_r2,durum,449,0.964487
FKIT,Y+X2_M9_r2,durum,450,0.966576
FKIT,Y+X2_M9_r2,durum,451,0.752217
FKIT,Y+X2_M9_r2,durum,452,0.687512
FKIT,Y+X2_M9_r2,durum,453,0.623900
FKIT,Y+X2_M9_r2,durum,454,0.000000
FKIT,Y+X2_M9_r2,durum,455,0.581989
FKIT,Y+X2_M9_r2,durum,456,0.595322
FKIT,Y+X2_M9_r2,durum,457,0.855410
FKIT,Y+X2_M9_r2,durum,458,0.944232
FKIT,Y+X2_M9_r2,durum,459,0.902222
FKIT,Y+X2_M9_r2,durum,460,0.927266
FKIT,Y+X2_M9_r2,durum,461,0.929891
FKIT,Y+X2_M9_r2,durum,462,0.946154
FKIT,Y+X2_M9_r2,durum,463,0.936457
FKIT,Y+X2_M9_r2,durum,464,0.946195
FKIT,Y+X2_M9_r2,durum,465,0.949587
FKIT,Y+X2_M9_r2,durum,466,0.951346
FKIT,Y+X2_M9_r2,durum,467,0.950796
FKIT,Y+X2_M9_r2,durum,468,0.951233
FKIT,Y+X2_M9_r2,durum,469,0.946149
FKIT,Y+X2_M9_r2,durum,470,0.954513
FKIT,Y+X2_M9_r2,durum,471,0.956133
FKIT,Y+X2_M9_r2,durum,472,0.944373
FKIT,Y+X2_M9_r2,durum,473,0.944788
FKIT,Y+X2_M9_r2,durum,474,0.949134
FKIT,Y+X2_M9_r2,durum,475,0.927736
FKIT,Y+X2_M9_r2,durum,476,0.946604
FKIT,Y+X2_M9_r2,durum,477,0.944316
FKIT,Y+X2_M9_r2,durum,478,0.942027
FKIT,Y+X2_M9_r2,durum,479,0.942503
FKIT,Y+X2_M9_r2,durum,480,0.939842
FKIT,Y+X2_M9_r2,durum,481,0.936228
FKIT,Y+X2_M9_r2,durum,482,0.936658
FKIT,Y+X2_M9_r2,durum,483,0.939720
FKIT,Y+X2_M9_r2,durum,484,0.932337
FKIT,Y+X2_M9_r2,durum,485,0.935738
FKIT,Y+X2_M9_r2,durum,486,0.937704
FKIT,Y+X2_M9_r2,durum,487,0.934795
FKIT,Y+X2_M9_r2,durum,488,0.935869
FKIT,Y+X2_M9_r2,durum,489,0.935280
FKIT,Y+X2_M9_r2,durum,490,0.933762
FKIT,Y+X2_M9_r2,durum,491,0.932338
FKIT,Y+X2_M9_r2,durum,492,0.932244
FKIT,Y+X2_M9_r2,durum,493,0.935235
FKIT,Y+X2_M9_r2,durum,494,0.937387
FKIT,Y+X2_M9_r2,durum,495,0.936817
FKIT,Y+X2_M9_r2,durum,496,0.930066
FKIT,Y+X2_M9_r2,durum,497,0.930701
FKIT,Y+X2_M9_r2,durum,498,0.933152
FKIT,Y+X2_M9_r2,durum,499,0.931691
FKIT,Y+X2_M9_r2,durum,500,0.933171
FKIT,Y+X2_M9_r2,durum,501,0.932736
FKIT,Y+X2_M9_r2,durum,502,0.931952
FKIT,Y+X2_M9_r2,durum,503,0.931294
FKIT,Y+X2_M9_r2,durum,504,0.933880
FKIT,Y+X2_M9_r2,durum,505,0.930315
FKIT,Y+X2_M9_r2,durum,506,0.935390
FKIT,Y+X2_M9_r2,durum,507,0.937282
FKIT,Y+X2_M9_r2,durum,508,0.932198
FKIT,Y+X2_M9_r2,durum,509,0.935369
FKIT,Y+X2_M9_r2,durum,510,0.939126
FKIT,Y+X2_M9_r2,durum,511,0.938052
FKIT,Y+X2_M9_r2,durum,512,0.935131
FKIT,Y+X2_M9_r2,durum,513,0.937233
FKIT,Y+X2_M9_r2,durum,514,0.940428
FKIT,Y+X2_M9_r2,durum,515,0.943938
FKIT,Y+X2_M9_r2,durum,516,0.940069
FKIT,Y+X2_M9_r2,durum,517,0.933807
FKIT,Y+X2_M9_r2,durum,518,0.943667
FKIT,Y+X2_M9_r2,durum,519,0.925553
FKIT,Y+X2_M9_r2,durum,520,0.940035
FKIT,Y+X2_M9_r2,durum,521,0.936079
FKIT,Y+X2_M9_r2,durum,522,0.940216
FKIT,Y+X2_M9_r2,durum,523,0.935183
FKIT,Y+X2_M9_r2,durum,524,0.932413
FKIT,Y+X2_M9_r2,durum,525,0.932574
FKIT,Y+X2_M9_r2,durum,526,0.930028
FKIT,Y+X2_M9_r2,durum,527,0.946154
FKIT,Y+X2_M9_r2,durum,528,0.934625
FKIT,Y+X2_M9_r2,durum,529,0.948004
FKIT,Y+X2_M9_r2,durum,530,0.962160
FKIT,Y+X2_M9_r2,durum,531,0.958945
FKIT,Y+X2_M9_r2,durum,532,0.962967
FKIT,Y+X2_M9_r2,durum,533,0.959639
FKIT,Y+X2_M9_r2,durum,534,0.966643
FKIT,Y+X2_M9_r2,durum,535,0.970636
FKIT,Y+X2_M9_r2,durum,536,0.971065
FKIT,Y+X2_M9_r2,durum,537,0.970970
FKIT,Y+X2_M9_r2,durum,538,0.965868
FKIT,Y+X2_M9_r2,durum,539,0.958371
FKIT,Y+X2_M9_r2,durum,540,0.957568
FKIT,Y+X2_M9_r2,durum,541,0.945516
FKIT,Y+X2_M9_r2,durum,542,0.943238
FKIT,Y+X2_M9_r2,durum,543,0.940683
FKIT,Y+X2_M9_r2,durum,544,0.949690
FKIT,Y+X2_M9_r2,durum,545,0.947111
FKIT,Y+X2_M9_r2,durum,546,0.944696
FKIT,Y+X2_M9_r2,durum,547,0.943851
FKIT,Y+X2_M9_r2,durum,548,0.940902
FKIT,Y+X2_M9_r2,durum,549,0.936205
FKIT,Y+X2_M9_r2,durum,550,0.939994
FKIT,Y+X2_M9_r2,durum,551,0.941756
FKIT,Y+X2_M9_r2,durum,552,0.941611
FKIT,Y+X2_M9_r2,durum,553,0.936277
FKIT,Y+X2_M9_r2,durum,554,0.935644
FKIT,Y+X2_M9_r2,durum,555,0.936944
FKIT,Y+X2_M9_r2,durum,556,0.934147
FKIT,Y+X2_M9_r2,durum,557,0.933656
FKIT,Y+X2_M9_r2,durum,558,0.928476
FKIT,Y+X2_M9_r2,durum,559,0.929711
FKIT,Y+X2_M9_r2,durum,560,0.921549
FKIT,Y+X2_M9_r2,durum,561,0.915221
FKIT,Y+X2_M9_r2,durum,562,0.911863
FKIT,Y+X2_M9_r2,durum,563,0.911678
FKIT,Y+X2_M9_r2,durum,564,0.871353
FKIT,Y+X2_M9_r2,durum,565,0.919825
FKIT,Y+X2_M9_r2,durum,566,0.919694
FKIT,Y+X2_M9_r2,durum,567,0.910808
FKIT,Y+X2_M9_r2,durum,568,0.905471
FKIT,Y+X2_M9_r2,durum,569,0.909480
FKIT,Y+X2_M9_r2,durum,570,0.903601
FKIT,Y+X2_M9_r2,durum,571,0.899989
FKIT,Y+X2_M9_r2,durum,572,0.906025
FKIT,Y+X2_M9_r2,durum,573,0.900601
FKIT,Y+X2_M9_r2,durum,574,0.903474
FKIT,Y+X2_M9_r2,durum,575,0.903515
FKIT,Y+X2_M9_r2,durum,576,0.906310
FKIT,Y+X2_M9_r2,durum,577,0.904694
FKIT,Y+X2_M9_r2,durum,578,0.905994
FKIT,Y+X2_M9_r2,durum,579,0.904977
FKIT,Y+X2_M9_r2,durum,580,0.901427
FKIT,Y+X2_M9_r2,durum,581,0.902583
FKIT,Y+X2_M9_r2,durum,582,0.900416
FKIT,Y+X2_M9_r2,durum,583,0.901390
FKIT,Y+X2_M9_r2,durum,584,0.914557
FKIT,Y+X2_M9_r2,durum,585,0.907462
FKIT,Y+X2_M9_r2,durum,586,0.906980
FKIT,Y+X2_M9_r2,durum,587,0.901773
FKIT,Y+X2_M9_r2,durum,588,0.911942
FKIT,Y+X2_M9_r2,durum,589,0.906567
FKIT,Y+X2_M9_r2,durum,590,0.903587
FKIT,Y+X2_M9_r2,durum,591,0.904811
FKIT,Y+X2_M9_r2,durum,592,0.909593
FKIT,Y+X2_M9_r2,durum,593,0.905857
FKIT,Y+X2_M9_r2,durum,594,0.909769
FKIT,Y+X2_M9_r2,durum,595,0.903426
FKIT,Y+X2_M9_r2,durum,596,0.908785
FKIT,Y+X2_M9_r2,durum,597,0.908458
FKIT,Y+X2_M9_r2,durum,598,0.916222
FKIT,Y+X2_M9_r2,durum,599,0.911807
FKIT,Y+X2_M9_r2,durum,600,0.904719
FKIT,Y+X2_M9_r2,durum,601,0.904616
FKIT,Y+X2_M9_r2,durum,602,0.907491
FKIT,Y+X2_M9_r2,durum,603,0.918278
FKIT,Y+X2_M9_r2,durum,604,0.921548
FKIT,Y+X2_M9_r2,durum,605,0.914425
FKIT,Y+X2_M9_r2,durum,606,0.921669
FKIT,Y+X2_M9_r2,durum,607,0.922359
FKIT,Y+X2_M9_r2,durum,608,0.909443
FKIT,Y+X2_M9_r2,durum,609,0.926063
FKIT,Y+X2_M9_r2,durum,610,0.929243
FKIT,Y+X2_M9_r2,durum,611,0.930170
FKIT,Y+X2_M9_r2,durum,612,0.928247
FKIT,Y+X2_M9_r2,durum,613,0.938623
FKIT,Y+X2_M9_r2,durum,614,0.920622
FKIT,Y+X2_M9_r2,durum,615,0.937242
FKIT,Y+X2_M9_r2,durum,616,0.942834
FKIT,Y+X2_M9_r2,durum,617,0.940655
FKIT,Y+X2_M9_r2,durum,618,0.947877
FKIT,Y+X2_M9_r2,durum,619,0.955450
FKIT,Y+X2_M9_r2,durum,620,0.954235
FKIT,Y+X2_M9_r2,durum,621,0.964040
FKIT,Y+X2_M9_r2,durum,622,0.961986
FKIT,Y+X2_M9_r2,durum,623,0.956709
FKIT,Y+X2_M9_r2,durum,624,0.962206
FKIT,Y+X2_M9_r2,durum,625,0.973017
FKIT,Y+X2_M9_r2,durum,626,0.974331
FKIT,Y+X2_M9_r2,durum,627,0.970733
FKIT,Y+X2_M9_r2,durum,628,0.968419
FKIT,Y+X2_M9_r2,durum,629,0.970065
FKIT,Y+X2_M9_r2,durum,630,0.970408
FKIT,Y+X2_M9_r2,durum,631,0.967417
FKIT,Y+X2_M9_r2,durum,632,0.966908
FKIT,Y+X2_M9_r2,durum,633,0.968033
FKIT,Y+X2_M9_r2,durum,634,0.969405
FKIT,Y+X2_M9_r2,durum,635,0.972889
FKIT,Y+X2_M9_r2,durum,636,0.972086
FKIT,Y+X2_M9_r2,durum,637,0.969731
FKIT,Y+X2_M9_r2,durum,638,0.967491
FKIT,Y+X2_M9_r2,durum,639,0.970375
FKIT,Y+X2_M9_r2,durum,640,0.966014
FKIT,Y+X2_M9_r2,durum,641,0.968849
FKIT,Y+X2_M9_r2,durum,642,0.960720
FKIT,Y+X2_M9_r2,durum,643,0.962952
FKIT,Y+X2_M9_r2,durum,644,0.964084
FKIT,Y+X2_M9_r2,durum,645,0.967056
FKIT,Y+X2_M9_r2,durum,646,0.964207
FKIT,Y+X2_M9_r2,durum,647,0.965203
FKIT,Y+X2_M9_r2,durum,648,0.965719
FKIT,Y+X2_M9_r2,durum,649,0.962884
FKIT,Y+X2_M9_r2,durum,650,0.963979
FKIT,Y+X2_M9_r2,durum,651,0.960259
FKIT,Y+X2_M9_r2,durum,652,0.960018
FKIT,Y+X2_M9_r2,durum,653,0.963150
FKIT,Y+X2_M9_r2,durum,654,0.962071
FKIT,Y+X2_M9_r2,durum,655,0.962413
FKIT,Y+X2_M9_r2,durum,656,0.966623
FKIT,Y+X2_M9_r2,durum,657,0.967623
FKIT,Y+X2_M9_r2,durum,658,0.965862
FKIT,Y+X2_M9_r2,durum,659,0.956752
FKIT,Y+X2_M9_r2,durum,660,0.966523
FKIT,Y+X2_M9_r2,durum,661,0.958173
FKIT,Y+X2_M9_r2,durum,662,0.957531
FKIT,Y+X2_M9_r2,durum,663,0.964150
FKIT,Y+X2_M9_r2,durum,664,0.962698
FKIT,Y+X2_M9_r2,durum,665,0.968819
FKIT,Y+X2_M9_r2,durum,666,0.970691
FKIT,Y+X2_M9_r2,durum,667,0.969635
FKIT,Y+X2_M9_r2,durum,668,0.973359
FKIT,Y+X2_M9_r2,durum,669,0.970641
FKIT,Y+X2_M9_r2,durum,670,0.969529
FKIT,Y+X2_M9_r2,durum,671,0.969921
FKIT,Y+X2_M9_r2,durum,672,0.969907
FKIT,Y+X2_M9_r2,durum,673,0.972541
FKIT,Y+X2_M9_r2,durum,674,0.975386
FKIT,Y+X2_M9_r2,durum,675,0.975569
FKIT,Y+X2_M9_r2,durum,676,0.975170
FKIT,Y+X2_M9_r2,durum,677,0.974034
FKIT,Y+X2_M9_r2,durum,678,0.973384
FKIT,Y+X2_M9_r2,durum,679,0.973004
FKIT,Y+X2_M9_r2,durum,680,0.972610
FKIT,Y+X2_M9_r2,durum,681,0.971681
FKIT,Y+X2_M9_r2,durum,682,0.971634
FKIT,Y+X2_M9_r2,durum,683,0.970203
FKIT,Y+X2_M9_r2,durum,684,0.970212
FKIT,Y+X2_M9_r2,durum,685,0.970266
FKIT,Y+X2_M9_r2,durum,686,0.972497
FKIT,Y+X2_M9_r2,durum,687,0.972370
FKIT,Y+X2_M9_r2,durum,688,0.971771
FKIT,Y+X2_M9_r2,durum,689,0.970811
FKIT,Y+X2_M9_r2,durum,690,0.968763
FKIT,Y+X2_M9_r2,durum,691,0.969856
FKIT,Y+X2_M9_r2,durum,692,0.973637
FKIT,Y+X2_M9_r2,durum,693,0.972358
FKIT,Y+X2_M9_r2,durum,694,0.972522
FKIT,Y+X2_M9_r2,durum,695,0.968795
FKIT,Y+X2_M9_r2,durum,696,0.968887
FKIT,Y+X2_M9_r2,durum,697,0.966152
FKIT,Y+X2_M9_r2,durum,698,0.968190
FKIT,Y+X2_M9_r2,durum,699,0.967595
FKIT,Y+X2_M9_r2,durum,700,0.968354
FKIT,Y+X2_M9_r2,durum,701,0.967173
FKIT,Y+X2_M9_r2,durum,702,0.965476
FKIT,Y+X2_M9_r2,durum,703,0.965203
FKIT,Y+X2_M9_r2,durum,704,0.969556
FKIT,Y+X2_M9_r2,durum,705,0.966503
FKIT,Y+X2_M9_r2,durum,706,0.967297
FKIT,Y+X2_M9_r2,durum,707,0.970311
FKIT,Y+X2_M9_r2,durum,708,0.965935
FKIT,Y+X2_M9_r2,durum,709,0.966940
FKIT,Y+X2_M9_r2,durum,710,0.964597
FKIT,Y+X2_M9_r2,durum,711,0.963149
FKIT,Y+X2_M9_r2,durum,712,0.963925
FKIT,Y+X2_M9_r2,durum,713,0.961216
FKIT,Y+X2_M9_r2,durum,714,0.964824
FKIT,Y+X2_M9_r2,durum,715,0.962742
FKIT,Y+X2_M9_r2,durum,716,0.958366
FKIT,Y+X2_M9_r2,durum,717,0.958343
FKIT,Y+X2_M9_r2,durum,718,0.959331
FKIT,Y+X2_M9_r2,durum,719,0.955596
FKIT,Y+X2_M9_r2,durum,720,0.954213
FKIT,Y+X2_M9_r2,durum,721,0.955719
FKIT,Y+X2_M9_r2,durum,722,0.958888
FKIT,Y+X2_M9_r2,durum,723,0.950831
FKIT,Y+X2_M9_r2,durum,724,0.951724
FKIT,Y+X2_M9_r2,durum,725,0.955114
FKIT,Y+X2_M9_r2,durum,726,0.956835
FKIT,Y+X2_M9_r2,durum,727,0.950563
FKIT,Y+X2_M9_r2,durum,728,0.958057
FKIT,Y+X2_M9_r2,durum,729,0.954281
FKIT,Y+X2_M9_r2,durum,730,0.951298
FKIT,Y+X2_M9_r2,durum,731,0.954491
FKIT,Y+X2_M9_r2,durum,732,0.959124
FKIT,Y+X2_M9_r2,durum,733,0.964171
FKIT,Y+X2_M9_r2,durum,734,0.964600
FKIT,Y+X2_M9_r2,durum,735,0.968402
FKIT,Y+X2_M9_r2,durum,736,0.965975
FKIT,Y+X2_M9_r2,durum,737,0.962972
FKIT,Y+X2_M9_r2,durum,738,0.960315
FKIT,Y+X2_M9_r2,durum,739,0.953193
FKIT,Y+X2_M9_r2,durum,740,0.956107
FKIT,Y+X2_M9_r2,durum,741,0.953123
FKIT,Y+X2_M9_r2,durum,742,0.947684
FKIT,Y+X2_M9_r2,durum,743,0.941706
FKIT,Y+X2_M9_r2,durum,744,0.945647
FKIT,Y+X2_M9_r2,durum,745,0.946809
FKIT,Y+X2_M9_r2,durum,746,0.945099
FKIT,Y+X2_M9_r2,durum,747,0.941999
FKIT,Y+X2_M9_r2,durum,748,0.940901
FKIT,Y+X2_M9_r2,durum,749,0.943787
FKIT,Y+X2_M9_r2,durum,750,0.942647
FKIT,Y+X2_M9_r2,durum,751,0.942331
FKIT,Y+X2_M9_r2,durum,752,0.939565
FKIT,Y+X2_M9_r2,durum,753,0.938985
FKIT,Y+X2_M9_r2,durum,754,0.945115
FKIT,Y+X2_M9_r2,durum,755,0.950962
FKIT,Y+X2_M9_r2,durum,756,0.947948
FKIT,Y+X2_M9_r2,durum,757,0.948915
FKIT,Y+X2_M9_r2,durum,758,0.943801
FKIT,Y+X2_M9_r2,durum,759,0.949513
FKIT,Y+X2_M9_r2,durum,760,0.948306
FKIT,Y+X2_M9_r2,durum,761,0.945659
FKIT,Y+X2_M9_r2,durum,762,0.953700
FKIT,Y+X2_M9_r2,durum,763,0.951844
FKIT,Y+X2_M9_r2,durum,764,0.953185
FKIT,Y+X2_M9_r2,durum,765,0.947441
FKIT,Y+X2_M9_r2,durum,766,0.949873
FKIT,Y+X2_M9_r2,durum,767,0.948008
FKIT,Y+X2_M9_r2,durum,768,0.946363
FKIT,Y+X2_M9_r2,durum,769,0.946192
FKIT,Y+X2_M9_r2,durum,770,0.946684
FKIT,Y+X2_M9_r2,durum,771,0.945295
FKIT,Y+X2_M9_r2,durum,772,0.947730
FKIT,Y+X2_M9_r2,durum,773,0.956953
FKIT,Y+X2_M9_r2,durum,774,0.967734
FKIT,Y+X2_M9_r2,durum,775,0.964999
FKIT,Y+X2_M9_r2,durum,776,0.967019
FKIT,Y+X2_M9_r2,durum,777,0.968606
FKIT,Y+X2_M9_r2,durum,778,0.966993
FKIT,Y+X2_M9_r2,durum,779,0.965294
FKIT,Y+X2_M9_r2,durum,780,0.966043
FKIT,Y+X2_M9_r2,durum,781,0.965953
FKIT,Y+X2_M9_r2,durum,782,0.963399
FKIT,Y+X2_M9_r2,durum,783,0.967056
FKIT,Y+X2_M9_r2,durum,784,0.966604
FKIT,Y+X2_M9_r2,durum,785,0.969147
FKIT,Y+X2_M9_r2,durum,786,0.969928
FKIT,Y+X2_M9_r2,durum,787,0.969339
FKIT,Y+X2_M9_r2,durum,788,0.954115
FKIT,Y+X2_M9_r2,durum,789,0.967900
FKIT,Y+X2_M9_r2,durum,790,0.946320
FKIT,Y+X2_M9_r2,durum,791,0.965400
FKIT,Y+X2_M9_r2,durum,792,0.957252
FKIT,Y+X2_M9_r2,durum,793,0.947138
FKIT,Y+X2_M9_r2,durum,794,0.943844
FKIT,Y+X2_M9_r2,durum,795,0.945302
FKIT,Y+X2_M9_r2,durum,796,0.956348
FKIT,Y+X2_M9_r2,durum,797,0.952487
FKIT,Y+X2_M9_r2,durum,798,0.956190
FKIT,Y+X2_M9_r2,durum,799,0.949840
FKIT,Y+X2_M9_r2,durum,800,0.949780
FKIT,Y+X2_M9_r2,durum,801,0.941991
FKIT,Y+X2_M9_r2,durum,802,0.944677
FKIT,Y+X2_M9_r2,durum,803,0.948157
FKIT,Y+X2_M9_r2,durum,804,0.943682
FKIT,Y+X2_M9_r2,durum,805,0.942505
FKIT,Y+X2_M9_r2,durum,806,0.933027
FKIT,Y+X2_M9_r2,durum,807,0.940767
FKIT,Y+X2_M9_r2,durum,808,0.925106
FKIT,Y+X2_M9_r2,durum,809,0.937259
FKIT,Y+X2_M9_r2,durum,810,0.933217
FKIT,Y+X2_M9_r2,durum,811,0.936219
FKIT,Y+X2_M9_r2,durum,812,0.933346
FKIT,Y+X2_M9_r2,durum,813,0.934078
FKIT,Y+X2_M9_r2,durum,814,0.932061
FKIT,Y+X2_M9_r2,durum,815,0.939313
FKIT,Y+X2_M9_r2,durum,816,0.937921
FKIT,Y+X2_M9_r2,durum,817,0.938710
FKIT,Y+X2_M9_r2,durum,818,0.935884
FKIT,Y+X2_M9_r2,durum,819,0.936393
FKIT,Y+X2_M9_r2,durum,820,0.940485
FKIT,Y+X2_M9_r2,durum,821,0.940188
FKIT,Y+X2_M9_r2,durum,822,0.931213
FKIT,Y+X2_M9_r2,durum,823,0.942101
FKIT,Y+X2_M9_r2,durum,824,0.939385
FKIT,Y+X2_M9_r2,durum,825,0.947230
FKIT,Y+X2_M9_r2,durum,826,0.946983
FKIT,Y+X2_M9_r2,durum,827,0.949394
FKIT,Y+X2_M9_r2,durum,828,0.949044
FKIT,Y+X2_M9_r2,durum,829,0.950335
FKIT,Y+X2_M9_r2,durum,830,0.944365
FKIT,Y+X2_M9_r2,durum,831,0.949315
FKIT,Y+X2_M9_r2,durum,832,0.947010
FKIT,Y+X2_M9_r2,durum,833,0.952878
FKIT,Y+X2_M9_r2,durum,834,0.951188
FKIT,Y+X2_M9_r2,durum,835,0.949231
FKIT,Y+X2_M9_r2,durum,836,0.960347
FKIT,Y+X2_M9_r2,durum,837,0.956792
FKIT,Y+X2_M9_r2,durum,838,0.953594
FKIT,Y+X2_M9_r2,durum,839,0.964457
FKIT,Y+X2_M9_r2,durum,840,0.953862
FKIT,Y+X2_M9_r2,durum,841,0.964381
FKIT,Y+X2_M9_r2,durum,842,0.959788
FKIT,Y+X2_M9_r2,durum,843,0.957032
FKIT,Y+X2_M9_r2,durum,844,0.969010
FKIT,Y+X2_M9_r2,durum,845,0.961293
FKIT,Y+X2_M9_r2,durum,846,0.965099
FKIT,Y+X2_M9_r2,durum,847,0.960891
FKIT,Y+X2_M9_r2,durum,848,0.961173
FKIT,Y+X2_M9_r2,durum,849,0.967666
FKIT,Y+X2_M9_r2,durum,850,0.966368
FKIT,Y+X2_M9_r2,durum,851,0.964030
FKIT,Y+X2_M9_r2,durum,852,0.961435
FKIT,Y+X2_M9_r2,durum,853,0.961049
FKIT,Y+X2_M9_r2,durum,854,0.965611
FKIT,Y+X2_M9_r2,durum,855,0.966113
FKIT,Y+X2_M9_r2,durum,856,0.962418
FKIT,Y+X2_M9_r2,durum,857,0.963820
FKIT,Y+X2_M9_r2,durum,858,0.959383
FKIT,Y+X2_M9_r2,durum,859,0.962608
FKIT,Y+X2_M9_r2,durum,860,0.957546
FKIT,Y+X2_M9_r2,durum,861,0.959592
FKIT,Y+X2_M9_r2,durum,862,0.956345
FKIT,Y+X2_M9_r2,durum,863,0.961431
FKIT,Y+X2_M9_r2,durum,864,0.958117
FKIT,Y+X2_M9_r2,durum,865,0.956878
FKIT,Y+X2_M9_r2,durum,866,0.960713
FKIT,Y+X2_M9_r2,durum,867,0.955259
FKIT,Y+X2_M9_r2,durum,868,0.961576
FKIT,Y+X2_M9_r2,durum,869,0.959790
FKIT,Y+X2_M9_r2,durum,870,0.954756
FKIT,Y+X2_M9_r2,durum,871,0.964169
FKIT,Y+X2_M9_r2,durum,872,0.938422
FKIT,Y+X2_M9_r2,durum,873,0.963046
FKIT,Y+X2_M9_r2,durum,874,0.962664
FKIT,Y+X2_M9_r2,durum,875,0.962868
FKIT,Y+X2_M9_r2,durum,876,0.964834
FKIT,Y+X2_M9_r2,durum,877,0.966084
FKIT,Y+X2_M9_r2,durum,878,0.964349
FKIT,Y+X2_M9_r2,durum,879,0.954424
FKIT,Y+X2_M9_r2,durum,880,0.965450
FKIT,Y+X2_M9_r2,durum,881,0.965934
FKIT,Y+X2_M9_r2,durum,882,0.967385
FKIT,Y+X2_M9_r2,durum,883,0.967771
FKIT,Y+X2_M9_r2,durum,884,0.966869
FKIT,Y+X2_M9_r2,durum,885,0.968815
FKIT,Y+X2_M9_r2,durum,886,0.968678
FKIT,Y+X2_M9_r2,durum,887,0.968824
FKIT,Y+X2_M9_r2,durum,888,0.969378
FKIT,Y+X2_M9_r2,durum,889,0.968900
FKIT,Y+X2_M9_r2,durum,890,0.972282
FKIT,Y+X2_M9_r2,durum,891,0.973131
FKIT,Y+X2_M9_r2,durum,892,0.971124
FKIT,Y+X2_M9_r2,durum,893,0.972285
FKIT,Y+X2_M9_r2,durum,894,0.974982
FKIT,Y+X2_M9_r2,durum,895,0.973106
FKIT,Y+X2_M9_r2,durum,896,0.975700
FKIT,Y+X2_M9_r2,durum,897,0.976042
FKIT,Y+X2_M9_r2,durum,898,0.977783
FKIT,Y+X2_M9_r2,durum,899,0.974455
FKIT,Y+X2_M9_r2,durum,900,0.978793
FKIT,Y+X2_M9_r2,durum,901,0.975223
FKIT,Y+X2_M9_r2,durum,902,0.977738
FKIT,Y+X2_M9_r2,durum,903,0.978178
FKIT,Y+X2_M9_r2,durum,904,0.979145
FKIT,Y+X2_M9_r2,durum,905,0.978070
FKIT,Y+X2_M9_r2,durum,906,0.977278
FKIT,Y+X2_M9_r2,durum,907,0.972445
FKIT,Y+X2_M9_r2,durum,908,0.971177
FKIT,Y+X2_M9_r2,durum,909,0.968245
FKIT,Y+X2_M9_r2,durum,910,0.965925
FKIT,Y+X2_M9_r2,durum,911,0.970595
FKIT,Y+X2_M9_r2,durum,912,0.966312
FKIT,Y+X2_M9_r2,durum,913,0.970371
FKIT,Y+X2_M9_r2,durum,914,0.974736
FKIT,Y+X2_M9_r2,durum,915,0.971818
FKIT,Y+X2_M9_r2,durum,916,0.971262
FKIT,Y+X2_M9_r2,durum,917,0.972487
FKIT,Y+X2_M9_r2,durum,918,0.973349
FKIT,Y+X2_M9_r2,durum,919,0.972804
FKIT,Y+X2_M9_r2,durum,920,0.974925
FKIT,Y+X2_M9_r2,durum,921,0.971676
FKIT,Y+X2_M9_r2,durum,922,0.973584
FKIT,Y+X2_M9_r2,durum,923,0.975054
FKIT,Y+X2_M9_r2,durum,924,0.976543
FKIT,Y+X2_M9_r2,durum,925,0.975219
FKIT,Y+X2_M9_r2,durum,926,0.974593
FKIT,Y+X2_M9_r2,durum,927,0.975204
FKIT,Y+X2_M9_r2,durum,928,0.977233
FKIT,Y+X2_M9_r2,durum,929,0.976242
FKIT,Y+X2_M9_r2,durum,930,0.977413
FKIT,Y+X2_M9_r2,durum,931,0.975288
FKIT,Y+X2_M9_r2,durum,932,0.974517
FKIT,Y+X2_M9_r2,durum,933,0.975629
FKIT,Y+X2_M9_r2,durum,934,0.977558
FKIT,Y+X2_M9_r2,durum,935,0.976193
FKIT,Y+X2_M9_r2,durum,936,0.979815
FKIT,Y+X2_M9_r2,durum,937,0.977724
FKIT,Y+X2_M9_r2,durum,938,0.974883
FKIT,Y+X2_M9_r2,durum,939,0.970287
FKIT,Y+X2_M9_r2,durum,940,0.969691
FKIT,Y+X2_M9_r2,durum,941,0.966660
FKIT,Y+X2_M9_r2,durum,942,0.965438
FKIT,Y+X2_M9_r2,durum,943,0.965032
FKIT,Y+X2_M9_r2,durum,944,0.969698
FKIT,Y+X2_M9_r2,durum,945,0.969632
FKIT,Y+X2_M9_r2,durum,946,0.969933
FKIT,Y+X2_M9_r2,durum,947,0.968718
FKIT,Y+X2_M9_r2,durum,948,0.969272
FKIT,Y+X2_M9_r2,durum,949,0.967914
FKIT,Y+X2_M9_r2,durum,950,0.968438
FKIT,Y+X2_M9_r2,durum,951,0.969373
FKIT,Y+X2_M9_r2,durum,952,0.970347
FKIT,Y+X2_M9_r2,durum,953,0.969792
FKIT,Y+X2_M9_r2,durum,954,0.970915
FKIT,Y+X2_M9_r2,durum,955,0.969444
FKIT,Y+X2_M9_r2,durum,956,0.968350
FKIT,Y+X2_M9_r2,durum,957,0.967333
FKIT,Y+X2_M9_r2,durum,958,0.969073
FKIT,Y+X2_M9_r2,durum,959,0.972332
FKIT,Y+X2_M9_r2,durum,960,0.969933
FKIT,Y+X2_M9_r2,durum,961,0.975082
FKIT,Y+X2_M9_r2,durum,962,0.968914
FKIT,Y+X2_M9_r2,durum,963,0.974032
FKIT,Y+X2_M9_r2,durum,964,0.978767
FKIT,Y+X2_M9_r2,durum,965,0.975152
FKIT,Y+X2_M9_r2,durum,966,0.976000
FKIT,Y+X2_M9_r2,durum,967,0.970348
FKIT,Y+X2_M9_r2,durum,968,0.971163
FKIT,Y+X2_M9_r2,durum,969,0.967859
FKIT,Y+X2_M9_r2,durum,970,0.969976
FKIT,Y+X2_M9_r2,durum,971,0.967501
FKIT,Y+X2_M9_r2,durum,972,0.958889
FKIT,Y+X2_M9_r2,durum,973,0.962282
FKIT,Y+X2_M9_r2,durum,974,0.963194
FKIT,Y+X2_M9_r2,durum,975,0.905876
FKIT,Y+X2_M9_r2,durum,976,0.571371
FKIT,Y+X2_M9_r2,durum,977,0.948055
FKIT,Y+X2_M9_r2,durum,978,0.938297
FKIT,Y+X2_M9_r2,durum,979,0.894367
FKIT,Y+X2_M9_r2,durum,980,0.920778
FKIT,Y+X2_M9_r2,durum,981,0.956361
FKIT,Y+X2_M9_r2,durum,982,0.957241
FKIT,Y+X2_M9_r2,durum,983,0.958031
FKIT,Y+X2_M9_r2,durum,984,0.959267
FKIT,Y+X2_M9_r2,durum,985,0.958126
FKIT,Y+X2_M9_r2,durum,986,0.957488
FKIT,Y+X2_M9_r2,durum,987,0.961630
FKIT,Y+X2_M9_r2,durum,988,0.962320
FKIT,Y+X2_M9_r2,durum,989,0.963452
FKIT,Y+X2_M9_r2,durum,990,0.961234
FKIT,Y+X2_M9_r2,durum,991,0.960760
FKIT,Y+X2_M9_r2,durum,992,0.961484
FKIT,Y+X2_M9_r2,durum,993,0.962268
FKIT,Y+X2_M9_r2,durum,994,0.964572
FKIT,Y+X2_M9_r2,durum,995,0.959592
FKIT,Y+X2_M9_r2,durum,996,0.962236
FKIT,Y+X2_M9_r2,durum,997,0.968526
FKIT,Y+X2_M9_r2,durum,998,0.966997
FKIT,Y+X2_M9_r2,durum,999,0.968177
FKIT,Y+X2_M9_r2,durum,1000,0.967289
FKIT,Y+X2_M9_r2,durum,1001,0.968383
FKIT,Y+X2_M9_r2,durum,1002,0.969995
FKIT,Y+X2_M9_r2,durum,1003,0.967413
FKIT,Y+X2_M9_r2,durum,1004,0.964500
FKIT,Y+X2_M9_r2,durum,1005,0.968741
FKIT,Y+X2_M9_r2,empanadilla,0,0.932560
FKIT,Y+X2_M9_r2,empanadilla,1,0.926519
FKIT,Y+X2_M9_r2,empanadilla,2,0.928405
FKIT,Y+X2_M9_r2,empanadilla,3,0.925352
FKIT,Y+X2_M9_r2,empanadilla,4,0.927167
FKIT,Y+X2_M9_r2,empanadilla,5,0.931988
FKIT,Y+X2_M9_r2,empanadilla,6,0.934550
FKIT,Y+X2_M9_r2,empanadilla,7,0.933189
FKIT,Y+X2_M9_r2,empanadilla,8,0.934801
FKIT,Y+X2_M9_r2,empanadilla,9,0.935558
FKIT,Y+X2_M9_r2,empanadilla,10,0.928526
FKIT,Y+X2_M9_r2,empanadilla,11,0.931573
FKIT,Y+X2_M9_r2,empanadilla,12,0.926812
FKIT,Y+X2_M9_r2,empanadilla,13,0.936675
FKIT,Y+X2_M9_r2,empanadilla,14,0.948595
FKIT,Y+X2_M9_r2,empanadilla,15,0.949934
FKIT,Y+X2_M9_r2,empanadilla,16,0.949682
FKIT,Y+X2_M9_r2,empanadilla,17,0.942559
FKIT,Y+X2_M9_r2,empanadilla,18,0.941435
FKIT,Y+X2_M9_r2,empanadilla,19,0.944949
FKIT,Y+X2_M9_r2,empanadilla,20,0.942242
FKIT,Y+X2_M9_r2,empanadilla,21,0.948052
FKIT,Y+X2_M9_r2,empanadilla,22,0.945876
FKIT,Y+X2_M9_r2,empanadilla,23,0.945412
FKIT,Y+X2_M9_r2,empanadilla,24,0.949127
FKIT,Y+X2_M9_r2,empanadilla,25,0.946172
FKIT,Y+X2_M9_r2,empanadilla,26,0.948129
FKIT,Y+X2_M9_r2,empanadilla,27,0.945475
FKIT,Y+X2_M9_r2,empanadilla,28,0.942651
FKIT,Y+X2_M9_r2,empanadilla,29,0.947728
FKIT,Y+X2_M9_r2,empanadilla,30,0.948263
FKIT,Y+X2_M9_r2,empanadilla,31,0.946583
FKIT,Y+X2_M9_r2,empanadilla,32,0.950269
FKIT,Y+X2_M9_r2,empanadilla,33,0.950444
FKIT,Y+X2_M9_r2,empanadilla,34,0.945647
FKIT,Y+X2_M9_r2,empanadilla,35,0.945995
FKIT,Y+X2_M9_r2,empanadilla,36,0.952034
FKIT,Y+X2_M9_r2,empanadilla,37,0.949276
FKIT,Y+X2_M9_r2,empanadilla,38,0.949424
FKIT,Y+X2_M9_r2,empanadilla,39,0.947417
FKIT,Y+X2_M9_r2,empanadilla,40,0.944439
FKIT,Y+X2_M9_r2,empanadilla,41,0.947016
FKIT,Y+X2_M9_r2,empanadilla,42,0.944581
FKIT,Y+X2_M9_r2,empanadilla,43,0.946471
FKIT,Y+X2_M9_r2,empanadilla,44,0.949867
FKIT,Y+X2_M9_r2,empanadilla,45,0.943571
FKIT,Y+X2_M9_r2,empanadilla,46,0.942336
FKIT,Y+X2_M9_r2,empanadilla,47,0.945863
FKIT,Y+X2_M9_r2,empanadilla,48,0.948771
FKIT,Y+X2_M9_r2,empanadilla,49,0.945582
FKIT,Y+X2_M9_r2,empanadilla,50,0.942217
FKIT,Y+X2_M9_r2,empanadilla,51,0.946544
FKIT,Y+X2_M9_r2,empanadilla,52,0.949652
FKIT,Y+X2_M9_r2,empanadilla,53,0.942534
FKIT,Y+X2_M9_r2,empanadilla,54,0.946697
FKIT,Y+X2_M9_r2,empanadilla,55,0.946018
FKIT,Y+X2_M9_r2,empanadilla,56,0.925860
FKIT,Y+X2_M9_r2,empanadilla,57,0.945533
FKIT,Y+X2_M9_r2,empanadilla,58,0.942250
FKIT,Y+X2_M9_r2,empanadilla,59,0.943036
FKIT,Y+X2_M9_r2,empanadilla,60,0.946332
FKIT,Y+X2_M9_r2,empanadilla,61,0.946677
FKIT,Y+X2_M9_r2,empanadilla,62,0.945765
FKIT,Y+X2_M9_r2,empanadilla,63,0.946113
FKIT,Y+X2_M9_r2,empanadilla,64,0.946442
FKIT,Y+X2_M9_r2,empanadilla,65,0.944119
FKIT,Y+X2_M9_r2,empanadilla,66,0.944536
FKIT,Y+X2_M9_r2,empanadilla,67,0.947714
FKIT,Y+X2_M9_r2,empanadilla,68,0.949075
FKIT,Y+X2_M9_r2,empanadilla,69,0.947632
FKIT,Y+X2_M9_r2,empanadilla,70,0.947312
FKIT,Y+X2_M9_r2,empanadilla,71,0.947950
FKIT,Y+X2_M9_r2,empanadilla,72,0.946971
FKIT,Y+X2_M9_r2,empanadilla,73,0.945851
FKIT,Y+X2_M9_r2,empanadilla,74,0.949977
FKIT,Y+X2_M9_r2,empanadilla,75,0.948739
FKIT,Y+X2_M9_r2,empanadilla,76,0.951592
FKIT,Y+X2_M9_r2,empanadilla,77,0.952346
FKIT,Y+X2_M9_r2,empanadilla,78,0.947450
FKIT,Y+X2_M9_r2,empanadilla,79,0.944759
FKIT,Y+X2_M9_r2,empanadilla,80,0.944307
FKIT,Y+X2_M9_r2,empanadilla,81,0.945592
FKIT,Y+X2_M9_r2,empanadilla,82,0.939887
FKIT,Y+X2_M9_r2,empanadilla,83,0.948881
FKIT,Y+X2_M9_r2,empanadilla,84,0.944278
FKIT,Y+X2_M9_r2,empanadilla,85,0.947607
FKIT,Y+X2_M9_r2,empanadilla,86,0.911436
FKIT,Y+X2_M9_r2,empanadilla,87,0.944706
FKIT,Y+X2_M9_r2,empanadilla,88,0.951339
FKIT,Y+X2_M9_r2,empanadilla,89,0.954034
FKIT,Y+X2_M9_r2,empanadilla,90,0.950734
FKIT,Y+X2_M9_r2,empanadilla,91,0.950851
FKIT,Y+X2_M9_r2,empanadilla,92,0.947455
FKIT,Y+X2_M9_r2,empanadilla,93,0.949708
FKIT,Y+X2_M9_r2,empanadilla,94,0.950167
FKIT,Y+X2_M9_r2,empanadilla,95,0.950361
FKIT,Y+X2_M9_r2,empanadilla,96,0.950060
FKIT,Y+X2_M9_r2,empanadilla,97,0.958143
FKIT,Y+X2_M9_r2,empanadilla,98,0.958667
FKIT,Y+X2_M9_r2,empanadilla,99,0.959392
FKIT,Y+X2_M9_r2,empanadilla,100,0.962066
FKIT,Y+X2_M9_r2,empanadilla,101,0.955083
FKIT,Y+X2_M9_r2,empanadilla,102,0.953138
FKIT,Y+X2_M9_r2,empanadilla,103,0.953251
FKIT,Y+X2_M9_r2,empanadilla,104,0.952699
FKIT,Y+X2_M9_r2,empanadilla,105,0.955817
FKIT,Y+X2_M9_r2,empanadilla,106,0.955612
FKIT,Y+X2_M9_r2,empanadilla,107,0.957829
FKIT,Y+X2_M9_r2,empanadilla,108,0.960828
FKIT,Y+X2_M9_r2,empanadilla,109,0.959789
FKIT,Y+X2_M9_r2,empanadilla,110,0.954841
FKIT,Y+X2_M9_r2,empanadilla,111,0.954906
FKIT,Y+X2_M9_r2,empanadilla,112,0.958704
FKIT,Y+X2_M9_r2,empanadilla,113,0.952268
FKIT,Y+X2_M9_r2,empanadilla,114,0.951383
FKIT,Y+X2_M9_r2,empanadilla,115,0.951773
FKIT,Y+X2_M9_r2,empanadilla,116,0.950389
FKIT,Y+X2_M9_r2,empanadilla,117,0.951489
FKIT,Y+X2_M9_r2,empanadilla,118,0.954556
FKIT,Y+X2_M9_r2,empanadilla,119,0.948099
FKIT,Y+X2_M9_r2,empanadilla,120,0.948818
FKIT,Y+X2_M9_r2,empanadilla,121,0.946371
FKIT,Y+X2_M9_r2,empanadilla,122,0.955383
FKIT,Y+X2_M9_r2,empanadilla,123,0.950322
FKIT,Y+X2_M9_r2,empanadilla,124,0.948595
FKIT,Y+X2_M9_r2,empanadilla,125,0.945596
FKIT,Y+X2_M9_r2,empanadilla,126,0.944683
FKIT,Y+X2_M9_r2,empanadilla,127,0.942864
FKIT,Y+X2_M9_r2,empanadilla,128,0.944279
FKIT,Y+X2_M9_r2,empanadilla,129,0.944753
FKIT,Y+X2_M9_r2,empanadilla,130,0.944639
FKIT,Y+X2_M9_r2,empanadilla,131,0.943033
FKIT,Y+X2_M9_r2,empanadilla,132,0.940999
FKIT,Y+X2_M9_r2,empanadilla,133,0.945675
FKIT,Y+X2_M9_r2,empanadilla,134,0.940163
FKIT,Y+X2_M9_r2,empanadilla,135,0.937703
FKIT,Y+X2_M9_r2,empanadilla,136,0.933855
FKIT,Y+X2_M9_r2,empanadilla,137,0.943831
FKIT,Y+X2_M9_r2,empanadilla,138,0.939799
FKIT,Y+X2_M9_r2,empanadilla,139,0.930387
FKIT,Y+X2_M9_r2,empanadilla,140,0.934402
FKIT,Y+X2_M9_r2,empanadilla,141,0.930799
FKIT,Y+X2_M9_r2,empanadilla,142,0.933614
FKIT,Y+X2_M9_r2,empanadilla,143,0.934048
FKIT,Y+X2_M9_r2,empanadilla,144,0.940441
FKIT,Y+X2_M9_r2,empanadilla,145,0.942114
FKIT,Y+X2_M9_r2,empanadilla,146,0.939127
FKIT,Y+X2_M9_r2,empanadilla,147,0.898136
FKIT,Y+X2_M9_r2,empanadilla,148,0.916757
FKIT,Y+X2_M9_r2,empanadilla,149,0.837448
FKIT,Y+X2_M9_r2,empanadilla,150,0.769660
FKIT,Y+X2_M9_r2,empanadilla,151,0.731288
FKIT,Y+X2_M9_r2,empanadilla,152,0.676789
FKIT,Y+X2_M9_r2,empanadilla,153,0.646739
FKIT,Y+X2_M9_r2,empanadilla,154,0.606798
FKIT,Y+X2_M9_r2,empanadilla,155,0.591701
FKIT,Y+X2_M9_r2,empanadilla,156,0.578793
FKIT,Y+X2_M9_r2,empanadilla,157,0.556999
FKIT,Y+X2_M9_r2,empanadilla,158,0.543997
FKIT,Y+X2_M9_r2,empanadilla,159,0.535038
FKIT,Y+X2_M9_r2,empanadilla,160,0.516221
FKIT,Y+X2_M9_r2,empanadilla,161,0.509040
FKIT,Y+X2_M9_r2,empanadilla,162,0.499479
FKIT,Y+X2_M9_r2,empanadilla,163,0.498513
FKIT,Y+X2_M9_r2,empanadilla,164,0.496963
FKIT,Y+X2_M9_r2,empanadilla,165,0.498887
FKIT,Y+X2_M9_r2,empanadilla,166,0.503993
FKIT,Y+X2_M9_r2,empanadilla,167,0.503679
FKIT,Y+X2_M9_r2,empanadilla,168,0.509451
FKIT,Y+X2_M9_r2,empanadilla,169,0.510568
FKIT,Y+X2_M9_r2,empanadilla,170,0.510385
FKIT,Y+X2_M9_r2,empanadilla,171,0.512397
FKIT,Y+X2_M9_r2,empanadilla,172,0.517373
FKIT,Y+X2_M9_r2,empanadilla,173,0.517403
FKIT,Y+X2_M9_r2,empanadilla,174,0.521910
FKIT,Y+X2_M9_r2,empanadilla,175,0.520569
FKIT,Y+X2_M9_r2,empanadilla,176,0.525129
FKIT,Y+X2_M9_r2,empanadilla,177,0.531555
FKIT,Y+X2_M9_r2,empanadilla,178,0.535595
FKIT,Y+X2_M9_r2,empanadilla,179,0.537025
FKIT,Y+X2_M9_r2,empanadilla,180,0.542509
FKIT,Y+X2_M9_r2,empanadilla,181,0.542908
FKIT,Y+X2_M9_r2,empanadilla,182,0.550831
FKIT,Y+X2_M9_r2,empanadilla,183,0.554837
FKIT,Y+X2_M9_r2,empanadilla,184,0.562553
FKIT,Y+X2_M9_r2,empanadilla,185,0.559155
FKIT,Y+X2_M9_r2,empanadilla,186,0.566841
FKIT,Y+X2_M9_r2,empanadilla,187,0.569451
FKIT,Y+X2_M9_r2,empanadilla,188,0.570680
FKIT,Y+X2_M9_r2,empanadilla,189,0.574258
FKIT,Y+X2_M9_r2,empanadilla,190,0.583302
FKIT,Y+X2_M9_r2,empanadilla,191,0.577065
FKIT,Y+X2_M9_r2,empanadilla,192,0.581073
FKIT,Y+X2_M9_r2,empanadilla,193,0.593601
FKIT,Y+X2_M9_r2,empanadilla,194,0.594575
FKIT,Y+X2_M9_r2,empanadilla,195,0.596075
FKIT,Y+X2_M9_r2,empanadilla,196,0.596532
FKIT,Y+X2_M9_r2,empanadilla,197,0.601306
FKIT,Y+X2_M9_r2,empanadilla,198,0.603240
FKIT,Y+X2_M9_r2,empanadilla,199,0.603267
FKIT,Y+X2_M9_r2,empanadilla,200,0.601777
FKIT,Y+X2_M9_r2,empanadilla,201,0.602233
FKIT,Y+X2_M9_r2,empanadilla,202,0.602968
FKIT,Y+X2_M9_r2,empanadilla,203,0.603743
FKIT,Y+X2_M9_r2,empanadilla,204,0.602689
FKIT,Y+X2_M9_r2,empanadilla,205,0.596500
FKIT,Y+X2_M9_r2,empanadilla,206,0.596526
FKIT,Y+X2_M9_r2,empanadilla,207,0.574669
FKIT,Y+X2_M9_r2,empanadilla,208,0.594024
FKIT,Y+X2_M9_r2,empanadilla,209,0.598178
FKIT,Y+X2_M9_r2,empanadilla,210,0.592007
FKIT,Y+X2_M9_r2,empanadilla,211,0.598739
FKIT,Y+X2_M9_r2,empanadilla,212,0.599640
FKIT,Y+X2_M9_r2,empanadilla,213,0.598987
FKIT,Y+X2_M9_r2,empanadilla,214,0.601640
FKIT,Y+X2_M9_r2,empanadilla,215,0.597676
FKIT,Y+X2_M9_r2,empanadilla,216,0.597576
FKIT,Y+X2_M9_r2,empanadilla,217,0.604416
FKIT,Y+X2_M9_r2,empanadilla,218,0.598908
FKIT,Y+X2_M9_r2,empanadilla,219,0.598396
FKIT,Y+X2_M9_r2,empanadilla,220,0.595435
FKIT,Y+X2_M9_r2,empanadilla,221,0.589354
FKIT,Y+X2_M9_r2,empanadilla,222,0.580525
FKIT,Y+X2_M9_r2,empanadilla,223,0.579779
FKIT,Y+X2_M9_r2,empanadilla,224,0.581100
FKIT,Y+X2_M9_r2,empanadilla,225,0.580460
FKIT,Y+X2_M9_r2,empanadilla,226,0.581639
FKIT,Y+X2_M9_r2,empanadilla,227,0.574933
FKIT,Y+X2_M9_r2,empanadilla,228,0.584451
FKIT,Y+X2_M9_r2,empanadilla,229,0.588232
FKIT,Y+X2_M9_r2,empanadilla,230,0.592784
FKIT,Y+X2_M9_r2,empanadilla,231,0.612558
FKIT,Y+X2_M9_r2,empanadilla,232,0.623470
FKIT,Y+X2_M9_r2,empanadilla,233,0.637028
FKIT,Y+X2_M9_r2,empanadilla,234,0.649814
FKIT,Y+X2_M9_r2,empanadilla,235,0.667151
FKIT,Y+X2_M9_r2,empanadilla,236,0.691632
FKIT,Y+X2_M9_r2,empanadilla,237,0.703008
FKIT,Y+X2_M9_r2,empanadilla,238,0.728108
FKIT,Y+X2_M9_r2,empanadilla,239,0.746229
FKIT,Y+X2_M9_r2,empanadilla,240,0.771817
FKIT,Y+X2_M9_r2,empanadilla,241,0.795447
FKIT,Y+X2_M9_r2,empanadilla,242,0.812082
FKIT,Y+X2_M9_r2,empanadilla,243,0.845260
FKIT,Y+X2_M9_r2,empanadilla,244,0.874869
FKIT,Y+X2_M9_r2,empanadilla,245,0.905082
FKIT,Y+X2_M9_r2,empanadilla,246,0.924904
FKIT,Y+X2_M9_r2,empanadilla,247,0.926531
FKIT,Y+X2_M9_r2,empanadilla,248,0.930762
FKIT,Y+X2_M9_r2,empanadilla,249,0.928730
FKIT,Y+X2_M9_r2,empanadilla,250,0.928916
FKIT,Y+X2_M9_r2,empanadilla,251,0.926495
FKIT,Y+X2_M9_r2,empanadilla,252,0.925588
FKIT,Y+X2_M9_r2,empanadilla,253,0.921459
FKIT,Y+X2_M9_r2,empanadilla,254,0.932396
FKIT,Y+X2_M9_r2,empanadilla,255,0.933593
FKIT,Y+X2_M9_r2,empanadilla,256,0.935915
FKIT,Y+X2_M9_r2,empanadilla,257,0.937777
FKIT,Y+X2_M9_r2,empanadilla,258,0.922988
FKIT,Y+X2_M9_r2,empanadilla,259,0.930570
FKIT,Y+X2_M9_r2,empanadilla,260,0.930521
FKIT,Y+X2_M9_r2,empanadilla,261,0.934446
FKIT,Y+X2_M9_r2,empanadilla,262,0.931791
FKIT,Y+X2_M9_r2,empanadilla,263,0.933235
FKIT,Y+X2_M9_r2,empanadilla,264,0.935679
FKIT,Y+X2_M9_r2,empanadilla,265,0.934654
FKIT,Y+X2_M9_r2,empanadilla,266,0.933991
FKIT,Y+X2_M9_r2,empanadilla,267,0.938243
FKIT,Y+X2_M9_r2,empanadilla,268,0.932850
FKIT,Y+X2_M9_r2,empanadilla,269,0.937294
FKIT,Y+X2_M9_r2,empanadilla,270,0.934484
FKIT,Y+X2_M9_r2,empanadilla,271,0.937184
FKIT,Y+X2_M9_r2,empanadilla,272,0.932382
FKIT,Y+X2_M9_r2,empanadilla,273,0.938557
FKIT,Y+X2_M9_r2,empanadilla,274,0.941737
FKIT,Y+X2_M9_r2,empanadilla,275,0.942611
FKIT,Y+X2_M9_r2,empanadilla,276,0.943796
FKIT,Y+X2_M9_r2,empanadilla,277,0.944260
FKIT,Y+X2_M9_r2,empanadilla,278,0.944748
FKIT,Y+X2_M9_r2,empanadilla,279,0.945591
FKIT,Y+X2_M9_r2,empanadilla,280,0.948337
FKIT,Y+X2_M9_r2,empanadilla,281,0.952929
FKIT,Y+X2_M9_r2,empanadilla,282,0.948004
FKIT,Y+X2_M9_r2,empanadilla,283,0.949204
FKIT,Y+X2_M9_r2,empanadilla,284,0.953209
FKIT,Y+X2_M9_r2,empanadilla,285,0.957558
FKIT,Y+X2_M9_r2,empanadilla,286,0.959633
FKIT,Y+X2_M9_r2,empanadilla,287,0.956106
FKIT,Y+X2_M9_r2,empanadilla,288,0.958468
FKIT,Y+X2_M9_r2,empanadilla,289,0.959649
FKIT,Y+X2_M9_r2,empanadilla,290,0.959601
FKIT,Y+X2_M9_r2,empanadilla,291,0.963580
FKIT,Y+X2_M9_r2,empanadilla,292,0.961606
FKIT,Y+X2_M9_r2,empanadilla,293,0.964874
FKIT,Y+X2_M9_r2,empanadilla,294,0.966028
FKIT,Y+X2_M9_r2,empanadilla,295,0.964479
FKIT,Y+X2_M9_r2,empanadilla,296,0.965244
FKIT,Y+X2_M9_r2,empanadilla,297,0.965293
FKIT,Y+X2_M9_r2,empanadilla,298,0.937821
FKIT,Y+X2_M9_r2,empanadilla,299,0.965178
FKIT,Y+X2_M9_r2,empanadilla,300,0.965330
FKIT,Y+X2_M9_r2,empanadilla,301,0.965812
FKIT,Y+X2_M9_r2,empanadilla,302,0.965070
FKIT,Y+X2_M9_r2,empanadilla,303,0.966753
FKIT,Y+X2_M9_r2,empanadilla,304,0.962844
FKIT,Y+X2_M9_r2,empanadilla,305,0.963423
FKIT,Y+X2_M9_r2,empanadilla,306,0.964660
FKIT,Y+X2_M9_r2,empanadilla,307,0.959584
FKIT,Y+X2_M9_r2,empanadilla,308,0.962822
FKIT,Y+X2_M9_r2,empanadilla,309,0.966893
FKIT,Y+X2_M9_r2,empanadilla,310,0.966382
FKIT,Y+X2_M9_r2,empanadilla,311,0.966711
FKIT,Y+X2_M9_r2,empanadilla,312,0.966059
FKIT,Y+X2_M9_r2,empanadilla,313,0.968248
FKIT,Y+X2_M9_r2,empanadilla,314,0.961314
FKIT,Y+X2_M9_r2,empanadilla,315,0.962539
FKIT,Y+X2_M9_r2,empanadilla,316,0.968456
FKIT,Y+X2_M9_r2,empanadilla,317,0.967557
FKIT,Y+X2_M9_r2,empanadilla,318,0.964486
FKIT,Y+X2_M9_r2,empanadilla,319,0.967958
FKIT,Y+X2_M9_r2,empanadilla,320,0.968422
FKIT,Y+X2_M9_r2,empanadilla,321,0.970044
FKIT,Y+X2_M9_r2,empanadilla,322,0.968291
FKIT,Y+X2_M9_r2,empanadilla,323,0.969110
FKIT,Y+X2_M9_r2,empanadilla,324,0.968008
FKIT,Y+X2_M9_r2,empanadilla,325,0.966686
FKIT,Y+X2_M9_r2,empanadilla,326,0.966030
FKIT,Y+X2_M9_r2,empanadilla,327,0.965276
FKIT,Y+X2_M9_r2,empanadilla,328,0.964695
FKIT,Y+X2_M9_r2,empanadilla,329,0.963654
FKIT,Y+X2_M9_r2,empanadilla,330,0.965346
FKIT,Y+X2_M9_r2,empanadilla,331,0.968191
FKIT,Y+X2_M9_r2,empanadilla,332,0.966820
FKIT,Y+X2_M9_r2,empanadilla,333,0.967022
FKIT,Y+X2_M9_r2,empanadilla,334,0.965256
FKIT,Y+X2_M9_r2,empanadilla,335,0.967115
FKIT,Y+X2_M9_r2,empanadilla,336,0.967802
FKIT,Y+X2_M9_r2,empanadilla,337,0.970421
FKIT,Y+X2_M9_r2,empanadilla,338,0.966780
FKIT,Y+X2_M9_r2,empanadilla,339,0.969853
FKIT,Y+X2_M9_r2,empanadilla,340,0.968778
FKIT,Y+X2_M9_r2,empanadilla,341,0.966694
FKIT,Y+X2_M9_r2,empanadilla,342,0.965577
FKIT,Y+X2_M9_r2,empanadilla,343,0.969774
FKIT,Y+X2_M9_r2,empanadilla,344,0.968778
FKIT,Y+X2_M9_r2,empanadilla,345,0.968468
FKIT,Y+X2_M9_r2,empanadilla,346,0.971235
FKIT,Y+X2_M9_r2,empanadilla,347,0.968316
FKIT,Y+X2_M9_r2,empanadilla,348,0.969308
FKIT,Y+X2_M9_r2,empanadilla,349,0.970896
FKIT,Y+X2_M9_r2,empanadilla,350,0.973905
FKIT,Y+X2_M9_r2,empanadilla,351,0.968942
FKIT,Y+X2_M9_r2,empanadilla,352,0.966498
FKIT,Y+X2_M9_r2,empanadilla,353,0.970144
FKIT,Y+X2_M9_r2,empanadilla,354,0.970431
FKIT,Y+X2_M9_r2,empanadilla,355,0.971250
FKIT,Y+X2_M9_r2,empanadilla,356,0.962138
FKIT,Y+X2_M9_r2,empanadilla,357,0.964848
FKIT,Y+X2_M9_r2,empanadilla,358,0.959776
FKIT,Y+X2_M9_r2,empanadilla,359,0.962302
FKIT,Y+X2_M9_r2,empanadilla,360,0.963033
FKIT,Y+X2_M9_r2,empanadilla,361,0.962809
FKIT,Y+X2_M9_r2,empanadilla,362,0.960446
FKIT,Y+X2_M9_r2,empanadilla,363,0.961155
FKIT,Y+X2_M9_r2,empanadilla,364,0.959382
FKIT,Y+X2_M9_r2,empanadilla,365,0.959741
FKIT,Y+X2_M9_r2,empanadilla,366,0.956747
FKIT,Y+X2_M9_r2,empanadilla,367,0.954632
FKIT,Y+X2_M9_r2,empanadilla,368,0.958780
FKIT,Y+X2_M9_r2,empanadilla,369,0.960280
FKIT,Y+X2_M9_r2,empanadilla,370,0.957466
FKIT,Y+X2_M9_r2,empanadilla,371,0.958198
FKIT,Y+X2_M9_r2,empanadilla,372,0.954474
FKIT,Y+X2_M9_r2,empanadilla,373,0.954339
FKIT,Y+X2_M9_r2,empanadilla,374,0.953521
FKIT,Y+X2_M9_r2,empanadilla,375,0.958799
FKIT,Y+X2_M9_r2,empanadilla,376,0.953464
FKIT,Y+X2_M9_r2,empanadilla,377,0.956174
FKIT,Y+X2_M9_r2,empanadilla,378,0.954278
FKIT,Y+X2_M9_r2,empanadilla,379,0.954473
FKIT,Y+X2_M9_r2,empanadilla,380,0.954834
FKIT,Y+X2_M9_r2,empanadilla,381,0.953089
FKIT,Y+X2_M9_r2,empanadilla,382,0.954287
FKIT,Y+X2_M9_r2,empanadilla,383,0.955201
FKIT,Y+X2_M9_r2,empanadilla,384,0.952493
FKIT,Y+X2_M9_r2,empanadilla,385,0.948927
FKIT,Y+X2_M9_r2,empanadilla,386,0.950223
FKIT,Y+X2_M9_r2,empanadilla,387,0.948940
FKIT,Y+X2_M9_r2,empanadilla,388,0.949037
FKIT,Y+X2_M9_r2,empanadilla,389,0.952679
FKIT,Y+X2_M9_r2,empanadilla,390,0.953892
FKIT,Y+X2_M9_r2,empanadilla,391,0.951639
FKIT,Y+X2_M9_r2,empanadilla,392,0.945890
FKIT,Y+X2_M9_r2,empanadilla,393,0.945907
FKIT,Y+X2_M9_r2,empanadilla,394,0.938861
FKIT,Y+X2_M9_r2,empanadilla,395,0.945358
FKIT,Y+X2_M9_r2,empanadilla,396,0.950290
FKIT,Y+X2_M9_r2,empanadilla,397,0.951504
FKIT,Y+X2_M9_r2,empanadilla,398,0.953910
FKIT,Y+X2_M9_r2,empanadilla,399,0.953842
FKIT,Y+X2_M9_r2,empanadilla,400,0.952870
FKIT,Y+X2_M9_r2,empanadilla,401,0.944958
FKIT,Y+X2_M9_r2,empanadilla,402,0.953249
FKIT,Y+X2_M9_r2,empanadilla,403,0.942301
FKIT,Y+X2_M9_r2,empanadilla,404,0.953939
FKIT,Y+X2_M9_r2,empanadilla,405,0.942367
FKIT,Y+X2_M9_r2,empanadilla,406,0.946918
FKIT,Y+X2_M9_r2,empanadilla,407,0.951478
FKIT,Y+X2_M9_r2,empanadilla,408,0.951956
FKIT,Y+X2_M9_r2,empanadilla,409,0.954687
FKIT,Y+X2_M9_r2,empanadilla,410,0.949750
FKIT,Y+X2_M9_r2,empanadilla,411,0.951413
FKIT,Y+X2_M9_r2,empanadilla,412,0.944612
FKIT,Y+X2_M9_r2,empanadilla,413,0.947754
FKIT,Y+X2_M9_r2,empanadilla,414,0.940928
FKIT,Y+X2_M9_r2,empanadilla,415,0.923353
FKIT,Y+X2_M9_r2,empanadilla,416,0.950719
FKIT,Y+X2_M9_r2,empanadilla,417,0.928303
FKIT,Y+X2_M9_r2,empanadilla,418,0.944948
FKIT,Y+X2_M9_r2,empanadilla,419,0.951406
FKIT,Y+X2_M9_r2,empanadilla,420,0.953454
FKIT,Y+X2_M9_r2,empanadilla,421,0.941502
FKIT,Y+X2_M9_r2,empanadilla,422,0.937725
FKIT,Y+X2_M9_r2,empanadilla,423,0.933673
FKIT,Y+X2_M9_r2,empanadilla,424,0.930673
FKIT,Y+X2_M9_r2,empanadilla,425,0.949604
FKIT,Y+X2_M9_r2,empanadilla,426,0.944615
FKIT,Y+X2_M9_r2,empanadilla,427,0.953187
FKIT,Y+X2_M9_r2,empanadilla,428,0.951903
FKIT,Y+X2_M9_r2,empanadilla,429,0.960814
FKIT,Y+X2_M9_r2,empanadilla,430,0.956937
FKIT,Y+X2_M9_r2,empanadilla,431,0.960251
FKIT,Y+X2_M9_r2,empanadilla,432,0.948890
FKIT,Y+X2_M9_r2,empanadilla,433,0.882940
FKIT,Y+X2_M9_r2,empanadilla,434,0.681953
FKIT,Y+X2_M9_r2,empanadilla,435,0.758686
FKIT,Y+X2_M9_r2,empanadilla,436,0.747779
FKIT,Y+X2_M9_r2,empanadilla,437,0.197352
FKIT,Y+X2_M9_r2,empanadilla,438,0.849846
FKIT,Y+X2_M9_r2,empanadilla,439,0.892212
FKIT,Y+X2_M9_r2,empanadilla,440,0.957314
FKIT,Y+X2_M9_r2,empanadilla,441,0.823381
FKIT,Y+X2_M9_r2,empanadilla,442,0.829028
FKIT,Y+X2_M9_r2,empanadilla,443,0.805147
FKIT,Y+X2_M9_r2,empanadilla,444,0.817708
FKIT,Y+X2_M9_r2,empanadilla,445,0.829692
FKIT,Y+X2_M9_r2,empanadilla,446,0.804147
FKIT,Y+X2_M9_r2,empanadilla,447,0.779056
FKIT,Y+X2_M9_r2,empanadilla,448,0.828155
FKIT,Y+X2_M9_r2,empanadilla,449,0.847019
FKIT,Y+X2_M9_r2,empanadilla,450,0.796246
FKIT,Y+X2_M9_r2,empanadilla,451,0.786941
FKIT,Y+X2_M9_r2,empanadilla,452,0.831925
FKIT,Y+X2_M9_r2,empanadilla,453,0.821893
FKIT,Y+X2_M9_r2,empanadilla,454,0.831222
FKIT,Y+X2_M9_r2,empanadilla,455,0.837133
FKIT,Y+X2_M9_r2,empanadilla,456,0.846338
FKIT,Y+X2_M9_r2,empanadilla,457,0.870541
FKIT,Y+X2_M9_r2,empanadilla,458,0.866875
FKIT,Y+X2_M9_r2,empanadilla,459,0.838768
FKIT,Y+X2_M9_r2,empanadilla,460,0.908093
FKIT,Y+X2_M9_r2,empanadilla,461,0.945098
FKIT,Y+X2_M9_r2,empanadilla,462,0.953581
FKIT,Y+X2_M9_r2,empanadilla,463,0.961945
FKIT,Y+X2_M9_r2,empanadilla,464,0.934392
FKIT,Y+X2_M9_r2,empanadilla,465,0.923225
FKIT,Y+X2_M9_r2,empanadilla,466,0.919228
FKIT,Y+X2_M9_r2,empanadilla,467,0.873362
FKIT,Y+X2_M9_r2,empanadilla,468,0.901292
FKIT,Y+X2_M9_r2,empanadilla,469,0.861782
FKIT,Y+X2_M9_r2,empanadilla,470,0.833631
FKIT,Y+X2_M9_r2,empanadilla,471,0.812937
FKIT,Y+X2_M9_r2,empanadilla,472,0.777035
FKIT,Y+X2_M9_r2,empanadilla,473,0.797980
FKIT,Y+X2_M9_r2,empanadilla,474,0.750984
FKIT,Y+X2_M9_r2,empanadilla,475,0.764449
FKIT,Y+X2_M9_r2,empanadilla,476,0.748709
FKIT,Y+X2_M9_r2,empanadilla,477,0.709714
FKIT,Y+X2_M9_r2,empanadilla,478,0.693296
FKIT,Y+X2_M9_r2,empanadilla,479,0.657118
FKIT,Y+X2_M9_r2,empanadilla,480,0.725340
FKIT,Y+X2_M9_r2,empanadilla,481,0.743630
FKIT,Y+X2_M9_r2,empanadilla,482,0.864357
FKIT,Y+X2_M9_r2,empanadilla,483,0.965224
FKIT,Y+X2_M9_r2,empanadilla,484,0.962307
FKIT,Y+X2_M9_r2,empanadilla,485,0.964616
FKIT,Y+X2_M9_r2,empanadilla,486,0.965114
FKIT,Y+X2_M9_r2,empanadilla,487,0.962720
FKIT,Y+X2_M9_r2,empanadilla,488,0.963135
FKIT,Y+X2_M9_r2,empanadilla,489,0.963549
FKIT,Y+X2_M9_r2,empanadilla,490,0.964200
FKIT,Y+X2_M9_r2,empanadilla,491,0.967230
FKIT,Y+X2_M9_r2,empanadilla,492,0.962452
FKIT,Y+X2_M9_r2,empanadilla,493,0.966765
FKIT,Y+X2_M9_r2,empanadilla,494,0.968668
FKIT,Y+X2_M9_r2,empanadilla,495,0.964363
FKIT,Y+X2_M9_r2,empanadilla,496,0.965610
FKIT,Y+X2_M9_r2,empanadilla,497,0.964720
FKIT,Y+X2_M9_r2,empanadilla,498,0.965818
FKIT,Y+X2_M9_r2,empanadilla,499,0.965855
FKIT,Y+X2_M9_r2,empanadilla,500,0.968204
FKIT,Y+X2_M9_r2,empanadilla,501,0.965248
FKIT,Y+X2_M9_r2,empanadilla,502,0.969560
FKIT,Y+X2_M9_r2,empanadilla,503,0.970282
FKIT,Y+X2_M9_r2,empanadilla,504,0.966981
FKIT,Y+X2_M9_r2,empanadilla,505,0.968236
FKIT,Y+X2_M9_r2,empanadilla,506,0.966048
FKIT,Y+X2_M9_r2,empanadilla,507,0.964874
FKIT,Y+X2_M9_r2,empanadilla,508,0.963662
FKIT,Y+X2_M9_r2,empanadilla,509,0.964422
FKIT,Y+X2_M9_r2,empanadilla,510,0.960257
FKIT,Y+X2_M9_r2,empanadilla,511,0.961808
FKIT,Y+X2_M9_r2,empanadilla,512,0.960171
FKIT,Y+X2_M9_r2,empanadilla,513,0.958333
FKIT,Y+X2_M9_r2,empanadilla,514,0.961179
FKIT,Y+X2_M9_r2,empanadilla,515,0.957711
FKIT,Y+X2_M9_r2,empanadilla,516,0.962195
FKIT,Y+X2_M9_r2,empanadilla,517,0.957865
FKIT,Y+X2_M9_r2,empanadilla,518,0.961438
FKIT,Y+X2_M9_r2,empanadilla,519,0.957921
FKIT,Y+X2_M9_r2,empanadilla,520,0.959928
FKIT,Y+X2_M9_r2,empanadilla,521,0.955493
FKIT,Y+X2_M9_r2,empanadilla,522,0.958598
FKIT,Y+X2_M9_r2,empanadilla,523,0.958863
FKIT,Y+X2_M9_r2,empanadilla,524,0.961574
FKIT,Y+X2_M9_r2,empanadilla,525,0.958867
FKIT,Y+X2_M9_r2,empanadilla,526,0.956984
FKIT,Y+X2_M9_r2,empanadilla,527,0.961717
FKIT,Y+X2_M9_r2,empanadilla,528,0.958016
FKIT,Y+X2_M9_r2,empanadilla,529,0.958482
FKIT,Y+X2_M9_r2,empanadilla,530,0.966295
FKIT,Y+X2_M9_r2,empanadilla,531,0.959584
FKIT,Y+X2_M9_r2,empanadilla,532,0.962763
FKIT,Y+X2_M9_r2,empanadilla,533,0.963613
FKIT,Y+X2_M9_r2,empanadilla,534,0.961612
FKIT,Y+X2_M9_r2,empanadilla,535,0.964914
FKIT,Y+X2_M9_r2,empanadilla,536,0.965046
FKIT,Y+X2_M9_r2,empanadilla,537,0.965292
FKIT,Y+X2_M9_r2,empanadilla,538,0.966791
FKIT,Y+X2_M9_r2,empanadilla,539,0.965777
FKIT,Y+X2_M9_r2,empanadilla,540,0.965785
FKIT,Y+X2_M9_r2,empanadilla,541,0.964951
FKIT,Y+X2_M9_r2,empanadilla,542,0.965969
FKIT,Y+X2_M9_r2,empanadilla,543,0.967811
FKIT,Y+X2_M9_r2,empanadilla,544,0.964275
FKIT,Y+X2_M9_r2,empanadilla,545,0.969033
FKIT,Y+X2_M9_r2,empanadilla,546,0.967535
FKIT,Y+X2_M9_r2,empanadilla,547,0.965606
FKIT,Y+X2_M9_r2,empanadilla,548,0.961118
FKIT,Y+X2_M9_r2,empanadilla,549,0.967873
FKIT,Y+X2_M9_r2,empanadilla,550,0.963478
FKIT,Y+X2_M9_r2,empanadilla,551,0.961407
FKIT,Y+X2_M9_r2,empanadilla,552,0.963644
FKIT,Y+X2_M9_r2,empanadilla,553,0.966878
FKIT,Y+X2_M9_r2,empanadilla,554,0.962646
FKIT,Y+X2_M9_r2,empanadilla,555,0.963361
FKIT,Y+X2_M9_r2,empanadilla,556,0.962687
FKIT,Y+X2_M9_r2,empanadilla,557,0.961272
FKIT,Y+X2_M9_r2,empanadilla,558,0.963760
FKIT,Y+X2_M9_r2,empanadilla,559,0.965321
FKIT,Y+X2_M9_r2,empanadilla,560,0.962070
FKIT,Y+X2_M9_r2,empanadilla,561,0.964442
FKIT,Y+X2_M9_r2,empanadilla,562,0.965817
FKIT,Y+X2_M9_r2,empanadilla,563,0.966765
FKIT,Y+X2_M9_r2,empanadilla,564,0.964237
FKIT,Y+X2_M9_r2,empanadilla,565,0.967206
FKIT,Y+X2_M9_r2,empanadilla,566,0.963759
FKIT,Y+X2_M9_r2,empanadilla,567,0.962921
FKIT,Y+X2_M9_r2,empanadilla,568,0.966161
FKIT,Y+X2_M9_r2,empanadilla,569,0.960858
FKIT,Y+X2_M9_r2,empanadilla,570,0.963931
FKIT,Y+X2_M9_r2,empanadilla,571,0.964448
FKIT,Y+X2_M9_r2,empanadilla,572,0.963450
FKIT,Y+X2_M9_r2,empanadilla,573,0.963498
FKIT,Y+X2_M9_r2,empanadilla,574,0.964571
FKIT,Y+X2_M9_r2,empanadilla,575,0.963838
FKIT,Y+X2_M9_r2,empanadilla,576,0.964765
FKIT,Y+X2_M9_r2,empanadilla,577,0.965922
FKIT,Y+X2_M9_r2,empanadilla,578,0.957934
FKIT,Y+X2_M9_r2,empanadilla,579,0.961089
FKIT,Y+X2_M9_r2,empanadilla,580,0.956390
FKIT,Y+X2_M9_r2,empanadilla,581,0.961320
FKIT,Y+X2_M9_r2,empanadilla,582,0.962968
FKIT,Y+X2_M9_r2,empanadilla,583,0.964070
FKIT,Y+X2_M9_r2,empanadilla,584,0.963517
FKIT,Y+X2_M9_r2,empanadilla,585,0.962999
FKIT,Y+X2_M9_r2,empanadilla,586,0.961087
FKIT,Y+X2_M9_r2,empanadilla,587,0.960807
FKIT,Y+X2_M9_r2,empanadilla,588,0.964049
FKIT,Y+X2_M9_r2,empanadilla,589,0.963814
FKIT,Y+X2_M9_r2,empanadilla,590,0.959008
FKIT,Y+X2_M9_r2,empanadilla,591,0.961910
FKIT,Y+X2_M9_r2,empanadilla,592,0.965302
FKIT,Y+X2_M9_r2,empanadilla,593,0.961923
FKIT,Y+X2_M9_r2,empanadilla,594,0.961494
FKIT,Y+X2_M9_r2,empanadilla,595,0.958491
FKIT,Y+X2_M9_r2,empanadilla,596,0.960716
FKIT,Y+X2_M9_r2,empanadilla,597,0.963312
FKIT,Y+X2_M9_r2,empanadilla,598,0.958566
FKIT,Y+X2_M9_r2,empanadilla,599,0.962761
FKIT,Y+X2_M9_r2,empanadilla,600,0.968056
FKIT,Y+X2_M9_r2,empanadilla,601,0.965321
FKIT,Y+X2_M9_r2,empanadilla,602,0.965842
FKIT,Y+X2_M9_r2,empanadilla,603,0.964025
FKIT,Y+X2_M9_r2,empanadilla,604,0.962812
FKIT,Y+X2_M9_r2,empanadilla,605,0.958996
FKIT,Y+X2_M9_r2,empanadilla,606,0.961851
FKIT,Y+X2_M9_r2,empanadilla,607,0.965228
FKIT,Y+X2_M9_r2,empanadilla,608,0.958872
FKIT,Y+X2_M9_r2,empanadilla,609,0.964314
FKIT,Y+X2_M9_r2,empanadilla,610,0.962417
FKIT,Y+X2_M9_r2,empanadilla,611,0.964147
FKIT,Y+X2_M9_r2,empanadilla,612,0.966831
FKIT,Y+X2_M9_r2,empanadilla,613,0.965812
FKIT,Y+X2_M9_r2,empanadilla,614,0.970173
FKIT,Y+X2_M9_r2,empanadilla,615,0.965942
FKIT,Y+X2_M9_r2,empanadilla,616,0.966692
FKIT,Y+X2_M9_r2,empanadilla,617,0.962461
FKIT,Y+X2_M9_r2,empanadilla,618,0.966495
FKIT,Y+X2_M9_r2,empanadilla,619,0.969682
FKIT,Y+X2_M9_r2,empanadilla,620,0.964950
FKIT,Y+X2_M9_r2,empanadilla,621,0.965411
FKIT,Y+X2_M9_r2,empanadilla,622,0.968510
FKIT,Y+X2_M9_r2,empanadilla,623,0.973456
FKIT,Y+X2_M9_r2,empanadilla,624,0.971926
FKIT,Y+X2_M9_r2,empanadilla,625,0.969697
FKIT,Y+X2_M9_r2,empanadilla,626,0.966136
FKIT,Y+X2_M9_r2,empanadilla,627,0.966961
FKIT,Y+X2_M9_r2,empanadilla,628,0.964010
FKIT,Y+X2_M9_r2,empanadilla,629,0.968460
FKIT,Y+X2_M9_r2,empanadilla,630,0.964891
FKIT,Y+X2_M9_r2,empanadilla,631,0.965733
FKIT,Y+X2_M9_r2,empanadilla,632,0.960065
FKIT,Y+X2_M9_r2,empanadilla,633,0.961968
FKIT,Y+X2_M9_r2,empanadilla,634,0.964352
FKIT,Y+X2_M9_r2,empanadilla,635,0.964159
FKIT,Y+X2_M9_r2,empanadilla,636,0.959226
FKIT,Y+X2_M9_r2,empanadilla,637,0.963183
FKIT,Y+X2_M9_r2,empanadilla,638,0.960691
FKIT,Y+X2_M9_r2,empanadilla,639,0.961146
FKIT,Y+X2_M9_r2,empanadilla,640,0.958933
FKIT,Y+X2_M9_r2,empanadilla,641,0.959288
FKIT,Y+X2_M9_r2,empanadilla,642,0.958707
FKIT,Y+X2_M9_r2,empanadilla,643,0.954192
FKIT,Y+X2_M9_r2,empanadilla,644,0.961981
FKIT,Y+X2_M9_r2,empanadilla,645,0.958176
FKIT,Y+X2_M9_r2,empanadilla,646,0.959595
FKIT,Y+X2_M9_r2,empanadilla,647,0.957474
FKIT,Y+X2_M9_r2,empanadilla,648,0.960072
FKIT,Y+X2_M9_r2,empanadilla,649,0.958704
FKIT,Y+X2_M9_r2,empanadilla,650,0.956607
FKIT,Y+X2_M9_r2,empanadilla,651,0.958745
FKIT,Y+X2_M9_r2,empanadilla,652,0.959627
FKIT,Y+X2_M9_r2,empanadilla,653,0.959238
FKIT,Y+X2_M9_r2,empanadilla,654,0.959920
FKIT,Y+X2_M9_r2,empanadilla,655,0.957647
FKIT,Y+X2_M9_r2,empanadilla,656,0.956893
FKIT,Y+X2_M9_r2,empanadilla,657,0.958024
FKIT,Y+X2_M9_r2,empanadilla,658,0.958956
FKIT,Y+X2_M9_r2,empanadilla,659,0.956695
FKIT,Y+X2_M9_r2,empanadilla,660,0.945098
FKIT,Y+X2_M9_r2,empanadilla,661,0.959150
FKIT,Y+X2_M9_r2,empanadilla,662,0.956436
FKIT,Y+X2_M9_r2,empanadilla,663,0.959887
FKIT,Y+X2_M9_r2,empanadilla,664,0.954886
FKIT,Y+X2_M9_r2,empanadilla,665,0.955332
FKIT,Y+X2_M9_r2,empanadilla,666,0.957359
FKIT,Y+X2_M9_r2,empanadilla,667,0.957203
FKIT,Y+X2_M9_r2,empanadilla,668,0.955924
FKIT,Y+X2_M9_r2,empanadilla,669,0.957404
FKIT,Y+X2_M9_r2,empanadilla,670,0.951428
FKIT,Y+X2_M9_r2,empanadilla,671,0.961006
FKIT,Y+X2_M9_r2,empanadilla,672,0.960673
FKIT,Y+X2_M9_r2,empanadilla,673,0.944539
FKIT,Y+X2_M9_r2,empanadilla,674,0.959500
FKIT,Y+X2_M9_r2,empanadilla,675,0.959838
FKIT,Y+X2_M9_r2,empanadilla,676,0.957236
FKIT,Y+X2_M9_r2,empanadilla,677,0.962076
FKIT,Y+X2_M9_r2,empanadilla,678,0.962360
FKIT,Y+X2_M9_r2,empanadilla,679,0.963348
FKIT,Y+X2_M9_r2,empanadilla,680,0.962079
FKIT,Y+X2_M9_r2,empanadilla,681,0.962891
FKIT,Y+X2_M9_r2,empanadilla,682,0.963930
FKIT,Y+X2_M9_r2,empanadilla,683,0.963468
FKIT,Y+X2_M9_r2,empanadilla,684,0.964567
FKIT,Y+X2_M9_r2,empanadilla,685,0.964970
FKIT,Y+X2_M9_r2,empanadilla,686,0.967035
FKIT,Y+X2_M9_r2,empanadilla,687,0.965475
FKIT,Y+X2_M9_r2,empanadilla,688,0.967674
FKIT,Y+X2_M9_r2,empanadilla,689,0.965102
FKIT,Y+X2_M9_r2,empanadilla,690,0.968087
FKIT,Y+X2_M9_r2,empanadilla,691,0.964498
FKIT,Y+X2_M9_r2,empanadilla,692,0.966850
FKIT,Y+X2_M9_r2,empanadilla,693,0.967852
FKIT,Y+X2_M9_r2,empanadilla,694,0.966936
FKIT,Y+X2_M9_r2,empanadilla,695,0.968156
FKIT,Y+X2_M9_r2,empanadilla,696,0.968908
FKIT,Y+X2_M9_r2,empanadilla,697,0.968056
FKIT,Y+X2_M9_r2,empanadilla,698,0.968741
FKIT,Y+X2_M9_r2,empanadilla,699,0.968107
FKIT,Y+X2_M9_r2,empanadilla,700,0.969910
FKIT,Y+X2_M9_r2,empanadilla,701,0.967409
FKIT,Y+X2_M9_r2,empanadilla,702,0.969757
FKIT,Y+X2_M9_r2,empanadilla,703,0.967647
FKIT,Y+X2_M9_r2,empanadilla,704,0.970898
FKIT,Y+X2_M9_r2,empanadilla,705,0.971632
FKIT,Y+X2_M9_r2,empanadilla,706,0.973064
FKIT,Y+X2_M9_r2,empanadilla,707,0.972418
FKIT,Y+X2_M9_r2,empanadilla,708,0.971227
FKIT,Y+X2_M9_r2,empanadilla,709,0.971390
FKIT,Y+X2_M9_r2,empanadilla,710,0.974859
FKIT,Y+X2_M9_r2,empanadilla,711,0.971282
FKIT,Y+X2_M9_r2,empanadilla,712,0.970361
FKIT,Y+X2_M9_r2,empanadilla,713,0.971836
FKIT,Y+X2_M9_r2,empanadilla,714,0.973178
FKIT,Y+X2_M9_r2,empanadilla,715,0.970487
FKIT,Y+X2_M9_r2,empanadilla,716,0.973164
FKIT,Y+X2_M9_r2,empanadilla,717,0.969580
FKIT,Y+X2_M9_r2,empanadilla,718,0.971273
FKIT,Y+X2_M9_r2,empanadilla,719,0.974680
FKIT,Y+X2_M9_r2,empanadilla,720,0.975237
FKIT,Y+X2_M9_r2,empanadilla,721,0.973673
FKIT,Y+X2_M9_r2,empanadilla,722,0.971497
FKIT,Y+X2_M9_r2,empanadilla,723,0.973641
FKIT,Y+X2_M9_r2,empanadilla,724,0.974815
FKIT,Y+X2_M9_r2,empanadilla,725,0.974046
FKIT,Y+X2_M9_r2,empanadilla,726,0.974003
FKIT,Y+X2_M9_r2,empanadilla,727,0.974704
FKIT,Y+X2_M9_r2,empanadilla,728,0.972486
FKIT,Y+X2_M9_r2,empanadilla,729,0.972137
FKIT,Y+X2_M9_r2,empanadilla,730,0.971906
FKIT,Y+X2_M9_r2,empanadilla,731,0.972398
FKIT,Y+X2_M9_r2,empanadilla,732,0.970903
FKIT,Y+X2_M9_r2,empanadilla,733,0.969010
FKIT,Y+X2_M9_r2,empanadilla,734,0.968943
FKIT,Y+X2_M9_r2,empanadilla,735,0.964500
FKIT,Y+X2_M9_r2,empanadilla,736,0.967754
FKIT,Y+X2_M9_r2,empanadilla,737,0.968414
FKIT,Y+X2_M9_r2,empanadilla,738,0.968672
FKIT,Y+X2_M9_r2,empanadilla,739,0.970886
FKIT,Y+X2_M9_r2,empanadilla,740,0.971336
FKIT,Y+X2_M9_r2,empanadilla,741,0.967543
FKIT,Y+X2_M9_r2,empanadilla,742,0.968362
FKIT,Y+X2_M9_r2,empanadilla,743,0.966895
FKIT,Y+X2_M9_r2,empanadilla,744,0.967819
FKIT,Y+X2_M9_r2,empanadilla,745,0.965489
FKIT,Y+X2_M9_r2,empanadilla,746,0.966949
FKIT,Y+X2_M9_r2,empanadilla,747,0.965212
FKIT,Y+X2_M9_r2,empanadilla,748,0.967611
FKIT,Y+X2_M9_r2,empanadilla,749,0.968470
FKIT,Y+X2_M9_r2,empanadilla,750,0.968504
FKIT,Y+X2_M9_r2,empanadilla,751,0.967431
FKIT,Y+X2_M9_r2,empanadilla,752,0.968975
FKIT,Y+X2_M9_r2,empanadilla,753,0.970284
FKIT,Y+X2_M9_r2,empanadilla,754,0.972806
FKIT,Y+X2_M9_r2,empanadilla,755,0.970206
FKIT,Y+X2_M9_r2,empanadilla,756,0.969685
FKIT,Y+X2_M9_r2,empanadilla,757,0.970336
FKIT,Y+X2_M9_r2,empanadilla,758,0.967523
FKIT,Y+X2_M9_r2,empanadilla,759,0.969286
FKIT,Y+X2_M9_r2,empanadilla,760,0.965412
FKIT,Y+X2_M9_r2,empanadilla,761,0.966039
FKIT,Y+X2_M9_r2,empanadilla,762,0.965104
FKIT,Y+X2_M9_r2,empanadilla,763,0.964286
FKIT,Y+X2_M9_r2,empanadilla,764,0.969860
FKIT,Y+X2_M9_r2,empanadilla,765,0.971481
FKIT,Y+X2_M9_r2,empanadilla,766,0.967327
FKIT,Y+X2_M9_r2,empanadilla,767,0.970238
FKIT,Y+X2_M9_r2,empanadilla,768,0.960949
FKIT,Y+X2_M9_r2,empanadilla,769,0.969119
FKIT,Y+X2_M9_r2,empanadilla,770,0.969815
FKIT,Y+X2_M9_r2,empanadilla,771,0.969393
FKIT,Y+X2_M9_r2,empanadilla,772,0.967995
FKIT,Y+X2_M9_r2,empanadilla,773,0.968130
FKIT,Y+X2_M9_r2,empanadilla,774,0.970061
FKIT,Y+X2_M9_r2,empanadilla,775,0.968056
FKIT,Y+X2_M9_r2,empanadilla,776,0.968535
FKIT,Y+X2_M9_r2,empanadilla,777,0.968617
FKIT,Y+X2_M9_r2,empanadilla,778,0.970776
FKIT,Y+X2_M9_r2,empanadilla,779,0.971623
FKIT,Y+X2_M9_r2,empanadilla,780,0.967091
FKIT,Y+X2_M9_r2,empanadilla,781,0.972206
FKIT,Y+X2_M9_r2,empanadilla,782,0.967746
FKIT,Y+X2_M9_r2,empanadilla,783,0.970107
FKIT,Y+X2_M9_r2,empanadilla,784,0.971117
FKIT,Y+X2_M9_r2,empanadilla,785,0.970421
FKIT,Y+X2_M9_r2,empanadilla,786,0.965752
FKIT,Y+X2_M9_r2,empanadilla,787,0.963072
FKIT,Y+X2_M9_r2,empanadilla,788,0.968291
FKIT,Y+X2_M9_r2,empanadilla,789,0.967522
FKIT,Y+X2_M9_r2,empanadilla,790,0.967245
FKIT,Y+X2_M9_r2,empanadilla,791,0.965851
FKIT,Y+X2_M9_r2,empanadilla,792,0.964183
FKIT,Y+X2_M9_r2,empanadilla,793,0.966708
FKIT,Y+X2_M9_r2,empanadilla,794,0.965106
FKIT,Y+X2_M9_r2,empanadilla,795,0.964090
FKIT,Y+X2_M9_r2,empanadilla,796,0.966016
FKIT,Y+X2_M9_r2,empanadilla,797,0.967767
FKIT,Y+X2_M9_r2,empanadilla,798,0.964895
FKIT,Y+X2_M9_r2,empanadilla,799,0.968951
FKIT,Y+X2_M9_r2,empanadilla,800,0.962464
FKIT,Y+X2_M9_r2,empanadilla,801,0.968441
FKIT,Y+X2_M9_r2,empanadilla,802,0.968564
FKIT,Y+X2_M9_r2,empanadilla,803,0.969271
FKIT,Y+X2_M9_r2,empanadilla,804,0.973522
FKIT,Y+X2_M9_r2,empanadilla,805,0.971704
FKIT,Y+X2_M9_r2,empanadilla,806,0.971936
FKIT,Y+X2_M9_r2,empanadilla,807,0.971656
FKIT,Y+X2_M9_r2,empanadilla,808,0.974165
FKIT,Y+X2_M9_r2,empanadilla,809,0.973250
FKIT,Y+X2_M9_r2,empanadilla,810,0.973511
FKIT,Y+X2_M9_r2,empanadilla,811,0.971466
FKIT,Y+X2_M9_r2,empanadilla,812,0.972388
FKIT,Y+X2_M9_r2,empanadilla,813,0.973457
FKIT,Y+X2_M9_r2,empanadilla,814,0.972515
FKIT,Y+X2_M9_r2,empanadilla,815,0.971906
FKIT,Y+X2_M9_r2,empanadilla,816,0.972138
FKIT,Y+X2_M9_r2,empanadilla,817,0.971569
FKIT,Y+X2_M9_r2,empanadilla,818,0.970237
FKIT,Y+X2_M9_r2,empanadilla,819,0.971957
FKIT,Y+X2_M9_r2,empanadilla,820,0.971162
FKIT,Y+X2_M9_r2,empanadilla,821,0.970797
FKIT,Y+X2_M9_r2,empanadilla,822,0.971189
FKIT,Y+X2_M9_r2,empanadilla,823,0.967093
FKIT,Y+X2_M9_r2,empanadilla,824,0.972874
FKIT,Y+X2_M9_r2,empanadilla,825,0.972012
FKIT,Y+X2_M9_r2,empanadilla,826,0.974155
FKIT,Y+X2_M9_r2,empanadilla,827,0.974385
FKIT,Y+X2_M9_r2,empanadilla,828,0.974440
FKIT,Y+X2_M9_r2,empanadilla,829,0.974798
FKIT,Y+X2_M9_r2,empanadilla,830,0.975873
FKIT,Y+X2_M9_r2,empanadilla,831,0.974662
FKIT,Y+X2_M9_r2,empanadilla,832,0.973204
FKIT,Y+X2_M9_r2,empanadilla,833,0.972101
FKIT,Y+X2_M9_r2,empanadilla,834,0.973886
FKIT,Y+X2_M9_r2,empanadilla,835,0.974959
FKIT,Y+X2_M9_r2,empanadilla,836,0.973528
FKIT,Y+X2_M9_r2,empanadilla,837,0.974327
FKIT,Y+X2_M9_r2,empanadilla,838,0.974089
FKIT,Y+X2_M9_r2,empanadilla,839,0.975768
FKIT,Y+X2_M9_r2,empanadilla,840,0.974881
FKIT,Y+X2_M9_r2,empanadilla,841,0.974303
FKIT,Y+X2_M9_r2,empanadilla,842,0.975284
FKIT,Y+X2_M9_r2,empanadilla,843,0.974878
FKIT,Y+X2_M9_r2,empanadilla,844,0.975352
FKIT,Y+X2_M9_r2,empanadilla,845,0.974641
FKIT,Y+X2_M9_r2,empanadilla,846,0.974390
FKIT,Y+X2_M9_r2,empanadilla,847,0.975361
FKIT,Y+X2_M9_r2,empanadilla,848,0.974990
FKIT,Y+X2_M9_r2,empanadilla,849,0.977058
FKIT,Y+X2_M9_r2,empanadilla,850,0.974791
FKIT,Y+X2_M9_r2,empanadilla,851,0.975635
FKIT,Y+X2_M9_r2,empanadilla,852,0.974762
FKIT,Y+X2_M9_r2,empanadilla,853,0.971138
FKIT,Y+X2_M9_r2,empanadilla,854,0.976065
FKIT,Y+X2_M9_r2,empanadilla,855,0.974220
FKIT,Y+X2_M9_r2,empanadilla,856,0.975778
FKIT,Y+X2_M9_r2,empanadilla,857,0.975734
FKIT,Y+X2_M9_r2,empanadilla,858,0.975128
FKIT,Y+X2_M9_r2,empanadilla,859,0.974840
FKIT,Y+X2_M9_r2,empanadilla,860,0.973726
FKIT,Y+X2_M9_r2,empanadilla,861,0.976238
FKIT,Y+X2_M9_r2,empanadilla,862,0.975383
FKIT,Y+X2_M9_r2,empanadilla,863,0.975706
FKIT,Y+X2_M9_r2,empanadilla,864,0.975947
FKIT,Y+X2_M9_r2,empanadilla,865,0.973631
FKIT,Y+X2_M9_r2,empanadilla,866,0.975623
FKIT,Y+X2_M9_r2,empanadilla,867,0.972520
FKIT,Y+X2_M9_r2,empanadilla,868,0.974835
FKIT,Y+X2_M9_r2,empanadilla,869,0.976277
FKIT,Y+X2_M9_r2,empanadilla,870,0.974669
FKIT,Y+X2_M9_r2,empanadilla,871,0.974394
FKIT,Y+X2_M9_r2,empanadilla,872,0.975070
FKIT,Y+X2_M9_r2,empanadilla,873,0.976769
FKIT,Y+X2_M9_r2,empanadilla,874,0.973316
FKIT,Y+X2_M9_r2,empanadilla,875,0.975482
FKIT,Y+X2_M9_r2,empanadilla,876,0.976739
FKIT,Y+X2_M9_r2,empanadilla,877,0.976749
FKIT,Y+X2_M9_r2,empanadilla,878,0.978923
FKIT,Y+X2_M9_r2,empanadilla,879,0.977207
FKIT,Y+X2_M9_r2,empanadilla,880,0.977964
FKIT,Y+X2_M9_r2,empanadilla,881,0.977781
FKIT,Y+X2_M9_r2,empanadilla,882,0.978511
FKIT,Y+X2_M9_r2,empanadilla,883,0.978990
FKIT,Y+X2_M9_r2,empanadilla,884,0.978434
FKIT,Y+X2_M9_r2,empanadilla,885,0.976751
FKIT,Y+X2_M9_r2,empanadilla,886,0.978889
FKIT,Y+X2_M9_r2,empanadilla,887,0.974467
FKIT,Y+X2_M9_r2,empanadilla,888,0.976029
FKIT,Y+X2_M9_r2,empanadilla,889,0.977288
FKIT,Y+X2_M9_r2,empanadilla,890,0.978419
FKIT,Y+X2_M9_r2,empanadilla,891,0.975293
FKIT,Y+X2_M9_r2,empanadilla,892,0.974256
FKIT,Y+X2_M9_r2,empanadilla,893,0.977844
FKIT,Y+X2_M9_r2,empanadilla,894,0.978519
FKIT,Y+X2_M9_r2,empanadilla,895,0.977966
FKIT,Y+X2_M9_r2,empanadilla,896,0.974595
FKIT,Y+X2_M9_r2,empanadilla,897,0.977702
FKIT,Y+X2_M9_r2,empanadilla,898,0.977496
FKIT,Y+X2_M9_r2,empanadilla,899,0.975783
FKIT,Y+X2_M9_r2,empanadilla,900,0.977780
FKIT,Y+X2_M9_r2,empanadilla,901,0.978205
FKIT,Y+X2_M9_r2,empanadilla,902,0.976849
FKIT,Y+X2_M9_r2,empanadilla,903,0.976932
FKIT,Y+X2_M9_r2,empanadilla,904,0.977937
FKIT,Y+X2_M9_r2,empanadilla,905,0.979462
FKIT,Y+X2_M9_r2,empanadilla,906,0.980794
FKIT,Y+X2_M9_r2,empanadilla,907,0.978809
FKIT,Y+X2_M9_r2,empanadilla,908,0.978217
FKIT,Y+X2_M9_r2,empanadilla,909,0.979553
FKIT,Y+X2_M9_r2,empanadilla,910,0.979902
FKIT,Y+X2_M9_r2,empanadilla,911,0.980389
FKIT,Y+X2_M9_r2,empanadilla,912,0.981864
FKIT,Y+X2_M9_r2,empanadilla,913,0.979708
FKIT,Y+X2_M9_r2,empanadilla,914,0.976811
FKIT,Y+X2_M9_r2,empanadilla,915,0.978934
FKIT,Y+X2_M9_r2,empanadilla,916,0.976056
FKIT,Y+X2_M9_r2,empanadilla,917,0.973935
FKIT,Y+X2_M9_r2,empanadilla,918,0.975707
FKIT,Y+X2_M9_r2,empanadilla,919,0.975132
FKIT,Y+X2_M9_r2,empanadilla,920,0.973376
FKIT,Y+X2_M9_r2,empanadilla,921,0.974329
FKIT,Y+X2_M9_r2,empanadilla,922,0.974588
FKIT,Y+X2_M9_r2,empanadilla,923,0.973499
FKIT,Y+X2_M9_r2,empanadilla,924,0.969963
FKIT,Y+X2_M9_r2,empanadilla,925,0.973449
FKIT,Y+X2_M9_r2,falafel,0,0.967434
FKIT,Y+X2_M9_r2,falafel,1,0.968597
FKIT,Y+X2_M9_r2,falafel,2,0.971597
FKIT,Y+X2_M9_r2,falafel,3,0.967202
FKIT,Y+X2_M9_r2,falafel,4,0.969513
FKIT,Y+X2_M9_r2,falafel,5,0.968396
FKIT,Y+X2_M9_r2,falafel,6,0.969327
FKIT,Y+X2_M9_r2,falafel,7,0.968120
FKIT,Y+X2_M9_r2,falafel,8,0.971074
FKIT,Y+X2_M9_r2,falafel,9,0.968089
FKIT,Y+X2_M9_r2,falafel,10,0.969191
FKIT,Y+X2_M9_r2,falafel,11,0.969876
FKIT,Y+X2_M9_r2,falafel,12,0.971337
FKIT,Y+X2_M9_r2,falafel,13,0.972449
FKIT,Y+X2_M9_r2,falafel,14,0.976562
FKIT,Y+X2_M9_r2,falafel,15,0.975538
FKIT,Y+X2_M9_r2,falafel,16,0.975398
FKIT,Y+X2_M9_r2,falafel,17,0.974021
FKIT,Y+X2_M9_r2,falafel,18,0.976684
FKIT,Y+X2_M9_r2,falafel,19,0.973096
FKIT,Y+X2_M9_r2,falafel,20,0.972627
FKIT,Y+X2_M9_r2,falafel,21,0.973602
FKIT,Y+X2_M9_r2,falafel,22,0.974089
FKIT,Y+X2_M9_r2,falafel,23,0.975225
FKIT,Y+X2_M9_r2,falafel,24,0.974830
FKIT,Y+X2_M9_r2,falafel,25,0.974463
FKIT,Y+X2_M9_r2,falafel,26,0.974897
FKIT,Y+X2_M9_r2,falafel,27,0.974924
FKIT,Y+X2_M9_r2,falafel,28,0.974328
FKIT,Y+X2_M9_r2,falafel,29,0.971667
FKIT,Y+X2_M9_r2,falafel,30,0.971925
FKIT,Y+X2_M9_r2,falafel,31,0.972560
FKIT,Y+X2_M9_r2,falafel,32,0.976308
FKIT,Y+X2_M9_r2,falafel,33,0.973204
FKIT,Y+X2_M9_r2,falafel,34,0.973601
FKIT,Y+X2_M9_r2,falafel,35,0.971776
FKIT,Y+X2_M9_r2,falafel,36,0.970375
FKIT,Y+X2_M9_r2,falafel,37,0.977194
FKIT,Y+X2_M9_r2,falafel,38,0.973720
FKIT,Y+X2_M9_r2,falafel,39,0.972408
FKIT,Y+X2_M9_r2,falafel,40,0.972967
FKIT,Y+X2_M9_r2,falafel,41,0.974758
FKIT,Y+X2_M9_r2,falafel,42,0.971275
FKIT,Y+X2_M9_r2,falafel,43,0.974339
FKIT,Y+X2_M9_r2,falafel,44,0.975714
FKIT,Y+X2_M9_r2,falafel,45,0.974928
FKIT,Y+X2_M9_r2,falafel,46,0.975128
FKIT,Y+X2_M9_r2,falafel,47,0.971659
FKIT,Y+X2_M9_r2,falafel,48,0.976242
FKIT,Y+X2_M9_r2,falafel,49,0.974608
FKIT,Y+X2_M9_r2,falafel,50,0.970945
FKIT,Y+X2_M9_r2,falafel,51,0.973924
FKIT,Y+X2_M9_r2,falafel,52,0.974320
FKIT,Y+X2_M9_r2,falafel,53,0.968979
FKIT,Y+X2_M9_r2,falafel,54,0.973023
FKIT,Y+X2_M9_r2,falafel,55,0.974812
FKIT,Y+X2_M9_r2,falafel,56,0.971266
FKIT,Y+X2_M9_r2,falafel,57,0.972144
FKIT,Y+X2_M9_r2,falafel,58,0.972212
FKIT,Y+X2_M9_r2,falafel,59,0.969488
FKIT,Y+X2_M9_r2,falafel,60,0.972393
FKIT,Y+X2_M9_r2,falafel,61,0.971358
FKIT,Y+X2_M9_r2,falafel,62,0.971344
FKIT,Y+X2_M9_r2,falafel,63,0.972373
FKIT,Y+X2_M9_r2,falafel,64,0.974349
FKIT,Y+X2_M9_r2,falafel,65,0.973050
FKIT,Y+X2_M9_r2,falafel,66,0.971011
FKIT,Y+X2_M9_r2,falafel,67,0.970457
FKIT,Y+X2_M9_r2,falafel,68,0.971297
FKIT,Y+X2_M9_r2,falafel,69,0.968855
FKIT,Y+X2_M9_r2,falafel,70,0.970144
FKIT,Y+X2_M9_r2,falafel,71,0.967818
FKIT,Y+X2_M9_r2,falafel,72,0.966184
FKIT,Y+X2_M9_r2,falafel,73,0.967117
FKIT,Y+X2_M9_r2,falafel,74,0.971659
FKIT,Y+X2_M9_r2,falafel,75,0.966858
FKIT,Y+X2_M9_r2,falafel,76,0.963394
FKIT,Y+X2_M9_r2,falafel,77,0.970867
FKIT,Y+X2_M9_r2,falafel,78,0.971872
FKIT,Y+X2_M9_r2,falafel,79,0.969000
FKIT,Y+X2_M9_r2,falafel,80,0.966941
FKIT,Y+X2_M9_r2,falafel,81,0.968767
FKIT,Y+X2_M9_r2,falafel,82,0.969336
FKIT,Y+X2_M9_r2,falafel,83,0.967465
FKIT,Y+X2_M9_r2,falafel,84,0.964645
FKIT,Y+X2_M9_r2,falafel,85,0.965714
FKIT,Y+X2_M9_r2,falafel,86,0.965502
FKIT,Y+X2_M9_r2,falafel,87,0.965590
FKIT,Y+X2_M9_r2,falafel,88,0.964740
FKIT,Y+X2_M9_r2,falafel,89,0.958849
FKIT,Y+X2_M9_r2,falafel,90,0.964207
FKIT,Y+X2_M9_r2,falafel,91,0.968572
FKIT,Y+X2_M9_r2,falafel,92,0.964898
FKIT,Y+X2_M9_r2,falafel,93,0.967216
FKIT,Y+X2_M9_r2,falafel,94,0.964419
FKIT,Y+X2_M9_r2,falafel,95,0.964426
FKIT,Y+X2_M9_r2,falafel,96,0.965114
FKIT,Y+X2_M9_r2,falafel,97,0.966600
FKIT,Y+X2_M9_r2,falafel,98,0.966015
FKIT,Y+X2_M9_r2,falafel,99,0.966088
FKIT,Y+X2_M9_r2,falafel,100,0.963621
FKIT,Y+X2_M9_r2,falafel,101,0.967737
FKIT,Y+X2_M9_r2,falafel,102,0.966607
FKIT,Y+X2_M9_r2,falafel,103,0.964583
FKIT,Y+X2_M9_r2,falafel,104,0.964526
FKIT,Y+X2_M9_r2,falafel,105,0.967816
FKIT,Y+X2_M9_r2,falafel,106,0.965230
FKIT,Y+X2_M9_r2,falafel,107,0.968944
FKIT,Y+X2_M9_r2,falafel,108,0.962683
FKIT,Y+X2_M9_r2,falafel,109,0.961922
FKIT,Y+X2_M9_r2,falafel,110,0.963481
FKIT,Y+X2_M9_r2,falafel,111,0.964046
FKIT,Y+X2_M9_r2,falafel,112,0.965909
FKIT,Y+X2_M9_r2,falafel,113,0.963162
FKIT,Y+X2_M9_r2,falafel,114,0.965319
FKIT,Y+X2_M9_r2,falafel,115,0.964653
FKIT,Y+X2_M9_r2,falafel,116,0.966190
FKIT,Y+X2_M9_r2,falafel,117,0.965427
FKIT,Y+X2_M9_r2,falafel,118,0.963457
FKIT,Y+X2_M9_r2,falafel,119,0.961810
FKIT,Y+X2_M9_r2,falafel,120,0.960575
FKIT,Y+X2_M9_r2,falafel,121,0.958914
FKIT,Y+X2_M9_r2,falafel,122,0.962203
FKIT,Y+X2_M9_r2,falafel,123,0.957546
FKIT,Y+X2_M9_r2,falafel,124,0.961426
FKIT,Y+X2_M9_r2,falafel,125,0.954876
FKIT,Y+X2_M9_r2,falafel,126,0.909281
FKIT,Y+X2_M9_r2,falafel,127,0.957819
FKIT,Y+X2_M9_r2,falafel,128,0.953180
FKIT,Y+X2_M9_r2,falafel,129,0.959572
FKIT,Y+X2_M9_r2,falafel,130,0.953838
FKIT,Y+X2_M9_r2,falafel,131,0.955407
FKIT,Y+X2_M9_r2,falafel,132,0.956164
FKIT,Y+X2_M9_r2,falafel,133,0.956287
FKIT,Y+X2_M9_r2,falafel,134,0.960665
FKIT,Y+X2_M9_r2,falafel,135,0.954825
FKIT,Y+X2_M9_r2,falafel,136,0.950213
FKIT,Y+X2_M9_r2,falafel,137,0.950203
FKIT,Y+X2_M9_r2,falafel,138,0.960559
FKIT,Y+X2_M9_r2,falafel,139,0.960985
FKIT,Y+X2_M9_r2,falafel,140,0.955641
FKIT,Y+X2_M9_r2,falafel,141,0.961364
FKIT,Y+X2_M9_r2,falafel,142,0.956189
FKIT,Y+X2_M9_r2,falafel,143,0.958302
FKIT,Y+X2_M9_r2,falafel,144,0.957671
FKIT,Y+X2_M9_r2,falafel,145,0.958716
FKIT,Y+X2_M9_r2,falafel,146,0.959744
FKIT,Y+X2_M9_r2,falafel,147,0.959341
FKIT,Y+X2_M9_r2,falafel,148,0.959825
FKIT,Y+X2_M9_r2,falafel,149,0.961552
FKIT,Y+X2_M9_r2,falafel,150,0.958969
FKIT,Y+X2_M9_r2,falafel,151,0.961434
FKIT,Y+X2_M9_r2,falafel,152,0.959464
FKIT,Y+X2_M9_r2,falafel,153,0.965241
FKIT,Y+X2_M9_r2,falafel,154,0.960232
FKIT,Y+X2_M9_r2,falafel,155,0.955318
FKIT,Y+X2_M9_r2,falafel,156,0.957044
FKIT,Y+X2_M9_r2,falafel,157,0.958273
FKIT,Y+X2_M9_r2,falafel,158,0.959199
FKIT,Y+X2_M9_r2,falafel,159,0.955075
FKIT,Y+X2_M9_r2,falafel,160,0.953722
FKIT,Y+X2_M9_r2,falafel,161,0.957336
FKIT,Y+X2_M9_r2,falafel,162,0.962200
FKIT,Y+X2_M9_r2,falafel,163,0.954632
FKIT,Y+X2_M9_r2,falafel,164,0.956123
FKIT,Y+X2_M9_r2,falafel,165,0.960487
FKIT,Y+X2_M9_r2,falafel,166,0.956763
FKIT,Y+X2_M9_r2,falafel,167,0.960152
FKIT,Y+X2_M9_r2,falafel,168,0.958157
FKIT,Y+X2_M9_r2,falafel,169,0.956565
FKIT,Y+X2_M9_r2,falafel,170,0.956018
FKIT,Y+X2_M9_r2,falafel,171,0.958556
FKIT,Y+X2_M9_r2,falafel,172,0.959526
FKIT,Y+X2_M9_r2,falafel,173,0.959614
FKIT,Y+X2_M9_r2,falafel,174,0.961115
FKIT,Y+X2_M9_r2,falafel,175,0.959520
FKIT,Y+X2_M9_r2,falafel,176,0.955431
FKIT,Y+X2_M9_r2,falafel,177,0.957866
FKIT,Y+X2_M9_r2,falafel,178,0.962537
FKIT,Y+X2_M9_r2,falafel,179,0.959704
FKIT,Y+X2_M9_r2,falafel,180,0.965005
FKIT,Y+X2_M9_r2,falafel,181,0.961313
FKIT,Y+X2_M9_r2,falafel,182,0.961268
FKIT,Y+X2_M9_r2,falafel,183,0.953834
FKIT,Y+X2_M9_r2,falafel,184,0.957905
FKIT,Y+X2_M9_r2,falafel,185,0.959475
FKIT,Y+X2_M9_r2,falafel,186,0.954688
FKIT,Y+X2_M9_r2,falafel,187,0.954458
FKIT,Y+X2_M9_r2,falafel,188,0.959839
FKIT,Y+X2_M9_r2,falafel,189,0.953125
FKIT,Y+X2_M9_r2,falafel,190,0.951809
FKIT,Y+X2_M9_r2,falafel,191,0.955951
FKIT,Y+X2_M9_r2,falafel,192,0.956361
FKIT,Y+X2_M9_r2,falafel,193,0.956710
FKIT,Y+X2_M9_r2,falafel,194,0.959742
FKIT,Y+X2_M9_r2,falafel,195,0.959579
FKIT,Y+X2_M9_r2,falafel,196,0.954254
FKIT,Y+X2_M9_r2,falafel,197,0.957212
FKIT,Y+X2_M9_r2,falafel,198,0.960972
FKIT,Y+X2_M9_r2,falafel,199,0.964167
FKIT,Y+X2_M9_r2,falafel,200,0.960753
FKIT,Y+X2_M9_r2,falafel,201,0.958703
FKIT,Y+X2_M9_r2,falafel,202,0.956308
FKIT,Y+X2_M9_r2,falafel,203,0.959524
FKIT,Y+X2_M9_r2,falafel,204,0.957225
FKIT,Y+X2_M9_r2,falafel,205,0.963651
FKIT,Y+X2_M9_r2,falafel,206,0.961364
FKIT,Y+X2_M9_r2,falafel,207,0.960388
FKIT,Y+X2_M9_r2,falafel,208,0.955748
FKIT,Y+X2_M9_r2,falafel,209,0.957133
FKIT,Y+X2_M9_r2,falafel,210,0.951207
FKIT,Y+X2_M9_r2,falafel,211,0.956073
FKIT,Y+X2_M9_r2,falafel,212,0.957266
FKIT,Y+X2_M9_r2,falafel,213,0.953168
FKIT,Y+X2_M9_r2,falafel,214,0.957886
FKIT,Y+X2_M9_r2,falafel,215,0.956640
FKIT,Y+X2_M9_r2,falafel,216,0.956598
FKIT,Y+X2_M9_r2,falafel,217,0.957281
FKIT,Y+X2_M9_r2,falafel,218,0.957064
FKIT,Y+X2_M9_r2,falafel,219,0.957680
FKIT,Y+X2_M9_r2,falafel,220,0.953251
FKIT,Y+X2_M9_r2,falafel,221,0.956250
FKIT,Y+X2_M9_r2,falafel,222,0.948679
FKIT,Y+X2_M9_r2,falafel,223,0.958243
FKIT,Y+X2_M9_r2,falafel,224,0.958365
FKIT,Y+X2_M9_r2,falafel,225,0.958953
FKIT,Y+X2_M9_r2,falafel,226,0.955805
FKIT,Y+X2_M9_r2,falafel,227,0.951683
FKIT,Y+X2_M9_r2,falafel,228,0.955276
FKIT,Y+X2_M9_r2,falafel,229,0.955137
FKIT,Y+X2_M9_r2,falafel,230,0.955501
FKIT,Y+X2_M9_r2,falafel,231,0.955586
FKIT,Y+X2_M9_r2,falafel,232,0.956643
FKIT,Y+X2_M9_r2,falafel,233,0.956851
FKIT,Y+X2_M9_r2,falafel,234,0.958974
FKIT,Y+X2_M9_r2,falafel,235,0.958708
FKIT,Y+X2_M9_r2,falafel,236,0.961000
FKIT,Y+X2_M9_r2,falafel,237,0.954494
FKIT,Y+X2_M9_r2,falafel,238,0.951694
FKIT,Y+X2_M9_r2,falafel,239,0.946751
FKIT,Y+X2_M9_r2,falafel,240,0.951112
FKIT,Y+X2_M9_r2,falafel,241,0.947979
FKIT,Y+X2_M9_r2,falafel,242,0.953733
FKIT,Y+X2_M9_r2,falafel,243,0.954574
FKIT,Y+X2_M9_r2,falafel,244,0.956549
FKIT,Y+X2_M9_r2,falafel,245,0.956864
FKIT,Y+X2_M9_r2,falafel,246,0.957718
FKIT,Y+X2_M9_r2,falafel,247,0.954768
FKIT,Y+X2_M9_r2,falafel,248,0.956258
FKIT,Y+X2_M9_r2,falafel,249,0.958660
FKIT,Y+X2_M9_r2,falafel,250,0.955002
FKIT,Y+X2_M9_r2,falafel,251,0.960531
FKIT,Y+X2_M9_r2,falafel,252,0.958464
FKIT,Y+X2_M9_r2,falafel,253,0.962072
FKIT,Y+X2_M9_r2,falafel,254,0.958577
FKIT,Y+X2_M9_r2,falafel,255,0.957641
FKIT,Y+X2_M9_r2,falafel,256,0.958607
FKIT,Y+X2_M9_r2,falafel,257,0.957219
FKIT,Y+X2_M9_r2,falafel,258,0.959401
FKIT,Y+X2_M9_r2,falafel,259,0.962400
FKIT,Y+X2_M9_r2,falafel,260,0.958998
FKIT,Y+X2_M9_r2,falafel,261,0.958684
FKIT,Y+X2_M9_r2,falafel,262,0.963892
FKIT,Y+X2_M9_r2,falafel,263,0.960278
FKIT,Y+X2_M9_r2,falafel,264,0.958283
FKIT,Y+X2_M9_r2,falafel,265,0.954346
FKIT,Y+X2_M9_r2,falafel,266,0.961985
FKIT,Y+X2_M9_r2,falafel,267,0.966081
FKIT,Y+X2_M9_r2,falafel,268,0.963348
FKIT,Y+X2_M9_r2,falafel,269,0.960106
FKIT,Y+X2_M9_r2,falafel,270,0.958123
FKIT,Y+X2_M9_r2,falafel,271,0.957351
FKIT,Y+X2_M9_r2,falafel,272,0.961973
FKIT,Y+X2_M9_r2,falafel,273,0.952301
FKIT,Y+X2_M9_r2,falafel,274,0.955567
FKIT,Y+X2_M9_r2,falafel,275,0.955188
FKIT,Y+X2_M9_r2,falafel,276,0.958385
FKIT,Y+X2_M9_r2,falafel,277,0.951622
FKIT,Y+X2_M9_r2,falafel,278,0.952920
FKIT,Y+X2_M9_r2,falafel,279,0.955006
FKIT,Y+X2_M9_r2,falafel,280,0.955349
FKIT,Y+X2_M9_r2,falafel,281,0.953995
FKIT,Y+X2_M9_r2,falafel,282,0.954232
FKIT,Y+X2_M9_r2,falafel,283,0.956530
FKIT,Y+X2_M9_r2,falafel,284,0.957683
FKIT,Y+X2_M9_r2,falafel,285,0.957193
FKIT,Y+X2_M9_r2,falafel,286,0.953507
FKIT,Y+X2_M9_r2,falafel,287,0.955345
FKIT,Y+X2_M9_r2,falafel,288,0.959621
FKIT,Y+X2_M9_r2,falafel,289,0.957575
FKIT,Y+X2_M9_r2,falafel,290,0.957686
FKIT,Y+X2_M9_r2,falafel,291,0.954300
FKIT,Y+X2_M9_r2,falafel,292,0.951408
FKIT,Y+X2_M9_r2,falafel,293,0.958111
FKIT,Y+X2_M9_r2,falafel,294,0.958784
FKIT,Y+X2_M9_r2,falafel,295,0.956220
FKIT,Y+X2_M9_r2,falafel,296,0.953849
FKIT,Y+X2_M9_r2,falafel,297,0.957636
FKIT,Y+X2_M9_r2,falafel,298,0.957491
FKIT,Y+X2_M9_r2,falafel,299,0.961324
FKIT,Y+X2_M9_r2,falafel,300,0.959735
FKIT,Y+X2_M9_r2,falafel,301,0.959379
FKIT,Y+X2_M9_r2,falafel,302,0.960357
FKIT,Y+X2_M9_r2,falafel,303,0.959624
FKIT,Y+X2_M9_r2,falafel,304,0.964221
FKIT,Y+X2_M9_r2,falafel,305,0.959654
FKIT,Y+X2_M9_r2,falafel,306,0.958456
FKIT,Y+X2_M9_r2,falafel,307,0.955447
FKIT,Y+X2_M9_r2,falafel,308,0.963622
FKIT,Y+X2_M9_r2,falafel,309,0.963245
FKIT,Y+X2_M9_r2,falafel,310,0.961339
FKIT,Y+X2_M9_r2,falafel,311,0.960797
FKIT,Y+X2_M9_r2,falafel,312,0.961315
FKIT,Y+X2_M9_r2,falafel,313,0.963345
FKIT,Y+X2_M9_r2,falafel,314,0.960905
FKIT,Y+X2_M9_r2,falafel,315,0.961063
FKIT,Y+X2_M9_r2,falafel,316,0.962840
FKIT,Y+X2_M9_r2,falafel,317,0.963147
FKIT,Y+X2_M9_r2,falafel,318,0.961971
FKIT,Y+X2_M9_r2,falafel,319,0.961318
FKIT,Y+X2_M9_r2,falafel,320,0.967684
FKIT,Y+X2_M9_r2,falafel,321,0.963180
FKIT,Y+X2_M9_r2,falafel,322,0.965297
FKIT,Y+X2_M9_r2,falafel,323,0.965969
FKIT,Y+X2_M9_r2,falafel,324,0.965220
FKIT,Y+X2_M9_r2,falafel,325,0.964080
FKIT,Y+X2_M9_r2,falafel,326,0.966505
FKIT,Y+X2_M9_r2,falafel,327,0.965551
FKIT,Y+X2_M9_r2,falafel,328,0.968424
FKIT,Y+X2_M9_r2,falafel,329,0.964822
FKIT,Y+X2_M9_r2,falafel,330,0.963942
FKIT,Y+X2_M9_r2,falafel,331,0.968085
FKIT,Y+X2_M9_r2,falafel,332,0.966147
FKIT,Y+X2_M9_r2,falafel,333,0.970742
FKIT,Y+X2_M9_r2,falafel,334,0.973769
FKIT,Y+X2_M9_r2,falafel,335,0.970986
FKIT,Y+X2_M9_r2,falafel,336,0.975613
FKIT,Y+X2_M9_r2,falafel,337,0.970916
FKIT,Y+X2_M9_r2,falafel,338,0.971193
FKIT,Y+X2_M9_r2,falafel,339,0.972632
FKIT,Y+X2_M9_r2,falafel,340,0.967665
FKIT,Y+X2_M9_r2,falafel,341,0.970140
FKIT,Y+X2_M9_r2,falafel,342,0.970929
FKIT,Y+X2_M9_r2,falafel,343,0.968659
FKIT,Y+X2_M9_r2,falafel,344,0.972926
FKIT,Y+X2_M9_r2,falafel,345,0.969994
FKIT,Y+X2_M9_r2,falafel,346,0.969303
FKIT,Y+X2_M9_r2,falafel,347,0.970149
FKIT,Y+X2_M9_r2,falafel,348,0.971506
FKIT,Y+X2_M9_r2,falafel,349,0.972586
FKIT,Y+X2_M9_r2,falafel,350,0.969713
FKIT,Y+X2_M9_r2,falafel,351,0.968695
FKIT,Y+X2_M9_r2,falafel,352,0.968920
FKIT,Y+X2_M9_r2,falafel,353,0.970360
FKIT,Y+X2_M9_r2,falafel,354,0.964712
FKIT,Y+X2_M9_r2,falafel,355,0.969862
FKIT,Y+X2_M9_r2,falafel,356,0.967798
FKIT,Y+X2_M9_r2,falafel,357,0.963187
FKIT,Y+X2_M9_r2,falafel,358,0.964587
FKIT,Y+X2_M9_r2,falafel,359,0.965423
FKIT,Y+X2_M9_r2,falafel,360,0.966182
FKIT,Y+X2_M9_r2,falafel,361,0.965795
FKIT,Y+X2_M9_r2,falafel,362,0.964333
FKIT,Y+X2_M9_r2,falafel,363,0.958682
FKIT,Y+X2_M9_r2,falafel,364,0.959923
FKIT,Y+X2_M9_r2,falafel,365,0.960949
FKIT,Y+X2_M9_r2,falafel,366,0.959598
FKIT,Y+X2_M9_r2,falafel,367,0.964485
FKIT,Y+X2_M9_r2,falafel,368,0.964422
FKIT,Y+X2_M9_r2,falafel,369,0.959473
FKIT,Y+X2_M9_r2,falafel,370,0.962586
FKIT,Y+X2_M9_r2,falafel,371,0.961676
FKIT,Y+X2_M9_r2,falafel,372,0.958692
FKIT,Y+X2_M9_r2,falafel,373,0.964506
FKIT,Y+X2_M9_r2,falafel,374,0.968718
FKIT,Y+X2_M9_r2,falafel,375,0.950332
FKIT,Y+X2_M9_r2,falafel,376,0.958517
FKIT,Y+X2_M9_r2,falafel,377,0.960406
FKIT,Y+X2_M9_r2,falafel,378,0.952488
FKIT,Y+X2_M9_r2,falafel,379,0.961084
FKIT,Y+X2_M9_r2,falafel,380,0.958197
FKIT,Y+X2_M9_r2,falafel,381,0.946084
FKIT,Y+X2_M9_r2,falafel,382,0.956146
FKIT,Y+X2_M9_r2,falafel,383,0.952670
FKIT,Y+X2_M9_r2,falafel,384,0.947187
FKIT,Y+X2_M9_r2,falafel,385,0.954018
FKIT,Y+X2_M9_r2,falafel,386,0.958189
FKIT,Y+X2_M9_r2,falafel,387,0.958176
FKIT,Y+X2_M9_r2,falafel,388,0.955133
FKIT,Y+X2_M9_r2,falafel,389,0.956284
FKIT,Y+X2_M9_r2,falafel,390,0.962431
FKIT,Y+X2_M9_r2,falafel,391,0.957839
FKIT,Y+X2_M9_r2,falafel,392,0.953295
FKIT,Y+X2_M9_r2,falafel,393,0.961625
FKIT,Y+X2_M9_r2,falafel,394,0.956968
FKIT,Y+X2_M9_r2,falafel,395,0.960809
FKIT,Y+X2_M9_r2,falafel,396,0.949556
FKIT,Y+X2_M9_r2,falafel,397,0.952524
FKIT,Y+X2_M9_r2,falafel,398,0.952164
FKIT,Y+X2_M9_r2,falafel,399,0.949987
FKIT,Y+X2_M9_r2,falafel,400,0.959476
FKIT,Y+X2_M9_r2,falafel,401,0.953165
FKIT,Y+X2_M9_r2,falafel,402,0.956478
FKIT,Y+X2_M9_r2,falafel,403,0.958239
FKIT,Y+X2_M9_r2,falafel,404,0.960934
FKIT,Y+X2_M9_r2,falafel,405,0.956378
FKIT,Y+X2_M9_r2,falafel,406,0.955113
FKIT,Y+X2_M9_r2,falafel,407,0.956934
FKIT,Y+X2_M9_r2,falafel,408,0.955817
FKIT,Y+X2_M9_r2,falafel,409,0.954153
FKIT,Y+X2_M9_r2,falafel,410,0.952931
FKIT,Y+X2_M9_r2,falafel,411,0.952395
FKIT,Y+X2_M9_r2,falafel,412,0.953774
FKIT,Y+X2_M9_r2,falafel,413,0.931750
FKIT,Y+X2_M9_r2,falafel,414,0.946866
FKIT,Y+X2_M9_r2,falafel,415,0.946768
FKIT,Y+X2_M9_r2,falafel,416,0.952630
FKIT,Y+X2_M9_r2,falafel,417,0.944186
FKIT,Y+X2_M9_r2,falafel,418,0.940572
FKIT,Y+X2_M9_r2,falafel,419,0.953460
FKIT,Y+X2_M9_r2,falafel,420,0.952677
FKIT,Y+X2_M9_r2,falafel,421,0.954963
FKIT,Y+X2_M9_r2,falafel,422,0.953121
FKIT,Y+X2_M9_r2,falafel,423,0.953583
FKIT,Y+X2_M9_r2,falafel,424,0.962517
FKIT,Y+X2_M9_r2,falafel,425,0.955331
FKIT,Y+X2_M9_r2,falafel,426,0.958803
FKIT,Y+X2_M9_r2,falafel,427,0.956689
FKIT,Y+X2_M9_r2,falafel,428,0.957879
FKIT,Y+X2_M9_r2,falafel,429,0.958260
FKIT,Y+X2_M9_r2,falafel,430,0.955792
FKIT,Y+X2_M9_r2,falafel,431,0.951477
FKIT,Y+X2_M9_r2,falafel,432,0.949652
FKIT,Y+X2_M9_r2,falafel,433,0.958826
FKIT,Y+X2_M9_r2,falafel,434,0.961701
FKIT,Y+X2_M9_r2,falafel,435,0.955910
FKIT,Y+X2_M9_r2,falafel,436,0.963949
FKIT,Y+X2_M9_r2,falafel,437,0.954720
FKIT,Y+X2_M9_r2,falafel,438,0.959420
FKIT,Y+X2_M9_r2,falafel,439,0.959646
FKIT,Y+X2_M9_r2,falafel,440,0.955698
FKIT,Y+X2_M9_r2,falafel,441,0.955457
FKIT,Y+X2_M9_r2,falafel,442,0.953211
FKIT,Y+X2_M9_r2,falafel,443,0.790867
FKIT,Y+X2_M9_r2,falafel,444,0.705958
FKIT,Y+X2_M9_r2,falafel,445,0.663396
FKIT,Y+X2_M9_r2,falafel,446,0.662234
FKIT,Y+X2_M9_r2,falafel,447,0.919044
FKIT,Y+X2_M9_r2,falafel,448,0.710957
FKIT,Y+X2_M9_r2,falafel,449,0.903723
FKIT,Y+X2_M9_r2,falafel,450,0.960595
FKIT,Y+X2_M9_r2,falafel,451,0.508307
FKIT,Y+X2_M9_r2,falafel,452,0.393758
FKIT,Y+X2_M9_r2,falafel,453,0.058425
FKIT,Y+X2_M9_r2,falafel,454,0.381111
FKIT,Y+X2_M9_r2,falafel,455,0.874322
FKIT,Y+X2_M9_r2,falafel,456,0.958634
FKIT,Y+X2_M9_r2,falafel,457,0.953177
FKIT,Y+X2_M9_r2,falafel,458,0.960010
FKIT,Y+X2_M9_r2,falafel,459,0.950606
FKIT,Y+X2_M9_r2,falafel,460,0.961242
FKIT,Y+X2_M9_r2,falafel,461,0.957993
FKIT,Y+X2_M9_r2,falafel,462,0.958624
FKIT,Y+X2_M9_r2,falafel,463,0.953063
FKIT,Y+X2_M9_r2,falafel,464,0.953409
FKIT,Y+X2_M9_r2,falafel,465,0.953465
FKIT,Y+X2_M9_r2,falafel,466,0.956576
FKIT,Y+X2_M9_r2,falafel,467,0.949290
FKIT,Y+X2_M9_r2,falafel,468,0.954119
FKIT,Y+X2_M9_r2,falafel,469,0.954476
FKIT,Y+X2_M9_r2,falafel,470,0.951947
FKIT,Y+X2_M9_r2,falafel,471,0.948280
FKIT,Y+X2_M9_r2,falafel,472,0.953290
FKIT,Y+X2_M9_r2,falafel,473,0.951250
FKIT,Y+X2_M9_r2,falafel,474,0.951256
FKIT,Y+X2_M9_r2,falafel,475,0.952309
FKIT,Y+X2_M9_r2,falafel,476,0.947743
FKIT,Y+X2_M9_r2,falafel,477,0.952172
FKIT,Y+X2_M9_r2,falafel,478,0.944804
FKIT,Y+X2_M9_r2,falafel,479,0.954968
FKIT,Y+X2_M9_r2,falafel,480,0.958699
FKIT,Y+X2_M9_r2,falafel,481,0.950793
FKIT,Y+X2_M9_r2,falafel,482,0.951816
FKIT,Y+X2_M9_r2,falafel,483,0.955196
FKIT,Y+X2_M9_r2,falafel,484,0.955740
FKIT,Y+X2_M9_r2,falafel,485,0.954415
FKIT,Y+X2_M9_r2,falafel,486,0.959496
FKIT,Y+X2_M9_r2,falafel,487,0.956082
FKIT,Y+X2_M9_r2,falafel,488,0.954466
FKIT,Y+X2_M9_r2,falafel,489,0.950050
FKIT,Y+X2_M9_r2,falafel,490,0.950555
FKIT,Y+X2_M9_r2,falafel,491,0.957230
FKIT,Y+X2_M9_r2,falafel,492,0.956894
FKIT,Y+X2_M9_r2,falafel,493,0.960928
FKIT,Y+X2_M9_r2,falafel,494,0.956738
FKIT,Y+X2_M9_r2,falafel,495,0.959281
FKIT,Y+X2_M9_r2,falafel,496,0.960530
FKIT,Y+X2_M9_r2,falafel,497,0.944910
FKIT,Y+X2_M9_r2,falafel,498,0.951515
FKIT,Y+X2_M9_r2,falafel,499,0.956412
FKIT,Y+X2_M9_r2,falafel,500,0.954304
FKIT,Y+X2_M9_r2,falafel,501,0.957474
FKIT,Y+X2_M9_r2,falafel,502,0.953685
FKIT,Y+X2_M9_r2,falafel,503,0.954454
FKIT,Y+X2_M9_r2,falafel,504,0.959548
FKIT,Y+X2_M9_r2,falafel,505,0.959690
FKIT,Y+X2_M9_r2,falafel,506,0.954110
FKIT,Y+X2_M9_r2,falafel,507,0.956343
FKIT,Y+X2_M9_r2,falafel,508,0.959067
FKIT,Y+X2_M9_r2,falafel,509,0.960888
FKIT,Y+X2_M9_r2,falafel,510,0.960254
FKIT,Y+X2_M9_r2,falafel,511,0.957070
FKIT,Y+X2_M9_r2,falafel,512,0.959755
FKIT,Y+X2_M9_r2,falafel,513,0.958179
FKIT,Y+X2_M9_r2,falafel,514,0.956761
FKIT,Y+X2_M9_r2,falafel,515,0.960167
FKIT,Y+X2_M9_r2,falafel,516,0.960041
FKIT,Y+X2_M9_r2,falafel,517,0.954697
FKIT,Y+X2_M9_r2,falafel,518,0.958280
FKIT,Y+X2_M9_r2,falafel,519,0.959311
FKIT,Y+X2_M9_r2,falafel,520,0.953015
FKIT,Y+X2_M9_r2,falafel,521,0.954928
FKIT,Y+X2_M9_r2,falafel,522,0.919871
FKIT,Y+X2_M9_r2,falafel,523,0.953073
FKIT,Y+X2_M9_r2,falafel,524,0.961198
FKIT,Y+X2_M9_r2,falafel,525,0.963303
FKIT,Y+X2_M9_r2,falafel,526,0.960035
FKIT,Y+X2_M9_r2,falafel,527,0.965889
FKIT,Y+X2_M9_r2,falafel,528,0.959656
FKIT,Y+X2_M9_r2,falafel,529,0.948970
FKIT,Y+X2_M9_r2,falafel,530,0.961343
FKIT,Y+X2_M9_r2,falafel,531,0.959398
FKIT,Y+X2_M9_r2,falafel,532,0.959306
FKIT,Y+X2_M9_r2,falafel,533,0.959261
FKIT,Y+X2_M9_r2,falafel,534,0.957648
FKIT,Y+X2_M9_r2,falafel,535,0.958842
FKIT,Y+X2_M9_r2,falafel,536,0.959831
FKIT,Y+X2_M9_r2,falafel,537,0.955641
FKIT,Y+X2_M9_r2,falafel,538,0.954276
FKIT,Y+X2_M9_r2,falafel,539,0.960438
FKIT,Y+X2_M9_r2,falafel,540,0.959884
FKIT,Y+X2_M9_r2,falafel,541,0.959191
FKIT,Y+X2_M9_r2,falafel,542,0.958849
FKIT,Y+X2_M9_r2,falafel,543,0.961077
FKIT,Y+X2_M9_r2,falafel,544,0.962168
FKIT,Y+X2_M9_r2,falafel,545,0.961077
FKIT,Y+X2_M9_r2,falafel,546,0.960250
FKIT,Y+X2_M9_r2,falafel,547,0.962196
FKIT,Y+X2_M9_r2,falafel,548,0.962209
FKIT,Y+X2_M9_r2,falafel,549,0.960130
FKIT,Y+X2_M9_r2,falafel,550,0.962651
FKIT,Y+X2_M9_r2,falafel,551,0.951901
FKIT,Y+X2_M9_r2,falafel,552,0.957246
FKIT,Y+X2_M9_r2,falafel,553,0.953125
FKIT,Y+X2_M9_r2,falafel,554,0.961957
FKIT,Y+X2_M9_r2,falafel,555,0.959128
FKIT,Y+X2_M9_r2,falafel,556,0.962963
FKIT,Y+X2_M9_r2,falafel,557,0.959502
FKIT,Y+X2_M9_r2,falafel,558,0.958028
FKIT,Y+X2_M9_r2,falafel,559,0.954219
FKIT,Y+X2_M9_r2,falafel,560,0.956636
FKIT,Y+X2_M9_r2,falafel,561,0.951955
FKIT,Y+X2_M9_r2,falafel,562,0.955968
FKIT,Y+X2_M9_r2,falafel,563,0.922677
FKIT,Y+X2_M9_r2,falafel,564,0.945074
FKIT,Y+X2_M9_r2,falafel,565,0.952008
FKIT,Y+X2_M9_r2,falafel,566,0.956637
FKIT,Y+X2_M9_r2,falafel,567,0.954964
FKIT,Y+X2_M9_r2,falafel,568,0.953247
FKIT,Y+X2_M9_r2,falafel,569,0.956288
FKIT,Y+X2_M9_r2,falafel,570,0.951118
FKIT,Y+X2_M9_r2,falafel,571,0.954088
FKIT,Y+X2_M9_r2,falafel,572,0.948774
FKIT,Y+X2_M9_r2,falafel,573,0.951114
FKIT,Y+X2_M9_r2,falafel,574,0.954617
FKIT,Y+X2_M9_r2,falafel,575,0.953325
FKIT,Y+X2_M9_r2,falafel,576,0.947438
FKIT,Y+X2_M9_r2,falafel,577,0.949187
FKIT,Y+X2_M9_r2,falafel,578,0.960328
FKIT,Y+X2_M9_r2,falafel,579,0.956113
FKIT,Y+X2_M9_r2,falafel,580,0.951731
FKIT,Y+X2_M9_r2,falafel,581,0.955213
FKIT,Y+X2_M9_r2,falafel,582,0.955689
FKIT,Y+X2_M9_r2,falafel,583,0.949765
FKIT,Y+X2_M9_r2,falafel,584,0.961322
FKIT,Y+X2_M9_r2,falafel,585,0.956063
FKIT,Y+X2_M9_r2,falafel,586,0.961905
FKIT,Y+X2_M9_r2,falafel,587,0.957877
FKIT,Y+X2_M9_r2,falafel,588,0.961446
FKIT,Y+X2_M9_r2,falafel,589,0.963240
FKIT,Y+X2_M9_r2,falafel,590,0.962103
FKIT,Y+X2_M9_r2,falafel,591,0.960611
FKIT,Y+X2_M9_r2,falafel,592,0.960477
FKIT,Y+X2_M9_r2,falafel,593,0.958499
FKIT,Y+X2_M9_r2,falafel,594,0.969134
FKIT,Y+X2_M9_r2,falafel,595,0.964622
FKIT,Y+X2_M9_r2,falafel,596,0.960867
FKIT,Y+X2_M9_r2,falafel,597,0.957488
FKIT,Y+X2_M9_r2,falafel,598,0.964474
FKIT,Y+X2_M9_r2,falafel,599,0.962586
FKIT,Y+X2_M9_r2,falafel,600,0.961603
FKIT,Y+X2_M9_r2,falafel,601,0.963149
FKIT,Y+X2_M9_r2,falafel,602,0.961512
FKIT,Y+X2_M9_r2,falafel,603,0.957090
FKIT,Y+X2_M9_r2,falafel,604,0.959464
FKIT,Y+X2_M9_r2,falafel,605,0.963198
FKIT,Y+X2_M9_r2,falafel,606,0.952066
FKIT,Y+X2_M9_r2,falafel,607,0.957929
FKIT,Y+X2_M9_r2,falafel,608,0.953895
FKIT,Y+X2_M9_r2,falafel,609,0.962810
FKIT,Y+X2_M9_r2,falafel,610,0.953503
FKIT,Y+X2_M9_r2,falafel,611,0.952139
FKIT,Y+X2_M9_r2,falafel,612,0.955777
FKIT,Y+X2_M9_r2,falafel,613,0.952780
FKIT,Y+X2_M9_r2,falafel,614,0.960283
FKIT,Y+X2_M9_r2,falafel,615,0.966910
FKIT,Y+X2_M9_r2,falafel,616,0.960526
FKIT,Y+X2_M9_r2,falafel,617,0.960082
FKIT,Y+X2_M9_r2,falafel,618,0.960891
FKIT,Y+X2_M9_r2,falafel,619,0.961870
FKIT,Y+X2_M9_r2,falafel,620,0.968000
FKIT,Y+X2_M9_r2,falafel,621,0.961780
FKIT,Y+X2_M9_r2,falafel,622,0.961977
FKIT,Y+X2_M9_r2,falafel,623,0.960613
FKIT,Y+X2_M9_r2,falafel,624,0.963187
FKIT,Y+X2_M9_r2,falafel,625,0.966389
FKIT,Y+X2_M9_r2,falafel,626,0.959325
FKIT,Y+X2_M9_r2,falafel,627,0.957417
FKIT,Y+X2_M9_r2,falafel,628,0.962818
FKIT,Y+X2_M9_r2,falafel,629,0.955244
FKIT,Y+X2_M9_r2,falafel,630,0.959265
FKIT,Y+X2_M9_r2,falafel,631,0.951926
FKIT,Y+X2_M9_r2,falafel,632,0.960516
FKIT,Y+X2_M9_r2,falafel,633,0.958564
FKIT,Y+X2_M9_r2,falafel,634,0.954869
FKIT,Y+X2_M9_r2,falafel,635,0.958997
FKIT,Y+X2_M9_r2,falafel,636,0.962840
FKIT,Y+X2_M9_r2,falafel,637,0.962404
FKIT,Y+X2_M9_r2,falafel,638,0.955902
FKIT,Y+X2_M9_r2,falafel,639,0.954987
FKIT,Y+X2_M9_r2,falafel,640,0.955237
FKIT,Y+X2_M9_r2,falafel,641,0.961507
FKIT,Y+X2_M9_r2,falafel,642,0.956434
FKIT,Y+X2_M9_r2,falafel,643,0.963505
FKIT,Y+X2_M9_r2,falafel,644,0.963373
FKIT,Y+X2_M9_r2,falafel,645,0.962339
FKIT,Y+X2_M9_r2,falafel,646,0.963713
FKIT,Y+X2_M9_r2,falafel,647,0.963799
FKIT,Y+X2_M9_r2,falafel,648,0.963357
FKIT,Y+X2_M9_r2,falafel,649,0.965120
FKIT,Y+X2_M9_r2,falafel,650,0.963516
FKIT,Y+X2_M9_r2,falafel,651,0.963825
FKIT,Y+X2_M9_r2,falafel,652,0.966912
FKIT,Y+X2_M9_r2,falafel,653,0.967552
FKIT,Y+X2_M9_r2,falafel,654,0.962784
FKIT,Y+X2_M9_r2,falafel,655,0.970336
FKIT,Y+X2_M9_r2,falafel,656,0.967725
FKIT,Y+X2_M9_r2,falafel,657,0.970995
FKIT,Y+X2_M9_r2,falafel,658,0.965136
FKIT,Y+X2_M9_r2,falafel,659,0.968376
FKIT,Y+X2_M9_r2,falafel,660,0.969624
FKIT,Y+X2_M9_r2,falafel,661,0.969115
FKIT,Y+X2_M9_r2,falafel,662,0.969717
FKIT,Y+X2_M9_r2,falafel,663,0.931691
FKIT,Y+X2_M9_r2,falafel,664,0.969833
FKIT,Y+X2_M9_r2,falafel,665,0.974453
FKIT,Y+X2_M9_r2,falafel,666,0.974144
FKIT,Y+X2_M9_r2,falafel,667,0.971175
FKIT,Y+X2_M9_r2,falafel,668,0.977476
FKIT,Y+X2_M9_r2,falafel,669,0.978209
FKIT,Y+X2_M9_r2,falafel,670,0.982685
FKIT,Y+X2_M9_r2,falafel,671,0.983784
FKIT,Y+X2_M9_r2,falafel,672,0.983378
FKIT,Y+X2_M9_r2,falafel,673,0.982374
FKIT,Y+X2_M9_r2,falafel,674,0.986654
FKIT,Y+X2_M9_r2,falafel,675,0.984978
FKIT,Y+X2_M9_r2,falafel,676,0.986555
FKIT,Y+X2_M9_r2,falafel,677,0.986909
FKIT,Y+X2_M9_r2,falafel,678,0.986151
FKIT,Y+X2_M9_r2,falafel,679,0.977726
FKIT,Y+X2_M9_r2,falafel,680,0.984312
FKIT,Y+X2_M9_r2,falafel,681,0.000000
FKIT,Y+X2_M9_r2,falafel,682,0.985964
FKIT,Y+X2_M9_r2,falafel,683,0.837977
FKIT,Y+X2_M9_r2,falafel,684,0.581372
FKIT,Y+X2_M9_r2,falafel,685,0.812372
FKIT,Y+X2_M9_r2,falafel,686,0.986022
FKIT,Y+X2_M9_r2,falafel,687,0.986359
FKIT,Y+X2_M9_r2,falafel,688,0.984736
FKIT,Y+X2_M9_r2,falafel,689,0.989673
FKIT,Y+X2_M9_r2,falafel,690,0.987824
FKIT,Y+X2_M9_r2,falafel,691,0.988684
FKIT,Y+X2_M9_r2,falafel,692,0.986470
FKIT,Y+X2_M9_r2,falafel,693,0.989060
FKIT,Y+X2_M9_r2,falafel,694,0.991143
FKIT,Y+X2_M9_r2,falafel,695,0.986300
FKIT,Y+X2_M9_r2,falafel,696,0.985368
FKIT,Y+X2_M9_r2,falafel,697,0.983993
FKIT,Y+X2_M9_r2,falafel,698,0.986674
FKIT,Y+X2_M9_r2,falafel,699,0.984475
FKIT,Y+X2_M9_r2,falafel,700,0.982722
FKIT,Y+X2_M9_r2,falafel,701,0.980619
FKIT,Y+X2_M9_r2,falafel,702,0.980513
FKIT,Y+X2_M9_r2,falafel,703,0.979787
FKIT,Y+X2_M9_r2,falafel,704,0.983537
FKIT,Y+X2_M9_r2,falafel,705,0.979138
FKIT,Y+X2_M9_r2,falafel,706,0.976911
FKIT,Y+X2_M9_r2,falafel,707,0.975552
FKIT,Y+X2_M9_r2,falafel,708,0.965616
FKIT,Y+X2_M9_r2,falafel,709,0.972082
FKIT,Y+X2_M9_r2,falafel,710,0.969449
FKIT,Y+X2_M9_r2,falafel,711,0.970262
FKIT,Y+X2_M9_r2,falafel,712,0.938105
FKIT,Y+X2_M9_r2,falafel,713,0.970113
FKIT,Y+X2_M9_r2,falafel,714,0.970653
FKIT,Y+X2_M9_r2,falafel,715,0.972767
FKIT,Y+X2_M9_r2,falafel,716,0.973948
FKIT,Y+X2_M9_r2,falafel,717,0.972496
FKIT,Y+X2_M9_r2,falafel,718,0.972970
FKIT,Y+X2_M9_r2,falafel,719,0.971807
FKIT,Y+X2_M9_r2,falafel,720,0.974160
FKIT,Y+X2_M9_r2,falafel,721,0.972357
FKIT,Y+X2_M9_r2,falafel,722,0.970729
FKIT,Y+X2_M9_r2,falafel,723,0.968460
FKIT,Y+X2_M9_r2,falafel,724,0.946198
FKIT,Y+X2_M9_r2,falafel,725,0.970191
FKIT,Y+X2_M9_r2,falafel,726,0.969012
FKIT,Y+X2_M9_r2,falafel,727,0.968065
FKIT,Y+X2_M9_r2,falafel,728,0.968974
FKIT,Y+X2_M9_r2,falafel,729,0.970242
FKIT,Y+X2_M9_r2,falafel,730,0.966234
FKIT,Y+X2_M9_r2,falafel,731,0.968108
FKIT,Y+X2_M9_r2,falafel,732,0.972597
FKIT,Y+X2_M9_r2,falafel,733,0.971639
FKIT,Y+X2_M9_r2,falafel,734,0.970358
FKIT,Y+X2_M9_r2,falafel,735,0.968945
FKIT,Y+X2_M9_r2,falafel,736,0.968799
FKIT,Y+X2_M9_r2,falafel,737,0.971370
FKIT,Y+X2_M9_r2,falafel,738,0.975230
FKIT,Y+X2_M9_r2,falafel,739,0.976533
FKIT,Y+X2_M9_r2,falafel,740,0.976349
FKIT,Y+X2_M9_r2,falafel,741,0.976255
FKIT,Y+X2_M9_r2,falafel,742,0.972076
FKIT,Y+X2_M9_r2,falafel,743,0.978243
FKIT,Y+X2_M9_r2,falafel,744,0.975813
FKIT,Y+X2_M9_r2,falafel,745,0.974973
FKIT,Y+X2_M9_r2,falafel,746,0.979100
FKIT,Y+X2_M9_r2,falafel,747,0.977103
FKIT,Y+X2_M9_r2,falafel,748,0.977607
FKIT,Y+X2_M9_r2,falafel,749,0.976468
FKIT,Y+X2_M9_r2,falafel,750,0.972852
FKIT,Y+X2_M9_r2,falafel,751,0.978085
FKIT,Y+X2_M9_r2,falafel,752,0.977185
FKIT,Y+X2_M9_r2,falafel,753,0.974197
FKIT,Y+X2_M9_r2,falafel,754,0.972362
FKIT,Y+X2_M9_r2,falafel,755,0.971890
FKIT,Y+X2_M9_r2,falafel,756,0.972697
FKIT,Y+X2_M9_r2,falafel,757,0.974325
FKIT,Y+X2_M9_r2,falafel,758,0.969261
FKIT,Y+X2_M9_r2,falafel,759,0.970661
FKIT,Y+X2_M9_r2,falafel,760,0.977042
FKIT,Y+X2_M9_r2,falafel,761,0.974101
FKIT,Y+X2_M9_r2,falafel,762,0.970666
FKIT,Y+X2_M9_r2,falafel,763,0.971179
FKIT,Y+X2_M9_r2,falafel,764,0.975109
FKIT,Y+X2_M9_r2,falafel,765,0.969515
FKIT,Y+X2_M9_r2,falafel,766,0.973302
FKIT,Y+X2_M9_r2,falafel,767,0.969157
FKIT,Y+X2_M9_r2,falafel,768,0.972628
FKIT,Y+X2_M9_r2,falafel,769,0.972958
FKIT,Y+X2_M9_r2,falafel,770,0.970950
FKIT,Y+X2_M9_r2,falafel,771,0.973767
FKIT,Y+X2_M9_r2,falafel,772,0.973536
FKIT,Y+X2_M9_r2,falafel,773,0.969524
FKIT,Y+X2_M9_r2,falafel,774,0.973385
FKIT,Y+X2_M9_r2,falafel,775,0.970856
FKIT,Y+X2_M9_r2,falafel,776,0.972001
FKIT,Y+X2_M9_r2,falafel,777,0.972169
FKIT,Y+X2_M9_r2,falafel,778,0.974974
FKIT,Y+X2_M9_r2,falafel,779,0.977006
FKIT,Y+X2_M9_r2,falafel,780,0.970621
FKIT,Y+X2_M9_r2,falafel,781,0.970594
FKIT,Y+X2_M9_r2,falafel,782,0.975322
FKIT,Y+X2_M9_r2,falafel,783,0.974479
FKIT,Y+X2_M9_r2,falafel,784,0.976666
FKIT,Y+X2_M9_r2,falafel,785,0.974782
FKIT,Y+X2_M9_r2,falafel,786,0.979109
FKIT,Y+X2_M9_r2,falafel,787,0.982091
FKIT,Y+X2_M9_r2,falafel,788,0.980333
FKIT,Y+X2_M9_r2,falafel,789,0.979109
FKIT,Y+X2_M9_r2,falafel,790,0.981322
FKIT,Y+X2_M9_r2,falafel,791,0.982702
FKIT,Y+X2_M9_r2,falafel,792,0.982380
FKIT,Y+X2_M9_r2,falafel,793,0.983196
FKIT,Y+X2_M9_r2,falafel,794,0.984823
FKIT,Y+X2_M9_r2,falafel,795,0.980846
FKIT,Y+X2_M9_r2,falafel,796,0.982320
FKIT,Y+X2_M9_r2,falafel,797,0.980901
FKIT,Y+X2_M9_r2,falafel,798,0.981635
FKIT,Y+X2_M9_r2,falafel,799,0.978612
FKIT,Y+X2_M9_r2,falafel,800,0.981553
FKIT,Y+X2_M9_r2,falafel,801,0.981752
FKIT,Y+X2_M9_r2,falafel,802,0.981029
FKIT,Y+X2_M9_r2,falafel,803,0.980339
FKIT,Y+X2_M9_r2,falafel,804,0.984732
FKIT,Y+X2_M9_r2,falafel,805,0.981063
FKIT,Y+X2_M9_r2,falafel,806,0.978882
FKIT,Y+X2_M9_r2,falafel,807,0.980100
FKIT,Y+X2_M9_r2,falafel,808,0.983973
FKIT,Y+X2_M9_r2,falafel,809,0.982867
FKIT,Y+X2_M9_r2,falafel,810,0.982238
FKIT,Y+X2_M9_r2,falafel,811,0.982725
FKIT,Y+X2_M9_r2,falafel,812,0.983804
FKIT,Y+X2_M9_r2,falafel,813,0.986210
FKIT,Y+X2_M9_r2,falafel,814,0.990172
FKIT,Y+X2_M9_r2,falafel,815,0.982510
FKIT,Y+X2_M9_r2,falafel,816,0.988798
FKIT,Y+X2_M9_r2,falafel,817,0.991070
FKIT,Y+X2_M9_r2,falafel,818,0.990793
FKIT,Y+X2_M9_r2,falafel,819,0.990793
FKIT,Y+X2_M9_r2,falafel,820,0.990976
FKIT,Y+X2_M9_r2,falafel,821,0.992777
FKIT,Y+X2_M9_r2,falafel,822,0.992879
FKIT,Y+X2_M9_r2,falafel,823,0.991476
FKIT,Y+X2_M9_r2,falafel,824,0.991222
FKIT,Y+X2_M9_r2,falafel,825,0.990159
FKIT,Y+X2_M9_r2,falafel,826,0.990620
FKIT,Y+X2_M9_r2,falafel,827,0.989915
FKIT,Y+X2_M9_r2,falafel,828,0.988296
FKIT,Y+X2_M9_r2,falafel,829,0.990337
FKIT,Y+X2_M9_r2,falafel,830,0.991736
FKIT,Y+X2_M9_r2,falafel,831,0.990629
FKIT,Y+X2_M9_r2,falafel,832,0.992818
FKIT,Y+X2_M9_r2,falafel,833,0.991984
FKIT,Y+X2_M9_r2,falafel,834,0.992229
FKIT,Y+X2_M9_r2,falafel,835,0.993355
FKIT,Y+X2_M9_r2,falafel,836,0.992750
FKIT,Y+X2_M9_r2,falafel,837,0.990795
FKIT,Y+X2_M9_r2,falafel,838,0.992054
FKIT,Y+X2_M9_r2,falafel,839,0.988907
FKIT,Y+X2_M9_r2,falafel,840,0.988397
FKIT,Y+X2_M9_r2,falafel,841,0.988832
FKIT,Y+X2_M9_r2,falafel,842,0.987577
FKIT,Y+X2_M9_r2,falafel,843,0.990103
FKIT,Y+X2_M9_r2,falafel,844,0.990237
FKIT,Y+X2_M9_r2,falafel,845,0.986481
FKIT,Y+X2_M9_r2,falafel,846,0.987618
FKIT,Y+X2_M9_r2,falafel,847,0.982360
FKIT,Y+X2_M9_r2,falafel,848,0.983800
FKIT,Y+X2_M9_r2,falafel,849,0.984640
FKIT,Y+X2_M9_r2,falafel,850,0.982905
FKIT,Y+X2_M9_r2,falafel,851,0.979171
FKIT,Y+X2_M9_r2,falafel,852,0.980338
FKIT,Y+X2_M9_r2,falafel,853,0.979113
FKIT,Y+X2_M9_r2,falafel,854,0.981812
FKIT,Y+X2_M9_r2,falafel,855,0.979270
FKIT,Y+X2_M9_r2,falafel,856,0.979089
FKIT,Y+X2_M9_r2,falafel,857,0.978863
FKIT,Y+X2_M9_r2,falafel,858,0.975891
FKIT,Y+X2_M9_r2,falafel,859,0.978723
FKIT,Y+X2_M9_r2,falafel,860,0.978790
FKIT,Y+X2_M9_r2,falafel,861,0.981990
FKIT,Y+X2_M9_r2,falafel,862,0.981064
FKIT,Y+X2_M9_r2,falafel,863,0.981151
FKIT,Y+X2_M9_r2,falafel,864,0.982383
FKIT,Y+X2_M9_r2,falafel,865,0.978747
FKIT,Y+X2_M9_r2,falafel,866,0.973979
FKIT,Y+X2_M9_r2,falafel,867,0.976032
FKIT,Y+X2_M9_r2,falafel,868,0.976541
FKIT,Y+X2_M9_r2,falafel,869,0.976212
FKIT,Y+X2_M9_r2,falafel,870,0.974644
FKIT,Y+X2_M9_r2,falafel,871,0.972442
FKIT,Y+X2_M9_r2,falafel,872,0.972731
FKIT,Y+X2_M9_r2,falafel,873,0.972372
FKIT,Y+X2_M9_r2,falafel,874,0.975444
FKIT,Y+X2_M9_r2,falafel,875,0.971962
FKIT,Y+X2_M9_r2,falafel,876,0.972347
FKIT,Y+X2_M9_r2,falafel,877,0.972288
FKIT,Y+X2_M9_r2,falafel,878,0.969753
FKIT,Y+X2_M9_r2,falafel,879,0.972632
FKIT,Y+X2_M9_r2,falafel,880,0.973468
FKIT,Y+X2_M9_r2,falafel,881,0.972527
FKIT,Y+X2_M9_r2,falafel,882,0.974144
FKIT,Y+X2_M9_r2,falafel,883,0.970115
FKIT,Y+X2_M9_r2,falafel,884,0.975527
FKIT,Y+X2_M9_r2,falafel,885,0.976074
FKIT,Y+X2_M9_r2,falafel,886,0.978190
FKIT,Y+X2_M9_r2,falafel,887,0.974662
FKIT,Y+X2_M9_r2,falafel,888,0.972305
FKIT,Y+X2_M9_r2,falafel,889,0.973932
FKIT,Y+X2_M9_r2,falafel,890,0.972770
FKIT,Y+X2_M9_r2,falafel,891,0.951605
FKIT,Y+X2_M9_r2,falafel,892,0.970719
FKIT,Y+X2_M9_r2,falafel,893,0.971288
FKIT,Y+X2_M9_r2,falafel,894,0.974913
FKIT,Y+X2_M9_r2,falafel,895,0.975077
FKIT,Y+X2_M9_r2,falafel,896,0.972123
FKIT,Y+X2_M9_r2,falafel,897,0.977799
FKIT,Y+X2_M9_r2,falafel,898,0.975017
FKIT,Y+X2_M9_r2,falafel,899,0.975072
FKIT,Y+X2_M9_r2,falafel,900,0.971499
FKIT,Y+X2_M9_r2,falafel,901,0.975302
FKIT,Y+X2_M9_r2,falafel,902,0.975283
FKIT,Y+X2_M9_r2,falafel,903,0.976295
FKIT,Y+X2_M9_r2,falafel,904,0.976313
FKIT,Y+X2_M9_r2,falafel,905,0.975077
FKIT,Y+X2_M9_r2,falafel,906,0.975726
FKIT,Y+X2_M9_r2,falafel,907,0.974053
FKIT,Y+X2_M9_r2,falafel,908,0.975085
FKIT,Y+X2_M9_r2,falafel,909,0.977746
FKIT,Y+X2_M9_r2,falafel,910,0.978889
FKIT,Y+X2_M9_r2,falafel,911,0.979772
FKIT,Y+X2_M9_r2,falafel,912,0.978146
FKIT,Y+X2_M9_r2,falafel,913,0.982261
FKIT,Y+X2_M9_r2,falafel,914,0.983484
FKIT,Y+X2_M9_r2,falafel,915,0.983631
FKIT,Y+X2_M9_r2,falafel,916,0.984781
FKIT,Y+X2_M9_r2,falafel,917,0.984355
FKIT,Y+X2_M9_r2,falafel,918,0.986325
FKIT,Y+X2_M9_r2,falafel,919,0.986429
FKIT,Y+X2_M9_r2,falafel,920,0.986056
FKIT,Y+X2_M9_r2,falafel,921,0.987529
FKIT,Y+X2_M9_r2,falafel,922,0.984744
FKIT,Y+X2_M9_r2,falafel,923,0.983979
FKIT,Y+X2_M9_r2,falafel,924,0.987121
FKIT,Y+X2_M9_r2,falafel,925,0.986700
FKIT,Y+X2_M9_r2,falafel,926,0.987240
FKIT,Y+X2_M9_r2,falafel,927,0.987269
FKIT,Y+X2_M9_r2,falafel,928,0.986665
FKIT,Y+X2_M9_r2,french_bread,0,0.934041
FKIT,Y+X2_M9_r2,french_bread,1,0.927533
FKIT,Y+X2_M9_r2,french_bread,2,0.929467
FKIT,Y+X2_M9_r2,french_bread,3,0.932642
FKIT,Y+X2_M9_r2,french_bread,4,0.930422
FKIT,Y+X2_M9_r2,french_bread,5,0.926719
FKIT,Y+X2_M9_r2,french_bread,6,0.931646
FKIT,Y+X2_M9_r2,french_bread,7,0.931150
FKIT,Y+X2_M9_r2,french_bread,8,0.931032
FKIT,Y+X2_M9_r2,french_bread,9,0.932145
FKIT,Y+X2_M9_r2,french_bread,10,0.927407
FKIT,Y+X2_M9_r2,french_bread,11,0.935319
FKIT,Y+X2_M9_r2,french_bread,12,0.936012
FKIT,Y+X2_M9_r2,french_bread,13,0.938627
FKIT,Y+X2_M9_r2,french_bread,14,0.946117
FKIT,Y+X2_M9_r2,french_bread,15,0.945174
FKIT,Y+X2_M9_r2,french_bread,16,0.940136
FKIT,Y+X2_M9_r2,french_bread,17,0.952358
FKIT,Y+X2_M9_r2,french_bread,18,0.947027
FKIT,Y+X2_M9_r2,french_bread,19,0.947448
FKIT,Y+X2_M9_r2,french_bread,20,0.953089
FKIT,Y+X2_M9_r2,french_bread,21,0.952518
FKIT,Y+X2_M9_r2,french_bread,22,0.948361
FKIT,Y+X2_M9_r2,french_bread,23,0.952596
FKIT,Y+X2_M9_r2,french_bread,24,0.952535
FKIT,Y+X2_M9_r2,french_bread,25,0.951898
FKIT,Y+X2_M9_r2,french_bread,26,0.947287
FKIT,Y+X2_M9_r2,french_bread,27,0.951667
FKIT,Y+X2_M9_r2,french_bread,28,0.952416
FKIT,Y+X2_M9_r2,french_bread,29,0.950896
FKIT,Y+X2_M9_r2,french_bread,30,0.951221
FKIT,Y+X2_M9_r2,french_bread,31,0.954823
FKIT,Y+X2_M9_r2,french_bread,32,0.957682
FKIT,Y+X2_M9_r2,french_bread,33,0.957604
FKIT,Y+X2_M9_r2,french_bread,34,0.958627
FKIT,Y+X2_M9_r2,french_bread,35,0.958223
FKIT,Y+X2_M9_r2,french_bread,36,0.951483
FKIT,Y+X2_M9_r2,french_bread,37,0.950683
FKIT,Y+X2_M9_r2,french_bread,38,0.960598
FKIT,Y+X2_M9_r2,french_bread,39,0.957925
FKIT,Y+X2_M9_r2,french_bread,40,0.944803
FKIT,Y+X2_M9_r2,french_bread,41,0.953976
FKIT,Y+X2_M9_r2,french_bread,42,0.950078
FKIT,Y+X2_M9_r2,french_bread,43,0.950715
FKIT,Y+X2_M9_r2,french_bread,44,0.956670
FKIT,Y+X2_M9_r2,french_bread,45,0.952494
FKIT,Y+X2_M9_r2,french_bread,46,0.954685
FKIT,Y+X2_M9_r2,french_bread,47,0.955347
FKIT,Y+X2_M9_r2,french_bread,48,0.953027
FKIT,Y+X2_M9_r2,french_bread,49,0.952381
FKIT,Y+X2_M9_r2,french_bread,50,0.952313
FKIT,Y+X2_M9_r2,french_bread,51,0.953464
FKIT,Y+X2_M9_r2,french_bread,52,0.956451
FKIT,Y+X2_M9_r2,french_bread,53,0.958197
FKIT,Y+X2_M9_r2,french_bread,54,0.958016
FKIT,Y+X2_M9_r2,french_bread,55,0.955255
FKIT,Y+X2_M9_r2,french_bread,56,0.961220
FKIT,Y+X2_M9_r2,french_bread,57,0.958756
FKIT,Y+X2_M9_r2,french_bread,58,0.960640
FKIT,Y+X2_M9_r2,french_bread,59,0.960682
FKIT,Y+X2_M9_r2,french_bread,60,0.957308
FKIT,Y+X2_M9_r2,french_bread,61,0.961548
FKIT,Y+X2_M9_r2,french_bread,62,0.958947
FKIT,Y+X2_M9_r2,french_bread,63,0.956754
FKIT,Y+X2_M9_r2,french_bread,64,0.958309
FKIT,Y+X2_M9_r2,french_bread,65,0.957161
FKIT,Y+X2_M9_r2,french_bread,66,0.958744
FKIT,Y+X2_M9_r2,french_bread,67,0.960215
FKIT,Y+X2_M9_r2,french_bread,68,0.963090
FKIT,Y+X2_M9_r2,french_bread,69,0.961130
FKIT,Y+X2_M9_r2,french_bread,70,0.959852
FKIT,Y+X2_M9_r2,french_bread,71,0.958917
FKIT,Y+X2_M9_r2,french_bread,72,0.958952
FKIT,Y+X2_M9_r2,french_bread,73,0.962824
FKIT,Y+X2_M9_r2,french_bread,74,0.962799
FKIT,Y+X2_M9_r2,french_bread,75,0.959758
FKIT,Y+X2_M9_r2,french_bread,76,0.962240
FKIT,Y+X2_M9_r2,french_bread,77,0.962526
FKIT,Y+X2_M9_r2,french_bread,78,0.957603
FKIT,Y+X2_M9_r2,french_bread,79,0.962820
FKIT,Y+X2_M9_r2,french_bread,80,0.965539
FKIT,Y+X2_M9_r2,french_bread,81,0.964737
FKIT,Y+X2_M9_r2,french_bread,82,0.962306
FKIT,Y+X2_M9_r2,french_bread,83,0.963695
FKIT,Y+X2_M9_r2,french_bread,84,0.968116
FKIT,Y+X2_M9_r2,french_bread,85,0.966883
FKIT,Y+X2_M9_r2,french_bread,86,0.964775
FKIT,Y+X2_M9_r2,french_bread,87,0.969372
FKIT,Y+X2_M9_r2,french_bread,88,0.965068
FKIT,Y+X2_M9_r2,french_bread,89,0.965827
FKIT,Y+X2_M9_r2,french_bread,90,0.961707
FKIT,Y+X2_M9_r2,french_bread,91,0.965442
FKIT,Y+X2_M9_r2,french_bread,92,0.965402
FKIT,Y+X2_M9_r2,french_bread,93,0.961623
FKIT,Y+X2_M9_r2,french_bread,94,0.965538
FKIT,Y+X2_M9_r2,french_bread,95,0.961012
FKIT,Y+X2_M9_r2,french_bread,96,0.955922
FKIT,Y+X2_M9_r2,french_bread,97,0.957774
FKIT,Y+X2_M9_r2,french_bread,98,0.956856
FKIT,Y+X2_M9_r2,french_bread,99,0.957134
FKIT,Y+X2_M9_r2,french_bread,100,0.956912
FKIT,Y+X2_M9_r2,french_bread,101,0.959259
FKIT,Y+X2_M9_r2,french_bread,102,0.956172
FKIT,Y+X2_M9_r2,french_bread,103,0.958919
FKIT,Y+X2_M9_r2,french_bread,104,0.957876
FKIT,Y+X2_M9_r2,french_bread,105,0.953251
FKIT,Y+X2_M9_r2,french_bread,106,0.957447
FKIT,Y+X2_M9_r2,french_bread,107,0.953431
FKIT,Y+X2_M9_r2,french_bread,108,0.955701
FKIT,Y+X2_M9_r2,french_bread,109,0.958910
FKIT,Y+X2_M9_r2,french_bread,110,0.955536
FKIT,Y+X2_M9_r2,french_bread,111,0.956535
FKIT,Y+X2_M9_r2,french_bread,112,0.960115
FKIT,Y+X2_M9_r2,french_bread,113,0.954978
FKIT,Y+X2_M9_r2,french_bread,114,0.954098
FKIT,Y+X2_M9_r2,french_bread,115,0.957973
FKIT,Y+X2_M9_r2,french_bread,116,0.957736
FKIT,Y+X2_M9_r2,french_bread,117,0.957604
FKIT,Y+X2_M9_r2,french_bread,118,0.956894
FKIT,Y+X2_M9_r2,french_bread,119,0.955313
FKIT,Y+X2_M9_r2,french_bread,120,0.954687
FKIT,Y+X2_M9_r2,french_bread,121,0.959703
FKIT,Y+X2_M9_r2,french_bread,122,0.960153
FKIT,Y+X2_M9_r2,french_bread,123,0.960464
FKIT,Y+X2_M9_r2,french_bread,124,0.959386
FKIT,Y+X2_M9_r2,french_bread,125,0.963358
FKIT,Y+X2_M9_r2,french_bread,126,0.961544
FKIT,Y+X2_M9_r2,french_bread,127,0.957696
FKIT,Y+X2_M9_r2,french_bread,128,0.959373
FKIT,Y+X2_M9_r2,french_bread,129,0.957477
FKIT,Y+X2_M9_r2,french_bread,130,0.960056
FKIT,Y+X2_M9_r2,french_bread,131,0.955803
FKIT,Y+X2_M9_r2,french_bread,132,0.957342
FKIT,Y+X2_M9_r2,french_bread,133,0.954867
FKIT,Y+X2_M9_r2,french_bread,134,0.958333
FKIT,Y+X2_M9_r2,french_bread,135,0.956628
FKIT,Y+X2_M9_r2,french_bread,136,0.958503
FKIT,Y+X2_M9_r2,french_bread,137,0.956041
FKIT,Y+X2_M9_r2,french_bread,138,0.956955
FKIT,Y+X2_M9_r2,french_bread,139,0.960877
FKIT,Y+X2_M9_r2,french_bread,140,0.959635
FKIT,Y+X2_M9_r2,french_bread,141,0.960336
FKIT,Y+X2_M9_r2,french_bread,142,0.958676
FKIT,Y+X2_M9_r2,french_bread,143,0.960048
FKIT,Y+X2_M9_r2,french_bread,144,0.958103
FKIT,Y+X2_M9_r2,french_bread,145,0.963169
FKIT,Y+X2_M9_r2,french_bread,146,0.960686
FKIT,Y+X2_M9_r2,french_bread,147,0.960919
FKIT,Y+X2_M9_r2,french_bread,148,0.959143
FKIT,Y+X2_M9_r2,french_bread,149,0.957615
FKIT,Y+X2_M9_r2,french_bread,150,0.932293
FKIT,Y+X2_M9_r2,french_bread,151,0.956442
FKIT,Y+X2_M9_r2,french_bread,152,0.958194
FKIT,Y+X2_M9_r2,french_bread,153,0.956827
FKIT,Y+X2_M9_r2,french_bread,154,0.959054
FKIT,Y+X2_M9_r2,french_bread,155,0.957956
FKIT,Y+X2_M9_r2,french_bread,156,0.956571
FKIT,Y+X2_M9_r2,french_bread,157,0.956325
FKIT,Y+X2_M9_r2,french_bread,158,0.954079
FKIT,Y+X2_M9_r2,french_bread,159,0.952949
FKIT,Y+X2_M9_r2,french_bread,160,0.950076
FKIT,Y+X2_M9_r2,french_bread,161,0.947255
FKIT,Y+X2_M9_r2,french_bread,162,0.957266
FKIT,Y+X2_M9_r2,french_bread,163,0.950053
FKIT,Y+X2_M9_r2,french_bread,164,0.947584
FKIT,Y+X2_M9_r2,french_bread,165,0.941189
FKIT,Y+X2_M9_r2,french_bread,166,0.945657
FKIT,Y+X2_M9_r2,french_bread,167,0.940830
FKIT,Y+X2_M9_r2,french_bread,168,0.946214
FKIT,Y+X2_M9_r2,french_bread,169,0.939265
FKIT,Y+X2_M9_r2,french_bread,170,0.942035
FKIT,Y+X2_M9_r2,french_bread,171,0.942222
FKIT,Y+X2_M9_r2,french_bread,172,0.945825
FKIT,Y+X2_M9_r2,french_bread,173,0.941265
FKIT,Y+X2_M9_r2,french_bread,174,0.943216
FKIT,Y+X2_M9_r2,french_bread,175,0.938865
FKIT,Y+X2_M9_r2,french_bread,176,0.940801
FKIT,Y+X2_M9_r2,french_bread,177,0.938922
FKIT,Y+X2_M9_r2,french_bread,178,0.933776
FKIT,Y+X2_M9_r2,french_bread,179,0.954990
FKIT,Y+X2_M9_r2,french_bread,180,0.939560
FKIT,Y+X2_M9_r2,french_bread,181,0.940078
FKIT,Y+X2_M9_r2,french_bread,182,0.943837
FKIT,Y+X2_M9_r2,french_bread,183,0.938313
FKIT,Y+X2_M9_r2,french_bread,184,0.943456
FKIT,Y+X2_M9_r2,french_bread,185,0.941402
FKIT,Y+X2_M9_r2,french_bread,186,0.939359
FKIT,Y+X2_M9_r2,french_bread,187,0.937044
FKIT,Y+X2_M9_r2,french_bread,188,0.942043
FKIT,Y+X2_M9_r2,french_bread,189,0.949160
FKIT,Y+X2_M9_r2,french_bread,190,0.945680
FKIT,Y+X2_M9_r2,french_bread,191,0.947919
FKIT,Y+X2_M9_r2,french_bread,192,0.946940
FKIT,Y+X2_M9_r2,french_bread,193,0.947762
FKIT,Y+X2_M9_r2,french_bread,194,0.943148
FKIT,Y+X2_M9_r2,french_bread,195,0.944755
FKIT,Y+X2_M9_r2,french_bread,196,0.905751
FKIT,Y+X2_M9_r2,french_bread,197,0.943023
FKIT,Y+X2_M9_r2,french_bread,198,0.942665
FKIT,Y+X2_M9_r2,french_bread,199,0.940879
FKIT,Y+X2_M9_r2,french_bread,200,0.942736
FKIT,Y+X2_M9_r2,french_bread,201,0.943815
FKIT,Y+X2_M9_r2,french_bread,202,0.940745
FKIT,Y+X2_M9_r2,french_bread,203,0.941799
FKIT,Y+X2_M9_r2,french_bread,204,0.945055
FKIT,Y+X2_M9_r2,french_bread,205,0.942330
FKIT,Y+X2_M9_r2,french_bread,206,0.941480
FKIT,Y+X2_M9_r2,french_bread,207,0.946530
FKIT,Y+X2_M9_r2,french_bread,208,0.944544
FKIT,Y+X2_M9_r2,french_bread,209,0.948222
FKIT,Y+X2_M9_r2,french_bread,210,0.945031
FKIT,Y+X2_M9_r2,french_bread,211,0.949727
FKIT,Y+X2_M9_r2,french_bread,212,0.945670
FKIT,Y+X2_M9_r2,french_bread,213,0.942236
FKIT,Y+X2_M9_r2,french_bread,214,0.945341
FKIT,Y+X2_M9_r2,french_bread,215,0.944047
FKIT,Y+X2_M9_r2,french_bread,216,0.944127
FKIT,Y+X2_M9_r2,french_bread,217,0.948337
FKIT,Y+X2_M9_r2,french_bread,218,0.945359
FKIT,Y+X2_M9_r2,french_bread,219,0.941775
FKIT,Y+X2_M9_r2,french_bread,220,0.940257
FKIT,Y+X2_M9_r2,french_bread,221,0.940477
FKIT,Y+X2_M9_r2,french_bread,222,0.943305
FKIT,Y+X2_M9_r2,french_bread,223,0.944569
FKIT,Y+X2_M9_r2,french_bread,224,0.942536
FKIT,Y+X2_M9_r2,french_bread,225,0.943991
FKIT,Y+X2_M9_r2,french_bread,226,0.939815
FKIT,Y+X2_M9_r2,french_bread,227,0.941697
FKIT,Y+X2_M9_r2,french_bread,228,0.941938
FKIT,Y+X2_M9_r2,french_bread,229,0.940230
FKIT,Y+X2_M9_r2,french_bread,230,0.945905
FKIT,Y+X2_M9_r2,french_bread,231,0.945568
FKIT,Y+X2_M9_r2,french_bread,232,0.945510
FKIT,Y+X2_M9_r2,french_bread,233,0.943290
FKIT,Y+X2_M9_r2,french_bread,234,0.949230
FKIT,Y+X2_M9_r2,french_bread,235,0.949870
FKIT,Y+X2_M9_r2,french_bread,236,0.951160
FKIT,Y+X2_M9_r2,french_bread,237,0.949472
FKIT,Y+X2_M9_r2,french_bread,238,0.948386
FKIT,Y+X2_M9_r2,french_bread,239,0.951400
FKIT,Y+X2_M9_r2,french_bread,240,0.954739
FKIT,Y+X2_M9_r2,french_bread,241,0.952639
FKIT,Y+X2_M9_r2,french_bread,242,0.954361
FKIT,Y+X2_M9_r2,french_bread,243,0.955268
FKIT,Y+X2_M9_r2,french_bread,244,0.954901
FKIT,Y+X2_M9_r2,french_bread,245,0.951993
FKIT,Y+X2_M9_r2,french_bread,246,0.950387
FKIT,Y+X2_M9_r2,french_bread,247,0.948068
FKIT,Y+X2_M9_r2,french_bread,248,0.948442
FKIT,Y+X2_M9_r2,french_bread,249,0.948867
FKIT,Y+X2_M9_r2,french_bread,250,0.951341
FKIT,Y+X2_M9_r2,french_bread,251,0.951553
FKIT,Y+X2_M9_r2,french_bread,252,0.947868
FKIT,Y+X2_M9_r2,french_bread,253,0.952886
FKIT,Y+X2_M9_r2,french_bread,254,0.955310
FKIT,Y+X2_M9_r2,french_bread,255,0.955889
FKIT,Y+X2_M9_r2,french_bread,256,0.956746
FKIT,Y+X2_M9_r2,french_bread,257,0.953531
FKIT,Y+X2_M9_r2,french_bread,258,0.955832
FKIT,Y+X2_M9_r2,french_bread,259,0.954086
FKIT,Y+X2_M9_r2,french_bread,260,0.950462
FKIT,Y+X2_M9_r2,french_bread,261,0.953331
FKIT,Y+X2_M9_r2,french_bread,262,0.952591
FKIT,Y+X2_M9_r2,french_bread,263,0.952705
FKIT,Y+X2_M9_r2,french_bread,264,0.954228
FKIT,Y+X2_M9_r2,french_bread,265,0.952363
FKIT,Y+X2_M9_r2,french_bread,266,0.953284
FKIT,Y+X2_M9_r2,french_bread,267,0.948858
FKIT,Y+X2_M9_r2,french_bread,268,0.950335
FKIT,Y+X2_M9_r2,french_bread,269,0.950019
FKIT,Y+X2_M9_r2,french_bread,270,0.943586
FKIT,Y+X2_M9_r2,french_bread,271,0.948602
FKIT,Y+X2_M9_r2,french_bread,272,0.946960
FKIT,Y+X2_M9_r2,french_bread,273,0.948678
FKIT,Y+X2_M9_r2,french_bread,274,0.948965
FKIT,Y+X2_M9_r2,french_bread,275,0.941378
FKIT,Y+X2_M9_r2,french_bread,276,0.943095
FKIT,Y+X2_M9_r2,french_bread,277,0.946298
FKIT,Y+X2_M9_r2,french_bread,278,0.948367
FKIT,Y+X2_M9_r2,french_bread,279,0.945535
FKIT,Y+X2_M9_r2,french_bread,280,0.945949
FKIT,Y+X2_M9_r2,french_bread,281,0.942330
FKIT,Y+X2_M9_r2,french_bread,282,0.949486
FKIT,Y+X2_M9_r2,french_bread,283,0.951715
FKIT,Y+X2_M9_r2,french_bread,284,0.952487
FKIT,Y+X2_M9_r2,french_bread,285,0.950683
FKIT,Y+X2_M9_r2,french_bread,286,0.954000
FKIT,Y+X2_M9_r2,french_bread,287,0.956170
FKIT,Y+X2_M9_r2,french_bread,288,0.959957
FKIT,Y+X2_M9_r2,french_bread,289,0.956910
FKIT,Y+X2_M9_r2,french_bread,290,0.954872
FKIT,Y+X2_M9_r2,french_bread,291,0.957459
FKIT,Y+X2_M9_r2,french_bread,292,0.957336
FKIT,Y+X2_M9_r2,french_bread,293,0.953752
FKIT,Y+X2_M9_r2,french_bread,294,0.954733
FKIT,Y+X2_M9_r2,french_bread,295,0.959093
FKIT,Y+X2_M9_r2,french_bread,296,0.956540
FKIT,Y+X2_M9_r2,french_bread,297,0.961461
FKIT,Y+X2_M9_r2,french_bread,298,0.958149
FKIT,Y+X2_M9_r2,french_bread,299,0.954313
FKIT,Y+X2_M9_r2,french_bread,300,0.959356
FKIT,Y+X2_M9_r2,french_bread,301,0.954027
FKIT,Y+X2_M9_r2,french_bread,302,0.956198
FKIT,Y+X2_M9_r2,french_bread,303,0.955704
FKIT,Y+X2_M9_r2,french_bread,304,0.958205
FKIT,Y+X2_M9_r2,french_bread,305,0.956088
FKIT,Y+X2_M9_r2,french_bread,306,0.958378
FKIT,Y+X2_M9_r2,french_bread,307,0.959406
FKIT,Y+X2_M9_r2,french_bread,308,0.957569
FKIT,Y+X2_M9_r2,french_bread,309,0.953764
FKIT,Y+X2_M9_r2,french_bread,310,0.951464
FKIT,Y+X2_M9_r2,french_bread,311,0.952207
FKIT,Y+X2_M9_r2,french_bread,312,0.952783
FKIT,Y+X2_M9_r2,french_bread,313,0.947699
FKIT,Y+X2_M9_r2,french_bread,314,0.947312
FKIT,Y+X2_M9_r2,french_bread,315,0.950176
FKIT,Y+X2_M9_r2,french_bread,316,0.954911
FKIT,Y+X2_M9_r2,french_bread,317,0.948619
FKIT,Y+X2_M9_r2,french_bread,318,0.951203
FKIT,Y+X2_M9_r2,french_bread,319,0.947496
FKIT,Y+X2_M9_r2,french_bread,320,0.954484
FKIT,Y+X2_M9_r2,french_bread,321,0.958097
FKIT,Y+X2_M9_r2,french_bread,322,0.948900
FKIT,Y+X2_M9_r2,french_bread,323,0.945619
FKIT,Y+X2_M9_r2,french_bread,324,0.950273
FKIT,Y+X2_M9_r2,french_bread,325,0.951586
FKIT,Y+X2_M9_r2,french_bread,326,0.951370
FKIT,Y+X2_M9_r2,french_bread,327,0.950651
FKIT,Y+X2_M9_r2,french_bread,328,0.959585
FKIT,Y+X2_M9_r2,french_bread,329,0.953397
FKIT,Y+X2_M9_r2,french_bread,330,0.954715
FKIT,Y+X2_M9_r2,french_bread,331,0.947318
FKIT,Y+X2_M9_r2,french_bread,332,0.948595
FKIT,Y+X2_M9_r2,french_bread,333,0.959230
FKIT,Y+X2_M9_r2,french_bread,334,0.955746
FKIT,Y+X2_M9_r2,french_bread,335,0.949446
FKIT,Y+X2_M9_r2,french_bread,336,0.948105
FKIT,Y+X2_M9_r2,french_bread,337,0.957454
FKIT,Y+X2_M9_r2,french_bread,338,0.957884
FKIT,Y+X2_M9_r2,french_bread,339,0.958632
FKIT,Y+X2_M9_r2,french_bread,340,0.936754
FKIT,Y+X2_M9_r2,french_bread,341,0.937738
FKIT,Y+X2_M9_r2,french_bread,342,0.942242
FKIT,Y+X2_M9_r2,french_bread,343,0.952897
FKIT,Y+X2_M9_r2,french_bread,344,0.948267
FKIT,Y+X2_M9_r2,french_bread,345,0.946598
FKIT,Y+X2_M9_r2,french_bread,346,0.942937
FKIT,Y+X2_M9_r2,french_bread,347,0.955174
FKIT,Y+X2_M9_r2,french_bread,348,0.948005
FKIT,Y+X2_M9_r2,french_bread,349,0.940084
FKIT,Y+X2_M9_r2,french_bread,350,0.945047
FKIT,Y+X2_M9_r2,french_bread,351,0.946752
FKIT,Y+X2_M9_r2,french_bread,352,0.949345
FKIT,Y+X2_M9_r2,french_bread,353,0.944630
FKIT,Y+X2_M9_r2,french_bread,354,0.945585
FKIT,Y+X2_M9_r2,french_bread,355,0.948951
FKIT,Y+X2_M9_r2,french_bread,356,0.948466
FKIT,Y+X2_M9_r2,french_bread,357,0.946352
FKIT,Y+X2_M9_r2,french_bread,358,0.948957
FKIT,Y+X2_M9_r2,french_bread,359,0.954200
FKIT,Y+X2_M9_r2,french_bread,360,0.951515
FKIT,Y+X2_M9_r2,french_bread,361,0.953562
FKIT,Y+X2_M9_r2,french_bread,362,0.959711
FKIT,Y+X2_M9_r2,french_bread,363,0.961268
FKIT,Y+X2_M9_r2,french_bread,364,0.954253
FKIT,Y+X2_M9_r2,french_bread,365,0.956440
FKIT,Y+X2_M9_r2,french_bread,366,0.957729
FKIT,Y+X2_M9_r2,french_bread,367,0.954936
FKIT,Y+X2_M9_r2,french_bread,368,0.955334
FKIT,Y+X2_M9_r2,french_bread,369,0.953009
FKIT,Y+X2_M9_r2,french_bread,370,0.954217
FKIT,Y+X2_M9_r2,french_bread,371,0.955145
FKIT,Y+X2_M9_r2,french_bread,372,0.950977
FKIT,Y+X2_M9_r2,french_bread,373,0.950230
FKIT,Y+X2_M9_r2,french_bread,374,0.953590
FKIT,Y+X2_M9_r2,french_bread,375,0.956759
FKIT,Y+X2_M9_r2,french_bread,376,0.957837
FKIT,Y+X2_M9_r2,french_bread,377,0.958665
FKIT,Y+X2_M9_r2,french_bread,378,0.948939
FKIT,Y+X2_M9_r2,french_bread,379,0.952061
FKIT,Y+X2_M9_r2,french_bread,380,0.951458
FKIT,Y+X2_M9_r2,french_bread,381,0.952566
FKIT,Y+X2_M9_r2,french_bread,382,0.956306
FKIT,Y+X2_M9_r2,french_bread,383,0.956005
FKIT,Y+X2_M9_r2,french_bread,384,0.956034
FKIT,Y+X2_M9_r2,french_bread,385,0.955657
FKIT,Y+X2_M9_r2,french_bread,386,0.954920
FKIT,Y+X2_M9_r2,french_bread,387,0.955180
FKIT,Y+X2_M9_r2,french_bread,388,0.955423
FKIT,Y+X2_M9_r2,french_bread,389,0.956861
FKIT,Y+X2_M9_r2,french_bread,390,0.958290
FKIT,Y+X2_M9_r2,french_bread,391,0.961014
FKIT,Y+X2_M9_r2,french_bread,392,0.957848
FKIT,Y+X2_M9_r2,french_bread,393,0.960344
FKIT,Y+X2_M9_r2,french_bread,394,0.960328
FKIT,Y+X2_M9_r2,french_bread,395,0.962208
FKIT,Y+X2_M9_r2,french_bread,396,0.960429
FKIT,Y+X2_M9_r2,french_bread,397,0.958912
FKIT,Y+X2_M9_r2,french_bread,398,0.956883
FKIT,Y+X2_M9_r2,french_bread,399,0.959622
FKIT,Y+X2_M9_r2,french_bread,400,0.955528
FKIT,Y+X2_M9_r2,french_bread,401,0.959567
FKIT,Y+X2_M9_r2,french_bread,402,0.959759
FKIT,Y+X2_M9_r2,french_bread,403,0.961501
FKIT,Y+X2_M9_r2,french_bread,404,0.963735
FKIT,Y+X2_M9_r2,french_bread,405,0.961876
FKIT,Y+X2_M9_r2,french_bread,406,0.960657
FKIT,Y+X2_M9_r2,french_bread,407,0.956960
FKIT,Y+X2_M9_r2,french_bread,408,0.955829
FKIT,Y+X2_M9_r2,french_bread,409,0.956179
FKIT,Y+X2_M9_r2,french_bread,410,0.956264
FKIT,Y+X2_M9_r2,french_bread,411,0.957158
FKIT,Y+X2_M9_r2,french_bread,412,0.954585
FKIT,Y+X2_M9_r2,french_bread,413,0.960412
FKIT,Y+X2_M9_r2,french_bread,414,0.960445
FKIT,Y+X2_M9_r2,french_bread,415,0.960143
FKIT,Y+X2_M9_r2,french_bread,416,0.959126
FKIT,Y+X2_M9_r2,french_bread,417,0.959622
FKIT,Y+X2_M9_r2,french_bread,418,0.954397
FKIT,Y+X2_M9_r2,french_bread,419,0.961183
FKIT,Y+X2_M9_r2,french_bread,420,0.961336
FKIT,Y+X2_M9_r2,french_bread,421,0.962839
FKIT,Y+X2_M9_r2,french_bread,422,0.957096
FKIT,Y+X2_M9_r2,french_bread,423,0.962769
FKIT,Y+X2_M9_r2,french_bread,424,0.961047
FKIT,Y+X2_M9_r2,french_bread,425,0.954747
FKIT,Y+X2_M9_r2,french_bread,426,0.955594
FKIT,Y+X2_M9_r2,french_bread,427,0.956138
FKIT,Y+X2_M9_r2,french_bread,428,0.955740
FKIT,Y+X2_M9_r2,french_bread,429,0.957908
FKIT,Y+X2_M9_r2,french_bread,430,0.957691
FKIT,Y+X2_M9_r2,french_bread,431,0.958320
FKIT,Y+X2_M9_r2,french_bread,432,0.962368
FKIT,Y+X2_M9_r2,french_bread,433,0.959387
FKIT,Y+X2_M9_r2,french_bread,434,0.962228
FKIT,Y+X2_M9_r2,french_bread,435,0.959820
FKIT,Y+X2_M9_r2,french_bread,436,0.958931
FKIT,Y+X2_M9_r2,french_bread,437,0.962098
FKIT,Y+X2_M9_r2,french_bread,438,0.960096
FKIT,Y+X2_M9_r2,french_bread,439,0.962058
FKIT,Y+X2_M9_r2,french_bread,440,0.962664
FKIT,Y+X2_M9_r2,french_bread,441,0.960094
FKIT,Y+X2_M9_r2,french_bread,442,0.960970
FKIT,Y+X2_M9_r2,french_bread,443,0.960281
FKIT,Y+X2_M9_r2,french_bread,444,0.964735
FKIT,Y+X2_M9_r2,french_bread,445,0.963116
FKIT,Y+X2_M9_r2,french_bread,446,0.963124
FKIT,Y+X2_M9_r2,french_bread,447,0.964988
FKIT,Y+X2_M9_r2,french_bread,448,0.962715
FKIT,Y+X2_M9_r2,french_bread,449,0.963379
FKIT,Y+X2_M9_r2,french_bread,450,0.965786
FKIT,Y+X2_M9_r2,french_bread,451,0.962123
FKIT,Y+X2_M9_r2,french_bread,452,0.960422
FKIT,Y+X2_M9_r2,french_bread,453,0.956453
FKIT,Y+X2_M9_r2,french_bread,454,0.962826
FKIT,Y+X2_M9_r2,french_bread,455,0.959644
FKIT,Y+X2_M9_r2,french_bread,456,0.961200
FKIT,Y+X2_M9_r2,french_bread,457,0.958927
FKIT,Y+X2_M9_r2,french_bread,458,0.961825
FKIT,Y+X2_M9_r2,french_bread,459,0.964250
FKIT,Y+X2_M9_r2,french_bread,460,0.964657
FKIT,Y+X2_M9_r2,french_bread,461,0.967956
FKIT,Y+X2_M9_r2,french_bread,462,0.966073
FKIT,Y+X2_M9_r2,french_bread,463,0.969644
FKIT,Y+X2_M9_r2,french_bread,464,0.971110
FKIT,Y+X2_M9_r2,french_bread,465,0.970814
FKIT,Y+X2_M9_r2,french_bread,466,0.970574
FKIT,Y+X2_M9_r2,french_bread,467,0.970769
FKIT,Y+X2_M9_r2,french_bread,468,0.972026
FKIT,Y+X2_M9_r2,french_bread,469,0.970724
FKIT,Y+X2_M9_r2,french_bread,470,0.971386
FKIT,Y+X2_M9_r2,french_bread,471,0.970752
FKIT,Y+X2_M9_r2,french_bread,472,0.969638
FKIT,Y+X2_M9_r2,french_bread,473,0.968627
FKIT,Y+X2_M9_r2,french_bread,474,0.966931
FKIT,Y+X2_M9_r2,french_bread,475,0.964070
FKIT,Y+X2_M9_r2,french_bread,476,0.963418
FKIT,Y+X2_M9_r2,french_bread,477,0.962704
FKIT,Y+X2_M9_r2,french_bread,478,0.959149
FKIT,Y+X2_M9_r2,french_bread,479,0.958921
FKIT,Y+X2_M9_r2,french_bread,480,0.962524
FKIT,Y+X2_M9_r2,french_bread,481,0.959840
FKIT,Y+X2_M9_r2,french_bread,482,0.961545
FKIT,Y+X2_M9_r2,french_bread,483,0.959629
FKIT,Y+X2_M9_r2,french_bread,484,0.961761
FKIT,Y+X2_M9_r2,french_bread,485,0.961946
FKIT,Y+X2_M9_r2,french_bread,486,0.941137
FKIT,Y+X2_M9_r2,french_bread,487,0.958101
FKIT,Y+X2_M9_r2,french_bread,488,0.958863
FKIT,Y+X2_M9_r2,french_bread,489,0.958909
FKIT,Y+X2_M9_r2,french_bread,490,0.958529
FKIT,Y+X2_M9_r2,french_bread,491,0.960167
FKIT,Y+X2_M9_r2,french_bread,492,0.958149
FKIT,Y+X2_M9_r2,french_bread,493,0.959543
FKIT,Y+X2_M9_r2,french_bread,494,0.959813
FKIT,Y+X2_M9_r2,french_bread,495,0.960849
FKIT,Y+X2_M9_r2,french_bread,496,0.956538
FKIT,Y+X2_M9_r2,french_bread,497,0.958913
FKIT,Y+X2_M9_r2,french_bread,498,0.961935
FKIT,Y+X2_M9_r2,french_bread,499,0.965312
FKIT,Y+X2_M9_r2,french_bread,500,0.961970
FKIT,Y+X2_M9_r2,french_bread,501,0.959405
FKIT,Y+X2_M9_r2,french_bread,502,0.959785
FKIT,Y+X2_M9_r2,french_bread,503,0.960397
FKIT,Y+X2_M9_r2,french_bread,504,0.965456
FKIT,Y+X2_M9_r2,french_bread,505,0.964025
FKIT,Y+X2_M9_r2,french_bread,506,0.962839
FKIT,Y+X2_M9_r2,french_bread,507,0.962482
FKIT,Y+X2_M9_r2,french_bread,508,0.965227
FKIT,Y+X2_M9_r2,french_bread,509,0.963212
FKIT,Y+X2_M9_r2,french_bread,510,0.962440
FKIT,Y+X2_M9_r2,french_bread,511,0.963711
FKIT,Y+X2_M9_r2,french_bread,512,0.964268
FKIT,Y+X2_M9_r2,french_bread,513,0.962828
FKIT,Y+X2_M9_r2,french_bread,514,0.966527
FKIT,Y+X2_M9_r2,french_bread,515,0.964257
FKIT,Y+X2_M9_r2,french_bread,516,0.960070
FKIT,Y+X2_M9_r2,french_bread,517,0.963346
FKIT,Y+X2_M9_r2,french_bread,518,0.960932
FKIT,Y+X2_M9_r2,french_bread,519,0.965291
FKIT,Y+X2_M9_r2,french_bread,520,0.964507
FKIT,Y+X2_M9_r2,french_bread,521,0.962453
FKIT,Y+X2_M9_r2,french_bread,522,0.961803
FKIT,Y+X2_M9_r2,french_bread,523,0.961465
FKIT,Y+X2_M9_r2,french_bread,524,0.960538
FKIT,Y+X2_M9_r2,french_bread,525,0.961220
FKIT,Y+X2_M9_r2,french_bread,526,0.958310
FKIT,Y+X2_M9_r2,french_bread,527,0.958150
FKIT,Y+X2_M9_r2,french_bread,528,0.960022
FKIT,Y+X2_M9_r2,french_bread,529,0.955716
FKIT,Y+X2_M9_r2,french_bread,530,0.962268
FKIT,Y+X2_M9_r2,french_bread,531,0.955942
FKIT,Y+X2_M9_r2,french_bread,532,0.954726
FKIT,Y+X2_M9_r2,french_bread,533,0.954438
FKIT,Y+X2_M9_r2,french_bread,534,0.959400
FKIT,Y+X2_M9_r2,french_bread,535,0.956295
FKIT,Y+X2_M9_r2,french_bread,536,0.960433
FKIT,Y+X2_M9_r2,french_bread,537,0.965763
FKIT,Y+X2_M9_r2,french_bread,538,0.968852
FKIT,Y+X2_M9_r2,french_bread,539,0.962570
FKIT,Y+X2_M9_r2,french_bread,540,0.959651
FKIT,Y+X2_M9_r2,french_bread,541,0.952259
FKIT,Y+X2_M9_r2,french_bread,542,0.956781
FKIT,Y+X2_M9_r2,french_bread,543,0.967990
FKIT,Y+X2_M9_r2,french_bread,544,0.962436
FKIT,Y+X2_M9_r2,french_bread,545,0.956174
FKIT,Y+X2_M9_r2,french_bread,546,0.961282
FKIT,Y+X2_M9_r2,french_bread,547,0.955070
FKIT,Y+X2_M9_r2,french_bread,548,0.959896
FKIT,Y+X2_M9_r2,french_bread,549,0.961299
FKIT,Y+X2_M9_r2,french_bread,550,0.960533
FKIT,Y+X2_M9_r2,french_bread,551,0.960473
FKIT,Y+X2_M9_r2,french_bread,552,0.963667
FKIT,Y+X2_M9_r2,french_bread,553,0.965653
FKIT,Y+X2_M9_r2,french_bread,554,0.961179
FKIT,Y+X2_M9_r2,french_bread,555,0.968132
FKIT,Y+X2_M9_r2,french_bread,556,0.963216
FKIT,Y+X2_M9_r2,french_bread,557,0.969133
FKIT,Y+X2_M9_r2,french_bread,558,0.971369
FKIT,Y+X2_M9_r2,french_bread,559,0.961958
FKIT,Y+X2_M9_r2,french_bread,560,0.963979
FKIT,Y+X2_M9_r2,french_bread,561,0.972075
FKIT,Y+X2_M9_r2,french_bread,562,0.964061
FKIT,Y+X2_M9_r2,french_bread,563,0.965563
FKIT,Y+X2_M9_r2,french_bread,564,0.967258
FKIT,Y+X2_M9_r2,french_bread,565,0.966208
FKIT,Y+X2_M9_r2,french_bread,566,0.960556
FKIT,Y+X2_M9_r2,french_bread,567,0.967337
FKIT,Y+X2_M9_r2,french_bread,568,0.966456
FKIT,Y+X2_M9_r2,french_bread,569,0.963013
FKIT,Y+X2_M9_r2,french_bread,570,0.962596
FKIT,Y+X2_M9_r2,french_bread,571,0.967226
FKIT,Y+X2_M9_r2,french_bread,572,0.965783
FKIT,Y+X2_M9_r2,french_bread,573,0.966493
FKIT,Y+X2_M9_r2,french_bread,574,0.966966
FKIT,Y+X2_M9_r2,french_bread,575,0.965318
FKIT,Y+X2_M9_r2,french_bread,576,0.964053
FKIT,Y+X2_M9_r2,french_bread,577,0.965862
FKIT,Y+X2_M9_r2,french_bread,578,0.968547
FKIT,Y+X2_M9_r2,french_bread,579,0.965429
FKIT,Y+X2_M9_r2,french_bread,580,0.963579
FKIT,Y+X2_M9_r2,french_bread,581,0.958445
FKIT,Y+X2_M9_r2,french_bread,582,0.962424
FKIT,Y+X2_M9_r2,french_bread,583,0.963008
FKIT,Y+X2_M9_r2,french_bread,584,0.966002
FKIT,Y+X2_M9_r2,french_bread,585,0.967186
FKIT,Y+X2_M9_r2,french_bread,586,0.772313
FKIT,Y+X2_M9_r2,french_bread,587,0.577858
FKIT,Y+X2_M9_r2,french_bread,588,0.465181
FKIT,Y+X2_M9_r2,french_bread,589,0.387556
FKIT,Y+X2_M9_r2,french_bread,590,0.334936
FKIT,Y+X2_M9_r2,french_bread,591,0.299190
FKIT,Y+X2_M9_r2,french_bread,592,0.268340
FKIT,Y+X2_M9_r2,french_bread,593,0.254697
FKIT,Y+X2_M9_r2,french_bread,594,0.252448
FKIT,Y+X2_M9_r2,french_bread,595,0.252023
FKIT,Y+X2_M9_r2,french_bread,596,0.253808
FKIT,Y+X2_M9_r2,french_bread,597,0.260839
FKIT,Y+X2_M9_r2,french_bread,598,0.261406
FKIT,Y+X2_M9_r2,french_bread,599,0.267728
FKIT,Y+X2_M9_r2,french_bread,600,0.270654
FKIT,Y+X2_M9_r2,french_bread,601,0.272085
FKIT,Y+X2_M9_r2,french_bread,602,0.279038
FKIT,Y+X2_M9_r2,french_bread,603,0.283683
FKIT,Y+X2_M9_r2,french_bread,604,0.288738
FKIT,Y+X2_M9_r2,french_bread,605,0.288334
FKIT,Y+X2_M9_r2,french_bread,606,0.286612
FKIT,Y+X2_M9_r2,french_bread,607,0.290095
FKIT,Y+X2_M9_r2,french_bread,608,0.289361
FKIT,Y+X2_M9_r2,french_bread,609,0.293119
FKIT,Y+X2_M9_r2,french_bread,610,0.296228
FKIT,Y+X2_M9_r2,french_bread,611,0.298685
FKIT,Y+X2_M9_r2,french_bread,612,0.299639
FKIT,Y+X2_M9_r2,french_bread,613,0.300572
FKIT,Y+X2_M9_r2,french_bread,614,0.304246
FKIT,Y+X2_M9_r2,french_bread,615,0.307069
FKIT,Y+X2_M9_r2,french_bread,616,0.310099
FKIT,Y+X2_M9_r2,french_bread,617,0.317378
FKIT,Y+X2_M9_r2,french_bread,618,0.322604
FKIT,Y+X2_M9_r2,french_bread,619,0.324395
FKIT,Y+X2_M9_r2,french_bread,620,0.324477
FKIT,Y+X2_M9_r2,french_bread,621,0.327269
FKIT,Y+X2_M9_r2,french_bread,622,0.324497
FKIT,Y+X2_M9_r2,french_bread,623,0.323783
FKIT,Y+X2_M9_r2,french_bread,624,0.323104
FKIT,Y+X2_M9_r2,french_bread,625,0.322113
FKIT,Y+X2_M9_r2,french_bread,626,0.323050
FKIT,Y+X2_M9_r2,french_bread,627,0.326904
FKIT,Y+X2_M9_r2,french_bread,628,0.336243
FKIT,Y+X2_M9_r2,french_bread,629,0.347688
FKIT,Y+X2_M9_r2,french_bread,630,0.357008
FKIT,Y+X2_M9_r2,french_bread,631,0.366124
FKIT,Y+X2_M9_r2,french_bread,632,0.383034
FKIT,Y+X2_M9_r2,french_bread,633,0.403963
FKIT,Y+X2_M9_r2,french_bread,634,0.440041
FKIT,Y+X2_M9_r2,french_bread,635,0.482041
FKIT,Y+X2_M9_r2,french_bread,636,0.547498
FKIT,Y+X2_M9_r2,french_bread,637,0.655018
FKIT,Y+X2_M9_r2,french_bread,638,0.772209
FKIT,Y+X2_M9_r2,french_bread,639,0.899334
FKIT,Y+X2_M9_r2,french_bread,640,0.957176
FKIT,Y+X2_M9_r2,french_bread,641,0.961292
FKIT,Y+X2_M9_r2,french_bread,642,0.961910
FKIT,Y+X2_M9_r2,french_bread,643,0.957776
FKIT,Y+X2_M9_r2,french_bread,644,0.961812
FKIT,Y+X2_M9_r2,french_bread,645,0.963981
FKIT,Y+X2_M9_r2,french_bread,646,0.965641
FKIT,Y+X2_M9_r2,french_bread,647,0.964972
FKIT,Y+X2_M9_r2,french_bread,648,0.967066
FKIT,Y+X2_M9_r2,french_bread,649,0.967247
FKIT,Y+X2_M9_r2,french_bread,650,0.965070
FKIT,Y+X2_M9_r2,french_bread,651,0.967816
FKIT,Y+X2_M9_r2,french_bread,652,0.961914
FKIT,Y+X2_M9_r2,french_bread,653,0.968895
FKIT,Y+X2_M9_r2,french_bread,654,0.969791
FKIT,Y+X2_M9_r2,french_bread,655,0.968622
FKIT,Y+X2_M9_r2,french_bread,656,0.968907
FKIT,Y+X2_M9_r2,french_bread,657,0.961827
FKIT,Y+X2_M9_r2,french_bread,658,0.966184
FKIT,Y+X2_M9_r2,french_bread,659,0.963659
FKIT,Y+X2_M9_r2,french_bread,660,0.964546
FKIT,Y+X2_M9_r2,french_bread,661,0.965482
FKIT,Y+X2_M9_r2,french_bread,662,0.964361
FKIT,Y+X2_M9_r2,french_bread,663,0.967545
FKIT,Y+X2_M9_r2,french_bread,664,0.966550
FKIT,Y+X2_M9_r2,french_bread,665,0.962130
FKIT,Y+X2_M9_r2,french_bread,666,0.965295
FKIT,Y+X2_M9_r2,french_bread,667,0.960226
FKIT,Y+X2_M9_r2,french_bread,668,0.959509
FKIT,Y+X2_M9_r2,french_bread,669,0.963843
FKIT,Y+X2_M9_r2,french_bread,670,0.964995
FKIT,Y+X2_M9_r2,french_bread,671,0.959590
FKIT,Y+X2_M9_r2,french_bread,672,0.954527
FKIT,Y+X2_M9_r2,french_bread,673,0.955317
FKIT,Y+X2_M9_r2,french_bread,674,0.957358
FKIT,Y+X2_M9_r2,french_bread,675,0.952532
FKIT,Y+X2_M9_r2,french_bread,676,0.956914
FKIT,Y+X2_M9_r2,french_bread,677,0.951505
FKIT,Y+X2_M9_r2,french_bread,678,0.957623
FKIT,Y+X2_M9_r2,french_bread,679,0.957884
FKIT,Y+X2_M9_r2,french_bread,680,0.961865
FKIT,Y+X2_M9_r2,french_bread,681,0.962770
FKIT,Y+X2_M9_r2,french_bread,682,0.960774
FKIT,Y+X2_M9_r2,french_bread,683,0.960966
FKIT,Y+X2_M9_r2,french_bread,684,0.957798
FKIT,Y+X2_M9_r2,french_bread,685,0.955702
FKIT,Y+X2_M9_r2,french_bread,686,0.956443
FKIT,Y+X2_M9_r2,french_bread,687,0.959917
FKIT,Y+X2_M9_r2,french_bread,688,0.959877
FKIT,Y+X2_M9_r2,french_bread,689,0.965683
FKIT,Y+X2_M9_r2,french_bread,690,0.963143
FKIT,Y+X2_M9_r2,french_bread,691,0.967803
FKIT,Y+X2_M9_r2,french_bread,692,0.964476
FKIT,Y+X2_M9_r2,french_bread,693,0.967110
FKIT,Y+X2_M9_r2,french_bread,694,0.965850
FKIT,Y+X2_M9_r2,french_bread,695,0.968697
FKIT,Y+X2_M9_r2,french_bread,696,0.969752
FKIT,Y+X2_M9_r2,french_bread,697,0.973098
FKIT,Y+X2_M9_r2,french_bread,698,0.970246
FKIT,Y+X2_M9_r2,french_bread,699,0.965305
FKIT,Y+X2_M9_r2,french_bread,700,0.970067
FKIT,Y+X2_M9_r2,french_bread,701,0.968337
FKIT,Y+X2_M9_r2,french_bread,702,0.967046
FKIT,Y+X2_M9_r2,french_bread,703,0.968401
FKIT,Y+X2_M9_r2,french_bread,704,0.965272
FKIT,Y+X2_M9_r2,french_bread,705,0.965371
FKIT,Y+X2_M9_r2,french_bread,706,0.965548
FKIT,Y+X2_M9_r2,french_bread,707,0.965195
FKIT,Y+X2_M9_r2,french_bread,708,0.963718
FKIT,Y+X2_M9_r2,french_bread,709,0.961219
FKIT,Y+X2_M9_r2,french_bread,710,0.965883
FKIT,Y+X2_M9_r2,french_bread,711,0.962006
FKIT,Y+X2_M9_r2,french_bread,712,0.963296
FKIT,Y+X2_M9_r2,french_bread,713,0.962867
FKIT,Y+X2_M9_r2,french_bread,714,0.967021
FKIT,Y+X2_M9_r2,french_bread,715,0.963596
FKIT,Y+X2_M9_r2,french_bread,716,0.961538
FKIT,Y+X2_M9_r2,french_bread,717,0.962061
FKIT,Y+X2_M9_r2,french_bread,718,0.963795
FKIT,Y+X2_M9_r2,french_bread,719,0.966720
FKIT,Y+X2_M9_r2,french_bread,720,0.966118
FKIT,Y+X2_M9_r2,french_bread,721,0.964839
FKIT,Y+X2_M9_r2,french_bread,722,0.963635
FKIT,Y+X2_M9_r2,french_bread,723,0.959820
FKIT,Y+X2_M9_r2,french_bread,724,0.966261
FKIT,Y+X2_M9_r2,french_bread,725,0.966921
FKIT,Y+X2_M9_r2,french_bread,726,0.966248
FKIT,Y+X2_M9_r2,french_bread,727,0.966948
FKIT,Y+X2_M9_r2,french_bread,728,0.963948
FKIT,Y+X2_M9_r2,french_bread,729,0.961852
FKIT,Y+X2_M9_r2,french_bread,730,0.963118
FKIT,Y+X2_M9_r2,french_bread,731,0.964737
FKIT,Y+X2_M9_r2,french_bread,732,0.963208
FKIT,Y+X2_M9_r2,french_bread,733,0.963992
FKIT,Y+X2_M9_r2,french_bread,734,0.963455
FKIT,Y+X2_M9_r2,french_bread,735,0.963875
FKIT,Y+X2_M9_r2,french_bread,736,0.963105
FKIT,Y+X2_M9_r2,french_bread,737,0.965409
FKIT,Y+X2_M9_r2,french_bread,738,0.965596
FKIT,Y+X2_M9_r2,french_bread,739,0.965597
FKIT,Y+X2_M9_r2,french_bread,740,0.963474
FKIT,Y+X2_M9_r2,french_bread,741,0.965774
FKIT,Y+X2_M9_r2,french_bread,742,0.967034
FKIT,Y+X2_M9_r2,french_bread,743,0.970241
FKIT,Y+X2_M9_r2,french_bread,744,0.961934
FKIT,Y+X2_M9_r2,french_bread,745,0.960631
FKIT,Y+X2_M9_r2,french_bread,746,0.963556
FKIT,Y+X2_M9_r2,french_bread,747,0.967865
FKIT,Y+X2_M9_r2,french_bread,748,0.966418
FKIT,Y+X2_M9_r2,french_bread,749,0.971926
FKIT,Y+X2_M9_r2,french_bread,750,0.962897
FKIT,Y+X2_M9_r2,french_bread,751,0.969996
FKIT,Y+X2_M9_r2,french_bread,752,0.960403
FKIT,Y+X2_M9_r2,french_bread,753,0.961584
FKIT,Y+X2_M9_r2,french_bread,754,0.965469
FKIT,Y+X2_M9_r2,french_bread,755,0.970204
FKIT,Y+X2_M9_r2,french_bread,756,0.967251
FKIT,Y+X2_M9_r2,french_bread,757,0.965442
FKIT,Y+X2_M9_r2,french_bread,758,0.961677
FKIT,Y+X2_M9_r2,french_bread,759,0.967784
FKIT,Y+X2_M9_r2,french_bread,760,0.966268
FKIT,Y+X2_M9_r2,french_bread,761,0.970345
FKIT,Y+X2_M9_r2,french_bread,762,0.971007
FKIT,Y+X2_M9_r2,french_bread,763,0.964919
FKIT,Y+X2_M9_r2,french_bread,764,0.965607
FKIT,Y+X2_M9_r2,french_bread,765,0.971468
FKIT,Y+X2_M9_r2,french_bread,766,0.967315
FKIT,Y+X2_M9_r2,french_bread,767,0.965130
FKIT,Y+X2_M9_r2,french_bread,768,0.970536
FKIT,Y+X2_M9_r2,french_bread,769,0.969515
FKIT,Y+X2_M9_r2,french_bread,770,0.970821
FKIT,Y+X2_M9_r2,french_bread,771,0.968493
FKIT,Y+X2_M9_r2,french_bread,772,0.969410
FKIT,Y+X2_M9_r2,french_bread,773,0.968294
FKIT,Y+X2_M9_r2,french_bread,774,0.968825
FKIT,Y+X2_M9_r2,french_bread,775,0.970705
FKIT,Y+X2_M9_r2,french_bread,776,0.970815
FKIT,Y+X2_M9_r2,french_bread,777,0.971002
FKIT,Y+X2_M9_r2,french_bread,778,0.971576
FKIT,Y+X2_M9_r2,french_bread,779,0.789161
FKIT,Y+X2_M9_r2,french_bread,780,0.701211
FKIT,Y+X2_M9_r2,french_bread,781,0.578634
FKIT,Y+X2_M9_r2,french_bread,782,0.501489
FKIT,Y+X2_M9_r2,french_bread,783,0.445566
FKIT,Y+X2_M9_r2,french_bread,784,0.412806
FKIT,Y+X2_M9_r2,french_bread,785,0.403757
FKIT,Y+X2_M9_r2,french_bread,786,0.403765
FKIT,Y+X2_M9_r2,french_bread,787,0.408176
FKIT,Y+X2_M9_r2,french_bread,788,0.406623
FKIT,Y+X2_M9_r2,french_bread,789,0.419476
FKIT,Y+X2_M9_r2,french_bread,790,0.413557
FKIT,Y+X2_M9_r2,french_bread,791,0.421266
FKIT,Y+X2_M9_r2,french_bread,792,0.422469
FKIT,Y+X2_M9_r2,french_bread,793,0.425234
FKIT,Y+X2_M9_r2,french_bread,794,0.443319
FKIT,Y+X2_M9_r2,french_bread,795,0.457021
FKIT,Y+X2_M9_r2,french_bread,796,0.462827
FKIT,Y+X2_M9_r2,french_bread,797,0.462132
FKIT,Y+X2_M9_r2,french_bread,798,0.465243
FKIT,Y+X2_M9_r2,french_bread,799,0.481755
FKIT,Y+X2_M9_r2,french_bread,800,0.522001
FKIT,Y+X2_M9_r2,french_bread,801,0.577862
FKIT,Y+X2_M9_r2,french_bread,802,0.668355
FKIT,Y+X2_M9_r2,french_bread,803,0.759883
FKIT,Y+X2_M9_r2,french_bread,804,0.894578
FKIT,Y+X2_M9_r2,french_bread,805,0.965484
FKIT,Y+X2_M9_r2,french_bread,806,0.964011
FKIT,Y+X2_M9_r2,french_bread,807,0.965287
FKIT,Y+X2_M9_r2,french_bread,808,0.965715
FKIT,Y+X2_M9_r2,french_bread,809,0.963713
FKIT,Y+X2_M9_r2,french_bread,810,0.965154
FKIT,Y+X2_M9_r2,french_bread,811,0.963896
FKIT,Y+X2_M9_r2,french_bread,812,0.966631
FKIT,Y+X2_M9_r2,french_bread,813,0.966788
FKIT,Y+X2_M9_r2,french_bread,814,0.969380
FKIT,Y+X2_M9_r2,french_bread,815,0.969739
FKIT,Y+X2_M9_r2,french_bread,816,0.971345
FKIT,Y+X2_M9_r2,french_bread,817,0.970353
FKIT,Y+X2_M9_r2,french_bread,818,0.971371
FKIT,Y+X2_M9_r2,french_bread,819,0.972128
FKIT,Y+X2_M9_r2,french_bread,820,0.974170
FKIT,Y+X2_M9_r2,french_bread,821,0.972221
FKIT,Y+X2_M9_r2,french_bread,822,0.972385
FKIT,Y+X2_M9_r2,french_bread,823,0.971595
FKIT,Y+X2_M9_r2,french_bread,824,0.974212
FKIT,Y+X2_M9_r2,french_bread,825,0.976382
FKIT,Y+X2_M9_r2,french_bread,826,0.974984
FKIT,Y+X2_M9_r2,french_bread,827,0.974236
FKIT,Y+X2_M9_r2,french_bread,828,0.974666
FKIT,Y+X2_M9_r2,french_bread,829,0.973142
FKIT,Y+X2_M9_r2,french_bread,830,0.973754
FKIT,Y+X2_M9_r2,french_bread,831,0.973184
FKIT,Y+X2_M9_r2,french_bread,832,0.971556
FKIT,Y+X2_M9_r2,french_bread,833,0.971628
FKIT,Y+X2_M9_r2,french_bread,834,0.972255
FKIT,Y+X2_M9_r2,french_bread,835,0.972005
FKIT,Y+X2_M9_r2,french_bread,836,0.970835
FKIT,Y+X2_M9_r2,french_bread,837,0.969642
FKIT,Y+X2_M9_r2,french_bread,838,0.968369
FKIT,Y+X2_M9_r2,french_bread,839,0.969025
FKIT,Y+X2_M9_r2,french_bread,840,0.967693
FKIT,Y+X2_M9_r2,french_bread,841,0.967066
FKIT,Y+X2_M9_r2,french_bread,842,0.969949
FKIT,Y+X2_M9_r2,french_bread,843,0.971292
FKIT,Y+X2_M9_r2,french_bread,844,0.971514
FKIT,Y+X2_M9_r2,french_bread,845,0.969156
FKIT,Y+X2_M9_r2,french_bread,846,0.971305
FKIT,Y+X2_M9_r2,french_bread,847,0.971022
FKIT,Y+X2_M9_r2,french_bread,848,0.969078
FKIT,Y+X2_M9_r2,french_bread,849,0.970743
FKIT,Y+X2_M9_r2,french_bread,850,0.973060
FKIT,Y+X2_M9_r2,french_bread,851,0.972267
FKIT,Y+X2_M9_r2,french_bread,852,0.973216
FKIT,Y+X2_M9_r2,french_bread,853,0.975224
FKIT,Y+X2_M9_r2,french_bread,854,0.974003
FKIT,Y+X2_M9_r2,french_bread,855,0.976139
FKIT,Y+X2_M9_r2,french_bread,856,0.976413
FKIT,Y+X2_M9_r2,french_bread,857,0.974570
FKIT,Y+X2_M9_r2,french_bread,858,0.974494
FKIT,Y+X2_M9_r2,french_bread,859,0.976214
FKIT,Y+X2_M9_r2,french_bread,860,0.976312
FKIT,Y+X2_M9_r2,french_bread,861,0.977283
FKIT,Y+X2_M9_r2,french_bread,862,0.977991
FKIT,Y+X2_M9_r2,french_bread,863,0.975791
FKIT,Y+X2_M9_r2,french_bread,864,0.977558
FKIT,Y+X2_M9_r2,french_bread,865,0.977644
FKIT,Y+X2_M9_r2,french_bread,866,0.978969
FKIT,Y+X2_M9_r2,french_bread,867,0.977734
FKIT,Y+X2_M9_r2,french_bread,868,0.976240
FKIT,Y+X2_M9_r2,french_bread,869,0.976899
FKIT,Y+X2_M9_r2,french_bread,870,0.976519
FKIT,Y+X2_M9_r2,french_bread,871,0.979000
FKIT,Y+X2_M9_r2,french_bread,872,0.978232
FKIT,Y+X2_M9_r2,french_bread,873,0.978163
FKIT,Y+X2_M9_r2,french_bread,874,0.980144
FKIT,Y+X2_M9_r2,french_bread,875,0.979903
FKIT,Y+X2_M9_r2,french_bread,876,0.979566
FKIT,Y+X2_M9_r2,french_bread,877,0.979803
FKIT,Y+X2_M9_r2,french_bread,878,0.973637
FKIT,Y+X2_M9_r2,french_bread,879,0.976975
FKIT,Y+X2_M9_r2,french_bread,880,0.975065
FKIT,Y+X2_M9_r2,french_bread,881,0.973509
FKIT,Y+X2_M9_r2,french_bread,882,0.971411
FKIT,Y+X2_M9_r2,french_bread,883,0.974090
FKIT,Y+X2_M9_r2,french_bread,884,0.970480
FKIT,Y+X2_M9_r2,french_bread,885,0.971512
FKIT,Y+X2_M9_r2,french_bread,886,0.970293
FKIT,Y+X2_M9_r2,french_bread,887,0.969882
FKIT,Y+X2_M9_r2,french_bread,888,0.968530
FKIT,Y+X2_M9_r2,french_bread,889,0.973163
FKIT,Y+X2_M9_r2,french_bread,890,0.970233
FKIT,Y+X2_M9_r2,french_bread,891,0.972506
FKIT,Y+X2_M9_r2,french_bread,892,0.972266
FKIT,Y+X2_M9_r2,french_bread,893,0.973155
FKIT,Y+X2_M9_r2,french_bread,894,0.976621
FKIT,Y+X2_M9_r2,french_bread,895,0.976792
FKIT,Y+X2_M9_r2,french_bread,896,0.977643
FKIT,Y+X2_M9_r2,french_bread,897,0.979689
FKIT,Y+X2_M9_r2,french_bread,898,0.980419
FKIT,Y+X2_M9_r2,french_bread,899,0.979176
FKIT,Y+X2_M9_r2,french_bread,900,0.980234
FKIT,Y+X2_M9_r2,french_bread,901,0.978126
FKIT,Y+X2_M9_r2,french_bread,902,0.977173
FKIT,Y+X2_M9_r2,french_bread,903,0.976819
FKIT,Y+X2_M9_r2,french_bread,904,0.977059
FKIT,Y+X2_M9_r2,french_bread,905,0.979300
FKIT,Y+X2_M9_r2,french_bread,906,0.978320
FKIT,Y+X2_M9_r2,french_bread,907,0.976386
FKIT,Y+X2_M9_r2,french_bread,908,0.974571
FKIT,Y+X2_M9_r2,french_bread,909,0.978107
FKIT,Y+X2_M9_r2,french_bread,910,0.976657
FKIT,Y+X2_M9_r2,french_bread,911,0.976876
FKIT,Y+X2_M9_r2,french_bread,912,0.975592
FKIT,Y+X2_M9_r2,french_bread,913,0.975990
FKIT,Y+X2_M9_r2,french_bread,914,0.972901
FKIT,Y+X2_M9_r2,french_bread,915,0.972905
FKIT,Y+X2_M9_r2,french_bread,916,0.974521
FKIT,Y+X2_M9_r2,french_bread,917,0.973362
FKIT,Y+X2_M9_r2,french_bread,918,0.972338
FKIT,Y+X2_M9_r2,french_bread,919,0.973493
FKIT,Y+X2_M9_r2,french_bread,920,0.972643
FKIT,Y+X2_M9_r2,french_bread,921,0.972793
FKIT,Y+X2_M9_r2,french_bread,922,0.971268
FKIT,Y+X2_M9_r2,french_bread,923,0.973213
FKIT,Y+X2_M9_r2,french_bread,924,0.974313
FKIT,Y+X2_M9_r2,french_bread,925,0.975242
FKIT,Y+X2_M9_r2,french_bread,926,0.974197
FKIT,Y+X2_M9_r2,french_bread,927,0.975548
FKIT,Y+X2_M9_r2,french_bread,928,0.973496
FKIT,Y+X2_M9_r2,french_bread,929,0.973668
FKIT,Y+X2_M9_r2,french_bread,930,0.973522
FKIT,Y+X2_M9_r2,french_bread,931,0.970950
FKIT,Y+X2_M9_r2,french_bread,932,0.972391
FKIT,Y+X2_M9_r2,french_bread,933,0.971997
FKIT,Y+X2_M9_r2,french_bread,934,0.973148
FKIT,Y+X2_M9_r2,french_bread,935,0.974809
FKIT,Y+X2_M9_r2,french_bread,936,0.973171
FKIT,Y+X2_M9_r2,french_bread,937,0.974804
FKIT,Y+X2_M9_r2,french_bread,938,0.972618
FKIT,Y+X2_M9_r2,french_bread,939,0.973201
FKIT,Y+X2_M9_r2,french_bread,940,0.973002
FKIT,Y+X2_M9_r2,french_bread,941,0.974774
FKIT,Y+X2_M9_r2,french_bread,942,0.973590
FKIT,Y+X2_M9_r2,french_bread,943,0.973390
FKIT,Y+X2_M9_r2,french_bread,944,0.976159
FKIT,Y+X2_M9_r2,french_bread,945,0.976852
FKIT,Y+X2_M9_r2,french_bread,946,0.976302
FKIT,Y+X2_M9_r2,french_bread,947,0.976945
FKIT,Y+X2_M9_r2,french_bread,948,0.977318
FKIT,Y+X2_M9_r2,french_bread,949,0.976448
FKIT,Y+X2_M9_r2,french_bread,950,0.977185
FKIT,Y+X2_M9_r2,french_bread,951,0.978919
FKIT,Y+X2_M9_r2,french_bread,952,0.977670
FKIT,Y+X2_M9_r2,french_bread,953,0.978417
FKIT,Y+X2_M9_r2,french_bread,954,0.976867
FKIT,Y+X2_M9_r2,french_bread,955,0.977684
FKIT,Y+X2_M9_r2,french_bread,956,0.976384
FKIT,Y+X2_M9_r2,french_bread,957,0.975367
FKIT,Y+X2_M9_r2,french_bread,958,0.977371
FKIT,Y+X2_M9_r2,french_bread,959,0.977737
FKIT,Y+X2_M9_r2,french_bread,960,0.976585
FKIT,Y+X2_M9_r2,french_bread,961,0.975843
FKIT,Y+X2_M9_r2,french_bread,962,0.974069
FKIT,Y+X2_M9_r2,french_bread,963,0.974531
FKIT,Y+X2_M9_r2,french_bread,964,0.978469
FKIT,Y+X2_M9_r2,french_bread,965,0.977131
FKIT,Y+X2_M9_r2,french_bread,966,0.979483
FKIT,Y+X2_M9_r2,french_bread,967,0.981041
FKIT,Y+X2_M9_r2,french_bread,968,0.979081
FKIT,Y+X2_M9_r2,french_bread,969,0.977397
FKIT,Y+X2_M9_r2,french_bread,970,0.978413
FKIT,Y+X2_M9_r2,french_bread,971,0.979479
FKIT,Y+X2_M9_r2,french_bread,972,0.978733
FKIT,Y+X2_M9_r2,french_bread,973,0.978067
FKIT,Y+X2_M9_r2,french_bread,974,0.979305
FKIT,Y+X2_M9_r2,french_bread,975,0.976985
FKIT,Y+X2_M9_r2,french_bread,976,0.977387
FKIT,Y+X2_M9_r2,french_bread,977,0.977055
FKIT,Y+X2_M9_r2,french_bread,978,0.972982
FKIT,Y+X2_M9_r2,french_bread,979,0.972697
FKIT,Y+X2_M9_r2,french_bread,980,0.972335
FKIT,Y+X2_M9_r2,french_bread,981,0.973765
FKIT,Y+X2_M9_r2,french_bread,982,0.972415
FKIT,Y+X2_M9_r2,french_bread,983,0.974030
FKIT,Y+X2_M9_r2,french_bread,984,0.972107
FKIT,Y+X2_M9_r2,french_bread,985,0.974344
FKIT,Y+X2_M9_r2,french_bread,986,0.971850
FKIT,Y+X2_M9_r2,french_bread,987,0.971852
FKIT,Y+X2_M9_r2,french_bread,988,0.971355
FKIT,Y+X2_M9_r2,french_bread,989,0.971981
FKIT,Y+X2_M9_r2,french_bread,990,0.971342
FKIT,Y+X2_M9_r2,french_bread,991,0.975079
FKIT,Y+X2_M9_r2,french_bread,992,0.973835
FKIT,Y+X2_M9_r2,french_bread,993,0.974461
FKIT,Y+X2_M9_r2,french_bread,994,0.979728
FKIT,Y+X2_M9_r2,french_bread,995,0.980134
FKIT,Y+X2_M9_r2,french_bread,996,0.979302
FKIT,Y+X2_M9_r2,french_bread,997,0.979932
FKIT,Y+X2_M9_r2,french_bread,998,0.978185
FKIT,Y+X2_M9_r2,french_bread,999,0.979894
FKIT,Y+X2_M9_r2,french_bread,1000,0.978545
FKIT,Y+X2_M9_r2,french_bread,1001,0.980782
FKIT,Y+X2_M9_r2,french_bread,1002,0.979025
FKIT,Y+X2_M9_r2,french_bread,1003,0.980641
FKIT,Y+X2_M9_r2,french_bread,1004,0.980728
FKIT,Y+X2_M9_r2,french_bread,1005,0.979087
FKIT,Y+X2_M9_r2,french_bread,1006,0.977274
FKIT,Y+X2_M9_r2,french_bread,1007,0.973608
FKIT,Y+X2_M9_r2,french_bread,1008,0.972682
FKIT,Y+X2_M9_r2,french_bread,1009,0.975246
FKIT,Y+X2_M9_r2,french_bread,1010,0.972434
FKIT,Y+X2_M9_r2,french_bread,1011,0.975373
FKIT,Y+X2_M9_r2,french_bread,1012,0.974660
FKIT,Y+X2_M9_r2,french_bread,1013,0.973945
FKIT,Y+X2_M9_r2,french_bread,1014,0.973636
FKIT,Y+X2_M9_r2,french_bread,1015,0.974212
FKIT,Y+X2_M9_r2,french_bread,1016,0.974947
FKIT,Y+X2_M9_r2,french_bread,1017,0.974804
FKIT,Y+X2_M9_r2,french_bread,1018,0.976012
FKIT,Y+X2_M9_r2,french_bread,1019,0.977630
FKIT,Y+X2_M9_r2,french_bread,1020,0.973941
FKIT,Y+X2_M9_r2,french_bread,1021,0.977795
FKIT,Y+X2_M9_r2,french_bread,1022,0.976274
FKIT,Y+X2_M9_r2,french_bread,1023,0.973614
FKIT,Y+X2_M9_r2,french_bread,1024,0.977311
FKIT,Y+X2_M9_r2,french_bread,1025,0.971728
FKIT,Y+X2_M9_r2,french_bread,1026,0.972720
FKIT,Y+X2_M9_r2,french_bread,1027,0.973111
FKIT,Y+X2_M9_r2,french_bread,1028,0.971569
FKIT,Y+X2_M9_r2,french_bread,1029,0.973278
FKIT,Y+X2_M9_r2,french_bread,1030,0.975791
FKIT,Y+X2_M9_r2,french_bread,1031,0.973464
FKIT,Y+X2_M9_r2,french_bread,1032,0.971238
FKIT,Y+X2_M9_r2,french_bread,1033,0.971748
FKIT,Y+X2_M9_r2,french_bread,1034,0.971793
FKIT,Y+X2_M9_r2,french_bread,1035,0.974013
FKIT,Y+X2_M9_r2,french_bread,1036,0.966734
FKIT,Y+X2_M9_r2,french_bread,1037,0.959747
FKIT,Y+X2_M9_r2,french_bread,1038,0.959859
FKIT,Y+X2_M9_r2,french_bread,1039,0.966272
FKIT,Y+X2_M9_r2,french_bread,1040,0.964697
FKIT,Y+X2_M9_r2,french_bread,1041,0.967254
FKIT,Y+X2_M9_r2,french_bread,1042,0.965145
FKIT,Y+X2_M9_r2,french_bread,1043,0.967265
FKIT,Y+X2_M9_r2,french_bread,1044,0.968880
FKIT,Y+X2_M9_r2,french_bread,1045,0.967597
FKIT,Y+X2_M9_r2,french_bread,1046,0.966095
FKIT,Y+X2_M9_r2,french_bread,1047,0.971723
FKIT,Y+X2_M9_r2,french_bread,1048,0.967590
FKIT,Y+X2_M9_r2,french_bread,1049,0.972379
FKIT,Y+X2_M9_r2,french_bread,1050,0.974326
FKIT,Y+X2_M9_r2,french_bread,1051,0.973234
FKIT,Y+X2_M9_r2,french_bread,1052,0.972951
FKIT,Y+X2_M9_r2,french_bread,1053,0.971208
FKIT,Y+X2_M9_r2,french_bread,1054,0.972988
FKIT,Y+X2_M9_r2,french_bread,1055,0.972548
FKIT,Y+X2_M9_r2,french_bread,1056,0.973465
FKIT,Y+X2_M9_r2,french_bread,1057,0.972249
FKIT,Y+X2_M9_r2,french_bread,1058,0.973839
FKIT,Y+X2_M9_r2,french_bread,1059,0.971893
FKIT,Y+X2_M9_r2,french_bread,1060,0.972841
FKIT,Y+X2_M9_r2,french_bread,1061,0.972164
FKIT,Y+X2_M9_r2,french_bread,1062,0.963708
FKIT,Y+X2_M9_r2,french_bread,1063,0.970437
FKIT,Y+X2_M9_r2,french_bread,1064,0.969540
FKIT,Y+X2_M9_r2,french_bread,1065,0.971160
FKIT,Y+X2_M9_r2,french_bread,1066,0.973505
FKIT,Y+X2_M9_r2,french_bread,1067,0.973616
FKIT,Y+X2_M9_r2,french_bread,1068,0.973143
FKIT,Y+X2_M9_r2,french_bread,1069,0.969954
FKIT,Y+X2_M9_r2,french_bread,1070,0.972406
FKIT,Y+X2_M9_r2,french_bread,1071,0.973105
FKIT,Y+X2_M9_r2,french_bread,1072,0.972610
FKIT,Y+X2_M9_r2,french_bread,1073,0.973785
FKIT,Y+X2_M9_r2,french_bread,1074,0.975834
FKIT,Y+X2_M9_r2,french_bread,1075,0.973423
FKIT,Y+X2_M9_r2,french_bread,1076,0.974866
FKIT,Y+X2_M9_r2,french_bread,1077,0.973410
FKIT,Y+X2_M9_r2,french_bread,1078,0.973116
FKIT,Y+X2_M9_r2,french_bread,1079,0.971838
FKIT,Y+X2_M9_r2,french_bread,1080,0.972863
FKIT,Y+X2_M9_r2,french_bread,1081,0.974170
FKIT,Y+X2_M9_r2,french_bread,1082,0.974606
FKIT,Y+X2_M9_r2,french_bread,1083,0.970964
FKIT,Y+X2_M9_r2,french_bread,1084,0.976630
FKIT,Y+X2_M9_r2,french_bread,1085,0.974355
FKIT,Y+X2_M9_r2,french_bread,1086,0.975918
FKIT,Y+X2_M9_r2,french_bread,1087,0.977248
FKIT,Y+X2_M9_r2,french_bread,1088,0.978248
FKIT,Y+X2_M9_r2,french_bread,1089,0.977099
FKIT,Y+X2_M9_r2,french_bread,1090,0.977225
FKIT,Y+X2_M9_r2,french_bread,1091,0.978759
FKIT,Y+X2_M9_r2,french_bread,1092,0.976813
FKIT,Y+X2_M9_r2,french_bread,1093,0.977681
FKIT,Y+X2_M9_r2,french_bread,1094,0.980084
FKIT,Y+X2_M9_r2,french_bread,1095,0.978054
FKIT,Y+X2_M9_r2,french_bread,1096,0.978750
FKIT,Y+X2_M9_r2,french_bread,1097,0.978118
FKIT,Y+X2_M9_r2,french_bread,1098,0.979707
FKIT,Y+X2_M9_r2,french_bread,1099,0.978965
FKIT,Y+X2_M9_r2,french_bread,1100,0.975264
FKIT,Y+X2_M9_r2,french_bread,1101,0.976081
FKIT,Y+X2_M9_r2,french_bread,1102,0.975240
FKIT,Y+X2_M9_r2,french_bread,1103,0.975545
FKIT,Y+X2_M9_r2,french_bread,1104,0.971902
FKIT,Y+X2_M9_r2,french_bread,1105,0.976650
FKIT,Y+X2_M9_r2,french_bread,1106,0.977932
FKIT,Y+X2_M9_r2,french_bread,1107,0.976887
FKIT,Y+X2_M9_r2,french_bread,1108,0.977671
FKIT,Y+X2_M9_r2,french_bread,1109,0.976737
FKIT,Y+X2_M9_r2,french_bread,1110,0.977725
FKIT,Y+X2_M9_r2,french_bread,1111,0.977670
FKIT,Y+X2_M9_r2,french_bread,1112,0.976209
FKIT,Y+X2_M9_r2,french_bread,1113,0.977141
FKIT,Y+X2_M9_r2,french_bread,1114,0.977838
FKIT,Y+X2_M9_r2,french_bread,1115,0.978459
FKIT,Y+X2_M9_r2,french_bread,1116,0.972861
FKIT,Y+X2_M9_r2,french_bread,1117,0.977042
FKIT,Y+X2_M9_r2,french_bread,1118,0.976999
FKIT,Y+X2_M9_r2,french_bread,1119,0.976776
FKIT,Y+X2_M9_r2,french_bread,1120,0.976433
FKIT,Y+X2_M9_r2,french_bread,1121,0.978251
FKIT,Y+X2_M9_r2,french_bread,1122,0.976068
FKIT,Y+X2_M9_r2,french_bread,1123,0.975567
FKIT,Y+X2_M9_r2,french_bread,1124,0.977779
FKIT,Y+X2_M9_r2,french_bread,1125,0.975348
FKIT,Y+X2_M9_r2,french_bread,1126,0.977024
FKIT,Y+X2_M9_r2,french_bread,1127,0.977701
FKIT,Y+X2_M9_r2,french_bread,1128,0.978800
FKIT,Y+X2_M9_r2,french_bread,1129,0.976951
FKIT,Y+X2_M9_r2,french_bread,1130,0.978574
FKIT,Y+X2_M9_r2,french_bread,1131,0.979929
FKIT,Y+X2_M9_r2,french_bread,1132,0.980519
FKIT,Y+X2_M9_r2,french_bread,1133,0.980938
FKIT,Y+X2_M9_r2,french_bread,1134,0.981847
FKIT,Y+X2_M9_r2,french_bread,1135,0.980916
FKIT,Y+X2_M9_r2,french_bread,1136,0.978729
FKIT,Y+X2_M9_r2,french_bread,1137,0.981910
FKIT,Y+X2_M9_r2,french_bread,1138,0.981288
FKIT,Y+X2_M9_r2,lemon,0,0.948844
FKIT,Y+X2_M9_r2,lemon,1,0.964475
FKIT,Y+X2_M9_r2,lemon,2,0.949944
FKIT,Y+X2_M9_r2,lemon,3,0.948949
FKIT,Y+X2_M9_r2,lemon,4,0.948727
FKIT,Y+X2_M9_r2,lemon,5,0.945845
FKIT,Y+X2_M9_r2,lemon,6,0.949511
FKIT,Y+X2_M9_r2,lemon,7,0.948754
FKIT,Y+X2_M9_r2,lemon,8,0.950717
FKIT,Y+X2_M9_r2,lemon,9,0.951239
FKIT,Y+X2_M9_r2,lemon,10,0.955413
FKIT,Y+X2_M9_r2,lemon,11,0.954379
FKIT,Y+X2_M9_r2,lemon,12,0.957171
FKIT,Y+X2_M9_r2,lemon,13,0.954731
FKIT,Y+X2_M9_r2,lemon,14,0.959583
FKIT,Y+X2_M9_r2,lemon,15,0.956994
FKIT,Y+X2_M9_r2,lemon,16,0.952600
FKIT,Y+X2_M9_r2,lemon,17,0.956594
FKIT,Y+X2_M9_r2,lemon,18,0.954978
FKIT,Y+X2_M9_r2,lemon,19,0.955935
FKIT,Y+X2_M9_r2,lemon,20,0.956954
FKIT,Y+X2_M9_r2,lemon,21,0.956203
FKIT,Y+X2_M9_r2,lemon,22,0.955630
FKIT,Y+X2_M9_r2,lemon,23,0.955649
FKIT,Y+X2_M9_r2,lemon,24,0.959017
FKIT,Y+X2_M9_r2,lemon,25,0.958049
FKIT,Y+X2_M9_r2,lemon,26,0.955486
FKIT,Y+X2_M9_r2,lemon,27,0.956006
FKIT,Y+X2_M9_r2,lemon,28,0.954462
FKIT,Y+X2_M9_r2,lemon,29,0.957381
FKIT,Y+X2_M9_r2,lemon,30,0.955882
FKIT,Y+X2_M9_r2,lemon,31,0.957385
FKIT,Y+X2_M9_r2,lemon,32,0.956856
FKIT,Y+X2_M9_r2,lemon,33,0.957409
FKIT,Y+X2_M9_r2,lemon,34,0.958150
FKIT,Y+X2_M9_r2,lemon,35,0.959374
FKIT,Y+X2_M9_r2,lemon,36,0.957876
FKIT,Y+X2_M9_r2,lemon,37,0.960110
FKIT,Y+X2_M9_r2,lemon,38,0.958304
FKIT,Y+X2_M9_r2,lemon,39,0.959872
FKIT,Y+X2_M9_r2,lemon,40,0.935328
FKIT,Y+X2_M9_r2,lemon,41,0.956786
FKIT,Y+X2_M9_r2,lemon,42,0.957342
FKIT,Y+X2_M9_r2,lemon,43,0.957119
FKIT,Y+X2_M9_r2,lemon,44,0.955718
FKIT,Y+X2_M9_r2,lemon,45,0.952827
FKIT,Y+X2_M9_r2,lemon,46,0.957050
FKIT,Y+X2_M9_r2,lemon,47,0.956795
FKIT,Y+X2_M9_r2,lemon,48,0.957480
FKIT,Y+X2_M9_r2,lemon,49,0.958131
FKIT,Y+X2_M9_r2,lemon,50,0.956996
FKIT,Y+X2_M9_r2,lemon,51,0.959073
FKIT,Y+X2_M9_r2,lemon,52,0.958801
FKIT,Y+X2_M9_r2,lemon,53,0.960590
FKIT,Y+X2_M9_r2,lemon,54,0.961262
FKIT,Y+X2_M9_r2,lemon,55,0.958623
FKIT,Y+X2_M9_r2,lemon,56,0.959442
FKIT,Y+X2_M9_r2,lemon,57,0.957816
FKIT,Y+X2_M9_r2,lemon,58,0.960020
FKIT,Y+X2_M9_r2,lemon,59,0.958691
FKIT,Y+X2_M9_r2,lemon,60,0.957941
FKIT,Y+X2_M9_r2,lemon,61,0.959835
FKIT,Y+X2_M9_r2,lemon,62,0.957236
FKIT,Y+X2_M9_r2,lemon,63,0.957335
FKIT,Y+X2_M9_r2,lemon,64,0.959925
FKIT,Y+X2_M9_r2,lemon,65,0.959475
FKIT,Y+X2_M9_r2,lemon,66,0.958776
FKIT,Y+X2_M9_r2,lemon,67,0.959019
FKIT,Y+X2_M9_r2,lemon,68,0.960476
FKIT,Y+X2_M9_r2,lemon,69,0.961025
FKIT,Y+X2_M9_r2,lemon,70,0.959350
FKIT,Y+X2_M9_r2,lemon,71,0.957261
FKIT,Y+X2_M9_r2,lemon,72,0.957753
FKIT,Y+X2_M9_r2,lemon,73,0.955262
FKIT,Y+X2_M9_r2,lemon,74,0.962103
FKIT,Y+X2_M9_r2,lemon,75,0.958031
FKIT,Y+X2_M9_r2,lemon,76,0.958480
FKIT,Y+X2_M9_r2,lemon,77,0.959102
FKIT,Y+X2_M9_r2,lemon,78,0.958186
FKIT,Y+X2_M9_r2,lemon,79,0.958251
FKIT,Y+X2_M9_r2,lemon,80,0.958140
FKIT,Y+X2_M9_r2,lemon,81,0.955086
FKIT,Y+X2_M9_r2,lemon,82,0.955988
FKIT,Y+X2_M9_r2,lemon,83,0.958032
FKIT,Y+X2_M9_r2,lemon,84,0.960067
FKIT,Y+X2_M9_r2,lemon,85,0.960373
FKIT,Y+X2_M9_r2,lemon,86,0.960210
FKIT,Y+X2_M9_r2,lemon,87,0.960777
FKIT,Y+X2_M9_r2,lemon,88,0.957219
FKIT,Y+X2_M9_r2,lemon,89,0.959176
FKIT,Y+X2_M9_r2,lemon,90,0.959044
FKIT,Y+X2_M9_r2,lemon,91,0.958770
FKIT,Y+X2_M9_r2,lemon,92,0.958644
FKIT,Y+X2_M9_r2,lemon,93,0.958132
FKIT,Y+X2_M9_r2,lemon,94,0.960033
FKIT,Y+X2_M9_r2,lemon,95,0.960726
FKIT,Y+X2_M9_r2,lemon,96,0.960313
FKIT,Y+X2_M9_r2,lemon,97,0.959425
FKIT,Y+X2_M9_r2,lemon,98,0.961199
FKIT,Y+X2_M9_r2,lemon,99,0.958423
FKIT,Y+X2_M9_r2,lemon,100,0.959875
FKIT,Y+X2_M9_r2,lemon,101,0.959288
FKIT,Y+X2_M9_r2,lemon,102,0.959663
FKIT,Y+X2_M9_r2,lemon,103,0.958473
FKIT,Y+X2_M9_r2,lemon,104,0.959619
FKIT,Y+X2_M9_r2,lemon,105,0.959163
FKIT,Y+X2_M9_r2,lemon,106,0.957367
FKIT,Y+X2_M9_r2,lemon,107,0.958685
FKIT,Y+X2_M9_r2,lemon,108,0.956967
FKIT,Y+X2_M9_r2,lemon,109,0.960259
FKIT,Y+X2_M9_r2,lemon,110,0.955516
FKIT,Y+X2_M9_r2,lemon,111,0.958040
FKIT,Y+X2_M9_r2,lemon,112,0.962310
FKIT,Y+X2_M9_r2,lemon,113,0.961100
FKIT,Y+X2_M9_r2,lemon,114,0.963054
FKIT,Y+X2_M9_r2,lemon,115,0.959138
FKIT,Y+X2_M9_r2,lemon,116,0.959016
FKIT,Y+X2_M9_r2,lemon,117,0.324361
FKIT,Y+X2_M9_r2,lemon,118,0.959259
FKIT,Y+X2_M9_r2,lemon,119,0.960215
FKIT,Y+X2_M9_r2,lemon,120,0.957627
FKIT,Y+X2_M9_r2,lemon,121,0.961154
FKIT,Y+X2_M9_r2,lemon,122,0.960379
FKIT,Y+X2_M9_r2,lemon,123,0.959505
FKIT,Y+X2_M9_r2,lemon,124,0.963250
FKIT,Y+X2_M9_r2,lemon,125,0.962358
FKIT,Y+X2_M9_r2,lemon,126,0.961767
FKIT,Y+X2_M9_r2,lemon,127,0.960904
FKIT,Y+X2_M9_r2,lemon,128,0.960278
FKIT,Y+X2_M9_r2,lemon,129,0.964885
FKIT,Y+X2_M9_r2,lemon,130,0.961724
FKIT,Y+X2_M9_r2,lemon,131,0.961017
FKIT,Y+X2_M9_r2,lemon,132,0.957892
FKIT,Y+X2_M9_r2,lemon,133,0.960469
FKIT,Y+X2_M9_r2,lemon,134,0.964962
FKIT,Y+X2_M9_r2,lemon,135,0.961210
FKIT,Y+X2_M9_r2,lemon,136,0.962194
FKIT,Y+X2_M9_r2,lemon,137,0.963866
FKIT,Y+X2_M9_r2,lemon,138,0.962908
FKIT,Y+X2_M9_r2,lemon,139,0.962156
FKIT,Y+X2_M9_r2,lemon,140,0.959647
FKIT,Y+X2_M9_r2,lemon,141,0.955239
FKIT,Y+X2_M9_r2,lemon,142,0.957749
FKIT,Y+X2_M9_r2,lemon,143,0.960922
FKIT,Y+X2_M9_r2,lemon,144,0.963772
FKIT,Y+X2_M9_r2,lemon,145,0.955976
FKIT,Y+X2_M9_r2,lemon,146,0.961759
FKIT,Y+X2_M9_r2,lemon,147,0.957698
FKIT,Y+X2_M9_r2,lemon,148,0.956249
FKIT,Y+X2_M9_r2,lemon,149,0.956324
FKIT,Y+X2_M9_r2,lemon,150,0.958150
FKIT,Y+X2_M9_r2,lemon,151,0.950647
FKIT,Y+X2_M9_r2,lemon,152,0.957642
FKIT,Y+X2_M9_r2,lemon,153,0.955064
FKIT,Y+X2_M9_r2,lemon,154,0.958790
FKIT,Y+X2_M9_r2,lemon,155,0.958645
FKIT,Y+X2_M9_r2,lemon,156,0.957815
FKIT,Y+X2_M9_r2,lemon,157,0.959264
FKIT,Y+X2_M9_r2,lemon,158,0.959846
FKIT,Y+X2_M9_r2,lemon,159,0.959026
FKIT,Y+X2_M9_r2,lemon,160,0.960332
FKIT,Y+X2_M9_r2,lemon,161,0.961764
FKIT,Y+X2_M9_r2,lemon,162,0.960105
FKIT,Y+X2_M9_r2,lemon,163,0.956581
FKIT,Y+X2_M9_r2,lemon,164,0.961713
FKIT,Y+X2_M9_r2,lemon,165,0.964331
FKIT,Y+X2_M9_r2,lemon,166,0.960994
FKIT,Y+X2_M9_r2,lemon,167,0.962786
FKIT,Y+X2_M9_r2,lemon,168,0.965430
FKIT,Y+X2_M9_r2,lemon,169,0.963525
FKIT,Y+X2_M9_r2,lemon,170,0.962942
FKIT,Y+X2_M9_r2,lemon,171,0.964126
FKIT,Y+X2_M9_r2,lemon,172,0.963000
FKIT,Y+X2_M9_r2,lemon,173,0.964114
FKIT,Y+X2_M9_r2,lemon,174,0.966206
FKIT,Y+X2_M9_r2,lemon,175,0.967119
FKIT,Y+X2_M9_r2,lemon,176,0.965231
FKIT,Y+X2_M9_r2,lemon,177,0.962127
FKIT,Y+X2_M9_r2,lemon,178,0.965526
FKIT,Y+X2_M9_r2,lemon,179,0.959897
FKIT,Y+X2_M9_r2,lemon,180,0.962706
FKIT,Y+X2_M9_r2,lemon,181,0.962992
FKIT,Y+X2_M9_r2,lemon,182,0.958610
FKIT,Y+X2_M9_r2,lemon,183,0.961252
FKIT,Y+X2_M9_r2,lemon,184,0.962966
FKIT,Y+X2_M9_r2,lemon,185,0.963495
FKIT,Y+X2_M9_r2,lemon,186,0.960860
FKIT,Y+X2_M9_r2,lemon,187,0.962721
FKIT,Y+X2_M9_r2,lemon,188,0.963237
FKIT,Y+X2_M9_r2,lemon,189,0.962171
FKIT,Y+X2_M9_r2,lemon,190,0.963487
FKIT,Y+X2_M9_r2,lemon,191,0.963396
FKIT,Y+X2_M9_r2,lemon,192,0.962635
FKIT,Y+X2_M9_r2,lemon,193,0.960795
FKIT,Y+X2_M9_r2,lemon,194,0.962580
FKIT,Y+X2_M9_r2,lemon,195,0.966456
FKIT,Y+X2_M9_r2,lemon,196,0.965241
FKIT,Y+X2_M9_r2,lemon,197,0.966088
FKIT,Y+X2_M9_r2,lemon,198,0.965223
FKIT,Y+X2_M9_r2,lemon,199,0.965966
FKIT,Y+X2_M9_r2,lemon,200,0.965893
FKIT,Y+X2_M9_r2,lemon,201,0.967961
FKIT,Y+X2_M9_r2,lemon,202,0.966045
FKIT,Y+X2_M9_r2,lemon,203,0.967105
FKIT,Y+X2_M9_r2,lemon,204,0.968826
FKIT,Y+X2_M9_r2,lemon,205,0.969519
FKIT,Y+X2_M9_r2,lemon,206,0.969311
FKIT,Y+X2_M9_r2,lemon,207,0.967122
FKIT,Y+X2_M9_r2,lemon,208,0.966576
FKIT,Y+X2_M9_r2,lemon,209,0.966464
FKIT,Y+X2_M9_r2,lemon,210,0.966436
FKIT,Y+X2_M9_r2,lemon,211,0.965507
FKIT,Y+X2_M9_r2,lemon,212,0.963430
FKIT,Y+X2_M9_r2,lemon,213,0.965025
FKIT,Y+X2_M9_r2,lemon,214,0.966454
FKIT,Y+X2_M9_r2,lemon,215,0.963638
FKIT,Y+X2_M9_r2,lemon,216,0.962969
FKIT,Y+X2_M9_r2,lemon,217,0.962725
FKIT,Y+X2_M9_r2,lemon,218,0.963691
FKIT,Y+X2_M9_r2,lemon,219,0.961795
FKIT,Y+X2_M9_r2,lemon,220,0.964915
FKIT,Y+X2_M9_r2,lemon,221,0.964374
FKIT,Y+X2_M9_r2,lemon,222,0.965624
FKIT,Y+X2_M9_r2,lemon,223,0.965846
FKIT,Y+X2_M9_r2,lemon,224,0.965051
FKIT,Y+X2_M9_r2,lemon,225,0.967858
FKIT,Y+X2_M9_r2,lemon,226,0.970497
FKIT,Y+X2_M9_r2,lemon,227,0.969028
FKIT,Y+X2_M9_r2,lemon,228,0.967808
FKIT,Y+X2_M9_r2,lemon,229,0.969317
FKIT,Y+X2_M9_r2,lemon,230,0.969017
FKIT,Y+X2_M9_r2,lemon,231,0.968257
FKIT,Y+X2_M9_r2,lemon,232,0.969788
FKIT,Y+X2_M9_r2,lemon,233,0.969817
FKIT,Y+X2_M9_r2,lemon,234,0.969655
FKIT,Y+X2_M9_r2,lemon,235,0.970206
FKIT,Y+X2_M9_r2,lemon,236,0.969636
FKIT,Y+X2_M9_r2,lemon,237,0.969542
FKIT,Y+X2_M9_r2,lemon,238,0.969268
FKIT,Y+X2_M9_r2,lemon,239,0.970489
FKIT,Y+X2_M9_r2,lemon,240,0.969316
FKIT,Y+X2_M9_r2,lemon,241,0.968941
FKIT,Y+X2_M9_r2,lemon,242,0.967806
FKIT,Y+X2_M9_r2,lemon,243,0.966794
FKIT,Y+X2_M9_r2,lemon,244,0.966374
FKIT,Y+X2_M9_r2,lemon,245,0.967295
FKIT,Y+X2_M9_r2,lemon,246,0.964370
FKIT,Y+X2_M9_r2,lemon,247,0.964230
FKIT,Y+X2_M9_r2,lemon,248,0.962724
FKIT,Y+X2_M9_r2,lemon,249,0.963358
FKIT,Y+X2_M9_r2,lemon,250,0.964064
FKIT,Y+X2_M9_r2,lemon,251,0.963625
FKIT,Y+X2_M9_r2,lemon,252,0.966543
FKIT,Y+X2_M9_r2,lemon,253,0.964440
FKIT,Y+X2_M9_r2,lemon,254,0.963675
FKIT,Y+X2_M9_r2,lemon,255,0.966994
FKIT,Y+X2_M9_r2,lemon,256,0.963065
FKIT,Y+X2_M9_r2,lemon,257,0.965031
FKIT,Y+X2_M9_r2,lemon,258,0.961623
FKIT,Y+X2_M9_r2,lemon,259,0.961205
FKIT,Y+X2_M9_r2,lemon,260,0.968653
FKIT,Y+X2_M9_r2,lemon,261,0.965324
FKIT,Y+X2_M9_r2,lemon,262,0.965600
FKIT,Y+X2_M9_r2,lemon,263,0.964173
FKIT,Y+X2_M9_r2,lemon,264,0.962859
FKIT,Y+X2_M9_r2,lemon,265,0.963405
FKIT,Y+X2_M9_r2,lemon,266,0.952141
FKIT,Y+X2_M9_r2,lemon,267,0.963409
FKIT,Y+X2_M9_r2,lemon,268,0.964751
FKIT,Y+X2_M9_r2,lemon,269,0.964100
FKIT,Y+X2_M9_r2,lemon,270,0.965318
FKIT,Y+X2_M9_r2,lemon,271,0.964507
FKIT,Y+X2_M9_r2,lemon,272,0.964103
FKIT,Y+X2_M9_r2,lemon,273,0.963387
FKIT,Y+X2_M9_r2,lemon,274,0.965456
FKIT,Y+X2_M9_r2,lemon,275,0.966963
FKIT,Y+X2_M9_r2,lemon,276,0.963111
FKIT,Y+X2_M9_r2,lemon,277,0.963716
FKIT,Y+X2_M9_r2,lemon,278,0.963097
FKIT,Y+X2_M9_r2,lemon,279,0.962077
FKIT,Y+X2_M9_r2,lemon,280,0.961329
FKIT,Y+X2_M9_r2,lemon,281,0.959390
FKIT,Y+X2_M9_r2,lemon,282,0.959979
FKIT,Y+X2_M9_r2,lemon,283,0.954741
FKIT,Y+X2_M9_r2,lemon,284,0.961654
FKIT,Y+X2_M9_r2,lemon,285,0.963067
FKIT,Y+X2_M9_r2,lemon,286,0.958753
FKIT,Y+X2_M9_r2,lemon,287,0.958324
FKIT,Y+X2_M9_r2,lemon,288,0.955808
FKIT,Y+X2_M9_r2,lemon,289,0.956119
FKIT,Y+X2_M9_r2,lemon,290,0.959318
FKIT,Y+X2_M9_r2,lemon,291,0.955255
FKIT,Y+X2_M9_r2,lemon,292,0.956535
FKIT,Y+X2_M9_r2,lemon,293,0.959740
FKIT,Y+X2_M9_r2,lemon,294,0.954090
FKIT,Y+X2_M9_r2,lemon,295,0.955564
FKIT,Y+X2_M9_r2,lemon,296,0.956708
FKIT,Y+X2_M9_r2,lemon,297,0.956770
FKIT,Y+X2_M9_r2,lemon,298,0.956447
FKIT,Y+X2_M9_r2,lemon,299,0.957873
FKIT,Y+X2_M9_r2,lemon,300,0.955966
FKIT,Y+X2_M9_r2,lemon,301,0.958381
FKIT,Y+X2_M9_r2,lemon,302,0.954554
FKIT,Y+X2_M9_r2,lemon,303,0.955156
FKIT,Y+X2_M9_r2,lemon,304,0.958935
FKIT,Y+X2_M9_r2,lemon,305,0.956221
FKIT,Y+X2_M9_r2,lemon,306,0.958286
FKIT,Y+X2_M9_r2,lemon,307,0.956794
FKIT,Y+X2_M9_r2,lemon,308,0.955544
FKIT,Y+X2_M9_r2,lemon,309,0.958111
FKIT,Y+X2_M9_r2,lemon,310,0.956724
FKIT,Y+X2_M9_r2,lemon,311,0.952126
FKIT,Y+X2_M9_r2,lemon,312,0.954474
FKIT,Y+X2_M9_r2,lemon,313,0.953210
FKIT,Y+X2_M9_r2,lemon,314,0.955400
FKIT,Y+X2_M9_r2,lemon,315,0.954366
FKIT,Y+X2_M9_r2,lemon,316,0.953851
FKIT,Y+X2_M9_r2,lemon,317,0.953554
FKIT,Y+X2_M9_r2,lemon,318,0.952040
FKIT,Y+X2_M9_r2,lemon,319,0.948617
FKIT,Y+X2_M9_r2,lemon,320,0.948728
FKIT,Y+X2_M9_r2,lemon,321,0.952708
FKIT,Y+X2_M9_r2,lemon,322,0.952576
FKIT,Y+X2_M9_r2,lemon,323,0.955362
FKIT,Y+X2_M9_r2,lemon,324,0.955857
FKIT,Y+X2_M9_r2,lemon,325,0.956256
FKIT,Y+X2_M9_r2,lemon,326,0.953848
FKIT,Y+X2_M9_r2,lemon,327,0.958545
FKIT,Y+X2_M9_r2,lemon,328,0.952093
FKIT,Y+X2_M9_r2,lemon,329,0.955314
FKIT,Y+X2_M9_r2,lemon,330,0.948878
FKIT,Y+X2_M9_r2,lemon,331,0.952674
FKIT,Y+X2_M9_r2,lemon,332,0.954055
FKIT,Y+X2_M9_r2,lemon,333,0.954655
FKIT,Y+X2_M9_r2,lemon,334,0.953125
FKIT,Y+X2_M9_r2,lemon,335,0.953395
FKIT,Y+X2_M9_r2,lemon,336,0.955788
FKIT,Y+X2_M9_r2,lemon,337,0.954569
FKIT,Y+X2_M9_r2,lemon,338,0.952884
FKIT,Y+X2_M9_r2,lemon,339,0.951805
FKIT,Y+X2_M9_r2,lemon,340,0.955209
FKIT,Y+X2_M9_r2,lemon,341,0.953094
FKIT,Y+X2_M9_r2,lemon,342,0.955835
FKIT,Y+X2_M9_r2,lemon,343,0.951695
FKIT,Y+X2_M9_r2,lemon,344,0.952339
FKIT,Y+X2_M9_r2,lemon,345,0.951328
FKIT,Y+X2_M9_r2,lemon,346,0.954914
FKIT,Y+X2_M9_r2,lemon,347,0.951785
FKIT,Y+X2_M9_r2,lemon,348,0.953424
FKIT,Y+X2_M9_r2,lemon,349,0.952680
FKIT,Y+X2_M9_r2,lemon,350,0.951815
FKIT,Y+X2_M9_r2,lemon,351,0.951109
FKIT,Y+X2_M9_r2,lemon,352,0.949372
FKIT,Y+X2_M9_r2,lemon,353,0.953355
FKIT,Y+X2_M9_r2,lemon,354,0.953159
FKIT,Y+X2_M9_r2,lemon,355,0.953741
FKIT,Y+X2_M9_r2,lemon,356,0.955972
FKIT,Y+X2_M9_r2,lemon,357,0.955794
FKIT,Y+X2_M9_r2,lemon,358,0.954636
FKIT,Y+X2_M9_r2,lemon,359,0.953822
FKIT,Y+X2_M9_r2,lemon,360,0.954949
FKIT,Y+X2_M9_r2,lemon,361,0.956534
FKIT,Y+X2_M9_r2,lemon,362,0.956534
FKIT,Y+X2_M9_r2,lemon,363,0.953089
FKIT,Y+X2_M9_r2,lemon,364,0.960105
FKIT,Y+X2_M9_r2,lemon,365,0.952077
FKIT,Y+X2_M9_r2,lemon,366,0.954211
FKIT,Y+X2_M9_r2,lemon,367,0.954181
FKIT,Y+X2_M9_r2,lemon,368,0.955317
FKIT,Y+X2_M9_r2,lemon,369,0.953160
FKIT,Y+X2_M9_r2,lemon,370,0.951668
FKIT,Y+X2_M9_r2,lemon,371,0.954167
FKIT,Y+X2_M9_r2,lemon,372,0.951320
FKIT,Y+X2_M9_r2,lemon,373,0.950508
FKIT,Y+X2_M9_r2,lemon,374,0.952962
FKIT,Y+X2_M9_r2,lemon,375,0.953316
FKIT,Y+X2_M9_r2,lemon,376,0.954824
FKIT,Y+X2_M9_r2,lemon,377,0.953461
FKIT,Y+X2_M9_r2,lemon,378,0.954109
FKIT,Y+X2_M9_r2,lemon,379,0.954987
FKIT,Y+X2_M9_r2,lemon,380,0.954408
FKIT,Y+X2_M9_r2,lemon,381,0.951701
FKIT,Y+X2_M9_r2,lemon,382,0.955038
FKIT,Y+X2_M9_r2,lemon,383,0.949707
FKIT,Y+X2_M9_r2,lemon,384,0.952637
FKIT,Y+X2_M9_r2,lemon,385,0.955377
FKIT,Y+X2_M9_r2,lemon,386,0.957789
FKIT,Y+X2_M9_r2,lemon,387,0.953875
FKIT,Y+X2_M9_r2,lemon,388,0.954803
FKIT,Y+X2_M9_r2,lemon,389,0.951632
FKIT,Y+X2_M9_r2,lemon,390,0.951242
FKIT,Y+X2_M9_r2,lemon,391,0.953135
FKIT,Y+X2_M9_r2,lemon,392,0.952788
FKIT,Y+X2_M9_r2,lemon,393,0.951691
FKIT,Y+X2_M9_r2,lemon,394,0.951291
FKIT,Y+X2_M9_r2,lemon,395,0.957258
FKIT,Y+X2_M9_r2,lemon,396,0.951275
FKIT,Y+X2_M9_r2,lemon,397,0.953411
FKIT,Y+X2_M9_r2,lemon,398,0.952638
FKIT,Y+X2_M9_r2,lemon,399,0.953435
FKIT,Y+X2_M9_r2,lemon,400,0.954800
FKIT,Y+X2_M9_r2,lemon,401,0.953526
FKIT,Y+X2_M9_r2,lemon,402,0.953605
FKIT,Y+X2_M9_r2,lemon,403,0.938129
FKIT,Y+X2_M9_r2,lemon,404,0.955878
FKIT,Y+X2_M9_r2,lemon,405,0.951973
FKIT,Y+X2_M9_r2,lemon,406,0.952745
FKIT,Y+X2_M9_r2,lemon,407,0.955931
FKIT,Y+X2_M9_r2,lemon,408,0.951730
FKIT,Y+X2_M9_r2,lemon,409,0.952944
FKIT,Y+X2_M9_r2,lemon,410,0.951243
FKIT,Y+X2_M9_r2,lemon,411,0.950388
FKIT,Y+X2_M9_r2,lemon,412,0.950904
FKIT,Y+X2_M9_r2,lemon,413,0.954318
FKIT,Y+X2_M9_r2,lemon,414,0.952307
FKIT,Y+X2_M9_r2,lemon,415,0.954796
FKIT,Y+X2_M9_r2,lemon,416,0.952165
FKIT,Y+X2_M9_r2,lemon,417,0.960299
FKIT,Y+X2_M9_r2,lemon,418,0.958564
FKIT,Y+X2_M9_r2,lemon,419,0.955920
FKIT,Y+X2_M9_r2,lemon,420,0.955702
FKIT,Y+X2_M9_r2,lemon,421,0.954158
FKIT,Y+X2_M9_r2,lemon,422,0.944057
FKIT,Y+X2_M9_r2,lemon,423,0.949316
FKIT,Y+X2_M9_r2,lemon,424,0.953386
FKIT,Y+X2_M9_r2,lemon,425,0.956407
FKIT,Y+X2_M9_r2,lemon,426,0.959719
FKIT,Y+X2_M9_r2,lemon,427,0.951837
FKIT,Y+X2_M9_r2,lemon,428,0.957601
FKIT,Y+X2_M9_r2,lemon,429,0.951675
FKIT,Y+X2_M9_r2,lemon,430,0.955770
FKIT,Y+X2_M9_r2,lemon,431,0.956515
FKIT,Y+X2_M9_r2,lemon,432,0.956291
FKIT,Y+X2_M9_r2,lemon,433,0.959253
FKIT,Y+X2_M9_r2,lemon,434,0.957143
FKIT,Y+X2_M9_r2,lemon,435,0.954889
FKIT,Y+X2_M9_r2,lemon,436,0.955009
FKIT,Y+X2_M9_r2,lemon,437,0.957504
FKIT,Y+X2_M9_r2,lemon,438,0.957140
FKIT,Y+X2_M9_r2,lemon,439,0.957541
FKIT,Y+X2_M9_r2,lemon,440,0.956884
FKIT,Y+X2_M9_r2,lemon,441,0.953813
FKIT,Y+X2_M9_r2,lemon,442,0.955709
FKIT,Y+X2_M9_r2,lemon,443,0.953104
FKIT,Y+X2_M9_r2,lemon,444,0.959319
FKIT,Y+X2_M9_r2,lemon,445,0.959774
FKIT,Y+X2_M9_r2,lemon,446,0.958129
FKIT,Y+X2_M9_r2,lemon,447,0.958871
FKIT,Y+X2_M9_r2,lemon,448,0.956798
FKIT,Y+X2_M9_r2,lemon,449,0.957382
FKIT,Y+X2_M9_r2,lemon,450,0.938187
FKIT,Y+X2_M9_r2,lemon,451,0.955703
FKIT,Y+X2_M9_r2,lemon,452,0.951522
FKIT,Y+X2_M9_r2,lemon,453,0.956003
FKIT,Y+X2_M9_r2,lemon,454,0.956454
FKIT,Y+X2_M9_r2,lemon,455,0.953865
FKIT,Y+X2_M9_r2,lemon,456,0.953602
FKIT,Y+X2_M9_r2,lemon,457,0.955928
FKIT,Y+X2_M9_r2,lemon,458,0.954259
FKIT,Y+X2_M9_r2,lemon,459,0.956215
FKIT,Y+X2_M9_r2,lemon,460,0.955489
FKIT,Y+X2_M9_r2,lemon,461,0.957719
FKIT,Y+X2_M9_r2,lemon,462,0.955969
FKIT,Y+X2_M9_r2,lemon,463,0.953400
FKIT,Y+X2_M9_r2,lemon,464,0.957916
FKIT,Y+X2_M9_r2,lemon,465,0.955876
FKIT,Y+X2_M9_r2,lemon,466,0.959565
FKIT,Y+X2_M9_r2,lemon,467,0.956312
FKIT,Y+X2_M9_r2,lemon,468,0.956814
FKIT,Y+X2_M9_r2,lemon,469,0.957870
FKIT,Y+X2_M9_r2,lemon,470,0.958608
FKIT,Y+X2_M9_r2,lemon,471,0.956851
FKIT,Y+X2_M9_r2,lemon,472,0.958404
FKIT,Y+X2_M9_r2,lemon,473,0.958498
FKIT,Y+X2_M9_r2,lemon,474,0.958365
FKIT,Y+X2_M9_r2,lemon,475,0.957307
FKIT,Y+X2_M9_r2,lemon,476,0.958720
FKIT,Y+X2_M9_r2,lemon,477,0.958255
FKIT,Y+X2_M9_r2,lemon,478,0.957928
FKIT,Y+X2_M9_r2,lemon,479,0.956412
FKIT,Y+X2_M9_r2,lemon,480,0.956759
FKIT,Y+X2_M9_r2,lemon,481,0.959480
FKIT,Y+X2_M9_r2,lemon,482,0.958958
FKIT,Y+X2_M9_r2,lemon,483,0.959825
FKIT,Y+X2_M9_r2,lemon,484,0.960945
FKIT,Y+X2_M9_r2,lemon,485,0.964257
FKIT,Y+X2_M9_r2,lemon,486,0.963768
FKIT,Y+X2_M9_r2,lemon,487,0.961279
FKIT,Y+X2_M9_r2,lemon,488,0.961193
FKIT,Y+X2_M9_r2,lemon,489,0.963314
FKIT,Y+X2_M9_r2,lemon,490,0.963422
FKIT,Y+X2_M9_r2,lemon,491,0.964349
FKIT,Y+X2_M9_r2,lemon,492,0.962181
FKIT,Y+X2_M9_r2,lemon,493,0.960470
FKIT,Y+X2_M9_r2,lemon,494,0.963058
FKIT,Y+X2_M9_r2,lemon,495,0.965423
FKIT,Y+X2_M9_r2,lemon,496,0.964493
FKIT,Y+X2_M9_r2,lemon,497,0.964940
FKIT,Y+X2_M9_r2,lemon,498,0.966368
FKIT,Y+X2_M9_r2,lemon,499,0.963596
FKIT,Y+X2_M9_r2,lemon,500,0.962257
FKIT,Y+X2_M9_r2,lemon,501,0.965310
FKIT,Y+X2_M9_r2,lemon,502,0.966045
FKIT,Y+X2_M9_r2,lemon,503,0.967172
FKIT,Y+X2_M9_r2,lemon,504,0.966730
FKIT,Y+X2_M9_r2,lemon,505,0.967615
FKIT,Y+X2_M9_r2,lemon,506,0.969900
FKIT,Y+X2_M9_r2,lemon,507,0.965871
FKIT,Y+X2_M9_r2,lemon,508,0.964894
FKIT,Y+X2_M9_r2,lemon,509,0.960476
FKIT,Y+X2_M9_r2,lemon,510,0.966963
FKIT,Y+X2_M9_r2,lemon,511,0.963297
FKIT,Y+X2_M9_r2,lemon,512,0.966286
FKIT,Y+X2_M9_r2,lemon,513,0.964451
FKIT,Y+X2_M9_r2,lemon,514,0.961078
FKIT,Y+X2_M9_r2,lemon,515,0.953136
FKIT,Y+X2_M9_r2,lemon,516,0.963451
FKIT,Y+X2_M9_r2,lemon,517,0.960650
FKIT,Y+X2_M9_r2,lemon,518,0.948288
FKIT,Y+X2_M9_r2,lemon,519,0.958039
FKIT,Y+X2_M9_r2,lemon,520,0.958681
FKIT,Y+X2_M9_r2,lemon,521,0.960942
FKIT,Y+X2_M9_r2,lemon,522,0.960929
FKIT,Y+X2_M9_r2,lemon,523,0.959443
FKIT,Y+X2_M9_r2,lemon,524,0.960454
FKIT,Y+X2_M9_r2,lemon,525,0.960790
FKIT,Y+X2_M9_r2,lemon,526,0.958151
FKIT,Y+X2_M9_r2,lemon,527,0.956996
FKIT,Y+X2_M9_r2,lemon,528,0.961047
FKIT,Y+X2_M9_r2,lemon,529,0.955975
FKIT,Y+X2_M9_r2,lemon,530,0.956661
FKIT,Y+X2_M9_r2,lemon,531,0.958603
FKIT,Y+X2_M9_r2,lemon,532,0.959690
FKIT,Y+X2_M9_r2,lemon,533,0.958736
FKIT,Y+X2_M9_r2,lemon,534,0.961899
FKIT,Y+X2_M9_r2,lemon,535,0.960062
FKIT,Y+X2_M9_r2,lemon,536,0.959326
FKIT,Y+X2_M9_r2,lemon,537,0.964043
FKIT,Y+X2_M9_r2,lemon,538,0.960993
FKIT,Y+X2_M9_r2,lemon,539,0.960881
FKIT,Y+X2_M9_r2,lemon,540,0.964160
FKIT,Y+X2_M9_r2,lemon,541,0.962172
FKIT,Y+X2_M9_r2,lemon,542,0.961349
FKIT,Y+X2_M9_r2,lemon,543,0.963138
FKIT,Y+X2_M9_r2,lemon,544,0.965880
FKIT,Y+X2_M9_r2,lemon,545,0.968119
FKIT,Y+X2_M9_r2,lemon,546,0.964736
FKIT,Y+X2_M9_r2,lemon,547,0.965571
FKIT,Y+X2_M9_r2,lemon,548,0.961568
FKIT,Y+X2_M9_r2,lemon,549,0.968101
FKIT,Y+X2_M9_r2,lemon,550,0.967609
FKIT,Y+X2_M9_r2,lemon,551,0.962241
FKIT,Y+X2_M9_r2,lemon,552,0.960161
FKIT,Y+X2_M9_r2,lemon,553,0.963221
FKIT,Y+X2_M9_r2,lemon,554,0.966227
FKIT,Y+X2_M9_r2,lemon,555,0.962890
FKIT,Y+X2_M9_r2,lemon,556,0.961938
FKIT,Y+X2_M9_r2,lemon,557,0.958587
FKIT,Y+X2_M9_r2,lemon,558,0.960098
FKIT,Y+X2_M9_r2,lemon,559,0.958246
FKIT,Y+X2_M9_r2,lemon,560,0.964109
FKIT,Y+X2_M9_r2,lemon,561,0.960309
FKIT,Y+X2_M9_r2,lemon,562,0.964477
FKIT,Y+X2_M9_r2,lemon,563,0.963960
FKIT,Y+X2_M9_r2,lemon,564,0.961204
FKIT,Y+X2_M9_r2,lemon,565,0.957692
FKIT,Y+X2_M9_r2,lemon,566,0.957188
FKIT,Y+X2_M9_r2,lemon,567,0.958051
FKIT,Y+X2_M9_r2,lemon,568,0.959973
FKIT,Y+X2_M9_r2,lemon,569,0.956250
FKIT,Y+X2_M9_r2,lemon,570,0.956614
FKIT,Y+X2_M9_r2,lemon,571,0.955081
FKIT,Y+X2_M9_r2,lemon,572,0.961482
FKIT,Y+X2_M9_r2,lemon,573,0.957033
FKIT,Y+X2_M9_r2,lemon,574,0.959895
FKIT,Y+X2_M9_r2,lemon,575,0.957494
FKIT,Y+X2_M9_r2,lemon,576,0.954799
FKIT,Y+X2_M9_r2,lemon,577,0.956527
FKIT,Y+X2_M9_r2,lemon,578,0.956362
FKIT,Y+X2_M9_r2,lemon,579,0.958396
FKIT,Y+X2_M9_r2,lemon,580,0.957352
FKIT,Y+X2_M9_r2,lemon,581,0.960884
FKIT,Y+X2_M9_r2,lemon,582,0.956769
FKIT,Y+X2_M9_r2,lemon,583,0.958128
FKIT,Y+X2_M9_r2,lemon,584,0.957925
FKIT,Y+X2_M9_r2,lemon,585,0.960349
FKIT,Y+X2_M9_r2,lemon,586,0.956845
FKIT,Y+X2_M9_r2,lemon,587,0.959906
FKIT,Y+X2_M9_r2,lemon,588,0.957578
FKIT,Y+X2_M9_r2,lemon,589,0.960267
FKIT,Y+X2_M9_r2,lemon,590,0.960142
FKIT,Y+X2_M9_r2,lemon,591,0.959609
FKIT,Y+X2_M9_r2,lemon,592,0.964220
FKIT,Y+X2_M9_r2,lemon,593,0.960485
FKIT,Y+X2_M9_r2,lemon,594,0.959476
FKIT,Y+X2_M9_r2,lemon,595,0.960797
FKIT,Y+X2_M9_r2,lemon,596,0.962361
FKIT,Y+X2_M9_r2,lemon,597,0.958382
FKIT,Y+X2_M9_r2,lemon,598,0.960031
FKIT,Y+X2_M9_r2,lemon,599,0.963973
FKIT,Y+X2_M9_r2,lemon,600,0.960874
FKIT,Y+X2_M9_r2,lemon,601,0.960898
FKIT,Y+X2_M9_r2,lemon,602,0.961816
FKIT,Y+X2_M9_r2,lemon,603,0.964550
FKIT,Y+X2_M9_r2,lemon,604,0.963852
FKIT,Y+X2_M9_r2,lemon,605,0.961089
FKIT,Y+X2_M9_r2,lemon,606,0.963415
FKIT,Y+X2_M9_r2,lemon,607,0.961123
FKIT,Y+X2_M9_r2,lemon,608,0.960105
FKIT,Y+X2_M9_r2,lemon,609,0.960431
FKIT,Y+X2_M9_r2,lemon,610,0.963727
FKIT,Y+X2_M9_r2,lemon,611,0.964836
FKIT,Y+X2_M9_r2,lemon,612,0.959807
FKIT,Y+X2_M9_r2,lemon,613,0.959404
FKIT,Y+X2_M9_r2,lemon,614,0.966141
FKIT,Y+X2_M9_r2,lemon,615,0.958085
FKIT,Y+X2_M9_r2,lemon,616,0.959132
FKIT,Y+X2_M9_r2,lemon,617,0.955841
FKIT,Y+X2_M9_r2,lemon,618,0.955371
FKIT,Y+X2_M9_r2,lemon,619,0.955663
FKIT,Y+X2_M9_r2,lemon,620,0.953936
FKIT,Y+X2_M9_r2,lemon,621,0.954921
FKIT,Y+X2_M9_r2,lemon,622,0.957360
FKIT,Y+X2_M9_r2,lemon,623,0.946288
FKIT,Y+X2_M9_r2,lemon,624,0.962169
FKIT,Y+X2_M9_r2,lemon,625,0.959125
FKIT,Y+X2_M9_r2,lemon,626,0.963423
FKIT,Y+X2_M9_r2,lemon,627,0.964507
FKIT,Y+X2_M9_r2,lemon,628,0.961898
FKIT,Y+X2_M9_r2,lemon,629,0.960550
FKIT,Y+X2_M9_r2,lemon,630,0.962300
FKIT,Y+X2_M9_r2,lemon,631,0.958612
FKIT,Y+X2_M9_r2,lemon,632,0.963346
FKIT,Y+X2_M9_r2,lemon,633,0.965027
FKIT,Y+X2_M9_r2,lemon,634,0.968339
FKIT,Y+X2_M9_r2,lemon,635,0.967666
FKIT,Y+X2_M9_r2,lemon,636,0.966344
FKIT,Y+X2_M9_r2,lemon,637,0.969697
FKIT,Y+X2_M9_r2,lemon,638,0.966729
FKIT,Y+X2_M9_r2,lemon,639,0.965601
FKIT,Y+X2_M9_r2,lemon,640,0.963432
FKIT,Y+X2_M9_r2,lemon,641,0.965408
FKIT,Y+X2_M9_r2,lemon,642,0.965979
FKIT,Y+X2_M9_r2,lemon,643,0.967984
FKIT,Y+X2_M9_r2,lemon,644,0.972684
FKIT,Y+X2_M9_r2,lemon,645,0.970212
FKIT,Y+X2_M9_r2,lemon,646,0.970650
FKIT,Y+X2_M9_r2,lemon,647,0.973968
FKIT,Y+X2_M9_r2,lemon,648,0.971676
FKIT,Y+X2_M9_r2,lemon,649,0.970281
FKIT,Y+X2_M9_r2,lemon,650,0.968440
FKIT,Y+X2_M9_r2,lemon,651,0.968701
FKIT,Y+X2_M9_r2,lemon,652,0.967996
FKIT,Y+X2_M9_r2,lemon,653,0.966218
FKIT,Y+X2_M9_r2,lemon,654,0.970654
FKIT,Y+X2_M9_r2,lemon,655,0.970109
FKIT,Y+X2_M9_r2,lemon,656,0.969311
FKIT,Y+X2_M9_r2,lemon,657,0.971240
FKIT,Y+X2_M9_r2,lemon,658,0.970815
FKIT,Y+X2_M9_r2,lemon,659,0.966659
FKIT,Y+X2_M9_r2,lemon,660,0.970559
FKIT,Y+X2_M9_r2,lemon,661,0.972220
FKIT,Y+X2_M9_r2,lemon,662,0.970785
FKIT,Y+X2_M9_r2,lemon,663,0.970036
FKIT,Y+X2_M9_r2,lemon,664,0.968022
FKIT,Y+X2_M9_r2,lemon,665,0.965953
FKIT,Y+X2_M9_r2,lemon,666,0.970639
FKIT,Y+X2_M9_r2,lemon,667,0.966126
FKIT,Y+X2_M9_r2,lemon,668,0.967707
FKIT,Y+X2_M9_r2,lemon,669,0.968728
FKIT,Y+X2_M9_r2,lemon,670,0.971054
FKIT,Y+X2_M9_r2,lemon,671,0.971041
FKIT,Y+X2_M9_r2,lemon,672,0.971496
FKIT,Y+X2_M9_r2,lemon,673,0.971366
FKIT,Y+X2_M9_r2,lemon,674,0.974773
FKIT,Y+X2_M9_r2,lemon,675,0.974301
FKIT,Y+X2_M9_r2,lemon,676,0.970570
FKIT,Y+X2_M9_r2,lemon,677,0.969336
FKIT,Y+X2_M9_r2,lemon,678,0.969151
FKIT,Y+X2_M9_r2,lemon,679,0.970180
FKIT,Y+X2_M9_r2,lemon,680,0.969511
FKIT,Y+X2_M9_r2,lemon,681,0.968425
FKIT,Y+X2_M9_r2,lemon,682,0.967651
FKIT,Y+X2_M9_r2,lemon,683,0.967896
FKIT,Y+X2_M9_r2,lemon,684,0.972829
FKIT,Y+X2_M9_r2,lemon,685,0.971098
FKIT,Y+X2_M9_r2,lemon,686,0.971800
FKIT,Y+X2_M9_r2,lemon,687,0.970800
FKIT,Y+X2_M9_r2,lemon,688,0.969656
FKIT,Y+X2_M9_r2,lemon,689,0.969612
FKIT,Y+X2_M9_r2,lemon,690,0.970931
FKIT,Y+X2_M9_r2,lemon,691,0.972831
FKIT,Y+X2_M9_r2,lemon,692,0.969915
FKIT,Y+X2_M9_r2,lemon,693,0.971937
FKIT,Y+X2_M9_r2,lemon,694,0.972637
FKIT,Y+X2_M9_r2,lemon,695,0.972431
FKIT,Y+X2_M9_r2,lemon,696,0.973048
FKIT,Y+X2_M9_r2,lemon,697,0.972226
FKIT,Y+X2_M9_r2,lemon,698,0.968002
FKIT,Y+X2_M9_r2,lemon,699,0.972931
FKIT,Y+X2_M9_r2,lemon,700,0.971165
FKIT,Y+X2_M9_r2,lemon,701,0.971142
FKIT,Y+X2_M9_r2,lemon,702,0.970460
FKIT,Y+X2_M9_r2,lemon,703,0.970499
FKIT,Y+X2_M9_r2,lemon,704,0.969671
FKIT,Y+X2_M9_r2,lemon,705,0.968728
FKIT,Y+X2_M9_r2,lemon,706,0.966827
FKIT,Y+X2_M9_r2,lemon,707,0.967624
FKIT,Y+X2_M9_r2,lemon,708,0.966260
FKIT,Y+X2_M9_r2,lemon,709,0.964406
FKIT,Y+X2_M9_r2,lemon,710,0.967763
FKIT,Y+X2_M9_r2,lemon,711,0.964720
FKIT,Y+X2_M9_r2,lemon,712,0.962477
FKIT,Y+X2_M9_r2,lemon,713,0.965297
FKIT,Y+X2_M9_r2,lemon,714,0.958118
FKIT,Y+X2_M9_r2,lemon,715,0.966491
FKIT,Y+X2_M9_r2,lemon,716,0.966708
FKIT,Y+X2_M9_r2,lemon,717,0.967221
FKIT,Y+X2_M9_r2,lemon,718,0.965775
FKIT,Y+X2_M9_r2,lemon,719,0.962597
FKIT,Y+X2_M9_r2,lemon,720,0.962814
FKIT,Y+X2_M9_r2,lemon,721,0.967788
FKIT,Y+X2_M9_r2,lemon,722,0.966372
FKIT,Y+X2_M9_r2,lemon,723,0.965024
FKIT,Y+X2_M9_r2,lemon,724,0.971610
FKIT,Y+X2_M9_r2,lemon,725,0.966314
FKIT,Y+X2_M9_r2,lemon,726,0.968474
FKIT,Y+X2_M9_r2,lemon,727,0.956594
FKIT,Y+X2_M9_r2,lemon,728,0.955020
FKIT,Y+X2_M9_r2,lemon,729,0.966931
FKIT,Y+X2_M9_r2,lemon,730,0.962309
FKIT,Y+X2_M9_r2,lemon,731,0.959390
FKIT,Y+X2_M9_r2,lemon,732,0.946515
FKIT,Y+X2_M9_r2,lemon,733,0.945538
FKIT,Y+X2_M9_r2,lemon,734,0.970146
FKIT,Y+X2_M9_r2,lemon,735,0.970092
FKIT,Y+X2_M9_r2,lemon,736,0.971183
FKIT,Y+X2_M9_r2,lemon,737,0.967464
FKIT,Y+X2_M9_r2,lemon,738,0.967047
FKIT,Y+X2_M9_r2,lemon,739,0.969556
FKIT,Y+X2_M9_r2,lemon,740,0.969505
FKIT,Y+X2_M9_r2,lemon,741,0.967764
FKIT,Y+X2_M9_r2,lemon,742,0.968661
FKIT,Y+X2_M9_r2,lemon,743,0.967910
FKIT,Y+X2_M9_r2,lemon,744,0.969720
FKIT,Y+X2_M9_r2,lemon,745,0.969088
FKIT,Y+X2_M9_r2,lemon,746,0.970481
FKIT,Y+X2_M9_r2,lemon,747,0.970400
FKIT,Y+X2_M9_r2,lemon,748,0.969893
FKIT,Y+X2_M9_r2,lemon,749,0.970168
FKIT,Y+X2_M9_r2,lemon,750,0.969147
FKIT,Y+X2_M9_r2,lemon,751,0.969045
FKIT,Y+X2_M9_r2,lemon,752,0.966832
FKIT,Y+X2_M9_r2,lemon,753,0.971446
FKIT,Y+X2_M9_r2,lemon,754,0.970325
FKIT,Y+X2_M9_r2,lemon,755,0.970906
FKIT,Y+X2_M9_r2,lemon,756,0.971341
FKIT,Y+X2_M9_r2,lemon,757,0.970290
FKIT,Y+X2_M9_r2,lemon,758,0.971742
FKIT,Y+X2_M9_r2,lemon,759,0.971678
FKIT,Y+X2_M9_r2,lemon,760,0.973521
FKIT,Y+X2_M9_r2,lemon,761,0.971749
FKIT,Y+X2_M9_r2,lemon,762,0.971733
FKIT,Y+X2_M9_r2,lemon,763,0.972957
FKIT,Y+X2_M9_r2,lemon,764,0.971492
FKIT,Y+X2_M9_r2,lemon,765,0.971190
FKIT,Y+X2_M9_r2,lemon,766,0.971134
FKIT,Y+X2_M9_r2,lemon,767,0.971066
FKIT,Y+X2_M9_r2,lemon,768,0.970166
FKIT,Y+X2_M9_r2,lemon,769,0.972971
FKIT,Y+X2_M9_r2,lemon,770,0.971738
FKIT,Y+X2_M9_r2,lemon,771,0.971021
FKIT,Y+X2_M9_r2,lemon,772,0.971278
FKIT,Y+X2_M9_r2,lemon,773,0.971766
FKIT,Y+X2_M9_r2,lemon,774,0.971674
FKIT,Y+X2_M9_r2,lemon,775,0.971571
FKIT,Y+X2_M9_r2,lemon,776,0.973099
FKIT,Y+X2_M9_r2,lemon,777,0.974335
FKIT,Y+X2_M9_r2,lemon,778,0.972832
FKIT,Y+X2_M9_r2,lemon,779,0.973439
FKIT,Y+X2_M9_r2,lemon,780,0.973867
FKIT,Y+X2_M9_r2,lemon,781,0.973238
FKIT,Y+X2_M9_r2,lemon,782,0.971984
FKIT,Y+X2_M9_r2,lemon,783,0.971549
FKIT,Y+X2_M9_r2,lemon,784,0.973488
FKIT,Y+X2_M9_r2,lemon,785,0.975022
FKIT,Y+X2_M9_r2,lemon,786,0.971376
FKIT,Y+X2_M9_r2,lemon,787,0.971851
FKIT,Y+X2_M9_r2,lemon,788,0.972009
FKIT,Y+X2_M9_r2,lemon,789,0.973907
FKIT,Y+X2_M9_r2,lemon,790,0.974257
FKIT,Y+X2_M9_r2,lemon,791,0.971564
FKIT,Y+X2_M9_r2,lemon,792,0.972702
FKIT,Y+X2_M9_r2,lemon,793,0.974076
FKIT,Y+X2_M9_r2,lemon,794,0.974538
FKIT,Y+X2_M9_r2,lemon,795,0.974284
FKIT,Y+X2_M9_r2,lemon,796,0.971250
FKIT,Y+X2_M9_r2,lemon,797,0.972911
FKIT,Y+X2_M9_r2,lemon,798,0.970594
FKIT,Y+X2_M9_r2,lemon,799,0.969457
FKIT,Y+X2_M9_r2,lemon,800,0.969505
FKIT,Y+X2_M9_r2,lemon,801,0.973558
FKIT,Y+X2_M9_r2,lemon,802,0.969524
FKIT,Y+X2_M9_r2,lemon,803,0.971733
FKIT,Y+X2_M9_r2,lemon,804,0.970500
FKIT,Y+X2_M9_r2,lemon,805,0.963069
FKIT,Y+X2_M9_r2,lemon,806,0.967876
FKIT,Y+X2_M9_r2,lemon,807,0.974414
FKIT,Y+X2_M9_r2,lemon,808,0.972137
FKIT,Y+X2_M9_r2,lemon,809,0.974158
FKIT,Y+X2_M9_r2,lemon,810,0.973309
FKIT,Y+X2_M9_r2,lemon,811,0.970976
FKIT,Y+X2_M9_r2,lemon,812,0.971608
FKIT,Y+X2_M9_r2,lemon,813,0.955149
FKIT,Y+X2_M9_r2,lemon,814,0.964303
FKIT,Y+X2_M9_r2,lemon,815,0.974124
FKIT,Y+X2_M9_r2,lemon,816,0.974278
FKIT,Y+X2_M9_r2,lemon,817,0.974054
FKIT,Y+X2_M9_r2,lemon,818,0.970259
FKIT,Y+X2_M9_r2,lemon,819,0.968172
FKIT,Y+X2_M9_r2,lemon,820,0.968149
FKIT,Y+X2_M9_r2,lemon,821,0.962887
FKIT,Y+X2_M9_r2,lemon,822,0.961718
FKIT,Y+X2_M9_r2,lemon,823,0.967164
FKIT,Y+X2_M9_r2,lemon,824,0.973877
FKIT,Y+X2_M9_r2,lemon,825,0.971773
FKIT,Y+X2_M9_r2,lemon,826,0.972037
FKIT,Y+X2_M9_r2,lemon,827,0.970940
FKIT,Y+X2_M9_r2,lemon,828,0.966068
FKIT,Y+X2_M9_r2,lemon,829,0.969108
FKIT,Y+X2_M9_r2,lemon,830,0.972124
FKIT,Y+X2_M9_r2,lemon,831,0.970826
FKIT,Y+X2_M9_r2,lemon,832,0.972691
FKIT,Y+X2_M9_r2,lemon,833,0.969146
FKIT,Y+X2_M9_r2,lemon,834,0.972224
FKIT,Y+X2_M9_r2,lemon,835,0.967896
FKIT,Y+X2_M9_r2,lemon,836,0.974607
FKIT,Y+X2_M9_r2,lemon,837,0.974248
FKIT,Y+X2_M9_r2,lemon,838,0.974542
FKIT,Y+X2_M9_r2,lemon,839,0.969771
FKIT,Y+X2_M9_r2,lemon,840,0.974077
FKIT,Y+X2_M9_r2,lemon,841,0.973371
FKIT,Y+X2_M9_r2,lemon,842,0.972131
FKIT,Y+X2_M9_r2,lemon,843,0.971867
FKIT,Y+X2_M9_r2,lemon,844,0.976057
FKIT,Y+X2_M9_r2,lemon,845,0.973381
FKIT,Y+X2_M9_r2,lemon,846,0.974156
FKIT,Y+X2_M9_r2,lemon,847,0.975571
FKIT,Y+X2_M9_r2,lemon,848,0.973731
FKIT,Y+X2_M9_r2,lemon,849,0.975528
FKIT,Y+X2_M9_r2,lemon,850,0.976912
FKIT,Y+X2_M9_r2,lemon,851,0.975352
FKIT,Y+X2_M9_r2,lemon,852,0.975742
FKIT,Y+X2_M9_r2,lemon,853,0.976031
FKIT,Y+X2_M9_r2,lemon,854,0.977532
FKIT,Y+X2_M9_r2,lemon,855,0.979109
FKIT,Y+X2_M9_r2,lemon,856,0.976859
FKIT,Y+X2_M9_r2,lemon,857,0.976131
FKIT,Y+X2_M9_r2,lemon,858,0.975540
FKIT,Y+X2_M9_r2,lemon,859,0.977459
FKIT,Y+X2_M9_r2,lemon,860,0.974794
FKIT,Y+X2_M9_r2,lemon,861,0.974729
FKIT,Y+X2_M9_r2,lemon,862,0.975175
FKIT,Y+X2_M9_r2,lemon,863,0.976021
FKIT,Y+X2_M9_r2,lemon,864,0.976069
FKIT,Y+X2_M9_r2,lemon,865,0.974462
FKIT,Y+X2_M9_r2,lemon,866,0.977337
FKIT,Y+X2_M9_r2,lemon,867,0.974903
FKIT,Y+X2_M9_r2,lemon,868,0.976996
FKIT,Y+X2_M9_r2,lemon,869,0.975293
FKIT,Y+X2_M9_r2,lemon,870,0.973316
FKIT,Y+X2_M9_r2,lemon,871,0.975182
FKIT,Y+X2_M9_r2,lemon,872,0.974847
FKIT,Y+X2_M9_r2,lemon,873,0.975441
FKIT,Y+X2_M9_r2,lemon,874,0.975191
FKIT,Y+X2_M9_r2,lemon,875,0.973900
FKIT,Y+X2_M9_r2,lemon,876,0.976039
FKIT,Y+X2_M9_r2,lemon,877,0.977386
FKIT,Y+X2_M9_r2,lemon,878,0.976674
FKIT,Y+X2_M9_r2,lemon,879,0.977804
FKIT,Y+X2_M9_r2,lemon,880,0.974946
FKIT,Y+X2_M9_r2,lemon,881,0.974471
FKIT,Y+X2_M9_r2,lemon,882,0.975990
FKIT,Y+X2_M9_r2,lemon,883,0.976910
FKIT,Y+X2_M9_r2,lemon,884,0.977405
FKIT,Y+X2_M9_r2,lemon,885,0.977323
FKIT,Y+X2_M9_r2,lemon,886,0.977794
FKIT,Y+X2_M9_r2,mini_chocolate_panettone,0,0.963239
FKIT,Y+X2_M9_r2,mini_chocolate_panettone,1,0.963778
FKIT,Y+X2_M9_r2,mini_chocolate_panettone,2,0.963146
FKIT,Y+X2_M9_r2,mini_chocolate_panettone,3,0.964646
FKIT,Y+X2_M9_r2,mini_chocolate_panettone,4,0.962401
FKIT,Y+X2_M9_r2,mini_chocolate_panettone,5,0.962730
FKIT,Y+X2_M9_r2,mini_chocolate_panettone,6,0.962293
FKIT,Y+X2_M9_r2,mini_chocolate_panettone,7,0.959913
FKIT,Y+X2_M9_r2,mini_chocolate_panettone,8,0.960783
FKIT,Y+X2_M9_r2,mini_chocolate_panettone,9,0.958333
FKIT,Y+X2_M9_r2,mini_chocolate_panettone,10,0.961068
FKIT,Y+X2_M9_r2,mini_chocolate_panettone,11,0.961951
FKIT,Y+X2_M9_r2,mini_chocolate_panettone,12,0.964199
FKIT,Y+X2_M9_r2,mini_chocolate_panettone,13,0.960816
FKIT,Y+X2_M9_r2,mini_chocolate_panettone,14,0.971905
FKIT,Y+X2_M9_r2,mini_chocolate_panettone,15,0.969628
FKIT,Y+X2_M9_r2,mini_chocolate_panettone,16,0.968883
FKIT,Y+X2_M9_r2,mini_chocolate_panettone,17,0.968969
FKIT,Y+X2_M9_r2,mini_chocolate_panettone,18,0.968061
FKIT,Y+X2_M9_r2,mini_chocolate_panettone,19,0.968307
FKIT,Y+X2_M9_r2,mini_chocolate_panettone,20,0.967009
FKIT,Y+X2_M9_r2,mini_chocolate_panettone,21,0.967081
FKIT,Y+X2_M9_r2,mini_chocolate_panettone,22,0.968805
FKIT,Y+X2_M9_r2,mini_chocolate_panettone,23,0.968057
FKIT,Y+X2_M9_r2,mini_chocolate_panettone,24,0.968369
FKIT,Y+X2_M9_r2,mini_chocolate_panettone,25,0.967216
FKIT,Y+X2_M9_r2,mini_chocolate_panettone,26,0.968075
FKIT,Y+X2_M9_r2,mini_chocolate_panettone,27,0.966539
FKIT,Y+X2_M9_r2,mini_chocolate_panettone,28,0.963968
FKIT,Y+X2_M9_r2,mini_chocolate_panettone,29,0.964922
FKIT,Y+X2_M9_r2,mini_chocolate_panettone,30,0.963900
FKIT,Y+X2_M9_r2,mini_chocolate_panettone,31,0.967314
FKIT,Y+X2_M9_r2,mini_chocolate_panettone,32,0.965876
FKIT,Y+X2_M9_r2,mini_chocolate_panettone,33,0.966707
FKIT,Y+X2_M9_r2,mini_chocolate_panettone,34,0.967214
FKIT,Y+X2_M9_r2,mini_chocolate_panettone,35,0.966667
FKIT,Y+X2_M9_r2,mini_chocolate_panettone,36,0.967096
FKIT,Y+X2_M9_r2,mini_chocolate_panettone,37,0.967871
FKIT,Y+X2_M9_r2,mini_chocolate_panettone,38,0.965879
FKIT,Y+X2_M9_r2,mini_chocolate_panettone,39,0.964630
FKIT,Y+X2_M9_r2,mini_chocolate_panettone,40,0.969225
FKIT,Y+X2_M9_r2,mini_chocolate_panettone,41,0.970907
FKIT,Y+X2_M9_r2,mini_chocolate_panettone,42,0.970979
FKIT,Y+X2_M9_r2,mini_chocolate_panettone,43,0.968727
FKIT,Y+X2_M9_r2,mini_chocolate_panettone,44,0.973599
FKIT,Y+X2_M9_r2,mini_chocolate_panettone,45,0.971580
FKIT,Y+X2_M9_r2,mini_chocolate_panettone,46,0.971110
FKIT,Y+X2_M9_r2,mini_chocolate_panettone,47,0.970898
FKIT,Y+X2_M9_r2,mini_chocolate_panettone,48,0.973246
FKIT,Y+X2_M9_r2,mini_chocolate_panettone,49,0.972863
FKIT,Y+X2_M9_r2,mini_chocolate_panettone,50,0.974799
FKIT,Y+X2_M9_r2,mini_chocolate_panettone,51,0.971500
FKIT,Y+X2_M9_r2,mini_chocolate_panettone,52,0.972868
FKIT,Y+X2_M9_r2,mini_chocolate_panettone,53,0.972884
FKIT,Y+X2_M9_r2,mini_chocolate_panettone,54,0.973023
FKIT,Y+X2_M9_r2,mini_chocolate_panettone,55,0.971814
FKIT,Y+X2_M9_r2,mini_chocolate_panettone,56,0.972938
FKIT,Y+X2_M9_r2,mini_chocolate_panettone,57,0.975141
FKIT,Y+X2_M9_r2,mini_chocolate_panettone,58,0.976441
FKIT,Y+X2_M9_r2,mini_chocolate_panettone,59,0.974948
FKIT,Y+X2_M9_r2,mini_chocolate_panettone,60,0.977033
FKIT,Y+X2_M9_r2,mini_chocolate_panettone,61,0.975478
FKIT,Y+X2_M9_r2,mini_chocolate_panettone,62,0.975815
FKIT,Y+X2_M9_r2,mini_chocolate_panettone,63,0.976451
FKIT,Y+X2_M9_r2,mini_chocolate_panettone,64,0.979127
FKIT,Y+X2_M9_r2,mini_chocolate_panettone,65,0.979286
FKIT,Y+X2_M9_r2,mini_chocolate_panettone,66,0.978074
FKIT,Y+X2_M9_r2,mini_chocolate_panettone,67,0.976902
FKIT,Y+X2_M9_r2,mini_chocolate_panettone,68,0.976216
FKIT,Y+X2_M9_r2,mini_chocolate_panettone,69,0.974934
FKIT,Y+X2_M9_r2,mini_chocolate_panettone,70,0.973678
FKIT,Y+X2_M9_r2,mini_chocolate_panettone,71,0.976807
FKIT,Y+X2_M9_r2,mini_chocolate_panettone,72,0.977125
FKIT,Y+X2_M9_r2,mini_chocolate_panettone,73,0.978299
FKIT,Y+X2_M9_r2,mini_chocolate_panettone,74,0.979935
FKIT,Y+X2_M9_r2,mini_chocolate_panettone,75,0.979037
FKIT,Y+X2_M9_r2,mini_chocolate_panettone,76,0.977983
FKIT,Y+X2_M9_r2,mini_chocolate_panettone,77,0.976467
FKIT,Y+X2_M9_r2,mini_chocolate_panettone,78,0.980637
FKIT,Y+X2_M9_r2,mini_chocolate_panettone,79,0.978884
FKIT,Y+X2_M9_r2,mini_chocolate_panettone,80,0.980064
FKIT,Y+X2_M9_r2,mini_chocolate_panettone,81,0.977956
FKIT,Y+X2_M9_r2,mini_chocolate_panettone,82,0.981549
FKIT,Y+X2_M9_r2,mini_chocolate_panettone,83,0.980731
FKIT,Y+X2_M9_r2,mini_chocolate_panettone,84,0.981270
FKIT,Y+X2_M9_r2,mini_chocolate_panettone,85,0.979984
FKIT,Y+X2_M9_r2,mini_chocolate_panettone,86,0.981972
FKIT,Y+X2_M9_r2,mini_chocolate_panettone,87,0.980703
FKIT,Y+X2_M9_r2,mini_chocolate_panettone,88,0.981340
FKIT,Y+X2_M9_r2,mini_chocolate_panettone,89,0.981455
FKIT,Y+X2_M9_r2,mini_chocolate_panettone,90,0.982303
FKIT,Y+X2_M9_r2,mini_chocolate_panettone,91,0.981945
FKIT,Y+X2_M9_r2,mini_chocolate_panettone,92,0.982802
FKIT,Y+X2_M9_r2,mini_chocolate_panettone,93,0.982577
FKIT,Y+X2_M9_r2,mini_chocolate_panettone,94,0.984252
FKIT,Y+X2_M9_r2,mini_chocolate_panettone,95,0.981643
FKIT,Y+X2_M9_r2,mini_chocolate_panettone,96,0.982676
FKIT,Y+X2_M9_r2,mini_chocolate_panettone,97,0.981746
FKIT,Y+X2_M9_r2,mini_chocolate_panettone,98,0.981145
FKIT,Y+X2_M9_r2,mini_chocolate_panettone,99,0.982312
FKIT,Y+X2_M9_r2,mini_chocolate_panettone,100,0.982408
FKIT,Y+X2_M9_r2,mini_chocolate_panettone,101,0.982535
FKIT,Y+X2_M9_r2,mini_chocolate_panettone,102,0.982513
FKIT,Y+X2_M9_r2,mini_chocolate_panettone,103,0.983601
FKIT,Y+X2_M9_r2,mini_chocolate_panettone,104,0.984852
FKIT,Y+X2_M9_r2,mini_chocolate_panettone,105,0.983256
FKIT,Y+X2_M9_r2,mini_chocolate_panettone,106,0.984419
FKIT,Y+X2_M9_r2,mini_chocolate_panettone,107,0.984819
FKIT,Y+X2_M9_r2,mini_chocolate_panettone,108,0.983392
FKIT,Y+X2_M9_r2,mini_chocolate_panettone,109,0.981895
FKIT,Y+X2_M9_r2,mini_chocolate_panettone,110,0.983841
FKIT,Y+X2_M9_r2,mini_chocolate_panettone,111,0.981620
FKIT,Y+X2_M9_r2,mini_chocolate_panettone,112,0.982977
FKIT,Y+X2_M9_r2,mini_chocolate_panettone,113,0.984172
FKIT,Y+X2_M9_r2,mini_chocolate_panettone,114,0.981897
FKIT,Y+X2_M9_r2,mini_chocolate_panettone,115,0.982119
FKIT,Y+X2_M9_r2,mini_chocolate_panettone,116,0.984638
FKIT,Y+X2_M9_r2,mini_chocolate_panettone,117,0.983103
FKIT,Y+X2_M9_r2,mini_chocolate_panettone,118,0.974121
FKIT,Y+X2_M9_r2,mini_chocolate_panettone,119,0.984455
FKIT,Y+X2_M9_r2,mini_chocolate_panettone,120,0.982091
FKIT,Y+X2_M9_r2,mini_chocolate_panettone,121,0.982336
FKIT,Y+X2_M9_r2,mini_chocolate_panettone,122,0.983815
FKIT,Y+X2_M9_r2,mini_chocolate_panettone,123,0.984177
FKIT,Y+X2_M9_r2,mini_chocolate_panettone,124,0.986540
FKIT,Y+X2_M9_r2,mini_chocolate_panettone,125,0.986417
FKIT,Y+X2_M9_r2,mini_chocolate_panettone,126,0.984602
FKIT,Y+X2_M9_r2,mini_chocolate_panettone,127,0.984644
FKIT,Y+X2_M9_r2,mini_chocolate_panettone,128,0.985310
FKIT,Y+X2_M9_r2,mini_chocolate_panettone,129,0.985396
FKIT,Y+X2_M9_r2,mini_chocolate_panettone,130,0.985260
FKIT,Y+X2_M9_r2,mini_chocolate_panettone,131,0.985697
FKIT,Y+X2_M9_r2,mini_chocolate_panettone,132,0.986087
FKIT,Y+X2_M9_r2,mini_chocolate_panettone,133,0.985599
FKIT,Y+X2_M9_r2,mini_chocolate_panettone,134,0.986650
FKIT,Y+X2_M9_r2,mini_chocolate_panettone,135,0.986329
FKIT,Y+X2_M9_r2,mini_chocolate_panettone,136,0.985515
FKIT,Y+X2_M9_r2,mini_chocolate_panettone,137,0.987614
FKIT,Y+X2_M9_r2,mini_chocolate_panettone,138,0.984635
FKIT,Y+X2_M9_r2,mini_chocolate_panettone,139,0.984519
FKIT,Y+X2_M9_r2,mini_chocolate_panettone,140,0.985843
FKIT,Y+X2_M9_r2,mini_chocolate_panettone,141,0.985278
FKIT,Y+X2_M9_r2,mini_chocolate_panettone,142,0.963712
FKIT,Y+X2_M9_r2,mini_chocolate_panettone,143,0.817220
FKIT,Y+X2_M9_r2,mini_chocolate_panettone,144,0.804377
FKIT,Y+X2_M9_r2,mini_chocolate_panettone,145,0.866836
FKIT,Y+X2_M9_r2,mini_chocolate_panettone,146,0.652341
FKIT,Y+X2_M9_r2,mini_chocolate_panettone,147,0.647181
FKIT,Y+X2_M9_r2,mini_chocolate_panettone,148,0.645517
FKIT,Y+X2_M9_r2,mini_chocolate_panettone,149,0.000000
FKIT,Y+X2_M9_r2,mini_chocolate_panettone,150,0.640706
FKIT,Y+X2_M9_r2,mini_chocolate_panettone,151,0.641091
FKIT,Y+X2_M9_r2,mini_chocolate_panettone,152,0.636914
FKIT,Y+X2_M9_r2,mini_chocolate_panettone,153,0.737989
FKIT,Y+X2_M9_r2,mini_chocolate_panettone,154,0.719783
FKIT,Y+X2_M9_r2,mini_chocolate_panettone,155,0.985609
FKIT,Y+X2_M9_r2,mini_chocolate_panettone,156,0.987684
FKIT,Y+X2_M9_r2,mini_chocolate_panettone,157,0.986014
FKIT,Y+X2_M9_r2,mini_chocolate_panettone,158,0.982864
FKIT,Y+X2_M9_r2,mini_chocolate_panettone,159,0.982448
FKIT,Y+X2_M9_r2,mini_chocolate_panettone,160,0.985931
FKIT,Y+X2_M9_r2,mini_chocolate_panettone,161,0.984089
FKIT,Y+X2_M9_r2,mini_chocolate_panettone,162,0.984005
FKIT,Y+X2_M9_r2,mini_chocolate_panettone,163,0.987493
FKIT,Y+X2_M9_r2,mini_chocolate_panettone,164,0.988034
FKIT,Y+X2_M9_r2,mini_chocolate_panettone,165,0.986563
FKIT,Y+X2_M9_r2,mini_chocolate_panettone,166,0.985097
FKIT,Y+X2_M9_r2,mini_chocolate_panettone,167,0.985994
FKIT,Y+X2_M9_r2,mini_chocolate_panettone,168,0.986642
FKIT,Y+X2_M9_r2,mini_chocolate_panettone,169,0.987545
FKIT,Y+X2_M9_r2,mini_chocolate_panettone,170,0.987004
FKIT,Y+X2_M9_r2,mini_chocolate_panettone,171,0.985610
FKIT,Y+X2_M9_r2,mini_chocolate_panettone,172,0.986964
FKIT,Y+X2_M9_r2,mini_chocolate_panettone,173,0.985884
FKIT,Y+X2_M9_r2,mini_chocolate_panettone,174,0.987122
FKIT,Y+X2_M9_r2,mini_chocolate_panettone,175,0.986935
FKIT,Y+X2_M9_r2,mini_chocolate_panettone,176,0.986207
FKIT,Y+X2_M9_r2,mini_chocolate_panettone,177,0.985913
FKIT,Y+X2_M9_r2,mini_chocolate_panettone,178,0.985760
FKIT,Y+X2_M9_r2,mini_chocolate_panettone,179,0.985680
FKIT,Y+X2_M9_r2,mini_chocolate_panettone,180,0.985886
FKIT,Y+X2_M9_r2,mini_chocolate_panettone,181,0.986028
FKIT,Y+X2_M9_r2,mini_chocolate_panettone,182,0.987260
FKIT,Y+X2_M9_r2,mini_chocolate_panettone,183,0.987995
FKIT,Y+X2_M9_r2,mini_chocolate_panettone,184,0.988523
FKIT,Y+X2_M9_r2,mini_chocolate_panettone,185,0.989418
FKIT,Y+X2_M9_r2,mini_chocolate_panettone,186,0.988989
FKIT,Y+X2_M9_r2,mini_chocolate_panettone,187,0.987873
FKIT,Y+X2_M9_r2,mini_chocolate_panettone,188,0.986154
FKIT,Y+X2_M9_r2,mini_chocolate_panettone,189,0.986195
FKIT,Y+X2_M9_r2,mini_chocolate_panettone,190,0.986819
FKIT,Y+X2_M9_r2,mini_chocolate_panettone,191,0.984972
FKIT,Y+X2_M9_r2,mini_chocolate_panettone,192,0.986404
FKIT,Y+X2_M9_r2,mini_chocolate_panettone,193,0.985157
FKIT,Y+X2_M9_r2,mini_chocolate_panettone,194,0.986202
FKIT,Y+X2_M9_r2,mini_chocolate_panettone,195,0.988032
FKIT,Y+X2_M9_r2,mini_chocolate_panettone,196,0.989494
FKIT,Y+X2_M9_r2,mini_chocolate_panettone,197,0.986608
FKIT,Y+X2_M9_r2,mini_chocolate_panettone,198,0.986711
FKIT,Y+X2_M9_r2,mini_chocolate_panettone,199,0.987528
FKIT,Y+X2_M9_r2,mini_chocolate_panettone,200,0.986842
FKIT,Y+X2_M9_r2,mini_chocolate_panettone,201,0.985839
FKIT,Y+X2_M9_r2,mini_chocolate_panettone,202,0.985966
FKIT,Y+X2_M9_r2,mini_chocolate_panettone,203,0.985971
FKIT,Y+X2_M9_r2,mini_chocolate_panettone,204,0.987825
FKIT,Y+X2_M9_r2,mini_chocolate_panettone,205,0.987575
FKIT,Y+X2_M9_r2,mini_chocolate_panettone,206,0.987970
FKIT,Y+X2_M9_r2,mini_chocolate_panettone,207,0.987535
FKIT,Y+X2_M9_r2,mini_chocolate_panettone,208,0.986731
FKIT,Y+X2_M9_r2,mini_chocolate_panettone,209,0.989245
FKIT,Y+X2_M9_r2,mini_chocolate_panettone,210,0.983880
FKIT,Y+X2_M9_r2,mini_chocolate_panettone,211,0.985809
FKIT,Y+X2_M9_r2,mini_chocolate_panettone,212,0.984776
FKIT,Y+X2_M9_r2,mini_chocolate_panettone,213,0.982780
FKIT,Y+X2_M9_r2,mini_chocolate_panettone,214,0.987082
FKIT,Y+X2_M9_r2,mini_chocolate_panettone,215,0.985488
FKIT,Y+X2_M9_r2,mini_chocolate_panettone,216,0.985161
FKIT,Y+X2_M9_r2,mini_chocolate_panettone,217,0.984344
FKIT,Y+X2_M9_r2,mini_chocolate_panettone,218,0.984648
FKIT,Y+X2_M9_r2,mini_chocolate_panettone,219,0.986003
FKIT,Y+X2_M9_r2,mini_chocolate_panettone,220,0.980989
FKIT,Y+X2_M9_r2,mini_chocolate_panettone,221,0.984647
FKIT,Y+X2_M9_r2,mini_chocolate_panettone,222,0.984538
FKIT,Y+X2_M9_r2,mini_chocolate_panettone,223,0.986035
FKIT,Y+X2_M9_r2,mini_chocolate_panettone,224,0.986611
FKIT,Y+X2_M9_r2,mini_chocolate_panettone,225,0.987754
FKIT,Y+X2_M9_r2,mini_chocolate_panettone,226,0.985233
FKIT,Y+X2_M9_r2,mini_chocolate_panettone,227,0.986808
FKIT,Y+X2_M9_r2,mini_chocolate_panettone,228,0.987923
FKIT,Y+X2_M9_r2,mini_chocolate_panettone,229,0.983606
FKIT,Y+X2_M9_r2,mini_chocolate_panettone,230,0.984786
FKIT,Y+X2_M9_r2,mini_chocolate_panettone,231,0.985669
FKIT,Y+X2_M9_r2,mini_chocolate_panettone,232,0.986068
FKIT,Y+X2_M9_r2,mini_chocolate_panettone,233,0.985889
FKIT,Y+X2_M9_r2,mini_chocolate_panettone,234,0.988467
FKIT,Y+X2_M9_r2,mini_chocolate_panettone,235,0.985760
FKIT,Y+X2_M9_r2,mini_chocolate_panettone,236,0.984168
FKIT,Y+X2_M9_r2,mini_chocolate_panettone,237,0.987220
FKIT,Y+X2_M9_r2,mini_chocolate_panettone,238,0.985608
FKIT,Y+X2_M9_r2,mini_chocolate_panettone,239,0.986787
FKIT,Y+X2_M9_r2,mini_chocolate_panettone,240,0.985541
FKIT,Y+X2_M9_r2,mini_chocolate_panettone,241,0.985425
FKIT,Y+X2_M9_r2,mini_chocolate_panettone,242,0.987474
FKIT,Y+X2_M9_r2,mini_chocolate_panettone,243,0.989463
FKIT,Y+X2_M9_r2,mini_chocolate_panettone,244,0.986898
FKIT,Y+X2_M9_r2,mini_chocolate_panettone,245,0.987291
FKIT,Y+X2_M9_r2,mini_chocolate_panettone,246,0.986618
FKIT,Y+X2_M9_r2,mini_chocolate_panettone,247,0.987778
FKIT,Y+X2_M9_r2,mini_chocolate_panettone,248,0.987549
FKIT,Y+X2_M9_r2,mini_chocolate_panettone,249,0.986417
FKIT,Y+X2_M9_r2,mini_chocolate_panettone,250,0.983656
FKIT,Y+X2_M9_r2,mini_chocolate_panettone,251,0.985280
FKIT,Y+X2_M9_r2,mini_chocolate_panettone,252,0.985863
FKIT,Y+X2_M9_r2,mini_chocolate_panettone,253,0.985772
FKIT,Y+X2_M9_r2,mini_chocolate_panettone,254,0.987218
FKIT,Y+X2_M9_r2,mini_chocolate_panettone,255,0.988202
FKIT,Y+X2_M9_r2,mini_chocolate_panettone,256,0.985926
FKIT,Y+X2_M9_r2,mini_chocolate_panettone,257,0.987865
FKIT,Y+X2_M9_r2,mini_chocolate_panettone,258,0.986578
FKIT,Y+X2_M9_r2,mini_chocolate_panettone,259,0.987651
FKIT,Y+X2_M9_r2,mini_chocolate_panettone,260,0.985322
FKIT,Y+X2_M9_r2,mini_chocolate_panettone,261,0.985854
FKIT,Y+X2_M9_r2,mini_chocolate_panettone,262,0.985885
FKIT,Y+X2_M9_r2,mini_chocolate_panettone,263,0.985993
FKIT,Y+X2_M9_r2,mini_chocolate_panettone,264,0.987068
FKIT,Y+X2_M9_r2,mini_chocolate_panettone,265,0.987792
FKIT,Y+X2_M9_r2,mini_chocolate_panettone,266,0.985289
FKIT,Y+X2_M9_r2,mini_chocolate_panettone,267,0.987011
FKIT,Y+X2_M9_r2,mini_chocolate_panettone,268,0.987113
FKIT,Y+X2_M9_r2,mini_chocolate_panettone,269,0.986673
FKIT,Y+X2_M9_r2,mini_chocolate_panettone,270,0.985757
FKIT,Y+X2_M9_r2,mini_chocolate_panettone,271,0.984658
FKIT,Y+X2_M9_r2,mini_chocolate_panettone,272,0.985325
FKIT,Y+X2_M9_r2,mini_chocolate_panettone,273,0.986544
FKIT,Y+X2_M9_r2,mini_chocolate_panettone,274,0.986873
FKIT,Y+X2_M9_r2,mini_chocolate_panettone,275,0.987650
FKIT,Y+X2_M9_r2,mini_chocolate_panettone,276,0.986296
FKIT,Y+X2_M9_r2,mini_chocolate_panettone,277,0.986468
FKIT,Y+X2_M9_r2,mini_chocolate_panettone,278,0.986603
FKIT,Y+X2_M9_r2,mini_chocolate_panettone,279,0.985207
FKIT,Y+X2_M9_r2,mini_chocolate_panettone,280,0.987401
FKIT,Y+X2_M9_r2,mini_chocolate_panettone,281,0.987859
FKIT,Y+X2_M9_r2,mini_chocolate_panettone,282,0.986570
FKIT,Y+X2_M9_r2,mini_chocolate_panettone,283,0.988315
FKIT,Y+X2_M9_r2,mini_chocolate_panettone,284,0.987134
FKIT,Y+X2_M9_r2,mini_chocolate_panettone,285,0.981542
FKIT,Y+X2_M9_r2,mini_chocolate_panettone,286,0.980880
FKIT,Y+X2_M9_r2,mini_chocolate_panettone,287,0.980135
FKIT,Y+X2_M9_r2,mini_chocolate_panettone,288,0.967227
FKIT,Y+X2_M9_r2,mini_chocolate_panettone,289,0.979446
FKIT,Y+X2_M9_r2,mini_chocolate_panettone,290,0.981822
FKIT,Y+X2_M9_r2,mini_chocolate_panettone,291,0.984014
FKIT,Y+X2_M9_r2,mini_chocolate_panettone,292,0.983389
FKIT,Y+X2_M9_r2,mini_chocolate_panettone,293,0.984081
FKIT,Y+X2_M9_r2,mini_chocolate_panettone,294,0.987964
FKIT,Y+X2_M9_r2,mini_chocolate_panettone,295,0.984192
FKIT,Y+X2_M9_r2,mini_chocolate_panettone,296,0.985398
FKIT,Y+X2_M9_r2,mini_chocolate_panettone,297,0.984971
FKIT,Y+X2_M9_r2,mini_chocolate_panettone,298,0.981090
FKIT,Y+X2_M9_r2,mini_chocolate_panettone,299,0.982923
FKIT,Y+X2_M9_r2,mini_chocolate_panettone,300,0.986204
FKIT,Y+X2_M9_r2,mini_chocolate_panettone,301,0.985370
FKIT,Y+X2_M9_r2,mini_chocolate_panettone,302,0.984089
FKIT,Y+X2_M9_r2,mini_chocolate_panettone,303,0.984177
FKIT,Y+X2_M9_r2,mini_chocolate_panettone,304,0.986299
FKIT,Y+X2_M9_r2,mini_chocolate_panettone,305,0.986749
FKIT,Y+X2_M9_r2,mini_chocolate_panettone,306,0.986555
FKIT,Y+X2_M9_r2,mini_chocolate_panettone,307,0.984120
FKIT,Y+X2_M9_r2,mini_chocolate_panettone,308,0.984715
FKIT,Y+X2_M9_r2,mini_chocolate_panettone,309,0.984737
FKIT,Y+X2_M9_r2,mini_chocolate_panettone,310,0.986710
FKIT,Y+X2_M9_r2,mini_chocolate_panettone,311,0.987946
FKIT,Y+X2_M9_r2,mini_chocolate_panettone,312,0.989830
FKIT,Y+X2_M9_r2,mini_chocolate_panettone,313,0.987764
FKIT,Y+X2_M9_r2,mini_chocolate_panettone,314,0.986483
FKIT,Y+X2_M9_r2,mini_chocolate_panettone,315,0.984727
FKIT,Y+X2_M9_r2,mini_chocolate_panettone,316,0.984934
FKIT,Y+X2_M9_r2,mini_chocolate_panettone,317,0.986959
FKIT,Y+X2_M9_r2,mini_chocolate_panettone,318,0.986344
FKIT,Y+X2_M9_r2,mini_chocolate_panettone,319,0.989472
FKIT,Y+X2_M9_r2,mini_chocolate_panettone,320,0.987671
FKIT,Y+X2_M9_r2,mini_chocolate_panettone,321,0.984745
FKIT,Y+X2_M9_r2,mini_chocolate_panettone,322,0.987579
FKIT,Y+X2_M9_r2,mini_chocolate_panettone,323,0.984354
FKIT,Y+X2_M9_r2,mini_chocolate_panettone,324,0.985812
FKIT,Y+X2_M9_r2,mini_chocolate_panettone,325,0.986706
FKIT,Y+X2_M9_r2,mini_chocolate_panettone,326,0.986170
FKIT,Y+X2_M9_r2,mini_chocolate_panettone,327,0.987352
FKIT,Y+X2_M9_r2,mini_chocolate_panettone,328,0.986586
FKIT,Y+X2_M9_r2,mini_chocolate_panettone,329,0.983707
FKIT,Y+X2_M9_r2,mini_chocolate_panettone,330,0.983659
FKIT,Y+X2_M9_r2,mini_chocolate_panettone,331,0.985614
FKIT,Y+X2_M9_r2,mini_chocolate_panettone,332,0.983430
FKIT,Y+X2_M9_r2,mini_chocolate_panettone,333,0.984342
FKIT,Y+X2_M9_r2,mini_chocolate_panettone,334,0.985982
FKIT,Y+X2_M9_r2,mini_chocolate_panettone,335,0.983652
FKIT,Y+X2_M9_r2,mini_chocolate_panettone,336,0.985162
FKIT,Y+X2_M9_r2,mini_chocolate_panettone,337,0.985582
FKIT,Y+X2_M9_r2,mini_chocolate_panettone,338,0.985071
FKIT,Y+X2_M9_r2,mini_chocolate_panettone,339,0.985079
FKIT,Y+X2_M9_r2,mini_chocolate_panettone,340,0.985006
FKIT,Y+X2_M9_r2,mini_chocolate_panettone,341,0.985569
FKIT,Y+X2_M9_r2,mini_chocolate_panettone,342,0.984219
FKIT,Y+X2_M9_r2,mini_chocolate_panettone,343,0.985810
FKIT,Y+X2_M9_r2,mini_chocolate_panettone,344,0.987577
FKIT,Y+X2_M9_r2,mini_chocolate_panettone,345,0.987384
FKIT,Y+X2_M9_r2,mini_chocolate_panettone,346,0.987505
FKIT,Y+X2_M9_r2,mini_chocolate_panettone,347,0.987750
FKIT,Y+X2_M9_r2,mini_chocolate_panettone,348,0.985611
FKIT,Y+X2_M9_r2,mini_chocolate_panettone,349,0.986726
FKIT,Y+X2_M9_r2,mini_chocolate_panettone,350,0.987900
FKIT,Y+X2_M9_r2,mini_chocolate_panettone,351,0.986224
FKIT,Y+X2_M9_r2,mini_chocolate_panettone,352,0.986697
FKIT,Y+X2_M9_r2,mini_chocolate_panettone,353,0.988369
FKIT,Y+X2_M9_r2,mini_chocolate_panettone,354,0.988398
FKIT,Y+X2_M9_r2,mini_chocolate_panettone,355,0.989348
FKIT,Y+X2_M9_r2,mini_chocolate_panettone,356,0.988958
FKIT,Y+X2_M9_r2,mini_chocolate_panettone,357,0.986285
FKIT,Y+X2_M9_r2,mini_chocolate_panettone,358,0.986716
FKIT,Y+X2_M9_r2,mini_chocolate_panettone,359,0.986776
FKIT,Y+X2_M9_r2,mini_chocolate_panettone,360,0.986199
FKIT,Y+X2_M9_r2,mini_chocolate_panettone,361,0.986032
FKIT,Y+X2_M9_r2,mini_chocolate_panettone,362,0.429791
FKIT,Y+X2_M9_r2,mini_chocolate_panettone,363,0.981163
FKIT,Y+X2_M9_r2,mini_chocolate_panettone,364,0.984062
FKIT,Y+X2_M9_r2,mini_chocolate_panettone,365,0.982903
FKIT,Y+X2_M9_r2,mini_chocolate_panettone,366,0.982896
FKIT,Y+X2_M9_r2,mini_chocolate_panettone,367,0.986221
FKIT,Y+X2_M9_r2,mini_chocolate_panettone,368,0.984515
FKIT,Y+X2_M9_r2,mini_chocolate_panettone,369,0.984942
FKIT,Y+X2_M9_r2,mini_chocolate_panettone,370,0.986409
FKIT,Y+X2_M9_r2,mini_chocolate_panettone,371,0.985412
FKIT,Y+X2_M9_r2,mini_chocolate_panettone,372,0.985953
FKIT,Y+X2_M9_r2,mini_chocolate_panettone,373,0.987525
FKIT,Y+X2_M9_r2,mini_chocolate_panettone,374,0.987882
FKIT,Y+X2_M9_r2,mini_chocolate_panettone,375,0.985833
FKIT,Y+X2_M9_r2,mini_chocolate_panettone,376,0.985573
FKIT,Y+X2_M9_r2,mini_chocolate_panettone,377,0.986427
FKIT,Y+X2_M9_r2,mini_chocolate_panettone,378,0.984729
FKIT,Y+X2_M9_r2,mini_chocolate_panettone,379,0.984636
FKIT,Y+X2_M9_r2,mini_chocolate_panettone,380,0.985699
FKIT,Y+X2_M9_r2,mini_chocolate_panettone,381,0.986399
FKIT,Y+X2_M9_r2,mini_chocolate_panettone,382,0.987253
FKIT,Y+X2_M9_r2,mini_chocolate_panettone,383,0.988859
FKIT,Y+X2_M9_r2,mini_chocolate_panettone,384,0.988886
FKIT,Y+X2_M9_r2,mini_chocolate_panettone,385,0.988776
FKIT,Y+X2_M9_r2,mini_chocolate_panettone,386,0.989346
FKIT,Y+X2_M9_r2,mini_chocolate_panettone,387,0.986393
FKIT,Y+X2_M9_r2,mini_chocolate_panettone,388,0.987732
FKIT,Y+X2_M9_r2,mini_chocolate_panettone,389,0.987419
FKIT,Y+X2_M9_r2,mini_chocolate_panettone,390,0.987988
FKIT,Y+X2_M9_r2,mini_chocolate_panettone,391,0.987255
FKIT,Y+X2_M9_r2,mini_chocolate_panettone,392,0.985587
FKIT,Y+X2_M9_r2,mini_chocolate_panettone,393,0.985101
FKIT,Y+X2_M9_r2,mini_chocolate_panettone,394,0.987555
FKIT,Y+X2_M9_r2,mini_chocolate_panettone,395,0.986669
FKIT,Y+X2_M9_r2,mini_chocolate_panettone,396,0.986003
FKIT,Y+X2_M9_r2,mini_chocolate_panettone,397,0.986901
FKIT,Y+X2_M9_r2,mini_chocolate_panettone,398,0.984297
FKIT,Y+X2_M9_r2,mini_chocolate_panettone,399,0.984983
FKIT,Y+X2_M9_r2,mini_chocolate_panettone,400,0.984063
FKIT,Y+X2_M9_r2,mini_chocolate_panettone,401,0.985206
FKIT,Y+X2_M9_r2,mini_chocolate_panettone,402,0.984938
FKIT,Y+X2_M9_r2,mini_chocolate_panettone,403,0.984995
FKIT,Y+X2_M9_r2,mini_chocolate_panettone,404,0.989383
FKIT,Y+X2_M9_r2,mini_chocolate_panettone,405,0.986420
FKIT,Y+X2_M9_r2,mini_chocolate_panettone,406,0.988176
FKIT,Y+X2_M9_r2,mini_chocolate_panettone,407,0.987977
FKIT,Y+X2_M9_r2,mini_chocolate_panettone,408,0.988626
FKIT,Y+X2_M9_r2,mini_chocolate_panettone,409,0.989324
FKIT,Y+X2_M9_r2,mini_chocolate_panettone,410,0.987090
FKIT,Y+X2_M9_r2,mini_chocolate_panettone,411,0.987273
FKIT,Y+X2_M9_r2,mini_chocolate_panettone,412,0.987633
FKIT,Y+X2_M9_r2,mini_chocolate_panettone,413,0.986934
FKIT,Y+X2_M9_r2,mini_chocolate_panettone,414,0.987174
FKIT,Y+X2_M9_r2,mini_chocolate_panettone,415,0.987424
FKIT,Y+X2_M9_r2,mini_chocolate_panettone,416,0.989019
FKIT,Y+X2_M9_r2,mini_chocolate_panettone,417,0.987712
FKIT,Y+X2_M9_r2,mini_chocolate_panettone,418,0.987406
FKIT,Y+X2_M9_r2,mini_chocolate_panettone,419,0.986045
FKIT,Y+X2_M9_r2,mini_chocolate_panettone,420,0.986115
FKIT,Y+X2_M9_r2,mini_chocolate_panettone,421,0.986844
FKIT,Y+X2_M9_r2,mini_chocolate_panettone,422,0.985729
FKIT,Y+X2_M9_r2,mini_chocolate_panettone,423,0.981080
FKIT,Y+X2_M9_r2,mini_chocolate_panettone,424,0.989009
FKIT,Y+X2_M9_r2,mini_chocolate_panettone,425,0.985510
FKIT,Y+X2_M9_r2,mini_chocolate_panettone,426,0.986478
FKIT,Y+X2_M9_r2,mini_chocolate_panettone,427,0.986026
FKIT,Y+X2_M9_r2,mini_chocolate_panettone,428,0.985500
FKIT,Y+X2_M9_r2,mini_chocolate_panettone,429,0.985659
FKIT,Y+X2_M9_r2,mini_chocolate_panettone,430,0.985870
FKIT,Y+X2_M9_r2,mini_chocolate_panettone,431,0.985562
FKIT,Y+X2_M9_r2,mini_chocolate_panettone,432,0.985561
FKIT,Y+X2_M9_r2,mini_chocolate_panettone,433,0.985504
FKIT,Y+X2_M9_r2,mini_chocolate_panettone,434,0.970597
FKIT,Y+X2_M9_r2,mini_chocolate_panettone,435,0.984954
FKIT,Y+X2_M9_r2,mini_chocolate_panettone,436,0.985568
FKIT,Y+X2_M9_r2,mini_chocolate_panettone,437,0.986623
FKIT,Y+X2_M9_r2,mini_chocolate_panettone,438,0.986763
FKIT,Y+X2_M9_r2,mini_chocolate_panettone,439,0.986637
FKIT,Y+X2_M9_r2,mini_chocolate_panettone,440,0.986050
FKIT,Y+X2_M9_r2,mini_chocolate_panettone,441,0.985964
FKIT,Y+X2_M9_r2,mini_chocolate_panettone,442,0.986081
FKIT,Y+X2_M9_r2,mini_chocolate_panettone,443,0.985301
FKIT,Y+X2_M9_r2,mini_chocolate_panettone,444,0.987684
FKIT,Y+X2_M9_r2,mini_chocolate_panettone,445,0.989077
FKIT,Y+X2_M9_r2,mini_chocolate_panettone,446,0.986754
FKIT,Y+X2_M9_r2,mini_chocolate_panettone,447,0.987479
FKIT,Y+X2_M9_r2,mini_chocolate_panettone,448,0.987986
FKIT,Y+X2_M9_r2,mini_chocolate_panettone,449,0.986762
FKIT,Y+X2_M9_r2,mini_chocolate_panettone,450,0.986630
FKIT,Y+X2_M9_r2,mini_chocolate_panettone,451,0.987735
FKIT,Y+X2_M9_r2,mini_chocolate_panettone,452,0.987718
FKIT,Y+X2_M9_r2,mini_chocolate_panettone,453,0.987229
FKIT,Y+X2_M9_r2,mini_chocolate_panettone,454,0.989115
FKIT,Y+X2_M9_r2,mini_chocolate_panettone,455,0.988900
FKIT,Y+X2_M9_r2,mini_chocolate_panettone,456,0.988144
FKIT,Y+X2_M9_r2,mini_chocolate_panettone,457,0.988384
FKIT,Y+X2_M9_r2,mini_chocolate_panettone,458,0.987808
FKIT,Y+X2_M9_r2,mini_chocolate_panettone,459,0.987786
FKIT,Y+X2_M9_r2,mini_chocolate_panettone,460,0.988230
FKIT,Y+X2_M9_r2,mini_chocolate_panettone,461,0.988896
FKIT,Y+X2_M9_r2,mini_chocolate_panettone,462,0.988566
FKIT,Y+X2_M9_r2,mini_chocolate_panettone,463,0.988840
FKIT,Y+X2_M9_r2,mini_chocolate_panettone,464,0.989155
FKIT,Y+X2_M9_r2,mini_chocolate_panettone,465,0.987960
FKIT,Y+X2_M9_r2,mini_chocolate_panettone,466,0.988118
FKIT,Y+X2_M9_r2,mini_chocolate_panettone,467,0.988480
FKIT,Y+X2_M9_r2,mini_chocolate_panettone,468,0.986203
FKIT,Y+X2_M9_r2,mini_chocolate_panettone,469,0.987712
FKIT,Y+X2_M9_r2,mini_chocolate_panettone,470,0.987501
FKIT,Y+X2_M9_r2,mini_chocolate_panettone,471,0.988122
FKIT,Y+X2_M9_r2,mini_chocolate_panettone,472,0.987695
FKIT,Y+X2_M9_r2,mini_chocolate_panettone,473,0.988147
FKIT,Y+X2_M9_r2,mini_chocolate_panettone,474,0.990144
FKIT,Y+X2_M9_r2,mini_chocolate_panettone,475,0.988364
FKIT,Y+X2_M9_r2,mini_chocolate_panettone,476,0.989580
FKIT,Y+X2_M9_r2,mini_chocolate_panettone,477,0.987382
FKIT,Y+X2_M9_r2,mini_chocolate_panettone,478,0.986596
FKIT,Y+X2_M9_r2,mini_chocolate_panettone,479,0.988382
FKIT,Y+X2_M9_r2,mini_chocolate_panettone,480,0.988292
FKIT,Y+X2_M9_r2,mini_chocolate_panettone,481,0.988427
FKIT,Y+X2_M9_r2,mini_chocolate_panettone,482,0.988247
FKIT,Y+X2_M9_r2,mini_chocolate_panettone,483,0.986403
FKIT,Y+X2_M9_r2,mini_chocolate_panettone,484,0.989720
FKIT,Y+X2_M9_r2,mini_chocolate_panettone,485,0.986323
FKIT,Y+X2_M9_r2,mini_chocolate_panettone,486,0.985852
FKIT,Y+X2_M9_r2,mini_chocolate_panettone,487,0.986662
FKIT,Y+X2_M9_r2,mini_chocolate_panettone,488,0.986708
FKIT,Y+X2_M9_r2,mini_chocolate_panettone,489,0.986392
FKIT,Y+X2_M9_r2,mini_chocolate_panettone,490,0.986792
FKIT,Y+X2_M9_r2,mini_chocolate_panettone,491,0.985227
FKIT,Y+X2_M9_r2,mini_chocolate_panettone,492,0.985302
FKIT,Y+X2_M9_r2,mini_chocolate_panettone,493,0.985155
FKIT,Y+X2_M9_r2,mini_chocolate_panettone,494,0.988222
FKIT,Y+X2_M9_r2,mini_chocolate_panettone,495,0.985488
FKIT,Y+X2_M9_r2,mini_chocolate_panettone,496,0.985873
FKIT,Y+X2_M9_r2,mini_chocolate_panettone,497,0.985223
FKIT,Y+X2_M9_r2,mini_chocolate_panettone,498,0.985194
FKIT,Y+X2_M9_r2,mini_chocolate_panettone,499,0.984904
FKIT,Y+X2_M9_r2,mini_chocolate_panettone,500,0.983747
FKIT,Y+X2_M9_r2,mini_chocolate_panettone,501,0.985209
FKIT,Y+X2_M9_r2,mini_chocolate_panettone,502,0.985098
FKIT,Y+X2_M9_r2,mini_chocolate_panettone,503,0.983916
FKIT,Y+X2_M9_r2,mini_chocolate_panettone,504,0.986530
FKIT,Y+X2_M9_r2,mini_chocolate_panettone,505,0.986325
FKIT,Y+X2_M9_r2,mini_chocolate_panettone,506,0.985799
FKIT,Y+X2_M9_r2,mini_chocolate_panettone,507,0.984453
FKIT,Y+X2_M9_r2,mini_chocolate_panettone,508,0.986673
FKIT,Y+X2_M9_r2,mini_chocolate_panettone,509,0.983150
FKIT,Y+X2_M9_r2,mini_chocolate_panettone,510,0.984748
FKIT,Y+X2_M9_r2,mini_chocolate_panettone,511,0.983208
FKIT,Y+X2_M9_r2,mini_chocolate_panettone,512,0.982998
FKIT,Y+X2_M9_r2,mini_chocolate_panettone,513,0.980571
FKIT,Y+X2_M9_r2,mini_chocolate_panettone,514,0.983425
FKIT,Y+X2_M9_r2,mini_chocolate_panettone,515,0.983688
FKIT,Y+X2_M9_r2,mini_chocolate_panettone,516,0.982977
FKIT,Y+X2_M9_r2,mini_chocolate_panettone,517,0.984034
FKIT,Y+X2_M9_r2,mini_chocolate_panettone,518,0.982625
FKIT,Y+X2_M9_r2,mini_chocolate_panettone,519,0.980757
FKIT,Y+X2_M9_r2,mini_chocolate_panettone,520,0.983005
FKIT,Y+X2_M9_r2,mini_chocolate_panettone,521,0.981849
FKIT,Y+X2_M9_r2,mini_chocolate_panettone,522,0.982123
FKIT,Y+X2_M9_r2,mini_chocolate_panettone,523,0.980465
FKIT,Y+X2_M9_r2,mini_chocolate_panettone,524,0.981283
FKIT,Y+X2_M9_r2,mini_chocolate_panettone,525,0.985290
FKIT,Y+X2_M9_r2,mini_chocolate_panettone,526,0.984859
FKIT,Y+X2_M9_r2,mini_chocolate_panettone,527,0.983499
FKIT,Y+X2_M9_r2,mini_chocolate_panettone,528,0.983860
FKIT,Y+X2_M9_r2,mini_chocolate_panettone,529,0.984525
FKIT,Y+X2_M9_r2,mini_chocolate_panettone,530,0.986923
FKIT,Y+X2_M9_r2,mini_chocolate_panettone,531,0.983192
FKIT,Y+X2_M9_r2,mini_chocolate_panettone,532,0.984625
FKIT,Y+X2_M9_r2,mini_chocolate_panettone,533,0.985544
FKIT,Y+X2_M9_r2,mini_chocolate_panettone,534,0.985635
FKIT,Y+X2_M9_r2,mini_chocolate_panettone,535,0.984528
FKIT,Y+X2_M9_r2,mini_chocolate_panettone,536,0.983593
FKIT,Y+X2_M9_r2,mini_chocolate_panettone,537,0.983481
FKIT,Y+X2_M9_r2,mini_chocolate_panettone,538,0.984590
FKIT,Y+X2_M9_r2,mini_chocolate_panettone,539,0.981809
FKIT,Y+X2_M9_r2,mini_chocolate_panettone,540,0.983317
FKIT,Y+X2_M9_r2,mini_chocolate_panettone,541,0.981802
FKIT,Y+X2_M9_r2,mini_chocolate_panettone,542,0.979210
FKIT,Y+X2_M9_r2,mini_chocolate_panettone,543,0.979085
FKIT,Y+X2_M9_r2,mini_chocolate_panettone,544,0.978330
FKIT,Y+X2_M9_r2,mini_chocolate_panettone,545,0.979033
FKIT,Y+X2_M9_r2,mini_chocolate_panettone,546,0.976137
FKIT,Y+X2_M9_r2,mini_chocolate_panettone,547,0.973751
FKIT,Y+X2_M9_r2,mini_chocolate_panettone,548,0.973072
FKIT,Y+X2_M9_r2,mini_chocolate_panettone,549,0.973340
FKIT,Y+X2_M9_r2,mini_chocolate_panettone,550,0.971920
FKIT,Y+X2_M9_r2,mini_chocolate_panettone,551,0.971264
FKIT,Y+X2_M9_r2,mini_chocolate_panettone,552,0.969975
FKIT,Y+X2_M9_r2,mini_chocolate_panettone,553,0.968839
FKIT,Y+X2_M9_r2,mini_chocolate_panettone,554,0.971246
FKIT,Y+X2_M9_r2,mini_chocolate_panettone,555,0.968557
FKIT,Y+X2_M9_r2,mini_chocolate_panettone,556,0.966659
FKIT,Y+X2_M9_r2,mini_chocolate_panettone,557,0.966361
FKIT,Y+X2_M9_r2,mini_chocolate_panettone,558,0.968949
FKIT,Y+X2_M9_r2,mini_chocolate_panettone,559,0.966484
FKIT,Y+X2_M9_r2,mini_chocolate_panettone,560,0.965305
FKIT,Y+X2_M9_r2,mini_chocolate_panettone,561,0.966863
FKIT,Y+X2_M9_r2,mini_chocolate_panettone,562,0.968331
FKIT,Y+X2_M9_r2,mini_chocolate_panettone,563,0.964954
FKIT,Y+X2_M9_r2,mini_chocolate_panettone,564,0.965385
FKIT,Y+X2_M9_r2,mini_chocolate_panettone,565,0.966176
FKIT,Y+X2_M9_r2,mini_chocolate_panettone,566,0.960798
FKIT,Y+X2_M9_r2,mini_chocolate_panettone,567,0.964906
FKIT,Y+X2_M9_r2,mini_chocolate_panettone,568,0.965746
FKIT,Y+X2_M9_r2,mini_chocolate_panettone,569,0.965328
FKIT,Y+X2_M9_r2,mini_chocolate_panettone,570,0.964441
FKIT,Y+X2_M9_r2,mini_chocolate_panettone,571,0.967515
FKIT,Y+X2_M9_r2,mini_chocolate_panettone,572,0.968011
FKIT,Y+X2_M9_r2,mini_chocolate_panettone,573,0.965996
FKIT,Y+X2_M9_r2,mini_chocolate_panettone,574,0.966838
FKIT,Y+X2_M9_r2,mini_chocolate_panettone,575,0.965761
FKIT,Y+X2_M9_r2,mini_chocolate_panettone,576,0.963697
FKIT,Y+X2_M9_r2,mini_chocolate_panettone,577,0.963531
FKIT,Y+X2_M9_r2,mini_chocolate_panettone,578,0.967533
FKIT,Y+X2_M9_r2,mini_chocolate_panettone,579,0.966138
FKIT,Y+X2_M9_r2,mini_chocolate_panettone,580,0.965859
FKIT,Y+X2_M9_r2,mini_chocolate_panettone,581,0.966018
FKIT,Y+X2_M9_r2,mini_chocolate_panettone,582,0.962563
FKIT,Y+X2_M9_r2,mini_chocolate_panettone,583,0.962475
FKIT,Y+X2_M9_r2,mini_chocolate_panettone,584,0.965506
FKIT,Y+X2_M9_r2,mini_chocolate_panettone,585,0.966285
FKIT,Y+X2_M9_r2,mini_chocolate_panettone,586,0.967523
FKIT,Y+X2_M9_r2,mini_chocolate_panettone,587,0.965506
FKIT,Y+X2_M9_r2,mini_chocolate_panettone,588,0.966605
FKIT,Y+X2_M9_r2,mini_chocolate_panettone,589,0.965795
FKIT,Y+X2_M9_r2,mini_chocolate_panettone,590,0.966880
FKIT,Y+X2_M9_r2,mini_chocolate_panettone,591,0.965804
FKIT,Y+X2_M9_r2,mini_chocolate_panettone,592,0.965157
FKIT,Y+X2_M9_r2,mini_chocolate_panettone,593,0.966341
FKIT,Y+X2_M9_r2,mini_chocolate_panettone,594,0.966629
FKIT,Y+X2_M9_r2,mini_chocolate_panettone,595,0.969219
FKIT,Y+X2_M9_r2,mini_chocolate_panettone,596,0.966240
FKIT,Y+X2_M9_r2,mini_chocolate_panettone,597,0.967013
FKIT,Y+X2_M9_r2,mini_chocolate_panettone,598,0.967897
FKIT,Y+X2_M9_r2,mini_chocolate_panettone,599,0.965401
FKIT,Y+X2_M9_r2,mini_chocolate_panettone,600,0.964276
FKIT,Y+X2_M9_r2,mini_chocolate_panettone,601,0.945623
FKIT,Y+X2_M9_r2,mini_chocolate_panettone,602,0.964359
FKIT,Y+X2_M9_r2,mini_chocolate_panettone,603,0.963317
FKIT,Y+X2_M9_r2,mini_chocolate_panettone,604,0.964746
FKIT,Y+X2_M9_r2,mini_chocolate_panettone,605,0.966253
FKIT,Y+X2_M9_r2,mini_chocolate_panettone,606,0.967609
FKIT,Y+X2_M9_r2,mini_chocolate_panettone,607,0.964935
FKIT,Y+X2_M9_r2,mini_chocolate_panettone,608,0.966853
FKIT,Y+X2_M9_r2,mini_chocolate_panettone,609,0.964361
FKIT,Y+X2_M9_r2,mini_chocolate_panettone,610,0.969138
FKIT,Y+X2_M9_r2,mini_chocolate_panettone,611,0.965723
FKIT,Y+X2_M9_r2,mini_chocolate_panettone,612,0.965999
FKIT,Y+X2_M9_r2,mini_chocolate_panettone,613,0.963389
FKIT,Y+X2_M9_r2,mini_chocolate_panettone,614,0.965776
FKIT,Y+X2_M9_r2,mini_chocolate_panettone,615,0.966487
FKIT,Y+X2_M9_r2,mini_chocolate_panettone,616,0.966587
FKIT,Y+X2_M9_r2,mini_chocolate_panettone,617,0.968554
FKIT,Y+X2_M9_r2,mini_chocolate_panettone,618,0.967286
FKIT,Y+X2_M9_r2,mini_chocolate_panettone,619,0.966588
FKIT,Y+X2_M9_r2,mini_chocolate_panettone,620,0.967777
FKIT,Y+X2_M9_r2,mini_chocolate_panettone,621,0.968146
FKIT,Y+X2_M9_r2,mini_chocolate_panettone,622,0.968818
FKIT,Y+X2_M9_r2,mini_chocolate_panettone,623,0.968271
FKIT,Y+X2_M9_r2,mini_chocolate_panettone,624,0.969707
FKIT,Y+X2_M9_r2,mini_chocolate_panettone,625,0.969581
FKIT,Y+X2_M9_r2,mini_chocolate_panettone,626,0.967828
FKIT,Y+X2_M9_r2,mini_chocolate_panettone,627,0.971376
FKIT,Y+X2_M9_r2,mini_chocolate_panettone,628,0.972626
FKIT,Y+X2_M9_r2,mini_chocolate_panettone,629,0.970770
FKIT,Y+X2_M9_r2,mini_chocolate_panettone,630,0.969168
FKIT,Y+X2_M9_r2,mini_chocolate_panettone,631,0.968964
FKIT,Y+X2_M9_r2,mini_chocolate_panettone,632,0.969517
FKIT,Y+X2_M9_r2,mini_chocolate_panettone,633,0.966435
FKIT,Y+X2_M9_r2,mini_chocolate_panettone,634,0.969012
FKIT,Y+X2_M9_r2,mini_chocolate_panettone,635,0.968717
FKIT,Y+X2_M9_r2,mini_chocolate_panettone,636,0.968445
FKIT,Y+X2_M9_r2,mini_chocolate_panettone,637,0.966423
FKIT,Y+X2_M9_r2,mini_chocolate_panettone,638,0.968432
FKIT,Y+X2_M9_r2,mini_chocolate_panettone,639,0.969232
FKIT,Y+X2_M9_r2,mini_chocolate_panettone,640,0.968752
FKIT,Y+X2_M9_r2,mini_chocolate_panettone,641,0.970130
FKIT,Y+X2_M9_r2,mini_chocolate_panettone,642,0.969242
FKIT,Y+X2_M9_r2,mini_chocolate_panettone,643,0.968839
FKIT,Y+X2_M9_r2,mini_chocolate_panettone,644,0.970352
FKIT,Y+X2_M9_r2,mini_chocolate_panettone,645,0.970165
FKIT,Y+X2_M9_r2,mini_chocolate_panettone,646,0.968312
FKIT,Y+X2_M9_r2,mini_chocolate_panettone,647,0.970856
FKIT,Y+X2_M9_r2,mini_chocolate_panettone,648,0.972133
FKIT,Y+X2_M9_r2,mini_chocolate_panettone,649,0.970439
FKIT,Y+X2_M9_r2,mini_chocolate_panettone,650,0.972231
FKIT,Y+X2_M9_r2,mini_chocolate_panettone,651,0.970584
FKIT,Y+X2_M9_r2,mini_chocolate_panettone,652,0.970943
FKIT,Y+X2_M9_r2,mini_chocolate_panettone,653,0.971608
FKIT,Y+X2_M9_r2,mini_chocolate_panettone,654,0.974309
FKIT,Y+X2_M9_r2,mini_chocolate_panettone,655,0.972168
FKIT,Y+X2_M9_r2,mini_chocolate_panettone,656,0.971335
FKIT,Y+X2_M9_r2,mini_chocolate_panettone,657,0.971793
FKIT,Y+X2_M9_r2,mini_chocolate_panettone,658,0.971028
FKIT,Y+X2_M9_r2,mini_chocolate_panettone,659,0.969475
FKIT,Y+X2_M9_r2,mini_chocolate_panettone,660,0.971555
FKIT,Y+X2_M9_r2,mini_chocolate_panettone,661,0.970986
FKIT,Y+X2_M9_r2,mini_chocolate_panettone,662,0.972498
FKIT,Y+X2_M9_r2,mini_chocolate_panettone,663,0.974944
FKIT,Y+X2_M9_r2,mini_chocolate_panettone,664,0.973353
FKIT,Y+X2_M9_r2,mini_chocolate_panettone,665,0.973055
FKIT,Y+X2_M9_r2,mini_chocolate_panettone,666,0.972165
FKIT,Y+X2_M9_r2,mini_chocolate_panettone,667,0.969511
FKIT,Y+X2_M9_r2,mini_chocolate_panettone,668,0.971380
FKIT,Y+X2_M9_r2,mini_chocolate_panettone,669,0.969618
FKIT,Y+X2_M9_r2,mini_chocolate_panettone,670,0.970733
FKIT,Y+X2_M9_r2,mini_chocolate_panettone,671,0.971506
FKIT,Y+X2_M9_r2,mini_chocolate_panettone,672,0.970584
FKIT,Y+X2_M9_r2,mini_chocolate_panettone,673,0.968859
FKIT,Y+X2_M9_r2,mini_chocolate_panettone,674,0.971268
FKIT,Y+X2_M9_r2,mini_chocolate_panettone,675,0.968868
FKIT,Y+X2_M9_r2,mini_chocolate_panettone,676,0.967675
FKIT,Y+X2_M9_r2,mini_chocolate_panettone,677,0.968244
FKIT,Y+X2_M9_r2,mini_chocolate_panettone,678,0.965981
FKIT,Y+X2_M9_r2,mini_chocolate_panettone,679,0.969038
FKIT,Y+X2_M9_r2,mini_chocolate_panettone,680,0.971192
FKIT,Y+X2_M9_r2,mini_chocolate_panettone,681,0.968268
FKIT,Y+X2_M9_r2,mini_chocolate_panettone,682,0.968245
FKIT,Y+X2_M9_r2,mini_chocolate_panettone,683,0.968257
FKIT,Y+X2_M9_r2,mini_chocolate_panettone,684,0.970163
FKIT,Y+X2_M9_r2,mini_chocolate_panettone,685,0.968686
FKIT,Y+X2_M9_r2,mini_chocolate_panettone,686,0.968337
FKIT,Y+X2_M9_r2,mini_chocolate_panettone,687,0.967754
FKIT,Y+X2_M9_r2,mini_chocolate_panettone,688,0.966536
FKIT,Y+X2_M9_r2,mini_chocolate_panettone,689,0.965603
FKIT,Y+X2_M9_r2,mini_chocolate_panettone,690,0.967268
FKIT,Y+X2_M9_r2,mini_chocolate_panettone,691,0.964135
FKIT,Y+X2_M9_r2,mini_chocolate_panettone,692,0.965252
FKIT,Y+X2_M9_r2,mini_chocolate_panettone,693,0.968569
FKIT,Y+X2_M9_r2,mini_chocolate_panettone,694,0.970458
FKIT,Y+X2_M9_r2,mini_chocolate_panettone,695,0.968033
FKIT,Y+X2_M9_r2,mini_chocolate_panettone,696,0.969681
FKIT,Y+X2_M9_r2,mini_chocolate_panettone,697,0.968938
FKIT,Y+X2_M9_r2,mini_chocolate_panettone,698,0.969977
FKIT,Y+X2_M9_r2,mini_chocolate_panettone,699,0.969031
FKIT,Y+X2_M9_r2,mini_chocolate_panettone,700,0.969521
FKIT,Y+X2_M9_r2,mini_chocolate_panettone,701,0.969323
FKIT,Y+X2_M9_r2,mini_chocolate_panettone,702,0.969802
FKIT,Y+X2_M9_r2,mini_chocolate_panettone,703,0.970498
FKIT,Y+X2_M9_r2,mini_chocolate_panettone,704,0.969677
FKIT,Y+X2_M9_r2,mini_chocolate_panettone,705,0.969901
FKIT,Y+X2_M9_r2,mini_chocolate_panettone,706,0.971882
FKIT,Y+X2_M9_r2,mini_chocolate_panettone,707,0.971068
FKIT,Y+X2_M9_r2,mini_chocolate_panettone,708,0.969405
FKIT,Y+X2_M9_r2,mini_chocolate_panettone,709,0.970621
FKIT,Y+X2_M9_r2,mini_chocolate_panettone,710,0.971145
FKIT,Y+X2_M9_r2,mini_chocolate_panettone,711,0.969455
FKIT,Y+X2_M9_r2,mini_chocolate_panettone,712,0.969123
FKIT,Y+X2_M9_r2,mini_chocolate_panettone,713,0.970157
FKIT,Y+X2_M9_r2,mini_chocolate_panettone,714,0.969715
FKIT,Y+X2_M9_r2,mini_chocolate_panettone,715,0.969215
FKIT,Y+X2_M9_r2,mini_chocolate_panettone,716,0.969793
FKIT,Y+X2_M9_r2,mini_chocolate_panettone,717,0.969145
FKIT,Y+X2_M9_r2,mini_chocolate_panettone,718,0.964072
FKIT,Y+X2_M9_r2,mini_chocolate_panettone,719,0.967256
FKIT,Y+X2_M9_r2,mini_chocolate_panettone,720,0.967329
FKIT,Y+X2_M9_r2,mini_chocolate_panettone,721,0.963514
FKIT,Y+X2_M9_r2,mini_chocolate_panettone,722,0.966480
FKIT,Y+X2_M9_r2,mini_chocolate_panettone,723,0.968512
FKIT,Y+X2_M9_r2,mini_chocolate_panettone,724,0.970884
FKIT,Y+X2_M9_r2,mini_chocolate_panettone,725,0.971262
FKIT,Y+X2_M9_r2,mini_chocolate_panettone,726,0.968267
FKIT,Y+X2_M9_r2,mini_chocolate_panettone,727,0.966633
FKIT,Y+X2_M9_r2,mini_chocolate_panettone,728,0.964921
FKIT,Y+X2_M9_r2,mini_chocolate_panettone,729,0.969053
FKIT,Y+X2_M9_r2,mini_chocolate_panettone,730,0.966134
FKIT,Y+X2_M9_r2,mini_chocolate_panettone,731,0.967883
FKIT,Y+X2_M9_r2,mini_chocolate_panettone,732,0.967456
FKIT,Y+X2_M9_r2,mini_chocolate_panettone,733,0.965263
FKIT,Y+X2_M9_r2,mini_chocolate_panettone,734,0.965967
FKIT,Y+X2_M9_r2,mini_chocolate_panettone,735,0.968795
FKIT,Y+X2_M9_r2,mini_chocolate_panettone,736,0.967663
FKIT,Y+X2_M9_r2,mini_chocolate_panettone,737,0.966248
FKIT,Y+X2_M9_r2,mini_chocolate_panettone,738,0.961046
FKIT,Y+X2_M9_r2,mini_chocolate_panettone,739,0.966226
FKIT,Y+X2_M9_r2,mini_chocolate_panettone,740,0.965262
FKIT,Y+X2_M9_r2,mini_chocolate_panettone,741,0.963247
FKIT,Y+X2_M9_r2,mini_chocolate_panettone,742,0.967619
FKIT,Y+X2_M9_r2,mini_chocolate_panettone,743,0.966451
FKIT,Y+X2_M9_r2,mini_chocolate_panettone,744,0.967834
FKIT,Y+X2_M9_r2,mini_chocolate_panettone,745,0.964464
FKIT,Y+X2_M9_r2,mini_chocolate_panettone,746,0.965969
FKIT,Y+X2_M9_r2,mini_chocolate_panettone,747,0.967003
FKIT,Y+X2_M9_r2,mini_chocolate_panettone,748,0.966441
FKIT,Y+X2_M9_r2,mini_chocolate_panettone,749,0.966836
FKIT,Y+X2_M9_r2,mini_chocolate_panettone,750,0.967030
FKIT,Y+X2_M9_r2,mini_chocolate_panettone,751,0.966684
FKIT,Y+X2_M9_r2,mini_chocolate_panettone,752,0.967552
FKIT,Y+X2_M9_r2,mini_chocolate_panettone,753,0.969662
FKIT,Y+X2_M9_r2,mini_chocolate_panettone,754,0.969435
FKIT,Y+X2_M9_r2,mini_chocolate_panettone,755,0.969518
FKIT,Y+X2_M9_r2,mini_chocolate_panettone,756,0.968164
FKIT,Y+X2_M9_r2,mini_chocolate_panettone,757,0.968435
FKIT,Y+X2_M9_r2,mini_chocolate_panettone,758,0.969194
FKIT,Y+X2_M9_r2,mini_chocolate_panettone,759,0.968291
FKIT,Y+X2_M9_r2,mini_chocolate_panettone,760,0.967879
FKIT,Y+X2_M9_r2,mini_chocolate_panettone,761,0.969102
FKIT,Y+X2_M9_r2,mini_chocolate_panettone,762,0.966358
FKIT,Y+X2_M9_r2,mini_chocolate_panettone,763,0.967326
FKIT,Y+X2_M9_r2,mini_chocolate_panettone,764,0.969299
FKIT,Y+X2_M9_r2,mini_chocolate_panettone,765,0.967748
FKIT,Y+X2_M9_r2,mini_chocolate_panettone,766,0.967673
FKIT,Y+X2_M9_r2,mini_chocolate_panettone,767,0.965704
FKIT,Y+X2_M9_r2,mini_chocolate_panettone,768,0.965710
FKIT,Y+X2_M9_r2,mini_chocolate_panettone,769,0.967328
FKIT,Y+X2_M9_r2,mini_chocolate_panettone,770,0.965819
FKIT,Y+X2_M9_r2,mini_chocolate_panettone,771,0.966330
FKIT,Y+X2_M9_r2,mini_chocolate_panettone,772,0.965368
FKIT,Y+X2_M9_r2,mini_chocolate_panettone,773,0.963471
FKIT,Y+X2_M9_r2,mini_chocolate_panettone,774,0.965615
FKIT,Y+X2_M9_r2,mini_chocolate_panettone,775,0.968622
FKIT,Y+X2_M9_r2,mini_chocolate_panettone,776,0.967230
FKIT,Y+X2_M9_r2,mini_chocolate_panettone,777,0.966836
FKIT,Y+X2_M9_r2,mini_chocolate_panettone,778,0.968179
FKIT,Y+X2_M9_r2,mini_chocolate_panettone,779,0.967700
FKIT,Y+X2_M9_r2,mini_chocolate_panettone,780,0.968057
FKIT,Y+X2_M9_r2,mini_chocolate_panettone,781,0.967056
FKIT,Y+X2_M9_r2,mini_chocolate_panettone,782,0.966854
FKIT,Y+X2_M9_r2,mini_chocolate_panettone,783,0.967267
FKIT,Y+X2_M9_r2,mini_chocolate_panettone,784,0.969003
FKIT,Y+X2_M9_r2,mini_chocolate_panettone,785,0.970894
FKIT,Y+X2_M9_r2,mini_chocolate_panettone,786,0.960298
FKIT,Y+X2_M9_r2,mini_chocolate_panettone,787,0.967837
FKIT,Y+X2_M9_r2,mini_chocolate_panettone,788,0.970536
FKIT,Y+X2_M9_r2,mini_chocolate_panettone,789,0.971281
FKIT,Y+X2_M9_r2,mini_chocolate_panettone,790,0.968327
FKIT,Y+X2_M9_r2,mini_chocolate_panettone,791,0.969694
FKIT,Y+X2_M9_r2,mini_chocolate_panettone,792,0.966431
FKIT,Y+X2_M9_r2,mini_chocolate_panettone,793,0.968733
FKIT,Y+X2_M9_r2,mini_chocolate_panettone,794,0.967591
FKIT,Y+X2_M9_r2,mini_chocolate_panettone,795,0.970750
FKIT,Y+X2_M9_r2,mini_chocolate_panettone,796,0.970181
FKIT,Y+X2_M9_r2,mini_chocolate_panettone,797,0.970883
FKIT,Y+X2_M9_r2,mini_chocolate_panettone,798,0.967686
FKIT,Y+X2_M9_r2,mini_chocolate_panettone,799,0.967274
FKIT,Y+X2_M9_r2,mini_chocolate_panettone,800,0.968116
FKIT,Y+X2_M9_r2,mini_chocolate_panettone,801,0.967217
FKIT,Y+X2_M9_r2,mini_chocolate_panettone,802,0.968007
FKIT,Y+X2_M9_r2,mini_chocolate_panettone,803,0.968120
FKIT,Y+X2_M9_r2,mini_chocolate_panettone,804,0.968768
FKIT,Y+X2_M9_r2,mini_chocolate_panettone,805,0.967336
FKIT,Y+X2_M9_r2,mini_chocolate_panettone,806,0.968701
FKIT,Y+X2_M9_r2,mini_chocolate_panettone,807,0.967134
FKIT,Y+X2_M9_r2,mini_chocolate_panettone,808,0.966946
FKIT,Y+X2_M9_r2,mini_chocolate_panettone,809,0.966839
FKIT,Y+X2_M9_r2,mini_chocolate_panettone,810,0.965102
FKIT,Y+X2_M9_r2,mini_chocolate_panettone,811,0.967019
FKIT,Y+X2_M9_r2,mini_chocolate_panettone,812,0.966044
FKIT,Y+X2_M9_r2,mini_chocolate_panettone,813,0.951800
FKIT,Y+X2_M9_r2,mini_chocolate_panettone,814,0.963787
FKIT,Y+X2_M9_r2,mini_chocolate_panettone,815,0.965081
FKIT,Y+X2_M9_r2,mini_chocolate_panettone,816,0.960846
FKIT,Y+X2_M9_r2,mini_chocolate_panettone,817,0.963075
FKIT,Y+X2_M9_r2,mini_chocolate_panettone,818,0.964043
FKIT,Y+X2_M9_r2,mini_chocolate_panettone,819,0.961466
FKIT,Y+X2_M9_r2,mini_chocolate_panettone,820,0.963504
FKIT,Y+X2_M9_r2,mini_chocolate_panettone,821,0.964590
FKIT,Y+X2_M9_r2,mini_chocolate_panettone,822,0.960639
FKIT,Y+X2_M9_r2,mini_chocolate_panettone,823,0.960976
FKIT,Y+X2_M9_r2,mini_chocolate_panettone,824,0.964439
FKIT,Y+X2_M9_r2,mini_chocolate_panettone,825,0.965048
FKIT,Y+X2_M9_r2,mini_chocolate_panettone,826,0.963999
FKIT,Y+X2_M9_r2,mini_chocolate_panettone,827,0.964308
FKIT,Y+X2_M9_r2,mini_chocolate_panettone,828,0.964837
FKIT,Y+X2_M9_r2,mini_chocolate_panettone,829,0.963929
FKIT,Y+X2_M9_r2,mini_chocolate_panettone,830,0.964722
FKIT,Y+X2_M9_r2,mini_chocolate_panettone,831,0.966086
FKIT,Y+X2_M9_r2,mini_chocolate_panettone,832,0.963843
FKIT,Y+X2_M9_r2,mini_chocolate_panettone,833,0.965682
FKIT,Y+X2_M9_r2,mini_chocolate_panettone,834,0.966100
FKIT,Y+X2_M9_r2,mini_chocolate_panettone,835,0.966524
FKIT,Y+X2_M9_r2,mini_chocolate_panettone,836,0.965642
FKIT,Y+X2_M9_r2,mini_chocolate_panettone,837,0.965790
FKIT,Y+X2_M9_r2,mini_chocolate_panettone,838,0.966110
FKIT,Y+X2_M9_r2,mini_chocolate_panettone,839,0.966425
FKIT,Y+X2_M9_r2,mini_chocolate_panettone,840,0.965912
FKIT,Y+X2_M9_r2,mini_chocolate_panettone,841,0.964697
FKIT,Y+X2_M9_r2,mini_chocolate_panettone,842,0.963610
FKIT,Y+X2_M9_r2,mini_chocolate_panettone,843,0.966693
FKIT,Y+X2_M9_r2,mini_chocolate_panettone,844,0.968343
FKIT,Y+X2_M9_r2,mini_chocolate_panettone,845,0.968719
FKIT,Y+X2_M9_r2,mini_chocolate_panettone,846,0.966089
FKIT,Y+X2_M9_r2,mini_chocolate_panettone,847,0.965802
FKIT,Y+X2_M9_r2,mini_chocolate_panettone,848,0.965084
FKIT,Y+X2_M9_r2,mini_chocolate_panettone,849,0.963156
FKIT,Y+X2_M9_r2,mini_chocolate_panettone,850,0.964265
FKIT,Y+X2_M9_r2,mini_chocolate_panettone,851,0.965055
FKIT,Y+X2_M9_r2,mini_chocolate_panettone,852,0.964899
FKIT,Y+X2_M9_r2,mini_chocolate_panettone,853,0.962406
FKIT,Y+X2_M9_r2,mini_chocolate_panettone,854,0.960349
FKIT,Y+X2_M9_r2,mini_chocolate_panettone,855,0.959277
FKIT,Y+X2_M9_r2,mini_chocolate_panettone,856,0.960081
FKIT,Y+X2_M9_r2,mini_chocolate_panettone,857,0.958239
FKIT,Y+X2_M9_r2,mini_chocolate_panettone,858,0.958504
FKIT,Y+X2_M9_r2,mini_chocolate_panettone,859,0.958882
FKIT,Y+X2_M9_r2,mini_chocolate_panettone,860,0.960718
FKIT,Y+X2_M9_r2,mini_chocolate_panettone,861,0.958914
FKIT,Y+X2_M9_r2,mini_chocolate_panettone,862,0.956775
FKIT,Y+X2_M9_r2,mini_chocolate_panettone,863,0.956999
FKIT,Y+X2_M9_r2,mini_chocolate_panettone,864,0.956296
FKIT,Y+X2_M9_r2,mini_chocolate_panettone,865,0.950597
FKIT,Y+X2_M9_r2,mini_chocolate_panettone,866,0.956303
FKIT,Y+X2_M9_r2,mini_chocolate_panettone,867,0.958267
FKIT,Y+X2_M9_r2,mini_chocolate_panettone,868,0.949222
FKIT,Y+X2_M9_r2,mini_chocolate_panettone,869,0.955303
FKIT,Y+X2_M9_r2,mini_chocolate_panettone,870,0.958534
FKIT,Y+X2_M9_r2,mini_chocolate_panettone,871,0.955157
FKIT,Y+X2_M9_r2,mini_chocolate_panettone,872,0.957025
FKIT,Y+X2_M9_r2,mini_chocolate_panettone,873,0.956427
FKIT,Y+X2_M9_r2,mini_chocolate_panettone,874,0.958655
FKIT,Y+X2_M9_r2,mini_chocolate_panettone,875,0.959511
FKIT,Y+X2_M9_r2,mini_chocolate_panettone,876,0.958837
FKIT,Y+X2_M9_r2,mini_chocolate_panettone,877,0.958743
FKIT,Y+X2_M9_r2,mini_chocolate_panettone,878,0.960669
FKIT,Y+X2_M9_r2,mini_chocolate_panettone,879,0.954478
FKIT,Y+X2_M9_r2,mini_chocolate_panettone,880,0.953020
FKIT,Y+X2_M9_r2,mini_chocolate_panettone,881,0.958651
FKIT,Y+X2_M9_r2,mini_chocolate_panettone,882,0.959070
FKIT,Y+X2_M9_r2,mini_chocolate_panettone,883,0.958349
FKIT,Y+X2_M9_r2,mini_chocolate_panettone,884,0.959912
FKIT,Y+X2_M9_r2,mini_chocolate_panettone,885,0.960746
FKIT,Y+X2_M9_r2,mini_chocolate_panettone,886,0.958573
FKIT,Y+X2_M9_r2,mini_chocolate_panettone,887,0.959382
FKIT,Y+X2_M9_r2,mini_chocolate_panettone,888,0.960768
FKIT,Y+X2_M9_r2,mini_chocolate_panettone,889,0.962412
FKIT,Y+X2_M9_r2,mini_chocolate_panettone,890,0.961924
FKIT,Y+X2_M9_r2,mini_chocolate_panettone,891,0.961626
FKIT,Y+X2_M9_r2,mini_chocolate_panettone,892,0.961714
FKIT,Y+X2_M9_r2,mini_chocolate_panettone,893,0.962130
FKIT,Y+X2_M9_r2,mini_chocolate_panettone,894,0.960658
FKIT,Y+X2_M9_r2,mini_chocolate_panettone,895,0.961615
FKIT,Y+X2_M9_r2,mini_chocolate_panettone,896,0.962006
FKIT,Y+X2_M9_r2,mini_chocolate_panettone,897,0.960133
FKIT,Y+X2_M9_r2,mini_chocolate_panettone,898,0.963171
FKIT,Y+X2_M9_r2,mini_chocolate_panettone,899,0.965678
FKIT,Y+X2_M9_r2,mini_chocolate_panettone,900,0.964086
FKIT,Y+X2_M9_r2,mini_chocolate_panettone,901,0.965834
FKIT,Y+X2_M9_r2,mini_chocolate_panettone,902,0.964920
FKIT,Y+X2_M9_r2,mini_chocolate_panettone,903,0.964910
FKIT,Y+X2_M9_r2,mini_chocolate_panettone,904,0.968340
FKIT,Y+X2_M9_r2,mini_chocolate_panettone,905,0.967509
FKIT,Y+X2_M9_r2,mini_chocolate_panettone,906,0.961971
FKIT,Y+X2_M9_r2,mini_chocolate_panettone,907,0.967625
FKIT,Y+X2_M9_r2,mini_chocolate_panettone,908,0.965537
FKIT,Y+X2_M9_r2,mini_chocolate_panettone,909,0.967770
FKIT,Y+X2_M9_r2,mini_chocolate_panettone,910,0.965401
FKIT,Y+X2_M9_r2,mini_chocolate_panettone,911,0.967036
FKIT,Y+X2_M9_r2,mini_chocolate_panettone,912,0.965704
FKIT,Y+X2_M9_r2,mini_chocolate_panettone,913,0.966600
FKIT,Y+X2_M9_r2,mini_chocolate_panettone,914,0.967075
FKIT,Y+X2_M9_r2,mini_chocolate_panettone,915,0.968192
FKIT,Y+X2_M9_r2,mini_chocolate_panettone,916,0.968118
FKIT,Y+X2_M9_r2,mini_chocolate_panettone,917,0.966742
FKIT,Y+X2_M9_r2,mini_chocolate_panettone,918,0.966548
FKIT,Y+X2_M9_r2,mini_chocolate_panettone,919,0.967323
FKIT,Y+X2_M9_r2,mini_chocolate_panettone,920,0.964273
FKIT,Y+X2_M9_r2,mini_chocolate_panettone,921,0.966362
FKIT,Y+X2_M9_r2,mini_chocolate_panettone,922,0.966401
FKIT,Y+X2_M9_r2,mini_chocolate_panettone,923,0.967694
FKIT,Y+X2_M9_r2,mini_chocolate_panettone,924,0.968697
FKIT,Y+X2_M9_r2,mini_chocolate_panettone,925,0.969573
FKIT,Y+X2_M9_r2,mini_chocolate_panettone,926,0.968880
FKIT,Y+X2_M9_r2,mini_chocolate_panettone,927,0.968820
FKIT,Y+X2_M9_r2,mini_chocolate_panettone,928,0.969647
FKIT,Y+X2_M9_r2,mini_chocolate_panettone,929,0.967206
FKIT,Y+X2_M9_r2,mini_chocolate_panettone,930,0.969596
FKIT,Y+X2_M9_r2,mini_chocolate_panettone,931,0.968308
FKIT,Y+X2_M9_r2,mini_chocolate_panettone,932,0.968838
FKIT,Y+X2_M9_r2,mini_chocolate_panettone,933,0.968535
FKIT,Y+X2_M9_r2,mini_chocolate_panettone,934,0.968850
FKIT,Y+X2_M9_r2,mini_chocolate_panettone,935,0.968245
FKIT,Y+X2_M9_r2,mini_chocolate_panettone,936,0.967594
FKIT,Y+X2_M9_r2,mini_chocolate_panettone,937,0.969111
FKIT,Y+X2_M9_r2,mini_chocolate_panettone,938,0.971414
FKIT,Y+X2_M9_r2,mini_chocolate_panettone,939,0.967898
FKIT,Y+X2_M9_r2,mini_chocolate_panettone,940,0.968040
FKIT,Y+X2_M9_r2,mini_chocolate_panettone,941,0.968408
FKIT,Y+X2_M9_r2,mini_chocolate_panettone,942,0.971234
FKIT,Y+X2_M9_r2,mini_chocolate_panettone,943,0.968112
FKIT,Y+X2_M9_r2,mini_chocolate_panettone,944,0.969704
FKIT,Y+X2_M9_r2,mini_chocolate_panettone,945,0.969424
FKIT,Y+X2_M9_r2,mini_chocolate_panettone,946,0.969492
FKIT,Y+X2_M9_r2,mini_chocolate_panettone,947,0.969599
FKIT,Y+X2_M9_r2,mini_chocolate_panettone,948,0.969104
FKIT,Y+X2_M9_r2,mini_chocolate_panettone,949,0.969792
FKIT,Y+X2_M9_r2,mini_chocolate_panettone,950,0.968920
FKIT,Y+X2_M9_r2,mini_chocolate_panettone,951,0.967437
FKIT,Y+X2_M9_r2,mini_chocolate_panettone,952,0.970440
FKIT,Y+X2_M9_r2,mini_chocolate_panettone,953,0.969401
FKIT,Y+X2_M9_r2,mini_chocolate_panettone,954,0.971150
FKIT,Y+X2_M9_r2,mini_chocolate_panettone,955,0.970590
FKIT,Y+X2_M9_r2,mini_chocolate_panettone,956,0.971933
FKIT,Y+X2_M9_r2,mini_chocolate_panettone,957,0.969695
FKIT,Y+X2_M9_r2,mini_chocolate_panettone,958,0.969679
FKIT,Y+X2_M9_r2,mini_chocolate_panettone,959,0.970729
FKIT,Y+X2_M9_r2,mini_chocolate_panettone,960,0.970780
FKIT,Y+X2_M9_r2,mini_chocolate_panettone,961,0.968983
FKIT,Y+X2_M9_r2,mini_chocolate_panettone,962,0.970293
FKIT,Y+X2_M9_r2,mini_chocolate_panettone,963,0.966055
FKIT,Y+X2_M9_r2,mini_chocolate_panettone,964,0.969924
FKIT,Y+X2_M9_r2,mini_chocolate_panettone,965,0.967797
FKIT,Y+X2_M9_r2,mini_chocolate_panettone,966,0.968988
FKIT,Y+X2_M9_r2,mini_chocolate_panettone,967,0.969189
FKIT,Y+X2_M9_r2,mini_chocolate_panettone,968,0.969215
FKIT,Y+X2_M9_r2,mini_chocolate_panettone,969,0.969368
FKIT,Y+X2_M9_r2,mini_chocolate_panettone,970,0.966669
FKIT,Y+X2_M9_r2,mini_chocolate_panettone,971,0.966811
FKIT,Y+X2_M9_r2,mini_chocolate_panettone,972,0.969850
FKIT,Y+X2_M9_r2,mini_chocolate_panettone,973,0.968036
FKIT,Y+X2_M9_r2,mini_chocolate_panettone,974,0.968487
FKIT,Y+X2_M9_r2,mini_chocolate_panettone,975,0.970531
FKIT,Y+X2_M9_r2,mini_chocolate_panettone,976,0.968596
FKIT,Y+X2_M9_r2,mini_chocolate_panettone,977,0.970836
FKIT,Y+X2_M9_r2,mini_chocolate_panettone,978,0.970386
FKIT,Y+X2_M9_r2,mini_chocolate_panettone,979,0.963193
FKIT,Y+X2_M9_r2,mini_chocolate_panettone,980,0.968326
FKIT,Y+X2_M9_r2,mini_chocolate_panettone,981,0.965253
FKIT,Y+X2_M9_r2,mini_chocolate_panettone,982,0.967587
FKIT,Y+X2_M9_r2,mini_chocolate_panettone,983,0.966208
FKIT,Y+X2_M9_r2,mini_chocolate_panettone,984,0.964871
FKIT,Y+X2_M9_r2,mini_chocolate_panettone,985,0.964449
FKIT,Y+X2_M9_r2,mini_chocolate_panettone,986,0.966478
FKIT,Y+X2_M9_r2,mini_chocolate_panettone,987,0.965515
FKIT,Y+X2_M9_r2,mini_chocolate_panettone,988,0.965328
FKIT,Y+X2_M9_r2,mini_chocolate_panettone,989,0.966005
FKIT,Y+X2_M9_r2,mini_chocolate_panettone,990,0.964540
FKIT,Y+X2_M9_r2,mini_chocolate_panettone,991,0.966735
FKIT,Y+X2_M9_r2,mini_chocolate_panettone,992,0.965080
FKIT,Y+X2_M9_r2,mini_chocolate_panettone,993,0.966963
FKIT,Y+X2_M9_r2,mini_chocolate_panettone,994,0.967562
FKIT,Y+X2_M9_r2,mini_chocolate_panettone,995,0.968967
FKIT,Y+X2_M9_r2,mini_chocolate_panettone,996,0.966291
FKIT,Y+X2_M9_r2,mini_chocolate_panettone,997,0.965206
FKIT,Y+X2_M9_r2,mini_chocolate_panettone,998,0.965953
FKIT,Y+X2_M9_r2,mini_chocolate_panettone,999,0.966857
FKIT,Y+X2_M9_r2,mini_chocolate_panettone,1000,0.963358
FKIT,Y+X2_M9_r2,mini_chocolate_panettone,1001,0.968100
FKIT,Y+X2_M9_r2,mini_chocolate_panettone,1002,0.964397
FKIT,Y+X2_M9_r2,mini_chocolate_panettone,1003,0.964759
FKIT,Y+X2_M9_r2,mini_chocolate_panettone,1004,0.968355
FKIT,Y+X2_M9_r2,mini_chocolate_panettone,1005,0.967613
FKIT,Y+X2_M9_r2,mini_chocolate_panettone,1006,0.965832
FKIT,Y+X2_M9_r2,mini_chocolate_panettone,1007,0.967349
FKIT,Y+X2_M9_r2,mini_chocolate_panettone,1008,0.967128
FKIT,Y+X2_M9_r2,mini_chocolate_panettone,1009,0.959666
FKIT,Y+X2_M9_r2,mini_chocolate_panettone,1010,0.964314
FKIT,Y+X2_M9_r2,mini_chocolate_panettone,1011,0.965841
FKIT,Y+X2_M9_r2,mini_chocolate_panettone,1012,0.965874
FKIT,Y+X2_M9_r2,mini_chocolate_panettone,1013,0.966348
FKIT,Y+X2_M9_r2,mini_chocolate_panettone,1014,0.966162
FKIT,Y+X2_M9_r2,mini_chocolate_panettone,1015,0.966811
FKIT,Y+X2_M9_r2,mini_chocolate_panettone,1016,0.963795
FKIT,Y+X2_M9_r2,mini_chocolate_panettone,1017,0.964470
FKIT,Y+X2_M9_r2,mini_chocolate_panettone,1018,0.964888
FKIT,Y+X2_M9_r2,mini_chocolate_panettone,1019,0.964378
FKIT,Y+X2_M9_r2,mini_chocolate_panettone,1020,0.962560
FKIT,Y+X2_M9_r2,mini_chocolate_panettone,1021,0.946248
FKIT,Y+X2_M9_r2,mini_chocolate_panettone,1022,0.960755
FKIT,Y+X2_M9_r2,mini_chocolate_panettone,1023,0.960131
FKIT,Y+X2_M9_r2,mini_chocolate_panettone,1024,0.965597
FKIT,Y+X2_M9_r2,mini_chocolate_panettone,1025,0.963732
FKIT,Y+X2_M9_r2,mini_chocolate_panettone,1026,0.964501
FKIT,Y+X2_M9_r2,mini_chocolate_panettone,1027,0.962723
FKIT,Y+X2_M9_r2,mini_chocolate_panettone,1028,0.962966
FKIT,Y+X2_M9_r2,mini_chocolate_panettone,1029,0.961035
FKIT,Y+X2_M9_r2,mini_chocolate_panettone,1030,0.961831
FKIT,Y+X2_M9_r2,mini_chocolate_panettone,1031,0.960921
FKIT,Y+X2_M9_r2,mini_chocolate_panettone,1032,0.962140
FKIT,Y+X2_M9_r2,mini_chocolate_panettone,1033,0.964974
FKIT,Y+X2_M9_r2,mini_chocolate_panettone,1034,0.965744
FKIT,Y+X2_M9_r2,mini_chocolate_panettone,1035,0.948966
FKIT,Y+X2_M9_r2,mini_chocolate_panettone,1036,0.966247
FKIT,Y+X2_M9_r2,mini_chocolate_panettone,1037,0.966785
FKIT,Y+X2_M9_r2,mini_chocolate_panettone,1038,0.965823
FKIT,Y+X2_M9_r2,mini_chocolate_panettone,1039,0.965537
FKIT,Y+X2_M9_r2,mini_chocolate_panettone,1040,0.965035
FKIT,Y+X2_M9_r2,mini_chocolate_panettone,1041,0.962947
FKIT,Y+X2_M9_r2,mini_chocolate_panettone,1042,0.961901
FKIT,Y+X2_M9_r2,mini_chocolate_panettone,1043,0.962082
FKIT,Y+X2_M9_r2,mini_chocolate_panettone,1044,0.964111
FKIT,Y+X2_M9_r2,mini_chocolate_panettone,1045,0.963965
FKIT,Y+X2_M9_r2,mini_chocolate_panettone,1046,0.963219
FKIT,Y+X2_M9_r2,mini_chocolate_panettone,1047,0.964747
FKIT,Y+X2_M9_r2,mini_chocolate_panettone,1048,0.963056
FKIT,Y+X2_M9_r2,mini_chocolate_panettone,1049,0.961516
FKIT,Y+X2_M9_r2,mini_chocolate_panettone,1050,0.963764
FKIT,Y+X2_M9_r2,mini_chocolate_panettone,1051,0.963071
FKIT,Y+X2_M9_r2,mini_chocolate_panettone,1052,0.965926
FKIT,Y+X2_M9_r2,mini_chocolate_panettone,1053,0.965226
FKIT,Y+X2_M9_r2,mini_chocolate_panettone,1054,0.967152
FKIT,Y+X2_M9_r2,mini_chocolate_panettone,1055,0.965938
FKIT,Y+X2_M9_r2,mini_chocolate_panettone,1056,0.965273
FKIT,Y+X2_M9_r2,mini_chocolate_panettone,1057,0.967311
FKIT,Y+X2_M9_r2,mini_chocolate_panettone,1058,0.965028
FKIT,Y+X2_M9_r2,mini_chocolate_panettone,1059,0.965020
FKIT,Y+X2_M9_r2,mini_chocolate_panettone,1060,0.963279
FKIT,Y+X2_M9_r2,mini_chocolate_panettone,1061,0.963362
FKIT,Y+X2_M9_r2,mini_chocolate_panettone,1062,0.960063
FKIT,Y+X2_M9_r2,mini_chocolate_panettone,1063,0.963525
FKIT,Y+X2_M9_r2,mini_chocolate_panettone,1064,0.961263
FKIT,Y+X2_M9_r2,mini_chocolate_panettone,1065,0.961213
FKIT,Y+X2_M9_r2,mini_chocolate_panettone,1066,0.963893
FKIT,Y+X2_M9_r2,mini_chocolate_panettone,1067,0.961376
FKIT,Y+X2_M9_r2,mini_chocolate_panettone,1068,0.962541
FKIT,Y+X2_M9_r2,mini_chocolate_panettone,1069,0.963684
FKIT,Y+X2_M9_r2,mini_chocolate_panettone,1070,0.963063
FKIT,Y+X2_M9_r2,mini_chocolate_panettone,1071,0.962917
FKIT,Y+X2_M9_r2,mini_chocolate_panettone,1072,0.961059
FKIT,Y+X2_M9_r2,mini_chocolate_panettone,1073,0.961303
FKIT,Y+X2_M9_r2,mini_chocolate_panettone,1074,0.963313
FKIT,Y+X2_M9_r2,mini_chocolate_panettone,1075,0.963577
FKIT,Y+X2_M9_r2,mini_chocolate_panettone,1076,0.962687
FKIT,Y+X2_M9_r2,mini_chocolate_panettone,1077,0.963688
FKIT,Y+X2_M9_r2,mini_chocolate_panettone,1078,0.964215
FKIT,Y+X2_M9_r2,mini_chocolate_panettone,1079,0.960270
FKIT,Y+X2_M9_r2,mini_chocolate_panettone,1080,0.954190
FKIT,Y+X2_M9_r2,mini_chocolate_panettone,1081,0.963318
FKIT,Y+X2_M9_r2,mini_chocolate_panettone,1082,0.949940
FKIT,Y+X2_M9_r2,mini_chocolate_panettone,1083,0.952344
FKIT,Y+X2_M9_r2,mini_chocolate_panettone,1084,0.960744
FKIT,Y+X2_M9_r2,mini_chocolate_panettone,1085,0.964856
FKIT,Y+X2_M9_r2,mini_chocolate_panettone,1086,0.961061
FKIT,Y+X2_M9_r2,mini_chocolate_panettone,1087,0.962289
FKIT,Y+X2_M9_r2,mini_chocolate_panettone,1088,0.961016
FKIT,Y+X2_M9_r2,mini_chocolate_panettone,1089,0.963545
FKIT,Y+X2_M9_r2,mini_chocolate_panettone,1090,0.962979
FKIT,Y+X2_M9_r2,mini_chocolate_panettone,1091,0.963113
FKIT,Y+X2_M9_r2,mini_chocolate_panettone,1092,0.963085
FKIT,Y+X2_M9_r2,mini_chocolate_panettone,1093,0.964188
FKIT,Y+X2_M9_r2,mini_chocolate_panettone,1094,0.965940
FKIT,Y+X2_M9_r2,mini_chocolate_panettone,1095,0.966899
FKIT,Y+X2_M9_r2,mini_chocolate_panettone,1096,0.964439
FKIT,Y+X2_M9_r2,mini_chocolate_panettone,1097,0.964131
FKIT,Y+X2_M9_r2,mini_chocolate_panettone,1098,0.962486
FKIT,Y+X2_M9_r2,mini_chocolate_panettone,1099,0.962716
FKIT,Y+X2_M9_r2,mini_chocolate_panettone,1100,0.964733
FKIT,Y+X2_M9_r2,mini_chocolate_panettone,1101,0.965369
FKIT,Y+X2_M9_r2,mini_chocolate_panettone,1102,0.965471
FKIT,Y+X2_M9_r2,mini_chocolate_panettone,1103,0.964497
FKIT,Y+X2_M9_r2,mini_chocolate_panettone,1104,0.966657
FKIT,Y+X2_M9_r2,mini_chocolate_panettone,1105,0.964213
FKIT,Y+X2_M9_r2,mini_chocolate_panettone,1106,0.962214
FKIT,Y+X2_M9_r2,mini_chocolate_panettone,1107,0.963478
FKIT,Y+X2_M9_r2,mini_chocolate_panettone,1108,0.958507
FKIT,Y+X2_M9_r2,mini_chocolate_panettone,1109,0.961695
FKIT,Y+X2_M9_r2,mini_chocolate_panettone,1110,0.964944
FKIT,Y+X2_M9_r2,mini_chocolate_panettone,1111,0.961201
FKIT,Y+X2_M9_r2,mini_chocolate_panettone,1112,0.961506
FKIT,Y+X2_M9_r2,mini_chocolate_panettone,1113,0.965185
FKIT,Y+X2_M9_r2,mini_chocolate_panettone,1114,0.962635
FKIT,Y+X2_M9_r2,mini_chocolate_panettone,1115,0.964623
FKIT,Y+X2_M9_r2,mini_chocolate_panettone,1116,0.965203
FKIT,Y+X2_M9_r2,mini_chocolate_panettone,1117,0.964708
FKIT,Y+X2_M9_r2,mini_chocolate_panettone,1118,0.966353
FKIT,Y+X2_M9_r2,mini_chocolate_panettone,1119,0.967056
FKIT,Y+X2_M9_r2,mini_chocolate_panettone,1120,0.965800
FKIT,Y+X2_M9_r2,mini_chocolate_panettone,1121,0.964871
FKIT,Y+X2_M9_r2,mini_chocolate_panettone,1122,0.965349
FKIT,Y+X2_M9_r2,mini_chocolate_panettone,1123,0.965479
FKIT,Y+X2_M9_r2,mini_chocolate_panettone,1124,0.968561
FKIT,Y+X2_M9_r2,mini_chocolate_panettone,1125,0.964145
FKIT,Y+X2_M9_r2,mini_chocolate_panettone,1126,0.967224
FKIT,Y+X2_M9_r2,mini_chocolate_panettone,1127,0.966061
FKIT,Y+X2_M9_r2,mini_chocolate_panettone,1128,0.964103
FKIT,Y+X2_M9_r2,mini_chocolate_panettone,1129,0.966678
FKIT,Y+X2_M9_r2,mini_chocolate_panettone,1130,0.964314
FKIT,Y+X2_M9_r2,mini_chocolate_panettone,1131,0.964196
FKIT,Y+X2_M9_r2,mini_chocolate_panettone,1132,0.964402
FKIT,Y+X2_M9_r2,mini_chocolate_panettone,1133,0.965850
FKIT,Y+X2_M9_r2,mini_chocolate_panettone,1134,0.966676
FKIT,Y+X2_M9_r2,mini_chocolate_panettone,1135,0.964791
FKIT,Y+X2_M9_r2,mini_chocolate_panettone,1136,0.966413
FKIT,Y+X2_M9_r2,mini_chocolate_panettone,1137,0.968547
FKIT,Y+X2_M9_r2,mini_chocolate_panettone,1138,0.965142
FKIT,Y+X2_M9_r2,mini_chocolate_panettone,1139,0.965203
FKIT,Y+X2_M9_r2,mini_chocolate_panettone,1140,0.963294
FKIT,Y+X2_M9_r2,mini_chocolate_panettone,1141,0.965397
FKIT,Y+X2_M9_r2,mini_chocolate_panettone,1142,0.965218
FKIT,Y+X2_M9_r2,mini_chocolate_panettone,1143,0.963105
FKIT,Y+X2_M9_r2,mini_chocolate_panettone,1144,0.968663
FKIT,Y+X2_M9_r2,mini_chocolate_panettone,1145,0.964998
FKIT,Y+X2_M9_r2,mini_chocolate_panettone,1146,0.968456
FKIT,Y+X2_M9_r2,mini_chocolate_panettone,1147,0.967126
FKIT,Y+X2_M9_r2,mini_chocolate_panettone,1148,0.965092
FKIT,Y+X2_M9_r2,mini_chocolate_panettone,1149,0.963250
FKIT,Y+X2_M9_r2,mini_chocolate_panettone,1150,0.964519
FKIT,Y+X2_M9_r2,mini_chocolate_panettone,1151,0.965279
FKIT,Y+X2_M9_r2,mini_chocolate_panettone,1152,0.964328
FKIT,Y+X2_M9_r2,mini_chocolate_panettone,1153,0.966238
FKIT,Y+X2_M9_r2,mini_chocolate_panettone,1154,0.969445
FKIT,Y+X2_M9_r2,mini_chocolate_panettone,1155,0.964218
FKIT,Y+X2_M9_r2,mini_chocolate_panettone,1156,0.968670
FKIT,Y+X2_M9_r2,mini_chocolate_panettone,1157,0.967901
FKIT,Y+X2_M9_r2,mini_chocolate_panettone,1158,0.967283
FKIT,Y+X2_M9_r2,mini_chocolate_panettone,1159,0.967037
FKIT,Y+X2_M9_r2,mini_chocolate_panettone,1160,0.966538
FKIT,Y+X2_M9_r2,mini_chocolate_panettone,1161,0.965095
FKIT,Y+X2_M9_r2,mini_chocolate_panettone,1162,0.966274
FKIT,Y+X2_M9_r2,mini_chocolate_panettone,1163,0.967695
FKIT,Y+X2_M9_r2,mini_chocolate_panettone,1164,0.961053
FKIT,Y+X2_M9_r2,mini_chocolate_panettone,1165,0.964095
FKIT,Y+X2_M9_r2,mini_chocolate_panettone,1166,0.964937
FKIT,Y+X2_M9_r2,mini_chocolate_panettone,1167,0.963655
FKIT,Y+X2_M9_r2,mini_chocolate_panettone,1168,0.961233
FKIT,Y+X2_M9_r2,mini_chocolate_panettone,1169,0.958876
FKIT,Y+X2_M9_r2,mini_chocolate_panettone,1170,0.960207
FKIT,Y+X2_M9_r2,mini_chocolate_panettone,1171,0.960989
FKIT,Y+X2_M9_r2,mini_chocolate_panettone,1172,0.959708
FKIT,Y+X2_M9_r2,mini_chocolate_panettone,1173,0.961420
FKIT,Y+X2_M9_r2,mini_chocolate_panettone,1174,0.964503
FKIT,Y+X2_M9_r2,mini_chocolate_panettone,1175,0.965327
FKIT,Y+X2_M9_r2,mini_chocolate_panettone,1176,0.961336
FKIT,Y+X2_M9_r2,mini_chocolate_panettone,1177,0.960426
FKIT,Y+X2_M9_r2,mini_chocolate_panettone,1178,0.959904
FKIT,Y+X2_M9_r2,mini_chocolate_panettone,1179,0.962002
FKIT,Y+X2_M9_r2,mini_chocolate_panettone,1180,0.954909
FKIT,Y+X2_M9_r2,mini_chocolate_panettone,1181,0.960514
FKIT,Y+X2_M9_r2,mini_chocolate_panettone,1182,0.956973
FKIT,Y+X2_M9_r2,mini_chocolate_panettone,1183,0.960312
FKIT,Y+X2_M9_r2,mini_chocolate_panettone,1184,0.961567
FKIT,Y+X2_M9_r2,mini_chocolate_panettone,1185,0.961375
FKIT,Y+X2_M9_r2,mini_chocolate_panettone,1186,0.961533
FKIT,Y+X2_M9_r2,mini_chocolate_panettone,1187,0.961082
FKIT,Y+X2_M9_r2,mini_chocolate_panettone,1188,0.961381
FKIT,Y+X2_M9_r2,mini_chocolate_panettone,1189,0.961714
FKIT,Y+X2_M9_r2,mini_chocolate_panettone,1190,0.959917
FKIT,Y+X2_M9_r2,mini_chocolate_panettone,1191,0.957481
FKIT,Y+X2_M9_r2,mini_chocolate_panettone,1192,0.959327
FKIT,Y+X2_M9_r2,mini_chocolate_panettone,1193,0.958693
FKIT,Y+X2_M9_r2,mini_chocolate_panettone,1194,0.961936
FKIT,Y+X2_M9_r2,mini_chocolate_panettone,1195,0.959497
FKIT,Y+X2_M9_r2,mini_chocolate_panettone,1196,0.960513
FKIT,Y+X2_M9_r2,mini_chocolate_panettone,1197,0.960736
FKIT,Y+X2_M9_r2,mini_chocolate_panettone,1198,0.956890
FKIT,Y+X2_M9_r2,mini_chocolate_panettone,1199,0.961793
FKIT,Y+X2_M9_r2,mini_chocolate_panettone,1200,0.958580
FKIT,Y+X2_M9_r2,mini_chocolate_panettone,1201,0.962499
FKIT,Y+X2_M9_r2,mini_chocolate_panettone,1202,0.959262
FKIT,Y+X2_M9_r2,mini_chocolate_panettone,1203,0.959587
FKIT,Y+X2_M9_r2,mini_chocolate_panettone,1204,0.961156
FKIT,Y+X2_M9_r2,mini_chocolate_panettone,1205,0.963020
FKIT,Y+X2_M9_r2,mini_chocolate_panettone,1206,0.963333
FKIT,Y+X2_M9_r2,mini_chocolate_panettone,1207,0.960157
FKIT,Y+X2_M9_r2,mini_chocolate_panettone,1208,0.958430
FKIT,Y+X2_M9_r2,napolitanas,0,0.946157
FKIT,Y+X2_M9_r2,napolitanas,1,0.944457
FKIT,Y+X2_M9_r2,napolitanas,2,0.945598
FKIT,Y+X2_M9_r2,napolitanas,3,0.942678
FKIT,Y+X2_M9_r2,napolitanas,4,0.945055
FKIT,Y+X2_M9_r2,napolitanas,5,0.950259
FKIT,Y+X2_M9_r2,napolitanas,6,0.950710
FKIT,Y+X2_M9_r2,napolitanas,7,0.949400
FKIT,Y+X2_M9_r2,napolitanas,8,0.953063
FKIT,Y+X2_M9_r2,napolitanas,9,0.948475
FKIT,Y+X2_M9_r2,napolitanas,10,0.954080
FKIT,Y+X2_M9_r2,napolitanas,11,0.956092
FKIT,Y+X2_M9_r2,napolitanas,12,0.955150
FKIT,Y+X2_M9_r2,napolitanas,13,0.957272
FKIT,Y+X2_M9_r2,napolitanas,14,0.966381
FKIT,Y+X2_M9_r2,napolitanas,15,0.963996
FKIT,Y+X2_M9_r2,napolitanas,16,0.966128
FKIT,Y+X2_M9_r2,napolitanas,17,0.966322
FKIT,Y+X2_M9_r2,napolitanas,18,0.961764
FKIT,Y+X2_M9_r2,napolitanas,19,0.963917
FKIT,Y+X2_M9_r2,napolitanas,20,0.964114
FKIT,Y+X2_M9_r2,napolitanas,21,0.967895
FKIT,Y+X2_M9_r2,napolitanas,22,0.967178
FKIT,Y+X2_M9_r2,napolitanas,23,0.967192
FKIT,Y+X2_M9_r2,napolitanas,24,0.966947
FKIT,Y+X2_M9_r2,napolitanas,25,0.967776
FKIT,Y+X2_M9_r2,napolitanas,26,0.967769
FKIT,Y+X2_M9_r2,napolitanas,27,0.966754
FKIT,Y+X2_M9_r2,napolitanas,28,0.962879
FKIT,Y+X2_M9_r2,napolitanas,29,0.965365
FKIT,Y+X2_M9_r2,napolitanas,30,0.970686
FKIT,Y+X2_M9_r2,napolitanas,31,0.969665
FKIT,Y+X2_M9_r2,napolitanas,32,0.969795
FKIT,Y+X2_M9_r2,napolitanas,33,0.969885
FKIT,Y+X2_M9_r2,napolitanas,34,0.969511
FKIT,Y+X2_M9_r2,napolitanas,35,0.968797
FKIT,Y+X2_M9_r2,napolitanas,36,0.969491
FKIT,Y+X2_M9_r2,napolitanas,37,0.965573
FKIT,Y+X2_M9_r2,napolitanas,38,0.960614
FKIT,Y+X2_M9_r2,napolitanas,39,0.965477
FKIT,Y+X2_M9_r2,napolitanas,40,0.960969
FKIT,Y+X2_M9_r2,napolitanas,41,0.960795
FKIT,Y+X2_M9_r2,napolitanas,42,0.969952
FKIT,Y+X2_M9_r2,napolitanas,43,0.973142
FKIT,Y+X2_M9_r2,napolitanas,44,0.971356
FKIT,Y+X2_M9_r2,napolitanas,45,0.970229
FKIT,Y+X2_M9_r2,napolitanas,46,0.972247
FKIT,Y+X2_M9_r2,napolitanas,47,0.971250
FKIT,Y+X2_M9_r2,napolitanas,48,0.960837
FKIT,Y+X2_M9_r2,napolitanas,49,0.962106
FKIT,Y+X2_M9_r2,napolitanas,50,0.965546
FKIT,Y+X2_M9_r2,napolitanas,51,0.966526
FKIT,Y+X2_M9_r2,napolitanas,52,0.965796
FKIT,Y+X2_M9_r2,napolitanas,53,0.968479
FKIT,Y+X2_M9_r2,napolitanas,54,0.966890
FKIT,Y+X2_M9_r2,napolitanas,55,0.955140
FKIT,Y+X2_M9_r2,napolitanas,56,0.966657
FKIT,Y+X2_M9_r2,napolitanas,57,0.964479
FKIT,Y+X2_M9_r2,napolitanas,58,0.966756
FKIT,Y+X2_M9_r2,napolitanas,59,0.967340
FKIT,Y+X2_M9_r2,napolitanas,60,0.964459
FKIT,Y+X2_M9_r2,napolitanas,61,0.968275
FKIT,Y+X2_M9_r2,napolitanas,62,0.961938
FKIT,Y+X2_M9_r2,napolitanas,63,0.965368
FKIT,Y+X2_M9_r2,napolitanas,64,0.966370
FKIT,Y+X2_M9_r2,napolitanas,65,0.970939
FKIT,Y+X2_M9_r2,napolitanas,66,0.966945
FKIT,Y+X2_M9_r2,napolitanas,67,0.967315
FKIT,Y+X2_M9_r2,napolitanas,68,0.951488
FKIT,Y+X2_M9_r2,napolitanas,69,0.968388
FKIT,Y+X2_M9_r2,napolitanas,70,0.970559
FKIT,Y+X2_M9_r2,napolitanas,71,0.971485
FKIT,Y+X2_M9_r2,napolitanas,72,0.972319
FKIT,Y+X2_M9_r2,napolitanas,73,0.970266
FKIT,Y+X2_M9_r2,napolitanas,74,0.969462
FKIT,Y+X2_M9_r2,napolitanas,75,0.970353
FKIT,Y+X2_M9_r2,napolitanas,76,0.967396
FKIT,Y+X2_M9_r2,napolitanas,77,0.971468
FKIT,Y+X2_M9_r2,napolitanas,78,0.965943
FKIT,Y+X2_M9_r2,napolitanas,79,0.969009
FKIT,Y+X2_M9_r2,napolitanas,80,0.968624
FKIT,Y+X2_M9_r2,napolitanas,81,0.968188
FKIT,Y+X2_M9_r2,napolitanas,82,0.968573
FKIT,Y+X2_M9_r2,napolitanas,83,0.969729
FKIT,Y+X2_M9_r2,napolitanas,84,0.970001
FKIT,Y+X2_M9_r2,napolitanas,85,0.967856
FKIT,Y+X2_M9_r2,napolitanas,86,0.969640
FKIT,Y+X2_M9_r2,napolitanas,87,0.969536
FKIT,Y+X2_M9_r2,napolitanas,88,0.966409
FKIT,Y+X2_M9_r2,napolitanas,89,0.968806
FKIT,Y+X2_M9_r2,napolitanas,90,0.968469
FKIT,Y+X2_M9_r2,napolitanas,91,0.972538
FKIT,Y+X2_M9_r2,napolitanas,92,0.970594
FKIT,Y+X2_M9_r2,napolitanas,93,0.970233
FKIT,Y+X2_M9_r2,napolitanas,94,0.970711
FKIT,Y+X2_M9_r2,napolitanas,95,0.968972
FKIT,Y+X2_M9_r2,napolitanas,96,0.966044
FKIT,Y+X2_M9_r2,napolitanas,97,0.968046
FKIT,Y+X2_M9_r2,napolitanas,98,0.967253
FKIT,Y+X2_M9_r2,napolitanas,99,0.967065
FKIT,Y+X2_M9_r2,napolitanas,100,0.967632
FKIT,Y+X2_M9_r2,napolitanas,101,0.970825
FKIT,Y+X2_M9_r2,napolitanas,102,0.969762
FKIT,Y+X2_M9_r2,napolitanas,103,0.969227
FKIT,Y+X2_M9_r2,napolitanas,104,0.966105
FKIT,Y+X2_M9_r2,napolitanas,105,0.968187
FKIT,Y+X2_M9_r2,napolitanas,106,0.969110
FKIT,Y+X2_M9_r2,napolitanas,107,0.963297
FKIT,Y+X2_M9_r2,napolitanas,108,0.964365
FKIT,Y+X2_M9_r2,napolitanas,109,0.965311
FKIT,Y+X2_M9_r2,napolitanas,110,0.969047
FKIT,Y+X2_M9_r2,napolitanas,111,0.968952
FKIT,Y+X2_M9_r2,napolitanas,112,0.970551
FKIT,Y+X2_M9_r2,napolitanas,113,0.965220
FKIT,Y+X2_M9_r2,napolitanas,114,0.968075
FKIT,Y+X2_M9_r2,napolitanas,115,0.966257
FKIT,Y+X2_M9_r2,napolitanas,116,0.965580
FKIT,Y+X2_M9_r2,napolitanas,117,0.966260
FKIT,Y+X2_M9_r2,napolitanas,118,0.962589
FKIT,Y+X2_M9_r2,napolitanas,119,0.966007
FKIT,Y+X2_M9_r2,napolitanas,120,0.966041
FKIT,Y+X2_M9_r2,napolitanas,121,0.966589
FKIT,Y+X2_M9_r2,napolitanas,122,0.967666
FKIT,Y+X2_M9_r2,napolitanas,123,0.968900
FKIT,Y+X2_M9_r2,napolitanas,124,0.969663
FKIT,Y+X2_M9_r2,napolitanas,125,0.970371
FKIT,Y+X2_M9_r2,napolitanas,126,0.970556
FKIT,Y+X2_M9_r2,napolitanas,127,0.970859
FKIT,Y+X2_M9_r2,napolitanas,128,0.971831
FKIT,Y+X2_M9_r2,napolitanas,129,0.972897
FKIT,Y+X2_M9_r2,napolitanas,130,0.971707
FKIT,Y+X2_M9_r2,napolitanas,131,0.972146
FKIT,Y+X2_M9_r2,napolitanas,132,0.973267
FKIT,Y+X2_M9_r2,napolitanas,133,0.970915
FKIT,Y+X2_M9_r2,napolitanas,134,0.973210
FKIT,Y+X2_M9_r2,napolitanas,135,0.972396
FKIT,Y+X2_M9_r2,napolitanas,136,0.975000
FKIT,Y+X2_M9_r2,napolitanas,137,0.974571
FKIT,Y+X2_M9_r2,napolitanas,138,0.973826
FKIT,Y+X2_M9_r2,napolitanas,139,0.976515
FKIT,Y+X2_M9_r2,napolitanas,140,0.976684
FKIT,Y+X2_M9_r2,napolitanas,141,0.976956
FKIT,Y+X2_M9_r2,napolitanas,142,0.967023
FKIT,Y+X2_M9_r2,napolitanas,143,0.696161
FKIT,Y+X2_M9_r2,napolitanas,144,0.298452
FKIT,Y+X2_M9_r2,napolitanas,145,0.116706
FKIT,Y+X2_M9_r2,napolitanas,146,0.089420
FKIT,Y+X2_M9_r2,napolitanas,147,0.083450
FKIT,Y+X2_M9_r2,napolitanas,148,0.081205
FKIT,Y+X2_M9_r2,napolitanas,149,0.078448
FKIT,Y+X2_M9_r2,napolitanas,150,0.077860
FKIT,Y+X2_M9_r2,napolitanas,151,0.077671
FKIT,Y+X2_M9_r2,napolitanas,152,0.078686
FKIT,Y+X2_M9_r2,napolitanas,153,0.000000
FKIT,Y+X2_M9_r2,napolitanas,154,0.087070
FKIT,Y+X2_M9_r2,napolitanas,155,0.094263
FKIT,Y+X2_M9_r2,napolitanas,156,0.098536
FKIT,Y+X2_M9_r2,napolitanas,157,0.100563
FKIT,Y+X2_M9_r2,napolitanas,158,0.101059
FKIT,Y+X2_M9_r2,napolitanas,159,0.102395
FKIT,Y+X2_M9_r2,napolitanas,160,0.104212
FKIT,Y+X2_M9_r2,napolitanas,161,0.104024
FKIT,Y+X2_M9_r2,napolitanas,162,0.104572
FKIT,Y+X2_M9_r2,napolitanas,163,0.101747
FKIT,Y+X2_M9_r2,napolitanas,164,0.104166
FKIT,Y+X2_M9_r2,napolitanas,165,0.111368
FKIT,Y+X2_M9_r2,napolitanas,166,0.114029
FKIT,Y+X2_M9_r2,napolitanas,167,0.118521
FKIT,Y+X2_M9_r2,napolitanas,168,0.127141
FKIT,Y+X2_M9_r2,napolitanas,169,0.133847
FKIT,Y+X2_M9_r2,napolitanas,170,0.177145
FKIT,Y+X2_M9_r2,napolitanas,171,0.210850
FKIT,Y+X2_M9_r2,napolitanas,172,0.232341
FKIT,Y+X2_M9_r2,napolitanas,173,0.345883
FKIT,Y+X2_M9_r2,napolitanas,174,0.359722
FKIT,Y+X2_M9_r2,napolitanas,175,0.402956
FKIT,Y+X2_M9_r2,napolitanas,176,0.505043
FKIT,Y+X2_M9_r2,napolitanas,177,0.692929
FKIT,Y+X2_M9_r2,napolitanas,178,0.798564
FKIT,Y+X2_M9_r2,napolitanas,179,0.681831
FKIT,Y+X2_M9_r2,napolitanas,180,0.827845
FKIT,Y+X2_M9_r2,napolitanas,181,0.964235
FKIT,Y+X2_M9_r2,napolitanas,182,0.968182
FKIT,Y+X2_M9_r2,napolitanas,183,0.969557
FKIT,Y+X2_M9_r2,napolitanas,184,0.970895
FKIT,Y+X2_M9_r2,napolitanas,185,0.968448
FKIT,Y+X2_M9_r2,napolitanas,186,0.968750
FKIT,Y+X2_M9_r2,napolitanas,187,0.966918
FKIT,Y+X2_M9_r2,napolitanas,188,0.965275
FKIT,Y+X2_M9_r2,napolitanas,189,0.965233
FKIT,Y+X2_M9_r2,napolitanas,190,0.964126
FKIT,Y+X2_M9_r2,napolitanas,191,0.961206
FKIT,Y+X2_M9_r2,napolitanas,192,0.956789
FKIT,Y+X2_M9_r2,napolitanas,193,0.959385
FKIT,Y+X2_M9_r2,napolitanas,194,0.956668
FKIT,Y+X2_M9_r2,napolitanas,195,0.957814
FKIT,Y+X2_M9_r2,napolitanas,196,0.954669
FKIT,Y+X2_M9_r2,napolitanas,197,0.953683
FKIT,Y+X2_M9_r2,napolitanas,198,0.956056
FKIT,Y+X2_M9_r2,napolitanas,199,0.951250
FKIT,Y+X2_M9_r2,napolitanas,200,0.965114
FKIT,Y+X2_M9_r2,napolitanas,201,0.964134
FKIT,Y+X2_M9_r2,napolitanas,202,0.962120
FKIT,Y+X2_M9_r2,napolitanas,203,0.959455
FKIT,Y+X2_M9_r2,napolitanas,204,0.959951
FKIT,Y+X2_M9_r2,napolitanas,205,0.955736
FKIT,Y+X2_M9_r2,napolitanas,206,0.965669
FKIT,Y+X2_M9_r2,napolitanas,207,0.965976
FKIT,Y+X2_M9_r2,napolitanas,208,0.967530
FKIT,Y+X2_M9_r2,napolitanas,209,0.966519
FKIT,Y+X2_M9_r2,napolitanas,210,0.962575
FKIT,Y+X2_M9_r2,napolitanas,211,0.965258
FKIT,Y+X2_M9_r2,napolitanas,212,0.961116
FKIT,Y+X2_M9_r2,napolitanas,213,0.942802
FKIT,Y+X2_M9_r2,napolitanas,214,0.959867
FKIT,Y+X2_M9_r2,napolitanas,215,0.959294
FKIT,Y+X2_M9_r2,napolitanas,216,0.960163
FKIT,Y+X2_M9_r2,napolitanas,217,0.961613
FKIT,Y+X2_M9_r2,napolitanas,218,0.961341
FKIT,Y+X2_M9_r2,napolitanas,219,0.963868
FKIT,Y+X2_M9_r2,napolitanas,220,0.962453
FKIT,Y+X2_M9_r2,napolitanas,221,0.964006
FKIT,Y+X2_M9_r2,napolitanas,222,0.962348
FKIT,Y+X2_M9_r2,napolitanas,223,0.961902
FKIT,Y+X2_M9_r2,napolitanas,224,0.961672
FKIT,Y+X2_M9_r2,napolitanas,225,0.961777
FKIT,Y+X2_M9_r2,napolitanas,226,0.963356
FKIT,Y+X2_M9_r2,napolitanas,227,0.961137
FKIT,Y+X2_M9_r2,napolitanas,228,0.961944
FKIT,Y+X2_M9_r2,napolitanas,229,0.961858
FKIT,Y+X2_M9_r2,napolitanas,230,0.964035
FKIT,Y+X2_M9_r2,napolitanas,231,0.963571
FKIT,Y+X2_M9_r2,napolitanas,232,0.961336
FKIT,Y+X2_M9_r2,napolitanas,233,0.963368
FKIT,Y+X2_M9_r2,napolitanas,234,0.966968
FKIT,Y+X2_M9_r2,napolitanas,235,0.965885
FKIT,Y+X2_M9_r2,napolitanas,236,0.965271
FKIT,Y+X2_M9_r2,napolitanas,237,0.965164
FKIT,Y+X2_M9_r2,napolitanas,238,0.963855
FKIT,Y+X2_M9_r2,napolitanas,239,0.965681
FKIT,Y+X2_M9_r2,napolitanas,240,0.966921
FKIT,Y+X2_M9_r2,napolitanas,241,0.967067
FKIT,Y+X2_M9_r2,napolitanas,242,0.966240
FKIT,Y+X2_M9_r2,napolitanas,243,0.964283
FKIT,Y+X2_M9_r2,napolitanas,244,0.967998
FKIT,Y+X2_M9_r2,napolitanas,245,0.968865
FKIT,Y+X2_M9_r2,napolitanas,246,0.967201
FKIT,Y+X2_M9_r2,napolitanas,247,0.967376
FKIT,Y+X2_M9_r2,napolitanas,248,0.966809
FKIT,Y+X2_M9_r2,napolitanas,249,0.967362
FKIT,Y+X2_M9_r2,napolitanas,250,0.968938
FKIT,Y+X2_M9_r2,napolitanas,251,0.963494
FKIT,Y+X2_M9_r2,napolitanas,252,0.961437
FKIT,Y+X2_M9_r2,napolitanas,253,0.958817
FKIT,Y+X2_M9_r2,napolitanas,254,0.966508
FKIT,Y+X2_M9_r2,napolitanas,255,0.964487
FKIT,Y+X2_M9_r2,napolitanas,256,0.965808
FKIT,Y+X2_M9_r2,napolitanas,257,0.963690
FKIT,Y+X2_M9_r2,napolitanas,258,0.965123
FKIT,Y+X2_M9_r2,napolitanas,259,0.962797
FKIT,Y+X2_M9_r2,napolitanas,260,0.963722
FKIT,Y+X2_M9_r2,napolitanas,261,0.965954
FKIT,Y+X2_M9_r2,napolitanas,262,0.960687
FKIT,Y+X2_M9_r2,napolitanas,263,0.962216
FKIT,Y+X2_M9_r2,napolitanas,264,0.966705
FKIT,Y+X2_M9_r2,napolitanas,265,0.964133
FKIT,Y+X2_M9_r2,napolitanas,266,0.964973
FKIT,Y+X2_M9_r2,napolitanas,267,0.965475
FKIT,Y+X2_M9_r2,napolitanas,268,0.962912
FKIT,Y+X2_M9_r2,napolitanas,269,0.964785
FKIT,Y+X2_M9_r2,napolitanas,270,0.962750
FKIT,Y+X2_M9_r2,napolitanas,271,0.963907
FKIT,Y+X2_M9_r2,napolitanas,272,0.968218
FKIT,Y+X2_M9_r2,napolitanas,273,0.964628
FKIT,Y+X2_M9_r2,napolitanas,274,0.965849
FKIT,Y+X2_M9_r2,napolitanas,275,0.964257
FKIT,Y+X2_M9_r2,napolitanas,276,0.967136
FKIT,Y+X2_M9_r2,napolitanas,277,0.962192
FKIT,Y+X2_M9_r2,napolitanas,278,0.970110
FKIT,Y+X2_M9_r2,napolitanas,279,0.968393
FKIT,Y+X2_M9_r2,napolitanas,280,0.966943
FKIT,Y+X2_M9_r2,napolitanas,281,0.966436
FKIT,Y+X2_M9_r2,napolitanas,282,0.969341
FKIT,Y+X2_M9_r2,napolitanas,283,0.969628
FKIT,Y+X2_M9_r2,napolitanas,284,0.969061
FKIT,Y+X2_M9_r2,napolitanas,285,0.967233
FKIT,Y+X2_M9_r2,napolitanas,286,0.968472
FKIT,Y+X2_M9_r2,napolitanas,287,0.968952
FKIT,Y+X2_M9_r2,napolitanas,288,0.967999
FKIT,Y+X2_M9_r2,napolitanas,289,0.970754
FKIT,Y+X2_M9_r2,napolitanas,290,0.973225
FKIT,Y+X2_M9_r2,napolitanas,291,0.975554
FKIT,Y+X2_M9_r2,napolitanas,292,0.969251
FKIT,Y+X2_M9_r2,napolitanas,293,0.970075
FKIT,Y+X2_M9_r2,napolitanas,294,0.971493
FKIT,Y+X2_M9_r2,napolitanas,295,0.972568
FKIT,Y+X2_M9_r2,napolitanas,296,0.967779
FKIT,Y+X2_M9_r2,napolitanas,297,0.968706
FKIT,Y+X2_M9_r2,napolitanas,298,0.971716
FKIT,Y+X2_M9_r2,napolitanas,299,0.969697
FKIT,Y+X2_M9_r2,napolitanas,300,0.967500
FKIT,Y+X2_M9_r2,napolitanas,301,0.970764
FKIT,Y+X2_M9_r2,napolitanas,302,0.971471
FKIT,Y+X2_M9_r2,napolitanas,303,0.973108
FKIT,Y+X2_M9_r2,napolitanas,304,0.976023
FKIT,Y+X2_M9_r2,napolitanas,305,0.972954
FKIT,Y+X2_M9_r2,napolitanas,306,0.973981
FKIT,Y+X2_M9_r2,napolitanas,307,0.975142
FKIT,Y+X2_M9_r2,napolitanas,308,0.973846
FKIT,Y+X2_M9_r2,napolitanas,309,0.974104
FKIT,Y+X2_M9_r2,napolitanas,310,0.973449
FKIT,Y+X2_M9_r2,napolitanas,311,0.971922
FKIT,Y+X2_M9_r2,napolitanas,312,0.972291
FKIT,Y+X2_M9_r2,napolitanas,313,0.970854
FKIT,Y+X2_M9_r2,napolitanas,314,0.976234
FKIT,Y+X2_M9_r2,napolitanas,315,0.974806
FKIT,Y+X2_M9_r2,napolitanas,316,0.975937
FKIT,Y+X2_M9_r2,napolitanas,317,0.974464
FKIT,Y+X2_M9_r2,napolitanas,318,0.972393
FKIT,Y+X2_M9_r2,napolitanas,319,0.972327
FKIT,Y+X2_M9_r2,napolitanas,320,0.973946
FKIT,Y+X2_M9_r2,napolitanas,321,0.972408
FKIT,Y+X2_M9_r2,napolitanas,322,0.972671
FKIT,Y+X2_M9_r2,napolitanas,323,0.972000
FKIT,Y+X2_M9_r2,napolitanas,324,0.975113
FKIT,Y+X2_M9_r2,napolitanas,325,0.971845
FKIT,Y+X2_M9_r2,napolitanas,326,0.972086
FKIT,Y+X2_M9_r2,napolitanas,327,0.968094
FKIT,Y+X2_M9_r2,napolitanas,328,0.969669
FKIT,Y+X2_M9_r2,napolitanas,329,0.969415
FKIT,Y+X2_M9_r2,napolitanas,330,0.972932
FKIT,Y+X2_M9_r2,napolitanas,331,0.970732
FKIT,Y+X2_M9_r2,napolitanas,332,0.968438
FKIT,Y+X2_M9_r2,napolitanas,333,0.971673
FKIT,Y+X2_M9_r2,napolitanas,334,0.973970
FKIT,Y+X2_M9_r2,napolitanas,335,0.968117
FKIT,Y+X2_M9_r2,napolitanas,336,0.970639
FKIT,Y+X2_M9_r2,napolitanas,337,0.971861
FKIT,Y+X2_M9_r2,napolitanas,338,0.973326
FKIT,Y+X2_M9_r2,napolitanas,339,0.969669
FKIT,Y+X2_M9_r2,napolitanas,340,0.968534
FKIT,Y+X2_M9_r2,napolitanas,341,0.969460
FKIT,Y+X2_M9_r2,napolitanas,342,0.967924
FKIT,Y+X2_M9_r2,napolitanas,343,0.971232
FKIT,Y+X2_M9_r2,napolitanas,344,0.968762
FKIT,Y+X2_M9_r2,napolitanas,345,0.972948
FKIT,Y+X2_M9_r2,napolitanas,346,0.966930
FKIT,Y+X2_M9_r2,napolitanas,347,0.969788
FKIT,Y+X2_M9_r2,napolitanas,348,0.970212
FKIT,Y+X2_M9_r2,napolitanas,349,0.969818
FKIT,Y+X2_M9_r2,napolitanas,350,0.970582
FKIT,Y+X2_M9_r2,napolitanas,351,0.971763
FKIT,Y+X2_M9_r2,napolitanas,352,0.967343
FKIT,Y+X2_M9_r2,napolitanas,353,0.971024
FKIT,Y+X2_M9_r2,napolitanas,354,0.972977
FKIT,Y+X2_M9_r2,napolitanas,355,0.974274
FKIT,Y+X2_M9_r2,napolitanas,356,0.972726
FKIT,Y+X2_M9_r2,napolitanas,357,0.971028
FKIT,Y+X2_M9_r2,napolitanas,358,0.969872
FKIT,Y+X2_M9_r2,napolitanas,359,0.965876
FKIT,Y+X2_M9_r2,napolitanas,360,0.965394
FKIT,Y+X2_M9_r2,napolitanas,361,0.968931
FKIT,Y+X2_M9_r2,napolitanas,362,0.967090
FKIT,Y+X2_M9_r2,napolitanas,363,0.965584
FKIT,Y+X2_M9_r2,napolitanas,364,0.969097
FKIT,Y+X2_M9_r2,napolitanas,365,0.968076
FKIT,Y+X2_M9_r2,napolitanas,366,0.966333
FKIT,Y+X2_M9_r2,napolitanas,367,0.966401
FKIT,Y+X2_M9_r2,napolitanas,368,0.967833
FKIT,Y+X2_M9_r2,napolitanas,369,0.969765
FKIT,Y+X2_M9_r2,napolitanas,370,0.968683
FKIT,Y+X2_M9_r2,napolitanas,371,0.966356
FKIT,Y+X2_M9_r2,napolitanas,372,0.965373
FKIT,Y+X2_M9_r2,napolitanas,373,0.969120
FKIT,Y+X2_M9_r2,napolitanas,374,0.972052
FKIT,Y+X2_M9_r2,napolitanas,375,0.971895
FKIT,Y+X2_M9_r2,napolitanas,376,0.975211
FKIT,Y+X2_M9_r2,napolitanas,377,0.973255
FKIT,Y+X2_M9_r2,napolitanas,378,0.972738
FKIT,Y+X2_M9_r2,napolitanas,379,0.971600
FKIT,Y+X2_M9_r2,napolitanas,380,0.969153
FKIT,Y+X2_M9_r2,napolitanas,381,0.970203
FKIT,Y+X2_M9_r2,napolitanas,382,0.967674
FKIT,Y+X2_M9_r2,napolitanas,383,0.969605
FKIT,Y+X2_M9_r2,napolitanas,384,0.971097
FKIT,Y+X2_M9_r2,napolitanas,385,0.972149
FKIT,Y+X2_M9_r2,napolitanas,386,0.971892
FKIT,Y+X2_M9_r2,napolitanas,387,0.971046
FKIT,Y+X2_M9_r2,napolitanas,388,0.969952
FKIT,Y+X2_M9_r2,napolitanas,389,0.968721
FKIT,Y+X2_M9_r2,napolitanas,390,0.970051
FKIT,Y+X2_M9_r2,napolitanas,391,0.968201
FKIT,Y+X2_M9_r2,napolitanas,392,0.971096
FKIT,Y+X2_M9_r2,napolitanas,393,0.970285
FKIT,Y+X2_M9_r2,napolitanas,394,0.972089
FKIT,Y+X2_M9_r2,napolitanas,395,0.973644
FKIT,Y+X2_M9_r2,napolitanas,396,0.972523
FKIT,Y+X2_M9_r2,napolitanas,397,0.972811
FKIT,Y+X2_M9_r2,napolitanas,398,0.971060
FKIT,Y+X2_M9_r2,napolitanas,399,0.971545
FKIT,Y+X2_M9_r2,napolitanas,400,0.971674
FKIT,Y+X2_M9_r2,napolitanas,401,0.967624
FKIT,Y+X2_M9_r2,napolitanas,402,0.965937
FKIT,Y+X2_M9_r2,napolitanas,403,0.962971
FKIT,Y+X2_M9_r2,napolitanas,404,0.968268
FKIT,Y+X2_M9_r2,napolitanas,405,0.966851
FKIT,Y+X2_M9_r2,napolitanas,406,0.965528
FKIT,Y+X2_M9_r2,napolitanas,407,0.966077
FKIT,Y+X2_M9_r2,napolitanas,408,0.964022
FKIT,Y+X2_M9_r2,napolitanas,409,0.965984
FKIT,Y+X2_M9_r2,napolitanas,410,0.963480
FKIT,Y+X2_M9_r2,napolitanas,411,0.961831
FKIT,Y+X2_M9_r2,napolitanas,412,0.963204
FKIT,Y+X2_M9_r2,napolitanas,413,0.961390
FKIT,Y+X2_M9_r2,napolitanas,414,0.963684
FKIT,Y+X2_M9_r2,napolitanas,415,0.962357
FKIT,Y+X2_M9_r2,napolitanas,416,0.963748
FKIT,Y+X2_M9_r2,napolitanas,417,0.963079
FKIT,Y+X2_M9_r2,napolitanas,418,0.960672
FKIT,Y+X2_M9_r2,napolitanas,419,0.960574
FKIT,Y+X2_M9_r2,napolitanas,420,0.965362
FKIT,Y+X2_M9_r2,napolitanas,421,0.963413
FKIT,Y+X2_M9_r2,napolitanas,422,0.960922
FKIT,Y+X2_M9_r2,napolitanas,423,0.959138
FKIT,Y+X2_M9_r2,napolitanas,424,0.961966
FKIT,Y+X2_M9_r2,napolitanas,425,0.962490
FKIT,Y+X2_M9_r2,napolitanas,426,0.963530
FKIT,Y+X2_M9_r2,napolitanas,427,0.963151
FKIT,Y+X2_M9_r2,napolitanas,428,0.963286
FKIT,Y+X2_M9_r2,napolitanas,429,0.963013
FKIT,Y+X2_M9_r2,napolitanas,430,0.963400
FKIT,Y+X2_M9_r2,napolitanas,431,0.960860
FKIT,Y+X2_M9_r2,napolitanas,432,0.963762
FKIT,Y+X2_M9_r2,napolitanas,433,0.962272
FKIT,Y+X2_M9_r2,napolitanas,434,0.963446
FKIT,Y+X2_M9_r2,napolitanas,435,0.967124
FKIT,Y+X2_M9_r2,napolitanas,436,0.963773
FKIT,Y+X2_M9_r2,napolitanas,437,0.961406
FKIT,Y+X2_M9_r2,napolitanas,438,0.963212
FKIT,Y+X2_M9_r2,napolitanas,439,0.960797
FKIT,Y+X2_M9_r2,napolitanas,440,0.959165
FKIT,Y+X2_M9_r2,napolitanas,441,0.959654
FKIT,Y+X2_M9_r2,napolitanas,442,0.961247
FKIT,Y+X2_M9_r2,napolitanas,443,0.961962
FKIT,Y+X2_M9_r2,napolitanas,444,0.963219
FKIT,Y+X2_M9_r2,napolitanas,445,0.961962
FKIT,Y+X2_M9_r2,napolitanas,446,0.961665
FKIT,Y+X2_M9_r2,napolitanas,447,0.961862
FKIT,Y+X2_M9_r2,napolitanas,448,0.961502
FKIT,Y+X2_M9_r2,napolitanas,449,0.961299
FKIT,Y+X2_M9_r2,napolitanas,450,0.964591
FKIT,Y+X2_M9_r2,napolitanas,451,0.959299
FKIT,Y+X2_M9_r2,napolitanas,452,0.958293
FKIT,Y+X2_M9_r2,napolitanas,453,0.962464
FKIT,Y+X2_M9_r2,napolitanas,454,0.961429
FKIT,Y+X2_M9_r2,napolitanas,455,0.960007
FKIT,Y+X2_M9_r2,napolitanas,456,0.958424
FKIT,Y+X2_M9_r2,napolitanas,457,0.957775
FKIT,Y+X2_M9_r2,napolitanas,458,0.956565
FKIT,Y+X2_M9_r2,napolitanas,459,0.958544
FKIT,Y+X2_M9_r2,napolitanas,460,0.959876
FKIT,Y+X2_M9_r2,napolitanas,461,0.958366
FKIT,Y+X2_M9_r2,napolitanas,462,0.958556
FKIT,Y+X2_M9_r2,napolitanas,463,0.959980
FKIT,Y+X2_M9_r2,napolitanas,464,0.965071
FKIT,Y+X2_M9_r2,napolitanas,465,0.966306
FKIT,Y+X2_M9_r2,napolitanas,466,0.964214
FKIT,Y+X2_M9_r2,napolitanas,467,0.959217
FKIT,Y+X2_M9_r2,napolitanas,468,0.963686
FKIT,Y+X2_M9_r2,napolitanas,469,0.962632
FKIT,Y+X2_M9_r2,napolitanas,470,0.960018
FKIT,Y+X2_M9_r2,napolitanas,471,0.963731
FKIT,Y+X2_M9_r2,napolitanas,472,0.968061
FKIT,Y+X2_M9_r2,napolitanas,473,0.964421
FKIT,Y+X2_M9_r2,napolitanas,474,0.962771
FKIT,Y+X2_M9_r2,napolitanas,475,0.960362
FKIT,Y+X2_M9_r2,napolitanas,476,0.962373
FKIT,Y+X2_M9_r2,napolitanas,477,0.963357
FKIT,Y+X2_M9_r2,napolitanas,478,0.961849
FKIT,Y+X2_M9_r2,napolitanas,479,0.959063
FKIT,Y+X2_M9_r2,napolitanas,480,0.960980
FKIT,Y+X2_M9_r2,napolitanas,481,0.958540
FKIT,Y+X2_M9_r2,napolitanas,482,0.962826
FKIT,Y+X2_M9_r2,napolitanas,483,0.959385
FKIT,Y+X2_M9_r2,napolitanas,484,0.964205
FKIT,Y+X2_M9_r2,napolitanas,485,0.963793
FKIT,Y+X2_M9_r2,napolitanas,486,0.961861
FKIT,Y+X2_M9_r2,napolitanas,487,0.962168
FKIT,Y+X2_M9_r2,napolitanas,488,0.963696
FKIT,Y+X2_M9_r2,napolitanas,489,0.961150
FKIT,Y+X2_M9_r2,napolitanas,490,0.959387
FKIT,Y+X2_M9_r2,napolitanas,491,0.962173
FKIT,Y+X2_M9_r2,napolitanas,492,0.960201
FKIT,Y+X2_M9_r2,napolitanas,493,0.962182
FKIT,Y+X2_M9_r2,napolitanas,494,0.963482
FKIT,Y+X2_M9_r2,napolitanas,495,0.964378
FKIT,Y+X2_M9_r2,napolitanas,496,0.962298
FKIT,Y+X2_M9_r2,napolitanas,497,0.964889
FKIT,Y+X2_M9_r2,napolitanas,498,0.963700
FKIT,Y+X2_M9_r2,napolitanas,499,0.963539
FKIT,Y+X2_M9_r2,napolitanas,500,0.964417
FKIT,Y+X2_M9_r2,napolitanas,501,0.964478
FKIT,Y+X2_M9_r2,napolitanas,502,0.962191
FKIT,Y+X2_M9_r2,napolitanas,503,0.960750
FKIT,Y+X2_M9_r2,napolitanas,504,0.968107
FKIT,Y+X2_M9_r2,napolitanas,505,0.965436
FKIT,Y+X2_M9_r2,napolitanas,506,0.965919
FKIT,Y+X2_M9_r2,napolitanas,507,0.964367
FKIT,Y+X2_M9_r2,napolitanas,508,0.967011
FKIT,Y+X2_M9_r2,napolitanas,509,0.966008
FKIT,Y+X2_M9_r2,napolitanas,510,0.963766
FKIT,Y+X2_M9_r2,napolitanas,511,0.966685
FKIT,Y+X2_M9_r2,napolitanas,512,0.962174
FKIT,Y+X2_M9_r2,napolitanas,513,0.961079
FKIT,Y+X2_M9_r2,napolitanas,514,0.966158
FKIT,Y+X2_M9_r2,napolitanas,515,0.964099
FKIT,Y+X2_M9_r2,napolitanas,516,0.964426
FKIT,Y+X2_M9_r2,napolitanas,517,0.967627
FKIT,Y+X2_M9_r2,napolitanas,518,0.967911
FKIT,Y+X2_M9_r2,napolitanas,519,0.965215
FKIT,Y+X2_M9_r2,napolitanas,520,0.962827
FKIT,Y+X2_M9_r2,napolitanas,521,0.964990
FKIT,Y+X2_M9_r2,napolitanas,522,0.966518
FKIT,Y+X2_M9_r2,napolitanas,523,0.966055
FKIT,Y+X2_M9_r2,napolitanas,524,0.968746
FKIT,Y+X2_M9_r2,napolitanas,525,0.967753
FKIT,Y+X2_M9_r2,napolitanas,526,0.968624
FKIT,Y+X2_M9_r2,napolitanas,527,0.967916
FKIT,Y+X2_M9_r2,napolitanas,528,0.965980
FKIT,Y+X2_M9_r2,napolitanas,529,0.963868
FKIT,Y+X2_M9_r2,napolitanas,530,0.965900
FKIT,Y+X2_M9_r2,napolitanas,531,0.964475
FKIT,Y+X2_M9_r2,napolitanas,532,0.962543
FKIT,Y+X2_M9_r2,napolitanas,533,0.963034
FKIT,Y+X2_M9_r2,napolitanas,534,0.965957
FKIT,Y+X2_M9_r2,napolitanas,535,0.962069
FKIT,Y+X2_M9_r2,napolitanas,536,0.966457
FKIT,Y+X2_M9_r2,napolitanas,537,0.966631
FKIT,Y+X2_M9_r2,napolitanas,538,0.964548
FKIT,Y+X2_M9_r2,napolitanas,539,0.961604
FKIT,Y+X2_M9_r2,napolitanas,540,0.963131
FKIT,Y+X2_M9_r2,napolitanas,541,0.959692
FKIT,Y+X2_M9_r2,napolitanas,542,0.960562
FKIT,Y+X2_M9_r2,napolitanas,543,0.958373
FKIT,Y+X2_M9_r2,napolitanas,544,0.964581
FKIT,Y+X2_M9_r2,napolitanas,545,0.962522
FKIT,Y+X2_M9_r2,napolitanas,546,0.961072
FKIT,Y+X2_M9_r2,napolitanas,547,0.961392
FKIT,Y+X2_M9_r2,napolitanas,548,0.962807
FKIT,Y+X2_M9_r2,napolitanas,549,0.959315
FKIT,Y+X2_M9_r2,napolitanas,550,0.963074
FKIT,Y+X2_M9_r2,napolitanas,551,0.961996
FKIT,Y+X2_M9_r2,napolitanas,552,0.961388
FKIT,Y+X2_M9_r2,napolitanas,553,0.961176
FKIT,Y+X2_M9_r2,napolitanas,554,0.966568
FKIT,Y+X2_M9_r2,napolitanas,555,0.968694
FKIT,Y+X2_M9_r2,napolitanas,556,0.967604
FKIT,Y+X2_M9_r2,napolitanas,557,0.968035
FKIT,Y+X2_M9_r2,napolitanas,558,0.968193
FKIT,Y+X2_M9_r2,napolitanas,559,0.967551
FKIT,Y+X2_M9_r2,napolitanas,560,0.966148
FKIT,Y+X2_M9_r2,napolitanas,561,0.966728
FKIT,Y+X2_M9_r2,napolitanas,562,0.968129
FKIT,Y+X2_M9_r2,napolitanas,563,0.966483
FKIT,Y+X2_M9_r2,napolitanas,564,0.972099
FKIT,Y+X2_M9_r2,napolitanas,565,0.972033
FKIT,Y+X2_M9_r2,napolitanas,566,0.970257
FKIT,Y+X2_M9_r2,napolitanas,567,0.971601
FKIT,Y+X2_M9_r2,napolitanas,568,0.972706
FKIT,Y+X2_M9_r2,napolitanas,569,0.971391
FKIT,Y+X2_M9_r2,napolitanas,570,0.970749
FKIT,Y+X2_M9_r2,napolitanas,571,0.971555
FKIT,Y+X2_M9_r2,napolitanas,572,0.970791
FKIT,Y+X2_M9_r2,napolitanas,573,0.969842
FKIT,Y+X2_M9_r2,napolitanas,574,0.971663
FKIT,Y+X2_M9_r2,napolitanas,575,0.974971
FKIT,Y+X2_M9_r2,napolitanas,576,0.974567
FKIT,Y+X2_M9_r2,napolitanas,577,0.970979
FKIT,Y+X2_M9_r2,napolitanas,578,0.971926
FKIT,Y+X2_M9_r2,napolitanas,579,0.971344
FKIT,Y+X2_M9_r2,napolitanas,580,0.969621
FKIT,Y+X2_M9_r2,napolitanas,581,0.967756
FKIT,Y+X2_M9_r2,napolitanas,582,0.968853
FKIT,Y+X2_M9_r2,napolitanas,583,0.966950
FKIT,Y+X2_M9_r2,napolitanas,584,0.969784
FKIT,Y+X2_M9_r2,napolitanas,585,0.969019
FKIT,Y+X2_M9_r2,napolitanas,586,0.969070
FKIT,Y+X2_M9_r2,napolitanas,587,0.965948
FKIT,Y+X2_M9_r2,napolitanas,588,0.963880
FKIT,Y+X2_M9_r2,napolitanas,589,0.963409
FKIT,Y+X2_M9_r2,napolitanas,590,0.958388
FKIT,Y+X2_M9_r2,napolitanas,591,0.964321
FKIT,Y+X2_M9_r2,napolitanas,592,0.958975
FKIT,Y+X2_M9_r2,napolitanas,593,0.958580
FKIT,Y+X2_M9_r2,napolitanas,594,0.962449
FKIT,Y+X2_M9_r2,napolitanas,595,0.964288
FKIT,Y+X2_M9_r2,napolitanas,596,0.962017
FKIT,Y+X2_M9_r2,napolitanas,597,0.960694
FKIT,Y+X2_M9_r2,napolitanas,598,0.961663
FKIT,Y+X2_M9_r2,napolitanas,599,0.958582
FKIT,Y+X2_M9_r2,napolitanas,600,0.959572
FKIT,Y+X2_M9_r2,napolitanas,601,0.957419
FKIT,Y+X2_M9_r2,napolitanas,602,0.959878
FKIT,Y+X2_M9_r2,napolitanas,603,0.960084
FKIT,Y+X2_M9_r2,napolitanas,604,0.960930
FKIT,Y+X2_M9_r2,napolitanas,605,0.962057
FKIT,Y+X2_M9_r2,napolitanas,606,0.960204
FKIT,Y+X2_M9_r2,napolitanas,607,0.957901
FKIT,Y+X2_M9_r2,napolitanas,608,0.957149
FKIT,Y+X2_M9_r2,napolitanas,609,0.959754
FKIT,Y+X2_M9_r2,napolitanas,610,0.958582
FKIT,Y+X2_M9_r2,napolitanas,611,0.958422
FKIT,Y+X2_M9_r2,napolitanas,612,0.921624
FKIT,Y+X2_M9_r2,napolitanas,613,0.957589
FKIT,Y+X2_M9_r2,napolitanas,614,0.953145
FKIT,Y+X2_M9_r2,napolitanas,615,0.950733
FKIT,Y+X2_M9_r2,napolitanas,616,0.949786
FKIT,Y+X2_M9_r2,napolitanas,617,0.951783
FKIT,Y+X2_M9_r2,napolitanas,618,0.952564
FKIT,Y+X2_M9_r2,napolitanas,619,0.949455
FKIT,Y+X2_M9_r2,napolitanas,620,0.947007
FKIT,Y+X2_M9_r2,napolitanas,621,0.946098
FKIT,Y+X2_M9_r2,napolitanas,622,0.940817
FKIT,Y+X2_M9_r2,napolitanas,623,0.946913
FKIT,Y+X2_M9_r2,napolitanas,624,0.948986
FKIT,Y+X2_M9_r2,napolitanas,625,0.946501
FKIT,Y+X2_M9_r2,napolitanas,626,0.941176
FKIT,Y+X2_M9_r2,napolitanas,627,0.943401
FKIT,Y+X2_M9_r2,napolitanas,628,0.943193
FKIT,Y+X2_M9_r2,napolitanas,629,0.939591
FKIT,Y+X2_M9_r2,napolitanas,630,0.941285
FKIT,Y+X2_M9_r2,napolitanas,631,0.942425
FKIT,Y+X2_M9_r2,napolitanas,632,0.944241
FKIT,Y+X2_M9_r2,napolitanas,633,0.947599
FKIT,Y+X2_M9_r2,napolitanas,634,0.948295
FKIT,Y+X2_M9_r2,napolitanas,635,0.948496
FKIT,Y+X2_M9_r2,napolitanas,636,0.945650
FKIT,Y+X2_M9_r2,napolitanas,637,0.947116
FKIT,Y+X2_M9_r2,napolitanas,638,0.944086
FKIT,Y+X2_M9_r2,napolitanas,639,0.946014
FKIT,Y+X2_M9_r2,napolitanas,640,0.947046
FKIT,Y+X2_M9_r2,napolitanas,641,0.951197
FKIT,Y+X2_M9_r2,napolitanas,642,0.943985
FKIT,Y+X2_M9_r2,napolitanas,643,0.952775
FKIT,Y+X2_M9_r2,napolitanas,644,0.955862
FKIT,Y+X2_M9_r2,napolitanas,645,0.958771
FKIT,Y+X2_M9_r2,napolitanas,646,0.954466
FKIT,Y+X2_M9_r2,napolitanas,647,0.581125
FKIT,Y+X2_M9_r2,napolitanas,648,0.945197
FKIT,Y+X2_M9_r2,napolitanas,649,0.946895
FKIT,Y+X2_M9_r2,napolitanas,650,0.948546
FKIT,Y+X2_M9_r2,napolitanas,651,0.946354
FKIT,Y+X2_M9_r2,napolitanas,652,0.942796
FKIT,Y+X2_M9_r2,napolitanas,653,0.944653
FKIT,Y+X2_M9_r2,napolitanas,654,0.945846
FKIT,Y+X2_M9_r2,napolitanas,655,0.941889
FKIT,Y+X2_M9_r2,napolitanas,656,0.939483
FKIT,Y+X2_M9_r2,napolitanas,657,0.940211
FKIT,Y+X2_M9_r2,napolitanas,658,0.939841
FKIT,Y+X2_M9_r2,napolitanas,659,0.941737
FKIT,Y+X2_M9_r2,napolitanas,660,0.938695
FKIT,Y+X2_M9_r2,napolitanas,661,0.940324
FKIT,Y+X2_M9_r2,napolitanas,662,0.935316
FKIT,Y+X2_M9_r2,napolitanas,663,0.939585
FKIT,Y+X2_M9_r2,napolitanas,664,0.942627
FKIT,Y+X2_M9_r2,napolitanas,665,0.936632
FKIT,Y+X2_M9_r2,napolitanas,666,0.939466
FKIT,Y+X2_M9_r2,napolitanas,667,0.940795
FKIT,Y+X2_M9_r2,napolitanas,668,0.944515
FKIT,Y+X2_M9_r2,napolitanas,669,0.949231
FKIT,Y+X2_M9_r2,napolitanas,670,0.945346
FKIT,Y+X2_M9_r2,napolitanas,671,0.950166
FKIT,Y+X2_M9_r2,napolitanas,672,0.948788
FKIT,Y+X2_M9_r2,napolitanas,673,0.947737
FKIT,Y+X2_M9_r2,napolitanas,674,0.948241
FKIT,Y+X2_M9_r2,napolitanas,675,0.950335
FKIT,Y+X2_M9_r2,napolitanas,676,0.950957
FKIT,Y+X2_M9_r2,napolitanas,677,0.953258
FKIT,Y+X2_M9_r2,napolitanas,678,0.959169
FKIT,Y+X2_M9_r2,napolitanas,679,0.955396
FKIT,Y+X2_M9_r2,napolitanas,680,0.956092
FKIT,Y+X2_M9_r2,napolitanas,681,0.957902
FKIT,Y+X2_M9_r2,napolitanas,682,0.957416
FKIT,Y+X2_M9_r2,napolitanas,683,0.955672
FKIT,Y+X2_M9_r2,napolitanas,684,0.951771
FKIT,Y+X2_M9_r2,napolitanas,685,0.954154
FKIT,Y+X2_M9_r2,napolitanas,686,0.953414
FKIT,Y+X2_M9_r2,napolitanas,687,0.951599
FKIT,Y+X2_M9_r2,napolitanas,688,0.954879
FKIT,Y+X2_M9_r2,napolitanas,689,0.953775
FKIT,Y+X2_M9_r2,napolitanas,690,0.951921
FKIT,Y+X2_M9_r2,napolitanas,691,0.956507
FKIT,Y+X2_M9_r2,napolitanas,692,0.955019
FKIT,Y+X2_M9_r2,napolitanas,693,0.951916
FKIT,Y+X2_M9_r2,napolitanas,694,0.952906
FKIT,Y+X2_M9_r2,napolitanas,695,0.954932
FKIT,Y+X2_M9_r2,napolitanas,696,0.954107
FKIT,Y+X2_M9_r2,napolitanas,697,0.953444
FKIT,Y+X2_M9_r2,napolitanas,698,0.960307
FKIT,Y+X2_M9_r2,napolitanas,699,0.958551
FKIT,Y+X2_M9_r2,napolitanas,700,0.954461
FKIT,Y+X2_M9_r2,napolitanas,701,0.956286
FKIT,Y+X2_M9_r2,napolitanas,702,0.959227
FKIT,Y+X2_M9_r2,napolitanas,703,0.959605
FKIT,Y+X2_M9_r2,napolitanas,704,0.958603
FKIT,Y+X2_M9_r2,napolitanas,705,0.958950
FKIT,Y+X2_M9_r2,napolitanas,706,0.956804
FKIT,Y+X2_M9_r2,napolitanas,707,0.956812
FKIT,Y+X2_M9_r2,napolitanas,708,0.960787
FKIT,Y+X2_M9_r2,napolitanas,709,0.957861
FKIT,Y+X2_M9_r2,napolitanas,710,0.957085
FKIT,Y+X2_M9_r2,napolitanas,711,0.955104
FKIT,Y+X2_M9_r2,napolitanas,712,0.956390
FKIT,Y+X2_M9_r2,napolitanas,713,0.956606
FKIT,Y+X2_M9_r2,napolitanas,714,0.961536
FKIT,Y+X2_M9_r2,napolitanas,715,0.962697
FKIT,Y+X2_M9_r2,napolitanas,716,0.962281
FKIT,Y+X2_M9_r2,napolitanas,717,0.958238
FKIT,Y+X2_M9_r2,napolitanas,718,0.942881
FKIT,Y+X2_M9_r2,napolitanas,719,0.960797
FKIT,Y+X2_M9_r2,napolitanas,720,0.962487
FKIT,Y+X2_M9_r2,napolitanas,721,0.962449
FKIT,Y+X2_M9_r2,napolitanas,722,0.961551
FKIT,Y+X2_M9_r2,napolitanas,723,0.963592
FKIT,Y+X2_M9_r2,napolitanas,724,0.964230
FKIT,Y+X2_M9_r2,napolitanas,725,0.965720
FKIT,Y+X2_M9_r2,napolitanas,726,0.964372
FKIT,Y+X2_M9_r2,napolitanas,727,0.962868
FKIT,Y+X2_M9_r2,napolitanas,728,0.961663
FKIT,Y+X2_M9_r2,napolitanas,729,0.962748
FKIT,Y+X2_M9_r2,napolitanas,730,0.961944
FKIT,Y+X2_M9_r2,napolitanas,731,0.962317
FKIT,Y+X2_M9_r2,napolitanas,732,0.960826
FKIT,Y+X2_M9_r2,napolitanas,733,0.962505
FKIT,Y+X2_M9_r2,napolitanas,734,0.964031
FKIT,Y+X2_M9_r2,napolitanas,735,0.965341
FKIT,Y+X2_M9_r2,napolitanas,736,0.963789
FKIT,Y+X2_M9_r2,napolitanas,737,0.961312
FKIT,Y+X2_M9_r2,napolitanas,738,0.961424
FKIT,Y+X2_M9_r2,napolitanas,739,0.964305
FKIT,Y+X2_M9_r2,napolitanas,740,0.962110
FKIT,Y+X2_M9_r2,napolitanas,741,0.962672
FKIT,Y+X2_M9_r2,napolitanas,742,0.962106
FKIT,Y+X2_M9_r2,napolitanas,743,0.959634
FKIT,Y+X2_M9_r2,napolitanas,744,0.958275
FKIT,Y+X2_M9_r2,napolitanas,745,0.952200
FKIT,Y+X2_M9_r2,napolitanas,746,0.954239
FKIT,Y+X2_M9_r2,napolitanas,747,0.953156
FKIT,Y+X2_M9_r2,napolitanas,748,0.953753
FKIT,Y+X2_M9_r2,napolitanas,749,0.951335
FKIT,Y+X2_M9_r2,napolitanas,750,0.954455
FKIT,Y+X2_M9_r2,napolitanas,751,0.953590
FKIT,Y+X2_M9_r2,napolitanas,752,0.952398
FKIT,Y+X2_M9_r2,napolitanas,753,0.952895
FKIT,Y+X2_M9_r2,napolitanas,754,0.126667
FKIT,Y+X2_M9_r2,napolitanas,755,0.716600
FKIT,Y+X2_M9_r2,napolitanas,756,0.929573
FKIT,Y+X2_M9_r2,napolitanas,757,0.949498
FKIT,Y+X2_M9_r2,napolitanas,758,0.951805
FKIT,Y+X2_M9_r2,napolitanas,759,0.949975
FKIT,Y+X2_M9_r2,napolitanas,760,0.950830
FKIT,Y+X2_M9_r2,napolitanas,761,0.952327
FKIT,Y+X2_M9_r2,napolitanas,762,0.954367
FKIT,Y+X2_M9_r2,napolitanas,763,0.954494
FKIT,Y+X2_M9_r2,napolitanas,764,0.953483
FKIT,Y+X2_M9_r2,napolitanas,765,0.955035
FKIT,Y+X2_M9_r2,napolitanas,766,0.956842
FKIT,Y+X2_M9_r2,napolitanas,767,0.953314
FKIT,Y+X2_M9_r2,napolitanas,768,0.956237
FKIT,Y+X2_M9_r2,napolitanas,769,0.953410
FKIT,Y+X2_M9_r2,napolitanas,770,0.954681
FKIT,Y+X2_M9_r2,napolitanas,771,0.955295
FKIT,Y+X2_M9_r2,napolitanas,772,0.954005
FKIT,Y+X2_M9_r2,napolitanas,773,0.955013
FKIT,Y+X2_M9_r2,napolitanas,774,0.953960
FKIT,Y+X2_M9_r2,napolitanas,775,0.959548
FKIT,Y+X2_M9_r2,napolitanas,776,0.958724
FKIT,Y+X2_M9_r2,napolitanas,777,0.956793
FKIT,Y+X2_M9_r2,napolitanas,778,0.954942
FKIT,Y+X2_M9_r2,napolitanas,779,0.955328
FKIT,Y+X2_M9_r2,napolitanas,780,0.957923
FKIT,Y+X2_M9_r2,napolitanas,781,0.960835
FKIT,Y+X2_M9_r2,napolitanas,782,0.952972
FKIT,Y+X2_M9_r2,napolitanas,783,0.957786
FKIT,Y+X2_M9_r2,napolitanas,784,0.953291
FKIT,Y+X2_M9_r2,napolitanas,785,0.961514
FKIT,Y+X2_M9_r2,napolitanas,786,0.959523
FKIT,Y+X2_M9_r2,napolitanas,787,0.961056
FKIT,Y+X2_M9_r2,napolitanas,788,0.962643
FKIT,Y+X2_M9_r2,napolitanas,789,0.960440
FKIT,Y+X2_M9_r2,napolitanas,790,0.961507
FKIT,Y+X2_M9_r2,napolitanas,791,0.959958
FKIT,Y+X2_M9_r2,napolitanas,792,0.966300
FKIT,Y+X2_M9_r2,napolitanas,793,0.963929
FKIT,Y+X2_M9_r2,napolitanas,794,0.965669
FKIT,Y+X2_M9_r2,napolitanas,795,0.966757
FKIT,Y+X2_M9_r2,napolitanas,796,0.967735
FKIT,Y+X2_M9_r2,napolitanas,797,0.966185
FKIT,Y+X2_M9_r2,napolitanas,798,0.962930
FKIT,Y+X2_M9_r2,napolitanas,799,0.962718
FKIT,Y+X2_M9_r2,napolitanas,800,0.965016
FKIT,Y+X2_M9_r2,napolitanas,801,0.961917
FKIT,Y+X2_M9_r2,napolitanas,802,0.962419
FKIT,Y+X2_M9_r2,napolitanas,803,0.958387
FKIT,Y+X2_M9_r2,napolitanas,804,0.963894
FKIT,Y+X2_M9_r2,napolitanas,805,0.960564
FKIT,Y+X2_M9_r2,napolitanas,806,0.960469
FKIT,Y+X2_M9_r2,napolitanas,807,0.960077
FKIT,Y+X2_M9_r2,napolitanas,808,0.958524
FKIT,Y+X2_M9_r2,napolitanas,809,0.959585
FKIT,Y+X2_M9_r2,napolitanas,810,0.958860
FKIT,Y+X2_M9_r2,napolitanas,811,0.957258
FKIT,Y+X2_M9_r2,napolitanas,812,0.955920
FKIT,Y+X2_M9_r2,napolitanas,813,0.954647
FKIT,Y+X2_M9_r2,napolitanas,814,0.959543
FKIT,Y+X2_M9_r2,napolitanas,815,0.961254
FKIT,Y+X2_M9_r2,napolitanas,816,0.959936
FKIT,Y+X2_M9_r2,napolitanas,817,0.958605
FKIT,Y+X2_M9_r2,napolitanas,818,0.958468
FKIT,Y+X2_M9_r2,napolitanas,819,0.953464
FKIT,Y+X2_M9_r2,napolitanas,820,0.952674
FKIT,Y+X2_M9_r2,napolitanas,821,0.950347
FKIT,Y+X2_M9_r2,napolitanas,822,0.957210
FKIT,Y+X2_M9_r2,napolitanas,823,0.954685
FKIT,Y+X2_M9_r2,napolitanas,824,0.956273
FKIT,Y+X2_M9_r2,napolitanas,825,0.954844
FKIT,Y+X2_M9_r2,napolitanas,826,0.955236
FKIT,Y+X2_M9_r2,napolitanas,827,0.954814
FKIT,Y+X2_M9_r2,napolitanas,828,0.957154
FKIT,Y+X2_M9_r2,napolitanas,829,0.953519
FKIT,Y+X2_M9_r2,napolitanas,830,0.955553
FKIT,Y+X2_M9_r2,napolitanas,831,0.955992
FKIT,Y+X2_M9_r2,napolitanas,832,0.959102
FKIT,Y+X2_M9_r2,napolitanas,833,0.957662
FKIT,Y+X2_M9_r2,napolitanas,834,0.961843
FKIT,Y+X2_M9_r2,napolitanas,835,0.963249
FKIT,Y+X2_M9_r2,napolitanas,836,0.964588
FKIT,Y+X2_M9_r2,napolitanas,837,0.962326
FKIT,Y+X2_M9_r2,napolitanas,838,0.962620
FKIT,Y+X2_M9_r2,napolitanas,839,0.964792
FKIT,Y+X2_M9_r2,napolitanas,840,0.964561
FKIT,Y+X2_M9_r2,napolitanas,841,0.962875
FKIT,Y+X2_M9_r2,napolitanas,842,0.961447
FKIT,Y+X2_M9_r2,napolitanas,843,0.962933
FKIT,Y+X2_M9_r2,napolitanas,844,0.963089
FKIT,Y+X2_M9_r2,napolitanas,845,0.966961
FKIT,Y+X2_M9_r2,napolitanas,846,0.962667
FKIT,Y+X2_M9_r2,napolitanas,847,0.964332
FKIT,Y+X2_M9_r2,napolitanas,848,0.962197
FKIT,Y+X2_M9_r2,napolitanas,849,0.960234
FKIT,Y+X2_M9_r2,napolitanas,850,0.960561
FKIT,Y+X2_M9_r2,napolitanas,851,0.961290
FKIT,Y+X2_M9_r2,napolitanas,852,0.957035
FKIT,Y+X2_M9_r2,napolitanas,853,0.954569
FKIT,Y+X2_M9_r2,napolitanas,854,0.958801
FKIT,Y+X2_M9_r2,napolitanas,855,0.960649
FKIT,Y+X2_M9_r2,napolitanas,856,0.958741
FKIT,Y+X2_M9_r2,napolitanas,857,0.957958
FKIT,Y+X2_M9_r2,napolitanas,858,0.958123
FKIT,Y+X2_M9_r2,napolitanas,859,0.955530
FKIT,Y+X2_M9_r2,napolitanas,860,0.953809
FKIT,Y+X2_M9_r2,napolitanas,861,0.949401
FKIT,Y+X2_M9_r2,napolitanas,862,0.949082
FKIT,Y+X2_M9_r2,napolitanas,863,0.951128
FKIT,Y+X2_M9_r2,napolitanas,864,0.947015
FKIT,Y+X2_M9_r2,napolitanas,865,0.955633
FKIT,Y+X2_M9_r2,napolitanas,866,0.950538
FKIT,Y+X2_M9_r2,napolitanas,867,0.952021
FKIT,Y+X2_M9_r2,napolitanas,868,0.952130
FKIT,Y+X2_M9_r2,napolitanas,869,0.950286
FKIT,Y+X2_M9_r2,napolitanas,870,0.951201
FKIT,Y+X2_M9_r2,napolitanas,871,0.953294
FKIT,Y+X2_M9_r2,napolitanas,872,0.951980
FKIT,Y+X2_M9_r2,napolitanas,873,0.949486
FKIT,Y+X2_M9_r2,napolitanas,874,0.951200
FKIT,Y+X2_M9_r2,napolitanas,875,0.952503
FKIT,Y+X2_M9_r2,napolitanas,876,0.957463
FKIT,Y+X2_M9_r2,napolitanas,877,0.955913
FKIT,Y+X2_M9_r2,napolitanas,878,0.954606
FKIT,Y+X2_M9_r2,napolitanas,879,0.956395
FKIT,Y+X2_M9_r2,napolitanas,880,0.961326
FKIT,Y+X2_M9_r2,napolitanas,881,0.955897
FKIT,Y+X2_M9_r2,napolitanas,882,0.957928
FKIT,Y+X2_M9_r2,napolitanas,883,0.954491
FKIT,Y+X2_M9_r2,napolitanas,884,0.954874
FKIT,Y+X2_M9_r2,napolitanas,885,0.963232
FKIT,Y+X2_M9_r2,napolitanas,886,0.961956
FKIT,Y+X2_M9_r2,napolitanas,887,0.960320
FKIT,Y+X2_M9_r2,napolitanas,888,0.958473
FKIT,Y+X2_M9_r2,napolitanas,889,0.956114
FKIT,Y+X2_M9_r2,napolitanas,890,0.956635
FKIT,Y+X2_M9_r2,napolitanas,891,0.958526
FKIT,Y+X2_M9_r2,napolitanas,892,0.958209
FKIT,Y+X2_M9_r2,napolitanas,893,0.956844
FKIT,Y+X2_M9_r2,napolitanas,894,0.955415
FKIT,Y+X2_M9_r2,napolitanas,895,0.956742
FKIT,Y+X2_M9_r2,napolitanas,896,0.959786
FKIT,Y+X2_M9_r2,napolitanas,897,0.957722
FKIT,Y+X2_M9_r2,napolitanas,898,0.957934
FKIT,Y+X2_M9_r2,napolitanas,899,0.956260
FKIT,Y+X2_M9_r2,napolitanas,900,0.955754
FKIT,Y+X2_M9_r2,napolitanas,901,0.957615
FKIT,Y+X2_M9_r2,napolitanas,902,0.958452
FKIT,Y+X2_M9_r2,napolitanas,903,0.958372
FKIT,Y+X2_M9_r2,napolitanas,904,0.955280
FKIT,Y+X2_M9_r2,napolitanas,905,0.958530
FKIT,Y+X2_M9_r2,napolitanas,906,0.962985
FKIT,Y+X2_M9_r2,napolitanas,907,0.963617
FKIT,Y+X2_M9_r2,napolitanas,908,0.964235
FKIT,Y+X2_M9_r2,napolitanas,909,0.964041
FKIT,Y+X2_M9_r2,napolitanas,910,0.962886
FKIT,Y+X2_M9_r2,napolitanas,911,0.960579
FKIT,Y+X2_M9_r2,napolitanas,912,0.963923
FKIT,Y+X2_M9_r2,napolitanas,913,0.961253
FKIT,Y+X2_M9_r2,napolitanas,914,0.962187
FKIT,Y+X2_M9_r2,napolitanas,915,0.966081
FKIT,Y+X2_M9_r2,napolitanas,916,0.966172
FKIT,Y+X2_M9_r2,napolitanas,917,0.964072
FKIT,Y+X2_M9_r2,napolitanas,918,0.965881
FKIT,Y+X2_M9_r2,napolitanas,919,0.966760
FKIT,Y+X2_M9_r2,napolitanas,920,0.965297
FKIT,Y+X2_M9_r2,napolitanas,921,0.967379
FKIT,Y+X2_M9_r2,napolitanas,922,0.966629
FKIT,Y+X2_M9_r2,napolitanas,923,0.966592
FKIT,Y+X2_M9_r2,napolitanas,924,0.965037
FKIT,Y+X2_M9_r2,napolitanas,925,0.969695
FKIT,Y+X2_M9_r2,napolitanas,926,0.971215
FKIT,Y+X2_M9_r2,napolitanas,927,0.971544
FKIT,Y+X2_M9_r2,napolitanas,928,0.969608
FKIT,Y+X2_M9_r2,napolitanas,929,0.967442
FKIT,Y+X2_M9_r2,napolitanas,930,0.969010
FKIT,Y+X2_M9_r2,napolitanas,931,0.969380
FKIT,Y+X2_M9_r2,napolitanas,932,0.969694
FKIT,Y+X2_M9_r2,napolitanas,933,0.967735
FKIT,Y+X2_M9_r2,napolitanas,934,0.970837
FKIT,Y+X2_M9_r2,napolitanas,935,0.974850
FKIT,Y+X2_M9_r2,napolitanas,936,0.974536
FKIT,Y+X2_M9_r2,napolitanas,937,0.973327
FKIT,Y+X2_M9_r2,napolitanas,938,0.971142
FKIT,Y+X2_M9_r2,napolitanas,939,0.971910
FKIT,Y+X2_M9_r2,napolitanas,940,0.972621
FKIT,Y+X2_M9_r2,napolitanas,941,0.970675
FKIT,Y+X2_M9_r2,napolitanas,942,0.972095
FKIT,Y+X2_M9_r2,napolitanas,943,0.969900
FKIT,Y+X2_M9_r2,napolitanas,944,0.974049
FKIT,Y+X2_M9_r2,napolitanas,945,0.976158
FKIT,Y+X2_M9_r2,napolitanas,946,0.975777
FKIT,Y+X2_M9_r2,napolitanas,947,0.973556
FKIT,Y+X2_M9_r2,napolitanas,948,0.973246
FKIT,Y+X2_M9_r2,napolitanas,949,0.973413
FKIT,Y+X2_M9_r2,napolitanas,950,0.969785
FKIT,Y+X2_M9_r2,napolitanas,951,0.969773
FKIT,Y+X2_M9_r2,napolitanas,952,0.966929
FKIT,Y+X2_M9_r2,napolitanas,953,0.967442
FKIT,Y+X2_M9_r2,napolitanas,954,0.972486
FKIT,Y+X2_M9_r2,napolitanas,955,0.973281
FKIT,Y+X2_M9_r2,napolitanas,956,0.969970
FKIT,Y+X2_M9_r2,napolitanas,957,0.967255
FKIT,Y+X2_M9_r2,napolitanas,958,0.969410
FKIT,Y+X2_M9_r2,napolitanas,959,0.970382
FKIT,Y+X2_M9_r2,napolitanas,960,0.968559
FKIT,Y+X2_M9_r2,napolitanas,961,0.967778
FKIT,Y+X2_M9_r2,napolitanas,962,0.966528
FKIT,Y+X2_M9_r2,napolitanas,963,0.962650
FKIT,Y+X2_M9_r2,napolitanas,964,0.964119
FKIT,Y+X2_M9_r2,napolitanas,965,0.965613
FKIT,Y+X2_M9_r2,napolitanas,966,0.966139
FKIT,Y+X2_M9_r2,napolitanas,967,0.964524
FKIT,Y+X2_M9_r2,napolitanas,968,0.966981
FKIT,Y+X2_M9_r2,napolitanas,969,0.965507
FKIT,Y+X2_M9_r2,napolitanas,970,0.966173
FKIT,Y+X2_M9_r2,napolitanas,971,0.965380
FKIT,Y+X2_M9_r2,napolitanas,972,0.965259
FKIT,Y+X2_M9_r2,napolitanas,973,0.962170
FKIT,Y+X2_M9_r2,napolitanas,974,0.965926
FKIT,Y+X2_M9_r2,napolitanas,975,0.966231
FKIT,Y+X2_M9_r2,napolitanas,976,0.966585
FKIT,Y+X2_M9_r2,napolitanas,977,0.969596
FKIT,Y+X2_M9_r2,napolitanas,978,0.966958
FKIT,Y+X2_M9_r2,napolitanas,979,0.967414
FKIT,Y+X2_M9_r2,napolitanas,980,0.968601
FKIT,Y+X2_M9_r2,napolitanas,981,0.966856
FKIT,Y+X2_M9_r2,napolitanas,982,0.961480
FKIT,Y+X2_M9_r2,napolitanas,983,0.967204
FKIT,Y+X2_M9_r2,napolitanas,984,0.966171
FKIT,Y+X2_M9_r2,napolitanas,985,0.967546
FKIT,Y+X2_M9_r2,napolitanas,986,0.968146
FKIT,Y+X2_M9_r2,napolitanas,987,0.965231
FKIT,Y+X2_M9_r2,napolitanas,988,0.967002
FKIT,Y+X2_M9_r2,napolitanas,989,0.967139
FKIT,Y+X2_M9_r2,napolitanas,990,0.968475
FKIT,Y+X2_M9_r2,napolitanas,991,0.969550
FKIT,Y+X2_M9_r2,napolitanas,992,0.965122
FKIT,Y+X2_M9_r2,napolitanas,993,0.972205
FKIT,Y+X2_M9_r2,napolitanas,994,0.969246
FKIT,Y+X2_M9_r2,napolitanas,995,0.971360
FKIT,Y+X2_M9_r2,napolitanas,996,0.967906
FKIT,Y+X2_M9_r2,napolitanas,997,0.963115
FKIT,Y+X2_M9_r2,napolitanas,998,0.969158
FKIT,Y+X2_M9_r2,napolitanas,999,0.972678
FKIT,Y+X2_M9_r2,napolitanas,1000,0.971016
FKIT,Y+X2_M9_r2,napolitanas,1001,0.970630
FKIT,Y+X2_M9_r2,napolitanas,1002,0.970604
FKIT,Y+X2_M9_r2,napolitanas,1003,0.967671
FKIT,Y+X2_M9_r2,napolitanas,1004,0.967744
FKIT,Y+X2_M9_r2,napolitanas,1005,0.972308
FKIT,Y+X2_M9_r2,napolitanas,1006,0.970288
FKIT,Y+X2_M9_r2,napolitanas,1007,0.967419
FKIT,Y+X2_M9_r2,napolitanas,1008,0.965418
FKIT,Y+X2_M9_r2,napolitanas,1009,0.964890
FKIT,Y+X2_M9_r2,napolitanas,1010,0.959958
FKIT,Y+X2_M9_r2,napolitanas,1011,0.961193
FKIT,Y+X2_M9_r2,napolitanas,1012,0.960261
FKIT,Y+X2_M9_r2,napolitanas,1013,0.953518
FKIT,Y+X2_M9_r2,napolitanas,1014,0.951985
FKIT,Y+X2_M9_r2,napolitanas,1015,0.954703
FKIT,Y+X2_M9_r2,napolitanas,1016,0.953123
FKIT,Y+X2_M9_r2,napolitanas,1017,0.949355
FKIT,Y+X2_M9_r2,napolitanas,1018,0.949451
FKIT,Y+X2_M9_r2,napolitanas,1019,0.949342
FKIT,Y+X2_M9_r2,napolitanas,1020,0.947662
FKIT,Y+X2_M9_r2,napolitanas,1021,0.947706
FKIT,Y+X2_M9_r2,napolitanas,1022,0.944256
FKIT,Y+X2_M9_r2,napolitanas,1023,0.943303
FKIT,Y+X2_M9_r2,napolitanas,1024,0.946301
FKIT,Y+X2_M9_r2,napolitanas,1025,0.947540
FKIT,Y+X2_M9_r2,napolitanas,1026,0.947744
FKIT,Y+X2_M9_r2,napolitanas,1027,0.186174
FKIT,Y+X2_M9_r2,napolitanas,1028,0.947677
FKIT,Y+X2_M9_r2,napolitanas,1029,0.949302
FKIT,Y+X2_M9_r2,napolitanas,1030,0.946693
FKIT,Y+X2_M9_r2,napolitanas,1031,0.947946
FKIT,Y+X2_M9_r2,napolitanas,1032,0.950832
FKIT,Y+X2_M9_r2,napolitanas,1033,0.952854
FKIT,Y+X2_M9_r2,napolitanas,1034,0.955991
FKIT,Y+X2_M9_r2,napolitanas,1035,0.954348
FKIT,Y+X2_M9_r2,napolitanas,1036,0.959869
FKIT,Y+X2_M9_r2,napolitanas,1037,0.960721
FKIT,Y+X2_M9_r2,napolitanas,1038,0.963262
FKIT,Y+X2_M9_r2,napolitanas,1039,0.962026
FKIT,Y+X2_M9_r2,napolitanas,1040,0.963313
FKIT,Y+X2_M9_r2,napolitanas,1041,0.964013
FKIT,Y+X2_M9_r2,napolitanas,1042,0.963925
FKIT,Y+X2_M9_r2,napolitanas,1043,0.962347
FKIT,Y+X2_M9_r2,napolitanas,1044,0.965190
FKIT,Y+X2_M9_r2,napolitanas,1045,0.964955
FKIT,Y+X2_M9_r2,napolitanas,1046,0.966156
FKIT,Y+X2_M9_r2,napolitanas,1047,0.965107
FKIT,Y+X2_M9_r2,napolitanas,1048,0.968777
FKIT,Y+X2_M9_r2,napolitanas,1049,0.969108
FKIT,Y+X2_M9_r2,napolitanas,1050,0.967225
FKIT,Y+X2_M9_r2,napolitanas,1051,0.969600
FKIT,Y+X2_M9_r2,napolitanas,1052,0.967471
FKIT,Y+X2_M9_r2,napolitanas,1053,0.967594
FKIT,Y+X2_M9_r2,napolitanas,1054,0.972461
FKIT,Y+X2_M9_r2,napolitanas,1055,0.971884
FKIT,Y+X2_M9_r2,napolitanas,1056,0.970800
FKIT,Y+X2_M9_r2,napolitanas,1057,0.971580
FKIT,Y+X2_M9_r2,napolitanas,1058,0.972850
FKIT,Y+X2_M9_r2,napolitanas,1059,0.973013
FKIT,Y+X2_M9_r2,napolitanas,1060,0.972598
FKIT,Y+X2_M9_r2,napolitanas,1061,0.972535
FKIT,Y+X2_M9_r2,napolitanas,1062,0.971718
FKIT,Y+X2_M9_r2,napolitanas,1063,0.970999
FKIT,Y+X2_M9_r2,napolitanas,1064,0.974032
FKIT,Y+X2_M9_r2,napolitanas,1065,0.973476
FKIT,Y+X2_M9_r2,napolitanas,1066,0.973897
FKIT,Y+X2_M9_r2,napolitanas,1067,0.972688
FKIT,Y+X2_M9_r2,napolitanas,1068,0.974142
FKIT,Y+X2_M9_r2,napolitanas,1069,0.974233
FKIT,Y+X2_M9_r2,napolitanas,1070,0.974033
FKIT,Y+X2_M9_r2,orange,0,0.960222
FKIT,Y+X2_M9_r2,orange,1,0.961538
FKIT,Y+X2_M9_r2,orange,2,0.961190
FKIT,Y+X2_M9_r2,orange,3,0.964057
FKIT,Y+X2_M9_r2,orange,4,0.962468
FKIT,Y+X2_M9_r2,orange,5,0.963016
FKIT,Y+X2_M9_r2,orange,6,0.963324
FKIT,Y+X2_M9_r2,orange,7,0.962808
FKIT,Y+X2_M9_r2,orange,8,0.961584
FKIT,Y+X2_M9_r2,orange,9,0.958315
FKIT,Y+X2_M9_r2,orange,10,0.958474
FKIT,Y+X2_M9_r2,orange,11,0.961802
FKIT,Y+X2_M9_r2,orange,12,0.962781
FKIT,Y+X2_M9_r2,orange,13,0.960549
FKIT,Y+X2_M9_r2,orange,14,0.964910
FKIT,Y+X2_M9_r2,orange,15,0.963261
FKIT,Y+X2_M9_r2,orange,16,0.962290
FKIT,Y+X2_M9_r2,orange,17,0.962564
FKIT,Y+X2_M9_r2,orange,18,0.962772
FKIT,Y+X2_M9_r2,orange,19,0.962819
FKIT,Y+X2_M9_r2,orange,20,0.962108
FKIT,Y+X2_M9_r2,orange,21,0.963152
FKIT,Y+X2_M9_r2,orange,22,0.962669
FKIT,Y+X2_M9_r2,orange,23,0.964726
FKIT,Y+X2_M9_r2,orange,24,0.964408
FKIT,Y+X2_M9_r2,orange,25,0.964706
FKIT,Y+X2_M9_r2,orange,26,0.965127
FKIT,Y+X2_M9_r2,orange,27,0.963240
FKIT,Y+X2_M9_r2,orange,28,0.962950
FKIT,Y+X2_M9_r2,orange,29,0.965070
FKIT,Y+X2_M9_r2,orange,30,0.965732
FKIT,Y+X2_M9_r2,orange,31,0.965714
FKIT,Y+X2_M9_r2,orange,32,0.965635
FKIT,Y+X2_M9_r2,orange,33,0.965842
FKIT,Y+X2_M9_r2,orange,34,0.966702
FKIT,Y+X2_M9_r2,orange,35,0.967463
FKIT,Y+X2_M9_r2,orange,36,0.966309
FKIT,Y+X2_M9_r2,orange,37,0.966657
FKIT,Y+X2_M9_r2,orange,38,0.965278
FKIT,Y+X2_M9_r2,orange,39,0.967085
FKIT,Y+X2_M9_r2,orange,40,0.965166
FKIT,Y+X2_M9_r2,orange,41,0.965674
FKIT,Y+X2_M9_r2,orange,42,0.965680
FKIT,Y+X2_M9_r2,orange,43,0.965170
FKIT,Y+X2_M9_r2,orange,44,0.965776
FKIT,Y+X2_M9_r2,orange,45,0.965760
FKIT,Y+X2_M9_r2,orange,46,0.965493
FKIT,Y+X2_M9_r2,orange,47,0.965802
FKIT,Y+X2_M9_r2,orange,48,0.966882
FKIT,Y+X2_M9_r2,orange,49,0.965334
FKIT,Y+X2_M9_r2,orange,50,0.966165
FKIT,Y+X2_M9_r2,orange,51,0.966819
FKIT,Y+X2_M9_r2,orange,52,0.966949
FKIT,Y+X2_M9_r2,orange,53,0.968487
FKIT,Y+X2_M9_r2,orange,54,0.966291
FKIT,Y+X2_M9_r2,orange,55,0.969177
FKIT,Y+X2_M9_r2,orange,56,0.970731
FKIT,Y+X2_M9_r2,orange,57,0.969894
FKIT,Y+X2_M9_r2,orange,58,0.969776
FKIT,Y+X2_M9_r2,orange,59,0.970486
FKIT,Y+X2_M9_r2,orange,60,0.970432
FKIT,Y+X2_M9_r2,orange,61,0.971016
FKIT,Y+X2_M9_r2,orange,62,0.972171
FKIT,Y+X2_M9_r2,orange,63,0.970486
FKIT,Y+X2_M9_r2,orange,64,0.972208
FKIT,Y+X2_M9_r2,orange,65,0.968578
FKIT,Y+X2_M9_r2,orange,66,0.969535
FKIT,Y+X2_M9_r2,orange,67,0.969663
FKIT,Y+X2_M9_r2,orange,68,0.970911
FKIT,Y+X2_M9_r2,orange,69,0.969839
FKIT,Y+X2_M9_r2,orange,70,0.970356
FKIT,Y+X2_M9_r2,orange,71,0.968948
FKIT,Y+X2_M9_r2,orange,72,0.969520
FKIT,Y+X2_M9_r2,orange,73,0.969202
FKIT,Y+X2_M9_r2,orange,74,0.971216
FKIT,Y+X2_M9_r2,orange,75,0.970354
FKIT,Y+X2_M9_r2,orange,76,0.969700
FKIT,Y+X2_M9_r2,orange,77,0.969500
FKIT,Y+X2_M9_r2,orange,78,0.967476
FKIT,Y+X2_M9_r2,orange,79,0.967985
FKIT,Y+X2_M9_r2,orange,80,0.966754
FKIT,Y+X2_M9_r2,orange,81,0.966885
FKIT,Y+X2_M9_r2,orange,82,0.967806
FKIT,Y+X2_M9_r2,orange,83,0.965878
FKIT,Y+X2_M9_r2,orange,84,0.968543
FKIT,Y+X2_M9_r2,orange,85,0.966580
FKIT,Y+X2_M9_r2,orange,86,0.965970
FKIT,Y+X2_M9_r2,orange,87,0.967220
FKIT,Y+X2_M9_r2,orange,88,0.965903
FKIT,Y+X2_M9_r2,orange,89,0.965813
FKIT,Y+X2_M9_r2,orange,90,0.967376
FKIT,Y+X2_M9_r2,orange,91,0.967132
FKIT,Y+X2_M9_r2,orange,92,0.967589
FKIT,Y+X2_M9_r2,orange,93,0.968768
FKIT,Y+X2_M9_r2,orange,94,0.970031
FKIT,Y+X2_M9_r2,orange,95,0.968516
FKIT,Y+X2_M9_r2,orange,96,0.969399
FKIT,Y+X2_M9_r2,orange,97,0.968200
FKIT,Y+X2_M9_r2,orange,98,0.965803
FKIT,Y+X2_M9_r2,orange,99,0.968425
FKIT,Y+X2_M9_r2,orange,100,0.970119
FKIT,Y+X2_M9_r2,orange,101,0.968168
FKIT,Y+X2_M9_r2,orange,102,0.967826
FKIT,Y+X2_M9_r2,orange,103,0.971610
FKIT,Y+X2_M9_r2,orange,104,0.970693
FKIT,Y+X2_M9_r2,orange,105,0.971354
FKIT,Y+X2_M9_r2,orange,106,0.970262
FKIT,Y+X2_M9_r2,orange,107,0.970416
FKIT,Y+X2_M9_r2,orange,108,0.969318
FKIT,Y+X2_M9_r2,orange,109,0.970746
FKIT,Y+X2_M9_r2,orange,110,0.970533
FKIT,Y+X2_M9_r2,orange,111,0.970180
FKIT,Y+X2_M9_r2,orange,112,0.969932
FKIT,Y+X2_M9_r2,orange,113,0.968812
FKIT,Y+X2_M9_r2,orange,114,0.968590
FKIT,Y+X2_M9_r2,orange,115,0.970200
FKIT,Y+X2_M9_r2,orange,116,0.969949
FKIT,Y+X2_M9_r2,orange,117,0.971009
FKIT,Y+X2_M9_r2,orange,118,0.967951
FKIT,Y+X2_M9_r2,orange,119,0.969398
FKIT,Y+X2_M9_r2,orange,120,0.964681
FKIT,Y+X2_M9_r2,orange,121,0.965690
FKIT,Y+X2_M9_r2,orange,122,0.967148
FKIT,Y+X2_M9_r2,orange,123,0.963910
FKIT,Y+X2_M9_r2,orange,124,0.966748
FKIT,Y+X2_M9_r2,orange,125,0.965477
FKIT,Y+X2_M9_r2,orange,126,0.967133
FKIT,Y+X2_M9_r2,orange,127,0.968343
FKIT,Y+X2_M9_r2,orange,128,0.965697
FKIT,Y+X2_M9_r2,orange,129,0.967307
FKIT,Y+X2_M9_r2,orange,130,0.966854
FKIT,Y+X2_M9_r2,orange,131,0.965069
FKIT,Y+X2_M9_r2,orange,132,0.967294
FKIT,Y+X2_M9_r2,orange,133,0.968534
FKIT,Y+X2_M9_r2,orange,134,0.967591
FKIT,Y+X2_M9_r2,orange,135,0.969433
FKIT,Y+X2_M9_r2,orange,136,0.964899
FKIT,Y+X2_M9_r2,orange,137,0.967176
FKIT,Y+X2_M9_r2,orange,138,0.967270
FKIT,Y+X2_M9_r2,orange,139,0.965504
FKIT,Y+X2_M9_r2,orange,140,0.966172
FKIT,Y+X2_M9_r2,orange,141,0.966127
FKIT,Y+X2_M9_r2,orange,142,0.968114
FKIT,Y+X2_M9_r2,orange,143,0.968281
FKIT,Y+X2_M9_r2,orange,144,0.968387
FKIT,Y+X2_M9_r2,orange,145,0.968155
FKIT,Y+X2_M9_r2,orange,146,0.967469
FKIT,Y+X2_M9_r2,orange,147,0.968328
FKIT,Y+X2_M9_r2,orange,148,0.966449
FKIT,Y+X2_M9_r2,orange,149,0.967356
FKIT,Y+X2_M9_r2,orange,150,0.965438
FKIT,Y+X2_M9_r2,orange,151,0.963830
FKIT,Y+X2_M9_r2,orange,152,0.965686
FKIT,Y+X2_M9_r2,orange,153,0.966517
FKIT,Y+X2_M9_r2,orange,154,0.965726
FKIT,Y+X2_M9_r2,orange,155,0.965911
FKIT,Y+X2_M9_r2,orange,156,0.964031
FKIT,Y+X2_M9_r2,orange,157,0.965149
FKIT,Y+X2_M9_r2,orange,158,0.964791
FKIT,Y+X2_M9_r2,orange,159,0.963818
FKIT,Y+X2_M9_r2,orange,160,0.965947
FKIT,Y+X2_M9_r2,orange,161,0.964883
FKIT,Y+X2_M9_r2,orange,162,0.964301
FKIT,Y+X2_M9_r2,orange,163,0.962947
FKIT,Y+X2_M9_r2,orange,164,0.952977
FKIT,Y+X2_M9_r2,orange,165,0.960464
FKIT,Y+X2_M9_r2,orange,166,0.961683
FKIT,Y+X2_M9_r2,orange,167,0.959255
FKIT,Y+X2_M9_r2,orange,168,0.960741
FKIT,Y+X2_M9_r2,orange,169,0.959615
FKIT,Y+X2_M9_r2,orange,170,0.957847
FKIT,Y+X2_M9_r2,orange,171,0.957991
FKIT,Y+X2_M9_r2,orange,172,0.960469
FKIT,Y+X2_M9_r2,orange,173,0.960400
FKIT,Y+X2_M9_r2,orange,174,0.960177
FKIT,Y+X2_M9_r2,orange,175,0.961209
FKIT,Y+X2_M9_r2,orange,176,0.959529
FKIT,Y+X2_M9_r2,orange,177,0.963678
FKIT,Y+X2_M9_r2,orange,178,0.962830
FKIT,Y+X2_M9_r2,orange,179,0.964091
FKIT,Y+X2_M9_r2,orange,180,0.962254
FKIT,Y+X2_M9_r2,orange,181,0.965007
FKIT,Y+X2_M9_r2,orange,182,0.965233
FKIT,Y+X2_M9_r2,orange,183,0.963963
FKIT,Y+X2_M9_r2,orange,184,0.962999
FKIT,Y+X2_M9_r2,orange,185,0.961916
FKIT,Y+X2_M9_r2,orange,186,0.963974
FKIT,Y+X2_M9_r2,orange,187,0.963439
FKIT,Y+X2_M9_r2,orange,188,0.963979
FKIT,Y+X2_M9_r2,orange,189,0.962030
FKIT,Y+X2_M9_r2,orange,190,0.963385
FKIT,Y+X2_M9_r2,orange,191,0.962445
FKIT,Y+X2_M9_r2,orange,192,0.962863
FKIT,Y+X2_M9_r2,orange,193,0.962105
FKIT,Y+X2_M9_r2,orange,194,0.963756
FKIT,Y+X2_M9_r2,orange,195,0.960870
FKIT,Y+X2_M9_r2,orange,196,0.962206
FKIT,Y+X2_M9_r2,orange,197,0.961197
FKIT,Y+X2_M9_r2,orange,198,0.960358
FKIT,Y+X2_M9_r2,orange,199,0.959823
FKIT,Y+X2_M9_r2,orange,200,0.963106
FKIT,Y+X2_M9_r2,orange,201,0.960003
FKIT,Y+X2_M9_r2,orange,202,0.961911
FKIT,Y+X2_M9_r2,orange,203,0.960962
FKIT,Y+X2_M9_r2,orange,204,0.963877
FKIT,Y+X2_M9_r2,orange,205,0.961901
FKIT,Y+X2_M9_r2,orange,206,0.961782
FKIT,Y+X2_M9_r2,orange,207,0.959049
FKIT,Y+X2_M9_r2,orange,208,0.959299
FKIT,Y+X2_M9_r2,orange,209,0.961949
FKIT,Y+X2_M9_r2,orange,210,0.955420
FKIT,Y+X2_M9_r2,orange,211,0.955976
FKIT,Y+X2_M9_r2,orange,212,0.957815
FKIT,Y+X2_M9_r2,orange,213,0.960449
FKIT,Y+X2_M9_r2,orange,214,0.960748
FKIT,Y+X2_M9_r2,orange,215,0.957703
FKIT,Y+X2_M9_r2,orange,216,0.958793
FKIT,Y+X2_M9_r2,orange,217,0.956842
FKIT,Y+X2_M9_r2,orange,218,0.960954
FKIT,Y+X2_M9_r2,orange,219,0.963238
FKIT,Y+X2_M9_r2,orange,220,0.960690
FKIT,Y+X2_M9_r2,orange,221,0.963256
FKIT,Y+X2_M9_r2,orange,222,0.958452
FKIT,Y+X2_M9_r2,orange,223,0.960462
FKIT,Y+X2_M9_r2,orange,224,0.960009
FKIT,Y+X2_M9_r2,orange,225,0.960944
FKIT,Y+X2_M9_r2,orange,226,0.963887
FKIT,Y+X2_M9_r2,orange,227,0.961396
FKIT,Y+X2_M9_r2,orange,228,0.959194
FKIT,Y+X2_M9_r2,orange,229,0.961699
FKIT,Y+X2_M9_r2,orange,230,0.959839
FKIT,Y+X2_M9_r2,orange,231,0.961567
FKIT,Y+X2_M9_r2,orange,232,0.962070
FKIT,Y+X2_M9_r2,orange,233,0.964570
FKIT,Y+X2_M9_r2,orange,234,0.964678
FKIT,Y+X2_M9_r2,orange,235,0.963655
FKIT,Y+X2_M9_r2,orange,236,0.963865
FKIT,Y+X2_M9_r2,orange,237,0.965552
FKIT,Y+X2_M9_r2,orange,238,0.964651
FKIT,Y+X2_M9_r2,orange,239,0.967043
FKIT,Y+X2_M9_r2,orange,240,0.967064
FKIT,Y+X2_M9_r2,orange,241,0.964137
FKIT,Y+X2_M9_r2,orange,242,0.964574
FKIT,Y+X2_M9_r2,orange,243,0.962429
FKIT,Y+X2_M9_r2,orange,244,0.966315
FKIT,Y+X2_M9_r2,orange,245,0.965619
FKIT,Y+X2_M9_r2,orange,246,0.964992
FKIT,Y+X2_M9_r2,orange,247,0.962403
FKIT,Y+X2_M9_r2,orange,248,0.964825
FKIT,Y+X2_M9_r2,orange,249,0.963294
FKIT,Y+X2_M9_r2,orange,250,0.964617
FKIT,Y+X2_M9_r2,orange,251,0.964395
FKIT,Y+X2_M9_r2,orange,252,0.964736
FKIT,Y+X2_M9_r2,orange,253,0.959498
FKIT,Y+X2_M9_r2,orange,254,0.948106
FKIT,Y+X2_M9_r2,orange,255,0.961574
FKIT,Y+X2_M9_r2,orange,256,0.962588
FKIT,Y+X2_M9_r2,orange,257,0.965598
FKIT,Y+X2_M9_r2,orange,258,0.964288
FKIT,Y+X2_M9_r2,orange,259,0.965506
FKIT,Y+X2_M9_r2,orange,260,0.967317
FKIT,Y+X2_M9_r2,orange,261,0.964176
FKIT,Y+X2_M9_r2,orange,262,0.965176
FKIT,Y+X2_M9_r2,orange,263,0.964819
FKIT,Y+X2_M9_r2,orange,264,0.965453
FKIT,Y+X2_M9_r2,orange,265,0.964019
FKIT,Y+X2_M9_r2,orange,266,0.967217
FKIT,Y+X2_M9_r2,orange,267,0.969021
FKIT,Y+X2_M9_r2,orange,268,0.968684
FKIT,Y+X2_M9_r2,orange,269,0.949049
FKIT,Y+X2_M9_r2,orange,270,0.966891
FKIT,Y+X2_M9_r2,orange,271,0.966764
FKIT,Y+X2_M9_r2,orange,272,0.966307
FKIT,Y+X2_M9_r2,orange,273,0.967832
FKIT,Y+X2_M9_r2,orange,274,0.042499
FKIT,Y+X2_M9_r2,orange,275,0.924706
FKIT,Y+X2_M9_r2,orange,276,0.967914
FKIT,Y+X2_M9_r2,orange,277,0.970038
FKIT,Y+X2_M9_r2,orange,278,0.969614
FKIT,Y+X2_M9_r2,orange,279,0.968633
FKIT,Y+X2_M9_r2,orange,280,0.972084
FKIT,Y+X2_M9_r2,orange,281,0.971254
FKIT,Y+X2_M9_r2,orange,282,0.972725
FKIT,Y+X2_M9_r2,orange,283,0.971431
FKIT,Y+X2_M9_r2,orange,284,0.972414
FKIT,Y+X2_M9_r2,orange,285,0.970983
FKIT,Y+X2_M9_r2,orange,286,0.971251
FKIT,Y+X2_M9_r2,orange,287,0.970164
FKIT,Y+X2_M9_r2,orange,288,0.970375
FKIT,Y+X2_M9_r2,orange,289,0.968849
FKIT,Y+X2_M9_r2,orange,290,0.970909
FKIT,Y+X2_M9_r2,orange,291,0.969896
FKIT,Y+X2_M9_r2,orange,292,0.971429
FKIT,Y+X2_M9_r2,orange,293,0.969978
FKIT,Y+X2_M9_r2,orange,294,0.968769
FKIT,Y+X2_M9_r2,orange,295,0.969646
FKIT,Y+X2_M9_r2,orange,296,0.967808
FKIT,Y+X2_M9_r2,orange,297,0.965568
FKIT,Y+X2_M9_r2,orange,298,0.968250
FKIT,Y+X2_M9_r2,orange,299,0.965458
FKIT,Y+X2_M9_r2,orange,300,0.964928
FKIT,Y+X2_M9_r2,orange,301,0.965244
FKIT,Y+X2_M9_r2,orange,302,0.964100
FKIT,Y+X2_M9_r2,orange,303,0.965418
FKIT,Y+X2_M9_r2,orange,304,0.969014
FKIT,Y+X2_M9_r2,orange,305,0.966875
FKIT,Y+X2_M9_r2,orange,306,0.968101
FKIT,Y+X2_M9_r2,orange,307,0.967424
FKIT,Y+X2_M9_r2,orange,308,0.969705
FKIT,Y+X2_M9_r2,orange,309,0.966834
FKIT,Y+X2_M9_r2,orange,310,0.970891
FKIT,Y+X2_M9_r2,orange,311,0.969016
FKIT,Y+X2_M9_r2,orange,312,0.969389
FKIT,Y+X2_M9_r2,orange,313,0.967998
FKIT,Y+X2_M9_r2,orange,314,0.969392
FKIT,Y+X2_M9_r2,orange,315,0.971234
FKIT,Y+X2_M9_r2,orange,316,0.972227
FKIT,Y+X2_M9_r2,orange,317,0.971725
FKIT,Y+X2_M9_r2,orange,318,0.972087
FKIT,Y+X2_M9_r2,orange,319,0.972457
FKIT,Y+X2_M9_r2,orange,320,0.970596
FKIT,Y+X2_M9_r2,orange,321,0.971112
FKIT,Y+X2_M9_r2,orange,322,0.968406
FKIT,Y+X2_M9_r2,orange,323,0.967477
FKIT,Y+X2_M9_r2,orange,324,0.970216
FKIT,Y+X2_M9_r2,orange,325,0.970200
FKIT,Y+X2_M9_r2,orange,326,0.971611
FKIT,Y+X2_M9_r2,orange,327,0.972980
FKIT,Y+X2_M9_r2,orange,328,0.972016
FKIT,Y+X2_M9_r2,orange,329,0.972581
FKIT,Y+X2_M9_r2,orange,330,0.972399
FKIT,Y+X2_M9_r2,orange,331,0.972752
FKIT,Y+X2_M9_r2,orange,332,0.971673
FKIT,Y+X2_M9_r2,orange,333,0.971326
FKIT,Y+X2_M9_r2,orange,334,0.974111
FKIT,Y+X2_M9_r2,orange,335,0.973838
FKIT,Y+X2_M9_r2,orange,336,0.972778
FKIT,Y+X2_M9_r2,orange,337,0.973151
FKIT,Y+X2_M9_r2,orange,338,0.971002
FKIT,Y+X2_M9_r2,orange,339,0.971546
FKIT,Y+X2_M9_r2,orange,340,0.970963
FKIT,Y+X2_M9_r2,orange,341,0.970239
FKIT,Y+X2_M9_r2,orange,342,0.969574
FKIT,Y+X2_M9_r2,orange,343,0.968768
FKIT,Y+X2_M9_r2,orange,344,0.969013
FKIT,Y+X2_M9_r2,orange,345,0.969765
FKIT,Y+X2_M9_r2,orange,346,0.969109
FKIT,Y+X2_M9_r2,orange,347,0.970139
FKIT,Y+X2_M9_r2,orange,348,0.966882
FKIT,Y+X2_M9_r2,orange,349,0.969227
FKIT,Y+X2_M9_r2,orange,350,0.967744
FKIT,Y+X2_M9_r2,orange,351,0.968480
FKIT,Y+X2_M9_r2,orange,352,0.965664
FKIT,Y+X2_M9_r2,orange,353,0.970983
FKIT,Y+X2_M9_r2,orange,354,0.970474
FKIT,Y+X2_M9_r2,orange,355,0.971588
FKIT,Y+X2_M9_r2,orange,356,0.972183
FKIT,Y+X2_M9_r2,orange,357,0.971447
FKIT,Y+X2_M9_r2,orange,358,0.972381
FKIT,Y+X2_M9_r2,orange,359,0.973584
FKIT,Y+X2_M9_r2,orange,360,0.972502
FKIT,Y+X2_M9_r2,orange,361,0.971731
FKIT,Y+X2_M9_r2,orange,362,0.970840
FKIT,Y+X2_M9_r2,orange,363,0.971331
FKIT,Y+X2_M9_r2,orange,364,0.972165
FKIT,Y+X2_M9_r2,orange,365,0.970017
FKIT,Y+X2_M9_r2,orange,366,0.969368
FKIT,Y+X2_M9_r2,orange,367,0.971496
FKIT,Y+X2_M9_r2,orange,368,0.968551
FKIT,Y+X2_M9_r2,orange,369,0.970415
FKIT,Y+X2_M9_r2,orange,370,0.972301
FKIT,Y+X2_M9_r2,orange,371,0.970728
FKIT,Y+X2_M9_r2,orange,372,0.969473
FKIT,Y+X2_M9_r2,orange,373,0.971179
FKIT,Y+X2_M9_r2,orange,374,0.971877
FKIT,Y+X2_M9_r2,orange,375,0.969732
FKIT,Y+X2_M9_r2,orange,376,0.970231
FKIT,Y+X2_M9_r2,orange,377,0.968313
FKIT,Y+X2_M9_r2,orange,378,0.969723
FKIT,Y+X2_M9_r2,orange,379,0.969583
FKIT,Y+X2_M9_r2,orange,380,0.968740
FKIT,Y+X2_M9_r2,orange,381,0.966253
FKIT,Y+X2_M9_r2,orange,382,0.965412
FKIT,Y+X2_M9_r2,orange,383,0.967926
FKIT,Y+X2_M9_r2,orange,384,0.967672
FKIT,Y+X2_M9_r2,orange,385,0.967041
FKIT,Y+X2_M9_r2,orange,386,0.967904
FKIT,Y+X2_M9_r2,orange,387,0.964167
FKIT,Y+X2_M9_r2,orange,388,0.966469
FKIT,Y+X2_M9_r2,orange,389,0.966620
FKIT,Y+X2_M9_r2,orange,390,0.965977
FKIT,Y+X2_M9_r2,orange,391,0.966442
FKIT,Y+X2_M9_r2,orange,392,0.966824
FKIT,Y+X2_M9_r2,orange,393,0.967564
FKIT,Y+X2_M9_r2,orange,394,0.969617
FKIT,Y+X2_M9_r2,orange,395,0.968841
FKIT,Y+X2_M9_r2,orange,396,0.968690
FKIT,Y+X2_M9_r2,orange,397,0.967217
FKIT,Y+X2_M9_r2,orange,398,0.967651
FKIT,Y+X2_M9_r2,orange,399,0.968622
FKIT,Y+X2_M9_r2,orange,400,0.967848
FKIT,Y+X2_M9_r2,orange,401,0.967623
FKIT,Y+X2_M9_r2,orange,402,0.966997
FKIT,Y+X2_M9_r2,orange,403,0.968832
FKIT,Y+X2_M9_r2,orange,404,0.966679
FKIT,Y+X2_M9_r2,orange,405,0.965285
FKIT,Y+X2_M9_r2,orange,406,0.965954
FKIT,Y+X2_M9_r2,orange,407,0.963658
FKIT,Y+X2_M9_r2,orange,408,0.965037
FKIT,Y+X2_M9_r2,orange,409,0.964846
FKIT,Y+X2_M9_r2,orange,410,0.966157
FKIT,Y+X2_M9_r2,orange,411,0.967161
FKIT,Y+X2_M9_r2,orange,412,0.966733
FKIT,Y+X2_M9_r2,orange,413,0.966390
FKIT,Y+X2_M9_r2,orange,414,0.964513
FKIT,Y+X2_M9_r2,orange,415,0.966217
FKIT,Y+X2_M9_r2,orange,416,0.964771
FKIT,Y+X2_M9_r2,orange,417,0.965424
FKIT,Y+X2_M9_r2,orange,418,0.962724
FKIT,Y+X2_M9_r2,orange,419,0.961272
FKIT,Y+X2_M9_r2,orange,420,0.961168
FKIT,Y+X2_M9_r2,orange,421,0.961085
FKIT,Y+X2_M9_r2,orange,422,0.963485
FKIT,Y+X2_M9_r2,orange,423,0.962454
FKIT,Y+X2_M9_r2,orange,424,0.961333
FKIT,Y+X2_M9_r2,orange,425,0.960771
FKIT,Y+X2_M9_r2,orange,426,0.960457
FKIT,Y+X2_M9_r2,orange,427,0.958579
FKIT,Y+X2_M9_r2,orange,428,0.961216
FKIT,Y+X2_M9_r2,orange,429,0.958876
FKIT,Y+X2_M9_r2,orange,430,0.960473
FKIT,Y+X2_M9_r2,orange,431,0.955683
FKIT,Y+X2_M9_r2,orange,432,0.956731
FKIT,Y+X2_M9_r2,orange,433,0.954396
FKIT,Y+X2_M9_r2,orange,434,0.953749
FKIT,Y+X2_M9_r2,orange,435,0.957929
FKIT,Y+X2_M9_r2,orange,436,0.955121
FKIT,Y+X2_M9_r2,orange,437,0.957859
FKIT,Y+X2_M9_r2,orange,438,0.958412
FKIT,Y+X2_M9_r2,orange,439,0.958666
FKIT,Y+X2_M9_r2,orange,440,0.958380
FKIT,Y+X2_M9_r2,orange,441,0.958016
FKIT,Y+X2_M9_r2,orange,442,0.957486
FKIT,Y+X2_M9_r2,orange,443,0.958343
FKIT,Y+X2_M9_r2,orange,444,0.959016
FKIT,Y+X2_M9_r2,orange,445,0.960957
FKIT,Y+X2_M9_r2,orange,446,0.961044
FKIT,Y+X2_M9_r2,orange,447,0.961852
FKIT,Y+X2_M9_r2,orange,448,0.958252
FKIT,Y+X2_M9_r2,orange,449,0.959516
FKIT,Y+X2_M9_r2,orange,450,0.959690
FKIT,Y+X2_M9_r2,orange,451,0.957612
FKIT,Y+X2_M9_r2,orange,452,0.960868
FKIT,Y+X2_M9_r2,orange,453,0.959559
FKIT,Y+X2_M9_r2,orange,454,0.959883
FKIT,Y+X2_M9_r2,orange,455,0.961353
FKIT,Y+X2_M9_r2,orange,456,0.959482
FKIT,Y+X2_M9_r2,orange,457,0.957597
FKIT,Y+X2_M9_r2,orange,458,0.958579
FKIT,Y+X2_M9_r2,orange,459,0.958908
FKIT,Y+X2_M9_r2,orange,460,0.956431
FKIT,Y+X2_M9_r2,orange,461,0.956404
FKIT,Y+X2_M9_r2,orange,462,0.959687
FKIT,Y+X2_M9_r2,orange,463,0.959544
FKIT,Y+X2_M9_r2,orange,464,0.962080
FKIT,Y+X2_M9_r2,orange,465,0.960716
FKIT,Y+X2_M9_r2,orange,466,0.959611
FKIT,Y+X2_M9_r2,orange,467,0.955737
FKIT,Y+X2_M9_r2,orange,468,0.961583
FKIT,Y+X2_M9_r2,orange,469,0.961768
FKIT,Y+X2_M9_r2,orange,470,0.961121
FKIT,Y+X2_M9_r2,orange,471,0.961033
FKIT,Y+X2_M9_r2,orange,472,0.963179
FKIT,Y+X2_M9_r2,orange,473,0.962105
FKIT,Y+X2_M9_r2,orange,474,0.965172
FKIT,Y+X2_M9_r2,orange,475,0.963896
FKIT,Y+X2_M9_r2,orange,476,0.966349
FKIT,Y+X2_M9_r2,orange,477,0.964246
FKIT,Y+X2_M9_r2,orange,478,0.968374
FKIT,Y+X2_M9_r2,orange,479,0.967242
FKIT,Y+X2_M9_r2,orange,480,0.967044
FKIT,Y+X2_M9_r2,orange,481,0.966708
FKIT,Y+X2_M9_r2,orange,482,0.963347
FKIT,Y+X2_M9_r2,orange,483,0.966471
FKIT,Y+X2_M9_r2,orange,484,0.967472
FKIT,Y+X2_M9_r2,orange,485,0.969132
FKIT,Y+X2_M9_r2,orange,486,0.966765
FKIT,Y+X2_M9_r2,orange,487,0.967071
FKIT,Y+X2_M9_r2,orange,488,0.969301
FKIT,Y+X2_M9_r2,orange,489,0.969036
FKIT,Y+X2_M9_r2,orange,490,0.968932
FKIT,Y+X2_M9_r2,orange,491,0.968913
FKIT,Y+X2_M9_r2,orange,492,0.967288
FKIT,Y+X2_M9_r2,orange,493,0.967648
FKIT,Y+X2_M9_r2,orange,494,0.967346
FKIT,Y+X2_M9_r2,orange,495,0.968451
FKIT,Y+X2_M9_r2,orange,496,0.966994
FKIT,Y+X2_M9_r2,orange,497,0.969117
FKIT,Y+X2_M9_r2,orange,498,0.968297
FKIT,Y+X2_M9_r2,orange,499,0.967598
FKIT,Y+X2_M9_r2,orange,500,0.967441
FKIT,Y+X2_M9_r2,orange,501,0.965818
FKIT,Y+X2_M9_r2,orange,502,0.969585
FKIT,Y+X2_M9_r2,orange,503,0.965270
FKIT,Y+X2_M9_r2,orange,504,0.968235
FKIT,Y+X2_M9_r2,orange,505,0.970918
FKIT,Y+X2_M9_r2,orange,506,0.969872
FKIT,Y+X2_M9_r2,orange,507,0.970495
FKIT,Y+X2_M9_r2,orange,508,0.971430
FKIT,Y+X2_M9_r2,orange,509,0.969948
FKIT,Y+X2_M9_r2,orange,510,0.970263
FKIT,Y+X2_M9_r2,orange,511,0.972289
FKIT,Y+X2_M9_r2,orange,512,0.972247
FKIT,Y+X2_M9_r2,orange,513,0.971343
FKIT,Y+X2_M9_r2,orange,514,0.971533
FKIT,Y+X2_M9_r2,orange,515,0.973247
FKIT,Y+X2_M9_r2,orange,516,0.974107
FKIT,Y+X2_M9_r2,orange,517,0.972358
FKIT,Y+X2_M9_r2,orange,518,0.974549
FKIT,Y+X2_M9_r2,orange,519,0.972884
FKIT,Y+X2_M9_r2,orange,520,0.971998
FKIT,Y+X2_M9_r2,orange,521,0.972574
FKIT,Y+X2_M9_r2,orange,522,0.972948
FKIT,Y+X2_M9_r2,orange,523,0.972643
FKIT,Y+X2_M9_r2,orange,524,0.973094
FKIT,Y+X2_M9_r2,orange,525,0.974501
FKIT,Y+X2_M9_r2,orange,526,0.973895
FKIT,Y+X2_M9_r2,orange,527,0.971317
FKIT,Y+X2_M9_r2,orange,528,0.973607
FKIT,Y+X2_M9_r2,orange,529,0.972153
FKIT,Y+X2_M9_r2,orange,530,0.971594
FKIT,Y+X2_M9_r2,orange,531,0.971367
FKIT,Y+X2_M9_r2,orange,532,0.973238
FKIT,Y+X2_M9_r2,orange,533,0.970383
FKIT,Y+X2_M9_r2,orange,534,0.971560
FKIT,Y+X2_M9_r2,orange,535,0.969888
FKIT,Y+X2_M9_r2,orange,536,0.970734
FKIT,Y+X2_M9_r2,orange,537,0.971158
FKIT,Y+X2_M9_r2,orange,538,0.970555
FKIT,Y+X2_M9_r2,orange,539,0.973195
FKIT,Y+X2_M9_r2,orange,540,0.969156
FKIT,Y+X2_M9_r2,orange,541,0.969294
FKIT,Y+X2_M9_r2,orange,542,0.968330
FKIT,Y+X2_M9_r2,orange,543,0.971223
FKIT,Y+X2_M9_r2,orange,544,0.972474
FKIT,Y+X2_M9_r2,orange,545,0.973710
FKIT,Y+X2_M9_r2,orange,546,0.972172
FKIT,Y+X2_M9_r2,orange,547,0.973550
FKIT,Y+X2_M9_r2,orange,548,0.972010
FKIT,Y+X2_M9_r2,orange,549,0.972827
FKIT,Y+X2_M9_r2,orange,550,0.972882
FKIT,Y+X2_M9_r2,orange,551,0.972756
FKIT,Y+X2_M9_r2,orange,552,0.972525
FKIT,Y+X2_M9_r2,orange,553,0.970850
FKIT,Y+X2_M9_r2,orange,554,0.972843
FKIT,Y+X2_M9_r2,orange,555,0.974960
FKIT,Y+X2_M9_r2,orange,556,0.974030
FKIT,Y+X2_M9_r2,orange,557,0.973577
FKIT,Y+X2_M9_r2,orange,558,0.973792
FKIT,Y+X2_M9_r2,orange,559,0.974010
FKIT,Y+X2_M9_r2,orange,560,0.973152
FKIT,Y+X2_M9_r2,orange,561,0.970851
FKIT,Y+X2_M9_r2,orange,562,0.971349
FKIT,Y+X2_M9_r2,orange,563,0.972838
FKIT,Y+X2_M9_r2,orange,564,0.970055
FKIT,Y+X2_M9_r2,orange,565,0.970833
FKIT,Y+X2_M9_r2,orange,566,0.968604
FKIT,Y+X2_M9_r2,orange,567,0.970867
FKIT,Y+X2_M9_r2,orange,568,0.967957
FKIT,Y+X2_M9_r2,orange,569,0.970104
FKIT,Y+X2_M9_r2,orange,570,0.970265
FKIT,Y+X2_M9_r2,orange,571,0.967814
FKIT,Y+X2_M9_r2,orange,572,0.969827
FKIT,Y+X2_M9_r2,orange,573,0.966336
FKIT,Y+X2_M9_r2,orange,574,0.970207
FKIT,Y+X2_M9_r2,orange,575,0.969765
FKIT,Y+X2_M9_r2,orange,576,0.971453
FKIT,Y+X2_M9_r2,orange,577,0.971257
FKIT,Y+X2_M9_r2,orange,578,0.970998
FKIT,Y+X2_M9_r2,orange,579,0.968731
FKIT,Y+X2_M9_r2,orange,580,0.971061
FKIT,Y+X2_M9_r2,orange,581,0.969337
FKIT,Y+X2_M9_r2,orange,582,0.970127
FKIT,Y+X2_M9_r2,orange,583,0.969759
FKIT,Y+X2_M9_r2,orange,584,0.970817
FKIT,Y+X2_M9_r2,orange,585,0.971488
FKIT,Y+X2_M9_r2,orange,586,0.972019
FKIT,Y+X2_M9_r2,orange,587,0.970989
FKIT,Y+X2_M9_r2,orange,588,0.971574
FKIT,Y+X2_M9_r2,orange,589,0.971115
FKIT,Y+X2_M9_r2,orange,590,0.970918
FKIT,Y+X2_M9_r2,orange,591,0.969729
FKIT,Y+X2_M9_r2,orange,592,0.968694
FKIT,Y+X2_M9_r2,orange,593,0.971708
FKIT,Y+X2_M9_r2,orange,594,0.971135
FKIT,Y+X2_M9_r2,orange,595,0.970231
FKIT,Y+X2_M9_r2,orange,596,0.971530
FKIT,Y+X2_M9_r2,orange,597,0.970805
FKIT,Y+X2_M9_r2,orange,598,0.968731
FKIT,Y+X2_M9_r2,orange,599,0.968493
FKIT,Y+X2_M9_r2,orange,600,0.968931
FKIT,Y+X2_M9_r2,orange,601,0.970282
FKIT,Y+X2_M9_r2,orange,602,0.969594
FKIT,Y+X2_M9_r2,orange,603,0.967894
FKIT,Y+X2_M9_r2,orange,604,0.967738
FKIT,Y+X2_M9_r2,orange,605,0.967993
FKIT,Y+X2_M9_r2,orange,606,0.969333
FKIT,Y+X2_M9_r2,orange,607,0.966348
FKIT,Y+X2_M9_r2,orange,608,0.968138
FKIT,Y+X2_M9_r2,orange,609,0.964969
FKIT,Y+X2_M9_r2,orange,610,0.968713
FKIT,Y+X2_M9_r2,orange,611,0.967035
FKIT,Y+X2_M9_r2,orange,612,0.966362
FKIT,Y+X2_M9_r2,orange,613,0.970062
FKIT,Y+X2_M9_r2,orange,614,0.968595
FKIT,Y+X2_M9_r2,orange,615,0.967159
FKIT,Y+X2_M9_r2,orange,616,0.968287
FKIT,Y+X2_M9_r2,orange,617,0.966858
FKIT,Y+X2_M9_r2,orange,618,0.966747
FKIT,Y+X2_M9_r2,orange,619,0.967307
FKIT,Y+X2_M9_r2,orange,620,0.967891
FKIT,Y+X2_M9_r2,orange,621,0.968294
FKIT,Y+X2_M9_r2,orange,622,0.967101
FKIT,Y+X2_M9_r2,orange,623,0.965236
FKIT,Y+X2_M9_r2,orange,624,0.969965
FKIT,Y+X2_M9_r2,orange,625,0.969268
FKIT,Y+X2_M9_r2,orange,626,0.971451
FKIT,Y+X2_M9_r2,orange,627,0.970124
FKIT,Y+X2_M9_r2,orange,628,0.970040
FKIT,Y+X2_M9_r2,orange,629,0.971675
FKIT,Y+X2_M9_r2,orange,630,0.969689
FKIT,Y+X2_M9_r2,orange,631,0.969008
FKIT,Y+X2_M9_r2,orange,632,0.968586
FKIT,Y+X2_M9_r2,orange,633,0.969258
FKIT,Y+X2_M9_r2,orange,634,0.968785
FKIT,Y+X2_M9_r2,orange,635,0.971082
FKIT,Y+X2_M9_r2,orange,636,0.969037
FKIT,Y+X2_M9_r2,orange,637,0.970479
FKIT,Y+X2_M9_r2,orange,638,0.971774
FKIT,Y+X2_M9_r2,orange,639,0.972063
FKIT,Y+X2_M9_r2,orange,640,0.969636
FKIT,Y+X2_M9_r2,orange,641,0.969066
FKIT,Y+X2_M9_r2,orange,642,0.971015
FKIT,Y+X2_M9_r2,orange,643,0.969351
FKIT,Y+X2_M9_r2,orange,644,0.967595
FKIT,Y+X2_M9_r2,orange,645,0.969843
FKIT,Y+X2_M9_r2,orange,646,0.970375
FKIT,Y+X2_M9_r2,orange,647,0.967390
FKIT,Y+X2_M9_r2,orange,648,0.965885
FKIT,Y+X2_M9_r2,orange,649,0.968009
FKIT,Y+X2_M9_r2,orange,650,0.969144
FKIT,Y+X2_M9_r2,orange,651,0.966434
FKIT,Y+X2_M9_r2,orange,652,0.967520
FKIT,Y+X2_M9_r2,orange,653,0.966473
FKIT,Y+X2_M9_r2,orange,654,0.968796
FKIT,Y+X2_M9_r2,orange,655,0.970134
FKIT,Y+X2_M9_r2,orange,656,0.952000
FKIT,Y+X2_M9_r2,orange,657,0.948968
FKIT,Y+X2_M9_r2,orange,658,0.953026
FKIT,Y+X2_M9_r2,orange,659,0.970404
FKIT,Y+X2_M9_r2,orange,660,0.970234
FKIT,Y+X2_M9_r2,orange,661,0.967516
FKIT,Y+X2_M9_r2,orange,662,0.967808
FKIT,Y+X2_M9_r2,orange,663,0.968292
FKIT,Y+X2_M9_r2,orange,664,0.969908
FKIT,Y+X2_M9_r2,orange,665,0.970261
FKIT,Y+X2_M9_r2,orange,666,0.968273
FKIT,Y+X2_M9_r2,orange,667,0.970016
FKIT,Y+X2_M9_r2,orange,668,0.969509
FKIT,Y+X2_M9_r2,orange,669,0.970652
FKIT,Y+X2_M9_r2,orange,670,0.970819
FKIT,Y+X2_M9_r2,orange,671,0.970095
FKIT,Y+X2_M9_r2,orange,672,0.954745
FKIT,Y+X2_M9_r2,orange,673,0.701607
FKIT,Y+X2_M9_r2,orange,674,0.669857
FKIT,Y+X2_M9_r2,orange,675,0.678597
FKIT,Y+X2_M9_r2,orange,676,0.708546
FKIT,Y+X2_M9_r2,orange,677,0.717755
FKIT,Y+X2_M9_r2,orange,678,0.758889
FKIT,Y+X2_M9_r2,orange,679,0.781637
FKIT,Y+X2_M9_r2,orange,680,0.773328
FKIT,Y+X2_M9_r2,orange,681,0.739894
FKIT,Y+X2_M9_r2,orange,682,0.710726
FKIT,Y+X2_M9_r2,orange,683,0.728284
FKIT,Y+X2_M9_r2,orange,684,0.670459
FKIT,Y+X2_M9_r2,orange,685,0.676437
FKIT,Y+X2_M9_r2,orange,686,0.622413
FKIT,Y+X2_M9_r2,orange,687,0.614181
FKIT,Y+X2_M9_r2,orange,688,0.591868
FKIT,Y+X2_M9_r2,orange,689,0.746313
FKIT,Y+X2_M9_r2,orange,690,0.950086
FKIT,Y+X2_M9_r2,orange,691,0.943027
FKIT,Y+X2_M9_r2,orange,692,0.967777
FKIT,Y+X2_M9_r2,orange,693,0.874499
FKIT,Y+X2_M9_r2,orange,694,0.911221
FKIT,Y+X2_M9_r2,orange,695,0.937292
FKIT,Y+X2_M9_r2,orange,696,0.967727
FKIT,Y+X2_M9_r2,orange,697,0.967583
FKIT,Y+X2_M9_r2,orange,698,0.967206
FKIT,Y+X2_M9_r2,orange,699,0.966525
FKIT,Y+X2_M9_r2,orange,700,0.967266
FKIT,Y+X2_M9_r2,orange,701,0.969479
FKIT,Y+X2_M9_r2,orange,702,0.967769
FKIT,Y+X2_M9_r2,orange,703,0.841198
FKIT,Y+X2_M9_r2,orange,704,0.947420
FKIT,Y+X2_M9_r2,orange,705,0.969629
FKIT,Y+X2_M9_r2,orange,706,0.972811
FKIT,Y+X2_M9_r2,orange,707,0.970492
FKIT,Y+X2_M9_r2,orange,708,0.972242
FKIT,Y+X2_M9_r2,orange,709,0.972355
FKIT,Y+X2_M9_r2,orange,710,0.972083
FKIT,Y+X2_M9_r2,orange,711,0.971974
FKIT,Y+X2_M9_r2,orange,712,0.973297
FKIT,Y+X2_M9_r2,orange,713,0.973074
FKIT,Y+X2_M9_r2,orange,714,0.971080
FKIT,Y+X2_M9_r2,orange,715,0.973487
FKIT,Y+X2_M9_r2,orange,716,0.971630
FKIT,Y+X2_M9_r2,orange,717,0.970668
FKIT,Y+X2_M9_r2,orange,718,0.972462
FKIT,Y+X2_M9_r2,orange,719,0.970742
FKIT,Y+X2_M9_r2,orange,720,0.970754
FKIT,Y+X2_M9_r2,orange,721,0.972038
FKIT,Y+X2_M9_r2,orange,722,0.971712
FKIT,Y+X2_M9_r2,orange,723,0.968512
FKIT,Y+X2_M9_r2,orange,724,0.970197
FKIT,Y+X2_M9_r2,orange,725,0.969772
FKIT,Y+X2_M9_r2,orange,726,0.970074
FKIT,Y+X2_M9_r2,orange,727,0.967679
FKIT,Y+X2_M9_r2,orange,728,0.967403
FKIT,Y+X2_M9_r2,orange,729,0.968604
FKIT,Y+X2_M9_r2,orange,730,0.967855
FKIT,Y+X2_M9_r2,orange,731,0.967019
FKIT,Y+X2_M9_r2,orange,732,0.966941
FKIT,Y+X2_M9_r2,orange,733,0.967764
FKIT,Y+X2_M9_r2,orange,734,0.966064
FKIT,Y+X2_M9_r2,orange,735,0.951137
FKIT,Y+X2_M9_r2,orange,736,0.965347
FKIT,Y+X2_M9_r2,orange,737,0.964316
FKIT,Y+X2_M9_r2,orange,738,0.963406
FKIT,Y+X2_M9_r2,orange,739,0.961348
FKIT,Y+X2_M9_r2,orange,740,0.960395
FKIT,Y+X2_M9_r2,orange,741,0.963364
FKIT,Y+X2_M9_r2,orange,742,0.962728
FKIT,Y+X2_M9_r2,orange,743,0.951736
FKIT,Y+X2_M9_r2,orange,744,0.961724
FKIT,Y+X2_M9_r2,orange,745,0.963595
FKIT,Y+X2_M9_r2,orange,746,0.963216
FKIT,Y+X2_M9_r2,orange,747,0.963220
FKIT,Y+X2_M9_r2,orange,748,0.961473
FKIT,Y+X2_M9_r2,orange,749,0.966507
FKIT,Y+X2_M9_r2,orange,750,0.964141
FKIT,Y+X2_M9_r2,orange,751,0.963202
FKIT,Y+X2_M9_r2,orange,752,0.965080
FKIT,Y+X2_M9_r2,orange,753,0.964260
FKIT,Y+X2_M9_r2,orange,754,0.966877
FKIT,Y+X2_M9_r2,orange,755,0.969280
FKIT,Y+X2_M9_r2,orange,756,0.967696
FKIT,Y+X2_M9_r2,orange,757,0.965950
FKIT,Y+X2_M9_r2,orange,758,0.965589
FKIT,Y+X2_M9_r2,orange,759,0.965611
FKIT,Y+X2_M9_r2,orange,760,0.966539
FKIT,Y+X2_M9_r2,orange,761,0.962214
FKIT,Y+X2_M9_r2,orange,762,0.963571
FKIT,Y+X2_M9_r2,orange,763,0.963135
FKIT,Y+X2_M9_r2,orange,764,0.960893
FKIT,Y+X2_M9_r2,orange,765,0.966608
FKIT,Y+X2_M9_r2,orange,766,0.966414
FKIT,Y+X2_M9_r2,orange,767,0.964710
FKIT,Y+X2_M9_r2,orange,768,0.965026
FKIT,Y+X2_M9_r2,orange,769,0.964329
FKIT,Y+X2_M9_r2,orange,770,0.962775
FKIT,Y+X2_M9_r2,orange,771,0.962412
FKIT,Y+X2_M9_r2,orange,772,0.964687
FKIT,Y+X2_M9_r2,orange,773,0.966621
FKIT,Y+X2_M9_r2,orange,774,0.965036
FKIT,Y+X2_M9_r2,orange,775,0.964826
FKIT,Y+X2_M9_r2,orange,776,0.968727
FKIT,Y+X2_M9_r2,orange,777,0.968120
FKIT,Y+X2_M9_r2,orange,778,0.967929
FKIT,Y+X2_M9_r2,orange,779,0.967616
FKIT,Y+X2_M9_r2,orange,780,0.969155
FKIT,Y+X2_M9_r2,orange,781,0.967196
FKIT,Y+X2_M9_r2,orange,782,0.965237
FKIT,Y+X2_M9_r2,orange,783,0.966826
FKIT,Y+X2_M9_r2,orange,784,0.968764
FKIT,Y+X2_M9_r2,orange,785,0.966800
FKIT,Y+X2_M9_r2,orange,786,0.966799
FKIT,Y+X2_M9_r2,orange,787,0.967207
FKIT,Y+X2_M9_r2,orange,788,0.968653
FKIT,Y+X2_M9_r2,orange,789,0.966633
FKIT,Y+X2_M9_r2,orange,790,0.964774
FKIT,Y+X2_M9_r2,orange,791,0.963954
FKIT,Y+X2_M9_r2,orange,792,0.965258
FKIT,Y+X2_M9_r2,orange,793,0.963799
FKIT,Y+X2_M9_r2,orange,794,0.965662
FKIT,Y+X2_M9_r2,orange,795,0.969023
FKIT,Y+X2_M9_r2,orange,796,0.967504
FKIT,Y+X2_M9_r2,orange,797,0.966952
FKIT,Y+X2_M9_r2,orange,798,0.966608
FKIT,Y+X2_M9_r2,orange,799,0.965179
FKIT,Y+X2_M9_r2,orange,800,0.961538
FKIT,Y+X2_M9_r2,orange,801,0.961894
FKIT,Y+X2_M9_r2,orange,802,0.963341
FKIT,Y+X2_M9_r2,orange,803,0.962119
FKIT,Y+X2_M9_r2,orange,804,0.965496
FKIT,Y+X2_M9_r2,orange,805,0.965253
FKIT,Y+X2_M9_r2,orange,806,0.966008
FKIT,Y+X2_M9_r2,orange,807,0.967557
FKIT,Y+X2_M9_r2,orange,808,0.968872
FKIT,Y+X2_M9_r2,orange,809,0.970545
FKIT,Y+X2_M9_r2,orange,810,0.966383
FKIT,Y+X2_M9_r2,orange,811,0.971080
FKIT,Y+X2_M9_r2,orange,812,0.968400
FKIT,Y+X2_M9_r2,orange,813,0.971218
FKIT,Y+X2_M9_r2,orange,814,0.974230
FKIT,Y+X2_M9_r2,orange,815,0.973726
FKIT,Y+X2_M9_r2,orange,816,0.973525
FKIT,Y+X2_M9_r2,orange,817,0.973969
FKIT,Y+X2_M9_r2,orange,818,0.973342
FKIT,Y+X2_M9_r2,orange,819,0.972995
FKIT,Y+X2_M9_r2,orange,820,0.974434
FKIT,Y+X2_M9_r2,orange,821,0.974364
FKIT,Y+X2_M9_r2,orange,822,0.973728
FKIT,Y+X2_M9_r2,orange,823,0.973593
FKIT,Y+X2_M9_r2,orange,824,0.975034
FKIT,Y+X2_M9_r2,orange,825,0.972650
FKIT,Y+X2_M9_r2,orange,826,0.973581
FKIT,Y+X2_M9_r2,orange,827,0.972749
FKIT,Y+X2_M9_r2,orange,828,0.970045
FKIT,Y+X2_M9_r2,orange,829,0.969236
FKIT,Y+X2_M9_r2,orange,830,0.967696
FKIT,Y+X2_M9_r2,orange,831,0.967938
FKIT,Y+X2_M9_r2,orange,832,0.967405
FKIT,Y+X2_M9_r2,orange,833,0.967452
FKIT,Y+X2_M9_r2,orange,834,0.968505
FKIT,Y+X2_M9_r2,orange,835,0.969319
FKIT,Y+X2_M9_r2,orange,836,0.969019
FKIT,Y+X2_M9_r2,orange,837,0.969495
FKIT,Y+X2_M9_r2,orange,838,0.966434
FKIT,Y+X2_M9_r2,orange,839,0.968091
FKIT,Y+X2_M9_r2,orange,840,0.964487
FKIT,Y+X2_M9_r2,orange,841,0.967114
FKIT,Y+X2_M9_r2,orange,842,0.966742
FKIT,Y+X2_M9_r2,orange,843,0.965752
FKIT,Y+X2_M9_r2,orange,844,0.964212
FKIT,Y+X2_M9_r2,orange,845,0.968308
FKIT,Y+X2_M9_r2,orange,846,0.967657
FKIT,Y+X2_M9_r2,orange,847,0.964766
FKIT,Y+X2_M9_r2,orange,848,0.939138
FKIT,Y+X2_M9_r2,orange,849,0.963749
FKIT,Y+X2_M9_r2,orange,850,0.963636
FKIT,Y+X2_M9_r2,orange,851,0.963459
FKIT,Y+X2_M9_r2,orange,852,0.964237
FKIT,Y+X2_M9_r2,orange,853,0.964544
FKIT,Y+X2_M9_r2,orange,854,0.963223
FKIT,Y+X2_M9_r2,orange,855,0.963714
FKIT,Y+X2_M9_r2,orange,856,0.961748
FKIT,Y+X2_M9_r2,orange,857,0.963361
FKIT,Y+X2_M9_r2,orange,858,0.960269
FKIT,Y+X2_M9_r2,orange,859,0.963677
FKIT,Y+X2_M9_r2,orange,860,0.958151
FKIT,Y+X2_M9_r2,orange,861,0.960857
FKIT,Y+X2_M9_r2,orange,862,0.960351
FKIT,Y+X2_M9_r2,orange,863,0.957039
FKIT,Y+X2_M9_r2,orange,864,0.957802
FKIT,Y+X2_M9_r2,orange,865,0.955731
FKIT,Y+X2_M9_r2,orange,866,0.937535
FKIT,Y+X2_M9_r2,orange,867,0.953107
FKIT,Y+X2_M9_r2,orange,868,0.952674
FKIT,Y+X2_M9_r2,orange,869,0.954121
FKIT,Y+X2_M9_r2,orange,870,0.955317
FKIT,Y+X2_M9_r2,orange,871,0.956627
FKIT,Y+X2_M9_r2,orange,872,0.955292
FKIT,Y+X2_M9_r2,orange,873,0.954797
FKIT,Y+X2_M9_r2,orange,874,0.954410
FKIT,Y+X2_M9_r2,orange,875,0.955647
FKIT,Y+X2_M9_r2,orange,876,0.953469
FKIT,Y+X2_M9_r2,orange,877,0.958396
FKIT,Y+X2_M9_r2,orange,878,0.955825
FKIT,Y+X2_M9_r2,orange,879,0.957811
FKIT,Y+X2_M9_r2,orange,880,0.952718
FKIT,Y+X2_M9_r2,orange,881,0.951510
FKIT,Y+X2_M9_r2,orange,882,0.954895
FKIT,Y+X2_M9_r2,orange,883,0.956279
FKIT,Y+X2_M9_r2,orange,884,0.958503
FKIT,Y+X2_M9_r2,orange,885,0.957099
FKIT,Y+X2_M9_r2,orange,886,0.958163
FKIT,Y+X2_M9_r2,orange,887,0.959661
FKIT,Y+X2_M9_r2,orange,888,0.960569
FKIT,Y+X2_M9_r2,orange,889,0.962442
FKIT,Y+X2_M9_r2,orange,890,0.962892
FKIT,Y+X2_M9_r2,orange,891,0.961082
FKIT,Y+X2_M9_r2,orange,892,0.962524
FKIT,Y+X2_M9_r2,orange,893,0.962233
FKIT,Y+X2_M9_r2,orange,894,0.964928
FKIT,Y+X2_M9_r2,orange,895,0.959066
FKIT,Y+X2_M9_r2,orange,896,0.959140
FKIT,Y+X2_M9_r2,orange,897,0.961683
FKIT,Y+X2_M9_r2,orange,898,0.962681
FKIT,Y+X2_M9_r2,orange,899,0.964682
FKIT,Y+X2_M9_r2,orange,900,0.960536
FKIT,Y+X2_M9_r2,orange,901,0.959065
FKIT,Y+X2_M9_r2,orange,902,0.958593
FKIT,Y+X2_M9_r2,orange,903,0.959446
FKIT,Y+X2_M9_r2,orange,904,0.960109
FKIT,Y+X2_M9_r2,orange,905,0.958222
FKIT,Y+X2_M9_r2,orange,906,0.957628
FKIT,Y+X2_M9_r2,orange,907,0.958857
FKIT,Y+X2_M9_r2,orange,908,0.957247
FKIT,Y+X2_M9_r2,orange,909,0.959612
FKIT,Y+X2_M9_r2,orange,910,0.959024
FKIT,Y+X2_M9_r2,orange,911,0.956570
FKIT,Y+X2_M9_r2,orange,912,0.960680
FKIT,Y+X2_M9_r2,orange,913,0.959856
FKIT,Y+X2_M9_r2,orange,914,0.956064
FKIT,Y+X2_M9_r2,orange,915,0.950314
FKIT,Y+X2_M9_r2,orange,916,0.958124
FKIT,Y+X2_M9_r2,orange,917,0.956994
FKIT,Y+X2_M9_r2,orange,918,0.956684
FKIT,Y+X2_M9_r2,orange,919,0.955563
FKIT,Y+X2_M9_r2,orange,920,0.961335
FKIT,Y+X2_M9_r2,orange,921,0.960140
FKIT,Y+X2_M9_r2,orange,922,0.962851
FKIT,Y+X2_M9_r2,orange,923,0.964444
FKIT,Y+X2_M9_r2,orange,924,0.962857
FKIT,Y+X2_M9_r2,orange,925,0.961864
FKIT,Y+X2_M9_r2,orange,926,0.961050
FKIT,Y+X2_M9_r2,orange,927,0.963224
FKIT,Y+X2_M9_r2,orange,928,0.958756
FKIT,Y+X2_M9_r2,orange,929,0.961883
FKIT,Y+X2_M9_r2,orange,930,0.963641
FKIT,Y+X2_M9_r2,orange,931,0.961736
FKIT,Y+X2_M9_r2,orange,932,0.962028
FKIT,Y+X2_M9_r2,orange,933,0.960923
FKIT,Y+X2_M9_r2,orange,934,0.962049
FKIT,Y+X2_M9_r2,orange,935,0.964218
FKIT,Y+X2_M9_r2,orange,936,0.964354
FKIT,Y+X2_M9_r2,orange,937,0.965175
FKIT,Y+X2_M9_r2,orange,938,0.967422
FKIT,Y+X2_M9_r2,orange,939,0.966508
FKIT,Y+X2_M9_r2,orange,940,0.965068
FKIT,Y+X2_M9_r2,orange,941,0.962495
FKIT,Y+X2_M9_r2,orange,942,0.963631
FKIT,Y+X2_M9_r2,orange,943,0.963756
FKIT,Y+X2_M9_r2,orange,944,0.964057
FKIT,Y+X2_M9_r2,orange,945,0.962957
FKIT,Y+X2_M9_r2,orange,946,0.962434
FKIT,Y+X2_M9_r2,orange,947,0.965160
FKIT,Y+X2_M9_r2,orange,948,0.962524
FKIT,Y+X2_M9_r2,orange,949,0.965837
FKIT,Y+X2_M9_r2,orange,950,0.965613
FKIT,Y+X2_M9_r2,orange,951,0.965456
FKIT,Y+X2_M9_r2,orange,952,0.966059
FKIT,Y+X2_M9_r2,orange,953,0.758395
FKIT,Y+X2_M9_r2,orange,954,0.820322
FKIT,Y+X2_M9_r2,orange,955,0.891909
FKIT,Y+X2_M9_r2,orange,956,0.968243
FKIT,Y+X2_M9_r2,orange,957,0.969287
FKIT,Y+X2_M9_r2,orange,958,0.967175
FKIT,Y+X2_M9_r2,orange,959,0.965374
FKIT,Y+X2_M9_r2,orange,960,0.966357
FKIT,Y+X2_M9_r2,orange,961,0.965230
FKIT,Y+X2_M9_r2,orange,962,0.965183
FKIT,Y+X2_M9_r2,orange,963,0.964564
FKIT,Y+X2_M9_r2,orange,964,0.967897
FKIT,Y+X2_M9_r2,orange,965,0.966720
FKIT,Y+X2_M9_r2,orange,966,0.965667
FKIT,Y+X2_M9_r2,orange,967,0.967606
FKIT,Y+X2_M9_r2,orange,968,0.962571
FKIT,Y+X2_M9_r2,orange,969,0.964780
FKIT,Y+X2_M9_r2,orange,970,0.964453
FKIT,Y+X2_M9_r2,orange,971,0.962439
FKIT,Y+X2_M9_r2,orange,972,0.963074
FKIT,Y+X2_M9_r2,orange,973,0.957347
FKIT,Y+X2_M9_r2,orange,974,0.958511
FKIT,Y+X2_M9_r2,orange,975,0.956308
FKIT,Y+X2_M9_r2,orange,976,0.957610
FKIT,Y+X2_M9_r2,orange,977,0.959411
FKIT,Y+X2_M9_r2,orange,978,0.960856
FKIT,Y+X2_M9_r2,orange,979,0.958999
FKIT,Y+X2_M9_r2,orange,980,0.959215
FKIT,Y+X2_M9_r2,orange,981,0.956104
FKIT,Y+X2_M9_r2,orange,982,0.961385
FKIT,Y+X2_M9_r2,orange,983,0.963021
FKIT,Y+X2_M9_r2,orange,984,0.958621
FKIT,Y+X2_M9_r2,orange,985,0.958551
FKIT,Y+X2_M9_r2,orange,986,0.958486
FKIT,Y+X2_M9_r2,orange,987,0.959657
FKIT,Y+X2_M9_r2,orange,988,0.954758
FKIT,Y+X2_M9_r2,orange,989,0.957694
FKIT,Y+X2_M9_r2,orange,990,0.961237
FKIT,Y+X2_M9_r2,orange,991,0.961583
FKIT,Y+X2_M9_r2,orange,992,0.957671
FKIT,Y+X2_M9_r2,orange,993,0.957497
FKIT,Y+X2_M9_r2,orange,994,0.956489
FKIT,Y+X2_M9_r2,orange,995,0.958922
FKIT,Y+X2_M9_r2,orange,996,0.958030
FKIT,Y+X2_M9_r2,orange,997,0.961606
FKIT,Y+X2_M9_r2,orange,998,0.957727
FKIT,Y+X2_M9_r2,orange,999,0.958546
FKIT,Y+X2_M9_r2,orange,1000,0.958459
FKIT,Y+X2_M9_r2,paxoco_mini,0,0.460263
FKIT,Y+X2_M9_r2,paxoco_mini,1,0.456466
FKIT,Y+X2_M9_r2,paxoco_mini,2,0.457218
FKIT,Y+X2_M9_r2,paxoco_mini,3,0.458469
FKIT,Y+X2_M9_r2,paxoco_mini,4,0.459532
FKIT,Y+X2_M9_r2,paxoco_mini,5,0.459659
FKIT,Y+X2_M9_r2,paxoco_mini,6,0.459763
FKIT,Y+X2_M9_r2,paxoco_mini,7,0.459380
FKIT,Y+X2_M9_r2,paxoco_mini,8,0.459430
FKIT,Y+X2_M9_r2,paxoco_mini,9,0.460745
FKIT,Y+X2_M9_r2,paxoco_mini,10,0.459624
FKIT,Y+X2_M9_r2,paxoco_mini,11,0.465388
FKIT,Y+X2_M9_r2,paxoco_mini,12,0.466479
FKIT,Y+X2_M9_r2,paxoco_mini,13,0.468992
FKIT,Y+X2_M9_r2,paxoco_mini,14,0.474732
FKIT,Y+X2_M9_r2,paxoco_mini,15,0.470146
FKIT,Y+X2_M9_r2,paxoco_mini,16,0.471508
FKIT,Y+X2_M9_r2,paxoco_mini,17,0.471431
FKIT,Y+X2_M9_r2,paxoco_mini,18,0.469365
FKIT,Y+X2_M9_r2,paxoco_mini,19,0.467128
FKIT,Y+X2_M9_r2,paxoco_mini,20,0.468610
FKIT,Y+X2_M9_r2,paxoco_mini,21,0.474277
FKIT,Y+X2_M9_r2,paxoco_mini,22,0.475100
FKIT,Y+X2_M9_r2,paxoco_mini,23,0.474916
FKIT,Y+X2_M9_r2,paxoco_mini,24,0.475958
FKIT,Y+X2_M9_r2,paxoco_mini,25,0.476578
FKIT,Y+X2_M9_r2,paxoco_mini,26,0.476102
FKIT,Y+X2_M9_r2,paxoco_mini,27,0.477985
FKIT,Y+X2_M9_r2,paxoco_mini,28,0.477718
FKIT,Y+X2_M9_r2,paxoco_mini,29,0.477016
FKIT,Y+X2_M9_r2,paxoco_mini,30,0.479477
FKIT,Y+X2_M9_r2,paxoco_mini,31,0.481339
FKIT,Y+X2_M9_r2,paxoco_mini,32,0.479961
FKIT,Y+X2_M9_r2,paxoco_mini,33,0.479286
FKIT,Y+X2_M9_r2,paxoco_mini,34,0.480837
FKIT,Y+X2_M9_r2,paxoco_mini,35,0.480641
FKIT,Y+X2_M9_r2,paxoco_mini,36,0.480741
FKIT,Y+X2_M9_r2,paxoco_mini,37,0.478903
FKIT,Y+X2_M9_r2,paxoco_mini,38,0.474509
FKIT,Y+X2_M9_r2,paxoco_mini,39,0.473072
FKIT,Y+X2_M9_r2,paxoco_mini,40,0.458035
FKIT,Y+X2_M9_r2,paxoco_mini,41,0.468896
FKIT,Y+X2_M9_r2,paxoco_mini,42,0.466760
FKIT,Y+X2_M9_r2,paxoco_mini,43,0.463790
FKIT,Y+X2_M9_r2,paxoco_mini,44,0.465605
FKIT,Y+X2_M9_r2,paxoco_mini,45,0.461332
FKIT,Y+X2_M9_r2,paxoco_mini,46,0.457759
FKIT,Y+X2_M9_r2,paxoco_mini,47,0.453187
FKIT,Y+X2_M9_r2,paxoco_mini,48,0.455272
FKIT,Y+X2_M9_r2,paxoco_mini,49,0.448211
FKIT,Y+X2_M9_r2,paxoco_mini,50,0.442036
FKIT,Y+X2_M9_r2,paxoco_mini,51,0.437544
FKIT,Y+X2_M9_r2,paxoco_mini,52,0.434239
FKIT,Y+X2_M9_r2,paxoco_mini,53,0.428489
FKIT,Y+X2_M9_r2,paxoco_mini,54,0.417301
FKIT,Y+X2_M9_r2,paxoco_mini,55,0.430960
FKIT,Y+X2_M9_r2,paxoco_mini,56,0.456186
FKIT,Y+X2_M9_r2,paxoco_mini,57,0.460569
FKIT,Y+X2_M9_r2,paxoco_mini,58,0.457901
FKIT,Y+X2_M9_r2,paxoco_mini,59,0.454433
FKIT,Y+X2_M9_r2,paxoco_mini,60,0.459531
FKIT,Y+X2_M9_r2,paxoco_mini,61,0.459416
FKIT,Y+X2_M9_r2,paxoco_mini,62,0.466675
FKIT,Y+X2_M9_r2,paxoco_mini,63,0.477411
FKIT,Y+X2_M9_r2,paxoco_mini,64,0.494510
FKIT,Y+X2_M9_r2,paxoco_mini,65,0.540286
FKIT,Y+X2_M9_r2,paxoco_mini,66,0.570016
FKIT,Y+X2_M9_r2,paxoco_mini,67,0.619569
FKIT,Y+X2_M9_r2,paxoco_mini,68,0.661754
FKIT,Y+X2_M9_r2,paxoco_mini,69,0.730617
FKIT,Y+X2_M9_r2,paxoco_mini,70,0.807658
FKIT,Y+X2_M9_r2,paxoco_mini,71,0.858163
FKIT,Y+X2_M9_r2,paxoco_mini,72,0.923736
FKIT,Y+X2_M9_r2,paxoco_mini,73,0.963645
FKIT,Y+X2_M9_r2,paxoco_mini,74,0.960907
FKIT,Y+X2_M9_r2,paxoco_mini,75,0.965545
FKIT,Y+X2_M9_r2,paxoco_mini,76,0.963526
FKIT,Y+X2_M9_r2,paxoco_mini,77,0.956636
FKIT,Y+X2_M9_r2,paxoco_mini,78,0.954476
FKIT,Y+X2_M9_r2,paxoco_mini,79,0.958355
FKIT,Y+X2_M9_r2,paxoco_mini,80,0.954611
FKIT,Y+X2_M9_r2,paxoco_mini,81,0.959843
FKIT,Y+X2_M9_r2,paxoco_mini,82,0.959759
FKIT,Y+X2_M9_r2,paxoco_mini,83,0.961527
FKIT,Y+X2_M9_r2,paxoco_mini,84,0.959641
FKIT,Y+X2_M9_r2,paxoco_mini,85,0.958436
FKIT,Y+X2_M9_r2,paxoco_mini,86,0.958458
FKIT,Y+X2_M9_r2,paxoco_mini,87,0.960203
FKIT,Y+X2_M9_r2,paxoco_mini,88,0.957873
FKIT,Y+X2_M9_r2,paxoco_mini,89,0.949172
FKIT,Y+X2_M9_r2,paxoco_mini,90,0.952720
FKIT,Y+X2_M9_r2,paxoco_mini,91,0.952486
FKIT,Y+X2_M9_r2,paxoco_mini,92,0.953454
FKIT,Y+X2_M9_r2,paxoco_mini,93,0.955579
FKIT,Y+X2_M9_r2,paxoco_mini,94,0.951401
FKIT,Y+X2_M9_r2,paxoco_mini,95,0.942984
FKIT,Y+X2_M9_r2,paxoco_mini,96,0.951814
FKIT,Y+X2_M9_r2,paxoco_mini,97,0.918615
FKIT,Y+X2_M9_r2,paxoco_mini,98,0.950242
FKIT,Y+X2_M9_r2,paxoco_mini,99,0.953308
FKIT,Y+X2_M9_r2,paxoco_mini,100,0.952506
FKIT,Y+X2_M9_r2,paxoco_mini,101,0.954436
FKIT,Y+X2_M9_r2,paxoco_mini,102,0.954156
FKIT,Y+X2_M9_r2,paxoco_mini,103,0.956924
FKIT,Y+X2_M9_r2,paxoco_mini,104,0.956023
FKIT,Y+X2_M9_r2,paxoco_mini,105,0.952714
FKIT,Y+X2_M9_r2,paxoco_mini,106,0.952320
FKIT,Y+X2_M9_r2,paxoco_mini,107,0.950606
FKIT,Y+X2_M9_r2,paxoco_mini,108,0.950878
FKIT,Y+X2_M9_r2,paxoco_mini,109,0.949426
FKIT,Y+X2_M9_r2,paxoco_mini,110,0.950805
FKIT,Y+X2_M9_r2,paxoco_mini,111,0.950972
FKIT,Y+X2_M9_r2,paxoco_mini,112,0.952861
FKIT,Y+X2_M9_r2,paxoco_mini,113,0.951344
FKIT,Y+X2_M9_r2,paxoco_mini,114,0.950174
FKIT,Y+X2_M9_r2,paxoco_mini,115,0.949615
FKIT,Y+X2_M9_r2,paxoco_mini,116,0.948837
FKIT,Y+X2_M9_r2,paxoco_mini,117,0.949177
FKIT,Y+X2_M9_r2,paxoco_mini,118,0.942625
FKIT,Y+X2_M9_r2,paxoco_mini,119,0.946402
FKIT,Y+X2_M9_r2,paxoco_mini,120,0.946588
FKIT,Y+X2_M9_r2,paxoco_mini,121,0.948596
FKIT,Y+X2_M9_r2,paxoco_mini,122,0.949368
FKIT,Y+X2_M9_r2,paxoco_mini,123,0.951246
FKIT,Y+X2_M9_r2,paxoco_mini,124,0.954114
FKIT,Y+X2_M9_r2,paxoco_mini,125,0.952406
FKIT,Y+X2_M9_r2,paxoco_mini,126,0.951220
FKIT,Y+X2_M9_r2,paxoco_mini,127,0.948872
FKIT,Y+X2_M9_r2,paxoco_mini,128,0.953823
FKIT,Y+X2_M9_r2,paxoco_mini,129,0.947944
FKIT,Y+X2_M9_r2,paxoco_mini,130,0.952948
FKIT,Y+X2_M9_r2,paxoco_mini,131,0.947501
FKIT,Y+X2_M9_r2,paxoco_mini,132,0.904245
FKIT,Y+X2_M9_r2,paxoco_mini,133,0.940058
FKIT,Y+X2_M9_r2,paxoco_mini,134,0.804828
FKIT,Y+X2_M9_r2,paxoco_mini,135,0.954815
FKIT,Y+X2_M9_r2,paxoco_mini,136,0.953600
FKIT,Y+X2_M9_r2,paxoco_mini,137,0.956119
FKIT,Y+X2_M9_r2,paxoco_mini,138,0.951347
FKIT,Y+X2_M9_r2,paxoco_mini,139,0.952056
FKIT,Y+X2_M9_r2,paxoco_mini,140,0.955004
FKIT,Y+X2_M9_r2,paxoco_mini,141,0.953917
FKIT,Y+X2_M9_r2,paxoco_mini,142,0.956113
FKIT,Y+X2_M9_r2,paxoco_mini,143,0.953259
FKIT,Y+X2_M9_r2,paxoco_mini,144,0.956244
FKIT,Y+X2_M9_r2,paxoco_mini,145,0.956512
FKIT,Y+X2_M9_r2,paxoco_mini,146,0.956536
FKIT,Y+X2_M9_r2,paxoco_mini,147,0.955867
FKIT,Y+X2_M9_r2,paxoco_mini,148,0.953889
FKIT,Y+X2_M9_r2,paxoco_mini,149,0.956208
FKIT,Y+X2_M9_r2,paxoco_mini,150,0.953155
FKIT,Y+X2_M9_r2,paxoco_mini,151,0.954090
FKIT,Y+X2_M9_r2,paxoco_mini,152,0.953616
FKIT,Y+X2_M9_r2,paxoco_mini,153,0.955786
FKIT,Y+X2_M9_r2,paxoco_mini,154,0.955751
FKIT,Y+X2_M9_r2,paxoco_mini,155,0.956378
FKIT,Y+X2_M9_r2,paxoco_mini,156,0.957308
FKIT,Y+X2_M9_r2,paxoco_mini,157,0.955718
FKIT,Y+X2_M9_r2,paxoco_mini,158,0.956564
FKIT,Y+X2_M9_r2,paxoco_mini,159,0.956018
FKIT,Y+X2_M9_r2,paxoco_mini,160,0.952427
FKIT,Y+X2_M9_r2,paxoco_mini,161,0.953800
FKIT,Y+X2_M9_r2,paxoco_mini,162,0.954298
FKIT,Y+X2_M9_r2,paxoco_mini,163,0.955397
FKIT,Y+X2_M9_r2,paxoco_mini,164,0.956912
FKIT,Y+X2_M9_r2,paxoco_mini,165,0.956765
FKIT,Y+X2_M9_r2,paxoco_mini,166,0.956773
FKIT,Y+X2_M9_r2,paxoco_mini,167,0.959499
FKIT,Y+X2_M9_r2,paxoco_mini,168,0.958865
FKIT,Y+X2_M9_r2,paxoco_mini,169,0.958190
FKIT,Y+X2_M9_r2,paxoco_mini,170,0.959270
FKIT,Y+X2_M9_r2,paxoco_mini,171,0.955686
FKIT,Y+X2_M9_r2,paxoco_mini,172,0.961496
FKIT,Y+X2_M9_r2,paxoco_mini,173,0.955749
FKIT,Y+X2_M9_r2,paxoco_mini,174,0.957800
FKIT,Y+X2_M9_r2,paxoco_mini,175,0.953551
FKIT,Y+X2_M9_r2,paxoco_mini,176,0.953241
FKIT,Y+X2_M9_r2,paxoco_mini,177,0.950844
FKIT,Y+X2_M9_r2,paxoco_mini,178,0.954052
FKIT,Y+X2_M9_r2,paxoco_mini,179,0.949289
FKIT,Y+X2_M9_r2,paxoco_mini,180,0.951089
FKIT,Y+X2_M9_r2,paxoco_mini,181,0.958579
FKIT,Y+X2_M9_r2,paxoco_mini,182,0.958177
FKIT,Y+X2_M9_r2,paxoco_mini,183,0.958569
FKIT,Y+X2_M9_r2,paxoco_mini,184,0.961253
FKIT,Y+X2_M9_r2,paxoco_mini,185,0.960995
FKIT,Y+X2_M9_r2,paxoco_mini,186,0.964690
FKIT,Y+X2_M9_r2,paxoco_mini,187,0.960918
FKIT,Y+X2_M9_r2,paxoco_mini,188,0.956502
FKIT,Y+X2_M9_r2,paxoco_mini,189,0.952523
FKIT,Y+X2_M9_r2,paxoco_mini,190,0.950804
FKIT,Y+X2_M9_r2,paxoco_mini,191,0.956094
FKIT,Y+X2_M9_r2,paxoco_mini,192,0.955316
FKIT,Y+X2_M9_r2,paxoco_mini,193,0.954540
FKIT,Y+X2_M9_r2,paxoco_mini,194,0.955676
FKIT,Y+X2_M9_r2,paxoco_mini,195,0.955522
FKIT,Y+X2_M9_r2,paxoco_mini,196,0.954765
FKIT,Y+X2_M9_r2,paxoco_mini,197,0.959598
FKIT,Y+X2_M9_r2,paxoco_mini,198,0.954959
FKIT,Y+X2_M9_r2,paxoco_mini,199,0.955994
FKIT,Y+X2_M9_r2,paxoco_mini,200,0.957944
FKIT,Y+X2_M9_r2,paxoco_mini,201,0.952763
FKIT,Y+X2_M9_r2,paxoco_mini,202,0.957243
FKIT,Y+X2_M9_r2,paxoco_mini,203,0.954756
FKIT,Y+X2_M9_r2,paxoco_mini,204,0.957209
FKIT,Y+X2_M9_r2,paxoco_mini,205,0.954497
FKIT,Y+X2_M9_r2,paxoco_mini,206,0.957406
FKIT,Y+X2_M9_r2,paxoco_mini,207,0.959650
FKIT,Y+X2_M9_r2,paxoco_mini,208,0.956697
FKIT,Y+X2_M9_r2,paxoco_mini,209,0.960133
FKIT,Y+X2_M9_r2,paxoco_mini,210,0.959352
FKIT,Y+X2_M9_r2,paxoco_mini,211,0.959091
FKIT,Y+X2_M9_r2,paxoco_mini,212,0.953360
FKIT,Y+X2_M9_r2,paxoco_mini,213,0.954141
FKIT,Y+X2_M9_r2,paxoco_mini,214,0.953089
FKIT,Y+X2_M9_r2,paxoco_mini,215,0.955485
FKIT,Y+X2_M9_r2,paxoco_mini,216,0.957110
FKIT,Y+X2_M9_r2,paxoco_mini,217,0.957183
FKIT,Y+X2_M9_r2,paxoco_mini,218,0.960039
FKIT,Y+X2_M9_r2,paxoco_mini,219,0.962486
FKIT,Y+X2_M9_r2,paxoco_mini,220,0.956639
FKIT,Y+X2_M9_r2,paxoco_mini,221,0.954405
FKIT,Y+X2_M9_r2,paxoco_mini,222,0.959792
FKIT,Y+X2_M9_r2,paxoco_mini,223,0.958642
FKIT,Y+X2_M9_r2,paxoco_mini,224,0.961865
FKIT,Y+X2_M9_r2,paxoco_mini,225,0.964115
FKIT,Y+X2_M9_r2,paxoco_mini,226,0.960713
FKIT,Y+X2_M9_r2,paxoco_mini,227,0.961497
FKIT,Y+X2_M9_r2,paxoco_mini,228,0.958154
FKIT,Y+X2_M9_r2,paxoco_mini,229,0.958249
FKIT,Y+X2_M9_r2,paxoco_mini,230,0.957388
FKIT,Y+X2_M9_r2,paxoco_mini,231,0.958571
FKIT,Y+X2_M9_r2,paxoco_mini,232,0.959063
FKIT,Y+X2_M9_r2,paxoco_mini,233,0.956671
FKIT,Y+X2_M9_r2,paxoco_mini,234,0.952140
FKIT,Y+X2_M9_r2,paxoco_mini,235,0.959477
FKIT,Y+X2_M9_r2,paxoco_mini,236,0.956040
FKIT,Y+X2_M9_r2,paxoco_mini,237,0.959733
FKIT,Y+X2_M9_r2,paxoco_mini,238,0.955618
FKIT,Y+X2_M9_r2,paxoco_mini,239,0.953339
FKIT,Y+X2_M9_r2,paxoco_mini,240,0.952597
FKIT,Y+X2_M9_r2,paxoco_mini,241,0.953850
FKIT,Y+X2_M9_r2,paxoco_mini,242,0.956217
FKIT,Y+X2_M9_r2,paxoco_mini,243,0.959481
FKIT,Y+X2_M9_r2,paxoco_mini,244,0.946162
FKIT,Y+X2_M9_r2,paxoco_mini,245,0.950413
FKIT,Y+X2_M9_r2,paxoco_mini,246,0.952857
FKIT,Y+X2_M9_r2,paxoco_mini,247,0.960419
FKIT,Y+X2_M9_r2,paxoco_mini,248,0.952872
FKIT,Y+X2_M9_r2,paxoco_mini,249,0.958904
FKIT,Y+X2_M9_r2,paxoco_mini,250,0.958550
FKIT,Y+X2_M9_r2,paxoco_mini,251,0.949872
FKIT,Y+X2_M9_r2,paxoco_mini,252,0.959075
FKIT,Y+X2_M9_r2,paxoco_mini,253,0.954860
FKIT,Y+X2_M9_r2,paxoco_mini,254,0.957456
FKIT,Y+X2_M9_r2,paxoco_mini,255,0.953192
FKIT,Y+X2_M9_r2,paxoco_mini,256,0.957814
FKIT,Y+X2_M9_r2,paxoco_mini,257,0.963269
FKIT,Y+X2_M9_r2,paxoco_mini,258,0.959862
FKIT,Y+X2_M9_r2,paxoco_mini,259,0.953271
FKIT,Y+X2_M9_r2,paxoco_mini,260,0.950318
FKIT,Y+X2_M9_r2,paxoco_mini,261,0.955281
FKIT,Y+X2_M9_r2,paxoco_mini,262,0.955444
FKIT,Y+X2_M9_r2,paxoco_mini,263,0.957447
FKIT,Y+X2_M9_r2,paxoco_mini,264,0.957864
FKIT,Y+X2_M9_r2,paxoco_mini,265,0.959368
FKIT,Y+X2_M9_r2,paxoco_mini,266,0.957129
FKIT,Y+X2_M9_r2,paxoco_mini,267,0.957268
FKIT,Y+X2_M9_r2,paxoco_mini,268,0.954801
FKIT,Y+X2_M9_r2,paxoco_mini,269,0.953354
FKIT,Y+X2_M9_r2,paxoco_mini,270,0.956687
FKIT,Y+X2_M9_r2,paxoco_mini,271,0.955606
FKIT,Y+X2_M9_r2,paxoco_mini,272,0.959313
FKIT,Y+X2_M9_r2,paxoco_mini,273,0.956085
FKIT,Y+X2_M9_r2,paxoco_mini,274,0.958568
FKIT,Y+X2_M9_r2,paxoco_mini,275,0.954126
FKIT,Y+X2_M9_r2,paxoco_mini,276,0.960906
FKIT,Y+X2_M9_r2,paxoco_mini,277,0.959531
FKIT,Y+X2_M9_r2,paxoco_mini,278,0.961824
FKIT,Y+X2_M9_r2,paxoco_mini,279,0.958103
FKIT,Y+X2_M9_r2,paxoco_mini,280,0.954473
FKIT,Y+X2_M9_r2,paxoco_mini,281,0.949810
FKIT,Y+X2_M9_r2,paxoco_mini,282,0.951234
FKIT,Y+X2_M9_r2,paxoco_mini,283,0.952338
FKIT,Y+X2_M9_r2,paxoco_mini,284,0.957836
FKIT,Y+X2_M9_r2,paxoco_mini,285,0.956909
FKIT,Y+X2_M9_r2,paxoco_mini,286,0.960594
FKIT,Y+X2_M9_r2,paxoco_mini,287,0.952018
FKIT,Y+X2_M9_r2,paxoco_mini,288,0.954479
FKIT,Y+X2_M9_r2,paxoco_mini,289,0.954933
FKIT,Y+X2_M9_r2,paxoco_mini,290,0.951336
FKIT,Y+X2_M9_r2,paxoco_mini,291,0.958962
FKIT,Y+X2_M9_r2,paxoco_mini,292,0.957435
FKIT,Y+X2_M9_r2,paxoco_mini,293,0.954371
FKIT,Y+X2_M9_r2,paxoco_mini,294,0.960431
FKIT,Y+X2_M9_r2,paxoco_mini,295,0.956986
FKIT,Y+X2_M9_r2,paxoco_mini,296,0.947061
FKIT,Y+X2_M9_r2,paxoco_mini,297,0.953403
FKIT,Y+X2_M9_r2,paxoco_mini,298,0.954993
FKIT,Y+X2_M9_r2,paxoco_mini,299,0.958574
FKIT,Y+X2_M9_r2,paxoco_mini,300,0.959454
FKIT,Y+X2_M9_r2,paxoco_mini,301,0.952230
FKIT,Y+X2_M9_r2,paxoco_mini,302,0.955124
FKIT,Y+X2_M9_r2,paxoco_mini,303,0.949640
FKIT,Y+X2_M9_r2,paxoco_mini,304,0.954741
FKIT,Y+X2_M9_r2,paxoco_mini,305,0.953898
FKIT,Y+X2_M9_r2,paxoco_mini,306,0.955568
FKIT,Y+X2_M9_r2,paxoco_mini,307,0.956994
FKIT,Y+X2_M9_r2,paxoco_mini,308,0.956367
FKIT,Y+X2_M9_r2,paxoco_mini,309,0.958707
FKIT,Y+X2_M9_r2,paxoco_mini,310,0.957203
FKIT,Y+X2_M9_r2,paxoco_mini,311,0.955998
FKIT,Y+X2_M9_r2,paxoco_mini,312,0.956011
FKIT,Y+X2_M9_r2,paxoco_mini,313,0.955628
FKIT,Y+X2_M9_r2,paxoco_mini,314,0.953652
FKIT,Y+X2_M9_r2,paxoco_mini,315,0.956698
FKIT,Y+X2_M9_r2,paxoco_mini,316,0.956925
FKIT,Y+X2_M9_r2,paxoco_mini,317,0.959225
FKIT,Y+X2_M9_r2,paxoco_mini,318,0.955717
FKIT,Y+X2_M9_r2,paxoco_mini,319,0.955949
FKIT,Y+X2_M9_r2,paxoco_mini,320,0.957717
FKIT,Y+X2_M9_r2,paxoco_mini,321,0.955137
FKIT,Y+X2_M9_r2,paxoco_mini,322,0.957734
FKIT,Y+X2_M9_r2,paxoco_mini,323,0.956585
FKIT,Y+X2_M9_r2,paxoco_mini,324,0.955135
FKIT,Y+X2_M9_r2,paxoco_mini,325,0.958807
FKIT,Y+X2_M9_r2,paxoco_mini,326,0.956500
FKIT,Y+X2_M9_r2,paxoco_mini,327,0.957698
FKIT,Y+X2_M9_r2,paxoco_mini,328,0.953300
FKIT,Y+X2_M9_r2,paxoco_mini,329,0.959675
FKIT,Y+X2_M9_r2,paxoco_mini,330,0.962228
FKIT,Y+X2_M9_r2,paxoco_mini,331,0.960569
FKIT,Y+X2_M9_r2,paxoco_mini,332,0.959538
FKIT,Y+X2_M9_r2,paxoco_mini,333,0.962483
FKIT,Y+X2_M9_r2,paxoco_mini,334,0.959925
FKIT,Y+X2_M9_r2,paxoco_mini,335,0.961496
FKIT,Y+X2_M9_r2,paxoco_mini,336,0.959613
FKIT,Y+X2_M9_r2,paxoco_mini,337,0.960423
FKIT,Y+X2_M9_r2,paxoco_mini,338,0.958847
FKIT,Y+X2_M9_r2,paxoco_mini,339,0.960572
FKIT,Y+X2_M9_r2,paxoco_mini,340,0.960636
FKIT,Y+X2_M9_r2,paxoco_mini,341,0.964214
FKIT,Y+X2_M9_r2,paxoco_mini,342,0.962892
FKIT,Y+X2_M9_r2,paxoco_mini,343,0.959302
FKIT,Y+X2_M9_r2,paxoco_mini,344,0.963045
FKIT,Y+X2_M9_r2,paxoco_mini,345,0.943210
FKIT,Y+X2_M9_r2,paxoco_mini,346,0.878957
FKIT,Y+X2_M9_r2,paxoco_mini,347,0.947925
FKIT,Y+X2_M9_r2,paxoco_mini,348,0.876727
FKIT,Y+X2_M9_r2,paxoco_mini,349,0.937347
FKIT,Y+X2_M9_r2,paxoco_mini,350,0.918208
FKIT,Y+X2_M9_r2,paxoco_mini,351,0.758237
FKIT,Y+X2_M9_r2,paxoco_mini,352,0.571214
FKIT,Y+X2_M9_r2,paxoco_mini,353,0.433218
FKIT,Y+X2_M9_r2,paxoco_mini,354,0.432954
FKIT,Y+X2_M9_r2,paxoco_mini,355,0.431402
FKIT,Y+X2_M9_r2,paxoco_mini,356,0.435470
FKIT,Y+X2_M9_r2,paxoco_mini,357,0.439404
FKIT,Y+X2_M9_r2,paxoco_mini,358,0.442747
FKIT,Y+X2_M9_r2,paxoco_mini,359,0.440649
FKIT,Y+X2_M9_r2,paxoco_mini,360,0.456195
FKIT,Y+X2_M9_r2,paxoco_mini,361,0.452007
FKIT,Y+X2_M9_r2,paxoco_mini,362,0.458684
FKIT,Y+X2_M9_r2,paxoco_mini,363,0.458489
FKIT,Y+X2_M9_r2,paxoco_mini,364,0.461726
FKIT,Y+X2_M9_r2,paxoco_mini,365,0.461368
FKIT,Y+X2_M9_r2,paxoco_mini,366,0.462670
FKIT,Y+X2_M9_r2,paxoco_mini,367,0.473829
FKIT,Y+X2_M9_r2,paxoco_mini,368,0.461541
FKIT,Y+X2_M9_r2,paxoco_mini,369,0.464077
FKIT,Y+X2_M9_r2,paxoco_mini,370,0.461469
FKIT,Y+X2_M9_r2,paxoco_mini,371,0.458467
FKIT,Y+X2_M9_r2,paxoco_mini,372,0.463015
FKIT,Y+X2_M9_r2,paxoco_mini,373,0.459611
FKIT,Y+X2_M9_r2,paxoco_mini,374,0.460786
FKIT,Y+X2_M9_r2,paxoco_mini,375,0.460724
FKIT,Y+X2_M9_r2,paxoco_mini,376,0.461728
FKIT,Y+X2_M9_r2,paxoco_mini,377,0.476451
FKIT,Y+X2_M9_r2,paxoco_mini,378,0.470806
FKIT,Y+X2_M9_r2,paxoco_mini,379,0.456831
FKIT,Y+X2_M9_r2,paxoco_mini,380,0.458553
FKIT,Y+X2_M9_r2,paxoco_mini,381,0.463008
FKIT,Y+X2_M9_r2,paxoco_mini,382,0.463965
FKIT,Y+X2_M9_r2,paxoco_mini,383,0.463064
FKIT,Y+X2_M9_r2,paxoco_mini,384,0.460107
FKIT,Y+X2_M9_r2,paxoco_mini,385,0.451979
FKIT,Y+X2_M9_r2,paxoco_mini,386,0.441959
FKIT,Y+X2_M9_r2,paxoco_mini,387,0.442373
FKIT,Y+X2_M9_r2,paxoco_mini,388,0.456323
FKIT,Y+X2_M9_r2,paxoco_mini,389,0.469255
FKIT,Y+X2_M9_r2,paxoco_mini,390,0.482406
FKIT,Y+X2_M9_r2,paxoco_mini,391,0.493545
FKIT,Y+X2_M9_r2,paxoco_mini,392,0.513441
FKIT,Y+X2_M9_r2,paxoco_mini,393,0.532536
FKIT,Y+X2_M9_r2,paxoco_mini,394,0.545475
FKIT,Y+X2_M9_r2,paxoco_mini,395,0.557804
FKIT,Y+X2_M9_r2,paxoco_mini,396,0.574246
FKIT,Y+X2_M9_r2,paxoco_mini,397,0.597855
FKIT,Y+X2_M9_r2,paxoco_mini,398,0.628029
FKIT,Y+X2_M9_r2,paxoco_mini,399,0.685126
FKIT,Y+X2_M9_r2,paxoco_mini,400,0.756093
FKIT,Y+X2_M9_r2,paxoco_mini,401,0.829689
FKIT,Y+X2_M9_r2,paxoco_mini,402,0.917327
FKIT,Y+X2_M9_r2,paxoco_mini,403,0.959814
FKIT,Y+X2_M9_r2,paxoco_mini,404,0.960135
FKIT,Y+X2_M9_r2,paxoco_mini,405,0.955852
FKIT,Y+X2_M9_r2,paxoco_mini,406,0.954207
FKIT,Y+X2_M9_r2,paxoco_mini,407,0.957735
FKIT,Y+X2_M9_r2,paxoco_mini,408,0.955112
FKIT,Y+X2_M9_r2,paxoco_mini,409,0.958098
FKIT,Y+X2_M9_r2,paxoco_mini,410,0.950998
FKIT,Y+X2_M9_r2,paxoco_mini,411,0.954234
FKIT,Y+X2_M9_r2,paxoco_mini,412,0.954383
FKIT,Y+X2_M9_r2,paxoco_mini,413,0.950022
FKIT,Y+X2_M9_r2,paxoco_mini,414,0.950935
FKIT,Y+X2_M9_r2,paxoco_mini,415,0.944571
FKIT,Y+X2_M9_r2,paxoco_mini,416,0.954681
FKIT,Y+X2_M9_r2,paxoco_mini,417,0.944535
FKIT,Y+X2_M9_r2,paxoco_mini,418,0.946489
FKIT,Y+X2_M9_r2,paxoco_mini,419,0.951863
FKIT,Y+X2_M9_r2,paxoco_mini,420,0.938487
FKIT,Y+X2_M9_r2,paxoco_mini,421,0.946487
FKIT,Y+X2_M9_r2,paxoco_mini,422,0.938097
FKIT,Y+X2_M9_r2,paxoco_mini,423,0.938887
FKIT,Y+X2_M9_r2,paxoco_mini,424,0.947854
FKIT,Y+X2_M9_r2,paxoco_mini,425,0.945811
FKIT,Y+X2_M9_r2,paxoco_mini,426,0.946274
FKIT,Y+X2_M9_r2,paxoco_mini,427,0.938374
FKIT,Y+X2_M9_r2,paxoco_mini,428,0.943010
FKIT,Y+X2_M9_r2,paxoco_mini,429,0.907147
FKIT,Y+X2_M9_r2,paxoco_mini,430,0.936450
FKIT,Y+X2_M9_r2,paxoco_mini,431,0.936976
FKIT,Y+X2_M9_r2,paxoco_mini,432,0.938773
FKIT,Y+X2_M9_r2,paxoco_mini,433,0.937872
FKIT,Y+X2_M9_r2,paxoco_mini,434,0.942659
FKIT,Y+X2_M9_r2,paxoco_mini,435,0.935175
FKIT,Y+X2_M9_r2,paxoco_mini,436,0.936253
FKIT,Y+X2_M9_r2,paxoco_mini,437,0.940378
FKIT,Y+X2_M9_r2,paxoco_mini,438,0.938419
FKIT,Y+X2_M9_r2,paxoco_mini,439,0.936817
FKIT,Y+X2_M9_r2,paxoco_mini,440,0.936227
FKIT,Y+X2_M9_r2,paxoco_mini,441,0.941699
FKIT,Y+X2_M9_r2,paxoco_mini,442,0.944739
FKIT,Y+X2_M9_r2,paxoco_mini,443,0.945946
FKIT,Y+X2_M9_r2,paxoco_mini,444,0.943980
FKIT,Y+X2_M9_r2,paxoco_mini,445,0.948423
FKIT,Y+X2_M9_r2,paxoco_mini,446,0.949045
FKIT,Y+X2_M9_r2,paxoco_mini,447,0.952895
FKIT,Y+X2_M9_r2,paxoco_mini,448,0.951144
FKIT,Y+X2_M9_r2,paxoco_mini,449,0.952524
FKIT,Y+X2_M9_r2,paxoco_mini,450,0.948455
FKIT,Y+X2_M9_r2,paxoco_mini,451,0.956364
FKIT,Y+X2_M9_r2,paxoco_mini,452,0.954292
FKIT,Y+X2_M9_r2,paxoco_mini,453,0.954919
FKIT,Y+X2_M9_r2,paxoco_mini,454,0.958092
FKIT,Y+X2_M9_r2,paxoco_mini,455,0.955862
FKIT,Y+X2_M9_r2,paxoco_mini,456,0.958777
FKIT,Y+X2_M9_r2,paxoco_mini,457,0.955739
FKIT,Y+X2_M9_r2,paxoco_mini,458,0.950132
FKIT,Y+X2_M9_r2,paxoco_mini,459,0.951453
FKIT,Y+X2_M9_r2,paxoco_mini,460,0.951870
FKIT,Y+X2_M9_r2,paxoco_mini,461,0.957045
FKIT,Y+X2_M9_r2,paxoco_mini,462,0.957406
FKIT,Y+X2_M9_r2,paxoco_mini,463,0.953281
FKIT,Y+X2_M9_r2,paxoco_mini,464,0.953246
FKIT,Y+X2_M9_r2,paxoco_mini,465,0.955020
FKIT,Y+X2_M9_r2,paxoco_mini,466,0.952442
FKIT,Y+X2_M9_r2,paxoco_mini,467,0.959566
FKIT,Y+X2_M9_r2,paxoco_mini,468,0.953262
FKIT,Y+X2_M9_r2,paxoco_mini,469,0.957439
FKIT,Y+X2_M9_r2,paxoco_mini,470,0.952067
FKIT,Y+X2_M9_r2,paxoco_mini,471,0.955814
FKIT,Y+X2_M9_r2,paxoco_mini,472,0.958740
FKIT,Y+X2_M9_r2,paxoco_mini,473,0.960721
FKIT,Y+X2_M9_r2,paxoco_mini,474,0.961205
FKIT,Y+X2_M9_r2,paxoco_mini,475,0.954897
FKIT,Y+X2_M9_r2,paxoco_mini,476,0.956697
FKIT,Y+X2_M9_r2,paxoco_mini,477,0.959462
FKIT,Y+X2_M9_r2,paxoco_mini,478,0.954848
FKIT,Y+X2_M9_r2,paxoco_mini,479,0.954648
FKIT,Y+X2_M9_r2,paxoco_mini,480,0.958080
FKIT,Y+X2_M9_r2,paxoco_mini,481,0.955518
FKIT,Y+X2_M9_r2,paxoco_mini,482,0.956062
FKIT,Y+X2_M9_r2,paxoco_mini,483,0.953377
FKIT,Y+X2_M9_r2,paxoco_mini,484,0.957638
FKIT,Y+X2_M9_r2,paxoco_mini,485,0.955920
FKIT,Y+X2_M9_r2,paxoco_mini,486,0.954264
FKIT,Y+X2_M9_r2,paxoco_mini,487,0.956195
FKIT,Y+X2_M9_r2,paxoco_mini,488,0.959333
FKIT,Y+X2_M9_r2,paxoco_mini,489,0.956825
FKIT,Y+X2_M9_r2,paxoco_mini,490,0.956803
FKIT,Y+X2_M9_r2,paxoco_mini,491,0.958458
FKIT,Y+X2_M9_r2,paxoco_mini,492,0.958618
FKIT,Y+X2_M9_r2,paxoco_mini,493,0.958761
FKIT,Y+X2_M9_r2,paxoco_mini,494,0.959571
FKIT,Y+X2_M9_r2,paxoco_mini,495,0.961164
FKIT,Y+X2_M9_r2,paxoco_mini,496,0.962013
FKIT,Y+X2_M9_r2,paxoco_mini,497,0.961396
FKIT,Y+X2_M9_r2,paxoco_mini,498,0.955248
FKIT,Y+X2_M9_r2,paxoco_mini,499,0.960704
FKIT,Y+X2_M9_r2,paxoco_mini,500,0.961025
FKIT,Y+X2_M9_r2,paxoco_mini,501,0.963958
FKIT,Y+X2_M9_r2,paxoco_mini,502,0.963988
FKIT,Y+X2_M9_r2,paxoco_mini,503,0.960299
FKIT,Y+X2_M9_r2,paxoco_mini,504,0.959801
FKIT,Y+X2_M9_r2,paxoco_mini,505,0.962922
FKIT,Y+X2_M9_r2,paxoco_mini,506,0.963075
FKIT,Y+X2_M9_r2,paxoco_mini,507,0.962142
FKIT,Y+X2_M9_r2,paxoco_mini,508,0.961665
FKIT,Y+X2_M9_r2,paxoco_mini,509,0.958844
FKIT,Y+X2_M9_r2,paxoco_mini,510,0.959112
FKIT,Y+X2_M9_r2,paxoco_mini,511,0.958165
FKIT,Y+X2_M9_r2,paxoco_mini,512,0.957408
FKIT,Y+X2_M9_r2,paxoco_mini,513,0.958702
FKIT,Y+X2_M9_r2,paxoco_mini,514,0.956043
FKIT,Y+X2_M9_r2,paxoco_mini,515,0.954346
FKIT,Y+X2_M9_r2,paxoco_mini,516,0.955596
FKIT,Y+X2_M9_r2,paxoco_mini,517,0.952424
FKIT,Y+X2_M9_r2,paxoco_mini,518,0.952239
FKIT,Y+X2_M9_r2,paxoco_mini,519,0.952221
FKIT,Y+X2_M9_r2,paxoco_mini,520,0.953512
FKIT,Y+X2_M9_r2,paxoco_mini,521,0.950491
FKIT,Y+X2_M9_r2,paxoco_mini,522,0.956197
FKIT,Y+X2_M9_r2,paxoco_mini,523,0.954660
FKIT,Y+X2_M9_r2,paxoco_mini,524,0.957713
FKIT,Y+X2_M9_r2,paxoco_mini,525,0.957018
FKIT,Y+X2_M9_r2,paxoco_mini,526,0.952032
FKIT,Y+X2_M9_r2,paxoco_mini,527,0.956605
FKIT,Y+X2_M9_r2,paxoco_mini,528,0.954661
FKIT,Y+X2_M9_r2,paxoco_mini,529,0.951980
FKIT,Y+X2_M9_r2,paxoco_mini,530,0.955666
FKIT,Y+X2_M9_r2,paxoco_mini,531,0.953264
FKIT,Y+X2_M9_r2,paxoco_mini,532,0.954804
FKIT,Y+X2_M9_r2,paxoco_mini,533,0.953811
FKIT,Y+X2_M9_r2,paxoco_mini,534,0.955527
FKIT,Y+X2_M9_r2,paxoco_mini,535,0.955234
FKIT,Y+X2_M9_r2,paxoco_mini,536,0.953103
FKIT,Y+X2_M9_r2,paxoco_mini,537,0.953167
FKIT,Y+X2_M9_r2,paxoco_mini,538,0.954404
FKIT,Y+X2_M9_r2,paxoco_mini,539,0.952576
FKIT,Y+X2_M9_r2,paxoco_mini,540,0.952539
FKIT,Y+X2_M9_r2,paxoco_mini,541,0.953337
FKIT,Y+X2_M9_r2,paxoco_mini,542,0.948996
FKIT,Y+X2_M9_r2,paxoco_mini,543,0.949953
FKIT,Y+X2_M9_r2,paxoco_mini,544,0.949774
FKIT,Y+X2_M9_r2,paxoco_mini,545,0.952244
FKIT,Y+X2_M9_r2,paxoco_mini,546,0.951430
FKIT,Y+X2_M9_r2,paxoco_mini,547,0.952050
FKIT,Y+X2_M9_r2,paxoco_mini,548,0.947641
FKIT,Y+X2_M9_r2,paxoco_mini,549,0.952260
FKIT,Y+X2_M9_r2,paxoco_mini,550,0.953757
FKIT,Y+X2_M9_r2,paxoco_mini,551,0.955763
FKIT,Y+X2_M9_r2,paxoco_mini,552,0.956127
FKIT,Y+X2_M9_r2,paxoco_mini,553,0.959888
FKIT,Y+X2_M9_r2,paxoco_mini,554,0.959726
FKIT,Y+X2_M9_r2,paxoco_mini,555,0.957657
FKIT,Y+X2_M9_r2,paxoco_mini,556,0.956492
FKIT,Y+X2_M9_r2,paxoco_mini,557,0.959991
FKIT,Y+X2_M9_r2,paxoco_mini,558,0.960009
FKIT,Y+X2_M9_r2,paxoco_mini,559,0.960812
FKIT,Y+X2_M9_r2,paxoco_mini,560,0.957610
FKIT,Y+X2_M9_r2,paxoco_mini,561,0.963038
FKIT,Y+X2_M9_r2,paxoco_mini,562,0.959328
FKIT,Y+X2_M9_r2,paxoco_mini,563,0.953340
FKIT,Y+X2_M9_r2,paxoco_mini,564,0.961691
FKIT,Y+X2_M9_r2,paxoco_mini,565,0.961138
FKIT,Y+X2_M9_r2,paxoco_mini,566,0.959253
FKIT,Y+X2_M9_r2,paxoco_mini,567,0.959370
FKIT,Y+X2_M9_r2,paxoco_mini,568,0.957676
FKIT,Y+X2_M9_r2,paxoco_mini,569,0.955071
FKIT,Y+X2_M9_r2,paxoco_mini,570,0.955687
FKIT,Y+X2_M9_r2,paxoco_mini,571,0.955703
FKIT,Y+X2_M9_r2,paxoco_mini,572,0.957113
FKIT,Y+X2_M9_r2,paxoco_mini,573,0.952067
FKIT,Y+X2_M9_r2,paxoco_mini,574,0.959481
FKIT,Y+X2_M9_r2,paxoco_mini,575,0.960027
FKIT,Y+X2_M9_r2,paxoco_mini,576,0.959599
FKIT,Y+X2_M9_r2,paxoco_mini,577,0.961246
FKIT,Y+X2_M9_r2,paxoco_mini,578,0.957730
FKIT,Y+X2_M9_r2,paxoco_mini,579,0.958011
FKIT,Y+X2_M9_r2,paxoco_mini,580,0.957526
FKIT,Y+X2_M9_r2,paxoco_mini,581,0.960338
FKIT,Y+X2_M9_r2,paxoco_mini,582,0.951157
FKIT,Y+X2_M9_r2,paxoco_mini,583,0.952307
FKIT,Y+X2_M9_r2,paxoco_mini,584,0.953910
FKIT,Y+X2_M9_r2,paxoco_mini,585,0.953628
FKIT,Y+X2_M9_r2,paxoco_mini,586,0.949549
FKIT,Y+X2_M9_r2,paxoco_mini,587,0.950375
FKIT,Y+X2_M9_r2,paxoco_mini,588,0.950426
FKIT,Y+X2_M9_r2,paxoco_mini,589,0.950612
FKIT,Y+X2_M9_r2,paxoco_mini,590,0.954972
FKIT,Y+X2_M9_r2,paxoco_mini,591,0.951263
FKIT,Y+X2_M9_r2,paxoco_mini,592,0.954396
FKIT,Y+X2_M9_r2,paxoco_mini,593,0.952706
FKIT,Y+X2_M9_r2,paxoco_mini,594,0.957045
FKIT,Y+X2_M9_r2,paxoco_mini,595,0.949068
FKIT,Y+X2_M9_r2,paxoco_mini,596,0.956211
FKIT,Y+X2_M9_r2,paxoco_mini,597,0.953275
FKIT,Y+X2_M9_r2,paxoco_mini,598,0.951027
FKIT,Y+X2_M9_r2,paxoco_mini,599,0.948728
FKIT,Y+X2_M9_r2,paxoco_mini,600,0.951487
FKIT,Y+X2_M9_r2,paxoco_mini,601,0.953035
FKIT,Y+X2_M9_r2,paxoco_mini,602,0.954825
FKIT,Y+X2_M9_r2,paxoco_mini,603,0.951705
FKIT,Y+X2_M9_r2,paxoco_mini,604,0.959324
FKIT,Y+X2_M9_r2,paxoco_mini,605,0.953034
FKIT,Y+X2_M9_r2,paxoco_mini,606,0.955860
FKIT,Y+X2_M9_r2,paxoco_mini,607,0.953748
FKIT,Y+X2_M9_r2,paxoco_mini,608,0.919946
FKIT,Y+X2_M9_r2,paxoco_mini,609,0.948089
FKIT,Y+X2_M9_r2,paxoco_mini,610,0.949396
FKIT,Y+X2_M9_r2,paxoco_mini,611,0.947299
FKIT,Y+X2_M9_r2,paxoco_mini,612,0.940635
FKIT,Y+X2_M9_r2,paxoco_mini,613,0.945886
FKIT,Y+X2_M9_r2,paxoco_mini,614,0.946775
FKIT,Y+X2_M9_r2,paxoco_mini,615,0.947230
FKIT,Y+X2_M9_r2,paxoco_mini,616,0.947030
FKIT,Y+X2_M9_r2,paxoco_mini,617,0.948246
FKIT,Y+X2_M9_r2,paxoco_mini,618,0.948477
FKIT,Y+X2_M9_r2,paxoco_mini,619,0.947671
FKIT,Y+X2_M9_r2,paxoco_mini,620,0.947439
FKIT,Y+X2_M9_r2,paxoco_mini,621,0.948899
FKIT,Y+X2_M9_r2,paxoco_mini,622,0.951713
FKIT,Y+X2_M9_r2,paxoco_mini,623,0.951787
FKIT,Y+X2_M9_r2,paxoco_mini,624,0.951236
FKIT,Y+X2_M9_r2,paxoco_mini,625,0.954211
FKIT,Y+X2_M9_r2,paxoco_mini,626,0.956062
FKIT,Y+X2_M9_r2,paxoco_mini,627,0.953363
FKIT,Y+X2_M9_r2,paxoco_mini,628,0.953567
FKIT,Y+X2_M9_r2,paxoco_mini,629,0.959582
FKIT,Y+X2_M9_r2,paxoco_mini,630,0.956559
FKIT,Y+X2_M9_r2,paxoco_mini,631,0.957140
FKIT,Y+X2_M9_r2,paxoco_mini,632,0.950939
FKIT,Y+X2_M9_r2,paxoco_mini,633,0.946843
FKIT,Y+X2_M9_r2,paxoco_mini,634,0.951154
FKIT,Y+X2_M9_r2,paxoco_mini,635,0.954516
FKIT,Y+X2_M9_r2,paxoco_mini,636,0.957080
FKIT,Y+X2_M9_r2,paxoco_mini,637,0.957384
FKIT,Y+X2_M9_r2,paxoco_mini,638,0.958697
FKIT,Y+X2_M9_r2,paxoco_mini,639,0.959896
FKIT,Y+X2_M9_r2,paxoco_mini,640,0.957212
FKIT,Y+X2_M9_r2,paxoco_mini,641,0.955067
FKIT,Y+X2_M9_r2,paxoco_mini,642,0.953371
FKIT,Y+X2_M9_r2,paxoco_mini,643,0.948722
FKIT,Y+X2_M9_r2,paxoco_mini,644,0.956336
FKIT,Y+X2_M9_r2,paxoco_mini,645,0.957339
FKIT,Y+X2_M9_r2,paxoco_mini,646,0.954460
FKIT,Y+X2_M9_r2,paxoco_mini,647,0.957731
FKIT,Y+X2_M9_r2,paxoco_mini,648,0.958340
FKIT,Y+X2_M9_r2,paxoco_mini,649,0.963911
FKIT,Y+X2_M9_r2,paxoco_mini,650,0.953163
FKIT,Y+X2_M9_r2,paxoco_mini,651,0.955278
FKIT,Y+X2_M9_r2,paxoco_mini,652,0.956934
FKIT,Y+X2_M9_r2,paxoco_mini,653,0.955742
FKIT,Y+X2_M9_r2,paxoco_mini,654,0.958484
FKIT,Y+X2_M9_r2,paxoco_mini,655,0.957560
FKIT,Y+X2_M9_r2,paxoco_mini,656,0.953372
FKIT,Y+X2_M9_r2,paxoco_mini,657,0.957603
FKIT,Y+X2_M9_r2,paxoco_mini,658,0.954977
FKIT,Y+X2_M9_r2,paxoco_mini,659,0.958254
FKIT,Y+X2_M9_r2,paxoco_mini,660,0.958700
FKIT,Y+X2_M9_r2,paxoco_mini,661,0.960427
FKIT,Y+X2_M9_r2,paxoco_mini,662,0.959983
FKIT,Y+X2_M9_r2,paxoco_mini,663,0.957173
FKIT,Y+X2_M9_r2,paxoco_mini,664,0.960429
FKIT,Y+X2_M9_r2,paxoco_mini,665,0.959397
FKIT,Y+X2_M9_r2,paxoco_mini,666,0.961667
FKIT,Y+X2_M9_r2,paxoco_mini,667,0.959148
FKIT,Y+X2_M9_r2,paxoco_mini,668,0.963379
FKIT,Y+X2_M9_r2,paxoco_mini,669,0.963190
FKIT,Y+X2_M9_r2,paxoco_mini,670,0.959663
FKIT,Y+X2_M9_r2,paxoco_mini,671,0.962783
FKIT,Y+X2_M9_r2,paxoco_mini,672,0.961746
FKIT,Y+X2_M9_r2,paxoco_mini,673,0.962835
FKIT,Y+X2_M9_r2,paxoco_mini,674,0.962507
FKIT,Y+X2_M9_r2,paxoco_mini,675,0.962582
FKIT,Y+X2_M9_r2,paxoco_mini,676,0.961666
FKIT,Y+X2_M9_r2,paxoco_mini,677,0.961506
FKIT,Y+X2_M9_r2,paxoco_mini,678,0.963723
FKIT,Y+X2_M9_r2,paxoco_mini,679,0.963704
FKIT,Y+X2_M9_r2,paxoco_mini,680,0.963304
FKIT,Y+X2_M9_r2,paxoco_mini,681,0.966991
FKIT,Y+X2_M9_r2,paxoco_mini,682,0.965929
FKIT,Y+X2_M9_r2,paxoco_mini,683,0.962729
FKIT,Y+X2_M9_r2,paxoco_mini,684,0.964869
FKIT,Y+X2_M9_r2,paxoco_mini,685,0.963360
FKIT,Y+X2_M9_r2,paxoco_mini,686,0.963096
FKIT,Y+X2_M9_r2,paxoco_mini,687,0.962666
FKIT,Y+X2_M9_r2,paxoco_mini,688,0.961517
FKIT,Y+X2_M9_r2,paxoco_mini,689,0.965604
FKIT,Y+X2_M9_r2,paxoco_mini,690,0.963834
FKIT,Y+X2_M9_r2,paxoco_mini,691,0.965305
FKIT,Y+X2_M9_r2,paxoco_mini,692,0.962647
FKIT,Y+X2_M9_r2,paxoco_mini,693,0.964599
FKIT,Y+X2_M9_r2,paxoco_mini,694,0.965973
FKIT,Y+X2_M9_r2,paxoco_mini,695,0.964854
FKIT,Y+X2_M9_r2,paxoco_mini,696,0.962328
FKIT,Y+X2_M9_r2,paxoco_mini,697,0.962324
FKIT,Y+X2_M9_r2,paxoco_mini,698,0.960513
FKIT,Y+X2_M9_r2,paxoco_mini,699,0.965283
FKIT,Y+X2_M9_r2,paxoco_mini,700,0.963961
FKIT,Y+X2_M9_r2,paxoco_mini,701,0.966655
FKIT,Y+X2_M9_r2,paxoco_mini,702,0.965760
FKIT,Y+X2_M9_r2,paxoco_mini,703,0.964797
FKIT,Y+X2_M9_r2,paxoco_mini,704,0.965729
FKIT,Y+X2_M9_r2,paxoco_mini,705,0.964734
FKIT,Y+X2_M9_r2,paxoco_mini,706,0.963226
FKIT,Y+X2_M9_r2,paxoco_mini,707,0.963135
FKIT,Y+X2_M9_r2,paxoco_mini,708,0.962178
FKIT,Y+X2_M9_r2,paxoco_mini,709,0.964813
FKIT,Y+X2_M9_r2,paxoco_mini,710,0.962464
FKIT,Y+X2_M9_r2,paxoco_mini,711,0.963629
FKIT,Y+X2_M9_r2,paxoco_mini,712,0.964397
FKIT,Y+X2_M9_r2,paxoco_mini,713,0.965509
FKIT,Y+X2_M9_r2,paxoco_mini,714,0.966643
FKIT,Y+X2_M9_r2,paxoco_mini,715,0.965777
FKIT,Y+X2_M9_r2,paxoco_mini,716,0.967698
FKIT,Y+X2_M9_r2,paxoco_mini,717,0.969363
FKIT,Y+X2_M9_r2,paxoco_mini,718,0.966861
FKIT,Y+X2_M9_r2,paxoco_mini,719,0.967618
FKIT,Y+X2_M9_r2,paxoco_mini,720,0.969507
FKIT,Y+X2_M9_r2,paxoco_mini,721,0.970870
FKIT,Y+X2_M9_r2,paxoco_mini,722,0.968124
FKIT,Y+X2_M9_r2,paxoco_mini,723,0.970222
FKIT,Y+X2_M9_r2,paxoco_mini,724,0.970199
FKIT,Y+X2_M9_r2,paxoco_mini,725,0.969448
FKIT,Y+X2_M9_r2,paxoco_mini,726,0.962480
FKIT,Y+X2_M9_r2,paxoco_mini,727,0.963284
FKIT,Y+X2_M9_r2,paxoco_mini,728,0.966305
FKIT,Y+X2_M9_r2,paxoco_mini,729,0.965652
FKIT,Y+X2_M9_r2,paxoco_mini,730,0.964497
FKIT,Y+X2_M9_r2,paxoco_mini,731,0.964747
FKIT,Y+X2_M9_r2,paxoco_mini,732,0.964919
FKIT,Y+X2_M9_r2,paxoco_mini,733,0.965114
FKIT,Y+X2_M9_r2,paxoco_mini,734,0.962424
FKIT,Y+X2_M9_r2,paxoco_mini,735,0.968146
FKIT,Y+X2_M9_r2,paxoco_mini,736,0.966198
FKIT,Y+X2_M9_r2,paxoco_mini,737,0.965268
FKIT,Y+X2_M9_r2,paxoco_mini,738,0.963272
FKIT,Y+X2_M9_r2,paxoco_mini,739,0.954289
FKIT,Y+X2_M9_r2,paxoco_mini,740,0.961949
FKIT,Y+X2_M9_r2,paxoco_mini,741,0.959053
FKIT,Y+X2_M9_r2,paxoco_mini,742,0.961513
FKIT,Y+X2_M9_r2,paxoco_mini,743,0.958203
FKIT,Y+X2_M9_r2,paxoco_mini,744,0.959217
FKIT,Y+X2_M9_r2,paxoco_mini,745,0.960995
FKIT,Y+X2_M9_r2,paxoco_mini,746,0.951422
FKIT,Y+X2_M9_r2,paxoco_mini,747,0.961168
FKIT,Y+X2_M9_r2,paxoco_mini,748,0.961844
FKIT,Y+X2_M9_r2,paxoco_mini,749,0.956172
FKIT,Y+X2_M9_r2,paxoco_mini,750,0.960259
FKIT,Y+X2_M9_r2,paxoco_mini,751,0.962958
FKIT,Y+X2_M9_r2,paxoco_mini,752,0.958669
FKIT,Y+X2_M9_r2,paxoco_mini,753,0.960817
FKIT,Y+X2_M9_r2,paxoco_mini,754,0.960147
FKIT,Y+X2_M9_r2,paxoco_mini,755,0.959316
FKIT,Y+X2_M9_r2,paxoco_mini,756,0.950160
FKIT,Y+X2_M9_r2,paxoco_mini,757,0.960446
FKIT,Y+X2_M9_r2,paxoco_mini,758,0.955885
FKIT,Y+X2_M9_r2,paxoco_mini,759,0.960203
FKIT,Y+X2_M9_r2,paxoco_mini,760,0.958752
FKIT,Y+X2_M9_r2,paxoco_mini,761,0.960751
FKIT,Y+X2_M9_r2,paxoco_mini,762,0.958063
FKIT,Y+X2_M9_r2,paxoco_mini,763,0.961217
FKIT,Y+X2_M9_r2,paxoco_mini,764,0.960202
FKIT,Y+X2_M9_r2,paxoco_mini,765,0.959857
FKIT,Y+X2_M9_r2,paxoco_mini,766,0.960343
FKIT,Y+X2_M9_r2,paxoco_mini,767,0.966279
FKIT,Y+X2_M9_r2,paxoco_mini,768,0.964733
FKIT,Y+X2_M9_r2,paxoco_mini,769,0.963737
FKIT,Y+X2_M9_r2,paxoco_mini,770,0.963151
FKIT,Y+X2_M9_r2,paxoco_mini,771,0.962175
FKIT,Y+X2_M9_r2,paxoco_mini,772,0.960224
FKIT,Y+X2_M9_r2,paxoco_mini,773,0.961715
FKIT,Y+X2_M9_r2,paxoco_mini,774,0.965049
FKIT,Y+X2_M9_r2,paxoco_mini,775,0.963024
FKIT,Y+X2_M9_r2,paxoco_mini,776,0.963126
FKIT,Y+X2_M9_r2,paxoco_mini,777,0.962315
FKIT,Y+X2_M9_r2,paxoco_mini,778,0.964069
FKIT,Y+X2_M9_r2,paxoco_mini,779,0.963539
FKIT,Y+X2_M9_r2,paxoco_mini,780,0.962920
FKIT,Y+X2_M9_r2,paxoco_mini,781,0.965362
FKIT,Y+X2_M9_r2,paxoco_mini,782,0.962299
FKIT,Y+X2_M9_r2,paxoco_mini,783,0.959481
FKIT,Y+X2_M9_r2,paxoco_mini,784,0.962386
FKIT,Y+X2_M9_r2,paxoco_mini,785,0.960135
FKIT,Y+X2_M9_r2,paxoco_mini,786,0.957851
FKIT,Y+X2_M9_r2,paxoco_mini,787,0.963285
FKIT,Y+X2_M9_r2,paxoco_mini,788,0.964499
FKIT,Y+X2_M9_r2,paxoco_mini,789,0.967754
FKIT,Y+X2_M9_r2,paxoco_mini,790,0.968444
FKIT,Y+X2_M9_r2,paxoco_mini,791,0.969805
FKIT,Y+X2_M9_r2,paxoco_mini,792,0.964418
FKIT,Y+X2_M9_r2,paxoco_mini,793,0.966287
FKIT,Y+X2_M9_r2,paxoco_mini,794,0.968865
FKIT,Y+X2_M9_r2,paxoco_mini,795,0.967725
FKIT,Y+X2_M9_r2,paxoco_mini,796,0.964539
FKIT,Y+X2_M9_r2,paxoco_mini,797,0.967791
FKIT,Y+X2_M9_r2,paxoco_mini,798,0.967149
FKIT,Y+X2_M9_r2,paxoco_mini,799,0.969246
FKIT,Y+X2_M9_r2,paxoco_mini,800,0.969379
FKIT,Y+X2_M9_r2,paxoco_mini,801,0.967754
FKIT,Y+X2_M9_r2,paxoco_mini,802,0.967509
FKIT,Y+X2_M9_r2,paxoco_mini,803,0.967572
FKIT,Y+X2_M9_r2,paxoco_mini,804,0.971610
FKIT,Y+X2_M9_r2,paxoco_mini,805,0.969909
FKIT,Y+X2_M9_r2,paxoco_mini,806,0.970728
FKIT,Y+X2_M9_r2,paxoco_mini,807,0.970298
FKIT,Y+X2_M9_r2,paxoco_mini,808,0.969239
FKIT,Y+X2_M9_r2,paxoco_mini,809,0.965666
FKIT,Y+X2_M9_r2,paxoco_mini,810,0.967029
FKIT,Y+X2_M9_r2,paxoco_mini,811,0.965811
FKIT,Y+X2_M9_r2,paxoco_mini,812,0.966743
FKIT,Y+X2_M9_r2,paxoco_mini,813,0.966656
FKIT,Y+X2_M9_r2,paxoco_mini,814,0.967965
FKIT,Y+X2_M9_r2,paxoco_mini,815,0.966677
FKIT,Y+X2_M9_r2,paxoco_mini,816,0.968803
FKIT,Y+X2_M9_r2,paxoco_mini,817,0.964828
FKIT,Y+X2_M9_r2,paxoco_mini,818,0.966301
FKIT,Y+X2_M9_r2,paxoco_mini,819,0.964936
FKIT,Y+X2_M9_r2,paxoco_mini,820,0.964630
FKIT,Y+X2_M9_r2,paxoco_mini,821,0.961858
FKIT,Y+X2_M9_r2,paxoco_mini,822,0.944554
FKIT,Y+X2_M9_r2,paxoco_mini,823,0.955465
FKIT,Y+X2_M9_r2,paxoco_mini,824,0.954300
FKIT,Y+X2_M9_r2,paxoco_mini,825,0.960206
FKIT,Y+X2_M9_r2,paxoco_mini,826,0.955660
FKIT,Y+X2_M9_r2,paxoco_mini,827,0.942806
FKIT,Y+X2_M9_r2,paxoco_mini,828,0.962180
FKIT,Y+X2_M9_r2,paxoco_mini,829,0.964712
FKIT,Y+X2_M9_r2,paxoco_mini,830,0.961786
FKIT,Y+X2_M9_r2,paxoco_mini,831,0.957989
FKIT,Y+X2_M9_r2,paxoco_mini,832,0.951553
FKIT,Y+X2_M9_r2,paxoco_mini,833,0.959562
FKIT,Y+X2_M9_r2,paxoco_mini,834,0.965552
FKIT,Y+X2_M9_r2,paxoco_mini,835,0.965513
FKIT,Y+X2_M9_r2,paxoco_mini,836,0.965743
FKIT,Y+X2_M9_r2,paxoco_mini,837,0.964179
FKIT,Y+X2_M9_r2,paxoco_mini,838,0.966658
FKIT,Y+X2_M9_r2,paxoco_mini,839,0.969662
FKIT,Y+X2_M9_r2,paxoco_mini,840,0.970970
FKIT,Y+X2_M9_r2,paxoco_mini,841,0.967074
FKIT,Y+X2_M9_r2,paxoco_mini,842,0.967373
FKIT,Y+X2_M9_r2,paxoco_mini,843,0.969695
FKIT,Y+X2_M9_r2,paxoco_mini,844,0.972419
FKIT,Y+X2_M9_r2,paxoco_mini,845,0.968540
FKIT,Y+X2_M9_r2,paxoco_mini,846,0.967463
FKIT,Y+X2_M9_r2,paxoco_mini,847,0.967395
FKIT,Y+X2_M9_r2,paxoco_mini,848,0.970308
FKIT,Y+X2_M9_r2,paxoco_mini,849,0.968738
FKIT,Y+X2_M9_r2,paxoco_mini,850,0.969858
FKIT,Y+X2_M9_r2,paxoco_mini,851,0.970242
FKIT,Y+X2_M9_r2,paxoco_mini,852,0.967405
FKIT,Y+X2_M9_r2,paxoco_mini,853,0.968460
FKIT,Y+X2_M9_r2,paxoco_mini,854,0.969789
FKIT,Y+X2_M9_r2,paxoco_mini,855,0.970121
FKIT,Y+X2_M9_r2,paxoco_mini,856,0.969019
FKIT,Y+X2_M9_r2,paxoco_mini,857,0.968925
FKIT,Y+X2_M9_r2,paxoco_mini,858,0.965528
FKIT,Y+X2_M9_r2,paxoco_mini,859,0.965712
FKIT,Y+X2_M9_r2,paxoco_mini,860,0.965276
FKIT,Y+X2_M9_r2,paxoco_mini,861,0.963983
FKIT,Y+X2_M9_r2,paxoco_mini,862,0.965634
FKIT,Y+X2_M9_r2,paxoco_mini,863,0.965036
FKIT,Y+X2_M9_r2,paxoco_mini,864,0.962727
FKIT,Y+X2_M9_r2,paxoco_mini,865,0.964141
FKIT,Y+X2_M9_r2,paxoco_mini,866,0.966170
FKIT,Y+X2_M9_r2,paxoco_mini,867,0.963165
FKIT,Y+X2_M9_r2,paxoco_mini,868,0.958676
FKIT,Y+X2_M9_r2,paxoco_mini,869,0.957261
FKIT,Y+X2_M9_r2,paxoco_mini,870,0.966896
FKIT,Y+X2_M9_r2,paxoco_mini,871,0.965304
FKIT,Y+X2_M9_r2,paxoco_mini,872,0.964987
FKIT,Y+X2_M9_r2,paxoco_mini,873,0.963879
FKIT,Y+X2_M9_r2,paxoco_mini,874,0.969626
FKIT,Y+X2_M9_r2,paxoco_mini,875,0.967579
FKIT,Y+X2_M9_r2,paxoco_mini,876,0.970630
FKIT,Y+X2_M9_r2,paxoco_mini,877,0.970293
FKIT,Y+X2_M9_r2,paxoco_mini,878,0.969720
FKIT,Y+X2_M9_r2,paxoco_mini,879,0.970857
FKIT,Y+X2_M9_r2,paxoco_mini,880,0.971679
FKIT,Y+X2_M9_r2,paxoco_mini,881,0.970379
FKIT,Y+X2_M9_r2,paxoco_mini,882,0.972819
FKIT,Y+X2_M9_r2,paxoco_mini,883,0.974026
FKIT,Y+X2_M9_r2,paxoco_mini,884,0.974899
FKIT,Y+X2_M9_r2,paxoco_mini,885,0.976413
FKIT,Y+X2_M9_r2,paxoco_mini,886,0.975758
FKIT,Y+X2_M9_r2,paxoco_mini,887,0.978228
FKIT,Y+X2_M9_r2,paxoco_mini,888,0.977956
FKIT,Y+X2_M9_r2,paxoco_mini,889,0.978418
FKIT,Y+X2_M9_r2,paxoco_mini,890,0.975960
FKIT,Y+X2_M9_r2,paxoco_mini,891,0.976063
FKIT,Y+X2_M9_r2,paxoco_mini,892,0.978794
FKIT,Y+X2_M9_r2,paxoco_mini,893,0.979280
FKIT,Y+X2_M9_r2,paxoco_mini,894,0.983195
FKIT,Y+X2_M9_r2,paxoco_mini,895,0.977616
FKIT,Y+X2_M9_r2,paxoco_mini,896,0.978801
FKIT,Y+X2_M9_r2,paxoco_mini,897,0.980649
FKIT,Y+X2_M9_r2,paxoco_mini,898,0.981523
FKIT,Y+X2_M9_r2,paxoco_mini,899,0.975607
FKIT,Y+X2_M9_r2,paxoco_mini,900,0.980387
FKIT,Y+X2_M9_r2,paxoco_mini,901,0.980593
FKIT,Y+X2_M9_r2,paxoco_mini,902,0.980642
FKIT,Y+X2_M9_r2,paxoco_mini,903,0.980563
FKIT,Y+X2_M9_r2,paxoco_mini,904,0.979402
FKIT,Y+X2_M9_r2,paxoco_mini,905,0.982105
FKIT,Y+X2_M9_r2,paxoco_mini,906,0.982255
FKIT,Y+X2_M9_r2,paxoco_mini,907,0.982485
FKIT,Y+X2_M9_r2,paxoco_mini,908,0.983101
FKIT,Y+X2_M9_r2,paxoco_mini,909,0.983940
FKIT,Y+X2_M9_r2,paxoco_mini,910,0.980805
FKIT,Y+X2_M9_r2,pear,0,0.950672
FKIT,Y+X2_M9_r2,pear,1,0.947455
FKIT,Y+X2_M9_r2,pear,2,0.947052
FKIT,Y+X2_M9_r2,pear,3,0.948279
FKIT,Y+X2_M9_r2,pear,4,0.951716
FKIT,Y+X2_M9_r2,pear,5,0.951115
FKIT,Y+X2_M9_r2,pear,6,0.948675
FKIT,Y+X2_M9_r2,pear,7,0.950123
FKIT,Y+X2_M9_r2,pear,8,0.957972
FKIT,Y+X2_M9_r2,pear,9,0.956101
FKIT,Y+X2_M9_r2,pear,10,0.949654
FKIT,Y+X2_M9_r2,pear,11,0.952651
FKIT,Y+X2_M9_r2,pear,12,0.948663
FKIT,Y+X2_M9_r2,pear,13,0.949308
FKIT,Y+X2_M9_r2,pear,14,0.956262
FKIT,Y+X2_M9_r2,pear,15,0.954649
FKIT,Y+X2_M9_r2,pear,16,0.956043
FKIT,Y+X2_M9_r2,pear,17,0.952091
FKIT,Y+X2_M9_r2,pear,18,0.952520
FKIT,Y+X2_M9_r2,pear,19,0.954712
FKIT,Y+X2_M9_r2,pear,20,0.955089
FKIT,Y+X2_M9_r2,pear,21,0.955588
FKIT,Y+X2_M9_r2,pear,22,0.954703
FKIT,Y+X2_M9_r2,pear,23,0.938023
FKIT,Y+X2_M9_r2,pear,24,0.955235
FKIT,Y+X2_M9_r2,pear,25,0.957028
FKIT,Y+X2_M9_r2,pear,26,0.954376
FKIT,Y+X2_M9_r2,pear,27,0.953358
FKIT,Y+X2_M9_r2,pear,28,0.955046
FKIT,Y+X2_M9_r2,pear,29,0.955598
FKIT,Y+X2_M9_r2,pear,30,0.956118
FKIT,Y+X2_M9_r2,pear,31,0.956345
FKIT,Y+X2_M9_r2,pear,32,0.954543
FKIT,Y+X2_M9_r2,pear,33,0.956808
FKIT,Y+X2_M9_r2,pear,34,0.958708
FKIT,Y+X2_M9_r2,pear,35,0.957124
FKIT,Y+X2_M9_r2,pear,36,0.956344
FKIT,Y+X2_M9_r2,pear,37,0.955801
FKIT,Y+X2_M9_r2,pear,38,0.957117
FKIT,Y+X2_M9_r2,pear,39,0.958028
FKIT,Y+X2_M9_r2,pear,40,0.955997
FKIT,Y+X2_M9_r2,pear,41,0.956060
FKIT,Y+X2_M9_r2,pear,42,0.956441
FKIT,Y+X2_M9_r2,pear,43,0.956859
FKIT,Y+X2_M9_r2,pear,44,0.957564
FKIT,Y+X2_M9_r2,pear,45,0.956335
FKIT,Y+X2_M9_r2,pear,46,0.958840
FKIT,Y+X2_M9_r2,pear,47,0.959742
FKIT,Y+X2_M9_r2,pear,48,0.959302
FKIT,Y+X2_M9_r2,pear,49,0.958827
FKIT,Y+X2_M9_r2,pear,50,0.955823
FKIT,Y+X2_M9_r2,pear,51,0.957623
FKIT,Y+X2_M9_r2,pear,52,0.958505
FKIT,Y+X2_M9_r2,pear,53,0.959162
FKIT,Y+X2_M9_r2,pear,54,0.959692
FKIT,Y+X2_M9_r2,pear,55,0.940826
FKIT,Y+X2_M9_r2,pear,56,0.947712
FKIT,Y+X2_M9_r2,pear,57,0.953582
FKIT,Y+X2_M9_r2,pear,58,0.961205
FKIT,Y+X2_M9_r2,pear,59,0.962523
FKIT,Y+X2_M9_r2,pear,60,0.962400
FKIT,Y+X2_M9_r2,pear,61,0.961060
FKIT,Y+X2_M9_r2,pear,62,0.948957
FKIT,Y+X2_M9_r2,pear,63,0.957909
FKIT,Y+X2_M9_r2,pear,64,0.961196
FKIT,Y+X2_M9_r2,pear,65,0.955618
FKIT,Y+X2_M9_r2,pear,66,0.959914
FKIT,Y+X2_M9_r2,pear,67,0.954234
FKIT,Y+X2_M9_r2,pear,68,0.960960
FKIT,Y+X2_M9_r2,pear,69,0.961965
FKIT,Y+X2_M9_r2,pear,70,0.963452
FKIT,Y+X2_M9_r2,pear,71,0.962826
FKIT,Y+X2_M9_r2,pear,72,0.963732
FKIT,Y+X2_M9_r2,pear,73,0.961494
FKIT,Y+X2_M9_r2,pear,74,0.960701
FKIT,Y+X2_M9_r2,pear,75,0.940433
FKIT,Y+X2_M9_r2,pear,76,0.960030
FKIT,Y+X2_M9_r2,pear,77,0.960407
FKIT,Y+X2_M9_r2,pear,78,0.962849
FKIT,Y+X2_M9_r2,pear,79,0.961991
FKIT,Y+X2_M9_r2,pear,80,0.962856
FKIT,Y+X2_M9_r2,pear,81,0.959887
FKIT,Y+X2_M9_r2,pear,82,0.947813
FKIT,Y+X2_M9_r2,pear,83,0.959042
FKIT,Y+X2_M9_r2,pear,84,0.950067
FKIT,Y+X2_M9_r2,pear,85,0.950281
FKIT,Y+X2_M9_r2,pear,86,0.948077
FKIT,Y+X2_M9_r2,pear,87,0.948075
FKIT,Y+X2_M9_r2,pear,88,0.943566
FKIT,Y+X2_M9_r2,pear,89,0.935689
FKIT,Y+X2_M9_r2,pear,90,0.930587
FKIT,Y+X2_M9_r2,pear,91,0.924106
FKIT,Y+X2_M9_r2,pear,92,0.938195
FKIT,Y+X2_M9_r2,pear,93,0.937476
FKIT,Y+X2_M9_r2,pear,94,0.952828
FKIT,Y+X2_M9_r2,pear,95,0.949017
FKIT,Y+X2_M9_r2,pear,96,0.960101
FKIT,Y+X2_M9_r2,pear,97,0.936590
FKIT,Y+X2_M9_r2,pear,98,0.944179
FKIT,Y+X2_M9_r2,pear,99,0.936394
FKIT,Y+X2_M9_r2,pear,100,0.936916
FKIT,Y+X2_M9_r2,pear,101,0.935033
FKIT,Y+X2_M9_r2,pear,102,0.937753
FKIT,Y+X2_M9_r2,pear,103,0.943170
FKIT,Y+X2_M9_r2,pear,104,0.951722
FKIT,Y+X2_M9_r2,pear,105,0.955144
FKIT,Y+X2_M9_r2,pear,106,0.945117
FKIT,Y+X2_M9_r2,pear,107,0.956718
FKIT,Y+X2_M9_r2,pear,108,0.955363
FKIT,Y+X2_M9_r2,pear,109,0.955919
FKIT,Y+X2_M9_r2,pear,110,0.946184
FKIT,Y+X2_M9_r2,pear,111,0.940424
FKIT,Y+X2_M9_r2,pear,112,0.950957
FKIT,Y+X2_M9_r2,pear,113,0.949850
FKIT,Y+X2_M9_r2,pear,114,0.960042
FKIT,Y+X2_M9_r2,pear,115,0.955776
FKIT,Y+X2_M9_r2,pear,116,0.957861
FKIT,Y+X2_M9_r2,pear,117,0.954856
FKIT,Y+X2_M9_r2,pear,118,0.948814
FKIT,Y+X2_M9_r2,pear,119,0.941517
FKIT,Y+X2_M9_r2,pear,120,0.935945
FKIT,Y+X2_M9_r2,pear,121,0.942456
FKIT,Y+X2_M9_r2,pear,122,0.955497
FKIT,Y+X2_M9_r2,pear,123,0.957503
FKIT,Y+X2_M9_r2,pear,124,0.960484
FKIT,Y+X2_M9_r2,pear,125,0.958917
FKIT,Y+X2_M9_r2,pear,126,0.957523
FKIT,Y+X2_M9_r2,pear,127,0.951201
FKIT,Y+X2_M9_r2,pear,128,0.958327
FKIT,Y+X2_M9_r2,pear,129,0.955824
FKIT,Y+X2_M9_r2,pear,130,0.954795
FKIT,Y+X2_M9_r2,pear,131,0.954613
FKIT,Y+X2_M9_r2,pear,132,0.954005
FKIT,Y+X2_M9_r2,pear,133,0.954976
FKIT,Y+X2_M9_r2,pear,134,0.956917
FKIT,Y+X2_M9_r2,pear,135,0.956672
FKIT,Y+X2_M9_r2,pear,136,0.957827
FKIT,Y+X2_M9_r2,pear,137,0.961286
FKIT,Y+X2_M9_r2,pear,138,0.957643
FKIT,Y+X2_M9_r2,pear,139,0.955840
FKIT,Y+X2_M9_r2,pear,140,0.949380
FKIT,Y+X2_M9_r2,pear,141,0.951823
FKIT,Y+X2_M9_r2,pear,142,0.956041
FKIT,Y+X2_M9_r2,pear,143,0.953370
FKIT,Y+X2_M9_r2,pear,144,0.957562
FKIT,Y+X2_M9_r2,pear,145,0.958456
FKIT,Y+X2_M9_r2,pear,146,0.957584
FKIT,Y+X2_M9_r2,pear,147,0.958766
FKIT,Y+X2_M9_r2,pear,148,0.955998
FKIT,Y+X2_M9_r2,pear,149,0.958097
FKIT,Y+X2_M9_r2,pear,150,0.955173
FKIT,Y+X2_M9_r2,pear,151,0.957397
FKIT,Y+X2_M9_r2,pear,152,0.955423
FKIT,Y+X2_M9_r2,pear,153,0.953206
FKIT,Y+X2_M9_r2,pear,154,0.957525
FKIT,Y+X2_M9_r2,pear,155,0.955352
FKIT,Y+X2_M9_r2,pear,156,0.956543
FKIT,Y+X2_M9_r2,pear,157,0.959291
FKIT,Y+X2_M9_r2,pear,158,0.952519
FKIT,Y+X2_M9_r2,pear,159,0.942125
FKIT,Y+X2_M9_r2,pear,160,0.933484
FKIT,Y+X2_M9_r2,pear,161,0.931100
FKIT,Y+X2_M9_r2,pear,162,0.953631
FKIT,Y+X2_M9_r2,pear,163,0.951960
FKIT,Y+X2_M9_r2,pear,164,0.959274
FKIT,Y+X2_M9_r2,pear,165,0.958938
FKIT,Y+X2_M9_r2,pear,166,0.956578
FKIT,Y+X2_M9_r2,pear,167,0.954803
FKIT,Y+X2_M9_r2,pear,168,0.947415
FKIT,Y+X2_M9_r2,pear,169,0.952590
FKIT,Y+X2_M9_r2,pear,170,0.949008
FKIT,Y+X2_M9_r2,pear,171,0.933424
FKIT,Y+X2_M9_r2,pear,172,0.937639
FKIT,Y+X2_M9_r2,pear,173,0.945489
FKIT,Y+X2_M9_r2,pear,174,0.944705
FKIT,Y+X2_M9_r2,pear,175,0.946301
FKIT,Y+X2_M9_r2,pear,176,0.943351
FKIT,Y+X2_M9_r2,pear,177,0.949475
FKIT,Y+X2_M9_r2,pear,178,0.940417
FKIT,Y+X2_M9_r2,pear,179,0.944260
FKIT,Y+X2_M9_r2,pear,180,0.944291
FKIT,Y+X2_M9_r2,pear,181,0.940076
FKIT,Y+X2_M9_r2,pear,182,0.952871
FKIT,Y+X2_M9_r2,pear,183,0.956860
FKIT,Y+X2_M9_r2,pear,184,0.952823
FKIT,Y+X2_M9_r2,pear,185,0.940434
FKIT,Y+X2_M9_r2,pear,186,0.947066
FKIT,Y+X2_M9_r2,pear,187,0.935740
FKIT,Y+X2_M9_r2,pear,188,0.949776
FKIT,Y+X2_M9_r2,pear,189,0.937651
FKIT,Y+X2_M9_r2,pear,190,0.948330
FKIT,Y+X2_M9_r2,pear,191,0.944408
FKIT,Y+X2_M9_r2,pear,192,0.952405
FKIT,Y+X2_M9_r2,pear,193,0.941299
FKIT,Y+X2_M9_r2,pear,194,0.949937
FKIT,Y+X2_M9_r2,pear,195,0.946809
FKIT,Y+X2_M9_r2,pear,196,0.934097
FKIT,Y+X2_M9_r2,pear,197,0.934735
FKIT,Y+X2_M9_r2,pear,198,0.918945
FKIT,Y+X2_M9_r2,pear,199,0.929361
FKIT,Y+X2_M9_r2,pear,200,0.938409
FKIT,Y+X2_M9_r2,pear,201,0.951056
FKIT,Y+X2_M9_r2,pear,202,0.957687
FKIT,Y+X2_M9_r2,pear,203,0.955883
FKIT,Y+X2_M9_r2,pear,204,0.958458
FKIT,Y+X2_M9_r2,pear,205,0.958372
FKIT,Y+X2_M9_r2,pear,206,0.956266
FKIT,Y+X2_M9_r2,pear,207,0.957152
FKIT,Y+X2_M9_r2,pear,208,0.959091
FKIT,Y+X2_M9_r2,pear,209,0.957315
FKIT,Y+X2_M9_r2,pear,210,0.948576
FKIT,Y+X2_M9_r2,pear,211,0.951038
FKIT,Y+X2_M9_r2,pear,212,0.953431
FKIT,Y+X2_M9_r2,pear,213,0.926299
FKIT,Y+X2_M9_r2,pear,214,0.953424
FKIT,Y+X2_M9_r2,pear,215,0.935651
FKIT,Y+X2_M9_r2,pear,216,0.942782
FKIT,Y+X2_M9_r2,pear,217,0.947868
FKIT,Y+X2_M9_r2,pear,218,0.934666
FKIT,Y+X2_M9_r2,pear,219,0.934618
FKIT,Y+X2_M9_r2,pear,220,0.938091
FKIT,Y+X2_M9_r2,pear,221,0.952083
FKIT,Y+X2_M9_r2,pear,222,0.956564
FKIT,Y+X2_M9_r2,pear,223,0.959406
FKIT,Y+X2_M9_r2,pear,224,0.962802
FKIT,Y+X2_M9_r2,pear,225,0.962511
FKIT,Y+X2_M9_r2,pear,226,0.961727
FKIT,Y+X2_M9_r2,pear,227,0.960199
FKIT,Y+X2_M9_r2,pear,228,0.956713
FKIT,Y+X2_M9_r2,pear,229,0.950945
FKIT,Y+X2_M9_r2,pear,230,0.954565
FKIT,Y+X2_M9_r2,pear,231,0.941983
FKIT,Y+X2_M9_r2,pear,232,0.956622
FKIT,Y+X2_M9_r2,pear,233,0.957807
FKIT,Y+X2_M9_r2,pear,234,0.959101
FKIT,Y+X2_M9_r2,pear,235,0.958531
FKIT,Y+X2_M9_r2,pear,236,0.956664
FKIT,Y+X2_M9_r2,pear,237,0.957466
FKIT,Y+X2_M9_r2,pear,238,0.953467
FKIT,Y+X2_M9_r2,pear,239,0.948739
FKIT,Y+X2_M9_r2,pear,240,0.951736
FKIT,Y+X2_M9_r2,pear,241,0.956714
FKIT,Y+X2_M9_r2,pear,242,0.952469
FKIT,Y+X2_M9_r2,pear,243,0.949478
FKIT,Y+X2_M9_r2,pear,244,0.958847
FKIT,Y+X2_M9_r2,pear,245,0.958399
FKIT,Y+X2_M9_r2,pear,246,0.959508
FKIT,Y+X2_M9_r2,pear,247,0.957226
FKIT,Y+X2_M9_r2,pear,248,0.959159
FKIT,Y+X2_M9_r2,pear,249,0.958895
FKIT,Y+X2_M9_r2,pear,250,0.957506
FKIT,Y+X2_M9_r2,pear,251,0.955635
FKIT,Y+X2_M9_r2,pear,252,0.956852
FKIT,Y+X2_M9_r2,pear,253,0.959951
FKIT,Y+X2_M9_r2,pear,254,0.963330
FKIT,Y+X2_M9_r2,pear,255,0.963878
FKIT,Y+X2_M9_r2,pear,256,0.964669
FKIT,Y+X2_M9_r2,pear,257,0.962720
FKIT,Y+X2_M9_r2,pear,258,0.962972
FKIT,Y+X2_M9_r2,pear,259,0.959709
FKIT,Y+X2_M9_r2,pear,260,0.954984
FKIT,Y+X2_M9_r2,pear,261,0.960274
FKIT,Y+X2_M9_r2,pear,262,0.959804
FKIT,Y+X2_M9_r2,pear,263,0.958323
FKIT,Y+X2_M9_r2,pear,264,0.961856
FKIT,Y+X2_M9_r2,pear,265,0.960544
FKIT,Y+X2_M9_r2,pear,266,0.960440
FKIT,Y+X2_M9_r2,pear,267,0.960835
FKIT,Y+X2_M9_r2,pear,268,0.957941
FKIT,Y+X2_M9_r2,pear,269,0.956220
FKIT,Y+X2_M9_r2,pear,270,0.956812
FKIT,Y+X2_M9_r2,pear,271,0.956348
FKIT,Y+X2_M9_r2,pear,272,0.952596
FKIT,Y+X2_M9_r2,pear,273,0.951908
FKIT,Y+X2_M9_r2,pear,274,0.953468
FKIT,Y+X2_M9_r2,pear,275,0.941387
FKIT,Y+X2_M9_r2,pear,276,0.937548
FKIT,Y+X2_M9_r2,pear,277,0.935775
FKIT,Y+X2_M9_r2,pear,278,0.937537
FKIT,Y+X2_M9_r2,pear,279,0.933729
FKIT,Y+X2_M9_r2,pear,280,0.932968
FKIT,Y+X2_M9_r2,pear,281,0.934095
FKIT,Y+X2_M9_r2,pear,282,0.927690
FKIT,Y+X2_M9_r2,pear,283,0.931449
FKIT,Y+X2_M9_r2,pear,284,0.928458
FKIT,Y+X2_M9_r2,pear,285,0.921018
FKIT,Y+X2_M9_r2,pear,286,0.925543
FKIT,Y+X2_M9_r2,pear,287,0.927831
FKIT,Y+X2_M9_r2,pear,288,0.930042
FKIT,Y+X2_M9_r2,pear,289,0.933681
FKIT,Y+X2_M9_r2,pear,290,0.931566
FKIT,Y+X2_M9_r2,pear,291,0.932968
FKIT,Y+X2_M9_r2,pear,292,0.930483
FKIT,Y+X2_M9_r2,pear,293,0.928498
FKIT,Y+X2_M9_r2,pear,294,0.928315
FKIT,Y+X2_M9_r2,pear,295,0.928327
FKIT,Y+X2_M9_r2,pear,296,0.935406
FKIT,Y+X2_M9_r2,pear,297,0.931430
FKIT,Y+X2_M9_r2,pear,298,0.944083
FKIT,Y+X2_M9_r2,pear,299,0.933295
FKIT,Y+X2_M9_r2,pear,300,0.928631
FKIT,Y+X2_M9_r2,pear,301,0.937396
FKIT,Y+X2_M9_r2,pear,302,0.935161
FKIT,Y+X2_M9_r2,pear,303,0.936022
FKIT,Y+X2_M9_r2,pear,304,0.935535
FKIT,Y+X2_M9_r2,pear,305,0.925110
FKIT,Y+X2_M9_r2,pear,306,0.946321
FKIT,Y+X2_M9_r2,pear,307,0.944815
FKIT,Y+X2_M9_r2,pear,308,0.948437
FKIT,Y+X2_M9_r2,pear,309,0.940007
FKIT,Y+X2_M9_r2,pear,310,0.938236
FKIT,Y+X2_M9_r2,pear,311,0.931651
FKIT,Y+X2_M9_r2,pear,312,0.931026
FKIT,Y+X2_M9_r2,pear,313,0.932939
FKIT,Y+X2_M9_r2,pear,314,0.929971
FKIT,Y+X2_M9_r2,pear,315,0.935912
FKIT,Y+X2_M9_r2,pear,316,0.947611
FKIT,Y+X2_M9_r2,pear,317,0.948187
FKIT,Y+X2_M9_r2,pear,318,0.944675
FKIT,Y+X2_M9_r2,pear,319,0.951415
FKIT,Y+X2_M9_r2,pear,320,0.952536
FKIT,Y+X2_M9_r2,pear,321,0.954033
FKIT,Y+X2_M9_r2,pear,322,0.949589
FKIT,Y+X2_M9_r2,pear,323,0.947733
FKIT,Y+X2_M9_r2,pear,324,0.952371
FKIT,Y+X2_M9_r2,pear,325,0.942420
FKIT,Y+X2_M9_r2,pear,326,0.950487
FKIT,Y+X2_M9_r2,pear,327,0.949543
FKIT,Y+X2_M9_r2,pear,328,0.948868
FKIT,Y+X2_M9_r2,pear,329,0.946987
FKIT,Y+X2_M9_r2,pear,330,0.950255
FKIT,Y+X2_M9_r2,pear,331,0.948715
FKIT,Y+X2_M9_r2,pear,332,0.950163
FKIT,Y+X2_M9_r2,pear,333,0.950893
FKIT,Y+X2_M9_r2,pear,334,0.950638
FKIT,Y+X2_M9_r2,pear,335,0.950679
FKIT,Y+X2_M9_r2,pear,336,0.953005
FKIT,Y+X2_M9_r2,pear,337,0.954337
FKIT,Y+X2_M9_r2,pear,338,0.950821
FKIT,Y+X2_M9_r2,pear,339,0.951812
FKIT,Y+X2_M9_r2,pear,340,0.952331
FKIT,Y+X2_M9_r2,pear,341,0.951757
FKIT,Y+X2_M9_r2,pear,342,0.950028
FKIT,Y+X2_M9_r2,pear,343,0.951697
FKIT,Y+X2_M9_r2,pear,344,0.950686
FKIT,Y+X2_M9_r2,pear,345,0.948904
FKIT,Y+X2_M9_r2,pear,346,0.945686
FKIT,Y+X2_M9_r2,pear,347,0.950327
FKIT,Y+X2_M9_r2,pear,348,0.949499
FKIT,Y+X2_M9_r2,pear,349,0.939507
FKIT,Y+X2_M9_r2,pear,350,0.937672
FKIT,Y+X2_M9_r2,pear,351,0.924622
FKIT,Y+X2_M9_r2,pear,352,0.935475
FKIT,Y+X2_M9_r2,pear,353,0.929415
FKIT,Y+X2_M9_r2,pear,354,0.938831
FKIT,Y+X2_M9_r2,pear,355,0.931779
FKIT,Y+X2_M9_r2,pear,356,0.937760
FKIT,Y+X2_M9_r2,pear,357,0.935912
FKIT,Y+X2_M9_r2,pear,358,0.926794
FKIT,Y+X2_M9_r2,pear,359,0.928555
FKIT,Y+X2_M9_r2,pear,360,0.936572
FKIT,Y+X2_M9_r2,pear,361,0.941249
FKIT,Y+X2_M9_r2,pear,362,0.935551
FKIT,Y+X2_M9_r2,pear,363,0.943548
FKIT,Y+X2_M9_r2,pear,364,0.939035
FKIT,Y+X2_M9_r2,pear,365,0.928910
FKIT,Y+X2_M9_r2,pear,366,0.943789
FKIT,Y+X2_M9_r2,pear,367,0.938795
FKIT,Y+X2_M9_r2,pear,368,0.943130
FKIT,Y+X2_M9_r2,pear,369,0.948925
FKIT,Y+X2_M9_r2,pear,370,0.942188
FKIT,Y+X2_M9_r2,pear,371,0.941873
FKIT,Y+X2_M9_r2,pear,372,0.942254
FKIT,Y+X2_M9_r2,pear,373,0.938407
FKIT,Y+X2_M9_r2,pear,374,0.945698
FKIT,Y+X2_M9_r2,pear,375,0.938824
FKIT,Y+X2_M9_r2,pear,376,0.948431
FKIT,Y+X2_M9_r2,pear,377,0.951452
FKIT,Y+X2_M9_r2,pear,378,0.950653
FKIT,Y+X2_M9_r2,pear,379,0.952996
FKIT,Y+X2_M9_r2,pear,380,0.953592
FKIT,Y+X2_M9_r2,pear,381,0.951123
FKIT,Y+X2_M9_r2,pear,382,0.948684
FKIT,Y+X2_M9_r2,pear,383,0.944623
FKIT,Y+X2_M9_r2,pear,384,0.948500
FKIT,Y+X2_M9_r2,pear,385,0.943004
FKIT,Y+X2_M9_r2,pear,386,0.949710
FKIT,Y+X2_M9_r2,pear,387,0.951863
FKIT,Y+X2_M9_r2,pear,388,0.954155
FKIT,Y+X2_M9_r2,pear,389,0.951635
FKIT,Y+X2_M9_r2,pear,390,0.954116
FKIT,Y+X2_M9_r2,pear,391,0.953186
FKIT,Y+X2_M9_r2,pear,392,0.949503
FKIT,Y+X2_M9_r2,pear,393,0.951491
FKIT,Y+X2_M9_r2,pear,394,0.954659
FKIT,Y+X2_M9_r2,pear,395,0.956784
FKIT,Y+X2_M9_r2,pear,396,0.954470
FKIT,Y+X2_M9_r2,pear,397,0.951001
FKIT,Y+X2_M9_r2,pear,398,0.957523
FKIT,Y+X2_M9_r2,pear,399,0.956143
FKIT,Y+X2_M9_r2,pear,400,0.954249
FKIT,Y+X2_M9_r2,pear,401,0.954616
FKIT,Y+X2_M9_r2,pear,402,0.953081
FKIT,Y+X2_M9_r2,pear,403,0.951701
FKIT,Y+X2_M9_r2,pear,404,0.957046
FKIT,Y+X2_M9_r2,pear,405,0.952394
FKIT,Y+X2_M9_r2,pear,406,0.951723
FKIT,Y+X2_M9_r2,pear,407,0.958378
FKIT,Y+X2_M9_r2,pear,408,0.953602
FKIT,Y+X2_M9_r2,pear,409,0.952627
FKIT,Y+X2_M9_r2,pear,410,0.956823
FKIT,Y+X2_M9_r2,pear,411,0.960489
FKIT,Y+X2_M9_r2,pear,412,0.956045
FKIT,Y+X2_M9_r2,pear,413,0.955976
FKIT,Y+X2_M9_r2,pear,414,0.953483
FKIT,Y+X2_M9_r2,pear,415,0.952599
FKIT,Y+X2_M9_r2,pear,416,0.953057
FKIT,Y+X2_M9_r2,pear,417,0.950735
FKIT,Y+X2_M9_r2,pear,418,0.954342
FKIT,Y+X2_M9_r2,pear,419,0.954232
FKIT,Y+X2_M9_r2,pear,420,0.955941
FKIT,Y+X2_M9_r2,pear,421,0.953883
FKIT,Y+X2_M9_r2,pear,422,0.952802
FKIT,Y+X2_M9_r2,pear,423,0.953259
FKIT,Y+X2_M9_r2,pear,424,0.956930
FKIT,Y+X2_M9_r2,pear,425,0.951837
FKIT,Y+X2_M9_r2,pear,426,0.951359
FKIT,Y+X2_M9_r2,pear,427,0.950430
FKIT,Y+X2_M9_r2,pear,428,0.949971
FKIT,Y+X2_M9_r2,pear,429,0.946099
FKIT,Y+X2_M9_r2,pear,430,0.954295
FKIT,Y+X2_M9_r2,pear,431,0.951282
FKIT,Y+X2_M9_r2,pear,432,0.949950
FKIT,Y+X2_M9_r2,pear,433,0.948656
FKIT,Y+X2_M9_r2,pear,434,0.947733
FKIT,Y+X2_M9_r2,pear,435,0.944333
FKIT,Y+X2_M9_r2,pear,436,0.942707
FKIT,Y+X2_M9_r2,pear,437,0.939409
FKIT,Y+X2_M9_r2,pear,438,0.944661
FKIT,Y+X2_M9_r2,pear,439,0.944971
FKIT,Y+X2_M9_r2,pear,440,0.943830
FKIT,Y+X2_M9_r2,pear,441,0.942644
FKIT,Y+X2_M9_r2,pear,442,0.933145
FKIT,Y+X2_M9_r2,pear,443,0.935410
FKIT,Y+X2_M9_r2,pear,444,0.940221
FKIT,Y+X2_M9_r2,pear,445,0.941231
FKIT,Y+X2_M9_r2,pear,446,0.933426
FKIT,Y+X2_M9_r2,pear,447,0.935106
FKIT,Y+X2_M9_r2,pear,448,0.934587
FKIT,Y+X2_M9_r2,pear,449,0.935379
FKIT,Y+X2_M9_r2,pear,450,0.937035
FKIT,Y+X2_M9_r2,pear,451,0.937116
FKIT,Y+X2_M9_r2,pear,452,0.937935
FKIT,Y+X2_M9_r2,pear,453,0.941565
FKIT,Y+X2_M9_r2,pear,454,0.941402
FKIT,Y+X2_M9_r2,pear,455,0.943525
FKIT,Y+X2_M9_r2,pear,456,0.939192
FKIT,Y+X2_M9_r2,pear,457,0.942233
FKIT,Y+X2_M9_r2,pear,458,0.937581
FKIT,Y+X2_M9_r2,pear,459,0.938435
FKIT,Y+X2_M9_r2,pear,460,0.940195
FKIT,Y+X2_M9_r2,pear,461,0.942824
FKIT,Y+X2_M9_r2,pear,462,0.940527
FKIT,Y+X2_M9_r2,pear,463,0.941082
FKIT,Y+X2_M9_r2,pear,464,0.939300
FKIT,Y+X2_M9_r2,pear,465,0.926328
FKIT,Y+X2_M9_r2,pear,466,0.936673
FKIT,Y+X2_M9_r2,pear,467,0.932337
FKIT,Y+X2_M9_r2,pear,468,0.940307
FKIT,Y+X2_M9_r2,pear,469,0.938256
FKIT,Y+X2_M9_r2,pear,470,0.939850
FKIT,Y+X2_M9_r2,pear,471,0.943029
FKIT,Y+X2_M9_r2,pear,472,0.937390
FKIT,Y+X2_M9_r2,pear,473,0.929826
FKIT,Y+X2_M9_r2,pear,474,0.938888
FKIT,Y+X2_M9_r2,pear,475,0.922029
FKIT,Y+X2_M9_r2,pear,476,0.936405
FKIT,Y+X2_M9_r2,pear,477,0.941991
FKIT,Y+X2_M9_r2,pear,478,0.936585
FKIT,Y+X2_M9_r2,pear,479,0.928966
FKIT,Y+X2_M9_r2,pear,480,0.935375
FKIT,Y+X2_M9_r2,pear,481,0.928473
FKIT,Y+X2_M9_r2,pear,482,0.935599
FKIT,Y+X2_M9_r2,pear,483,0.938277
FKIT,Y+X2_M9_r2,pear,484,0.934706
FKIT,Y+X2_M9_r2,pear,485,0.927695
FKIT,Y+X2_M9_r2,pear,486,0.925268
FKIT,Y+X2_M9_r2,pear,487,0.934353
FKIT,Y+X2_M9_r2,pear,488,0.933259
FKIT,Y+X2_M9_r2,pear,489,0.936335
FKIT,Y+X2_M9_r2,pear,490,0.936605
FKIT,Y+X2_M9_r2,pear,491,0.930449
FKIT,Y+X2_M9_r2,pear,492,0.930756
FKIT,Y+X2_M9_r2,pear,493,0.926309
FKIT,Y+X2_M9_r2,pear,494,0.936420
FKIT,Y+X2_M9_r2,pear,495,0.941918
FKIT,Y+X2_M9_r2,pear,496,0.938872
FKIT,Y+X2_M9_r2,pear,497,0.948975
FKIT,Y+X2_M9_r2,pear,498,0.938678
FKIT,Y+X2_M9_r2,pear,499,0.948409
FKIT,Y+X2_M9_r2,pear,500,0.947653
FKIT,Y+X2_M9_r2,pear,501,0.951491
FKIT,Y+X2_M9_r2,pear,502,0.952402
FKIT,Y+X2_M9_r2,pear,503,0.952424
FKIT,Y+X2_M9_r2,pear,504,0.947852
FKIT,Y+X2_M9_r2,pear,505,0.950948
FKIT,Y+X2_M9_r2,pear,506,0.953244
FKIT,Y+X2_M9_r2,pear,507,0.954255
FKIT,Y+X2_M9_r2,pear,508,0.950217
FKIT,Y+X2_M9_r2,pear,509,0.950551
FKIT,Y+X2_M9_r2,pear,510,0.950722
FKIT,Y+X2_M9_r2,pear,511,0.953617
FKIT,Y+X2_M9_r2,pear,512,0.951018
FKIT,Y+X2_M9_r2,pear,513,0.951657
FKIT,Y+X2_M9_r2,pear,514,0.956723
FKIT,Y+X2_M9_r2,pear,515,0.956517
FKIT,Y+X2_M9_r2,pear,516,0.948637
FKIT,Y+X2_M9_r2,pear,517,0.955353
FKIT,Y+X2_M9_r2,pear,518,0.954154
FKIT,Y+X2_M9_r2,pear,519,0.956194
FKIT,Y+X2_M9_r2,pear,520,0.952463
FKIT,Y+X2_M9_r2,pear,521,0.947485
FKIT,Y+X2_M9_r2,pear,522,0.958069
FKIT,Y+X2_M9_r2,pear,523,0.953382
FKIT,Y+X2_M9_r2,pear,524,0.958888
FKIT,Y+X2_M9_r2,pear,525,0.959366
FKIT,Y+X2_M9_r2,pear,526,0.954068
FKIT,Y+X2_M9_r2,pear,527,0.956184
FKIT,Y+X2_M9_r2,pear,528,0.959397
FKIT,Y+X2_M9_r2,pear,529,0.962539
FKIT,Y+X2_M9_r2,pear,530,0.960891
FKIT,Y+X2_M9_r2,pear,531,0.958440
FKIT,Y+X2_M9_r2,pear,532,0.961075
FKIT,Y+X2_M9_r2,pear,533,0.958138
FKIT,Y+X2_M9_r2,pear,534,0.960767
FKIT,Y+X2_M9_r2,pear,535,0.960504
FKIT,Y+X2_M9_r2,pear,536,0.964471
FKIT,Y+X2_M9_r2,pear,537,0.968205
FKIT,Y+X2_M9_r2,pear,538,0.961022
FKIT,Y+X2_M9_r2,pear,539,0.968735
FKIT,Y+X2_M9_r2,pear,540,0.964423
FKIT,Y+X2_M9_r2,pear,541,0.967842
FKIT,Y+X2_M9_r2,pear,542,0.957869
FKIT,Y+X2_M9_r2,pear,543,0.965295
FKIT,Y+X2_M9_r2,pear,544,0.970643
FKIT,Y+X2_M9_r2,pear,545,0.965808
FKIT,Y+X2_M9_r2,pear,546,0.966028
FKIT,Y+X2_M9_r2,pear,547,0.961648
FKIT,Y+X2_M9_r2,pear,548,0.962091
FKIT,Y+X2_M9_r2,pear,549,0.965590
FKIT,Y+X2_M9_r2,pear,550,0.000488
FKIT,Y+X2_M9_r2,pear,551,0.204594
FKIT,Y+X2_M9_r2,pear,552,0.103071
FKIT,Y+X2_M9_r2,pear,553,0.057670
FKIT,Y+X2_M9_r2,pear,554,0.039685
FKIT,Y+X2_M9_r2,pear,555,0.035038
FKIT,Y+X2_M9_r2,pear,556,0.029631
FKIT,Y+X2_M9_r2,pear,557,0.026028
FKIT,Y+X2_M9_r2,pear,558,0.023996
FKIT,Y+X2_M9_r2,pear,559,0.023438
FKIT,Y+X2_M9_r2,pear,560,0.021849
FKIT,Y+X2_M9_r2,pear,561,0.021719
FKIT,Y+X2_M9_r2,pear,562,0.020921
FKIT,Y+X2_M9_r2,pear,563,0.020385
FKIT,Y+X2_M9_r2,pear,564,0.019459
FKIT,Y+X2_M9_r2,pear,565,0.018617
FKIT,Y+X2_M9_r2,pear,566,0.018412
FKIT,Y+X2_M9_r2,pear,567,0.016782
FKIT,Y+X2_M9_r2,pear,568,0.016708
FKIT,Y+X2_M9_r2,pear,569,0.015337
FKIT,Y+X2_M9_r2,pear,570,0.013203
FKIT,Y+X2_M9_r2,pear,571,0.011328
FKIT,Y+X2_M9_r2,pear,572,0.009821
FKIT,Y+X2_M9_r2,pear,573,0.008753
FKIT,Y+X2_M9_r2,pear,574,0.010474
FKIT,Y+X2_M9_r2,pear,575,0.004868
FKIT,Y+X2_M9_r2,pear,576,0.010628
FKIT,Y+X2_M9_r2,pear,577,0.006689
FKIT,Y+X2_M9_r2,pear,578,0.012275
FKIT,Y+X2_M9_r2,pear,579,0.011976
FKIT,Y+X2_M9_r2,pear,580,0.007187
FKIT,Y+X2_M9_r2,pear,581,0.000272
FKIT,Y+X2_M9_r2,pear,582,0.003057
FKIT,Y+X2_M9_r2,pear,583,0.002440
FKIT,Y+X2_M9_r2,pear,584,0.002022
FKIT,Y+X2_M9_r2,pear,585,0.003251
FKIT,Y+X2_M9_r2,pear,586,0.002801
FKIT,Y+X2_M9_r2,pear,587,0.002670
FKIT,Y+X2_M9_r2,pear,588,0.002393
FKIT,Y+X2_M9_r2,pear,589,0.003009
FKIT,Y+X2_M9_r2,pear,590,0.001923
FKIT,Y+X2_M9_r2,pear,591,0.003054
FKIT,Y+X2_M9_r2,pear,592,0.003301
FKIT,Y+X2_M9_r2,pear,593,0.002614
FKIT,Y+X2_M9_r2,pear,594,0.002689
FKIT,Y+X2_M9_r2,pear,595,0.002245
FKIT,Y+X2_M9_r2,pear,596,0.001998
FKIT,Y+X2_M9_r2,pear,597,0.002659
FKIT,Y+X2_M9_r2,pear,598,0.003234
FKIT,Y+X2_M9_r2,pear,599,0.003039
FKIT,Y+X2_M9_r2,pear,600,0.002294
FKIT,Y+X2_M9_r2,pear,601,0.002836
FKIT,Y+X2_M9_r2,pear,602,0.003057
FKIT,Y+X2_M9_r2,pear,603,0.003196
FKIT,Y+X2_M9_r2,pear,604,0.003016
FKIT,Y+X2_M9_r2,pear,605,0.002697
FKIT,Y+X2_M9_r2,pear,606,0.003132
FKIT,Y+X2_M9_r2,pear,607,0.003074
FKIT,Y+X2_M9_r2,pear,608,0.003195
FKIT,Y+X2_M9_r2,pear,609,0.003208
FKIT,Y+X2_M9_r2,pear,610,0.003320
FKIT,Y+X2_M9_r2,pear,611,0.003409
FKIT,Y+X2_M9_r2,pear,612,0.004937
FKIT,Y+X2_M9_r2,pear,613,0.003694
FKIT,Y+X2_M9_r2,pear,614,0.004064
FKIT,Y+X2_M9_r2,pear,615,0.004684
FKIT,Y+X2_M9_r2,pear,616,0.004272
FKIT,Y+X2_M9_r2,pear,617,0.003538
FKIT,Y+X2_M9_r2,pear,618,0.003450
FKIT,Y+X2_M9_r2,pear,619,0.003743
FKIT,Y+X2_M9_r2,pear,620,0.003910
FKIT,Y+X2_M9_r2,pear,621,0.003832
FKIT,Y+X2_M9_r2,pear,622,0.004952
FKIT,Y+X2_M9_r2,pear,623,0.004515
FKIT,Y+X2_M9_r2,pear,624,0.004507
FKIT,Y+X2_M9_r2,pear,625,0.004177
FKIT,Y+X2_M9_r2,pear,626,0.004475
FKIT,Y+X2_M9_r2,pear,627,0.004506
FKIT,Y+X2_M9_r2,pear,628,0.004952
FKIT,Y+X2_M9_r2,pear,629,0.003972
FKIT,Y+X2_M9_r2,pear,630,0.004041
FKIT,Y+X2_M9_r2,pear,631,0.003788
FKIT,Y+X2_M9_r2,pear,632,0.003504
FKIT,Y+X2_M9_r2,pear,633,0.003275
FKIT,Y+X2_M9_r2,pear,634,0.002883
FKIT,Y+X2_M9_r2,pear,635,0.003165
FKIT,Y+X2_M9_r2,pear,636,0.002880
FKIT,Y+X2_M9_r2,pear,637,0.003086
FKIT,Y+X2_M9_r2,pear,638,0.002624
FKIT,Y+X2_M9_r2,pear,639,0.002742
FKIT,Y+X2_M9_r2,pear,640,0.002360
FKIT,Y+X2_M9_r2,pear,641,0.002353
FKIT,Y+X2_M9_r2,pear,642,0.002732
FKIT,Y+X2_M9_r2,pear,643,0.003324
FKIT,Y+X2_M9_r2,pear,644,0.003295
FKIT,Y+X2_M9_r2,pear,645,0.002805
FKIT,Y+X2_M9_r2,pear,646,0.002655
FKIT,Y+X2_M9_r2,pear,647,0.002647
FKIT,Y+X2_M9_r2,pear,648,0.002708
FKIT,Y+X2_M9_r2,pear,649,0.002638
FKIT,Y+X2_M9_r2,pear,650,0.002528
FKIT,Y+X2_M9_r2,pear,651,0.002630
FKIT,Y+X2_M9_r2,pear,652,0.003171
FKIT,Y+X2_M9_r2,pear,653,0.003284
FKIT,Y+X2_M9_r2,pear,654,0.003224
FKIT,Y+X2_M9_r2,pear,655,0.003353
FKIT,Y+X2_M9_r2,pear,656,0.003770
FKIT,Y+X2_M9_r2,pear,657,0.003631
FKIT,Y+X2_M9_r2,pear,658,0.003174
FKIT,Y+X2_M9_r2,pear,659,0.003075
FKIT,Y+X2_M9_r2,pear,660,0.003030
FKIT,Y+X2_M9_r2,pear,661,0.003072
FKIT,Y+X2_M9_r2,pear,662,0.003878
FKIT,Y+X2_M9_r2,pear,663,0.003959
FKIT,Y+X2_M9_r2,pear,664,0.004546
FKIT,Y+X2_M9_r2,pear,665,0.004557
FKIT,Y+X2_M9_r2,pear,666,0.004608
FKIT,Y+X2_M9_r2,pear,667,0.004058
FKIT,Y+X2_M9_r2,pear,668,0.004247
FKIT,Y+X2_M9_r2,pear,669,0.004049
FKIT,Y+X2_M9_r2,pear,670,0.003900
FKIT,Y+X2_M9_r2,pear,671,0.003808
FKIT,Y+X2_M9_r2,pear,672,0.003870
FKIT,Y+X2_M9_r2,pear,673,0.003744
FKIT,Y+X2_M9_r2,pear,674,0.003944
FKIT,Y+X2_M9_r2,pear,675,0.003708
FKIT,Y+X2_M9_r2,pear,676,0.003144
FKIT,Y+X2_M9_r2,pear,677,0.002752
FKIT,Y+X2_M9_r2,pear,678,0.002780
FKIT,Y+X2_M9_r2,pear,679,0.002735
FKIT,Y+X2_M9_r2,pear,680,0.002841
FKIT,Y+X2_M9_r2,pear,681,0.002598
FKIT,Y+X2_M9_r2,pear,682,0.002309
FKIT,Y+X2_M9_r2,pear,683,0.002145
FKIT,Y+X2_M9_r2,pear,684,0.002097
FKIT,Y+X2_M9_r2,pear,685,0.001930
FKIT,Y+X2_M9_r2,pear,686,0.002214
FKIT,Y+X2_M9_r2,pear,687,0.002025
FKIT,Y+X2_M9_r2,pear,688,0.002313
FKIT,Y+X2_M9_r2,pear,689,0.002309
FKIT,Y+X2_M9_r2,pear,690,0.002058
FKIT,Y+X2_M9_r2,pear,691,0.001934
FKIT,Y+X2_M9_r2,pear,692,0.002334
FKIT,Y+X2_M9_r2,pear,693,0.002240
FKIT,Y+X2_M9_r2,pear,694,0.002708
FKIT,Y+X2_M9_r2,pear,695,0.002579
FKIT,Y+X2_M9_r2,pear,696,0.002760
FKIT,Y+X2_M9_r2,pear,697,0.002478
FKIT,Y+X2_M9_r2,pear,698,0.002698
FKIT,Y+X2_M9_r2,pear,699,0.002540
FKIT,Y+X2_M9_r2,pear,700,0.002411
FKIT,Y+X2_M9_r2,pear,701,0.002318
FKIT,Y+X2_M9_r2,pear,702,0.003112
FKIT,Y+X2_M9_r2,pear,703,0.002939
FKIT,Y+X2_M9_r2,pear,704,0.002551
FKIT,Y+X2_M9_r2,pear,705,0.002512
FKIT,Y+X2_M9_r2,pear,706,0.002472
FKIT,Y+X2_M9_r2,pear,707,0.002343
FKIT,Y+X2_M9_r2,pear,708,0.002204
FKIT,Y+X2_M9_r2,pear,709,0.002388
FKIT,Y+X2_M9_r2,pear,710,0.002358
FKIT,Y+X2_M9_r2,pear,711,0.002015
FKIT,Y+X2_M9_r2,pear,712,0.001955
FKIT,Y+X2_M9_r2,pear,713,0.001948
FKIT,Y+X2_M9_r2,pear,714,0.002012
FKIT,Y+X2_M9_r2,pear,715,0.002314
FKIT,Y+X2_M9_r2,pear,716,0.002389
FKIT,Y+X2_M9_r2,pear,717,0.002580
FKIT,Y+X2_M9_r2,pear,718,0.002439
FKIT,Y+X2_M9_r2,pear,719,0.002477
FKIT,Y+X2_M9_r2,pear,720,0.002196
FKIT,Y+X2_M9_r2,pear,721,0.002300
FKIT,Y+X2_M9_r2,pear,722,0.002843
FKIT,Y+X2_M9_r2,pear,723,0.002980
FKIT,Y+X2_M9_r2,pear,724,0.002933
FKIT,Y+X2_M9_r2,pear,725,0.002724
FKIT,Y+X2_M9_r2,pear,726,0.002706
FKIT,Y+X2_M9_r2,pear,727,0.002734
FKIT,Y+X2_M9_r2,pear,728,0.002625
FKIT,Y+X2_M9_r2,pear,729,0.002255
FKIT,Y+X2_M9_r2,pear,730,0.002281
FKIT,Y+X2_M9_r2,pear,731,0.002505
FKIT,Y+X2_M9_r2,pear,732,0.002304
FKIT,Y+X2_M9_r2,pear,733,0.002058
FKIT,Y+X2_M9_r2,pear,734,0.002465
FKIT,Y+X2_M9_r2,pear,735,0.002582
FKIT,Y+X2_M9_r2,pear,736,0.002656
FKIT,Y+X2_M9_r2,pear,737,0.002448
FKIT,Y+X2_M9_r2,pear,738,0.002466
FKIT,Y+X2_M9_r2,pear,739,0.002424
FKIT,Y+X2_M9_r2,pear,740,0.002494
FKIT,Y+X2_M9_r2,pear,741,0.002559
FKIT,Y+X2_M9_r2,pear,742,0.002528
FKIT,Y+X2_M9_r2,pear,743,0.002222
FKIT,Y+X2_M9_r2,pear,744,0.002177
FKIT,Y+X2_M9_r2,pear,745,0.001956
FKIT,Y+X2_M9_r2,pear,746,0.001870
FKIT,Y+X2_M9_r2,pear,747,0.001939
FKIT,Y+X2_M9_r2,pear,748,0.001747
FKIT,Y+X2_M9_r2,pear,749,0.001921
FKIT,Y+X2_M9_r2,pear,750,0.001704
FKIT,Y+X2_M9_r2,pear,751,0.001541
FKIT,Y+X2_M9_r2,pear,752,0.001900
FKIT,Y+X2_M9_r2,pear,753,0.002047
FKIT,Y+X2_M9_r2,pear,754,0.001943
FKIT,Y+X2_M9_r2,pear,755,0.001669
FKIT,Y+X2_M9_r2,pear,756,0.001908
FKIT,Y+X2_M9_r2,pear,757,0.001849
FKIT,Y+X2_M9_r2,pear,758,0.002020
FKIT,Y+X2_M9_r2,pear,759,0.001684
FKIT,Y+X2_M9_r2,pear,760,0.001842
FKIT,Y+X2_M9_r2,pear,761,0.001863
FKIT,Y+X2_M9_r2,pear,762,0.001846
FKIT,Y+X2_M9_r2,pear,763,0.001942
FKIT,Y+X2_M9_r2,pear,764,0.002017
FKIT,Y+X2_M9_r2,pear,765,0.002266
FKIT,Y+X2_M9_r2,pear,766,0.001960
FKIT,Y+X2_M9_r2,pear,767,0.001934
FKIT,Y+X2_M9_r2,pear,768,0.001841
FKIT,Y+X2_M9_r2,pear,769,0.001621
FKIT,Y+X2_M9_r2,pear,770,0.001733
FKIT,Y+X2_M9_r2,pear,771,0.001684
FKIT,Y+X2_M9_r2,pear,772,0.002119
FKIT,Y+X2_M9_r2,pear,773,0.001965
FKIT,Y+X2_M9_r2,pear,774,0.001969
FKIT,Y+X2_M9_r2,pear,775,0.001780
FKIT,Y+X2_M9_r2,pear,776,0.001705
FKIT,Y+X2_M9_r2,pear,777,0.001944
FKIT,Y+X2_M9_r2,pear,778,0.001732
FKIT,Y+X2_M9_r2,pear,779,0.001558
FKIT,Y+X2_M9_r2,pear,780,0.001692
FKIT,Y+X2_M9_r2,pear,781,0.001707
FKIT,Y+X2_M9_r2,pear,782,0.001952
FKIT,Y+X2_M9_r2,pear,783,0.002000
FKIT,Y+X2_M9_r2,pear,784,0.001589
FKIT,Y+X2_M9_r2,pear,785,0.001610
FKIT,Y+X2_M9_r2,pear,786,0.001833
FKIT,Y+X2_M9_r2,pear,787,0.001810
FKIT,Y+X2_M9_r2,pear,788,0.001481
FKIT,Y+X2_M9_r2,pear,789,0.001636
FKIT,Y+X2_M9_r2,pear,790,0.001679
FKIT,Y+X2_M9_r2,pear,791,0.001574
FKIT,Y+X2_M9_r2,pear,792,0.001711
FKIT,Y+X2_M9_r2,pear,793,0.001697
FKIT,Y+X2_M9_r2,pear,794,0.001714
FKIT,Y+X2_M9_r2,pear,795,0.001895
FKIT,Y+X2_M9_r2,pear,796,0.001895
FKIT,Y+X2_M9_r2,pear,797,0.001953
FKIT,Y+X2_M9_r2,pear,798,0.001946
FKIT,Y+X2_M9_r2,pear,799,0.001996
FKIT,Y+X2_M9_r2,pear,800,0.001876
FKIT,Y+X2_M9_r2,pear,801,0.002331
FKIT,Y+X2_M9_r2,pear,802,0.002693
FKIT,Y+X2_M9_r2,pear,803,0.002590
FKIT,Y+X2_M9_r2,pear,804,0.002230
FKIT,Y+X2_M9_r2,pear,805,0.002016
FKIT,Y+X2_M9_r2,pear,806,0.002027
FKIT,Y+X2_M9_r2,pear,807,0.002059
FKIT,Y+X2_M9_r2,pear,808,0.002019
FKIT,Y+X2_M9_r2,pear,809,0.002078
FKIT,Y+X2_M9_r2,pear,810,0.001895
FKIT,Y+X2_M9_r2,pear,811,0.001843
FKIT,Y+X2_M9_r2,pear,812,0.001896
FKIT,Y+X2_M9_r2,pear,813,0.002103
FKIT,Y+X2_M9_r2,pear,814,0.002167
FKIT,Y+X2_M9_r2,pear,815,0.002081
FKIT,Y+X2_M9_r2,pear,816,0.002292
FKIT,Y+X2_M9_r2,pear,817,0.002418
FKIT,Y+X2_M9_r2,pear,818,0.002254
FKIT,Y+X2_M9_r2,pear,819,0.004019
FKIT,Y+X2_M9_r2,pear,820,0.002277
FKIT,Y+X2_M9_r2,pear,821,0.002746
FKIT,Y+X2_M9_r2,pear,822,0.001908
FKIT,Y+X2_M9_r2,pear,823,0.001825
FKIT,Y+X2_M9_r2,pear,824,0.001789
FKIT,Y+X2_M9_r2,pear,825,0.001981
FKIT,Y+X2_M9_r2,pear,826,0.001713
FKIT,Y+X2_M9_r2,pear,827,0.001670
FKIT,Y+X2_M9_r2,pear,828,0.001678
FKIT,Y+X2_M9_r2,pear,829,0.002056
FKIT,Y+X2_M9_r2,pear,830,0.001780
FKIT,Y+X2_M9_r2,pear,831,0.001813
FKIT,Y+X2_M9_r2,pear,832,0.001885
FKIT,Y+X2_M9_r2,pear,833,0.001844
FKIT,Y+X2_M9_r2,pear,834,0.001864
FKIT,Y+X2_M9_r2,pear,835,0.001859
FKIT,Y+X2_M9_r2,pear,836,0.002126
FKIT,Y+X2_M9_r2,pear,837,0.002052
FKIT,Y+X2_M9_r2,pear,838,0.001626
FKIT,Y+X2_M9_r2,pear,839,0.001610
FKIT,Y+X2_M9_r2,pear,840,0.001429
FKIT,Y+X2_M9_r2,pear,841,0.001337
FKIT,Y+X2_M9_r2,pear,842,0.001282
FKIT,Y+X2_M9_r2,pear,843,0.001113
FKIT,Y+X2_M9_r2,pear,844,0.001123
FKIT,Y+X2_M9_r2,pear,845,0.001058
FKIT,Y+X2_M9_r2,pear,846,0.000948
FKIT,Y+X2_M9_r2,pear,847,0.001070
FKIT,Y+X2_M9_r2,pear,848,0.001171
FKIT,Y+X2_M9_r2,samosa,0,0.927451
FKIT,Y+X2_M9_r2,samosa,1,0.927931
FKIT,Y+X2_M9_r2,samosa,2,0.927427
FKIT,Y+X2_M9_r2,samosa,3,0.929330
FKIT,Y+X2_M9_r2,samosa,4,0.927369
FKIT,Y+X2_M9_r2,samosa,5,0.927161
FKIT,Y+X2_M9_r2,samosa,6,0.927546
FKIT,Y+X2_M9_r2,samosa,7,0.928106
FKIT,Y+X2_M9_r2,samosa,8,0.927963
FKIT,Y+X2_M9_r2,samosa,9,0.927678
FKIT,Y+X2_M9_r2,samosa,10,0.928425
FKIT,Y+X2_M9_r2,samosa,11,0.934811
FKIT,Y+X2_M9_r2,samosa,12,0.934702
FKIT,Y+X2_M9_r2,samosa,13,0.933951
FKIT,Y+X2_M9_r2,samosa,14,0.944872
FKIT,Y+X2_M9_r2,samosa,15,0.940800
FKIT,Y+X2_M9_r2,samosa,16,0.940047
FKIT,Y+X2_M9_r2,samosa,17,0.939345
FKIT,Y+X2_M9_r2,samosa,18,0.941584
FKIT,Y+X2_M9_r2,samosa,19,0.936220
FKIT,Y+X2_M9_r2,samosa,20,0.938736
FKIT,Y+X2_M9_r2,samosa,21,0.944053
FKIT,Y+X2_M9_r2,samosa,22,0.945813
FKIT,Y+X2_M9_r2,samosa,23,0.944647
FKIT,Y+X2_M9_r2,samosa,24,0.938919
FKIT,Y+X2_M9_r2,samosa,25,0.943431
FKIT,Y+X2_M9_r2,samosa,26,0.937389
FKIT,Y+X2_M9_r2,samosa,27,0.945042
FKIT,Y+X2_M9_r2,samosa,28,0.937950
FKIT,Y+X2_M9_r2,samosa,29,0.942248
FKIT,Y+X2_M9_r2,samosa,30,0.941335
FKIT,Y+X2_M9_r2,samosa,31,0.940358
FKIT,Y+X2_M9_r2,samosa,32,0.940194
FKIT,Y+X2_M9_r2,samosa,33,0.942181
FKIT,Y+X2_M9_r2,samosa,34,0.939227
FKIT,Y+X2_M9_r2,samosa,35,0.941123
FKIT,Y+X2_M9_r2,samosa,36,0.942981
FKIT,Y+X2_M9_r2,samosa,37,0.944023
FKIT,Y+X2_M9_r2,samosa,38,0.946330
FKIT,Y+X2_M9_r2,samosa,39,0.941780
FKIT,Y+X2_M9_r2,samosa,40,0.944162
FKIT,Y+X2_M9_r2,samosa,41,0.942662
FKIT,Y+X2_M9_r2,samosa,42,0.946123
FKIT,Y+X2_M9_r2,samosa,43,0.948954
FKIT,Y+X2_M9_r2,samosa,44,0.944484
FKIT,Y+X2_M9_r2,samosa,45,0.946179
FKIT,Y+X2_M9_r2,samosa,46,0.941896
FKIT,Y+X2_M9_r2,samosa,47,0.938828
FKIT,Y+X2_M9_r2,samosa,48,0.944026
FKIT,Y+X2_M9_r2,samosa,49,0.944310
FKIT,Y+X2_M9_r2,samosa,50,0.942983
FKIT,Y+X2_M9_r2,samosa,51,0.941355
FKIT,Y+X2_M9_r2,samosa,52,0.930675
FKIT,Y+X2_M9_r2,samosa,53,0.937666
FKIT,Y+X2_M9_r2,samosa,54,0.944533
FKIT,Y+X2_M9_r2,samosa,55,0.941659
FKIT,Y+X2_M9_r2,samosa,56,0.920974
FKIT,Y+X2_M9_r2,samosa,57,0.904808
FKIT,Y+X2_M9_r2,samosa,58,0.941781
FKIT,Y+X2_M9_r2,samosa,59,0.942690
FKIT,Y+X2_M9_r2,samosa,60,0.941120
FKIT,Y+X2_M9_r2,samosa,61,0.946144
FKIT,Y+X2_M9_r2,samosa,62,0.943613
FKIT,Y+X2_M9_r2,samosa,63,0.946205
FKIT,Y+X2_M9_r2,samosa,64,0.943894
FKIT,Y+X2_M9_r2,samosa,65,0.943994
FKIT,Y+X2_M9_r2,samosa,66,0.941267
FKIT,Y+X2_M9_r2,samosa,67,0.940790
FKIT,Y+X2_M9_r2,samosa,68,0.944848
FKIT,Y+X2_M9_r2,samosa,69,0.939595
FKIT,Y+X2_M9_r2,samosa,70,0.939054
FKIT,Y+X2_M9_r2,samosa,71,0.939837
FKIT,Y+X2_M9_r2,samosa,72,0.943295
FKIT,Y+X2_M9_r2,samosa,73,0.939932
FKIT,Y+X2_M9_r2,samosa,74,0.944128
FKIT,Y+X2_M9_r2,samosa,75,0.945083
FKIT,Y+X2_M9_r2,samosa,76,0.942192
FKIT,Y+X2_M9_r2,samosa,77,0.941892
FKIT,Y+X2_M9_r2,samosa,78,0.943419
FKIT,Y+X2_M9_r2,samosa,79,0.944775
FKIT,Y+X2_M9_r2,samosa,80,0.941884
FKIT,Y+X2_M9_r2,samosa,81,0.937864
FKIT,Y+X2_M9_r2,samosa,82,0.941368
FKIT,Y+X2_M9_r2,samosa,83,0.938972
FKIT,Y+X2_M9_r2,samosa,84,0.935163
FKIT,Y+X2_M9_r2,samosa,85,0.942786
FKIT,Y+X2_M9_r2,samosa,86,0.938114
FKIT,Y+X2_M9_r2,samosa,87,0.937065
FKIT,Y+X2_M9_r2,samosa,88,0.938905
FKIT,Y+X2_M9_r2,samosa,89,0.940290
FKIT,Y+X2_M9_r2,samosa,90,0.939509
FKIT,Y+X2_M9_r2,samosa,91,0.935521
FKIT,Y+X2_M9_r2,samosa,92,0.939786
FKIT,Y+X2_M9_r2,samosa,93,0.941959
FKIT,Y+X2_M9_r2,samosa,94,0.942719
FKIT,Y+X2_M9_r2,samosa,95,0.943974
FKIT,Y+X2_M9_r2,samosa,96,0.943882
FKIT,Y+X2_M9_r2,samosa,97,0.942790
FKIT,Y+X2_M9_r2,samosa,98,0.940016
FKIT,Y+X2_M9_r2,samosa,99,0.942610
FKIT,Y+X2_M9_r2,samosa,100,0.939741
FKIT,Y+X2_M9_r2,samosa,101,0.939246
FKIT,Y+X2_M9_r2,samosa,102,0.936299
FKIT,Y+X2_M9_r2,samosa,103,0.935134
FKIT,Y+X2_M9_r2,samosa,104,0.938095
FKIT,Y+X2_M9_r2,samosa,105,0.940036
FKIT,Y+X2_M9_r2,samosa,106,0.936979
FKIT,Y+X2_M9_r2,samosa,107,0.931996
FKIT,Y+X2_M9_r2,samosa,108,0.937722
FKIT,Y+X2_M9_r2,samosa,109,0.936910
FKIT,Y+X2_M9_r2,samosa,110,0.937108
FKIT,Y+X2_M9_r2,samosa,111,0.939657
FKIT,Y+X2_M9_r2,samosa,112,0.937129
FKIT,Y+X2_M9_r2,samosa,113,0.936459
FKIT,Y+X2_M9_r2,samosa,114,0.938867
FKIT,Y+X2_M9_r2,samosa,115,0.937191
FKIT,Y+X2_M9_r2,samosa,116,0.939243
FKIT,Y+X2_M9_r2,samosa,117,0.939608
FKIT,Y+X2_M9_r2,samosa,118,0.936546
FKIT,Y+X2_M9_r2,samosa,119,0.940066
FKIT,Y+X2_M9_r2,samosa,120,0.939576
FKIT,Y+X2_M9_r2,samosa,121,0.937015
FKIT,Y+X2_M9_r2,samosa,122,0.937112
FKIT,Y+X2_M9_r2,samosa,123,0.937020
FKIT,Y+X2_M9_r2,samosa,124,0.938275
FKIT,Y+X2_M9_r2,samosa,125,0.939693
FKIT,Y+X2_M9_r2,samosa,126,0.938207
FKIT,Y+X2_M9_r2,samosa,127,0.924519
FKIT,Y+X2_M9_r2,samosa,128,0.932499
FKIT,Y+X2_M9_r2,samosa,129,0.931972
FKIT,Y+X2_M9_r2,samosa,130,0.939535
FKIT,Y+X2_M9_r2,samosa,131,0.933598
FKIT,Y+X2_M9_r2,samosa,132,0.934923
FKIT,Y+X2_M9_r2,samosa,133,0.934125
FKIT,Y+X2_M9_r2,samosa,134,0.925421
FKIT,Y+X2_M9_r2,samosa,135,0.918523
FKIT,Y+X2_M9_r2,samosa,136,0.921789
FKIT,Y+X2_M9_r2,samosa,137,0.932168
FKIT,Y+X2_M9_r2,samosa,138,0.935151
FKIT,Y+X2_M9_r2,samosa,139,0.936955
FKIT,Y+X2_M9_r2,samosa,140,0.937512
FKIT,Y+X2_M9_r2,samosa,141,0.935630
FKIT,Y+X2_M9_r2,samosa,142,0.935933
FKIT,Y+X2_M9_r2,samosa,143,0.932585
FKIT,Y+X2_M9_r2,samosa,144,0.941924
FKIT,Y+X2_M9_r2,samosa,145,0.935952
FKIT,Y+X2_M9_r2,samosa,146,0.939643
FKIT,Y+X2_M9_r2,samosa,147,0.931269
FKIT,Y+X2_M9_r2,samosa,148,0.935975
FKIT,Y+X2_M9_r2,samosa,149,0.937263
FKIT,Y+X2_M9_r2,samosa,150,0.930277
FKIT,Y+X2_M9_r2,samosa,151,0.935073
FKIT,Y+X2_M9_r2,samosa,152,0.933562
FKIT,Y+X2_M9_r2,samosa,153,0.938753
FKIT,Y+X2_M9_r2,samosa,154,0.940294
FKIT,Y+X2_M9_r2,samosa,155,0.937843
FKIT,Y+X2_M9_r2,samosa,156,0.939311
FKIT,Y+X2_M9_r2,samosa,157,0.937829
FKIT,Y+X2_M9_r2,samosa,158,0.938916
FKIT,Y+X2_M9_r2,samosa,159,0.936918
FKIT,Y+X2_M9_r2,samosa,160,0.940643
FKIT,Y+X2_M9_r2,samosa,161,0.937862
FKIT,Y+X2_M9_r2,samosa,162,0.938203
FKIT,Y+X2_M9_r2,samosa,163,0.939290
FKIT,Y+X2_M9_r2,samosa,164,0.940236
FKIT,Y+X2_M9_r2,samosa,165,0.936858
FKIT,Y+X2_M9_r2,samosa,166,0.940601
FKIT,Y+X2_M9_r2,samosa,167,0.936390
FKIT,Y+X2_M9_r2,samosa,168,0.938397
FKIT,Y+X2_M9_r2,samosa,169,0.939475
FKIT,Y+X2_M9_r2,samosa,170,0.942960
FKIT,Y+X2_M9_r2,samosa,171,0.942122
FKIT,Y+X2_M9_r2,samosa,172,0.939318
FKIT,Y+X2_M9_r2,samosa,173,0.939580
FKIT,Y+X2_M9_r2,samosa,174,0.940914
FKIT,Y+X2_M9_r2,samosa,175,0.936501
FKIT,Y+X2_M9_r2,samosa,176,0.934178
FKIT,Y+X2_M9_r2,samosa,177,0.930711
FKIT,Y+X2_M9_r2,samosa,178,0.939106
FKIT,Y+X2_M9_r2,samosa,179,0.941156
FKIT,Y+X2_M9_r2,samosa,180,0.936745
FKIT,Y+X2_M9_r2,samosa,181,0.941384
FKIT,Y+X2_M9_r2,samosa,182,0.941460
FKIT,Y+X2_M9_r2,samosa,183,0.939214
FKIT,Y+X2_M9_r2,samosa,184,0.941406
FKIT,Y+X2_M9_r2,samosa,185,0.935507
FKIT,Y+X2_M9_r2,samosa,186,0.932697
FKIT,Y+X2_M9_r2,samosa,187,0.937212
FKIT,Y+X2_M9_r2,samosa,188,0.943093
FKIT,Y+X2_M9_r2,samosa,189,0.946242
FKIT,Y+X2_M9_r2,samosa,190,0.943436
FKIT,Y+X2_M9_r2,samosa,191,0.938685
FKIT,Y+X2_M9_r2,samosa,192,0.935469
FKIT,Y+X2_M9_r2,samosa,193,0.939724
FKIT,Y+X2_M9_r2,samosa,194,0.939171
FKIT,Y+X2_M9_r2,samosa,195,0.938477
FKIT,Y+X2_M9_r2,samosa,196,0.939846
FKIT,Y+X2_M9_r2,samosa,197,0.938840
FKIT,Y+X2_M9_r2,samosa,198,0.942207
FKIT,Y+X2_M9_r2,samosa,199,0.934509
FKIT,Y+X2_M9_r2,samosa,200,0.935178
FKIT,Y+X2_M9_r2,samosa,201,0.946772
FKIT,Y+X2_M9_r2,samosa,202,0.943287
FKIT,Y+X2_M9_r2,samosa,203,0.943742
FKIT,Y+X2_M9_r2,samosa,204,0.942342
FKIT,Y+X2_M9_r2,samosa,205,0.942175
FKIT,Y+X2_M9_r2,samosa,206,0.935338
FKIT,Y+X2_M9_r2,samosa,207,0.941547
FKIT,Y+X2_M9_r2,samosa,208,0.928184
FKIT,Y+X2_M9_r2,samosa,209,0.937617
FKIT,Y+X2_M9_r2,samosa,210,0.931377
FKIT,Y+X2_M9_r2,samosa,211,0.936321
FKIT,Y+X2_M9_r2,samosa,212,0.930436
FKIT,Y+X2_M9_r2,samosa,213,0.931497
FKIT,Y+X2_M9_r2,samosa,214,0.931279
FKIT,Y+X2_M9_r2,samosa,215,0.934999
FKIT,Y+X2_M9_r2,samosa,216,0.935039
FKIT,Y+X2_M9_r2,samosa,217,0.934999
FKIT,Y+X2_M9_r2,samosa,218,0.933258
FKIT,Y+X2_M9_r2,samosa,219,0.937840
FKIT,Y+X2_M9_r2,samosa,220,0.940411
FKIT,Y+X2_M9_r2,samosa,221,0.940725
FKIT,Y+X2_M9_r2,samosa,222,0.935863
FKIT,Y+X2_M9_r2,samosa,223,0.930385
FKIT,Y+X2_M9_r2,samosa,224,0.932760
FKIT,Y+X2_M9_r2,samosa,225,0.929953
FKIT,Y+X2_M9_r2,samosa,226,0.926948
FKIT,Y+X2_M9_r2,samosa,227,0.927227
FKIT,Y+X2_M9_r2,samosa,228,0.920703
FKIT,Y+X2_M9_r2,samosa,229,0.922474
FKIT,Y+X2_M9_r2,samosa,230,0.920692
FKIT,Y+X2_M9_r2,samosa,231,0.927496
FKIT,Y+X2_M9_r2,samosa,232,0.927320
FKIT,Y+X2_M9_r2,samosa,233,0.932107
FKIT,Y+X2_M9_r2,samosa,234,0.932802
FKIT,Y+X2_M9_r2,samosa,235,0.930381
FKIT,Y+X2_M9_r2,samosa,236,0.930919
FKIT,Y+X2_M9_r2,samosa,237,0.927684
FKIT,Y+X2_M9_r2,samosa,238,0.927853
FKIT,Y+X2_M9_r2,samosa,239,0.927678
FKIT,Y+X2_M9_r2,samosa,240,0.931722
FKIT,Y+X2_M9_r2,samosa,241,0.929165
FKIT,Y+X2_M9_r2,samosa,242,0.930767
FKIT,Y+X2_M9_r2,samosa,243,0.932064
FKIT,Y+X2_M9_r2,samosa,244,0.930179
FKIT,Y+X2_M9_r2,samosa,245,0.927940
FKIT,Y+X2_M9_r2,samosa,246,0.932072
FKIT,Y+X2_M9_r2,samosa,247,0.921039
FKIT,Y+X2_M9_r2,samosa,248,0.914007
FKIT,Y+X2_M9_r2,samosa,249,0.922007
FKIT,Y+X2_M9_r2,samosa,250,0.921988
FKIT,Y+X2_M9_r2,samosa,251,0.925769
FKIT,Y+X2_M9_r2,samosa,252,0.928786
FKIT,Y+X2_M9_r2,samosa,253,0.913531
FKIT,Y+X2_M9_r2,samosa,254,0.919723
FKIT,Y+X2_M9_r2,samosa,255,0.922207
FKIT,Y+X2_M9_r2,samosa,256,0.916294
FKIT,Y+X2_M9_r2,samosa,257,0.918339
FKIT,Y+X2_M9_r2,samosa,258,0.914022
FKIT,Y+X2_M9_r2,samosa,259,0.915828
FKIT,Y+X2_M9_r2,samosa,260,0.912331
FKIT,Y+X2_M9_r2,samosa,261,0.916868
FKIT,Y+X2_M9_r2,samosa,262,0.907794
FKIT,Y+X2_M9_r2,samosa,263,0.907795
FKIT,Y+X2_M9_r2,samosa,264,0.923725
FKIT,Y+X2_M9_r2,samosa,265,0.925009
FKIT,Y+X2_M9_r2,samosa,266,0.921580
FKIT,Y+X2_M9_r2,samosa,267,0.905737
FKIT,Y+X2_M9_r2,samosa,268,0.923568
FKIT,Y+X2_M9_r2,samosa,269,0.925438
FKIT,Y+X2_M9_r2,samosa,270,0.925491
FKIT,Y+X2_M9_r2,samosa,271,0.922658
FKIT,Y+X2_M9_r2,samosa,272,0.916461
FKIT,Y+X2_M9_r2,samosa,273,0.925212
FKIT,Y+X2_M9_r2,samosa,274,0.923968
FKIT,Y+X2_M9_r2,samosa,275,0.925547
FKIT,Y+X2_M9_r2,samosa,276,0.924420
FKIT,Y+X2_M9_r2,samosa,277,0.918253
FKIT,Y+X2_M9_r2,samosa,278,0.921781
FKIT,Y+X2_M9_r2,samosa,279,0.922147
FKIT,Y+X2_M9_r2,samosa,280,0.925850
FKIT,Y+X2_M9_r2,samosa,281,0.926808
FKIT,Y+X2_M9_r2,samosa,282,0.927245
FKIT,Y+X2_M9_r2,samosa,283,0.925069
FKIT,Y+X2_M9_r2,samosa,284,0.926382
FKIT,Y+X2_M9_r2,samosa,285,0.927819
FKIT,Y+X2_M9_r2,samosa,286,0.928337
FKIT,Y+X2_M9_r2,samosa,287,0.929775
FKIT,Y+X2_M9_r2,samosa,288,0.932964
FKIT,Y+X2_M9_r2,samosa,289,0.929233
FKIT,Y+X2_M9_r2,samosa,290,0.933842
FKIT,Y+X2_M9_r2,samosa,291,0.930655
FKIT,Y+X2_M9_r2,samosa,292,0.931601
FKIT,Y+X2_M9_r2,samosa,293,0.933095
FKIT,Y+X2_M9_r2,samosa,294,0.936481
FKIT,Y+X2_M9_r2,samosa,295,0.937352
FKIT,Y+X2_M9_r2,samosa,296,0.936280
FKIT,Y+X2_M9_r2,samosa,297,0.936384
FKIT,Y+X2_M9_r2,samosa,298,0.930380
FKIT,Y+X2_M9_r2,samosa,299,0.933679
FKIT,Y+X2_M9_r2,samosa,300,0.932608
FKIT,Y+X2_M9_r2,samosa,301,0.933744
FKIT,Y+X2_M9_r2,samosa,302,0.937604
FKIT,Y+X2_M9_r2,samosa,303,0.939097
FKIT,Y+X2_M9_r2,samosa,304,0.942650
FKIT,Y+X2_M9_r2,samosa,305,0.940223
FKIT,Y+X2_M9_r2,samosa,306,0.937412
FKIT,Y+X2_M9_r2,samosa,307,0.936849
FKIT,Y+X2_M9_r2,samosa,308,0.937877
FKIT,Y+X2_M9_r2,samosa,309,0.941682
FKIT,Y+X2_M9_r2,samosa,310,0.945659
FKIT,Y+X2_M9_r2,samosa,311,0.942461
FKIT,Y+X2_M9_r2,samosa,312,0.945314
FKIT,Y+X2_M9_r2,samosa,313,0.947021
FKIT,Y+X2_M9_r2,samosa,314,0.943907
FKIT,Y+X2_M9_r2,samosa,315,0.940235
FKIT,Y+X2_M9_r2,samosa,316,0.939590
FKIT,Y+X2_M9_r2,samosa,317,0.938343
FKIT,Y+X2_M9_r2,samosa,318,0.939214
FKIT,Y+X2_M9_r2,samosa,319,0.943670
FKIT,Y+X2_M9_r2,samosa,320,0.939933
FKIT,Y+X2_M9_r2,samosa,321,0.941292
FKIT,Y+X2_M9_r2,samosa,322,0.941449
FKIT,Y+X2_M9_r2,samosa,323,0.939492
FKIT,Y+X2_M9_r2,samosa,324,0.941882
FKIT,Y+X2_M9_r2,samosa,325,0.936494
FKIT,Y+X2_M9_r2,samosa,326,0.941483
FKIT,Y+X2_M9_r2,samosa,327,0.939001
FKIT,Y+X2_M9_r2,samosa,328,0.938130
FKIT,Y+X2_M9_r2,samosa,329,0.941873
FKIT,Y+X2_M9_r2,samosa,330,0.939643
FKIT,Y+X2_M9_r2,samosa,331,0.937042
FKIT,Y+X2_M9_r2,samosa,332,0.936837
FKIT,Y+X2_M9_r2,samosa,333,0.940861
FKIT,Y+X2_M9_r2,samosa,334,0.939554
FKIT,Y+X2_M9_r2,samosa,335,0.938404
FKIT,Y+X2_M9_r2,samosa,336,0.940848
FKIT,Y+X2_M9_r2,samosa,337,0.940920
FKIT,Y+X2_M9_r2,samosa,338,0.942165
FKIT,Y+X2_M9_r2,samosa,339,0.943669
FKIT,Y+X2_M9_r2,samosa,340,0.942133
FKIT,Y+X2_M9_r2,samosa,341,0.940847
FKIT,Y+X2_M9_r2,samosa,342,0.938951
FKIT,Y+X2_M9_r2,samosa,343,0.941212
FKIT,Y+X2_M9_r2,samosa,344,0.945426
FKIT,Y+X2_M9_r2,samosa,345,0.941699
FKIT,Y+X2_M9_r2,samosa,346,0.942544
FKIT,Y+X2_M9_r2,samosa,347,0.943463
FKIT,Y+X2_M9_r2,samosa,348,0.947877
FKIT,Y+X2_M9_r2,samosa,349,0.950698
FKIT,Y+X2_M9_r2,samosa,350,0.947607
FKIT,Y+X2_M9_r2,samosa,351,0.946728
FKIT,Y+X2_M9_r2,samosa,352,0.948509
FKIT,Y+X2_M9_r2,samosa,353,0.953297
FKIT,Y+X2_M9_r2,samosa,354,0.949447
FKIT,Y+X2_M9_r2,samosa,355,0.947008
FKIT,Y+X2_M9_r2,samosa,356,0.948200
FKIT,Y+X2_M9_r2,samosa,357,0.950000
FKIT,Y+X2_M9_r2,samosa,358,0.952300
FKIT,Y+X2_M9_r2,samosa,359,0.948987
FKIT,Y+X2_M9_r2,samosa,360,0.951283
FKIT,Y+X2_M9_r2,samosa,361,0.951371
FKIT,Y+X2_M9_r2,samosa,362,0.947308
FKIT,Y+X2_M9_r2,samosa,363,0.948707
FKIT,Y+X2_M9_r2,samosa,364,0.950085
FKIT,Y+X2_M9_r2,samosa,365,0.950558
FKIT,Y+X2_M9_r2,samosa,366,0.948697
FKIT,Y+X2_M9_r2,samosa,367,0.946633
FKIT,Y+X2_M9_r2,samosa,368,0.944024
FKIT,Y+X2_M9_r2,samosa,369,0.945607
FKIT,Y+X2_M9_r2,samosa,370,0.946922
FKIT,Y+X2_M9_r2,samosa,371,0.946363
FKIT,Y+X2_M9_r2,samosa,372,0.940168
FKIT,Y+X2_M9_r2,samosa,373,0.943543
FKIT,Y+X2_M9_r2,samosa,374,0.940371
FKIT,Y+X2_M9_r2,samosa,375,0.940531
FKIT,Y+X2_M9_r2,samosa,376,0.943817
FKIT,Y+X2_M9_r2,samosa,377,0.940880
FKIT,Y+X2_M9_r2,samosa,378,0.939203
FKIT,Y+X2_M9_r2,samosa,379,0.938137
FKIT,Y+X2_M9_r2,samosa,380,0.300610
FKIT,Y+X2_M9_r2,samosa,381,0.923518
FKIT,Y+X2_M9_r2,samosa,382,0.939492
FKIT,Y+X2_M9_r2,samosa,383,0.938595
FKIT,Y+X2_M9_r2,samosa,384,0.938702
FKIT,Y+X2_M9_r2,samosa,385,0.935951
FKIT,Y+X2_M9_r2,samosa,386,0.935433
FKIT,Y+X2_M9_r2,samosa,387,0.935193
FKIT,Y+X2_M9_r2,samosa,388,0.938925
FKIT,Y+X2_M9_r2,samosa,389,0.940295
FKIT,Y+X2_M9_r2,samosa,390,0.942257
FKIT,Y+X2_M9_r2,samosa,391,0.938387
FKIT,Y+X2_M9_r2,samosa,392,0.937855
FKIT,Y+X2_M9_r2,samosa,393,0.937883
FKIT,Y+X2_M9_r2,samosa,394,0.934011
FKIT,Y+X2_M9_r2,samosa,395,0.933989
FKIT,Y+X2_M9_r2,samosa,396,0.931808
FKIT,Y+X2_M9_r2,samosa,397,0.932064
FKIT,Y+X2_M9_r2,samosa,398,0.929935
FKIT,Y+X2_M9_r2,samosa,399,0.928065
FKIT,Y+X2_M9_r2,samosa,400,0.917017
FKIT,Y+X2_M9_r2,samosa,401,0.929016
FKIT,Y+X2_M9_r2,samosa,402,0.932636
FKIT,Y+X2_M9_r2,samosa,403,0.932476
FKIT,Y+X2_M9_r2,samosa,404,0.934341
FKIT,Y+X2_M9_r2,samosa,405,0.925033
FKIT,Y+X2_M9_r2,samosa,406,0.928030
FKIT,Y+X2_M9_r2,samosa,407,0.925807
FKIT,Y+X2_M9_r2,samosa,408,0.929137
FKIT,Y+X2_M9_r2,samosa,409,0.931031
FKIT,Y+X2_M9_r2,samosa,410,0.926488
FKIT,Y+X2_M9_r2,samosa,411,0.928389
FKIT,Y+X2_M9_r2,samosa,412,0.932392
FKIT,Y+X2_M9_r2,samosa,413,0.928869
FKIT,Y+X2_M9_r2,samosa,414,0.932385
FKIT,Y+X2_M9_r2,samosa,415,0.927077
FKIT,Y+X2_M9_r2,samosa,416,0.922236
FKIT,Y+X2_M9_r2,samosa,417,0.924653
FKIT,Y+X2_M9_r2,samosa,418,0.927814
FKIT,Y+X2_M9_r2,samosa,419,0.931637
FKIT,Y+X2_M9_r2,samosa,420,0.932257
FKIT,Y+X2_M9_r2,samosa,421,0.935387
FKIT,Y+X2_M9_r2,samosa,422,0.935423
FKIT,Y+X2_M9_r2,samosa,423,0.932072
FKIT,Y+X2_M9_r2,samosa,424,0.934515
FKIT,Y+X2_M9_r2,samosa,425,0.933333
FKIT,Y+X2_M9_r2,samosa,426,0.931346
FKIT,Y+X2_M9_r2,samosa,427,0.930336
FKIT,Y+X2_M9_r2,samosa,428,0.933283
FKIT,Y+X2_M9_r2,samosa,429,0.927286
FKIT,Y+X2_M9_r2,samosa,430,0.919910
FKIT,Y+X2_M9_r2,samosa,431,0.929102
FKIT,Y+X2_M9_r2,samosa,432,0.933654
FKIT,Y+X2_M9_r2,samosa,433,0.931800
FKIT,Y+X2_M9_r2,samosa,434,0.923459
FKIT,Y+X2_M9_r2,samosa,435,0.917049
FKIT,Y+X2_M9_r2,samosa,436,0.926714
FKIT,Y+X2_M9_r2,samosa,437,0.927667
FKIT,Y+X2_M9_r2,samosa,438,0.921587
FKIT,Y+X2_M9_r2,samosa,439,0.920874
FKIT,Y+X2_M9_r2,samosa,440,0.906844
FKIT,Y+X2_M9_r2,samosa,441,0.922401
FKIT,Y+X2_M9_r2,samosa,442,0.921426
FKIT,Y+X2_M9_r2,samosa,443,0.911134
FKIT,Y+X2_M9_r2,samosa,444,0.907850
FKIT,Y+X2_M9_r2,samosa,445,0.914709
FKIT,Y+X2_M9_r2,samosa,446,0.910956
FKIT,Y+X2_M9_r2,samosa,447,0.914381
FKIT,Y+X2_M9_r2,samosa,448,0.915238
FKIT,Y+X2_M9_r2,samosa,449,0.913463
FKIT,Y+X2_M9_r2,samosa,450,0.915951
FKIT,Y+X2_M9_r2,samosa,451,0.910686
FKIT,Y+X2_M9_r2,samosa,452,0.915885
FKIT,Y+X2_M9_r2,samosa,453,0.918573
FKIT,Y+X2_M9_r2,samosa,454,0.918933
FKIT,Y+X2_M9_r2,samosa,455,0.924337
FKIT,Y+X2_M9_r2,samosa,456,0.904603
FKIT,Y+X2_M9_r2,samosa,457,0.913077
FKIT,Y+X2_M9_r2,samosa,458,0.918726
FKIT,Y+X2_M9_r2,samosa,459,0.915774
FKIT,Y+X2_M9_r2,samosa,460,0.927986
FKIT,Y+X2_M9_r2,samosa,461,0.923911
FKIT,Y+X2_M9_r2,samosa,462,0.915694
FKIT,Y+X2_M9_r2,samosa,463,0.924863
FKIT,Y+X2_M9_r2,samosa,464,0.924987
FKIT,Y+X2_M9_r2,samosa,465,0.925970
FKIT,Y+X2_M9_r2,samosa,466,0.931717
FKIT,Y+X2_M9_r2,samosa,467,0.929559
FKIT,Y+X2_M9_r2,samosa,468,0.932519
FKIT,Y+X2_M9_r2,samosa,469,0.932867
FKIT,Y+X2_M9_r2,samosa,470,0.941528
FKIT,Y+X2_M9_r2,samosa,471,0.934294
FKIT,Y+X2_M9_r2,samosa,472,0.928804
FKIT,Y+X2_M9_r2,samosa,473,0.926683
FKIT,Y+X2_M9_r2,samosa,474,0.939989
FKIT,Y+X2_M9_r2,samosa,475,0.943321
FKIT,Y+X2_M9_r2,samosa,476,0.938521
FKIT,Y+X2_M9_r2,samosa,477,0.942963
FKIT,Y+X2_M9_r2,samosa,478,0.935311
FKIT,Y+X2_M9_r2,samosa,479,0.932514
FKIT,Y+X2_M9_r2,samosa,480,0.937697
FKIT,Y+X2_M9_r2,samosa,481,0.937273
FKIT,Y+X2_M9_r2,samosa,482,0.941132
FKIT,Y+X2_M9_r2,samosa,483,0.941191
FKIT,Y+X2_M9_r2,samosa,484,0.940959
FKIT,Y+X2_M9_r2,samosa,485,0.941029
FKIT,Y+X2_M9_r2,samosa,486,0.942431
FKIT,Y+X2_M9_r2,samosa,487,0.943539
FKIT,Y+X2_M9_r2,samosa,488,0.946293
FKIT,Y+X2_M9_r2,samosa,489,0.945402
FKIT,Y+X2_M9_r2,samosa,490,0.948031
FKIT,Y+X2_M9_r2,samosa,491,0.951293
FKIT,Y+X2_M9_r2,samosa,492,0.952479
FKIT,Y+X2_M9_r2,samosa,493,0.952520
FKIT,Y+X2_M9_r2,samosa,494,0.952234
FKIT,Y+X2_M9_r2,samosa,495,0.952089
FKIT,Y+X2_M9_r2,samosa,496,0.952568
FKIT,Y+X2_M9_r2,samosa,497,0.953821
FKIT,Y+X2_M9_r2,samosa,498,0.953372
FKIT,Y+X2_M9_r2,samosa,499,0.954446
FKIT,Y+X2_M9_r2,samosa,500,0.953280
FKIT,Y+X2_M9_r2,samosa,501,0.953161
FKIT,Y+X2_M9_r2,samosa,502,0.955127
FKIT,Y+X2_M9_r2,samosa,503,0.952401
FKIT,Y+X2_M9_r2,samosa,504,0.952387
FKIT,Y+X2_M9_r2,samosa,505,0.952913
FKIT,Y+X2_M9_r2,samosa,506,0.949978
FKIT,Y+X2_M9_r2,samosa,507,0.947030
FKIT,Y+X2_M9_r2,samosa,508,0.945127
FKIT,Y+X2_M9_r2,samosa,509,0.945608
FKIT,Y+X2_M9_r2,samosa,510,0.940880
FKIT,Y+X2_M9_r2,samosa,511,0.941733
FKIT,Y+X2_M9_r2,samosa,512,0.938460
FKIT,Y+X2_M9_r2,samosa,513,0.937006
FKIT,Y+X2_M9_r2,samosa,514,0.940094
FKIT,Y+X2_M9_r2,samosa,515,0.939451
FKIT,Y+X2_M9_r2,samosa,516,0.935786
FKIT,Y+X2_M9_r2,samosa,517,0.935458
FKIT,Y+X2_M9_r2,samosa,518,0.938839
FKIT,Y+X2_M9_r2,samosa,519,0.939936
FKIT,Y+X2_M9_r2,samosa,520,0.938940
FKIT,Y+X2_M9_r2,samosa,521,0.930212
FKIT,Y+X2_M9_r2,samosa,522,0.927226
FKIT,Y+X2_M9_r2,samosa,523,0.935173
FKIT,Y+X2_M9_r2,samosa,524,0.930487
FKIT,Y+X2_M9_r2,samosa,525,0.943714
FKIT,Y+X2_M9_r2,samosa,526,0.936000
FKIT,Y+X2_M9_r2,samosa,527,0.935927
FKIT,Y+X2_M9_r2,samosa,528,0.935268
FKIT,Y+X2_M9_r2,samosa,529,0.936344
FKIT,Y+X2_M9_r2,samosa,530,0.940909
FKIT,Y+X2_M9_r2,samosa,531,0.950809
FKIT,Y+X2_M9_r2,samosa,532,0.944541
FKIT,Y+X2_M9_r2,samosa,533,0.942681
FKIT,Y+X2_M9_r2,samosa,534,0.935192
FKIT,Y+X2_M9_r2,samosa,535,0.937360
FKIT,Y+X2_M9_r2,samosa,536,0.940067
FKIT,Y+X2_M9_r2,samosa,537,0.934307
FKIT,Y+X2_M9_r2,samosa,538,0.940117
FKIT,Y+X2_M9_r2,samosa,539,0.940316
FKIT,Y+X2_M9_r2,samosa,540,0.943728
FKIT,Y+X2_M9_r2,samosa,541,0.943392
FKIT,Y+X2_M9_r2,samosa,542,0.943504
FKIT,Y+X2_M9_r2,samosa,543,0.945972
FKIT,Y+X2_M9_r2,samosa,544,0.946851
FKIT,Y+X2_M9_r2,samosa,545,0.940968
FKIT,Y+X2_M9_r2,samosa,546,0.933156
FKIT,Y+X2_M9_r2,samosa,547,0.935451
FKIT,Y+X2_M9_r2,samosa,548,0.936104
FKIT,Y+X2_M9_r2,samosa,549,0.940143
FKIT,Y+X2_M9_r2,samosa,550,0.939143
FKIT,Y+X2_M9_r2,samosa,551,0.941571
FKIT,Y+X2_M9_r2,samosa,552,0.941171
FKIT,Y+X2_M9_r2,samosa,553,0.937037
FKIT,Y+X2_M9_r2,samosa,554,0.935599
FKIT,Y+X2_M9_r2,samosa,555,0.941098
FKIT,Y+X2_M9_r2,samosa,556,0.936790
FKIT,Y+X2_M9_r2,samosa,557,0.940468
FKIT,Y+X2_M9_r2,samosa,558,0.945036
FKIT,Y+X2_M9_r2,samosa,559,0.942960
FKIT,Y+X2_M9_r2,samosa,560,0.252938
FKIT,Y+X2_M9_r2,samosa,561,0.938292
FKIT,Y+X2_M9_r2,samosa,562,0.942616
FKIT,Y+X2_M9_r2,samosa,563,0.940402
FKIT,Y+X2_M9_r2,samosa,564,0.940050
FKIT,Y+X2_M9_r2,samosa,565,0.938168
FKIT,Y+X2_M9_r2,samosa,566,0.940610
FKIT,Y+X2_M9_r2,samosa,567,0.938836
FKIT,Y+X2_M9_r2,samosa,568,0.935119
FKIT,Y+X2_M9_r2,samosa,569,0.937505
FKIT,Y+X2_M9_r2,samosa,570,0.933831
FKIT,Y+X2_M9_r2,samosa,571,0.940368
FKIT,Y+X2_M9_r2,samosa,572,0.943849
FKIT,Y+X2_M9_r2,samosa,573,0.938869
FKIT,Y+X2_M9_r2,samosa,574,0.939314
FKIT,Y+X2_M9_r2,samosa,575,0.934597
FKIT,Y+X2_M9_r2,samosa,576,0.927989
FKIT,Y+X2_M9_r2,samosa,577,0.929222
FKIT,Y+X2_M9_r2,samosa,578,0.933333
FKIT,Y+X2_M9_r2,samosa,579,0.928862
FKIT,Y+X2_M9_r2,samosa,580,0.931363
FKIT,Y+X2_M9_r2,samosa,581,0.929119
FKIT,Y+X2_M9_r2,samosa,582,0.938186
FKIT,Y+X2_M9_r2,samosa,583,0.936312
FKIT,Y+X2_M9_r2,samosa,584,0.935079
FKIT,Y+X2_M9_r2,samosa,585,0.933952
FKIT,Y+X2_M9_r2,samosa,586,0.934362
FKIT,Y+X2_M9_r2,samosa,587,0.931898
FKIT,Y+X2_M9_r2,samosa,588,0.936056
FKIT,Y+X2_M9_r2,samosa,589,0.934507
FKIT,Y+X2_M9_r2,samosa,590,0.935379
FKIT,Y+X2_M9_r2,samosa,591,0.942085
FKIT,Y+X2_M9_r2,samosa,592,0.947372
FKIT,Y+X2_M9_r2,samosa,593,0.945836
FKIT,Y+X2_M9_r2,samosa,594,0.947475
FKIT,Y+X2_M9_r2,samosa,595,0.946010
FKIT,Y+X2_M9_r2,samosa,596,0.944936
FKIT,Y+X2_M9_r2,samosa,597,0.945413
FKIT,Y+X2_M9_r2,samosa,598,0.947972
FKIT,Y+X2_M9_r2,samosa,599,0.945726
FKIT,Y+X2_M9_r2,samosa,600,0.943761
FKIT,Y+X2_M9_r2,samosa,601,0.945314
FKIT,Y+X2_M9_r2,samosa,602,0.945912
FKIT,Y+X2_M9_r2,samosa,603,0.944857
FKIT,Y+X2_M9_r2,samosa,604,0.949520
FKIT,Y+X2_M9_r2,samosa,605,0.938587
FKIT,Y+X2_M9_r2,samosa,606,0.943462
FKIT,Y+X2_M9_r2,samosa,607,0.938370
FKIT,Y+X2_M9_r2,samosa,608,0.940212
FKIT,Y+X2_M9_r2,samosa,609,0.937378
FKIT,Y+X2_M9_r2,samosa,610,0.940833
FKIT,Y+X2_M9_r2,samosa,611,0.940188
FKIT,Y+X2_M9_r2,samosa,612,0.939361
FKIT,Y+X2_M9_r2,samosa,613,0.940787
FKIT,Y+X2_M9_r2,samosa,614,0.941617
FKIT,Y+X2_M9_r2,samosa,615,0.937839
FKIT,Y+X2_M9_r2,samosa,616,0.937590
FKIT,Y+X2_M9_r2,samosa,617,0.936846
FKIT,Y+X2_M9_r2,samosa,618,0.930301
FKIT,Y+X2_M9_r2,samosa,619,0.939536
FKIT,Y+X2_M9_r2,samosa,620,0.943228
FKIT,Y+X2_M9_r2,samosa,621,0.942400
FKIT,Y+X2_M9_r2,samosa,622,0.944243
FKIT,Y+X2_M9_r2,samosa,623,0.940828
FKIT,Y+X2_M9_r2,samosa,624,0.947099
FKIT,Y+X2_M9_r2,samosa,625,0.943104
FKIT,Y+X2_M9_r2,samosa,626,0.947507
FKIT,Y+X2_M9_r2,samosa,627,0.943608
FKIT,Y+X2_M9_r2,samosa,628,0.942280
FKIT,Y+X2_M9_r2,samosa,629,0.945212
FKIT,Y+X2_M9_r2,samosa,630,0.945496
FKIT,Y+X2_M9_r2,samosa,631,0.943833
FKIT,Y+X2_M9_r2,samosa,632,0.942802
FKIT,Y+X2_M9_r2,samosa,633,0.946188
FKIT,Y+X2_M9_r2,samosa,634,0.946730
FKIT,Y+X2_M9_r2,samosa,635,0.950003
FKIT,Y+X2_M9_r2,samosa,636,0.950777
FKIT,Y+X2_M9_r2,samosa,637,0.949589
FKIT,Y+X2_M9_r2,samosa,638,0.943282
FKIT,Y+X2_M9_r2,samosa,639,0.945153
FKIT,Y+X2_M9_r2,samosa,640,0.948328
FKIT,Y+X2_M9_r2,samosa,641,0.945624
FKIT,Y+X2_M9_r2,samosa,642,0.946481
FKIT,Y+X2_M9_r2,samosa,643,0.943449
FKIT,Y+X2_M9_r2,samosa,644,0.940138
FKIT,Y+X2_M9_r2,samosa,645,0.941216
FKIT,Y+X2_M9_r2,samosa,646,0.937771
FKIT,Y+X2_M9_r2,samosa,647,0.933980
FKIT,Y+X2_M9_r2,samosa,648,0.934246
FKIT,Y+X2_M9_r2,samosa,649,0.936239
FKIT,Y+X2_M9_r2,samosa,650,0.935087
FKIT,Y+X2_M9_r2,samosa,651,0.937227
FKIT,Y+X2_M9_r2,samosa,652,0.933692
FKIT,Y+X2_M9_r2,samosa,653,0.936917
FKIT,Y+X2_M9_r2,samosa,654,0.935458
FKIT,Y+X2_M9_r2,samosa,655,0.936762
FKIT,Y+X2_M9_r2,samosa,656,0.936700
FKIT,Y+X2_M9_r2,samosa,657,0.933254
FKIT,Y+X2_M9_r2,samosa,658,0.938940
FKIT,Y+X2_M9_r2,samosa,659,0.935190
FKIT,Y+X2_M9_r2,samosa,660,0.939207
FKIT,Y+X2_M9_r2,samosa,661,0.914253
FKIT,Y+X2_M9_r2,samosa,662,0.938692
FKIT,Y+X2_M9_r2,samosa,663,0.940617
FKIT,Y+X2_M9_r2,samosa,664,0.942108
FKIT,Y+X2_M9_r2,samosa,665,0.940841
FKIT,Y+X2_M9_r2,samosa,666,0.943883
FKIT,Y+X2_M9_r2,samosa,667,0.931917
FKIT,Y+X2_M9_r2,samosa,668,0.937861
FKIT,Y+X2_M9_r2,samosa,669,0.932895
FKIT,Y+X2_M9_r2,samosa,670,0.934656
FKIT,Y+X2_M9_r2,samosa,671,0.936783
FKIT,Y+X2_M9_r2,samosa,672,0.942338
FKIT,Y+X2_M9_r2,samosa,673,0.943076
FKIT,Y+X2_M9_r2,samosa,674,0.940982
FKIT,Y+X2_M9_r2,samosa,675,0.945261
FKIT,Y+X2_M9_r2,samosa,676,0.944361
FKIT,Y+X2_M9_r2,samosa,677,0.944659
FKIT,Y+X2_M9_r2,samosa,678,0.942525
FKIT,Y+X2_M9_r2,samosa,679,0.943700
FKIT,Y+X2_M9_r2,samosa,680,0.940145
FKIT,Y+X2_M9_r2,samosa,681,0.941280
FKIT,Y+X2_M9_r2,samosa,682,0.940092
FKIT,Y+X2_M9_r2,samosa,683,0.938639
FKIT,Y+X2_M9_r2,samosa,684,0.948064
FKIT,Y+X2_M9_r2,samosa,685,0.946944
FKIT,Y+X2_M9_r2,samosa,686,0.946115
FKIT,Y+X2_M9_r2,samosa,687,0.946937
FKIT,Y+X2_M9_r2,samosa,688,0.946609
FKIT,Y+X2_M9_r2,samosa,689,0.948508
FKIT,Y+X2_M9_r2,samosa,690,0.946753
FKIT,Y+X2_M9_r2,samosa,691,0.947925
FKIT,Y+X2_M9_r2,samosa,692,0.944465
FKIT,Y+X2_M9_r2,samosa,693,0.944844
FKIT,Y+X2_M9_r2,samosa,694,0.937902
FKIT,Y+X2_M9_r2,samosa,695,0.945343
FKIT,Y+X2_M9_r2,samosa,696,0.944313
FKIT,Y+X2_M9_r2,samosa,697,0.939649
FKIT,Y+X2_M9_r2,samosa,698,0.944822
FKIT,Y+X2_M9_r2,samosa,699,0.940400
FKIT,Y+X2_M9_r2,samosa,700,0.947083
FKIT,Y+X2_M9_r2,samosa,701,0.946941
FKIT,Y+X2_M9_r2,samosa,702,0.946472
FKIT,Y+X2_M9_r2,samosa,703,0.946856
FKIT,Y+X2_M9_r2,samosa,704,0.948393
FKIT,Y+X2_M9_r2,samosa,705,0.947912
FKIT,Y+X2_M9_r2,samosa,706,0.947759
FKIT,Y+X2_M9_r2,samosa,707,0.950506
FKIT,Y+X2_M9_r2,samosa,708,0.936950
FKIT,Y+X2_M9_r2,samosa,709,0.949836
FKIT,Y+X2_M9_r2,samosa,710,0.948723
FKIT,Y+X2_M9_r2,samosa,711,0.951427
FKIT,Y+X2_M9_r2,samosa,712,0.956313
FKIT,Y+X2_M9_r2,samosa,713,0.955097
FKIT,Y+X2_M9_r2,samosa,714,0.955524
FKIT,Y+X2_M9_r2,samosa,715,0.957227
FKIT,Y+X2_M9_r2,samosa,716,0.956976
FKIT,Y+X2_M9_r2,samosa,717,0.957223
FKIT,Y+X2_M9_r2,samosa,718,0.957167
FKIT,Y+X2_M9_r2,samosa,719,0.957256
FKIT,Y+X2_M9_r2,samosa,720,0.959585
FKIT,Y+X2_M9_r2,samosa,721,0.959145
FKIT,Y+X2_M9_r2,samosa,722,0.958814
FKIT,Y+X2_M9_r2,samosa,723,0.954251
FKIT,Y+X2_M9_r2,samosa,724,0.956490
FKIT,Y+X2_M9_r2,samosa,725,0.955363
FKIT,Y+X2_M9_r2,samosa,726,0.955940
FKIT,Y+X2_M9_r2,samosa,727,0.954914
FKIT,Y+X2_M9_r2,samosa,728,0.954347
FKIT,Y+X2_M9_r2,samosa,729,0.951318
FKIT,Y+X2_M9_r2,samosa,730,0.951545
FKIT,Y+X2_M9_r2,samosa,731,0.951105
FKIT,Y+X2_M9_r2,samosa,732,0.946904
FKIT,Y+X2_M9_r2,samosa,733,0.947246
FKIT,Y+X2_M9_r2,samosa,734,0.950266
FKIT,Y+X2_M9_r2,samosa,735,0.948366
FKIT,Y+X2_M9_r2,samosa,736,0.938276
FKIT,Y+X2_M9_r2,samosa,737,0.945917
FKIT,Y+X2_M9_r2,samosa,738,0.946556
FKIT,Y+X2_M9_r2,samosa,739,0.944516
FKIT,Y+X2_M9_r2,samosa,740,0.946225
FKIT,Y+X2_M9_r2,samosa,741,0.942033
FKIT,Y+X2_M9_r2,samosa,742,0.944357
FKIT,Y+X2_M9_r2,samosa,743,0.943761
FKIT,Y+X2_M9_r2,samosa,744,0.947453
FKIT,Y+X2_M9_r2,samosa,745,0.946448
FKIT,Y+X2_M9_r2,samosa,746,0.943430
FKIT,Y+X2_M9_r2,samosa,747,0.942736
FKIT,Y+X2_M9_r2,samosa,748,0.946025
FKIT,Y+X2_M9_r2,samosa,749,0.937993
FKIT,Y+X2_M9_r2,samosa,750,0.941969
FKIT,Y+X2_M9_r2,samosa,751,0.942762
FKIT,Y+X2_M9_r2,samosa,752,0.940717
FKIT,Y+X2_M9_r2,samosa,753,0.943226
FKIT,Y+X2_M9_r2,samosa,754,0.940991
FKIT,Y+X2_M9_r2,samosa,755,0.936416
FKIT,Y+X2_M9_r2,samosa,756,0.941915
FKIT,Y+X2_M9_r2,samosa,757,0.947860
FKIT,Y+X2_M9_r2,samosa,758,0.948017
FKIT,Y+X2_M9_r2,samosa,759,0.941755
FKIT,Y+X2_M9_r2,samosa,760,0.943211
FKIT,Y+X2_M9_r2,samosa,761,0.942473
FKIT,Y+X2_M9_r2,samosa,762,0.940267
FKIT,Y+X2_M9_r2,samosa,763,0.946235
FKIT,Y+X2_M9_r2,samosa,764,0.952869
FKIT,Y+X2_M9_r2,samosa,765,0.950818
FKIT,Y+X2_M9_r2,samosa,766,0.949400
FKIT,Y+X2_M9_r2,samosa,767,0.954086
FKIT,Y+X2_M9_r2,samosa,768,0.955164
FKIT,Y+X2_M9_r2,samosa,769,0.952813
FKIT,Y+X2_M9_r2,samosa,770,0.952347
FKIT,Y+X2_M9_r2,samosa,771,0.954865
FKIT,Y+X2_M9_r2,samosa,772,0.953883
FKIT,Y+X2_M9_r2,samosa,773,0.951419
FKIT,Y+X2_M9_r2,samosa,774,0.954347
FKIT,Y+X2_M9_r2,samosa,775,0.953333
FKIT,Y+X2_M9_r2,samosa,776,0.950682
FKIT,Y+X2_M9_r2,samosa,777,0.955398
FKIT,Y+X2_M9_r2,samosa,778,0.955758
FKIT,Y+X2_M9_r2,samosa,779,0.953442
FKIT,Y+X2_M9_r2,samosa,780,0.954180
FKIT,Y+X2_M9_r2,samosa,781,0.952523
FKIT,Y+X2_M9_r2,samosa,782,0.950173
FKIT,Y+X2_M9_r2,samosa,783,0.948469
FKIT,Y+X2_M9_r2,samosa,784,0.947292
FKIT,Y+X2_M9_r2,samosa,785,0.951776
FKIT,Y+X2_M9_r2,samosa,786,0.943773
FKIT,Y+X2_M9_r2,samosa,787,0.946918
FKIT,Y+X2_M9_r2,samosa,788,0.942936
FKIT,Y+X2_M9_r2,samosa,789,0.944945
FKIT,Y+X2_M9_r2,samosa,790,0.944014
FKIT,Y+X2_M9_r2,samosa,791,0.941554
FKIT,Y+X2_M9_r2,samosa,792,0.941953
FKIT,Y+X2_M9_r2,samosa,793,0.937986
FKIT,Y+X2_M9_r2,samosa,794,0.938531
FKIT,Y+X2_M9_r2,samosa,795,0.939818
FKIT,Y+X2_M9_r2,samosa,796,0.939173
FKIT,Y+X2_M9_r2,samosa,797,0.941390
FKIT,Y+X2_M9_r2,samosa,798,0.940444
FKIT,Y+X2_M9_r2,samosa,799,0.942854
FKIT,Y+X2_M9_r2,samosa,800,0.943750
FKIT,Y+X2_M9_r2,samosa,801,0.944475
FKIT,Y+X2_M9_r2,samosa,802,0.944235
FKIT,Y+X2_M9_r2,samosa,803,0.944301
FKIT,Y+X2_M9_r2,samosa,804,0.950024
FKIT,Y+X2_M9_r2,samosa,805,0.951378
FKIT,Y+X2_M9_r2,samosa,806,0.949692
FKIT,Y+X2_M9_r2,samosa,807,0.952303
FKIT,Y+X2_M9_r2,samosa,808,0.953846
FKIT,Y+X2_M9_r2,samosa,809,0.957206
FKIT,Y+X2_M9_r2,samosa,810,0.955574
FKIT,Y+X2_M9_r2,samosa,811,0.956711
FKIT,Y+X2_M9_r2,samosa,812,0.955241
FKIT,Y+X2_M9_r2,samosa,813,0.955560
FKIT,Y+X2_M9_r2,samosa,814,0.961323
FKIT,Y+X2_M9_r2,samosa,815,0.961242
FKIT,Y+X2_M9_r2,samosa,816,0.959030
FKIT,Y+X2_M9_r2,samosa,817,0.958512
FKIT,Y+X2_M9_r2,samosa,818,0.962556
FKIT,Y+X2_M9_r2,samosa,819,0.959749
FKIT,Y+X2_M9_r2,samosa,820,0.960418
FKIT,Y+X2_M9_r2,samosa,821,0.959277
FKIT,Y+X2_M9_r2,samosa,822,0.959419
FKIT,Y+X2_M9_r2,samosa,823,0.958639
FKIT,Y+X2_M9_r2,samosa,824,0.964034
FKIT,Y+X2_M9_r2,samosa,825,0.965717
FKIT,Y+X2_M9_r2,samosa,826,0.965289
FKIT,Y+X2_M9_r2,samosa,827,0.965637
FKIT,Y+X2_M9_r2,samosa,828,0.966899
FKIT,Y+X2_M9_r2,samosa,829,0.965374
FKIT,Y+X2_M9_r2,samosa,830,0.965673
FKIT,Y+X2_M9_r2,samosa,831,0.967996
FKIT,Y+X2_M9_r2,samosa,832,0.967395
FKIT,Y+X2_M9_r2,samosa,833,0.966050
FKIT,Y+X2_M9_r2,samosa,834,0.969691
FKIT,Y+X2_M9_r2,samosa,835,0.967091
FKIT,Y+X2_M9_r2,samosa,836,0.969265
FKIT,Y+X2_M9_r2,samosa,837,0.971381
FKIT,Y+X2_M9_r2,samosa,838,0.968837
FKIT,Y+X2_M9_r2,samosa,839,0.969824
FKIT,Y+X2_M9_r2,samosa,840,0.970045
FKIT,Y+X2_M9_r2,samosa,841,0.969267
FKIT,Y+X2_M9_r2,samosa,842,0.968010
FKIT,Y+X2_M9_r2,samosa,843,0.970019
FKIT,Y+X2_M9_r2,samosa,844,0.971471
FKIT,Y+X2_M9_r2,samosa,845,0.969743
FKIT,Y+X2_M9_r2,samosa,846,0.969806
FKIT,Y+X2_M9_r2,samosa,847,0.971331
FKIT,Y+X2_M9_r2,yellow_cane,0,0.954787
FKIT,Y+X2_M9_r2,yellow_cane,1,0.950760
FKIT,Y+X2_M9_r2,yellow_cane,2,0.948169
FKIT,Y+X2_M9_r2,yellow_cane,3,0.948229
FKIT,Y+X2_M9_r2,yellow_cane,4,0.947580
FKIT,Y+X2_M9_r2,yellow_cane,5,0.946928
FKIT,Y+X2_M9_r2,yellow_cane,6,0.946277
FKIT,Y+X2_M9_r2,yellow_cane,7,0.947102
FKIT,Y+X2_M9_r2,yellow_cane,8,0.951904
FKIT,Y+X2_M9_r2,yellow_cane,9,0.950209
FKIT,Y+X2_M9_r2,yellow_cane,10,0.952506
FKIT,Y+X2_M9_r2,yellow_cane,11,0.945382
FKIT,Y+X2_M9_r2,yellow_cane,12,0.944009
FKIT,Y+X2_M9_r2,yellow_cane,13,0.943409
FKIT,Y+X2_M9_r2,yellow_cane,14,0.949655
FKIT,Y+X2_M9_r2,yellow_cane,15,0.946537
FKIT,Y+X2_M9_r2,yellow_cane,16,0.943247
FKIT,Y+X2_M9_r2,yellow_cane,17,0.944126
FKIT,Y+X2_M9_r2,yellow_cane,18,0.941970
FKIT,Y+X2_M9_r2,yellow_cane,19,0.938500
FKIT,Y+X2_M9_r2,yellow_cane,20,0.939286
FKIT,Y+X2_M9_r2,yellow_cane,21,0.938699
FKIT,Y+X2_M9_r2,yellow_cane,22,0.937769
FKIT,Y+X2_M9_r2,yellow_cane,23,0.914387
FKIT,Y+X2_M9_r2,yellow_cane,24,0.935563
FKIT,Y+X2_M9_r2,yellow_cane,25,0.934316
FKIT,Y+X2_M9_r2,yellow_cane,26,0.916298
FKIT,Y+X2_M9_r2,yellow_cane,27,0.937590
FKIT,Y+X2_M9_r2,yellow_cane,28,0.942285
FKIT,Y+X2_M9_r2,yellow_cane,29,0.941961
FKIT,Y+X2_M9_r2,yellow_cane,30,0.938713
FKIT,Y+X2_M9_r2,yellow_cane,31,0.937175
FKIT,Y+X2_M9_r2,yellow_cane,32,0.933682
FKIT,Y+X2_M9_r2,yellow_cane,33,0.934049
FKIT,Y+X2_M9_r2,yellow_cane,34,0.927069
FKIT,Y+X2_M9_r2,yellow_cane,35,0.924362
FKIT,Y+X2_M9_r2,yellow_cane,36,0.925443
FKIT,Y+X2_M9_r2,yellow_cane,37,0.923678
FKIT,Y+X2_M9_r2,yellow_cane,38,0.925227
FKIT,Y+X2_M9_r2,yellow_cane,39,0.926091
FKIT,Y+X2_M9_r2,yellow_cane,40,0.926510
FKIT,Y+X2_M9_r2,yellow_cane,41,0.927283
FKIT,Y+X2_M9_r2,yellow_cane,42,0.928608
FKIT,Y+X2_M9_r2,yellow_cane,43,0.932108
FKIT,Y+X2_M9_r2,yellow_cane,44,0.935747
FKIT,Y+X2_M9_r2,yellow_cane,45,0.935155
FKIT,Y+X2_M9_r2,yellow_cane,46,0.928016
FKIT,Y+X2_M9_r2,yellow_cane,47,0.922553
FKIT,Y+X2_M9_r2,yellow_cane,48,0.918432
FKIT,Y+X2_M9_r2,yellow_cane,49,0.919174
FKIT,Y+X2_M9_r2,yellow_cane,50,0.912257
FKIT,Y+X2_M9_r2,yellow_cane,51,0.907358
FKIT,Y+X2_M9_r2,yellow_cane,52,0.908070
FKIT,Y+X2_M9_r2,yellow_cane,53,0.911616
FKIT,Y+X2_M9_r2,yellow_cane,54,0.914201
FKIT,Y+X2_M9_r2,yellow_cane,55,0.914255
FKIT,Y+X2_M9_r2,yellow_cane,56,0.917114
FKIT,Y+X2_M9_r2,yellow_cane,57,0.915038
FKIT,Y+X2_M9_r2,yellow_cane,58,0.920351
FKIT,Y+X2_M9_r2,yellow_cane,59,0.916062
FKIT,Y+X2_M9_r2,yellow_cane,60,0.916332
FKIT,Y+X2_M9_r2,yellow_cane,61,0.921223
FKIT,Y+X2_M9_r2,yellow_cane,62,0.926049
FKIT,Y+X2_M9_r2,yellow_cane,63,0.932440
FKIT,Y+X2_M9_r2,yellow_cane,64,0.935986
FKIT,Y+X2_M9_r2,yellow_cane,65,0.934686
FKIT,Y+X2_M9_r2,yellow_cane,66,0.938003
FKIT,Y+X2_M9_r2,yellow_cane,67,0.923642
FKIT,Y+X2_M9_r2,yellow_cane,68,0.934776
FKIT,Y+X2_M9_r2,yellow_cane,69,0.940523
FKIT,Y+X2_M9_r2,yellow_cane,70,0.929159
FKIT,Y+X2_M9_r2,yellow_cane,71,0.927426
FKIT,Y+X2_M9_r2,yellow_cane,72,0.937004
FKIT,Y+X2_M9_r2,yellow_cane,73,0.936682
FKIT,Y+X2_M9_r2,yellow_cane,74,0.928560
FKIT,Y+X2_M9_r2,yellow_cane,75,0.938184
FKIT,Y+X2_M9_r2,yellow_cane,76,0.939030
FKIT,Y+X2_M9_r2,yellow_cane,77,0.936093
FKIT,Y+X2_M9_r2,yellow_cane,78,0.951758
FKIT,Y+X2_M9_r2,yellow_cane,79,0.943250
FKIT,Y+X2_M9_r2,yellow_cane,80,0.946938
FKIT,Y+X2_M9_r2,yellow_cane,81,0.955460
FKIT,Y+X2_M9_r2,yellow_cane,82,0.956060
FKIT,Y+X2_M9_r2,yellow_cane,83,0.956373
FKIT,Y+X2_M9_r2,yellow_cane,84,0.953532
FKIT,Y+X2_M9_r2,yellow_cane,85,0.957373
FKIT,Y+X2_M9_r2,yellow_cane,86,0.950319
FKIT,Y+X2_M9_r2,yellow_cane,87,0.952770
FKIT,Y+X2_M9_r2,yellow_cane,88,0.949145
FKIT,Y+X2_M9_r2,yellow_cane,89,0.945358
FKIT,Y+X2_M9_r2,yellow_cane,90,0.942909
FKIT,Y+X2_M9_r2,yellow_cane,91,0.939850
FKIT,Y+X2_M9_r2,yellow_cane,92,0.937068
FKIT,Y+X2_M9_r2,yellow_cane,93,0.938820
FKIT,Y+X2_M9_r2,yellow_cane,94,0.936643
FKIT,Y+X2_M9_r2,yellow_cane,95,0.934450
FKIT,Y+X2_M9_r2,yellow_cane,96,0.933933
FKIT,Y+X2_M9_r2,yellow_cane,97,0.933967
FKIT,Y+X2_M9_r2,yellow_cane,98,0.935913
FKIT,Y+X2_M9_r2,yellow_cane,99,0.938078
FKIT,Y+X2_M9_r2,yellow_cane,100,0.937194
FKIT,Y+X2_M9_r2,yellow_cane,101,0.939302
FKIT,Y+X2_M9_r2,yellow_cane,102,0.941357
FKIT,Y+X2_M9_r2,yellow_cane,103,0.944235
FKIT,Y+X2_M9_r2,yellow_cane,104,0.950007
FKIT,Y+X2_M9_r2,yellow_cane,105,0.952962
FKIT,Y+X2_M9_r2,yellow_cane,106,0.954107
FKIT,Y+X2_M9_r2,yellow_cane,107,0.949004
FKIT,Y+X2_M9_r2,yellow_cane,108,0.948870
FKIT,Y+X2_M9_r2,yellow_cane,109,0.941651
FKIT,Y+X2_M9_r2,yellow_cane,110,0.946623
FKIT,Y+X2_M9_r2,yellow_cane,111,0.937783
FKIT,Y+X2_M9_r2,yellow_cane,112,0.934679
FKIT,Y+X2_M9_r2,yellow_cane,113,0.934980
FKIT,Y+X2_M9_r2,yellow_cane,114,0.934026
FKIT,Y+X2_M9_r2,yellow_cane,115,0.940314
FKIT,Y+X2_M9_r2,yellow_cane,116,0.938211
FKIT,Y+X2_M9_r2,yellow_cane,117,0.934123
FKIT,Y+X2_M9_r2,yellow_cane,118,0.942964
FKIT,Y+X2_M9_r2,yellow_cane,119,0.940131
FKIT,Y+X2_M9_r2,yellow_cane,120,0.935723
FKIT,Y+X2_M9_r2,yellow_cane,121,0.938206
FKIT,Y+X2_M9_r2,yellow_cane,122,0.934225
FKIT,Y+X2_M9_r2,yellow_cane,123,0.923996
FKIT,Y+X2_M9_r2,yellow_cane,124,0.927906
FKIT,Y+X2_M9_r2,yellow_cane,125,0.932310
FKIT,Y+X2_M9_r2,yellow_cane,126,0.934224
FKIT,Y+X2_M9_r2,yellow_cane,127,0.930285
FKIT,Y+X2_M9_r2,yellow_cane,128,0.930365
FKIT,Y+X2_M9_r2,yellow_cane,129,0.926501
FKIT,Y+X2_M9_r2,yellow_cane,130,0.935491
FKIT,Y+X2_M9_r2,yellow_cane,131,0.936421
FKIT,Y+X2_M9_r2,yellow_cane,132,0.938326
FKIT,Y+X2_M9_r2,yellow_cane,133,0.929176
FKIT,Y+X2_M9_r2,yellow_cane,134,0.927254
FKIT,Y+X2_M9_r2,yellow_cane,135,0.930289
FKIT,Y+X2_M9_r2,yellow_cane,136,0.926675
FKIT,Y+X2_M9_r2,yellow_cane,137,0.922535
FKIT,Y+X2_M9_r2,yellow_cane,138,0.929764
FKIT,Y+X2_M9_r2,yellow_cane,139,0.930487
FKIT,Y+X2_M9_r2,yellow_cane,140,0.937064
FKIT,Y+X2_M9_r2,yellow_cane,141,0.938210
FKIT,Y+X2_M9_r2,yellow_cane,142,0.934108
FKIT,Y+X2_M9_r2,yellow_cane,143,0.938139
FKIT,Y+X2_M9_r2,yellow_cane,144,0.934488
FKIT,Y+X2_M9_r2,yellow_cane,145,0.929309
FKIT,Y+X2_M9_r2,yellow_cane,146,0.932493
FKIT,Y+X2_M9_r2,yellow_cane,147,0.935601
FKIT,Y+X2_M9_r2,yellow_cane,148,0.936328
FKIT,Y+X2_M9_r2,yellow_cane,149,0.936266
FKIT,Y+X2_M9_r2,yellow_cane,150,0.931174
FKIT,Y+X2_M9_r2,yellow_cane,151,0.936635
FKIT,Y+X2_M9_r2,yellow_cane,152,0.917993
FKIT,Y+X2_M9_r2,yellow_cane,153,0.918005
FKIT,Y+X2_M9_r2,yellow_cane,154,0.918491
FKIT,Y+X2_M9_r2,yellow_cane,155,0.921099
FKIT,Y+X2_M9_r2,yellow_cane,156,0.914003
FKIT,Y+X2_M9_r2,yellow_cane,157,0.912497
FKIT,Y+X2_M9_r2,yellow_cane,158,0.914118
FKIT,Y+X2_M9_r2,yellow_cane,159,0.916434
FKIT,Y+X2_M9_r2,yellow_cane,160,0.920231
FKIT,Y+X2_M9_r2,yellow_cane,161,0.921218
FKIT,Y+X2_M9_r2,yellow_cane,162,0.922914
FKIT,Y+X2_M9_r2,yellow_cane,163,0.925967
FKIT,Y+X2_M9_r2,yellow_cane,164,0.927870
FKIT,Y+X2_M9_r2,yellow_cane,165,0.926977
FKIT,Y+X2_M9_r2,yellow_cane,166,0.932820
FKIT,Y+X2_M9_r2,yellow_cane,167,0.931268
FKIT,Y+X2_M9_r2,yellow_cane,168,0.934413
FKIT,Y+X2_M9_r2,yellow_cane,169,0.933720
FKIT,Y+X2_M9_r2,yellow_cane,170,0.934501
FKIT,Y+X2_M9_r2,yellow_cane,171,0.932352
FKIT,Y+X2_M9_r2,yellow_cane,172,0.933375
FKIT,Y+X2_M9_r2,yellow_cane,173,0.934617
FKIT,Y+X2_M9_r2,yellow_cane,174,0.936302
FKIT,Y+X2_M9_r2,yellow_cane,175,0.934780
FKIT,Y+X2_M9_r2,yellow_cane,176,0.941873
FKIT,Y+X2_M9_r2,yellow_cane,177,0.941919
FKIT,Y+X2_M9_r2,yellow_cane,178,0.951196
FKIT,Y+X2_M9_r2,yellow_cane,179,0.946617
FKIT,Y+X2_M9_r2,yellow_cane,180,0.952382
FKIT,Y+X2_M9_r2,yellow_cane,181,0.948329
FKIT,Y+X2_M9_r2,yellow_cane,182,0.951574
FKIT,Y+X2_M9_r2,yellow_cane,183,0.955704
FKIT,Y+X2_M9_r2,yellow_cane,184,0.948862
FKIT,Y+X2_M9_r2,yellow_cane,185,0.949088
FKIT,Y+X2_M9_r2,yellow_cane,186,0.953199
FKIT,Y+X2_M9_r2,yellow_cane,187,0.958456
FKIT,Y+X2_M9_r2,yellow_cane,188,0.958260
FKIT,Y+X2_M9_r2,yellow_cane,189,0.968840
FKIT,Y+X2_M9_r2,yellow_cane,190,0.968548
FKIT,Y+X2_M9_r2,yellow_cane,191,0.962230
FKIT,Y+X2_M9_r2,yellow_cane,192,0.964563
FKIT,Y+X2_M9_r2,yellow_cane,193,0.972972
FKIT,Y+X2_M9_r2,yellow_cane,194,0.964167
FKIT,Y+X2_M9_r2,yellow_cane,195,0.964229
FKIT,Y+X2_M9_r2,yellow_cane,196,0.966957
FKIT,Y+X2_M9_r2,yellow_cane,197,0.960590
FKIT,Y+X2_M9_r2,yellow_cane,198,0.967716
FKIT,Y+X2_M9_r2,yellow_cane,199,0.966084
FKIT,Y+X2_M9_r2,yellow_cane,200,0.964259
FKIT,Y+X2_M9_r2,yellow_cane,201,0.962218
FKIT,Y+X2_M9_r2,yellow_cane,202,0.961563
FKIT,Y+X2_M9_r2,yellow_cane,203,0.968206
FKIT,Y+X2_M9_r2,yellow_cane,204,0.970377
FKIT,Y+X2_M9_r2,yellow_cane,205,0.969983
FKIT,Y+X2_M9_r2,yellow_cane,206,0.968440
FKIT,Y+X2_M9_r2,yellow_cane,207,0.966135
FKIT,Y+X2_M9_r2,yellow_cane,208,0.973658
FKIT,Y+X2_M9_r2,yellow_cane,209,0.972784
FKIT,Y+X2_M9_r2,yellow_cane,210,0.976669
FKIT,Y+X2_M9_r2,yellow_cane,211,0.969934
FKIT,Y+X2_M9_r2,yellow_cane,212,0.950329
FKIT,Y+X2_M9_r2,yellow_cane,213,0.969331
FKIT,Y+X2_M9_r2,yellow_cane,214,0.975081
FKIT,Y+X2_M9_r2,yellow_cane,215,0.972336
FKIT,Y+X2_M9_r2,yellow_cane,216,0.966488
FKIT,Y+X2_M9_r2,yellow_cane,217,0.971735
FKIT,Y+X2_M9_r2,yellow_cane,218,0.959476
FKIT,Y+X2_M9_r2,yellow_cane,219,0.947791
FKIT,Y+X2_M9_r2,yellow_cane,220,0.949937
FKIT,Y+X2_M9_r2,yellow_cane,221,0.953686
FKIT,Y+X2_M9_r2,yellow_cane,222,0.961475
FKIT,Y+X2_M9_r2,yellow_cane,223,0.963269
FKIT,Y+X2_M9_r2,yellow_cane,224,0.949109
FKIT,Y+X2_M9_r2,yellow_cane,225,0.959892
FKIT,Y+X2_M9_r2,yellow_cane,226,0.944843
FKIT,Y+X2_M9_r2,yellow_cane,227,0.926413
FKIT,Y+X2_M9_r2,yellow_cane,228,0.927176
FKIT,Y+X2_M9_r2,yellow_cane,229,0.925959
FKIT,Y+X2_M9_r2,yellow_cane,230,0.931455
FKIT,Y+X2_M9_r2,yellow_cane,231,0.923373
FKIT,Y+X2_M9_r2,yellow_cane,232,0.928267
FKIT,Y+X2_M9_r2,yellow_cane,233,0.928288
FKIT,Y+X2_M9_r2,yellow_cane,234,0.936951
FKIT,Y+X2_M9_r2,yellow_cane,235,0.932446
FKIT,Y+X2_M9_r2,yellow_cane,236,0.923696
FKIT,Y+X2_M9_r2,yellow_cane,237,0.925540
FKIT,Y+X2_M9_r2,yellow_cane,238,0.909349
FKIT,Y+X2_M9_r2,yellow_cane,239,0.926007
FKIT,Y+X2_M9_r2,yellow_cane,240,0.918816
FKIT,Y+X2_M9_r2,yellow_cane,241,0.916084
FKIT,Y+X2_M9_r2,yellow_cane,242,0.921880
FKIT,Y+X2_M9_r2,yellow_cane,243,0.898142
FKIT,Y+X2_M9_r2,yellow_cane,244,0.918366
FKIT,Y+X2_M9_r2,yellow_cane,245,0.914886
FKIT,Y+X2_M9_r2,yellow_cane,246,0.918283
FKIT,Y+X2_M9_r2,yellow_cane,247,0.921361
FKIT,Y+X2_M9_r2,yellow_cane,248,0.923079
FKIT,Y+X2_M9_r2,yellow_cane,249,0.928533
FKIT,Y+X2_M9_r2,yellow_cane,250,0.928682
FKIT,Y+X2_M9_r2,yellow_cane,251,0.933045
FKIT,Y+X2_M9_r2,yellow_cane,252,0.930422
FKIT,Y+X2_M9_r2,yellow_cane,253,0.933314
FKIT,Y+X2_M9_r2,yellow_cane,254,0.937604
FKIT,Y+X2_M9_r2,yellow_cane,255,0.938061
FKIT,Y+X2_M9_r2,yellow_cane,256,0.942076
FKIT,Y+X2_M9_r2,yellow_cane,257,0.940557
FKIT,Y+X2_M9_r2,yellow_cane,258,0.934302
FKIT,Y+X2_M9_r2,yellow_cane,259,0.932135
FKIT,Y+X2_M9_r2,yellow_cane,260,0.935367
FKIT,Y+X2_M9_r2,yellow_cane,261,0.935684
FKIT,Y+X2_M9_r2,yellow_cane,262,0.936263
FKIT,Y+X2_M9_r2,yellow_cane,263,0.935222
FKIT,Y+X2_M9_r2,yellow_cane,264,0.926316
FKIT,Y+X2_M9_r2,yellow_cane,265,0.935519
FKIT,Y+X2_M9_r2,yellow_cane,266,0.933741
FKIT,Y+X2_M9_r2,yellow_cane,267,0.928526
FKIT,Y+X2_M9_r2,yellow_cane,268,0.928006
FKIT,Y+X2_M9_r2,yellow_cane,269,0.932341
FKIT,Y+X2_M9_r2,yellow_cane,270,0.932262
FKIT,Y+X2_M9_r2,yellow_cane,271,0.929098
FKIT,Y+X2_M9_r2,yellow_cane,272,0.930855
FKIT,Y+X2_M9_r2,yellow_cane,273,0.931227
FKIT,Y+X2_M9_r2,yellow_cane,274,0.936695
FKIT,Y+X2_M9_r2,yellow_cane,275,0.940957
FKIT,Y+X2_M9_r2,yellow_cane,276,0.940834
FKIT,Y+X2_M9_r2,yellow_cane,277,0.938937
FKIT,Y+X2_M9_r2,yellow_cane,278,0.936399
FKIT,Y+X2_M9_r2,yellow_cane,279,0.932106
FKIT,Y+X2_M9_r2,yellow_cane,280,0.923609
FKIT,Y+X2_M9_r2,yellow_cane,281,0.922327
FKIT,Y+X2_M9_r2,yellow_cane,282,0.921195
FKIT,Y+X2_M9_r2,yellow_cane,283,0.919541
FKIT,Y+X2_M9_r2,yellow_cane,284,0.919262
FKIT,Y+X2_M9_r2,yellow_cane,285,0.919735
FKIT,Y+X2_M9_r2,yellow_cane,286,0.920950
FKIT,Y+X2_M9_r2,yellow_cane,287,0.923802
FKIT,Y+X2_M9_r2,yellow_cane,288,0.921980
FKIT,Y+X2_M9_r2,yellow_cane,289,0.916726
FKIT,Y+X2_M9_r2,yellow_cane,290,0.919286
FKIT,Y+X2_M9_r2,yellow_cane,291,0.917569
FKIT,Y+X2_M9_r2,yellow_cane,292,0.919787
FKIT,Y+X2_M9_r2,yellow_cane,293,0.918338
FKIT,Y+X2_M9_r2,yellow_cane,294,0.918813
FKIT,Y+X2_M9_r2,yellow_cane,295,0.920473
FKIT,Y+X2_M9_r2,yellow_cane,296,0.916497
FKIT,Y+X2_M9_r2,yellow_cane,297,0.916490
FKIT,Y+X2_M9_r2,yellow_cane,298,0.912136
FKIT,Y+X2_M9_r2,yellow_cane,299,0.913351
FKIT,Y+X2_M9_r2,yellow_cane,300,0.909393
FKIT,Y+X2_M9_r2,yellow_cane,301,0.907275
FKIT,Y+X2_M9_r2,yellow_cane,302,0.895682
FKIT,Y+X2_M9_r2,yellow_cane,303,0.897639
FKIT,Y+X2_M9_r2,yellow_cane,304,0.897422
FKIT,Y+X2_M9_r2,yellow_cane,305,0.900636
FKIT,Y+X2_M9_r2,yellow_cane,306,0.903559
FKIT,Y+X2_M9_r2,yellow_cane,307,0.898439
FKIT,Y+X2_M9_r2,yellow_cane,308,0.901719
FKIT,Y+X2_M9_r2,yellow_cane,309,0.900470
FKIT,Y+X2_M9_r2,yellow_cane,310,0.899074
FKIT,Y+X2_M9_r2,yellow_cane,311,0.903871
FKIT,Y+X2_M9_r2,yellow_cane,312,0.901229
FKIT,Y+X2_M9_r2,yellow_cane,313,0.900830
FKIT,Y+X2_M9_r2,yellow_cane,314,0.900245
FKIT,Y+X2_M9_r2,yellow_cane,315,0.903069
FKIT,Y+X2_M9_r2,yellow_cane,316,0.906025
FKIT,Y+X2_M9_r2,yellow_cane,317,0.910294
FKIT,Y+X2_M9_r2,yellow_cane,318,0.909162
FKIT,Y+X2_M9_r2,yellow_cane,319,0.906773
FKIT,Y+X2_M9_r2,yellow_cane,320,0.914026
FKIT,Y+X2_M9_r2,yellow_cane,321,0.910552
FKIT,Y+X2_M9_r2,yellow_cane,322,0.890866
FKIT,Y+X2_M9_r2,yellow_cane,323,0.900779
FKIT,Y+X2_M9_r2,yellow_cane,324,0.912145
FKIT,Y+X2_M9_r2,yellow_cane,325,0.903201
FKIT,Y+X2_M9_r2,yellow_cane,326,0.906451
FKIT,Y+X2_M9_r2,yellow_cane,327,0.899227
FKIT,Y+X2_M9_r2,yellow_cane,328,0.908670
FKIT,Y+X2_M9_r2,yellow_cane,329,0.907743
FKIT,Y+X2_M9_r2,yellow_cane,330,0.905970
FKIT,Y+X2_M9_r2,yellow_cane,331,0.901667
FKIT,Y+X2_M9_r2,yellow_cane,332,0.900013
FKIT,Y+X2_M9_r2,yellow_cane,333,0.893800
FKIT,Y+X2_M9_r2,yellow_cane,334,0.896138
FKIT,Y+X2_M9_r2,yellow_cane,335,0.890060
FKIT,Y+X2_M9_r2,yellow_cane,336,0.886337
FKIT,Y+X2_M9_r2,yellow_cane,337,0.890003
FKIT,Y+X2_M9_r2,yellow_cane,338,0.886804
FKIT,Y+X2_M9_r2,yellow_cane,339,0.883169
FKIT,Y+X2_M9_r2,yellow_cane,340,0.882420
FKIT,Y+X2_M9_r2,yellow_cane,341,0.878933
FKIT,Y+X2_M9_r2,yellow_cane,342,0.875629
FKIT,Y+X2_M9_r2,yellow_cane,343,0.874494
FKIT,Y+X2_M9_r2,yellow_cane,344,0.866942
FKIT,Y+X2_M9_r2,yellow_cane,345,0.855944
FKIT,Y+X2_M9_r2,yellow_cane,346,0.837584
FKIT,Y+X2_M9_r2,yellow_cane,347,0.824944
FKIT,Y+X2_M9_r2,yellow_cane,348,0.804459
FKIT,Y+X2_M9_r2,yellow_cane,349,0.790738
FKIT,Y+X2_M9_r2,yellow_cane,350,0.775910
FKIT,Y+X2_M9_r2,yellow_cane,351,0.770557
FKIT,Y+X2_M9_r2,yellow_cane,352,0.761466
FKIT,Y+X2_M9_r2,yellow_cane,353,0.754266
FKIT,Y+X2_M9_r2,yellow_cane,354,0.746907
FKIT,Y+X2_M9_r2,yellow_cane,355,0.738779
FKIT,Y+X2_M9_r2,yellow_cane,356,0.734669
FKIT,Y+X2_M9_r2,yellow_cane,357,0.727016
FKIT,Y+X2_M9_r2,yellow_cane,358,0.719532
FKIT,Y+X2_M9_r2,yellow_cane,359,0.716737
FKIT,Y+X2_M9_r2,yellow_cane,360,0.713224
FKIT,Y+X2_M9_r2,yellow_cane,361,0.711915
FKIT,Y+X2_M9_r2,yellow_cane,362,0.709029
FKIT,Y+X2_M9_r2,yellow_cane,363,0.706664
FKIT,Y+X2_M9_r2,yellow_cane,364,0.704048
FKIT,Y+X2_M9_r2,yellow_cane,365,0.701059
FKIT,Y+X2_M9_r2,yellow_cane,366,0.697597
FKIT,Y+X2_M9_r2,yellow_cane,367,0.696901
FKIT,Y+X2_M9_r2,yellow_cane,368,0.689560
FKIT,Y+X2_M9_r2,yellow_cane,369,0.687424
FKIT,Y+X2_M9_r2,yellow_cane,370,0.686337
FKIT,Y+X2_M9_r2,yellow_cane,371,0.679924
FKIT,Y+X2_M9_r2,yellow_cane,372,0.674650
FKIT,Y+X2_M9_r2,yellow_cane,373,0.667844
FKIT,Y+X2_M9_r2,yellow_cane,374,0.657964
FKIT,Y+X2_M9_r2,yellow_cane,375,0.655953
FKIT,Y+X2_M9_r2,yellow_cane,376,0.649436
FKIT,Y+X2_M9_r2,yellow_cane,377,0.646407
FKIT,Y+X2_M9_r2,yellow_cane,378,0.640712
FKIT,Y+X2_M9_r2,yellow_cane,379,0.636761
FKIT,Y+X2_M9_r2,yellow_cane,380,0.634420
FKIT,Y+X2_M9_r2,yellow_cane,381,0.635652
FKIT,Y+X2_M9_r2,yellow_cane,382,0.638488
FKIT,Y+X2_M9_r2,yellow_cane,383,0.641716
FKIT,Y+X2_M9_r2,yellow_cane,384,0.640845
FKIT,Y+X2_M9_r2,yellow_cane,385,0.642048
FKIT,Y+X2_M9_r2,yellow_cane,386,0.639627
FKIT,Y+X2_M9_r2,yellow_cane,387,0.639083
FKIT,Y+X2_M9_r2,yellow_cane,388,0.644761
FKIT,Y+X2_M9_r2,yellow_cane,389,0.641637
FKIT,Y+X2_M9_r2,yellow_cane,390,0.643547
FKIT,Y+X2_M9_r2,yellow_cane,391,0.641262
FKIT,Y+X2_M9_r2,yellow_cane,392,0.637861
FKIT,Y+X2_M9_r2,yellow_cane,393,0.637710
FKIT,Y+X2_M9_r2,yellow_cane,394,0.632835
FKIT,Y+X2_M9_r2,yellow_cane,395,0.626646
FKIT,Y+X2_M9_r2,yellow_cane,396,0.619588
FKIT,Y+X2_M9_r2,yellow_cane,397,0.613193
FKIT,Y+X2_M9_r2,yellow_cane,398,0.598343
FKIT,Y+X2_M9_r2,yellow_cane,399,0.599744
FKIT,Y+X2_M9_r2,yellow_cane,400,0.596180
FKIT,Y+X2_M9_r2,yellow_cane,401,0.594276
FKIT,Y+X2_M9_r2,yellow_cane,402,0.592120
FKIT,Y+X2_M9_r2,yellow_cane,403,0.583383
FKIT,Y+X2_M9_r2,yellow_cane,404,0.588871
FKIT,Y+X2_M9_r2,yellow_cane,405,0.593744
FKIT,Y+X2_M9_r2,yellow_cane,406,0.590756
FKIT,Y+X2_M9_r2,yellow_cane,407,0.593241
FKIT,Y+X2_M9_r2,yellow_cane,408,0.594119
FKIT,Y+X2_M9_r2,yellow_cane,409,0.592761
FKIT,Y+X2_M9_r2,yellow_cane,410,0.596562
FKIT,Y+X2_M9_r2,yellow_cane,411,0.590553
FKIT,Y+X2_M9_r2,yellow_cane,412,0.597868
FKIT,Y+X2_M9_r2,yellow_cane,413,0.598432
FKIT,Y+X2_M9_r2,yellow_cane,414,0.597562
FKIT,Y+X2_M9_r2,yellow_cane,415,0.599561
FKIT,Y+X2_M9_r2,yellow_cane,416,0.607920
FKIT,Y+X2_M9_r2,yellow_cane,417,0.612819
FKIT,Y+X2_M9_r2,yellow_cane,418,0.617686
FKIT,Y+X2_M9_r2,yellow_cane,419,0.625859
FKIT,Y+X2_M9_r2,yellow_cane,420,0.617331
FKIT,Y+X2_M9_r2,yellow_cane,421,0.634802
FKIT,Y+X2_M9_r2,yellow_cane,422,0.640629
FKIT,Y+X2_M9_r2,yellow_cane,423,0.636733
FKIT,Y+X2_M9_r2,yellow_cane,424,0.645563
FKIT,Y+X2_M9_r2,yellow_cane,425,0.646083
FKIT,Y+X2_M9_r2,yellow_cane,426,0.651628
FKIT,Y+X2_M9_r2,yellow_cane,427,0.651592
FKIT,Y+X2_M9_r2,yellow_cane,428,0.640166
FKIT,Y+X2_M9_r2,yellow_cane,429,0.641719
FKIT,Y+X2_M9_r2,yellow_cane,430,0.640605
FKIT,Y+X2_M9_r2,yellow_cane,431,0.637835
FKIT,Y+X2_M9_r2,yellow_cane,432,0.639233
FKIT,Y+X2_M9_r2,yellow_cane,433,0.635688
FKIT,Y+X2_M9_r2,yellow_cane,434,0.628405
FKIT,Y+X2_M9_r2,yellow_cane,435,0.633328
FKIT,Y+X2_M9_r2,yellow_cane,436,0.632303
FKIT,Y+X2_M9_r2,yellow_cane,437,0.634984
FKIT,Y+X2_M9_r2,yellow_cane,438,0.633558
FKIT,Y+X2_M9_r2,yellow_cane,439,0.636308
FKIT,Y+X2_M9_r2,yellow_cane,440,0.629440
FKIT,Y+X2_M9_r2,yellow_cane,441,0.631009
FKIT,Y+X2_M9_r2,yellow_cane,442,0.632177
FKIT,Y+X2_M9_r2,yellow_cane,443,0.626987
FKIT,Y+X2_M9_r2,yellow_cane,444,0.627026
FKIT,Y+X2_M9_r2,yellow_cane,445,0.629483
FKIT,Y+X2_M9_r2,yellow_cane,446,0.629107
FKIT,Y+X2_M9_r2,yellow_cane,447,0.624422
FKIT,Y+X2_M9_r2,yellow_cane,448,0.626059
FKIT,Y+X2_M9_r2,yellow_cane,449,0.624910
FKIT,Y+X2_M9_r2,yellow_cane,450,0.623561
FKIT,Y+X2_M9_r2,yellow_cane,451,0.618838
FKIT,Y+X2_M9_r2,yellow_cane,452,0.615043
FKIT,Y+X2_M9_r2,yellow_cane,453,0.609068
FKIT,Y+X2_M9_r2,yellow_cane,454,0.609754
FKIT,Y+X2_M9_r2,yellow_cane,455,0.610238
FKIT,Y+X2_M9_r2,yellow_cane,456,0.611764
FKIT,Y+X2_M9_r2,yellow_cane,457,0.610201
FKIT,Y+X2_M9_r2,yellow_cane,458,0.612031
FKIT,Y+X2_M9_r2,yellow_cane,459,0.613699
FKIT,Y+X2_M9_r2,yellow_cane,460,0.619021
FKIT,Y+X2_M9_r2,yellow_cane,461,0.622578
FKIT,Y+X2_M9_r2,yellow_cane,462,0.619144
FKIT,Y+X2_M9_r2,yellow_cane,463,0.618580
FKIT,Y+X2_M9_r2,yellow_cane,464,0.619506
FKIT,Y+X2_M9_r2,yellow_cane,465,0.622399
FKIT,Y+X2_M9_r2,yellow_cane,466,0.618448
FKIT,Y+X2_M9_r2,yellow_cane,467,0.618717
FKIT,Y+X2_M9_r2,yellow_cane,468,0.617459
FKIT,Y+X2_M9_r2,yellow_cane,469,0.616320
FKIT,Y+X2_M9_r2,yellow_cane,470,0.618383
FKIT,Y+X2_M9_r2,yellow_cane,471,0.614707
FKIT,Y+X2_M9_r2,yellow_cane,472,0.617580
FKIT,Y+X2_M9_r2,yellow_cane,473,0.614943
FKIT,Y+X2_M9_r2,yellow_cane,474,0.612595
FKIT,Y+X2_M9_r2,yellow_cane,475,0.610871
FKIT,Y+X2_M9_r2,yellow_cane,476,0.610307
FKIT,Y+X2_M9_r2,yellow_cane,477,0.609764
FKIT,Y+X2_M9_r2,yellow_cane,478,0.608579
FKIT,Y+X2_M9_r2,yellow_cane,479,0.610698
FKIT,Y+X2_M9_r2,yellow_cane,480,0.612870
FKIT,Y+X2_M9_r2,yellow_cane,481,0.609885
FKIT,Y+X2_M9_r2,yellow_cane,482,0.607809
FKIT,Y+X2_M9_r2,yellow_cane,483,0.605411
FKIT,Y+X2_M9_r2,yellow_cane,484,0.614310
FKIT,Y+X2_M9_r2,yellow_cane,485,0.611194
FKIT,Y+X2_M9_r2,yellow_cane,486,0.610428
FKIT,Y+X2_M9_r2,yellow_cane,487,0.606907
FKIT,Y+X2_M9_r2,yellow_cane,488,0.600124
FKIT,Y+X2_M9_r2,yellow_cane,489,0.600928
FKIT,Y+X2_M9_r2,yellow_cane,490,0.596145
FKIT,Y+X2_M9_r2,yellow_cane,491,0.590362
FKIT,Y+X2_M9_r2,yellow_cane,492,0.583521
FKIT,Y+X2_M9_r2,yellow_cane,493,0.587868
FKIT,Y+X2_M9_r2,yellow_cane,494,0.585254
FKIT,Y+X2_M9_r2,yellow_cane,495,0.572942
FKIT,Y+X2_M9_r2,yellow_cane,496,0.572851
FKIT,Y+X2_M9_r2,yellow_cane,497,0.577830
FKIT,Y+X2_M9_r2,yellow_cane,498,0.576192
FKIT,Y+X2_M9_r2,yellow_cane,499,0.582989
FKIT,Y+X2_M9_r2,yellow_cane,500,0.578537
FKIT,Y+X2_M9_r2,yellow_cane,501,0.577346
FKIT,Y+X2_M9_r2,yellow_cane,502,0.581148
FKIT,Y+X2_M9_r2,yellow_cane,503,0.577299
FKIT,Y+X2_M9_r2,yellow_cane,504,0.580440
FKIT,Y+X2_M9_r2,yellow_cane,505,0.585284
FKIT,Y+X2_M9_r2,yellow_cane,506,0.582633
FKIT,Y+X2_M9_r2,yellow_cane,507,0.580609
FKIT,Y+X2_M9_r2,yellow_cane,508,0.578804
FKIT,Y+X2_M9_r2,yellow_cane,509,0.582843
FKIT,Y+X2_M9_r2,yellow_cane,510,0.579469
FKIT,Y+X2_M9_r2,yellow_cane,511,0.580589
FKIT,Y+X2_M9_r2,yellow_cane,512,0.575073
FKIT,Y+X2_M9_r2,yellow_cane,513,0.576701
FKIT,Y+X2_M9_r2,yellow_cane,514,0.576822
FKIT,Y+X2_M9_r2,yellow_cane,515,0.587859
FKIT,Y+X2_M9_r2,yellow_cane,516,0.592570
FKIT,Y+X2_M9_r2,yellow_cane,517,0.593195
FKIT,Y+X2_M9_r2,yellow_cane,518,0.598004
FKIT,Y+X2_M9_r2,yellow_cane,519,0.604494
FKIT,Y+X2_M9_r2,yellow_cane,520,0.606669
FKIT,Y+X2_M9_r2,yellow_cane,521,0.605654
FKIT,Y+X2_M9_r2,yellow_cane,522,0.603731
FKIT,Y+X2_M9_r2,yellow_cane,523,0.608449
FKIT,Y+X2_M9_r2,yellow_cane,524,0.603895
FKIT,Y+X2_M9_r2,yellow_cane,525,0.604935
FKIT,Y+X2_M9_r2,yellow_cane,526,0.609542
FKIT,Y+X2_M9_r2,yellow_cane,527,0.593513
FKIT,Y+X2_M9_r2,yellow_cane,528,0.605393
FKIT,Y+X2_M9_r2,yellow_cane,529,0.597785
FKIT,Y+X2_M9_r2,yellow_cane,530,0.596773
FKIT,Y+X2_M9_r2,yellow_cane,531,0.599352
FKIT,Y+X2_M9_r2,yellow_cane,532,0.603079
FKIT,Y+X2_M9_r2,yellow_cane,533,0.604904
FKIT,Y+X2_M9_r2,yellow_cane,534,0.616086
FKIT,Y+X2_M9_r2,yellow_cane,535,0.607284
FKIT,Y+X2_M9_r2,yellow_cane,536,0.608376
FKIT,Y+X2_M9_r2,yellow_cane,537,0.605474
FKIT,Y+X2_M9_r2,yellow_cane,538,0.605139
FKIT,Y+X2_M9_r2,yellow_cane,539,0.597902
FKIT,Y+X2_M9_r2,yellow_cane,540,0.598679
FKIT,Y+X2_M9_r2,yellow_cane,541,0.596469
FKIT,Y+X2_M9_r2,yellow_cane,542,0.595446
FKIT,Y+X2_M9_r2,yellow_cane,543,0.589151
FKIT,Y+X2_M9_r2,yellow_cane,544,0.595877
FKIT,Y+X2_M9_r2,yellow_cane,545,0.593696
FKIT,Y+X2_M9_r2,yellow_cane,546,0.591368
FKIT,Y+X2_M9_r2,yellow_cane,547,0.585755
FKIT,Y+X2_M9_r2,yellow_cane,548,0.581342
FKIT,Y+X2_M9_r2,yellow_cane,549,0.574230
FKIT,Y+X2_M9_r2,yellow_cane,550,0.579680
FKIT,Y+X2_M9_r2,yellow_cane,551,0.578654
FKIT,Y+X2_M9_r2,yellow_cane,552,0.573450
FKIT,Y+X2_M9_r2,yellow_cane,553,0.571861
FKIT,Y+X2_M9_r2,yellow_cane,554,0.571488
FKIT,Y+X2_M9_r2,yellow_cane,555,0.571048
FKIT,Y+X2_M9_r2,yellow_cane,556,0.560703
FKIT,Y+X2_M9_r2,yellow_cane,557,0.556129
FKIT,Y+X2_M9_r2,yellow_cane,558,0.545136
FKIT,Y+X2_M9_r2,yellow_cane,559,0.541477
FKIT,Y+X2_M9_r2,yellow_cane,560,0.535268
FKIT,Y+X2_M9_r2,yellow_cane,561,0.534370
FKIT,Y+X2_M9_r2,yellow_cane,562,0.520888
FKIT,Y+X2_M9_r2,yellow_cane,563,0.512084
FKIT,Y+X2_M9_r2,yellow_cane,564,0.516783
FKIT,Y+X2_M9_r2,yellow_cane,565,0.495584
FKIT,Y+X2_M9_r2,yellow_cane,566,0.489336
FKIT,Y+X2_M9_r2,yellow_cane,567,0.505112
FKIT,Y+X2_M9_r2,yellow_cane,568,0.499498
FKIT,Y+X2_M9_r2,yellow_cane,569,0.492890
FKIT,Y+X2_M9_r2,yellow_cane,570,0.497016
FKIT,Y+X2_M9_r2,yellow_cane,571,0.498461
FKIT,Y+X2_M9_r2,yellow_cane,572,0.491009
FKIT,Y+X2_M9_r2,yellow_cane,573,0.492877
FKIT,Y+X2_M9_r2,yellow_cane,574,0.493809
FKIT,Y+X2_M9_r2,yellow_cane,575,0.488463
FKIT,Y+X2_M9_r2,yellow_cane,576,0.491666
FKIT,Y+X2_M9_r2,yellow_cane,577,0.487017
FKIT,Y+X2_M9_r2,yellow_cane,578,0.486936
FKIT,Y+X2_M9_r2,yellow_cane,579,0.484400
FKIT,Y+X2_M9_r2,yellow_cane,580,0.488386
FKIT,Y+X2_M9_r2,yellow_cane,581,0.486730
FKIT,Y+X2_M9_r2,yellow_cane,582,0.486664
FKIT,Y+X2_M9_r2,yellow_cane,583,0.480620
FKIT,Y+X2_M9_r2,yellow_cane,584,0.482764
FKIT,Y+X2_M9_r2,yellow_cane,585,0.474927
FKIT,Y+X2_M9_r2,yellow_cane,586,0.472085
FKIT,Y+X2_M9_r2,yellow_cane,587,0.480575
FKIT,Y+X2_M9_r2,yellow_cane,588,0.475868
FKIT,Y+X2_M9_r2,yellow_cane,589,0.479486
FKIT,Y+X2_M9_r2,yellow_cane,590,0.485790
FKIT,Y+X2_M9_r2,yellow_cane,591,0.474382
FKIT,Y+X2_M9_r2,yellow_cane,592,0.486118
FKIT,Y+X2_M9_r2,yellow_cane,593,0.480797
FKIT,Y+X2_M9_r2,yellow_cane,594,0.471724
FKIT,Y+X2_M9_r2,yellow_cane,595,0.478117
FKIT,Y+X2_M9_r2,yellow_cane,596,0.492649
FKIT,Y+X2_M9_r2,yellow_cane,597,0.492240
FKIT,Y+X2_M9_r2,yellow_cane,598,0.474116
FKIT,Y+X2_M9_r2,yellow_cane,599,0.474242
FKIT,Y+X2_M9_r2,yellow_cane,600,0.453537
FKIT,Y+X2_M9_r2,yellow_cane,601,0.466171
FKIT,Y+X2_M9_r2,yellow_cane,602,0.472408
FKIT,Y+X2_M9_r2,yellow_cane,603,0.454254
FKIT,Y+X2_M9_r2,yellow_cane,604,0.455726
FKIT,Y+X2_M9_r2,yellow_cane,605,0.462186
FKIT,Y+X2_M9_r2,yellow_cane,606,0.471479
FKIT,Y+X2_M9_r2,yellow_cane,607,0.477174
FKIT,Y+X2_M9_r2,yellow_cane,608,0.495457
FKIT,Y+X2_M9_r2,yellow_cane,609,0.483169
FKIT,Y+X2_M9_r2,yellow_cane,610,0.491315
FKIT,Y+X2_M9_r2,yellow_cane,611,0.488918
FKIT,Y+X2_M9_r2,yellow_cane,612,0.511712
FKIT,Y+X2_M9_r2,yellow_cane,613,0.505158
FKIT,Y+X2_M9_r2,yellow_cane,614,0.513653
FKIT,Y+X2_M9_r2,yellow_cane,615,0.517191
FKIT,Y+X2_M9_r2,yellow_cane,616,0.520526
FKIT,Y+X2_M9_r2,yellow_cane,617,0.501077
FKIT,Y+X2_M9_r2,yellow_cane,618,0.526071
FKIT,Y+X2_M9_r2,yellow_cane,619,0.488238
FKIT,Y+X2_M9_r2,yellow_cane,620,0.266459
FKIT,Y+X2_M9_r2,yellow_cane,621,0.232457
FKIT,Y+X2_M9_r2,yellow_cane,622,0.253234
FKIT,Y+X2_M9_r2,yellow_cane,623,0.283146
FKIT,Y+X2_M9_r2,yellow_cane,624,0.292483
FKIT,Y+X2_M9_r2,yellow_cane,625,0.307226
FKIT,Y+X2_M9_r2,yellow_cane,626,0.364044
FKIT,Y+X2_M9_r2,yellow_cane,627,0.389923
FKIT,Y+X2_M9_r2,yellow_cane,628,0.370367
FKIT,Y+X2_M9_r2,yellow_cane,629,0.380834
FKIT,Y+X2_M9_r2,yellow_cane,630,0.383704
FKIT,Y+X2_M9_r2,yellow_cane,631,0.425419
FKIT,Y+X2_M9_r2,yellow_cane,632,0.412744
FKIT,Y+X2_M9_r2,yellow_cane,633,0.314407
FKIT,Y+X2_M9_r2,yellow_cane,634,0.317558
FKIT,Y+X2_M9_r2,yellow_cane,635,0.291125
FKIT,Y+X2_M9_r2,yellow_cane,636,0.278748
FKIT,Y+X2_M9_r2,yellow_cane,637,0.246547
FKIT,Y+X2_M9_r2,yellow_cane,638,0.000000
FKIT,Y+X2_M9_r2,yellow_cane,639,0.219047
FKIT,Y+X2_M9_r2,yellow_cane,640,0.230756
FKIT,Y+X2_M9_r2,yellow_cane,641,0.293439
FKIT,Y+X2_M9_r2,yellow_cane,642,0.425153
FKIT,Y+X2_M9_r2,yellow_cane,643,0.503805
FKIT,Y+X2_M9_r2,yellow_cane,644,0.532585
FKIT,Y+X2_M9_r2,yellow_cane,645,0.530342
FKIT,Y+X2_M9_r2,yellow_cane,646,0.528445
FKIT,Y+X2_M9_r2,yellow_cane,647,0.528968
FKIT,Y+X2_M9_r2,yellow_cane,648,0.522903
FKIT,Y+X2_M9_r2,yellow_cane,649,0.512874
FKIT,Y+X2_M9_r2,yellow_cane,650,0.524287
FKIT,Y+X2_M9_r2,yellow_cane,651,0.526432
FKIT,Y+X2_M9_r2,yellow_cane,652,0.515065
FKIT,Y+X2_M9_r2,yellow_cane,653,0.531122
FKIT,Y+X2_M9_r2,yellow_cane,654,0.521896
FKIT,Y+X2_M9_r2,yellow_cane,655,0.517466
FKIT,Y+X2_M9_r2,yellow_cane,656,0.536271
FKIT,Y+X2_M9_r2,yellow_cane,657,0.528080
FKIT,Y+X2_M9_r2,yellow_cane,658,0.547448
FKIT,Y+X2_M9_r2,yellow_cane,659,0.546109
FKIT,Y+X2_M9_r2,yellow_cane,660,0.561787
FKIT,Y+X2_M9_r2,yellow_cane,661,0.578137
FKIT,Y+X2_M9_r2,yellow_cane,662,0.585320
FKIT,Y+X2_M9_r2,yellow_cane,663,0.601996
FKIT,Y+X2_M9_r2,yellow_cane,664,0.594800
FKIT,Y+X2_M9_r2,yellow_cane,665,0.608811
FKIT,Y+X2_M9_r2,yellow_cane,666,0.612110
FKIT,Y+X2_M9_r2,yellow_cane,667,0.612941
FKIT,Y+X2_M9_r2,yellow_cane,668,0.608890
FKIT,Y+X2_M9_r2,yellow_cane,669,0.604451
FKIT,Y+X2_M9_r2,yellow_cane,670,0.613732
FKIT,Y+X2_M9_r2,yellow_cane,671,0.614248
FKIT,Y+X2_M9_r2,yellow_cane,672,0.618313
FKIT,Y+X2_M9_r2,yellow_cane,673,0.616135
FKIT,Y+X2_M9_r2,yellow_cane,674,0.617087
FKIT,Y+X2_M9_r2,yellow_cane,675,0.611159
FKIT,Y+X2_M9_r2,yellow_cane,676,0.608321
FKIT,Y+X2_M9_r2,yellow_cane,677,0.606520
FKIT,Y+X2_M9_r2,yellow_cane,678,0.609611
FKIT,Y+X2_M9_r2,yellow_cane,679,0.601450
FKIT,Y+X2_M9_r2,yellow_cane,680,0.596974
FKIT,Y+X2_M9_r2,yellow_cane,681,0.584438
FKIT,Y+X2_M9_r2,yellow_cane,682,0.581130
FKIT,Y+X2_M9_r2,yellow_cane,683,0.586960
FKIT,Y+X2_M9_r2,yellow_cane,684,0.585619
FKIT,Y+X2_M9_r2,yellow_cane,685,0.578816
FKIT,Y+X2_M9_r2,yellow_cane,686,0.586535
FKIT,Y+X2_M9_r2,yellow_cane,687,0.601349
FKIT,Y+X2_M9_r2,yellow_cane,688,0.605161
FKIT,Y+X2_M9_r2,yellow_cane,689,0.588736
FKIT,Y+X2_M9_r2,yellow_cane,690,0.602365
FKIT,Y+X2_M9_r2,yellow_cane,691,0.606291
FKIT,Y+X2_M9_r2,yellow_cane,692,0.613029
FKIT,Y+X2_M9_r2,yellow_cane,693,0.602167
FKIT,Y+X2_M9_r2,yellow_cane,694,0.609604
FKIT,Y+X2_M9_r2,yellow_cane,695,0.607684
FKIT,Y+X2_M9_r2,yellow_cane,696,0.612570
FKIT,Y+X2_M9_r2,yellow_cane,697,0.612191
FKIT,Y+X2_M9_r2,yellow_cane,698,0.630308
FKIT,Y+X2_M9_r2,yellow_cane,699,0.634993
FKIT,Y+X2_M9_r2,yellow_cane,700,0.637437
FKIT,Y+X2_M9_r2,yellow_cane,701,0.632178
FKIT,Y+X2_M9_r2,yellow_cane,702,0.621916
FKIT,Y+X2_M9_r2,yellow_cane,703,0.616493
FKIT,Y+X2_M9_r2,yellow_cane,704,0.622754
FKIT,Y+X2_M9_r2,yellow_cane,705,0.627072
FKIT,Y+X2_M9_r2,yellow_cane,706,0.613880
FKIT,Y+X2_M9_r2,yellow_cane,707,0.614918
FKIT,Y+X2_M9_r2,yellow_cane,708,0.614045
FKIT,Y+X2_M9_r2,yellow_cane,709,0.616189
FKIT,Y+X2_M9_r2,yellow_cane,710,0.615945
FKIT,Y+X2_M9_r2,yellow_cane,711,0.623707
FKIT,Y+X2_M9_r2,yellow_cane,712,0.629177
FKIT,Y+X2_M9_r2,yellow_cane,713,0.621601
FKIT,Y+X2_M9_r2,yellow_cane,714,0.632691
