partition,method,scene,frame,iou
FKIT,Y+X2_M3_r1,aguacate,0,0.863726
FKIT,Y+X2_M3_r1,aguacate,1,0.944652
FKIT,Y+X2_M3_r1,aguacate,2,0.949077
FKIT,Y+X2_M3_r1,aguacate,3,0.950573
FKIT,Y+X2_M3_r1,aguacate,4,0.950985
FKIT,Y+X2_M3_r1,aguacate,5,0.963684
FKIT,Y+X2_M3_r1,aguacate,6,0.961986
FKIT,Y+X2_M3_r1,aguacate,7,0.956439
FKIT,Y+X2_M3_r1,aguacate,8,0.944260
FKIT,Y+X2_M3_r1,aguacate,9,0.957978
FKIT,Y+X2_M3_r1,aguacate,10,0.965141
FKIT,Y+X2_M3_r1,aguacate,11,0.958215
FKIT,Y+X2_M3_r1,aguacate,12,0.958694
FKIT,Y+X2_M3_r1,aguacate,13,0.963503
FKIT,Y+X2_M3_r1,aguacate,14,0.957885
FKIT,Y+X2_M3_r1,aguacate,15,0.959679
FKIT,Y+X2_M3_r1,aguacate,16,0.962337
FKIT,Y+X2_M3_r1,aguacate,17,0.959060
FKIT,Y+X2_M3_r1,aguacate,18,0.960752
FKIT,Y+X2_M3_r1,aguacate,19,0.959006
FKIT,Y+X2_M3_r1,aguacate,20,0.959077
FKIT,Y+X2_M3_r1,aguacate,21,0.959605
FKIT,Y+X2_M3_r1,aguacate,22,0.961210
FKIT,Y+X2_M3_r1,aguacate,23,0.961118
FKIT,Y+X2_M3_r1,aguacate,24,0.962693
FKIT,Y+X2_M3_r1,aguacate,25,0.960769
FKIT,Y+X2_M3_r1,aguacate,26,0.959671
FKIT,Y+X2_M3_r1,aguacate,27,0.958442
FKIT,Y+X2_M3_r1,aguacate,28,0.958376
FKIT,Y+X2_M3_r1,aguacate,29,0.962705
FKIT,Y+X2_M3_r1,aguacate,30,0.958468
FKIT,Y+X2_M3_r1,aguacate,31,0.959234
FKIT,Y+X2_M3_r1,aguacate,32,0.961449
FKIT,Y+X2_M3_r1,aguacate,33,0.961716
FKIT,Y+X2_M3_r1,aguacate,34,0.958442
FKIT,Y+X2_M3_r1,aguacate,35,0.960417
FKIT,Y+X2_M3_r1,aguacate,36,0.957869
FKIT,Y+X2_M3_r1,aguacate,37,0.960494
FKIT,Y+X2_M3_r1,aguacate,38,0.962967
FKIT,Y+X2_M3_r1,aguacate,39,0.960484
FKIT,Y+X2_M3_r1,aguacate,40,0.962838
FKIT,Y+X2_M3_r1,aguacate,41,0.958193
FKIT,Y+X2_M3_r1,aguacate,42,0.960730
FKIT,Y+X2_M3_r1,aguacate,43,0.963288
FKIT,Y+X2_M3_r1,aguacate,44,0.966719
FKIT,Y+X2_M3_r1,aguacate,45,0.964454
FKIT,Y+X2_M3_r1,aguacate,46,0.960591
FKIT,Y+X2_M3_r1,aguacate,47,0.961348
FKIT,Y+X2_M3_r1,aguacate,48,0.962665
FKIT,Y+X2_M3_r1,aguacate,49,0.962009
FKIT,Y+X2_M3_r1,aguacate,50,0.963638
FKIT,Y+X2_M3_r1,aguacate,51,0.958338
FKIT,Y+X2_M3_r1,aguacate,52,0.962561
FKIT,Y+X2_M3_r1,aguacate,53,0.961189
FKIT,Y+X2_M3_r1,aguacate,54,0.962639
FKIT,Y+X2_M3_r1,aguacate,55,0.959753
FKIT,Y+X2_M3_r1,aguacate,56,0.961052
FKIT,Y+X2_M3_r1,aguacate,57,0.961248
FKIT,Y+X2_M3_r1,aguacate,58,0.962291
FKIT,Y+X2_M3_r1,aguacate,59,0.962715
FKIT,Y+X2_M3_r1,aguacate,60,0.962337
FKIT,Y+X2_M3_r1,aguacate,61,0.962442
FKIT,Y+X2_M3_r1,aguacate,62,0.960925
FKIT,Y+X2_M3_r1,aguacate,63,0.961985
FKIT,Y+X2_M3_r1,aguacate,64,0.964689
FKIT,Y+X2_M3_r1,aguacate,65,0.962744
FKIT,Y+X2_M3_r1,aguacate,66,0.962219
FKIT,Y+X2_M3_r1,aguacate,67,0.961154
FKIT,Y+X2_M3_r1,aguacate,68,0.957830
FKIT,Y+X2_M3_r1,aguacate,69,0.960661
FKIT,Y+X2_M3_r1,aguacate,70,0.959334
FKIT,Y+X2_M3_r1,aguacate,71,0.962166
FKIT,Y+X2_M3_r1,aguacate,72,0.962346
FKIT,Y+X2_M3_r1,aguacate,73,0.958797
FKIT,Y+X2_M3_r1,aguacate,74,0.965647
FKIT,Y+X2_M3_r1,aguacate,75,0.965944
FKIT,Y+X2_M3_r1,aguacate,76,0.962665
FKIT,Y+X2_M3_r1,aguacate,77,0.964503
FKIT,Y+X2_M3_r1,aguacate,78,0.961125
FKIT,Y+X2_M3_r1,aguacate,79,0.962722
FKIT,Y+X2_M3_r1,aguacate,80,0.963050
FKIT,Y+X2_M3_r1,aguacate,81,0.960616
FKIT,Y+X2_M3_r1,aguacate,82,0.960291
FKIT,Y+X2_M3_r1,aguacate,83,0.961040
FKIT,Y+X2_M3_r1,aguacate,84,0.961861
FKIT,Y+X2_M3_r1,aguacate,85,0.963926
FKIT,Y+X2_M3_r1,aguacate,86,0.962886
FKIT,Y+X2_M3_r1,aguacate,87,0.963467
FKIT,Y+X2_M3_r1,aguacate,88,0.962854
FKIT,Y+X2_M3_r1,aguacate,89,0.961516
FKIT,Y+X2_M3_r1,aguacate,90,0.959704
FKIT,Y+X2_M3_r1,aguacate,91,0.956706
FKIT,Y+X2_M3_r1,aguacate,92,0.957627
FKIT,Y+X2_M3_r1,aguacate,93,0.958677
FKIT,Y+X2_M3_r1,aguacate,94,0.966384
FKIT,Y+X2_M3_r1,aguacate,95,0.965682
FKIT,Y+X2_M3_r1,aguacate,96,0.962545
FKIT,Y+X2_M3_r1,aguacate,97,0.962481
FKIT,Y+X2_M3_r1,aguacate,98,0.961172
FKIT,Y+X2_M3_r1,aguacate,99,0.961637
FKIT,Y+X2_M3_r1,aguacate,100,0.959813
FKIT,Y+X2_M3_r1,aguacate,101,0.953448
FKIT,Y+X2_M3_r1,aguacate,102,0.955711
FKIT,Y+X2_M3_r1,aguacate,103,0.961868
FKIT,Y+X2_M3_r1,aguacate,104,0.964240
FKIT,Y+X2_M3_r1,aguacate,105,0.961651
FKIT,Y+X2_M3_r1,aguacate,106,0.965481
FKIT,Y+X2_M3_r1,aguacate,107,0.963332
FKIT,Y+X2_M3_r1,aguacate,108,0.957761
FKIT,Y+X2_M3_r1,aguacate,109,0.960485
FKIT,Y+X2_M3_r1,aguacate,110,0.959200
FKIT,Y+X2_M3_r1,aguacate,111,0.958226
FKIT,Y+X2_M3_r1,aguacate,112,0.955950
FKIT,Y+X2_M3_r1,aguacate,113,0.957232
FKIT,Y+X2_M3_r1,aguacate,114,0.961425
FKIT,Y+X2_M3_r1,aguacate,115,0.961470
FKIT,Y+X2_M3_r1,aguacate,116,0.960095
FKIT,Y+X2_M3_r1,aguacate,117,0.962092
FKIT,Y+X2_M3_r1,aguacate,118,0.000000
FKIT,Y+X2_M3_r1,aguacate,119,0.818857
FKIT,Y+X2_M3_r1,aguacate,120,0.959298
FKIT,Y+X2_M3_r1,aguacate,121,0.960702
FKIT,Y+X2_M3_r1,aguacate,122,0.959645
FKIT,Y+X2_M3_r1,aguacate,123,0.958194
FKIT,Y+X2_M3_r1,aguacate,124,0.961302
FKIT,Y+X2_M3_r1,aguacate,125,0.959048
FKIT,Y+X2_M3_r1,aguacate,126,0.960747
FKIT,Y+X2_M3_r1,aguacate,127,0.960526
FKIT,Y+X2_M3_r1,aguacate,128,0.962317
FKIT,Y+X2_M3_r1,aguacate,129,0.960411
FKIT,Y+X2_M3_r1,aguacate,130,0.964090
FKIT,Y+X2_M3_r1,aguacate,131,0.960247
FKIT,Y+X2_M3_r1,aguacate,132,0.954425
FKIT,Y+X2_M3_r1,aguacate,133,0.957800
FKIT,Y+X2_M3_r1,aguacate,134,0.967267
FKIT,Y+X2_M3_r1,aguacate,135,0.965164
FKIT,Y+X2_M3_r1,aguacate,136,0.955966
FKIT,Y+X2_M3_r1,aguacate,137,0.959260
FKIT,Y+X2_M3_r1,aguacate,138,0.957249
FKIT,Y+X2_M3_r1,aguacate,139,0.957291
FKIT,Y+X2_M3_r1,aguacate,140,0.957512
FKIT,Y+X2_M3_r1,aguacate,141,0.959818
FKIT,Y+X2_M3_r1,aguacate,142,0.951512
FKIT,Y+X2_M3_r1,aguacate,143,0.959973
FKIT,Y+X2_M3_r1,aguacate,144,0.965968
FKIT,Y+X2_M3_r1,aguacate,145,0.963677
FKIT,Y+X2_M3_r1,aguacate,146,0.960282
FKIT,Y+X2_M3_r1,aguacate,147,0.956916
FKIT,Y+X2_M3_r1,aguacate,148,0.956401
FKIT,Y+X2_M3_r1,aguacate,149,0.955169
FKIT,Y+X2_M3_r1,aguacate,150,0.954658
FKIT,Y+X2_M3_r1,aguacate,151,0.955284
FKIT,Y+X2_M3_r1,aguacate,152,0.957926
FKIT,Y+X2_M3_r1,aguacate,153,0.959410
FKIT,Y+X2_M3_r1,aguacate,154,0.962022
FKIT,Y+X2_M3_r1,aguacate,155,0.962015
FKIT,Y+X2_M3_r1,aguacate,156,0.965326
FKIT,Y+X2_M3_r1,aguacate,157,0.963538
FKIT,Y+X2_M3_r1,aguacate,158,0.964010
FKIT,Y+X2_M3_r1,aguacate,159,0.957563
FKIT,Y+X2_M3_r1,aguacate,160,0.961083
FKIT,Y+X2_M3_r1,aguacate,161,0.958485
FKIT,Y+X2_M3_r1,aguacate,162,0.962252
FKIT,Y+X2_M3_r1,aguacate,163,0.959333
FKIT,Y+X2_M3_r1,aguacate,164,0.959173
FKIT,Y+X2_M3_r1,aguacate,165,0.954771
FKIT,Y+X2_M3_r1,aguacate,166,0.957074
FKIT,Y+X2_M3_r1,aguacate,167,0.955294
FKIT,Y+X2_M3_r1,aguacate,168,0.960766
FKIT,Y+X2_M3_r1,aguacate,169,0.956194
FKIT,Y+X2_M3_r1,aguacate,170,0.958190
FKIT,Y+X2_M3_r1,aguacate,171,0.958677
FKIT,Y+X2_M3_r1,aguacate,172,0.957940
FKIT,Y+X2_M3_r1,aguacate,173,0.956632
FKIT,Y+X2_M3_r1,aguacate,174,0.958322
FKIT,Y+X2_M3_r1,aguacate,175,0.954704
FKIT,Y+X2_M3_r1,aguacate,176,0.954398
FKIT,Y+X2_M3_r1,aguacate,177,0.952960
FKIT,Y+X2_M3_r1,aguacate,178,0.950912
FKIT,Y+X2_M3_r1,aguacate,179,0.954694
FKIT,Y+X2_M3_r1,aguacate,180,0.956397
FKIT,Y+X2_M3_r1,aguacate,181,0.953251
FKIT,Y+X2_M3_r1,aguacate,182,0.953574
FKIT,Y+X2_M3_r1,aguacate,183,0.956794
FKIT,Y+X2_M3_r1,aguacate,184,0.957349
FKIT,Y+X2_M3_r1,aguacate,185,0.941161
FKIT,Y+X2_M3_r1,aguacate,186,0.956492
FKIT,Y+X2_M3_r1,aguacate,187,0.961802
FKIT,Y+X2_M3_r1,aguacate,188,0.956074
FKIT,Y+X2_M3_r1,aguacate,189,0.956216
FKIT,Y+X2_M3_r1,aguacate,190,0.958877
FKIT,Y+X2_M3_r1,aguacate,191,0.954474
FKIT,Y+X2_M3_r1,aguacate,192,0.958952
FKIT,Y+X2_M3_r1,aguacate,193,0.956522
FKIT,Y+X2_M3_r1,aguacate,194,0.962033
FKIT,Y+X2_M3_r1,aguacate,195,0.958974
FKIT,Y+X2_M3_r1,aguacate,196,0.958344
FKIT,Y+X2_M3_r1,aguacate,197,0.958218
FKIT,Y+X2_M3_r1,aguacate,198,0.954107
FKIT,Y+X2_M3_r1,aguacate,199,0.954342
FKIT,Y+X2_M3_r1,aguacate,200,0.956245
FKIT,Y+X2_M3_r1,aguacate,201,0.957518
FKIT,Y+X2_M3_r1,aguacate,202,0.955594
FKIT,Y+X2_M3_r1,aguacate,203,0.956340
FKIT,Y+X2_M3_r1,aguacate,204,0.960330
FKIT,Y+X2_M3_r1,aguacate,205,0.959534
FKIT,Y+X2_M3_r1,aguacate,206,0.958053
FKIT,Y+X2_M3_r1,aguacate,207,0.952735
FKIT,Y+X2_M3_r1,aguacate,208,0.954828
FKIT,Y+X2_M3_r1,aguacate,209,0.959530
FKIT,Y+X2_M3_r1,aguacate,210,0.958505
FKIT,Y+X2_M3_r1,aguacate,211,0.961001
FKIT,Y+X2_M3_r1,aguacate,212,0.963876
FKIT,Y+X2_M3_r1,aguacate,213,0.959466
FKIT,Y+X2_M3_r1,aguacate,214,0.956647
FKIT,Y+X2_M3_r1,aguacate,215,0.954376
FKIT,Y+X2_M3_r1,aguacate,216,0.956150
FKIT,Y+X2_M3_r1,aguacate,217,0.954016
FKIT,Y+X2_M3_r1,aguacate,218,0.959140
FKIT,Y+X2_M3_r1,aguacate,219,0.953969
FKIT,Y+X2_M3_r1,aguacate,220,0.952907
FKIT,Y+X2_M3_r1,aguacate,221,0.953862
FKIT,Y+X2_M3_r1,aguacate,222,0.951674
FKIT,Y+X2_M3_r1,aguacate,223,0.954627
FKIT,Y+X2_M3_r1,aguacate,224,0.961419
FKIT,Y+X2_M3_r1,aguacate,225,0.957780
FKIT,Y+X2_M3_r1,aguacate,226,0.957643
FKIT,Y+X2_M3_r1,aguacate,227,0.953023
FKIT,Y+X2_M3_r1,aguacate,228,0.955238
FKIT,Y+X2_M3_r1,aguacate,229,0.954659
FKIT,Y+X2_M3_r1,aguacate,230,0.955652
FKIT,Y+X2_M3_r1,aguacate,231,0.951638
FKIT,Y+X2_M3_r1,aguacate,232,0.954497
FKIT,Y+X2_M3_r1,aguacate,233,0.955351
FKIT,Y+X2_M3_r1,aguacate,234,0.956107
FKIT,Y+X2_M3_r1,aguacate,235,0.960495
FKIT,Y+X2_M3_r1,aguacate,236,0.957381
FKIT,Y+X2_M3_r1,aguacate,237,0.958728
FKIT,Y+X2_M3_r1,aguacate,238,0.955965
FKIT,Y+X2_M3_r1,aguacate,239,0.955941
FKIT,Y+X2_M3_r1,aguacate,240,0.955730
FKIT,Y+X2_M3_r1,aguacate,241,0.955790
FKIT,Y+X2_M3_r1,aguacate,242,0.958669
FKIT,Y+X2_M3_r1,aguacate,243,0.958553
FKIT,Y+X2_M3_r1,aguacate,244,0.953991
FKIT,Y+X2_M3_r1,aguacate,245,0.952610
FKIT,Y+X2_M3_r1,aguacate,246,0.951167
FKIT,Y+X2_M3_r1,aguacate,247,0.952339
FKIT,Y+X2_M3_r1,aguacate,248,0.953603
FKIT,Y+X2_M3_r1,aguacate,249,0.953858
FKIT,Y+X2_M3_r1,aguacate,250,0.955592
FKIT,Y+X2_M3_r1,aguacate,251,0.950955
FKIT,Y+X2_M3_r1,aguacate,252,0.950219
FKIT,Y+X2_M3_r1,aguacate,253,0.955524
FKIT,Y+X2_M3_r1,aguacate,254,0.963373
FKIT,Y+X2_M3_r1,aguacate,255,0.959691
FKIT,Y+X2_M3_r1,aguacate,256,0.958993
FKIT,Y+X2_M3_r1,aguacate,257,0.962202
FKIT,Y+X2_M3_r1,aguacate,258,0.953129
FKIT,Y+X2_M3_r1,aguacate,259,0.953948
FKIT,Y+X2_M3_r1,aguacate,260,0.954738
FKIT,Y+X2_M3_r1,aguacate,261,0.957309
FKIT,Y+X2_M3_r1,aguacate,262,0.958979
FKIT,Y+X2_M3_r1,aguacate,263,0.957755
FKIT,Y+X2_M3_r1,aguacate,264,0.959347
FKIT,Y+X2_M3_r1,aguacate,265,0.957958
FKIT,Y+X2_M3_r1,aguacate,266,0.957511
FKIT,Y+X2_M3_r1,aguacate,267,0.960170
FKIT,Y+X2_M3_r1,aguacate,268,0.958868
FKIT,Y+X2_M3_r1,aguacate,269,0.951783
FKIT,Y+X2_M3_r1,aguacate,270,0.953477
FKIT,Y+X2_M3_r1,aguacate,271,0.951897
FKIT,Y+X2_M3_r1,aguacate,272,0.952209
FKIT,Y+X2_M3_r1,aguacate,273,0.951298
FKIT,Y+X2_M3_r1,aguacate,274,0.954635
FKIT,Y+X2_M3_r1,aguacate,275,0.953265
FKIT,Y+X2_M3_r1,aguacate,276,0.954072
FKIT,Y+X2_M3_r1,aguacate,277,0.953780
FKIT,Y+X2_M3_r1,aguacate,278,0.952075
FKIT,Y+X2_M3_r1,aguacate,279,0.953823
FKIT,Y+X2_M3_r1,aguacate,280,0.958282
FKIT,Y+X2_M3_r1,aguacate,281,0.951461
FKIT,Y+X2_M3_r1,aguacate,282,0.950193
FKIT,Y+X2_M3_r1,aguacate,283,0.949956
FKIT,Y+X2_M3_r1,aguacate,284,0.954832
FKIT,Y+X2_M3_r1,aguacate,285,0.954275
FKIT,Y+X2_M3_r1,aguacate,286,0.954882
FKIT,Y+X2_M3_r1,aguacate,287,0.957853
FKIT,Y+X2_M3_r1,aguacate,288,0.956622
FKIT,Y+X2_M3_r1,aguacate,289,0.953913
FKIT,Y+X2_M3_r1,aguacate,290,0.957573
FKIT,Y+X2_M3_r1,aguacate,291,0.952908
FKIT,Y+X2_M3_r1,aguacate,292,0.952904
FKIT,Y+X2_M3_r1,aguacate,293,0.957026
FKIT,Y+X2_M3_r1,aguacate,294,0.955758
FKIT,Y+X2_M3_r1,aguacate,295,0.955046
FKIT,Y+X2_M3_r1,aguacate,296,0.956045
FKIT,Y+X2_M3_r1,aguacate,297,0.951428
FKIT,Y+X2_M3_r1,aguacate,298,0.954268
FKIT,Y+X2_M3_r1,aguacate,299,0.949994
FKIT,Y+X2_M3_r1,aguacate,300,0.955380
FKIT,Y+X2_M3_r1,aguacate,301,0.949147
FKIT,Y+X2_M3_r1,aguacate,302,0.951357
FKIT,Y+X2_M3_r1,aguacate,303,0.954985
FKIT,Y+X2_M3_r1,aguacate,304,0.958914
FKIT,Y+X2_M3_r1,aguacate,305,0.955845
FKIT,Y+X2_M3_r1,aguacate,306,0.960408
FKIT,Y+X2_M3_r1,aguacate,307,0.956062
FKIT,Y+X2_M3_r1,aguacate,308,0.955865
FKIT,Y+X2_M3_r1,aguacate,309,0.958917
FKIT,Y+X2_M3_r1,aguacate,310,0.959901
FKIT,Y+X2_M3_r1,aguacate,311,0.959948
FKIT,Y+X2_M3_r1,aguacate,312,0.961966
FKIT,Y+X2_M3_r1,aguacate,313,0.960259
FKIT,Y+X2_M3_r1,aguacate,314,0.961620
FKIT,Y+X2_M3_r1,aguacate,315,0.960440
FKIT,Y+X2_M3_r1,aguacate,316,0.962747
FKIT,Y+X2_M3_r1,aguacate,317,0.958545
FKIT,Y+X2_M3_r1,aguacate,318,0.959494
FKIT,Y+X2_M3_r1,aguacate,319,0.960345
FKIT,Y+X2_M3_r1,aguacate,320,0.962021
FKIT,Y+X2_M3_r1,aguacate,321,0.960187
FKIT,Y+X2_M3_r1,aguacate,322,0.958121
FKIT,Y+X2_M3_r1,aguacate,323,0.959156
FKIT,Y+X2_M3_r1,aguacate,324,0.959687
FKIT,Y+X2_M3_r1,aguacate,325,0.960506
FKIT,Y+X2_M3_r1,aguacate,326,0.961530
FKIT,Y+X2_M3_r1,aguacate,327,0.961053
FKIT,Y+X2_M3_r1,aguacate,328,0.959843
FKIT,Y+X2_M3_r1,aguacate,329,0.965152
FKIT,Y+X2_M3_r1,aguacate,330,0.963614
FKIT,Y+X2_M3_r1,aguacate,331,0.960109
FKIT,Y+X2_M3_r1,aguacate,332,0.964591
FKIT,Y+X2_M3_r1,aguacate,333,0.962277
FKIT,Y+X2_M3_r1,aguacate,334,0.965128
FKIT,Y+X2_M3_r1,aguacate,335,0.961830
FKIT,Y+X2_M3_r1,aguacate,336,0.963188
FKIT,Y+X2_M3_r1,aguacate,337,0.962622
FKIT,Y+X2_M3_r1,aguacate,338,0.960916
FKIT,Y+X2_M3_r1,aguacate,339,0.964513
FKIT,Y+X2_M3_r1,aguacate,340,0.960589
FKIT,Y+X2_M3_r1,aguacate,341,0.960158
FKIT,Y+X2_M3_r1,aguacate,342,0.957651
FKIT,Y+X2_M3_r1,aguacate,343,0.957275
FKIT,Y+X2_M3_r1,aguacate,344,0.959525
FKIT,Y+X2_M3_r1,aguacate,345,0.957234
FKIT,Y+X2_M3_r1,aguacate,346,0.956759
FKIT,Y+X2_M3_r1,aguacate,347,0.960953
FKIT,Y+X2_M3_r1,aguacate,348,0.958066
FKIT,Y+X2_M3_r1,aguacate,349,0.955906
FKIT,Y+X2_M3_r1,aguacate,350,0.957759
FKIT,Y+X2_M3_r1,aguacate,351,0.960640
FKIT,Y+X2_M3_r1,aguacate,352,0.954286
FKIT,Y+X2_M3_r1,aguacate,353,0.958750
FKIT,Y+X2_M3_r1,aguacate,354,0.958534
FKIT,Y+X2_M3_r1,aguacate,355,0.956720
FKIT,Y+X2_M3_r1,aguacate,356,0.960195
FKIT,Y+X2_M3_r1,aguacate,357,0.957812
FKIT,Y+X2_M3_r1,aguacate,358,0.953948
FKIT,Y+X2_M3_r1,aguacate,359,0.954078
FKIT,Y+X2_M3_r1,aguacate,360,0.955076
FKIT,Y+X2_M3_r1,aguacate,361,0.957748
FKIT,Y+X2_M3_r1,aguacate,362,0.960102
FKIT,Y+X2_M3_r1,aguacate,363,0.957050
FKIT,Y+X2_M3_r1,aguacate,364,0.961923
FKIT,Y+X2_M3_r1,aguacate,365,0.960190
FKIT,Y+X2_M3_r1,aguacate,366,0.958771
FKIT,Y+X2_M3_r1,aguacate,367,0.954816
FKIT,Y+X2_M3_r1,aguacate,368,0.954442
FKIT,Y+X2_M3_r1,aguacate,369,0.955091
FKIT,Y+X2_M3_r1,aguacate,370,0.955022
FKIT,Y+X2_M3_r1,aguacate,371,0.955390
FKIT,Y+X2_M3_r1,aguacate,372,0.955201
FKIT,Y+X2_M3_r1,aguacate,373,0.958912
FKIT,Y+X2_M3_r1,aguacate,374,0.960114
FKIT,Y+X2_M3_r1,aguacate,375,0.958089
FKIT,Y+X2_M3_r1,aguacate,376,0.958742
FKIT,Y+X2_M3_r1,aguacate,377,0.961366
FKIT,Y+X2_M3_r1,aguacate,378,0.955752
FKIT,Y+X2_M3_r1,aguacate,379,0.950694
FKIT,Y+X2_M3_r1,aguacate,380,0.952881
FKIT,Y+X2_M3_r1,aguacate,381,0.953505
FKIT,Y+X2_M3_r1,aguacate,382,0.953699
FKIT,Y+X2_M3_r1,aguacate,383,0.955132
FKIT,Y+X2_M3_r1,aguacate,384,0.955518
FKIT,Y+X2_M3_r1,aguacate,385,0.956474
FKIT,Y+X2_M3_r1,aguacate,386,0.949230
FKIT,Y+X2_M3_r1,aguacate,387,0.954597
FKIT,Y+X2_M3_r1,aguacate,388,0.955527
FKIT,Y+X2_M3_r1,aguacate,389,0.953586
FKIT,Y+X2_M3_r1,aguacate,390,0.954767
FKIT,Y+X2_M3_r1,aguacate,391,0.954688
FKIT,Y+X2_M3_r1,aguacate,392,0.954879
FKIT,Y+X2_M3_r1,aguacate,393,0.954455
FKIT,Y+X2_M3_r1,aguacate,394,0.953439
FKIT,Y+X2_M3_r1,aguacate,395,0.953931
FKIT,Y+X2_M3_r1,aguacate,396,0.954737
FKIT,Y+X2_M3_r1,aguacate,397,0.952296
FKIT,Y+X2_M3_r1,aguacate,398,0.952571
FKIT,Y+X2_M3_r1,aguacate,399,0.951518
FKIT,Y+X2_M3_r1,aguacate,400,0.949773
FKIT,Y+X2_M3_r1,aguacate,401,0.952113
FKIT,Y+X2_M3_r1,aguacate,402,0.947455
FKIT,Y+X2_M3_r1,aguacate,403,0.948064
FKIT,Y+X2_M3_r1,aguacate,404,0.953855
FKIT,Y+X2_M3_r1,aguacate,405,0.952167
FKIT,Y+X2_M3_r1,aguacate,406,0.952226
FKIT,Y+X2_M3_r1,aguacate,407,0.951163
FKIT,Y+X2_M3_r1,aguacate,408,0.947354
FKIT,Y+X2_M3_r1,aguacate,409,0.943537
FKIT,Y+X2_M3_r1,aguacate,410,0.939997
FKIT,Y+X2_M3_r1,aguacate,411,0.949965
FKIT,Y+X2_M3_r1,aguacate,412,0.947024
FKIT,Y+X2_M3_r1,aguacate,413,0.942179
FKIT,Y+X2_M3_r1,aguacate,414,0.948846
FKIT,Y+X2_M3_r1,aguacate,415,0.949448
FKIT,Y+X2_M3_r1,aguacate,416,0.944189
FKIT,Y+X2_M3_r1,aguacate,417,0.944592
FKIT,Y+X2_M3_r1,aguacate,418,0.942222
FKIT,Y+X2_M3_r1,aguacate,419,0.945294
FKIT,Y+X2_M3_r1,aguacate,420,0.946194
FKIT,Y+X2_M3_r1,aguacate,421,0.944990
FKIT,Y+X2_M3_r1,aguacate,422,0.945698
FKIT,Y+X2_M3_r1,aguacate,423,0.946417
FKIT,Y+X2_M3_r1,aguacate,424,0.948290
FKIT,Y+X2_M3_r1,aguacate,425,0.946539
FKIT,Y+X2_M3_r1,aguacate,426,0.942595
FKIT,Y+X2_M3_r1,aguacate,427,0.943460
FKIT,Y+X2_M3_r1,aguacate,428,0.944361
FKIT,Y+X2_M3_r1,aguacate,429,0.949094
FKIT,Y+X2_M3_r1,aguacate,430,0.944605
FKIT,Y+X2_M3_r1,aguacate,431,0.942845
FKIT,Y+X2_M3_r1,aguacate,432,0.952421
FKIT,Y+X2_M3_r1,aguacate,433,0.946978
FKIT,Y+X2_M3_r1,aguacate,434,0.944444
FKIT,Y+X2_M3_r1,aguacate,435,0.945099
FKIT,Y+X2_M3_r1,aguacate,436,0.949165
FKIT,Y+X2_M3_r1,aguacate,437,0.943785
FKIT,Y+X2_M3_r1,aguacate,438,0.941624
FKIT,Y+X2_M3_r1,aguacate,439,0.939407
FKIT,Y+X2_M3_r1,aguacate,440,0.942553
FKIT,Y+X2_M3_r1,aguacate,441,0.936693
FKIT,Y+X2_M3_r1,aguacate,442,0.941270
FKIT,Y+X2_M3_r1,aguacate,443,0.940834
FKIT,Y+X2_M3_r1,aguacate,444,0.939101
FKIT,Y+X2_M3_r1,aguacate,445,0.940155
FKIT,Y+X2_M3_r1,aguacate,446,0.936211
FKIT,Y+X2_M3_r1,aguacate,447,0.933878
FKIT,Y+X2_M3_r1,aguacate,448,0.935419
FKIT,Y+X2_M3_r1,aguacate,449,0.939532
FKIT,Y+X2_M3_r1,aguacate,450,0.934413
FKIT,Y+X2_M3_r1,aguacate,451,0.935260
FKIT,Y+X2_M3_r1,aguacate,452,0.936531
FKIT,Y+X2_M3_r1,aguacate,453,0.936835
FKIT,Y+X2_M3_r1,aguacate,454,0.942622
FKIT,Y+X2_M3_r1,aguacate,455,0.942089
FKIT,Y+X2_M3_r1,aguacate,456,0.940353
FKIT,Y+X2_M3_r1,aguacate,457,0.944748
FKIT,Y+X2_M3_r1,aguacate,458,0.942387
FKIT,Y+X2_M3_r1,aguacate,459,0.941679
FKIT,Y+X2_M3_r1,aguacate,460,0.949150
FKIT,Y+X2_M3_r1,aguacate,461,0.944345
FKIT,Y+X2_M3_r1,aguacate,462,0.943314
FKIT,Y+X2_M3_r1,aguacate,463,0.942404
FKIT,Y+X2_M3_r1,aguacate,464,0.949629
FKIT,Y+X2_M3_r1,aguacate,465,0.944696
FKIT,Y+X2_M3_r1,aguacate,466,0.952135
FKIT,Y+X2_M3_r1,aguacate,467,0.953560
FKIT,Y+X2_M3_r1,aguacate,468,0.945504
FKIT,Y+X2_M3_r1,aguacate,469,0.950184
FKIT,Y+X2_M3_r1,aguacate,470,0.945812
FKIT,Y+X2_M3_r1,aguacate,471,0.946414
FKIT,Y+X2_M3_r1,aguacate,472,0.955087
FKIT,Y+X2_M3_r1,aguacate,473,0.960702
FKIT,Y+X2_M3_r1,aguacate,474,0.953384
FKIT,Y+X2_M3_r1,aguacate,475,0.959929
FKIT,Y+X2_M3_r1,aguacate,476,0.957026
FKIT,Y+X2_M3_r1,aguacate,477,0.952389
FKIT,Y+X2_M3_r1,aguacate,478,0.948619
FKIT,Y+X2_M3_r1,aguacate,479,0.956942
FKIT,Y+X2_M3_r1,aguacate,480,0.960388
FKIT,Y+X2_M3_r1,aguacate,481,0.959322
FKIT,Y+X2_M3_r1,aguacate,482,0.957803
FKIT,Y+X2_M3_r1,aguacate,483,0.961958
FKIT,Y+X2_M3_r1,aguacate,484,0.958662
FKIT,Y+X2_M3_r1,aguacate,485,0.954420
FKIT,Y+X2_M3_r1,aguacate,486,0.958862
FKIT,Y+X2_M3_r1,aguacate,487,0.952866
FKIT,Y+X2_M3_r1,aguacate,488,0.955387
FKIT,Y+X2_M3_r1,aguacate,489,0.953291
FKIT,Y+X2_M3_r1,aguacate,490,0.955194
FKIT,Y+X2_M3_r1,aguacate,491,0.957417
FKIT,Y+X2_M3_r1,aguacate,492,0.961183
FKIT,Y+X2_M3_r1,aguacate,493,0.962149
FKIT,Y+X2_M3_r1,aguacate,494,0.965279
FKIT,Y+X2_M3_r1,aguacate,495,0.963696
FKIT,Y+X2_M3_r1,aguacate,496,0.959466
FKIT,Y+X2_M3_r1,aguacate,497,0.957063
FKIT,Y+X2_M3_r1,aguacate,498,0.962143
FKIT,Y+X2_M3_r1,aguacate,499,0.956550
FKIT,Y+X2_M3_r1,aguacate,500,0.955183
FKIT,Y+X2_M3_r1,aguacate,501,0.960543
FKIT,Y+X2_M3_r1,aguacate,502,0.958926
FKIT,Y+X2_M3_r1,aguacate,503,0.957524
FKIT,Y+X2_M3_r1,aguacate,504,0.961176
FKIT,Y+X2_M3_r1,aguacate,505,0.961323
FKIT,Y+X2_M3_r1,aguacate,506,0.957542
FKIT,Y+X2_M3_r1,aguacate,507,0.959636
FKIT,Y+X2_M3_r1,aguacate,508,0.963063
FKIT,Y+X2_M3_r1,aguacate,509,0.963539
FKIT,Y+X2_M3_r1,aguacate,510,0.967421
FKIT,Y+X2_M3_r1,aguacate,511,0.962750
FKIT,Y+X2_M3_r1,aguacate,512,0.967911
FKIT,Y+X2_M3_r1,aguacate,513,0.961257
FKIT,Y+X2_M3_r1,aguacate,514,0.970033
FKIT,Y+X2_M3_r1,aguacate,515,0.968912
FKIT,Y+X2_M3_r1,aguacate,516,0.963304
FKIT,Y+X2_M3_r1,aguacate,517,0.958628
FKIT,Y+X2_M3_r1,aguacate,518,0.960590
FKIT,Y+X2_M3_r1,aguacate,519,0.970239
FKIT,Y+X2_M3_r1,aguacate,520,0.968433
FKIT,Y+X2_M3_r1,aguacate,521,0.969642
FKIT,Y+X2_M3_r1,aguacate,522,0.971219
FKIT,Y+X2_M3_r1,aguacate,523,0.969426
FKIT,Y+X2_M3_r1,aguacate,524,0.975497
FKIT,Y+X2_M3_r1,aguacate,525,0.972655
FKIT,Y+X2_M3_r1,aguacate,526,0.968161
FKIT,Y+X2_M3_r1,aguacate,527,0.965857
FKIT,Y+X2_M3_r1,aguacate,528,0.965229
FKIT,Y+X2_M3_r1,aguacate,529,0.971018
FKIT,Y+X2_M3_r1,aguacate,530,0.970763
FKIT,Y+X2_M3_r1,aguacate,531,0.963726
FKIT,Y+X2_M3_r1,aguacate,532,0.957656
FKIT,Y+X2_M3_r1,aguacate,533,0.964140
FKIT,Y+X2_M3_r1,aguacate,534,0.972532
FKIT,Y+X2_M3_r1,aguacate,535,0.973354
FKIT,Y+X2_M3_r1,aguacate,536,0.972685
FKIT,Y+X2_M3_r1,aguacate,537,0.965366
FKIT,Y+X2_M3_r1,aguacate,538,0.967071
FKIT,Y+X2_M3_r1,aguacate,539,0.968831
FKIT,Y+X2_M3_r1,aguacate,540,0.968303
FKIT,Y+X2_M3_r1,aguacate,541,0.965572
FKIT,Y+X2_M3_r1,aguacate,542,0.964154
FKIT,Y+X2_M3_r1,aguacate,543,0.968095
FKIT,Y+X2_M3_r1,aguacate,544,0.973446
FKIT,Y+X2_M3_r1,aguacate,545,0.973386
FKIT,Y+X2_M3_r1,aguacate,546,0.973344
FKIT,Y+X2_M3_r1,aguacate,547,0.971228
FKIT,Y+X2_M3_r1,aguacate,548,0.965213
FKIT,Y+X2_M3_r1,aguacate,549,0.975846
FKIT,Y+X2_M3_r1,aguacate,550,0.961160
FKIT,Y+X2_M3_r1,aguacate,551,0.969383
FKIT,Y+X2_M3_r1,aguacate,552,0.969746
FKIT,Y+X2_M3_r1,aguacate,553,0.970411
FKIT,Y+X2_M3_r1,aguacate,554,0.964978
FKIT,Y+X2_M3_r1,aguacate,555,0.972498
FKIT,Y+X2_M3_r1,aguacate,556,0.969193
FKIT,Y+X2_M3_r1,aguacate,557,0.967936
FKIT,Y+X2_M3_r1,aguacate,558,0.970462
FKIT,Y+X2_M3_r1,aguacate,559,0.966986
FKIT,Y+X2_M3_r1,aguacate,560,0.968226
FKIT,Y+X2_M3_r1,aguacate,561,0.968456
FKIT,Y+X2_M3_r1,aguacate,562,0.970100
FKIT,Y+X2_M3_r1,aguacate,563,0.967646
FKIT,Y+X2_M3_r1,aguacate,564,0.975419
FKIT,Y+X2_M3_r1,aguacate,565,0.970605
FKIT,Y+X2_M3_r1,aguacate,566,0.972822
FKIT,Y+X2_M3_r1,aguacate,567,0.971669
FKIT,Y+X2_M3_r1,aguacate,568,0.971267
FKIT,Y+X2_M3_r1,aguacate,569,0.972349
FKIT,Y+X2_M3_r1,aguacate,570,0.970633
FKIT,Y+X2_M3_r1,aguacate,571,0.974316
FKIT,Y+X2_M3_r1,aguacate,572,0.972879
FKIT,Y+X2_M3_r1,aguacate,573,0.969912
FKIT,Y+X2_M3_r1,aguacate,574,0.979131
FKIT,Y+X2_M3_r1,aguacate,575,0.976863
FKIT,Y+X2_M3_r1,aguacate,576,0.973015
FKIT,Y+X2_M3_r1,aguacate,577,0.968732
FKIT,Y+X2_M3_r1,aguacate,578,0.974680
FKIT,Y+X2_M3_r1,aguacate,579,0.973217
FKIT,Y+X2_M3_r1,aguacate,580,0.972014
FKIT,Y+X2_M3_r1,aguacate,581,0.977748
FKIT,Y+X2_M3_r1,aguacate,582,0.974114
FKIT,Y+X2_M3_r1,aguacate,583,0.974780
FKIT,Y+X2_M3_r1,aguacate,584,0.978589
FKIT,Y+X2_M3_r1,aguacate,585,0.976609
FKIT,Y+X2_M3_r1,aguacate,586,0.975053
FKIT,Y+X2_M3_r1,aguacate,587,0.973782
FKIT,Y+X2_M3_r1,aguacate,588,0.975262
FKIT,Y+X2_M3_r1,aguacate,589,0.977084
FKIT,Y+X2_M3_r1,aguacate,590,0.974982
FKIT,Y+X2_M3_r1,aguacate,591,0.977088
FKIT,Y+X2_M3_r1,aguacate,592,0.975441
FKIT,Y+X2_M3_r1,aguacate,593,0.976286
FKIT,Y+X2_M3_r1,aguacate,594,0.986240
FKIT,Y+X2_M3_r1,aguacate,595,0.985470
FKIT,Y+X2_M3_r1,aguacate,596,0.981210
FKIT,Y+X2_M3_r1,aguacate,597,0.977501
FKIT,Y+X2_M3_r1,aguacate,598,0.978226
FKIT,Y+X2_M3_r1,aguacate,599,0.983881
FKIT,Y+X2_M3_r1,aguacate,600,0.986258
FKIT,Y+X2_M3_r1,aguacate,601,0.982851
FKIT,Y+X2_M3_r1,aguacate,602,0.979179
FKIT,Y+X2_M3_r1,aguacate,603,0.975734
FKIT,Y+X2_M3_r1,aguacate,604,0.976421
FKIT,Y+X2_M3_r1,aguacate,605,0.979447
FKIT,Y+X2_M3_r1,aguacate,606,0.982177
FKIT,Y+X2_M3_r1,aguacate,607,0.979804
FKIT,Y+X2_M3_r1,aguacate,608,0.980410
FKIT,Y+X2_M3_r1,aguacate,609,0.982807
FKIT,Y+X2_M3_r1,aguacate,610,0.978040
FKIT,Y+X2_M3_r1,aguacate,611,0.973185
FKIT,Y+X2_M3_r1,aguacate,612,0.985380
FKIT,Y+X2_M3_r1,aguacate,613,0.986801
FKIT,Y+X2_M3_r1,aguacate,614,0.987930
FKIT,Y+X2_M3_r1,aguacate,615,0.983721
FKIT,Y+X2_M3_r1,aguacate,616,0.979888
FKIT,Y+X2_M3_r1,aguacate,617,0.982312
FKIT,Y+X2_M3_r1,aguacate,618,0.979201
FKIT,Y+X2_M3_r1,aguacate,619,0.986045
FKIT,Y+X2_M3_r1,aguacate,620,0.977330
FKIT,Y+X2_M3_r1,aguacate,621,0.977418
FKIT,Y+X2_M3_r1,aguacate,622,0.984915
FKIT,Y+X2_M3_r1,aguacate,623,0.986975
FKIT,Y+X2_M3_r1,aguacate,624,0.989404
FKIT,Y+X2_M3_r1,aguacate,625,0.988197
FKIT,Y+X2_M3_r1,aguacate,626,0.987120
FKIT,Y+X2_M3_r1,aguacate,627,0.990220
FKIT,Y+X2_M3_r1,aguacate,628,0.986721
FKIT,Y+X2_M3_r1,aguacate,629,0.986532
FKIT,Y+X2_M3_r1,aguacate,630,0.980507
FKIT,Y+X2_M3_r1,aguacate,631,0.968964
FKIT,Y+X2_M3_r1,aguacate,632,0.981189
FKIT,Y+X2_M3_r1,aguacate,633,0.963710
FKIT,Y+X2_M3_r1,aguacate,634,0.959726
FKIT,Y+X2_M3_r1,aguacate,635,0.000061
FKIT,Y+X2_M3_r1,aguacate,636,0.935263
FKIT,Y+X2_M3_r1,aguacate,637,0.948066
FKIT,Y+X2_M3_r1,aguacate,638,0.967309
FKIT,Y+X2_M3_r1,aguacate,639,0.969005
FKIT,Y+X2_M3_r1,aguacate,640,0.977390
FKIT,Y+X2_M3_r1,aguacate,641,0.981545
FKIT,Y+X2_M3_r1,aguacate,642,0.983303
FKIT,Y+X2_M3_r1,aguacate,643,0.975329
FKIT,Y+X2_M3_r1,aguacate,644,0.778426
FKIT,Y+X2_M3_r1,aguacate,645,0.817818
FKIT,Y+X2_M3_r1,aguacate,646,0.987606
FKIT,Y+X2_M3_r1,aguacate,647,0.984035
FKIT,Y+X2_M3_r1,aguacate,648,0.983042
FKIT,Y+X2_M3_r1,aguacate,649,0.985134
FKIT,Y+X2_M3_r1,aguacate,650,0.981488
FKIT,Y+X2_M3_r1,aguacate,651,0.981867
FKIT,Y+X2_M3_r1,aguacate,652,0.979693
FKIT,Y+X2_M3_r1,aguacate,653,0.983546
FKIT,Y+X2_M3_r1,aguacate,654,0.976000
FKIT,Y+X2_M3_r1,aguacate,655,0.975594
FKIT,Y+X2_M3_r1,aguacate,656,0.985430
FKIT,Y+X2_M3_r1,aguacate,657,0.984575
FKIT,Y+X2_M3_r1,aguacate,658,0.984682
FKIT,Y+X2_M3_r1,aguacate,659,0.989882
FKIT,Y+X2_M3_r1,aguacate,660,0.986595
FKIT,Y+X2_M3_r1,aguacate,661,0.986322
FKIT,Y+X2_M3_r1,aguacate,662,0.983139
FKIT,Y+X2_M3_r1,aguacate,663,0.981793
FKIT,Y+X2_M3_r1,aguacate,664,0.984719
FKIT,Y+X2_M3_r1,aguacate,665,0.983694
FKIT,Y+X2_M3_r1,aguacate,666,0.979496
FKIT,Y+X2_M3_r1,aguacate,667,0.981654
FKIT,Y+X2_M3_r1,aguacate,668,0.983104
FKIT,Y+X2_M3_r1,aguacate,669,0.980928
FKIT,Y+X2_M3_r1,aguacate,670,0.978457
FKIT,Y+X2_M3_r1,aguacate,671,0.984565
FKIT,Y+X2_M3_r1,aguacate,672,0.981493
FKIT,Y+X2_M3_r1,aguacate,673,0.982241
FKIT,Y+X2_M3_r1,aguacate,674,0.988647
FKIT,Y+X2_M3_r1,aguacate,675,0.985222
FKIT,Y+X2_M3_r1,aguacate,676,0.984523
FKIT,Y+X2_M3_r1,aguacate,677,0.987215
FKIT,Y+X2_M3_r1,aguacate,678,0.983425
FKIT,Y+X2_M3_r1,aguacate,679,0.987184
FKIT,Y+X2_M3_r1,aguacate,680,0.988296
FKIT,Y+X2_M3_r1,aguacate,681,0.986095
FKIT,Y+X2_M3_r1,aguacate,682,0.987954
FKIT,Y+X2_M3_r1,aguacate,683,0.986820
FKIT,Y+X2_M3_r1,aguacate,684,0.988609
FKIT,Y+X2_M3_r1,aguacate,685,0.987890
FKIT,Y+X2_M3_r1,aguacate,686,0.981883
FKIT,Y+X2_M3_r1,aguacate,687,0.981424
FKIT,Y+X2_M3_r1,aguacate,688,0.979217
FKIT,Y+X2_M3_r1,aguacate,689,0.980931
FKIT,Y+X2_M3_r1,aguacate,690,0.979774
FKIT,Y+X2_M3_r1,aguacate,691,0.983824
FKIT,Y+X2_M3_r1,aguacate,692,0.986201
FKIT,Y+X2_M3_r1,aguacate,693,0.981259
FKIT,Y+X2_M3_r1,aguacate,694,0.982170
FKIT,Y+X2_M3_r1,aguacate,695,0.985572
FKIT,Y+X2_M3_r1,aguacate,696,0.978204
FKIT,Y+X2_M3_r1,aguacate,697,0.982456
FKIT,Y+X2_M3_r1,aguacate,698,0.981675
FKIT,Y+X2_M3_r1,aguacate,699,0.983076
FKIT,Y+X2_M3_r1,aguacate,700,0.982989
FKIT,Y+X2_M3_r1,aguacate,701,0.983457
FKIT,Y+X2_M3_r1,aguacate,702,0.977609
FKIT,Y+X2_M3_r1,aguacate,703,0.983490
FKIT,Y+X2_M3_r1,aguacate,704,0.984806
FKIT,Y+X2_M3_r1,aguacate,705,0.985207
FKIT,Y+X2_M3_r1,aguacate,706,0.984226
FKIT,Y+X2_M3_r1,aguacate,707,0.984216
FKIT,Y+X2_M3_r1,aguacate,708,0.984527
FKIT,Y+X2_M3_r1,aguacate,709,0.986116
FKIT,Y+X2_M3_r1,aguacate,710,0.983185
FKIT,Y+X2_M3_r1,aguacate,711,0.982989
FKIT,Y+X2_M3_r1,aguacate,712,0.980893
FKIT,Y+X2_M3_r1,aguacate,713,0.983405
FKIT,Y+X2_M3_r1,aguacate,714,0.982317
FKIT,Y+X2_M3_r1,aguacate,715,0.985409
FKIT,Y+X2_M3_r1,aguacate,716,0.983706
FKIT,Y+X2_M3_r1,aguacate,717,0.983669
FKIT,Y+X2_M3_r1,aguacate,718,0.983699
FKIT,Y+X2_M3_r1,aguacate,719,0.982113
FKIT,Y+X2_M3_r1,aguacate,720,0.981107
FKIT,Y+X2_M3_r1,aguacate,721,0.982747
FKIT,Y+X2_M3_r1,aguacate,722,0.977513
FKIT,Y+X2_M3_r1,aguacate,723,0.980010
FKIT,Y+X2_M3_r1,aguacate,724,0.981413
FKIT,Y+X2_M3_r1,aguacate,725,0.980851
FKIT,Y+X2_M3_r1,aguacate,726,0.980141
FKIT,Y+X2_M3_r1,aguacate,727,0.981842
FKIT,Y+X2_M3_r1,aguacate,728,0.981589
FKIT,Y+X2_M3_r1,aguacate,729,0.980795
FKIT,Y+X2_M3_r1,aguacate,730,0.982944
FKIT,Y+X2_M3_r1,aguacate,731,0.984523
FKIT,Y+X2_M3_r1,aguacate,732,0.982809
FKIT,Y+X2_M3_r1,aguacate,733,0.976624
FKIT,Y+X2_M3_r1,aguacate,734,0.980728
FKIT,Y+X2_M3_r1,aguacate,735,0.980850
FKIT,Y+X2_M3_r1,aguacate,736,0.980149
FKIT,Y+X2_M3_r1,aguacate,737,0.981121
FKIT,Y+X2_M3_r1,aguacate,738,0.979940
FKIT,Y+X2_M3_r1,aguacate,739,0.980341
FKIT,Y+X2_M3_r1,aguacate,740,0.984696
FKIT,Y+X2_M3_r1,aguacate,741,0.981368
FKIT,Y+X2_M3_r1,aguacate,742,0.983637
FKIT,Y+X2_M3_r1,aguacate,743,0.982858
FKIT,Y+X2_M3_r1,aguacate,744,0.982547
FKIT,Y+X2_M3_r1,aguacate,745,0.984331
FKIT,Y+X2_M3_r1,aguacate,746,0.981727
FKIT,Y+X2_M3_r1,aguacate,747,0.982180
FKIT,Y+X2_M3_r1,aguacate,748,0.984310
FKIT,Y+X2_M3_r1,aguacate,749,0.980076
FKIT,Y+X2_M3_r1,aguacate,750,0.983628
FKIT,Y+X2_M3_r1,aguacate,751,0.984518
FKIT,Y+X2_M3_r1,aguacate,752,0.984124
FKIT,Y+X2_M3_r1,aguacate,753,0.985516
FKIT,Y+X2_M3_r1,aguacate,754,0.984782
FKIT,Y+X2_M3_r1,aguacate,755,0.985185
FKIT,Y+X2_M3_r1,aguacate,756,0.988303
FKIT,Y+X2_M3_r1,aguacate,757,0.987175
FKIT,Y+X2_M3_r1,aguacate,758,0.988262
FKIT,Y+X2_M3_r1,aguacate,759,0.988228
FKIT,Y+X2_M3_r1,aguacate,760,0.986296
FKIT,Y+X2_M3_r1,aguacate,761,0.987628
FKIT,Y+X2_M3_r1,aguacate,762,0.985017
FKIT,Y+X2_M3_r1,aguacate,763,0.983203
FKIT,Y+X2_M3_r1,aguacate,764,0.986478
FKIT,Y+X2_M3_r1,aguacate,765,0.984194
FKIT,Y+X2_M3_r1,aguacate,766,0.977782
FKIT,Y+X2_M3_r1,aguacate,767,0.977956
FKIT,Y+X2_M3_r1,aguacate,768,0.977926
FKIT,Y+X2_M3_r1,aguacate,769,0.980212
FKIT,Y+X2_M3_r1,aguacate,770,0.980008
FKIT,Y+X2_M3_r1,aguacate,771,0.977964
FKIT,Y+X2_M3_r1,aguacate,772,0.975327
FKIT,Y+X2_M3_r1,aguacate,773,0.980781
FKIT,Y+X2_M3_r1,aguacate,774,0.983375
FKIT,Y+X2_M3_r1,aguacate,775,0.987665
FKIT,Y+X2_M3_r1,aguacate,776,0.983387
FKIT,Y+X2_M3_r1,aguacate,777,0.982722
FKIT,Y+X2_M3_r1,aguacate,778,0.981281
FKIT,Y+X2_M3_r1,aguacate,779,0.984076
FKIT,Y+X2_M3_r1,aguacate,780,0.987652
FKIT,Y+X2_M3_r1,aguacate,781,0.982026
FKIT,Y+X2_M3_r1,aguacate,782,0.981431
FKIT,Y+X2_M3_r1,aguacate,783,0.986079
FKIT,Y+X2_M3_r1,aguacate,784,0.985915
FKIT,Y+X2_M3_r1,aguacate,785,0.987469
FKIT,Y+X2_M3_r1,aguacate,786,0.981474
FKIT,Y+X2_M3_r1,aguacate,787,0.983261
FKIT,Y+X2_M3_r1,aguacate,788,0.986807
FKIT,Y+X2_M3_r1,aguacate,789,0.986681
FKIT,Y+X2_M3_r1,aguacate,790,0.984567
FKIT,Y+X2_M3_r1,aguacate,791,0.987561
FKIT,Y+X2_M3_r1,aguacate,792,0.990498
FKIT,Y+X2_M3_r1,aguacate,793,0.991377
FKIT,Y+X2_M3_r1,aguacate,794,0.991094
FKIT,Y+X2_M3_r1,aguacate,795,0.990903
FKIT,Y+X2_M3_r1,aguacate,796,0.987513
FKIT,Y+X2_M3_r1,aguacate,797,0.989142
FKIT,Y+X2_M3_r1,aguacate,798,0.992906
FKIT,Y+X2_M3_r1,aguacate,799,0.990064
FKIT,Y+X2_M3_r1,aguacate,800,0.990668
FKIT,Y+X2_M3_r1,aguacate,801,0.989847
FKIT,Y+X2_M3_r1,aguacate,802,0.989661
FKIT,Y+X2_M3_r1,aguacate,803,0.987261
FKIT,Y+X2_M3_r1,aguacate,804,0.990568
FKIT,Y+X2_M3_r1,aguacate,805,0.990954
FKIT,Y+X2_M3_r1,aguacate,806,0.990494
FKIT,Y+X2_M3_r1,aguacate,807,0.985202
FKIT,Y+X2_M3_r1,aguacate,808,0.985294
FKIT,Y+X2_M3_r1,aguacate,809,0.988929
FKIT,Y+X2_M3_r1,aguacate,810,0.981647
FKIT,Y+X2_M3_r1,aguacate,811,0.986785
FKIT,Y+X2_M3_r1,aguacate,812,0.985026
FKIT,Y+X2_M3_r1,aguacate,813,0.982502
FKIT,Y+X2_M3_r1,aguacate,814,0.984915
FKIT,Y+X2_M3_r1,aguacate,815,0.988085
FKIT,Y+X2_M3_r1,aguacate,816,0.984278
FKIT,Y+X2_M3_r1,aguacate,817,0.983911
FKIT,Y+X2_M3_r1,aguacate,818,0.984886
FKIT,Y+X2_M3_r1,aguacate,819,0.983636
FKIT,Y+X2_M3_r1,aguacate,820,0.983043
FKIT,Y+X2_M3_r1,aguacate,821,0.984707
FKIT,Y+X2_M3_r1,aguacate,822,0.984842
FKIT,Y+X2_M3_r1,aguacate,823,0.985560
FKIT,Y+X2_M3_r1,aguacate,824,0.991057
FKIT,Y+X2_M3_r1,aguacate,825,0.987431
FKIT,Y+X2_M3_r1,aguacate,826,0.986824
FKIT,Y+X2_M3_r1,aguacate,827,0.984976
FKIT,Y+X2_M3_r1,aguacate,828,0.980844
FKIT,Y+X2_M3_r1,aguacate,829,0.986800
FKIT,Y+X2_M3_r1,aguacate,830,0.983857
FKIT,Y+X2_M3_r1,aguacate,831,0.988406
FKIT,Y+X2_M3_r1,aguacate,832,0.985475
FKIT,Y+X2_M3_r1,aguacate,833,0.989092
FKIT,Y+X2_M3_r1,aguacate,834,0.987760
FKIT,Y+X2_M3_r1,aguacate,835,0.987265
FKIT,Y+X2_M3_r1,aguacate,836,0.986678
FKIT,Y+X2_M3_r1,aguacate,837,0.985928
FKIT,Y+X2_M3_r1,aguacate,838,0.991697
FKIT,Y+X2_M3_r1,aguacate,839,0.984435
FKIT,Y+X2_M3_r1,aguacate,840,0.983850
FKIT,Y+X2_M3_r1,aguacate,841,0.988324
FKIT,Y+X2_M3_r1,aguacate,842,0.988240
FKIT,Y+X2_M3_r1,aguacate,843,0.986988
FKIT,Y+X2_M3_r1,aguacate,844,0.984432
FKIT,Y+X2_M3_r1,aguacate,845,0.986052
FKIT,Y+X2_M3_r1,aguacate,846,0.987456
FKIT,Y+X2_M3_r1,aguacate,847,0.983096
FKIT,Y+X2_M3_r1,aguacate,848,0.985632
FKIT,Y+X2_M3_r1,aguacate,849,0.986332
FKIT,Y+X2_M3_r1,aguacate,850,0.981947
FKIT,Y+X2_M3_r1,aguacate,851,0.986114
FKIT,Y+X2_M3_r1,aguacate,852,0.988322
FKIT,Y+X2_M3_r1,aguacate,853,0.988732
FKIT,Y+X2_M3_r1,aguacate,854,0.985396
FKIT,Y+X2_M3_r1,aguacate,855,0.988011
FKIT,Y+X2_M3_r1,aguacate,856,0.985419
FKIT,Y+X2_M3_r1,aguacate,857,0.985211
FKIT,Y+X2_M3_r1,aguacate,858,0.983590
FKIT,Y+X2_M3_r1,aguacate,859,0.987709
FKIT,Y+X2_M3_r1,aguacate,860,0.982335
FKIT,Y+X2_M3_r1,aguacate,861,0.983815
FKIT,Y+X2_M3_r1,aguacate,862,0.981020
FKIT,Y+X2_M3_r1,aguacate,863,0.984314
FKIT,Y+X2_M3_r1,aguacate,864,0.987013
FKIT,Y+X2_M3_r1,aguacate,865,0.982249
FKIT,Y+X2_M3_r1,aguacate,866,0.978150
FKIT,Y+X2_M3_r1,aguacate,867,0.983557
FKIT,Y+X2_M3_r1,aguacate,868,0.985310
FKIT,Y+X2_M3_r1,aguacate,869,0.984134
FKIT,Y+X2_M3_r1,aguacate,870,0.986774
FKIT,Y+X2_M3_r1,aguacate,871,0.984998
FKIT,Y+X2_M3_r1,aguacate,872,0.979318
FKIT,Y+X2_M3_r1,aguacate,873,0.981938
FKIT,Y+X2_M3_r1,aguacate,874,0.991043
FKIT,Y+X2_M3_r1,aguacate,875,0.988350
FKIT,Y+X2_M3_r1,aguacate,876,0.988842
FKIT,Y+X2_M3_r1,aguacate,877,0.985034
FKIT,Y+X2_M3_r1,aguacate,878,0.985767
FKIT,Y+X2_M3_r1,aguacate,879,0.986200
FKIT,Y+X2_M3_r1,aguacate,880,0.986217
FKIT,Y+X2_M3_r1,aguacate,881,0.988764
FKIT,Y+X2_M3_r1,aguacate,882,0.988736
FKIT,Y+X2_M3_r1,aguacate,883,0.988843
FKIT,Y+X2_M3_r1,aguacate,884,0.987240
FKIT,Y+X2_M3_r1,aguacate,885,0.985840
FKIT,Y+X2_M3_r1,aguacate,886,0.982780
FKIT,Y+X2_M3_r1,aguacate,887,0.983012
FKIT,Y+X2_M3_r1,aguacate,888,0.989200
FKIT,Y+X2_M3_r1,aguacate,889,0.985848
FKIT,Y+X2_M3_r1,aguacate,890,0.988755
FKIT,Y+X2_M3_r1,aguacate,891,0.988933
FKIT,Y+X2_M3_r1,aguacate,892,0.985601
FKIT,Y+X2_M3_r1,aguacate,893,0.987891
FKIT,Y+X2_M3_r1,aguacate,894,0.993031
FKIT,Y+X2_M3_r1,aguacate,895,0.988712
FKIT,Y+X2_M3_r1,aguacate,896,0.990576
FKIT,Y+X2_M3_r1,aguacate,897,0.986988
FKIT,Y+X2_M3_r1,aguacate,898,0.991743
FKIT,Y+X2_M3_r1,aguacate,899,0.994885
FKIT,Y+X2_M3_r1,aguacate,900,0.992894
FKIT,Y+X2_M3_r1,aguacate,901,0.987088
FKIT,Y+X2_M3_r1,aguacate,902,0.993001
FKIT,Y+X2_M3_r1,aguacate,903,0.991318
FKIT,Y+X2_M3_r1,aguacate,904,0.990585
FKIT,Y+X2_M3_r1,aguacate,905,0.992785
FKIT,Y+X2_M3_r1,aguacate,906,0.991100
FKIT,Y+X2_M3_r1,aguacate,907,0.994034
FKIT,Y+X2_M3_r1,aguacate,908,0.994011
FKIT,Y+X2_M3_r1,aguacate,909,0.995866
FKIT,Y+X2_M3_r1,aguacate,910,0.992486
FKIT,Y+X2_M3_r1,aguacate,911,0.993480
FKIT,Y+X2_M3_r1,aguacate,912,0.993070
FKIT,Y+X2_M3_r1,aguacate,913,0.993830
FKIT,Y+X2_M3_r1,aguacate,914,0.993440
FKIT,Y+X2_M3_r1,aguacate,915,0.987595
FKIT,Y+X2_M3_r1,aguacate,916,0.991645
FKIT,Y+X2_M3_r1,aguacate,917,0.992797
FKIT,Y+X2_M3_r1,aguacate,918,0.988270
FKIT,Y+X2_M3_r1,aguacate,919,0.991344
FKIT,Y+X2_M3_r1,aguacate,920,0.991585
FKIT,Y+X2_M3_r1,aguacate,921,0.988266
FKIT,Y+X2_M3_r1,aguacate,922,0.988762
FKIT,Y+X2_M3_r1,aguacate,923,0.984310
FKIT,Y+X2_M3_r1,aguacate,924,0.985386
FKIT,Y+X2_M3_r1,aguacate,925,0.995111
FKIT,Y+X2_M3_r1,aguacate,926,0.986114
FKIT,Y+X2_M3_r1,aguacate,927,0.987699
FKIT,Y+X2_M3_r1,aguacate,928,0.982719
FKIT,Y+X2_M3_r1,aguacate,929,0.987810
FKIT,Y+X2_M3_r1,aguacate,930,0.987248
FKIT,Y+X2_M3_r1,aguacate,931,0.987306
FKIT,Y+X2_M3_r1,aguacate,932,0.983650
FKIT,Y+X2_M3_r1,aguacate,933,0.982309
FKIT,Y+X2_M3_r1,aguacate,934,0.982979
FKIT,Y+X2_M3_r1,aguacate,935,0.981314
FKIT,Y+X2_M3_r1,aguacate,936,0.984493
FKIT,Y+X2_M3_r1,aguacate,937,0.987433
FKIT,Y+X2_M3_r1,aguacate,938,0.987865
FKIT,Y+X2_M3_r1,aguacate,939,0.980074
FKIT,Y+X2_M3_r1,aguacate,940,0.987087
FKIT,Y+X2_M3_r1,aguacate,941,0.989126
FKIT,Y+X2_M3_r1,aguacate,942,0.989217
FKIT,Y+X2_M3_r1,aguacate,943,0.984258
FKIT,Y+X2_M3_r1,aguacate,944,0.985739
FKIT,Y+X2_M3_r1,aguacate,945,0.987478
FKIT,Y+X2_M3_r1,aguacate,946,0.989017
FKIT,Y+X2_M3_r1,aguacate,947,0.989415
FKIT,Y+X2_M3_r1,aguacate,948,0.989297
FKIT,Y+X2_M3_r1,aguacate,949,0.991578
FKIT,Y+X2_M3_r1,aguacate,950,0.988818
FKIT,Y+X2_M3_r1,aguacate,951,0.993252
FKIT,Y+X2_M3_r1,aguacate,952,0.986418
FKIT,Y+X2_M3_r1,aguacate,953,0.987179
FKIT,Y+X2_M3_r1,aguacate,954,0.991049
FKIT,Y+X2_M3_r1,aguacate,955,0.989098
FKIT,Y+X2_M3_r1,aguacate,956,0.991910
FKIT,Y+X2_M3_r1,aguacate,957,0.988542
FKIT,Y+X2_M3_r1,aguacate,958,0.995353
FKIT,Y+X2_M3_r1,aguacate,959,0.990987
FKIT,Y+X2_M3_r1,aguacate,960,0.994005
FKIT,Y+X2_M3_r1,aguacate,961,0.992470
FKIT,Y+X2_M3_r1,aguacate,962,0.991765
FKIT,Y+X2_M3_r1,aguacate,963,0.988086
FKIT,Y+X2_M3_r1,aguacate,964,0.990333
FKIT,Y+X2_M3_r1,aguacate,965,0.990755
FKIT,Y+X2_M3_r1,aguacate,966,0.996475
FKIT,Y+X2_M3_r1,aguacate,967,0.993541
FKIT,Y+X2_M3_r1,aguacate,968,0.992390
FKIT,Y+X2_M3_r1,aguacate,969,0.994709
FKIT,Y+X2_M3_r1,aguacate,970,0.991931
FKIT,Y+X2_M3_r1,aguacate,971,0.992448
FKIT,Y+X2_M3_r1,aguacate,972,0.991438
FKIT,Y+X2_M3_r1,aguacate,973,0.992368
FKIT,Y+X2_M3_r1,aguacate,974,0.990718
FKIT,Y+X2_M3_r1,aguacate,975,0.991645
FKIT,Y+X2_M3_r1,aguacate,976,0.989739
FKIT,Y+X2_M3_r1,aguacate,977,0.990275
FKIT,Y+X2_M3_r1,aguacate,978,0.994109
FKIT,Y+X2_M3_r1,aguacate,979,0.992567
FKIT,Y+X2_M3_r1,aguacate,980,0.993243
FKIT,Y+X2_M3_r1,aguacate,981,0.993096
FKIT,Y+X2_M3_r1,aguacate,982,0.991443
FKIT,Y+X2_M3_r1,aguacate,983,0.989845
FKIT,Y+X2_M3_r1,aguacate,984,0.989649
FKIT,Y+X2_M3_r1,aguacate,985,0.994463
FKIT,Y+X2_M3_r1,aguacate,986,0.986148
FKIT,Y+X2_M3_r1,aguacate,987,0.988386
FKIT,Y+X2_M3_r1,aguacate,988,0.988733
FKIT,Y+X2_M3_r1,aguacate,989,0.990600
FKIT,Y+X2_M3_r1,aguacate,990,0.990311
FKIT,Y+X2_M3_r1,aguacate,991,0.987833
FKIT,Y+X2_M3_r1,aguacate,992,0.991153
FKIT,Y+X2_M3_r1,aguacate,993,0.989479
FKIT,Y+X2_M3_r1,aguacate,994,0.989807
FKIT,Y+X2_M3_r1,aguacate,995,0.991057
FKIT,Y+X2_M3_r1,aguacate,996,0.990294
FKIT,Y+X2_M3_r1,aguacate,997,0.989259
FKIT,Y+X2_M3_r1,aguacate,998,0.987757
FKIT,Y+X2_M3_r1,aguacate,999,0.992008
FKIT,Y+X2_M3_r1,aguacate,1000,0.986012
FKIT,Y+X2_M3_r1,aguacate,1001,0.988422
FKIT,Y+X2_M3_r1,aguacate,1002,0.988200
FKIT,Y+X2_M3_r1,aguacate,1003,0.990057
FKIT,Y+X2_M3_r1,aguacate,1004,0.992563
FKIT,Y+X2_M3_r1,aguacate,1005,0.993245
FKIT,Y+X2_M3_r1,aguacate,1006,0.993506
FKIT,Y+X2_M3_r1,aguacate,1007,0.989215
FKIT,Y+X2_M3_r1,aguacate,1008,0.991171
FKIT,Y+X2_M3_r1,aguacate,1009,0.990414
FKIT,Y+X2_M3_r1,aguacate,1010,0.985819
FKIT,Y+X2_M3_r1,aguacate,1011,0.987814
FKIT,Y+X2_M3_r1,aguacate,1012,0.988488
FKIT,Y+X2_M3_r1,aguacate,1013,0.990788
FKIT,Y+X2_M3_r1,aguacate,1014,0.991814
FKIT,Y+X2_M3_r1,aguacate,1015,0.992501
FKIT,Y+X2_M3_r1,aguacate,1016,0.985429
FKIT,Y+X2_M3_r1,aguacate,1017,0.989997
FKIT,Y+X2_M3_r1,aguacate,1018,0.987368
FKIT,Y+X2_M3_r1,aguacate,1019,0.986753
FKIT,Y+X2_M3_r1,aguacate,1020,0.989213
FKIT,Y+X2_M3_r1,aguacate,1021,0.990687
FKIT,Y+X2_M3_r1,aguacate,1022,0.983096
FKIT,Y+X2_M3_r1,aguacate,1023,0.986806
FKIT,Y+X2_M3_r1,aguacate,1024,0.988699
FKIT,Y+X2_M3_r1,aguacate,1025,0.984920
FKIT,Y+X2_M3_r1,aguacate,1026,0.988196
FKIT,Y+X2_M3_r1,aguacate,1027,0.986704
FKIT,Y+X2_M3_r1,aguacate,1028,0.989937
FKIT,Y+X2_M3_r1,aguacate,1029,0.986842
FKIT,Y+X2_M3_r1,aguacate,1030,0.986728
FKIT,Y+X2_M3_r1,aguacate,1031,0.984629
FKIT,Y+X2_M3_r1,aguacate,1032,0.990193
FKIT,Y+X2_M3_r1,aguacate,1033,0.988702
FKIT,Y+X2_M3_r1,aguacate,1034,0.989254
FKIT,Y+X2_M3_r1,aguacate,1035,0.986207
FKIT,Y+X2_M3_r1,aguacate,1036,0.984176
FKIT,Y+X2_M3_r1,aguacate,1037,0.981148
FKIT,Y+X2_M3_r1,aguacate,1038,0.988052
FKIT,Y+X2_M3_r1,aguacate,1039,0.988981
FKIT,Y+X2_M3_r1,aguacate,1040,0.986122
FKIT,Y+X2_M3_r1,aguacate,1041,0.987792
FKIT,Y+X2_M3_r1,aguacate,1042,0.987318
FKIT,Y+X2_M3_r1,aguacate,1043,0.984172
FKIT,Y+X2_M3_r1,aguacate,1044,0.986612
FKIT,Y+X2_M3_r1,aguacate,1045,0.984246
FKIT,Y+X2_M3_r1,aguacate,1046,0.987638
FKIT,Y+X2_M3_r1,aguacate,1047,0.983038
FKIT,Y+X2_M3_r1,aguacate,1048,0.985398
FKIT,Y+X2_M3_r1,aguacate,1049,0.982557
FKIT,Y+X2_M3_r1,aguacate,1050,0.985919
FKIT,Y+X2_M3_r1,aguacate,1051,0.985229
FKIT,Y+X2_M3_r1,aguacate,1052,0.988061
FKIT,Y+X2_M3_r1,aguacate,1053,0.985799
FKIT,Y+X2_M3_r1,aguacate,1054,0.985619
FKIT,Y+X2_M3_r1,aguacate,1055,0.984159
FKIT,Y+X2_M3_r1,aguacate,1056,0.988741
FKIT,Y+X2_M3_r1,aguacate,1057,0.987067
FKIT,Y+X2_M3_r1,aguacate,1058,0.990593
FKIT,Y+X2_M3_r1,aguacate,1059,0.986561
FKIT,Y+X2_M3_r1,aguacate,1060,0.989393
FKIT,Y+X2_M3_r1,aguacate,1061,0.984644
FKIT,Y+X2_M3_r1,aguacate,1062,0.985744
FKIT,Y+X2_M3_r1,aguacate,1063,0.988930
FKIT,Y+X2_M3_r1,aguacate,1064,0.992825
FKIT,Y+X2_M3_r1,aguacate,1065,0.988651
FKIT,Y+X2_M3_r1,aguacate,1066,0.986423
FKIT,Y+X2_M3_r1,aguacate,1067,0.987923
FKIT,Y+X2_M3_r1,aguacate,1068,0.991325
FKIT,Y+X2_M3_r1,aguacate,1069,0.986866
FKIT,Y+X2_M3_r1,aguacate,1070,0.987064
FKIT,Y+X2_M3_r1,aguacate,1071,0.989275
FKIT,Y+X2_M3_r1,aguacate,1072,0.986945
FKIT,Y+X2_M3_r1,aguacate,1073,0.986928
FKIT,Y+X2_M3_r1,aguacate,1074,0.989862
FKIT,Y+X2_M3_r1,aguacate,1075,0.988226
FKIT,Y+X2_M3_r1,aguacate,1076,0.990322
FKIT,Y+X2_M3_r1,aguacate,1077,0.989801
FKIT,Y+X2_M3_r1,apple,0,0.966430
FKIT,Y+X2_M3_r1,apple,1,0.969903
FKIT,Y+X2_M3_r1,apple,2,0.966739
FKIT,Y+X2_M3_r1,apple,3,0.970554
FKIT,Y+X2_M3_r1,apple,4,0.966999
FKIT,Y+X2_M3_r1,apple,5,0.959070
FKIT,Y+X2_M3_r1,apple,6,0.969713
FKIT,Y+X2_M3_r1,apple,7,0.966612
FKIT,Y+X2_M3_r1,apple,8,0.966539
FKIT,Y+X2_M3_r1,apple,9,0.966354
FKIT,Y+X2_M3_r1,apple,10,0.970534
FKIT,Y+X2_M3_r1,apple,11,0.971083
FKIT,Y+X2_M3_r1,apple,12,0.964245
FKIT,Y+X2_M3_r1,apple,13,0.964253
FKIT,Y+X2_M3_r1,apple,14,0.975818
FKIT,Y+X2_M3_r1,apple,15,0.976619
FKIT,Y+X2_M3_r1,apple,16,0.976480
FKIT,Y+X2_M3_r1,apple,17,0.976311
FKIT,Y+X2_M3_r1,apple,18,0.976386
FKIT,Y+X2_M3_r1,apple,19,0.976048
FKIT,Y+X2_M3_r1,apple,20,0.975625
FKIT,Y+X2_M3_r1,apple,21,0.976156
FKIT,Y+X2_M3_r1,apple,22,0.975705
FKIT,Y+X2_M3_r1,apple,23,0.976910
FKIT,Y+X2_M3_r1,apple,24,0.976482
FKIT,Y+X2_M3_r1,apple,25,0.976422
FKIT,Y+X2_M3_r1,apple,26,0.975781
FKIT,Y+X2_M3_r1,apple,27,0.974830
FKIT,Y+X2_M3_r1,apple,28,0.975680
FKIT,Y+X2_M3_r1,apple,29,0.974396
FKIT,Y+X2_M3_r1,apple,30,0.974811
FKIT,Y+X2_M3_r1,apple,31,0.973168
FKIT,Y+X2_M3_r1,apple,32,0.974109
FKIT,Y+X2_M3_r1,apple,33,0.974295
FKIT,Y+X2_M3_r1,apple,34,0.974910
FKIT,Y+X2_M3_r1,apple,35,0.974295
FKIT,Y+X2_M3_r1,apple,36,0.973913
FKIT,Y+X2_M3_r1,apple,37,0.973879
FKIT,Y+X2_M3_r1,apple,38,0.974568
FKIT,Y+X2_M3_r1,apple,39,0.973895
FKIT,Y+X2_M3_r1,apple,40,0.973942
FKIT,Y+X2_M3_r1,apple,41,0.974320
FKIT,Y+X2_M3_r1,apple,42,0.973859
FKIT,Y+X2_M3_r1,apple,43,0.973682
FKIT,Y+X2_M3_r1,apple,44,0.975036
FKIT,Y+X2_M3_r1,apple,45,0.975866
FKIT,Y+X2_M3_r1,apple,46,0.974935
FKIT,Y+X2_M3_r1,apple,47,0.975224
FKIT,Y+X2_M3_r1,apple,48,0.975835
FKIT,Y+X2_M3_r1,apple,49,0.974963
FKIT,Y+X2_M3_r1,apple,50,0.975459
FKIT,Y+X2_M3_r1,apple,51,0.974705
FKIT,Y+X2_M3_r1,apple,52,0.975397
FKIT,Y+X2_M3_r1,apple,53,0.975004
FKIT,Y+X2_M3_r1,apple,54,0.975027
FKIT,Y+X2_M3_r1,apple,55,0.976212
FKIT,Y+X2_M3_r1,apple,56,0.975592
FKIT,Y+X2_M3_r1,apple,57,0.976168
FKIT,Y+X2_M3_r1,apple,58,0.975143
FKIT,Y+X2_M3_r1,apple,59,0.973487
FKIT,Y+X2_M3_r1,apple,60,0.976037
FKIT,Y+X2_M3_r1,apple,61,0.975298
FKIT,Y+X2_M3_r1,apple,62,0.973244
FKIT,Y+X2_M3_r1,apple,63,0.974417
FKIT,Y+X2_M3_r1,apple,64,0.974080
FKIT,Y+X2_M3_r1,apple,65,0.976864
FKIT,Y+X2_M3_r1,apple,66,0.976814
FKIT,Y+X2_M3_r1,apple,67,0.975804
FKIT,Y+X2_M3_r1,apple,68,0.974750
FKIT,Y+X2_M3_r1,apple,69,0.975219
FKIT,Y+X2_M3_r1,apple,70,0.975725
FKIT,Y+X2_M3_r1,apple,71,0.974883
FKIT,Y+X2_M3_r1,apple,72,0.975285
FKIT,Y+X2_M3_r1,apple,73,0.975950
FKIT,Y+X2_M3_r1,apple,74,0.977700
FKIT,Y+X2_M3_r1,apple,75,0.976232
FKIT,Y+X2_M3_r1,apple,76,0.977531
FKIT,Y+X2_M3_r1,apple,77,0.979041
FKIT,Y+X2_M3_r1,apple,78,0.978691
FKIT,Y+X2_M3_r1,apple,79,0.978551
FKIT,Y+X2_M3_r1,apple,80,0.978595
FKIT,Y+X2_M3_r1,apple,81,0.977811
FKIT,Y+X2_M3_r1,apple,82,0.977794
FKIT,Y+X2_M3_r1,apple,83,0.978919
FKIT,Y+X2_M3_r1,apple,84,0.978432
FKIT,Y+X2_M3_r1,apple,85,0.978163
FKIT,Y+X2_M3_r1,apple,86,0.978471
FKIT,Y+X2_M3_r1,apple,87,0.979404
FKIT,Y+X2_M3_r1,apple,88,0.978888
FKIT,Y+X2_M3_r1,apple,89,0.978646
FKIT,Y+X2_M3_r1,apple,90,0.978655
FKIT,Y+X2_M3_r1,apple,91,0.978464
FKIT,Y+X2_M3_r1,apple,92,0.978671
FKIT,Y+X2_M3_r1,apple,93,0.978749
FKIT,Y+X2_M3_r1,apple,94,0.980097
FKIT,Y+X2_M3_r1,apple,95,0.978417
FKIT,Y+X2_M3_r1,apple,96,0.978738
FKIT,Y+X2_M3_r1,apple,97,0.977894
FKIT,Y+X2_M3_r1,apple,98,0.978378
FKIT,Y+X2_M3_r1,apple,99,0.976869
FKIT,Y+X2_M3_r1,apple,100,0.977394
FKIT,Y+X2_M3_r1,apple,101,0.977197
FKIT,Y+X2_M3_r1,apple,102,0.977663
FKIT,Y+X2_M3_r1,apple,103,0.980019
FKIT,Y+X2_M3_r1,apple,104,0.978329
FKIT,Y+X2_M3_r1,apple,105,0.978656
FKIT,Y+X2_M3_r1,apple,106,0.979950
FKIT,Y+X2_M3_r1,apple,107,0.979233
FKIT,Y+X2_M3_r1,apple,108,0.979078
FKIT,Y+X2_M3_r1,apple,109,0.979196
FKIT,Y+X2_M3_r1,apple,110,0.978859
FKIT,Y+X2_M3_r1,apple,111,0.979036
FKIT,Y+X2_M3_r1,apple,112,0.978906
FKIT,Y+X2_M3_r1,apple,113,0.979215
FKIT,Y+X2_M3_r1,apple,114,0.979421
FKIT,Y+X2_M3_r1,apple,115,0.979825
FKIT,Y+X2_M3_r1,apple,116,0.979583
FKIT,Y+X2_M3_r1,apple,117,0.979989
FKIT,Y+X2_M3_r1,apple,118,0.980702
FKIT,Y+X2_M3_r1,apple,119,0.980936
FKIT,Y+X2_M3_r1,apple,120,0.980269
FKIT,Y+X2_M3_r1,apple,121,0.980023
FKIT,Y+X2_M3_r1,apple,122,0.981222
FKIT,Y+X2_M3_r1,apple,123,0.979774
FKIT,Y+X2_M3_r1,apple,124,0.980287
FKIT,Y+X2_M3_r1,apple,125,0.980044
FKIT,Y+X2_M3_r1,apple,126,0.982030
FKIT,Y+X2_M3_r1,apple,127,0.980704
FKIT,Y+X2_M3_r1,apple,128,0.980169
FKIT,Y+X2_M3_r1,apple,129,0.980648
FKIT,Y+X2_M3_r1,apple,130,0.980651
FKIT,Y+X2_M3_r1,apple,131,0.980723
FKIT,Y+X2_M3_r1,apple,132,0.980693
FKIT,Y+X2_M3_r1,apple,133,0.980225
FKIT,Y+X2_M3_r1,apple,134,0.981481
FKIT,Y+X2_M3_r1,apple,135,0.980842
FKIT,Y+X2_M3_r1,apple,136,0.980685
FKIT,Y+X2_M3_r1,apple,137,0.981320
FKIT,Y+X2_M3_r1,apple,138,0.981695
FKIT,Y+X2_M3_r1,apple,139,0.980346
FKIT,Y+X2_M3_r1,apple,140,0.981443
FKIT,Y+X2_M3_r1,apple,141,0.979937
FKIT,Y+X2_M3_r1,apple,142,0.980730
FKIT,Y+X2_M3_r1,apple,143,0.981575
FKIT,Y+X2_M3_r1,apple,144,0.980737
FKIT,Y+X2_M3_r1,apple,145,0.980697
FKIT,Y+X2_M3_r1,apple,146,0.981211
FKIT,Y+X2_M3_r1,apple,147,0.979441
FKIT,Y+X2_M3_r1,apple,148,0.980290
FKIT,Y+X2_M3_r1,apple,149,0.980241
FKIT,Y+X2_M3_r1,apple,150,0.979843
FKIT,Y+X2_M3_r1,apple,151,0.979458
FKIT,Y+X2_M3_r1,apple,152,0.979919
FKIT,Y+X2_M3_r1,apple,153,0.980239
FKIT,Y+X2_M3_r1,apple,154,0.979303
FKIT,Y+X2_M3_r1,apple,155,0.980242
FKIT,Y+X2_M3_r1,apple,156,0.979474
FKIT,Y+X2_M3_r1,apple,157,0.980102
FKIT,Y+X2_M3_r1,apple,158,0.980183
FKIT,Y+X2_M3_r1,apple,159,0.979793
FKIT,Y+X2_M3_r1,apple,160,0.980192
FKIT,Y+X2_M3_r1,apple,161,0.980689
FKIT,Y+X2_M3_r1,apple,162,0.979997
FKIT,Y+X2_M3_r1,apple,163,0.979122
FKIT,Y+X2_M3_r1,apple,164,0.979830
FKIT,Y+X2_M3_r1,apple,165,0.979714
FKIT,Y+X2_M3_r1,apple,166,0.978207
FKIT,Y+X2_M3_r1,apple,167,0.980366
FKIT,Y+X2_M3_r1,apple,168,0.980978
FKIT,Y+X2_M3_r1,apple,169,0.980730
FKIT,Y+X2_M3_r1,apple,170,0.979873
FKIT,Y+X2_M3_r1,apple,171,0.981074
FKIT,Y+X2_M3_r1,apple,172,0.979845
FKIT,Y+X2_M3_r1,apple,173,0.980334
FKIT,Y+X2_M3_r1,apple,174,0.980501
FKIT,Y+X2_M3_r1,apple,175,0.980345
FKIT,Y+X2_M3_r1,apple,176,0.980614
FKIT,Y+X2_M3_r1,apple,177,0.979982
FKIT,Y+X2_M3_r1,apple,178,0.979902
FKIT,Y+X2_M3_r1,apple,179,0.980333
FKIT,Y+X2_M3_r1,apple,180,0.980960
FKIT,Y+X2_M3_r1,apple,181,0.981489
FKIT,Y+X2_M3_r1,apple,182,0.980774
FKIT,Y+X2_M3_r1,apple,183,0.980168
FKIT,Y+X2_M3_r1,apple,184,0.980693
FKIT,Y+X2_M3_r1,apple,185,0.981308
FKIT,Y+X2_M3_r1,apple,186,0.981321
FKIT,Y+X2_M3_r1,apple,187,0.981746
FKIT,Y+X2_M3_r1,apple,188,0.980872
FKIT,Y+X2_M3_r1,apple,189,0.981984
FKIT,Y+X2_M3_r1,apple,190,0.971291
FKIT,Y+X2_M3_r1,apple,191,0.980673
FKIT,Y+X2_M3_r1,apple,192,0.982530
FKIT,Y+X2_M3_r1,apple,193,0.981595
FKIT,Y+X2_M3_r1,apple,194,0.981205
FKIT,Y+X2_M3_r1,apple,195,0.980693
FKIT,Y+X2_M3_r1,apple,196,0.981947
FKIT,Y+X2_M3_r1,apple,197,0.982167
FKIT,Y+X2_M3_r1,apple,198,0.982382
FKIT,Y+X2_M3_r1,apple,199,0.982195
FKIT,Y+X2_M3_r1,apple,200,0.981036
FKIT,Y+X2_M3_r1,apple,201,0.982061
FKIT,Y+X2_M3_r1,apple,202,0.982720
FKIT,Y+X2_M3_r1,apple,203,0.983891
FKIT,Y+X2_M3_r1,apple,204,0.982728
FKIT,Y+X2_M3_r1,apple,205,0.982743
FKIT,Y+X2_M3_r1,apple,206,0.983258
FKIT,Y+X2_M3_r1,apple,207,0.983219
FKIT,Y+X2_M3_r1,apple,208,0.983729
FKIT,Y+X2_M3_r1,apple,209,0.985123
FKIT,Y+X2_M3_r1,apple,210,0.985320
FKIT,Y+X2_M3_r1,apple,211,0.985541
FKIT,Y+X2_M3_r1,apple,212,0.985866
FKIT,Y+X2_M3_r1,apple,213,0.985415
FKIT,Y+X2_M3_r1,apple,214,0.985877
FKIT,Y+X2_M3_r1,apple,215,0.986122
FKIT,Y+X2_M3_r1,apple,216,0.986583
FKIT,Y+X2_M3_r1,apple,217,0.986902
FKIT,Y+X2_M3_r1,apple,218,0.986796
FKIT,Y+X2_M3_r1,apple,219,0.986670
FKIT,Y+X2_M3_r1,apple,220,0.987450
FKIT,Y+X2_M3_r1,apple,221,0.987726
FKIT,Y+X2_M3_r1,apple,222,0.987921
FKIT,Y+X2_M3_r1,apple,223,0.988127
FKIT,Y+X2_M3_r1,apple,224,0.987285
FKIT,Y+X2_M3_r1,apple,225,0.987958
FKIT,Y+X2_M3_r1,apple,226,0.988332
FKIT,Y+X2_M3_r1,apple,227,0.988528
FKIT,Y+X2_M3_r1,apple,228,0.988952
FKIT,Y+X2_M3_r1,apple,229,0.987944
FKIT,Y+X2_M3_r1,apple,230,0.988408
FKIT,Y+X2_M3_r1,apple,231,0.988319
FKIT,Y+X2_M3_r1,apple,232,0.987799
FKIT,Y+X2_M3_r1,apple,233,0.987281
FKIT,Y+X2_M3_r1,apple,234,0.987327
FKIT,Y+X2_M3_r1,apple,235,0.988475
FKIT,Y+X2_M3_r1,apple,236,0.987816
FKIT,Y+X2_M3_r1,apple,237,0.988118
FKIT,Y+X2_M3_r1,apple,238,0.988559
FKIT,Y+X2_M3_r1,apple,239,0.988093
FKIT,Y+X2_M3_r1,apple,240,0.988063
FKIT,Y+X2_M3_r1,apple,241,0.988728
FKIT,Y+X2_M3_r1,apple,242,0.987877
FKIT,Y+X2_M3_r1,apple,243,0.988200
FKIT,Y+X2_M3_r1,apple,244,0.988019
FKIT,Y+X2_M3_r1,apple,245,0.988223
FKIT,Y+X2_M3_r1,apple,246,0.988803
FKIT,Y+X2_M3_r1,apple,247,0.987692
FKIT,Y+X2_M3_r1,apple,248,0.987219
FKIT,Y+X2_M3_r1,apple,249,0.986993
FKIT,Y+X2_M3_r1,apple,250,0.986267
FKIT,Y+X2_M3_r1,apple,251,0.987248
FKIT,Y+X2_M3_r1,apple,252,0.986124
FKIT,Y+X2_M3_r1,apple,253,0.986082
FKIT,Y+X2_M3_r1,apple,254,0.987401
FKIT,Y+X2_M3_r1,apple,255,0.987598
FKIT,Y+X2_M3_r1,apple,256,0.987503
FKIT,Y+X2_M3_r1,apple,257,0.988112
FKIT,Y+X2_M3_r1,apple,258,0.988112
FKIT,Y+X2_M3_r1,apple,259,0.988078
FKIT,Y+X2_M3_r1,apple,260,0.987217
FKIT,Y+X2_M3_r1,apple,261,0.987730
FKIT,Y+X2_M3_r1,apple,262,0.988407
FKIT,Y+X2_M3_r1,apple,263,0.989161
FKIT,Y+X2_M3_r1,apple,264,0.987516
FKIT,Y+X2_M3_r1,apple,265,0.986668
FKIT,Y+X2_M3_r1,apple,266,0.987845
FKIT,Y+X2_M3_r1,apple,267,0.987404
FKIT,Y+X2_M3_r1,apple,268,0.987845
FKIT,Y+X2_M3_r1,apple,269,0.986903
FKIT,Y+X2_M3_r1,apple,270,0.986266
FKIT,Y+X2_M3_r1,apple,271,0.986966
FKIT,Y+X2_M3_r1,apple,272,0.986618
FKIT,Y+X2_M3_r1,apple,273,0.985726
FKIT,Y+X2_M3_r1,apple,274,0.986164
FKIT,Y+X2_M3_r1,apple,275,0.986337
FKIT,Y+X2_M3_r1,apple,276,0.985886
FKIT,Y+X2_M3_r1,apple,277,0.985626
FKIT,Y+X2_M3_r1,apple,278,0.985570
FKIT,Y+X2_M3_r1,apple,279,0.986074
FKIT,Y+X2_M3_r1,apple,280,0.984919
FKIT,Y+X2_M3_r1,apple,281,0.986335
FKIT,Y+X2_M3_r1,apple,282,0.986399
FKIT,Y+X2_M3_r1,apple,283,0.986077
FKIT,Y+X2_M3_r1,apple,284,0.985590
FKIT,Y+X2_M3_r1,apple,285,0.985805
FKIT,Y+X2_M3_r1,apple,286,0.986523
FKIT,Y+X2_M3_r1,apple,287,0.986023
FKIT,Y+X2_M3_r1,apple,288,0.985575
FKIT,Y+X2_M3_r1,apple,289,0.985763
FKIT,Y+X2_M3_r1,apple,290,0.985633
FKIT,Y+X2_M3_r1,apple,291,0.986773
FKIT,Y+X2_M3_r1,apple,292,0.986119
FKIT,Y+X2_M3_r1,apple,293,0.986421
FKIT,Y+X2_M3_r1,apple,294,0.986326
FKIT,Y+X2_M3_r1,apple,295,0.985758
FKIT,Y+X2_M3_r1,apple,296,0.986599
FKIT,Y+X2_M3_r1,apple,297,0.987141
FKIT,Y+X2_M3_r1,apple,298,0.986433
FKIT,Y+X2_M3_r1,apple,299,0.986480
FKIT,Y+X2_M3_r1,apple,300,0.986210
FKIT,Y+X2_M3_r1,apple,301,0.986744
FKIT,Y+X2_M3_r1,apple,302,0.985449
FKIT,Y+X2_M3_r1,apple,303,0.986333
FKIT,Y+X2_M3_r1,apple,304,0.986680
FKIT,Y+X2_M3_r1,apple,305,0.986833
FKIT,Y+X2_M3_r1,apple,306,0.986939
FKIT,Y+X2_M3_r1,apple,307,0.986190
FKIT,Y+X2_M3_r1,apple,308,0.985809
FKIT,Y+X2_M3_r1,apple,309,0.984979
FKIT,Y+X2_M3_r1,apple,310,0.985023
FKIT,Y+X2_M3_r1,apple,311,0.986155
FKIT,Y+X2_M3_r1,apple,312,0.985750
FKIT,Y+X2_M3_r1,apple,313,0.984924
FKIT,Y+X2_M3_r1,apple,314,0.984707
FKIT,Y+X2_M3_r1,apple,315,0.984795
FKIT,Y+X2_M3_r1,apple,316,0.984445
FKIT,Y+X2_M3_r1,apple,317,0.984759
FKIT,Y+X2_M3_r1,apple,318,0.985073
FKIT,Y+X2_M3_r1,apple,319,0.984736
FKIT,Y+X2_M3_r1,apple,320,0.984988
FKIT,Y+X2_M3_r1,apple,321,0.984940
FKIT,Y+X2_M3_r1,apple,322,0.984877
FKIT,Y+X2_M3_r1,apple,323,0.984200
FKIT,Y+X2_M3_r1,apple,324,0.985281
FKIT,Y+X2_M3_r1,apple,325,0.984843
FKIT,Y+X2_M3_r1,apple,326,0.985077
FKIT,Y+X2_M3_r1,apple,327,0.985116
FKIT,Y+X2_M3_r1,apple,328,0.984769
FKIT,Y+X2_M3_r1,apple,329,0.984536
FKIT,Y+X2_M3_r1,apple,330,0.983542
FKIT,Y+X2_M3_r1,apple,331,0.984545
FKIT,Y+X2_M3_r1,apple,332,0.984612
FKIT,Y+X2_M3_r1,apple,333,0.983928
FKIT,Y+X2_M3_r1,apple,334,0.984092
FKIT,Y+X2_M3_r1,apple,335,0.983220
FKIT,Y+X2_M3_r1,apple,336,0.984163
FKIT,Y+X2_M3_r1,apple,337,0.983605
FKIT,Y+X2_M3_r1,apple,338,0.983660
FKIT,Y+X2_M3_r1,apple,339,0.983578
FKIT,Y+X2_M3_r1,apple,340,0.983198
FKIT,Y+X2_M3_r1,apple,341,0.982605
FKIT,Y+X2_M3_r1,apple,342,0.982377
FKIT,Y+X2_M3_r1,apple,343,0.982525
FKIT,Y+X2_M3_r1,apple,344,0.983751
FKIT,Y+X2_M3_r1,apple,345,0.982126
FKIT,Y+X2_M3_r1,apple,346,0.982775
FKIT,Y+X2_M3_r1,apple,347,0.981164
FKIT,Y+X2_M3_r1,apple,348,0.982159
FKIT,Y+X2_M3_r1,apple,349,0.981778
FKIT,Y+X2_M3_r1,apple,350,0.982053
FKIT,Y+X2_M3_r1,apple,351,0.982797
FKIT,Y+X2_M3_r1,apple,352,0.981393
FKIT,Y+X2_M3_r1,apple,353,0.981897
FKIT,Y+X2_M3_r1,apple,354,0.982238
FKIT,Y+X2_M3_r1,apple,355,0.981990
FKIT,Y+X2_M3_r1,apple,356,0.981989
FKIT,Y+X2_M3_r1,apple,357,0.982241
FKIT,Y+X2_M3_r1,apple,358,0.982255
FKIT,Y+X2_M3_r1,apple,359,0.982604
FKIT,Y+X2_M3_r1,apple,360,0.982201
FKIT,Y+X2_M3_r1,apple,361,0.981542
FKIT,Y+X2_M3_r1,apple,362,0.982670
FKIT,Y+X2_M3_r1,apple,363,0.981326
FKIT,Y+X2_M3_r1,apple,364,0.981382
FKIT,Y+X2_M3_r1,apple,365,0.982431
FKIT,Y+X2_M3_r1,apple,366,0.981304
FKIT,Y+X2_M3_r1,apple,367,0.981973
FKIT,Y+X2_M3_r1,apple,368,0.981243
FKIT,Y+X2_M3_r1,apple,369,0.981344
FKIT,Y+X2_M3_r1,apple,370,0.981385
FKIT,Y+X2_M3_r1,apple,371,0.981513
FKIT,Y+X2_M3_r1,apple,372,0.980220
FKIT,Y+X2_M3_r1,apple,373,0.980145
FKIT,Y+X2_M3_r1,apple,374,0.979767
FKIT,Y+X2_M3_r1,apple,375,0.979624
FKIT,Y+X2_M3_r1,apple,376,0.979517
FKIT,Y+X2_M3_r1,apple,377,0.979646
FKIT,Y+X2_M3_r1,apple,378,0.979733
FKIT,Y+X2_M3_r1,apple,379,0.979112
FKIT,Y+X2_M3_r1,apple,380,0.979148
FKIT,Y+X2_M3_r1,apple,381,0.978300
FKIT,Y+X2_M3_r1,apple,382,0.977933
FKIT,Y+X2_M3_r1,apple,383,0.977494
FKIT,Y+X2_M3_r1,apple,384,0.977712
FKIT,Y+X2_M3_r1,apple,385,0.978404
FKIT,Y+X2_M3_r1,apple,386,0.977319
FKIT,Y+X2_M3_r1,apple,387,0.977411
FKIT,Y+X2_M3_r1,apple,388,0.977946
FKIT,Y+X2_M3_r1,apple,389,0.977070
FKIT,Y+X2_M3_r1,apple,390,0.977817
FKIT,Y+X2_M3_r1,apple,391,0.978173
FKIT,Y+X2_M3_r1,apple,392,0.978078
FKIT,Y+X2_M3_r1,apple,393,0.977229
FKIT,Y+X2_M3_r1,apple,394,0.978517
FKIT,Y+X2_M3_r1,apple,395,0.977434
FKIT,Y+X2_M3_r1,apple,396,0.977509
FKIT,Y+X2_M3_r1,apple,397,0.976887
FKIT,Y+X2_M3_r1,apple,398,0.977358
FKIT,Y+X2_M3_r1,apple,399,0.976669
FKIT,Y+X2_M3_r1,apple,400,0.977517
FKIT,Y+X2_M3_r1,apple,401,0.978021
FKIT,Y+X2_M3_r1,apple,402,0.977692
FKIT,Y+X2_M3_r1,apple,403,0.978344
FKIT,Y+X2_M3_r1,apple,404,0.977014
FKIT,Y+X2_M3_r1,apple,405,0.978304
FKIT,Y+X2_M3_r1,apple,406,0.979012
FKIT,Y+X2_M3_r1,apple,407,0.977735
FKIT,Y+X2_M3_r1,apple,408,0.977885
FKIT,Y+X2_M3_r1,apple,409,0.977555
FKIT,Y+X2_M3_r1,apple,410,0.976557
FKIT,Y+X2_M3_r1,apple,411,0.977928
FKIT,Y+X2_M3_r1,apple,412,0.977537
FKIT,Y+X2_M3_r1,apple,413,0.976683
FKIT,Y+X2_M3_r1,apple,414,0.977213
FKIT,Y+X2_M3_r1,apple,415,0.977898
FKIT,Y+X2_M3_r1,apple,416,0.975707
FKIT,Y+X2_M3_r1,apple,417,0.975518
FKIT,Y+X2_M3_r1,apple,418,0.975713
FKIT,Y+X2_M3_r1,apple,419,0.975664
FKIT,Y+X2_M3_r1,apple,420,0.975781
FKIT,Y+X2_M3_r1,apple,421,0.975038
FKIT,Y+X2_M3_r1,apple,422,0.973712
FKIT,Y+X2_M3_r1,apple,423,0.974621
FKIT,Y+X2_M3_r1,apple,424,0.975084
FKIT,Y+X2_M3_r1,apple,425,0.975337
FKIT,Y+X2_M3_r1,apple,426,0.974859
FKIT,Y+X2_M3_r1,apple,427,0.974598
FKIT,Y+X2_M3_r1,apple,428,0.974768
FKIT,Y+X2_M3_r1,apple,429,0.976624
FKIT,Y+X2_M3_r1,apple,430,0.977032
FKIT,Y+X2_M3_r1,apple,431,0.976540
FKIT,Y+X2_M3_r1,apple,432,0.975096
FKIT,Y+X2_M3_r1,apple,433,0.975657
FKIT,Y+X2_M3_r1,apple,434,0.974303
FKIT,Y+X2_M3_r1,apple,435,0.974937
FKIT,Y+X2_M3_r1,apple,436,0.975826
FKIT,Y+X2_M3_r1,apple,437,0.973726
FKIT,Y+X2_M3_r1,apple,438,0.973714
FKIT,Y+X2_M3_r1,apple,439,0.975518
FKIT,Y+X2_M3_r1,apple,440,0.974697
FKIT,Y+X2_M3_r1,apple,441,0.974005
FKIT,Y+X2_M3_r1,apple,442,0.973274
FKIT,Y+X2_M3_r1,apple,443,0.974180
FKIT,Y+X2_M3_r1,apple,444,0.974802
FKIT,Y+X2_M3_r1,apple,445,0.974503
FKIT,Y+X2_M3_r1,apple,446,0.974103
FKIT,Y+X2_M3_r1,apple,447,0.975331
FKIT,Y+X2_M3_r1,apple,448,0.974783
FKIT,Y+X2_M3_r1,apple,449,0.974973
FKIT,Y+X2_M3_r1,apple,450,0.976206
FKIT,Y+X2_M3_r1,apple,451,0.974659
FKIT,Y+X2_M3_r1,apple,452,0.975269
FKIT,Y+X2_M3_r1,apple,453,0.975125
FKIT,Y+X2_M3_r1,apple,454,0.975176
FKIT,Y+X2_M3_r1,apple,455,0.975573
FKIT,Y+X2_M3_r1,apple,456,0.975500
FKIT,Y+X2_M3_r1,apple,457,0.975336
FKIT,Y+X2_M3_r1,apple,458,0.976298
FKIT,Y+X2_M3_r1,apple,459,0.975738
FKIT,Y+X2_M3_r1,apple,460,0.975776
FKIT,Y+X2_M3_r1,apple,461,0.975183
FKIT,Y+X2_M3_r1,apple,462,0.974697
FKIT,Y+X2_M3_r1,apple,463,0.974022
FKIT,Y+X2_M3_r1,apple,464,0.974290
FKIT,Y+X2_M3_r1,apple,465,0.974701
FKIT,Y+X2_M3_r1,apple,466,0.975304
FKIT,Y+X2_M3_r1,apple,467,0.975516
FKIT,Y+X2_M3_r1,apple,468,0.974429
FKIT,Y+X2_M3_r1,apple,469,0.974426
FKIT,Y+X2_M3_r1,apple,470,0.973998
FKIT,Y+X2_M3_r1,apple,471,0.974313
FKIT,Y+X2_M3_r1,apple,472,0.973977
FKIT,Y+X2_M3_r1,apple,473,0.973954
FKIT,Y+X2_M3_r1,apple,474,0.974634
FKIT,Y+X2_M3_r1,apple,475,0.975628
FKIT,Y+X2_M3_r1,apple,476,0.976504
FKIT,Y+X2_M3_r1,apple,477,0.975977
FKIT,Y+X2_M3_r1,apple,478,0.975772
FKIT,Y+X2_M3_r1,apple,479,0.970326
FKIT,Y+X2_M3_r1,apple,480,0.976725
FKIT,Y+X2_M3_r1,apple,481,0.976455
FKIT,Y+X2_M3_r1,apple,482,0.975731
FKIT,Y+X2_M3_r1,apple,483,0.976498
FKIT,Y+X2_M3_r1,apple,484,0.976169
FKIT,Y+X2_M3_r1,apple,485,0.976332
FKIT,Y+X2_M3_r1,apple,486,0.976928
FKIT,Y+X2_M3_r1,apple,487,0.976027
FKIT,Y+X2_M3_r1,apple,488,0.977754
FKIT,Y+X2_M3_r1,apple,489,0.977131
FKIT,Y+X2_M3_r1,apple,490,0.977845
FKIT,Y+X2_M3_r1,apple,491,0.977126
FKIT,Y+X2_M3_r1,apple,492,0.976292
FKIT,Y+X2_M3_r1,apple,493,0.976056
FKIT,Y+X2_M3_r1,apple,494,0.977289
FKIT,Y+X2_M3_r1,apple,495,0.977939
FKIT,Y+X2_M3_r1,apple,496,0.977041
FKIT,Y+X2_M3_r1,apple,497,0.978121
FKIT,Y+X2_M3_r1,apple,498,0.979344
FKIT,Y+X2_M3_r1,apple,499,0.977815
FKIT,Y+X2_M3_r1,apple,500,0.977592
FKIT,Y+X2_M3_r1,apple,501,0.976728
FKIT,Y+X2_M3_r1,apple,502,0.977802
FKIT,Y+X2_M3_r1,apple,503,0.977813
FKIT,Y+X2_M3_r1,apple,504,0.977986
FKIT,Y+X2_M3_r1,apple,505,0.977925
FKIT,Y+X2_M3_r1,apple,506,0.978474
FKIT,Y+X2_M3_r1,apple,507,0.978579
FKIT,Y+X2_M3_r1,apple,508,0.979923
FKIT,Y+X2_M3_r1,apple,509,0.979464
FKIT,Y+X2_M3_r1,apple,510,0.979650
FKIT,Y+X2_M3_r1,apple,511,0.979718
FKIT,Y+X2_M3_r1,apple,512,0.979367
FKIT,Y+X2_M3_r1,apple,513,0.979899
FKIT,Y+X2_M3_r1,apple,514,0.980174
FKIT,Y+X2_M3_r1,apple,515,0.978793
FKIT,Y+X2_M3_r1,apple,516,0.979371
FKIT,Y+X2_M3_r1,apple,517,0.980610
FKIT,Y+X2_M3_r1,apple,518,0.980350
FKIT,Y+X2_M3_r1,apple,519,0.980936
FKIT,Y+X2_M3_r1,apple,520,0.980834
FKIT,Y+X2_M3_r1,apple,521,0.979600
FKIT,Y+X2_M3_r1,apple,522,0.979822
FKIT,Y+X2_M3_r1,apple,523,0.980019
FKIT,Y+X2_M3_r1,apple,524,0.979477
FKIT,Y+X2_M3_r1,apple,525,0.980564
FKIT,Y+X2_M3_r1,apple,526,0.980255
FKIT,Y+X2_M3_r1,apple,527,0.979929
FKIT,Y+X2_M3_r1,apple,528,0.979942
FKIT,Y+X2_M3_r1,apple,529,0.980091
FKIT,Y+X2_M3_r1,apple,530,0.979319
FKIT,Y+X2_M3_r1,apple,531,0.979114
FKIT,Y+X2_M3_r1,apple,532,0.979687
FKIT,Y+X2_M3_r1,apple,533,0.980832
FKIT,Y+X2_M3_r1,apple,534,0.980940
FKIT,Y+X2_M3_r1,apple,535,0.980155
FKIT,Y+X2_M3_r1,apple,536,0.979767
FKIT,Y+X2_M3_r1,apple,537,0.979689
FKIT,Y+X2_M3_r1,apple,538,0.980160
FKIT,Y+X2_M3_r1,apple,539,0.979960
FKIT,Y+X2_M3_r1,apple,540,0.980611
FKIT,Y+X2_M3_r1,apple,541,0.978090
FKIT,Y+X2_M3_r1,apple,542,0.978738
FKIT,Y+X2_M3_r1,apple,543,0.978982
FKIT,Y+X2_M3_r1,apple,544,0.980156
FKIT,Y+X2_M3_r1,apple,545,0.981562
FKIT,Y+X2_M3_r1,apple,546,0.981040
FKIT,Y+X2_M3_r1,apple,547,0.980221
FKIT,Y+X2_M3_r1,apple,548,0.980671
FKIT,Y+X2_M3_r1,apple,549,0.979394
FKIT,Y+X2_M3_r1,apple,550,0.979638
FKIT,Y+X2_M3_r1,apple,551,0.981322
FKIT,Y+X2_M3_r1,apple,552,0.981037
FKIT,Y+X2_M3_r1,apple,553,0.980825
FKIT,Y+X2_M3_r1,apple,554,0.980848
FKIT,Y+X2_M3_r1,apple,555,0.981333
FKIT,Y+X2_M3_r1,apple,556,0.981215
FKIT,Y+X2_M3_r1,apple,557,0.981277
FKIT,Y+X2_M3_r1,apple,558,0.981473
FKIT,Y+X2_M3_r1,apple,559,0.979537
FKIT,Y+X2_M3_r1,apple,560,0.979368
FKIT,Y+X2_M3_r1,apple,561,0.980027
FKIT,Y+X2_M3_r1,apple,562,0.981323
FKIT,Y+X2_M3_r1,apple,563,0.980804
FKIT,Y+X2_M3_r1,apple,564,0.980040
FKIT,Y+X2_M3_r1,apple,565,0.980345
FKIT,Y+X2_M3_r1,apple,566,0.980551
FKIT,Y+X2_M3_r1,apple,567,0.979063
FKIT,Y+X2_M3_r1,apple,568,0.981804
FKIT,Y+X2_M3_r1,apple,569,0.980933
FKIT,Y+X2_M3_r1,apple,570,0.983933
FKIT,Y+X2_M3_r1,apple,571,0.982814
FKIT,Y+X2_M3_r1,apple,572,0.982639
FKIT,Y+X2_M3_r1,apple,573,0.982612
FKIT,Y+X2_M3_r1,apple,574,0.983822
FKIT,Y+X2_M3_r1,apple,575,0.984143
FKIT,Y+X2_M3_r1,apple,576,0.984858
FKIT,Y+X2_M3_r1,apple,577,0.984856
FKIT,Y+X2_M3_r1,apple,578,0.985980
FKIT,Y+X2_M3_r1,apple,579,0.985323
FKIT,Y+X2_M3_r1,apple,580,0.985491
FKIT,Y+X2_M3_r1,apple,581,0.985260
FKIT,Y+X2_M3_r1,apple,582,0.985461
FKIT,Y+X2_M3_r1,apple,583,0.986115
FKIT,Y+X2_M3_r1,apple,584,0.985559
FKIT,Y+X2_M3_r1,apple,585,0.986282
FKIT,Y+X2_M3_r1,apple,586,0.985688
FKIT,Y+X2_M3_r1,apple,587,0.984170
FKIT,Y+X2_M3_r1,apple,588,0.986058
FKIT,Y+X2_M3_r1,apple,589,0.986568
FKIT,Y+X2_M3_r1,apple,590,0.986604
FKIT,Y+X2_M3_r1,apple,591,0.986591
FKIT,Y+X2_M3_r1,apple,592,0.985910
FKIT,Y+X2_M3_r1,apple,593,0.986154
FKIT,Y+X2_M3_r1,apple,594,0.986880
FKIT,Y+X2_M3_r1,apple,595,0.987387
FKIT,Y+X2_M3_r1,apple,596,0.987029
FKIT,Y+X2_M3_r1,apple,597,0.987250
FKIT,Y+X2_M3_r1,apple,598,0.986212
FKIT,Y+X2_M3_r1,apple,599,0.986370
FKIT,Y+X2_M3_r1,apple,600,0.986740
FKIT,Y+X2_M3_r1,apple,601,0.986896
FKIT,Y+X2_M3_r1,apple,602,0.987281
FKIT,Y+X2_M3_r1,apple,603,0.987218
FKIT,Y+X2_M3_r1,apple,604,0.987551
FKIT,Y+X2_M3_r1,apple,605,0.986831
FKIT,Y+X2_M3_r1,apple,606,0.987863
FKIT,Y+X2_M3_r1,apple,607,0.987751
FKIT,Y+X2_M3_r1,apple,608,0.986983
FKIT,Y+X2_M3_r1,apple,609,0.988557
FKIT,Y+X2_M3_r1,apple,610,0.988387
FKIT,Y+X2_M3_r1,apple,611,0.988178
FKIT,Y+X2_M3_r1,apple,612,0.988958
FKIT,Y+X2_M3_r1,apple,613,0.988735
FKIT,Y+X2_M3_r1,apple,614,0.988816
FKIT,Y+X2_M3_r1,apple,615,0.987982
FKIT,Y+X2_M3_r1,apple,616,0.989492
FKIT,Y+X2_M3_r1,apple,617,0.989384
FKIT,Y+X2_M3_r1,apple,618,0.987701
FKIT,Y+X2_M3_r1,apple,619,0.990498
FKIT,Y+X2_M3_r1,apple,620,0.990202
FKIT,Y+X2_M3_r1,apple,621,0.991164
FKIT,Y+X2_M3_r1,apple,622,0.990828
FKIT,Y+X2_M3_r1,apple,623,0.992962
FKIT,Y+X2_M3_r1,apple,624,0.993813
FKIT,Y+X2_M3_r1,apple,625,0.995052
FKIT,Y+X2_M3_r1,apple,626,0.994680
FKIT,Y+X2_M3_r1,apple,627,0.995627
FKIT,Y+X2_M3_r1,apple,628,0.996260
FKIT,Y+X2_M3_r1,apple,629,0.995357
FKIT,Y+X2_M3_r1,apple,630,0.995575
FKIT,Y+X2_M3_r1,apple,631,0.995788
FKIT,Y+X2_M3_r1,apple,632,0.995268
FKIT,Y+X2_M3_r1,apple,633,0.994561
FKIT,Y+X2_M3_r1,apple,634,0.995008
FKIT,Y+X2_M3_r1,apple,635,0.995946
FKIT,Y+X2_M3_r1,apple,636,0.994883
FKIT,Y+X2_M3_r1,apple,637,0.994715
FKIT,Y+X2_M3_r1,apple,638,0.994693
FKIT,Y+X2_M3_r1,apple,639,0.994681
FKIT,Y+X2_M3_r1,apple,640,0.995197
FKIT,Y+X2_M3_r1,apple,641,0.994256
FKIT,Y+X2_M3_r1,apple,642,0.994345
FKIT,Y+X2_M3_r1,apple,643,0.994505
FKIT,Y+X2_M3_r1,apple,644,0.995819
FKIT,Y+X2_M3_r1,apple,645,0.994795
FKIT,Y+X2_M3_r1,apple,646,0.994735
FKIT,Y+X2_M3_r1,apple,647,0.994645
FKIT,Y+X2_M3_r1,apple,648,0.994188
FKIT,Y+X2_M3_r1,apple,649,0.994431
FKIT,Y+X2_M3_r1,apple,650,0.994728
FKIT,Y+X2_M3_r1,apple,651,0.995266
FKIT,Y+X2_M3_r1,apple,652,0.993734
FKIT,Y+X2_M3_r1,apple,653,0.994310
FKIT,Y+X2_M3_r1,apple,654,0.994636
FKIT,Y+X2_M3_r1,apple,655,0.993500
FKIT,Y+X2_M3_r1,apple,656,0.994841
FKIT,Y+X2_M3_r1,apple,657,0.994750
FKIT,Y+X2_M3_r1,apple,658,0.993940
FKIT,Y+X2_M3_r1,apple,659,0.993854
FKIT,Y+X2_M3_r1,apple,660,0.994315
FKIT,Y+X2_M3_r1,apple,661,0.995519
FKIT,Y+X2_M3_r1,apple,662,0.995100
FKIT,Y+X2_M3_r1,apple,663,0.993966
FKIT,Y+X2_M3_r1,apple,664,0.994542
FKIT,Y+X2_M3_r1,apple,665,0.994440
FKIT,Y+X2_M3_r1,apple,666,0.993983
FKIT,Y+X2_M3_r1,apple,667,0.994170
FKIT,Y+X2_M3_r1,apple,668,0.994896
FKIT,Y+X2_M3_r1,apple,669,0.994340
FKIT,Y+X2_M3_r1,apple,670,0.995735
FKIT,Y+X2_M3_r1,apple,671,0.994780
FKIT,Y+X2_M3_r1,apple,672,0.994726
FKIT,Y+X2_M3_r1,apple,673,0.994435
FKIT,Y+X2_M3_r1,apple,674,0.994443
FKIT,Y+X2_M3_r1,apple,675,0.995289
FKIT,Y+X2_M3_r1,apple,676,0.995393
FKIT,Y+X2_M3_r1,apple,677,0.994180
FKIT,Y+X2_M3_r1,apple,678,0.995541
FKIT,Y+X2_M3_r1,apple,679,0.993984
FKIT,Y+X2_M3_r1,apple,680,0.995494
FKIT,Y+X2_M3_r1,apple,681,0.995420
FKIT,Y+X2_M3_r1,apple,682,0.995096
FKIT,Y+X2_M3_r1,apple,683,0.994867
FKIT,Y+X2_M3_r1,apple,684,0.995323
FKIT,Y+X2_M3_r1,apple,685,0.995857
FKIT,Y+X2_M3_r1,apple,686,0.995504
FKIT,Y+X2_M3_r1,apple,687,0.995806
FKIT,Y+X2_M3_r1,apple,688,0.995705
FKIT,Y+X2_M3_r1,apple,689,0.994844
FKIT,Y+X2_M3_r1,apple,690,0.994838
FKIT,Y+X2_M3_r1,apple,691,0.995063
FKIT,Y+X2_M3_r1,apple,692,0.995643
FKIT,Y+X2_M3_r1,apple,693,0.995377
FKIT,Y+X2_M3_r1,apple,694,0.995368
FKIT,Y+X2_M3_r1,apple,695,0.996205
FKIT,Y+X2_M3_r1,apple,696,0.995691
FKIT,Y+X2_M3_r1,apple,697,0.996606
FKIT,Y+X2_M3_r1,apple,698,0.995407
FKIT,Y+X2_M3_r1,apple,699,0.994877
FKIT,Y+X2_M3_r1,apple,700,0.996311
FKIT,Y+X2_M3_r1,apple,701,0.996829
FKIT,Y+X2_M3_r1,apple,702,0.995466
FKIT,Y+X2_M3_r1,apple,703,0.995288
FKIT,Y+X2_M3_r1,apple,704,0.996990
FKIT,Y+X2_M3_r1,apple,705,0.995822
FKIT,Y+X2_M3_r1,apple,706,0.996088
FKIT,Y+X2_M3_r1,apple,707,0.996192
FKIT,Y+X2_M3_r1,apple,708,0.996064
FKIT,Y+X2_M3_r1,apple,709,0.995921
FKIT,Y+X2_M3_r1,apple,710,0.997883
FKIT,Y+X2_M3_r1,apple,711,0.996673
FKIT,Y+X2_M3_r1,apple,712,0.995791
FKIT,Y+X2_M3_r1,apple,713,0.995582
FKIT,Y+X2_M3_r1,apple,714,0.996917
FKIT,Y+X2_M3_r1,apple,715,0.995005
FKIT,Y+X2_M3_r1,apple,716,0.994854
FKIT,Y+X2_M3_r1,apple,717,0.995468
FKIT,Y+X2_M3_r1,apple,718,0.995925
FKIT,Y+X2_M3_r1,apple,719,0.995848
FKIT,Y+X2_M3_r1,apple,720,0.996112
FKIT,Y+X2_M3_r1,apple,721,0.995971
FKIT,Y+X2_M3_r1,apple,722,0.996026
FKIT,Y+X2_M3_r1,apple,723,0.996597
FKIT,Y+X2_M3_r1,apple,724,0.996809
FKIT,Y+X2_M3_r1,apple,725,0.997393
FKIT,Y+X2_M3_r1,apple,726,0.996305
FKIT,Y+X2_M3_r1,apple,727,0.995861
FKIT,Y+X2_M3_r1,apple,728,0.995667
FKIT,Y+X2_M3_r1,apple,729,0.995381
FKIT,Y+X2_M3_r1,apple,730,0.994958
FKIT,Y+X2_M3_r1,apple,731,0.992946
FKIT,Y+X2_M3_r1,apple,732,0.996836
FKIT,Y+X2_M3_r1,apple,733,0.993197
FKIT,Y+X2_M3_r1,apple,734,0.994987
FKIT,Y+X2_M3_r1,apple,735,0.995870
FKIT,Y+X2_M3_r1,apple,736,0.995133
FKIT,Y+X2_M3_r1,apple,737,0.995168
FKIT,Y+X2_M3_r1,apple,738,0.996338
FKIT,Y+X2_M3_r1,apple,739,0.995370
FKIT,Y+X2_M3_r1,apple,740,0.996760
FKIT,Y+X2_M3_r1,apple,741,0.996727
FKIT,Y+X2_M3_r1,apple,742,0.995522
FKIT,Y+X2_M3_r1,apple,743,0.997095
FKIT,Y+X2_M3_r1,apple,744,0.996549
FKIT,Y+X2_M3_r1,apple,745,0.994975
FKIT,Y+X2_M3_r1,apple,746,0.996066
FKIT,Y+X2_M3_r1,apple,747,0.994622
FKIT,Y+X2_M3_r1,apple,748,0.995496
FKIT,Y+X2_M3_r1,apple,749,0.995890
FKIT,Y+X2_M3_r1,apple,750,0.995641
FKIT,Y+X2_M3_r1,apple,751,0.994974
FKIT,Y+X2_M3_r1,apple,752,0.996356
FKIT,Y+X2_M3_r1,apple,753,0.996302
FKIT,Y+X2_M3_r1,apple,754,0.995844
FKIT,Y+X2_M3_r1,apple,755,0.996509
FKIT,Y+X2_M3_r1,apple,756,0.995788
FKIT,Y+X2_M3_r1,apple,757,0.995156
FKIT,Y+X2_M3_r1,apple,758,0.995372
FKIT,Y+X2_M3_r1,apple,759,0.995498
FKIT,Y+X2_M3_r1,apple,760,0.994403
FKIT,Y+X2_M3_r1,apple,761,0.995188
FKIT,Y+X2_M3_r1,apple,762,0.994907
FKIT,Y+X2_M3_r1,apple,763,0.993549
FKIT,Y+X2_M3_r1,apple,764,0.995175
FKIT,Y+X2_M3_r1,apple,765,0.994889
FKIT,Y+X2_M3_r1,apple,766,0.995148
FKIT,Y+X2_M3_r1,apple,767,0.994561
FKIT,Y+X2_M3_r1,apple,768,0.994232
FKIT,Y+X2_M3_r1,apple,769,0.995140
FKIT,Y+X2_M3_r1,apple,770,0.993603
FKIT,Y+X2_M3_r1,apple,771,0.993797
FKIT,Y+X2_M3_r1,apple,772,0.994166
FKIT,Y+X2_M3_r1,apple,773,0.994497
FKIT,Y+X2_M3_r1,apple,774,0.994680
FKIT,Y+X2_M3_r1,apple,775,0.994935
FKIT,Y+X2_M3_r1,apple,776,0.994723
FKIT,Y+X2_M3_r1,apple,777,0.994667
FKIT,Y+X2_M3_r1,apple,778,0.995003
FKIT,Y+X2_M3_r1,apple,779,0.994412
FKIT,Y+X2_M3_r1,apple,780,0.993599
FKIT,Y+X2_M3_r1,apple,781,0.992709
FKIT,Y+X2_M3_r1,apple,782,0.993724
FKIT,Y+X2_M3_r1,apple,783,0.992392
FKIT,Y+X2_M3_r1,apple,784,0.994504
FKIT,Y+X2_M3_r1,apple,785,0.994529
FKIT,Y+X2_M3_r1,apple,786,0.993612
FKIT,Y+X2_M3_r1,apple,787,0.994071
FKIT,Y+X2_M3_r1,apple,788,0.994058
FKIT,Y+X2_M3_r1,apple,789,0.992432
FKIT,Y+X2_M3_r1,apple,790,0.992016
FKIT,Y+X2_M3_r1,apple,791,0.993131
FKIT,Y+X2_M3_r1,apple,792,0.992384
FKIT,Y+X2_M3_r1,apple,793,0.992784
FKIT,Y+X2_M3_r1,apple,794,0.993119
FKIT,Y+X2_M3_r1,apple,795,0.993761
FKIT,Y+X2_M3_r1,apple,796,0.994367
FKIT,Y+X2_M3_r1,apple,797,0.993386
FKIT,Y+X2_M3_r1,apple,798,0.992438
FKIT,Y+X2_M3_r1,apple,799,0.993542
FKIT,Y+X2_M3_r1,apple,800,0.991874
FKIT,Y+X2_M3_r1,apple,801,0.992944
FKIT,Y+X2_M3_r1,apple,802,0.991719
FKIT,Y+X2_M3_r1,apple,803,0.992314
FKIT,Y+X2_M3_r1,apple,804,0.993125
FKIT,Y+X2_M3_r1,apple,805,0.993643
FKIT,Y+X2_M3_r1,apple,806,0.992880
FKIT,Y+X2_M3_r1,apple,807,0.994462
FKIT,Y+X2_M3_r1,apple,808,0.994442
FKIT,Y+X2_M3_r1,apple,809,0.993725
FKIT,Y+X2_M3_r1,apple,810,0.993878
FKIT,Y+X2_M3_r1,apple,811,0.993408
FKIT,Y+X2_M3_r1,apple,812,0.992386
FKIT,Y+X2_M3_r1,apple,813,0.993760
FKIT,Y+X2_M3_r1,apple,814,0.991855
FKIT,Y+X2_M3_r1,apple,815,0.992150
FKIT,Y+X2_M3_r1,apple,816,0.992072
FKIT,Y+X2_M3_r1,apple,817,0.991057
FKIT,Y+X2_M3_r1,apple,818,0.990740
FKIT,Y+X2_M3_r1,apple,819,0.991551
FKIT,Y+X2_M3_r1,apple,820,0.991575
FKIT,Y+X2_M3_r1,apple,821,0.992372
FKIT,Y+X2_M3_r1,apple,822,0.991532
FKIT,Y+X2_M3_r1,apple,823,0.991018
FKIT,Y+X2_M3_r1,apple,824,0.992708
FKIT,Y+X2_M3_r1,apple,825,0.992660
FKIT,Y+X2_M3_r1,apple,826,0.993050
FKIT,Y+X2_M3_r1,apple,827,0.991443
FKIT,Y+X2_M3_r1,apple,828,0.992727
FKIT,Y+X2_M3_r1,apple,829,0.991642
FKIT,Y+X2_M3_r1,apple,830,0.991845
FKIT,Y+X2_M3_r1,apple,831,0.991438
FKIT,Y+X2_M3_r1,apple,832,0.992008
FKIT,Y+X2_M3_r1,apple,833,0.991537
FKIT,Y+X2_M3_r1,apple,834,0.992679
FKIT,Y+X2_M3_r1,apple,835,0.992571
FKIT,Y+X2_M3_r1,apple,836,0.993534
FKIT,Y+X2_M3_r1,apple,837,0.991410
FKIT,Y+X2_M3_r1,apple,838,0.990305
FKIT,Y+X2_M3_r1,apple,839,0.991877
FKIT,Y+X2_M3_r1,apple,840,0.991737
FKIT,Y+X2_M3_r1,apple,841,0.993996
FKIT,Y+X2_M3_r1,apple,842,0.993672
FKIT,Y+X2_M3_r1,apple,843,0.992451
FKIT,Y+X2_M3_r1,apple,844,0.993017
FKIT,Y+X2_M3_r1,apple,845,0.992285
FKIT,Y+X2_M3_r1,apple,846,0.993705
FKIT,Y+X2_M3_r1,apple,847,0.993258
FKIT,Y+X2_M3_r1,apple,848,0.993390
FKIT,Y+X2_M3_r1,apple,849,0.992272
FKIT,Y+X2_M3_r1,apple,850,0.991864
FKIT,Y+X2_M3_r1,apple,851,0.991406
FKIT,Y+X2_M3_r1,apple,852,0.992329
FKIT,Y+X2_M3_r1,apple,853,0.992456
FKIT,Y+X2_M3_r1,apple,854,0.994244
FKIT,Y+X2_M3_r1,apple,855,0.995582
FKIT,Y+X2_M3_r1,apple,856,0.994062
FKIT,Y+X2_M3_r1,apple,857,0.994121
FKIT,Y+X2_M3_r1,apple,858,0.994618
FKIT,Y+X2_M3_r1,apple,859,0.993290
FKIT,Y+X2_M3_r1,apple,860,0.993768
FKIT,Y+X2_M3_r1,apple,861,0.994438
FKIT,Y+X2_M3_r1,apple,862,0.993902
FKIT,Y+X2_M3_r1,apple,863,0.992948
FKIT,Y+X2_M3_r1,apple,864,0.994058
FKIT,Y+X2_M3_r1,apple,865,0.993847
FKIT,Y+X2_M3_r1,apple,866,0.993995
FKIT,Y+X2_M3_r1,apple,867,0.995254
FKIT,Y+X2_M3_r1,apple,868,0.994279
FKIT,Y+X2_M3_r1,apple,869,0.994462
FKIT,Y+X2_M3_r1,apple,870,0.994501
FKIT,Y+X2_M3_r1,apple,871,0.994715
FKIT,Y+X2_M3_r1,apple,872,0.991960
FKIT,Y+X2_M3_r1,apple,873,0.991742
FKIT,Y+X2_M3_r1,apple,874,0.995014
FKIT,Y+X2_M3_r1,apple,875,0.994211
FKIT,Y+X2_M3_r1,apple,876,0.995245
FKIT,Y+X2_M3_r1,apple,877,0.994944
FKIT,Y+X2_M3_r1,apple,878,0.995788
FKIT,Y+X2_M3_r1,apple,879,0.993961
FKIT,Y+X2_M3_r1,apple,880,0.993242
FKIT,Y+X2_M3_r1,apple,881,0.995079
FKIT,Y+X2_M3_r1,apple,882,0.994608
FKIT,Y+X2_M3_r1,apple,883,0.994259
FKIT,Y+X2_M3_r1,apple,884,0.995932
FKIT,Y+X2_M3_r1,apple,885,0.995896
FKIT,Y+X2_M3_r1,apple,886,0.995986
FKIT,Y+X2_M3_r1,apple,887,0.995463
FKIT,Y+X2_M3_r1,apple,888,0.995497
FKIT,Y+X2_M3_r1,apple,889,0.996284
FKIT,Y+X2_M3_r1,apple,890,0.995307
FKIT,Y+X2_M3_r1,apple,891,0.995513
FKIT,Y+X2_M3_r1,apple,892,0.995664
FKIT,Y+X2_M3_r1,apple,893,0.995011
FKIT,Y+X2_M3_r1,apple,894,0.996450
FKIT,Y+X2_M3_r1,apple,895,0.995641
FKIT,Y+X2_M3_r1,apple,896,0.995870
FKIT,Y+X2_M3_r1,apple,897,0.996778
FKIT,Y+X2_M3_r1,apple,898,0.995870
FKIT,Y+X2_M3_r1,apple,899,0.995572
FKIT,Y+X2_M3_r1,apple,900,0.995210
FKIT,Y+X2_M3_r1,apple,901,0.994980
FKIT,Y+X2_M3_r1,apple,902,0.996294
FKIT,Y+X2_M3_r1,apple,903,0.994940
FKIT,Y+X2_M3_r1,apple,904,0.995135
FKIT,Y+X2_M3_r1,apple,905,0.995133
FKIT,Y+X2_M3_r1,apple,906,0.995906
FKIT,Y+X2_M3_r1,apple,907,0.994985
FKIT,Y+X2_M3_r1,apple,908,0.995287
FKIT,Y+X2_M3_r1,apple,909,0.995027
FKIT,Y+X2_M3_r1,apple,910,0.994743
FKIT,Y+X2_M3_r1,apple,911,0.995493
FKIT,Y+X2_M3_r1,apple,912,0.995265
FKIT,Y+X2_M3_r1,apple,913,0.995740
FKIT,Y+X2_M3_r1,apple,914,0.995992
FKIT,Y+X2_M3_r1,apple,915,0.995564
FKIT,Y+X2_M3_r1,apple,916,0.996502
FKIT,Y+X2_M3_r1,apple,917,0.993660
FKIT,Y+X2_M3_r1,apple,918,0.995435
FKIT,Y+X2_M3_r1,apple,919,0.994983
FKIT,Y+X2_M3_r1,apple,920,0.992357
FKIT,Y+X2_M3_r1,apple,921,0.995594
FKIT,Y+X2_M3_r1,apple,922,0.993726
FKIT,Y+X2_M3_r1,apple,923,0.993630
FKIT,Y+X2_M3_r1,apple,924,0.994458
FKIT,Y+X2_M3_r1,apple,925,0.994449
FKIT,Y+X2_M3_r1,apple,926,0.994202
FKIT,Y+X2_M3_r1,apple,927,0.993442
FKIT,Y+X2_M3_r1,apple,928,0.994140
FKIT,Y+X2_M3_r1,apple,929,0.993629
FKIT,Y+X2_M3_r1,apple,930,0.994428
FKIT,Y+X2_M3_r1,apple,931,0.992818
FKIT,Y+X2_M3_r1,apple,932,0.993266
FKIT,Y+X2_M3_r1,apple,933,0.989736
FKIT,Y+X2_M3_r1,apple,934,0.993470
FKIT,Y+X2_M3_r1,apple,935,0.990669
FKIT,Y+X2_M3_r1,apple,936,0.991420
FKIT,Y+X2_M3_r1,apple,937,0.991472
FKIT,Y+X2_M3_r1,apple,938,0.990593
FKIT,Y+X2_M3_r1,apple,939,0.991277
FKIT,Y+X2_M3_r1,apple,940,0.991713
FKIT,Y+X2_M3_r1,apple,941,0.990229
FKIT,Y+X2_M3_r1,apple,942,0.989985
FKIT,Y+X2_M3_r1,apple,943,0.989815
FKIT,Y+X2_M3_r1,apple,944,0.991813
FKIT,Y+X2_M3_r1,apple,945,0.992650
FKIT,Y+X2_M3_r1,apple,946,0.992383
FKIT,Y+X2_M3_r1,apple,947,0.990608
FKIT,Y+X2_M3_r1,apple,948,0.992246
FKIT,Y+X2_M3_r1,apple,949,0.989683
FKIT,Y+X2_M3_r1,apple,950,0.991112
FKIT,Y+X2_M3_r1,apple,951,0.991106
FKIT,Y+X2_M3_r1,apple,952,0.987717
FKIT,Y+X2_M3_r1,apple,953,0.986955
FKIT,Y+X2_M3_r1,apple,954,0.989124
FKIT,Y+X2_M3_r1,apple,955,0.987980
FKIT,Y+X2_M3_r1,apple,956,0.991770
FKIT,Y+X2_M3_r1,apple,957,0.987331
FKIT,Y+X2_M3_r1,apple,958,0.979800
FKIT,Y+X2_M3_r1,apple,959,0.988830
FKIT,Y+X2_M3_r1,apple,960,0.988352
FKIT,Y+X2_M3_r1,apple,961,0.989776
FKIT,Y+X2_M3_r1,apple,962,0.992172
FKIT,Y+X2_M3_r1,apple,963,0.992099
FKIT,Y+X2_M3_r1,apple,964,0.990676
FKIT,Y+X2_M3_r1,apple,965,0.990555
FKIT,Y+X2_M3_r1,apple,966,0.988567
FKIT,Y+X2_M3_r1,apple,967,0.988934
FKIT,Y+X2_M3_r1,apple,968,0.989126
FKIT,Y+X2_M3_r1,apple,969,0.986490
FKIT,Y+X2_M3_r1,apple,970,0.990184
FKIT,Y+X2_M3_r1,apple,971,0.992363
FKIT,Y+X2_M3_r1,apple,972,0.991801
FKIT,Y+X2_M3_r1,apple,973,0.991647
FKIT,Y+X2_M3_r1,apple,974,0.992182
FKIT,Y+X2_M3_r1,apple,975,0.991329
FKIT,Y+X2_M3_r1,apple,976,0.991560
FKIT,Y+X2_M3_r1,apple,977,0.991000
FKIT,Y+X2_M3_r1,apple,978,0.988884
FKIT,Y+X2_M3_r1,apple,979,0.991212
FKIT,Y+X2_M3_r1,apple,980,0.992527
FKIT,Y+X2_M3_r1,apple,981,0.991257
FKIT,Y+X2_M3_r1,apple,982,0.992004
FKIT,Y+X2_M3_r1,apple,983,0.990640
FKIT,Y+X2_M3_r1,apple,984,0.992541
FKIT,Y+X2_M3_r1,apple,985,0.991522
FKIT,Y+X2_M3_r1,apple,986,0.991417
FKIT,Y+X2_M3_r1,apple,987,0.992115
FKIT,Y+X2_M3_r1,apple,988,0.990743
FKIT,Y+X2_M3_r1,apple,989,0.993376
FKIT,Y+X2_M3_r1,apple,990,0.990752
FKIT,Y+X2_M3_r1,apple,991,0.990904
FKIT,Y+X2_M3_r1,apple,992,0.992111
FKIT,Y+X2_M3_r1,apple,993,0.992056
FKIT,Y+X2_M3_r1,apple,994,0.993066
FKIT,Y+X2_M3_r1,apple,995,0.990875
FKIT,Y+X2_M3_r1,apple,996,0.990666
FKIT,Y+X2_M3_r1,apple,997,0.992588
FKIT,Y+X2_M3_r1,apple,998,0.992293
FKIT,Y+X2_M3_r1,apple,999,0.993345
FKIT,Y+X2_M3_r1,apple,1000,0.991834
FKIT,Y+X2_M3_r1,apple,1001,0.993233
FKIT,Y+X2_M3_r1,apple,1002,0.990867
FKIT,Y+X2_M3_r1,apple,1003,0.990261
FKIT,Y+X2_M3_r1,apple,1004,0.992261
FKIT,Y+X2_M3_r1,apple_pie,0,0.948708
FKIT,Y+X2_M3_r1,apple_pie,1,0.948431
FKIT,Y+X2_M3_r1,apple_pie,2,0.953245
FKIT,Y+X2_M3_r1,apple_pie,3,0.942555
FKIT,Y+X2_M3_r1,apple_pie,4,0.942338
FKIT,Y+X2_M3_r1,apple_pie,5,0.947398
FKIT,Y+X2_M3_r1,apple_pie,6,0.933054
FKIT,Y+X2_M3_r1,apple_pie,7,0.923390
FKIT,Y+X2_M3_r1,apple_pie,8,0.952385
FKIT,Y+X2_M3_r1,apple_pie,9,0.951587
FKIT,Y+X2_M3_r1,apple_pie,10,0.932968
FKIT,Y+X2_M3_r1,apple_pie,11,0.941935
FKIT,Y+X2_M3_r1,apple_pie,12,0.930436
FKIT,Y+X2_M3_r1,apple_pie,13,0.950764
FKIT,Y+X2_M3_r1,apple_pie,14,0.950919
FKIT,Y+X2_M3_r1,apple_pie,15,0.947195
FKIT,Y+X2_M3_r1,apple_pie,16,0.942911
FKIT,Y+X2_M3_r1,apple_pie,17,0.951335
FKIT,Y+X2_M3_r1,apple_pie,18,0.950369
FKIT,Y+X2_M3_r1,apple_pie,19,0.949900
FKIT,Y+X2_M3_r1,apple_pie,20,0.950617
FKIT,Y+X2_M3_r1,apple_pie,21,0.952467
FKIT,Y+X2_M3_r1,apple_pie,22,0.952208
FKIT,Y+X2_M3_r1,apple_pie,23,0.951744
FKIT,Y+X2_M3_r1,apple_pie,24,0.955794
FKIT,Y+X2_M3_r1,apple_pie,25,0.945677
FKIT,Y+X2_M3_r1,apple_pie,26,0.949887
FKIT,Y+X2_M3_r1,apple_pie,27,0.947190
FKIT,Y+X2_M3_r1,apple_pie,28,0.949636
FKIT,Y+X2_M3_r1,apple_pie,29,0.947659
FKIT,Y+X2_M3_r1,apple_pie,30,0.947531
FKIT,Y+X2_M3_r1,apple_pie,31,0.950737
FKIT,Y+X2_M3_r1,apple_pie,32,0.949726
FKIT,Y+X2_M3_r1,apple_pie,33,0.954140
FKIT,Y+X2_M3_r1,apple_pie,34,0.957183
FKIT,Y+X2_M3_r1,apple_pie,35,0.954066
FKIT,Y+X2_M3_r1,apple_pie,36,0.957786
FKIT,Y+X2_M3_r1,apple_pie,37,0.954403
FKIT,Y+X2_M3_r1,apple_pie,38,0.953888
FKIT,Y+X2_M3_r1,apple_pie,39,0.952418
FKIT,Y+X2_M3_r1,apple_pie,40,0.950113
FKIT,Y+X2_M3_r1,apple_pie,41,0.953687
FKIT,Y+X2_M3_r1,apple_pie,42,0.951739
FKIT,Y+X2_M3_r1,apple_pie,43,0.952393
FKIT,Y+X2_M3_r1,apple_pie,44,0.950236
FKIT,Y+X2_M3_r1,apple_pie,45,0.951725
FKIT,Y+X2_M3_r1,apple_pie,46,0.951393
FKIT,Y+X2_M3_r1,apple_pie,47,0.951286
FKIT,Y+X2_M3_r1,apple_pie,48,0.950614
FKIT,Y+X2_M3_r1,apple_pie,49,0.952800
FKIT,Y+X2_M3_r1,apple_pie,50,0.952528
FKIT,Y+X2_M3_r1,apple_pie,51,0.952190
FKIT,Y+X2_M3_r1,apple_pie,52,0.953989
FKIT,Y+X2_M3_r1,apple_pie,53,0.953046
FKIT,Y+X2_M3_r1,apple_pie,54,0.952525
FKIT,Y+X2_M3_r1,apple_pie,55,0.953512
FKIT,Y+X2_M3_r1,apple_pie,56,0.955266
FKIT,Y+X2_M3_r1,apple_pie,57,0.954476
FKIT,Y+X2_M3_r1,apple_pie,58,0.954631
FKIT,Y+X2_M3_r1,apple_pie,59,0.952155
FKIT,Y+X2_M3_r1,apple_pie,60,0.950527
FKIT,Y+X2_M3_r1,apple_pie,61,0.953899
FKIT,Y+X2_M3_r1,apple_pie,62,0.955748
FKIT,Y+X2_M3_r1,apple_pie,63,0.953296
FKIT,Y+X2_M3_r1,apple_pie,64,0.954101
FKIT,Y+X2_M3_r1,apple_pie,65,0.954277
FKIT,Y+X2_M3_r1,apple_pie,66,0.953621
FKIT,Y+X2_M3_r1,apple_pie,67,0.953328
FKIT,Y+X2_M3_r1,apple_pie,68,0.952615
FKIT,Y+X2_M3_r1,apple_pie,69,0.951439
FKIT,Y+X2_M3_r1,apple_pie,70,0.950309
FKIT,Y+X2_M3_r1,apple_pie,71,0.952212
FKIT,Y+X2_M3_r1,apple_pie,72,0.954192
FKIT,Y+X2_M3_r1,apple_pie,73,0.954143
FKIT,Y+X2_M3_r1,apple_pie,74,0.953772
FKIT,Y+X2_M3_r1,apple_pie,75,0.955710
FKIT,Y+X2_M3_r1,apple_pie,76,0.952972
FKIT,Y+X2_M3_r1,apple_pie,77,0.950518
FKIT,Y+X2_M3_r1,apple_pie,78,0.948454
FKIT,Y+X2_M3_r1,apple_pie,79,0.952682
FKIT,Y+X2_M3_r1,apple_pie,80,0.954875
FKIT,Y+X2_M3_r1,apple_pie,81,0.954932
FKIT,Y+X2_M3_r1,apple_pie,82,0.947201
FKIT,Y+X2_M3_r1,apple_pie,83,0.948150
FKIT,Y+X2_M3_r1,apple_pie,84,0.949641
FKIT,Y+X2_M3_r1,apple_pie,85,0.959668
FKIT,Y+X2_M3_r1,apple_pie,86,0.959681
FKIT,Y+X2_M3_r1,apple_pie,87,0.956833
FKIT,Y+X2_M3_r1,apple_pie,88,0.948090
FKIT,Y+X2_M3_r1,apple_pie,89,0.953191
FKIT,Y+X2_M3_r1,apple_pie,90,0.950836
FKIT,Y+X2_M3_r1,apple_pie,91,0.950377
FKIT,Y+X2_M3_r1,apple_pie,92,0.953101
FKIT,Y+X2_M3_r1,apple_pie,93,0.952474
FKIT,Y+X2_M3_r1,apple_pie,94,0.953160
FKIT,Y+X2_M3_r1,apple_pie,95,0.954243
FKIT,Y+X2_M3_r1,apple_pie,96,0.950405
FKIT,Y+X2_M3_r1,apple_pie,97,0.948206
FKIT,Y+X2_M3_r1,apple_pie,98,0.954275
FKIT,Y+X2_M3_r1,apple_pie,99,0.952426
FKIT,Y+X2_M3_r1,apple_pie,100,0.952267
FKIT,Y+X2_M3_r1,apple_pie,101,0.951496
FKIT,Y+X2_M3_r1,apple_pie,102,0.951939
FKIT,Y+X2_M3_r1,apple_pie,103,0.952391
FKIT,Y+X2_M3_r1,apple_pie,104,0.952293
FKIT,Y+X2_M3_r1,apple_pie,105,0.950806
FKIT,Y+X2_M3_r1,apple_pie,106,0.949844
FKIT,Y+X2_M3_r1,apple_pie,107,0.948619
FKIT,Y+X2_M3_r1,apple_pie,108,0.946599
FKIT,Y+X2_M3_r1,apple_pie,109,0.948187
FKIT,Y+X2_M3_r1,apple_pie,110,0.948127
FKIT,Y+X2_M3_r1,apple_pie,111,0.949830
FKIT,Y+X2_M3_r1,apple_pie,112,0.951349
FKIT,Y+X2_M3_r1,apple_pie,113,0.952149
FKIT,Y+X2_M3_r1,apple_pie,114,0.954228
FKIT,Y+X2_M3_r1,apple_pie,115,0.953242
FKIT,Y+X2_M3_r1,apple_pie,116,0.954532
FKIT,Y+X2_M3_r1,apple_pie,117,0.926539
FKIT,Y+X2_M3_r1,apple_pie,118,0.952580
FKIT,Y+X2_M3_r1,apple_pie,119,0.952093
FKIT,Y+X2_M3_r1,apple_pie,120,0.951270
FKIT,Y+X2_M3_r1,apple_pie,121,0.958863
FKIT,Y+X2_M3_r1,apple_pie,122,0.952452
FKIT,Y+X2_M3_r1,apple_pie,123,0.952889
FKIT,Y+X2_M3_r1,apple_pie,124,0.950866
FKIT,Y+X2_M3_r1,apple_pie,125,0.953911
FKIT,Y+X2_M3_r1,apple_pie,126,0.956657
FKIT,Y+X2_M3_r1,apple_pie,127,0.953681
FKIT,Y+X2_M3_r1,apple_pie,128,0.956869
FKIT,Y+X2_M3_r1,apple_pie,129,0.959073
FKIT,Y+X2_M3_r1,apple_pie,130,0.953249
FKIT,Y+X2_M3_r1,apple_pie,131,0.954233
FKIT,Y+X2_M3_r1,apple_pie,132,0.957553
FKIT,Y+X2_M3_r1,apple_pie,133,0.953417
FKIT,Y+X2_M3_r1,apple_pie,134,0.955712
FKIT,Y+X2_M3_r1,apple_pie,135,0.955038
FKIT,Y+X2_M3_r1,apple_pie,136,0.955742
FKIT,Y+X2_M3_r1,apple_pie,137,0.956256
FKIT,Y+X2_M3_r1,apple_pie,138,0.958797
FKIT,Y+X2_M3_r1,apple_pie,139,0.953477
FKIT,Y+X2_M3_r1,apple_pie,140,0.956309
FKIT,Y+X2_M3_r1,apple_pie,141,0.953400
FKIT,Y+X2_M3_r1,apple_pie,142,0.957487
FKIT,Y+X2_M3_r1,apple_pie,143,0.956969
FKIT,Y+X2_M3_r1,apple_pie,144,0.957868
FKIT,Y+X2_M3_r1,apple_pie,145,0.956477
FKIT,Y+X2_M3_r1,apple_pie,146,0.955844
FKIT,Y+X2_M3_r1,apple_pie,147,0.959182
FKIT,Y+X2_M3_r1,apple_pie,148,0.959084
FKIT,Y+X2_M3_r1,apple_pie,149,0.959178
FKIT,Y+X2_M3_r1,apple_pie,150,0.958658
FKIT,Y+X2_M3_r1,apple_pie,151,0.957883
FKIT,Y+X2_M3_r1,apple_pie,152,0.958522
FKIT,Y+X2_M3_r1,apple_pie,153,0.957555
FKIT,Y+X2_M3_r1,apple_pie,154,0.958626
FKIT,Y+X2_M3_r1,apple_pie,155,0.958133
FKIT,Y+X2_M3_r1,apple_pie,156,0.960108
FKIT,Y+X2_M3_r1,apple_pie,157,0.958520
FKIT,Y+X2_M3_r1,apple_pie,158,0.957306
FKIT,Y+X2_M3_r1,apple_pie,159,0.960886
FKIT,Y+X2_M3_r1,apple_pie,160,0.957655
FKIT,Y+X2_M3_r1,apple_pie,161,0.955943
FKIT,Y+X2_M3_r1,apple_pie,162,0.956732
FKIT,Y+X2_M3_r1,apple_pie,163,0.955575
FKIT,Y+X2_M3_r1,apple_pie,164,0.958949
FKIT,Y+X2_M3_r1,apple_pie,165,0.956638
FKIT,Y+X2_M3_r1,apple_pie,166,0.955740
FKIT,Y+X2_M3_r1,apple_pie,167,0.957320
FKIT,Y+X2_M3_r1,apple_pie,168,0.957603
FKIT,Y+X2_M3_r1,apple_pie,169,0.958174
FKIT,Y+X2_M3_r1,apple_pie,170,0.958094
FKIT,Y+X2_M3_r1,apple_pie,171,0.957924
FKIT,Y+X2_M3_r1,apple_pie,172,0.956189
FKIT,Y+X2_M3_r1,apple_pie,173,0.956276
FKIT,Y+X2_M3_r1,apple_pie,174,0.955277
FKIT,Y+X2_M3_r1,apple_pie,175,0.956909
FKIT,Y+X2_M3_r1,apple_pie,176,0.956401
FKIT,Y+X2_M3_r1,apple_pie,177,0.957028
FKIT,Y+X2_M3_r1,apple_pie,178,0.953160
FKIT,Y+X2_M3_r1,apple_pie,179,0.958342
FKIT,Y+X2_M3_r1,apple_pie,180,0.959567
FKIT,Y+X2_M3_r1,apple_pie,181,0.957381
FKIT,Y+X2_M3_r1,apple_pie,182,0.956218
FKIT,Y+X2_M3_r1,apple_pie,183,0.956456
FKIT,Y+X2_M3_r1,apple_pie,184,0.959763
FKIT,Y+X2_M3_r1,apple_pie,185,0.956726
FKIT,Y+X2_M3_r1,apple_pie,186,0.957072
FKIT,Y+X2_M3_r1,apple_pie,187,0.959138
FKIT,Y+X2_M3_r1,apple_pie,188,0.960118
FKIT,Y+X2_M3_r1,apple_pie,189,0.961318
FKIT,Y+X2_M3_r1,apple_pie,190,0.962971
FKIT,Y+X2_M3_r1,apple_pie,191,0.962826
FKIT,Y+X2_M3_r1,apple_pie,192,0.960853
FKIT,Y+X2_M3_r1,apple_pie,193,0.961095
FKIT,Y+X2_M3_r1,apple_pie,194,0.964844
FKIT,Y+X2_M3_r1,apple_pie,195,0.959457
FKIT,Y+X2_M3_r1,apple_pie,196,0.963950
FKIT,Y+X2_M3_r1,apple_pie,197,0.963866
FKIT,Y+X2_M3_r1,apple_pie,198,0.963046
FKIT,Y+X2_M3_r1,apple_pie,199,0.965874
FKIT,Y+X2_M3_r1,apple_pie,200,0.964411
FKIT,Y+X2_M3_r1,apple_pie,201,0.965012
FKIT,Y+X2_M3_r1,apple_pie,202,0.965907
FKIT,Y+X2_M3_r1,apple_pie,203,0.968319
FKIT,Y+X2_M3_r1,apple_pie,204,0.964672
FKIT,Y+X2_M3_r1,apple_pie,205,0.965410
FKIT,Y+X2_M3_r1,apple_pie,206,0.962716
FKIT,Y+X2_M3_r1,apple_pie,207,0.967197
FKIT,Y+X2_M3_r1,apple_pie,208,0.968784
FKIT,Y+X2_M3_r1,apple_pie,209,0.967777
FKIT,Y+X2_M3_r1,apple_pie,210,0.969460
FKIT,Y+X2_M3_r1,apple_pie,211,0.969604
FKIT,Y+X2_M3_r1,apple_pie,212,0.971129
FKIT,Y+X2_M3_r1,apple_pie,213,0.969133
FKIT,Y+X2_M3_r1,apple_pie,214,0.967362
FKIT,Y+X2_M3_r1,apple_pie,215,0.966568
FKIT,Y+X2_M3_r1,apple_pie,216,0.964188
FKIT,Y+X2_M3_r1,apple_pie,217,0.967032
FKIT,Y+X2_M3_r1,apple_pie,218,0.965490
FKIT,Y+X2_M3_r1,apple_pie,219,0.965129
FKIT,Y+X2_M3_r1,apple_pie,220,0.962454
FKIT,Y+X2_M3_r1,apple_pie,221,0.967419
FKIT,Y+X2_M3_r1,apple_pie,222,0.967097
FKIT,Y+X2_M3_r1,apple_pie,223,0.966923
FKIT,Y+X2_M3_r1,apple_pie,224,0.968361
FKIT,Y+X2_M3_r1,apple_pie,225,0.967011
FKIT,Y+X2_M3_r1,apple_pie,226,0.968777
FKIT,Y+X2_M3_r1,apple_pie,227,0.970747
FKIT,Y+X2_M3_r1,apple_pie,228,0.969752
FKIT,Y+X2_M3_r1,apple_pie,229,0.970926
FKIT,Y+X2_M3_r1,apple_pie,230,0.970781
FKIT,Y+X2_M3_r1,apple_pie,231,0.967745
FKIT,Y+X2_M3_r1,apple_pie,232,0.970720
FKIT,Y+X2_M3_r1,apple_pie,233,0.969658
FKIT,Y+X2_M3_r1,apple_pie,234,0.972462
FKIT,Y+X2_M3_r1,apple_pie,235,0.968828
FKIT,Y+X2_M3_r1,apple_pie,236,0.967716
FKIT,Y+X2_M3_r1,apple_pie,237,0.969304
FKIT,Y+X2_M3_r1,apple_pie,238,0.972462
FKIT,Y+X2_M3_r1,apple_pie,239,0.972020
FKIT,Y+X2_M3_r1,apple_pie,240,0.974121
FKIT,Y+X2_M3_r1,apple_pie,241,0.973646
FKIT,Y+X2_M3_r1,apple_pie,242,0.971940
FKIT,Y+X2_M3_r1,apple_pie,243,0.973829
FKIT,Y+X2_M3_r1,apple_pie,244,0.973399
FKIT,Y+X2_M3_r1,apple_pie,245,0.970707
FKIT,Y+X2_M3_r1,apple_pie,246,0.972110
FKIT,Y+X2_M3_r1,apple_pie,247,0.971354
FKIT,Y+X2_M3_r1,apple_pie,248,0.973770
FKIT,Y+X2_M3_r1,apple_pie,249,0.975497
FKIT,Y+X2_M3_r1,apple_pie,250,0.975313
FKIT,Y+X2_M3_r1,apple_pie,251,0.973497
FKIT,Y+X2_M3_r1,apple_pie,252,0.973724
FKIT,Y+X2_M3_r1,apple_pie,253,0.974722
FKIT,Y+X2_M3_r1,apple_pie,254,0.971664
FKIT,Y+X2_M3_r1,apple_pie,255,0.972646
FKIT,Y+X2_M3_r1,apple_pie,256,0.973862
FKIT,Y+X2_M3_r1,apple_pie,257,0.973314
FKIT,Y+X2_M3_r1,apple_pie,258,0.974283
FKIT,Y+X2_M3_r1,apple_pie,259,0.974279
FKIT,Y+X2_M3_r1,apple_pie,260,0.974600
FKIT,Y+X2_M3_r1,apple_pie,261,0.976778
FKIT,Y+X2_M3_r1,apple_pie,262,0.974146
FKIT,Y+X2_M3_r1,apple_pie,263,0.974704
FKIT,Y+X2_M3_r1,apple_pie,264,0.976031
FKIT,Y+X2_M3_r1,apple_pie,265,0.975879
FKIT,Y+X2_M3_r1,apple_pie,266,0.975263
FKIT,Y+X2_M3_r1,apple_pie,267,0.973904
FKIT,Y+X2_M3_r1,apple_pie,268,0.973587
FKIT,Y+X2_M3_r1,apple_pie,269,0.973822
FKIT,Y+X2_M3_r1,apple_pie,270,0.973517
FKIT,Y+X2_M3_r1,apple_pie,271,0.974722
FKIT,Y+X2_M3_r1,apple_pie,272,0.971889
FKIT,Y+X2_M3_r1,apple_pie,273,0.975009
FKIT,Y+X2_M3_r1,apple_pie,274,0.977056
FKIT,Y+X2_M3_r1,apple_pie,275,0.974213
FKIT,Y+X2_M3_r1,apple_pie,276,0.974961
FKIT,Y+X2_M3_r1,apple_pie,277,0.974135
FKIT,Y+X2_M3_r1,apple_pie,278,0.971995
FKIT,Y+X2_M3_r1,apple_pie,279,0.972202
FKIT,Y+X2_M3_r1,apple_pie,280,0.976507
FKIT,Y+X2_M3_r1,apple_pie,281,0.975997
FKIT,Y+X2_M3_r1,apple_pie,282,0.975005
FKIT,Y+X2_M3_r1,apple_pie,283,0.975138
FKIT,Y+X2_M3_r1,apple_pie,284,0.975688
FKIT,Y+X2_M3_r1,apple_pie,285,0.973942
FKIT,Y+X2_M3_r1,apple_pie,286,0.969703
FKIT,Y+X2_M3_r1,apple_pie,287,0.970784
FKIT,Y+X2_M3_r1,apple_pie,288,0.972812
FKIT,Y+X2_M3_r1,apple_pie,289,0.970773
FKIT,Y+X2_M3_r1,apple_pie,290,0.971707
FKIT,Y+X2_M3_r1,apple_pie,291,0.973417
FKIT,Y+X2_M3_r1,apple_pie,292,0.974591
FKIT,Y+X2_M3_r1,apple_pie,293,0.973328
FKIT,Y+X2_M3_r1,apple_pie,294,0.973933
FKIT,Y+X2_M3_r1,apple_pie,295,0.971052
FKIT,Y+X2_M3_r1,apple_pie,296,0.966324
FKIT,Y+X2_M3_r1,apple_pie,297,0.968484
FKIT,Y+X2_M3_r1,apple_pie,298,0.968771
FKIT,Y+X2_M3_r1,apple_pie,299,0.946817
FKIT,Y+X2_M3_r1,apple_pie,300,0.965711
FKIT,Y+X2_M3_r1,apple_pie,301,0.964585
FKIT,Y+X2_M3_r1,apple_pie,302,0.962169
FKIT,Y+X2_M3_r1,apple_pie,303,0.965772
FKIT,Y+X2_M3_r1,apple_pie,304,0.963977
FKIT,Y+X2_M3_r1,apple_pie,305,0.963627
FKIT,Y+X2_M3_r1,apple_pie,306,0.961351
FKIT,Y+X2_M3_r1,apple_pie,307,0.961989
FKIT,Y+X2_M3_r1,apple_pie,308,0.959511
FKIT,Y+X2_M3_r1,apple_pie,309,0.963754
FKIT,Y+X2_M3_r1,apple_pie,310,0.963057
FKIT,Y+X2_M3_r1,apple_pie,311,0.963061
FKIT,Y+X2_M3_r1,apple_pie,312,0.966287
FKIT,Y+X2_M3_r1,apple_pie,313,0.962890
FKIT,Y+X2_M3_r1,apple_pie,314,0.962322
FKIT,Y+X2_M3_r1,apple_pie,315,0.960346
FKIT,Y+X2_M3_r1,apple_pie,316,0.960528
FKIT,Y+X2_M3_r1,apple_pie,317,0.961509
FKIT,Y+X2_M3_r1,apple_pie,318,0.962409
FKIT,Y+X2_M3_r1,apple_pie,319,0.962834
FKIT,Y+X2_M3_r1,apple_pie,320,0.963701
FKIT,Y+X2_M3_r1,apple_pie,321,0.961383
FKIT,Y+X2_M3_r1,apple_pie,322,0.962460
FKIT,Y+X2_M3_r1,apple_pie,323,0.960444
FKIT,Y+X2_M3_r1,apple_pie,324,0.963571
FKIT,Y+X2_M3_r1,apple_pie,325,0.961896
FKIT,Y+X2_M3_r1,apple_pie,326,0.959922
FKIT,Y+X2_M3_r1,apple_pie,327,0.958565
FKIT,Y+X2_M3_r1,apple_pie,328,0.961847
FKIT,Y+X2_M3_r1,apple_pie,329,0.957207
FKIT,Y+X2_M3_r1,apple_pie,330,0.963958
FKIT,Y+X2_M3_r1,apple_pie,331,0.960077
FKIT,Y+X2_M3_r1,apple_pie,332,0.962282
FKIT,Y+X2_M3_r1,apple_pie,333,0.962284
FKIT,Y+X2_M3_r1,apple_pie,334,0.963748
FKIT,Y+X2_M3_r1,apple_pie,335,0.965348
FKIT,Y+X2_M3_r1,apple_pie,336,0.965208
FKIT,Y+X2_M3_r1,apple_pie,337,0.964126
FKIT,Y+X2_M3_r1,apple_pie,338,0.963545
FKIT,Y+X2_M3_r1,apple_pie,339,0.962788
FKIT,Y+X2_M3_r1,apple_pie,340,0.959296
FKIT,Y+X2_M3_r1,apple_pie,341,0.960290
FKIT,Y+X2_M3_r1,apple_pie,342,0.961600
FKIT,Y+X2_M3_r1,apple_pie,343,0.962595
FKIT,Y+X2_M3_r1,apple_pie,344,0.960326
FKIT,Y+X2_M3_r1,apple_pie,345,0.960814
FKIT,Y+X2_M3_r1,apple_pie,346,0.961208
FKIT,Y+X2_M3_r1,apple_pie,347,0.962440
FKIT,Y+X2_M3_r1,apple_pie,348,0.962054
FKIT,Y+X2_M3_r1,apple_pie,349,0.960868
FKIT,Y+X2_M3_r1,apple_pie,350,0.963379
FKIT,Y+X2_M3_r1,apple_pie,351,0.964397
FKIT,Y+X2_M3_r1,apple_pie,352,0.960854
FKIT,Y+X2_M3_r1,apple_pie,353,0.962403
FKIT,Y+X2_M3_r1,apple_pie,354,0.964625
FKIT,Y+X2_M3_r1,apple_pie,355,0.961685
FKIT,Y+X2_M3_r1,apple_pie,356,0.964358
FKIT,Y+X2_M3_r1,apple_pie,357,0.958967
FKIT,Y+X2_M3_r1,apple_pie,358,0.961218
FKIT,Y+X2_M3_r1,apple_pie,359,0.962185
FKIT,Y+X2_M3_r1,apple_pie,360,0.960415
FKIT,Y+X2_M3_r1,apple_pie,361,0.960036
FKIT,Y+X2_M3_r1,apple_pie,362,0.958858
FKIT,Y+X2_M3_r1,apple_pie,363,0.959019
FKIT,Y+X2_M3_r1,apple_pie,364,0.963041
FKIT,Y+X2_M3_r1,apple_pie,365,0.961622
FKIT,Y+X2_M3_r1,apple_pie,366,0.957290
FKIT,Y+X2_M3_r1,apple_pie,367,0.958393
FKIT,Y+X2_M3_r1,apple_pie,368,0.960091
FKIT,Y+X2_M3_r1,apple_pie,369,0.960135
FKIT,Y+X2_M3_r1,apple_pie,370,0.958911
FKIT,Y+X2_M3_r1,apple_pie,371,0.960603
FKIT,Y+X2_M3_r1,apple_pie,372,0.962859
FKIT,Y+X2_M3_r1,apple_pie,373,0.963183
FKIT,Y+X2_M3_r1,apple_pie,374,0.963529
FKIT,Y+X2_M3_r1,apple_pie,375,0.959063
FKIT,Y+X2_M3_r1,apple_pie,376,0.959192
FKIT,Y+X2_M3_r1,apple_pie,377,0.961139
FKIT,Y+X2_M3_r1,apple_pie,378,0.961806
FKIT,Y+X2_M3_r1,apple_pie,379,0.962784
FKIT,Y+X2_M3_r1,apple_pie,380,0.960579
FKIT,Y+X2_M3_r1,apple_pie,381,0.961348
FKIT,Y+X2_M3_r1,apple_pie,382,0.963654
FKIT,Y+X2_M3_r1,apple_pie,383,0.960914
FKIT,Y+X2_M3_r1,apple_pie,384,0.961649
FKIT,Y+X2_M3_r1,apple_pie,385,0.960258
FKIT,Y+X2_M3_r1,apple_pie,386,0.960256
FKIT,Y+X2_M3_r1,apple_pie,387,0.961103
FKIT,Y+X2_M3_r1,apple_pie,388,0.957005
FKIT,Y+X2_M3_r1,apple_pie,389,0.959501
FKIT,Y+X2_M3_r1,apple_pie,390,0.962716
FKIT,Y+X2_M3_r1,apple_pie,391,0.961423
FKIT,Y+X2_M3_r1,apple_pie,392,0.959824
FKIT,Y+X2_M3_r1,apple_pie,393,0.961107
FKIT,Y+X2_M3_r1,apple_pie,394,0.962101
FKIT,Y+X2_M3_r1,apple_pie,395,0.959700
FKIT,Y+X2_M3_r1,apple_pie,396,0.959547
FKIT,Y+X2_M3_r1,apple_pie,397,0.960671
FKIT,Y+X2_M3_r1,apple_pie,398,0.962890
FKIT,Y+X2_M3_r1,apple_pie,399,0.960661
FKIT,Y+X2_M3_r1,apple_pie,400,0.960674
FKIT,Y+X2_M3_r1,apple_pie,401,0.959651
FKIT,Y+X2_M3_r1,apple_pie,402,0.961701
FKIT,Y+X2_M3_r1,apple_pie,403,0.960003
FKIT,Y+X2_M3_r1,apple_pie,404,0.958478
FKIT,Y+X2_M3_r1,apple_pie,405,0.963100
FKIT,Y+X2_M3_r1,apple_pie,406,0.965107
FKIT,Y+X2_M3_r1,apple_pie,407,0.956992
FKIT,Y+X2_M3_r1,apple_pie,408,0.958707
FKIT,Y+X2_M3_r1,apple_pie,409,0.959792
FKIT,Y+X2_M3_r1,apple_pie,410,0.956920
FKIT,Y+X2_M3_r1,apple_pie,411,0.956592
FKIT,Y+X2_M3_r1,apple_pie,412,0.956435
FKIT,Y+X2_M3_r1,apple_pie,413,0.959982
FKIT,Y+X2_M3_r1,apple_pie,414,0.958546
FKIT,Y+X2_M3_r1,apple_pie,415,0.958104
FKIT,Y+X2_M3_r1,apple_pie,416,0.957814
FKIT,Y+X2_M3_r1,apple_pie,417,0.960984
FKIT,Y+X2_M3_r1,apple_pie,418,0.961253
FKIT,Y+X2_M3_r1,apple_pie,419,0.961290
FKIT,Y+X2_M3_r1,apple_pie,420,0.961812
FKIT,Y+X2_M3_r1,apple_pie,421,0.958664
FKIT,Y+X2_M3_r1,apple_pie,422,0.956865
FKIT,Y+X2_M3_r1,apple_pie,423,0.960095
FKIT,Y+X2_M3_r1,apple_pie,424,0.962423
FKIT,Y+X2_M3_r1,apple_pie,425,0.963279
FKIT,Y+X2_M3_r1,apple_pie,426,0.962687
FKIT,Y+X2_M3_r1,apple_pie,427,0.961060
FKIT,Y+X2_M3_r1,apple_pie,428,0.962911
FKIT,Y+X2_M3_r1,apple_pie,429,0.962781
FKIT,Y+X2_M3_r1,apple_pie,430,0.962788
FKIT,Y+X2_M3_r1,apple_pie,431,0.963068
FKIT,Y+X2_M3_r1,apple_pie,432,0.960752
FKIT,Y+X2_M3_r1,apple_pie,433,0.960680
FKIT,Y+X2_M3_r1,apple_pie,434,0.962014
FKIT,Y+X2_M3_r1,apple_pie,435,0.962544
FKIT,Y+X2_M3_r1,apple_pie,436,0.963397
FKIT,Y+X2_M3_r1,apple_pie,437,0.966225
FKIT,Y+X2_M3_r1,apple_pie,438,0.961477
FKIT,Y+X2_M3_r1,apple_pie,439,0.964587
FKIT,Y+X2_M3_r1,apple_pie,440,0.962304
FKIT,Y+X2_M3_r1,apple_pie,441,0.955266
FKIT,Y+X2_M3_r1,apple_pie,442,0.957471
FKIT,Y+X2_M3_r1,apple_pie,443,0.958611
FKIT,Y+X2_M3_r1,apple_pie,444,0.960983
FKIT,Y+X2_M3_r1,apple_pie,445,0.960485
FKIT,Y+X2_M3_r1,apple_pie,446,0.960478
FKIT,Y+X2_M3_r1,apple_pie,447,0.955678
FKIT,Y+X2_M3_r1,apple_pie,448,0.960305
FKIT,Y+X2_M3_r1,apple_pie,449,0.954636
FKIT,Y+X2_M3_r1,apple_pie,450,0.963228
FKIT,Y+X2_M3_r1,apple_pie,451,0.960498
FKIT,Y+X2_M3_r1,apple_pie,452,0.965140
FKIT,Y+X2_M3_r1,apple_pie,453,0.964954
FKIT,Y+X2_M3_r1,apple_pie,454,0.964907
FKIT,Y+X2_M3_r1,apple_pie,455,0.962454
FKIT,Y+X2_M3_r1,apple_pie,456,0.962663
FKIT,Y+X2_M3_r1,apple_pie,457,0.962691
FKIT,Y+X2_M3_r1,apple_pie,458,0.964187
FKIT,Y+X2_M3_r1,apple_pie,459,0.959967
FKIT,Y+X2_M3_r1,apple_pie,460,0.957235
FKIT,Y+X2_M3_r1,apple_pie,461,0.959992
FKIT,Y+X2_M3_r1,apple_pie,462,0.961327
FKIT,Y+X2_M3_r1,apple_pie,463,0.962339
FKIT,Y+X2_M3_r1,apple_pie,464,0.964838
FKIT,Y+X2_M3_r1,apple_pie,465,0.964318
FKIT,Y+X2_M3_r1,apple_pie,466,0.967504
FKIT,Y+X2_M3_r1,apple_pie,467,0.963908
FKIT,Y+X2_M3_r1,apple_pie,468,0.964127
FKIT,Y+X2_M3_r1,apple_pie,469,0.963347
FKIT,Y+X2_M3_r1,apple_pie,470,0.964313
FKIT,Y+X2_M3_r1,apple_pie,471,0.964402
FKIT,Y+X2_M3_r1,apple_pie,472,0.962439
FKIT,Y+X2_M3_r1,apple_pie,473,0.963262
FKIT,Y+X2_M3_r1,apple_pie,474,0.966176
FKIT,Y+X2_M3_r1,apple_pie,475,0.962312
FKIT,Y+X2_M3_r1,apple_pie,476,0.965591
FKIT,Y+X2_M3_r1,apple_pie,477,0.965474
FKIT,Y+X2_M3_r1,apple_pie,478,0.964842
FKIT,Y+X2_M3_r1,apple_pie,479,0.963814
FKIT,Y+X2_M3_r1,apple_pie,480,0.966854
FKIT,Y+X2_M3_r1,apple_pie,481,0.965890
FKIT,Y+X2_M3_r1,apple_pie,482,0.962644
FKIT,Y+X2_M3_r1,apple_pie,483,0.965145
FKIT,Y+X2_M3_r1,apple_pie,484,0.965676
FKIT,Y+X2_M3_r1,apple_pie,485,0.966852
FKIT,Y+X2_M3_r1,apple_pie,486,0.968454
FKIT,Y+X2_M3_r1,apple_pie,487,0.965384
FKIT,Y+X2_M3_r1,apple_pie,488,0.962742
FKIT,Y+X2_M3_r1,apple_pie,489,0.965093
FKIT,Y+X2_M3_r1,apple_pie,490,0.965663
FKIT,Y+X2_M3_r1,apple_pie,491,0.964702
FKIT,Y+X2_M3_r1,apple_pie,492,0.966348
FKIT,Y+X2_M3_r1,apple_pie,493,0.968251
FKIT,Y+X2_M3_r1,apple_pie,494,0.963782
FKIT,Y+X2_M3_r1,apple_pie,495,0.965506
FKIT,Y+X2_M3_r1,apple_pie,496,0.966038
FKIT,Y+X2_M3_r1,apple_pie,497,0.965439
FKIT,Y+X2_M3_r1,apple_pie,498,0.964351
FKIT,Y+X2_M3_r1,apple_pie,499,0.962045
FKIT,Y+X2_M3_r1,apple_pie,500,0.962009
FKIT,Y+X2_M3_r1,apple_pie,501,0.968078
FKIT,Y+X2_M3_r1,apple_pie,502,0.969161
FKIT,Y+X2_M3_r1,apple_pie,503,0.969550
FKIT,Y+X2_M3_r1,apple_pie,504,0.972396
FKIT,Y+X2_M3_r1,apple_pie,505,0.966440
FKIT,Y+X2_M3_r1,apple_pie,506,0.970050
FKIT,Y+X2_M3_r1,apple_pie,507,0.966928
FKIT,Y+X2_M3_r1,apple_pie,508,0.969294
FKIT,Y+X2_M3_r1,apple_pie,509,0.970414
FKIT,Y+X2_M3_r1,apple_pie,510,0.972463
FKIT,Y+X2_M3_r1,apple_pie,511,0.969708
FKIT,Y+X2_M3_r1,apple_pie,512,0.972308
FKIT,Y+X2_M3_r1,apple_pie,513,0.969340
FKIT,Y+X2_M3_r1,apple_pie,514,0.971625
FKIT,Y+X2_M3_r1,apple_pie,515,0.974184
FKIT,Y+X2_M3_r1,apple_pie,516,0.972239
FKIT,Y+X2_M3_r1,apple_pie,517,0.974348
FKIT,Y+X2_M3_r1,apple_pie,518,0.972064
FKIT,Y+X2_M3_r1,apple_pie,519,0.974246
FKIT,Y+X2_M3_r1,apple_pie,520,0.974860
FKIT,Y+X2_M3_r1,apple_pie,521,0.973926
FKIT,Y+X2_M3_r1,apple_pie,522,0.974075
FKIT,Y+X2_M3_r1,apple_pie,523,0.975377
FKIT,Y+X2_M3_r1,apple_pie,524,0.975182
FKIT,Y+X2_M3_r1,apple_pie,525,0.975075
FKIT,Y+X2_M3_r1,apple_pie,526,0.974424
FKIT,Y+X2_M3_r1,apple_pie,527,0.974885
FKIT,Y+X2_M3_r1,apple_pie,528,0.972961
FKIT,Y+X2_M3_r1,apple_pie,529,0.974775
FKIT,Y+X2_M3_r1,apple_pie,530,0.973694
FKIT,Y+X2_M3_r1,apple_pie,531,0.971580
FKIT,Y+X2_M3_r1,apple_pie,532,0.973689
FKIT,Y+X2_M3_r1,apple_pie,533,0.975759
FKIT,Y+X2_M3_r1,apple_pie,534,0.975347
FKIT,Y+X2_M3_r1,apple_pie,535,0.979164
FKIT,Y+X2_M3_r1,apple_pie,536,0.976335
FKIT,Y+X2_M3_r1,apple_pie,537,0.972341
FKIT,Y+X2_M3_r1,apple_pie,538,0.975676
FKIT,Y+X2_M3_r1,apple_pie,539,0.976195
FKIT,Y+X2_M3_r1,apple_pie,540,0.976481
FKIT,Y+X2_M3_r1,apple_pie,541,0.976345
FKIT,Y+X2_M3_r1,apple_pie,542,0.975480
FKIT,Y+X2_M3_r1,apple_pie,543,0.975148
FKIT,Y+X2_M3_r1,apple_pie,544,0.976293
FKIT,Y+X2_M3_r1,apple_pie,545,0.976378
FKIT,Y+X2_M3_r1,apple_pie,546,0.971810
FKIT,Y+X2_M3_r1,apple_pie,547,0.973621
FKIT,Y+X2_M3_r1,apple_pie,548,0.971496
FKIT,Y+X2_M3_r1,apple_pie,549,0.971935
FKIT,Y+X2_M3_r1,apple_pie,550,0.974407
FKIT,Y+X2_M3_r1,apple_pie,551,0.974092
FKIT,Y+X2_M3_r1,apple_pie,552,0.976892
FKIT,Y+X2_M3_r1,apple_pie,553,0.976592
FKIT,Y+X2_M3_r1,apple_pie,554,0.977103
FKIT,Y+X2_M3_r1,apple_pie,555,0.977028
FKIT,Y+X2_M3_r1,apple_pie,556,0.975219
FKIT,Y+X2_M3_r1,apple_pie,557,0.978015
FKIT,Y+X2_M3_r1,apple_pie,558,0.975076
FKIT,Y+X2_M3_r1,apple_pie,559,0.977804
FKIT,Y+X2_M3_r1,apple_pie,560,0.977155
FKIT,Y+X2_M3_r1,apple_pie,561,0.978973
FKIT,Y+X2_M3_r1,apple_pie,562,0.978805
FKIT,Y+X2_M3_r1,apple_pie,563,0.978836
FKIT,Y+X2_M3_r1,apple_pie,564,0.978011
FKIT,Y+X2_M3_r1,apple_pie,565,0.978830
FKIT,Y+X2_M3_r1,apple_pie,566,0.977432
FKIT,Y+X2_M3_r1,apple_pie,567,0.979301
FKIT,Y+X2_M3_r1,apple_pie,568,0.978627
FKIT,Y+X2_M3_r1,apple_pie,569,0.977453
FKIT,Y+X2_M3_r1,apple_pie,570,0.979172
FKIT,Y+X2_M3_r1,apple_pie,571,0.979367
FKIT,Y+X2_M3_r1,apple_pie,572,0.979049
FKIT,Y+X2_M3_r1,apple_pie,573,0.978680
FKIT,Y+X2_M3_r1,apple_pie,574,0.980808
FKIT,Y+X2_M3_r1,apple_pie,575,0.980159
FKIT,Y+X2_M3_r1,apple_pie,576,0.977299
FKIT,Y+X2_M3_r1,apple_pie,577,0.979051
FKIT,Y+X2_M3_r1,apple_pie,578,0.978608
FKIT,Y+X2_M3_r1,apple_pie,579,0.980237
FKIT,Y+X2_M3_r1,apple_pie,580,0.979163
FKIT,Y+X2_M3_r1,apple_pie,581,0.978944
FKIT,Y+X2_M3_r1,apple_pie,582,0.977500
FKIT,Y+X2_M3_r1,apple_pie,583,0.978175
FKIT,Y+X2_M3_r1,apple_pie,584,0.979210
FKIT,Y+X2_M3_r1,apple_pie,585,0.976613
FKIT,Y+X2_M3_r1,apple_pie,586,0.974647
FKIT,Y+X2_M3_r1,apple_pie,587,0.974772
FKIT,Y+X2_M3_r1,apple_pie,588,0.974552
FKIT,Y+X2_M3_r1,apple_pie,589,0.977407
FKIT,Y+X2_M3_r1,apple_pie,590,0.976967
FKIT,Y+X2_M3_r1,apple_pie,591,0.976215
FKIT,Y+X2_M3_r1,apple_pie,592,0.977640
FKIT,Y+X2_M3_r1,apple_pie,593,0.978988
FKIT,Y+X2_M3_r1,apple_pie,594,0.978797
FKIT,Y+X2_M3_r1,apple_pie,595,0.979414
FKIT,Y+X2_M3_r1,apple_pie,596,0.979613
FKIT,Y+X2_M3_r1,apple_pie,597,0.977158
FKIT,Y+X2_M3_r1,apple_pie,598,0.977754
FKIT,Y+X2_M3_r1,apple_pie,599,0.974854
FKIT,Y+X2_M3_r1,apple_pie,600,0.975445
FKIT,Y+X2_M3_r1,apple_pie,601,0.976015
FKIT,Y+X2_M3_r1,apple_pie,602,0.975171
FKIT,Y+X2_M3_r1,apple_pie,603,0.976047
FKIT,Y+X2_M3_r1,apple_pie,604,0.975051
FKIT,Y+X2_M3_r1,apple_pie,605,0.973641
FKIT,Y+X2_M3_r1,apple_pie,606,0.972993
FKIT,Y+X2_M3_r1,apple_pie,607,0.972861
FKIT,Y+X2_M3_r1,apple_pie,608,0.974863
FKIT,Y+X2_M3_r1,apple_pie,609,0.972944
FKIT,Y+X2_M3_r1,apple_pie,610,0.973250
FKIT,Y+X2_M3_r1,apple_pie,611,0.974400
FKIT,Y+X2_M3_r1,apple_pie,612,0.973076
FKIT,Y+X2_M3_r1,apple_pie,613,0.977271
FKIT,Y+X2_M3_r1,apple_pie,614,0.975179
FKIT,Y+X2_M3_r1,apple_pie,615,0.973244
FKIT,Y+X2_M3_r1,apple_pie,616,0.973349
FKIT,Y+X2_M3_r1,apple_pie,617,0.976096
FKIT,Y+X2_M3_r1,apple_pie,618,0.975007
FKIT,Y+X2_M3_r1,apple_pie,619,0.974604
FKIT,Y+X2_M3_r1,apple_pie,620,0.974634
FKIT,Y+X2_M3_r1,apple_pie,621,0.975961
FKIT,Y+X2_M3_r1,apple_pie,622,0.975994
FKIT,Y+X2_M3_r1,apple_pie,623,0.974223
FKIT,Y+X2_M3_r1,apple_pie,624,0.972440
FKIT,Y+X2_M3_r1,apple_pie,625,0.978029
FKIT,Y+X2_M3_r1,apple_pie,626,0.974135
FKIT,Y+X2_M3_r1,apple_pie,627,0.974154
FKIT,Y+X2_M3_r1,apple_pie,628,0.973703
FKIT,Y+X2_M3_r1,apple_pie,629,0.975255
FKIT,Y+X2_M3_r1,apple_pie,630,0.975207
FKIT,Y+X2_M3_r1,apple_pie,631,0.976190
FKIT,Y+X2_M3_r1,apple_pie,632,0.976804
FKIT,Y+X2_M3_r1,apple_pie,633,0.977006
FKIT,Y+X2_M3_r1,apple_pie,634,0.977601
FKIT,Y+X2_M3_r1,apple_pie,635,0.974837
FKIT,Y+X2_M3_r1,apple_pie,636,0.974604
FKIT,Y+X2_M3_r1,apple_pie,637,0.976133
FKIT,Y+X2_M3_r1,apple_pie,638,0.972860
FKIT,Y+X2_M3_r1,apple_pie,639,0.970394
FKIT,Y+X2_M3_r1,apple_pie,640,0.976384
FKIT,Y+X2_M3_r1,apple_pie,641,0.975751
FKIT,Y+X2_M3_r1,apple_pie,642,0.975478
FKIT,Y+X2_M3_r1,apple_pie,643,0.978136
FKIT,Y+X2_M3_r1,apple_pie,644,0.976498
FKIT,Y+X2_M3_r1,apple_pie,645,0.974132
FKIT,Y+X2_M3_r1,apple_pie,646,0.973400
FKIT,Y+X2_M3_r1,apple_pie,647,0.974725
FKIT,Y+X2_M3_r1,apple_pie,648,0.974031
FKIT,Y+X2_M3_r1,apple_pie,649,0.971437
FKIT,Y+X2_M3_r1,apple_pie,650,0.972264
FKIT,Y+X2_M3_r1,apple_pie,651,0.973972
FKIT,Y+X2_M3_r1,apple_pie,652,0.973058
FKIT,Y+X2_M3_r1,apple_pie,653,0.974031
FKIT,Y+X2_M3_r1,apple_pie,654,0.974868
FKIT,Y+X2_M3_r1,apple_pie,655,0.971551
FKIT,Y+X2_M3_r1,apple_pie,656,0.971682
FKIT,Y+X2_M3_r1,apple_pie,657,0.971534
FKIT,Y+X2_M3_r1,apple_pie,658,0.971384
FKIT,Y+X2_M3_r1,apple_pie,659,0.971332
FKIT,Y+X2_M3_r1,apple_pie,660,0.971994
FKIT,Y+X2_M3_r1,apple_pie,661,0.973955
FKIT,Y+X2_M3_r1,apple_pie,662,0.975478
FKIT,Y+X2_M3_r1,apple_pie,663,0.972834
FKIT,Y+X2_M3_r1,apple_pie,664,0.974489
FKIT,Y+X2_M3_r1,apple_pie,665,0.974366
FKIT,Y+X2_M3_r1,apple_pie,666,0.974928
FKIT,Y+X2_M3_r1,apple_pie,667,0.972892
FKIT,Y+X2_M3_r1,apple_pie,668,0.972023
FKIT,Y+X2_M3_r1,apple_pie,669,0.974361
FKIT,Y+X2_M3_r1,apple_pie,670,0.975848
FKIT,Y+X2_M3_r1,apple_pie,671,0.978201
FKIT,Y+X2_M3_r1,apple_pie,672,0.976966
FKIT,Y+X2_M3_r1,apple_pie,673,0.976568
FKIT,Y+X2_M3_r1,apple_pie,674,0.978016
FKIT,Y+X2_M3_r1,apple_pie,675,0.977974
FKIT,Y+X2_M3_r1,apple_pie,676,0.975986
FKIT,Y+X2_M3_r1,apple_pie,677,0.978114
FKIT,Y+X2_M3_r1,apple_pie,678,0.975854
FKIT,Y+X2_M3_r1,apple_pie,679,0.974619
FKIT,Y+X2_M3_r1,apple_pie,680,0.977135
FKIT,Y+X2_M3_r1,apple_pie,681,0.978034
FKIT,Y+X2_M3_r1,apple_pie,682,0.976225
FKIT,Y+X2_M3_r1,apple_pie,683,0.976603
FKIT,Y+X2_M3_r1,apple_pie,684,0.979675
FKIT,Y+X2_M3_r1,apple_pie,685,0.978446
FKIT,Y+X2_M3_r1,apple_pie,686,0.977546
FKIT,Y+X2_M3_r1,apple_pie,687,0.973643
FKIT,Y+X2_M3_r1,apple_pie,688,0.978229
FKIT,Y+X2_M3_r1,apple_pie,689,0.974962
FKIT,Y+X2_M3_r1,apple_pie,690,0.979462
FKIT,Y+X2_M3_r1,apple_pie,691,0.979388
FKIT,Y+X2_M3_r1,apple_pie,692,0.980543
FKIT,Y+X2_M3_r1,apple_pie,693,0.979313
FKIT,Y+X2_M3_r1,apple_pie,694,0.975194
FKIT,Y+X2_M3_r1,apple_pie,695,0.979077
FKIT,Y+X2_M3_r1,apple_pie,696,0.977204
FKIT,Y+X2_M3_r1,apple_pie,697,0.981345
FKIT,Y+X2_M3_r1,apple_pie,698,0.980454
FKIT,Y+X2_M3_r1,apple_pie,699,0.980720
FKIT,Y+X2_M3_r1,apple_pie,700,0.980955
FKIT,Y+X2_M3_r1,apple_pie,701,0.981283
FKIT,Y+X2_M3_r1,apple_pie,702,0.982326
FKIT,Y+X2_M3_r1,apple_pie,703,0.982100
FKIT,Y+X2_M3_r1,apple_pie,704,0.980568
FKIT,Y+X2_M3_r1,apple_pie,705,0.980677
FKIT,Y+X2_M3_r1,apple_pie,706,0.981385
FKIT,Y+X2_M3_r1,apple_pie,707,0.980678
FKIT,Y+X2_M3_r1,apple_pie,708,0.980212
FKIT,Y+X2_M3_r1,apple_pie,709,0.978466
FKIT,Y+X2_M3_r1,apple_pie,710,0.980676
FKIT,Y+X2_M3_r1,apple_pie,711,0.981003
FKIT,Y+X2_M3_r1,apple_pie,712,0.978103
FKIT,Y+X2_M3_r1,apple_pie,713,0.975701
FKIT,Y+X2_M3_r1,apple_pie,714,0.980490
FKIT,Y+X2_M3_r1,apple_pie,715,0.979037
FKIT,Y+X2_M3_r1,apple_pie,716,0.977909
FKIT,Y+X2_M3_r1,apple_pie,717,0.978624
FKIT,Y+X2_M3_r1,apple_pie,718,0.978530
FKIT,Y+X2_M3_r1,apple_pie,719,0.978982
FKIT,Y+X2_M3_r1,apple_pie,720,0.981999
FKIT,Y+X2_M3_r1,apple_pie,721,0.979998
FKIT,Y+X2_M3_r1,apple_pie,722,0.981026
FKIT,Y+X2_M3_r1,apple_pie,723,0.980885
FKIT,Y+X2_M3_r1,apple_pie,724,0.980209
FKIT,Y+X2_M3_r1,apple_pie,725,0.976064
FKIT,Y+X2_M3_r1,apple_pie,726,0.974929
FKIT,Y+X2_M3_r1,apple_pie,727,0.977014
FKIT,Y+X2_M3_r1,apple_pie,728,0.979274
FKIT,Y+X2_M3_r1,apple_pie,729,0.977013
FKIT,Y+X2_M3_r1,apple_pie,730,0.975123
FKIT,Y+X2_M3_r1,apple_pie,731,0.977969
FKIT,Y+X2_M3_r1,apple_pie,732,0.976402
FKIT,Y+X2_M3_r1,apple_pie,733,0.977403
FKIT,Y+X2_M3_r1,apple_pie,734,0.977818
FKIT,Y+X2_M3_r1,apple_pie,735,0.977967
FKIT,Y+X2_M3_r1,apple_pie,736,0.977260
FKIT,Y+X2_M3_r1,apple_pie,737,0.976881
FKIT,Y+X2_M3_r1,apple_pie,738,0.976817
FKIT,Y+X2_M3_r1,apple_pie,739,0.975770
FKIT,Y+X2_M3_r1,apple_pie,740,0.978880
FKIT,Y+X2_M3_r1,apple_pie,741,0.976763
FKIT,Y+X2_M3_r1,apple_pie,742,0.977672
FKIT,Y+X2_M3_r1,apple_pie,743,0.977634
FKIT,Y+X2_M3_r1,apple_pie,744,0.980173
FKIT,Y+X2_M3_r1,apple_pie,745,0.977423
FKIT,Y+X2_M3_r1,apple_pie,746,0.980756
FKIT,Y+X2_M3_r1,apple_pie,747,0.979713
FKIT,Y+X2_M3_r1,apple_pie,748,0.980577
FKIT,Y+X2_M3_r1,apple_pie,749,0.979443
FKIT,Y+X2_M3_r1,apple_pie,750,0.980329
FKIT,Y+X2_M3_r1,apple_pie,751,0.979723
FKIT,Y+X2_M3_r1,apple_pie,752,0.979474
FKIT,Y+X2_M3_r1,apple_pie,753,0.980583
FKIT,Y+X2_M3_r1,apple_pie,754,0.978831
FKIT,Y+X2_M3_r1,apple_pie,755,0.980371
FKIT,Y+X2_M3_r1,apple_pie,756,0.980404
FKIT,Y+X2_M3_r1,apple_pie,757,0.978923
FKIT,Y+X2_M3_r1,apple_pie,758,0.979413
FKIT,Y+X2_M3_r1,apple_pie,759,0.979103
FKIT,Y+X2_M3_r1,apple_pie,760,0.979807
FKIT,Y+X2_M3_r1,apple_pie,761,0.980619
FKIT,Y+X2_M3_r1,apple_pie,762,0.978808
FKIT,Y+X2_M3_r1,apple_pie,763,0.977853
FKIT,Y+X2_M3_r1,apple_pie,764,0.980405
FKIT,Y+X2_M3_r1,apple_pie,765,0.979064
FKIT,Y+X2_M3_r1,apple_pie,766,0.980264
FKIT,Y+X2_M3_r1,apple_pie,767,0.978825
FKIT,Y+X2_M3_r1,apple_pie,768,0.978439
FKIT,Y+X2_M3_r1,apple_pie,769,0.978420
FKIT,Y+X2_M3_r1,apple_pie,770,0.978029
FKIT,Y+X2_M3_r1,apple_pie,771,0.978588
FKIT,Y+X2_M3_r1,apple_pie,772,0.979218
FKIT,Y+X2_M3_r1,apple_pie,773,0.980395
FKIT,Y+X2_M3_r1,apple_pie,774,0.980897
FKIT,Y+X2_M3_r1,apple_pie,775,0.981576
FKIT,Y+X2_M3_r1,apple_pie,776,0.981573
FKIT,Y+X2_M3_r1,apple_pie,777,0.980642
FKIT,Y+X2_M3_r1,apple_pie,778,0.979261
FKIT,Y+X2_M3_r1,apple_pie,779,0.978806
FKIT,Y+X2_M3_r1,apple_pie,780,0.979544
FKIT,Y+X2_M3_r1,apple_pie,781,0.978035
FKIT,Y+X2_M3_r1,apple_pie,782,0.977561
FKIT,Y+X2_M3_r1,apple_pie,783,0.979553
FKIT,Y+X2_M3_r1,apple_pie,784,0.978053
FKIT,Y+X2_M3_r1,apple_pie,785,0.977715
FKIT,Y+X2_M3_r1,apple_pie,786,0.976229
FKIT,Y+X2_M3_r1,apple_pie,787,0.975037
FKIT,Y+X2_M3_r1,apple_pie,788,0.974400
FKIT,Y+X2_M3_r1,apple_pie,789,0.970011
FKIT,Y+X2_M3_r1,apple_pie,790,0.976558
FKIT,Y+X2_M3_r1,apple_pie,791,0.975941
FKIT,Y+X2_M3_r1,apple_pie,792,0.972150
FKIT,Y+X2_M3_r1,apple_pie,793,0.975683
FKIT,Y+X2_M3_r1,apple_pie,794,0.975588
FKIT,Y+X2_M3_r1,apple_pie,795,0.973771
FKIT,Y+X2_M3_r1,apple_pie,796,0.972505
FKIT,Y+X2_M3_r1,apple_pie,797,0.975738
FKIT,Y+X2_M3_r1,apple_pie,798,0.977168
FKIT,Y+X2_M3_r1,apple_pie,799,0.979839
FKIT,Y+X2_M3_r1,apple_pie,800,0.978743
FKIT,Y+X2_M3_r1,apple_pie,801,0.980143
FKIT,Y+X2_M3_r1,apple_pie,802,0.977071
FKIT,Y+X2_M3_r1,apple_pie,803,0.978045
FKIT,Y+X2_M3_r1,apple_pie,804,0.979341
FKIT,Y+X2_M3_r1,apple_pie,805,0.980421
FKIT,Y+X2_M3_r1,apple_pie,806,0.980486
FKIT,Y+X2_M3_r1,apple_pie,807,0.978747
FKIT,Y+X2_M3_r1,apple_pie,808,0.978325
FKIT,Y+X2_M3_r1,apple_pie,809,0.977776
FKIT,Y+X2_M3_r1,apple_pie,810,0.978998
FKIT,Y+X2_M3_r1,apple_pie,811,0.978173
FKIT,Y+X2_M3_r1,apple_pie,812,0.977869
FKIT,Y+X2_M3_r1,apple_pie,813,0.978485
FKIT,Y+X2_M3_r1,apple_pie,814,0.975919
FKIT,Y+X2_M3_r1,apple_pie,815,0.979161
FKIT,Y+X2_M3_r1,apple_pie,816,0.976938
FKIT,Y+X2_M3_r1,apple_pie,817,0.976686
FKIT,Y+X2_M3_r1,apple_pie,818,0.978451
FKIT,Y+X2_M3_r1,apple_pie,819,0.978070
FKIT,Y+X2_M3_r1,apple_pie,820,0.977934
FKIT,Y+X2_M3_r1,apple_pie,821,0.979328
FKIT,Y+X2_M3_r1,apple_pie,822,0.976534
FKIT,Y+X2_M3_r1,apple_pie,823,0.976275
FKIT,Y+X2_M3_r1,apple_pie,824,0.981343
FKIT,Y+X2_M3_r1,apple_pie,825,0.978098
FKIT,Y+X2_M3_r1,apple_pie,826,0.977691
FKIT,Y+X2_M3_r1,apple_pie,827,0.974291
FKIT,Y+X2_M3_r1,apple_pie,828,0.974928
FKIT,Y+X2_M3_r1,apple_pie,829,0.972749
FKIT,Y+X2_M3_r1,apple_pie,830,0.974268
FKIT,Y+X2_M3_r1,apple_pie,831,0.976690
FKIT,Y+X2_M3_r1,apple_pie,832,0.975526
FKIT,Y+X2_M3_r1,apple_pie,833,0.976845
FKIT,Y+X2_M3_r1,apple_pie,834,0.975834
FKIT,Y+X2_M3_r1,apple_pie,835,0.975844
FKIT,Y+X2_M3_r1,apple_pie,836,0.976326
FKIT,Y+X2_M3_r1,apple_pie,837,0.974988
FKIT,Y+X2_M3_r1,apple_pie,838,0.976413
FKIT,Y+X2_M3_r1,apple_pie,839,0.974091
FKIT,Y+X2_M3_r1,apple_pie,840,0.971848
FKIT,Y+X2_M3_r1,apple_pie,841,0.975531
FKIT,Y+X2_M3_r1,apple_pie,842,0.972105
FKIT,Y+X2_M3_r1,apple_pie,843,0.970473
FKIT,Y+X2_M3_r1,apple_pie,844,0.974739
FKIT,Y+X2_M3_r1,apple_pie,845,0.976851
FKIT,Y+X2_M3_r1,apple_pie,846,0.971370
FKIT,Y+X2_M3_r1,apple_pie,847,0.974062
FKIT,Y+X2_M3_r1,apple_pie,848,0.973884
FKIT,Y+X2_M3_r1,apple_pie,849,0.972764
FKIT,Y+X2_M3_r1,apple_pie,850,0.974310
FKIT,Y+X2_M3_r1,apple_pie,851,0.974808
FKIT,Y+X2_M3_r1,apple_pie,852,0.970357
FKIT,Y+X2_M3_r1,apple_pie,853,0.971764
FKIT,Y+X2_M3_r1,apple_pie,854,0.975688
FKIT,Y+X2_M3_r1,apple_pie,855,0.972945
FKIT,Y+X2_M3_r1,apple_pie,856,0.977155
FKIT,Y+X2_M3_r1,apple_pie,857,0.976477
FKIT,Y+X2_M3_r1,apple_pie,858,0.976883
FKIT,Y+X2_M3_r1,apple_pie,859,0.976519
FKIT,Y+X2_M3_r1,apple_pie,860,0.974332
FKIT,Y+X2_M3_r1,apple_pie,861,0.975163
FKIT,Y+X2_M3_r1,apple_pie,862,0.976049
FKIT,Y+X2_M3_r1,apple_pie,863,0.976907
FKIT,Y+X2_M3_r1,apple_pie,864,0.977830
FKIT,Y+X2_M3_r1,apple_pie,865,0.979417
FKIT,Y+X2_M3_r1,apple_pie,866,0.977820
FKIT,Y+X2_M3_r1,apple_pie,867,0.979719
FKIT,Y+X2_M3_r1,apple_pie,868,0.977194
FKIT,Y+X2_M3_r1,apple_pie,869,0.977089
FKIT,Y+X2_M3_r1,apple_pie,870,0.979213
FKIT,Y+X2_M3_r1,apple_pie,871,0.981140
FKIT,Y+X2_M3_r1,apple_pie,872,0.978354
FKIT,Y+X2_M3_r1,apple_pie,873,0.979290
FKIT,Y+X2_M3_r1,apple_pie,874,0.982260
FKIT,Y+X2_M3_r1,apple_pie,875,0.981795
FKIT,Y+X2_M3_r1,apple_pie,876,0.978703
FKIT,Y+X2_M3_r1,apple_pie,877,0.979524
FKIT,Y+X2_M3_r1,apple_pie,878,0.981946
FKIT,Y+X2_M3_r1,apple_pie,879,0.981131
FKIT,Y+X2_M3_r1,apple_pie,880,0.980616
FKIT,Y+X2_M3_r1,apple_pie,881,0.981064
FKIT,Y+X2_M3_r1,apple_pie,882,0.981731
FKIT,Y+X2_M3_r1,apple_pie,883,0.978775
FKIT,Y+X2_M3_r1,apple_pie,884,0.982281
FKIT,Y+X2_M3_r1,apple_pie,885,0.983679
FKIT,Y+X2_M3_r1,apple_pie,886,0.983645
FKIT,Y+X2_M3_r1,apple_pie,887,0.982506
FKIT,Y+X2_M3_r1,apple_pie,888,0.985356
FKIT,Y+X2_M3_r1,apple_pie,889,0.984068
FKIT,Y+X2_M3_r1,apple_pie,890,0.981156
FKIT,Y+X2_M3_r1,apple_pie,891,0.983573
FKIT,Y+X2_M3_r1,apple_pie,892,0.985352
FKIT,Y+X2_M3_r1,apple_pie,893,0.983268
FKIT,Y+X2_M3_r1,apple_pie,894,0.985376
FKIT,Y+X2_M3_r1,apple_pie,895,0.986227
FKIT,Y+X2_M3_r1,apple_pie,896,0.983242
FKIT,Y+X2_M3_r1,apple_pie,897,0.984681
FKIT,Y+X2_M3_r1,apple_pie,898,0.982235
FKIT,Y+X2_M3_r1,apple_pie,899,0.984389
FKIT,Y+X2_M3_r1,apple_pie,900,0.984139
FKIT,Y+X2_M3_r1,apple_pie,901,0.984920
FKIT,Y+X2_M3_r1,apple_pie,902,0.984917
FKIT,Y+X2_M3_r1,apple_pie,903,0.987071
FKIT,Y+X2_M3_r1,apple_pie,904,0.986248
FKIT,Y+X2_M3_r1,apple_pie,905,0.985664
FKIT,Y+X2_M3_r1,apple_pie,906,0.984923
FKIT,Y+X2_M3_r1,apple_pie,907,0.985718
FKIT,Y+X2_M3_r1,apple_pie,908,0.984667
FKIT,Y+X2_M3_r1,apple_pie,909,0.984799
FKIT,Y+X2_M3_r1,apple_pie,910,0.983408
FKIT,Y+X2_M3_r1,apple_pie,911,0.984548
FKIT,Y+X2_M3_r1,apple_pie,912,0.984985
FKIT,Y+X2_M3_r1,apple_pie,913,0.983466
FKIT,Y+X2_M3_r1,apple_pie,914,0.985590
FKIT,Y+X2_M3_r1,apple_pie,915,0.985051
FKIT,Y+X2_M3_r1,apple_pie,916,0.984280
FKIT,Y+X2_M3_r1,apple_pie,917,0.985849
FKIT,Y+X2_M3_r1,apple_pie,918,0.983476
FKIT,Y+X2_M3_r1,apple_pie,919,0.984737
FKIT,Y+X2_M3_r1,apple_pie,920,0.983865
FKIT,Y+X2_M3_r1,apple_pie,921,0.985645
FKIT,Y+X2_M3_r1,apple_pie,922,0.985991
FKIT,Y+X2_M3_r1,apple_pie,923,0.986074
FKIT,Y+X2_M3_r1,apple_pie,924,0.985692
FKIT,Y+X2_M3_r1,apple_pie,925,0.984470
FKIT,Y+X2_M3_r1,apple_pie,926,0.984423
FKIT,Y+X2_M3_r1,apple_pie,927,0.985209
FKIT,Y+X2_M3_r1,apple_pie,928,0.985387
FKIT,Y+X2_M3_r1,apple_pie,929,0.984902
FKIT,Y+X2_M3_r1,apple_pie,930,0.985467
FKIT,Y+X2_M3_r1,apple_pie,931,0.985117
FKIT,Y+X2_M3_r1,apple_pie,932,0.985220
FKIT,Y+X2_M3_r1,apple_pie,933,0.985449
FKIT,Y+X2_M3_r1,apple_pie,934,0.983934
FKIT,Y+X2_M3_r1,apple_pie,935,0.984807
FKIT,Y+X2_M3_r1,apple_pie,936,0.983221
FKIT,Y+X2_M3_r1,apple_pie,937,0.986145
FKIT,Y+X2_M3_r1,apple_pie,938,0.983511
FKIT,Y+X2_M3_r1,apple_pie,939,0.984390
FKIT,Y+X2_M3_r1,apple_pie,940,0.982892
FKIT,Y+X2_M3_r1,apple_pie,941,0.985029
FKIT,Y+X2_M3_r1,apple_pie,942,0.984029
FKIT,Y+X2_M3_r1,apple_pie,943,0.983284
FKIT,Y+X2_M3_r1,apple_pie,944,0.984615
FKIT,Y+X2_M3_r1,apple_pie,945,0.984429
FKIT,Y+X2_M3_r1,apple_pie,946,0.983730
FKIT,Y+X2_M3_r1,apple_pie,947,0.983121
FKIT,Y+X2_M3_r1,apple_pie,948,0.982468
FKIT,Y+X2_M3_r1,apple_pie,949,0.984324
FKIT,Y+X2_M3_r1,apple_pie,950,0.984762
FKIT,Y+X2_M3_r1,apple_pie,951,0.985609
FKIT,Y+X2_M3_r1,apple_pie,952,0.985115
FKIT,Y+X2_M3_r1,apple_pie,953,0.984726
FKIT,Y+X2_M3_r1,apple_pie,954,0.985341
FKIT,Y+X2_M3_r1,apple_pie,955,0.984587
FKIT,Y+X2_M3_r1,apple_pie,956,0.986194
FKIT,Y+X2_M3_r1,apple_pie,957,0.985353
FKIT,Y+X2_M3_r1,apple_pie,958,0.982904
FKIT,Y+X2_M3_r1,apple_pie,959,0.984342
FKIT,Y+X2_M3_r1,apple_pie,960,0.984019
FKIT,Y+X2_M3_r1,apple_pie,961,0.982454
FKIT,Y+X2_M3_r1,apple_pie,962,0.984185
FKIT,Y+X2_M3_r1,apple_pie,963,0.981757
FKIT,Y+X2_M3_r1,apple_pie,964,0.985384
FKIT,Y+X2_M3_r1,apple_pie,965,0.983872
FKIT,Y+X2_M3_r1,apple_pie,966,0.981658
FKIT,Y+X2_M3_r1,apple_pie,967,0.984178
FKIT,Y+X2_M3_r1,apple_pie,968,0.984889
FKIT,Y+X2_M3_r1,apple_pie,969,0.983444
FKIT,Y+X2_M3_r1,apple_pie,970,0.984320
FKIT,Y+X2_M3_r1,apple_pie,971,0.983486
FKIT,Y+X2_M3_r1,apple_pie,972,0.978702
FKIT,Y+X2_M3_r1,apple_pie,973,0.980006
FKIT,Y+X2_M3_r1,apple_pie,974,0.979891
FKIT,Y+X2_M3_r1,apple_pie,975,0.982722
FKIT,Y+X2_M3_r1,apple_pie,976,0.981974
FKIT,Y+X2_M3_r1,apple_pie,977,0.981160
FKIT,Y+X2_M3_r1,apple_pie,978,0.977620
FKIT,Y+X2_M3_r1,apple_pie,979,0.977373
FKIT,Y+X2_M3_r1,apple_pie,980,0.979370
FKIT,Y+X2_M3_r1,apple_pie,981,0.979495
FKIT,Y+X2_M3_r1,apple_pie,982,0.976216
FKIT,Y+X2_M3_r1,apple_pie,983,0.978368
FKIT,Y+X2_M3_r1,apple_pie,984,0.976435
FKIT,Y+X2_M3_r1,apple_pie,985,0.977439
FKIT,Y+X2_M3_r1,apple_pie,986,0.976522
FKIT,Y+X2_M3_r1,apple_pie,987,0.975721
FKIT,Y+X2_M3_r1,apple_pie,988,0.976371
FKIT,Y+X2_M3_r1,apple_pie,989,0.975606
FKIT,Y+X2_M3_r1,apple_pie,990,0.976137
FKIT,Y+X2_M3_r1,apple_pie,991,0.976152
FKIT,Y+X2_M3_r1,apple_pie,992,0.975948
FKIT,Y+X2_M3_r1,apple_pie,993,0.976985
FKIT,Y+X2_M3_r1,apple_pie,994,0.978425
FKIT,Y+X2_M3_r1,apple_pie,995,0.976490
FKIT,Y+X2_M3_r1,apple_pie,996,0.975013
FKIT,Y+X2_M3_r1,apple_pie,997,0.978706
FKIT,Y+X2_M3_r1,apple_pie,998,0.977670
FKIT,Y+X2_M3_r1,apple_pie,999,0.977061
FKIT,Y+X2_M3_r1,apple_pie,1000,0.980487
FKIT,Y+X2_M3_r1,apple_pie,1001,0.979504
FKIT,Y+X2_M3_r1,apple_pie,1002,0.981156
FKIT,Y+X2_M3_r1,apple_pie,1003,0.979892
FKIT,Y+X2_M3_r1,apple_pie,1004,0.979565
FKIT,Y+X2_M3_r1,apple_pie,1005,0.978068
FKIT,Y+X2_M3_r1,apple_pie,1006,0.978781
FKIT,Y+X2_M3_r1,apple_pie,1007,0.978557
FKIT,Y+X2_M3_r1,apple_pie,1008,0.977593
FKIT,Y+X2_M3_r1,apple_pie,1009,0.976933
FKIT,Y+X2_M3_r1,apple_pie,1010,0.977977
FKIT,Y+X2_M3_r1,apple_pie,1011,0.979415
FKIT,Y+X2_M3_r1,apple_pie,1012,0.980409
FKIT,Y+X2_M3_r1,apple_pie,1013,0.980063
FKIT,Y+X2_M3_r1,apple_pie,1014,0.977799
FKIT,Y+X2_M3_r1,apple_pie,1015,0.976507
FKIT,Y+X2_M3_r1,apple_pie,1016,0.978908
FKIT,Y+X2_M3_r1,apple_pie,1017,0.979206
FKIT,Y+X2_M3_r1,apple_pie,1018,0.978026
FKIT,Y+X2_M3_r1,apple_pie,1019,0.974193
FKIT,Y+X2_M3_r1,apple_pie,1020,0.976737
FKIT,Y+X2_M3_r1,apple_pie,1021,0.979226
FKIT,Y+X2_M3_r1,apple_pie,1022,0.978545
FKIT,Y+X2_M3_r1,apple_pie,1023,0.977221
FKIT,Y+X2_M3_r1,apple_pie,1024,0.978702
FKIT,Y+X2_M3_r1,apple_pie,1025,0.977670
FKIT,Y+X2_M3_r1,apple_pie,1026,0.978135
FKIT,Y+X2_M3_r1,apple_pie,1027,0.976042
FKIT,Y+X2_M3_r1,apple_pie,1028,0.976329
FKIT,Y+X2_M3_r1,apple_pie,1029,0.976498
FKIT,Y+X2_M3_r1,apple_pie,1030,0.977634
FKIT,Y+X2_M3_r1,apple_pie,1031,0.977435
FKIT,Y+X2_M3_r1,apple_pie,1032,0.976450
FKIT,Y+X2_M3_r1,apple_pie,1033,0.976355
FKIT,Y+X2_M3_r1,apple_pie,1034,0.977953
FKIT,Y+X2_M3_r1,apple_pie,1035,0.978087
FKIT,Y+X2_M3_r1,apple_pie,1036,0.976542
FKIT,Y+X2_M3_r1,apple_pie,1037,0.977246
FKIT,Y+X2_M3_r1,apple_pie,1038,0.976704
FKIT,Y+X2_M3_r1,apple_pie,1039,0.975490
FKIT,Y+X2_M3_r1,apple_pie,1040,0.977210
FKIT,Y+X2_M3_r1,apple_pie,1041,0.980599
FKIT,Y+X2_M3_r1,apple_pie,1042,0.978394
FKIT,Y+X2_M3_r1,apple_pie,1043,0.977954
FKIT,Y+X2_M3_r1,apple_pie,1044,0.979533
FKIT,Y+X2_M3_r1,apple_pie,1045,0.983057
FKIT,Y+X2_M3_r1,apple_pie,1046,0.980301
FKIT,Y+X2_M3_r1,apple_pie,1047,0.979143
FKIT,Y+X2_M3_r1,apple_pie,1048,0.981691
FKIT,Y+X2_M3_r1,apple_pie,1049,0.982035
FKIT,Y+X2_M3_r1,apple_pie,1050,0.983093
FKIT,Y+X2_M3_r1,apple_pie,1051,0.983461
FKIT,Y+X2_M3_r1,apple_pie,1052,0.982875
FKIT,Y+X2_M3_r1,apple_pie,1053,0.983042
FKIT,Y+X2_M3_r1,apple_pie,1054,0.983683
FKIT,Y+X2_M3_r1,apple_pie,1055,0.984804
FKIT,Y+X2_M3_r1,apple_pie,1056,0.983763
FKIT,Y+X2_M3_r1,apple_pie,1057,0.982746
FKIT,Y+X2_M3_r1,apple_pie,1058,0.982472
FKIT,Y+X2_M3_r1,apple_pie,1059,0.983328
FKIT,Y+X2_M3_r1,apple_pie,1060,0.980066
FKIT,Y+X2_M3_r1,apple_pie,1061,0.982182
FKIT,Y+X2_M3_r1,apple_pie,1062,0.982964
FKIT,Y+X2_M3_r1,apple_pie,1063,0.984528
FKIT,Y+X2_M3_r1,apple_pie,1064,0.984778
FKIT,Y+X2_M3_r1,apple_pie,1065,0.985111
FKIT,Y+X2_M3_r1,apple_pie,1066,0.985391
FKIT,Y+X2_M3_r1,apple_pie,1067,0.980420
FKIT,Y+X2_M3_r1,apple_pie,1068,0.982499
FKIT,Y+X2_M3_r1,apple_pie,1069,0.982648
FKIT,Y+X2_M3_r1,apple_pie,1070,0.981965
FKIT,Y+X2_M3_r1,apple_pie,1071,0.981338
FKIT,Y+X2_M3_r1,apple_pie,1072,0.982560
FKIT,Y+X2_M3_r1,apple_pie,1073,0.983336
FKIT,Y+X2_M3_r1,apple_pie,1074,0.982986
FKIT,Y+X2_M3_r1,apple_pie,1075,0.985582
FKIT,Y+X2_M3_r1,apple_pie,1076,0.983139
FKIT,Y+X2_M3_r1,apple_pie,1077,0.981735
FKIT,Y+X2_M3_r1,apple_pie,1078,0.984009
FKIT,Y+X2_M3_r1,apple_pie,1079,0.982884
FKIT,Y+X2_M3_r1,apple_pie,1080,0.980680
FKIT,Y+X2_M3_r1,apple_pie,1081,0.981672
FKIT,Y+X2_M3_r1,apple_pie,1082,0.982370
FKIT,Y+X2_M3_r1,apple_pie,1083,0.983184
FKIT,Y+X2_M3_r1,apple_pie,1084,0.981193
FKIT,Y+X2_M3_r1,apple_pie,1085,0.982496
FKIT,Y+X2_M3_r1,apple_pie,1086,0.982871
FKIT,Y+X2_M3_r1,apple_pie,1087,0.981921
FKIT,Y+X2_M3_r1,apple_pie,1088,0.982814
FKIT,Y+X2_M3_r1,apple_pie,1089,0.982264
FKIT,Y+X2_M3_r1,apple_pie,1090,0.983042
FKIT,Y+X2_M3_r1,apple_pie,1091,0.983313
FKIT,Y+X2_M3_r1,apple_pie,1092,0.982615
FKIT,Y+X2_M3_r1,apple_pie,1093,0.984272
FKIT,Y+X2_M3_r1,apple_pie,1094,0.983250
FKIT,Y+X2_M3_r1,apple_pie,1095,0.983254
FKIT,Y+X2_M3_r1,apple_pie,1096,0.982560
FKIT,Y+X2_M3_r1,apple_pie,1097,0.978697
FKIT,Y+X2_M3_r1,apple_pie,1098,0.980254
FKIT,Y+X2_M3_r1,apple_pie,1099,0.983869
FKIT,Y+X2_M3_r1,apple_pie,1100,0.986035
FKIT,Y+X2_M3_r1,apple_pie,1101,0.985157
FKIT,Y+X2_M3_r1,apple_pie,1102,0.984575
FKIT,Y+X2_M3_r1,apple_pie,1103,0.985075
FKIT,Y+X2_M3_r1,apple_pie,1104,0.983108
FKIT,Y+X2_M3_r1,apple_pie,1105,0.984264
FKIT,Y+X2_M3_r1,apple_pie,1106,0.983169
FKIT,Y+X2_M3_r1,apple_pie,1107,0.984582
FKIT,Y+X2_M3_r1,apple_pie,1108,0.984153
FKIT,Y+X2_M3_r1,apple_pie,1109,0.984664
FKIT,Y+X2_M3_r1,apple_pie,1110,0.983293
FKIT,Y+X2_M3_r1,apple_pie,1111,0.984066
FKIT,Y+X2_M3_r1,apple_pie,1112,0.981952
FKIT,Y+X2_M3_r1,apple_pie,1113,0.981492
FKIT,Y+X2_M3_r1,apple_pie,1114,0.983994
FKIT,Y+X2_M3_r1,apple_pie,1115,0.981744
FKIT,Y+X2_M3_r1,apple_pie,1116,0.981591
FKIT,Y+X2_M3_r1,apple_pie,1117,0.980181
FKIT,Y+X2_M3_r1,apple_pie,1118,0.983152
FKIT,Y+X2_M3_r1,apple_pie,1119,0.983448
FKIT,Y+X2_M3_r1,apple_pie,1120,0.984197
FKIT,Y+X2_M3_r1,apple_pie,1121,0.981331
FKIT,Y+X2_M3_r1,apple_pie,1122,0.982239
FKIT,Y+X2_M3_r1,apple_pie,1123,0.981010
FKIT,Y+X2_M3_r1,apple_pie,1124,0.983836
FKIT,Y+X2_M3_r1,apple_pie,1125,0.982029
FKIT,Y+X2_M3_r1,apple_pie,1126,0.980700
FKIT,Y+X2_M3_r1,apple_pie,1127,0.981913
FKIT,Y+X2_M3_r1,apple_pie,1128,0.982108
FKIT,Y+X2_M3_r1,apple_pie,1129,0.981660
FKIT,Y+X2_M3_r1,apple_pie,1130,0.982423
FKIT,Y+X2_M3_r1,apple_pie,1131,0.978002
FKIT,Y+X2_M3_r1,apple_pie,1132,0.978709
FKIT,Y+X2_M3_r1,apple_pie,1133,0.979488
FKIT,Y+X2_M3_r1,apple_pie,1134,0.981222
FKIT,Y+X2_M3_r1,apple_pie,1135,0.981320
FKIT,Y+X2_M3_r1,apple_pie,1136,0.981502
FKIT,Y+X2_M3_r1,apple_pie,1137,0.980789
FKIT,Y+X2_M3_r1,apple_pie,1138,0.981418
FKIT,Y+X2_M3_r1,apple_pie,1139,0.981742
FKIT,Y+X2_M3_r1,apple_pie,1140,0.982659
FKIT,Y+X2_M3_r1,apple_pie,1141,0.973412
FKIT,Y+X2_M3_r1,apple_pie,1142,0.980630
FKIT,Y+X2_M3_r1,apple_pie,1143,0.983469
FKIT,Y+X2_M3_r1,apple_pie,1144,0.982353
FKIT,Y+X2_M3_r1,apple_pie,1145,0.984635
FKIT,Y+X2_M3_r1,apple_pie,1146,0.984139
FKIT,Y+X2_M3_r1,apple_pie,1147,0.983928
FKIT,Y+X2_M3_r1,apple_pie,1148,0.982528
FKIT,Y+X2_M3_r1,apple_pie,1149,0.983665
FKIT,Y+X2_M3_r1,apple_pie,1150,0.983606
FKIT,Y+X2_M3_r1,apple_pie,1151,0.984869
FKIT,Y+X2_M3_r1,apple_pie,1152,0.985691
FKIT,Y+X2_M3_r1,apple_pie,1153,0.986757
FKIT,Y+X2_M3_r1,apple_pie,1154,0.986954
FKIT,Y+X2_M3_r1,apple_pie,1155,0.985546
FKIT,Y+X2_M3_r1,apple_pie,1156,0.986944
FKIT,Y+X2_M3_r1,apple_pie,1157,0.987701
FKIT,Y+X2_M3_r1,apple_pie,1158,0.988329
FKIT,Y+X2_M3_r1,apple_pie,1159,0.988357
FKIT,Y+X2_M3_r1,apple_pie,1160,0.988553
FKIT,Y+X2_M3_r1,apple_pie,1161,0.988886
FKIT,Y+X2_M3_r1,apple_pie,1162,0.989338
FKIT,Y+X2_M3_r1,apple_pie,1163,0.988726
FKIT,Y+X2_M3_r1,apple_pie,1164,0.989302
FKIT,Y+X2_M3_r1,apple_pie,1165,0.989762
FKIT,Y+X2_M3_r1,apple_pie,1166,0.989451
FKIT,Y+X2_M3_r1,apple_pie,1167,0.989638
FKIT,Y+X2_M3_r1,apple_pie,1168,0.989514
FKIT,Y+X2_M3_r1,apple_pie,1169,0.989633
FKIT,Y+X2_M3_r1,apple_pie,1170,0.989386
FKIT,Y+X2_M3_r1,apple_pie,1171,0.989191
FKIT,Y+X2_M3_r1,apple_pie,1172,0.989689
FKIT,Y+X2_M3_r1,apple_pie,1173,0.990013
FKIT,Y+X2_M3_r1,apple_pie,1174,0.990146
FKIT,Y+X2_M3_r1,apple_pie,1175,0.989817
FKIT,Y+X2_M3_r1,apple_pie,1176,0.989990
FKIT,Y+X2_M3_r1,apple_pie,1177,0.990033
FKIT,Y+X2_M3_r1,apple_pie,1178,0.990128
FKIT,Y+X2_M3_r1,apple_pie,1179,0.989792
FKIT,Y+X2_M3_r1,apple_pie,1180,0.989741
FKIT,Y+X2_M3_r1,apple_pie,1181,0.989440
FKIT,Y+X2_M3_r1,apple_pie,1182,0.990490
FKIT,Y+X2_M3_r1,apple_pie,1183,0.990289
FKIT,Y+X2_M3_r1,apple_pie,1184,0.990547
FKIT,Y+X2_M3_r1,apple_pie,1185,0.990417
FKIT,Y+X2_M3_r1,apple_pie,1186,0.990106
FKIT,Y+X2_M3_r1,apple_pie,1187,0.990247
FKIT,Y+X2_M3_r1,apple_pie,1188,0.990483
FKIT,Y+X2_M3_r1,apple_pie,1189,0.990079
FKIT,Y+X2_M3_r1,apple_pie,1190,0.989898
FKIT,Y+X2_M3_r1,apple_pie,1191,0.989747
FKIT,Y+X2_M3_r1,apple_pie,1192,0.989543
FKIT,Y+X2_M3_r1,apple_pie,1193,0.989715
FKIT,Y+X2_M3_r1,apple_pie,1194,0.990311
FKIT,Y+X2_M3_r1,apple_pie,1195,0.989997
FKIT,Y+X2_M3_r1,apple_pie,1196,0.989576
FKIT,Y+X2_M3_r1,apple_pie,1197,0.989572
FKIT,Y+X2_M3_r1,apple_pie,1198,0.990030
FKIT,Y+X2_M3_r1,apple_pie,1199,0.989970
FKIT,Y+X2_M3_r1,apple_pie,1200,0.989327
FKIT,Y+X2_M3_r1,banana,0,0.941123
FKIT,Y+X2_M3_r1,banana,1,0.942317
FKIT,Y+X2_M3_r1,banana,2,0.949031
FKIT,Y+X2_M3_r1,banana,3,0.939002
FKIT,Y+X2_M3_r1,banana,4,0.949846
FKIT,Y+X2_M3_r1,banana,5,0.942732
FKIT,Y+X2_M3_r1,banana,6,0.959246
FKIT,Y+X2_M3_r1,banana,7,0.963720
FKIT,Y+X2_M3_r1,banana,8,0.957931
FKIT,Y+X2_M3_r1,banana,9,0.932557
FKIT,Y+X2_M3_r1,banana,10,0.942804
FKIT,Y+X2_M3_r1,banana,11,0.944007
FKIT,Y+X2_M3_r1,banana,12,0.953566
FKIT,Y+X2_M3_r1,banana,13,0.949855
FKIT,Y+X2_M3_r1,banana,14,0.961325
FKIT,Y+X2_M3_r1,banana,15,0.964280
FKIT,Y+X2_M3_r1,banana,16,0.964562
FKIT,Y+X2_M3_r1,banana,17,0.965870
FKIT,Y+X2_M3_r1,banana,18,0.965206
FKIT,Y+X2_M3_r1,banana,19,0.969065
FKIT,Y+X2_M3_r1,banana,20,0.967859
FKIT,Y+X2_M3_r1,banana,21,0.965765
FKIT,Y+X2_M3_r1,banana,22,0.967940
FKIT,Y+X2_M3_r1,banana,23,0.967915
FKIT,Y+X2_M3_r1,banana,24,0.968554
FKIT,Y+X2_M3_r1,banana,25,0.969455
FKIT,Y+X2_M3_r1,banana,26,0.967188
FKIT,Y+X2_M3_r1,banana,27,0.968202
FKIT,Y+X2_M3_r1,banana,28,0.970333
FKIT,Y+X2_M3_r1,banana,29,0.967925
FKIT,Y+X2_M3_r1,banana,30,0.966508
FKIT,Y+X2_M3_r1,banana,31,0.970062
FKIT,Y+X2_M3_r1,banana,32,0.969353
FKIT,Y+X2_M3_r1,banana,33,0.966359
FKIT,Y+X2_M3_r1,banana,34,0.968890
FKIT,Y+X2_M3_r1,banana,35,0.971529
FKIT,Y+X2_M3_r1,banana,36,0.970682
FKIT,Y+X2_M3_r1,banana,37,0.963972
FKIT,Y+X2_M3_r1,banana,38,0.968128
FKIT,Y+X2_M3_r1,banana,39,0.969437
FKIT,Y+X2_M3_r1,banana,40,0.963726
FKIT,Y+X2_M3_r1,banana,41,0.968842
FKIT,Y+X2_M3_r1,banana,42,0.963769
FKIT,Y+X2_M3_r1,banana,43,0.958551
FKIT,Y+X2_M3_r1,banana,44,0.956223
FKIT,Y+X2_M3_r1,banana,45,0.957217
FKIT,Y+X2_M3_r1,banana,46,0.957540
FKIT,Y+X2_M3_r1,banana,47,0.958361
FKIT,Y+X2_M3_r1,banana,48,0.960695
FKIT,Y+X2_M3_r1,banana,49,0.964919
FKIT,Y+X2_M3_r1,banana,50,0.960169
FKIT,Y+X2_M3_r1,banana,51,0.958487
FKIT,Y+X2_M3_r1,banana,52,0.961997
FKIT,Y+X2_M3_r1,banana,53,0.957842
FKIT,Y+X2_M3_r1,banana,54,0.953418
FKIT,Y+X2_M3_r1,banana,55,0.945998
FKIT,Y+X2_M3_r1,banana,56,0.947857
FKIT,Y+X2_M3_r1,banana,57,0.943982
FKIT,Y+X2_M3_r1,banana,58,0.945007
FKIT,Y+X2_M3_r1,banana,59,0.951921
FKIT,Y+X2_M3_r1,banana,60,0.949873
FKIT,Y+X2_M3_r1,banana,61,0.973315
FKIT,Y+X2_M3_r1,banana,62,0.937274
FKIT,Y+X2_M3_r1,banana,63,0.937972
FKIT,Y+X2_M3_r1,banana,64,0.931279
FKIT,Y+X2_M3_r1,banana,65,0.928376
FKIT,Y+X2_M3_r1,banana,66,0.945891
FKIT,Y+X2_M3_r1,banana,67,0.971842
FKIT,Y+X2_M3_r1,banana,68,0.942265
FKIT,Y+X2_M3_r1,banana,69,0.945062
FKIT,Y+X2_M3_r1,banana,70,0.964510
FKIT,Y+X2_M3_r1,banana,71,0.970360
FKIT,Y+X2_M3_r1,banana,72,0.959940
FKIT,Y+X2_M3_r1,banana,73,0.938760
FKIT,Y+X2_M3_r1,banana,74,0.966174
FKIT,Y+X2_M3_r1,banana,75,0.975542
FKIT,Y+X2_M3_r1,banana,76,0.974475
FKIT,Y+X2_M3_r1,banana,77,0.971199
FKIT,Y+X2_M3_r1,banana,78,0.970375
FKIT,Y+X2_M3_r1,banana,79,0.976726
FKIT,Y+X2_M3_r1,banana,80,0.974926
FKIT,Y+X2_M3_r1,banana,81,0.975996
FKIT,Y+X2_M3_r1,banana,82,0.977689
FKIT,Y+X2_M3_r1,banana,83,0.977720
FKIT,Y+X2_M3_r1,banana,84,0.976915
FKIT,Y+X2_M3_r1,banana,85,0.978365
FKIT,Y+X2_M3_r1,banana,86,0.977729
FKIT,Y+X2_M3_r1,banana,87,0.979820
FKIT,Y+X2_M3_r1,banana,88,0.975435
FKIT,Y+X2_M3_r1,banana,89,0.976895
FKIT,Y+X2_M3_r1,banana,90,0.975912
FKIT,Y+X2_M3_r1,banana,91,0.978886
FKIT,Y+X2_M3_r1,banana,92,0.976797
FKIT,Y+X2_M3_r1,banana,93,0.973453
FKIT,Y+X2_M3_r1,banana,94,0.978436
FKIT,Y+X2_M3_r1,banana,95,0.978860
FKIT,Y+X2_M3_r1,banana,96,0.977571
FKIT,Y+X2_M3_r1,banana,97,0.975711
FKIT,Y+X2_M3_r1,banana,98,0.977145
FKIT,Y+X2_M3_r1,banana,99,0.975339
FKIT,Y+X2_M3_r1,banana,100,0.975785
FKIT,Y+X2_M3_r1,banana,101,0.976376
FKIT,Y+X2_M3_r1,banana,102,0.976956
FKIT,Y+X2_M3_r1,banana,103,0.979241
FKIT,Y+X2_M3_r1,banana,104,0.976696
FKIT,Y+X2_M3_r1,banana,105,0.978270
FKIT,Y+X2_M3_r1,banana,106,0.975723
FKIT,Y+X2_M3_r1,banana,107,0.976479
FKIT,Y+X2_M3_r1,banana,108,0.977973
FKIT,Y+X2_M3_r1,banana,109,0.977227
FKIT,Y+X2_M3_r1,banana,110,0.973897
FKIT,Y+X2_M3_r1,banana,111,0.977435
FKIT,Y+X2_M3_r1,banana,112,0.975344
FKIT,Y+X2_M3_r1,banana,113,0.974322
FKIT,Y+X2_M3_r1,banana,114,0.974137
FKIT,Y+X2_M3_r1,banana,115,0.973774
FKIT,Y+X2_M3_r1,banana,116,0.971517
FKIT,Y+X2_M3_r1,banana,117,0.976561
FKIT,Y+X2_M3_r1,banana,118,0.975342
FKIT,Y+X2_M3_r1,banana,119,0.974905
FKIT,Y+X2_M3_r1,banana,120,0.974463
FKIT,Y+X2_M3_r1,banana,121,0.974463
FKIT,Y+X2_M3_r1,banana,122,0.979986
FKIT,Y+X2_M3_r1,banana,123,0.976234
FKIT,Y+X2_M3_r1,banana,124,0.976627
FKIT,Y+X2_M3_r1,banana,125,0.976726
FKIT,Y+X2_M3_r1,banana,126,0.973639
FKIT,Y+X2_M3_r1,banana,127,0.973586
FKIT,Y+X2_M3_r1,banana,128,0.972921
FKIT,Y+X2_M3_r1,banana,129,0.974186
FKIT,Y+X2_M3_r1,banana,130,0.973102
FKIT,Y+X2_M3_r1,banana,131,0.975355
FKIT,Y+X2_M3_r1,banana,132,0.973198
FKIT,Y+X2_M3_r1,banana,133,0.974057
FKIT,Y+X2_M3_r1,banana,134,0.976973
FKIT,Y+X2_M3_r1,banana,135,0.974175
FKIT,Y+X2_M3_r1,banana,136,0.976721
FKIT,Y+X2_M3_r1,banana,137,0.974989
FKIT,Y+X2_M3_r1,banana,138,0.974489
FKIT,Y+X2_M3_r1,banana,139,0.977415
FKIT,Y+X2_M3_r1,banana,140,0.977207
FKIT,Y+X2_M3_r1,banana,141,0.976249
FKIT,Y+X2_M3_r1,banana,142,0.973605
FKIT,Y+X2_M3_r1,banana,143,0.975950
FKIT,Y+X2_M3_r1,banana,144,0.976679
FKIT,Y+X2_M3_r1,banana,145,0.973549
FKIT,Y+X2_M3_r1,banana,146,0.974733
FKIT,Y+X2_M3_r1,banana,147,0.972862
FKIT,Y+X2_M3_r1,banana,148,0.974126
FKIT,Y+X2_M3_r1,banana,149,0.972836
FKIT,Y+X2_M3_r1,banana,150,0.974788
FKIT,Y+X2_M3_r1,banana,151,0.972182
FKIT,Y+X2_M3_r1,banana,152,0.972505
FKIT,Y+X2_M3_r1,banana,153,0.972920
FKIT,Y+X2_M3_r1,banana,154,0.975325
FKIT,Y+X2_M3_r1,banana,155,0.974433
FKIT,Y+X2_M3_r1,banana,156,0.973706
FKIT,Y+X2_M3_r1,banana,157,0.977665
FKIT,Y+X2_M3_r1,banana,158,0.973134
FKIT,Y+X2_M3_r1,banana,159,0.971689
FKIT,Y+X2_M3_r1,banana,160,0.975196
FKIT,Y+X2_M3_r1,banana,161,0.975454
FKIT,Y+X2_M3_r1,banana,162,0.977962
FKIT,Y+X2_M3_r1,banana,163,0.974026
FKIT,Y+X2_M3_r1,banana,164,0.973393
FKIT,Y+X2_M3_r1,banana,165,0.974531
FKIT,Y+X2_M3_r1,banana,166,0.976017
FKIT,Y+X2_M3_r1,banana,167,0.972819
FKIT,Y+X2_M3_r1,banana,168,0.977116
FKIT,Y+X2_M3_r1,banana,169,0.975499
FKIT,Y+X2_M3_r1,banana,170,0.976030
FKIT,Y+X2_M3_r1,banana,171,0.975549
FKIT,Y+X2_M3_r1,banana,172,0.976911
FKIT,Y+X2_M3_r1,banana,173,0.972742
FKIT,Y+X2_M3_r1,banana,174,0.975489
FKIT,Y+X2_M3_r1,banana,175,0.976941
FKIT,Y+X2_M3_r1,banana,176,0.973775
FKIT,Y+X2_M3_r1,banana,177,0.979721
FKIT,Y+X2_M3_r1,banana,178,0.979203
FKIT,Y+X2_M3_r1,banana,179,0.977168
FKIT,Y+X2_M3_r1,banana,180,0.979788
FKIT,Y+X2_M3_r1,banana,181,0.977315
FKIT,Y+X2_M3_r1,banana,182,0.978194
FKIT,Y+X2_M3_r1,banana,183,0.978301
FKIT,Y+X2_M3_r1,banana,184,0.976831
FKIT,Y+X2_M3_r1,banana,185,0.979390
FKIT,Y+X2_M3_r1,banana,186,0.978831
FKIT,Y+X2_M3_r1,banana,187,0.976568
FKIT,Y+X2_M3_r1,banana,188,0.978574
FKIT,Y+X2_M3_r1,banana,189,0.978887
FKIT,Y+X2_M3_r1,banana,190,0.979590
FKIT,Y+X2_M3_r1,banana,191,0.979432
FKIT,Y+X2_M3_r1,banana,192,0.979357
FKIT,Y+X2_M3_r1,banana,193,0.977311
FKIT,Y+X2_M3_r1,banana,194,0.977235
FKIT,Y+X2_M3_r1,banana,195,0.979016
FKIT,Y+X2_M3_r1,banana,196,0.979813
FKIT,Y+X2_M3_r1,banana,197,0.977213
FKIT,Y+X2_M3_r1,banana,198,0.977803
FKIT,Y+X2_M3_r1,banana,199,0.977895
FKIT,Y+X2_M3_r1,banana,200,0.978460
FKIT,Y+X2_M3_r1,banana,201,0.978230
FKIT,Y+X2_M3_r1,banana,202,0.975885
FKIT,Y+X2_M3_r1,banana,203,0.976680
FKIT,Y+X2_M3_r1,banana,204,0.977963
FKIT,Y+X2_M3_r1,banana,205,0.977408
FKIT,Y+X2_M3_r1,banana,206,0.980455
FKIT,Y+X2_M3_r1,banana,207,0.977425
FKIT,Y+X2_M3_r1,banana,208,0.976296
FKIT,Y+X2_M3_r1,banana,209,0.978337
FKIT,Y+X2_M3_r1,banana,210,0.978229
FKIT,Y+X2_M3_r1,banana,211,0.975903
FKIT,Y+X2_M3_r1,banana,212,0.976789
FKIT,Y+X2_M3_r1,banana,213,0.976559
FKIT,Y+X2_M3_r1,banana,214,0.976349
FKIT,Y+X2_M3_r1,banana,215,0.979681
FKIT,Y+X2_M3_r1,banana,216,0.978056
FKIT,Y+X2_M3_r1,banana,217,0.981132
FKIT,Y+X2_M3_r1,banana,218,0.978001
FKIT,Y+X2_M3_r1,banana,219,0.977389
FKIT,Y+X2_M3_r1,banana,220,0.978451
FKIT,Y+X2_M3_r1,banana,221,0.980292
FKIT,Y+X2_M3_r1,banana,222,0.980328
FKIT,Y+X2_M3_r1,banana,223,0.982279
FKIT,Y+X2_M3_r1,banana,224,0.979677
FKIT,Y+X2_M3_r1,banana,225,0.981294
FKIT,Y+X2_M3_r1,banana,226,0.980828
FKIT,Y+X2_M3_r1,banana,227,0.978059
FKIT,Y+X2_M3_r1,banana,228,0.979122
FKIT,Y+X2_M3_r1,banana,229,0.979910
FKIT,Y+X2_M3_r1,banana,230,0.979187
FKIT,Y+X2_M3_r1,banana,231,0.981621
FKIT,Y+X2_M3_r1,banana,232,0.980421
FKIT,Y+X2_M3_r1,banana,233,0.978561
FKIT,Y+X2_M3_r1,banana,234,0.977015
FKIT,Y+X2_M3_r1,banana,235,0.970489
FKIT,Y+X2_M3_r1,banana,236,0.972800
FKIT,Y+X2_M3_r1,banana,237,0.968908
FKIT,Y+X2_M3_r1,banana,238,0.970886
FKIT,Y+X2_M3_r1,banana,239,0.968112
FKIT,Y+X2_M3_r1,banana,240,0.968096
FKIT,Y+X2_M3_r1,banana,241,0.968889
FKIT,Y+X2_M3_r1,banana,242,0.978617
FKIT,Y+X2_M3_r1,banana,243,0.976434
FKIT,Y+X2_M3_r1,banana,244,0.979019
FKIT,Y+X2_M3_r1,banana,245,0.977614
FKIT,Y+X2_M3_r1,banana,246,0.977605
FKIT,Y+X2_M3_r1,banana,247,0.975532
FKIT,Y+X2_M3_r1,banana,248,0.979192
FKIT,Y+X2_M3_r1,banana,249,0.982162
FKIT,Y+X2_M3_r1,banana,250,0.980320
FKIT,Y+X2_M3_r1,banana,251,0.978589
FKIT,Y+X2_M3_r1,banana,252,0.980156
FKIT,Y+X2_M3_r1,banana,253,0.978221
FKIT,Y+X2_M3_r1,banana,254,0.979331
FKIT,Y+X2_M3_r1,banana,255,0.980738
FKIT,Y+X2_M3_r1,banana,256,0.981945
FKIT,Y+X2_M3_r1,banana,257,0.973275
FKIT,Y+X2_M3_r1,banana,258,0.978639
FKIT,Y+X2_M3_r1,banana,259,0.979981
FKIT,Y+X2_M3_r1,banana,260,0.978159
FKIT,Y+X2_M3_r1,banana,261,0.978910
FKIT,Y+X2_M3_r1,banana,262,0.977693
FKIT,Y+X2_M3_r1,banana,263,0.974417
FKIT,Y+X2_M3_r1,banana,264,0.979081
FKIT,Y+X2_M3_r1,banana,265,0.980126
FKIT,Y+X2_M3_r1,banana,266,0.977508
FKIT,Y+X2_M3_r1,banana,267,0.977821
FKIT,Y+X2_M3_r1,banana,268,0.976842
FKIT,Y+X2_M3_r1,banana,269,0.979101
FKIT,Y+X2_M3_r1,banana,270,0.976382
FKIT,Y+X2_M3_r1,banana,271,0.979756
FKIT,Y+X2_M3_r1,banana,272,0.977436
FKIT,Y+X2_M3_r1,banana,273,0.977888
FKIT,Y+X2_M3_r1,banana,274,0.978364
FKIT,Y+X2_M3_r1,banana,275,0.980065
FKIT,Y+X2_M3_r1,banana,276,0.979757
FKIT,Y+X2_M3_r1,banana,277,0.980128
FKIT,Y+X2_M3_r1,banana,278,0.981407
FKIT,Y+X2_M3_r1,banana,279,0.978055
FKIT,Y+X2_M3_r1,banana,280,0.975957
FKIT,Y+X2_M3_r1,banana,281,0.977714
FKIT,Y+X2_M3_r1,banana,282,0.978174
FKIT,Y+X2_M3_r1,banana,283,0.976912
FKIT,Y+X2_M3_r1,banana,284,0.977077
FKIT,Y+X2_M3_r1,banana,285,0.978810
FKIT,Y+X2_M3_r1,banana,286,0.977902
FKIT,Y+X2_M3_r1,banana,287,0.976023
FKIT,Y+X2_M3_r1,banana,288,0.977413
FKIT,Y+X2_M3_r1,banana,289,0.978986
FKIT,Y+X2_M3_r1,banana,290,0.973608
FKIT,Y+X2_M3_r1,banana,291,0.975851
FKIT,Y+X2_M3_r1,banana,292,0.973424
FKIT,Y+X2_M3_r1,banana,293,0.976861
FKIT,Y+X2_M3_r1,banana,294,0.974340
FKIT,Y+X2_M3_r1,banana,295,0.977643
FKIT,Y+X2_M3_r1,banana,296,0.977132
FKIT,Y+X2_M3_r1,banana,297,0.975323
FKIT,Y+X2_M3_r1,banana,298,0.973036
FKIT,Y+X2_M3_r1,banana,299,0.977484
FKIT,Y+X2_M3_r1,banana,300,0.974777
FKIT,Y+X2_M3_r1,banana,301,0.978706
FKIT,Y+X2_M3_r1,banana,302,0.975371
FKIT,Y+X2_M3_r1,banana,303,0.970905
FKIT,Y+X2_M3_r1,banana,304,0.972551
FKIT,Y+X2_M3_r1,banana,305,0.975788
FKIT,Y+X2_M3_r1,banana,306,0.974103
FKIT,Y+X2_M3_r1,banana,307,0.975902
FKIT,Y+X2_M3_r1,banana,308,0.973178
FKIT,Y+X2_M3_r1,banana,309,0.973088
FKIT,Y+X2_M3_r1,banana,310,0.972266
FKIT,Y+X2_M3_r1,banana,311,0.976314
FKIT,Y+X2_M3_r1,banana,312,0.970750
FKIT,Y+X2_M3_r1,banana,313,0.976493
FKIT,Y+X2_M3_r1,banana,314,0.974193
FKIT,Y+X2_M3_r1,banana,315,0.973888
FKIT,Y+X2_M3_r1,banana,316,0.974892
FKIT,Y+X2_M3_r1,banana,317,0.976188
FKIT,Y+X2_M3_r1,banana,318,0.970434
FKIT,Y+X2_M3_r1,banana,319,0.975235
FKIT,Y+X2_M3_r1,banana,320,0.973767
FKIT,Y+X2_M3_r1,banana,321,0.973199
FKIT,Y+X2_M3_r1,banana,322,0.974376
FKIT,Y+X2_M3_r1,banana,323,0.973544
FKIT,Y+X2_M3_r1,banana,324,0.976338
FKIT,Y+X2_M3_r1,banana,325,0.973488
FKIT,Y+X2_M3_r1,banana,326,0.974144
FKIT,Y+X2_M3_r1,banana,327,0.972183
FKIT,Y+X2_M3_r1,banana,328,0.974314
FKIT,Y+X2_M3_r1,banana,329,0.970277
FKIT,Y+X2_M3_r1,banana,330,0.973154
FKIT,Y+X2_M3_r1,banana,331,0.973133
FKIT,Y+X2_M3_r1,banana,332,0.973424
FKIT,Y+X2_M3_r1,banana,333,0.971530
FKIT,Y+X2_M3_r1,banana,334,0.975457
FKIT,Y+X2_M3_r1,banana,335,0.977929
FKIT,Y+X2_M3_r1,banana,336,0.975845
FKIT,Y+X2_M3_r1,banana,337,0.974860
FKIT,Y+X2_M3_r1,banana,338,0.976344
FKIT,Y+X2_M3_r1,banana,339,0.974452
FKIT,Y+X2_M3_r1,banana,340,0.978606
FKIT,Y+X2_M3_r1,banana,341,0.973040
FKIT,Y+X2_M3_r1,banana,342,0.976749
FKIT,Y+X2_M3_r1,banana,343,0.974984
FKIT,Y+X2_M3_r1,banana,344,0.979545
FKIT,Y+X2_M3_r1,banana,345,0.969164
FKIT,Y+X2_M3_r1,banana,346,0.978480
FKIT,Y+X2_M3_r1,banana,347,0.975985
FKIT,Y+X2_M3_r1,banana,348,0.970356
FKIT,Y+X2_M3_r1,banana,349,0.972872
FKIT,Y+X2_M3_r1,banana,350,0.971641
FKIT,Y+X2_M3_r1,banana,351,0.967141
FKIT,Y+X2_M3_r1,banana,352,0.969473
FKIT,Y+X2_M3_r1,banana,353,0.967152
FKIT,Y+X2_M3_r1,banana,354,0.967050
FKIT,Y+X2_M3_r1,banana,355,0.968908
FKIT,Y+X2_M3_r1,banana,356,0.967465
FKIT,Y+X2_M3_r1,banana,357,0.965121
FKIT,Y+X2_M3_r1,banana,358,0.966558
FKIT,Y+X2_M3_r1,banana,359,0.969187
FKIT,Y+X2_M3_r1,banana,360,0.964962
FKIT,Y+X2_M3_r1,banana,361,0.968038
FKIT,Y+X2_M3_r1,banana,362,0.965474
FKIT,Y+X2_M3_r1,banana,363,0.967305
FKIT,Y+X2_M3_r1,banana,364,0.972671
FKIT,Y+X2_M3_r1,banana,365,0.970933
FKIT,Y+X2_M3_r1,banana,366,0.970675
FKIT,Y+X2_M3_r1,banana,367,0.972622
FKIT,Y+X2_M3_r1,banana,368,0.973464
FKIT,Y+X2_M3_r1,banana,369,0.971821
FKIT,Y+X2_M3_r1,banana,370,0.970832
FKIT,Y+X2_M3_r1,banana,371,0.968369
FKIT,Y+X2_M3_r1,banana,372,0.970309
FKIT,Y+X2_M3_r1,banana,373,0.966292
FKIT,Y+X2_M3_r1,banana,374,0.970096
FKIT,Y+X2_M3_r1,banana,375,0.972379
FKIT,Y+X2_M3_r1,banana,376,0.971191
FKIT,Y+X2_M3_r1,banana,377,0.972098
FKIT,Y+X2_M3_r1,banana,378,0.970860
FKIT,Y+X2_M3_r1,banana,379,0.970457
FKIT,Y+X2_M3_r1,banana,380,0.971847
FKIT,Y+X2_M3_r1,banana,381,0.972973
FKIT,Y+X2_M3_r1,banana,382,0.970134
FKIT,Y+X2_M3_r1,banana,383,0.971136
FKIT,Y+X2_M3_r1,banana,384,0.970120
FKIT,Y+X2_M3_r1,banana,385,0.971292
FKIT,Y+X2_M3_r1,banana,386,0.974271
FKIT,Y+X2_M3_r1,banana,387,0.972795
FKIT,Y+X2_M3_r1,banana,388,0.975585
FKIT,Y+X2_M3_r1,banana,389,0.973323
FKIT,Y+X2_M3_r1,banana,390,0.974533
FKIT,Y+X2_M3_r1,banana,391,0.975949
FKIT,Y+X2_M3_r1,banana,392,0.977370
FKIT,Y+X2_M3_r1,banana,393,0.977802
FKIT,Y+X2_M3_r1,banana,394,0.972372
FKIT,Y+X2_M3_r1,banana,395,0.976250
FKIT,Y+X2_M3_r1,banana,396,0.975587
FKIT,Y+X2_M3_r1,banana,397,0.973237
FKIT,Y+X2_M3_r1,banana,398,0.974090
FKIT,Y+X2_M3_r1,banana,399,0.974168
FKIT,Y+X2_M3_r1,banana,400,0.970934
FKIT,Y+X2_M3_r1,banana,401,0.973467
FKIT,Y+X2_M3_r1,banana,402,0.973468
FKIT,Y+X2_M3_r1,banana,403,0.971976
FKIT,Y+X2_M3_r1,banana,404,0.971458
FKIT,Y+X2_M3_r1,banana,405,0.972052
FKIT,Y+X2_M3_r1,banana,406,0.966003
FKIT,Y+X2_M3_r1,banana,407,0.954692
FKIT,Y+X2_M3_r1,banana,408,0.959684
FKIT,Y+X2_M3_r1,banana,409,0.962029
FKIT,Y+X2_M3_r1,banana,410,0.958111
FKIT,Y+X2_M3_r1,banana,411,0.968071
FKIT,Y+X2_M3_r1,banana,412,0.968989
FKIT,Y+X2_M3_r1,banana,413,0.962918
FKIT,Y+X2_M3_r1,banana,414,0.966150
FKIT,Y+X2_M3_r1,banana,415,0.955275
FKIT,Y+X2_M3_r1,banana,416,0.953410
FKIT,Y+X2_M3_r1,banana,417,0.953785
FKIT,Y+X2_M3_r1,banana,418,0.957258
FKIT,Y+X2_M3_r1,banana,419,0.955850
FKIT,Y+X2_M3_r1,banana,420,0.955530
FKIT,Y+X2_M3_r1,banana,421,0.958691
FKIT,Y+X2_M3_r1,banana,422,0.956858
FKIT,Y+X2_M3_r1,banana,423,0.955254
FKIT,Y+X2_M3_r1,banana,424,0.956142
FKIT,Y+X2_M3_r1,banana,425,0.958806
FKIT,Y+X2_M3_r1,banana,426,0.952007
FKIT,Y+X2_M3_r1,banana,427,0.956867
FKIT,Y+X2_M3_r1,banana,428,0.950867
FKIT,Y+X2_M3_r1,banana,429,0.954056
FKIT,Y+X2_M3_r1,banana,430,0.951011
FKIT,Y+X2_M3_r1,banana,431,0.955564
FKIT,Y+X2_M3_r1,banana,432,0.953374
FKIT,Y+X2_M3_r1,banana,433,0.954405
FKIT,Y+X2_M3_r1,banana,434,0.951378
FKIT,Y+X2_M3_r1,banana,435,0.948940
FKIT,Y+X2_M3_r1,banana,436,0.948968
FKIT,Y+X2_M3_r1,banana,437,0.949569
FKIT,Y+X2_M3_r1,banana,438,0.948877
FKIT,Y+X2_M3_r1,banana,439,0.947216
FKIT,Y+X2_M3_r1,banana,440,0.947585
FKIT,Y+X2_M3_r1,banana,441,0.969378
FKIT,Y+X2_M3_r1,banana,442,0.938885
FKIT,Y+X2_M3_r1,banana,443,0.943760
FKIT,Y+X2_M3_r1,banana,444,0.947787
FKIT,Y+X2_M3_r1,banana,445,0.948775
FKIT,Y+X2_M3_r1,banana,446,0.950383
FKIT,Y+X2_M3_r1,banana,447,0.971615
FKIT,Y+X2_M3_r1,banana,448,0.974083
FKIT,Y+X2_M3_r1,banana,449,0.967465
FKIT,Y+X2_M3_r1,banana,450,0.936510
FKIT,Y+X2_M3_r1,banana,451,0.941876
FKIT,Y+X2_M3_r1,banana,452,0.937708
FKIT,Y+X2_M3_r1,banana,453,0.939951
FKIT,Y+X2_M3_r1,banana,454,0.941404
FKIT,Y+X2_M3_r1,banana,455,0.937936
FKIT,Y+X2_M3_r1,banana,456,0.938903
FKIT,Y+X2_M3_r1,banana,457,0.941849
FKIT,Y+X2_M3_r1,banana,458,0.941871
FKIT,Y+X2_M3_r1,banana,459,0.936957
FKIT,Y+X2_M3_r1,banana,460,0.939659
FKIT,Y+X2_M3_r1,banana,461,0.935406
FKIT,Y+X2_M3_r1,banana,462,0.940281
FKIT,Y+X2_M3_r1,banana,463,0.963256
FKIT,Y+X2_M3_r1,banana,464,0.958548
FKIT,Y+X2_M3_r1,banana,465,0.948712
FKIT,Y+X2_M3_r1,banana,466,0.942757
FKIT,Y+X2_M3_r1,banana,467,0.953985
FKIT,Y+X2_M3_r1,banana,468,0.957121
FKIT,Y+X2_M3_r1,banana,469,0.971886
FKIT,Y+X2_M3_r1,banana,470,0.973898
FKIT,Y+X2_M3_r1,banana,471,0.970851
FKIT,Y+X2_M3_r1,banana,472,0.974636
FKIT,Y+X2_M3_r1,banana,473,0.973646
FKIT,Y+X2_M3_r1,banana,474,0.978621
FKIT,Y+X2_M3_r1,banana,475,0.977972
FKIT,Y+X2_M3_r1,banana,476,0.978800
FKIT,Y+X2_M3_r1,banana,477,0.977912
FKIT,Y+X2_M3_r1,banana,478,0.976777
FKIT,Y+X2_M3_r1,banana,479,0.979744
FKIT,Y+X2_M3_r1,banana,480,0.981190
FKIT,Y+X2_M3_r1,banana,481,0.977174
FKIT,Y+X2_M3_r1,banana,482,0.975543
FKIT,Y+X2_M3_r1,banana,483,0.976268
FKIT,Y+X2_M3_r1,banana,484,0.980469
FKIT,Y+X2_M3_r1,banana,485,0.979611
FKIT,Y+X2_M3_r1,banana,486,0.977987
FKIT,Y+X2_M3_r1,banana,487,0.982077
FKIT,Y+X2_M3_r1,banana,488,0.981998
FKIT,Y+X2_M3_r1,banana,489,0.979925
FKIT,Y+X2_M3_r1,banana,490,0.981248
FKIT,Y+X2_M3_r1,banana,491,0.978747
FKIT,Y+X2_M3_r1,banana,492,0.982668
FKIT,Y+X2_M3_r1,banana,493,0.980791
FKIT,Y+X2_M3_r1,banana,494,0.981672
FKIT,Y+X2_M3_r1,banana,495,0.980807
FKIT,Y+X2_M3_r1,banana,496,0.983204
FKIT,Y+X2_M3_r1,banana,497,0.983395
FKIT,Y+X2_M3_r1,banana,498,0.979465
FKIT,Y+X2_M3_r1,banana,499,0.981965
FKIT,Y+X2_M3_r1,banana,500,0.981863
FKIT,Y+X2_M3_r1,banana,501,0.980571
FKIT,Y+X2_M3_r1,banana,502,0.979460
FKIT,Y+X2_M3_r1,banana,503,0.978655
FKIT,Y+X2_M3_r1,banana,504,0.979265
FKIT,Y+X2_M3_r1,banana,505,0.981701
FKIT,Y+X2_M3_r1,banana,506,0.981228
FKIT,Y+X2_M3_r1,banana,507,0.982272
FKIT,Y+X2_M3_r1,banana,508,0.981155
FKIT,Y+X2_M3_r1,banana,509,0.980764
FKIT,Y+X2_M3_r1,banana,510,0.979654
FKIT,Y+X2_M3_r1,banana,511,0.982940
FKIT,Y+X2_M3_r1,banana,512,0.982933
FKIT,Y+X2_M3_r1,banana,513,0.981314
FKIT,Y+X2_M3_r1,banana,514,0.980709
FKIT,Y+X2_M3_r1,banana,515,0.981545
FKIT,Y+X2_M3_r1,banana,516,0.979413
FKIT,Y+X2_M3_r1,banana,517,0.978560
FKIT,Y+X2_M3_r1,banana,518,0.980366
FKIT,Y+X2_M3_r1,banana,519,0.978872
FKIT,Y+X2_M3_r1,banana,520,0.980719
FKIT,Y+X2_M3_r1,banana,521,0.979476
FKIT,Y+X2_M3_r1,banana,522,0.980281
FKIT,Y+X2_M3_r1,banana,523,0.979737
FKIT,Y+X2_M3_r1,banana,524,0.979167
FKIT,Y+X2_M3_r1,banana,525,0.979716
FKIT,Y+X2_M3_r1,banana,526,0.977029
FKIT,Y+X2_M3_r1,banana,527,0.978640
FKIT,Y+X2_M3_r1,banana,528,0.976433
FKIT,Y+X2_M3_r1,banana,529,0.977099
FKIT,Y+X2_M3_r1,banana,530,0.976205
FKIT,Y+X2_M3_r1,banana,531,0.978722
FKIT,Y+X2_M3_r1,banana,532,0.975822
FKIT,Y+X2_M3_r1,banana,533,0.977344
FKIT,Y+X2_M3_r1,banana,534,0.976075
FKIT,Y+X2_M3_r1,banana,535,0.976338
FKIT,Y+X2_M3_r1,banana,536,0.977469
FKIT,Y+X2_M3_r1,banana,537,0.977242
FKIT,Y+X2_M3_r1,banana,538,0.976484
FKIT,Y+X2_M3_r1,banana,539,0.977011
FKIT,Y+X2_M3_r1,banana,540,0.975769
FKIT,Y+X2_M3_r1,banana,541,0.973672
FKIT,Y+X2_M3_r1,banana,542,0.974171
FKIT,Y+X2_M3_r1,banana,543,0.972639
FKIT,Y+X2_M3_r1,banana,544,0.971248
FKIT,Y+X2_M3_r1,banana,545,0.972872
FKIT,Y+X2_M3_r1,banana,546,0.972143
FKIT,Y+X2_M3_r1,banana,547,0.972697
FKIT,Y+X2_M3_r1,banana,548,0.972258
FKIT,Y+X2_M3_r1,banana,549,0.970889
FKIT,Y+X2_M3_r1,banana,550,0.969553
FKIT,Y+X2_M3_r1,banana,551,0.970308
FKIT,Y+X2_M3_r1,banana,552,0.968805
FKIT,Y+X2_M3_r1,banana,553,0.970420
FKIT,Y+X2_M3_r1,banana,554,0.969955
FKIT,Y+X2_M3_r1,banana,555,0.966816
FKIT,Y+X2_M3_r1,banana,556,0.968201
FKIT,Y+X2_M3_r1,banana,557,0.968821
FKIT,Y+X2_M3_r1,banana,558,0.966675
FKIT,Y+X2_M3_r1,banana,559,0.968056
FKIT,Y+X2_M3_r1,banana,560,0.966568
FKIT,Y+X2_M3_r1,banana,561,0.964161
FKIT,Y+X2_M3_r1,banana,562,0.965155
FKIT,Y+X2_M3_r1,banana,563,0.965666
FKIT,Y+X2_M3_r1,banana,564,0.963479
FKIT,Y+X2_M3_r1,banana,565,0.965838
FKIT,Y+X2_M3_r1,banana,566,0.967132
FKIT,Y+X2_M3_r1,banana,567,0.964564
FKIT,Y+X2_M3_r1,banana,568,0.962355
FKIT,Y+X2_M3_r1,banana,569,0.961710
FKIT,Y+X2_M3_r1,banana,570,0.963249
FKIT,Y+X2_M3_r1,banana,571,0.962118
FKIT,Y+X2_M3_r1,banana,572,0.959431
FKIT,Y+X2_M3_r1,banana,573,0.961177
FKIT,Y+X2_M3_r1,banana,574,0.958649
FKIT,Y+X2_M3_r1,banana,575,0.921041
FKIT,Y+X2_M3_r1,banana,576,0.957363
FKIT,Y+X2_M3_r1,banana,577,0.960294
FKIT,Y+X2_M3_r1,banana,578,0.962100
FKIT,Y+X2_M3_r1,banana,579,0.961530
FKIT,Y+X2_M3_r1,banana,580,0.961795
FKIT,Y+X2_M3_r1,banana,581,0.962092
FKIT,Y+X2_M3_r1,banana,582,0.961582
FKIT,Y+X2_M3_r1,banana,583,0.961739
FKIT,Y+X2_M3_r1,banana,584,0.961237
FKIT,Y+X2_M3_r1,banana,585,0.961141
FKIT,Y+X2_M3_r1,banana,586,0.962452
FKIT,Y+X2_M3_r1,banana,587,0.962620
FKIT,Y+X2_M3_r1,banana,588,0.961618
FKIT,Y+X2_M3_r1,banana,589,0.962986
FKIT,Y+X2_M3_r1,banana,590,0.964371
FKIT,Y+X2_M3_r1,banana,591,0.963312
FKIT,Y+X2_M3_r1,banana,592,0.962155
FKIT,Y+X2_M3_r1,banana,593,0.962556
FKIT,Y+X2_M3_r1,banana,594,0.962626
FKIT,Y+X2_M3_r1,banana,595,0.956476
FKIT,Y+X2_M3_r1,banana,596,0.963564
FKIT,Y+X2_M3_r1,banana,597,0.964816
FKIT,Y+X2_M3_r1,banana,598,0.965737
FKIT,Y+X2_M3_r1,banana,599,0.966319
FKIT,Y+X2_M3_r1,banana,600,0.964071
FKIT,Y+X2_M3_r1,banana,601,0.964635
FKIT,Y+X2_M3_r1,banana,602,0.965316
FKIT,Y+X2_M3_r1,banana,603,0.966759
FKIT,Y+X2_M3_r1,banana,604,0.964690
FKIT,Y+X2_M3_r1,banana,605,0.962333
FKIT,Y+X2_M3_r1,banana,606,0.962633
FKIT,Y+X2_M3_r1,banana,607,0.963250
FKIT,Y+X2_M3_r1,banana,608,0.965677
FKIT,Y+X2_M3_r1,banana,609,0.964155
FKIT,Y+X2_M3_r1,banana,610,0.962861
FKIT,Y+X2_M3_r1,banana,611,0.960078
FKIT,Y+X2_M3_r1,banana,612,0.964029
FKIT,Y+X2_M3_r1,banana,613,0.962641
FKIT,Y+X2_M3_r1,banana,614,0.963858
FKIT,Y+X2_M3_r1,banana,615,0.968128
FKIT,Y+X2_M3_r1,banana,616,0.967732
FKIT,Y+X2_M3_r1,banana,617,0.965169
FKIT,Y+X2_M3_r1,banana,618,0.967626
FKIT,Y+X2_M3_r1,banana,619,0.968453
FKIT,Y+X2_M3_r1,banana,620,0.965979
FKIT,Y+X2_M3_r1,banana,621,0.965076
FKIT,Y+X2_M3_r1,banana,622,0.966759
FKIT,Y+X2_M3_r1,banana,623,0.967285
FKIT,Y+X2_M3_r1,banana,624,0.968715
FKIT,Y+X2_M3_r1,banana,625,0.966669
FKIT,Y+X2_M3_r1,banana,626,0.967177
FKIT,Y+X2_M3_r1,banana,627,0.967630
FKIT,Y+X2_M3_r1,banana,628,0.966775
FKIT,Y+X2_M3_r1,banana,629,0.968193
FKIT,Y+X2_M3_r1,banana,630,0.967551
FKIT,Y+X2_M3_r1,banana,631,0.968188
FKIT,Y+X2_M3_r1,banana,632,0.966091
FKIT,Y+X2_M3_r1,banana,633,0.963505
FKIT,Y+X2_M3_r1,banana,634,0.966247
FKIT,Y+X2_M3_r1,banana,635,0.966337
FKIT,Y+X2_M3_r1,banana,636,0.965456
FKIT,Y+X2_M3_r1,banana,637,0.967997
FKIT,Y+X2_M3_r1,banana,638,0.967591
FKIT,Y+X2_M3_r1,banana,639,0.964575
FKIT,Y+X2_M3_r1,banana,640,0.965878
FKIT,Y+X2_M3_r1,banana,641,0.965475
FKIT,Y+X2_M3_r1,banana,642,0.962199
FKIT,Y+X2_M3_r1,banana,643,0.963851
FKIT,Y+X2_M3_r1,banana,644,0.964697
FKIT,Y+X2_M3_r1,banana,645,0.966342
FKIT,Y+X2_M3_r1,banana,646,0.958405
FKIT,Y+X2_M3_r1,banana,647,0.967452
FKIT,Y+X2_M3_r1,banana,648,0.964489
FKIT,Y+X2_M3_r1,banana,649,0.964243
FKIT,Y+X2_M3_r1,banana,650,0.965129
FKIT,Y+X2_M3_r1,banana,651,0.960670
FKIT,Y+X2_M3_r1,banana,652,0.960248
FKIT,Y+X2_M3_r1,banana,653,0.962429
FKIT,Y+X2_M3_r1,banana,654,0.964959
FKIT,Y+X2_M3_r1,banana,655,0.962433
FKIT,Y+X2_M3_r1,banana,656,0.958759
FKIT,Y+X2_M3_r1,banana,657,0.957445
FKIT,Y+X2_M3_r1,banana,658,0.960275
FKIT,Y+X2_M3_r1,banana,659,0.957876
FKIT,Y+X2_M3_r1,banana,660,0.954730
FKIT,Y+X2_M3_r1,banana,661,0.961548
FKIT,Y+X2_M3_r1,banana,662,0.958451
FKIT,Y+X2_M3_r1,banana,663,0.952462
FKIT,Y+X2_M3_r1,banana,664,0.948720
FKIT,Y+X2_M3_r1,banana,665,0.946714
FKIT,Y+X2_M3_r1,banana,666,0.946162
FKIT,Y+X2_M3_r1,banana,667,0.946270
FKIT,Y+X2_M3_r1,banana,668,0.944079
FKIT,Y+X2_M3_r1,banana,669,0.949745
FKIT,Y+X2_M3_r1,banana,670,0.948349
FKIT,Y+X2_M3_r1,banana,671,0.946160
FKIT,Y+X2_M3_r1,banana,672,0.941582
FKIT,Y+X2_M3_r1,banana,673,0.950645
FKIT,Y+X2_M3_r1,banana,674,0.948362
FKIT,Y+X2_M3_r1,banana,675,0.944121
FKIT,Y+X2_M3_r1,banana,676,0.953025
FKIT,Y+X2_M3_r1,banana,677,0.953015
FKIT,Y+X2_M3_r1,banana,678,0.949771
FKIT,Y+X2_M3_r1,banana,679,0.950606
FKIT,Y+X2_M3_r1,banana,680,0.949143
FKIT,Y+X2_M3_r1,banana,681,0.947966
FKIT,Y+X2_M3_r1,banana,682,0.949774
FKIT,Y+X2_M3_r1,banana,683,0.947385
FKIT,Y+X2_M3_r1,banana,684,0.947155
FKIT,Y+X2_M3_r1,banana,685,0.943016
FKIT,Y+X2_M3_r1,banana,686,0.944993
FKIT,Y+X2_M3_r1,banana,687,0.943860
FKIT,Y+X2_M3_r1,banana,688,0.951847
FKIT,Y+X2_M3_r1,banana,689,0.951974
FKIT,Y+X2_M3_r1,banana,690,0.953840
FKIT,Y+X2_M3_r1,banana,691,0.953186
FKIT,Y+X2_M3_r1,banana,692,0.949282
FKIT,Y+X2_M3_r1,banana,693,0.947706
FKIT,Y+X2_M3_r1,banana,694,0.944224
FKIT,Y+X2_M3_r1,banana,695,0.949347
FKIT,Y+X2_M3_r1,banana,696,0.946323
FKIT,Y+X2_M3_r1,banana,697,0.947185
FKIT,Y+X2_M3_r1,banana,698,0.942981
FKIT,Y+X2_M3_r1,banana,699,0.949755
FKIT,Y+X2_M3_r1,banana,700,0.945676
FKIT,Y+X2_M3_r1,banana,701,0.945351
FKIT,Y+X2_M3_r1,banana,702,0.939450
FKIT,Y+X2_M3_r1,banana,703,0.944162
FKIT,Y+X2_M3_r1,banana,704,0.936929
FKIT,Y+X2_M3_r1,banana,705,0.937821
FKIT,Y+X2_M3_r1,banana,706,0.943634
FKIT,Y+X2_M3_r1,banana,707,0.942348
FKIT,Y+X2_M3_r1,banana,708,0.948756
FKIT,Y+X2_M3_r1,banana,709,0.953328
FKIT,Y+X2_M3_r1,banana,710,0.950338
FKIT,Y+X2_M3_r1,banana,711,0.949228
FKIT,Y+X2_M3_r1,banana,712,0.950808
FKIT,Y+X2_M3_r1,banana,713,0.948579
FKIT,Y+X2_M3_r1,banana,714,0.952114
FKIT,Y+X2_M3_r1,banana,715,0.950494
FKIT,Y+X2_M3_r1,banana,716,0.955691
FKIT,Y+X2_M3_r1,banana,717,0.950828
FKIT,Y+X2_M3_r1,banana,718,0.954552
FKIT,Y+X2_M3_r1,banana,719,0.958111
FKIT,Y+X2_M3_r1,banana,720,0.963649
FKIT,Y+X2_M3_r1,banana,721,0.963448
FKIT,Y+X2_M3_r1,banana,722,0.959630
FKIT,Y+X2_M3_r1,banana,723,0.958281
FKIT,Y+X2_M3_r1,banana,724,0.956889
FKIT,Y+X2_M3_r1,banana,725,0.959836
FKIT,Y+X2_M3_r1,banana,726,0.964954
FKIT,Y+X2_M3_r1,banana,727,0.964615
FKIT,Y+X2_M3_r1,banana,728,0.962838
FKIT,Y+X2_M3_r1,banana,729,0.962789
FKIT,Y+X2_M3_r1,banana,730,0.965522
FKIT,Y+X2_M3_r1,banana,731,0.961056
FKIT,Y+X2_M3_r1,banana,732,0.962742
FKIT,Y+X2_M3_r1,banana,733,0.970218
FKIT,Y+X2_M3_r1,banana,734,0.964230
FKIT,Y+X2_M3_r1,banana,735,0.967546
FKIT,Y+X2_M3_r1,banana,736,0.969571
FKIT,Y+X2_M3_r1,banana,737,0.969842
FKIT,Y+X2_M3_r1,banana,738,0.966123
FKIT,Y+X2_M3_r1,banana,739,0.968094
FKIT,Y+X2_M3_r1,banana,740,0.970160
FKIT,Y+X2_M3_r1,banana,741,0.970190
FKIT,Y+X2_M3_r1,banana,742,0.970099
FKIT,Y+X2_M3_r1,banana,743,0.968497
FKIT,Y+X2_M3_r1,banana,744,0.964526
FKIT,Y+X2_M3_r1,banana,745,0.964286
FKIT,Y+X2_M3_r1,banana,746,0.965146
FKIT,Y+X2_M3_r1,banana,747,0.964413
FKIT,Y+X2_M3_r1,banana,748,0.956145
FKIT,Y+X2_M3_r1,banana,749,0.964627
FKIT,Y+X2_M3_r1,banana,750,0.962946
FKIT,Y+X2_M3_r1,banana,751,0.965282
FKIT,Y+X2_M3_r1,banana,752,0.966978
FKIT,Y+X2_M3_r1,banana,753,0.963269
FKIT,Y+X2_M3_r1,banana,754,0.963783
FKIT,Y+X2_M3_r1,banana,755,0.965943
FKIT,Y+X2_M3_r1,banana,756,0.966989
FKIT,Y+X2_M3_r1,banana,757,0.964850
FKIT,Y+X2_M3_r1,banana,758,0.961694
FKIT,Y+X2_M3_r1,banana,759,0.962748
FKIT,Y+X2_M3_r1,banana,760,0.963785
FKIT,Y+X2_M3_r1,banana,761,0.966093
FKIT,Y+X2_M3_r1,banana,762,0.965222
FKIT,Y+X2_M3_r1,banana,763,0.964813
FKIT,Y+X2_M3_r1,banana,764,0.965494
FKIT,Y+X2_M3_r1,banana,765,0.968875
FKIT,Y+X2_M3_r1,banana,766,0.968613
FKIT,Y+X2_M3_r1,banana,767,0.966310
FKIT,Y+X2_M3_r1,banana,768,0.968563
FKIT,Y+X2_M3_r1,banana,769,0.972154
FKIT,Y+X2_M3_r1,banana,770,0.972479
FKIT,Y+X2_M3_r1,banana,771,0.971654
FKIT,Y+X2_M3_r1,banana,772,0.969548
FKIT,Y+X2_M3_r1,banana,773,0.972604
FKIT,Y+X2_M3_r1,banana,774,0.975856
FKIT,Y+X2_M3_r1,banana,775,0.976919
FKIT,Y+X2_M3_r1,banana,776,0.971654
FKIT,Y+X2_M3_r1,banana,777,0.975846
FKIT,Y+X2_M3_r1,banana,778,0.970635
FKIT,Y+X2_M3_r1,banana,779,0.973572
FKIT,Y+X2_M3_r1,banana,780,0.972746
FKIT,Y+X2_M3_r1,banana,781,0.974563
FKIT,Y+X2_M3_r1,banana,782,0.972639
FKIT,Y+X2_M3_r1,banana,783,0.972885
FKIT,Y+X2_M3_r1,banana,784,0.974120
FKIT,Y+X2_M3_r1,banana,785,0.975720
FKIT,Y+X2_M3_r1,banana,786,0.975439
FKIT,Y+X2_M3_r1,banana,787,0.972451
FKIT,Y+X2_M3_r1,banana,788,0.970649
FKIT,Y+X2_M3_r1,banana,789,0.969810
FKIT,Y+X2_M3_r1,banana,790,0.968010
FKIT,Y+X2_M3_r1,banana,791,0.971333
FKIT,Y+X2_M3_r1,banana,792,0.970469
FKIT,Y+X2_M3_r1,banana,793,0.965922
FKIT,Y+X2_M3_r1,banana,794,0.969744
FKIT,Y+X2_M3_r1,banana,795,0.969921
FKIT,Y+X2_M3_r1,banana,796,0.968078
FKIT,Y+X2_M3_r1,banana,797,0.967679
FKIT,Y+X2_M3_r1,banana,798,0.964791
FKIT,Y+X2_M3_r1,banana,799,0.967748
FKIT,Y+X2_M3_r1,banana,800,0.965929
FKIT,Y+X2_M3_r1,banana,801,0.967827
FKIT,Y+X2_M3_r1,banana,802,0.967267
FKIT,Y+X2_M3_r1,banana,803,0.964064
FKIT,Y+X2_M3_r1,banana,804,0.968747
FKIT,Y+X2_M3_r1,banana,805,0.967371
FKIT,Y+X2_M3_r1,banana,806,0.964498
FKIT,Y+X2_M3_r1,banana,807,0.965744
FKIT,Y+X2_M3_r1,banana,808,0.970204
FKIT,Y+X2_M3_r1,banana,809,0.968115
FKIT,Y+X2_M3_r1,banana,810,0.968206
FKIT,Y+X2_M3_r1,banana,811,0.970743
FKIT,Y+X2_M3_r1,banana,812,0.970577
FKIT,Y+X2_M3_r1,banana,813,0.971730
FKIT,Y+X2_M3_r1,banana,814,0.977678
FKIT,Y+X2_M3_r1,banana,815,0.974596
FKIT,Y+X2_M3_r1,banana,816,0.972484
FKIT,Y+X2_M3_r1,banana,817,0.973730
FKIT,Y+X2_M3_r1,banana,818,0.972316
FKIT,Y+X2_M3_r1,banana,819,0.974420
FKIT,Y+X2_M3_r1,banana,820,0.973723
FKIT,Y+X2_M3_r1,banana,821,0.971186
FKIT,Y+X2_M3_r1,banana,822,0.971750
FKIT,Y+X2_M3_r1,banana,823,0.974588
FKIT,Y+X2_M3_r1,banana,824,0.975863
FKIT,Y+X2_M3_r1,banana,825,0.973663
FKIT,Y+X2_M3_r1,banana,826,0.974468
FKIT,Y+X2_M3_r1,banana,827,0.973423
FKIT,Y+X2_M3_r1,banana,828,0.975273
FKIT,Y+X2_M3_r1,banana,829,0.976114
FKIT,Y+X2_M3_r1,banana,830,0.972155
FKIT,Y+X2_M3_r1,banana,831,0.972947
FKIT,Y+X2_M3_r1,banana,832,0.973872
FKIT,Y+X2_M3_r1,banana,833,0.973753
FKIT,Y+X2_M3_r1,banana,834,0.972210
FKIT,Y+X2_M3_r1,banana,835,0.971822
FKIT,Y+X2_M3_r1,banana,836,0.972174
FKIT,Y+X2_M3_r1,banana,837,0.973236
FKIT,Y+X2_M3_r1,banana,838,0.972503
FKIT,Y+X2_M3_r1,banana,839,0.971025
FKIT,Y+X2_M3_r1,banana,840,0.975128
FKIT,Y+X2_M3_r1,banana,841,0.968610
FKIT,Y+X2_M3_r1,banana,842,0.973232
FKIT,Y+X2_M3_r1,banana,843,0.972601
FKIT,Y+X2_M3_r1,banana,844,0.973187
FKIT,Y+X2_M3_r1,banana,845,0.976078
FKIT,Y+X2_M3_r1,banana,846,0.971031
FKIT,Y+X2_M3_r1,banana,847,0.971921
FKIT,Y+X2_M3_r1,banana,848,0.973553
FKIT,Y+X2_M3_r1,banana,849,0.976388
FKIT,Y+X2_M3_r1,banana,850,0.974871
FKIT,Y+X2_M3_r1,banana,851,0.974968
FKIT,Y+X2_M3_r1,banana,852,0.969210
FKIT,Y+X2_M3_r1,banana,853,0.971529
FKIT,Y+X2_M3_r1,banana,854,0.975078
FKIT,Y+X2_M3_r1,banana,855,0.972918
FKIT,Y+X2_M3_r1,banana,856,0.973376
FKIT,Y+X2_M3_r1,banana,857,0.970237
FKIT,Y+X2_M3_r1,banana,858,0.970000
FKIT,Y+X2_M3_r1,banana,859,0.974011
FKIT,Y+X2_M3_r1,banana,860,0.970886
FKIT,Y+X2_M3_r1,banana,861,0.972502
FKIT,Y+X2_M3_r1,banana,862,0.972834
FKIT,Y+X2_M3_r1,banana,863,0.974169
FKIT,Y+X2_M3_r1,banana,864,0.975621
FKIT,Y+X2_M3_r1,banana,865,0.973251
FKIT,Y+X2_M3_r1,banana,866,0.971256
FKIT,Y+X2_M3_r1,banana,867,0.970995
FKIT,Y+X2_M3_r1,banana,868,0.969078
FKIT,Y+X2_M3_r1,banana,869,0.971470
FKIT,Y+X2_M3_r1,banana,870,0.974529
FKIT,Y+X2_M3_r1,banana,871,0.973782
FKIT,Y+X2_M3_r1,banana,872,0.973117
FKIT,Y+X2_M3_r1,banana,873,0.976707
FKIT,Y+X2_M3_r1,banana,874,0.972106
FKIT,Y+X2_M3_r1,banana,875,0.970271
FKIT,Y+X2_M3_r1,banana,876,0.968379
FKIT,Y+X2_M3_r1,banana,877,0.965460
FKIT,Y+X2_M3_r1,banana,878,0.967334
FKIT,Y+X2_M3_r1,banana,879,0.971131
FKIT,Y+X2_M3_r1,banana,880,0.967784
FKIT,Y+X2_M3_r1,banana,881,0.964777
FKIT,Y+X2_M3_r1,banana,882,0.965688
FKIT,Y+X2_M3_r1,banana,883,0.966361
FKIT,Y+X2_M3_r1,banana,884,0.968430
FKIT,Y+X2_M3_r1,banana,885,0.969991
FKIT,Y+X2_M3_r1,banana,886,0.962701
FKIT,Y+X2_M3_r1,banana,887,0.959970
FKIT,Y+X2_M3_r1,banana,888,0.963702
FKIT,Y+X2_M3_r1,banana,889,0.965596
FKIT,Y+X2_M3_r1,banana,890,0.963981
FKIT,Y+X2_M3_r1,banana,891,0.964368
FKIT,Y+X2_M3_r1,banana,892,0.965638
FKIT,Y+X2_M3_r1,banana,893,0.959710
FKIT,Y+X2_M3_r1,banana,894,0.963091
FKIT,Y+X2_M3_r1,banana,895,0.963638
FKIT,Y+X2_M3_r1,banana,896,0.960119
FKIT,Y+X2_M3_r1,banana,897,0.962548
FKIT,Y+X2_M3_r1,banana,898,0.960008
FKIT,Y+X2_M3_r1,banana,899,0.964056
FKIT,Y+X2_M3_r1,banana,900,0.960808
FKIT,Y+X2_M3_r1,banana,901,0.963588
FKIT,Y+X2_M3_r1,banana,902,0.964573
FKIT,Y+X2_M3_r1,banana,903,0.962952
FKIT,Y+X2_M3_r1,banana,904,0.962448
FKIT,Y+X2_M3_r1,banana,905,0.962522
FKIT,Y+X2_M3_r1,banana,906,0.961162
FKIT,Y+X2_M3_r1,banana,907,0.961868
FKIT,Y+X2_M3_r1,banana,908,0.960168
FKIT,Y+X2_M3_r1,banana,909,0.961681
FKIT,Y+X2_M3_r1,banana,910,0.960162
FKIT,Y+X2_M3_r1,banana,911,0.961542
FKIT,Y+X2_M3_r1,banana,912,0.958983
FKIT,Y+X2_M3_r1,banana,913,0.961335
FKIT,Y+X2_M3_r1,banana,914,0.958570
FKIT,Y+X2_M3_r1,banana,915,0.958107
FKIT,Y+X2_M3_r1,banana,916,0.956681
FKIT,Y+X2_M3_r1,banana,917,0.958634
FKIT,Y+X2_M3_r1,banana,918,0.962024
FKIT,Y+X2_M3_r1,banana,919,0.958002
FKIT,Y+X2_M3_r1,banana,920,0.960594
FKIT,Y+X2_M3_r1,banana,921,0.956583
FKIT,Y+X2_M3_r1,banana,922,0.960211
FKIT,Y+X2_M3_r1,banana,923,0.959756
FKIT,Y+X2_M3_r1,banana,924,0.958269
FKIT,Y+X2_M3_r1,banana,925,0.955663
FKIT,Y+X2_M3_r1,banana,926,0.957069
FKIT,Y+X2_M3_r1,banana,927,0.962419
FKIT,Y+X2_M3_r1,banana,928,0.959184
FKIT,Y+X2_M3_r1,banana,929,0.957661
FKIT,Y+X2_M3_r1,banana,930,0.961842
FKIT,Y+X2_M3_r1,banana,931,0.960386
FKIT,Y+X2_M3_r1,banana,932,0.964497
FKIT,Y+X2_M3_r1,banana,933,0.963462
FKIT,Y+X2_M3_r1,banana,934,0.961543
FKIT,Y+X2_M3_r1,banana,935,0.955999
FKIT,Y+X2_M3_r1,banana,936,0.961849
FKIT,Y+X2_M3_r1,banana,937,0.958763
FKIT,Y+X2_M3_r1,banana,938,0.960265
FKIT,Y+X2_M3_r1,banana,939,0.960449
FKIT,Y+X2_M3_r1,banana,940,0.959911
FKIT,Y+X2_M3_r1,banana,941,0.959823
FKIT,Y+X2_M3_r1,banana,942,0.963183
FKIT,Y+X2_M3_r1,banana,943,0.962874
FKIT,Y+X2_M3_r1,banana,944,0.961904
FKIT,Y+X2_M3_r1,banana,945,0.957977
FKIT,Y+X2_M3_r1,banana,946,0.957793
FKIT,Y+X2_M3_r1,banana,947,0.965367
FKIT,Y+X2_M3_r1,banana,948,0.963493
FKIT,Y+X2_M3_r1,banana,949,0.962803
FKIT,Y+X2_M3_r1,banana,950,0.965851
FKIT,Y+X2_M3_r1,banana,951,0.961664
FKIT,Y+X2_M3_r1,banana,952,0.964112
FKIT,Y+X2_M3_r1,banana,953,0.962616
FKIT,Y+X2_M3_r1,banana,954,0.961194
FKIT,Y+X2_M3_r1,banana,955,0.965115
FKIT,Y+X2_M3_r1,banana,956,0.957540
FKIT,Y+X2_M3_r1,banana,957,0.962109
FKIT,Y+X2_M3_r1,banana,958,0.962560
FKIT,Y+X2_M3_r1,banana,959,0.960224
FKIT,Y+X2_M3_r1,banana,960,0.960479
FKIT,Y+X2_M3_r1,banana,961,0.962201
FKIT,Y+X2_M3_r1,banana,962,0.962742
FKIT,Y+X2_M3_r1,banana,963,0.962711
FKIT,Y+X2_M3_r1,banana,964,0.964197
FKIT,Y+X2_M3_r1,banana,965,0.964772
FKIT,Y+X2_M3_r1,banana,966,0.963312
FKIT,Y+X2_M3_r1,banana,967,0.965689
FKIT,Y+X2_M3_r1,banana,968,0.961292
FKIT,Y+X2_M3_r1,banana,969,0.963078
FKIT,Y+X2_M3_r1,banana,970,0.962703
FKIT,Y+X2_M3_r1,banana,971,0.963306
FKIT,Y+X2_M3_r1,banana,972,0.963144
FKIT,Y+X2_M3_r1,banana,973,0.963093
FKIT,Y+X2_M3_r1,banana,974,0.966056
FKIT,Y+X2_M3_r1,banana,975,0.969737
FKIT,Y+X2_M3_r1,banana,976,0.966980
FKIT,Y+X2_M3_r1,banana,977,0.962471
FKIT,Y+X2_M3_r1,banana,978,0.961378
FKIT,Y+X2_M3_r1,banana,979,0.962533
FKIT,Y+X2_M3_r1,banana,980,0.963052
FKIT,Y+X2_M3_r1,banana,981,0.966519
FKIT,Y+X2_M3_r1,banana,982,0.962306
FKIT,Y+X2_M3_r1,banana,983,0.960768
FKIT,Y+X2_M3_r1,banana,984,0.964543
FKIT,Y+X2_M3_r1,banana,985,0.968053
FKIT,Y+X2_M3_r1,banana,986,0.962342
FKIT,Y+X2_M3_r1,banana,987,0.966891
FKIT,Y+X2_M3_r1,banana,988,0.964857
FKIT,Y+X2_M3_r1,banana,989,0.963894
FKIT,Y+X2_M3_r1,banana,990,0.961078
FKIT,Y+X2_M3_r1,banana,991,0.964313
FKIT,Y+X2_M3_r1,banana,992,0.964442
FKIT,Y+X2_M3_r1,banana,993,0.962109
FKIT,Y+X2_M3_r1,banana,994,0.967707
FKIT,Y+X2_M3_r1,banana,995,0.966173
FKIT,Y+X2_M3_r1,banana,996,0.963134
FKIT,Y+X2_M3_r1,banana,997,0.962519
FKIT,Y+X2_M3_r1,banana,998,0.962244
FKIT,Y+X2_M3_r1,banana,999,0.960990
FKIT,Y+X2_M3_r1,banana,1000,0.960951
FKIT,Y+X2_M3_r1,banana,1001,0.958535
FKIT,Y+X2_M3_r1,banana,1002,0.955148
FKIT,Y+X2_M3_r1,banana,1003,0.961230
FKIT,Y+X2_M3_r1,banana,1004,0.958938
FKIT,Y+X2_M3_r1,banana,1005,0.959146
FKIT,Y+X2_M3_r1,banana,1006,0.955349
FKIT,Y+X2_M3_r1,banana,1007,0.955308
FKIT,Y+X2_M3_r1,banana,1008,0.956288
FKIT,Y+X2_M3_r1,banana,1009,0.951369
FKIT,Y+X2_M3_r1,banana,1010,0.952244
FKIT,Y+X2_M3_r1,banana,1011,0.947957
FKIT,Y+X2_M3_r1,banana,1012,0.952868
FKIT,Y+X2_M3_r1,banana,1013,0.952788
FKIT,Y+X2_M3_r1,banana,1014,0.952402
FKIT,Y+X2_M3_r1,banana,1015,0.958215
FKIT,Y+X2_M3_r1,banana,1016,0.948916
FKIT,Y+X2_M3_r1,banana,1017,0.953031
FKIT,Y+X2_M3_r1,banana,1018,0.945866
FKIT,Y+X2_M3_r1,banana,1019,0.945032
FKIT,Y+X2_M3_r1,banana,1020,0.947459
FKIT,Y+X2_M3_r1,banana,1021,0.944674
FKIT,Y+X2_M3_r1,banana,1022,0.944668
FKIT,Y+X2_M3_r1,banana,1023,0.946372
FKIT,Y+X2_M3_r1,banana,1024,0.947136
FKIT,Y+X2_M3_r1,banana,1025,0.943460
FKIT,Y+X2_M3_r1,banana,1026,0.938608
FKIT,Y+X2_M3_r1,banana,1027,0.939035
FKIT,Y+X2_M3_r1,banana,1028,0.947068
FKIT,Y+X2_M3_r1,banana,1029,0.938289
FKIT,Y+X2_M3_r1,banana,1030,0.945822
FKIT,Y+X2_M3_r1,banana,1031,0.948030
FKIT,Y+X2_M3_r1,banana,1032,0.953515
FKIT,Y+X2_M3_r1,banana,1033,0.951349
FKIT,Y+X2_M3_r1,banana,1034,0.953090
FKIT,Y+X2_M3_r1,banana,1035,0.952308
FKIT,Y+X2_M3_r1,banana,1036,0.950060
FKIT,Y+X2_M3_r1,banana,1037,0.946014
FKIT,Y+X2_M3_r1,banana,1038,0.954377
FKIT,Y+X2_M3_r1,banana,1039,0.953779
FKIT,Y+X2_M3_r1,banana,1040,0.957455
FKIT,Y+X2_M3_r1,banana,1041,0.959740
FKIT,Y+X2_M3_r1,banana,1042,0.962412
FKIT,Y+X2_M3_r1,banana,1043,0.961963
FKIT,Y+X2_M3_r1,banana,1044,0.960611
FKIT,Y+X2_M3_r1,banana,1045,0.958788
FKIT,Y+X2_M3_r1,banana,1046,0.958744
FKIT,Y+X2_M3_r1,banana,1047,0.957423
FKIT,Y+X2_M3_r1,banana,1048,0.959700
FKIT,Y+X2_M3_r1,banana,1049,0.958501
FKIT,Y+X2_M3_r1,banana,1050,0.954480
FKIT,Y+X2_M3_r1,banana,1051,0.955933
FKIT,Y+X2_M3_r1,banana,1052,0.958833
FKIT,Y+X2_M3_r1,banana,1053,0.961514
FKIT,Y+X2_M3_r1,banana,1054,0.957023
FKIT,Y+X2_M3_r1,banana,1055,0.963362
FKIT,Y+X2_M3_r1,banana,1056,0.961150
FKIT,Y+X2_M3_r1,banana,1057,0.962799
FKIT,Y+X2_M3_r1,banana,1058,0.965230
FKIT,Y+X2_M3_r1,banana,1059,0.964012
FKIT,Y+X2_M3_r1,banana,1060,0.965952
FKIT,Y+X2_M3_r1,banana,1061,0.958293
FKIT,Y+X2_M3_r1,banana,1062,0.965104
FKIT,Y+X2_M3_r1,banana,1063,0.960697
FKIT,Y+X2_M3_r1,banana,1064,0.961790
FKIT,Y+X2_M3_r1,banana,1065,0.959778
FKIT,Y+X2_M3_r1,banana,1066,0.939257
FKIT,Y+X2_M3_r1,banana,1067,0.964984
FKIT,Y+X2_M3_r1,banana,1068,0.964862
FKIT,Y+X2_M3_r1,banana,1069,0.964154
FKIT,Y+X2_M3_r1,banana,1070,0.962434
FKIT,Y+X2_M3_r1,banana,1071,0.959883
FKIT,Y+X2_M3_r1,banana,1072,0.960674
FKIT,Y+X2_M3_r1,banana,1073,0.958689
FKIT,Y+X2_M3_r1,banana,1074,0.964270
FKIT,Y+X2_M3_r1,banana,1075,0.962540
FKIT,Y+X2_M3_r1,banana,1076,0.958840
FKIT,Y+X2_M3_r1,banana,1077,0.968011
FKIT,Y+X2_M3_r1,banana,1078,0.962564
FKIT,Y+X2_M3_r1,banana,1079,0.971459
FKIT,Y+X2_M3_r1,banana,1080,0.970236
FKIT,Y+X2_M3_r1,banana,1081,0.972245
FKIT,Y+X2_M3_r1,banana,1082,0.968367
FKIT,Y+X2_M3_r1,banana,1083,0.968135
FKIT,Y+X2_M3_r1,banana,1084,0.970331
FKIT,Y+X2_M3_r1,banana,1085,0.970122
FKIT,Y+X2_M3_r1,banana,1086,0.966356
FKIT,Y+X2_M3_r1,banana,1087,0.967846
FKIT,Y+X2_M3_r1,banana,1088,0.971842
FKIT,Y+X2_M3_r1,banana,1089,0.969529
FKIT,Y+X2_M3_r1,banana,1090,0.973044
FKIT,Y+X2_M3_r1,banana,1091,0.968928
FKIT,Y+X2_M3_r1,banana,1092,0.969591
FKIT,Y+X2_M3_r1,banana,1093,0.970843
FKIT,Y+X2_M3_r1,banana,1094,0.967086
FKIT,Y+X2_M3_r1,banana,1095,0.970328
FKIT,Y+X2_M3_r1,banana,1096,0.969555
FKIT,Y+X2_M3_r1,banana,1097,0.973802
FKIT,Y+X2_M3_r1,banana,1098,0.968248
FKIT,Y+X2_M3_r1,banana,1099,0.969336
FKIT,Y+X2_M3_r1,banana,1100,0.971028
FKIT,Y+X2_M3_r1,banana,1101,0.967110
FKIT,Y+X2_M3_r1,banana,1102,0.971871
FKIT,Y+X2_M3_r1,banana,1103,0.966684
FKIT,Y+X2_M3_r1,banana,1104,0.965789
FKIT,Y+X2_M3_r1,banana,1105,0.966501
FKIT,Y+X2_M3_r1,banana,1106,0.963644
FKIT,Y+X2_M3_r1,banana,1107,0.967264
FKIT,Y+X2_M3_r1,banana,1108,0.968559
FKIT,Y+X2_M3_r1,banana,1109,0.965311
FKIT,Y+X2_M3_r1,banana,1110,0.965244
FKIT,Y+X2_M3_r1,banana,1111,0.969725
FKIT,Y+X2_M3_r1,banana,1112,0.967146
FKIT,Y+X2_M3_r1,banana,1113,0.970649
FKIT,Y+X2_M3_r1,banana,1114,0.969232
FKIT,Y+X2_M3_r1,banana,1115,0.967149
FKIT,Y+X2_M3_r1,banana,1116,0.968596
FKIT,Y+X2_M3_r1,banana,1117,0.967228
FKIT,Y+X2_M3_r1,banana,1118,0.968063
FKIT,Y+X2_M3_r1,banana,1119,0.969283
FKIT,Y+X2_M3_r1,banana,1120,0.971160
FKIT,Y+X2_M3_r1,banana,1121,0.969196
FKIT,Y+X2_M3_r1,banana,1122,0.970182
FKIT,Y+X2_M3_r1,banana,1123,0.972554
FKIT,Y+X2_M3_r1,banana,1124,0.974060
FKIT,Y+X2_M3_r1,banana,1125,0.974998
FKIT,Y+X2_M3_r1,banana,1126,0.970505
FKIT,Y+X2_M3_r1,banana,1127,0.973714
FKIT,Y+X2_M3_r1,banana,1128,0.973120
FKIT,Y+X2_M3_r1,banana,1129,0.976265
FKIT,Y+X2_M3_r1,banana,1130,0.978924
FKIT,Y+X2_M3_r1,banana,1131,0.978846
FKIT,Y+X2_M3_r1,banana,1132,0.970941
FKIT,Y+X2_M3_r1,banana,1133,0.974691
FKIT,Y+X2_M3_r1,banana,1134,0.975183
FKIT,Y+X2_M3_r1,banana,1135,0.973351
FKIT,Y+X2_M3_r1,banana,1136,0.973071
FKIT,Y+X2_M3_r1,banana,1137,0.973591
FKIT,Y+X2_M3_r1,banana,1138,0.970756
FKIT,Y+X2_M3_r1,banana,1139,0.972619
FKIT,Y+X2_M3_r1,banana,1140,0.973619
FKIT,Y+X2_M3_r1,banana,1141,0.977090
FKIT,Y+X2_M3_r1,banana,1142,0.974645
FKIT,Y+X2_M3_r1,banana,1143,0.974119
FKIT,Y+X2_M3_r1,banana,1144,0.970486
FKIT,Y+X2_M3_r1,banana,1145,0.972918
FKIT,Y+X2_M3_r1,banana,1146,0.975163
FKIT,Y+X2_M3_r1,banana,1147,0.974672
FKIT,Y+X2_M3_r1,banana,1148,0.973631
FKIT,Y+X2_M3_r1,banana,1149,0.978651
FKIT,Y+X2_M3_r1,banana,1150,0.973845
FKIT,Y+X2_M3_r1,banana,1151,0.978471
FKIT,Y+X2_M3_r1,banana,1152,0.976547
FKIT,Y+X2_M3_r1,banana,1153,0.974745
FKIT,Y+X2_M3_r1,banana,1154,0.975007
FKIT,Y+X2_M3_r1,banana,1155,0.971101
FKIT,Y+X2_M3_r1,capsicum,0,0.609340
FKIT,Y+X2_M3_r1,capsicum,1,0.938639
FKIT,Y+X2_M3_r1,capsicum,2,0.933876
FKIT,Y+X2_M3_r1,capsicum,3,0.933428
FKIT,Y+X2_M3_r1,capsicum,4,0.938446
FKIT,Y+X2_M3_r1,capsicum,5,0.931439
FKIT,Y+X2_M3_r1,capsicum,6,0.931133
FKIT,Y+X2_M3_r1,capsicum,7,0.934229
FKIT,Y+X2_M3_r1,capsicum,8,0.933195
FKIT,Y+X2_M3_r1,capsicum,9,0.934306
FKIT,Y+X2_M3_r1,capsicum,10,0.937106
FKIT,Y+X2_M3_r1,capsicum,11,0.933879
FKIT,Y+X2_M3_r1,capsicum,12,0.928106
FKIT,Y+X2_M3_r1,capsicum,13,0.930161
FKIT,Y+X2_M3_r1,capsicum,14,0.943537
FKIT,Y+X2_M3_r1,capsicum,15,0.945108
FKIT,Y+X2_M3_r1,capsicum,16,0.944169
FKIT,Y+X2_M3_r1,capsicum,17,0.944234
FKIT,Y+X2_M3_r1,capsicum,18,0.944480
FKIT,Y+X2_M3_r1,capsicum,19,0.946817
FKIT,Y+X2_M3_r1,capsicum,20,0.944072
FKIT,Y+X2_M3_r1,capsicum,21,0.942886
FKIT,Y+X2_M3_r1,capsicum,22,0.943371
FKIT,Y+X2_M3_r1,capsicum,23,0.942862
FKIT,Y+X2_M3_r1,capsicum,24,0.944512
FKIT,Y+X2_M3_r1,capsicum,25,0.942681
FKIT,Y+X2_M3_r1,capsicum,26,0.948213
FKIT,Y+X2_M3_r1,capsicum,27,0.948658
FKIT,Y+X2_M3_r1,capsicum,28,0.944259
FKIT,Y+X2_M3_r1,capsicum,29,0.949592
FKIT,Y+X2_M3_r1,capsicum,30,0.949577
FKIT,Y+X2_M3_r1,capsicum,31,0.944135
FKIT,Y+X2_M3_r1,capsicum,32,0.947536
FKIT,Y+X2_M3_r1,capsicum,33,0.945838
FKIT,Y+X2_M3_r1,capsicum,34,0.946648
FKIT,Y+X2_M3_r1,capsicum,35,0.949164
FKIT,Y+X2_M3_r1,capsicum,36,0.943485
FKIT,Y+X2_M3_r1,capsicum,37,0.944610
FKIT,Y+X2_M3_r1,capsicum,38,0.947021
FKIT,Y+X2_M3_r1,capsicum,39,0.944243
FKIT,Y+X2_M3_r1,capsicum,40,0.948035
FKIT,Y+X2_M3_r1,capsicum,41,0.950506
FKIT,Y+X2_M3_r1,capsicum,42,0.954612
FKIT,Y+X2_M3_r1,capsicum,43,0.950745
FKIT,Y+X2_M3_r1,capsicum,44,0.952994
FKIT,Y+X2_M3_r1,capsicum,45,0.950243
FKIT,Y+X2_M3_r1,capsicum,46,0.952253
FKIT,Y+X2_M3_r1,capsicum,47,0.955330
FKIT,Y+X2_M3_r1,capsicum,48,0.952397
FKIT,Y+X2_M3_r1,capsicum,49,0.954742
FKIT,Y+X2_M3_r1,capsicum,50,0.953634
FKIT,Y+X2_M3_r1,capsicum,51,0.954986
FKIT,Y+X2_M3_r1,capsicum,52,0.954550
FKIT,Y+X2_M3_r1,capsicum,53,0.954462
FKIT,Y+X2_M3_r1,capsicum,54,0.957719
FKIT,Y+X2_M3_r1,capsicum,55,0.954920
FKIT,Y+X2_M3_r1,capsicum,56,0.953906
FKIT,Y+X2_M3_r1,capsicum,57,0.955544
FKIT,Y+X2_M3_r1,capsicum,58,0.956426
FKIT,Y+X2_M3_r1,capsicum,59,0.956160
FKIT,Y+X2_M3_r1,capsicum,60,0.956947
FKIT,Y+X2_M3_r1,capsicum,61,0.956602
FKIT,Y+X2_M3_r1,capsicum,62,0.954172
FKIT,Y+X2_M3_r1,capsicum,63,0.952878
FKIT,Y+X2_M3_r1,capsicum,64,0.957366
FKIT,Y+X2_M3_r1,capsicum,65,0.958253
FKIT,Y+X2_M3_r1,capsicum,66,0.956093
FKIT,Y+X2_M3_r1,capsicum,67,0.958151
FKIT,Y+X2_M3_r1,capsicum,68,0.960458
FKIT,Y+X2_M3_r1,capsicum,69,0.956683
FKIT,Y+X2_M3_r1,capsicum,70,0.960319
FKIT,Y+X2_M3_r1,capsicum,71,0.957109
FKIT,Y+X2_M3_r1,capsicum,72,0.962631
FKIT,Y+X2_M3_r1,capsicum,73,0.960337
FKIT,Y+X2_M3_r1,capsicum,74,0.964464
FKIT,Y+X2_M3_r1,capsicum,75,0.961461
FKIT,Y+X2_M3_r1,capsicum,76,0.960123
FKIT,Y+X2_M3_r1,capsicum,77,0.960168
FKIT,Y+X2_M3_r1,capsicum,78,0.959469
FKIT,Y+X2_M3_r1,capsicum,79,0.958832
FKIT,Y+X2_M3_r1,capsicum,80,0.959134
FKIT,Y+X2_M3_r1,capsicum,81,0.958331
FKIT,Y+X2_M3_r1,capsicum,82,0.956583
FKIT,Y+X2_M3_r1,capsicum,83,0.959873
FKIT,Y+X2_M3_r1,capsicum,84,0.961408
FKIT,Y+X2_M3_r1,capsicum,85,0.959445
FKIT,Y+X2_M3_r1,capsicum,86,0.958527
FKIT,Y+X2_M3_r1,capsicum,87,0.957892
FKIT,Y+X2_M3_r1,capsicum,88,0.959874
FKIT,Y+X2_M3_r1,capsicum,89,0.960082
FKIT,Y+X2_M3_r1,capsicum,90,0.958380
FKIT,Y+X2_M3_r1,capsicum,91,0.959498
FKIT,Y+X2_M3_r1,capsicum,92,0.960119
FKIT,Y+X2_M3_r1,capsicum,93,0.958217
FKIT,Y+X2_M3_r1,capsicum,94,0.959786
FKIT,Y+X2_M3_r1,capsicum,95,0.962925
FKIT,Y+X2_M3_r1,capsicum,96,0.960979
FKIT,Y+X2_M3_r1,capsicum,97,0.962443
FKIT,Y+X2_M3_r1,capsicum,98,0.962522
FKIT,Y+X2_M3_r1,capsicum,99,0.961276
FKIT,Y+X2_M3_r1,capsicum,100,0.963522
FKIT,Y+X2_M3_r1,capsicum,101,0.960302
FKIT,Y+X2_M3_r1,capsicum,102,0.962974
FKIT,Y+X2_M3_r1,capsicum,103,0.963112
FKIT,Y+X2_M3_r1,capsicum,104,0.963096
FKIT,Y+X2_M3_r1,capsicum,105,0.965840
FKIT,Y+X2_M3_r1,capsicum,106,0.964644
FKIT,Y+X2_M3_r1,capsicum,107,0.963600
FKIT,Y+X2_M3_r1,capsicum,108,0.964586
FKIT,Y+X2_M3_r1,capsicum,109,0.963883
FKIT,Y+X2_M3_r1,capsicum,110,0.963290
FKIT,Y+X2_M3_r1,capsicum,111,0.961125
FKIT,Y+X2_M3_r1,capsicum,112,0.959163
FKIT,Y+X2_M3_r1,capsicum,113,0.961562
FKIT,Y+X2_M3_r1,capsicum,114,0.961793
FKIT,Y+X2_M3_r1,capsicum,115,0.958375
FKIT,Y+X2_M3_r1,capsicum,116,0.954572
FKIT,Y+X2_M3_r1,capsicum,117,0.954082
FKIT,Y+X2_M3_r1,capsicum,118,0.955673
FKIT,Y+X2_M3_r1,capsicum,119,0.957901
FKIT,Y+X2_M3_r1,capsicum,120,0.954077
FKIT,Y+X2_M3_r1,capsicum,121,0.953239
FKIT,Y+X2_M3_r1,capsicum,122,0.954299
FKIT,Y+X2_M3_r1,capsicum,123,0.955064
FKIT,Y+X2_M3_r1,capsicum,124,0.963079
FKIT,Y+X2_M3_r1,capsicum,125,0.959007
FKIT,Y+X2_M3_r1,capsicum,126,0.957233
FKIT,Y+X2_M3_r1,capsicum,127,0.959977
FKIT,Y+X2_M3_r1,capsicum,128,0.960103
FKIT,Y+X2_M3_r1,capsicum,129,0.957541
FKIT,Y+X2_M3_r1,capsicum,130,0.954332
FKIT,Y+X2_M3_r1,capsicum,131,0.958358
FKIT,Y+X2_M3_r1,capsicum,132,0.959141
FKIT,Y+X2_M3_r1,capsicum,133,0.959553
FKIT,Y+X2_M3_r1,capsicum,134,0.959787
FKIT,Y+X2_M3_r1,capsicum,135,0.963388
FKIT,Y+X2_M3_r1,capsicum,136,0.961581
FKIT,Y+X2_M3_r1,capsicum,137,0.960760
FKIT,Y+X2_M3_r1,capsicum,138,0.959031
FKIT,Y+X2_M3_r1,capsicum,139,0.958202
FKIT,Y+X2_M3_r1,capsicum,140,0.962088
FKIT,Y+X2_M3_r1,capsicum,141,0.962025
FKIT,Y+X2_M3_r1,capsicum,142,0.962396
FKIT,Y+X2_M3_r1,capsicum,143,0.961798
FKIT,Y+X2_M3_r1,capsicum,144,0.963958
FKIT,Y+X2_M3_r1,capsicum,145,0.963627
FKIT,Y+X2_M3_r1,capsicum,146,0.965323
FKIT,Y+X2_M3_r1,capsicum,147,0.966037
FKIT,Y+X2_M3_r1,capsicum,148,0.965592
FKIT,Y+X2_M3_r1,capsicum,149,0.965079
FKIT,Y+X2_M3_r1,capsicum,150,0.966317
FKIT,Y+X2_M3_r1,capsicum,151,0.966807
FKIT,Y+X2_M3_r1,capsicum,152,0.967441
FKIT,Y+X2_M3_r1,capsicum,153,0.966480
FKIT,Y+X2_M3_r1,capsicum,154,0.967987
FKIT,Y+X2_M3_r1,capsicum,155,0.968655
FKIT,Y+X2_M3_r1,capsicum,156,0.967724
FKIT,Y+X2_M3_r1,capsicum,157,0.967011
FKIT,Y+X2_M3_r1,capsicum,158,0.966372
FKIT,Y+X2_M3_r1,capsicum,159,0.968408
FKIT,Y+X2_M3_r1,capsicum,160,0.968512
FKIT,Y+X2_M3_r1,capsicum,161,0.966337
FKIT,Y+X2_M3_r1,capsicum,162,0.966726
FKIT,Y+X2_M3_r1,capsicum,163,0.965456
FKIT,Y+X2_M3_r1,capsicum,164,0.967470
FKIT,Y+X2_M3_r1,capsicum,165,0.964658
FKIT,Y+X2_M3_r1,capsicum,166,0.961385
FKIT,Y+X2_M3_r1,capsicum,167,0.955928
FKIT,Y+X2_M3_r1,capsicum,168,0.957182
FKIT,Y+X2_M3_r1,capsicum,169,0.955041
FKIT,Y+X2_M3_r1,capsicum,170,0.949754
FKIT,Y+X2_M3_r1,capsicum,171,0.946286
FKIT,Y+X2_M3_r1,capsicum,172,0.941764
FKIT,Y+X2_M3_r1,capsicum,173,0.935909
FKIT,Y+X2_M3_r1,capsicum,174,0.957035
FKIT,Y+X2_M3_r1,capsicum,175,0.955135
FKIT,Y+X2_M3_r1,capsicum,176,0.955606
FKIT,Y+X2_M3_r1,capsicum,177,0.949551
FKIT,Y+X2_M3_r1,capsicum,178,0.950309
FKIT,Y+X2_M3_r1,capsicum,179,0.955277
FKIT,Y+X2_M3_r1,capsicum,180,0.950554
FKIT,Y+X2_M3_r1,capsicum,181,0.945598
FKIT,Y+X2_M3_r1,capsicum,182,0.953766
FKIT,Y+X2_M3_r1,capsicum,183,0.952254
FKIT,Y+X2_M3_r1,capsicum,184,0.961399
FKIT,Y+X2_M3_r1,capsicum,185,0.960504
FKIT,Y+X2_M3_r1,capsicum,186,0.960604
FKIT,Y+X2_M3_r1,capsicum,187,0.959789
FKIT,Y+X2_M3_r1,capsicum,188,0.960712
FKIT,Y+X2_M3_r1,capsicum,189,0.960656
FKIT,Y+X2_M3_r1,capsicum,190,0.956578
FKIT,Y+X2_M3_r1,capsicum,191,0.956293
FKIT,Y+X2_M3_r1,capsicum,192,0.957991
FKIT,Y+X2_M3_r1,capsicum,193,0.960908
FKIT,Y+X2_M3_r1,capsicum,194,0.964218
FKIT,Y+X2_M3_r1,capsicum,195,0.956809
FKIT,Y+X2_M3_r1,capsicum,196,0.959436
FKIT,Y+X2_M3_r1,capsicum,197,0.955920
FKIT,Y+X2_M3_r1,capsicum,198,0.957572
FKIT,Y+X2_M3_r1,capsicum,199,0.960737
FKIT,Y+X2_M3_r1,capsicum,200,0.962379
FKIT,Y+X2_M3_r1,capsicum,201,0.959166
FKIT,Y+X2_M3_r1,capsicum,202,0.956808
FKIT,Y+X2_M3_r1,capsicum,203,0.953596
FKIT,Y+X2_M3_r1,capsicum,204,0.958010
FKIT,Y+X2_M3_r1,capsicum,205,0.955911
FKIT,Y+X2_M3_r1,capsicum,206,0.959924
FKIT,Y+X2_M3_r1,capsicum,207,0.957778
FKIT,Y+X2_M3_r1,capsicum,208,0.954975
FKIT,Y+X2_M3_r1,capsicum,209,0.955044
FKIT,Y+X2_M3_r1,capsicum,210,0.953989
FKIT,Y+X2_M3_r1,capsicum,211,0.958369
FKIT,Y+X2_M3_r1,capsicum,212,0.955174
FKIT,Y+X2_M3_r1,capsicum,213,0.955161
FKIT,Y+X2_M3_r1,capsicum,214,0.958742
FKIT,Y+X2_M3_r1,capsicum,215,0.958037
FKIT,Y+X2_M3_r1,capsicum,216,0.959513
FKIT,Y+X2_M3_r1,capsicum,217,0.957420
FKIT,Y+X2_M3_r1,capsicum,218,0.960081
FKIT,Y+X2_M3_r1,capsicum,219,0.960276
FKIT,Y+X2_M3_r1,capsicum,220,0.960057
FKIT,Y+X2_M3_r1,capsicum,221,0.958135
FKIT,Y+X2_M3_r1,capsicum,222,0.956563
FKIT,Y+X2_M3_r1,capsicum,223,0.956609
FKIT,Y+X2_M3_r1,capsicum,224,0.962609
FKIT,Y+X2_M3_r1,capsicum,225,0.956887
FKIT,Y+X2_M3_r1,capsicum,226,0.959905
FKIT,Y+X2_M3_r1,capsicum,227,0.955998
FKIT,Y+X2_M3_r1,capsicum,228,0.958288
FKIT,Y+X2_M3_r1,capsicum,229,0.956583
FKIT,Y+X2_M3_r1,capsicum,230,0.953175
FKIT,Y+X2_M3_r1,capsicum,231,0.957322
FKIT,Y+X2_M3_r1,capsicum,232,0.955305
FKIT,Y+X2_M3_r1,capsicum,233,0.951927
FKIT,Y+X2_M3_r1,capsicum,234,0.955768
FKIT,Y+X2_M3_r1,capsicum,235,0.955904
FKIT,Y+X2_M3_r1,capsicum,236,0.954435
FKIT,Y+X2_M3_r1,capsicum,237,0.951474
FKIT,Y+X2_M3_r1,capsicum,238,0.956441
FKIT,Y+X2_M3_r1,capsicum,239,0.953428
FKIT,Y+X2_M3_r1,capsicum,240,0.955951
FKIT,Y+X2_M3_r1,capsicum,241,0.949760
FKIT,Y+X2_M3_r1,capsicum,242,0.951966
FKIT,Y+X2_M3_r1,capsicum,243,0.955740
FKIT,Y+X2_M3_r1,capsicum,244,0.956464
FKIT,Y+X2_M3_r1,capsicum,245,0.960273
FKIT,Y+X2_M3_r1,capsicum,246,0.962150
FKIT,Y+X2_M3_r1,capsicum,247,0.957855
FKIT,Y+X2_M3_r1,capsicum,248,0.950405
FKIT,Y+X2_M3_r1,capsicum,249,0.959233
FKIT,Y+X2_M3_r1,capsicum,250,0.955026
FKIT,Y+X2_M3_r1,capsicum,251,0.955277
FKIT,Y+X2_M3_r1,capsicum,252,0.958639
FKIT,Y+X2_M3_r1,capsicum,253,0.955820
FKIT,Y+X2_M3_r1,capsicum,254,0.958428
FKIT,Y+X2_M3_r1,capsicum,255,0.957995
FKIT,Y+X2_M3_r1,capsicum,256,0.958958
FKIT,Y+X2_M3_r1,capsicum,257,0.948489
FKIT,Y+X2_M3_r1,capsicum,258,0.955909
FKIT,Y+X2_M3_r1,capsicum,259,0.953676
FKIT,Y+X2_M3_r1,capsicum,260,0.953353
FKIT,Y+X2_M3_r1,capsicum,261,0.955900
FKIT,Y+X2_M3_r1,capsicum,262,0.958326
FKIT,Y+X2_M3_r1,capsicum,263,0.955725
FKIT,Y+X2_M3_r1,capsicum,264,0.959692
FKIT,Y+X2_M3_r1,capsicum,265,0.962851
FKIT,Y+X2_M3_r1,capsicum,266,0.960553
FKIT,Y+X2_M3_r1,capsicum,267,0.956610
FKIT,Y+X2_M3_r1,capsicum,268,0.954453
FKIT,Y+X2_M3_r1,capsicum,269,0.961215
FKIT,Y+X2_M3_r1,capsicum,270,0.962036
FKIT,Y+X2_M3_r1,capsicum,271,0.962124
FKIT,Y+X2_M3_r1,capsicum,272,0.958585
FKIT,Y+X2_M3_r1,capsicum,273,0.957563
FKIT,Y+X2_M3_r1,capsicum,274,0.963025
FKIT,Y+X2_M3_r1,capsicum,275,0.959091
FKIT,Y+X2_M3_r1,capsicum,276,0.961777
FKIT,Y+X2_M3_r1,capsicum,277,0.960532
FKIT,Y+X2_M3_r1,capsicum,278,0.957834
FKIT,Y+X2_M3_r1,capsicum,279,0.957392
FKIT,Y+X2_M3_r1,capsicum,280,0.959046
FKIT,Y+X2_M3_r1,capsicum,281,0.959603
FKIT,Y+X2_M3_r1,capsicum,282,0.960470
FKIT,Y+X2_M3_r1,capsicum,283,0.957672
FKIT,Y+X2_M3_r1,capsicum,284,0.958820
FKIT,Y+X2_M3_r1,capsicum,285,0.964061
FKIT,Y+X2_M3_r1,capsicum,286,0.962106
FKIT,Y+X2_M3_r1,capsicum,287,0.954924
FKIT,Y+X2_M3_r1,capsicum,288,0.961755
FKIT,Y+X2_M3_r1,capsicum,289,0.957959
FKIT,Y+X2_M3_r1,capsicum,290,0.959527
FKIT,Y+X2_M3_r1,capsicum,291,0.960964
FKIT,Y+X2_M3_r1,capsicum,292,0.961012
FKIT,Y+X2_M3_r1,capsicum,293,0.962629
FKIT,Y+X2_M3_r1,capsicum,294,0.960944
FKIT,Y+X2_M3_r1,capsicum,295,0.960486
FKIT,Y+X2_M3_r1,capsicum,296,0.962543
FKIT,Y+X2_M3_r1,capsicum,297,0.961466
FKIT,Y+X2_M3_r1,capsicum,298,0.954342
FKIT,Y+X2_M3_r1,capsicum,299,0.959352
FKIT,Y+X2_M3_r1,capsicum,300,0.961039
FKIT,Y+X2_M3_r1,capsicum,301,0.961140
FKIT,Y+X2_M3_r1,capsicum,302,0.960627
FKIT,Y+X2_M3_r1,capsicum,303,0.963291
FKIT,Y+X2_M3_r1,capsicum,304,0.963244
FKIT,Y+X2_M3_r1,capsicum,305,0.963427
FKIT,Y+X2_M3_r1,capsicum,306,0.962899
FKIT,Y+X2_M3_r1,capsicum,307,0.960923
FKIT,Y+X2_M3_r1,capsicum,308,0.963507
FKIT,Y+X2_M3_r1,capsicum,309,0.962252
FKIT,Y+X2_M3_r1,capsicum,310,0.960826
FKIT,Y+X2_M3_r1,capsicum,311,0.962004
FKIT,Y+X2_M3_r1,capsicum,312,0.961836
FKIT,Y+X2_M3_r1,capsicum,313,0.964176
FKIT,Y+X2_M3_r1,capsicum,314,0.964155
FKIT,Y+X2_M3_r1,capsicum,315,0.965866
FKIT,Y+X2_M3_r1,capsicum,316,0.964986
FKIT,Y+X2_M3_r1,capsicum,317,0.963744
FKIT,Y+X2_M3_r1,capsicum,318,0.961479
FKIT,Y+X2_M3_r1,capsicum,319,0.960226
FKIT,Y+X2_M3_r1,capsicum,320,0.955198
FKIT,Y+X2_M3_r1,capsicum,321,0.958410
FKIT,Y+X2_M3_r1,capsicum,322,0.958295
FKIT,Y+X2_M3_r1,capsicum,323,0.959164
FKIT,Y+X2_M3_r1,capsicum,324,0.960044
FKIT,Y+X2_M3_r1,capsicum,325,0.960852
FKIT,Y+X2_M3_r1,capsicum,326,0.958327
FKIT,Y+X2_M3_r1,capsicum,327,0.960558
FKIT,Y+X2_M3_r1,capsicum,328,0.958103
FKIT,Y+X2_M3_r1,capsicum,329,0.957512
FKIT,Y+X2_M3_r1,capsicum,330,0.960760
FKIT,Y+X2_M3_r1,capsicum,331,0.963544
FKIT,Y+X2_M3_r1,capsicum,332,0.961992
FKIT,Y+X2_M3_r1,capsicum,333,0.961007
FKIT,Y+X2_M3_r1,capsicum,334,0.961159
FKIT,Y+X2_M3_r1,capsicum,335,0.960673
FKIT,Y+X2_M3_r1,capsicum,336,0.961495
FKIT,Y+X2_M3_r1,capsicum,337,0.963921
FKIT,Y+X2_M3_r1,capsicum,338,0.963308
FKIT,Y+X2_M3_r1,capsicum,339,0.964523
FKIT,Y+X2_M3_r1,capsicum,340,0.964609
FKIT,Y+X2_M3_r1,capsicum,341,0.962305
FKIT,Y+X2_M3_r1,capsicum,342,0.960279
FKIT,Y+X2_M3_r1,capsicum,343,0.960203
FKIT,Y+X2_M3_r1,capsicum,344,0.963680
FKIT,Y+X2_M3_r1,capsicum,345,0.962842
FKIT,Y+X2_M3_r1,capsicum,346,0.961183
FKIT,Y+X2_M3_r1,capsicum,347,0.953884
FKIT,Y+X2_M3_r1,capsicum,348,0.949117
FKIT,Y+X2_M3_r1,capsicum,349,0.946056
FKIT,Y+X2_M3_r1,capsicum,350,0.946385
FKIT,Y+X2_M3_r1,capsicum,351,0.946753
FKIT,Y+X2_M3_r1,capsicum,352,0.945177
FKIT,Y+X2_M3_r1,capsicum,353,0.949954
FKIT,Y+X2_M3_r1,capsicum,354,0.957027
FKIT,Y+X2_M3_r1,capsicum,355,0.959963
FKIT,Y+X2_M3_r1,capsicum,356,0.959181
FKIT,Y+X2_M3_r1,capsicum,357,0.956678
FKIT,Y+X2_M3_r1,capsicum,358,0.959799
FKIT,Y+X2_M3_r1,capsicum,359,0.945569
FKIT,Y+X2_M3_r1,capsicum,360,0.952924
FKIT,Y+X2_M3_r1,capsicum,361,0.958082
FKIT,Y+X2_M3_r1,capsicum,362,0.956713
FKIT,Y+X2_M3_r1,capsicum,363,0.957056
FKIT,Y+X2_M3_r1,capsicum,364,0.955791
FKIT,Y+X2_M3_r1,capsicum,365,0.958516
FKIT,Y+X2_M3_r1,capsicum,366,0.957814
FKIT,Y+X2_M3_r1,capsicum,367,0.956423
FKIT,Y+X2_M3_r1,capsicum,368,0.958706
FKIT,Y+X2_M3_r1,capsicum,369,0.958191
FKIT,Y+X2_M3_r1,capsicum,370,0.956773
FKIT,Y+X2_M3_r1,capsicum,371,0.959415
FKIT,Y+X2_M3_r1,capsicum,372,0.958077
FKIT,Y+X2_M3_r1,capsicum,373,0.959408
FKIT,Y+X2_M3_r1,capsicum,374,0.958067
FKIT,Y+X2_M3_r1,capsicum,375,0.959211
FKIT,Y+X2_M3_r1,capsicum,376,0.951997
FKIT,Y+X2_M3_r1,capsicum,377,0.954882
FKIT,Y+X2_M3_r1,capsicum,378,0.957225
FKIT,Y+X2_M3_r1,capsicum,379,0.956704
FKIT,Y+X2_M3_r1,capsicum,380,0.958997
FKIT,Y+X2_M3_r1,capsicum,381,0.957908
FKIT,Y+X2_M3_r1,capsicum,382,0.956620
FKIT,Y+X2_M3_r1,capsicum,383,0.957259
FKIT,Y+X2_M3_r1,capsicum,384,0.957605
FKIT,Y+X2_M3_r1,capsicum,385,0.954859
FKIT,Y+X2_M3_r1,capsicum,386,0.955007
FKIT,Y+X2_M3_r1,capsicum,387,0.951390
FKIT,Y+X2_M3_r1,capsicum,388,0.955272
FKIT,Y+X2_M3_r1,capsicum,389,0.956811
FKIT,Y+X2_M3_r1,capsicum,390,0.956604
FKIT,Y+X2_M3_r1,capsicum,391,0.954708
FKIT,Y+X2_M3_r1,capsicum,392,0.958795
FKIT,Y+X2_M3_r1,capsicum,393,0.957057
FKIT,Y+X2_M3_r1,capsicum,394,0.955108
FKIT,Y+X2_M3_r1,capsicum,395,0.956412
FKIT,Y+X2_M3_r1,capsicum,396,0.954323
FKIT,Y+X2_M3_r1,capsicum,397,0.958078
FKIT,Y+X2_M3_r1,capsicum,398,0.955520
FKIT,Y+X2_M3_r1,capsicum,399,0.957713
FKIT,Y+X2_M3_r1,capsicum,400,0.957176
FKIT,Y+X2_M3_r1,capsicum,401,0.954532
FKIT,Y+X2_M3_r1,capsicum,402,0.950608
FKIT,Y+X2_M3_r1,capsicum,403,0.951444
FKIT,Y+X2_M3_r1,capsicum,404,0.953013
FKIT,Y+X2_M3_r1,capsicum,405,0.958090
FKIT,Y+X2_M3_r1,capsicum,406,0.955400
FKIT,Y+X2_M3_r1,capsicum,407,0.952538
FKIT,Y+X2_M3_r1,capsicum,408,0.956522
FKIT,Y+X2_M3_r1,capsicum,409,0.959042
FKIT,Y+X2_M3_r1,capsicum,410,0.958502
FKIT,Y+X2_M3_r1,capsicum,411,0.956383
FKIT,Y+X2_M3_r1,capsicum,412,0.957746
FKIT,Y+X2_M3_r1,capsicum,413,0.960701
FKIT,Y+X2_M3_r1,capsicum,414,0.960677
FKIT,Y+X2_M3_r1,capsicum,415,0.960258
FKIT,Y+X2_M3_r1,capsicum,416,0.954404
FKIT,Y+X2_M3_r1,capsicum,417,0.957236
FKIT,Y+X2_M3_r1,capsicum,418,0.957503
FKIT,Y+X2_M3_r1,capsicum,419,0.959211
FKIT,Y+X2_M3_r1,capsicum,420,0.957033
FKIT,Y+X2_M3_r1,capsicum,421,0.959165
FKIT,Y+X2_M3_r1,capsicum,422,0.958743
FKIT,Y+X2_M3_r1,capsicum,423,0.959667
FKIT,Y+X2_M3_r1,capsicum,424,0.960523
FKIT,Y+X2_M3_r1,capsicum,425,0.964422
FKIT,Y+X2_M3_r1,capsicum,426,0.962294
FKIT,Y+X2_M3_r1,capsicum,427,0.959648
FKIT,Y+X2_M3_r1,capsicum,428,0.958360
FKIT,Y+X2_M3_r1,capsicum,429,0.957917
FKIT,Y+X2_M3_r1,capsicum,430,0.954406
FKIT,Y+X2_M3_r1,capsicum,431,0.960956
FKIT,Y+X2_M3_r1,capsicum,432,0.959495
FKIT,Y+X2_M3_r1,capsicum,433,0.960767
FKIT,Y+X2_M3_r1,capsicum,434,0.962716
FKIT,Y+X2_M3_r1,capsicum,435,0.957341
FKIT,Y+X2_M3_r1,capsicum,436,0.954850
FKIT,Y+X2_M3_r1,capsicum,437,0.960203
FKIT,Y+X2_M3_r1,capsicum,438,0.962117
FKIT,Y+X2_M3_r1,capsicum,439,0.961011
FKIT,Y+X2_M3_r1,capsicum,440,0.963254
FKIT,Y+X2_M3_r1,capsicum,441,0.962728
FKIT,Y+X2_M3_r1,capsicum,442,0.956866
FKIT,Y+X2_M3_r1,capsicum,443,0.963794
FKIT,Y+X2_M3_r1,capsicum,444,0.961754
FKIT,Y+X2_M3_r1,capsicum,445,0.961624
FKIT,Y+X2_M3_r1,capsicum,446,0.963273
FKIT,Y+X2_M3_r1,capsicum,447,0.962152
FKIT,Y+X2_M3_r1,capsicum,448,0.964062
FKIT,Y+X2_M3_r1,capsicum,449,0.960828
FKIT,Y+X2_M3_r1,capsicum,450,0.955477
FKIT,Y+X2_M3_r1,capsicum,451,0.960228
FKIT,Y+X2_M3_r1,capsicum,452,0.952161
FKIT,Y+X2_M3_r1,capsicum,453,0.956198
FKIT,Y+X2_M3_r1,capsicum,454,0.965485
FKIT,Y+X2_M3_r1,capsicum,455,0.961258
FKIT,Y+X2_M3_r1,capsicum,456,0.960994
FKIT,Y+X2_M3_r1,capsicum,457,0.962240
FKIT,Y+X2_M3_r1,capsicum,458,0.963387
FKIT,Y+X2_M3_r1,capsicum,459,0.949315
FKIT,Y+X2_M3_r1,capsicum,460,0.959021
FKIT,Y+X2_M3_r1,capsicum,461,0.951644
FKIT,Y+X2_M3_r1,capsicum,462,0.955106
FKIT,Y+X2_M3_r1,capsicum,463,0.959073
FKIT,Y+X2_M3_r1,capsicum,464,0.958222
FKIT,Y+X2_M3_r1,capsicum,465,0.960089
FKIT,Y+X2_M3_r1,capsicum,466,0.957803
FKIT,Y+X2_M3_r1,capsicum,467,0.956369
FKIT,Y+X2_M3_r1,capsicum,468,0.957741
FKIT,Y+X2_M3_r1,capsicum,469,0.957187
FKIT,Y+X2_M3_r1,capsicum,470,0.956964
FKIT,Y+X2_M3_r1,capsicum,471,0.960398
FKIT,Y+X2_M3_r1,capsicum,472,0.959959
FKIT,Y+X2_M3_r1,capsicum,473,0.958689
FKIT,Y+X2_M3_r1,capsicum,474,0.962356
FKIT,Y+X2_M3_r1,capsicum,475,0.960058
FKIT,Y+X2_M3_r1,capsicum,476,0.964605
FKIT,Y+X2_M3_r1,capsicum,477,0.964935
FKIT,Y+X2_M3_r1,capsicum,478,0.963498
FKIT,Y+X2_M3_r1,capsicum,479,0.963272
FKIT,Y+X2_M3_r1,capsicum,480,0.964640
FKIT,Y+X2_M3_r1,capsicum,481,0.964332
FKIT,Y+X2_M3_r1,capsicum,482,0.965029
FKIT,Y+X2_M3_r1,capsicum,483,0.965240
FKIT,Y+X2_M3_r1,capsicum,484,0.965282
FKIT,Y+X2_M3_r1,capsicum,485,0.967017
FKIT,Y+X2_M3_r1,capsicum,486,0.963511
FKIT,Y+X2_M3_r1,capsicum,487,0.961871
FKIT,Y+X2_M3_r1,capsicum,488,0.960359
FKIT,Y+X2_M3_r1,capsicum,489,0.962959
FKIT,Y+X2_M3_r1,capsicum,490,0.960806
FKIT,Y+X2_M3_r1,capsicum,491,0.958064
FKIT,Y+X2_M3_r1,capsicum,492,0.958192
FKIT,Y+X2_M3_r1,capsicum,493,0.958515
FKIT,Y+X2_M3_r1,capsicum,494,0.962204
FKIT,Y+X2_M3_r1,capsicum,495,0.956201
FKIT,Y+X2_M3_r1,capsicum,496,0.959727
FKIT,Y+X2_M3_r1,capsicum,497,0.956136
FKIT,Y+X2_M3_r1,capsicum,498,0.959660
FKIT,Y+X2_M3_r1,capsicum,499,0.958298
FKIT,Y+X2_M3_r1,capsicum,500,0.960966
FKIT,Y+X2_M3_r1,capsicum,501,0.961048
FKIT,Y+X2_M3_r1,capsicum,502,0.963864
FKIT,Y+X2_M3_r1,capsicum,503,0.964044
FKIT,Y+X2_M3_r1,capsicum,504,0.964644
FKIT,Y+X2_M3_r1,capsicum,505,0.962632
FKIT,Y+X2_M3_r1,capsicum,506,0.964839
FKIT,Y+X2_M3_r1,capsicum,507,0.966784
FKIT,Y+X2_M3_r1,capsicum,508,0.967253
FKIT,Y+X2_M3_r1,capsicum,509,0.967299
FKIT,Y+X2_M3_r1,capsicum,510,0.967423
FKIT,Y+X2_M3_r1,capsicum,511,0.965884
FKIT,Y+X2_M3_r1,capsicum,512,0.965598
FKIT,Y+X2_M3_r1,capsicum,513,0.968867
FKIT,Y+X2_M3_r1,capsicum,514,0.965272
FKIT,Y+X2_M3_r1,capsicum,515,0.964485
FKIT,Y+X2_M3_r1,capsicum,516,0.967404
FKIT,Y+X2_M3_r1,capsicum,517,0.964534
FKIT,Y+X2_M3_r1,capsicum,518,0.965838
FKIT,Y+X2_M3_r1,capsicum,519,0.968587
FKIT,Y+X2_M3_r1,capsicum,520,0.964809
FKIT,Y+X2_M3_r1,capsicum,521,0.964871
FKIT,Y+X2_M3_r1,capsicum,522,0.966039
FKIT,Y+X2_M3_r1,capsicum,523,0.964598
FKIT,Y+X2_M3_r1,capsicum,524,0.963756
FKIT,Y+X2_M3_r1,capsicum,525,0.966112
FKIT,Y+X2_M3_r1,capsicum,526,0.968971
FKIT,Y+X2_M3_r1,capsicum,527,0.966836
FKIT,Y+X2_M3_r1,capsicum,528,0.962328
FKIT,Y+X2_M3_r1,capsicum,529,0.963903
FKIT,Y+X2_M3_r1,capsicum,530,0.968248
FKIT,Y+X2_M3_r1,capsicum,531,0.966917
FKIT,Y+X2_M3_r1,capsicum,532,0.969206
FKIT,Y+X2_M3_r1,capsicum,533,0.970024
FKIT,Y+X2_M3_r1,capsicum,534,0.970850
FKIT,Y+X2_M3_r1,capsicum,535,0.970690
FKIT,Y+X2_M3_r1,capsicum,536,0.970864
FKIT,Y+X2_M3_r1,capsicum,537,0.971533
FKIT,Y+X2_M3_r1,capsicum,538,0.971198
FKIT,Y+X2_M3_r1,capsicum,539,0.970076
FKIT,Y+X2_M3_r1,capsicum,540,0.971239
FKIT,Y+X2_M3_r1,capsicum,541,0.967797
FKIT,Y+X2_M3_r1,capsicum,542,0.967081
FKIT,Y+X2_M3_r1,capsicum,543,0.967073
FKIT,Y+X2_M3_r1,capsicum,544,0.967943
FKIT,Y+X2_M3_r1,capsicum,545,0.965911
FKIT,Y+X2_M3_r1,capsicum,546,0.969923
FKIT,Y+X2_M3_r1,capsicum,547,0.971599
FKIT,Y+X2_M3_r1,capsicum,548,0.966426
FKIT,Y+X2_M3_r1,capsicum,549,0.968818
FKIT,Y+X2_M3_r1,capsicum,550,0.967171
FKIT,Y+X2_M3_r1,capsicum,551,0.968599
FKIT,Y+X2_M3_r1,capsicum,552,0.968294
FKIT,Y+X2_M3_r1,capsicum,553,0.967118
FKIT,Y+X2_M3_r1,capsicum,554,0.969781
FKIT,Y+X2_M3_r1,capsicum,555,0.971098
FKIT,Y+X2_M3_r1,capsicum,556,0.969304
FKIT,Y+X2_M3_r1,capsicum,557,0.972651
FKIT,Y+X2_M3_r1,capsicum,558,0.971315
FKIT,Y+X2_M3_r1,capsicum,559,0.971263
FKIT,Y+X2_M3_r1,capsicum,560,0.970219
FKIT,Y+X2_M3_r1,capsicum,561,0.969476
FKIT,Y+X2_M3_r1,capsicum,562,0.969336
FKIT,Y+X2_M3_r1,capsicum,563,0.969644
FKIT,Y+X2_M3_r1,capsicum,564,0.969799
FKIT,Y+X2_M3_r1,capsicum,565,0.968730
FKIT,Y+X2_M3_r1,capsicum,566,0.967302
FKIT,Y+X2_M3_r1,capsicum,567,0.965954
FKIT,Y+X2_M3_r1,capsicum,568,0.963749
FKIT,Y+X2_M3_r1,capsicum,569,0.961891
FKIT,Y+X2_M3_r1,capsicum,570,0.961530
FKIT,Y+X2_M3_r1,capsicum,571,0.965858
FKIT,Y+X2_M3_r1,capsicum,572,0.961150
FKIT,Y+X2_M3_r1,capsicum,573,0.961173
FKIT,Y+X2_M3_r1,capsicum,574,0.961410
FKIT,Y+X2_M3_r1,capsicum,575,0.965090
FKIT,Y+X2_M3_r1,capsicum,576,0.962358
FKIT,Y+X2_M3_r1,capsicum,577,0.959939
FKIT,Y+X2_M3_r1,capsicum,578,0.962836
FKIT,Y+X2_M3_r1,capsicum,579,0.967457
FKIT,Y+X2_M3_r1,capsicum,580,0.970137
FKIT,Y+X2_M3_r1,capsicum,581,0.969323
FKIT,Y+X2_M3_r1,capsicum,582,0.971177
FKIT,Y+X2_M3_r1,capsicum,583,0.969286
FKIT,Y+X2_M3_r1,capsicum,584,0.970327
FKIT,Y+X2_M3_r1,capsicum,585,0.973114
FKIT,Y+X2_M3_r1,capsicum,586,0.972703
FKIT,Y+X2_M3_r1,capsicum,587,0.971561
FKIT,Y+X2_M3_r1,capsicum,588,0.966743
FKIT,Y+X2_M3_r1,capsicum,589,0.967291
FKIT,Y+X2_M3_r1,capsicum,590,0.969453
FKIT,Y+X2_M3_r1,capsicum,591,0.969037
FKIT,Y+X2_M3_r1,capsicum,592,0.966860
FKIT,Y+X2_M3_r1,capsicum,593,0.966481
FKIT,Y+X2_M3_r1,capsicum,594,0.967556
FKIT,Y+X2_M3_r1,capsicum,595,0.967169
FKIT,Y+X2_M3_r1,capsicum,596,0.962342
FKIT,Y+X2_M3_r1,capsicum,597,0.962933
FKIT,Y+X2_M3_r1,capsicum,598,0.959829
FKIT,Y+X2_M3_r1,capsicum,599,0.961286
FKIT,Y+X2_M3_r1,capsicum,600,0.965856
FKIT,Y+X2_M3_r1,capsicum,601,0.963461
FKIT,Y+X2_M3_r1,capsicum,602,0.961248
FKIT,Y+X2_M3_r1,capsicum,603,0.961453
FKIT,Y+X2_M3_r1,capsicum,604,0.964992
FKIT,Y+X2_M3_r1,capsicum,605,0.964234
FKIT,Y+X2_M3_r1,capsicum,606,0.963609
FKIT,Y+X2_M3_r1,capsicum,607,0.958328
FKIT,Y+X2_M3_r1,capsicum,608,0.960136
FKIT,Y+X2_M3_r1,capsicum,609,0.960284
FKIT,Y+X2_M3_r1,capsicum,610,0.961323
FKIT,Y+X2_M3_r1,capsicum,611,0.959171
FKIT,Y+X2_M3_r1,capsicum,612,0.960730
FKIT,Y+X2_M3_r1,capsicum,613,0.958809
FKIT,Y+X2_M3_r1,capsicum,614,0.959014
FKIT,Y+X2_M3_r1,capsicum,615,0.958853
FKIT,Y+X2_M3_r1,capsicum,616,0.956125
FKIT,Y+X2_M3_r1,capsicum,617,0.947409
FKIT,Y+X2_M3_r1,capsicum,618,0.955611
FKIT,Y+X2_M3_r1,capsicum,619,0.953798
FKIT,Y+X2_M3_r1,capsicum,620,0.935093
FKIT,Y+X2_M3_r1,capsicum,621,0.929710
FKIT,Y+X2_M3_r1,capsicum,622,0.929432
FKIT,Y+X2_M3_r1,capsicum,623,0.944444
FKIT,Y+X2_M3_r1,capsicum,624,0.944448
FKIT,Y+X2_M3_r1,capsicum,625,0.946577
FKIT,Y+X2_M3_r1,capsicum,626,0.936051
FKIT,Y+X2_M3_r1,capsicum,627,0.931499
FKIT,Y+X2_M3_r1,capsicum,628,0.928819
FKIT,Y+X2_M3_r1,capsicum,629,0.942353
FKIT,Y+X2_M3_r1,capsicum,630,0.937749
FKIT,Y+X2_M3_r1,capsicum,631,0.932082
FKIT,Y+X2_M3_r1,capsicum,632,0.940950
FKIT,Y+X2_M3_r1,capsicum,633,0.940279
FKIT,Y+X2_M3_r1,capsicum,634,0.942640
FKIT,Y+X2_M3_r1,capsicum,635,0.943541
FKIT,Y+X2_M3_r1,capsicum,636,0.941284
FKIT,Y+X2_M3_r1,capsicum,637,0.939447
FKIT,Y+X2_M3_r1,capsicum,638,0.936411
FKIT,Y+X2_M3_r1,capsicum,639,0.933965
FKIT,Y+X2_M3_r1,capsicum,640,0.929001
FKIT,Y+X2_M3_r1,capsicum,641,0.940693
FKIT,Y+X2_M3_r1,capsicum,642,0.933476
FKIT,Y+X2_M3_r1,capsicum,643,0.938481
FKIT,Y+X2_M3_r1,capsicum,644,0.927847
FKIT,Y+X2_M3_r1,capsicum,645,0.923977
FKIT,Y+X2_M3_r1,capsicum,646,0.928170
FKIT,Y+X2_M3_r1,capsicum,647,0.933152
FKIT,Y+X2_M3_r1,capsicum,648,0.933495
FKIT,Y+X2_M3_r1,capsicum,649,0.931316
FKIT,Y+X2_M3_r1,capsicum,650,0.929091
FKIT,Y+X2_M3_r1,capsicum,651,0.927329
FKIT,Y+X2_M3_r1,capsicum,652,0.917877
FKIT,Y+X2_M3_r1,capsicum,653,0.906691
FKIT,Y+X2_M3_r1,capsicum,654,0.909486
FKIT,Y+X2_M3_r1,capsicum,655,0.907215
FKIT,Y+X2_M3_r1,capsicum,656,0.909371
FKIT,Y+X2_M3_r1,capsicum,657,0.912884
FKIT,Y+X2_M3_r1,capsicum,658,0.912729
FKIT,Y+X2_M3_r1,capsicum,659,0.922736
FKIT,Y+X2_M3_r1,capsicum,660,0.919441
FKIT,Y+X2_M3_r1,capsicum,661,0.908487
FKIT,Y+X2_M3_r1,capsicum,662,0.920427
FKIT,Y+X2_M3_r1,capsicum,663,0.915646
FKIT,Y+X2_M3_r1,capsicum,664,0.923484
FKIT,Y+X2_M3_r1,capsicum,665,0.693715
FKIT,Y+X2_M3_r1,capsicum,666,0.447911
FKIT,Y+X2_M3_r1,capsicum,667,0.853962
FKIT,Y+X2_M3_r1,capsicum,668,0.922374
FKIT,Y+X2_M3_r1,capsicum,669,0.920595
FKIT,Y+X2_M3_r1,capsicum,670,0.924913
FKIT,Y+X2_M3_r1,capsicum,671,0.828771
FKIT,Y+X2_M3_r1,capsicum,672,0.552692
FKIT,Y+X2_M3_r1,capsicum,673,0.410566
FKIT,Y+X2_M3_r1,capsicum,674,0.484588
FKIT,Y+X2_M3_r1,capsicum,675,0.491852
FKIT,Y+X2_M3_r1,capsicum,676,0.451681
FKIT,Y+X2_M3_r1,capsicum,677,0.925217
FKIT,Y+X2_M3_r1,capsicum,678,0.925275
FKIT,Y+X2_M3_r1,capsicum,679,0.927119
FKIT,Y+X2_M3_r1,capsicum,680,0.926365
FKIT,Y+X2_M3_r1,capsicum,681,0.927323
FKIT,Y+X2_M3_r1,capsicum,682,0.926420
FKIT,Y+X2_M3_r1,capsicum,683,0.924015
FKIT,Y+X2_M3_r1,capsicum,684,0.933004
FKIT,Y+X2_M3_r1,capsicum,685,0.930851
FKIT,Y+X2_M3_r1,capsicum,686,0.935494
FKIT,Y+X2_M3_r1,capsicum,687,0.934576
FKIT,Y+X2_M3_r1,capsicum,688,0.933317
FKIT,Y+X2_M3_r1,capsicum,689,0.927325
FKIT,Y+X2_M3_r1,capsicum,690,0.936778
FKIT,Y+X2_M3_r1,capsicum,691,0.939055
FKIT,Y+X2_M3_r1,capsicum,692,0.941005
FKIT,Y+X2_M3_r1,capsicum,693,0.941242
FKIT,Y+X2_M3_r1,capsicum,694,0.947796
FKIT,Y+X2_M3_r1,capsicum,695,0.950626
FKIT,Y+X2_M3_r1,capsicum,696,0.947888
FKIT,Y+X2_M3_r1,capsicum,697,0.948980
FKIT,Y+X2_M3_r1,capsicum,698,0.946778
FKIT,Y+X2_M3_r1,capsicum,699,0.947336
FKIT,Y+X2_M3_r1,capsicum,700,0.946461
FKIT,Y+X2_M3_r1,capsicum,701,0.949613
FKIT,Y+X2_M3_r1,capsicum,702,0.944996
FKIT,Y+X2_M3_r1,capsicum,703,0.945057
FKIT,Y+X2_M3_r1,capsicum,704,0.949724
FKIT,Y+X2_M3_r1,capsicum,705,0.952646
FKIT,Y+X2_M3_r1,capsicum,706,0.951397
FKIT,Y+X2_M3_r1,capsicum,707,0.951393
FKIT,Y+X2_M3_r1,capsicum,708,0.957821
FKIT,Y+X2_M3_r1,capsicum,709,0.956553
FKIT,Y+X2_M3_r1,capsicum,710,0.957303
FKIT,Y+X2_M3_r1,capsicum,711,0.959613
FKIT,Y+X2_M3_r1,capsicum,712,0.957785
FKIT,Y+X2_M3_r1,capsicum,713,0.960571
FKIT,Y+X2_M3_r1,capsicum,714,0.959032
FKIT,Y+X2_M3_r1,capsicum,715,0.954596
FKIT,Y+X2_M3_r1,capsicum,716,0.955606
FKIT,Y+X2_M3_r1,capsicum,717,0.956393
FKIT,Y+X2_M3_r1,capsicum,718,0.956770
FKIT,Y+X2_M3_r1,capsicum,719,0.956954
FKIT,Y+X2_M3_r1,capsicum,720,0.949384
FKIT,Y+X2_M3_r1,capsicum,721,0.946610
FKIT,Y+X2_M3_r1,capsicum,722,0.953097
FKIT,Y+X2_M3_r1,capsicum,723,0.948877
FKIT,Y+X2_M3_r1,capsicum,724,0.955952
FKIT,Y+X2_M3_r1,capsicum,725,0.950495
FKIT,Y+X2_M3_r1,capsicum,726,0.946467
FKIT,Y+X2_M3_r1,capsicum,727,0.947097
FKIT,Y+X2_M3_r1,capsicum,728,0.940429
FKIT,Y+X2_M3_r1,capsicum,729,0.942207
FKIT,Y+X2_M3_r1,capsicum,730,0.943219
FKIT,Y+X2_M3_r1,capsicum,731,0.942792
FKIT,Y+X2_M3_r1,capsicum,732,0.946634
FKIT,Y+X2_M3_r1,capsicum,733,0.945618
FKIT,Y+X2_M3_r1,capsicum,734,0.952020
FKIT,Y+X2_M3_r1,capsicum,735,0.954980
FKIT,Y+X2_M3_r1,capsicum,736,0.953477
FKIT,Y+X2_M3_r1,capsicum,737,0.955043
FKIT,Y+X2_M3_r1,capsicum,738,0.953307
FKIT,Y+X2_M3_r1,capsicum,739,0.949823
FKIT,Y+X2_M3_r1,capsicum,740,0.953512
FKIT,Y+X2_M3_r1,capsicum,741,0.950037
FKIT,Y+X2_M3_r1,capsicum,742,0.952210
FKIT,Y+X2_M3_r1,capsicum,743,0.952233
FKIT,Y+X2_M3_r1,capsicum,744,0.946358
FKIT,Y+X2_M3_r1,capsicum,745,0.947435
FKIT,Y+X2_M3_r1,capsicum,746,0.948385
FKIT,Y+X2_M3_r1,capsicum,747,0.949942
FKIT,Y+X2_M3_r1,capsicum,748,0.945883
FKIT,Y+X2_M3_r1,capsicum,749,0.948325
FKIT,Y+X2_M3_r1,capsicum,750,0.942809
FKIT,Y+X2_M3_r1,capsicum,751,0.946919
FKIT,Y+X2_M3_r1,capsicum,752,0.950233
FKIT,Y+X2_M3_r1,capsicum,753,0.944370
FKIT,Y+X2_M3_r1,capsicum,754,0.952674
FKIT,Y+X2_M3_r1,capsicum,755,0.953682
FKIT,Y+X2_M3_r1,capsicum,756,0.950278
FKIT,Y+X2_M3_r1,capsicum,757,0.953010
FKIT,Y+X2_M3_r1,capsicum,758,0.947837
FKIT,Y+X2_M3_r1,capsicum,759,0.946583
FKIT,Y+X2_M3_r1,capsicum,760,0.942329
FKIT,Y+X2_M3_r1,capsicum,761,0.939364
FKIT,Y+X2_M3_r1,capsicum,762,0.941491
FKIT,Y+X2_M3_r1,capsicum,763,0.935586
FKIT,Y+X2_M3_r1,capsicum,764,0.942901
FKIT,Y+X2_M3_r1,capsicum,765,0.942645
FKIT,Y+X2_M3_r1,capsicum,766,0.941292
FKIT,Y+X2_M3_r1,capsicum,767,0.942461
FKIT,Y+X2_M3_r1,capsicum,768,0.945526
FKIT,Y+X2_M3_r1,capsicum,769,0.942699
FKIT,Y+X2_M3_r1,capsicum,770,0.941207
FKIT,Y+X2_M3_r1,capsicum,771,0.936399
FKIT,Y+X2_M3_r1,capsicum,772,0.938102
FKIT,Y+X2_M3_r1,capsicum,773,0.935245
FKIT,Y+X2_M3_r1,capsicum,774,0.940135
FKIT,Y+X2_M3_r1,capsicum,775,0.941980
FKIT,Y+X2_M3_r1,capsicum,776,0.942914
FKIT,Y+X2_M3_r1,capsicum,777,0.942805
FKIT,Y+X2_M3_r1,capsicum,778,0.939225
FKIT,Y+X2_M3_r1,capsicum,779,0.942981
FKIT,Y+X2_M3_r1,capsicum,780,0.945440
FKIT,Y+X2_M3_r1,capsicum,781,0.942124
FKIT,Y+X2_M3_r1,capsicum,782,0.942564
FKIT,Y+X2_M3_r1,capsicum,783,0.944746
FKIT,Y+X2_M3_r1,capsicum,784,0.943519
FKIT,Y+X2_M3_r1,capsicum,785,0.938074
FKIT,Y+X2_M3_r1,capsicum,786,0.936616
FKIT,Y+X2_M3_r1,capsicum,787,0.945570
FKIT,Y+X2_M3_r1,capsicum,788,0.937913
FKIT,Y+X2_M3_r1,capsicum,789,0.937125
FKIT,Y+X2_M3_r1,capsicum,790,0.941615
FKIT,Y+X2_M3_r1,capsicum,791,0.943454
FKIT,Y+X2_M3_r1,capsicum,792,0.941145
FKIT,Y+X2_M3_r1,capsicum,793,0.941406
FKIT,Y+X2_M3_r1,capsicum,794,0.939315
FKIT,Y+X2_M3_r1,capsicum,795,0.942550
FKIT,Y+X2_M3_r1,capsicum,796,0.945033
FKIT,Y+X2_M3_r1,capsicum,797,0.943652
FKIT,Y+X2_M3_r1,capsicum,798,0.944397
FKIT,Y+X2_M3_r1,capsicum,799,0.945127
FKIT,Y+X2_M3_r1,capsicum,800,0.944212
FKIT,Y+X2_M3_r1,capsicum,801,0.938484
FKIT,Y+X2_M3_r1,capsicum,802,0.937071
FKIT,Y+X2_M3_r1,capsicum,803,0.931737
FKIT,Y+X2_M3_r1,capsicum,804,0.942234
FKIT,Y+X2_M3_r1,capsicum,805,0.941454
FKIT,Y+X2_M3_r1,capsicum,806,0.939915
FKIT,Y+X2_M3_r1,capsicum,807,0.935024
FKIT,Y+X2_M3_r1,capsicum,808,0.935490
FKIT,Y+X2_M3_r1,capsicum,809,0.933525
FKIT,Y+X2_M3_r1,capsicum,810,0.931471
FKIT,Y+X2_M3_r1,capsicum,811,0.928622
FKIT,Y+X2_M3_r1,capsicum,812,0.923391
FKIT,Y+X2_M3_r1,capsicum,813,0.919357
FKIT,Y+X2_M3_r1,capsicum,814,0.920722
FKIT,Y+X2_M3_r1,capsicum,815,0.920258
FKIT,Y+X2_M3_r1,capsicum,816,0.916877
FKIT,Y+X2_M3_r1,capsicum,817,0.915712
FKIT,Y+X2_M3_r1,capsicum,818,0.915782
FKIT,Y+X2_M3_r1,capsicum,819,0.914803
FKIT,Y+X2_M3_r1,capsicum,820,0.911629
FKIT,Y+X2_M3_r1,capsicum,821,0.904216
FKIT,Y+X2_M3_r1,capsicum,822,0.905763
FKIT,Y+X2_M3_r1,capsicum,823,0.901592
FKIT,Y+X2_M3_r1,capsicum,824,0.897877
FKIT,Y+X2_M3_r1,capsicum,825,0.895608
FKIT,Y+X2_M3_r1,capsicum,826,0.893186
FKIT,Y+X2_M3_r1,capsicum,827,0.892073
FKIT,Y+X2_M3_r1,capsicum,828,0.891599
FKIT,Y+X2_M3_r1,capsicum,829,0.888155
FKIT,Y+X2_M3_r1,capsicum,830,0.889590
FKIT,Y+X2_M3_r1,capsicum,831,0.711979
FKIT,Y+X2_M3_r1,capsicum,832,0.521304
FKIT,Y+X2_M3_r1,capsicum,833,0.430589
FKIT,Y+X2_M3_r1,capsicum,834,0.897256
FKIT,Y+X2_M3_r1,capsicum,835,0.875920
FKIT,Y+X2_M3_r1,capsicum,836,0.818209
FKIT,Y+X2_M3_r1,capsicum,837,0.562357
FKIT,Y+X2_M3_r1,capsicum,838,0.402291
FKIT,Y+X2_M3_r1,capsicum,839,0.330759
FKIT,Y+X2_M3_r1,capsicum,840,0.288253
FKIT,Y+X2_M3_r1,capsicum,841,0.260965
FKIT,Y+X2_M3_r1,capsicum,842,0.213440
FKIT,Y+X2_M3_r1,capsicum,843,0.183935
FKIT,Y+X2_M3_r1,capsicum,844,0.201586
FKIT,Y+X2_M3_r1,capsicum,845,0.188487
FKIT,Y+X2_M3_r1,capsicum,846,0.188971
FKIT,Y+X2_M3_r1,capsicum,847,0.152556
FKIT,Y+X2_M3_r1,capsicum,848,0.118026
FKIT,Y+X2_M3_r1,capsicum,849,0.000000
FKIT,Y+X2_M3_r1,capsicum,850,0.083831
FKIT,Y+X2_M3_r1,capsicum,851,0.096787
FKIT,Y+X2_M3_r1,capsicum,852,0.139712
FKIT,Y+X2_M3_r1,capsicum,853,0.229196
FKIT,Y+X2_M3_r1,capsicum,854,0.434963
FKIT,Y+X2_M3_r1,capsicum,855,0.685389
FKIT,Y+X2_M3_r1,capsicum,856,0.939649
FKIT,Y+X2_M3_r1,capsicum,857,0.926440
FKIT,Y+X2_M3_r1,capsicum,858,0.923569
FKIT,Y+X2_M3_r1,capsicum,859,0.935112
FKIT,Y+X2_M3_r1,capsicum,860,0.938984
FKIT,Y+X2_M3_r1,capsicum,861,0.934712
FKIT,Y+X2_M3_r1,capsicum,862,0.927725
FKIT,Y+X2_M3_r1,capsicum,863,0.929161
FKIT,Y+X2_M3_r1,capsicum,864,0.932097
FKIT,Y+X2_M3_r1,capsicum,865,0.930260
FKIT,Y+X2_M3_r1,capsicum,866,0.927769
FKIT,Y+X2_M3_r1,capsicum,867,0.922053
FKIT,Y+X2_M3_r1,capsicum,868,0.923524
FKIT,Y+X2_M3_r1,capsicum,869,0.918051
FKIT,Y+X2_M3_r1,capsicum,870,0.922807
FKIT,Y+X2_M3_r1,capsicum,871,0.925504
FKIT,Y+X2_M3_r1,capsicum,872,0.928084
FKIT,Y+X2_M3_r1,capsicum,873,0.925227
FKIT,Y+X2_M3_r1,capsicum,874,0.927396
FKIT,Y+X2_M3_r1,capsicum,875,0.930471
FKIT,Y+X2_M3_r1,capsicum,876,0.930111
FKIT,Y+X2_M3_r1,capsicum,877,0.936152
FKIT,Y+X2_M3_r1,capsicum,878,0.941062
FKIT,Y+X2_M3_r1,capsicum,879,0.941617
FKIT,Y+X2_M3_r1,capsicum,880,0.943707
FKIT,Y+X2_M3_r1,chocolate_bomb,0,0.000000
FKIT,Y+X2_M3_r1,chocolate_bomb,1,0.000000
FKIT,Y+X2_M3_r1,chocolate_bomb,2,0.000000
FKIT,Y+X2_M3_r1,chocolate_bomb,3,0.000000
FKIT,Y+X2_M3_r1,chocolate_bomb,4,0.000000
FKIT,Y+X2_M3_r1,chocolate_bomb,5,0.000000
FKIT,Y+X2_M3_r1,chocolate_bomb,6,0.000000
FKIT,Y+X2_M3_r1,chocolate_bomb,7,0.000000
FKIT,Y+X2_M3_r1,chocolate_bomb,8,0.000000
FKIT,Y+X2_M3_r1,chocolate_bomb,9,0.000000
FKIT,Y+X2_M3_r1,chocolate_bomb,10,0.000000
FKIT,Y+X2_M3_r1,chocolate_bomb,11,0.000000
FKIT,Y+X2_M3_r1,chocolate_bomb,12,0.000000
FKIT,Y+X2_M3_r1,chocolate_bomb,13,0.000000
FKIT,Y+X2_M3_r1,chocolate_bomb,14,0.000000
FKIT,Y+X2_M3_r1,chocolate_bomb,15,0.000000
FKIT,Y+X2_M3_r1,chocolate_bomb,16,0.000000
FKIT,Y+X2_M3_r1,chocolate_bomb,17,0.000000
FKIT,Y+X2_M3_r1,chocolate_bomb,18,0.000000
FKIT,Y+X2_M3_r1,chocolate_bomb,19,0.000000
FKIT,Y+X2_M3_r1,chocolate_bomb,20,0.000000
FKIT,Y+X2_M3_r1,chocolate_bomb,21,0.000000
FKIT,Y+X2_M3_r1,chocolate_bomb,22,0.000000
FKIT,Y+X2_M3_r1,chocolate_bomb,23,0.000000
FKIT,Y+X2_M3_r1,chocolate_bomb,24,0.000000
FKIT,Y+X2_M3_r1,chocolate_bomb,25,0.000000
FKIT,Y+X2_M3_r1,chocolate_bomb,26,0.000000
FKIT,Y+X2_M3_r1,chocolate_bomb,27,0.000000
FKIT,Y+X2_M3_r1,chocolate_bomb,28,0.000000
FKIT,Y+X2_M3_r1,chocolate_bomb,29,0.000000
FKIT,Y+X2_M3_r1,chocolate_bomb,30,0.000000
FKIT,Y+X2_M3_r1,chocolate_bomb,31,0.000000
FKIT,Y+X2_M3_r1,chocolate_bomb,32,0.000000
FKIT,Y+X2_M3_r1,chocolate_bomb,33,0.000000
FKIT,Y+X2_M3_r1,chocolate_bomb,34,0.000000
FKIT,Y+X2_M3_r1,chocolate_bomb,35,0.000000
FKIT,Y+X2_M3_r1,chocolate_bomb,36,0.000000
FKIT,Y+X2_M3_r1,chocolate_bomb,37,0.000000
FKIT,Y+X2_M3_r1,chocolate_bomb,38,0.000000
FKIT,Y+X2_M3_r1,chocolate_bomb,39,0.000000
FKIT,Y+X2_M3_r1,chocolate_bomb,40,0.000000
FKIT,Y+X2_M3_r1,chocolate_bomb,41,0.000000
FKIT,Y+X2_M3_r1,chocolate_bomb,42,0.000000
FKIT,Y+X2_M3_r1,chocolate_bomb,43,0.000000
FKIT,Y+X2_M3_r1,chocolate_bomb,44,0.000000
FKIT,Y+X2_M3_r1,chocolate_bomb,45,0.000000
FKIT,Y+X2_M3_r1,chocolate_bomb,46,0.000000
FKIT,Y+X2_M3_r1,chocolate_bomb,47,0.000000
FKIT,Y+X2_M3_r1,chocolate_bomb,48,0.000000
FKIT,Y+X2_M3_r1,chocolate_bomb,49,0.000000
FKIT,Y+X2_M3_r1,chocolate_bomb,50,0.000000
FKIT,Y+X2_M3_r1,chocolate_bomb,51,0.000000
FKIT,Y+X2_M3_r1,chocolate_bomb,52,0.000000
FKIT,Y+X2_M3_r1,chocolate_bomb,53,0.000000
FKIT,Y+X2_M3_r1,chocolate_bomb,54,0.000000
FKIT,Y+X2_M3_r1,chocolate_bomb,55,0.000000
FKIT,Y+X2_M3_r1,chocolate_bomb,56,0.000000
FKIT,Y+X2_M3_r1,chocolate_bomb,57,0.000000
FKIT,Y+X2_M3_r1,chocolate_bomb,58,0.000000
FKIT,Y+X2_M3_r1,chocolate_bomb,59,0.000000
FKIT,Y+X2_M3_r1,chocolate_bomb,60,0.000000
FKIT,Y+X2_M3_r1,chocolate_bomb,61,0.000000
FKIT,Y+X2_M3_r1,chocolate_bomb,62,0.000000
FKIT,Y+X2_M3_r1,chocolate_bomb,63,0.000000
FKIT,Y+X2_M3_r1,chocolate_bomb,64,0.000000
FKIT,Y+X2_M3_r1,chocolate_bomb,65,0.000000
FKIT,Y+X2_M3_r1,chocolate_bomb,66,0.000000
FKIT,Y+X2_M3_r1,chocolate_bomb,67,0.000000
FKIT,Y+X2_M3_r1,chocolate_bomb,68,0.000000
FKIT,Y+X2_M3_r1,chocolate_bomb,69,0.000000
FKIT,Y+X2_M3_r1,chocolate_bomb,70,0.000000
FKIT,Y+X2_M3_r1,chocolate_bomb,71,0.000000
FKIT,Y+X2_M3_r1,chocolate_bomb,72,0.000000
FKIT,Y+X2_M3_r1,chocolate_bomb,73,0.000000
FKIT,Y+X2_M3_r1,chocolate_bomb,74,0.000000
FKIT,Y+X2_M3_r1,chocolate_bomb,75,0.000000
FKIT,Y+X2_M3_r1,chocolate_bomb,76,0.000000
FKIT,Y+X2_M3_r1,chocolate_bomb,77,0.000000
FKIT,Y+X2_M3_r1,chocolate_bomb,78,0.000000
FKIT,Y+X2_M3_r1,chocolate_bomb,79,0.000000
FKIT,Y+X2_M3_r1,chocolate_bomb,80,0.000000
FKIT,Y+X2_M3_r1,chocolate_bomb,81,0.000000
FKIT,Y+X2_M3_r1,chocolate_bomb,82,0.000000
FKIT,Y+X2_M3_r1,chocolate_bomb,83,0.000000
FKIT,Y+X2_M3_r1,chocolate_bomb,84,0.000000
FKIT,Y+X2_M3_r1,chocolate_bomb,85,0.000000
FKIT,Y+X2_M3_r1,chocolate_bomb,86,0.000000
FKIT,Y+X2_M3_r1,chocolate_bomb,87,0.000000
FKIT,Y+X2_M3_r1,chocolate_bomb,88,0.000000
FKIT,Y+X2_M3_r1,chocolate_bomb,89,0.000000
FKIT,Y+X2_M3_r1,chocolate_bomb,90,0.000000
FKIT,Y+X2_M3_r1,chocolate_bomb,91,0.000000
FKIT,Y+X2_M3_r1,chocolate_bomb,92,0.000000
FKIT,Y+X2_M3_r1,chocolate_bomb,93,0.000000
FKIT,Y+X2_M3_r1,chocolate_bomb,94,0.000000
FKIT,Y+X2_M3_r1,chocolate_bomb,95,0.000000
FKIT,Y+X2_M3_r1,chocolate_bomb,96,0.000000
FKIT,Y+X2_M3_r1,chocolate_bomb,97,0.000000
FKIT,Y+X2_M3_r1,chocolate_bomb,98,0.000000
FKIT,Y+X2_M3_r1,chocolate_bomb,99,0.000000
FKIT,Y+X2_M3_r1,chocolate_bomb,100,0.000000
FKIT,Y+X2_M3_r1,chocolate_bomb,101,0.000000
FKIT,Y+X2_M3_r1,chocolate_bomb,102,0.000000
FKIT,Y+X2_M3_r1,chocolate_bomb,103,0.000000
FKIT,Y+X2_M3_r1,chocolate_bomb,104,0.000000
FKIT,Y+X2_M3_r1,chocolate_bomb,105,0.000000
FKIT,Y+X2_M3_r1,chocolate_bomb,106,0.000000
FKIT,Y+X2_M3_r1,chocolate_bomb,107,0.000000
FKIT,Y+X2_M3_r1,chocolate_bomb,108,0.000000
FKIT,Y+X2_M3_r1,chocolate_bomb,109,0.000000
FKIT,Y+X2_M3_r1,chocolate_bomb,110,0.000000
FKIT,Y+X2_M3_r1,chocolate_bomb,111,0.000000
FKIT,Y+X2_M3_r1,chocolate_bomb,112,0.000000
FKIT,Y+X2_M3_r1,chocolate_bomb,113,0.000000
FKIT,Y+X2_M3_r1,chocolate_bomb,114,0.000000
FKIT,Y+X2_M3_r1,chocolate_bomb,115,0.000000
FKIT,Y+X2_M3_r1,chocolate_bomb,116,0.000000
FKIT,Y+X2_M3_r1,chocolate_bomb,117,0.000000
FKIT,Y+X2_M3_r1,chocolate_bomb,118,0.000000
FKIT,Y+X2_M3_r1,chocolate_bomb,119,0.000000
FKIT,Y+X2_M3_r1,chocolate_bomb,120,0.000000
FKIT,Y+X2_M3_r1,chocolate_bomb,121,0.000000
FKIT,Y+X2_M3_r1,chocolate_bomb,122,0.000000
FKIT,Y+X2_M3_r1,chocolate_bomb,123,0.000000
FKIT,Y+X2_M3_r1,chocolate_bomb,124,0.000000
FKIT,Y+X2_M3_r1,chocolate_bomb,125,0.000000
FKIT,Y+X2_M3_r1,chocolate_bomb,126,0.000000
FKIT,Y+X2_M3_r1,chocolate_bomb,127,0.000000
FKIT,Y+X2_M3_r1,chocolate_bomb,128,0.000000
FKIT,Y+X2_M3_r1,chocolate_bomb,129,0.000000
FKIT,Y+X2_M3_r1,chocolate_bomb,130,0.000000
FKIT,Y+X2_M3_r1,chocolate_bomb,131,0.000000
FKIT,Y+X2_M3_r1,chocolate_bomb,132,0.000000
FKIT,Y+X2_M3_r1,chocolate_bomb,133,0.000000
FKIT,Y+X2_M3_r1,chocolate_bomb,134,0.000000
FKIT,Y+X2_M3_r1,chocolate_bomb,135,0.000000
FKIT,Y+X2_M3_r1,chocolate_bomb,136,0.000000
FKIT,Y+X2_M3_r1,chocolate_bomb,137,0.000000
FKIT,Y+X2_M3_r1,chocolate_bomb,138,0.000000
FKIT,Y+X2_M3_r1,chocolate_bomb,139,0.000000
FKIT,Y+X2_M3_r1,chocolate_bomb,140,0.000000
FKIT,Y+X2_M3_r1,chocolate_bomb,141,0.000000
FKIT,Y+X2_M3_r1,chocolate_bomb,142,0.000000
FKIT,Y+X2_M3_r1,chocolate_bomb,143,0.000000
FKIT,Y+X2_M3_r1,chocolate_bomb,144,0.000000
FKIT,Y+X2_M3_r1,chocolate_bomb,145,0.000000
FKIT,Y+X2_M3_r1,chocolate_bomb,146,0.000000
FKIT,Y+X2_M3_r1,chocolate_bomb,147,0.000000
FKIT,Y+X2_M3_r1,chocolate_bomb,148,0.000000
FKIT,Y+X2_M3_r1,chocolate_bomb,149,0.000000
FKIT,Y+X2_M3_r1,chocolate_bomb,150,0.000000
FKIT,Y+X2_M3_r1,chocolate_bomb,151,0.000000
FKIT,Y+X2_M3_r1,chocolate_bomb,152,0.000000
FKIT,Y+X2_M3_r1,chocolate_bomb,153,0.000000
FKIT,Y+X2_M3_r1,chocolate_bomb,154,0.000000
FKIT,Y+X2_M3_r1,chocolate_bomb,155,0.000000
FKIT,Y+X2_M3_r1,chocolate_bomb,156,0.000000
FKIT,Y+X2_M3_r1,chocolate_bomb,157,0.000000
FKIT,Y+X2_M3_r1,chocolate_bomb,158,0.000000
FKIT,Y+X2_M3_r1,chocolate_bomb,159,0.000000
FKIT,Y+X2_M3_r1,chocolate_bomb,160,0.000000
FKIT,Y+X2_M3_r1,chocolate_bomb,161,0.000000
FKIT,Y+X2_M3_r1,chocolate_bomb,162,0.000000
FKIT,Y+X2_M3_r1,chocolate_bomb,163,0.000000
FKIT,Y+X2_M3_r1,chocolate_bomb,164,0.000000
FKIT,Y+X2_M3_r1,chocolate_bomb,165,0.000000
FKIT,Y+X2_M3_r1,chocolate_bomb,166,0.000000
FKIT,Y+X2_M3_r1,chocolate_bomb,167,0.000000
FKIT,Y+X2_M3_r1,chocolate_bomb,168,0.000000
FKIT,Y+X2_M3_r1,chocolate_bomb,169,0.000000
FKIT,Y+X2_M3_r1,chocolate_bomb,170,0.000000
FKIT,Y+X2_M3_r1,chocolate_bomb,171,0.000000
FKIT,Y+X2_M3_r1,chocolate_bomb,172,0.000000
FKIT,Y+X2_M3_r1,chocolate_bomb,173,0.000000
FKIT,Y+X2_M3_r1,chocolate_bomb,174,0.000000
FKIT,Y+X2_M3_r1,chocolate_bomb,175,0.000000
FKIT,Y+X2_M3_r1,chocolate_bomb,176,0.000000
FKIT,Y+X2_M3_r1,chocolate_bomb,177,0.000000
FKIT,Y+X2_M3_r1,chocolate_bomb,178,0.000000
FKIT,Y+X2_M3_r1,chocolate_bomb,179,0.000000
FKIT,Y+X2_M3_r1,chocolate_bomb,180,0.000000
FKIT,Y+X2_M3_r1,chocolate_bomb,181,0.000000
FKIT,Y+X2_M3_r1,chocolate_bomb,182,0.000000
FKIT,Y+X2_M3_r1,chocolate_bomb,183,0.000000
FKIT,Y+X2_M3_r1,chocolate_bomb,184,0.000000
FKIT,Y+X2_M3_r1,chocolate_bomb,185,0.000000
FKIT,Y+X2_M3_r1,chocolate_bomb,186,0.000000
FKIT,Y+X2_M3_r1,chocolate_bomb,187,0.000000
FKIT,Y+X2_M3_r1,chocolate_bomb,188,0.000000
FKIT,Y+X2_M3_r1,chocolate_bomb,189,0.000000
FKIT,Y+X2_M3_r1,chocolate_bomb,190,0.000000
FKIT,Y+X2_M3_r1,chocolate_bomb,191,0.000000
FKIT,Y+X2_M3_r1,chocolate_bomb,192,0.000000
FKIT,Y+X2_M3_r1,chocolate_bomb,193,0.000000
FKIT,Y+X2_M3_r1,chocolate_bomb,194,0.000000
FKIT,Y+X2_M3_r1,chocolate_bomb,195,0.000000
FKIT,Y+X2_M3_r1,chocolate_bomb,196,0.000000
FKIT,Y+X2_M3_r1,chocolate_bomb,197,0.000000
FKIT,Y+X2_M3_r1,chocolate_bomb,198,0.000000
FKIT,Y+X2_M3_r1,chocolate_bomb,199,0.000000
FKIT,Y+X2_M3_r1,chocolate_bomb,200,0.000000
FKIT,Y+X2_M3_r1,chocolate_bomb,201,0.000000
FKIT,Y+X2_M3_r1,chocolate_bomb,202,0.000000
FKIT,Y+X2_M3_r1,chocolate_bomb,203,0.000000
FKIT,Y+X2_M3_r1,chocolate_bomb,204,0.000000
FKIT,Y+X2_M3_r1,chocolate_bomb,205,0.000000
FKIT,Y+X2_M3_r1,chocolate_bomb,206,0.000000
FKIT,Y+X2_M3_r1,chocolate_bomb,207,0.000000
FKIT,Y+X2_M3_r1,chocolate_bomb,208,0.000000
FKIT,Y+X2_M3_r1,chocolate_bomb,209,0.000000
FKIT,Y+X2_M3_r1,chocolate_bomb,210,0.000000
FKIT,Y+X2_M3_r1,chocolate_bomb,211,0.000000
FKIT,Y+X2_M3_r1,chocolate_bomb,212,0.000000
FKIT,Y+X2_M3_r1,chocolate_bomb,213,0.000000
FKIT,Y+X2_M3_r1,chocolate_bomb,214,0.000000
FKIT,Y+X2_M3_r1,chocolate_bomb,215,0.000000
FKIT,Y+X2_M3_r1,chocolate_bomb,216,0.000000
FKIT,Y+X2_M3_r1,chocolate_bomb,217,0.000000
FKIT,Y+X2_M3_r1,chocolate_bomb,218,0.000000
FKIT,Y+X2_M3_r1,chocolate_bomb,219,0.000000
FKIT,Y+X2_M3_r1,chocolate_bomb,220,0.000000
FKIT,Y+X2_M3_r1,chocolate_bomb,221,0.000000
FKIT,Y+X2_M3_r1,chocolate_bomb,222,0.000000
FKIT,Y+X2_M3_r1,chocolate_bomb,223,0.000000
FKIT,Y+X2_M3_r1,chocolate_bomb,224,0.000000
FKIT,Y+X2_M3_r1,chocolate_bomb,225,0.000000
FKIT,Y+X2_M3_r1,chocolate_bomb,226,0.000000
FKIT,Y+X2_M3_r1,chocolate_bomb,227,0.000000
FKIT,Y+X2_M3_r1,chocolate_bomb,228,0.000000
FKIT,Y+X2_M3_r1,chocolate_bomb,229,0.000000
FKIT,Y+X2_M3_r1,chocolate_bomb,230,0.000000
FKIT,Y+X2_M3_r1,chocolate_bomb,231,0.000000
FKIT,Y+X2_M3_r1,chocolate_bomb,232,0.000000
FKIT,Y+X2_M3_r1,chocolate_bomb,233,0.000000
FKIT,Y+X2_M3_r1,chocolate_bomb,234,0.000000
FKIT,Y+X2_M3_r1,chocolate_bomb,235,0.000000
FKIT,Y+X2_M3_r1,chocolate_bomb,236,0.000000
FKIT,Y+X2_M3_r1,chocolate_bomb,237,0.000000
FKIT,Y+X2_M3_r1,chocolate_bomb,238,0.000000
FKIT,Y+X2_M3_r1,chocolate_bomb,239,0.000000
FKIT,Y+X2_M3_r1,chocolate_bomb,240,0.000000
FKIT,Y+X2_M3_r1,chocolate_bomb,241,0.000000
FKIT,Y+X2_M3_r1,chocolate_bomb,242,0.000000
FKIT,Y+X2_M3_r1,chocolate_bomb,243,0.000000
FKIT,Y+X2_M3_r1,chocolate_bomb,244,0.000000
FKIT,Y+X2_M3_r1,chocolate_bomb,245,0.000000
FKIT,Y+X2_M3_r1,chocolate_bomb,246,0.000000
FKIT,Y+X2_M3_r1,chocolate_bomb,247,0.000000
FKIT,Y+X2_M3_r1,chocolate_bomb,248,0.000000
FKIT,Y+X2_M3_r1,chocolate_bomb,249,0.000000
FKIT,Y+X2_M3_r1,chocolate_bomb,250,0.000000
FKIT,Y+X2_M3_r1,chocolate_bomb,251,0.000000
FKIT,Y+X2_M3_r1,chocolate_bomb,252,0.000000
FKIT,Y+X2_M3_r1,chocolate_bomb,253,0.000000
FKIT,Y+X2_M3_r1,chocolate_bomb,254,0.000000
FKIT,Y+X2_M3_r1,chocolate_bomb,255,0.000000
FKIT,Y+X2_M3_r1,chocolate_bomb,256,0.000000
FKIT,Y+X2_M3_r1,chocolate_bomb,257,0.000000
FKIT,Y+X2_M3_r1,chocolate_bomb,258,0.000000
FKIT,Y+X2_M3_r1,chocolate_bomb,259,0.000000
FKIT,Y+X2_M3_r1,chocolate_bomb,260,0.000000
FKIT,Y+X2_M3_r1,chocolate_bomb,261,0.000000
FKIT,Y+X2_M3_r1,chocolate_bomb,262,0.000000
FKIT,Y+X2_M3_r1,chocolate_bomb,263,0.000000
FKIT,Y+X2_M3_r1,chocolate_bomb,264,0.000000
FKIT,Y+X2_M3_r1,chocolate_bomb,265,0.000000
FKIT,Y+X2_M3_r1,chocolate_bomb,266,0.000000
FKIT,Y+X2_M3_r1,chocolate_bomb,267,0.000000
FKIT,Y+X2_M3_r1,chocolate_bomb,268,0.000000
FKIT,Y+X2_M3_r1,chocolate_bomb,269,0.000000
FKIT,Y+X2_M3_r1,chocolate_bomb,270,0.000000
FKIT,Y+X2_M3_r1,chocolate_bomb,271,0.000000
FKIT,Y+X2_M3_r1,chocolate_bomb,272,0.000000
FKIT,Y+X2_M3_r1,chocolate_bomb,273,0.000000
FKIT,Y+X2_M3_r1,chocolate_bomb,274,0.000000
FKIT,Y+X2_M3_r1,chocolate_bomb,275,0.000000
FKIT,Y+X2_M3_r1,chocolate_bomb,276,0.000000
FKIT,Y+X2_M3_r1,chocolate_bomb,277,0.000000
FKIT,Y+X2_M3_r1,chocolate_bomb,278,0.000000
FKIT,Y+X2_M3_r1,chocolate_bomb,279,0.000000
FKIT,Y+X2_M3_r1,chocolate_bomb,280,0.000000
FKIT,Y+X2_M3_r1,chocolate_bomb,281,0.000000
FKIT,Y+X2_M3_r1,chocolate_bomb,282,0.000000
FKIT,Y+X2_M3_r1,chocolate_bomb,283,0.000000
FKIT,Y+X2_M3_r1,chocolate_bomb,284,0.000000
FKIT,Y+X2_M3_r1,chocolate_bomb,285,0.000000
FKIT,Y+X2_M3_r1,chocolate_bomb,286,0.000000
FKIT,Y+X2_M3_r1,chocolate_bomb,287,0.000000
FKIT,Y+X2_M3_r1,chocolate_bomb,288,0.000000
FKIT,Y+X2_M3_r1,chocolate_bomb,289,0.000000
FKIT,Y+X2_M3_r1,chocolate_bomb,290,0.000000
FKIT,Y+X2_M3_r1,chocolate_bomb,291,0.000000
FKIT,Y+X2_M3_r1,chocolate_bomb,292,0.000000
FKIT,Y+X2_M3_r1,chocolate_bomb,293,0.000000
FKIT,Y+X2_M3_r1,chocolate_bomb,294,0.000000
FKIT,Y+X2_M3_r1,chocolate_bomb,295,0.000000
FKIT,Y+X2_M3_r1,chocolate_bomb,296,0.000000
FKIT,Y+X2_M3_r1,chocolate_bomb,297,0.000000
FKIT,Y+X2_M3_r1,chocolate_bomb,298,0.000000
FKIT,Y+X2_M3_r1,chocolate_bomb,299,0.000000
FKIT,Y+X2_M3_r1,chocolate_bomb,300,0.000000
FKIT,Y+X2_M3_r1,chocolate_bomb,301,0.000000
FKIT,Y+X2_M3_r1,chocolate_bomb,302,0.000000
FKIT,Y+X2_M3_r1,chocolate_bomb,303,0.000000
FKIT,Y+X2_M3_r1,chocolate_bomb,304,0.000000
FKIT,Y+X2_M3_r1,chocolate_bomb,305,0.000000
FKIT,Y+X2_M3_r1,chocolate_bomb,306,0.000000
FKIT,Y+X2_M3_r1,chocolate_bomb,307,0.000000
FKIT,Y+X2_M3_r1,chocolate_bomb,308,0.000000
FKIT,Y+X2_M3_r1,chocolate_bomb,309,0.000000
FKIT,Y+X2_M3_r1,chocolate_bomb,310,0.000000
FKIT,Y+X2_M3_r1,chocolate_bomb,311,0.000000
FKIT,Y+X2_M3_r1,chocolate_bomb,312,0.000000
FKIT,Y+X2_M3_r1,chocolate_bomb,313,0.000000
FKIT,Y+X2_M3_r1,chocolate_bomb,314,0.000000
FKIT,Y+X2_M3_r1,chocolate_bomb,315,0.000000
FKIT,Y+X2_M3_r1,chocolate_bomb,316,0.000000
FKIT,Y+X2_M3_r1,chocolate_bomb,317,0.000000
FKIT,Y+X2_M3_r1,chocolate_bomb,318,0.000000
FKIT,Y+X2_M3_r1,chocolate_bomb,319,0.000000
FKIT,Y+X2_M3_r1,chocolate_bomb,320,0.000000
FKIT,Y+X2_M3_r1,chocolate_bomb,321,0.000000
FKIT,Y+X2_M3_r1,chocolate_bomb,322,0.000000
FKIT,Y+X2_M3_r1,chocolate_bomb,323,0.000000
FKIT,Y+X2_M3_r1,chocolate_bomb,324,0.000000
FKIT,Y+X2_M3_r1,chocolate_bomb,325,0.000000
FKIT,Y+X2_M3_r1,chocolate_bomb,326,0.000000
FKIT,Y+X2_M3_r1,chocolate_bomb,327,0.000000
FKIT,Y+X2_M3_r1,chocolate_bomb,328,0.000000
FKIT,Y+X2_M3_r1,chocolate_bomb,329,0.000000
FKIT,Y+X2_M3_r1,chocolate_bomb,330,0.000000
FKIT,Y+X2_M3_r1,chocolate_bomb,331,0.000000
FKIT,Y+X2_M3_r1,chocolate_bomb,332,0.000000
FKIT,Y+X2_M3_r1,chocolate_bomb,333,0.000000
FKIT,Y+X2_M3_r1,chocolate_bomb,334,0.000000
FKIT,Y+X2_M3_r1,chocolate_bomb,335,0.000000
FKIT,Y+X2_M3_r1,chocolate_bomb,336,0.000000
FKIT,Y+X2_M3_r1,chocolate_bomb,337,0.000000
FKIT,Y+X2_M3_r1,chocolate_bomb,338,0.000000
FKIT,Y+X2_M3_r1,chocolate_bomb,339,0.000000
FKIT,Y+X2_M3_r1,chocolate_bomb,340,0.000000
FKIT,Y+X2_M3_r1,chocolate_bomb,341,0.000000
FKIT,Y+X2_M3_r1,chocolate_bomb,342,0.000000
FKIT,Y+X2_M3_r1,chocolate_bomb,343,0.000000
FKIT,Y+X2_M3_r1,chocolate_bomb,344,0.000000
FKIT,Y+X2_M3_r1,chocolate_bomb,345,0.000000
FKIT,Y+X2_M3_r1,chocolate_bomb,346,0.000000
FKIT,Y+X2_M3_r1,chocolate_bomb,347,0.000000
FKIT,Y+X2_M3_r1,chocolate_bomb,348,0.000000
FKIT,Y+X2_M3_r1,chocolate_bomb,349,0.000000
FKIT,Y+X2_M3_r1,chocolate_bomb,350,0.000000
FKIT,Y+X2_M3_r1,chocolate_bomb,351,0.000000
FKIT,Y+X2_M3_r1,chocolate_bomb,352,0.000000
FKIT,Y+X2_M3_r1,chocolate_bomb,353,0.000000
FKIT,Y+X2_M3_r1,chocolate_bomb,354,0.000000
FKIT,Y+X2_M3_r1,chocolate_bomb,355,0.000000
FKIT,Y+X2_M3_r1,chocolate_bomb,356,0.000000
FKIT,Y+X2_M3_r1,chocolate_bomb,357,0.000000
FKIT,Y+X2_M3_r1,chocolate_bomb,358,0.000000
FKIT,Y+X2_M3_r1,chocolate_bomb,359,0.000000
FKIT,Y+X2_M3_r1,chocolate_bomb,360,0.000000
FKIT,Y+X2_M3_r1,chocolate_bomb,361,0.000000
FKIT,Y+X2_M3_r1,chocolate_bomb,362,0.000000
FKIT,Y+X2_M3_r1,chocolate_bomb,363,0.000000
FKIT,Y+X2_M3_r1,chocolate_bomb,364,0.000000
FKIT,Y+X2_M3_r1,chocolate_bomb,365,0.000000
FKIT,Y+X2_M3_r1,chocolate_bomb,366,0.000000
FKIT,Y+X2_M3_r1,chocolate_bomb,367,0.000000
FKIT,Y+X2_M3_r1,chocolate_bomb,368,0.000000
FKIT,Y+X2_M3_r1,chocolate_bomb,369,0.000000
FKIT,Y+X2_M3_r1,chocolate_bomb,370,0.000000
FKIT,Y+X2_M3_r1,chocolate_bomb,371,0.000000
FKIT,Y+X2_M3_r1,chocolate_bomb,372,0.000000
FKIT,Y+X2_M3_r1,chocolate_bomb,373,0.000000
FKIT,Y+X2_M3_r1,chocolate_bomb,374,0.000000
FKIT,Y+X2_M3_r1,chocolate_bomb,375,0.000000
FKIT,Y+X2_M3_r1,chocolate_bomb,376,0.000000
FKIT,Y+X2_M3_r1,chocolate_bomb,377,0.000000
FKIT,Y+X2_M3_r1,chocolate_bomb,378,0.000000
FKIT,Y+X2_M3_r1,chocolate_bomb,379,0.000000
FKIT,Y+X2_M3_r1,chocolate_bomb,380,0.000000
FKIT,Y+X2_M3_r1,chocolate_bomb,381,0.000000
FKIT,Y+X2_M3_r1,chocolate_bomb,382,0.000000
FKIT,Y+X2_M3_r1,chocolate_bomb,383,0.000000
FKIT,Y+X2_M3_r1,chocolate_bomb,384,0.000000
FKIT,Y+X2_M3_r1,chocolate_bomb,385,0.000000
FKIT,Y+X2_M3_r1,chocolate_bomb,386,0.000000
FKIT,Y+X2_M3_r1,chocolate_bomb,387,0.000000
FKIT,Y+X2_M3_r1,chocolate_bomb,388,0.000000
FKIT,Y+X2_M3_r1,chocolate_bomb,389,0.000000
FKIT,Y+X2_M3_r1,chocolate_bomb,390,0.000000
FKIT,Y+X2_M3_r1,chocolate_bomb,391,0.000000
FKIT,Y+X2_M3_r1,chocolate_bomb,392,0.000000
FKIT,Y+X2_M3_r1,chocolate_bomb,393,0.000000
FKIT,Y+X2_M3_r1,chocolate_bomb,394,0.000000
FKIT,Y+X2_M3_r1,chocolate_bomb,395,0.000000
FKIT,Y+X2_M3_r1,chocolate_bomb,396,0.000000
FKIT,Y+X2_M3_r1,chocolate_bomb,397,0.000000
FKIT,Y+X2_M3_r1,chocolate_bomb,398,0.000000
FKIT,Y+X2_M3_r1,chocolate_bomb,399,0.000000
FKIT,Y+X2_M3_r1,chocolate_bomb,400,0.000000
FKIT,Y+X2_M3_r1,chocolate_bomb,401,0.000000
FKIT,Y+X2_M3_r1,chocolate_bomb,402,0.000000
FKIT,Y+X2_M3_r1,chocolate_bomb,403,0.000000
FKIT,Y+X2_M3_r1,chocolate_bomb,404,0.000000
FKIT,Y+X2_M3_r1,chocolate_bomb,405,0.000000
FKIT,Y+X2_M3_r1,chocolate_bomb,406,0.000000
FKIT,Y+X2_M3_r1,chocolate_bomb,407,0.000000
FKIT,Y+X2_M3_r1,chocolate_bomb,408,0.000000
FKIT,Y+X2_M3_r1,chocolate_bomb,409,0.000000
FKIT,Y+X2_M3_r1,chocolate_bomb,410,0.000000
FKIT,Y+X2_M3_r1,chocolate_bomb,411,0.000000
FKIT,Y+X2_M3_r1,chocolate_bomb,412,0.000000
FKIT,Y+X2_M3_r1,chocolate_bomb,413,0.000000
FKIT,Y+X2_M3_r1,chocolate_bomb,414,0.000000
FKIT,Y+X2_M3_r1,chocolate_bomb,415,0.000000
FKIT,Y+X2_M3_r1,chocolate_bomb,416,0.000000
FKIT,Y+X2_M3_r1,chocolate_bomb,417,0.000000
FKIT,Y+X2_M3_r1,chocolate_bomb,418,0.000000
FKIT,Y+X2_M3_r1,chocolate_bomb,419,0.000000
FKIT,Y+X2_M3_r1,chocolate_bomb,420,0.000000
FKIT,Y+X2_M3_r1,chocolate_bomb,421,0.000000
FKIT,Y+X2_M3_r1,chocolate_bomb,422,0.000000
FKIT,Y+X2_M3_r1,chocolate_bomb,423,0.000000
FKIT,Y+X2_M3_r1,chocolate_bomb,424,0.000000
FKIT,Y+X2_M3_r1,chocolate_bomb,425,0.000000
FKIT,Y+X2_M3_r1,chocolate_bomb,426,0.000000
FKIT,Y+X2_M3_r1,chocolate_bomb,427,0.000000
FKIT,Y+X2_M3_r1,chocolate_bomb,428,0.000000
FKIT,Y+X2_M3_r1,chocolate_bomb,429,0.000000
FKIT,Y+X2_M3_r1,chocolate_bomb,430,0.000000
FKIT,Y+X2_M3_r1,chocolate_bomb,431,0.000000
FKIT,Y+X2_M3_r1,chocolate_bomb,432,0.000000
FKIT,Y+X2_M3_r1,chocolate_bomb,433,0.000000
FKIT,Y+X2_M3_r1,chocolate_bomb,434,0.000000
FKIT,Y+X2_M3_r1,chocolate_bomb,435,0.000000
FKIT,Y+X2_M3_r1,chocolate_bomb,436,0.000000
FKIT,Y+X2_M3_r1,chocolate_bomb,437,0.000000
FKIT,Y+X2_M3_r1,chocolate_bomb,438,0.000000
FKIT,Y+X2_M3_r1,chocolate_bomb,439,0.000000
FKIT,Y+X2_M3_r1,chocolate_bomb,440,0.000000
FKIT,Y+X2_M3_r1,chocolate_bomb,441,0.000000
FKIT,Y+X2_M3_r1,chocolate_bomb,442,0.000000
FKIT,Y+X2_M3_r1,chocolate_bomb,443,0.000000
FKIT,Y+X2_M3_r1,chocolate_bomb,444,0.000000
FKIT,Y+X2_M3_r1,chocolate_bomb,445,0.000000
FKIT,Y+X2_M3_r1,chocolate_bomb,446,0.000000
FKIT,Y+X2_M3_r1,chocolate_bomb,447,0.000000
FKIT,Y+X2_M3_r1,chocolate_bomb,448,0.000000
FKIT,Y+X2_M3_r1,chocolate_bomb,449,0.000000
FKIT,Y+X2_M3_r1,chocolate_bomb,450,0.000000
FKIT,Y+X2_M3_r1,chocolate_bomb,451,0.000000
FKIT,Y+X2_M3_r1,chocolate_bomb,452,0.000000
FKIT,Y+X2_M3_r1,chocolate_bomb,453,0.000000
FKIT,Y+X2_M3_r1,chocolate_bomb,454,0.000000
FKIT,Y+X2_M3_r1,chocolate_bomb,455,0.000000
FKIT,Y+X2_M3_r1,chocolate_bomb,456,0.000000
FKIT,Y+X2_M3_r1,chocolate_bomb,457,0.000000
FKIT,Y+X2_M3_r1,chocolate_bomb,458,0.000000
FKIT,Y+X2_M3_r1,chocolate_bomb,459,0.000000
FKIT,Y+X2_M3_r1,chocolate_bomb,460,0.000000
FKIT,Y+X2_M3_r1,chocolate_bomb,461,0.000000
FKIT,Y+X2_M3_r1,chocolate_bomb,462,0.000000
FKIT,Y+X2_M3_r1,chocolate_bomb,463,0.000000
FKIT,Y+X2_M3_r1,chocolate_bomb,464,0.000000
FKIT,Y+X2_M3_r1,chocolate_bomb,465,0.000000
FKIT,Y+X2_M3_r1,chocolate_bomb,466,0.000000
FKIT,Y+X2_M3_r1,chocolate_bomb,467,0.000000
FKIT,Y+X2_M3_r1,chocolate_bomb,468,0.000000
FKIT,Y+X2_M3_r1,chocolate_bomb,469,0.000000
FKIT,Y+X2_M3_r1,chocolate_bomb,470,0.000000
FKIT,Y+X2_M3_r1,chocolate_bomb,471,0.000000
FKIT,Y+X2_M3_r1,chocolate_bomb,472,0.000000
FKIT,Y+X2_M3_r1,chocolate_bomb,473,0.000000
FKIT,Y+X2_M3_r1,chocolate_bomb,474,0.000000
FKIT,Y+X2_M3_r1,chocolate_bomb,475,0.000000
FKIT,Y+X2_M3_r1,chocolate_bomb,476,0.000000
FKIT,Y+X2_M3_r1,chocolate_bomb,477,0.000000
FKIT,Y+X2_M3_r1,chocolate_bomb,478,0.000000
FKIT,Y+X2_M3_r1,chocolate_bomb,479,0.000000
FKIT,Y+X2_M3_r1,chocolate_bomb,480,0.000000
FKIT,Y+X2_M3_r1,chocolate_bomb,481,0.000000
FKIT,Y+X2_M3_r1,chocolate_bomb,482,0.000000
FKIT,Y+X2_M3_r1,chocolate_bomb,483,0.000000
FKIT,Y+X2_M3_r1,chocolate_bomb,484,0.000000
FKIT,Y+X2_M3_r1,chocolate_bomb,485,0.000000
FKIT,Y+X2_M3_r1,chocolate_bomb,486,0.000000
FKIT,Y+X2_M3_r1,chocolate_bomb,487,0.000000
FKIT,Y+X2_M3_r1,chocolate_bomb,488,0.000000
FKIT,Y+X2_M3_r1,chocolate_bomb,489,0.000000
FKIT,Y+X2_M3_r1,chocolate_bomb,490,0.000000
FKIT,Y+X2_M3_r1,chocolate_bomb,491,0.000000
FKIT,Y+X2_M3_r1,chocolate_bomb,492,0.000000
FKIT,Y+X2_M3_r1,chocolate_bomb,493,0.000000
FKIT,Y+X2_M3_r1,chocolate_bomb,494,0.000000
FKIT,Y+X2_M3_r1,chocolate_bomb,495,0.000000
FKIT,Y+X2_M3_r1,chocolate_bomb,496,0.000000
FKIT,Y+X2_M3_r1,chocolate_bomb,497,0.000000
FKIT,Y+X2_M3_r1,chocolate_bomb,498,0.000000
FKIT,Y+X2_M3_r1,chocolate_bomb,499,0.000000
FKIT,Y+X2_M3_r1,chocolate_bomb,500,0.000000
FKIT,Y+X2_M3_r1,chocolate_bomb,501,0.000000
FKIT,Y+X2_M3_r1,chocolate_bomb,502,0.000000
FKIT,Y+X2_M3_r1,chocolate_bomb,503,0.000000
FKIT,Y+X2_M3_r1,chocolate_bomb,504,0.000000
FKIT,Y+X2_M3_r1,chocolate_bomb,505,0.000000
FKIT,Y+X2_M3_r1,chocolate_bomb,506,0.000000
FKIT,Y+X2_M3_r1,chocolate_bomb,507,0.000000
FKIT,Y+X2_M3_r1,chocolate_bomb,508,0.000000
FKIT,Y+X2_M3_r1,chocolate_bomb,509,0.000000
FKIT,Y+X2_M3_r1,chocolate_bomb,510,0.000000
FKIT,Y+X2_M3_r1,chocolate_bomb,511,0.000000
FKIT,Y+X2_M3_r1,chocolate_bomb,512,0.000000
FKIT,Y+X2_M3_r1,chocolate_bomb,513,0.000000
FKIT,Y+X2_M3_r1,chocolate_bomb,514,0.000000
FKIT,Y+X2_M3_r1,chocolate_bomb,515,0.000000
FKIT,Y+X2_M3_r1,chocolate_bomb,516,0.000000
FKIT,Y+X2_M3_r1,chocolate_bomb,517,0.000000
FKIT,Y+X2_M3_r1,chocolate_bomb,518,0.000000
FKIT,Y+X2_M3_r1,chocolate_bomb,519,0.000000
FKIT,Y+X2_M3_r1,chocolate_bomb,520,0.000000
FKIT,Y+X2_M3_r1,chocolate_bomb,521,0.000000
FKIT,Y+X2_M3_r1,chocolate_bomb,522,0.000000
FKIT,Y+X2_M3_r1,chocolate_bomb,523,0.000000
FKIT,Y+X2_M3_r1,chocolate_bomb,524,0.000000
FKIT,Y+X2_M3_r1,chocolate_bomb,525,0.000000
FKIT,Y+X2_M3_r1,chocolate_bomb,526,0.000000
FKIT,Y+X2_M3_r1,chocolate_bomb,527,0.000000
FKIT,Y+X2_M3_r1,chocolate_bomb,528,0.000000
FKIT,Y+X2_M3_r1,chocolate_bomb,529,0.000000
FKIT,Y+X2_M3_r1,chocolate_bomb,530,0.000000
FKIT,Y+X2_M3_r1,chocolate_bomb,531,0.000000
FKIT,Y+X2_M3_r1,chocolate_bomb,532,0.000000
FKIT,Y+X2_M3_r1,chocolate_bomb,533,0.000000
FKIT,Y+X2_M3_r1,chocolate_bomb,534,0.000000
FKIT,Y+X2_M3_r1,chocolate_bomb,535,0.000000
FKIT,Y+X2_M3_r1,chocolate_bomb,536,0.000000
FKIT,Y+X2_M3_r1,chocolate_bomb,537,0.000000
FKIT,Y+X2_M3_r1,chocolate_bomb,538,0.000000
FKIT,Y+X2_M3_r1,chocolate_bomb,539,0.000000
FKIT,Y+X2_M3_r1,chocolate_bomb,540,0.000000
FKIT,Y+X2_M3_r1,chocolate_bomb,541,0.000000
FKIT,Y+X2_M3_r1,chocolate_bomb,542,0.000000
FKIT,Y+X2_M3_r1,chocolate_bomb,543,0.000000
FKIT,Y+X2_M3_r1,chocolate_bomb,544,0.000000
FKIT,Y+X2_M3_r1,chocolate_bomb,545,0.000000
FKIT,Y+X2_M3_r1,chocolate_bomb,546,0.000000
FKIT,Y+X2_M3_r1,chocolate_bomb,547,0.000000
FKIT,Y+X2_M3_r1,chocolate_bomb,548,0.000000
FKIT,Y+X2_M3_r1,chocolate_bomb,549,0.000000
FKIT,Y+X2_M3_r1,chocolate_bomb,550,0.000000
FKIT,Y+X2_M3_r1,chocolate_bomb,551,0.000000
FKIT,Y+X2_M3_r1,chocolate_bomb,552,0.000000
FKIT,Y+X2_M3_r1,chocolate_bomb,553,0.000000
FKIT,Y+X2_M3_r1,chocolate_bomb,554,0.000000
FKIT,Y+X2_M3_r1,chocolate_bomb,555,0.000000
FKIT,Y+X2_M3_r1,chocolate_bomb,556,0.000000
FKIT,Y+X2_M3_r1,chocolate_bomb,557,0.000000
FKIT,Y+X2_M3_r1,chocolate_bomb,558,0.000000
FKIT,Y+X2_M3_r1,chocolate_bomb,559,0.000000
FKIT,Y+X2_M3_r1,chocolate_bomb,560,0.000000
FKIT,Y+X2_M3_r1,chocolate_bomb,561,0.000000
FKIT,Y+X2_M3_r1,chocolate_bomb,562,0.000000
FKIT,Y+X2_M3_r1,chocolate_bomb,563,0.000000
FKIT,Y+X2_M3_r1,chocolate_bomb,564,0.000000
FKIT,Y+X2_M3_r1,chocolate_bomb,565,0.000000
FKIT,Y+X2_M3_r1,chocolate_bomb,566,0.000000
FKIT,Y+X2_M3_r1,chocolate_bomb,567,0.000000
FKIT,Y+X2_M3_r1,chocolate_bomb,568,0.000000
FKIT,Y+X2_M3_r1,chocolate_bomb,569,0.000000
FKIT,Y+X2_M3_r1,chocolate_bomb,570,0.000000
FKIT,Y+X2_M3_r1,chocolate_bomb,571,0.000000
FKIT,Y+X2_M3_r1,chocolate_bomb,572,0.000000
FKIT,Y+X2_M3_r1,chocolate_bomb,573,0.000000
FKIT,Y+X2_M3_r1,chocolate_bomb,574,0.000000
FKIT,Y+X2_M3_r1,chocolate_bomb,575,0.000000
FKIT,Y+X2_M3_r1,chocolate_bomb,576,0.000000
FKIT,Y+X2_M3_r1,chocolate_bomb,577,0.000000
FKIT,Y+X2_M3_r1,chocolate_bomb,578,0.000000
FKIT,Y+X2_M3_r1,chocolate_bomb,579,0.000000
FKIT,Y+X2_M3_r1,chocolate_bomb,580,0.000000
FKIT,Y+X2_M3_r1,chocolate_bomb,581,0.000000
FKIT,Y+X2_M3_r1,chocolate_bomb,582,0.000000
FKIT,Y+X2_M3_r1,chocolate_bomb,583,0.000000
FKIT,Y+X2_M3_r1,chocolate_bomb,584,0.000000
FKIT,Y+X2_M3_r1,chocolate_bomb,585,0.000000
FKIT,Y+X2_M3_r1,chocolate_bomb,586,0.000000
FKIT,Y+X2_M3_r1,chocolate_bomb,587,0.000000
FKIT,Y+X2_M3_r1,chocolate_bomb,588,0.000000
FKIT,Y+X2_M3_r1,chocolate_bomb,589,0.000000
FKIT,Y+X2_M3_r1,chocolate_bomb,590,0.000000
FKIT,Y+X2_M3_r1,chocolate_bomb,591,0.000000
FKIT,Y+X2_M3_r1,chocolate_bomb,592,0.000000
FKIT,Y+X2_M3_r1,chocolate_bomb,593,0.000000
FKIT,Y+X2_M3_r1,chocolate_bomb,594,0.000000
FKIT,Y+X2_M3_r1,chocolate_bomb,595,0.000000
FKIT,Y+X2_M3_r1,chocolate_bomb,596,0.000000
FKIT,Y+X2_M3_r1,chocolate_bomb,597,0.000000
FKIT,Y+X2_M3_r1,chocolate_bomb,598,0.000000
FKIT,Y+X2_M3_r1,chocolate_bomb,599,0.000000
FKIT,Y+X2_M3_r1,chocolate_bomb,600,0.000000
FKIT,Y+X2_M3_r1,chocolate_bomb,601,0.000000
FKIT,Y+X2_M3_r1,chocolate_bomb,602,0.000000
FKIT,Y+X2_M3_r1,chocolate_bomb,603,0.000000
FKIT,Y+X2_M3_r1,chocolate_bomb,604,0.000000
FKIT,Y+X2_M3_r1,chocolate_bomb,605,0.000000
FKIT,Y+X2_M3_r1,chocolate_bomb,606,0.000000
FKIT,Y+X2_M3_r1,chocolate_bomb,607,0.000000
FKIT,Y+X2_M3_r1,chocolate_bomb,608,0.000000
FKIT,Y+X2_M3_r1,chocolate_bomb,609,0.000000
FKIT,Y+X2_M3_r1,chocolate_bomb,610,0.000000
FKIT,Y+X2_M3_r1,chocolate_bomb,611,0.000000
FKIT,Y+X2_M3_r1,chocolate_bomb,612,0.000000
FKIT,Y+X2_M3_r1,chocolate_bomb,613,0.000000
FKIT,Y+X2_M3_r1,chocolate_bomb,614,0.000000
FKIT,Y+X2_M3_r1,chocolate_bomb,615,0.000000
FKIT,Y+X2_M3_r1,chocolate_bomb,616,0.000000
FKIT,Y+X2_M3_r1,chocolate_bomb,617,0.000000
FKIT,Y+X2_M3_r1,chocolate_bomb,618,0.000000
FKIT,Y+X2_M3_r1,chocolate_bomb,619,0.000000
FKIT,Y+X2_M3_r1,chocolate_bomb,620,0.000000
FKIT,Y+X2_M3_r1,chocolate_bomb,621,0.000000
FKIT,Y+X2_M3_r1,chocolate_bomb,622,0.000000
FKIT,Y+X2_M3_r1,chocolate_bomb,623,0.000000
FKIT,Y+X2_M3_r1,chocolate_bomb,624,0.000000
FKIT,Y+X2_M3_r1,chocolate_bomb,625,0.000000
FKIT,Y+X2_M3_r1,chocolate_bomb,626,0.000000
FKIT,Y+X2_M3_r1,chocolate_bomb,627,0.000000
FKIT,Y+X2_M3_r1,chocolate_bomb,628,0.000000
FKIT,Y+X2_M3_r1,chocolate_bomb,629,0.000000
FKIT,Y+X2_M3_r1,chocolate_bomb,630,0.000000
FKIT,Y+X2_M3_r1,chocolate_bomb,631,0.000000
FKIT,Y+X2_M3_r1,chocolate_bomb,632,0.000000
FKIT,Y+X2_M3_r1,chocolate_bomb,633,0.000000
FKIT,Y+X2_M3_r1,chocolate_bomb,634,0.000000
FKIT,Y+X2_M3_r1,chocolate_bomb,635,0.000000
FKIT,Y+X2_M3_r1,chocolate_bomb,636,0.000000
FKIT,Y+X2_M3_r1,chocolate_bomb,637,0.000000
FKIT,Y+X2_M3_r1,chocolate_bomb,638,0.000000
FKIT,Y+X2_M3_r1,chocolate_bomb,639,0.000000
FKIT,Y+X2_M3_r1,chocolate_bomb,640,0.000000
FKIT,Y+X2_M3_r1,chocolate_bomb,641,0.000000
FKIT,Y+X2_M3_r1,chocolate_bomb,642,0.000000
FKIT,Y+X2_M3_r1,chocolate_bomb,643,0.000000
FKIT,Y+X2_M3_r1,chocolate_bomb,644,0.000000
FKIT,Y+X2_M3_r1,chocolate_bomb,645,0.000000
FKIT,Y+X2_M3_r1,chocolate_bomb,646,0.000000
FKIT,Y+X2_M3_r1,chocolate_bomb,647,0.000000
FKIT,Y+X2_M3_r1,chocolate_bomb,648,0.000000
FKIT,Y+X2_M3_r1,chocolate_bomb,649,0.000000
FKIT,Y+X2_M3_r1,chocolate_bomb,650,0.000000
FKIT,Y+X2_M3_r1,chocolate_bomb,651,0.000000
FKIT,Y+X2_M3_r1,chocolate_bomb,652,0.000000
FKIT,Y+X2_M3_r1,chocolate_bomb,653,0.000000
FKIT,Y+X2_M3_r1,chocolate_bomb,654,0.000000
FKIT,Y+X2_M3_r1,chocolate_bomb,655,0.000000
FKIT,Y+X2_M3_r1,chocolate_bomb,656,0.000000
FKIT,Y+X2_M3_r1,chocolate_bomb,657,0.000000
FKIT,Y+X2_M3_r1,chocolate_bomb,658,0.000000
FKIT,Y+X2_M3_r1,chocolate_bomb,659,0.000000
FKIT,Y+X2_M3_r1,chocolate_bomb,660,0.000000
FKIT,Y+X2_M3_r1,chocolate_bomb,661,0.000000
FKIT,Y+X2_M3_r1,chocolate_bomb,662,0.000000
FKIT,Y+X2_M3_r1,chocolate_bomb,663,0.000000
FKIT,Y+X2_M3_r1,chocolate_bomb,664,0.000000
FKIT,Y+X2_M3_r1,chocolate_bomb,665,0.000000
FKIT,Y+X2_M3_r1,chocolate_bomb,666,0.000000
FKIT,Y+X2_M3_r1,chocolate_bomb,667,0.000000
FKIT,Y+X2_M3_r1,chocolate_bomb,668,0.000000
FKIT,Y+X2_M3_r1,chocolate_bomb,669,0.000000
FKIT,Y+X2_M3_r1,chocolate_bomb,670,0.000000
FKIT,Y+X2_M3_r1,chocolate_bomb,671,0.000000
FKIT,Y+X2_M3_r1,chocolate_bomb,672,0.000000
FKIT,Y+X2_M3_r1,chocolate_bomb,673,0.000000
FKIT,Y+X2_M3_r1,chocolate_bomb,674,0.000000
FKIT,Y+X2_M3_r1,chocolate_bomb,675,0.000000
FKIT,Y+X2_M3_r1,chocolate_bomb,676,0.000000
FKIT,Y+X2_M3_r1,chocolate_bomb,677,0.000000
FKIT,Y+X2_M3_r1,chocolate_bomb,678,0.000000
FKIT,Y+X2_M3_r1,chocolate_bomb,679,0.000000
FKIT,Y+X2_M3_r1,chocolate_bomb,680,0.000000
FKIT,Y+X2_M3_r1,chocolate_bomb,681,0.000000
FKIT,Y+X2_M3_r1,chocolate_bomb,682,0.000000
FKIT,Y+X2_M3_r1,chocolate_bomb,683,0.000000
FKIT,Y+X2_M3_r1,chocolate_bomb,684,0.000000
FKIT,Y+X2_M3_r1,chocolate_bomb,685,0.000000
FKIT,Y+X2_M3_r1,chocolate_bomb,686,0.000000
FKIT,Y+X2_M3_r1,chocolate_bomb,687,0.000000
FKIT,Y+X2_M3_r1,chocolate_bomb,688,0.000000
FKIT,Y+X2_M3_r1,chocolate_bomb,689,0.000000
FKIT,Y+X2_M3_r1,chocolate_bomb,690,0.000000
FKIT,Y+X2_M3_r1,chocolate_bomb,691,0.000000
FKIT,Y+X2_M3_r1,chocolate_bomb,692,0.000000
FKIT,Y+X2_M3_r1,chocolate_bomb,693,0.000000
FKIT,Y+X2_M3_r1,chocolate_bomb,694,0.000000
FKIT,Y+X2_M3_r1,chocolate_bomb,695,0.000000
FKIT,Y+X2_M3_r1,chocolate_bomb,696,0.000000
FKIT,Y+X2_M3_r1,chocolate_bomb,697,0.000000
FKIT,Y+X2_M3_r1,chocolate_bomb,698,0.000000
FKIT,Y+X2_M3_r1,chocolate_bomb,699,0.000000
FKIT,Y+X2_M3_r1,chocolate_bomb,700,0.000000
FKIT,Y+X2_M3_r1,chocolate_bomb,701,0.000000
FKIT,Y+X2_M3_r1,chocolate_bomb,702,0.000000
FKIT,Y+X2_M3_r1,chocolate_bomb,703,0.000000
FKIT,Y+X2_M3_r1,chocolate_bomb,704,0.000000
FKIT,Y+X2_M3_r1,chocolate_bomb,705,0.000000
FKIT,Y+X2_M3_r1,chocolate_bomb,706,0.000000
FKIT,Y+X2_M3_r1,chocolate_bomb,707,0.000000
FKIT,Y+X2_M3_r1,chocolate_bomb,708,0.000000
FKIT,Y+X2_M3_r1,chocolate_bomb,709,0.000000
FKIT,Y+X2_M3_r1,chocolate_bomb,710,0.000000
FKIT,Y+X2_M3_r1,chocolate_bomb,711,0.000000
FKIT,Y+X2_M3_r1,chocolate_bomb,712,0.000000
FKIT,Y+X2_M3_r1,chocolate_bomb,713,0.000000
FKIT,Y+X2_M3_r1,chocolate_bomb,714,0.000000
FKIT,Y+X2_M3_r1,chocolate_bomb,715,0.000000
FKIT,Y+X2_M3_r1,chocolate_bomb,716,0.000000
FKIT,Y+X2_M3_r1,chocolate_bomb,717,0.000000
FKIT,Y+X2_M3_r1,chocolate_bomb,718,0.000000
FKIT,Y+X2_M3_r1,chocolate_bomb,719,0.000000
FKIT,Y+X2_M3_r1,chocolate_bomb,720,0.000000
FKIT,Y+X2_M3_r1,chocolate_bomb,721,0.000000
FKIT,Y+X2_M3_r1,chocolate_bomb,722,0.000000
FKIT,Y+X2_M3_r1,chocolate_bomb,723,0.000000
FKIT,Y+X2_M3_r1,chocolate_bomb,724,0.000000
FKIT,Y+X2_M3_r1,chocolate_bomb,725,0.000000
FKIT,Y+X2_M3_r1,chocolate_bomb,726,0.000000
FKIT,Y+X2_M3_r1,chocolate_bomb,727,0.000000
FKIT,Y+X2_M3_r1,chocolate_bomb,728,0.000000
FKIT,Y+X2_M3_r1,chocolate_bomb,729,0.000000
FKIT,Y+X2_M3_r1,chocolate_bomb,730,0.000000
FKIT,Y+X2_M3_r1,chocolate_bomb,731,0.000000
FKIT,Y+X2_M3_r1,chocolate_bomb,732,0.000000
FKIT,Y+X2_M3_r1,chocolate_bomb,733,0.000000
FKIT,Y+X2_M3_r1,chocolate_bomb,734,0.000000
FKIT,Y+X2_M3_r1,chocolate_bomb,735,0.000000
FKIT,Y+X2_M3_r1,chocolate_bomb,736,0.000000
FKIT,Y+X2_M3_r1,chocolate_bomb,737,0.000000
FKIT,Y+X2_M3_r1,chocolate_bomb,738,0.000000
FKIT,Y+X2_M3_r1,chocolate_bomb,739,0.000000
FKIT,Y+X2_M3_r1,chocolate_bomb,740,0.000000
FKIT,Y+X2_M3_r1,chocolate_bomb,741,0.000000
FKIT,Y+X2_M3_r1,chocolate_bomb,742,0.000000
FKIT,Y+X2_M3_r1,chocolate_bomb,743,0.000000
FKIT,Y+X2_M3_r1,chocolate_bomb,744,0.000000
FKIT,Y+X2_M3_r1,chocolate_bomb,745,0.000000
FKIT,Y+X2_M3_r1,chocolate_bomb,746,0.000000
FKIT,Y+X2_M3_r1,chocolate_bomb,747,0.000000
FKIT,Y+X2_M3_r1,chocolate_bomb,748,0.000000
FKIT,Y+X2_M3_r1,chocolate_bomb,749,0.000000
FKIT,Y+X2_M3_r1,chocolate_bomb,750,0.000000
FKIT,Y+X2_M3_r1,chocolate_bomb,751,0.000000
FKIT,Y+X2_M3_r1,chocolate_bomb,752,0.000000
FKIT,Y+X2_M3_r1,chocolate_bomb,753,0.000000
FKIT,Y+X2_M3_r1,chocolate_bomb,754,0.000000
FKIT,Y+X2_M3_r1,chocolate_bomb,755,0.000000
FKIT,Y+X2_M3_r1,chocolate_bomb,756,0.000000
FKIT,Y+X2_M3_r1,chocolate_bomb,757,0.000000
FKIT,Y+X2_M3_r1,chocolate_bomb,758,0.000000
FKIT,Y+X2_M3_r1,chocolate_bomb,759,0.000000
FKIT,Y+X2_M3_r1,chocolate_bomb,760,0.000000
FKIT,Y+X2_M3_r1,chocolate_bomb,761,0.000000
FKIT,Y+X2_M3_r1,chocolate_bomb,762,0.000000
FKIT,Y+X2_M3_r1,chocolate_bomb,763,0.000000
FKIT,Y+X2_M3_r1,chocolate_bomb,764,0.000000
FKIT,Y+X2_M3_r1,chocolate_bomb,765,0.000000
FKIT,Y+X2_M3_r1,chocolate_bomb,766,0.000000
FKIT,Y+X2_M3_r1,chocolate_bomb,767,0.000000
FKIT,Y+X2_M3_r1,chocolate_bomb,768,0.000000
FKIT,Y+X2_M3_r1,chocolate_bomb,769,0.000000
FKIT,Y+X2_M3_r1,chocolate_bomb,770,0.000000
FKIT,Y+X2_M3_r1,chocolate_bomb,771,0.000000
FKIT,Y+X2_M3_r1,chocolate_bomb,772,0.000000
FKIT,Y+X2_M3_r1,chocolate_bomb,773,0.000000
FKIT,Y+X2_M3_r1,chocolate_bomb,774,0.000000
FKIT,Y+X2_M3_r1,chocolate_bomb,775,0.000000
FKIT,Y+X2_M3_r1,chocolate_bomb,776,0.000000
FKIT,Y+X2_M3_r1,chocolate_bomb,777,0.000000
FKIT,Y+X2_M3_r1,chocolate_bomb,778,0.000000
FKIT,Y+X2_M3_r1,chocolate_bomb,779,0.000000
FKIT,Y+X2_M3_r1,chocolate_bomb,780,0.000000
FKIT,Y+X2_M3_r1,chocolate_bomb,781,0.000000
FKIT,Y+X2_M3_r1,chocolate_bomb,782,0.000000
FKIT,Y+X2_M3_r1,chocolate_bomb,783,0.000000
FKIT,Y+X2_M3_r1,chocolate_bomb,784,0.000000
FKIT,Y+X2_M3_r1,chocolate_bomb,785,0.000000
FKIT,Y+X2_M3_r1,chocolate_bomb,786,0.000000
FKIT,Y+X2_M3_r1,chocolate_bomb,787,0.000000
FKIT,Y+X2_M3_r1,chocolate_bomb,788,0.000000
FKIT,Y+X2_M3_r1,chocolate_bomb,789,0.000000
FKIT,Y+X2_M3_r1,chocolate_bomb,790,0.000000
FKIT,Y+X2_M3_r1,chocolate_bomb,791,0.000000
FKIT,Y+X2_M3_r1,chocolate_bomb,792,0.000000
FKIT,Y+X2_M3_r1,chocolate_bomb,793,0.000000
FKIT,Y+X2_M3_r1,chocolate_bomb,794,0.000000
FKIT,Y+X2_M3_r1,chocolate_bomb,795,0.000000
FKIT,Y+X2_M3_r1,chocolate_bomb,796,0.000000
FKIT,Y+X2_M3_r1,chocolate_bomb,797,0.000000
FKIT,Y+X2_M3_r1,chocolate_bomb,798,0.000000
FKIT,Y+X2_M3_r1,chocolate_bomb,799,0.000000
FKIT,Y+X2_M3_r1,chocolate_bomb,800,0.000000
FKIT,Y+X2_M3_r1,chocolate_bomb,801,0.000000
FKIT,Y+X2_M3_r1,chocolate_bomb,802,0.000000
FKIT,Y+X2_M3_r1,chocolate_bomb,803,0.000000
FKIT,Y+X2_M3_r1,chocolate_bomb,804,0.000000
FKIT,Y+X2_M3_r1,chocolate_bomb,805,0.000000
FKIT,Y+X2_M3_r1,chocolate_bomb,806,0.000000
FKIT,Y+X2_M3_r1,chocolate_bomb,807,0.000000
FKIT,Y+X2_M3_r1,chocolate_bomb,808,0.000000
FKIT,Y+X2_M3_r1,chocolate_bomb,809,0.000000
FKIT,Y+X2_M3_r1,chocolate_bomb,810,0.000000
FKIT,Y+X2_M3_r1,chocolate_bomb,811,0.000000
FKIT,Y+X2_M3_r1,chocolate_bomb,812,0.000000
FKIT,Y+X2_M3_r1,chocolate_bomb,813,0.000000
FKIT,Y+X2_M3_r1,chocolate_bomb,814,0.000000
FKIT,Y+X2_M3_r1,chocolate_bomb,815,0.000000
FKIT,Y+X2_M3_r1,chocolate_bomb,816,0.000000
FKIT,Y+X2_M3_r1,chocolate_bomb,817,0.000000
FKIT,Y+X2_M3_r1,chocolate_bomb,818,0.000000
FKIT,Y+X2_M3_r1,chocolate_bomb,819,0.000000
FKIT,Y+X2_M3_r1,chocolate_bomb,820,0.000000
FKIT,Y+X2_M3_r1,chocolate_bomb,821,0.000000
FKIT,Y+X2_M3_r1,chocolate_bomb,822,0.000000
FKIT,Y+X2_M3_r1,chocolate_bomb,823,0.000000
FKIT,Y+X2_M3_r1,chocolate_bomb,824,0.000000
FKIT,Y+X2_M3_r1,chocolate_bomb,825,0.000000
FKIT,Y+X2_M3_r1,chocolate_bomb,826,0.000000
FKIT,Y+X2_M3_r1,chocolate_bomb,827,0.000000
FKIT,Y+X2_M3_r1,chocolate_bomb,828,0.000000
FKIT,Y+X2_M3_r1,chocolate_bomb,829,0.000000
FKIT,Y+X2_M3_r1,chocolate_bomb,830,0.000000
FKIT,Y+X2_M3_r1,chocolate_bomb,831,0.000000
FKIT,Y+X2_M3_r1,chocolate_bomb,832,0.000000
FKIT,Y+X2_M3_r1,chocolate_bomb,833,0.000000
FKIT,Y+X2_M3_r1,chocolate_bomb,834,0.000000
FKIT,Y+X2_M3_r1,chocolate_bomb,835,0.000000
FKIT,Y+X2_M3_r1,chocolate_bomb,836,0.000000
FKIT,Y+X2_M3_r1,chocolate_bomb,837,0.000000
FKIT,Y+X2_M3_r1,chocolate_bomb,838,0.000000
FKIT,Y+X2_M3_r1,chocolate_bomb,839,0.000000
FKIT,Y+X2_M3_r1,chocolate_bomb,840,0.000000
FKIT,Y+X2_M3_r1,chocolate_bomb,841,0.000000
FKIT,Y+X2_M3_r1,chocolate_bomb,842,0.000000
FKIT,Y+X2_M3_r1,chocolate_bomb,843,0.000000
FKIT,Y+X2_M3_r1,chocolate_bomb,844,0.000000
FKIT,Y+X2_M3_r1,chocolate_bomb,845,0.000000
FKIT,Y+X2_M3_r1,chocolate_bomb,846,0.000000
FKIT,Y+X2_M3_r1,chocolate_bomb,847,0.000000
FKIT,Y+X2_M3_r1,chocolate_bomb,848,0.000000
FKIT,Y+X2_M3_r1,chocolate_bomb,849,0.000000
FKIT,Y+X2_M3_r1,chocolate_bomb,850,0.000000
FKIT,Y+X2_M3_r1,chocolate_bomb,851,0.000000
FKIT,Y+X2_M3_r1,chocolate_bomb,852,0.000000
FKIT,Y+X2_M3_r1,chocolate_bomb,853,0.000000
FKIT,Y+X2_M3_r1,chocolate_bomb,854,0.000000
FKIT,Y+X2_M3_r1,chocolate_bomb,855,0.000000
FKIT,Y+X2_M3_r1,chocolate_bomb,856,0.000000
FKIT,Y+X2_M3_r1,chocolate_bomb,857,0.000000
FKIT,Y+X2_M3_r1,chocolate_bomb,858,0.000000
FKIT,Y+X2_M3_r1,chocolate_bomb,859,0.000000
FKIT,Y+X2_M3_r1,chocolate_bomb,860,0.000000
FKIT,Y+X2_M3_r1,chocolate_bomb,861,0.000000
FKIT,Y+X2_M3_r1,chocolate_bomb,862,0.000000
FKIT,Y+X2_M3_r1,chocolate_bomb,863,0.000000
FKIT,Y+X2_M3_r1,chocolate_bomb,864,0.000000
FKIT,Y+X2_M3_r1,chocolate_bomb,865,0.000000
FKIT,Y+X2_M3_r1,chocolate_bomb,866,0.000000
FKIT,Y+X2_M3_r1,chocolate_bomb,867,0.000000
FKIT,Y+X2_M3_r1,chocolate_bomb,868,0.000000
FKIT,Y+X2_M3_r1,chocolate_bomb,869,0.000000
FKIT,Y+X2_M3_r1,chocolate_bomb,870,0.000000
FKIT,Y+X2_M3_r1,chocolate_bomb,871,0.000000
FKIT,Y+X2_M3_r1,chocolate_bomb,872,0.000000
FKIT,Y+X2_M3_r1,chocolate_bomb,873,0.000000
FKIT,Y+X2_M3_r1,chocolate_bomb,874,0.000000
FKIT,Y+X2_M3_r1,chocolate_bomb,875,0.000000
FKIT,Y+X2_M3_r1,chocolate_bomb,876,0.000000
FKIT,Y+X2_M3_r1,chocolate_bomb,877,0.000000
FKIT,Y+X2_M3_r1,chocolate_bomb,878,0.000000
FKIT,Y+X2_M3_r1,chocolate_bomb,879,0.000000
FKIT,Y+X2_M3_r1,chocolate_bomb,880,0.000000
FKIT,Y+X2_M3_r1,chocolate_bomb,881,0.000000
FKIT,Y+X2_M3_r1,chocolate_bomb,882,0.000000
FKIT,Y+X2_M3_r1,chocolate_bomb,883,0.000000
FKIT,Y+X2_M3_r1,chocolate_bomb,884,0.000000
FKIT,Y+X2_M3_r1,chocolate_bomb,885,0.000000
FKIT,Y+X2_M3_r1,chocolate_bomb,886,0.000000
FKIT,Y+X2_M3_r1,chocolate_bomb,887,0.000000
FKIT,Y+X2_M3_r1,chocolate_bomb,888,0.000000
FKIT,Y+X2_M3_r1,chocolate_bomb,889,0.000000
FKIT,Y+X2_M3_r1,chocolate_bomb,890,0.000000
FKIT,Y+X2_M3_r1,chocolate_bomb,891,0.000000
FKIT,Y+X2_M3_r1,chocolate_bomb,892,0.965655
FKIT,Y+X2_M3_r1,chocolate_bomb,893,0.000000
FKIT,Y+X2_M3_r1,chocolate_bomb,894,0.000000
FKIT,Y+X2_M3_r1,chocolate_bomb,895,0.000000
FKIT,Y+X2_M3_r1,chocolate_bomb,896,0.000000
FKIT,Y+X2_M3_r1,chocolate_bomb,897,0.000000
FKIT,Y+X2_M3_r1,chocolate_bomb,898,0.000000
FKIT,Y+X2_M3_r1,chocolate_bomb,899,0.000000
FKIT,Y+X2_M3_r1,chocolate_bomb,900,0.000000
FKIT,Y+X2_M3_r1,chocolate_bomb,901,0.000000
FKIT,Y+X2_M3_r1,chocolate_bomb,902,0.000000
FKIT,Y+X2_M3_r1,chocolate_bomb,903,0.000000
FKIT,Y+X2_M3_r1,chocolate_bomb,904,0.000000
FKIT,Y+X2_M3_r1,chocolate_bomb,905,0.000000
FKIT,Y+X2_M3_r1,chocolate_bomb,906,0.000000
FKIT,Y+X2_M3_r1,chocolate_bomb,907,0.000000
FKIT,Y+X2_M3_r1,chocolate_bomb,908,0.000000
FKIT,Y+X2_M3_r1,chocolate_bomb,909,0.000000
FKIT,Y+X2_M3_r1,chocolate_bomb,910,0.000000
FKIT,Y+X2_M3_r1,chocolate_bomb,911,0.000000
FKIT,Y+X2_M3_r1,chocolate_bomb,912,0.000000
FKIT,Y+X2_M3_r1,chocolate_bomb,913,0.000000
FKIT,Y+X2_M3_r1,chocolate_bomb,914,0.000000
FKIT,Y+X2_M3_r1,chocolate_bomb,915,0.000000
FKIT,Y+X2_M3_r1,chocolate_bomb,916,0.000000
FKIT,Y+X2_M3_r1,chocolate_bomb,917,0.000000
FKIT,Y+X2_M3_r1,chocolate_bomb,918,0.000000
FKIT,Y+X2_M3_r1,chocolate_bomb,919,0.000000
FKIT,Y+X2_M3_r1,chocolate_bomb,920,0.000000
FKIT,Y+X2_M3_r1,chocolate_bomb,921,0.000000
FKIT,Y+X2_M3_r1,chocolate_bomb,922,0.000000
FKIT,Y+X2_M3_r1,chocolate_bomb,923,0.000000
FKIT,Y+X2_M3_r1,chocolate_bomb,924,0.000000
FKIT,Y+X2_M3_r1,chocolate_bomb,925,0.000000
FKIT,Y+X2_M3_r1,chocolate_bomb,926,0.000000
FKIT,Y+X2_M3_r1,chocolate_bomb,927,0.000000
FKIT,Y+X2_M3_r1,chocolate_bomb,928,0.000000
FKIT,Y+X2_M3_r1,chocolate_bomb,929,0.000000
FKIT,Y+X2_M3_r1,chocolate_bomb,930,0.000000
FKIT,Y+X2_M3_r1,chocolate_bomb,931,0.000000
FKIT,Y+X2_M3_r1,chocolate_bomb,932,0.000000
FKIT,Y+X2_M3_r1,chocolate_bomb,933,0.000000
FKIT,Y+X2_M3_r1,chocolate_bomb,934,0.000000
FKIT,Y+X2_M3_r1,chocolate_bomb,935,0.000000
FKIT,Y+X2_M3_r1,chocolate_bomb,936,0.000000
FKIT,Y+X2_M3_r1,chocolate_bomb,937,0.000000
FKIT,Y+X2_M3_r1,chocolate_bomb,938,0.000000
FKIT,Y+X2_M3_r1,chocolate_bomb,939,0.000000
FKIT,Y+X2_M3_r1,chocolate_bomb,940,0.000000
FKIT,Y+X2_M3_r1,chocolate_bomb,941,0.000000
FKIT,Y+X2_M3_r1,chocolate_bomb,942,0.000000
FKIT,Y+X2_M3_r1,chocolate_bomb,943,0.000000
FKIT,Y+X2_M3_r1,chocolate_bomb,944,0.000000
FKIT,Y+X2_M3_r1,chocolate_bomb,945,0.000000
FKIT,Y+X2_M3_r1,chocolate_bomb,946,0.000000
FKIT,Y+X2_M3_r1,chocolate_bomb,947,0.000000
FKIT,Y+X2_M3_r1,chocolate_bomb,948,0.000000
FKIT,Y+X2_M3_r1,chocolate_bomb,949,0.000000
FKIT,Y+X2_M3_r1,chocolate_bomb,950,0.000000
FKIT,Y+X2_M3_r1,chocolate_bomb,951,0.000000
FKIT,Y+X2_M3_r1,chocolate_bomb,952,0.000000
FKIT,Y+X2_M3_r1,chocolate_bomb,953,0.000000
FKIT,Y+X2_M3_r1,chocolate_bomb,954,0.000000
FKIT,Y+X2_M3_r1,chocolate_bomb,955,0.000000
FKIT,Y+X2_M3_r1,chocolate_bomb,956,0.000000
FKIT,Y+X2_M3_r1,chocolate_bomb,957,0.000000
FKIT,Y+X2_M3_r1,chocolate_bomb,958,0.000000
FKIT,Y+X2_M3_r1,chocolate_bomb,959,0.000000
FKIT,Y+X2_M3_r1,chocolate_bomb,960,0.000000
FKIT,Y+X2_M3_r1,chocolate_bomb,961,0.000000
FKIT,Y+X2_M3_r1,chocolate_bomb,962,0.000000
FKIT,Y+X2_M3_r1,chocolate_bomb,963,0.000000
FKIT,Y+X2_M3_r1,chocolate_bomb,964,0.000000
FKIT,Y+X2_M3_r1,chocolate_bomb,965,0.000000
FKIT,Y+X2_M3_r1,chocolate_bomb,966,0.000000
FKIT,Y+X2_M3_r1,chocolate_bomb,967,0.000000
FKIT,Y+X2_M3_r1,chocolate_bomb,968,0.000000
FKIT,Y+X2_M3_r1,chocolate_bomb,969,0.000000
FKIT,Y+X2_M3_r1,chocolate_bomb,970,0.000000
FKIT,Y+X2_M3_r1,chocolate_bomb,971,0.000000
FKIT,Y+X2_M3_r1,chocolate_bomb,972,0.000000
FKIT,Y+X2_M3_r1,chocolate_bomb,973,0.000000
FKIT,Y+X2_M3_r1,chocolate_bomb,974,0.000000
FKIT,Y+X2_M3_r1,chocolate_bomb,975,0.000000
FKIT,Y+X2_M3_r1,chocolate_bomb,976,0.000000
FKIT,Y+X2_M3_r1,chocolate_bomb,977,0.000000
FKIT,Y+X2_M3_r1,chocolate_bomb,978,0.000000
FKIT,Y+X2_M3_r1,chocolate_bomb,979,0.000000
FKIT,Y+X2_M3_r1,chocolate_bomb,980,0.000000
FKIT,Y+X2_M3_r1,chocolate_bomb,981,0.000000
FKIT,Y+X2_M3_r1,chocolate_bomb,982,0.000000
FKIT,Y+X2_M3_r1,chocolate_bomb,983,0.000000
FKIT,Y+X2_M3_r1,chocolate_bomb,984,0.000000
FKIT,Y+X2_M3_r1,chocolate_bomb,985,0.000000
FKIT,Y+X2_M3_r1,chocolate_bomb,986,0.000000
FKIT,Y+X2_M3_r1,chocolate_bomb,987,0.000000
FKIT,Y+X2_M3_r1,chocolate_bomb,988,0.000000
FKIT,Y+X2_M3_r1,chocolate_bomb,989,0.000000
FKIT,Y+X2_M3_r1,chocolate_bomb,990,0.000000
FKIT,Y+X2_M3_r1,chocolate_bomb,991,0.000000
FKIT,Y+X2_M3_r1,chocolate_bomb,992,0.000000
FKIT,Y+X2_M3_r1,chocolate_bomb,993,0.000000
FKIT,Y+X2_M3_r1,chocolate_bomb,994,0.000000
FKIT,Y+X2_M3_r1,chocolate_bomb,995,0.000000
FKIT,Y+X2_M3_r1,chocolate_bomb,996,0.000000
FKIT,Y+X2_M3_r1,chocolate_bomb,997,0.000000
FKIT,Y+X2_M3_r1,chocolate_bomb,998,0.000000
FKIT,Y+X2_M3_r1,chocolate_bomb,999,0.000000
FKIT,Y+X2_M3_r1,chocolate_bomb,1000,0.000000
FKIT,Y+X2_M3_r1,chocolate_bomb,1001,0.000000
FKIT,Y+X2_M3_r1,chocolate_bomb,1002,0.000000
FKIT,Y+X2_M3_r1,chocolate_bomb,1003,0.000000
FKIT,Y+X2_M3_r1,chocolate_bomb,1004,0.000000
FKIT,Y+X2_M3_r1,chocolate_bomb,1005,0.000000
FKIT,Y+X2_M3_r1,chocolate_bomb,1006,0.000000
FKIT,Y+X2_M3_r1,chocolate_bomb,1007,0.000000
FKIT,Y+X2_M3_r1,chocolate_bomb,1008,0.000000
FKIT,Y+X2_M3_r1,chocolate_bomb,1009,0.000000
FKIT,Y+X2_M3_r1,chocolate_bomb,1010,0.000000
FKIT,Y+X2_M3_r1,chocolate_bomb,1011,0.000000
FKIT,Y+X2_M3_r1,chocolate_bomb,1012,0.000000
FKIT,Y+X2_M3_r1,chocolate_bomb,1013,0.000000
FKIT,Y+X2_M3_r1,chocolate_bomb,1014,0.000000
FKIT,Y+X2_M3_r1,chocolate_bomb,1015,0.000000
FKIT,Y+X2_M3_r1,chocolate_bomb,1016,0.000000
FKIT,Y+X2_M3_r1,chocolate_bomb,1017,0.000000
FKIT,Y+X2_M3_r1,chocolate_bomb,1018,0.000000
FKIT,Y+X2_M3_r1,chocolate_bomb,1019,0.000000
FKIT,Y+X2_M3_r1,chocolate_bomb,1020,0.000000
FKIT,Y+X2_M3_r1,chocolate_bomb,1021,0.000000
FKIT,Y+X2_M3_r1,chocolate_bomb,1022,0.000000
FKIT,Y+X2_M3_r1,chocolate_bomb,1023,0.000000
FKIT,Y+X2_M3_r1,chocolate_bomb,1024,0.000000
FKIT,Y+X2_M3_r1,chocolate_bomb,1025,0.000000
FKIT,Y+X2_M3_r1,chocolate_bomb,1026,0.000000
FKIT,Y+X2_M3_r1,chocolate_bomb,1027,0.000000
FKIT,Y+X2_M3_r1,chocolate_bomb,1028,0.000000
FKIT,Y+X2_M3_r1,chocolate_bomb,1029,0.000000
FKIT,Y+X2_M3_r1,chocolate_bomb,1030,0.000000
FKIT,Y+X2_M3_r1,chocolate_bomb,1031,0.000000
FKIT,Y+X2_M3_r1,chocolate_bomb,1032,0.000000
FKIT,Y+X2_M3_r1,chocolate_bomb,1033,0.000000
FKIT,Y+X2_M3_r1,chocolate_bomb,1034,0.000000
FKIT,Y+X2_M3_r1,chocolate_bomb,1035,0.000000
FKIT,Y+X2_M3_r1,chocolate_bomb,1036,0.000000
FKIT,Y+X2_M3_r1,chocolate_bomb,1037,0.000000
FKIT,Y+X2_M3_r1,chocolate_bomb,1038,0.000000
FKIT,Y+X2_M3_r1,chocolate_bomb,1039,0.000000
FKIT,Y+X2_M3_r1,chocolate_bomb,1040,0.000000
FKIT,Y+X2_M3_r1,chocolate_bomb,1041,0.000000
FKIT,Y+X2_M3_r1,chocolate_bomb,1042,0.000000
FKIT,Y+X2_M3_r1,chocolate_bomb,1043,0.000000
FKIT,Y+X2_M3_r1,chocolate_bomb,1044,0.000000
FKIT,Y+X2_M3_r1,chocolate_bomb,1045,0.000000
FKIT,Y+X2_M3_r1,chocolate_bomb,1046,0.000000
FKIT,Y+X2_M3_r1,chocolate_bomb,1047,0.000000
FKIT,Y+X2_M3_r1,chocolate_bomb,1048,0.000000
FKIT,Y+X2_M3_r1,chocolate_bomb,1049,0.000000
FKIT,Y+X2_M3_r1,chocolate_bomb,1050,0.000000
FKIT,Y+X2_M3_r1,chocolate_bomb,1051,0.000000
FKIT,Y+X2_M3_r1,chocolate_bomb,1052,0.000000
FKIT,Y+X2_M3_r1,chocolate_bomb,1053,0.000000
FKIT,Y+X2_M3_r1,chocolate_bomb,1054,0.000000
FKIT,Y+X2_M3_r1,chocolate_bomb,1055,0.000000
FKIT,Y+X2_M3_r1,chocolate_bomb,1056,0.000000
FKIT,Y+X2_M3_r1,chocolate_bomb,1057,0.000000
FKIT,Y+X2_M3_r1,chocolate_bomb,1058,0.000000
FKIT,Y+X2_M3_r1,chocolate_bomb,1059,0.000000
FKIT,Y+X2_M3_r1,chocolate_bomb,1060,0.000000
FKIT,Y+X2_M3_r1,chocolate_bomb,1061,0.000000
FKIT,Y+X2_M3_r1,chocolate_bomb,1062,0.000000
FKIT,Y+X2_M3_r1,chocolate_bomb,1063,0.000000
FKIT,Y+X2_M3_r1,chocolate_bomb,1064,0.000000
FKIT,Y+X2_M3_r1,chocolate_bomb,1065,0.000000
FKIT,Y+X2_M3_r1,chocolate_bomb,1066,0.000000
FKIT,Y+X2_M3_r1,chocolate_bomb,1067,0.000000
FKIT,Y+X2_M3_r1,chocolate_bomb,1068,0.000000
FKIT,Y+X2_M3_r1,chocolate_bomb,1069,0.000000
FKIT,Y+X2_M3_r1,chocolate_bomb,1070,0.000000
FKIT,Y+X2_M3_r1,chocolate_bomb,1071,0.000000
FKIT,Y+X2_M3_r1,chocolate_bomb,1072,0.000000
FKIT,Y+X2_M3_r1,chocolate_bomb,1073,0.000000
FKIT,Y+X2_M3_r1,chocolate_bomb,1074,0.000000
FKIT,Y+X2_M3_r1,chocolate_bomb,1075,0.000000
FKIT,Y+X2_M3_r1,chocolate_bomb,1076,0.000000
FKIT,Y+X2_M3_r1,chocolate_bomb,1077,0.000000
FKIT,Y+X2_M3_r1,chocolate_bomb,1078,0.000000
FKIT,Y+X2_M3_r1,chocolate_bomb,1079,0.000000
FKIT,Y+X2_M3_r1,chocolate_bomb,1080,0.000000
FKIT,Y+X2_M3_r1,chocolate_bomb,1081,0.000000
FKIT,Y+X2_M3_r1,chocolate_bomb,1082,0.000000
FKIT,Y+X2_M3_r1,chocolate_bomb,1083,0.000000
FKIT,Y+X2_M3_r1,chocolate_bomb,1084,0.000000
FKIT,Y+X2_M3_r1,chocolate_bomb,1085,0.000000
FKIT,Y+X2_M3_r1,chocolate_bomb,1086,0.000000
FKIT,Y+X2_M3_r1,chocolate_bomb,1087,0.000000
FKIT,Y+X2_M3_r1,chocolate_bomb,1088,0.000000
FKIT,Y+X2_M3_r1,chocolate_bomb,1089,0.000000
FKIT,Y+X2_M3_r1,chocolate_bomb,1090,0.000000
FKIT,Y+X2_M3_r1,chocolate_bomb,1091,0.000000
FKIT,Y+X2_M3_r1,chocolate_bomb,1092,0.000000
FKIT,Y+X2_M3_r1,chocolate_bomb,1093,0.000000
FKIT,Y+X2_M3_r1,chocolate_bomb,1094,0.000000
FKIT,Y+X2_M3_r1,chocolate_bomb,1095,0.000000
FKIT,Y+X2_M3_r1,chocolate_bomb,1096,0.000000
FKIT,Y+X2_M3_r1,chocolate_bomb,1097,0.000000
FKIT,Y+X2_M3_r1,chocolate_bomb,1098,0.000000
FKIT,Y+X2_M3_r1,chocolate_bomb,1099,0.000000
FKIT,Y+X2_M3_r1,chocolate_bomb,1100,0.000000
FKIT,Y+X2_M3_r1,chocolate_bomb,1101,0.000000
FKIT,Y+X2_M3_r1,chocolate_bomb,1102,0.000000
FKIT,Y+X2_M3_r1,chocolate_bomb,1103,0.000000
FKIT,Y+X2_M3_r1,chocolate_bomb,1104,0.000000
FKIT,Y+X2_M3_r1,chocolate_bomb,1105,0.000000
FKIT,Y+X2_M3_r1,chocolate_bomb,1106,0.000000
FKIT,Y+X2_M3_r1,chocolate_bomb,1107,0.000000
FKIT,Y+X2_M3_r1,chocolate_bomb,1108,0.000000
FKIT,Y+X2_M3_r1,chocolate_bomb,1109,0.000000
FKIT,Y+X2_M3_r1,chocolate_bomb,1110,0.000000
FKIT,Y+X2_M3_r1,chocolate_cake,0,0.958905
FKIT,Y+X2_M3_r1,chocolate_cake,1,0.953705
FKIT,Y+X2_M3_r1,chocolate_cake,2,0.955979
FKIT,Y+X2_M3_r1,chocolate_cake,3,0.952194
FKIT,Y+X2_M3_r1,chocolate_cake,4,0.960233
FKIT,Y+X2_M3_r1,chocolate_cake,5,0.959705
FKIT,Y+X2_M3_r1,chocolate_cake,6,0.957089
FKIT,Y+X2_M3_r1,chocolate_cake,7,0.955289
FKIT,Y+X2_M3_r1,chocolate_cake,8,0.951724
FKIT,Y+X2_M3_r1,chocolate_cake,9,0.956581
FKIT,Y+X2_M3_r1,chocolate_cake,10,0.956520
FKIT,Y+X2_M3_r1,chocolate_cake,11,0.959580
FKIT,Y+X2_M3_r1,chocolate_cake,12,0.966264
FKIT,Y+X2_M3_r1,chocolate_cake,13,0.967615
FKIT,Y+X2_M3_r1,chocolate_cake,14,0.973613
FKIT,Y+X2_M3_r1,chocolate_cake,15,0.971902
FKIT,Y+X2_M3_r1,chocolate_cake,16,0.971821
FKIT,Y+X2_M3_r1,chocolate_cake,17,0.971129
FKIT,Y+X2_M3_r1,chocolate_cake,18,0.972470
FKIT,Y+X2_M3_r1,chocolate_cake,19,0.969492
FKIT,Y+X2_M3_r1,chocolate_cake,20,0.972236
FKIT,Y+X2_M3_r1,chocolate_cake,21,0.973591
FKIT,Y+X2_M3_r1,chocolate_cake,22,0.974962
FKIT,Y+X2_M3_r1,chocolate_cake,23,0.974904
FKIT,Y+X2_M3_r1,chocolate_cake,24,0.974213
FKIT,Y+X2_M3_r1,chocolate_cake,25,0.975638
FKIT,Y+X2_M3_r1,chocolate_cake,26,0.973973
FKIT,Y+X2_M3_r1,chocolate_cake,27,0.973549
FKIT,Y+X2_M3_r1,chocolate_cake,28,0.974348
FKIT,Y+X2_M3_r1,chocolate_cake,29,0.974531
FKIT,Y+X2_M3_r1,chocolate_cake,30,0.976154
FKIT,Y+X2_M3_r1,chocolate_cake,31,0.974464
FKIT,Y+X2_M3_r1,chocolate_cake,32,0.977952
FKIT,Y+X2_M3_r1,chocolate_cake,33,0.976063
FKIT,Y+X2_M3_r1,chocolate_cake,34,0.977890
FKIT,Y+X2_M3_r1,chocolate_cake,35,0.980471
FKIT,Y+X2_M3_r1,chocolate_cake,36,0.977978
FKIT,Y+X2_M3_r1,chocolate_cake,37,0.977408
FKIT,Y+X2_M3_r1,chocolate_cake,38,0.977862
FKIT,Y+X2_M3_r1,chocolate_cake,39,0.976703
FKIT,Y+X2_M3_r1,chocolate_cake,40,0.978268
FKIT,Y+X2_M3_r1,chocolate_cake,41,0.978671
FKIT,Y+X2_M3_r1,chocolate_cake,42,0.973408
FKIT,Y+X2_M3_r1,chocolate_cake,43,0.979298
FKIT,Y+X2_M3_r1,chocolate_cake,44,0.980855
FKIT,Y+X2_M3_r1,chocolate_cake,45,0.979999
FKIT,Y+X2_M3_r1,chocolate_cake,46,0.978083
FKIT,Y+X2_M3_r1,chocolate_cake,47,0.980938
FKIT,Y+X2_M3_r1,chocolate_cake,48,0.979038
FKIT,Y+X2_M3_r1,chocolate_cake,49,0.978590
FKIT,Y+X2_M3_r1,chocolate_cake,50,0.979158
FKIT,Y+X2_M3_r1,chocolate_cake,51,0.974593
FKIT,Y+X2_M3_r1,chocolate_cake,52,0.980140
FKIT,Y+X2_M3_r1,chocolate_cake,53,0.978982
FKIT,Y+X2_M3_r1,chocolate_cake,54,0.980589
FKIT,Y+X2_M3_r1,chocolate_cake,55,0.980326
FKIT,Y+X2_M3_r1,chocolate_cake,56,0.979480
FKIT,Y+X2_M3_r1,chocolate_cake,57,0.977017
FKIT,Y+X2_M3_r1,chocolate_cake,58,0.977075
FKIT,Y+X2_M3_r1,chocolate_cake,59,0.976195
FKIT,Y+X2_M3_r1,chocolate_cake,60,0.976100
FKIT,Y+X2_M3_r1,chocolate_cake,61,0.976189
FKIT,Y+X2_M3_r1,chocolate_cake,62,0.977410
FKIT,Y+X2_M3_r1,chocolate_cake,63,0.977501
FKIT,Y+X2_M3_r1,chocolate_cake,64,0.978485
FKIT,Y+X2_M3_r1,chocolate_cake,65,0.975624
FKIT,Y+X2_M3_r1,chocolate_cake,66,0.976885
FKIT,Y+X2_M3_r1,chocolate_cake,67,0.976178
FKIT,Y+X2_M3_r1,chocolate_cake,68,0.975134
FKIT,Y+X2_M3_r1,chocolate_cake,69,0.976862
FKIT,Y+X2_M3_r1,chocolate_cake,70,0.973932
FKIT,Y+X2_M3_r1,chocolate_cake,71,0.976574
FKIT,Y+X2_M3_r1,chocolate_cake,72,0.976550
FKIT,Y+X2_M3_r1,chocolate_cake,73,0.974689
FKIT,Y+X2_M3_r1,chocolate_cake,74,0.978161
FKIT,Y+X2_M3_r1,chocolate_cake,75,0.976162
FKIT,Y+X2_M3_r1,chocolate_cake,76,0.974029
FKIT,Y+X2_M3_r1,chocolate_cake,77,0.974081
FKIT,Y+X2_M3_r1,chocolate_cake,78,0.974338
FKIT,Y+X2_M3_r1,chocolate_cake,79,0.975180
FKIT,Y+X2_M3_r1,chocolate_cake,80,0.971509
FKIT,Y+X2_M3_r1,chocolate_cake,81,0.971844
FKIT,Y+X2_M3_r1,chocolate_cake,82,0.973077
FKIT,Y+X2_M3_r1,chocolate_cake,83,0.974806
FKIT,Y+X2_M3_r1,chocolate_cake,84,0.974400
FKIT,Y+X2_M3_r1,chocolate_cake,85,0.960801
FKIT,Y+X2_M3_r1,chocolate_cake,86,0.971473
FKIT,Y+X2_M3_r1,chocolate_cake,87,0.971143
FKIT,Y+X2_M3_r1,chocolate_cake,88,0.973995
FKIT,Y+X2_M3_r1,chocolate_cake,89,0.974011
FKIT,Y+X2_M3_r1,chocolate_cake,90,0.973420
FKIT,Y+X2_M3_r1,chocolate_cake,91,0.971541
FKIT,Y+X2_M3_r1,chocolate_cake,92,0.973402
FKIT,Y+X2_M3_r1,chocolate_cake,93,0.971353
FKIT,Y+X2_M3_r1,chocolate_cake,94,0.975712
FKIT,Y+X2_M3_r1,chocolate_cake,95,0.975621
FKIT,Y+X2_M3_r1,chocolate_cake,96,0.975153
FKIT,Y+X2_M3_r1,chocolate_cake,97,0.973923
FKIT,Y+X2_M3_r1,chocolate_cake,98,0.974463
FKIT,Y+X2_M3_r1,chocolate_cake,99,0.975154
FKIT,Y+X2_M3_r1,chocolate_cake,100,0.972150
FKIT,Y+X2_M3_r1,chocolate_cake,101,0.973560
FKIT,Y+X2_M3_r1,chocolate_cake,102,0.976116
FKIT,Y+X2_M3_r1,chocolate_cake,103,0.973937
FKIT,Y+X2_M3_r1,chocolate_cake,104,0.976733
FKIT,Y+X2_M3_r1,chocolate_cake,105,0.976722
FKIT,Y+X2_M3_r1,chocolate_cake,106,0.973048
FKIT,Y+X2_M3_r1,chocolate_cake,107,0.926014
FKIT,Y+X2_M3_r1,chocolate_cake,108,0.971706
FKIT,Y+X2_M3_r1,chocolate_cake,109,0.965775
FKIT,Y+X2_M3_r1,chocolate_cake,110,0.930988
FKIT,Y+X2_M3_r1,chocolate_cake,111,0.970919
FKIT,Y+X2_M3_r1,chocolate_cake,112,0.972458
FKIT,Y+X2_M3_r1,chocolate_cake,113,0.975206
FKIT,Y+X2_M3_r1,chocolate_cake,114,0.976324
FKIT,Y+X2_M3_r1,chocolate_cake,115,0.977342
FKIT,Y+X2_M3_r1,chocolate_cake,116,0.978878
FKIT,Y+X2_M3_r1,chocolate_cake,117,0.979924
FKIT,Y+X2_M3_r1,chocolate_cake,118,0.979523
FKIT,Y+X2_M3_r1,chocolate_cake,119,0.978932
FKIT,Y+X2_M3_r1,chocolate_cake,120,0.980431
FKIT,Y+X2_M3_r1,chocolate_cake,121,0.977754
FKIT,Y+X2_M3_r1,chocolate_cake,122,0.979727
FKIT,Y+X2_M3_r1,chocolate_cake,123,0.980351
FKIT,Y+X2_M3_r1,chocolate_cake,124,0.980578
FKIT,Y+X2_M3_r1,chocolate_cake,125,0.980911
FKIT,Y+X2_M3_r1,chocolate_cake,126,0.983292
FKIT,Y+X2_M3_r1,chocolate_cake,127,0.981855
FKIT,Y+X2_M3_r1,chocolate_cake,128,0.983140
FKIT,Y+X2_M3_r1,chocolate_cake,129,0.981635
FKIT,Y+X2_M3_r1,chocolate_cake,130,0.983455
FKIT,Y+X2_M3_r1,chocolate_cake,131,0.983628
FKIT,Y+X2_M3_r1,chocolate_cake,132,0.983255
FKIT,Y+X2_M3_r1,chocolate_cake,133,0.982203
FKIT,Y+X2_M3_r1,chocolate_cake,134,0.985039
FKIT,Y+X2_M3_r1,chocolate_cake,135,0.983262
FKIT,Y+X2_M3_r1,chocolate_cake,136,0.983660
FKIT,Y+X2_M3_r1,chocolate_cake,137,0.983540
FKIT,Y+X2_M3_r1,chocolate_cake,138,0.985021
FKIT,Y+X2_M3_r1,chocolate_cake,139,0.983805
FKIT,Y+X2_M3_r1,chocolate_cake,140,0.984507
FKIT,Y+X2_M3_r1,chocolate_cake,141,0.985320
FKIT,Y+X2_M3_r1,chocolate_cake,142,0.983071
FKIT,Y+X2_M3_r1,chocolate_cake,143,0.983791
FKIT,Y+X2_M3_r1,chocolate_cake,144,0.982435
FKIT,Y+X2_M3_r1,chocolate_cake,145,0.983058
FKIT,Y+X2_M3_r1,chocolate_cake,146,0.983054
FKIT,Y+X2_M3_r1,chocolate_cake,147,0.982645
FKIT,Y+X2_M3_r1,chocolate_cake,148,0.983208
FKIT,Y+X2_M3_r1,chocolate_cake,149,0.982846
FKIT,Y+X2_M3_r1,chocolate_cake,150,0.983437
FKIT,Y+X2_M3_r1,chocolate_cake,151,0.982814
FKIT,Y+X2_M3_r1,chocolate_cake,152,0.983235
FKIT,Y+X2_M3_r1,chocolate_cake,153,0.982811
FKIT,Y+X2_M3_r1,chocolate_cake,154,0.982466
FKIT,Y+X2_M3_r1,chocolate_cake,155,0.980744
FKIT,Y+X2_M3_r1,chocolate_cake,156,0.984177
FKIT,Y+X2_M3_r1,chocolate_cake,157,0.985210
FKIT,Y+X2_M3_r1,chocolate_cake,158,0.984283
FKIT,Y+X2_M3_r1,chocolate_cake,159,0.983483
FKIT,Y+X2_M3_r1,chocolate_cake,160,0.982538
FKIT,Y+X2_M3_r1,chocolate_cake,161,0.983341
FKIT,Y+X2_M3_r1,chocolate_cake,162,0.985060
FKIT,Y+X2_M3_r1,chocolate_cake,163,0.982900
FKIT,Y+X2_M3_r1,chocolate_cake,164,0.986777
FKIT,Y+X2_M3_r1,chocolate_cake,165,0.982749
FKIT,Y+X2_M3_r1,chocolate_cake,166,0.984870
FKIT,Y+X2_M3_r1,chocolate_cake,167,0.983641
FKIT,Y+X2_M3_r1,chocolate_cake,168,0.980604
FKIT,Y+X2_M3_r1,chocolate_cake,169,0.984859
FKIT,Y+X2_M3_r1,chocolate_cake,170,0.981359
FKIT,Y+X2_M3_r1,chocolate_cake,171,0.986519
FKIT,Y+X2_M3_r1,chocolate_cake,172,0.982429
FKIT,Y+X2_M3_r1,chocolate_cake,173,0.982671
FKIT,Y+X2_M3_r1,chocolate_cake,174,0.986696
FKIT,Y+X2_M3_r1,chocolate_cake,175,0.985631
FKIT,Y+X2_M3_r1,chocolate_cake,176,0.984920
FKIT,Y+X2_M3_r1,chocolate_cake,177,0.983802
FKIT,Y+X2_M3_r1,chocolate_cake,178,0.984173
FKIT,Y+X2_M3_r1,chocolate_cake,179,0.982247
FKIT,Y+X2_M3_r1,chocolate_cake,180,0.985039
FKIT,Y+X2_M3_r1,chocolate_cake,181,0.980413
FKIT,Y+X2_M3_r1,chocolate_cake,182,0.981432
FKIT,Y+X2_M3_r1,chocolate_cake,183,0.982463
FKIT,Y+X2_M3_r1,chocolate_cake,184,0.982989
FKIT,Y+X2_M3_r1,chocolate_cake,185,0.983549
FKIT,Y+X2_M3_r1,chocolate_cake,186,0.984432
FKIT,Y+X2_M3_r1,chocolate_cake,187,0.984331
FKIT,Y+X2_M3_r1,chocolate_cake,188,0.985166
FKIT,Y+X2_M3_r1,chocolate_cake,189,0.983130
FKIT,Y+X2_M3_r1,chocolate_cake,190,0.983559
FKIT,Y+X2_M3_r1,chocolate_cake,191,0.980227
FKIT,Y+X2_M3_r1,chocolate_cake,192,0.983361
FKIT,Y+X2_M3_r1,chocolate_cake,193,0.981500
FKIT,Y+X2_M3_r1,chocolate_cake,194,0.983560
FKIT,Y+X2_M3_r1,chocolate_cake,195,0.983224
FKIT,Y+X2_M3_r1,chocolate_cake,196,0.985113
FKIT,Y+X2_M3_r1,chocolate_cake,197,0.985793
FKIT,Y+X2_M3_r1,chocolate_cake,198,0.983541
FKIT,Y+X2_M3_r1,chocolate_cake,199,0.983017
FKIT,Y+X2_M3_r1,chocolate_cake,200,0.983559
FKIT,Y+X2_M3_r1,chocolate_cake,201,0.983566
FKIT,Y+X2_M3_r1,chocolate_cake,202,0.982174
FKIT,Y+X2_M3_r1,chocolate_cake,203,0.984561
FKIT,Y+X2_M3_r1,chocolate_cake,204,0.985068
FKIT,Y+X2_M3_r1,chocolate_cake,205,0.985618
FKIT,Y+X2_M3_r1,chocolate_cake,206,0.984132
FKIT,Y+X2_M3_r1,chocolate_cake,207,0.985682
FKIT,Y+X2_M3_r1,chocolate_cake,208,0.984902
FKIT,Y+X2_M3_r1,chocolate_cake,209,0.986368
FKIT,Y+X2_M3_r1,chocolate_cake,210,0.984890
FKIT,Y+X2_M3_r1,chocolate_cake,211,0.985018
FKIT,Y+X2_M3_r1,chocolate_cake,212,0.985490
FKIT,Y+X2_M3_r1,chocolate_cake,213,0.983807
FKIT,Y+X2_M3_r1,chocolate_cake,214,0.985947
FKIT,Y+X2_M3_r1,chocolate_cake,215,0.984371
FKIT,Y+X2_M3_r1,chocolate_cake,216,0.981145
FKIT,Y+X2_M3_r1,chocolate_cake,217,0.984173
FKIT,Y+X2_M3_r1,chocolate_cake,218,0.985536
FKIT,Y+X2_M3_r1,chocolate_cake,219,0.984526
FKIT,Y+X2_M3_r1,chocolate_cake,220,0.983967
FKIT,Y+X2_M3_r1,chocolate_cake,221,0.984318
FKIT,Y+X2_M3_r1,chocolate_cake,222,0.984170
FKIT,Y+X2_M3_r1,chocolate_cake,223,0.983954
FKIT,Y+X2_M3_r1,chocolate_cake,224,0.985124
FKIT,Y+X2_M3_r1,chocolate_cake,225,0.982641
FKIT,Y+X2_M3_r1,chocolate_cake,226,0.982081
FKIT,Y+X2_M3_r1,chocolate_cake,227,0.984257
FKIT,Y+X2_M3_r1,chocolate_cake,228,0.982653
FKIT,Y+X2_M3_r1,chocolate_cake,229,0.984627
FKIT,Y+X2_M3_r1,chocolate_cake,230,0.983572
FKIT,Y+X2_M3_r1,chocolate_cake,231,0.983600
FKIT,Y+X2_M3_r1,chocolate_cake,232,0.984675
FKIT,Y+X2_M3_r1,chocolate_cake,233,0.983210
FKIT,Y+X2_M3_r1,chocolate_cake,234,0.986868
FKIT,Y+X2_M3_r1,chocolate_cake,235,0.986069
FKIT,Y+X2_M3_r1,chocolate_cake,236,0.984044
FKIT,Y+X2_M3_r1,chocolate_cake,237,0.983792
FKIT,Y+X2_M3_r1,chocolate_cake,238,0.984250
FKIT,Y+X2_M3_r1,chocolate_cake,239,0.983911
FKIT,Y+X2_M3_r1,chocolate_cake,240,0.982775
FKIT,Y+X2_M3_r1,chocolate_cake,241,0.980903
FKIT,Y+X2_M3_r1,chocolate_cake,242,0.983059
FKIT,Y+X2_M3_r1,chocolate_cake,243,0.980955
FKIT,Y+X2_M3_r1,chocolate_cake,244,0.982854
FKIT,Y+X2_M3_r1,chocolate_cake,245,0.984589
FKIT,Y+X2_M3_r1,chocolate_cake,246,0.975041
FKIT,Y+X2_M3_r1,chocolate_cake,247,0.978882
FKIT,Y+X2_M3_r1,chocolate_cake,248,0.980714
FKIT,Y+X2_M3_r1,chocolate_cake,249,0.980505
FKIT,Y+X2_M3_r1,chocolate_cake,250,0.978005
FKIT,Y+X2_M3_r1,chocolate_cake,251,0.977154
FKIT,Y+X2_M3_r1,chocolate_cake,252,0.975612
FKIT,Y+X2_M3_r1,chocolate_cake,253,0.973805
FKIT,Y+X2_M3_r1,chocolate_cake,254,0.979467
FKIT,Y+X2_M3_r1,chocolate_cake,255,0.976908
FKIT,Y+X2_M3_r1,chocolate_cake,256,0.978800
FKIT,Y+X2_M3_r1,chocolate_cake,257,0.979786
FKIT,Y+X2_M3_r1,chocolate_cake,258,0.979529
FKIT,Y+X2_M3_r1,chocolate_cake,259,0.978797
FKIT,Y+X2_M3_r1,chocolate_cake,260,0.979923
FKIT,Y+X2_M3_r1,chocolate_cake,261,0.980384
FKIT,Y+X2_M3_r1,chocolate_cake,262,0.979368
FKIT,Y+X2_M3_r1,chocolate_cake,263,0.980376
FKIT,Y+X2_M3_r1,chocolate_cake,264,0.980589
FKIT,Y+X2_M3_r1,chocolate_cake,265,0.979918
FKIT,Y+X2_M3_r1,chocolate_cake,266,0.978018
FKIT,Y+X2_M3_r1,chocolate_cake,267,0.979568
FKIT,Y+X2_M3_r1,chocolate_cake,268,0.977514
FKIT,Y+X2_M3_r1,chocolate_cake,269,0.977428
FKIT,Y+X2_M3_r1,chocolate_cake,270,0.975038
FKIT,Y+X2_M3_r1,chocolate_cake,271,0.978070
FKIT,Y+X2_M3_r1,chocolate_cake,272,0.975997
FKIT,Y+X2_M3_r1,chocolate_cake,273,0.975810
FKIT,Y+X2_M3_r1,chocolate_cake,274,0.967601
FKIT,Y+X2_M3_r1,chocolate_cake,275,0.975889
FKIT,Y+X2_M3_r1,chocolate_cake,276,0.976326
FKIT,Y+X2_M3_r1,chocolate_cake,277,0.974046
FKIT,Y+X2_M3_r1,chocolate_cake,278,0.974839
FKIT,Y+X2_M3_r1,chocolate_cake,279,0.974401
FKIT,Y+X2_M3_r1,chocolate_cake,280,0.974381
FKIT,Y+X2_M3_r1,chocolate_cake,281,0.974691
FKIT,Y+X2_M3_r1,chocolate_cake,282,0.973017
FKIT,Y+X2_M3_r1,chocolate_cake,283,0.973280
FKIT,Y+X2_M3_r1,chocolate_cake,284,0.975193
FKIT,Y+X2_M3_r1,chocolate_cake,285,0.975250
FKIT,Y+X2_M3_r1,chocolate_cake,286,0.976905
FKIT,Y+X2_M3_r1,chocolate_cake,287,0.977984
FKIT,Y+X2_M3_r1,chocolate_cake,288,0.977128
FKIT,Y+X2_M3_r1,chocolate_cake,289,0.977431
FKIT,Y+X2_M3_r1,chocolate_cake,290,0.977249
FKIT,Y+X2_M3_r1,chocolate_cake,291,0.976907
FKIT,Y+X2_M3_r1,chocolate_cake,292,0.977392
FKIT,Y+X2_M3_r1,chocolate_cake,293,0.976955
FKIT,Y+X2_M3_r1,chocolate_cake,294,0.977353
FKIT,Y+X2_M3_r1,chocolate_cake,295,0.976998
FKIT,Y+X2_M3_r1,chocolate_cake,296,0.976829
FKIT,Y+X2_M3_r1,chocolate_cake,297,0.975536
FKIT,Y+X2_M3_r1,chocolate_cake,298,0.975613
FKIT,Y+X2_M3_r1,chocolate_cake,299,0.969301
FKIT,Y+X2_M3_r1,chocolate_cake,300,0.973683
FKIT,Y+X2_M3_r1,chocolate_cake,301,0.961054
FKIT,Y+X2_M3_r1,chocolate_cake,302,0.968475
FKIT,Y+X2_M3_r1,chocolate_cake,303,0.971683
FKIT,Y+X2_M3_r1,chocolate_cake,304,0.969145
FKIT,Y+X2_M3_r1,chocolate_cake,305,0.973185
FKIT,Y+X2_M3_r1,chocolate_cake,306,0.971638
FKIT,Y+X2_M3_r1,chocolate_cake,307,0.972945
FKIT,Y+X2_M3_r1,chocolate_cake,308,0.973664
FKIT,Y+X2_M3_r1,chocolate_cake,309,0.972018
FKIT,Y+X2_M3_r1,chocolate_cake,310,0.972249
FKIT,Y+X2_M3_r1,chocolate_cake,311,0.972580
FKIT,Y+X2_M3_r1,chocolate_cake,312,0.970777
FKIT,Y+X2_M3_r1,chocolate_cake,313,0.970765
FKIT,Y+X2_M3_r1,chocolate_cake,314,0.973987
FKIT,Y+X2_M3_r1,chocolate_cake,315,0.968147
FKIT,Y+X2_M3_r1,chocolate_cake,316,0.972442
FKIT,Y+X2_M3_r1,chocolate_cake,317,0.975324
FKIT,Y+X2_M3_r1,chocolate_cake,318,0.971123
FKIT,Y+X2_M3_r1,chocolate_cake,319,0.971301
FKIT,Y+X2_M3_r1,chocolate_cake,320,0.970067
FKIT,Y+X2_M3_r1,chocolate_cake,321,0.974030
FKIT,Y+X2_M3_r1,chocolate_cake,322,0.974864
FKIT,Y+X2_M3_r1,chocolate_cake,323,0.973437
FKIT,Y+X2_M3_r1,chocolate_cake,324,0.974084
FKIT,Y+X2_M3_r1,chocolate_cake,325,0.976769
FKIT,Y+X2_M3_r1,chocolate_cake,326,0.974866
FKIT,Y+X2_M3_r1,chocolate_cake,327,0.976314
FKIT,Y+X2_M3_r1,chocolate_cake,328,0.977481
FKIT,Y+X2_M3_r1,chocolate_cake,329,0.978017
FKIT,Y+X2_M3_r1,chocolate_cake,330,0.974650
FKIT,Y+X2_M3_r1,chocolate_cake,331,0.975897
FKIT,Y+X2_M3_r1,chocolate_cake,332,0.973656
FKIT,Y+X2_M3_r1,chocolate_cake,333,0.976094
FKIT,Y+X2_M3_r1,chocolate_cake,334,0.973627
FKIT,Y+X2_M3_r1,chocolate_cake,335,0.973825
FKIT,Y+X2_M3_r1,chocolate_cake,336,0.976094
FKIT,Y+X2_M3_r1,chocolate_cake,337,0.976803
FKIT,Y+X2_M3_r1,chocolate_cake,338,0.975890
FKIT,Y+X2_M3_r1,chocolate_cake,339,0.976959
FKIT,Y+X2_M3_r1,chocolate_cake,340,0.974898
FKIT,Y+X2_M3_r1,chocolate_cake,341,0.976674
FKIT,Y+X2_M3_r1,chocolate_cake,342,0.975961
FKIT,Y+X2_M3_r1,chocolate_cake,343,0.972732
FKIT,Y+X2_M3_r1,chocolate_cake,344,0.972882
FKIT,Y+X2_M3_r1,chocolate_cake,345,0.973434
FKIT,Y+X2_M3_r1,chocolate_cake,346,0.968341
FKIT,Y+X2_M3_r1,chocolate_cake,347,0.974999
FKIT,Y+X2_M3_r1,chocolate_cake,348,0.972428
FKIT,Y+X2_M3_r1,chocolate_cake,349,0.973757
FKIT,Y+X2_M3_r1,chocolate_cake,350,0.975445
FKIT,Y+X2_M3_r1,chocolate_cake,351,0.973801
FKIT,Y+X2_M3_r1,chocolate_cake,352,0.975013
FKIT,Y+X2_M3_r1,chocolate_cake,353,0.974068
FKIT,Y+X2_M3_r1,chocolate_cake,354,0.972967
FKIT,Y+X2_M3_r1,chocolate_cake,355,0.977306
FKIT,Y+X2_M3_r1,chocolate_cake,356,0.975796
FKIT,Y+X2_M3_r1,chocolate_cake,357,0.977001
FKIT,Y+X2_M3_r1,chocolate_cake,358,0.976241
FKIT,Y+X2_M3_r1,chocolate_cake,359,0.969401
FKIT,Y+X2_M3_r1,chocolate_cake,360,0.968819
FKIT,Y+X2_M3_r1,chocolate_cake,361,0.979302
FKIT,Y+X2_M3_r1,chocolate_cake,362,0.977746
FKIT,Y+X2_M3_r1,chocolate_cake,363,0.972609
FKIT,Y+X2_M3_r1,chocolate_cake,364,0.964788
FKIT,Y+X2_M3_r1,chocolate_cake,365,0.972671
FKIT,Y+X2_M3_r1,chocolate_cake,366,0.975470
FKIT,Y+X2_M3_r1,chocolate_cake,367,0.975259
FKIT,Y+X2_M3_r1,chocolate_cake,368,0.976479
FKIT,Y+X2_M3_r1,chocolate_cake,369,0.976482
FKIT,Y+X2_M3_r1,chocolate_cake,370,0.974911
FKIT,Y+X2_M3_r1,chocolate_cake,371,0.975628
FKIT,Y+X2_M3_r1,chocolate_cake,372,0.972905
FKIT,Y+X2_M3_r1,chocolate_cake,373,0.974626
FKIT,Y+X2_M3_r1,chocolate_cake,374,0.978164
FKIT,Y+X2_M3_r1,chocolate_cake,375,0.976814
FKIT,Y+X2_M3_r1,chocolate_cake,376,0.972577
FKIT,Y+X2_M3_r1,chocolate_cake,377,0.978726
FKIT,Y+X2_M3_r1,chocolate_cake,378,0.976973
FKIT,Y+X2_M3_r1,chocolate_cake,379,0.976476
FKIT,Y+X2_M3_r1,chocolate_cake,380,0.977172
FKIT,Y+X2_M3_r1,chocolate_cake,381,0.978980
FKIT,Y+X2_M3_r1,chocolate_cake,382,0.975806
FKIT,Y+X2_M3_r1,chocolate_cake,383,0.976314
FKIT,Y+X2_M3_r1,chocolate_cake,384,0.978677
FKIT,Y+X2_M3_r1,chocolate_cake,385,0.976594
FKIT,Y+X2_M3_r1,chocolate_cake,386,0.977168
FKIT,Y+X2_M3_r1,chocolate_cake,387,0.976895
FKIT,Y+X2_M3_r1,chocolate_cake,388,0.966633
FKIT,Y+X2_M3_r1,chocolate_cake,389,0.949391
FKIT,Y+X2_M3_r1,chocolate_cake,390,0.912587
FKIT,Y+X2_M3_r1,chocolate_cake,391,0.921691
FKIT,Y+X2_M3_r1,chocolate_cake,392,0.923049
FKIT,Y+X2_M3_r1,chocolate_cake,393,0.959359
FKIT,Y+X2_M3_r1,chocolate_cake,394,0.973862
FKIT,Y+X2_M3_r1,chocolate_cake,395,0.957266
FKIT,Y+X2_M3_r1,chocolate_cake,396,0.958162
FKIT,Y+X2_M3_r1,chocolate_cake,397,0.977860
FKIT,Y+X2_M3_r1,chocolate_cake,398,0.977395
FKIT,Y+X2_M3_r1,chocolate_cake,399,0.977530
FKIT,Y+X2_M3_r1,chocolate_cake,400,0.976777
FKIT,Y+X2_M3_r1,chocolate_cake,401,0.977554
FKIT,Y+X2_M3_r1,chocolate_cake,402,0.966638
FKIT,Y+X2_M3_r1,chocolate_cake,403,0.977444
FKIT,Y+X2_M3_r1,chocolate_cake,404,0.980766
FKIT,Y+X2_M3_r1,chocolate_cake,405,0.980516
FKIT,Y+X2_M3_r1,chocolate_cake,406,0.980915
FKIT,Y+X2_M3_r1,chocolate_cake,407,0.979941
FKIT,Y+X2_M3_r1,chocolate_cake,408,0.975747
FKIT,Y+X2_M3_r1,chocolate_cake,409,0.982456
FKIT,Y+X2_M3_r1,chocolate_cake,410,0.980084
FKIT,Y+X2_M3_r1,chocolate_cake,411,0.978460
FKIT,Y+X2_M3_r1,chocolate_cake,412,0.978736
FKIT,Y+X2_M3_r1,chocolate_cake,413,0.977801
FKIT,Y+X2_M3_r1,chocolate_cake,414,0.974313
FKIT,Y+X2_M3_r1,chocolate_cake,415,0.980095
FKIT,Y+X2_M3_r1,chocolate_cake,416,0.979433
FKIT,Y+X2_M3_r1,chocolate_cake,417,0.978601
FKIT,Y+X2_M3_r1,chocolate_cake,418,0.981099
FKIT,Y+X2_M3_r1,chocolate_cake,419,0.977667
FKIT,Y+X2_M3_r1,chocolate_cake,420,0.978017
FKIT,Y+X2_M3_r1,chocolate_cake,421,0.977319
FKIT,Y+X2_M3_r1,chocolate_cake,422,0.979215
FKIT,Y+X2_M3_r1,chocolate_cake,423,0.978877
FKIT,Y+X2_M3_r1,chocolate_cake,424,0.981454
FKIT,Y+X2_M3_r1,chocolate_cake,425,0.982079
FKIT,Y+X2_M3_r1,chocolate_cake,426,0.979586
FKIT,Y+X2_M3_r1,chocolate_cake,427,0.982724
FKIT,Y+X2_M3_r1,chocolate_cake,428,0.982552
FKIT,Y+X2_M3_r1,chocolate_cake,429,0.982207
FKIT,Y+X2_M3_r1,chocolate_cake,430,0.982849
FKIT,Y+X2_M3_r1,chocolate_cake,431,0.981165
FKIT,Y+X2_M3_r1,chocolate_cake,432,0.981196
FKIT,Y+X2_M3_r1,chocolate_cake,433,0.976717
FKIT,Y+X2_M3_r1,chocolate_cake,434,0.980706
FKIT,Y+X2_M3_r1,chocolate_cake,435,0.979885
FKIT,Y+X2_M3_r1,chocolate_cake,436,0.976833
FKIT,Y+X2_M3_r1,chocolate_cake,437,0.979487
FKIT,Y+X2_M3_r1,chocolate_cake,438,0.979282
FKIT,Y+X2_M3_r1,chocolate_cake,439,0.980636
FKIT,Y+X2_M3_r1,chocolate_cake,440,0.981278
FKIT,Y+X2_M3_r1,chocolate_cake,441,0.978301
FKIT,Y+X2_M3_r1,chocolate_cake,442,0.980832
FKIT,Y+X2_M3_r1,chocolate_cake,443,0.980530
FKIT,Y+X2_M3_r1,chocolate_cake,444,0.980435
FKIT,Y+X2_M3_r1,chocolate_cake,445,0.973528
FKIT,Y+X2_M3_r1,chocolate_cake,446,0.983547
FKIT,Y+X2_M3_r1,chocolate_cake,447,0.982824
FKIT,Y+X2_M3_r1,chocolate_cake,448,0.982999
FKIT,Y+X2_M3_r1,chocolate_cake,449,0.978994
FKIT,Y+X2_M3_r1,chocolate_cake,450,0.978483
FKIT,Y+X2_M3_r1,chocolate_cake,451,0.980296
FKIT,Y+X2_M3_r1,chocolate_cake,452,0.977835
FKIT,Y+X2_M3_r1,chocolate_cake,453,0.981862
FKIT,Y+X2_M3_r1,chocolate_cake,454,0.979359
FKIT,Y+X2_M3_r1,chocolate_cake,455,0.980671
FKIT,Y+X2_M3_r1,chocolate_cake,456,0.981409
FKIT,Y+X2_M3_r1,chocolate_cake,457,0.982857
FKIT,Y+X2_M3_r1,chocolate_cake,458,0.980300
FKIT,Y+X2_M3_r1,chocolate_cake,459,0.983956
FKIT,Y+X2_M3_r1,chocolate_cake,460,0.980291
FKIT,Y+X2_M3_r1,chocolate_cake,461,0.980234
FKIT,Y+X2_M3_r1,chocolate_cake,462,0.979597
FKIT,Y+X2_M3_r1,chocolate_cake,463,0.977949
FKIT,Y+X2_M3_r1,chocolate_cake,464,0.978808
FKIT,Y+X2_M3_r1,chocolate_cake,465,0.980859
FKIT,Y+X2_M3_r1,chocolate_cake,466,0.980397
FKIT,Y+X2_M3_r1,chocolate_cake,467,0.980590
FKIT,Y+X2_M3_r1,chocolate_cake,468,0.981195
FKIT,Y+X2_M3_r1,chocolate_cake,469,0.981044
FKIT,Y+X2_M3_r1,chocolate_cake,470,0.982874
FKIT,Y+X2_M3_r1,chocolate_cake,471,0.980038
FKIT,Y+X2_M3_r1,chocolate_cake,472,0.980823
FKIT,Y+X2_M3_r1,chocolate_cake,473,0.981152
FKIT,Y+X2_M3_r1,chocolate_cake,474,0.982582
FKIT,Y+X2_M3_r1,chocolate_cake,475,0.981974
FKIT,Y+X2_M3_r1,chocolate_cake,476,0.984539
FKIT,Y+X2_M3_r1,chocolate_cake,477,0.982704
FKIT,Y+X2_M3_r1,chocolate_cake,478,0.983895
FKIT,Y+X2_M3_r1,chocolate_cake,479,0.983570
FKIT,Y+X2_M3_r1,chocolate_cake,480,0.985279
FKIT,Y+X2_M3_r1,chocolate_cake,481,0.984362
FKIT,Y+X2_M3_r1,chocolate_cake,482,0.984153
FKIT,Y+X2_M3_r1,chocolate_cake,483,0.985216
FKIT,Y+X2_M3_r1,chocolate_cake,484,0.984837
FKIT,Y+X2_M3_r1,chocolate_cake,485,0.984597
FKIT,Y+X2_M3_r1,chocolate_cake,486,0.984186
FKIT,Y+X2_M3_r1,chocolate_cake,487,0.984067
FKIT,Y+X2_M3_r1,chocolate_cake,488,0.983051
FKIT,Y+X2_M3_r1,chocolate_cake,489,0.985423
FKIT,Y+X2_M3_r1,chocolate_cake,490,0.983950
FKIT,Y+X2_M3_r1,chocolate_cake,491,0.983061
FKIT,Y+X2_M3_r1,chocolate_cake,492,0.980398
FKIT,Y+X2_M3_r1,chocolate_cake,493,0.981893
FKIT,Y+X2_M3_r1,chocolate_cake,494,0.985468
FKIT,Y+X2_M3_r1,chocolate_cake,495,0.981877
FKIT,Y+X2_M3_r1,chocolate_cake,496,0.984279
FKIT,Y+X2_M3_r1,chocolate_cake,497,0.983345
FKIT,Y+X2_M3_r1,chocolate_cake,498,0.985356
FKIT,Y+X2_M3_r1,chocolate_cake,499,0.982754
FKIT,Y+X2_M3_r1,chocolate_cake,500,0.978812
FKIT,Y+X2_M3_r1,chocolate_cake,501,0.983803
FKIT,Y+X2_M3_r1,chocolate_cake,502,0.982533
FKIT,Y+X2_M3_r1,chocolate_cake,503,0.982391
FKIT,Y+X2_M3_r1,chocolate_cake,504,0.983538
FKIT,Y+X2_M3_r1,chocolate_cake,505,0.983034
FKIT,Y+X2_M3_r1,chocolate_cake,506,0.984586
FKIT,Y+X2_M3_r1,chocolate_cake,507,0.982606
FKIT,Y+X2_M3_r1,chocolate_cake,508,0.984223
FKIT,Y+X2_M3_r1,chocolate_cake,509,0.984432
FKIT,Y+X2_M3_r1,chocolate_cake,510,0.982162
FKIT,Y+X2_M3_r1,chocolate_cake,511,0.982417
FKIT,Y+X2_M3_r1,chocolate_cake,512,0.981304
FKIT,Y+X2_M3_r1,chocolate_cake,513,0.979863
FKIT,Y+X2_M3_r1,chocolate_cake,514,0.982275
FKIT,Y+X2_M3_r1,chocolate_cake,515,0.981457
FKIT,Y+X2_M3_r1,chocolate_cake,516,0.977609
FKIT,Y+X2_M3_r1,chocolate_cake,517,0.980652
FKIT,Y+X2_M3_r1,chocolate_cake,518,0.979084
FKIT,Y+X2_M3_r1,chocolate_cake,519,0.976828
FKIT,Y+X2_M3_r1,chocolate_cake,520,0.972746
FKIT,Y+X2_M3_r1,chocolate_cake,521,0.974987
FKIT,Y+X2_M3_r1,chocolate_cake,522,0.975882
FKIT,Y+X2_M3_r1,chocolate_cake,523,0.973223
FKIT,Y+X2_M3_r1,chocolate_cake,524,0.968555
FKIT,Y+X2_M3_r1,chocolate_cake,525,0.975791
FKIT,Y+X2_M3_r1,chocolate_cake,526,0.974074
FKIT,Y+X2_M3_r1,chocolate_cake,527,0.970955
FKIT,Y+X2_M3_r1,chocolate_cake,528,0.973636
FKIT,Y+X2_M3_r1,chocolate_cake,529,0.973589
FKIT,Y+X2_M3_r1,chocolate_cake,530,0.972601
FKIT,Y+X2_M3_r1,chocolate_cake,531,0.972482
FKIT,Y+X2_M3_r1,chocolate_cake,532,0.971910
FKIT,Y+X2_M3_r1,chocolate_cake,533,0.974250
FKIT,Y+X2_M3_r1,chocolate_cake,534,0.971337
FKIT,Y+X2_M3_r1,chocolate_cake,535,0.973506
FKIT,Y+X2_M3_r1,chocolate_cake,536,0.977210
FKIT,Y+X2_M3_r1,chocolate_cake,537,0.976224
FKIT,Y+X2_M3_r1,chocolate_cake,538,0.975941
FKIT,Y+X2_M3_r1,chocolate_cake,539,0.975381
FKIT,Y+X2_M3_r1,chocolate_cake,540,0.973136
FKIT,Y+X2_M3_r1,chocolate_cake,541,0.974849
FKIT,Y+X2_M3_r1,chocolate_cake,542,0.974512
FKIT,Y+X2_M3_r1,chocolate_cake,543,0.974663
FKIT,Y+X2_M3_r1,chocolate_cake,544,0.973960
FKIT,Y+X2_M3_r1,chocolate_cake,545,0.977390
FKIT,Y+X2_M3_r1,chocolate_cake,546,0.977658
FKIT,Y+X2_M3_r1,chocolate_cake,547,0.974598
FKIT,Y+X2_M3_r1,chocolate_cake,548,0.975702
FKIT,Y+X2_M3_r1,chocolate_cake,549,0.974705
FKIT,Y+X2_M3_r1,chocolate_cake,550,0.971817
FKIT,Y+X2_M3_r1,chocolate_cake,551,0.972426
FKIT,Y+X2_M3_r1,chocolate_cake,552,0.971359
FKIT,Y+X2_M3_r1,chocolate_cake,553,0.973004
FKIT,Y+X2_M3_r1,chocolate_cake,554,0.975155
FKIT,Y+X2_M3_r1,chocolate_cake,555,0.976540
FKIT,Y+X2_M3_r1,chocolate_cake,556,0.973734
FKIT,Y+X2_M3_r1,chocolate_cake,557,0.975333
FKIT,Y+X2_M3_r1,chocolate_cake,558,0.974095
FKIT,Y+X2_M3_r1,chocolate_cake,559,0.978688
FKIT,Y+X2_M3_r1,chocolate_cake,560,0.975863
FKIT,Y+X2_M3_r1,chocolate_cake,561,0.971604
FKIT,Y+X2_M3_r1,chocolate_cake,562,0.973772
FKIT,Y+X2_M3_r1,chocolate_cake,563,0.976451
FKIT,Y+X2_M3_r1,chocolate_cake,564,0.976571
FKIT,Y+X2_M3_r1,chocolate_cake,565,0.977436
FKIT,Y+X2_M3_r1,chocolate_cake,566,0.980589
FKIT,Y+X2_M3_r1,chocolate_cake,567,0.978037
FKIT,Y+X2_M3_r1,chocolate_cake,568,0.979988
FKIT,Y+X2_M3_r1,chocolate_cake,569,0.977581
FKIT,Y+X2_M3_r1,chocolate_cake,570,0.979216
FKIT,Y+X2_M3_r1,chocolate_cake,571,0.978448
FKIT,Y+X2_M3_r1,chocolate_cake,572,0.978545
FKIT,Y+X2_M3_r1,chocolate_cake,573,0.975611
FKIT,Y+X2_M3_r1,chocolate_cake,574,0.976567
FKIT,Y+X2_M3_r1,chocolate_cake,575,0.979299
FKIT,Y+X2_M3_r1,chocolate_cake,576,0.979379
FKIT,Y+X2_M3_r1,chocolate_cake,577,0.977707
FKIT,Y+X2_M3_r1,chocolate_cake,578,0.978357
FKIT,Y+X2_M3_r1,chocolate_cake,579,0.977971
FKIT,Y+X2_M3_r1,chocolate_cake,580,0.976010
FKIT,Y+X2_M3_r1,chocolate_cake,581,0.979044
FKIT,Y+X2_M3_r1,chocolate_cake,582,0.977871
FKIT,Y+X2_M3_r1,chocolate_cake,583,0.976048
FKIT,Y+X2_M3_r1,chocolate_cake,584,0.974842
FKIT,Y+X2_M3_r1,chocolate_cake,585,0.979640
FKIT,Y+X2_M3_r1,chocolate_cake,586,0.979072
FKIT,Y+X2_M3_r1,chocolate_cake,587,0.977309
FKIT,Y+X2_M3_r1,chocolate_cake,588,0.972615
FKIT,Y+X2_M3_r1,chocolate_cake,589,0.975056
FKIT,Y+X2_M3_r1,chocolate_cake,590,0.967576
FKIT,Y+X2_M3_r1,chocolate_cake,591,0.968595
FKIT,Y+X2_M3_r1,chocolate_cake,592,0.976060
FKIT,Y+X2_M3_r1,chocolate_cake,593,0.976294
FKIT,Y+X2_M3_r1,chocolate_cake,594,0.965254
FKIT,Y+X2_M3_r1,chocolate_cake,595,0.975602
FKIT,Y+X2_M3_r1,chocolate_cake,596,0.966826
FKIT,Y+X2_M3_r1,chocolate_cake,597,0.959136
FKIT,Y+X2_M3_r1,chocolate_cake,598,0.975053
FKIT,Y+X2_M3_r1,chocolate_cake,599,0.961313
FKIT,Y+X2_M3_r1,chocolate_cake,600,0.978959
FKIT,Y+X2_M3_r1,chocolate_cake,601,0.973816
FKIT,Y+X2_M3_r1,chocolate_cake,602,0.977306
FKIT,Y+X2_M3_r1,chocolate_cake,603,0.975216
FKIT,Y+X2_M3_r1,chocolate_cake,604,0.976682
FKIT,Y+X2_M3_r1,chocolate_cake,605,0.975574
FKIT,Y+X2_M3_r1,chocolate_cake,606,0.973357
FKIT,Y+X2_M3_r1,chocolate_cake,607,0.978540
FKIT,Y+X2_M3_r1,chocolate_cake,608,0.977114
FKIT,Y+X2_M3_r1,chocolate_cake,609,0.978581
FKIT,Y+X2_M3_r1,chocolate_cake,610,0.977568
FKIT,Y+X2_M3_r1,chocolate_cake,611,0.976651
FKIT,Y+X2_M3_r1,chocolate_cake,612,0.975423
FKIT,Y+X2_M3_r1,chocolate_cake,613,0.976984
FKIT,Y+X2_M3_r1,chocolate_cake,614,0.974080
FKIT,Y+X2_M3_r1,chocolate_cake,615,0.978044
FKIT,Y+X2_M3_r1,chocolate_cake,616,0.980044
FKIT,Y+X2_M3_r1,chocolate_cake,617,0.979047
FKIT,Y+X2_M3_r1,chocolate_cake,618,0.979000
FKIT,Y+X2_M3_r1,chocolate_cake,619,0.977792
FKIT,Y+X2_M3_r1,chocolate_cake,620,0.570327
FKIT,Y+X2_M3_r1,chocolate_cake,621,0.474589
FKIT,Y+X2_M3_r1,chocolate_cake,622,0.000000
FKIT,Y+X2_M3_r1,chocolate_cake,623,0.249064
FKIT,Y+X2_M3_r1,chocolate_cake,624,0.209385
FKIT,Y+X2_M3_r1,chocolate_cake,625,0.203861
FKIT,Y+X2_M3_r1,chocolate_cake,626,0.199098
FKIT,Y+X2_M3_r1,chocolate_cake,627,0.211310
FKIT,Y+X2_M3_r1,chocolate_cake,628,0.218416
FKIT,Y+X2_M3_r1,chocolate_cake,629,0.231225
FKIT,Y+X2_M3_r1,chocolate_cake,630,0.241878
FKIT,Y+X2_M3_r1,chocolate_cake,631,0.255860
FKIT,Y+X2_M3_r1,chocolate_cake,632,0.285772
FKIT,Y+X2_M3_r1,chocolate_cake,633,0.300454
FKIT,Y+X2_M3_r1,chocolate_cake,634,0.298859
FKIT,Y+X2_M3_r1,chocolate_cake,635,0.333281
FKIT,Y+X2_M3_r1,chocolate_cake,636,0.385211
FKIT,Y+X2_M3_r1,chocolate_cake,637,0.371618
FKIT,Y+X2_M3_r1,chocolate_cake,638,0.409866
FKIT,Y+X2_M3_r1,chocolate_cake,639,0.461790
FKIT,Y+X2_M3_r1,chocolate_cake,640,0.549445
FKIT,Y+X2_M3_r1,chocolate_cake,641,0.543070
FKIT,Y+X2_M3_r1,chocolate_cake,642,0.511780
FKIT,Y+X2_M3_r1,chocolate_cake,643,0.480399
FKIT,Y+X2_M3_r1,chocolate_cake,644,0.508213
FKIT,Y+X2_M3_r1,chocolate_cake,645,0.521578
FKIT,Y+X2_M3_r1,chocolate_cake,646,0.481225
FKIT,Y+X2_M3_r1,chocolate_cake,647,0.491843
FKIT,Y+X2_M3_r1,chocolate_cake,648,0.507181
FKIT,Y+X2_M3_r1,chocolate_cake,649,0.538767
FKIT,Y+X2_M3_r1,chocolate_cake,650,0.622999
FKIT,Y+X2_M3_r1,chocolate_cake,651,0.695684
FKIT,Y+X2_M3_r1,chocolate_cake,652,0.789022
FKIT,Y+X2_M3_r1,chocolate_cake,653,0.963626
FKIT,Y+X2_M3_r1,chocolate_cake,654,0.970135
FKIT,Y+X2_M3_r1,chocolate_cake,655,0.975082
FKIT,Y+X2_M3_r1,chocolate_cake,656,0.971001
FKIT,Y+X2_M3_r1,chocolate_cake,657,0.974966
FKIT,Y+X2_M3_r1,chocolate_cake,658,0.975193
FKIT,Y+X2_M3_r1,chocolate_cake,659,0.975342
FKIT,Y+X2_M3_r1,chocolate_cake,660,0.975029
FKIT,Y+X2_M3_r1,chocolate_cake,661,0.975555
FKIT,Y+X2_M3_r1,chocolate_cake,662,0.975696
FKIT,Y+X2_M3_r1,chocolate_cake,663,0.975115
FKIT,Y+X2_M3_r1,chocolate_cake,664,0.978313
FKIT,Y+X2_M3_r1,chocolate_cake,665,0.976497
FKIT,Y+X2_M3_r1,chocolate_cake,666,0.977705
FKIT,Y+X2_M3_r1,chocolate_cake,667,0.978134
FKIT,Y+X2_M3_r1,chocolate_cake,668,0.974789
FKIT,Y+X2_M3_r1,chocolate_cake,669,0.976194
FKIT,Y+X2_M3_r1,chocolate_cake,670,0.972458
FKIT,Y+X2_M3_r1,chocolate_cake,671,0.972370
FKIT,Y+X2_M3_r1,chocolate_cake,672,0.975436
FKIT,Y+X2_M3_r1,chocolate_cake,673,0.977707
FKIT,Y+X2_M3_r1,chocolate_cake,674,0.976338
FKIT,Y+X2_M3_r1,chocolate_cake,675,0.975053
FKIT,Y+X2_M3_r1,chocolate_cake,676,0.974450
FKIT,Y+X2_M3_r1,chocolate_cake,677,0.973423
FKIT,Y+X2_M3_r1,chocolate_cake,678,0.972530
FKIT,Y+X2_M3_r1,chocolate_cake,679,0.971153
FKIT,Y+X2_M3_r1,chocolate_cake,680,0.974358
FKIT,Y+X2_M3_r1,chocolate_cake,681,0.975662
FKIT,Y+X2_M3_r1,chocolate_cake,682,0.975673
FKIT,Y+X2_M3_r1,chocolate_cake,683,0.979846
FKIT,Y+X2_M3_r1,chocolate_cake,684,0.967520
FKIT,Y+X2_M3_r1,chocolate_cake,685,0.978005
FKIT,Y+X2_M3_r1,chocolate_cake,686,0.976858
FKIT,Y+X2_M3_r1,chocolate_cake,687,0.977932
FKIT,Y+X2_M3_r1,chocolate_cake,688,0.976491
FKIT,Y+X2_M3_r1,chocolate_cake,689,0.978418
FKIT,Y+X2_M3_r1,chocolate_cake,690,0.975154
FKIT,Y+X2_M3_r1,chocolate_cake,691,0.977405
FKIT,Y+X2_M3_r1,chocolate_cake,692,0.978427
FKIT,Y+X2_M3_r1,chocolate_cake,693,0.977583
FKIT,Y+X2_M3_r1,chocolate_cake,694,0.979203
FKIT,Y+X2_M3_r1,chocolate_cake,695,0.979696
FKIT,Y+X2_M3_r1,chocolate_cake,696,0.980228
FKIT,Y+X2_M3_r1,chocolate_cake,697,0.978034
FKIT,Y+X2_M3_r1,chocolate_cake,698,0.978312
FKIT,Y+X2_M3_r1,chocolate_cake,699,0.977377
FKIT,Y+X2_M3_r1,chocolate_cake,700,0.976928
FKIT,Y+X2_M3_r1,chocolate_cake,701,0.972966
FKIT,Y+X2_M3_r1,chocolate_cake,702,0.975561
FKIT,Y+X2_M3_r1,chocolate_cake,703,0.973601
FKIT,Y+X2_M3_r1,chocolate_cake,704,0.977965
FKIT,Y+X2_M3_r1,chocolate_cake,705,0.976691
FKIT,Y+X2_M3_r1,chocolate_cake,706,0.977996
FKIT,Y+X2_M3_r1,chocolate_cake,707,0.978598
FKIT,Y+X2_M3_r1,chocolate_cake,708,0.977758
FKIT,Y+X2_M3_r1,chocolate_cake,709,0.975743
FKIT,Y+X2_M3_r1,chocolate_cake,710,0.974115
FKIT,Y+X2_M3_r1,chocolate_cake,711,0.972487
FKIT,Y+X2_M3_r1,chocolate_cake,712,0.972647
FKIT,Y+X2_M3_r1,chocolate_cake,713,0.974235
FKIT,Y+X2_M3_r1,chocolate_cake,714,0.975548
FKIT,Y+X2_M3_r1,chocolate_cake,715,0.972255
FKIT,Y+X2_M3_r1,chocolate_cake,716,0.972032
FKIT,Y+X2_M3_r1,chocolate_cake,717,0.974373
FKIT,Y+X2_M3_r1,chocolate_cake,718,0.973644
FKIT,Y+X2_M3_r1,chocolate_cake,719,0.973621
FKIT,Y+X2_M3_r1,chocolate_cake,720,0.971837
FKIT,Y+X2_M3_r1,chocolate_cake,721,0.976919
FKIT,Y+X2_M3_r1,chocolate_cake,722,0.977760
FKIT,Y+X2_M3_r1,chocolate_cake,723,0.978097
FKIT,Y+X2_M3_r1,chocolate_cake,724,0.975628
FKIT,Y+X2_M3_r1,chocolate_cake,725,0.977200
FKIT,Y+X2_M3_r1,chocolate_cake,726,0.978887
FKIT,Y+X2_M3_r1,chocolate_cake,727,0.975935
FKIT,Y+X2_M3_r1,chocolate_cake,728,0.974714
FKIT,Y+X2_M3_r1,chocolate_cake,729,0.975830
FKIT,Y+X2_M3_r1,chocolate_cake,730,0.977682
FKIT,Y+X2_M3_r1,chocolate_cake,731,0.978523
FKIT,Y+X2_M3_r1,chocolate_cake,732,0.976843
FKIT,Y+X2_M3_r1,chocolate_cake,733,0.977976
FKIT,Y+X2_M3_r1,chocolate_cake,734,0.981033
FKIT,Y+X2_M3_r1,chocolate_cake,735,0.978470
FKIT,Y+X2_M3_r1,chocolate_cake,736,0.979122
FKIT,Y+X2_M3_r1,chocolate_cake,737,0.978179
FKIT,Y+X2_M3_r1,chocolate_cake,738,0.978251
FKIT,Y+X2_M3_r1,chocolate_cake,739,0.977986
FKIT,Y+X2_M3_r1,chocolate_cake,740,0.977971
FKIT,Y+X2_M3_r1,chocolate_cake,741,0.976355
FKIT,Y+X2_M3_r1,chocolate_cake,742,0.979350
FKIT,Y+X2_M3_r1,chocolate_cake,743,0.977693
FKIT,Y+X2_M3_r1,chocolate_cake,744,0.979108
FKIT,Y+X2_M3_r1,chocolate_cake,745,0.981532
FKIT,Y+X2_M3_r1,chocolate_cake,746,0.980860
FKIT,Y+X2_M3_r1,chocolate_cake,747,0.978879
FKIT,Y+X2_M3_r1,chocolate_cake,748,0.980153
FKIT,Y+X2_M3_r1,chocolate_cake,749,0.970897
FKIT,Y+X2_M3_r1,chocolate_cake,750,0.978741
FKIT,Y+X2_M3_r1,chocolate_cake,751,0.981317
FKIT,Y+X2_M3_r1,chocolate_cake,752,0.981782
FKIT,Y+X2_M3_r1,chocolate_cake,753,0.980256
FKIT,Y+X2_M3_r1,chocolate_cake,754,0.981936
FKIT,Y+X2_M3_r1,chocolate_cake,755,0.980363
FKIT,Y+X2_M3_r1,chocolate_cake,756,0.982529
FKIT,Y+X2_M3_r1,chocolate_cake,757,0.982025
FKIT,Y+X2_M3_r1,chocolate_cake,758,0.983048
FKIT,Y+X2_M3_r1,chocolate_cake,759,0.982520
FKIT,Y+X2_M3_r1,chocolate_cake,760,0.982839
FKIT,Y+X2_M3_r1,chocolate_cake,761,0.984222
FKIT,Y+X2_M3_r1,chocolate_cake,762,0.983492
FKIT,Y+X2_M3_r1,chocolate_cake,763,0.983567
FKIT,Y+X2_M3_r1,chocolate_cake,764,0.985496
FKIT,Y+X2_M3_r1,chocolate_cake,765,0.984854
FKIT,Y+X2_M3_r1,chocolate_cake,766,0.986022
FKIT,Y+X2_M3_r1,chocolate_cake,767,0.985120
FKIT,Y+X2_M3_r1,chocolate_cake,768,0.983156
FKIT,Y+X2_M3_r1,chocolate_cake,769,0.985094
FKIT,Y+X2_M3_r1,chocolate_cake,770,0.982356
FKIT,Y+X2_M3_r1,chocolate_cake,771,0.984176
FKIT,Y+X2_M3_r1,chocolate_cake,772,0.980731
FKIT,Y+X2_M3_r1,chocolate_cake,773,0.986088
FKIT,Y+X2_M3_r1,chocolate_cake,774,0.982480
FKIT,Y+X2_M3_r1,chocolate_cake,775,0.978686
FKIT,Y+X2_M3_r1,chocolate_cake,776,0.981784
FKIT,Y+X2_M3_r1,chocolate_cake,777,0.979575
FKIT,Y+X2_M3_r1,chocolate_cake,778,0.982301
FKIT,Y+X2_M3_r1,chocolate_cake,779,0.981056
FKIT,Y+X2_M3_r1,chocolate_cake,780,0.981789
FKIT,Y+X2_M3_r1,chocolate_croissant,0,0.759962
FKIT,Y+X2_M3_r1,chocolate_croissant,1,0.764225
FKIT,Y+X2_M3_r1,chocolate_croissant,2,0.767386
FKIT,Y+X2_M3_r1,chocolate_croissant,3,0.765299
FKIT,Y+X2_M3_r1,chocolate_croissant,4,0.770341
FKIT,Y+X2_M3_r1,chocolate_croissant,5,0.769068
FKIT,Y+X2_M3_r1,chocolate_croissant,6,0.768711
FKIT,Y+X2_M3_r1,chocolate_croissant,7,0.765954
FKIT,Y+X2_M3_r1,chocolate_croissant,8,0.767932
FKIT,Y+X2_M3_r1,chocolate_croissant,9,0.769650
FKIT,Y+X2_M3_r1,chocolate_croissant,10,0.767062
FKIT,Y+X2_M3_r1,chocolate_croissant,11,0.770293
FKIT,Y+X2_M3_r1,chocolate_croissant,12,0.771012
FKIT,Y+X2_M3_r1,chocolate_croissant,13,0.768937
FKIT,Y+X2_M3_r1,chocolate_croissant,14,0.769983
FKIT,Y+X2_M3_r1,chocolate_croissant,15,0.770404
FKIT,Y+X2_M3_r1,chocolate_croissant,16,0.771710
FKIT,Y+X2_M3_r1,chocolate_croissant,17,0.761117
FKIT,Y+X2_M3_r1,chocolate_croissant,18,0.760686
FKIT,Y+X2_M3_r1,chocolate_croissant,19,0.756544
FKIT,Y+X2_M3_r1,chocolate_croissant,20,0.762647
FKIT,Y+X2_M3_r1,chocolate_croissant,21,0.753056
FKIT,Y+X2_M3_r1,chocolate_croissant,22,0.746599
FKIT,Y+X2_M3_r1,chocolate_croissant,23,0.752428
FKIT,Y+X2_M3_r1,chocolate_croissant,24,0.745014
FKIT,Y+X2_M3_r1,chocolate_croissant,25,0.748889
FKIT,Y+X2_M3_r1,chocolate_croissant,26,0.757217
FKIT,Y+X2_M3_r1,chocolate_croissant,27,0.755668
FKIT,Y+X2_M3_r1,chocolate_croissant,28,0.756717
FKIT,Y+X2_M3_r1,chocolate_croissant,29,0.761940
FKIT,Y+X2_M3_r1,chocolate_croissant,30,0.744030
FKIT,Y+X2_M3_r1,chocolate_croissant,31,0.739018
FKIT,Y+X2_M3_r1,chocolate_croissant,32,0.739612
FKIT,Y+X2_M3_r1,chocolate_croissant,33,0.753266
FKIT,Y+X2_M3_r1,chocolate_croissant,34,0.750386
FKIT,Y+X2_M3_r1,chocolate_croissant,35,0.747247
FKIT,Y+X2_M3_r1,chocolate_croissant,36,0.750708
FKIT,Y+X2_M3_r1,chocolate_croissant,37,0.756145
FKIT,Y+X2_M3_r1,chocolate_croissant,38,0.753151
FKIT,Y+X2_M3_r1,chocolate_croissant,39,0.753784
FKIT,Y+X2_M3_r1,chocolate_croissant,40,0.750077
FKIT,Y+X2_M3_r1,chocolate_croissant,41,0.751965
FKIT,Y+X2_M3_r1,chocolate_croissant,42,0.756785
FKIT,Y+X2_M3_r1,chocolate_croissant,43,0.754913
FKIT,Y+X2_M3_r1,chocolate_croissant,44,0.742387
FKIT,Y+X2_M3_r1,chocolate_croissant,45,0.750148
FKIT,Y+X2_M3_r1,chocolate_croissant,46,0.740426
FKIT,Y+X2_M3_r1,chocolate_croissant,47,0.741494
FKIT,Y+X2_M3_r1,chocolate_croissant,48,0.745488
FKIT,Y+X2_M3_r1,chocolate_croissant,49,0.732231
FKIT,Y+X2_M3_r1,chocolate_croissant,50,0.734273
FKIT,Y+X2_M3_r1,chocolate_croissant,51,0.741307
FKIT,Y+X2_M3_r1,chocolate_croissant,52,0.732830
FKIT,Y+X2_M3_r1,chocolate_croissant,53,0.739180
FKIT,Y+X2_M3_r1,chocolate_croissant,54,0.737697
FKIT,Y+X2_M3_r1,chocolate_croissant,55,0.743499
FKIT,Y+X2_M3_r1,chocolate_croissant,56,0.739905
FKIT,Y+X2_M3_r1,chocolate_croissant,57,0.732610
FKIT,Y+X2_M3_r1,chocolate_croissant,58,0.729178
FKIT,Y+X2_M3_r1,chocolate_croissant,59,0.744355
FKIT,Y+X2_M3_r1,chocolate_croissant,60,0.716822
FKIT,Y+X2_M3_r1,chocolate_croissant,61,0.737573
FKIT,Y+X2_M3_r1,chocolate_croissant,62,0.737267
FKIT,Y+X2_M3_r1,chocolate_croissant,63,0.731283
FKIT,Y+X2_M3_r1,chocolate_croissant,64,0.724729
FKIT,Y+X2_M3_r1,chocolate_croissant,65,0.725645
FKIT,Y+X2_M3_r1,chocolate_croissant,66,0.714444
FKIT,Y+X2_M3_r1,chocolate_croissant,67,0.719350
FKIT,Y+X2_M3_r1,chocolate_croissant,68,0.704538
FKIT,Y+X2_M3_r1,chocolate_croissant,69,0.702762
FKIT,Y+X2_M3_r1,chocolate_croissant,70,0.714733
FKIT,Y+X2_M3_r1,chocolate_croissant,71,0.710990
FKIT,Y+X2_M3_r1,chocolate_croissant,72,0.707041
FKIT,Y+X2_M3_r1,chocolate_croissant,73,0.709335
FKIT,Y+X2_M3_r1,chocolate_croissant,74,0.704612
FKIT,Y+X2_M3_r1,chocolate_croissant,75,0.702480
FKIT,Y+X2_M3_r1,chocolate_croissant,76,0.697131
FKIT,Y+X2_M3_r1,chocolate_croissant,77,0.698481
FKIT,Y+X2_M3_r1,chocolate_croissant,78,0.693399
FKIT,Y+X2_M3_r1,chocolate_croissant,79,0.692028
FKIT,Y+X2_M3_r1,chocolate_croissant,80,0.687313
FKIT,Y+X2_M3_r1,chocolate_croissant,81,0.684942
FKIT,Y+X2_M3_r1,chocolate_croissant,82,0.683658
FKIT,Y+X2_M3_r1,chocolate_croissant,83,0.679955
FKIT,Y+X2_M3_r1,chocolate_croissant,84,0.683289
FKIT,Y+X2_M3_r1,chocolate_croissant,85,0.680483
FKIT,Y+X2_M3_r1,chocolate_croissant,86,0.679168
FKIT,Y+X2_M3_r1,chocolate_croissant,87,0.677386
FKIT,Y+X2_M3_r1,chocolate_croissant,88,0.673985
FKIT,Y+X2_M3_r1,chocolate_croissant,89,0.675676
FKIT,Y+X2_M3_r1,chocolate_croissant,90,0.672176
FKIT,Y+X2_M3_r1,chocolate_croissant,91,0.668340
FKIT,Y+X2_M3_r1,chocolate_croissant,92,0.665234
FKIT,Y+X2_M3_r1,chocolate_croissant,93,0.666513
FKIT,Y+X2_M3_r1,chocolate_croissant,94,0.662899
FKIT,Y+X2_M3_r1,chocolate_croissant,95,0.658047
FKIT,Y+X2_M3_r1,chocolate_croissant,96,0.661859
FKIT,Y+X2_M3_r1,chocolate_croissant,97,0.657431
FKIT,Y+X2_M3_r1,chocolate_croissant,98,0.651114
FKIT,Y+X2_M3_r1,chocolate_croissant,99,0.651534
FKIT,Y+X2_M3_r1,chocolate_croissant,100,0.648760
FKIT,Y+X2_M3_r1,chocolate_croissant,101,0.642368
FKIT,Y+X2_M3_r1,chocolate_croissant,102,0.638359
FKIT,Y+X2_M3_r1,chocolate_croissant,103,0.639351
FKIT,Y+X2_M3_r1,chocolate_croissant,104,0.637043
FKIT,Y+X2_M3_r1,chocolate_croissant,105,0.635287
FKIT,Y+X2_M3_r1,chocolate_croissant,106,0.635896
FKIT,Y+X2_M3_r1,chocolate_croissant,107,0.640026
FKIT,Y+X2_M3_r1,chocolate_croissant,108,0.634231
FKIT,Y+X2_M3_r1,chocolate_croissant,109,0.636300
FKIT,Y+X2_M3_r1,chocolate_croissant,110,0.634864
FKIT,Y+X2_M3_r1,chocolate_croissant,111,0.627170
FKIT,Y+X2_M3_r1,chocolate_croissant,112,0.625240
FKIT,Y+X2_M3_r1,chocolate_croissant,113,0.622046
FKIT,Y+X2_M3_r1,chocolate_croissant,114,0.624470
FKIT,Y+X2_M3_r1,chocolate_croissant,115,0.623167
FKIT,Y+X2_M3_r1,chocolate_croissant,116,0.622518
FKIT,Y+X2_M3_r1,chocolate_croissant,117,0.613754
FKIT,Y+X2_M3_r1,chocolate_croissant,118,0.609119
FKIT,Y+X2_M3_r1,chocolate_croissant,119,0.604299
FKIT,Y+X2_M3_r1,chocolate_croissant,120,0.605322
FKIT,Y+X2_M3_r1,chocolate_croissant,121,0.597218
FKIT,Y+X2_M3_r1,chocolate_croissant,122,0.602250
FKIT,Y+X2_M3_r1,chocolate_croissant,123,0.600233
FKIT,Y+X2_M3_r1,chocolate_croissant,124,0.599440
FKIT,Y+X2_M3_r1,chocolate_croissant,125,0.598340
FKIT,Y+X2_M3_r1,chocolate_croissant,126,0.595887
FKIT,Y+X2_M3_r1,chocolate_croissant,127,0.594670
FKIT,Y+X2_M3_r1,chocolate_croissant,128,0.592181
FKIT,Y+X2_M3_r1,chocolate_croissant,129,0.592325
FKIT,Y+X2_M3_r1,chocolate_croissant,130,0.596264
FKIT,Y+X2_M3_r1,chocolate_croissant,131,0.594357
FKIT,Y+X2_M3_r1,chocolate_croissant,132,0.593180
FKIT,Y+X2_M3_r1,chocolate_croissant,133,0.591352
FKIT,Y+X2_M3_r1,chocolate_croissant,134,0.591437
FKIT,Y+X2_M3_r1,chocolate_croissant,135,0.592555
FKIT,Y+X2_M3_r1,chocolate_croissant,136,0.594465
FKIT,Y+X2_M3_r1,chocolate_croissant,137,0.595538
FKIT,Y+X2_M3_r1,chocolate_croissant,138,0.596575
FKIT,Y+X2_M3_r1,chocolate_croissant,139,0.598202
FKIT,Y+X2_M3_r1,chocolate_croissant,140,0.601170
FKIT,Y+X2_M3_r1,chocolate_croissant,141,0.602160
FKIT,Y+X2_M3_r1,chocolate_croissant,142,0.605063
FKIT,Y+X2_M3_r1,chocolate_croissant,143,0.608892
FKIT,Y+X2_M3_r1,chocolate_croissant,144,0.611000
FKIT,Y+X2_M3_r1,chocolate_croissant,145,0.612949
FKIT,Y+X2_M3_r1,chocolate_croissant,146,0.614500
FKIT,Y+X2_M3_r1,chocolate_croissant,147,0.616058
FKIT,Y+X2_M3_r1,chocolate_croissant,148,0.616002
FKIT,Y+X2_M3_r1,chocolate_croissant,149,0.618535
FKIT,Y+X2_M3_r1,chocolate_croissant,150,0.617612
FKIT,Y+X2_M3_r1,chocolate_croissant,151,0.617569
FKIT,Y+X2_M3_r1,chocolate_croissant,152,0.617961
FKIT,Y+X2_M3_r1,chocolate_croissant,153,0.617147
FKIT,Y+X2_M3_r1,chocolate_croissant,154,0.621967
FKIT,Y+X2_M3_r1,chocolate_croissant,155,0.621028
FKIT,Y+X2_M3_r1,chocolate_croissant,156,0.623203
FKIT,Y+X2_M3_r1,chocolate_croissant,157,0.623335
FKIT,Y+X2_M3_r1,chocolate_croissant,158,0.623328
FKIT,Y+X2_M3_r1,chocolate_croissant,159,0.625569
FKIT,Y+X2_M3_r1,chocolate_croissant,160,0.632629
FKIT,Y+X2_M3_r1,chocolate_croissant,161,0.631377
FKIT,Y+X2_M3_r1,chocolate_croissant,162,0.632614
FKIT,Y+X2_M3_r1,chocolate_croissant,163,0.631518
FKIT,Y+X2_M3_r1,chocolate_croissant,164,0.636999
FKIT,Y+X2_M3_r1,chocolate_croissant,165,0.638540
FKIT,Y+X2_M3_r1,chocolate_croissant,166,0.641585
FKIT,Y+X2_M3_r1,chocolate_croissant,167,0.643522
FKIT,Y+X2_M3_r1,chocolate_croissant,168,0.645383
FKIT,Y+X2_M3_r1,chocolate_croissant,169,0.647761
FKIT,Y+X2_M3_r1,chocolate_croissant,170,0.647527
FKIT,Y+X2_M3_r1,chocolate_croissant,171,0.649286
FKIT,Y+X2_M3_r1,chocolate_croissant,172,0.652885
FKIT,Y+X2_M3_r1,chocolate_croissant,173,0.652818
FKIT,Y+X2_M3_r1,chocolate_croissant,174,0.655972
FKIT,Y+X2_M3_r1,chocolate_croissant,175,0.655823
FKIT,Y+X2_M3_r1,chocolate_croissant,176,0.658085
FKIT,Y+X2_M3_r1,chocolate_croissant,177,0.661815
FKIT,Y+X2_M3_r1,chocolate_croissant,178,0.662030
FKIT,Y+X2_M3_r1,chocolate_croissant,179,0.664148
FKIT,Y+X2_M3_r1,chocolate_croissant,180,0.667633
FKIT,Y+X2_M3_r1,chocolate_croissant,181,0.671558
FKIT,Y+X2_M3_r1,chocolate_croissant,182,0.675189
FKIT,Y+X2_M3_r1,chocolate_croissant,183,0.677898
FKIT,Y+X2_M3_r1,chocolate_croissant,184,0.679232
FKIT,Y+X2_M3_r1,chocolate_croissant,185,0.684250
FKIT,Y+X2_M3_r1,chocolate_croissant,186,0.687296
FKIT,Y+X2_M3_r1,chocolate_croissant,187,0.689240
FKIT,Y+X2_M3_r1,chocolate_croissant,188,0.693631
FKIT,Y+X2_M3_r1,chocolate_croissant,189,0.697174
FKIT,Y+X2_M3_r1,chocolate_croissant,190,0.700584
FKIT,Y+X2_M3_r1,chocolate_croissant,191,0.703887
FKIT,Y+X2_M3_r1,chocolate_croissant,192,0.707994
FKIT,Y+X2_M3_r1,chocolate_croissant,193,0.711299
FKIT,Y+X2_M3_r1,chocolate_croissant,194,0.714448
FKIT,Y+X2_M3_r1,chocolate_croissant,195,0.714344
FKIT,Y+X2_M3_r1,chocolate_croissant,196,0.714087
FKIT,Y+X2_M3_r1,chocolate_croissant,197,0.721358
FKIT,Y+X2_M3_r1,chocolate_croissant,198,0.724454
FKIT,Y+X2_M3_r1,chocolate_croissant,199,0.722413
FKIT,Y+X2_M3_r1,chocolate_croissant,200,0.725589
FKIT,Y+X2_M3_r1,chocolate_croissant,201,0.728936
FKIT,Y+X2_M3_r1,chocolate_croissant,202,0.734316
FKIT,Y+X2_M3_r1,chocolate_croissant,203,0.734489
FKIT,Y+X2_M3_r1,chocolate_croissant,204,0.738979
FKIT,Y+X2_M3_r1,chocolate_croissant,205,0.738095
FKIT,Y+X2_M3_r1,chocolate_croissant,206,0.741323
FKIT,Y+X2_M3_r1,chocolate_croissant,207,0.740582
FKIT,Y+X2_M3_r1,chocolate_croissant,208,0.744179
FKIT,Y+X2_M3_r1,chocolate_croissant,209,0.740775
FKIT,Y+X2_M3_r1,chocolate_croissant,210,0.748888
FKIT,Y+X2_M3_r1,chocolate_croissant,211,0.747603
FKIT,Y+X2_M3_r1,chocolate_croissant,212,0.749513
FKIT,Y+X2_M3_r1,chocolate_croissant,213,0.753786
FKIT,Y+X2_M3_r1,chocolate_croissant,214,0.753725
FKIT,Y+X2_M3_r1,chocolate_croissant,215,0.749328
FKIT,Y+X2_M3_r1,chocolate_croissant,216,0.755519
FKIT,Y+X2_M3_r1,chocolate_croissant,217,0.755842
FKIT,Y+X2_M3_r1,chocolate_croissant,218,0.754364
FKIT,Y+X2_M3_r1,chocolate_croissant,219,0.756774
FKIT,Y+X2_M3_r1,chocolate_croissant,220,0.759506
FKIT,Y+X2_M3_r1,chocolate_croissant,221,0.756523
FKIT,Y+X2_M3_r1,chocolate_croissant,222,0.759972
FKIT,Y+X2_M3_r1,chocolate_croissant,223,0.758800
FKIT,Y+X2_M3_r1,chocolate_croissant,224,0.761365
FKIT,Y+X2_M3_r1,chocolate_croissant,225,0.761862
FKIT,Y+X2_M3_r1,chocolate_croissant,226,0.764296
FKIT,Y+X2_M3_r1,chocolate_croissant,227,0.767672
FKIT,Y+X2_M3_r1,chocolate_croissant,228,0.768518
FKIT,Y+X2_M3_r1,chocolate_croissant,229,0.771676
FKIT,Y+X2_M3_r1,chocolate_croissant,230,0.774134
FKIT,Y+X2_M3_r1,chocolate_croissant,231,0.775278
FKIT,Y+X2_M3_r1,chocolate_croissant,232,0.776541
FKIT,Y+X2_M3_r1,chocolate_croissant,233,0.782478
FKIT,Y+X2_M3_r1,chocolate_croissant,234,0.785929
FKIT,Y+X2_M3_r1,chocolate_croissant,235,0.787725
FKIT,Y+X2_M3_r1,chocolate_croissant,236,0.789712
FKIT,Y+X2_M3_r1,chocolate_croissant,237,0.791709
FKIT,Y+X2_M3_r1,chocolate_croissant,238,0.795872
FKIT,Y+X2_M3_r1,chocolate_croissant,239,0.796847
FKIT,Y+X2_M3_r1,chocolate_croissant,240,0.796583
FKIT,Y+X2_M3_r1,chocolate_croissant,241,0.797961
FKIT,Y+X2_M3_r1,chocolate_croissant,242,0.800314
FKIT,Y+X2_M3_r1,chocolate_croissant,243,0.801431
FKIT,Y+X2_M3_r1,chocolate_croissant,244,0.804981
FKIT,Y+X2_M3_r1,chocolate_croissant,245,0.807776
FKIT,Y+X2_M3_r1,chocolate_croissant,246,0.806831
FKIT,Y+X2_M3_r1,chocolate_croissant,247,0.808856
FKIT,Y+X2_M3_r1,chocolate_croissant,248,0.809795
FKIT,Y+X2_M3_r1,chocolate_croissant,249,0.811117
FKIT,Y+X2_M3_r1,chocolate_croissant,250,0.813091
FKIT,Y+X2_M3_r1,chocolate_croissant,251,0.816409
FKIT,Y+X2_M3_r1,chocolate_croissant,252,0.818280
FKIT,Y+X2_M3_r1,chocolate_croissant,253,0.819269
FKIT,Y+X2_M3_r1,chocolate_croissant,254,0.820893
FKIT,Y+X2_M3_r1,chocolate_croissant,255,0.823578
FKIT,Y+X2_M3_r1,chocolate_croissant,256,0.826352
FKIT,Y+X2_M3_r1,chocolate_croissant,257,0.824571
FKIT,Y+X2_M3_r1,chocolate_croissant,258,0.827419
FKIT,Y+X2_M3_r1,chocolate_croissant,259,0.829462
FKIT,Y+X2_M3_r1,chocolate_croissant,260,0.831652
FKIT,Y+X2_M3_r1,chocolate_croissant,261,0.832325
FKIT,Y+X2_M3_r1,chocolate_croissant,262,0.836744
FKIT,Y+X2_M3_r1,chocolate_croissant,263,0.837749
FKIT,Y+X2_M3_r1,chocolate_croissant,264,0.838160
FKIT,Y+X2_M3_r1,chocolate_croissant,265,0.839606
FKIT,Y+X2_M3_r1,chocolate_croissant,266,0.838394
FKIT,Y+X2_M3_r1,chocolate_croissant,267,0.839442
FKIT,Y+X2_M3_r1,chocolate_croissant,268,0.845163
FKIT,Y+X2_M3_r1,chocolate_croissant,269,0.848669
FKIT,Y+X2_M3_r1,chocolate_croissant,270,0.846262
FKIT,Y+X2_M3_r1,chocolate_croissant,271,0.864364
FKIT,Y+X2_M3_r1,chocolate_croissant,272,0.862125
FKIT,Y+X2_M3_r1,chocolate_croissant,273,0.860830
FKIT,Y+X2_M3_r1,chocolate_croissant,274,0.862790
FKIT,Y+X2_M3_r1,chocolate_croissant,275,0.851390
FKIT,Y+X2_M3_r1,chocolate_croissant,276,0.854570
FKIT,Y+X2_M3_r1,chocolate_croissant,277,0.862023
FKIT,Y+X2_M3_r1,chocolate_croissant,278,0.854061
FKIT,Y+X2_M3_r1,chocolate_croissant,279,0.857460
FKIT,Y+X2_M3_r1,chocolate_croissant,280,0.878599
FKIT,Y+X2_M3_r1,chocolate_croissant,281,0.901629
FKIT,Y+X2_M3_r1,chocolate_croissant,282,0.902112
FKIT,Y+X2_M3_r1,chocolate_croissant,283,0.943784
FKIT,Y+X2_M3_r1,chocolate_croissant,284,0.920315
FKIT,Y+X2_M3_r1,chocolate_croissant,285,0.955439
FKIT,Y+X2_M3_r1,chocolate_croissant,286,0.972219
FKIT,Y+X2_M3_r1,chocolate_croissant,287,0.975986
FKIT,Y+X2_M3_r1,chocolate_croissant,288,0.977685
FKIT,Y+X2_M3_r1,chocolate_croissant,289,0.976240
FKIT,Y+X2_M3_r1,chocolate_croissant,290,0.972967
FKIT,Y+X2_M3_r1,chocolate_croissant,291,0.948704
FKIT,Y+X2_M3_r1,chocolate_croissant,292,0.973942
FKIT,Y+X2_M3_r1,chocolate_croissant,293,0.975662
FKIT,Y+X2_M3_r1,chocolate_croissant,294,0.977390
FKIT,Y+X2_M3_r1,chocolate_croissant,295,0.976424
FKIT,Y+X2_M3_r1,chocolate_croissant,296,0.976973
FKIT,Y+X2_M3_r1,chocolate_croissant,297,0.977545
FKIT,Y+X2_M3_r1,chocolate_croissant,298,0.981078
FKIT,Y+X2_M3_r1,chocolate_croissant,299,0.978444
FKIT,Y+X2_M3_r1,chocolate_croissant,300,0.978589
FKIT,Y+X2_M3_r1,chocolate_croissant,301,0.980044
FKIT,Y+X2_M3_r1,chocolate_croissant,302,0.981456
FKIT,Y+X2_M3_r1,chocolate_croissant,303,0.981683
FKIT,Y+X2_M3_r1,chocolate_croissant,304,0.983088
FKIT,Y+X2_M3_r1,chocolate_croissant,305,0.985122
FKIT,Y+X2_M3_r1,chocolate_croissant,306,0.984507
FKIT,Y+X2_M3_r1,chocolate_croissant,307,0.984226
FKIT,Y+X2_M3_r1,chocolate_croissant,308,0.983586
FKIT,Y+X2_M3_r1,chocolate_croissant,309,0.986399
FKIT,Y+X2_M3_r1,chocolate_croissant,310,0.986108
FKIT,Y+X2_M3_r1,chocolate_croissant,311,0.986152
FKIT,Y+X2_M3_r1,chocolate_croissant,312,0.983728
FKIT,Y+X2_M3_r1,chocolate_croissant,313,0.984453
FKIT,Y+X2_M3_r1,chocolate_croissant,314,0.986607
FKIT,Y+X2_M3_r1,chocolate_croissant,315,0.986228
FKIT,Y+X2_M3_r1,chocolate_croissant,316,0.987371
FKIT,Y+X2_M3_r1,chocolate_croissant,317,0.986635
FKIT,Y+X2_M3_r1,chocolate_croissant,318,0.987020
FKIT,Y+X2_M3_r1,chocolate_croissant,319,0.986801
FKIT,Y+X2_M3_r1,chocolate_croissant,320,0.986747
FKIT,Y+X2_M3_r1,chocolate_croissant,321,0.986694
FKIT,Y+X2_M3_r1,chocolate_croissant,322,0.982891
FKIT,Y+X2_M3_r1,chocolate_croissant,323,0.982758
FKIT,Y+X2_M3_r1,chocolate_croissant,324,0.986707
FKIT,Y+X2_M3_r1,chocolate_croissant,325,0.985038
FKIT,Y+X2_M3_r1,chocolate_croissant,326,0.984881
FKIT,Y+X2_M3_r1,chocolate_croissant,327,0.985487
FKIT,Y+X2_M3_r1,chocolate_croissant,328,0.984972
FKIT,Y+X2_M3_r1,chocolate_croissant,329,0.982047
FKIT,Y+X2_M3_r1,chocolate_croissant,330,0.982808
FKIT,Y+X2_M3_r1,chocolate_croissant,331,0.980675
FKIT,Y+X2_M3_r1,chocolate_croissant,332,0.980787
FKIT,Y+X2_M3_r1,chocolate_croissant,333,0.978725
FKIT,Y+X2_M3_r1,chocolate_croissant,334,0.982261
FKIT,Y+X2_M3_r1,chocolate_croissant,335,0.986707
FKIT,Y+X2_M3_r1,chocolate_croissant,336,0.982632
FKIT,Y+X2_M3_r1,chocolate_croissant,337,0.981122
FKIT,Y+X2_M3_r1,chocolate_croissant,338,0.979676
FKIT,Y+X2_M3_r1,chocolate_croissant,339,0.980741
FKIT,Y+X2_M3_r1,chocolate_croissant,340,0.978210
FKIT,Y+X2_M3_r1,chocolate_croissant,341,0.978309
FKIT,Y+X2_M3_r1,chocolate_croissant,342,0.976488
FKIT,Y+X2_M3_r1,chocolate_croissant,343,0.977627
FKIT,Y+X2_M3_r1,chocolate_croissant,344,0.981773
FKIT,Y+X2_M3_r1,chocolate_croissant,345,0.981219
FKIT,Y+X2_M3_r1,chocolate_croissant,346,0.982086
FKIT,Y+X2_M3_r1,chocolate_croissant,347,0.981127
FKIT,Y+X2_M3_r1,chocolate_croissant,348,0.981712
FKIT,Y+X2_M3_r1,chocolate_croissant,349,0.980299
FKIT,Y+X2_M3_r1,chocolate_croissant,350,0.978947
FKIT,Y+X2_M3_r1,chocolate_croissant,351,0.979666
FKIT,Y+X2_M3_r1,chocolate_croissant,352,0.980660
FKIT,Y+X2_M3_r1,chocolate_croissant,353,0.979179
FKIT,Y+X2_M3_r1,chocolate_croissant,354,0.980742
FKIT,Y+X2_M3_r1,chocolate_croissant,355,0.980515
FKIT,Y+X2_M3_r1,chocolate_croissant,356,0.982274
FKIT,Y+X2_M3_r1,chocolate_croissant,357,0.980859
FKIT,Y+X2_M3_r1,chocolate_croissant,358,0.978963
FKIT,Y+X2_M3_r1,chocolate_croissant,359,0.981519
FKIT,Y+X2_M3_r1,chocolate_croissant,360,0.981424
FKIT,Y+X2_M3_r1,chocolate_croissant,361,0.980780
FKIT,Y+X2_M3_r1,chocolate_croissant,362,0.979504
FKIT,Y+X2_M3_r1,chocolate_croissant,363,0.979527
FKIT,Y+X2_M3_r1,chocolate_croissant,364,0.977101
FKIT,Y+X2_M3_r1,chocolate_croissant,365,0.979695
FKIT,Y+X2_M3_r1,chocolate_croissant,366,0.980609
FKIT,Y+X2_M3_r1,chocolate_croissant,367,0.977149
FKIT,Y+X2_M3_r1,chocolate_croissant,368,0.980627
FKIT,Y+X2_M3_r1,chocolate_croissant,369,0.979483
FKIT,Y+X2_M3_r1,chocolate_croissant,370,0.980540
FKIT,Y+X2_M3_r1,chocolate_croissant,371,0.979103
FKIT,Y+X2_M3_r1,chocolate_croissant,372,0.977220
FKIT,Y+X2_M3_r1,chocolate_croissant,373,0.979985
FKIT,Y+X2_M3_r1,chocolate_croissant,374,0.980565
FKIT,Y+X2_M3_r1,chocolate_croissant,375,0.979835
FKIT,Y+X2_M3_r1,chocolate_croissant,376,0.981024
FKIT,Y+X2_M3_r1,chocolate_croissant,377,0.978725
FKIT,Y+X2_M3_r1,chocolate_croissant,378,0.980308
FKIT,Y+X2_M3_r1,chocolate_croissant,379,0.978488
FKIT,Y+X2_M3_r1,chocolate_croissant,380,0.976827
FKIT,Y+X2_M3_r1,chocolate_croissant,381,0.974916
FKIT,Y+X2_M3_r1,chocolate_croissant,382,0.976123
FKIT,Y+X2_M3_r1,chocolate_croissant,383,0.980808
FKIT,Y+X2_M3_r1,chocolate_croissant,384,0.976200
FKIT,Y+X2_M3_r1,chocolate_croissant,385,0.978946
FKIT,Y+X2_M3_r1,chocolate_croissant,386,0.979257
FKIT,Y+X2_M3_r1,chocolate_croissant,387,0.978423
FKIT,Y+X2_M3_r1,chocolate_croissant,388,0.977166
FKIT,Y+X2_M3_r1,chocolate_croissant,389,0.975082
FKIT,Y+X2_M3_r1,chocolate_croissant,390,0.977410
FKIT,Y+X2_M3_r1,chocolate_croissant,391,0.977472
FKIT,Y+X2_M3_r1,chocolate_croissant,392,0.979216
FKIT,Y+X2_M3_r1,chocolate_croissant,393,0.978011
FKIT,Y+X2_M3_r1,chocolate_croissant,394,0.979687
FKIT,Y+X2_M3_r1,chocolate_croissant,395,0.978265
FKIT,Y+X2_M3_r1,chocolate_croissant,396,0.978129
FKIT,Y+X2_M3_r1,chocolate_croissant,397,0.976578
FKIT,Y+X2_M3_r1,chocolate_croissant,398,0.977527
FKIT,Y+X2_M3_r1,chocolate_croissant,399,0.977505
FKIT,Y+X2_M3_r1,chocolate_croissant,400,0.977054
FKIT,Y+X2_M3_r1,chocolate_croissant,401,0.978967
FKIT,Y+X2_M3_r1,chocolate_croissant,402,0.983214
FKIT,Y+X2_M3_r1,chocolate_croissant,403,0.982032
FKIT,Y+X2_M3_r1,chocolate_croissant,404,0.975578
FKIT,Y+X2_M3_r1,chocolate_croissant,405,0.978571
FKIT,Y+X2_M3_r1,chocolate_croissant,406,0.977678
FKIT,Y+X2_M3_r1,chocolate_croissant,407,0.977289
FKIT,Y+X2_M3_r1,chocolate_croissant,408,0.980145
FKIT,Y+X2_M3_r1,chocolate_croissant,409,0.979077
FKIT,Y+X2_M3_r1,chocolate_croissant,410,0.979154
FKIT,Y+X2_M3_r1,chocolate_croissant,411,0.979924
FKIT,Y+X2_M3_r1,chocolate_croissant,412,0.979156
FKIT,Y+X2_M3_r1,chocolate_croissant,413,0.983127
FKIT,Y+X2_M3_r1,chocolate_croissant,414,0.983234
FKIT,Y+X2_M3_r1,chocolate_croissant,415,0.980429
FKIT,Y+X2_M3_r1,chocolate_croissant,416,0.978064
FKIT,Y+X2_M3_r1,chocolate_croissant,417,0.980321
FKIT,Y+X2_M3_r1,chocolate_croissant,418,0.976060
FKIT,Y+X2_M3_r1,chocolate_croissant,419,0.969276
FKIT,Y+X2_M3_r1,chocolate_croissant,420,0.931463
FKIT,Y+X2_M3_r1,chocolate_croissant,421,0.889535
FKIT,Y+X2_M3_r1,chocolate_croissant,422,0.887989
FKIT,Y+X2_M3_r1,chocolate_croissant,423,0.888186
FKIT,Y+X2_M3_r1,chocolate_croissant,424,0.877885
FKIT,Y+X2_M3_r1,chocolate_croissant,425,0.878257
FKIT,Y+X2_M3_r1,chocolate_croissant,426,0.878165
FKIT,Y+X2_M3_r1,chocolate_croissant,427,0.880403
FKIT,Y+X2_M3_r1,chocolate_croissant,428,0.876885
FKIT,Y+X2_M3_r1,chocolate_croissant,429,0.870556
FKIT,Y+X2_M3_r1,chocolate_croissant,430,0.872907
FKIT,Y+X2_M3_r1,chocolate_croissant,431,0.866416
FKIT,Y+X2_M3_r1,chocolate_croissant,432,0.873132
FKIT,Y+X2_M3_r1,chocolate_croissant,433,0.872221
FKIT,Y+X2_M3_r1,chocolate_croissant,434,0.868185
FKIT,Y+X2_M3_r1,chocolate_croissant,435,0.858137
FKIT,Y+X2_M3_r1,chocolate_croissant,436,0.836644
FKIT,Y+X2_M3_r1,chocolate_croissant,437,0.850193
FKIT,Y+X2_M3_r1,chocolate_croissant,438,0.860033
FKIT,Y+X2_M3_r1,chocolate_croissant,439,0.861356
FKIT,Y+X2_M3_r1,chocolate_croissant,440,0.850359
FKIT,Y+X2_M3_r1,chocolate_croissant,441,0.855891
FKIT,Y+X2_M3_r1,chocolate_croissant,442,0.855750
FKIT,Y+X2_M3_r1,chocolate_croissant,443,0.851245
FKIT,Y+X2_M3_r1,chocolate_croissant,444,0.849098
FKIT,Y+X2_M3_r1,chocolate_croissant,445,0.820448
FKIT,Y+X2_M3_r1,chocolate_croissant,446,0.820051
FKIT,Y+X2_M3_r1,chocolate_croissant,447,0.801043
FKIT,Y+X2_M3_r1,chocolate_croissant,448,0.785017
FKIT,Y+X2_M3_r1,chocolate_croissant,449,0.779244
FKIT,Y+X2_M3_r1,chocolate_croissant,450,0.835561
FKIT,Y+X2_M3_r1,chocolate_croissant,451,0.816163
FKIT,Y+X2_M3_r1,chocolate_croissant,452,0.775998
FKIT,Y+X2_M3_r1,chocolate_croissant,453,0.778700
FKIT,Y+X2_M3_r1,chocolate_croissant,454,0.797097
FKIT,Y+X2_M3_r1,chocolate_croissant,455,0.766540
FKIT,Y+X2_M3_r1,chocolate_croissant,456,0.800886
FKIT,Y+X2_M3_r1,chocolate_croissant,457,0.813867
FKIT,Y+X2_M3_r1,chocolate_croissant,458,0.813280
FKIT,Y+X2_M3_r1,chocolate_croissant,459,0.810653
FKIT,Y+X2_M3_r1,chocolate_croissant,460,0.799361
FKIT,Y+X2_M3_r1,chocolate_croissant,461,0.771001
FKIT,Y+X2_M3_r1,chocolate_croissant,462,0.767078
FKIT,Y+X2_M3_r1,chocolate_croissant,463,0.771805
FKIT,Y+X2_M3_r1,chocolate_croissant,464,0.759988
FKIT,Y+X2_M3_r1,chocolate_croissant,465,0.784658
FKIT,Y+X2_M3_r1,chocolate_croissant,466,0.762417
FKIT,Y+X2_M3_r1,chocolate_croissant,467,0.768900
FKIT,Y+X2_M3_r1,chocolate_croissant,468,0.778417
FKIT,Y+X2_M3_r1,chocolate_croissant,469,0.778556
FKIT,Y+X2_M3_r1,chocolate_croissant,470,0.778639
FKIT,Y+X2_M3_r1,chocolate_croissant,471,0.779723
FKIT,Y+X2_M3_r1,chocolate_croissant,472,0.777797
FKIT,Y+X2_M3_r1,chocolate_croissant,473,0.770480
FKIT,Y+X2_M3_r1,chocolate_croissant,474,0.778373
FKIT,Y+X2_M3_r1,chocolate_croissant,475,0.776062
FKIT,Y+X2_M3_r1,chocolate_croissant,476,0.774514
FKIT,Y+X2_M3_r1,chocolate_croissant,477,0.774864
FKIT,Y+X2_M3_r1,chocolate_croissant,478,0.777613
FKIT,Y+X2_M3_r1,chocolate_croissant,479,0.771807
FKIT,Y+X2_M3_r1,chocolate_croissant,480,0.768391
FKIT,Y+X2_M3_r1,chocolate_croissant,481,0.770688
FKIT,Y+X2_M3_r1,chocolate_croissant,482,0.761108
FKIT,Y+X2_M3_r1,chocolate_croissant,483,0.772534
FKIT,Y+X2_M3_r1,chocolate_croissant,484,0.773060
FKIT,Y+X2_M3_r1,chocolate_croissant,485,0.770727
FKIT,Y+X2_M3_r1,chocolate_croissant,486,0.772945
FKIT,Y+X2_M3_r1,chocolate_croissant,487,0.770530
FKIT,Y+X2_M3_r1,chocolate_croissant,488,0.772122
FKIT,Y+X2_M3_r1,chocolate_croissant,489,0.764269
FKIT,Y+X2_M3_r1,chocolate_croissant,490,0.767493
FKIT,Y+X2_M3_r1,chocolate_croissant,491,0.766335
FKIT,Y+X2_M3_r1,chocolate_croissant,492,0.764509
FKIT,Y+X2_M3_r1,chocolate_croissant,493,0.766133
FKIT,Y+X2_M3_r1,chocolate_croissant,494,0.763859
FKIT,Y+X2_M3_r1,chocolate_croissant,495,0.759936
FKIT,Y+X2_M3_r1,chocolate_croissant,496,0.761631
FKIT,Y+X2_M3_r1,chocolate_croissant,497,0.755569
FKIT,Y+X2_M3_r1,chocolate_croissant,498,0.754589
FKIT,Y+X2_M3_r1,chocolate_croissant,499,0.752942
FKIT,Y+X2_M3_r1,chocolate_croissant,500,0.751235
FKIT,Y+X2_M3_r1,chocolate_croissant,501,0.747679
FKIT,Y+X2_M3_r1,chocolate_croissant,502,0.744331
FKIT,Y+X2_M3_r1,chocolate_croissant,503,0.740555
FKIT,Y+X2_M3_r1,chocolate_croissant,504,0.740180
FKIT,Y+X2_M3_r1,chocolate_croissant,505,0.737643
FKIT,Y+X2_M3_r1,chocolate_croissant,506,0.739092
FKIT,Y+X2_M3_r1,chocolate_croissant,507,0.736444
FKIT,Y+X2_M3_r1,chocolate_croissant,508,0.731476
FKIT,Y+X2_M3_r1,chocolate_croissant,509,0.731653
FKIT,Y+X2_M3_r1,chocolate_croissant,510,0.733194
FKIT,Y+X2_M3_r1,chocolate_croissant,511,0.732477
FKIT,Y+X2_M3_r1,chocolate_croissant,512,0.728969
FKIT,Y+X2_M3_r1,chocolate_croissant,513,0.726377
FKIT,Y+X2_M3_r1,chocolate_croissant,514,0.720107
FKIT,Y+X2_M3_r1,chocolate_croissant,515,0.723277
FKIT,Y+X2_M3_r1,chocolate_croissant,516,0.721584
FKIT,Y+X2_M3_r1,chocolate_croissant,517,0.718385
FKIT,Y+X2_M3_r1,chocolate_croissant,518,0.718859
FKIT,Y+X2_M3_r1,chocolate_croissant,519,0.718522
FKIT,Y+X2_M3_r1,chocolate_croissant,520,0.719875
FKIT,Y+X2_M3_r1,chocolate_croissant,521,0.718328
FKIT,Y+X2_M3_r1,chocolate_croissant,522,0.716387
FKIT,Y+X2_M3_r1,chocolate_croissant,523,0.716843
FKIT,Y+X2_M3_r1,chocolate_croissant,524,0.710799
FKIT,Y+X2_M3_r1,chocolate_croissant,525,0.716345
FKIT,Y+X2_M3_r1,chocolate_croissant,526,0.716101
FKIT,Y+X2_M3_r1,chocolate_croissant,527,0.713804
FKIT,Y+X2_M3_r1,chocolate_croissant,528,0.717899
FKIT,Y+X2_M3_r1,chocolate_croissant,529,0.713699
FKIT,Y+X2_M3_r1,chocolate_croissant,530,0.716813
FKIT,Y+X2_M3_r1,chocolate_croissant,531,0.715927
FKIT,Y+X2_M3_r1,chocolate_croissant,532,0.717256
FKIT,Y+X2_M3_r1,chocolate_croissant,533,0.717006
FKIT,Y+X2_M3_r1,chocolate_croissant,534,0.719478
FKIT,Y+X2_M3_r1,chocolate_croissant,535,0.714161
FKIT,Y+X2_M3_r1,chocolate_croissant,536,0.716134
FKIT,Y+X2_M3_r1,chocolate_croissant,537,0.712248
FKIT,Y+X2_M3_r1,chocolate_croissant,538,0.712728
FKIT,Y+X2_M3_r1,chocolate_croissant,539,0.708005
FKIT,Y+X2_M3_r1,chocolate_croissant,540,0.709687
FKIT,Y+X2_M3_r1,chocolate_croissant,541,0.704606
FKIT,Y+X2_M3_r1,chocolate_croissant,542,0.703376
FKIT,Y+X2_M3_r1,chocolate_croissant,543,0.697839
FKIT,Y+X2_M3_r1,chocolate_croissant,544,0.693608
FKIT,Y+X2_M3_r1,chocolate_croissant,545,0.701861
FKIT,Y+X2_M3_r1,chocolate_croissant,546,0.727147
FKIT,Y+X2_M3_r1,chocolate_croissant,547,0.696350
FKIT,Y+X2_M3_r1,chocolate_croissant,548,0.734696
FKIT,Y+X2_M3_r1,chocolate_croissant,549,0.718874
FKIT,Y+X2_M3_r1,chocolate_croissant,550,0.736743
FKIT,Y+X2_M3_r1,chocolate_croissant,551,0.708894
FKIT,Y+X2_M3_r1,chocolate_croissant,552,0.713617
FKIT,Y+X2_M3_r1,chocolate_croissant,553,0.699844
FKIT,Y+X2_M3_r1,chocolate_croissant,554,0.720872
FKIT,Y+X2_M3_r1,chocolate_croissant,555,0.753110
FKIT,Y+X2_M3_r1,chocolate_croissant,556,0.734195
FKIT,Y+X2_M3_r1,chocolate_croissant,557,0.742513
FKIT,Y+X2_M3_r1,chocolate_croissant,558,0.731440
FKIT,Y+X2_M3_r1,chocolate_croissant,559,0.748162
FKIT,Y+X2_M3_r1,chocolate_croissant,560,0.744511
FKIT,Y+X2_M3_r1,chocolate_croissant,561,0.747815
FKIT,Y+X2_M3_r1,chocolate_croissant,562,0.799727
FKIT,Y+X2_M3_r1,chocolate_croissant,563,0.791892
FKIT,Y+X2_M3_r1,chocolate_croissant,564,0.922754
FKIT,Y+X2_M3_r1,chocolate_croissant,565,0.929182
FKIT,Y+X2_M3_r1,chocolate_croissant,566,0.897628
FKIT,Y+X2_M3_r1,chocolate_croissant,567,0.897567
FKIT,Y+X2_M3_r1,chocolate_croissant,568,0.915474
FKIT,Y+X2_M3_r1,chocolate_croissant,569,0.945976
FKIT,Y+X2_M3_r1,chocolate_croissant,570,0.937740
FKIT,Y+X2_M3_r1,chocolate_croissant,571,0.925949
FKIT,Y+X2_M3_r1,chocolate_croissant,572,0.965636
FKIT,Y+X2_M3_r1,chocolate_croissant,573,0.956462
FKIT,Y+X2_M3_r1,chocolate_croissant,574,0.980928
FKIT,Y+X2_M3_r1,chocolate_croissant,575,0.981059
FKIT,Y+X2_M3_r1,chocolate_croissant,576,0.983289
FKIT,Y+X2_M3_r1,chocolate_croissant,577,0.982488
FKIT,Y+X2_M3_r1,chocolate_croissant,578,0.972452
FKIT,Y+X2_M3_r1,chocolate_croissant,579,0.979425
FKIT,Y+X2_M3_r1,chocolate_croissant,580,0.981896
FKIT,Y+X2_M3_r1,chocolate_croissant,581,0.985016
FKIT,Y+X2_M3_r1,chocolate_croissant,582,0.985864
FKIT,Y+X2_M3_r1,chocolate_croissant,583,0.985530
FKIT,Y+X2_M3_r1,chocolate_croissant,584,0.988222
FKIT,Y+X2_M3_r1,chocolate_croissant,585,0.987256
FKIT,Y+X2_M3_r1,chocolate_croissant,586,0.987646
FKIT,Y+X2_M3_r1,chocolate_croissant,587,0.988462
FKIT,Y+X2_M3_r1,chocolate_croissant,588,0.986975
FKIT,Y+X2_M3_r1,chocolate_croissant,589,0.986967
FKIT,Y+X2_M3_r1,chocolate_croissant,590,0.987844
FKIT,Y+X2_M3_r1,chocolate_croissant,591,0.986837
FKIT,Y+X2_M3_r1,chocolate_croissant,592,0.987366
FKIT,Y+X2_M3_r1,chocolate_croissant,593,0.986281
FKIT,Y+X2_M3_r1,chocolate_croissant,594,0.988357
FKIT,Y+X2_M3_r1,chocolate_croissant,595,0.987836
FKIT,Y+X2_M3_r1,chocolate_croissant,596,0.987928
FKIT,Y+X2_M3_r1,chocolate_croissant,597,0.989030
FKIT,Y+X2_M3_r1,chocolate_croissant,598,0.988954
FKIT,Y+X2_M3_r1,chocolate_croissant,599,0.986051
FKIT,Y+X2_M3_r1,chocolate_croissant,600,0.986867
FKIT,Y+X2_M3_r1,chocolate_croissant,601,0.987998
FKIT,Y+X2_M3_r1,chocolate_croissant,602,0.988030
FKIT,Y+X2_M3_r1,chocolate_croissant,603,0.988401
FKIT,Y+X2_M3_r1,chocolate_croissant,604,0.988997
FKIT,Y+X2_M3_r1,chocolate_croissant,605,0.987290
FKIT,Y+X2_M3_r1,chocolate_croissant,606,0.989248
FKIT,Y+X2_M3_r1,chocolate_croissant,607,0.989191
FKIT,Y+X2_M3_r1,chocolate_croissant,608,0.990103
FKIT,Y+X2_M3_r1,chocolate_croissant,609,0.987749
FKIT,Y+X2_M3_r1,chocolate_croissant,610,0.988991
FKIT,Y+X2_M3_r1,chocolate_croissant,611,0.988948
FKIT,Y+X2_M3_r1,chocolate_croissant,612,0.988616
FKIT,Y+X2_M3_r1,chocolate_croissant,613,0.988836
FKIT,Y+X2_M3_r1,chocolate_croissant,614,0.989534
FKIT,Y+X2_M3_r1,chocolate_croissant,615,0.988951
FKIT,Y+X2_M3_r1,chocolate_croissant,616,0.989723
FKIT,Y+X2_M3_r1,chocolate_croissant,617,0.989597
FKIT,Y+X2_M3_r1,chocolate_croissant,618,0.990672
FKIT,Y+X2_M3_r1,chocolate_croissant,619,0.990614
FKIT,Y+X2_M3_r1,chocolate_croissant,620,0.990738
FKIT,Y+X2_M3_r1,chocolate_croissant,621,0.989391
FKIT,Y+X2_M3_r1,chocolate_croissant,622,0.990820
FKIT,Y+X2_M3_r1,chocolate_croissant,623,0.988003
FKIT,Y+X2_M3_r1,chocolate_croissant,624,0.991115
FKIT,Y+X2_M3_r1,chocolate_croissant,625,0.989717
FKIT,Y+X2_M3_r1,chocolate_croissant,626,0.990758
FKIT,Y+X2_M3_r1,chocolate_croissant,627,0.989900
FKIT,Y+X2_M3_r1,chocolate_croissant,628,0.990336
FKIT,Y+X2_M3_r1,chocolate_croissant,629,0.988591
FKIT,Y+X2_M3_r1,chocolate_croissant,630,0.988170
FKIT,Y+X2_M3_r1,chocolate_croissant,631,0.989257
FKIT,Y+X2_M3_r1,chocolate_croissant,632,0.988785
FKIT,Y+X2_M3_r1,chocolate_croissant,633,0.987638
FKIT,Y+X2_M3_r1,chocolate_croissant,634,0.990044
FKIT,Y+X2_M3_r1,chocolate_croissant,635,0.988601
FKIT,Y+X2_M3_r1,chocolate_croissant,636,0.988710
FKIT,Y+X2_M3_r1,chocolate_croissant,637,0.989236
FKIT,Y+X2_M3_r1,chocolate_croissant,638,0.987809
FKIT,Y+X2_M3_r1,chocolate_croissant,639,0.986752
FKIT,Y+X2_M3_r1,chocolate_croissant,640,0.987239
FKIT,Y+X2_M3_r1,chocolate_croissant,641,0.987018
FKIT,Y+X2_M3_r1,chocolate_croissant,642,0.988124
FKIT,Y+X2_M3_r1,chocolate_croissant,643,0.988546
FKIT,Y+X2_M3_r1,chocolate_croissant,644,0.989419
FKIT,Y+X2_M3_r1,chocolate_croissant,645,0.989260
FKIT,Y+X2_M3_r1,chocolate_croissant,646,0.990220
FKIT,Y+X2_M3_r1,chocolate_croissant,647,0.990089
FKIT,Y+X2_M3_r1,chocolate_croissant,648,0.987182
FKIT,Y+X2_M3_r1,chocolate_croissant,649,0.989836
FKIT,Y+X2_M3_r1,chocolate_croissant,650,0.989844
FKIT,Y+X2_M3_r1,chocolate_croissant,651,0.987605
FKIT,Y+X2_M3_r1,chocolate_croissant,652,0.986505
FKIT,Y+X2_M3_r1,chocolate_croissant,653,0.987981
FKIT,Y+X2_M3_r1,chocolate_croissant,654,0.987262
FKIT,Y+X2_M3_r1,chocolate_croissant,655,0.989910
FKIT,Y+X2_M3_r1,chocolate_croissant,656,0.986151
FKIT,Y+X2_M3_r1,chocolate_croissant,657,0.985956
FKIT,Y+X2_M3_r1,chocolate_croissant,658,0.987953
FKIT,Y+X2_M3_r1,chocolate_croissant,659,0.986598
FKIT,Y+X2_M3_r1,chocolate_croissant,660,0.985439
FKIT,Y+X2_M3_r1,chocolate_croissant,661,0.985683
FKIT,Y+X2_M3_r1,chocolate_croissant,662,0.984959
FKIT,Y+X2_M3_r1,chocolate_croissant,663,0.985929
FKIT,Y+X2_M3_r1,chocolate_croissant,664,0.984513
FKIT,Y+X2_M3_r1,chocolate_croissant,665,0.984716
FKIT,Y+X2_M3_r1,chocolate_croissant,666,0.984254
FKIT,Y+X2_M3_r1,chocolate_croissant,667,0.983877
FKIT,Y+X2_M3_r1,chocolate_croissant,668,0.981483
FKIT,Y+X2_M3_r1,chocolate_croissant,669,0.983186
FKIT,Y+X2_M3_r1,chocolate_croissant,670,0.984521
FKIT,Y+X2_M3_r1,chocolate_croissant,671,0.985241
FKIT,Y+X2_M3_r1,chocolate_croissant,672,0.986101
FKIT,Y+X2_M3_r1,chocolate_croissant,673,0.984057
FKIT,Y+X2_M3_r1,chocolate_croissant,674,0.986069
FKIT,Y+X2_M3_r1,chocolate_croissant,675,0.984821
FKIT,Y+X2_M3_r1,chocolate_croissant,676,0.985021
FKIT,Y+X2_M3_r1,chocolate_croissant,677,0.985192
FKIT,Y+X2_M3_r1,chocolate_croissant,678,0.984647
FKIT,Y+X2_M3_r1,chocolate_croissant,679,0.985537
FKIT,Y+X2_M3_r1,chocolate_croissant,680,0.983556
FKIT,Y+X2_M3_r1,chocolate_croissant,681,0.983436
FKIT,Y+X2_M3_r1,chocolate_croissant,682,0.983831
FKIT,Y+X2_M3_r1,chocolate_croissant,683,0.983382
FKIT,Y+X2_M3_r1,chocolate_croissant,684,0.984000
FKIT,Y+X2_M3_r1,chocolate_croissant,685,0.979603
FKIT,Y+X2_M3_r1,chocolate_croissant,686,0.982900
FKIT,Y+X2_M3_r1,chocolate_croissant,687,0.981672
FKIT,Y+X2_M3_r1,chocolate_croissant,688,0.981050
FKIT,Y+X2_M3_r1,chocolate_croissant,689,0.978847
FKIT,Y+X2_M3_r1,chocolate_croissant,690,0.977919
FKIT,Y+X2_M3_r1,chocolate_croissant,691,0.977941
FKIT,Y+X2_M3_r1,chocolate_croissant,692,0.979293
FKIT,Y+X2_M3_r1,chocolate_croissant,693,0.977131
FKIT,Y+X2_M3_r1,chocolate_croissant,694,0.981337
FKIT,Y+X2_M3_r1,chocolate_croissant,695,0.980142
FKIT,Y+X2_M3_r1,chocolate_croissant,696,0.979047
FKIT,Y+X2_M3_r1,chocolate_croissant,697,0.980181
FKIT,Y+X2_M3_r1,chocolate_croissant,698,0.978791
FKIT,Y+X2_M3_r1,chocolate_croissant,699,0.978692
FKIT,Y+X2_M3_r1,chocolate_croissant,700,0.982617
FKIT,Y+X2_M3_r1,chocolate_croissant,701,0.981318
FKIT,Y+X2_M3_r1,chocolate_croissant,702,0.980684
FKIT,Y+X2_M3_r1,chocolate_croissant,703,0.980528
FKIT,Y+X2_M3_r1,chocolate_croissant,704,0.982470
FKIT,Y+X2_M3_r1,chocolate_croissant,705,0.980287
FKIT,Y+X2_M3_r1,chocolate_croissant,706,0.979621
FKIT,Y+X2_M3_r1,chocolate_croissant,707,0.981772
FKIT,Y+X2_M3_r1,chocolate_croissant,708,0.977989
FKIT,Y+X2_M3_r1,chocolate_croissant,709,0.983768
FKIT,Y+X2_M3_r1,chocolate_croissant,710,0.982782
FKIT,Y+X2_M3_r1,chocolate_croissant,711,0.982032
FKIT,Y+X2_M3_r1,chocolate_croissant,712,0.983682
FKIT,Y+X2_M3_r1,chocolate_croissant,713,0.982404
FKIT,Y+X2_M3_r1,chocolate_croissant,714,0.984127
FKIT,Y+X2_M3_r1,chocolate_croissant,715,0.982209
FKIT,Y+X2_M3_r1,chocolate_croissant,716,0.983223
FKIT,Y+X2_M3_r1,chocolate_croissant,717,0.982675
FKIT,Y+X2_M3_r1,chocolate_croissant,718,0.982156
FKIT,Y+X2_M3_r1,chocolate_croissant,719,0.983188
FKIT,Y+X2_M3_r1,chocolate_croissant,720,0.982655
FKIT,Y+X2_M3_r1,chocolate_croissant,721,0.980681
FKIT,Y+X2_M3_r1,chocolate_croissant,722,0.981946
FKIT,Y+X2_M3_r1,chocolate_croissant,723,0.980815
FKIT,Y+X2_M3_r1,chocolate_croissant,724,0.983036
FKIT,Y+X2_M3_r1,chocolate_croissant,725,0.984355
FKIT,Y+X2_M3_r1,chocolate_croissant,726,0.980781
FKIT,Y+X2_M3_r1,chocolate_croissant,727,0.982834
FKIT,Y+X2_M3_r1,chocolate_croissant,728,0.983145
FKIT,Y+X2_M3_r1,chocolate_croissant,729,0.982630
FKIT,Y+X2_M3_r1,chocolate_croissant,730,0.984404
FKIT,Y+X2_M3_r1,chocolate_croissant,731,0.980937
FKIT,Y+X2_M3_r1,chocolate_croissant,732,0.980015
FKIT,Y+X2_M3_r1,chocolate_croissant,733,0.979964
FKIT,Y+X2_M3_r1,chocolate_croissant,734,0.983550
FKIT,Y+X2_M3_r1,chocolate_croissant,735,0.976937
FKIT,Y+X2_M3_r1,chocolate_croissant,736,0.982852
FKIT,Y+X2_M3_r1,chocolate_croissant,737,0.982621
FKIT,Y+X2_M3_r1,chocolate_croissant,738,0.982769
FKIT,Y+X2_M3_r1,chocolate_croissant,739,0.982399
FKIT,Y+X2_M3_r1,chocolate_croissant,740,0.981623
FKIT,Y+X2_M3_r1,chocolate_croissant,741,0.981414
FKIT,Y+X2_M3_r1,chocolate_croissant,742,0.978719
FKIT,Y+X2_M3_r1,chocolate_croissant,743,0.975245
FKIT,Y+X2_M3_r1,chocolate_croissant,744,0.981444
FKIT,Y+X2_M3_r1,chocolate_croissant,745,0.980531
FKIT,Y+X2_M3_r1,chocolate_croissant,746,0.982099
FKIT,Y+X2_M3_r1,chocolate_croissant,747,0.981195
FKIT,Y+X2_M3_r1,chocolate_croissant,748,0.980954
FKIT,Y+X2_M3_r1,chocolate_croissant,749,0.976584
FKIT,Y+X2_M3_r1,chocolate_croissant,750,0.980182
FKIT,Y+X2_M3_r1,chocolate_croissant,751,0.979962
FKIT,Y+X2_M3_r1,chocolate_croissant,752,0.980060
FKIT,Y+X2_M3_r1,chocolate_croissant,753,0.980659
FKIT,Y+X2_M3_r1,chocolate_croissant,754,0.978666
FKIT,Y+X2_M3_r1,chocolate_croissant,755,0.981686
FKIT,Y+X2_M3_r1,chocolate_croissant,756,0.978792
FKIT,Y+X2_M3_r1,chocolate_croissant,757,0.976808
FKIT,Y+X2_M3_r1,chocolate_croissant,758,0.978408
FKIT,Y+X2_M3_r1,chocolate_croissant,759,0.980851
FKIT,Y+X2_M3_r1,chocolate_croissant,760,0.982014
FKIT,Y+X2_M3_r1,chocolate_croissant,761,0.980794
FKIT,Y+X2_M3_r1,chocolate_croissant,762,0.979656
FKIT,Y+X2_M3_r1,chocolate_croissant,763,0.981053
FKIT,Y+X2_M3_r1,chocolate_croissant,764,0.981949
FKIT,Y+X2_M3_r1,chocolate_croissant,765,0.979155
FKIT,Y+X2_M3_r1,chocolate_croissant,766,0.978987
FKIT,Y+X2_M3_r1,chocolate_croissant,767,0.979878
FKIT,Y+X2_M3_r1,chocolate_croissant,768,0.980781
FKIT,Y+X2_M3_r1,chocolate_croissant,769,0.981623
FKIT,Y+X2_M3_r1,chocolate_croissant,770,0.977655
FKIT,Y+X2_M3_r1,chocolate_croissant,771,0.980490
FKIT,Y+X2_M3_r1,chocolate_croissant,772,0.980591
FKIT,Y+X2_M3_r1,chocolate_croissant,773,0.982783
FKIT,Y+X2_M3_r1,chocolate_croissant,774,0.980974
FKIT,Y+X2_M3_r1,chocolate_croissant,775,0.983319
FKIT,Y+X2_M3_r1,chocolate_croissant,776,0.981589
FKIT,Y+X2_M3_r1,chocolate_croissant,777,0.983262
FKIT,Y+X2_M3_r1,chocolate_croissant,778,0.979286
FKIT,Y+X2_M3_r1,chocolate_croissant,779,0.980966
FKIT,Y+X2_M3_r1,chocolate_croissant,780,0.980757
FKIT,Y+X2_M3_r1,chocolate_croissant,781,0.980682
FKIT,Y+X2_M3_r1,chocolate_croissant,782,0.981556
FKIT,Y+X2_M3_r1,chocolate_croissant,783,0.978813
FKIT,Y+X2_M3_r1,chocolate_croissant,784,0.978856
FKIT,Y+X2_M3_r1,chocolate_croissant,785,0.982663
FKIT,Y+X2_M3_r1,chocolate_croissant,786,0.977408
FKIT,Y+X2_M3_r1,chocolate_croissant,787,0.978470
FKIT,Y+X2_M3_r1,chocolate_croissant,788,0.980926
FKIT,Y+X2_M3_r1,chocolate_croissant,789,0.979461
FKIT,Y+X2_M3_r1,chocolate_croissant,790,0.978940
FKIT,Y+X2_M3_r1,chocolate_croissant,791,0.974366
FKIT,Y+X2_M3_r1,chocolate_croissant,792,0.974282
FKIT,Y+X2_M3_r1,chocolate_croissant,793,0.961616
FKIT,Y+X2_M3_r1,chocolate_croissant,794,0.979057
FKIT,Y+X2_M3_r1,chocolate_croissant,795,0.975435
FKIT,Y+X2_M3_r1,chocolate_croissant,796,0.975998
FKIT,Y+X2_M3_r1,chocolate_croissant,797,0.964029
FKIT,Y+X2_M3_r1,chocolate_croissant,798,0.950882
FKIT,Y+X2_M3_r1,chocolate_croissant,799,0.973789
FKIT,Y+X2_M3_r1,chocolate_croissant,800,0.956497
FKIT,Y+X2_M3_r1,chocolate_croissant,801,0.960869
FKIT,Y+X2_M3_r1,chocolate_croissant,802,0.956997
FKIT,Y+X2_M3_r1,chocolate_croissant,803,0.965473
FKIT,Y+X2_M3_r1,chocolate_croissant,804,0.974318
FKIT,Y+X2_M3_r1,chocolate_croissant,805,0.938304
FKIT,Y+X2_M3_r1,chocolate_croissant,806,0.945143
FKIT,Y+X2_M3_r1,chocolate_croissant,807,0.954678
FKIT,Y+X2_M3_r1,chocolate_croissant,808,0.959919
FKIT,Y+X2_M3_r1,chocolate_croissant,809,0.888221
FKIT,Y+X2_M3_r1,chocolate_croissant,810,0.832779
FKIT,Y+X2_M3_r1,chocolate_croissant,811,0.887088
FKIT,Y+X2_M3_r1,chocolate_croissant,812,0.898556
FKIT,Y+X2_M3_r1,chocolate_croissant,813,0.849094
FKIT,Y+X2_M3_r1,chocolate_croissant,814,0.810263
FKIT,Y+X2_M3_r1,chocolate_croissant,815,0.802568
FKIT,Y+X2_M3_r1,chocolate_croissant,816,0.789441
FKIT,Y+X2_M3_r1,chocolate_croissant,817,0.808409
FKIT,Y+X2_M3_r1,chocolate_croissant,818,0.804343
FKIT,Y+X2_M3_r1,chocolate_croissant,819,0.804636
FKIT,Y+X2_M3_r1,chocolate_croissant,820,0.774734
FKIT,Y+X2_M3_r1,chocolate_croissant,821,0.761159
FKIT,Y+X2_M3_r1,chocolate_croissant,822,0.756041
FKIT,Y+X2_M3_r1,chocolate_croissant,823,0.748720
FKIT,Y+X2_M3_r1,chocolate_croissant,824,0.762527
FKIT,Y+X2_M3_r1,chocolate_croissant,825,0.759494
FKIT,Y+X2_M3_r1,chocolate_croissant,826,0.769623
FKIT,Y+X2_M3_r1,chocolate_croissant,827,0.749275
FKIT,Y+X2_M3_r1,chocolate_croissant,828,0.772950
FKIT,Y+X2_M3_r1,chocolate_croissant,829,0.749431
FKIT,Y+X2_M3_r1,chocolate_croissant,830,0.731156
FKIT,Y+X2_M3_r1,chocolate_croissant,831,0.753428
FKIT,Y+X2_M3_r1,chocolate_croissant,832,0.725594
FKIT,Y+X2_M3_r1,chocolate_croissant,833,0.761939
FKIT,Y+X2_M3_r1,chocolate_croissant,834,0.755196
FKIT,Y+X2_M3_r1,chocolate_croissant,835,0.761137
FKIT,Y+X2_M3_r1,chocolate_croissant,836,0.767426
FKIT,Y+X2_M3_r1,chocolate_croissant,837,0.769528
FKIT,Y+X2_M3_r1,chocolate_croissant,838,0.771194
FKIT,Y+X2_M3_r1,chocolate_croissant,839,0.760969
FKIT,Y+X2_M3_r1,chocolate_croissant,840,0.759121
FKIT,Y+X2_M3_r1,chocolate_croissant,841,0.756719
FKIT,Y+X2_M3_r1,chocolate_croissant,842,0.762341
FKIT,Y+X2_M3_r1,chocolate_croissant,843,0.765203
FKIT,Y+X2_M3_r1,chocolate_croissant,844,0.739849
FKIT,Y+X2_M3_r1,chocolate_croissant,845,0.741365
FKIT,Y+X2_M3_r1,chocolate_croissant,846,0.748964
FKIT,Y+X2_M3_r1,chocolate_croissant,847,0.747515
FKIT,Y+X2_M3_r1,chocolate_croissant,848,0.754008
FKIT,Y+X2_M3_r1,chocolate_croissant,849,0.753728
FKIT,Y+X2_M3_r1,chocolate_croissant,850,0.761894
FKIT,Y+X2_M3_r1,chocolate_croissant,851,0.760003
FKIT,Y+X2_M3_r1,chocolate_croissant,852,0.753474
FKIT,Y+X2_M3_r1,chocolate_croissant,853,0.755078
FKIT,Y+X2_M3_r1,chocolate_croissant,854,0.749181
FKIT,Y+X2_M3_r1,chocolate_croissant,855,0.749445
FKIT,Y+X2_M3_r1,chocolate_croissant,856,0.760183
FKIT,Y+X2_M3_r1,chocolate_croissant,857,0.752943
FKIT,Y+X2_M3_r1,chocolate_croissant,858,0.759695
FKIT,Y+X2_M3_r1,chocolate_croissant,859,0.766510
FKIT,Y+X2_M3_r1,chocolate_croissant,860,0.753380
FKIT,Y+X2_M3_r1,chocolate_croissant,861,0.758387
FKIT,Y+X2_M3_r1,chocolate_croissant,862,0.760934
FKIT,Y+X2_M3_r1,chocolate_croissant,863,0.758774
FKIT,Y+X2_M3_r1,chocolate_croissant,864,0.757633
FKIT,Y+X2_M3_r1,chocolate_croissant,865,0.756103
FKIT,Y+X2_M3_r1,chocolate_croissant,866,0.757237
FKIT,Y+X2_M3_r1,chocolate_croissant,867,0.757945
FKIT,Y+X2_M3_r1,chocolate_croissant,868,0.754748
FKIT,Y+X2_M3_r1,chocolate_croissant,869,0.743591
FKIT,Y+X2_M3_r1,chocolate_croissant,870,0.757391
FKIT,Y+X2_M3_r1,chocolate_croissant,871,0.743118
FKIT,Y+X2_M3_r1,chocolate_croissant,872,0.744029
FKIT,Y+X2_M3_r1,chocolate_croissant,873,0.752677
FKIT,Y+X2_M3_r1,chocolate_croissant,874,0.750743
FKIT,Y+X2_M3_r1,chocolate_croissant,875,0.746699
FKIT,Y+X2_M3_r1,chocolate_croissant,876,0.749716
FKIT,Y+X2_M3_r1,chocolate_croissant,877,0.750572
FKIT,Y+X2_M3_r1,chocolate_croissant,878,0.745147
FKIT,Y+X2_M3_r1,chocolate_croissant,879,0.744790
FKIT,Y+X2_M3_r1,chocolate_croissant,880,0.741419
FKIT,Y+X2_M3_r1,chocolate_croissant,881,0.735568
FKIT,Y+X2_M3_r1,chocolate_croissant,882,0.735873
FKIT,Y+X2_M3_r1,chocolate_croissant,883,0.729820
FKIT,Y+X2_M3_r1,chocolate_croissant,884,0.724098
FKIT,Y+X2_M3_r1,chocolate_croissant,885,0.719451
FKIT,Y+X2_M3_r1,chocolate_croissant,886,0.719988
FKIT,Y+X2_M3_r1,chocolate_croissant,887,0.716547
FKIT,Y+X2_M3_r1,chocolate_croissant,888,0.713950
FKIT,Y+X2_M3_r1,chocolate_croissant,889,0.707762
FKIT,Y+X2_M3_r1,chocolate_croissant,890,0.708859
FKIT,Y+X2_M3_r1,chocolate_croissant,891,0.707154
FKIT,Y+X2_M3_r1,chocolate_croissant,892,0.707472
FKIT,Y+X2_M3_r1,chocolate_croissant,893,0.706504
FKIT,Y+X2_M3_r1,chocolate_croissant,894,0.703411
FKIT,Y+X2_M3_r1,chocolate_croissant,895,0.703670
FKIT,Y+X2_M3_r1,chocolate_croissant,896,0.703874
FKIT,Y+X2_M3_r1,chocolate_croissant,897,0.706230
FKIT,Y+X2_M3_r1,chocolate_croissant,898,0.707982
FKIT,Y+X2_M3_r1,chocolate_croissant,899,0.707995
FKIT,Y+X2_M3_r1,chocolate_croissant,900,0.708065
FKIT,Y+X2_M3_r1,chocolate_croissant,901,0.703657
FKIT,Y+X2_M3_r1,chocolate_croissant,902,0.709919
FKIT,Y+X2_M3_r1,chocolate_croissant,903,0.709559
FKIT,Y+X2_M3_r1,chocolate_croissant,904,0.710782
FKIT,Y+X2_M3_r1,chocolate_croissant,905,0.715386
FKIT,Y+X2_M3_r1,chocolate_croissant,906,0.724992
FKIT,Y+X2_M3_r1,chocolate_croissant,907,0.750959
FKIT,Y+X2_M3_r1,chocolate_croissant,908,0.780925
FKIT,Y+X2_M3_r1,chocolate_croissant,909,0.778538
FKIT,Y+X2_M3_r1,chocolate_croissant,910,0.755235
FKIT,Y+X2_M3_r1,chocolate_croissant,911,0.802952
FKIT,Y+X2_M3_r1,chocolate_croissant,912,0.777449
FKIT,Y+X2_M3_r1,chocolate_croissant,913,0.788668
FKIT,Y+X2_M3_r1,chocolate_croissant,914,0.874305
FKIT,Y+X2_M3_r1,chocolate_croissant,915,0.872096
FKIT,Y+X2_M3_r1,chocolate_croissant,916,0.913326
FKIT,Y+X2_M3_r1,chocolate_croissant,917,0.833757
FKIT,Y+X2_M3_r1,chocolate_croissant,918,0.882959
FKIT,Y+X2_M3_r1,chocolate_croissant,919,0.906880
FKIT,Y+X2_M3_r1,chocolate_croissant,920,0.909287
FKIT,Y+X2_M3_r1,chocolate_croissant,921,0.940788
FKIT,Y+X2_M3_r1,chocolate_croissant,922,0.936931
FKIT,Y+X2_M3_r1,chocolate_croissant,923,0.981716
FKIT,Y+X2_M3_r1,chocolate_croissant,924,0.985634
FKIT,Y+X2_M3_r1,chocolate_croissant,925,0.988153
FKIT,Y+X2_M3_r1,chocolate_croissant,926,0.978822
FKIT,Y+X2_M3_r1,chocolate_croissant,927,0.986793
FKIT,Y+X2_M3_r1,chocolate_croissant,928,0.962240
FKIT,Y+X2_M3_r1,chocolate_croissant,929,0.988593
FKIT,Y+X2_M3_r1,chocolate_croissant,930,0.986767
FKIT,Y+X2_M3_r1,chocolate_croissant,931,0.987833
FKIT,Y+X2_M3_r1,chocolate_croissant,932,0.987389
FKIT,Y+X2_M3_r1,chocolate_croissant,933,0.985915
FKIT,Y+X2_M3_r1,chocolate_croissant,934,0.986711
FKIT,Y+X2_M3_r1,chocolate_croissant,935,0.986115
FKIT,Y+X2_M3_r1,chocolate_croissant,936,0.988585
FKIT,Y+X2_M3_r1,chocolate_croissant,937,0.987729
FKIT,Y+X2_M3_r1,chocolate_croissant,938,0.988036
FKIT,Y+X2_M3_r1,chocolate_croissant,939,0.988372
FKIT,Y+X2_M3_r1,chocolate_croissant,940,0.988331
FKIT,Y+X2_M3_r1,chocolate_croissant,941,0.985847
FKIT,Y+X2_M3_r1,chocolate_croissant,942,0.986332
FKIT,Y+X2_M3_r1,chocolate_croissant,943,0.987447
FKIT,Y+X2_M3_r1,chocolate_croissant,944,0.988643
FKIT,Y+X2_M3_r1,chocolate_croissant,945,0.988239
FKIT,Y+X2_M3_r1,chocolate_croissant,946,0.987053
FKIT,Y+X2_M3_r1,chocolate_croissant,947,0.985718
FKIT,Y+X2_M3_r1,chocolate_croissant,948,0.983625
FKIT,Y+X2_M3_r1,chocolate_croissant,949,0.986708
FKIT,Y+X2_M3_r1,chocolate_croissant,950,0.986360
FKIT,Y+X2_M3_r1,chocolate_croissant,951,0.986766
FKIT,Y+X2_M3_r1,chocolate_croissant,952,0.988049
FKIT,Y+X2_M3_r1,chocolate_croissant,953,0.985371
FKIT,Y+X2_M3_r1,chocolate_croissant,954,0.987961
FKIT,Y+X2_M3_r1,chocolate_croissant,955,0.987729
FKIT,Y+X2_M3_r1,chocolate_croissant,956,0.988310
FKIT,Y+X2_M3_r1,chocolate_croissant,957,0.988681
FKIT,Y+X2_M3_r1,chocolate_croissant,958,0.989161
FKIT,Y+X2_M3_r1,chocolate_croissant,959,0.987633
FKIT,Y+X2_M3_r1,chocolate_croissant,960,0.986930
FKIT,Y+X2_M3_r1,chocolate_croissant,961,0.989182
FKIT,Y+X2_M3_r1,chocolate_croissant,962,0.988743
FKIT,Y+X2_M3_r1,chocolate_croissant,963,0.988314
FKIT,Y+X2_M3_r1,chocolate_croissant,964,0.989501
FKIT,Y+X2_M3_r1,chocolate_croissant,965,0.990619
FKIT,Y+X2_M3_r1,chocolate_croissant,966,0.990021
FKIT,Y+X2_M3_r1,chocolate_croissant,967,0.990035
FKIT,Y+X2_M3_r1,chocolate_croissant,968,0.990144
FKIT,Y+X2_M3_r1,chocolate_croissant,969,0.990409
FKIT,Y+X2_M3_r1,chocolate_croissant,970,0.988987
FKIT,Y+X2_M3_r1,chocolate_croissant,971,0.990145
FKIT,Y+X2_M3_r1,chocolate_croissant,972,0.989843
FKIT,Y+X2_M3_r1,chocolate_croissant,973,0.988414
FKIT,Y+X2_M3_r1,chocolate_croissant,974,0.991058
FKIT,Y+X2_M3_r1,chocolate_croissant,975,0.990406
FKIT,Y+X2_M3_r1,chocolate_croissant,976,0.990002
FKIT,Y+X2_M3_r1,chocolate_croissant,977,0.991004
FKIT,Y+X2_M3_r1,chocolate_croissant,978,0.990995
FKIT,Y+X2_M3_r1,chocolate_croissant,979,0.991137
FKIT,Y+X2_M3_r1,chocolate_croissant,980,0.989685
FKIT,Y+X2_M3_r1,chocolate_croissant,981,0.990519
FKIT,Y+X2_M3_r1,chocolate_croissant,982,0.989626
FKIT,Y+X2_M3_r1,chocolate_croissant,983,0.989457
FKIT,Y+X2_M3_r1,chocolate_croissant,984,0.989911
FKIT,Y+X2_M3_r1,chocolate_croissant,985,0.988699
FKIT,Y+X2_M3_r1,chocolate_croissant,986,0.987579
FKIT,Y+X2_M3_r1,chocolate_croissant,987,0.989867
FKIT,Y+X2_M3_r1,chocolate_croissant,988,0.990387
FKIT,Y+X2_M3_r1,chocolate_croissant,989,0.991623
FKIT,Y+X2_M3_r1,chocolate_croissant,990,0.989166
FKIT,Y+X2_M3_r1,chocolate_croissant,991,0.989564
FKIT,Y+X2_M3_r1,chocolate_croissant,992,0.988337
FKIT,Y+X2_M3_r1,chocolate_croissant,993,0.988432
FKIT,Y+X2_M3_r1,chocolate_croissant,994,0.990235
FKIT,Y+X2_M3_r1,chocolate_croissant,995,0.988747
FKIT,Y+X2_M3_r1,chocolate_croissant,996,0.990205
FKIT,Y+X2_M3_r1,chocolate_croissant,997,0.991240
FKIT,Y+X2_M3_r1,chocolate_croissant,998,0.989004
FKIT,Y+X2_M3_r1,chocolate_croissant,999,0.989376
FKIT,Y+X2_M3_r1,chocolate_croissant,1000,0.987392
FKIT,Y+X2_M3_r1,chocolate_croissant,1001,0.989577
FKIT,Y+X2_M3_r1,chocolate_croissant,1002,0.988011
FKIT,Y+X2_M3_r1,chocolate_croissant,1003,0.986754
FKIT,Y+X2_M3_r1,chocolate_croissant,1004,0.987394
FKIT,Y+X2_M3_r1,chocolate_croissant,1005,0.989654
FKIT,Y+X2_M3_r1,chocolate_croissant,1006,0.988615
FKIT,Y+X2_M3_r1,chocolate_croissant,1007,0.990057
FKIT,Y+X2_M3_r1,chocolate_croissant,1008,0.990781
FKIT,Y+X2_M3_r1,chocolate_croissant,1009,0.988889
FKIT,Y+X2_M3_r1,chocolate_croissant,1010,0.989822
FKIT,Y+X2_M3_r1,chocolate_croissant,1011,0.988962
FKIT,Y+X2_M3_r1,chocolate_croissant,1012,0.990030
FKIT,Y+X2_M3_r1,chocolate_croissant,1013,0.988010
FKIT,Y+X2_M3_r1,chocolate_croissant,1014,0.990005
FKIT,Y+X2_M3_r1,chocolate_croissant,1015,0.987723
FKIT,Y+X2_M3_r1,chocolate_croissant,1016,0.989177
FKIT,Y+X2_M3_r1,chocolate_croissant,1017,0.987755
FKIT,Y+X2_M3_r1,chocolate_croissant,1018,0.987280
FKIT,Y+X2_M3_r1,chocolate_croissant,1019,0.987799
FKIT,Y+X2_M3_r1,chocolate_croissant,1020,0.985203
FKIT,Y+X2_M3_r1,chocolate_croissant,1021,0.985707
FKIT,Y+X2_M3_r1,chocolate_croissant,1022,0.986215
FKIT,Y+X2_M3_r1,chocolate_croissant,1023,0.984616
FKIT,Y+X2_M3_r1,chocolate_croissant,1024,0.984054
FKIT,Y+X2_M3_r1,chocolate_croissant,1025,0.984678
FKIT,Y+X2_M3_r1,chocolate_croissant,1026,0.986312
FKIT,Y+X2_M3_r1,chocolate_croissant,1027,0.983979
FKIT,Y+X2_M3_r1,chocolate_croissant,1028,0.984938
FKIT,Y+X2_M3_r1,chocolate_croissant,1029,0.983659
FKIT,Y+X2_M3_r1,chocolate_croissant,1030,0.985395
FKIT,Y+X2_M3_r1,chocolate_croissant,1031,0.983676
FKIT,Y+X2_M3_r1,chocolate_croissant,1032,0.984428
FKIT,Y+X2_M3_r1,chocolate_croissant,1033,0.983321
FKIT,Y+X2_M3_r1,chocolate_croissant,1034,0.983664
FKIT,Y+X2_M3_r1,chocolate_croissant,1035,0.983977
FKIT,Y+X2_M3_r1,chocolate_croissant,1036,0.984653
FKIT,Y+X2_M3_r1,chocolate_croissant,1037,0.984964
FKIT,Y+X2_M3_r1,chocolate_croissant,1038,0.982468
FKIT,Y+X2_M3_r1,chocolate_croissant,1039,0.982727
FKIT,Y+X2_M3_r1,chocolate_croissant,1040,0.981168
FKIT,Y+X2_M3_r1,chocolate_croissant,1041,0.981537
FKIT,Y+X2_M3_r1,chocolate_croissant,1042,0.976243
FKIT,Y+X2_M3_r1,chocolate_croissant,1043,0.976392
FKIT,Y+X2_M3_r1,chocolate_croissant,1044,0.980516
FKIT,Y+X2_M3_r1,chocolate_croissant,1045,0.976745
FKIT,Y+X2_M3_r1,chocolate_croissant,1046,0.975595
FKIT,Y+X2_M3_r1,chocolate_croissant,1047,0.980405
FKIT,Y+X2_M3_r1,chocolate_croissant,1048,0.978011
FKIT,Y+X2_M3_r1,chocolate_croissant,1049,0.976961
FKIT,Y+X2_M3_r1,chocolate_croissant,1050,0.977252
FKIT,Y+X2_M3_r1,chocolate_croissant,1051,0.977106
FKIT,Y+X2_M3_r1,chocolate_croissant,1052,0.979376
FKIT,Y+X2_M3_r1,chocolate_croissant,1053,0.946746
FKIT,Y+X2_M3_r1,chocolate_croissant,1054,0.976994
FKIT,Y+X2_M3_r1,chocolate_croissant,1055,0.926250
FKIT,Y+X2_M3_r1,chocolate_croissant,1056,0.890558
FKIT,Y+X2_M3_r1,chocolate_croissant,1057,0.851622
FKIT,Y+X2_M3_r1,chocolate_croissant,1058,0.841498
FKIT,Y+X2_M3_r1,chocolate_croissant,1059,0.817701
FKIT,Y+X2_M3_r1,chocolate_croissant,1060,0.811377
FKIT,Y+X2_M3_r1,chocolate_croissant,1061,0.815638
FKIT,Y+X2_M3_r1,chocolate_croissant,1062,0.798044
FKIT,Y+X2_M3_r1,chocolate_croissant,1063,0.794460
FKIT,Y+X2_M3_r1,chocolate_croissant,1064,0.785825
FKIT,Y+X2_M3_r1,chocolate_croissant,1065,0.769951
FKIT,Y+X2_M3_r1,chocolate_croissant,1066,0.752267
FKIT,Y+X2_M3_r1,chocolate_croissant,1067,0.768054
FKIT,Y+X2_M3_r1,chocolate_croissant,1068,0.779634
FKIT,Y+X2_M3_r1,chocolate_croissant,1069,0.778402
FKIT,Y+X2_M3_r1,chocolate_croissant,1070,0.768613
FKIT,Y+X2_M3_r1,chocolate_croissant,1071,0.763647
FKIT,Y+X2_M3_r1,chocolate_croissant,1072,0.753463
FKIT,Y+X2_M3_r1,chocolate_croissant,1073,0.766899
FKIT,Y+X2_M3_r1,chocolate_croissant,1074,0.747630
FKIT,Y+X2_M3_r1,chocolate_croissant,1075,0.747953
FKIT,Y+X2_M3_r1,chocolate_croissant,1076,0.740813
FKIT,Y+X2_M3_r1,chocolate_croissant,1077,0.742775
FKIT,Y+X2_M3_r1,chocolate_croissant,1078,0.768295
FKIT,Y+X2_M3_r1,chocolate_croissant,1079,0.748670
FKIT,Y+X2_M3_r1,chocolate_croissant,1080,0.756085
FKIT,Y+X2_M3_r1,chocolate_croissant,1081,0.772683
FKIT,Y+X2_M3_r1,chocolate_croissant,1082,0.765930
FKIT,Y+X2_M3_r1,chocolate_croissant,1083,0.754070
FKIT,Y+X2_M3_r1,chocolate_croissant,1084,0.783710
FKIT,Y+X2_M3_r1,chocolate_croissant,1085,0.794054
FKIT,Y+X2_M3_r1,chocolate_croissant,1086,0.823355
FKIT,Y+X2_M3_r1,chocolate_croissant,1087,0.831144
FKIT,Y+X2_M3_r1,chocolate_croissant,1088,0.819301
FKIT,Y+X2_M3_r1,chocolate_croissant,1089,0.845759
FKIT,Y+X2_M3_r1,chocolate_croissant,1090,0.909135
FKIT,Y+X2_M3_r1,chocolate_croissant,1091,0.917196
FKIT,Y+X2_M3_r1,chocolate_croissant,1092,0.932014
FKIT,Y+X2_M3_r1,chocolate_croissant,1093,0.953613
FKIT,Y+X2_M3_r1,chocolate_croissant,1094,0.976415
FKIT,Y+X2_M3_r1,chocolate_croissant,1095,0.972140
FKIT,Y+X2_M3_r1,chocolate_croissant,1096,0.971578
FKIT,Y+X2_M3_r1,chocolate_croissant,1097,0.976898
FKIT,Y+X2_M3_r1,chocolate_croissant,1098,0.977226
FKIT,Y+X2_M3_r1,chocolate_croissant,1099,0.979058
FKIT,Y+X2_M3_r1,chocolate_croissant,1100,0.980465
FKIT,Y+X2_M3_r1,chocolate_croissant,1101,0.981162
FKIT,Y+X2_M3_r1,chocolate_croissant,1102,0.981092
FKIT,Y+X2_M3_r1,chocolate_croissant,1103,0.980504
FKIT,Y+X2_M3_r1,chocolate_croissant,1104,0.981265
FKIT,Y+X2_M3_r1,chocolate_croissant,1105,0.982463
FKIT,Y+X2_M3_r1,chocolate_croissant,1106,0.979836
FKIT,Y+X2_M3_r1,chocolate_croissant,1107,0.981904
FKIT,Y+X2_M3_r1,chocolate_croissant,1108,0.978105
FKIT,Y+X2_M3_r1,chocolate_croissant,1109,0.982836
FKIT,Y+X2_M3_r1,chocolate_croissant,1110,0.984753
FKIT,Y+X2_M3_r1,chocolate_croissant,1111,0.985830
FKIT,Y+X2_M3_r1,chocolate_croissant,1112,0.986077
FKIT,Y+X2_M3_r1,chocolate_croissant,1113,0.984737
FKIT,Y+X2_M3_r1,chocolate_croissant,1114,0.986475
FKIT,Y+X2_M3_r1,chocolate_croissant,1115,0.988535
FKIT,Y+X2_M3_r1,chocolate_croissant,1116,0.987423
FKIT,Y+X2_M3_r1,chocolate_croissant,1117,0.988814
FKIT,Y+X2_M3_r1,chocolate_croissant,1118,0.987059
FKIT,Y+X2_M3_r1,chocolate_croissant,1119,0.990479
FKIT,Y+X2_M3_r1,chocolate_croissant,1120,0.989602
FKIT,Y+X2_M3_r1,chocolate_croissant,1121,0.990931
FKIT,Y+X2_M3_r1,donut,0,0.938234
FKIT,Y+X2_M3_r1,donut,1,0.941878
FKIT,Y+X2_M3_r1,donut,2,0.942265
FKIT,Y+X2_M3_r1,donut,3,0.940822
FKIT,Y+X2_M3_r1,donut,4,0.941468
FKIT,Y+X2_M3_r1,donut,5,0.940603
FKIT,Y+X2_M3_r1,donut,6,0.945896
FKIT,Y+X2_M3_r1,donut,7,0.946701
FKIT,Y+X2_M3_r1,donut,8,0.947499
FKIT,Y+X2_M3_r1,donut,9,0.941539
FKIT,Y+X2_M3_r1,donut,10,0.946335
FKIT,Y+X2_M3_r1,donut,11,0.952554
FKIT,Y+X2_M3_r1,donut,12,0.955729
FKIT,Y+X2_M3_r1,donut,13,0.957220
FKIT,Y+X2_M3_r1,donut,14,0.954210
FKIT,Y+X2_M3_r1,donut,15,0.945754
FKIT,Y+X2_M3_r1,donut,16,0.954109
FKIT,Y+X2_M3_r1,donut,17,0.955559
FKIT,Y+X2_M3_r1,donut,18,0.945629
FKIT,Y+X2_M3_r1,donut,19,0.948010
FKIT,Y+X2_M3_r1,donut,20,0.945011
FKIT,Y+X2_M3_r1,donut,21,0.950979
FKIT,Y+X2_M3_r1,donut,22,0.955732
FKIT,Y+X2_M3_r1,donut,23,0.953075
FKIT,Y+X2_M3_r1,donut,24,0.954650
FKIT,Y+X2_M3_r1,donut,25,0.953705
FKIT,Y+X2_M3_r1,donut,26,0.954361
FKIT,Y+X2_M3_r1,donut,27,0.949322
FKIT,Y+X2_M3_r1,donut,28,0.954453
FKIT,Y+X2_M3_r1,donut,29,0.947294
FKIT,Y+X2_M3_r1,donut,30,0.949167
FKIT,Y+X2_M3_r1,donut,31,0.953816
FKIT,Y+X2_M3_r1,donut,32,0.957957
FKIT,Y+X2_M3_r1,donut,33,0.950228
FKIT,Y+X2_M3_r1,donut,34,0.960986
FKIT,Y+X2_M3_r1,donut,35,0.954242
FKIT,Y+X2_M3_r1,donut,36,0.958107
FKIT,Y+X2_M3_r1,donut,37,0.960473
FKIT,Y+X2_M3_r1,donut,38,0.953242
FKIT,Y+X2_M3_r1,donut,39,0.967688
FKIT,Y+X2_M3_r1,donut,40,0.967883
FKIT,Y+X2_M3_r1,donut,41,0.973502
FKIT,Y+X2_M3_r1,donut,42,0.976300
FKIT,Y+X2_M3_r1,donut,43,0.972699
FKIT,Y+X2_M3_r1,donut,44,0.974928
FKIT,Y+X2_M3_r1,donut,45,0.971205
FKIT,Y+X2_M3_r1,donut,46,0.968445
FKIT,Y+X2_M3_r1,donut,47,0.971814
FKIT,Y+X2_M3_r1,donut,48,0.968583
FKIT,Y+X2_M3_r1,donut,49,0.970861
FKIT,Y+X2_M3_r1,donut,50,0.966983
FKIT,Y+X2_M3_r1,donut,51,0.970612
FKIT,Y+X2_M3_r1,donut,52,0.969890
FKIT,Y+X2_M3_r1,donut,53,0.967610
FKIT,Y+X2_M3_r1,donut,54,0.970778
FKIT,Y+X2_M3_r1,donut,55,0.969145
FKIT,Y+X2_M3_r1,donut,56,0.963354
FKIT,Y+X2_M3_r1,donut,57,0.967595
FKIT,Y+X2_M3_r1,donut,58,0.968236
FKIT,Y+X2_M3_r1,donut,59,0.970206
FKIT,Y+X2_M3_r1,donut,60,0.974548
FKIT,Y+X2_M3_r1,donut,61,0.976766
FKIT,Y+X2_M3_r1,donut,62,0.975474
FKIT,Y+X2_M3_r1,donut,63,0.975392
FKIT,Y+X2_M3_r1,donut,64,0.977038
FKIT,Y+X2_M3_r1,donut,65,0.974979
FKIT,Y+X2_M3_r1,donut,66,0.973504
FKIT,Y+X2_M3_r1,donut,67,0.976120
FKIT,Y+X2_M3_r1,donut,68,0.974326
FKIT,Y+X2_M3_r1,donut,69,0.979821
FKIT,Y+X2_M3_r1,donut,70,0.975166
FKIT,Y+X2_M3_r1,donut,71,0.979039
FKIT,Y+X2_M3_r1,donut,72,0.974633
FKIT,Y+X2_M3_r1,donut,73,0.978985
FKIT,Y+X2_M3_r1,donut,74,0.974313
FKIT,Y+X2_M3_r1,donut,75,0.979952
FKIT,Y+X2_M3_r1,donut,76,0.976142
FKIT,Y+X2_M3_r1,donut,77,0.981566
FKIT,Y+X2_M3_r1,donut,78,0.983451
FKIT,Y+X2_M3_r1,donut,79,0.974725
FKIT,Y+X2_M3_r1,donut,80,0.980199
FKIT,Y+X2_M3_r1,donut,81,0.982961
FKIT,Y+X2_M3_r1,donut,82,0.983017
FKIT,Y+X2_M3_r1,donut,83,0.977303
FKIT,Y+X2_M3_r1,donut,84,0.983608
FKIT,Y+X2_M3_r1,donut,85,0.980305
FKIT,Y+X2_M3_r1,donut,86,0.973817
FKIT,Y+X2_M3_r1,donut,87,0.970516
FKIT,Y+X2_M3_r1,donut,88,0.974741
FKIT,Y+X2_M3_r1,donut,89,0.970698
FKIT,Y+X2_M3_r1,donut,90,0.963985
FKIT,Y+X2_M3_r1,donut,91,0.958379
FKIT,Y+X2_M3_r1,donut,92,0.970000
FKIT,Y+X2_M3_r1,donut,93,0.964673
FKIT,Y+X2_M3_r1,donut,94,0.963156
FKIT,Y+X2_M3_r1,donut,95,0.948285
FKIT,Y+X2_M3_r1,donut,96,0.931816
FKIT,Y+X2_M3_r1,donut,97,0.971274
FKIT,Y+X2_M3_r1,donut,98,0.963820
FKIT,Y+X2_M3_r1,donut,99,0.965147
FKIT,Y+X2_M3_r1,donut,100,0.974719
FKIT,Y+X2_M3_r1,donut,101,0.969362
FKIT,Y+X2_M3_r1,donut,102,0.975280
FKIT,Y+X2_M3_r1,donut,103,0.979205
FKIT,Y+X2_M3_r1,donut,104,0.976616
FKIT,Y+X2_M3_r1,donut,105,0.979271
FKIT,Y+X2_M3_r1,donut,106,0.969628
FKIT,Y+X2_M3_r1,donut,107,0.978628
FKIT,Y+X2_M3_r1,donut,108,0.968469
FKIT,Y+X2_M3_r1,donut,109,0.975002
FKIT,Y+X2_M3_r1,donut,110,0.975956
FKIT,Y+X2_M3_r1,donut,111,0.974742
FKIT,Y+X2_M3_r1,donut,112,0.964927
FKIT,Y+X2_M3_r1,donut,113,0.970503
FKIT,Y+X2_M3_r1,donut,114,0.972094
FKIT,Y+X2_M3_r1,donut,115,0.978334
FKIT,Y+X2_M3_r1,donut,116,0.973358
FKIT,Y+X2_M3_r1,donut,117,0.977170
FKIT,Y+X2_M3_r1,donut,118,0.980075
FKIT,Y+X2_M3_r1,donut,119,0.980190
FKIT,Y+X2_M3_r1,donut,120,0.973619
FKIT,Y+X2_M3_r1,donut,121,0.981787
FKIT,Y+X2_M3_r1,donut,122,0.973537
FKIT,Y+X2_M3_r1,donut,123,0.973605
FKIT,Y+X2_M3_r1,donut,124,0.973814
FKIT,Y+X2_M3_r1,donut,125,0.974938
FKIT,Y+X2_M3_r1,donut,126,0.977368
FKIT,Y+X2_M3_r1,donut,127,0.981982
FKIT,Y+X2_M3_r1,donut,128,0.977733
FKIT,Y+X2_M3_r1,donut,129,0.978074
FKIT,Y+X2_M3_r1,donut,130,0.981118
FKIT,Y+X2_M3_r1,donut,131,0.976438
FKIT,Y+X2_M3_r1,donut,132,0.979501
FKIT,Y+X2_M3_r1,donut,133,0.978606
FKIT,Y+X2_M3_r1,donut,134,0.984134
FKIT,Y+X2_M3_r1,donut,135,0.983423
FKIT,Y+X2_M3_r1,donut,136,0.982128
FKIT,Y+X2_M3_r1,donut,137,0.983963
FKIT,Y+X2_M3_r1,donut,138,0.983712
FKIT,Y+X2_M3_r1,donut,139,0.983622
FKIT,Y+X2_M3_r1,donut,140,0.984232
FKIT,Y+X2_M3_r1,donut,141,0.984480
FKIT,Y+X2_M3_r1,donut,142,0.986193
FKIT,Y+X2_M3_r1,donut,143,0.986127
FKIT,Y+X2_M3_r1,donut,144,0.991036
FKIT,Y+X2_M3_r1,donut,145,0.987817
FKIT,Y+X2_M3_r1,donut,146,0.988892
FKIT,Y+X2_M3_r1,donut,147,0.987576
FKIT,Y+X2_M3_r1,donut,148,0.989156
FKIT,Y+X2_M3_r1,donut,149,0.988088
FKIT,Y+X2_M3_r1,donut,150,0.988737
FKIT,Y+X2_M3_r1,donut,151,0.989817
FKIT,Y+X2_M3_r1,donut,152,0.987653
FKIT,Y+X2_M3_r1,donut,153,0.988083
FKIT,Y+X2_M3_r1,donut,154,0.990971
FKIT,Y+X2_M3_r1,donut,155,0.989527
FKIT,Y+X2_M3_r1,donut,156,0.989870
FKIT,Y+X2_M3_r1,donut,157,0.987995
FKIT,Y+X2_M3_r1,donut,158,0.990121
FKIT,Y+X2_M3_r1,donut,159,0.989400
FKIT,Y+X2_M3_r1,donut,160,0.987299
FKIT,Y+X2_M3_r1,donut,161,0.986659
FKIT,Y+X2_M3_r1,donut,162,0.987712
FKIT,Y+X2_M3_r1,donut,163,0.988776
FKIT,Y+X2_M3_r1,donut,164,0.989436
FKIT,Y+X2_M3_r1,donut,165,0.989510
FKIT,Y+X2_M3_r1,donut,166,0.990322
FKIT,Y+X2_M3_r1,donut,167,0.989607
FKIT,Y+X2_M3_r1,donut,168,0.989587
FKIT,Y+X2_M3_r1,donut,169,0.989937
FKIT,Y+X2_M3_r1,donut,170,0.990461
FKIT,Y+X2_M3_r1,donut,171,0.989096
FKIT,Y+X2_M3_r1,donut,172,0.990345
FKIT,Y+X2_M3_r1,donut,173,0.988326
FKIT,Y+X2_M3_r1,donut,174,0.993091
FKIT,Y+X2_M3_r1,donut,175,0.989970
FKIT,Y+X2_M3_r1,donut,176,0.990669
FKIT,Y+X2_M3_r1,donut,177,0.991898
FKIT,Y+X2_M3_r1,donut,178,0.991411
FKIT,Y+X2_M3_r1,donut,179,0.991211
FKIT,Y+X2_M3_r1,donut,180,0.990504
FKIT,Y+X2_M3_r1,donut,181,0.990894
FKIT,Y+X2_M3_r1,donut,182,0.991791
FKIT,Y+X2_M3_r1,donut,183,0.990554
FKIT,Y+X2_M3_r1,donut,184,0.992013
FKIT,Y+X2_M3_r1,donut,185,0.993137
FKIT,Y+X2_M3_r1,donut,186,0.991788
FKIT,Y+X2_M3_r1,donut,187,0.991568
FKIT,Y+X2_M3_r1,donut,188,0.992482
FKIT,Y+X2_M3_r1,donut,189,0.990136
FKIT,Y+X2_M3_r1,donut,190,0.991935
FKIT,Y+X2_M3_r1,donut,191,0.991340
FKIT,Y+X2_M3_r1,donut,192,0.990877
FKIT,Y+X2_M3_r1,donut,193,0.990913
FKIT,Y+X2_M3_r1,donut,194,0.990619
FKIT,Y+X2_M3_r1,donut,195,0.991024
FKIT,Y+X2_M3_r1,donut,196,0.990382
FKIT,Y+X2_M3_r1,donut,197,0.991536
FKIT,Y+X2_M3_r1,donut,198,0.990463
FKIT,Y+X2_M3_r1,donut,199,0.991331
FKIT,Y+X2_M3_r1,donut,200,0.991472
FKIT,Y+X2_M3_r1,donut,201,0.992338
FKIT,Y+X2_M3_r1,donut,202,0.990210
FKIT,Y+X2_M3_r1,donut,203,0.991455
FKIT,Y+X2_M3_r1,donut,204,0.990108
FKIT,Y+X2_M3_r1,donut,205,0.991480
FKIT,Y+X2_M3_r1,donut,206,0.990258
FKIT,Y+X2_M3_r1,donut,207,0.990628
FKIT,Y+X2_M3_r1,donut,208,0.990240
FKIT,Y+X2_M3_r1,donut,209,0.990522
FKIT,Y+X2_M3_r1,donut,210,0.990279
FKIT,Y+X2_M3_r1,donut,211,0.989272
FKIT,Y+X2_M3_r1,donut,212,0.988704
FKIT,Y+X2_M3_r1,donut,213,0.987065
FKIT,Y+X2_M3_r1,donut,214,0.988765
FKIT,Y+X2_M3_r1,donut,215,0.984374
FKIT,Y+X2_M3_r1,donut,216,0.984204
FKIT,Y+X2_M3_r1,donut,217,0.986515
FKIT,Y+X2_M3_r1,donut,218,0.985449
FKIT,Y+X2_M3_r1,donut,219,0.986123
FKIT,Y+X2_M3_r1,donut,220,0.986219
FKIT,Y+X2_M3_r1,donut,221,0.986436
FKIT,Y+X2_M3_r1,donut,222,0.986494
FKIT,Y+X2_M3_r1,donut,223,0.985317
FKIT,Y+X2_M3_r1,donut,224,0.983589
FKIT,Y+X2_M3_r1,donut,225,0.985820
FKIT,Y+X2_M3_r1,donut,226,0.984079
FKIT,Y+X2_M3_r1,donut,227,0.985137
FKIT,Y+X2_M3_r1,donut,228,0.986806
FKIT,Y+X2_M3_r1,donut,229,0.985032
FKIT,Y+X2_M3_r1,donut,230,0.984000
FKIT,Y+X2_M3_r1,donut,231,0.985470
FKIT,Y+X2_M3_r1,donut,232,0.983922
FKIT,Y+X2_M3_r1,donut,233,0.982747
FKIT,Y+X2_M3_r1,donut,234,0.984206
FKIT,Y+X2_M3_r1,donut,235,0.983038
FKIT,Y+X2_M3_r1,donut,236,0.983200
FKIT,Y+X2_M3_r1,donut,237,0.985656
FKIT,Y+X2_M3_r1,donut,238,0.987233
FKIT,Y+X2_M3_r1,donut,239,0.983736
FKIT,Y+X2_M3_r1,donut,240,0.984544
FKIT,Y+X2_M3_r1,donut,241,0.983645
FKIT,Y+X2_M3_r1,donut,242,0.985168
FKIT,Y+X2_M3_r1,donut,243,0.983689
FKIT,Y+X2_M3_r1,donut,244,0.986915
FKIT,Y+X2_M3_r1,donut,245,0.982804
FKIT,Y+X2_M3_r1,donut,246,0.983363
FKIT,Y+X2_M3_r1,donut,247,0.985155
FKIT,Y+X2_M3_r1,donut,248,0.985855
FKIT,Y+X2_M3_r1,donut,249,0.985441
FKIT,Y+X2_M3_r1,donut,250,0.986394
FKIT,Y+X2_M3_r1,donut,251,0.982879
FKIT,Y+X2_M3_r1,donut,252,0.985528
FKIT,Y+X2_M3_r1,donut,253,0.987830
FKIT,Y+X2_M3_r1,donut,254,0.988070
FKIT,Y+X2_M3_r1,donut,255,0.987417
FKIT,Y+X2_M3_r1,donut,256,0.988113
FKIT,Y+X2_M3_r1,donut,257,0.985042
FKIT,Y+X2_M3_r1,donut,258,0.986480
FKIT,Y+X2_M3_r1,donut,259,0.987600
FKIT,Y+X2_M3_r1,donut,260,0.986380
FKIT,Y+X2_M3_r1,donut,261,0.984856
FKIT,Y+X2_M3_r1,donut,262,0.987374
FKIT,Y+X2_M3_r1,donut,263,0.985117
FKIT,Y+X2_M3_r1,donut,264,0.971231
FKIT,Y+X2_M3_r1,donut,265,0.986000
FKIT,Y+X2_M3_r1,donut,266,0.986765
FKIT,Y+X2_M3_r1,donut,267,0.985336
FKIT,Y+X2_M3_r1,donut,268,0.986498
FKIT,Y+X2_M3_r1,donut,269,0.986591
FKIT,Y+X2_M3_r1,donut,270,0.987050
FKIT,Y+X2_M3_r1,donut,271,0.986834
FKIT,Y+X2_M3_r1,donut,272,0.986656
FKIT,Y+X2_M3_r1,donut,273,0.986860
FKIT,Y+X2_M3_r1,donut,274,0.987468
FKIT,Y+X2_M3_r1,donut,275,0.988141
FKIT,Y+X2_M3_r1,donut,276,0.989422
FKIT,Y+X2_M3_r1,donut,277,0.987315
FKIT,Y+X2_M3_r1,donut,278,0.985606
FKIT,Y+X2_M3_r1,donut,279,0.987047
FKIT,Y+X2_M3_r1,donut,280,0.987445
FKIT,Y+X2_M3_r1,donut,281,0.986450
FKIT,Y+X2_M3_r1,donut,282,0.984822
FKIT,Y+X2_M3_r1,donut,283,0.983817
FKIT,Y+X2_M3_r1,donut,284,0.987134
FKIT,Y+X2_M3_r1,donut,285,0.986593
FKIT,Y+X2_M3_r1,donut,286,0.987714
FKIT,Y+X2_M3_r1,donut,287,0.988223
FKIT,Y+X2_M3_r1,donut,288,0.990460
FKIT,Y+X2_M3_r1,donut,289,0.989833
FKIT,Y+X2_M3_r1,donut,290,0.988906
FKIT,Y+X2_M3_r1,donut,291,0.988689
FKIT,Y+X2_M3_r1,donut,292,0.988550
FKIT,Y+X2_M3_r1,donut,293,0.986976
FKIT,Y+X2_M3_r1,donut,294,0.988041
FKIT,Y+X2_M3_r1,donut,295,0.987479
FKIT,Y+X2_M3_r1,donut,296,0.989620
FKIT,Y+X2_M3_r1,donut,297,0.990164
FKIT,Y+X2_M3_r1,donut,298,0.989760
FKIT,Y+X2_M3_r1,donut,299,0.990505
FKIT,Y+X2_M3_r1,donut,300,0.987152
FKIT,Y+X2_M3_r1,donut,301,0.991534
FKIT,Y+X2_M3_r1,donut,302,0.989886
FKIT,Y+X2_M3_r1,donut,303,0.989817
FKIT,Y+X2_M3_r1,donut,304,0.989816
FKIT,Y+X2_M3_r1,donut,305,0.988581
FKIT,Y+X2_M3_r1,donut,306,0.983583
FKIT,Y+X2_M3_r1,donut,307,0.982858
FKIT,Y+X2_M3_r1,donut,308,0.988766
FKIT,Y+X2_M3_r1,donut,309,0.984934
FKIT,Y+X2_M3_r1,donut,310,0.980990
FKIT,Y+X2_M3_r1,donut,311,0.983717
FKIT,Y+X2_M3_r1,donut,312,0.980104
FKIT,Y+X2_M3_r1,donut,313,0.976814
FKIT,Y+X2_M3_r1,donut,314,0.977595
FKIT,Y+X2_M3_r1,donut,315,0.975355
FKIT,Y+X2_M3_r1,donut,316,0.970613
FKIT,Y+X2_M3_r1,donut,317,0.982349
FKIT,Y+X2_M3_r1,donut,318,0.981036
FKIT,Y+X2_M3_r1,donut,319,0.967296
FKIT,Y+X2_M3_r1,donut,320,0.967052
FKIT,Y+X2_M3_r1,donut,321,0.972283
FKIT,Y+X2_M3_r1,donut,322,0.951807
FKIT,Y+X2_M3_r1,donut,323,0.967394
FKIT,Y+X2_M3_r1,donut,324,0.967071
FKIT,Y+X2_M3_r1,donut,325,0.958736
FKIT,Y+X2_M3_r1,donut,326,0.948898
FKIT,Y+X2_M3_r1,donut,327,0.932778
FKIT,Y+X2_M3_r1,donut,328,0.918325
FKIT,Y+X2_M3_r1,donut,329,0.921596
FKIT,Y+X2_M3_r1,donut,330,0.917481
FKIT,Y+X2_M3_r1,donut,331,0.910917
FKIT,Y+X2_M3_r1,donut,332,0.881191
FKIT,Y+X2_M3_r1,donut,333,0.894397
FKIT,Y+X2_M3_r1,donut,334,0.875259
FKIT,Y+X2_M3_r1,donut,335,0.883937
FKIT,Y+X2_M3_r1,donut,336,0.863546
FKIT,Y+X2_M3_r1,donut,337,0.887995
FKIT,Y+X2_M3_r1,donut,338,0.853357
FKIT,Y+X2_M3_r1,donut,339,0.847167
FKIT,Y+X2_M3_r1,donut,340,0.867769
FKIT,Y+X2_M3_r1,donut,341,0.832948
FKIT,Y+X2_M3_r1,donut,342,0.825570
FKIT,Y+X2_M3_r1,donut,343,0.824255
FKIT,Y+X2_M3_r1,donut,344,0.851201
FKIT,Y+X2_M3_r1,donut,345,0.823991
FKIT,Y+X2_M3_r1,donut,346,0.867170
FKIT,Y+X2_M3_r1,donut,347,0.876913
FKIT,Y+X2_M3_r1,donut,348,0.872371
FKIT,Y+X2_M3_r1,donut,349,0.883490
FKIT,Y+X2_M3_r1,donut,350,0.878401
FKIT,Y+X2_M3_r1,donut,351,0.899383
FKIT,Y+X2_M3_r1,donut,352,0.912379
FKIT,Y+X2_M3_r1,donut,353,0.928562
FKIT,Y+X2_M3_r1,donut,354,0.943212
FKIT,Y+X2_M3_r1,donut,355,0.921985
FKIT,Y+X2_M3_r1,donut,356,0.908082
FKIT,Y+X2_M3_r1,donut,357,0.938200
FKIT,Y+X2_M3_r1,donut,358,0.956780
FKIT,Y+X2_M3_r1,donut,359,0.947964
FKIT,Y+X2_M3_r1,donut,360,0.946760
FKIT,Y+X2_M3_r1,donut,361,0.953206
FKIT,Y+X2_M3_r1,donut,362,0.923508
FKIT,Y+X2_M3_r1,donut,363,0.949640
FKIT,Y+X2_M3_r1,donut,364,0.954662
FKIT,Y+X2_M3_r1,donut,365,0.938333
FKIT,Y+X2_M3_r1,donut,366,0.943917
FKIT,Y+X2_M3_r1,donut,367,0.963538
FKIT,Y+X2_M3_r1,donut,368,0.970936
FKIT,Y+X2_M3_r1,donut,369,0.971146
FKIT,Y+X2_M3_r1,donut,370,0.972493
FKIT,Y+X2_M3_r1,donut,371,0.970895
FKIT,Y+X2_M3_r1,donut,372,0.969257
FKIT,Y+X2_M3_r1,donut,373,0.968662
FKIT,Y+X2_M3_r1,donut,374,0.971166
FKIT,Y+X2_M3_r1,donut,375,0.973622
FKIT,Y+X2_M3_r1,donut,376,0.970842
FKIT,Y+X2_M3_r1,donut,377,0.977042
FKIT,Y+X2_M3_r1,donut,378,0.984024
FKIT,Y+X2_M3_r1,donut,379,0.975923
FKIT,Y+X2_M3_r1,donut,380,0.985382
FKIT,Y+X2_M3_r1,donut,381,0.985815
FKIT,Y+X2_M3_r1,donut,382,0.984338
FKIT,Y+X2_M3_r1,donut,383,0.981665
FKIT,Y+X2_M3_r1,donut,384,0.983224
FKIT,Y+X2_M3_r1,donut,385,0.988138
FKIT,Y+X2_M3_r1,donut,386,0.987536
FKIT,Y+X2_M3_r1,donut,387,0.988638
FKIT,Y+X2_M3_r1,donut,388,0.991385
FKIT,Y+X2_M3_r1,donut,389,0.988792
FKIT,Y+X2_M3_r1,donut,390,0.989918
FKIT,Y+X2_M3_r1,donut,391,0.989250
FKIT,Y+X2_M3_r1,donut,392,0.989929
FKIT,Y+X2_M3_r1,donut,393,0.991081
FKIT,Y+X2_M3_r1,donut,394,0.989910
FKIT,Y+X2_M3_r1,donut,395,0.990604
FKIT,Y+X2_M3_r1,donut,396,0.989428
FKIT,Y+X2_M3_r1,donut,397,0.990505
FKIT,Y+X2_M3_r1,donut,398,0.992321
FKIT,Y+X2_M3_r1,donut,399,0.989855
FKIT,Y+X2_M3_r1,donut,400,0.988751
FKIT,Y+X2_M3_r1,donut,401,0.987563
FKIT,Y+X2_M3_r1,donut,402,0.987318
FKIT,Y+X2_M3_r1,donut,403,0.989181
FKIT,Y+X2_M3_r1,donut,404,0.988769
FKIT,Y+X2_M3_r1,donut,405,0.986787
FKIT,Y+X2_M3_r1,donut,406,0.989727
FKIT,Y+X2_M3_r1,donut,407,0.989280
FKIT,Y+X2_M3_r1,donut,408,0.989767
FKIT,Y+X2_M3_r1,donut,409,0.990101
FKIT,Y+X2_M3_r1,donut,410,0.988791
FKIT,Y+X2_M3_r1,donut,411,0.988303
FKIT,Y+X2_M3_r1,donut,412,0.987722
FKIT,Y+X2_M3_r1,donut,413,0.988802
FKIT,Y+X2_M3_r1,donut,414,0.988578
FKIT,Y+X2_M3_r1,donut,415,0.988215
FKIT,Y+X2_M3_r1,donut,416,0.991335
FKIT,Y+X2_M3_r1,donut,417,0.989773
FKIT,Y+X2_M3_r1,donut,418,0.989729
FKIT,Y+X2_M3_r1,donut,419,0.990482
FKIT,Y+X2_M3_r1,donut,420,0.993450
FKIT,Y+X2_M3_r1,donut,421,0.989051
FKIT,Y+X2_M3_r1,donut,422,0.990524
FKIT,Y+X2_M3_r1,donut,423,0.989156
FKIT,Y+X2_M3_r1,donut,424,0.986523
FKIT,Y+X2_M3_r1,donut,425,0.990246
FKIT,Y+X2_M3_r1,donut,426,0.989938
FKIT,Y+X2_M3_r1,donut,427,0.990743
FKIT,Y+X2_M3_r1,donut,428,0.990216
FKIT,Y+X2_M3_r1,donut,429,0.990095
FKIT,Y+X2_M3_r1,donut,430,0.990193
FKIT,Y+X2_M3_r1,donut,431,0.991112
FKIT,Y+X2_M3_r1,donut,432,0.985287
FKIT,Y+X2_M3_r1,donut,433,0.990430
FKIT,Y+X2_M3_r1,donut,434,0.988336
FKIT,Y+X2_M3_r1,donut,435,0.992101
FKIT,Y+X2_M3_r1,donut,436,0.989482
FKIT,Y+X2_M3_r1,donut,437,0.990303
FKIT,Y+X2_M3_r1,donut,438,0.990625
FKIT,Y+X2_M3_r1,donut,439,0.989843
FKIT,Y+X2_M3_r1,donut,440,0.991976
FKIT,Y+X2_M3_r1,donut,441,0.990704
FKIT,Y+X2_M3_r1,donut,442,0.990015
FKIT,Y+X2_M3_r1,donut,443,0.990691
FKIT,Y+X2_M3_r1,donut,444,0.993493
FKIT,Y+X2_M3_r1,donut,445,0.993573
FKIT,Y+X2_M3_r1,donut,446,0.993586
FKIT,Y+X2_M3_r1,donut,447,0.990853
FKIT,Y+X2_M3_r1,donut,448,0.994047
FKIT,Y+X2_M3_r1,donut,449,0.992729
FKIT,Y+X2_M3_r1,donut,450,0.990677
FKIT,Y+X2_M3_r1,donut,451,0.989506
FKIT,Y+X2_M3_r1,donut,452,0.990231
FKIT,Y+X2_M3_r1,donut,453,0.991902
FKIT,Y+X2_M3_r1,donut,454,0.988689
FKIT,Y+X2_M3_r1,donut,455,0.992048
FKIT,Y+X2_M3_r1,donut,456,0.986037
FKIT,Y+X2_M3_r1,donut,457,0.989167
FKIT,Y+X2_M3_r1,donut,458,0.989974
FKIT,Y+X2_M3_r1,donut,459,0.980841
FKIT,Y+X2_M3_r1,donut,460,0.980916
FKIT,Y+X2_M3_r1,donut,461,0.987768
FKIT,Y+X2_M3_r1,donut,462,0.985385
FKIT,Y+X2_M3_r1,donut,463,0.982662
FKIT,Y+X2_M3_r1,donut,464,0.974909
FKIT,Y+X2_M3_r1,donut,465,0.984101
FKIT,Y+X2_M3_r1,donut,466,0.985398
FKIT,Y+X2_M3_r1,donut,467,0.984600
FKIT,Y+X2_M3_r1,donut,468,0.985569
FKIT,Y+X2_M3_r1,donut,469,0.985662
FKIT,Y+X2_M3_r1,donut,470,0.988631
FKIT,Y+X2_M3_r1,donut,471,0.986312
FKIT,Y+X2_M3_r1,donut,472,0.981690
FKIT,Y+X2_M3_r1,donut,473,0.984618
FKIT,Y+X2_M3_r1,donut,474,0.985431
FKIT,Y+X2_M3_r1,donut,475,0.984198
FKIT,Y+X2_M3_r1,donut,476,0.987978
FKIT,Y+X2_M3_r1,donut,477,0.990552
FKIT,Y+X2_M3_r1,donut,478,0.987902
FKIT,Y+X2_M3_r1,donut,479,0.989090
FKIT,Y+X2_M3_r1,donut,480,0.989649
FKIT,Y+X2_M3_r1,donut,481,0.986766
FKIT,Y+X2_M3_r1,donut,482,0.986811
FKIT,Y+X2_M3_r1,donut,483,0.985695
FKIT,Y+X2_M3_r1,donut,484,0.985041
FKIT,Y+X2_M3_r1,donut,485,0.984702
FKIT,Y+X2_M3_r1,donut,486,0.982266
FKIT,Y+X2_M3_r1,donut,487,0.985388
FKIT,Y+X2_M3_r1,donut,488,0.985250
FKIT,Y+X2_M3_r1,donut,489,0.986773
FKIT,Y+X2_M3_r1,donut,490,0.985803
FKIT,Y+X2_M3_r1,donut,491,0.982653
FKIT,Y+X2_M3_r1,donut,492,0.984623
FKIT,Y+X2_M3_r1,donut,493,0.983336
FKIT,Y+X2_M3_r1,donut,494,0.982679
FKIT,Y+X2_M3_r1,donut,495,0.979367
FKIT,Y+X2_M3_r1,donut,496,0.974537
FKIT,Y+X2_M3_r1,donut,497,0.979395
FKIT,Y+X2_M3_r1,donut,498,0.974933
FKIT,Y+X2_M3_r1,donut,499,0.978412
FKIT,Y+X2_M3_r1,donut,500,0.977160
FKIT,Y+X2_M3_r1,donut,501,0.977869
FKIT,Y+X2_M3_r1,donut,502,0.977107
FKIT,Y+X2_M3_r1,donut,503,0.979538
FKIT,Y+X2_M3_r1,donut,504,0.976430
FKIT,Y+X2_M3_r1,donut,505,0.978259
FKIT,Y+X2_M3_r1,donut,506,0.974660
FKIT,Y+X2_M3_r1,donut,507,0.975145
FKIT,Y+X2_M3_r1,donut,508,0.974239
FKIT,Y+X2_M3_r1,donut,509,0.972667
FKIT,Y+X2_M3_r1,donut,510,0.976141
FKIT,Y+X2_M3_r1,donut,511,0.977699
FKIT,Y+X2_M3_r1,donut,512,0.976195
FKIT,Y+X2_M3_r1,donut,513,0.979837
FKIT,Y+X2_M3_r1,donut,514,0.976292
FKIT,Y+X2_M3_r1,donut,515,0.975958
FKIT,Y+X2_M3_r1,donut,516,0.977132
FKIT,Y+X2_M3_r1,donut,517,0.974904
FKIT,Y+X2_M3_r1,donut,518,0.976864
FKIT,Y+X2_M3_r1,donut,519,0.974473
FKIT,Y+X2_M3_r1,donut,520,0.973883
FKIT,Y+X2_M3_r1,donut,521,0.972632
FKIT,Y+X2_M3_r1,donut,522,0.976900
FKIT,Y+X2_M3_r1,donut,523,0.972133
FKIT,Y+X2_M3_r1,donut,524,0.973250
FKIT,Y+X2_M3_r1,donut,525,0.973784
FKIT,Y+X2_M3_r1,donut,526,0.968873
FKIT,Y+X2_M3_r1,donut,527,0.973115
FKIT,Y+X2_M3_r1,donut,528,0.972953
FKIT,Y+X2_M3_r1,donut,529,0.973440
FKIT,Y+X2_M3_r1,donut,530,0.970662
FKIT,Y+X2_M3_r1,donut,531,0.970355
FKIT,Y+X2_M3_r1,donut,532,0.975107
FKIT,Y+X2_M3_r1,donut,533,0.971535
FKIT,Y+X2_M3_r1,donut,534,0.966622
FKIT,Y+X2_M3_r1,donut,535,0.966771
FKIT,Y+X2_M3_r1,donut,536,0.968918
FKIT,Y+X2_M3_r1,donut,537,0.968390
FKIT,Y+X2_M3_r1,donut,538,0.967722
FKIT,Y+X2_M3_r1,donut,539,0.968957
FKIT,Y+X2_M3_r1,donut,540,0.968329
FKIT,Y+X2_M3_r1,donut,541,0.975763
FKIT,Y+X2_M3_r1,donut,542,0.969961
FKIT,Y+X2_M3_r1,donut,543,0.972018
FKIT,Y+X2_M3_r1,donut,544,0.973233
FKIT,Y+X2_M3_r1,donut,545,0.974825
FKIT,Y+X2_M3_r1,donut,546,0.977173
FKIT,Y+X2_M3_r1,donut,547,0.972384
FKIT,Y+X2_M3_r1,donut,548,0.978372
FKIT,Y+X2_M3_r1,donut,549,0.977472
FKIT,Y+X2_M3_r1,donut,550,0.977588
FKIT,Y+X2_M3_r1,donut,551,0.982124
FKIT,Y+X2_M3_r1,donut,552,0.978979
FKIT,Y+X2_M3_r1,donut,553,0.980848
FKIT,Y+X2_M3_r1,donut,554,0.980115
FKIT,Y+X2_M3_r1,donut,555,0.956665
FKIT,Y+X2_M3_r1,donut,556,0.949488
FKIT,Y+X2_M3_r1,donut,557,0.945703
FKIT,Y+X2_M3_r1,donut,558,0.933659
FKIT,Y+X2_M3_r1,donut,559,0.948521
FKIT,Y+X2_M3_r1,donut,560,0.918662
FKIT,Y+X2_M3_r1,donut,561,0.915289
FKIT,Y+X2_M3_r1,donut,562,0.910736
FKIT,Y+X2_M3_r1,donut,563,0.906302
FKIT,Y+X2_M3_r1,donut,564,0.888757
FKIT,Y+X2_M3_r1,donut,565,0.856492
FKIT,Y+X2_M3_r1,donut,566,0.843420
FKIT,Y+X2_M3_r1,donut,567,0.845534
FKIT,Y+X2_M3_r1,donut,568,0.797278
FKIT,Y+X2_M3_r1,donut,569,0.772886
FKIT,Y+X2_M3_r1,donut,570,0.789292
FKIT,Y+X2_M3_r1,donut,571,0.719394
FKIT,Y+X2_M3_r1,donut,572,0.732818
FKIT,Y+X2_M3_r1,donut,573,0.701749
FKIT,Y+X2_M3_r1,donut,574,0.668075
FKIT,Y+X2_M3_r1,donut,575,0.704335
FKIT,Y+X2_M3_r1,donut,576,0.705928
FKIT,Y+X2_M3_r1,donut,577,0.714794
FKIT,Y+X2_M3_r1,donut,578,0.711155
FKIT,Y+X2_M3_r1,donut,579,0.713863
FKIT,Y+X2_M3_r1,donut,580,0.716958
FKIT,Y+X2_M3_r1,donut,581,0.676419
FKIT,Y+X2_M3_r1,donut,582,0.699504
FKIT,Y+X2_M3_r1,donut,583,0.666746
FKIT,Y+X2_M3_r1,donut,584,0.535661
FKIT,Y+X2_M3_r1,donut,585,0.612975
FKIT,Y+X2_M3_r1,donut,586,0.608780
FKIT,Y+X2_M3_r1,donut,587,0.610447
FKIT,Y+X2_M3_r1,donut,588,0.383757
FKIT,Y+X2_M3_r1,donut,589,0.323883
FKIT,Y+X2_M3_r1,donut,590,0.171390
FKIT,Y+X2_M3_r1,donut,591,0.187012
FKIT,Y+X2_M3_r1,donut,592,0.154932
FKIT,Y+X2_M3_r1,donut,593,0.182051
FKIT,Y+X2_M3_r1,donut,594,0.152098
FKIT,Y+X2_M3_r1,donut,595,0.167155
FKIT,Y+X2_M3_r1,donut,596,0.163602
FKIT,Y+X2_M3_r1,donut,597,0.141135
FKIT,Y+X2_M3_r1,donut,598,0.158824
FKIT,Y+X2_M3_r1,donut,599,0.161635
FKIT,Y+X2_M3_r1,donut,600,0.163128
FKIT,Y+X2_M3_r1,donut,601,0.164413
FKIT,Y+X2_M3_r1,donut,602,0.166817
FKIT,Y+X2_M3_r1,donut,603,0.164285
FKIT,Y+X2_M3_r1,donut,604,0.161068
FKIT,Y+X2_M3_r1,donut,605,0.159625
FKIT,Y+X2_M3_r1,donut,606,0.157920
FKIT,Y+X2_M3_r1,donut,607,0.162285
FKIT,Y+X2_M3_r1,donut,608,0.152217
FKIT,Y+X2_M3_r1,donut,609,0.154774
FKIT,Y+X2_M3_r1,donut,610,0.147619
FKIT,Y+X2_M3_r1,donut,611,0.154862
FKIT,Y+X2_M3_r1,donut,612,0.158078
FKIT,Y+X2_M3_r1,donut,613,0.159137
FKIT,Y+X2_M3_r1,donut,614,0.160745
FKIT,Y+X2_M3_r1,donut,615,0.163976
FKIT,Y+X2_M3_r1,donut,616,0.160828
FKIT,Y+X2_M3_r1,donut,617,0.162967
FKIT,Y+X2_M3_r1,donut,618,0.163272
FKIT,Y+X2_M3_r1,donut,619,0.164460
FKIT,Y+X2_M3_r1,donut,620,0.166034
FKIT,Y+X2_M3_r1,donut,621,0.161614
FKIT,Y+X2_M3_r1,donut,622,0.161780
FKIT,Y+X2_M3_r1,donut,623,0.162822
FKIT,Y+X2_M3_r1,donut,624,0.165492
FKIT,Y+X2_M3_r1,donut,625,0.169014
FKIT,Y+X2_M3_r1,donut,626,0.159375
FKIT,Y+X2_M3_r1,donut,627,0.162250
FKIT,Y+X2_M3_r1,donut,628,0.162562
FKIT,Y+X2_M3_r1,donut,629,0.161765
FKIT,Y+X2_M3_r1,donut,630,0.159912
FKIT,Y+X2_M3_r1,donut,631,0.167593
FKIT,Y+X2_M3_r1,donut,632,0.158620
FKIT,Y+X2_M3_r1,donut,633,0.164415
FKIT,Y+X2_M3_r1,donut,634,0.166230
FKIT,Y+X2_M3_r1,donut,635,0.175257
FKIT,Y+X2_M3_r1,donut,636,0.159109
FKIT,Y+X2_M3_r1,donut,637,0.170196
FKIT,Y+X2_M3_r1,donut,638,0.185767
FKIT,Y+X2_M3_r1,donut,639,0.164229
FKIT,Y+X2_M3_r1,donut,640,0.169796
FKIT,Y+X2_M3_r1,donut,641,0.191834
FKIT,Y+X2_M3_r1,donut,642,0.172202
FKIT,Y+X2_M3_r1,donut,643,0.173793
FKIT,Y+X2_M3_r1,donut,644,0.185792
FKIT,Y+X2_M3_r1,donut,645,0.180502
FKIT,Y+X2_M3_r1,donut,646,0.171355
FKIT,Y+X2_M3_r1,donut,647,0.185326
FKIT,Y+X2_M3_r1,donut,648,0.190564
FKIT,Y+X2_M3_r1,donut,649,0.194080
FKIT,Y+X2_M3_r1,donut,650,0.193382
FKIT,Y+X2_M3_r1,donut,651,0.190179
FKIT,Y+X2_M3_r1,donut,652,0.198882
FKIT,Y+X2_M3_r1,donut,653,0.198683
FKIT,Y+X2_M3_r1,donut,654,0.190928
FKIT,Y+X2_M3_r1,donut,655,0.191023
FKIT,Y+X2_M3_r1,donut,656,0.196102
FKIT,Y+X2_M3_r1,donut,657,0.204378
FKIT,Y+X2_M3_r1,donut,658,0.206067
FKIT,Y+X2_M3_r1,donut,659,0.211757
FKIT,Y+X2_M3_r1,donut,660,0.206877
FKIT,Y+X2_M3_r1,donut,661,0.206276
FKIT,Y+X2_M3_r1,donut,662,0.210700
FKIT,Y+X2_M3_r1,donut,663,0.211480
FKIT,Y+X2_M3_r1,donut,664,0.214501
FKIT,Y+X2_M3_r1,donut,665,0.230407
FKIT,Y+X2_M3_r1,donut,666,0.227489
FKIT,Y+X2_M3_r1,donut,667,0.218708
FKIT,Y+X2_M3_r1,donut,668,0.226114
FKIT,Y+X2_M3_r1,donut,669,0.234638
FKIT,Y+X2_M3_r1,donut,670,0.237121
FKIT,Y+X2_M3_r1,donut,671,0.226532
FKIT,Y+X2_M3_r1,donut,672,0.235290
FKIT,Y+X2_M3_r1,donut,673,0.234402
FKIT,Y+X2_M3_r1,donut,674,0.219922
FKIT,Y+X2_M3_r1,donut,675,0.227014
FKIT,Y+X2_M3_r1,donut,676,0.232266
FKIT,Y+X2_M3_r1,donut,677,0.222035
FKIT,Y+X2_M3_r1,donut,678,0.228389
FKIT,Y+X2_M3_r1,donut,679,0.230448
FKIT,Y+X2_M3_r1,donut,680,0.240954
FKIT,Y+X2_M3_r1,donut,681,0.255364
FKIT,Y+X2_M3_r1,donut,682,0.249244
FKIT,Y+X2_M3_r1,donut,683,0.277469
FKIT,Y+X2_M3_r1,donut,684,0.262523
FKIT,Y+X2_M3_r1,donut,685,0.269766
FKIT,Y+X2_M3_r1,donut,686,0.267169
FKIT,Y+X2_M3_r1,donut,687,0.267469
FKIT,Y+X2_M3_r1,donut,688,0.271193
FKIT,Y+X2_M3_r1,donut,689,0.269898
FKIT,Y+X2_M3_r1,donut,690,0.281321
FKIT,Y+X2_M3_r1,donut,691,0.278824
FKIT,Y+X2_M3_r1,donut,692,0.250933
FKIT,Y+X2_M3_r1,donut,693,0.248438
FKIT,Y+X2_M3_r1,donut,694,0.269422
FKIT,Y+X2_M3_r1,donut,695,0.260857
FKIT,Y+X2_M3_r1,donut,696,0.260770
FKIT,Y+X2_M3_r1,donut,697,0.259407
FKIT,Y+X2_M3_r1,donut,698,0.250849
FKIT,Y+X2_M3_r1,donut,699,0.287831
FKIT,Y+X2_M3_r1,donut,700,0.270144
FKIT,Y+X2_M3_r1,donut,701,0.276354
FKIT,Y+X2_M3_r1,donut,702,0.272894
FKIT,Y+X2_M3_r1,donut,703,0.271114
FKIT,Y+X2_M3_r1,donut,704,0.267102
FKIT,Y+X2_M3_r1,donut,705,0.280629
FKIT,Y+X2_M3_r1,donut,706,0.285880
FKIT,Y+X2_M3_r1,donut,707,0.286983
FKIT,Y+X2_M3_r1,donut,708,0.311714
FKIT,Y+X2_M3_r1,donut,709,0.304425
FKIT,Y+X2_M3_r1,donut,710,0.315608
FKIT,Y+X2_M3_r1,donut,711,0.316881
FKIT,Y+X2_M3_r1,donut,712,0.326843
FKIT,Y+X2_M3_r1,donut,713,0.314104
FKIT,Y+X2_M3_r1,donut,714,0.312800
FKIT,Y+X2_M3_r1,donut,715,0.320009
FKIT,Y+X2_M3_r1,donut,716,0.318194
FKIT,Y+X2_M3_r1,donut,717,0.322033
FKIT,Y+X2_M3_r1,donut,718,0.298476
FKIT,Y+X2_M3_r1,donut,719,0.325306
FKIT,Y+X2_M3_r1,donut,720,0.320993
FKIT,Y+X2_M3_r1,donut,721,0.323837
FKIT,Y+X2_M3_r1,donut,722,0.322102
FKIT,Y+X2_M3_r1,donut,723,0.325984
FKIT,Y+X2_M3_r1,donut,724,0.346988
FKIT,Y+X2_M3_r1,donut,725,0.343877
FKIT,Y+X2_M3_r1,donut,726,0.329926
FKIT,Y+X2_M3_r1,donut,727,0.339794
FKIT,Y+X2_M3_r1,donut,728,0.364261
FKIT,Y+X2_M3_r1,donut,729,0.345891
FKIT,Y+X2_M3_r1,donut,730,0.344376
FKIT,Y+X2_M3_r1,donut,731,0.368649
FKIT,Y+X2_M3_r1,donut,732,0.401858
FKIT,Y+X2_M3_r1,donut,733,0.410235
FKIT,Y+X2_M3_r1,donut,734,0.390910
FKIT,Y+X2_M3_r1,donut,735,0.412200
FKIT,Y+X2_M3_r1,donut,736,0.444176
FKIT,Y+X2_M3_r1,donut,737,0.445141
FKIT,Y+X2_M3_r1,donut,738,0.438535
FKIT,Y+X2_M3_r1,donut,739,0.473953
FKIT,Y+X2_M3_r1,donut,740,0.474338
FKIT,Y+X2_M3_r1,donut,741,0.476696
FKIT,Y+X2_M3_r1,donut,742,0.475987
FKIT,Y+X2_M3_r1,donut,743,0.473646
FKIT,Y+X2_M3_r1,donut,744,0.474529
FKIT,Y+X2_M3_r1,donut,745,0.474007
FKIT,Y+X2_M3_r1,donut,746,0.480185
FKIT,Y+X2_M3_r1,donut,747,0.473211
FKIT,Y+X2_M3_r1,donut,748,0.497037
FKIT,Y+X2_M3_r1,donut,749,0.489945
FKIT,Y+X2_M3_r1,donut,750,0.498786
FKIT,Y+X2_M3_r1,donut,751,0.500307
FKIT,Y+X2_M3_r1,donut,752,0.483717
FKIT,Y+X2_M3_r1,donut,753,0.466452
FKIT,Y+X2_M3_r1,donut,754,0.465157
FKIT,Y+X2_M3_r1,donut,755,0.452664
FKIT,Y+X2_M3_r1,donut,756,0.271813
FKIT,Y+X2_M3_r1,donut,757,0.506059
FKIT,Y+X2_M3_r1,donut,758,0.486853
FKIT,Y+X2_M3_r1,donut,759,0.483067
FKIT,Y+X2_M3_r1,donut,760,0.488176
FKIT,Y+X2_M3_r1,donut,761,0.480701
FKIT,Y+X2_M3_r1,donut,762,0.474103
FKIT,Y+X2_M3_r1,donut,763,0.475292
FKIT,Y+X2_M3_r1,donut,764,0.479195
FKIT,Y+X2_M3_r1,donut,765,0.474846
FKIT,Y+X2_M3_r1,donut,766,0.481393
FKIT,Y+X2_M3_r1,donut,767,0.479613
FKIT,Y+X2_M3_r1,donut,768,0.480024
FKIT,Y+X2_M3_r1,donut,769,0.486883
FKIT,Y+X2_M3_r1,donut,770,0.478254
FKIT,Y+X2_M3_r1,donut,771,0.495041
FKIT,Y+X2_M3_r1,donut,772,0.496910
FKIT,Y+X2_M3_r1,donut,773,0.492038
FKIT,Y+X2_M3_r1,donut,774,0.488315
FKIT,Y+X2_M3_r1,donut,775,0.504195
FKIT,Y+X2_M3_r1,donut,776,0.506874
FKIT,Y+X2_M3_r1,donut,777,0.486522
FKIT,Y+X2_M3_r1,donut,778,0.488508
FKIT,Y+X2_M3_r1,donut,779,0.481932
FKIT,Y+X2_M3_r1,durum,0,0.925672
FKIT,Y+X2_M3_r1,durum,1,0.946941
FKIT,Y+X2_M3_r1,durum,2,0.951582
FKIT,Y+X2_M3_r1,durum,3,0.955273
FKIT,Y+X2_M3_r1,durum,4,0.947629
FKIT,Y+X2_M3_r1,durum,5,0.949918
FKIT,Y+X2_M3_r1,durum,6,0.950933
FKIT,Y+X2_M3_r1,durum,7,0.951024
FKIT,Y+X2_M3_r1,durum,8,0.950945
FKIT,Y+X2_M3_r1,durum,9,0.959592
FKIT,Y+X2_M3_r1,durum,10,0.943218
FKIT,Y+X2_M3_r1,durum,11,0.909490
FKIT,Y+X2_M3_r1,durum,12,0.947855
FKIT,Y+X2_M3_r1,durum,13,0.942237
FKIT,Y+X2_M3_r1,durum,14,0.966429
FKIT,Y+X2_M3_r1,durum,15,0.968816
FKIT,Y+X2_M3_r1,durum,16,0.967537
FKIT,Y+X2_M3_r1,durum,17,0.967681
FKIT,Y+X2_M3_r1,durum,18,0.965988
FKIT,Y+X2_M3_r1,durum,19,0.967428
FKIT,Y+X2_M3_r1,durum,20,0.963656
FKIT,Y+X2_M3_r1,durum,21,0.967176
FKIT,Y+X2_M3_r1,durum,22,0.969838
FKIT,Y+X2_M3_r1,durum,23,0.972863
FKIT,Y+X2_M3_r1,durum,24,0.971385
FKIT,Y+X2_M3_r1,durum,25,0.973797
FKIT,Y+X2_M3_r1,durum,26,0.972322
FKIT,Y+X2_M3_r1,durum,27,0.971785
FKIT,Y+X2_M3_r1,durum,28,0.968464
FKIT,Y+X2_M3_r1,durum,29,0.969996
FKIT,Y+X2_M3_r1,durum,30,0.964842
FKIT,Y+X2_M3_r1,durum,31,0.966110
FKIT,Y+X2_M3_r1,durum,32,0.967735
FKIT,Y+X2_M3_r1,durum,33,0.965771
FKIT,Y+X2_M3_r1,durum,34,0.963897
FKIT,Y+X2_M3_r1,durum,35,0.960971
FKIT,Y+X2_M3_r1,durum,36,0.961530
FKIT,Y+X2_M3_r1,durum,37,0.958767
FKIT,Y+X2_M3_r1,durum,38,0.959206
FKIT,Y+X2_M3_r1,durum,39,0.956740
FKIT,Y+X2_M3_r1,durum,40,0.957657
FKIT,Y+X2_M3_r1,durum,41,0.950243
FKIT,Y+X2_M3_r1,durum,42,0.958858
FKIT,Y+X2_M3_r1,durum,43,0.961335
FKIT,Y+X2_M3_r1,durum,44,0.958564
FKIT,Y+X2_M3_r1,durum,45,0.959050
FKIT,Y+X2_M3_r1,durum,46,0.955471
FKIT,Y+X2_M3_r1,durum,47,0.957551
FKIT,Y+X2_M3_r1,durum,48,0.955224
FKIT,Y+X2_M3_r1,durum,49,0.955638
FKIT,Y+X2_M3_r1,durum,50,0.953375
FKIT,Y+X2_M3_r1,durum,51,0.953521
FKIT,Y+X2_M3_r1,durum,52,0.950660
FKIT,Y+X2_M3_r1,durum,53,0.948357
FKIT,Y+X2_M3_r1,durum,54,0.951401
FKIT,Y+X2_M3_r1,durum,55,0.951422
FKIT,Y+X2_M3_r1,durum,56,0.950745
FKIT,Y+X2_M3_r1,durum,57,0.952310
FKIT,Y+X2_M3_r1,durum,58,0.950126
FKIT,Y+X2_M3_r1,durum,59,0.949996
FKIT,Y+X2_M3_r1,durum,60,0.950811
FKIT,Y+X2_M3_r1,durum,61,0.946108
FKIT,Y+X2_M3_r1,durum,62,0.948501
FKIT,Y+X2_M3_r1,durum,63,0.944492
FKIT,Y+X2_M3_r1,durum,64,0.949484
FKIT,Y+X2_M3_r1,durum,65,0.946719
FKIT,Y+X2_M3_r1,durum,66,0.943495
FKIT,Y+X2_M3_r1,durum,67,0.946318
FKIT,Y+X2_M3_r1,durum,68,0.942241
FKIT,Y+X2_M3_r1,durum,69,0.944082
FKIT,Y+X2_M3_r1,durum,70,0.941416
FKIT,Y+X2_M3_r1,durum,71,0.939844
FKIT,Y+X2_M3_r1,durum,72,0.941790
FKIT,Y+X2_M3_r1,durum,73,0.940692
FKIT,Y+X2_M3_r1,durum,74,0.941655
FKIT,Y+X2_M3_r1,durum,75,0.937220
FKIT,Y+X2_M3_r1,durum,76,0.937748
FKIT,Y+X2_M3_r1,durum,77,0.938563
FKIT,Y+X2_M3_r1,durum,78,0.936585
FKIT,Y+X2_M3_r1,durum,79,0.935515
FKIT,Y+X2_M3_r1,durum,80,0.931904
FKIT,Y+X2_M3_r1,durum,81,0.932083
FKIT,Y+X2_M3_r1,durum,82,0.928344
FKIT,Y+X2_M3_r1,durum,83,0.929517
FKIT,Y+X2_M3_r1,durum,84,0.930642
FKIT,Y+X2_M3_r1,durum,85,0.927159
FKIT,Y+X2_M3_r1,durum,86,0.925894
FKIT,Y+X2_M3_r1,durum,87,0.924559
FKIT,Y+X2_M3_r1,durum,88,0.925275
FKIT,Y+X2_M3_r1,durum,89,0.923883
FKIT,Y+X2_M3_r1,durum,90,0.925532
FKIT,Y+X2_M3_r1,durum,91,0.922574
FKIT,Y+X2_M3_r1,durum,92,0.919976
FKIT,Y+X2_M3_r1,durum,93,0.920867
FKIT,Y+X2_M3_r1,durum,94,0.921699
FKIT,Y+X2_M3_r1,durum,95,0.921900
FKIT,Y+X2_M3_r1,durum,96,0.916829
FKIT,Y+X2_M3_r1,durum,97,0.917223
FKIT,Y+X2_M3_r1,durum,98,0.914533
FKIT,Y+X2_M3_r1,durum,99,0.910078
FKIT,Y+X2_M3_r1,durum,100,0.908454
FKIT,Y+X2_M3_r1,durum,101,0.905384
FKIT,Y+X2_M3_r1,durum,102,0.899980
FKIT,Y+X2_M3_r1,durum,103,0.901344
FKIT,Y+X2_M3_r1,durum,104,0.902726
FKIT,Y+X2_M3_r1,durum,105,0.901400
FKIT,Y+X2_M3_r1,durum,106,0.900263
FKIT,Y+X2_M3_r1,durum,107,0.898141
FKIT,Y+X2_M3_r1,durum,108,0.898569
FKIT,Y+X2_M3_r1,durum,109,0.908379
FKIT,Y+X2_M3_r1,durum,110,0.924355
FKIT,Y+X2_M3_r1,durum,111,0.920368
FKIT,Y+X2_M3_r1,durum,112,0.929795
FKIT,Y+X2_M3_r1,durum,113,0.921221
FKIT,Y+X2_M3_r1,durum,114,0.924584
FKIT,Y+X2_M3_r1,durum,115,0.927645
FKIT,Y+X2_M3_r1,durum,116,0.919923
FKIT,Y+X2_M3_r1,durum,117,0.923364
FKIT,Y+X2_M3_r1,durum,118,0.925841
FKIT,Y+X2_M3_r1,durum,119,0.924804
FKIT,Y+X2_M3_r1,durum,120,0.918375
FKIT,Y+X2_M3_r1,durum,121,0.909799
FKIT,Y+X2_M3_r1,durum,122,0.909802
FKIT,Y+X2_M3_r1,durum,123,0.911344
FKIT,Y+X2_M3_r1,durum,124,0.912591
FKIT,Y+X2_M3_r1,durum,125,0.905377
FKIT,Y+X2_M3_r1,durum,126,0.901351
FKIT,Y+X2_M3_r1,durum,127,0.906324
FKIT,Y+X2_M3_r1,durum,128,0.902235
FKIT,Y+X2_M3_r1,durum,129,0.900129
FKIT,Y+X2_M3_r1,durum,130,0.893227
FKIT,Y+X2_M3_r1,durum,131,0.896627
FKIT,Y+X2_M3_r1,durum,132,0.893524
FKIT,Y+X2_M3_r1,durum,133,0.894748
FKIT,Y+X2_M3_r1,durum,134,0.898442
FKIT,Y+X2_M3_r1,durum,135,0.897267
FKIT,Y+X2_M3_r1,durum,136,0.898247
FKIT,Y+X2_M3_r1,durum,137,0.896692
FKIT,Y+X2_M3_r1,durum,138,0.892824
FKIT,Y+X2_M3_r1,durum,139,0.887682
FKIT,Y+X2_M3_r1,durum,140,0.889784
FKIT,Y+X2_M3_r1,durum,141,0.894663
FKIT,Y+X2_M3_r1,durum,142,0.885841
FKIT,Y+X2_M3_r1,durum,143,0.892630
FKIT,Y+X2_M3_r1,durum,144,0.899090
FKIT,Y+X2_M3_r1,durum,145,0.895483
FKIT,Y+X2_M3_r1,durum,146,0.894076
FKIT,Y+X2_M3_r1,durum,147,0.883642
FKIT,Y+X2_M3_r1,durum,148,0.892129
FKIT,Y+X2_M3_r1,durum,149,0.894941
FKIT,Y+X2_M3_r1,durum,150,0.889445
FKIT,Y+X2_M3_r1,durum,151,0.885985
FKIT,Y+X2_M3_r1,durum,152,0.886258
FKIT,Y+X2_M3_r1,durum,153,0.889709
FKIT,Y+X2_M3_r1,durum,154,0.885677
FKIT,Y+X2_M3_r1,durum,155,0.886738
FKIT,Y+X2_M3_r1,durum,156,0.885976
FKIT,Y+X2_M3_r1,durum,157,0.888721
FKIT,Y+X2_M3_r1,durum,158,0.886384
FKIT,Y+X2_M3_r1,durum,159,0.882097
FKIT,Y+X2_M3_r1,durum,160,0.886362
FKIT,Y+X2_M3_r1,durum,161,0.880140
FKIT,Y+X2_M3_r1,durum,162,0.877412
FKIT,Y+X2_M3_r1,durum,163,0.875354
FKIT,Y+X2_M3_r1,durum,164,0.874113
FKIT,Y+X2_M3_r1,durum,165,0.870661
FKIT,Y+X2_M3_r1,durum,166,0.873348
FKIT,Y+X2_M3_r1,durum,167,0.872034
FKIT,Y+X2_M3_r1,durum,168,0.867257
FKIT,Y+X2_M3_r1,durum,169,0.867420
FKIT,Y+X2_M3_r1,durum,170,0.867364
FKIT,Y+X2_M3_r1,durum,171,0.864231
FKIT,Y+X2_M3_r1,durum,172,0.860998
FKIT,Y+X2_M3_r1,durum,173,0.857505
FKIT,Y+X2_M3_r1,durum,174,0.859113
FKIT,Y+X2_M3_r1,durum,175,0.863715
FKIT,Y+X2_M3_r1,durum,176,0.856148
FKIT,Y+X2_M3_r1,durum,177,0.859237
FKIT,Y+X2_M3_r1,durum,178,0.854478
FKIT,Y+X2_M3_r1,durum,179,0.856498
FKIT,Y+X2_M3_r1,durum,180,0.858804
FKIT,Y+X2_M3_r1,durum,181,0.858111
FKIT,Y+X2_M3_r1,durum,182,0.860479
FKIT,Y+X2_M3_r1,durum,183,0.853363
FKIT,Y+X2_M3_r1,durum,184,0.856896
FKIT,Y+X2_M3_r1,durum,185,0.857408
FKIT,Y+X2_M3_r1,durum,186,0.858905
FKIT,Y+X2_M3_r1,durum,187,0.859233
FKIT,Y+X2_M3_r1,durum,188,0.854789
FKIT,Y+X2_M3_r1,durum,189,0.860977
FKIT,Y+X2_M3_r1,durum,190,0.856103
FKIT,Y+X2_M3_r1,durum,191,0.851446
FKIT,Y+X2_M3_r1,durum,192,0.849000
FKIT,Y+X2_M3_r1,durum,193,0.863673
FKIT,Y+X2_M3_r1,durum,194,0.859411
FKIT,Y+X2_M3_r1,durum,195,0.859038
FKIT,Y+X2_M3_r1,durum,196,0.854859
FKIT,Y+X2_M3_r1,durum,197,0.858500
FKIT,Y+X2_M3_r1,durum,198,0.851077
FKIT,Y+X2_M3_r1,durum,199,0.857368
FKIT,Y+X2_M3_r1,durum,200,0.855785
FKIT,Y+X2_M3_r1,durum,201,0.853941
FKIT,Y+X2_M3_r1,durum,202,0.857006
FKIT,Y+X2_M3_r1,durum,203,0.857784
FKIT,Y+X2_M3_r1,durum,204,0.852513
FKIT,Y+X2_M3_r1,durum,205,0.857396
FKIT,Y+X2_M3_r1,durum,206,0.850585
FKIT,Y+X2_M3_r1,durum,207,0.858839
FKIT,Y+X2_M3_r1,durum,208,0.855909
FKIT,Y+X2_M3_r1,durum,209,0.850554
FKIT,Y+X2_M3_r1,durum,210,0.850215
FKIT,Y+X2_M3_r1,durum,211,0.848360
FKIT,Y+X2_M3_r1,durum,212,0.851190
FKIT,Y+X2_M3_r1,durum,213,0.856784
FKIT,Y+X2_M3_r1,durum,214,0.855909
FKIT,Y+X2_M3_r1,durum,215,0.863833
FKIT,Y+X2_M3_r1,durum,216,0.859973
FKIT,Y+X2_M3_r1,durum,217,0.860282
FKIT,Y+X2_M3_r1,durum,218,0.857435
FKIT,Y+X2_M3_r1,durum,219,0.855986
FKIT,Y+X2_M3_r1,durum,220,0.858669
FKIT,Y+X2_M3_r1,durum,221,0.860790
FKIT,Y+X2_M3_r1,durum,222,0.865470
FKIT,Y+X2_M3_r1,durum,223,0.855614
FKIT,Y+X2_M3_r1,durum,224,0.858402
FKIT,Y+X2_M3_r1,durum,225,0.864858
FKIT,Y+X2_M3_r1,durum,226,0.861895
FKIT,Y+X2_M3_r1,durum,227,0.883647
FKIT,Y+X2_M3_r1,durum,228,0.870791
FKIT,Y+X2_M3_r1,durum,229,0.877223
FKIT,Y+X2_M3_r1,durum,230,0.884281
FKIT,Y+X2_M3_r1,durum,231,0.887109
FKIT,Y+X2_M3_r1,durum,232,0.881221
FKIT,Y+X2_M3_r1,durum,233,0.880837
FKIT,Y+X2_M3_r1,durum,234,0.886253
FKIT,Y+X2_M3_r1,durum,235,0.901503
FKIT,Y+X2_M3_r1,durum,236,0.903581
FKIT,Y+X2_M3_r1,durum,237,0.902776
FKIT,Y+X2_M3_r1,durum,238,0.917011
FKIT,Y+X2_M3_r1,durum,239,0.900881
FKIT,Y+X2_M3_r1,durum,240,0.895509
FKIT,Y+X2_M3_r1,durum,241,0.895200
FKIT,Y+X2_M3_r1,durum,242,0.892730
FKIT,Y+X2_M3_r1,durum,243,0.912440
FKIT,Y+X2_M3_r1,durum,244,0.917437
FKIT,Y+X2_M3_r1,durum,245,0.910931
FKIT,Y+X2_M3_r1,durum,246,0.918465
FKIT,Y+X2_M3_r1,durum,247,0.909822
FKIT,Y+X2_M3_r1,durum,248,0.920666
FKIT,Y+X2_M3_r1,durum,249,0.902578
FKIT,Y+X2_M3_r1,durum,250,0.901929
FKIT,Y+X2_M3_r1,durum,251,0.913588
FKIT,Y+X2_M3_r1,durum,252,0.914420
FKIT,Y+X2_M3_r1,durum,253,0.917605
FKIT,Y+X2_M3_r1,durum,254,0.916356
FKIT,Y+X2_M3_r1,durum,255,0.916989
FKIT,Y+X2_M3_r1,durum,256,0.909902
FKIT,Y+X2_M3_r1,durum,257,0.915523
FKIT,Y+X2_M3_r1,durum,258,0.928695
FKIT,Y+X2_M3_r1,durum,259,0.911644
FKIT,Y+X2_M3_r1,durum,260,0.916079
FKIT,Y+X2_M3_r1,durum,261,0.922177
FKIT,Y+X2_M3_r1,durum,262,0.919429
FKIT,Y+X2_M3_r1,durum,263,0.922453
FKIT,Y+X2_M3_r1,durum,264,0.922604
FKIT,Y+X2_M3_r1,durum,265,0.925848
FKIT,Y+X2_M3_r1,durum,266,0.926849
FKIT,Y+X2_M3_r1,durum,267,0.924453
FKIT,Y+X2_M3_r1,durum,268,0.923781
FKIT,Y+X2_M3_r1,durum,269,0.926296
FKIT,Y+X2_M3_r1,durum,270,0.927547
FKIT,Y+X2_M3_r1,durum,271,0.928732
FKIT,Y+X2_M3_r1,durum,272,0.925894
FKIT,Y+X2_M3_r1,durum,273,0.931639
FKIT,Y+X2_M3_r1,durum,274,0.928290
FKIT,Y+X2_M3_r1,durum,275,0.932587
FKIT,Y+X2_M3_r1,durum,276,0.925554
FKIT,Y+X2_M3_r1,durum,277,0.924967
FKIT,Y+X2_M3_r1,durum,278,0.924614
FKIT,Y+X2_M3_r1,durum,279,0.925683
FKIT,Y+X2_M3_r1,durum,280,0.925443
FKIT,Y+X2_M3_r1,durum,281,0.923445
FKIT,Y+X2_M3_r1,durum,282,0.932916
FKIT,Y+X2_M3_r1,durum,283,0.929432
FKIT,Y+X2_M3_r1,durum,284,0.927942
FKIT,Y+X2_M3_r1,durum,285,0.925476
FKIT,Y+X2_M3_r1,durum,286,0.924537
FKIT,Y+X2_M3_r1,durum,287,0.930423
FKIT,Y+X2_M3_r1,durum,288,0.925223
FKIT,Y+X2_M3_r1,durum,289,0.928482
FKIT,Y+X2_M3_r1,durum,290,0.925690
FKIT,Y+X2_M3_r1,durum,291,0.923257
FKIT,Y+X2_M3_r1,durum,292,0.926586
FKIT,Y+X2_M3_r1,durum,293,0.927455
FKIT,Y+X2_M3_r1,durum,294,0.927674
FKIT,Y+X2_M3_r1,durum,295,0.943377
FKIT,Y+X2_M3_r1,durum,296,0.934714
FKIT,Y+X2_M3_r1,durum,297,0.945085
FKIT,Y+X2_M3_r1,durum,298,0.935497
FKIT,Y+X2_M3_r1,durum,299,0.937215
FKIT,Y+X2_M3_r1,durum,300,0.934430
FKIT,Y+X2_M3_r1,durum,301,0.937565
FKIT,Y+X2_M3_r1,durum,302,0.935136
FKIT,Y+X2_M3_r1,durum,303,0.934066
FKIT,Y+X2_M3_r1,durum,304,0.940475
FKIT,Y+X2_M3_r1,durum,305,0.944001
FKIT,Y+X2_M3_r1,durum,306,0.939685
FKIT,Y+X2_M3_r1,durum,307,0.946288
FKIT,Y+X2_M3_r1,durum,308,0.940983
FKIT,Y+X2_M3_r1,durum,309,0.942414
FKIT,Y+X2_M3_r1,durum,310,0.947277
FKIT,Y+X2_M3_r1,durum,311,0.940326
FKIT,Y+X2_M3_r1,durum,312,0.943271
FKIT,Y+X2_M3_r1,durum,313,0.948271
FKIT,Y+X2_M3_r1,durum,314,0.951920
FKIT,Y+X2_M3_r1,durum,315,0.949117
FKIT,Y+X2_M3_r1,durum,316,0.953011
FKIT,Y+X2_M3_r1,durum,317,0.951242
FKIT,Y+X2_M3_r1,durum,318,0.948372
FKIT,Y+X2_M3_r1,durum,319,0.952326
FKIT,Y+X2_M3_r1,durum,320,0.952203
FKIT,Y+X2_M3_r1,durum,321,0.951111
FKIT,Y+X2_M3_r1,durum,322,0.949210
FKIT,Y+X2_M3_r1,durum,323,0.950487
FKIT,Y+X2_M3_r1,durum,324,0.951248
FKIT,Y+X2_M3_r1,durum,325,0.953725
FKIT,Y+X2_M3_r1,durum,326,0.954005
FKIT,Y+X2_M3_r1,durum,327,0.953263
FKIT,Y+X2_M3_r1,durum,328,0.952198
FKIT,Y+X2_M3_r1,durum,329,0.953767
FKIT,Y+X2_M3_r1,durum,330,0.951636
FKIT,Y+X2_M3_r1,durum,331,0.953316
FKIT,Y+X2_M3_r1,durum,332,0.954840
FKIT,Y+X2_M3_r1,durum,333,0.955215
FKIT,Y+X2_M3_r1,durum,334,0.953975
FKIT,Y+X2_M3_r1,durum,335,0.955199
FKIT,Y+X2_M3_r1,durum,336,0.955315
FKIT,Y+X2_M3_r1,durum,337,0.955838
FKIT,Y+X2_M3_r1,durum,338,0.953961
FKIT,Y+X2_M3_r1,durum,339,0.953731
FKIT,Y+X2_M3_r1,durum,340,0.956997
FKIT,Y+X2_M3_r1,durum,341,0.957465
FKIT,Y+X2_M3_r1,durum,342,0.955056
FKIT,Y+X2_M3_r1,durum,343,0.957871
FKIT,Y+X2_M3_r1,durum,344,0.960467
FKIT,Y+X2_M3_r1,durum,345,0.958272
FKIT,Y+X2_M3_r1,durum,346,0.960560
FKIT,Y+X2_M3_r1,durum,347,0.960962
FKIT,Y+X2_M3_r1,durum,348,0.959765
FKIT,Y+X2_M3_r1,durum,349,0.960589
FKIT,Y+X2_M3_r1,durum,350,0.965132
FKIT,Y+X2_M3_r1,durum,351,0.963986
FKIT,Y+X2_M3_r1,durum,352,0.965239
FKIT,Y+X2_M3_r1,durum,353,0.963731
FKIT,Y+X2_M3_r1,durum,354,0.969836
FKIT,Y+X2_M3_r1,durum,355,0.966081
FKIT,Y+X2_M3_r1,durum,356,0.968819
FKIT,Y+X2_M3_r1,durum,357,0.969491
FKIT,Y+X2_M3_r1,durum,358,0.969703
FKIT,Y+X2_M3_r1,durum,359,0.969631
FKIT,Y+X2_M3_r1,durum,360,0.972100
FKIT,Y+X2_M3_r1,durum,361,0.973555
FKIT,Y+X2_M3_r1,durum,362,0.973147
FKIT,Y+X2_M3_r1,durum,363,0.974596
FKIT,Y+X2_M3_r1,durum,364,0.977213
FKIT,Y+X2_M3_r1,durum,365,0.978796
FKIT,Y+X2_M3_r1,durum,366,0.980544
FKIT,Y+X2_M3_r1,durum,367,0.980305
FKIT,Y+X2_M3_r1,durum,368,0.979485
FKIT,Y+X2_M3_r1,durum,369,0.980445
FKIT,Y+X2_M3_r1,durum,370,0.978064
FKIT,Y+X2_M3_r1,durum,371,0.976661
FKIT,Y+X2_M3_r1,durum,372,0.974846
FKIT,Y+X2_M3_r1,durum,373,0.977802
FKIT,Y+X2_M3_r1,durum,374,0.979530
FKIT,Y+X2_M3_r1,durum,375,0.981279
FKIT,Y+X2_M3_r1,durum,376,0.980799
FKIT,Y+X2_M3_r1,durum,377,0.979311
FKIT,Y+X2_M3_r1,durum,378,0.975019
FKIT,Y+X2_M3_r1,durum,379,0.979972
FKIT,Y+X2_M3_r1,durum,380,0.975952
FKIT,Y+X2_M3_r1,durum,381,0.977879
FKIT,Y+X2_M3_r1,durum,382,0.976981
FKIT,Y+X2_M3_r1,durum,383,0.974025
FKIT,Y+X2_M3_r1,durum,384,0.978556
FKIT,Y+X2_M3_r1,durum,385,0.978458
FKIT,Y+X2_M3_r1,durum,386,0.978173
FKIT,Y+X2_M3_r1,durum,387,0.977659
FKIT,Y+X2_M3_r1,durum,388,0.978549
FKIT,Y+X2_M3_r1,durum,389,0.977866
FKIT,Y+X2_M3_r1,durum,390,0.978293
FKIT,Y+X2_M3_r1,durum,391,0.976560
FKIT,Y+X2_M3_r1,durum,392,0.976110
FKIT,Y+X2_M3_r1,durum,393,0.974066
FKIT,Y+X2_M3_r1,durum,394,0.979192
FKIT,Y+X2_M3_r1,durum,395,0.976803
FKIT,Y+X2_M3_r1,durum,396,0.975280
FKIT,Y+X2_M3_r1,durum,397,0.977597
FKIT,Y+X2_M3_r1,durum,398,0.978144
FKIT,Y+X2_M3_r1,durum,399,0.978624
FKIT,Y+X2_M3_r1,durum,400,0.977022
FKIT,Y+X2_M3_r1,durum,401,0.977955
FKIT,Y+X2_M3_r1,durum,402,0.978187
FKIT,Y+X2_M3_r1,durum,403,0.975935
FKIT,Y+X2_M3_r1,durum,404,0.977846
FKIT,Y+X2_M3_r1,durum,405,0.977385
FKIT,Y+X2_M3_r1,durum,406,0.976464
FKIT,Y+X2_M3_r1,durum,407,0.976877
FKIT,Y+X2_M3_r1,durum,408,0.976609
FKIT,Y+X2_M3_r1,durum,409,0.976637
FKIT,Y+X2_M3_r1,durum,410,0.975163
FKIT,Y+X2_M3_r1,durum,411,0.974251
FKIT,Y+X2_M3_r1,durum,412,0.973917
FKIT,Y+X2_M3_r1,durum,413,0.974013
FKIT,Y+X2_M3_r1,durum,414,0.976874
FKIT,Y+X2_M3_r1,durum,415,0.973573
FKIT,Y+X2_M3_r1,durum,416,0.974747
FKIT,Y+X2_M3_r1,durum,417,0.974393
FKIT,Y+X2_M3_r1,durum,418,0.973516
FKIT,Y+X2_M3_r1,durum,419,0.971483
FKIT,Y+X2_M3_r1,durum,420,0.973252
FKIT,Y+X2_M3_r1,durum,421,0.972356
FKIT,Y+X2_M3_r1,durum,422,0.969522
FKIT,Y+X2_M3_r1,durum,423,0.973503
FKIT,Y+X2_M3_r1,durum,424,0.972838
FKIT,Y+X2_M3_r1,durum,425,0.969347
FKIT,Y+X2_M3_r1,durum,426,0.972218
FKIT,Y+X2_M3_r1,durum,427,0.970073
FKIT,Y+X2_M3_r1,durum,428,0.966828
FKIT,Y+X2_M3_r1,durum,429,0.968895
FKIT,Y+X2_M3_r1,durum,430,0.969987
FKIT,Y+X2_M3_r1,durum,431,0.968999
FKIT,Y+X2_M3_r1,durum,432,0.970064
FKIT,Y+X2_M3_r1,durum,433,0.970182
FKIT,Y+X2_M3_r1,durum,434,0.969138
FKIT,Y+X2_M3_r1,durum,435,0.966219
FKIT,Y+X2_M3_r1,durum,436,0.966739
FKIT,Y+X2_M3_r1,durum,437,0.971870
FKIT,Y+X2_M3_r1,durum,438,0.966956
FKIT,Y+X2_M3_r1,durum,439,0.969426
FKIT,Y+X2_M3_r1,durum,440,0.965093
FKIT,Y+X2_M3_r1,durum,441,0.970320
FKIT,Y+X2_M3_r1,durum,442,0.961888
FKIT,Y+X2_M3_r1,durum,443,0.967455
FKIT,Y+X2_M3_r1,durum,444,0.968110
FKIT,Y+X2_M3_r1,durum,445,0.968818
FKIT,Y+X2_M3_r1,durum,446,0.966773
FKIT,Y+X2_M3_r1,durum,447,0.963668
FKIT,Y+X2_M3_r1,durum,448,0.964218
FKIT,Y+X2_M3_r1,durum,449,0.961662
FKIT,Y+X2_M3_r1,durum,450,0.960343
FKIT,Y+X2_M3_r1,durum,451,0.961086
FKIT,Y+X2_M3_r1,durum,452,0.967340
FKIT,Y+X2_M3_r1,durum,453,0.966002
FKIT,Y+X2_M3_r1,durum,454,0.966777
FKIT,Y+X2_M3_r1,durum,455,0.968114
FKIT,Y+X2_M3_r1,durum,456,0.955983
FKIT,Y+X2_M3_r1,durum,457,0.953240
FKIT,Y+X2_M3_r1,durum,458,0.959473
FKIT,Y+X2_M3_r1,durum,459,0.961690
FKIT,Y+X2_M3_r1,durum,460,0.957185
FKIT,Y+X2_M3_r1,durum,461,0.959256
FKIT,Y+X2_M3_r1,durum,462,0.959471
FKIT,Y+X2_M3_r1,durum,463,0.960661
FKIT,Y+X2_M3_r1,durum,464,0.957552
FKIT,Y+X2_M3_r1,durum,465,0.953109
FKIT,Y+X2_M3_r1,durum,466,0.955186
FKIT,Y+X2_M3_r1,durum,467,0.950145
FKIT,Y+X2_M3_r1,durum,468,0.956904
FKIT,Y+X2_M3_r1,durum,469,0.955700
FKIT,Y+X2_M3_r1,durum,470,0.954227
FKIT,Y+X2_M3_r1,durum,471,0.956571
FKIT,Y+X2_M3_r1,durum,472,0.953571
FKIT,Y+X2_M3_r1,durum,473,0.954914
FKIT,Y+X2_M3_r1,durum,474,0.958581
FKIT,Y+X2_M3_r1,durum,475,0.956572
FKIT,Y+X2_M3_r1,durum,476,0.953587
FKIT,Y+X2_M3_r1,durum,477,0.952328
FKIT,Y+X2_M3_r1,durum,478,0.952984
FKIT,Y+X2_M3_r1,durum,479,0.947077
FKIT,Y+X2_M3_r1,durum,480,0.949011
FKIT,Y+X2_M3_r1,durum,481,0.946277
FKIT,Y+X2_M3_r1,durum,482,0.946964
FKIT,Y+X2_M3_r1,durum,483,0.943569
FKIT,Y+X2_M3_r1,durum,484,0.944118
FKIT,Y+X2_M3_r1,durum,485,0.943769
FKIT,Y+X2_M3_r1,durum,486,0.943090
FKIT,Y+X2_M3_r1,durum,487,0.945953
FKIT,Y+X2_M3_r1,durum,488,0.938576
FKIT,Y+X2_M3_r1,durum,489,0.937905
FKIT,Y+X2_M3_r1,durum,490,0.942199
FKIT,Y+X2_M3_r1,durum,491,0.942201
FKIT,Y+X2_M3_r1,durum,492,0.941322
FKIT,Y+X2_M3_r1,durum,493,0.934960
FKIT,Y+X2_M3_r1,durum,494,0.939098
FKIT,Y+X2_M3_r1,durum,495,0.937177
FKIT,Y+X2_M3_r1,durum,496,0.935992
FKIT,Y+X2_M3_r1,durum,497,0.935995
FKIT,Y+X2_M3_r1,durum,498,0.933288
FKIT,Y+X2_M3_r1,durum,499,0.931513
FKIT,Y+X2_M3_r1,durum,500,0.933051
FKIT,Y+X2_M3_r1,durum,501,0.933936
FKIT,Y+X2_M3_r1,durum,502,0.929880
FKIT,Y+X2_M3_r1,durum,503,0.930768
FKIT,Y+X2_M3_r1,durum,504,0.931962
FKIT,Y+X2_M3_r1,durum,505,0.929089
FKIT,Y+X2_M3_r1,durum,506,0.929032
FKIT,Y+X2_M3_r1,durum,507,0.929568
FKIT,Y+X2_M3_r1,durum,508,0.929563
FKIT,Y+X2_M3_r1,durum,509,0.928109
FKIT,Y+X2_M3_r1,durum,510,0.926296
FKIT,Y+X2_M3_r1,durum,511,0.923498
FKIT,Y+X2_M3_r1,durum,512,0.929609
FKIT,Y+X2_M3_r1,durum,513,0.931344
FKIT,Y+X2_M3_r1,durum,514,0.927727
FKIT,Y+X2_M3_r1,durum,515,0.930819
FKIT,Y+X2_M3_r1,durum,516,0.923630
FKIT,Y+X2_M3_r1,durum,517,0.925125
FKIT,Y+X2_M3_r1,durum,518,0.927949
FKIT,Y+X2_M3_r1,durum,519,0.921283
FKIT,Y+X2_M3_r1,durum,520,0.921727
FKIT,Y+X2_M3_r1,durum,521,0.922085
FKIT,Y+X2_M3_r1,durum,522,0.923187
FKIT,Y+X2_M3_r1,durum,523,0.915789
FKIT,Y+X2_M3_r1,durum,524,0.918604
FKIT,Y+X2_M3_r1,durum,525,0.907801
FKIT,Y+X2_M3_r1,durum,526,0.911116
FKIT,Y+X2_M3_r1,durum,527,0.914238
FKIT,Y+X2_M3_r1,durum,528,0.919694
FKIT,Y+X2_M3_r1,durum,529,0.924927
FKIT,Y+X2_M3_r1,durum,530,0.927824
FKIT,Y+X2_M3_r1,durum,531,0.923309
FKIT,Y+X2_M3_r1,durum,532,0.936711
FKIT,Y+X2_M3_r1,durum,533,0.919562
FKIT,Y+X2_M3_r1,durum,534,0.921294
FKIT,Y+X2_M3_r1,durum,535,0.927231
FKIT,Y+X2_M3_r1,durum,536,0.920070
FKIT,Y+X2_M3_r1,durum,537,0.913985
FKIT,Y+X2_M3_r1,durum,538,0.946928
FKIT,Y+X2_M3_r1,durum,539,0.938359
FKIT,Y+X2_M3_r1,durum,540,0.954949
FKIT,Y+X2_M3_r1,durum,541,0.939818
FKIT,Y+X2_M3_r1,durum,542,0.930043
FKIT,Y+X2_M3_r1,durum,543,0.925496
FKIT,Y+X2_M3_r1,durum,544,0.934807
FKIT,Y+X2_M3_r1,durum,545,0.943370
FKIT,Y+X2_M3_r1,durum,546,0.926607
FKIT,Y+X2_M3_r1,durum,547,0.906595
FKIT,Y+X2_M3_r1,durum,548,0.922686
FKIT,Y+X2_M3_r1,durum,549,0.926502
FKIT,Y+X2_M3_r1,durum,550,0.922657
FKIT,Y+X2_M3_r1,durum,551,0.928659
FKIT,Y+X2_M3_r1,durum,552,0.926413
FKIT,Y+X2_M3_r1,durum,553,0.912607
FKIT,Y+X2_M3_r1,durum,554,0.913098
FKIT,Y+X2_M3_r1,durum,555,0.919799
FKIT,Y+X2_M3_r1,durum,556,0.923280
FKIT,Y+X2_M3_r1,durum,557,0.903559
FKIT,Y+X2_M3_r1,durum,558,0.935531
FKIT,Y+X2_M3_r1,durum,559,0.929536
FKIT,Y+X2_M3_r1,durum,560,0.921364
FKIT,Y+X2_M3_r1,durum,561,0.918142
FKIT,Y+X2_M3_r1,durum,562,0.912168
FKIT,Y+X2_M3_r1,durum,563,0.903420
FKIT,Y+X2_M3_r1,durum,564,0.904436
FKIT,Y+X2_M3_r1,durum,565,0.899211
FKIT,Y+X2_M3_r1,durum,566,0.916605
FKIT,Y+X2_M3_r1,durum,567,0.923752
FKIT,Y+X2_M3_r1,durum,568,0.916876
FKIT,Y+X2_M3_r1,durum,569,0.924020
FKIT,Y+X2_M3_r1,durum,570,0.921615
FKIT,Y+X2_M3_r1,durum,571,0.909510
FKIT,Y+X2_M3_r1,durum,572,0.922645
FKIT,Y+X2_M3_r1,durum,573,0.917911
FKIT,Y+X2_M3_r1,durum,574,0.913165
FKIT,Y+X2_M3_r1,durum,575,0.924597
FKIT,Y+X2_M3_r1,durum,576,0.906096
FKIT,Y+X2_M3_r1,durum,577,0.919368
FKIT,Y+X2_M3_r1,durum,578,0.908331
FKIT,Y+X2_M3_r1,durum,579,0.921269
FKIT,Y+X2_M3_r1,durum,580,0.930168
FKIT,Y+X2_M3_r1,durum,581,0.891845
FKIT,Y+X2_M3_r1,durum,582,0.926196
FKIT,Y+X2_M3_r1,durum,583,0.925200
FKIT,Y+X2_M3_r1,durum,584,0.922657
FKIT,Y+X2_M3_r1,durum,585,0.928344
FKIT,Y+X2_M3_r1,durum,586,0.923130
FKIT,Y+X2_M3_r1,durum,587,0.933516
FKIT,Y+X2_M3_r1,durum,588,0.945298
FKIT,Y+X2_M3_r1,durum,589,0.917871
FKIT,Y+X2_M3_r1,durum,590,0.915490
FKIT,Y+X2_M3_r1,durum,591,0.940402
FKIT,Y+X2_M3_r1,durum,592,0.164514
FKIT,Y+X2_M3_r1,durum,593,0.921469
FKIT,Y+X2_M3_r1,durum,594,0.930871
FKIT,Y+X2_M3_r1,durum,595,0.942815
FKIT,Y+X2_M3_r1,durum,596,0.936022
FKIT,Y+X2_M3_r1,durum,597,0.925649
FKIT,Y+X2_M3_r1,durum,598,0.929645
FKIT,Y+X2_M3_r1,durum,599,0.935400
FKIT,Y+X2_M3_r1,durum,600,0.925722
FKIT,Y+X2_M3_r1,durum,601,0.928875
FKIT,Y+X2_M3_r1,durum,602,0.925607
FKIT,Y+X2_M3_r1,durum,603,0.942245
FKIT,Y+X2_M3_r1,durum,604,0.937768
FKIT,Y+X2_M3_r1,durum,605,0.937231
FKIT,Y+X2_M3_r1,durum,606,0.945005
FKIT,Y+X2_M3_r1,durum,607,0.939616
FKIT,Y+X2_M3_r1,durum,608,0.942357
FKIT,Y+X2_M3_r1,durum,609,0.938483
FKIT,Y+X2_M3_r1,durum,610,0.949766
FKIT,Y+X2_M3_r1,durum,611,0.959559
FKIT,Y+X2_M3_r1,durum,612,0.941708
FKIT,Y+X2_M3_r1,durum,613,0.950340
FKIT,Y+X2_M3_r1,durum,614,0.948776
FKIT,Y+X2_M3_r1,durum,615,0.945491
FKIT,Y+X2_M3_r1,durum,616,0.968819
FKIT,Y+X2_M3_r1,durum,617,0.955709
FKIT,Y+X2_M3_r1,durum,618,0.959219
FKIT,Y+X2_M3_r1,durum,619,0.961132
FKIT,Y+X2_M3_r1,durum,620,0.973243
FKIT,Y+X2_M3_r1,durum,621,0.972106
FKIT,Y+X2_M3_r1,durum,622,0.965403
FKIT,Y+X2_M3_r1,durum,623,0.972812
FKIT,Y+X2_M3_r1,durum,624,0.974137
FKIT,Y+X2_M3_r1,durum,625,0.974073
FKIT,Y+X2_M3_r1,durum,626,0.979734
FKIT,Y+X2_M3_r1,durum,627,0.971460
FKIT,Y+X2_M3_r1,durum,628,0.975778
FKIT,Y+X2_M3_r1,durum,629,0.977121
FKIT,Y+X2_M3_r1,durum,630,0.974732
FKIT,Y+X2_M3_r1,durum,631,0.972345
FKIT,Y+X2_M3_r1,durum,632,0.969178
FKIT,Y+X2_M3_r1,durum,633,0.976305
FKIT,Y+X2_M3_r1,durum,634,0.976628
FKIT,Y+X2_M3_r1,durum,635,0.979023
FKIT,Y+X2_M3_r1,durum,636,0.980028
FKIT,Y+X2_M3_r1,durum,637,0.978350
FKIT,Y+X2_M3_r1,durum,638,0.977520
FKIT,Y+X2_M3_r1,durum,639,0.978044
FKIT,Y+X2_M3_r1,durum,640,0.977187
FKIT,Y+X2_M3_r1,durum,641,0.978001
FKIT,Y+X2_M3_r1,durum,642,0.973950
FKIT,Y+X2_M3_r1,durum,643,0.973715
FKIT,Y+X2_M3_r1,durum,644,0.978677
FKIT,Y+X2_M3_r1,durum,645,0.976276
FKIT,Y+X2_M3_r1,durum,646,0.976962
FKIT,Y+X2_M3_r1,durum,647,0.977265
FKIT,Y+X2_M3_r1,durum,648,0.978915
FKIT,Y+X2_M3_r1,durum,649,0.977470
FKIT,Y+X2_M3_r1,durum,650,0.977396
FKIT,Y+X2_M3_r1,durum,651,0.977041
FKIT,Y+X2_M3_r1,durum,652,0.976917
FKIT,Y+X2_M3_r1,durum,653,0.978611
FKIT,Y+X2_M3_r1,durum,654,0.982579
FKIT,Y+X2_M3_r1,durum,655,0.984316
FKIT,Y+X2_M3_r1,durum,656,0.982555
FKIT,Y+X2_M3_r1,durum,657,0.984030
FKIT,Y+X2_M3_r1,durum,658,0.986508
FKIT,Y+X2_M3_r1,durum,659,0.985519
FKIT,Y+X2_M3_r1,durum,660,0.985876
FKIT,Y+X2_M3_r1,durum,661,0.985770
FKIT,Y+X2_M3_r1,durum,662,0.983810
FKIT,Y+X2_M3_r1,durum,663,0.985078
FKIT,Y+X2_M3_r1,durum,664,0.987491
FKIT,Y+X2_M3_r1,durum,665,0.987955
FKIT,Y+X2_M3_r1,durum,666,0.988224
FKIT,Y+X2_M3_r1,durum,667,0.989382
FKIT,Y+X2_M3_r1,durum,668,0.989007
FKIT,Y+X2_M3_r1,durum,669,0.987418
FKIT,Y+X2_M3_r1,durum,670,0.987873
FKIT,Y+X2_M3_r1,durum,671,0.988429
FKIT,Y+X2_M3_r1,durum,672,0.988651
FKIT,Y+X2_M3_r1,durum,673,0.988617
FKIT,Y+X2_M3_r1,durum,674,0.990935
FKIT,Y+X2_M3_r1,durum,675,0.990410
FKIT,Y+X2_M3_r1,durum,676,0.988941
FKIT,Y+X2_M3_r1,durum,677,0.989763
FKIT,Y+X2_M3_r1,durum,678,0.988563
FKIT,Y+X2_M3_r1,durum,679,0.988006
FKIT,Y+X2_M3_r1,durum,680,0.987678
FKIT,Y+X2_M3_r1,durum,681,0.988200
FKIT,Y+X2_M3_r1,durum,682,0.987236
FKIT,Y+X2_M3_r1,durum,683,0.984801
FKIT,Y+X2_M3_r1,durum,684,0.984399
FKIT,Y+X2_M3_r1,durum,685,0.985632
FKIT,Y+X2_M3_r1,durum,686,0.985048
FKIT,Y+X2_M3_r1,durum,687,0.985102
FKIT,Y+X2_M3_r1,durum,688,0.984007
FKIT,Y+X2_M3_r1,durum,689,0.982628
FKIT,Y+X2_M3_r1,durum,690,0.981614
FKIT,Y+X2_M3_r1,durum,691,0.980266
FKIT,Y+X2_M3_r1,durum,692,0.983514
FKIT,Y+X2_M3_r1,durum,693,0.979574
FKIT,Y+X2_M3_r1,durum,694,0.980691
FKIT,Y+X2_M3_r1,durum,695,0.978729
FKIT,Y+X2_M3_r1,durum,696,0.977484
FKIT,Y+X2_M3_r1,durum,697,0.975381
FKIT,Y+X2_M3_r1,durum,698,0.976222
FKIT,Y+X2_M3_r1,durum,699,0.976718
FKIT,Y+X2_M3_r1,durum,700,0.976531
FKIT,Y+X2_M3_r1,durum,701,0.975352
FKIT,Y+X2_M3_r1,durum,702,0.973622
FKIT,Y+X2_M3_r1,durum,703,0.968926
FKIT,Y+X2_M3_r1,durum,704,0.974769
FKIT,Y+X2_M3_r1,durum,705,0.972602
FKIT,Y+X2_M3_r1,durum,706,0.973276
FKIT,Y+X2_M3_r1,durum,707,0.974950
FKIT,Y+X2_M3_r1,durum,708,0.972247
FKIT,Y+X2_M3_r1,durum,709,0.974165
FKIT,Y+X2_M3_r1,durum,710,0.973503
FKIT,Y+X2_M3_r1,durum,711,0.970624
FKIT,Y+X2_M3_r1,durum,712,0.969292
FKIT,Y+X2_M3_r1,durum,713,0.965301
FKIT,Y+X2_M3_r1,durum,714,0.968826
FKIT,Y+X2_M3_r1,durum,715,0.966243
FKIT,Y+X2_M3_r1,durum,716,0.965479
FKIT,Y+X2_M3_r1,durum,717,0.962975
FKIT,Y+X2_M3_r1,durum,718,0.966315
FKIT,Y+X2_M3_r1,durum,719,0.964290
FKIT,Y+X2_M3_r1,durum,720,0.964414
FKIT,Y+X2_M3_r1,durum,721,0.961963
FKIT,Y+X2_M3_r1,durum,722,0.964205
FKIT,Y+X2_M3_r1,durum,723,0.959734
FKIT,Y+X2_M3_r1,durum,724,0.960302
FKIT,Y+X2_M3_r1,durum,725,0.955825
FKIT,Y+X2_M3_r1,durum,726,0.961017
FKIT,Y+X2_M3_r1,durum,727,0.959769
FKIT,Y+X2_M3_r1,durum,728,0.966857
FKIT,Y+X2_M3_r1,durum,729,0.957956
FKIT,Y+X2_M3_r1,durum,730,0.963203
FKIT,Y+X2_M3_r1,durum,731,0.959835
FKIT,Y+X2_M3_r1,durum,732,0.966517
FKIT,Y+X2_M3_r1,durum,733,0.956240
FKIT,Y+X2_M3_r1,durum,734,0.971255
FKIT,Y+X2_M3_r1,durum,735,0.971857
FKIT,Y+X2_M3_r1,durum,736,0.967977
FKIT,Y+X2_M3_r1,durum,737,0.966307
FKIT,Y+X2_M3_r1,durum,738,0.971736
FKIT,Y+X2_M3_r1,durum,739,0.969152
FKIT,Y+X2_M3_r1,durum,740,0.970029
FKIT,Y+X2_M3_r1,durum,741,0.966563
FKIT,Y+X2_M3_r1,durum,742,0.962337
FKIT,Y+X2_M3_r1,durum,743,0.958293
FKIT,Y+X2_M3_r1,durum,744,0.964932
FKIT,Y+X2_M3_r1,durum,745,0.961852
FKIT,Y+X2_M3_r1,durum,746,0.964899
FKIT,Y+X2_M3_r1,durum,747,0.965577
FKIT,Y+X2_M3_r1,durum,748,0.960791
FKIT,Y+X2_M3_r1,durum,749,0.963061
FKIT,Y+X2_M3_r1,durum,750,0.966287
FKIT,Y+X2_M3_r1,durum,751,0.953294
FKIT,Y+X2_M3_r1,durum,752,0.950262
FKIT,Y+X2_M3_r1,durum,753,0.948471
FKIT,Y+X2_M3_r1,durum,754,0.946951
FKIT,Y+X2_M3_r1,durum,755,0.950832
FKIT,Y+X2_M3_r1,durum,756,0.950669
FKIT,Y+X2_M3_r1,durum,757,0.951828
FKIT,Y+X2_M3_r1,durum,758,0.940096
FKIT,Y+X2_M3_r1,durum,759,0.945108
FKIT,Y+X2_M3_r1,durum,760,0.947770
FKIT,Y+X2_M3_r1,durum,761,0.959314
FKIT,Y+X2_M3_r1,durum,762,0.954378
FKIT,Y+X2_M3_r1,durum,763,0.954357
FKIT,Y+X2_M3_r1,durum,764,0.957159
FKIT,Y+X2_M3_r1,durum,765,0.955152
FKIT,Y+X2_M3_r1,durum,766,0.954156
FKIT,Y+X2_M3_r1,durum,767,0.942960
FKIT,Y+X2_M3_r1,durum,768,0.943426
FKIT,Y+X2_M3_r1,durum,769,0.941535
FKIT,Y+X2_M3_r1,durum,770,0.952979
FKIT,Y+X2_M3_r1,durum,771,0.941500
FKIT,Y+X2_M3_r1,durum,772,0.939034
FKIT,Y+X2_M3_r1,durum,773,0.941473
FKIT,Y+X2_M3_r1,durum,774,0.951377
FKIT,Y+X2_M3_r1,durum,775,0.939338
FKIT,Y+X2_M3_r1,durum,776,0.935543
FKIT,Y+X2_M3_r1,durum,777,0.950238
FKIT,Y+X2_M3_r1,durum,778,0.942181
FKIT,Y+X2_M3_r1,durum,779,0.939665
FKIT,Y+X2_M3_r1,durum,780,0.954570
FKIT,Y+X2_M3_r1,durum,781,0.945675
FKIT,Y+X2_M3_r1,durum,782,0.946554
FKIT,Y+X2_M3_r1,durum,783,0.949011
FKIT,Y+X2_M3_r1,durum,784,0.952308
FKIT,Y+X2_M3_r1,durum,785,0.965193
FKIT,Y+X2_M3_r1,durum,786,0.942828
FKIT,Y+X2_M3_r1,durum,787,0.958913
FKIT,Y+X2_M3_r1,durum,788,0.947585
FKIT,Y+X2_M3_r1,durum,789,0.952579
FKIT,Y+X2_M3_r1,durum,790,0.946933
FKIT,Y+X2_M3_r1,durum,791,0.954364
FKIT,Y+X2_M3_r1,durum,792,0.958195
FKIT,Y+X2_M3_r1,durum,793,0.966387
FKIT,Y+X2_M3_r1,durum,794,0.968320
FKIT,Y+X2_M3_r1,durum,795,0.968214
FKIT,Y+X2_M3_r1,durum,796,0.961070
FKIT,Y+X2_M3_r1,durum,797,0.969209
FKIT,Y+X2_M3_r1,durum,798,0.959547
FKIT,Y+X2_M3_r1,durum,799,0.955663
FKIT,Y+X2_M3_r1,durum,800,0.942939
FKIT,Y+X2_M3_r1,durum,801,0.956252
FKIT,Y+X2_M3_r1,durum,802,0.955952
FKIT,Y+X2_M3_r1,durum,803,0.951781
FKIT,Y+X2_M3_r1,durum,804,0.948932
FKIT,Y+X2_M3_r1,durum,805,0.919231
FKIT,Y+X2_M3_r1,durum,806,0.932715
FKIT,Y+X2_M3_r1,durum,807,0.924628
FKIT,Y+X2_M3_r1,durum,808,0.915335
FKIT,Y+X2_M3_r1,durum,809,0.898410
FKIT,Y+X2_M3_r1,durum,810,0.890528
FKIT,Y+X2_M3_r1,durum,811,0.849599
FKIT,Y+X2_M3_r1,durum,812,0.857215
FKIT,Y+X2_M3_r1,durum,813,0.833812
FKIT,Y+X2_M3_r1,durum,814,0.865723
FKIT,Y+X2_M3_r1,durum,815,0.917063
FKIT,Y+X2_M3_r1,durum,816,0.894614
FKIT,Y+X2_M3_r1,durum,817,0.873413
FKIT,Y+X2_M3_r1,durum,818,0.907557
FKIT,Y+X2_M3_r1,durum,819,0.925582
FKIT,Y+X2_M3_r1,durum,820,0.868765
FKIT,Y+X2_M3_r1,durum,821,0.905529
FKIT,Y+X2_M3_r1,durum,822,0.922065
FKIT,Y+X2_M3_r1,durum,823,0.912744
FKIT,Y+X2_M3_r1,durum,824,0.927259
FKIT,Y+X2_M3_r1,durum,825,0.917581
FKIT,Y+X2_M3_r1,durum,826,0.911178
FKIT,Y+X2_M3_r1,durum,827,0.914568
FKIT,Y+X2_M3_r1,durum,828,0.919884
FKIT,Y+X2_M3_r1,durum,829,0.933312
FKIT,Y+X2_M3_r1,durum,830,0.922586
FKIT,Y+X2_M3_r1,durum,831,0.923594
FKIT,Y+X2_M3_r1,durum,832,0.935015
FKIT,Y+X2_M3_r1,durum,833,0.925610
FKIT,Y+X2_M3_r1,durum,834,0.929003
FKIT,Y+X2_M3_r1,durum,835,0.938900
FKIT,Y+X2_M3_r1,durum,836,0.943277
FKIT,Y+X2_M3_r1,durum,837,0.938578
FKIT,Y+X2_M3_r1,durum,838,0.934934
FKIT,Y+X2_M3_r1,durum,839,0.945135
FKIT,Y+X2_M3_r1,durum,840,0.936340
FKIT,Y+X2_M3_r1,durum,841,0.947905
FKIT,Y+X2_M3_r1,durum,842,0.947201
FKIT,Y+X2_M3_r1,durum,843,0.941411
FKIT,Y+X2_M3_r1,durum,844,0.949409
FKIT,Y+X2_M3_r1,durum,845,0.935212
FKIT,Y+X2_M3_r1,durum,846,0.930724
FKIT,Y+X2_M3_r1,durum,847,0.926671
FKIT,Y+X2_M3_r1,durum,848,0.929995
FKIT,Y+X2_M3_r1,durum,849,0.957981
FKIT,Y+X2_M3_r1,durum,850,0.950574
FKIT,Y+X2_M3_r1,durum,851,0.943244
FKIT,Y+X2_M3_r1,durum,852,0.941789
FKIT,Y+X2_M3_r1,durum,853,0.932022
FKIT,Y+X2_M3_r1,durum,854,0.936617
FKIT,Y+X2_M3_r1,durum,855,0.932605
FKIT,Y+X2_M3_r1,durum,856,0.928388
FKIT,Y+X2_M3_r1,durum,857,0.930333
FKIT,Y+X2_M3_r1,durum,858,0.935043
FKIT,Y+X2_M3_r1,durum,859,0.925409
FKIT,Y+X2_M3_r1,durum,860,0.933927
FKIT,Y+X2_M3_r1,durum,861,0.941399
FKIT,Y+X2_M3_r1,durum,862,0.932107
FKIT,Y+X2_M3_r1,durum,863,0.934753
FKIT,Y+X2_M3_r1,durum,864,0.937883
FKIT,Y+X2_M3_r1,durum,865,0.936856
FKIT,Y+X2_M3_r1,durum,866,0.936041
FKIT,Y+X2_M3_r1,durum,867,0.940731
FKIT,Y+X2_M3_r1,durum,868,0.949952
FKIT,Y+X2_M3_r1,durum,869,0.950295
FKIT,Y+X2_M3_r1,durum,870,0.945159
FKIT,Y+X2_M3_r1,durum,871,0.956184
FKIT,Y+X2_M3_r1,durum,872,0.959280
FKIT,Y+X2_M3_r1,durum,873,0.965988
FKIT,Y+X2_M3_r1,durum,874,0.966101
FKIT,Y+X2_M3_r1,durum,875,0.964804
FKIT,Y+X2_M3_r1,durum,876,0.962159
FKIT,Y+X2_M3_r1,durum,877,0.970236
FKIT,Y+X2_M3_r1,durum,878,0.974637
FKIT,Y+X2_M3_r1,durum,879,0.977530
FKIT,Y+X2_M3_r1,durum,880,0.978498
FKIT,Y+X2_M3_r1,durum,881,0.978851
FKIT,Y+X2_M3_r1,durum,882,0.981550
FKIT,Y+X2_M3_r1,durum,883,0.976698
FKIT,Y+X2_M3_r1,durum,884,0.980063
FKIT,Y+X2_M3_r1,durum,885,0.980297
FKIT,Y+X2_M3_r1,durum,886,0.983783
FKIT,Y+X2_M3_r1,durum,887,0.986952
FKIT,Y+X2_M3_r1,durum,888,0.985210
FKIT,Y+X2_M3_r1,durum,889,0.986855
FKIT,Y+X2_M3_r1,durum,890,0.988404
FKIT,Y+X2_M3_r1,durum,891,0.987803
FKIT,Y+X2_M3_r1,durum,892,0.986051
FKIT,Y+X2_M3_r1,durum,893,0.986047
FKIT,Y+X2_M3_r1,durum,894,0.989174
FKIT,Y+X2_M3_r1,durum,895,0.988943
FKIT,Y+X2_M3_r1,durum,896,0.988557
FKIT,Y+X2_M3_r1,durum,897,0.988341
FKIT,Y+X2_M3_r1,durum,898,0.987694
FKIT,Y+X2_M3_r1,durum,899,0.987395
FKIT,Y+X2_M3_r1,durum,900,0.988355
FKIT,Y+X2_M3_r1,durum,901,0.984288
FKIT,Y+X2_M3_r1,durum,902,0.985251
FKIT,Y+X2_M3_r1,durum,903,0.986257
FKIT,Y+X2_M3_r1,durum,904,0.988401
FKIT,Y+X2_M3_r1,durum,905,0.987106
FKIT,Y+X2_M3_r1,durum,906,0.985815
FKIT,Y+X2_M3_r1,durum,907,0.984010
FKIT,Y+X2_M3_r1,durum,908,0.982346
FKIT,Y+X2_M3_r1,durum,909,0.980367
FKIT,Y+X2_M3_r1,durum,910,0.978987
FKIT,Y+X2_M3_r1,durum,911,0.980920
FKIT,Y+X2_M3_r1,durum,912,0.977666
FKIT,Y+X2_M3_r1,durum,913,0.980852
FKIT,Y+X2_M3_r1,durum,914,0.980143
FKIT,Y+X2_M3_r1,durum,915,0.980214
FKIT,Y+X2_M3_r1,durum,916,0.980022
FKIT,Y+X2_M3_r1,durum,917,0.980263
FKIT,Y+X2_M3_r1,durum,918,0.981043
FKIT,Y+X2_M3_r1,durum,919,0.980986
FKIT,Y+X2_M3_r1,durum,920,0.982688
FKIT,Y+X2_M3_r1,durum,921,0.980101
FKIT,Y+X2_M3_r1,durum,922,0.981069
FKIT,Y+X2_M3_r1,durum,923,0.981961
FKIT,Y+X2_M3_r1,durum,924,0.983877
FKIT,Y+X2_M3_r1,durum,925,0.982298
FKIT,Y+X2_M3_r1,durum,926,0.983812
FKIT,Y+X2_M3_r1,durum,927,0.983841
FKIT,Y+X2_M3_r1,durum,928,0.983375
FKIT,Y+X2_M3_r1,durum,929,0.984908
FKIT,Y+X2_M3_r1,durum,930,0.986125
FKIT,Y+X2_M3_r1,durum,931,0.982622
FKIT,Y+X2_M3_r1,durum,932,0.983944
FKIT,Y+X2_M3_r1,durum,933,0.983692
FKIT,Y+X2_M3_r1,durum,934,0.986556
FKIT,Y+X2_M3_r1,durum,935,0.985436
FKIT,Y+X2_M3_r1,durum,936,0.987164
FKIT,Y+X2_M3_r1,durum,937,0.986812
FKIT,Y+X2_M3_r1,durum,938,0.983745
FKIT,Y+X2_M3_r1,durum,939,0.984161
FKIT,Y+X2_M3_r1,durum,940,0.982841
FKIT,Y+X2_M3_r1,durum,941,0.982806
FKIT,Y+X2_M3_r1,durum,942,0.979417
FKIT,Y+X2_M3_r1,durum,943,0.980036
FKIT,Y+X2_M3_r1,durum,944,0.979800
FKIT,Y+X2_M3_r1,durum,945,0.978711
FKIT,Y+X2_M3_r1,durum,946,0.977450
FKIT,Y+X2_M3_r1,durum,947,0.977614
FKIT,Y+X2_M3_r1,durum,948,0.977857
FKIT,Y+X2_M3_r1,durum,949,0.976403
FKIT,Y+X2_M3_r1,durum,950,0.976122
FKIT,Y+X2_M3_r1,durum,951,0.976242
FKIT,Y+X2_M3_r1,durum,952,0.977794
FKIT,Y+X2_M3_r1,durum,953,0.977747
FKIT,Y+X2_M3_r1,durum,954,0.979122
FKIT,Y+X2_M3_r1,durum,955,0.977988
FKIT,Y+X2_M3_r1,durum,956,0.977190
FKIT,Y+X2_M3_r1,durum,957,0.978237
FKIT,Y+X2_M3_r1,durum,958,0.976363
FKIT,Y+X2_M3_r1,durum,959,0.973558
FKIT,Y+X2_M3_r1,durum,960,0.967498
FKIT,Y+X2_M3_r1,durum,961,0.965211
FKIT,Y+X2_M3_r1,durum,962,0.959217
FKIT,Y+X2_M3_r1,durum,963,0.963979
FKIT,Y+X2_M3_r1,durum,964,0.962930
FKIT,Y+X2_M3_r1,durum,965,0.969368
FKIT,Y+X2_M3_r1,durum,966,0.960135
FKIT,Y+X2_M3_r1,durum,967,0.956781
FKIT,Y+X2_M3_r1,durum,968,0.957513
FKIT,Y+X2_M3_r1,durum,969,0.960308
FKIT,Y+X2_M3_r1,durum,970,0.957771
FKIT,Y+X2_M3_r1,durum,971,0.955001
FKIT,Y+X2_M3_r1,durum,972,0.951741
FKIT,Y+X2_M3_r1,durum,973,0.955869
FKIT,Y+X2_M3_r1,durum,974,0.954405
FKIT,Y+X2_M3_r1,durum,975,0.951199
FKIT,Y+X2_M3_r1,durum,976,0.953319
FKIT,Y+X2_M3_r1,durum,977,0.949241
FKIT,Y+X2_M3_r1,durum,978,0.948993
FKIT,Y+X2_M3_r1,durum,979,0.945560
FKIT,Y+X2_M3_r1,durum,980,0.945983
FKIT,Y+X2_M3_r1,durum,981,0.947149
FKIT,Y+X2_M3_r1,durum,982,0.942814
FKIT,Y+X2_M3_r1,durum,983,0.946491
FKIT,Y+X2_M3_r1,durum,984,0.943305
FKIT,Y+X2_M3_r1,durum,985,0.947681
FKIT,Y+X2_M3_r1,durum,986,0.944523
FKIT,Y+X2_M3_r1,durum,987,0.945285
FKIT,Y+X2_M3_r1,durum,988,0.937419
FKIT,Y+X2_M3_r1,durum,989,0.936467
FKIT,Y+X2_M3_r1,durum,990,0.940251
FKIT,Y+X2_M3_r1,durum,991,0.943676
FKIT,Y+X2_M3_r1,durum,992,0.940956
FKIT,Y+X2_M3_r1,durum,993,0.940977
FKIT,Y+X2_M3_r1,durum,994,0.942753
FKIT,Y+X2_M3_r1,durum,995,0.946879
FKIT,Y+X2_M3_r1,durum,996,0.942672
FKIT,Y+X2_M3_r1,durum,997,0.942432
FKIT,Y+X2_M3_r1,durum,998,0.943566
FKIT,Y+X2_M3_r1,durum,999,0.944278
FKIT,Y+X2_M3_r1,durum,1000,0.943277
FKIT,Y+X2_M3_r1,durum,1001,0.943591
FKIT,Y+X2_M3_r1,durum,1002,0.945595
FKIT,Y+X2_M3_r1,durum,1003,0.943717
FKIT,Y+X2_M3_r1,durum,1004,0.946312
FKIT,Y+X2_M3_r1,durum,1005,0.943214
FKIT,Y+X2_M3_r1,empanadilla,0,0.925676
FKIT,Y+X2_M3_r1,empanadilla,1,0.920696
FKIT,Y+X2_M3_r1,empanadilla,2,0.922662
FKIT,Y+X2_M3_r1,empanadilla,3,0.917366
FKIT,Y+X2_M3_r1,empanadilla,4,0.917758
FKIT,Y+X2_M3_r1,empanadilla,5,0.917032
FKIT,Y+X2_M3_r1,empanadilla,6,0.926013
FKIT,Y+X2_M3_r1,empanadilla,7,0.923286
FKIT,Y+X2_M3_r1,empanadilla,8,0.924031
FKIT,Y+X2_M3_r1,empanadilla,9,0.919945
FKIT,Y+X2_M3_r1,empanadilla,10,0.919012
FKIT,Y+X2_M3_r1,empanadilla,11,0.917705
FKIT,Y+X2_M3_r1,empanadilla,12,0.915921
FKIT,Y+X2_M3_r1,empanadilla,13,0.922734
FKIT,Y+X2_M3_r1,empanadilla,14,0.943837
FKIT,Y+X2_M3_r1,empanadilla,15,0.939970
FKIT,Y+X2_M3_r1,empanadilla,16,0.943281
FKIT,Y+X2_M3_r1,empanadilla,17,0.934903
FKIT,Y+X2_M3_r1,empanadilla,18,0.940215
FKIT,Y+X2_M3_r1,empanadilla,19,0.940894
FKIT,Y+X2_M3_r1,empanadilla,20,0.935981
FKIT,Y+X2_M3_r1,empanadilla,21,0.943422
FKIT,Y+X2_M3_r1,empanadilla,22,0.942479
FKIT,Y+X2_M3_r1,empanadilla,23,0.938510
FKIT,Y+X2_M3_r1,empanadilla,24,0.945503
FKIT,Y+X2_M3_r1,empanadilla,25,0.942663
FKIT,Y+X2_M3_r1,empanadilla,26,0.940410
FKIT,Y+X2_M3_r1,empanadilla,27,0.936200
FKIT,Y+X2_M3_r1,empanadilla,28,0.937024
FKIT,Y+X2_M3_r1,empanadilla,29,0.937647
FKIT,Y+X2_M3_r1,empanadilla,30,0.934655
FKIT,Y+X2_M3_r1,empanadilla,31,0.938594
FKIT,Y+X2_M3_r1,empanadilla,32,0.939377
FKIT,Y+X2_M3_r1,empanadilla,33,0.939781
FKIT,Y+X2_M3_r1,empanadilla,34,0.935850
FKIT,Y+X2_M3_r1,empanadilla,35,0.934802
FKIT,Y+X2_M3_r1,empanadilla,36,0.941639
FKIT,Y+X2_M3_r1,empanadilla,37,0.935825
FKIT,Y+X2_M3_r1,empanadilla,38,0.940154
FKIT,Y+X2_M3_r1,empanadilla,39,0.936487
FKIT,Y+X2_M3_r1,empanadilla,40,0.936162
FKIT,Y+X2_M3_r1,empanadilla,41,0.936993
FKIT,Y+X2_M3_r1,empanadilla,42,0.937048
FKIT,Y+X2_M3_r1,empanadilla,43,0.937780
FKIT,Y+X2_M3_r1,empanadilla,44,0.943238
FKIT,Y+X2_M3_r1,empanadilla,45,0.939853
FKIT,Y+X2_M3_r1,empanadilla,46,0.939157
FKIT,Y+X2_M3_r1,empanadilla,47,0.939162
FKIT,Y+X2_M3_r1,empanadilla,48,0.943318
FKIT,Y+X2_M3_r1,empanadilla,49,0.941134
FKIT,Y+X2_M3_r1,empanadilla,50,0.937919
FKIT,Y+X2_M3_r1,empanadilla,51,0.942667
FKIT,Y+X2_M3_r1,empanadilla,52,0.944494
FKIT,Y+X2_M3_r1,empanadilla,53,0.938928
FKIT,Y+X2_M3_r1,empanadilla,54,0.944627
FKIT,Y+X2_M3_r1,empanadilla,55,0.945287
FKIT,Y+X2_M3_r1,empanadilla,56,0.942954
FKIT,Y+X2_M3_r1,empanadilla,57,0.941720
FKIT,Y+X2_M3_r1,empanadilla,58,0.939552
FKIT,Y+X2_M3_r1,empanadilla,59,0.915460
FKIT,Y+X2_M3_r1,empanadilla,60,0.894741
FKIT,Y+X2_M3_r1,empanadilla,61,0.855205
FKIT,Y+X2_M3_r1,empanadilla,62,0.832441
FKIT,Y+X2_M3_r1,empanadilla,63,0.843511
FKIT,Y+X2_M3_r1,empanadilla,64,0.814235
FKIT,Y+X2_M3_r1,empanadilla,65,0.834935
FKIT,Y+X2_M3_r1,empanadilla,66,0.795833
FKIT,Y+X2_M3_r1,empanadilla,67,0.771866
FKIT,Y+X2_M3_r1,empanadilla,68,0.738909
FKIT,Y+X2_M3_r1,empanadilla,69,0.723394
FKIT,Y+X2_M3_r1,empanadilla,70,0.721724
FKIT,Y+X2_M3_r1,empanadilla,71,0.727955
FKIT,Y+X2_M3_r1,empanadilla,72,0.728945
FKIT,Y+X2_M3_r1,empanadilla,73,0.729605
FKIT,Y+X2_M3_r1,empanadilla,74,0.560887
FKIT,Y+X2_M3_r1,empanadilla,75,0.731873
FKIT,Y+X2_M3_r1,empanadilla,76,0.735611
FKIT,Y+X2_M3_r1,empanadilla,77,0.738716
FKIT,Y+X2_M3_r1,empanadilla,78,0.744156
FKIT,Y+X2_M3_r1,empanadilla,79,0.743315
FKIT,Y+X2_M3_r1,empanadilla,80,0.746306
FKIT,Y+X2_M3_r1,empanadilla,81,0.746627
FKIT,Y+X2_M3_r1,empanadilla,82,0.746433
FKIT,Y+X2_M3_r1,empanadilla,83,0.748809
FKIT,Y+X2_M3_r1,empanadilla,84,0.750505
FKIT,Y+X2_M3_r1,empanadilla,85,0.752059
FKIT,Y+X2_M3_r1,empanadilla,86,0.752532
FKIT,Y+X2_M3_r1,empanadilla,87,0.753384
FKIT,Y+X2_M3_r1,empanadilla,88,0.758330
FKIT,Y+X2_M3_r1,empanadilla,89,0.758478
FKIT,Y+X2_M3_r1,empanadilla,90,0.762026
FKIT,Y+X2_M3_r1,empanadilla,91,0.760176
FKIT,Y+X2_M3_r1,empanadilla,92,0.766693
FKIT,Y+X2_M3_r1,empanadilla,93,0.766126
FKIT,Y+X2_M3_r1,empanadilla,94,0.767609
FKIT,Y+X2_M3_r1,empanadilla,95,0.771699
FKIT,Y+X2_M3_r1,empanadilla,96,0.771607
FKIT,Y+X2_M3_r1,empanadilla,97,0.762430
FKIT,Y+X2_M3_r1,empanadilla,98,0.764652
FKIT,Y+X2_M3_r1,empanadilla,99,0.763953
FKIT,Y+X2_M3_r1,empanadilla,100,0.769862
FKIT,Y+X2_M3_r1,empanadilla,101,0.770658
FKIT,Y+X2_M3_r1,empanadilla,102,0.767920
FKIT,Y+X2_M3_r1,empanadilla,103,0.919877
FKIT,Y+X2_M3_r1,empanadilla,104,0.773133
FKIT,Y+X2_M3_r1,empanadilla,105,0.773973
FKIT,Y+X2_M3_r1,empanadilla,106,0.774763
FKIT,Y+X2_M3_r1,empanadilla,107,0.768526
FKIT,Y+X2_M3_r1,empanadilla,108,0.768688
FKIT,Y+X2_M3_r1,empanadilla,109,0.768813
FKIT,Y+X2_M3_r1,empanadilla,110,0.765397
FKIT,Y+X2_M3_r1,empanadilla,111,0.766934
FKIT,Y+X2_M3_r1,empanadilla,112,0.767111
FKIT,Y+X2_M3_r1,empanadilla,113,0.764577
FKIT,Y+X2_M3_r1,empanadilla,114,0.758618
FKIT,Y+X2_M3_r1,empanadilla,115,0.760720
FKIT,Y+X2_M3_r1,empanadilla,116,0.752662
FKIT,Y+X2_M3_r1,empanadilla,117,0.751945
FKIT,Y+X2_M3_r1,empanadilla,118,0.752958
FKIT,Y+X2_M3_r1,empanadilla,119,0.742564
FKIT,Y+X2_M3_r1,empanadilla,120,0.740893
FKIT,Y+X2_M3_r1,empanadilla,121,0.735486
FKIT,Y+X2_M3_r1,empanadilla,122,0.742852
FKIT,Y+X2_M3_r1,empanadilla,123,0.734842
FKIT,Y+X2_M3_r1,empanadilla,124,0.730364
FKIT,Y+X2_M3_r1,empanadilla,125,0.727867
FKIT,Y+X2_M3_r1,empanadilla,126,0.721300
FKIT,Y+X2_M3_r1,empanadilla,127,0.719236
FKIT,Y+X2_M3_r1,empanadilla,128,0.719799
FKIT,Y+X2_M3_r1,empanadilla,129,0.739276
FKIT,Y+X2_M3_r1,empanadilla,130,0.777718
FKIT,Y+X2_M3_r1,empanadilla,131,0.812217
FKIT,Y+X2_M3_r1,empanadilla,132,0.877055
FKIT,Y+X2_M3_r1,empanadilla,133,0.933876
FKIT,Y+X2_M3_r1,empanadilla,134,0.941291
FKIT,Y+X2_M3_r1,empanadilla,135,0.936489
FKIT,Y+X2_M3_r1,empanadilla,136,0.934592
FKIT,Y+X2_M3_r1,empanadilla,137,0.946206
FKIT,Y+X2_M3_r1,empanadilla,138,0.939626
FKIT,Y+X2_M3_r1,empanadilla,139,0.932405
FKIT,Y+X2_M3_r1,empanadilla,140,0.935759
FKIT,Y+X2_M3_r1,empanadilla,141,0.933523
FKIT,Y+X2_M3_r1,empanadilla,142,0.935528
FKIT,Y+X2_M3_r1,empanadilla,143,0.934023
FKIT,Y+X2_M3_r1,empanadilla,144,0.940659
FKIT,Y+X2_M3_r1,empanadilla,145,0.943717
FKIT,Y+X2_M3_r1,empanadilla,146,0.939915
FKIT,Y+X2_M3_r1,empanadilla,147,0.931394
FKIT,Y+X2_M3_r1,empanadilla,148,0.932145
FKIT,Y+X2_M3_r1,empanadilla,149,0.940028
FKIT,Y+X2_M3_r1,empanadilla,150,0.926785
FKIT,Y+X2_M3_r1,empanadilla,151,0.935994
FKIT,Y+X2_M3_r1,empanadilla,152,0.931888
FKIT,Y+X2_M3_r1,empanadilla,153,0.931268
FKIT,Y+X2_M3_r1,empanadilla,154,0.934598
FKIT,Y+X2_M3_r1,empanadilla,155,0.942991
FKIT,Y+X2_M3_r1,empanadilla,156,0.943768
FKIT,Y+X2_M3_r1,empanadilla,157,0.932580
FKIT,Y+X2_M3_r1,empanadilla,158,0.930155
FKIT,Y+X2_M3_r1,empanadilla,159,0.941518
FKIT,Y+X2_M3_r1,empanadilla,160,0.932820
FKIT,Y+X2_M3_r1,empanadilla,161,0.931761
FKIT,Y+X2_M3_r1,empanadilla,162,0.927609
FKIT,Y+X2_M3_r1,empanadilla,163,0.942272
FKIT,Y+X2_M3_r1,empanadilla,164,0.936700
FKIT,Y+X2_M3_r1,empanadilla,165,0.949389
FKIT,Y+X2_M3_r1,empanadilla,166,0.935261
FKIT,Y+X2_M3_r1,empanadilla,167,0.944055
FKIT,Y+X2_M3_r1,empanadilla,168,0.935972
FKIT,Y+X2_M3_r1,empanadilla,169,0.935586
FKIT,Y+X2_M3_r1,empanadilla,170,0.937672
FKIT,Y+X2_M3_r1,empanadilla,171,0.939829
FKIT,Y+X2_M3_r1,empanadilla,172,0.943749
FKIT,Y+X2_M3_r1,empanadilla,173,0.935035
FKIT,Y+X2_M3_r1,empanadilla,174,0.943396
FKIT,Y+X2_M3_r1,empanadilla,175,0.940080
FKIT,Y+X2_M3_r1,empanadilla,176,0.937160
FKIT,Y+X2_M3_r1,empanadilla,177,0.942386
FKIT,Y+X2_M3_r1,empanadilla,178,0.929135
FKIT,Y+X2_M3_r1,empanadilla,179,0.929863
FKIT,Y+X2_M3_r1,empanadilla,180,0.935896
FKIT,Y+X2_M3_r1,empanadilla,181,0.931131
FKIT,Y+X2_M3_r1,empanadilla,182,0.935060
FKIT,Y+X2_M3_r1,empanadilla,183,0.931955
FKIT,Y+X2_M3_r1,empanadilla,184,0.939634
FKIT,Y+X2_M3_r1,empanadilla,185,0.929139
FKIT,Y+X2_M3_r1,empanadilla,186,0.934049
FKIT,Y+X2_M3_r1,empanadilla,187,0.941791
FKIT,Y+X2_M3_r1,empanadilla,188,0.939673
FKIT,Y+X2_M3_r1,empanadilla,189,0.933769
FKIT,Y+X2_M3_r1,empanadilla,190,0.942711
FKIT,Y+X2_M3_r1,empanadilla,191,0.921243
FKIT,Y+X2_M3_r1,empanadilla,192,0.917775
FKIT,Y+X2_M3_r1,empanadilla,193,0.936734
FKIT,Y+X2_M3_r1,empanadilla,194,0.925425
FKIT,Y+X2_M3_r1,empanadilla,195,0.932409
FKIT,Y+X2_M3_r1,empanadilla,196,0.929898
FKIT,Y+X2_M3_r1,empanadilla,197,0.931000
FKIT,Y+X2_M3_r1,empanadilla,198,0.931225
FKIT,Y+X2_M3_r1,empanadilla,199,0.930205
FKIT,Y+X2_M3_r1,empanadilla,200,0.928664
FKIT,Y+X2_M3_r1,empanadilla,201,0.926458
FKIT,Y+X2_M3_r1,empanadilla,202,0.928510
FKIT,Y+X2_M3_r1,empanadilla,203,0.928641
FKIT,Y+X2_M3_r1,empanadilla,204,0.924328
FKIT,Y+X2_M3_r1,empanadilla,205,0.923814
FKIT,Y+X2_M3_r1,empanadilla,206,0.916120
FKIT,Y+X2_M3_r1,empanadilla,207,0.915097
FKIT,Y+X2_M3_r1,empanadilla,208,0.911380
FKIT,Y+X2_M3_r1,empanadilla,209,0.921286
FKIT,Y+X2_M3_r1,empanadilla,210,0.909954
FKIT,Y+X2_M3_r1,empanadilla,211,0.917694
FKIT,Y+X2_M3_r1,empanadilla,212,0.918179
FKIT,Y+X2_M3_r1,empanadilla,213,0.916714
FKIT,Y+X2_M3_r1,empanadilla,214,0.922637
FKIT,Y+X2_M3_r1,empanadilla,215,0.912361
FKIT,Y+X2_M3_r1,empanadilla,216,0.917683
FKIT,Y+X2_M3_r1,empanadilla,217,0.920717
FKIT,Y+X2_M3_r1,empanadilla,218,0.916815
FKIT,Y+X2_M3_r1,empanadilla,219,0.916615
FKIT,Y+X2_M3_r1,empanadilla,220,0.915140
FKIT,Y+X2_M3_r1,empanadilla,221,0.921092
FKIT,Y+X2_M3_r1,empanadilla,222,0.912753
FKIT,Y+X2_M3_r1,empanadilla,223,0.919438
FKIT,Y+X2_M3_r1,empanadilla,224,0.923921
FKIT,Y+X2_M3_r1,empanadilla,225,0.916823
FKIT,Y+X2_M3_r1,empanadilla,226,0.917116
FKIT,Y+X2_M3_r1,empanadilla,227,0.916467
FKIT,Y+X2_M3_r1,empanadilla,228,0.916153
FKIT,Y+X2_M3_r1,empanadilla,229,0.920974
FKIT,Y+X2_M3_r1,empanadilla,230,0.914073
FKIT,Y+X2_M3_r1,empanadilla,231,0.916530
FKIT,Y+X2_M3_r1,empanadilla,232,0.920104
FKIT,Y+X2_M3_r1,empanadilla,233,0.918599
FKIT,Y+X2_M3_r1,empanadilla,234,0.920072
FKIT,Y+X2_M3_r1,empanadilla,235,0.915957
FKIT,Y+X2_M3_r1,empanadilla,236,0.920124
FKIT,Y+X2_M3_r1,empanadilla,237,0.917481
FKIT,Y+X2_M3_r1,empanadilla,238,0.921964
FKIT,Y+X2_M3_r1,empanadilla,239,0.920400
FKIT,Y+X2_M3_r1,empanadilla,240,0.921291
FKIT,Y+X2_M3_r1,empanadilla,241,0.921317
FKIT,Y+X2_M3_r1,empanadilla,242,0.917827
FKIT,Y+X2_M3_r1,empanadilla,243,0.919608
FKIT,Y+X2_M3_r1,empanadilla,244,0.926495
FKIT,Y+X2_M3_r1,empanadilla,245,0.932236
FKIT,Y+X2_M3_r1,empanadilla,246,0.927185
FKIT,Y+X2_M3_r1,empanadilla,247,0.931285
FKIT,Y+X2_M3_r1,empanadilla,248,0.931512
FKIT,Y+X2_M3_r1,empanadilla,249,0.928634
FKIT,Y+X2_M3_r1,empanadilla,250,0.930108
FKIT,Y+X2_M3_r1,empanadilla,251,0.927238
FKIT,Y+X2_M3_r1,empanadilla,252,0.928095
FKIT,Y+X2_M3_r1,empanadilla,253,0.927257
FKIT,Y+X2_M3_r1,empanadilla,254,0.934257
FKIT,Y+X2_M3_r1,empanadilla,255,0.934529
FKIT,Y+X2_M3_r1,empanadilla,256,0.937350
FKIT,Y+X2_M3_r1,empanadilla,257,0.938884
FKIT,Y+X2_M3_r1,empanadilla,258,0.931530
FKIT,Y+X2_M3_r1,empanadilla,259,0.936813
FKIT,Y+X2_M3_r1,empanadilla,260,0.938319
FKIT,Y+X2_M3_r1,empanadilla,261,0.940521
FKIT,Y+X2_M3_r1,empanadilla,262,0.938755
FKIT,Y+X2_M3_r1,empanadilla,263,0.940195
FKIT,Y+X2_M3_r1,empanadilla,264,0.942475
FKIT,Y+X2_M3_r1,empanadilla,265,0.942048
FKIT,Y+X2_M3_r1,empanadilla,266,0.938928
FKIT,Y+X2_M3_r1,empanadilla,267,0.943873
FKIT,Y+X2_M3_r1,empanadilla,268,0.939815
FKIT,Y+X2_M3_r1,empanadilla,269,0.943191
FKIT,Y+X2_M3_r1,empanadilla,270,0.940630
FKIT,Y+X2_M3_r1,empanadilla,271,0.942878
FKIT,Y+X2_M3_r1,empanadilla,272,0.936358
FKIT,Y+X2_M3_r1,empanadilla,273,0.938635
FKIT,Y+X2_M3_r1,empanadilla,274,0.944578
FKIT,Y+X2_M3_r1,empanadilla,275,0.946475
FKIT,Y+X2_M3_r1,empanadilla,276,0.944651
FKIT,Y+X2_M3_r1,empanadilla,277,0.949019
FKIT,Y+X2_M3_r1,empanadilla,278,0.950639
FKIT,Y+X2_M3_r1,empanadilla,279,0.949171
FKIT,Y+X2_M3_r1,empanadilla,280,0.953592
FKIT,Y+X2_M3_r1,empanadilla,281,0.958200
FKIT,Y+X2_M3_r1,empanadilla,282,0.953269
FKIT,Y+X2_M3_r1,empanadilla,283,0.954726
FKIT,Y+X2_M3_r1,empanadilla,284,0.958301
FKIT,Y+X2_M3_r1,empanadilla,285,0.962369
FKIT,Y+X2_M3_r1,empanadilla,286,0.962462
FKIT,Y+X2_M3_r1,empanadilla,287,0.961214
FKIT,Y+X2_M3_r1,empanadilla,288,0.962778
FKIT,Y+X2_M3_r1,empanadilla,289,0.966310
FKIT,Y+X2_M3_r1,empanadilla,290,0.965634
FKIT,Y+X2_M3_r1,empanadilla,291,0.970994
FKIT,Y+X2_M3_r1,empanadilla,292,0.969611
FKIT,Y+X2_M3_r1,empanadilla,293,0.969769
FKIT,Y+X2_M3_r1,empanadilla,294,0.973611
FKIT,Y+X2_M3_r1,empanadilla,295,0.972896
FKIT,Y+X2_M3_r1,empanadilla,296,0.972280
FKIT,Y+X2_M3_r1,empanadilla,297,0.971849
FKIT,Y+X2_M3_r1,empanadilla,298,0.973174
FKIT,Y+X2_M3_r1,empanadilla,299,0.975354
FKIT,Y+X2_M3_r1,empanadilla,300,0.973429
FKIT,Y+X2_M3_r1,empanadilla,301,0.975162
FKIT,Y+X2_M3_r1,empanadilla,302,0.976379
FKIT,Y+X2_M3_r1,empanadilla,303,0.976734
FKIT,Y+X2_M3_r1,empanadilla,304,0.979924
FKIT,Y+X2_M3_r1,empanadilla,305,0.976069
FKIT,Y+X2_M3_r1,empanadilla,306,0.976635
FKIT,Y+X2_M3_r1,empanadilla,307,0.980480
FKIT,Y+X2_M3_r1,empanadilla,308,0.979331
FKIT,Y+X2_M3_r1,empanadilla,309,0.979324
FKIT,Y+X2_M3_r1,empanadilla,310,0.976983
FKIT,Y+X2_M3_r1,empanadilla,311,0.979179
FKIT,Y+X2_M3_r1,empanadilla,312,0.980326
FKIT,Y+X2_M3_r1,empanadilla,313,0.977640
FKIT,Y+X2_M3_r1,empanadilla,314,0.980005
FKIT,Y+X2_M3_r1,empanadilla,315,0.980172
FKIT,Y+X2_M3_r1,empanadilla,316,0.982183
FKIT,Y+X2_M3_r1,empanadilla,317,0.982038
FKIT,Y+X2_M3_r1,empanadilla,318,0.978378
FKIT,Y+X2_M3_r1,empanadilla,319,0.975806
FKIT,Y+X2_M3_r1,empanadilla,320,0.974283
FKIT,Y+X2_M3_r1,empanadilla,321,0.975613
FKIT,Y+X2_M3_r1,empanadilla,322,0.972392
FKIT,Y+X2_M3_r1,empanadilla,323,0.972344
FKIT,Y+X2_M3_r1,empanadilla,324,0.977389
FKIT,Y+X2_M3_r1,empanadilla,325,0.975771
FKIT,Y+X2_M3_r1,empanadilla,326,0.976039
FKIT,Y+X2_M3_r1,empanadilla,327,0.975837
FKIT,Y+X2_M3_r1,empanadilla,328,0.974744
FKIT,Y+X2_M3_r1,empanadilla,329,0.971895
FKIT,Y+X2_M3_r1,empanadilla,330,0.973147
FKIT,Y+X2_M3_r1,empanadilla,331,0.976037
FKIT,Y+X2_M3_r1,empanadilla,332,0.974939
FKIT,Y+X2_M3_r1,empanadilla,333,0.974280
FKIT,Y+X2_M3_r1,empanadilla,334,0.974535
FKIT,Y+X2_M3_r1,empanadilla,335,0.976373
FKIT,Y+X2_M3_r1,empanadilla,336,0.973726
FKIT,Y+X2_M3_r1,empanadilla,337,0.977241
FKIT,Y+X2_M3_r1,empanadilla,338,0.972481
FKIT,Y+X2_M3_r1,empanadilla,339,0.975943
FKIT,Y+X2_M3_r1,empanadilla,340,0.977485
FKIT,Y+X2_M3_r1,empanadilla,341,0.975587
FKIT,Y+X2_M3_r1,empanadilla,342,0.974538
FKIT,Y+X2_M3_r1,empanadilla,343,0.978424
FKIT,Y+X2_M3_r1,empanadilla,344,0.975613
FKIT,Y+X2_M3_r1,empanadilla,345,0.974603
FKIT,Y+X2_M3_r1,empanadilla,346,0.978693
FKIT,Y+X2_M3_r1,empanadilla,347,0.977223
FKIT,Y+X2_M3_r1,empanadilla,348,0.978085
FKIT,Y+X2_M3_r1,empanadilla,349,0.976698
FKIT,Y+X2_M3_r1,empanadilla,350,0.978105
FKIT,Y+X2_M3_r1,empanadilla,351,0.974466
FKIT,Y+X2_M3_r1,empanadilla,352,0.971662
FKIT,Y+X2_M3_r1,empanadilla,353,0.975234
FKIT,Y+X2_M3_r1,empanadilla,354,0.977656
FKIT,Y+X2_M3_r1,empanadilla,355,0.976421
FKIT,Y+X2_M3_r1,empanadilla,356,0.966702
FKIT,Y+X2_M3_r1,empanadilla,357,0.967815
FKIT,Y+X2_M3_r1,empanadilla,358,0.965861
FKIT,Y+X2_M3_r1,empanadilla,359,0.964314
FKIT,Y+X2_M3_r1,empanadilla,360,0.964806
FKIT,Y+X2_M3_r1,empanadilla,361,0.966510
FKIT,Y+X2_M3_r1,empanadilla,362,0.960792
FKIT,Y+X2_M3_r1,empanadilla,363,0.961607
FKIT,Y+X2_M3_r1,empanadilla,364,0.964644
FKIT,Y+X2_M3_r1,empanadilla,365,0.965010
FKIT,Y+X2_M3_r1,empanadilla,366,0.961184
FKIT,Y+X2_M3_r1,empanadilla,367,0.961916
FKIT,Y+X2_M3_r1,empanadilla,368,0.963065
FKIT,Y+X2_M3_r1,empanadilla,369,0.964761
FKIT,Y+X2_M3_r1,empanadilla,370,0.960876
FKIT,Y+X2_M3_r1,empanadilla,371,0.962524
FKIT,Y+X2_M3_r1,empanadilla,372,0.957944
FKIT,Y+X2_M3_r1,empanadilla,373,0.958170
FKIT,Y+X2_M3_r1,empanadilla,374,0.958845
FKIT,Y+X2_M3_r1,empanadilla,375,0.961737
FKIT,Y+X2_M3_r1,empanadilla,376,0.959074
FKIT,Y+X2_M3_r1,empanadilla,377,0.959848
FKIT,Y+X2_M3_r1,empanadilla,378,0.960122
FKIT,Y+X2_M3_r1,empanadilla,379,0.959289
FKIT,Y+X2_M3_r1,empanadilla,380,0.957687
FKIT,Y+X2_M3_r1,empanadilla,381,0.958630
FKIT,Y+X2_M3_r1,empanadilla,382,0.959013
FKIT,Y+X2_M3_r1,empanadilla,383,0.956909
FKIT,Y+X2_M3_r1,empanadilla,384,0.957960
FKIT,Y+X2_M3_r1,empanadilla,385,0.952431
FKIT,Y+X2_M3_r1,empanadilla,386,0.955632
FKIT,Y+X2_M3_r1,empanadilla,387,0.951508
FKIT,Y+X2_M3_r1,empanadilla,388,0.952672
FKIT,Y+X2_M3_r1,empanadilla,389,0.952937
FKIT,Y+X2_M3_r1,empanadilla,390,0.951217
FKIT,Y+X2_M3_r1,empanadilla,391,0.952295
FKIT,Y+X2_M3_r1,empanadilla,392,0.949603
FKIT,Y+X2_M3_r1,empanadilla,393,0.950055
FKIT,Y+X2_M3_r1,empanadilla,394,0.945782
FKIT,Y+X2_M3_r1,empanadilla,395,0.950266
FKIT,Y+X2_M3_r1,empanadilla,396,0.953804
FKIT,Y+X2_M3_r1,empanadilla,397,0.944824
FKIT,Y+X2_M3_r1,empanadilla,398,0.952324
FKIT,Y+X2_M3_r1,empanadilla,399,0.946275
FKIT,Y+X2_M3_r1,empanadilla,400,0.948047
FKIT,Y+X2_M3_r1,empanadilla,401,0.948118
FKIT,Y+X2_M3_r1,empanadilla,402,0.955279
FKIT,Y+X2_M3_r1,empanadilla,403,0.947128
FKIT,Y+X2_M3_r1,empanadilla,404,0.951710
FKIT,Y+X2_M3_r1,empanadilla,405,0.946463
FKIT,Y+X2_M3_r1,empanadilla,406,0.945668
FKIT,Y+X2_M3_r1,empanadilla,407,0.944613
FKIT,Y+X2_M3_r1,empanadilla,408,0.946567
FKIT,Y+X2_M3_r1,empanadilla,409,0.946714
FKIT,Y+X2_M3_r1,empanadilla,410,0.947398
FKIT,Y+X2_M3_r1,empanadilla,411,0.948693
FKIT,Y+X2_M3_r1,empanadilla,412,0.945302
FKIT,Y+X2_M3_r1,empanadilla,413,0.944882
FKIT,Y+X2_M3_r1,empanadilla,414,0.943145
FKIT,Y+X2_M3_r1,empanadilla,415,0.932478
FKIT,Y+X2_M3_r1,empanadilla,416,0.952374
FKIT,Y+X2_M3_r1,empanadilla,417,0.936985
FKIT,Y+X2_M3_r1,empanadilla,418,0.949981
FKIT,Y+X2_M3_r1,empanadilla,419,0.950257
FKIT,Y+X2_M3_r1,empanadilla,420,0.952480
FKIT,Y+X2_M3_r1,empanadilla,421,0.943549
FKIT,Y+X2_M3_r1,empanadilla,422,0.942087
FKIT,Y+X2_M3_r1,empanadilla,423,0.939059
FKIT,Y+X2_M3_r1,empanadilla,424,0.951487
FKIT,Y+X2_M3_r1,empanadilla,425,0.951985
FKIT,Y+X2_M3_r1,empanadilla,426,0.946459
FKIT,Y+X2_M3_r1,empanadilla,427,0.955086
FKIT,Y+X2_M3_r1,empanadilla,428,0.954360
FKIT,Y+X2_M3_r1,empanadilla,429,0.883023
FKIT,Y+X2_M3_r1,empanadilla,430,0.812600
FKIT,Y+X2_M3_r1,empanadilla,431,0.765375
FKIT,Y+X2_M3_r1,empanadilla,432,0.737198
FKIT,Y+X2_M3_r1,empanadilla,433,0.723554
FKIT,Y+X2_M3_r1,empanadilla,434,0.724865
FKIT,Y+X2_M3_r1,empanadilla,435,0.755269
FKIT,Y+X2_M3_r1,empanadilla,436,0.746124
FKIT,Y+X2_M3_r1,empanadilla,437,0.824786
FKIT,Y+X2_M3_r1,empanadilla,438,0.898023
FKIT,Y+X2_M3_r1,empanadilla,439,0.895248
FKIT,Y+X2_M3_r1,empanadilla,440,0.959725
FKIT,Y+X2_M3_r1,empanadilla,441,0.808669
FKIT,Y+X2_M3_r1,empanadilla,442,0.833333
FKIT,Y+X2_M3_r1,empanadilla,443,0.816691
FKIT,Y+X2_M3_r1,empanadilla,444,0.832249
FKIT,Y+X2_M3_r1,empanadilla,445,0.834120
FKIT,Y+X2_M3_r1,empanadilla,446,0.810724
FKIT,Y+X2_M3_r1,empanadilla,447,0.782178
FKIT,Y+X2_M3_r1,empanadilla,448,0.829305
FKIT,Y+X2_M3_r1,empanadilla,449,0.850463
FKIT,Y+X2_M3_r1,empanadilla,450,0.794848
FKIT,Y+X2_M3_r1,empanadilla,451,0.787521
FKIT,Y+X2_M3_r1,empanadilla,452,0.835641
FKIT,Y+X2_M3_r1,empanadilla,453,0.825200
FKIT,Y+X2_M3_r1,empanadilla,454,0.835482
FKIT,Y+X2_M3_r1,empanadilla,455,0.843104
FKIT,Y+X2_M3_r1,empanadilla,456,0.853812
FKIT,Y+X2_M3_r1,empanadilla,457,0.876628
FKIT,Y+X2_M3_r1,empanadilla,458,0.872708
FKIT,Y+X2_M3_r1,empanadilla,459,0.865599
FKIT,Y+X2_M3_r1,empanadilla,460,0.915924
FKIT,Y+X2_M3_r1,empanadilla,461,0.955915
FKIT,Y+X2_M3_r1,empanadilla,462,0.954962
FKIT,Y+X2_M3_r1,empanadilla,463,0.963219
FKIT,Y+X2_M3_r1,empanadilla,464,0.936517
FKIT,Y+X2_M3_r1,empanadilla,465,0.929313
FKIT,Y+X2_M3_r1,empanadilla,466,0.927911
FKIT,Y+X2_M3_r1,empanadilla,467,0.878356
FKIT,Y+X2_M3_r1,empanadilla,468,0.909903
FKIT,Y+X2_M3_r1,empanadilla,469,0.868222
FKIT,Y+X2_M3_r1,empanadilla,470,0.838382
FKIT,Y+X2_M3_r1,empanadilla,471,0.818452
FKIT,Y+X2_M3_r1,empanadilla,472,0.782037
FKIT,Y+X2_M3_r1,empanadilla,473,0.802689
FKIT,Y+X2_M3_r1,empanadilla,474,0.755468
FKIT,Y+X2_M3_r1,empanadilla,475,0.770112
FKIT,Y+X2_M3_r1,empanadilla,476,0.747057
FKIT,Y+X2_M3_r1,empanadilla,477,0.710046
FKIT,Y+X2_M3_r1,empanadilla,478,0.696488
FKIT,Y+X2_M3_r1,empanadilla,479,0.658707
FKIT,Y+X2_M3_r1,empanadilla,480,0.729720
FKIT,Y+X2_M3_r1,empanadilla,481,0.743891
FKIT,Y+X2_M3_r1,empanadilla,482,0.865392
FKIT,Y+X2_M3_r1,empanadilla,483,0.967665
FKIT,Y+X2_M3_r1,empanadilla,484,0.964294
FKIT,Y+X2_M3_r1,empanadilla,485,0.965930
FKIT,Y+X2_M3_r1,empanadilla,486,0.966231
FKIT,Y+X2_M3_r1,empanadilla,487,0.964136
FKIT,Y+X2_M3_r1,empanadilla,488,0.964558
FKIT,Y+X2_M3_r1,empanadilla,489,0.964916
FKIT,Y+X2_M3_r1,empanadilla,490,0.966106
FKIT,Y+X2_M3_r1,empanadilla,491,0.965343
FKIT,Y+X2_M3_r1,empanadilla,492,0.962629
FKIT,Y+X2_M3_r1,empanadilla,493,0.968868
FKIT,Y+X2_M3_r1,empanadilla,494,0.970469
FKIT,Y+X2_M3_r1,empanadilla,495,0.965229
FKIT,Y+X2_M3_r1,empanadilla,496,0.962610
FKIT,Y+X2_M3_r1,empanadilla,497,0.965648
FKIT,Y+X2_M3_r1,empanadilla,498,0.964934
FKIT,Y+X2_M3_r1,empanadilla,499,0.967540
FKIT,Y+X2_M3_r1,empanadilla,500,0.966066
FKIT,Y+X2_M3_r1,empanadilla,501,0.964738
FKIT,Y+X2_M3_r1,empanadilla,502,0.967556
FKIT,Y+X2_M3_r1,empanadilla,503,0.969894
FKIT,Y+X2_M3_r1,empanadilla,504,0.968065
FKIT,Y+X2_M3_r1,empanadilla,505,0.969667
FKIT,Y+X2_M3_r1,empanadilla,506,0.968901
FKIT,Y+X2_M3_r1,empanadilla,507,0.970302
FKIT,Y+X2_M3_r1,empanadilla,508,0.968201
FKIT,Y+X2_M3_r1,empanadilla,509,0.970995
FKIT,Y+X2_M3_r1,empanadilla,510,0.966378
FKIT,Y+X2_M3_r1,empanadilla,511,0.963815
FKIT,Y+X2_M3_r1,empanadilla,512,0.967857
FKIT,Y+X2_M3_r1,empanadilla,513,0.964563
FKIT,Y+X2_M3_r1,empanadilla,514,0.966304
FKIT,Y+X2_M3_r1,empanadilla,515,0.965933
FKIT,Y+X2_M3_r1,empanadilla,516,0.968865
FKIT,Y+X2_M3_r1,empanadilla,517,0.965329
FKIT,Y+X2_M3_r1,empanadilla,518,0.966531
FKIT,Y+X2_M3_r1,empanadilla,519,0.965110
FKIT,Y+X2_M3_r1,empanadilla,520,0.962154
FKIT,Y+X2_M3_r1,empanadilla,521,0.958071
FKIT,Y+X2_M3_r1,empanadilla,522,0.966924
FKIT,Y+X2_M3_r1,empanadilla,523,0.967605
FKIT,Y+X2_M3_r1,empanadilla,524,0.967421
FKIT,Y+X2_M3_r1,empanadilla,525,0.963641
FKIT,Y+X2_M3_r1,empanadilla,526,0.964980
FKIT,Y+X2_M3_r1,empanadilla,527,0.967707
FKIT,Y+X2_M3_r1,empanadilla,528,0.963461
FKIT,Y+X2_M3_r1,empanadilla,529,0.965336
FKIT,Y+X2_M3_r1,empanadilla,530,0.965208
FKIT,Y+X2_M3_r1,empanadilla,531,0.962985
FKIT,Y+X2_M3_r1,empanadilla,532,0.965902
FKIT,Y+X2_M3_r1,empanadilla,533,0.966182
FKIT,Y+X2_M3_r1,empanadilla,534,0.964100
FKIT,Y+X2_M3_r1,empanadilla,535,0.966044
FKIT,Y+X2_M3_r1,empanadilla,536,0.969423
FKIT,Y+X2_M3_r1,empanadilla,537,0.964519
FKIT,Y+X2_M3_r1,empanadilla,538,0.966361
FKIT,Y+X2_M3_r1,empanadilla,539,0.967512
FKIT,Y+X2_M3_r1,empanadilla,540,0.965524
FKIT,Y+X2_M3_r1,empanadilla,541,0.966741
FKIT,Y+X2_M3_r1,empanadilla,542,0.963479
FKIT,Y+X2_M3_r1,empanadilla,543,0.964586
FKIT,Y+X2_M3_r1,empanadilla,544,0.961064
FKIT,Y+X2_M3_r1,empanadilla,545,0.964666
FKIT,Y+X2_M3_r1,empanadilla,546,0.968737
FKIT,Y+X2_M3_r1,empanadilla,547,0.965507
FKIT,Y+X2_M3_r1,empanadilla,548,0.960524
FKIT,Y+X2_M3_r1,empanadilla,549,0.966674
FKIT,Y+X2_M3_r1,empanadilla,550,0.964696
FKIT,Y+X2_M3_r1,empanadilla,551,0.959668
FKIT,Y+X2_M3_r1,empanadilla,552,0.959078
FKIT,Y+X2_M3_r1,empanadilla,553,0.962045
FKIT,Y+X2_M3_r1,empanadilla,554,0.960746
FKIT,Y+X2_M3_r1,empanadilla,555,0.961657
FKIT,Y+X2_M3_r1,empanadilla,556,0.959480
FKIT,Y+X2_M3_r1,empanadilla,557,0.961594
FKIT,Y+X2_M3_r1,empanadilla,558,0.962794
FKIT,Y+X2_M3_r1,empanadilla,559,0.962521
FKIT,Y+X2_M3_r1,empanadilla,560,0.960901
FKIT,Y+X2_M3_r1,empanadilla,561,0.963072
FKIT,Y+X2_M3_r1,empanadilla,562,0.964470
FKIT,Y+X2_M3_r1,empanadilla,563,0.965335
FKIT,Y+X2_M3_r1,empanadilla,564,0.965442
FKIT,Y+X2_M3_r1,empanadilla,565,0.967306
FKIT,Y+X2_M3_r1,empanadilla,566,0.965626
FKIT,Y+X2_M3_r1,empanadilla,567,0.965288
FKIT,Y+X2_M3_r1,empanadilla,568,0.969662
FKIT,Y+X2_M3_r1,empanadilla,569,0.963813
FKIT,Y+X2_M3_r1,empanadilla,570,0.967933
FKIT,Y+X2_M3_r1,empanadilla,571,0.968239
FKIT,Y+X2_M3_r1,empanadilla,572,0.965950
FKIT,Y+X2_M3_r1,empanadilla,573,0.966487
FKIT,Y+X2_M3_r1,empanadilla,574,0.966580
FKIT,Y+X2_M3_r1,empanadilla,575,0.967376
FKIT,Y+X2_M3_r1,empanadilla,576,0.967649
FKIT,Y+X2_M3_r1,empanadilla,577,0.970494
FKIT,Y+X2_M3_r1,empanadilla,578,0.964241
FKIT,Y+X2_M3_r1,empanadilla,579,0.965758
FKIT,Y+X2_M3_r1,empanadilla,580,0.959771
FKIT,Y+X2_M3_r1,empanadilla,581,0.963390
FKIT,Y+X2_M3_r1,empanadilla,582,0.965603
FKIT,Y+X2_M3_r1,empanadilla,583,0.966922
FKIT,Y+X2_M3_r1,empanadilla,584,0.966566
FKIT,Y+X2_M3_r1,empanadilla,585,0.967305
FKIT,Y+X2_M3_r1,empanadilla,586,0.965321
FKIT,Y+X2_M3_r1,empanadilla,587,0.964780
FKIT,Y+X2_M3_r1,empanadilla,588,0.965994
FKIT,Y+X2_M3_r1,empanadilla,589,0.966172
FKIT,Y+X2_M3_r1,empanadilla,590,0.962595
FKIT,Y+X2_M3_r1,empanadilla,591,0.965392
FKIT,Y+X2_M3_r1,empanadilla,592,0.968818
FKIT,Y+X2_M3_r1,empanadilla,593,0.967671
FKIT,Y+X2_M3_r1,empanadilla,594,0.966144
FKIT,Y+X2_M3_r1,empanadilla,595,0.963982
FKIT,Y+X2_M3_r1,empanadilla,596,0.963676
FKIT,Y+X2_M3_r1,empanadilla,597,0.966144
FKIT,Y+X2_M3_r1,empanadilla,598,0.962446
FKIT,Y+X2_M3_r1,empanadilla,599,0.965125
FKIT,Y+X2_M3_r1,empanadilla,600,0.969180
FKIT,Y+X2_M3_r1,empanadilla,601,0.963688
FKIT,Y+X2_M3_r1,empanadilla,602,0.964085
FKIT,Y+X2_M3_r1,empanadilla,603,0.963504
FKIT,Y+X2_M3_r1,empanadilla,604,0.963389
FKIT,Y+X2_M3_r1,empanadilla,605,0.962694
FKIT,Y+X2_M3_r1,empanadilla,606,0.962300
FKIT,Y+X2_M3_r1,empanadilla,607,0.966184
FKIT,Y+X2_M3_r1,empanadilla,608,0.958048
FKIT,Y+X2_M3_r1,empanadilla,609,0.963841
FKIT,Y+X2_M3_r1,empanadilla,610,0.964627
FKIT,Y+X2_M3_r1,empanadilla,611,0.965119
FKIT,Y+X2_M3_r1,empanadilla,612,0.964215
FKIT,Y+X2_M3_r1,empanadilla,613,0.966738
FKIT,Y+X2_M3_r1,empanadilla,614,0.972425
FKIT,Y+X2_M3_r1,empanadilla,615,0.968628
FKIT,Y+X2_M3_r1,empanadilla,616,0.968247
FKIT,Y+X2_M3_r1,empanadilla,617,0.966968
FKIT,Y+X2_M3_r1,empanadilla,618,0.969439
FKIT,Y+X2_M3_r1,empanadilla,619,0.973833
FKIT,Y+X2_M3_r1,empanadilla,620,0.969205
FKIT,Y+X2_M3_r1,empanadilla,621,0.967932
FKIT,Y+X2_M3_r1,empanadilla,622,0.972078
FKIT,Y+X2_M3_r1,empanadilla,623,0.976992
FKIT,Y+X2_M3_r1,empanadilla,624,0.974528
FKIT,Y+X2_M3_r1,empanadilla,625,0.973304
FKIT,Y+X2_M3_r1,empanadilla,626,0.971878
FKIT,Y+X2_M3_r1,empanadilla,627,0.971838
FKIT,Y+X2_M3_r1,empanadilla,628,0.970650
FKIT,Y+X2_M3_r1,empanadilla,629,0.972165
FKIT,Y+X2_M3_r1,empanadilla,630,0.969646
FKIT,Y+X2_M3_r1,empanadilla,631,0.969073
FKIT,Y+X2_M3_r1,empanadilla,632,0.967500
FKIT,Y+X2_M3_r1,empanadilla,633,0.968140
FKIT,Y+X2_M3_r1,empanadilla,634,0.969759
FKIT,Y+X2_M3_r1,empanadilla,635,0.970361
FKIT,Y+X2_M3_r1,empanadilla,636,0.965955
FKIT,Y+X2_M3_r1,empanadilla,637,0.968830
FKIT,Y+X2_M3_r1,empanadilla,638,0.966579
FKIT,Y+X2_M3_r1,empanadilla,639,0.964443
FKIT,Y+X2_M3_r1,empanadilla,640,0.962472
FKIT,Y+X2_M3_r1,empanadilla,641,0.963864
FKIT,Y+X2_M3_r1,empanadilla,642,0.963441
FKIT,Y+X2_M3_r1,empanadilla,643,0.958836
FKIT,Y+X2_M3_r1,empanadilla,644,0.966672
FKIT,Y+X2_M3_r1,empanadilla,645,0.962105
FKIT,Y+X2_M3_r1,empanadilla,646,0.967603
FKIT,Y+X2_M3_r1,empanadilla,647,0.963431
FKIT,Y+X2_M3_r1,empanadilla,648,0.965127
FKIT,Y+X2_M3_r1,empanadilla,649,0.964077
FKIT,Y+X2_M3_r1,empanadilla,650,0.962732
FKIT,Y+X2_M3_r1,empanadilla,651,0.964551
FKIT,Y+X2_M3_r1,empanadilla,652,0.967070
FKIT,Y+X2_M3_r1,empanadilla,653,0.965963
FKIT,Y+X2_M3_r1,empanadilla,654,0.964979
FKIT,Y+X2_M3_r1,empanadilla,655,0.962768
FKIT,Y+X2_M3_r1,empanadilla,656,0.963532
FKIT,Y+X2_M3_r1,empanadilla,657,0.964920
FKIT,Y+X2_M3_r1,empanadilla,658,0.965427
FKIT,Y+X2_M3_r1,empanadilla,659,0.965432
FKIT,Y+X2_M3_r1,empanadilla,660,0.953230
FKIT,Y+X2_M3_r1,empanadilla,661,0.965892
FKIT,Y+X2_M3_r1,empanadilla,662,0.968092
FKIT,Y+X2_M3_r1,empanadilla,663,0.972389
FKIT,Y+X2_M3_r1,empanadilla,664,0.967903
FKIT,Y+X2_M3_r1,empanadilla,665,0.968918
FKIT,Y+X2_M3_r1,empanadilla,666,0.971920
FKIT,Y+X2_M3_r1,empanadilla,667,0.972124
FKIT,Y+X2_M3_r1,empanadilla,668,0.971190
FKIT,Y+X2_M3_r1,empanadilla,669,0.972348
FKIT,Y+X2_M3_r1,empanadilla,670,0.961440
FKIT,Y+X2_M3_r1,empanadilla,671,0.972957
FKIT,Y+X2_M3_r1,empanadilla,672,0.971021
FKIT,Y+X2_M3_r1,empanadilla,673,0.970319
FKIT,Y+X2_M3_r1,empanadilla,674,0.972770
FKIT,Y+X2_M3_r1,empanadilla,675,0.972747
FKIT,Y+X2_M3_r1,empanadilla,676,0.968581
FKIT,Y+X2_M3_r1,empanadilla,677,0.973189
FKIT,Y+X2_M3_r1,empanadilla,678,0.972947
FKIT,Y+X2_M3_r1,empanadilla,679,0.973390
FKIT,Y+X2_M3_r1,empanadilla,680,0.971749
FKIT,Y+X2_M3_r1,empanadilla,681,0.971710
FKIT,Y+X2_M3_r1,empanadilla,682,0.968820
FKIT,Y+X2_M3_r1,empanadilla,683,0.968268
FKIT,Y+X2_M3_r1,empanadilla,684,0.972306
FKIT,Y+X2_M3_r1,empanadilla,685,0.971778
FKIT,Y+X2_M3_r1,empanadilla,686,0.972702
FKIT,Y+X2_M3_r1,empanadilla,687,0.969515
FKIT,Y+X2_M3_r1,empanadilla,688,0.972327
FKIT,Y+X2_M3_r1,empanadilla,689,0.969380
FKIT,Y+X2_M3_r1,empanadilla,690,0.971764
FKIT,Y+X2_M3_r1,empanadilla,691,0.966885
FKIT,Y+X2_M3_r1,empanadilla,692,0.965187
FKIT,Y+X2_M3_r1,empanadilla,693,0.969031
FKIT,Y+X2_M3_r1,empanadilla,694,0.971251
FKIT,Y+X2_M3_r1,empanadilla,695,0.968473
FKIT,Y+X2_M3_r1,empanadilla,696,0.968982
FKIT,Y+X2_M3_r1,empanadilla,697,0.970237
FKIT,Y+X2_M3_r1,empanadilla,698,0.970719
FKIT,Y+X2_M3_r1,empanadilla,699,0.971889
FKIT,Y+X2_M3_r1,empanadilla,700,0.971598
FKIT,Y+X2_M3_r1,empanadilla,701,0.970266
FKIT,Y+X2_M3_r1,empanadilla,702,0.974023
FKIT,Y+X2_M3_r1,empanadilla,703,0.971969
FKIT,Y+X2_M3_r1,empanadilla,704,0.973567
FKIT,Y+X2_M3_r1,empanadilla,705,0.975017
FKIT,Y+X2_M3_r1,empanadilla,706,0.976874
FKIT,Y+X2_M3_r1,empanadilla,707,0.976457
FKIT,Y+X2_M3_r1,empanadilla,708,0.974718
FKIT,Y+X2_M3_r1,empanadilla,709,0.975241
FKIT,Y+X2_M3_r1,empanadilla,710,0.979602
FKIT,Y+X2_M3_r1,empanadilla,711,0.977030
FKIT,Y+X2_M3_r1,empanadilla,712,0.976464
FKIT,Y+X2_M3_r1,empanadilla,713,0.979588
FKIT,Y+X2_M3_r1,empanadilla,714,0.979244
FKIT,Y+X2_M3_r1,empanadilla,715,0.976664
FKIT,Y+X2_M3_r1,empanadilla,716,0.978145
FKIT,Y+X2_M3_r1,empanadilla,717,0.974521
FKIT,Y+X2_M3_r1,empanadilla,718,0.975718
FKIT,Y+X2_M3_r1,empanadilla,719,0.978811
FKIT,Y+X2_M3_r1,empanadilla,720,0.980808
FKIT,Y+X2_M3_r1,empanadilla,721,0.978641
FKIT,Y+X2_M3_r1,empanadilla,722,0.973474
FKIT,Y+X2_M3_r1,empanadilla,723,0.978286
FKIT,Y+X2_M3_r1,empanadilla,724,0.980617
FKIT,Y+X2_M3_r1,empanadilla,725,0.979227
FKIT,Y+X2_M3_r1,empanadilla,726,0.978986
FKIT,Y+X2_M3_r1,empanadilla,727,0.979062
FKIT,Y+X2_M3_r1,empanadilla,728,0.978152
FKIT,Y+X2_M3_r1,empanadilla,729,0.977262
FKIT,Y+X2_M3_r1,empanadilla,730,0.976521
FKIT,Y+X2_M3_r1,empanadilla,731,0.977169
FKIT,Y+X2_M3_r1,empanadilla,732,0.970655
FKIT,Y+X2_M3_r1,empanadilla,733,0.969804
FKIT,Y+X2_M3_r1,empanadilla,734,0.975111
FKIT,Y+X2_M3_r1,empanadilla,735,0.970632
FKIT,Y+X2_M3_r1,empanadilla,736,0.973391
FKIT,Y+X2_M3_r1,empanadilla,737,0.973107
FKIT,Y+X2_M3_r1,empanadilla,738,0.972350
FKIT,Y+X2_M3_r1,empanadilla,739,0.974919
FKIT,Y+X2_M3_r1,empanadilla,740,0.975308
FKIT,Y+X2_M3_r1,empanadilla,741,0.972721
FKIT,Y+X2_M3_r1,empanadilla,742,0.970081
FKIT,Y+X2_M3_r1,empanadilla,743,0.971014
FKIT,Y+X2_M3_r1,empanadilla,744,0.974613
FKIT,Y+X2_M3_r1,empanadilla,745,0.972249
FKIT,Y+X2_M3_r1,empanadilla,746,0.975206
FKIT,Y+X2_M3_r1,empanadilla,747,0.972055
FKIT,Y+X2_M3_r1,empanadilla,748,0.974075
FKIT,Y+X2_M3_r1,empanadilla,749,0.975913
FKIT,Y+X2_M3_r1,empanadilla,750,0.975501
FKIT,Y+X2_M3_r1,empanadilla,751,0.975879
FKIT,Y+X2_M3_r1,empanadilla,752,0.976201
FKIT,Y+X2_M3_r1,empanadilla,753,0.978936
FKIT,Y+X2_M3_r1,empanadilla,754,0.978531
FKIT,Y+X2_M3_r1,empanadilla,755,0.975894
FKIT,Y+X2_M3_r1,empanadilla,756,0.975483
FKIT,Y+X2_M3_r1,empanadilla,757,0.976477
FKIT,Y+X2_M3_r1,empanadilla,758,0.975359
FKIT,Y+X2_M3_r1,empanadilla,759,0.977097
FKIT,Y+X2_M3_r1,empanadilla,760,0.972930
FKIT,Y+X2_M3_r1,empanadilla,761,0.972237
FKIT,Y+X2_M3_r1,empanadilla,762,0.972865
FKIT,Y+X2_M3_r1,empanadilla,763,0.971585
FKIT,Y+X2_M3_r1,empanadilla,764,0.977468
FKIT,Y+X2_M3_r1,empanadilla,765,0.979099
FKIT,Y+X2_M3_r1,empanadilla,766,0.974251
FKIT,Y+X2_M3_r1,empanadilla,767,0.977585
FKIT,Y+X2_M3_r1,empanadilla,768,0.966899
FKIT,Y+X2_M3_r1,empanadilla,769,0.977797
FKIT,Y+X2_M3_r1,empanadilla,770,0.977634
FKIT,Y+X2_M3_r1,empanadilla,771,0.977471
FKIT,Y+X2_M3_r1,empanadilla,772,0.974353
FKIT,Y+X2_M3_r1,empanadilla,773,0.975139
FKIT,Y+X2_M3_r1,empanadilla,774,0.978193
FKIT,Y+X2_M3_r1,empanadilla,775,0.975738
FKIT,Y+X2_M3_r1,empanadilla,776,0.975958
FKIT,Y+X2_M3_r1,empanadilla,777,0.976035
FKIT,Y+X2_M3_r1,empanadilla,778,0.977793
FKIT,Y+X2_M3_r1,empanadilla,779,0.978988
FKIT,Y+X2_M3_r1,empanadilla,780,0.973600
FKIT,Y+X2_M3_r1,empanadilla,781,0.979988
FKIT,Y+X2_M3_r1,empanadilla,782,0.976616
FKIT,Y+X2_M3_r1,empanadilla,783,0.978589
FKIT,Y+X2_M3_r1,empanadilla,784,0.979657
FKIT,Y+X2_M3_r1,empanadilla,785,0.978478
FKIT,Y+X2_M3_r1,empanadilla,786,0.975299
FKIT,Y+X2_M3_r1,empanadilla,787,0.973265
FKIT,Y+X2_M3_r1,empanadilla,788,0.975620
FKIT,Y+X2_M3_r1,empanadilla,789,0.975174
FKIT,Y+X2_M3_r1,empanadilla,790,0.975806
FKIT,Y+X2_M3_r1,empanadilla,791,0.974527
FKIT,Y+X2_M3_r1,empanadilla,792,0.973608
FKIT,Y+X2_M3_r1,empanadilla,793,0.975595
FKIT,Y+X2_M3_r1,empanadilla,794,0.973689
FKIT,Y+X2_M3_r1,empanadilla,795,0.973043
FKIT,Y+X2_M3_r1,empanadilla,796,0.974736
FKIT,Y+X2_M3_r1,empanadilla,797,0.974190
FKIT,Y+X2_M3_r1,empanadilla,798,0.972235
FKIT,Y+X2_M3_r1,empanadilla,799,0.974498
FKIT,Y+X2_M3_r1,empanadilla,800,0.969079
FKIT,Y+X2_M3_r1,empanadilla,801,0.973842
FKIT,Y+X2_M3_r1,empanadilla,802,0.975235
FKIT,Y+X2_M3_r1,empanadilla,803,0.975287
FKIT,Y+X2_M3_r1,empanadilla,804,0.980074
FKIT,Y+X2_M3_r1,empanadilla,805,0.978102
FKIT,Y+X2_M3_r1,empanadilla,806,0.977608
FKIT,Y+X2_M3_r1,empanadilla,807,0.977386
FKIT,Y+X2_M3_r1,empanadilla,808,0.981232
FKIT,Y+X2_M3_r1,empanadilla,809,0.980010
FKIT,Y+X2_M3_r1,empanadilla,810,0.980553
FKIT,Y+X2_M3_r1,empanadilla,811,0.979479
FKIT,Y+X2_M3_r1,empanadilla,812,0.977704
FKIT,Y+X2_M3_r1,empanadilla,813,0.979180
FKIT,Y+X2_M3_r1,empanadilla,814,0.978755
FKIT,Y+X2_M3_r1,empanadilla,815,0.978894
FKIT,Y+X2_M3_r1,empanadilla,816,0.978015
FKIT,Y+X2_M3_r1,empanadilla,817,0.978524
FKIT,Y+X2_M3_r1,empanadilla,818,0.977450
FKIT,Y+X2_M3_r1,empanadilla,819,0.979728
FKIT,Y+X2_M3_r1,empanadilla,820,0.978728
FKIT,Y+X2_M3_r1,empanadilla,821,0.977674
FKIT,Y+X2_M3_r1,empanadilla,822,0.974161
FKIT,Y+X2_M3_r1,empanadilla,823,0.971338
FKIT,Y+X2_M3_r1,empanadilla,824,0.979294
FKIT,Y+X2_M3_r1,empanadilla,825,0.977585
FKIT,Y+X2_M3_r1,empanadilla,826,0.978968
FKIT,Y+X2_M3_r1,empanadilla,827,0.978767
FKIT,Y+X2_M3_r1,empanadilla,828,0.979867
FKIT,Y+X2_M3_r1,empanadilla,829,0.979126
FKIT,Y+X2_M3_r1,empanadilla,830,0.979844
FKIT,Y+X2_M3_r1,empanadilla,831,0.979255
FKIT,Y+X2_M3_r1,empanadilla,832,0.973977
FKIT,Y+X2_M3_r1,empanadilla,833,0.974511
FKIT,Y+X2_M3_r1,empanadilla,834,0.977021
FKIT,Y+X2_M3_r1,empanadilla,835,0.977485
FKIT,Y+X2_M3_r1,empanadilla,836,0.976775
FKIT,Y+X2_M3_r1,empanadilla,837,0.976874
FKIT,Y+X2_M3_r1,empanadilla,838,0.976893
FKIT,Y+X2_M3_r1,empanadilla,839,0.978019
FKIT,Y+X2_M3_r1,empanadilla,840,0.977384
FKIT,Y+X2_M3_r1,empanadilla,841,0.976341
FKIT,Y+X2_M3_r1,empanadilla,842,0.977205
FKIT,Y+X2_M3_r1,empanadilla,843,0.977968
FKIT,Y+X2_M3_r1,empanadilla,844,0.977214
FKIT,Y+X2_M3_r1,empanadilla,845,0.977018
FKIT,Y+X2_M3_r1,empanadilla,846,0.976054
FKIT,Y+X2_M3_r1,empanadilla,847,0.976684
FKIT,Y+X2_M3_r1,empanadilla,848,0.976227
FKIT,Y+X2_M3_r1,empanadilla,849,0.977713
FKIT,Y+X2_M3_r1,empanadilla,850,0.976441
FKIT,Y+X2_M3_r1,empanadilla,851,0.977005
FKIT,Y+X2_M3_r1,empanadilla,852,0.977795
FKIT,Y+X2_M3_r1,empanadilla,853,0.975731
FKIT,Y+X2_M3_r1,empanadilla,854,0.979936
FKIT,Y+X2_M3_r1,empanadilla,855,0.978093
FKIT,Y+X2_M3_r1,empanadilla,856,0.978838
FKIT,Y+X2_M3_r1,empanadilla,857,0.978904
FKIT,Y+X2_M3_r1,empanadilla,858,0.979015
FKIT,Y+X2_M3_r1,empanadilla,859,0.978540
FKIT,Y+X2_M3_r1,empanadilla,860,0.976685
FKIT,Y+X2_M3_r1,empanadilla,861,0.980463
FKIT,Y+X2_M3_r1,empanadilla,862,0.979687
FKIT,Y+X2_M3_r1,empanadilla,863,0.980525
FKIT,Y+X2_M3_r1,empanadilla,864,0.980278
FKIT,Y+X2_M3_r1,empanadilla,865,0.977483
FKIT,Y+X2_M3_r1,empanadilla,866,0.979348
FKIT,Y+X2_M3_r1,empanadilla,867,0.976708
FKIT,Y+X2_M3_r1,empanadilla,868,0.978733
FKIT,Y+X2_M3_r1,empanadilla,869,0.979757
FKIT,Y+X2_M3_r1,empanadilla,870,0.978759
FKIT,Y+X2_M3_r1,empanadilla,871,0.978817
FKIT,Y+X2_M3_r1,empanadilla,872,0.977445
FKIT,Y+X2_M3_r1,empanadilla,873,0.980050
FKIT,Y+X2_M3_r1,empanadilla,874,0.978136
FKIT,Y+X2_M3_r1,empanadilla,875,0.979348
FKIT,Y+X2_M3_r1,empanadilla,876,0.979694
FKIT,Y+X2_M3_r1,empanadilla,877,0.979450
FKIT,Y+X2_M3_r1,empanadilla,878,0.981549
FKIT,Y+X2_M3_r1,empanadilla,879,0.979818
FKIT,Y+X2_M3_r1,empanadilla,880,0.981409
FKIT,Y+X2_M3_r1,empanadilla,881,0.981214
FKIT,Y+X2_M3_r1,empanadilla,882,0.982563
FKIT,Y+X2_M3_r1,empanadilla,883,0.983077
FKIT,Y+X2_M3_r1,empanadilla,884,0.981779
FKIT,Y+X2_M3_r1,empanadilla,885,0.980790
FKIT,Y+X2_M3_r1,empanadilla,886,0.982765
FKIT,Y+X2_M3_r1,empanadilla,887,0.978332
FKIT,Y+X2_M3_r1,empanadilla,888,0.979835
FKIT,Y+X2_M3_r1,empanadilla,889,0.980922
FKIT,Y+X2_M3_r1,empanadilla,890,0.982277
FKIT,Y+X2_M3_r1,empanadilla,891,0.979636
FKIT,Y+X2_M3_r1,empanadilla,892,0.977590
FKIT,Y+X2_M3_r1,empanadilla,893,0.980938
FKIT,Y+X2_M3_r1,empanadilla,894,0.982130
FKIT,Y+X2_M3_r1,empanadilla,895,0.981160
FKIT,Y+X2_M3_r1,empanadilla,896,0.978317
FKIT,Y+X2_M3_r1,empanadilla,897,0.981179
FKIT,Y+X2_M3_r1,empanadilla,898,0.981320
FKIT,Y+X2_M3_r1,empanadilla,899,0.980113
FKIT,Y+X2_M3_r1,empanadilla,900,0.981537
FKIT,Y+X2_M3_r1,empanadilla,901,0.981540
FKIT,Y+X2_M3_r1,empanadilla,902,0.980315
FKIT,Y+X2_M3_r1,empanadilla,903,0.980401
FKIT,Y+X2_M3_r1,empanadilla,904,0.982058
FKIT,Y+X2_M3_r1,empanadilla,905,0.982916
FKIT,Y+X2_M3_r1,empanadilla,906,0.983927
FKIT,Y+X2_M3_r1,empanadilla,907,0.982558
FKIT,Y+X2_M3_r1,empanadilla,908,0.981696
FKIT,Y+X2_M3_r1,empanadilla,909,0.983314
FKIT,Y+X2_M3_r1,empanadilla,910,0.982944
FKIT,Y+X2_M3_r1,empanadilla,911,0.983066
FKIT,Y+X2_M3_r1,empanadilla,912,0.982796
FKIT,Y+X2_M3_r1,empanadilla,913,0.982006
FKIT,Y+X2_M3_r1,empanadilla,914,0.982678
FKIT,Y+X2_M3_r1,empanadilla,915,0.984044
FKIT,Y+X2_M3_r1,empanadilla,916,0.981911
FKIT,Y+X2_M3_r1,empanadilla,917,0.980384
FKIT,Y+X2_M3_r1,empanadilla,918,0.981963
FKIT,Y+X2_M3_r1,empanadilla,919,0.980453
FKIT,Y+X2_M3_r1,empanadilla,920,0.979579
FKIT,Y+X2_M3_r1,empanadilla,921,0.980566
FKIT,Y+X2_M3_r1,empanadilla,922,0.978957
FKIT,Y+X2_M3_r1,empanadilla,923,0.977499
FKIT,Y+X2_M3_r1,empanadilla,924,0.975194
FKIT,Y+X2_M3_r1,empanadilla,925,0.978991
FKIT,Y+X2_M3_r1,falafel,0,0.943991
FKIT,Y+X2_M3_r1,falafel,1,0.945665
FKIT,Y+X2_M3_r1,falafel,2,0.950117
FKIT,Y+X2_M3_r1,falafel,3,0.942993
FKIT,Y+X2_M3_r1,falafel,4,0.932161
FKIT,Y+X2_M3_r1,falafel,5,0.942183
FKIT,Y+X2_M3_r1,falafel,6,0.942725
FKIT,Y+X2_M3_r1,falafel,7,0.943053
FKIT,Y+X2_M3_r1,falafel,8,0.946762
FKIT,Y+X2_M3_r1,falafel,9,0.946482
FKIT,Y+X2_M3_r1,falafel,10,0.947795
FKIT,Y+X2_M3_r1,falafel,11,0.944016
FKIT,Y+X2_M3_r1,falafel,12,0.947583
FKIT,Y+X2_M3_r1,falafel,13,0.947389
FKIT,Y+X2_M3_r1,falafel,14,0.947616
FKIT,Y+X2_M3_r1,falafel,15,0.946998
FKIT,Y+X2_M3_r1,falafel,16,0.949122
FKIT,Y+X2_M3_r1,falafel,17,0.946252
FKIT,Y+X2_M3_r1,falafel,18,0.949513
FKIT,Y+X2_M3_r1,falafel,19,0.931968
FKIT,Y+X2_M3_r1,falafel,20,0.942944
FKIT,Y+X2_M3_r1,falafel,21,0.944228
FKIT,Y+X2_M3_r1,falafel,22,0.944588
FKIT,Y+X2_M3_r1,falafel,23,0.947540
FKIT,Y+X2_M3_r1,falafel,24,0.947793
FKIT,Y+X2_M3_r1,falafel,25,0.949923
FKIT,Y+X2_M3_r1,falafel,26,0.948153
FKIT,Y+X2_M3_r1,falafel,27,0.950419
FKIT,Y+X2_M3_r1,falafel,28,0.950318
FKIT,Y+X2_M3_r1,falafel,29,0.948751
FKIT,Y+X2_M3_r1,falafel,30,0.948896
FKIT,Y+X2_M3_r1,falafel,31,0.950595
FKIT,Y+X2_M3_r1,falafel,32,0.950682
FKIT,Y+X2_M3_r1,falafel,33,0.951566
FKIT,Y+X2_M3_r1,falafel,34,0.948458
FKIT,Y+X2_M3_r1,falafel,35,0.948881
FKIT,Y+X2_M3_r1,falafel,36,0.947168
FKIT,Y+X2_M3_r1,falafel,37,0.953332
FKIT,Y+X2_M3_r1,falafel,38,0.952015
FKIT,Y+X2_M3_r1,falafel,39,0.950481
FKIT,Y+X2_M3_r1,falafel,40,0.951249
FKIT,Y+X2_M3_r1,falafel,41,0.954252
FKIT,Y+X2_M3_r1,falafel,42,0.945521
FKIT,Y+X2_M3_r1,falafel,43,0.954205
FKIT,Y+X2_M3_r1,falafel,44,0.952579
FKIT,Y+X2_M3_r1,falafel,45,0.952693
FKIT,Y+X2_M3_r1,falafel,46,0.954291
FKIT,Y+X2_M3_r1,falafel,47,0.950801
FKIT,Y+X2_M3_r1,falafel,48,0.951802
FKIT,Y+X2_M3_r1,falafel,49,0.953033
FKIT,Y+X2_M3_r1,falafel,50,0.950239
FKIT,Y+X2_M3_r1,falafel,51,0.954134
FKIT,Y+X2_M3_r1,falafel,52,0.953004
FKIT,Y+X2_M3_r1,falafel,53,0.947297
FKIT,Y+X2_M3_r1,falafel,54,0.953618
FKIT,Y+X2_M3_r1,falafel,55,0.955493
FKIT,Y+X2_M3_r1,falafel,56,0.951995
FKIT,Y+X2_M3_r1,falafel,57,0.953429
FKIT,Y+X2_M3_r1,falafel,58,0.951114
FKIT,Y+X2_M3_r1,falafel,59,0.950611
FKIT,Y+X2_M3_r1,falafel,60,0.953670
FKIT,Y+X2_M3_r1,falafel,61,0.954578
FKIT,Y+X2_M3_r1,falafel,62,0.955412
FKIT,Y+X2_M3_r1,falafel,63,0.955058
FKIT,Y+X2_M3_r1,falafel,64,0.958859
FKIT,Y+X2_M3_r1,falafel,65,0.956960
FKIT,Y+X2_M3_r1,falafel,66,0.954573
FKIT,Y+X2_M3_r1,falafel,67,0.955629
FKIT,Y+X2_M3_r1,falafel,68,0.956910
FKIT,Y+X2_M3_r1,falafel,69,0.954702
FKIT,Y+X2_M3_r1,falafel,70,0.956640
FKIT,Y+X2_M3_r1,falafel,71,0.956248
FKIT,Y+X2_M3_r1,falafel,72,0.953924
FKIT,Y+X2_M3_r1,falafel,73,0.954349
FKIT,Y+X2_M3_r1,falafel,74,0.957191
FKIT,Y+X2_M3_r1,falafel,75,0.953608
FKIT,Y+X2_M3_r1,falafel,76,0.949395
FKIT,Y+X2_M3_r1,falafel,77,0.953398
FKIT,Y+X2_M3_r1,falafel,78,0.955491
FKIT,Y+X2_M3_r1,falafel,79,0.952749
FKIT,Y+X2_M3_r1,falafel,80,0.955278
FKIT,Y+X2_M3_r1,falafel,81,0.955971
FKIT,Y+X2_M3_r1,falafel,82,0.956570
FKIT,Y+X2_M3_r1,falafel,83,0.953794
FKIT,Y+X2_M3_r1,falafel,84,0.948559
FKIT,Y+X2_M3_r1,falafel,85,0.950671
FKIT,Y+X2_M3_r1,falafel,86,0.950672
FKIT,Y+X2_M3_r1,falafel,87,0.951314
FKIT,Y+X2_M3_r1,falafel,88,0.950748
FKIT,Y+X2_M3_r1,falafel,89,0.945394
FKIT,Y+X2_M3_r1,falafel,90,0.951011
FKIT,Y+X2_M3_r1,falafel,91,0.955743
FKIT,Y+X2_M3_r1,falafel,92,0.947882
FKIT,Y+X2_M3_r1,falafel,93,0.950937
FKIT,Y+X2_M3_r1,falafel,94,0.949760
FKIT,Y+X2_M3_r1,falafel,95,0.949330
FKIT,Y+X2_M3_r1,falafel,96,0.948722
FKIT,Y+X2_M3_r1,falafel,97,0.951734
FKIT,Y+X2_M3_r1,falafel,98,0.951347
FKIT,Y+X2_M3_r1,falafel,99,0.950521
FKIT,Y+X2_M3_r1,falafel,100,0.951406
FKIT,Y+X2_M3_r1,falafel,101,0.956868
FKIT,Y+X2_M3_r1,falafel,102,0.955192
FKIT,Y+X2_M3_r1,falafel,103,0.953533
FKIT,Y+X2_M3_r1,falafel,104,0.951401
FKIT,Y+X2_M3_r1,falafel,105,0.956763
FKIT,Y+X2_M3_r1,falafel,106,0.953649
FKIT,Y+X2_M3_r1,falafel,107,0.957214
FKIT,Y+X2_M3_r1,falafel,108,0.952436
FKIT,Y+X2_M3_r1,falafel,109,0.952572
FKIT,Y+X2_M3_r1,falafel,110,0.954361
FKIT,Y+X2_M3_r1,falafel,111,0.955173
FKIT,Y+X2_M3_r1,falafel,112,0.957338
FKIT,Y+X2_M3_r1,falafel,113,0.954086
FKIT,Y+X2_M3_r1,falafel,114,0.957807
FKIT,Y+X2_M3_r1,falafel,115,0.957815
FKIT,Y+X2_M3_r1,falafel,116,0.959336
FKIT,Y+X2_M3_r1,falafel,117,0.957734
FKIT,Y+X2_M3_r1,falafel,118,0.956901
FKIT,Y+X2_M3_r1,falafel,119,0.957409
FKIT,Y+X2_M3_r1,falafel,120,0.955992
FKIT,Y+X2_M3_r1,falafel,121,0.954481
FKIT,Y+X2_M3_r1,falafel,122,0.957893
FKIT,Y+X2_M3_r1,falafel,123,0.956858
FKIT,Y+X2_M3_r1,falafel,124,0.955688
FKIT,Y+X2_M3_r1,falafel,125,0.954529
FKIT,Y+X2_M3_r1,falafel,126,0.955104
FKIT,Y+X2_M3_r1,falafel,127,0.959056
FKIT,Y+X2_M3_r1,falafel,128,0.954764
FKIT,Y+X2_M3_r1,falafel,129,0.957980
FKIT,Y+X2_M3_r1,falafel,130,0.952778
FKIT,Y+X2_M3_r1,falafel,131,0.953946
FKIT,Y+X2_M3_r1,falafel,132,0.954519
FKIT,Y+X2_M3_r1,falafel,133,0.956103
FKIT,Y+X2_M3_r1,falafel,134,0.954649
FKIT,Y+X2_M3_r1,falafel,135,0.953908
FKIT,Y+X2_M3_r1,falafel,136,0.955954
FKIT,Y+X2_M3_r1,falafel,137,0.951672
FKIT,Y+X2_M3_r1,falafel,138,0.960375
FKIT,Y+X2_M3_r1,falafel,139,0.955736
FKIT,Y+X2_M3_r1,falafel,140,0.954545
FKIT,Y+X2_M3_r1,falafel,141,0.958835
FKIT,Y+X2_M3_r1,falafel,142,0.956546
FKIT,Y+X2_M3_r1,falafel,143,0.957589
FKIT,Y+X2_M3_r1,falafel,144,0.959089
FKIT,Y+X2_M3_r1,falafel,145,0.956084
FKIT,Y+X2_M3_r1,falafel,146,0.958691
FKIT,Y+X2_M3_r1,falafel,147,0.957937
FKIT,Y+X2_M3_r1,falafel,148,0.954942
FKIT,Y+X2_M3_r1,falafel,149,0.958757
FKIT,Y+X2_M3_r1,falafel,150,0.956711
FKIT,Y+X2_M3_r1,falafel,151,0.958138
FKIT,Y+X2_M3_r1,falafel,152,0.956522
FKIT,Y+X2_M3_r1,falafel,153,0.960522
FKIT,Y+X2_M3_r1,falafel,154,0.958145
FKIT,Y+X2_M3_r1,falafel,155,0.953766
FKIT,Y+X2_M3_r1,falafel,156,0.953746
FKIT,Y+X2_M3_r1,falafel,157,0.956356
FKIT,Y+X2_M3_r1,falafel,158,0.955890
FKIT,Y+X2_M3_r1,falafel,159,0.954727
FKIT,Y+X2_M3_r1,falafel,160,0.951807
FKIT,Y+X2_M3_r1,falafel,161,0.955741
FKIT,Y+X2_M3_r1,falafel,162,0.958757
FKIT,Y+X2_M3_r1,falafel,163,0.954085
FKIT,Y+X2_M3_r1,falafel,164,0.955750
FKIT,Y+X2_M3_r1,falafel,165,0.961062
FKIT,Y+X2_M3_r1,falafel,166,0.955815
FKIT,Y+X2_M3_r1,falafel,167,0.956132
FKIT,Y+X2_M3_r1,falafel,168,0.957002
FKIT,Y+X2_M3_r1,falafel,169,0.954273
FKIT,Y+X2_M3_r1,falafel,170,0.953159
FKIT,Y+X2_M3_r1,falafel,171,0.955147
FKIT,Y+X2_M3_r1,falafel,172,0.957635
FKIT,Y+X2_M3_r1,falafel,173,0.955660
FKIT,Y+X2_M3_r1,falafel,174,0.957917
FKIT,Y+X2_M3_r1,falafel,175,0.956925
FKIT,Y+X2_M3_r1,falafel,176,0.954510
FKIT,Y+X2_M3_r1,falafel,177,0.956019
FKIT,Y+X2_M3_r1,falafel,178,0.957678
FKIT,Y+X2_M3_r1,falafel,179,0.955797
FKIT,Y+X2_M3_r1,falafel,180,0.963122
FKIT,Y+X2_M3_r1,falafel,181,0.956826
FKIT,Y+X2_M3_r1,falafel,182,0.957521
FKIT,Y+X2_M3_r1,falafel,183,0.950487
FKIT,Y+X2_M3_r1,falafel,184,0.953196
FKIT,Y+X2_M3_r1,falafel,185,0.956106
FKIT,Y+X2_M3_r1,falafel,186,0.950233
FKIT,Y+X2_M3_r1,falafel,187,0.950986
FKIT,Y+X2_M3_r1,falafel,188,0.953276
FKIT,Y+X2_M3_r1,falafel,189,0.946960
FKIT,Y+X2_M3_r1,falafel,190,0.948704
FKIT,Y+X2_M3_r1,falafel,191,0.950483
FKIT,Y+X2_M3_r1,falafel,192,0.950507
FKIT,Y+X2_M3_r1,falafel,193,0.951930
FKIT,Y+X2_M3_r1,falafel,194,0.952622
FKIT,Y+X2_M3_r1,falafel,195,0.952105
FKIT,Y+X2_M3_r1,falafel,196,0.950968
FKIT,Y+X2_M3_r1,falafel,197,0.953965
FKIT,Y+X2_M3_r1,falafel,198,0.954105
FKIT,Y+X2_M3_r1,falafel,199,0.956433
FKIT,Y+X2_M3_r1,falafel,200,0.955160
FKIT,Y+X2_M3_r1,falafel,201,0.953123
FKIT,Y+X2_M3_r1,falafel,202,0.953580
FKIT,Y+X2_M3_r1,falafel,203,0.955731
FKIT,Y+X2_M3_r1,falafel,204,0.954473
FKIT,Y+X2_M3_r1,falafel,205,0.959003
FKIT,Y+X2_M3_r1,falafel,206,0.955956
FKIT,Y+X2_M3_r1,falafel,207,0.953803
FKIT,Y+X2_M3_r1,falafel,208,0.949744
FKIT,Y+X2_M3_r1,falafel,209,0.951934
FKIT,Y+X2_M3_r1,falafel,210,0.947162
FKIT,Y+X2_M3_r1,falafel,211,0.951705
FKIT,Y+X2_M3_r1,falafel,212,0.954154
FKIT,Y+X2_M3_r1,falafel,213,0.949058
FKIT,Y+X2_M3_r1,falafel,214,0.953763
FKIT,Y+X2_M3_r1,falafel,215,0.951918
FKIT,Y+X2_M3_r1,falafel,216,0.952509
FKIT,Y+X2_M3_r1,falafel,217,0.952592
FKIT,Y+X2_M3_r1,falafel,218,0.949867
FKIT,Y+X2_M3_r1,falafel,219,0.948463
FKIT,Y+X2_M3_r1,falafel,220,0.944189
FKIT,Y+X2_M3_r1,falafel,221,0.949879
FKIT,Y+X2_M3_r1,falafel,222,0.940442
FKIT,Y+X2_M3_r1,falafel,223,0.952811
FKIT,Y+X2_M3_r1,falafel,224,0.953221
FKIT,Y+X2_M3_r1,falafel,225,0.950269
FKIT,Y+X2_M3_r1,falafel,226,0.946817
FKIT,Y+X2_M3_r1,falafel,227,0.945407
FKIT,Y+X2_M3_r1,falafel,228,0.945430
FKIT,Y+X2_M3_r1,falafel,229,0.943151
FKIT,Y+X2_M3_r1,falafel,230,0.945701
FKIT,Y+X2_M3_r1,falafel,231,0.943064
FKIT,Y+X2_M3_r1,falafel,232,0.943448
FKIT,Y+X2_M3_r1,falafel,233,0.947038
FKIT,Y+X2_M3_r1,falafel,234,0.949823
FKIT,Y+X2_M3_r1,falafel,235,0.952851
FKIT,Y+X2_M3_r1,falafel,236,0.953261
FKIT,Y+X2_M3_r1,falafel,237,0.949777
FKIT,Y+X2_M3_r1,falafel,238,0.943284
FKIT,Y+X2_M3_r1,falafel,239,0.941386
FKIT,Y+X2_M3_r1,falafel,240,0.941872
FKIT,Y+X2_M3_r1,falafel,241,0.937560
FKIT,Y+X2_M3_r1,falafel,242,0.944392
FKIT,Y+X2_M3_r1,falafel,243,0.943633
FKIT,Y+X2_M3_r1,falafel,244,0.947863
FKIT,Y+X2_M3_r1,falafel,245,0.949984
FKIT,Y+X2_M3_r1,falafel,246,0.952031
FKIT,Y+X2_M3_r1,falafel,247,0.949976
FKIT,Y+X2_M3_r1,falafel,248,0.950040
FKIT,Y+X2_M3_r1,falafel,249,0.951949
FKIT,Y+X2_M3_r1,falafel,250,0.947487
FKIT,Y+X2_M3_r1,falafel,251,0.954279
FKIT,Y+X2_M3_r1,falafel,252,0.952810
FKIT,Y+X2_M3_r1,falafel,253,0.955209
FKIT,Y+X2_M3_r1,falafel,254,0.953322
FKIT,Y+X2_M3_r1,falafel,255,0.954945
FKIT,Y+X2_M3_r1,falafel,256,0.956094
FKIT,Y+X2_M3_r1,falafel,257,0.954590
FKIT,Y+X2_M3_r1,falafel,258,0.956473
FKIT,Y+X2_M3_r1,falafel,259,0.959330
FKIT,Y+X2_M3_r1,falafel,260,0.949342
FKIT,Y+X2_M3_r1,falafel,261,0.953432
FKIT,Y+X2_M3_r1,falafel,262,0.953520
FKIT,Y+X2_M3_r1,falafel,263,0.952224
FKIT,Y+X2_M3_r1,falafel,264,0.950269
FKIT,Y+X2_M3_r1,falafel,265,0.947329
FKIT,Y+X2_M3_r1,falafel,266,0.952244
FKIT,Y+X2_M3_r1,falafel,267,0.955329
FKIT,Y+X2_M3_r1,falafel,268,0.951818
FKIT,Y+X2_M3_r1,falafel,269,0.949853
FKIT,Y+X2_M3_r1,falafel,270,0.950462
FKIT,Y+X2_M3_r1,falafel,271,0.952921
FKIT,Y+X2_M3_r1,falafel,272,0.955085
FKIT,Y+X2_M3_r1,falafel,273,0.944398
FKIT,Y+X2_M3_r1,falafel,274,0.948357
FKIT,Y+X2_M3_r1,falafel,275,0.947836
FKIT,Y+X2_M3_r1,falafel,276,0.953862
FKIT,Y+X2_M3_r1,falafel,277,0.945691
FKIT,Y+X2_M3_r1,falafel,278,0.948076
FKIT,Y+X2_M3_r1,falafel,279,0.949578
FKIT,Y+X2_M3_r1,falafel,280,0.953398
FKIT,Y+X2_M3_r1,falafel,281,0.950755
FKIT,Y+X2_M3_r1,falafel,282,0.952955
FKIT,Y+X2_M3_r1,falafel,283,0.951749
FKIT,Y+X2_M3_r1,falafel,284,0.954519
FKIT,Y+X2_M3_r1,falafel,285,0.954395
FKIT,Y+X2_M3_r1,falafel,286,0.950350
FKIT,Y+X2_M3_r1,falafel,287,0.950933
FKIT,Y+X2_M3_r1,falafel,288,0.954642
FKIT,Y+X2_M3_r1,falafel,289,0.952592
FKIT,Y+X2_M3_r1,falafel,290,0.952694
FKIT,Y+X2_M3_r1,falafel,291,0.950999
FKIT,Y+X2_M3_r1,falafel,292,0.948664
FKIT,Y+X2_M3_r1,falafel,293,0.953211
FKIT,Y+X2_M3_r1,falafel,294,0.953626
FKIT,Y+X2_M3_r1,falafel,295,0.952398
FKIT,Y+X2_M3_r1,falafel,296,0.950293
FKIT,Y+X2_M3_r1,falafel,297,0.951498
FKIT,Y+X2_M3_r1,falafel,298,0.951781
FKIT,Y+X2_M3_r1,falafel,299,0.955034
FKIT,Y+X2_M3_r1,falafel,300,0.954515
FKIT,Y+X2_M3_r1,falafel,301,0.954023
FKIT,Y+X2_M3_r1,falafel,302,0.956250
FKIT,Y+X2_M3_r1,falafel,303,0.955373
FKIT,Y+X2_M3_r1,falafel,304,0.956493
FKIT,Y+X2_M3_r1,falafel,305,0.954353
FKIT,Y+X2_M3_r1,falafel,306,0.952691
FKIT,Y+X2_M3_r1,falafel,307,0.948048
FKIT,Y+X2_M3_r1,falafel,308,0.953049
FKIT,Y+X2_M3_r1,falafel,309,0.952755
FKIT,Y+X2_M3_r1,falafel,310,0.950120
FKIT,Y+X2_M3_r1,falafel,311,0.954662
FKIT,Y+X2_M3_r1,falafel,312,0.952563
FKIT,Y+X2_M3_r1,falafel,313,0.952589
FKIT,Y+X2_M3_r1,falafel,314,0.953135
FKIT,Y+X2_M3_r1,falafel,315,0.949822
FKIT,Y+X2_M3_r1,falafel,316,0.953360
FKIT,Y+X2_M3_r1,falafel,317,0.951348
FKIT,Y+X2_M3_r1,falafel,318,0.951775
FKIT,Y+X2_M3_r1,falafel,319,0.952111
FKIT,Y+X2_M3_r1,falafel,320,0.957090
FKIT,Y+X2_M3_r1,falafel,321,0.954858
FKIT,Y+X2_M3_r1,falafel,322,0.956156
FKIT,Y+X2_M3_r1,falafel,323,0.955793
FKIT,Y+X2_M3_r1,falafel,324,0.954700
FKIT,Y+X2_M3_r1,falafel,325,0.954378
FKIT,Y+X2_M3_r1,falafel,326,0.957524
FKIT,Y+X2_M3_r1,falafel,327,0.954694
FKIT,Y+X2_M3_r1,falafel,328,0.956284
FKIT,Y+X2_M3_r1,falafel,329,0.952981
FKIT,Y+X2_M3_r1,falafel,330,0.952192
FKIT,Y+X2_M3_r1,falafel,331,0.957293
FKIT,Y+X2_M3_r1,falafel,332,0.954722
FKIT,Y+X2_M3_r1,falafel,333,0.958929
FKIT,Y+X2_M3_r1,falafel,334,0.959637
FKIT,Y+X2_M3_r1,falafel,335,0.958034
FKIT,Y+X2_M3_r1,falafel,336,0.962061
FKIT,Y+X2_M3_r1,falafel,337,0.959208
FKIT,Y+X2_M3_r1,falafel,338,0.957120
FKIT,Y+X2_M3_r1,falafel,339,0.957938
FKIT,Y+X2_M3_r1,falafel,340,0.955930
FKIT,Y+X2_M3_r1,falafel,341,0.959539
FKIT,Y+X2_M3_r1,falafel,342,0.961229
FKIT,Y+X2_M3_r1,falafel,343,0.959227
FKIT,Y+X2_M3_r1,falafel,344,0.964275
FKIT,Y+X2_M3_r1,falafel,345,0.958763
FKIT,Y+X2_M3_r1,falafel,346,0.960876
FKIT,Y+X2_M3_r1,falafel,347,0.960276
FKIT,Y+X2_M3_r1,falafel,348,0.959786
FKIT,Y+X2_M3_r1,falafel,349,0.962464
FKIT,Y+X2_M3_r1,falafel,350,0.959525
FKIT,Y+X2_M3_r1,falafel,351,0.957807
FKIT,Y+X2_M3_r1,falafel,352,0.959485
FKIT,Y+X2_M3_r1,falafel,353,0.961202
FKIT,Y+X2_M3_r1,falafel,354,0.954822
FKIT,Y+X2_M3_r1,falafel,355,0.958608
FKIT,Y+X2_M3_r1,falafel,356,0.960403
FKIT,Y+X2_M3_r1,falafel,357,0.957725
FKIT,Y+X2_M3_r1,falafel,358,0.959309
FKIT,Y+X2_M3_r1,falafel,359,0.959215
FKIT,Y+X2_M3_r1,falafel,360,0.958564
FKIT,Y+X2_M3_r1,falafel,361,0.959201
FKIT,Y+X2_M3_r1,falafel,362,0.955101
FKIT,Y+X2_M3_r1,falafel,363,0.952590
FKIT,Y+X2_M3_r1,falafel,364,0.954393
FKIT,Y+X2_M3_r1,falafel,365,0.954160
FKIT,Y+X2_M3_r1,falafel,366,0.953399
FKIT,Y+X2_M3_r1,falafel,367,0.957506
FKIT,Y+X2_M3_r1,falafel,368,0.957695
FKIT,Y+X2_M3_r1,falafel,369,0.953270
FKIT,Y+X2_M3_r1,falafel,370,0.955906
FKIT,Y+X2_M3_r1,falafel,371,0.954849
FKIT,Y+X2_M3_r1,falafel,372,0.948220
FKIT,Y+X2_M3_r1,falafel,373,0.950360
FKIT,Y+X2_M3_r1,falafel,374,0.957435
FKIT,Y+X2_M3_r1,falafel,375,0.935086
FKIT,Y+X2_M3_r1,falafel,376,0.947754
FKIT,Y+X2_M3_r1,falafel,377,0.948304
FKIT,Y+X2_M3_r1,falafel,378,0.942472
FKIT,Y+X2_M3_r1,falafel,379,0.951738
FKIT,Y+X2_M3_r1,falafel,380,0.949418
FKIT,Y+X2_M3_r1,falafel,381,0.941453
FKIT,Y+X2_M3_r1,falafel,382,0.948723
FKIT,Y+X2_M3_r1,falafel,383,0.950282
FKIT,Y+X2_M3_r1,falafel,384,0.944743
FKIT,Y+X2_M3_r1,falafel,385,0.947462
FKIT,Y+X2_M3_r1,falafel,386,0.950940
FKIT,Y+X2_M3_r1,falafel,387,0.954342
FKIT,Y+X2_M3_r1,falafel,388,0.951883
FKIT,Y+X2_M3_r1,falafel,389,0.949914
FKIT,Y+X2_M3_r1,falafel,390,0.960010
FKIT,Y+X2_M3_r1,falafel,391,0.954946
FKIT,Y+X2_M3_r1,falafel,392,0.950894
FKIT,Y+X2_M3_r1,falafel,393,0.959700
FKIT,Y+X2_M3_r1,falafel,394,0.955056
FKIT,Y+X2_M3_r1,falafel,395,0.961289
FKIT,Y+X2_M3_r1,falafel,396,0.949075
FKIT,Y+X2_M3_r1,falafel,397,0.953954
FKIT,Y+X2_M3_r1,falafel,398,0.950961
FKIT,Y+X2_M3_r1,falafel,399,0.948564
FKIT,Y+X2_M3_r1,falafel,400,0.959476
FKIT,Y+X2_M3_r1,falafel,401,0.955584
FKIT,Y+X2_M3_r1,falafel,402,0.956239
FKIT,Y+X2_M3_r1,falafel,403,0.958239
FKIT,Y+X2_M3_r1,falafel,404,0.958017
FKIT,Y+X2_M3_r1,falafel,405,0.954925
FKIT,Y+X2_M3_r1,falafel,406,0.957556
FKIT,Y+X2_M3_r1,falafel,407,0.961865
FKIT,Y+X2_M3_r1,falafel,408,0.958825
FKIT,Y+X2_M3_r1,falafel,409,0.956475
FKIT,Y+X2_M3_r1,falafel,410,0.955562
FKIT,Y+X2_M3_r1,falafel,411,0.952938
FKIT,Y+X2_M3_r1,falafel,412,0.957978
FKIT,Y+X2_M3_r1,falafel,413,0.945350
FKIT,Y+X2_M3_r1,falafel,414,0.952320
FKIT,Y+X2_M3_r1,falafel,415,0.954633
FKIT,Y+X2_M3_r1,falafel,416,0.957934
FKIT,Y+X2_M3_r1,falafel,417,0.950671
FKIT,Y+X2_M3_r1,falafel,418,0.946462
FKIT,Y+X2_M3_r1,falafel,419,0.958967
FKIT,Y+X2_M3_r1,falafel,420,0.961493
FKIT,Y+X2_M3_r1,falafel,421,0.959090
FKIT,Y+X2_M3_r1,falafel,422,0.958262
FKIT,Y+X2_M3_r1,falafel,423,0.958527
FKIT,Y+X2_M3_r1,falafel,424,0.964065
FKIT,Y+X2_M3_r1,falafel,425,0.959669
FKIT,Y+X2_M3_r1,falafel,426,0.963862
FKIT,Y+X2_M3_r1,falafel,427,0.962113
FKIT,Y+X2_M3_r1,falafel,428,0.960071
FKIT,Y+X2_M3_r1,falafel,429,0.962591
FKIT,Y+X2_M3_r1,falafel,430,0.959346
FKIT,Y+X2_M3_r1,falafel,431,0.956994
FKIT,Y+X2_M3_r1,falafel,432,0.955379
FKIT,Y+X2_M3_r1,falafel,433,0.962699
FKIT,Y+X2_M3_r1,falafel,434,0.963966
FKIT,Y+X2_M3_r1,falafel,435,0.961235
FKIT,Y+X2_M3_r1,falafel,436,0.964836
FKIT,Y+X2_M3_r1,falafel,437,0.958845
FKIT,Y+X2_M3_r1,falafel,438,0.962912
FKIT,Y+X2_M3_r1,falafel,439,0.961608
FKIT,Y+X2_M3_r1,falafel,440,0.954825
FKIT,Y+X2_M3_r1,falafel,441,0.957019
FKIT,Y+X2_M3_r1,falafel,442,0.956866
FKIT,Y+X2_M3_r1,falafel,443,0.958374
FKIT,Y+X2_M3_r1,falafel,444,0.963252
FKIT,Y+X2_M3_r1,falafel,445,0.950179
FKIT,Y+X2_M3_r1,falafel,446,0.962133
FKIT,Y+X2_M3_r1,falafel,447,0.961480
FKIT,Y+X2_M3_r1,falafel,448,0.955303
FKIT,Y+X2_M3_r1,falafel,449,0.957297
FKIT,Y+X2_M3_r1,falafel,450,0.958694
FKIT,Y+X2_M3_r1,falafel,451,0.957545
FKIT,Y+X2_M3_r1,falafel,452,0.954095
FKIT,Y+X2_M3_r1,falafel,453,0.947987
FKIT,Y+X2_M3_r1,falafel,454,0.959990
FKIT,Y+X2_M3_r1,falafel,455,0.962715
FKIT,Y+X2_M3_r1,falafel,456,0.961409
FKIT,Y+X2_M3_r1,falafel,457,0.956376
FKIT,Y+X2_M3_r1,falafel,458,0.962071
FKIT,Y+X2_M3_r1,falafel,459,0.951736
FKIT,Y+X2_M3_r1,falafel,460,0.952983
FKIT,Y+X2_M3_r1,falafel,461,0.953416
FKIT,Y+X2_M3_r1,falafel,462,0.954034
FKIT,Y+X2_M3_r1,falafel,463,0.943046
FKIT,Y+X2_M3_r1,falafel,464,0.949952
FKIT,Y+X2_M3_r1,falafel,465,0.949002
FKIT,Y+X2_M3_r1,falafel,466,0.946653
FKIT,Y+X2_M3_r1,falafel,467,0.940704
FKIT,Y+X2_M3_r1,falafel,468,0.946204
FKIT,Y+X2_M3_r1,falafel,469,0.948206
FKIT,Y+X2_M3_r1,falafel,470,0.946918
FKIT,Y+X2_M3_r1,falafel,471,0.941895
FKIT,Y+X2_M3_r1,falafel,472,0.945219
FKIT,Y+X2_M3_r1,falafel,473,0.946047
FKIT,Y+X2_M3_r1,falafel,474,0.943047
FKIT,Y+X2_M3_r1,falafel,475,0.943312
FKIT,Y+X2_M3_r1,falafel,476,0.941277
FKIT,Y+X2_M3_r1,falafel,477,0.947087
FKIT,Y+X2_M3_r1,falafel,478,0.938946
FKIT,Y+X2_M3_r1,falafel,479,0.946399
FKIT,Y+X2_M3_r1,falafel,480,0.948790
FKIT,Y+X2_M3_r1,falafel,481,0.944758
FKIT,Y+X2_M3_r1,falafel,482,0.947319
FKIT,Y+X2_M3_r1,falafel,483,0.946757
FKIT,Y+X2_M3_r1,falafel,484,0.950789
FKIT,Y+X2_M3_r1,falafel,485,0.951220
FKIT,Y+X2_M3_r1,falafel,486,0.952564
FKIT,Y+X2_M3_r1,falafel,487,0.951387
FKIT,Y+X2_M3_r1,falafel,488,0.951389
FKIT,Y+X2_M3_r1,falafel,489,0.945756
FKIT,Y+X2_M3_r1,falafel,490,0.947925
FKIT,Y+X2_M3_r1,falafel,491,0.952140
FKIT,Y+X2_M3_r1,falafel,492,0.950902
FKIT,Y+X2_M3_r1,falafel,493,0.958511
FKIT,Y+X2_M3_r1,falafel,494,0.955313
FKIT,Y+X2_M3_r1,falafel,495,0.956175
FKIT,Y+X2_M3_r1,falafel,496,0.957420
FKIT,Y+X2_M3_r1,falafel,497,0.945390
FKIT,Y+X2_M3_r1,falafel,498,0.946734
FKIT,Y+X2_M3_r1,falafel,499,0.954960
FKIT,Y+X2_M3_r1,falafel,500,0.953101
FKIT,Y+X2_M3_r1,falafel,501,0.955070
FKIT,Y+X2_M3_r1,falafel,502,0.951080
FKIT,Y+X2_M3_r1,falafel,503,0.947813
FKIT,Y+X2_M3_r1,falafel,504,0.956424
FKIT,Y+X2_M3_r1,falafel,505,0.953008
FKIT,Y+X2_M3_r1,falafel,506,0.949799
FKIT,Y+X2_M3_r1,falafel,507,0.954627
FKIT,Y+X2_M3_r1,falafel,508,0.956095
FKIT,Y+X2_M3_r1,falafel,509,0.955836
FKIT,Y+X2_M3_r1,falafel,510,0.955696
FKIT,Y+X2_M3_r1,falafel,511,0.950186
FKIT,Y+X2_M3_r1,falafel,512,0.957968
FKIT,Y+X2_M3_r1,falafel,513,0.955902
FKIT,Y+X2_M3_r1,falafel,514,0.954759
FKIT,Y+X2_M3_r1,falafel,515,0.956680
FKIT,Y+X2_M3_r1,falafel,516,0.956589
FKIT,Y+X2_M3_r1,falafel,517,0.947903
FKIT,Y+X2_M3_r1,falafel,518,0.949962
FKIT,Y+X2_M3_r1,falafel,519,0.953344
FKIT,Y+X2_M3_r1,falafel,520,0.947610
FKIT,Y+X2_M3_r1,falafel,521,0.950027
FKIT,Y+X2_M3_r1,falafel,522,0.953514
FKIT,Y+X2_M3_r1,falafel,523,0.951478
FKIT,Y+X2_M3_r1,falafel,524,0.957374
FKIT,Y+X2_M3_r1,falafel,525,0.958084
FKIT,Y+X2_M3_r1,falafel,526,0.957282
FKIT,Y+X2_M3_r1,falafel,527,0.963922
FKIT,Y+X2_M3_r1,falafel,528,0.956252
FKIT,Y+X2_M3_r1,falafel,529,0.947514
FKIT,Y+X2_M3_r1,falafel,530,0.956193
FKIT,Y+X2_M3_r1,falafel,531,0.955954
FKIT,Y+X2_M3_r1,falafel,532,0.954847
FKIT,Y+X2_M3_r1,falafel,533,0.954360
FKIT,Y+X2_M3_r1,falafel,534,0.951983
FKIT,Y+X2_M3_r1,falafel,535,0.952860
FKIT,Y+X2_M3_r1,falafel,536,0.956125
FKIT,Y+X2_M3_r1,falafel,537,0.956006
FKIT,Y+X2_M3_r1,falafel,538,0.950626
FKIT,Y+X2_M3_r1,falafel,539,0.958407
FKIT,Y+X2_M3_r1,falafel,540,0.958153
FKIT,Y+X2_M3_r1,falafel,541,0.959897
FKIT,Y+X2_M3_r1,falafel,542,0.960598
FKIT,Y+X2_M3_r1,falafel,543,0.961077
FKIT,Y+X2_M3_r1,falafel,544,0.961469
FKIT,Y+X2_M3_r1,falafel,545,0.961077
FKIT,Y+X2_M3_r1,falafel,546,0.964154
FKIT,Y+X2_M3_r1,falafel,547,0.961147
FKIT,Y+X2_M3_r1,falafel,548,0.960813
FKIT,Y+X2_M3_r1,falafel,549,0.959088
FKIT,Y+X2_M3_r1,falafel,550,0.963357
FKIT,Y+X2_M3_r1,falafel,551,0.954492
FKIT,Y+X2_M3_r1,falafel,552,0.958696
FKIT,Y+X2_M3_r1,falafel,553,0.959119
FKIT,Y+X2_M3_r1,falafel,554,0.963078
FKIT,Y+X2_M3_r1,falafel,555,0.960998
FKIT,Y+X2_M3_r1,falafel,556,0.963339
FKIT,Y+X2_M3_r1,falafel,557,0.960998
FKIT,Y+X2_M3_r1,falafel,558,0.960618
FKIT,Y+X2_M3_r1,falafel,559,0.957116
FKIT,Y+X2_M3_r1,falafel,560,0.955564
FKIT,Y+X2_M3_r1,falafel,561,0.956229
FKIT,Y+X2_M3_r1,falafel,562,0.959810
FKIT,Y+X2_M3_r1,falafel,563,0.956087
FKIT,Y+X2_M3_r1,falafel,564,0.953522
FKIT,Y+X2_M3_r1,falafel,565,0.950714
FKIT,Y+X2_M3_r1,falafel,566,0.960452
FKIT,Y+X2_M3_r1,falafel,567,0.956221
FKIT,Y+X2_M3_r1,falafel,568,0.954176
FKIT,Y+X2_M3_r1,falafel,569,0.955380
FKIT,Y+X2_M3_r1,falafel,570,0.949601
FKIT,Y+X2_M3_r1,falafel,571,0.953488
FKIT,Y+X2_M3_r1,falafel,572,0.945545
FKIT,Y+X2_M3_r1,falafel,573,0.948473
FKIT,Y+X2_M3_r1,falafel,574,0.960630
FKIT,Y+X2_M3_r1,falafel,575,0.955157
FKIT,Y+X2_M3_r1,falafel,576,0.952129
FKIT,Y+X2_M3_r1,falafel,577,0.954035
FKIT,Y+X2_M3_r1,falafel,578,0.966942
FKIT,Y+X2_M3_r1,falafel,579,0.964173
FKIT,Y+X2_M3_r1,falafel,580,0.957424
FKIT,Y+X2_M3_r1,falafel,581,0.962623
FKIT,Y+X2_M3_r1,falafel,582,0.959772
FKIT,Y+X2_M3_r1,falafel,583,0.954595
FKIT,Y+X2_M3_r1,falafel,584,0.966078
FKIT,Y+X2_M3_r1,falafel,585,0.959436
FKIT,Y+X2_M3_r1,falafel,586,0.966177
FKIT,Y+X2_M3_r1,falafel,587,0.962491
FKIT,Y+X2_M3_r1,falafel,588,0.968447
FKIT,Y+X2_M3_r1,falafel,589,0.967521
FKIT,Y+X2_M3_r1,falafel,590,0.964408
FKIT,Y+X2_M3_r1,falafel,591,0.966519
FKIT,Y+X2_M3_r1,falafel,592,0.965742
FKIT,Y+X2_M3_r1,falafel,593,0.963940
FKIT,Y+X2_M3_r1,falafel,594,0.975936
FKIT,Y+X2_M3_r1,falafel,595,0.969974
FKIT,Y+X2_M3_r1,falafel,596,0.966493
FKIT,Y+X2_M3_r1,falafel,597,0.962759
FKIT,Y+X2_M3_r1,falafel,598,0.966700
FKIT,Y+X2_M3_r1,falafel,599,0.966074
FKIT,Y+X2_M3_r1,falafel,600,0.962245
FKIT,Y+X2_M3_r1,falafel,601,0.967362
FKIT,Y+X2_M3_r1,falafel,602,0.965097
FKIT,Y+X2_M3_r1,falafel,603,0.963550
FKIT,Y+X2_M3_r1,falafel,604,0.966588
FKIT,Y+X2_M3_r1,falafel,605,0.966756
FKIT,Y+X2_M3_r1,falafel,606,0.958084
FKIT,Y+X2_M3_r1,falafel,607,0.962289
FKIT,Y+X2_M3_r1,falafel,608,0.957854
FKIT,Y+X2_M3_r1,falafel,609,0.965572
FKIT,Y+X2_M3_r1,falafel,610,0.954102
FKIT,Y+X2_M3_r1,falafel,611,0.956383
FKIT,Y+X2_M3_r1,falafel,612,0.955777
FKIT,Y+X2_M3_r1,falafel,613,0.954560
FKIT,Y+X2_M3_r1,falafel,614,0.959397
FKIT,Y+X2_M3_r1,falafel,615,0.968085
FKIT,Y+X2_M3_r1,falafel,616,0.956807
FKIT,Y+X2_M3_r1,falafel,617,0.957292
FKIT,Y+X2_M3_r1,falafel,618,0.957610
FKIT,Y+X2_M3_r1,falafel,619,0.953906
FKIT,Y+X2_M3_r1,falafel,620,0.963217
FKIT,Y+X2_M3_r1,falafel,621,0.961517
FKIT,Y+X2_M3_r1,falafel,622,0.960673
FKIT,Y+X2_M3_r1,falafel,623,0.957209
FKIT,Y+X2_M3_r1,falafel,624,0.959496
FKIT,Y+X2_M3_r1,falafel,625,0.962113
FKIT,Y+X2_M3_r1,falafel,626,0.954570
FKIT,Y+X2_M3_r1,falafel,627,0.950802
FKIT,Y+X2_M3_r1,falafel,628,0.953752
FKIT,Y+X2_M3_r1,falafel,629,0.951396
FKIT,Y+X2_M3_r1,falafel,630,0.951413
FKIT,Y+X2_M3_r1,falafel,631,0.948005
FKIT,Y+X2_M3_r1,falafel,632,0.954477
FKIT,Y+X2_M3_r1,falafel,633,0.951396
FKIT,Y+X2_M3_r1,falafel,634,0.951601
FKIT,Y+X2_M3_r1,falafel,635,0.946892
FKIT,Y+X2_M3_r1,falafel,636,0.956276
FKIT,Y+X2_M3_r1,falafel,637,0.958844
FKIT,Y+X2_M3_r1,falafel,638,0.951598
FKIT,Y+X2_M3_r1,falafel,639,0.950373
FKIT,Y+X2_M3_r1,falafel,640,0.952788
FKIT,Y+X2_M3_r1,falafel,641,0.954788
FKIT,Y+X2_M3_r1,falafel,642,0.950140
FKIT,Y+X2_M3_r1,falafel,643,0.954932
FKIT,Y+X2_M3_r1,falafel,644,0.957709
FKIT,Y+X2_M3_r1,falafel,645,0.954213
FKIT,Y+X2_M3_r1,falafel,646,0.956490
FKIT,Y+X2_M3_r1,falafel,647,0.956940
FKIT,Y+X2_M3_r1,falafel,648,0.953541
FKIT,Y+X2_M3_r1,falafel,649,0.954605
FKIT,Y+X2_M3_r1,falafel,650,0.955254
FKIT,Y+X2_M3_r1,falafel,651,0.954938
FKIT,Y+X2_M3_r1,falafel,652,0.953548
FKIT,Y+X2_M3_r1,falafel,653,0.958530
FKIT,Y+X2_M3_r1,falafel,654,0.952413
FKIT,Y+X2_M3_r1,falafel,655,0.962583
FKIT,Y+X2_M3_r1,falafel,656,0.958737
FKIT,Y+X2_M3_r1,falafel,657,0.963051
FKIT,Y+X2_M3_r1,falafel,658,0.957239
FKIT,Y+X2_M3_r1,falafel,659,0.960211
FKIT,Y+X2_M3_r1,falafel,660,0.958641
FKIT,Y+X2_M3_r1,falafel,661,0.959575
FKIT,Y+X2_M3_r1,falafel,662,0.960151
FKIT,Y+X2_M3_r1,falafel,663,0.962221
FKIT,Y+X2_M3_r1,falafel,664,0.957663
FKIT,Y+X2_M3_r1,falafel,665,0.960843
FKIT,Y+X2_M3_r1,falafel,666,0.959759
FKIT,Y+X2_M3_r1,falafel,667,0.957554
FKIT,Y+X2_M3_r1,falafel,668,0.958421
FKIT,Y+X2_M3_r1,falafel,669,0.958529
FKIT,Y+X2_M3_r1,falafel,670,0.957161
FKIT,Y+X2_M3_r1,falafel,671,0.962481
FKIT,Y+X2_M3_r1,falafel,672,0.959165
FKIT,Y+X2_M3_r1,falafel,673,0.958637
FKIT,Y+X2_M3_r1,falafel,674,0.959917
FKIT,Y+X2_M3_r1,falafel,675,0.960575
FKIT,Y+X2_M3_r1,falafel,676,0.962321
FKIT,Y+X2_M3_r1,falafel,677,0.960049
FKIT,Y+X2_M3_r1,falafel,678,0.961700
FKIT,Y+X2_M3_r1,falafel,679,0.962599
FKIT,Y+X2_M3_r1,falafel,680,0.961725
FKIT,Y+X2_M3_r1,falafel,681,0.958319
FKIT,Y+X2_M3_r1,falafel,682,0.961561
FKIT,Y+X2_M3_r1,falafel,683,0.962225
FKIT,Y+X2_M3_r1,falafel,684,0.960685
FKIT,Y+X2_M3_r1,falafel,685,0.957594
FKIT,Y+X2_M3_r1,falafel,686,0.960708
FKIT,Y+X2_M3_r1,falafel,687,0.957643
FKIT,Y+X2_M3_r1,falafel,688,0.951044
FKIT,Y+X2_M3_r1,falafel,689,0.960020
FKIT,Y+X2_M3_r1,falafel,690,0.959490
FKIT,Y+X2_M3_r1,falafel,691,0.961877
FKIT,Y+X2_M3_r1,falafel,692,0.961469
FKIT,Y+X2_M3_r1,falafel,693,0.961827
FKIT,Y+X2_M3_r1,falafel,694,0.967608
FKIT,Y+X2_M3_r1,falafel,695,0.961424
FKIT,Y+X2_M3_r1,falafel,696,0.962768
FKIT,Y+X2_M3_r1,falafel,697,0.963095
FKIT,Y+X2_M3_r1,falafel,698,0.967921
FKIT,Y+X2_M3_r1,falafel,699,0.964639
FKIT,Y+X2_M3_r1,falafel,700,0.963895
FKIT,Y+X2_M3_r1,falafel,701,0.966252
FKIT,Y+X2_M3_r1,falafel,702,0.967602
FKIT,Y+X2_M3_r1,falafel,703,0.965742
FKIT,Y+X2_M3_r1,falafel,704,0.968905
FKIT,Y+X2_M3_r1,falafel,705,0.963693
FKIT,Y+X2_M3_r1,falafel,706,0.964247
FKIT,Y+X2_M3_r1,falafel,707,0.965036
FKIT,Y+X2_M3_r1,falafel,708,0.953508
FKIT,Y+X2_M3_r1,falafel,709,0.963968
FKIT,Y+X2_M3_r1,falafel,710,0.967299
FKIT,Y+X2_M3_r1,falafel,711,0.969214
FKIT,Y+X2_M3_r1,falafel,712,0.973052
FKIT,Y+X2_M3_r1,falafel,713,0.970730
FKIT,Y+X2_M3_r1,falafel,714,0.971244
FKIT,Y+X2_M3_r1,falafel,715,0.972310
FKIT,Y+X2_M3_r1,falafel,716,0.971185
FKIT,Y+X2_M3_r1,falafel,717,0.971084
FKIT,Y+X2_M3_r1,falafel,718,0.971488
FKIT,Y+X2_M3_r1,falafel,719,0.971175
FKIT,Y+X2_M3_r1,falafel,720,0.972243
FKIT,Y+X2_M3_r1,falafel,721,0.971498
FKIT,Y+X2_M3_r1,falafel,722,0.970621
FKIT,Y+X2_M3_r1,falafel,723,0.967594
FKIT,Y+X2_M3_r1,falafel,724,0.968092
FKIT,Y+X2_M3_r1,falafel,725,0.967796
FKIT,Y+X2_M3_r1,falafel,726,0.966606
FKIT,Y+X2_M3_r1,falafel,727,0.965839
FKIT,Y+X2_M3_r1,falafel,728,0.966589
FKIT,Y+X2_M3_r1,falafel,729,0.966878
FKIT,Y+X2_M3_r1,falafel,730,0.961178
FKIT,Y+X2_M3_r1,falafel,731,0.963785
FKIT,Y+X2_M3_r1,falafel,732,0.967494
FKIT,Y+X2_M3_r1,falafel,733,0.961663
FKIT,Y+X2_M3_r1,falafel,734,0.962934
FKIT,Y+X2_M3_r1,falafel,735,0.963066
FKIT,Y+X2_M3_r1,falafel,736,0.963559
FKIT,Y+X2_M3_r1,falafel,737,0.964957
FKIT,Y+X2_M3_r1,falafel,738,0.970399
FKIT,Y+X2_M3_r1,falafel,739,0.969380
FKIT,Y+X2_M3_r1,falafel,740,0.970811
FKIT,Y+X2_M3_r1,falafel,741,0.972954
FKIT,Y+X2_M3_r1,falafel,742,0.968440
FKIT,Y+X2_M3_r1,falafel,743,0.973065
FKIT,Y+X2_M3_r1,falafel,744,0.971069
FKIT,Y+X2_M3_r1,falafel,745,0.969175
FKIT,Y+X2_M3_r1,falafel,746,0.974786
FKIT,Y+X2_M3_r1,falafel,747,0.970921
FKIT,Y+X2_M3_r1,falafel,748,0.973697
FKIT,Y+X2_M3_r1,falafel,749,0.969529
FKIT,Y+X2_M3_r1,falafel,750,0.968412
FKIT,Y+X2_M3_r1,falafel,751,0.973085
FKIT,Y+X2_M3_r1,falafel,752,0.971868
FKIT,Y+X2_M3_r1,falafel,753,0.970759
FKIT,Y+X2_M3_r1,falafel,754,0.967738
FKIT,Y+X2_M3_r1,falafel,755,0.967859
FKIT,Y+X2_M3_r1,falafel,756,0.968078
FKIT,Y+X2_M3_r1,falafel,757,0.967284
FKIT,Y+X2_M3_r1,falafel,758,0.966176
FKIT,Y+X2_M3_r1,falafel,759,0.965100
FKIT,Y+X2_M3_r1,falafel,760,0.968718
FKIT,Y+X2_M3_r1,falafel,761,0.969770
FKIT,Y+X2_M3_r1,falafel,762,0.964715
FKIT,Y+X2_M3_r1,falafel,763,0.966902
FKIT,Y+X2_M3_r1,falafel,764,0.968929
FKIT,Y+X2_M3_r1,falafel,765,0.966911
FKIT,Y+X2_M3_r1,falafel,766,0.968224
FKIT,Y+X2_M3_r1,falafel,767,0.964220
FKIT,Y+X2_M3_r1,falafel,768,0.968211
FKIT,Y+X2_M3_r1,falafel,769,0.968736
FKIT,Y+X2_M3_r1,falafel,770,0.964965
FKIT,Y+X2_M3_r1,falafel,771,0.969274
FKIT,Y+X2_M3_r1,falafel,772,0.967015
FKIT,Y+X2_M3_r1,falafel,773,0.961332
FKIT,Y+X2_M3_r1,falafel,774,0.968435
FKIT,Y+X2_M3_r1,falafel,775,0.963375
FKIT,Y+X2_M3_r1,falafel,776,0.965403
FKIT,Y+X2_M3_r1,falafel,777,0.963113
FKIT,Y+X2_M3_r1,falafel,778,0.965546
FKIT,Y+X2_M3_r1,falafel,779,0.967351
FKIT,Y+X2_M3_r1,falafel,780,0.963980
FKIT,Y+X2_M3_r1,falafel,781,0.963960
FKIT,Y+X2_M3_r1,falafel,782,0.969854
FKIT,Y+X2_M3_r1,falafel,783,0.968996
FKIT,Y+X2_M3_r1,falafel,784,0.968926
FKIT,Y+X2_M3_r1,falafel,785,0.964719
FKIT,Y+X2_M3_r1,falafel,786,0.966638
FKIT,Y+X2_M3_r1,falafel,787,0.968254
FKIT,Y+X2_M3_r1,falafel,788,0.966532
FKIT,Y+X2_M3_r1,falafel,789,0.966306
FKIT,Y+X2_M3_r1,falafel,790,0.967113
FKIT,Y+X2_M3_r1,falafel,791,0.969508
FKIT,Y+X2_M3_r1,falafel,792,0.970035
FKIT,Y+X2_M3_r1,falafel,793,0.971688
FKIT,Y+X2_M3_r1,falafel,794,0.973635
FKIT,Y+X2_M3_r1,falafel,795,0.974192
FKIT,Y+X2_M3_r1,falafel,796,0.972937
FKIT,Y+X2_M3_r1,falafel,797,0.971290
FKIT,Y+X2_M3_r1,falafel,798,0.971536
FKIT,Y+X2_M3_r1,falafel,799,0.965486
FKIT,Y+X2_M3_r1,falafel,800,0.965944
FKIT,Y+X2_M3_r1,falafel,801,0.965681
FKIT,Y+X2_M3_r1,falafel,802,0.968983
FKIT,Y+X2_M3_r1,falafel,803,0.966128
FKIT,Y+X2_M3_r1,falafel,804,0.972012
FKIT,Y+X2_M3_r1,falafel,805,0.967234
FKIT,Y+X2_M3_r1,falafel,806,0.964761
FKIT,Y+X2_M3_r1,falafel,807,0.968636
FKIT,Y+X2_M3_r1,falafel,808,0.970470
FKIT,Y+X2_M3_r1,falafel,809,0.970430
FKIT,Y+X2_M3_r1,falafel,810,0.967535
FKIT,Y+X2_M3_r1,falafel,811,0.970276
FKIT,Y+X2_M3_r1,falafel,812,0.970683
FKIT,Y+X2_M3_r1,falafel,813,0.968660
FKIT,Y+X2_M3_r1,falafel,814,0.971086
FKIT,Y+X2_M3_r1,falafel,815,0.963001
FKIT,Y+X2_M3_r1,falafel,816,0.968608
FKIT,Y+X2_M3_r1,falafel,817,0.970825
FKIT,Y+X2_M3_r1,falafel,818,0.968717
FKIT,Y+X2_M3_r1,falafel,819,0.970191
FKIT,Y+X2_M3_r1,falafel,820,0.967039
FKIT,Y+X2_M3_r1,falafel,821,0.966530
FKIT,Y+X2_M3_r1,falafel,822,0.968936
FKIT,Y+X2_M3_r1,falafel,823,0.966781
FKIT,Y+X2_M3_r1,falafel,824,0.969317
FKIT,Y+X2_M3_r1,falafel,825,0.966829
FKIT,Y+X2_M3_r1,falafel,826,0.970308
FKIT,Y+X2_M3_r1,falafel,827,0.966523
FKIT,Y+X2_M3_r1,falafel,828,0.967802
FKIT,Y+X2_M3_r1,falafel,829,0.966994
FKIT,Y+X2_M3_r1,falafel,830,0.969153
FKIT,Y+X2_M3_r1,falafel,831,0.967504
FKIT,Y+X2_M3_r1,falafel,832,0.970925
FKIT,Y+X2_M3_r1,falafel,833,0.970618
FKIT,Y+X2_M3_r1,falafel,834,0.971758
FKIT,Y+X2_M3_r1,falafel,835,0.971949
FKIT,Y+X2_M3_r1,falafel,836,0.970547
FKIT,Y+X2_M3_r1,falafel,837,0.968087
FKIT,Y+X2_M3_r1,falafel,838,0.971995
FKIT,Y+X2_M3_r1,falafel,839,0.971079
FKIT,Y+X2_M3_r1,falafel,840,0.972279
FKIT,Y+X2_M3_r1,falafel,841,0.972469
FKIT,Y+X2_M3_r1,falafel,842,0.972570
FKIT,Y+X2_M3_r1,falafel,843,0.971999
FKIT,Y+X2_M3_r1,falafel,844,0.976910
FKIT,Y+X2_M3_r1,falafel,845,0.970517
FKIT,Y+X2_M3_r1,falafel,846,0.971632
FKIT,Y+X2_M3_r1,falafel,847,0.965992
FKIT,Y+X2_M3_r1,falafel,848,0.968037
FKIT,Y+X2_M3_r1,falafel,849,0.967781
FKIT,Y+X2_M3_r1,falafel,850,0.971860
FKIT,Y+X2_M3_r1,falafel,851,0.967028
FKIT,Y+X2_M3_r1,falafel,852,0.970898
FKIT,Y+X2_M3_r1,falafel,853,0.966954
FKIT,Y+X2_M3_r1,falafel,854,0.969681
FKIT,Y+X2_M3_r1,falafel,855,0.967460
FKIT,Y+X2_M3_r1,falafel,856,0.971186
FKIT,Y+X2_M3_r1,falafel,857,0.973057
FKIT,Y+X2_M3_r1,falafel,858,0.971303
FKIT,Y+X2_M3_r1,falafel,859,0.973085
FKIT,Y+X2_M3_r1,falafel,860,0.975110
FKIT,Y+X2_M3_r1,falafel,861,0.975361
FKIT,Y+X2_M3_r1,falafel,862,0.976832
FKIT,Y+X2_M3_r1,falafel,863,0.973258
FKIT,Y+X2_M3_r1,falafel,864,0.974940
FKIT,Y+X2_M3_r1,falafel,865,0.971889
FKIT,Y+X2_M3_r1,falafel,866,0.960985
FKIT,Y+X2_M3_r1,falafel,867,0.961497
FKIT,Y+X2_M3_r1,falafel,868,0.967106
FKIT,Y+X2_M3_r1,falafel,869,0.965990
FKIT,Y+X2_M3_r1,falafel,870,0.963109
FKIT,Y+X2_M3_r1,falafel,871,0.959269
FKIT,Y+X2_M3_r1,falafel,872,0.961440
FKIT,Y+X2_M3_r1,falafel,873,0.959929
FKIT,Y+X2_M3_r1,falafel,874,0.964097
FKIT,Y+X2_M3_r1,falafel,875,0.961274
FKIT,Y+X2_M3_r1,falafel,876,0.958408
FKIT,Y+X2_M3_r1,falafel,877,0.959441
FKIT,Y+X2_M3_r1,falafel,878,0.955588
FKIT,Y+X2_M3_r1,falafel,879,0.957436
FKIT,Y+X2_M3_r1,falafel,880,0.957064
FKIT,Y+X2_M3_r1,falafel,881,0.957339
FKIT,Y+X2_M3_r1,falafel,882,0.959977
FKIT,Y+X2_M3_r1,falafel,883,0.955081
FKIT,Y+X2_M3_r1,falafel,884,0.961432
FKIT,Y+X2_M3_r1,falafel,885,0.964806
FKIT,Y+X2_M3_r1,falafel,886,0.966847
FKIT,Y+X2_M3_r1,falafel,887,0.960461
FKIT,Y+X2_M3_r1,falafel,888,0.961490
FKIT,Y+X2_M3_r1,falafel,889,0.957755
FKIT,Y+X2_M3_r1,falafel,890,0.965416
FKIT,Y+X2_M3_r1,falafel,891,0.960597
FKIT,Y+X2_M3_r1,falafel,892,0.958694
FKIT,Y+X2_M3_r1,falafel,893,0.959181
FKIT,Y+X2_M3_r1,falafel,894,0.965073
FKIT,Y+X2_M3_r1,falafel,895,0.965968
FKIT,Y+X2_M3_r1,falafel,896,0.964310
FKIT,Y+X2_M3_r1,falafel,897,0.965363
FKIT,Y+X2_M3_r1,falafel,898,0.963918
FKIT,Y+X2_M3_r1,falafel,899,0.966649
FKIT,Y+X2_M3_r1,falafel,900,0.963813
FKIT,Y+X2_M3_r1,falafel,901,0.969705
FKIT,Y+X2_M3_r1,falafel,902,0.968913
FKIT,Y+X2_M3_r1,falafel,903,0.967577
FKIT,Y+X2_M3_r1,falafel,904,0.969473
FKIT,Y+X2_M3_r1,falafel,905,0.971023
FKIT,Y+X2_M3_r1,falafel,906,0.969382
FKIT,Y+X2_M3_r1,falafel,907,0.965997
FKIT,Y+X2_M3_r1,falafel,908,0.967440
FKIT,Y+X2_M3_r1,falafel,909,0.970057
FKIT,Y+X2_M3_r1,falafel,910,0.971426
FKIT,Y+X2_M3_r1,falafel,911,0.973237
FKIT,Y+X2_M3_r1,falafel,912,0.972148
FKIT,Y+X2_M3_r1,falafel,913,0.974871
FKIT,Y+X2_M3_r1,falafel,914,0.974704
FKIT,Y+X2_M3_r1,falafel,915,0.974172
FKIT,Y+X2_M3_r1,falafel,916,0.974557
FKIT,Y+X2_M3_r1,falafel,917,0.974680
FKIT,Y+X2_M3_r1,falafel,918,0.974989
FKIT,Y+X2_M3_r1,falafel,919,0.975347
FKIT,Y+X2_M3_r1,falafel,920,0.975936
FKIT,Y+X2_M3_r1,falafel,921,0.976416
FKIT,Y+X2_M3_r1,falafel,922,0.977171
FKIT,Y+X2_M3_r1,falafel,923,0.967595
FKIT,Y+X2_M3_r1,falafel,924,0.978506
FKIT,Y+X2_M3_r1,falafel,925,0.977819
FKIT,Y+X2_M3_r1,falafel,926,0.978290
FKIT,Y+X2_M3_r1,falafel,927,0.978464
FKIT,Y+X2_M3_r1,falafel,928,0.978283
FKIT,Y+X2_M3_r1,french_bread,0,0.623604
FKIT,Y+X2_M3_r1,french_bread,1,0.630147
FKIT,Y+X2_M3_r1,french_bread,2,0.635178
FKIT,Y+X2_M3_r1,french_bread,3,0.637983
FKIT,Y+X2_M3_r1,french_bread,4,0.636374
FKIT,Y+X2_M3_r1,french_bread,5,0.633957
FKIT,Y+X2_M3_r1,french_bread,6,0.636557
FKIT,Y+X2_M3_r1,french_bread,7,0.634678
FKIT,Y+X2_M3_r1,french_bread,8,0.635275
FKIT,Y+X2_M3_r1,french_bread,9,0.635362
FKIT,Y+X2_M3_r1,french_bread,10,0.635076
FKIT,Y+X2_M3_r1,french_bread,11,0.640377
FKIT,Y+X2_M3_r1,french_bread,12,0.635301
FKIT,Y+X2_M3_r1,french_bread,13,0.636600
FKIT,Y+X2_M3_r1,french_bread,14,0.643575
FKIT,Y+X2_M3_r1,french_bread,15,0.644034
FKIT,Y+X2_M3_r1,french_bread,16,0.642094
FKIT,Y+X2_M3_r1,french_bread,17,0.652886
FKIT,Y+X2_M3_r1,french_bread,18,0.654190
FKIT,Y+X2_M3_r1,french_bread,19,0.651153
FKIT,Y+X2_M3_r1,french_bread,20,0.653320
FKIT,Y+X2_M3_r1,french_bread,21,0.645988
FKIT,Y+X2_M3_r1,french_bread,22,0.628059
FKIT,Y+X2_M3_r1,french_bread,23,0.615573
FKIT,Y+X2_M3_r1,french_bread,24,0.605111
FKIT,Y+X2_M3_r1,french_bread,25,0.597680
FKIT,Y+X2_M3_r1,french_bread,26,0.579693
FKIT,Y+X2_M3_r1,french_bread,27,0.573263
FKIT,Y+X2_M3_r1,french_bread,28,0.564572
FKIT,Y+X2_M3_r1,french_bread,29,0.535588
FKIT,Y+X2_M3_r1,french_bread,30,0.527810
FKIT,Y+X2_M3_r1,french_bread,31,0.507553
FKIT,Y+X2_M3_r1,french_bread,32,0.498656
FKIT,Y+X2_M3_r1,french_bread,33,0.487103
FKIT,Y+X2_M3_r1,french_bread,34,0.473921
FKIT,Y+X2_M3_r1,french_bread,35,0.464618
FKIT,Y+X2_M3_r1,french_bread,36,0.449171
FKIT,Y+X2_M3_r1,french_bread,37,0.446467
FKIT,Y+X2_M3_r1,french_bread,38,0.449622
FKIT,Y+X2_M3_r1,french_bread,39,0.455013
FKIT,Y+X2_M3_r1,french_bread,40,0.455762
FKIT,Y+X2_M3_r1,french_bread,41,0.463276
FKIT,Y+X2_M3_r1,french_bread,42,0.461815
FKIT,Y+X2_M3_r1,french_bread,43,0.464310
FKIT,Y+X2_M3_r1,french_bread,44,0.472695
FKIT,Y+X2_M3_r1,french_bread,45,0.474200
FKIT,Y+X2_M3_r1,french_bread,46,0.479357
FKIT,Y+X2_M3_r1,french_bread,47,0.482914
FKIT,Y+X2_M3_r1,french_bread,48,0.482781
FKIT,Y+X2_M3_r1,french_bread,49,0.486040
FKIT,Y+X2_M3_r1,french_bread,50,0.488211
FKIT,Y+X2_M3_r1,french_bread,51,0.486054
FKIT,Y+X2_M3_r1,french_bread,52,0.487111
FKIT,Y+X2_M3_r1,french_bread,53,0.487598
FKIT,Y+X2_M3_r1,french_bread,54,0.487012
FKIT,Y+X2_M3_r1,french_bread,55,0.486476
FKIT,Y+X2_M3_r1,french_bread,56,0.488313
FKIT,Y+X2_M3_r1,french_bread,57,0.487878
FKIT,Y+X2_M3_r1,french_bread,58,0.488513
FKIT,Y+X2_M3_r1,french_bread,59,0.488308
FKIT,Y+X2_M3_r1,french_bread,60,0.484043
FKIT,Y+X2_M3_r1,french_bread,61,0.482836
FKIT,Y+X2_M3_r1,french_bread,62,0.478451
FKIT,Y+X2_M3_r1,french_bread,63,0.477646
FKIT,Y+X2_M3_r1,french_bread,64,0.476161
FKIT,Y+X2_M3_r1,french_bread,65,0.476720
FKIT,Y+X2_M3_r1,french_bread,66,0.474701
FKIT,Y+X2_M3_r1,french_bread,67,0.473574
FKIT,Y+X2_M3_r1,french_bread,68,0.471945
FKIT,Y+X2_M3_r1,french_bread,69,0.467578
FKIT,Y+X2_M3_r1,french_bread,70,0.462901
FKIT,Y+X2_M3_r1,french_bread,71,0.459136
FKIT,Y+X2_M3_r1,french_bread,72,0.450630
FKIT,Y+X2_M3_r1,french_bread,73,0.447214
FKIT,Y+X2_M3_r1,french_bread,74,0.438405
FKIT,Y+X2_M3_r1,french_bread,75,0.435590
FKIT,Y+X2_M3_r1,french_bread,76,0.427286
FKIT,Y+X2_M3_r1,french_bread,77,0.418941
FKIT,Y+X2_M3_r1,french_bread,78,0.411057
FKIT,Y+X2_M3_r1,french_bread,79,0.405808
FKIT,Y+X2_M3_r1,french_bread,80,0.396759
FKIT,Y+X2_M3_r1,french_bread,81,0.393321
FKIT,Y+X2_M3_r1,french_bread,82,0.393425
FKIT,Y+X2_M3_r1,french_bread,83,0.398600
FKIT,Y+X2_M3_r1,french_bread,84,0.407891
FKIT,Y+X2_M3_r1,french_bread,85,0.421143
FKIT,Y+X2_M3_r1,french_bread,86,0.431365
FKIT,Y+X2_M3_r1,french_bread,87,0.450496
FKIT,Y+X2_M3_r1,french_bread,88,0.470749
FKIT,Y+X2_M3_r1,french_bread,89,0.516421
FKIT,Y+X2_M3_r1,french_bread,90,0.538258
FKIT,Y+X2_M3_r1,french_bread,91,0.586393
FKIT,Y+X2_M3_r1,french_bread,92,0.625094
FKIT,Y+X2_M3_r1,french_bread,93,0.653293
FKIT,Y+X2_M3_r1,french_bread,94,0.681689
FKIT,Y+X2_M3_r1,french_bread,95,0.715638
FKIT,Y+X2_M3_r1,french_bread,96,0.716541
FKIT,Y+X2_M3_r1,french_bread,97,0.706245
FKIT,Y+X2_M3_r1,french_bread,98,0.680486
FKIT,Y+X2_M3_r1,french_bread,99,0.675528
FKIT,Y+X2_M3_r1,french_bread,100,0.720368
FKIT,Y+X2_M3_r1,french_bread,101,0.777992
FKIT,Y+X2_M3_r1,french_bread,102,0.843912
FKIT,Y+X2_M3_r1,french_bread,103,0.966111
FKIT,Y+X2_M3_r1,french_bread,104,0.963966
FKIT,Y+X2_M3_r1,french_bread,105,0.962110
FKIT,Y+X2_M3_r1,french_bread,106,0.964798
FKIT,Y+X2_M3_r1,french_bread,107,0.960773
FKIT,Y+X2_M3_r1,french_bread,108,0.963153
FKIT,Y+X2_M3_r1,french_bread,109,0.965175
FKIT,Y+X2_M3_r1,french_bread,110,0.962814
FKIT,Y+X2_M3_r1,french_bread,111,0.962353
FKIT,Y+X2_M3_r1,french_bread,112,0.966246
FKIT,Y+X2_M3_r1,french_bread,113,0.962540
FKIT,Y+X2_M3_r1,french_bread,114,0.961709
FKIT,Y+X2_M3_r1,french_bread,115,0.962940
FKIT,Y+X2_M3_r1,french_bread,116,0.961655
FKIT,Y+X2_M3_r1,french_bread,117,0.963711
FKIT,Y+X2_M3_r1,french_bread,118,0.962823
FKIT,Y+X2_M3_r1,french_bread,119,0.960770
FKIT,Y+X2_M3_r1,french_bread,120,0.964865
FKIT,Y+X2_M3_r1,french_bread,121,0.967471
FKIT,Y+X2_M3_r1,french_bread,122,0.967728
FKIT,Y+X2_M3_r1,french_bread,123,0.968310
FKIT,Y+X2_M3_r1,french_bread,124,0.965755
FKIT,Y+X2_M3_r1,french_bread,125,0.969741
FKIT,Y+X2_M3_r1,french_bread,126,0.968768
FKIT,Y+X2_M3_r1,french_bread,127,0.966385
FKIT,Y+X2_M3_r1,french_bread,128,0.967390
FKIT,Y+X2_M3_r1,french_bread,129,0.965116
FKIT,Y+X2_M3_r1,french_bread,130,0.969505
FKIT,Y+X2_M3_r1,french_bread,131,0.964164
FKIT,Y+X2_M3_r1,french_bread,132,0.966536
FKIT,Y+X2_M3_r1,french_bread,133,0.966025
FKIT,Y+X2_M3_r1,french_bread,134,0.967370
FKIT,Y+X2_M3_r1,french_bread,135,0.965074
FKIT,Y+X2_M3_r1,french_bread,136,0.966628
FKIT,Y+X2_M3_r1,french_bread,137,0.963755
FKIT,Y+X2_M3_r1,french_bread,138,0.961060
FKIT,Y+X2_M3_r1,french_bread,139,0.967499
FKIT,Y+X2_M3_r1,french_bread,140,0.969459
FKIT,Y+X2_M3_r1,french_bread,141,0.968459
FKIT,Y+X2_M3_r1,french_bread,142,0.968262
FKIT,Y+X2_M3_r1,french_bread,143,0.969908
FKIT,Y+X2_M3_r1,french_bread,144,0.968075
FKIT,Y+X2_M3_r1,french_bread,145,0.970337
FKIT,Y+X2_M3_r1,french_bread,146,0.969415
FKIT,Y+X2_M3_r1,french_bread,147,0.970926
FKIT,Y+X2_M3_r1,french_bread,148,0.969758
FKIT,Y+X2_M3_r1,french_bread,149,0.969243
FKIT,Y+X2_M3_r1,french_bread,150,0.972066
FKIT,Y+X2_M3_r1,french_bread,151,0.965465
FKIT,Y+X2_M3_r1,french_bread,152,0.965068
FKIT,Y+X2_M3_r1,french_bread,153,0.964273
FKIT,Y+X2_M3_r1,french_bread,154,0.966764
FKIT,Y+X2_M3_r1,french_bread,155,0.968405
FKIT,Y+X2_M3_r1,french_bread,156,0.965263
FKIT,Y+X2_M3_r1,french_bread,157,0.963915
FKIT,Y+X2_M3_r1,french_bread,158,0.961504
FKIT,Y+X2_M3_r1,french_bread,159,0.960944
FKIT,Y+X2_M3_r1,french_bread,160,0.960018
FKIT,Y+X2_M3_r1,french_bread,161,0.958031
FKIT,Y+X2_M3_r1,french_bread,162,0.965702
FKIT,Y+X2_M3_r1,french_bread,163,0.956222
FKIT,Y+X2_M3_r1,french_bread,164,0.956261
FKIT,Y+X2_M3_r1,french_bread,165,0.951984
FKIT,Y+X2_M3_r1,french_bread,166,0.954713
FKIT,Y+X2_M3_r1,french_bread,167,0.952306
FKIT,Y+X2_M3_r1,french_bread,168,0.950652
FKIT,Y+X2_M3_r1,french_bread,169,0.948040
FKIT,Y+X2_M3_r1,french_bread,170,0.953152
FKIT,Y+X2_M3_r1,french_bread,171,0.951225
FKIT,Y+X2_M3_r1,french_bread,172,0.956168
FKIT,Y+X2_M3_r1,french_bread,173,0.948239
FKIT,Y+X2_M3_r1,french_bread,174,0.949277
FKIT,Y+X2_M3_r1,french_bread,175,0.942986
FKIT,Y+X2_M3_r1,french_bread,176,0.945750
FKIT,Y+X2_M3_r1,french_bread,177,0.946964
FKIT,Y+X2_M3_r1,french_bread,178,0.938935
FKIT,Y+X2_M3_r1,french_bread,179,0.957980
FKIT,Y+X2_M3_r1,french_bread,180,0.951665
FKIT,Y+X2_M3_r1,french_bread,181,0.941335
FKIT,Y+X2_M3_r1,french_bread,182,0.949247
FKIT,Y+X2_M3_r1,french_bread,183,0.945943
FKIT,Y+X2_M3_r1,french_bread,184,0.954153
FKIT,Y+X2_M3_r1,french_bread,185,0.945962
FKIT,Y+X2_M3_r1,french_bread,186,0.947251
FKIT,Y+X2_M3_r1,french_bread,187,0.939365
FKIT,Y+X2_M3_r1,french_bread,188,0.950698
FKIT,Y+X2_M3_r1,french_bread,189,0.957551
FKIT,Y+X2_M3_r1,french_bread,190,0.960462
FKIT,Y+X2_M3_r1,french_bread,191,0.958626
FKIT,Y+X2_M3_r1,french_bread,192,0.957598
FKIT,Y+X2_M3_r1,french_bread,193,0.958582
FKIT,Y+X2_M3_r1,french_bread,194,0.954372
FKIT,Y+X2_M3_r1,french_bread,195,0.957240
FKIT,Y+X2_M3_r1,french_bread,196,0.952728
FKIT,Y+X2_M3_r1,french_bread,197,0.955658
FKIT,Y+X2_M3_r1,french_bread,198,0.953181
FKIT,Y+X2_M3_r1,french_bread,199,0.951703
FKIT,Y+X2_M3_r1,french_bread,200,0.956443
FKIT,Y+X2_M3_r1,french_bread,201,0.953083
FKIT,Y+X2_M3_r1,french_bread,202,0.950069
FKIT,Y+X2_M3_r1,french_bread,203,0.948500
FKIT,Y+X2_M3_r1,french_bread,204,0.952639
FKIT,Y+X2_M3_r1,french_bread,205,0.951728
FKIT,Y+X2_M3_r1,french_bread,206,0.954550
FKIT,Y+X2_M3_r1,french_bread,207,0.958059
FKIT,Y+X2_M3_r1,french_bread,208,0.953917
FKIT,Y+X2_M3_r1,french_bread,209,0.957963
FKIT,Y+X2_M3_r1,french_bread,210,0.959251
FKIT,Y+X2_M3_r1,french_bread,211,0.958821
FKIT,Y+X2_M3_r1,french_bread,212,0.958916
FKIT,Y+X2_M3_r1,french_bread,213,0.955398
FKIT,Y+X2_M3_r1,french_bread,214,0.957970
FKIT,Y+X2_M3_r1,french_bread,215,0.956591
FKIT,Y+X2_M3_r1,french_bread,216,0.955800
FKIT,Y+X2_M3_r1,french_bread,217,0.960563
FKIT,Y+X2_M3_r1,french_bread,218,0.957731
FKIT,Y+X2_M3_r1,french_bread,219,0.954504
FKIT,Y+X2_M3_r1,french_bread,220,0.953203
FKIT,Y+X2_M3_r1,french_bread,221,0.955087
FKIT,Y+X2_M3_r1,french_bread,222,0.955943
FKIT,Y+X2_M3_r1,french_bread,223,0.958743
FKIT,Y+X2_M3_r1,french_bread,224,0.957321
FKIT,Y+X2_M3_r1,french_bread,225,0.957631
FKIT,Y+X2_M3_r1,french_bread,226,0.952324
FKIT,Y+X2_M3_r1,french_bread,227,0.956291
FKIT,Y+X2_M3_r1,french_bread,228,0.956510
FKIT,Y+X2_M3_r1,french_bread,229,0.952734
FKIT,Y+X2_M3_r1,french_bread,230,0.956747
FKIT,Y+X2_M3_r1,french_bread,231,0.957795
FKIT,Y+X2_M3_r1,french_bread,232,0.957678
FKIT,Y+X2_M3_r1,french_bread,233,0.955315
FKIT,Y+X2_M3_r1,french_bread,234,0.962040
FKIT,Y+X2_M3_r1,french_bread,235,0.964279
FKIT,Y+X2_M3_r1,french_bread,236,0.964353
FKIT,Y+X2_M3_r1,french_bread,237,0.964179
FKIT,Y+X2_M3_r1,french_bread,238,0.962837
FKIT,Y+X2_M3_r1,french_bread,239,0.966173
FKIT,Y+X2_M3_r1,french_bread,240,0.967362
FKIT,Y+X2_M3_r1,french_bread,241,0.966623
FKIT,Y+X2_M3_r1,french_bread,242,0.969478
FKIT,Y+X2_M3_r1,french_bread,243,0.970242
FKIT,Y+X2_M3_r1,french_bread,244,0.971068
FKIT,Y+X2_M3_r1,french_bread,245,0.969224
FKIT,Y+X2_M3_r1,french_bread,246,0.967472
FKIT,Y+X2_M3_r1,french_bread,247,0.967810
FKIT,Y+X2_M3_r1,french_bread,248,0.967916
FKIT,Y+X2_M3_r1,french_bread,249,0.966396
FKIT,Y+X2_M3_r1,french_bread,250,0.966688
FKIT,Y+X2_M3_r1,french_bread,251,0.970729
FKIT,Y+X2_M3_r1,french_bread,252,0.967384
FKIT,Y+X2_M3_r1,french_bread,253,0.971236
FKIT,Y+X2_M3_r1,french_bread,254,0.972213
FKIT,Y+X2_M3_r1,french_bread,255,0.969918
FKIT,Y+X2_M3_r1,french_bread,256,0.970972
FKIT,Y+X2_M3_r1,french_bread,257,0.969479
FKIT,Y+X2_M3_r1,french_bread,258,0.970624
FKIT,Y+X2_M3_r1,french_bread,259,0.970995
FKIT,Y+X2_M3_r1,french_bread,260,0.966144
FKIT,Y+X2_M3_r1,french_bread,261,0.966489
FKIT,Y+X2_M3_r1,french_bread,262,0.968098
FKIT,Y+X2_M3_r1,french_bread,263,0.966960
FKIT,Y+X2_M3_r1,french_bread,264,0.966564
FKIT,Y+X2_M3_r1,french_bread,265,0.967552
FKIT,Y+X2_M3_r1,french_bread,266,0.968592
FKIT,Y+X2_M3_r1,french_bread,267,0.964861
FKIT,Y+X2_M3_r1,french_bread,268,0.963198
FKIT,Y+X2_M3_r1,french_bread,269,0.966441
FKIT,Y+X2_M3_r1,french_bread,270,0.964137
FKIT,Y+X2_M3_r1,french_bread,271,0.966168
FKIT,Y+X2_M3_r1,french_bread,272,0.966732
FKIT,Y+X2_M3_r1,french_bread,273,0.966972
FKIT,Y+X2_M3_r1,french_bread,274,0.967649
FKIT,Y+X2_M3_r1,french_bread,275,0.964682
FKIT,Y+X2_M3_r1,french_bread,276,0.963354
FKIT,Y+X2_M3_r1,french_bread,277,0.964415
FKIT,Y+X2_M3_r1,french_bread,278,0.963189
FKIT,Y+X2_M3_r1,french_bread,279,0.961417
FKIT,Y+X2_M3_r1,french_bread,280,0.961683
FKIT,Y+X2_M3_r1,french_bread,281,0.958002
FKIT,Y+X2_M3_r1,french_bread,282,0.964039
FKIT,Y+X2_M3_r1,french_bread,283,0.964816
FKIT,Y+X2_M3_r1,french_bread,284,0.966133
FKIT,Y+X2_M3_r1,french_bread,285,0.964769
FKIT,Y+X2_M3_r1,french_bread,286,0.966354
FKIT,Y+X2_M3_r1,french_bread,287,0.966727
FKIT,Y+X2_M3_r1,french_bread,288,0.969755
FKIT,Y+X2_M3_r1,french_bread,289,0.966266
FKIT,Y+X2_M3_r1,french_bread,290,0.967617
FKIT,Y+X2_M3_r1,french_bread,291,0.970896
FKIT,Y+X2_M3_r1,french_bread,292,0.969066
FKIT,Y+X2_M3_r1,french_bread,293,0.964073
FKIT,Y+X2_M3_r1,french_bread,294,0.966148
FKIT,Y+X2_M3_r1,french_bread,295,0.969720
FKIT,Y+X2_M3_r1,french_bread,296,0.967721
FKIT,Y+X2_M3_r1,french_bread,297,0.972279
FKIT,Y+X2_M3_r1,french_bread,298,0.971095
FKIT,Y+X2_M3_r1,french_bread,299,0.968523
FKIT,Y+X2_M3_r1,french_bread,300,0.971375
FKIT,Y+X2_M3_r1,french_bread,301,0.968315
FKIT,Y+X2_M3_r1,french_bread,302,0.968071
FKIT,Y+X2_M3_r1,french_bread,303,0.968533
FKIT,Y+X2_M3_r1,french_bread,304,0.970367
FKIT,Y+X2_M3_r1,french_bread,305,0.969469
FKIT,Y+X2_M3_r1,french_bread,306,0.969703
FKIT,Y+X2_M3_r1,french_bread,307,0.969606
FKIT,Y+X2_M3_r1,french_bread,308,0.966641
FKIT,Y+X2_M3_r1,french_bread,309,0.962662
FKIT,Y+X2_M3_r1,french_bread,310,0.959620
FKIT,Y+X2_M3_r1,french_bread,311,0.960608
FKIT,Y+X2_M3_r1,french_bread,312,0.960371
FKIT,Y+X2_M3_r1,french_bread,313,0.955075
FKIT,Y+X2_M3_r1,french_bread,314,0.954106
FKIT,Y+X2_M3_r1,french_bread,315,0.957537
FKIT,Y+X2_M3_r1,french_bread,316,0.961186
FKIT,Y+X2_M3_r1,french_bread,317,0.952742
FKIT,Y+X2_M3_r1,french_bread,318,0.959582
FKIT,Y+X2_M3_r1,french_bread,319,0.950024
FKIT,Y+X2_M3_r1,french_bread,320,0.960514
FKIT,Y+X2_M3_r1,french_bread,321,0.962713
FKIT,Y+X2_M3_r1,french_bread,322,0.953697
FKIT,Y+X2_M3_r1,french_bread,323,0.953118
FKIT,Y+X2_M3_r1,french_bread,324,0.954421
FKIT,Y+X2_M3_r1,french_bread,325,0.956986
FKIT,Y+X2_M3_r1,french_bread,326,0.954726
FKIT,Y+X2_M3_r1,french_bread,327,0.952863
FKIT,Y+X2_M3_r1,french_bread,328,0.961503
FKIT,Y+X2_M3_r1,french_bread,329,0.956890
FKIT,Y+X2_M3_r1,french_bread,330,0.958533
FKIT,Y+X2_M3_r1,french_bread,331,0.950498
FKIT,Y+X2_M3_r1,french_bread,332,0.950754
FKIT,Y+X2_M3_r1,french_bread,333,0.960884
FKIT,Y+X2_M3_r1,french_bread,334,0.959179
FKIT,Y+X2_M3_r1,french_bread,335,0.951412
FKIT,Y+X2_M3_r1,french_bread,336,0.947132
FKIT,Y+X2_M3_r1,french_bread,337,0.958534
FKIT,Y+X2_M3_r1,french_bread,338,0.960334
FKIT,Y+X2_M3_r1,french_bread,339,0.962353
FKIT,Y+X2_M3_r1,french_bread,340,0.954342
FKIT,Y+X2_M3_r1,french_bread,341,0.951847
FKIT,Y+X2_M3_r1,french_bread,342,0.946988
FKIT,Y+X2_M3_r1,french_bread,343,0.956134
FKIT,Y+X2_M3_r1,french_bread,344,0.946298
FKIT,Y+X2_M3_r1,french_bread,345,0.948359
FKIT,Y+X2_M3_r1,french_bread,346,0.944945
FKIT,Y+X2_M3_r1,french_bread,347,0.958354
FKIT,Y+X2_M3_r1,french_bread,348,0.951270
FKIT,Y+X2_M3_r1,french_bread,349,0.921637
FKIT,Y+X2_M3_r1,french_bread,350,0.883301
FKIT,Y+X2_M3_r1,french_bread,351,0.816907
FKIT,Y+X2_M3_r1,french_bread,352,0.746804
FKIT,Y+X2_M3_r1,french_bread,353,0.695802
FKIT,Y+X2_M3_r1,french_bread,354,0.643981
FKIT,Y+X2_M3_r1,french_bread,355,0.612585
FKIT,Y+X2_M3_r1,french_bread,356,0.608617
FKIT,Y+X2_M3_r1,french_bread,357,0.605729
FKIT,Y+X2_M3_r1,french_bread,358,0.598536
FKIT,Y+X2_M3_r1,french_bread,359,0.589921
FKIT,Y+X2_M3_r1,french_bread,360,0.577702
FKIT,Y+X2_M3_r1,french_bread,361,0.555434
FKIT,Y+X2_M3_r1,french_bread,362,0.527984
FKIT,Y+X2_M3_r1,french_bread,363,0.499254
FKIT,Y+X2_M3_r1,french_bread,364,0.470975
FKIT,Y+X2_M3_r1,french_bread,365,0.450254
FKIT,Y+X2_M3_r1,french_bread,366,0.452514
FKIT,Y+X2_M3_r1,french_bread,367,0.460047
FKIT,Y+X2_M3_r1,french_bread,368,0.468109
FKIT,Y+X2_M3_r1,french_bread,369,0.473997
FKIT,Y+X2_M3_r1,french_bread,370,0.481659
FKIT,Y+X2_M3_r1,french_bread,371,0.485761
FKIT,Y+X2_M3_r1,french_bread,372,0.483950
FKIT,Y+X2_M3_r1,french_bread,373,0.486646
FKIT,Y+X2_M3_r1,french_bread,374,0.489857
FKIT,Y+X2_M3_r1,french_bread,375,0.492452
FKIT,Y+X2_M3_r1,french_bread,376,0.493276
FKIT,Y+X2_M3_r1,french_bread,377,0.497521
FKIT,Y+X2_M3_r1,french_bread,378,0.497274
FKIT,Y+X2_M3_r1,french_bread,379,0.498093
FKIT,Y+X2_M3_r1,french_bread,380,0.499357
FKIT,Y+X2_M3_r1,french_bread,381,0.497539
FKIT,Y+X2_M3_r1,french_bread,382,0.494908
FKIT,Y+X2_M3_r1,french_bread,383,0.491285
FKIT,Y+X2_M3_r1,french_bread,384,0.491450
FKIT,Y+X2_M3_r1,french_bread,385,0.490041
FKIT,Y+X2_M3_r1,french_bread,386,0.491700
FKIT,Y+X2_M3_r1,french_bread,387,0.490154
FKIT,Y+X2_M3_r1,french_bread,388,0.494443
FKIT,Y+X2_M3_r1,french_bread,389,0.495724
FKIT,Y+X2_M3_r1,french_bread,390,0.499382
FKIT,Y+X2_M3_r1,french_bread,391,0.498307
FKIT,Y+X2_M3_r1,french_bread,392,0.498140
FKIT,Y+X2_M3_r1,french_bread,393,0.499344
FKIT,Y+X2_M3_r1,french_bread,394,0.499090
FKIT,Y+X2_M3_r1,french_bread,395,0.500678
FKIT,Y+X2_M3_r1,french_bread,396,0.500502
FKIT,Y+X2_M3_r1,french_bread,397,0.499692
FKIT,Y+X2_M3_r1,french_bread,398,0.498239
FKIT,Y+X2_M3_r1,french_bread,399,0.501661
FKIT,Y+X2_M3_r1,french_bread,400,0.501165
FKIT,Y+X2_M3_r1,french_bread,401,0.501106
FKIT,Y+X2_M3_r1,french_bread,402,0.501087
FKIT,Y+X2_M3_r1,french_bread,403,0.501356
FKIT,Y+X2_M3_r1,french_bread,404,0.501611
FKIT,Y+X2_M3_r1,french_bread,405,0.501610
FKIT,Y+X2_M3_r1,french_bread,406,0.501126
FKIT,Y+X2_M3_r1,french_bread,407,0.500547
FKIT,Y+X2_M3_r1,french_bread,408,0.499981
FKIT,Y+X2_M3_r1,french_bread,409,0.501092
FKIT,Y+X2_M3_r1,french_bread,410,0.502005
FKIT,Y+X2_M3_r1,french_bread,411,0.504281
FKIT,Y+X2_M3_r1,french_bread,412,0.505311
FKIT,Y+X2_M3_r1,french_bread,413,0.507221
FKIT,Y+X2_M3_r1,french_bread,414,0.507369
FKIT,Y+X2_M3_r1,french_bread,415,0.505615
FKIT,Y+X2_M3_r1,french_bread,416,0.504538
FKIT,Y+X2_M3_r1,french_bread,417,0.507773
FKIT,Y+X2_M3_r1,french_bread,418,0.508101
FKIT,Y+X2_M3_r1,french_bread,419,0.508452
FKIT,Y+X2_M3_r1,french_bread,420,0.511086
FKIT,Y+X2_M3_r1,french_bread,421,0.512576
FKIT,Y+X2_M3_r1,french_bread,422,0.511046
FKIT,Y+X2_M3_r1,french_bread,423,0.514616
FKIT,Y+X2_M3_r1,french_bread,424,0.516404
FKIT,Y+X2_M3_r1,french_bread,425,0.517979
FKIT,Y+X2_M3_r1,french_bread,426,0.519412
FKIT,Y+X2_M3_r1,french_bread,427,0.520607
FKIT,Y+X2_M3_r1,french_bread,428,0.521198
FKIT,Y+X2_M3_r1,french_bread,429,0.521469
FKIT,Y+X2_M3_r1,french_bread,430,0.522188
FKIT,Y+X2_M3_r1,french_bread,431,0.520633
FKIT,Y+X2_M3_r1,french_bread,432,0.518986
FKIT,Y+X2_M3_r1,french_bread,433,0.515575
FKIT,Y+X2_M3_r1,french_bread,434,0.513443
FKIT,Y+X2_M3_r1,french_bread,435,0.507644
FKIT,Y+X2_M3_r1,french_bread,436,0.506632
FKIT,Y+X2_M3_r1,french_bread,437,0.504708
FKIT,Y+X2_M3_r1,french_bread,438,0.502565
FKIT,Y+X2_M3_r1,french_bread,439,0.500134
FKIT,Y+X2_M3_r1,french_bread,440,0.498144
FKIT,Y+X2_M3_r1,french_bread,441,0.495846
FKIT,Y+X2_M3_r1,french_bread,442,0.494949
FKIT,Y+X2_M3_r1,french_bread,443,0.493482
FKIT,Y+X2_M3_r1,french_bread,444,0.491551
FKIT,Y+X2_M3_r1,french_bread,445,0.490501
FKIT,Y+X2_M3_r1,french_bread,446,0.486659
FKIT,Y+X2_M3_r1,french_bread,447,0.483417
FKIT,Y+X2_M3_r1,french_bread,448,0.479947
FKIT,Y+X2_M3_r1,french_bread,449,0.476844
FKIT,Y+X2_M3_r1,french_bread,450,0.474329
FKIT,Y+X2_M3_r1,french_bread,451,0.469171
FKIT,Y+X2_M3_r1,french_bread,452,0.464744
FKIT,Y+X2_M3_r1,french_bread,453,0.465217
FKIT,Y+X2_M3_r1,french_bread,454,0.464658
FKIT,Y+X2_M3_r1,french_bread,455,0.465111
FKIT,Y+X2_M3_r1,french_bread,456,0.457065
FKIT,Y+X2_M3_r1,french_bread,457,0.451449
FKIT,Y+X2_M3_r1,french_bread,458,0.452224
FKIT,Y+X2_M3_r1,french_bread,459,0.448797
FKIT,Y+X2_M3_r1,french_bread,460,0.445937
FKIT,Y+X2_M3_r1,french_bread,461,0.442064
FKIT,Y+X2_M3_r1,french_bread,462,0.443834
FKIT,Y+X2_M3_r1,french_bread,463,0.449926
FKIT,Y+X2_M3_r1,french_bread,464,0.456410
FKIT,Y+X2_M3_r1,french_bread,465,0.459252
FKIT,Y+X2_M3_r1,french_bread,466,0.470203
FKIT,Y+X2_M3_r1,french_bread,467,0.479180
FKIT,Y+X2_M3_r1,french_bread,468,0.486312
FKIT,Y+X2_M3_r1,french_bread,469,0.493940
FKIT,Y+X2_M3_r1,french_bread,470,0.498310
FKIT,Y+X2_M3_r1,french_bread,471,0.509959
FKIT,Y+X2_M3_r1,french_bread,472,0.525182
FKIT,Y+X2_M3_r1,french_bread,473,0.557832
FKIT,Y+X2_M3_r1,french_bread,474,0.601345
FKIT,Y+X2_M3_r1,french_bread,475,0.660895
FKIT,Y+X2_M3_r1,french_bread,476,0.732874
FKIT,Y+X2_M3_r1,french_bread,477,0.833685
FKIT,Y+X2_M3_r1,french_bread,478,0.945397
FKIT,Y+X2_M3_r1,french_bread,479,0.968331
FKIT,Y+X2_M3_r1,french_bread,480,0.970316
FKIT,Y+X2_M3_r1,french_bread,481,0.969028
FKIT,Y+X2_M3_r1,french_bread,482,0.970210
FKIT,Y+X2_M3_r1,french_bread,483,0.967717
FKIT,Y+X2_M3_r1,french_bread,484,0.970315
FKIT,Y+X2_M3_r1,french_bread,485,0.972015
FKIT,Y+X2_M3_r1,french_bread,486,0.970022
FKIT,Y+X2_M3_r1,french_bread,487,0.970491
FKIT,Y+X2_M3_r1,french_bread,488,0.970455
FKIT,Y+X2_M3_r1,french_bread,489,0.971227
FKIT,Y+X2_M3_r1,french_bread,490,0.970661
FKIT,Y+X2_M3_r1,french_bread,491,0.971328
FKIT,Y+X2_M3_r1,french_bread,492,0.969320
FKIT,Y+X2_M3_r1,french_bread,493,0.970373
FKIT,Y+X2_M3_r1,french_bread,494,0.970615
FKIT,Y+X2_M3_r1,french_bread,495,0.972164
FKIT,Y+X2_M3_r1,french_bread,496,0.968805
FKIT,Y+X2_M3_r1,french_bread,497,0.967537
FKIT,Y+X2_M3_r1,french_bread,498,0.969013
FKIT,Y+X2_M3_r1,french_bread,499,0.970483
FKIT,Y+X2_M3_r1,french_bread,500,0.969474
FKIT,Y+X2_M3_r1,french_bread,501,0.967874
FKIT,Y+X2_M3_r1,french_bread,502,0.966499
FKIT,Y+X2_M3_r1,french_bread,503,0.969507
FKIT,Y+X2_M3_r1,french_bread,504,0.974039
FKIT,Y+X2_M3_r1,french_bread,505,0.969881
FKIT,Y+X2_M3_r1,french_bread,506,0.970799
FKIT,Y+X2_M3_r1,french_bread,507,0.970541
FKIT,Y+X2_M3_r1,french_bread,508,0.971846
FKIT,Y+X2_M3_r1,french_bread,509,0.969199
FKIT,Y+X2_M3_r1,french_bread,510,0.969700
FKIT,Y+X2_M3_r1,french_bread,511,0.970294
FKIT,Y+X2_M3_r1,french_bread,512,0.970378
FKIT,Y+X2_M3_r1,french_bread,513,0.967822
FKIT,Y+X2_M3_r1,french_bread,514,0.972703
FKIT,Y+X2_M3_r1,french_bread,515,0.974091
FKIT,Y+X2_M3_r1,french_bread,516,0.967520
FKIT,Y+X2_M3_r1,french_bread,517,0.968085
FKIT,Y+X2_M3_r1,french_bread,518,0.967843
FKIT,Y+X2_M3_r1,french_bread,519,0.968478
FKIT,Y+X2_M3_r1,french_bread,520,0.973457
FKIT,Y+X2_M3_r1,french_bread,521,0.968673
FKIT,Y+X2_M3_r1,french_bread,522,0.969905
FKIT,Y+X2_M3_r1,french_bread,523,0.969567
FKIT,Y+X2_M3_r1,french_bread,524,0.966235
FKIT,Y+X2_M3_r1,french_bread,525,0.967877
FKIT,Y+X2_M3_r1,french_bread,526,0.972640
FKIT,Y+X2_M3_r1,french_bread,527,0.971512
FKIT,Y+X2_M3_r1,french_bread,528,0.966766
FKIT,Y+X2_M3_r1,french_bread,529,0.967227
FKIT,Y+X2_M3_r1,french_bread,530,0.967910
FKIT,Y+X2_M3_r1,french_bread,531,0.972792
FKIT,Y+X2_M3_r1,french_bread,532,0.971933
FKIT,Y+X2_M3_r1,french_bread,533,0.968858
FKIT,Y+X2_M3_r1,french_bread,534,0.972343
FKIT,Y+X2_M3_r1,french_bread,535,0.972810
FKIT,Y+X2_M3_r1,french_bread,536,0.971723
FKIT,Y+X2_M3_r1,french_bread,537,0.975837
FKIT,Y+X2_M3_r1,french_bread,538,0.973252
FKIT,Y+X2_M3_r1,french_bread,539,0.972975
FKIT,Y+X2_M3_r1,french_bread,540,0.977442
FKIT,Y+X2_M3_r1,french_bread,541,0.971150
FKIT,Y+X2_M3_r1,french_bread,542,0.975076
FKIT,Y+X2_M3_r1,french_bread,543,0.979356
FKIT,Y+X2_M3_r1,french_bread,544,0.981916
FKIT,Y+X2_M3_r1,french_bread,545,0.978202
FKIT,Y+X2_M3_r1,french_bread,546,0.979612
FKIT,Y+X2_M3_r1,french_bread,547,0.976186
FKIT,Y+X2_M3_r1,french_bread,548,0.978529
FKIT,Y+X2_M3_r1,french_bread,549,0.977624
FKIT,Y+X2_M3_r1,french_bread,550,0.981052
FKIT,Y+X2_M3_r1,french_bread,551,0.980570
FKIT,Y+X2_M3_r1,french_bread,552,0.976088
FKIT,Y+X2_M3_r1,french_bread,553,0.975886
FKIT,Y+X2_M3_r1,french_bread,554,0.977194
FKIT,Y+X2_M3_r1,french_bread,555,0.982171
FKIT,Y+X2_M3_r1,french_bread,556,0.976972
FKIT,Y+X2_M3_r1,french_bread,557,0.983255
FKIT,Y+X2_M3_r1,french_bread,558,0.980344
FKIT,Y+X2_M3_r1,french_bread,559,0.974669
FKIT,Y+X2_M3_r1,french_bread,560,0.973238
FKIT,Y+X2_M3_r1,french_bread,561,0.977238
FKIT,Y+X2_M3_r1,french_bread,562,0.976153
FKIT,Y+X2_M3_r1,french_bread,563,0.976734
FKIT,Y+X2_M3_r1,french_bread,564,0.981500
FKIT,Y+X2_M3_r1,french_bread,565,0.978778
FKIT,Y+X2_M3_r1,french_bread,566,0.975396
FKIT,Y+X2_M3_r1,french_bread,567,0.977277
FKIT,Y+X2_M3_r1,french_bread,568,0.975220
FKIT,Y+X2_M3_r1,french_bread,569,0.973653
FKIT,Y+X2_M3_r1,french_bread,570,0.977288
FKIT,Y+X2_M3_r1,french_bread,571,0.980168
FKIT,Y+X2_M3_r1,french_bread,572,0.981292
FKIT,Y+X2_M3_r1,french_bread,573,0.980908
FKIT,Y+X2_M3_r1,french_bread,574,0.979584
FKIT,Y+X2_M3_r1,french_bread,575,0.977684
FKIT,Y+X2_M3_r1,french_bread,576,0.976031
FKIT,Y+X2_M3_r1,french_bread,577,0.978397
FKIT,Y+X2_M3_r1,french_bread,578,0.980647
FKIT,Y+X2_M3_r1,french_bread,579,0.980062
FKIT,Y+X2_M3_r1,french_bread,580,0.979794
FKIT,Y+X2_M3_r1,french_bread,581,0.975643
FKIT,Y+X2_M3_r1,french_bread,582,0.980213
FKIT,Y+X2_M3_r1,french_bread,583,0.978015
FKIT,Y+X2_M3_r1,french_bread,584,0.982802
FKIT,Y+X2_M3_r1,french_bread,585,0.981545
FKIT,Y+X2_M3_r1,french_bread,586,0.980091
FKIT,Y+X2_M3_r1,french_bread,587,0.983829
FKIT,Y+X2_M3_r1,french_bread,588,0.980528
FKIT,Y+X2_M3_r1,french_bread,589,0.977822
FKIT,Y+X2_M3_r1,french_bread,590,0.976317
FKIT,Y+X2_M3_r1,french_bread,591,0.981229
FKIT,Y+X2_M3_r1,french_bread,592,0.976834
FKIT,Y+X2_M3_r1,french_bread,593,0.979032
FKIT,Y+X2_M3_r1,french_bread,594,0.978695
FKIT,Y+X2_M3_r1,french_bread,595,0.979902
FKIT,Y+X2_M3_r1,french_bread,596,0.977027
FKIT,Y+X2_M3_r1,french_bread,597,0.974642
FKIT,Y+X2_M3_r1,french_bread,598,0.970946
FKIT,Y+X2_M3_r1,french_bread,599,0.975770
FKIT,Y+X2_M3_r1,french_bread,600,0.977048
FKIT,Y+X2_M3_r1,french_bread,601,0.974410
FKIT,Y+X2_M3_r1,french_bread,602,0.975276
FKIT,Y+X2_M3_r1,french_bread,603,0.975796
FKIT,Y+X2_M3_r1,french_bread,604,0.977013
FKIT,Y+X2_M3_r1,french_bread,605,0.978222
FKIT,Y+X2_M3_r1,french_bread,606,0.977990
FKIT,Y+X2_M3_r1,french_bread,607,0.978611
FKIT,Y+X2_M3_r1,french_bread,608,0.972544
FKIT,Y+X2_M3_r1,french_bread,609,0.976615
FKIT,Y+X2_M3_r1,french_bread,610,0.970123
FKIT,Y+X2_M3_r1,french_bread,611,0.974331
FKIT,Y+X2_M3_r1,french_bread,612,0.973875
FKIT,Y+X2_M3_r1,french_bread,613,0.972183
FKIT,Y+X2_M3_r1,french_bread,614,0.971552
FKIT,Y+X2_M3_r1,french_bread,615,0.975292
FKIT,Y+X2_M3_r1,french_bread,616,0.976068
FKIT,Y+X2_M3_r1,french_bread,617,0.977021
FKIT,Y+X2_M3_r1,french_bread,618,0.973605
FKIT,Y+X2_M3_r1,french_bread,619,0.975990
FKIT,Y+X2_M3_r1,french_bread,620,0.974834
FKIT,Y+X2_M3_r1,french_bread,621,0.976790
FKIT,Y+X2_M3_r1,french_bread,622,0.974357
FKIT,Y+X2_M3_r1,french_bread,623,0.973546
FKIT,Y+X2_M3_r1,french_bread,624,0.975959
FKIT,Y+X2_M3_r1,french_bread,625,0.975578
FKIT,Y+X2_M3_r1,french_bread,626,0.973193
FKIT,Y+X2_M3_r1,french_bread,627,0.977019
FKIT,Y+X2_M3_r1,french_bread,628,0.976474
FKIT,Y+X2_M3_r1,french_bread,629,0.976353
FKIT,Y+X2_M3_r1,french_bread,630,0.977078
FKIT,Y+X2_M3_r1,french_bread,631,0.976346
FKIT,Y+X2_M3_r1,french_bread,632,0.976977
FKIT,Y+X2_M3_r1,french_bread,633,0.977113
FKIT,Y+X2_M3_r1,french_bread,634,0.979434
FKIT,Y+X2_M3_r1,french_bread,635,0.978850
FKIT,Y+X2_M3_r1,french_bread,636,0.976995
FKIT,Y+X2_M3_r1,french_bread,637,0.978597
FKIT,Y+X2_M3_r1,french_bread,638,0.975063
FKIT,Y+X2_M3_r1,french_bread,639,0.972164
FKIT,Y+X2_M3_r1,french_bread,640,0.972912
FKIT,Y+X2_M3_r1,french_bread,641,0.972469
FKIT,Y+X2_M3_r1,french_bread,642,0.969325
FKIT,Y+X2_M3_r1,french_bread,643,0.969959
FKIT,Y+X2_M3_r1,french_bread,644,0.971971
FKIT,Y+X2_M3_r1,french_bread,645,0.967500
FKIT,Y+X2_M3_r1,french_bread,646,0.974772
FKIT,Y+X2_M3_r1,french_bread,647,0.969774
FKIT,Y+X2_M3_r1,french_bread,648,0.974860
FKIT,Y+X2_M3_r1,french_bread,649,0.969646
FKIT,Y+X2_M3_r1,french_bread,650,0.972246
FKIT,Y+X2_M3_r1,french_bread,651,0.974446
FKIT,Y+X2_M3_r1,french_bread,652,0.972092
FKIT,Y+X2_M3_r1,french_bread,653,0.978662
FKIT,Y+X2_M3_r1,french_bread,654,0.976148
FKIT,Y+X2_M3_r1,french_bread,655,0.980980
FKIT,Y+X2_M3_r1,french_bread,656,0.980025
FKIT,Y+X2_M3_r1,french_bread,657,0.977650
FKIT,Y+X2_M3_r1,french_bread,658,0.977480
FKIT,Y+X2_M3_r1,french_bread,659,0.973543
FKIT,Y+X2_M3_r1,french_bread,660,0.974825
FKIT,Y+X2_M3_r1,french_bread,661,0.973962
FKIT,Y+X2_M3_r1,french_bread,662,0.973871
FKIT,Y+X2_M3_r1,french_bread,663,0.978670
FKIT,Y+X2_M3_r1,french_bread,664,0.979410
FKIT,Y+X2_M3_r1,french_bread,665,0.973578
FKIT,Y+X2_M3_r1,french_bread,666,0.978896
FKIT,Y+X2_M3_r1,french_bread,667,0.972624
FKIT,Y+X2_M3_r1,french_bread,668,0.970861
FKIT,Y+X2_M3_r1,french_bread,669,0.973841
FKIT,Y+X2_M3_r1,french_bread,670,0.972816
FKIT,Y+X2_M3_r1,french_bread,671,0.969394
FKIT,Y+X2_M3_r1,french_bread,672,0.965472
FKIT,Y+X2_M3_r1,french_bread,673,0.964529
FKIT,Y+X2_M3_r1,french_bread,674,0.968873
FKIT,Y+X2_M3_r1,french_bread,675,0.958481
FKIT,Y+X2_M3_r1,french_bread,676,0.965671
FKIT,Y+X2_M3_r1,french_bread,677,0.958961
FKIT,Y+X2_M3_r1,french_bread,678,0.964341
FKIT,Y+X2_M3_r1,french_bread,679,0.958619
FKIT,Y+X2_M3_r1,french_bread,680,0.959442
FKIT,Y+X2_M3_r1,french_bread,681,0.967398
FKIT,Y+X2_M3_r1,french_bread,682,0.963867
FKIT,Y+X2_M3_r1,french_bread,683,0.963522
FKIT,Y+X2_M3_r1,french_bread,684,0.964995
FKIT,Y+X2_M3_r1,french_bread,685,0.959035
FKIT,Y+X2_M3_r1,french_bread,686,0.963609
FKIT,Y+X2_M3_r1,french_bread,687,0.968440
FKIT,Y+X2_M3_r1,french_bread,688,0.967847
FKIT,Y+X2_M3_r1,french_bread,689,0.971690
FKIT,Y+X2_M3_r1,french_bread,690,0.971191
FKIT,Y+X2_M3_r1,french_bread,691,0.974664
FKIT,Y+X2_M3_r1,french_bread,692,0.973614
FKIT,Y+X2_M3_r1,french_bread,693,0.976742
FKIT,Y+X2_M3_r1,french_bread,694,0.974690
FKIT,Y+X2_M3_r1,french_bread,695,0.975415
FKIT,Y+X2_M3_r1,french_bread,696,0.975188
FKIT,Y+X2_M3_r1,french_bread,697,0.978459
FKIT,Y+X2_M3_r1,french_bread,698,0.974478
FKIT,Y+X2_M3_r1,french_bread,699,0.970331
FKIT,Y+X2_M3_r1,french_bread,700,0.976150
FKIT,Y+X2_M3_r1,french_bread,701,0.976239
FKIT,Y+X2_M3_r1,french_bread,702,0.976217
FKIT,Y+X2_M3_r1,french_bread,703,0.977651
FKIT,Y+X2_M3_r1,french_bread,704,0.970615
FKIT,Y+X2_M3_r1,french_bread,705,0.975142
FKIT,Y+X2_M3_r1,french_bread,706,0.974980
FKIT,Y+X2_M3_r1,french_bread,707,0.972774
FKIT,Y+X2_M3_r1,french_bread,708,0.972929
FKIT,Y+X2_M3_r1,french_bread,709,0.973393
FKIT,Y+X2_M3_r1,french_bread,710,0.972022
FKIT,Y+X2_M3_r1,french_bread,711,0.967955
FKIT,Y+X2_M3_r1,french_bread,712,0.970591
FKIT,Y+X2_M3_r1,french_bread,713,0.969629
FKIT,Y+X2_M3_r1,french_bread,714,0.971241
FKIT,Y+X2_M3_r1,french_bread,715,0.967825
FKIT,Y+X2_M3_r1,french_bread,716,0.968567
FKIT,Y+X2_M3_r1,french_bread,717,0.968940
FKIT,Y+X2_M3_r1,french_bread,718,0.969824
FKIT,Y+X2_M3_r1,french_bread,719,0.974260
FKIT,Y+X2_M3_r1,french_bread,720,0.969773
FKIT,Y+X2_M3_r1,french_bread,721,0.968963
FKIT,Y+X2_M3_r1,french_bread,722,0.968463
FKIT,Y+X2_M3_r1,french_bread,723,0.965285
FKIT,Y+X2_M3_r1,french_bread,724,0.972559
FKIT,Y+X2_M3_r1,french_bread,725,0.971730
FKIT,Y+X2_M3_r1,french_bread,726,0.971659
FKIT,Y+X2_M3_r1,french_bread,727,0.974208
FKIT,Y+X2_M3_r1,french_bread,728,0.971471
FKIT,Y+X2_M3_r1,french_bread,729,0.969770
FKIT,Y+X2_M3_r1,french_bread,730,0.970560
FKIT,Y+X2_M3_r1,french_bread,731,0.971246
FKIT,Y+X2_M3_r1,french_bread,732,0.972247
FKIT,Y+X2_M3_r1,french_bread,733,0.973686
FKIT,Y+X2_M3_r1,french_bread,734,0.972302
FKIT,Y+X2_M3_r1,french_bread,735,0.973420
FKIT,Y+X2_M3_r1,french_bread,736,0.971565
FKIT,Y+X2_M3_r1,french_bread,737,0.974326
FKIT,Y+X2_M3_r1,french_bread,738,0.976048
FKIT,Y+X2_M3_r1,french_bread,739,0.972363
FKIT,Y+X2_M3_r1,french_bread,740,0.970855
FKIT,Y+X2_M3_r1,french_bread,741,0.972383
FKIT,Y+X2_M3_r1,french_bread,742,0.975408
FKIT,Y+X2_M3_r1,french_bread,743,0.976107
FKIT,Y+X2_M3_r1,french_bread,744,0.969127
FKIT,Y+X2_M3_r1,french_bread,745,0.970122
FKIT,Y+X2_M3_r1,french_bread,746,0.970418
FKIT,Y+X2_M3_r1,french_bread,747,0.971871
FKIT,Y+X2_M3_r1,french_bread,748,0.972288
FKIT,Y+X2_M3_r1,french_bread,749,0.975073
FKIT,Y+X2_M3_r1,french_bread,750,0.970691
FKIT,Y+X2_M3_r1,french_bread,751,0.978277
FKIT,Y+X2_M3_r1,french_bread,752,0.973252
FKIT,Y+X2_M3_r1,french_bread,753,0.971115
FKIT,Y+X2_M3_r1,french_bread,754,0.977052
FKIT,Y+X2_M3_r1,french_bread,755,0.978295
FKIT,Y+X2_M3_r1,french_bread,756,0.979308
FKIT,Y+X2_M3_r1,french_bread,757,0.978469
FKIT,Y+X2_M3_r1,french_bread,758,0.971284
FKIT,Y+X2_M3_r1,french_bread,759,0.977044
FKIT,Y+X2_M3_r1,french_bread,760,0.973090
FKIT,Y+X2_M3_r1,french_bread,761,0.974697
FKIT,Y+X2_M3_r1,french_bread,762,0.975151
FKIT,Y+X2_M3_r1,french_bread,763,0.970253
FKIT,Y+X2_M3_r1,french_bread,764,0.971126
FKIT,Y+X2_M3_r1,french_bread,765,0.974152
FKIT,Y+X2_M3_r1,french_bread,766,0.972077
FKIT,Y+X2_M3_r1,french_bread,767,0.970021
FKIT,Y+X2_M3_r1,french_bread,768,0.974520
FKIT,Y+X2_M3_r1,french_bread,769,0.975156
FKIT,Y+X2_M3_r1,french_bread,770,0.975552
FKIT,Y+X2_M3_r1,french_bread,771,0.973692
FKIT,Y+X2_M3_r1,french_bread,772,0.975544
FKIT,Y+X2_M3_r1,french_bread,773,0.975048
FKIT,Y+X2_M3_r1,french_bread,774,0.976406
FKIT,Y+X2_M3_r1,french_bread,775,0.978271
FKIT,Y+X2_M3_r1,french_bread,776,0.977141
FKIT,Y+X2_M3_r1,french_bread,777,0.978560
FKIT,Y+X2_M3_r1,french_bread,778,0.978231
FKIT,Y+X2_M3_r1,french_bread,779,0.976313
FKIT,Y+X2_M3_r1,french_bread,780,0.975703
FKIT,Y+X2_M3_r1,french_bread,781,0.978620
FKIT,Y+X2_M3_r1,french_bread,782,0.975197
FKIT,Y+X2_M3_r1,french_bread,783,0.975248
FKIT,Y+X2_M3_r1,french_bread,784,0.976681
FKIT,Y+X2_M3_r1,french_bread,785,0.975135
FKIT,Y+X2_M3_r1,french_bread,786,0.975599
FKIT,Y+X2_M3_r1,french_bread,787,0.975261
FKIT,Y+X2_M3_r1,french_bread,788,0.971995
FKIT,Y+X2_M3_r1,french_bread,789,0.975173
FKIT,Y+X2_M3_r1,french_bread,790,0.974274
FKIT,Y+X2_M3_r1,french_bread,791,0.972570
FKIT,Y+X2_M3_r1,french_bread,792,0.973163
FKIT,Y+X2_M3_r1,french_bread,793,0.973228
FKIT,Y+X2_M3_r1,french_bread,794,0.979391
FKIT,Y+X2_M3_r1,french_bread,795,0.978930
FKIT,Y+X2_M3_r1,french_bread,796,0.978079
FKIT,Y+X2_M3_r1,french_bread,797,0.978437
FKIT,Y+X2_M3_r1,french_bread,798,0.974717
FKIT,Y+X2_M3_r1,french_bread,799,0.979035
FKIT,Y+X2_M3_r1,french_bread,800,0.977459
FKIT,Y+X2_M3_r1,french_bread,801,0.978228
FKIT,Y+X2_M3_r1,french_bread,802,0.978069
FKIT,Y+X2_M3_r1,french_bread,803,0.975550
FKIT,Y+X2_M3_r1,french_bread,804,0.977158
FKIT,Y+X2_M3_r1,french_bread,805,0.976083
FKIT,Y+X2_M3_r1,french_bread,806,0.975252
FKIT,Y+X2_M3_r1,french_bread,807,0.974703
FKIT,Y+X2_M3_r1,french_bread,808,0.975003
FKIT,Y+X2_M3_r1,french_bread,809,0.971992
FKIT,Y+X2_M3_r1,french_bread,810,0.969132
FKIT,Y+X2_M3_r1,french_bread,811,0.968933
FKIT,Y+X2_M3_r1,french_bread,812,0.971561
FKIT,Y+X2_M3_r1,french_bread,813,0.968707
FKIT,Y+X2_M3_r1,french_bread,814,0.971239
FKIT,Y+X2_M3_r1,french_bread,815,0.973380
FKIT,Y+X2_M3_r1,french_bread,816,0.974234
FKIT,Y+X2_M3_r1,french_bread,817,0.973058
FKIT,Y+X2_M3_r1,french_bread,818,0.973666
FKIT,Y+X2_M3_r1,french_bread,819,0.976848
FKIT,Y+X2_M3_r1,french_bread,820,0.978304
FKIT,Y+X2_M3_r1,french_bread,821,0.976428
FKIT,Y+X2_M3_r1,french_bread,822,0.976459
FKIT,Y+X2_M3_r1,french_bread,823,0.975982
FKIT,Y+X2_M3_r1,french_bread,824,0.978895
FKIT,Y+X2_M3_r1,french_bread,825,0.981250
FKIT,Y+X2_M3_r1,french_bread,826,0.979166
FKIT,Y+X2_M3_r1,french_bread,827,0.978766
FKIT,Y+X2_M3_r1,french_bread,828,0.978616
FKIT,Y+X2_M3_r1,french_bread,829,0.977472
FKIT,Y+X2_M3_r1,french_bread,830,0.977981
FKIT,Y+X2_M3_r1,french_bread,831,0.979225
FKIT,Y+X2_M3_r1,french_bread,832,0.978128
FKIT,Y+X2_M3_r1,french_bread,833,0.977644
FKIT,Y+X2_M3_r1,french_bread,834,0.978891
FKIT,Y+X2_M3_r1,french_bread,835,0.978198
FKIT,Y+X2_M3_r1,french_bread,836,0.976164
FKIT,Y+X2_M3_r1,french_bread,837,0.973458
FKIT,Y+X2_M3_r1,french_bread,838,0.969883
FKIT,Y+X2_M3_r1,french_bread,839,0.971708
FKIT,Y+X2_M3_r1,french_bread,840,0.967695
FKIT,Y+X2_M3_r1,french_bread,841,0.969292
FKIT,Y+X2_M3_r1,french_bread,842,0.969177
FKIT,Y+X2_M3_r1,french_bread,843,0.967439
FKIT,Y+X2_M3_r1,french_bread,844,0.966681
FKIT,Y+X2_M3_r1,french_bread,845,0.961156
FKIT,Y+X2_M3_r1,french_bread,846,0.967132
FKIT,Y+X2_M3_r1,french_bread,847,0.966914
FKIT,Y+X2_M3_r1,french_bread,848,0.966726
FKIT,Y+X2_M3_r1,french_bread,849,0.968723
FKIT,Y+X2_M3_r1,french_bread,850,0.971579
FKIT,Y+X2_M3_r1,french_bread,851,0.973576
FKIT,Y+X2_M3_r1,french_bread,852,0.973249
FKIT,Y+X2_M3_r1,french_bread,853,0.975527
FKIT,Y+X2_M3_r1,french_bread,854,0.975515
FKIT,Y+X2_M3_r1,french_bread,855,0.978750
FKIT,Y+X2_M3_r1,french_bread,856,0.978756
FKIT,Y+X2_M3_r1,french_bread,857,0.977158
FKIT,Y+X2_M3_r1,french_bread,858,0.977784
FKIT,Y+X2_M3_r1,french_bread,859,0.977703
FKIT,Y+X2_M3_r1,french_bread,860,0.979545
FKIT,Y+X2_M3_r1,french_bread,861,0.980072
FKIT,Y+X2_M3_r1,french_bread,862,0.979632
FKIT,Y+X2_M3_r1,french_bread,863,0.978619
FKIT,Y+X2_M3_r1,french_bread,864,0.979116
FKIT,Y+X2_M3_r1,french_bread,865,0.980020
FKIT,Y+X2_M3_r1,french_bread,866,0.981190
FKIT,Y+X2_M3_r1,french_bread,867,0.979580
FKIT,Y+X2_M3_r1,french_bread,868,0.979263
FKIT,Y+X2_M3_r1,french_bread,869,0.978770
FKIT,Y+X2_M3_r1,french_bread,870,0.978864
FKIT,Y+X2_M3_r1,french_bread,871,0.979776
FKIT,Y+X2_M3_r1,french_bread,872,0.978851
FKIT,Y+X2_M3_r1,french_bread,873,0.978652
FKIT,Y+X2_M3_r1,french_bread,874,0.979853
FKIT,Y+X2_M3_r1,french_bread,875,0.979922
FKIT,Y+X2_M3_r1,french_bread,876,0.980252
FKIT,Y+X2_M3_r1,french_bread,877,0.979803
FKIT,Y+X2_M3_r1,french_bread,878,0.979424
FKIT,Y+X2_M3_r1,french_bread,879,0.979307
FKIT,Y+X2_M3_r1,french_bread,880,0.978621
FKIT,Y+X2_M3_r1,french_bread,881,0.976984
FKIT,Y+X2_M3_r1,french_bread,882,0.975977
FKIT,Y+X2_M3_r1,french_bread,883,0.978968
FKIT,Y+X2_M3_r1,french_bread,884,0.975951
FKIT,Y+X2_M3_r1,french_bread,885,0.977216
FKIT,Y+X2_M3_r1,french_bread,886,0.975185
FKIT,Y+X2_M3_r1,french_bread,887,0.972851
FKIT,Y+X2_M3_r1,french_bread,888,0.974706
FKIT,Y+X2_M3_r1,french_bread,889,0.975591
FKIT,Y+X2_M3_r1,french_bread,890,0.976655
FKIT,Y+X2_M3_r1,french_bread,891,0.976701
FKIT,Y+X2_M3_r1,french_bread,892,0.975244
FKIT,Y+X2_M3_r1,french_bread,893,0.977419
FKIT,Y+X2_M3_r1,french_bread,894,0.981328
FKIT,Y+X2_M3_r1,french_bread,895,0.980565
FKIT,Y+X2_M3_r1,french_bread,896,0.981136
FKIT,Y+X2_M3_r1,french_bread,897,0.982072
FKIT,Y+X2_M3_r1,french_bread,898,0.982392
FKIT,Y+X2_M3_r1,french_bread,899,0.980565
FKIT,Y+X2_M3_r1,french_bread,900,0.982345
FKIT,Y+X2_M3_r1,french_bread,901,0.981336
FKIT,Y+X2_M3_r1,french_bread,902,0.980254
FKIT,Y+X2_M3_r1,french_bread,903,0.980234
FKIT,Y+X2_M3_r1,french_bread,904,0.980565
FKIT,Y+X2_M3_r1,french_bread,905,0.981820
FKIT,Y+X2_M3_r1,french_bread,906,0.981786
FKIT,Y+X2_M3_r1,french_bread,907,0.980206
FKIT,Y+X2_M3_r1,french_bread,908,0.977185
FKIT,Y+X2_M3_r1,french_bread,909,0.980582
FKIT,Y+X2_M3_r1,french_bread,910,0.979389
FKIT,Y+X2_M3_r1,french_bread,911,0.979374
FKIT,Y+X2_M3_r1,french_bread,912,0.978733
FKIT,Y+X2_M3_r1,french_bread,913,0.979052
FKIT,Y+X2_M3_r1,french_bread,914,0.977443
FKIT,Y+X2_M3_r1,french_bread,915,0.976959
FKIT,Y+X2_M3_r1,french_bread,916,0.978292
FKIT,Y+X2_M3_r1,french_bread,917,0.976771
FKIT,Y+X2_M3_r1,french_bread,918,0.976797
FKIT,Y+X2_M3_r1,french_bread,919,0.977505
FKIT,Y+X2_M3_r1,french_bread,920,0.975975
FKIT,Y+X2_M3_r1,french_bread,921,0.976536
FKIT,Y+X2_M3_r1,french_bread,922,0.974608
FKIT,Y+X2_M3_r1,french_bread,923,0.976622
FKIT,Y+X2_M3_r1,french_bread,924,0.976465
FKIT,Y+X2_M3_r1,french_bread,925,0.972834
FKIT,Y+X2_M3_r1,french_bread,926,0.977555
FKIT,Y+X2_M3_r1,french_bread,927,0.979962
FKIT,Y+X2_M3_r1,french_bread,928,0.977916
FKIT,Y+X2_M3_r1,french_bread,929,0.976638
FKIT,Y+X2_M3_r1,french_bread,930,0.976726
FKIT,Y+X2_M3_r1,french_bread,931,0.976037
FKIT,Y+X2_M3_r1,french_bread,932,0.977415
FKIT,Y+X2_M3_r1,french_bread,933,0.976759
FKIT,Y+X2_M3_r1,french_bread,934,0.977089
FKIT,Y+X2_M3_r1,french_bread,935,0.980229
FKIT,Y+X2_M3_r1,french_bread,936,0.977828
FKIT,Y+X2_M3_r1,french_bread,937,0.979156
FKIT,Y+X2_M3_r1,french_bread,938,0.978864
FKIT,Y+X2_M3_r1,french_bread,939,0.979645
FKIT,Y+X2_M3_r1,french_bread,940,0.977586
FKIT,Y+X2_M3_r1,french_bread,941,0.979159
FKIT,Y+X2_M3_r1,french_bread,942,0.978980
FKIT,Y+X2_M3_r1,french_bread,943,0.979488
FKIT,Y+X2_M3_r1,french_bread,944,0.981612
FKIT,Y+X2_M3_r1,french_bread,945,0.981165
FKIT,Y+X2_M3_r1,french_bread,946,0.979845
FKIT,Y+X2_M3_r1,french_bread,947,0.979984
FKIT,Y+X2_M3_r1,french_bread,948,0.980287
FKIT,Y+X2_M3_r1,french_bread,949,0.979663
FKIT,Y+X2_M3_r1,french_bread,950,0.979279
FKIT,Y+X2_M3_r1,french_bread,951,0.981750
FKIT,Y+X2_M3_r1,french_bread,952,0.979911
FKIT,Y+X2_M3_r1,french_bread,953,0.980454
FKIT,Y+X2_M3_r1,french_bread,954,0.979917
FKIT,Y+X2_M3_r1,french_bread,955,0.979193
FKIT,Y+X2_M3_r1,french_bread,956,0.977864
FKIT,Y+X2_M3_r1,french_bread,957,0.976713
FKIT,Y+X2_M3_r1,french_bread,958,0.978784
FKIT,Y+X2_M3_r1,french_bread,959,0.979830
FKIT,Y+X2_M3_r1,french_bread,960,0.978302
FKIT,Y+X2_M3_r1,french_bread,961,0.977400
FKIT,Y+X2_M3_r1,french_bread,962,0.977293
FKIT,Y+X2_M3_r1,french_bread,963,0.976529
FKIT,Y+X2_M3_r1,french_bread,964,0.981340
FKIT,Y+X2_M3_r1,french_bread,965,0.980139
FKIT,Y+X2_M3_r1,french_bread,966,0.979569
FKIT,Y+X2_M3_r1,french_bread,967,0.982283
FKIT,Y+X2_M3_r1,french_bread,968,0.980036
FKIT,Y+X2_M3_r1,french_bread,969,0.978061
FKIT,Y+X2_M3_r1,french_bread,970,0.979808
FKIT,Y+X2_M3_r1,french_bread,971,0.980906
FKIT,Y+X2_M3_r1,french_bread,972,0.980145
FKIT,Y+X2_M3_r1,french_bread,973,0.978407
FKIT,Y+X2_M3_r1,french_bread,974,0.979112
FKIT,Y+X2_M3_r1,french_bread,975,0.977952
FKIT,Y+X2_M3_r1,french_bread,976,0.977998
FKIT,Y+X2_M3_r1,french_bread,977,0.977320
FKIT,Y+X2_M3_r1,french_bread,978,0.973979
FKIT,Y+X2_M3_r1,french_bread,979,0.972090
FKIT,Y+X2_M3_r1,french_bread,980,0.971523
FKIT,Y+X2_M3_r1,french_bread,981,0.973149
FKIT,Y+X2_M3_r1,french_bread,982,0.970294
FKIT,Y+X2_M3_r1,french_bread,983,0.969582
FKIT,Y+X2_M3_r1,french_bread,984,0.967804
FKIT,Y+X2_M3_r1,french_bread,985,0.969792
FKIT,Y+X2_M3_r1,french_bread,986,0.966834
FKIT,Y+X2_M3_r1,french_bread,987,0.966820
FKIT,Y+X2_M3_r1,french_bread,988,0.966137
FKIT,Y+X2_M3_r1,french_bread,989,0.966620
FKIT,Y+X2_M3_r1,french_bread,990,0.964440
FKIT,Y+X2_M3_r1,french_bread,991,0.968794
FKIT,Y+X2_M3_r1,french_bread,992,0.961770
FKIT,Y+X2_M3_r1,french_bread,993,0.967698
FKIT,Y+X2_M3_r1,french_bread,994,0.975360
FKIT,Y+X2_M3_r1,french_bread,995,0.978004
FKIT,Y+X2_M3_r1,french_bread,996,0.978474
FKIT,Y+X2_M3_r1,french_bread,997,0.979408
FKIT,Y+X2_M3_r1,french_bread,998,0.977885
FKIT,Y+X2_M3_r1,french_bread,999,0.979231
FKIT,Y+X2_M3_r1,french_bread,1000,0.977467
FKIT,Y+X2_M3_r1,french_bread,1001,0.977971
FKIT,Y+X2_M3_r1,french_bread,1002,0.977509
FKIT,Y+X2_M3_r1,french_bread,1003,0.981680
FKIT,Y+X2_M3_r1,french_bread,1004,0.980913
FKIT,Y+X2_M3_r1,french_bread,1005,0.980876
FKIT,Y+X2_M3_r1,french_bread,1006,0.979374
FKIT,Y+X2_M3_r1,french_bread,1007,0.977504
FKIT,Y+X2_M3_r1,french_bread,1008,0.975872
FKIT,Y+X2_M3_r1,french_bread,1009,0.976388
FKIT,Y+X2_M3_r1,french_bread,1010,0.974890
FKIT,Y+X2_M3_r1,french_bread,1011,0.977082
FKIT,Y+X2_M3_r1,french_bread,1012,0.976518
FKIT,Y+X2_M3_r1,french_bread,1013,0.976887
FKIT,Y+X2_M3_r1,french_bread,1014,0.977593
FKIT,Y+X2_M3_r1,french_bread,1015,0.977287
FKIT,Y+X2_M3_r1,french_bread,1016,0.977353
FKIT,Y+X2_M3_r1,french_bread,1017,0.976391
FKIT,Y+X2_M3_r1,french_bread,1018,0.977359
FKIT,Y+X2_M3_r1,french_bread,1019,0.977865
FKIT,Y+X2_M3_r1,french_bread,1020,0.970591
FKIT,Y+X2_M3_r1,french_bread,1021,0.975447
FKIT,Y+X2_M3_r1,french_bread,1022,0.975657
FKIT,Y+X2_M3_r1,french_bread,1023,0.974059
FKIT,Y+X2_M3_r1,french_bread,1024,0.979101
FKIT,Y+X2_M3_r1,french_bread,1025,0.969908
FKIT,Y+X2_M3_r1,french_bread,1026,0.972831
FKIT,Y+X2_M3_r1,french_bread,1027,0.973165
FKIT,Y+X2_M3_r1,french_bread,1028,0.973523
FKIT,Y+X2_M3_r1,french_bread,1029,0.970976
FKIT,Y+X2_M3_r1,french_bread,1030,0.974784
FKIT,Y+X2_M3_r1,french_bread,1031,0.972526
FKIT,Y+X2_M3_r1,french_bread,1032,0.971840
FKIT,Y+X2_M3_r1,french_bread,1033,0.971499
FKIT,Y+X2_M3_r1,french_bread,1034,0.971371
FKIT,Y+X2_M3_r1,french_bread,1035,0.975309
FKIT,Y+X2_M3_r1,french_bread,1036,0.968998
FKIT,Y+X2_M3_r1,french_bread,1037,0.960363
FKIT,Y+X2_M3_r1,french_bread,1038,0.961158
FKIT,Y+X2_M3_r1,french_bread,1039,0.970291
FKIT,Y+X2_M3_r1,french_bread,1040,0.968639
FKIT,Y+X2_M3_r1,french_bread,1041,0.970268
FKIT,Y+X2_M3_r1,french_bread,1042,0.967169
FKIT,Y+X2_M3_r1,french_bread,1043,0.968543
FKIT,Y+X2_M3_r1,french_bread,1044,0.971231
FKIT,Y+X2_M3_r1,french_bread,1045,0.970329
FKIT,Y+X2_M3_r1,french_bread,1046,0.969300
FKIT,Y+X2_M3_r1,french_bread,1047,0.973850
FKIT,Y+X2_M3_r1,french_bread,1048,0.970200
FKIT,Y+X2_M3_r1,french_bread,1049,0.973407
FKIT,Y+X2_M3_r1,french_bread,1050,0.974728
FKIT,Y+X2_M3_r1,french_bread,1051,0.974768
FKIT,Y+X2_M3_r1,french_bread,1052,0.974732
FKIT,Y+X2_M3_r1,french_bread,1053,0.974510
FKIT,Y+X2_M3_r1,french_bread,1054,0.976013
FKIT,Y+X2_M3_r1,french_bread,1055,0.975134
FKIT,Y+X2_M3_r1,french_bread,1056,0.977440
FKIT,Y+X2_M3_r1,french_bread,1057,0.975798
FKIT,Y+X2_M3_r1,french_bread,1058,0.977760
FKIT,Y+X2_M3_r1,french_bread,1059,0.975328
FKIT,Y+X2_M3_r1,french_bread,1060,0.975767
FKIT,Y+X2_M3_r1,french_bread,1061,0.976657
FKIT,Y+X2_M3_r1,french_bread,1062,0.973799
FKIT,Y+X2_M3_r1,french_bread,1063,0.973811
FKIT,Y+X2_M3_r1,french_bread,1064,0.975469
FKIT,Y+X2_M3_r1,french_bread,1065,0.975560
FKIT,Y+X2_M3_r1,french_bread,1066,0.976788
FKIT,Y+X2_M3_r1,french_bread,1067,0.977845
FKIT,Y+X2_M3_r1,french_bread,1068,0.977732
FKIT,Y+X2_M3_r1,french_bread,1069,0.974341
FKIT,Y+X2_M3_r1,french_bread,1070,0.976801
FKIT,Y+X2_M3_r1,french_bread,1071,0.976937
FKIT,Y+X2_M3_r1,french_bread,1072,0.976182
FKIT,Y+X2_M3_r1,french_bread,1073,0.976716
FKIT,Y+X2_M3_r1,french_bread,1074,0.977988
FKIT,Y+X2_M3_r1,french_bread,1075,0.976386
FKIT,Y+X2_M3_r1,french_bread,1076,0.977050
FKIT,Y+X2_M3_r1,french_bread,1077,0.975416
FKIT,Y+X2_M3_r1,french_bread,1078,0.973836
FKIT,Y+X2_M3_r1,french_bread,1079,0.972731
FKIT,Y+X2_M3_r1,french_bread,1080,0.974179
FKIT,Y+X2_M3_r1,french_bread,1081,0.975285
FKIT,Y+X2_M3_r1,french_bread,1082,0.975059
FKIT,Y+X2_M3_r1,french_bread,1083,0.972082
FKIT,Y+X2_M3_r1,french_bread,1084,0.977054
FKIT,Y+X2_M3_r1,french_bread,1085,0.975190
FKIT,Y+X2_M3_r1,french_bread,1086,0.976025
FKIT,Y+X2_M3_r1,french_bread,1087,0.977248
FKIT,Y+X2_M3_r1,french_bread,1088,0.977773
FKIT,Y+X2_M3_r1,french_bread,1089,0.976177
FKIT,Y+X2_M3_r1,french_bread,1090,0.977536
FKIT,Y+X2_M3_r1,french_bread,1091,0.978996
FKIT,Y+X2_M3_r1,french_bread,1092,0.976977
FKIT,Y+X2_M3_r1,french_bread,1093,0.977916
FKIT,Y+X2_M3_r1,french_bread,1094,0.980416
FKIT,Y+X2_M3_r1,french_bread,1095,0.977910
FKIT,Y+X2_M3_r1,french_bread,1096,0.979666
FKIT,Y+X2_M3_r1,french_bread,1097,0.979014
FKIT,Y+X2_M3_r1,french_bread,1098,0.980627
FKIT,Y+X2_M3_r1,french_bread,1099,0.979399
FKIT,Y+X2_M3_r1,french_bread,1100,0.975957
FKIT,Y+X2_M3_r1,french_bread,1101,0.977496
FKIT,Y+X2_M3_r1,french_bread,1102,0.976646
FKIT,Y+X2_M3_r1,french_bread,1103,0.976784
FKIT,Y+X2_M3_r1,french_bread,1104,0.973420
FKIT,Y+X2_M3_r1,french_bread,1105,0.978433
FKIT,Y+X2_M3_r1,french_bread,1106,0.979098
FKIT,Y+X2_M3_r1,french_bread,1107,0.978198
FKIT,Y+X2_M3_r1,french_bread,1108,0.979267
FKIT,Y+X2_M3_r1,french_bread,1109,0.978305
FKIT,Y+X2_M3_r1,french_bread,1110,0.978440
FKIT,Y+X2_M3_r1,french_bread,1111,0.978569
FKIT,Y+X2_M3_r1,french_bread,1112,0.977502
FKIT,Y+X2_M3_r1,french_bread,1113,0.977345
FKIT,Y+X2_M3_r1,french_bread,1114,0.978751
FKIT,Y+X2_M3_r1,french_bread,1115,0.978629
FKIT,Y+X2_M3_r1,french_bread,1116,0.972907
FKIT,Y+X2_M3_r1,french_bread,1117,0.975977
FKIT,Y+X2_M3_r1,french_bread,1118,0.974433
FKIT,Y+X2_M3_r1,french_bread,1119,0.972347
FKIT,Y+X2_M3_r1,french_bread,1120,0.973622
FKIT,Y+X2_M3_r1,french_bread,1121,0.976348
FKIT,Y+X2_M3_r1,french_bread,1122,0.973531
FKIT,Y+X2_M3_r1,french_bread,1123,0.974354
FKIT,Y+X2_M3_r1,french_bread,1124,0.976583
FKIT,Y+X2_M3_r1,french_bread,1125,0.973329
FKIT,Y+X2_M3_r1,french_bread,1126,0.976048
FKIT,Y+X2_M3_r1,french_bread,1127,0.977237
FKIT,Y+X2_M3_r1,french_bread,1128,0.977900
FKIT,Y+X2_M3_r1,french_bread,1129,0.976051
FKIT,Y+X2_M3_r1,french_bread,1130,0.977537
FKIT,Y+X2_M3_r1,french_bread,1131,0.978451
FKIT,Y+X2_M3_r1,french_bread,1132,0.979979
FKIT,Y+X2_M3_r1,french_bread,1133,0.980262
FKIT,Y+X2_M3_r1,french_bread,1134,0.981677
FKIT,Y+X2_M3_r1,french_bread,1135,0.980437
FKIT,Y+X2_M3_r1,french_bread,1136,0.978668
FKIT,Y+X2_M3_r1,french_bread,1137,0.982034
FKIT,Y+X2_M3_r1,french_bread,1138,0.981116
FKIT,Y+X2_M3_r1,lemon,0,0.708625
FKIT,Y+X2_M3_r1,lemon,1,0.945116
FKIT,Y+X2_M3_r1,lemon,2,0.952086
FKIT,Y+X2_M3_r1,lemon,3,0.949951
FKIT,Y+X2_M3_r1,lemon,4,0.951605
FKIT,Y+X2_M3_r1,lemon,5,0.947909
FKIT,Y+X2_M3_r1,lemon,6,0.949445
FKIT,Y+X2_M3_r1,lemon,7,0.951158
FKIT,Y+X2_M3_r1,lemon,8,0.951187
FKIT,Y+X2_M3_r1,lemon,9,0.950699
FKIT,Y+X2_M3_r1,lemon,10,0.956156
FKIT,Y+X2_M3_r1,lemon,11,0.960684
FKIT,Y+X2_M3_r1,lemon,12,0.960386
FKIT,Y+X2_M3_r1,lemon,13,0.959053
FKIT,Y+X2_M3_r1,lemon,14,0.963066
FKIT,Y+X2_M3_r1,lemon,15,0.961991
FKIT,Y+X2_M3_r1,lemon,16,0.958204
FKIT,Y+X2_M3_r1,lemon,17,0.961496
FKIT,Y+X2_M3_r1,lemon,18,0.960786
FKIT,Y+X2_M3_r1,lemon,19,0.959520
FKIT,Y+X2_M3_r1,lemon,20,0.960472
FKIT,Y+X2_M3_r1,lemon,21,0.961433
FKIT,Y+X2_M3_r1,lemon,22,0.960740
FKIT,Y+X2_M3_r1,lemon,23,0.961859
FKIT,Y+X2_M3_r1,lemon,24,0.965118
FKIT,Y+X2_M3_r1,lemon,25,0.962635
FKIT,Y+X2_M3_r1,lemon,26,0.961396
FKIT,Y+X2_M3_r1,lemon,27,0.961506
FKIT,Y+X2_M3_r1,lemon,28,0.960028
FKIT,Y+X2_M3_r1,lemon,29,0.964116
FKIT,Y+X2_M3_r1,lemon,30,0.962133
FKIT,Y+X2_M3_r1,lemon,31,0.964140
FKIT,Y+X2_M3_r1,lemon,32,0.963206
FKIT,Y+X2_M3_r1,lemon,33,0.964038
FKIT,Y+X2_M3_r1,lemon,34,0.964904
FKIT,Y+X2_M3_r1,lemon,35,0.965256
FKIT,Y+X2_M3_r1,lemon,36,0.965704
FKIT,Y+X2_M3_r1,lemon,37,0.967219
FKIT,Y+X2_M3_r1,lemon,38,0.966258
FKIT,Y+X2_M3_r1,lemon,39,0.967790
FKIT,Y+X2_M3_r1,lemon,40,0.964961
FKIT,Y+X2_M3_r1,lemon,41,0.965465
FKIT,Y+X2_M3_r1,lemon,42,0.964839
FKIT,Y+X2_M3_r1,lemon,43,0.963505
FKIT,Y+X2_M3_r1,lemon,44,0.964477
FKIT,Y+X2_M3_r1,lemon,45,0.960830
FKIT,Y+X2_M3_r1,lemon,46,0.964767
FKIT,Y+X2_M3_r1,lemon,47,0.965614
FKIT,Y+X2_M3_r1,lemon,48,0.965108
FKIT,Y+X2_M3_r1,lemon,49,0.965290
FKIT,Y+X2_M3_r1,lemon,50,0.964678
FKIT,Y+X2_M3_r1,lemon,51,0.965067
FKIT,Y+X2_M3_r1,lemon,52,0.966736
FKIT,Y+X2_M3_r1,lemon,53,0.967799
FKIT,Y+X2_M3_r1,lemon,54,0.968388
FKIT,Y+X2_M3_r1,lemon,55,0.965651
FKIT,Y+X2_M3_r1,lemon,56,0.966226
FKIT,Y+X2_M3_r1,lemon,57,0.965219
FKIT,Y+X2_M3_r1,lemon,58,0.967348
FKIT,Y+X2_M3_r1,lemon,59,0.966164
FKIT,Y+X2_M3_r1,lemon,60,0.965717
FKIT,Y+X2_M3_r1,lemon,61,0.967675
FKIT,Y+X2_M3_r1,lemon,62,0.965714
FKIT,Y+X2_M3_r1,lemon,63,0.965728
FKIT,Y+X2_M3_r1,lemon,64,0.967404
FKIT,Y+X2_M3_r1,lemon,65,0.968614
FKIT,Y+X2_M3_r1,lemon,66,0.967473
FKIT,Y+X2_M3_r1,lemon,67,0.967192
FKIT,Y+X2_M3_r1,lemon,68,0.967952
FKIT,Y+X2_M3_r1,lemon,69,0.968238
FKIT,Y+X2_M3_r1,lemon,70,0.967161
FKIT,Y+X2_M3_r1,lemon,71,0.965337
FKIT,Y+X2_M3_r1,lemon,72,0.965666
FKIT,Y+X2_M3_r1,lemon,73,0.964046
FKIT,Y+X2_M3_r1,lemon,74,0.970759
FKIT,Y+X2_M3_r1,lemon,75,0.965769
FKIT,Y+X2_M3_r1,lemon,76,0.967152
FKIT,Y+X2_M3_r1,lemon,77,0.967069
FKIT,Y+X2_M3_r1,lemon,78,0.967684
FKIT,Y+X2_M3_r1,lemon,79,0.966147
FKIT,Y+X2_M3_r1,lemon,80,0.966806
FKIT,Y+X2_M3_r1,lemon,81,0.964566
FKIT,Y+X2_M3_r1,lemon,82,0.964803
FKIT,Y+X2_M3_r1,lemon,83,0.966450
FKIT,Y+X2_M3_r1,lemon,84,0.969288
FKIT,Y+X2_M3_r1,lemon,85,0.970271
FKIT,Y+X2_M3_r1,lemon,86,0.968102
FKIT,Y+X2_M3_r1,lemon,87,0.968880
FKIT,Y+X2_M3_r1,lemon,88,0.967402
FKIT,Y+X2_M3_r1,lemon,89,0.967668
FKIT,Y+X2_M3_r1,lemon,90,0.968573
FKIT,Y+X2_M3_r1,lemon,91,0.967253
FKIT,Y+X2_M3_r1,lemon,92,0.967525
FKIT,Y+X2_M3_r1,lemon,93,0.967108
FKIT,Y+X2_M3_r1,lemon,94,0.969498
FKIT,Y+X2_M3_r1,lemon,95,0.969575
FKIT,Y+X2_M3_r1,lemon,96,0.970619
FKIT,Y+X2_M3_r1,lemon,97,0.967745
FKIT,Y+X2_M3_r1,lemon,98,0.970172
FKIT,Y+X2_M3_r1,lemon,99,0.967547
FKIT,Y+X2_M3_r1,lemon,100,0.968546
FKIT,Y+X2_M3_r1,lemon,101,0.967904
FKIT,Y+X2_M3_r1,lemon,102,0.970417
FKIT,Y+X2_M3_r1,lemon,103,0.967437
FKIT,Y+X2_M3_r1,lemon,104,0.969955
FKIT,Y+X2_M3_r1,lemon,105,0.968696
FKIT,Y+X2_M3_r1,lemon,106,0.967988
FKIT,Y+X2_M3_r1,lemon,107,0.968096
FKIT,Y+X2_M3_r1,lemon,108,0.968342
FKIT,Y+X2_M3_r1,lemon,109,0.968572
FKIT,Y+X2_M3_r1,lemon,110,0.965185
FKIT,Y+X2_M3_r1,lemon,111,0.967307
FKIT,Y+X2_M3_r1,lemon,112,0.971824
FKIT,Y+X2_M3_r1,lemon,113,0.968707
FKIT,Y+X2_M3_r1,lemon,114,0.971067
FKIT,Y+X2_M3_r1,lemon,115,0.970244
FKIT,Y+X2_M3_r1,lemon,116,0.967061
FKIT,Y+X2_M3_r1,lemon,117,0.968959
FKIT,Y+X2_M3_r1,lemon,118,0.967533
FKIT,Y+X2_M3_r1,lemon,119,0.971124
FKIT,Y+X2_M3_r1,lemon,120,0.968721
FKIT,Y+X2_M3_r1,lemon,121,0.969645
FKIT,Y+X2_M3_r1,lemon,122,0.968587
FKIT,Y+X2_M3_r1,lemon,123,0.968866
FKIT,Y+X2_M3_r1,lemon,124,0.972445
FKIT,Y+X2_M3_r1,lemon,125,0.971630
FKIT,Y+X2_M3_r1,lemon,126,0.971074
FKIT,Y+X2_M3_r1,lemon,127,0.971932
FKIT,Y+X2_M3_r1,lemon,128,0.971387
FKIT,Y+X2_M3_r1,lemon,129,0.972308
FKIT,Y+X2_M3_r1,lemon,130,0.972499
FKIT,Y+X2_M3_r1,lemon,131,0.969393
FKIT,Y+X2_M3_r1,lemon,132,0.968156
FKIT,Y+X2_M3_r1,lemon,133,0.969163
FKIT,Y+X2_M3_r1,lemon,134,0.974473
FKIT,Y+X2_M3_r1,lemon,135,0.971942
FKIT,Y+X2_M3_r1,lemon,136,0.970934
FKIT,Y+X2_M3_r1,lemon,137,0.972745
FKIT,Y+X2_M3_r1,lemon,138,0.970688
FKIT,Y+X2_M3_r1,lemon,139,0.972256
FKIT,Y+X2_M3_r1,lemon,140,0.969087
FKIT,Y+X2_M3_r1,lemon,141,0.962404
FKIT,Y+X2_M3_r1,lemon,142,0.965308
FKIT,Y+X2_M3_r1,lemon,143,0.968545
FKIT,Y+X2_M3_r1,lemon,144,0.972287
FKIT,Y+X2_M3_r1,lemon,145,0.963894
FKIT,Y+X2_M3_r1,lemon,146,0.971178
FKIT,Y+X2_M3_r1,lemon,147,0.966086
FKIT,Y+X2_M3_r1,lemon,148,0.965000
FKIT,Y+X2_M3_r1,lemon,149,0.964105
FKIT,Y+X2_M3_r1,lemon,150,0.967882
FKIT,Y+X2_M3_r1,lemon,151,0.958143
FKIT,Y+X2_M3_r1,lemon,152,0.964230
FKIT,Y+X2_M3_r1,lemon,153,0.961531
FKIT,Y+X2_M3_r1,lemon,154,0.966191
FKIT,Y+X2_M3_r1,lemon,155,0.964568
FKIT,Y+X2_M3_r1,lemon,156,0.963531
FKIT,Y+X2_M3_r1,lemon,157,0.965658
FKIT,Y+X2_M3_r1,lemon,158,0.964949
FKIT,Y+X2_M3_r1,lemon,159,0.964261
FKIT,Y+X2_M3_r1,lemon,160,0.965378
FKIT,Y+X2_M3_r1,lemon,161,0.965895
FKIT,Y+X2_M3_r1,lemon,162,0.965494
FKIT,Y+X2_M3_r1,lemon,163,0.962540
FKIT,Y+X2_M3_r1,lemon,164,0.967721
FKIT,Y+X2_M3_r1,lemon,165,0.969368
FKIT,Y+X2_M3_r1,lemon,166,0.965777
FKIT,Y+X2_M3_r1,lemon,167,0.968216
FKIT,Y+X2_M3_r1,lemon,168,0.969241
FKIT,Y+X2_M3_r1,lemon,169,0.968755
FKIT,Y+X2_M3_r1,lemon,170,0.967976
FKIT,Y+X2_M3_r1,lemon,171,0.967969
FKIT,Y+X2_M3_r1,lemon,172,0.968319
FKIT,Y+X2_M3_r1,lemon,173,0.969559
FKIT,Y+X2_M3_r1,lemon,174,0.972245
FKIT,Y+X2_M3_r1,lemon,175,0.971662
FKIT,Y+X2_M3_r1,lemon,176,0.969856
FKIT,Y+X2_M3_r1,lemon,177,0.968162
FKIT,Y+X2_M3_r1,lemon,178,0.970973
FKIT,Y+X2_M3_r1,lemon,179,0.965924
FKIT,Y+X2_M3_r1,lemon,180,0.967433
FKIT,Y+X2_M3_r1,lemon,181,0.968025
FKIT,Y+X2_M3_r1,lemon,182,0.966157
FKIT,Y+X2_M3_r1,lemon,183,0.966590
FKIT,Y+X2_M3_r1,lemon,184,0.969344
FKIT,Y+X2_M3_r1,lemon,185,0.968693
FKIT,Y+X2_M3_r1,lemon,186,0.967327
FKIT,Y+X2_M3_r1,lemon,187,0.967441
FKIT,Y+X2_M3_r1,lemon,188,0.967471
FKIT,Y+X2_M3_r1,lemon,189,0.966942
FKIT,Y+X2_M3_r1,lemon,190,0.967556
FKIT,Y+X2_M3_r1,lemon,191,0.969660
FKIT,Y+X2_M3_r1,lemon,192,0.969811
FKIT,Y+X2_M3_r1,lemon,193,0.966884
FKIT,Y+X2_M3_r1,lemon,194,0.969686
FKIT,Y+X2_M3_r1,lemon,195,0.971780
FKIT,Y+X2_M3_r1,lemon,196,0.972078
FKIT,Y+X2_M3_r1,lemon,197,0.971996
FKIT,Y+X2_M3_r1,lemon,198,0.971330
FKIT,Y+X2_M3_r1,lemon,199,0.971624
FKIT,Y+X2_M3_r1,lemon,200,0.972309
FKIT,Y+X2_M3_r1,lemon,201,0.974934
FKIT,Y+X2_M3_r1,lemon,202,0.972510
FKIT,Y+X2_M3_r1,lemon,203,0.972986
FKIT,Y+X2_M3_r1,lemon,204,0.975327
FKIT,Y+X2_M3_r1,lemon,205,0.975045
FKIT,Y+X2_M3_r1,lemon,206,0.975460
FKIT,Y+X2_M3_r1,lemon,207,0.974019
FKIT,Y+X2_M3_r1,lemon,208,0.975264
FKIT,Y+X2_M3_r1,lemon,209,0.974329
FKIT,Y+X2_M3_r1,lemon,210,0.972952
FKIT,Y+X2_M3_r1,lemon,211,0.973335
FKIT,Y+X2_M3_r1,lemon,212,0.970591
FKIT,Y+X2_M3_r1,lemon,213,0.971997
FKIT,Y+X2_M3_r1,lemon,214,0.973126
FKIT,Y+X2_M3_r1,lemon,215,0.970439
FKIT,Y+X2_M3_r1,lemon,216,0.970154
FKIT,Y+X2_M3_r1,lemon,217,0.970103
FKIT,Y+X2_M3_r1,lemon,218,0.970839
FKIT,Y+X2_M3_r1,lemon,219,0.970620
FKIT,Y+X2_M3_r1,lemon,220,0.971945
FKIT,Y+X2_M3_r1,lemon,221,0.970537
FKIT,Y+X2_M3_r1,lemon,222,0.972773
FKIT,Y+X2_M3_r1,lemon,223,0.973074
FKIT,Y+X2_M3_r1,lemon,224,0.972483
FKIT,Y+X2_M3_r1,lemon,225,0.973967
FKIT,Y+X2_M3_r1,lemon,226,0.975800
FKIT,Y+X2_M3_r1,lemon,227,0.974106
FKIT,Y+X2_M3_r1,lemon,228,0.975344
FKIT,Y+X2_M3_r1,lemon,229,0.975391
FKIT,Y+X2_M3_r1,lemon,230,0.976708
FKIT,Y+X2_M3_r1,lemon,231,0.974914
FKIT,Y+X2_M3_r1,lemon,232,0.976657
FKIT,Y+X2_M3_r1,lemon,233,0.976041
FKIT,Y+X2_M3_r1,lemon,234,0.976070
FKIT,Y+X2_M3_r1,lemon,235,0.977880
FKIT,Y+X2_M3_r1,lemon,236,0.977838
FKIT,Y+X2_M3_r1,lemon,237,0.977067
FKIT,Y+X2_M3_r1,lemon,238,0.975902
FKIT,Y+X2_M3_r1,lemon,239,0.976887
FKIT,Y+X2_M3_r1,lemon,240,0.975301
FKIT,Y+X2_M3_r1,lemon,241,0.974683
FKIT,Y+X2_M3_r1,lemon,242,0.974250
FKIT,Y+X2_M3_r1,lemon,243,0.973909
FKIT,Y+X2_M3_r1,lemon,244,0.974247
FKIT,Y+X2_M3_r1,lemon,245,0.973823
FKIT,Y+X2_M3_r1,lemon,246,0.971678
FKIT,Y+X2_M3_r1,lemon,247,0.970171
FKIT,Y+X2_M3_r1,lemon,248,0.971294
FKIT,Y+X2_M3_r1,lemon,249,0.968427
FKIT,Y+X2_M3_r1,lemon,250,0.969195
FKIT,Y+X2_M3_r1,lemon,251,0.970606
FKIT,Y+X2_M3_r1,lemon,252,0.973783
FKIT,Y+X2_M3_r1,lemon,253,0.971630
FKIT,Y+X2_M3_r1,lemon,254,0.972130
FKIT,Y+X2_M3_r1,lemon,255,0.975265
FKIT,Y+X2_M3_r1,lemon,256,0.970172
FKIT,Y+X2_M3_r1,lemon,257,0.971828
FKIT,Y+X2_M3_r1,lemon,258,0.971160
FKIT,Y+X2_M3_r1,lemon,259,0.970008
FKIT,Y+X2_M3_r1,lemon,260,0.976279
FKIT,Y+X2_M3_r1,lemon,261,0.975167
FKIT,Y+X2_M3_r1,lemon,262,0.973169
FKIT,Y+X2_M3_r1,lemon,263,0.974464
FKIT,Y+X2_M3_r1,lemon,264,0.973909
FKIT,Y+X2_M3_r1,lemon,265,0.973921
FKIT,Y+X2_M3_r1,lemon,266,0.975331
FKIT,Y+X2_M3_r1,lemon,267,0.974787
FKIT,Y+X2_M3_r1,lemon,268,0.975322
FKIT,Y+X2_M3_r1,lemon,269,0.974154
FKIT,Y+X2_M3_r1,lemon,270,0.973455
FKIT,Y+X2_M3_r1,lemon,271,0.971472
FKIT,Y+X2_M3_r1,lemon,272,0.974069
FKIT,Y+X2_M3_r1,lemon,273,0.973048
FKIT,Y+X2_M3_r1,lemon,274,0.973713
FKIT,Y+X2_M3_r1,lemon,275,0.975462
FKIT,Y+X2_M3_r1,lemon,276,0.972212
FKIT,Y+X2_M3_r1,lemon,277,0.972771
FKIT,Y+X2_M3_r1,lemon,278,0.970201
FKIT,Y+X2_M3_r1,lemon,279,0.970330
FKIT,Y+X2_M3_r1,lemon,280,0.969103
FKIT,Y+X2_M3_r1,lemon,281,0.969694
FKIT,Y+X2_M3_r1,lemon,282,0.970362
FKIT,Y+X2_M3_r1,lemon,283,0.965247
FKIT,Y+X2_M3_r1,lemon,284,0.972867
FKIT,Y+X2_M3_r1,lemon,285,0.969769
FKIT,Y+X2_M3_r1,lemon,286,0.968087
FKIT,Y+X2_M3_r1,lemon,287,0.967502
FKIT,Y+X2_M3_r1,lemon,288,0.966356
FKIT,Y+X2_M3_r1,lemon,289,0.967316
FKIT,Y+X2_M3_r1,lemon,290,0.966495
FKIT,Y+X2_M3_r1,lemon,291,0.966862
FKIT,Y+X2_M3_r1,lemon,292,0.965853
FKIT,Y+X2_M3_r1,lemon,293,0.967732
FKIT,Y+X2_M3_r1,lemon,294,0.963345
FKIT,Y+X2_M3_r1,lemon,295,0.964421
FKIT,Y+X2_M3_r1,lemon,296,0.966414
FKIT,Y+X2_M3_r1,lemon,297,0.964530
FKIT,Y+X2_M3_r1,lemon,298,0.964217
FKIT,Y+X2_M3_r1,lemon,299,0.966067
FKIT,Y+X2_M3_r1,lemon,300,0.966002
FKIT,Y+X2_M3_r1,lemon,301,0.966257
FKIT,Y+X2_M3_r1,lemon,302,0.964469
FKIT,Y+X2_M3_r1,lemon,303,0.964007
FKIT,Y+X2_M3_r1,lemon,304,0.964621
FKIT,Y+X2_M3_r1,lemon,305,0.963947
FKIT,Y+X2_M3_r1,lemon,306,0.966109
FKIT,Y+X2_M3_r1,lemon,307,0.964241
FKIT,Y+X2_M3_r1,lemon,308,0.963763
FKIT,Y+X2_M3_r1,lemon,309,0.964935
FKIT,Y+X2_M3_r1,lemon,310,0.965594
FKIT,Y+X2_M3_r1,lemon,311,0.961786
FKIT,Y+X2_M3_r1,lemon,312,0.964533
FKIT,Y+X2_M3_r1,lemon,313,0.960288
FKIT,Y+X2_M3_r1,lemon,314,0.962142
FKIT,Y+X2_M3_r1,lemon,315,0.962389
FKIT,Y+X2_M3_r1,lemon,316,0.960256
FKIT,Y+X2_M3_r1,lemon,317,0.963045
FKIT,Y+X2_M3_r1,lemon,318,0.962473
FKIT,Y+X2_M3_r1,lemon,319,0.961182
FKIT,Y+X2_M3_r1,lemon,320,0.959853
FKIT,Y+X2_M3_r1,lemon,321,0.962670
FKIT,Y+X2_M3_r1,lemon,322,0.962495
FKIT,Y+X2_M3_r1,lemon,323,0.963204
FKIT,Y+X2_M3_r1,lemon,324,0.965640
FKIT,Y+X2_M3_r1,lemon,325,0.965799
FKIT,Y+X2_M3_r1,lemon,326,0.963771
FKIT,Y+X2_M3_r1,lemon,327,0.966153
FKIT,Y+X2_M3_r1,lemon,328,0.960514
FKIT,Y+X2_M3_r1,lemon,329,0.963147
FKIT,Y+X2_M3_r1,lemon,330,0.956538
FKIT,Y+X2_M3_r1,lemon,331,0.958115
FKIT,Y+X2_M3_r1,lemon,332,0.961216
FKIT,Y+X2_M3_r1,lemon,333,0.962566
FKIT,Y+X2_M3_r1,lemon,334,0.961387
FKIT,Y+X2_M3_r1,lemon,335,0.960794
FKIT,Y+X2_M3_r1,lemon,336,0.964374
FKIT,Y+X2_M3_r1,lemon,337,0.963080
FKIT,Y+X2_M3_r1,lemon,338,0.960699
FKIT,Y+X2_M3_r1,lemon,339,0.959512
FKIT,Y+X2_M3_r1,lemon,340,0.962394
FKIT,Y+X2_M3_r1,lemon,341,0.958439
FKIT,Y+X2_M3_r1,lemon,342,0.964246
FKIT,Y+X2_M3_r1,lemon,343,0.959669
FKIT,Y+X2_M3_r1,lemon,344,0.959605
FKIT,Y+X2_M3_r1,lemon,345,0.958571
FKIT,Y+X2_M3_r1,lemon,346,0.962611
FKIT,Y+X2_M3_r1,lemon,347,0.959441
FKIT,Y+X2_M3_r1,lemon,348,0.960865
FKIT,Y+X2_M3_r1,lemon,349,0.960821
FKIT,Y+X2_M3_r1,lemon,350,0.960295
FKIT,Y+X2_M3_r1,lemon,351,0.958541
FKIT,Y+X2_M3_r1,lemon,352,0.957109
FKIT,Y+X2_M3_r1,lemon,353,0.960380
FKIT,Y+X2_M3_r1,lemon,354,0.960405
FKIT,Y+X2_M3_r1,lemon,355,0.960901
FKIT,Y+X2_M3_r1,lemon,356,0.963930
FKIT,Y+X2_M3_r1,lemon,357,0.965570
FKIT,Y+X2_M3_r1,lemon,358,0.962874
FKIT,Y+X2_M3_r1,lemon,359,0.962809
FKIT,Y+X2_M3_r1,lemon,360,0.963120
FKIT,Y+X2_M3_r1,lemon,361,0.964000
FKIT,Y+X2_M3_r1,lemon,362,0.966335
FKIT,Y+X2_M3_r1,lemon,363,0.962472
FKIT,Y+X2_M3_r1,lemon,364,0.967751
FKIT,Y+X2_M3_r1,lemon,365,0.960472
FKIT,Y+X2_M3_r1,lemon,366,0.963030
FKIT,Y+X2_M3_r1,lemon,367,0.963164
FKIT,Y+X2_M3_r1,lemon,368,0.964661
FKIT,Y+X2_M3_r1,lemon,369,0.964506
FKIT,Y+X2_M3_r1,lemon,370,0.960658
FKIT,Y+X2_M3_r1,lemon,371,0.962397
FKIT,Y+X2_M3_r1,lemon,372,0.960445
FKIT,Y+X2_M3_r1,lemon,373,0.960504
FKIT,Y+X2_M3_r1,lemon,374,0.961336
FKIT,Y+X2_M3_r1,lemon,375,0.962524
FKIT,Y+X2_M3_r1,lemon,376,0.964239
FKIT,Y+X2_M3_r1,lemon,377,0.963941
FKIT,Y+X2_M3_r1,lemon,378,0.962579
FKIT,Y+X2_M3_r1,lemon,379,0.964488
FKIT,Y+X2_M3_r1,lemon,380,0.965412
FKIT,Y+X2_M3_r1,lemon,381,0.960532
FKIT,Y+X2_M3_r1,lemon,382,0.965092
FKIT,Y+X2_M3_r1,lemon,383,0.959647
FKIT,Y+X2_M3_r1,lemon,384,0.963527
FKIT,Y+X2_M3_r1,lemon,385,0.963396
FKIT,Y+X2_M3_r1,lemon,386,0.967538
FKIT,Y+X2_M3_r1,lemon,387,0.964310
FKIT,Y+X2_M3_r1,lemon,388,0.963381
FKIT,Y+X2_M3_r1,lemon,389,0.963833
FKIT,Y+X2_M3_r1,lemon,390,0.960687
FKIT,Y+X2_M3_r1,lemon,391,0.964596
FKIT,Y+X2_M3_r1,lemon,392,0.963431
FKIT,Y+X2_M3_r1,lemon,393,0.962716
FKIT,Y+X2_M3_r1,lemon,394,0.963534
FKIT,Y+X2_M3_r1,lemon,395,0.968666
FKIT,Y+X2_M3_r1,lemon,396,0.962003
FKIT,Y+X2_M3_r1,lemon,397,0.963443
FKIT,Y+X2_M3_r1,lemon,398,0.963954
FKIT,Y+X2_M3_r1,lemon,399,0.962978
FKIT,Y+X2_M3_r1,lemon,400,0.961893
FKIT,Y+X2_M3_r1,lemon,401,0.962287
FKIT,Y+X2_M3_r1,lemon,402,0.963039
FKIT,Y+X2_M3_r1,lemon,403,0.959831
FKIT,Y+X2_M3_r1,lemon,404,0.965049
FKIT,Y+X2_M3_r1,lemon,405,0.960335
FKIT,Y+X2_M3_r1,lemon,406,0.961676
FKIT,Y+X2_M3_r1,lemon,407,0.964404
FKIT,Y+X2_M3_r1,lemon,408,0.958810
FKIT,Y+X2_M3_r1,lemon,409,0.959945
FKIT,Y+X2_M3_r1,lemon,410,0.958204
FKIT,Y+X2_M3_r1,lemon,411,0.955641
FKIT,Y+X2_M3_r1,lemon,412,0.958543
FKIT,Y+X2_M3_r1,lemon,413,0.961041
FKIT,Y+X2_M3_r1,lemon,414,0.959367
FKIT,Y+X2_M3_r1,lemon,415,0.962821
FKIT,Y+X2_M3_r1,lemon,416,0.959909
FKIT,Y+X2_M3_r1,lemon,417,0.967116
FKIT,Y+X2_M3_r1,lemon,418,0.967457
FKIT,Y+X2_M3_r1,lemon,419,0.962802
FKIT,Y+X2_M3_r1,lemon,420,0.962934
FKIT,Y+X2_M3_r1,lemon,421,0.958165
FKIT,Y+X2_M3_r1,lemon,422,0.952815
FKIT,Y+X2_M3_r1,lemon,423,0.957637
FKIT,Y+X2_M3_r1,lemon,424,0.959348
FKIT,Y+X2_M3_r1,lemon,425,0.962606
FKIT,Y+X2_M3_r1,lemon,426,0.966829
FKIT,Y+X2_M3_r1,lemon,427,0.959459
FKIT,Y+X2_M3_r1,lemon,428,0.965215
FKIT,Y+X2_M3_r1,lemon,429,0.959247
FKIT,Y+X2_M3_r1,lemon,430,0.962023
FKIT,Y+X2_M3_r1,lemon,431,0.961503
FKIT,Y+X2_M3_r1,lemon,432,0.962667
FKIT,Y+X2_M3_r1,lemon,433,0.965125
FKIT,Y+X2_M3_r1,lemon,434,0.963767
FKIT,Y+X2_M3_r1,lemon,435,0.960273
FKIT,Y+X2_M3_r1,lemon,436,0.960822
FKIT,Y+X2_M3_r1,lemon,437,0.961732
FKIT,Y+X2_M3_r1,lemon,438,0.959393
FKIT,Y+X2_M3_r1,lemon,439,0.960164
FKIT,Y+X2_M3_r1,lemon,440,0.958883
FKIT,Y+X2_M3_r1,lemon,441,0.957183
FKIT,Y+X2_M3_r1,lemon,442,0.959316
FKIT,Y+X2_M3_r1,lemon,443,0.955052
FKIT,Y+X2_M3_r1,lemon,444,0.961535
FKIT,Y+X2_M3_r1,lemon,445,0.944863
FKIT,Y+X2_M3_r1,lemon,446,0.959827
FKIT,Y+X2_M3_r1,lemon,447,0.961878
FKIT,Y+X2_M3_r1,lemon,448,0.959894
FKIT,Y+X2_M3_r1,lemon,449,0.960421
FKIT,Y+X2_M3_r1,lemon,450,0.957391
FKIT,Y+X2_M3_r1,lemon,451,0.959236
FKIT,Y+X2_M3_r1,lemon,452,0.955207
FKIT,Y+X2_M3_r1,lemon,453,0.960757
FKIT,Y+X2_M3_r1,lemon,454,0.959424
FKIT,Y+X2_M3_r1,lemon,455,0.958101
FKIT,Y+X2_M3_r1,lemon,456,0.955831
FKIT,Y+X2_M3_r1,lemon,457,0.957648
FKIT,Y+X2_M3_r1,lemon,458,0.955531
FKIT,Y+X2_M3_r1,lemon,459,0.958664
FKIT,Y+X2_M3_r1,lemon,460,0.958379
FKIT,Y+X2_M3_r1,lemon,461,0.960134
FKIT,Y+X2_M3_r1,lemon,462,0.959471
FKIT,Y+X2_M3_r1,lemon,463,0.957163
FKIT,Y+X2_M3_r1,lemon,464,0.961086
FKIT,Y+X2_M3_r1,lemon,465,0.957159
FKIT,Y+X2_M3_r1,lemon,466,0.962130
FKIT,Y+X2_M3_r1,lemon,467,0.959148
FKIT,Y+X2_M3_r1,lemon,468,0.960556
FKIT,Y+X2_M3_r1,lemon,469,0.960953
FKIT,Y+X2_M3_r1,lemon,470,0.961362
FKIT,Y+X2_M3_r1,lemon,471,0.958792
FKIT,Y+X2_M3_r1,lemon,472,0.960659
FKIT,Y+X2_M3_r1,lemon,473,0.960137
FKIT,Y+X2_M3_r1,lemon,474,0.960317
FKIT,Y+X2_M3_r1,lemon,475,0.959888
FKIT,Y+X2_M3_r1,lemon,476,0.960819
FKIT,Y+X2_M3_r1,lemon,477,0.961350
FKIT,Y+X2_M3_r1,lemon,478,0.960753
FKIT,Y+X2_M3_r1,lemon,479,0.959059
FKIT,Y+X2_M3_r1,lemon,480,0.958314
FKIT,Y+X2_M3_r1,lemon,481,0.964069
FKIT,Y+X2_M3_r1,lemon,482,0.961193
FKIT,Y+X2_M3_r1,lemon,483,0.961156
FKIT,Y+X2_M3_r1,lemon,484,0.963498
FKIT,Y+X2_M3_r1,lemon,485,0.966231
FKIT,Y+X2_M3_r1,lemon,486,0.965706
FKIT,Y+X2_M3_r1,lemon,487,0.963480
FKIT,Y+X2_M3_r1,lemon,488,0.962414
FKIT,Y+X2_M3_r1,lemon,489,0.965503
FKIT,Y+X2_M3_r1,lemon,490,0.966246
FKIT,Y+X2_M3_r1,lemon,491,0.967607
FKIT,Y+X2_M3_r1,lemon,492,0.964443
FKIT,Y+X2_M3_r1,lemon,493,0.961862
FKIT,Y+X2_M3_r1,lemon,494,0.966812
FKIT,Y+X2_M3_r1,lemon,495,0.967611
FKIT,Y+X2_M3_r1,lemon,496,0.967567
FKIT,Y+X2_M3_r1,lemon,497,0.967564
FKIT,Y+X2_M3_r1,lemon,498,0.969538
FKIT,Y+X2_M3_r1,lemon,499,0.967730
FKIT,Y+X2_M3_r1,lemon,500,0.967268
FKIT,Y+X2_M3_r1,lemon,501,0.969615
FKIT,Y+X2_M3_r1,lemon,502,0.970343
FKIT,Y+X2_M3_r1,lemon,503,0.971168
FKIT,Y+X2_M3_r1,lemon,504,0.971267
FKIT,Y+X2_M3_r1,lemon,505,0.971548
FKIT,Y+X2_M3_r1,lemon,506,0.971502
FKIT,Y+X2_M3_r1,lemon,507,0.970272
FKIT,Y+X2_M3_r1,lemon,508,0.965786
FKIT,Y+X2_M3_r1,lemon,509,0.960827
FKIT,Y+X2_M3_r1,lemon,510,0.967701
FKIT,Y+X2_M3_r1,lemon,511,0.964977
FKIT,Y+X2_M3_r1,lemon,512,0.964693
FKIT,Y+X2_M3_r1,lemon,513,0.965290
FKIT,Y+X2_M3_r1,lemon,514,0.962587
FKIT,Y+X2_M3_r1,lemon,515,0.965557
FKIT,Y+X2_M3_r1,lemon,516,0.967333
FKIT,Y+X2_M3_r1,lemon,517,0.965606
FKIT,Y+X2_M3_r1,lemon,518,0.963832
FKIT,Y+X2_M3_r1,lemon,519,0.966571
FKIT,Y+X2_M3_r1,lemon,520,0.965284
FKIT,Y+X2_M3_r1,lemon,521,0.967913
FKIT,Y+X2_M3_r1,lemon,522,0.968334
FKIT,Y+X2_M3_r1,lemon,523,0.965227
FKIT,Y+X2_M3_r1,lemon,524,0.966554
FKIT,Y+X2_M3_r1,lemon,525,0.966878
FKIT,Y+X2_M3_r1,lemon,526,0.966466
FKIT,Y+X2_M3_r1,lemon,527,0.965097
FKIT,Y+X2_M3_r1,lemon,528,0.968563
FKIT,Y+X2_M3_r1,lemon,529,0.964933
FKIT,Y+X2_M3_r1,lemon,530,0.963578
FKIT,Y+X2_M3_r1,lemon,531,0.965138
FKIT,Y+X2_M3_r1,lemon,532,0.966131
FKIT,Y+X2_M3_r1,lemon,533,0.963688
FKIT,Y+X2_M3_r1,lemon,534,0.968401
FKIT,Y+X2_M3_r1,lemon,535,0.964728
FKIT,Y+X2_M3_r1,lemon,536,0.966952
FKIT,Y+X2_M3_r1,lemon,537,0.969128
FKIT,Y+X2_M3_r1,lemon,538,0.964816
FKIT,Y+X2_M3_r1,lemon,539,0.966385
FKIT,Y+X2_M3_r1,lemon,540,0.968713
FKIT,Y+X2_M3_r1,lemon,541,0.968416
FKIT,Y+X2_M3_r1,lemon,542,0.966921
FKIT,Y+X2_M3_r1,lemon,543,0.967715
FKIT,Y+X2_M3_r1,lemon,544,0.969187
FKIT,Y+X2_M3_r1,lemon,545,0.972173
FKIT,Y+X2_M3_r1,lemon,546,0.967172
FKIT,Y+X2_M3_r1,lemon,547,0.970126
FKIT,Y+X2_M3_r1,lemon,548,0.964534
FKIT,Y+X2_M3_r1,lemon,549,0.970189
FKIT,Y+X2_M3_r1,lemon,550,0.968820
FKIT,Y+X2_M3_r1,lemon,551,0.965099
FKIT,Y+X2_M3_r1,lemon,552,0.962986
FKIT,Y+X2_M3_r1,lemon,553,0.964871
FKIT,Y+X2_M3_r1,lemon,554,0.966227
FKIT,Y+X2_M3_r1,lemon,555,0.943515
FKIT,Y+X2_M3_r1,lemon,556,0.960375
FKIT,Y+X2_M3_r1,lemon,557,0.960655
FKIT,Y+X2_M3_r1,lemon,558,0.955425
FKIT,Y+X2_M3_r1,lemon,559,0.000000
FKIT,Y+X2_M3_r1,lemon,560,0.227636
FKIT,Y+X2_M3_r1,lemon,561,0.199791
FKIT,Y+X2_M3_r1,lemon,562,0.199136
FKIT,Y+X2_M3_r1,lemon,563,0.500502
FKIT,Y+X2_M3_r1,lemon,564,0.639243
FKIT,Y+X2_M3_r1,lemon,565,0.778733
FKIT,Y+X2_M3_r1,lemon,566,0.576252
FKIT,Y+X2_M3_r1,lemon,567,0.783502
FKIT,Y+X2_M3_r1,lemon,568,0.963088
FKIT,Y+X2_M3_r1,lemon,569,0.942835
FKIT,Y+X2_M3_r1,lemon,570,0.961446
FKIT,Y+X2_M3_r1,lemon,571,0.958128
FKIT,Y+X2_M3_r1,lemon,572,0.964837
FKIT,Y+X2_M3_r1,lemon,573,0.961355
FKIT,Y+X2_M3_r1,lemon,574,0.964333
FKIT,Y+X2_M3_r1,lemon,575,0.963416
FKIT,Y+X2_M3_r1,lemon,576,0.960664
FKIT,Y+X2_M3_r1,lemon,577,0.960853
FKIT,Y+X2_M3_r1,lemon,578,0.962221
FKIT,Y+X2_M3_r1,lemon,579,0.961892
FKIT,Y+X2_M3_r1,lemon,580,0.961883
FKIT,Y+X2_M3_r1,lemon,581,0.965801
FKIT,Y+X2_M3_r1,lemon,582,0.961294
FKIT,Y+X2_M3_r1,lemon,583,0.965925
FKIT,Y+X2_M3_r1,lemon,584,0.964522
FKIT,Y+X2_M3_r1,lemon,585,0.967381
FKIT,Y+X2_M3_r1,lemon,586,0.964018
FKIT,Y+X2_M3_r1,lemon,587,0.966341
FKIT,Y+X2_M3_r1,lemon,588,0.965034
FKIT,Y+X2_M3_r1,lemon,589,0.965611
FKIT,Y+X2_M3_r1,lemon,590,0.967164
FKIT,Y+X2_M3_r1,lemon,591,0.965080
FKIT,Y+X2_M3_r1,lemon,592,0.970509
FKIT,Y+X2_M3_r1,lemon,593,0.967814
FKIT,Y+X2_M3_r1,lemon,594,0.966526
FKIT,Y+X2_M3_r1,lemon,595,0.968520
FKIT,Y+X2_M3_r1,lemon,596,0.968585
FKIT,Y+X2_M3_r1,lemon,597,0.965920
FKIT,Y+X2_M3_r1,lemon,598,0.967312
FKIT,Y+X2_M3_r1,lemon,599,0.971711
FKIT,Y+X2_M3_r1,lemon,600,0.966401
FKIT,Y+X2_M3_r1,lemon,601,0.968396
FKIT,Y+X2_M3_r1,lemon,602,0.966930
FKIT,Y+X2_M3_r1,lemon,603,0.970980
FKIT,Y+X2_M3_r1,lemon,604,0.970948
FKIT,Y+X2_M3_r1,lemon,605,0.968290
FKIT,Y+X2_M3_r1,lemon,606,0.971486
FKIT,Y+X2_M3_r1,lemon,607,0.968576
FKIT,Y+X2_M3_r1,lemon,608,0.967961
FKIT,Y+X2_M3_r1,lemon,609,0.968259
FKIT,Y+X2_M3_r1,lemon,610,0.970255
FKIT,Y+X2_M3_r1,lemon,611,0.972549
FKIT,Y+X2_M3_r1,lemon,612,0.966378
FKIT,Y+X2_M3_r1,lemon,613,0.965275
FKIT,Y+X2_M3_r1,lemon,614,0.973061
FKIT,Y+X2_M3_r1,lemon,615,0.964596
FKIT,Y+X2_M3_r1,lemon,616,0.965248
FKIT,Y+X2_M3_r1,lemon,617,0.961714
FKIT,Y+X2_M3_r1,lemon,618,0.961848
FKIT,Y+X2_M3_r1,lemon,619,0.963665
FKIT,Y+X2_M3_r1,lemon,620,0.959702
FKIT,Y+X2_M3_r1,lemon,621,0.959466
FKIT,Y+X2_M3_r1,lemon,622,0.962765
FKIT,Y+X2_M3_r1,lemon,623,0.953380
FKIT,Y+X2_M3_r1,lemon,624,0.965165
FKIT,Y+X2_M3_r1,lemon,625,0.966446
FKIT,Y+X2_M3_r1,lemon,626,0.965059
FKIT,Y+X2_M3_r1,lemon,627,0.967969
FKIT,Y+X2_M3_r1,lemon,628,0.965772
FKIT,Y+X2_M3_r1,lemon,629,0.965638
FKIT,Y+X2_M3_r1,lemon,630,0.964959
FKIT,Y+X2_M3_r1,lemon,631,0.963538
FKIT,Y+X2_M3_r1,lemon,632,0.965645
FKIT,Y+X2_M3_r1,lemon,633,0.965364
FKIT,Y+X2_M3_r1,lemon,634,0.973010
FKIT,Y+X2_M3_r1,lemon,635,0.969407
FKIT,Y+X2_M3_r1,lemon,636,0.968368
FKIT,Y+X2_M3_r1,lemon,637,0.970639
FKIT,Y+X2_M3_r1,lemon,638,0.968345
FKIT,Y+X2_M3_r1,lemon,639,0.968944
FKIT,Y+X2_M3_r1,lemon,640,0.964272
FKIT,Y+X2_M3_r1,lemon,641,0.965948
FKIT,Y+X2_M3_r1,lemon,642,0.965979
FKIT,Y+X2_M3_r1,lemon,643,0.966024
FKIT,Y+X2_M3_r1,lemon,644,0.973439
FKIT,Y+X2_M3_r1,lemon,645,0.971940
FKIT,Y+X2_M3_r1,lemon,646,0.969839
FKIT,Y+X2_M3_r1,lemon,647,0.972926
FKIT,Y+X2_M3_r1,lemon,648,0.973488
FKIT,Y+X2_M3_r1,lemon,649,0.972761
FKIT,Y+X2_M3_r1,lemon,650,0.970043
FKIT,Y+X2_M3_r1,lemon,651,0.971507
FKIT,Y+X2_M3_r1,lemon,652,0.971400
FKIT,Y+X2_M3_r1,lemon,653,0.969993
FKIT,Y+X2_M3_r1,lemon,654,0.973897
FKIT,Y+X2_M3_r1,lemon,655,0.972351
FKIT,Y+X2_M3_r1,lemon,656,0.973099
FKIT,Y+X2_M3_r1,lemon,657,0.974264
FKIT,Y+X2_M3_r1,lemon,658,0.974497
FKIT,Y+X2_M3_r1,lemon,659,0.971201
FKIT,Y+X2_M3_r1,lemon,660,0.970411
FKIT,Y+X2_M3_r1,lemon,661,0.972519
FKIT,Y+X2_M3_r1,lemon,662,0.970860
FKIT,Y+X2_M3_r1,lemon,663,0.971252
FKIT,Y+X2_M3_r1,lemon,664,0.970070
FKIT,Y+X2_M3_r1,lemon,665,0.968765
FKIT,Y+X2_M3_r1,lemon,666,0.973467
FKIT,Y+X2_M3_r1,lemon,667,0.967409
FKIT,Y+X2_M3_r1,lemon,668,0.969673
FKIT,Y+X2_M3_r1,lemon,669,0.969177
FKIT,Y+X2_M3_r1,lemon,670,0.971128
FKIT,Y+X2_M3_r1,lemon,671,0.972208
FKIT,Y+X2_M3_r1,lemon,672,0.974244
FKIT,Y+X2_M3_r1,lemon,673,0.974212
FKIT,Y+X2_M3_r1,lemon,674,0.976744
FKIT,Y+X2_M3_r1,lemon,675,0.976247
FKIT,Y+X2_M3_r1,lemon,676,0.972072
FKIT,Y+X2_M3_r1,lemon,677,0.971219
FKIT,Y+X2_M3_r1,lemon,678,0.970614
FKIT,Y+X2_M3_r1,lemon,679,0.971716
FKIT,Y+X2_M3_r1,lemon,680,0.971521
FKIT,Y+X2_M3_r1,lemon,681,0.971435
FKIT,Y+X2_M3_r1,lemon,682,0.972390
FKIT,Y+X2_M3_r1,lemon,683,0.970881
FKIT,Y+X2_M3_r1,lemon,684,0.975033
FKIT,Y+X2_M3_r1,lemon,685,0.974235
FKIT,Y+X2_M3_r1,lemon,686,0.974967
FKIT,Y+X2_M3_r1,lemon,687,0.974228
FKIT,Y+X2_M3_r1,lemon,688,0.973093
FKIT,Y+X2_M3_r1,lemon,689,0.973075
FKIT,Y+X2_M3_r1,lemon,690,0.972698
FKIT,Y+X2_M3_r1,lemon,691,0.976065
FKIT,Y+X2_M3_r1,lemon,692,0.973023
FKIT,Y+X2_M3_r1,lemon,693,0.973807
FKIT,Y+X2_M3_r1,lemon,694,0.976954
FKIT,Y+X2_M3_r1,lemon,695,0.975642
FKIT,Y+X2_M3_r1,lemon,696,0.975125
FKIT,Y+X2_M3_r1,lemon,697,0.974948
FKIT,Y+X2_M3_r1,lemon,698,0.971786
FKIT,Y+X2_M3_r1,lemon,699,0.976154
FKIT,Y+X2_M3_r1,lemon,700,0.974066
FKIT,Y+X2_M3_r1,lemon,701,0.974305
FKIT,Y+X2_M3_r1,lemon,702,0.973454
FKIT,Y+X2_M3_r1,lemon,703,0.973680
FKIT,Y+X2_M3_r1,lemon,704,0.973164
FKIT,Y+X2_M3_r1,lemon,705,0.972589
FKIT,Y+X2_M3_r1,lemon,706,0.970761
FKIT,Y+X2_M3_r1,lemon,707,0.972110
FKIT,Y+X2_M3_r1,lemon,708,0.969918
FKIT,Y+X2_M3_r1,lemon,709,0.970118
FKIT,Y+X2_M3_r1,lemon,710,0.971136
FKIT,Y+X2_M3_r1,lemon,711,0.969970
FKIT,Y+X2_M3_r1,lemon,712,0.967012
FKIT,Y+X2_M3_r1,lemon,713,0.970716
FKIT,Y+X2_M3_r1,lemon,714,0.971549
FKIT,Y+X2_M3_r1,lemon,715,0.970940
FKIT,Y+X2_M3_r1,lemon,716,0.972136
FKIT,Y+X2_M3_r1,lemon,717,0.971930
FKIT,Y+X2_M3_r1,lemon,718,0.970549
FKIT,Y+X2_M3_r1,lemon,719,0.967913
FKIT,Y+X2_M3_r1,lemon,720,0.966891
FKIT,Y+X2_M3_r1,lemon,721,0.970044
FKIT,Y+X2_M3_r1,lemon,722,0.969880
FKIT,Y+X2_M3_r1,lemon,723,0.968679
FKIT,Y+X2_M3_r1,lemon,724,0.976187
FKIT,Y+X2_M3_r1,lemon,725,0.971750
FKIT,Y+X2_M3_r1,lemon,726,0.972795
FKIT,Y+X2_M3_r1,lemon,727,0.964598
FKIT,Y+X2_M3_r1,lemon,728,0.962028
FKIT,Y+X2_M3_r1,lemon,729,0.971381
FKIT,Y+X2_M3_r1,lemon,730,0.966872
FKIT,Y+X2_M3_r1,lemon,731,0.962405
FKIT,Y+X2_M3_r1,lemon,732,0.955878
FKIT,Y+X2_M3_r1,lemon,733,0.953843
FKIT,Y+X2_M3_r1,lemon,734,0.975242
FKIT,Y+X2_M3_r1,lemon,735,0.975111
FKIT,Y+X2_M3_r1,lemon,736,0.975282
FKIT,Y+X2_M3_r1,lemon,737,0.973169
FKIT,Y+X2_M3_r1,lemon,738,0.972919
FKIT,Y+X2_M3_r1,lemon,739,0.974627
FKIT,Y+X2_M3_r1,lemon,740,0.972981
FKIT,Y+X2_M3_r1,lemon,741,0.972397
FKIT,Y+X2_M3_r1,lemon,742,0.973199
FKIT,Y+X2_M3_r1,lemon,743,0.972604
FKIT,Y+X2_M3_r1,lemon,744,0.974155
FKIT,Y+X2_M3_r1,lemon,745,0.971374
FKIT,Y+X2_M3_r1,lemon,746,0.973959
FKIT,Y+X2_M3_r1,lemon,747,0.973138
FKIT,Y+X2_M3_r1,lemon,748,0.972265
FKIT,Y+X2_M3_r1,lemon,749,0.973570
FKIT,Y+X2_M3_r1,lemon,750,0.961726
FKIT,Y+X2_M3_r1,lemon,751,0.971722
FKIT,Y+X2_M3_r1,lemon,752,0.971251
FKIT,Y+X2_M3_r1,lemon,753,0.973962
FKIT,Y+X2_M3_r1,lemon,754,0.972774
FKIT,Y+X2_M3_r1,lemon,755,0.974199
FKIT,Y+X2_M3_r1,lemon,756,0.975873
FKIT,Y+X2_M3_r1,lemon,757,0.973899
FKIT,Y+X2_M3_r1,lemon,758,0.974384
FKIT,Y+X2_M3_r1,lemon,759,0.974379
FKIT,Y+X2_M3_r1,lemon,760,0.976603
FKIT,Y+X2_M3_r1,lemon,761,0.974752
FKIT,Y+X2_M3_r1,lemon,762,0.974155
FKIT,Y+X2_M3_r1,lemon,763,0.975512
FKIT,Y+X2_M3_r1,lemon,764,0.975565
FKIT,Y+X2_M3_r1,lemon,765,0.975523
FKIT,Y+X2_M3_r1,lemon,766,0.975018
FKIT,Y+X2_M3_r1,lemon,767,0.973884
FKIT,Y+X2_M3_r1,lemon,768,0.972921
FKIT,Y+X2_M3_r1,lemon,769,0.975746
FKIT,Y+X2_M3_r1,lemon,770,0.974330
FKIT,Y+X2_M3_r1,lemon,771,0.972706
FKIT,Y+X2_M3_r1,lemon,772,0.972968
FKIT,Y+X2_M3_r1,lemon,773,0.972998
FKIT,Y+X2_M3_r1,lemon,774,0.973875
FKIT,Y+X2_M3_r1,lemon,775,0.973256
FKIT,Y+X2_M3_r1,lemon,776,0.975639
FKIT,Y+X2_M3_r1,lemon,777,0.976554
FKIT,Y+X2_M3_r1,lemon,778,0.974331
FKIT,Y+X2_M3_r1,lemon,779,0.975795
FKIT,Y+X2_M3_r1,lemon,780,0.974784
FKIT,Y+X2_M3_r1,lemon,781,0.973764
FKIT,Y+X2_M3_r1,lemon,782,0.975739
FKIT,Y+X2_M3_r1,lemon,783,0.973131
FKIT,Y+X2_M3_r1,lemon,784,0.975666
FKIT,Y+X2_M3_r1,lemon,785,0.976807
FKIT,Y+X2_M3_r1,lemon,786,0.974277
FKIT,Y+X2_M3_r1,lemon,787,0.973502
FKIT,Y+X2_M3_r1,lemon,788,0.972868
FKIT,Y+X2_M3_r1,lemon,789,0.975958
FKIT,Y+X2_M3_r1,lemon,790,0.976566
FKIT,Y+X2_M3_r1,lemon,791,0.973343
FKIT,Y+X2_M3_r1,lemon,792,0.973889
FKIT,Y+X2_M3_r1,lemon,793,0.976717
FKIT,Y+X2_M3_r1,lemon,794,0.978181
FKIT,Y+X2_M3_r1,lemon,795,0.977609
FKIT,Y+X2_M3_r1,lemon,796,0.972771
FKIT,Y+X2_M3_r1,lemon,797,0.976017
FKIT,Y+X2_M3_r1,lemon,798,0.973894
FKIT,Y+X2_M3_r1,lemon,799,0.972911
FKIT,Y+X2_M3_r1,lemon,800,0.972391
FKIT,Y+X2_M3_r1,lemon,801,0.975071
FKIT,Y+X2_M3_r1,lemon,802,0.971284
FKIT,Y+X2_M3_r1,lemon,803,0.976079
FKIT,Y+X2_M3_r1,lemon,804,0.974961
FKIT,Y+X2_M3_r1,lemon,805,0.965248
FKIT,Y+X2_M3_r1,lemon,806,0.968458
FKIT,Y+X2_M3_r1,lemon,807,0.976824
FKIT,Y+X2_M3_r1,lemon,808,0.974362
FKIT,Y+X2_M3_r1,lemon,809,0.975825
FKIT,Y+X2_M3_r1,lemon,810,0.974911
FKIT,Y+X2_M3_r1,lemon,811,0.973399
FKIT,Y+X2_M3_r1,lemon,812,0.974548
FKIT,Y+X2_M3_r1,lemon,813,0.960992
FKIT,Y+X2_M3_r1,lemon,814,0.966441
FKIT,Y+X2_M3_r1,lemon,815,0.975452
FKIT,Y+X2_M3_r1,lemon,816,0.976609
FKIT,Y+X2_M3_r1,lemon,817,0.975880
FKIT,Y+X2_M3_r1,lemon,818,0.972580
FKIT,Y+X2_M3_r1,lemon,819,0.970408
FKIT,Y+X2_M3_r1,lemon,820,0.970188
FKIT,Y+X2_M3_r1,lemon,821,0.966061
FKIT,Y+X2_M3_r1,lemon,822,0.962516
FKIT,Y+X2_M3_r1,lemon,823,0.965099
FKIT,Y+X2_M3_r1,lemon,824,0.971429
FKIT,Y+X2_M3_r1,lemon,825,0.969767
FKIT,Y+X2_M3_r1,lemon,826,0.968871
FKIT,Y+X2_M3_r1,lemon,827,0.970704
FKIT,Y+X2_M3_r1,lemon,828,0.968441
FKIT,Y+X2_M3_r1,lemon,829,0.970834
FKIT,Y+X2_M3_r1,lemon,830,0.971947
FKIT,Y+X2_M3_r1,lemon,831,0.972485
FKIT,Y+X2_M3_r1,lemon,832,0.973296
FKIT,Y+X2_M3_r1,lemon,833,0.970006
FKIT,Y+X2_M3_r1,lemon,834,0.972857
FKIT,Y+X2_M3_r1,lemon,835,0.967510
FKIT,Y+X2_M3_r1,lemon,836,0.973949
FKIT,Y+X2_M3_r1,lemon,837,0.975028
FKIT,Y+X2_M3_r1,lemon,838,0.974280
FKIT,Y+X2_M3_r1,lemon,839,0.972148
FKIT,Y+X2_M3_r1,lemon,840,0.974410
FKIT,Y+X2_M3_r1,lemon,841,0.974779
FKIT,Y+X2_M3_r1,lemon,842,0.974841
FKIT,Y+X2_M3_r1,lemon,843,0.974764
FKIT,Y+X2_M3_r1,lemon,844,0.977524
FKIT,Y+X2_M3_r1,lemon,845,0.976852
FKIT,Y+X2_M3_r1,lemon,846,0.975907
FKIT,Y+X2_M3_r1,lemon,847,0.977171
FKIT,Y+X2_M3_r1,lemon,848,0.972329
FKIT,Y+X2_M3_r1,lemon,849,0.976813
FKIT,Y+X2_M3_r1,lemon,850,0.975897
FKIT,Y+X2_M3_r1,lemon,851,0.977417
FKIT,Y+X2_M3_r1,lemon,852,0.979073
FKIT,Y+X2_M3_r1,lemon,853,0.978107
FKIT,Y+X2_M3_r1,lemon,854,0.979611
FKIT,Y+X2_M3_r1,lemon,855,0.980216
FKIT,Y+X2_M3_r1,lemon,856,0.977042
FKIT,Y+X2_M3_r1,lemon,857,0.977468
FKIT,Y+X2_M3_r1,lemon,858,0.976634
FKIT,Y+X2_M3_r1,lemon,859,0.978562
FKIT,Y+X2_M3_r1,lemon,860,0.976578
FKIT,Y+X2_M3_r1,lemon,861,0.976515
FKIT,Y+X2_M3_r1,lemon,862,0.975977
FKIT,Y+X2_M3_r1,lemon,863,0.977378
FKIT,Y+X2_M3_r1,lemon,864,0.977874
FKIT,Y+X2_M3_r1,lemon,865,0.975524
FKIT,Y+X2_M3_r1,lemon,866,0.977714
FKIT,Y+X2_M3_r1,lemon,867,0.975531
FKIT,Y+X2_M3_r1,lemon,868,0.977186
FKIT,Y+X2_M3_r1,lemon,869,0.975800
FKIT,Y+X2_M3_r1,lemon,870,0.974267
FKIT,Y+X2_M3_r1,lemon,871,0.975055
FKIT,Y+X2_M3_r1,lemon,872,0.975292
FKIT,Y+X2_M3_r1,lemon,873,0.975951
FKIT,Y+X2_M3_r1,lemon,874,0.977233
FKIT,Y+X2_M3_r1,lemon,875,0.974027
FKIT,Y+X2_M3_r1,lemon,876,0.977056
FKIT,Y+X2_M3_r1,lemon,877,0.976942
FKIT,Y+X2_M3_r1,lemon,878,0.976293
FKIT,Y+X2_M3_r1,lemon,879,0.978060
FKIT,Y+X2_M3_r1,lemon,880,0.975840
FKIT,Y+X2_M3_r1,lemon,881,0.975299
FKIT,Y+X2_M3_r1,lemon,882,0.975926
FKIT,Y+X2_M3_r1,lemon,883,0.976910
FKIT,Y+X2_M3_r1,lemon,884,0.978171
FKIT,Y+X2_M3_r1,lemon,885,0.978858
FKIT,Y+X2_M3_r1,lemon,886,0.977282
FKIT,Y+X2_M3_r1,mini_chocolate_panettone,0,0.965926
FKIT,Y+X2_M3_r1,mini_chocolate_panettone,1,0.965808
FKIT,Y+X2_M3_r1,mini_chocolate_panettone,2,0.965438
FKIT,Y+X2_M3_r1,mini_chocolate_panettone,3,0.966540
FKIT,Y+X2_M3_r1,mini_chocolate_panettone,4,0.963590
FKIT,Y+X2_M3_r1,mini_chocolate_panettone,5,0.963362
FKIT,Y+X2_M3_r1,mini_chocolate_panettone,6,0.964460
FKIT,Y+X2_M3_r1,mini_chocolate_panettone,7,0.963882
FKIT,Y+X2_M3_r1,mini_chocolate_panettone,8,0.962289
FKIT,Y+X2_M3_r1,mini_chocolate_panettone,9,0.960904
FKIT,Y+X2_M3_r1,mini_chocolate_panettone,10,0.962559
FKIT,Y+X2_M3_r1,mini_chocolate_panettone,11,0.963660
FKIT,Y+X2_M3_r1,mini_chocolate_panettone,12,0.965572
FKIT,Y+X2_M3_r1,mini_chocolate_panettone,13,0.962197
FKIT,Y+X2_M3_r1,mini_chocolate_panettone,14,0.973920
FKIT,Y+X2_M3_r1,mini_chocolate_panettone,15,0.972423
FKIT,Y+X2_M3_r1,mini_chocolate_panettone,16,0.970927
FKIT,Y+X2_M3_r1,mini_chocolate_panettone,17,0.970953
FKIT,Y+X2_M3_r1,mini_chocolate_panettone,18,0.971184
FKIT,Y+X2_M3_r1,mini_chocolate_panettone,19,0.971622
FKIT,Y+X2_M3_r1,mini_chocolate_panettone,20,0.970345
FKIT,Y+X2_M3_r1,mini_chocolate_panettone,21,0.970560
FKIT,Y+X2_M3_r1,mini_chocolate_panettone,22,0.971119
FKIT,Y+X2_M3_r1,mini_chocolate_panettone,23,0.971389
FKIT,Y+X2_M3_r1,mini_chocolate_panettone,24,0.971794
FKIT,Y+X2_M3_r1,mini_chocolate_panettone,25,0.970504
FKIT,Y+X2_M3_r1,mini_chocolate_panettone,26,0.970646
FKIT,Y+X2_M3_r1,mini_chocolate_panettone,27,0.970064
FKIT,Y+X2_M3_r1,mini_chocolate_panettone,28,0.967858
FKIT,Y+X2_M3_r1,mini_chocolate_panettone,29,0.970273
FKIT,Y+X2_M3_r1,mini_chocolate_panettone,30,0.968876
FKIT,Y+X2_M3_r1,mini_chocolate_panettone,31,0.971416
FKIT,Y+X2_M3_r1,mini_chocolate_panettone,32,0.969929
FKIT,Y+X2_M3_r1,mini_chocolate_panettone,33,0.970643
FKIT,Y+X2_M3_r1,mini_chocolate_panettone,34,0.971103
FKIT,Y+X2_M3_r1,mini_chocolate_panettone,35,0.970863
FKIT,Y+X2_M3_r1,mini_chocolate_panettone,36,0.970207
FKIT,Y+X2_M3_r1,mini_chocolate_panettone,37,0.970676
FKIT,Y+X2_M3_r1,mini_chocolate_panettone,38,0.968747
FKIT,Y+X2_M3_r1,mini_chocolate_panettone,39,0.969555
FKIT,Y+X2_M3_r1,mini_chocolate_panettone,40,0.972189
FKIT,Y+X2_M3_r1,mini_chocolate_panettone,41,0.974853
FKIT,Y+X2_M3_r1,mini_chocolate_panettone,42,0.974418
FKIT,Y+X2_M3_r1,mini_chocolate_panettone,43,0.971966
FKIT,Y+X2_M3_r1,mini_chocolate_panettone,44,0.976419
FKIT,Y+X2_M3_r1,mini_chocolate_panettone,45,0.974701
FKIT,Y+X2_M3_r1,mini_chocolate_panettone,46,0.973804
FKIT,Y+X2_M3_r1,mini_chocolate_panettone,47,0.974400
FKIT,Y+X2_M3_r1,mini_chocolate_panettone,48,0.977046
FKIT,Y+X2_M3_r1,mini_chocolate_panettone,49,0.975581
FKIT,Y+X2_M3_r1,mini_chocolate_panettone,50,0.976967
FKIT,Y+X2_M3_r1,mini_chocolate_panettone,51,0.973853
FKIT,Y+X2_M3_r1,mini_chocolate_panettone,52,0.975494
FKIT,Y+X2_M3_r1,mini_chocolate_panettone,53,0.975606
FKIT,Y+X2_M3_r1,mini_chocolate_panettone,54,0.975262
FKIT,Y+X2_M3_r1,mini_chocolate_panettone,55,0.974174
FKIT,Y+X2_M3_r1,mini_chocolate_panettone,56,0.975786
FKIT,Y+X2_M3_r1,mini_chocolate_panettone,57,0.977388
FKIT,Y+X2_M3_r1,mini_chocolate_panettone,58,0.978327
FKIT,Y+X2_M3_r1,mini_chocolate_panettone,59,0.977385
FKIT,Y+X2_M3_r1,mini_chocolate_panettone,60,0.980102
FKIT,Y+X2_M3_r1,mini_chocolate_panettone,61,0.977238
FKIT,Y+X2_M3_r1,mini_chocolate_panettone,62,0.977301
FKIT,Y+X2_M3_r1,mini_chocolate_panettone,63,0.978146
FKIT,Y+X2_M3_r1,mini_chocolate_panettone,64,0.981035
FKIT,Y+X2_M3_r1,mini_chocolate_panettone,65,0.980751
FKIT,Y+X2_M3_r1,mini_chocolate_panettone,66,0.979100
FKIT,Y+X2_M3_r1,mini_chocolate_panettone,67,0.977272
FKIT,Y+X2_M3_r1,mini_chocolate_panettone,68,0.977890
FKIT,Y+X2_M3_r1,mini_chocolate_panettone,69,0.976688
FKIT,Y+X2_M3_r1,mini_chocolate_panettone,70,0.975766
FKIT,Y+X2_M3_r1,mini_chocolate_panettone,71,0.978161
FKIT,Y+X2_M3_r1,mini_chocolate_panettone,72,0.978515
FKIT,Y+X2_M3_r1,mini_chocolate_panettone,73,0.979205
FKIT,Y+X2_M3_r1,mini_chocolate_panettone,74,0.980392
FKIT,Y+X2_M3_r1,mini_chocolate_panettone,75,0.980374
FKIT,Y+X2_M3_r1,mini_chocolate_panettone,76,0.978709
FKIT,Y+X2_M3_r1,mini_chocolate_panettone,77,0.977157
FKIT,Y+X2_M3_r1,mini_chocolate_panettone,78,0.981489
FKIT,Y+X2_M3_r1,mini_chocolate_panettone,79,0.978576
FKIT,Y+X2_M3_r1,mini_chocolate_panettone,80,0.980526
FKIT,Y+X2_M3_r1,mini_chocolate_panettone,81,0.978379
FKIT,Y+X2_M3_r1,mini_chocolate_panettone,82,0.981820
FKIT,Y+X2_M3_r1,mini_chocolate_panettone,83,0.981041
FKIT,Y+X2_M3_r1,mini_chocolate_panettone,84,0.981502
FKIT,Y+X2_M3_r1,mini_chocolate_panettone,85,0.980602
FKIT,Y+X2_M3_r1,mini_chocolate_panettone,86,0.982589
FKIT,Y+X2_M3_r1,mini_chocolate_panettone,87,0.980974
FKIT,Y+X2_M3_r1,mini_chocolate_panettone,88,0.982389
FKIT,Y+X2_M3_r1,mini_chocolate_panettone,89,0.981689
FKIT,Y+X2_M3_r1,mini_chocolate_panettone,90,0.983051
FKIT,Y+X2_M3_r1,mini_chocolate_panettone,91,0.982417
FKIT,Y+X2_M3_r1,mini_chocolate_panettone,92,0.982525
FKIT,Y+X2_M3_r1,mini_chocolate_panettone,93,0.982617
FKIT,Y+X2_M3_r1,mini_chocolate_panettone,94,0.984691
FKIT,Y+X2_M3_r1,mini_chocolate_panettone,95,0.983197
FKIT,Y+X2_M3_r1,mini_chocolate_panettone,96,0.983198
FKIT,Y+X2_M3_r1,mini_chocolate_panettone,97,0.982190
FKIT,Y+X2_M3_r1,mini_chocolate_panettone,98,0.982122
FKIT,Y+X2_M3_r1,mini_chocolate_panettone,99,0.983214
FKIT,Y+X2_M3_r1,mini_chocolate_panettone,100,0.982903
FKIT,Y+X2_M3_r1,mini_chocolate_panettone,101,0.982327
FKIT,Y+X2_M3_r1,mini_chocolate_panettone,102,0.982471
FKIT,Y+X2_M3_r1,mini_chocolate_panettone,103,0.983307
FKIT,Y+X2_M3_r1,mini_chocolate_panettone,104,0.984682
FKIT,Y+X2_M3_r1,mini_chocolate_panettone,105,0.982321
FKIT,Y+X2_M3_r1,mini_chocolate_panettone,106,0.983646
FKIT,Y+X2_M3_r1,mini_chocolate_panettone,107,0.983395
FKIT,Y+X2_M3_r1,mini_chocolate_panettone,108,0.984131
FKIT,Y+X2_M3_r1,mini_chocolate_panettone,109,0.982156
FKIT,Y+X2_M3_r1,mini_chocolate_panettone,110,0.984191
FKIT,Y+X2_M3_r1,mini_chocolate_panettone,111,0.980355
FKIT,Y+X2_M3_r1,mini_chocolate_panettone,112,0.982237
FKIT,Y+X2_M3_r1,mini_chocolate_panettone,113,0.983036
FKIT,Y+X2_M3_r1,mini_chocolate_panettone,114,0.981462
FKIT,Y+X2_M3_r1,mini_chocolate_panettone,115,0.982379
FKIT,Y+X2_M3_r1,mini_chocolate_panettone,116,0.985028
FKIT,Y+X2_M3_r1,mini_chocolate_panettone,117,0.982634
FKIT,Y+X2_M3_r1,mini_chocolate_panettone,118,0.981963
FKIT,Y+X2_M3_r1,mini_chocolate_panettone,119,0.983865
FKIT,Y+X2_M3_r1,mini_chocolate_panettone,120,0.981136
FKIT,Y+X2_M3_r1,mini_chocolate_panettone,121,0.980847
FKIT,Y+X2_M3_r1,mini_chocolate_panettone,122,0.983027
FKIT,Y+X2_M3_r1,mini_chocolate_panettone,123,0.982566
FKIT,Y+X2_M3_r1,mini_chocolate_panettone,124,0.985467
FKIT,Y+X2_M3_r1,mini_chocolate_panettone,125,0.985841
FKIT,Y+X2_M3_r1,mini_chocolate_panettone,126,0.982961
FKIT,Y+X2_M3_r1,mini_chocolate_panettone,127,0.983036
FKIT,Y+X2_M3_r1,mini_chocolate_panettone,128,0.984280
FKIT,Y+X2_M3_r1,mini_chocolate_panettone,129,0.985354
FKIT,Y+X2_M3_r1,mini_chocolate_panettone,130,0.984930
FKIT,Y+X2_M3_r1,mini_chocolate_panettone,131,0.984828
FKIT,Y+X2_M3_r1,mini_chocolate_panettone,132,0.985510
FKIT,Y+X2_M3_r1,mini_chocolate_panettone,133,0.984288
FKIT,Y+X2_M3_r1,mini_chocolate_panettone,134,0.986691
FKIT,Y+X2_M3_r1,mini_chocolate_panettone,135,0.985594
FKIT,Y+X2_M3_r1,mini_chocolate_panettone,136,0.984859
FKIT,Y+X2_M3_r1,mini_chocolate_panettone,137,0.986835
FKIT,Y+X2_M3_r1,mini_chocolate_panettone,138,0.983406
FKIT,Y+X2_M3_r1,mini_chocolate_panettone,139,0.983206
FKIT,Y+X2_M3_r1,mini_chocolate_panettone,140,0.984815
FKIT,Y+X2_M3_r1,mini_chocolate_panettone,141,0.983176
FKIT,Y+X2_M3_r1,mini_chocolate_panettone,142,0.985840
FKIT,Y+X2_M3_r1,mini_chocolate_panettone,143,0.987141
FKIT,Y+X2_M3_r1,mini_chocolate_panettone,144,0.986250
FKIT,Y+X2_M3_r1,mini_chocolate_panettone,145,0.984041
FKIT,Y+X2_M3_r1,mini_chocolate_panettone,146,0.984365
FKIT,Y+X2_M3_r1,mini_chocolate_panettone,147,0.986038
FKIT,Y+X2_M3_r1,mini_chocolate_panettone,148,0.985508
FKIT,Y+X2_M3_r1,mini_chocolate_panettone,149,0.986207
FKIT,Y+X2_M3_r1,mini_chocolate_panettone,150,0.985363
FKIT,Y+X2_M3_r1,mini_chocolate_panettone,151,0.983314
FKIT,Y+X2_M3_r1,mini_chocolate_panettone,152,0.984560
FKIT,Y+X2_M3_r1,mini_chocolate_panettone,153,0.985333
FKIT,Y+X2_M3_r1,mini_chocolate_panettone,154,0.984775
FKIT,Y+X2_M3_r1,mini_chocolate_panettone,155,0.983639
FKIT,Y+X2_M3_r1,mini_chocolate_panettone,156,0.985583
FKIT,Y+X2_M3_r1,mini_chocolate_panettone,157,0.984182
FKIT,Y+X2_M3_r1,mini_chocolate_panettone,158,0.981824
FKIT,Y+X2_M3_r1,mini_chocolate_panettone,159,0.981303
FKIT,Y+X2_M3_r1,mini_chocolate_panettone,160,0.982916
FKIT,Y+X2_M3_r1,mini_chocolate_panettone,161,0.981368
FKIT,Y+X2_M3_r1,mini_chocolate_panettone,162,0.982851
FKIT,Y+X2_M3_r1,mini_chocolate_panettone,163,0.985705
FKIT,Y+X2_M3_r1,mini_chocolate_panettone,164,0.986231
FKIT,Y+X2_M3_r1,mini_chocolate_panettone,165,0.984652
FKIT,Y+X2_M3_r1,mini_chocolate_panettone,166,0.983601
FKIT,Y+X2_M3_r1,mini_chocolate_panettone,167,0.984399
FKIT,Y+X2_M3_r1,mini_chocolate_panettone,168,0.984587
FKIT,Y+X2_M3_r1,mini_chocolate_panettone,169,0.986266
FKIT,Y+X2_M3_r1,mini_chocolate_panettone,170,0.986190
FKIT,Y+X2_M3_r1,mini_chocolate_panettone,171,0.983641
FKIT,Y+X2_M3_r1,mini_chocolate_panettone,172,0.984717
FKIT,Y+X2_M3_r1,mini_chocolate_panettone,173,0.983208
FKIT,Y+X2_M3_r1,mini_chocolate_panettone,174,0.984567
FKIT,Y+X2_M3_r1,mini_chocolate_panettone,175,0.985619
FKIT,Y+X2_M3_r1,mini_chocolate_panettone,176,0.984033
FKIT,Y+X2_M3_r1,mini_chocolate_panettone,177,0.984132
FKIT,Y+X2_M3_r1,mini_chocolate_panettone,178,0.984711
FKIT,Y+X2_M3_r1,mini_chocolate_panettone,179,0.984778
FKIT,Y+X2_M3_r1,mini_chocolate_panettone,180,0.982866
FKIT,Y+X2_M3_r1,mini_chocolate_panettone,181,0.983075
FKIT,Y+X2_M3_r1,mini_chocolate_panettone,182,0.985106
FKIT,Y+X2_M3_r1,mini_chocolate_panettone,183,0.985610
FKIT,Y+X2_M3_r1,mini_chocolate_panettone,184,0.986091
FKIT,Y+X2_M3_r1,mini_chocolate_panettone,185,0.986843
FKIT,Y+X2_M3_r1,mini_chocolate_panettone,186,0.987688
FKIT,Y+X2_M3_r1,mini_chocolate_panettone,187,0.986031
FKIT,Y+X2_M3_r1,mini_chocolate_panettone,188,0.984050
FKIT,Y+X2_M3_r1,mini_chocolate_panettone,189,0.983969
FKIT,Y+X2_M3_r1,mini_chocolate_panettone,190,0.985511
FKIT,Y+X2_M3_r1,mini_chocolate_panettone,191,0.983951
FKIT,Y+X2_M3_r1,mini_chocolate_panettone,192,0.985387
FKIT,Y+X2_M3_r1,mini_chocolate_panettone,193,0.984850
FKIT,Y+X2_M3_r1,mini_chocolate_panettone,194,0.986027
FKIT,Y+X2_M3_r1,mini_chocolate_panettone,195,0.987422
FKIT,Y+X2_M3_r1,mini_chocolate_panettone,196,0.988752
FKIT,Y+X2_M3_r1,mini_chocolate_panettone,197,0.986045
FKIT,Y+X2_M3_r1,mini_chocolate_panettone,198,0.985890
FKIT,Y+X2_M3_r1,mini_chocolate_panettone,199,0.986622
FKIT,Y+X2_M3_r1,mini_chocolate_panettone,200,0.986928
FKIT,Y+X2_M3_r1,mini_chocolate_panettone,201,0.985240
FKIT,Y+X2_M3_r1,mini_chocolate_panettone,202,0.985411
FKIT,Y+X2_M3_r1,mini_chocolate_panettone,203,0.985201
FKIT,Y+X2_M3_r1,mini_chocolate_panettone,204,0.986792
FKIT,Y+X2_M3_r1,mini_chocolate_panettone,205,0.986319
FKIT,Y+X2_M3_r1,mini_chocolate_panettone,206,0.987181
FKIT,Y+X2_M3_r1,mini_chocolate_panettone,207,0.986032
FKIT,Y+X2_M3_r1,mini_chocolate_panettone,208,0.985393
FKIT,Y+X2_M3_r1,mini_chocolate_panettone,209,0.988159
FKIT,Y+X2_M3_r1,mini_chocolate_panettone,210,0.984835
FKIT,Y+X2_M3_r1,mini_chocolate_panettone,211,0.983689
FKIT,Y+X2_M3_r1,mini_chocolate_panettone,212,0.982865
FKIT,Y+X2_M3_r1,mini_chocolate_panettone,213,0.980893
FKIT,Y+X2_M3_r1,mini_chocolate_panettone,214,0.985298
FKIT,Y+X2_M3_r1,mini_chocolate_panettone,215,0.983045
FKIT,Y+X2_M3_r1,mini_chocolate_panettone,216,0.983473
FKIT,Y+X2_M3_r1,mini_chocolate_panettone,217,0.982422
FKIT,Y+X2_M3_r1,mini_chocolate_panettone,218,0.982948
FKIT,Y+X2_M3_r1,mini_chocolate_panettone,219,0.984541
FKIT,Y+X2_M3_r1,mini_chocolate_panettone,220,0.980621
FKIT,Y+X2_M3_r1,mini_chocolate_panettone,221,0.981452
FKIT,Y+X2_M3_r1,mini_chocolate_panettone,222,0.981588
FKIT,Y+X2_M3_r1,mini_chocolate_panettone,223,0.983332
FKIT,Y+X2_M3_r1,mini_chocolate_panettone,224,0.984820
FKIT,Y+X2_M3_r1,mini_chocolate_panettone,225,0.985526
FKIT,Y+X2_M3_r1,mini_chocolate_panettone,226,0.983990
FKIT,Y+X2_M3_r1,mini_chocolate_panettone,227,0.986106
FKIT,Y+X2_M3_r1,mini_chocolate_panettone,228,0.987329
FKIT,Y+X2_M3_r1,mini_chocolate_panettone,229,0.982326
FKIT,Y+X2_M3_r1,mini_chocolate_panettone,230,0.982930
FKIT,Y+X2_M3_r1,mini_chocolate_panettone,231,0.982242
FKIT,Y+X2_M3_r1,mini_chocolate_panettone,232,0.983391
FKIT,Y+X2_M3_r1,mini_chocolate_panettone,233,0.983853
FKIT,Y+X2_M3_r1,mini_chocolate_panettone,234,0.986752
FKIT,Y+X2_M3_r1,mini_chocolate_panettone,235,0.984225
FKIT,Y+X2_M3_r1,mini_chocolate_panettone,236,0.982799
FKIT,Y+X2_M3_r1,mini_chocolate_panettone,237,0.984936
FKIT,Y+X2_M3_r1,mini_chocolate_panettone,238,0.983392
FKIT,Y+X2_M3_r1,mini_chocolate_panettone,239,0.984835
FKIT,Y+X2_M3_r1,mini_chocolate_panettone,240,0.984747
FKIT,Y+X2_M3_r1,mini_chocolate_panettone,241,0.982915
FKIT,Y+X2_M3_r1,mini_chocolate_panettone,242,0.985745
FKIT,Y+X2_M3_r1,mini_chocolate_panettone,243,0.987687
FKIT,Y+X2_M3_r1,mini_chocolate_panettone,244,0.985388
FKIT,Y+X2_M3_r1,mini_chocolate_panettone,245,0.986613
FKIT,Y+X2_M3_r1,mini_chocolate_panettone,246,0.985560
FKIT,Y+X2_M3_r1,mini_chocolate_panettone,247,0.986869
FKIT,Y+X2_M3_r1,mini_chocolate_panettone,248,0.986885
FKIT,Y+X2_M3_r1,mini_chocolate_panettone,249,0.986323
FKIT,Y+X2_M3_r1,mini_chocolate_panettone,250,0.984540
FKIT,Y+X2_M3_r1,mini_chocolate_panettone,251,0.983332
FKIT,Y+X2_M3_r1,mini_chocolate_panettone,252,0.984753
FKIT,Y+X2_M3_r1,mini_chocolate_panettone,253,0.984059
FKIT,Y+X2_M3_r1,mini_chocolate_panettone,254,0.986427
FKIT,Y+X2_M3_r1,mini_chocolate_panettone,255,0.987306
FKIT,Y+X2_M3_r1,mini_chocolate_panettone,256,0.984559
FKIT,Y+X2_M3_r1,mini_chocolate_panettone,257,0.986771
FKIT,Y+X2_M3_r1,mini_chocolate_panettone,258,0.984635
FKIT,Y+X2_M3_r1,mini_chocolate_panettone,259,0.987177
FKIT,Y+X2_M3_r1,mini_chocolate_panettone,260,0.984993
FKIT,Y+X2_M3_r1,mini_chocolate_panettone,261,0.984307
FKIT,Y+X2_M3_r1,mini_chocolate_panettone,262,0.984715
FKIT,Y+X2_M3_r1,mini_chocolate_panettone,263,0.985203
FKIT,Y+X2_M3_r1,mini_chocolate_panettone,264,0.986326
FKIT,Y+X2_M3_r1,mini_chocolate_panettone,265,0.986500
FKIT,Y+X2_M3_r1,mini_chocolate_panettone,266,0.985978
FKIT,Y+X2_M3_r1,mini_chocolate_panettone,267,0.988069
FKIT,Y+X2_M3_r1,mini_chocolate_panettone,268,0.987342
FKIT,Y+X2_M3_r1,mini_chocolate_panettone,269,0.985579
FKIT,Y+X2_M3_r1,mini_chocolate_panettone,270,0.986441
FKIT,Y+X2_M3_r1,mini_chocolate_panettone,271,0.984567
FKIT,Y+X2_M3_r1,mini_chocolate_panettone,272,0.985599
FKIT,Y+X2_M3_r1,mini_chocolate_panettone,273,0.986959
FKIT,Y+X2_M3_r1,mini_chocolate_panettone,274,0.988030
FKIT,Y+X2_M3_r1,mini_chocolate_panettone,275,0.987557
FKIT,Y+X2_M3_r1,mini_chocolate_panettone,276,0.986483
FKIT,Y+X2_M3_r1,mini_chocolate_panettone,277,0.986468
FKIT,Y+X2_M3_r1,mini_chocolate_panettone,278,0.986937
FKIT,Y+X2_M3_r1,mini_chocolate_panettone,279,0.987197
FKIT,Y+X2_M3_r1,mini_chocolate_panettone,280,0.985775
FKIT,Y+X2_M3_r1,mini_chocolate_panettone,281,0.988512
FKIT,Y+X2_M3_r1,mini_chocolate_panettone,282,0.989258
FKIT,Y+X2_M3_r1,mini_chocolate_panettone,283,0.988515
FKIT,Y+X2_M3_r1,mini_chocolate_panettone,284,0.988851
FKIT,Y+X2_M3_r1,mini_chocolate_panettone,285,0.987039
FKIT,Y+X2_M3_r1,mini_chocolate_panettone,286,0.985578
FKIT,Y+X2_M3_r1,mini_chocolate_panettone,287,0.985333
FKIT,Y+X2_M3_r1,mini_chocolate_panettone,288,0.984992
FKIT,Y+X2_M3_r1,mini_chocolate_panettone,289,0.986600
FKIT,Y+X2_M3_r1,mini_chocolate_panettone,290,0.987007
FKIT,Y+X2_M3_r1,mini_chocolate_panettone,291,0.985384
FKIT,Y+X2_M3_r1,mini_chocolate_panettone,292,0.988330
FKIT,Y+X2_M3_r1,mini_chocolate_panettone,293,0.988886
FKIT,Y+X2_M3_r1,mini_chocolate_panettone,294,0.986178
FKIT,Y+X2_M3_r1,mini_chocolate_panettone,295,0.987966
FKIT,Y+X2_M3_r1,mini_chocolate_panettone,296,0.988518
FKIT,Y+X2_M3_r1,mini_chocolate_panettone,297,0.988870
FKIT,Y+X2_M3_r1,mini_chocolate_panettone,298,0.985776
FKIT,Y+X2_M3_r1,mini_chocolate_panettone,299,0.984606
FKIT,Y+X2_M3_r1,mini_chocolate_panettone,300,0.986474
FKIT,Y+X2_M3_r1,mini_chocolate_panettone,301,0.987009
FKIT,Y+X2_M3_r1,mini_chocolate_panettone,302,0.986999
FKIT,Y+X2_M3_r1,mini_chocolate_panettone,303,0.987496
FKIT,Y+X2_M3_r1,mini_chocolate_panettone,304,0.989517
FKIT,Y+X2_M3_r1,mini_chocolate_panettone,305,0.989609
FKIT,Y+X2_M3_r1,mini_chocolate_panettone,306,0.989210
FKIT,Y+X2_M3_r1,mini_chocolate_panettone,307,0.986022
FKIT,Y+X2_M3_r1,mini_chocolate_panettone,308,0.988415
FKIT,Y+X2_M3_r1,mini_chocolate_panettone,309,0.987252
FKIT,Y+X2_M3_r1,mini_chocolate_panettone,310,0.988557
FKIT,Y+X2_M3_r1,mini_chocolate_panettone,311,0.988046
FKIT,Y+X2_M3_r1,mini_chocolate_panettone,312,0.989624
FKIT,Y+X2_M3_r1,mini_chocolate_panettone,313,0.987505
FKIT,Y+X2_M3_r1,mini_chocolate_panettone,314,0.987995
FKIT,Y+X2_M3_r1,mini_chocolate_panettone,315,0.986737
FKIT,Y+X2_M3_r1,mini_chocolate_panettone,316,0.985881
FKIT,Y+X2_M3_r1,mini_chocolate_panettone,317,0.986910
FKIT,Y+X2_M3_r1,mini_chocolate_panettone,318,0.986492
FKIT,Y+X2_M3_r1,mini_chocolate_panettone,319,0.989030
FKIT,Y+X2_M3_r1,mini_chocolate_panettone,320,0.985927
FKIT,Y+X2_M3_r1,mini_chocolate_panettone,321,0.984360
FKIT,Y+X2_M3_r1,mini_chocolate_panettone,322,0.987962
FKIT,Y+X2_M3_r1,mini_chocolate_panettone,323,0.985973
FKIT,Y+X2_M3_r1,mini_chocolate_panettone,324,0.985764
FKIT,Y+X2_M3_r1,mini_chocolate_panettone,325,0.985199
FKIT,Y+X2_M3_r1,mini_chocolate_panettone,326,0.984953
FKIT,Y+X2_M3_r1,mini_chocolate_panettone,327,0.984876
FKIT,Y+X2_M3_r1,mini_chocolate_panettone,328,0.985981
FKIT,Y+X2_M3_r1,mini_chocolate_panettone,329,0.983754
FKIT,Y+X2_M3_r1,mini_chocolate_panettone,330,0.982095
FKIT,Y+X2_M3_r1,mini_chocolate_panettone,331,0.983226
FKIT,Y+X2_M3_r1,mini_chocolate_panettone,332,0.981465
FKIT,Y+X2_M3_r1,mini_chocolate_panettone,333,0.981592
FKIT,Y+X2_M3_r1,mini_chocolate_panettone,334,0.985194
FKIT,Y+X2_M3_r1,mini_chocolate_panettone,335,0.982069
FKIT,Y+X2_M3_r1,mini_chocolate_panettone,336,0.983172
FKIT,Y+X2_M3_r1,mini_chocolate_panettone,337,0.983862
FKIT,Y+X2_M3_r1,mini_chocolate_panettone,338,0.984011
FKIT,Y+X2_M3_r1,mini_chocolate_panettone,339,0.984103
FKIT,Y+X2_M3_r1,mini_chocolate_panettone,340,0.984659
FKIT,Y+X2_M3_r1,mini_chocolate_panettone,341,0.983229
FKIT,Y+X2_M3_r1,mini_chocolate_panettone,342,0.983018
FKIT,Y+X2_M3_r1,mini_chocolate_panettone,343,0.984191
FKIT,Y+X2_M3_r1,mini_chocolate_panettone,344,0.986500
FKIT,Y+X2_M3_r1,mini_chocolate_panettone,345,0.987020
FKIT,Y+X2_M3_r1,mini_chocolate_panettone,346,0.985933
FKIT,Y+X2_M3_r1,mini_chocolate_panettone,347,0.985473
FKIT,Y+X2_M3_r1,mini_chocolate_panettone,348,0.984280
FKIT,Y+X2_M3_r1,mini_chocolate_panettone,349,0.984629
FKIT,Y+X2_M3_r1,mini_chocolate_panettone,350,0.985299
FKIT,Y+X2_M3_r1,mini_chocolate_panettone,351,0.985025
FKIT,Y+X2_M3_r1,mini_chocolate_panettone,352,0.985710
FKIT,Y+X2_M3_r1,mini_chocolate_panettone,353,0.987045
FKIT,Y+X2_M3_r1,mini_chocolate_panettone,354,0.986454
FKIT,Y+X2_M3_r1,mini_chocolate_panettone,355,0.987669
FKIT,Y+X2_M3_r1,mini_chocolate_panettone,356,0.987226
FKIT,Y+X2_M3_r1,mini_chocolate_panettone,357,0.984000
FKIT,Y+X2_M3_r1,mini_chocolate_panettone,358,0.984278
FKIT,Y+X2_M3_r1,mini_chocolate_panettone,359,0.983197
FKIT,Y+X2_M3_r1,mini_chocolate_panettone,360,0.983530
FKIT,Y+X2_M3_r1,mini_chocolate_panettone,361,0.985221
FKIT,Y+X2_M3_r1,mini_chocolate_panettone,362,0.982654
FKIT,Y+X2_M3_r1,mini_chocolate_panettone,363,0.981003
FKIT,Y+X2_M3_r1,mini_chocolate_panettone,364,0.983484
FKIT,Y+X2_M3_r1,mini_chocolate_panettone,365,0.981126
FKIT,Y+X2_M3_r1,mini_chocolate_panettone,366,0.981957
FKIT,Y+X2_M3_r1,mini_chocolate_panettone,367,0.984231
FKIT,Y+X2_M3_r1,mini_chocolate_panettone,368,0.982593
FKIT,Y+X2_M3_r1,mini_chocolate_panettone,369,0.983072
FKIT,Y+X2_M3_r1,mini_chocolate_panettone,370,0.983703
FKIT,Y+X2_M3_r1,mini_chocolate_panettone,371,0.983748
FKIT,Y+X2_M3_r1,mini_chocolate_panettone,372,0.984752
FKIT,Y+X2_M3_r1,mini_chocolate_panettone,373,0.985903
FKIT,Y+X2_M3_r1,mini_chocolate_panettone,374,0.985316
FKIT,Y+X2_M3_r1,mini_chocolate_panettone,375,0.983173
FKIT,Y+X2_M3_r1,mini_chocolate_panettone,376,0.983798
FKIT,Y+X2_M3_r1,mini_chocolate_panettone,377,0.985750
FKIT,Y+X2_M3_r1,mini_chocolate_panettone,378,0.983027
FKIT,Y+X2_M3_r1,mini_chocolate_panettone,379,0.983295
FKIT,Y+X2_M3_r1,mini_chocolate_panettone,380,0.984011
FKIT,Y+X2_M3_r1,mini_chocolate_panettone,381,0.984211
FKIT,Y+X2_M3_r1,mini_chocolate_panettone,382,0.985422
FKIT,Y+X2_M3_r1,mini_chocolate_panettone,383,0.986478
FKIT,Y+X2_M3_r1,mini_chocolate_panettone,384,0.986310
FKIT,Y+X2_M3_r1,mini_chocolate_panettone,385,0.985817
FKIT,Y+X2_M3_r1,mini_chocolate_panettone,386,0.985945
FKIT,Y+X2_M3_r1,mini_chocolate_panettone,387,0.982833
FKIT,Y+X2_M3_r1,mini_chocolate_panettone,388,0.984872
FKIT,Y+X2_M3_r1,mini_chocolate_panettone,389,0.984140
FKIT,Y+X2_M3_r1,mini_chocolate_panettone,390,0.985080
FKIT,Y+X2_M3_r1,mini_chocolate_panettone,391,0.984297
FKIT,Y+X2_M3_r1,mini_chocolate_panettone,392,0.984366
FKIT,Y+X2_M3_r1,mini_chocolate_panettone,393,0.983607
FKIT,Y+X2_M3_r1,mini_chocolate_panettone,394,0.985682
FKIT,Y+X2_M3_r1,mini_chocolate_panettone,395,0.984327
FKIT,Y+X2_M3_r1,mini_chocolate_panettone,396,0.983619
FKIT,Y+X2_M3_r1,mini_chocolate_panettone,397,0.984276
FKIT,Y+X2_M3_r1,mini_chocolate_panettone,398,0.983034
FKIT,Y+X2_M3_r1,mini_chocolate_panettone,399,0.983619
FKIT,Y+X2_M3_r1,mini_chocolate_panettone,400,0.982272
FKIT,Y+X2_M3_r1,mini_chocolate_panettone,401,0.983035
FKIT,Y+X2_M3_r1,mini_chocolate_panettone,402,0.982000
FKIT,Y+X2_M3_r1,mini_chocolate_panettone,403,0.983490
FKIT,Y+X2_M3_r1,mini_chocolate_panettone,404,0.986325
FKIT,Y+X2_M3_r1,mini_chocolate_panettone,405,0.984813
FKIT,Y+X2_M3_r1,mini_chocolate_panettone,406,0.985151
FKIT,Y+X2_M3_r1,mini_chocolate_panettone,407,0.984785
FKIT,Y+X2_M3_r1,mini_chocolate_panettone,408,0.985183
FKIT,Y+X2_M3_r1,mini_chocolate_panettone,409,0.985235
FKIT,Y+X2_M3_r1,mini_chocolate_panettone,410,0.984457
FKIT,Y+X2_M3_r1,mini_chocolate_panettone,411,0.985513
FKIT,Y+X2_M3_r1,mini_chocolate_panettone,412,0.985279
FKIT,Y+X2_M3_r1,mini_chocolate_panettone,413,0.984687
FKIT,Y+X2_M3_r1,mini_chocolate_panettone,414,0.984741
FKIT,Y+X2_M3_r1,mini_chocolate_panettone,415,0.984534
FKIT,Y+X2_M3_r1,mini_chocolate_panettone,416,0.986244
FKIT,Y+X2_M3_r1,mini_chocolate_panettone,417,0.984726
FKIT,Y+X2_M3_r1,mini_chocolate_panettone,418,0.983427
FKIT,Y+X2_M3_r1,mini_chocolate_panettone,419,0.983783
FKIT,Y+X2_M3_r1,mini_chocolate_panettone,420,0.983069
FKIT,Y+X2_M3_r1,mini_chocolate_panettone,421,0.982517
FKIT,Y+X2_M3_r1,mini_chocolate_panettone,422,0.982324
FKIT,Y+X2_M3_r1,mini_chocolate_panettone,423,0.978939
FKIT,Y+X2_M3_r1,mini_chocolate_panettone,424,0.987296
FKIT,Y+X2_M3_r1,mini_chocolate_panettone,425,0.983237
FKIT,Y+X2_M3_r1,mini_chocolate_panettone,426,0.985017
FKIT,Y+X2_M3_r1,mini_chocolate_panettone,427,0.983358
FKIT,Y+X2_M3_r1,mini_chocolate_panettone,428,0.983525
FKIT,Y+X2_M3_r1,mini_chocolate_panettone,429,0.983555
FKIT,Y+X2_M3_r1,mini_chocolate_panettone,430,0.983865
FKIT,Y+X2_M3_r1,mini_chocolate_panettone,431,0.982049
FKIT,Y+X2_M3_r1,mini_chocolate_panettone,432,0.982967
FKIT,Y+X2_M3_r1,mini_chocolate_panettone,433,0.982426
FKIT,Y+X2_M3_r1,mini_chocolate_panettone,434,0.984872
FKIT,Y+X2_M3_r1,mini_chocolate_panettone,435,0.982889
FKIT,Y+X2_M3_r1,mini_chocolate_panettone,436,0.983351
FKIT,Y+X2_M3_r1,mini_chocolate_panettone,437,0.983604
FKIT,Y+X2_M3_r1,mini_chocolate_panettone,438,0.984626
FKIT,Y+X2_M3_r1,mini_chocolate_panettone,439,0.984438
FKIT,Y+X2_M3_r1,mini_chocolate_panettone,440,0.984340
FKIT,Y+X2_M3_r1,mini_chocolate_panettone,441,0.983745
FKIT,Y+X2_M3_r1,mini_chocolate_panettone,442,0.983499
FKIT,Y+X2_M3_r1,mini_chocolate_panettone,443,0.982636
FKIT,Y+X2_M3_r1,mini_chocolate_panettone,444,0.985718
FKIT,Y+X2_M3_r1,mini_chocolate_panettone,445,0.986860
FKIT,Y+X2_M3_r1,mini_chocolate_panettone,446,0.985693
FKIT,Y+X2_M3_r1,mini_chocolate_panettone,447,0.984825
FKIT,Y+X2_M3_r1,mini_chocolate_panettone,448,0.985274
FKIT,Y+X2_M3_r1,mini_chocolate_panettone,449,0.985025
FKIT,Y+X2_M3_r1,mini_chocolate_panettone,450,0.984215
FKIT,Y+X2_M3_r1,mini_chocolate_panettone,451,0.982453
FKIT,Y+X2_M3_r1,mini_chocolate_panettone,452,0.983750
FKIT,Y+X2_M3_r1,mini_chocolate_panettone,453,0.984011
FKIT,Y+X2_M3_r1,mini_chocolate_panettone,454,0.986251
FKIT,Y+X2_M3_r1,mini_chocolate_panettone,455,0.986198
FKIT,Y+X2_M3_r1,mini_chocolate_panettone,456,0.984620
FKIT,Y+X2_M3_r1,mini_chocolate_panettone,457,0.984625
FKIT,Y+X2_M3_r1,mini_chocolate_panettone,458,0.983770
FKIT,Y+X2_M3_r1,mini_chocolate_panettone,459,0.983864
FKIT,Y+X2_M3_r1,mini_chocolate_panettone,460,0.984416
FKIT,Y+X2_M3_r1,mini_chocolate_panettone,461,0.984310
FKIT,Y+X2_M3_r1,mini_chocolate_panettone,462,0.984193
FKIT,Y+X2_M3_r1,mini_chocolate_panettone,463,0.983932
FKIT,Y+X2_M3_r1,mini_chocolate_panettone,464,0.984984
FKIT,Y+X2_M3_r1,mini_chocolate_panettone,465,0.983532
FKIT,Y+X2_M3_r1,mini_chocolate_panettone,466,0.983358
FKIT,Y+X2_M3_r1,mini_chocolate_panettone,467,0.984770
FKIT,Y+X2_M3_r1,mini_chocolate_panettone,468,0.982396
FKIT,Y+X2_M3_r1,mini_chocolate_panettone,469,0.982891
FKIT,Y+X2_M3_r1,mini_chocolate_panettone,470,0.982607
FKIT,Y+X2_M3_r1,mini_chocolate_panettone,471,0.983432
FKIT,Y+X2_M3_r1,mini_chocolate_panettone,472,0.983046
FKIT,Y+X2_M3_r1,mini_chocolate_panettone,473,0.983553
FKIT,Y+X2_M3_r1,mini_chocolate_panettone,474,0.985875
FKIT,Y+X2_M3_r1,mini_chocolate_panettone,475,0.983596
FKIT,Y+X2_M3_r1,mini_chocolate_panettone,476,0.985766
FKIT,Y+X2_M3_r1,mini_chocolate_panettone,477,0.982705
FKIT,Y+X2_M3_r1,mini_chocolate_panettone,478,0.982717
FKIT,Y+X2_M3_r1,mini_chocolate_panettone,479,0.983894
FKIT,Y+X2_M3_r1,mini_chocolate_panettone,480,0.984422
FKIT,Y+X2_M3_r1,mini_chocolate_panettone,481,0.983697
FKIT,Y+X2_M3_r1,mini_chocolate_panettone,482,0.982619
FKIT,Y+X2_M3_r1,mini_chocolate_panettone,483,0.983155
FKIT,Y+X2_M3_r1,mini_chocolate_panettone,484,0.986312
FKIT,Y+X2_M3_r1,mini_chocolate_panettone,485,0.984424
FKIT,Y+X2_M3_r1,mini_chocolate_panettone,486,0.983299
FKIT,Y+X2_M3_r1,mini_chocolate_panettone,487,0.983490
FKIT,Y+X2_M3_r1,mini_chocolate_panettone,488,0.983031
FKIT,Y+X2_M3_r1,mini_chocolate_panettone,489,0.983156
FKIT,Y+X2_M3_r1,mini_chocolate_panettone,490,0.982187
FKIT,Y+X2_M3_r1,mini_chocolate_panettone,491,0.981390
FKIT,Y+X2_M3_r1,mini_chocolate_panettone,492,0.981739
FKIT,Y+X2_M3_r1,mini_chocolate_panettone,493,0.981886
FKIT,Y+X2_M3_r1,mini_chocolate_panettone,494,0.983689
FKIT,Y+X2_M3_r1,mini_chocolate_panettone,495,0.983562
FKIT,Y+X2_M3_r1,mini_chocolate_panettone,496,0.983481
FKIT,Y+X2_M3_r1,mini_chocolate_panettone,497,0.982826
FKIT,Y+X2_M3_r1,mini_chocolate_panettone,498,0.982276
FKIT,Y+X2_M3_r1,mini_chocolate_panettone,499,0.981570
FKIT,Y+X2_M3_r1,mini_chocolate_panettone,500,0.980504
FKIT,Y+X2_M3_r1,mini_chocolate_panettone,501,0.980777
FKIT,Y+X2_M3_r1,mini_chocolate_panettone,502,0.981302
FKIT,Y+X2_M3_r1,mini_chocolate_panettone,503,0.980500
FKIT,Y+X2_M3_r1,mini_chocolate_panettone,504,0.983757
FKIT,Y+X2_M3_r1,mini_chocolate_panettone,505,0.983607
FKIT,Y+X2_M3_r1,mini_chocolate_panettone,506,0.981715
FKIT,Y+X2_M3_r1,mini_chocolate_panettone,507,0.981411
FKIT,Y+X2_M3_r1,mini_chocolate_panettone,508,0.984228
FKIT,Y+X2_M3_r1,mini_chocolate_panettone,509,0.979119
FKIT,Y+X2_M3_r1,mini_chocolate_panettone,510,0.981516
FKIT,Y+X2_M3_r1,mini_chocolate_panettone,511,0.981286
FKIT,Y+X2_M3_r1,mini_chocolate_panettone,512,0.981446
FKIT,Y+X2_M3_r1,mini_chocolate_panettone,513,0.978913
FKIT,Y+X2_M3_r1,mini_chocolate_panettone,514,0.979860
FKIT,Y+X2_M3_r1,mini_chocolate_panettone,515,0.979643
FKIT,Y+X2_M3_r1,mini_chocolate_panettone,516,0.979692
FKIT,Y+X2_M3_r1,mini_chocolate_panettone,517,0.980199
FKIT,Y+X2_M3_r1,mini_chocolate_panettone,518,0.979222
FKIT,Y+X2_M3_r1,mini_chocolate_panettone,519,0.978053
FKIT,Y+X2_M3_r1,mini_chocolate_panettone,520,0.980422
FKIT,Y+X2_M3_r1,mini_chocolate_panettone,521,0.978984
FKIT,Y+X2_M3_r1,mini_chocolate_panettone,522,0.979029
FKIT,Y+X2_M3_r1,mini_chocolate_panettone,523,0.978270
FKIT,Y+X2_M3_r1,mini_chocolate_panettone,524,0.979193
FKIT,Y+X2_M3_r1,mini_chocolate_panettone,525,0.981613
FKIT,Y+X2_M3_r1,mini_chocolate_panettone,526,0.982408
FKIT,Y+X2_M3_r1,mini_chocolate_panettone,527,0.980622
FKIT,Y+X2_M3_r1,mini_chocolate_panettone,528,0.981311
FKIT,Y+X2_M3_r1,mini_chocolate_panettone,529,0.981596
FKIT,Y+X2_M3_r1,mini_chocolate_panettone,530,0.984196
FKIT,Y+X2_M3_r1,mini_chocolate_panettone,531,0.980860
FKIT,Y+X2_M3_r1,mini_chocolate_panettone,532,0.981954
FKIT,Y+X2_M3_r1,mini_chocolate_panettone,533,0.983074
FKIT,Y+X2_M3_r1,mini_chocolate_panettone,534,0.982987
FKIT,Y+X2_M3_r1,mini_chocolate_panettone,535,0.982468
FKIT,Y+X2_M3_r1,mini_chocolate_panettone,536,0.979908
FKIT,Y+X2_M3_r1,mini_chocolate_panettone,537,0.980420
FKIT,Y+X2_M3_r1,mini_chocolate_panettone,538,0.982538
FKIT,Y+X2_M3_r1,mini_chocolate_panettone,539,0.981315
FKIT,Y+X2_M3_r1,mini_chocolate_panettone,540,0.980956
FKIT,Y+X2_M3_r1,mini_chocolate_panettone,541,0.978969
FKIT,Y+X2_M3_r1,mini_chocolate_panettone,542,0.977862
FKIT,Y+X2_M3_r1,mini_chocolate_panettone,543,0.979560
FKIT,Y+X2_M3_r1,mini_chocolate_panettone,544,0.979899
FKIT,Y+X2_M3_r1,mini_chocolate_panettone,545,0.978721
FKIT,Y+X2_M3_r1,mini_chocolate_panettone,546,0.975775
FKIT,Y+X2_M3_r1,mini_chocolate_panettone,547,0.974318
FKIT,Y+X2_M3_r1,mini_chocolate_panettone,548,0.973896
FKIT,Y+X2_M3_r1,mini_chocolate_panettone,549,0.974269
FKIT,Y+X2_M3_r1,mini_chocolate_panettone,550,0.972485
FKIT,Y+X2_M3_r1,mini_chocolate_panettone,551,0.974254
FKIT,Y+X2_M3_r1,mini_chocolate_panettone,552,0.973245
FKIT,Y+X2_M3_r1,mini_chocolate_panettone,553,0.973089
FKIT,Y+X2_M3_r1,mini_chocolate_panettone,554,0.976428
FKIT,Y+X2_M3_r1,mini_chocolate_panettone,555,0.970946
FKIT,Y+X2_M3_r1,mini_chocolate_panettone,556,0.971339
FKIT,Y+X2_M3_r1,mini_chocolate_panettone,557,0.970058
FKIT,Y+X2_M3_r1,mini_chocolate_panettone,558,0.972556
FKIT,Y+X2_M3_r1,mini_chocolate_panettone,559,0.969119
FKIT,Y+X2_M3_r1,mini_chocolate_panettone,560,0.969395
FKIT,Y+X2_M3_r1,mini_chocolate_panettone,561,0.972042
FKIT,Y+X2_M3_r1,mini_chocolate_panettone,562,0.973260
FKIT,Y+X2_M3_r1,mini_chocolate_panettone,563,0.969872
FKIT,Y+X2_M3_r1,mini_chocolate_panettone,564,0.970825
FKIT,Y+X2_M3_r1,mini_chocolate_panettone,565,0.970528
FKIT,Y+X2_M3_r1,mini_chocolate_panettone,566,0.966768
FKIT,Y+X2_M3_r1,mini_chocolate_panettone,567,0.970565
FKIT,Y+X2_M3_r1,mini_chocolate_panettone,568,0.970381
FKIT,Y+X2_M3_r1,mini_chocolate_panettone,569,0.970645
FKIT,Y+X2_M3_r1,mini_chocolate_panettone,570,0.968975
FKIT,Y+X2_M3_r1,mini_chocolate_panettone,571,0.972575
FKIT,Y+X2_M3_r1,mini_chocolate_panettone,572,0.973481
FKIT,Y+X2_M3_r1,mini_chocolate_panettone,573,0.971767
FKIT,Y+X2_M3_r1,mini_chocolate_panettone,574,0.973061
FKIT,Y+X2_M3_r1,mini_chocolate_panettone,575,0.973035
FKIT,Y+X2_M3_r1,mini_chocolate_panettone,576,0.971196
FKIT,Y+X2_M3_r1,mini_chocolate_panettone,577,0.970690
FKIT,Y+X2_M3_r1,mini_chocolate_panettone,578,0.973373
FKIT,Y+X2_M3_r1,mini_chocolate_panettone,579,0.972457
FKIT,Y+X2_M3_r1,mini_chocolate_panettone,580,0.972687
FKIT,Y+X2_M3_r1,mini_chocolate_panettone,581,0.972462
FKIT,Y+X2_M3_r1,mini_chocolate_panettone,582,0.970162
FKIT,Y+X2_M3_r1,mini_chocolate_panettone,583,0.972505
FKIT,Y+X2_M3_r1,mini_chocolate_panettone,584,0.974490
FKIT,Y+X2_M3_r1,mini_chocolate_panettone,585,0.973511
FKIT,Y+X2_M3_r1,mini_chocolate_panettone,586,0.973898
FKIT,Y+X2_M3_r1,mini_chocolate_panettone,587,0.972360
FKIT,Y+X2_M3_r1,mini_chocolate_panettone,588,0.974168
FKIT,Y+X2_M3_r1,mini_chocolate_panettone,589,0.973691
FKIT,Y+X2_M3_r1,mini_chocolate_panettone,590,0.973707
FKIT,Y+X2_M3_r1,mini_chocolate_panettone,591,0.974190
FKIT,Y+X2_M3_r1,mini_chocolate_panettone,592,0.972901
FKIT,Y+X2_M3_r1,mini_chocolate_panettone,593,0.973038
FKIT,Y+X2_M3_r1,mini_chocolate_panettone,594,0.975926
FKIT,Y+X2_M3_r1,mini_chocolate_panettone,595,0.976872
FKIT,Y+X2_M3_r1,mini_chocolate_panettone,596,0.975312
FKIT,Y+X2_M3_r1,mini_chocolate_panettone,597,0.975762
FKIT,Y+X2_M3_r1,mini_chocolate_panettone,598,0.975529
FKIT,Y+X2_M3_r1,mini_chocolate_panettone,599,0.974770
FKIT,Y+X2_M3_r1,mini_chocolate_panettone,600,0.972268
FKIT,Y+X2_M3_r1,mini_chocolate_panettone,601,0.973505
FKIT,Y+X2_M3_r1,mini_chocolate_panettone,602,0.975326
FKIT,Y+X2_M3_r1,mini_chocolate_panettone,603,0.971719
FKIT,Y+X2_M3_r1,mini_chocolate_panettone,604,0.975552
FKIT,Y+X2_M3_r1,mini_chocolate_panettone,605,0.975533
FKIT,Y+X2_M3_r1,mini_chocolate_panettone,606,0.976220
FKIT,Y+X2_M3_r1,mini_chocolate_panettone,607,0.974384
FKIT,Y+X2_M3_r1,mini_chocolate_panettone,608,0.976184
FKIT,Y+X2_M3_r1,mini_chocolate_panettone,609,0.973577
FKIT,Y+X2_M3_r1,mini_chocolate_panettone,610,0.975991
FKIT,Y+X2_M3_r1,mini_chocolate_panettone,611,0.974752
FKIT,Y+X2_M3_r1,mini_chocolate_panettone,612,0.975078
FKIT,Y+X2_M3_r1,mini_chocolate_panettone,613,0.972172
FKIT,Y+X2_M3_r1,mini_chocolate_panettone,614,0.974422
FKIT,Y+X2_M3_r1,mini_chocolate_panettone,615,0.974016
FKIT,Y+X2_M3_r1,mini_chocolate_panettone,616,0.974781
FKIT,Y+X2_M3_r1,mini_chocolate_panettone,617,0.976890
FKIT,Y+X2_M3_r1,mini_chocolate_panettone,618,0.974992
FKIT,Y+X2_M3_r1,mini_chocolate_panettone,619,0.973295
FKIT,Y+X2_M3_r1,mini_chocolate_panettone,620,0.976148
FKIT,Y+X2_M3_r1,mini_chocolate_panettone,621,0.976236
FKIT,Y+X2_M3_r1,mini_chocolate_panettone,622,0.974959
FKIT,Y+X2_M3_r1,mini_chocolate_panettone,623,0.975461
FKIT,Y+X2_M3_r1,mini_chocolate_panettone,624,0.976486
FKIT,Y+X2_M3_r1,mini_chocolate_panettone,625,0.976260
FKIT,Y+X2_M3_r1,mini_chocolate_panettone,626,0.974502
FKIT,Y+X2_M3_r1,mini_chocolate_panettone,627,0.977318
FKIT,Y+X2_M3_r1,mini_chocolate_panettone,628,0.977501
FKIT,Y+X2_M3_r1,mini_chocolate_panettone,629,0.975754
FKIT,Y+X2_M3_r1,mini_chocolate_panettone,630,0.975427
FKIT,Y+X2_M3_r1,mini_chocolate_panettone,631,0.974197
FKIT,Y+X2_M3_r1,mini_chocolate_panettone,632,0.975624
FKIT,Y+X2_M3_r1,mini_chocolate_panettone,633,0.973085
FKIT,Y+X2_M3_r1,mini_chocolate_panettone,634,0.975420
FKIT,Y+X2_M3_r1,mini_chocolate_panettone,635,0.975290
FKIT,Y+X2_M3_r1,mini_chocolate_panettone,636,0.975876
FKIT,Y+X2_M3_r1,mini_chocolate_panettone,637,0.973958
FKIT,Y+X2_M3_r1,mini_chocolate_panettone,638,0.974141
FKIT,Y+X2_M3_r1,mini_chocolate_panettone,639,0.975494
FKIT,Y+X2_M3_r1,mini_chocolate_panettone,640,0.974714
FKIT,Y+X2_M3_r1,mini_chocolate_panettone,641,0.976541
FKIT,Y+X2_M3_r1,mini_chocolate_panettone,642,0.975729
FKIT,Y+X2_M3_r1,mini_chocolate_panettone,643,0.973260
FKIT,Y+X2_M3_r1,mini_chocolate_panettone,644,0.975049
FKIT,Y+X2_M3_r1,mini_chocolate_panettone,645,0.975968
FKIT,Y+X2_M3_r1,mini_chocolate_panettone,646,0.974660
FKIT,Y+X2_M3_r1,mini_chocolate_panettone,647,0.975821
FKIT,Y+X2_M3_r1,mini_chocolate_panettone,648,0.976987
FKIT,Y+X2_M3_r1,mini_chocolate_panettone,649,0.974176
FKIT,Y+X2_M3_r1,mini_chocolate_panettone,650,0.977045
FKIT,Y+X2_M3_r1,mini_chocolate_panettone,651,0.975031
FKIT,Y+X2_M3_r1,mini_chocolate_panettone,652,0.976054
FKIT,Y+X2_M3_r1,mini_chocolate_panettone,653,0.976504
FKIT,Y+X2_M3_r1,mini_chocolate_panettone,654,0.978171
FKIT,Y+X2_M3_r1,mini_chocolate_panettone,655,0.976229
FKIT,Y+X2_M3_r1,mini_chocolate_panettone,656,0.975846
FKIT,Y+X2_M3_r1,mini_chocolate_panettone,657,0.976569
FKIT,Y+X2_M3_r1,mini_chocolate_panettone,658,0.975991
FKIT,Y+X2_M3_r1,mini_chocolate_panettone,659,0.975128
FKIT,Y+X2_M3_r1,mini_chocolate_panettone,660,0.976358
FKIT,Y+X2_M3_r1,mini_chocolate_panettone,661,0.975729
FKIT,Y+X2_M3_r1,mini_chocolate_panettone,662,0.976800
FKIT,Y+X2_M3_r1,mini_chocolate_panettone,663,0.978856
FKIT,Y+X2_M3_r1,mini_chocolate_panettone,664,0.977704
FKIT,Y+X2_M3_r1,mini_chocolate_panettone,665,0.976850
FKIT,Y+X2_M3_r1,mini_chocolate_panettone,666,0.975710
FKIT,Y+X2_M3_r1,mini_chocolate_panettone,667,0.973095
FKIT,Y+X2_M3_r1,mini_chocolate_panettone,668,0.975289
FKIT,Y+X2_M3_r1,mini_chocolate_panettone,669,0.974265
FKIT,Y+X2_M3_r1,mini_chocolate_panettone,670,0.974450
FKIT,Y+X2_M3_r1,mini_chocolate_panettone,671,0.975476
FKIT,Y+X2_M3_r1,mini_chocolate_panettone,672,0.974762
FKIT,Y+X2_M3_r1,mini_chocolate_panettone,673,0.972845
FKIT,Y+X2_M3_r1,mini_chocolate_panettone,674,0.977024
FKIT,Y+X2_M3_r1,mini_chocolate_panettone,675,0.974263
FKIT,Y+X2_M3_r1,mini_chocolate_panettone,676,0.973029
FKIT,Y+X2_M3_r1,mini_chocolate_panettone,677,0.973537
FKIT,Y+X2_M3_r1,mini_chocolate_panettone,678,0.971059
FKIT,Y+X2_M3_r1,mini_chocolate_panettone,679,0.974143
FKIT,Y+X2_M3_r1,mini_chocolate_panettone,680,0.975760
FKIT,Y+X2_M3_r1,mini_chocolate_panettone,681,0.973446
FKIT,Y+X2_M3_r1,mini_chocolate_panettone,682,0.973446
FKIT,Y+X2_M3_r1,mini_chocolate_panettone,683,0.974467
FKIT,Y+X2_M3_r1,mini_chocolate_panettone,684,0.976130
FKIT,Y+X2_M3_r1,mini_chocolate_panettone,685,0.974232
FKIT,Y+X2_M3_r1,mini_chocolate_panettone,686,0.973660
FKIT,Y+X2_M3_r1,mini_chocolate_panettone,687,0.974634
FKIT,Y+X2_M3_r1,mini_chocolate_panettone,688,0.972770
FKIT,Y+X2_M3_r1,mini_chocolate_panettone,689,0.972188
FKIT,Y+X2_M3_r1,mini_chocolate_panettone,690,0.974362
FKIT,Y+X2_M3_r1,mini_chocolate_panettone,691,0.970742
FKIT,Y+X2_M3_r1,mini_chocolate_panettone,692,0.971620
FKIT,Y+X2_M3_r1,mini_chocolate_panettone,693,0.974151
FKIT,Y+X2_M3_r1,mini_chocolate_panettone,694,0.976129
FKIT,Y+X2_M3_r1,mini_chocolate_panettone,695,0.974283
FKIT,Y+X2_M3_r1,mini_chocolate_panettone,696,0.974323
FKIT,Y+X2_M3_r1,mini_chocolate_panettone,697,0.973667
FKIT,Y+X2_M3_r1,mini_chocolate_panettone,698,0.974398
FKIT,Y+X2_M3_r1,mini_chocolate_panettone,699,0.974383
FKIT,Y+X2_M3_r1,mini_chocolate_panettone,700,0.974530
FKIT,Y+X2_M3_r1,mini_chocolate_panettone,701,0.974102
FKIT,Y+X2_M3_r1,mini_chocolate_panettone,702,0.975243
FKIT,Y+X2_M3_r1,mini_chocolate_panettone,703,0.975610
FKIT,Y+X2_M3_r1,mini_chocolate_panettone,704,0.974660
FKIT,Y+X2_M3_r1,mini_chocolate_panettone,705,0.975193
FKIT,Y+X2_M3_r1,mini_chocolate_panettone,706,0.976392
FKIT,Y+X2_M3_r1,mini_chocolate_panettone,707,0.975823
FKIT,Y+X2_M3_r1,mini_chocolate_panettone,708,0.974912
FKIT,Y+X2_M3_r1,mini_chocolate_panettone,709,0.975642
FKIT,Y+X2_M3_r1,mini_chocolate_panettone,710,0.976187
FKIT,Y+X2_M3_r1,mini_chocolate_panettone,711,0.975326
FKIT,Y+X2_M3_r1,mini_chocolate_panettone,712,0.973960
FKIT,Y+X2_M3_r1,mini_chocolate_panettone,713,0.975143
FKIT,Y+X2_M3_r1,mini_chocolate_panettone,714,0.975256
FKIT,Y+X2_M3_r1,mini_chocolate_panettone,715,0.973712
FKIT,Y+X2_M3_r1,mini_chocolate_panettone,716,0.974290
FKIT,Y+X2_M3_r1,mini_chocolate_panettone,717,0.973606
FKIT,Y+X2_M3_r1,mini_chocolate_panettone,718,0.968415
FKIT,Y+X2_M3_r1,mini_chocolate_panettone,719,0.970669
FKIT,Y+X2_M3_r1,mini_chocolate_panettone,720,0.972460
FKIT,Y+X2_M3_r1,mini_chocolate_panettone,721,0.969392
FKIT,Y+X2_M3_r1,mini_chocolate_panettone,722,0.971076
FKIT,Y+X2_M3_r1,mini_chocolate_panettone,723,0.973850
FKIT,Y+X2_M3_r1,mini_chocolate_panettone,724,0.975266
FKIT,Y+X2_M3_r1,mini_chocolate_panettone,725,0.976503
FKIT,Y+X2_M3_r1,mini_chocolate_panettone,726,0.973415
FKIT,Y+X2_M3_r1,mini_chocolate_panettone,727,0.972308
FKIT,Y+X2_M3_r1,mini_chocolate_panettone,728,0.971099
FKIT,Y+X2_M3_r1,mini_chocolate_panettone,729,0.975395
FKIT,Y+X2_M3_r1,mini_chocolate_panettone,730,0.972675
FKIT,Y+X2_M3_r1,mini_chocolate_panettone,731,0.975000
FKIT,Y+X2_M3_r1,mini_chocolate_panettone,732,0.975750
FKIT,Y+X2_M3_r1,mini_chocolate_panettone,733,0.973214
FKIT,Y+X2_M3_r1,mini_chocolate_panettone,734,0.974936
FKIT,Y+X2_M3_r1,mini_chocolate_panettone,735,0.974985
FKIT,Y+X2_M3_r1,mini_chocolate_panettone,736,0.973392
FKIT,Y+X2_M3_r1,mini_chocolate_panettone,737,0.973011
FKIT,Y+X2_M3_r1,mini_chocolate_panettone,738,0.970526
FKIT,Y+X2_M3_r1,mini_chocolate_panettone,739,0.975110
FKIT,Y+X2_M3_r1,mini_chocolate_panettone,740,0.970817
FKIT,Y+X2_M3_r1,mini_chocolate_panettone,741,0.970357
FKIT,Y+X2_M3_r1,mini_chocolate_panettone,742,0.977093
FKIT,Y+X2_M3_r1,mini_chocolate_panettone,743,0.973549
FKIT,Y+X2_M3_r1,mini_chocolate_panettone,744,0.973867
FKIT,Y+X2_M3_r1,mini_chocolate_panettone,745,0.971752
FKIT,Y+X2_M3_r1,mini_chocolate_panettone,746,0.972073
FKIT,Y+X2_M3_r1,mini_chocolate_panettone,747,0.974049
FKIT,Y+X2_M3_r1,mini_chocolate_panettone,748,0.973204
FKIT,Y+X2_M3_r1,mini_chocolate_panettone,749,0.972828
FKIT,Y+X2_M3_r1,mini_chocolate_panettone,750,0.972872
FKIT,Y+X2_M3_r1,mini_chocolate_panettone,751,0.972539
FKIT,Y+X2_M3_r1,mini_chocolate_panettone,752,0.975608
FKIT,Y+X2_M3_r1,mini_chocolate_panettone,753,0.975355
FKIT,Y+X2_M3_r1,mini_chocolate_panettone,754,0.977055
FKIT,Y+X2_M3_r1,mini_chocolate_panettone,755,0.975286
FKIT,Y+X2_M3_r1,mini_chocolate_panettone,756,0.975543
FKIT,Y+X2_M3_r1,mini_chocolate_panettone,757,0.974256
FKIT,Y+X2_M3_r1,mini_chocolate_panettone,758,0.975081
FKIT,Y+X2_M3_r1,mini_chocolate_panettone,759,0.974616
FKIT,Y+X2_M3_r1,mini_chocolate_panettone,760,0.973934
FKIT,Y+X2_M3_r1,mini_chocolate_panettone,761,0.975299
FKIT,Y+X2_M3_r1,mini_chocolate_panettone,762,0.973309
FKIT,Y+X2_M3_r1,mini_chocolate_panettone,763,0.972515
FKIT,Y+X2_M3_r1,mini_chocolate_panettone,764,0.972981
FKIT,Y+X2_M3_r1,mini_chocolate_panettone,765,0.973159
FKIT,Y+X2_M3_r1,mini_chocolate_panettone,766,0.972198
FKIT,Y+X2_M3_r1,mini_chocolate_panettone,767,0.970033
FKIT,Y+X2_M3_r1,mini_chocolate_panettone,768,0.971334
FKIT,Y+X2_M3_r1,mini_chocolate_panettone,769,0.971231
FKIT,Y+X2_M3_r1,mini_chocolate_panettone,770,0.969868
FKIT,Y+X2_M3_r1,mini_chocolate_panettone,771,0.970526
FKIT,Y+X2_M3_r1,mini_chocolate_panettone,772,0.969765
FKIT,Y+X2_M3_r1,mini_chocolate_panettone,773,0.968980
FKIT,Y+X2_M3_r1,mini_chocolate_panettone,774,0.970634
FKIT,Y+X2_M3_r1,mini_chocolate_panettone,775,0.971990
FKIT,Y+X2_M3_r1,mini_chocolate_panettone,776,0.970868
FKIT,Y+X2_M3_r1,mini_chocolate_panettone,777,0.969815
FKIT,Y+X2_M3_r1,mini_chocolate_panettone,778,0.971306
FKIT,Y+X2_M3_r1,mini_chocolate_panettone,779,0.971511
FKIT,Y+X2_M3_r1,mini_chocolate_panettone,780,0.971512
FKIT,Y+X2_M3_r1,mini_chocolate_panettone,781,0.969872
FKIT,Y+X2_M3_r1,mini_chocolate_panettone,782,0.970403
FKIT,Y+X2_M3_r1,mini_chocolate_panettone,783,0.970785
FKIT,Y+X2_M3_r1,mini_chocolate_panettone,784,0.971908
FKIT,Y+X2_M3_r1,mini_chocolate_panettone,785,0.973330
FKIT,Y+X2_M3_r1,mini_chocolate_panettone,786,0.964616
FKIT,Y+X2_M3_r1,mini_chocolate_panettone,787,0.970960
FKIT,Y+X2_M3_r1,mini_chocolate_panettone,788,0.972668
FKIT,Y+X2_M3_r1,mini_chocolate_panettone,789,0.971870
FKIT,Y+X2_M3_r1,mini_chocolate_panettone,790,0.970066
FKIT,Y+X2_M3_r1,mini_chocolate_panettone,791,0.957301
FKIT,Y+X2_M3_r1,mini_chocolate_panettone,792,0.969214
FKIT,Y+X2_M3_r1,mini_chocolate_panettone,793,0.969697
FKIT,Y+X2_M3_r1,mini_chocolate_panettone,794,0.970013
FKIT,Y+X2_M3_r1,mini_chocolate_panettone,795,0.972452
FKIT,Y+X2_M3_r1,mini_chocolate_panettone,796,0.971785
FKIT,Y+X2_M3_r1,mini_chocolate_panettone,797,0.972342
FKIT,Y+X2_M3_r1,mini_chocolate_panettone,798,0.970590
FKIT,Y+X2_M3_r1,mini_chocolate_panettone,799,0.969585
FKIT,Y+X2_M3_r1,mini_chocolate_panettone,800,0.970426
FKIT,Y+X2_M3_r1,mini_chocolate_panettone,801,0.970951
FKIT,Y+X2_M3_r1,mini_chocolate_panettone,802,0.969861
FKIT,Y+X2_M3_r1,mini_chocolate_panettone,803,0.969919
FKIT,Y+X2_M3_r1,mini_chocolate_panettone,804,0.963534
FKIT,Y+X2_M3_r1,mini_chocolate_panettone,805,0.968949
FKIT,Y+X2_M3_r1,mini_chocolate_panettone,806,0.970471
FKIT,Y+X2_M3_r1,mini_chocolate_panettone,807,0.969745
FKIT,Y+X2_M3_r1,mini_chocolate_panettone,808,0.969686
FKIT,Y+X2_M3_r1,mini_chocolate_panettone,809,0.969518
FKIT,Y+X2_M3_r1,mini_chocolate_panettone,810,0.967812
FKIT,Y+X2_M3_r1,mini_chocolate_panettone,811,0.969890
FKIT,Y+X2_M3_r1,mini_chocolate_panettone,812,0.967878
FKIT,Y+X2_M3_r1,mini_chocolate_panettone,813,0.967103
FKIT,Y+X2_M3_r1,mini_chocolate_panettone,814,0.967998
FKIT,Y+X2_M3_r1,mini_chocolate_panettone,815,0.969502
FKIT,Y+X2_M3_r1,mini_chocolate_panettone,816,0.965771
FKIT,Y+X2_M3_r1,mini_chocolate_panettone,817,0.969605
FKIT,Y+X2_M3_r1,mini_chocolate_panettone,818,0.969631
FKIT,Y+X2_M3_r1,mini_chocolate_panettone,819,0.966839
FKIT,Y+X2_M3_r1,mini_chocolate_panettone,820,0.968274
FKIT,Y+X2_M3_r1,mini_chocolate_panettone,821,0.968716
FKIT,Y+X2_M3_r1,mini_chocolate_panettone,822,0.964964
FKIT,Y+X2_M3_r1,mini_chocolate_panettone,823,0.966830
FKIT,Y+X2_M3_r1,mini_chocolate_panettone,824,0.969928
FKIT,Y+X2_M3_r1,mini_chocolate_panettone,825,0.971173
FKIT,Y+X2_M3_r1,mini_chocolate_panettone,826,0.968926
FKIT,Y+X2_M3_r1,mini_chocolate_panettone,827,0.970687
FKIT,Y+X2_M3_r1,mini_chocolate_panettone,828,0.970986
FKIT,Y+X2_M3_r1,mini_chocolate_panettone,829,0.970070
FKIT,Y+X2_M3_r1,mini_chocolate_panettone,830,0.971261
FKIT,Y+X2_M3_r1,mini_chocolate_panettone,831,0.971189
FKIT,Y+X2_M3_r1,mini_chocolate_panettone,832,0.967912
FKIT,Y+X2_M3_r1,mini_chocolate_panettone,833,0.970257
FKIT,Y+X2_M3_r1,mini_chocolate_panettone,834,0.970896
FKIT,Y+X2_M3_r1,mini_chocolate_panettone,835,0.970289
FKIT,Y+X2_M3_r1,mini_chocolate_panettone,836,0.969688
FKIT,Y+X2_M3_r1,mini_chocolate_panettone,837,0.970318
FKIT,Y+X2_M3_r1,mini_chocolate_panettone,838,0.970188
FKIT,Y+X2_M3_r1,mini_chocolate_panettone,839,0.970311
FKIT,Y+X2_M3_r1,mini_chocolate_panettone,840,0.970446
FKIT,Y+X2_M3_r1,mini_chocolate_panettone,841,0.968697
FKIT,Y+X2_M3_r1,mini_chocolate_panettone,842,0.968190
FKIT,Y+X2_M3_r1,mini_chocolate_panettone,843,0.970927
FKIT,Y+X2_M3_r1,mini_chocolate_panettone,844,0.972235
FKIT,Y+X2_M3_r1,mini_chocolate_panettone,845,0.971800
FKIT,Y+X2_M3_r1,mini_chocolate_panettone,846,0.969777
FKIT,Y+X2_M3_r1,mini_chocolate_panettone,847,0.969491
FKIT,Y+X2_M3_r1,mini_chocolate_panettone,848,0.970129
FKIT,Y+X2_M3_r1,mini_chocolate_panettone,849,0.968053
FKIT,Y+X2_M3_r1,mini_chocolate_panettone,850,0.968878
FKIT,Y+X2_M3_r1,mini_chocolate_panettone,851,0.969302
FKIT,Y+X2_M3_r1,mini_chocolate_panettone,852,0.970790
FKIT,Y+X2_M3_r1,mini_chocolate_panettone,853,0.967719
FKIT,Y+X2_M3_r1,mini_chocolate_panettone,854,0.966269
FKIT,Y+X2_M3_r1,mini_chocolate_panettone,855,0.965700
FKIT,Y+X2_M3_r1,mini_chocolate_panettone,856,0.966424
FKIT,Y+X2_M3_r1,mini_chocolate_panettone,857,0.967241
FKIT,Y+X2_M3_r1,mini_chocolate_panettone,858,0.966648
FKIT,Y+X2_M3_r1,mini_chocolate_panettone,859,0.967185
FKIT,Y+X2_M3_r1,mini_chocolate_panettone,860,0.969517
FKIT,Y+X2_M3_r1,mini_chocolate_panettone,861,0.967691
FKIT,Y+X2_M3_r1,mini_chocolate_panettone,862,0.965267
FKIT,Y+X2_M3_r1,mini_chocolate_panettone,863,0.964860
FKIT,Y+X2_M3_r1,mini_chocolate_panettone,864,0.963114
FKIT,Y+X2_M3_r1,mini_chocolate_panettone,865,0.958869
FKIT,Y+X2_M3_r1,mini_chocolate_panettone,866,0.963525
FKIT,Y+X2_M3_r1,mini_chocolate_panettone,867,0.965090
FKIT,Y+X2_M3_r1,mini_chocolate_panettone,868,0.958577
FKIT,Y+X2_M3_r1,mini_chocolate_panettone,869,0.964440
FKIT,Y+X2_M3_r1,mini_chocolate_panettone,870,0.966398
FKIT,Y+X2_M3_r1,mini_chocolate_panettone,871,0.963726
FKIT,Y+X2_M3_r1,mini_chocolate_panettone,872,0.964596
FKIT,Y+X2_M3_r1,mini_chocolate_panettone,873,0.964880
FKIT,Y+X2_M3_r1,mini_chocolate_panettone,874,0.963969
FKIT,Y+X2_M3_r1,mini_chocolate_panettone,875,0.967112
FKIT,Y+X2_M3_r1,mini_chocolate_panettone,876,0.966130
FKIT,Y+X2_M3_r1,mini_chocolate_panettone,877,0.966952
FKIT,Y+X2_M3_r1,mini_chocolate_panettone,878,0.966893
FKIT,Y+X2_M3_r1,mini_chocolate_panettone,879,0.962444
FKIT,Y+X2_M3_r1,mini_chocolate_panettone,880,0.961345
FKIT,Y+X2_M3_r1,mini_chocolate_panettone,881,0.965218
FKIT,Y+X2_M3_r1,mini_chocolate_panettone,882,0.965266
FKIT,Y+X2_M3_r1,mini_chocolate_panettone,883,0.966135
FKIT,Y+X2_M3_r1,mini_chocolate_panettone,884,0.966124
FKIT,Y+X2_M3_r1,mini_chocolate_panettone,885,0.967269
FKIT,Y+X2_M3_r1,mini_chocolate_panettone,886,0.966832
FKIT,Y+X2_M3_r1,mini_chocolate_panettone,887,0.966265
FKIT,Y+X2_M3_r1,mini_chocolate_panettone,888,0.968411
FKIT,Y+X2_M3_r1,mini_chocolate_panettone,889,0.970370
FKIT,Y+X2_M3_r1,mini_chocolate_panettone,890,0.968549
FKIT,Y+X2_M3_r1,mini_chocolate_panettone,891,0.968322
FKIT,Y+X2_M3_r1,mini_chocolate_panettone,892,0.968510
FKIT,Y+X2_M3_r1,mini_chocolate_panettone,893,0.968950
FKIT,Y+X2_M3_r1,mini_chocolate_panettone,894,0.965555
FKIT,Y+X2_M3_r1,mini_chocolate_panettone,895,0.965552
FKIT,Y+X2_M3_r1,mini_chocolate_panettone,896,0.967737
FKIT,Y+X2_M3_r1,mini_chocolate_panettone,897,0.965119
FKIT,Y+X2_M3_r1,mini_chocolate_panettone,898,0.969822
FKIT,Y+X2_M3_r1,mini_chocolate_panettone,899,0.971019
FKIT,Y+X2_M3_r1,mini_chocolate_panettone,900,0.969576
FKIT,Y+X2_M3_r1,mini_chocolate_panettone,901,0.970973
FKIT,Y+X2_M3_r1,mini_chocolate_panettone,902,0.968830
FKIT,Y+X2_M3_r1,mini_chocolate_panettone,903,0.970811
FKIT,Y+X2_M3_r1,mini_chocolate_panettone,904,0.973040
FKIT,Y+X2_M3_r1,mini_chocolate_panettone,905,0.971936
FKIT,Y+X2_M3_r1,mini_chocolate_panettone,906,0.966247
FKIT,Y+X2_M3_r1,mini_chocolate_panettone,907,0.973236
FKIT,Y+X2_M3_r1,mini_chocolate_panettone,908,0.970948
FKIT,Y+X2_M3_r1,mini_chocolate_panettone,909,0.973068
FKIT,Y+X2_M3_r1,mini_chocolate_panettone,910,0.972522
FKIT,Y+X2_M3_r1,mini_chocolate_panettone,911,0.972600
FKIT,Y+X2_M3_r1,mini_chocolate_panettone,912,0.971326
FKIT,Y+X2_M3_r1,mini_chocolate_panettone,913,0.971732
FKIT,Y+X2_M3_r1,mini_chocolate_panettone,914,0.972830
FKIT,Y+X2_M3_r1,mini_chocolate_panettone,915,0.971664
FKIT,Y+X2_M3_r1,mini_chocolate_panettone,916,0.971614
FKIT,Y+X2_M3_r1,mini_chocolate_panettone,917,0.970963
FKIT,Y+X2_M3_r1,mini_chocolate_panettone,918,0.971848
FKIT,Y+X2_M3_r1,mini_chocolate_panettone,919,0.972321
FKIT,Y+X2_M3_r1,mini_chocolate_panettone,920,0.957520
FKIT,Y+X2_M3_r1,mini_chocolate_panettone,921,0.969796
FKIT,Y+X2_M3_r1,mini_chocolate_panettone,922,0.971855
FKIT,Y+X2_M3_r1,mini_chocolate_panettone,923,0.971228
FKIT,Y+X2_M3_r1,mini_chocolate_panettone,924,0.974493
FKIT,Y+X2_M3_r1,mini_chocolate_panettone,925,0.974004
FKIT,Y+X2_M3_r1,mini_chocolate_panettone,926,0.975489
FKIT,Y+X2_M3_r1,mini_chocolate_panettone,927,0.975441
FKIT,Y+X2_M3_r1,mini_chocolate_panettone,928,0.974968
FKIT,Y+X2_M3_r1,mini_chocolate_panettone,929,0.974135
FKIT,Y+X2_M3_r1,mini_chocolate_panettone,930,0.974744
FKIT,Y+X2_M3_r1,mini_chocolate_panettone,931,0.973981
FKIT,Y+X2_M3_r1,mini_chocolate_panettone,932,0.972599
FKIT,Y+X2_M3_r1,mini_chocolate_panettone,933,0.971247
FKIT,Y+X2_M3_r1,mini_chocolate_panettone,934,0.974236
FKIT,Y+X2_M3_r1,mini_chocolate_panettone,935,0.972554
FKIT,Y+X2_M3_r1,mini_chocolate_panettone,936,0.972908
FKIT,Y+X2_M3_r1,mini_chocolate_panettone,937,0.974348
FKIT,Y+X2_M3_r1,mini_chocolate_panettone,938,0.975020
FKIT,Y+X2_M3_r1,mini_chocolate_panettone,939,0.973070
FKIT,Y+X2_M3_r1,mini_chocolate_panettone,940,0.973144
FKIT,Y+X2_M3_r1,mini_chocolate_panettone,941,0.973053
FKIT,Y+X2_M3_r1,mini_chocolate_panettone,942,0.974626
FKIT,Y+X2_M3_r1,mini_chocolate_panettone,943,0.973343
FKIT,Y+X2_M3_r1,mini_chocolate_panettone,944,0.975062
FKIT,Y+X2_M3_r1,mini_chocolate_panettone,945,0.975000
FKIT,Y+X2_M3_r1,mini_chocolate_panettone,946,0.974411
FKIT,Y+X2_M3_r1,mini_chocolate_panettone,947,0.974488
FKIT,Y+X2_M3_r1,mini_chocolate_panettone,948,0.973998
FKIT,Y+X2_M3_r1,mini_chocolate_panettone,949,0.974100
FKIT,Y+X2_M3_r1,mini_chocolate_panettone,950,0.974746
FKIT,Y+X2_M3_r1,mini_chocolate_panettone,951,0.972437
FKIT,Y+X2_M3_r1,mini_chocolate_panettone,952,0.975499
FKIT,Y+X2_M3_r1,mini_chocolate_panettone,953,0.974237
FKIT,Y+X2_M3_r1,mini_chocolate_panettone,954,0.976495
FKIT,Y+X2_M3_r1,mini_chocolate_panettone,955,0.976117
FKIT,Y+X2_M3_r1,mini_chocolate_panettone,956,0.977089
FKIT,Y+X2_M3_r1,mini_chocolate_panettone,957,0.974677
FKIT,Y+X2_M3_r1,mini_chocolate_panettone,958,0.974795
FKIT,Y+X2_M3_r1,mini_chocolate_panettone,959,0.975761
FKIT,Y+X2_M3_r1,mini_chocolate_panettone,960,0.976515
FKIT,Y+X2_M3_r1,mini_chocolate_panettone,961,0.974918
FKIT,Y+X2_M3_r1,mini_chocolate_panettone,962,0.975121
FKIT,Y+X2_M3_r1,mini_chocolate_panettone,963,0.971885
FKIT,Y+X2_M3_r1,mini_chocolate_panettone,964,0.975361
FKIT,Y+X2_M3_r1,mini_chocolate_panettone,965,0.972887
FKIT,Y+X2_M3_r1,mini_chocolate_panettone,966,0.974022
FKIT,Y+X2_M3_r1,mini_chocolate_panettone,967,0.973360
FKIT,Y+X2_M3_r1,mini_chocolate_panettone,968,0.972007
FKIT,Y+X2_M3_r1,mini_chocolate_panettone,969,0.973228
FKIT,Y+X2_M3_r1,mini_chocolate_panettone,970,0.971961
FKIT,Y+X2_M3_r1,mini_chocolate_panettone,971,0.971866
FKIT,Y+X2_M3_r1,mini_chocolate_panettone,972,0.973994
FKIT,Y+X2_M3_r1,mini_chocolate_panettone,973,0.972466
FKIT,Y+X2_M3_r1,mini_chocolate_panettone,974,0.972645
FKIT,Y+X2_M3_r1,mini_chocolate_panettone,975,0.974514
FKIT,Y+X2_M3_r1,mini_chocolate_panettone,976,0.972483
FKIT,Y+X2_M3_r1,mini_chocolate_panettone,977,0.974868
FKIT,Y+X2_M3_r1,mini_chocolate_panettone,978,0.974052
FKIT,Y+X2_M3_r1,mini_chocolate_panettone,979,0.970239
FKIT,Y+X2_M3_r1,mini_chocolate_panettone,980,0.973004
FKIT,Y+X2_M3_r1,mini_chocolate_panettone,981,0.972564
FKIT,Y+X2_M3_r1,mini_chocolate_panettone,982,0.972178
FKIT,Y+X2_M3_r1,mini_chocolate_panettone,983,0.973220
FKIT,Y+X2_M3_r1,mini_chocolate_panettone,984,0.971881
FKIT,Y+X2_M3_r1,mini_chocolate_panettone,985,0.972848
FKIT,Y+X2_M3_r1,mini_chocolate_panettone,986,0.974485
FKIT,Y+X2_M3_r1,mini_chocolate_panettone,987,0.974447
FKIT,Y+X2_M3_r1,mini_chocolate_panettone,988,0.972312
FKIT,Y+X2_M3_r1,mini_chocolate_panettone,989,0.972058
FKIT,Y+X2_M3_r1,mini_chocolate_panettone,990,0.972681
FKIT,Y+X2_M3_r1,mini_chocolate_panettone,991,0.975277
FKIT,Y+X2_M3_r1,mini_chocolate_panettone,992,0.973234
FKIT,Y+X2_M3_r1,mini_chocolate_panettone,993,0.972926
FKIT,Y+X2_M3_r1,mini_chocolate_panettone,994,0.976518
FKIT,Y+X2_M3_r1,mini_chocolate_panettone,995,0.973980
FKIT,Y+X2_M3_r1,mini_chocolate_panettone,996,0.972018
FKIT,Y+X2_M3_r1,mini_chocolate_panettone,997,0.970703
FKIT,Y+X2_M3_r1,mini_chocolate_panettone,998,0.973333
FKIT,Y+X2_M3_r1,mini_chocolate_panettone,999,0.970888
FKIT,Y+X2_M3_r1,mini_chocolate_panettone,1000,0.970283
FKIT,Y+X2_M3_r1,mini_chocolate_panettone,1001,0.972491
FKIT,Y+X2_M3_r1,mini_chocolate_panettone,1002,0.972621
FKIT,Y+X2_M3_r1,mini_chocolate_panettone,1003,0.973044
FKIT,Y+X2_M3_r1,mini_chocolate_panettone,1004,0.974144
FKIT,Y+X2_M3_r1,mini_chocolate_panettone,1005,0.974271
FKIT,Y+X2_M3_r1,mini_chocolate_panettone,1006,0.973552
FKIT,Y+X2_M3_r1,mini_chocolate_panettone,1007,0.975419
FKIT,Y+X2_M3_r1,mini_chocolate_panettone,1008,0.974148
FKIT,Y+X2_M3_r1,mini_chocolate_panettone,1009,0.968831
FKIT,Y+X2_M3_r1,mini_chocolate_panettone,1010,0.972690
FKIT,Y+X2_M3_r1,mini_chocolate_panettone,1011,0.974572
FKIT,Y+X2_M3_r1,mini_chocolate_panettone,1012,0.973810
FKIT,Y+X2_M3_r1,mini_chocolate_panettone,1013,0.975974
FKIT,Y+X2_M3_r1,mini_chocolate_panettone,1014,0.974316
FKIT,Y+X2_M3_r1,mini_chocolate_panettone,1015,0.976759
FKIT,Y+X2_M3_r1,mini_chocolate_panettone,1016,0.973671
FKIT,Y+X2_M3_r1,mini_chocolate_panettone,1017,0.974538
FKIT,Y+X2_M3_r1,mini_chocolate_panettone,1018,0.974285
FKIT,Y+X2_M3_r1,mini_chocolate_panettone,1019,0.973111
FKIT,Y+X2_M3_r1,mini_chocolate_panettone,1020,0.974793
FKIT,Y+X2_M3_r1,mini_chocolate_panettone,1021,0.975653
FKIT,Y+X2_M3_r1,mini_chocolate_panettone,1022,0.976022
FKIT,Y+X2_M3_r1,mini_chocolate_panettone,1023,0.973086
FKIT,Y+X2_M3_r1,mini_chocolate_panettone,1024,0.976704
FKIT,Y+X2_M3_r1,mini_chocolate_panettone,1025,0.975669
FKIT,Y+X2_M3_r1,mini_chocolate_panettone,1026,0.976099
FKIT,Y+X2_M3_r1,mini_chocolate_panettone,1027,0.975369
FKIT,Y+X2_M3_r1,mini_chocolate_panettone,1028,0.975392
FKIT,Y+X2_M3_r1,mini_chocolate_panettone,1029,0.973193
FKIT,Y+X2_M3_r1,mini_chocolate_panettone,1030,0.975826
FKIT,Y+X2_M3_r1,mini_chocolate_panettone,1031,0.975647
FKIT,Y+X2_M3_r1,mini_chocolate_panettone,1032,0.974757
FKIT,Y+X2_M3_r1,mini_chocolate_panettone,1033,0.976028
FKIT,Y+X2_M3_r1,mini_chocolate_panettone,1034,0.976998
FKIT,Y+X2_M3_r1,mini_chocolate_panettone,1035,0.976867
FKIT,Y+X2_M3_r1,mini_chocolate_panettone,1036,0.977681
FKIT,Y+X2_M3_r1,mini_chocolate_panettone,1037,0.977439
FKIT,Y+X2_M3_r1,mini_chocolate_panettone,1038,0.976109
FKIT,Y+X2_M3_r1,mini_chocolate_panettone,1039,0.973372
FKIT,Y+X2_M3_r1,mini_chocolate_panettone,1040,0.973941
FKIT,Y+X2_M3_r1,mini_chocolate_panettone,1041,0.972777
FKIT,Y+X2_M3_r1,mini_chocolate_panettone,1042,0.973596
FKIT,Y+X2_M3_r1,mini_chocolate_panettone,1043,0.974567
FKIT,Y+X2_M3_r1,mini_chocolate_panettone,1044,0.974568
FKIT,Y+X2_M3_r1,mini_chocolate_panettone,1045,0.974463
FKIT,Y+X2_M3_r1,mini_chocolate_panettone,1046,0.974245
FKIT,Y+X2_M3_r1,mini_chocolate_panettone,1047,0.974730
FKIT,Y+X2_M3_r1,mini_chocolate_panettone,1048,0.974409
FKIT,Y+X2_M3_r1,mini_chocolate_panettone,1049,0.972464
FKIT,Y+X2_M3_r1,mini_chocolate_panettone,1050,0.974486
FKIT,Y+X2_M3_r1,mini_chocolate_panettone,1051,0.975170
FKIT,Y+X2_M3_r1,mini_chocolate_panettone,1052,0.976664
FKIT,Y+X2_M3_r1,mini_chocolate_panettone,1053,0.976665
FKIT,Y+X2_M3_r1,mini_chocolate_panettone,1054,0.977716
FKIT,Y+X2_M3_r1,mini_chocolate_panettone,1055,0.977578
FKIT,Y+X2_M3_r1,mini_chocolate_panettone,1056,0.976106
FKIT,Y+X2_M3_r1,mini_chocolate_panettone,1057,0.977803
FKIT,Y+X2_M3_r1,mini_chocolate_panettone,1058,0.976107
FKIT,Y+X2_M3_r1,mini_chocolate_panettone,1059,0.975498
FKIT,Y+X2_M3_r1,mini_chocolate_panettone,1060,0.974752
FKIT,Y+X2_M3_r1,mini_chocolate_panettone,1061,0.975946
FKIT,Y+X2_M3_r1,mini_chocolate_panettone,1062,0.974185
FKIT,Y+X2_M3_r1,mini_chocolate_panettone,1063,0.974775
FKIT,Y+X2_M3_r1,mini_chocolate_panettone,1064,0.972719
FKIT,Y+X2_M3_r1,mini_chocolate_panettone,1065,0.975092
FKIT,Y+X2_M3_r1,mini_chocolate_panettone,1066,0.975234
FKIT,Y+X2_M3_r1,mini_chocolate_panettone,1067,0.974813
FKIT,Y+X2_M3_r1,mini_chocolate_panettone,1068,0.975328
FKIT,Y+X2_M3_r1,mini_chocolate_panettone,1069,0.975732
FKIT,Y+X2_M3_r1,mini_chocolate_panettone,1070,0.974709
FKIT,Y+X2_M3_r1,mini_chocolate_panettone,1071,0.976007
FKIT,Y+X2_M3_r1,mini_chocolate_panettone,1072,0.972456
FKIT,Y+X2_M3_r1,mini_chocolate_panettone,1073,0.972434
FKIT,Y+X2_M3_r1,mini_chocolate_panettone,1074,0.976180
FKIT,Y+X2_M3_r1,mini_chocolate_panettone,1075,0.976641
FKIT,Y+X2_M3_r1,mini_chocolate_panettone,1076,0.976348
FKIT,Y+X2_M3_r1,mini_chocolate_panettone,1077,0.976589
FKIT,Y+X2_M3_r1,mini_chocolate_panettone,1078,0.976250
FKIT,Y+X2_M3_r1,mini_chocolate_panettone,1079,0.973158
FKIT,Y+X2_M3_r1,mini_chocolate_panettone,1080,0.967210
FKIT,Y+X2_M3_r1,mini_chocolate_panettone,1081,0.974542
FKIT,Y+X2_M3_r1,mini_chocolate_panettone,1082,0.973216
FKIT,Y+X2_M3_r1,mini_chocolate_panettone,1083,0.966710
FKIT,Y+X2_M3_r1,mini_chocolate_panettone,1084,0.973835
FKIT,Y+X2_M3_r1,mini_chocolate_panettone,1085,0.974904
FKIT,Y+X2_M3_r1,mini_chocolate_panettone,1086,0.972421
FKIT,Y+X2_M3_r1,mini_chocolate_panettone,1087,0.973002
FKIT,Y+X2_M3_r1,mini_chocolate_panettone,1088,0.973526
FKIT,Y+X2_M3_r1,mini_chocolate_panettone,1089,0.976347
FKIT,Y+X2_M3_r1,mini_chocolate_panettone,1090,0.973993
FKIT,Y+X2_M3_r1,mini_chocolate_panettone,1091,0.973463
FKIT,Y+X2_M3_r1,mini_chocolate_panettone,1092,0.972200
FKIT,Y+X2_M3_r1,mini_chocolate_panettone,1093,0.973297
FKIT,Y+X2_M3_r1,mini_chocolate_panettone,1094,0.975453
FKIT,Y+X2_M3_r1,mini_chocolate_panettone,1095,0.975932
FKIT,Y+X2_M3_r1,mini_chocolate_panettone,1096,0.974359
FKIT,Y+X2_M3_r1,mini_chocolate_panettone,1097,0.975557
FKIT,Y+X2_M3_r1,mini_chocolate_panettone,1098,0.973463
FKIT,Y+X2_M3_r1,mini_chocolate_panettone,1099,0.973233
FKIT,Y+X2_M3_r1,mini_chocolate_panettone,1100,0.974993
FKIT,Y+X2_M3_r1,mini_chocolate_panettone,1101,0.974094
FKIT,Y+X2_M3_r1,mini_chocolate_panettone,1102,0.972791
FKIT,Y+X2_M3_r1,mini_chocolate_panettone,1103,0.973392
FKIT,Y+X2_M3_r1,mini_chocolate_panettone,1104,0.975541
FKIT,Y+X2_M3_r1,mini_chocolate_panettone,1105,0.972539
FKIT,Y+X2_M3_r1,mini_chocolate_panettone,1106,0.971838
FKIT,Y+X2_M3_r1,mini_chocolate_panettone,1107,0.972616
FKIT,Y+X2_M3_r1,mini_chocolate_panettone,1108,0.968899
FKIT,Y+X2_M3_r1,mini_chocolate_panettone,1109,0.970976
FKIT,Y+X2_M3_r1,mini_chocolate_panettone,1110,0.972140
FKIT,Y+X2_M3_r1,mini_chocolate_panettone,1111,0.968367
FKIT,Y+X2_M3_r1,mini_chocolate_panettone,1112,0.969048
FKIT,Y+X2_M3_r1,mini_chocolate_panettone,1113,0.973076
FKIT,Y+X2_M3_r1,mini_chocolate_panettone,1114,0.969787
FKIT,Y+X2_M3_r1,mini_chocolate_panettone,1115,0.971262
FKIT,Y+X2_M3_r1,mini_chocolate_panettone,1116,0.971324
FKIT,Y+X2_M3_r1,mini_chocolate_panettone,1117,0.972025
FKIT,Y+X2_M3_r1,mini_chocolate_panettone,1118,0.972459
FKIT,Y+X2_M3_r1,mini_chocolate_panettone,1119,0.973100
FKIT,Y+X2_M3_r1,mini_chocolate_panettone,1120,0.971891
FKIT,Y+X2_M3_r1,mini_chocolate_panettone,1121,0.973000
FKIT,Y+X2_M3_r1,mini_chocolate_panettone,1122,0.972953
FKIT,Y+X2_M3_r1,mini_chocolate_panettone,1123,0.973741
FKIT,Y+X2_M3_r1,mini_chocolate_panettone,1124,0.976092
FKIT,Y+X2_M3_r1,mini_chocolate_panettone,1125,0.971791
FKIT,Y+X2_M3_r1,mini_chocolate_panettone,1126,0.973086
FKIT,Y+X2_M3_r1,mini_chocolate_panettone,1127,0.971185
FKIT,Y+X2_M3_r1,mini_chocolate_panettone,1128,0.969703
FKIT,Y+X2_M3_r1,mini_chocolate_panettone,1129,0.972760
FKIT,Y+X2_M3_r1,mini_chocolate_panettone,1130,0.970237
FKIT,Y+X2_M3_r1,mini_chocolate_panettone,1131,0.969445
FKIT,Y+X2_M3_r1,mini_chocolate_panettone,1132,0.970479
FKIT,Y+X2_M3_r1,mini_chocolate_panettone,1133,0.971132
FKIT,Y+X2_M3_r1,mini_chocolate_panettone,1134,0.972556
FKIT,Y+X2_M3_r1,mini_chocolate_panettone,1135,0.971257
FKIT,Y+X2_M3_r1,mini_chocolate_panettone,1136,0.973285
FKIT,Y+X2_M3_r1,mini_chocolate_panettone,1137,0.974960
FKIT,Y+X2_M3_r1,mini_chocolate_panettone,1138,0.972691
FKIT,Y+X2_M3_r1,mini_chocolate_panettone,1139,0.972218
FKIT,Y+X2_M3_r1,mini_chocolate_panettone,1140,0.969949
FKIT,Y+X2_M3_r1,mini_chocolate_panettone,1141,0.971919
FKIT,Y+X2_M3_r1,mini_chocolate_panettone,1142,0.971954
FKIT,Y+X2_M3_r1,mini_chocolate_panettone,1143,0.969654
FKIT,Y+X2_M3_r1,mini_chocolate_panettone,1144,0.974028
FKIT,Y+X2_M3_r1,mini_chocolate_panettone,1145,0.970477
FKIT,Y+X2_M3_r1,mini_chocolate_panettone,1146,0.974814
FKIT,Y+X2_M3_r1,mini_chocolate_panettone,1147,0.972975
FKIT,Y+X2_M3_r1,mini_chocolate_panettone,1148,0.971877
FKIT,Y+X2_M3_r1,mini_chocolate_panettone,1149,0.969228
FKIT,Y+X2_M3_r1,mini_chocolate_panettone,1150,0.972374
FKIT,Y+X2_M3_r1,mini_chocolate_panettone,1151,0.973204
FKIT,Y+X2_M3_r1,mini_chocolate_panettone,1152,0.972362
FKIT,Y+X2_M3_r1,mini_chocolate_panettone,1153,0.973399
FKIT,Y+X2_M3_r1,mini_chocolate_panettone,1154,0.976423
FKIT,Y+X2_M3_r1,mini_chocolate_panettone,1155,0.971425
FKIT,Y+X2_M3_r1,mini_chocolate_panettone,1156,0.974214
FKIT,Y+X2_M3_r1,mini_chocolate_panettone,1157,0.974486
FKIT,Y+X2_M3_r1,mini_chocolate_panettone,1158,0.974814
FKIT,Y+X2_M3_r1,mini_chocolate_panettone,1159,0.973012
FKIT,Y+X2_M3_r1,mini_chocolate_panettone,1160,0.973681
FKIT,Y+X2_M3_r1,mini_chocolate_panettone,1161,0.971542
FKIT,Y+X2_M3_r1,mini_chocolate_panettone,1162,0.972873
FKIT,Y+X2_M3_r1,mini_chocolate_panettone,1163,0.973149
FKIT,Y+X2_M3_r1,mini_chocolate_panettone,1164,0.968331
FKIT,Y+X2_M3_r1,mini_chocolate_panettone,1165,0.969869
FKIT,Y+X2_M3_r1,mini_chocolate_panettone,1166,0.970296
FKIT,Y+X2_M3_r1,mini_chocolate_panettone,1167,0.970320
FKIT,Y+X2_M3_r1,mini_chocolate_panettone,1168,0.967444
FKIT,Y+X2_M3_r1,mini_chocolate_panettone,1169,0.967198
FKIT,Y+X2_M3_r1,mini_chocolate_panettone,1170,0.967238
FKIT,Y+X2_M3_r1,mini_chocolate_panettone,1171,0.968847
FKIT,Y+X2_M3_r1,mini_chocolate_panettone,1172,0.968098
FKIT,Y+X2_M3_r1,mini_chocolate_panettone,1173,0.969216
FKIT,Y+X2_M3_r1,mini_chocolate_panettone,1174,0.971309
FKIT,Y+X2_M3_r1,mini_chocolate_panettone,1175,0.969910
FKIT,Y+X2_M3_r1,mini_chocolate_panettone,1176,0.968166
FKIT,Y+X2_M3_r1,mini_chocolate_panettone,1177,0.967180
FKIT,Y+X2_M3_r1,mini_chocolate_panettone,1178,0.965452
FKIT,Y+X2_M3_r1,mini_chocolate_panettone,1179,0.967048
FKIT,Y+X2_M3_r1,mini_chocolate_panettone,1180,0.961515
FKIT,Y+X2_M3_r1,mini_chocolate_panettone,1181,0.967246
FKIT,Y+X2_M3_r1,mini_chocolate_panettone,1182,0.964037
FKIT,Y+X2_M3_r1,mini_chocolate_panettone,1183,0.968452
FKIT,Y+X2_M3_r1,mini_chocolate_panettone,1184,0.968729
FKIT,Y+X2_M3_r1,mini_chocolate_panettone,1185,0.966589
FKIT,Y+X2_M3_r1,mini_chocolate_panettone,1186,0.967890
FKIT,Y+X2_M3_r1,mini_chocolate_panettone,1187,0.966755
FKIT,Y+X2_M3_r1,mini_chocolate_panettone,1188,0.967255
FKIT,Y+X2_M3_r1,mini_chocolate_panettone,1189,0.967453
FKIT,Y+X2_M3_r1,mini_chocolate_panettone,1190,0.964742
FKIT,Y+X2_M3_r1,mini_chocolate_panettone,1191,0.962927
FKIT,Y+X2_M3_r1,mini_chocolate_panettone,1192,0.966537
FKIT,Y+X2_M3_r1,mini_chocolate_panettone,1193,0.965178
FKIT,Y+X2_M3_r1,mini_chocolate_panettone,1194,0.969399
FKIT,Y+X2_M3_r1,mini_chocolate_panettone,1195,0.965530
FKIT,Y+X2_M3_r1,mini_chocolate_panettone,1196,0.966606
FKIT,Y+X2_M3_r1,mini_chocolate_panettone,1197,0.966733
FKIT,Y+X2_M3_r1,mini_chocolate_panettone,1198,0.962768
FKIT,Y+X2_M3_r1,mini_chocolate_panettone,1199,0.966968
FKIT,Y+X2_M3_r1,mini_chocolate_panettone,1200,0.966543
FKIT,Y+X2_M3_r1,mini_chocolate_panettone,1201,0.969154
FKIT,Y+X2_M3_r1,mini_chocolate_panettone,1202,0.967010
FKIT,Y+X2_M3_r1,mini_chocolate_panettone,1203,0.968266
FKIT,Y+X2_M3_r1,mini_chocolate_panettone,1204,0.967891
FKIT,Y+X2_M3_r1,mini_chocolate_panettone,1205,0.971349
FKIT,Y+X2_M3_r1,mini_chocolate_panettone,1206,0.971624
FKIT,Y+X2_M3_r1,mini_chocolate_panettone,1207,0.966338
FKIT,Y+X2_M3_r1,mini_chocolate_panettone,1208,0.969324
FKIT,Y+X2_M3_r1,napolitanas,0,0.946165
FKIT,Y+X2_M3_r1,napolitanas,1,0.944533
FKIT,Y+X2_M3_r1,napolitanas,2,0.946757
FKIT,Y+X2_M3_r1,napolitanas,3,0.941107
FKIT,Y+X2_M3_r1,napolitanas,4,0.943136
FKIT,Y+X2_M3_r1,napolitanas,5,0.949065
FKIT,Y+X2_M3_r1,napolitanas,6,0.948206
FKIT,Y+X2_M3_r1,napolitanas,7,0.947800
FKIT,Y+X2_M3_r1,napolitanas,8,0.953392
FKIT,Y+X2_M3_r1,napolitanas,9,0.946790
FKIT,Y+X2_M3_r1,napolitanas,10,0.953146
FKIT,Y+X2_M3_r1,napolitanas,11,0.956493
FKIT,Y+X2_M3_r1,napolitanas,12,0.955895
FKIT,Y+X2_M3_r1,napolitanas,13,0.957498
FKIT,Y+X2_M3_r1,napolitanas,14,0.967523
FKIT,Y+X2_M3_r1,napolitanas,15,0.966764
FKIT,Y+X2_M3_r1,napolitanas,16,0.968158
FKIT,Y+X2_M3_r1,napolitanas,17,0.968743
FKIT,Y+X2_M3_r1,napolitanas,18,0.963974
FKIT,Y+X2_M3_r1,napolitanas,19,0.964968
FKIT,Y+X2_M3_r1,napolitanas,20,0.966218
FKIT,Y+X2_M3_r1,napolitanas,21,0.970139
FKIT,Y+X2_M3_r1,napolitanas,22,0.970204
FKIT,Y+X2_M3_r1,napolitanas,23,0.969752
FKIT,Y+X2_M3_r1,napolitanas,24,0.969382
FKIT,Y+X2_M3_r1,napolitanas,25,0.970394
FKIT,Y+X2_M3_r1,napolitanas,26,0.970521
FKIT,Y+X2_M3_r1,napolitanas,27,0.970085
FKIT,Y+X2_M3_r1,napolitanas,28,0.965829
FKIT,Y+X2_M3_r1,napolitanas,29,0.969125
FKIT,Y+X2_M3_r1,napolitanas,30,0.971868
FKIT,Y+X2_M3_r1,napolitanas,31,0.971690
FKIT,Y+X2_M3_r1,napolitanas,32,0.971894
FKIT,Y+X2_M3_r1,napolitanas,33,0.971987
FKIT,Y+X2_M3_r1,napolitanas,34,0.971718
FKIT,Y+X2_M3_r1,napolitanas,35,0.970684
FKIT,Y+X2_M3_r1,napolitanas,36,0.972255
FKIT,Y+X2_M3_r1,napolitanas,37,0.968109
FKIT,Y+X2_M3_r1,napolitanas,38,0.962409
FKIT,Y+X2_M3_r1,napolitanas,39,0.968881
FKIT,Y+X2_M3_r1,napolitanas,40,0.964835
FKIT,Y+X2_M3_r1,napolitanas,41,0.964286
FKIT,Y+X2_M3_r1,napolitanas,42,0.970625
FKIT,Y+X2_M3_r1,napolitanas,43,0.974303
FKIT,Y+X2_M3_r1,napolitanas,44,0.972412
FKIT,Y+X2_M3_r1,napolitanas,45,0.973751
FKIT,Y+X2_M3_r1,napolitanas,46,0.975370
FKIT,Y+X2_M3_r1,napolitanas,47,0.973593
FKIT,Y+X2_M3_r1,napolitanas,48,0.963375
FKIT,Y+X2_M3_r1,napolitanas,49,0.965215
FKIT,Y+X2_M3_r1,napolitanas,50,0.969840
FKIT,Y+X2_M3_r1,napolitanas,51,0.971947
FKIT,Y+X2_M3_r1,napolitanas,52,0.967195
FKIT,Y+X2_M3_r1,napolitanas,53,0.971571
FKIT,Y+X2_M3_r1,napolitanas,54,0.968839
FKIT,Y+X2_M3_r1,napolitanas,55,0.967807
FKIT,Y+X2_M3_r1,napolitanas,56,0.969596
FKIT,Y+X2_M3_r1,napolitanas,57,0.968217
FKIT,Y+X2_M3_r1,napolitanas,58,0.969227
FKIT,Y+X2_M3_r1,napolitanas,59,0.971432
FKIT,Y+X2_M3_r1,napolitanas,60,0.968786
FKIT,Y+X2_M3_r1,napolitanas,61,0.968381
FKIT,Y+X2_M3_r1,napolitanas,62,0.966298
FKIT,Y+X2_M3_r1,napolitanas,63,0.968681
FKIT,Y+X2_M3_r1,napolitanas,64,0.955438
FKIT,Y+X2_M3_r1,napolitanas,65,0.971332
FKIT,Y+X2_M3_r1,napolitanas,66,0.970417
FKIT,Y+X2_M3_r1,napolitanas,67,0.967734
FKIT,Y+X2_M3_r1,napolitanas,68,0.968016
FKIT,Y+X2_M3_r1,napolitanas,69,0.969482
FKIT,Y+X2_M3_r1,napolitanas,70,0.972475
FKIT,Y+X2_M3_r1,napolitanas,71,0.971509
FKIT,Y+X2_M3_r1,napolitanas,72,0.971414
FKIT,Y+X2_M3_r1,napolitanas,73,0.971831
FKIT,Y+X2_M3_r1,napolitanas,74,0.968963
FKIT,Y+X2_M3_r1,napolitanas,75,0.973067
FKIT,Y+X2_M3_r1,napolitanas,76,0.971951
FKIT,Y+X2_M3_r1,napolitanas,77,0.972327
FKIT,Y+X2_M3_r1,napolitanas,78,0.967709
FKIT,Y+X2_M3_r1,napolitanas,79,0.970504
FKIT,Y+X2_M3_r1,napolitanas,80,0.969925
FKIT,Y+X2_M3_r1,napolitanas,81,0.967987
FKIT,Y+X2_M3_r1,napolitanas,82,0.968315
FKIT,Y+X2_M3_r1,napolitanas,83,0.969114
FKIT,Y+X2_M3_r1,napolitanas,84,0.970681
FKIT,Y+X2_M3_r1,napolitanas,85,0.968180
FKIT,Y+X2_M3_r1,napolitanas,86,0.969443
FKIT,Y+X2_M3_r1,napolitanas,87,0.970828
FKIT,Y+X2_M3_r1,napolitanas,88,0.966552
FKIT,Y+X2_M3_r1,napolitanas,89,0.967461
FKIT,Y+X2_M3_r1,napolitanas,90,0.966165
FKIT,Y+X2_M3_r1,napolitanas,91,0.969368
FKIT,Y+X2_M3_r1,napolitanas,92,0.966696
FKIT,Y+X2_M3_r1,napolitanas,93,0.965406
FKIT,Y+X2_M3_r1,napolitanas,94,0.964996
FKIT,Y+X2_M3_r1,napolitanas,95,0.963198
FKIT,Y+X2_M3_r1,napolitanas,96,0.959663
FKIT,Y+X2_M3_r1,napolitanas,97,0.960631
FKIT,Y+X2_M3_r1,napolitanas,98,0.958745
FKIT,Y+X2_M3_r1,napolitanas,99,0.957176
FKIT,Y+X2_M3_r1,napolitanas,100,0.956833
FKIT,Y+X2_M3_r1,napolitanas,101,0.960131
FKIT,Y+X2_M3_r1,napolitanas,102,0.958693
FKIT,Y+X2_M3_r1,napolitanas,103,0.956603
FKIT,Y+X2_M3_r1,napolitanas,104,0.953656
FKIT,Y+X2_M3_r1,napolitanas,105,0.955543
FKIT,Y+X2_M3_r1,napolitanas,106,0.956081
FKIT,Y+X2_M3_r1,napolitanas,107,0.952865
FKIT,Y+X2_M3_r1,napolitanas,108,0.953276
FKIT,Y+X2_M3_r1,napolitanas,109,0.954051
FKIT,Y+X2_M3_r1,napolitanas,110,0.957143
FKIT,Y+X2_M3_r1,napolitanas,111,0.958058
FKIT,Y+X2_M3_r1,napolitanas,112,0.958146
FKIT,Y+X2_M3_r1,napolitanas,113,0.952703
FKIT,Y+X2_M3_r1,napolitanas,114,0.945636
FKIT,Y+X2_M3_r1,napolitanas,115,0.953536
FKIT,Y+X2_M3_r1,napolitanas,116,0.953437
FKIT,Y+X2_M3_r1,napolitanas,117,0.954748
FKIT,Y+X2_M3_r1,napolitanas,118,0.953526
FKIT,Y+X2_M3_r1,napolitanas,119,0.954059
FKIT,Y+X2_M3_r1,napolitanas,120,0.955077
FKIT,Y+X2_M3_r1,napolitanas,121,0.956855
FKIT,Y+X2_M3_r1,napolitanas,122,0.955149
FKIT,Y+X2_M3_r1,napolitanas,123,0.957778
FKIT,Y+X2_M3_r1,napolitanas,124,0.959450
FKIT,Y+X2_M3_r1,napolitanas,125,0.962516
FKIT,Y+X2_M3_r1,napolitanas,126,0.963739
FKIT,Y+X2_M3_r1,napolitanas,127,0.962399
FKIT,Y+X2_M3_r1,napolitanas,128,0.961880
FKIT,Y+X2_M3_r1,napolitanas,129,0.961740
FKIT,Y+X2_M3_r1,napolitanas,130,0.962016
FKIT,Y+X2_M3_r1,napolitanas,131,0.962359
FKIT,Y+X2_M3_r1,napolitanas,132,0.961355
FKIT,Y+X2_M3_r1,napolitanas,133,0.961867
FKIT,Y+X2_M3_r1,napolitanas,134,0.962920
FKIT,Y+X2_M3_r1,napolitanas,135,0.964201
FKIT,Y+X2_M3_r1,napolitanas,136,0.967908
FKIT,Y+X2_M3_r1,napolitanas,137,0.965099
FKIT,Y+X2_M3_r1,napolitanas,138,0.964238
FKIT,Y+X2_M3_r1,napolitanas,139,0.964936
FKIT,Y+X2_M3_r1,napolitanas,140,0.968067
FKIT,Y+X2_M3_r1,napolitanas,141,0.965381
FKIT,Y+X2_M3_r1,napolitanas,142,0.964444
FKIT,Y+X2_M3_r1,napolitanas,143,0.965842
FKIT,Y+X2_M3_r1,napolitanas,144,0.965045
FKIT,Y+X2_M3_r1,napolitanas,145,0.966276
FKIT,Y+X2_M3_r1,napolitanas,146,0.966410
FKIT,Y+X2_M3_r1,napolitanas,147,0.968353
FKIT,Y+X2_M3_r1,napolitanas,148,0.969928
FKIT,Y+X2_M3_r1,napolitanas,149,0.967296
FKIT,Y+X2_M3_r1,napolitanas,150,0.970482
FKIT,Y+X2_M3_r1,napolitanas,151,0.970772
FKIT,Y+X2_M3_r1,napolitanas,152,0.967647
FKIT,Y+X2_M3_r1,napolitanas,153,0.970667
FKIT,Y+X2_M3_r1,napolitanas,154,0.972842
FKIT,Y+X2_M3_r1,napolitanas,155,0.974212
FKIT,Y+X2_M3_r1,napolitanas,156,0.974311
FKIT,Y+X2_M3_r1,napolitanas,157,0.973159
FKIT,Y+X2_M3_r1,napolitanas,158,0.971943
FKIT,Y+X2_M3_r1,napolitanas,159,0.973788
FKIT,Y+X2_M3_r1,napolitanas,160,0.972767
FKIT,Y+X2_M3_r1,napolitanas,161,0.975021
FKIT,Y+X2_M3_r1,napolitanas,162,0.974953
FKIT,Y+X2_M3_r1,napolitanas,163,0.970232
FKIT,Y+X2_M3_r1,napolitanas,164,0.975755
FKIT,Y+X2_M3_r1,napolitanas,165,0.972757
FKIT,Y+X2_M3_r1,napolitanas,166,0.972230
FKIT,Y+X2_M3_r1,napolitanas,167,0.975474
FKIT,Y+X2_M3_r1,napolitanas,168,0.971680
FKIT,Y+X2_M3_r1,napolitanas,169,0.973343
FKIT,Y+X2_M3_r1,napolitanas,170,0.969196
FKIT,Y+X2_M3_r1,napolitanas,171,0.969656
FKIT,Y+X2_M3_r1,napolitanas,172,0.971313
FKIT,Y+X2_M3_r1,napolitanas,173,0.971617
FKIT,Y+X2_M3_r1,napolitanas,174,0.968564
FKIT,Y+X2_M3_r1,napolitanas,175,0.975165
FKIT,Y+X2_M3_r1,napolitanas,176,0.965783
FKIT,Y+X2_M3_r1,napolitanas,177,0.974577
FKIT,Y+X2_M3_r1,napolitanas,178,0.971500
FKIT,Y+X2_M3_r1,napolitanas,179,0.969401
FKIT,Y+X2_M3_r1,napolitanas,180,0.968094
FKIT,Y+X2_M3_r1,napolitanas,181,0.969289
FKIT,Y+X2_M3_r1,napolitanas,182,0.970326
FKIT,Y+X2_M3_r1,napolitanas,183,0.968650
FKIT,Y+X2_M3_r1,napolitanas,184,0.967547
FKIT,Y+X2_M3_r1,napolitanas,185,0.971285
FKIT,Y+X2_M3_r1,napolitanas,186,0.970974
FKIT,Y+X2_M3_r1,napolitanas,187,0.969697
FKIT,Y+X2_M3_r1,napolitanas,188,0.969864
FKIT,Y+X2_M3_r1,napolitanas,189,0.971256
FKIT,Y+X2_M3_r1,napolitanas,190,0.970493
FKIT,Y+X2_M3_r1,napolitanas,191,0.967015
FKIT,Y+X2_M3_r1,napolitanas,192,0.967851
FKIT,Y+X2_M3_r1,napolitanas,193,0.966239
FKIT,Y+X2_M3_r1,napolitanas,194,0.966841
FKIT,Y+X2_M3_r1,napolitanas,195,0.964667
FKIT,Y+X2_M3_r1,napolitanas,196,0.963048
FKIT,Y+X2_M3_r1,napolitanas,197,0.959694
FKIT,Y+X2_M3_r1,napolitanas,198,0.963206
FKIT,Y+X2_M3_r1,napolitanas,199,0.957402
FKIT,Y+X2_M3_r1,napolitanas,200,0.970921
FKIT,Y+X2_M3_r1,napolitanas,201,0.972386
FKIT,Y+X2_M3_r1,napolitanas,202,0.971286
FKIT,Y+X2_M3_r1,napolitanas,203,0.968623
FKIT,Y+X2_M3_r1,napolitanas,204,0.971732
FKIT,Y+X2_M3_r1,napolitanas,205,0.968258
FKIT,Y+X2_M3_r1,napolitanas,206,0.977393
FKIT,Y+X2_M3_r1,napolitanas,207,0.974962
FKIT,Y+X2_M3_r1,napolitanas,208,0.975976
FKIT,Y+X2_M3_r1,napolitanas,209,0.974473
FKIT,Y+X2_M3_r1,napolitanas,210,0.973320
FKIT,Y+X2_M3_r1,napolitanas,211,0.977370
FKIT,Y+X2_M3_r1,napolitanas,212,0.975088
FKIT,Y+X2_M3_r1,napolitanas,213,0.977814
FKIT,Y+X2_M3_r1,napolitanas,214,0.975975
FKIT,Y+X2_M3_r1,napolitanas,215,0.977596
FKIT,Y+X2_M3_r1,napolitanas,216,0.977043
FKIT,Y+X2_M3_r1,napolitanas,217,0.977220
FKIT,Y+X2_M3_r1,napolitanas,218,0.975987
FKIT,Y+X2_M3_r1,napolitanas,219,0.977381
FKIT,Y+X2_M3_r1,napolitanas,220,0.976092
FKIT,Y+X2_M3_r1,napolitanas,221,0.975548
FKIT,Y+X2_M3_r1,napolitanas,222,0.974790
FKIT,Y+X2_M3_r1,napolitanas,223,0.975460
FKIT,Y+X2_M3_r1,napolitanas,224,0.976315
FKIT,Y+X2_M3_r1,napolitanas,225,0.977120
FKIT,Y+X2_M3_r1,napolitanas,226,0.976703
FKIT,Y+X2_M3_r1,napolitanas,227,0.976670
FKIT,Y+X2_M3_r1,napolitanas,228,0.976233
FKIT,Y+X2_M3_r1,napolitanas,229,0.977002
FKIT,Y+X2_M3_r1,napolitanas,230,0.979154
FKIT,Y+X2_M3_r1,napolitanas,231,0.976743
FKIT,Y+X2_M3_r1,napolitanas,232,0.977408
FKIT,Y+X2_M3_r1,napolitanas,233,0.976507
FKIT,Y+X2_M3_r1,napolitanas,234,0.976993
FKIT,Y+X2_M3_r1,napolitanas,235,0.979031
FKIT,Y+X2_M3_r1,napolitanas,236,0.980213
FKIT,Y+X2_M3_r1,napolitanas,237,0.977460
FKIT,Y+X2_M3_r1,napolitanas,238,0.976955
FKIT,Y+X2_M3_r1,napolitanas,239,0.977434
FKIT,Y+X2_M3_r1,napolitanas,240,0.980391
FKIT,Y+X2_M3_r1,napolitanas,241,0.979989
FKIT,Y+X2_M3_r1,napolitanas,242,0.977930
FKIT,Y+X2_M3_r1,napolitanas,243,0.977488
FKIT,Y+X2_M3_r1,napolitanas,244,0.979690
FKIT,Y+X2_M3_r1,napolitanas,245,0.981244
FKIT,Y+X2_M3_r1,napolitanas,246,0.978517
FKIT,Y+X2_M3_r1,napolitanas,247,0.978867
FKIT,Y+X2_M3_r1,napolitanas,248,0.980242
FKIT,Y+X2_M3_r1,napolitanas,249,0.981513
FKIT,Y+X2_M3_r1,napolitanas,250,0.982447
FKIT,Y+X2_M3_r1,napolitanas,251,0.977506
FKIT,Y+X2_M3_r1,napolitanas,252,0.975738
FKIT,Y+X2_M3_r1,napolitanas,253,0.976136
FKIT,Y+X2_M3_r1,napolitanas,254,0.980781
FKIT,Y+X2_M3_r1,napolitanas,255,0.978311
FKIT,Y+X2_M3_r1,napolitanas,256,0.979006
FKIT,Y+X2_M3_r1,napolitanas,257,0.976421
FKIT,Y+X2_M3_r1,napolitanas,258,0.980149
FKIT,Y+X2_M3_r1,napolitanas,259,0.978078
FKIT,Y+X2_M3_r1,napolitanas,260,0.979096
FKIT,Y+X2_M3_r1,napolitanas,261,0.979816
FKIT,Y+X2_M3_r1,napolitanas,262,0.974717
FKIT,Y+X2_M3_r1,napolitanas,263,0.978566
FKIT,Y+X2_M3_r1,napolitanas,264,0.979302
FKIT,Y+X2_M3_r1,napolitanas,265,0.977408
FKIT,Y+X2_M3_r1,napolitanas,266,0.978832
FKIT,Y+X2_M3_r1,napolitanas,267,0.977147
FKIT,Y+X2_M3_r1,napolitanas,268,0.973113
FKIT,Y+X2_M3_r1,napolitanas,269,0.978240
FKIT,Y+X2_M3_r1,napolitanas,270,0.977084
FKIT,Y+X2_M3_r1,napolitanas,271,0.976286
FKIT,Y+X2_M3_r1,napolitanas,272,0.980786
FKIT,Y+X2_M3_r1,napolitanas,273,0.974815
FKIT,Y+X2_M3_r1,napolitanas,274,0.977548
FKIT,Y+X2_M3_r1,napolitanas,275,0.976176
FKIT,Y+X2_M3_r1,napolitanas,276,0.979028
FKIT,Y+X2_M3_r1,napolitanas,277,0.977278
FKIT,Y+X2_M3_r1,napolitanas,278,0.982177
FKIT,Y+X2_M3_r1,napolitanas,279,0.979944
FKIT,Y+X2_M3_r1,napolitanas,280,0.978762
FKIT,Y+X2_M3_r1,napolitanas,281,0.978811
FKIT,Y+X2_M3_r1,napolitanas,282,0.981017
FKIT,Y+X2_M3_r1,napolitanas,283,0.982062
FKIT,Y+X2_M3_r1,napolitanas,284,0.983801
FKIT,Y+X2_M3_r1,napolitanas,285,0.978261
FKIT,Y+X2_M3_r1,napolitanas,286,0.981525
FKIT,Y+X2_M3_r1,napolitanas,287,0.982115
FKIT,Y+X2_M3_r1,napolitanas,288,0.982857
FKIT,Y+X2_M3_r1,napolitanas,289,0.983295
FKIT,Y+X2_M3_r1,napolitanas,290,0.986212
FKIT,Y+X2_M3_r1,napolitanas,291,0.987051
FKIT,Y+X2_M3_r1,napolitanas,292,0.980339
FKIT,Y+X2_M3_r1,napolitanas,293,0.981578
FKIT,Y+X2_M3_r1,napolitanas,294,0.982836
FKIT,Y+X2_M3_r1,napolitanas,295,0.984293
FKIT,Y+X2_M3_r1,napolitanas,296,0.977398
FKIT,Y+X2_M3_r1,napolitanas,297,0.979493
FKIT,Y+X2_M3_r1,napolitanas,298,0.982796
FKIT,Y+X2_M3_r1,napolitanas,299,0.979959
FKIT,Y+X2_M3_r1,napolitanas,300,0.976778
FKIT,Y+X2_M3_r1,napolitanas,301,0.981016
FKIT,Y+X2_M3_r1,napolitanas,302,0.981266
FKIT,Y+X2_M3_r1,napolitanas,303,0.983907
FKIT,Y+X2_M3_r1,napolitanas,304,0.984143
FKIT,Y+X2_M3_r1,napolitanas,305,0.981446
FKIT,Y+X2_M3_r1,napolitanas,306,0.983504
FKIT,Y+X2_M3_r1,napolitanas,307,0.983665
FKIT,Y+X2_M3_r1,napolitanas,308,0.982655
FKIT,Y+X2_M3_r1,napolitanas,309,0.981907
FKIT,Y+X2_M3_r1,napolitanas,310,0.981593
FKIT,Y+X2_M3_r1,napolitanas,311,0.981198
FKIT,Y+X2_M3_r1,napolitanas,312,0.982694
FKIT,Y+X2_M3_r1,napolitanas,313,0.979198
FKIT,Y+X2_M3_r1,napolitanas,314,0.981587
FKIT,Y+X2_M3_r1,napolitanas,315,0.978808
FKIT,Y+X2_M3_r1,napolitanas,316,0.979530
FKIT,Y+X2_M3_r1,napolitanas,317,0.979608
FKIT,Y+X2_M3_r1,napolitanas,318,0.982345
FKIT,Y+X2_M3_r1,napolitanas,319,0.976797
FKIT,Y+X2_M3_r1,napolitanas,320,0.978395
FKIT,Y+X2_M3_r1,napolitanas,321,0.977125
FKIT,Y+X2_M3_r1,napolitanas,322,0.979079
FKIT,Y+X2_M3_r1,napolitanas,323,0.977601
FKIT,Y+X2_M3_r1,napolitanas,324,0.979398
FKIT,Y+X2_M3_r1,napolitanas,325,0.977320
FKIT,Y+X2_M3_r1,napolitanas,326,0.979672
FKIT,Y+X2_M3_r1,napolitanas,327,0.978591
FKIT,Y+X2_M3_r1,napolitanas,328,0.977656
FKIT,Y+X2_M3_r1,napolitanas,329,0.972739
FKIT,Y+X2_M3_r1,napolitanas,330,0.978070
FKIT,Y+X2_M3_r1,napolitanas,331,0.976725
FKIT,Y+X2_M3_r1,napolitanas,332,0.977695
FKIT,Y+X2_M3_r1,napolitanas,333,0.978121
FKIT,Y+X2_M3_r1,napolitanas,334,0.975807
FKIT,Y+X2_M3_r1,napolitanas,335,0.976966
FKIT,Y+X2_M3_r1,napolitanas,336,0.978759
FKIT,Y+X2_M3_r1,napolitanas,337,0.974562
FKIT,Y+X2_M3_r1,napolitanas,338,0.979251
FKIT,Y+X2_M3_r1,napolitanas,339,0.977276
FKIT,Y+X2_M3_r1,napolitanas,340,0.976555
FKIT,Y+X2_M3_r1,napolitanas,341,0.979660
FKIT,Y+X2_M3_r1,napolitanas,342,0.977957
FKIT,Y+X2_M3_r1,napolitanas,343,0.979468
FKIT,Y+X2_M3_r1,napolitanas,344,0.978871
FKIT,Y+X2_M3_r1,napolitanas,345,0.979293
FKIT,Y+X2_M3_r1,napolitanas,346,0.976293
FKIT,Y+X2_M3_r1,napolitanas,347,0.979055
FKIT,Y+X2_M3_r1,napolitanas,348,0.978034
FKIT,Y+X2_M3_r1,napolitanas,349,0.977442
FKIT,Y+X2_M3_r1,napolitanas,350,0.976677
FKIT,Y+X2_M3_r1,napolitanas,351,0.979724
FKIT,Y+X2_M3_r1,napolitanas,352,0.974903
FKIT,Y+X2_M3_r1,napolitanas,353,0.979810
FKIT,Y+X2_M3_r1,napolitanas,354,0.978499
FKIT,Y+X2_M3_r1,napolitanas,355,0.979309
FKIT,Y+X2_M3_r1,napolitanas,356,0.980941
FKIT,Y+X2_M3_r1,napolitanas,357,0.979258
FKIT,Y+X2_M3_r1,napolitanas,358,0.978718
FKIT,Y+X2_M3_r1,napolitanas,359,0.975882
FKIT,Y+X2_M3_r1,napolitanas,360,0.977089
FKIT,Y+X2_M3_r1,napolitanas,361,0.979370
FKIT,Y+X2_M3_r1,napolitanas,362,0.978616
FKIT,Y+X2_M3_r1,napolitanas,363,0.978428
FKIT,Y+X2_M3_r1,napolitanas,364,0.982007
FKIT,Y+X2_M3_r1,napolitanas,365,0.979825
FKIT,Y+X2_M3_r1,napolitanas,366,0.979455
FKIT,Y+X2_M3_r1,napolitanas,367,0.978646
FKIT,Y+X2_M3_r1,napolitanas,368,0.979903
FKIT,Y+X2_M3_r1,napolitanas,369,0.980642
FKIT,Y+X2_M3_r1,napolitanas,370,0.979882
FKIT,Y+X2_M3_r1,napolitanas,371,0.977199
FKIT,Y+X2_M3_r1,napolitanas,372,0.976909
FKIT,Y+X2_M3_r1,napolitanas,373,0.979084
FKIT,Y+X2_M3_r1,napolitanas,374,0.982390
FKIT,Y+X2_M3_r1,napolitanas,375,0.982458
FKIT,Y+X2_M3_r1,napolitanas,376,0.983446
FKIT,Y+X2_M3_r1,napolitanas,377,0.982791
FKIT,Y+X2_M3_r1,napolitanas,378,0.982376
FKIT,Y+X2_M3_r1,napolitanas,379,0.981902
FKIT,Y+X2_M3_r1,napolitanas,380,0.984840
FKIT,Y+X2_M3_r1,napolitanas,381,0.981784
FKIT,Y+X2_M3_r1,napolitanas,382,0.980231
FKIT,Y+X2_M3_r1,napolitanas,383,0.982128
FKIT,Y+X2_M3_r1,napolitanas,384,0.981071
FKIT,Y+X2_M3_r1,napolitanas,385,0.982876
FKIT,Y+X2_M3_r1,napolitanas,386,0.983248
FKIT,Y+X2_M3_r1,napolitanas,387,0.982711
FKIT,Y+X2_M3_r1,napolitanas,388,0.980388
FKIT,Y+X2_M3_r1,napolitanas,389,0.981035
FKIT,Y+X2_M3_r1,napolitanas,390,0.983433
FKIT,Y+X2_M3_r1,napolitanas,391,0.979952
FKIT,Y+X2_M3_r1,napolitanas,392,0.983005
FKIT,Y+X2_M3_r1,napolitanas,393,0.982411
FKIT,Y+X2_M3_r1,napolitanas,394,0.981817
FKIT,Y+X2_M3_r1,napolitanas,395,0.984018
FKIT,Y+X2_M3_r1,napolitanas,396,0.983599
FKIT,Y+X2_M3_r1,napolitanas,397,0.983107
FKIT,Y+X2_M3_r1,napolitanas,398,0.980866
FKIT,Y+X2_M3_r1,napolitanas,399,0.981202
FKIT,Y+X2_M3_r1,napolitanas,400,0.981094
FKIT,Y+X2_M3_r1,napolitanas,401,0.979315
FKIT,Y+X2_M3_r1,napolitanas,402,0.976130
FKIT,Y+X2_M3_r1,napolitanas,403,0.974153
FKIT,Y+X2_M3_r1,napolitanas,404,0.977966
FKIT,Y+X2_M3_r1,napolitanas,405,0.979272
FKIT,Y+X2_M3_r1,napolitanas,406,0.977620
FKIT,Y+X2_M3_r1,napolitanas,407,0.976347
FKIT,Y+X2_M3_r1,napolitanas,408,0.976160
FKIT,Y+X2_M3_r1,napolitanas,409,0.978309
FKIT,Y+X2_M3_r1,napolitanas,410,0.975771
FKIT,Y+X2_M3_r1,napolitanas,411,0.973837
FKIT,Y+X2_M3_r1,napolitanas,412,0.976754
FKIT,Y+X2_M3_r1,napolitanas,413,0.974173
FKIT,Y+X2_M3_r1,napolitanas,414,0.974803
FKIT,Y+X2_M3_r1,napolitanas,415,0.975406
FKIT,Y+X2_M3_r1,napolitanas,416,0.974745
FKIT,Y+X2_M3_r1,napolitanas,417,0.976718
FKIT,Y+X2_M3_r1,napolitanas,418,0.974768
FKIT,Y+X2_M3_r1,napolitanas,419,0.975544
FKIT,Y+X2_M3_r1,napolitanas,420,0.976342
FKIT,Y+X2_M3_r1,napolitanas,421,0.974976
FKIT,Y+X2_M3_r1,napolitanas,422,0.973398
FKIT,Y+X2_M3_r1,napolitanas,423,0.970732
FKIT,Y+X2_M3_r1,napolitanas,424,0.973886
FKIT,Y+X2_M3_r1,napolitanas,425,0.974677
FKIT,Y+X2_M3_r1,napolitanas,426,0.977126
FKIT,Y+X2_M3_r1,napolitanas,427,0.976864
FKIT,Y+X2_M3_r1,napolitanas,428,0.976656
FKIT,Y+X2_M3_r1,napolitanas,429,0.976088
FKIT,Y+X2_M3_r1,napolitanas,430,0.975643
FKIT,Y+X2_M3_r1,napolitanas,431,0.973035
FKIT,Y+X2_M3_r1,napolitanas,432,0.974367
FKIT,Y+X2_M3_r1,napolitanas,433,0.973160
FKIT,Y+X2_M3_r1,napolitanas,434,0.974253
FKIT,Y+X2_M3_r1,napolitanas,435,0.981654
FKIT,Y+X2_M3_r1,napolitanas,436,0.975101
FKIT,Y+X2_M3_r1,napolitanas,437,0.973826
FKIT,Y+X2_M3_r1,napolitanas,438,0.978787
FKIT,Y+X2_M3_r1,napolitanas,439,0.973725
FKIT,Y+X2_M3_r1,napolitanas,440,0.972778
FKIT,Y+X2_M3_r1,napolitanas,441,0.973411
FKIT,Y+X2_M3_r1,napolitanas,442,0.973872
FKIT,Y+X2_M3_r1,napolitanas,443,0.974843
FKIT,Y+X2_M3_r1,napolitanas,444,0.974760
FKIT,Y+X2_M3_r1,napolitanas,445,0.976404
FKIT,Y+X2_M3_r1,napolitanas,446,0.977064
FKIT,Y+X2_M3_r1,napolitanas,447,0.975298
FKIT,Y+X2_M3_r1,napolitanas,448,0.975882
FKIT,Y+X2_M3_r1,napolitanas,449,0.975488
FKIT,Y+X2_M3_r1,napolitanas,450,0.978807
FKIT,Y+X2_M3_r1,napolitanas,451,0.975280
FKIT,Y+X2_M3_r1,napolitanas,452,0.973002
FKIT,Y+X2_M3_r1,napolitanas,453,0.976570
FKIT,Y+X2_M3_r1,napolitanas,454,0.972543
FKIT,Y+X2_M3_r1,napolitanas,455,0.973870
FKIT,Y+X2_M3_r1,napolitanas,456,0.973921
FKIT,Y+X2_M3_r1,napolitanas,457,0.973807
FKIT,Y+X2_M3_r1,napolitanas,458,0.972135
FKIT,Y+X2_M3_r1,napolitanas,459,0.972351
FKIT,Y+X2_M3_r1,napolitanas,460,0.975878
FKIT,Y+X2_M3_r1,napolitanas,461,0.973815
FKIT,Y+X2_M3_r1,napolitanas,462,0.973122
FKIT,Y+X2_M3_r1,napolitanas,463,0.973055
FKIT,Y+X2_M3_r1,napolitanas,464,0.975827
FKIT,Y+X2_M3_r1,napolitanas,465,0.978286
FKIT,Y+X2_M3_r1,napolitanas,466,0.975153
FKIT,Y+X2_M3_r1,napolitanas,467,0.970393
FKIT,Y+X2_M3_r1,napolitanas,468,0.973254
FKIT,Y+X2_M3_r1,napolitanas,469,0.972100
FKIT,Y+X2_M3_r1,napolitanas,470,0.969727
FKIT,Y+X2_M3_r1,napolitanas,471,0.974054
FKIT,Y+X2_M3_r1,napolitanas,472,0.977593
FKIT,Y+X2_M3_r1,napolitanas,473,0.975418
FKIT,Y+X2_M3_r1,napolitanas,474,0.973073
FKIT,Y+X2_M3_r1,napolitanas,475,0.970372
FKIT,Y+X2_M3_r1,napolitanas,476,0.971673
FKIT,Y+X2_M3_r1,napolitanas,477,0.975343
FKIT,Y+X2_M3_r1,napolitanas,478,0.970810
FKIT,Y+X2_M3_r1,napolitanas,479,0.970626
FKIT,Y+X2_M3_r1,napolitanas,480,0.973833
FKIT,Y+X2_M3_r1,napolitanas,481,0.971531
FKIT,Y+X2_M3_r1,napolitanas,482,0.970742
FKIT,Y+X2_M3_r1,napolitanas,483,0.970476
FKIT,Y+X2_M3_r1,napolitanas,484,0.972956
FKIT,Y+X2_M3_r1,napolitanas,485,0.974575
FKIT,Y+X2_M3_r1,napolitanas,486,0.972288
FKIT,Y+X2_M3_r1,napolitanas,487,0.972005
FKIT,Y+X2_M3_r1,napolitanas,488,0.973086
FKIT,Y+X2_M3_r1,napolitanas,489,0.971426
FKIT,Y+X2_M3_r1,napolitanas,490,0.968683
FKIT,Y+X2_M3_r1,napolitanas,491,0.972073
FKIT,Y+X2_M3_r1,napolitanas,492,0.970229
FKIT,Y+X2_M3_r1,napolitanas,493,0.971343
FKIT,Y+X2_M3_r1,napolitanas,494,0.970737
FKIT,Y+X2_M3_r1,napolitanas,495,0.972204
FKIT,Y+X2_M3_r1,napolitanas,496,0.972207
FKIT,Y+X2_M3_r1,napolitanas,497,0.972129
FKIT,Y+X2_M3_r1,napolitanas,498,0.972042
FKIT,Y+X2_M3_r1,napolitanas,499,0.973222
FKIT,Y+X2_M3_r1,napolitanas,500,0.974219
FKIT,Y+X2_M3_r1,napolitanas,501,0.972588
FKIT,Y+X2_M3_r1,napolitanas,502,0.970299
FKIT,Y+X2_M3_r1,napolitanas,503,0.968955
FKIT,Y+X2_M3_r1,napolitanas,504,0.974195
FKIT,Y+X2_M3_r1,napolitanas,505,0.972857
FKIT,Y+X2_M3_r1,napolitanas,506,0.973400
FKIT,Y+X2_M3_r1,napolitanas,507,0.970066
FKIT,Y+X2_M3_r1,napolitanas,508,0.972865
FKIT,Y+X2_M3_r1,napolitanas,509,0.972277
FKIT,Y+X2_M3_r1,napolitanas,510,0.970829
FKIT,Y+X2_M3_r1,napolitanas,511,0.972774
FKIT,Y+X2_M3_r1,napolitanas,512,0.965768
FKIT,Y+X2_M3_r1,napolitanas,513,0.965761
FKIT,Y+X2_M3_r1,napolitanas,514,0.968078
FKIT,Y+X2_M3_r1,napolitanas,515,0.962855
FKIT,Y+X2_M3_r1,napolitanas,516,0.965473
FKIT,Y+X2_M3_r1,napolitanas,517,0.966701
FKIT,Y+X2_M3_r1,napolitanas,518,0.965051
FKIT,Y+X2_M3_r1,napolitanas,519,0.960574
FKIT,Y+X2_M3_r1,napolitanas,520,0.959711
FKIT,Y+X2_M3_r1,napolitanas,521,0.958730
FKIT,Y+X2_M3_r1,napolitanas,522,0.959903
FKIT,Y+X2_M3_r1,napolitanas,523,0.956806
FKIT,Y+X2_M3_r1,napolitanas,524,0.957783
FKIT,Y+X2_M3_r1,napolitanas,525,0.958589
FKIT,Y+X2_M3_r1,napolitanas,526,0.958181
FKIT,Y+X2_M3_r1,napolitanas,527,0.958365
FKIT,Y+X2_M3_r1,napolitanas,528,0.953540
FKIT,Y+X2_M3_r1,napolitanas,529,0.951584
FKIT,Y+X2_M3_r1,napolitanas,530,0.953759
FKIT,Y+X2_M3_r1,napolitanas,531,0.951795
FKIT,Y+X2_M3_r1,napolitanas,532,0.951536
FKIT,Y+X2_M3_r1,napolitanas,533,0.953349
FKIT,Y+X2_M3_r1,napolitanas,534,0.952430
FKIT,Y+X2_M3_r1,napolitanas,535,0.951817
FKIT,Y+X2_M3_r1,napolitanas,536,0.933832
FKIT,Y+X2_M3_r1,napolitanas,537,0.955302
FKIT,Y+X2_M3_r1,napolitanas,538,0.954828
FKIT,Y+X2_M3_r1,napolitanas,539,0.950947
FKIT,Y+X2_M3_r1,napolitanas,540,0.953111
FKIT,Y+X2_M3_r1,napolitanas,541,0.951708
FKIT,Y+X2_M3_r1,napolitanas,542,0.951242
FKIT,Y+X2_M3_r1,napolitanas,543,0.947892
FKIT,Y+X2_M3_r1,napolitanas,544,0.954986
FKIT,Y+X2_M3_r1,napolitanas,545,0.950323
FKIT,Y+X2_M3_r1,napolitanas,546,0.950310
FKIT,Y+X2_M3_r1,napolitanas,547,0.951115
FKIT,Y+X2_M3_r1,napolitanas,548,0.955015
FKIT,Y+X2_M3_r1,napolitanas,549,0.950270
FKIT,Y+X2_M3_r1,napolitanas,550,0.953797
FKIT,Y+X2_M3_r1,napolitanas,551,0.951040
FKIT,Y+X2_M3_r1,napolitanas,552,0.953248
FKIT,Y+X2_M3_r1,napolitanas,553,0.953137
FKIT,Y+X2_M3_r1,napolitanas,554,0.955734
FKIT,Y+X2_M3_r1,napolitanas,555,0.959455
FKIT,Y+X2_M3_r1,napolitanas,556,0.957403
FKIT,Y+X2_M3_r1,napolitanas,557,0.957967
FKIT,Y+X2_M3_r1,napolitanas,558,0.960184
FKIT,Y+X2_M3_r1,napolitanas,559,0.961031
FKIT,Y+X2_M3_r1,napolitanas,560,0.960450
FKIT,Y+X2_M3_r1,napolitanas,561,0.963144
FKIT,Y+X2_M3_r1,napolitanas,562,0.961581
FKIT,Y+X2_M3_r1,napolitanas,563,0.960258
FKIT,Y+X2_M3_r1,napolitanas,564,0.966562
FKIT,Y+X2_M3_r1,napolitanas,565,0.966828
FKIT,Y+X2_M3_r1,napolitanas,566,0.964616
FKIT,Y+X2_M3_r1,napolitanas,567,0.967826
FKIT,Y+X2_M3_r1,napolitanas,568,0.969549
FKIT,Y+X2_M3_r1,napolitanas,569,0.970720
FKIT,Y+X2_M3_r1,napolitanas,570,0.968343
FKIT,Y+X2_M3_r1,napolitanas,571,0.969546
FKIT,Y+X2_M3_r1,napolitanas,572,0.970416
FKIT,Y+X2_M3_r1,napolitanas,573,0.969526
FKIT,Y+X2_M3_r1,napolitanas,574,0.970679
FKIT,Y+X2_M3_r1,napolitanas,575,0.972562
FKIT,Y+X2_M3_r1,napolitanas,576,0.973203
FKIT,Y+X2_M3_r1,napolitanas,577,0.973182
FKIT,Y+X2_M3_r1,napolitanas,578,0.971526
FKIT,Y+X2_M3_r1,napolitanas,579,0.970535
FKIT,Y+X2_M3_r1,napolitanas,580,0.969724
FKIT,Y+X2_M3_r1,napolitanas,581,0.968444
FKIT,Y+X2_M3_r1,napolitanas,582,0.968853
FKIT,Y+X2_M3_r1,napolitanas,583,0.966780
FKIT,Y+X2_M3_r1,napolitanas,584,0.968250
FKIT,Y+X2_M3_r1,napolitanas,585,0.967306
FKIT,Y+X2_M3_r1,napolitanas,586,0.965354
FKIT,Y+X2_M3_r1,napolitanas,587,0.965624
FKIT,Y+X2_M3_r1,napolitanas,588,0.965889
FKIT,Y+X2_M3_r1,napolitanas,589,0.965130
FKIT,Y+X2_M3_r1,napolitanas,590,0.961260
FKIT,Y+X2_M3_r1,napolitanas,591,0.967227
FKIT,Y+X2_M3_r1,napolitanas,592,0.962112
FKIT,Y+X2_M3_r1,napolitanas,593,0.962751
FKIT,Y+X2_M3_r1,napolitanas,594,0.964001
FKIT,Y+X2_M3_r1,napolitanas,595,0.966808
FKIT,Y+X2_M3_r1,napolitanas,596,0.962971
FKIT,Y+X2_M3_r1,napolitanas,597,0.967877
FKIT,Y+X2_M3_r1,napolitanas,598,0.969372
FKIT,Y+X2_M3_r1,napolitanas,599,0.965627
FKIT,Y+X2_M3_r1,napolitanas,600,0.967126
FKIT,Y+X2_M3_r1,napolitanas,601,0.965405
FKIT,Y+X2_M3_r1,napolitanas,602,0.970689
FKIT,Y+X2_M3_r1,napolitanas,603,0.970010
FKIT,Y+X2_M3_r1,napolitanas,604,0.968524
FKIT,Y+X2_M3_r1,napolitanas,605,0.970202
FKIT,Y+X2_M3_r1,napolitanas,606,0.969885
FKIT,Y+X2_M3_r1,napolitanas,607,0.972700
FKIT,Y+X2_M3_r1,napolitanas,608,0.972111
FKIT,Y+X2_M3_r1,napolitanas,609,0.972992
FKIT,Y+X2_M3_r1,napolitanas,610,0.973014
FKIT,Y+X2_M3_r1,napolitanas,611,0.972554
FKIT,Y+X2_M3_r1,napolitanas,612,0.972295
FKIT,Y+X2_M3_r1,napolitanas,613,0.973454
FKIT,Y+X2_M3_r1,napolitanas,614,0.970800
FKIT,Y+X2_M3_r1,napolitanas,615,0.967631
FKIT,Y+X2_M3_r1,napolitanas,616,0.967655
FKIT,Y+X2_M3_r1,napolitanas,617,0.970343
FKIT,Y+X2_M3_r1,napolitanas,618,0.972935
FKIT,Y+X2_M3_r1,napolitanas,619,0.972589
FKIT,Y+X2_M3_r1,napolitanas,620,0.970121
FKIT,Y+X2_M3_r1,napolitanas,621,0.970765
FKIT,Y+X2_M3_r1,napolitanas,622,0.967273
FKIT,Y+X2_M3_r1,napolitanas,623,0.967948
FKIT,Y+X2_M3_r1,napolitanas,624,0.969434
FKIT,Y+X2_M3_r1,napolitanas,625,0.969666
FKIT,Y+X2_M3_r1,napolitanas,626,0.965938
FKIT,Y+X2_M3_r1,napolitanas,627,0.974548
FKIT,Y+X2_M3_r1,napolitanas,628,0.975439
FKIT,Y+X2_M3_r1,napolitanas,629,0.971314
FKIT,Y+X2_M3_r1,napolitanas,630,0.972036
FKIT,Y+X2_M3_r1,napolitanas,631,0.971102
FKIT,Y+X2_M3_r1,napolitanas,632,0.972973
FKIT,Y+X2_M3_r1,napolitanas,633,0.972323
FKIT,Y+X2_M3_r1,napolitanas,634,0.975301
FKIT,Y+X2_M3_r1,napolitanas,635,0.974234
FKIT,Y+X2_M3_r1,napolitanas,636,0.971170
FKIT,Y+X2_M3_r1,napolitanas,637,0.974957
FKIT,Y+X2_M3_r1,napolitanas,638,0.974822
FKIT,Y+X2_M3_r1,napolitanas,639,0.974660
FKIT,Y+X2_M3_r1,napolitanas,640,0.974202
FKIT,Y+X2_M3_r1,napolitanas,641,0.978084
FKIT,Y+X2_M3_r1,napolitanas,642,0.972527
FKIT,Y+X2_M3_r1,napolitanas,643,0.974241
FKIT,Y+X2_M3_r1,napolitanas,644,0.979155
FKIT,Y+X2_M3_r1,napolitanas,645,0.979519
FKIT,Y+X2_M3_r1,napolitanas,646,0.977386
FKIT,Y+X2_M3_r1,napolitanas,647,0.972751
FKIT,Y+X2_M3_r1,napolitanas,648,0.974511
FKIT,Y+X2_M3_r1,napolitanas,649,0.976573
FKIT,Y+X2_M3_r1,napolitanas,650,0.977190
FKIT,Y+X2_M3_r1,napolitanas,651,0.974367
FKIT,Y+X2_M3_r1,napolitanas,652,0.975537
FKIT,Y+X2_M3_r1,napolitanas,653,0.973460
FKIT,Y+X2_M3_r1,napolitanas,654,0.975254
FKIT,Y+X2_M3_r1,napolitanas,655,0.972474
FKIT,Y+X2_M3_r1,napolitanas,656,0.970541
FKIT,Y+X2_M3_r1,napolitanas,657,0.974071
FKIT,Y+X2_M3_r1,napolitanas,658,0.968704
FKIT,Y+X2_M3_r1,napolitanas,659,0.970614
FKIT,Y+X2_M3_r1,napolitanas,660,0.969838
FKIT,Y+X2_M3_r1,napolitanas,661,0.971046
FKIT,Y+X2_M3_r1,napolitanas,662,0.969940
FKIT,Y+X2_M3_r1,napolitanas,663,0.973798
FKIT,Y+X2_M3_r1,napolitanas,664,0.973856
FKIT,Y+X2_M3_r1,napolitanas,665,0.968310
FKIT,Y+X2_M3_r1,napolitanas,666,0.969799
FKIT,Y+X2_M3_r1,napolitanas,667,0.975848
FKIT,Y+X2_M3_r1,napolitanas,668,0.971850
FKIT,Y+X2_M3_r1,napolitanas,669,0.977351
FKIT,Y+X2_M3_r1,napolitanas,670,0.971531
FKIT,Y+X2_M3_r1,napolitanas,671,0.972585
FKIT,Y+X2_M3_r1,napolitanas,672,0.976481
FKIT,Y+X2_M3_r1,napolitanas,673,0.975696
FKIT,Y+X2_M3_r1,napolitanas,674,0.975376
FKIT,Y+X2_M3_r1,napolitanas,675,0.974414
FKIT,Y+X2_M3_r1,napolitanas,676,0.975344
FKIT,Y+X2_M3_r1,napolitanas,677,0.977318
FKIT,Y+X2_M3_r1,napolitanas,678,0.978715
FKIT,Y+X2_M3_r1,napolitanas,679,0.975912
FKIT,Y+X2_M3_r1,napolitanas,680,0.975708
FKIT,Y+X2_M3_r1,napolitanas,681,0.977528
FKIT,Y+X2_M3_r1,napolitanas,682,0.978000
FKIT,Y+X2_M3_r1,napolitanas,683,0.975777
FKIT,Y+X2_M3_r1,napolitanas,684,0.973037
FKIT,Y+X2_M3_r1,napolitanas,685,0.974499
FKIT,Y+X2_M3_r1,napolitanas,686,0.974299
FKIT,Y+X2_M3_r1,napolitanas,687,0.976427
FKIT,Y+X2_M3_r1,napolitanas,688,0.975797
FKIT,Y+X2_M3_r1,napolitanas,689,0.973656
FKIT,Y+X2_M3_r1,napolitanas,690,0.976528
FKIT,Y+X2_M3_r1,napolitanas,691,0.979338
FKIT,Y+X2_M3_r1,napolitanas,692,0.975150
FKIT,Y+X2_M3_r1,napolitanas,693,0.975580
FKIT,Y+X2_M3_r1,napolitanas,694,0.975675
FKIT,Y+X2_M3_r1,napolitanas,695,0.973421
FKIT,Y+X2_M3_r1,napolitanas,696,0.974304
FKIT,Y+X2_M3_r1,napolitanas,697,0.977821
FKIT,Y+X2_M3_r1,napolitanas,698,0.979905
FKIT,Y+X2_M3_r1,napolitanas,699,0.978308
FKIT,Y+X2_M3_r1,napolitanas,700,0.974472
FKIT,Y+X2_M3_r1,napolitanas,701,0.976245
FKIT,Y+X2_M3_r1,napolitanas,702,0.979225
FKIT,Y+X2_M3_r1,napolitanas,703,0.977567
FKIT,Y+X2_M3_r1,napolitanas,704,0.978539
FKIT,Y+X2_M3_r1,napolitanas,705,0.978117
FKIT,Y+X2_M3_r1,napolitanas,706,0.977105
FKIT,Y+X2_M3_r1,napolitanas,707,0.978214
FKIT,Y+X2_M3_r1,napolitanas,708,0.980499
FKIT,Y+X2_M3_r1,napolitanas,709,0.978684
FKIT,Y+X2_M3_r1,napolitanas,710,0.979024
FKIT,Y+X2_M3_r1,napolitanas,711,0.975319
FKIT,Y+X2_M3_r1,napolitanas,712,0.978659
FKIT,Y+X2_M3_r1,napolitanas,713,0.977892
FKIT,Y+X2_M3_r1,napolitanas,714,0.983883
FKIT,Y+X2_M3_r1,napolitanas,715,0.983367
FKIT,Y+X2_M3_r1,napolitanas,716,0.981229
FKIT,Y+X2_M3_r1,napolitanas,717,0.981774
FKIT,Y+X2_M3_r1,napolitanas,718,0.982469
FKIT,Y+X2_M3_r1,napolitanas,719,0.979769
FKIT,Y+X2_M3_r1,napolitanas,720,0.983445
FKIT,Y+X2_M3_r1,napolitanas,721,0.980464
FKIT,Y+X2_M3_r1,napolitanas,722,0.980959
FKIT,Y+X2_M3_r1,napolitanas,723,0.982283
FKIT,Y+X2_M3_r1,napolitanas,724,0.983045
FKIT,Y+X2_M3_r1,napolitanas,725,0.984572
FKIT,Y+X2_M3_r1,napolitanas,726,0.981599
FKIT,Y+X2_M3_r1,napolitanas,727,0.983206
FKIT,Y+X2_M3_r1,napolitanas,728,0.981552
FKIT,Y+X2_M3_r1,napolitanas,729,0.979712
FKIT,Y+X2_M3_r1,napolitanas,730,0.979430
FKIT,Y+X2_M3_r1,napolitanas,731,0.980400
FKIT,Y+X2_M3_r1,napolitanas,732,0.977449
FKIT,Y+X2_M3_r1,napolitanas,733,0.980069
FKIT,Y+X2_M3_r1,napolitanas,734,0.978648
FKIT,Y+X2_M3_r1,napolitanas,735,0.980936
FKIT,Y+X2_M3_r1,napolitanas,736,0.979226
FKIT,Y+X2_M3_r1,napolitanas,737,0.980005
FKIT,Y+X2_M3_r1,napolitanas,738,0.979390
FKIT,Y+X2_M3_r1,napolitanas,739,0.978858
FKIT,Y+X2_M3_r1,napolitanas,740,0.977658
FKIT,Y+X2_M3_r1,napolitanas,741,0.977126
FKIT,Y+X2_M3_r1,napolitanas,742,0.978388
FKIT,Y+X2_M3_r1,napolitanas,743,0.974962
FKIT,Y+X2_M3_r1,napolitanas,744,0.976577
FKIT,Y+X2_M3_r1,napolitanas,745,0.969849
FKIT,Y+X2_M3_r1,napolitanas,746,0.971075
FKIT,Y+X2_M3_r1,napolitanas,747,0.974147
FKIT,Y+X2_M3_r1,napolitanas,748,0.973797
FKIT,Y+X2_M3_r1,napolitanas,749,0.971371
FKIT,Y+X2_M3_r1,napolitanas,750,0.973263
FKIT,Y+X2_M3_r1,napolitanas,751,0.973611
FKIT,Y+X2_M3_r1,napolitanas,752,0.970867
FKIT,Y+X2_M3_r1,napolitanas,753,0.971320
FKIT,Y+X2_M3_r1,napolitanas,754,0.968183
FKIT,Y+X2_M3_r1,napolitanas,755,0.971285
FKIT,Y+X2_M3_r1,napolitanas,756,0.967460
FKIT,Y+X2_M3_r1,napolitanas,757,0.973161
FKIT,Y+X2_M3_r1,napolitanas,758,0.972068
FKIT,Y+X2_M3_r1,napolitanas,759,0.969712
FKIT,Y+X2_M3_r1,napolitanas,760,0.974189
FKIT,Y+X2_M3_r1,napolitanas,761,0.972593
FKIT,Y+X2_M3_r1,napolitanas,762,0.975047
FKIT,Y+X2_M3_r1,napolitanas,763,0.975794
FKIT,Y+X2_M3_r1,napolitanas,764,0.972707
FKIT,Y+X2_M3_r1,napolitanas,765,0.972209
FKIT,Y+X2_M3_r1,napolitanas,766,0.972177
FKIT,Y+X2_M3_r1,napolitanas,767,0.969535
FKIT,Y+X2_M3_r1,napolitanas,768,0.971677
FKIT,Y+X2_M3_r1,napolitanas,769,0.971389
FKIT,Y+X2_M3_r1,napolitanas,770,0.970620
FKIT,Y+X2_M3_r1,napolitanas,771,0.970576
FKIT,Y+X2_M3_r1,napolitanas,772,0.969897
FKIT,Y+X2_M3_r1,napolitanas,773,0.970698
FKIT,Y+X2_M3_r1,napolitanas,774,0.970219
FKIT,Y+X2_M3_r1,napolitanas,775,0.970173
FKIT,Y+X2_M3_r1,napolitanas,776,0.967619
FKIT,Y+X2_M3_r1,napolitanas,777,0.968341
FKIT,Y+X2_M3_r1,napolitanas,778,0.966344
FKIT,Y+X2_M3_r1,napolitanas,779,0.968440
FKIT,Y+X2_M3_r1,napolitanas,780,0.972017
FKIT,Y+X2_M3_r1,napolitanas,781,0.971708
FKIT,Y+X2_M3_r1,napolitanas,782,0.966517
FKIT,Y+X2_M3_r1,napolitanas,783,0.967159
FKIT,Y+X2_M3_r1,napolitanas,784,0.965559
FKIT,Y+X2_M3_r1,napolitanas,785,0.967500
FKIT,Y+X2_M3_r1,napolitanas,786,0.965882
FKIT,Y+X2_M3_r1,napolitanas,787,0.969615
FKIT,Y+X2_M3_r1,napolitanas,788,0.970535
FKIT,Y+X2_M3_r1,napolitanas,789,0.968860
FKIT,Y+X2_M3_r1,napolitanas,790,0.967928
FKIT,Y+X2_M3_r1,napolitanas,791,0.967612
FKIT,Y+X2_M3_r1,napolitanas,792,0.971085
FKIT,Y+X2_M3_r1,napolitanas,793,0.968720
FKIT,Y+X2_M3_r1,napolitanas,794,0.970240
FKIT,Y+X2_M3_r1,napolitanas,795,0.969236
FKIT,Y+X2_M3_r1,napolitanas,796,0.969662
FKIT,Y+X2_M3_r1,napolitanas,797,0.968592
FKIT,Y+X2_M3_r1,napolitanas,798,0.965579
FKIT,Y+X2_M3_r1,napolitanas,799,0.966306
FKIT,Y+X2_M3_r1,napolitanas,800,0.967733
FKIT,Y+X2_M3_r1,napolitanas,801,0.962878
FKIT,Y+X2_M3_r1,napolitanas,802,0.962282
FKIT,Y+X2_M3_r1,napolitanas,803,0.956003
FKIT,Y+X2_M3_r1,napolitanas,804,0.959358
FKIT,Y+X2_M3_r1,napolitanas,805,0.954418
FKIT,Y+X2_M3_r1,napolitanas,806,0.951191
FKIT,Y+X2_M3_r1,napolitanas,807,0.952778
FKIT,Y+X2_M3_r1,napolitanas,808,0.951247
FKIT,Y+X2_M3_r1,napolitanas,809,0.953406
FKIT,Y+X2_M3_r1,napolitanas,810,0.951529
FKIT,Y+X2_M3_r1,napolitanas,811,0.950864
FKIT,Y+X2_M3_r1,napolitanas,812,0.948584
FKIT,Y+X2_M3_r1,napolitanas,813,0.947921
FKIT,Y+X2_M3_r1,napolitanas,814,0.952936
FKIT,Y+X2_M3_r1,napolitanas,815,0.950679
FKIT,Y+X2_M3_r1,napolitanas,816,0.949853
FKIT,Y+X2_M3_r1,napolitanas,817,0.953670
FKIT,Y+X2_M3_r1,napolitanas,818,0.953884
FKIT,Y+X2_M3_r1,napolitanas,819,0.950628
FKIT,Y+X2_M3_r1,napolitanas,820,0.949876
FKIT,Y+X2_M3_r1,napolitanas,821,0.949178
FKIT,Y+X2_M3_r1,napolitanas,822,0.955488
FKIT,Y+X2_M3_r1,napolitanas,823,0.954014
FKIT,Y+X2_M3_r1,napolitanas,824,0.957063
FKIT,Y+X2_M3_r1,napolitanas,825,0.951595
FKIT,Y+X2_M3_r1,napolitanas,826,0.953073
FKIT,Y+X2_M3_r1,napolitanas,827,0.958609
FKIT,Y+X2_M3_r1,napolitanas,828,0.958662
FKIT,Y+X2_M3_r1,napolitanas,829,0.956769
FKIT,Y+X2_M3_r1,napolitanas,830,0.957681
FKIT,Y+X2_M3_r1,napolitanas,831,0.958664
FKIT,Y+X2_M3_r1,napolitanas,832,0.961720
FKIT,Y+X2_M3_r1,napolitanas,833,0.958639
FKIT,Y+X2_M3_r1,napolitanas,834,0.962721
FKIT,Y+X2_M3_r1,napolitanas,835,0.959859
FKIT,Y+X2_M3_r1,napolitanas,836,0.963015
FKIT,Y+X2_M3_r1,napolitanas,837,0.965044
FKIT,Y+X2_M3_r1,napolitanas,838,0.965116
FKIT,Y+X2_M3_r1,napolitanas,839,0.966493
FKIT,Y+X2_M3_r1,napolitanas,840,0.964326
FKIT,Y+X2_M3_r1,napolitanas,841,0.963902
FKIT,Y+X2_M3_r1,napolitanas,842,0.963740
FKIT,Y+X2_M3_r1,napolitanas,843,0.965778
FKIT,Y+X2_M3_r1,napolitanas,844,0.966210
FKIT,Y+X2_M3_r1,napolitanas,845,0.968426
FKIT,Y+X2_M3_r1,napolitanas,846,0.963563
FKIT,Y+X2_M3_r1,napolitanas,847,0.969239
FKIT,Y+X2_M3_r1,napolitanas,848,0.966366
FKIT,Y+X2_M3_r1,napolitanas,849,0.966027
FKIT,Y+X2_M3_r1,napolitanas,850,0.967074
FKIT,Y+X2_M3_r1,napolitanas,851,0.967136
FKIT,Y+X2_M3_r1,napolitanas,852,0.964564
FKIT,Y+X2_M3_r1,napolitanas,853,0.961810
FKIT,Y+X2_M3_r1,napolitanas,854,0.968042
FKIT,Y+X2_M3_r1,napolitanas,855,0.966524
FKIT,Y+X2_M3_r1,napolitanas,856,0.965290
FKIT,Y+X2_M3_r1,napolitanas,857,0.967491
FKIT,Y+X2_M3_r1,napolitanas,858,0.969937
FKIT,Y+X2_M3_r1,napolitanas,859,0.969607
FKIT,Y+X2_M3_r1,napolitanas,860,0.968556
FKIT,Y+X2_M3_r1,napolitanas,861,0.967253
FKIT,Y+X2_M3_r1,napolitanas,862,0.966835
FKIT,Y+X2_M3_r1,napolitanas,863,0.971871
FKIT,Y+X2_M3_r1,napolitanas,864,0.969189
FKIT,Y+X2_M3_r1,napolitanas,865,0.972334
FKIT,Y+X2_M3_r1,napolitanas,866,0.970050
FKIT,Y+X2_M3_r1,napolitanas,867,0.974084
FKIT,Y+X2_M3_r1,napolitanas,868,0.976130
FKIT,Y+X2_M3_r1,napolitanas,869,0.974070
FKIT,Y+X2_M3_r1,napolitanas,870,0.975182
FKIT,Y+X2_M3_r1,napolitanas,871,0.975704
FKIT,Y+X2_M3_r1,napolitanas,872,0.974922
FKIT,Y+X2_M3_r1,napolitanas,873,0.972595
FKIT,Y+X2_M3_r1,napolitanas,874,0.977530
FKIT,Y+X2_M3_r1,napolitanas,875,0.971566
FKIT,Y+X2_M3_r1,napolitanas,876,0.976628
FKIT,Y+X2_M3_r1,napolitanas,877,0.975096
FKIT,Y+X2_M3_r1,napolitanas,878,0.975021
FKIT,Y+X2_M3_r1,napolitanas,879,0.977011
FKIT,Y+X2_M3_r1,napolitanas,880,0.982315
FKIT,Y+X2_M3_r1,napolitanas,881,0.978423
FKIT,Y+X2_M3_r1,napolitanas,882,0.978759
FKIT,Y+X2_M3_r1,napolitanas,883,0.975896
FKIT,Y+X2_M3_r1,napolitanas,884,0.977165
FKIT,Y+X2_M3_r1,napolitanas,885,0.980906
FKIT,Y+X2_M3_r1,napolitanas,886,0.978909
FKIT,Y+X2_M3_r1,napolitanas,887,0.977318
FKIT,Y+X2_M3_r1,napolitanas,888,0.979723
FKIT,Y+X2_M3_r1,napolitanas,889,0.974933
FKIT,Y+X2_M3_r1,napolitanas,890,0.976518
FKIT,Y+X2_M3_r1,napolitanas,891,0.976573
FKIT,Y+X2_M3_r1,napolitanas,892,0.976404
FKIT,Y+X2_M3_r1,napolitanas,893,0.976256
FKIT,Y+X2_M3_r1,napolitanas,894,0.974045
FKIT,Y+X2_M3_r1,napolitanas,895,0.972797
FKIT,Y+X2_M3_r1,napolitanas,896,0.974364
FKIT,Y+X2_M3_r1,napolitanas,897,0.975144
FKIT,Y+X2_M3_r1,napolitanas,898,0.975851
FKIT,Y+X2_M3_r1,napolitanas,899,0.976309
FKIT,Y+X2_M3_r1,napolitanas,900,0.976161
FKIT,Y+X2_M3_r1,napolitanas,901,0.977454
FKIT,Y+X2_M3_r1,napolitanas,902,0.976655
FKIT,Y+X2_M3_r1,napolitanas,903,0.977778
FKIT,Y+X2_M3_r1,napolitanas,904,0.974483
FKIT,Y+X2_M3_r1,napolitanas,905,0.973517
FKIT,Y+X2_M3_r1,napolitanas,906,0.975572
FKIT,Y+X2_M3_r1,napolitanas,907,0.978189
FKIT,Y+X2_M3_r1,napolitanas,908,0.979913
FKIT,Y+X2_M3_r1,napolitanas,909,0.980815
FKIT,Y+X2_M3_r1,napolitanas,910,0.979777
FKIT,Y+X2_M3_r1,napolitanas,911,0.977268
FKIT,Y+X2_M3_r1,napolitanas,912,0.981630
FKIT,Y+X2_M3_r1,napolitanas,913,0.977772
FKIT,Y+X2_M3_r1,napolitanas,914,0.979228
FKIT,Y+X2_M3_r1,napolitanas,915,0.979243
FKIT,Y+X2_M3_r1,napolitanas,916,0.977774
FKIT,Y+X2_M3_r1,napolitanas,917,0.978037
FKIT,Y+X2_M3_r1,napolitanas,918,0.981383
FKIT,Y+X2_M3_r1,napolitanas,919,0.982422
FKIT,Y+X2_M3_r1,napolitanas,920,0.979578
FKIT,Y+X2_M3_r1,napolitanas,921,0.984400
FKIT,Y+X2_M3_r1,napolitanas,922,0.982979
FKIT,Y+X2_M3_r1,napolitanas,923,0.982804
FKIT,Y+X2_M3_r1,napolitanas,924,0.980760
FKIT,Y+X2_M3_r1,napolitanas,925,0.980695
FKIT,Y+X2_M3_r1,napolitanas,926,0.981671
FKIT,Y+X2_M3_r1,napolitanas,927,0.984820
FKIT,Y+X2_M3_r1,napolitanas,928,0.984597
FKIT,Y+X2_M3_r1,napolitanas,929,0.981394
FKIT,Y+X2_M3_r1,napolitanas,930,0.982794
FKIT,Y+X2_M3_r1,napolitanas,931,0.983056
FKIT,Y+X2_M3_r1,napolitanas,932,0.983619
FKIT,Y+X2_M3_r1,napolitanas,933,0.982838
FKIT,Y+X2_M3_r1,napolitanas,934,0.983994
FKIT,Y+X2_M3_r1,napolitanas,935,0.984022
FKIT,Y+X2_M3_r1,napolitanas,936,0.984900
FKIT,Y+X2_M3_r1,napolitanas,937,0.983814
FKIT,Y+X2_M3_r1,napolitanas,938,0.984293
FKIT,Y+X2_M3_r1,napolitanas,939,0.983916
FKIT,Y+X2_M3_r1,napolitanas,940,0.984718
FKIT,Y+X2_M3_r1,napolitanas,941,0.982944
FKIT,Y+X2_M3_r1,napolitanas,942,0.985021
FKIT,Y+X2_M3_r1,napolitanas,943,0.983363
FKIT,Y+X2_M3_r1,napolitanas,944,0.986877
FKIT,Y+X2_M3_r1,napolitanas,945,0.986618
FKIT,Y+X2_M3_r1,napolitanas,946,0.986856
FKIT,Y+X2_M3_r1,napolitanas,947,0.987758
FKIT,Y+X2_M3_r1,napolitanas,948,0.986893
FKIT,Y+X2_M3_r1,napolitanas,949,0.985847
FKIT,Y+X2_M3_r1,napolitanas,950,0.983395
FKIT,Y+X2_M3_r1,napolitanas,951,0.982194
FKIT,Y+X2_M3_r1,napolitanas,952,0.982301
FKIT,Y+X2_M3_r1,napolitanas,953,0.983398
FKIT,Y+X2_M3_r1,napolitanas,954,0.987441
FKIT,Y+X2_M3_r1,napolitanas,955,0.984206
FKIT,Y+X2_M3_r1,napolitanas,956,0.981953
FKIT,Y+X2_M3_r1,napolitanas,957,0.982587
FKIT,Y+X2_M3_r1,napolitanas,958,0.982134
FKIT,Y+X2_M3_r1,napolitanas,959,0.983068
FKIT,Y+X2_M3_r1,napolitanas,960,0.982817
FKIT,Y+X2_M3_r1,napolitanas,961,0.981761
FKIT,Y+X2_M3_r1,napolitanas,962,0.980517
FKIT,Y+X2_M3_r1,napolitanas,963,0.977324
FKIT,Y+X2_M3_r1,napolitanas,964,0.977558
FKIT,Y+X2_M3_r1,napolitanas,965,0.976121
FKIT,Y+X2_M3_r1,napolitanas,966,0.975534
FKIT,Y+X2_M3_r1,napolitanas,967,0.976497
FKIT,Y+X2_M3_r1,napolitanas,968,0.977759
FKIT,Y+X2_M3_r1,napolitanas,969,0.978105
FKIT,Y+X2_M3_r1,napolitanas,970,0.978241
FKIT,Y+X2_M3_r1,napolitanas,971,0.978173
FKIT,Y+X2_M3_r1,napolitanas,972,0.978289
FKIT,Y+X2_M3_r1,napolitanas,973,0.975904
FKIT,Y+X2_M3_r1,napolitanas,974,0.976629
FKIT,Y+X2_M3_r1,napolitanas,975,0.975375
FKIT,Y+X2_M3_r1,napolitanas,976,0.974267
FKIT,Y+X2_M3_r1,napolitanas,977,0.978731
FKIT,Y+X2_M3_r1,napolitanas,978,0.976758
FKIT,Y+X2_M3_r1,napolitanas,979,0.977349
FKIT,Y+X2_M3_r1,napolitanas,980,0.978652
FKIT,Y+X2_M3_r1,napolitanas,981,0.976247
FKIT,Y+X2_M3_r1,napolitanas,982,0.972840
FKIT,Y+X2_M3_r1,napolitanas,983,0.976403
FKIT,Y+X2_M3_r1,napolitanas,984,0.977483
FKIT,Y+X2_M3_r1,napolitanas,985,0.976750
FKIT,Y+X2_M3_r1,napolitanas,986,0.976183
FKIT,Y+X2_M3_r1,napolitanas,987,0.973161
FKIT,Y+X2_M3_r1,napolitanas,988,0.975422
FKIT,Y+X2_M3_r1,napolitanas,989,0.973752
FKIT,Y+X2_M3_r1,napolitanas,990,0.975672
FKIT,Y+X2_M3_r1,napolitanas,991,0.977040
FKIT,Y+X2_M3_r1,napolitanas,992,0.972772
FKIT,Y+X2_M3_r1,napolitanas,993,0.978654
FKIT,Y+X2_M3_r1,napolitanas,994,0.975533
FKIT,Y+X2_M3_r1,napolitanas,995,0.976198
FKIT,Y+X2_M3_r1,napolitanas,996,0.971755
FKIT,Y+X2_M3_r1,napolitanas,997,0.968483
FKIT,Y+X2_M3_r1,napolitanas,998,0.972259
FKIT,Y+X2_M3_r1,napolitanas,999,0.974304
FKIT,Y+X2_M3_r1,napolitanas,1000,0.974074
FKIT,Y+X2_M3_r1,napolitanas,1001,0.973284
FKIT,Y+X2_M3_r1,napolitanas,1002,0.973228
FKIT,Y+X2_M3_r1,napolitanas,1003,0.969944
FKIT,Y+X2_M3_r1,napolitanas,1004,0.969702
FKIT,Y+X2_M3_r1,napolitanas,1005,0.972410
FKIT,Y+X2_M3_r1,napolitanas,1006,0.968942
FKIT,Y+X2_M3_r1,napolitanas,1007,0.969234
FKIT,Y+X2_M3_r1,napolitanas,1008,0.966779
FKIT,Y+X2_M3_r1,napolitanas,1009,0.966797
FKIT,Y+X2_M3_r1,napolitanas,1010,0.961774
FKIT,Y+X2_M3_r1,napolitanas,1011,0.962489
FKIT,Y+X2_M3_r1,napolitanas,1012,0.962501
FKIT,Y+X2_M3_r1,napolitanas,1013,0.956796
FKIT,Y+X2_M3_r1,napolitanas,1014,0.954409
FKIT,Y+X2_M3_r1,napolitanas,1015,0.955531
FKIT,Y+X2_M3_r1,napolitanas,1016,0.954765
FKIT,Y+X2_M3_r1,napolitanas,1017,0.952265
FKIT,Y+X2_M3_r1,napolitanas,1018,0.954748
FKIT,Y+X2_M3_r1,napolitanas,1019,0.956963
FKIT,Y+X2_M3_r1,napolitanas,1020,0.956254
FKIT,Y+X2_M3_r1,napolitanas,1021,0.956571
FKIT,Y+X2_M3_r1,napolitanas,1022,0.955893
FKIT,Y+X2_M3_r1,napolitanas,1023,0.952861
FKIT,Y+X2_M3_r1,napolitanas,1024,0.960040
FKIT,Y+X2_M3_r1,napolitanas,1025,0.959652
FKIT,Y+X2_M3_r1,napolitanas,1026,0.961229
FKIT,Y+X2_M3_r1,napolitanas,1027,0.965295
FKIT,Y+X2_M3_r1,napolitanas,1028,0.961381
FKIT,Y+X2_M3_r1,napolitanas,1029,0.966084
FKIT,Y+X2_M3_r1,napolitanas,1030,0.963031
FKIT,Y+X2_M3_r1,napolitanas,1031,0.965426
FKIT,Y+X2_M3_r1,napolitanas,1032,0.967112
FKIT,Y+X2_M3_r1,napolitanas,1033,0.967038
FKIT,Y+X2_M3_r1,napolitanas,1034,0.969644
FKIT,Y+X2_M3_r1,napolitanas,1035,0.969628
FKIT,Y+X2_M3_r1,napolitanas,1036,0.972730
FKIT,Y+X2_M3_r1,napolitanas,1037,0.974351
FKIT,Y+X2_M3_r1,napolitanas,1038,0.973475
FKIT,Y+X2_M3_r1,napolitanas,1039,0.971446
FKIT,Y+X2_M3_r1,napolitanas,1040,0.974527
FKIT,Y+X2_M3_r1,napolitanas,1041,0.974352
FKIT,Y+X2_M3_r1,napolitanas,1042,0.973910
FKIT,Y+X2_M3_r1,napolitanas,1043,0.973826
FKIT,Y+X2_M3_r1,napolitanas,1044,0.975755
FKIT,Y+X2_M3_r1,napolitanas,1045,0.975984
FKIT,Y+X2_M3_r1,napolitanas,1046,0.977267
FKIT,Y+X2_M3_r1,napolitanas,1047,0.978708
FKIT,Y+X2_M3_r1,napolitanas,1048,0.978200
FKIT,Y+X2_M3_r1,napolitanas,1049,0.979338
FKIT,Y+X2_M3_r1,napolitanas,1050,0.976852
FKIT,Y+X2_M3_r1,napolitanas,1051,0.979574
FKIT,Y+X2_M3_r1,napolitanas,1052,0.978349
FKIT,Y+X2_M3_r1,napolitanas,1053,0.977541
FKIT,Y+X2_M3_r1,napolitanas,1054,0.981644
FKIT,Y+X2_M3_r1,napolitanas,1055,0.981586
FKIT,Y+X2_M3_r1,napolitanas,1056,0.980376
FKIT,Y+X2_M3_r1,napolitanas,1057,0.981170
FKIT,Y+X2_M3_r1,napolitanas,1058,0.981172
FKIT,Y+X2_M3_r1,napolitanas,1059,0.981179
FKIT,Y+X2_M3_r1,napolitanas,1060,0.981206
FKIT,Y+X2_M3_r1,napolitanas,1061,0.981197
FKIT,Y+X2_M3_r1,napolitanas,1062,0.980652
FKIT,Y+X2_M3_r1,napolitanas,1063,0.980350
FKIT,Y+X2_M3_r1,napolitanas,1064,0.982187
FKIT,Y+X2_M3_r1,napolitanas,1065,0.982172
FKIT,Y+X2_M3_r1,napolitanas,1066,0.982691
FKIT,Y+X2_M3_r1,napolitanas,1067,0.981625
FKIT,Y+X2_M3_r1,napolitanas,1068,0.981740
FKIT,Y+X2_M3_r1,napolitanas,1069,0.982035
FKIT,Y+X2_M3_r1,napolitanas,1070,0.982189
FKIT,Y+X2_M3_r1,orange,0,0.958410
FKIT,Y+X2_M3_r1,orange,1,0.959964
FKIT,Y+X2_M3_r1,orange,2,0.959948
FKIT,Y+X2_M3_r1,orange,3,0.962722
FKIT,Y+X2_M3_r1,orange,4,0.960882
FKIT,Y+X2_M3_r1,orange,5,0.961589
FKIT,Y+X2_M3_r1,orange,6,0.961385
FKIT,Y+X2_M3_r1,orange,7,0.960482
FKIT,Y+X2_M3_r1,orange,8,0.959508
FKIT,Y+X2_M3_r1,orange,9,0.957048
FKIT,Y+X2_M3_r1,orange,10,0.956481
FKIT,Y+X2_M3_r1,orange,11,0.962575
FKIT,Y+X2_M3_r1,orange,12,0.962996
FKIT,Y+X2_M3_r1,orange,13,0.961236
FKIT,Y+X2_M3_r1,orange,14,0.966677
FKIT,Y+X2_M3_r1,orange,15,0.963821
FKIT,Y+X2_M3_r1,orange,16,0.962718
FKIT,Y+X2_M3_r1,orange,17,0.963542
FKIT,Y+X2_M3_r1,orange,18,0.964005
FKIT,Y+X2_M3_r1,orange,19,0.964476
FKIT,Y+X2_M3_r1,orange,20,0.964143
FKIT,Y+X2_M3_r1,orange,21,0.965810
FKIT,Y+X2_M3_r1,orange,22,0.965094
FKIT,Y+X2_M3_r1,orange,23,0.967074
FKIT,Y+X2_M3_r1,orange,24,0.967121
FKIT,Y+X2_M3_r1,orange,25,0.967499
FKIT,Y+X2_M3_r1,orange,26,0.968669
FKIT,Y+X2_M3_r1,orange,27,0.966144
FKIT,Y+X2_M3_r1,orange,28,0.965276
FKIT,Y+X2_M3_r1,orange,29,0.967145
FKIT,Y+X2_M3_r1,orange,30,0.969040
FKIT,Y+X2_M3_r1,orange,31,0.968689
FKIT,Y+X2_M3_r1,orange,32,0.969115
FKIT,Y+X2_M3_r1,orange,33,0.968412
FKIT,Y+X2_M3_r1,orange,34,0.969076
FKIT,Y+X2_M3_r1,orange,35,0.969852
FKIT,Y+X2_M3_r1,orange,36,0.969412
FKIT,Y+X2_M3_r1,orange,37,0.969304
FKIT,Y+X2_M3_r1,orange,38,0.968048
FKIT,Y+X2_M3_r1,orange,39,0.970045
FKIT,Y+X2_M3_r1,orange,40,0.968286
FKIT,Y+X2_M3_r1,orange,41,0.968524
FKIT,Y+X2_M3_r1,orange,42,0.968926
FKIT,Y+X2_M3_r1,orange,43,0.969519
FKIT,Y+X2_M3_r1,orange,44,0.969640
FKIT,Y+X2_M3_r1,orange,45,0.969258
FKIT,Y+X2_M3_r1,orange,46,0.969507
FKIT,Y+X2_M3_r1,orange,47,0.969195
FKIT,Y+X2_M3_r1,orange,48,0.970133
FKIT,Y+X2_M3_r1,orange,49,0.968088
FKIT,Y+X2_M3_r1,orange,50,0.970375
FKIT,Y+X2_M3_r1,orange,51,0.970687
FKIT,Y+X2_M3_r1,orange,52,0.970296
FKIT,Y+X2_M3_r1,orange,53,0.971493
FKIT,Y+X2_M3_r1,orange,54,0.969347
FKIT,Y+X2_M3_r1,orange,55,0.972647
FKIT,Y+X2_M3_r1,orange,56,0.973554
FKIT,Y+X2_M3_r1,orange,57,0.972911
FKIT,Y+X2_M3_r1,orange,58,0.972063
FKIT,Y+X2_M3_r1,orange,59,0.973583
FKIT,Y+X2_M3_r1,orange,60,0.973118
FKIT,Y+X2_M3_r1,orange,61,0.973915
FKIT,Y+X2_M3_r1,orange,62,0.974897
FKIT,Y+X2_M3_r1,orange,63,0.973495
FKIT,Y+X2_M3_r1,orange,64,0.974284
FKIT,Y+X2_M3_r1,orange,65,0.972181
FKIT,Y+X2_M3_r1,orange,66,0.972619
FKIT,Y+X2_M3_r1,orange,67,0.972809
FKIT,Y+X2_M3_r1,orange,68,0.974335
FKIT,Y+X2_M3_r1,orange,69,0.973053
FKIT,Y+X2_M3_r1,orange,70,0.973300
FKIT,Y+X2_M3_r1,orange,71,0.972178
FKIT,Y+X2_M3_r1,orange,72,0.972397
FKIT,Y+X2_M3_r1,orange,73,0.971722
FKIT,Y+X2_M3_r1,orange,74,0.973288
FKIT,Y+X2_M3_r1,orange,75,0.972844
FKIT,Y+X2_M3_r1,orange,76,0.972458
FKIT,Y+X2_M3_r1,orange,77,0.972704
FKIT,Y+X2_M3_r1,orange,78,0.971384
FKIT,Y+X2_M3_r1,orange,79,0.971319
FKIT,Y+X2_M3_r1,orange,80,0.970599
FKIT,Y+X2_M3_r1,orange,81,0.971053
FKIT,Y+X2_M3_r1,orange,82,0.970578
FKIT,Y+X2_M3_r1,orange,83,0.969392
FKIT,Y+X2_M3_r1,orange,84,0.972506
FKIT,Y+X2_M3_r1,orange,85,0.970219
FKIT,Y+X2_M3_r1,orange,86,0.969981
FKIT,Y+X2_M3_r1,orange,87,0.971455
FKIT,Y+X2_M3_r1,orange,88,0.969947
FKIT,Y+X2_M3_r1,orange,89,0.970224
FKIT,Y+X2_M3_r1,orange,90,0.971140
FKIT,Y+X2_M3_r1,orange,91,0.970321
FKIT,Y+X2_M3_r1,orange,92,0.972209
FKIT,Y+X2_M3_r1,orange,93,0.972579
FKIT,Y+X2_M3_r1,orange,94,0.973078
FKIT,Y+X2_M3_r1,orange,95,0.972643
FKIT,Y+X2_M3_r1,orange,96,0.972840
FKIT,Y+X2_M3_r1,orange,97,0.971597
FKIT,Y+X2_M3_r1,orange,98,0.969736
FKIT,Y+X2_M3_r1,orange,99,0.971198
FKIT,Y+X2_M3_r1,orange,100,0.973137
FKIT,Y+X2_M3_r1,orange,101,0.972008
FKIT,Y+X2_M3_r1,orange,102,0.972058
FKIT,Y+X2_M3_r1,orange,103,0.975043
FKIT,Y+X2_M3_r1,orange,104,0.974893
FKIT,Y+X2_M3_r1,orange,105,0.975337
FKIT,Y+X2_M3_r1,orange,106,0.973344
FKIT,Y+X2_M3_r1,orange,107,0.974763
FKIT,Y+X2_M3_r1,orange,108,0.974034
FKIT,Y+X2_M3_r1,orange,109,0.974547
FKIT,Y+X2_M3_r1,orange,110,0.975204
FKIT,Y+X2_M3_r1,orange,111,0.974944
FKIT,Y+X2_M3_r1,orange,112,0.974662
FKIT,Y+X2_M3_r1,orange,113,0.973487
FKIT,Y+X2_M3_r1,orange,114,0.973409
FKIT,Y+X2_M3_r1,orange,115,0.974565
FKIT,Y+X2_M3_r1,orange,116,0.974253
FKIT,Y+X2_M3_r1,orange,117,0.975457
FKIT,Y+X2_M3_r1,orange,118,0.973439
FKIT,Y+X2_M3_r1,orange,119,0.973697
FKIT,Y+X2_M3_r1,orange,120,0.970264
FKIT,Y+X2_M3_r1,orange,121,0.971540
FKIT,Y+X2_M3_r1,orange,122,0.972220
FKIT,Y+X2_M3_r1,orange,123,0.970206
FKIT,Y+X2_M3_r1,orange,124,0.972014
FKIT,Y+X2_M3_r1,orange,125,0.972163
FKIT,Y+X2_M3_r1,orange,126,0.973370
FKIT,Y+X2_M3_r1,orange,127,0.974991
FKIT,Y+X2_M3_r1,orange,128,0.971579
FKIT,Y+X2_M3_r1,orange,129,0.973810
FKIT,Y+X2_M3_r1,orange,130,0.972667
FKIT,Y+X2_M3_r1,orange,131,0.972468
FKIT,Y+X2_M3_r1,orange,132,0.972222
FKIT,Y+X2_M3_r1,orange,133,0.974479
FKIT,Y+X2_M3_r1,orange,134,0.973278
FKIT,Y+X2_M3_r1,orange,135,0.975304
FKIT,Y+X2_M3_r1,orange,136,0.971891
FKIT,Y+X2_M3_r1,orange,137,0.974036
FKIT,Y+X2_M3_r1,orange,138,0.973656
FKIT,Y+X2_M3_r1,orange,139,0.972414
FKIT,Y+X2_M3_r1,orange,140,0.973043
FKIT,Y+X2_M3_r1,orange,141,0.971164
FKIT,Y+X2_M3_r1,orange,142,0.974114
FKIT,Y+X2_M3_r1,orange,143,0.974086
FKIT,Y+X2_M3_r1,orange,144,0.974323
FKIT,Y+X2_M3_r1,orange,145,0.974234
FKIT,Y+X2_M3_r1,orange,146,0.972743
FKIT,Y+X2_M3_r1,orange,147,0.974121
FKIT,Y+X2_M3_r1,orange,148,0.972915
FKIT,Y+X2_M3_r1,orange,149,0.973676
FKIT,Y+X2_M3_r1,orange,150,0.971794
FKIT,Y+X2_M3_r1,orange,151,0.971179
FKIT,Y+X2_M3_r1,orange,152,0.972623
FKIT,Y+X2_M3_r1,orange,153,0.973008
FKIT,Y+X2_M3_r1,orange,154,0.973124
FKIT,Y+X2_M3_r1,orange,155,0.972973
FKIT,Y+X2_M3_r1,orange,156,0.971721
FKIT,Y+X2_M3_r1,orange,157,0.972434
FKIT,Y+X2_M3_r1,orange,158,0.971465
FKIT,Y+X2_M3_r1,orange,159,0.971659
FKIT,Y+X2_M3_r1,orange,160,0.971802
FKIT,Y+X2_M3_r1,orange,161,0.972017
FKIT,Y+X2_M3_r1,orange,162,0.972590
FKIT,Y+X2_M3_r1,orange,163,0.971128
FKIT,Y+X2_M3_r1,orange,164,0.970865
FKIT,Y+X2_M3_r1,orange,165,0.970588
FKIT,Y+X2_M3_r1,orange,166,0.969958
FKIT,Y+X2_M3_r1,orange,167,0.970377
FKIT,Y+X2_M3_r1,orange,168,0.969865
FKIT,Y+X2_M3_r1,orange,169,0.969092
FKIT,Y+X2_M3_r1,orange,170,0.966832
FKIT,Y+X2_M3_r1,orange,171,0.967667
FKIT,Y+X2_M3_r1,orange,172,0.968941
FKIT,Y+X2_M3_r1,orange,173,0.969459
FKIT,Y+X2_M3_r1,orange,174,0.968374
FKIT,Y+X2_M3_r1,orange,175,0.970285
FKIT,Y+X2_M3_r1,orange,176,0.967923
FKIT,Y+X2_M3_r1,orange,177,0.971137
FKIT,Y+X2_M3_r1,orange,178,0.969669
FKIT,Y+X2_M3_r1,orange,179,0.969930
FKIT,Y+X2_M3_r1,orange,180,0.969466
FKIT,Y+X2_M3_r1,orange,181,0.970858
FKIT,Y+X2_M3_r1,orange,182,0.972167
FKIT,Y+X2_M3_r1,orange,183,0.971760
FKIT,Y+X2_M3_r1,orange,184,0.970594
FKIT,Y+X2_M3_r1,orange,185,0.970238
FKIT,Y+X2_M3_r1,orange,186,0.971197
FKIT,Y+X2_M3_r1,orange,187,0.970735
FKIT,Y+X2_M3_r1,orange,188,0.970868
FKIT,Y+X2_M3_r1,orange,189,0.970356
FKIT,Y+X2_M3_r1,orange,190,0.971660
FKIT,Y+X2_M3_r1,orange,191,0.971236
FKIT,Y+X2_M3_r1,orange,192,0.971771
FKIT,Y+X2_M3_r1,orange,193,0.971865
FKIT,Y+X2_M3_r1,orange,194,0.972929
FKIT,Y+X2_M3_r1,orange,195,0.970477
FKIT,Y+X2_M3_r1,orange,196,0.971087
FKIT,Y+X2_M3_r1,orange,197,0.971058
FKIT,Y+X2_M3_r1,orange,198,0.969506
FKIT,Y+X2_M3_r1,orange,199,0.969528
FKIT,Y+X2_M3_r1,orange,200,0.970279
FKIT,Y+X2_M3_r1,orange,201,0.969243
FKIT,Y+X2_M3_r1,orange,202,0.970446
FKIT,Y+X2_M3_r1,orange,203,0.971459
FKIT,Y+X2_M3_r1,orange,204,0.971868
FKIT,Y+X2_M3_r1,orange,205,0.971392
FKIT,Y+X2_M3_r1,orange,206,0.970939
FKIT,Y+X2_M3_r1,orange,207,0.969749
FKIT,Y+X2_M3_r1,orange,208,0.970926
FKIT,Y+X2_M3_r1,orange,209,0.970405
FKIT,Y+X2_M3_r1,orange,210,0.967321
FKIT,Y+X2_M3_r1,orange,211,0.966185
FKIT,Y+X2_M3_r1,orange,212,0.966568
FKIT,Y+X2_M3_r1,orange,213,0.968447
FKIT,Y+X2_M3_r1,orange,214,0.969252
FKIT,Y+X2_M3_r1,orange,215,0.968831
FKIT,Y+X2_M3_r1,orange,216,0.968132
FKIT,Y+X2_M3_r1,orange,217,0.967942
FKIT,Y+X2_M3_r1,orange,218,0.969180
FKIT,Y+X2_M3_r1,orange,219,0.971263
FKIT,Y+X2_M3_r1,orange,220,0.969156
FKIT,Y+X2_M3_r1,orange,221,0.970796
FKIT,Y+X2_M3_r1,orange,222,0.966625
FKIT,Y+X2_M3_r1,orange,223,0.968874
FKIT,Y+X2_M3_r1,orange,224,0.970022
FKIT,Y+X2_M3_r1,orange,225,0.970789
FKIT,Y+X2_M3_r1,orange,226,0.972408
FKIT,Y+X2_M3_r1,orange,227,0.970027
FKIT,Y+X2_M3_r1,orange,228,0.968621
FKIT,Y+X2_M3_r1,orange,229,0.970560
FKIT,Y+X2_M3_r1,orange,230,0.968787
FKIT,Y+X2_M3_r1,orange,231,0.969161
FKIT,Y+X2_M3_r1,orange,232,0.969930
FKIT,Y+X2_M3_r1,orange,233,0.970771
FKIT,Y+X2_M3_r1,orange,234,0.972190
FKIT,Y+X2_M3_r1,orange,235,0.972555
FKIT,Y+X2_M3_r1,orange,236,0.971792
FKIT,Y+X2_M3_r1,orange,237,0.972622
FKIT,Y+X2_M3_r1,orange,238,0.972022
FKIT,Y+X2_M3_r1,orange,239,0.973508
FKIT,Y+X2_M3_r1,orange,240,0.974112
FKIT,Y+X2_M3_r1,orange,241,0.972951
FKIT,Y+X2_M3_r1,orange,242,0.973388
FKIT,Y+X2_M3_r1,orange,243,0.971629
FKIT,Y+X2_M3_r1,orange,244,0.975774
FKIT,Y+X2_M3_r1,orange,245,0.972980
FKIT,Y+X2_M3_r1,orange,246,0.973314
FKIT,Y+X2_M3_r1,orange,247,0.972219
FKIT,Y+X2_M3_r1,orange,248,0.971978
FKIT,Y+X2_M3_r1,orange,249,0.971537
FKIT,Y+X2_M3_r1,orange,250,0.972282
FKIT,Y+X2_M3_r1,orange,251,0.971528
FKIT,Y+X2_M3_r1,orange,252,0.972572
FKIT,Y+X2_M3_r1,orange,253,0.968669
FKIT,Y+X2_M3_r1,orange,254,0.972063
FKIT,Y+X2_M3_r1,orange,255,0.972370
FKIT,Y+X2_M3_r1,orange,256,0.971187
FKIT,Y+X2_M3_r1,orange,257,0.972340
FKIT,Y+X2_M3_r1,orange,258,0.970159
FKIT,Y+X2_M3_r1,orange,259,0.971763
FKIT,Y+X2_M3_r1,orange,260,0.973245
FKIT,Y+X2_M3_r1,orange,261,0.971877
FKIT,Y+X2_M3_r1,orange,262,0.973303
FKIT,Y+X2_M3_r1,orange,263,0.973224
FKIT,Y+X2_M3_r1,orange,264,0.972793
FKIT,Y+X2_M3_r1,orange,265,0.972183
FKIT,Y+X2_M3_r1,orange,266,0.972212
FKIT,Y+X2_M3_r1,orange,267,0.975169
FKIT,Y+X2_M3_r1,orange,268,0.974354
FKIT,Y+X2_M3_r1,orange,269,0.973830
FKIT,Y+X2_M3_r1,orange,270,0.974476
FKIT,Y+X2_M3_r1,orange,271,0.973491
FKIT,Y+X2_M3_r1,orange,272,0.973955
FKIT,Y+X2_M3_r1,orange,273,0.975153
FKIT,Y+X2_M3_r1,orange,274,0.976735
FKIT,Y+X2_M3_r1,orange,275,0.975393
FKIT,Y+X2_M3_r1,orange,276,0.975199
FKIT,Y+X2_M3_r1,orange,277,0.977126
FKIT,Y+X2_M3_r1,orange,278,0.975767
FKIT,Y+X2_M3_r1,orange,279,0.976022
FKIT,Y+X2_M3_r1,orange,280,0.977364
FKIT,Y+X2_M3_r1,orange,281,0.976683
FKIT,Y+X2_M3_r1,orange,282,0.978602
FKIT,Y+X2_M3_r1,orange,283,0.977693
FKIT,Y+X2_M3_r1,orange,284,0.978751
FKIT,Y+X2_M3_r1,orange,285,0.978620
FKIT,Y+X2_M3_r1,orange,286,0.978319
FKIT,Y+X2_M3_r1,orange,287,0.978263
FKIT,Y+X2_M3_r1,orange,288,0.978065
FKIT,Y+X2_M3_r1,orange,289,0.976813
FKIT,Y+X2_M3_r1,orange,290,0.978009
FKIT,Y+X2_M3_r1,orange,291,0.976774
FKIT,Y+X2_M3_r1,orange,292,0.977636
FKIT,Y+X2_M3_r1,orange,293,0.976882
FKIT,Y+X2_M3_r1,orange,294,0.976533
FKIT,Y+X2_M3_r1,orange,295,0.977659
FKIT,Y+X2_M3_r1,orange,296,0.976016
FKIT,Y+X2_M3_r1,orange,297,0.975878
FKIT,Y+X2_M3_r1,orange,298,0.975831
FKIT,Y+X2_M3_r1,orange,299,0.974839
FKIT,Y+X2_M3_r1,orange,300,0.973192
FKIT,Y+X2_M3_r1,orange,301,0.972655
FKIT,Y+X2_M3_r1,orange,302,0.970542
FKIT,Y+X2_M3_r1,orange,303,0.972851
FKIT,Y+X2_M3_r1,orange,304,0.975794
FKIT,Y+X2_M3_r1,orange,305,0.974182
FKIT,Y+X2_M3_r1,orange,306,0.973590
FKIT,Y+X2_M3_r1,orange,307,0.974124
FKIT,Y+X2_M3_r1,orange,308,0.975699
FKIT,Y+X2_M3_r1,orange,309,0.971961
FKIT,Y+X2_M3_r1,orange,310,0.976832
FKIT,Y+X2_M3_r1,orange,311,0.975359
FKIT,Y+X2_M3_r1,orange,312,0.974231
FKIT,Y+X2_M3_r1,orange,313,0.973094
FKIT,Y+X2_M3_r1,orange,314,0.975467
FKIT,Y+X2_M3_r1,orange,315,0.975012
FKIT,Y+X2_M3_r1,orange,316,0.974300
FKIT,Y+X2_M3_r1,orange,317,0.973938
FKIT,Y+X2_M3_r1,orange,318,0.974504
FKIT,Y+X2_M3_r1,orange,319,0.973327
FKIT,Y+X2_M3_r1,orange,320,0.972215
FKIT,Y+X2_M3_r1,orange,321,0.973138
FKIT,Y+X2_M3_r1,orange,322,0.971017
FKIT,Y+X2_M3_r1,orange,323,0.971321
FKIT,Y+X2_M3_r1,orange,324,0.972671
FKIT,Y+X2_M3_r1,orange,325,0.972571
FKIT,Y+X2_M3_r1,orange,326,0.974606
FKIT,Y+X2_M3_r1,orange,327,0.974219
FKIT,Y+X2_M3_r1,orange,328,0.973719
FKIT,Y+X2_M3_r1,orange,329,0.973812
FKIT,Y+X2_M3_r1,orange,330,0.973579
FKIT,Y+X2_M3_r1,orange,331,0.973696
FKIT,Y+X2_M3_r1,orange,332,0.973865
FKIT,Y+X2_M3_r1,orange,333,0.973139
FKIT,Y+X2_M3_r1,orange,334,0.975789
FKIT,Y+X2_M3_r1,orange,335,0.974174
FKIT,Y+X2_M3_r1,orange,336,0.972923
FKIT,Y+X2_M3_r1,orange,337,0.972617
FKIT,Y+X2_M3_r1,orange,338,0.952358
FKIT,Y+X2_M3_r1,orange,339,0.969851
FKIT,Y+X2_M3_r1,orange,340,0.970236
FKIT,Y+X2_M3_r1,orange,341,0.970972
FKIT,Y+X2_M3_r1,orange,342,0.971194
FKIT,Y+X2_M3_r1,orange,343,0.971440
FKIT,Y+X2_M3_r1,orange,344,0.972601
FKIT,Y+X2_M3_r1,orange,345,0.972276
FKIT,Y+X2_M3_r1,orange,346,0.971380
FKIT,Y+X2_M3_r1,orange,347,0.974127
FKIT,Y+X2_M3_r1,orange,348,0.969611
FKIT,Y+X2_M3_r1,orange,349,0.970626
FKIT,Y+X2_M3_r1,orange,350,0.970923
FKIT,Y+X2_M3_r1,orange,351,0.972001
FKIT,Y+X2_M3_r1,orange,352,0.971196
FKIT,Y+X2_M3_r1,orange,353,0.974164
FKIT,Y+X2_M3_r1,orange,354,0.974164
FKIT,Y+X2_M3_r1,orange,355,0.974437
FKIT,Y+X2_M3_r1,orange,356,0.975019
FKIT,Y+X2_M3_r1,orange,357,0.974588
FKIT,Y+X2_M3_r1,orange,358,0.974851
FKIT,Y+X2_M3_r1,orange,359,0.975463
FKIT,Y+X2_M3_r1,orange,360,0.974505
FKIT,Y+X2_M3_r1,orange,361,0.973754
FKIT,Y+X2_M3_r1,orange,362,0.973637
FKIT,Y+X2_M3_r1,orange,363,0.973595
FKIT,Y+X2_M3_r1,orange,364,0.974712
FKIT,Y+X2_M3_r1,orange,365,0.973373
FKIT,Y+X2_M3_r1,orange,366,0.972648
FKIT,Y+X2_M3_r1,orange,367,0.973778
FKIT,Y+X2_M3_r1,orange,368,0.971390
FKIT,Y+X2_M3_r1,orange,369,0.972351
FKIT,Y+X2_M3_r1,orange,370,0.975338
FKIT,Y+X2_M3_r1,orange,371,0.973249
FKIT,Y+X2_M3_r1,orange,372,0.972778
FKIT,Y+X2_M3_r1,orange,373,0.973702
FKIT,Y+X2_M3_r1,orange,374,0.974918
FKIT,Y+X2_M3_r1,orange,375,0.974144
FKIT,Y+X2_M3_r1,orange,376,0.973718
FKIT,Y+X2_M3_r1,orange,377,0.972202
FKIT,Y+X2_M3_r1,orange,378,0.973675
FKIT,Y+X2_M3_r1,orange,379,0.973379
FKIT,Y+X2_M3_r1,orange,380,0.972807
FKIT,Y+X2_M3_r1,orange,381,0.971467
FKIT,Y+X2_M3_r1,orange,382,0.970345
FKIT,Y+X2_M3_r1,orange,383,0.973324
FKIT,Y+X2_M3_r1,orange,384,0.972330
FKIT,Y+X2_M3_r1,orange,385,0.971385
FKIT,Y+X2_M3_r1,orange,386,0.972586
FKIT,Y+X2_M3_r1,orange,387,0.970361
FKIT,Y+X2_M3_r1,orange,388,0.972281
FKIT,Y+X2_M3_r1,orange,389,0.972115
FKIT,Y+X2_M3_r1,orange,390,0.971652
FKIT,Y+X2_M3_r1,orange,391,0.972160
FKIT,Y+X2_M3_r1,orange,392,0.973432
FKIT,Y+X2_M3_r1,orange,393,0.973863
FKIT,Y+X2_M3_r1,orange,394,0.974688
FKIT,Y+X2_M3_r1,orange,395,0.974627
FKIT,Y+X2_M3_r1,orange,396,0.974489
FKIT,Y+X2_M3_r1,orange,397,0.972790
FKIT,Y+X2_M3_r1,orange,398,0.973810
FKIT,Y+X2_M3_r1,orange,399,0.974041
FKIT,Y+X2_M3_r1,orange,400,0.973793
FKIT,Y+X2_M3_r1,orange,401,0.973029
FKIT,Y+X2_M3_r1,orange,402,0.973916
FKIT,Y+X2_M3_r1,orange,403,0.974601
FKIT,Y+X2_M3_r1,orange,404,0.972708
FKIT,Y+X2_M3_r1,orange,405,0.972896
FKIT,Y+X2_M3_r1,orange,406,0.971787
FKIT,Y+X2_M3_r1,orange,407,0.971447
FKIT,Y+X2_M3_r1,orange,408,0.971527
FKIT,Y+X2_M3_r1,orange,409,0.970897
FKIT,Y+X2_M3_r1,orange,410,0.973085
FKIT,Y+X2_M3_r1,orange,411,0.973678
FKIT,Y+X2_M3_r1,orange,412,0.972290
FKIT,Y+X2_M3_r1,orange,413,0.972653
FKIT,Y+X2_M3_r1,orange,414,0.971160
FKIT,Y+X2_M3_r1,orange,415,0.973300
FKIT,Y+X2_M3_r1,orange,416,0.971990
FKIT,Y+X2_M3_r1,orange,417,0.971892
FKIT,Y+X2_M3_r1,orange,418,0.969019
FKIT,Y+X2_M3_r1,orange,419,0.967707
FKIT,Y+X2_M3_r1,orange,420,0.967420
FKIT,Y+X2_M3_r1,orange,421,0.968536
FKIT,Y+X2_M3_r1,orange,422,0.969271
FKIT,Y+X2_M3_r1,orange,423,0.969934
FKIT,Y+X2_M3_r1,orange,424,0.970359
FKIT,Y+X2_M3_r1,orange,425,0.968721
FKIT,Y+X2_M3_r1,orange,426,0.969192
FKIT,Y+X2_M3_r1,orange,427,0.968738
FKIT,Y+X2_M3_r1,orange,428,0.968426
FKIT,Y+X2_M3_r1,orange,429,0.967644
FKIT,Y+X2_M3_r1,orange,430,0.969708
FKIT,Y+X2_M3_r1,orange,431,0.964600
FKIT,Y+X2_M3_r1,orange,432,0.965082
FKIT,Y+X2_M3_r1,orange,433,0.963851
FKIT,Y+X2_M3_r1,orange,434,0.963023
FKIT,Y+X2_M3_r1,orange,435,0.965820
FKIT,Y+X2_M3_r1,orange,436,0.963653
FKIT,Y+X2_M3_r1,orange,437,0.966641
FKIT,Y+X2_M3_r1,orange,438,0.966274
FKIT,Y+X2_M3_r1,orange,439,0.966890
FKIT,Y+X2_M3_r1,orange,440,0.968076
FKIT,Y+X2_M3_r1,orange,441,0.967600
FKIT,Y+X2_M3_r1,orange,442,0.966015
FKIT,Y+X2_M3_r1,orange,443,0.968736
FKIT,Y+X2_M3_r1,orange,444,0.968273
FKIT,Y+X2_M3_r1,orange,445,0.969577
FKIT,Y+X2_M3_r1,orange,446,0.969913
FKIT,Y+X2_M3_r1,orange,447,0.969247
FKIT,Y+X2_M3_r1,orange,448,0.967079
FKIT,Y+X2_M3_r1,orange,449,0.968731
FKIT,Y+X2_M3_r1,orange,450,0.969967
FKIT,Y+X2_M3_r1,orange,451,0.967982
FKIT,Y+X2_M3_r1,orange,452,0.970129
FKIT,Y+X2_M3_r1,orange,453,0.969477
FKIT,Y+X2_M3_r1,orange,454,0.969428
FKIT,Y+X2_M3_r1,orange,455,0.969004
FKIT,Y+X2_M3_r1,orange,456,0.967668
FKIT,Y+X2_M3_r1,orange,457,0.966641
FKIT,Y+X2_M3_r1,orange,458,0.967909
FKIT,Y+X2_M3_r1,orange,459,0.969480
FKIT,Y+X2_M3_r1,orange,460,0.967924
FKIT,Y+X2_M3_r1,orange,461,0.966900
FKIT,Y+X2_M3_r1,orange,462,0.969242
FKIT,Y+X2_M3_r1,orange,463,0.969842
FKIT,Y+X2_M3_r1,orange,464,0.971159
FKIT,Y+X2_M3_r1,orange,465,0.968615
FKIT,Y+X2_M3_r1,orange,466,0.969549
FKIT,Y+X2_M3_r1,orange,467,0.965251
FKIT,Y+X2_M3_r1,orange,468,0.971276
FKIT,Y+X2_M3_r1,orange,469,0.969022
FKIT,Y+X2_M3_r1,orange,470,0.970882
FKIT,Y+X2_M3_r1,orange,471,0.971554
FKIT,Y+X2_M3_r1,orange,472,0.973581
FKIT,Y+X2_M3_r1,orange,473,0.970267
FKIT,Y+X2_M3_r1,orange,474,0.973503
FKIT,Y+X2_M3_r1,orange,475,0.972327
FKIT,Y+X2_M3_r1,orange,476,0.975008
FKIT,Y+X2_M3_r1,orange,477,0.973549
FKIT,Y+X2_M3_r1,orange,478,0.976841
FKIT,Y+X2_M3_r1,orange,479,0.977044
FKIT,Y+X2_M3_r1,orange,480,0.975643
FKIT,Y+X2_M3_r1,orange,481,0.975859
FKIT,Y+X2_M3_r1,orange,482,0.972535
FKIT,Y+X2_M3_r1,orange,483,0.975122
FKIT,Y+X2_M3_r1,orange,484,0.976857
FKIT,Y+X2_M3_r1,orange,485,0.978258
FKIT,Y+X2_M3_r1,orange,486,0.976285
FKIT,Y+X2_M3_r1,orange,487,0.975742
FKIT,Y+X2_M3_r1,orange,488,0.978120
FKIT,Y+X2_M3_r1,orange,489,0.976916
FKIT,Y+X2_M3_r1,orange,490,0.977494
FKIT,Y+X2_M3_r1,orange,491,0.977204
FKIT,Y+X2_M3_r1,orange,492,0.975813
FKIT,Y+X2_M3_r1,orange,493,0.975804
FKIT,Y+X2_M3_r1,orange,494,0.976513
FKIT,Y+X2_M3_r1,orange,495,0.976282
FKIT,Y+X2_M3_r1,orange,496,0.975333
FKIT,Y+X2_M3_r1,orange,497,0.977384
FKIT,Y+X2_M3_r1,orange,498,0.976737
FKIT,Y+X2_M3_r1,orange,499,0.975625
FKIT,Y+X2_M3_r1,orange,500,0.975117
FKIT,Y+X2_M3_r1,orange,501,0.974879
FKIT,Y+X2_M3_r1,orange,502,0.977485
FKIT,Y+X2_M3_r1,orange,503,0.974560
FKIT,Y+X2_M3_r1,orange,504,0.977633
FKIT,Y+X2_M3_r1,orange,505,0.976829
FKIT,Y+X2_M3_r1,orange,506,0.976810
FKIT,Y+X2_M3_r1,orange,507,0.977376
FKIT,Y+X2_M3_r1,orange,508,0.977750
FKIT,Y+X2_M3_r1,orange,509,0.977784
FKIT,Y+X2_M3_r1,orange,510,0.976897
FKIT,Y+X2_M3_r1,orange,511,0.978341
FKIT,Y+X2_M3_r1,orange,512,0.978668
FKIT,Y+X2_M3_r1,orange,513,0.977874
FKIT,Y+X2_M3_r1,orange,514,0.977835
FKIT,Y+X2_M3_r1,orange,515,0.980015
FKIT,Y+X2_M3_r1,orange,516,0.979311
FKIT,Y+X2_M3_r1,orange,517,0.978237
FKIT,Y+X2_M3_r1,orange,518,0.980363
FKIT,Y+X2_M3_r1,orange,519,0.980231
FKIT,Y+X2_M3_r1,orange,520,0.979737
FKIT,Y+X2_M3_r1,orange,521,0.979755
FKIT,Y+X2_M3_r1,orange,522,0.980707
FKIT,Y+X2_M3_r1,orange,523,0.980299
FKIT,Y+X2_M3_r1,orange,524,0.980126
FKIT,Y+X2_M3_r1,orange,525,0.980907
FKIT,Y+X2_M3_r1,orange,526,0.980449
FKIT,Y+X2_M3_r1,orange,527,0.978013
FKIT,Y+X2_M3_r1,orange,528,0.980024
FKIT,Y+X2_M3_r1,orange,529,0.979957
FKIT,Y+X2_M3_r1,orange,530,0.980198
FKIT,Y+X2_M3_r1,orange,531,0.979706
FKIT,Y+X2_M3_r1,orange,532,0.981252
FKIT,Y+X2_M3_r1,orange,533,0.978317
FKIT,Y+X2_M3_r1,orange,534,0.979957
FKIT,Y+X2_M3_r1,orange,535,0.978114
FKIT,Y+X2_M3_r1,orange,536,0.979823
FKIT,Y+X2_M3_r1,orange,537,0.978881
FKIT,Y+X2_M3_r1,orange,538,0.978490
FKIT,Y+X2_M3_r1,orange,539,0.981072
FKIT,Y+X2_M3_r1,orange,540,0.978116
FKIT,Y+X2_M3_r1,orange,541,0.978905
FKIT,Y+X2_M3_r1,orange,542,0.976784
FKIT,Y+X2_M3_r1,orange,543,0.979394
FKIT,Y+X2_M3_r1,orange,544,0.980728
FKIT,Y+X2_M3_r1,orange,545,0.980931
FKIT,Y+X2_M3_r1,orange,546,0.979237
FKIT,Y+X2_M3_r1,orange,547,0.981390
FKIT,Y+X2_M3_r1,orange,548,0.979430
FKIT,Y+X2_M3_r1,orange,549,0.980671
FKIT,Y+X2_M3_r1,orange,550,0.981017
FKIT,Y+X2_M3_r1,orange,551,0.981139
FKIT,Y+X2_M3_r1,orange,552,0.980678
FKIT,Y+X2_M3_r1,orange,553,0.979175
FKIT,Y+X2_M3_r1,orange,554,0.981200
FKIT,Y+X2_M3_r1,orange,555,0.983643
FKIT,Y+X2_M3_r1,orange,556,0.981573
FKIT,Y+X2_M3_r1,orange,557,0.980919
FKIT,Y+X2_M3_r1,orange,558,0.980357
FKIT,Y+X2_M3_r1,orange,559,0.980916
FKIT,Y+X2_M3_r1,orange,560,0.980067
FKIT,Y+X2_M3_r1,orange,561,0.977651
FKIT,Y+X2_M3_r1,orange,562,0.978326
FKIT,Y+X2_M3_r1,orange,563,0.979473
FKIT,Y+X2_M3_r1,orange,564,0.977753
FKIT,Y+X2_M3_r1,orange,565,0.977738
FKIT,Y+X2_M3_r1,orange,566,0.976316
FKIT,Y+X2_M3_r1,orange,567,0.977268
FKIT,Y+X2_M3_r1,orange,568,0.975067
FKIT,Y+X2_M3_r1,orange,569,0.978441
FKIT,Y+X2_M3_r1,orange,570,0.977962
FKIT,Y+X2_M3_r1,orange,571,0.974899
FKIT,Y+X2_M3_r1,orange,572,0.977942
FKIT,Y+X2_M3_r1,orange,573,0.974894
FKIT,Y+X2_M3_r1,orange,574,0.978210
FKIT,Y+X2_M3_r1,orange,575,0.977246
FKIT,Y+X2_M3_r1,orange,576,0.977825
FKIT,Y+X2_M3_r1,orange,577,0.978401
FKIT,Y+X2_M3_r1,orange,578,0.976872
FKIT,Y+X2_M3_r1,orange,579,0.975885
FKIT,Y+X2_M3_r1,orange,580,0.979043
FKIT,Y+X2_M3_r1,orange,581,0.978351
FKIT,Y+X2_M3_r1,orange,582,0.979629
FKIT,Y+X2_M3_r1,orange,583,0.977400
FKIT,Y+X2_M3_r1,orange,584,0.978942
FKIT,Y+X2_M3_r1,orange,585,0.980206
FKIT,Y+X2_M3_r1,orange,586,0.979546
FKIT,Y+X2_M3_r1,orange,587,0.978576
FKIT,Y+X2_M3_r1,orange,588,0.979209
FKIT,Y+X2_M3_r1,orange,589,0.979136
FKIT,Y+X2_M3_r1,orange,590,0.978927
FKIT,Y+X2_M3_r1,orange,591,0.979073
FKIT,Y+X2_M3_r1,orange,592,0.976864
FKIT,Y+X2_M3_r1,orange,593,0.980498
FKIT,Y+X2_M3_r1,orange,594,0.979359
FKIT,Y+X2_M3_r1,orange,595,0.977115
FKIT,Y+X2_M3_r1,orange,596,0.978904
FKIT,Y+X2_M3_r1,orange,597,0.978532
FKIT,Y+X2_M3_r1,orange,598,0.976526
FKIT,Y+X2_M3_r1,orange,599,0.977891
FKIT,Y+X2_M3_r1,orange,600,0.977895
FKIT,Y+X2_M3_r1,orange,601,0.978776
FKIT,Y+X2_M3_r1,orange,602,0.978314
FKIT,Y+X2_M3_r1,orange,603,0.977727
FKIT,Y+X2_M3_r1,orange,604,0.977699
FKIT,Y+X2_M3_r1,orange,605,0.978739
FKIT,Y+X2_M3_r1,orange,606,0.978253
FKIT,Y+X2_M3_r1,orange,607,0.976678
FKIT,Y+X2_M3_r1,orange,608,0.977439
FKIT,Y+X2_M3_r1,orange,609,0.974542
FKIT,Y+X2_M3_r1,orange,610,0.977840
FKIT,Y+X2_M3_r1,orange,611,0.977152
FKIT,Y+X2_M3_r1,orange,612,0.975129
FKIT,Y+X2_M3_r1,orange,613,0.978398
FKIT,Y+X2_M3_r1,orange,614,0.977420
FKIT,Y+X2_M3_r1,orange,615,0.976474
FKIT,Y+X2_M3_r1,orange,616,0.976235
FKIT,Y+X2_M3_r1,orange,617,0.975972
FKIT,Y+X2_M3_r1,orange,618,0.974981
FKIT,Y+X2_M3_r1,orange,619,0.976323
FKIT,Y+X2_M3_r1,orange,620,0.977566
FKIT,Y+X2_M3_r1,orange,621,0.977685
FKIT,Y+X2_M3_r1,orange,622,0.977360
FKIT,Y+X2_M3_r1,orange,623,0.974939
FKIT,Y+X2_M3_r1,orange,624,0.979752
FKIT,Y+X2_M3_r1,orange,625,0.978617
FKIT,Y+X2_M3_r1,orange,626,0.980416
FKIT,Y+X2_M3_r1,orange,627,0.977647
FKIT,Y+X2_M3_r1,orange,628,0.978163
FKIT,Y+X2_M3_r1,orange,629,0.979871
FKIT,Y+X2_M3_r1,orange,630,0.977930
FKIT,Y+X2_M3_r1,orange,631,0.978504
FKIT,Y+X2_M3_r1,orange,632,0.977912
FKIT,Y+X2_M3_r1,orange,633,0.979293
FKIT,Y+X2_M3_r1,orange,634,0.979440
FKIT,Y+X2_M3_r1,orange,635,0.980452
FKIT,Y+X2_M3_r1,orange,636,0.977772
FKIT,Y+X2_M3_r1,orange,637,0.978520
FKIT,Y+X2_M3_r1,orange,638,0.979024
FKIT,Y+X2_M3_r1,orange,639,0.979576
FKIT,Y+X2_M3_r1,orange,640,0.978850
FKIT,Y+X2_M3_r1,orange,641,0.978313
FKIT,Y+X2_M3_r1,orange,642,0.980939
FKIT,Y+X2_M3_r1,orange,643,0.977035
FKIT,Y+X2_M3_r1,orange,644,0.976495
FKIT,Y+X2_M3_r1,orange,645,0.979245
FKIT,Y+X2_M3_r1,orange,646,0.979147
FKIT,Y+X2_M3_r1,orange,647,0.975898
FKIT,Y+X2_M3_r1,orange,648,0.974359
FKIT,Y+X2_M3_r1,orange,649,0.977533
FKIT,Y+X2_M3_r1,orange,650,0.977963
FKIT,Y+X2_M3_r1,orange,651,0.975963
FKIT,Y+X2_M3_r1,orange,652,0.976991
FKIT,Y+X2_M3_r1,orange,653,0.975563
FKIT,Y+X2_M3_r1,orange,654,0.977396
FKIT,Y+X2_M3_r1,orange,655,0.978015
FKIT,Y+X2_M3_r1,orange,656,0.976203
FKIT,Y+X2_M3_r1,orange,657,0.977574
FKIT,Y+X2_M3_r1,orange,658,0.976852
FKIT,Y+X2_M3_r1,orange,659,0.979254
FKIT,Y+X2_M3_r1,orange,660,0.977624
FKIT,Y+X2_M3_r1,orange,661,0.976245
FKIT,Y+X2_M3_r1,orange,662,0.977264
FKIT,Y+X2_M3_r1,orange,663,0.977591
FKIT,Y+X2_M3_r1,orange,664,0.979147
FKIT,Y+X2_M3_r1,orange,665,0.978974
FKIT,Y+X2_M3_r1,orange,666,0.977019
FKIT,Y+X2_M3_r1,orange,667,0.979219
FKIT,Y+X2_M3_r1,orange,668,0.977994
FKIT,Y+X2_M3_r1,orange,669,0.979667
FKIT,Y+X2_M3_r1,orange,670,0.980669
FKIT,Y+X2_M3_r1,orange,671,0.979397
FKIT,Y+X2_M3_r1,orange,672,0.978766
FKIT,Y+X2_M3_r1,orange,673,0.980139
FKIT,Y+X2_M3_r1,orange,674,0.980426
FKIT,Y+X2_M3_r1,orange,675,0.980154
FKIT,Y+X2_M3_r1,orange,676,0.979313
FKIT,Y+X2_M3_r1,orange,677,0.978367
FKIT,Y+X2_M3_r1,orange,678,0.978377
FKIT,Y+X2_M3_r1,orange,679,0.979608
FKIT,Y+X2_M3_r1,orange,680,0.980095
FKIT,Y+X2_M3_r1,orange,681,0.981310
FKIT,Y+X2_M3_r1,orange,682,0.978463
FKIT,Y+X2_M3_r1,orange,683,0.978692
FKIT,Y+X2_M3_r1,orange,684,0.978370
FKIT,Y+X2_M3_r1,orange,685,0.979962
FKIT,Y+X2_M3_r1,orange,686,0.979097
FKIT,Y+X2_M3_r1,orange,687,0.975763
FKIT,Y+X2_M3_r1,orange,688,0.978915
FKIT,Y+X2_M3_r1,orange,689,0.977495
FKIT,Y+X2_M3_r1,orange,690,0.977942
FKIT,Y+X2_M3_r1,orange,691,0.977551
FKIT,Y+X2_M3_r1,orange,692,0.977469
FKIT,Y+X2_M3_r1,orange,693,0.978282
FKIT,Y+X2_M3_r1,orange,694,0.979158
FKIT,Y+X2_M3_r1,orange,695,0.979521
FKIT,Y+X2_M3_r1,orange,696,0.977940
FKIT,Y+X2_M3_r1,orange,697,0.978045
FKIT,Y+X2_M3_r1,orange,698,0.977917
FKIT,Y+X2_M3_r1,orange,699,0.978368
FKIT,Y+X2_M3_r1,orange,700,0.977564
FKIT,Y+X2_M3_r1,orange,701,0.980840
FKIT,Y+X2_M3_r1,orange,702,0.978797
FKIT,Y+X2_M3_r1,orange,703,0.980024
FKIT,Y+X2_M3_r1,orange,704,0.981767
FKIT,Y+X2_M3_r1,orange,705,0.979803
FKIT,Y+X2_M3_r1,orange,706,0.981708
FKIT,Y+X2_M3_r1,orange,707,0.979783
FKIT,Y+X2_M3_r1,orange,708,0.981174
FKIT,Y+X2_M3_r1,orange,709,0.979631
FKIT,Y+X2_M3_r1,orange,710,0.980749
FKIT,Y+X2_M3_r1,orange,711,0.979969
FKIT,Y+X2_M3_r1,orange,712,0.981520
FKIT,Y+X2_M3_r1,orange,713,0.980872
FKIT,Y+X2_M3_r1,orange,714,0.979318
FKIT,Y+X2_M3_r1,orange,715,0.981179
FKIT,Y+X2_M3_r1,orange,716,0.978476
FKIT,Y+X2_M3_r1,orange,717,0.977623
FKIT,Y+X2_M3_r1,orange,718,0.978778
FKIT,Y+X2_M3_r1,orange,719,0.978189
FKIT,Y+X2_M3_r1,orange,720,0.979899
FKIT,Y+X2_M3_r1,orange,721,0.980716
FKIT,Y+X2_M3_r1,orange,722,0.980008
FKIT,Y+X2_M3_r1,orange,723,0.978454
FKIT,Y+X2_M3_r1,orange,724,0.978383
FKIT,Y+X2_M3_r1,orange,725,0.976963
FKIT,Y+X2_M3_r1,orange,726,0.976436
FKIT,Y+X2_M3_r1,orange,727,0.975605
FKIT,Y+X2_M3_r1,orange,728,0.975839
FKIT,Y+X2_M3_r1,orange,729,0.977748
FKIT,Y+X2_M3_r1,orange,730,0.977309
FKIT,Y+X2_M3_r1,orange,731,0.977402
FKIT,Y+X2_M3_r1,orange,732,0.976873
FKIT,Y+X2_M3_r1,orange,733,0.977759
FKIT,Y+X2_M3_r1,orange,734,0.976595
FKIT,Y+X2_M3_r1,orange,735,0.974941
FKIT,Y+X2_M3_r1,orange,736,0.976287
FKIT,Y+X2_M3_r1,orange,737,0.974907
FKIT,Y+X2_M3_r1,orange,738,0.973753
FKIT,Y+X2_M3_r1,orange,739,0.971990
FKIT,Y+X2_M3_r1,orange,740,0.971943
FKIT,Y+X2_M3_r1,orange,741,0.973630
FKIT,Y+X2_M3_r1,orange,742,0.973407
FKIT,Y+X2_M3_r1,orange,743,0.976793
FKIT,Y+X2_M3_r1,orange,744,0.972367
FKIT,Y+X2_M3_r1,orange,745,0.975045
FKIT,Y+X2_M3_r1,orange,746,0.974175
FKIT,Y+X2_M3_r1,orange,747,0.973575
FKIT,Y+X2_M3_r1,orange,748,0.971440
FKIT,Y+X2_M3_r1,orange,749,0.976975
FKIT,Y+X2_M3_r1,orange,750,0.976024
FKIT,Y+X2_M3_r1,orange,751,0.975857
FKIT,Y+X2_M3_r1,orange,752,0.977732
FKIT,Y+X2_M3_r1,orange,753,0.975801
FKIT,Y+X2_M3_r1,orange,754,0.976887
FKIT,Y+X2_M3_r1,orange,755,0.979095
FKIT,Y+X2_M3_r1,orange,756,0.978723
FKIT,Y+X2_M3_r1,orange,757,0.976672
FKIT,Y+X2_M3_r1,orange,758,0.975601
FKIT,Y+X2_M3_r1,orange,759,0.978066
FKIT,Y+X2_M3_r1,orange,760,0.978614
FKIT,Y+X2_M3_r1,orange,761,0.975347
FKIT,Y+X2_M3_r1,orange,762,0.976079
FKIT,Y+X2_M3_r1,orange,763,0.975954
FKIT,Y+X2_M3_r1,orange,764,0.973151
FKIT,Y+X2_M3_r1,orange,765,0.976637
FKIT,Y+X2_M3_r1,orange,766,0.975548
FKIT,Y+X2_M3_r1,orange,767,0.973811
FKIT,Y+X2_M3_r1,orange,768,0.974534
FKIT,Y+X2_M3_r1,orange,769,0.977292
FKIT,Y+X2_M3_r1,orange,770,0.975142
FKIT,Y+X2_M3_r1,orange,771,0.976208
FKIT,Y+X2_M3_r1,orange,772,0.977525
FKIT,Y+X2_M3_r1,orange,773,0.977972
FKIT,Y+X2_M3_r1,orange,774,0.974903
FKIT,Y+X2_M3_r1,orange,775,0.974944
FKIT,Y+X2_M3_r1,orange,776,0.976058
FKIT,Y+X2_M3_r1,orange,777,0.973466
FKIT,Y+X2_M3_r1,orange,778,0.975331
FKIT,Y+X2_M3_r1,orange,779,0.975690
FKIT,Y+X2_M3_r1,orange,780,0.975476
FKIT,Y+X2_M3_r1,orange,781,0.974088
FKIT,Y+X2_M3_r1,orange,782,0.972208
FKIT,Y+X2_M3_r1,orange,783,0.973220
FKIT,Y+X2_M3_r1,orange,784,0.972680
FKIT,Y+X2_M3_r1,orange,785,0.970033
FKIT,Y+X2_M3_r1,orange,786,0.968653
FKIT,Y+X2_M3_r1,orange,787,0.966241
FKIT,Y+X2_M3_r1,orange,788,0.967414
FKIT,Y+X2_M3_r1,orange,789,0.968278
FKIT,Y+X2_M3_r1,orange,790,0.964774
FKIT,Y+X2_M3_r1,orange,791,0.965963
FKIT,Y+X2_M3_r1,orange,792,0.966345
FKIT,Y+X2_M3_r1,orange,793,0.963799
FKIT,Y+X2_M3_r1,orange,794,0.965592
FKIT,Y+X2_M3_r1,orange,795,0.969382
FKIT,Y+X2_M3_r1,orange,796,0.968755
FKIT,Y+X2_M3_r1,orange,797,0.966877
FKIT,Y+X2_M3_r1,orange,798,0.967464
FKIT,Y+X2_M3_r1,orange,799,0.969258
FKIT,Y+X2_M3_r1,orange,800,0.965784
FKIT,Y+X2_M3_r1,orange,801,0.966695
FKIT,Y+X2_M3_r1,orange,802,0.968533
FKIT,Y+X2_M3_r1,orange,803,0.967126
FKIT,Y+X2_M3_r1,orange,804,0.967421
FKIT,Y+X2_M3_r1,orange,805,0.967065
FKIT,Y+X2_M3_r1,orange,806,0.966170
FKIT,Y+X2_M3_r1,orange,807,0.970651
FKIT,Y+X2_M3_r1,orange,808,0.969258
FKIT,Y+X2_M3_r1,orange,809,0.969051
FKIT,Y+X2_M3_r1,orange,810,0.967537
FKIT,Y+X2_M3_r1,orange,811,0.969891
FKIT,Y+X2_M3_r1,orange,812,0.967998
FKIT,Y+X2_M3_r1,orange,813,0.967776
FKIT,Y+X2_M3_r1,orange,814,0.969298
FKIT,Y+X2_M3_r1,orange,815,0.970516
FKIT,Y+X2_M3_r1,orange,816,0.968802
FKIT,Y+X2_M3_r1,orange,817,0.950881
FKIT,Y+X2_M3_r1,orange,818,0.966083
FKIT,Y+X2_M3_r1,orange,819,0.968913
FKIT,Y+X2_M3_r1,orange,820,0.970289
FKIT,Y+X2_M3_r1,orange,821,0.971481
FKIT,Y+X2_M3_r1,orange,822,0.970353
FKIT,Y+X2_M3_r1,orange,823,0.969395
FKIT,Y+X2_M3_r1,orange,824,0.967768
FKIT,Y+X2_M3_r1,orange,825,0.966658
FKIT,Y+X2_M3_r1,orange,826,0.967177
FKIT,Y+X2_M3_r1,orange,827,0.969333
FKIT,Y+X2_M3_r1,orange,828,0.970384
FKIT,Y+X2_M3_r1,orange,829,0.972828
FKIT,Y+X2_M3_r1,orange,830,0.971848
FKIT,Y+X2_M3_r1,orange,831,0.973558
FKIT,Y+X2_M3_r1,orange,832,0.970913
FKIT,Y+X2_M3_r1,orange,833,0.971902
FKIT,Y+X2_M3_r1,orange,834,0.970576
FKIT,Y+X2_M3_r1,orange,835,0.971002
FKIT,Y+X2_M3_r1,orange,836,0.971235
FKIT,Y+X2_M3_r1,orange,837,0.971288
FKIT,Y+X2_M3_r1,orange,838,0.971358
FKIT,Y+X2_M3_r1,orange,839,0.972464
FKIT,Y+X2_M3_r1,orange,840,0.970702
FKIT,Y+X2_M3_r1,orange,841,0.970469
FKIT,Y+X2_M3_r1,orange,842,0.971194
FKIT,Y+X2_M3_r1,orange,843,0.969611
FKIT,Y+X2_M3_r1,orange,844,0.965805
FKIT,Y+X2_M3_r1,orange,845,0.969904
FKIT,Y+X2_M3_r1,orange,846,0.969245
FKIT,Y+X2_M3_r1,orange,847,0.967687
FKIT,Y+X2_M3_r1,orange,848,0.969786
FKIT,Y+X2_M3_r1,orange,849,0.969359
FKIT,Y+X2_M3_r1,orange,850,0.970164
FKIT,Y+X2_M3_r1,orange,851,0.970536
FKIT,Y+X2_M3_r1,orange,852,0.971373
FKIT,Y+X2_M3_r1,orange,853,0.972054
FKIT,Y+X2_M3_r1,orange,854,0.970765
FKIT,Y+X2_M3_r1,orange,855,0.969891
FKIT,Y+X2_M3_r1,orange,856,0.970179
FKIT,Y+X2_M3_r1,orange,857,0.970591
FKIT,Y+X2_M3_r1,orange,858,0.969155
FKIT,Y+X2_M3_r1,orange,859,0.972096
FKIT,Y+X2_M3_r1,orange,860,0.969746
FKIT,Y+X2_M3_r1,orange,861,0.969711
FKIT,Y+X2_M3_r1,orange,862,0.967778
FKIT,Y+X2_M3_r1,orange,863,0.967294
FKIT,Y+X2_M3_r1,orange,864,0.964540
FKIT,Y+X2_M3_r1,orange,865,0.964086
FKIT,Y+X2_M3_r1,orange,866,0.964196
FKIT,Y+X2_M3_r1,orange,867,0.964366
FKIT,Y+X2_M3_r1,orange,868,0.964152
FKIT,Y+X2_M3_r1,orange,869,0.965143
FKIT,Y+X2_M3_r1,orange,870,0.965594
FKIT,Y+X2_M3_r1,orange,871,0.966223
FKIT,Y+X2_M3_r1,orange,872,0.964050
FKIT,Y+X2_M3_r1,orange,873,0.964685
FKIT,Y+X2_M3_r1,orange,874,0.964635
FKIT,Y+X2_M3_r1,orange,875,0.965761
FKIT,Y+X2_M3_r1,orange,876,0.963157
FKIT,Y+X2_M3_r1,orange,877,0.964827
FKIT,Y+X2_M3_r1,orange,878,0.965528
FKIT,Y+X2_M3_r1,orange,879,0.968428
FKIT,Y+X2_M3_r1,orange,880,0.964535
FKIT,Y+X2_M3_r1,orange,881,0.962889
FKIT,Y+X2_M3_r1,orange,882,0.964802
FKIT,Y+X2_M3_r1,orange,883,0.966120
FKIT,Y+X2_M3_r1,orange,884,0.964378
FKIT,Y+X2_M3_r1,orange,885,0.964176
FKIT,Y+X2_M3_r1,orange,886,0.965792
FKIT,Y+X2_M3_r1,orange,887,0.964242
FKIT,Y+X2_M3_r1,orange,888,0.966826
FKIT,Y+X2_M3_r1,orange,889,0.968715
FKIT,Y+X2_M3_r1,orange,890,0.969011
FKIT,Y+X2_M3_r1,orange,891,0.968723
FKIT,Y+X2_M3_r1,orange,892,0.969027
FKIT,Y+X2_M3_r1,orange,893,0.968684
FKIT,Y+X2_M3_r1,orange,894,0.969799
FKIT,Y+X2_M3_r1,orange,895,0.965898
FKIT,Y+X2_M3_r1,orange,896,0.968083
FKIT,Y+X2_M3_r1,orange,897,0.966951
FKIT,Y+X2_M3_r1,orange,898,0.966409
FKIT,Y+X2_M3_r1,orange,899,0.969837
FKIT,Y+X2_M3_r1,orange,900,0.967630
FKIT,Y+X2_M3_r1,orange,901,0.966361
FKIT,Y+X2_M3_r1,orange,902,0.933203
FKIT,Y+X2_M3_r1,orange,903,0.965191
FKIT,Y+X2_M3_r1,orange,904,0.964738
FKIT,Y+X2_M3_r1,orange,905,0.964478
FKIT,Y+X2_M3_r1,orange,906,0.965945
FKIT,Y+X2_M3_r1,orange,907,0.965493
FKIT,Y+X2_M3_r1,orange,908,0.964773
FKIT,Y+X2_M3_r1,orange,909,0.965112
FKIT,Y+X2_M3_r1,orange,910,0.964740
FKIT,Y+X2_M3_r1,orange,911,0.963837
FKIT,Y+X2_M3_r1,orange,912,0.965535
FKIT,Y+X2_M3_r1,orange,913,0.968073
FKIT,Y+X2_M3_r1,orange,914,0.964406
FKIT,Y+X2_M3_r1,orange,915,0.961538
FKIT,Y+X2_M3_r1,orange,916,0.969421
FKIT,Y+X2_M3_r1,orange,917,0.965710
FKIT,Y+X2_M3_r1,orange,918,0.965183
FKIT,Y+X2_M3_r1,orange,919,0.963613
FKIT,Y+X2_M3_r1,orange,920,0.969484
FKIT,Y+X2_M3_r1,orange,921,0.969267
FKIT,Y+X2_M3_r1,orange,922,0.970400
FKIT,Y+X2_M3_r1,orange,923,0.971108
FKIT,Y+X2_M3_r1,orange,924,0.970669
FKIT,Y+X2_M3_r1,orange,925,0.969709
FKIT,Y+X2_M3_r1,orange,926,0.968701
FKIT,Y+X2_M3_r1,orange,927,0.966750
FKIT,Y+X2_M3_r1,orange,928,0.965041
FKIT,Y+X2_M3_r1,orange,929,0.966506
FKIT,Y+X2_M3_r1,orange,930,0.968801
FKIT,Y+X2_M3_r1,orange,931,0.968644
FKIT,Y+X2_M3_r1,orange,932,0.968230
FKIT,Y+X2_M3_r1,orange,933,0.970347
FKIT,Y+X2_M3_r1,orange,934,0.970967
FKIT,Y+X2_M3_r1,orange,935,0.972678
FKIT,Y+X2_M3_r1,orange,936,0.972104
FKIT,Y+X2_M3_r1,orange,937,0.973727
FKIT,Y+X2_M3_r1,orange,938,0.974451
FKIT,Y+X2_M3_r1,orange,939,0.972568
FKIT,Y+X2_M3_r1,orange,940,0.972473
FKIT,Y+X2_M3_r1,orange,941,0.970541
FKIT,Y+X2_M3_r1,orange,942,0.971378
FKIT,Y+X2_M3_r1,orange,943,0.973716
FKIT,Y+X2_M3_r1,orange,944,0.973376
FKIT,Y+X2_M3_r1,orange,945,0.972521
FKIT,Y+X2_M3_r1,orange,946,0.972485
FKIT,Y+X2_M3_r1,orange,947,0.972834
FKIT,Y+X2_M3_r1,orange,948,0.971567
FKIT,Y+X2_M3_r1,orange,949,0.972418
FKIT,Y+X2_M3_r1,orange,950,0.970546
FKIT,Y+X2_M3_r1,orange,951,0.971413
FKIT,Y+X2_M3_r1,orange,952,0.972011
FKIT,Y+X2_M3_r1,orange,953,0.969793
FKIT,Y+X2_M3_r1,orange,954,0.974759
FKIT,Y+X2_M3_r1,orange,955,0.974325
FKIT,Y+X2_M3_r1,orange,956,0.975307
FKIT,Y+X2_M3_r1,orange,957,0.976395
FKIT,Y+X2_M3_r1,orange,958,0.974404
FKIT,Y+X2_M3_r1,orange,959,0.972699
FKIT,Y+X2_M3_r1,orange,960,0.974015
FKIT,Y+X2_M3_r1,orange,961,0.972785
FKIT,Y+X2_M3_r1,orange,962,0.970932
FKIT,Y+X2_M3_r1,orange,963,0.971799
FKIT,Y+X2_M3_r1,orange,964,0.975869
FKIT,Y+X2_M3_r1,orange,965,0.974742
FKIT,Y+X2_M3_r1,orange,966,0.974438
FKIT,Y+X2_M3_r1,orange,967,0.976542
FKIT,Y+X2_M3_r1,orange,968,0.971626
FKIT,Y+X2_M3_r1,orange,969,0.973610
FKIT,Y+X2_M3_r1,orange,970,0.973627
FKIT,Y+X2_M3_r1,orange,971,0.971008
FKIT,Y+X2_M3_r1,orange,972,0.970363
FKIT,Y+X2_M3_r1,orange,973,0.965428
FKIT,Y+X2_M3_r1,orange,974,0.967975
FKIT,Y+X2_M3_r1,orange,975,0.965068
FKIT,Y+X2_M3_r1,orange,976,0.967341
FKIT,Y+X2_M3_r1,orange,977,0.966307
FKIT,Y+X2_M3_r1,orange,978,0.968920
FKIT,Y+X2_M3_r1,orange,979,0.967128
FKIT,Y+X2_M3_r1,orange,980,0.967844
FKIT,Y+X2_M3_r1,orange,981,0.966689
FKIT,Y+X2_M3_r1,orange,982,0.969780
FKIT,Y+X2_M3_r1,orange,983,0.971959
FKIT,Y+X2_M3_r1,orange,984,0.970527
FKIT,Y+X2_M3_r1,orange,985,0.969822
FKIT,Y+X2_M3_r1,orange,986,0.970167
FKIT,Y+X2_M3_r1,orange,987,0.970112
FKIT,Y+X2_M3_r1,orange,988,0.967502
FKIT,Y+X2_M3_r1,orange,989,0.966783
FKIT,Y+X2_M3_r1,orange,990,0.969402
FKIT,Y+X2_M3_r1,orange,991,0.971048
FKIT,Y+X2_M3_r1,orange,992,0.967147
FKIT,Y+X2_M3_r1,orange,993,0.968911
FKIT,Y+X2_M3_r1,orange,994,0.970257
FKIT,Y+X2_M3_r1,orange,995,0.968826
FKIT,Y+X2_M3_r1,orange,996,0.969205
FKIT,Y+X2_M3_r1,orange,997,0.969570
FKIT,Y+X2_M3_r1,orange,998,0.967107
FKIT,Y+X2_M3_r1,orange,999,0.969677
FKIT,Y+X2_M3_r1,orange,1000,0.968339
FKIT,Y+X2_M3_r1,paxoco_mini,0,0.959202
FKIT,Y+X2_M3_r1,paxoco_mini,1,0.951042
FKIT,Y+X2_M3_r1,paxoco_mini,2,0.954560
FKIT,Y+X2_M3_r1,paxoco_mini,3,0.956131
FKIT,Y+X2_M3_r1,paxoco_mini,4,0.958404
FKIT,Y+X2_M3_r1,paxoco_mini,5,0.957742
FKIT,Y+X2_M3_r1,paxoco_mini,6,0.958073
FKIT,Y+X2_M3_r1,paxoco_mini,7,0.957918
FKIT,Y+X2_M3_r1,paxoco_mini,8,0.960317
FKIT,Y+X2_M3_r1,paxoco_mini,9,0.959961
FKIT,Y+X2_M3_r1,paxoco_mini,10,0.955232
FKIT,Y+X2_M3_r1,paxoco_mini,11,0.964529
FKIT,Y+X2_M3_r1,paxoco_mini,12,0.962563
FKIT,Y+X2_M3_r1,paxoco_mini,13,0.963631
FKIT,Y+X2_M3_r1,paxoco_mini,14,0.972087
FKIT,Y+X2_M3_r1,paxoco_mini,15,0.967672
FKIT,Y+X2_M3_r1,paxoco_mini,16,0.971544
FKIT,Y+X2_M3_r1,paxoco_mini,17,0.966675
FKIT,Y+X2_M3_r1,paxoco_mini,18,0.966046
FKIT,Y+X2_M3_r1,paxoco_mini,19,0.962797
FKIT,Y+X2_M3_r1,paxoco_mini,20,0.966509
FKIT,Y+X2_M3_r1,paxoco_mini,21,0.965564
FKIT,Y+X2_M3_r1,paxoco_mini,22,0.966519
FKIT,Y+X2_M3_r1,paxoco_mini,23,0.967714
FKIT,Y+X2_M3_r1,paxoco_mini,24,0.969100
FKIT,Y+X2_M3_r1,paxoco_mini,25,0.967894
FKIT,Y+X2_M3_r1,paxoco_mini,26,0.966627
FKIT,Y+X2_M3_r1,paxoco_mini,27,0.967790
FKIT,Y+X2_M3_r1,paxoco_mini,28,0.969485
FKIT,Y+X2_M3_r1,paxoco_mini,29,0.969385
FKIT,Y+X2_M3_r1,paxoco_mini,30,0.970094
FKIT,Y+X2_M3_r1,paxoco_mini,31,0.970627
FKIT,Y+X2_M3_r1,paxoco_mini,32,0.968816
FKIT,Y+X2_M3_r1,paxoco_mini,33,0.969318
FKIT,Y+X2_M3_r1,paxoco_mini,34,0.970473
FKIT,Y+X2_M3_r1,paxoco_mini,35,0.970419
FKIT,Y+X2_M3_r1,paxoco_mini,36,0.969498
FKIT,Y+X2_M3_r1,paxoco_mini,37,0.967691
FKIT,Y+X2_M3_r1,paxoco_mini,38,0.964749
FKIT,Y+X2_M3_r1,paxoco_mini,39,0.965384
FKIT,Y+X2_M3_r1,paxoco_mini,40,0.966737
FKIT,Y+X2_M3_r1,paxoco_mini,41,0.967798
FKIT,Y+X2_M3_r1,paxoco_mini,42,0.969516
FKIT,Y+X2_M3_r1,paxoco_mini,43,0.968363
FKIT,Y+X2_M3_r1,paxoco_mini,44,0.970554
FKIT,Y+X2_M3_r1,paxoco_mini,45,0.970133
FKIT,Y+X2_M3_r1,paxoco_mini,46,0.969215
FKIT,Y+X2_M3_r1,paxoco_mini,47,0.967330
FKIT,Y+X2_M3_r1,paxoco_mini,48,0.970412
FKIT,Y+X2_M3_r1,paxoco_mini,49,0.966267
FKIT,Y+X2_M3_r1,paxoco_mini,50,0.963689
FKIT,Y+X2_M3_r1,paxoco_mini,51,0.962800
FKIT,Y+X2_M3_r1,paxoco_mini,52,0.964560
FKIT,Y+X2_M3_r1,paxoco_mini,53,0.967119
FKIT,Y+X2_M3_r1,paxoco_mini,54,0.963617
FKIT,Y+X2_M3_r1,paxoco_mini,55,0.964387
FKIT,Y+X2_M3_r1,paxoco_mini,56,0.967992
FKIT,Y+X2_M3_r1,paxoco_mini,57,0.963455
FKIT,Y+X2_M3_r1,paxoco_mini,58,0.965123
FKIT,Y+X2_M3_r1,paxoco_mini,59,0.961118
FKIT,Y+X2_M3_r1,paxoco_mini,60,0.963406
FKIT,Y+X2_M3_r1,paxoco_mini,61,0.961447
FKIT,Y+X2_M3_r1,paxoco_mini,62,0.962179
FKIT,Y+X2_M3_r1,paxoco_mini,63,0.961347
FKIT,Y+X2_M3_r1,paxoco_mini,64,0.960373
FKIT,Y+X2_M3_r1,paxoco_mini,65,0.926211
FKIT,Y+X2_M3_r1,paxoco_mini,66,0.957618
FKIT,Y+X2_M3_r1,paxoco_mini,67,0.962382
FKIT,Y+X2_M3_r1,paxoco_mini,68,0.958179
FKIT,Y+X2_M3_r1,paxoco_mini,69,0.962146
FKIT,Y+X2_M3_r1,paxoco_mini,70,0.962022
FKIT,Y+X2_M3_r1,paxoco_mini,71,0.962402
FKIT,Y+X2_M3_r1,paxoco_mini,72,0.960450
FKIT,Y+X2_M3_r1,paxoco_mini,73,0.962318
FKIT,Y+X2_M3_r1,paxoco_mini,74,0.961859
FKIT,Y+X2_M3_r1,paxoco_mini,75,0.964581
FKIT,Y+X2_M3_r1,paxoco_mini,76,0.967392
FKIT,Y+X2_M3_r1,paxoco_mini,77,0.963940
FKIT,Y+X2_M3_r1,paxoco_mini,78,0.963084
FKIT,Y+X2_M3_r1,paxoco_mini,79,0.964637
FKIT,Y+X2_M3_r1,paxoco_mini,80,0.964072
FKIT,Y+X2_M3_r1,paxoco_mini,81,0.965431
FKIT,Y+X2_M3_r1,paxoco_mini,82,0.965870
FKIT,Y+X2_M3_r1,paxoco_mini,83,0.968419
FKIT,Y+X2_M3_r1,paxoco_mini,84,0.967631
FKIT,Y+X2_M3_r1,paxoco_mini,85,0.966192
FKIT,Y+X2_M3_r1,paxoco_mini,86,0.970735
FKIT,Y+X2_M3_r1,paxoco_mini,87,0.968534
FKIT,Y+X2_M3_r1,paxoco_mini,88,0.967762
FKIT,Y+X2_M3_r1,paxoco_mini,89,0.961186
FKIT,Y+X2_M3_r1,paxoco_mini,90,0.967684
FKIT,Y+X2_M3_r1,paxoco_mini,91,0.967345
FKIT,Y+X2_M3_r1,paxoco_mini,92,0.966953
FKIT,Y+X2_M3_r1,paxoco_mini,93,0.968235
FKIT,Y+X2_M3_r1,paxoco_mini,94,0.964455
FKIT,Y+X2_M3_r1,paxoco_mini,95,0.957907
FKIT,Y+X2_M3_r1,paxoco_mini,96,0.965949
FKIT,Y+X2_M3_r1,paxoco_mini,97,0.963683
FKIT,Y+X2_M3_r1,paxoco_mini,98,0.967891
FKIT,Y+X2_M3_r1,paxoco_mini,99,0.969213
FKIT,Y+X2_M3_r1,paxoco_mini,100,0.965651
FKIT,Y+X2_M3_r1,paxoco_mini,101,0.968106
FKIT,Y+X2_M3_r1,paxoco_mini,102,0.967800
FKIT,Y+X2_M3_r1,paxoco_mini,103,0.969203
FKIT,Y+X2_M3_r1,paxoco_mini,104,0.970469
FKIT,Y+X2_M3_r1,paxoco_mini,105,0.968796
FKIT,Y+X2_M3_r1,paxoco_mini,106,0.969887
FKIT,Y+X2_M3_r1,paxoco_mini,107,0.967101
FKIT,Y+X2_M3_r1,paxoco_mini,108,0.965635
FKIT,Y+X2_M3_r1,paxoco_mini,109,0.967375
FKIT,Y+X2_M3_r1,paxoco_mini,110,0.968241
FKIT,Y+X2_M3_r1,paxoco_mini,111,0.966343
FKIT,Y+X2_M3_r1,paxoco_mini,112,0.968640
FKIT,Y+X2_M3_r1,paxoco_mini,113,0.966552
FKIT,Y+X2_M3_r1,paxoco_mini,114,0.968629
FKIT,Y+X2_M3_r1,paxoco_mini,115,0.966172
FKIT,Y+X2_M3_r1,paxoco_mini,116,0.965030
FKIT,Y+X2_M3_r1,paxoco_mini,117,0.965768
FKIT,Y+X2_M3_r1,paxoco_mini,118,0.960766
FKIT,Y+X2_M3_r1,paxoco_mini,119,0.960302
FKIT,Y+X2_M3_r1,paxoco_mini,120,0.962682
FKIT,Y+X2_M3_r1,paxoco_mini,121,0.963713
FKIT,Y+X2_M3_r1,paxoco_mini,122,0.966754
FKIT,Y+X2_M3_r1,paxoco_mini,123,0.970758
FKIT,Y+X2_M3_r1,paxoco_mini,124,0.969740
FKIT,Y+X2_M3_r1,paxoco_mini,125,0.970133
FKIT,Y+X2_M3_r1,paxoco_mini,126,0.968627
FKIT,Y+X2_M3_r1,paxoco_mini,127,0.965521
FKIT,Y+X2_M3_r1,paxoco_mini,128,0.967742
FKIT,Y+X2_M3_r1,paxoco_mini,129,0.965073
FKIT,Y+X2_M3_r1,paxoco_mini,130,0.967867
FKIT,Y+X2_M3_r1,paxoco_mini,131,0.966354
FKIT,Y+X2_M3_r1,paxoco_mini,132,0.967942
FKIT,Y+X2_M3_r1,paxoco_mini,133,0.963946
FKIT,Y+X2_M3_r1,paxoco_mini,134,0.964889
FKIT,Y+X2_M3_r1,paxoco_mini,135,0.969212
FKIT,Y+X2_M3_r1,paxoco_mini,136,0.968691
FKIT,Y+X2_M3_r1,paxoco_mini,137,0.969105
FKIT,Y+X2_M3_r1,paxoco_mini,138,0.967602
FKIT,Y+X2_M3_r1,paxoco_mini,139,0.965842
FKIT,Y+X2_M3_r1,paxoco_mini,140,0.973508
FKIT,Y+X2_M3_r1,paxoco_mini,141,0.967206
FKIT,Y+X2_M3_r1,paxoco_mini,142,0.966767
FKIT,Y+X2_M3_r1,paxoco_mini,143,0.968972
FKIT,Y+X2_M3_r1,paxoco_mini,144,0.970191
FKIT,Y+X2_M3_r1,paxoco_mini,145,0.972435
FKIT,Y+X2_M3_r1,paxoco_mini,146,0.968743
FKIT,Y+X2_M3_r1,paxoco_mini,147,0.969146
FKIT,Y+X2_M3_r1,paxoco_mini,148,0.969025
FKIT,Y+X2_M3_r1,paxoco_mini,149,0.965813
FKIT,Y+X2_M3_r1,paxoco_mini,150,0.967243
FKIT,Y+X2_M3_r1,paxoco_mini,151,0.965483
FKIT,Y+X2_M3_r1,paxoco_mini,152,0.966140
FKIT,Y+X2_M3_r1,paxoco_mini,153,0.967913
FKIT,Y+X2_M3_r1,paxoco_mini,154,0.968828
FKIT,Y+X2_M3_r1,paxoco_mini,155,0.967452
FKIT,Y+X2_M3_r1,paxoco_mini,156,0.968605
FKIT,Y+X2_M3_r1,paxoco_mini,157,0.966446
FKIT,Y+X2_M3_r1,paxoco_mini,158,0.968118
FKIT,Y+X2_M3_r1,paxoco_mini,159,0.969222
FKIT,Y+X2_M3_r1,paxoco_mini,160,0.965610
FKIT,Y+X2_M3_r1,paxoco_mini,161,0.964030
FKIT,Y+X2_M3_r1,paxoco_mini,162,0.965517
FKIT,Y+X2_M3_r1,paxoco_mini,163,0.966308
FKIT,Y+X2_M3_r1,paxoco_mini,164,0.967045
FKIT,Y+X2_M3_r1,paxoco_mini,165,0.967272
FKIT,Y+X2_M3_r1,paxoco_mini,166,0.968051
FKIT,Y+X2_M3_r1,paxoco_mini,167,0.970381
FKIT,Y+X2_M3_r1,paxoco_mini,168,0.969205
FKIT,Y+X2_M3_r1,paxoco_mini,169,0.967717
FKIT,Y+X2_M3_r1,paxoco_mini,170,0.969680
FKIT,Y+X2_M3_r1,paxoco_mini,171,0.969289
FKIT,Y+X2_M3_r1,paxoco_mini,172,0.972238
FKIT,Y+X2_M3_r1,paxoco_mini,173,0.969618
FKIT,Y+X2_M3_r1,paxoco_mini,174,0.972425
FKIT,Y+X2_M3_r1,paxoco_mini,175,0.967845
FKIT,Y+X2_M3_r1,paxoco_mini,176,0.964943
FKIT,Y+X2_M3_r1,paxoco_mini,177,0.966721
FKIT,Y+X2_M3_r1,paxoco_mini,178,0.965083
FKIT,Y+X2_M3_r1,paxoco_mini,179,0.963643
FKIT,Y+X2_M3_r1,paxoco_mini,180,0.966444
FKIT,Y+X2_M3_r1,paxoco_mini,181,0.970808
FKIT,Y+X2_M3_r1,paxoco_mini,182,0.972171
FKIT,Y+X2_M3_r1,paxoco_mini,183,0.973515
FKIT,Y+X2_M3_r1,paxoco_mini,184,0.974201
FKIT,Y+X2_M3_r1,paxoco_mini,185,0.972109
FKIT,Y+X2_M3_r1,paxoco_mini,186,0.973838
FKIT,Y+X2_M3_r1,paxoco_mini,187,0.973863
FKIT,Y+X2_M3_r1,paxoco_mini,188,0.967935
FKIT,Y+X2_M3_r1,paxoco_mini,189,0.967501
FKIT,Y+X2_M3_r1,paxoco_mini,190,0.967036
FKIT,Y+X2_M3_r1,paxoco_mini,191,0.970484
FKIT,Y+X2_M3_r1,paxoco_mini,192,0.965291
FKIT,Y+X2_M3_r1,paxoco_mini,193,0.967964
FKIT,Y+X2_M3_r1,paxoco_mini,194,0.970657
FKIT,Y+X2_M3_r1,paxoco_mini,195,0.967982
FKIT,Y+X2_M3_r1,paxoco_mini,196,0.964845
FKIT,Y+X2_M3_r1,paxoco_mini,197,0.970915
FKIT,Y+X2_M3_r1,paxoco_mini,198,0.967102
FKIT,Y+X2_M3_r1,paxoco_mini,199,0.966516
FKIT,Y+X2_M3_r1,paxoco_mini,200,0.968553
FKIT,Y+X2_M3_r1,paxoco_mini,201,0.963590
FKIT,Y+X2_M3_r1,paxoco_mini,202,0.967952
FKIT,Y+X2_M3_r1,paxoco_mini,203,0.966499
FKIT,Y+X2_M3_r1,paxoco_mini,204,0.969436
FKIT,Y+X2_M3_r1,paxoco_mini,205,0.964529
FKIT,Y+X2_M3_r1,paxoco_mini,206,0.966723
FKIT,Y+X2_M3_r1,paxoco_mini,207,0.969283
FKIT,Y+X2_M3_r1,paxoco_mini,208,0.964593
FKIT,Y+X2_M3_r1,paxoco_mini,209,0.966459
FKIT,Y+X2_M3_r1,paxoco_mini,210,0.965799
FKIT,Y+X2_M3_r1,paxoco_mini,211,0.964050
FKIT,Y+X2_M3_r1,paxoco_mini,212,0.960756
FKIT,Y+X2_M3_r1,paxoco_mini,213,0.961781
FKIT,Y+X2_M3_r1,paxoco_mini,214,0.961693
FKIT,Y+X2_M3_r1,paxoco_mini,215,0.963576
FKIT,Y+X2_M3_r1,paxoco_mini,216,0.964277
FKIT,Y+X2_M3_r1,paxoco_mini,217,0.965006
FKIT,Y+X2_M3_r1,paxoco_mini,218,0.967294
FKIT,Y+X2_M3_r1,paxoco_mini,219,0.970217
FKIT,Y+X2_M3_r1,paxoco_mini,220,0.966225
FKIT,Y+X2_M3_r1,paxoco_mini,221,0.964897
FKIT,Y+X2_M3_r1,paxoco_mini,222,0.965526
FKIT,Y+X2_M3_r1,paxoco_mini,223,0.965796
FKIT,Y+X2_M3_r1,paxoco_mini,224,0.970099
FKIT,Y+X2_M3_r1,paxoco_mini,225,0.970893
FKIT,Y+X2_M3_r1,paxoco_mini,226,0.968534
FKIT,Y+X2_M3_r1,paxoco_mini,227,0.969404
FKIT,Y+X2_M3_r1,paxoco_mini,228,0.967174
FKIT,Y+X2_M3_r1,paxoco_mini,229,0.966783
FKIT,Y+X2_M3_r1,paxoco_mini,230,0.964526
FKIT,Y+X2_M3_r1,paxoco_mini,231,0.968109
FKIT,Y+X2_M3_r1,paxoco_mini,232,0.967419
FKIT,Y+X2_M3_r1,paxoco_mini,233,0.966714
FKIT,Y+X2_M3_r1,paxoco_mini,234,0.963355
FKIT,Y+X2_M3_r1,paxoco_mini,235,0.968221
FKIT,Y+X2_M3_r1,paxoco_mini,236,0.965952
FKIT,Y+X2_M3_r1,paxoco_mini,237,0.965838
FKIT,Y+X2_M3_r1,paxoco_mini,238,0.964404
FKIT,Y+X2_M3_r1,paxoco_mini,239,0.961774
FKIT,Y+X2_M3_r1,paxoco_mini,240,0.963255
FKIT,Y+X2_M3_r1,paxoco_mini,241,0.964618
FKIT,Y+X2_M3_r1,paxoco_mini,242,0.967269
FKIT,Y+X2_M3_r1,paxoco_mini,243,0.967276
FKIT,Y+X2_M3_r1,paxoco_mini,244,0.959987
FKIT,Y+X2_M3_r1,paxoco_mini,245,0.962827
FKIT,Y+X2_M3_r1,paxoco_mini,246,0.959818
FKIT,Y+X2_M3_r1,paxoco_mini,247,0.968551
FKIT,Y+X2_M3_r1,paxoco_mini,248,0.961960
FKIT,Y+X2_M3_r1,paxoco_mini,249,0.965784
FKIT,Y+X2_M3_r1,paxoco_mini,250,0.965809
FKIT,Y+X2_M3_r1,paxoco_mini,251,0.959039
FKIT,Y+X2_M3_r1,paxoco_mini,252,0.966383
FKIT,Y+X2_M3_r1,paxoco_mini,253,0.962062
FKIT,Y+X2_M3_r1,paxoco_mini,254,0.965210
FKIT,Y+X2_M3_r1,paxoco_mini,255,0.960614
FKIT,Y+X2_M3_r1,paxoco_mini,256,0.964652
FKIT,Y+X2_M3_r1,paxoco_mini,257,0.966820
FKIT,Y+X2_M3_r1,paxoco_mini,258,0.965175
FKIT,Y+X2_M3_r1,paxoco_mini,259,0.959174
FKIT,Y+X2_M3_r1,paxoco_mini,260,0.957048
FKIT,Y+X2_M3_r1,paxoco_mini,261,0.962253
FKIT,Y+X2_M3_r1,paxoco_mini,262,0.961964
FKIT,Y+X2_M3_r1,paxoco_mini,263,0.964922
FKIT,Y+X2_M3_r1,paxoco_mini,264,0.963235
FKIT,Y+X2_M3_r1,paxoco_mini,265,0.962713
FKIT,Y+X2_M3_r1,paxoco_mini,266,0.962248
FKIT,Y+X2_M3_r1,paxoco_mini,267,0.961846
FKIT,Y+X2_M3_r1,paxoco_mini,268,0.962361
FKIT,Y+X2_M3_r1,paxoco_mini,269,0.960449
FKIT,Y+X2_M3_r1,paxoco_mini,270,0.964872
FKIT,Y+X2_M3_r1,paxoco_mini,271,0.962170
FKIT,Y+X2_M3_r1,paxoco_mini,272,0.964935
FKIT,Y+X2_M3_r1,paxoco_mini,273,0.963867
FKIT,Y+X2_M3_r1,paxoco_mini,274,0.964961
FKIT,Y+X2_M3_r1,paxoco_mini,275,0.962633
FKIT,Y+X2_M3_r1,paxoco_mini,276,0.964947
FKIT,Y+X2_M3_r1,paxoco_mini,277,0.966353
FKIT,Y+X2_M3_r1,paxoco_mini,278,0.967099
FKIT,Y+X2_M3_r1,paxoco_mini,279,0.965160
FKIT,Y+X2_M3_r1,paxoco_mini,280,0.963842
FKIT,Y+X2_M3_r1,paxoco_mini,281,0.961344
FKIT,Y+X2_M3_r1,paxoco_mini,282,0.962926
FKIT,Y+X2_M3_r1,paxoco_mini,283,0.965235
FKIT,Y+X2_M3_r1,paxoco_mini,284,0.966238
FKIT,Y+X2_M3_r1,paxoco_mini,285,0.965507
FKIT,Y+X2_M3_r1,paxoco_mini,286,0.969293
FKIT,Y+X2_M3_r1,paxoco_mini,287,0.962824
FKIT,Y+X2_M3_r1,paxoco_mini,288,0.965720
FKIT,Y+X2_M3_r1,paxoco_mini,289,0.966535
FKIT,Y+X2_M3_r1,paxoco_mini,290,0.963699
FKIT,Y+X2_M3_r1,paxoco_mini,291,0.968019
FKIT,Y+X2_M3_r1,paxoco_mini,292,0.968386
FKIT,Y+X2_M3_r1,paxoco_mini,293,0.965981
FKIT,Y+X2_M3_r1,paxoco_mini,294,0.971605
FKIT,Y+X2_M3_r1,paxoco_mini,295,0.967725
FKIT,Y+X2_M3_r1,paxoco_mini,296,0.966518
FKIT,Y+X2_M3_r1,paxoco_mini,297,0.965385
FKIT,Y+X2_M3_r1,paxoco_mini,298,0.967840
FKIT,Y+X2_M3_r1,paxoco_mini,299,0.968884
FKIT,Y+X2_M3_r1,paxoco_mini,300,0.970613
FKIT,Y+X2_M3_r1,paxoco_mini,301,0.964238
FKIT,Y+X2_M3_r1,paxoco_mini,302,0.965638
FKIT,Y+X2_M3_r1,paxoco_mini,303,0.962163
FKIT,Y+X2_M3_r1,paxoco_mini,304,0.963424
FKIT,Y+X2_M3_r1,paxoco_mini,305,0.965210
FKIT,Y+X2_M3_r1,paxoco_mini,306,0.964117
FKIT,Y+X2_M3_r1,paxoco_mini,307,0.966310
FKIT,Y+X2_M3_r1,paxoco_mini,308,0.965114
FKIT,Y+X2_M3_r1,paxoco_mini,309,0.967292
FKIT,Y+X2_M3_r1,paxoco_mini,310,0.966485
FKIT,Y+X2_M3_r1,paxoco_mini,311,0.964377
FKIT,Y+X2_M3_r1,paxoco_mini,312,0.966095
FKIT,Y+X2_M3_r1,paxoco_mini,313,0.963064
FKIT,Y+X2_M3_r1,paxoco_mini,314,0.962090
FKIT,Y+X2_M3_r1,paxoco_mini,315,0.965884
FKIT,Y+X2_M3_r1,paxoco_mini,316,0.966064
FKIT,Y+X2_M3_r1,paxoco_mini,317,0.967256
FKIT,Y+X2_M3_r1,paxoco_mini,318,0.966645
FKIT,Y+X2_M3_r1,paxoco_mini,319,0.967238
FKIT,Y+X2_M3_r1,paxoco_mini,320,0.967599
FKIT,Y+X2_M3_r1,paxoco_mini,321,0.964348
FKIT,Y+X2_M3_r1,paxoco_mini,322,0.966031
FKIT,Y+X2_M3_r1,paxoco_mini,323,0.965642
FKIT,Y+X2_M3_r1,paxoco_mini,324,0.966542
FKIT,Y+X2_M3_r1,paxoco_mini,325,0.968566
FKIT,Y+X2_M3_r1,paxoco_mini,326,0.967739
FKIT,Y+X2_M3_r1,paxoco_mini,327,0.969235
FKIT,Y+X2_M3_r1,paxoco_mini,328,0.964015
FKIT,Y+X2_M3_r1,paxoco_mini,329,0.969330
FKIT,Y+X2_M3_r1,paxoco_mini,330,0.972672
FKIT,Y+X2_M3_r1,paxoco_mini,331,0.971233
FKIT,Y+X2_M3_r1,paxoco_mini,332,0.968069
FKIT,Y+X2_M3_r1,paxoco_mini,333,0.972872
FKIT,Y+X2_M3_r1,paxoco_mini,334,0.969754
FKIT,Y+X2_M3_r1,paxoco_mini,335,0.970318
FKIT,Y+X2_M3_r1,paxoco_mini,336,0.970496
FKIT,Y+X2_M3_r1,paxoco_mini,337,0.969713
FKIT,Y+X2_M3_r1,paxoco_mini,338,0.969878
FKIT,Y+X2_M3_r1,paxoco_mini,339,0.971074
FKIT,Y+X2_M3_r1,paxoco_mini,340,0.970163
FKIT,Y+X2_M3_r1,paxoco_mini,341,0.972714
FKIT,Y+X2_M3_r1,paxoco_mini,342,0.972647
FKIT,Y+X2_M3_r1,paxoco_mini,343,0.968192
FKIT,Y+X2_M3_r1,paxoco_mini,344,0.972813
FKIT,Y+X2_M3_r1,paxoco_mini,345,0.971254
FKIT,Y+X2_M3_r1,paxoco_mini,346,0.971695
FKIT,Y+X2_M3_r1,paxoco_mini,347,0.972441
FKIT,Y+X2_M3_r1,paxoco_mini,348,0.971802
FKIT,Y+X2_M3_r1,paxoco_mini,349,0.973908
FKIT,Y+X2_M3_r1,paxoco_mini,350,0.974127
FKIT,Y+X2_M3_r1,paxoco_mini,351,0.968287
FKIT,Y+X2_M3_r1,paxoco_mini,352,0.968949
FKIT,Y+X2_M3_r1,paxoco_mini,353,0.967401
FKIT,Y+X2_M3_r1,paxoco_mini,354,0.973134
FKIT,Y+X2_M3_r1,paxoco_mini,355,0.968873
FKIT,Y+X2_M3_r1,paxoco_mini,356,0.967026
FKIT,Y+X2_M3_r1,paxoco_mini,357,0.971744
FKIT,Y+X2_M3_r1,paxoco_mini,358,0.973157
FKIT,Y+X2_M3_r1,paxoco_mini,359,0.966833
FKIT,Y+X2_M3_r1,paxoco_mini,360,0.965605
FKIT,Y+X2_M3_r1,paxoco_mini,361,0.970345
FKIT,Y+X2_M3_r1,paxoco_mini,362,0.967745
FKIT,Y+X2_M3_r1,paxoco_mini,363,0.966275
FKIT,Y+X2_M3_r1,paxoco_mini,364,0.968912
FKIT,Y+X2_M3_r1,paxoco_mini,365,0.966771
FKIT,Y+X2_M3_r1,paxoco_mini,366,0.967001
FKIT,Y+X2_M3_r1,paxoco_mini,367,0.968731
FKIT,Y+X2_M3_r1,paxoco_mini,368,0.965983
FKIT,Y+X2_M3_r1,paxoco_mini,369,0.967588
FKIT,Y+X2_M3_r1,paxoco_mini,370,0.963511
FKIT,Y+X2_M3_r1,paxoco_mini,371,0.963562
FKIT,Y+X2_M3_r1,paxoco_mini,372,0.967230
FKIT,Y+X2_M3_r1,paxoco_mini,373,0.965858
FKIT,Y+X2_M3_r1,paxoco_mini,374,0.967172
FKIT,Y+X2_M3_r1,paxoco_mini,375,0.970421
FKIT,Y+X2_M3_r1,paxoco_mini,376,0.967515
FKIT,Y+X2_M3_r1,paxoco_mini,377,0.970487
FKIT,Y+X2_M3_r1,paxoco_mini,378,0.967065
FKIT,Y+X2_M3_r1,paxoco_mini,379,0.969841
FKIT,Y+X2_M3_r1,paxoco_mini,380,0.967301
FKIT,Y+X2_M3_r1,paxoco_mini,381,0.967261
FKIT,Y+X2_M3_r1,paxoco_mini,382,0.967449
FKIT,Y+X2_M3_r1,paxoco_mini,383,0.967002
FKIT,Y+X2_M3_r1,paxoco_mini,384,0.970405
FKIT,Y+X2_M3_r1,paxoco_mini,385,0.962929
FKIT,Y+X2_M3_r1,paxoco_mini,386,0.965563
FKIT,Y+X2_M3_r1,paxoco_mini,387,0.966709
FKIT,Y+X2_M3_r1,paxoco_mini,388,0.966634
FKIT,Y+X2_M3_r1,paxoco_mini,389,0.964874
FKIT,Y+X2_M3_r1,paxoco_mini,390,0.967568
FKIT,Y+X2_M3_r1,paxoco_mini,391,0.967729
FKIT,Y+X2_M3_r1,paxoco_mini,392,0.965827
FKIT,Y+X2_M3_r1,paxoco_mini,393,0.964111
FKIT,Y+X2_M3_r1,paxoco_mini,394,0.961355
FKIT,Y+X2_M3_r1,paxoco_mini,395,0.962578
FKIT,Y+X2_M3_r1,paxoco_mini,396,0.965646
FKIT,Y+X2_M3_r1,paxoco_mini,397,0.966985
FKIT,Y+X2_M3_r1,paxoco_mini,398,0.964053
FKIT,Y+X2_M3_r1,paxoco_mini,399,0.962709
FKIT,Y+X2_M3_r1,paxoco_mini,400,0.966942
FKIT,Y+X2_M3_r1,paxoco_mini,401,0.963977
FKIT,Y+X2_M3_r1,paxoco_mini,402,0.947574
FKIT,Y+X2_M3_r1,paxoco_mini,403,0.967245
FKIT,Y+X2_M3_r1,paxoco_mini,404,0.496955
FKIT,Y+X2_M3_r1,paxoco_mini,405,0.938074
FKIT,Y+X2_M3_r1,paxoco_mini,406,0.965557
FKIT,Y+X2_M3_r1,paxoco_mini,407,0.968166
FKIT,Y+X2_M3_r1,paxoco_mini,408,0.938700
FKIT,Y+X2_M3_r1,paxoco_mini,409,0.961310
FKIT,Y+X2_M3_r1,paxoco_mini,410,0.946235
FKIT,Y+X2_M3_r1,paxoco_mini,411,0.967632
FKIT,Y+X2_M3_r1,paxoco_mini,412,0.943780
FKIT,Y+X2_M3_r1,paxoco_mini,413,0.965054
FKIT,Y+X2_M3_r1,paxoco_mini,414,0.957711
FKIT,Y+X2_M3_r1,paxoco_mini,415,0.965911
FKIT,Y+X2_M3_r1,paxoco_mini,416,0.971965
FKIT,Y+X2_M3_r1,paxoco_mini,417,0.960364
FKIT,Y+X2_M3_r1,paxoco_mini,418,0.963400
FKIT,Y+X2_M3_r1,paxoco_mini,419,0.969242
FKIT,Y+X2_M3_r1,paxoco_mini,420,0.961109
FKIT,Y+X2_M3_r1,paxoco_mini,421,0.956470
FKIT,Y+X2_M3_r1,paxoco_mini,422,0.957682
FKIT,Y+X2_M3_r1,paxoco_mini,423,0.957870
FKIT,Y+X2_M3_r1,paxoco_mini,424,0.967213
FKIT,Y+X2_M3_r1,paxoco_mini,425,0.962243
FKIT,Y+X2_M3_r1,paxoco_mini,426,0.964092
FKIT,Y+X2_M3_r1,paxoco_mini,427,0.960843
FKIT,Y+X2_M3_r1,paxoco_mini,428,0.964110
FKIT,Y+X2_M3_r1,paxoco_mini,429,0.964082
FKIT,Y+X2_M3_r1,paxoco_mini,430,0.963137
FKIT,Y+X2_M3_r1,paxoco_mini,431,0.959633
FKIT,Y+X2_M3_r1,paxoco_mini,432,0.958584
FKIT,Y+X2_M3_r1,paxoco_mini,433,0.961672
FKIT,Y+X2_M3_r1,paxoco_mini,434,0.964869
FKIT,Y+X2_M3_r1,paxoco_mini,435,0.962149
FKIT,Y+X2_M3_r1,paxoco_mini,436,0.962753
FKIT,Y+X2_M3_r1,paxoco_mini,437,0.965645
FKIT,Y+X2_M3_r1,paxoco_mini,438,0.963746
FKIT,Y+X2_M3_r1,paxoco_mini,439,0.961240
FKIT,Y+X2_M3_r1,paxoco_mini,440,0.958939
FKIT,Y+X2_M3_r1,paxoco_mini,441,0.961934
FKIT,Y+X2_M3_r1,paxoco_mini,442,0.962292
FKIT,Y+X2_M3_r1,paxoco_mini,443,0.965342
FKIT,Y+X2_M3_r1,paxoco_mini,444,0.961943
FKIT,Y+X2_M3_r1,paxoco_mini,445,0.963355
FKIT,Y+X2_M3_r1,paxoco_mini,446,0.964885
FKIT,Y+X2_M3_r1,paxoco_mini,447,0.965820
FKIT,Y+X2_M3_r1,paxoco_mini,448,0.965231
FKIT,Y+X2_M3_r1,paxoco_mini,449,0.965672
FKIT,Y+X2_M3_r1,paxoco_mini,450,0.960560
FKIT,Y+X2_M3_r1,paxoco_mini,451,0.966365
FKIT,Y+X2_M3_r1,paxoco_mini,452,0.966766
FKIT,Y+X2_M3_r1,paxoco_mini,453,0.965435
FKIT,Y+X2_M3_r1,paxoco_mini,454,0.967745
FKIT,Y+X2_M3_r1,paxoco_mini,455,0.968233
FKIT,Y+X2_M3_r1,paxoco_mini,456,0.970824
FKIT,Y+X2_M3_r1,paxoco_mini,457,0.969022
FKIT,Y+X2_M3_r1,paxoco_mini,458,0.965193
FKIT,Y+X2_M3_r1,paxoco_mini,459,0.968168
FKIT,Y+X2_M3_r1,paxoco_mini,460,0.965117
FKIT,Y+X2_M3_r1,paxoco_mini,461,0.967830
FKIT,Y+X2_M3_r1,paxoco_mini,462,0.969201
FKIT,Y+X2_M3_r1,paxoco_mini,463,0.968421
FKIT,Y+X2_M3_r1,paxoco_mini,464,0.964722
FKIT,Y+X2_M3_r1,paxoco_mini,465,0.967169
FKIT,Y+X2_M3_r1,paxoco_mini,466,0.970042
FKIT,Y+X2_M3_r1,paxoco_mini,467,0.973300
FKIT,Y+X2_M3_r1,paxoco_mini,468,0.969463
FKIT,Y+X2_M3_r1,paxoco_mini,469,0.969077
FKIT,Y+X2_M3_r1,paxoco_mini,470,0.964967
FKIT,Y+X2_M3_r1,paxoco_mini,471,0.969519
FKIT,Y+X2_M3_r1,paxoco_mini,472,0.970817
FKIT,Y+X2_M3_r1,paxoco_mini,473,0.971084
FKIT,Y+X2_M3_r1,paxoco_mini,474,0.971460
FKIT,Y+X2_M3_r1,paxoco_mini,475,0.966765
FKIT,Y+X2_M3_r1,paxoco_mini,476,0.967437
FKIT,Y+X2_M3_r1,paxoco_mini,477,0.971365
FKIT,Y+X2_M3_r1,paxoco_mini,478,0.966217
FKIT,Y+X2_M3_r1,paxoco_mini,479,0.966523
FKIT,Y+X2_M3_r1,paxoco_mini,480,0.968555
FKIT,Y+X2_M3_r1,paxoco_mini,481,0.967496
FKIT,Y+X2_M3_r1,paxoco_mini,482,0.966898
FKIT,Y+X2_M3_r1,paxoco_mini,483,0.964687
FKIT,Y+X2_M3_r1,paxoco_mini,484,0.970047
FKIT,Y+X2_M3_r1,paxoco_mini,485,0.969894
FKIT,Y+X2_M3_r1,paxoco_mini,486,0.968716
FKIT,Y+X2_M3_r1,paxoco_mini,487,0.968898
FKIT,Y+X2_M3_r1,paxoco_mini,488,0.971244
FKIT,Y+X2_M3_r1,paxoco_mini,489,0.969002
FKIT,Y+X2_M3_r1,paxoco_mini,490,0.967839
FKIT,Y+X2_M3_r1,paxoco_mini,491,0.968977
FKIT,Y+X2_M3_r1,paxoco_mini,492,0.969241
FKIT,Y+X2_M3_r1,paxoco_mini,493,0.968040
FKIT,Y+X2_M3_r1,paxoco_mini,494,0.970073
FKIT,Y+X2_M3_r1,paxoco_mini,495,0.972548
FKIT,Y+X2_M3_r1,paxoco_mini,496,0.972201
FKIT,Y+X2_M3_r1,paxoco_mini,497,0.969857
FKIT,Y+X2_M3_r1,paxoco_mini,498,0.966659
FKIT,Y+X2_M3_r1,paxoco_mini,499,0.972356
FKIT,Y+X2_M3_r1,paxoco_mini,500,0.970082
FKIT,Y+X2_M3_r1,paxoco_mini,501,0.971385
FKIT,Y+X2_M3_r1,paxoco_mini,502,0.971132
FKIT,Y+X2_M3_r1,paxoco_mini,503,0.967642
FKIT,Y+X2_M3_r1,paxoco_mini,504,0.967710
FKIT,Y+X2_M3_r1,paxoco_mini,505,0.971441
FKIT,Y+X2_M3_r1,paxoco_mini,506,0.970436
FKIT,Y+X2_M3_r1,paxoco_mini,507,0.971170
FKIT,Y+X2_M3_r1,paxoco_mini,508,0.970998
FKIT,Y+X2_M3_r1,paxoco_mini,509,0.967832
FKIT,Y+X2_M3_r1,paxoco_mini,510,0.966565
FKIT,Y+X2_M3_r1,paxoco_mini,511,0.965143
FKIT,Y+X2_M3_r1,paxoco_mini,512,0.965374
FKIT,Y+X2_M3_r1,paxoco_mini,513,0.968002
FKIT,Y+X2_M3_r1,paxoco_mini,514,0.963242
FKIT,Y+X2_M3_r1,paxoco_mini,515,0.963291
FKIT,Y+X2_M3_r1,paxoco_mini,516,0.965246
FKIT,Y+X2_M3_r1,paxoco_mini,517,0.963667
FKIT,Y+X2_M3_r1,paxoco_mini,518,0.964220
FKIT,Y+X2_M3_r1,paxoco_mini,519,0.962161
FKIT,Y+X2_M3_r1,paxoco_mini,520,0.962335
FKIT,Y+X2_M3_r1,paxoco_mini,521,0.958811
FKIT,Y+X2_M3_r1,paxoco_mini,522,0.962656
FKIT,Y+X2_M3_r1,paxoco_mini,523,0.962417
FKIT,Y+X2_M3_r1,paxoco_mini,524,0.967359
FKIT,Y+X2_M3_r1,paxoco_mini,525,0.967072
FKIT,Y+X2_M3_r1,paxoco_mini,526,0.964080
FKIT,Y+X2_M3_r1,paxoco_mini,527,0.966320
FKIT,Y+X2_M3_r1,paxoco_mini,528,0.966228
FKIT,Y+X2_M3_r1,paxoco_mini,529,0.964046
FKIT,Y+X2_M3_r1,paxoco_mini,530,0.967713
FKIT,Y+X2_M3_r1,paxoco_mini,531,0.962678
FKIT,Y+X2_M3_r1,paxoco_mini,532,0.963808
FKIT,Y+X2_M3_r1,paxoco_mini,533,0.965233
FKIT,Y+X2_M3_r1,paxoco_mini,534,0.966021
FKIT,Y+X2_M3_r1,paxoco_mini,535,0.965603
FKIT,Y+X2_M3_r1,paxoco_mini,536,0.964697
FKIT,Y+X2_M3_r1,paxoco_mini,537,0.966410
FKIT,Y+X2_M3_r1,paxoco_mini,538,0.965870
FKIT,Y+X2_M3_r1,paxoco_mini,539,0.964005
FKIT,Y+X2_M3_r1,paxoco_mini,540,0.964381
FKIT,Y+X2_M3_r1,paxoco_mini,541,0.964556
FKIT,Y+X2_M3_r1,paxoco_mini,542,0.961957
FKIT,Y+X2_M3_r1,paxoco_mini,543,0.963676
FKIT,Y+X2_M3_r1,paxoco_mini,544,0.963118
FKIT,Y+X2_M3_r1,paxoco_mini,545,0.964996
FKIT,Y+X2_M3_r1,paxoco_mini,546,0.963093
FKIT,Y+X2_M3_r1,paxoco_mini,547,0.962864
FKIT,Y+X2_M3_r1,paxoco_mini,548,0.960539
FKIT,Y+X2_M3_r1,paxoco_mini,549,0.964500
FKIT,Y+X2_M3_r1,paxoco_mini,550,0.965500
FKIT,Y+X2_M3_r1,paxoco_mini,551,0.967094
FKIT,Y+X2_M3_r1,paxoco_mini,552,0.966615
FKIT,Y+X2_M3_r1,paxoco_mini,553,0.969296
FKIT,Y+X2_M3_r1,paxoco_mini,554,0.970540
FKIT,Y+X2_M3_r1,paxoco_mini,555,0.967874
FKIT,Y+X2_M3_r1,paxoco_mini,556,0.967772
FKIT,Y+X2_M3_r1,paxoco_mini,557,0.969775
FKIT,Y+X2_M3_r1,paxoco_mini,558,0.970730
FKIT,Y+X2_M3_r1,paxoco_mini,559,0.972265
FKIT,Y+X2_M3_r1,paxoco_mini,560,0.967319
FKIT,Y+X2_M3_r1,paxoco_mini,561,0.971639
FKIT,Y+X2_M3_r1,paxoco_mini,562,0.969330
FKIT,Y+X2_M3_r1,paxoco_mini,563,0.966508
FKIT,Y+X2_M3_r1,paxoco_mini,564,0.973380
FKIT,Y+X2_M3_r1,paxoco_mini,565,0.971131
FKIT,Y+X2_M3_r1,paxoco_mini,566,0.970484
FKIT,Y+X2_M3_r1,paxoco_mini,567,0.971043
FKIT,Y+X2_M3_r1,paxoco_mini,568,0.971848
FKIT,Y+X2_M3_r1,paxoco_mini,569,0.968317
FKIT,Y+X2_M3_r1,paxoco_mini,570,0.968701
FKIT,Y+X2_M3_r1,paxoco_mini,571,0.968883
FKIT,Y+X2_M3_r1,paxoco_mini,572,0.972235
FKIT,Y+X2_M3_r1,paxoco_mini,573,0.965990
FKIT,Y+X2_M3_r1,paxoco_mini,574,0.968369
FKIT,Y+X2_M3_r1,paxoco_mini,575,0.970568
FKIT,Y+X2_M3_r1,paxoco_mini,576,0.971185
FKIT,Y+X2_M3_r1,paxoco_mini,577,0.971818
FKIT,Y+X2_M3_r1,paxoco_mini,578,0.972129
FKIT,Y+X2_M3_r1,paxoco_mini,579,0.970891
FKIT,Y+X2_M3_r1,paxoco_mini,580,0.972160
FKIT,Y+X2_M3_r1,paxoco_mini,581,0.973012
FKIT,Y+X2_M3_r1,paxoco_mini,582,0.964912
FKIT,Y+X2_M3_r1,paxoco_mini,583,0.968473
FKIT,Y+X2_M3_r1,paxoco_mini,584,0.968395
FKIT,Y+X2_M3_r1,paxoco_mini,585,0.969336
FKIT,Y+X2_M3_r1,paxoco_mini,586,0.965499
FKIT,Y+X2_M3_r1,paxoco_mini,587,0.966106
FKIT,Y+X2_M3_r1,paxoco_mini,588,0.966138
FKIT,Y+X2_M3_r1,paxoco_mini,589,0.969849
FKIT,Y+X2_M3_r1,paxoco_mini,590,0.967742
FKIT,Y+X2_M3_r1,paxoco_mini,591,0.965231
FKIT,Y+X2_M3_r1,paxoco_mini,592,0.968903
FKIT,Y+X2_M3_r1,paxoco_mini,593,0.965107
FKIT,Y+X2_M3_r1,paxoco_mini,594,0.970992
FKIT,Y+X2_M3_r1,paxoco_mini,595,0.965370
FKIT,Y+X2_M3_r1,paxoco_mini,596,0.969403
FKIT,Y+X2_M3_r1,paxoco_mini,597,0.969931
FKIT,Y+X2_M3_r1,paxoco_mini,598,0.967716
FKIT,Y+X2_M3_r1,paxoco_mini,599,0.967536
FKIT,Y+X2_M3_r1,paxoco_mini,600,0.969167
FKIT,Y+X2_M3_r1,paxoco_mini,601,0.972135
FKIT,Y+X2_M3_r1,paxoco_mini,602,0.972396
FKIT,Y+X2_M3_r1,paxoco_mini,603,0.968628
FKIT,Y+X2_M3_r1,paxoco_mini,604,0.975104
FKIT,Y+X2_M3_r1,paxoco_mini,605,0.971724
FKIT,Y+X2_M3_r1,paxoco_mini,606,0.974096
FKIT,Y+X2_M3_r1,paxoco_mini,607,0.973967
FKIT,Y+X2_M3_r1,paxoco_mini,608,0.972257
FKIT,Y+X2_M3_r1,paxoco_mini,609,0.971313
FKIT,Y+X2_M3_r1,paxoco_mini,610,0.974041
FKIT,Y+X2_M3_r1,paxoco_mini,611,0.967861
FKIT,Y+X2_M3_r1,paxoco_mini,612,0.965831
FKIT,Y+X2_M3_r1,paxoco_mini,613,0.969723
FKIT,Y+X2_M3_r1,paxoco_mini,614,0.968778
FKIT,Y+X2_M3_r1,paxoco_mini,615,0.964591
FKIT,Y+X2_M3_r1,paxoco_mini,616,0.965988
FKIT,Y+X2_M3_r1,paxoco_mini,617,0.967056
FKIT,Y+X2_M3_r1,paxoco_mini,618,0.967016
FKIT,Y+X2_M3_r1,paxoco_mini,619,0.967497
FKIT,Y+X2_M3_r1,paxoco_mini,620,0.963344
FKIT,Y+X2_M3_r1,paxoco_mini,621,0.961833
FKIT,Y+X2_M3_r1,paxoco_mini,622,0.968707
FKIT,Y+X2_M3_r1,paxoco_mini,623,0.965593
FKIT,Y+X2_M3_r1,paxoco_mini,624,0.964190
FKIT,Y+X2_M3_r1,paxoco_mini,625,0.971915
FKIT,Y+X2_M3_r1,paxoco_mini,626,0.973531
FKIT,Y+X2_M3_r1,paxoco_mini,627,0.971753
FKIT,Y+X2_M3_r1,paxoco_mini,628,0.971512
FKIT,Y+X2_M3_r1,paxoco_mini,629,0.971394
FKIT,Y+X2_M3_r1,paxoco_mini,630,0.968533
FKIT,Y+X2_M3_r1,paxoco_mini,631,0.970091
FKIT,Y+X2_M3_r1,paxoco_mini,632,0.964780
FKIT,Y+X2_M3_r1,paxoco_mini,633,0.961397
FKIT,Y+X2_M3_r1,paxoco_mini,634,0.966456
FKIT,Y+X2_M3_r1,paxoco_mini,635,0.970438
FKIT,Y+X2_M3_r1,paxoco_mini,636,0.975149
FKIT,Y+X2_M3_r1,paxoco_mini,637,0.972913
FKIT,Y+X2_M3_r1,paxoco_mini,638,0.975257
FKIT,Y+X2_M3_r1,paxoco_mini,639,0.974419
FKIT,Y+X2_M3_r1,paxoco_mini,640,0.967752
FKIT,Y+X2_M3_r1,paxoco_mini,641,0.969228
FKIT,Y+X2_M3_r1,paxoco_mini,642,0.965132
FKIT,Y+X2_M3_r1,paxoco_mini,643,0.964379
FKIT,Y+X2_M3_r1,paxoco_mini,644,0.968905
FKIT,Y+X2_M3_r1,paxoco_mini,645,0.976471
FKIT,Y+X2_M3_r1,paxoco_mini,646,0.972856
FKIT,Y+X2_M3_r1,paxoco_mini,647,0.974576
FKIT,Y+X2_M3_r1,paxoco_mini,648,0.976556
FKIT,Y+X2_M3_r1,paxoco_mini,649,0.979010
FKIT,Y+X2_M3_r1,paxoco_mini,650,0.969079
FKIT,Y+X2_M3_r1,paxoco_mini,651,0.971685
FKIT,Y+X2_M3_r1,paxoco_mini,652,0.973797
FKIT,Y+X2_M3_r1,paxoco_mini,653,0.968778
FKIT,Y+X2_M3_r1,paxoco_mini,654,0.973176
FKIT,Y+X2_M3_r1,paxoco_mini,655,0.973629
FKIT,Y+X2_M3_r1,paxoco_mini,656,0.971287
FKIT,Y+X2_M3_r1,paxoco_mini,657,0.974678
FKIT,Y+X2_M3_r1,paxoco_mini,658,0.974202
FKIT,Y+X2_M3_r1,paxoco_mini,659,0.976063
FKIT,Y+X2_M3_r1,paxoco_mini,660,0.975893
FKIT,Y+X2_M3_r1,paxoco_mini,661,0.974074
FKIT,Y+X2_M3_r1,paxoco_mini,662,0.974803
FKIT,Y+X2_M3_r1,paxoco_mini,663,0.974139
FKIT,Y+X2_M3_r1,paxoco_mini,664,0.971554
FKIT,Y+X2_M3_r1,paxoco_mini,665,0.970800
FKIT,Y+X2_M3_r1,paxoco_mini,666,0.974544
FKIT,Y+X2_M3_r1,paxoco_mini,667,0.971587
FKIT,Y+X2_M3_r1,paxoco_mini,668,0.973769
FKIT,Y+X2_M3_r1,paxoco_mini,669,0.973187
FKIT,Y+X2_M3_r1,paxoco_mini,670,0.967961
FKIT,Y+X2_M3_r1,paxoco_mini,671,0.973189
FKIT,Y+X2_M3_r1,paxoco_mini,672,0.969540
FKIT,Y+X2_M3_r1,paxoco_mini,673,0.973324
FKIT,Y+X2_M3_r1,paxoco_mini,674,0.973160
FKIT,Y+X2_M3_r1,paxoco_mini,675,0.973254
FKIT,Y+X2_M3_r1,paxoco_mini,676,0.970498
FKIT,Y+X2_M3_r1,paxoco_mini,677,0.969727
FKIT,Y+X2_M3_r1,paxoco_mini,678,0.972061
FKIT,Y+X2_M3_r1,paxoco_mini,679,0.972318
FKIT,Y+X2_M3_r1,paxoco_mini,680,0.968601
FKIT,Y+X2_M3_r1,paxoco_mini,681,0.973076
FKIT,Y+X2_M3_r1,paxoco_mini,682,0.970309
FKIT,Y+X2_M3_r1,paxoco_mini,683,0.968270
FKIT,Y+X2_M3_r1,paxoco_mini,684,0.971382
FKIT,Y+X2_M3_r1,paxoco_mini,685,0.972799
FKIT,Y+X2_M3_r1,paxoco_mini,686,0.972631
FKIT,Y+X2_M3_r1,paxoco_mini,687,0.971000
FKIT,Y+X2_M3_r1,paxoco_mini,688,0.969472
FKIT,Y+X2_M3_r1,paxoco_mini,689,0.972568
FKIT,Y+X2_M3_r1,paxoco_mini,690,0.970312
FKIT,Y+X2_M3_r1,paxoco_mini,691,0.971557
FKIT,Y+X2_M3_r1,paxoco_mini,692,0.969394
FKIT,Y+X2_M3_r1,paxoco_mini,693,0.971477
FKIT,Y+X2_M3_r1,paxoco_mini,694,0.972812
FKIT,Y+X2_M3_r1,paxoco_mini,695,0.974563
FKIT,Y+X2_M3_r1,paxoco_mini,696,0.971845
FKIT,Y+X2_M3_r1,paxoco_mini,697,0.972574
FKIT,Y+X2_M3_r1,paxoco_mini,698,0.970743
FKIT,Y+X2_M3_r1,paxoco_mini,699,0.974311
FKIT,Y+X2_M3_r1,paxoco_mini,700,0.972813
FKIT,Y+X2_M3_r1,paxoco_mini,701,0.974204
FKIT,Y+X2_M3_r1,paxoco_mini,702,0.973730
FKIT,Y+X2_M3_r1,paxoco_mini,703,0.973031
FKIT,Y+X2_M3_r1,paxoco_mini,704,0.974047
FKIT,Y+X2_M3_r1,paxoco_mini,705,0.974717
FKIT,Y+X2_M3_r1,paxoco_mini,706,0.974580
FKIT,Y+X2_M3_r1,paxoco_mini,707,0.973687
FKIT,Y+X2_M3_r1,paxoco_mini,708,0.973597
FKIT,Y+X2_M3_r1,paxoco_mini,709,0.973812
FKIT,Y+X2_M3_r1,paxoco_mini,710,0.970360
FKIT,Y+X2_M3_r1,paxoco_mini,711,0.971649
FKIT,Y+X2_M3_r1,paxoco_mini,712,0.974451
FKIT,Y+X2_M3_r1,paxoco_mini,713,0.972894
FKIT,Y+X2_M3_r1,paxoco_mini,714,0.975046
FKIT,Y+X2_M3_r1,paxoco_mini,715,0.975466
FKIT,Y+X2_M3_r1,paxoco_mini,716,0.976151
FKIT,Y+X2_M3_r1,paxoco_mini,717,0.977309
FKIT,Y+X2_M3_r1,paxoco_mini,718,0.975058
FKIT,Y+X2_M3_r1,paxoco_mini,719,0.976822
FKIT,Y+X2_M3_r1,paxoco_mini,720,0.976499
FKIT,Y+X2_M3_r1,paxoco_mini,721,0.977720
FKIT,Y+X2_M3_r1,paxoco_mini,722,0.975989
FKIT,Y+X2_M3_r1,paxoco_mini,723,0.977528
FKIT,Y+X2_M3_r1,paxoco_mini,724,0.977739
FKIT,Y+X2_M3_r1,paxoco_mini,725,0.977551
FKIT,Y+X2_M3_r1,paxoco_mini,726,0.972607
FKIT,Y+X2_M3_r1,paxoco_mini,727,0.973445
FKIT,Y+X2_M3_r1,paxoco_mini,728,0.976117
FKIT,Y+X2_M3_r1,paxoco_mini,729,0.974800
FKIT,Y+X2_M3_r1,paxoco_mini,730,0.972975
FKIT,Y+X2_M3_r1,paxoco_mini,731,0.974205
FKIT,Y+X2_M3_r1,paxoco_mini,732,0.974752
FKIT,Y+X2_M3_r1,paxoco_mini,733,0.975334
FKIT,Y+X2_M3_r1,paxoco_mini,734,0.973441
FKIT,Y+X2_M3_r1,paxoco_mini,735,0.975789
FKIT,Y+X2_M3_r1,paxoco_mini,736,0.975824
FKIT,Y+X2_M3_r1,paxoco_mini,737,0.974134
FKIT,Y+X2_M3_r1,paxoco_mini,738,0.972982
FKIT,Y+X2_M3_r1,paxoco_mini,739,0.966634
FKIT,Y+X2_M3_r1,paxoco_mini,740,0.973092
FKIT,Y+X2_M3_r1,paxoco_mini,741,0.970547
FKIT,Y+X2_M3_r1,paxoco_mini,742,0.971726
FKIT,Y+X2_M3_r1,paxoco_mini,743,0.970503
FKIT,Y+X2_M3_r1,paxoco_mini,744,0.972020
FKIT,Y+X2_M3_r1,paxoco_mini,745,0.973335
FKIT,Y+X2_M3_r1,paxoco_mini,746,0.972191
FKIT,Y+X2_M3_r1,paxoco_mini,747,0.971499
FKIT,Y+X2_M3_r1,paxoco_mini,748,0.975839
FKIT,Y+X2_M3_r1,paxoco_mini,749,0.969511
FKIT,Y+X2_M3_r1,paxoco_mini,750,0.970179
FKIT,Y+X2_M3_r1,paxoco_mini,751,0.973278
FKIT,Y+X2_M3_r1,paxoco_mini,752,0.969701
FKIT,Y+X2_M3_r1,paxoco_mini,753,0.972598
FKIT,Y+X2_M3_r1,paxoco_mini,754,0.972827
FKIT,Y+X2_M3_r1,paxoco_mini,755,0.972352
FKIT,Y+X2_M3_r1,paxoco_mini,756,0.972693
FKIT,Y+X2_M3_r1,paxoco_mini,757,0.974798
FKIT,Y+X2_M3_r1,paxoco_mini,758,0.971974
FKIT,Y+X2_M3_r1,paxoco_mini,759,0.973868
FKIT,Y+X2_M3_r1,paxoco_mini,760,0.972506
FKIT,Y+X2_M3_r1,paxoco_mini,761,0.973076
FKIT,Y+X2_M3_r1,paxoco_mini,762,0.973170
FKIT,Y+X2_M3_r1,paxoco_mini,763,0.975625
FKIT,Y+X2_M3_r1,paxoco_mini,764,0.973632
FKIT,Y+X2_M3_r1,paxoco_mini,765,0.972323
FKIT,Y+X2_M3_r1,paxoco_mini,766,0.972436
FKIT,Y+X2_M3_r1,paxoco_mini,767,0.974033
FKIT,Y+X2_M3_r1,paxoco_mini,768,0.973499
FKIT,Y+X2_M3_r1,paxoco_mini,769,0.971746
FKIT,Y+X2_M3_r1,paxoco_mini,770,0.971996
FKIT,Y+X2_M3_r1,paxoco_mini,771,0.970234
FKIT,Y+X2_M3_r1,paxoco_mini,772,0.968299
FKIT,Y+X2_M3_r1,paxoco_mini,773,0.970538
FKIT,Y+X2_M3_r1,paxoco_mini,774,0.973042
FKIT,Y+X2_M3_r1,paxoco_mini,775,0.971441
FKIT,Y+X2_M3_r1,paxoco_mini,776,0.971538
FKIT,Y+X2_M3_r1,paxoco_mini,777,0.972997
FKIT,Y+X2_M3_r1,paxoco_mini,778,0.974722
FKIT,Y+X2_M3_r1,paxoco_mini,779,0.972756
FKIT,Y+X2_M3_r1,paxoco_mini,780,0.971739
FKIT,Y+X2_M3_r1,paxoco_mini,781,0.973600
FKIT,Y+X2_M3_r1,paxoco_mini,782,0.970342
FKIT,Y+X2_M3_r1,paxoco_mini,783,0.968847
FKIT,Y+X2_M3_r1,paxoco_mini,784,0.971403
FKIT,Y+X2_M3_r1,paxoco_mini,785,0.971614
FKIT,Y+X2_M3_r1,paxoco_mini,786,0.972329
FKIT,Y+X2_M3_r1,paxoco_mini,787,0.972492
FKIT,Y+X2_M3_r1,paxoco_mini,788,0.972478
FKIT,Y+X2_M3_r1,paxoco_mini,789,0.975202
FKIT,Y+X2_M3_r1,paxoco_mini,790,0.976444
FKIT,Y+X2_M3_r1,paxoco_mini,791,0.979052
FKIT,Y+X2_M3_r1,paxoco_mini,792,0.973771
FKIT,Y+X2_M3_r1,paxoco_mini,793,0.974430
FKIT,Y+X2_M3_r1,paxoco_mini,794,0.976685
FKIT,Y+X2_M3_r1,paxoco_mini,795,0.978492
FKIT,Y+X2_M3_r1,paxoco_mini,796,0.976767
FKIT,Y+X2_M3_r1,paxoco_mini,797,0.975631
FKIT,Y+X2_M3_r1,paxoco_mini,798,0.977318
FKIT,Y+X2_M3_r1,paxoco_mini,799,0.976740
FKIT,Y+X2_M3_r1,paxoco_mini,800,0.977503
FKIT,Y+X2_M3_r1,paxoco_mini,801,0.977443
FKIT,Y+X2_M3_r1,paxoco_mini,802,0.975832
FKIT,Y+X2_M3_r1,paxoco_mini,803,0.975594
FKIT,Y+X2_M3_r1,paxoco_mini,804,0.980093
FKIT,Y+X2_M3_r1,paxoco_mini,805,0.977627
FKIT,Y+X2_M3_r1,paxoco_mini,806,0.981033
FKIT,Y+X2_M3_r1,paxoco_mini,807,0.980904
FKIT,Y+X2_M3_r1,paxoco_mini,808,0.978654
FKIT,Y+X2_M3_r1,paxoco_mini,809,0.976495
FKIT,Y+X2_M3_r1,paxoco_mini,810,0.976163
FKIT,Y+X2_M3_r1,paxoco_mini,811,0.977236
FKIT,Y+X2_M3_r1,paxoco_mini,812,0.977265
FKIT,Y+X2_M3_r1,paxoco_mini,813,0.977749
FKIT,Y+X2_M3_r1,paxoco_mini,814,0.980504
FKIT,Y+X2_M3_r1,paxoco_mini,815,0.977869
FKIT,Y+X2_M3_r1,paxoco_mini,816,0.980209
FKIT,Y+X2_M3_r1,paxoco_mini,817,0.975947
FKIT,Y+X2_M3_r1,paxoco_mini,818,0.978077
FKIT,Y+X2_M3_r1,paxoco_mini,819,0.976616
FKIT,Y+X2_M3_r1,paxoco_mini,820,0.976326
FKIT,Y+X2_M3_r1,paxoco_mini,821,0.973698
FKIT,Y+X2_M3_r1,paxoco_mini,822,0.972872
FKIT,Y+X2_M3_r1,paxoco_mini,823,0.966735
FKIT,Y+X2_M3_r1,paxoco_mini,824,0.967442
FKIT,Y+X2_M3_r1,paxoco_mini,825,0.969080
FKIT,Y+X2_M3_r1,paxoco_mini,826,0.964583
FKIT,Y+X2_M3_r1,paxoco_mini,827,0.947627
FKIT,Y+X2_M3_r1,paxoco_mini,828,0.970819
FKIT,Y+X2_M3_r1,paxoco_mini,829,0.974124
FKIT,Y+X2_M3_r1,paxoco_mini,830,0.969926
FKIT,Y+X2_M3_r1,paxoco_mini,831,0.966576
FKIT,Y+X2_M3_r1,paxoco_mini,832,0.959651
FKIT,Y+X2_M3_r1,paxoco_mini,833,0.965676
FKIT,Y+X2_M3_r1,paxoco_mini,834,0.971348
FKIT,Y+X2_M3_r1,paxoco_mini,835,0.971916
FKIT,Y+X2_M3_r1,paxoco_mini,836,0.970515
FKIT,Y+X2_M3_r1,paxoco_mini,837,0.967801
FKIT,Y+X2_M3_r1,paxoco_mini,838,0.971403
FKIT,Y+X2_M3_r1,paxoco_mini,839,0.972879
FKIT,Y+X2_M3_r1,paxoco_mini,840,0.974652
FKIT,Y+X2_M3_r1,paxoco_mini,841,0.969874
FKIT,Y+X2_M3_r1,paxoco_mini,842,0.969423
FKIT,Y+X2_M3_r1,paxoco_mini,843,0.970718
FKIT,Y+X2_M3_r1,paxoco_mini,844,0.972811
FKIT,Y+X2_M3_r1,paxoco_mini,845,0.953458
FKIT,Y+X2_M3_r1,paxoco_mini,846,0.967414
FKIT,Y+X2_M3_r1,paxoco_mini,847,0.966663
FKIT,Y+X2_M3_r1,paxoco_mini,848,0.971038
FKIT,Y+X2_M3_r1,paxoco_mini,849,0.970571
FKIT,Y+X2_M3_r1,paxoco_mini,850,0.971961
FKIT,Y+X2_M3_r1,paxoco_mini,851,0.971539
FKIT,Y+X2_M3_r1,paxoco_mini,852,0.969804
FKIT,Y+X2_M3_r1,paxoco_mini,853,0.970602
FKIT,Y+X2_M3_r1,paxoco_mini,854,0.971071
FKIT,Y+X2_M3_r1,paxoco_mini,855,0.972830
FKIT,Y+X2_M3_r1,paxoco_mini,856,0.971961
FKIT,Y+X2_M3_r1,paxoco_mini,857,0.971801
FKIT,Y+X2_M3_r1,paxoco_mini,858,0.968654
FKIT,Y+X2_M3_r1,paxoco_mini,859,0.969226
FKIT,Y+X2_M3_r1,paxoco_mini,860,0.969393
FKIT,Y+X2_M3_r1,paxoco_mini,861,0.967762
FKIT,Y+X2_M3_r1,paxoco_mini,862,0.969227
FKIT,Y+X2_M3_r1,paxoco_mini,863,0.971295
FKIT,Y+X2_M3_r1,paxoco_mini,864,0.968960
FKIT,Y+X2_M3_r1,paxoco_mini,865,0.969081
FKIT,Y+X2_M3_r1,paxoco_mini,866,0.969656
FKIT,Y+X2_M3_r1,paxoco_mini,867,0.969236
FKIT,Y+X2_M3_r1,paxoco_mini,868,0.964329
FKIT,Y+X2_M3_r1,paxoco_mini,869,0.963197
FKIT,Y+X2_M3_r1,paxoco_mini,870,0.970424
FKIT,Y+X2_M3_r1,paxoco_mini,871,0.969745
FKIT,Y+X2_M3_r1,paxoco_mini,872,0.968660
FKIT,Y+X2_M3_r1,paxoco_mini,873,0.968324
FKIT,Y+X2_M3_r1,paxoco_mini,874,0.973678
FKIT,Y+X2_M3_r1,paxoco_mini,875,0.972813
FKIT,Y+X2_M3_r1,paxoco_mini,876,0.973525
FKIT,Y+X2_M3_r1,paxoco_mini,877,0.973678
FKIT,Y+X2_M3_r1,paxoco_mini,878,0.974821
FKIT,Y+X2_M3_r1,paxoco_mini,879,0.975394
FKIT,Y+X2_M3_r1,paxoco_mini,880,0.976669
FKIT,Y+X2_M3_r1,paxoco_mini,881,0.974714
FKIT,Y+X2_M3_r1,paxoco_mini,882,0.974920
FKIT,Y+X2_M3_r1,paxoco_mini,883,0.977605
FKIT,Y+X2_M3_r1,paxoco_mini,884,0.977695
FKIT,Y+X2_M3_r1,paxoco_mini,885,0.978878
FKIT,Y+X2_M3_r1,paxoco_mini,886,0.977089
FKIT,Y+X2_M3_r1,paxoco_mini,887,0.979659
FKIT,Y+X2_M3_r1,paxoco_mini,888,0.979756
FKIT,Y+X2_M3_r1,paxoco_mini,889,0.980779
FKIT,Y+X2_M3_r1,paxoco_mini,890,0.978683
FKIT,Y+X2_M3_r1,paxoco_mini,891,0.979106
FKIT,Y+X2_M3_r1,paxoco_mini,892,0.981251
FKIT,Y+X2_M3_r1,paxoco_mini,893,0.980879
FKIT,Y+X2_M3_r1,paxoco_mini,894,0.985153
FKIT,Y+X2_M3_r1,paxoco_mini,895,0.980496
FKIT,Y+X2_M3_r1,paxoco_mini,896,0.979752
FKIT,Y+X2_M3_r1,paxoco_mini,897,0.981409
FKIT,Y+X2_M3_r1,paxoco_mini,898,0.983031
FKIT,Y+X2_M3_r1,paxoco_mini,899,0.976910
FKIT,Y+X2_M3_r1,paxoco_mini,900,0.981826
FKIT,Y+X2_M3_r1,paxoco_mini,901,0.981648
FKIT,Y+X2_M3_r1,paxoco_mini,902,0.982124
FKIT,Y+X2_M3_r1,paxoco_mini,903,0.982073
FKIT,Y+X2_M3_r1,paxoco_mini,904,0.981170
FKIT,Y+X2_M3_r1,paxoco_mini,905,0.983602
FKIT,Y+X2_M3_r1,paxoco_mini,906,0.983452
FKIT,Y+X2_M3_r1,paxoco_mini,907,0.983744
FKIT,Y+X2_M3_r1,paxoco_mini,908,0.984177
FKIT,Y+X2_M3_r1,paxoco_mini,909,0.984299
FKIT,Y+X2_M3_r1,paxoco_mini,910,0.981806
FKIT,Y+X2_M3_r1,pear,0,0.939627
FKIT,Y+X2_M3_r1,pear,1,0.944293
FKIT,Y+X2_M3_r1,pear,2,0.940447
FKIT,Y+X2_M3_r1,pear,3,0.942354
FKIT,Y+X2_M3_r1,pear,4,0.943618
FKIT,Y+X2_M3_r1,pear,5,0.940151
FKIT,Y+X2_M3_r1,pear,6,0.943458
FKIT,Y+X2_M3_r1,pear,7,0.942812
FKIT,Y+X2_M3_r1,pear,8,0.940462
FKIT,Y+X2_M3_r1,pear,9,0.940527
FKIT,Y+X2_M3_r1,pear,10,0.943341
FKIT,Y+X2_M3_r1,pear,11,0.951869
FKIT,Y+X2_M3_r1,pear,12,0.950541
FKIT,Y+X2_M3_r1,pear,13,0.953093
FKIT,Y+X2_M3_r1,pear,14,0.955483
FKIT,Y+X2_M3_r1,pear,15,0.953576
FKIT,Y+X2_M3_r1,pear,16,0.953247
FKIT,Y+X2_M3_r1,pear,17,0.947477
FKIT,Y+X2_M3_r1,pear,18,0.952927
FKIT,Y+X2_M3_r1,pear,19,0.950463
FKIT,Y+X2_M3_r1,pear,20,0.950889
FKIT,Y+X2_M3_r1,pear,21,0.960209
FKIT,Y+X2_M3_r1,pear,22,0.961285
FKIT,Y+X2_M3_r1,pear,23,0.963139
FKIT,Y+X2_M3_r1,pear,24,0.964680
FKIT,Y+X2_M3_r1,pear,25,0.967688
FKIT,Y+X2_M3_r1,pear,26,0.965050
FKIT,Y+X2_M3_r1,pear,27,0.965463
FKIT,Y+X2_M3_r1,pear,28,0.959968
FKIT,Y+X2_M3_r1,pear,29,0.965988
FKIT,Y+X2_M3_r1,pear,30,0.962149
FKIT,Y+X2_M3_r1,pear,31,0.964881
FKIT,Y+X2_M3_r1,pear,32,0.966057
FKIT,Y+X2_M3_r1,pear,33,0.967355
FKIT,Y+X2_M3_r1,pear,34,0.969707
FKIT,Y+X2_M3_r1,pear,35,0.968121
FKIT,Y+X2_M3_r1,pear,36,0.966502
FKIT,Y+X2_M3_r1,pear,37,0.964952
FKIT,Y+X2_M3_r1,pear,38,0.961504
FKIT,Y+X2_M3_r1,pear,39,0.965950
FKIT,Y+X2_M3_r1,pear,40,0.965622
FKIT,Y+X2_M3_r1,pear,41,0.967407
FKIT,Y+X2_M3_r1,pear,42,0.964395
FKIT,Y+X2_M3_r1,pear,43,0.965391
FKIT,Y+X2_M3_r1,pear,44,0.967558
FKIT,Y+X2_M3_r1,pear,45,0.968300
FKIT,Y+X2_M3_r1,pear,46,0.967660
FKIT,Y+X2_M3_r1,pear,47,0.968803
FKIT,Y+X2_M3_r1,pear,48,0.966987
FKIT,Y+X2_M3_r1,pear,49,0.969084
FKIT,Y+X2_M3_r1,pear,50,0.964493
FKIT,Y+X2_M3_r1,pear,51,0.970424
FKIT,Y+X2_M3_r1,pear,52,0.969045
FKIT,Y+X2_M3_r1,pear,53,0.970702
FKIT,Y+X2_M3_r1,pear,54,0.970411
FKIT,Y+X2_M3_r1,pear,55,0.961845
FKIT,Y+X2_M3_r1,pear,56,0.966857
FKIT,Y+X2_M3_r1,pear,57,0.959080
FKIT,Y+X2_M3_r1,pear,58,0.958347
FKIT,Y+X2_M3_r1,pear,59,0.959830
FKIT,Y+X2_M3_r1,pear,60,0.959086
FKIT,Y+X2_M3_r1,pear,61,0.963178
FKIT,Y+X2_M3_r1,pear,62,0.963399
FKIT,Y+X2_M3_r1,pear,63,0.958212
FKIT,Y+X2_M3_r1,pear,64,0.969360
FKIT,Y+X2_M3_r1,pear,65,0.964102
FKIT,Y+X2_M3_r1,pear,66,0.958159
FKIT,Y+X2_M3_r1,pear,67,0.953968
FKIT,Y+X2_M3_r1,pear,68,0.964522
FKIT,Y+X2_M3_r1,pear,69,0.970715
FKIT,Y+X2_M3_r1,pear,70,0.971728
FKIT,Y+X2_M3_r1,pear,71,0.972557
FKIT,Y+X2_M3_r1,pear,72,0.973657
FKIT,Y+X2_M3_r1,pear,73,0.966590
FKIT,Y+X2_M3_r1,pear,74,0.972991
FKIT,Y+X2_M3_r1,pear,75,0.966139
FKIT,Y+X2_M3_r1,pear,76,0.974290
FKIT,Y+X2_M3_r1,pear,77,0.973745
FKIT,Y+X2_M3_r1,pear,78,0.974287
FKIT,Y+X2_M3_r1,pear,79,0.972271
FKIT,Y+X2_M3_r1,pear,80,0.973870
FKIT,Y+X2_M3_r1,pear,81,0.970155
FKIT,Y+X2_M3_r1,pear,82,0.968187
FKIT,Y+X2_M3_r1,pear,83,0.968018
FKIT,Y+X2_M3_r1,pear,84,0.968269
FKIT,Y+X2_M3_r1,pear,85,0.970853
FKIT,Y+X2_M3_r1,pear,86,0.969622
FKIT,Y+X2_M3_r1,pear,87,0.975078
FKIT,Y+X2_M3_r1,pear,88,0.969406
FKIT,Y+X2_M3_r1,pear,89,0.973241
FKIT,Y+X2_M3_r1,pear,90,0.973001
FKIT,Y+X2_M3_r1,pear,91,0.975519
FKIT,Y+X2_M3_r1,pear,92,0.967065
FKIT,Y+X2_M3_r1,pear,93,0.969870
FKIT,Y+X2_M3_r1,pear,94,0.974335
FKIT,Y+X2_M3_r1,pear,95,0.967947
FKIT,Y+X2_M3_r1,pear,96,0.970324
FKIT,Y+X2_M3_r1,pear,97,0.972198
FKIT,Y+X2_M3_r1,pear,98,0.971911
FKIT,Y+X2_M3_r1,pear,99,0.972947
FKIT,Y+X2_M3_r1,pear,100,0.974349
FKIT,Y+X2_M3_r1,pear,101,0.974156
FKIT,Y+X2_M3_r1,pear,102,0.973281
FKIT,Y+X2_M3_r1,pear,103,0.974049
FKIT,Y+X2_M3_r1,pear,104,0.969928
FKIT,Y+X2_M3_r1,pear,105,0.971435
FKIT,Y+X2_M3_r1,pear,106,0.963140
FKIT,Y+X2_M3_r1,pear,107,0.970164
FKIT,Y+X2_M3_r1,pear,108,0.970868
FKIT,Y+X2_M3_r1,pear,109,0.971335
FKIT,Y+X2_M3_r1,pear,110,0.968886
FKIT,Y+X2_M3_r1,pear,111,0.967461
FKIT,Y+X2_M3_r1,pear,112,0.968986
FKIT,Y+X2_M3_r1,pear,113,0.941089
FKIT,Y+X2_M3_r1,pear,114,0.950405
FKIT,Y+X2_M3_r1,pear,115,0.945476
FKIT,Y+X2_M3_r1,pear,116,0.943012
FKIT,Y+X2_M3_r1,pear,117,0.940171
FKIT,Y+X2_M3_r1,pear,118,0.942334
FKIT,Y+X2_M3_r1,pear,119,0.942455
FKIT,Y+X2_M3_r1,pear,120,0.942083
FKIT,Y+X2_M3_r1,pear,121,0.940337
FKIT,Y+X2_M3_r1,pear,122,0.939542
FKIT,Y+X2_M3_r1,pear,123,0.941015
FKIT,Y+X2_M3_r1,pear,124,0.942334
FKIT,Y+X2_M3_r1,pear,125,0.939276
FKIT,Y+X2_M3_r1,pear,126,0.940012
FKIT,Y+X2_M3_r1,pear,127,0.941343
FKIT,Y+X2_M3_r1,pear,128,0.941535
FKIT,Y+X2_M3_r1,pear,129,0.940219
FKIT,Y+X2_M3_r1,pear,130,0.942168
FKIT,Y+X2_M3_r1,pear,131,0.939460
FKIT,Y+X2_M3_r1,pear,132,0.939394
FKIT,Y+X2_M3_r1,pear,133,0.940400
FKIT,Y+X2_M3_r1,pear,134,0.942297
FKIT,Y+X2_M3_r1,pear,135,0.941355
FKIT,Y+X2_M3_r1,pear,136,0.943208
FKIT,Y+X2_M3_r1,pear,137,0.945516
FKIT,Y+X2_M3_r1,pear,138,0.942390
FKIT,Y+X2_M3_r1,pear,139,0.940322
FKIT,Y+X2_M3_r1,pear,140,0.942128
FKIT,Y+X2_M3_r1,pear,141,0.940711
FKIT,Y+X2_M3_r1,pear,142,0.939598
FKIT,Y+X2_M3_r1,pear,143,0.940353
FKIT,Y+X2_M3_r1,pear,144,0.943092
FKIT,Y+X2_M3_r1,pear,145,0.943874
FKIT,Y+X2_M3_r1,pear,146,0.942741
FKIT,Y+X2_M3_r1,pear,147,0.943530
FKIT,Y+X2_M3_r1,pear,148,0.940820
FKIT,Y+X2_M3_r1,pear,149,0.942734
FKIT,Y+X2_M3_r1,pear,150,0.941607
FKIT,Y+X2_M3_r1,pear,151,0.933006
FKIT,Y+X2_M3_r1,pear,152,0.934642
FKIT,Y+X2_M3_r1,pear,153,0.931855
FKIT,Y+X2_M3_r1,pear,154,0.935080
FKIT,Y+X2_M3_r1,pear,155,0.919255
FKIT,Y+X2_M3_r1,pear,156,0.931250
FKIT,Y+X2_M3_r1,pear,157,0.931386
FKIT,Y+X2_M3_r1,pear,158,0.936791
FKIT,Y+X2_M3_r1,pear,159,0.937053
FKIT,Y+X2_M3_r1,pear,160,0.935587
FKIT,Y+X2_M3_r1,pear,161,0.906529
FKIT,Y+X2_M3_r1,pear,162,0.932545
FKIT,Y+X2_M3_r1,pear,163,0.931687
FKIT,Y+X2_M3_r1,pear,164,0.937175
FKIT,Y+X2_M3_r1,pear,165,0.937152
FKIT,Y+X2_M3_r1,pear,166,0.932910
FKIT,Y+X2_M3_r1,pear,167,0.933877
FKIT,Y+X2_M3_r1,pear,168,0.932749
FKIT,Y+X2_M3_r1,pear,169,0.939399
FKIT,Y+X2_M3_r1,pear,170,0.933683
FKIT,Y+X2_M3_r1,pear,171,0.939196
FKIT,Y+X2_M3_r1,pear,172,0.943964
FKIT,Y+X2_M3_r1,pear,173,0.944559
FKIT,Y+X2_M3_r1,pear,174,0.947431
FKIT,Y+X2_M3_r1,pear,175,0.941447
FKIT,Y+X2_M3_r1,pear,176,0.943042
FKIT,Y+X2_M3_r1,pear,177,0.933690
FKIT,Y+X2_M3_r1,pear,178,0.940270
FKIT,Y+X2_M3_r1,pear,179,0.948825
FKIT,Y+X2_M3_r1,pear,180,0.948711
FKIT,Y+X2_M3_r1,pear,181,0.939847
FKIT,Y+X2_M3_r1,pear,182,0.938252
FKIT,Y+X2_M3_r1,pear,183,0.935825
FKIT,Y+X2_M3_r1,pear,184,0.936336
FKIT,Y+X2_M3_r1,pear,185,0.943589
FKIT,Y+X2_M3_r1,pear,186,0.937431
FKIT,Y+X2_M3_r1,pear,187,0.932877
FKIT,Y+X2_M3_r1,pear,188,0.953998
FKIT,Y+X2_M3_r1,pear,189,0.943126
FKIT,Y+X2_M3_r1,pear,190,0.953876
FKIT,Y+X2_M3_r1,pear,191,0.950755
FKIT,Y+X2_M3_r1,pear,192,0.952574
FKIT,Y+X2_M3_r1,pear,193,0.962963
FKIT,Y+X2_M3_r1,pear,194,0.963997
FKIT,Y+X2_M3_r1,pear,195,0.956765
FKIT,Y+X2_M3_r1,pear,196,0.959628
FKIT,Y+X2_M3_r1,pear,197,0.954027
FKIT,Y+X2_M3_r1,pear,198,0.929019
FKIT,Y+X2_M3_r1,pear,199,0.935006
FKIT,Y+X2_M3_r1,pear,200,0.942246
FKIT,Y+X2_M3_r1,pear,201,0.940587
FKIT,Y+X2_M3_r1,pear,202,0.939944
FKIT,Y+X2_M3_r1,pear,203,0.943875
FKIT,Y+X2_M3_r1,pear,204,0.942408
FKIT,Y+X2_M3_r1,pear,205,0.942205
FKIT,Y+X2_M3_r1,pear,206,0.939997
FKIT,Y+X2_M3_r1,pear,207,0.942012
FKIT,Y+X2_M3_r1,pear,208,0.942248
FKIT,Y+X2_M3_r1,pear,209,0.940994
FKIT,Y+X2_M3_r1,pear,210,0.942064
FKIT,Y+X2_M3_r1,pear,211,0.940419
FKIT,Y+X2_M3_r1,pear,212,0.938955
FKIT,Y+X2_M3_r1,pear,213,0.939401
FKIT,Y+X2_M3_r1,pear,214,0.940182
FKIT,Y+X2_M3_r1,pear,215,0.940060
FKIT,Y+X2_M3_r1,pear,216,0.946276
FKIT,Y+X2_M3_r1,pear,217,0.950488
FKIT,Y+X2_M3_r1,pear,218,0.955542
FKIT,Y+X2_M3_r1,pear,219,0.965496
FKIT,Y+X2_M3_r1,pear,220,0.963585
FKIT,Y+X2_M3_r1,pear,221,0.965240
FKIT,Y+X2_M3_r1,pear,222,0.964130
FKIT,Y+X2_M3_r1,pear,223,0.964026
FKIT,Y+X2_M3_r1,pear,224,0.965862
FKIT,Y+X2_M3_r1,pear,225,0.964385
FKIT,Y+X2_M3_r1,pear,226,0.962388
FKIT,Y+X2_M3_r1,pear,227,0.963921
FKIT,Y+X2_M3_r1,pear,228,0.959922
FKIT,Y+X2_M3_r1,pear,229,0.957363
FKIT,Y+X2_M3_r1,pear,230,0.942591
FKIT,Y+X2_M3_r1,pear,231,0.943546
FKIT,Y+X2_M3_r1,pear,232,0.940723
FKIT,Y+X2_M3_r1,pear,233,0.942769
FKIT,Y+X2_M3_r1,pear,234,0.938161
FKIT,Y+X2_M3_r1,pear,235,0.937718
FKIT,Y+X2_M3_r1,pear,236,0.936734
FKIT,Y+X2_M3_r1,pear,237,0.934011
FKIT,Y+X2_M3_r1,pear,238,0.936327
FKIT,Y+X2_M3_r1,pear,239,0.939842
FKIT,Y+X2_M3_r1,pear,240,0.937140
FKIT,Y+X2_M3_r1,pear,241,0.936425
FKIT,Y+X2_M3_r1,pear,242,0.936794
FKIT,Y+X2_M3_r1,pear,243,0.940784
FKIT,Y+X2_M3_r1,pear,244,0.939136
FKIT,Y+X2_M3_r1,pear,245,0.938440
FKIT,Y+X2_M3_r1,pear,246,0.940389
FKIT,Y+X2_M3_r1,pear,247,0.938247
FKIT,Y+X2_M3_r1,pear,248,0.938522
FKIT,Y+X2_M3_r1,pear,249,0.940429
FKIT,Y+X2_M3_r1,pear,250,0.935115
FKIT,Y+X2_M3_r1,pear,251,0.936079
FKIT,Y+X2_M3_r1,pear,252,0.941025
FKIT,Y+X2_M3_r1,pear,253,0.939844
FKIT,Y+X2_M3_r1,pear,254,0.940716
FKIT,Y+X2_M3_r1,pear,255,0.939192
FKIT,Y+X2_M3_r1,pear,256,0.941514
FKIT,Y+X2_M3_r1,pear,257,0.940283
FKIT,Y+X2_M3_r1,pear,258,0.940999
FKIT,Y+X2_M3_r1,pear,259,0.939253
FKIT,Y+X2_M3_r1,pear,260,0.934563
FKIT,Y+X2_M3_r1,pear,261,0.936485
FKIT,Y+X2_M3_r1,pear,262,0.938327
FKIT,Y+X2_M3_r1,pear,263,0.939988
FKIT,Y+X2_M3_r1,pear,264,0.939044
FKIT,Y+X2_M3_r1,pear,265,0.939852
FKIT,Y+X2_M3_r1,pear,266,0.937449
FKIT,Y+X2_M3_r1,pear,267,0.937076
FKIT,Y+X2_M3_r1,pear,268,0.938160
FKIT,Y+X2_M3_r1,pear,269,0.937716
FKIT,Y+X2_M3_r1,pear,270,0.935075
FKIT,Y+X2_M3_r1,pear,271,0.937421
FKIT,Y+X2_M3_r1,pear,272,0.934008
FKIT,Y+X2_M3_r1,pear,273,0.933214
FKIT,Y+X2_M3_r1,pear,274,0.939803
FKIT,Y+X2_M3_r1,pear,275,0.947426
FKIT,Y+X2_M3_r1,pear,276,0.938538
FKIT,Y+X2_M3_r1,pear,277,0.941110
FKIT,Y+X2_M3_r1,pear,278,0.957648
FKIT,Y+X2_M3_r1,pear,279,0.956850
FKIT,Y+X2_M3_r1,pear,280,0.956316
FKIT,Y+X2_M3_r1,pear,281,0.952845
FKIT,Y+X2_M3_r1,pear,282,0.954381
FKIT,Y+X2_M3_r1,pear,283,0.956323
FKIT,Y+X2_M3_r1,pear,284,0.946931
FKIT,Y+X2_M3_r1,pear,285,0.956418
FKIT,Y+X2_M3_r1,pear,286,0.957211
FKIT,Y+X2_M3_r1,pear,287,0.959131
FKIT,Y+X2_M3_r1,pear,288,0.959605
FKIT,Y+X2_M3_r1,pear,289,0.960543
FKIT,Y+X2_M3_r1,pear,290,0.960807
FKIT,Y+X2_M3_r1,pear,291,0.959901
FKIT,Y+X2_M3_r1,pear,292,0.958322
FKIT,Y+X2_M3_r1,pear,293,0.958392
FKIT,Y+X2_M3_r1,pear,294,0.960454
FKIT,Y+X2_M3_r1,pear,295,0.958099
FKIT,Y+X2_M3_r1,pear,296,0.958532
FKIT,Y+X2_M3_r1,pear,297,0.959122
FKIT,Y+X2_M3_r1,pear,298,0.959106
FKIT,Y+X2_M3_r1,pear,299,0.958403
FKIT,Y+X2_M3_r1,pear,300,0.959998
FKIT,Y+X2_M3_r1,pear,301,0.960903
FKIT,Y+X2_M3_r1,pear,302,0.959734
FKIT,Y+X2_M3_r1,pear,303,0.960087
FKIT,Y+X2_M3_r1,pear,304,0.960124
FKIT,Y+X2_M3_r1,pear,305,0.959252
FKIT,Y+X2_M3_r1,pear,306,0.958628
FKIT,Y+X2_M3_r1,pear,307,0.959149
FKIT,Y+X2_M3_r1,pear,308,0.961393
FKIT,Y+X2_M3_r1,pear,309,0.960385
FKIT,Y+X2_M3_r1,pear,310,0.958912
FKIT,Y+X2_M3_r1,pear,311,0.959357
FKIT,Y+X2_M3_r1,pear,312,0.960107
FKIT,Y+X2_M3_r1,pear,313,0.959695
FKIT,Y+X2_M3_r1,pear,314,0.961624
FKIT,Y+X2_M3_r1,pear,315,0.960267
FKIT,Y+X2_M3_r1,pear,316,0.957298
FKIT,Y+X2_M3_r1,pear,317,0.957153
FKIT,Y+X2_M3_r1,pear,318,0.958375
FKIT,Y+X2_M3_r1,pear,319,0.959640
FKIT,Y+X2_M3_r1,pear,320,0.952141
FKIT,Y+X2_M3_r1,pear,321,0.936505
FKIT,Y+X2_M3_r1,pear,322,0.940707
FKIT,Y+X2_M3_r1,pear,323,0.950379
FKIT,Y+X2_M3_r1,pear,324,0.937961
FKIT,Y+X2_M3_r1,pear,325,0.950154
FKIT,Y+X2_M3_r1,pear,326,0.959170
FKIT,Y+X2_M3_r1,pear,327,0.959419
FKIT,Y+X2_M3_r1,pear,328,0.958243
FKIT,Y+X2_M3_r1,pear,329,0.958531
FKIT,Y+X2_M3_r1,pear,330,0.959865
FKIT,Y+X2_M3_r1,pear,331,0.958588
FKIT,Y+X2_M3_r1,pear,332,0.960009
FKIT,Y+X2_M3_r1,pear,333,0.958992
FKIT,Y+X2_M3_r1,pear,334,0.960937
FKIT,Y+X2_M3_r1,pear,335,0.959818
FKIT,Y+X2_M3_r1,pear,336,0.962186
FKIT,Y+X2_M3_r1,pear,337,0.962510
FKIT,Y+X2_M3_r1,pear,338,0.960234
FKIT,Y+X2_M3_r1,pear,339,0.960990
FKIT,Y+X2_M3_r1,pear,340,0.961604
FKIT,Y+X2_M3_r1,pear,341,0.961706
FKIT,Y+X2_M3_r1,pear,342,0.959977
FKIT,Y+X2_M3_r1,pear,343,0.960419
FKIT,Y+X2_M3_r1,pear,344,0.958537
FKIT,Y+X2_M3_r1,pear,345,0.959282
FKIT,Y+X2_M3_r1,pear,346,0.955522
FKIT,Y+X2_M3_r1,pear,347,0.953872
FKIT,Y+X2_M3_r1,pear,348,0.939532
FKIT,Y+X2_M3_r1,pear,349,0.939886
FKIT,Y+X2_M3_r1,pear,350,0.941542
FKIT,Y+X2_M3_r1,pear,351,0.938717
FKIT,Y+X2_M3_r1,pear,352,0.942173
FKIT,Y+X2_M3_r1,pear,353,0.949654
FKIT,Y+X2_M3_r1,pear,354,0.950159
FKIT,Y+X2_M3_r1,pear,355,0.948812
FKIT,Y+X2_M3_r1,pear,356,0.949206
FKIT,Y+X2_M3_r1,pear,357,0.948498
FKIT,Y+X2_M3_r1,pear,358,0.950372
FKIT,Y+X2_M3_r1,pear,359,0.952209
FKIT,Y+X2_M3_r1,pear,360,0.950600
FKIT,Y+X2_M3_r1,pear,361,0.953821
FKIT,Y+X2_M3_r1,pear,362,0.952081
FKIT,Y+X2_M3_r1,pear,363,0.953707
FKIT,Y+X2_M3_r1,pear,364,0.955043
FKIT,Y+X2_M3_r1,pear,365,0.955113
FKIT,Y+X2_M3_r1,pear,366,0.951865
FKIT,Y+X2_M3_r1,pear,367,0.953653
FKIT,Y+X2_M3_r1,pear,368,0.952441
FKIT,Y+X2_M3_r1,pear,369,0.952526
FKIT,Y+X2_M3_r1,pear,370,0.957172
FKIT,Y+X2_M3_r1,pear,371,0.958068
FKIT,Y+X2_M3_r1,pear,372,0.957406
FKIT,Y+X2_M3_r1,pear,373,0.958609
FKIT,Y+X2_M3_r1,pear,374,0.959230
FKIT,Y+X2_M3_r1,pear,375,0.956329
FKIT,Y+X2_M3_r1,pear,376,0.956715
FKIT,Y+X2_M3_r1,pear,377,0.956956
FKIT,Y+X2_M3_r1,pear,378,0.958004
FKIT,Y+X2_M3_r1,pear,379,0.955748
FKIT,Y+X2_M3_r1,pear,380,0.958122
FKIT,Y+X2_M3_r1,pear,381,0.957220
FKIT,Y+X2_M3_r1,pear,382,0.956702
FKIT,Y+X2_M3_r1,pear,383,0.956315
FKIT,Y+X2_M3_r1,pear,384,0.954828
FKIT,Y+X2_M3_r1,pear,385,0.956787
FKIT,Y+X2_M3_r1,pear,386,0.955715
FKIT,Y+X2_M3_r1,pear,387,0.955417
FKIT,Y+X2_M3_r1,pear,388,0.955703
FKIT,Y+X2_M3_r1,pear,389,0.955312
FKIT,Y+X2_M3_r1,pear,390,0.957107
FKIT,Y+X2_M3_r1,pear,391,0.956423
FKIT,Y+X2_M3_r1,pear,392,0.957422
FKIT,Y+X2_M3_r1,pear,393,0.956123
FKIT,Y+X2_M3_r1,pear,394,0.957605
FKIT,Y+X2_M3_r1,pear,395,0.955439
FKIT,Y+X2_M3_r1,pear,396,0.959535
FKIT,Y+X2_M3_r1,pear,397,0.954810
FKIT,Y+X2_M3_r1,pear,398,0.961370
FKIT,Y+X2_M3_r1,pear,399,0.957175
FKIT,Y+X2_M3_r1,pear,400,0.955210
FKIT,Y+X2_M3_r1,pear,401,0.956635
FKIT,Y+X2_M3_r1,pear,402,0.954917
FKIT,Y+X2_M3_r1,pear,403,0.953835
FKIT,Y+X2_M3_r1,pear,404,0.960279
FKIT,Y+X2_M3_r1,pear,405,0.956692
FKIT,Y+X2_M3_r1,pear,406,0.954053
FKIT,Y+X2_M3_r1,pear,407,0.956565
FKIT,Y+X2_M3_r1,pear,408,0.954101
FKIT,Y+X2_M3_r1,pear,409,0.952920
FKIT,Y+X2_M3_r1,pear,410,0.957627
FKIT,Y+X2_M3_r1,pear,411,0.954350
FKIT,Y+X2_M3_r1,pear,412,0.954615
FKIT,Y+X2_M3_r1,pear,413,0.954585
FKIT,Y+X2_M3_r1,pear,414,0.954360
FKIT,Y+X2_M3_r1,pear,415,0.952407
FKIT,Y+X2_M3_r1,pear,416,0.947420
FKIT,Y+X2_M3_r1,pear,417,0.950027
FKIT,Y+X2_M3_r1,pear,418,0.950965
FKIT,Y+X2_M3_r1,pear,419,0.950442
FKIT,Y+X2_M3_r1,pear,420,0.951382
FKIT,Y+X2_M3_r1,pear,421,0.948871
FKIT,Y+X2_M3_r1,pear,422,0.948676
FKIT,Y+X2_M3_r1,pear,423,0.949814
FKIT,Y+X2_M3_r1,pear,424,0.949810
FKIT,Y+X2_M3_r1,pear,425,0.950025
FKIT,Y+X2_M3_r1,pear,426,0.947353
FKIT,Y+X2_M3_r1,pear,427,0.947686
FKIT,Y+X2_M3_r1,pear,428,0.946402
FKIT,Y+X2_M3_r1,pear,429,0.946815
FKIT,Y+X2_M3_r1,pear,430,0.945750
FKIT,Y+X2_M3_r1,pear,431,0.947624
FKIT,Y+X2_M3_r1,pear,432,0.945503
FKIT,Y+X2_M3_r1,pear,433,0.947104
FKIT,Y+X2_M3_r1,pear,434,0.946007
FKIT,Y+X2_M3_r1,pear,435,0.945871
FKIT,Y+X2_M3_r1,pear,436,0.943281
FKIT,Y+X2_M3_r1,pear,437,0.939961
FKIT,Y+X2_M3_r1,pear,438,0.943368
FKIT,Y+X2_M3_r1,pear,439,0.941579
FKIT,Y+X2_M3_r1,pear,440,0.941145
FKIT,Y+X2_M3_r1,pear,441,0.937802
FKIT,Y+X2_M3_r1,pear,442,0.938593
FKIT,Y+X2_M3_r1,pear,443,0.936180
FKIT,Y+X2_M3_r1,pear,444,0.942238
FKIT,Y+X2_M3_r1,pear,445,0.939889
FKIT,Y+X2_M3_r1,pear,446,0.934788
FKIT,Y+X2_M3_r1,pear,447,0.933317
FKIT,Y+X2_M3_r1,pear,448,0.935504
FKIT,Y+X2_M3_r1,pear,449,0.935985
FKIT,Y+X2_M3_r1,pear,450,0.934603
FKIT,Y+X2_M3_r1,pear,451,0.936569
FKIT,Y+X2_M3_r1,pear,452,0.937631
FKIT,Y+X2_M3_r1,pear,453,0.937709
FKIT,Y+X2_M3_r1,pear,454,0.937098
FKIT,Y+X2_M3_r1,pear,455,0.940291
FKIT,Y+X2_M3_r1,pear,456,0.936011
FKIT,Y+X2_M3_r1,pear,457,0.936950
FKIT,Y+X2_M3_r1,pear,458,0.937143
FKIT,Y+X2_M3_r1,pear,459,0.938146
FKIT,Y+X2_M3_r1,pear,460,0.935163
FKIT,Y+X2_M3_r1,pear,461,0.939641
FKIT,Y+X2_M3_r1,pear,462,0.937953
FKIT,Y+X2_M3_r1,pear,463,0.938228
FKIT,Y+X2_M3_r1,pear,464,0.936954
FKIT,Y+X2_M3_r1,pear,465,0.935773
FKIT,Y+X2_M3_r1,pear,466,0.918320
FKIT,Y+X2_M3_r1,pear,467,0.931597
FKIT,Y+X2_M3_r1,pear,468,0.938684
FKIT,Y+X2_M3_r1,pear,469,0.933738
FKIT,Y+X2_M3_r1,pear,470,0.935196
FKIT,Y+X2_M3_r1,pear,471,0.935436
FKIT,Y+X2_M3_r1,pear,472,0.937841
FKIT,Y+X2_M3_r1,pear,473,0.934795
FKIT,Y+X2_M3_r1,pear,474,0.936593
FKIT,Y+X2_M3_r1,pear,475,0.933578
FKIT,Y+X2_M3_r1,pear,476,0.938008
FKIT,Y+X2_M3_r1,pear,477,0.935412
FKIT,Y+X2_M3_r1,pear,478,0.935174
FKIT,Y+X2_M3_r1,pear,479,0.934063
FKIT,Y+X2_M3_r1,pear,480,0.936606
FKIT,Y+X2_M3_r1,pear,481,0.935526
FKIT,Y+X2_M3_r1,pear,482,0.938717
FKIT,Y+X2_M3_r1,pear,483,0.936391
FKIT,Y+X2_M3_r1,pear,484,0.938783
FKIT,Y+X2_M3_r1,pear,485,0.936968
FKIT,Y+X2_M3_r1,pear,486,0.934244
FKIT,Y+X2_M3_r1,pear,487,0.932524
FKIT,Y+X2_M3_r1,pear,488,0.933847
FKIT,Y+X2_M3_r1,pear,489,0.936516
FKIT,Y+X2_M3_r1,pear,490,0.935368
FKIT,Y+X2_M3_r1,pear,491,0.935925
FKIT,Y+X2_M3_r1,pear,492,0.936014
FKIT,Y+X2_M3_r1,pear,493,0.935468
FKIT,Y+X2_M3_r1,pear,494,0.940470
FKIT,Y+X2_M3_r1,pear,495,0.935092
FKIT,Y+X2_M3_r1,pear,496,0.938653
FKIT,Y+X2_M3_r1,pear,497,0.939448
FKIT,Y+X2_M3_r1,pear,498,0.938907
FKIT,Y+X2_M3_r1,pear,499,0.940744
FKIT,Y+X2_M3_r1,pear,500,0.939805
FKIT,Y+X2_M3_r1,pear,501,0.941333
FKIT,Y+X2_M3_r1,pear,502,0.939912
FKIT,Y+X2_M3_r1,pear,503,0.939696
FKIT,Y+X2_M3_r1,pear,504,0.942267
FKIT,Y+X2_M3_r1,pear,505,0.942269
FKIT,Y+X2_M3_r1,pear,506,0.940721
FKIT,Y+X2_M3_r1,pear,507,0.938169
FKIT,Y+X2_M3_r1,pear,508,0.939415
FKIT,Y+X2_M3_r1,pear,509,0.940758
FKIT,Y+X2_M3_r1,pear,510,0.939750
FKIT,Y+X2_M3_r1,pear,511,0.942700
FKIT,Y+X2_M3_r1,pear,512,0.943316
FKIT,Y+X2_M3_r1,pear,513,0.936896
FKIT,Y+X2_M3_r1,pear,514,0.937403
FKIT,Y+X2_M3_r1,pear,515,0.934653
FKIT,Y+X2_M3_r1,pear,516,0.937569
FKIT,Y+X2_M3_r1,pear,517,0.941009
FKIT,Y+X2_M3_r1,pear,518,0.940213
FKIT,Y+X2_M3_r1,pear,519,0.939681
FKIT,Y+X2_M3_r1,pear,520,0.936364
FKIT,Y+X2_M3_r1,pear,521,0.000247
FKIT,Y+X2_M3_r1,pear,522,0.937859
FKIT,Y+X2_M3_r1,pear,523,0.938215
FKIT,Y+X2_M3_r1,pear,524,0.938040
FKIT,Y+X2_M3_r1,pear,525,0.937089
FKIT,Y+X2_M3_r1,pear,526,0.936141
FKIT,Y+X2_M3_r1,pear,527,0.933533
FKIT,Y+X2_M3_r1,pear,528,0.938084
FKIT,Y+X2_M3_r1,pear,529,0.936425
FKIT,Y+X2_M3_r1,pear,530,0.938784
FKIT,Y+X2_M3_r1,pear,531,0.937492
FKIT,Y+X2_M3_r1,pear,532,0.942587
FKIT,Y+X2_M3_r1,pear,533,0.938965
FKIT,Y+X2_M3_r1,pear,534,0.939394
FKIT,Y+X2_M3_r1,pear,535,0.941367
FKIT,Y+X2_M3_r1,pear,536,0.940987
FKIT,Y+X2_M3_r1,pear,537,0.940687
FKIT,Y+X2_M3_r1,pear,538,0.934844
FKIT,Y+X2_M3_r1,pear,539,0.943652
FKIT,Y+X2_M3_r1,pear,540,0.940689
FKIT,Y+X2_M3_r1,pear,541,0.942539
FKIT,Y+X2_M3_r1,pear,542,0.946614
FKIT,Y+X2_M3_r1,pear,543,0.938961
FKIT,Y+X2_M3_r1,pear,544,0.943399
FKIT,Y+X2_M3_r1,pear,545,0.950125
FKIT,Y+X2_M3_r1,pear,546,0.948464
FKIT,Y+X2_M3_r1,pear,547,0.947223
FKIT,Y+X2_M3_r1,pear,548,0.949461
FKIT,Y+X2_M3_r1,pear,549,0.951428
FKIT,Y+X2_M3_r1,pear,550,0.945500
FKIT,Y+X2_M3_r1,pear,551,0.948892
FKIT,Y+X2_M3_r1,pear,552,0.953471
FKIT,Y+X2_M3_r1,pear,553,0.951155
FKIT,Y+X2_M3_r1,pear,554,0.953097
FKIT,Y+X2_M3_r1,pear,555,0.952285
FKIT,Y+X2_M3_r1,pear,556,0.956383
FKIT,Y+X2_M3_r1,pear,557,0.956757
FKIT,Y+X2_M3_r1,pear,558,0.958736
FKIT,Y+X2_M3_r1,pear,559,0.959229
FKIT,Y+X2_M3_r1,pear,560,0.959483
FKIT,Y+X2_M3_r1,pear,561,0.957814
FKIT,Y+X2_M3_r1,pear,562,0.960125
FKIT,Y+X2_M3_r1,pear,563,0.959705
FKIT,Y+X2_M3_r1,pear,564,0.953168
FKIT,Y+X2_M3_r1,pear,565,0.955458
FKIT,Y+X2_M3_r1,pear,566,0.956130
FKIT,Y+X2_M3_r1,pear,567,0.958277
FKIT,Y+X2_M3_r1,pear,568,0.962667
FKIT,Y+X2_M3_r1,pear,569,0.960128
FKIT,Y+X2_M3_r1,pear,570,0.960886
FKIT,Y+X2_M3_r1,pear,571,0.957569
FKIT,Y+X2_M3_r1,pear,572,0.963083
FKIT,Y+X2_M3_r1,pear,573,0.964506
FKIT,Y+X2_M3_r1,pear,574,0.961514
FKIT,Y+X2_M3_r1,pear,575,0.962527
FKIT,Y+X2_M3_r1,pear,576,0.966021
FKIT,Y+X2_M3_r1,pear,577,0.969610
FKIT,Y+X2_M3_r1,pear,578,0.971595
FKIT,Y+X2_M3_r1,pear,579,0.970941
FKIT,Y+X2_M3_r1,pear,580,0.967712
FKIT,Y+X2_M3_r1,pear,581,0.969315
FKIT,Y+X2_M3_r1,pear,582,0.971547
FKIT,Y+X2_M3_r1,pear,583,0.973921
FKIT,Y+X2_M3_r1,pear,584,0.976355
FKIT,Y+X2_M3_r1,pear,585,0.973469
FKIT,Y+X2_M3_r1,pear,586,0.973080
FKIT,Y+X2_M3_r1,pear,587,0.974918
FKIT,Y+X2_M3_r1,pear,588,0.976394
FKIT,Y+X2_M3_r1,pear,589,0.972045
FKIT,Y+X2_M3_r1,pear,590,0.974717
FKIT,Y+X2_M3_r1,pear,591,0.974524
FKIT,Y+X2_M3_r1,pear,592,0.981185
FKIT,Y+X2_M3_r1,pear,593,0.978630
FKIT,Y+X2_M3_r1,pear,594,0.978227
FKIT,Y+X2_M3_r1,pear,595,0.977070
FKIT,Y+X2_M3_r1,pear,596,0.976850
FKIT,Y+X2_M3_r1,pear,597,0.980715
FKIT,Y+X2_M3_r1,pear,598,0.978565
FKIT,Y+X2_M3_r1,pear,599,0.975920
FKIT,Y+X2_M3_r1,pear,600,0.977986
FKIT,Y+X2_M3_r1,pear,601,0.976082
FKIT,Y+X2_M3_r1,pear,602,0.977228
FKIT,Y+X2_M3_r1,pear,603,0.978727
FKIT,Y+X2_M3_r1,pear,604,0.981783
FKIT,Y+X2_M3_r1,pear,605,0.980413
FKIT,Y+X2_M3_r1,pear,606,0.981810
FKIT,Y+X2_M3_r1,pear,607,0.984317
FKIT,Y+X2_M3_r1,pear,608,0.981914
FKIT,Y+X2_M3_r1,pear,609,0.986049
FKIT,Y+X2_M3_r1,pear,610,0.991796
FKIT,Y+X2_M3_r1,pear,611,0.989453
FKIT,Y+X2_M3_r1,pear,612,0.984058
FKIT,Y+X2_M3_r1,pear,613,0.984980
FKIT,Y+X2_M3_r1,pear,614,0.988906
FKIT,Y+X2_M3_r1,pear,615,0.985890
FKIT,Y+X2_M3_r1,pear,616,0.988813
FKIT,Y+X2_M3_r1,pear,617,0.989439
FKIT,Y+X2_M3_r1,pear,618,0.986224
FKIT,Y+X2_M3_r1,pear,619,0.988287
FKIT,Y+X2_M3_r1,pear,620,0.990356
FKIT,Y+X2_M3_r1,pear,621,0.988488
FKIT,Y+X2_M3_r1,pear,622,0.986083
FKIT,Y+X2_M3_r1,pear,623,0.987746
FKIT,Y+X2_M3_r1,pear,624,0.986361
FKIT,Y+X2_M3_r1,pear,625,0.986344
FKIT,Y+X2_M3_r1,pear,626,0.991389
FKIT,Y+X2_M3_r1,pear,627,0.990719
FKIT,Y+X2_M3_r1,pear,628,0.990772
FKIT,Y+X2_M3_r1,pear,629,0.990543
FKIT,Y+X2_M3_r1,pear,630,0.991268
FKIT,Y+X2_M3_r1,pear,631,0.989370
FKIT,Y+X2_M3_r1,pear,632,0.986150
FKIT,Y+X2_M3_r1,pear,633,0.987896
FKIT,Y+X2_M3_r1,pear,634,0.988129
FKIT,Y+X2_M3_r1,pear,635,0.989255
FKIT,Y+X2_M3_r1,pear,636,0.989255
FKIT,Y+X2_M3_r1,pear,637,0.991585
FKIT,Y+X2_M3_r1,pear,638,0.989395
FKIT,Y+X2_M3_r1,pear,639,0.988799
FKIT,Y+X2_M3_r1,pear,640,0.990120
FKIT,Y+X2_M3_r1,pear,641,0.989635
FKIT,Y+X2_M3_r1,pear,642,0.990087
FKIT,Y+X2_M3_r1,pear,643,0.986465
FKIT,Y+X2_M3_r1,pear,644,0.990379
FKIT,Y+X2_M3_r1,pear,645,0.989205
FKIT,Y+X2_M3_r1,pear,646,0.989111
FKIT,Y+X2_M3_r1,pear,647,0.992129
FKIT,Y+X2_M3_r1,pear,648,0.988634
FKIT,Y+X2_M3_r1,pear,649,0.989109
FKIT,Y+X2_M3_r1,pear,650,0.987186
FKIT,Y+X2_M3_r1,pear,651,0.988921
FKIT,Y+X2_M3_r1,pear,652,0.989903
FKIT,Y+X2_M3_r1,pear,653,0.987563
FKIT,Y+X2_M3_r1,pear,654,0.991317
FKIT,Y+X2_M3_r1,pear,655,0.991680
FKIT,Y+X2_M3_r1,pear,656,0.990816
FKIT,Y+X2_M3_r1,pear,657,0.990776
FKIT,Y+X2_M3_r1,pear,658,0.990468
FKIT,Y+X2_M3_r1,pear,659,0.992258
FKIT,Y+X2_M3_r1,pear,660,0.988021
FKIT,Y+X2_M3_r1,pear,661,0.991606
FKIT,Y+X2_M3_r1,pear,662,0.987161
FKIT,Y+X2_M3_r1,pear,663,0.988533
FKIT,Y+X2_M3_r1,pear,664,0.988360
FKIT,Y+X2_M3_r1,pear,665,0.985020
FKIT,Y+X2_M3_r1,pear,666,0.987706
FKIT,Y+X2_M3_r1,pear,667,0.987611
FKIT,Y+X2_M3_r1,pear,668,0.983692
FKIT,Y+X2_M3_r1,pear,669,0.990994
FKIT,Y+X2_M3_r1,pear,670,0.987366
FKIT,Y+X2_M3_r1,pear,671,0.986353
FKIT,Y+X2_M3_r1,pear,672,0.979893
FKIT,Y+X2_M3_r1,pear,673,0.986746
FKIT,Y+X2_M3_r1,pear,674,0.983418
FKIT,Y+X2_M3_r1,pear,675,0.969070
FKIT,Y+X2_M3_r1,pear,676,0.977484
FKIT,Y+X2_M3_r1,pear,677,0.973002
FKIT,Y+X2_M3_r1,pear,678,0.971746
FKIT,Y+X2_M3_r1,pear,679,0.966067
FKIT,Y+X2_M3_r1,pear,680,0.973899
FKIT,Y+X2_M3_r1,pear,681,0.966537
FKIT,Y+X2_M3_r1,pear,682,0.963018
FKIT,Y+X2_M3_r1,pear,683,0.961767
FKIT,Y+X2_M3_r1,pear,684,0.959557
FKIT,Y+X2_M3_r1,pear,685,0.960338
FKIT,Y+X2_M3_r1,pear,686,0.961773
FKIT,Y+X2_M3_r1,pear,687,0.962542
FKIT,Y+X2_M3_r1,pear,688,0.955509
FKIT,Y+X2_M3_r1,pear,689,0.961401
FKIT,Y+X2_M3_r1,pear,690,0.956057
FKIT,Y+X2_M3_r1,pear,691,0.960104
FKIT,Y+X2_M3_r1,pear,692,0.957567
FKIT,Y+X2_M3_r1,pear,693,0.959216
FKIT,Y+X2_M3_r1,pear,694,0.956315
FKIT,Y+X2_M3_r1,pear,695,0.956866
FKIT,Y+X2_M3_r1,pear,696,0.959076
FKIT,Y+X2_M3_r1,pear,697,0.956452
FKIT,Y+X2_M3_r1,pear,698,0.958032
FKIT,Y+X2_M3_r1,pear,699,0.958868
FKIT,Y+X2_M3_r1,pear,700,0.957471
FKIT,Y+X2_M3_r1,pear,701,0.956868
FKIT,Y+X2_M3_r1,pear,702,0.949277
FKIT,Y+X2_M3_r1,pear,703,0.953458
FKIT,Y+X2_M3_r1,pear,704,0.953386
FKIT,Y+X2_M3_r1,pear,705,0.950581
FKIT,Y+X2_M3_r1,pear,706,0.954449
FKIT,Y+X2_M3_r1,pear,707,0.953738
FKIT,Y+X2_M3_r1,pear,708,0.951040
FKIT,Y+X2_M3_r1,pear,709,0.949272
FKIT,Y+X2_M3_r1,pear,710,0.944014
FKIT,Y+X2_M3_r1,pear,711,0.948646
FKIT,Y+X2_M3_r1,pear,712,0.946288
FKIT,Y+X2_M3_r1,pear,713,0.945302
FKIT,Y+X2_M3_r1,pear,714,0.943182
FKIT,Y+X2_M3_r1,pear,715,0.939419
FKIT,Y+X2_M3_r1,pear,716,0.941419
FKIT,Y+X2_M3_r1,pear,717,0.942428
FKIT,Y+X2_M3_r1,pear,718,0.944830
FKIT,Y+X2_M3_r1,pear,719,0.941836
FKIT,Y+X2_M3_r1,pear,720,0.943856
FKIT,Y+X2_M3_r1,pear,721,0.947641
FKIT,Y+X2_M3_r1,pear,722,0.944878
FKIT,Y+X2_M3_r1,pear,723,0.946146
FKIT,Y+X2_M3_r1,pear,724,0.943945
FKIT,Y+X2_M3_r1,pear,725,0.946365
FKIT,Y+X2_M3_r1,pear,726,0.950382
FKIT,Y+X2_M3_r1,pear,727,0.950764
FKIT,Y+X2_M3_r1,pear,728,0.951424
FKIT,Y+X2_M3_r1,pear,729,0.948931
FKIT,Y+X2_M3_r1,pear,730,0.948890
FKIT,Y+X2_M3_r1,pear,731,0.950279
FKIT,Y+X2_M3_r1,pear,732,0.948649
FKIT,Y+X2_M3_r1,pear,733,0.951811
FKIT,Y+X2_M3_r1,pear,734,0.952004
FKIT,Y+X2_M3_r1,pear,735,0.945980
FKIT,Y+X2_M3_r1,pear,736,0.951407
FKIT,Y+X2_M3_r1,pear,737,0.948670
FKIT,Y+X2_M3_r1,pear,738,0.950583
FKIT,Y+X2_M3_r1,pear,739,0.951752
FKIT,Y+X2_M3_r1,pear,740,0.955515
FKIT,Y+X2_M3_r1,pear,741,0.952836
FKIT,Y+X2_M3_r1,pear,742,0.954545
FKIT,Y+X2_M3_r1,pear,743,0.955078
FKIT,Y+X2_M3_r1,pear,744,0.954790
FKIT,Y+X2_M3_r1,pear,745,0.956975
FKIT,Y+X2_M3_r1,pear,746,0.954654
FKIT,Y+X2_M3_r1,pear,747,0.956358
FKIT,Y+X2_M3_r1,pear,748,0.952790
FKIT,Y+X2_M3_r1,pear,749,0.955231
FKIT,Y+X2_M3_r1,pear,750,0.951960
FKIT,Y+X2_M3_r1,pear,751,0.953924
FKIT,Y+X2_M3_r1,pear,752,0.954320
FKIT,Y+X2_M3_r1,pear,753,0.956172
FKIT,Y+X2_M3_r1,pear,754,0.952800
FKIT,Y+X2_M3_r1,pear,755,0.953891
FKIT,Y+X2_M3_r1,pear,756,0.952228
FKIT,Y+X2_M3_r1,pear,757,0.954065
FKIT,Y+X2_M3_r1,pear,758,0.955306
FKIT,Y+X2_M3_r1,pear,759,0.955078
FKIT,Y+X2_M3_r1,pear,760,0.953862
FKIT,Y+X2_M3_r1,pear,761,0.952395
FKIT,Y+X2_M3_r1,pear,762,0.956340
FKIT,Y+X2_M3_r1,pear,763,0.960721
FKIT,Y+X2_M3_r1,pear,764,0.956266
FKIT,Y+X2_M3_r1,pear,765,0.956316
FKIT,Y+X2_M3_r1,pear,766,0.961262
FKIT,Y+X2_M3_r1,pear,767,0.964858
FKIT,Y+X2_M3_r1,pear,768,0.963794
FKIT,Y+X2_M3_r1,pear,769,0.966206
FKIT,Y+X2_M3_r1,pear,770,0.967280
FKIT,Y+X2_M3_r1,pear,771,0.968618
FKIT,Y+X2_M3_r1,pear,772,0.972844
FKIT,Y+X2_M3_r1,pear,773,0.972632
FKIT,Y+X2_M3_r1,pear,774,0.973426
FKIT,Y+X2_M3_r1,pear,775,0.978013
FKIT,Y+X2_M3_r1,pear,776,0.977369
FKIT,Y+X2_M3_r1,pear,777,0.983448
FKIT,Y+X2_M3_r1,pear,778,0.987165
FKIT,Y+X2_M3_r1,pear,779,0.991495
FKIT,Y+X2_M3_r1,pear,780,0.995402
FKIT,Y+X2_M3_r1,pear,781,0.994606
FKIT,Y+X2_M3_r1,pear,782,0.992730
FKIT,Y+X2_M3_r1,pear,783,0.994725
FKIT,Y+X2_M3_r1,pear,784,0.995111
FKIT,Y+X2_M3_r1,pear,785,0.994273
FKIT,Y+X2_M3_r1,pear,786,0.995844
FKIT,Y+X2_M3_r1,pear,787,0.992155
FKIT,Y+X2_M3_r1,pear,788,0.995469
FKIT,Y+X2_M3_r1,pear,789,0.992361
FKIT,Y+X2_M3_r1,pear,790,0.993140
FKIT,Y+X2_M3_r1,pear,791,0.993341
FKIT,Y+X2_M3_r1,pear,792,0.995624
FKIT,Y+X2_M3_r1,pear,793,0.994621
FKIT,Y+X2_M3_r1,pear,794,0.994751
FKIT,Y+X2_M3_r1,pear,795,0.993000
FKIT,Y+X2_M3_r1,pear,796,0.992290
FKIT,Y+X2_M3_r1,pear,797,0.995521
FKIT,Y+X2_M3_r1,pear,798,0.992506
FKIT,Y+X2_M3_r1,pear,799,0.991933
FKIT,Y+X2_M3_r1,pear,800,0.993511
FKIT,Y+X2_M3_r1,pear,801,0.990395
FKIT,Y+X2_M3_r1,pear,802,0.989838
FKIT,Y+X2_M3_r1,pear,803,0.994027
FKIT,Y+X2_M3_r1,pear,804,0.991302
FKIT,Y+X2_M3_r1,pear,805,0.995257
FKIT,Y+X2_M3_r1,pear,806,0.990723
FKIT,Y+X2_M3_r1,pear,807,0.993019
FKIT,Y+X2_M3_r1,pear,808,0.990242
FKIT,Y+X2_M3_r1,pear,809,0.992525
FKIT,Y+X2_M3_r1,pear,810,0.991626
FKIT,Y+X2_M3_r1,pear,811,0.991010
FKIT,Y+X2_M3_r1,pear,812,0.986925
FKIT,Y+X2_M3_r1,pear,813,0.987560
FKIT,Y+X2_M3_r1,pear,814,0.987342
FKIT,Y+X2_M3_r1,pear,815,0.989644
FKIT,Y+X2_M3_r1,pear,816,0.989564
FKIT,Y+X2_M3_r1,pear,817,0.991932
FKIT,Y+X2_M3_r1,pear,818,0.990296
FKIT,Y+X2_M3_r1,pear,819,0.987452
FKIT,Y+X2_M3_r1,pear,820,0.979071
FKIT,Y+X2_M3_r1,pear,821,0.981429
FKIT,Y+X2_M3_r1,pear,822,0.984834
FKIT,Y+X2_M3_r1,pear,823,0.978690
FKIT,Y+X2_M3_r1,pear,824,0.987818
FKIT,Y+X2_M3_r1,pear,825,0.981081
FKIT,Y+X2_M3_r1,pear,826,0.982107
FKIT,Y+X2_M3_r1,pear,827,0.989988
FKIT,Y+X2_M3_r1,pear,828,0.989430
FKIT,Y+X2_M3_r1,pear,829,0.988713
FKIT,Y+X2_M3_r1,pear,830,0.991073
FKIT,Y+X2_M3_r1,pear,831,0.987067
FKIT,Y+X2_M3_r1,pear,832,0.988125
FKIT,Y+X2_M3_r1,pear,833,0.989103
FKIT,Y+X2_M3_r1,pear,834,0.986566
FKIT,Y+X2_M3_r1,pear,835,0.990264
FKIT,Y+X2_M3_r1,pear,836,0.989246
FKIT,Y+X2_M3_r1,pear,837,0.983331
FKIT,Y+X2_M3_r1,pear,838,0.988697
FKIT,Y+X2_M3_r1,pear,839,0.991377
FKIT,Y+X2_M3_r1,pear,840,0.987421
FKIT,Y+X2_M3_r1,pear,841,0.987119
FKIT,Y+X2_M3_r1,pear,842,0.989520
FKIT,Y+X2_M3_r1,pear,843,0.988112
FKIT,Y+X2_M3_r1,pear,844,0.990548
FKIT,Y+X2_M3_r1,pear,845,0.987360
FKIT,Y+X2_M3_r1,pear,846,0.987387
FKIT,Y+X2_M3_r1,pear,847,0.990014
FKIT,Y+X2_M3_r1,pear,848,0.987521
FKIT,Y+X2_M3_r1,samosa,0,0.647922
FKIT,Y+X2_M3_r1,samosa,1,0.644413
FKIT,Y+X2_M3_r1,samosa,2,0.643994
FKIT,Y+X2_M3_r1,samosa,3,0.641831
FKIT,Y+X2_M3_r1,samosa,4,0.642764
FKIT,Y+X2_M3_r1,samosa,5,0.644863
FKIT,Y+X2_M3_r1,samosa,6,0.646365
FKIT,Y+X2_M3_r1,samosa,7,0.648645
FKIT,Y+X2_M3_r1,samosa,8,0.648764
FKIT,Y+X2_M3_r1,samosa,9,0.653752
FKIT,Y+X2_M3_r1,samosa,10,0.653619
FKIT,Y+X2_M3_r1,samosa,11,0.652305
FKIT,Y+X2_M3_r1,samosa,12,0.651731
FKIT,Y+X2_M3_r1,samosa,13,0.672724
FKIT,Y+X2_M3_r1,samosa,14,0.713654
FKIT,Y+X2_M3_r1,samosa,15,0.707490
FKIT,Y+X2_M3_r1,samosa,16,0.667663
FKIT,Y+X2_M3_r1,samosa,17,0.638592
FKIT,Y+X2_M3_r1,samosa,18,0.631913
FKIT,Y+X2_M3_r1,samosa,19,0.647070
FKIT,Y+X2_M3_r1,samosa,20,0.653417
FKIT,Y+X2_M3_r1,samosa,21,0.662807
FKIT,Y+X2_M3_r1,samosa,22,0.659848
FKIT,Y+X2_M3_r1,samosa,23,0.650335
FKIT,Y+X2_M3_r1,samosa,24,0.646746
FKIT,Y+X2_M3_r1,samosa,25,0.677488
FKIT,Y+X2_M3_r1,samosa,26,0.704438
FKIT,Y+X2_M3_r1,samosa,27,0.709772
FKIT,Y+X2_M3_r1,samosa,28,0.729080
FKIT,Y+X2_M3_r1,samosa,29,0.770290
FKIT,Y+X2_M3_r1,samosa,30,0.798437
FKIT,Y+X2_M3_r1,samosa,31,0.826030
FKIT,Y+X2_M3_r1,samosa,32,0.821033
FKIT,Y+X2_M3_r1,samosa,33,0.792557
FKIT,Y+X2_M3_r1,samosa,34,0.779239
FKIT,Y+X2_M3_r1,samosa,35,0.757504
FKIT,Y+X2_M3_r1,samosa,36,0.759584
FKIT,Y+X2_M3_r1,samosa,37,0.761285
FKIT,Y+X2_M3_r1,samosa,38,0.764305
FKIT,Y+X2_M3_r1,samosa,39,0.740065
FKIT,Y+X2_M3_r1,samosa,40,0.716988
FKIT,Y+X2_M3_r1,samosa,41,0.709341
FKIT,Y+X2_M3_r1,samosa,42,0.710770
FKIT,Y+X2_M3_r1,samosa,43,0.701857
FKIT,Y+X2_M3_r1,samosa,44,0.694370
FKIT,Y+X2_M3_r1,samosa,45,0.689918
FKIT,Y+X2_M3_r1,samosa,46,0.706965
FKIT,Y+X2_M3_r1,samosa,47,0.703583
FKIT,Y+X2_M3_r1,samosa,48,0.705875
FKIT,Y+X2_M3_r1,samosa,49,0.709313
FKIT,Y+X2_M3_r1,samosa,50,0.719295
FKIT,Y+X2_M3_r1,samosa,51,0.785318
FKIT,Y+X2_M3_r1,samosa,52,0.935966
FKIT,Y+X2_M3_r1,samosa,53,0.942727
FKIT,Y+X2_M3_r1,samosa,54,0.948347
FKIT,Y+X2_M3_r1,samosa,55,0.946282
FKIT,Y+X2_M3_r1,samosa,56,0.925322
FKIT,Y+X2_M3_r1,samosa,57,0.910230
FKIT,Y+X2_M3_r1,samosa,58,0.946644
FKIT,Y+X2_M3_r1,samosa,59,0.947627
FKIT,Y+X2_M3_r1,samosa,60,0.947358
FKIT,Y+X2_M3_r1,samosa,61,0.949899
FKIT,Y+X2_M3_r1,samosa,62,0.948239
FKIT,Y+X2_M3_r1,samosa,63,0.950132
FKIT,Y+X2_M3_r1,samosa,64,0.948370
FKIT,Y+X2_M3_r1,samosa,65,0.948958
FKIT,Y+X2_M3_r1,samosa,66,0.946297
FKIT,Y+X2_M3_r1,samosa,67,0.947200
FKIT,Y+X2_M3_r1,samosa,68,0.950911
FKIT,Y+X2_M3_r1,samosa,69,0.947224
FKIT,Y+X2_M3_r1,samosa,70,0.946312
FKIT,Y+X2_M3_r1,samosa,71,0.946630
FKIT,Y+X2_M3_r1,samosa,72,0.949822
FKIT,Y+X2_M3_r1,samosa,73,0.947117
FKIT,Y+X2_M3_r1,samosa,74,0.951467
FKIT,Y+X2_M3_r1,samosa,75,0.951806
FKIT,Y+X2_M3_r1,samosa,76,0.950066
FKIT,Y+X2_M3_r1,samosa,77,0.949702
FKIT,Y+X2_M3_r1,samosa,78,0.950303
FKIT,Y+X2_M3_r1,samosa,79,0.951549
FKIT,Y+X2_M3_r1,samosa,80,0.949940
FKIT,Y+X2_M3_r1,samosa,81,0.946359
FKIT,Y+X2_M3_r1,samosa,82,0.949504
FKIT,Y+X2_M3_r1,samosa,83,0.947016
FKIT,Y+X2_M3_r1,samosa,84,0.944208
FKIT,Y+X2_M3_r1,samosa,85,0.952126
FKIT,Y+X2_M3_r1,samosa,86,0.946599
FKIT,Y+X2_M3_r1,samosa,87,0.946605
FKIT,Y+X2_M3_r1,samosa,88,0.948058
FKIT,Y+X2_M3_r1,samosa,89,0.949073
FKIT,Y+X2_M3_r1,samosa,90,0.948618
FKIT,Y+X2_M3_r1,samosa,91,0.943928
FKIT,Y+X2_M3_r1,samosa,92,0.948551
FKIT,Y+X2_M3_r1,samosa,93,0.950165
FKIT,Y+X2_M3_r1,samosa,94,0.951054
FKIT,Y+X2_M3_r1,samosa,95,0.951655
FKIT,Y+X2_M3_r1,samosa,96,0.951274
FKIT,Y+X2_M3_r1,samosa,97,0.952218
FKIT,Y+X2_M3_r1,samosa,98,0.950024
FKIT,Y+X2_M3_r1,samosa,99,0.952494
FKIT,Y+X2_M3_r1,samosa,100,0.948073
FKIT,Y+X2_M3_r1,samosa,101,0.947222
FKIT,Y+X2_M3_r1,samosa,102,0.945421
FKIT,Y+X2_M3_r1,samosa,103,0.944862
FKIT,Y+X2_M3_r1,samosa,104,0.949445
FKIT,Y+X2_M3_r1,samosa,105,0.948800
FKIT,Y+X2_M3_r1,samosa,106,0.946023
FKIT,Y+X2_M3_r1,samosa,107,0.945430
FKIT,Y+X2_M3_r1,samosa,108,0.948806
FKIT,Y+X2_M3_r1,samosa,109,0.949467
FKIT,Y+X2_M3_r1,samosa,110,0.950364
FKIT,Y+X2_M3_r1,samosa,111,0.950103
FKIT,Y+X2_M3_r1,samosa,112,0.947162
FKIT,Y+X2_M3_r1,samosa,113,0.948745
FKIT,Y+X2_M3_r1,samosa,114,0.949580
FKIT,Y+X2_M3_r1,samosa,115,0.950013
FKIT,Y+X2_M3_r1,samosa,116,0.950643
FKIT,Y+X2_M3_r1,samosa,117,0.952304
FKIT,Y+X2_M3_r1,samosa,118,0.947775
FKIT,Y+X2_M3_r1,samosa,119,0.947899
FKIT,Y+X2_M3_r1,samosa,120,0.945582
FKIT,Y+X2_M3_r1,samosa,121,0.946874
FKIT,Y+X2_M3_r1,samosa,122,0.949703
FKIT,Y+X2_M3_r1,samosa,123,0.945492
FKIT,Y+X2_M3_r1,samosa,124,0.951934
FKIT,Y+X2_M3_r1,samosa,125,0.951410
FKIT,Y+X2_M3_r1,samosa,126,0.951297
FKIT,Y+X2_M3_r1,samosa,127,0.945472
FKIT,Y+X2_M3_r1,samosa,128,0.947426
FKIT,Y+X2_M3_r1,samosa,129,0.944305
FKIT,Y+X2_M3_r1,samosa,130,0.949471
FKIT,Y+X2_M3_r1,samosa,131,0.948360
FKIT,Y+X2_M3_r1,samosa,132,0.951315
FKIT,Y+X2_M3_r1,samosa,133,0.951024
FKIT,Y+X2_M3_r1,samosa,134,0.937865
FKIT,Y+X2_M3_r1,samosa,135,0.935481
FKIT,Y+X2_M3_r1,samosa,136,0.941699
FKIT,Y+X2_M3_r1,samosa,137,0.947428
FKIT,Y+X2_M3_r1,samosa,138,0.948608
FKIT,Y+X2_M3_r1,samosa,139,0.949009
FKIT,Y+X2_M3_r1,samosa,140,0.948856
FKIT,Y+X2_M3_r1,samosa,141,0.947308
FKIT,Y+X2_M3_r1,samosa,142,0.947770
FKIT,Y+X2_M3_r1,samosa,143,0.948318
FKIT,Y+X2_M3_r1,samosa,144,0.956577
FKIT,Y+X2_M3_r1,samosa,145,0.951065
FKIT,Y+X2_M3_r1,samosa,146,0.953248
FKIT,Y+X2_M3_r1,samosa,147,0.944998
FKIT,Y+X2_M3_r1,samosa,148,0.945508
FKIT,Y+X2_M3_r1,samosa,149,0.945671
FKIT,Y+X2_M3_r1,samosa,150,0.944045
FKIT,Y+X2_M3_r1,samosa,151,0.949557
FKIT,Y+X2_M3_r1,samosa,152,0.948892
FKIT,Y+X2_M3_r1,samosa,153,0.951991
FKIT,Y+X2_M3_r1,samosa,154,0.952629
FKIT,Y+X2_M3_r1,samosa,155,0.950945
FKIT,Y+X2_M3_r1,samosa,156,0.950148
FKIT,Y+X2_M3_r1,samosa,157,0.949010
FKIT,Y+X2_M3_r1,samosa,158,0.948455
FKIT,Y+X2_M3_r1,samosa,159,0.947447
FKIT,Y+X2_M3_r1,samosa,160,0.952438
FKIT,Y+X2_M3_r1,samosa,161,0.948840
FKIT,Y+X2_M3_r1,samosa,162,0.948976
FKIT,Y+X2_M3_r1,samosa,163,0.952987
FKIT,Y+X2_M3_r1,samosa,164,0.953744
FKIT,Y+X2_M3_r1,samosa,165,0.952617
FKIT,Y+X2_M3_r1,samosa,166,0.953042
FKIT,Y+X2_M3_r1,samosa,167,0.949300
FKIT,Y+X2_M3_r1,samosa,168,0.947075
FKIT,Y+X2_M3_r1,samosa,169,0.947837
FKIT,Y+X2_M3_r1,samosa,170,0.949141
FKIT,Y+X2_M3_r1,samosa,171,0.954566
FKIT,Y+X2_M3_r1,samosa,172,0.953021
FKIT,Y+X2_M3_r1,samosa,173,0.950264
FKIT,Y+X2_M3_r1,samosa,174,0.952122
FKIT,Y+X2_M3_r1,samosa,175,0.948983
FKIT,Y+X2_M3_r1,samosa,176,0.947574
FKIT,Y+X2_M3_r1,samosa,177,0.948071
FKIT,Y+X2_M3_r1,samosa,178,0.949339
FKIT,Y+X2_M3_r1,samosa,179,0.950329
FKIT,Y+X2_M3_r1,samosa,180,0.946744
FKIT,Y+X2_M3_r1,samosa,181,0.952483
FKIT,Y+X2_M3_r1,samosa,182,0.951753
FKIT,Y+X2_M3_r1,samosa,183,0.954018
FKIT,Y+X2_M3_r1,samosa,184,0.957352
FKIT,Y+X2_M3_r1,samosa,185,0.952432
FKIT,Y+X2_M3_r1,samosa,186,0.949256
FKIT,Y+X2_M3_r1,samosa,187,0.951588
FKIT,Y+X2_M3_r1,samosa,188,0.954019
FKIT,Y+X2_M3_r1,samosa,189,0.958901
FKIT,Y+X2_M3_r1,samosa,190,0.954873
FKIT,Y+X2_M3_r1,samosa,191,0.954281
FKIT,Y+X2_M3_r1,samosa,192,0.950750
FKIT,Y+X2_M3_r1,samosa,193,0.955293
FKIT,Y+X2_M3_r1,samosa,194,0.955047
FKIT,Y+X2_M3_r1,samosa,195,0.956219
FKIT,Y+X2_M3_r1,samosa,196,0.955160
FKIT,Y+X2_M3_r1,samosa,197,0.955573
FKIT,Y+X2_M3_r1,samosa,198,0.954690
FKIT,Y+X2_M3_r1,samosa,199,0.949872
FKIT,Y+X2_M3_r1,samosa,200,0.948686
FKIT,Y+X2_M3_r1,samosa,201,0.960449
FKIT,Y+X2_M3_r1,samosa,202,0.957680
FKIT,Y+X2_M3_r1,samosa,203,0.959078
FKIT,Y+X2_M3_r1,samosa,204,0.961968
FKIT,Y+X2_M3_r1,samosa,205,0.961085
FKIT,Y+X2_M3_r1,samosa,206,0.955254
FKIT,Y+X2_M3_r1,samosa,207,0.960911
FKIT,Y+X2_M3_r1,samosa,208,0.949343
FKIT,Y+X2_M3_r1,samosa,209,0.951682
FKIT,Y+X2_M3_r1,samosa,210,0.947859
FKIT,Y+X2_M3_r1,samosa,211,0.957787
FKIT,Y+X2_M3_r1,samosa,212,0.949687
FKIT,Y+X2_M3_r1,samosa,213,0.955226
FKIT,Y+X2_M3_r1,samosa,214,0.954216
FKIT,Y+X2_M3_r1,samosa,215,0.954376
FKIT,Y+X2_M3_r1,samosa,216,0.954099
FKIT,Y+X2_M3_r1,samosa,217,0.954368
FKIT,Y+X2_M3_r1,samosa,218,0.950324
FKIT,Y+X2_M3_r1,samosa,219,0.952436
FKIT,Y+X2_M3_r1,samosa,220,0.956880
FKIT,Y+X2_M3_r1,samosa,221,0.958223
FKIT,Y+X2_M3_r1,samosa,222,0.951944
FKIT,Y+X2_M3_r1,samosa,223,0.944943
FKIT,Y+X2_M3_r1,samosa,224,0.950992
FKIT,Y+X2_M3_r1,samosa,225,0.947618
FKIT,Y+X2_M3_r1,samosa,226,0.944594
FKIT,Y+X2_M3_r1,samosa,227,0.948083
FKIT,Y+X2_M3_r1,samosa,228,0.943420
FKIT,Y+X2_M3_r1,samosa,229,0.942027
FKIT,Y+X2_M3_r1,samosa,230,0.944911
FKIT,Y+X2_M3_r1,samosa,231,0.944968
FKIT,Y+X2_M3_r1,samosa,232,0.947762
FKIT,Y+X2_M3_r1,samosa,233,0.952938
FKIT,Y+X2_M3_r1,samosa,234,0.954422
FKIT,Y+X2_M3_r1,samosa,235,0.954435
FKIT,Y+X2_M3_r1,samosa,236,0.953589
FKIT,Y+X2_M3_r1,samosa,237,0.949269
FKIT,Y+X2_M3_r1,samosa,238,0.948705
FKIT,Y+X2_M3_r1,samosa,239,0.951601
FKIT,Y+X2_M3_r1,samosa,240,0.956511
FKIT,Y+X2_M3_r1,samosa,241,0.950695
FKIT,Y+X2_M3_r1,samosa,242,0.949216
FKIT,Y+X2_M3_r1,samosa,243,0.950282
FKIT,Y+X2_M3_r1,samosa,244,0.949718
FKIT,Y+X2_M3_r1,samosa,245,0.946028
FKIT,Y+X2_M3_r1,samosa,246,0.952982
FKIT,Y+X2_M3_r1,samosa,247,0.948949
FKIT,Y+X2_M3_r1,samosa,248,0.947026
FKIT,Y+X2_M3_r1,samosa,249,0.947590
FKIT,Y+X2_M3_r1,samosa,250,0.943198
FKIT,Y+X2_M3_r1,samosa,251,0.942664
FKIT,Y+X2_M3_r1,samosa,252,0.943735
FKIT,Y+X2_M3_r1,samosa,253,0.933546
FKIT,Y+X2_M3_r1,samosa,254,0.939337
FKIT,Y+X2_M3_r1,samosa,255,0.940430
FKIT,Y+X2_M3_r1,samosa,256,0.934046
FKIT,Y+X2_M3_r1,samosa,257,0.936886
FKIT,Y+X2_M3_r1,samosa,258,0.931454
FKIT,Y+X2_M3_r1,samosa,259,0.937631
FKIT,Y+X2_M3_r1,samosa,260,0.930744
FKIT,Y+X2_M3_r1,samosa,261,0.936874
FKIT,Y+X2_M3_r1,samosa,262,0.932339
FKIT,Y+X2_M3_r1,samosa,263,0.928909
FKIT,Y+X2_M3_r1,samosa,264,0.943282
FKIT,Y+X2_M3_r1,samosa,265,0.943363
FKIT,Y+X2_M3_r1,samosa,266,0.940095
FKIT,Y+X2_M3_r1,samosa,267,0.924347
FKIT,Y+X2_M3_r1,samosa,268,0.946062
FKIT,Y+X2_M3_r1,samosa,269,0.944256
FKIT,Y+X2_M3_r1,samosa,270,0.941060
FKIT,Y+X2_M3_r1,samosa,271,0.934850
FKIT,Y+X2_M3_r1,samosa,272,0.932246
FKIT,Y+X2_M3_r1,samosa,273,0.940304
FKIT,Y+X2_M3_r1,samosa,274,0.943868
FKIT,Y+X2_M3_r1,samosa,275,0.944673
FKIT,Y+X2_M3_r1,samosa,276,0.945646
FKIT,Y+X2_M3_r1,samosa,277,0.937720
FKIT,Y+X2_M3_r1,samosa,278,0.937575
FKIT,Y+X2_M3_r1,samosa,279,0.937431
FKIT,Y+X2_M3_r1,samosa,280,0.944764
FKIT,Y+X2_M3_r1,samosa,281,0.942803
FKIT,Y+X2_M3_r1,samosa,282,0.941118
FKIT,Y+X2_M3_r1,samosa,283,0.944107
FKIT,Y+X2_M3_r1,samosa,284,0.948499
FKIT,Y+X2_M3_r1,samosa,285,0.946815
FKIT,Y+X2_M3_r1,samosa,286,0.945545
FKIT,Y+X2_M3_r1,samosa,287,0.942745
FKIT,Y+X2_M3_r1,samosa,288,0.944737
FKIT,Y+X2_M3_r1,samosa,289,0.943156
FKIT,Y+X2_M3_r1,samosa,290,0.948077
FKIT,Y+X2_M3_r1,samosa,291,0.949337
FKIT,Y+X2_M3_r1,samosa,292,0.946602
FKIT,Y+X2_M3_r1,samosa,293,0.947103
FKIT,Y+X2_M3_r1,samosa,294,0.950573
FKIT,Y+X2_M3_r1,samosa,295,0.952102
FKIT,Y+X2_M3_r1,samosa,296,0.954156
FKIT,Y+X2_M3_r1,samosa,297,0.951139
FKIT,Y+X2_M3_r1,samosa,298,0.945143
FKIT,Y+X2_M3_r1,samosa,299,0.949067
FKIT,Y+X2_M3_r1,samosa,300,0.943509
FKIT,Y+X2_M3_r1,samosa,301,0.945832
FKIT,Y+X2_M3_r1,samosa,302,0.952408
FKIT,Y+X2_M3_r1,samosa,303,0.952950
FKIT,Y+X2_M3_r1,samosa,304,0.953504
FKIT,Y+X2_M3_r1,samosa,305,0.952162
FKIT,Y+X2_M3_r1,samosa,306,0.950274
FKIT,Y+X2_M3_r1,samosa,307,0.952293
FKIT,Y+X2_M3_r1,samosa,308,0.952047
FKIT,Y+X2_M3_r1,samosa,309,0.951492
FKIT,Y+X2_M3_r1,samosa,310,0.954560
FKIT,Y+X2_M3_r1,samosa,311,0.955287
FKIT,Y+X2_M3_r1,samosa,312,0.958083
FKIT,Y+X2_M3_r1,samosa,313,0.958179
FKIT,Y+X2_M3_r1,samosa,314,0.958470
FKIT,Y+X2_M3_r1,samosa,315,0.956136
FKIT,Y+X2_M3_r1,samosa,316,0.955062
FKIT,Y+X2_M3_r1,samosa,317,0.951378
FKIT,Y+X2_M3_r1,samosa,318,0.953041
FKIT,Y+X2_M3_r1,samosa,319,0.953181
FKIT,Y+X2_M3_r1,samosa,320,0.948525
FKIT,Y+X2_M3_r1,samosa,321,0.953419
FKIT,Y+X2_M3_r1,samosa,322,0.955461
FKIT,Y+X2_M3_r1,samosa,323,0.951734
FKIT,Y+X2_M3_r1,samosa,324,0.953635
FKIT,Y+X2_M3_r1,samosa,325,0.949768
FKIT,Y+X2_M3_r1,samosa,326,0.958074
FKIT,Y+X2_M3_r1,samosa,327,0.955465
FKIT,Y+X2_M3_r1,samosa,328,0.953710
FKIT,Y+X2_M3_r1,samosa,329,0.949775
FKIT,Y+X2_M3_r1,samosa,330,0.947215
FKIT,Y+X2_M3_r1,samosa,331,0.954019
FKIT,Y+X2_M3_r1,samosa,332,0.953687
FKIT,Y+X2_M3_r1,samosa,333,0.951786
FKIT,Y+X2_M3_r1,samosa,334,0.951134
FKIT,Y+X2_M3_r1,samosa,335,0.954447
FKIT,Y+X2_M3_r1,samosa,336,0.956964
FKIT,Y+X2_M3_r1,samosa,337,0.956470
FKIT,Y+X2_M3_r1,samosa,338,0.952111
FKIT,Y+X2_M3_r1,samosa,339,0.955678
FKIT,Y+X2_M3_r1,samosa,340,0.954584
FKIT,Y+X2_M3_r1,samosa,341,0.951012
FKIT,Y+X2_M3_r1,samosa,342,0.953281
FKIT,Y+X2_M3_r1,samosa,343,0.952293
FKIT,Y+X2_M3_r1,samosa,344,0.958767
FKIT,Y+X2_M3_r1,samosa,345,0.954841
FKIT,Y+X2_M3_r1,samosa,346,0.953446
FKIT,Y+X2_M3_r1,samosa,347,0.957409
FKIT,Y+X2_M3_r1,samosa,348,0.958609
FKIT,Y+X2_M3_r1,samosa,349,0.960843
FKIT,Y+X2_M3_r1,samosa,350,0.958420
FKIT,Y+X2_M3_r1,samosa,351,0.955046
FKIT,Y+X2_M3_r1,samosa,352,0.956463
FKIT,Y+X2_M3_r1,samosa,353,0.962673
FKIT,Y+X2_M3_r1,samosa,354,0.959593
FKIT,Y+X2_M3_r1,samosa,355,0.957344
FKIT,Y+X2_M3_r1,samosa,356,0.957595
FKIT,Y+X2_M3_r1,samosa,357,0.957888
FKIT,Y+X2_M3_r1,samosa,358,0.959068
FKIT,Y+X2_M3_r1,samosa,359,0.959535
FKIT,Y+X2_M3_r1,samosa,360,0.960021
FKIT,Y+X2_M3_r1,samosa,361,0.962077
FKIT,Y+X2_M3_r1,samosa,362,0.959311
FKIT,Y+X2_M3_r1,samosa,363,0.959281
FKIT,Y+X2_M3_r1,samosa,364,0.960781
FKIT,Y+X2_M3_r1,samosa,365,0.962786
FKIT,Y+X2_M3_r1,samosa,366,0.959478
FKIT,Y+X2_M3_r1,samosa,367,0.960317
FKIT,Y+X2_M3_r1,samosa,368,0.957147
FKIT,Y+X2_M3_r1,samosa,369,0.957812
FKIT,Y+X2_M3_r1,samosa,370,0.958397
FKIT,Y+X2_M3_r1,samosa,371,0.959156
FKIT,Y+X2_M3_r1,samosa,372,0.955381
FKIT,Y+X2_M3_r1,samosa,373,0.955786
FKIT,Y+X2_M3_r1,samosa,374,0.954783
FKIT,Y+X2_M3_r1,samosa,375,0.954275
FKIT,Y+X2_M3_r1,samosa,376,0.958275
FKIT,Y+X2_M3_r1,samosa,377,0.953908
FKIT,Y+X2_M3_r1,samosa,378,0.952839
FKIT,Y+X2_M3_r1,samosa,379,0.953718
FKIT,Y+X2_M3_r1,samosa,380,0.951457
FKIT,Y+X2_M3_r1,samosa,381,0.955675
FKIT,Y+X2_M3_r1,samosa,382,0.957988
FKIT,Y+X2_M3_r1,samosa,383,0.954533
FKIT,Y+X2_M3_r1,samosa,384,0.954821
FKIT,Y+X2_M3_r1,samosa,385,0.953053
FKIT,Y+X2_M3_r1,samosa,386,0.953791
FKIT,Y+X2_M3_r1,samosa,387,0.951600
FKIT,Y+X2_M3_r1,samosa,388,0.955671
FKIT,Y+X2_M3_r1,samosa,389,0.953702
FKIT,Y+X2_M3_r1,samosa,390,0.957498
FKIT,Y+X2_M3_r1,samosa,391,0.951740
FKIT,Y+X2_M3_r1,samosa,392,0.953060
FKIT,Y+X2_M3_r1,samosa,393,0.952958
FKIT,Y+X2_M3_r1,samosa,394,0.952809
FKIT,Y+X2_M3_r1,samosa,395,0.953058
FKIT,Y+X2_M3_r1,samosa,396,0.952007
FKIT,Y+X2_M3_r1,samosa,397,0.953317
FKIT,Y+X2_M3_r1,samosa,398,0.951765
FKIT,Y+X2_M3_r1,samosa,399,0.952106
FKIT,Y+X2_M3_r1,samosa,400,0.954256
FKIT,Y+X2_M3_r1,samosa,401,0.954295
FKIT,Y+X2_M3_r1,samosa,402,0.952003
FKIT,Y+X2_M3_r1,samosa,403,0.948488
FKIT,Y+X2_M3_r1,samosa,404,0.953019
FKIT,Y+X2_M3_r1,samosa,405,0.948773
FKIT,Y+X2_M3_r1,samosa,406,0.947033
FKIT,Y+X2_M3_r1,samosa,407,0.943428
FKIT,Y+X2_M3_r1,samosa,408,0.948208
FKIT,Y+X2_M3_r1,samosa,409,0.949356
FKIT,Y+X2_M3_r1,samosa,410,0.943783
FKIT,Y+X2_M3_r1,samosa,411,0.945492
FKIT,Y+X2_M3_r1,samosa,412,0.948623
FKIT,Y+X2_M3_r1,samosa,413,0.942641
FKIT,Y+X2_M3_r1,samosa,414,0.949006
FKIT,Y+X2_M3_r1,samosa,415,0.944139
FKIT,Y+X2_M3_r1,samosa,416,0.937206
FKIT,Y+X2_M3_r1,samosa,417,0.939763
FKIT,Y+X2_M3_r1,samosa,418,0.455964
FKIT,Y+X2_M3_r1,samosa,419,0.938529
FKIT,Y+X2_M3_r1,samosa,420,0.936605
FKIT,Y+X2_M3_r1,samosa,421,0.939966
FKIT,Y+X2_M3_r1,samosa,422,0.939476
FKIT,Y+X2_M3_r1,samosa,423,0.936699
FKIT,Y+X2_M3_r1,samosa,424,0.940890
FKIT,Y+X2_M3_r1,samosa,425,0.941028
FKIT,Y+X2_M3_r1,samosa,426,0.940115
FKIT,Y+X2_M3_r1,samosa,427,0.940346
FKIT,Y+X2_M3_r1,samosa,428,0.941390
FKIT,Y+X2_M3_r1,samosa,429,0.940036
FKIT,Y+X2_M3_r1,samosa,430,0.935705
FKIT,Y+X2_M3_r1,samosa,431,0.940717
FKIT,Y+X2_M3_r1,samosa,432,0.944976
FKIT,Y+X2_M3_r1,samosa,433,0.943719
FKIT,Y+X2_M3_r1,samosa,434,0.938796
FKIT,Y+X2_M3_r1,samosa,435,0.930543
FKIT,Y+X2_M3_r1,samosa,436,0.937667
FKIT,Y+X2_M3_r1,samosa,437,0.940262
FKIT,Y+X2_M3_r1,samosa,438,0.936662
FKIT,Y+X2_M3_r1,samosa,439,0.936185
FKIT,Y+X2_M3_r1,samosa,440,0.926979
FKIT,Y+X2_M3_r1,samosa,441,0.939084
FKIT,Y+X2_M3_r1,samosa,442,0.939243
FKIT,Y+X2_M3_r1,samosa,443,0.929252
FKIT,Y+X2_M3_r1,samosa,444,0.924584
FKIT,Y+X2_M3_r1,samosa,445,0.936820
FKIT,Y+X2_M3_r1,samosa,446,0.933106
FKIT,Y+X2_M3_r1,samosa,447,0.935306
FKIT,Y+X2_M3_r1,samosa,448,0.936377
FKIT,Y+X2_M3_r1,samosa,449,0.937086
FKIT,Y+X2_M3_r1,samosa,450,0.939042
FKIT,Y+X2_M3_r1,samosa,451,0.932367
FKIT,Y+X2_M3_r1,samosa,452,0.940673
FKIT,Y+X2_M3_r1,samosa,453,0.942013
FKIT,Y+X2_M3_r1,samosa,454,0.941687
FKIT,Y+X2_M3_r1,samosa,455,0.942109
FKIT,Y+X2_M3_r1,samosa,456,0.922585
FKIT,Y+X2_M3_r1,samosa,457,0.933314
FKIT,Y+X2_M3_r1,samosa,458,0.936612
FKIT,Y+X2_M3_r1,samosa,459,0.932792
FKIT,Y+X2_M3_r1,samosa,460,0.941133
FKIT,Y+X2_M3_r1,samosa,461,0.938796
FKIT,Y+X2_M3_r1,samosa,462,0.930936
FKIT,Y+X2_M3_r1,samosa,463,0.937175
FKIT,Y+X2_M3_r1,samosa,464,0.939672
FKIT,Y+X2_M3_r1,samosa,465,0.937833
FKIT,Y+X2_M3_r1,samosa,466,0.942129
FKIT,Y+X2_M3_r1,samosa,467,0.940064
FKIT,Y+X2_M3_r1,samosa,468,0.943667
FKIT,Y+X2_M3_r1,samosa,469,0.943611
FKIT,Y+X2_M3_r1,samosa,470,0.948674
FKIT,Y+X2_M3_r1,samosa,471,0.942694
FKIT,Y+X2_M3_r1,samosa,472,0.940675
FKIT,Y+X2_M3_r1,samosa,473,0.933213
FKIT,Y+X2_M3_r1,samosa,474,0.944151
FKIT,Y+X2_M3_r1,samosa,475,0.948706
FKIT,Y+X2_M3_r1,samosa,476,0.942160
FKIT,Y+X2_M3_r1,samosa,477,0.950372
FKIT,Y+X2_M3_r1,samosa,478,0.940726
FKIT,Y+X2_M3_r1,samosa,479,0.938432
FKIT,Y+X2_M3_r1,samosa,480,0.943787
FKIT,Y+X2_M3_r1,samosa,481,0.942178
FKIT,Y+X2_M3_r1,samosa,482,0.942555
FKIT,Y+X2_M3_r1,samosa,483,0.944142
FKIT,Y+X2_M3_r1,samosa,484,0.944840
FKIT,Y+X2_M3_r1,samosa,485,0.942210
FKIT,Y+X2_M3_r1,samosa,486,0.944815
FKIT,Y+X2_M3_r1,samosa,487,0.946484
FKIT,Y+X2_M3_r1,samosa,488,0.946360
FKIT,Y+X2_M3_r1,samosa,489,0.946442
FKIT,Y+X2_M3_r1,samosa,490,0.950184
FKIT,Y+X2_M3_r1,samosa,491,0.949932
FKIT,Y+X2_M3_r1,samosa,492,0.950893
FKIT,Y+X2_M3_r1,samosa,493,0.947395
FKIT,Y+X2_M3_r1,samosa,494,0.947808
FKIT,Y+X2_M3_r1,samosa,495,0.946988
FKIT,Y+X2_M3_r1,samosa,496,0.923723
FKIT,Y+X2_M3_r1,samosa,497,0.949484
FKIT,Y+X2_M3_r1,samosa,498,0.947746
FKIT,Y+X2_M3_r1,samosa,499,0.951206
FKIT,Y+X2_M3_r1,samosa,500,0.951432
FKIT,Y+X2_M3_r1,samosa,501,0.949532
FKIT,Y+X2_M3_r1,samosa,502,0.950918
FKIT,Y+X2_M3_r1,samosa,503,0.950676
FKIT,Y+X2_M3_r1,samosa,504,0.950188
FKIT,Y+X2_M3_r1,samosa,505,0.948057
FKIT,Y+X2_M3_r1,samosa,506,0.945463
FKIT,Y+X2_M3_r1,samosa,507,0.945695
FKIT,Y+X2_M3_r1,samosa,508,0.944444
FKIT,Y+X2_M3_r1,samosa,509,0.944388
FKIT,Y+X2_M3_r1,samosa,510,0.941341
FKIT,Y+X2_M3_r1,samosa,511,0.940911
FKIT,Y+X2_M3_r1,samosa,512,0.938389
FKIT,Y+X2_M3_r1,samosa,513,0.935629
FKIT,Y+X2_M3_r1,samosa,514,0.937671
FKIT,Y+X2_M3_r1,samosa,515,0.933141
FKIT,Y+X2_M3_r1,samosa,516,0.934837
FKIT,Y+X2_M3_r1,samosa,517,0.927700
FKIT,Y+X2_M3_r1,samosa,518,0.934506
FKIT,Y+X2_M3_r1,samosa,519,0.932119
FKIT,Y+X2_M3_r1,samosa,520,0.930043
FKIT,Y+X2_M3_r1,samosa,521,0.926555
FKIT,Y+X2_M3_r1,samosa,522,0.925845
FKIT,Y+X2_M3_r1,samosa,523,0.926011
FKIT,Y+X2_M3_r1,samosa,524,0.926371
FKIT,Y+X2_M3_r1,samosa,525,0.931768
FKIT,Y+X2_M3_r1,samosa,526,0.928644
FKIT,Y+X2_M3_r1,samosa,527,0.930041
FKIT,Y+X2_M3_r1,samosa,528,0.937954
FKIT,Y+X2_M3_r1,samosa,529,0.937019
FKIT,Y+X2_M3_r1,samosa,530,0.926376
FKIT,Y+X2_M3_r1,samosa,531,0.933007
FKIT,Y+X2_M3_r1,samosa,532,0.932682
FKIT,Y+X2_M3_r1,samosa,533,0.923704
FKIT,Y+X2_M3_r1,samosa,534,0.918592
FKIT,Y+X2_M3_r1,samosa,535,0.916616
FKIT,Y+X2_M3_r1,samosa,536,0.915510
FKIT,Y+X2_M3_r1,samosa,537,0.908133
FKIT,Y+X2_M3_r1,samosa,538,0.911990
FKIT,Y+X2_M3_r1,samosa,539,0.920933
FKIT,Y+X2_M3_r1,samosa,540,0.902796
FKIT,Y+X2_M3_r1,samosa,541,0.897659
FKIT,Y+X2_M3_r1,samosa,542,0.900291
FKIT,Y+X2_M3_r1,samosa,543,0.895479
FKIT,Y+X2_M3_r1,samosa,544,0.903666
FKIT,Y+X2_M3_r1,samosa,545,0.893281
FKIT,Y+X2_M3_r1,samosa,546,0.882497
FKIT,Y+X2_M3_r1,samosa,547,0.881067
FKIT,Y+X2_M3_r1,samosa,548,0.890852
FKIT,Y+X2_M3_r1,samosa,549,0.896843
FKIT,Y+X2_M3_r1,samosa,550,0.892735
FKIT,Y+X2_M3_r1,samosa,551,0.894257
FKIT,Y+X2_M3_r1,samosa,552,0.891816
FKIT,Y+X2_M3_r1,samosa,553,0.890845
FKIT,Y+X2_M3_r1,samosa,554,0.887537
FKIT,Y+X2_M3_r1,samosa,555,0.892189
FKIT,Y+X2_M3_r1,samosa,556,0.890053
FKIT,Y+X2_M3_r1,samosa,557,0.902336
FKIT,Y+X2_M3_r1,samosa,558,0.903905
FKIT,Y+X2_M3_r1,samosa,559,0.901042
FKIT,Y+X2_M3_r1,samosa,560,0.899034
FKIT,Y+X2_M3_r1,samosa,561,0.902453
FKIT,Y+X2_M3_r1,samosa,562,0.908533
FKIT,Y+X2_M3_r1,samosa,563,0.907394
FKIT,Y+X2_M3_r1,samosa,564,0.904966
FKIT,Y+X2_M3_r1,samosa,565,0.903800
FKIT,Y+X2_M3_r1,samosa,566,0.906093
FKIT,Y+X2_M3_r1,samosa,567,0.907500
FKIT,Y+X2_M3_r1,samosa,568,0.907207
FKIT,Y+X2_M3_r1,samosa,569,0.905900
FKIT,Y+X2_M3_r1,samosa,570,0.905176
FKIT,Y+X2_M3_r1,samosa,571,0.907576
FKIT,Y+X2_M3_r1,samosa,572,0.912390
FKIT,Y+X2_M3_r1,samosa,573,0.910385
FKIT,Y+X2_M3_r1,samosa,574,0.916909
FKIT,Y+X2_M3_r1,samosa,575,0.917864
FKIT,Y+X2_M3_r1,samosa,576,0.915717
FKIT,Y+X2_M3_r1,samosa,577,0.919498
FKIT,Y+X2_M3_r1,samosa,578,0.922547
FKIT,Y+X2_M3_r1,samosa,579,0.923719
FKIT,Y+X2_M3_r1,samosa,580,0.928314
FKIT,Y+X2_M3_r1,samosa,581,0.932578
FKIT,Y+X2_M3_r1,samosa,582,0.937867
FKIT,Y+X2_M3_r1,samosa,583,0.939034
FKIT,Y+X2_M3_r1,samosa,584,0.942140
FKIT,Y+X2_M3_r1,samosa,585,0.937951
FKIT,Y+X2_M3_r1,samosa,586,0.942053
FKIT,Y+X2_M3_r1,samosa,587,0.940826
FKIT,Y+X2_M3_r1,samosa,588,0.945470
FKIT,Y+X2_M3_r1,samosa,589,0.946278
FKIT,Y+X2_M3_r1,samosa,590,0.947584
FKIT,Y+X2_M3_r1,samosa,591,0.952772
FKIT,Y+X2_M3_r1,samosa,592,0.957734
FKIT,Y+X2_M3_r1,samosa,593,0.956341
FKIT,Y+X2_M3_r1,samosa,594,0.955875
FKIT,Y+X2_M3_r1,samosa,595,0.957698
FKIT,Y+X2_M3_r1,samosa,596,0.955003
FKIT,Y+X2_M3_r1,samosa,597,0.956348
FKIT,Y+X2_M3_r1,samosa,598,0.957681
FKIT,Y+X2_M3_r1,samosa,599,0.954680
FKIT,Y+X2_M3_r1,samosa,600,0.952210
FKIT,Y+X2_M3_r1,samosa,601,0.953182
FKIT,Y+X2_M3_r1,samosa,602,0.950575
FKIT,Y+X2_M3_r1,samosa,603,0.948556
FKIT,Y+X2_M3_r1,samosa,604,0.951170
FKIT,Y+X2_M3_r1,samosa,605,0.939652
FKIT,Y+X2_M3_r1,samosa,606,0.941810
FKIT,Y+X2_M3_r1,samosa,607,0.939059
FKIT,Y+X2_M3_r1,samosa,608,0.939506
FKIT,Y+X2_M3_r1,samosa,609,0.935036
FKIT,Y+X2_M3_r1,samosa,610,0.935710
FKIT,Y+X2_M3_r1,samosa,611,0.913559
FKIT,Y+X2_M3_r1,samosa,612,0.938205
FKIT,Y+X2_M3_r1,samosa,613,0.936761
FKIT,Y+X2_M3_r1,samosa,614,0.932532
FKIT,Y+X2_M3_r1,samosa,615,0.937771
FKIT,Y+X2_M3_r1,samosa,616,0.942395
FKIT,Y+X2_M3_r1,samosa,617,0.938717
FKIT,Y+X2_M3_r1,samosa,618,0.944602
FKIT,Y+X2_M3_r1,samosa,619,0.941164
FKIT,Y+X2_M3_r1,samosa,620,0.944963
FKIT,Y+X2_M3_r1,samosa,621,0.945690
FKIT,Y+X2_M3_r1,samosa,622,0.946739
FKIT,Y+X2_M3_r1,samosa,623,0.942238
FKIT,Y+X2_M3_r1,samosa,624,0.950674
FKIT,Y+X2_M3_r1,samosa,625,0.944574
FKIT,Y+X2_M3_r1,samosa,626,0.952045
FKIT,Y+X2_M3_r1,samosa,627,0.946604
FKIT,Y+X2_M3_r1,samosa,628,0.948190
FKIT,Y+X2_M3_r1,samosa,629,0.945396
FKIT,Y+X2_M3_r1,samosa,630,0.944937
FKIT,Y+X2_M3_r1,samosa,631,0.945134
FKIT,Y+X2_M3_r1,samosa,632,0.945804
FKIT,Y+X2_M3_r1,samosa,633,0.949484
FKIT,Y+X2_M3_r1,samosa,634,0.947688
FKIT,Y+X2_M3_r1,samosa,635,0.954371
FKIT,Y+X2_M3_r1,samosa,636,0.953784
FKIT,Y+X2_M3_r1,samosa,637,0.957105
FKIT,Y+X2_M3_r1,samosa,638,0.947567
FKIT,Y+X2_M3_r1,samosa,639,0.949594
FKIT,Y+X2_M3_r1,samosa,640,0.951658
FKIT,Y+X2_M3_r1,samosa,641,0.948289
FKIT,Y+X2_M3_r1,samosa,642,0.953842
FKIT,Y+X2_M3_r1,samosa,643,0.953850
FKIT,Y+X2_M3_r1,samosa,644,0.949236
FKIT,Y+X2_M3_r1,samosa,645,0.950034
FKIT,Y+X2_M3_r1,samosa,646,0.949039
FKIT,Y+X2_M3_r1,samosa,647,0.945801
FKIT,Y+X2_M3_r1,samosa,648,0.946029
FKIT,Y+X2_M3_r1,samosa,649,0.947047
FKIT,Y+X2_M3_r1,samosa,650,0.943359
FKIT,Y+X2_M3_r1,samosa,651,0.949063
FKIT,Y+X2_M3_r1,samosa,652,0.944295
FKIT,Y+X2_M3_r1,samosa,653,0.950748
FKIT,Y+X2_M3_r1,samosa,654,0.951849
FKIT,Y+X2_M3_r1,samosa,655,0.953818
FKIT,Y+X2_M3_r1,samosa,656,0.954946
FKIT,Y+X2_M3_r1,samosa,657,0.951398
FKIT,Y+X2_M3_r1,samosa,658,0.956383
FKIT,Y+X2_M3_r1,samosa,659,0.951293
FKIT,Y+X2_M3_r1,samosa,660,0.954897
FKIT,Y+X2_M3_r1,samosa,661,0.951732
FKIT,Y+X2_M3_r1,samosa,662,0.955130
FKIT,Y+X2_M3_r1,samosa,663,0.953516
FKIT,Y+X2_M3_r1,samosa,664,0.953728
FKIT,Y+X2_M3_r1,samosa,665,0.948014
FKIT,Y+X2_M3_r1,samosa,666,0.951021
FKIT,Y+X2_M3_r1,samosa,667,0.941653
FKIT,Y+X2_M3_r1,samosa,668,0.944267
FKIT,Y+X2_M3_r1,samosa,669,0.939569
FKIT,Y+X2_M3_r1,samosa,670,0.939150
FKIT,Y+X2_M3_r1,samosa,671,0.939809
FKIT,Y+X2_M3_r1,samosa,672,0.943236
FKIT,Y+X2_M3_r1,samosa,673,0.944194
FKIT,Y+X2_M3_r1,samosa,674,0.940982
FKIT,Y+X2_M3_r1,samosa,675,0.945189
FKIT,Y+X2_M3_r1,samosa,676,0.945355
FKIT,Y+X2_M3_r1,samosa,677,0.944449
FKIT,Y+X2_M3_r1,samosa,678,0.941908
FKIT,Y+X2_M3_r1,samosa,679,0.942320
FKIT,Y+X2_M3_r1,samosa,680,0.940797
FKIT,Y+X2_M3_r1,samosa,681,0.942271
FKIT,Y+X2_M3_r1,samosa,682,0.942900
FKIT,Y+X2_M3_r1,samosa,683,0.941511
FKIT,Y+X2_M3_r1,samosa,684,0.948417
FKIT,Y+X2_M3_r1,samosa,685,0.948501
FKIT,Y+X2_M3_r1,samosa,686,0.947257
FKIT,Y+X2_M3_r1,samosa,687,0.949008
FKIT,Y+X2_M3_r1,samosa,688,0.948666
FKIT,Y+X2_M3_r1,samosa,689,0.950146
FKIT,Y+X2_M3_r1,samosa,690,0.949887
FKIT,Y+X2_M3_r1,samosa,691,0.951997
FKIT,Y+X2_M3_r1,samosa,692,0.950933
FKIT,Y+X2_M3_r1,samosa,693,0.951036
FKIT,Y+X2_M3_r1,samosa,694,0.945169
FKIT,Y+X2_M3_r1,samosa,695,0.954474
FKIT,Y+X2_M3_r1,samosa,696,0.952828
FKIT,Y+X2_M3_r1,samosa,697,0.950848
FKIT,Y+X2_M3_r1,samosa,698,0.956766
FKIT,Y+X2_M3_r1,samosa,699,0.954465
FKIT,Y+X2_M3_r1,samosa,700,0.958748
FKIT,Y+X2_M3_r1,samosa,701,0.958547
FKIT,Y+X2_M3_r1,samosa,702,0.957076
FKIT,Y+X2_M3_r1,samosa,703,0.959556
FKIT,Y+X2_M3_r1,samosa,704,0.961437
FKIT,Y+X2_M3_r1,samosa,705,0.961292
FKIT,Y+X2_M3_r1,samosa,706,0.961939
FKIT,Y+X2_M3_r1,samosa,707,0.963204
FKIT,Y+X2_M3_r1,samosa,708,0.961901
FKIT,Y+X2_M3_r1,samosa,709,0.962724
FKIT,Y+X2_M3_r1,samosa,710,0.961261
FKIT,Y+X2_M3_r1,samosa,711,0.963134
FKIT,Y+X2_M3_r1,samosa,712,0.966001
FKIT,Y+X2_M3_r1,samosa,713,0.965286
FKIT,Y+X2_M3_r1,samosa,714,0.965337
FKIT,Y+X2_M3_r1,samosa,715,0.966693
FKIT,Y+X2_M3_r1,samosa,716,0.966469
FKIT,Y+X2_M3_r1,samosa,717,0.966166
FKIT,Y+X2_M3_r1,samosa,718,0.965810
FKIT,Y+X2_M3_r1,samosa,719,0.964131
FKIT,Y+X2_M3_r1,samosa,720,0.964940
FKIT,Y+X2_M3_r1,samosa,721,0.964167
FKIT,Y+X2_M3_r1,samosa,722,0.963856
FKIT,Y+X2_M3_r1,samosa,723,0.961249
FKIT,Y+X2_M3_r1,samosa,724,0.965058
FKIT,Y+X2_M3_r1,samosa,725,0.963439
FKIT,Y+X2_M3_r1,samosa,726,0.965526
FKIT,Y+X2_M3_r1,samosa,727,0.964445
FKIT,Y+X2_M3_r1,samosa,728,0.963284
FKIT,Y+X2_M3_r1,samosa,729,0.961386
FKIT,Y+X2_M3_r1,samosa,730,0.960474
FKIT,Y+X2_M3_r1,samosa,731,0.961048
FKIT,Y+X2_M3_r1,samosa,732,0.958831
FKIT,Y+X2_M3_r1,samosa,733,0.958465
FKIT,Y+X2_M3_r1,samosa,734,0.964366
FKIT,Y+X2_M3_r1,samosa,735,0.965118
FKIT,Y+X2_M3_r1,samosa,736,0.966115
FKIT,Y+X2_M3_r1,samosa,737,0.964498
FKIT,Y+X2_M3_r1,samosa,738,0.963964
FKIT,Y+X2_M3_r1,samosa,739,0.962299
FKIT,Y+X2_M3_r1,samosa,740,0.963820
FKIT,Y+X2_M3_r1,samosa,741,0.961439
FKIT,Y+X2_M3_r1,samosa,742,0.960019
FKIT,Y+X2_M3_r1,samosa,743,0.959460
FKIT,Y+X2_M3_r1,samosa,744,0.962735
FKIT,Y+X2_M3_r1,samosa,745,0.961074
FKIT,Y+X2_M3_r1,samosa,746,0.957497
FKIT,Y+X2_M3_r1,samosa,747,0.956142
FKIT,Y+X2_M3_r1,samosa,748,0.956997
FKIT,Y+X2_M3_r1,samosa,749,0.950532
FKIT,Y+X2_M3_r1,samosa,750,0.953001
FKIT,Y+X2_M3_r1,samosa,751,0.951560
FKIT,Y+X2_M3_r1,samosa,752,0.948916
FKIT,Y+X2_M3_r1,samosa,753,0.951907
FKIT,Y+X2_M3_r1,samosa,754,0.950590
FKIT,Y+X2_M3_r1,samosa,755,0.944555
FKIT,Y+X2_M3_r1,samosa,756,0.949448
FKIT,Y+X2_M3_r1,samosa,757,0.952878
FKIT,Y+X2_M3_r1,samosa,758,0.950994
FKIT,Y+X2_M3_r1,samosa,759,0.948992
FKIT,Y+X2_M3_r1,samosa,760,0.949997
FKIT,Y+X2_M3_r1,samosa,761,0.951045
FKIT,Y+X2_M3_r1,samosa,762,0.949449
FKIT,Y+X2_M3_r1,samosa,763,0.955845
FKIT,Y+X2_M3_r1,samosa,764,0.960456
FKIT,Y+X2_M3_r1,samosa,765,0.959923
FKIT,Y+X2_M3_r1,samosa,766,0.959230
FKIT,Y+X2_M3_r1,samosa,767,0.961375
FKIT,Y+X2_M3_r1,samosa,768,0.960955
FKIT,Y+X2_M3_r1,samosa,769,0.960141
FKIT,Y+X2_M3_r1,samosa,770,0.961971
FKIT,Y+X2_M3_r1,samosa,771,0.963265
FKIT,Y+X2_M3_r1,samosa,772,0.962722
FKIT,Y+X2_M3_r1,samosa,773,0.961709
FKIT,Y+X2_M3_r1,samosa,774,0.965045
FKIT,Y+X2_M3_r1,samosa,775,0.964388
FKIT,Y+X2_M3_r1,samosa,776,0.962764
FKIT,Y+X2_M3_r1,samosa,777,0.962499
FKIT,Y+X2_M3_r1,samosa,778,0.961743
FKIT,Y+X2_M3_r1,samosa,779,0.960784
FKIT,Y+X2_M3_r1,samosa,780,0.961820
FKIT,Y+X2_M3_r1,samosa,781,0.959356
FKIT,Y+X2_M3_r1,samosa,782,0.959903
FKIT,Y+X2_M3_r1,samosa,783,0.959107
FKIT,Y+X2_M3_r1,samosa,784,0.959812
FKIT,Y+X2_M3_r1,samosa,785,0.963087
FKIT,Y+X2_M3_r1,samosa,786,0.957502
FKIT,Y+X2_M3_r1,samosa,787,0.958297
FKIT,Y+X2_M3_r1,samosa,788,0.955743
FKIT,Y+X2_M3_r1,samosa,789,0.957491
FKIT,Y+X2_M3_r1,samosa,790,0.955169
FKIT,Y+X2_M3_r1,samosa,791,0.953397
FKIT,Y+X2_M3_r1,samosa,792,0.953212
FKIT,Y+X2_M3_r1,samosa,793,0.950905
FKIT,Y+X2_M3_r1,samosa,794,0.954227
FKIT,Y+X2_M3_r1,samosa,795,0.955496
FKIT,Y+X2_M3_r1,samosa,796,0.952392
FKIT,Y+X2_M3_r1,samosa,797,0.952411
FKIT,Y+X2_M3_r1,samosa,798,0.949014
FKIT,Y+X2_M3_r1,samosa,799,0.946776
FKIT,Y+X2_M3_r1,samosa,800,0.949054
FKIT,Y+X2_M3_r1,samosa,801,0.948473
FKIT,Y+X2_M3_r1,samosa,802,0.948218
FKIT,Y+X2_M3_r1,samosa,803,0.947839
FKIT,Y+X2_M3_r1,samosa,804,0.953721
FKIT,Y+X2_M3_r1,samosa,805,0.954535
FKIT,Y+X2_M3_r1,samosa,806,0.953106
FKIT,Y+X2_M3_r1,samosa,807,0.953188
FKIT,Y+X2_M3_r1,samosa,808,0.953696
FKIT,Y+X2_M3_r1,samosa,809,0.957351
FKIT,Y+X2_M3_r1,samosa,810,0.956551
FKIT,Y+X2_M3_r1,samosa,811,0.956308
FKIT,Y+X2_M3_r1,samosa,812,0.957221
FKIT,Y+X2_M3_r1,samosa,813,0.959199
FKIT,Y+X2_M3_r1,samosa,814,0.964627
FKIT,Y+X2_M3_r1,samosa,815,0.965166
FKIT,Y+X2_M3_r1,samosa,816,0.964293
FKIT,Y+X2_M3_r1,samosa,817,0.961846
FKIT,Y+X2_M3_r1,samosa,818,0.965199
FKIT,Y+X2_M3_r1,samosa,819,0.963295
FKIT,Y+X2_M3_r1,samosa,820,0.964347
FKIT,Y+X2_M3_r1,samosa,821,0.963606
FKIT,Y+X2_M3_r1,samosa,822,0.963241
FKIT,Y+X2_M3_r1,samosa,823,0.963449
FKIT,Y+X2_M3_r1,samosa,824,0.968232
FKIT,Y+X2_M3_r1,samosa,825,0.969396
FKIT,Y+X2_M3_r1,samosa,826,0.970418
FKIT,Y+X2_M3_r1,samosa,827,0.970577
FKIT,Y+X2_M3_r1,samosa,828,0.971433
FKIT,Y+X2_M3_r1,samosa,829,0.970447
FKIT,Y+X2_M3_r1,samosa,830,0.970142
FKIT,Y+X2_M3_r1,samosa,831,0.972818
FKIT,Y+X2_M3_r1,samosa,832,0.969283
FKIT,Y+X2_M3_r1,samosa,833,0.970501
FKIT,Y+X2_M3_r1,samosa,834,0.972246
FKIT,Y+X2_M3_r1,samosa,835,0.971561
FKIT,Y+X2_M3_r1,samosa,836,0.972486
FKIT,Y+X2_M3_r1,samosa,837,0.975073
FKIT,Y+X2_M3_r1,samosa,838,0.972362
FKIT,Y+X2_M3_r1,samosa,839,0.973692
FKIT,Y+X2_M3_r1,samosa,840,0.974146
FKIT,Y+X2_M3_r1,samosa,841,0.973402
FKIT,Y+X2_M3_r1,samosa,842,0.972638
FKIT,Y+X2_M3_r1,samosa,843,0.974088
FKIT,Y+X2_M3_r1,samosa,844,0.976582
FKIT,Y+X2_M3_r1,samosa,845,0.974447
FKIT,Y+X2_M3_r1,samosa,846,0.974711
FKIT,Y+X2_M3_r1,samosa,847,0.975401
FKIT,Y+X2_M3_r1,yellow_cane,0,0.222954
FKIT,Y+X2_M3_r1,yellow_cane,1,0.219670
FKIT,Y+X2_M3_r1,yellow_cane,2,0.219345
FKIT,Y+X2_M3_r1,yellow_cane,3,0.218308
FKIT,Y+X2_M3_r1,yellow_cane,4,0.217364
FKIT,Y+X2_M3_r1,yellow_cane,5,0.218348
FKIT,Y+X2_M3_r1,yellow_cane,6,0.219885
FKIT,Y+X2_M3_r1,yellow_cane,7,0.219146
FKIT,Y+X2_M3_r1,yellow_cane,8,0.219992
FKIT,Y+X2_M3_r1,yellow_cane,9,0.220146
FKIT,Y+X2_M3_r1,yellow_cane,10,0.217079
FKIT,Y+X2_M3_r1,yellow_cane,11,0.212291
FKIT,Y+X2_M3_r1,yellow_cane,12,0.212751
FKIT,Y+X2_M3_r1,yellow_cane,13,0.213080
FKIT,Y+X2_M3_r1,yellow_cane,14,0.212984
FKIT,Y+X2_M3_r1,yellow_cane,15,0.212959
FKIT,Y+X2_M3_r1,yellow_cane,16,0.213204
FKIT,Y+X2_M3_r1,yellow_cane,17,0.214619
FKIT,Y+X2_M3_r1,yellow_cane,18,0.216027
FKIT,Y+X2_M3_r1,yellow_cane,19,0.215262
FKIT,Y+X2_M3_r1,yellow_cane,20,0.215312
FKIT,Y+X2_M3_r1,yellow_cane,21,0.212616
FKIT,Y+X2_M3_r1,yellow_cane,22,0.212165
FKIT,Y+X2_M3_r1,yellow_cane,23,0.211866
FKIT,Y+X2_M3_r1,yellow_cane,24,0.214217
FKIT,Y+X2_M3_r1,yellow_cane,25,0.214102
FKIT,Y+X2_M3_r1,yellow_cane,26,0.216126
FKIT,Y+X2_M3_r1,yellow_cane,27,0.217336
FKIT,Y+X2_M3_r1,yellow_cane,28,0.218305
FKIT,Y+X2_M3_r1,yellow_cane,29,0.219440
FKIT,Y+X2_M3_r1,yellow_cane,30,0.218589
FKIT,Y+X2_M3_r1,yellow_cane,31,0.217992
FKIT,Y+X2_M3_r1,yellow_cane,32,0.211579
FKIT,Y+X2_M3_r1,yellow_cane,33,0.210147
FKIT,Y+X2_M3_r1,yellow_cane,34,0.212789
FKIT,Y+X2_M3_r1,yellow_cane,35,0.211107
FKIT,Y+X2_M3_r1,yellow_cane,36,0.202900
FKIT,Y+X2_M3_r1,yellow_cane,37,0.213181
FKIT,Y+X2_M3_r1,yellow_cane,38,0.209333
FKIT,Y+X2_M3_r1,yellow_cane,39,0.208915
FKIT,Y+X2_M3_r1,yellow_cane,40,0.210711
FKIT,Y+X2_M3_r1,yellow_cane,41,0.212738
FKIT,Y+X2_M3_r1,yellow_cane,42,0.214756
FKIT,Y+X2_M3_r1,yellow_cane,43,0.214816
FKIT,Y+X2_M3_r1,yellow_cane,44,0.224003
FKIT,Y+X2_M3_r1,yellow_cane,45,0.218943
FKIT,Y+X2_M3_r1,yellow_cane,46,0.211605
FKIT,Y+X2_M3_r1,yellow_cane,47,0.210349
FKIT,Y+X2_M3_r1,yellow_cane,48,0.208289
FKIT,Y+X2_M3_r1,yellow_cane,49,0.208852
FKIT,Y+X2_M3_r1,yellow_cane,50,0.207155
FKIT,Y+X2_M3_r1,yellow_cane,51,0.206640
FKIT,Y+X2_M3_r1,yellow_cane,52,0.208940
FKIT,Y+X2_M3_r1,yellow_cane,53,0.208062
FKIT,Y+X2_M3_r1,yellow_cane,54,0.209034
FKIT,Y+X2_M3_r1,yellow_cane,55,0.206573
FKIT,Y+X2_M3_r1,yellow_cane,56,0.208362
FKIT,Y+X2_M3_r1,yellow_cane,57,0.207103
FKIT,Y+X2_M3_r1,yellow_cane,58,0.210664
FKIT,Y+X2_M3_r1,yellow_cane,59,0.207403
FKIT,Y+X2_M3_r1,yellow_cane,60,0.205173
FKIT,Y+X2_M3_r1,yellow_cane,61,0.205001
FKIT,Y+X2_M3_r1,yellow_cane,62,0.209556
FKIT,Y+X2_M3_r1,yellow_cane,63,0.216826
FKIT,Y+X2_M3_r1,yellow_cane,64,0.219137
FKIT,Y+X2_M3_r1,yellow_cane,65,0.217028
FKIT,Y+X2_M3_r1,yellow_cane,66,0.215239
FKIT,Y+X2_M3_r1,yellow_cane,67,0.208065
FKIT,Y+X2_M3_r1,yellow_cane,68,0.209367
FKIT,Y+X2_M3_r1,yellow_cane,69,0.213218
FKIT,Y+X2_M3_r1,yellow_cane,70,0.208739
FKIT,Y+X2_M3_r1,yellow_cane,71,0.202100
FKIT,Y+X2_M3_r1,yellow_cane,72,0.209571
FKIT,Y+X2_M3_r1,yellow_cane,73,0.205742
FKIT,Y+X2_M3_r1,yellow_cane,74,0.199509
FKIT,Y+X2_M3_r1,yellow_cane,75,0.208191
FKIT,Y+X2_M3_r1,yellow_cane,76,0.211390
FKIT,Y+X2_M3_r1,yellow_cane,77,0.205664
FKIT,Y+X2_M3_r1,yellow_cane,78,0.210575
FKIT,Y+X2_M3_r1,yellow_cane,79,0.204157
FKIT,Y+X2_M3_r1,yellow_cane,80,0.204672
FKIT,Y+X2_M3_r1,yellow_cane,81,0.208207
FKIT,Y+X2_M3_r1,yellow_cane,82,0.206554
FKIT,Y+X2_M3_r1,yellow_cane,83,0.207259
FKIT,Y+X2_M3_r1,yellow_cane,84,0.208147
FKIT,Y+X2_M3_r1,yellow_cane,85,0.215383
FKIT,Y+X2_M3_r1,yellow_cane,86,0.208044
FKIT,Y+X2_M3_r1,yellow_cane,87,0.204742
FKIT,Y+X2_M3_r1,yellow_cane,88,0.208075
FKIT,Y+X2_M3_r1,yellow_cane,89,0.204753
FKIT,Y+X2_M3_r1,yellow_cane,90,0.208240
FKIT,Y+X2_M3_r1,yellow_cane,91,0.207990
FKIT,Y+X2_M3_r1,yellow_cane,92,0.203196
FKIT,Y+X2_M3_r1,yellow_cane,93,0.215868
FKIT,Y+X2_M3_r1,yellow_cane,94,0.214232
FKIT,Y+X2_M3_r1,yellow_cane,95,0.208046
FKIT,Y+X2_M3_r1,yellow_cane,96,0.203897
FKIT,Y+X2_M3_r1,yellow_cane,97,0.207811
FKIT,Y+X2_M3_r1,yellow_cane,98,0.212619
FKIT,Y+X2_M3_r1,yellow_cane,99,0.209265
FKIT,Y+X2_M3_r1,yellow_cane,100,0.207675
FKIT,Y+X2_M3_r1,yellow_cane,101,0.210879
FKIT,Y+X2_M3_r1,yellow_cane,102,0.205435
FKIT,Y+X2_M3_r1,yellow_cane,103,0.208009
FKIT,Y+X2_M3_r1,yellow_cane,104,0.216063
FKIT,Y+X2_M3_r1,yellow_cane,105,0.212906
FKIT,Y+X2_M3_r1,yellow_cane,106,0.215094
FKIT,Y+X2_M3_r1,yellow_cane,107,0.213990
FKIT,Y+X2_M3_r1,yellow_cane,108,0.213121
FKIT,Y+X2_M3_r1,yellow_cane,109,0.213733
FKIT,Y+X2_M3_r1,yellow_cane,110,0.211587
FKIT,Y+X2_M3_r1,yellow_cane,111,0.214045
FKIT,Y+X2_M3_r1,yellow_cane,112,0.218256
FKIT,Y+X2_M3_r1,yellow_cane,113,0.216282
FKIT,Y+X2_M3_r1,yellow_cane,114,0.217263
FKIT,Y+X2_M3_r1,yellow_cane,115,0.214515
FKIT,Y+X2_M3_r1,yellow_cane,116,0.216277
FKIT,Y+X2_M3_r1,yellow_cane,117,0.211840
FKIT,Y+X2_M3_r1,yellow_cane,118,0.212309
FKIT,Y+X2_M3_r1,yellow_cane,119,0.218038
FKIT,Y+X2_M3_r1,yellow_cane,120,0.216682
FKIT,Y+X2_M3_r1,yellow_cane,121,0.216340
FKIT,Y+X2_M3_r1,yellow_cane,122,0.215956
FKIT,Y+X2_M3_r1,yellow_cane,123,0.212710
FKIT,Y+X2_M3_r1,yellow_cane,124,0.210721
FKIT,Y+X2_M3_r1,yellow_cane,125,0.213819
FKIT,Y+X2_M3_r1,yellow_cane,126,0.213678
FKIT,Y+X2_M3_r1,yellow_cane,127,0.217053
FKIT,Y+X2_M3_r1,yellow_cane,128,0.213366
FKIT,Y+X2_M3_r1,yellow_cane,129,0.215669
FKIT,Y+X2_M3_r1,yellow_cane,130,0.216026
FKIT,Y+X2_M3_r1,yellow_cane,131,0.216261
FKIT,Y+X2_M3_r1,yellow_cane,132,0.218165
FKIT,Y+X2_M3_r1,yellow_cane,133,0.218989
FKIT,Y+X2_M3_r1,yellow_cane,134,0.214324
FKIT,Y+X2_M3_r1,yellow_cane,135,0.214964
FKIT,Y+X2_M3_r1,yellow_cane,136,0.215698
FKIT,Y+X2_M3_r1,yellow_cane,137,0.213610
FKIT,Y+X2_M3_r1,yellow_cane,138,0.219466
FKIT,Y+X2_M3_r1,yellow_cane,139,0.214445
FKIT,Y+X2_M3_r1,yellow_cane,140,0.221458
FKIT,Y+X2_M3_r1,yellow_cane,141,0.223824
FKIT,Y+X2_M3_r1,yellow_cane,142,0.222677
FKIT,Y+X2_M3_r1,yellow_cane,143,0.225283
FKIT,Y+X2_M3_r1,yellow_cane,144,0.222759
FKIT,Y+X2_M3_r1,yellow_cane,145,0.223715
FKIT,Y+X2_M3_r1,yellow_cane,146,0.227133
FKIT,Y+X2_M3_r1,yellow_cane,147,0.230031
FKIT,Y+X2_M3_r1,yellow_cane,148,0.229167
FKIT,Y+X2_M3_r1,yellow_cane,149,0.230648
FKIT,Y+X2_M3_r1,yellow_cane,150,0.226926
FKIT,Y+X2_M3_r1,yellow_cane,151,0.229549
FKIT,Y+X2_M3_r1,yellow_cane,152,0.214514
FKIT,Y+X2_M3_r1,yellow_cane,153,0.215767
FKIT,Y+X2_M3_r1,yellow_cane,154,0.219646
FKIT,Y+X2_M3_r1,yellow_cane,155,0.217156
FKIT,Y+X2_M3_r1,yellow_cane,156,0.211427
FKIT,Y+X2_M3_r1,yellow_cane,157,0.211411
FKIT,Y+X2_M3_r1,yellow_cane,158,0.211228
FKIT,Y+X2_M3_r1,yellow_cane,159,0.208229
FKIT,Y+X2_M3_r1,yellow_cane,160,0.213028
FKIT,Y+X2_M3_r1,yellow_cane,161,0.211521
FKIT,Y+X2_M3_r1,yellow_cane,162,0.214001
FKIT,Y+X2_M3_r1,yellow_cane,163,0.215253
FKIT,Y+X2_M3_r1,yellow_cane,164,0.218353
FKIT,Y+X2_M3_r1,yellow_cane,165,0.220292
FKIT,Y+X2_M3_r1,yellow_cane,166,0.223059
FKIT,Y+X2_M3_r1,yellow_cane,167,0.219243
FKIT,Y+X2_M3_r1,yellow_cane,168,0.225262
FKIT,Y+X2_M3_r1,yellow_cane,169,0.219166
FKIT,Y+X2_M3_r1,yellow_cane,170,0.226623
FKIT,Y+X2_M3_r1,yellow_cane,171,0.221315
FKIT,Y+X2_M3_r1,yellow_cane,172,0.228526
FKIT,Y+X2_M3_r1,yellow_cane,173,0.232052
FKIT,Y+X2_M3_r1,yellow_cane,174,0.228364
FKIT,Y+X2_M3_r1,yellow_cane,175,0.223200
FKIT,Y+X2_M3_r1,yellow_cane,176,0.221594
FKIT,Y+X2_M3_r1,yellow_cane,177,0.223262
FKIT,Y+X2_M3_r1,yellow_cane,178,0.226104
FKIT,Y+X2_M3_r1,yellow_cane,179,0.226516
FKIT,Y+X2_M3_r1,yellow_cane,180,0.229224
FKIT,Y+X2_M3_r1,yellow_cane,181,0.224247
FKIT,Y+X2_M3_r1,yellow_cane,182,0.224676
FKIT,Y+X2_M3_r1,yellow_cane,183,0.225294
FKIT,Y+X2_M3_r1,yellow_cane,184,0.226223
FKIT,Y+X2_M3_r1,yellow_cane,185,0.225334
FKIT,Y+X2_M3_r1,yellow_cane,186,0.226504
FKIT,Y+X2_M3_r1,yellow_cane,187,0.224626
FKIT,Y+X2_M3_r1,yellow_cane,188,0.225314
FKIT,Y+X2_M3_r1,yellow_cane,189,0.227651
FKIT,Y+X2_M3_r1,yellow_cane,190,0.226737
FKIT,Y+X2_M3_r1,yellow_cane,191,0.222951
FKIT,Y+X2_M3_r1,yellow_cane,192,0.226308
FKIT,Y+X2_M3_r1,yellow_cane,193,0.227633
FKIT,Y+X2_M3_r1,yellow_cane,194,0.224169
FKIT,Y+X2_M3_r1,yellow_cane,195,0.226019
FKIT,Y+X2_M3_r1,yellow_cane,196,0.227258
FKIT,Y+X2_M3_r1,yellow_cane,197,0.221870
FKIT,Y+X2_M3_r1,yellow_cane,198,0.227363
FKIT,Y+X2_M3_r1,yellow_cane,199,0.224416
FKIT,Y+X2_M3_r1,yellow_cane,200,0.222847
FKIT,Y+X2_M3_r1,yellow_cane,201,0.220343
FKIT,Y+X2_M3_r1,yellow_cane,202,0.220323
FKIT,Y+X2_M3_r1,yellow_cane,203,0.219966
FKIT,Y+X2_M3_r1,yellow_cane,204,0.219277
FKIT,Y+X2_M3_r1,yellow_cane,205,0.223456
FKIT,Y+X2_M3_r1,yellow_cane,206,0.224405
FKIT,Y+X2_M3_r1,yellow_cane,207,0.222353
FKIT,Y+X2_M3_r1,yellow_cane,208,0.225404
FKIT,Y+X2_M3_r1,yellow_cane,209,0.224785
FKIT,Y+X2_M3_r1,yellow_cane,210,0.230452
FKIT,Y+X2_M3_r1,yellow_cane,211,0.224369
FKIT,Y+X2_M3_r1,yellow_cane,212,0.224300
FKIT,Y+X2_M3_r1,yellow_cane,213,0.223884
FKIT,Y+X2_M3_r1,yellow_cane,214,0.225080
FKIT,Y+X2_M3_r1,yellow_cane,215,0.231824
FKIT,Y+X2_M3_r1,yellow_cane,216,0.235575
FKIT,Y+X2_M3_r1,yellow_cane,217,0.232985
FKIT,Y+X2_M3_r1,yellow_cane,218,0.234423
FKIT,Y+X2_M3_r1,yellow_cane,219,0.231737
FKIT,Y+X2_M3_r1,yellow_cane,220,0.238629
FKIT,Y+X2_M3_r1,yellow_cane,221,0.245470
FKIT,Y+X2_M3_r1,yellow_cane,222,0.252313
FKIT,Y+X2_M3_r1,yellow_cane,223,0.246987
FKIT,Y+X2_M3_r1,yellow_cane,224,0.242956
FKIT,Y+X2_M3_r1,yellow_cane,225,0.252530
FKIT,Y+X2_M3_r1,yellow_cane,226,0.242902
FKIT,Y+X2_M3_r1,yellow_cane,227,0.246526
FKIT,Y+X2_M3_r1,yellow_cane,228,0.231776
FKIT,Y+X2_M3_r1,yellow_cane,229,0.236782
FKIT,Y+X2_M3_r1,yellow_cane,230,0.231838
FKIT,Y+X2_M3_r1,yellow_cane,231,0.229110
FKIT,Y+X2_M3_r1,yellow_cane,232,0.234674
FKIT,Y+X2_M3_r1,yellow_cane,233,0.247244
FKIT,Y+X2_M3_r1,yellow_cane,234,0.244719
FKIT,Y+X2_M3_r1,yellow_cane,235,0.249258
FKIT,Y+X2_M3_r1,yellow_cane,236,0.247300
FKIT,Y+X2_M3_r1,yellow_cane,237,0.247597
FKIT,Y+X2_M3_r1,yellow_cane,238,0.244528
FKIT,Y+X2_M3_r1,yellow_cane,239,0.246220
FKIT,Y+X2_M3_r1,yellow_cane,240,0.244230
FKIT,Y+X2_M3_r1,yellow_cane,241,0.238595
FKIT,Y+X2_M3_r1,yellow_cane,242,0.246252
FKIT,Y+X2_M3_r1,yellow_cane,243,0.247824
FKIT,Y+X2_M3_r1,yellow_cane,244,0.235910
FKIT,Y+X2_M3_r1,yellow_cane,245,0.248545
FKIT,Y+X2_M3_r1,yellow_cane,246,0.237579
FKIT,Y+X2_M3_r1,yellow_cane,247,0.237889
FKIT,Y+X2_M3_r1,yellow_cane,248,0.249444
FKIT,Y+X2_M3_r1,yellow_cane,249,0.239031
FKIT,Y+X2_M3_r1,yellow_cane,250,0.242554
FKIT,Y+X2_M3_r1,yellow_cane,251,0.242543
FKIT,Y+X2_M3_r1,yellow_cane,252,0.261900
FKIT,Y+X2_M3_r1,yellow_cane,253,0.260542
FKIT,Y+X2_M3_r1,yellow_cane,254,0.239429
FKIT,Y+X2_M3_r1,yellow_cane,255,0.243418
FKIT,Y+X2_M3_r1,yellow_cane,256,0.242375
FKIT,Y+X2_M3_r1,yellow_cane,257,0.244152
FKIT,Y+X2_M3_r1,yellow_cane,258,0.245067
FKIT,Y+X2_M3_r1,yellow_cane,259,0.233664
FKIT,Y+X2_M3_r1,yellow_cane,260,0.234705
FKIT,Y+X2_M3_r1,yellow_cane,261,0.236107
FKIT,Y+X2_M3_r1,yellow_cane,262,0.237837
FKIT,Y+X2_M3_r1,yellow_cane,263,0.240283
FKIT,Y+X2_M3_r1,yellow_cane,264,0.249817
FKIT,Y+X2_M3_r1,yellow_cane,265,0.241710
FKIT,Y+X2_M3_r1,yellow_cane,266,0.240783
FKIT,Y+X2_M3_r1,yellow_cane,267,0.239828
FKIT,Y+X2_M3_r1,yellow_cane,268,0.237929
FKIT,Y+X2_M3_r1,yellow_cane,269,0.233430
FKIT,Y+X2_M3_r1,yellow_cane,270,0.231888
FKIT,Y+X2_M3_r1,yellow_cane,271,0.235287
FKIT,Y+X2_M3_r1,yellow_cane,272,0.235917
FKIT,Y+X2_M3_r1,yellow_cane,273,0.237305
FKIT,Y+X2_M3_r1,yellow_cane,274,0.244249
FKIT,Y+X2_M3_r1,yellow_cane,275,0.244191
FKIT,Y+X2_M3_r1,yellow_cane,276,0.239325
FKIT,Y+X2_M3_r1,yellow_cane,277,0.236590
FKIT,Y+X2_M3_r1,yellow_cane,278,0.234492
FKIT,Y+X2_M3_r1,yellow_cane,279,0.235080
FKIT,Y+X2_M3_r1,yellow_cane,280,0.231098
FKIT,Y+X2_M3_r1,yellow_cane,281,0.230506
FKIT,Y+X2_M3_r1,yellow_cane,282,0.235193
FKIT,Y+X2_M3_r1,yellow_cane,283,0.232022
FKIT,Y+X2_M3_r1,yellow_cane,284,0.228452
FKIT,Y+X2_M3_r1,yellow_cane,285,0.226181
FKIT,Y+X2_M3_r1,yellow_cane,286,0.229462
FKIT,Y+X2_M3_r1,yellow_cane,287,0.224940
FKIT,Y+X2_M3_r1,yellow_cane,288,0.223350
FKIT,Y+X2_M3_r1,yellow_cane,289,0.225040
FKIT,Y+X2_M3_r1,yellow_cane,290,0.224005
FKIT,Y+X2_M3_r1,yellow_cane,291,0.224370
FKIT,Y+X2_M3_r1,yellow_cane,292,0.226245
FKIT,Y+X2_M3_r1,yellow_cane,293,0.226993
FKIT,Y+X2_M3_r1,yellow_cane,294,0.227339
FKIT,Y+X2_M3_r1,yellow_cane,295,0.230272
FKIT,Y+X2_M3_r1,yellow_cane,296,0.223432
FKIT,Y+X2_M3_r1,yellow_cane,297,0.223928
FKIT,Y+X2_M3_r1,yellow_cane,298,0.221509
FKIT,Y+X2_M3_r1,yellow_cane,299,0.221274
FKIT,Y+X2_M3_r1,yellow_cane,300,0.223097
FKIT,Y+X2_M3_r1,yellow_cane,301,0.222525
FKIT,Y+X2_M3_r1,yellow_cane,302,0.224445
FKIT,Y+X2_M3_r1,yellow_cane,303,0.218128
FKIT,Y+X2_M3_r1,yellow_cane,304,0.217476
FKIT,Y+X2_M3_r1,yellow_cane,305,0.220090
FKIT,Y+X2_M3_r1,yellow_cane,306,0.220898
FKIT,Y+X2_M3_r1,yellow_cane,307,0.217904
FKIT,Y+X2_M3_r1,yellow_cane,308,0.890750
FKIT,Y+X2_M3_r1,yellow_cane,309,0.214415
FKIT,Y+X2_M3_r1,yellow_cane,310,0.216560
FKIT,Y+X2_M3_r1,yellow_cane,311,0.218877
FKIT,Y+X2_M3_r1,yellow_cane,312,0.218152
FKIT,Y+X2_M3_r1,yellow_cane,313,0.213680
FKIT,Y+X2_M3_r1,yellow_cane,314,0.217511
FKIT,Y+X2_M3_r1,yellow_cane,315,0.215237
FKIT,Y+X2_M3_r1,yellow_cane,316,0.217352
FKIT,Y+X2_M3_r1,yellow_cane,317,0.214956
FKIT,Y+X2_M3_r1,yellow_cane,318,0.213836
FKIT,Y+X2_M3_r1,yellow_cane,319,0.216481
FKIT,Y+X2_M3_r1,yellow_cane,320,0.215180
FKIT,Y+X2_M3_r1,yellow_cane,321,0.212552
FKIT,Y+X2_M3_r1,yellow_cane,322,0.207442
FKIT,Y+X2_M3_r1,yellow_cane,323,0.205915
FKIT,Y+X2_M3_r1,yellow_cane,324,0.204030
FKIT,Y+X2_M3_r1,yellow_cane,325,0.207571
FKIT,Y+X2_M3_r1,yellow_cane,326,0.206600
FKIT,Y+X2_M3_r1,yellow_cane,327,0.207849
FKIT,Y+X2_M3_r1,yellow_cane,328,0.208641
FKIT,Y+X2_M3_r1,yellow_cane,329,0.209296
FKIT,Y+X2_M3_r1,yellow_cane,330,0.207489
FKIT,Y+X2_M3_r1,yellow_cane,331,0.207750
FKIT,Y+X2_M3_r1,yellow_cane,332,0.204548
FKIT,Y+X2_M3_r1,yellow_cane,333,0.205946
FKIT,Y+X2_M3_r1,yellow_cane,334,0.208181
FKIT,Y+X2_M3_r1,yellow_cane,335,0.209675
FKIT,Y+X2_M3_r1,yellow_cane,336,0.209923
FKIT,Y+X2_M3_r1,yellow_cane,337,0.207649
FKIT,Y+X2_M3_r1,yellow_cane,338,0.209604
FKIT,Y+X2_M3_r1,yellow_cane,339,0.210467
FKIT,Y+X2_M3_r1,yellow_cane,340,0.208985
FKIT,Y+X2_M3_r1,yellow_cane,341,0.207156
FKIT,Y+X2_M3_r1,yellow_cane,342,0.206158
FKIT,Y+X2_M3_r1,yellow_cane,343,0.206836
FKIT,Y+X2_M3_r1,yellow_cane,344,0.206471
FKIT,Y+X2_M3_r1,yellow_cane,345,0.210646
FKIT,Y+X2_M3_r1,yellow_cane,346,0.205419
FKIT,Y+X2_M3_r1,yellow_cane,347,0.207589
FKIT,Y+X2_M3_r1,yellow_cane,348,0.212699
FKIT,Y+X2_M3_r1,yellow_cane,349,0.208647
FKIT,Y+X2_M3_r1,yellow_cane,350,0.208110
FKIT,Y+X2_M3_r1,yellow_cane,351,0.211110
FKIT,Y+X2_M3_r1,yellow_cane,352,0.217276
FKIT,Y+X2_M3_r1,yellow_cane,353,0.220593
FKIT,Y+X2_M3_r1,yellow_cane,354,0.216557
FKIT,Y+X2_M3_r1,yellow_cane,355,0.219956
FKIT,Y+X2_M3_r1,yellow_cane,356,0.217144
FKIT,Y+X2_M3_r1,yellow_cane,357,0.218210
FKIT,Y+X2_M3_r1,yellow_cane,358,0.217791
FKIT,Y+X2_M3_r1,yellow_cane,359,0.223037
FKIT,Y+X2_M3_r1,yellow_cane,360,0.228355
FKIT,Y+X2_M3_r1,yellow_cane,361,0.230274
FKIT,Y+X2_M3_r1,yellow_cane,362,0.232564
FKIT,Y+X2_M3_r1,yellow_cane,363,0.231529
FKIT,Y+X2_M3_r1,yellow_cane,364,0.231969
FKIT,Y+X2_M3_r1,yellow_cane,365,0.230323
FKIT,Y+X2_M3_r1,yellow_cane,366,0.234096
FKIT,Y+X2_M3_r1,yellow_cane,367,0.232950
FKIT,Y+X2_M3_r1,yellow_cane,368,0.225381
FKIT,Y+X2_M3_r1,yellow_cane,369,0.231880
FKIT,Y+X2_M3_r1,yellow_cane,370,0.222547
FKIT,Y+X2_M3_r1,yellow_cane,371,0.229457
FKIT,Y+X2_M3_r1,yellow_cane,372,0.224942
FKIT,Y+X2_M3_r1,yellow_cane,373,0.228176
FKIT,Y+X2_M3_r1,yellow_cane,374,0.227553
FKIT,Y+X2_M3_r1,yellow_cane,375,0.227192
FKIT,Y+X2_M3_r1,yellow_cane,376,0.227928
FKIT,Y+X2_M3_r1,yellow_cane,377,0.227524
FKIT,Y+X2_M3_r1,yellow_cane,378,0.227502
FKIT,Y+X2_M3_r1,yellow_cane,379,0.230364
FKIT,Y+X2_M3_r1,yellow_cane,380,0.231713
FKIT,Y+X2_M3_r1,yellow_cane,381,0.229117
FKIT,Y+X2_M3_r1,yellow_cane,382,0.229115
FKIT,Y+X2_M3_r1,yellow_cane,383,0.228461
FKIT,Y+X2_M3_r1,yellow_cane,384,0.230340
FKIT,Y+X2_M3_r1,yellow_cane,385,0.227210
FKIT,Y+X2_M3_r1,yellow_cane,386,0.229888
FKIT,Y+X2_M3_r1,yellow_cane,387,0.226450
FKIT,Y+X2_M3_r1,yellow_cane,388,0.229773
FKIT,Y+X2_M3_r1,yellow_cane,389,0.229747
FKIT,Y+X2_M3_r1,yellow_cane,390,0.233361
FKIT,Y+X2_M3_r1,yellow_cane,391,0.232639
FKIT,Y+X2_M3_r1,yellow_cane,392,0.229161
FKIT,Y+X2_M3_r1,yellow_cane,393,0.230931
FKIT,Y+X2_M3_r1,yellow_cane,394,0.233055
FKIT,Y+X2_M3_r1,yellow_cane,395,0.232017
FKIT,Y+X2_M3_r1,yellow_cane,396,0.236321
FKIT,Y+X2_M3_r1,yellow_cane,397,0.235664
FKIT,Y+X2_M3_r1,yellow_cane,398,0.230489
FKIT,Y+X2_M3_r1,yellow_cane,399,0.235978
FKIT,Y+X2_M3_r1,yellow_cane,400,0.229863
FKIT,Y+X2_M3_r1,yellow_cane,401,0.234084
FKIT,Y+X2_M3_r1,yellow_cane,402,0.230683
FKIT,Y+X2_M3_r1,yellow_cane,403,0.222578
FKIT,Y+X2_M3_r1,yellow_cane,404,0.227975
FKIT,Y+X2_M3_r1,yellow_cane,405,0.229332
FKIT,Y+X2_M3_r1,yellow_cane,406,0.230317
FKIT,Y+X2_M3_r1,yellow_cane,407,0.225797
FKIT,Y+X2_M3_r1,yellow_cane,408,0.228750
FKIT,Y+X2_M3_r1,yellow_cane,409,0.231292
FKIT,Y+X2_M3_r1,yellow_cane,410,0.235851
FKIT,Y+X2_M3_r1,yellow_cane,411,0.226925
FKIT,Y+X2_M3_r1,yellow_cane,412,0.234344
FKIT,Y+X2_M3_r1,yellow_cane,413,0.232297
FKIT,Y+X2_M3_r1,yellow_cane,414,0.230136
FKIT,Y+X2_M3_r1,yellow_cane,415,0.226241
FKIT,Y+X2_M3_r1,yellow_cane,416,0.230472
FKIT,Y+X2_M3_r1,yellow_cane,417,0.235060
FKIT,Y+X2_M3_r1,yellow_cane,418,0.228784
FKIT,Y+X2_M3_r1,yellow_cane,419,0.230759
FKIT,Y+X2_M3_r1,yellow_cane,420,0.229301
FKIT,Y+X2_M3_r1,yellow_cane,421,0.225285
FKIT,Y+X2_M3_r1,yellow_cane,422,0.231921
FKIT,Y+X2_M3_r1,yellow_cane,423,0.228571
FKIT,Y+X2_M3_r1,yellow_cane,424,0.232616
FKIT,Y+X2_M3_r1,yellow_cane,425,0.227852
FKIT,Y+X2_M3_r1,yellow_cane,426,0.229456
FKIT,Y+X2_M3_r1,yellow_cane,427,0.234631
FKIT,Y+X2_M3_r1,yellow_cane,428,0.217212
FKIT,Y+X2_M3_r1,yellow_cane,429,0.218416
FKIT,Y+X2_M3_r1,yellow_cane,430,0.224553
FKIT,Y+X2_M3_r1,yellow_cane,431,0.217563
FKIT,Y+X2_M3_r1,yellow_cane,432,0.224541
FKIT,Y+X2_M3_r1,yellow_cane,433,0.219723
FKIT,Y+X2_M3_r1,yellow_cane,434,0.217657
FKIT,Y+X2_M3_r1,yellow_cane,435,0.223541
FKIT,Y+X2_M3_r1,yellow_cane,436,0.224539
FKIT,Y+X2_M3_r1,yellow_cane,437,0.221566
FKIT,Y+X2_M3_r1,yellow_cane,438,0.223112
FKIT,Y+X2_M3_r1,yellow_cane,439,0.219907
FKIT,Y+X2_M3_r1,yellow_cane,440,0.214915
FKIT,Y+X2_M3_r1,yellow_cane,441,0.222378
FKIT,Y+X2_M3_r1,yellow_cane,442,0.221938
FKIT,Y+X2_M3_r1,yellow_cane,443,0.221361
FKIT,Y+X2_M3_r1,yellow_cane,444,0.218269
FKIT,Y+X2_M3_r1,yellow_cane,445,0.221738
FKIT,Y+X2_M3_r1,yellow_cane,446,0.220304
FKIT,Y+X2_M3_r1,yellow_cane,447,0.219406
FKIT,Y+X2_M3_r1,yellow_cane,448,0.221312
FKIT,Y+X2_M3_r1,yellow_cane,449,0.224833
FKIT,Y+X2_M3_r1,yellow_cane,450,0.222819
FKIT,Y+X2_M3_r1,yellow_cane,451,0.222827
FKIT,Y+X2_M3_r1,yellow_cane,452,0.224591
FKIT,Y+X2_M3_r1,yellow_cane,453,0.227587
FKIT,Y+X2_M3_r1,yellow_cane,454,0.232001
FKIT,Y+X2_M3_r1,yellow_cane,455,0.232825
FKIT,Y+X2_M3_r1,yellow_cane,456,0.234473
FKIT,Y+X2_M3_r1,yellow_cane,457,0.225533
FKIT,Y+X2_M3_r1,yellow_cane,458,0.230231
FKIT,Y+X2_M3_r1,yellow_cane,459,0.238593
FKIT,Y+X2_M3_r1,yellow_cane,460,0.233123
FKIT,Y+X2_M3_r1,yellow_cane,461,0.233990
FKIT,Y+X2_M3_r1,yellow_cane,462,0.237018
FKIT,Y+X2_M3_r1,yellow_cane,463,0.237550
FKIT,Y+X2_M3_r1,yellow_cane,464,0.239237
FKIT,Y+X2_M3_r1,yellow_cane,465,0.242192
FKIT,Y+X2_M3_r1,yellow_cane,466,0.247299
FKIT,Y+X2_M3_r1,yellow_cane,467,0.238723
FKIT,Y+X2_M3_r1,yellow_cane,468,0.234838
FKIT,Y+X2_M3_r1,yellow_cane,469,0.232742
FKIT,Y+X2_M3_r1,yellow_cane,470,0.233976
FKIT,Y+X2_M3_r1,yellow_cane,471,0.230117
FKIT,Y+X2_M3_r1,yellow_cane,472,0.238584
FKIT,Y+X2_M3_r1,yellow_cane,473,0.237875
FKIT,Y+X2_M3_r1,yellow_cane,474,0.239626
FKIT,Y+X2_M3_r1,yellow_cane,475,0.239068
FKIT,Y+X2_M3_r1,yellow_cane,476,0.241298
FKIT,Y+X2_M3_r1,yellow_cane,477,0.247282
FKIT,Y+X2_M3_r1,yellow_cane,478,0.242109
FKIT,Y+X2_M3_r1,yellow_cane,479,0.242126
FKIT,Y+X2_M3_r1,yellow_cane,480,0.248532
FKIT,Y+X2_M3_r1,yellow_cane,481,0.236768
FKIT,Y+X2_M3_r1,yellow_cane,482,0.248283
FKIT,Y+X2_M3_r1,yellow_cane,483,0.240716
FKIT,Y+X2_M3_r1,yellow_cane,484,0.246152
FKIT,Y+X2_M3_r1,yellow_cane,485,0.243436
FKIT,Y+X2_M3_r1,yellow_cane,486,0.244985
FKIT,Y+X2_M3_r1,yellow_cane,487,0.246407
FKIT,Y+X2_M3_r1,yellow_cane,488,0.241867
FKIT,Y+X2_M3_r1,yellow_cane,489,0.239723
FKIT,Y+X2_M3_r1,yellow_cane,490,0.238836
FKIT,Y+X2_M3_r1,yellow_cane,491,0.241276
FKIT,Y+X2_M3_r1,yellow_cane,492,0.242645
FKIT,Y+X2_M3_r1,yellow_cane,493,0.243151
FKIT,Y+X2_M3_r1,yellow_cane,494,0.245322
FKIT,Y+X2_M3_r1,yellow_cane,495,0.245564
FKIT,Y+X2_M3_r1,yellow_cane,496,0.240712
FKIT,Y+X2_M3_r1,yellow_cane,497,0.243310
FKIT,Y+X2_M3_r1,yellow_cane,498,0.243144
FKIT,Y+X2_M3_r1,yellow_cane,499,0.242083
FKIT,Y+X2_M3_r1,yellow_cane,500,0.242711
FKIT,Y+X2_M3_r1,yellow_cane,501,0.242204
FKIT,Y+X2_M3_r1,yellow_cane,502,0.236566
FKIT,Y+X2_M3_r1,yellow_cane,503,0.237580
FKIT,Y+X2_M3_r1,yellow_cane,504,0.243300
FKIT,Y+X2_M3_r1,yellow_cane,505,0.238049
FKIT,Y+X2_M3_r1,yellow_cane,506,0.237222
FKIT,Y+X2_M3_r1,yellow_cane,507,0.235526
FKIT,Y+X2_M3_r1,yellow_cane,508,0.232798
FKIT,Y+X2_M3_r1,yellow_cane,509,0.237803
FKIT,Y+X2_M3_r1,yellow_cane,510,0.234809
FKIT,Y+X2_M3_r1,yellow_cane,511,0.235461
FKIT,Y+X2_M3_r1,yellow_cane,512,0.227574
FKIT,Y+X2_M3_r1,yellow_cane,513,0.227767
FKIT,Y+X2_M3_r1,yellow_cane,514,0.228754
FKIT,Y+X2_M3_r1,yellow_cane,515,0.231318
FKIT,Y+X2_M3_r1,yellow_cane,516,0.223265
FKIT,Y+X2_M3_r1,yellow_cane,517,0.228981
FKIT,Y+X2_M3_r1,yellow_cane,518,0.239616
FKIT,Y+X2_M3_r1,yellow_cane,519,0.237065
FKIT,Y+X2_M3_r1,yellow_cane,520,0.242478
FKIT,Y+X2_M3_r1,yellow_cane,521,0.245526
FKIT,Y+X2_M3_r1,yellow_cane,522,0.241980
FKIT,Y+X2_M3_r1,yellow_cane,523,0.244609
FKIT,Y+X2_M3_r1,yellow_cane,524,0.231594
FKIT,Y+X2_M3_r1,yellow_cane,525,0.238164
FKIT,Y+X2_M3_r1,yellow_cane,526,0.235025
FKIT,Y+X2_M3_r1,yellow_cane,527,0.233164
FKIT,Y+X2_M3_r1,yellow_cane,528,0.229581
FKIT,Y+X2_M3_r1,yellow_cane,529,0.231324
FKIT,Y+X2_M3_r1,yellow_cane,530,0.228472
FKIT,Y+X2_M3_r1,yellow_cane,531,0.227133
FKIT,Y+X2_M3_r1,yellow_cane,532,0.227281
FKIT,Y+X2_M3_r1,yellow_cane,533,0.227765
FKIT,Y+X2_M3_r1,yellow_cane,534,0.232618
FKIT,Y+X2_M3_r1,yellow_cane,535,0.222600
FKIT,Y+X2_M3_r1,yellow_cane,536,0.223935
FKIT,Y+X2_M3_r1,yellow_cane,537,0.224169
FKIT,Y+X2_M3_r1,yellow_cane,538,0.223779
FKIT,Y+X2_M3_r1,yellow_cane,539,0.223756
FKIT,Y+X2_M3_r1,yellow_cane,540,0.222448
FKIT,Y+X2_M3_r1,yellow_cane,541,0.217016
FKIT,Y+X2_M3_r1,yellow_cane,542,0.217856
FKIT,Y+X2_M3_r1,yellow_cane,543,0.217877
FKIT,Y+X2_M3_r1,yellow_cane,544,0.221997
FKIT,Y+X2_M3_r1,yellow_cane,545,0.221356
FKIT,Y+X2_M3_r1,yellow_cane,546,0.222155
FKIT,Y+X2_M3_r1,yellow_cane,547,0.223998
FKIT,Y+X2_M3_r1,yellow_cane,548,0.220412
FKIT,Y+X2_M3_r1,yellow_cane,549,0.214568
FKIT,Y+X2_M3_r1,yellow_cane,550,0.220598
FKIT,Y+X2_M3_r1,yellow_cane,551,0.223439
FKIT,Y+X2_M3_r1,yellow_cane,552,0.226336
FKIT,Y+X2_M3_r1,yellow_cane,553,0.232266
FKIT,Y+X2_M3_r1,yellow_cane,554,0.229088
FKIT,Y+X2_M3_r1,yellow_cane,555,0.233499
FKIT,Y+X2_M3_r1,yellow_cane,556,0.230614
FKIT,Y+X2_M3_r1,yellow_cane,557,0.235877
FKIT,Y+X2_M3_r1,yellow_cane,558,0.225509
FKIT,Y+X2_M3_r1,yellow_cane,559,0.225501
FKIT,Y+X2_M3_r1,yellow_cane,560,0.232215
FKIT,Y+X2_M3_r1,yellow_cane,561,0.243112
FKIT,Y+X2_M3_r1,yellow_cane,562,0.237100
FKIT,Y+X2_M3_r1,yellow_cane,563,0.237622
FKIT,Y+X2_M3_r1,yellow_cane,564,0.247739
FKIT,Y+X2_M3_r1,yellow_cane,565,0.250865
FKIT,Y+X2_M3_r1,yellow_cane,566,0.242376
FKIT,Y+X2_M3_r1,yellow_cane,567,0.254399
FKIT,Y+X2_M3_r1,yellow_cane,568,0.245429
FKIT,Y+X2_M3_r1,yellow_cane,569,0.254432
FKIT,Y+X2_M3_r1,yellow_cane,570,0.254814
FKIT,Y+X2_M3_r1,yellow_cane,571,0.244157
FKIT,Y+X2_M3_r1,yellow_cane,572,0.250292
FKIT,Y+X2_M3_r1,yellow_cane,573,0.253258
FKIT,Y+X2_M3_r1,yellow_cane,574,0.243766
FKIT,Y+X2_M3_r1,yellow_cane,575,0.246445
FKIT,Y+X2_M3_r1,yellow_cane,576,0.253453
FKIT,Y+X2_M3_r1,yellow_cane,577,0.253399
FKIT,Y+X2_M3_r1,yellow_cane,578,0.251054
FKIT,Y+X2_M3_r1,yellow_cane,579,0.245330
FKIT,Y+X2_M3_r1,yellow_cane,580,0.245067
FKIT,Y+X2_M3_r1,yellow_cane,581,0.253318
FKIT,Y+X2_M3_r1,yellow_cane,582,0.249624
FKIT,Y+X2_M3_r1,yellow_cane,583,0.247345
FKIT,Y+X2_M3_r1,yellow_cane,584,0.255655
FKIT,Y+X2_M3_r1,yellow_cane,585,0.255111
FKIT,Y+X2_M3_r1,yellow_cane,586,0.252570
FKIT,Y+X2_M3_r1,yellow_cane,587,0.261485
FKIT,Y+X2_M3_r1,yellow_cane,588,0.245387
FKIT,Y+X2_M3_r1,yellow_cane,589,0.248305
FKIT,Y+X2_M3_r1,yellow_cane,590,0.253059
FKIT,Y+X2_M3_r1,yellow_cane,591,0.236598
FKIT,Y+X2_M3_r1,yellow_cane,592,0.240932
FKIT,Y+X2_M3_r1,yellow_cane,593,0.238146
FKIT,Y+X2_M3_r1,yellow_cane,594,0.231230
FKIT,Y+X2_M3_r1,yellow_cane,595,0.249028
FKIT,Y+X2_M3_r1,yellow_cane,596,0.246277
FKIT,Y+X2_M3_r1,yellow_cane,597,0.242303
FKIT,Y+X2_M3_r1,yellow_cane,598,0.240241
FKIT,Y+X2_M3_r1,yellow_cane,599,0.233128
FKIT,Y+X2_M3_r1,yellow_cane,600,0.230517
FKIT,Y+X2_M3_r1,yellow_cane,601,0.241763
FKIT,Y+X2_M3_r1,yellow_cane,602,0.243944
FKIT,Y+X2_M3_r1,yellow_cane,603,0.241099
FKIT,Y+X2_M3_r1,yellow_cane,604,0.239558
FKIT,Y+X2_M3_r1,yellow_cane,605,0.241745
FKIT,Y+X2_M3_r1,yellow_cane,606,0.241483
FKIT,Y+X2_M3_r1,yellow_cane,607,0.241927
FKIT,Y+X2_M3_r1,yellow_cane,608,0.249942
FKIT,Y+X2_M3_r1,yellow_cane,609,0.251640
FKIT,Y+X2_M3_r1,yellow_cane,610,0.252620
FKIT,Y+X2_M3_r1,yellow_cane,611,0.250144
FKIT,Y+X2_M3_r1,yellow_cane,612,0.252500
FKIT,Y+X2_M3_r1,yellow_cane,613,0.248444
FKIT,Y+X2_M3_r1,yellow_cane,614,0.242337
FKIT,Y+X2_M3_r1,yellow_cane,615,0.245903
FKIT,Y+X2_M3_r1,yellow_cane,616,0.243094
FKIT,Y+X2_M3_r1,yellow_cane,617,0.234862
FKIT,Y+X2_M3_r1,yellow_cane,618,0.235199
FKIT,Y+X2_M3_r1,yellow_cane,619,0.238598
FKIT,Y+X2_M3_r1,yellow_cane,620,0.238592
FKIT,Y+X2_M3_r1,yellow_cane,621,0.230306
FKIT,Y+X2_M3_r1,yellow_cane,622,0.228973
FKIT,Y+X2_M3_r1,yellow_cane,623,0.235996
FKIT,Y+X2_M3_r1,yellow_cane,624,0.225918
FKIT,Y+X2_M3_r1,yellow_cane,625,0.231027
FKIT,Y+X2_M3_r1,yellow_cane,626,0.243555
FKIT,Y+X2_M3_r1,yellow_cane,627,0.236716
FKIT,Y+X2_M3_r1,yellow_cane,628,0.239464
FKIT,Y+X2_M3_r1,yellow_cane,629,0.232251
FKIT,Y+X2_M3_r1,yellow_cane,630,0.235285
FKIT,Y+X2_M3_r1,yellow_cane,631,0.232966
FKIT,Y+X2_M3_r1,yellow_cane,632,0.226017
FKIT,Y+X2_M3_r1,yellow_cane,633,0.222763
FKIT,Y+X2_M3_r1,yellow_cane,634,0.232428
FKIT,Y+X2_M3_r1,yellow_cane,635,0.229599
FKIT,Y+X2_M3_r1,yellow_cane,636,0.226216
FKIT,Y+X2_M3_r1,yellow_cane,637,0.210495
FKIT,Y+X2_M3_r1,yellow_cane,638,0.180407
FKIT,Y+X2_M3_r1,yellow_cane,639,0.199465
FKIT,Y+X2_M3_r1,yellow_cane,640,0.021299
FKIT,Y+X2_M3_r1,yellow_cane,641,0.051777
FKIT,Y+X2_M3_r1,yellow_cane,642,0.061710
FKIT,Y+X2_M3_r1,yellow_cane,643,0.063754
FKIT,Y+X2_M3_r1,yellow_cane,644,0.081738
FKIT,Y+X2_M3_r1,yellow_cane,645,0.228626
FKIT,Y+X2_M3_r1,yellow_cane,646,0.231038
FKIT,Y+X2_M3_r1,yellow_cane,647,0.228801
FKIT,Y+X2_M3_r1,yellow_cane,648,0.229813
FKIT,Y+X2_M3_r1,yellow_cane,649,0.236495
FKIT,Y+X2_M3_r1,yellow_cane,650,0.234817
FKIT,Y+X2_M3_r1,yellow_cane,651,0.241611
FKIT,Y+X2_M3_r1,yellow_cane,652,0.230946
FKIT,Y+X2_M3_r1,yellow_cane,653,0.241789
FKIT,Y+X2_M3_r1,yellow_cane,654,0.241432
FKIT,Y+X2_M3_r1,yellow_cane,655,0.239018
FKIT,Y+X2_M3_r1,yellow_cane,656,0.245168
FKIT,Y+X2_M3_r1,yellow_cane,657,0.228412
FKIT,Y+X2_M3_r1,yellow_cane,658,0.244532
FKIT,Y+X2_M3_r1,yellow_cane,659,0.240677
FKIT,Y+X2_M3_r1,yellow_cane,660,0.240642
FKIT,Y+X2_M3_r1,yellow_cane,661,0.260470
FKIT,Y+X2_M3_r1,yellow_cane,662,0.254509
FKIT,Y+X2_M3_r1,yellow_cane,663,0.256826
FKIT,Y+X2_M3_r1,yellow_cane,664,0.249103
FKIT,Y+X2_M3_r1,yellow_cane,665,0.245580
FKIT,Y+X2_M3_r1,yellow_cane,666,0.237520
FKIT,Y+X2_M3_r1,yellow_cane,667,0.239872
FKIT,Y+X2_M3_r1,yellow_cane,668,0.239097
FKIT,Y+X2_M3_r1,yellow_cane,669,0.241327
FKIT,Y+X2_M3_r1,yellow_cane,670,0.245719
FKIT,Y+X2_M3_r1,yellow_cane,671,0.243438
FKIT,Y+X2_M3_r1,yellow_cane,672,0.241660
FKIT,Y+X2_M3_r1,yellow_cane,673,0.261395
FKIT,Y+X2_M3_r1,yellow_cane,674,0.236417
FKIT,Y+X2_M3_r1,yellow_cane,675,0.259812
FKIT,Y+X2_M3_r1,yellow_cane,676,0.261248
FKIT,Y+X2_M3_r1,yellow_cane,677,0.257340
FKIT,Y+X2_M3_r1,yellow_cane,678,0.256133
FKIT,Y+X2_M3_r1,yellow_cane,679,0.242976
FKIT,Y+X2_M3_r1,yellow_cane,680,0.241864
FKIT,Y+X2_M3_r1,yellow_cane,681,0.233462
FKIT,Y+X2_M3_r1,yellow_cane,682,0.236448
FKIT,Y+X2_M3_r1,yellow_cane,683,0.242940
FKIT,Y+X2_M3_r1,yellow_cane,684,0.233324
FKIT,Y+X2_M3_r1,yellow_cane,685,0.227579
FKIT,Y+X2_M3_r1,yellow_cane,686,0.233684
FKIT,Y+X2_M3_r1,yellow_cane,687,0.244701
FKIT,Y+X2_M3_r1,yellow_cane,688,0.254721
FKIT,Y+X2_M3_r1,yellow_cane,689,0.241521
FKIT,Y+X2_M3_r1,yellow_cane,690,0.246726
FKIT,Y+X2_M3_r1,yellow_cane,691,0.247908
FKIT,Y+X2_M3_r1,yellow_cane,692,0.251585
FKIT,Y+X2_M3_r1,yellow_cane,693,0.245696
FKIT,Y+X2_M3_r1,yellow_cane,694,0.251118
FKIT,Y+X2_M3_r1,yellow_cane,695,0.244731
FKIT,Y+X2_M3_r1,yellow_cane,696,0.247321
FKIT,Y+X2_M3_r1,yellow_cane,697,0.244662
FKIT,Y+X2_M3_r1,yellow_cane,698,0.262412
FKIT,Y+X2_M3_r1,yellow_cane,699,0.247677
FKIT,Y+X2_M3_r1,yellow_cane,700,0.251718
FKIT,Y+X2_M3_r1,yellow_cane,701,0.245302
FKIT,Y+X2_M3_r1,yellow_cane,702,0.239865
FKIT,Y+X2_M3_r1,yellow_cane,703,0.244019
FKIT,Y+X2_M3_r1,yellow_cane,704,0.251978
FKIT,Y+X2_M3_r1,yellow_cane,705,0.245579
FKIT,Y+X2_M3_r1,yellow_cane,706,0.237390
FKIT,Y+X2_M3_r1,yellow_cane,707,0.250212
FKIT,Y+X2_M3_r1,yellow_cane,708,0.235340
FKIT,Y+X2_M3_r1,yellow_cane,709,0.251682
FKIT,Y+X2_M3_r1,yellow_cane,710,0.247363
FKIT,Y+X2_M3_r1,yellow_cane,711,0.251225
FKIT,Y+X2_M3_r1,yellow_cane,712,0.256324
FKIT,Y+X2_M3_r1,yellow_cane,713,0.246498
FKIT,Y+X2_M3_r1,yellow_cane,714,0.250696
